tree
version=v4
num_class=1
num_tree_per_iteration=1
label_index=0
max_feature_idx=30
objective=binary sigmoid:1
feature_names=returns returns_5 returns_10 returns_20 range_pct body_pct upper_wick lower_wick volume_ratio volume_ratio_20 volatility_5 volatility_20 atr time_since_open time_to_close price_position fvg_up fvg_down fvg_size_pct displacement_up displacement_down order_block_bull order_block_bear liquidity_grab_high liquidity_grab_low bos_up bos_down pressure_ratio distance_from_vwap volume_momentum pv_divergence
feature_infos=[-0.050935039370078705:0.04917557251908411] [-0.29947841350775284:0.26530110106415705] [-0.30685286616214402:0.28744417789260024] [-0.30777903043968435:0.30123161283101219] [0:0.059554140127388459] [0:0.05029815919108109] [0:0.02554298762678563] [0:0.019937459338076349] [0.0075588983727241134:4.8794066387637125] [0.0028596386041599329:17.694178211825271] [3.3306964917958173e-05:0.13595414628540184] [0.00018685291578819874:0.067595329203160387] [0.010357142857142574:16.689607142857149] [241:383] [7:149] [0:0.99999999973304854] [0:1] [0:1] [0:0.032149338864402438] [0:1] [0:1] [0:1] [0:1] [0:1] [0:1] [0:1] [0:1] [0:19119563] [-0.12548011351684391:0.11921113330103437] [-0.99760457345303755:842.98198198198202] [-843.00750772013964:1.0046443481802463]
tree_sizes=3391 3374 3429 3426 3434 3439 3432 3426 3464 3456 3455 3462 3469 3456 3463 3464 3444 3495 3463 3494 3451 3455 3474 3459 3484 3469 3480 3460 3452 3467 3463 3484 3479 3467 3476 3470 3479 3454 3471 3463 3483 3500 3461 3465 3479 3456 3483 3458 3479 3485 3499 3496 3459 3489 3471 3492 3469 3483 3485 3469 3500 3422 3478 3485 3487 3494 3459 3504 3504 3513 3499 3474

Tree=0
num_leaves=31
num_cat=0
split_feature=4 10 4 21 3 2 28 13 14 14 10 15 13 28 28 13 13 14 3 14 7 28 4 11 12 15 10 8 11 7
split_gain=7718.96 1457.43 1078.43 847.153 725.255 562.833 509.199 487.605 1301.06 2790.09 467.404 440.581 415.892 385.713 346.851 438.781 1040.8 1121.85 1451.65 638.109 300.623 274.001 262.077 261.972 284.501 260.97 227.774 225.107 224.969 224.472
threshold=0.0074123034348207934 0.0030439154175726994 0.01230301153599876 1.0000000180025095e-35 -0.048466604221326808 -0.041970021553983765 -0.018289225599716265 248.50000000000003 108.50000000000001 115.50000000000001 0.0043058866577475007 0.96296294513033487 295.50000000000006 -0.018289225599716265 0.010859509619113547 256.50000000000006 281.50000000000006 116.50000000000001 0.023425048049554368 125.50000000000001 0.0059914484938803107 -0.0300255073304087 0.0046057840711509037 0.0060649436080776808 0.44050000000000117 0.90476187962960675 0.016601708397519396 0.80671928058353526 0.0025452148343717298 0.00096186076357198519
decision_type=2 2 2 2 2 2 2 2 2 2 2 2 2 2 2 2 2 2 2 2 2 2 2 2 2 2 2 2 2 2
left_child=1 28 4 7 5 21 -3 -4 12 25 -7 -5 -9 -12 -6 -16 17 18 -17 -19 -14 29 -8 -11 -25 -10 -18 -21 -1 -2
right_child=2 6 3 11 14 10 22 8 9 23 13 -13 20 -15 15 16 26 19 -20 27 -22 -23 -24 24 -26 -27 -28 -29 -30 -31
leaf_value=-4.8363136300745406 -3.137256381625261 -4.3787254115679586 -4.4483296627984981 -3.5663139984073533 -4.6045837563741197 -4.3700835882033031 -4.7634334262200735 -4.7567953186764633 -1.1706885380887022 -4.7386413513292513 -2.8460750764799125 -0.30984912917987906 -4.1374772065029681 -3.8390522460360179 -4.6865150885665425 -4.8405828602789818 -4.5101184426409935 -4.6205652150637366 0.58085193386574918 -1.170688538088712 -3.4032075840877862 -4.5756647988045236 -4.6556613385193417 -1.8809906649642425 -3.7051864132939625 1.2759076767048159 -3.8433289683794465 -3.2138566536343518 -4.7891360469637654 -4.2742411438915919
leaf_weight=1405.4056122731417 0.64579517208039661 12.016694974154232 7.5206526368856492 0.19619093835353751 46.186616737395525 2.3379420153796664 119.89718720130622 2.3869897499680546 0.16349244862794821 0.49047734588384662 1.5041305273771284 0.22071480564773083 9.4580381531268323 2.7957208715379238 6.4906502105295685 0.18801631592214052 8.6242266651242954 1.1362725179642441 0.35968338698148727 0.16349244862794865 1.6349244862794883 6.417078608646988 106.53167952597141 0.25341329537332047 1.3651619460433719 0.32698489725589752 1.5041305273771275 0.76841450855135918 308.08517019450665 1.3242888338863847
leaf_count=171923 79 1470 920 24 5650 286 14667 292 20 60 184 27 1157 342 794 23 1055 139 44 20 200 785 13032 31 167 40 184 94 37688 162
internal_value=-4.7893 -4.81171 -4.37056 -4.07654 -4.45834 -4.14507 -4.6959 -4.11601 -3.96058 -2.93639 -3.80108 -1.8423 -4.15809 -3.4917 -4.53029 -4.35189 -4.18146 -3.29235 -1.28024 -3.8252 -4.02926 -4.41732 -4.71273 -3.72634 -3.41958 0.460376 -4.4111 -2.85541 -4.82783 -3.90154
internal_weight=2056.4 1951.94 104.464 24.017 80.4465 15.025 238.446 23.6001 16.0795 2.59953 6.63779 0.416906 13.48 4.29985 65.4215 19.2349 12.7442 2.61588 0.5477 2.06818 11.093 8.38716 226.429 2.10905 1.61858 0.490477 10.1284 0.931907 1713.49 1.97008
internal_count=251559 238780 12779 2938 9841 1838 29169 2887 1967 318 812 51 1649 526 8003 2353 1559 320 67 253 1357 1026 27699 258 198 60 1239 114 209611 241
is_linear=0
shrinkage=1


Tree=1
num_leaves=31
num_cat=0
split_feature=3 1 3 13 13 28 12 29 3 28 5 13 3 5 13 1 3 6 13 6 13 28 1 2 29 2 13 1 5 13
split_gain=2013.17 1619.68 663.875 374.515 972.608 1748.25 853.34 499.97 440.826 367.185 315.363 385.485 1009.73 249.034 237.878 440.286 179.957 166.592 162.95 162.826 158.119 332.719 359.571 262.335 242.701 235.252 185.68 169.015 168.973 154.565
threshold=-0.032451635197319521 0.0108754593193533 0.01862963049542599 273.50000000000006 279.50000000000006 0.0083630703407695569 1.6083821428571408 -0.61752431884154724 0.024931815366517677 -0.018289225599716265 0.0027288422893354323 274.50000000000006 0.032854989186147605 0.0041042230900832756 307.50000000000006 -0.020853545446636198 -0.074114982840000107 0.0014720640399218383 309.50000000000006 0.00055495295547761288 329.50000000000006 0.01491908366916036 0.017462742383245747 0.051621253727753065 0.12412840105352653 0.021170151059889623 324.50000000000006 0.01177364517660129 0.0020758510877266806 327.50000000000006
decision_type=2 2 2 2 2 2 2 2 2 2 2 2 2 2 2 2 2 2 2 2 2 2 2 2 2 2 2 2 2 2
left_child=9 2 13 -4 5 6 8 -7 19 14 11 -9 -13 -2 16 -16 -1 -6 -3 -5 21 22 25 -22 -24 26 -20 -28 -29 -23
right_child=1 18 3 4 17 7 -8 10 -10 -11 -12 12 -14 -15 15 -17 -18 -19 20 -21 23 29 24 -25 -26 -27 27 28 -30 -31
leaf_value=0.35576028935388204 -0.037590872513435847 0.14762342005982412 -0.0020797185103012712 0.10719304464413935 0.02836076907713447 3.14926747456275 4.9162806602639009 0.20164765110090835 3.0036250638558641 0.12323493831826898 0.15478741904885676 0.60528850206222451 4.4830526731133817 0.054756562340509851 1.0276661473522981 0.30490763446241842 0.13811844330307643 0.21092428339680946 0.22040525604017713 1.556626021737042 0.1233703458897084 0.1026565565274945 2.0433282781111033 1.5112792726515643 0.30969984184211996 1.7340144815233842 0.12139436045187919 2.931539953166733 0.98890495074701446 1.3971265741547643
leaf_weight=17.436472495086488 1650.2423392878845 80.638233177363873 72.126651193015277 0.3172425590455521 43.11007281113416 0.15626528859138389 0.2416080106049775 0.94659678544848957 0.40928848274052143 85.855991461314261 7.4837305722758174 0.61003202106803656 0.2316095931455493 76.383421216160059 2.9186987793073058 7.5778035651892406 20.861083540134135 17.596297142095864 2.9534397376701258 0.49780654534697533 10.352807110175487 4.9908952992409468 0.74023901671171166 0.35204328037798482 0.27758860867470503 0.36424027197062958 0.29094259068369854 0.16767455544322729 0.33674168959259987 0.24177521374076594
leaf_count=1033 208121 5998 8190 39 4904 19 28 34 46 8686 81 75 27 8024 149 491 1539 1907 329 60 1118 392 70 20 27 37 33 20 37 25
internal_value=-0.00157261 -0.0143444 -0.024911 0.0783368 0.159344 0.594356 2.20067 0.344598 1.66478 0.18548 0.297329 0.893864 1.6724 -0.0335056 0.295005 0.505881 0.237208 0.0812785 0.179973 0.992461 0.303789 0.443003 0.729105 0.169014 1.57052 0.520885 0.403015 1.08111 1.63466 0.162467
internal_weight=2106.71 1972.06 1870.35 143.727 71.6005 10.8942 1.46595 9.42823 1.22434 134.65 9.27197 1.78824 0.841642 1726.63 48.7941 10.4965 38.2976 60.7064 101.707 0.815049 21.0684 10.3635 5.13087 10.7049 1.01783 4.11304 3.7488 0.795359 0.504416 5.23267
internal_count=251559 239661 231555 15410 7220 409 173 236 145 11898 217 136 102 216145 3212 640 2572 6811 8106 99 2108 970 553 1138 97 456 419 90 57 417
is_linear=0
shrinkage=0.05


Tree=2
num_leaves=31
num_cat=0
split_feature=10 28 1 7 6 10 28 5 12 0 10 14 27 1 13 28 12 1 5 13 13 1 10 29 9 28 6 27 12 28
split_gain=3186.4 282.369 258.656 240.475 174.153 156.158 97.1741 82.2975 70.9048 108.036 131.88 108.827 69.3604 63.5905 74.0394 77.7196 63.7613 79.9656 85.4532 62.7076 77.722 78.3171 64.5659 75.0622 73.9031 60.3039 57.9165 57.3004 160.387 56.4714
threshold=0.0032670529894985741 -0.018289225599716265 0.01177364517660129 0.0028397096828956122 0.0016704588015353627 0.0021250819773558556 -0.016542270741296976 0.0055926268824991613 2.009289285714285 0.0030510141860590205 0.0028576974285184661 125.50000000000001 204203.50000000003 0.00078045168875984239 313.50000000000006 0.012887523581337297 1.5096642857143163 0.017462742383245747 0.0028619727370135361 250.50000000000003 255.50000000000003 -0.0070717389930473598 0.0054328218496377083 -0.21551720652812797 0.81052776019444739 0.0086971101636879253 0.0032982808679426841 1.0000000180025095e-35 1.5567035714285751 0.0080688671771537244
decision_type=2 2 2 2 2 2 2 2 2 2 2 2 2 2 2 2 2 2 2 2 2 2 2 2 2 2 2 2 2 2
left_child=2 19 5 4 7 -1 27 29 -4 10 11 -10 -9 -5 26 16 -16 18 -18 -2 22 -22 24 -24 -21 -8 -15 28 -7 -3
right_child=1 3 8 13 -6 6 25 12 9 -11 -12 -13 -14 14 15 -17 17 -19 -20 20 21 -23 23 -25 -26 -27 -28 -29 -30 -31
leaf_value=-0.043791664248773135 0.14376741619876138 0.017971759780089164 0.11523964845487603 0.12935402638589452 0.13350914366500749 0.18715138526279906 -0.016223685960951566 0.095563364236748521 0.79076533452082953 0.12911681871185907 -0.050507702487338962 2.3241453812413169 0.52481875679050016 0.15447781934197988 0.40357611479194005 0.20328142687537909 0.69949834501797781 0.31443824461691888 1.9167527452263819 0.64043433491903423 0.25337954903268656 0.068511031863643004 0.1715001679973093 0.71152118107847862 0.098922922560756008 0.059768370811125598 0.34229570909419893 0.094699365657963663 1.3784362253877294 0.092373665789112921
leaf_weight=1341.706300873775 22.821203730069101 112.12892132811248 18.043888123705987 23.203591706231236 110.47069577220827 1.4701613076031197 283.24995169322938 66.894497679546475 0.29716044571250577 1.0922802183777092 0.23695430438965559 0.1895032562315464 0.9544941857457151 20.253843164071444 3.8422168763354403 4.2717404216527939 0.33331159036606539 0.40741255227476358 0.25409295316785574 0.86633604671806042 30.257934806868434 7.0669037811458102 0.88566591870039735 2.3532803431153297 2.3102985313162208 28.756971020251513 5.1478125136345616 5.8274937248788774 0.34975475911051024 33.012111883610487
leaf_count=175728 1388 12267 1337 1957 8416 115 34878 4296 30 76 24 20 56 1453 274 238 33 10 17 37 1373 359 21 59 81 3009 298 525 23 3161
internal_value=-0.00259799 0.115935 -0.0341652 0.099342 0.0825666 -0.0363094 -0.00490368 0.0561444 0.145211 0.443021 0.91685 1.38785 0.101602 0.19336 0.236396 0.358696 0.495948 0.85271 1.22604 0.210955 0.24601 0.218377 0.406771 0.563856 0.246605 -0.00921967 0.19254 0.171184 0.416095 0.0348944
internal_weight=2128.96 447.736 1681.22 381.175 323.461 1661.36 319.654 212.99 19.8598 1.8159 0.723618 0.486664 67.849 57.714 34.5104 9.10877 4.83703 0.994817 0.587405 66.5616 43.7404 37.3248 6.41558 3.23895 3.17663 312.007 25.4017 7.64741 1.81992 145.141
internal_count=251559 35794 215765 32476 28196 214278 38550 19780 1487 150 74 50 4352 4280 2323 572 334 60 50 3318 1930 1732 198 80 118 37887 1751 663 138 15428
is_linear=0
shrinkage=0.05


Tree=3
num_leaves=31
num_cat=0
split_feature=4 11 11 13 18 2 4 4 12 11 8 11 27 30 8 7 5 6 15 13 11 27 13 11 11 15 12 2 13 2
split_gain=2847.51 508.749 235.97 129.912 100.683 89.0393 72.6996 70.4246 59.098 54.033 53.4954 51.2061 50.8317 55.9892 58.0381 49.0211 47.942 45.1512 58.5264 44.5389 78.8938 72.424 68.8124 77.4978 82.3799 58.4164 73.1804 79.5344 50.9657 104.756
threshold=0.0046057840711509037 0.0046720224217947299 0.0025452148343717298 250.50000000000003 0.00048087706736443992 0.019028286714567137 0.0031774695698855585 0.0056515206823970808 0.84002142857143181 0.024560403910552812 1.8872283857526662 0.0028419130814604492 1.2137152294502496 -4.4100157566835536 1.0072582622161466 0.0012450314025646777 0.0030590215536717489 0.0027472325534873333 0.73267326007253519 306.50000000000006 0.007818794376722683 133545.00000000003 343.50000000000006 0.012335199011751001 0.029276211824443857 0.53900353233753873 3.7066571428571478 -0.0045452521564072748 318.50000000000006 -0.017098613616747967
decision_type=2 2 2 2 2 2 2 2 2 2 2 2 2 2 2 2 2 2 2 2 2 2 2 2 2 2 2 2 2 2
left_child=2 5 -1 9 7 11 -4 -5 -8 -3 19 -2 13 14 -11 16 17 -7 -19 20 21 -9 23 28 -25 26 27 -26 29 -21
right_child=1 3 6 4 -6 15 8 10 -10 12 -12 -13 -14 -15 -16 -17 -18 18 -20 22 -22 -23 -24 24 25 -27 -28 -29 -30 -31
leaf_value=-0.045968971798704593 -0.015027571978531716 0.070885736244644323 -0.02146066015323574 0.10978976752172104 0.10881701307977708 -0.050595479434946106 0.00091403490356824517 0.089267806152561482 0.061177769183077317 0.81326172647059602 0.0062975823363838994 0.042710997714825387 0.047978754365278993 0.18283614736056519 0.25277394259584363 0.28856438031114029 0.026792792156529188 0.2614144059005401 1.1651374121088178 0.1215803070656182 0.21010936667626701 0.61340151493457029 0.1037322980673596 0.094191998477572092 0.10290201077461324 0.12792394792114098 1.0412278496941294 0.89131283396185723 0.23741417768348563 0.43350133645586264
leaf_weight=1235.8527007522061 59.715403036214411 80.031147446017712 197.14621665375307 31.679240236058831 80.906595191452652 0.40488629695027867 112.30959079228342 25.426440263167027 63.787633858155459 0.86778879910707452 3.7429610728286198 107.5769695895724 3.5441018138080835 4.0165226198732835 0.98740872740745544 4.7138212346471846 6.2034624591469765 0.47429611068218946 0.28789623873308301 3.4513865262269965 49.961295051965863 0.67661939654499192 8.710080112796275 10.960482114460318 0.96890516020357598 1.3943207282572982 0.5489959344267844 0.47754103876650278 15.705209735780953 12.229002001695337
leaf_count=170029 6952 6124 23795 2872 4170 36 12838 1271 6510 55 204 9522 262 270 59 363 342 26 26 177 2659 38 628 612 45 73 23 28 918 632
internal_value=-0.00267918 0.0995692 -0.0354464 0.135841 0.154548 0.0315689 -0.000605096 0.176846 0.0227433 0.0842153 0.192669 0.0221011 0.197512 0.287769 0.514948 0.162639 0.0821038 0.376102 0.60277 0.198015 0.173302 0.102854 0.232539 0.257069 0.160814 0.376232 0.549738 0.363194 0.301079 0.364845
internal_weight=2124.76 515.663 1609.1 336.286 246.839 179.377 373.243 165.932 176.097 89.447 134.253 167.292 9.41582 5.87172 1.8552 12.0844 7.37054 1.16708 0.762192 130.51 76.0644 26.1031 54.4459 45.7358 14.3502 3.38976 1.99544 1.44645 31.3856 15.6804
internal_count=251559 38387 213172 21120 14350 17267 43143 10180 19348 6770 7308 16474 646 384 114 793 430 88 52 7104 3968 1309 3136 2508 781 169 96 73 1727 809
is_linear=0
shrinkage=0.05


Tree=4
num_leaves=31
num_cat=0
split_feature=4 11 10 13 10 11 13 10 4 1 29 18 11 12 13 13 4 11 14 14 2 2 9 5 9 11 4 2 27 12
split_gain=2415.72 355.156 245.223 84.2967 70.2689 69.3151 64.9406 92.9956 82.0524 117.805 98.9565 66.6185 60.303 50.581 43.7847 56.2426 56.6491 57.3583 71.7525 130.944 211.746 54.1311 49.8403 43.6781 69.2414 43.0975 43.9263 42.8915 39.7388 37.3964
threshold=0.0046057840711509037 0.0046720224217947299 0.0026959911779841539 250.50000000000003 0.0030439154175726994 0.0031954094595646109 258.50000000000006 0.0063174934937262695 0.0070046347417956597 -0.0032000104901523936 0.056137012527285098 0.0009607091873224178 0.0021254688368268723 1.3422321428571344 306.50000000000006 343.50000000000006 0.011272778607920133 0.0094388146500721994 71.500000000000014 72.500000000000014 0.0077126647782141964 -0.013845339869724858 0.57623820879057164 0.00078789081608166803 0.93158207304655172 0.011814976198742807 0.0084895029939800973 0.017357920866933666 61354.500000000007 0.31928571428571378
decision_type=2 2 2 2 2 2 2 2 2 2 2 2 2 2 2 2 2 2 2 2 2 2 2 2 2 2 2 2 2 2
left_child=2 5 12 25 -5 -2 7 -6 9 10 -9 14 -1 -4 -8 16 17 18 -16 20 -20 -21 -18 24 -23 26 -3 -7 -13 -27
right_child=1 3 13 4 6 27 11 8 -10 -11 -12 28 -14 -15 15 -17 22 -19 19 21 -22 23 -24 -25 -26 29 -28 -29 -30 -31
leaf_value=-0.048343811188377168 -0.0042204796107273975 -1.9288294915578045e-05 0.0051697492900824142 0.060865285398733295 0.14729834602087319 0.04349469171852377 0.11438844233310558 0.61703526582455126 0.25619608241832831 0.19018270965733886 1.6785102930708768 0.07047495139154876 -0.023430013459058718 0.070926871514376724 0.12912978597847755 0.065155364532827109 0.60688180827432481 0.099368399017964987 0.068612811218808301 0.088767157665259486 1.6449464700026188 1.0274008381742588 0.24940484545534236 0.27469622683878436 0.17235925789745293 0.2514389551004737 0.10390348712451261 0.1355896834729978 0.28798167667830715 0.091763815846508473
leaf_weight=1038.354941223748 85.099980298895389 28.611995742656291 163.04877981357276 35.000196932815015 31.764152102172375 84.946480926126242 71.594371081329882 0.59846202749758959 10.094425439834593 0.83016061224043258 0.34680162649601698 54.799677540548146 317.04453231580555 35.636011632625014 14.942592485807838 11.155686800368128 1.0564370788633812 21.124708336777985 0.41121784504502912 3.8986964114010325 0.44205237738788128 0.5095262061804523 12.655678452923892 9.4378134487196785 0.4423108184710145 3.9640617053955784 15.773965998552738 14.853328411467372 2.1836277004331341 48.910034272819757
leaf_count=150227 9488 2346 18499 2818 1805 6964 3283 30 238 62 15 2328 41112 3334 876 724 23 1113 18 189 23 23 322 375 18 265 1019 815 67 3140
internal_value=-0.00271353 0.0857806 -0.0349118 0.113402 0.127191 0.028932 0.13654 0.19192 0.311328 0.624788 1.00647 0.124733 -0.0425162 0.0169639 0.142454 0.168866 0.186687 0.162518 0.20686 0.283569 0.885262 0.247638 0.276946 0.307253 0.63007 0.0732398 0.036913 0.0572013 0.0788099 0.103735
internal_weight=2119.53 565.448 1554.08 380.549 283.289 184.9 248.288 43.634 11.8698 1.77542 0.945264 204.654 1355.4 198.685 147.671 76.0767 64.921 51.2089 30.0842 15.1416 0.85327 14.2883 13.7121 10.3897 0.951837 97.2601 44.386 99.7998 56.9833 52.8741
internal_count=251559 38387 213172 21120 14350 17267 11532 2150 345 107 45 9382 191339 21833 6987 3704 2980 2635 1522 646 41 605 345 416 41 6770 3365 7779 2395 3405
is_linear=0
shrinkage=0.05


Tree=5
num_leaves=31
num_cat=0
split_feature=4 11 10 1 11 10 13 11 4 29 6 27 4 13 2 8 7 0 27 4 1 29 2 27 13 13 12 29 29 11
split_gain=1973.53 350.594 171.256 64.4258 57.813 53.6519 55.7508 46.75 44.6633 43.9843 45.4693 39.6421 37.2622 34.538 34.3096 34.1168 33.426 33.2752 32.3828 32.2374 35.5717 30.5146 49.3089 30.3112 30.162 57.8605 32.6792 29.8469 29.4865 29.7561
threshold=0.0042922720728196797 0.0046720224217947299 0.0026668096728139517 0.017462742383245747 0.0030206755719339785 0.0034269450678693519 250.50000000000003 0.0021254688368268723 0.011272778607920133 1.0123993069152049 0.00054391110958963587 0.051947637381950552 0.0030752606850692646 273.50000000000006 0.062974735908217574 1.3351515118941029 0.003258383239667454 -0.0053787456385508406 11.474839459532038 0.0063641119957463322 -0.013233011222097244 0.10079951069379868 0.042972326664060707 40789.500000000007 309.50000000000006 305.50000000000006 1.4205642857142873 -0.4659629050540629 4.4402602886977895 0.018800727217832363
decision_type=2 2 2 2 2 2 2 2 2 2 2 2 2 2 2 2 2 2 2 2 2 2 2 2 2 2 2 2 2 2
left_child=2 4 3 7 -2 19 8 -1 -7 10 16 15 17 23 -11 -10 -8 -4 -12 20 24 -20 -23 -6 25 26 -3 -13 29 -16
right_child=1 5 12 -5 13 6 9 -9 11 14 18 27 -14 -15 28 -17 -18 -19 21 -21 -22 22 -24 -25 -26 -27 -28 -29 -30 -31
leaf_value=-0.048298678282242727 -0.012761806611920263 0.0063331017137662274 0.84864614434013319 0.61005116318306885 -0.017230006535585009 0.049735783249276487 0.062373490400221922 -0.02539824357531207 0.47677395334376371 0.066159520712968142 0.13579372987207994 0.2854671236130813 0.029756908876390167 0.054007121594218388 0.21973951213017592 0.12847587098407715 0.16185514105228638 -0.016809709551585426 0.16018049008068583 0.096413240521977459 0.016209787752347837 0.23468219149931757 0.77165572793639881 0.19087163718936331 -0.050826549219900624 0.96426641691232173 0.49947498144756547 0.086162175015512044 0.123043239228419 0.6547595966926878
leaf_weight=981.18616531044245 93.292743074707687 0.87720414064824515 0.11121163330972095 0.37766348663717408 30.89174968469888 71.493459042161703 38.238769013434649 288.35702273761854 1.4205591538921027 58.875655381940305 144.13095290469937 2.0746397757902804 98.64139733556658 96.208098334260285 1.2871953928843129 1.3920575557276604 10.836761265061794 83.224384515080601 2.5033329706639043 28.089543661102653 40.374606185592711 1.1894756183028219 0.66740243509411801 1.8548833900131274 0.76006007893010963 0.29537147935479868 0.54445606283843517 19.865771955810484 5.7090657912194729 0.5659217471256851
leaf_count=148953 11050 76 11 24 2835 4870 1940 38570 69 2328 5997 104 10253 7249 58 70 379 9730 63 1596 3754 34 23 112 59 18 30 989 184 18
internal_value=-0.00392624 0.0682337 -0.0364025 -0.042903 0.0172201 0.0945275 0.102354 -0.0430972 0.0697774 0.11423 0.126065 0.127663 0.00896083 0.0389106 0.0790369 0.30439 0.0843408 -0.0156548 0.139855 0.0547827 0.0274936 0.274101 0.427682 -0.0054424 0.21141 0.327492 0.195193 0.105008 0.179294 0.35259
internal_weight=2105.34 653.44 1451.9 1269.92 222.247 431.192 360.251 1269.54 96.2465 264.005 197.567 24.753 181.977 128.955 66.4378 2.81262 49.0755 83.3356 148.491 70.9412 42.8517 4.36021 1.85688 32.7466 2.47709 1.71703 1.42166 21.9404 7.56218 1.85312
internal_count=251446 43905 207541 187547 21246 22659 17126 187523 6102 11024 8436 1232 19994 10196 2588 139 2319 9741 6117 5533 3937 120 57 2947 183 124 106 1093 260 76
is_linear=0
shrinkage=0.05


Tree=6
num_leaves=31
num_cat=0
split_feature=4 10 4 3 2 3 2 15 6 2 18 14 27 10 7 4 13 14 15 2 4 12 9 6 10 27 27 14 7 2
split_gain=1736.55 165.811 165.177 68.3097 79.6874 45.1426 72.5532 85.489 80.7013 52.0296 71.2735 42.885 37.3942 37.0721 39.8461 36.8977 33.0159 53.5037 50.6814 49.1934 32.9402 32.1999 31.9696 31.9129 31.1956 30.6308 44.684 30.4791 46.1539 55.4495
threshold=0.0042922720728196797 0.0026668096728139517 0.0063641119957463322 -0.074114982840000107 0.011225079356639746 -0.034902769817273242 -0.050530085875185142 0.14589846644886803 0.0025663745757258708 -0.012464230046799306 0.006675935423756549 22.500000000000004 0.11413559811585754 0.016601708397519396 0.0059914484938803107 0.0025298321118421957 309.50000000000006 41.500000000000007 0.24999998863637227 0.031133380311990314 0.0030752606850692646 1.0532928571428541 0.56885108102008586 0.0062927485597336656 0.0052083179810644724 4.6356140475290077 4.8760081684939225 142.50000000000003 0.0016198611055798352 -0.026631453790636191
decision_type=2 2 2 2 2 2 2 2 2 2 2 2 2 2 2 2 2 2 2 2 2 2 2 2 2 2 2 2 2 2
left_child=1 15 3 24 22 9 7 -7 -9 11 12 -4 -11 25 21 -1 -6 -18 -19 -20 -3 -15 -5 -13 -2 -8 -27 28 -26 -30
right_child=2 20 5 4 16 6 13 8 -10 10 -12 23 -14 14 -16 -17 17 18 19 -21 -22 -23 -24 -25 27 26 -28 -29 29 -31
leaf_value=-0.047617904921394581 0.079201827186767826 -0.015128521385220643 0.55188276245027601 0.056221656312107342 0.049614101915940817 -0.051154710243728231 0.05171171299685598 1.0944210126779297 0.28412390127324366 0.37704483255759058 0.48544334255184468 0.076149313678008257 0.12977211792854632 0.1412809190134906 0.25822037552132238 -0.02756867136446289 -0.019606131052702095 0.67445441733402978 0.1328777849754256 0.5181736882755732 0.027467691659830564 0.035397090346314941 0.0025527631391185847 0.18458606223646745 0.1840659182254 0.3584164228350617 0.088096724921545522 0.025006853506574157 0.32506140408086409 1.0172707853438048
leaf_weight=910.69857169454917 8.0536794615909439 82.132487122435123 0.49229996651410957 32.997353772632778 41.933725941926241 0.76219273079186622 193.89645744371228 0.52367190457880475 0.74361312948167324 1.6052202926948655 1.5767453145235766 92.887761332094669 32.176129104569554 16.602114222943786 4.3166959332302204 306.78332910174504 4.8420099862851229 0.4826202560216214 14.901397915091362 0.87720184400677759 101.44371977169067 12.651957733556626 174.42254191730171 7.3197353156283489 2.7344854911789289 1.5853415625169862 42.82720601465553 1.312421611510217 0.92398918699473143 0.42118754331022479
leaf_count=142772 479 9741 8 2853 3110 37 10588 22 26 36 39 3189 1033 753 106 44775 462 35 993 39 10253 585 17285 191 98 90 1729 63 34 22
internal_value=-0.00385056 -0.0358867 0.0608366 0.0315211 0.0260526 0.0811375 0.0694439 0.36729 0.618958 0.104679 0.156859 0.0863572 0.141522 0.0672206 0.116413 -0.0425659 0.0752842 0.126293 0.169736 0.154298 0.00841003 0.0954877 0.0110907 0.0840702 0.141519 0.0602909 0.097746 0.234596 0.30202 0.541799
internal_weight=2094.93 1401.06 693.87 283.903 270.457 409.967 273.909 2.02948 1.26729 136.058 35.3581 100.7 33.7813 271.88 33.5708 1217.48 63.037 21.1032 16.2612 15.7786 183.576 29.2541 207.42 100.207 13.4458 238.309 44.4125 5.39208 4.07966 1.34518
internal_count=251446 207541 43905 25473 24777 18432 13936 85 48 4496 1108 3388 1069 13851 1444 187547 4639 1529 1067 1032 19994 1338 20138 3380 696 12407 1819 217 154 56
is_linear=0
shrinkage=0.05


Tree=7
num_leaves=31
num_cat=0
split_feature=11 10 11 28 13 15 11 3 13 13 15 2 13 12 28 14 2 28 7 12 13 3 2 11 13 3 8 3 9 13
split_gain=1528.85 218.937 84.7156 84.1918 81.1427 290.289 267.173 79.0635 77.3422 105.979 210.162 266.753 69.9595 68.6306 52.558 69.8479 48.4868 67.2949 111.778 46.2903 43.6533 107.507 41.3352 58.2061 39.4708 74.4927 42.0853 41.2842 74.6727 51.6711
threshold=0.0029815203480341589 0.0034269450678693519 0.0047891430324919172 0.0094368936446294176 326.50000000000006 0.42622950120936792 0.0037417797892069474 0.013747883279457753 279.50000000000006 274.50000000000006 0.34831459891428385 0.0047177204579260676 250.50000000000003 0.26749999999999957 -0.018289225599716265 38.500000000000007 0.013097758989297549 0.0080688671771537244 0.0004727837239721832 0.70966428571428164 329.50000000000006 0.011912329027496173 -0.012464230046799306 0.0098593937995563492 367.50000000000006 -0.0082999316199470746 0.64164803995067998 -0.037705787557116503 0.89743885508899568 258.50000000000006
decision_type=2 2 2 2 2 2 2 2 2 2 2 2 2 2 2 2 2 2 2 2 2 2 2 2 2 2 2 2 2 2
left_child=7 3 -3 14 -5 6 -6 -1 9 -9 11 -11 -4 -12 15 -2 17 -15 -19 -8 21 -7 -17 -24 26 -26 -14 28 29 -28
right_child=1 2 12 4 5 20 19 8 -10 10 13 -13 24 16 -16 22 -18 18 -20 -21 -22 -23 23 -25 25 -27 27 -29 -30 -31
leaf_value=-0.043498866725256019 0.78199690551102718 0.026659250004576932 0.042342092581638964 0.038276878043670692 -0.050515199500350619 0.97783389050369773 1.3622666404549177 -0.019454754017786069 -0.024249368532202067 2.1070321369006964 -0.064241037240368323 0.19000698269581498 0.04657824404871802 0.20220111999358911 -0.00516004701787164 0.041510224570946254 0.050152988716060144 0.26697649274921337 1.2246577601898854 2.3143164026958813 0.073884945492810092 0.056718801803370571 0.60521925637814888 0.044749444012938046 0.56159109805361174 -0.0060641870577004767 0.24363743467302501 0.078206985761106074 0.083876576060387842 0.12472549181331019
leaf_weight=1142.2814662232995 0.36007475759833951 120.72969227842987 128.08002718072385 41.638878890313208 0.31833619857206841 0.4843460926786054 0.28310417151078582 8.7347404761239904 34.299224063754082 0.32438160851597686 2.523375616874544 0.41187777882441878 60.097933978773654 2.4350541825406258 244.56360832974315 11.701441957149653 1.9931249562650917 0.7590814074501393 0.50899062864482403 0.2325563533231616 8.4227854595519585 0.91560002276673913 0.83521327096968789 1.0401306152343748 1.2146379658952358 1.1025529876351345 15.612218564376233 172.48062708391808 58.857684986665845 22.021792166866362
leaf_count=182937 22 8557 7790 3278 33 18 25 1082 4602 32 130 25 2993 78 28118 624 32 30 34 19 671 42 34 60 54 64 492 7310 1642 618
internal_value=-0.00377506 0.0457912 0.0639314 0.0119269 0.0697851 0.192897 1.08848 -0.0407543 0.019548 0.104464 0.225323 1.03461 0.073725 0.152832 0.000221971 0.0946655 0.248993 0.356015 0.65138 1.79163 0.116857 0.375401 0.0764365 0.294363 0.0858544 0.291492 0.0844064 0.0928585 0.119048 0.174055
internal_weight=2085.26 890.993 580.197 310.796 52.2956 10.6567 0.833997 1194.27 51.9899 17.6906 8.95589 0.736259 459.467 8.21963 258.5 13.9369 5.69625 3.70313 1.26807 0.515661 9.82273 1.39995 13.5768 1.87534 331.387 2.31719 329.07 268.972 96.4917 37.634
internal_count=251446 62464 29520 32944 4086 808 77 188982 6045 1443 361 57 20963 304 28858 740 174 142 64 44 731 60 718 94 13173 118 13055 10062 2752 1110
is_linear=0
shrinkage=0.05


Tree=8
num_leaves=31
num_cat=0
split_feature=4 11 11 4 28 6 13 13 9 10 30 28 12 2 13 13 12 13 28 2 29 14 13 12 25 5 28 14 30 10
split_gain=1399.29 196.885 144.327 46.3717 38.7066 34.5222 47.3359 56.2904 46.1423 44.2193 58.4286 46.7959 35.452 41.0187 34.4136 58.6496 59.1636 33.144 31.7241 42.3679 31.1667 34.0976 45.5985 28.7783 27.6782 28.5936 26.43 40.5381 27.5121 26.0944
threshold=0.0041029164178574317 0.0042400164342706352 0.0021923006309876808 0.0024014342890877351 0.0013961505875144198 0.0011074574759073962 307.50000000000006 311.50000000000006 0.92143750533895841 0.002501189114152032 0.42374093939331298 -0.0063481508527080798 1.2374107142857158 -0.041970021553983765 274.50000000000006 279.50000000000006 0.56277857142857368 242.50000000000003 -0.0012004058535722987 -0.0017147891564279203 -0.29277072705297064 50.500000000000007 337.50000000000006 0.66596785714286255 1.0000000180025095e-35 0.00059295512847410325 -0.016542270741296976 20.500000000000004 -1.6975754277040604 0.0041935615269850053
decision_type=2 2 2 2 2 2 2 2 2 2 2 2 2 2 2 2 2 2 2 2 2 2 2 2 2 2 2 2 2 2
left_child=2 4 17 -4 26 29 24 8 9 10 -8 -11 13 -9 -5 16 -16 -1 -18 -20 21 -6 23 -23 -7 -26 27 -2 -29 -3
right_child=1 5 3 14 20 6 7 12 -10 11 -12 -13 -14 -15 15 -17 18 -19 19 -21 -22 22 -24 -25 25 -27 -28 28 -30 -31
leaf_value=0.50795121914999519 0.6908424514446958 0.024054756607249109 -0.035213578151801386 -0.022309451384291155 -0.024971941758218947 0.054894144863171283 1.0135715858924152 0.37228823752580431 0.10885270252392386 0.28686925710482941 0.18354247041418714 0.030734544799898414 0.034070131634133194 0.098467362576458717 -0.0065153395335613351 0.0047935988576875916 -0.020421291220313866 -0.047479338996396211 0.54996346583699685 0.18068577092908461 0.015472558267269988 0.034945995983304848 0.68951404321748244 0.1626264468035864 0.43394731977159612 0.097422004765334858 -0.01768675897101471 0.39458484473568789 0.025708605789386413 0.060180488434520854
leaf_weight=0.26866884110495348 0.2686484600417306 72.554850110318512 131.30743508134037 97.917226857040077 5.8353438582271364 205.53734340262599 0.42249813396483915 1.4050452262163151 12.954128986690192 6.8068232135847202 0.42559714149683714 2.4162518419325343 25.611372585874051 51.445740777999163 7.3941576876677599 147.32160947239026 1.6683518793433911 886.54548492841423 0.86371855437755485 7.7123638754710528 84.791096887085587 8.2699801437556797 0.33779248967766662 9.463252811226992 0.64355526957660814 32.901085020974278 107.83510213484988 0.5610512951388954 5.1032323059625924 160.70193784497678
leaf_count=39 7 4933 18524 11751 569 9168 22 23 487 143 24 112 941 2257 666 18942 224 153120 38 257 7481 749 32 515 24 1054 12378 37 297 6632
internal_value=-0.0037671 0.048282 -0.0361217 -0.0109487 0.00835197 0.0637624 0.0739118 0.102523 0.171262 0.251538 0.597041 0.219767 0.0823504 0.105747 0.00117166 0.0151096 0.101271 -0.0473111 0.179069 0.217877 0.0296889 0.0801113 0.114044 0.103082 0.0617669 0.103878 -0.012034 0.0907095 0.0622461 0.0489435
internal_weight=2077.29 796.292 1281 394.185 222.466 573.826 340.569 101.487 23.0253 10.0712 0.848095 9.22308 78.4622 52.8508 262.877 164.96 17.6386 886.814 10.2444 8.57608 108.697 23.9064 18.071 17.7332 239.082 33.5446 113.768 5.93293 5.66428 233.257
internal_count=251446 47885 203561 50402 22065 25820 14255 4009 788 301 46 255 3221 2280 31878 20127 1185 153159 519 295 9346 1865 1296 1264 10246 1078 12719 341 334 11565
is_linear=0
shrinkage=0.05


Tree=9
num_leaves=31
num_cat=0
split_feature=11 4 11 11 3 3 13 2 13 11 13 12 13 4 10 27 8 29 2 13 1 17 13 29 4 14 12 3 13 7
split_gain=1260.03 224.976 73.6328 58.964 61.3881 43.891 57.4835 112.683 240.267 83.0337 54.2723 64.3902 38.1046 62.1043 40.7829 37.5465 69.8661 81.0657 36.5589 36.4927 35.7091 34.278 31.1436 27.5178 38.34 66.2849 67.8286 39.6787 55.3567 49.6242
threshold=0.0029815203480341589 0.0034721669197307673 0.0020638433259439074 0.0047891430324919172 0.01862963049542599 0.010020966223375451 279.50000000000006 -0.00073692587417439881 277.50000000000006 0.0022478860446660393 274.50000000000006 0.56277857142857368 251.50000000000003 0.0049212234761610912 0.0027596926162748335 1.0391068871681914 0.77094077661401006 -0.0069264143154808546 0.021170151059889623 241.50000000000003 0.0019198311204130516 1.0000000180025095e-35 323.50000000000006 1.0123993069152049 0.0036703115965187076 70.500000000000014 2.3955892857142929 -0.032451635197319521 258.50000000000006 0.00078724660499892934
decision_type=2 2 2 2 2 2 2 2 2 2 2 2 2 2 2 2 2 2 2 2 2 2 2 2 2 2 2 2 2 2
left_child=2 22 19 4 -3 -4 7 8 9 -7 -9 -12 13 -5 18 -13 -17 -18 -14 -1 -6 23 -2 24 25 -16 -27 28 29 -26
right_child=1 3 5 12 20 6 -8 10 -10 -11 11 15 14 -15 21 16 17 -19 -20 -21 -22 -23 -24 -25 27 26 -28 -29 -30 -31
leaf_value=0.41160097698602177 -0.023337497566060798 0.0090254547831049737 -0.027724922848952283 -0.032311686629223846 0.12865327608051208 1.179090249068415 -0.016795067038581159 -0.032012141291511975 1.6508576515098257 -0.05089903726366346 -0.0099038832839080729 0.13740537228530944 0.0054988139607259658 0.050407368866236535 0.74842511292924307 0.11193955182960443 1.0942702614402287 0.29341832434930643 0.14114443487314129 -0.047646563866174635 0.042379233126137519 0.033379622412273581 0.041709848746444983 0.049794160292399497 0.07812797332756273 0.071218818741910758 0.92673323941902641 0.067008753383549446 0.078827731337556217 0.2050306270326927
leaf_weight=0.43279093457385798 143.21382005373016 146.28953471686691 216.26145502971485 27.230469514615834 18.134736453648657 0.16251731198281294 35.612896964419633 9.144266814459117 0.35223322780802835 0.88120699999853969 4.3769377153366786 3.4657663526013494 42.231758242473006 136.10824750456959 0.56207112316042129 1.157415615860373 0.56696368707343936 0.71383761847391702 5.6294482047669581 833.35376944020391 35.419324695132673 53.75372208841145 21.114283469039947 74.895704383961856 12.014776562340556 2.4579042727127676 0.25579670164734114 159.82432188512757 58.293266640044749 21.468879534862936
leaf_count=45 18026 12940 32332 2341 664 17 4716 1155 17 105 196 56 3655 6629 35 14 22 23 304 150284 1586 2003 2635 2452 348 212 22 6389 1648 575
internal_value=-0.0036759 0.0382755 -0.0400318 0.0492894 0.0257925 -0.0174779 0.02179 0.0877868 0.52169 0.140621 0.0566051 0.135425 0.057185 0.0366171 0.0649727 0.243165 0.393495 0.647926 0.0214535 -0.0474082 0.0715938 0.0704036 -0.0149797 0.0764386 0.0842681 0.254222 0.151861 0.0820553 0.108258 0.159495
internal_weight=2065.38 958.898 1106.48 794.57 199.844 272.695 56.434 20.8211 1.39596 1.04372 19.4252 10.2809 594.726 163.339 431.388 5.90398 2.43822 1.2808 47.8612 833.787 53.5541 383.526 164.328 329.773 254.877 3.27577 2.7137 251.601 91.7769 33.4837
internal_count=251446 62464 188982 41803 15190 38653 6321 1605 139 122 1466 311 26613 8970 17643 115 59 45 3959 150329 2250 13684 20661 11681 9229 269 234 8960 2571 923
is_linear=0
shrinkage=0.05


Tree=10
num_leaves=31
num_cat=0
split_feature=4 11 11 28 1 28 1 13 13 4 1 2 10 29 10 11 18 2 28 2 4 27 27 4 2 1 2 27 10 28
split_gain=1137.33 135.226 123.224 47.521 37.9754 35.936 38.8738 40.0568 81.2795 81.7816 151.555 75.7158 34.1333 32.9249 38.7798 39.101 31.5147 27.2985 48.2153 43.4221 26.2816 24.2133 22.9384 39.3394 54.3673 22.6614 33.2924 30.6371 21.2842 31.1184
threshold=0.0040133700713687603 0.0021254688368268723 0.0046720224217947299 0.0086971101636879253 0.0019198311204130516 -0.023965479171911303 0.009035901710005791 256.50000000000006 265.50000000000006 0.0060897020617803341 0.014803371984338788 0.010356457839645785 0.002501189114152032 0.80912105348327157 0.0074027491984821172 0.021177869339611619 1.0000000180025095e-35 -0.081949441465750381 1.0000000180025095e-35 0.0034477776573262901 0.0084895029939800973 0.73662938601808847 91972.500000000015 0.0032046771854320347 0.023780664451669268 0.017462742383245747 0.015952637636213022 5.6405011882400045 0.00354905466111628 0.0038800787586542565
decision_type=2 2 2 2 2 2 2 2 2 2 2 2 2 2 2 2 2 2 2 2 2 2 2 2 2 2 2 2 2 2
left_child=1 -1 3 -2 -5 -4 13 20 9 10 28 -12 -3 14 16 -16 -7 -17 19 21 -8 -19 -14 -24 -25 -11 -27 -28 29 -9
right_child=2 12 5 4 -6 6 7 8 -10 25 11 -13 22 -15 15 17 -18 18 -20 -21 -22 -23 23 24 -26 26 27 -29 -30 -31
leaf_value=-0.04736697034217438 0.00035567374902702891 -0.024154065984926594 0.083489042784620979 0.15978538470453899 0.036286351569935725 0.048691103616103071 -0.0019889699504685963 0.66787608229390316 0.063661784931929394 0.060015288891546593 0.35487225463289518 1.1534788927735478 0.0040173609225468525 0.0083775579376779066 0.062962905183343257 0.017658477532461553 0.0056345195258312372 0.11600470307966962 0.062981693884934853 0.58015322765878985 0.066409638166971013 0.37528478612601768 -0.050918912768939645 0.087984006773004206 1.0156490793611817 0.3491016896452806 -0.0081744348195651132 0.19373428439731163 -0.051013196271022576 0.089876265288985735
leaf_weight=787.26401968067512 208.49576530884951 224.83059196779504 80.393845773302019 7.0371544030494979 53.912023727316409 160.7392258469481 29.508056594058871 0.3478923076763778 109.88950406573713 7.1423244429752257 0.49246493168175198 0.74699562136083841 165.97316514421254 75.606411979068071 32.901323977857828 2.1446541836485267 57.773565864190459 2.0189099665731178 3.0422957930713892 1.1841935617849229 26.799184420146048 1.6253579016774891 0.68433101102709659 0.3608353529125452 0.28088914789259434 2.1852148389443746 2.7260876540094596 6.0447591412812471 0.89200055040419091 0.7042729165405035
leaf_count=149453 22290 33782 1748 294 3076 8019 1694 26 3058 159 23 35 18440 3737 1178 68 3057 32 116 29 995 23 67 33 17 33 31 52 49 46
internal_value=-0.00338098 -0.0354181 0.0398331 0.0117087 0.0505455 0.0523606 0.0475895 0.0658402 0.0809826 0.170419 0.404114 0.836175 -0.0114289 0.0374373 0.0458415 0.0892946 0.0373072 0.175796 0.218886 0.317117 0.030565 0.231645 0.00567224 0.212802 0.494032 0.12931 0.174484 0.130979 0.128663 0.280989
internal_weight=2053.75 1179.39 874.353 269.445 60.9492 604.909 524.515 187.479 131.172 21.282 3.18363 1.23946 392.13 337.036 261.43 42.9167 218.513 10.0154 7.87076 4.82846 56.3072 3.64427 167.299 1.32606 0.641725 18.0984 10.9561 8.77085 1.94417 1.05217
internal_count=251660 201792 49868 25660 3370 24208 22460 6201 3512 454 179 58 52339 16259 12522 1446 11076 268 200 84 2689 55 18557 117 50 275 116 83 121 72
is_linear=0
shrinkage=0.05


Tree=11
num_leaves=31
num_cat=0
split_feature=4 10 4 9 4 2 9 3 3 14 14 3 5 25 1 8 6 14 10 3 14 14 28 1 4 4 8 18 4 14
split_gain=1027.21 111.474 97.0321 35.1428 28.9345 27.8427 30.0389 26.7645 31.4003 29.8346 57.0022 25.2775 36.3466 32.3489 38.8697 41.1408 38.7279 32.6541 30.7068 21.0491 28.7506 68.3631 29.1584 65.1197 41.6608 21.04 28.444 24.8432 20.4568 34.9873
threshold=0.0039707289357499348 0.002501189114152032 0.0063641119957463322 0.86586181095827508 0.0025298321118421957 0.011765015294029181 0.85685825551954997 0.026624099803768234 -0.053335824191701457 55.500000000000007 51.500000000000007 -0.019552943406141384 0.002433689754501726 1.0000000180025095e-35 -0.0079465690878943712 0.84925577739694147 0.0021153520968242713 29.500000000000004 0.0033166271545183664 0.0094997077701363137 118.50000000000001 110.50000000000001 0.0041228838715976733 -0.0032000104901523936 0.0055545994056113209 0.016695364422758267 1.9716622650740712 0.00055882978515601437 0.0043918476713519098 91.500000000000014
decision_type=2 2 2 2 2 2 2 2 2 2 2 2 2 2 2 2 2 2 2 2 2 2 2 2 2 2 2 2 2 2
left_child=1 4 3 5 -1 11 -7 8 -5 10 -9 12 13 14 15 28 -17 -16 -15 -13 21 -21 23 -23 -25 26 27 -4 29 -2
right_child=2 -3 25 7 -6 6 -8 9 -10 -11 -12 19 -14 18 17 16 -18 -19 -20 20 -22 22 -24 24 -26 -27 -28 -29 -30 -31
leaf_value=-0.046862168133333749 0.61483713664902817 0.00081214276475253763 0.057415082486062988 0.049278564561665038 -0.026382332861519642 0.065735423430751214 0.37089493747386126 0.06566642140749207 -0.015440109645954068 0.026680788846839415 0.58376085687785162 -0.0081215283292714411 0.0085443702543858673 0.14374267526089954 0.43266109920306794 0.64655572141890993 0.2120957294866532 0.027605180541625834 0.73802985440484947 0.01676863812573846 -0.019737295653465443 0.10564182892970569 0.12260279029884631 0.90775895764094161 0.31305673137523832 0.082630911586970723 -0.0099157291353095117 0.032316729899343068 0.040966767081919306 -0.050639796731973385
leaf_weight=723.86971930926666 0.4503960516303821 181.18336092215031 318.10608217655681 21.685804347507656 226.40896226791665 34.567938117776066 0.82569894520565768 2.1402460462413724 138.06235439796001 40.270502720959485 0.70603818725794543 62.297580671962351 20.083039010874927 0.50818528374656935 0.51685476116836149 0.78688907902687821 1.4733443171717224 13.33009359333664 0.37981617171317339 19.900025964248929 14.49616933474317 1.5089530795812609 5.559878412168473 0.57202939130365649 0.60695863654837012 45.455691849812865 20.96314791822806 142.88039817335084 3.2381005403585732 0.35176395624876022
leaf_count=141181 29 21033 10999 965 38579 1875 39 138 14624 2384 18 6853 1292 31 35 33 34 874 15 1589 1155 32 112 28 15 952 997 5573 145 31
internal_value=-0.00330573 -0.0351299 0.0361885 0.0170802 -0.0419827 0.0330671 0.0728545 0.00278065 -0.00665455 0.0377382 0.194183 0.0234257 0.0566554 0.102588 0.0895708 0.192528 0.363351 0.0427244 0.397931 0.0104055 0.0374712 0.0669337 0.18797 0.323179 0.601598 0.0501127 0.0470457 0.049636 0.0969644 0.323012
internal_weight=2043.19 1131.46 911.724 384.319 950.279 181.454 35.3936 202.865 159.748 43.1168 2.84628 146.06 41.1185 21.0354 20.1474 6.30049 2.26023 13.8469 0.888001 104.942 42.644 28.1478 8.24782 2.68794 1.17899 527.405 481.95 460.986 4.04026 0.80216
internal_count=251660 200793 50867 32346 179760 14217 1914 18129 15589 2540 156 12303 2519 1227 1181 272 67 909 46 9784 2931 1776 187 75 43 18521 17569 16572 205 60
is_linear=0
shrinkage=0.05


Tree=12
num_leaves=31
num_cat=0
split_feature=11 4 11 14 3 3 14 14 3 2 12 28 4 18 14 4 12 14 28 14 4 14 11 14 14 1 14 11 3 2
split_gain=944.624 138.195 85.3808 41.8856 41.0287 29.0358 44.8486 60.6276 40.834 66.0328 30.5793 23.4736 23.1387 24.6907 22.0133 21.7048 24.5868 24.4817 24.5414 37.6026 37.8659 35.8623 24.0606 33.3252 23.9938 63.3019 61.4249 44.0192 34.0911 33.2317
threshold=0.0029815203480341589 0.0050603746673752968 0.0021254688368268723 115.50000000000001 -0.044304656654881973 0.010020966223375451 110.50000000000001 114.50000000000001 0.013747883279457753 0.0017427385922121898 0.3294571428571425 0.0058810874971279414 0.0092605311305879543 0.0005456314625683728 148.50000000000003 0.002436931121080729 0.56277857142857368 65.500000000000014 0.0094368936446294176 50.500000000000007 0.0036703115965187076 55.500000000000007 0.007818794376722683 61.500000000000007 82.500000000000014 -0.011103008182377359 70.500000000000014 0.0030206755719339785 0.01862963049542599 0.0017949033181391407
decision_type=2 2 2 2 2 2 2 2 2 2 2 2 2 2 2 2 2 2 2 2 2 2 2 2 2 2 2 2 2 2
left_child=2 3 14 15 11 -4 -7 8 9 -8 -10 -5 13 -3 -1 -2 17 18 -17 -20 21 -21 23 -18 25 26 -25 -27 -26 -30
right_child=1 12 5 4 -6 6 7 -9 10 -11 -12 -13 -14 -15 -16 16 22 -19 19 20 -22 -23 -24 24 28 27 -28 -29 29 -31
leaf_value=-0.046676913483240684 -0.018953689006431046 0.042305688196597177 -0.021525139428405927 0.033106925448727828 -0.023446135457779103 -0.016740949697852777 0.8328624858050242 0.00080438155154561024 -0.064400922714290085 0.047677294741647482 0.17908405558136414 0.23161383615555617 0.054419479056985832 0.013526973997681244 0.23274729267140551 0.021974968255755387 0.012306245385532351 -0.015744100591742034 -0.0046550863742109193 0.93823693570751776 0.14714558079922066 0.27053332688848808 0.0018568745709454831 -0.050902052401784463 -0.012077645846401648 0.77260216734660581 0.67455052633272317 0.095373609088857392 0.33722694338593301 0.078702681223533244
leaf_weight=751.69649494299665 28.167497320100665 323.42400428792462 185.41867644106969 23.646825519390408 145.67898132093251 32.605840335600078 0.56492793979123479 11.819548903033136 1.5872579445131103 0.50904436176642776 6.8740533371455967 1.5893455063924182 270.62062906194478 96.847601828631014 0.70551231317222018 19.208755984436724 21.24230473395437 43.803771805483848 2.1649950938299289 0.3537049945443872 1.7584531577304003 0.46610121289268136 21.778196564409882 0.41889245714992529 10.387866640463473 0.24301178148016589 0.96162296179682016 19.012107002083212 1.4763265522196869 7.8669824027456343
leaf_count=154336 3998 14303 28865 1759 17269 4377 29 1255 59 61 105 106 6606 5114 52 2064 1942 4416 166 22 86 36 1653 30 1054 31 47 1629 16 174
internal_value=-0.00321929 0.0300466 -0.03814 0.00446093 -0.01325 -0.012131 0.0201488 0.0764744 0.170272 0.460698 0.133409 0.0456087 0.0430165 0.0356739 -0.0464149 0.0213426 0.0288523 0.00648042 0.0471249 0.148975 0.27798 0.558614 0.0470305 0.0629989 0.089675 0.127369 0.454425 0.103921 0.0502529 0.119552
internal_weight=2032.9 1041.12 991.781 350.226 170.915 239.379 53.9607 21.3548 9.53528 1.07397 8.46131 25.2362 690.892 420.272 752.402 179.311 151.143 67.7558 23.952 4.74325 2.57826 0.819806 83.3873 61.6091 40.3668 20.6356 1.38052 19.2551 19.7312 9.34331
internal_count=251660 62521 189139 36498 19134 34751 5886 1509 254 90 164 1865 26023 19417 154388 17364 13366 6790 2374 310 144 58 6576 4923 2981 1737 77 1660 1244 190
is_linear=0
shrinkage=0.05


Tree=13
num_leaves=31
num_cat=0
split_feature=11 4 11 4 11 18 10 14 13 13 29 18 13 2 13 14 28 11 27 9 2 4 2 10 13 28 27 29 29 13
split_gain=865.007 139.31 62.3191 36.7621 21.8927 28.9242 19.84 42.289 76.3478 19.5084 33.8046 19.2323 22.1538 37.4304 36.4306 32.5883 27.917 30.5346 59.5299 24.2513 21.8974 25.4315 27.7902 18.5347 41.7614 28.3925 18.4801 19.3802 20.4075 21.9483
threshold=0.0027449828955163381 0.0050603746673752968 0.0021254688368268723 0.0030257794654191201 0.0046720224217947299 0.0047269061724445564 0.0046846543475970023 143.50000000000003 304.50000000000006 241.50000000000003 -0.62468930253951382 0.00025693561458131007 250.50000000000003 0.023780664451669268 265.50000000000006 127.50000000000001 -0.018289225599716265 0.004145709374378889 0.16684959956613785 0.40091379641868485 -0.026631453790636191 0.0038124071452966947 -0.017098613616747967 0.0056836885081026972 255.50000000000003 -0.0021521016249571785 330783.00000000006 0.23518289026182762 -0.37886737166500434 308.50000000000006
decision_type=2 2 2 2 2 2 2 2 2 2 2 2 2 2 2 2 2 2 2 2 2 2 2 2 2 2 2 2 2 2
left_child=2 3 -1 9 5 -3 -4 8 -8 10 -2 12 -5 16 15 -15 17 18 -14 -16 -19 22 -22 -18 25 -25 27 28 -21 -30
right_child=1 4 6 11 -6 -7 7 -9 -10 -11 -12 -13 13 14 19 -17 23 20 -20 26 21 -23 -24 24 -26 -27 -28 -29 29 -31
leaf_value=-0.046222629836456058 0.53930243575116366 0.013942553960788582 -0.014934759844477322 -0.018173565985389939 0.043248272025392893 0.10106296765949084 1.1703473073786268 -0.050460323957957999 -0.050469870201087966 -0.02153881155359029 0.0021506606025123629 -0.017271315691900397 0.83484915485072342 0.55875694871394088 0.4717653912634181 0.047792701432589332 0.011133395134641802 -0.0049249969667867705 -0.050918288769624245 0.011204039835235064 0.14710612633598369 0.093925033155367446 0.70682232232090181 0.66306512705745169 0.049944889536389071 0.083400270935171258 0.36853543055949967 -0.03781019278781949 0.069910617553173529 0.37081490024177177
leaf_weight=718.64016142021865 0.42369543900713325 121.85356654599309 181.80677471356466 33.853810363449156 595.24839771771803 10.33517314121127 0.24572934908792265 0.77912889095023274 0.26745652453973889 128.63062674039975 0.94882687181234249 43.816990616731346 0.39448076672851939 0.81284175347536691 0.38278496824204822 0.50648638559505343 154.57721512112767 4.0815420681610695 0.36537885572761297 2.4064827929250865 0.5045134611427784 3.3634929778054357 0.39570473693311115 0.48953592963516712 9.9280010191723687 0.37160137388855119 0.47619473282247859 3.6900899601168931 1.2421401427127419 1.183346426580101
leaf_count=154388 33 8163 27697 3033 18704 357 26 89 30 18329 97 4423 20 23 29 35 14677 148 23 152 28 99 18 21 607 20 22 217 88 64
internal_value=-0.00313677 0.0262035 -0.0395878 0.00221047 0.0391607 0.0207541 -0.0135471 0.18167 0.534095 -0.0195381 0.167969 0.0129674 0.0190168 0.0258161 0.116589 0.362599 0.0202489 0.105485 0.408927 0.0819909 0.0778556 0.157099 0.393138 0.0155558 0.0789163 0.412926 0.0654099 0.0484719 0.114364 0.216716
internal_weight=2022.02 1120.28 901.739 392.846 727.437 132.189 183.099 1.29231 0.513186 130.003 1.37252 262.843 219.026 185.172 10.7004 1.31933 174.471 9.10511 0.75986 9.38104 8.34525 4.26371 0.900218 165.366 10.7891 0.861137 8.99825 8.52206 4.83197 2.42549
internal_count=251660 69430 182230 42206 27224 8520 27842 145 56 18459 130 23747 19324 16291 630 58 15661 336 43 572 293 145 46 15325 648 41 543 521 304 152
is_linear=0
shrinkage=0.05


Tree=14
num_leaves=31
num_cat=0
split_feature=11 4 11 3 4 2 12 3 9 13 5 28 1 8 12 3 9 12 13 14 1 2 3 13 7 13 13 13 7 27
split_gain=794.737 119.536 62.5446 41.7647 33.09 26.0162 24.2323 28.0148 63.8803 20.9197 20.0881 19.7422 29.0143 27.591 24.9489 36.6785 42.9599 25.6446 20.8559 29.1057 32.5191 17.8184 41.3921 26.1645 32.0379 21.7287 25.4904 22.9161 21.7382 21.7182
threshold=0.0027449828955163381 0.0050603746673752968 0.0020324807963776749 0.026624099803768234 0.0030257794654191201 0.0075126007537046355 1.3422321428571344 -0.018657379013560401 0.72649827876579032 241.50000000000003 0.0038120729176003591 -0.020606326606206146 0.009035901710005791 1.160728125650055 0.85493928571428779 0.10530884562718847 1.7804035105323599 0.59392857142857258 256.50000000000006 119.50000000000001 0.017462742383245747 -0.035827677092733205 -0.037705787557116503 256.50000000000006 0.0012156152832335861 271.50000000000006 279.50000000000006 245.50000000000003 0.00072780203784563651 0.20036585777103771
decision_type=2 2 2 2 2 2 2 2 2 2 2 2 2 2 2 2 2 2 2 2 2 2 2 2 2 2 2 2 2 2
left_child=2 4 9 6 -2 -5 -4 8 -8 -1 -7 -3 13 21 15 17 -17 -14 -19 -20 -21 -13 23 24 -23 27 -27 28 -24 -26
right_child=1 11 3 5 -6 10 7 -9 -10 -11 -12 12 14 -15 -16 16 -18 18 19 20 -22 22 25 -25 29 26 -28 -29 -30 -31
leaf_value=0.21854379166048471 -0.018947848035504266 0.053705411384438628 -0.023781583012078559 0.4931045397598065 0.012015553113223932 0.039322515966249139 1.2577455537981974 0.026957267890706172 0.066721536101776641 -0.047045348495552967 0.31807155240846985 -0.0015891264632249967 0.039896417696007734 0.0017717136741925825 0.029071840257024896 0.012751254757531076 0.28991958461285344 0.020906392756767565 0.083657078922825506 0.085328455050873761 0.31259897215345872 0.056591199747355075 -0.029028265646818666 0.046222609193095669 -0.054848945304092733 0.091351451426401581 0.029434706405098477 -0.011686488655935931 0.10412705012205595 0.20349904317835743
leaf_weight=0.74227638635784288 127.61442218581215 130.04931831825525 189.17733048647642 0.45616455562412639 266.43250375706702 3.2461344501934946 0.15289573604241269 15.927865998819469 0.42697316501289606 656.5267542200163 0.80700838798657049 34.799883437342942 79.994422737043351 103.24880444863811 110.77989297453314 2.2709430791437617 3.6370684392750263 8.2454227572306973 21.415736817289147 2.9698087237775317 3.3487422578036785 9.8796746870502847 4.560396912507712 26.760537368245423 0.88805064745247264 19.367610702523962 117.28316691098735 52.697064213454723 9.3481876165606064 9.6891920818015915
leaf_count=45 18459 2464 31398 25 23747 182 24 2019 61 148433 43 1352 2413 5338 3057 69 76 319 513 59 41 259 265 687 30 579 5913 3001 543 246
internal_value=-0.00305213 0.0242916 -0.039153 -0.0154119 0.00198787 0.135114 -0.018712 0.0393854 0.380762 -0.0467454 0.0948234 0.0359906 0.0322819 0.0239197 0.0462459 0.0618556 0.183381 0.0556648 0.0907229 0.111479 0.205779 0.0319357 0.0365935 0.0787649 0.121335 0.0267968 0.0382102 0.00338072 0.0604676 0.181809
internal_weight=2012.74 1145.28 867.463 210.194 394.047 4.50931 205.685 16.5077 0.579869 657.269 4.05314 751.234 621.185 388.523 232.662 121.882 5.90801 115.974 35.9797 27.7343 6.31855 285.274 250.474 47.2175 20.4569 203.256 136.651 66.6056 13.9086 10.5772
internal_count=251660 69430 182230 33752 42206 250 33502 2104 85 148478 225 27224 24760 18213 6547 3490 145 3345 932 613 100 12875 11523 1222 535 10301 6492 3809 808 276
is_linear=0
shrinkage=0.05


Tree=15
num_leaves=31
num_cat=0
split_feature=4 4 10 3 3 28 4 9 4 18 9 12 28 7 15 15 13 13 3 12 10 27 15 12 12 12 2 1 15 28
split_gain=767.958 69.2535 65.6372 38.2313 33.0996 36.6256 21.9861 20.2371 18.3074 23.3219 25.8952 17.8265 26.5389 16.1762 16.19 35.5213 17.8673 57.609 57.1927 25.7847 24.8583 23.946 16.1031 21.2421 64.4165 15.0211 25.1903 14.953 15.693 17.1063
threshold=0.0037399886484266831 0.0058591713053300918 0.002501189114152032 0.10530884562718847 -0.048466604221326808 0.0061838259966086996 0.0025298321118421957 0.85226442803301283 0.016695364422758267 0.00053263640851322093 1.1515273823167815 2.3955892857142929 -0.016542270741296976 0.0011195124762683772 0.10279078620114297 0.082256876408916907 252.50000000000003 255.50000000000003 -0.06610116145374749 0.29656785714285666 0.0039104479612214133 1.5359336061300917 0.83425307492615508 0.15857142857142978 0.13927857142857092 0.99052500000000432 0.010772878219867945 0.0065255424005529203 0.8158005385262368 0.012095992165627577
decision_type=2 2 2 2 2 2 2 2 2 2 2 2 2 2 2 2 2 2 2 2 2 2 2 2 2 2 2 2 2 2
left_child=2 4 3 6 13 7 -1 -6 9 10 22 -4 -13 -2 15 -15 19 18 20 -16 -18 -20 -3 24 -24 -19 -27 -12 29 -29
right_child=1 8 11 -5 5 -7 -8 -9 -10 -11 27 12 -14 14 16 -17 17 25 21 -21 -22 -23 23 -25 -26 26 -28 28 -30 -31
leaf_value=-0.046680336993306731 0.018932128686348269 0.05637308365626538 -0.010346515267071839 0.60345063554708567 0.0069872561330363951 0.026950972209728391 -0.026891529591837 -0.022849357507254697 0.062929932810730546 0.01841277503980784 0.013867543134897792 0.31017822784538457 0.032466473932412337 0.060831663092648307 0.32007501353017709 0.37514166866134396 -0.051698000259017246 -0.022821857783359024 0.79886820899619027 -0.042259709086066827 0.3077890219193482 0.30480220428395777 -0.05135507109022746 0.017895518276377725 0.78940954587769951 0.058337800865367141 0.43172217671665386 0.036689898981639039 0.022917494969769449 0.10921201895678989
leaf_weight=610.09404443809763 21.722270389087498 197.51234197849408 143.67891063494608 0.22939669713377853 113.31806954368949 112.05363059928641 182.30341470520943 114.01049521612003 55.601623095106333 190.44747686479241 111.80640353448689 0.96656890492886294 7.8224372975528222 2.5524574844166668 0.53865766059607523 1.3875642670318482 0.96208903659135125 5.1913336589932424 0.58806670550256857 5.5497877569869161 0.96146847493946552 0.42069130856543779 0.6304861712269475 43.559674119111151 0.35671110637485981 3.6265798881649971 0.51598053984343994 18.505492196418345 43.86726432107389 14.504357751458882
leaf_count=141306 982 6133 17950 30 11330 7232 34865 13828 979 7390 4275 39 667 71 26 34 47 247 28 282 16 16 36 1220 18 156 17 664 1310 407
internal_value=-0.0033895 0.0258248 -0.0361616 -0.0419408 0.00884629 0.00355549 -0.0421276 -0.00797649 0.0354431 0.0329828 0.0394248 -0.00611801 0.0630078 0.0496397 0.0795589 0.171523 0.0598179 0.0945735 0.287898 -0.0102032 0.127988 0.592823 0.0502485 0.0230933 0.252444 0.0338392 0.104845 0.0255392 0.0425139 0.0685557
internal_weight=2005.29 1060.19 945.095 792.627 383.399 339.382 792.397 227.329 676.792 621.19 430.743 152.468 8.78901 44.0169 22.2947 3.94002 18.3547 12.2662 2.93232 6.08845 1.92356 1.00876 242.059 44.5469 0.987197 9.33389 4.14256 188.684 76.8771 33.0098
internal_count=251601 56744 194857 176201 34312 32390 176171 25158 22432 21453 14063 18656 706 1922 940 105 835 527 107 308 63 44 7407 1274 54 420 173 6656 2381 1071
is_linear=0
shrinkage=0.05


Tree=16
num_leaves=31
num_cat=0
split_feature=4 11 11 12 6 13 13 0 13 3 2 3 6 8 30 1 13 1 13 2 27 3 13 29 13 27 6 5 27 0
split_gain=703.628 83.6804 69.226 31.4492 30.5061 20.0238 53.8515 57.7929 84.5559 28.4068 20.9306 34.432 19.4795 18.5816 36.061 34.2479 17.839 20.3688 19.6988 28.0899 16.8945 42.0173 16.7565 46.0969 16.3733 28.4925 19.4436 16.4565 16.244 14.8418
threshold=0.0037399886484266831 0.0021749280775218657 0.0032418571708265108 3.1666428571428513 0.0016704588015353627 279.50000000000006 276.50000000000006 -0.0043677707834187665 277.50000000000006 0.024931815366517677 0.0079277641391043447 0.0030326937930859059 0.0010002184549750789 0.80302533531362019 -0.38710524229220705 0.0014766079484512808 267.50000000000006 0.0108754593193533 307.50000000000006 0.027062034741525024 4.1084700599144197 0.044432594119525166 241.50000000000003 1.591642689829599 306.50000000000006 1.0000000180025095e-35 0.0020675222736486194 0.0061908303450733887 61354.500000000007 -0.0053787456385508406
decision_type=2 2 2 2 2 2 2 2 2 2 2 2 2 2 2 2 2 2 2 2 2 2 2 2 2 2 2 2 2 2
left_child=1 -1 5 16 -4 6 9 8 -8 22 11 -9 -11 -13 -15 -16 29 -18 -19 -20 -5 -22 23 -2 27 26 -26 28 -6 -3
right_child=2 3 4 20 24 -7 7 10 -10 12 -12 13 -14 14 15 -17 17 18 19 -21 21 -23 -24 -25 25 -27 -28 -29 -30 -31
leaf_value=-0.046425010137923037 0.62494041199646666 0.35112314316216031 0.020967184723662186 0.049934317560098029 0.022237772609634249 -0.016998727534245195 1.285093489083895 -0.023213946934463582 0.093296333593010247 -0.046612382989805613 -0.03289273385596847 0.093232830738912559 0.17375973078410353 0.0018265407495595529 0.19975044244312476 0.65541574892173105 -0.011955085624889866 -0.022265110216649134 0.095060623517286585 0.51321708204568628 0.087449095303460012 0.75261451895427733 -0.029469307975256723 -0.050871840960814763 0.33010595448018148 0.047290995283068793 0.1110237195067845 0.053934565116990442 0.086313617961711525 -0.035806930591363688
leaf_weight=605.23461533896625 0.36997614661231881 0.24847487639635701 504.30123771075159 7.3665364761836809 201.01561012305319 117.61256328783929 0.26198657602071751 1.8417626763693968 0.34455867111682892 1.4231400731950987 2.1099740201607347 1.3192536402493718 3.3949231035076082 0.61507458798587356 0.75136581854894735 0.91397345904260874 193.5183407459408 3.5145707949995977 4.3921628878451884 0.44203663524240244 1.0064683128148315 0.31070807296782721 29.132301043253392 0.79348063934594393 1.1646822765469531 131.11981277540326 7.7634401549585164 66.339918930083513 10.402981711551545 96.068216759245843
leaf_count=149878 28 12 22485 612 7645 16253 21 277 26 60 81 40 70 36 26 31 29256 329 295 16 62 19 3647 58 30 4198 128 1335 269 14378
internal_value=-0.00328546 -0.0356412 0.0239647 -0.0143722 0.029245 -0.00629928 0.0227818 0.138504 0.608072 -0.0041037 0.100787 0.152623 0.108667 0.242589 0.328994 0.449829 -0.0171037 -0.00865618 0.06781 0.133297 0.0794247 0.244355 -0.0220381 0.164035 0.0392365 0.0531759 0.139603 0.0322081 0.0253907 -0.0348087
internal_weight=1995.09 912.102 1082.99 306.868 922.108 160.884 43.2718 8.15795 0.606545 35.1138 7.5514 5.44143 4.81806 3.59967 2.28041 1.66534 298.184 201.867 8.34877 4.8342 8.68371 1.31718 30.2958 1.16346 417.806 140.048 8.92812 277.759 211.419 96.3167
internal_count=251601 194857 56744 44979 36090 20654 4401 538 47 3863 491 410 130 133 93 57 44286 29896 640 311 693 81 3733 86 13605 4356 158 9249 7914 14390
is_linear=0
shrinkage=0.05


Tree=17
num_leaves=31
num_cat=0
split_feature=11 10 28 11 10 6 28 13 13 13 2 3 10 3 28 14 14 6 6 3 13 30 18 27 1 13 18 7 2 10
split_gain=640.332 81.9125 43.7573 38.2716 29.8194 28.561 27.2455 27.0407 21.4757 50.2772 46.9529 45.4401 28.617 18.9915 29.5595 40.7129 19.3021 18.6274 24.2963 40.1195 18.4335 19.0928 17.8198 17.4245 110.472 16.5222 18.3822 19.7336 16.0168 14.892
threshold=0.0025452148343717298 0.0034883825522631748 0.0068872823424588345 0.0020638433259439074 0.004841369871352575 0.0016704588015353627 -0.018289225599716265 259.50000000000006 276.50000000000006 279.50000000000006 -0.081949441465750381 0.0030326937930859059 0.0031295932583337966 0.010020966223375451 0.0023910244586041454 110.50000000000001 114.50000000000001 0.00098897258395006502 0.0010467729951488668 0.0073045647552514312 242.50000000000003 -0.43649179885057249 0.00037735849056607442 204203.50000000003 0.0056166752866313461 244.50000000000003 0.0099268061513513826 0.0059914484938803107 -0.0043478260869565513 0.0059768019281543731
decision_type=2 2 2 2 2 2 2 2 2 2 2 2 2 2 2 2 2 2 2 2 2 2 2 2 2 2 2 2 2 2
left_child=3 2 6 20 13 25 28 -4 -8 11 -11 -10 -13 23 15 -15 -17 -9 19 -19 21 -1 -20 -5 -25 26 27 -3 -2 -27
right_child=1 5 7 4 -6 -7 8 17 9 10 -12 12 -14 14 -16 16 -18 18 22 -21 -22 -23 -24 24 -26 29 -28 -29 -30 -31
leaf_value=0.0069431504361396074 0.035513789364363051 -0.017244746662236205 -0.017059785610363736 -0.029699064970501638 0.38529947686262134 0.038115379527636953 -0.027820007026137263 0.01661625900399288 -0.036589043872160928 0.81568291898666512 -0.0085122259848348213 0.1474549095521942 0.47910172760833608 -0.050288109357268664 0.00039430235277904553 0.47974463105010323 0.14020993445946336 0.75977781971965708 0.071020732150533825 0.13599742005298643 -0.046616006181201958 0.41523644919246627 -0.006347948343991894 1.5894106286045424 -0.050315730155456484 0.015232837059498789 0.18134999276817007 0.11452116495743306 0.24069863193141494 0.035219283895282859
leaf_weight=0.86218757182359695 21.594584660138938 52.703367228154093 26.481839566491544 111.54301781160757 0.45840156823396583 367.54918576963246 128.92878431174904 42.883687699213624 3.602967609651385 0.17298359237611194 162.1819873037748 5.9322882536798716 0.73054957343265403 1.2379574188962608 27.075685705989599 0.93082873895764329 0.76061361748725176 0.30836681136861344 35.623815449886024 1.5710019832476971 583.27606300800107 0.42869786126539 9.4078725045546872 0.12197732971981068 0.65056859981268644 240.54348755115643 1.282105391845106 3.0033764857798806 0.99491674639284511 152.15567357651889
leaf_count=57 769 2939 2590 20945 33 10465 16267 3236 472 8 19843 169 27 227 3447 20 54 24 1865 97 150312 25 390 26 113 12644 34 96 25 4382
internal_value=-0.00318759 0.0184089 0.00102657 -0.04053 -0.0173228 0.0277763 -0.00841283 0.0273404 -0.0123804 -0.000848719 -0.00763407 0.106463 0.183818 -0.0186196 0.0167181 0.167594 0.327062 0.0404346 0.0622082 0.238347 -0.0461983 0.142536 0.0548571 -0.0280601 0.208581 0.0193258 -0.00583265 -0.0101407 0.0445508 0.0229768
internal_weight=1985 1257.65 440.416 727.346 142.779 817.237 324.139 116.277 301.55 172.621 162.355 10.2658 6.66284 142.321 30.0051 2.9294 1.69144 89.7947 46.9111 1.87937 584.567 1.29089 45.0317 112.316 0.772546 449.688 56.9888 55.7067 22.5895 392.699
internal_count=251601 76342 45782 175259 24865 30560 37580 8202 36786 20519 19851 668 196 24832 3748 301 74 5612 2376 121 150394 82 2255 21084 139 20095 3069 3035 794 17026
is_linear=0
shrinkage=0.05


Tree=18
num_leaves=31
num_cat=0
split_feature=4 11 11 3 27 4 29 1 15 12 3 27 11 13 13 13 4 15 12 0 4 3 4 13 29 13 1 4 2 3
split_gain=599.916 81.2844 53.6588 26.9823 29.1471 23.2889 30.6768 20.1483 26.3409 19.0391 17.1785 22.6806 15.5657 15.4589 24.0783 22.3983 33.1768 20.3401 18.4655 24.5528 17.7785 23.5776 15.2747 18.5479 20.542 16.4766 15.9944 19.0195 20.2427 19.5761
threshold=0.0037399886484266831 0.0020638433259439074 0.0031537448228779849 0.10530884562718847 2.2455905651219479 0.010443324028488387 1.0123993069152049 0.01308067083048803 0.92857140646258396 3.1666428571428513 0.023425048049554368 2.9447654530341318 0.024560403910552812 244.50000000000003 265.50000000000006 256.50000000000006 0.0076327069613222609 0.78106508182486334 1.6708142857142902 -0.0026370287135173971 0.0063641119957463322 0.006152748443111423 0.0024014342890877351 241.50000000000003 -0.62468930253951382 267.50000000000006 0.0108754593193533 0.0025876768382651779 0.0067790882651774806 0.016935678854501649
decision_type=2 2 2 2 2 2 2 2 2 2 2 2 2 2 2 2 2 2 2 2 2 2 2 2 2 2 2 2 2 2
left_child=1 -1 10 9 -5 6 7 8 -4 22 -2 -12 -8 -9 15 17 20 18 19 -15 -17 -22 23 24 -3 -24 -27 29 -29 -28
right_child=2 3 5 4 -6 -7 12 13 -10 -11 11 -13 -14 14 -16 16 -18 -19 -20 -21 21 -23 25 -25 -26 26 27 28 -30 -31
leaf_value=-0.046794669742358866 -0.012264921171821631 0.37477990894605462 0.025087171592907787 -0.05058008282184117 0.48379003717010066 0.038329616720913368 -0.0032358945821100039 -0.040230386359646181 -0.021275954219153567 0.055247135082669256 0.10003887008369879 -0.046091655123485474 0.078734813801203521 0.033403617796098281 0.033184063483337439 0.15427526612684017 0.0592459683764366 -0.0031585598352768204 -0.0524190657165459 0.46190448259049427 0.18301688414498166 0.52105087545484741 -0.032873819791726315 -0.034060194748477095 -0.0504748894103225 -0.0043602512005521434 0.08383737695752462 0.20457981760500937 -0.0022482213450942768 0.63419651365841045
leaf_weight=527.82861443492584 135.13513919617981 0.58645557425916195 461.92489420855418 0.46832350874319562 0.56070076115429401 250.97003346215934 139.7740233479999 4.6138406926766029 32.811641531530768 9.1515931189060193 7.8351763482205552 4.0164420520886779 6.0418269718065849 0.58565600309520949 49.986918294802308 6.4256604211404937 9.2513130847364646 8.1470417734235507 0.61269450932741154 0.77892049401998775 1.2658375445753338 0.87064301036298264 54.198895810637623 117.22097539622337 0.55058502266183384 135.97021512920037 0.36256791325285931 1.5466624586842952 5.0315496656112373 0.29146103281527758
leaf_count=144299 19204 28 21587 44 35 4720 6514 241 1885 689 279 230 169 22 1270 138 84 305 18 31 27 20 7815 21519 63 19885 24 92 343 21
internal_value=-0.00309257 -0.0346712 0.0209571 -0.0150385 0.240591 0.0252065 0.0206518 0.0258277 0.0220123 -0.0158481 -0.00720285 0.0505161 0.000160532 0.0486972 0.0539625 0.0911398 0.124891 0.0317553 0.175612 0.277998 0.19582 0.32077 -0.0179086 -0.0321108 0.16886 -0.00939327 -0.000506417 0.0719479 0.046381 0.329099
internal_weight=1974.82 853.769 1121.05 325.94 1.02902 974.061 723.091 577.275 494.737 324.911 146.987 11.8516 145.816 82.5385 77.9247 27.9378 17.8135 10.1243 1.97727 1.36458 8.56214 2.13648 315.759 118.358 1.13704 197.401 143.202 7.23224 6.57821 0.654029
internal_count=251601 194857 56744 50558 79 37031 32311 25628 23472 50479 19713 509 6683 2156 1915 645 269 376 71 53 185 47 49790 21610 91 28180 20365 480 435 45
is_linear=0
shrinkage=0.05


Tree=19
num_leaves=31
num_cat=0
split_feature=4 10 4 4 3 28 12 17 1 13 3 4 2 3 13 1 13 3 27 0 28 2 13 3 8 0 5 28 30 15
split_gain=551.846 61.6828 43.7981 23.6664 23.3201 26.6009 15.36 13.6535 16.6435 23.9109 14.8312 13.9285 13.568 13.4571 18.2707 18.3067 18.0991 16.0036 14.0655 47.4395 13.0495 16.6989 20.6657 37.148 23.4064 23.2404 14.8774 13.3754 12.8681 15.3888
threshold=0.0037399886484266831 0.002501189114152032 0.0058591713053300918 0.0022148394241418017 -0.048466604221326808 0.0061838259966086996 0.82552142857142863 1.0000000180025095e-35 -0.01729302655469794 303.50000000000006 -0.085554098615645266 0.016695364422758267 -0.050530085875185142 0.0092629010576613675 263.50000000000006 0.01177364517660129 289.50000000000006 0.073488076978585407 0.26249669307062401 7.5165918923092448e-05 -0.014097438297287169 -0.026631453790636191 255.50000000000003 -0.074114982840000107 0.4813498091738036 0.00046189376443417368 5.9700006548161259e-05 0.0038003157423568933 -0.97049843772246425 0.81249994921874424
decision_type=2 2 2 2 2 2 2 2 2 2 2 2 2 2 2 2 2 2 2 2 2 2 2 2 2 2 2 2 2 2
left_child=1 3 4 -1 -2 -6 -5 11 9 -9 -11 28 -10 -8 -15 16 -16 18 19 -18 21 26 23 -23 -24 -25 -3 -22 -4 -30
right_child=2 20 7 6 5 -7 13 8 12 10 -12 -13 -14 14 15 -17 17 -19 -20 -21 27 22 24 25 -26 -27 -28 -29 29 -31
leaf_value=-0.047114899953889129 0.038444057500251649 0.24842203396737528 0.015531482973550387 -0.03373840751908453 -0.0083805461899573701 0.020659550994373624 -0.020114918701352874 0.010135569854541107 0.070837276248725128 -0.0092160540190091966 0.11735996768553608 0.056327018426941877 -0.0069491590810321184 -0.050421491915333773 0.13869333311529286 0.38350656070233469 -0.050361498432336727 0.43525292091461965 -0.040295557834305676 1.0197158896546241 -0.020298103761731769 0.79036458219550865 0.39495067608090184 -0.051023987504813108 0.004379559099251978 0.52309639852682488 -0.03947900223818164 0.012074741625808372 0.038913073666512504 0.018250068570091978
leaf_weight=452.079882128397 49.086573598906398 0.50003685057163227 158.40918502677232 181.0729438373819 228.59971907897852 120.38414083607495 29.812354026827961 26.870071684010327 6.0465844916179767 2.9287602677941313 11.029941560700534 45.726099978666753 76.925127669237554 4.1243214546702793 4.1917664362117613 0.45667851157486516 0.39665058767423023 0.20548737887293089 4.9889072652440518 0.14017680892720819 88.771413161419332 0.29671110212802887 0.4476963835768405 0.54204055899753967 2.6791520169936121 0.26121583115309477 4.3727880083024502 49.809799492359161 281.11021069949493 132.61561862798408
leaf_count=125848 1922 25 5301 42199 25158 7232 6183 658 155 34 214 675 3311 682 283 16 60 14 894 22 12788 9 34 42 191 19 300 5248 8182 3902
internal_value=-0.00299171 -0.0341336 0.0195546 -0.0405163 0.00617574 0.00163701 -0.0272811 0.0267354 0.0115798 0.0377142 0.0908023 0.0297721 -0.00128045 -0.000896858 0.0386051 0.0739794 0.0597343 0.00198436 -0.0141278 0.229058 -0.00485384 0.0531485 0.125874 0.312276 0.0603008 0.135678 -0.00993533 -0.00866244 0.0276498 0.0322898
internal_weight=1964.88 825.15 1139.73 677.469 398.07 348.984 225.389 741.662 123.8 40.8288 13.9587 617.861 82.9717 44.3163 14.504 10.3797 9.92299 5.73122 5.52573 0.536827 147.681 9.09964 4.22682 1.09997 3.12685 0.803256 4.87282 138.581 572.135 413.726
internal_count=251601 194857 56744 176201 34312 32390 50353 22432 4372 906 248 18060 3466 8154 1971 1289 1273 990 976 82 18656 620 295 70 225 61 325 18036 17385 12084
is_linear=0
shrinkage=0.05


Tree=20
num_leaves=31
num_cat=0
split_feature=11 10 11 6 3 13 13 12 12 11 12 2 13 14 11 3 5 14 15 11 27 27 28 30 6 5 13 13 14 11
split_gain=527.05 59.9068 49.6046 34.926 29.9383 49.4785 43.1353 24.1647 20.8965 36.5454 61.1111 18.9244 45.0166 72.2101 120.452 115.275 29.1066 28.8157 43.5278 21.8676 20.0769 20.0454 18.2429 17.5978 18.9842 17.2544 15.689 17.0069 58.2452 36.8132
threshold=0.0027449828955163381 0.0021250819773558556 0.0018277355089518531 0.0016426083242305168 0.010020966223375451 279.50000000000006 274.50000000000006 0.070564285714286482 0.25334642857143114 0.0021585543205887127 0.58573928571428946 0.0096134885928779185 326.50000000000006 60.500000000000007 0.0035262599464120324 0.010020966223375451 0.001552042378636114 47.500000000000007 0.30414656923779565 0.0050695078070656782 2.0489031958629558 91972.500000000015 -0.013160258874872542 -0.57961822990736389 0.00028986466396185032 0.0055926268824991613 301.50000000000006 318.50000000000006 72.500000000000014 0.0067165684043305343
decision_type=2 2 2 2 2 2 2 2 2 2 2 2 2 2 2 2 2 2 2 2 2 2 2 2 2 2 2 2 2 2
left_child=2 -2 -1 11 -4 6 7 -6 -8 10 -10 22 21 17 15 -15 -16 -14 -19 -18 -20 26 -3 24 -22 -26 -13 28 29 -28
right_child=1 3 4 -5 5 -7 8 -9 9 -11 -12 12 13 14 16 -17 19 18 20 -21 23 -23 -24 -25 25 -27 27 -29 -30 -31
leaf_value=-0.04772387111394117 -0.015318880624251614 0.022257355110190946 -0.028811360457553881 0.030414546009530155 0.60152850161942251 -0.026243879200458314 -0.028031064419662462 -0.032616492756566577 0.82585754616512885 0.1180367772591225 0.15653382628976742 -0.00090680650464892054 -0.0026207400353261447 1.407750262629258 0.52916318305752408 0.2058586962255923 -0.05414023896103716 0.36141201527613381 -0.018811537559108096 0.21339611957890159 0.39352948906499519 0.078304033215670907 -0.00018338504929988817 0.062950310756666183 -0.051308508024416943 0.26637729095240742 0.38677677558365664 -0.017403493156939041 0.02827418943884762 0.081641661624399425
leaf_weight=447.84077369025908 132.83153779339045 129.42491930909455 195.66197254927829 479.23387309908867 0.15323445061221974 31.079321321798488 1.8451677721459407 7.6510216314345598 0.51262954971752961 9.8521778890863043 1.0187451546080408 106.20116009563208 13.227708785794681 0.41119197569787402 0.43075995566323433 0.38751160772517323 1.4146114666946235 1.4364714035764325 4.1499030049890262 1.6601660093292592 0.99804436787962858 11.828359589911996 301.63094569183886 5.1777929393574604 0.7955090496689079 0.9236830472946167 1.8969672401435667 14.708865739870815 47.909775234293193 2.0639067199081182
leaf_count=133142 17706 3986 41708 15239 22 5419 147 1159 38 151 33 5125 755 25 27 19 49 35 177 28 26 255 22815 202 40 19 35 560 1859 49
internal_value=-0.00286408 0.0164382 -0.0377924 0.0201849 -0.0198418 0.0138357 0.0730591 -0.0201652 0.128057 0.153357 0.380591 0.0126039 0.0246976 0.0804369 0.27049 0.824622 0.144237 0.0498093 0.101253 0.0903108 0.0702262 0.0153337 0.00655447 0.117027 0.220073 0.119377 0.0110228 0.0300517 0.0435085 0.227779
internal_weight=1954.36 1258.74 695.615 1125.91 247.774 52.1123 21.033 7.80426 13.2287 11.3836 1.53137 646.678 215.622 31.0134 4.30424 0.798704 3.50554 26.7091 13.4814 3.07478 12.0449 184.609 431.056 7.89503 2.71724 1.71919 172.781 66.5795 51.8706 3.96087
internal_count=250850 69031 181819 51325 48677 6969 1550 1181 369 222 71 36086 9285 1402 148 44 104 1254 499 77 464 7883 26801 287 85 59 7628 2503 1943 84
is_linear=0
shrinkage=0.05


Tree=21
num_leaves=31
num_cat=0
split_feature=11 4 11 0 12 3 6 1 1 11 28 10 5 13 28 13 12 5 11 1 1 6 15 12 4 13 14 14 3 1
split_gain=488.234 60.7844 49.3783 28.4637 27.83 43.3888 24.7751 17.409 20.3181 31.1568 23.5178 43.0981 19.8927 16.8819 33.5592 31.0074 32.4404 29.2859 20.8685 31.1695 19.7439 19.2759 16.5924 15.3444 27.5942 15.2166 15.0674 26.6148 47.0623 22.5687
threshold=0.0027449828955163381 0.0034404859532636677 0.0018277355089518531 -0.0049671656702994773 1.3049428571428543 -0.024622944436041735 0.0015913642299634821 0.0067360198660659796 0.0069696961955401102 0.005217239890852811 0.012095992165627577 0.0046846543475970023 0.003638938611530015 324.50000000000006 0.0042993564160572406 338.50000000000006 1.0532928571428541 0.002366260636105056 0.0036675790354389506 0.0067360198660659796 0.0085785526210427916 0.0010115665408808891 0.91163471903309734 0.64675714285714048 0.016695364422758267 252.50000000000003 110.50000000000001 115.50000000000001 -0.013060534149336998 -0.0091604904431619154
decision_type=2 2 2 2 2 2 2 2 2 2 2 2 2 2 2 2 2 2 2 2 2 2 2 2 2 2 2 2 2 2
left_child=2 3 -1 -2 -4 -6 7 -3 9 -9 11 12 -11 -5 -15 16 17 18 20 21 -16 -20 -8 24 -24 -10 29 28 -28 -7
right_child=1 6 4 13 5 26 22 8 25 10 -12 -13 -14 14 15 -17 -18 -19 19 -21 -22 -23 23 -25 -26 -27 27 -29 -30 -31
leaf_value=-0.047596396546839864 0.37659201021335958 0.0066402997884543128 -0.024751868300164681 -0.022138250504410727 0.64339422703714177 0.38746790205494902 0.025282001182090987 -0.041953979771072764 -0.0056378443045638771 0.38912976999231724 0.022194145457787265 0.097842807837808674 0.92233057997242318 -0.019998611064120018 -0.00961254046208386 0.0020682022506876958 -0.018148624467876944 0.70924936323477217 0.35323702277098751 0.061873206650600823 0.28884794215537224 0.88312844062714113 0.075728977479112711 0.03270996768467925 0.28880176131605578 0.029720970375369887 1.0480403733155272 -0.039583577537384999 0.11013978748970273 -0.024359603332070441
leaf_weight=427.11188731947914 0.46628575399517913 404.0412756879814 219.97607795149088 131.36409884132445 0.28807342890650289 0.34253729297779756 487.50764543015976 1.3042272785678499 37.941178677137941 0.34068409400060751 0.63761964067816723 0.65136146172881126 0.35952152777463198 18.025169122964147 1.2210273779928678 4.7403925228863955 1.487764950841665 0.32814642321318377 0.36948631843551971 0.44283212721347809 1.0145080876536665 0.32049352861940861 11.001154781319201 17.09885021019727 1.7630130425095565 153.6393721671775 0.13655230309814204 3.5861593005247414 6.5218301622662675 11.551123972749336
leaf_count=133142 19 22019 45574 19863 26 55 15963 110 1781 23 25 17 18 2736 154 571 123 19 26 32 39 15 218 357 25 4878 19 602 206 2195
internal_value=-0.00278758 0.0153551 -0.0373669 -0.0134889 -0.0193425 0.0337175 0.0194837 0.0125605 0.0248352 0.147972 0.272499 0.390583 0.662902 -0.0146306 0.0206555 0.0944915 0.179002 0.258351 0.214424 0.389255 0.125832 0.59937 0.0274982 0.0636764 0.105159 0.0227184 0.0257841 0.0702298 0.129375 -0.012499
internal_weight=1945.58 1276.07 669.514 159.78 242.402 22.4263 1116.29 598.915 194.874 3.29341 1.98919 1.35157 0.700206 159.314 27.9498 9.92465 5.18426 3.69649 3.36835 1.13281 2.23554 0.68998 517.371 29.863 12.7642 191.581 22.1382 10.2445 6.65838 11.8937
internal_count=250850 69031 181819 23597 48677 3103 45434 28871 6852 193 83 58 41 23578 3715 979 408 285 266 73 193 41 16563 600 243 6659 3077 827 225 2250
is_linear=0
shrinkage=0.05


Tree=22
num_leaves=31
num_cat=0
split_feature=4 10 10 6 12 3 1 13 14 1 14 3 25 1 14 28 24 13 13 27 28 1 29 14 28 14 10 2 4 12
split_gain=441.914 60.6428 30.68 29.0314 20.0045 19.3193 16.1004 18.0843 23.5938 21.5094 16.9149 15.7577 15.3353 13.792 20.5831 14.3236 11.5131 12.4892 19.7813 27.6055 22.3798 16.2757 14.5794 20.3542 39.9338 51.6169 14.6237 31.4406 14.0958 13.7995
threshold=0.0030257794654191201 0.0021250819773558556 0.0018406048509450842 0.0016426083242305168 0.68714285714286061 0.10530884562718847 0.0072133914540044594 324.50000000000006 60.500000000000007 0.0108754593193533 62.500000000000007 0.044432594119525166 1.0000000180025095e-35 0.0108754593193533 65.500000000000014 -0.016542270741296976 1.0000000180025095e-35 343.50000000000006 306.50000000000006 0.26249669307062401 -0.0096186285023019957 0.01177364517660129 -0.096558905892354871 54.500000000000007 0.0042993564160572406 52.500000000000007 0.0023417625573483977 0.0081595964979288577 0.011272778607920133 0.84002142857143181
decision_type=2 2 2 2 2 2 2 2 2 2 2 2 2 2 2 2 2 2 2 2 2 2 2 2 2 2 2 2 2 2
left_child=2 -2 -1 4 6 13 -3 -8 11 10 -10 -9 -12 15 -15 -4 17 18 21 20 -20 -5 23 24 28 -26 27 -25 -21 -23
right_child=1 3 5 16 -6 -7 7 8 9 -11 12 -13 -14 14 -16 -17 -18 -19 19 22 -22 29 -24 26 25 -27 -28 -29 -30 -31
leaf_value=-0.044762609143823379 -0.015773129356913038 -0.0058599305155412765 0.067580613443103871 0.016204224437289708 0.018583795709365008 0.33363004686043085 0.0075810145683345657 0.020657100798528762 0.48874256583394904 0.067577105024379733 -0.05133985164551929 0.21584762851191897 0.36018685215748514 0.17613419640388184 -0.0033138253281903307 -0.026129130564979626 0.0029181562011260554 -0.00053549528966298813 0.12437678685672925 -0.051296084006326195 0.0010693044012237321 0.059656484520696419 0.017083585995487385 0.022170899556630499 0.13623999635543124 0.61363157752801178 0.040531058672797438 0.58329375299174124 0.24666926089800426 0.022399483685791779
leaf_weight=449.59310026676394 157.22689408087172 225.40716335363686 4.1981150582432738 206.93810792977456 351.64789801975712 0.38748257560655375 68.716261519351974 13.838308839593084 0.73789101629517906 2.025327617302537 0.42768066842108965 1.1174841988831747 0.48096112441271544 2.1434855211991799 6.2790939291007817 142.23383302055299 47.887925514485687 33.918384548742324 17.508875424275178 2.0229879238177086 4.6588656958192578 49.154294547624886 48.441247550304979 0.68415851797908434 1.8084157449193301 0.8243077816441654 45.622383055044338 0.39306391216814518 0.49379867315292347 50.272167456336319
leaf_count=140052 25310 18828 276 7480 15915 21 2669 836 26 39 22 30 21 87 620 29631 1394 1826 254 122 186 1128 1582 70 47 22 1200 12 5 1139
internal_value=-0.00270171 0.0133895 -0.0381454 0.0172917 0.0104017 -0.0189815 0.00120197 0.0194265 0.0631238 0.176691 0.310906 0.0352416 0.166489 -0.0198638 0.0423544 -0.0234425 0.0262565 0.0286717 0.0309819 0.0479676 0.098462 0.0241925 0.0368066 0.0552333 0.149574 0.285712 0.0448304 0.226917 0.00716533 0.0408185
internal_weight=1937.09 1332.25 604.835 1175.03 664.399 155.242 312.751 87.3439 18.6277 3.67186 1.64653 14.9558 0.908642 154.855 8.42258 146.432 510.629 462.741 428.823 122.458 22.1677 306.365 100.29 51.8491 5.14951 2.63272 46.6996 1.07722 2.51679 99.4265
internal_count=250850 80163 170687 54853 38386 30635 22471 3643 974 108 69 866 43 30614 707 29907 16467 15073 13247 3500 440 9747 3060 1478 196 69 1282 82 127 2267
is_linear=0
shrinkage=0.05


Tree=23
num_leaves=31
num_cat=0
split_feature=11 11 4 3 13 13 13 28 28 27 1 28 18 14 11 8 13 13 3 11 10 10 12 11 15 2 2 11 4 27
split_gain=423.332 49.6134 48.2108 27.5015 41.9113 33.1634 21.5301 24.6825 20.8742 18.9093 18.4516 27.201 18.3513 15.8928 19.9069 38.6684 15.1834 33.7678 40.801 30.005 17.1695 41.1319 14.9367 17.836 34.9829 15.4484 14.7893 16.5611 14.9984 25.598
threshold=0.0027449828955163381 0.0018277355089518531 0.0039316773933877206 0.010020966223375451 279.50000000000006 274.50000000000006 263.50000000000006 0.0075535120015354359 -0.016542270741296976 0.13172963039148847 0.0067360198660659796 -0.013160258874872542 0.00034453058731276809 119.50000000000001 0.0029815203480341589 0.99501861497746968 327.50000000000006 329.50000000000006 0.016935678854501649 0.0037417797892069474 0.0036874991045997584 0.0045510997564442513 0.25334642857143114 0.0021254688368268723 0.37037035665293833 0.0064615017475743173 -0.026631453790636191 0.010325874754463182 0.0020896159048539877 1.02617746804114
decision_type=2 2 2 2 2 2 2 2 2 2 2 2 2 2 2 2 2 2 2 2 2 2 2 2 2 2 2 2 2 2
left_child=1 -1 6 -3 5 9 8 -8 26 -5 11 -4 -13 16 15 -15 -9 18 -18 -19 -21 -22 -7 24 -24 -25 28 -28 29 -2
right_child=2 3 10 4 -6 22 7 13 -10 -11 -12 12 -14 14 -16 -17 17 19 -20 20 21 -23 23 25 -26 -27 27 -29 -30 -31
leaf_value=-0.047345992390751768 0.51313737049686958 -0.027260946687613547 0.025703326043859692 0.47398119787681775 -0.024666480222772715 -0.025747916872872558 -0.0068624403769782863 0.0079031584569701826 -0.034771522371780654 -0.031398485590167856 0.02694005819145211 0.011531928988543754 -0.011826712972049905 0.1586553466045082 0.10841407071769756 1.2839725275533787 0.48658183815919104 -0.050623857474337335 -0.050936145195832221 0.076929079858963759 0.64622213564750508 0.03085182043379868 0.77754597882614629 0.1689902895197179 0.16810706292465682 0.050552368492678579 0.0080372184653725118 0.30107626937633947 -0.050987632505534591 -0.051550494550767927
leaf_weight=391.20073639857583 0.35400536237284574 182.54372519324534 270.30122106801718 0.18996463622898119 29.192631508223712 1.7220191864762444 107.00094430427998 18.360747629776604 76.728065249510109 7.211484199622646 372.35882736509666 329.52205353532918 112.88979559624568 0.23785011516883914 1.8309583398513494 0.11242093006148934 1.0117142926901559 4.04615059774369 0.54226640891283739 2.6438284148462121 0.50064422562718369 0.59341047052294016 0.30086123012006183 5.5412140730768424 1.0833754457999019 5.4720918335951865 0.84250473463907738 1.127232906874269 2.7447228659875691 0.46340170316398144
leaf_count=133142 19 41708 6087 17 5419 147 14793 1516 12256 1164 10473 16430 6333 27 160 20 27 421 35 90 20 28 7 79 58 78 55 35 180 26
internal_value=-0.00260979 -0.0364633 0.0135993 -0.0182118 0.0143608 0.0673001 -0.0077919 0.00435747 -0.0280085 -0.0184275 0.0179195 0.0132066 0.00557153 0.0445362 0.174481 0.519831 0.0343033 0.0862123 0.299013 0.0437293 0.145864 0.312448 0.112238 0.131405 0.300567 0.110143 0.0657956 0.175736 0.00500203 0.193006
internal_weight=1928.67 624.458 1304.21 233.257 50.7136 21.521 219.141 136.881 82.2599 7.40145 1085.07 712.713 442.412 29.88 2.18123 0.350271 27.6988 9.33801 1.55398 7.78403 3.73788 1.09405 14.1196 12.3975 1.38424 11.0133 5.53187 1.96974 3.56213 0.817407
internal_count=250850 181819 69031 48677 6969 1550 29708 17137 12571 1181 39323 28850 22763 2344 207 47 2137 621 62 559 138 48 369 222 65 157 315 90 225 45
is_linear=0
shrinkage=0.05


Tree=24
num_leaves=31
num_cat=0
split_feature=11 10 28 13 13 3 12 3 7 13 10 12 1 1 11 9 1 6 6 7 3 13 10 11 13 13 11 11 8 7
split_gain=396.903 59.6937 24.8625 30.6387 35.3453 39.6668 24.3348 18.5814 19.2838 19.8235 23.4845 30.29 40.4536 19.0825 18.0227 17.5435 17.3305 16.7024 16.5246 16.0789 15.7896 19.811 17.4398 15.403 34.7716 57.2137 116.943 29.642 19.8813 14.8063
threshold=0.0021923006309876808 0.0034269450678693519 0.020340015263120976 273.50000000000006 279.50000000000006 0.0081932562542060845 0.57021428571428212 -0.037705787557116503 0.0017007894967060106 251.50000000000003 0.0027906697261908084 1.4205642857142873 -0.0013094082244805569 0.01308067083048803 0.001678820407852349 1.4851907282637475 -0.011103008182377359 0.0010002184549750789 0.00081018518518518863 0.00055228739031336761 0.0085973793204151567 279.50000000000006 0.0028926368103682804 0.008369016978841036 320.50000000000006 317.50000000000006 0.0035262599464120324 0.0053694690257364876 0.83133934322260028 0.0019432083046805374
decision_type=2 2 2 2 2 2 2 2 2 2 2 2 2 2 2 2 2 2 2 2 2 2 2 2 2 2 2 2 2 2
left_child=14 2 3 7 5 -5 17 8 -2 -10 -11 -12 -13 -9 -1 -4 23 -7 -3 -18 -16 22 -22 24 25 27 -27 -6 -29 -23
right_child=1 18 15 4 16 6 -8 13 9 10 11 12 -14 -15 20 -17 19 -19 -20 -21 21 29 -24 -25 -26 26 -28 28 -30 -31
leaf_value=-0.048806515464152933 -0.01800340860474681 0.0085169456024830614 0.083232390380002075 -0.019998817440110925 -0.0048432965041358099 -0.052315940992539646 0.12500986199771069 -0.035985700201324751 -0.020669321499547495 0.024287743956161283 0.055370091324003626 0.56494541815295918 0.10362741746918301 0.039645210389428982 -0.035239971663872043 -0.046296971200696334 -0.020711280503795532 0.090591246691192437 0.022528622891719904 0.0043150567908129007 0.049311228646048387 -0.031524989301043346 0.28727869352931945 -0.035318659386156956 -0.012499289946488731 1.2176076370131177 0.042499781551053765 0.37832375746286384 0.11982574836831075 0.18074973889453341
leaf_weight=335.07921589026228 22.079143314156681 317.12826334824786 13.056851048488172 13.144432617817072 3.9344785953871959 4.1279664151370543 15.54601915902458 126.2801586072892 4.7509682537056488 3.9743092618882656 1.8653823719359937 0.97004082053899765 0.93162410426884867 8.9299820810556394 107.05972282635048 3.2684457171708337 107.4987151036039 4.0511975102126598 625.3671554888133 159.27054123557173 6.6316872760653522 16.061696286778901 0.87104971730150271 5.0048719313926986 7.6111233078408977 0.35481529170647252 0.52496129227802157 1.0353477206081154 2.6417157864198089 0.8657442529220124
leaf_count=120415 1668 13931 425 2031 311 223 259 18864 229 264 78 23 19 246 31958 108 15757 109 18405 19088 893 4442 33 162 584 35 23 26 49 192
internal_value=-0.00252715 0.0103537 -0.0034102 -0.00541435 0.00358442 0.0496771 0.0882796 -0.0226266 0.0100857 0.0597308 0.109073 0.198524 0.338946 -0.0309906 -0.0426506 0.0572996 -0.00231888 0.018467 0.017814 -0.00576969 -0.0269632 0.00930771 0.0769387 0.0412949 0.0651075 0.13467 0.516423 0.0905449 0.192611 -0.0206683
internal_weight=1919.92 1453.35 510.853 494.528 324.746 36.8696 23.7252 169.782 34.5715 12.4923 7.74136 3.76705 1.90166 135.21 466.569 16.3253 287.877 8.17916 942.495 266.769 131.49 24.4302 7.50274 21.1073 16.1024 8.49132 0.879777 7.61154 3.67706 16.9274
internal_count=250850 92917 60581 60048 38657 2622 591 21391 2281 613 384 120 42 19110 157933 533 36035 332 32336 34845 37518 5560 926 1190 1028 444 58 386 75 4634
is_linear=0
shrinkage=0.05


Tree=25
num_leaves=31
num_cat=0
split_feature=11 10 3 10 13 1 13 3 28 3 13 13 11 7 29 3 2 5 6 5 9 9 13 27 14 28 27 27 9 13
split_gain=397.28 35.3429 28.8405 36.9463 27.4395 34.8024 28.6967 37.7908 54.5541 21.7735 19.7905 17.6387 17.3222 17.0421 18.6971 16.7455 26.9502 21.6257 63.9406 16.6109 16.2012 18.4561 19.6171 17.2122 16.1849 15.8888 20.8948 57.7389 17.4188 15.8821
threshold=0.0023042226019813036 0.0034269450678693519 0.028460680852125723 0.0030043327267829821 274.50000000000006 0.01308067083048803 279.50000000000006 0.004263607008009874 -0.0068972759338464485 -0.037705787557116503 344.50000000000006 250.50000000000003 0.001678820407852349 0.0059914484938803107 -0.47750531226065168 0.0085973793204151567 -0.00073692587417439881 0.00026016131703255431 0.00098897258395006502 0.0021013207426121535 0.68603349165518146 1.0979951432597621 277.50000000000006 1.0776036482813638 110.50000000000001 -0.015239615221101717 1.199948915016787 1.7183274057576046 0.46398629623207849 281.50000000000006
decision_type=2 2 2 2 2 2 2 2 2 2 2 2 2 2 2 2 2 2 2 2 2 2 2 2 2 2 2 2 2 2
left_child=2 4 12 -4 5 9 7 -6 -9 -2 11 13 -1 14 25 -14 17 18 -17 -10 -21 22 23 -22 -19 26 28 -28 -3 -13
right_child=1 10 3 -5 6 -7 -8 8 19 -11 -12 29 15 -15 -16 16 -18 24 -20 20 21 -23 -24 -25 -26 -27 27 -29 -30 -31
leaf_value=-0.048111066184542639 0.012935362787197556 0.23733177198842267 -0.0019987300401617179 0.62616415159931949 -0.035739870696408209 0.050624991848681758 0.0046776632659410447 2.9463052943049912 0.050776804739277093 -0.031902930791062038 -0.010809558446595877 0.034432610524061269 -0.035911749355932797 0.070018449453208981 -0.0029449216012487744 -0.050212237712977482 -0.010627905692381749 -0.05019336666495481 1.6811546962038115 0.073876514052244671 0.34825667423983647 0.0024432380011599887 0.44448372357648336 0.085042166710298045 0.19442608006280479 0.015698437518930478 0.51971054212793411 0.035201892445115818 0.01631710346182447 0.017964166152644002
leaf_weight=319.91275946190581 34.503226116299629 1.0348223387263695 0.64600006630644091 0.36710250051692128 8.4042033629957604 18.248542500659823 274.22266959608532 0.016682412475350072 13.663344257045539 125.76129317213781 58.468061110936105 215.17506470705848 125.91155339684337 10.193987601436673 173.45057892054319 0.13872304325923623 27.678484158823267 1.0513391548302027 0.086625077994540334 4.8889588969759625 0.99544108146801669 0.90123189240694035 0.99458508752286423 1.6515619764104483 1.8949825905729083 25.222453464753926 0.96184781799092922 1.7047094055451451 6.4363688691519201 458.04190396610647
leaf_count=120638 2287 35 61 13 1235 416 31836 1 375 18781 2961 6536 36909 252 7180 40 6246 292 17 88 37 60 31 47 66 1348 29 47 163 13570
internal_value=-0.00137698 0.011771 -0.0408725 0.225619 0.000776163 -0.0148001 0.00987074 0.055056 0.0880724 -0.0222497 0.0173714 0.0192181 -0.0414389 0.00689224 0.00381046 -0.0278227 0.00519168 0.143246 0.615335 0.0860078 0.137045 0.205027 0.255163 0.184028 0.107138 0.0369473 0.0898139 0.209968 0.0469295 0.0232278
internal_weight=1912.63 1434.94 477.688 1.0131 484.252 178.513 305.739 31.516 23.1118 160.265 950.69 892.222 476.674 219.005 208.811 156.762 30.8502 3.17167 0.225348 23.0951 9.43178 4.54282 3.64159 2.647 2.94632 35.3602 10.1377 2.66656 7.47119 673.217
internal_count=251597 87315 164282 74 55194 21484 33710 1874 639 21068 32121 29160 164208 9054 8802 43570 6661 415 57 638 263 175 115 84 358 1622 274 76 198 20106
is_linear=0
shrinkage=0.05


Tree=26
num_leaves=31
num_cat=0
split_feature=4 13 13 28 1 10 10 3 3 13 10 10 0 29 9 13 30 12 13 12 30 1 1 27 18 9 14 7 9 3
split_gain=361.194 28.0455 38.8229 58.3195 39.6483 26.5934 21.6055 19.7209 18.203 44.1477 20.6754 67.8767 18.1001 20.0858 16.5103 20.6625 14.9901 13.936 13.9097 23.2375 15.9543 13.8131 12.8583 30.5333 12.8471 12.588 20.1317 37.5786 48.6347 14.0766
threshold=0.0030257794654191201 339.50000000000006 335.50000000000006 0.012887523581337297 0.0061199293530883611 0.0018406048509450842 0.0027596926162748335 0.10530884562718847 -0.010534825801379653 360.50000000000006 0.0014058912869184348 0.0013309013229381359 0.0060271807755758475 -0.7149505631983436 0.36307760998480376 348.50000000000006 -1.0000939763726877 0.20345357142857071 273.50000000000006 0.88647857142857289 0.046264804633368968 0.01308067083048803 0.0057754764507063081 0.65333927066564057 0.00063694267515920755 1.0704057099811992 13.500000000000002 0.0009332684917949019 0.68979837986658621 -0.021760666830148653
decision_type=2 2 2 2 2 2 2 2 2 2 2 2 2 2 2 2 2 2 2 2 2 2 2 2 2 2 2 2 2 2
left_child=5 2 6 -4 -5 -1 16 -7 9 14 11 -11 13 -12 15 -3 -2 -8 21 -20 -21 -18 -10 -24 -22 26 27 28 -15 -28
right_child=1 8 3 4 -6 7 17 -9 22 10 12 -13 -14 25 -16 -17 18 -19 19 20 24 -23 23 -25 -26 -27 29 -29 -30 -31
leaf_value=-0.043426002298659998 -0.032242385915114045 0.47085303088682706 0.029680733752763096 0.30378397828793641 0.074263178726397719 -0.019561369516624263 -0.0074814178985335988 0.25879594192772626 -0.031780198147658152 0.10903989021150336 0.46962047490648606 1.3024619634409618 0.25333238364824079 1.1814621660399747 -0.022692377341444848 0.01646707433895335 -0.020929740368923866 0.017929899482129703 -0.00083789838039801084 0.0085823539687162713 0.089274600837133705 0.045355456645406189 0.3549971182717695 -0.00064843092663348118 -0.015305337189601873 -0.02112020884582801 0.13969984951351519 -0.050899948964341461 0.21854266687821378 0.0013731740495143167
leaf_weight=382.43234508112073 32.544949767645448 0.38298226986080297 21.282806684030223 3.8490320285782209 3.6809968184679747 145.37854611757211 57.313959030434489 0.63909696089103718 71.294800145085901 0.61400370369665225 0.28796848864294489 0.14782953890971839 1.2785774618387211 0.20282652415334979 31.141528736799955 0.72158141038380563 63.109333568951115 920.35297157848254 75.477737701963633 16.13170159724541 19.456974776228893 8.9775935336947423 0.6149813337251534 32.330841212766245 3.4586264491081229 4.4386123246513298 2.9924390630330846 0.45134391868487 0.37097168900072575 4.7723143084440425
leaf_count=140456 4932 22 1936 55 69 30725 3326 25 10619 103 24 29 23 20 1965 38 7996 30503 11792 1443 1340 189 36 2502 321 444 102 40 36 486
internal_value=-0.00135244 0.0121276 0.0146403 0.0719931 0.191584 -0.0364953 0.0132595 -0.018343 -0.00812699 0.0174205 0.0865995 0.340617 0.0735195 0.0565103 -0.0159543 0.174015 -0.000929573 0.0164402 0.00453135 0.0153616 0.0466748 -0.0126747 -0.0198427 0.00599021 0.0734905 0.0475174 0.0821771 0.29043 0.558916 0.0546825
internal_weight=1906.13 1377.68 1225.64 28.8128 7.53003 528.45 1196.82 146.018 152.044 47.803 15.5569 0.761833 14.7951 13.5165 32.2461 1.10456 219.157 977.667 186.612 114.525 39.0473 72.0869 104.241 32.9458 22.9156 13.2285 8.7899 1.02514 0.573798 7.76475
internal_count=251597 80391 63902 2060 124 171206 61842 30750 16489 3332 1307 132 1175 1152 2025 60 28013 33829 23081 14896 3104 8185 13157 2538 1661 1128 684 96 56 588
is_linear=0
shrinkage=0.05


Tree=27
num_leaves=31
num_cat=0
split_feature=11 4 3 13 13 28 1 27 11 13 3 6 10 12 12 14 11 28 7 3 12 12 13 13 28 11 3 14 9 0
split_gain=350.156 48.475 26.6507 21.9085 45.8147 41.2809 22.1143 20.3981 18.403 20.3262 25.1405 26.8254 18.8208 19.5062 56.0839 18.3722 18.2563 21.1599 26.9538 20.9395 17.2832 17.221 16.9629 16.1521 30.0726 14.0747 13.8865 21.6187 12.2618 12.2119
threshold=0.0022096288235811177 0.0023826607280828362 0.032854989186147605 339.50000000000006 335.50000000000006 0.012887523581337297 0.0061199293530883611 204203.50000000003 0.0031537448228779849 360.50000000000006 -0.015670439488698448 1.0000000180025095e-35 0.0023854554337516196 0.49338214285714649 0.61980357142856857 13.500000000000002 0.0042400164342706352 0.0023381013013839109 0.00096186076357198519 -0.023043635019500016 0.85493928571428779 0.20345357142857071 241.50000000000003 365.50000000000006 0.0035145800690054778 0.001678820407852349 0.0085973793204151567 110.50000000000001 1.0124552153572912 -0.0076285569070790307
decision_type=2 2 2 2 2 2 2 2 2 2 2 2 2 2 2 2 2 2 2 2 2 2 2 2 2 2 2 2 2 2
left_child=2 22 25 4 21 7 -7 16 -5 -10 11 -11 13 -12 -15 -13 -6 19 -19 20 -18 -3 -2 24 -16 -1 29 -28 -8 -27
right_child=1 3 -4 8 5 6 28 -9 9 10 12 15 -14 14 23 -17 17 18 -20 -21 -22 -23 -24 -25 -26 26 27 -29 -30 -31
leaf_value=-0.047913149752067702 0.13465337955611434 -0.0085246626985808847 0.63402619781538139 -0.032719499823220866 -0.011228753650140161 0.23900570560269752 -0.053785322101559112 0.44613247379705312 -0.010641096566791606 0.42261059899127762 0.002533508568657123 0.28203835837976315 -0.0096330672514645943 0.70809227687853138 -0.050450873419005129 0.057944577750906223 0.24647582627765241 0.35939292597305172 0.067655901174017458 -0.051401522201232522 -0.011956264840172058 0.014556043099848604 -0.029670819672010858 -0.051708078914277047 0.8349596322035604 0.59010271626216471 -0.026873884286623934 0.071690067576558478 0.13805146600554122 -0.03674854098805809
leaf_weight=293.03701840108261 1.6006482513621438 86.979083421174437 0.14588038437068362 45.191122964490205 11.23902293993161 4.81018129410222 1.2050194349139931 0.3014315259642889 61.939155912492424 0.62983293971046705 1.8721096622757643 1.0386020462028662 19.197070725262165 0.46086647640913714 0.22107041813433148 7.6617764965631068 1.4988034968264403 1.3280650135129692 1.9604633729904888 3.5212130248546583 1.1382807567715643 1140.6861458776984 83.373443871038035 0.89586487505584955 0.16937655350193381 0.077755117788909867 17.136435910593722 8.2376490256283414 2.6978998612612486 100.58526673726737
leaf_count=120643 93 7789 11 7039 1196 57 30 21 3089 24 176 34 1135 32 27 247 39 33 40 174 21 53263 17682 71 15 3 4832 965 41 32775
internal_value=-0.00132486 0.0100903 -0.0416685 0.0123211 0.0144053 0.0757675 0.167254 0.037786 -0.0064948 0.00610141 0.0383604 0.107506 0.0100848 0.11467 0.234825 0.0846956 0.0318356 0.08307 0.185473 0.0283867 0.134925 0.0129208 -0.0265755 0.065261 0.333642 -0.0419037 -0.0279318 0.00512472 0.0788222 -0.0362643
internal_weight=1900.84 1481.62 419.22 1396.64 1257.37 29.7004 8.7131 20.9873 139.277 94.0857 32.1466 9.33021 22.8164 3.61929 1.74718 8.70038 20.6858 9.44683 3.28853 6.1583 2.63708 1227.67 84.9741 1.28631 0.390447 419.074 126.037 25.3741 3.90292 100.663
internal_count=251597 92368 159229 74593 62704 1652 128 1524 11889 4850 1761 305 1456 321 145 281 1503 307 73 234 60 61052 17775 113 42 159218 38575 5797 71 32778
is_linear=0
shrinkage=0.05


Tree=28
num_leaves=31
num_cat=0
split_feature=11 4 3 14 14 28 15 3 4 3 12 14 11 14 10 10 10 0 12 12 1 14 1 12 4 10 1 9 7 12
split_gain=327.157 44.0134 17.5935 16.5334 25.6247 34.3625 47.2938 22.5343 21.6929 17.9579 20.2466 13.871 13.2823 20.2415 22.6361 19.1988 18.4948 22.1739 17.3597 28.5509 15.434 13.6508 12.9675 12.7581 11.7681 27.0951 11.3653 10.9855 11.7081 10.6188
threshold=0.0022096288235811177 0.0030992909863091184 0.016935678854501649 49.500000000000007 54.500000000000007 0.0034470811073552656 0.24170088700198261 -0.014521974344099907 0.0046057840711509037 -0.023043635019500016 0.88647857142857289 147.50000000000003 0.0032873107967759559 29.500000000000004 0.0023854554337516196 0.0063174934937262695 0.0022006733021111336 0.0019836560312235245 0.56277857142857368 0.68714285714286061 -0.0091604904431619154 22.500000000000004 0.014803371984338788 0.20345357142857071 0.0032325672277613042 0.0038331046327452598 -0.0046887451640621461 0.39532784751369593 0.0024707665311791143 0.23797857142856724
decision_type=2 2 2 2 2 2 2 2 2 2 2 2 2 2 2 2 2 2 2 2 2 2 2 2 2 2 2 2 2 2
left_child=2 -2 11 12 5 9 8 -8 -7 10 -5 -1 -3 14 16 -16 18 20 -14 -20 -18 -17 -4 -6 25 -15 -21 -13 -29 -25
right_child=1 3 22 4 23 6 7 -9 -10 -11 -12 27 13 24 15 21 17 -19 19 26 -22 -23 -24 29 -26 -27 -28 28 -30 -31
leaf_value=-0.043412137110156977 -0.014723594196313007 -0.029532623194603088 0.02159759700895365 0.17207759105715895 -0.0068066318664228645 0.12698116249455169 0.43178653144775786 0.057063662440092089 0.39369601340180849 -0.036458192245420157 -0.055382233254814062 0.33945489991258149 -0.051187082573591593 -0.050462499229131666 -0.00014220834905734483 0.19257089817147818 0.39780099378000211 0.57132372884536176 0.54178084792587666 0.2220469442721687 -0.051482288477973828 0.015600814665336409 0.41743440403145499 0.042901277675444209 -0.014930705055711636 0.66601396690601655 -0.052012570685080084 -0.050946886930619932 0.32409101853203687 0.013568928970176912
leaf_weight=392.54681503004394 166.80519420444034 38.163718336261809 7.7777767640072843 2.600405442994087 75.683086935430765 1.3350481144152611 0.41161862760782852 15.854394909925754 1.777246798854321 10.320481492672114 1.5683828350156543 0.37874741386622091 1.4494162760674982 0.3572114328853776 20.362781289499257 2.4790701540186992 0.3327378504909575 0.4803254478611052 0.42118479311466206 0.7124645230360328 0.44922137213870861 1.9443088518455622 0.21255562128499139 31.774781520478427 51.827113813254982 0.20925486087799072 0.80653747916221608 0.95101789385080315 0.26639555115252733 1065.4510858439608
leaf_count=157828 31502 5293 1292 75 5848 27 8 538 28 905 44 10 108 43 1036 40 12 17 20 17 34 32 8 1864 2327 16 48 75 16 42486
internal_value=-0.00129442 0.00948347 -0.0413249 0.0125268 0.0142869 0.057164 0.100714 0.0665462 0.279286 -0.00108046 0.0865026 -0.042814 -0.00517361 0.00618668 0.039362 0.0203676 0.140568 0.303939 0.0797288 0.177529 0.139696 0.114783 0.0321275 0.0130488 -0.0124533 0.214207 0.0765308 0.104283 0.0311193 0.0144184
internal_weight=1895.71 1493.58 402.133 1326.77 1206.78 33.8676 19.3783 16.266 3.11229 14.4893 4.16879 394.143 119.995 81.8316 29.438 24.7862 4.65189 1.26228 3.3896 1.94019 0.781959 4.42338 7.99033 1172.91 52.3936 0.566466 1.519 1.59616 1.21741 1097.23
internal_count=251597 92368 159229 60866 51823 1625 601 546 55 1024 119 157929 9043 3750 1364 1108 256 63 193 85 46 72 1300 50198 2386 59 65 101 91 44350
is_linear=0
shrinkage=0.05


Tree=29
num_leaves=31
num_cat=0
split_feature=11 4 13 13 28 15 11 11 12 27 13 14 28 2 29 8 4 0 6 28 9 28 11 4 15 6 13 29 13 11
split_gain=305.661 41.0679 17.9404 32.5487 27.3996 17.7881 15.9784 15.8718 15.7453 19.0488 24.2424 65.4648 35.194 35.4015 56.659 90.9226 23.8021 20.2213 48.6008 20.1718 31.6686 19.7575 15.9701 18.4917 18.5461 16.2683 15.2371 15.706 14.4517 13.9562
threshold=0.0022096288235811177 0.0023826607280828362 339.50000000000006 335.50000000000006 0.012887523581337297 0.61480303573269646 0.0031537448228779849 0.001678820407852349 0.59392857142857258 1.2274359157610528 324.50000000000006 60.500000000000007 0.013827326496598959 0.00011961724028408673 -0.42664009999995639 0.62432326302642338 0.0048525906207301838 -0.0023083041906722386 0.001451517498747251 0.00070677139068985202 0.82690967225449119 -0.015239615221101717 0.0027449828955163381 0.0065047537389125521 0.63235292722750891 0.0004806652117361814 360.50000000000006 -0.79042480244929803 241.50000000000003 0.0044540755951864618
decision_type=2 2 2 2 2 2 2 2 2 2 2 2 2 2 2 2 2 2 2 2 2 2 2 2 2 2 2 2 2 2
left_child=7 28 3 8 -5 -6 -4 -1 9 21 16 -12 13 17 15 -15 -11 18 -13 20 -16 -3 -21 24 -24 -26 -8 -28 -2 -7
right_child=1 2 6 4 5 29 26 -9 -10 10 11 12 -14 14 19 -17 -18 -19 -20 22 -22 -23 23 -25 25 -27 27 -29 -30 -31
leaf_value=-0.047693515480908569 0.11525298008275596 0.020614214465336837 -0.031658004818553569 0.031048969693902945 0.19573682806034567 0.1658505252406183 -0.009877925755442718 -0.025700635646620808 0.015684189424066269 -0.017805069569094466 -0.018741032112063866 -0.051006586439515417 -0.054574998787069798 0.16054440469999606 0.094674426315126153 1.1842609105621997 0.02052213577644944 -0.014945474078700092 0.77077494295226268 -0.052786489927757689 0.77398972679221956 -0.013558992362567371 -0.051155699223388411 -0.0011641259272480396 0.54683131654201156 0.24351131653888394 0.35795039366217507 0.028269762739942146 -0.02870928564375267 -0.002457008349840248
leaf_weight=267.71144420094788 1.7821574755944301 54.924331916030496 42.688718593679368 22.488229509210214 5.1104957712814194 2.0370165193453431 60.826861443463713 118.2807921776548 797.71707217337098 57.718159736134112 11.547700934344904 0.4423598027788106 1.7261844114400435 0.4673534776084115 0.3268894297070809 0.40472941659390926 135.85246766591445 2.3950969020370376 0.30325671099126339 0.73420727951452125 0.36106527177616954 183.95819461508654 0.39898961316794235 0.85319736134260882 0.58305648062378201 1.8280201517045496 0.36513955146074195 33.997553256805986 79.856525677256286 3.1154302060604095
leaf_count=120644 93 1405 7039 1524 42 52 3089 38585 31522 7212 736 39 39 19 14 36 4480 150 8 90 26 15141 32 17 23 63 17 1744 17682 34
internal_value=-0.00126076 0.00892082 0.0108992 0.0127378 0.0619439 0.129641 -0.00624085 -0.0409542 0.0114512 0.00402696 0.0147892 0.0640674 0.152409 0.19168 0.263292 0.635646 0.00909387 0.0558419 0.283228 0.199438 0.451205 -0.00570182 0.16005 0.202708 0.264608 0.316861 0.00515772 0.031773 -0.0255666 0.0640833
internal_weight=1890.8 1504.81 1423.17 1285.29 32.7512 10.2629 137.878 385.992 1252.54 454.825 215.943 22.3721 10.8244 9.09822 5.95751 0.872083 193.571 3.14071 0.745617 5.08543 0.687955 238.883 4.39747 3.66326 2.81007 2.41108 95.1896 34.3627 81.6387 5.15245
internal_count=251597 92368 74593 62704 1652 128 11889 159229 61052 29530 12984 1292 556 517 320 55 11692 197 47 265 40 16546 225 135 118 86 4850 1761 17775 86
is_linear=0
shrinkage=0.05


Tree=30
num_leaves=31
num_cat=0
split_feature=11 10 13 1 12 13 27 0 0 1 13 13 13 13 13 14 1 13 3 3 28 15 13 8 28 6 18 5 3 3
split_gain=287.076 28.9459 20.4148 24.5955 18.6698 17.2838 17.5866 16.516 26.7717 52.5753 15.3338 19.6436 18.4146 47.8705 51.2076 46.2356 45.1524 35.8829 70.2643 61.7364 35.7256 23.3713 21.6054 21.2932 20.4601 21.41 38.5089 18.9514 18.5181 17.1604
threshold=0.0020638433259439074 0.0027596926162748335 273.50000000000006 0.01308067083048803 1.0316821428571412 280.50000000000006 0.18973848673002078 -0.00015960893975336396 0.0004478033339350152 -0.0061953632525697513 339.50000000000006 250.50000000000003 281.50000000000006 295.50000000000006 297.50000000000006 93.500000000000014 0.017462742383245747 274.50000000000006 -0.024622944436041735 0.0062812867453992957 -0.016542270741296976 0.81967211771027959 257.50000000000006 0.63743853806849959 0.0022869065761525757 0.00027371481066774375 0.00018724693799842876 0.0028143140227772103 0.017752788622147467 -0.11149595217873985
decision_type=2 2 2 2 2 2 2 2 2 2 2 2 2 2 2 2 2 2 2 2 2 2 2 2 2 2 2 2 2 2
left_child=-1 2 3 -2 -4 -6 7 -7 9 -9 11 -3 16 -14 15 20 17 18 22 -19 -15 -17 29 -22 25 26 -21 -18 -26 -13
right_child=1 10 4 -5 5 6 -8 8 -10 -11 -12 12 13 14 -16 21 27 19 -20 24 23 -23 -24 -25 28 -27 -28 -29 -30 -31
leaf_value=-0.043782986011995706 -0.029752153319212993 0.00027981215346905728 -0.0047109636395796127 0.045675644332758336 0.081724688842177096 0.053298146697045315 0.00072555959361552704 1.1318395484077546 0.032788023024576091 0.10982079031041299 -0.007685812744754216 0.012139038488361814 -0.0407825885289416 0.3742424229603743 0.013244837987685214 -0.053076180400286714 0.15565579610500405 -0.033955122001594243 -0.015563044652179859 0.68410575472638657 0.4125540063657952 0.30291692404662113 -0.0039108882767085185 -0.051194791862113224 -0.025017334897171697 0.13025398776022185 0.10455280465492621 0.062270373330295108 0.093787491030668246 0.066893184358538582
leaf_weight=335.504215198569 107.06839500530623 246.18447203538381 181.71842020493932 12.021132779307662 11.845925189089028 6.2087610671296716 39.067653548670933 0.21134217130020261 0.59497439651750028 0.31102209421805926 100.70062216743827 18.82410048507154 41.380073788808659 2.5469162361696367 501.39374582679011 2.6826297573279594 6.9435833347961333 12.965983238304032 115.63232272909954 0.54368358105420955 0.32374178781174023 0.55671988031826902 20.474715699907392 1.0513634809758512 3.7553858053870526 3.5415607206523418 0.60621947562322021 24.969099462032318 25.907990755862556 59.669692111201584
leaf_count=150144 18095 10189 30292 235 434 423 4481 18 63 45 6738 187 2444 29 16289 120 84 1128 6821 29 32 26 669 83 230 83 15 242 242 1365
internal_value=-0.00184916 0.00722934 -0.00521456 -0.0221383 0.00318459 0.0278201 0.0140565 0.0851457 0.262114 0.523317 0.0109819 0.0127066 0.0163323 0.010933 0.015141 0.147899 0.0264375 0.0195959 0.0109055 0.0590069 0.263359 0.00810537 0.0418308 0.0579858 0.094092 0.191118 0.37857 0.0825892 0.0787468 0.0537622
internal_weight=1885.21 1549.7 359.048 119.09 239.958 58.2397 46.3938 7.3261 1.11734 0.522364 1190.65 1089.95 843.77 549.935 508.555 7.16137 293.834 261.922 214.601 47.3208 3.92202 3.23935 98.9685 1.37511 34.3548 4.69146 1.1499 31.9127 29.6634 78.4938
internal_count=251275 101131 54086 18330 35756 5464 5030 549 126 63 47045 40307 30118 19023 16579 290 11095 10769 9042 1727 144 146 2221 115 599 127 44 326 472 1552
is_linear=0
shrinkage=0.05


Tree=31
num_leaves=31
num_cat=0
split_feature=11 4 13 13 28 15 3 12 4 14 3 13 6 10 11 6 11 6 5 14 13 7 28 13 4 18 30 1 1 0
split_gain=269.523 36.8937 14.3754 26.3098 20.3308 25.7715 15.3429 17.2624 16.4435 31.9501 14.6533 29.3828 18.4335 28.9596 15.5959 15.8794 15.024 14.1017 24.8444 36.7796 14.0359 15.4569 14.0644 104.732 12.5846 11.5142 18.4263 15.2967 15.514 16.5727
threshold=0.0020638433259439074 0.0028592877675273584 339.50000000000006 335.50000000000006 0.0034470811073552656 0.24170088700198261 -0.02624969949499328 0.88647857142857289 0.0032604588719101703 51.500000000000007 -0.011861417433738973 360.50000000000006 1.0000000180025095e-35 0.0044203558205069193 0.005527704077961341 0.0012999835211011995 0.0062669832275071566 0.0044755350744399127 0.00091427154337560604 35.500000000000007 244.50000000000003 0.0024707665311791143 -0.011655282909441506 365.50000000000006 0.0039316773933877206 1.988967660427356e-05 -0.81996594575598702 0.0095438440289507005 -0.0076398520999909061 0.0099358143097009206
decision_type=2 2 2 2 2 2 2 2 2 2 2 2 2 2 2 2 2 2 2 2 2 2 2 2 2 2 2 2 2 2
left_child=20 -2 3 25 6 -6 7 -5 9 -8 11 -4 13 -13 -14 -16 -17 -12 19 -19 21 -1 23 -22 -7 26 -3 28 -27 -30
right_child=1 2 10 4 5 24 8 -9 -10 -11 17 12 14 -15 15 16 -18 18 -20 -21 22 -23 -24 -25 -26 27 -28 -29 29 -31
leaf_value=0.026102872858330864 -0.016938403634483439 0.00091923586528348778 -0.013168879039959317 0.16154063695823997 0.20040308477654262 -0.052724534430946796 0.77002326036851387 -0.058785877923302227 -0.04551457051764482 0.024322301519977628 -0.021912129783585695 0.056818558260333399 0.016771023864659989 0.49557690006991245 0.0033752104421394882 0.3255241541372938 0.10274449929214929 -0.051825560509966208 -0.01005755862660951 0.55024558413164237 -0.050167687057414895 0.41399875340367953 -0.044687951635668008 1.9413997318567173 0.076236863599240631 0.010425653659411008 0.017286642711560819 0.017522818258701167 -0.018739743953733328 0.056404196198934733
leaf_weight=1.2665688185952593 147.89128100802191 235.29098738706671 28.611298781819642 2.73730026744306 3.9995347075164345 2.196080580353736 0.18285624450072546 1.3166182795539496 8.9861719980835897 0.66981814242899418 85.613998638931662 0.92684097588062175 9.5228372137062234 0.63288453361019492 1.6842869883403171 1.2795020295307042 1.8524657571688292 0.45070481905713611 2.2175707938149571 0.58020073268562555 0.53501231758855183 0.32214173907414068 319.02198087261058 0.075304785277694464 13.650324390502645 102.37602944695391 638.82549221150111 113.82499341922812 141.57115395460278 7.7385364398360243
leaf_count=115 31898 9324 1604 50 52 178 34 29 773 117 8862 97 691 14 36 28 30 24 63 16 181 22 149811 15 306 3489 30204 2620 10456 136
internal_value=-0.00179773 0.0068173 0.00931475 0.0109505 0.0545151 0.0869896 0.00812509 0.0899837 -0.0256033 0.184238 -0.00630291 0.0171143 0.0716114 0.234852 0.053855 0.127179 0.193757 -0.0180323 0.0842215 0.287024 -0.0434923 0.104756 -0.0442292 0.195565 0.0583647 0.00976486 0.0128809 0.00231279 -0.00456595 -0.0148451
internal_weight=1875.85 1554.63 1406.74 1273.37 33.7387 19.8459 13.8928 4.05392 9.83885 0.852674 133.373 44.5101 15.8988 1.55973 14.3391 4.81625 3.13197 88.8625 3.24848 1.03091 321.221 1.58871 319.632 0.610317 15.8464 1239.63 874.116 365.511 251.686 149.31
internal_count=251275 101131 69233 57768 1539 536 1003 79 924 151 11465 2500 896 111 785 94 58 8965 103 40 150144 137 150007 196 484 56229 39528 16701 14081 10592
is_linear=0
shrinkage=0.05


Tree=32
num_leaves=31
num_cat=0
split_feature=11 4 29 4 18 11 1 29 13 13 5 12 3 28 13 10 1 13 4 5 28 28 2 28 13 13 3 2 11 14
split_gain=253.442 33.3347 13.0252 19.8447 16.1924 13.4971 13.4519 16.4888 16.1104 28.7913 14.6158 18.5093 16.0389 13.5673 12.3522 12.1636 18.686 16.6643 17.6043 28.725 17.1511 16.4777 31.07 18.3984 13.8474 30.6045 43.5782 29.681 26.1893 23.1032
threshold=0.0020638433259439074 0.0028592877675273584 1.0123993069152049 0.010443324028488387 1.988967660427356e-05 0.024560403910552812 0.0085785526210427916 0.95254736006705709 264.50000000000006 254.50000000000003 0.0034179019778981848 0.63817500000000094 -0.044304656654881973 -0.010487134334816567 244.50000000000003 0.0067675055283831281 0.01308067083048803 265.50000000000006 0.0047895997263085466 0.00027907537255249004 0.020340015263120976 -0.0060026745962653552 0.021170151059889623 -0.0070979096478833411 273.50000000000006 279.50000000000006 0.0066985938186022729 0.00030119831602071217 0.0098593937995563492 115.50000000000001
decision_type=2 2 2 2 2 2 2 2 2 2 2 2 2 2 2 2 2 2 2 2 2 2 2 2 2 2 2 2 2 2
left_child=14 -2 4 5 15 -4 13 8 9 -8 11 -11 -12 -6 -1 16 24 18 19 -18 -21 22 23 -17 28 26 -26 29 -3 -28
right_child=1 2 3 -5 6 -7 7 -9 -10 10 12 -13 -14 -15 -16 21 17 -19 -20 20 -22 -23 -24 -25 25 -27 27 -29 -30 -31
leaf_value=0.088536309765462465 -0.016363420482683941 -0.019835430790145055 -0.0117397035900143 0.015319794018939861 0.013192886874664618 0.058692733825189393 -0.019321749222990358 0.19586583881416475 -0.0021667481314589813 0.32919557651948417 0.13240130917174167 0.097966089445049587 0.024453113401471063 -0.013820944634710688 -0.043966646522859809 0.035886830824558444 0.50491886437554501 0.019229193015826776 0.050536039983085118 0.050719405957106937 0.29199050652475006 0.01108015421731073 0.26760339601042599 0.18685600297155 -0.037475454818742863 0.0097741180522874001 0.20193559242006193 0.053667810553158016 0.01606261951153426 0.0022864327663401278
leaf_weight=1.7690341942943622 145.49569676956162 97.389331669779494 201.55962586356327 133.58070201613009 68.499053351581097 7.0395217961631706 11.923251312226055 1.2894618664868165 50.167231489904225 1.1654701831284935 4.8705095984041753 3.3619921742938459 11.723910663742567 144.58990237326361 306.13672113174107 69.449125496204942 0.53579188883304851 44.848160271998495 18.92633121740073 2.8118878370150928 0.99801291525363911 69.799187263008207 1.5352984312921751 2.0784977488219729 10.020945518277584 318.0191351659596 6.9525766414590162 25.346260897815228 106.22140368819237 1.8305449467152355
leaf_count=137 31898 8408 11625 2331 2043 166 374 34 1511 40 51 64 169 11704 150007 1164 16 881 296 107 17 1597 22 47 1073 20785 95 447 4144 22
internal_value=-0.0017451 0.00642751 0.00876843 0.000272802 0.0114743 -0.00936284 0.00155714 0.0184382 0.0156888 0.042796 0.0778613 0.15749 0.0561362 -0.00513714 -0.0432054 0.0152737 0.0123034 0.0370436 0.0713741 0.162128 0.113921 0.0284535 0.0450508 0.0402738 0.00932462 0.0151897 0.0541988 0.0811159 -0.00110783 0.160325
internal_weight=1869.93 1562.03 1416.53 342.18 1074.35 208.599 297.591 84.5018 83.2124 33.0451 21.1219 4.52746 16.5944 213.089 307.906 776.762 633.9 68.1202 23.272 4.34569 3.8099 142.862 73.0629 71.5276 565.78 362.169 44.1503 34.1294 203.611 8.78312
internal_count=251275 101131 69233 14122 55111 11791 15990 2243 2209 698 324 104 220 13747 150144 39121 36291 1317 436 140 124 2830 1233 1211 34974 22422 1637 564 12552 117
is_linear=0
shrinkage=0.05


Tree=33
num_leaves=31
num_cat=0
split_feature=11 4 11 10 13 13 11 10 13 13 12 13 10 27 12 29 10 6 13 4 11 27 5 12 7 5 15 9 12 11
split_gain=238.078 30.149 12.8367 16.0998 12.5952 22.4562 12.9095 17.3395 21.4619 58.0767 14.3741 20.5478 10.8499 13.7486 31.7751 18.0885 15.6893 10.6157 14.7277 14.9122 28.5112 60.2242 93.1511 10.5424 10.4329 15.0503 59.9552 21.9306 10.5222 10.2418
threshold=0.0020638433259439074 0.0028592877675273584 0.001678820407852349 0.00025610304041241732 339.50000000000006 335.50000000000006 0.005527704077961341 0.0030439154175726994 358.50000000000006 364.50000000000006 0.31928571428571378 352.50000000000006 0.0027274644812074725 204203.50000000003 0.12548571428571367 -0.34651545953815199 0.0012764877140006832 0.00098897258395006502 382.50000000000006 0.0054575570788270916 0.0018516808043893469 1.7577495484897427 0.0038120729176003591 2.5799071428571465 0.00050993575842326548 2.884587650593288e-05 0.87091764591644061 1.3058360460055407 3.1666428571428513 0.0039790906052524196
decision_type=2 2 2 2 2 2 2 2 2 2 2 2 2 2 2 2 2 2 2 2 2 2 2 2 2 2 2 2 2 2
left_child=2 12 -1 -4 5 -3 -6 8 23 -10 11 -9 13 -2 -15 16 -16 -5 19 -19 21 -21 -23 -8 -14 26 27 -26 -27 -7
right_child=1 4 3 17 6 29 7 10 9 -11 -12 -13 24 14 15 -17 -18 18 -20 20 -22 22 -24 -25 25 28 -28 -29 -30 -31
leaf_value=-0.048765639577159528 -0.027895955793364669 0.008674749588720769 0.80493938450759739 -0.035554025984862167 -0.014285323532077902 0.013266882400930555 -0.05110273513151297 -0.051849131423498646 0.76489779010591707 -0.051803514586109205 -0.0017508797578960171 0.22710065469392218 -0.018178115199016531 0.70940824086422405 -0.050418838027255643 -0.053462809092436392 0.60011677962004761 -0.0071389769992864938 0.80066636009821313 -0.050604556198357478 0.0026860843475585202 2.0142812032660582 -0.050430728548299754 0.22099272021060445 -0.050362165381894308 0.01241866590107029 1.3323417770698598 0.62641353357723262 0.17128113718453092 0.069493490974627078
leaf_weight=224.03938658116385 95.286539121996611 1255.9315122173866 0.058476718608288958 54.71660824934952 105.81530565908179 12.669124866602941 1.0462745977565675 1.0785918324254482 0.42891282821074117 0.4419968519359827 22.067936019040644 1.7017390178516505 24.471436839317903 0.19738783314824004 0.1552401348017155 1.2619086392223833 0.22999986191280186 14.689635440357966 0.058769078925250962 0.25001008063554653 0.92496029217727482 0.12108991481363773 0.09952663816511631 0.53958130907267321 0.63205971522256987 19.626423483248804 0.10848693177103996 0.14766743779182434 1.1007912158966053 22.451894676778466
leaf_count=120660 24967 56229 29 23507 10771 1109 62 37 26 17 513 29 3557 31 29 174 22 5681 25 47 153 26 16 10 104 2913 19 14 68 430
internal_value=-0.00168661 0.00606855 -0.042897 -0.0243576 0.00826759 0.00977747 -0.0063758 0.024276 0.150993 0.350412 0.0117474 0.118886 -0.015799 -0.0252787 0.109926 0.0380868 0.33797 -0.0250419 0.0105865 0.00769985 0.16389 0.480717 1.08283 0.0414767 0.00418004 0.0294923 0.231037 0.077808 0.0208556 0.049211
internal_weight=1862.35 1567.39 294.958 70.9191 1424.17 1291.05 133.12 27.305 2.45677 0.87091 24.8483 2.78033 143.218 97.1311 1.84454 1.64715 0.38524 70.8606 16.144 16.0852 1.39559 0.470627 0.220617 1.58586 46.0869 21.6154 0.888214 0.779727 20.7272 35.121
internal_count=251275 101131 150144 29484 69233 57768 11465 694 115 43 579 66 31898 25223 256 225 51 29455 5948 5923 242 89 42 72 6675 3118 137 118 2981 1539
is_linear=0
shrinkage=0.05


Tree=34
num_leaves=31
num_cat=0
split_feature=11 4 1 28 18 2 13 13 3 3 2 2 7 29 1 1 7 13 28 13 3 13 3 1 30 3 10 29 7 7
split_gain=224.124 28.0474 14.7179 23.299 21.1005 20.6353 17.2368 40.4966 43.1201 31.912 28.0772 27.1494 24.4021 16.5448 16.1215 15.9236 15.8868 18.239 15.3294 14.8684 18.4596 19.7283 18.1713 22.8724 34.3226 17.0647 30.5713 32.0227 16.2486 15.6193
threshold=0.0020638433259439074 0.0023826607280828362 0.009035901710005791 -0.011032114793069429 0.00034993992702677984 -0.0088596837907045627 271.50000000000006 279.50000000000006 0.0066985938186022729 -0.044304656654881973 0.0089778364133243933 0.00062161006357031045 0.0013099588058817239 -0.8030488650395603 -0.0025145891071672861 0.001836916779484943 0.0008352622614565073 246.50000000000003 -0.012354773670870954 342.50000000000006 0.0074673814281396309 334.50000000000006 0.0013681118465843636 0.0029790982629569478 0.31271284261468679 0.073488076978585407 0.00354905466111628 -0.32526634592338827 0.0011332156363711768 0.0014595475324303065
decision_type=2 2 2 2 2 2 2 2 2 2 2 2 2 2 2 2 2 2 2 2 2 2 2 2 2 2 2 2 2 2
left_child=-1 -2 3 5 6 -3 9 8 -8 -5 -9 15 13 -13 16 -10 -7 -18 -19 20 22 25 -12 -24 29 -22 27 -27 -26 -25
right_child=1 2 -4 4 -6 14 7 10 11 -11 19 12 -14 -15 -16 -17 17 18 -20 -21 21 -23 23 24 28 26 -28 -29 -30 -31
leaf_value=-0.042597815001039742 -0.022083858263038519 0.010710206575216048 0.015571037828633878 0.030324531811661639 -0.016537919680551159 0.024990103149073243 -0.024957403323994529 -0.0067622920156982999 0.11486290255707757 -0.019181511669414397 0.046334874590597271 0.4657814382019872 -0.0067861820812256061 0.078212440162059638 0.0022579767718455333 0.2838477440062383 0.43623411497449177 0.072193536861734631 0.20511556161480413 -0.022080067146284937 -0.0049839184858894159 0.077635660324697098 -0.016022539346817546 0.24934611292343059 0.86178687115771568 0.054994610957949122 0.021583094691291795 0.48127313492256563 0.31580621594639274 0.023401790546056924
leaf_weight=283.18755356548354 85.779350087279454 328.92336675804108 396.45924629969522 41.596119196154177 165.48604395193979 9.8647126862779277 14.951089967973529 220.56554874219 10.343560934066771 149.71387852285989 11.43620139360428 0.2793768029660012 12.045702092931604 19.160236631985757 11.633752301568164 1.6112263349350531 0.40961872600018878 11.287196724209931 2.6850428511388609 13.640940893907098 41.621519597712904 12.652258915361015 1.3599012647755433 1.956926096230746 0.27387984283268441 0.92186217196285725 5.9028863506391644 0.84384797746315487 0.2712150018196553 1.2556870141997931
leaf_count=150144 21366 8864 10748 1426 13952 299 1988 22760 177 13767 508 6 269 457 318 44 13 253 95 1138 1896 288 107 106 27 31 126 35 15 52
internal_value=-0.00164616 0.00571733 0.00731876 0.0043246 -0.000844159 0.0146378 0.00377369 0.0100586 0.0482821 -0.00841752 0.00292114 0.0734894 0.0491325 0.0837824 0.0506429 0.137638 0.0738585 0.107378 0.0977371 0.0261022 0.0344752 0.0219405 0.0813783 0.159689 0.223278 0.00764419 0.0761836 0.258717 0.590131 0.161033
internal_weight=1858.12 1574.93 1489.15 1092.69 727.89 364.804 562.404 371.094 58.3912 191.31 312.703 43.4401 31.4853 19.4396 35.8803 11.9548 24.2466 14.3819 13.9722 92.1371 78.4962 61.9424 16.5538 5.11761 3.75771 49.2901 7.6686 1.76571 0.545095 3.21261
internal_count=251275 101131 79765 69017 59175 9842 45223 30030 2941 15193 27089 953 732 463 978 221 660 361 348 4329 3191 2376 815 307 200 2088 192 66 42 158
is_linear=0
shrinkage=0.05


Tree=35
num_leaves=31
num_cat=0
split_feature=10 6 7 12 7 1 6 12 14 10 27 10 30 5 27 9 12 13 1 1 18 6 10 9 12 1 0 13 13 12
split_gain=179.906 21.2668 20.9917 15.5336 11.002 10.8791 10.5014 23.6142 91.1806 10.3534 11.5044 9.19942 12.1004 12.0428 12.6386 16.7607 13.5082 14.787 12.7649 18.7877 11.5394 10.8703 10.7941 17.7791 21.8819 10.2031 9.75042 10.7238 22.7818 13.6351
threshold=0.0018687842220845871 0.0008274394691838758 0.0011058431130974539 0.52052857142857401 0.0049536097582581831 0.01308067083048803 0.0010115665408808891 0.032728571428571288 75.500000000000014 0.011864500735332109 1.0136292532425935 0.004841369871352575 -24.75388743024568 0.0098744187404289276 0.86108916097238108 0.32649488441062691 0.65603214285713574 297.50000000000006 -0.0025679729491082655 -0.0036382217917551025 0.001471491520939266 8.1753894272899264e-05 0.0063174934937262695 0.8310299402836191 1.6708142857142902 0.0069696961955401102 0.003667277123536206 316.50000000000006 318.50000000000006 0.69881396428571219
decision_type=2 2 2 2 2 2 2 2 2 2 2 2 2 2 2 2 2 2 2 2 2 2 2 2 2 2 2 2 2 2
left_child=2 3 6 4 -2 11 -1 8 -8 -6 -11 12 -5 14 15 -13 -17 18 19 20 22 -22 23 24 -18 -19 27 -16 -29 -30
right_child=1 -3 -4 5 9 -7 7 -9 -10 10 -12 13 -14 -15 26 16 17 25 -20 -21 21 -23 -24 -25 -26 -27 -28 28 29 -31
leaf_value=-0.043162500783515835 -0.014328622891752449 0.010478495983097164 -0.007877437094439747 0.33638225761296869 0.0072712208123803489 0.023395288075532941 -0.05008489115336167 -0.020804187979087948 2.8786844928026878 0.026377935213441474 0.24499622127570492 0.17310692509422151 -0.0073720835356297296 -0.018993052891212614 0.0016541158247651623 -0.034957340362829901 0.42921379443885566 5.9642442670259016e-06 -0.011435260885070606 0.32867653213042686 0.059667519366111935 0.23273576860530107 0.019839524768337426 0.042148459760453311 0.066893475780223949 0.17461559952139213 -0.039407661735371143 0.27168290950613477 0.20373592989923753 -0.03451526768570172
leaf_weight=248.48614083055872 213.19185099378228 913.07100944861304 67.111606697668321 0.25639365334063668 5.2446823315694919 63.914795852033421 0.11988030245993186 55.189925549435429 0.034143919125199318 1.2398305088281634 1.1693128682672975 2.1904306849464765 167.8678376537282 24.806037713773549 23.209749457892034 6.5378584302961817 0.82689202204347168 16.526711100712422 3.8038865076378015 0.78574038855731387 1.6275284886360162 2.0502257752232254 7.8795860200189054 2.9347652341239154 0.8400729987770319 0.88124314323067565 11.37299289787188 1.2077834047377098 0.77549316827207837 2.6615581787191331
leaf_count=127761 29035 40014 16634 12 119 1523 71 15954 19 23 22 89 16998 443 874 209 25 459 146 24 37 44 219 77 29 27 372 20 27 107
internal_value=-0.00205516 0.00576373 -0.0331854 -0.00187177 -0.0122141 0.0047881 -0.0387756 -0.0190788 0.599161 0.0466847 0.132488 0.000526126 -0.00684785 0.0117032 0.0205457 0.038067 0.0314488 0.042827 0.0713375 0.0899188 0.0783092 0.156147 0.0553733 0.116218 0.246621 0.00884523 -0.000395791 0.0155327 0.0848826 0.0192407
internal_weight=1847.82 1476.87 370.942 563.803 220.846 342.958 303.83 55.3439 0.154024 7.65383 2.40914 279.043 168.124 110.919 86.1125 46.8849 44.6945 38.1567 20.7487 16.9448 16.1591 3.67775 12.4813 4.60173 1.66697 17.408 39.2276 27.8546 4.64483 3.43705
internal_count=251413 90974 160439 50960 29199 21761 143805 16044 90 164 45 20238 17010 3228 2785 1385 1296 1087 601 455 431 81 350 131 54 486 1400 1028 154 134
is_linear=0
shrinkage=0.05


Tree=36
num_leaves=31
num_cat=0
split_feature=11 4 13 7 4 11 27 7 6 7 1 11 27 13 14 12 10 4 28 8 1 14 28 30 28 13 30 1 2 3
split_gain=189.88 42.4035 13.3606 14.0159 21.8822 14.2638 91.4049 121.416 12.7313 11.3507 13.2633 12.473 38.2315 11.8907 11.793 11.3994 16.3753 11.1972 11.1535 9.77706 8.6632 12.2043 8.59682 8.32567 11.4812 17.3276 16.7382 16.662 15.8185 14.4955
threshold=0.0018277355089518531 0.0023826607280828362 241.50000000000003 0.0012937808946984898 0.0015117524689898909 0.0019299816353530415 2.2077238626855507 0.0014796810925403348 0.0008536209451219459 0.0036813066337786859 0.0095438440289507005 0.0022661300885748708 2.3629160222912846 256.50000000000006 23.500000000000004 3.1666428571428513 0.0024077223653340392 0.0070046347417956597 0.016288039571214448 1.1272094816694815 -0.01729302655469794 71.500000000000014 -0.023965479171911303 -1.0646838084438415 -0.011032114793069429 364.50000000000006 0.34458746322036793 -0.014864943014176677 -0.0022396325041345584 0.030514697388240201
decision_type=2 2 2 2 2 2 2 2 2 2 2 2 2 2 2 2 2 2 2 2 2 2 2 2 2 2 2 2 2 2
left_child=-1 2 -2 -4 -5 6 -6 -8 9 10 19 12 -12 -13 17 -15 -17 -11 -14 -3 21 22 -21 -10 25 29 27 -27 -26 -25
right_child=1 8 3 4 5 -7 7 -9 23 14 11 13 18 15 -16 16 -18 -19 -20 20 -22 -23 -24 24 28 26 -28 -29 -30 -31
leaf_value=-0.045183949435344983 0.10310069364854238 -0.001725504845457511 -0.035404495520000266 0.65372350329438611 -0.050112064863161804 0.0070136053543159481 3.8560327230504314 -0.050105628018022486 0.0014364836949944477 0.36329256424394285 0.90458000973588093 -0.017032740709209921 -0.05034874667281674 0.016673531180622144 0.016999659741241995 0.26960431085490305 0.046351435417045034 0.033898490646610456 0.34132164332293596 0.019539442133142917 -0.024499149041623983 -0.0044498126505855152 0.20348861982066141 0.018236305697259734 -0.005491975165221194 0.22242891317423791 0.31131193535564566 -0.035519755491184343 0.013851338198333727 0.098315052188718582
leaf_weight=223.54004137113225 1.9150352459400881 286.47442630212754 90.677453971351497 0.14200730773154546 0.33798084675800044 6.1094188587740064 0.038401186931878328 0.041278343531303108 235.87333880446386 0.48191318288445362 0.15682302881032117 26.947054368909448 0.65179390774574131 73.057171808322892 64.58695404464379 1.0642744372598816 3.5986247109249234 0.55527263460680842 0.25205565802752972 1.2045262195169928 97.112847235868685 11.449870922835542 1.3437103079631914 178.22735176119022 146.20571162796114 1.03653701604344 0.95366477081552137 1.5807780933100721 381.42354327987414 5.8362159840762606
leaf_count=133578 95 27343 27510 34 168 1647 20 20 8945 29 13 1165 133 2238 1586 19 68 12 5 10 11823 272 34 4035 10669 11 22 72 19709 128
internal_value=-0.00198706 0.00397602 -0.0276864 -0.0302593 0.0396986 0.0263395 0.309033 1.83244 0.00604359 0.000127119 -0.00242301 0.0133167 0.183915 0.0115879 0.0196857 0.0215112 0.0973074 0.186947 0.058876 -0.00660859 -0.0191985 0.0175749 0.116538 0.00958262 0.012269 0.0228918 0.131979 0.0666358 0.00849132 0.0207754
internal_weight=1842.88 1619.34 99.2616 97.3465 6.66909 6.52708 0.41766 0.0796795 1520.07 568.937 503.313 105.728 1.06067 104.667 65.6241 77.7201 4.6629 1.03719 0.90385 397.585 111.111 13.9981 2.54824 951.137 715.264 187.635 3.57098 2.61732 527.629 184.064
internal_count=251413 117835 29494 29399 1889 1855 208 40 88341 44750 43123 3641 151 3490 1627 2325 87 41 138 39482 12139 316 44 43591 34646 4268 105 83 30378 4163
is_linear=0
shrinkage=0.05


Tree=37
num_leaves=31
num_cat=0
split_feature=11 4 18 13 13 11 13 11 1 2 12 13 0 9 4 13 2 12 30 9 3 13 6 28 3 12 3 14 2 7
split_gain=178.859 40.4885 13.2121 14.5451 19.5619 23.1624 50.6528 78.5148 79.9124 48.0446 35.936 25.599 23.9286 23.1739 15.8579 15.2142 16.8929 19.2386 23.2138 18.3445 20.6322 27.9221 30.3864 17.9309 19.258 20.4128 17.873 17.3379 16.2131 13.8628
threshold=0.0018277355089518531 0.0023826607280828362 0.0099268061513513826 339.50000000000006 316.50000000000006 0.0128211766790522 319.50000000000006 0.0067165684043305343 -0.0083039458038301466 0.0086908567251888797 0.42458214285714241 318.50000000000006 -0.0029908445924514688 0.52192913090723447 0.0056515206823970808 324.50000000000006 -0.0013483146067416183 0.82552142857142863 0.40271033391858091 0.45416250428734078 -0.0054958908038958967 326.50000000000006 0.0015665796344647373 0.0047664054725707044 0.020799810960934865 0.5002464285714282 -0.059627977443377216 61.500000000000007 -0.026631453790636191 0.0005758802170623018
decision_type=2 2 2 2 2 2 2 2 2 2 2 2 2 2 2 2 2 2 2 2 2 2 2 2 2 2 2 2 2 2
left_child=-1 -2 3 4 -3 6 7 8 10 -10 14 13 -12 -11 -6 28 26 18 29 -20 21 -21 -23 -22 25 27 -17 -25 -8 -18
right_child=1 2 -4 -5 5 -7 15 -9 9 11 12 -13 -14 -15 -16 16 17 -19 19 20 23 22 -24 24 -26 -27 -28 -29 -30 -31
leaf_value=-0.044952923532779909 -0.027448671097509786 0.0040952524154315179 0.046993549567639806 -0.0096991134395628467 -0.050962996093466086 -0.040970903718138052 0.11306688598443866 -0.0056289635790180417 0.025749247515970932 0.52805784271540923 0.86495835940858656 -0.0080699425605535776 0.4267301388320629 0.21768006195618073 0.38986957618735829 0.12922579945407561 0.075212386146594465 0.0054277131279829548 -0.011489330572384118 0.73448481296714752 -0.0091802680316559297 -0.050935189537851394 0.50133731991013064 0.028234304521872061 0.074598965472914808 0.42448951638657323 -0.0084895700620412889 0.3011328376521738 -0.015514490534168682 0.016020102379646562
leaf_weight=213.70345782733057 98.002902049338445 1129.5645754986908 19.132323526777327 148.10177046444733 0.3721889036241931 14.546962996944783 2.5849755071103564 12.931036826688795 7.0865989200538024 0.68469362659379829 0.54522875580005348 1.1021426452789453 0.72664563963189699 4.9431411365512758 0.45145616750232875 2.4891292937099925 14.978279541595837 32.753227115608752 2.4484131520148358 0.31670878850854833 2.2417665240354818 0.55648890370503046 0.45084843155927956 1.2268442097119994 3.7178603117354214 1.0348196406848726 44.043299033306539 1.1073393814731387 47.517380642239004 29.125830685952678
leaf_count=133578 29494 57317 266 16801 38 442 29 626 837 21 26 52 23 96 13 14 1162 1392 174 16 218 58 20 76 67 29 3642 26 3272 1588
internal_value=-0.00195107 0.00370485 0.00570457 0.00518061 0.00680152 0.0200934 0.0242166 0.0858817 0.160248 0.116611 0.447967 0.212287 0.61459 0.255441 0.190666 0.0146846 0.0233348 0.0359858 0.0534821 0.111922 0.140287 0.324989 0.196242 0.114072 0.15306 0.239645 -0.00112285 0.157698 -0.00888048 0.0361225
internal_weight=1838.49 1624.78 1526.78 1507.65 1359.55 229.983 215.436 28.8431 15.9121 13.8166 2.09552 6.72998 1.27187 5.62783 0.823645 186.593 136.491 89.9584 57.2052 13.1011 10.6527 1.32405 1.00734 9.32863 7.08686 3.369 46.5324 2.33418 50.1024 44.1041
internal_count=251413 117835 88341 88075 71274 13957 13515 1732 1106 1006 100 169 49 117 51 11783 8482 4826 3434 684 510 94 78 416 198 131 3656 102 3301 2750
is_linear=0
shrinkage=0.05


Tree=38
num_leaves=31
num_cat=0
split_feature=11 4 13 18 13 13 13 11 27 0 6 22 13 0 18 4 11 12 9 3 10 27 6 28 12 11 13 3 27 11
split_gain=168.705 37.184 11.9719 11.6642 13.0596 16.8803 21.3718 76.6966 32.3925 21.5845 28.2922 16.4032 21.152 14.8 12.9088 11.9672 17.781 24.9424 11.913 11.6363 19.1649 12.2417 39.1664 11.4603 12.2293 11.2964 16.2671 14.8084 17.6165 26.2731
threshold=0.0018277355089518531 0.0023826607280828362 241.50000000000003 0.0099268061513513826 339.50000000000006 317.50000000000006 318.50000000000006 0.0067165684043305343 5.3015502935343983 -0.001573190104638744 1.0000000180025095e-35 1.0000000180025095e-35 319.50000000000006 -0.0099961498492207018 0.00013321787843032873 0.0034721669197307673 0.0046720224217947299 0.85493928571428779 0.87027406359065262 0.048549629057937811 0.0040943222767451026 0.18973848673002078 0.0010115665408808891 -0.0060026745962653552 2.8414500000000049 0.0032873107967759559 360.50000000000006 -0.0035398230190321063 0.21629806085334832 0.0042400164342706352
decision_type=2 2 2 2 2 2 2 2 2 2 2 2 2 2 2 2 2 2 2 2 2 2 2 2 2 2 2 2 2 2
left_child=-1 2 -2 4 5 14 7 8 9 -7 -11 13 -13 -8 18 -12 17 -17 -3 -20 21 22 -21 24 -22 -6 -27 -28 29 -29
right_child=1 3 -4 -5 25 6 11 -9 -10 10 15 12 -14 -15 -16 16 -18 -19 19 20 23 -23 -24 -25 -26 26 27 28 -30 -31
leaf_value=-0.044712883155507817 0.092848075910719766 0.01407210834876102 -0.02942229808434782 0.043801125547104518 -0.026070304222817288 -0.051208055489085691 0.09172252784596524 -0.019200108315033312 0.47081029548057085 0.5648341831172442 -0.050501213959298012 0.44475871452946808 0.047376245612960714 0.011043481817962357 -0.0049287200288551138 0.12910642407942863 0.12846629916011656 0.61074242378173549 -0.0020325345285711932 0.63994578824110049 0.0094415808794255998 0.052750206932071303 -0.051124119908008706 0.002676051179627971 0.18390280464327832 -0.014419863393066744 0.062151352575346312 0.57151707820612541 -0.017286270295950801 -0.051250245743667405
leaf_weight=204.34515118785203 2.0458435858599833 357.46692880359478 93.374075170373544 19.490887802094221 59.622788421926089 1.0438682957319549 5.8557707443833342 9.5275211594998819 0.94206969183869649 0.47726808500010687 0.58664563309866924 0.49997549247927864 1.0140419862000269 194.15924217354041 300.63853400945663 0.54781168070621766 2.9976518582552671 0.52778866048902273 382.182541920105 0.36184384487569587 2.209478896111249 18.960285579087213 0.47308057104237378 84.821800000965595 1.8418242521584032 54.808893288951367 17.143196378368884 0.32124474178999562 14.517166524194179 0.35818708082661033
leaf_count=133578 95 20612 29399 266 12547 104 65 349 30 33 95 11 95 12339 15406 45 38 23 19053 28 34 921 30 1941 22 2777 655 23 779 20
internal_value=-0.00188886 0.00348367 -0.0268008 0.0053682 0.0048734 0.006395 0.0191447 0.073587 0.197695 0.156068 0.198187 0.0146466 0.178604 0.0134055 0.00397391 0.160634 0.191043 0.365441 0.00712895 0.00207252 0.0165099 0.0610013 0.248375 0.00660003 0.088756 -0.00929987 0.00217362 0.030296 -0.00563995 0.243203
internal_weight=1833.16 1628.82 95.4199 1533.4 1513.91 1367.14 218.18 16.6506 7.1231 6.18103 5.13717 201.529 1.51402 200.015 1148.96 4.6599 4.07325 1.0756 848.318 490.851 108.668 19.7952 0.834924 88.8731 4.0513 146.771 87.1487 32.3398 15.1966 0.679432
internal_count=251413 117835 29494 88341 88075 71274 13227 717 368 338 234 12510 106 12404 58047 201 106 68 42641 22029 2976 979 58 1997 56 16801 4254 1477 822 43
is_linear=0
shrinkage=0.05


Tree=39
num_leaves=31
num_cat=0
split_feature=11 10 18 8 13 13 11 13 11 5 12 12 5 5 11 1 3 3 13 2 11 3 10 15 5 14 2 30 3 12
split_gain=159.158 26.4409 11.1266 11.7415 11.1691 13.9789 14.0209 28.6577 31.2808 31.9466 19.8751 17.1862 15.2453 16.8046 11.8104 22.4547 57.2036 12.0542 11.6523 14.2018 14.5838 12.8411 12.655 15.952 14.9635 39.3744 12.7227 12.2987 12.0839 15.1681
threshold=0.0018277355089518531 0.0020382261478468569 0.0099268061513513826 0.38548818118398992 343.50000000000006 317.50000000000006 0.0128211766790522 319.50000000000006 0.0053694690257364876 0.0023354345990030051 1.3422321428571344 1.1767892857142876 0.0051432279280629852 0.0035611694554161274 0.0027771027507080604 0.0085785526210427916 -0.0015176648856537465 0.030514697388240201 324.50000000000006 -0.0017147891564279203 0.0075681110244182693 -0.0012832623634279614 0.0052083179810644724 0.45454541322312891 0.00071778530608602477 69.500000000000014 -0.0062226947418527181 0.49185050321426332 0.020799810960934865 0.4685178571428556
decision_type=2 2 2 2 2 2 2 2 2 2 2 2 2 2 2 2 2 2 2 2 2 2 2 2 2 2 2 2 2 2
left_child=-1 -2 3 -3 5 -5 7 8 9 -7 12 14 13 -11 15 -9 -17 -18 21 20 -20 22 24 -24 25 -16 -25 -21 29 -29
right_child=1 2 -4 4 -6 6 -8 11 -10 10 -12 -13 -14 -15 18 16 17 -19 19 27 -22 -23 23 26 -26 -27 -28 28 -30 -31
leaf_value=-0.044463552175967619 -0.014100638443296148 -0.017177595043433809 0.042666183160523681 0.0049547554732781718 -0.0093863565216834935 -0.0089444551929857407 -0.043376774782487498 -0.030295038106286344 0.017562145638787482 0.22114256561188919 0.42105577879392042 -0.01174796039678537 0.28722355764170027 0.0075598288130107483 0.03249254971731716 0.78495804752997844 -0.05126737940717796 0.23898845245578199 -0.0040606152446744604 0.042666900729219075 0.092697238327794029 -0.02699372903104081 0.0091479829365811553 0.3269781205492881 -0.019410357238181433 0.93124001415224833 0.093596867538217707 0.079786898438626061 0.023907581831730595 0.23904746774469984
leaf_weight=195.44194902619347 192.91966947691981 56.830397375044413 19.977588141337037 1040.4301260015927 108.31310406350531 2.3463361897738668 8.6484820090699923 17.46337535826024 9.2656863667070848 1.7977625015191736 0.92443119920790184 43.452449429198168 1.8629637756384907 1.8882606509141622 0.60208048066124487 0.29841744969598982 1.2055362793616939 0.50861131586134423 26.204712781589482 55.235870578559116 4.5741568189114323 16.458485700888559 2.1802661260589948 1.0451070973649623 7.3163066129200161 0.15279088192619383 1.3234656918793914 3.6352327624335867 3.0701099894940853 2.5394120381679386
leaf_count=133578 43866 4266 267 46340 11334 276 247 3760 357 94 21 1799 30 52 79 21 134 14 1456 1777 40 744 34 35 438 20 29 133 78 94
internal_value=-0.00182318 0.00328179 0.00561128 0.00508981 0.00601842 0.00734854 0.0189867 0.0216131 0.0817176 0.149117 0.206407 0.0158085 0.170648 0.111729 0.0241345 -0.0120693 0.146079 0.0348555 0.0298053 0.0382621 0.0103189 0.00210136 0.0400459 0.10674 0.00245763 0.214405 0.196574 0.0516004 0.104977 0.145285
internal_weight=1827.91 1632.47 1439.55 1419.57 1362.74 1254.43 214 205.352 18.0854 8.81975 6.47342 187.266 5.54899 3.68602 143.814 19.4759 2.01257 1.71415 124.338 95.2595 30.7789 29.0785 12.62 4.54884 8.07118 0.754871 2.36857 64.4806 9.24475 6.17464
internal_count=251413 117835 73969 73702 69436 58102 11762 11515 830 473 197 10685 176 146 8886 3929 169 148 4957 3578 1496 1379 635 98 537 99 64 2082 305 227
is_linear=0
shrinkage=0.05


Tree=40
num_leaves=31
num_cat=0
split_feature=4 10 28 6 0 12 18 18 14 4 30 2 4 15 7 28 30 28 2 4 27 10 12 30 2 15 0 6 14 15
split_gain=138.936 22.9594 17.0572 13.8954 19.5419 13.8382 11.5267 16.3947 12.9279 16.8743 16.9621 14.7185 20.0897 24.8887 11.4449 11.1482 10.9952 15.3305 10.7207 22.9775 19.7406 15.8412 15.909 11.4907 9.87685 9.4423 16.9897 9.43354 9.39451 9.45154
threshold=0.0022313690303935618 0.0018687842220845871 -0.016542270741296976 0.00030552902788024658 0.00019720104865006419 0.14795714285714243 0.00028236379575750443 0.0047269061724445564 139.50000000000003 0.0049212234761610912 0.44551674350831599 0.013905752797559458 0.0024185559622660604 0.87091764591644061 0.0059914484938803107 -0.014097438297287169 0.89148903254129652 -0.0020981684898011177 -0.014692051774200797 0.0037772143823924602 0.17303826538998343 0.004841369871352575 0.40914999999999985 0.49817631775171167 -0.041970021553983765 0.58181817123966839 0.0010318206842107049 0.0017269365760525831 134.50000000000003 0.48274815676634436
decision_type=2 2 2 2 2 2 2 2 2 2 2 2 2 2 2 2 2 2 2 2 2 2 2 2 2 2 2 2 2 2
left_child=2 -2 3 -1 -5 -3 8 -8 11 -10 14 15 13 -13 -11 18 -12 -18 28 21 -21 22 -20 -24 -17 26 -22 -28 -7 -30
right_child=1 5 -4 4 -6 6 7 -9 9 10 16 12 -14 -15 -16 24 17 -19 19 20 25 -23 23 -25 -26 -27 27 -29 29 -31
leaf_value=0.0096658541455792932 -0.01501327876751486 -0.019473433710624072 -0.04017121012442515 0.056135573261265143 0.56370180138369663 0.0066777056942160648 -0.0070434813516312561 0.017778228075902552 -0.033001301151756049 -0.0074786119027786136 0.032120343478261711 0.033561811263976421 0.022351403073628054 0.53981365404338388 0.047046731077881765 -0.036483835328524387 0.020750100770541152 0.36714005268571476 0.38588276832637486 0.109865136697039 -0.0035291156413041883 0.44140076564450892 -0.051780960981451796 0.24167524849584332 0.0054286161767233857 -0.05122370437444055 0.010845638797519989 0.14103530265028638 0.052754680538722745 -0.062132627942314514
leaf_weight=1.5769123781938099 150.35511360736564 53.383786695892923 218.34930740715936 0.45506777614355076 0.32512017455883324 107.42525679629762 279.90633965085726 87.263685191283002 36.540900542284362 120.7368709302973 28.774097976740453 0.5742914576549073 206.71078252256848 0.42057284759357572 10.457605543546377 14.510472890455274 0.68763805739581585 0.59651952888816484 0.45480120414867942 6.5741460742428925 13.743414999917155 0.50522711360827077 0.98156446567736544 0.50530686019919813 449.12602952797897 4.7219018209725609 2.1189785776659837 4.0525303678587079 20.078580918954689 1.9654217842034984
leaf_count=90 43541 6928 131846 38 22 1978 16602 1753 3310 3830 885 57 4790 24 209 370 21 19 28 76 247 12 59 15 34302 71 42 44 223 26
internal_value=-0.00153389 0.00358644 -0.038727 0.0950568 0.267649 0.00551136 0.00646445 -0.00114421 0.00917081 -0.0023223 0.00462975 0.011895 0.0234302 0.247577 -0.00313236 0.00807232 0.0385088 0.181656 0.0193144 0.044454 0.0328867 0.191999 0.127104 0.0479489 0.00411688 0.0123456 0.0274181 0.0963349 0.0127789 0.0425114
internal_weight=1823.88 1603.17 220.706 2.3571 0.780188 1452.82 1399.43 367.17 1032.26 197.794 161.253 834.469 207.706 0.994864 131.194 626.764 30.0583 1.28416 163.127 33.6579 31.211 2.4469 1.94167 1.48687 463.637 24.6368 19.9149 6.17151 129.469 22.044
internal_count=251458 119462 131996 150 60 75921 68993 18355 50638 8274 4964 42364 4871 81 4039 37493 925 40 2821 594 480 114 102 74 34672 404 333 86 2227 249
is_linear=0
shrinkage=0.05


Tree=41
num_leaves=31
num_cat=0
split_feature=11 4 0 18 18 8 1 13 13 2 18 8 27 13 12 4 3 13 11 6 2 1 12 12 11 11 12 13 4 30
split_gain=146.332 24.7935 14.9606 12.4951 15.1115 14.5608 12.4163 16.4228 11.028 14.0932 12.365 10.4166 31.7175 10.1196 15.5168 11.5482 12.2712 12.7432 13.4779 31.2184 13.1274 24.2113 12.8425 34.2253 114.62 213.453 9.91579 9.75538 13.8471 14.7067
threshold=0.001678820407852349 0.0034404859532636677 -0.0049671656702994773 0.00028236379575750443 0.0047269061724445564 1.8872283857526662 0.017462742383245747 282.50000000000006 256.50000000000006 0.014877710994852912 0.0037302388150078376 1.3351515118941029 0.87164757411760696 274.50000000000006 4.7037142857142831 0.0022313690303935618 0.0053071790659773308 279.50000000000006 0.0020476286336340928 0.0010948705478897483 -0.013123763251525309 -0.0050635592888367267 0.077025000000000302 0.068921428571428842 0.0021749280775218657 0.0019731560286787033 0.14441785714285799 250.50000000000003 0.0049212234761610912 0.44551674350831599
decision_type=2 2 2 2 2 2 2 2 2 2 2 2 2 2 2 2 2 2 2 2 2 2 2 2 2 2 2 2 2 2
left_child=-1 2 -2 5 6 26 -5 8 11 -10 -11 -8 -13 14 -4 -15 -17 18 19 -18 21 -19 23 -22 25 -25 -3 28 -28 -30
right_child=1 3 13 4 -6 -7 7 -9 9 10 -12 12 -14 15 -16 16 17 20 -20 -21 22 -23 -24 24 -26 -27 27 -29 29 -31
leaf_value=-0.047248207793444907 0.21136868304733358 -0.020176416906961744 -0.029931125927392912 -0.012006182043845163 0.015738053955930125 -0.027739095442759754 -0.021833484465076762 -0.017671196535721429 0.16973708996411652 0.0143797163090294 0.12852234933638623 0.32232752850423901 -0.058591205994078313 -0.023894919354897386 0.14961081228991477 -0.0099365980389285943 -0.050659096680316686 -0.050570685514609616 0.053826863404919906 0.52466049293231154 -0.050159748585193877 0.67839888390425496 0.0026473006570028748 -0.05009269564861081 -0.050366110314146929 4.7370200857968596 -0.033702767674092943 0.012737920903888138 -0.0021177186036408632 0.036142375264100531
leaf_weight=159.33250544860493 0.75250570941716333 27.464610756607726 75.878730622702278 248.53623220801819 90.372727913316339 27.045627348590642 8.2026379732415098 19.55641580093652 2.9248553588986388 8.3130182493478042 3.3203669078648081 0.93461621738970224 1.3159016342833636 58.059728671913035 1.2227967756334681 73.6401084511308 0.44794058683328231 0.25507352547720075 9.0547046752180886 0.49787067179568112 0.48217175633180787 0.20580880460329254 39.615826006047428 0.052608192432671785 0.19692933256737888 0.041778482613153756 26.245257475180551 777.87075411551632 125.58818645449355 31.395729970885441
leaf_count=120767 26 2661 18244 16245 1817 1599 273 374 24 83 23 27 30 23673 84 18473 107 30 296 34 185 28 7490 29 39 17 2092 31826 3912 950
internal_value=-0.00147835 0.00291614 -0.0112499 0.0055528 -0.00213695 0.00845631 -0.00764834 0.0166535 0.043492 0.0716252 0.046958 0.00431067 0.0996003 -0.0118951 -0.0270837 -0.0054801 0.00310816 0.0219991 0.072587 0.252186 0.0096147 0.274954 0.00658692 0.208363 0.636256 2.06883 0.00944656 0.0102931 -8.61326e-05 0.00553404
internal_weight=1818.82 1659.49 260.405 1399.09 383.477 1015.61 293.104 44.5678 25.0114 14.5582 11.6334 10.4532 2.25052 259.652 77.1015 182.551 124.491 50.8507 10.0005 0.945811 40.8502 0.460882 40.3893 0.773488 0.291316 0.0943867 988.565 961.1 183.229 156.984
internal_count=251458 130691 68755 61936 18896 43040 17079 834 460 130 106 330 57 68729 18328 50401 26728 8255 437 141 7818 58 7760 270 85 46 41441 38780 6954 4862
is_linear=0
shrinkage=0.05


Tree=42
num_leaves=31
num_cat=0
split_feature=4 10 1 12 8 3 8 10 6 8 10 10 12 22 4 8 10 12 12 7 2 4 8 10 2 1 14 13 6 7
split_gain=121.541 21.2347 17.0081 12.3779 9.74527 15.8877 12.1418 16.0978 10.3504 13.9981 19.9161 15.662 21.797 13.9482 13.5762 27.2788 34.0809 12.3943 16.3963 11.576 10.4347 9.7319 9.48595 13.7793 9.45433 34.107 41.8171 66.3599 14.3979 9.38095
threshold=0.0022313690303935618 0.0018687842220845871 -0.0076398520999909061 0.14795714285714243 0.44521805422739474 0.048549629057937811 0.28676496590836259 0.0052083179810644724 0.00052279292293651053 0.5008585291704547 0.0063174934937262695 0.0046846543475970023 0.75856428571428236 1.0000000180025095e-35 0.0026849339811043965 0.47430147803907302 0.0027274644812074725 1.3049428571428543 0.67622857142857395 0.0010239391732138451 -0.081949441465750381 0.0084895029939800973 0.4945103678507981 0.0036158176153368846 -0.010925210281078622 -0.0096887364573656192 72.500000000000014 325.50000000000006 0.0008361549695246539 0.00085153172731782813
decision_type=2 2 2 2 2 2 2 2 2 2 2 2 2 2 2 2 2 2 2 2 2 2 2 2 2 2 2 2 2 2
left_child=2 -2 24 -3 5 -5 7 -7 9 10 11 14 -13 -10 15 -6 -17 18 -15 20 -11 -9 -16 -24 25 -1 27 -27 -29 -28
right_child=1 3 -4 4 8 6 -8 21 13 19 -12 12 -14 17 22 16 -18 -19 -20 -21 -22 -23 23 -25 -26 26 29 28 -30 -31
leaf_value=0.037560291517673823 -0.014896071063269945 -0.018938266532044674 -0.040200238200266671 -0.021137446511747451 0.014013017100738585 0.41980041166546966 0.014404719118935802 0.01306053617767673 0.0090353014886244924 0.080665973402289037 -0.027313566365996491 0.44652740689334486 0.10900691096317619 0.044072809711103306 -0.010775847010818797 -0.05018441155917968 1.0519472034632547 -0.057533115240559943 0.287638407605041 0.0057744463252222215 -0.014846236958423449 0.24077861756592039 -0.050658580457172843 0.43775841232679058 -0.050188132635932019 2.4606167922791844 -0.050512003836953916 -0.050200490426004933 1.116574372845309 0.59551104664255494
leaf_weight=3.3183693689061333 148.92000094219111 52.406085531343706 199.1538512367988 64.332165914471261 0.4760000992100667 0.42477606586180572 8.1967548271641117 1.5160067789256575 986.05319811869413 2.9169945083558551 4.6683459761552513 0.70102623244747553 1.5058331196196375 1.4681314980844034 3.5501059421803802 0.11441406386438757 0.1812777342274785 0.87072635442018498 1.3052753836382178 185.61961163405795 145.26716060482431 0.67946967855095852 0.27330459386575956 0.30618625320494175 1.6531417021760706 0.059740933007560559 0.20573469763621688 0.069030672661028802 0.042854385916143656 0.077310679364018142
leaf_count=341 43541 6928 130932 3826 59 29 295 56 40680 47 160 26 39 53 370 36 19 22 33 10081 13098 14 37 13 588 20 54 30 16 15
internal_value=-0.00151685 0.00309118 -0.0378206 0.00492233 0.0058089 -0.0117103 0.0443556 0.138049 0.00679488 -0.000654828 0.0529209 0.105616 0.216223 0.00939615 0.0558135 0.248315 0.625492 0.107037 0.158704 -0.00254496 -0.0129661 0.0835361 0.0198409 0.207407 0.0495196 0.0932061 0.499331 1.11512 0.396699 0.125942
internal_weight=1816.33 1611.75 204.58 1462.83 1410.43 75.1492 10.817 2.62025 1335.28 345.58 11.7765 7.10815 2.20686 989.697 4.90129 0.771692 0.295692 3.64413 2.77341 333.804 148.184 2.19548 4.1296 0.579491 5.42618 3.77304 0.454671 0.171626 0.111885 0.283045
internal_count=251458 119462 131996 75921 68993 4220 394 99 64773 23985 759 599 65 40788 534 114 55 108 86 23226 13145 70 420 50 1064 476 135 66 46 69
is_linear=0
shrinkage=0.05


Tree=43
num_leaves=31
num_cat=0
split_feature=11 4 7 29 0 18 10 13 8 13 1 1 13 11 13 2 1 11 13 13 8 13 6 27 18 6 1 15 13 13
split_gain=132.501 22.283 12.3529 14.6851 11.3149 10.9301 14.5954 13.7767 13.2164 12.1174 11.7748 13.6493 11.6289 13.8372 12.7767 12.516 17.9554 10.7141 10.3744 15.1293 9.86374 9.64213 11.4753 12.4935 11.8691 16.2086 16.0137 25.4272 9.48472 10.5921
threshold=0.001678820407852349 0.0034404859532636677 0.0028397096828956122 -0.4374770430699173 -0.0049671656702994773 0.00028236379575750443 0.0043058866577475007 281.50000000000006 1.8872283857526662 317.50000000000006 0.017462742383245747 -0.014864943014176677 276.50000000000006 0.010325874754463182 255.50000000000003 0.019028286714567137 0.0045706266589312658 0.0073362804082349065 287.50000000000006 320.50000000000006 0.39516292878583326 318.50000000000006 0.00044146049863186281 1.2861048156127877 0.003586031631652871 0.0019814121874474492 -0.0052005800016206019 0.94886545439463488 274.50000000000006 339.50000000000006
decision_type=2 2 2 2 2 2 2 2 2 2 2 2 2 2 2 2 2 2 2 2 2 2 2 2 2 2 2 2 2 2
left_child=-1 2 4 -4 -2 8 10 12 -3 -9 11 17 13 -8 20 16 -16 18 -7 -20 -15 -11 -23 24 -24 26 -26 -28 -6 -30
right_child=1 5 3 -5 28 6 7 9 -10 21 -12 -13 -14 14 15 -17 -18 -19 19 -21 -22 22 23 -25 25 -27 27 -29 29 -31
leaf_value=-0.047003161057588505 0.1648033142435561 0.0086216901374109468 0.63595784537347733 0.084905904382323941 -0.027368429049966267 -0.034520287435958967 -0.0096003251093029641 -0.01644865764989446 -0.027148656836889013 0.11059108948129188 0.027360732587441566 -0.022871885150853002 0.072392516588413502 0.16162644774374657 0.014249823920551262 -0.040056035553963976 0.15743514038236334 -0.023227619132101928 0.20490437893735167 0.031996741254300347 0.014133677605536459 -0.033280692038621322 0.009010047794226617 -0.011596239100637082 0.092672245958588764 0.0053037799536954158 0.46356232047486484 0.067212491592022361 0.001221396103406835 -0.026011617445344533
leaf_weight=146.86099088098854 0.90546027710661192 999.73314783279784 0.14557289588265121 0.71338806278072198 73.838033685809933 1.65515708690509 36.86922247428447 81.403747010976076 26.507615948445164 2.5783958714455357 15.669124259613453 131.65619977621827 9.4518303517252189 1.1637929370626796 3.5791489696130139 1.8691684491932381 5.6389712374657393 4.8235748503357172 2.2926942957565188 2.8226643290836364 43.619012269191444 10.670210856012998 7.074833199381831 11.53251464338973 3.8556708032265306 3.1113497670739889 0.87240807805210152 0.75471335276961327 132.58358110231347 48.864445329993032
leaf_count=120767 25 41441 17 72 18300 78 1250 1800 1599 33 236 13035 126 37 82 19 48 121 63 102 874 369 219 268 52 44 33 7 32742 17599
internal_value=-0.00147455 0.00253827 -0.011 0.178296 -0.0116347 0.00500776 -0.00220067 0.00602025 0.00769775 -0.00533408 -0.0137905 -0.0182918 0.0195593 0.0141746 0.0298639 0.0779183 0.10184 0.0337174 0.0742872 0.109494 0.0179666 0.0170334 0.0106638 0.0279017 0.0569726 0.0964561 0.148183 0.279722 -0.0122605 -0.00611253
internal_weight=1813.12 1666.26 257.05 0.858961 256.192 1409.21 382.964 224.045 1026.24 121.854 158.919 143.25 102.191 92.7393 55.8701 11.0873 9.21812 11.5941 6.77052 5.11536 44.7828 40.4501 37.8717 27.2015 15.669 8.59414 5.48279 1.62712 255.286 181.448
internal_count=251458 130691 68755 89 68666 61936 18896 5261 43040 2825 13635 13399 2436 2310 1060 149 130 364 243 165 911 1025 992 623 355 136 92 40 68641 50341
is_linear=0
shrinkage=0.05


Tree=44
num_leaves=31
num_cat=0
split_feature=11 11 3 5 8 13 11 13 3 3 13 13 27 2 11 3 11 15 2 2 3 27 2 4 6 3 9 2 3 13
split_gain=125.427 20.8254 15.6785 25.5793 12.4312 14.2442 16.6264 20.2235 27.5752 22.1575 21.5627 43.5032 29.6806 19.7836 19.7545 18.0044 67.8052 33.5031 16.5192 15.8512 15.1975 14.6902 23.4771 20.8635 22.4017 12.978 12.3809 18.8634 12.2034 25.9566
threshold=0.001678820407852349 0.0027771027507080604 0.020799810960934865 1.0000000180025095e-35 0.44521805422739474 316.50000000000006 0.013482123244064984 329.50000000000006 0.020799810960934865 -0.016315789349293282 318.50000000000006 324.50000000000006 0.66080668239864715 0.0042607988375890091 0.0037417797892069474 -0.0097043818612553828 0.0035262599464120324 0.48274815676634436 -0.017098613616747967 0.00076175889429985777 0.0088100981851458888 0.42014253279700114 0.0035940509832669281 0.0068283227106101657 0.0010115665408808891 0.048549629057937811 1.1774966659167421 -0.0033978281219595448 -0.034902769817273242 263.50000000000006
decision_type=2 2 2 2 2 2 2 2 2 2 2 2 2 2 2 2 2 2 2 2 2 2 2 2 2 2 2 2 2 2
left_child=-1 2 -2 -4 25 28 7 8 9 18 13 -12 -13 26 -9 16 17 -14 -7 -17 -21 22 23 24 -10 -3 -11 -28 -6 -30
right_child=1 4 3 -5 5 6 -8 14 21 10 11 12 15 -15 -16 19 -18 -19 -20 20 -22 -23 -24 -25 -26 -27 27 -29 29 -31
leaf_value=-0.046853021678003676 -0.015988170103225501 -0.022462720313295118 0.53156853602213361 0.028509138798849448 0.0099301065698178294 0.052410331617818884 -0.039714487989754403 -0.018594043659159936 0.08214485038055562 -0.033928398911839429 0.0041710650010535642 -0.020990156115422359 1.3567378910808707 0.15101370738307571 0.016975262464081157 0.014657202406586895 0.095169648843318549 0.42391344597483616 -0.023320949726911368 0.15569353558496302 0.058018458435821645 -0.02499718432471365 -0.027035085167077411 -0.051676571672849607 0.58219673082157175 0.033396514732810849 0.54508087853608911 -0.050797336558612384 -0.013274614543466271 0.0068902664574552524
leaf_weight=140.13502435979899 197.01888074167073 70.817697683116421 0.25712418474722554 14.657064746948889 380.29051281721331 12.26470995298587 13.469082207186146 55.221654607215896 0.37669269484468093 2.7192005736287679 30.020521579077467 4.9465170190669623 0.17765055014752462 10.12511483253911 133.17050429945812 4.2205373847391447 1.2597413666080681 0.21008381363935769 17.439875297714025 11.70678912731819 6.0355608039535573 24.583669506479055 1.8203564663417635 0.40202113054692745 0.55242719384841621 12.187772574368863 0.25085251335985959 0.28225534479133774 268.97670100908726 392.40516235446557
leaf_count=120767 61309 5204 15 990 9303 218 437 5729 55 262 1992 389 23 157 4312 229 56 19 1057 285 209 899 55 14 34 508 15 29 18552 18335
internal_value=-0.00141986 0.00239746 -0.0122465 0.037182 0.00452911 0.00566512 0.0146964 0.0170025 0.0322222 0.0442784 0.0592766 0.0461964 0.0903758 0.116552 0.00654916 0.113708 0.273128 0.851311 0.0079477 0.101749 0.122467 -0.0119684 0.0896641 0.249252 0.379461 -0.0142609 0.00926695 0.229592 0.00279314 -0.00131057
internal_weight=1808 1667.87 211.933 14.9142 1455.93 1372.93 331.256 317.787 129.395 101.659 71.9548 58.5774 28.5569 13.3774 188.392 23.6104 1.64748 0.387734 29.7046 21.9629 17.7423 27.7352 3.1515 1.33114 0.92912 83.0055 3.25231 0.533108 1041.67 661.382
internal_count=251458 130691 62314 1005 68377 62665 16475 16038 5997 4940 3665 3202 1210 463 10041 821 98 42 1275 723 494 1057 158 103 89 5712 306 44 46190 36887
is_linear=0
shrinkage=0.05


Tree=45
num_leaves=31
num_cat=0
split_feature=11 6 12 13 13 28 2 0 11 27 0 27 6 15 28 15 2 2 6 7 7 30 9 18 0 0 27 2 30 10
split_gain=122.833 17.4514 19.9318 9.75607 24.9151 14.6587 26.5649 18.7552 26.2981 14.2879 12.852 12.3669 11.9533 10.8726 9.46739 11.5501 11.9172 13.3154 13.5976 9.17094 12.6208 15.5427 22.0361 9.78476 18.6418 12.1429 8.6329 12.8207 16.5967 9.07854
threshold=0.0018277355089518531 0.0015913642299634821 0.56277857142857368 307.50000000000006 311.50000000000006 -0.0031930942846262254 -0.018710279295592155 0.0010318206842107049 0.0086963236392083015 0.27538868161445879 0.0099358143097009206 1.359395367856562 0.002340668093904446 0.97025205915128798 0.0068872823424588345 0.86363632438016358 0.014877710994852912 0.03618302573540922 0.0024870025855987005 0.0011456940996753624 0.0011872555654316999 -0.035154354839720563 0.73004816947600493 0.00027684937121365733 -0.003452544945163893 0.0030510141860590205 4.6356140475290077 0.081958118620762091 -0.007323971707371201 0.0090743385138540317
decision_type=2 2 2 2 2 2 2 2 2 2 2 2 2 2 2 2 2 2 2 2 2 2 2 2 2 2 2 2 2 2
left_child=-1 2 -2 10 5 6 11 9 12 -8 13 -5 -9 26 -7 16 -16 18 -18 -4 21 22 -21 24 -24 -26 29 -28 -29 -3
right_child=1 3 19 4 -6 14 7 8 -10 -11 -12 -13 -14 -15 15 -17 17 -19 -20 20 -22 -23 23 -25 25 -27 27 28 -30 -31
leaf_value=-0.042927203635432204 -0.009048844316527695 -0.0053821270063705972 -0.0012152198211630742 -0.014111614707031617 0.0099721055406260476 -0.031243618659776297 0.11887122062382974 0.43408300250212045 0.0846975940078048 0.010745946267425595 0.041808985331066369 0.1082149911795485 0.2046918639325308 0.13554839446450198 -0.028917920415853362 -0.055151511437978799 0.085282041594778368 0.02521731068956717 0.29285441773470999 0.65458225501844414 0.0098997272201729707 0.014845267206566995 0.62454492237816039 -0.0015073175818752747 0.040282404275943866 0.33660041833797483 0.014493523361568603 0.045887073473012192 0.27684394604343154 0.011310695454018967
leaf_weight=153.90069377946202 401.7209965136135 240.69586925866315 268.35683637997136 9.1052808591630328 181.8755300429184 6.9125738372094956 8.3473635434638727 1.1252174822147929 2.5647320756688714 4.8192133619450024 23.312615353614092 2.6725774898659429 1.1465929383412001 1.5575462132692326 2.0802464433945698 2.2448100512847304 1.750519519671798 2.5307810306549072 1.4363571153953669 0.21262884582392905 292.93898879957851 4.1948280349606639 0.22182596568018254 0.97170959273353208 1.0791862017940723 0.50871343049220752 57.852870524511673 2.9326954362913971 1.0586517108604301 123.11182677466422
leaf_count=133663 55819 10102 24123 173 7870 323 103 25 28 125 297 48 16 20 61 37 38 53 26 24 13693 304 8 54 122 9 1836 52 25 2550
internal_value=-0.000206791 0.00377947 -0.000523569 0.00992676 0.0183395 0.0509016 0.0720303 0.110226 0.194429 0.0792953 0.00565781 0.0136462 0.318308 0.00368506 0.0137902 0.0447877 0.0735575 0.110841 0.178837 0.00550084 0.0115059 0.0769573 0.163979 0.126475 0.195193 0.135213 0.00320255 0.0204732 0.107145 0.000266692
internal_weight=1803.24 1649.34 970.206 679.134 228.612 46.7363 29.781 18.0031 4.83654 13.1666 450.522 11.7779 2.27181 427.209 16.9553 10.0427 7.7979 5.71766 3.18688 568.485 300.128 7.18889 2.99406 2.78144 1.80973 1.5879 425.652 61.8442 3.99135 363.808
internal_count=251627 117964 94156 23808 8926 1056 518 297 69 228 14882 221 41 14585 538 215 178 117 64 38337 14214 521 217 193 139 131 14565 1913 77 12652
is_linear=0
shrinkage=0.05


Tree=46
num_leaves=31
num_cat=0
split_feature=11 4 1 12 1 28 2 7 30 15 4 2 1 13 12 8 7 2 28 8 13 13 3 7 2 3 11 12 12 5
split_gain=115.479 17.3471 12.1347 50.1829 9.10145 19.3983 17.4047 16.9725 20.9391 19.1305 19.4734 18.7464 15.2364 21.5637 31.0372 42.1096 56.5689 14.0949 18.2707 13.352 12.2083 61.4615 41.9339 26.3288 22.4745 22.3292 14.2703 14.1443 12.7021 12.4574
threshold=0.0018277355089518531 0.0030257794654191201 -0.0096887364573656192 0.1496428571428591 0.0065255424005529203 -0.010487134334816567 -0.0085813440004814927 0.0010031942168853734 0.31271284261468679 0.42130634277301954 0.0052108312886305743 -0.0083333333333333575 -0.011103008182377359 246.50000000000003 1.2374107142857158 1.0909085319586882 0.0011586315858992504 -0.035827677092733205 -0.020606326606206146 1.7390404374984259 273.50000000000006 279.50000000000006 0.0045606455016049549 0.0014200065603959709 0.011765015294029181 -0.037705787557116503 0.0035920528620029249 0.10888571428571341 1.1257178571428599 0.00062483453034691775
decision_type=2 2 2 2 2 2 2 2 2 2 2 2 2 2 2 2 2 2 2 2 2 2 2 2 2 2 2 2 2 2
left_child=2 -2 3 -1 5 6 12 -8 11 10 -10 -9 17 14 15 -14 -17 18 -3 -19 25 22 -22 26 -23 -7 27 -24 -25 -26
right_child=1 4 -4 -5 -6 20 7 8 9 -11 -12 -13 13 -15 -16 16 -18 19 -20 -21 21 24 23 28 29 -27 -28 -29 -30 -31
leaf_value=1.5220978351772965 -0.011760737490114154 0.014941136706781113 -0.043274777874784648 -0.050301114544659353 0.010852646451252458 0.015913222329470896 0.0055919962952044799 0.25911260885242682 0.37909491661025518 -0.015903475850269726 0.14061393499810299 0.029801132416135957 0.068157930177345644 -0.013034889869469794 -0.038388901168034104 0.10280961810826522 0.80074876996930833 0.034995807618763107 -0.027608442495875671 -0.035282896785131614 -0.037983868085575016 -0.012637937680337963 0.40978527815007304 -0.018863239541979895 0.075888705244920598 -0.022099395154088972 0.05567657343932151 0.1184744383099095 0.085697184838327403 0.011177818371155352
leaf_weight=0.06360063492320378 166.04721260245424 104.87317872373387 147.13769416010473 0.25098580541089177 490.71476863103453 51.080876095686108 18.093176564900205 0.94273753999733045 1.1351779177784909 1.3308820547536013 3.4806497152894735 16.323140250053257 3.3201303938403708 108.62144836958032 3.5672698062844574 0.64565905509516575 0.5275309132412076 88.752304099965841 33.221329722553492 7.3153836702695108 10.667853725957682 265.85939983569551 0.42635363922455027 9.2337401089025644 8.3868697504512948 158.53197753906716 12.220259159803389 18.375210799276829 4.2375025490182443 65.686880666879006
leaf_count=30 47215 1548 133513 120 14767 1740 496 20 39 38 49 345 126 3835 107 26 18 2289 936 204 1383 26139 27 173 271 13408 125 417 53 2170
internal_value=-0.000213233 0.0035674 -0.0426115 0.267594 0.00527837 0.00253437 0.0111956 0.0418949 0.0701915 0.151109 0.199264 0.0423218 0.00758133 -0.0071795 0.0717254 0.159146 0.416642 0.0149366 0.004705 0.0296442 -0.00308242 0.00209225 0.0510478 0.0723945 -0.00585177 -0.012836 0.0977405 0.12508 0.0140272 0.0185046
internal_weight=1801.07 1653.62 147.452 0.314586 1487.57 996.857 392.15 41.3058 23.2126 5.94671 4.61583 17.2659 350.844 116.682 8.06059 4.49332 1.17319 234.162 138.095 96.0677 604.707 395.094 55.1609 44.4931 339.933 209.613 31.0218 18.8016 13.4712 74.0738
internal_count=251627 117964 133663 150 70749 55982 10076 987 491 126 88 365 9089 4112 277 170 44 4977 2484 2493 45906 30758 2178 795 28580 15148 569 444 226 2441
is_linear=0
shrinkage=0.05


Tree=47
num_leaves=31
num_cat=0
split_feature=11 4 11 7 10 2 6 9 0 3 0 4 15 3 3 2 29 11 3 3 2 4 3 8 9 14 4 0 10 30
split_gain=108.813 19.6188 11.9082 43.0936 19.6689 10.888 9.18189 8.47896 9.50266 8.22853 7.90941 9.67248 9.75783 8.81409 10.1503 9.90177 11.4221 7.82348 20.2567 9.47822 10.1653 9.84805 7.52419 15.7454 12.931 13.5031 19.6582 21.2368 16.265 10.5824
threshold=0.001678820407852349 0.0030257794654191201 0.0017004259577083583 0.0019432083046805374 0.0028926368103682804 -0.013845339869724858 0.0015913642299634821 0.72274993394530862 0.0060271807755758475 0.10530884562718847 0.0067696890342600078 0.016695364422758267 0.33870967514308292 -0.020603498641825087 0.06529761107161737 -0.0088596837907045627 1.7768143938360401 0.0025734810661490457 -0.020603498641825087 0.010282809403972417 0.0058868662433717587 0.0074123034348207934 -0.048466604221326808 0.79591241004842794 0.86148329135819179 80.500000000000014 0.0042424690892946563 0.001468007913333347 0.0041935615269850053 0.49185050321426332
decision_type=2 2 2 2 2 2 2 2 2 2 2 2 2 2 2 2 2 2 2 2 2 2 2 2 2 2 2 2 2 2
left_child=-1 9 3 4 5 -3 22 17 -9 -2 13 -12 -13 15 -15 16 -10 18 -8 21 -21 -20 23 -4 25 -25 27 -27 29 -28
right_child=1 2 6 -5 -6 -7 7 8 10 -11 11 12 -14 14 -16 -17 -18 -19 19 20 -22 -23 -24 24 -26 26 28 -29 -30 -31
leaf_value=-0.045593192448262293 -0.01349529902244501 0.56735976484185613 -0.010444744003258385 1.3860766327703296 1.1325061563200645 -0.050187017416137618 0.5008384710618905 0.0032162287413169104 -0.010410403368056882 0.12395145797850515 0.00081209316096193763 -0.030218117092360532 0.0585470289062473 -0.019692835435161048 0.11977447035146999 0.2275388640662166 0.20178580948691854 0.016958557071217281 -0.031465417502652936 0.28525827161935363 0.059913096813496859 0.49895565998962293 -0.0010652403713292545 -0.0045933071396853922 0.01112891007747013 0.079655933998613232 -0.043294714505833047 0.37270737457428149 0.081766845434378108 0.16653581352104022
leaf_weight=123.12013191281585 175.66261040547397 0.080720675177872181 56.218072907067835 0.069610245409421623 0.042235848843120039 0.61648584785871108 0.27037771011237044 436.79361513181357 1.7903239242732527 1.0957049941644061 37.415426577907056 3.7553337961435345 17.635392211377621 4.0701539306901378 1.9199887551367281 1.4089304469525812 0.98204095661640156 164.52359191165306 2.3958487887866791 0.71450467035174403 1.6705034358892588 0.090825553517788538 658.18071576580405 8.3738466482609528 75.390376134775579 1.4995767115615337 5.0260658124461797 1.051856080535799 14.158043668605385 0.68247079756110895
leaf_count=120931 57054 4 1323 24 6 342 27 14946 29 32 600 49 195 98 26 17 23 5078 520 36 44 6 48015 197 1581 77 152 38 139 18
internal_value=-0.000227159 0.00311027 0.00497059 0.196743 0.0847807 0.0213109 0.00486688 0.00918441 0.00593975 -0.0126433 0.0231862 0.0161447 0.0429635 0.0638969 0.0250099 0.119607 0.0647548 0.0188567 0.0795888 0.0562095 0.127422 -0.0120918 0.00131302 0.0109517 0.0222801 0.0495824 0.0698187 0.20047 0.0530394 -0.0182089
internal_weight=1796.71 1673.59 1496.83 0.809053 0.739442 0.697207 1496.02 675.437 505.771 176.758 68.9776 58.8062 21.3907 10.1714 5.99014 4.1813 2.77236 169.666 5.14206 4.87168 2.38501 2.48667 820.581 162.4 106.182 30.7919 22.418 2.55143 19.8666 5.70854
internal_count=251627 130696 73610 376 352 346 73234 21694 15983 57086 1037 844 244 193 124 69 52 5711 633 606 80 526 51540 3525 2202 621 424 115 309 170
is_linear=0
shrinkage=0.05


Tree=48
num_leaves=31
num_cat=0
split_feature=11 11 3 13 13 2 11 1 28 27 30 12 27 8 28 3 18 28 8 8 10 7 10 7 12 13 11 28 13 27
split_gain=102.749 14.484 21.8856 34.9456 22.8561 15.7441 17.3605 14.3739 61.0433 26.065 23.7842 10.4398 22.7465 41.6433 20.9093 12.0754 50.5073 119.485 16.9054 54.6797 10.1658 22.0884 58.1513 16.3355 10.0966 10.4768 18.0174 15.9729 17.3437 19.0798
threshold=0.0018277355089518531 0.0027449828955163381 0.009033672359011426 279.50000000000006 273.50000000000006 -0.00012657427201401281 0.0022478860446660393 0.0085785526210427916 0.0020032087154468752 1.199948915016787 0.17545201312606154 0.1496428571428591 204203.50000000003 0.9585309761326456 -0.013160258874872542 0.0041673914306126223 0.0020779919045727517 0.00045057532422313737 1.7647228805095641 1.9282040908563638 0.0015608903348550383 0.00091346214855929006 0.0014458664194374059 0.0011195124762683772 0.14795714285714243 307.50000000000006 0.010325874754463182 0.016288039571214448 281.50000000000006 0.26891821228739377
decision_type=2 2 2 2 2 2 2 2 2 2 2 2 2 2 2 2 2 2 2 2 2 2 2 2 2 2 2 2 2 2
left_child=-1 2 7 4 -4 6 -6 11 10 -10 -9 12 14 -14 -2 -16 18 -18 20 -20 21 -17 23 -23 -3 26 27 -26 -29 -30
right_child=1 24 3 -5 5 -7 -8 8 9 -11 -12 -13 13 -15 15 16 17 -19 19 -21 -22 22 -24 -25 25 -27 -28 28 29 -31
leaf_value=-0.041995182886776415 0.56759944029418496 -0.018739596014818682 -0.026125558370081299 -0.021510393058935914 0.30060082342306638 0.062275114906354005 0.089364951110459945 1.0768045823387637 0.66595285177364538 -0.033763438353275284 0.32735784458095929 -0.030738136284758511 -0.050608531798302415 1.1271145968687042 -0.024661735307580427 0.016361297033538405 2.2569785314546471 -0.050227341955621396 1.8696990629059156 -0.050177643274661156 -0.028225059175561475 1.0177793687964813 2.2022304811385349 -0.050141929118121244 -0.0082091067979527896 0.011243054966899008 0.0096891006919563663 0.033216102283510275 0.19080765564671578 -0.031111142417750228
leaf_weight=136.10778836929239 0.16183696349617704 44.063649368239567 6.0175212759058949 28.471187226707116 1.6080140727572168 15.43375837150961 2.4617785126902163 0.17733196797780637 0.13958469335921142 2.8615615760209039 0.26267566066235304 103.2466825369047 0.18285585206467558 0.12732066994067281 15.652628817828374 0.73380104429088433 0.086674124468117841 0.15916050772648305 0.052088081138208397 0.12877453945111483 3.6621010500239208 0.04682175803463906 0.044397332589142025 0.15224693203344941 406.23862990364432 517.81122696353123 436.43355066562071 50.783267631195486 1.0170876176562185 20.299617334501818
leaf_count=133663 35 4286 1231 6337 23 491 32 19 19 529 25 32408 37 18 5961 332 16 41 22 47 809 26 16 61 28558 23562 11413 1121 25 464
internal_value=-0.000232399 0.0031949 -0.0101192 0.016574 0.0590608 0.0853437 0.172826 -0.0213894 0.0794157 -0.00121931 0.6294 -0.0241771 0.00779019 0.432821 0.00147644 -0.00294564 0.0641506 0.763226 0.0284973 0.502743 0.0100092 0.153284 0.565966 0.201037 0.00483473 0.00555983 0.00234281 -0.0043599 0.017328 -0.0205227
internal_weight=1794.63 1658.52 181.871 53.9923 25.5211 19.5036 4.06979 127.879 3.44115 3.00115 0.440008 124.437 21.1907 0.310177 20.8805 20.7187 5.06607 0.245835 4.82023 0.180863 4.63937 0.977267 0.243466 0.199069 1476.65 1432.58 914.772 478.339 72.1 21.3167
internal_count=251627 117964 48535 8114 1777 546 55 40421 592 548 44 39829 7421 55 7366 7331 1370 57 1313 69 1244 435 103 87 69429 65143 41581 30168 1610 489
is_linear=0
shrinkage=0.05


Tree=49
num_leaves=31
num_cat=0
split_feature=11 11 3 13 13 6 30 5 8 11 28 12 11 4 12 22 10 3 30 5 12 6 15 5 11 3 12 10 27 18
split_gain=97.1473 16.7165 18.9114 29.7163 20.9275 10.7455 10.6392 16.1905 10.0668 12.0646 10.8179 9.32849 21.2351 13.4368 9.23106 13.0418 9.17572 8.79703 12.3615 37.7563 13.0308 29.6844 8.98112 26.7413 8.67018 27.2349 8.65608 25.9595 8.64949 8.48793
threshold=0.001678820407852349 0.0027449828955163381 0.0085973793204151567 279.50000000000006 273.50000000000006 0.0037447989624672631 -0.21854876885334371 1.0000000180025095e-35 0.61990301693874394 0.0022478860446660393 0.0018198779697521153 0.29056428571428539 0.0020476286336340928 0.0025491230260804893 0.17602857142857178 1.0000000180025095e-35 0.00025610304041241732 -0.020603498641825087 0.376490069478429 0.00034115554438241225 0.11560714285714294 7.8118032073429253e-05 0.013582838064088261 0.0030071794293368959 0.0017004259577083583 0.009033672359011426 0.21909285714285889 0.0046846543475970023 0.66810473242664314 0.0099268061513513826
decision_type=2 2 2 2 2 2 2 2 2 2 2 2 2 2 2 2 2 2 2 2 2 2 2 2 2 2 2 2 2 2
left_child=-1 2 16 4 -4 24 -6 -8 -9 10 -10 12 13 -12 15 -3 -2 18 20 -20 21 -18 23 -22 25 -5 27 -19 -21 -16
right_child=1 14 3 5 6 -7 7 8 9 -11 11 -13 -14 -15 29 -17 17 26 19 28 22 -23 -24 -25 -26 -27 -28 -29 -30 -31
leaf_value=-0.04518024812519051 0.46515662951126713 -0.014773528393061659 -0.027476934904284708 0.90006228205359917 -0.0027250988191388822 0.27406056502914627 0.60701208049253796 -0.014166115120137754 0.31870709998403357 0.074218308140988107 0.19398095950004446 0.082122971168622355 -0.051004495309663479 0.7426711943642178 0.0049719873970707129 0.34512528879265192 1.0888773398366065 -0.0094130866575668406 0.90042128890108453 -0.050858167622658518 0.86851713931580565 -0.050250175745953668 -0.05053158619117129 -0.050471072733303569 -0.025580172595955516 -0.050090470208931676 -0.03248862703701199 0.35703149333005746 0.22234407862882405 0.03756430838363263
leaf_weight=112.81771536380984 0.097024602466261878 67.645673060556874 6.386771866236816 0.1048788398038657 3.5382299160119173 0.30801525269634922 0.15158212254755454 2.1111344216624301 0.99327522015664627 10.57778213243 0.20088841486722264 2.4233024031855166 0.28737697354517877 0.25098029396031052 1393.4433151205303 0.25266022724099357 0.087776795611715808 42.295289333211258 0.15760602930095036 0.62468802009243496 0.10881121084094081 0.16412619850598276 3.4463197125587612 0.29048586613498628 31.094078403781168 0.2684919472085312 91.130467604263686 0.4888888883870085 0.54026569693814963 20.266660454683006
leaf_count=120931 33 6363 1465 18 188 34 8 108 19 149 29 99 36 15 62771 29 17 16833 32 112 20 42 664 46 7958 189 33059 40 54 266
internal_value=-0.000266314 0.00275028 -0.0108897 0.0129188 0.0515695 -0.0198275 0.076155 0.0925759 0.0879466 0.102578 0.174762 0.129552 0.28503 0.498739 0.0045743 -0.0134343 -0.0209125 -0.0212509 0.0411972 0.174106 -0.00170199 0.346684 -0.0245227 0.19996 -0.0227042 0.216805 -0.0237785 -0.00522578 0.0758437 0.00543922
internal_weight=1792.55 1679.74 198.129 58.6968 26.9213 31.7755 20.5346 16.9963 16.8447 14.7336 4.15582 3.16255 0.739246 0.451869 1481.61 67.8983 139.432 139.335 5.42008 1.32256 4.09752 0.251903 3.84562 0.399297 31.4674 0.373371 133.915 42.7842 1.16495 1413.71
internal_count=251627 130696 61267 10315 2116 8199 651 463 455 347 198 179 80 44 69429 6392 50952 50919 987 198 789 59 730 66 8165 207 49932 16873 166 63037
is_linear=0
shrinkage=0.05


Tree=50
num_leaves=31
num_cat=0
split_feature=4 11 9 12 11 13 3 11 12 12 13 27 28 28 6 1 12 28 1 12 27 4 0 10 7 1 7 13 4 27
split_gain=92.363 19.7137 13.5595 16.0481 55.6688 12.7308 16.1914 20.6588 41.946 16.3755 59.3931 17.7705 16.0187 18.4209 13.3114 20.5592 12.2506 25.6318 11.4114 10.0759 9.27126 8.45973 7.47886 7.44465 10.9487 16.5229 26.7206 7.36883 12.0324 7.18081
threshold=0.0022313690303935618 0.0027449828955163381 0.79865993207788832 0.032728571428571288 0.00087916634171105942 281.50000000000006 0.010020966223375451 0.0019165284929390433 0.14264285714285765 0.12225357142857188 279.50000000000006 0.20036585777103771 -0.011655282909441506 -0.012354773670870954 0.0027472325534873333 0.0042658968818605212 2.8414500000000049 -0.0024241271979645426 0.00098353327421829583 0.14795714285714243 9.9699219172683549 0.0022478097904065019 -0.0076285569070790307 0.0028576974285184661 0.0012937808946984898 0.0026361204637337381 0.0013824139929819212 251.50000000000003 0.0049212234761610912 330783.00000000006
decision_type=2 2 2 2 2 2 2 2 2 2 2 2 2 2 2 2 2 2 2 2 2 2 2 2 2 2 2 2 2 2
left_child=23 2 5 4 -4 6 9 8 -8 10 11 -2 13 -7 16 20 29 -18 -12 -3 -16 -11 -23 -1 -25 -26 -27 28 -21 -14
right_child=1 19 3 -5 -6 12 7 -9 -10 21 18 -13 14 -15 15 -17 17 -19 -20 27 -22 22 -24 24 25 26 -28 -29 -30 -31
leaf_value=-0.04104068896489331 0.49227296778417168 -0.020613402497827199 1.7916047256811334 -0.025692957258468926 -0.050143994728006736 0.0038048367564533347 1.6580430788385305 0.06064884280052333 0.21698326563047945 0.40331692927019991 1.7591082543071357 -0.050483221839792647 -0.024428923304884855 0.36559008736322673 -0.050287091930381445 0.57118337784603224 0.95212824717757116 -0.050284049181511706 0.76749474273966944 -0.025233325427667527 0.49485636079246542 0.35169983735899657 -0.042387767771909814 -0.015084838090831127 -0.050309971182192451 0.9000883319932913 0.10510702681039577 0.0068433018027738851 0.0023496063425311898 0.18065978097284041
leaf_weight=143.83448550244793 0.18365804111818096 39.492471890058368 0.054284052865113064 105.01842328871135 0.16802887077210471 0.85930925793945789 0.05853413452859868 11.990895891794933 0.36777348851319402 0.11018534621689369 0.055271465447731205 0.84320872509852052 43.968443422112614 0.59578701423015334 0.54483660741243412 0.23963144910521805 0.099770182743668556 0.17674185743089665 0.061070121242664754 46.970595722086728 0.091023214161396027 0.12195532023906608 9.3790777019457874 13.972320336150002 0.46883495931979347 0.15775468712672591 0.32032401440665126 1122.6507476659026 249.85427527362481 0.43098906776867707
leaf_count=128982 31 3274 24 37909 141 96 22 435 77 37 25 306 16879 43 135 17 36 40 15 4977 3 1 3038 2880 100 20 47 44820 7119 95
internal_value=-0.00114296 0.00239372 -0.0134429 -0.0247946 0.399572 0.00358047 0.0339122 0.0728092 0.414848 -0.0109988 0.167897 0.0465903 -0.0113714 0.151937 -0.0165881 0.176494 -0.0203719 0.311403 1.23859 0.00429783 0.0277501 -0.0322776 -0.0373293 -0.0375535 -0.00393424 0.1606 0.367432 0.00499091 -0.00201521 -0.0224381
internal_weight=1793.14 1634.39 175.419 105.241 0.222313 70.1782 23.1716 12.4172 0.426308 10.7544 1.14321 1.02687 47.0065 1.4551 45.5514 0.875491 44.6759 0.276512 0.116342 1458.97 0.63586 9.61122 9.50103 158.754 14.9192 0.946914 0.478079 1419.48 296.825 44.3994
internal_count=251624 119595 59405 38074 165 21331 3987 534 99 3453 377 337 17344 139 17205 155 17050 76 40 60190 138 3076 3039 132029 3047 167 67 56916 12096 16974
is_linear=0
shrinkage=0.05


Tree=51
num_leaves=31
num_cat=0
split_feature=4 11 8 13 28 12 13 12 2 3 7 11 12 28 8 12 9 3 2 12 18 11 11 13 4 8 14 3 18 13
split_gain=86.5565 18.3627 15.0024 13.1904 18.2692 21.1222 16.2764 13.9492 13.2002 12.8774 12.0708 51.7449 10.7601 11.7943 9.72682 11.0864 32.5075 19.4565 9.99156 9.22959 8.75852 7.59616 7.44307 6.66145 11.8676 7.76373 9.26213 15.961 9.22659 8.701
threshold=0.0022313690303935618 0.0027449828955163381 1.0707905279226264 281.50000000000006 -0.011655282909441506 0.12548571428571367 273.50000000000006 0.032728571428571288 -0.0041592279051749772 -0.013060534149336998 0.0024038701563040736 0.0018773598835289721 0.61980357142856857 -0.013160258874872542 0.58810400859369516 0.1496428571428591 0.56517425765896767 0.010893940172178486 0.0086908567251888797 0.09399999999999982 0.00064455944949011847 0.0015632512264761292 0.0020476286336340928 251.50000000000003 0.0049212234761610912 0.63743853806849959 24.500000000000004 -0.016315789349293282 0.001154704107867783 339.50000000000006
decision_type=2 2 2 2 2 2 2 2 2 2 2 2 2 2 2 2 2 2 2 2 2 2 2 2 2 2 2 2 2 2
left_child=21 2 3 6 5 -5 10 -6 -8 -10 -2 -12 -7 -14 -11 16 -16 -17 22 -3 -18 -1 -19 24 -21 26 27 -25 -28 -27
right_child=1 19 -4 4 7 12 8 -9 9 14 11 -13 13 -15 15 17 20 18 -20 23 -22 -23 -24 25 -26 29 28 -29 -30 -31
leaf_value=-0.048105775447456527 -0.037125810350090029 -0.055279389462614681 -0.03147164647595848 0.55671638969434745 0.36170566189775316 -0.050525664701966268 -0.06294537380776373 -0.019604629302760381 0.47329889115641849 -0.037666832438606801 0.78900589487482276 -0.050533637234006203 -0.051344606600067247 0.26289591676589458 0.87661711375743279 -0.050464255606074718 0.01651059221068777 0.23854637683497654 0.013957172911411769 -0.025318139150148869 0.30311964379683065 -0.025825797760858069 0.10001839440499649 0.15851169963873082 0.0019877994724565953 0.0094401842295792366 -0.00093660769380959517 -0.016591216426812112 -0.035073414637440445 -0.0062485261319654593
leaf_weight=77.270006856357213 11.009542798623441 6.5219203934539101 67.904031041718554 0.24581737583503072 0.24067936767823894 1.0463337058899926 2.2697265752358389 69.219959147914778 0.19083426648285851 2.2250482055242164 0.23773546365555265 0.80508020590059459 0.43910993204917759 0.9331359381903892 0.16179146943614142 3.0864825641037887 0.73890358308562987 1.1058244506129975 3.1811791029758743 47.175381711916998 0.41698278271360323 75.770506528788246 7.8744826533365995 2.3631630898453295 254.21671509090811 872.20707501471043 157.32642615120858 2.8965602479875079 22.642920713871717 98.340399862267077
leaf_count=93803 3296 812 26701 25 50 177 549 26610 37 285 21 120 45 42 39 972 173 52 70 5157 43 38226 98 40 7272 32754 6973 255 923 6004
internal_value=-0.00111575 0.00224597 -0.0131425 -0.00133716 -0.0133549 0.115131 0.0246894 -0.0182834 0.0510132 0.0646398 -0.0217258 0.14086 0.0702499 0.162341 0.0604896 0.0736736 0.212817 0.0616493 0.0901028 0.0040683 0.119904 -0.0370749 0.117077 0.00433393 -0.00228626 0.00606028 -0.00332014 0.0620815 -0.00523154 0.00785053
internal_weight=1790.06 1637.02 173.333 105.429 72.125 2.6644 33.3036 69.4606 21.2513 18.9815 12.0524 1.04282 2.41858 1.37225 18.7907 16.5656 1.31768 15.248 12.1615 1463.69 1.15589 153.041 8.98031 1457.17 301.392 1155.78 185.229 5.25972 179.969 970.547
internal_count=251624 119595 59405 32704 26949 289 5755 26660 2318 1769 3437 141 264 87 1732 1447 255 1192 220 60190 216 132029 150 59378 12429 46949 8191 295 7896 38758
is_linear=0
shrinkage=0.05


Tree=52
num_leaves=31
num_cat=0
split_feature=11 6 4 0 13 2 13 13 2 3 13 13 1 15 2 15 1 0 27 9 11 2 11 28 11 13 11 11 3 13
split_gain=81.607 17.6577 14.645 13.6127 12.8018 31.4952 9.0319 23.6507 22.2452 13.4201 47.7108 24.0374 21.4728 18.6083 17.8687 29.7589 17.2175 29.9226 38.1989 26.1736 24.2491 23.816 66.7697 17.1936 12.9326 16.2379 12.0544 11.2266 26.2729 19.1105
threshold=0.0021254688368268723 0.00098897258395006502 0.0014996046328203988 -0.0053787456385508406 252.50000000000003 -0.010925210281078622 339.50000000000006 324.50000000000006 -0.0013483146067416183 0.0074673814281396309 329.50000000000006 334.50000000000006 0.0016675129493191056 0.30414656923779565 -0.0010860303089028631 0.44982256975774232 0.0072133914540044594 0.001295604819923857 3.0092224599429422 0.81052776019444739 0.0035920528620029249 0.0056269526849052074 0.0031537448228779849 0.01491908366916036 0.0035262599464120324 326.50000000000006 0.00456017514929554 0.0035262599464120324 0.048549629057937811 359.50000000000006
decision_type=2 2 2 2 2 2 2 2 2 2 2 2 2 2 2 2 2 2 2 2 2 2 2 2 2 2 2 2 2 2
left_child=1 4 -2 -3 5 -1 7 -4 -9 10 12 -11 -10 -13 15 -12 17 19 20 -14 -19 22 -21 -15 25 -18 -25 28 -8 -29
right_child=2 3 6 -5 -6 -7 27 8 9 11 14 13 16 23 -16 -17 24 18 -20 21 -22 -23 -24 26 -26 -27 -28 29 -30 -31
leaf_value=1.8253768176721448 -0.044453656947440863 0.73192655789037486 0.0018109584028250638 0.0011419457045402117 -0.043269822537430752 0.085583727740339857 -0.027960217159166474 -0.0049467149715067176 0.013870227480160395 -0.00053404166353016697 0.83067869906419001 0.12266690028218136 -0.020071791306088244 -0.014929112469952358 -0.0083447070048078796 -0.050794908388114804 0.28161401215288034 0.016298317891432847 0.66712559330914645 -0.050279873635638975 0.4213306533821462 0.16065874376249933 1.5583851444403432 0.14858729539479384 0.051122689136225488 0.086299943321823308 0.033977562698405468 -0.016592400687316735 0.43738520780847123 0.031573305171632066
leaf_weight=0.026655077934265026 16.566955966525711 0.063880616333338192 1307.0127181431744 26.088426783971954 136.37456396420021 1.0797214416088525 59.918688912410289 49.470055651501752 3.8272914794506532 41.950301580363885 0.17013706790749239 8.2157195119652915 1.536296684527769 9.5113996861036885 15.868134520016609 0.21899673820007592 1.8672151428181658 0.74313989642541878 0.69516363157890726 0.13411713589448471 0.73504582978785038 0.69016312179155648 0.12427472649142146 3.8372535565868002 4.7851266309153289 2.4742576330900192 5.7055770643055439 51.83178243925795 0.30486054345965286 34.170338821597397
leaf_count=5 5837 6 67302 15671 138551 201 12018 3596 426 1698 17 123 129 458 1474 27 35 87 38 32 20 31 9 53 63 35 50 2281 7 1344
internal_value=-0.0010783 -0.0347319 0.00231604 0.00292699 -0.0418956 0.127499 0.00279856 0.00398546 0.0226149 0.035841 0.0616311 0.0232219 0.118647 0.0597665 -0.000135915 0.334603 0.147737 0.225954 0.361456 0.107439 0.217706 0.313957 0.723415 0.0326453 0.107816 0.170302 0.0800631 -0.00904862 -0.0256046 0.00254478
internal_weight=1786 163.633 1622.37 26.1523 137.481 1.10638 1605.8 1459.57 152.56 103.09 33.8694 69.2203 17.6121 27.2699 16.2573 0.389134 13.7848 4.6582 2.17335 2.48485 1.47819 0.948555 0.258392 19.0542 9.1266 4.34147 9.54283 146.226 60.2235 86.0021
internal_count=251624 154434 97190 15677 138757 206 91353 75703 8401 4805 2423 2382 905 684 1518 44 479 346 145 201 107 72 41 561 133 70 103 15650 12025 3625
is_linear=0
shrinkage=0.05


Tree=53
num_leaves=31
num_cat=0
split_feature=4 11 9 13 13 14 28 2 30 12 28 11 12 2 1 5 15 15 30 12 9 12 7 29 18 9 12 2 28 28
split_gain=76.4902 15.5889 11.8042 9.51997 13.0895 10.6857 10.4038 9.4944 8.93464 8.82308 8.08558 7.76526 6.59174 31.831 6.36004 14.4297 30.859 27.6302 11.8671 9.73767 6.22585 6.7146 13.8936 17.7988 8.24817 7.79526 6.32282 6.08248 11.6807 10.3877
threshold=0.0022313690303935618 0.0027449828955163381 0.79865993207788832 281.50000000000006 273.50000000000006 148.50000000000003 -0.011655282909441506 -0.0041592279051749772 0.55235858901377688 0.14795714285714243 -0.012354773670870954 0.0015632512264761292 2.8414500000000049 -0.0074370941363597334 0.0041705674625313058 0.00096563704828008694 0.9595924916823062 0.59595957790021303 -0.57961822990736389 0.11724285714285722 0.73745007380609795 0.1496428571428591 0.00037754845205127159 -0.3516377531394711 0.00064455944949011847 0.71531922397775183 0.35236071428571575 -0.011879493411568074 -0.018289225599716265 -0.011032114793069429
decision_type=2 2 2 2 2 2 2 2 2 2 2 2 2 2 2 2 2 2 2 2 2 2 2 2 2 2 2 2 2 2
left_child=11 2 3 4 5 -2 10 -6 20 -3 -5 -1 14 -14 -8 16 17 -16 -19 -20 21 22 -9 -24 -25 26 -23 28 -11 -29
right_child=1 9 -4 6 7 -7 12 8 -10 27 -12 -13 13 -15 15 -17 -18 18 19 -21 -22 25 23 24 -26 -27 -28 29 -30 -31
leaf_value=-0.047920785525604248 -0.043113725562826152 -0.019923597648376406 -0.023406517187726614 -0.00031374112605095486 -0.05183929093239123 0.16688377899490617 -0.026206364431157925 -0.050670768434529612 -0.016441834100164792 0.007264421087590925 0.20957747358623219 -0.024608847477250825 0.9739795494262945 -0.050325786071072798 0.86982492698558544 -0.016919058326673505 1.0255787747754312 0.71087304014967978 0.29522823778181057 -0.021412944829810761 0.016462601610144303 -0.052376562687706546 0.65248419595476925 -0.050567540508476762 0.36304031852006213 0.19003847664730114 0.086180761891612959 0.025410240576648053 -0.0088664284880799939 0.0050959771425805973
leaf_weight=70.673396219674032 6.9921827093348865 38.63791554630734 99.623638785094954 0.90106402849778533 1.8632440778892512 0.66324339667335142 34.818435043620411 0.32799131545470916 2.5675792293623081 232.27273471071385 0.93492713244631775 72.232846493890975 0.097614463418722153 0.34010602033231307 0.10864806303288688 5.9758982465136796 0.092930001090280601 0.065698848397005905 0.28681781818158847 1.5823459090315735 2.5049514867132521 0.96226926520466616 0.2836953037767671 0.2444673107820563 0.23777321091620252 1.5694080021930856 5.7039014211040922 67.573290363652632 217.14067901577801 915.80674679134972
leaf_count=93803 2384 3274 38074 96 348 14 14789 70 275 3518 43 38226 13 74 20 1807 24 23 42 413 210 210 21 43 6 67 339 1666 9615 42117
internal_value=-0.0010538 0.00200299 -0.012391 0.00348458 0.0289924 -0.0249202 -0.0100133 0.0543669 0.0681072 0.00365375 0.106567 -0.0361376 -0.0149487 0.178101 -0.016917 0.022953 0.13448 0.0939571 0.0503899 0.0271747 0.0864508 0.105242 0.221629 0.338234 0.153366 0.0897829 0.0661799 0.00428956 -0.000529435 0.00649188
internal_weight=1783.09 1640.18 168.749 69.1252 23.9207 7.65543 45.2045 16.2653 14.402 1471.43 1.83599 142.906 43.3685 0.43772 42.9308 8.11234 2.13644 2.04351 1.93486 1.86916 11.8345 9.32951 1.09393 0.765936 0.482241 8.23558 6.66617 1432.79 449.413 983.38
internal_count=251624 119595 59405 21331 3987 2398 17344 1589 1241 60190 139 132029 17205 87 17118 2329 522 498 478 455 966 756 140 70 49 616 549 56916 13133 43783
is_linear=0
shrinkage=0.05


Tree=54
num_leaves=31
num_cat=0
split_feature=11 6 12 12 1 10 7 13 1 12 10 7 12 13 12 14 3 5 8 9 10 7 10 12 5 15 11 15 12 19
split_gain=71.7726 17.2245 18.1969 75.9123 102.6 147.379 26.0904 10.0932 9.12185 9.05581 8.57744 9.93435 13.1916 10.7236 10.3314 20.7196 92.6729 14.9184 26.0065 61.4084 19.2201 19.1533 17.0281 14.5131 35.1819 16.3826 14.2443 10.5441 9.21594 8.56293
threshold=0.0021254688368268723 0.00098897258395006502 0.82552142857142863 0.88647857142857289 -0.0023561687644141345 0.0012153312857805828 0.0019432083046805374 252.50000000000003 -0.0050635592888367267 0.089064285714284971 0.0018687842220845871 0.00078724660499892934 0.090714285714285567 288.50000000000006 0.45183928571428872 94.500000000000014 -0.012644067246350863 0.00048465567701434423 0.74193822305305257 0.62393041969186858 0.0017115059548843702 0.0029656121022796403 0.0017235843162467315 0.50683214285714395 0.00091427154337560604 0.11750593579678843 0.0038180639668084137 0.10638297759167223 1.2700321428571535 1.0000000180025095e-35
decision_type=2 2 2 2 2 2 2 2 2 2 2 2 2 2 2 2 2 2 2 2 2 2 2 2 2 2 2 2 2 2
left_child=1 7 -3 4 5 -4 -6 8 -1 -2 11 12 -11 -13 -15 17 -17 18 19 22 -21 -20 -16 24 -19 26 27 28 -25 -5
right_child=9 2 3 29 6 -7 -8 -9 -10 10 -12 13 -14 14 15 16 -18 23 21 20 -22 -23 -24 25 -26 -27 -28 -29 -30 -31
leaf_value=0.28035706045170578 -0.044181513332103919 -0.015925613500719214 3.9452688103539262 0.014415405727275666 -0.050106141542218666 0.73971951380024725 1.4264495814779432 -0.042699129478816988 0.0032413202798814928 0.65504063606205609 0.0033688665367237235 -0.02002213619458533 -0.027410871075922556 -0.01221298302661477 -0.051167591805965765 1.5432455585755191 0.039339979941634629 0.86713456611150619 -0.013077537177782678 1.3488716324292809 0.55573876482274376 0.3855416245394675 0.39441105459147446 -0.050531921836878872 0.066097183961798242 -0.02331884718625496 0.015534540105318642 0.55645128277552003 0.3291379009117843 0.50943317250940279
leaf_weight=0.44477789732627571 10.516905980068257 21.201772205007732 0.050054320541676134 4.0063616593834013 0.25762131292140011 0.12641364883165807 0.03384794236626476 126.22810345736798 0.89355591364437603 0.070903557934797301 1502.0411598442588 27.360335084493272 53.586149635491893 13.0129939179169 0.59495316236280504 0.12550849944818765 0.55721807351801445 0.1634894034359593 2.4365398334339265 0.14291486097499728 0.16408122482243925 0.34387729177251447 0.33523146458901465 0.2711739928927267 0.8483533546095714 11.923622187343424 1.2148629738949237 0.24651618069037795 0.38927967939525843 0.089309130504261591
leaf_count=25 2323 13656 28 1755 168 37 4 138551 181 29 71006 4514 14132 2653 131 26 115 34 476 26 14 38 35 44 106 1409 49 17 13 29
internal_value=-0.00101792 -0.0337195 0.00356919 0.0941388 0.697449 1.64896 0.121364 -0.041251 0.0953371 0.00206519 0.0023662 -0.0108694 -0.0265091 0.00308643 0.0223799 0.0451638 0.315809 0.0354769 0.12108 0.311787 0.924963 0.036223 0.109416 0.0126362 0.195526 -0.000539305 0.12747 0.277405 0.17325 0.0252096
internal_weight=1779.68 153.332 25.7654 4.56361 0.467937 0.176468 0.291469 127.566 1.33833 1626.35 1615.83 113.788 53.6571 60.131 32.7706 19.7576 0.682727 19.0749 4.0176 1.23718 0.306996 2.78042 0.930185 15.0573 1.01184 14.0455 2.12183 0.90697 0.660454 4.09567
internal_count=251624 154434 15677 2021 237 65 172 138757 206 97190 94867 23861 14161 9700 5186 2533 141 2392 720 206 40 514 166 1672 140 1532 123 74 57 1784
is_linear=0
shrinkage=0.05


Tree=55
num_leaves=31
num_cat=0
split_feature=11 28 1 7 12 11 3 3 8 6 13 8 27 7 11 14 6 6 23 1 13 7 13 3 13 15 0 8 3 28
split_gain=69.2565 11.0047 12.9299 14.7939 11.2979 9.96483 45.9473 16.2773 13.7538 15.9627 8.89948 11.651 8.76444 26.1033 15.2766 56.3829 9.48813 32.9669 8.27095 9.71764 12.3955 18.6494 12.0379 28.1035 25.1377 17.1722 17.6267 16.5539 15.6349 36.9342
threshold=0.001678820407852349 -0.011032114793069429 0.0050517667309401002 0.00044312818962394777 2.244325000000007 0.0033415946849313059 -0.015670439488698448 0.044432594119525166 0.40403675258203503 0.0037447989624672631 364.50000000000006 1.075823908175084 40789.500000000007 0.00048783209648361992 0.0040533146919347869 147.50000000000003 0.00089829442806924292 0.0010819204267434794 1.0000000180025095e-35 -0.0027473913058116413 244.50000000000003 0.0039761949786768806 274.50000000000006 -0.048466604221326808 280.50000000000006 0.70765171729049048 -0.0053787456385508406 0.39516292878583326 0.0066985938186022729 0.0020032087154468752
decision_type=2 2 2 2 2 2 2 2 2 2 2 2 2 2 2 2 2 2 2 2 2 2 2 2 2 2 2 2 2 2
left_child=-1 10 3 4 -3 6 -6 -7 -9 -10 -2 -12 18 -14 15 16 -15 -18 19 -5 21 -21 23 -22 25 26 -24 -27 -28 -30
right_child=1 2 -4 12 5 7 -8 8 9 -11 11 -13 13 14 -16 -17 17 -19 -20 20 22 -23 24 -25 -26 27 28 -29 29 -31
leaf_value=-0.043937613481569576 0.0072214942892283463 -0.019950368698908236 0.0044883968385888637 -0.0073331609800839515 1.3707628673681307 -0.030685476314147298 0.07630484415257284 0.28056462724908038 -0.0056948320644014429 0.23625301280422134 0.10192096620075231 -0.02427077183346335 0.82291819814059586 -0.050731262012723738 -0.028527242327117387 1.2428170352623642 0.79273421880456263 -0.051463206097411666 -0.024132123043166833 0.019756794070852055 0.050481663934646884 0.44742297551351584 0.45386779144401634 -0.024471325715210636 0.006483435745561099 0.86371264567238226 -0.0079596808466573781 -0.0095867897263574031 0.3471284102367771 0.078937191049822164
leaf_weight=89.3094040005235 412.62632358068367 197.89103961968794 573.18449102155864 208.40885882463772 0.070364256273024117 9.9936327842297015 2.6626872049528201 0.73322100844234128 3.2275688375812024 0.86426199600100506 5.4744957389775646 2.7468978883698583 0.11392527120187823 0.60034823085879929 2.1034850998548791 0.11592106986790884 0.17747957177925855 0.33193613128969446 36.817480203404557 0.70367048913612851 15.660031921230255 0.399718152359128 0.33021702570840794 62.096394733642228 134.01968610775657 0.054702648776582374 3.5134858113597156 6.7712195788044482 1.4652891927980807 10.361655529588459
leaf_count=120777 10655 38836 25042 19256 12 614 402 17 153 22 145 104 12 159 109 8 14 40 3969 50 472 14 11 8532 20760 13 772 415 55 216
internal_value=-0.00102432 0.00123875 -0.001079 -0.00564112 -0.0165404 0.021906 0.109632 0.00572659 0.0811432 0.0454085 0.00824782 0.0597583 -0.000789986 0.0786991 0.0532317 0.193544 0.0839415 0.242654 -0.00135946 0.00052982 0.00749193 0.174685 0.00670448 -0.0093759 0.0146931 0.063601 0.0924322 -0.00258821 0.0846519 0.112165
internal_weight=1782.83 1693.52 1272.67 699.488 215.443 17.5517 2.73305 14.8187 4.82505 4.09183 420.848 8.22139 484.046 3.4431 3.32917 1.22569 1.10976 0.509416 480.602 443.785 235.376 1.10339 234.273 77.7564 156.516 22.4966 15.6706 6.82592 15.3404 11.8269
internal_count=251656 130879 119975 94933 40056 1220 414 806 192 175 10904 249 54877 342 330 221 213 54 54535 50566 31310 64 31246 9004 22242 1482 1054 428 1043 271
is_linear=0
shrinkage=0.05


Tree=56
num_leaves=31
num_cat=0
split_feature=4 10 3 6 6 8 13 13 10 2 8 5 9 8 28 12 13 13 3 2 29 2 9 0 15 1 3 10 2 28
split_gain=56.6131 12.642 11.9598 18.4753 30.6301 12.4657 36.9419 74.7794 9.95735 14.9206 36.962 15.4834 16.4314 12.6747 12.6203 15.3132 14.6979 31.9919 37.3488 19.0179 17.2268 15.0655 18.6298 35.821 36.497 19.8437 13.2474 12.2278 21.5211 13.2722
threshold=0.0022148394241418017 0.0026959911779841539 -0.037705787557116503 0.0005724608186079772 0.00094650956073946539 1.4237054135411478 325.50000000000006 333.50000000000006 0.0039104479612214133 0.062974735908217574 0.51940725218833084 0.0021823196286502888 1.6432754159100984 1.542822499581229 0.020340015263120976 0.84002142857143181 273.50000000000006 279.50000000000006 0.0030326937930859059 -0.013845339869724858 0.22567988508070383 0.0067790882651774806 0.84800990629702111 0.0017375420471522631 0.87091764591644061 -0.0026863509246697888 -0.021760666830148653 0.0039956499168488221 0.062974735908217574 0.017984847649775228
decision_type=2 2 2 2 2 2 2 2 2 2 2 2 2 2 2 2 2 2 2 2 2 2 2 2 2 2 2 2 2 2
left_child=1 -1 3 -3 -5 -4 -7 -8 9 13 -11 12 -12 14 16 -16 26 18 -18 -20 21 22 -21 25 -25 -24 -2 28 29 -10
right_child=8 2 5 4 -6 6 7 -9 27 10 11 -13 -14 -15 15 -17 17 -19 19 20 -22 -23 23 24 -26 -27 -28 -29 -30 -31
leaf_value=-0.038652335273250522 0.0019153934532198892 0.042507694144502124 -0.016458962820249955 0.79558117113267379 -0.0505979878385363 -0.050224036886970171 2.0911015580051511 -0.050156300489744836 0.022354532758095735 0.50791279954096624 0.053971820842402533 -0.027503530834319015 0.31397528027738875 -0.025053154216507858 0.066099399126220662 -0.015572565710893544 -0.043374508972290449 -0.0032423322132422517 1.1138117360846944 0.075351116639462298 -0.028966684300106849 0.030164546352745982 -0.084301560632721595 0.83477815471258432 0.1713264533595058 0.19075707141957196 -0.026212958073611244 0.0038879968824948371 0.37802725053319725 0.1628065759156232
leaf_weight=113.87405328277964 68.67821309028659 1.5518416406121129 14.450581148674242 0.23613246087916184 0.19548007659614086 0.37000952684320587 0.070037750294432044 0.097586085321381688 19.915247642900802 0.4467292008921494 2.3536704829894011 3.9169960881117731 0.81912883301265527 64.313251062761992 14.520815614145251 9.490299443015827 10.727033184957689 350.62255173904123 0.042913250625132515 17.564165425952527 4.7214386010309672 12.990560328704303 0.87973479693755541 0.39464540150947858 0.43663616408593953 2.574951237475033 107.18759266100824 953.94531538017327 0.46488949749618669 1.837165240664034
leaf_count=127248 4006 115 3517 26 24 97 14 34 876 21 122 139 36 12819 258 185 2338 59436 2 501 386 357 30 27 31 114 15012 23830 16 39
internal_value=-0.000995631 -0.0326524 0.00760523 0.122986 0.412341 -0.00766359 0.22874 0.844519 0.00151652 -0.00316415 0.0667929 0.0389979 0.121098 -0.00395681 -0.00169865 0.0338189 -0.00317712 0.00210879 0.0393857 0.0618013 0.0606602 0.0728059 0.0981575 0.19162 0.486296 0.120713 -0.0152284 0.00474201 0.0414109 0.0342168
internal_weight=1779.69 130.846 16.9717 1.98345 0.431613 14.9882 0.537633 0.167624 1648.84 672.681 7.53652 7.0898 3.1728 665.145 600.832 24.0111 576.82 400.955 50.3321 39.605 39.5621 34.8407 21.8501 4.28597 0.831282 3.45469 175.866 976.163 22.2173 21.7524
internal_count=251656 131075 3827 165 50 3662 145 48 120581 95820 318 297 158 95502 82683 443 82240 63222 3786 1448 1446 1060 703 202 58 144 19018 24761 931 915
is_linear=0
shrinkage=0.05


Tree=57
num_leaves=31
num_cat=0
split_feature=11 10 8 7 1 3 30 13 13 30 17 27 10 27 1 13 0 3 10 8 3 12 11 4 11 30 30 5 12 10
split_gain=62.6779 11.4743 12.5769 11.2233 13.9922 18.798 14.5531 19.016 29.9013 15.228 14.5493 12.9244 11.0256 11.9378 12.7081 11.7325 11.1357 10.5028 9.92103 15.3468 24.613 16.9039 13.2518 9.7859 9.33616 9.33081 14.9064 8.78621 8.70142 9.67077
threshold=0.001678820407852349 0.0039104479612214133 1.8211377242265432 0.00085153172731782813 -0.01729302655469794 0.00052086527894201773 -0.071137692932937743 260.50000000000006 280.50000000000006 -0.042550222690139632 1.0000000180025095e-35 4.4088479629123407 0.000566402003110019 61354.500000000007 0.0085785526210427916 377.50000000000006 0.00030276382082494729 0.0062812867453992957 0.0039956499168488221 0.82767247788836784 0.048549629057937811 0.92007678571428964 0.0039790906052524196 0.0051345197030630702 0.0073362804082349065 0.55847461962009903 0.64072742242591252 0.0058731125634146845 4.7037142857142831 0.0031295932583337966
decision_type=2 2 2 2 2 2 2 2 2 2 2 2 2 2 2 2 2 2 2 2 2 2 2 2 2 2 2 2 2 2
left_child=-1 2 3 4 10 -6 -7 28 9 23 -2 -10 16 14 15 -14 -13 -11 19 20 22 -22 -3 -9 27 -4 -27 -12 -8 -30
right_child=1 18 25 -5 5 6 7 8 11 17 24 12 13 -15 -16 -17 -18 -19 -20 -21 21 -23 -24 -25 -26 26 -28 -29 29 -31
leaf_value=-0.043449538034012303 -0.014917763012178531 -0.051809525330879194 -0.039124900901049343 0.0039484473320787949 -0.023700184011616318 -0.018881482560473426 -0.040430152570471896 0.06857315770265221 -0.011766055129364746 -0.014511986040298328 0.096876751382115461 0.66087062040500166 -0.014396124218696078 -0.053293990964527693 0.11436582601614834 0.6169725007365825 0.11642650298365945 0.064492286549095584 0.0038037185715706998 0.0039328059623970754 0.42030040876703012 0.088648917452552781 0.09243531682401164 0.38859909001198895 0.016745546762140958 0.58164220091273844 -0.050842246062976895 0.27819590735218963 -0.050466945374609919 0.4343881540043058
leaf_weight=82.80922782223206 3.6808577240444711 2.2500683441758174 28.864361353917051 344.63786209892714 147.54689717851579 62.888839590654243 18.154984483611774 0.4152663167915297 50.059987259097397 4.9690435581724151 1.5328938309103253 0.13960795168531959 4.0245579550974053 2.8666036957874885 5.3034563908004202 0.074950909300241508 0.28697681799530983 27.420273741008714 963.68524897203315 14.072746233548967 0.8408079878427086 0.7074927925132215 5.4464184651151299 0.56236679386347532 1.394117936491966 0.15796734520699729 0.22705546976067126 1.18430461268872 0.2055539982393374 0.20582025684416294
leaf_count=120777 75 202 4989 36454 33149 11068 3131 69 11174 1358 35 19 1103 303 219 37 45 1721 24786 536 22 25 205 15 32 18 27 22 31 9
internal_value=-0.000975547 0.00110098 -0.00376209 -0.00237631 -0.00892373 -0.0105106 0.000448352 0.0110477 0.0199955 0.0582402 0.057289 -0.0003389 0.0447175 0.0360295 0.0632608 -0.00285287 0.294606 0.0523718 0.00458348 0.0368102 0.0868573 0.268753 0.0502653 0.252663 0.121936 -0.0358633 0.208654 0.175906 -0.0352776 0.192118
internal_weight=1776.62 1693.81 706.805 677.555 332.917 325.125 177.578 114.689 96.1231 33.367 7.79217 62.7561 12.6962 12.2696 9.40297 4.09951 0.426585 32.3893 987.003 23.3175 9.24479 1.5483 7.69649 0.977633 4.11132 29.2494 0.385023 2.7172 18.5664 0.411374
internal_count=251656 130879 105103 100069 63615 63451 30302 19234 16063 3163 164 12900 1726 1662 1359 1140 64 3079 25776 990 454 47 407 84 89 5034 45 57 3171 40
is_linear=0
shrinkage=0.05


Tree=58
num_leaves=31
num_cat=0
split_feature=11 10 8 4 14 1 28 14 14 12 1 14 22 14 14 29 11 8 12 11 3 2 28 28 29 29 28 12 29 2
split_gain=59.1598 10.4299 10.0309 10.2178 9.93234 12.9063 9.12082 52.7613 8.96389 10.665 11.2225 8.11419 12.6 37.5933 12.1399 35.2612 72.6834 125.842 54.801 122.561 17.3228 23.3261 10.6289 11.4529 15.3538 40.3999 16.9107 9.76543 9.58483 12.8197
threshold=0.001678820407852349 0.0026959911779841539 1.542822499581229 0.0050603746673752968 7.5000000000000009 -0.0017543479681617067 -0.0089068036124678902 22.500000000000004 126.50000000000001 3.1666428571428513 0.01177364517660129 96.500000000000014 1.0000000180025095e-35 120.50000000000001 101.50000000000001 -0.48344899859860946 0.0018038665491034711 0.79247350770759362 0.62852499999999834 0.0025203507240030829 0.0083921070341661536 0.015952637636213022 -0.015239615221101717 0.0041228838715976733 0.16514005022618608 0.28478002528404606 0.0043907179040734903 0.17602857142857178 2.1939219469184437 -0.0035546759032332727
decision_type=2 2 2 2 2 2 2 2 2 2 2 2 2 2 2 2 2 2 2 2 2 2 2 2 2 2 2 2 2 2
left_child=6 2 3 8 5 -4 7 -1 9 11 -11 -2 14 -14 15 16 17 -13 -18 -20 21 27 -17 28 -25 -26 -27 -16 -24 -30
right_child=1 -3 4 -5 -6 -7 -8 -9 -10 10 -12 12 13 -15 20 22 18 -19 19 -21 -22 -23 23 24 25 26 -28 -29 29 -31
leaf_value=1.5098532460121747 -0.013280165603462872 0.0030422531907803967 1.1242698149953472 0.011063648374725595 -0.034403340974623421 -0.050152181681528976 -0.044383079387439239 -0.050068490372933143 -0.029840143496042804 0.050630631054135816 0.33784332500085124 0.46109234701951074 -0.05023369798215125 1.3135941699411724 0.02976264848857518 0.61058038743869658 -0.050200400970762331 3.8325650205425612 -0.05016876506167002 2.393776403044519 0.031248038164814664 0.57699006197873703 -0.038006404173917034 0.0090838357256187701 1.5595296821861948 0.61832805097880006 -0.050247587874478153 -0.043873175853425324 1.1055494589001504 -0.050220505852341113
leaf_weight=0.064087899692821249 128.88832501787692 1342.1536668725894 0.042573006474412978 83.872866288525984 32.777219288283959 0.051926202082539841 78.884171779791359 0.35155812231823802 43.20390781207243 3.0714834034442897 0.38246399536728848 0.09761449397774391 0.1625252126250406 0.073323660471942276 5.5829781419015552 0.075597305316477903 0.66358180879615247 0.038630827330052853 0.1375312891905196 0.081816287129186094 23.826035321515519 0.15934997773729165 4.0568375237635328 0.7692623828188514 0.062122820818331093 0.14805975765921175 0.26184682094026357 23.264863592048641 0.04326379660051316 0.053862527536693849
leaf_count=32 40448 50474 17 4800 7977 23 120358 387 11102 282 6 56 53 22 2312 7 274 24 62 17 2453 19 1494 184 26 11 83 8611 20 22
internal_value=-0.000942447 0.00103348 -0.00662912 -0.00391898 -0.0329276 0.478939 -0.0431522 0.190454 -0.00926397 -0.00463153 0.0824344 -0.00622731 0.00903534 0.37377 0.00758528 0.0721203 0.342142 1.41704 0.176275 0.861419 -0.00034219 -0.0262899 0.0218175 0.0135679 0.146833 0.371322 0.191244 -0.0296223 -0.0262546 0.464604
internal_weight=1773.3 1694 351.85 318.978 32.8717 0.0944992 79.2998 0.415646 235.105 191.901 3.45395 188.447 59.5591 0.235849 59.3233 6.49003 1.01917 0.136245 0.882929 0.219348 52.8332 29.0072 5.47085 5.39526 1.24129 0.472029 0.409907 28.8478 4.15396 0.0971263
internal_count=251656 130879 80405 72388 8017 40 120777 419 67588 56486 288 56198 15750 75 15675 2280 433 80 353 79 13395 10942 1847 1840 304 120 94 10923 1536 42
is_linear=0
shrinkage=0.05


Tree=59
num_leaves=31
num_cat=0
split_feature=4 13 4 12 12 9 13 13 2 3 8 3 13 3 13 13 28 9 12 12 4 4 6 13 2 9 4 7 15 29
split_gain=48.5287 10.722 9.27597 12.4192 12.3946 12.077 10.8606 15.7345 21.8508 19.5301 11.4935 28.6407 11.3283 10.832 11.1213 11.1764 25.0895 20.854 10.4444 16.094 20.2171 39.3829 25.8783 12.4801 17.2964 10.4076 20.0954 10.136 12.0374 9.98758
threshold=0.0019701462509359264 241.50000000000003 0.0058591713053300918 0.78412500000000163 0.90346785714285927 1.0909183874222197 324.50000000000006 329.50000000000006 0.0041730443649848912 0.016162819262168674 1.38256786079345 -0.011861417433738973 310.50000000000006 -0.030124110732622552 263.50000000000006 265.50000000000006 0.0060270823140112341 0.59864347761552339 0.40914999999999985 0.35236071428571575 0.0044995292149670298 0.0037399886484266831 0.0013528938684060855 257.50000000000006 -0.050530085875185142 0.41235491034403099 0.0042424690892946563 0.00167188871740716 0.63235292722750891 -1.0000000180025095e-35
decision_type=2 2 2 2 2 2 2 2 2 2 2 2 2 2 2 2 2 2 2 2 2 2 2 2 2 2 2 2 2 2
left_child=1 -1 3 5 -4 6 12 8 10 27 -8 -12 13 18 -15 16 -16 -18 19 23 21 -21 -23 24 -2 26 -26 28 -10 -29
right_child=2 -3 4 -5 -6 -7 7 -9 9 -11 11 -13 -14 14 15 -17 17 -19 -20 20 -22 22 -24 -25 25 -27 -28 29 -30 -31
leaf_value=0.08768833898113311 0.35138742250492727 -0.03700360702656532 0.0098308259027598561 0.00455983584562299 -0.0014867663119255776 -0.02282336844412651 -0.010780274074590201 0.00036083894474238533 -0.050971617384377679 -0.012928232850837877 1.0369561181023061 -0.050233561838627566 -0.032955894804825948 -0.032779289616049347 -0.018573221147389733 -0.0050345445478344689 0.57821460170281636 0.13796007444773642 -0.0027666916623659363 0.019765429804941202 0.037220953276504008 0.23058221615657284 0.81598672050518672 -0.051413751529940314 -0.051385825136010137 0.017090194746969666 0.46946779244045644 0.12433064925919486 0.16046333010141189 0.52433405349547058
leaf_weight=1.754827098455279 0.49477097066119391 98.172049113316461 489.15148790017702 293.08016513299663 478.62475925439503 113.07795324549079 9.1382650805753656 76.311687836190686 0.7753261416219156 2.4362650141119957 0.091921319486573339 0.17765662673628035 42.927786585874856 38.452815678552724 3.1449470035149707 88.294829902937636 0.317946741881315 1.7465734586585311 16.448499899357557 0.69038196292240106 1.6562051409855483 0.35515105584636331 0.40300365816801786 3.3991092655924149 0.35817127861082632 4.9617797816172242 0.38342947233468294 0.28466677252436057 5.1087385707069188 0.34540069301147003
leaf_count=80 15 115342 12755 26505 9808 28164 1855 22283 109 89 10 79 7171 6210 760 18280 37 98 852 87 57 26 14 258 32 366 13 24 261 16
internal_value=-0.000966249 -0.0348139 0.00105588 -0.00330711 0.00423358 -0.00890628 -0.00363782 0.0103588 0.0519183 0.107844 -0.00128818 0.320479 -0.0101321 -0.00405056 -0.0101442 -0.000835654 0.070331 0.205762 0.0235336 0.0575913 0.156544 0.292973 0.541759 0.0255798 0.0678036 0.0432026 0.217911 0.153013 0.132603 0.343611
internal_weight=1772.57 99.9269 1672.64 704.863 967.776 411.783 298.705 94.6699 18.3582 8.9504 9.40784 0.269578 204.035 161.108 131.957 93.5043 5.20947 2.06452 29.1505 12.702 3.10474 1.44854 0.758155 9.59726 6.19815 5.70338 0.741601 6.51413 5.88406 0.630067
internal_count=251656 115422 136234 113671 22563 87166 59002 24726 2443 499 1944 89 34276 27105 25385 19175 895 135 1720 868 184 127 40 684 426 411 45 410 370 40
is_linear=0
shrinkage=0.05


Tree=60
num_leaves=31
num_cat=0
split_feature=11 4 12 9 4 8 28 1 7 0 0 12 28 27 29 7 4 2 1 28 14 27 27 18 27 22 18 1 5 1
split_gain=57.2636 9.10602 6.8735 33.6402 49.7217 20.8106 6.33189 14.4602 19.4629 7.86139 15.9567 18.1301 17.7294 21.4887 24.9213 20.4741 37.1664 14.2147 7.37829 7.01626 12.2065 9.66068 18.2991 8.15659 6.95836 6.31568 7.06758 13.9459 14.1171 11.3744
threshold=0.001678820407852349 0.002436931121080729 0.032728571428571288 2.0574142502802277 0.00072475584811175562 1.1112866781272113 -0.0052739789033660915 0.0057754764507063081 0.0010934040409449439 6.1768440112186531e-05 7.5165918923092448e-05 0.79767857142857379 -0.0063481508527080798 0.54118515755763441 0.041936101106007657 0.00033666438705382386 0.0020001022457536055 -0.011384964992623202 0.0035085947286503942 0.0094368936446294176 62.500000000000007 3.919941105726521 4.5237958002057388 0.0040260399666340969 1.0000000180025095e-35 1.0000000180025095e-35 0.00032762135762756959 0.017462742383245747 5.9700006548161259e-05 -0.013233011222097244
decision_type=2 2 2 2 2 2 2 2 2 2 2 2 2 2 2 2 2 2 2 2 2 2 2 2 2 2 2 2 2 2
left_child=2 6 3 -1 -5 -6 7 9 -9 18 -11 24 13 14 -13 -14 -17 -16 -2 -8 21 -21 -23 -22 -12 26 -3 28 -28 -30
right_child=1 25 -4 4 5 -7 19 8 -10 10 11 12 15 -15 17 16 -18 -19 -20 20 23 22 -24 -25 -26 -27 27 -29 29 -31
leaf_value=-0.050088504605596176 -0.027006555055061901 0.0035743562006380573 -0.046564960875563423 3.2963239625380343 0.70363050801847604 -0.050162622845615693 -0.027217561024065674 -0.050210226996549367 0.91560952500272297 0.93867215966531026 0.34017887382478557 0.11100809498667384 -0.050138198596889741 -0.050935530011771417 0.32331323539755374 1.5247127325355105 -0.050130937373790534 1.0494141585718777 0.36907052527723971 0.019638498524268536 -0.023324069818669167 0.68564504122956138 0.12899957348524682 0.22689241494023882 -0.035835752647729972 0.043512051394964252 0.38234264977456572 0.015916984266749874 0.0074343605649506515 -0.014164961168983884
leaf_weight=1.6908184470375993 8.4574738322989944 1197.2110799318762 71.612238031288143 0.014941645029466488 0.19744011969305575 0.17074712016619742 60.087249430187512 0.10535471339244473 0.10331389110069722 0.050555147696287217 0.1276268012588847 0.59526809217641152 0.08728788571897883 0.97232678992440924 0.13331837637815624 0.095218347269110382 0.06176630622940138 0.13633076491532847 0.11923844914417792 0.67468635900877305 5.205866891075857 0.20304928382392973 0.54106919112382457 0.34743624436669041 3.421586730517447 9.0641217817901616 0.23087028134614129 71.243109722156078 81.193326372420415 244.49744446255499
leaf_count=2677 3313 68021 117859 27 6 177 32039 30 10 18 33 63 41 187 13 29 28 29 34 148 1052 19 109 6 1329 575 31 1172 1857 20518
internal_value=-0.00082201 0.00106475 -0.0439662 0.0457686 0.468804 0.354058 -0.0152364 0.0147645 0.427977 0.00871708 0.0543342 0.0463942 0.16355 0.110342 0.291647 0.563746 0.905084 0.69042 -0.0215001 -0.0217084 0.0257707 0.156658 0.280893 -0.00766955 -0.0223146 0.00189357 0.00165697 -0.0041228 -0.00850329 -0.00878034
internal_weight=1758.65 1684.97 73.6862 2.07395 0.383129 0.368187 81.526 14.4667 0.208669 14.258 5.68129 5.63073 2.08152 1.83724 0.864917 0.244273 0.156985 0.269649 8.57671 67.0594 6.97211 1.4188 0.744118 5.5533 3.54921 1603.44 1594.38 397.165 325.922 325.691
internal_count=251450 130704 120746 2887 210 183 38530 5157 40 5117 1770 1752 390 292 105 98 57 42 3347 33373 1334 276 128 1058 1362 92174 91599 23578 22406 22375
is_linear=0
shrinkage=0.05


Tree=61
num_leaves=31
num_cat=0
split_feature=11 10 3 9 12 27 10 27 28 12 12 11 15 15 8 27 15 9 27 28 3 27 8 11 8 5 5 13 7 9
split_gain=54.4798 9.18016 7.18059 19.4918 17.3462 19.6076 12.2179 11.7056 11.3868 10.7746 10.6053 7.49219 23.9291 16.1505 20.8221 19.7852 21.7743 13.1646 9.48421 8.32045 13.1378 10.5826 9.88153 12.8739 14.3351 11.1442 11.6646 9.94618 9.22944 8.27617
threshold=0.001678820407852349 0.0029655843387240517 0.10530884562718847 1.7214728017659677 0.84002142857143181 0.54118515755763441 0.0090743385138540317 0.6458366258606455 0.030951365286106983 1.3805107142857187 2.5799071428571465 0.029276211824443857 0.34374998925781464 0.71531801380028082 0.79247350770759362 0.61040139082637024 0.5770060004943639 1.3798194903756706 1.4219373381169358 -0.015239615221101717 0.035377030649230708 1.3750880823744887 1.0420394025955158 0.017228637819389533 0.88592392308231804 0.0046153846153846175 0.0025366128633101171 242.50000000000003 8.4911268337474325e-05 0.81887321343802577
decision_type=2 2 2 2 2 2 2 2 2 2 2 2 2 2 2 2 2 2 2 2 2 2 2 2 2 2 2 2 2 2
left_child=1 -1 11 7 6 -6 -5 9 -8 -4 -11 19 -13 14 -14 -16 18 -15 -17 20 22 -21 23 24 27 26 28 -2 -26 -28
right_child=2 -3 3 4 5 -7 8 -9 -10 10 -12 12 13 17 15 16 -18 -19 -20 21 -22 -23 -24 -25 25 -27 29 -29 -30 -31
leaf_value=-0.044458485681682744 -0.037698330087190368 0.42167645383570129 -0.010322764445487513 0.023478882022820821 0.13318630977102749 -0.026855952992085947 0.24899393274642692 -0.022075196742746567 0.10101417263793633 0.23382599836876128 0.050634331407778892 -0.016540434781691538 0.017868268946674107 -0.023436548644930735 0.013376697178118622 0.20026778986313409 0.34874452684036927 0.10711329344908321 0.047524193303743509 -0.0062704275451477311 0.12172138076631599 0.0027968191428145214 -0.0053906054884519756 -0.012916106869186672 0.20572369510312713 0.01581308989267911 0.17909839474752803 0.014933686377287906 0.027531781546450668 0.079005610740166654
leaf_weight=70.74182547966484 9.8716727136634272 0.10578303848160331 3.4623364745639291 2.4279533652588752 2.6345644481480104 6.9953120034188032 2.1189439967274666 22.526306276209652 3.3634989522397518 1.2098207008093598 2.2769797584041953 22.700158449588344 5.6023863013833779 7.885398172773419 2.111397560685873 2.2568841665051877 1.6037668355274943 2.5573167353868484 1.8488113740459082 666.28969445620896 2.4883560142479828 622.39575734187383 112.28177182166837 37.46470053633675 0.76934673264622944 19.096806725021452 2.9202029937878233 98.963037172099575 13.10097644664347 7.0536369103938341
leaf_count=120716 275 30 94 31 32 123 23 551 29 27 37 287 72 100 25 21 23 31 21 73175 45 50210 2058 466 26 287 53 2127 306 149
internal_value=-0.00081 -0.0437625 0.000994614 0.0202605 0.0619941 0.0169288 0.116855 -0.00457441 0.158208 0.0521561 0.114197 0.00044205 0.0202109 0.055167 0.0914457 0.144152 0.192514 0.00853381 0.131487 -0.000135938 0.00730463 -0.00189122 0.00636039 0.0133326 0.0198119 0.0442753 0.0670708 0.0101598 0.0374156 0.108311
internal_weight=1757.13 70.8476 1686.28 47.0157 17.5403 9.62988 7.9104 29.4754 5.48244 6.94914 3.4868 1639.26 46.5661 23.866 13.4232 7.82086 5.70946 10.4427 4.1057 1592.7 304.011 1288.69 301.522 189.24 151.776 42.941 23.8442 108.835 13.8703 9.97384
internal_count=251450 120746 130704 947 238 155 83 709 52 158 64 129757 580 293 162 90 65 131 42 129177 5792 123385 5747 3689 3223 821 534 2402 332 202
is_linear=0
shrinkage=0.05


Tree=62
num_leaves=31
num_cat=0
split_feature=11 6 11 7 8 7 21 3 30 9 13 13 13 3 15 15 15 3 3 11 27 11 5 6 11 11 8 10 28 30
split_gain=51.4525 7.42034 10.8925 15.6949 12.7419 9.79008 11.0109 6.89599 11.5319 26.019 9.06646 6.72266 18.7389 9.98148 9.60226 18.5429 29.8304 8.10036 8.03943 6.91259 6.60789 6.60644 6.54602 15.0496 6.27955 9.75463 9.68223 6.02163 5.96401 28.888
threshold=0.001678820407852349 0.0008274394691838758 0.0017112097698361542 0.00167188871740716 0.51304411989411591 0.00086033839977050738 1.0000000180025095e-35 -0.074114982840000107 -0.53329810324071369 1.5779827855368984 258.50000000000006 273.50000000000006 281.50000000000006 0.0045606455016049549 0.34374998925781464 0.082256876408916907 0.11750593579678843 0.012320456251868729 0.01485759760530281 0.0025452148343717298 1.0000000180025095e-35 0.0050695078070656782 0.0055926268824991613 0.00026533232342261379 0.0031954094595646109 0.0037417797892069474 0.46743139204544215 0.0029655843387240517 -0.0089068036124678902 -5.4226094088293797
decision_type=2 2 2 2 2 2 2 2 2 2 2 2 2 2 2 2 2 2 2 2 2 2 2 2 2 2 2 2 2 2
left_child=27 5 3 4 -3 7 -7 8 -2 10 -10 -9 13 22 15 19 -17 -18 -16 -15 24 -8 -13 -24 -14 -26 -27 28 29 -1
right_child=1 2 -4 -5 -6 6 21 11 9 -11 -12 12 20 14 18 16 17 -19 -20 -21 -22 -23 23 -25 25 26 -28 -29 -30 -31
leaf_value=1.6305368953353452 -0.04296154752242478 0.41034105451284369 0.0033139951100314073 0.47269169536981415 -0.013117335103444186 0.0027630491982620991 0.017559080726105635 -0.024734153386924723 0.051852948276709214 0.28466599462787773 -0.036737314742690999 -0.040517683895432546 -0.028560329765506955 0.11223575908834418 -0.032475739188578455 0.6496535238626735 -0.050828874353008591 0.206798208534969 0.06100479013703284 -0.060799891802890284 -0.015712518702637186 -0.14217218375129112 -0.051260085056259314 0.35091246892755623 0.22489211116337723 0.22466214412502575 -0.014162148061155634 0.26469937604983834 -0.0456266035076551 0.033552541251409156
leaf_weight=0.029742814134806395 5.5919568319804993 0.21493004390504111 1051.3594744485454 0.28358704858692352 1.0240106224082408 363.44855709170224 0.9362196647562081 80.603887915611267 8.843250096542759 1.0234508062712837 4.2886649298015973 5.0971138141467263 2.138519750442355 1.14303957496304 3.2689026326988806 0.35343745368299995 0.40492615167750035 1.2378046023659406 7.7594802513485774 1.1658980995416639 140.26415426639142 2.0978694290388376 0.61894094222225238 0.3726823884062469 0.87443562014959786 0.52791449124924872 2.1639753407798707 0.15813846129458298 67.056850331078749 0.59095306368544598
leaf_count=9 79 38 53219 25 611 30114 72 12177 147 14 117 1793 765 37 514 17 77 28 180 33 30388 33 35 18 39 24 110 30 120309 398
internal_value=-0.000782802 0.000933918 0.00350753 0.137148 0.0603438 -0.00333855 0.00197119 -0.0106065 0.0178301 0.0418453 0.0229208 -0.0128708 -0.00715824 0.0365108 0.0580178 0.121346 0.232949 0.143294 0.0332964 0.0248614 -0.0135671 -0.0928844 -0.0176508 0.0998887 0.039183 0.0798047 0.0326744 -0.0434785 -0.0441986 0.110078
internal_weight=1754.94 1687.11 1052.88 1.52253 1.23894 634.225 366.483 267.742 19.7473 14.1554 13.1319 247.995 167.391 21.4222 15.3335 4.30511 1.99617 1.64273 11.0284 2.30894 145.969 3.03409 6.08874 0.991623 5.70485 3.56633 2.69189 67.8357 67.6775 0.620696
internal_count=251450 130704 53893 674 649 76811 30219 46592 357 278 264 46235 34058 2732 886 192 122 105 694 70 31326 105 1846 53 938 173 134 120746 120716 407
is_linear=0
shrinkage=0.05


Tree=63
num_leaves=31
num_cat=0
split_feature=11 6 7 21 11 6 29 3 29 9 13 13 13 3 15 15 15 3 3 11 27 11 0 0 5 13 27 30 11 5
split_gain=48.6582 6.72491 9.01954 9.81343 8.47068 11.1767 34.4011 6.23766 10.3051 20.2397 7.49832 6.26879 16.7503 8.78758 7.1447 12.9198 11.3537 7.26053 6.27516 5.96086 5.88545 5.87049 5.86871 7.06856 28.6697 9.97197 40.306 78.9348 64.0881 28.1963
threshold=0.001678820407852349 0.0008274394691838758 0.00086033839977050738 1.0000000180025095e-35 0.0017112097698361542 0.00087197955971857427 0.74637888194507995 -0.074114982840000107 0.76550422080680125 1.7804035105323599 302.50000000000006 273.50000000000006 281.50000000000006 0.0045606455016049549 0.34374998925781464 0.082256876408916907 0.11750593579678843 0.01485759760530281 0.012320456251868729 0.0025452148343717298 1.0000000180025095e-35 0.0050695078070656782 -0.0023681013676002944 -0.0012494037495173747 0.0040008573273868616 298.50000000000006 1.0905835158555526 -0.94211064406208289 0.0031537448228779849 0.0012697278735990052
decision_type=2 2 2 2 2 2 2 2 2 2 2 2 2 2 2 2 2 2 2 2 2 2 2 2 2 2 2 2 2 2
left_child=-1 2 7 -4 5 6 -3 8 9 10 -2 -9 13 -13 15 19 -17 -16 -18 -15 -14 -5 -22 24 25 26 -24 -28 29 -29
right_child=1 4 3 21 -6 -7 -8 11 -10 -11 -12 12 20 14 17 16 18 -19 -20 -21 22 -23 23 -25 -26 -27 27 28 -30 -31
leaf_value=-0.043197351091183195 0.04293624910602159 -0.050106231373856371 0.0026185540297894989 0.016507947793137707 0.0031398581716472365 0.090064652196562706 2.505823643214923 -0.024045932751899399 -0.049531407661238903 0.23420821849423487 -0.036579506718498161 -0.017247560405701187 0.036009833103042892 0.099424161304207517 -0.031713817124188338 0.38671947549508123 -0.050788824086264756 0.057973644116499357 0.17766250636709746 -0.060270532795553444 -0.030584485241207989 -0.13322682477688033 -0.05029167491105975 -0.013196433698945187 0.8115393474114504 0.0012241486265073668 2.7469069322042241 0.85824398387292844 2.0911654465898577 -0.050163689390737537
leaf_weight=65.028924170299433 10.078212500549855 0.040255997388156994 364.30630127276527 0.94578731898218338 1054.111976058688 1.6563686101580968 0.019562185683753341 78.81157126754988 4.5524788948241612 1.189535230398177 4.2005287497304371 6.0029480463708778 5.8600266359862863 1.2235494859050953 3.1822939836420101 0.55596089339815113 0.38547374738845963 7.7570177590241656 1.3650824330979956 1.1185307796113191 42.605673956626561 2.1260582648683339 1.0366818701731944 84.560821058636066 0.1158977663144477 9.3625292146461998 0.035751902032643557 0.11001220432808612 0.046692360891029239 0.38216597330756485
leaf_count=120746 178 37 30114 72 53219 623 14 12177 65 11 103 1846 938 37 514 17 77 180 28 33 5295 33 490 20768 9 3556 19 48 6 197
internal_value=-0.000756393 0.000878859 -0.00320082 0.00186816 0.00332056 0.114313 0.785753 -0.0102403 0.0165916 0.0360523 0.0195443 -0.0124373 -0.00691614 0.0341546 0.0539497 0.105878 0.189874 0.0318832 0.127357 0.0231572 -0.0130692 -0.0871251 -0.0151494 -0.00827414 0.0292591 0.0209972 0.135889 0.471779 0.320834 0.152885
internal_weight=1752.77 1687.75 631.918 367.378 1055.83 1.71619 0.0598182 264.539 20.0208 15.4683 14.2787 244.519 165.707 21.5909 15.5879 4.6486 2.30652 10.9393 1.75056 2.34208 144.116 3.07185 138.256 95.6506 11.0897 10.9738 1.6113 0.574622 0.538871 0.492178
internal_count=251450 130704 76811 30219 53893 674 51 46592 357 292 281 46235 34058 2732 886 192 122 694 105 70 31326 105 30388 25093 4325 4316 760 270 251 245
is_linear=0
shrinkage=0.05


Tree=64
num_leaves=31
num_cat=0
split_feature=11 1 15 10 13 0 3 13 10 30 8 13 13 3 3 2 1 27 13 8 12 10 13 3 2 3 12 13 10 27
split_gain=45.876 6.55755 13.0688 10.5945 10.4732 17.0039 29.8081 16.5239 9.1042 11.815 10.4446 10.1062 27.7119 32.2706 25.0463 22.6819 13.7721 14.5916 17.225 20.4741 44.0847 56.9516 19.2105 16.4929 19.5812 11.9482 16.3135 11.6432 11.4358 11.3997
threshold=0.001678820407852349 0.01308067083048803 0.97025205915128798 0.0050057147810759648 265.50000000000006 -0.00068995960421530656 0.01485759760530281 256.50000000000006 0.0074027491984821172 -0.57961822990736389 1.9282040908563638 274.50000000000006 279.50000000000006 0.004263607008009874 -0.028106277665205955 0.00062161006357031045 0.0045706266589312658 0.23924961039284026 306.50000000000006 0.42131028719396074 0.24571428571428813 0.004841369871352575 309.50000000000006 -0.02624969949499328 -0.030659776353658127 0.024931815366517677 0.30932142857142891 276.50000000000006 0.0036158176153368846 13.856311088651557
decision_type=2 2 2 2 2 2 2 2 2 2 2 2 2 2 2 2 2 2 2 2 2 2 2 2 2 2 2 2 2 2
left_child=-1 2 8 4 5 6 -3 -7 10 -10 11 14 13 -13 29 27 17 18 19 20 21 -14 23 24 -20 -24 28 -15 -27 -2
right_child=1 3 -4 -5 -6 7 -8 -9 9 -11 -12 12 16 15 -16 -17 -18 -19 22 -21 -22 -23 25 -25 -26 26 -28 -29 -30 -31
leaf_value=-0.042889149302796442 0.006168331378857533 0.010856928292058338 -0.027389959275871231 0.0010202322602725815 0.0077647832993156633 -0.020957309647485992 0.33927731135539951 0.052750817473766046 -0.001543877095340717 0.019419940921430262 -0.032376588502688604 -0.035216235121843457 -0.050398336955991663 0.017365673342262428 -0.019616190218594565 0.030420710962809273 0.012950172186033743 -0.0096436591396459291 -0.022084199954542735 -0.043276356902189415 -0.0073618164034446824 1.1922006160563836 0.0022556728265655207 -0.027013672418083154 0.12188779706183353 0.417220210349248 0.036057290090437032 0.12625000287688082 0.0999191306350041 0.1654817214980068
leaf_weight=62.29084966116352 150.1616513353074 1.525735643692314 44.412325470300857 220.35937960376032 63.069445926113985 10.673897214001043 1.2626786292530594 26.434497469104826 141.94178198790178 127.65426401467994 27.409014725417364 13.724800318945197 0.17059019033331679 3.1082362100714809 199.52424086665269 38.087037871708162 138.88130200543674 365.91101659322158 2.9834949993528417 18.991100413841195 1.1205922508379442 0.20069585461169481 57.845411259855609 3.6631605044240123 11.331823259359227 0.52877187123522051 4.6809765812940896 11.685135850857476 0.61334528028964996 1.1313283368945111
leaf_count=120746 5493 38 5956 4648 1335 323 26 274 3696 2210 3893 2747 51 133 26140 1029 10706 52316 79 2156 157 5 6397 316 92 37 166 217 7 61
internal_value=-0.000749888 0.000804141 -0.000711677 0.00720712 0.0204478 0.0404972 0.159576 0.0315493 0.000185015 0.00838253 -0.00191625 -0.00110121 0.00248309 0.0330984 -0.00798263 0.050829 -0.000876714 -0.00497955 0.011731 -0.0292654 0.149089 0.621279 0.0220159 0.0676569 0.0918822 0.00912795 0.0773957 0.103372 0.246822 0.00735963
internal_weight=1751.38 1689.09 1365.76 323.326 102.966 39.8968 2.78841 37.1084 1321.35 269.596 1051.75 1024.34 673.527 66.6052 350.817 52.8804 606.922 468.041 102.13 20.483 1.49188 0.371286 81.647 17.9785 14.3153 63.6685 5.82309 14.7934 1.14212 151.293
internal_count=251450 130704 124060 6644 1996 661 64 597 118104 5906 112198 108305 76611 4126 31694 1379 72485 61779 9463 2369 213 56 7094 487 171 6607 210 350 44 5554
is_linear=0
shrinkage=0.05


Tree=65
num_leaves=31
num_cat=0
split_feature=11 29 11 9 1 1 12 9 10 2 18 18 13 4 13 13 3 2 13 22 1 13 13 1 27 10 10 3 30 11
split_gain=39.71 8.86805 15.8275 15.323 8.82533 7.34247 6.60719 25.6041 83.6899 171.197 6.49409 9.47514 8.17451 13.8328 13.6191 23.11 22.0655 21.9889 18.1754 14.2069 13.6404 17.8527 17.0281 13.485 13.2513 15.3439 45.3924 14.8875 26.5419 13.0761
threshold=0.001678820407852349 5.4571452821685904 0.0014957630802223721 1.031105532044688 -0.0049290052214010496 -0.0096887364573656192 0.035717857142857905 2.0574142502802277 0.00084814878061409968 0.0017427385922121898 0.00012879682307101223 0.006675935423756549 263.50000000000006 0.0048525906207301838 279.50000000000006 287.50000000000006 0.0083921070341661536 0.0014912101446928896 276.50000000000006 1.0000000180025095e-35 0.01308067083048803 265.50000000000006 274.50000000000006 0.0067360198660659796 4.4088479629123407 0.0011735704556176461 0.001115327993909495 0.023425048049554368 0.77961594006188883 0.0046720224217947299
decision_type=2 2 2 2 2 2 2 2 2 2 2 2 2 2 2 2 2 2 2 2 2 2 2 2 2 2 2 2 2 2
left_child=1 5 -3 -4 -5 -1 7 -7 -9 -10 12 -12 13 -2 16 -16 19 18 -18 29 23 -22 -23 24 25 26 -19 28 -27 -14
right_child=10 2 3 4 -6 6 -8 8 9 -11 11 -13 14 -15 15 -17 17 20 -20 -21 21 22 -24 -25 -26 27 -28 -29 -30 -31
leaf_value=0.33048610417277408 -0.019579564764385535 -0.0098526033140805269 1.3539284199726553 0.48208159773444809 -0.050050426843444545 -0.050062919481550387 -0.048268024870095544 0.070322598398192313 -0.050212298569091256 4.7053628023889003 -0.0074492574381307382 0.014803007310707252 -0.022502989294096422 0.0017835663702133455 -0.040122598738965225 0.0044301013971503869 0.032384617477187801 0.025424800013255918 0.12958388702309631 0.38411618596683056 0.16959512621746334 -0.027890396049565221 0.2045634420435587 -0.035368103844200464 -0.079872386296345882 -0.020994339026596809 0.86684675436027792 0.05619611459112718 0.45981495336274797 0.050287012220369014
leaf_weight=0.1305372160859396 100.45618598297006 1.2060947758145619 0.035580840602051356 0.1869011837115977 0.13362270477227867 1.7202985295734827 55.993001078400994 0.40146274954895478 0.047311165690189227 0.031541433156235144 388.64099899760913 54.553530685836449 35.678818301064894 308.39726862311363 30.388311835878994 690.11608195165172 9.2341361463768425 0.60812806390458618 10.037260516197419 0.22997744678286736 3.3618724839761835 3.8537951575126499 0.99027188541367639 11.731345600681378 2.743579695292282 13.603024948562958 0.21765348897315562 20.486632761079818 0.2932157836621635 7.4598840753315008
leaf_count=53 15189 1754 11 35 211 3455 115175 112 52 27 31572 803 8603 8129 4876 58455 496 94 108 32 31 81 20 511 203 978 22 283 29 334
internal_value=-0.000925222 -0.0409389 0.0766256 0.36952 0.260242 -0.0440878 -0.044928 0.0400557 0.362825 1.85204 0.000490109 -0.00471019 0.00233407 -0.0034654 0.00515338 0.00255103 0.0207098 0.0367485 0.0830096 -0.00782608 0.0213482 0.0810689 0.0196301 0.0114845 0.025967 0.0342144 0.247201 0.029099 -0.0108491 -0.00991557
internal_weight=1752.97 59.8864 1.5622 0.356105 0.320524 58.3242 58.1936 2.20061 0.480315 0.0788526 1693.08 443.195 1249.89 408.853 841.034 720.504 120.53 77.1609 19.2714 43.3687 57.8895 8.20594 4.84407 49.6836 37.9522 35.2087 0.825782 34.3829 13.8962 43.1387
internal_count=251734 120885 2011 257 246 118874 118821 3646 191 79 130849 32375 98474 23318 75156 63331 11825 2856 604 8969 2252 132 101 2120 1609 1406 116 1290 1007 8937
is_linear=0
shrinkage=0.05


Tree=66
num_leaves=31
num_cat=0
split_feature=11 13 6 12 15 2 2 12 11 14 8 15 29 2 27 2 9 12 1 7 1 14 2 2 11 1 8 8 11 7
split_gain=40.0073 8.07442 6.1469 15.0616 11.3122 9.20362 17.0801 13.1623 15.6574 13.7781 12.7718 15.7525 12.0678 11.4877 9.11601 8.65357 7.88066 7.59315 7.54323 14.4421 14.826 13.1671 9.41339 11.0779 9.45046 9.35743 8.65045 17.8675 22.7928 7.19221
threshold=0.001678820407852349 241.50000000000003 0.001864940811624821 0.93683928571429032 0.9595924916823062 0.0052609299468009416 -0.0027431582617863377 0.88647857142857289 0.0037417797892069474 89.500000000000014 0.83482095555792168 0.81967211771027959 7.2565301633358912 -0.0025492993002226845 0.051947637381950552 0.0084148076024708213 1.3293729311020439 0.85493928571428779 0.0072133914540044594 0.00063468460713702159 0.0108754593193533 58.500000000000007 0.00021061869403093961 -1.0000000180025095e-35 0.0034604990034661945 0.0032312563138774402 1.4237054135411478 1.6094172288875874 0.0033415946849313059 0.0010239391732138451
decision_type=2 2 2 2 2 2 2 2 2 2 2 2 2 2 2 2 2 2 2 2 2 2 2 2 2 2 2 2 2 2
left_child=1 -1 29 4 5 6 -4 10 9 -9 11 13 18 -8 -15 -7 -5 -17 22 20 21 -20 23 26 25 -25 -12 28 -28 -2
right_child=2 -3 3 16 -6 15 7 8 -10 -11 12 -13 -14 14 -16 17 -18 -19 19 -21 -22 -23 -24 24 -26 -27 27 -29 -30 -31
leaf_value=0.17074749576557541 -0.0061737312414033929 -0.042941352181896014 0.0095442352709308228 0.0024794803412058037 0.098029023523316508 -0.035596984130519226 0.32043132036717914 0.503668872513649 0.013360672525000139 0.15833107382904246 -0.007567909486908931 0.21369793312632313 0.2168173184619443 0.26876756958117454 0.041193612935588458 0.0088070791745539258 -0.0146431712743934 -0.038774289886548248 0.057939417607623105 -0.013630653225620782 0.046803523736181886 0.39730410049925818 -0.033150759891261171 0.14143838751438062 0.035773902917890087 0.57905364576328411 -0.050333208269729306 -0.051233409784029474 0.66317450660536092 0.0020081659038268355
leaf_weight=0.44541385816410084 504.09546667110408 58.825293966830941 133.07292806252372 181.39747382060159 3.7630964657291761 14.214491555350831 0.40094534010859106 0.44443099712952905 0.98214729945175339 0.82495001773349941 5.6726096122874878 1.8042567045195017 0.73838156939018418 0.45538310194387932 13.066992802603634 120.59934670466464 106.74082770966925 9.0112176307011378 0.45359629089943998 3.2937067999737337 1.8176482329145072 0.7727592543233186 11.255385822849346 0.25435566506349516 0.45901388744823635 0.23502793000079691 0.18675389379495744 0.50871659320546314 0.27935756300576031 574.92470046383096
leaf_count=27 75208 120858 4913 4540 37 883 24 24 36 21 419 33 34 12 761 2969 2296 222 32 82 26 26 1013 31 21 11 45 72 13 37045
internal_value=-0.000957762 -0.0413355 0.000456898 0.00445655 0.0118429 0.0108319 0.0184665 0.0455082 0.16326 0.279239 0.0391435 0.0746911 0.0175802 0.0566779 0.0488575 0.00143738 -0.00386361 0.00549897 0.0117398 0.0589296 0.137442 0.271782 -0.00412518 0.0388845 0.198746 0.351604 0.0160768 0.153668 0.377298 -0.00181424
internal_weight=1751 59.2707 1691.73 612.706 324.567 320.804 176.979 43.9064 2.25153 1.26938 41.6549 15.7276 25.9273 13.9233 13.5224 143.825 288.138 129.611 25.1889 6.33771 3.044 1.22636 18.8512 7.59584 0.948397 0.489384 6.64744 0.974828 0.466111 1079.02
internal_count=251734 120885 130849 18596 11760 11723 7649 2736 81 45 2655 830 1825 797 773 4074 6836 3191 1791 166 84 58 1625 612 63 42 549 130 58 112253
is_linear=0
shrinkage=0.05


Tree=67
num_leaves=31
num_cat=0
split_feature=11 29 13 8 14 8 22 18 8 12 4 13 13 13 13 2 18 13 1 4 29 11 7 12 12 15 10 10 10 2
split_gain=37.7013 8.03478 8.16251 6.87734 14.5214 6.03071 9.92819 8.08092 8.91578 8.53121 8.75651 8.15997 16.9545 18.9389 15.2665 18.7088 14.9565 36.1806 13.2964 13.0883 17.0775 19.7456 16.8857 11.1845 29.4961 10.8102 22.9341 47.1901 18.4273 10.2847
threshold=0.001678820407852349 5.4571452821685904 294.50000000000006 3.1528445235981368 12.500000000000002 1.4594214085862982 1.0000000180025095e-35 0.0005456314625683728 0.39516292878583326 0.57021428571428212 0.00059971299477053414 263.50000000000006 279.50000000000006 287.50000000000006 275.50000000000006 -0.026631453790636191 0.00050025012506252668 245.50000000000003 0.01308067083048803 0.0049212234761610912 -0.83176199041017307 0.012335199011751001 0.0017956592067273835 0.063764285714285704 0.062017857142857256 0.013582838064088261 0.0023638670555721037 0.0021250819773558556 0.0012581389725091581 0.031133380311990314
decision_type=2 2 2 2 2 2 2 2 2 2 2 2 2 2 2 2 2 2 2 2 2 2 2 2 2 2 2 2 2 2
left_child=1 3 -3 -1 -5 7 -7 8 -2 -9 -11 16 14 23 15 -13 19 -18 -16 -10 21 -21 -23 24 -14 26 27 28 -17 -27
right_child=5 2 -4 4 -6 6 -8 9 11 10 -12 12 13 -15 18 25 17 -19 -20 20 -22 22 -24 -25 -26 29 -28 -29 -30 -31
leaf_value=-0.045126001328657496 -0.016033956626175551 0.23002411712247925 -0.0075044457301695691 1.0326502592641182 -0.050116241813970355 -0.0098657784605201346 0.066707834730052248 -0.016697262217963093 -0.018974660452833792 0.19334109136008537 1.7677163153028489e-05 0.5322706524946258 -0.050320382106100847 0.0058666461454258845 0.043021867172530454 1.0547742489470764 0.55503016710078823 -0.002234844871139625 0.2178656928524243 -0.051862488131328079 0.0014887368062719841 0.30818235482973744 0.042034518365430734 -0.040251587530055678 0.9928390843786451 0.00019326401982669339 7.0532899323834297e-05 1.383281109903598 -0.050268045304670599 0.072636769410424129
leaf_weight=55.079139395413222 56.695127870712895 0.52570030125207168 1.1592808013665488 0.04609002618235436 0.094363128300756216 181.34433814458316 4.3342070945654987 112.94388729636557 90.672564363339916 0.58752608048962329 192.27537745580776 0.170983811840414 0.23280583054293202 637.61070173257031 44.842828062362969 0.045252631651236497 0.4117272829171259 0.99554091901518404 1.1143864290788759 1.2449750993400805 269.68432317487895 1.3776524839922788 1.0503064095973966 26.903995387954637 0.095588513184338808 61.039296358067077 0.72991452994756401 0.10455959517275915 0.22683299565687776 5.3268416351638725
leaf_count=118704 6470 240 1771 9 161 14884 182 11726 13593 83 8337 5 86 53211 2547 29 18 94 21 50 6873 30 21 4442 10 7918 64 14 82 59
internal_value=-0.000922369 -0.040953 0.0666025 -0.0442349 0.305196 0.000423873 -0.00807836 0.00147187 0.00332012 -0.00578425 0.000606606 0.00427938 0.00717284 0.00412262 0.0250241 0.00991588 -0.00188417 0.160805 0.0472615 -0.0025131 0.0029472 0.110035 0.19305 -0.0367114 0.253321 0.00859217 0.163584 0.480463 0.13352 0.0060079
internal_weight=1748.97 56.9046 1.68498 55.2196 0.140453 1692.06 185.679 1506.38 1200.58 305.807 192.863 1143.88 778.444 664.843 113.601 67.6437 365.437 1.40727 45.9572 364.03 273.357 3.67293 2.42796 27.2324 0.328394 67.4727 1.10656 0.376645 0.272086 66.3661
internal_count=251734 120885 2011 118874 170 130849 15066 115783 95637 20146 8420 89167 68488 57749 10739 8171 20679 112 2568 20567 6974 101 51 4538 96 8166 189 125 111 7977
is_linear=0
shrinkage=0.05


Tree=68
num_leaves=31
num_cat=0
split_feature=4 28 5 5 4 30 8 22 13 18 5 4 13 13 13 13 1 28 5 13 2 12 10 7 18 13 13 28 9 15
split_gain=29.1854 7.91104 6.71001 9.16704 10.3256 6.84709 6.52681 8.21625 10.6049 7.98828 12.9057 8.43976 7.22005 14.1457 17.0644 22.9922 18.5315 15.452 16.6454 13.7421 13.3895 12.2583 11.7083 11.1419 20.0396 14.7734 25.4294 15.766 19.5705 14.706
threshold=0.0019701462509359264 -0.0092543428750764007 1.0000000180025095e-35 0.0013231230678630039 0.0016663682654392204 0.3181139105436257 1.4594214085862982 1.0000000180025095e-35 245.50000000000003 0.0005456314625683728 5.9700006548161259e-05 0.0043412943125683999 263.50000000000006 279.50000000000006 296.50000000000006 297.50000000000006 -0.058334995912854119 -0.020606326606206146 8.5933723625498679e-05 275.50000000000006 -0.020584689051666157 0.10381649999999876 0.0021809492982120611 0.0010133069910443042 0.00052031907061018978 255.50000000000003 252.50000000000003 -0.0020981684898011177 1.421147196826855 0.84976955294236289
decision_type=2 2 2 2 2 2 2 2 2 2 2 2 2 2 2 2 2 2 2 2 2 2 2 2 2 2 2 2 2 2
left_child=1 2 5 -4 -5 -1 9 -8 -9 12 -11 -12 23 19 16 17 -15 -16 -19 20 -14 -20 -18 -2 25 26 -25 -28 -29 -27
right_child=6 -3 3 4 -6 -7 7 8 -10 10 11 -13 13 14 15 -17 22 18 21 -21 -22 -23 -24 24 -26 29 27 28 -30 -31
leaf_value=0.39953798656199407 -0.012818924171323857 -0.033982701141628928 -0.031341097193124799 0.50707512642088559 -0.050254573963556474 0.081165612737169587 -0.0099716200131133234 0.39212222119534668 0.040211784625662501 0.35743994073382457 -0.028780325645289193 -0.0028548493628738365 0.22084885494053733 0.46626350631230501 0.18403572221272335 0.0048799894279282219 0.014402796767914186 0.88142231648501979 0.6206707147219197 0.043188312522989686 0.0057855792117588482 -0.031713916077406694 -0.03929969060262592 0.0013272506065661177 0.30293837183968031 -0.03775914637318422 0.071260966465148415 -0.0132160329692045 0.35892473016669718 0.02445396078170485
leaf_weight=0.22122950106859152 149.29983472210006 75.82247203681618 2.4741041234228764 0.17858386173611496 0.15544198773568496 0.71366983186453581 182.09993125268375 0.22488779528066416 4.45566981160664 0.24460659449687128 35.555365715525113 268.07611862494377 0.73154022195376356 0.19228373840451141 3.006700374186039 622.8294328499469 13.666207326663423 0.053659246768801849 0.074507952231215646 47.031149424583418 67.725953836081317 2.1434445288905408 39.441641941375565 146.39771324841422 0.56196005758829315 34.723313083231915 24.172271432471462 10.661611539544534 0.36539556109346527 13.075909755483734
leaf_count=27 9720 114788 573 26 55 47 19833 7 327 25 13732 10254 39 3 20 53350 5445 15 25 2510 7669 352 3442 5829 23 2058 518 583 18 421
internal_value=-0.000895198 -0.0304797 0.04048 0.0018527 0.247717 0.156504 0.000517025 -0.00829036 0.0571201 0.00162852 -0.00559827 -0.00589073 0.00349566 0.00619822 0.00345571 0.00576064 -0.0237065 0.109676 0.0112538 0.0223796 0.00808376 -0.00979828 -0.0254805 -0.00218294 0.00472245 0.0039919 0.0105018 0.0486597 -0.00088462 -0.0207402
internal_weight=1746.38 79.5655 3.74303 2.80813 0.334026 0.934899 1666.81 186.78 4.68056 1480.03 303.876 303.631 1176.15 796.897 681.408 628.108 53.3001 5.27831 2.27161 115.489 68.4575 2.21795 53.1078 379.258 229.958 229.396 181.597 35.1993 11.027 47.7992
internal_count=251734 115516 728 654 81 74 136218 20167 334 116051 24011 23986 92040 72870 62652 53762 8890 412 392 10218 7708 377 8887 19170 9450 9427 6948 1119 601 2479
is_linear=0
shrinkage=0.05


Tree=69
num_leaves=31
num_cat=0
split_feature=11 29 11 10 12 1 8 12 2 8 1 10 9 18 13 13 13 3 12 13 10 10 29 12 10 1 13 13 2 2
split_gain=34.3359 7.44669 6.95836 5.85526 6.25236 5.82908 5.76106 5.71859 11.3441 5.62454 12.0322 7.39826 15.8797 6.52977 8.07874 12.6512 15.4752 13.4224 19.7232 29.143 75.6154 35.0922 25.3284 90.7521 66.2572 25.2869 15.5205 12.1387 17.7445 15.9069
threshold=0.001678820407852349 5.4571452821685904 0.0014957630802223721 0.00087949425555829141 0.089064285714284971 -0.0096887364573656192 0.38548818118398992 0.11560714285714294 0.0066141465597403535 1.1328311711577606 0.0078319230932871759 0.00088703653120207019 0.82690967225449119 1.988967660427356e-05 263.50000000000006 279.50000000000006 287.50000000000006 0.0083921070341661536 0.43500000000000333 270.50000000000006 0.0054328218496377083 0.001002955591715461 0.41976039152329664 0.18021785714285751 0.0026365896708998621 -0.0079465690878943712 266.50000000000006 273.50000000000006 0.031133380311990314 -0.012464230046799306
decision_type=2 2 2 2 2 2 2 2 2 2 2 2 2 2 2 2 2 2 2 2 2 2 2 2 2 2 2 2 2 2
left_child=1 5 -3 7 -5 -1 -6 8 -2 11 -11 12 -8 14 -13 17 -17 18 19 20 21 -16 25 24 -24 26 -23 28 29 -19
right_child=3 2 -4 4 6 -7 9 -9 -10 10 -12 13 -14 -15 15 16 -18 27 -20 -21 -22 22 23 -25 -26 -27 -28 -29 -30 -31
leaf_value=0.25588697130155347 -0.050241124820271932 -0.0092931190834731631 0.20172980221642273 -0.03101951625734415 -0.014391445641871886 -0.044736342750429342 -0.050890042098763355 -0.043048301075323522 0.19885391574349531 -0.0091510655351051944 0.0081888602057054779 -0.0016060010340576336 0.63104548288632745 -0.0036777014103984568 1.0875630708735871 -0.038422109562346762 0.0072818181766017209 0.40042603421412598 -0.034922190543432707 -0.0162405205112434 1.0198012423116216 0.085581089750592407 0.44199574558322879 -0.05036297140982629 2.3433413185804359 -0.020969883445950646 0.56253290701558711 0.054201061788335773 0.10759808977436119 -0.027287534275040742
leaf_weight=0.1617550496594039 1.1371527359588061 1.177089589764363 0.58469771497766476 15.432916713238226 58.995512685796712 51.461751066322904 0.2052492969087315 12.802547050931024 0.76424493989907194 294.10101935284911 151.6197308038827 286.34337044029962 0.14615918113850057 260.43388058245182 0.08787299285177308 19.234500035527162 499.45663918863283 0.22088869474828499 17.768926583463326 7.2338492180570029 0.23337197490036476 0.35854203527560402 0.10146418353542674 0.37886551732663065 0.083548868075013161 3.3716798478853893 0.32534042012412101 42.109896689769812 3.3563965568318954 13.683920334326102
leaf_count=53 707 1754 257 4758 6385 118821 69 5365 69 28508 4140 15338 22 18471 37 3013 36504 6 2864 1569 10 31 33 104 12 897 30 701 34 1172
internal_value=-0.000864336 -0.0403446 0.0607407 0.000382812 0.000658535 -0.0437944 0.000953071 -0.0310316 0.0498798 0.00151855 -0.00325259 0.00335955 0.232743 0.00328975 0.00531866 0.00857987 0.00558699 0.0259609 -0.00133271 0.0476917 0.141297 0.0977441 0.0789154 0.392903 1.30061 0.0352591 0.312479 0.0397263 0.004414 -0.020493
internal_weight=1743.37 53.3853 1.76179 1689.99 1675.28 51.6235 1659.85 14.7039 1.9014 1600.86 445.721 1155.13 0.351408 1154.78 894.349 608.006 518.691 89.3146 29.9435 12.1745 4.94069 4.70731 4.61944 0.563879 0.185013 4.05556 0.683882 59.3711 17.2612 13.9048
internal_count=251734 120885 2011 130849 124708 118874 119950 6141 776 113565 32648 80917 91 80826 62355 47017 39517 7500 5587 2723 1154 1144 1107 149 45 958 61 1913 1212 1178
is_linear=0
shrinkage=0.05


Tree=70
num_leaves=31
num_cat=0
split_feature=4 13 3 10 1 12 9 3 13 1 13 13 7 13 13 3 12 13 13 0 12 14 7 0 5 8 10 15 4 7
split_gain=32.6649 13.4422 8.73648 7.50891 14.956 13.4803 12.6253 13.2289 18.4972 18.0576 20.0663 24.3196 15.6933 15.5253 15.2344 15.5671 15.4264 13.9256 19.0053 27.3981 26.5164 12.9822 21.4705 18.8025 12.2484 12.1747 11.5966 11.0852 11.1552 10.6152
threshold=0.0019701462509359264 241.50000000000003 -0.074114982840000107 0.0056836885081026972 0.017462742383245747 0.81087857142857456 0.86586181095827508 -0.024622944436041735 263.50000000000006 -0.0068338829443164153 310.50000000000006 307.50000000000006 0.0036813066337786859 250.50000000000003 280.50000000000006 0.016162819262168674 0.95376071428571729 324.50000000000006 328.50000000000006 0.0005846007178990088 0.88647857142857289 62.500000000000007 0.00046277422149679909 0.0023496916236420699 0.00048465567701434423 0.62865547035346359 0.0054328218496377083 0.049999999613093898 0.0074123034348207934 5.438033751783679e-05
decision_type=2 2 2 2 2 2 2 2 2 2 2 2 2 2 2 2 2 2 2 2 2 2 2 2 2 2 2 2 2 2
left_child=1 -1 -3 4 6 -6 7 9 13 10 11 12 -2 -9 15 26 17 -16 19 -19 21 22 23 -21 -17 -5 27 28 -10 -20
right_child=3 2 -4 25 5 -7 -8 8 14 -11 -12 -13 -14 -15 16 24 -18 18 29 20 -22 -23 -24 -25 -26 -27 -28 -29 -30 -31
leaf_value=0.098840538320057902 0.020377859509618332 0.20079134953662192 -0.03663676522791233 -0.0074830378690044627 0.045777793984094886 -0.0010529042620051894 -0.0085466783939376605 0.025281317920793318 0.04918021699575479 0.0028352207346252112 -0.013665118028125403 0.11722510192330163 0.21373666504072905 -0.038531853057244159 -0.010693665311380135 -0.018546832863613777 -0.022412497846852925 0.00033663956100986531 -0.035162731103924295 0.63168650463184672 0.5789608520202395 0.069538956419002304 0.086048376576820212 0.19718675841063477 0.057821606596272793 0.0096419366528014208 0.18603114528100473 -0.0097603690140311821 0.32984575897292684 0.015362003258850851
leaf_weight=1.9139143964275707 21.45576730143512 0.38950858009047706 73.202329463383649 131.78111398383044 31.56405590288341 29.94522300735116 454.61968671350041 11.713158453145295 3.9420741345093111 86.297277237899834 12.273280661436727 12.302575365407391 1.1033235369250167 51.172092557477299 79.296634566388093 6.2985762919997788 74.024629087885842 7.9330463255173553 12.292587137868393 0.4368682288622916 0.31657769356388676 5.5166824332263786 1.4924903531209563 0.5789563775761053 31.550359024811769 488.54377740458585 0.83834677003323932 40.638077565381536 0.38895989954471577 67.373205124284141
leaf_count=76 609 37 115376 4040 426 391 61298 1340 595 4004 357 113 15 6208 14581 108 6393 977 3769 31 12 452 69 32 644 9347 31 6682 12 13769
internal_value=0.000187868 -0.0319779 -0.0353801 0.00164594 -0.000940109 0.0229787 -0.00243548 0.00281411 -0.00177573 0.0164291 0.0413175 0.0606745 0.0298347 -0.0266459 0.00292201 0.0213846 -0.00327434 0.0048101 0.0176243 0.0668608 0.130127 0.112421 0.206733 0.384049 0.0451129 0.00600393 0.00177885 -0.00165611 0.0743861 0.00756594
internal_weight=1741.2 75.5058 73.5918 1665.69 1045.36 61.5093 983.855 529.236 395.803 133.432 47.1349 34.8617 22.5591 62.8853 332.918 83.6564 249.262 175.237 95.9404 16.2746 8.34158 8.025 2.50831 1.01582 37.8489 620.325 45.8075 44.9691 4.33103 79.6658
internal_count=251794 115489 115413 136305 122918 817 122101 60803 55705 5098 1094 737 624 7548 48157 8072 40085 33692 19111 1573 596 584 132 63 752 13387 7320 7289 607 17538
is_linear=0
shrinkage=0.05


Tree=71
num_leaves=31
num_cat=0
split_feature=4 13 3 6 7 21 10 7 10 10 13 27 1 3 15 6 6 7 1 15 6 8 27 13 3 9 7 15 3 29
split_gain=30.44 11.8954 7.12022 6.92716 7.45613 8.93001 6.15785 12.7494 21.6618 18.2304 24.7499 10.5947 7.93925 11.3892 11.0816 7.46558 7.13944 11.1416 8.05585 14.2397 19.0586 6.77664 8.00586 22.8496 6.57925 10.0268 16.5834 9.60019 10.3647 13.2434
threshold=0.0019701462509359264 241.50000000000003 -0.074114982840000107 0.0008536209451219459 0.00085153172731782813 1.0000000180025095e-35 0.0056836885081026972 0.0016198611055798352 0.0063174934937262695 0.0059768019281543731 256.50000000000006 1.359395367856562 0.017462742383245747 0.041101764240690682 0.99999998082438635 0.00018037789172388124 0.00037597367629497053 0.0015462828958516361 0.010147984569928938 0.77777760493829906 8.6032607790608091e-05 1.2311127169227813 204203.50000000003 261.50000000000006 -0.0023382781498061385 1.9638378670327157 0.0029656121022796403 0.84976955294236289 -0.0039644217653918559 0.049088472611031671
decision_type=2 2 2 2 2 2 2 2 2 2 2 2 2 2 2 2 2 2 2 2 2 2 2 2 2 2 2 2 2 2
left_child=1 -1 -3 4 -2 6 12 8 9 15 -11 -12 21 14 -14 -8 18 -18 -10 20 -20 24 -23 -24 27 -26 -27 28 -6 -30
right_child=3 2 -4 -5 5 -7 7 -9 16 10 11 -13 13 -15 -16 -17 17 -19 19 -21 -22 22 23 -25 25 26 -28 -29 29 -31
leaf_value=0.086986107096122367 -0.0096338694367245972 0.16192539953533336 -0.036113369569496012 0.0040037642871521015 0.013106536076893103 -0.083224487317070606 -0.030038161811004327 0.0020816923133215649 -0.029624910138218302 0.45957065513096285 0.028130385831495838 0.26777503824455279 0.029358127501450879 -0.044422939159429006 0.14371172707120125 0.12856095901796014 0.038331231162153832 0.25063934384347175 0.27573391784887508 -0.0083436832637215561 -0.054503215865083304 -0.024519251404886287 0.51815899451937775 -0.0062957221042265728 -0.010139683142837135 -0.050845038155675815 0.46904002627370867 -0.027791803973626461 0.019676621961494611 0.21350997020148071
leaf_weight=2.0618424187414339 236.6044286332326 0.45680783758871157 70.616082186141284 1055.35049658551 67.736521260492736 3.0691502711561034 1.6261748261749773 91.768325338605791 9.760545879602434 0.77756919758394394 1.1401535070035604 0.77449588105082501 8.5597838112153095 3.5959478598088017 2.8153855269774786 1.3646754589863119 9.6272517691832 0.66033828118816096 1.217268326319753 4.1115824901498854 0.68149564880877722 46.685059510986321 0.26263899076729902 0.99254783272044733 97.765227643831167 0.32812158134765823 0.28804890578612685 13.979086319886845 2.1323440913693044 1.5018965563212985
leaf_count=76 45489 37 115376 56772 7575 131 46 2119 293 20 28 20 113 56 36 43 297 27 37 126 24 8054 16 82 12647 41 14 1267 577 355
internal_value=0.000165691 -0.0314059 -0.0348405 0.00155232 -0.00269009 0.00171193 0.00241619 0.0115295 0.0388443 0.127292 0.22168 0.125069 -0.00214745 0.0331412 0.057661 0.042328 0.0195548 0.0519588 -0.00158283 0.0439563 0.157207 -0.00442788 -0.0211689 0.103443 -5.9712e-05 -0.00887246 0.192192 0.0100986 0.01752 0.0997807
internal_weight=1738.31 73.1347 71.0729 1665.18 609.826 373.222 370.152 123.51 31.7416 5.68307 2.69222 1.91465 246.643 14.9711 11.3752 2.99085 26.0585 10.2876 15.7709 6.01035 1.89876 231.671 47.9402 1.25519 183.731 98.3814 0.61617 85.3498 71.3708 3.63424
internal_count=251794 115489 115413 136305 79533 34044 33913 3080 961 157 68 48 30833 205 149 89 804 324 480 187 61 30628 8152 98 22476 12702 55 9774 8507 932
is_linear=0
shrinkage=0.05


end of trees

feature_importances:
time_since_open=301
volatility_20=192
returns_20=162
atr=152
range_pct=133
volatility_5=123
returns_10=120
returns_5=119
distance_from_vwap=114
time_to_close=84
pressure_ratio=84
lower_wick=73
upper_wick=71
volume_ratio=68
price_position=62
volume_ratio_20=58
body_pct=50
volume_momentum=47
fvg_size_pct=44
returns=43
pv_divergence=39
order_block_bear=8
order_block_bull=4
fvg_down=3
bos_up=3
displacement_up=1
liquidity_grab_high=1
liquidity_grab_low=1

parameters:
[boosting: gbdt]
[objective: binary]
[metric: auc]
[tree_learner: serial]
[device_type: cpu]
[data_sample_strategy: bagging]
[data: ]
[valid: ]
[num_iterations: 500]
[learning_rate: 0.05]
[num_leaves: 31]
[num_threads: 0]
[seed: 0]
[deterministic: 0]
[force_col_wise: 0]
[force_row_wise: 0]
[histogram_pool_size: -1]
[max_depth: -1]
[min_data_in_leaf: 20]
[min_sum_hessian_in_leaf: 0.001]
[bagging_fraction: 0.8]
[pos_bagging_fraction: 1]
[neg_bagging_fraction: 1]
[bagging_freq: 5]
[bagging_seed: 3]
[bagging_by_query: 0]
[feature_fraction: 0.8]
[feature_fraction_bynode: 1]
[feature_fraction_seed: 2]
[extra_trees: 0]
[extra_seed: 6]
[early_stopping_round: 0]
[early_stopping_min_delta: 0]
[first_metric_only: 0]
[max_delta_step: 0]
[lambda_l1: 0]
[lambda_l2: 0]
[linear_lambda: 0]
[min_gain_to_split: 0]
[drop_rate: 0.1]
[max_drop: 50]
[skip_drop: 0.5]
[xgboost_dart_mode: 0]
[uniform_drop: 0]
[drop_seed: 4]
[top_rate: 0.2]
[other_rate: 0.1]
[min_data_per_group: 100]
[max_cat_threshold: 32]
[cat_l2: 10]
[cat_smooth: 10]
[max_cat_to_onehot: 4]
[top_k: 20]
[monotone_constraints: ]
[monotone_constraints_method: basic]
[monotone_penalty: 0]
[feature_contri: ]
[forcedsplits_filename: ]
[refit_decay_rate: 0.9]
[cegb_tradeoff: 1]
[cegb_penalty_split: 0]
[cegb_penalty_feature_lazy: ]
[cegb_penalty_feature_coupled: ]
[path_smooth: 0]
[interaction_constraints: ]
[verbosity: -1]
[saved_feature_importance_type: 0]
[use_quantized_grad: 0]
[num_grad_quant_bins: 4]
[quant_train_renew_leaf: 0]
[stochastic_rounding: 1]
[linear_tree: 0]
[max_bin: 255]
[max_bin_by_feature: ]
[min_data_in_bin: 3]
[bin_construct_sample_cnt: 200000]
[data_random_seed: 1]
[is_enable_sparse: 1]
[enable_bundle: 1]
[use_missing: 1]
[zero_as_missing: 0]
[feature_pre_filter: 1]
[pre_partition: 0]
[two_round: 0]
[header: 0]
[label_column: ]
[weight_column: ]
[group_column: ]
[ignore_column: ]
[categorical_feature: ]
[forcedbins_filename: ]
[precise_float_parser: 0]
[parser_config_file: ]
[objective_seed: 5]
[num_class: 1]
[is_unbalance: 0]
[scale_pos_weight: 1]
[sigmoid: 1]
[boost_from_average: 1]
[reg_sqrt: 0]
[alpha: 0.9]
[fair_c: 1]
[poisson_max_delta_step: 0.7]
[tweedie_variance_power: 1.5]
[lambdarank_truncation_level: 30]
[lambdarank_norm: 1]
[label_gain: ]
[lambdarank_position_bias_regularization: 0]
[eval_at: ]
[multi_error_top_k: 1]
[auc_mu_weights: ]
[num_machines: 1]
[local_listen_port: 12400]
[time_out: 120]
[machine_list_filename: ]
[machines: ]
[gpu_platform_id: -1]
[gpu_device_id: -1]
[gpu_use_dp: 0]
[num_gpu: 1]

end of parameters

pandas_categorical:[]
