tree
version=v4
num_class=1
num_tree_per_iteration=1
label_index=0
max_feature_idx=30
objective=binary sigmoid:1
feature_names=returns returns_5 returns_10 returns_20 range_pct body_pct upper_wick lower_wick volume_ratio volume_ratio_20 volatility_5 volatility_20 atr time_since_open time_to_close price_position fvg_up fvg_down fvg_size_pct displacement_up displacement_down order_block_bull order_block_bear liquidity_grab_high liquidity_grab_low bos_up bos_down pressure_ratio distance_from_vwap volume_momentum pv_divergence
feature_infos=[-0.050935039370078705:0.04917557251908411] [-0.30757980946013697:0.28025381917324421] [-0.30746405884319628:0.28744417789260024] [-0.3087640261961373:0.32974176615841388] [0:0.059554140127388459] [0:0.05029815919108109] [0:0.053261353517364163] [0:0.032970356926799858] [0.010210250181632642:4.874593590339062] [0.0052960025901097694:17.694178211825271] [2.0326042883284517e-05:0.13535721623850638] [0.00022686086406199823:0.067735810268135868] [0.0099999999999997868:16.311035714285726] [241:383] [7:149] [0:0.99999999973781772] [0:1] [0:1] [0:0.036568701448674537] [0:1] [0:1] [0:1] [0:1] [0:1] [0:1] [0:1] [0:1] [0:15516098] [-0.15811310058997513:0.22592121730524209] [-0.99793491780229293:842.98198198198202] [-843.00750772013964:1.0088510033997924]
tree_sizes=3389 3413 3431 3407 3445 3448 3397 3423 3431 3444 3477 3466 3460 3468 3435 3463 3453 3464 3456 3473 3470 3453 3470 3466 3466 3451 3457 3460 3489 3486 3453 3504 3487 3482 3474 3460 3458 3492 3469 3464 3448 3464 3444 3487 3505 3471 3492 3460 3463 3489 3481 3487 3510 3489 3460 3473 3484 3477 3469 3479 3490

Tree=0
num_leaves=31
num_cat=0
split_feature=4 10 4 25 13 14 3 2 28 13 28 14 13 13 2 2 13 14 6 11 10 10 16 14 0 11 10 13 14 28
split_gain=6509.44 1151.32 1025.37 824.924 1690.77 1707.97 635.022 628.11 382.687 317.512 331.585 731.871 512.295 312.306 288.8 273.796 289.436 344.627 377.248 285.375 278.084 250.386 206.824 226.986 202.189 200.437 197.782 195.936 229.65 194.715
threshold=0.0073792625962161625 0.0030508811686150972 0.014970959891535001 1.0000000180025095e-35 281.50000000000006 119.50000000000001 -0.046425643956555233 -0.035879058206885688 -0.016852808274214079 312.50000000000006 -0.022555322939973001 83.500000000000014 309.50000000000006 305.50000000000006 0.0036475748038730109 -0.027947767310398271 312.50000000000006 82.500000000000014 0.0019630235559308321 0.012072606341821312 0.005132961952495344 0.0092829758019258718 1.0000000180025095e-35 134.50000000000003 0.010716831438457699 0.0033150721477838885 0.016014553272100007 258.50000000000006 133.50000000000003 -0.025971103799544027
decision_type=2 2 2 2 2 2 2 2 2 2 2 2 2 2 2 2 2 2 2 2 2 2 2 2 2 2 2 2 2 2
left_child=1 -1 6 13 5 -5 7 29 15 10 11 12 -9 -4 -8 -3 17 18 -17 -19 -21 -15 -12 27 -23 -10 -6 28 -24 -2
right_child=2 8 3 4 26 -7 14 9 25 -11 22 -13 -14 21 -16 16 -18 19 -20 20 -22 24 23 -25 -26 -27 -28 -29 -30 -31
leaf_value=-4.5781763660280799 -3.9926031946251346 -4.39190460405257 -4.1851391412075483 0.19635456210034175 -4.1374844403464675 -3.7117109835327575 -4.4061534178270652 -0.35077461428829881 -4.5527266889529985 -4.0986094725504323 -3.8917454637248423 -3.7749949994705654 -3.2505592491480551 -4.0652440805799124 -4.2384088663537094 -3.6933919262876014 -4.3956224540185485 -4.3109130545586822 -1.5445109991362269 -3.8429975604563684 -2.0377562414865857 -3.0162295821552871 -0.89168641367252155 -4.2490699960573082 -4.425943652217426 -4.4594671902454683 -3.1052870195552078 -3.8729186872901242 -3.0590640374120337 -4.3743555025040575
leaf_weight=1739.3854924924672 5.0967330783605567 11.801861431449653 9.6085951477289218 0.6162033844739192 1.9843837805092337 0.51176213286817074 49.223161881789565 0.36554438062012173 80.941969994455576 3.6554438062012196 3.7181085571646673 0.91908301413059235 0.26110312901437283 1.8068336527794593 53.599250324070454 0.50131800770759527 2.5588106643408537 1.9634955301880839 0.34465613029897213 0.66842401027679432 0.31332375481724739 1.5875070244073866 0.22977075353264798 0.29243550449609756 0.30287962965667237 199.91099969856441 0.60575925931334484 0.20888250321149826 0.26110312901437283 9.6921481490135211
leaf_count=166542 488 1130 920 59 190 49 4713 35 7750 350 356 88 25 173 5132 48 245 188 33 64 30 152 22 28 29 19141 58 20 25 928
internal_value=-4.5396 -4.5626 -4.21537 -3.85089 -3.19247 -1.57675 -4.26403 -4.03638 -4.47196 -3.72839 -3.51207 -2.87663 -1.55902 -4.03488 -4.31871 -4.24946 -3.98473 -3.7074 -2.81792 -3.96289 -3.26686 -3.64437 -3.72059 -3.07922 -3.2421 -4.48634 -3.89608 -2.59033 -2.04455 -4.24279
internal_weight=2182.94 2038.39 144.547 17.0239 3.71811 1.12797 127.523 24.7004 299.005 9.91147 6.25603 1.54573 0.626648 13.3058 102.822 18.1519 6.35003 3.79122 0.845974 2.94524 0.981748 3.69722 4.7103 0.992192 1.89039 280.853 2.59014 0.699756 0.490874 14.7889
internal_count=209011 195171 13840 1630 356 108 12210 2365 28629 949 599 148 60 1274 9845 1738 608 363 81 282 94 354 451 95 181 26891 248 67 47 1416
is_linear=0
shrinkage=1


Tree=1
num_leaves=31
num_cat=0
split_feature=5 6 7 6 28 7 1 9 13 13 13 1 28 3 0 7 7 3 28 5 3 2 2 28 9 27 12 2 15 0
split_gain=2049.65 1143.65 466.696 415.567 255.582 200.839 198.6 197.416 194.476 294.818 762.327 340.313 171.559 170.28 149.166 142.703 130.405 113.603 111.105 107.094 92.0132 223.524 88.4499 86.0445 82.4382 104.333 81.4764 74.67 127.761 110.732
threshold=0.0038095584957951625 0.0023119010360270207 0.0023820256536040908 0.0011339760834408153 0.014584196464666013 0.0014336341911635379 0.012334992019313986 0.98272818312564736 257.50000000000006 281.50000000000006 273.50000000000006 0.013498484940353441 -0.01833883827683121 0.017128983540812829 0.0044348395364622881 0.00099733037838162599 0.0015078124639212318 0.1128606932665185 -0.025971103799544027 0.0056747309996270159 0.0039525910815680918 0.01769050187801147 0.023105014839910457 -0.01833883827683121 3.0357055877112771 3.7586274068303811 0.93437142857142119 0.0039109395698212488 0.89726026475418086 0.007435798276575257
decision_type=2 2 2 2 2 2 2 2 2 2 2 2 2 2 2 2 2 2 2 2 2 2 2 2 2 2 2 2 2 2
left_child=1 2 12 15 16 -5 -4 14 -6 10 11 -10 -1 22 -7 19 23 18 -9 -2 21 -8 -14 -3 -11 -26 -19 29 -29 -16
right_child=3 4 6 5 8 7 20 17 9 24 -12 -13 13 -15 27 -17 -18 26 -20 -21 -22 -23 -24 -25 25 -27 -28 28 -30 -31
leaf_value=0.16614931602765456 -1.8604527176247937e-05 0.2016711381642923 0.056343935029262354 0.15491471697269138 0.066646595916440024 0.33928376119918369 0.32773146963682753 0.48255810724671017 -0.050598056426810124 0.28481227673638099 3.5443068655492844 1.711193256250886 -0.040520642573591309 0.021532680825778673 0.35388926509777574 0.13842848317392173 0.18043723370958523 1.0770440632173759 0.16101298586202045 0.09817527717623005 0.20401708944723118 1.5295674929300538 0.41183903031746705 0.043673218192085389 1.2751008533785606 0.10815045819169203 0.36997112062998311 0.66403131098840928 1.6033684884947981 1.2276601620932379
leaf_weight=10.569451362825928 61.336518818512559 9.9301102943718416 77.057955368421972 70.305611959658563 4.6891839178279033 5.7242771647870523 2.0927959363907562 3.0765562960878041 0.76971297897398272 7.0044471397995949 0.26426078472286452 0.42569250706583261 1600.3904443588108 120.01727320998907 1.5959119042381651 63.124673110432923 35.883332680910826 0.62039306666701932 21.190261440351609 50.735840131528676 7.6573530025780201 0.47461507003754366 1.0813415944576252 65.169335562735796 0.49026765581220377 0.31434881687164307 1.1868288209661839 0.97921839635819174 0.5742854867130518 0.46919218637049187
leaf_count=790 5816 414 6987 4710 379 363 146 162 67 558 22 35 158023 11480 100 4742 2539 33 1360 3269 630 38 101 5995 36 21 63 66 38 28
internal_value=-0.000702792 -0.0189433 -0.0289925 0.125542 0.12739 0.203827 0.0838174 0.300923 0.329041 0.46179 1.11403 0.576789 -0.0346773 -0.0359103 0.498129 0.0783011 0.102029 0.23026 0.201779 0.0444344 0.290868 0.549905 -0.0402152 0.0645647 0.339873 0.819195 0.612699 0.749406 1.01128 0.55241
internal_weight=2225.2 1944.28 1819.34 280.92 124.941 105.723 87.2827 35.4169 13.9579 9.26873 1.45967 1.19541 1732.06 1721.49 9.34289 175.197 110.983 26.074 24.2668 112.072 10.2248 2.56741 1601.47 75.0994 7.80906 0.804616 1.80722 3.61861 1.5535 2.0651
internal_count=209011 188261 178195 20750 10066 6923 7801 2213 1118 739 124 102 170394 169604 595 13827 8948 1618 1522 9085 814 184 158124 6409 615 57 96 232 104 128
is_linear=0
shrinkage=0.05


Tree=2
num_leaves=31
num_cat=0
split_feature=10 6 1 7 5 7 10 1 9 13 13 9 28 28 8 28 29 29 0 14 28 5 13 7 28 15 10 8 13 0
split_gain=3072.06 317.961 309.453 160.467 137.711 137.464 137.392 88.5067 101.439 86.9926 79.9332 79.7103 68.4812 67.3127 65.7495 79.206 74.4623 70.6567 95.9671 84.9547 62.9674 60.714 105.179 107.396 87.9486 62.7397 82.6788 230.55 73.9629 59.5163
threshold=0.0032779434275437475 0.0016898050613203327 0.011460960031105529 0.0028009846436156268 0.0056747309996270159 0.0054018708634294465 0.0022515354396145481 0.020187808510947595 0.8877957243004363 250.50000000000003 341.50000000000006 1.0898679934562596 -0.016852808274214079 -0.013793407961884583 0.58836933739506525 -0.015624433817283826 -0.46673579366622359 0.054690464797876433 0.00084414016580736117 92.500000000000014 0.0077073639181905905 0.0019209684348243199 309.50000000000006 0.002177068214804082 -0.011312921773060805 0.85897433694936798 0.0092829758019258718 1.7251159493737227 281.50000000000006 -0.0084044701060285703
decision_type=2 2 2 2 2 2 2 2 2 2 2 2 2 2 2 2 2 2 2 2 2 2 2 2 2 2 2 2 2 2
left_child=2 3 6 4 13 9 -1 -4 -9 -3 21 14 -8 -2 -5 16 -16 18 19 -18 -14 -11 25 24 -24 -23 27 28 -27 -15
right_child=1 5 7 11 -6 -7 12 8 -10 10 -12 -13 20 29 15 -17 17 -19 -20 -21 -22 22 23 -25 -26 26 -28 -29 -30 -31
leaf_value=-0.042804856420849795 0.1216375644988445 0.072622144834751809 0.11922764341320123 0.060203977539752318 0.10929487560968987 0.32516791376910981 0.13331417043510599 0.87484126277793772 0.20122628543704396 0.12979923936851978 0.061115351734827572 0.093880496274965169 -0.018360898330006977 1.5806727327164551 0.013866051099885052 0.21675898310976172 0.78711312139997236 0.30892725201739757 0.38676681139537322 1.8787392363147064 0.051982068922258907 0.1377706805893944 0.42386368796877766 0.48195036842849287 0.16682966118178025 0.5085021228175769 0.16827810480517835 1.6535236130592694 0.11126573067514281 0.022414432000587316
leaf_weight=1367.3205083813518 19.371195271611214 34.428328958339989 18.820876422338191 5.4068013476207879 89.802407037466764 11.147896185517309 8.5376606136560422 0.86344981938600485 1.5844271499663589 49.990763014182448 17.864547948352993 27.621701038442552 275.0236964924261 0.061300153844057514 0.62145100813359055 17.946233507245775 0.41759197879583287 0.97074970044195641 0.56976627185940742 0.31093912292271852 35.975165965035558 48.080517743714154 4.4116518478840652 5.5303544942289582 13.549182376824318 2.566611939109861 9.3075406448915583 0.35203869454562653 2.1562669035047293 161.57905031833798
leaf_count=140068 1338 2390 1543 395 5130 520 569 47 94 3223 1306 1798 27163 5 25 1127 26 56 30 19 3302 2508 228 265 911 96 266 22 129 14412
internal_value=-0.00102682 0.104871 -0.033517 0.0743509 0.0586743 0.15457 -0.0359067 0.156012 0.438833 0.144466 0.160548 0.153167 -0.00638871 0.0335606 0.215568 0.255882 0.498786 0.631597 0.87286 1.25302 -0.0102239 0.173614 0.199097 0.289287 0.229964 0.165178 0.256799 0.41915 0.327141 0.0230054
internal_weight=2232.19 524.065 1708.13 324.679 270.814 199.386 1686.86 21.2688 2.44788 188.238 153.809 53.8652 319.537 181.012 26.2435 20.8367 2.8905 2.26905 1.2983 0.728531 310.999 135.945 85.9542 23.4912 17.9608 62.463 14.3825 5.07492 4.72288 161.64
internal_count=209011 36225 172786 24361 20885 11864 171102 1684 141 11344 8954 3476 31034 15755 1678 1283 156 131 75 45 30465 7648 4425 1404 1139 3021 513 247 225 14417
is_linear=0
shrinkage=0.05


Tree=3
num_leaves=31
num_cat=0
split_feature=4 11 11 13 4 18 11 9 4 1 30 14 5 13 1 4 8 2 2 12 12 14 13 13 14 1 9 13 1 2
split_gain=2761.36 464.423 259.643 165.885 129.022 108.772 65.7706 97.9143 94.7654 58.7496 84.9213 65.5603 64.4142 70.3071 125.341 55.6665 54.6266 59.1593 54.5873 50.0831 72.3161 74.2258 110.137 50.4231 283.465 94.0228 83.8214 62.8135 60.5115 56.6987
threshold=0.005627974538403452 0.0029792203720466698 0.0043640181894753815 250.50000000000003 0.0034531470726730878 3.0319568695273492e-05 0.018581074307203033 0.89251914554525946 0.0077533482776011584 0.012334992019313986 -0.17343364581280854 132.50000000000003 0.00069304435483870613 264.50000000000006 0.017119076621270327 0.0093220769997717796 0.43470052015904509 -0.056461303622894081 0.0032619036899278479 0.22378214285714296 0.19227278571428591 76.500000000000014 344.50000000000006 279.50000000000006 113.50000000000001 -0.0069614356944673319 0.65394606352108475 308.50000000000006 0.020187808510947595 -0.027947767310398271
decision_type=2 2 2 2 2 2 2 2 2 2 2 2 2 2 2 2 2 2 2 2 2 2 2 2 2 2 2 2 2 2
left_child=1 -1 18 -4 -3 6 7 16 -8 -6 -11 12 -12 14 -14 -7 -5 -18 -2 20 -19 22 -22 24 -21 26 -26 -25 -27 -29
right_child=2 4 3 5 9 15 8 -9 -10 10 11 -13 13 -15 -16 -17 17 19 -20 23 21 -23 -24 27 25 28 -28 29 -30 -31
leaf_value=-0.043790530449984183 0.0080819841798756408 -0.014764702613869746 0.056206242782024497 -0.0037905964222003756 0.033011251566006254 0.063702169978007067 0.091158595438038031 0.11696727750024541 0.28378828618595647 0.031497029231995939 0.59452639112080186 -0.02556120446447871 0.16580263389674832 0.16275126105362431 1.489321177335662 0.13622125192004467 0.60906945798005463 0.22824998856669376 0.08064260195721204 1.2288524896121074 1.4386883992675021 -0.050747577554665628 0.3989018406984397 0.067612577028044282 0.17456697605983934 0.12060512111964404 0.76271883079387837 0.52402916002804578 0.60980243002294054 0.18795088508995644
leaf_weight=1351.2193808890879 60.393218419514596 185.77252583578229 64.86190612334758 3.1867283256724468 213.12041290290654 46.587333378382027 8.7007751353085023 80.822489976882935 23.98589444719255 12.153255669400098 1.4698925875127296 1.9831690993160007 0.46198444347828616 5.3868693523108959 0.29191911779344082 61.258003892377019 0.90767653658985992 2.7866228511556974 45.407998953945935 0.73866531625389953 0.46992141380906083 0.27431942149996746 0.55600131303071976 11.935136226937173 1.0987375536933535 9.4104595454409683 1.3502102531492708 1.3038465818390168 0.67765502817928869 33.476103436201818
leaf_count=144100 4832 18229 4002 206 18980 2675 503 4345 964 933 79 151 37 425 14 2162 44 147 2999 34 30 20 40 420 55 506 68 67 15 1929
internal_value=-0.0011658 -0.029508 0.10796 0.12848 0.0163716 0.144672 0.168284 0.154193 0.232513 0.0409995 0.119283 0.230489 0.29721 0.226043 0.678282 0.104894 0.198327 0.208238 0.0392237 0.20256 0.37192 0.679827 0.875174 0.191023 0.277012 0.22093 0.49884 0.166586 0.153466 0.20055
internal_weight=2232.05 1771.86 460.19 354.388 420.64 289.527 181.681 148.995 32.6867 234.868 21.7471 9.59383 7.61067 6.14077 0.753904 107.845 68.1721 64.9854 105.801 64.0777 4.08686 1.30024 1.02592 59.9908 13.2757 12.5371 2.44895 46.7151 10.0881 34.78
internal_count=209011 182948 26063 18232 38848 14230 9393 7926 1467 20619 1639 706 555 476 51 4837 3581 3375 7831 3331 237 90 70 3094 678 644 123 2416 521 1996
is_linear=0
shrinkage=0.05


Tree=4
num_leaves=31
num_cat=0
split_feature=4 11 10 4 29 1 12 11 4 13 1 12 15 30 13 14 13 13 5 11 1 9 14 2 11 1 27 27 13 18
split_gain=2332.96 366.158 241.815 145.227 71.7738 89.8115 70.4314 78.9873 85.2688 62.6288 57.1118 119.81 53.0326 44.4321 51.4739 91.4507 66.0936 66.4165 44.1118 40.4432 40.1439 55.1451 64.3949 40.1645 39.3786 39.1116 36.168 35.3307 34.538 33.3022
threshold=0.004621794825998826 0.0034089803001975338 0.0027485576983289494 0.0089844566182615531 1.0211417467023121 0.015004221627788585 3.4129428571428675 0.0035063207743362477 0.0035106740018979302 250.50000000000003 0.011460960031105529 2.4787357142857172 0.92913050049637624 0.026756333247062173 278.50000000000006 118.50000000000001 295.50000000000006 297.50000000000006 0.0059100293997733106 0.0021300302649643259 0.0092173388061062029 1.6426506437162227 80.500000000000014 0.019112603532377762 0.0031585616001784732 -0.019795955989720223 1.0288035977258325 140346.50000000003 307.50000000000006 0.0054848015228058516
decision_type=2 2 2 2 2 2 2 2 2 2 2 2 2 2 2 2 2 2 2 2 2 2 2 2 2 2 2 2 2 2
left_child=2 25 10 4 5 12 24 8 -8 -5 19 -12 20 27 15 18 -16 -18 -15 -1 -3 -22 -23 -24 -4 -2 -7 -11 -19 -17
right_child=1 3 6 9 -6 26 7 -9 -10 13 11 -13 -14 14 16 29 17 28 -20 -21 21 22 23 -25 -26 -27 -28 -29 -30 -31
leaf_value=-0.048176214816520554 0.52865646304818192 0.077001640054601958 -0.019276555548956718 0.063717975687113668 0.028234028976848694 -0.0088019099956907418 0.13331003372726435 0.12982355260766829 1.3758523158565092 0.11549128738457769 0.06030105758880086 1.0657819250169565 -0.003689285814484803 0.38123713820363947 -0.0108460377676316 0.18200986308023703 0.62210647837593314 0.09404134602111941 0.92250417219870551 -0.028559317077142668 0.12600393553273739 0.99551096141871653 0.57841322908020643 0.01646702530633664 0.025552657049293794 -0.0044600625006120092 0.19639055938417815 0.25027613298598078 0.19296274966789526 0.55306430898543624
leaf_weight=987.9647209867835 0.34505976177751918 203.57805516943336 75.280617874115705 32.228191767819226 66.833666837774217 2.3747763065621283 0.27199475839733978 4.4080971237272024 0.28042444586753845 110.58453046530485 5.3976273993030182 0.31347573362290848 18.831602656282485 0.79092348366975584 5.3938899124041191 7.117442537099123 0.81310424022376437 12.110615513287483 0.71825334895402193 357.9254800695926 18.545360783115033 0.38225278537720342 0.55625236220657803 0.74230507761240005 140.25042337644845 115.67716306354851 22.443749065510929 5.0855411523953071 32.512617920525372 0.66084155999124039
leaf_count=110900 21 12960 7820 1670 4359 148 27 325 26 3795 434 24 1291 16 201 221 25 492 29 38502 1091 23 37 46 11819 10340 1031 161 1153 24
internal_value=-0.00127829 0.0777439 -0.0343694 0.0949916 0.0745808 0.0861624 0.0141818 0.200454 0.764062 0.127792 -0.0422898 0.115491 0.0768957 0.13954 0.174408 0.282645 0.154632 0.174276 0.638839 -0.0429593 0.0836764 0.150859 0.425095 0.257183 0.00989472 -0.00287453 0.176757 0.121417 0.166116 0.213535
internal_weight=2230.42 658.326 1572.09 542.304 334.288 267.454 220.492 4.96052 0.552419 208.016 1351.6 5.7111 242.636 175.788 60.1177 9.28746 50.8302 45.4363 1.50918 1345.89 223.804 20.2262 1.68081 1.29856 215.531 116.022 24.8185 115.67 44.6232 7.77828
internal_count=209011 39134 169877 28773 20986 16627 20017 378 53 7787 149860 458 15448 6117 2161 290 1871 1670 45 149402 14157 1197 106 83 19639 10361 1179 3956 1645 245
is_linear=0
shrinkage=0.05


Tree=5
num_leaves=31
num_cat=0
split_feature=4 11 11 4 4 9 1 18 12 10 12 2 1 6 6 1 29 11 1 13 13 12 29 12 10 27 29 8 10 27
split_gain=2034.23 247.709 247.016 94.4412 68.6594 68.636 78.2494 68.6169 65.2442 52.9349 44.2517 44.1507 45.7787 42.4299 39.5362 39.3367 46.0764 39.2696 51.2988 39.171 89.8603 237.945 356.922 51.1236 66.8097 73.1486 104.457 166.017 36.4764 73.3315
threshold=0.0048849817419014362 0.0035063207743362477 0.0029792203720466698 0.010209422662491563 0.0030314671767077881 0.87437121195843426 0.017119076621270327 8.069521268099911e-06 0.90394285714285982 0.0068176792817434733 0.63227614285714095 -0.068377616747401879 -0.0093378523901095894 0.0024894934918922008 0.003258815765188407 0.012334992019313986 0.12290959064194286 0.011274135426634474 0.0092173388061062029 279.50000000000006 275.50000000000006 1.75134642857143 -0.26246275717158241 0.8616749999999993 0.0018181277728897794 0.88114574476152741 0.13094048187057364 0.83106338130069846 0.0027485576983289494 1.3441250071561772
decision_type=2 2 2 2 2 2 2 2 2 2 2 2 2 2 2 2 2 2 2 2 2 2 2 2 2 2 2 2 2 2
left_child=2 -2 19 5 -4 6 7 -3 11 10 13 12 14 -8 -5 -6 -17 18 -7 20 -1 23 -23 28 -25 -26 27 -27 -22 -30
right_child=1 3 4 8 15 17 9 -9 -10 -11 -12 -13 -14 -15 -16 16 -18 -19 -20 -21 21 22 -24 24 25 26 -28 -29 29 -31
leaf_value=-0.040399563649401671 0.0010633765782378621 0.1040881347044077 -0.024180229422959301 0.10669028880051044 0.014834881766185255 0.014789798699570277 0.32208636589998574 0.028934739183378584 0.085000452845334612 0.076199280616845735 0.19263033834470991 0.13653469515253633 0.65030209982759513 0.73244018738683703 0.36967320701220002 0.17287435163566103 0.013743122013412813 0.080765004858635761 0.081925220180306929 -0.046385561587715271 -0.014688505962403873 2.0164693729321193 0.10194026727268729 0.015776427319686852 0.047973743933724979 0.45891768659323051 -0.05047755731856101 2.2897633803139481 0.024161567251131263 0.72613124137037854
leaf_weight=69.64489602483809 104.20726057887077 117.05026312638074 134.69610593467951 3.1619448401033878 197.59234627708793 91.730704864487052 2.6459490526467548 41.014370440505445 85.126073966734111 4.9441608926281324 5.6040758090093732 79.229338360950351 0.71273315697908302 0.8267671763896941 2.6078879218548536 8.9116522921249288 9.2919659959152323 75.501121978275478 41.249087396077812 1122.9078267011791 16.62559430114926 0.38701529055833817 0.65619763638824113 1.5101980855688446 0.50798304006457307 0.29447968117892742 0.23265146184712648 0.21365533303469419 1.3398864893242706 0.51505929324775923
leaf_count=7951 8922 6227 13671 123 17626 5691 74 2378 2682 228 145 2562 32 21 84 498 675 3879 2135 130803 1890 39 74 175 57 33 25 24 145 55
internal_value=-0.00217938 0.0717608 -0.033148 0.0851216 0.00383054 0.0712574 0.0946292 0.0845874 0.116006 0.207835 0.279537 0.146799 0.272254 0.419781 0.225555 0.0213144 0.0916464 0.0519658 0.0356146 -0.0438167 -0.0124374 0.0749586 0.8122 0.0387477 0.239515 0.510093 0.826984 1.22873 0.00877514 0.219076
internal_weight=2220.94 655.612 1565.33 551.404 350.492 380.567 172.086 158.065 170.838 14.021 9.07679 85.7119 6.48257 3.47272 5.76983 215.796 18.2036 208.481 132.98 1214.84 91.9276 22.2827 1.04321 21.2395 2.75897 1.24877 0.740786 0.508135 18.4805 1.85495
internal_count=208924 35183 173741 26261 32470 20778 9073 8605 5483 468 240 2801 239 95 207 18799 1173 11705 7826 141271 10468 2517 113 2404 314 139 82 57 2090 200
is_linear=0
shrinkage=0.05


Tree=6
num_leaves=31
num_cat=0
split_feature=4 10 10 2 13 13 13 13 3 3 13 13 2 3 6 4 13 4 3 6 3 14 27 6 3 10 15 5 12 13
split_gain=1784.31 186.558 180.022 96.2225 88.7907 121.61 77.7833 85.9372 59.4457 69.2243 56.7758 613.879 189.81 92.4893 57.2505 50.9624 49.0567 152.78 323.186 263.072 140.794 84.525 79.0817 68.9957 66.1216 68.2033 52.2089 52.5531 86.0227 54.79
threshold=0.0043871937641992388 0.0043133768247805718 0.0026683120330423882 0.01769050187801147 250.50000000000003 281.50000000000006 296.50000000000006 297.50000000000006 -0.026140990701839558 0.017923613778616402 273.50000000000006 279.50000000000006 0.006457863426067024 0.02273967914812736 0.0020350188648772002 0.010209422662491563 273.50000000000006 0.014970959891535001 0.017923613778616402 0.0011714051689054709 -0.024746773362094295 133.50000000000003 61457.500000000007 0.0023119010360270207 -0.11844196874440947 0.0084683630421129568 0.54098359768879656 0.0049720264691588785 1.4645107142857119 254.50000000000003
decision_type=2 2 2 2 2 2 2 2 2 2 2 2 2 2 2 2 2 2 2 2 2 2 2 2 2 2 2 2 2 2
left_child=2 3 -1 8 -3 16 -7 -8 -2 -10 -11 12 13 -12 -14 -9 20 18 -18 -20 21 -6 -22 -21 -23 26 27 28 29 -26
right_child=1 4 -4 -5 5 6 7 15 9 10 11 -13 14 -15 -16 -17 17 -19 19 23 22 24 -24 -25 25 -27 -28 -29 -30 -31
leaf_value=-0.043090288079218948 0.063458278422415568 0.032328323862602405 0.0064467732857572367 0.099888487911173204 0.086448008196836457 -0.030068850469021781 0.49271982352100641 0.062601289317454081 -0.0037520326403958472 -0.017612186094645252 0.85423466475344301 0.03664115006037913 0.8879828230945489 1.8890413498278296 0.30438737295865104 0.10662310303501242 -0.027816760511499252 0.079844709328266594 1.2936573991645381 0.70452337548393584 0.01374943908098015 0.04442161433718661 0.52894242740574604 0.32090695749860676 0.86929664357604874 0.60998988029522527 0.15816281800967658 0.16167990461637505 0.22674999760222325 0.32217306159290782
leaf_weight=1211.5251393523067 65.073108401149511 80.251259292475879 216.11915395408869 44.252114088274539 9.3140241652727145 16.219787234440446 1.2715745540335763 159.79452759772539 193.68395342584699 15.063970192335544 0.3863414498046035 30.859367207624018 0.68951963540166605 0.48953709844499826 1.0760560641065238 111.7000724086538 3.8003217456862348 10.900977969169615 1.0033247591927645 1.5809485381469128 21.75326159410179 2.5198845174163571 0.77127246186137099 4.5324419038370252 1.463207758963107 1.7994063589721907 4.948923559859395 1.8719868268817661 1.773678360506892 0.6657955516129731
leaf_count=145790 3494 4203 19858 2275 214 678 32 7831 16272 1048 20 2104 37 26 20 3204 175 53 39 36 1026 53 14 47 50 40 154 61 48 22
internal_value=-0.0022351 0.0580817 -0.0355913 0.0309551 0.0798589 0.090523 0.0763081 0.0826337 0.0210292 0.00963186 0.0630089 0.099261 0.830831 1.4326 0.532302 0.080713 0.150318 0.212253 0.344466 0.543265 0.121494 0.20482 0.0313904 0.420112 0.278112 0.325135 0.277336 0.379469 0.483935 0.698197
internal_weight=2217.15 789.511 1427.64 351.574 437.937 357.685 288.986 272.766 307.322 242.249 48.5648 33.5008 2.64145 0.875879 1.76558 271.495 68.6995 21.818 10.917 7.11672 46.8814 24.3569 22.5245 6.11339 15.0429 12.523 10.7236 5.77467 3.90268 2.129
internal_count=208924 43276 165648 25296 17980 13777 11745 11067 23021 19527 3255 2207 103 46 57 11035 2032 350 297 122 1682 642 1040 83 428 375 335 181 120 72
is_linear=0
shrinkage=0.05


Tree=7
num_leaves=31
num_cat=0
split_feature=11 10 3 12 28 13 11 3 14 14 5 27 11 28 28 13 8 7 2 11 13 5 13 14 13 30 15 10 13 27
split_gain=1575.44 217.922 119.681 106.143 88.9854 87.0315 91.3938 147.43 106.02 113.834 93.8951 77.0776 62.213 56.7907 67.3905 73.0662 53.4623 48.8563 45.4362 72.7693 39.5612 37.3542 36.3521 54.5362 35.7713 35.4064 38.6764 37.3256 34.3773 68.1143
threshold=0.0032336224862785506 0.0030508811686150972 0.026813273103183825 1.8119892857142841 0.013716545731624947 250.50000000000003 0.0049573296827857636 0.026813273103183825 108.50000000000001 115.50000000000001 0.0054769511638521418 1.388827591399004 0.0021300302649643259 0.0087716065100717864 -0.01833883827683121 350.50000000000006 0.54693704501744034 0.0028009846436156268 -0.011971698654870798 0.0079660532467366752 259.50000000000006 0.013210063679230022 279.50000000000006 116.50000000000001 264.50000000000006 -0.13192092714957962 0.83333330555553486 0.002549109155218718 281.50000000000006 140346.50000000003
decision_type=2 2 2 2 2 2 2 2 2 2 2 2 2 2 2 2 2 2 2 2 2 2 2 2 2 2 2 2 2 2
left_child=2 13 12 22 -5 -3 7 21 -9 10 11 -10 -1 14 15 18 -8 28 -2 -20 -15 -7 23 -4 25 -22 -27 -28 29 -18
right_child=1 5 3 4 -6 6 16 8 9 -11 -12 -13 -14 20 -16 -17 17 -19 19 -21 24 -23 -24 -25 -26 26 27 -29 -30 -31
leaf_value=-0.047453087933124055 0.051066439829746041 0.019522777386606165 0.42921460998788086 1.0842828736498729 0.19226810720184326 0.012504004251648229 0.029522465923986448 0.051953782868390232 0.97661210351754135 0.035428788897078192 0.27248931168051599 0.35687835076886792 -0.02242911096028441 -0.023119765206288556 -0.013162045033294229 0.75424264048003675 0.095181543870953303 0.11288677798612141 1.0159953285517072 0.13366877353020334 0.039131859591323287 0.27252980991614989 -0.021939242287147557 -0.050594298630159899 0.062782400324026322 -0.052419701890593688 0.27707766911878817 0.73652180556725 0.063628633975461382 0.39272684770361821
leaf_weight=897.86805371474475 8.3807014944031817 113.26045678649098 1.4245878383517259 0.5280423993244765 0.59419933427125216 132.92002192884684 49.138524161651731 10.662603707984092 1.0679000923410042 3.1427845321595669 4.3472547270357609 0.9463033191859721 343.35787977650762 12.413941228762267 189.23303244076669 0.4346812469884761 72.853851800784469 111.50508699845523 0.32803412154316614 0.81247148476541042 1.5987207591533663 1.395668752491473 3.4855440454557538 1.0135976932942865 32.049150299280882 0.49187507200986091 1.210543663240969 0.69634954165667284 212.46799202635884 1.9755688682198513
leaf_count=114315 460 6260 36 27 18 8544 2645 544 30 126 38 14 38139 1041 18502 26 2614 3219 21 52 82 29 311 95 2350 33 44 20 9256 33
internal_value=-0.00229185 0.045746 -0.0393643 0.166122 0.611983 0.0597351 0.0672954 0.0341328 0.16019 0.281618 0.403244 0.685452 -0.0405308 0.00531881 -0.00649124 0.120302 0.0787322 0.0847956 0.0913598 0.387445 0.053862 0.0152059 0.0816549 0.229749 0.0803734 0.221406 0.342887 0.444855 0.0738929 0.103037
internal_weight=2211.61 963.334 1248.27 7.04597 1.12224 715.684 602.424 154.483 20.1668 9.50424 6.36146 2.0142 1241.23 247.65 199.189 9.95589 447.941 398.802 9.52121 1.14051 48.4606 134.316 5.92373 2.43819 36.0466 3.99749 2.39877 1.90689 287.297 74.8294
internal_count=208924 55983 152941 487 45 33352 27092 9325 752 208 82 44 152454 22631 19061 559 17767 15122 533 73 3570 8573 442 131 2529 179 97 64 11903 2647
is_linear=0
shrinkage=0.05


Tree=8
num_leaves=31
num_cat=0
split_feature=4 11 10 13 2 28 28 13 13 28 2 29 18 9 13 12 13 9 10 2 8 7 9 13 13 13 11 0 12 30
split_gain=1432 206.455 136.816 60.4882 65.7644 65.0533 51.7513 47.8509 115.986 119.125 70.0083 52.9221 45.8991 64.9902 93.4909 43.1953 42.1626 41.4787 40.0493 43.4443 34.3668 34.3276 33.5819 33.5108 42.3576 64.3782 285.324 135.293 44.2256 68.5235
threshold=0.0041761891962956692 0.0035063207743362477 0.0026683120330423882 250.50000000000003 0.016322129319506166 -0.01833883827683121 -0.010857837884582017 280.50000000000006 273.50000000000006 0.00030646568496785551 0.0027568750163784466 0.31396282673985959 0.0010102566304471142 0.58454611743818119 276.50000000000006 3.0798499999999982 364.50000000000006 0.89251914554525946 0.0052976735407738547 -0.010740786491955588 0.30795915984772421 0.0040153258063051261 1.7188540801935359 342.50000000000006 315.50000000000006 318.50000000000006 0.0097236328647187873 0.0017861969558647941 0.29177857142857028 0.26637563289826066
decision_type=2 2 2 2 2 2 2 2 2 2 2 2 2 2 2 2 2 2 2 2 2 2 2 2 2 2 2 2 2 2
left_child=2 7 15 -3 5 16 22 8 20 -10 11 12 13 -11 -15 -1 -5 23 21 -20 -2 -7 -6 24 -8 26 27 -26 29 -27
right_child=1 3 -4 4 6 18 17 -9 9 10 -12 -13 -14 14 -16 -17 -18 -19 19 -21 -22 -23 -24 -25 25 28 -28 -29 -30 -31
leaf_value=-0.043630737538194631 0.57554846143606964 0.022474979852210874 0.0023078759164342462 0.085785069096277783 0.17074696907659637 0.02578004363460237 0.10223670510851098 -0.018077450605224366 -0.029800253913090685 0.24915459322846789 0.20606563643783204 -0.050619783316150961 0.20927353835621912 0.56165139415224452 1.6511232196943639 0.098768377422631448 0.35573078438330547 0.070579030071646662 0.032910653782551397 0.090578251315697328 -0.026472207617429178 0.10615146636398275 0.56732189981569736 -0.00017071615088966929 0.49057564214795635 0.095243349428328808 0.064373253198812971 1.4801856485817817 0.096682947936673216 0.62706410595509232
leaf_weight=1092.3498523123562 0.23955793306231754 107.27019515540451 197.08932936005294 93.062804175540805 1.3431226182728999 215.04507847130299 28.876883048564196 132.2368932152167 4.7936637215316287 0.32540589664131203 6.2467140578664839 0.29579574149101961 0.38322478951886285 0.40680103190243244 0.38165841158479452 5.3516137166880062 1.4693238306790579 125.05352258030325 58.206299430690706 74.412007744424045 22.725359820760787 14.160383050329981 0.88592969626188267 4.8495294973254195 0.73353535868227415 1.341390538029372 2.5353674376383424 0.65267308708280325 9.3941129213199002 1.1043382864445446
leaf_count=142886 21 5606 18058 2362 37 12466 988 12812 461 11 283 27 28 24 21 554 40 4027 2266 2552 2061 589 21 195 16 34 71 25 342 40
internal_value=-0.0022851 0.0458395 -0.0360495 0.0571949 0.0630775 0.0530481 0.0889696 -0.0041949 0.0470866 0.167481 0.285111 0.56052 0.681269 0.843658 1.08902 -0.0429365 0.0899809 0.0859123 0.0433988 0.0652679 -0.0201922 0.0307454 0.328364 0.124659 0.13822 0.204147 0.37973 0.956517 0.14599 0.33538
internal_weight=2203.22 908.432 1294.79 740.396 633.126 456.356 176.77 168.035 35.7982 12.8333 8.0396 1.79289 1.49709 1.11387 0.788459 1097.7 94.5321 174.541 361.824 132.618 22.9649 229.205 2.22905 49.4878 44.6383 15.7614 3.92158 1.38621 11.8398 2.44573
internal_count=208924 47426 161498 31677 26071 20275 5796 15749 2937 855 394 111 84 56 45 143440 2402 5738 17873 4818 2082 13055 58 1711 1516 528 112 41 416 74
is_linear=0
shrinkage=0.05


Tree=9
num_leaves=31
num_cat=0
split_feature=11 4 3 13 14 2 1 3 12 11 6 13 13 3 12 4 12 2 3 28 11 10 12 10 11 7 12 11 11 4
split_gain=1303.74 227.436 76.527 167.665 215.274 115.578 54.5426 68.4818 52.8265 76.3138 100.443 51.7327 104.357 121.185 63.0003 51.516 41.0526 50.9644 44.9358 42.6579 50.5205 40.0329 59.711 39.827 39.3105 35.1836 33.5822 33.4807 32.9145 47.4689
threshold=0.0030108729931189317 0.0048849817419014362 0.015746301115733056 279.50000000000006 115.50000000000001 0.0030364167584597816 0.008803274028826304 -0.050106966953226077 0.2666535714285701 0.0023560400402083863 0.00064390229050107232 271.50000000000006 279.50000000000006 0.0063292310561141605 1.6375178571428577 0.0030314671767077881 0.84790714285715152 -0.068377616747401879 0.092325586635149351 0.018103097344311574 0.026107018208616915 0.019152153783093349 0.6574714285714337 0.0056841411467752076 0.018581074307203033 0.0013167536881378919 0.59327500000000255 0.0021300302649643259 0.0079660532467366752 0.0093220769997717796
decision_type=2 2 2 2 2 2 2 2 2 2 2 2 2 2 2 2 2 2 2 2 2 2 2 2 2 2 2 2 2 2
left_child=2 15 27 4 5 -4 7 -3 -7 10 -10 -9 13 -13 25 -2 17 -8 23 20 -20 -21 -23 26 -14 -15 -19 -1 29 -28
right_child=1 6 3 -5 -6 8 16 11 9 -11 -12 12 24 14 -16 -17 -18 18 19 21 -22 22 -24 -25 -26 -27 28 -29 -30 -31
leaf_value=-0.047846511255604407 -0.022598894151025759 0.073527157646600602 1.1495955049224182 -0.037207404300060094 -0.02469630056341747 -0.050733604458870478 0.4787681945872394 -0.00066808050501006495 0.23980763553834017 0.31490965918919778 1.3954043720880496 -0.034865461746789388 0.029473154833619904 0.2815153967069024 0.50092416209954382 0.017592908193204155 0.049991441731325213 0.087181772897247392 0.64555598972563621 0.045442624734791992 0.12175114034171806 0.38628025518768738 -0.018722292651605469 0.053174571223697613 0.11486846053334493 0.11223735908245754 0.17310469927433103 -0.027234377671115997 0.086376690911338649 0.44736305671379512
leaf_weight=812.55282442923635 123.56386470003054 135.98802968394011 0.49920303327962567 26.367594028357416 5.3579553621821105 0.70157273625954975 0.84681485593318839 91.141658516600728 0.34412800706922997 3.2863795501179993 0.41456910641863942 6.0881790528073934 245.40911218710244 5.7142422739416343 1.8849888900294889 224.73102597799152 108.11877637170255 35.367252718657255 1.0014087902382005 4.9462260063737613 0.8519589016214012 2.8247848115861416 1.3426475320011375 61.641133110970259 14.259688104502855 6.6323372749611735 6.3998255766928178 260.06465360894799 5.8223391277715555 2.0939243696630001
leaf_count=113075 13363 4003 27 2979 546 66 22 5019 36 60 28 358 11739 128 34 18481 3414 1312 26 110 25 62 27 1868 413 97 234 31182 141 49
internal_value=-0.00228774 0.0366396 -0.0404111 0.030316 0.198221 0.425902 0.05235 0.0431732 0.349791 0.419258 0.871252 0.032051 0.0427017 0.151823 0.231688 0.00333414 0.0724736 0.0922136 0.0895369 0.186102 0.404773 0.141633 0.255798 0.0800239 0.0341626 0.190583 0.113335 -0.0428489 0.177947 0.240716
internal_weight=2196.26 1086.67 1109.59 36.9714 10.6038 5.24585 738.375 507.118 4.74665 4.04508 0.758697 371.13 279.989 20.3197 14.2316 348.295 231.257 123.138 122.292 10.967 1.85337 9.11366 4.16743 111.324 259.669 12.3466 49.6833 1072.62 14.3161 8.49375
internal_count=208924 60925 147999 3742 763 217 29081 21791 190 124 64 17788 12769 617 259 31844 7290 3876 3854 250 51 199 89 3604 12152 225 1736 144257 424 283
is_linear=0
shrinkage=0.05


Tree=10
num_leaves=31
num_cat=0
split_feature=11 4 11 10 1 28 11 28 13 1 13 13 28 11 13 13 1 11 12 6 13 13 28 2 29 2 10 29 13 13
split_gain=1236.65 167.536 55.0524 53.4512 51.402 83.2308 41.6061 39.05 52.224 90.8071 119.999 85.0668 37.5714 48.6341 33.2602 37.1112 39.6614 36.0775 32.2931 31.2279 29.8273 75.0706 29.3651 38.127 29.3633 28.157 30.2189 29.852 27.5795 62.3156
threshold=0.0030108729931189317 0.0042569829282496129 0.0022064114933437796 0.0021340905624036865 0.0092173388061062029 -0.01833883827683121 0.023015817449111915 0.0098405207187951191 263.50000000000006 -0.00071905803462091178 335.50000000000006 306.50000000000006 0.02005490268512115 0.0073169841045512473 256.50000000000006 265.50000000000006 0.012334992019313986 0.012498018257294361 1.3936607142857167 0.00058261611352972891 279.50000000000006 273.50000000000006 -0.01243690042114461 -0.0031413828975237475 -0.41768656211873784 -0.024824425515041933 0.0056841411467752076 0.054690464797876433 279.50000000000006 275.50000000000006
decision_type=2 2 2 2 2 2 2 2 2 2 2 2 2 2 2 2 2 2 2 2 2 2 2 2 2 2 2 2 2 2
left_child=2 3 -1 -2 5 -3 12 22 -9 10 11 -10 25 24 -6 16 -16 -18 -4 -8 21 -11 23 -5 -14 -7 27 -27 29 -20
right_child=1 4 18 7 14 6 19 8 9 20 -12 -13 13 -15 15 -17 17 -19 28 -21 -22 -23 -24 -25 -26 26 -28 -29 -30 -31
leaf_value=-0.046271063345025017 -0.031943244408632825 0.072685920819614835 -0.024977623387817626 0.053119922878986175 0.024088232889413631 -0.013282568267050938 -0.012909376573066643 -0.021002540060582255 0.79529446263933579 0.12458193854242786 1.3411604262682963 -0.050700186308774257 0.36280411628266174 0.015333651862247303 -0.027363705471287133 0.064740345256960263 0.20806486952827907 0.078896526904141395 -0.020775823468852341 0.10213878812775389 0.060584685400705378 0.91917721999670832 -0.0024445742492632304 0.52842643364977959 0.13114730025558621 0.03126041741591952 0.050725174110211838 -0.0020754677648903708 -0.0079207438982260153 0.24409391978791703
leaf_weight=818.64638054324314 86.405563824344426 133.02158775180578 225.79886172804981 18.661373256705705 42.76919986307621 52.345098736695945 7.3820209372788659 10.098899762146177 0.47191400732845312 1.6879903282970219 0.32332978025078762 0.80233685206621885 2.0822189804166555 6.7157787848263979 3.5105295572429922 190.4484272999689 12.801853213459255 9.3570721074938756 4.6221364764496702 29.344842299818993 14.374574779532848 0.36077884305268515 132.96601470373571 0.4316749656572928 3.9873911254107934 164.81395999249071 92.066085992380977 113.33918463997543 12.921502934768794 4.2739255083724856
leaf_count=118590 10295 3456 27203 1296 1788 2546 264 818 26 93 28 61 34 271 155 5549 242 89 485 956 1107 24 12375 35 94 9308 3379 6895 1497 131
internal_value=-0.00139379 0.0350379 -0.0400227 0.000387263 0.0457294 0.0377522 0.0279086 0.0158915 0.0700203 0.121029 0.480895 0.262611 0.0235973 0.108041 0.0643745 0.0723471 0.128783 0.153521 -0.0193649 0.0790144 0.0860234 0.264507 0.00588162 0.0638661 0.210619 0.0210423 0.0258954 0.017677 0.038724 0.106475
internal_weight=2196.83 1130.57 1066.26 266.584 863.985 605.098 472.077 180.179 28.1198 18.0209 1.59758 1.27425 435.35 12.7854 258.887 216.118 25.6695 22.1589 247.616 36.7269 16.4233 2.04877 152.059 19.093 6.06961 422.564 370.219 278.153 21.8176 8.89606
internal_count=209090 61184 147906 26158 35026 27203 23747 15863 2157 1339 115 87 22527 399 7823 6035 486 331 29316 1220 1224 117 13706 1331 128 22128 19582 16203 2113 616
is_linear=0
shrinkage=0.05


Tree=11
num_leaves=31
num_cat=0
split_feature=4 10 10 14 14 28 15 28 1 28 28 12 18 14 29 1 14 14 14 10 14 14 3 1 3 12 15 3 12 5
split_gain=1056.17 154.834 87.5786 36.8814 38.3555 50.3459 197.052 35.0765 37.7195 33.8661 38.9876 32.6211 36.7213 29.0596 53.3158 27.9349 26.1613 45.4863 67.605 67.3351 64.5048 42.4219 73.6912 35.8326 41.639 35.7824 30.5952 29.3413 37.948 36.2664
threshold=0.0041761891962956692 0.0025050221528098338 0.0032779434275437475 47.500000000000007 54.500000000000007 0.0014603153677733079 0.25925925445816173 0.0054121798545003286 -0.014942055031071376 0.0077073639181905905 -0.011830513420164631 1.3599714285714268 0.0014246643955207517 26.500000000000004 0.033763781507984987 0.011460960031105529 140.50000000000003 108.50000000000001 93.500000000000014 0.0061646152006720771 92.500000000000014 115.50000000000001 0.010137375491080626 0.025252230919376454 -0.026140990701839558 0.47142857142856703 0.37931031866822862 0.092325586635149351 0.74969999999999948 0.0012403194954046023
decision_type=2 2 2 2 2 2 2 2 2 2 2 2 2 2 2 2 2 2 2 2 2 2 2 2 2 2 2 2 2 2
left_child=1 15 7 -4 5 -5 -7 8 11 10 13 -2 -13 14 -3 -1 17 18 20 21 27 22 -19 24 -23 -24 -22 -6 29 -29
right_child=2 9 3 4 16 6 -8 -9 -10 -11 -12 12 -14 -15 -16 -17 -18 19 -20 -21 26 23 25 -25 -26 -27 -28 28 -30 -31
leaf_value=-0.043205343531173543 0.032390757541781889 0.96131350468557586 0.01071018499668543 0.046244815944833977 0.040699322465244943 0.95233944231987167 0.13092766889199581 0.037461037513559878 -0.0074002014601477692 0.045015721432655392 -0.013549485130226769 0.13802155002391089 0.55960879898449178 0.050219280478797791 -0.050634204309612366 0.091785115177466944 0.022386946859255297 -0.03277378318691905 -0.038072888883193823 0.12469501312120629 0.47067103383763709 0.071057435195507362 0.055419805494567959 0.17132693162569881 -5.7311050373015899e-05 0.24180744299517173 0.14310338614019244 0.41258015832218187 0.048745122867029256 0.1311961283585874
leaf_weight=941.2810632600449 7.0464608962647599 0.24704257445410149 72.887435786426067 12.211120721884074 349.19211835134774 0.79671317990869184 8.7364657120779139 84.424958440009505 166.84205828048289 40.048603350762278 167.42677622009069 2.4486760171130304 0.65459270402789105 19.675213532987982 0.27510820515453815 3.8481622654944649 99.775931783020496 5.3858515201136496 25.062045027501881 45.180829358287156 1.2278381511569016 35.827918197959661 3.6129960995167485 4.7516697961837044 48.376565367914736 8.9627974359318596 1.6995188212022183 1.2839565873146082 19.966333227232099 10.588945988565682
leaf_count=139349 363 22 3431 552 11796 34 323 5121 14919 3082 17471 93 31 1311 26 298 4686 313 1023 704 24 923 63 45 2280 100 36 27 470 174
internal_value=-0.00140388 -0.0337391 0.0358871 0.0445181 0.0481278 0.113468 0.199575 0.0109423 -0.00170708 0.0032762 -0.00563316 0.0918769 0.22695 0.0599895 0.428144 -0.0426557 0.0459781 0.0501729 0.0414919 0.0735179 0.0466853 0.0518917 0.121981 0.0377395 0.0302011 0.188259 0.280497 0.044889 0.0908384 0.161625
internal_weight=2189.75 1172.8 1016.94 755.527 682.64 21.7443 9.53318 261.417 176.992 227.673 187.624 10.1497 3.10327 20.1974 0.522151 945.129 660.895 561.119 409.021 152.099 383.959 106.918 17.9616 88.9562 84.2045 12.5758 2.92736 381.031 31.8392 11.8729
internal_count=209090 161559 47531 27004 23573 909 357 20527 15406 21912 18830 487 124 1359 48 139647 22664 17978 13550 4428 12527 3724 476 3248 3203 163 60 12467 671 201
is_linear=0
shrinkage=0.05


Tree=12
num_leaves=31
num_cat=0
split_feature=11 4 3 14 14 1 28 0 12 2 11 4 2 14 14 3 4 28 14 1 2 9 4 18 14 14 3 2 11 2
split_gain=1038.67 124.482 66.7709 95.1627 92.0226 48.5448 69.4147 35.3873 33.9626 33.8035 36.4453 38.9872 32.2627 35.9413 40.6148 36.605 32.0606 29.9832 29.5993 65.0918 88.3683 45.7117 28.1152 25.9024 25.2299 52.6504 34.6595 24.7343 24.1659 33.6518
threshold=0.0030108729931189317 0.0034531470726730878 0.013605724940237931 110.50000000000001 115.50000000000001 0.012334992019313986 -0.01833883827683121 -0.0048527482430537052 0.25327682142857461 0.0087153136342807986 0.0023736403166518222 0.0026230598416507513 0.011460611902051833 116.50000000000001 110.50000000000001 0.032375130734967124 0.0084243724940253981 -0.010422313113398507 66.500000000000014 0.010764511383428712 0.0060402801121753899 1.0898679934562596 0.0028179722444087838 0.00026245817277998181 133.50000000000003 124.50000000000001 -0.050106966953226077 -0.088178105669107651 0.0035635404901386961 0.008249132210719658
decision_type=2 2 2 2 2 2 2 2 2 2 2 2 2 2 2 2 2 2 2 2 2 2 2 2 2 2 2 2 2 2
left_child=2 7 22 -4 8 6 -3 -2 -5 10 11 -10 16 14 23 -16 -8 -15 19 28 -21 -22 -1 -14 25 -7 -27 -20 -9 -30
right_child=1 5 3 4 -6 24 12 18 9 -11 -12 -13 13 17 15 -17 -18 -19 27 20 21 -23 -24 -25 -26 26 -28 -29 29 -31
leaf_value=-0.047614946896271083 0.46881765419681565 0.061039989889068003 -0.027705258441128252 -0.050792324204254863 -0.021854370003488357 0.05347937779828859 0.0093825356895378825 -0.020464832018199177 0.29589157348641709 0.14024699860201162 0.26521837892046313 0.87470398349606127 0.06500962936745705 0.42476049391878867 -0.027878285087114676 0.22394811682146762 0.039057575276039286 7.9270457504351831e-05 0.41728650998640754 1.3064735823332663 -0.05065093844288996 0.7558212822710012 -0.028181475299765391 0.0092960789061033462 0.019630163261518688 0.041378157072462507 0.16657860692828616 -0.022517187171020778 0.029004024833595834 0.22820223718542709
leaf_weight=681.77161711547524 0.38459291867911716 151.00558227207512 37.393549998756498 0.99321760190650632 6.588385248091071 173.06626824010164 358.28951896727085 16.664399439934648 0.57220838684588649 3.3912025899626315 3.3343496187590063 0.59183630207553506 75.485326538793743 0.41971669252961774 1.8770605335012058 6.2408913113176823 122.01426952052861 42.537862570025027 0.32045016344636579 0.22107044374570139 0.60279147978872061 0.24799404013901949 255.9984206748195 28.829952606000006 39.18285787012428 7.875174235552552 18.544842768460512 133.78361958311871 10.055599788669495 2.6866838508285573
leaf_count=107642 25 3690 4750 97 750 4401 22983 1936 32 82 57 22 3146 16 56 43 3704 2208 22 21 50 20 34474 1127 1617 64 298 14504 1038 215
internal_value=-0.00140435 0.0300735 -0.0392278 0.0154451 0.119738 0.0365591 0.0305667 -0.0102381 0.224758 0.259447 0.349308 0.590178 0.023328 0.0431315 0.0579952 0.16572 0.0169211 0.00422862 -0.0113576 0.0331202 0.415849 0.184426 -0.0423099 0.0496119 0.0563109 0.0635157 0.129259 -0.0214662 0.01917 0.0710046
internal_weight=2180.97 1190.34 990.635 52.8647 15.4712 1025.37 786.7 164.967 8.88281 7.8896 4.49839 1.16404 635.695 155.391 112.433 8.11795 480.304 42.9576 164.583 30.4785 1.07186 0.850786 937.77 104.315 238.669 199.486 26.42 134.104 29.4067 12.7423
internal_count=209090 61184 147906 5790 1040 43353 36973 17831 290 193 111 54 33283 6596 4372 99 26687 2224 17806 3280 91 70 142116 4273 6380 4763 362 14526 3189 1253
is_linear=0
shrinkage=0.05


Tree=13
num_leaves=31
num_cat=0
split_feature=11 4 11 1 28 2 13 13 28 2 6 28 7 13 13 28 2 11 13 1 13 1 13 2 13 13 11 14 13 13
split_gain=949.779 108.016 56.2175 39.8619 57.3092 32.4572 31.6116 91.1224 56.0751 42.8473 29.4059 28.4576 62.5174 28.1706 129.055 45.9484 32.6323 27.5409 26.4314 27.5712 44.6525 25.9603 25.1944 24.7143 25.0493 81.1857 101.837 32.5465 39.9656 46.639
threshold=0.0030108729931189317 0.0034531470726730878 0.0021156602175770975 0.012334992019313986 -0.016852808274214079 -0.010398316394480243 279.50000000000006 274.50000000000006 0.0010039903779334304 0.00044563655577800626 0.0015528076286672177 0.0022132566688193608 0.00089554276468922008 273.50000000000006 279.50000000000006 -8.7663402104336635e-05 0.0039109395698212488 0.023015817449111915 323.50000000000006 0.010764511383428712 329.50000000000006 0.0051013332558847999 244.50000000000003 0.0092733804278115634 316.50000000000006 318.50000000000006 0.0067705185787493597 46.500000000000007 326.50000000000006 329.50000000000006
decision_type=2 2 2 2 2 2 2 2 2 2 2 2 2 2 2 2 2 2 2 2 2 2 2 2 2 2 2 2 2 2
left_child=2 18 22 4 5 -3 7 -4 -9 11 23 12 -10 -12 15 -15 -17 21 -2 -20 -21 -16 -1 -6 -25 26 -26 -27 -29 -30
right_child=1 3 6 -5 10 -7 -8 8 9 -11 13 -13 -14 14 17 16 -18 -19 19 20 -22 -23 -24 24 25 27 -28 28 29 -31
leaf_value=0.27231453991100896 -0.019844043228791436 0.046611940536352675 -0.035248722390263131 0.051145123412246855 0.0039932277223352968 0.12106747519391854 -0.028290382733083843 -0.012079232356905193 1.0275874949997803 0.1201141011949291 0.0085927009776047055 0.20615337531292985 0.1724544077777849 -0.009821664324280735 0.014615888394816191 0.37117014244370194 0.18143749897435935 0.092498735783347996 0.019317675361716389 0.60360424453225292 0.062000098831535622 0.062594138573412006 -0.046678389023032514 0.015420508793265252 0.54159884614046383 -0.031791897545834176 0.025893316832575952 0.0023868210070730408 0.35700938967360302 0.092403694001400402
leaf_weight=0.61954669794067641 131.92114163981751 161.37023312784731 35.535401558503509 249.25014247559011 264.8087190175429 16.097269704565406 210.31685091601685 7.7088971189223257 0.41690685227513213 11.586319521535186 77.569996382109821 1.1194147155620155 0.43857772648334503 2.3403834812343129 118.33520019985735 3.1213129879906747 8.2723564039915782 17.331716498360038 30.044232621323321 0.53431337513029475 1.3224801230244336 37.012838572263718 685.07610287703574 67.13026490341872 1.9239450376480811 10.241644276306035 1.9053029539063571 9.2276162402704376 2.0813584150746456 8.3305905433371645
leaf_count=71 14550 4084 4650 6380 16044 295 28238 820 24 573 4003 33 18 124 5617 44 103 379 3190 25 66 1523 113479 3185 52 539 81 416 100 384
internal_value=-0.00140236 0.0278086 -0.0388098 0.0336671 0.0282696 0.0533655 -0.0193512 0.0137451 0.0955978 0.156807 0.0211961 0.372077 0.58919 0.0339132 0.0444494 0.191966 0.233415 0.0327168 -0.00996786 0.0308734 0.217853 0.0260471 -0.0463902 0.0120149 0.0330798 0.0682461 0.285001 0.0404691 0.0781518 0.145299
internal_weight=2172.99 1220.17 952.818 1056.35 807.101 177.468 267.122 56.8055 21.2701 13.5612 629.633 1.9749 0.855485 263.984 186.414 13.7341 11.3937 172.68 163.822 31.901 1.85679 155.348 685.696 365.649 100.841 33.7105 3.82925 29.8812 19.6396 10.4119
internal_count=209090 61184 147906 43353 36973 4379 34356 6118 1468 648 32594 75 42 11793 7790 271 147 7519 17831 3281 91 7140 113550 20801 4757 1572 133 1439 900 484
is_linear=0
shrinkage=0.05


Tree=14
num_leaves=31
num_cat=0
split_feature=11 4 3 13 13 1 3 13 13 3 4 2 2 2 3 4 0 13 13 13 5 3 12 15 13 3 28 7 27 3
split_gain=870.096 93.408 63.0393 71.5022 53.9221 33.1275 48.2148 55.1338 152.333 146.581 155.407 102.959 43.2318 36.8842 46.6175 29.33 25.9311 25.8405 82.664 32.5975 30.6252 48.9823 28.6659 28.1188 25.2065 40.8736 43.4004 44.1536 33.695 26.3901
threshold=0.0030108729931189317 0.0034531470726730878 0.013605724940237931 279.50000000000006 274.50000000000006 0.013498484940353441 -0.043182078935607209 273.50000000000006 279.50000000000006 0.0085264188099052358 0.0044819576132488605 0.0063072685375333845 0.012505850274301513 0.002484223830033994 0.02399289107821068 0.0027791210943657278 0.010716831438457699 250.50000000000003 256.50000000000006 319.50000000000006 0.00059564632256757673 -0.059677876107607213 0.66687142857143111 0.17699114730991219 245.50000000000003 -0.01781114547677853 -0.010031615019371198 0.001593140621078355 39482.500000000007 0.060239567547387247
decision_type=2 2 2 2 2 2 2 2 2 2 2 2 2 2 2 2 2 2 2 2 2 2 2 2 2 2 2 2 2 2
left_child=2 -2 15 4 -4 6 17 24 9 -9 11 -11 16 -12 -15 -1 -10 -3 20 -20 21 23 -21 -19 25 -8 27 -27 29 -28
right_child=1 5 3 -5 -6 -7 7 8 12 10 13 -13 -14 14 -16 -17 -18 18 19 22 -22 -23 -24 -25 -26 26 28 -29 -30 -31
leaf_value=-0.047461324749889233 -0.0096003825187795933 0.012879909244781225 -0.020101375134642517 -0.026238690187073477 0.16344158420738028 0.047573777830762519 -0.018227844673552401 -0.045346685181140947 0.0087101897764818581 1.082704830181032 0.28340844228212086 0.34152487266185133 0.046869074126087151 -0.043864581700911391 0.16433555857512808 -0.027115604095261911 0.10845301927582114 0.41911938393193626 0.030230782372736027 0.031314982968784877 0.10776278927238631 0.67002096627818686 0.18954602157859346 0.040959600453281141 -0.01540452737451551 0.042766363271679042 0.014607068135500901 0.64355854272889579 0.49411191349028194 0.22787754787355677
leaf_weight=615.76564638363197 162.33570579672232 46.308705872856081 6.2360746227204826 35.16396545805037 11.167683264706282 237.40163589641452 13.697548818774523 8.5220033237710577 316.22171694971621 0.74670463986695113 4.5938014229759601 1.2578230351209638 111.56912324950099 3.3363707708194879 13.847925381734965 248.66919974517077 6.6533500067889682 0.74059889279306013 130.93220161553472 5.2337297042831761 34.876660655252635 0.62378683965653081 6.3173127863556147 1.4619179200381038 130.11415615305305 0.53188176825642475 7.6158007206395233 0.71950555685907602 0.45864481199532825 1.7917646709829567
leaf_count=106391 17831 1781 750 4750 290 5745 733 544 16867 29 55 32 4031 74 91 35725 146 21 3567 107 862 34 110 40 7909 25 410 30 26 84
internal_value=-0.001398 0.0257743 -0.0383757 0.0147858 0.0976749 0.0310642 0.0264433 0.0192477 0.0278264 0.132578 0.196333 0.617621 0.0200373 0.157556 0.123913 -0.0416085 0.0107655 0.0461935 0.0547552 0.0373342 0.120591 0.27889 0.117852 0.168116 -0.00659697 0.039584 0.110812 0.388202 0.0756288 0.0552266
internal_weight=2164.91 1247.91 917.003 52.5677 17.4038 1085.57 848.173 621.678 466.749 32.3046 23.7826 2.00453 434.444 21.7781 17.1843 864.435 322.875 226.495 180.186 142.483 37.703 2.8263 11.551 2.20252 154.929 24.8151 11.1176 1.25139 9.86621 9.40757
internal_count=209090 61184 147906 5790 1040 43353 37608 31086 21869 825 281 61 21044 220 165 142116 17013 6522 4741 3784 957 95 217 61 9217 1308 575 55 520 494
is_linear=0
shrinkage=0.05


Tree=15
num_leaves=31
num_cat=0
split_feature=4 10 10 28 1 4 29 9 18 12 7 4 28 28 12 13 14 29 18 14 2 9 18 14 3 18 4 30 1 29
split_gain=720.662 91.0169 72.812 39.3496 45.249 32.5739 31.0462 23.6329 24.8808 23.4607 22.5677 33.4705 22.3924 22.4844 22.0608 21.7962 21.4163 19.8588 23.8464 20.9549 19.0223 28.8955 25.182 25.1265 24.5125 18.082 17.5924 17.0877 30.5153 19.8115
threshold=0.0035973012038215172 0.0034128345704729419 0.0021175300446425595 0.0047523491881504001 -0.010934474935941961 0.012235174897661148 0.45529491997470733 0.86987147396708131 8.069521268099911e-06 3.4129428571428675 0.00062067742507537055 0.013295522103160559 -0.01833883827683121 0.022467923740809404 0.98213214285714356 262.50000000000006 108.50000000000001 -0.26246275717158241 0.0048520647773876409 97.500000000000014 -0.0018098257085176759 1.1756636229940292 0.00011048124910784969 72.500000000000014 -0.013988014368251809 0.00045209319311935101 0.0030314671767077881 -0.30680247523500898 0.011460960031105529 0.39205843182509853
decision_type=2 2 2 2 2 2 2 2 2 2 2 2 2 2 2 2 2 2 2 2 2 2 2 2 2 2 2 2 2 2
left_child=2 3 -1 4 20 7 25 8 -3 26 11 17 -9 -14 -12 -15 -17 19 -19 -7 24 23 -23 -22 -2 27 -4 28 -5 -30
right_child=1 5 9 6 -6 10 -8 12 -10 -11 14 -13 13 15 -16 16 -18 18 -20 -21 21 22 -24 -25 -26 -27 -28 -29 29 -31
leaf_value=-0.044003446929995242 0.06560973834994839 0.045541612977884435 -0.023598341403626225 0.050349238312309003 -0.016637702556394251 0.16621934521511716 -0.014027402164067905 0.046307830399576692 0.011700570995267966 0.10095919792489981 0.058727833198605521 0.061408288485501498 0.0083536895922653228 -0.013427931218151688 0.018553439110886426 0.052080708477961382 0.16877603645535988 0.060172105058698883 0.2683621105665483 0.51818804912109784 0.36747625647693544 0.5777628114001333 0.072623872740900083 -0.051142700219743646 -0.038544702431615924 0.002253646052213508 0.0063530350742133715 0.045756765267287829 0.52216947822412008 0.16726127357402637
leaf_weight=682.31145929219201 19.48299020156265 226.14159732824191 144.93775169691071 2.9416091940365723 224.29663450550288 0.91190214082598664 37.580415900796652 61.27502413932234 71.483667896594852 4.5730317104607812 80.757398045621812 29.544570428319275 280.83074924396351 10.397825985215603 59.236719963140786 24.321154141798619 4.6898100003600112 3.7920206310227504 2.1583139719441533 0.78856170549988747 0.47815852379426305 0.6345979645848272 0.403658052906394 1.4318499499931929 7.9557409025728694 24.377972154412419 74.08757170336321 68.004171134904027 0.69606308080255963 0.90373353566974401
leaf_count=120679 968 7856 18880 247 22931 21 2678 1571 2758 295 1360 521 11789 405 1100 593 61 95 46 21 35 25 20 84 597 1536 7807 3914 23 25
internal_value=-0.00195712 0.0227226 -0.0358888 0.00267339 -0.00888048 0.0318346 0.0245507 0.0268535 0.0374137 -0.0111267 0.0509264 0.0855446 0.0186154 0.0133167 0.0417286 0.0486838 0.0709453 0.17875 0.135687 0.329439 0.0483782 0.169064 0.381373 0.0536559 0.0354106 0.0395087 -0.013467 0.0520277 0.145931 0.32168
internal_weight=2151.43 1245.52 905.91 389.188 254.684 856.329 134.504 679.14 297.625 223.598 177.189 37.1954 381.515 320.24 139.994 39.4088 29.011 7.6508 5.95033 1.70046 30.387 2.94826 1.03826 1.91001 27.4387 96.9235 219.025 72.5456 4.54141 1.5998
internal_count=208941 61280 147661 33083 24660 28197 8423 25033 10614 26982 3164 704 14419 12848 2460 1059 654 183 141 42 1729 164 45 119 1565 5745 26687 4209 295 48
is_linear=0
shrinkage=0.05


Tree=16
num_leaves=31
num_cat=0
split_feature=11 4 3 13 13 4 11 9 8 4 18 1 11 3 6 13 13 3 13 4 2 13 13 12 11 2 13 29 2 9
split_gain=722.057 79.7146 69.1945 72.4077 55.765 34.7078 25.0115 22.6262 23.9118 21.3396 24.7254 21.8686 30.4014 21.1278 31.5801 24.1506 36.328 118.989 109.955 74.2891 46.949 31.7893 31.5833 70.6402 123.244 30.7927 29.1112 24.9983 22.8503 24.065
threshold=0.0029792203720466698 0.0057880190807146573 0.013605724940237931 279.50000000000006 273.50000000000006 0.0030314671767077881 0.0020613383851268243 1.1756636229940292 0.62007474143223373 0.012235174897661148 0.00054634884489292244 -0.016913143350463119 0.003623464289855406 -0.046425643956555233 0.0044012844657964839 263.50000000000006 279.50000000000006 0.018758796066468245 274.50000000000006 0.0043871937641992388 0.025592625732906441 317.50000000000006 318.50000000000006 0.84790714285715152 0.0055985205369651339 0.023105014839910457 265.50000000000006 0.63783044312086046 0.068378922163879655 1.4485793785294792
decision_type=2 2 2 2 2 2 2 2 2 2 2 2 2 2 2 2 2 2 2 2 2 2 2 2 2 2 2 2 2 2
left_child=2 5 6 4 -4 -2 -1 8 -6 10 -3 12 -12 14 -7 -15 17 20 26 -20 -17 28 23 -23 -25 -24 -19 -27 -18 -30
right_child=1 9 3 -5 7 13 -8 -9 -10 -11 11 -13 -14 15 -16 16 21 18 19 -21 -22 22 25 24 -26 27 -28 -29 29 -31
leaf_value=-0.047026353300908784 -0.018112334897251482 0.03317314411804155 -0.040942304581979144 -0.026205895033333898 0.012310577594011685 0.038330451770200134 -0.027341945999374385 -0.025419525264166201 0.20620356531401962 0.046275691908694211 0.3468012770885292 0.0034601329382000501 0.045879070061025463 -0.014729755548260918 0.37799167771207909 -0.017569617681988718 -0.016293084753859662 0.18924748842856631 0.55740670609574694 0.20152631436985202 0.36750178158212954 0.0073249889776945843 0.014959832247183592 0.89280172538941993 0.073371298786786304 0.099354992605314163 -0.035349721833915486 0.43981470294498415 0.21014513034231408 -0.051514912385259438
leaf_weight=570.21910838363692 114.18437431473285 434.52138535585254 5.2617939296178546 33.075656589586288 1.894253980834036 51.381363335996866 225.071063129697 1.5977877075783897 9.9035657220520061 187.35577229037881 0.87709744740277784 143.07990922871977 19.484975129365921 83.464712067041546 0.69355997070670028 22.588978143874559 99.402759827207774 2.1855367035604996 2.3519621966406703 3.894711809232831 0.8203049823641767 3.4033280131407073 111.60947661241516 0.74035395216196764 1.2068584584631024 4.6204252354800692 4.2450682749040425 0.61038846429437388 2.2946937102824445 1.4240362420678137
leaf_count=108029 13747 13148 697 4694 69 2524 33278 72 216 3208 29 4860 604 6040 17 1833 6682 51 39 34 14 246 8174 33 80 160 181 23 104 55
internal_value=-0.00190807 0.0215487 -0.0378107 0.0182214 0.0969816 0.00618054 -0.0414556 0.151158 0.175072 0.0315511 0.0269375 0.0103597 0.0588413 0.0131687 0.0428542 0.00868613 0.0161628 0.0627385 0.186115 0.33552 -0.004076 0.00870316 0.0259565 0.144746 0.384929 0.0205167 0.040983 0.139084 -0.0117407 0.109946
internal_weight=2143.47 1296.44 847.023 51.7331 18.6574 511.123 795.29 13.3956 11.7978 785.319 597.963 163.442 20.3621 396.939 52.0749 344.864 261.399 36.0866 12.6773 6.24667 23.4093 225.312 122.191 5.35054 1.94721 116.84 6.4306 5.23081 103.121 3.71873
internal_count=208941 61886 147055 5748 1054 40037 141307 357 285 21849 18641 5493 633 26290 2541 23749 17709 2152 305 73 1847 15557 8716 359 113 8357 232 183 6841 159
is_linear=0
shrinkage=0.05


Tree=17
num_leaves=31
num_cat=0
split_feature=11 10 3 14 10 13 28 1 13 13 3 28 3 15 11 3 11 12 9 11 3 13 13 13 10 13 15 30 28 12
split_gain=666.226 70.7366 62.8989 74.4737 48.3053 35.5441 33.5216 38.3592 34.095 58.6922 70.6084 81.6095 131.253 58.322 107.753 88.2175 44.4886 84.9122 38.3768 29.509 46.5365 36.4379 35.8452 41.8514 32.5325 26.5018 26.3687 25.6163 37.4231 43.6603
threshold=0.0027500512995702292 0.0034128345704729419 0.016421255555622908 99.500000000000014 0.0047192299763114138 273.50000000000006 0.00428980791466057 -0.011623491210300983 324.50000000000006 329.50000000000006 0.010137375491080626 0.0087716065100717864 0.0015341737206072683 0.42016214650390488 0.003958977815161688 0.018758796066468245 0.0029476844113341069 0.36730000000000124 0.71174528160089945 0.0049573296827857636 0.026813273103183825 250.50000000000003 281.50000000000006 295.50000000000006 0.0064715223398662466 297.50000000000006 0.35252915108863792 0.44715209437289116 -0.013793407961884583 1.1418343214285718
decision_type=2 2 2 2 2 2 2 2 2 2 2 2 2 2 2 2 2 2 2 2 2 2 2 2 2 2 2 2 2 2
left_child=2 6 4 -4 -1 -5 7 -2 -8 10 11 -10 -13 14 -11 -16 17 -12 -17 20 -3 27 24 -24 -23 -25 -7 -21 29 -29
right_child=1 19 3 5 -6 26 8 -9 9 13 16 12 -14 -15 15 18 -18 -19 -20 21 -22 22 23 25 -26 -27 -28 28 -30 -31
leaf_value=-0.042471625805097862 0.046176862043220385 -0.00022203285050124207 -0.046876858468637393 -0.05043947823527048 0.31089375801714797 0.33913449865169781 0.005869091673603913 -0.015357853795176991 0.16687038643026098 -0.0017035436498113378 1.3865973479366411 0.12098034105652655 1.1605405384196541 0.010854919361516877 -0.050924755796352687 0.56773914942298565 -0.0009331762723781312 -0.050417466510442321 1.2094429791803585 -0.0036791744665460161 0.06547212857569483 0.043616821471201807 -0.044201331609126635 0.15218392318269783 0.099357486357137814 0.031969185645958569 0.12237404250899633 0.25013477883702728 0.011462281688706761 0.0087055849577567616
leaf_weight=736.99263087753206 28.351319695822895 174.49661239190027 14.212206349708142 2.632446287199854 0.96840455569326778 1.6362058385275293 114.14690692396834 237.35107270861045 2.0644731516949828 2.0384575352072711 0.17396166874095786 0.56226162472739794 0.66010393248870969 32.953954743221402 0.40034292778000213 0.5649026888422668 3.9311373424716294 0.25129662081599236 0.3965440858155489 104.15062697697431 31.883047331124544 87.373264770023525 18.161794839426875 4.6305071990936986 37.373502545058727 462.28671960253268 9.8452994301915151 4.3057135418057468 16.738022175617516 3.3138400409370661
leaf_count=137726 1430 9749 1995 352 103 37 7803 24446 167 189 21 19 34 2227 26 22 236 33 20 4306 697 2438 525 73 470 12434 260 154 827 122
internal_value=-0.00187348 0.0190272 -0.0392014 0.0339157 -0.0420079 0.115271 0.0020563 -0.0087919 0.0202826 0.0576771 0.183623 0.358581 0.682365 0.0311977 0.228352 0.572722 0.0516199 0.537426 0.832407 0.0266413 0.00992688 0.0313133 0.0364122 0.0302648 0.0603164 0.0331614 0.153264 0.00711647 0.0532776 0.145134
internal_weight=2134.85 1368.56 766.287 28.3262 737.961 14.114 423.847 265.702 158.144 43.9974 7.64323 3.28684 1.22237 36.3542 3.40025 1.36179 4.3564 0.425258 0.961447 944.714 206.38 738.334 609.826 485.079 124.747 466.917 11.4815 128.508 24.3576 7.61955
internal_count=208941 68468 140473 2644 137829 649 36673 25876 10797 2994 510 220 53 2484 257 68 290 54 42 31795 10446 21349 15940 13032 2908 12507 297 5409 1103 276
is_linear=0
shrinkage=0.05


Tree=18
num_leaves=31
num_cat=0
split_feature=11 4 3 14 4 13 1 11 12 3 3 13 3 13 13 3 14 4 3 27 1 13 13 13 11 5 1 3 13 15
split_gain=615.244 76.1547 59.1315 63.274 32.5121 29.3492 21.3132 20.8552 19.3656 20.7087 18.6401 19.195 31.8097 51.5304 66.4988 40.6365 36.4008 30.713 18.4612 30.9246 17.1329 15.8722 33.6084 26.028 59.55 35.3117 35.1303 60.2576 122.027 72.187
threshold=0.0027500512995702292 0.0057880190807146573 0.016421255555622908 110.50000000000001 0.0030314671767077881 273.50000000000006 0.0013483488836026904 0.0020613383851268243 0.90394285714285982 0.092325586635149351 -0.046425643956555233 263.50000000000006 0.00052521371363156721 279.50000000000006 274.50000000000006 0.018758796066468245 125.50000000000001 0.0039154723772841984 0.092325586635149351 3.3578438980629319 0.017119076621270327 324.50000000000006 339.50000000000006 335.50000000000006 0.0038200180677907488 0.0034043518992476697 0.0034534240591288516 0.0072341607565011854 328.50000000000006 0.8108107888970103
decision_type=2 2 2 2 2 2 2 2 2 2 2 2 2 2 2 2 2 2 2 2 2 2 2 2 2 2 2 2 2 2
left_child=2 4 7 -4 18 -5 -7 -1 9 -3 -6 -12 20 14 16 -16 -14 -17 -2 -20 -13 -15 23 26 -25 -26 -23 28 29 -28
right_child=1 8 3 5 10 6 -8 -9 -10 -11 11 12 13 21 15 17 -18 -19 19 -21 -22 22 -24 24 25 -27 27 -29 -30 -31
leaf_value=-0.046651076815323246 -0.019986419459934426 0.031697075165380263 -0.043341449001515882 -0.050417969904064545 0.037203328579882872 0.2383898633276228 0.093512919790638582 -0.026937844392338095 0.019000525691448798 0.077709164592285856 -0.014979021952816893 -0.0094503122566861799 -0.014331528903455759 -0.00010464276651799654 0.040263028351843519 0.3847186544323688 0.16497626445614005 0.17498983556840228 -0.050448611274769295 0.6261186206587861 0.19903574271004706 -0.028726721330164226 -0.0035130932712023021 -0.030974016268411134 0.2117026509545209 0.60533261849286424 0.15489672640549212 0.038424635902553059 0.0081814362069504362 0.91614451332129532
leaf_weight=528.18394580576569 127.77129539148882 425.37828545924276 14.211277909111233 2.5051016579382113 55.162558569572866 3.6559909791685632 8.3058422049507481 179.84896390745416 377.95302945980802 25.9454345414415 84.044407942797989 118.49441611440852 13.653264382388448 86.161667156033218 3.820576927624642 2.4786699526011926 3.5706551368348292 5.9022948183119297 0.3942558285780241 0.29547795420512557 0.99367161188274522 9.0622629942372495 29.498378282878548 2.5319524873048058 3.4028850328177214 0.68432439398020495 0.48260539118200474 9.4563605692237598 1.6693304483778773 0.87795828096568584
leaf_count=109179 16205 12151 2080 352 2541 62 150 28650 9977 409 6219 9911 977 5538 235 34 129 48 47 26 28 715 2251 228 129 24 28 485 97 36
internal_value=-0.00185412 0.0177281 -0.0387928 0.0315925 0.00348982 0.105202 0.137793 -0.0416437 0.02735 0.0343422 0.0100575 0.00608323 0.0121301 0.0258178 0.0861044 0.175409 0.0228404 0.237017 -0.0185938 0.239389 -0.00771653 0.0134838 0.033787 0.0728493 0.15957 0.277608 0.0462109 0.100599 0.294647 0.646122
internal_weight=2126.4 1389.69 736.711 28.6782 560.409 14.4669 11.9618 708.033 829.277 451.324 431.948 376.786 292.741 173.253 29.4255 12.2015 17.2239 8.38096 128.461 0.689734 119.488 143.828 57.6661 28.1677 6.61916 4.08721 21.5485 12.4863 3.02989 1.36056
internal_count=208941 68468 140473 2644 45931 564 212 137829 22537 12560 29653 27112 20893 10954 1423 317 1106 82 16278 73 9939 9531 3993 1742 381 153 1361 646 161 64
is_linear=0
shrinkage=0.05


Tree=19
num_leaves=31
num_cat=0
split_feature=4 10 3 28 13 10 18 13 13 4 12 1 1 13 12 28 27 13 13 13 10 13 3 3 1 5 13 13 28 4
split_gain=537.398 80.4842 39.1767 35.2608 29.2597 29.1704 28.3857 29.6805 115.12 29.8849 29.641 27.7652 25.2278 24.304 22.9861 30.6655 22.8643 24.0153 23.1346 49.1622 48.9081 32.0599 60.8551 49.9642 27.6771 22.2983 20.9741 21.5241 25.8629 22.7575
threshold=0.0030314671767077881 0.0034128345704729419 0.011005538932230554 -0.016852808274214079 364.50000000000006 0.0026683120330423882 9.9774353175567646e-05 273.50000000000006 279.50000000000006 0.0053246910359781427 0.56487142857143124 0.0054839739099117333 -0.0012285515397973954 339.50000000000006 0.34885357142857193 0.00030646568496785551 22368.500000000004 250.50000000000003 281.50000000000006 295.50000000000006 0.0068176792817434733 274.50000000000006 0.0089580571330971654 -0.024746773362094295 0.020187808510947595 0.00042805500976010944 297.50000000000006 308.50000000000006 0.034090428257588144 0.0070588843265550613
decision_type=2 2 2 2 2 2 2 2 2 2 2 2 2 2 2 2 2 2 2 2 2 2 2 2 2 2 2 2 2 2
left_child=5 2 3 4 -2 -1 7 -4 10 -10 -9 -5 -12 16 15 -11 17 -3 20 -20 21 23 -23 25 -25 -19 -21 28 -28 -30
right_child=1 13 6 11 -6 -7 -8 8 9 14 12 -13 -14 -15 -16 -17 -18 18 19 26 -22 22 -24 24 -26 -27 27 -29 29 -31
leaf_value=-0.043021118839751953 0.035373040822818266 0.0055884357197388242 -0.0085802311552702626 -0.022815405124742508 0.32052151334344692 -0.010187912232970012 -0.01512294054289335 0.071088022976232582 -0.005529804656711935 0.50817904024010607 0.37850215945279159 0.014319941838803571 0.18192479108850385 4.7952626772372878e-05 0.035453475155705703 0.11268475090077229 0.074605438298427654 0.20091700850816829 -0.045733663461610889 0.11956244194955441 0.094885538973336347 -0.05391060757880084 0.11963448643932831 -0.020951622136240824 0.13475847917599759 0.04806950583130444 0.010866242995533074 0.035448098216364902 0.27758246714486434 0.061225955830853822
leaf_weight=584.2876825244166 24.504827221389863 135.30647158203647 31.491868496872485 250.8587868064642 0.9339237492531528 76.505858974531293 42.901211067568511 4.8836511420086017 41.878035916015506 0.53562564682215708 2.0314671392552546 62.969341994263232 8.3025128906592709 98.596691387239844 18.13286219490692 5.7700165435671806 23.7738754786551 2.5220007728785268 24.492608352098614 6.0200698394328347 37.686944381333888 6.6375744654797044 21.138451000209898 55.637192463967949 3.008119197562336 44.292883361689746 225.04259283933789 265.91236414760351 1.3663167171180237 11.004611633718012
leaf_count=120935 822 5519 2192 32942 23 8680 3040 105 4061 22 28 4813 82 4207 712 248 459 57 1015 125 399 378 199 2516 36 951 6300 7879 44 152
internal_value=-0.00181707 0.0151388 -0.00124068 -0.0107749 0.0458416 -0.0392197 0.019504 0.0326473 0.048571 0.0201109 0.172597 -0.0153642 0.220568 0.0235664 0.0640489 0.14628 0.0262507 0.0248823 0.0285865 0.0234605 0.0445962 0.0303715 0.0781628 0.0177842 -0.0129647 0.0563037 0.0267878 0.0256782 0.0147355 0.0851216
internal_weight=2118.43 1457.63 495.194 339.267 25.4388 660.794 155.927 113.026 81.5342 66.3165 15.2176 313.828 10.334 962.439 24.4385 6.30564 863.842 840.068 704.762 533.839 170.923 133.236 27.776 105.46 58.6453 46.8149 509.346 503.326 237.414 12.3709
internal_count=208941 79326 49090 38600 845 129615 10490 7450 5258 5043 215 37755 110 30236 982 270 26029 25570 20051 15515 4536 4137 577 3560 2552 1008 14500 14375 6496 196
is_linear=0
shrinkage=0.05


Tree=20
num_leaves=31
num_cat=0
split_feature=11 10 6 10 3 13 2 12 28 7 7 11 14 13 14 30 13 30 30 13 12 28 2 13 28 2 11 11 8 11
split_gain=542.316 56.3027 54.7518 39.8784 23.9572 50.9198 33.5701 23.4297 22.8437 21.8281 20.1974 19.0215 78.0304 22.179 30.188 69.6413 32.8694 22.2157 52.4267 21.0699 47.4194 22.2492 18.5945 18.4076 18.0608 25.8058 25.5863 22.7152 16.193 15.7466
threshold=0.0025561598466342515 0.0048457613725287523 0.001618218967745849 0.0043133768247805718 0.012349026091984407 290.50000000000006 -0.00072208405103618689 0.8616749999999993 0.0033058815653966961 0.0018504811250924849 0.0012291052114060598 0.0067705185787493597 66.500000000000014 255.50000000000003 136.50000000000003 0.49803891280063162 254.50000000000003 0.1472153827721521 -0.077294940137497478 246.50000000000003 1.2702500000000025 -0.0090648954436915053 0.090031721845268101 300.50000000000006 -0.01243690042114461 -0.011122065167274873 0.0060558935954563775 0.0053244078171518832 1.7251159493737227 0.030655326901304982
decision_type=2 2 2 2 2 2 2 2 2 2 2 2 2 2 2 2 2 2 2 2 2 2 2 2 2 2 2 2 2 2
left_child=1 4 3 8 -1 6 -6 9 10 22 -2 -12 -13 14 15 16 17 18 -14 20 21 -16 -4 -11 25 -9 27 -27 -25 -26
right_child=2 -3 7 -5 5 -7 -8 24 -10 23 11 12 13 -15 19 -17 -18 -19 -20 -21 -22 -23 -24 28 29 26 -28 -29 -30 -31
leaf_value=-0.043118865042910015 -0.022854539004429762 0.53269786670445751 0.024318226082192442 0.018802147192804177 0.3402992478222242 -0.046209043091451726 0.050802313192246387 0.022549342588794818 0.010479005312351131 0.019548797155866979 -0.010652208810605518 0.44751268921124376 0.11272056155220743 -0.0067816637044503447 0.75324055732154038 0.80904069249501609 -0.0080895984388033703 -0.051006198360665361 0.8207926348762058 -0.01190366995466679 -0.052355428976968703 0.21037612747696532 0.1451380663434865 0.072698862039830697 0.0038496845865592828 0.052816033700977622 0.067398098031050888 0.38122360452574666 -0.0041955016708989335 0.061020367090110307
leaf_weight=595.8841376490891 167.23896476533264 0.42848000302910705 194.55690329568461 396.73531783604994 1.0844484097324318 24.413701339159161 13.075046039186415 73.430810268968344 194.07912220573053 29.000664593651891 72.20178286684677 1.1010917108505953 0.60940693458542272 25.260526295751333 0.37297875294461846 0.40701464377343644 2.0829514656215906 0.33359354222193349 0.45780549570918017 7.5170349543914199 0.94963246118277311 0.3821059693582336 3.2375440867617717 76.082577758934349 178.49940440338105 0.87125999014824573 13.419258441776035 1.3307946333661673 7.5236994307488194 12.915774356573818
leaf_count=128187 18817 32 8777 13236 31 4378 1008 1565 13880 881 6580 37 36 1479 20 29 75 24 22 449 41 22 61 1472 6529 30 216 23 126 223
internal_value=-0.00167909 -0.0402599 0.015091 0.00711188 -0.0406469 -0.00245907 0.0729743 0.026836 -0.00269362 0.0363003 -0.0118596 0.00460572 0.0325138 0.0206057 0.0733659 0.190163 0.117859 0.305139 0.416464 0.0240876 0.182793 0.478527 0.0262958 0.053873 0.0163616 0.0349637 0.0933199 0.251287 0.0657792 0.00770729
internal_weight=2095.48 634.886 1460.6 869.729 634.457 38.5732 14.1595 590.869 472.994 310.401 278.915 111.676 39.4741 38.3731 13.1125 3.89077 3.48376 1.40081 1.06721 9.22175 1.70472 0.755085 197.794 112.607 280.467 89.0521 15.6213 2.20205 83.6063 191.415
internal_count=208286 133636 74650 54747 133604 5417 1039 19903 41511 11317 27631 8814 2234 2197 718 186 157 82 58 532 83 42 8838 2479 8586 1834 269 53 1598 6752
is_linear=0
shrinkage=0.05


Tree=21
num_leaves=31
num_cat=0
split_feature=11 4 10 4 13 3 2 3 5 13 29 6 12 28 28 29 13 13 13 4 8 3 13 3 8 12 27 29 2 1
split_gain=503.536 63.9956 32.7642 27.5268 23.7482 58.74 72.0923 65.1474 69.449 23.6275 24.289 20.1754 23.6023 19.9515 30.7495 22.8914 25.8226 18.7797 21.7782 18.1806 35.9728 18.884 17.7501 14.7803 14.1429 14.0136 13.6993 28.7371 20.3786 43.4296
threshold=0.0025561598466342515 0.005627974538403452 0.0048457613725287523 0.0022503569819600088 279.50000000000006 0.0091852852501400645 -0.0016291076837491867 0.013605724940237931 0.0010484847083754823 241.50000000000003 -0.45605513643138618 0.001618218967745849 0.8616749999999993 0.0060746337369644221 -0.010857837884582017 -0.18114970449684367 254.50000000000003 279.50000000000006 273.50000000000006 0.0026064412222266361 0.84175783321064179 -0.033336838538986162 274.50000000000006 0.02399289107821068 1.7251159493737227 1.3936607142857167 4.6689971244501072 0.71024003821466908 0.0019717310554312477 0.0096505226023639885
decision_type=2 2 2 2 2 2 2 2 2 2 2 2 2 2 2 2 2 2 2 2 2 2 2 2 2 2 2 2 2 2
left_child=2 3 4 9 5 -1 7 8 -7 10 -2 -3 24 14 -5 16 -15 18 19 20 -18 -21 -8 -20 26 -16 -13 28 29 -28
right_child=1 11 -4 13 -6 6 22 -9 -10 -11 -12 12 -14 15 25 -17 17 -19 23 21 -22 -23 -24 -25 -26 -27 27 -29 -30 -31
leaf_value=-0.042607701889111053 0.58651587924254311 0.0147743164339458 0.29843817438725295 0.026616495320981395 -0.043374584308793832 1.6999718240149626 -0.032102693118475988 0.15691139675805346 0.44058772912849337 -0.032957900994650749 -0.05061012960498338 0.038778523192011673 0.018099939347189779 -0.031797688187307507 -0.014929008574788441 0.0026670806760303776 0.07809919987275421 0.035317176007230215 0.053848876557744077 0.20264684221566812 1.0090689436158822 -0.0059220930675732307 0.080692133832725083 0.19657849229873911 -2.5050732837797078e-05 0.014032916233898365 0.04210119664296743 0.020563079349792329 0.089702665887366737 0.41033395695228814
leaf_weight=38.56571377068758 0.31339697493240237 442.28876036452129 0.71483750734478135 74.935072256717831 554.2460915944539 0.17137636896223074 5.4660417498089364 0.80529992189258337 0.30303699756041169 62.897835693787783 0.2861934769898643 181.99778129626065 224.85238656308502 10.495430565904824 223.47815144853666 89.555590925272554 0.38844059221446769 43.118718351703137 2.598034786526112 1.2744862148538221 0.14158425759524107 7.3094801683910182 9.6376915010623616 6.0090346606448293 19.562712549697608 51.367530553136021 1.5957890693098336 15.303407588042317 17.516386741772294 1.6071327440440653
leaf_count=7516 18 13590 32 4189 124778 26 901 15 16 9177 25 4357 5160 777 23087 5671 45 2595 78 29 20 456 352 46 449 4175 64 342 271 29
internal_value=-0.00164205 0.0141232 -0.0398692 0.00106706 -0.0402662 -0.00891324 0.0704016 0.430729 0.895526 -0.02998 0.282406 0.0224091 0.0297112 0.00492749 -0.00177529 0.0194995 0.0406312 0.0531259 0.0964579 0.0425926 0.326787 0.0250447 0.0398717 0.153496 0.0407003 -0.00951614 0.0443546 0.0725264 0.110907 0.22687
internal_weight=2088.8 1478.89 609.91 574.169 609.195 54.9492 16.3834 1.27971 0.474413 63.4974 0.59959 904.724 462.436 510.672 349.781 160.891 71.3352 60.8398 17.7211 9.11399 0.530025 8.58397 15.1037 8.60707 237.583 274.846 218.02 36.0227 20.7193 3.20292
internal_count=208286 74650 133636 50388 133604 8826 1310 57 42 9220 43 24262 10672 41168 31451 9717 4046 3269 674 550 65 485 1253 124 5512 27262 5063 706 364 93
is_linear=0
shrinkage=0.05


Tree=22
num_leaves=31
num_cat=0
split_feature=4 10 10 3 8 28 1 12 4 6 6 12 2 13 13 13 12 1 2 1 28 12 28 1 14 2 10 28 4 2
split_gain=430.689 60.8772 32.7893 27.2679 30.7272 25.4521 29.873 23.5706 22.2606 37.067 18.7815 20.0411 17.4502 16.237 41.8707 31.6559 23.5282 18.6141 17.1947 16.7445 15.8981 17.6536 14.3177 23.1645 22.7196 19.5214 17.8179 17.746 18.5772 15.2925
threshold=0.0030314671767077881 0.0030508811686150972 0.0026683120330423882 0.0081283638895596217 0.82776857331652265 -0.011312921773060805 0.0054839739099117333 3.0798499999999982 0.0031454745927220209 0.00020899642083689271 0.0030021940877177958 0.84790714285715152 -0.088178105669107651 311.50000000000006 272.50000000000006 279.50000000000006 3.4129428571428675 0.020187808510947595 0.023105014839910457 -0.0024617692049134217 -0.03259102845267136 0.5518892857142853 -0.013793407961884583 0.0066611497261444006 22.500000000000004 -0.0087360881397519612 0.0061646152006720771 -0.015624433817283826 0.0061705621185980213 -0.022170987407020334
decision_type=2 2 2 2 2 2 2 2 2 2 2 2 2 2 2 2 2 2 2 2 2 2 2 2 2 2 2 2 2 2
left_child=2 3 7 5 13 8 -7 -1 9 -2 22 20 -4 14 17 19 -17 -5 -15 -16 21 -12 24 29 26 -26 -3 -27 -29 -24
right_child=1 10 12 4 -6 6 -8 -9 -10 -11 11 -13 -14 18 15 16 -18 -19 -20 -21 -22 -23 23 -25 25 27 -28 28 -30 -31
leaf_value=-0.042812548497775188 0.82645109128342809 0.057538804216698158 0.46985532128225815 -0.017983401192741364 -0.0023581682890147114 -0.030482486258986211 0.016129623882662199 0.11481486790723434 0.018241913335911891 0.052924681567522308 0.033648133554876967 0.01630646166738187 -0.0075893828362743193 -0.0010882784968836703 0.35699563183647548 0.027122495211461952 0.34885278262267638 0.19160332596274049 0.19723230368256883 0.16657999037362597 0.040079390883493972 0.1798990355572665 -0.026333057763448128 0.022706716905568098 0.021014482036839817 0.052789634512954368 0.38086418162711549 0.0014563328778861104 0.26684358808458492 0.0072212707473345537
leaf_weight=516.74694817699492 0.22780269524082442 0.90798961836844572 0.19188195932656427 10.478323670569809 97.248323614709079 168.02806213544682 43.213469209615141 2.3825628492049864 37.21345291659236 0.48376424983143806 3.8663902450352889 120.8438221863471 72.980185604188591 16.94398631807417 1.4459517742507157 6.4060213351622224 0.62357194535434235 1.1785400379449118 1.1683097528293718 5.7285499866120499 118.51745728682727 4.4246383979916573 37.588365327566862 286.89312361320481 158.81131417863071 11.911150016821919 0.80288572236895561 0.94506080541759674 2.1817105766385794 351.41596537502483
leaf_count=120499 20 29 9 916 7817 25987 3585 265 2360 64 48 2525 8557 1701 33 564 26 10 29 100 2533 53 1636 7776 3868 177 13 39 45 17002
internal_value=-0.0016078 0.0127333 -0.0376724 -0.00422759 0.013325 -0.014176 -0.0209471 -0.0420891 0.023539 0.300563 0.0187576 0.0308769 -0.00633736 0.0480089 0.0734357 0.131071 0.0556621 0.00320638 0.0117041 0.204956 0.0447619 0.111697 0.0152327 0.0119282 0.0279546 0.0261702 0.20927 0.0806187 0.186631 0.00397901
internal_weight=2081.8 1489.5 592.302 390.388 141.222 249.167 211.242 519.13 37.925 0.711567 1099.11 247.652 73.1721 43.9733 25.861 14.2041 7.02959 11.6569 18.1123 7.1745 126.808 8.29103 851.458 675.897 175.56 173.849 1.71088 15.0379 3.12677 389.004
internal_count=208286 78956 129330 43212 11196 32016 29572 120764 2444 84 35744 5159 8566 3379 1649 723 590 926 1730 133 2634 101 30585 26414 4171 4129 42 261 84 18638
is_linear=0
shrinkage=0.05


Tree=23
num_leaves=31
num_cat=0
split_feature=11 4 10 8 10 13 3 2 13 3 28 13 13 13 3 4 10 30 11 27 30 11 2 10 13 13 1 14 3 13
split_gain=439.409 49.4401 27.0462 28.5284 24.1251 23.3287 49.0932 31.9612 29.9689 20.4847 28.5791 26.2825 47.4938 61.6856 28.2535 21.886 19.1793 26.5782 18.8398 17.6291 24.0321 17.068 16.1947 15.8133 15.4721 23.6945 21.361 23.7932 54.7335 21.7777
threshold=0.0025561598466342515 0.005627974538403452 0.0043133768247805718 0.39947183844680006 0.0017077758302806612 279.50000000000006 0.0091852852501400645 0.0013283510547051904 273.50000000000006 -0.043182078935607209 0.0019540421318040772 263.50000000000006 279.50000000000006 275.50000000000006 0.015746301115733056 0.003718711224523484 0.0017200228559252244 0.28778544138967754 0.0059008364199686228 1.0000000180025095e-35 -0.084848376351738794 0.0022881805060829593 0.090031721845268101 0.004979440363669283 316.50000000000006 338.50000000000006 0.017119076621270327 54.500000000000007 0.025332833746751774 329.50000000000006
decision_type=2 2 2 2 2 2 2 2 2 2 2 2 2 2 2 2 2 2 2 2 2 2 2 2 2 2 2 2 2 2
left_child=2 4 5 -4 -2 6 -1 8 -8 19 -11 -12 13 18 -15 -16 17 -14 -13 20 -6 -10 24 -24 -18 26 27 28 -26 -29
right_child=1 -3 3 -5 9 -7 7 -9 21 10 11 12 16 14 15 -17 22 -19 -20 -21 -22 -23 23 -25 25 -27 -28 29 -30 -31
leaf_value=-0.041946435976911667 -0.02565124384822394 0.019624757472713753 0.50245725130083563 0.034417418474050082 0.016026220198031127 -0.042979803814452516 -0.050676078770793345 0.025215518129044913 0.38517809505144468 -0.012304703745272615 -0.019269218689269792 0.0063350429795417072 0.073378201649200392 0.016123649826740197 0.31541671636553942 0.15239563743658982 -0.013436622202134081 0.81665509055419927 0.20497929791591529 0.025956495251506791 0.32854742761440497 0.1352416724522415 0.28604507933030238 0.0015545097754860518 0.045896800687503202 -0.012228314304615705 0.20479153691333232 0.042899664979952255 0.42322416841436045 -0.041100120702091923
leaf_weight=35.643009215360507 74.072694182395935 935.04638089751825 0.45152221852913399 1.1671974896453319 1.3158097299747171 511.47344423341565 0.95887244865298571 13.882212541997431 1.5318016507662835 208.99494327465072 48.452836155891418 18.515258253552023 0.39488542266189952 2.8392405547201625 2.7425487483851603 8.2582602798938733 57.178662717808038 0.17294721212238073 1.2758646821603168 62.346382800024003 1.1551818409934629 1.2328106518834827 1.0317112952470768 0.9276419561356305 4.0563069544732562 33.540362475905567 1.9385875444859255 32.827605200000107 1.2594865551218388 10.086998500861226
leaf_count=7498 10739 24262 31 77 47 124722 129 1122 41 20717 3834 1256 35 183 36 64 3998 19 21 3005 36 16 29 25 270 2943 48 2326 32 725
internal_value=-0.00156296 0.0125363 -0.0391158 0.164971 0.000976722 -0.0397008 -0.00820486 0.0601055 0.190185 0.00492697 0.00101539 0.0133606 0.0222905 0.075768 0.156744 0.193037 0.00974988 0.299761 0.0191409 0.0311477 0.162129 0.273725 0.00859706 0.151355 0.0066117 0.0203059 0.0420566 0.0355156 0.135298 0.0231557
internal_weight=2074.77 1508.43 566.341 1.61872 573.384 564.722 53.2487 17.6057 3.72348 499.312 434.494 225.499 177.046 33.6312 13.84 11.0008 143.415 0.567833 19.7911 64.8174 2.47099 2.76461 142.847 1.95935 140.888 83.7093 50.169 48.2304 5.31579 42.9146
internal_count=208286 74650 133636 108 50388 133528 8806 1308 186 39649 36561 15844 12010 1560 283 100 10450 54 1277 3088 83 57 10396 54 10342 6344 3401 3353 302 3051
is_linear=0
shrinkage=0.05


Tree=24
num_leaves=31
num_cat=0
split_feature=11 10 6 11 10 1 10 3 13 12 28 30 27 12 28 13 11 13 7 28 7 3 9 11 3 13 13 3 8 6
split_gain=408.808 36.2004 28.1041 24.9754 20.171 21.2167 18.3726 17.3039 39.8299 21.3515 24.2874 17.0473 17.5632 23.47 20.2751 18.5346 24.1152 22.2265 30.4438 17.6349 20.2779 17.4619 16.9693 16.7015 23.8027 15.8325 46.2192 19.9265 15.6028 15.6672
threshold=0.0025561598466342515 0.0017077758302806612 0.001618218967745849 0.0018565945388375334 0.0056841411467752076 0.017119076621270327 0.0043133768247805718 0.0089580571330971654 291.50000000000006 0.51947142857143458 0.0031724519790859019 -0.42087465960605702 4.6689971244501072 0.6407071428571437 -0.010422313113398507 307.50000000000006 0.012072606341821312 246.50000000000003 0.0022758800998399645 0.012286747051228461 0.0037781506004543786 -0.079763994121511569 0.4970951340398419 0.012498018257294361 -0.029353283584654385 272.50000000000006 279.50000000000006 0.0083224788725349014 0.58836933739506525 0.0031196124324922463
decision_type=2 2 2 2 2 2 2 2 2 2 2 2 2 2 2 2 2 2 2 2 2 2 2 2 2 2 2 2 2 2
left_child=3 -2 4 -1 5 -3 7 -5 9 -9 -11 -4 14 19 15 16 -13 18 21 20 28 -18 -7 24 -17 -16 27 -27 -14 -30
right_child=1 2 11 6 -6 22 -8 8 -10 10 -12 12 13 -15 25 23 17 -19 -20 -21 -22 -23 -24 -25 -26 26 -28 -29 29 -31
leaf_value=-0.04632466952044955 -0.019983375200354758 -0.0001677508318935517 0.011143494836814073 -0.033577730109506786 0.018764012155127043 0.17145002068918658 0.12979744530959172 -0.00097552546740893489 -0.039459470004631743 0.25209027238214271 0.065909289277449795 -0.012372856525814518 -0.051628453000668817 0.025026132572364568 -0.0073858064752704193 0.11223994823282762 0.11365954652666875 0.037062330600092647 -0.016405210571626701 0.053987599279441537 0.34071429560305927 0.39885128572345513 0.032288943685370573 0.023215676599228408 0.026375176596315383 -0.031293842748464987 0.014621975658948468 0.12194442209765029 0.088096635610868945 0.24312289870433257
leaf_weight=361.41467596008442 84.746012301649898 524.08035897882655 233.90416387235746 140.81306538847275 272.24018248589709 2.3864706014283028 1.929833099246024 7.7488281831610974 23.115215030033141 2.3047562050633115 7.2992696417495608 26.702773470897228 1.1284409561194495 23.7313102344051 55.204758775886148 23.530122284311801 0.90089002810418639 26.080647565890104 1.3630813192576168 10.203475390560923 1.2048285175114868 1.3278247453272372 26.693805157206953 17.521884128917009 12.285142353270201 2.4695413941517499 153.28304146369919 15.05157823814079 4.1439797161146998 2.6861645746976137
leaf_count=96741 11305 36863 6529 30852 7774 33 108 822 4627 81 405 759 54 555 2433 373 22 409 31 137 17 34 494 251 416 162 5622 139 179 59
internal_value=-0.00152292 0.0117732 0.0136445 -0.0387012 0.00762233 0.00213891 -0.0236627 -0.0252964 0.00351939 0.0607702 0.110589 0.0217571 0.0283105 0.0583585 0.0244531 0.042089 0.0220994 0.0531216 0.169731 0.0992024 0.149549 0.283571 0.0437092 0.0632172 0.0827871 0.015892 0.0234156 0.100346 0.120609 0.149065
internal_weight=2067.5 1522.87 1438.12 544.626 825.401 553.161 183.211 181.281 40.4681 17.3529 9.60403 612.724 378.819 43.0982 335.721 109.712 56.3752 29.6724 3.5918 19.3669 9.16341 2.22871 29.0803 53.3371 35.8153 226.009 170.804 17.5211 7.95859 6.83014
internal_count=208286 74650 63345 133636 45164 37390 36895 36787 5935 1308 486 18181 11652 1001 10651 2295 1255 496 87 446 309 56 527 1040 789 8356 5923 301 292 238
is_linear=0
shrinkage=0.05


Tree=25
num_leaves=31
num_cat=0
split_feature=11 11 13 13 13 3 1 14 3 29 1 14 13 10 2 13 7 10 3 11 13 13 28 1 8 13 3 10 11 28
split_gain=376.053 41.6728 33.6044 41.6851 53.2875 61.7419 37.0119 135.65 97.1016 42.3089 36.6194 52.4842 30.7781 33.2821 30.2158 23.8717 23.3706 39.8479 23.2695 23.1304 26.0821 30.8177 67.8629 73.5793 29.7939 29.3442 22.7827 22.7764 20.6751 19.5582
threshold=0.002222644232452308 0.003623464289855406 329.50000000000006 273.50000000000006 279.50000000000006 0.0063292310561141605 0.0073067033044378346 65.500000000000014 -0.0056583272528733511 -0.48366760059851815 -0.016913143350463119 73.500000000000014 324.50000000000006 0.0034128345704729419 0.0050709394612884493 276.50000000000006 0.0018199812474390738 0.003158783354600007 0.051639503062047128 0.0073169841045512473 339.50000000000006 335.50000000000006 0.010694876505336884 0.0051013332558847999 0.80008285082687791 356.50000000000006 0.0083224788725349014 0.0026937329419579321 0.015657945383334506 0.02005490268512115
decision_type=2 2 2 2 2 2 2 2 2 2 2 2 2 2 2 2 2 2 2 2 2 2 2 2 2 2 2 2 2 2
left_child=-1 2 3 -2 5 -5 10 8 -8 -10 11 -6 13 -3 15 -7 17 -17 -4 20 21 -14 -23 24 -24 -22 27 -11 -15 -25
right_child=1 12 18 4 6 14 7 -9 9 26 -12 -13 19 28 -16 16 -18 -19 -20 -21 25 22 23 29 -26 -27 -28 -29 -30 -31
leaf_value=-0.04219237559444422 -0.034410949640802366 -0.0059735667398699115 -0.026496048089489434 -0.025387810442678745 0.56421533970232673 0.071838509926859737 1.139939326414148 -0.012583143596655525 0.64478457032549796 0.097356672256520435 -0.015252843618645193 0.046117375086129203 0.026731132613608505 0.0099054246860595038 0.065647748061213859 0.21130946308929227 0.078262227186172442 0.54881981241191446 0.58028961656688416 0.068888666161329271 -0.01812527336208607 0.029296878282211898 0.23471377372697333 -0.053051951358379992 0.50505955409700198 0.035384642580760899 0.043430904202187467 0.4921612002934036 0.027268522171688292 0.16772615389249571
leaf_weight=442.62490243883803 46.290888559538871 244.63048448925838 130.99867601972073 11.79751359624788 0.64910278189927284 3.9425445641390997 0.33565609529614482 11.649421709123997 0.57365194195881564 0.65607060911133774 90.665466325823218 1.9795184074901042 71.69653027318418 581.13449163548648 15.447349573485551 4.6544952820986509 2.0570656997151673 1.0768504478037355 0.15819068998098273 33.317063415888697 55.742577817756683 14.673342257738115 2.2306331284344179 2.0091664912179112 1.8764196587726472 47.413474264089018 1.5617840145714579 0.82428439613431692 243.19683013111353 2.0033687185496092
leaf_count=119076 5990 19107 17951 1447 24 157 22 960 32 29 13023 61 2538 17628 313 85 26 29 5 502 2185 584 31 48 30 2030 81 25 4829 27
internal_value=-0.00133466 0.00979269 -0.00621181 0.00699589 0.0199583 0.0701287 0.00200123 0.0732848 0.326436 0.250918 -0.00991898 0.174055 0.013798 0.0102218 0.11159 0.172088 0.222834 0.274724 -0.0257642 0.0303496 0.0238531 0.0428313 0.0934752 0.209455 0.358229 0.00646942 0.176647 0.31719 0.0150279 0.0571776
internal_weight=2067.87 1625.24 325.319 194.162 147.871 38.9758 108.895 15.6009 3.95145 3.61579 93.2941 2.62862 1299.92 1068.96 27.1783 11.731 7.78841 5.73135 131.157 230.963 197.646 94.4895 22.7929 8.11959 4.10705 103.156 3.04214 1.48036 824.331 4.01254
internal_count=208875 89799 40260 22304 16314 2057 14257 1149 189 167 13108 85 49539 41564 610 297 140 114 17956 7975 7473 3258 720 136 61 4215 135 54 22457 75
is_linear=0
shrinkage=0.05


Tree=26
num_leaves=31
num_cat=0
split_feature=4 4 8 10 18 8 18 18 1 13 1 27 3 14 13 13 3 0 3 8 7 28 12 3 1 3 7 13 28 28
split_gain=334.789 35.8913 27.0893 25.9059 15.9005 22.2505 16.6967 15.0257 14.3577 18.4216 19.2896 23.6545 17.528 20.3797 17.9333 43.1344 17.8768 23.2244 13.5051 17.2716 14.8836 24.7554 34.2569 19.8385 28.791 27.8676 25.0218 17.2171 14.6831 17.9493
threshold=0.0030314671767077881 0.0054666693170123187 1.0433284780709708 0.0017804631787531522 0.010840515010532986 1.9545092333869085 0.00054634884489292244 0.00011571781063341929 0.0024654914074840888 308.50000000000006 0.0029864973811873923 0.76988223640690545 -0.033336838538986162 22.500000000000004 250.50000000000003 254.50000000000003 -0.054446384950802444 0.00019297947820218211 0.020591575477982741 1.807272647486877 0.0028009846436156268 0.0081837269043296187 0.18785714285714153 -0.033336838538986162 0.0081333467769039176 -0.0024672501994323355 0.0037781506004543786 320.50000000000006 0.0052927442860076258 0.010269353558605693
decision_type=2 2 2 2 2 2 2 2 2 2 2 2 2 2 2 2 2 2 2 2 2 2 2 2 2 2 2 2 2 2
left_child=3 2 7 -1 5 6 8 -2 12 10 11 -10 13 -3 -15 16 -16 -18 19 20 28 22 -22 -24 27 26 -26 -25 -11 -30
right_child=1 4 -4 -5 -6 -7 -8 -9 9 18 -12 -13 -14 14 15 -17 17 -19 -20 -21 21 -23 23 24 25 -27 -28 -29 29 -31
leaf_value=-0.043683519426374273 0.012429615478559551 0.18325610230508288 -0.016716723318335892 -0.019839591344986085 0.063775022378828705 -0.020783087315893949 0.0061587004587701829 -0.014556137321119773 0.33668628657878624 0.007787479119096369 0.01612954081078876 0.04950190727980653 0.0043768750578136078 -0.006956402508956021 0.083966044994128824 0.021348437935507031 0.084111510140051846 0.38003151819118541 0.023648447133371664 0.2711875250469048 0.44116817031676786 0.029213342675928296 0.030756926482693715 0.22433766087065019 0.46909580573329057 0.072930114432247464 0.19957262486926627 -0.0062363819065305477 0.11127065853803282 0.025220665529269833
leaf_weight=352.44408783107065 289.58276805002242 2.0377990342676631 169.22351801767945 168.31868543452583 17.019233606755733 41.55490800878033 274.29830149980262 62.76267473725602 1.0280833039432757 22.870132746174932 177.84028728306293 2.3698117104358971 206.1262448686175 36.235465588979423 15.304338855668904 113.02509944792837 1.3984169987961643 1.2608384713530538 53.123484437353909 0.9248841367661943 0.80381135921925917 12.450409686192868 5.5528602832928327 1.0816070828586761 1.4305576458573344 1.9716021753847597 2.1633633440360427 3.2195601877756417 10.909783517476173 13.633079620078204
leaf_count=99016 23621 19 20704 30656 208 1438 8180 7217 33 751 4196 93 7204 1100 186 1979 29 26 1058 32 24 166 68 25 24 41 36 105 343 297
internal_value=-0.00131711 0.0103942 -0.000274254 -0.0359768 0.0158514 0.0150379 0.0165867 0.00762269 0.0207518 0.0286897 0.0183843 0.136394 0.0141675 0.0260904 0.0241751 0.0327871 0.104758 0.224417 0.043042 0.0564199 0.0538092 0.0822457 0.122945 0.106356 0.148902 0.223987 0.306856 0.0517457 0.0366118 0.0634716
internal_weight=2061.97 1541.2 521.569 520.763 1019.63 1002.61 961.06 352.345 686.762 311.373 181.238 3.3979 375.388 169.262 167.224 130.989 17.9636 2.65926 130.135 77.0117 76.0868 28.6738 16.2234 15.4196 9.86669 5.56552 3.59392 4.30117 47.413 24.5429
internal_count=208875 79203 51542 129672 27661 27453 26015 30838 17835 7292 4322 126 10543 3339 3320 2220 241 55 2970 1912 1880 489 323 299 231 101 60 130 1391 640
is_linear=0
shrinkage=0.05


Tree=27
num_leaves=31
num_cat=0
split_feature=11 4 1 28 30 7 13 13 3 3 2 3 12 2 13 2 10 4 6 1 11 2 2 14 13 13 13 11 12 9
split_gain=332.417 51.1656 23.6563 38.4931 20.022 17.6291 18.8791 127.65 55.6123 40.7868 30.4682 21.5917 18.5254 17.3569 19.8288 24.6902 20.3624 20.0429 30.7169 17.837 16.9602 16.7937 16.4199 18.4556 16.6941 27.9267 22.2327 24.927 19.7546 26.8385
threshold=0.002222644232452308 0.0025351911483864225 0.008803274028826304 -0.01243690042114461 -0.4471891840649207 0.0029018897460012807 279.50000000000006 273.50000000000006 0.0030591139081666001 -0.037894199920463272 0.0025515273659533215 0.02399289107821068 0.83407142857143068 -0.0080868372285202144 256.50000000000006 -0.0071832999647166709 0.0042201529382784441 0.0042569829282496129 0.00038674122188036973 -0.0016568011027888183 0.0028884056520651811 -0.088178105669107651 -0.0087360881397519612 143.50000000000003 318.50000000000006 337.50000000000006 367.50000000000006 0.010854414588649965 0.31906071428571797 0.78695313524169108
decision_type=2 2 2 2 2 2 2 2 2 2 2 2 2 2 2 2 2 2 2 2 2 2 2 2 2 2 2 2 2 2
left_child=-1 21 3 22 -5 6 7 9 -9 12 -10 20 -6 -14 15 -15 17 18 -17 -18 -12 -2 24 -24 -3 28 27 -27 29 -26
right_child=1 2 -4 4 5 -7 -8 8 10 -11 11 -13 13 14 -16 16 19 -19 -20 -21 -22 -23 23 -25 25 26 -28 -29 -30 -31
leaf_value=-0.041539636655785583 0.41988273645001045 0.012336255314249221 0.020959447915219746 -0.013284246329954293 -0.0022998862028642455 0.027255714558152982 -0.0045895789593147487 -0.037611151365858728 0.17850859663400029 -0.025326292883110842 0.10019986305033152 0.1143917614506854 0.017355716001391876 0.43732702200716433 -0.024735674245451918 0.66449637041384446 0.086703183452646743 -0.051816941850656273 0.031431518227516261 0.30307887338507344 -0.037722955545000922 -0.026084567839089447 0.049956256482294972 0.2797718767884157 0.032603850937467684 -0.018407750102776316 0.10360851064856086 0.27797216770396371 0.062291901677600105 0.294242631604757
leaf_weight=410.40787116158754 0.21152613312005897 239.48529491852969 432.95573667134158 183.29949997412041 13.448647516313942 81.228319683577865 344.36431618384086 7.4781928774900726 11.749166595749555 99.203819345450029 3.8200754751451331 17.547161985188723 7.0440480075776604 0.71183572802692907 1.8708756668493149 0.27962472895159907 1.7504932293668392 2.1405262025073171 0.60876166867092252 2.0892160385847092 5.3513239612802863 103.83915737085044 29.182301150867719 0.90055093914270301 1.7027682918123925 24.033696607686586 5.2509011283982536 0.73101325333118339 21.355958427069709 2.3096318980678916
leaf_count=119076 6 5919 10935 13235 604 2621 26181 799 236 8041 111 104 286 22 99 23 32 91 55 36 148 17896 651 17 60 736 136 5 603 111
internal_value=-0.00128068 0.00875769 0.0110477 0.00717799 0.00118058 0.00559452 0.00220733 0.0155751 0.0871507 -0.00988878 0.111405 0.0818964 0.0412553 0.0767658 0.121044 0.157023 0.127973 0.0310436 0.230692 0.204435 0.0197247 -0.025178 0.0216474 0.0568359 0.0180575 0.0427966 0.0101558 -0.00965911 0.0814169 0.183209
internal_weight=2056.35 1645.94 1541.89 1108.94 783.986 600.686 519.458 175.094 45.9459 129.148 38.4677 26.7186 29.944 16.4954 9.45133 7.58046 6.86862 3.02891 0.888386 3.83971 9.1714 104.051 324.952 30.0829 294.869 55.384 30.0156 24.7647 25.3684 4.0124
internal_count=208875 89799 71897 60962 52724 39489 36868 10687 1398 9289 599 363 1248 644 358 259 237 169 78 68 259 17902 8238 668 7570 1651 877 741 774 171
is_linear=0
shrinkage=0.05


Tree=28
num_leaves=31
num_cat=0
split_feature=11 4 1 28 11 2 18 0 3 12 14 3 10 12 9 1 28 14 14 3 14 29 14 28 3 29 15 14 14 15
split_gain=310.711 46.7963 21.7427 34.98 19.6841 28.6703 16.5765 28.5428 16.3883 16.2864 15.2988 26.8371 29.3875 28.3392 212.626 15.7579 15.0136 28.9723 72.3719 18.7219 35.2834 27.1719 20.7092 38.8489 18.561 24.3355 26.4965 18.3597 70.3432 23.2314
threshold=0.002222644232452308 0.0023944465304764728 0.008803274028826304 -0.01243690042114461 0.030655326901304982 -0.024824425515041933 0.0003526611223547697 0.010716831438457699 -0.06545937655732402 0.79723571428572437 92.500000000000014 0.010137375491080626 0.0028913349847089964 0.030839285714285788 1.9176385067341488 0.0022595742397418799 0.0014603153677733079 116.50000000000001 110.50000000000001 -0.026140990701839558 134.50000000000003 0.069778828160986253 32.500000000000007 -0.010422313113398507 -0.071787237332677542 -0.11354820685983712 0.42016214650390488 46.500000000000007 54.500000000000007 0.29166665451394741
decision_type=2 2 2 2 2 2 2 2 2 2 2 2 2 2 2 2 2 2 2 2 2 2 2 2 2 2 2 2 2 2
left_child=10 8 3 -3 5 -5 16 -8 9 -2 -1 13 15 14 -12 -13 19 18 27 20 22 24 23 -7 -22 -26 -27 -18 29 -29
right_child=1 2 -4 4 -6 6 7 -9 -10 -11 11 12 -14 -15 -16 -17 17 -19 -20 -21 21 -23 -24 -25 25 26 -28 28 -30 -31
leaf_value=-0.045364473862938855 -0.05066316633727877 0.02019369575961609 0.019635499503065396 -0.039312657254766049 0.052512861016685675 0.6273068481522367 -0.014893915823729377 0.099431328023448839 -0.030113065305365949 0.31885549823021248 -0.050157876081157377 0.088697968971343563 0.3264200766317033 -0.037109500281158066 2.9912846641154376 -0.039970048930436458 -0.019640651441285475 -0.014931286603856286 0.088978414519751359 -0.008490616347522852 0.0075933162767534285 -0.0030657440385205769 -0.0090117237334269209 -0.051184058779408084 0.12295504446340243 0.55995228079611814 0.15938775581577494 0.19534925071562897 0.0051639569009619144 0.07314431444986888
leaf_weight=333.2441539647989 0.53498985851183423 331.30342147848569 441.24290306051262 44.489387366455048 18.025119299069047 0.36863593570888042 172.06197012797929 5.6383941657841197 85.409724993398413 0.6736849476583302 0.45559877739287813 5.1213921054732019 0.90893810382112938 49.657020277576521 0.065758040407672524 4.4447209893260151 39.567102347034961 64.764665545662865 35.0316794635728 220.6004353526514 2.4385863789357254 5.897421062923967 35.895377749111503 0.4932928504422297 7.0670194854028523 0.73451457638293483 0.94269400695338845 5.5303689439315376 122.93958452763036 13.103401908650993
leaf_count=103194 63 8294 11047 2114 368 28 12013 87 15404 46 146 489 31 14489 20 707 3405 4774 581 20509 76 261 2022 30 299 33 37 133 7344 831
internal_value=-0.00124987 0.00825047 0.0102266 0.00654251 0.000857822 -0.00033962 0.0020256 -0.0112664 -0.0275258 0.155297 -0.0411606 -0.0180633 0.0547298 -0.0332593 0.333455 0.0289147 0.00627858 0.0144038 0.0231926 -0.00203909 0.0243962 0.0837758 -0.0031961 0.238998 0.129573 0.163591 0.33481 0.0104699 0.0188852 0.109414
internal_weight=2048.65 1654.75 1568.14 1126.89 795.59 777.565 733.075 177.7 86.6184 1.20867 393.898 60.6534 10.4751 50.1784 0.521357 9.56611 555.375 280.937 216.172 274.438 53.8375 17.0802 36.7573 0.861929 11.1828 8.74423 1.67721 181.14 141.573 18.6338
internal_count=208875 89799 74286 63239 54945 54577 52463 12100 15513 109 119076 15882 1227 14655 166 1196 40363 17068 12294 23295 2786 706 2080 58 445 369 70 11713 8308 964
is_linear=0
shrinkage=0.05


Tree=29
num_leaves=31
num_cat=0
split_feature=11 4 6 2 28 12 13 6 30 0 11 11 28 13 27 13 8 13 28 13 11 13 11 4 0 15 28 9 11 12
split_gain=291.687 42.7265 19.5596 19.1801 18.0611 16.1285 16.0915 14.9025 14.5658 14.1528 13.6363 18.6296 13.8244 13.4108 14.6562 12.1325 28.0124 16.5444 17.0223 15.095 29.5901 26.1619 63.0569 22.7288 19.0141 24.6369 18.5992 17.9793 24.9199 28.0232
threshold=0.002222644232452308 0.0023944465304764728 0.0015752285649026151 0.0087153136342807986 -0.01243690042114461 0.51947142857143458 379.50000000000006 0.00097906579353158386 -0.42087465960605702 0.0085177172931578688 0.023015817449111915 0.026107018208616915 0.014584196464666013 249.50000000000003 1.0168064652234248 256.50000000000006 0.29224010259437599 281.50000000000006 0.0091105911065316233 314.50000000000006 0.015657945383334506 318.50000000000006 0.0094007366757968436 0.0084243724940253981 0.00014521691796243188 0.8108107888970103 -0.0054276665405433274 0.81950194776033258 0.0036886202701312295 0.82140714285713912
decision_type=2 2 2 2 2 2 2 2 2 2 2 2 2 2 2 2 2 2 2 2 2 2 2 2 2 2 2 2 2 2
left_child=7 -2 3 4 6 -5 -3 -1 10 -6 12 13 -4 -12 -15 16 -7 18 -17 20 -19 22 23 24 -21 -26 -22 -23 -29 -30
right_child=1 2 8 5 9 15 -8 -9 -10 -11 11 -13 -14 14 -16 17 -18 19 -20 21 26 27 -24 -25 25 -27 -28 28 29 -31
leaf_value=-0.04491634089036297 -0.026900202545088833 0.012769724420033993 -0.0050258271409370069 -0.00092435137536414202 -0.0081022247755143505 0.26357277179189065 0.26794845546320983 -0.016736550490711617 0.021518929403133047 0.038147818325753181 0.0090259701860691544 0.015363881867053187 0.022614966305241267 0.25311783749568401 0.081759633159032008 -0.021684334540243978 -0.011765552597121805 -0.015255996253261359 0.075408676993562115 -0.021306484857713772 0.18414618907490854 -0.011562798732134795 -0.030145359294391456 0.32169336915212426 0.30899498045701002 0.083893461170220077 0.037997328787101541 -0.030653614729818476 0.16667557578286429 0.037890439464693143
leaf_weight=324.02670338260941 84.336306266020983 154.87631169776432 168.16116482950747 108.69859310984612 398.88986097113229 0.94997363025322457 0.62027233513072033 54.85960743855685 433.90105211664923 17.256477321498096 2.4337893780320909 22.611481630709022 61.882834786549211 2.1010860297828913 3.0726549769751728 5.3757369918748727 33.469016551040113 51.674204480601475 28.16746449843049 1.4827622196171413 2.4691509287804392 22.773275994928554 5.7778806765563777 2.2076345309615135 2.169648895971477 2.7641429635696113 18.393899858929217 7.2271847485099014 6.1256684660911587 13.606654515024273
leaf_count=103758 15513 4784 6217 4812 34918 38 18 15318 14396 366 63 306 1141 26 36 301 1543 1964 574 57 37 954 164 24 38 75 379 570 141 344
internal_value=-0.00124339 0.00777456 0.00962642 0.00469803 -0.00075164 0.0146404 0.0137876 -0.0408361 0.0159095 -0.00618436 0.00655774 0.0381352 0.00240967 0.105817 0.151349 0.0229081 -0.00416614 0.0283828 0.0598483 0.0206602 0.00503551 0.038332 0.0976746 0.183309 0.135698 0.182882 0.0552941 0.021147 0.0487777 0.0778703
internal_weight=2042.36 1663.48 1579.14 884.976 571.643 313.333 155.497 378.886 694.164 416.146 260.263 30.219 230.044 7.60753 5.17374 204.634 34.419 170.215 33.5432 136.672 72.5373 64.1349 14.4021 8.62419 6.41655 4.93379 20.8631 49.7328 26.9595 19.7323
internal_count=208875 89799 74286 52101 40086 12015 4802 119076 22185 35284 7789 431 7358 125 62 7203 1581 5622 875 4747 2380 2367 358 194 170 113 416 2009 1055 485
is_linear=0
shrinkage=0.05


Tree=30
num_leaves=31
num_cat=0
split_feature=11 10 12 13 10 3 13 13 13 27 3 11 18 12 10 3 13 11 10 15 28 12 12 1 7 10 12 12 27 3
split_gain=267.688 39.9847 21.0452 19.0669 26.114 17.2606 17.1918 28.9981 20.4403 44.3153 53.1971 34.8056 43.4456 85.0341 75.6879 31.5318 48.5459 24.6395 23.754 32.3297 59.6986 22.5326 47.4269 20.4097 19.5927 22.0204 19.5387 27.9818 30.5771 37.2046
threshold=0.0021300302649643259 0.0016396136667217766 0.17491428571428716 242.50000000000003 0.0029535059346660511 0.016421255555622908 339.50000000000006 324.50000000000006 329.50000000000006 1.9622501796153393 0.0087322857613700861 0.003958977815161688 3.0319568695273492e-05 0.36730000000000124 0.0025050221528098338 0.017923613778616402 334.50000000000006 0.0063989517665748114 0.0034599887591224635 0.85576921431215125 0.014584196464666013 0.50064285714285528 0.89011071428572064 -0.016913143350463119 0.0047784930316973114 0.0056841411467752076 0.2382321428571415 0.21438428571427923 0.77826479681071337 0.00027131728240292757
decision_type=2 2 2 2 2 2 2 2 2 2 2 2 2 2 2 2 2 2 2 2 2 2 2 2 2 2 2 2 2 2
left_child=3 -2 -3 4 -1 -5 7 -4 9 26 11 12 13 14 -11 17 -17 -10 19 20 -18 -15 -23 -8 25 -19 27 -9 -29 -30
right_child=1 2 6 5 -6 -7 23 8 15 10 -12 -13 -14 21 -16 16 18 24 -20 -21 -22 22 -24 -25 -26 -27 -28 28 29 -31
leaf_value=-0.051602643321877528 -0.024398742424855371 -0.014617369955480082 0.0096044569003759673 -0.043464763114395115 0.72023199040826447 0.032668279837553688 0.059498690141135159 0.0039212314009986838 -0.015699276728855599 0.14116986602439183 0.020914526393923952 0.1032971814322305 0.067690611127623965 0.048665839264251484 1.1822647557984522 -0.0079921502594926912 0.16017441224644358 0.23296284243859869 0.070715735430886717 -0.052657502909559041 0.58620237316713386 0.55731087932976064 0.063597883344334583 -0.0082667214517826559 -0.059494011935954522 0.053908439759642802 0.014847287219971739 0.073561690160429835 0.87074715106649203 0.18627674301505948
leaf_weight=0.25087550096213718 95.310750173404813 89.502375591313466 1163.7709720057901 335.43771605170332 0.19459049496799707 7.6137213881593189 11.871762288734315 1.7634997644927346 54.252029731171206 0.26108833285980138 8.0419922487344575 5.62001728778705 1.6459349812939761 0.92919472698122296 0.52686327509582043 15.305058582220225 4.3595560642424998 2.2576064560562354 12.055518989916889 1.1397022646851835 1.0134509112685917 1.1413698797114191 0.84769042930565763 173.43627700977959 2.5476600900292388 7.1719948872923851 35.938715439289808 0.79353692941367604 0.37895984062924981 0.41697752568870783
leaf_count=28 16320 7983 48214 113146 20 1092 196 157 4282 50 276 133 99 34 37 443 110 45 179 49 20 40 49 13519 26 94 1941 47 28 23
internal_value=-0.00110721 0.00706124 0.00893881 -0.0413506 0.285554 -0.0417751 0.0103374 0.0123364 0.0324067 0.0559404 0.118602 0.190202 0.281456 0.37639 0.837297 0.0186992 0.0579382 -0.00136977 0.112282 0.189224 0.240531 0.251941 0.346902 -0.00392533 0.063537 0.0967771 0.0256169 0.141051 0.293195 0.512165
internal_weight=2035.8 1692.3 1596.99 343.497 0.445466 343.051 1507.49 1322.18 158.408 58.3058 19.0142 10.9722 5.35214 3.70621 0.787952 100.103 33.8733 66.2293 18.5682 6.51271 5.37301 2.91826 1.98906 185.308 11.9773 9.4296 39.2917 3.35297 1.58947 0.795937
internal_count=208680 94394 78074 114286 48 114238 70091 56376 8162 2914 718 442 309 210 87 5248 801 4447 358 179 130 123 89 13715 165 139 2196 255 98 51
is_linear=0
shrinkage=0.05


Tree=31
num_leaves=31
num_cat=0
split_feature=11 4 10 6 3 13 13 13 3 3 1 13 28 3 7 11 13 1 18 11 13 10 4 12 12 12 10 13 13 18
split_gain=250.478 36.4136 17.968 17.1034 16.955 16.8634 32.2274 75.1624 86.6191 81.4798 48.2688 37.6438 29.9058 37.8946 21.6668 21.6772 21.9576 21.4841 26.6416 25.1336 24.2071 21.3173 18.3156 31.8146 82.7915 22.9262 17.5924 16.9788 26.3282 26.1476
threshold=0.0021300302649643259 0.0023610959969241449 0.0016078064628728304 0.00097906579353158386 0.020591575477982741 250.50000000000003 281.50000000000006 273.50000000000006 0.0063292310561141605 -0.024746773362094295 0.012334992019313986 295.50000000000006 0.0021103510545700086 0.018758796066468245 0.00097751710654935572 0.023015817449111915 258.50000000000006 -0.016913143350463119 0.00034046991813117187 0.003623464289855406 298.50000000000006 0.0084683630421129568 0.003345862444398912 0.34542499999999932 0.19227278571428591 0.14461435714285797 0.0027764824258460579 342.50000000000006 324.50000000000006 0.00018439577037198521
decision_type=2 2 2 2 2 2 2 2 2 2 2 2 2 2 2 2 2 2 2 2 2 2 2 2 2 2 2 2 2 2
left_child=3 -2 -3 -1 -5 -4 7 9 -9 14 -11 -8 -10 -14 21 16 26 19 20 -13 22 -7 23 24 -19 -24 -16 28 -22 -30
right_child=1 2 5 4 -6 6 11 8 12 10 -12 17 13 -15 15 -17 -18 18 -20 -21 27 -23 25 -25 -26 -27 -28 -29 29 -31
leaf_value=-0.045587090842486494 -0.02527092402336148 -0.018203328015238197 -0.0050616591266423984 -0.019408065604019174 0.12605440032859905 0.0083848269943035351 -0.038202366681337835 -0.034072598088246545 0.18358851220720751 -0.031261001205070409 0.038737961420229887 0.16647029671190108 0.00078348218915235551 0.0986706099564333 0.0072470237205148657 -0.012313003950409697 -0.0091826959533439813 -0.050295062106575486 -0.0089011926877669966 0.02414964635240752 0.0075913949803600974 0.1345557953771582 0.54782388704464002 0.084445607593792882 1.872724355126367 0.059883154291378277 0.10056455297992367 -0.0066716539701575858 0.030320983756697496 0.1875990477874607
leaf_weight=283.37471110234037 84.979024473810568 61.481771764578298 179.43258107057773 44.244127434678376 2.0982628299389026 43.213268473278731 44.219387377845123 17.553679157048464 7.6499921330250791 104.79418878862634 32.193431695923209 3.1769589171744874 12.420744536444543 48.468323674518615 5.8095154953189185 8.1016299030743522 6.6275049974210551 0.12119081476703186 221.77548033976927 131.69537603948265 388.17390431719832 3.6288881115615359 0.25063382135704149 0.37098635244183242 0.10400279704481363 6.0947714240755886 38.659310687799007 121.21702311025001 127.36485626897775 2.6986126608680925
leaf_count=100288 16752 9021 7329 13895 103 1257 3307 1716 181 8255 452 82 376 360 358 106 240 23 10439 2535 14597 28 26 66 19 196 655 9307 6539 172
internal_value=-0.00109424 0.00663166 0.00830795 -0.0409819 -0.0128219 0.0093556 0.0112351 0.0248829 0.0650285 0.0106614 -0.0148106 0.00694605 0.0904095 0.0787026 0.0435672 0.0636719 0.0757197 0.00893643 0.00605222 0.0275021 0.0111827 0.0181594 0.104051 0.369019 0.837827 0.0791561 0.0883733 0.0101745 0.0141149 0.0335843
internal_weight=2031.99 1702.28 1617.3 329.717 46.3424 1555.82 1376.38 329.12 86.0927 243.028 136.988 1047.26 68.5391 60.8891 106.04 59.198 51.0963 1003.04 868.171 134.872 646.396 46.8422 6.94159 0.59618 0.225194 6.34541 44.4688 639.454 518.237 130.063
internal_count=208680 94394 77642 114286 13998 68621 61292 13984 2633 11351 8707 47308 917 736 2644 1359 1253 44001 41384 2617 30945 1285 330 108 42 222 1013 30615 21308 6711
is_linear=0
shrinkage=0.05


Tree=32
num_leaves=31
num_cat=0
split_feature=11 4 10 6 29 12 14 4 13 3 28 1 0 29 0 13 10 28 13 12 27 6 13 6 10 1 14 28 11 15
split_gain=234.521 33.6938 18.7865 17.0104 14.6781 44.7245 18.6819 37.3316 16.3993 28.1548 17.5049 35.291 13.4211 18.3983 16.2808 15.3145 14.0211 13.1042 15.4714 18.3397 13.0392 18.1124 12.8208 12.1543 15.4654 13.4803 12.0682 12.0011 23.4444 61.1844
threshold=0.0021300302649643259 0.0040174898850859671 0.0017926262651610505 0.00097906579353158386 4.3988000481644294 0.79723571428572437 16.500000000000004 0.0035106740018979302 277.50000000000006 0.0091852852501400645 -0.011830513420164631 -0.0074277000143079244 0.010716831438457699 1.0211417467023121 0.0036161154684219991 281.50000000000006 0.016014553272100007 0.0077073639181905905 260.50000000000006 2.8400249999999994 1.4674296442840211 0.0012831544936274628 242.50000000000003 0.0026283389050834132 0.0048457613725287523 0.008803274028826304 82.500000000000014 -0.011830513420164631 0.0024300430727292842 0.19556494405329425
decision_type=2 2 2 2 2 2 2 2 2 2 2 2 2 2 2 2 2 2 2 2 2 2 2 2 2 2 2 2 2 2
left_child=3 2 -2 22 8 6 7 -6 9 -5 11 -10 13 14 -3 -14 -15 23 -19 -20 21 -11 -1 27 25 -25 -18 28 29 -4
right_child=1 12 17 4 5 -7 -8 -9 10 20 -12 -13 15 16 -16 -17 26 18 19 -21 -22 -23 -24 24 -26 -27 -28 -29 -30 -31
leaf_value=0.2809009159977528 -0.029069134141479425 0.015825171848302389 -0.050323519928192222 -0.050237210507316936 -0.050141785183866243 0.96492334938884139 -0.011841768246928742 1.4843240498986523 -0.050212208660437324 0.09647551210015412 -0.031902103022007008 1.3080237181817169 0.069865122558138135 -0.011202909289935864 0.0011809594113039274 0.01566931628182788 0.14468580459543076 -0.032862782369652066 0.023965286282644545 0.14764643047457013 0.075751423874322613 0.4743137203446593 -0.045729753422568346 0.0022532385848910807 0.2782734290554531 0.30354379458921943 0.0085586465063211322 -0.013565236452513431 0.018486147324820856 1.4937508723212045
leaf_weight=0.30076165357604523 79.32395867141895 735.61806393624283 0.1890285571571465 2.7798196801450095 0.10117803141474624 0.14775129547342647 1.2968829555902628 0.06516644568182528 0.13648058706894517 0.61045832606032513 38.280695945257321 0.073623748496173813 19.098327251151204 175.78154153935611 255.78916005976498 41.058121120557189 1.6482597701251496 11.221796327037735 43.006102683022618 3.2218019152060142 1.5196185349486766 0.66020145523361862 270.5285952410195 3.688172864727675 0.75904935598373402 0.41280403314158309 133.4161435039714 178.10826546512544 24.114989217137918 0.097119952319189906
leaf_count=22 16907 27633 36 804 36 38 365 17 34 23 12567 19 258 7264 7404 548 13 1060 3029 92 62 33 100266 316 40 13 2962 25274 1532 13
internal_value=-0.00107672 0.00625465 -0.00772413 -0.0406069 -0.0123801 0.135859 0.0521433 0.550994 -0.0178001 0.0623867 -0.0294041 0.425734 0.00978567 0.00871907 0.0120469 0.0328753 -0.00189458 -0.00133045 0.019801 0.0325851 0.174588 0.29279 -0.045367 -0.00718471 0.0709539 0.0325811 0.0102199 -0.00905996 0.0238249 0.473742
internal_weight=2023.05 1706.55 344.143 316.501 45.6719 1.61098 1.46323 0.166344 44.0609 5.5701 38.4908 0.210104 1362.41 1302.25 991.407 60.1564 310.846 264.819 57.4497 46.2279 2.79028 1.27066 270.829 207.369 4.86003 4.10098 135.064 202.509 24.4011 0.286149
internal_count=208680 94394 48312 114286 13998 456 418 53 13542 922 12620 53 46082 45276 35037 806 10239 31405 4181 3121 118 56 100288 27224 369 329 2975 26855 1581 49
is_linear=0
shrinkage=0.05


Tree=33
num_leaves=31
num_cat=0
split_feature=11 10 12 6 0 6 8 9 13 12 1 5 9 9 7 6 12 12 15 12 11 11 27 0 8 6 0 9 13 12
split_gain=220.118 31.1752 18.0269 16.6408 15.9618 13.8524 13.6876 16.6597 12.7769 18.6168 17.5061 34.6755 14.1941 24.9017 13.2555 25.7287 53.3596 16.9982 35.3816 12.5749 12.4547 11.9097 22.1669 13.0822 13.061 10.4561 32.1793 16.7309 10.4406 17.4201
threshold=0.0021300302649643259 0.0016396136667217766 0.17491428571428716 0.00097906579353158386 0.0056085794587266155 0.0004571836438771383 0.49935135870487163 0.87437121195843426 303.50000000000006 0.030839285714285788 -0.0097968044760123312 0.002305038112839108 0.37880086129106105 0.36581813813497804 0.0015281457684182757 0.0010626992561105382 0.82140714285713912 0.13478214285714304 0.69230767899405954 0.6858749999999969 0.003274038990442769 0.018581074307203033 371214.00000000006 0.0052526994245197809 1.1018889500447395 0.00046674445740961361 -0.0054868122283762135 0.99334045797723614 343.50000000000006 0.51292500000000396
decision_type=2 2 2 2 2 2 2 2 2 2 2 2 2 2 2 2 2 2 2 2 2 2 2 2 2 2 2 2 2 2
left_child=3 4 -3 -1 -2 20 -7 28 9 -5 11 -10 13 19 -12 16 -16 18 -17 -11 -4 25 24 -24 -23 26 -9 -28 -8 -30
right_child=1 2 5 8 -6 6 7 21 10 12 14 -13 -14 -15 15 17 -18 -19 -20 -21 -22 22 23 -25 -26 -27 27 -29 29 -31
leaf_value=-0.045139997104817829 -0.023808681275874523 -0.014438581864580167 -0.019056680681333246 0.55826379487504008 0.40407730617615467 -0.0082734455372296296 0.023289054709113313 0.74607939876219953 -0.050174125551337323 -0.050234385299716147 -0.040140876870545565 1.2916601935512191 0.012591218979338429 1.0357139514143021 -0.050156104498686432 -0.050182882588817458 1.4838051276853301 -0.050269274156509128 1.3341388627165227 0.73248660359492512 0.0046684321495292259 0.0038416969059212702 0.21820272968948029 0.052324981162281362 0.038772148424472304 0.004098080031394398 0.33046126607790294 -0.051336188918566873 0.029635366904732008 -0.027085227951769805
leaf_weight=258.90196295478381 89.622083981055766 88.61575769726187 67.224790671374649 0.16368269524536927 0.2184852771461 81.549862727290019 388.09760413714685 0.18791482970118512 0.13604266475886362 0.26122643961571057 29.949692733585838 0.074519404442980886 13.020595566136761 0.091889559756964445 0.13498679758049448 0.12789227347820986 0.097742426441982388 1.1378106689080594 0.072224104776978493 0.063856774475425482 312.28801285848022 67.555236172862351 2.1723165540024629 2.624887689948082 44.317071764729917 513.89477846282534 0.3920312721747895 1.0704088429920373 25.8009504287038 28.477278728038073
leaf_count=100288 16315 7983 9965 7 5 4133 15863 6 41 79 10283 17 3146 11 44 37 21 283 14 15 13900 1145 27 23 685 20318 28 77 1861 2060
internal_value=-0.00105318 0.00590324 0.00748909 -0.0402468 -0.0227681 0.00875444 0.0114752 0.0129739 -0.012301 0.0282435 -0.0296801 0.424711 0.0217873 0.308948 -0.0327155 0.108873 0.594082 0.0244722 0.449433 0.103517 0.000465897 0.00776624 0.0221922 0.127439 0.017679 0.00450161 0.130154 0.0510109 0.0204164 -0.000123308
internal_weight=2018.34 1714.11 1624.27 304.234 89.8406 1535.65 1156.14 1074.59 45.3322 13.6013 31.7309 0.210562 13.4376 0.416973 31.5203 1.57066 0.232729 1.33793 0.200116 0.325083 379.513 632.215 116.67 4.7972 111.872 515.545 1.65035 1.46244 442.376 54.2782
internal_count=208680 94394 78074 114286 16320 70091 46226 42093 13998 3258 10740 58 3251 105 10682 399 65 334 51 94 23865 22309 1880 50 1830 20429 111 105 19784 3921
is_linear=0
shrinkage=0.05


Tree=34
num_leaves=31
num_cat=0
split_feature=11 4 6 12 28 13 13 13 3 3 1 10 13 1 18 2 14 13 2 12 9 1 12 14 1 11 8 9 28 28
split_gain=206.65 29.7886 16.266 15.3471 14.9969 14.4039 27.1791 63.3925 81.1808 56.5664 37.7876 35.7512 30.457 19.713 22.1855 19.9556 21.5407 19.012 20.9937 17.9929 17.2848 16.6886 16.4211 15.7934 21.5238 15.6127 14.8642 24.8619 25.7092 14.6702
threshold=0.0021300302649643259 0.0023610959969241449 0.00097906579353158386 0.15432142857142828 -0.020147836859795602 250.50000000000003 281.50000000000006 274.50000000000006 0.0089580571330971654 -0.024746773362094295 0.012334992019313986 0.010437051120196784 295.50000000000006 -0.016913143350463119 0.00034046991813117187 -0.0085040141383370665 25.500000000000004 265.50000000000006 0.020841197550885763 0.50064285714285528 1.4039757533475943 -0.0069614356944673319 0.99917857142857069 116.50000000000001 -0.0033801583338907144 0.003623464289855406 0.75049528985397074 0.73001723017234277 -0.013080018096364198 0.0047523491881504001
decision_type=2 2 2 2 2 2 2 2 2 2 2 2 2 2 2 2 2 2 2 2 2 2 2 2 2 2 2 2 2 2
left_child=2 4 -1 -3 -2 -5 7 9 -9 11 23 21 -8 15 -15 16 -14 18 -12 -10 -17 22 -7 24 -11 -18 -24 28 -28 -21
right_child=1 3 -4 5 -6 6 12 8 19 10 17 -13 13 14 -16 20 25 -19 -20 29 -22 -23 26 -25 -26 -27 27 -29 -30 -31
leaf_value=-0.044902701476900626 0.14685290151921773 -0.016968163844559722 -0.012280850042175334 -0.0054079334319862022 -0.026740334972267493 0.026516781678665131 -0.035432307445681627 -0.030491871915220722 0.043237123979880603 0.16096253495573168 -0.0051076964818852558 0.36567101896746673 0.13546340117752848 0.0093506851172432872 -0.0089817936486928096 0.038445360090174942 0.11868184484951401 -0.02697849301764926 0.09137614863973921 0.15963366435381857 0.1428323731639507 0.021295364623043066 0.01584364638060333 -0.02924275704413893 -0.011676222782954399 0.010940079967538711 0.4274418305790943 0.091167660842637069 0.089700350522093422 0.091013887591724685
leaf_weight=247.54423872451298 1.2638904978521157 63.991115381009877 45.187878277851269 177.48778770351782 79.706852393923327 16.550479694269598 42.948146248236299 18.054520644946024 14.815005498006938 2.6172235019039363 8.5573024130426365 0.82318660616874595 3.7746190577745429 664.77478337823413 219.5302928367164 11.273880355525764 3.4645402552559963 8.7938995514996332 16.52601084113121 10.160519584314896 6.1174725890159598 73.44848411064595 4.5668888911604908 104.4706598429475 5.8208189902361465 114.04732480458915 1.219420488458127 12.287170507013796 1.0474507985636581 33.369727973360568
leaf_count=100288 90 6008 13998 7346 16662 349 3478 1744 253 80 176 8 39 32769 10535 181 77 143 153 120 76 2108 73 8950 251 2202 22 202 26 273
internal_value=-0.00102945 0.00557464 -0.039867 0.00703585 -0.0240307 0.00801015 0.0097124 0.0221784 0.0621613 0.0102799 -0.0100321 0.0373987 0.00581647 0.00754823 0.00479961 0.0250753 0.0178931 0.0362819 0.0584602 0.0908322 0.0751639 0.0349223 0.0629805 -0.0239282 0.0418711 0.0141166 0.0945423 0.119237 0.271382 0.107031
internal_weight=2014.24 1721.51 292.732 1640.54 80.9707 1576.55 1399.06 333.129 76.3998 256.729 146.786 109.943 1065.93 1022.98 884.305 138.678 121.286 33.8772 25.0833 58.3453 17.3914 109.12 35.6714 112.909 8.43804 117.512 19.1209 14.554 2.26687 43.5302
internal_count=208680 94394 114286 77642 16752 71634 64288 14931 2390 12541 9753 2788 49357 45879 43304 2575 2318 472 329 646 257 2780 672 9281 331 2279 323 250 48 393
is_linear=0
shrinkage=0.05


Tree=35
num_leaves=31
num_cat=0
split_feature=10 13 6 7 7 15 7 13 14 10 15 27 5 6 18 7 30 13 30 12 15 1 12 12 1 29 6 1 15 5
split_gain=158.863 26.3454 23.5792 16.3428 15.7416 29.0345 22.469 23.7401 59.3262 18.8088 37.8383 17.8216 14.8584 14.4243 14.977 13.8593 13.1435 20.0096 31.7416 15.7625 27.8822 96.5496 31.0724 28.931 32.4037 13.1302 18.0357 13.0269 17.2551 11.94
threshold=0.0018836640369297001 344.50000000000006 0.00097906579353158386 0.00057311549501986279 0.00093976824173498067 0.79504202443868632 0.0032464646597085349 370.50000000000006 31.500000000000004 0.0019651745210019895 0.83333330555553486 2.866036612564391 0.0059100293997733106 0.0011714051689054709 0.010840515010532986 0.00041135945828355193 0.020096730223187368 379.50000000000006 0.29863497179774467 1.1418343214285718 0.65714284462585026 0.0021595002069561002 1.4263035714285734 1.3299178571428591 -0.008229669238463742 -0.8161847755390349 0.0014682798569573834 -0.016913143350463119 0.011976047509776966 0.0048276374290572343
decision_type=2 2 2 2 2 2 2 2 2 2 2 2 2 2 2 2 2 2 2 2 2 2 2 2 2 2 2 2 2 2
left_child=2 13 12 -4 27 -6 9 8 11 10 -7 -8 -1 14 15 -2 -5 19 -19 25 21 22 23 24 -21 26 -18 28 -3 -11
right_child=1 4 3 16 5 6 7 -9 -10 29 -12 -13 -14 -15 -16 -17 17 18 -20 20 -22 -23 -24 -25 -26 -27 -28 -29 -30 -31
leaf_value=-0.039193480137079302 -0.011630851132547856 -0.054315062124239137 -0.030465440277989909 -0.014086736351013852 -0.014239013233823219 1.0250486223830151 0.63804747629852654 -0.019270762127630531 0.030882976622485292 -0.0095583094932787053 0.071205794437624023 0.28739967796166321 0.22812553046382639 0.011590207417732305 0.064625110306573558 0.004954205398312532 0.83796016310161137 0.97210143042304953 -0.050390190278286021 0.96158690848989004 -0.034055677267792211 1.1497722946262521 0.014531634566369876 0.76772893007311738 -0.050412466860004918 0.0054978431807701589 -0.050534893713340551 -0.031236438969670516 0.24262123944312283 0.092548261904172632
leaf_weight=279.11796553852037 168.97133669094183 0.94667558139189978 44.840480695245788 22.846810199087486 69.032811009557918 0.1392134027555646 0.72383431717753344 1.432690257206559 1.766195860924199 11.832639103755353 0.41072524688206613 0.72562329797074199 0.52078834734856982 785.23389618867077 9.3006183020770532 494.8972378813196 0.112580732908106 0.14672178099863131 0.15724790096282959 0.098590472247451544 1.9552803363185374 0.24981254013255227 1.9369537092279641 0.30520196445286274 0.40010729711502779 16.06222546542995 0.11593530955724418 86.490293705370277 1.0125394910573957 3.7770030666142693
leaf_count=102565 15499 20 11436 3802 5049 18 20 31 40 1042 80 20 11 24614 128 28406 26 39 38 6 179 21 216 34 75 2547 18 12759 24 99
internal_value=-0.00191244 0.00476814 -0.0315548 -0.00917536 -0.013375 0.00136646 0.0531395 0.150015 0.225438 0.025273 0.312665 0.462507 -0.0386956 0.00698615 0.00161563 0.000732889 0.012332 0.0403527 0.443152 0.0345872 0.112765 0.208756 0.122988 0.384308 0.149656 0.010852 0.387191 -0.0283484 0.0991442 0.015148
internal_weight=2005.56 1636.69 368.867 89.2279 178.29 89.8407 20.8079 4.64834 3.21565 16.1596 0.549939 1.44946 279.639 1458.4 673.169 663.869 44.3875 21.5407 0.30397 21.2367 4.94595 2.99067 2.74085 0.8039 0.498698 16.2907 0.228516 88.4495 1.95922 15.6096
internal_count=208862 87849 121013 18437 19202 6399 1350 111 80 1239 98 40 102576 68647 44033 43905 7001 3199 77 3122 531 352 331 115 81 2591 44 12803 44 1141
is_linear=0
shrinkage=0.05


Tree=36
num_leaves=31
num_cat=0
split_feature=11 4 11 13 28 8 8 3 12 12 30 13 11 3 13 27 13 3 11 11 12 1 11 11 4 13 28 12 1 2
split_gain=182.809 20.0619 19.9573 17.4204 24.3959 32.063 41.0213 20.4826 32.8781 78.7975 101.154 15.0679 19.7573 40.3585 15.7648 21.0685 34.7716 50.1903 22.4983 21.0854 28.3432 22.4464 31.5686 22.8542 28.1778 20.0494 23.9662 19.2318 19.0571 19.0563
threshold=0.0023059607599988561 0.0023944465304764728 0.0016793327052702016 294.50000000000006 -0.011312921773060805 0.93719910397312522 0.82776857331652265 0.0067739853327221109 0.090067035714286106 0.070057142857143914 0.37290244756679897 341.50000000000006 0.0035635404901386961 0.051639503062047128 324.50000000000006 1.4674296442840211 329.50000000000006 0.014088020759690402 0.003958977815161688 0.0038854245088272292 1.0577178571428598 0.0046457097826434488 0.0038200180677907488 0.0028053933192322997 0.0036877688998155455 334.50000000000006 0.014584196464666013 1.3599714285714268 0.008803274028826304 0.025592625732906441
decision_type=2 2 2 2 2 2 2 2 2 2 2 2 2 2 2 2 2 2 2 2 2 2 2 2 2 2 2 2 2 2
left_child=2 -2 -1 7 5 6 -5 -4 9 -9 -11 14 13 -13 -3 18 17 19 -16 20 21 22 -17 24 -23 -18 -27 -20 -25 -21
right_child=1 11 3 4 -6 -7 -8 8 -10 10 -12 12 -14 -15 15 16 25 -19 27 29 -22 23 -24 28 -26 26 -28 -29 -30 -31
leaf_value=-0.047224851898294853 -0.021508054709383564 0.0054331599166845546 -0.021154422903943745 0.18502445507100046 -0.035963698340209488 -0.050439564187417664 1.0985880700708957 -0.050302737937243137 0.043528771646122844 2.2616017585041628 -0.050619709914360246 -0.032928299058731091 0.0041981610584028821 0.66272741426855575 -0.024686129671074732 0.002565719910225181 -0.0164884941974828 -0.015519020345708177 0.036503102049048795 0.058251897842458905 0.0013292303299671086 0.81045302040099865 0.52178572684444668 0.35251735907299542 0.21155760758087225 0.012064590757719089 0.11332623142812973 -0.02714284827400696 0.1528442466951323 0.28637668434819291
leaf_weight=189.08737275889143 70.295672598993406 1246.7820205620956 20.617051024222746 0.41799948387779184 88.007333817193285 0.67561196046881378 0.17403891542926431 0.29556049685925145 12.151172606507314 0.1081386071164161 0.08407490118406713 62.20386195438914 117.80296540912241 0.20919186249375243 37.924726414028555 1.8788648732006605 25.609853169880807 9.1815064826514554 55.980711160693318 10.476799888070671 1.8489495057146985 0.40614543831907202 0.34677836718037713 1.9627550113946197 0.38031006930395961 17.631353237200532 8.7395526650361699 15.06278407666832 3.0547995348460972 1.00309882685542
leaf_count=83885 13994 49601 6806 58 30952 136 29 72 1514 29 13 8329 4308 3 3887 225 1153 278 1407 253 110 38 8 66 35 1072 137 410 43 11
internal_value=-0.00185165 0.00464119 -0.0370389 -0.0213202 -0.0328268 0.184956 0.453581 0.00956901 0.059686 0.462188 1.25023 0.00577693 -0.0078521 -0.0305966 0.00748466 0.0208419 0.0399002 0.0822438 0.00640928 0.12427 0.177824 0.218465 0.0834656 0.270233 0.520842 0.0150222 0.0456236 0.0230088 0.230952 0.0781851
internal_weight=2000.4 1688.78 311.618 122.531 89.275 1.26765 0.592038 33.256 12.6389 0.487774 0.192214 1618.49 180.216 62.4131 1438.27 191.489 82.5208 30.54 108.968 21.3585 9.8786 8.02965 2.22564 5.80401 0.786456 51.9808 26.3709 71.0435 5.01755 11.4799
internal_count=208862 85368 123494 39609 31175 223 87 8434 1628 114 42 71374 12640 8332 58734 9133 3429 1067 5704 789 525 415 233 182 73 2362 1209 1817 109 264
is_linear=0
shrinkage=0.05


Tree=37
num_leaves=31
num_cat=0
split_feature=11 11 4 13 28 12 12 3 0 13 12 3 28 12 13 2 10 13 11 3 9 4 5 13 13 13 3 3 1 13
split_gain=171.735 19.7477 18.3035 15.7919 17.8977 16.5069 20.8504 16.0617 15.0069 15.2069 56.8142 134.994 206.395 15.1978 14.8403 13.6199 14.3033 13.55 18.5016 22.4302 17.2072 14.249 21.2488 14.0426 15.9936 45.5643 51.4566 48.1556 35.4163 28.4253
threshold=0.0023059607599988561 0.0016793327052702016 0.0023944465304764728 294.50000000000006 -0.011312921773060805 1.3299178571428591 0.12300832142857096 0.0067739853327221109 -0.0071866448188764301 291.50000000000006 0.18132499999999904 0.0011072032618002494 0.0012261561647523166 0.15845000000000151 273.50000000000006 -0.00072208405103618689 0.0005944099890570477 341.50000000000006 0.0035635404901386961 0.051639503062047128 0.24932132586865 0.0035106740018979302 0.00012471678901232678 250.50000000000003 281.50000000000006 275.50000000000006 -0.024746773362094295 0.010137375491080626 0.017119076621270327 288.50000000000006
decision_type=2 2 2 2 2 2 2 2 2 2 2 2 2 2 2 2 2 2 2 2 2 2 2 2 2 2 2 2 2 2
left_child=1 -1 -2 7 5 6 -5 8 -3 -10 11 13 -13 -11 -9 -16 -17 23 19 20 -19 22 -20 -4 25 26 -25 -27 -28 -26
right_child=2 3 17 4 -6 -7 -8 14 9 10 -12 12 -14 -15 15 16 -18 18 21 -21 -22 -23 -24 24 29 27 28 -29 -30 -31
leaf_value=-0.04707886773805027 -0.020878198158985534 0.75748411663624116 -0.0057686738305174415 0.55503214390936784 -0.035441176354515116 0.39012495255314539 -0.05073708394902781 -0.050465539371851754 -0.036604630641441545 -0.050142061459317488 -0.05015666575360872 4.1016401462283802 -0.050134273792904964 0.85261442821778921 0.18576762339543093 0.47801013056094138 0.038144736985187964 0.4137652029100054 0.42241518578387788 0.36809536244455415 -0.03393231932887348 7.6587881028244341e-05 0.0538403579482764 0.035220065666138764 -0.047740170213516002 -0.02040275289620622 -0.017474770802295467 0.079029646817570659 0.05106988986918376 0.0069399231665097693
leaf_weight=180.40933080250397 68.833334970055148 0.061790398322048357 186.17124479450285 0.16509929578751226 84.918439959641546 0.44833053275942791 1.0174733693711457 2.9328000906389198 18.312687714351345 0.29457395686767895 1.345494717126712 0.060214786324650049 0.059527324046939611 0.055386649910360575 2.251943588955327 0.18893576529808243 8.4719743535388243 0.2153950238134702 0.42250901740044255 0.35176714509725471 60.019658033503219 112.57176154432818 5.2504445370286703 113.13590413471684 24.419298372697085 16.016426977701485 144.16503817820922 50.792505799792707 21.678832435049117 890.72805515420623
leaf_count=83885 13994 3 7593 33 30952 21 169 604 6154 112 471 21 23 22 99 20 905 34 34 3 8295 3801 473 2898 1816 1468 10217 498 196 34048
internal_value=-0.00180509 -0.0366084 0.00437603 -0.0209433 -0.0322902 0.131778 0.0338345 0.00791077 -0.0205333 -0.0229218 0.115118 0.588559 2.03767 0.092733 0.0493879 0.0762232 0.0477403 0.00544516 -0.00753904 -0.0300065 -0.0323314 0.00397296 0.081291 0.00704973 0.00894231 0.0181032 0.00922124 0.0551922 -0.00851473 0.00548087
internal_weight=1995.77 300.994 1694.77 120.585 86.5493 1.6309 1.18257 34.0353 20.1897 20.1279 1.8152 0.469703 0.119742 0.349961 13.8457 10.9129 8.66091 1625.94 178.832 60.5868 60.2351 118.245 5.67295 1447.11 1260.94 345.789 278.98 66.8089 165.844 915.147
internal_count=208862 123494 85368 39609 31175 223 202 8434 6806 6803 649 178 44 134 1628 1024 925 71374 12640 8332 8329 4308 507 58734 51141 15277 13311 1966 10413 35864
is_linear=0
shrinkage=0.05


Tree=38
num_leaves=31
num_cat=0
split_feature=11 11 4 3 2 11 12 13 11 3 13 3 27 12 13 15 7 10 4 13 27 13 3 28 11 13 12 12 3 12
split_gain=163.568 18.7358 16.7208 14.4763 18.5942 25.0879 150.1 12.2734 16.3041 16.4245 15.0296 16.3929 66.2663 39.1983 16.8801 20.5335 35.7015 13.7441 14.0309 12.697 18.73 27.1341 37.7746 22.2153 19.448 19.1008 17.287 17.0285 25.7734 23.358
threshold=0.0023059607599988561 0.0016793327052702016 0.0023944465304764728 0.0087322857613700861 0.001843240592515061 0.0017428896191124526 0.78497500000000198 342.50000000000006 0.0035635404901386961 0.051639503062047128 358.50000000000006 -0.021305739499191675 1.4194105912050918 0.49467499999999787 371.50000000000006 0.79123578246216075 0.0032464646597085349 0.0027764824258460579 0.0053963646611296665 324.50000000000006 1.4674296442840211 329.50000000000006 0.014088020759690402 0.022467923740809404 0.003958977815161688 331.50000000000006 1.3599714285714268 0.59327500000000255 -0.023469216718974558 0.29177857142857028
decision_type=2 2 2 2 2 2 2 2 2 2 2 2 2 2 2 2 2 2 2 2 2 2 2 2 2 2 2 2 2 2
left_child=1 -1 -2 -3 5 6 -5 19 9 -9 -10 12 -12 -14 15 -13 17 18 -17 -4 24 22 -22 -23 -21 -25 27 29 -29 -26
right_child=2 3 7 4 -6 -7 -8 8 10 -11 11 14 13 -15 -16 16 -18 -19 -20 20 21 23 -24 25 26 -27 -28 28 -30 -31
leaf_value=-0.046926878365857044 -0.020254128205002626 -0.030324529026345484 0.0047632683253029159 -0.050114619745129832 -0.010089827119253658 0.071177528891359879 3.1081707838746779 -0.031879566213147602 -0.013335515661162731 0.27142461132532941 0.031716860428345948 0.00025432869636320918 0.71923092881951134 0.16320919648409152 -0.030622412002148408 -0.050815991561229137 0.28737638320088488 0.0021752067379251752 0.22876813009630365 -0.023947784435383777 0.10445445924125836 -0.00038674173868373377 -0.015204878038504352 -0.057257879123526437 0.073719619408370601 0.11612158491220095 -0.027669728185743543 0.14239227618534939 0.029136193009141401 -0.014811502919734052
leaf_weight=172.15267060766928 67.442478981800377 94.17807430983521 1256.211689599324 0.18099921126850205 20.521548581309617 5.2787392842583358 0.04749055509455502 56.160843525780365 61.887965107802302 0.44992592930793662 8.9267930272035283 16.313169364351783 0.58254413120448478 0.69530373997986317 16.264761350117624 0.62539870711043333 1.886902969330549 5.4772851560264826 1.5887015694752333 38.782871145289391 23.873571325326338 46.139411550248042 9.1131422463804466 1.9806100316345681 10.451304024085401 8.0246273074299079 15.320275218691675 7.4033309989608851 15.625500597525386 25.948448281735182
leaf_count=83885 13994 33831 49601 81 4779 906 12 8039 2224 3 197 741 17 24 654 53 28 175 38 4065 789 2440 278 22 270 100 423 113 485 595
internal_value=-0.00180798 -0.0363501 0.00414232 -0.0212026 0.0118026 0.0933801 0.606321 0.0051519 -0.00752702 -0.029469 0.00334531 0.0230612 0.0799238 0.416688 0.00929667 0.0343734 0.0924831 0.0446705 0.149796 0.00663683 0.0182501 0.0354053 0.0713965 0.0142593 0.00478196 0.0817998 0.0196882 0.0318967 0.0655459 0.0106081
internal_weight=1989.54 292.36 1697.18 120.207 26.0288 5.50723 0.22849 1629.73 170.86 56.6108 114.249 52.3609 10.2046 1.27785 42.1562 25.8915 9.57829 7.69139 2.2141 1458.87 202.663 89.1314 32.9867 56.1446 113.532 10.0052 74.7489 59.4286 23.0288 36.3998
internal_count=208862 123494 85368 39609 5778 999 93 71374 12193 8042 4151 1927 238 41 1689 1035 294 266 91 59181 9580 3629 1067 2562 5951 122 1886 1463 598 865
is_linear=0
shrinkage=0.05


Tree=39
num_leaves=31
num_cat=0
split_feature=11 11 12 13 13 3 5 3 3 8 29 13 13 13 3 1 10 8 12 18 5 15 15 27 27 10 10 5 3 10
split_gain=153.744 19.0708 17.5461 18.1091 21.7264 17.0026 14.7908 14.0684 13.7795 13.7669 13.1835 12.1976 17.6094 14.4954 48.9142 15.1855 13.8851 13.7029 13.1586 29.6414 23.5384 27.5687 25.8473 28.3297 21.8693 13.9101 12.2749 25.2309 11.2602 24.012
threshold=0.0021300302649643259 0.0032336224862785506 1.0773999999999975 279.50000000000006 273.50000000000006 -0.018565937327577161 0.0083892040433350638 0.016421255555622908 0.011005538932230554 0.39006884349436693 -0.89052216169074649 250.50000000000003 246.50000000000003 255.50000000000003 -0.024746773362094295 0.0068628342371415138 0.010437051120196784 1.6165039244028068 0.38276428571428822 0.00024670545435067124 0.00095986979507819308 0.11608718695970473 0.45238094609788521 0.66836523395603853 1.3300393499312937 0.0028621216001087977 0.0031972759465969049 0.00103770228959905 -0.11844196874440947 0.004979440363669283
decision_type=2 2 2 2 2 2 2 2 2 2 2 2 2 2 2 2 2 2 2 2 2 2 2 2 2 2 2 2 2 2
left_child=7 2 -2 4 -4 -6 10 -1 -7 -3 -5 12 -11 14 15 17 -14 18 19 20 -13 -22 23 -23 -24 -20 27 -27 -28 -30
right_child=1 9 3 6 5 8 -8 -9 -10 11 -12 13 16 -15 -16 -17 -18 -19 25 -21 21 22 24 -25 -26 26 28 -29 29 -31
leaf_value=-0.040841943127107427 -0.016282956717194829 -0.018369709755449874 -0.031981255979827712 0.67980012464242712 0.6165235196655372 -0.030036894074726012 0.39577423180937621 0.031765243960717025 0.10307186377453766 0.0054861443461736931 -0.014833540877605004 0.016755443730546684 -0.031190537758973631 0.0066558173459131025 -0.02652441183556355 -0.0094247596264141285 0.16441775322515639 -0.05396002713584222 -0.0091391057124171789 -0.053782075389493103 0.039937850385868501 0.25777834967546903 -0.052305764663164972 0.71632850761534095 0.39364491434407078 0.41719043958025853 -0.0022220418799909973 0.080584060606739324 0.028117589357718617 0.11234540422832398
leaf_weight=238.52579434204381 192.3236915722955 57.853958380175754 5.284406968625265 0.068491634447133687 0.14984187041409391 2.3288957551121685 0.22330089099705119 6.8635108061134806 11.773072021314873 114.7977411521133 25.196754729142413 1.3379215670283873 58.032998722512275 1172.0131259863265 30.065692791016772 9.2919997628778201 0.9216340072453012 2.5535794408060601 7.0721606388688079 1.6045348020270465 0.9806180298328403 0.63745669601485155 0.54260036442428805 0.71421390469186008 0.55726094171404839 0.74168237857520525 6.2824965380132118 2.2322330260649323 16.751271753571935 17.099113612435758
leaf_count=113392 33267 3229 811 18 15 238 8 1103 93 4216 4031 59 3027 41537 2252 179 23 97 501 55 26 20 27 21 21 23 56 67 296 154
internal_value=-0.0017614 0.00346536 -0.00970522 0.0183916 0.0546113 0.0867189 -0.00936969 -0.0388111 0.0810894 0.00554648 -0.0129505 0.00650453 -0.00592079 0.00820383 0.0266297 0.0499942 -0.0281326 0.0593352 0.0644509 0.132118 0.194651 0.263998 0.353622 0.500073 0.173642 0.0558546 0.0665175 0.164532 0.0592545 0.0706643
internal_weight=1984.82 1739.43 237.348 45.0248 19.5362 14.2518 25.4885 245.389 14.102 1502.08 25.2652 1444.23 173.752 1270.48 98.4648 68.3991 58.9546 59.1071 56.5536 6.37461 4.77007 3.43215 2.45153 1.35167 1.09986 50.179 43.1068 2.97392 40.1329 33.8504
internal_count=208862 94367 38481 5214 1157 346 4057 114495 331 55886 4049 52657 7266 45391 3854 1602 3050 1423 1326 229 174 115 89 41 48 1097 596 90 506 450
is_linear=0
shrinkage=0.05


Tree=40
num_leaves=31
num_cat=0
split_feature=4 18 4 18 12 3 6 6 10 12 28 14 14 4 15 7 3 4 10 30 3 3 15 15 27 15 12 27 4 4
split_gain=141.339 24.9592 22.7615 20.9609 19.4204 22.2223 20.8529 13.648 14.6699 12.1674 15.7461 11.415 20.7575 17.1802 18.4054 25.2529 15.3704 13.7883 32.0174 75.6728 13.3753 34.4521 17.8444 13.2749 11.0422 10.7527 13.0734 10.4863 11.8902 10.304
threshold=0.0025351911483864225 0.0040917647622630308 0.0057880190807146573 8.069521268099911e-06 2.1274000000000064 0.092325586635149351 0.0016667114719430456 0.0034098008110899666 0.0047192299763114138 1.3936607142857167 0.022467923740809404 78.500000000000014 137.50000000000003 0.004669607576142939 0.27112778583186509 0.001735469776434884 -0.11844196874440947 0.0026064412222266361 0.0019943630637237696 0.38888294638265852 -0.071787237332677542 -0.046425643956555233 0.21428571057173665 0.061059080803880818 61457.500000000007 0.239041138916635 1.8119892857142841 2.807226867358882 0.0042569829282496129 0.0038822445343544656
decision_type=2 2 2 2 2 2 2 2 2 2 2 2 2 2 2 2 2 2 2 2 2 2 2 2 2 2 2 2 2 2
left_child=1 4 3 9 -1 6 -6 -5 -9 10 -2 17 13 14 15 16 -13 18 19 -11 -17 -22 -23 -15 -16 -18 -27 -12 29 -29
right_child=2 -3 -4 7 5 -7 -8 8 -10 11 27 12 -14 23 24 20 25 -19 -20 -21 21 22 -24 -25 -26 26 -28 28 -30 -31
leaf_value=-0.038037313362444675 -0.0041970269346161349 0.39654061667713236 0.0086347704290583426 -0.021919459623324967 0.015960723954234736 0.68305153212789171 0.43996310631945168 -0.051018131954011871 0.29565336683745053 -0.050197036589656997 0.0035329560852520904 0.55539462450110411 -0.016086751496619187 0.16091148160038915 0.032090639861840985 0.035038223601305922 0.048430337146699573 -0.0086124382082545092 -0.050592999915202934 2.0549917825977002 0.60948744349421013 -0.051043176926705458 0.32496033234395449 -0.0018864372857819831 0.17408380585488498 0.54441617917279217 0.076494816458377773 0.10183913291511232 0.057792847668349995 0.35387189663741619
leaf_weight=256.1306930151768 405.60340292972978 0.33406805817503382 1043.8444136204198 138.09636527602561 5.7787638020236036 0.1361846332438289 0.30530114658176888 0.54073809855617472 0.70046419557183981 0.10649453720543434 5.2392105720937234 0.16462581325322379 19.541531158145517 1.339302599895748 20.396576034836475 0.51809573732316527 6.6978974795201811 39.660799500066787 0.30504674324765801 0.071244970080442727 0.67779410257935535 0.53693456156179264 0.76527185714803636 19.254934188909829 1.4677002253010858 0.25105713529046614 0.36819265421945602 0.90205307211726882 4.4889808315783739 0.73677314817905426
leaf_count=108348 46074 30 24433 21758 1004 9 25 44 11 34 177 5 1116 40 1375 10 431 2998 38 14 15 40 39 685 36 17 25 32 83 21
internal_value=-0.00121739 -0.0353674 0.00402165 -0.00318234 -0.0359173 0.0513767 0.0372374 -0.0204359 0.144624 0.00136141 -0.00257045 0.0159834 0.0278975 0.0442886 0.0673039 0.123568 0.0776097 -0.00537937 0.260216 0.793645 0.261213 0.320395 0.169924 0.00870078 0.0416223 0.0668602 0.2662 0.05547 0.0998756 0.215146
internal_weight=1974.96 262.685 1712.28 668.431 262.351 6.22025 6.08406 139.338 1.2412 529.094 416.97 112.123 71.9799 52.4384 31.8441 9.97987 7.48177 40.1436 0.482786 0.17774 2.4981 1.98 1.30221 20.5942 21.8643 7.31715 0.61925 11.367 6.12781 1.63883
internal_count=208967 109416 99551 75118 109386 1038 1029 21813 55 53305 46387 6918 3834 2718 1993 582 478 3084 86 48 104 94 79 725 1411 473 42 313 136 53
is_linear=0
shrinkage=0.05


Tree=41
num_leaves=31
num_cat=0
split_feature=11 4 12 28 13 1 26 9 28 9 9 9 11 2 5 9 1 18 13 13 3 27 14 14 0 28 11 2 2 6
split_gain=145.68 19.2014 15.896 16.432 15.2355 15.2118 27.0288 16.3554 15.0734 16.5254 17.0303 21.2961 30.7887 21.6941 20.7402 35.4037 15.069 12.3613 12.2038 41.1481 25.431 14.2911 15.2536 21.7144 16.1961 14.1761 14.1238 19.7294 13.1252 11.908
threshold=0.0021300302649643259 0.0057880190807146573 1.3936607142857167 0.0062217010256940515 241.50000000000003 -0.013541250525613223 1.0000000180025095e-35 1.4185895265991684 -0.00937134009444659 0.62858597040898634 0.4458020173359285 0.46545626910223764 0.0042717840270483252 0.00082714707968090117 0.00097100260545839024 0.61762741563330781 -0.00017486690734058727 0.00035776465047622383 326.50000000000006 328.50000000000006 0.0046005891874868485 2.4005876824176711 51.500000000000007 54.500000000000007 -0.0029539462156560332 0.012958554064170069 0.0035635404901386961 0.016322129319506166 0.023105014839910457 0.00098966681409819418
decision_type=2 2 2 2 2 2 2 2 2 2 2 2 2 2 2 2 2 2 2 2 2 2 2 2 2 2 2 2 2 2
left_child=4 2 3 8 -1 6 -4 -8 9 10 -2 12 -12 14 15 16 -13 -7 -5 20 -20 22 -21 24 -24 -26 27 -22 -23 -6
right_child=1 -3 5 18 29 17 7 -9 -10 -11 11 13 -14 -15 -16 -17 -18 -19 19 21 26 28 23 -25 25 -27 -28 -29 -30 -31
leaf_value=0.22880193111216043 -0.0064057594002839618 0.0080114703288133443 0.018446654151875949 -0.0019864477153845963 -0.044412736318397719 0.01265497327928909 0.10712495646369638 0.33636045559994887 -0.017505165114721163 -0.0077692338758041588 0.6866531598159874 0.040700991607620821 0.10028649953923614 0.40699812044666822 0.0060004854740962725 0.60158127342159118 0.29949466992115453 -0.034697714510672988 0.30902686253394718 8.0579384173545734e-05 0.091139348557384259 -0.041446781034307573 0.40732884041616302 -0.0042147515684153487 0.036445723943169882 0.19960347247455792 0.0064189437546072498 0.46441381242522334 0.070892591071755398 -0.01350250178930878
leaf_weight=0.53090516617521544 10.933278985088693 1047.6551513711456 8.944671303033827 116.63257526769303 190.57338880596217 116.56283270940185 2.3978565335273738 1.1518876077607272 300.15859506605193 61.39779104734771 0.33892267546616395 2.7047751480713496 0.65946415555663407 0.43492818484082896 8.8709083991125208 0.38283802545629431 0.71018723701126596 15.63014671509154 1.7718793582171191 12.530382068362089 1.3402397928293792 15.349445672705771 0.53435146249830712 4.1843543297145516 2.6447090026922506 2.680784241296351 2.4837059178389609 0.48105433676391829 3.1302962149493387 37.248432957334444
leaf_count=28 825 23840 337 7628 100545 7688 78 33 44116 4155 37 211 39 17 566 29 39 1297 36 1307 103 1638 7 270 122 27 69 14 71 13795
internal_value=-0.00118393 0.00373661 -0.00270699 -0.00658404 -0.0387355 0.0120404 0.0647745 0.181512 -0.0122071 0.00619144 0.0404293 0.0767404 0.299341 0.0597801 0.0478598 0.145635 0.0945206 0.00705612 0.00669022 0.0281618 0.149593 0.0101875 0.0368783 0.0827844 0.144908 0.118577 0.083972 0.189731 -0.0224175 -0.039359
internal_weight=1971.05 1742.7 695.043 550.355 228.353 144.687 12.4944 3.54974 386.592 86.4331 25.0353 14.102 0.998387 13.1036 12.6687 3.7978 3.41496 132.193 163.764 47.1312 6.07688 41.0543 22.5746 10.0442 5.85984 5.32549 4.305 1.82129 18.4797 227.822
internal_count=208967 94599 70759 61326 114368 9433 448 111 50034 5918 1763 938 76 862 845 279 250 8985 11292 3664 222 3442 1733 426 156 149 186 117 1709 114340
is_linear=0
shrinkage=0.05


Tree=42
num_leaves=31
num_cat=0
split_feature=4 13 10 3 9 29 3 12 12 13 13 3 1 13 9 9 13 1 1 2 14 13 6 12 8 3 6 8 1 3
split_gain=126.306 25.3493 22.2199 13.8435 13.4804 32.2739 12.6693 11.1273 9.64823 17.2771 22.7496 23.2175 21.0634 11.9591 11.347 29.3636 10.5949 10.3336 9.39614 24.438 18.9064 25.9564 8.93237 8.86687 15.403 12.1191 11.6943 14.8399 13.7619 12.944
threshold=0.0022335748324920535 241.50000000000003 0.0021175300446425595 -0.06545937655732402 0.40853082601570073 -0.26246275717158241 0.013157894736842148 0.10038453571428592 0.94944642857143546 275.50000000000006 313.50000000000006 0.071717674160337377 -0.0055898534088560927 245.50000000000003 0.99943374464646229 0.82728200190340417 279.50000000000006 0.020187808510947595 -0.011623491210300983 -0.010398316394480243 81.500000000000014 323.50000000000006 0.001183588081415014 0.93437142857142119 2.5321269201261702 0.1128606932665185 0.0012686363305059224 1.807272647486877 0.012334992019313986 -0.02773307124631624
decision_type=2 2 2 2 2 2 2 2 2 2 2 2 2 2 2 2 2 2 2 2 2 2 2 2 2 2 2 2 2 2
left_child=1 -1 6 4 -3 -6 18 -4 13 -10 11 14 -12 -8 15 16 -11 -15 19 -2 21 -21 -9 24 25 -24 27 28 29 -25
right_child=2 3 7 -5 5 -7 8 22 9 10 12 -13 -14 17 -16 -17 -18 -19 -20 20 -22 -23 23 26 -26 -27 -28 -29 -30 -31
leaf_value=0.22749102596996199 -0.012387106199343252 -0.051567773632492653 -0.04000593690796269 -0.040909975049496568 0.71518353781507171 -0.050689565885130988 0.32842559130879023 0.0013394767212392977 -0.034764181225874706 0.13441170000829236 0.26588634234261072 0.35102692754562853 -0.041334589351520984 -0.015145199692998291 -0.0012934167198012608 0.42993130167370802 -0.050697460799653093 0.13064859816986599 -0.022104384061052113 0.49450763745636384 -0.05135028010730143 0.039998633388222515 0.012927370122150242 0.076300641747862899 -0.054854354722249671 0.052900597326327348 0.001367830411164618 0.3003334092385409 0.14029955556483228 -0.035218498018185489
leaf_weight=0.88991328375413914 6.7073078107787296 0.47764244093559571 13.503773908014407 198.41343165852595 0.2607974773272872 0.29108650167472661 0.26364628784358402 687.90429251489695 5.7847522767260697 2.6903006993234144 0.62733715306967575 0.98739968053996552 5.0415671084774649 32.232000848976895 2.2145108417607844 0.71863847831264127 1.0846584833925588 1.2630083020776499 149.58362240670249 0.73009153315797248 0.55070638307370234 0.55133500974625349 458.89835673663765 4.5362978377379459 8.1229929777327907 19.778708058875054 353.59620537282899 0.56018869346007782 2.6180536728352317 6.1022776549216324
leaf_count=46 399 34 1934 94548 21 33 23 38212 593 21 40 29 577 4073 119 35 129 12 42489 34 45 65 15303 112 231 197 9204 22 49 338
internal_value=-0.00114768 -0.038773 0.00311892 -0.0399611 0.142912 0.31123 -0.0121056 0.00518423 0.00907368 0.0374236 0.0686699 0.12466 -0.00733664 -0.00700744 0.0913401 0.136991 0.0812243 -0.0096477 -0.0191922 0.03182 0.193659 0.298955 0.00557994 0.00899482 0.0134204 0.014579 0.00313115 0.0482575 0.0376054 0.0123334
internal_weight=1966.98 200.333 1766.65 199.443 1.02953 0.551884 211.031 1555.62 52.9078 19.1492 13.3644 7.69551 5.6689 33.7587 6.70811 4.4936 3.77496 33.495 158.123 8.53944 1.83213 1.28143 1542.12 854.213 486.8 478.677 367.413 13.8168 13.2566 10.6386
internal_count=208967 94682 114285 94636 88 54 48683 65602 5651 1543 950 333 617 4108 304 185 150 4085 43032 543 144 99 63668 25456 15731 15500 9725 521 499 450
is_linear=0
shrinkage=0.05


Tree=43
num_leaves=31
num_cat=0
split_feature=11 4 13 13 2 12 18 18 8 13 13 10 15 4 4 9 18 8 6 8 2 11 5 5 5 7 4 29 9 0
split_gain=129.678 17.3231 17.6267 16.4348 15.4929 13.3767 12.3788 26.2753 17.0933 17.0095 15.7787 14.7504 9.66855 14.9469 9.22548 15.1089 12.7685 23.6282 33.5638 11.015 10.9865 10.8539 14.2317 15.1225 8.86342 8.8303 8.79912 8.73738 9.25701 15.8248
threshold=0.0020613383851268243 0.0022335748324920535 241.50000000000003 244.50000000000003 -0.0026489009496818978 0.10038453571428592 0.00054634884489292244 0.0048520647773876409 1.9545092333869085 281.50000000000006 359.50000000000006 0.0059127620932831809 0.89393938039486287 0.010209422662491563 0.0062772616289481073 0.62118358888079084 0.00051425779777388217 0.94860098167923235 0.0002173913043478242 0.45030477494047905 0.090031721845268101 0.017343348367495074 0.0020743754297364836 0.00095986979507819308 6.4254870916441434e-05 0.0012017167381974502 0.005187663734620626 -0.1706171494486621 0.34357277847230283 -0.0048527482430537052
decision_type=2 2 2 2 2 2 2 2 2 2 2 2 2 2 2 2 2 2 2 2 2 2 2 2 2 2 2 2 2 2
left_child=3 2 -2 4 -1 -3 8 24 14 12 -11 -12 -9 -14 15 19 20 18 -18 21 -17 -7 23 -23 -8 -15 -22 28 29 -21
right_child=1 5 -4 -5 -6 6 7 9 -10 10 11 -13 13 25 -16 16 17 -19 -20 27 26 22 -24 -25 -26 -27 -28 -29 -30 -31
leaf_value=0.48509239515768315 0.17743100564055239 -0.041512881446080556 -0.026423909211039754 -0.040036823096754263 0.032004832125683183 -0.019888161421287593 0.2474698725793251 0.022646572774496887 -0.031633810312976976 0.0011064590444278288 -0.011109682921766367 0.22027137609789793 -0.053654252255009541 0.079417388460638214 0.012066754075888015 -0.0029976927741927036 0.86293880560902958 -0.05063681731443527 0.12996428998351062 0.26498313287136727 0.1451286799445887 0.020989502680281602 -0.051732106571489793 0.34532175021402117 -0.010451578386482988 0.18295341480370686 0.0084029438429995065 -0.0015994797580532218 0.031532028955747471 -0.031709860125915069
leaf_weight=0.27913379296660423 1.0793581656180311 15.867887401138431 60.369856100413017 200.68801281123888 0.58217807440087099 29.264365917537365 0.33345725107937951 13.532118528150024 28.003620068426244 63.198178882710636 1.1972487438470119 1.6218673959374426 1.7847672645002592 9.8509678896516544 640.16030843229964 424.68596416013315 0.2186274945270259 0.78873824584297836 0.54682086803950369 0.47102948883548279 2.2536763921380034 0.68643649388104611 1.0424693422392008 0.75438545178622007 305.63151702506002 2.6036617513746014 2.4625084772706032 33.490608964115381 109.7430111435242 9.8010717279976216
leaf_count=30 45 2363 16052 110203 37 2402 25 304 1666 1099 46 24 52 99 12586 33612 14 103 48 16 65 32 41 29 15457 27 73 3122 8416 879
internal_value=-0.0011099 0.0032372 -0.0228432 -0.0391015 0.178841 0.00417992 0.00461044 -0.00307327 0.00700195 0.0200798 0.00626921 0.122006 0.0529097 0.0816697 0.00786311 0.00349609 -0.00163711 0.141418 0.339317 0.0154375 -0.00215489 -0.0113719 0.0889886 0.190803 -0.0101705 0.101062 0.0737387 0.0209821 0.0272836 -0.0181049
internal_weight=1962.99 1761.44 61.4492 201.549 0.861312 1700 1684.13 399.754 1284.37 93.7888 66.0173 2.81912 27.7715 14.2394 1256.37 616.21 430.956 1.55419 0.765448 185.253 429.402 31.7477 2.48329 1.44082 305.965 12.4546 4.71618 153.506 120.015 10.2721
internal_count=208967 98697 16097 110270 67 82600 80237 17133 63104 1651 1169 70 482 178 61438 48852 33915 165 62 14937 33750 2504 102 61 15482 126 138 12433 9311 895
is_linear=0
shrinkage=0.05


Tree=44
num_leaves=31
num_cat=0
split_feature=11 4 18 3 18 18 8 13 3 14 8 13 10 9 4 9 8 11 5 2 18 3 29 4 29 14 29 3 29 2
split_gain=121.676 17.9521 16.1323 12.6004 11.8931 24.5432 15.9825 14.8143 14.1325 12.4911 11.0312 10.3421 9.57857 9.47824 9.28216 11.6949 9.37384 9.25761 10.3329 9.20874 8.74041 17.4471 8.56796 8.44002 8.27384 13.1672 28.5854 10.3217 9.39173 24.6161
threshold=0.0019792833007000149 0.0022503569819600088 0.0040917647622630308 -0.06545937655732402 0.00054634884489292244 0.0048520647773876409 1.9545092333869085 281.50000000000006 0.017923613778616402 30.500000000000004 1.1626022467739026 244.50000000000003 0.0029853430493530322 0.46545626910223764 0.0062772616289481073 0.62118358888079084 0.45030477494047905 0.017343348367495074 0.0020743754297364836 0.090031721845268101 0.00051425779777388217 -0.040373070754660449 -0.73404694892799993 0.0086944765045103272 -0.35929419352536657 9.5000000000000018 -0.59587901378278729 -0.050106966953226077 -0.34883927068153647 0.0080269185683468098
decision_type=2 2 2 2 2 2 2 2 2 2 2 2 2 2 2 2 2 2 2 2 2 2 2 2 2 2 2 2 2 2
left_child=11 2 3 -2 6 23 14 8 13 10 -9 12 -1 -7 15 16 17 -3 22 20 24 -22 -19 -6 25 26 -17 -26 29 -29
right_child=1 4 -4 -5 5 7 -8 9 -10 -11 -12 -13 -14 -15 -16 19 -18 18 -20 -21 21 -23 -24 -25 27 -27 -28 28 -30 -31
leaf_value=-0.051467580344055179 0.12200273787616965 -0.019827910927689932 0.27425566709140575 -0.028257394306774864 -0.017096310447604391 0.15944943719375709 -0.031307743291910432 0.23684968026254133 0.091810450756971154 0.00092470573522185687 0.037357171473131549 -0.040768270174976806 0.305102367621085 0.0097960493830146749 0.011230863509152485 1.0561296261448379 0.018016171841993025 0.017798033143747897 -0.051645931707775254 0.065535638064661922 0.45980542144697634 0.040076757803243934 0.24455188361035402 -0.00016789959236038194 0.023715692300901741 -0.018241740683500318 -0.050511904278500767 -0.017302291529398196 -0.0036660668376860108 0.28103897763879088
leaf_weight=0.34355896338820358 1.4266869276761998 29.28593568853103 0.45369218732230265 63.210033758427016 187.33910098776687 1.1341824345290721 27.779450262896717 1.0341552628669881 11.444558470509945 63.401826337678358 2.1003805338405073 181.34403039852623 0.41688687121495605 15.756052172277121 648.21466265921481 0.090369081124663353 159.04640469048172 0.70951331313699495 0.9932403522543608 5.0253178328275672 0.2919887420721351 1.6280899361008767 1.0090508065186432 121.30586540559307 41.688109875191003 83.331644163816236 0.16471506922971357 2.0352259561186652 305.63622066751122 1.0471402204129843
leaf_count=41 95 2534 20 18295 14538 18 1810 27 158 1108 48 105201 17 310 12684 17 13142 24 41 138 9 176 36 2197 1384 6058 33 207 28553 48
internal_value=-0.00107226 0.00291759 -0.0228553 -0.0249408 0.00389777 -0.00360635 0.00621282 0.0186353 0.0489124 0.0057417 0.103174 -0.0399967 0.144009 0.0198453 0.00702699 0.00271515 0.0130484 -0.011644 0.0767372 -0.00176191 -0.00253774 0.103905 0.150936 -0.010443 -0.00300866 -0.0171438 0.34154 0.000363157 -0.00279027 0.0840501
internal_weight=1958.69 1776.58 65.0904 64.6367 1711.49 403.516 1307.98 94.8712 28.3348 66.5364 3.13454 182.104 0.760446 16.8902 1280.2 631.983 191.044 31.9977 2.7118 440.939 435.914 1.92008 1.71856 308.645 433.993 83.5867 0.255084 350.407 308.719 3.08237
internal_count=208967 103708 18410 18390 85298 18404 66894 1669 486 1183 75 105259 58 328 65084 52400 15777 2635 101 36623 36485 185 60 16735 36300 6108 50 30192 28808 255
is_linear=0
shrinkage=0.05


Tree=45
num_leaves=31
num_cat=0
split_feature=11 13 12 6 18 7 28 14 9 28 18 0 6 26 15 22 27 11 2 29 12 11 5 6 15 7 10 10 12 7
split_gain=111.639 17.2107 14.2122 12.4595 18.2399 12.3505 17.3953 12.2729 19.9145 10.9163 12.8722 18.5234 10.8094 10.7978 10.1633 13.0077 10.9562 12.6094 18.1754 16.7861 15.7 25.575 19.9779 22.7431 11.1231 10.7237 16.2422 10.723 11.0472 10.3971
threshold=0.0021300302649643259 244.50000000000003 0.14653928571428565 0.00086211025630018054 0.010840515010532986 0.00082172173079284115 0.026323407647241944 86.500000000000014 1.3259309106711887 -0.022555322939973001 0.0010658825838714089 -0.010854017110021317 0.00098966681409819418 1.0000000180025095e-35 0.020833694985074747 1.0000000180025095e-35 4.6689971244501072 0.0079660532467366752 0.090031721845268101 -0.40194934720224551 0.4081892857142857 0.0057519330584396263 0.00056000224001787698 0.0024236315090873039 0.93938924530976398 2.9457689047018258e-05 0.022994806135946986 0.028162110922097822 0.6574714285714337 0.00079170095265718307
decision_type=2 2 2 2 2 2 2 2 2 2 2 2 2 2 2 2 2 2 2 2 2 2 2 2 2 2 2 2 2 2
left_child=1 -1 -2 4 5 6 9 8 -8 10 -4 -12 -3 -13 15 25 -16 20 -19 -20 21 24 23 -23 -18 26 -5 -21 -29 -27
right_child=2 12 3 14 -6 -7 7 -9 -10 -11 11 13 -14 -15 16 -17 17 18 19 27 -22 22 -24 -25 -26 29 -28 28 -30 -31
leaf_value=0.14894251172609094 -0.021578169690295662 -0.044004089245660516 -0.020742213587074215 -0.016190143033667514 0.071426327011077248 0.001990243636380291 0.043329589730631557 0.011669709830910788 0.30734525564620041 -0.01795412081448626 -0.055366727455321819 0.24573378677656704 -0.012874691222924131 0.081249143162461734 0.0030318970094911999 0.24983321004752149 0.021040647483121303 -0.0074639175107346261 0.2083454713604308 -0.042814046544391124 0.015974149421091068 0.10186022238819277 0.11318310720172829 0.68686309302978854 0.19071955915240771 0.060182958344274395 0.1886544257187466 0.14490927386113747 0.0066710340538269231 -0.031221465504980256
leaf_weight=1.2300857708323736 60.958982947748154 162.68549370754045 7.1689043338410539 16.165905758505691 8.2136049754917604 382.12802746100351 2.0215207305736826 5.2941652564331889 1.1044903984293339 214.71656968817115 2.0192022621631622 1.3326527699828146 33.655977468588389 3.9703079699538648 862.24728937400505 0.66259524342603882 17.828825067495934 65.432065772358328 1.6827363371849049 2.8923181286081654 60.017282439861447 0.32656786381266911 7.3095777297858149 0.33819498214870691 1.0211703064851452 21.855336613720286 1.0293061565607775 2.8621615804731846 2.9193155411630869 3.6275007557123891
leaf_count=74 7460 100550 159 807 108 22376 44 128 18 23072 32 30 13691 77 34497 30 965 1482 20 34 2179 27 133 14 21 607 17 22 35 55
internal_value=-0.0018649 -0.0375 0.00214186 0.00299433 -0.0025948 -0.0035758 -0.0125265 0.058055 0.136612 -0.0151194 0.0268832 0.0735118 -0.038668 0.122585 0.00627999 0.0299962 0.00527706 0.0171807 0.00227749 0.0638232 0.030187 0.0619872 0.137049 0.399478 0.0302327 0.0265832 -0.00392814 0.0357856 0.0751069 0.0471715
internal_weight=1954.72 197.572 1757.15 1696.19 627.969 619.756 237.628 8.42018 3.12601 229.208 14.4911 7.32216 196.341 5.30296 1068.22 43.3406 1024.88 162.63 75.7886 10.3565 86.8416 26.8243 7.97434 0.664763 18.85 42.678 17.1952 8.6738 5.78148 25.4828
internal_count=208764 114315 94449 86989 46044 45936 23560 190 62 23370 298 139 114241 107 40945 1516 39429 4932 1593 111 3339 1160 174 41 986 1486 824 91 57 662
is_linear=0
shrinkage=0.05


Tree=46
num_leaves=31
num_cat=0
split_feature=11 4 7 11 1 28 2 27 2 18 0 28 7 15 5 15 8 1 7 14 0 7 11 7 13 13 1 13 13 13
split_gain=104.891 16.6711 10.3651 28.6645 10.2355 17.8948 19.2993 23.0837 13.4828 14.0569 19.4314 14.4996 12.0598 22.0794 17.5063 18.2207 11.9716 13.5688 12.5477 12.5703 11.7044 11.1142 13.1737 10.7625 10.4221 26.0689 15.2389 14.576 25.4532 15.7713
threshold=0.0019792833007000149 0.0025351911483864225 0.0037781506004543786 0.0018223851676029668 0.008803274028826304 -0.010857837884582017 -0.0087360881397519612 0.073642662258322097 -0.02021630906472149 0.0003526611223547697 0.010716831438457699 0.00091347543957511379 0.00076123738354631439 0.057692306767744748 0.00057795580247263598 0.18072288993323413 1.0433284780709708 -0.031566078360409859 0.0037781506004543786 144.50000000000003 0.0024879013655527697 0.00046276452946666648 0.0063989517665748114 0.0031159525047857492 256.50000000000006 265.50000000000006 0.015004221627788585 275.50000000000006 281.50000000000006 294.50000000000006
decision_type=2 2 2 2 2 2 2 2 2 2 2 2 2 2 2 2 2 2 2 2 2 2 2 2 2 2 2 2 2 2
left_child=2 -2 -1 -4 5 6 -3 21 -7 16 -11 -12 -9 -14 15 -15 18 -18 -10 20 -20 -8 -23 -17 -6 26 -26 -27 -29 -30
right_child=1 4 3 -5 24 8 7 12 9 10 11 -13 13 14 -16 23 17 -19 19 -21 -22 22 -24 -25 25 27 -28 28 29 -31
leaf_value=-0.040106124126736281 -0.019066502339370229 0.0051102763710529388 -0.050300123567426018 0.94597935360174967 -0.0080191886244738407 -0.029075084739640961 0.045251295278613268 -0.010665908055960419 0.0034545643278774832 -0.018395285803046137 0.16843369650839013 0.01481969951839076 0.22932191578754912 0.37057671168940581 0.022874553265675571 -0.051737829170855121 0.25770610749042661 -0.010673961935426227 0.04347573651633202 0.21659551559683191 -0.038528819302704562 0.37339264307715103 0.13824755917244858 0.24292197831818046 0.0032531616121406204 -0.038434598946497145 0.068278832844893847 0.071728274137448506 -0.049073393356491538 0.0091439209517569838
leaf_weight=167.84744152950589 91.067374602891505 368.47424248210154 0.25717534776776929 0.10037662531249225 75.862504154676571 50.153993970248848 1.7892533196136344 13.585655153496189 373.01343922782689 162.62215305678546 2.3479240853339425 4.4430853612720966 1.5685527352616215 0.75564792659133972 22.27396781835705 0.80186781706288435 0.47231048904359241 164.23819264385384 27.08796293893829 0.93165914807468553 5.1839361423626533 0.82097701006569002 2.169986866414547 0.50509313098154962 12.824981123441829 16.263676008093171 30.288857856765389 15.934201037511228 12.066605567233635 323.95225306693465
leaf_count=105079 24436 9299 73 25 2334 2260 28 385 26748 13335 28 55 22 23 455 41 5 14457 631 34 88 35 37 12 463 423 239 182 355 7177
internal_value=-0.00179107 0.00177246 -0.0395333 0.229388 0.0028951 0.000419397 0.0088579 0.04005 -0.00398665 -0.00228704 -0.0149349 0.0679302 0.0274885 0.0474982 0.0357792 0.175136 0.00146599 -0.00990438 0.00607638 0.0355303 0.0303031 0.143824 0.202792 0.0621375 0.00900945 0.0121501 0.0489358 0.00784291 0.00998138 0.00705331
internal_weight=1949.71 1781.5 168.205 0.357552 1690.43 1203.24 412.745 44.271 790.495 740.341 169.413 6.79101 39.4908 25.9051 24.3366 2.06261 570.928 164.711 406.217 33.2036 32.2719 4.78022 2.99096 1.30696 487.193 411.331 43.1138 368.217 351.953 336.019
internal_count=208764 103587 105177 98 79151 67978 10337 1038 57641 55381 13418 83 938 553 531 76 41963 14462 27501 753 719 100 72 53 11173 8839 702 8137 7714 7532
is_linear=0
shrinkage=0.05


Tree=47
num_leaves=31
num_cat=0
split_feature=11 4 6 0 6 11 15 9 14 18 29 30 3 14 29 14 5 15 14 15 3 9 0 0 14 6 5 25 3 4
split_gain=98.6514 15.3546 14.1595 14.381 24.1857 12.3294 18.5005 10.28 12.6221 8.96859 11.6805 13.1466 11.9006 10.7113 11.8744 9.78454 9.16037 11.4526 9.40359 16.321 15.1942 30.8971 18.9814 31.4783 24.0093 11.4366 11.1669 13.8367 9.09323 13.7119
threshold=0.0019792833007000149 0.0043007933277981305 0.0009696396028537243 -0.0035696566922686075 0.001183588081415014 0.015657945383334506 0.99999998991171168 1.3767312929632134 83.500000000000014 0.010840515010532986 1.0211417467023121 -1.0418599062650038 0.092325586635149351 109.50000000000001 2.1658172541212752 87.500000000000014 0.002952352600141163 0.098874093753163153 65.500000000000014 0.64285713989158189 -0.007966281997822398 0.44065196754875507 0.0019380289453097002 0.0024879013655527697 64.500000000000014 0.0044012844657964839 0.0028685171056144852 1.0000000180025095e-35 0.02273967914812736 0.0047200815661986046
decision_type=2 2 2 2 2 2 2 2 2 2 2 2 2 2 2 2 2 2 2 2 2 2 2 2 2 2 2 2 2 2
left_child=-1 2 5 4 -4 -2 7 -7 -9 10 11 -3 -12 14 -11 -16 17 -13 19 28 21 -21 24 -24 -23 26 -22 -28 -19 -30
right_child=1 9 3 -5 -6 6 -8 8 -10 13 12 16 -14 -15 15 -17 -18 18 -20 20 25 22 23 -25 -26 -27 27 -29 29 -31
leaf_value=-0.039102859373928454 -0.0173252205625497 0.2200431811731515 0.69176601350642775 0.0036247532807365023 0.046213859029620392 0.0087703335507940614 0.40955073563460548 0.36237257277139334 0.025107715752220035 -0.031505133986334158 -0.0071369549273908282 0.040893757697340181 0.026795325203639919 0.098005359314702792 0.12254777042115084 -0.019498667659241058 0.0025855755259951273 -0.0066131246371225532 0.0048745199010926561 0.51378277817845075 0.017619775973908527 0.0089372124305139456 0.51771326014986363 0.075427907688031287 0.33263006855952626 0.13925756583647089 0.02775842422796463 0.39452646865561364 0.23762246157226344 0.028880509153060938
leaf_weight=161.80200679833069 225.20670649281237 0.71916509419679542 0.20198837551288207 154.55209566175472 0.51506126811727881 9.7948029225226438 0.32247495744377452 0.48037406802177496 0.65660014771856368 6.5660894252359885 312.83077716175467 32.176378631033003 28.165918912738562 5.4435244165360919 3.2584065459668636 1.9306454025208948 650.28625110920984 39.134056221460924 258.53474875702523 0.44224333949386885 29.274081178940836 5.4987542857415974 0.61440570466220368 1.1653092622291295 0.63948912732303131 2.2898223949596277 0.60611155163496622 0.4466507884208113 0.86355046927928825 8.8419818636029941
leaf_count=105177 41701 11 18 18414 50 692 11 19 46 84 9784 925 378 70 28 26 19188 2132 8260 21 1122 184 34 67 7 35 23 23 40 194
internal_value=-0.00172177 0.00167339 -0.00706986 0.00466123 0.228062 -0.0147729 0.0363004 0.0252899 0.167603 0.00413789 0.00368826 0.00634027 -0.00433419 0.0400202 0.0131687 0.0696978 0.00619117 0.0123528 0.00971654 0.0236542 0.0469234 0.107062 0.0843449 0.228117 0.0426599 0.031509 0.0233735 0.183365 0.00413111 0.0474533
internal_weight=1943.26 1781.46 391.73 155.269 0.71705 236.461 11.2543 10.9318 1.13697 1389.73 1372.53 1031.53 340.997 17.1987 11.7551 5.18905 1030.81 380.528 348.351 89.8165 40.9769 8.3602 7.91796 1.77971 6.13824 32.6167 30.3268 1.05276 48.8396 9.70553
internal_count=208764 103587 60951 18482 68 42469 768 757 65 42636 42428 32266 10162 208 138 54 32255 13067 12142 3882 1516 313 292 101 191 1203 1168 46 2366 234
is_linear=0
shrinkage=0.05


Tree=48
num_leaves=31
num_cat=0
split_feature=11 10 1 28 28 13 13 3 2 11 2 1 11 0 3 9 12 13 28 3 13 7 11 30 1 2 9 12 12 13
split_gain=92.6752 14.8338 9.62349 16.6879 13.1075 21.086 65.4576 17.2682 34.1784 11.8213 11.6698 14.3882 15.2829 22.9355 37.8383 14.5354 12.4077 11.5016 22.5827 23.4969 33.0701 16.098 15.8657 27.93 16.1479 15.5043 13.8374 13.8052 12.9324 12.5869
threshold=0.0019792833007000149 0.0018702340407390965 0.008803274028826304 -0.011312921773060805 0.00021854191805215136 273.50000000000006 279.50000000000006 0.032375130734967124 0.0038165534557886853 0.003454256745339421 -0.0087360881397519612 -0.0027496292968645637 0.011274135426634474 0.0007439323028751722 -0.033336838538986162 1.1835350643515781 2.3426178571428609 313.50000000000006 0.013716545731624947 -0.02773307124631624 329.50000000000006 0.0014694612051013155 0.0031199702001761995 0.49196608086939547 0.013498484940353441 0.0099225818165188402 1.1501589307391316 0.43574285714285216 2.2273821428571425 318.50000000000006
decision_type=2 2 2 2 2 2 2 2 2 2 2 2 2 2 2 2 2 2 2 2 2 2 2 2 2 2 2 2 2 2
left_child=-1 -2 3 10 -5 -6 7 8 -7 -10 -3 12 13 -12 -15 -14 -17 -4 19 -19 22 -22 23 -21 25 -24 -23 -26 -29 -27
right_child=1 2 17 4 5 6 -8 -9 9 -11 11 -13 15 14 -16 16 -18 18 -20 20 21 26 24 -25 27 29 -28 28 -30 -31
leaf_value=-0.038655667287427309 -0.014601752322371929 0.0057559303967333782 0.0036323586559299376 -0.011010032504925611 -0.019146950555491669 0.093797798964429288 -0.0017897921249566543 0.098443681068035083 0.022579996531967378 -0.059227199224182805 0.060250079665167634 -0.0070108535853556156 -0.01343289365162958 0.4255640662264451 0.048510965988454946 0.17260634776932579 0.0066215984977554309 -0.027314810358844435 0.0001656625704468956 0.099132262130717644 -0.025285333433971154 0.077156202029748183 -0.010787094077417177 0.48974913524638874 0.037832213086955002 0.15695772817869266 -0.039796150253118445 0.16209775007114874 0.029649752430180878 0.038216871070565275
leaf_weight=155.64680332038552 131.28059708350338 357.94828476803377 329.7391888393322 350.90055061585736 91.652151435962878 15.477207729243672 276.94194044172764 18.108882021158934 12.78284472669475 6.7465615291148415 10.68208137212787 14.532983367564155 10.320448533166198 1.2445638594217601 1.4297591678332526 2.3808472165837875 2.1359886266291142 11.334729404654352 71.589067245367914 1.5960199672263109 15.002644355758095 10.630455522681585 8.0777864218689519 0.64158622361719597 4.9156037801876691 3.6094711986370367 3.3187610364984712 9.8119978653267008 2.2692608814686528 5.8473861925303936
leaf_count=105177 27414 8485 7385 29166 6598 384 19156 94 421 119 309 325 155 33 39 32 24 175 1258 75 881 291 245 14 59 65 101 124 32 128
internal_value=-0.00165517 0.00157488 0.00286065 0.000423621 -0.0038706 0.00207005 0.00796171 0.0588056 0.0383009 -0.00568084 0.00870405 0.0334023 0.054234 0.0930338 0.223982 0.0193067 0.094113 0.00883772 0.0203848 0.0391695 0.0506359 0.0106655 0.0821084 0.211133 0.0737478 0.0400845 0.0493312 0.108476 0.13722 0.0835376
internal_weight=1938.6 1782.95 1651.67 1173.29 772.61 421.71 330.057 53.1155 35.0066 19.5294 400.675 42.7267 28.1937 13.3564 2.67432 14.8373 4.51684 478.384 148.645 77.0557 65.721 28.9519 36.7691 2.23761 34.5315 17.5346 13.9492 16.9969 12.0813 9.45686
internal_count=208764 103587 76173 65340 55938 26772 20174 1018 924 540 9402 917 592 381 72 211 56 10833 3448 2190 2015 1273 742 89 653 438 392 215 156 193
is_linear=0
shrinkage=0.05


Tree=49
num_leaves=31
num_cat=0
split_feature=11 11 3 13 10 12 30 6 22 12 15 8 16 12 18 28 28 13 12 30 11 13 30 8 12 13 5 7 30 12
split_gain=87.0252 14.0837 17.1663 19.5904 13.4124 13.8988 12.0309 11.5703 10.9772 18.2046 14.2002 10.6084 10.2599 9.50841 9.1398 28.8085 9.03532 9.01281 9.82166 13.3798 9.76387 8.66623 13.9448 52.4616 11.1169 57.1658 8.36417 12.5331 12.1494 10.1665
threshold=0.0019792833007000149 0.0027783251542097226 0.0096457964289737869 306.50000000000006 0.0047192299763114138 0.23571428571428579 0.89156725087740185 0.0044012844657964839 1.0000000180025095e-35 1.3936607142857167 0.1666666574074096 0.39006884349436693 1.0000000180025095e-35 0.14857142857142899 0.0014391101558916487 -0.025971103799544027 -0.03259102845267136 273.50000000000006 0.27489285714285733 -2.9713425974453034 0.0020195695752333082 297.50000000000006 -6.141014176399552 1.3020262369091289 0.030839285714285788 294.50000000000006 7.1150744751186104e-05 0.0032464646597085349 -7.2156370840206874 0.67614999999999992
decision_type=2 2 2 2 2 2 2 2 2 2 2 2 2 2 2 2 2 2 2 2 2 2 2 2 2 2 2 2 2 2
left_child=21 2 4 12 8 -6 7 -5 26 10 -10 14 17 16 -3 -16 -13 20 19 -19 -4 22 23 -1 25 -24 27 28 -2 -30
right_child=1 11 3 6 5 -7 -8 -9 9 -11 -12 13 -14 -15 15 -17 -18 18 -20 -21 -22 -23 24 -25 -26 -27 -28 -29 29 -31
leaf_value=1.1274951725264493 0.68708662197126147 -0.024880841538435047 0.45628538290396892 -0.034884693522677687 0.27118535568137647 -0.0057086137876325455 0.59034537549479971 0.56174901477809625 -0.050657816203299302 0.6643920143427563 0.41325363353781014 0.23454342832391228 -0.040842916874483069 0.0042787113657558147 0.32088155498456389 -0.00043000672236994086 -0.021068336185290588 0.6380223080290649 0.078333067579238386 -0.051379173264523396 -0.050412296737639611 -0.043371459260848733 -0.051274560847706263 -0.051516876919968257 -0.021663149865911242 1.1480367282482908 -0.03051885510058432 0.4205605732592268 -0.050173856352302815 0.13837197248692115
leaf_weight=0.12720418104436504 0.067657896201127055 52.947673910995945 0.098659275332472318 16.171444252948284 0.77356792381033201 1.0943112564273176 0.078057289239949479 0.081668637227266028 0.73638690670486429 0.13981058052740991 0.21257240581326187 0.34842556435614724 3.3201286444673306 1528.2432817057706 0.78793446160852898 6.0849163627717635 44.4883971309755 0.072604615939781403 17.219607976381667 2.2964450597064596 2.6166611682856455 126.39004404214211 0.48421956656966614 0.36531369166914374 22.298998556099832 0.12501222745049745 100.60834107513074 0.21167689620051522 2.2327377398032691 1.0517266629030926
leaf_count=21 9 3456 21 4001 36 66 22 10 155 21 17 9 316 60081 10 305 3654 8 570 295 507 92737 140 95 12165 19 28866 17 850 285
internal_value=-0.00159298 0.00148386 -0.0132271 0.0138844 -0.0238449 0.108965 -0.0289127 -0.0318867 -0.0262016 0.131737 0.053261 0.00282698 0.0411605 0.00361287 -0.0178395 0.0364066 -0.019082 0.0533673 0.0652009 -0.030251 -0.0320018 -0.0381966 -0.0102464 0.25299 -0.0159059 0.19482 -0.0278523 0.0474253 0.0238629 0.0102009
internal_weight=1931.78 1781.98 149.084 41.9553 107.129 1.86788 16.3312 16.2531 105.261 1.08877 0.948959 1632.9 25.6241 1573.08 59.8205 6.87285 44.8368 22.304 19.5887 2.36905 2.71532 149.791 23.4007 0.492518 22.9082 0.609232 104.172 3.5638 3.35212 3.28446
internal_count=208764 103587 36072 5750 30322 102 4033 4011 30220 193 172 67515 1717 63744 3771 315 3663 1401 873 303 528 105177 12440 116 12324 159 30027 1161 1144 1135
is_linear=0
shrinkage=0.05


Tree=50
num_leaves=31
num_cat=0
split_feature=11 4 18 3 9 4 3 6 30 10 18 13 14 11 27 28 28 15 18 4 12 1 30 1 11 7 9 27 3 28
split_gain=85.8033 18.0703 11.2117 10.9209 9.27716 11.5215 9.99112 10.783 13.7108 14.3377 8.86775 11.7916 13.9989 13.8163 11.8978 16.0498 13.4406 10.7579 10.1774 8.86516 8.73459 8.36456 21.1639 8.34136 22.7307 89.3715 12.9629 8.17707 8.13757 7.94523
threshold=0.0016793327052702016 0.0022503569819600088 0.0040917647622630308 -0.06545937655732402 0.87437121195843426 0.0057880190807146573 0.092325586635149351 0.001183588081415014 0.10110361858522783 0.0037926725236849539 0.00012550320141352386 280.50000000000006 113.50000000000001 0.0054607403108206309 4.4395437172466741 -0.03259102845267136 0.0077073639181905905 0.97206703458068733 0.0046332134992820729 0.0066381050892704739 2.0370949999999981 -0.0097968044760123312 -0.0069008107047761049 0.008803274028826304 0.0029476844113341069 0.00085301446177339917 0.85253832375932947 6.6101747475487338 0.0046005891874868485 0.0060746337369644221
decision_type=2 2 2 2 2 2 2 2 2 2 2 2 2 2 2 2 2 2 2 2 2 2 2 2 2 2 2 2 2 2
left_child=21 2 3 -2 10 6 -6 8 9 -8 -3 12 20 -14 15 -15 19 -18 -17 27 28 22 -1 -13 25 -25 -26 -16 -12 -30
right_child=1 4 -4 -5 5 -7 7 -9 -10 -11 11 23 13 14 16 18 17 -19 -20 -21 -22 -23 -24 24 26 -27 -28 -29 29 -31
leaf_value=-0.050146888774442899 0.10943955438951612 0.010181141866791884 0.19462875451860037 -0.026263004751323843 -0.010150838589442176 0.0034994380212269058 0.36365037538150213 -0.0018044431135847692 -0.0093791570085433179 0.06918122894770587 -0.050729141246319345 -0.018853110492406087 -0.031626422199927888 0.18606849759228608 0.27369312828106723 -0.014873050224690843 0.066951731772619899 0.21113824701694905 0.064537910827574693 -0.057631126965681671 0.25047808527257587 -0.04406726916111408 1.4388711467098976 0.031530604097704827 -0.004171159858872911 1.4684878342089802 0.15023421808087781 -0.050978997621136529 0.17487961303464694 0.0095631397425252618
leaf_weight=0.082487153238616884 1.5135086234658945 615.62996879848652 0.59386652440298249 72.572190350154415 265.61129181785509 693.35790595994331 0.8393669277429574 3.8630690150894225 1.0964080714620648 0.81448749359697104 1.0698445370653633 90.279086905065924 15.116425509797407 1.2242423817515398 0.45958672161213909 20.518776645651091 3.2248646900989115 2.1602473198436201 5.0222885734401634 2.2417098693549633 0.77899356395937491 107.51949713914655 0.033577532623893513 0.60726542980410414 21.132750357501212 0.13166716787964106 1.4527472825720895 0.33550298283807933 1.8404777935938912 1.2011167653836308
leaf_count=42 88 37313 24 28508 31351 16254 39 127 39 28 165 7985 1363 17 28 863 47 26 59 34 8 83871 14 100 525 18 30 26 32 20
internal_value=-0.000228424 0.00233055 -0.0217562 -0.0234907 0.00335842 7.7171e-05 -0.00863937 0.0520659 0.127733 0.218631 0.00739743 -0.00275516 0.0162042 0.00835281 0.0255279 0.00921881 0.077359 0.124792 0.00074199 -0.00675387 0.0969642 -0.0436093 0.380626 -0.0119665 0.0146886 0.287576 0.00576052 0.136692 0.067878 0.109597
internal_weight=1932.33 1824.69 74.6796 74.0857 1750.01 965.583 272.225 6.61333 2.75026 1.65385 784.428 168.798 55.1941 50.3036 35.1872 26.7653 8.42191 5.38511 25.5411 3.0368 4.89043 107.636 0.116065 113.604 23.3244 0.738933 22.5855 0.79509 4.11144 3.04159
internal_count=209044 125117 28620 28596 96497 47838 31584 233 106 67 48659 11346 2688 2463 1100 939 161 73 922 88 225 83927 56 8658 673 118 555 54 217 52
is_linear=0
shrinkage=0.05


Tree=51
num_leaves=31
num_cat=0
split_feature=11 4 28 6 30 7 13 13 1 2 12 5 2 13 13 13 4 11 12 11 2 13 13 3 3 2 7 30 3 7
split_gain=80.8973 16.6001 10.8964 8.39651 10.4483 8.28301 10.6055 12.4144 12.1925 13.2883 12.1055 9.08292 8.5952 10.6493 15.6472 18.624 16.964 20.3984 15.8054 15.1524 9.62996 9.43035 45.7093 37.4834 25.9973 18.728 14.3792 10.6795 9.62593 8.53542
threshold=0.0016793327052702016 0.0022503569819600088 -0.00937134009444659 0.0016898050613203327 -1.0103410995523554 0.0029018897460012807 358.50000000000006 369.50000000000006 0.0011898275793240656 -0.0001934436422766361 0.30022142857143114 0.00073861001802630734 0.011011487397874277 349.50000000000006 326.50000000000006 329.50000000000006 0.0032180107632205353 0.0053244078171518832 0.50064285714285528 0.0035635404901386961 0.016322129319506166 280.50000000000006 275.50000000000006 0.0041581532117809248 -0.037894199920463272 0.0017870217613881192 0.0013167536881378919 -25.084051155995031 0.015746301115733056 0.00065876152832672721
decision_type=2 2 2 2 2 2 2 2 2 2 2 2 2 2 2 2 2 2 2 2 2 2 2 2 2 2 2 2 2 2
left_child=-1 2 -2 5 -5 12 -7 8 -8 -10 -11 -12 21 14 29 16 18 19 -16 20 -18 22 24 -24 -3 -25 28 -26 -27 -14
right_child=1 3 -4 4 -6 6 7 -9 9 10 11 -13 13 -15 15 -17 17 -19 -20 -21 -22 -23 23 25 27 26 -28 -29 -30 -31
leaf_value=-0.043321107585078074 0.046043936960716174 0.015477000201603482 -0.026703272426682103 -0.0025660402625013786 0.010880583778491965 0.0066787244978301456 0.017471779313932755 -0.014184684533598935 0.34439039042645636 0.29243861687126294 0.17144925677193024 -0.021218464760806192 -0.01140953387185061 -0.036982363309222201 0.50414666791803497 0.017822935709989884 -0.00061235363956958593 0.1823966552236006 0.14629399460718304 -0.054325681418108611 0.22411339308155839 -0.0097446803927107133 -0.038543221851105321 0.13554630816286722 0.2664395661611676 -0.0061707560172359812 -0.0092890614946619515 -0.025794497322910906 0.11216505872346444 0.010913130166970304
leaf_weight=103.11958406656049 5.5724363001063457 70.23655931907706 67.487461429438554 197.85533498041332 535.34938355023041 188.14484110032208 2.7093211439205316 3.7674465439049527 0.75121258851140771 0.71512411208823357 1.0508779251249509 1.4637666177004574 67.114459628006443 13.521862082998267 0.44798031495883861 27.213959179352969 0.86558637535199512 2.6896155346184969 0.99144386884290725 3.1999700777232647 1.061116761062294 388.32328660832718 8.1754746281076205 10.578726075706074 0.31368483765981992 2.1856316946214092 6.2714528171345583 92.836383227491751 8.0406404114328307 118.31166408478748
leaf_count=83927 922 2251 27698 5396 16896 4889 103 166 19 17 25 36 2700 1082 17 1118 30 29 41 68 18 45253 1355 202 15 182 92 10194 83 4220
internal_value=-0.000234206 0.00219738 -0.0211547 0.00316997 0.00725201 0.000238498 0.00940279 0.0584113 0.0992915 0.154975 0.110919 0.059298 -0.00197466 0.00609672 0.00872187 0.0386606 0.0999282 0.0708798 0.257666 0.0123745 0.123154 -0.00521191 0.00364932 0.0552859 -0.00749167 0.0836167 0.0503182 -0.0248104 0.0868735 0.00283351
internal_weight=1930.37 1827.25 73.0599 1754.19 733.205 1020.98 198.603 10.4577 6.6903 3.98098 3.22977 2.51464 822.379 235.418 221.896 36.4697 9.25571 7.81629 1.43942 5.12667 1.9267 586.962 198.639 35.2519 163.387 27.0765 16.4977 93.1501 10.2263 185.426
internal_count=209044 125117 28620 96497 22292 74205 5255 366 200 97 78 61 68950 9323 8241 1321 203 145 58 116 48 59627 14374 1914 12460 559 357 10209 265 6920
is_linear=0
shrinkage=0.05


Tree=52
num_leaves=31
num_cat=0
split_feature=11 4 28 2 0 1 8 0 2 7 1 1 11 3 3 11 28 29 18 28 28 14 13 11 11 4 13 13 13 13
split_gain=76.2149 15.237 10.0853 16.1819 20.952 51.684 13.6335 9.70178 9.21343 13.1815 24.5267 9.57115 33.0703 41.8635 92.0098 13.7133 15.5947 8.52277 17.8088 13.5006 18.7372 18.3375 15.9838 18.5529 15.6666 60.4258 12.513 15.0243 32.5991 19.7232
threshold=0.0016793327052702016 0.0022503569819600088 -0.0049799828309133676 -0.00035637213519157379 0.00041318614820595739 0.0008090028146902074 1.1397954473345071 -0.0051392897985152999 -0.010398316394480243 0.0014514719604605706 -0.0069614356944673319 -0.0074277000143079244 0.0023920160188856208 -0.013162976925636003 -0.020335621395973277 0.0090774868850803814 -0.03259102845267136 1.0211417467023121 0.010840515010532986 -0.011312921773060805 0.00017344609536700049 24.500000000000004 370.50000000000006 0.0094007366757968436 0.0016998075711613869 0.0040174898850859671 256.50000000000006 279.50000000000006 274.50000000000006 308.50000000000006
decision_type=2 2 2 2 2 2 2 2 2 2 2 2 2 2 2 2 2 2 2 2 2 2 2 2 2 2 2 2 2 2
left_child=-1 2 3 8 6 -6 -5 -4 9 11 -11 12 13 14 -2 -14 -17 19 -19 21 -21 -3 23 24 25 -22 -26 28 -28 -29
right_child=1 17 7 4 5 -7 -8 -9 -10 10 -12 -13 15 -15 -16 16 -18 18 -20 20 22 -23 -24 -25 26 -27 27 29 -30 -31
leaf_value=-0.043017575649119566 -0.050199989505647538 0.090610858700831395 0.24415627213585381 -0.050237503193077786 -0.050218762470348566 1.5414534654595855 0.7476134301385251 -0.031214568246452176 -0.035159688047523147 -0.050580913592149446 1.0604136466153711 -0.032545296241437829 -0.027034058535106105 -0.050103102258720444 2.959798207639821 0.015228594921744908 0.3716673743177486 -0.0051778036972904779 0.06335979355867101 -0.0073066888865103256 0.11757275258303268 0.012120110477564588 -0.036726890192016463 -0.004578042053462939 -0.021317587776089567 1.9137424674623238 0.0073192290472174756 -0.016340287184205628 0.057794085890102924 0.015191003950426968
leaf_weight=98.765246078604832 0.05175837769638747 7.629539899644441 0.32164573110639949 0.3674982312368219 0.11119825951755047 0.094214635901153088 0.062674672110006213 57.512543635442853 6.6604304823558769 0.11081801971886307 0.090039329836144932 2.8035178825957692 1.9905048669315877 0.091046530171297824 0.049833153607323766 0.64304281957447529 0.58696932788006939 383.75469022546895 9.7180057335644943 348.72679761447944 0.58206640789285202 301.44453563331626 20.422317557502538 201.62355732894503 24.965604742639698 0.050920166657306254 73.063691983465105 60.926287473645061 56.900721220765263 266.64922323473729
leaf_count=83927 18 236 4 98 28 19 22 24409 2787 17 25 816 262 51 22 17 25 17536 109 33535 190 7132 2485 5963 1853 24 4228 4970 1157 17079
internal_value=-0.000235538 0.00207593 -0.020542 0.0180089 0.264382 0.679817 0.0660066 -0.0296831 0.00603522 0.0487893 0.44745 0.0359088 0.0921361 0.728496 1.42628 0.0540716 0.185323 0.00299725 -0.00348506 0.00486859 0.00217377 0.0140577 0.00686203 0.00816203 0.0134787 0.262064 0.0131526 0.0150335 0.029418 0.00932645
internal_weight=1926.77 1828.01 71.5477 13.7135 0.635586 0.205413 0.430173 57.8342 13.078 6.41753 0.200857 6.21667 3.41316 0.192638 0.101592 3.22052 1.23001 1756.46 393.473 1362.99 1053.91 309.074 705.184 684.762 483.139 0.632987 482.506 457.54 129.964 327.576
internal_count=209044 125117 28620 4207 167 47 120 24413 4040 1253 42 1211 395 91 40 304 42 96497 17645 78852 71484 7368 37949 35464 29501 214 29287 27434 5385 22049
is_linear=0
shrinkage=0.05


Tree=53
num_leaves=31
num_cat=0
split_feature=11 4 5 4 15 9 2 4 29 18 9 12 4 28 29 18 28 28 11 13 13 7 13 12 0 9 27 0 28 13
split_gain=71.6997 14.7491 9.15955 13.7627 44.246 79.4254 15.59 13.8561 13.2016 11.184 8.64465 14.3957 47.344 14.2107 7.65529 15.6543 11.999 17.0153 16.3848 17.517 15.1526 13.9011 12.2682 14.0262 12.3366 11.9707 23.298 13.0367 10.2338 9.95807
threshold=0.0016793327052702016 0.0022503569819600088 7.1150744751186104e-05 0.0013569462716591129 0.90032246420315876 0.41439286654107083 -0.04087818587917063 0.0013702232107069428 -0.61017229761251734 0.0040917647622630308 0.77530800331943717 1.0375964285714201 0.001753608656148972 0.0062217010256940515 1.0211417467023121 0.010840515010532986 -0.011312921773060805 0.0013207646992504157 0.0094007366757968436 370.50000000000006 365.50000000000006 0.0029018897460012807 259.50000000000006 0.070057142857143914 0.0027575168484522687 1.843149936763216 5.5146533137746063 -0.0041758293179344199 0.014584196464666013 302.50000000000006
decision_type=2 2 2 2 2 2 2 2 2 2 2 2 2 2 2 2 2 2 2 2 2 2 2 2 2 2 2 2 2 2
left_child=-1 2 3 -2 6 -6 -5 -8 -7 -4 -9 13 -13 -12 16 28 20 21 19 22 -3 -18 23 -19 -24 -25 27 -27 -16 -30
right_child=1 14 9 4 5 8 7 10 -10 -11 11 12 -14 -15 15 -17 17 18 -20 -21 -22 -23 24 25 -26 26 -28 -29 29 -31
leaf_value=-0.042703222684998987 -0.030222310689994911 0.011407327318984676 -0.028195852448342731 0.51573324826617328 2.2392672233185285 0.87710730980859886 0.7800895538406718 -0.050207483601607331 -0.050162496522559809 0.27598968552079273 -0.050510359830007817 1.7381369857227889 -0.050239131197207292 0.40757107628558514 -0.0097458043447533615 0.058410122672088227 -0.010012147052348132 0.36687539183509082 -0.0054575203912709041 -0.037124675825747785 0.080526224301051608 0.017079821097812403 0.022367994866472462 -0.033901205134005102 0.0047746196613645889 0.3223416992870396 0.342308370331525 -0.051478407538520912 -0.0028016432069547675 0.030542630208073369
leaf_weight=94.622745435568504 4.2462295523146159 304.19327016640455 62.855747543973848 0.17355162277817804 0.06549950805492688 0.053881743689998984 0.060221838648431336 1.9362844028510156 0.13345686753746122 0.3036365567240854 0.76859930902719475 0.055916875600814819 0.10943284863606095 0.21713503228966147 284.11976175953168 10.006651796400545 336.91799739317503 0.23333603260107594 190.03461433318444 17.5229366539279 8.1414838883792964 55.091116787516512 269.87161106721032 23.706014892435636 157.96320827445015 0.26739718578755933 0.63381648552604009 1.825215411139651 63.27878785924986 34.652659917017445
leaf_count=83927 1284 7132 26080 4 10 6 26 734 59 15 313 16 36 37 15620 109 36489 6 5553 2096 236 1725 17866 1880 5735 9 26 99 1280 636
internal_value=-0.000262733 0.00193239 -0.0204133 0.0306313 0.102931 0.740539 0.0543903 0.0289528 0.216536 -0.0267335 0.0143012 0.122814 0.554542 0.0503946 0.00283436 -0.00332448 0.0046015 0.00205097 0.00693925 0.0119301 0.013209 -0.00620477 0.0138214 -0.019083 0.0158722 -0.0224901 0.0767285 -0.00371111 -0.00494142 0.0089971
internal_weight=1924.06 1829.44 70.9796 7.82021 3.57398 0.252838 3.32114 3.14759 0.187339 63.1594 3.08737 1.15108 0.16535 0.985734 1758.46 392.058 1366.4 1054.07 662.058 472.024 312.335 392.009 454.501 26.6658 427.835 26.4324 2.72643 2.09261 382.051 97.9314
internal_count=209044 125117 28620 2525 1241 75 1166 1162 65 26095 1136 402 52 350 96497 17645 78852 71484 33270 27717 7368 38214 25621 2020 23601 2014 134 108 17536 1916
is_linear=0
shrinkage=0.05


Tree=54
num_leaves=31
num_cat=0
split_feature=11 11 12 3 0 13 13 5 7 3 8 3 10 13 3 1 8 12 15 13 6 10 7 11 7 13 11 29 1 12
split_gain=67.4847 12.483 17.7246 14.5235 23.9662 18.3128 53.6243 14.0316 15.9363 10.9389 9.96869 9.649 12.1799 11.3499 9.59229 16.771 48.2889 43.7395 19.4943 14.9023 12.7777 11.0181 10.5631 10.0888 14.2352 9.97575 10.7827 9.19277 8.9763 8.12959
threshold=0.0016793327052702016 0.0027500512995702292 1.3299178571428591 -0.0093545294593511113 0.0037425685947132252 317.50000000000006 319.50000000000006 0.0018427967682521078 0.00041135945828355193 -0.026140990701839558 0.45030477494047905 0.010700603170766822 0.0047192299763114138 245.50000000000003 0.0087322857613700861 0.008803274028826304 0.57831778819705637 0.3955285714285724 0.76760562839714652 279.50000000000006 0.0038049721886312085 0.0054801640501100984 0.001488367938348492 0.0016998075711613869 0.001637191757739411 275.50000000000006 0.001904020697286227 -0.69572586642967271 0.0023096256202437275 0.094157142857143064
decision_type=2 2 2 2 2 2 2 2 2 2 2 2 2 2 2 2 2 2 2 2 2 2 2 2 2 2 2 2 2 2
left_child=-1 2 14 4 5 27 -7 8 -8 -10 -3 12 13 -5 15 21 17 -17 -18 22 23 -2 25 24 -21 -16 28 -4 -27 -12
right_child=1 10 3 11 -6 6 7 -9 9 -11 29 -13 -14 -15 19 16 18 -19 -20 20 -22 -23 -24 -25 -26 26 -28 -29 -30 -31
leaf_value=-0.042377826047911231 -0.027151990927261772 -0.012954508924844232 0.44514658869149309 0.55919724979910224 0.86662476417020218 1.2916646141014723 0.83536303957128755 -0.050406023589111587 0.52829107305439826 0.057957564515583829 -0.050821620002868065 0.059347498534426057 0.61240359113998255 -0.032196129217750162 0.010234605920451825 -0.050218117184786359 0.2807594251865021 1.3203787188959311 -0.050449983456699724 -0.050486817126392081 0.32121772331574411 0.5468712115451112 -0.044746165834454878 -0.031002088722180989 0.40504604673911226 0.37206863717409977 0.071346005574759869 -0.05066130984249672 0.067831391780747319 0.0043237490866530311
leaf_weight=90.681819004705176 111.93914277956355 90.788998390780762 0.10062581859529052 0.081954869441685285 0.10881470679305483 0.11153916257899243 0.11289889889303573 0.52182290982455015 0.17140966816805292 0.44344659592024993 6.7120790192857376 7.0505602679913855 0.075346997939050975 8.0587834817124513 6.6470685257809263 0.096890159766189199 0.59298357623629305 0.14580796286463737 1.7714194718282668 0.36562569718808546 0.26881954609416325 0.083658856339751675 3.1578733565984285 23.302542687626556 0.32301067374646664 0.58694652072153786 7.3103431118652225 1.3181061719078599 0.41306600102689117 1558.6076519282069
leaf_count=83927 44277 5662 14 7 9 5 37 113 3 85 958 460 4 2379 817 33 28 19 374 150 22 6 192 7152 11 27 159 295 37 61782
internal_value=-0.000274395 0.00181051 -0.0108829 0.0358901 0.138698 0.110204 0.241225 0.147461 0.289337 0.189077 0.00315304 0.0164373 -0.0203856 -0.0262424 -0.0162915 -0.0238057 0.101559 0.773208 0.0326161 0.00403517 -0.0215871 -0.0267233 0.0383485 -0.0254282 0.163185 0.0558918 0.0924108 -0.0154953 0.2464 0.00408729
internal_weight=1921.95 1831.27 175.161 18.1553 2.88866 2.77985 1.36112 1.24958 0.727755 0.614856 1656.11 15.2666 8.21609 8.14074 157.005 114.63 2.6071 0.242698 2.3644 42.3753 24.26 112.023 18.1153 23.9912 0.688636 14.9574 8.31036 1.41873 1.00001 1565.32
internal_count=209044 125117 56715 3411 561 552 243 238 125 88 68402 2850 2390 2386 53304 44737 454 52 402 8567 7335 44283 1232 7313 161 1040 223 309 64 62740
is_linear=0
shrinkage=0.05


Tree=55
num_leaves=31
num_cat=0
split_feature=11 1 1 28 3 7 15 0 0 7 7 12 14 30 30 8 14 11 13 14 8 11 11 13 14 12 12 15 1 13
split_gain=63.6007 17.1145 11.7842 17.059 12.6152 12.6005 13.8068 13.6676 13.3302 16.1628 29.7656 21.1139 13.4571 10.7719 15.6922 11.5394 10.3317 10.0221 19.3505 30.6138 21.5171 9.87098 9.35918 10.1763 17.02 18.6876 15.3377 14.4801 12.6682 11.4867
threshold=0.0018223851676029668 -0.011623491210300983 0.0066611497261444006 -0.01243690042114461 -0.11844196874440947 0.00042131872761740871 0.028673436367794729 -0.0017355044076913793 -0.0014750714226666737 0.00049944574013728029 0.00046724818787334234 0.38276428571428822 10.500000000000002 -0.30680247523500898 -0.22638732604683828 0.78931451078079939 77.500000000000014 0.003623464289855406 320.50000000000006 71.500000000000014 0.53577525592265152 0.023015817449111915 0.0050741894961822687 319.50000000000006 55.500000000000007 0.6574714285714337 0.28888928571428513 0.3333333298051076 -0.014942055031071376 297.50000000000006
decision_type=2 2 2 2 2 2 2 2 2 2 2 2 2 2 2 2 2 2 2 2 2 2 2 2 2 2 2 2 2 2
left_child=1 -1 3 4 -2 -5 16 21 9 10 -9 -12 -11 17 15 -15 -7 18 19 -6 -21 -8 -16 29 -25 26 -26 28 -27 -24
right_child=2 -3 -4 5 13 6 7 8 -10 12 11 -13 -14 14 22 -17 -18 -19 -20 20 -22 -23 23 24 25 27 -28 -29 -30 -31
leaf_value=0.82732760113364834 -0.01962992790296976 -0.039481554436694787 0.0071386104195289932 -0.015391153010881217 0.35533229724795679 -0.055223573540939708 -0.016648140990510232 -0.050381392202861412 0.0011628552475806927 0.44374476388066075 0.28609091485822102 1.1733552248585408 0.033065846553417259 -0.031774243359877372 -0.013570673850316559 0.097250790273029256 0.16898871276244298 -0.0029794832355718183 -0.035897105552142448 0.44960190824533219 0.0027596341564652162 0.026380282589597112 0.029253106121614875 0.01115098841198202 0.17560762022899015 0.19224848478761108 -0.02771660296478988 0.26584065416046215 -0.016824274826842837 0.00064577201914667965
leaf_weight=0.056976504623888924 39.48675133427605 103.27387749432819 588.59728389920201 233.03677425859496 1.0929889692924906 0.69161239499226157 173.3159942998318 0.27552222495432843 389.09853818605188 0.2021800244692703 0.14805596566293389 0.12255054083652794 14.90624512627255 2.1153532385360441 26.056558588868938 9.5850339618045819 1.9984284862875936 141.20661266008392 3.164896136848256 0.29882057511713389 2.7373554225778207 14.439187812153248 64.872359891654924 12.233815795741977 1.2759163128212074 1.5443933531641962 3.3967887493781745 2.1257333336398005 1.3648358481004832 76.432767356745899
leaf_count=19 471 94675 17696 33565 31 21 12010 66 40080 39 27 18 1730 50 1229 214 55 3176 242 10 210 285 1333 217 23 16 51 20 33 1471
internal_value=-0.000852847 -0.0390036 0.00133017 -0.00147853 0.00715856 -0.00553505 -0.00167611 -0.00218923 0.00298291 0.0482208 0.315441 0.687909 0.0385615 0.0101851 0.01773 0.0739239 0.111343 -2.7304e-05 0.0571243 0.128423 0.0467379 -0.0133391 0.0142568 0.0186985 0.0503787 0.0998143 0.0278026 0.166645 0.0941641 0.0137792
internal_weight=1909.15 103.331 1805.82 1217.23 388.991 828.235 595.198 592.508 404.753 15.6546 0.546129 0.270607 15.1084 349.504 201.004 11.7004 2.69004 148.501 7.29406 4.12916 3.03618 187.755 189.303 163.247 21.9415 9.70767 4.67271 5.03496 2.90923 141.305
internal_count=209083 94694 114389 96693 8797 87896 54331 54255 41960 1880 111 45 1769 8326 4657 264 76 3669 493 251 220 12295 4393 3164 360 143 74 69 49 2804
is_linear=0
shrinkage=0.05


Tree=56
num_leaves=31
num_cat=0
split_feature=4 2 9 4 3 9 18 6 15 14 13 3 28 18 10 14 12 15 27 27 13 13 13 3 29 2 2 10 27 28
split_gain=57.8484 10.6967 10.1027 18.7723 12.5126 15.546 11.2941 9.9135 9.85078 9.56122 44.2788 9.2253 20.3064 21.2545 16.7343 15.0309 32.2754 25.9976 29.3595 20.9542 13.598 11.8861 19.331 13.0396 16.2569 16.0106 13.377 13.0303 11.6153 12.8657
threshold=0.0022025302877742357 -0.010398316394480243 0.86542786996355503 0.0057880190807146573 0.092325586635149351 2.1641403982257077 0.00011571781063341929 0.00055432627719513279 0.86983104598122163 10.500000000000002 380.50000000000006 -0.014895709912402742 0.0020573153517364621 0.00011048124910784969 0.013817410559741396 18.500000000000004 0.4126535714285709 0.30920352881916952 0.4150355869818057 1.4674296442840211 249.50000000000003 263.50000000000006 279.50000000000006 0.015746301115733056 -0.77805343241846725 0.0099225818165188402 0.02882174937262361 0.028162110922097822 0.26480560403360065 -0.0085041747531802801
decision_type=2 2 2 2 2 2 2 2 2 2 2 2 2 2 2 2 2 2 2 2 2 2 2 2 2 2 2 2 2 2
left_child=1 -1 6 4 -4 -6 11 -8 9 10 -9 15 13 14 -13 16 17 18 -2 -19 -17 -14 23 24 -23 -25 -26 -24 29 -22
right_child=2 -3 3 -5 5 -7 7 8 -10 -11 -12 12 21 -15 -16 20 -18 19 -20 -21 28 22 27 25 26 -27 -28 -29 -30 -31
leaf_value=0.019353543914592573 0.24577692543497745 -0.037269426192660708 -0.014273681153569182 0.0025394553250577853 0.026906247487784463 0.26296803503115418 -0.020697960302040703 0.92487476853016259 0.026269010666906314 -0.0086319244453207204 -0.050863927173747464 -0.011352956600875486 -0.016339856665911808 0.56104477268933872 0.16701454437809937 -0.033278971892628018 -0.025204849575134511 -0.051631908469100818 1.1902195536629296 0.44813738532767272 0.061762114059823549 0.44780080637142439 0.0087684893232933495 0.09140106194742223 -0.019696531742715663 0.022006427793019985 0.21142380604192659 0.18614879648294183 0.01403957416867003 -0.029624427552689809
leaf_weight=8.9695745388162305 0.16818839043844425 118.97219522559317 280.03050707723014 707.29298335756175 6.2306626932695499 0.78535081446170796 66.718109834531788 0.15373797726351668 33.578361711290199 67.488896165159531 0.47708266449626535 159.40274898998905 29.343214086140506 0.16318152734311198 1.325909855775534 13.129253146238623 1.3881847183802163 0.44512367900460958 0.16111629235092551 0.39661386446096003 25.42390434519621 0.20029853296000411 170.38687329425011 19.677155916811898 10.974599509732794 14.390419202740302 0.6639435216784485 1.0416696900501836 162.55719285190571 4.5389020629809229
leaf_count=1668 27 91461 44076 16606 222 22 7977 31 1105 4454 85 19442 1969 20 24 561 78 33 15 17 790 20 10628 234 958 246 5 19 5901 389
internal_value=-0.000826584 -0.0332998 0.00150943 -0.00183716 -0.0126213 0.0533303 0.00575282 -0.00572092 0.00410463 -0.00682089 0.186934 0.0088909 0.00451673 -0.00930249 -0.00988154 0.0174534 0.13788 0.331205 0.707857 0.183852 0.0159547 0.0135301 0.0175629 0.0463791 0.00117459 0.0620882 -0.00651182 0.00984632 0.0193123 0.0479185
internal_weight=1906.48 127.942 1778.53 994.34 287.047 7.01601 784.195 168.416 101.698 68.1197 0.630821 615.778 407.57 160.892 160.729 208.208 2.55923 1.17104 0.329305 0.841738 205.649 246.678 217.335 45.9064 11.8388 34.0676 11.6385 171.429 192.52 29.9628
internal_count=209083 93129 115954 60926 44320 244 55028 13652 5675 4570 116 41376 33565 19486 19466 7811 170 92 42 50 7641 14079 12110 1463 983 480 963 10647 7080 1179
is_linear=0
shrinkage=0.05


Tree=57
num_leaves=31
num_cat=0
split_feature=11 4 10 3 14 1 14 1 14 27 5 27 4 10 0 30 3 3 11 10 13 27 10 9 3 27 5 3 4 30
split_gain=57.0309 11.2134 10.5062 8.63616 11.5871 7.71099 30.2416 7.28227 8.31805 12.2839 7.29687 17.9234 12.438 11.0374 27.3681 14.4231 11.8274 31.2912 41.4571 10.9076 10.3612 7.15341 7.63114 7.1278 10.0054 13.7644 10.172 11.1808 13.1068 14.1746
threshold=0.0018223851676029668 0.0030314671767077881 0.0032779434275437475 0.092325586635149351 81.500000000000014 -0.0097968044760123312 22.500000000000004 0.010764511383428712 65.500000000000014 6.9240768185697652 0.00012471678901232678 1.0168064652234248 0.0014650091954844641 0.00089301202263572868 -0.00016344044435506741 0.32010759909182501 0.0057909731239621518 0.0096457964289737869 0.0029792203720466698 0.005132961952495344 380.50000000000006 0.94735142029565444 0.0040553755941593632 0.86542786996355503 -0.026140990701839558 2.2799281562005773 0.0012541560093242133 -0.059677876107607213 0.0061705621185980213 0.66318854040700714
decision_type=2 2 2 2 2 2 2 2 2 2 2 2 2 2 2 2 2 2 2 2 2 2 2 2 2 2 2 2 2 2
left_child=2 3 5 7 -5 6 -1 10 9 -9 11 12 -2 14 15 -14 19 18 -18 20 -15 22 -19 24 25 26 27 -3 29 -29
right_child=1 23 -4 4 -6 -7 -8 8 -10 -11 -12 -13 13 16 -16 -17 17 21 -20 -21 -22 -23 -24 -25 -26 -27 -28 28 -30 -31
leaf_value=0.92141812207795926 -0.031647454894793217 0.016172804787475455 0.49874574569775448 0.27679185388211835 -0.051437535042620358 -0.039715822533487322 -0.050507234484528353 0.18908016276197603 0.00042637152593646787 -0.051503540458180612 -0.019177476983612062 -0.039596042459678724 1.3872309787156079 -0.005761883909078498 -0.050187956732163932 0.44904703825412784 0.11784690537442913 -0.050800757755398822 1.0092975831083801 0.35427401457696472 0.56836172514398209 0.22127033133820251 0.37766431521561689 -0.00044392962363300876 0.002454808078433342 -0.011596154263698324 0.015355733318659977 0.1135286264009176 -0.0011517992421575787 -0.051807513842102096
leaf_weight=0.10276546655222674 2.2920531901763734 16.863299646880478 0.091006048838606968 0.59637749986722954 0.48963366914540529 96.074837083171587 0.36183706560404971 1.6354111395776256 5.7089664044324309 0.78536337940022338 129.33753714349587 7.4080978897400191 0.069563556462526321 3.2031535418936992 0.18065013329032797 0.099649761919863522 0.29247290198691223 0.9454833101481197 0.23538232804276049 0.24483414040878404 0.080561761860735603 0.52942393883131433 0.11675235256552696 942.8512522772653 507.64205667341594 37.695984225021675 127.83719665184617 12.539331904146822 4.5634006578475228 1.4457932859659184
leaf_count=15 775 341 18 28 39 94564 97 72 557 76 38498 1984 28 803 76 15 82 182 17 14 13 14 11 38576 27772 936 2870 462 76 72
internal_value=-0.000803167 0.00119955 -0.038227 -0.0116929 0.128808 -0.0387332 0.164473 -0.0126891 0.0333601 0.111028 -0.0152703 0.0169211 0.067426 0.105286 0.377809 0.834734 0.0884048 0.181761 0.515364 0.0323278 0.00832351 0.0711256 -0.00370734 0.00240375 0.0061929 0.0156363 0.0219246 0.0456385 0.072427 0.096436
internal_weight=1902.32 1805.69 96.6304 154.251 1.08601 96.5394 0.464603 153.165 8.12974 2.42077 145.036 15.6981 8.28998 5.99793 0.349863 0.169213 5.64806 2.11951 0.527855 3.52855 3.28372 1.59166 1.06224 1651.44 708.587 200.945 163.249 35.4118 18.5485 13.9851
internal_count=209083 114389 94694 43284 67 94676 112 43217 705 148 42512 4014 2030 1255 119 43 1136 306 99 830 816 207 193 71105 32529 4757 3821 951 610 534
is_linear=0
shrinkage=0.05


Tree=58
num_leaves=31
num_cat=0
split_feature=11 4 10 27 12 3 11 18 8 10 14 8 1 11 12 14 14 14 14 12 8 3 3 1 14 14 3 12 11 11
split_gain=53.5885 10.3791 9.04001 14.8783 7.57603 8.67673 7.89492 6.47445 11.1174 10.6118 18.187 22.1415 13.6084 13.2421 12.5763 11.9795 13.158 16.1347 11.5672 10.398 7.78788 7.81442 13.2686 10.5238 7.6954 18.4281 22.2928 16.6372 24.9548 16.4425
threshold=0.0018223851676029668 0.0030314671767077881 0.0029853430493530322 26.798523362002083 3.0798499999999982 0.092325586635149351 0.0055985205369651339 0.00054634884489292244 1.9545092333869085 0.0059127620932831809 108.50000000000001 0.86691370214472097 -0.016913143350463119 0.015657945383334506 1.9535749999999947 82.500000000000014 68.500000000000014 75.500000000000014 23.500000000000004 0.70619732142857095 0.85246895830134883 -0.020335621395973277 -0.024746773362094295 0.015004221627788585 138.50000000000003 134.50000000000003 -0.02773307124631624 0.38276428571428822 0.015657945383334506 0.0020195695752333082
decision_type=2 2 2 2 2 2 2 2 2 2 2 2 2 2 2 2 2 2 2 2 2 2 2 2 2 2 2 2 2 2
left_child=2 4 -1 -4 -2 6 -6 8 24 12 14 -12 13 15 18 16 19 -18 -11 -9 -20 22 23 -22 25 -3 27 28 -27 -26
right_child=1 7 3 -5 5 -7 -8 9 -10 10 11 -13 -14 -15 -16 -17 17 -19 20 -21 21 -23 -24 -25 29 26 -28 -29 -30 -31
leaf_value=-0.038799202458138088 -0.01343756319417003 0.0046090007600749555 -0.050170188249821973 0.57334460436463552 0.097579364371374239 0.25246830567376605 -0.032174617828183261 -0.023575920050399386 -0.028588802294551741 0.12584688571043465 -0.018760988877392762 0.052052534526404952 -0.013890593532854587 -0.055575722394005315 -0.036075165940319398 -0.0016278032293071771 0.27406824070070845 0.073402122152812804 -0.020294569995712854 0.13407154624754555 0.012886133043318981 -0.0027873932652874981 0.16370999433938899 0.14203577178016982 0.24501414647380201 0.20458903629200986 -0.019292191473617232 0.038435633656418333 -0.0099914478224304038 -0.006555635059156426
leaf_weight=92.679604771372396 147.48447410692461 1007.4560450257268 0.23853343899827351 0.15975151711609215 2.1731193405576041 0.47179763857275236 2.5455572896171361 3.0385614680126327 25.572918079793453 1.9022774249315251 15.803782972507177 36.610086662694812 211.09190544462763 3.5985120311379424 25.140057559125125 6.2783213909715405 1.6602541077882049 2.5255609098821878 28.601494344882667 1.5950154596939681 20.04174676723779 37.824515369720757 1.8166036140173663 1.7120817527174939 0.65218549128621717 3.8035067133605471 15.590267088031394 41.238294986542314 2.1046581976115704 158.8302791104652
leaf_count=94585 42875 44005 103 6 183 8 218 57 1576 29 398 590 14319 54 437 143 25 35 613 36 271 578 31 19 24 93 1040 681 28 6023
internal_value=-0.000779826 0.00112575 -0.0377777 0.199921 -0.0113481 0.0480232 0.0275817 0.00227682 0.0040408 -0.00326927 0.00622335 0.0307009 -0.0102694 0.030616 -0.00473851 0.0511597 0.0887378 0.152994 0.00383403 0.030691 0.00125501 0.0112941 0.0338913 0.0230505 0.00471938 0.0062463 0.0325388 0.0496781 0.128149 -0.00552687
internal_weight=1900.24 1807.16 93.0779 0.398285 152.675 5.19047 4.71868 1654.49 1255.25 399.241 169.453 52.4139 229.788 18.6962 117.039 15.0977 8.81939 4.18582 91.8987 4.63358 89.9964 61.3949 23.5704 21.7538 1229.68 1070.19 62.7367 47.1465 5.90816 159.482
internal_count=209083 114389 94694 109 43284 409 401 71105 53470 17635 2966 988 14669 350 1978 296 153 60 1541 93 1512 899 321 290 51894 45847 1842 802 121 6047
is_linear=0
shrinkage=0.05


Tree=59
num_leaves=31
num_cat=0
split_feature=4 2 9 4 3 30 15 15 18 6 28 6 9 12 8 23 12 2 3 13 12 5 14 12 18 4 8 28 9 8
split_gain=48.2468 10.2448 8.16287 16.2713 10.5825 12.5222 11.2744 25.9213 9.07612 8.99292 8.90738 8.76517 8.3384 9.30064 10.8718 8.19735 8.55288 8.50086 8.49839 10.78 12.5897 29.1271 8.28052 7.61463 9.46569 19.8076 51.5955 13.2433 19.6534 7.84423
threshold=0.0022025302877742357 -0.010398316394480243 0.86542786996355503 0.0057880190807146573 0.092325586635149351 -3.1639428209695692 0.7757575687052477 0.85897433694936798 0.00011571781063341929 0.00055432627719513279 0.0060746337369644221 0.00060096153846153286 0.63559129866333752 0.19001785714286004 0.84892791869438644 1.0000000180025095e-35 0.27207500000000101 -0.068377616747401879 -0.0018275083949559343 324.50000000000006 0.15042857142857183 0.0012541560093242133 59.500000000000007 0.53818571428571216 0.0016489643859285759 0.003292142554850734 0.54130369622819929 0.0010476061534824283 1.1756636229940292 0.45783024894259217
decision_type=2 2 2 2 2 2 2 2 2 2 2 2 2 2 2 2 2 2 2 2 2 2 2 2 2 2 2 2 2 2
left_child=1 -1 8 4 23 -6 -7 -8 15 -10 -11 -12 13 14 -13 -2 18 -18 19 -17 21 -21 -22 29 -25 26 -26 -28 -29 -4
right_child=2 -3 3 -5 5 6 7 -9 9 10 11 12 -14 -15 -16 16 17 -19 -20 20 22 -23 -24 24 25 -27 27 28 -30 -31
leaf_value=0.019709203258685224 0.0099878997896003935 -0.036028789628535639 0.062600619152659742 0.0023121599882275209 0.22128924793995899 -0.037745137485814637 0.30844378555969326 -0.0076900639115127347 -0.019807400376100133 -0.0065153233161815002 0.14499088802523971 0.37210699763510546 -0.000939027759355033 0.03856314097586061 0.038960696991797134 0.01199181005464091 0.23094561000197983 -0.016654292666813279 -0.005881147407145927 0.1090419363105911 -0.005786156709637412 0.97005726718912089 0.19435452878661091 -0.009203673819782111 1.8147041537561597 0.025333092067028357 -0.050339530743637631 0.99529510709481495 -0.050222678010654109 -0.024598151372249591
leaf_weight=8.9219147620024142 547.37697817507433 108.51069409097545 2.6356253968551746 708.97470442578197 0.90601955633610476 3.5135697177611283 0.95901384949684176 2.0020801834762096 64.956170997407753 67.462799801491201 1.453128607419784 0.47049397754017164 19.749297356931493 11.931844340928363 0.51071769569534808 2.9593384460895322 0.34861040487885375 61.92035204579588 7.2181013269582746 0.29608678800286758 0.96779413789045099 0.14698339754249901 1.1090312317246569 141.91112475353293 0.053571938071398928 8.9549329794244823 0.26762744854204357 0.095636794052552432 0.0848073172965087 120.27813789132051
leaf_count=1668 36732 91461 174 16606 21 144 25 54 7977 4659 49 28 534 382 23 253 5 3358 815 41 113 39 20 15063 3 954 102 35 39 27706
internal_value=-0.000753299 -0.0317941 0.00129513 -0.00172683 -0.0118934 0.0471878 0.0228252 0.0946967 0.00508996 -0.00527764 0.0040137 0.0248347 0.019489 0.0507317 0.198705 0.00786426 -0.00764182 -0.0152681 0.0297583 0.0767081 0.15271 0.394674 0.10109 -0.0134832 -0.00597601 0.0424603 0.348201 0.172864 0.50391 -0.0227284
internal_weight=1896.95 117.433 1779.51 990.637 281.662 7.38068 6.47466 2.96109 788.878 166.534 101.578 34.1155 32.6624 12.9131 0.981212 622.343 74.9663 62.269 12.6973 5.47923 2.5199 0.44307 2.07683 274.281 151.368 9.45658 0.501643 0.448072 0.180444 122.914
internal_count=209083 93129 115954 60926 44320 244 223 79 55028 13652 5675 1016 967 433 51 41376 4644 3363 1281 466 213 80 133 44076 16196 1133 179 176 74 27880
is_linear=0
shrinkage=0.05


Tree=60
num_leaves=31
num_cat=0
split_feature=11 4 4 27 0 5 18 1 28 2 27 4 29 2 8 13 14 13 13 7 1 2 11 22 4 7 28 27 27 8
split_gain=47.0343 11.5267 12.1543 30.1876 15.0842 49.0846 9.68927 8.65305 11.8788 18.2007 18.086 17.8818 15.2207 23.6584 14.9351 15.0865 11.7356 11.3285 52.0584 16.3516 18.4657 15.228 12.7383 11.4307 12.9954 10.9313 10.8393 10.6019 13.3718 18.3468
threshold=0.0016793327052702016 0.0025351911483864225 0.0025529722361231585 0.12219919318587316 -0.0011793418164535716 0.00081518664808407173 0.0010780261415433308 0.015004221627788585 -0.01243690042114461 -0.015105513934321744 0.11260353257417728 0.0039815006672462372 -0.46673579366622359 -0.012461215045718397 0.53577525592265152 309.50000000000006 81.500000000000014 273.50000000000006 279.50000000000006 0.001488367938348492 0.0062675375922244267 0.011946416085737323 0.0053244078171518832 1.0000000180025095e-35 0.0049416566198257862 0.0010682828599390608 -0.004880290961273682 0.78693053945931413 1.3154614273619207 0.83106338130069846
decision_type=2 2 2 2 2 2 2 2 2 2 2 2 2 2 2 2 2 2 2 2 2 2 2 2 2 2 2 2 2 2
left_child=-1 -2 3 -3 5 -5 -6 8 9 -4 14 12 13 -12 -11 16 -16 22 19 20 26 -20 23 -10 -25 -22 -19 -9 29 -29
right_child=1 2 7 4 6 -7 -8 27 17 10 11 -13 -14 -15 15 -17 -18 18 21 -21 25 -23 -24 24 -26 -27 -28 28 -30 -31
leaf_value=-0.040467732006935354 -0.01664469299112855 0.9750015783235112 0.0013882120876125116 0.92050281697525527 -0.021362971554120817 -0.050316296994795631 0.51685236701017223 -0.010375978801723222 -0.031402356094121113 0.27953193197792853 0.49838811676396749 0.0097310237585067974 0.054290564386129503 0.089756156338812065 0.21717388995993475 -0.024456709493437655 0.072418551792649374 -0.031523668935812155 -0.0094205299810101867 0.0032289599592311893 -0.042917886408084444 0.0067610370197110099 -0.0049671460666018919 0.57000116501539055 0.048935627351984826 0.070501175185114021 0.073968152750216495 0.10060969087538721 0.0099843647887866132 4.6167963282084043e-05
leaf_weight=72.768186674802564 92.803904671687633 0.097536854562349062 314.58226052508689 0.20457601977977979 1.680544494185596 0.35811835317872465 0.088000511052086838 58.948268290609121 75.369178099441342 0.89870778750628133 0.54167373618111003 65.028864499996416 5.4538975200848645 1.0234827240929005 1.7798653333447854 3.1959818589966735 6.5630477637751028 2.5873912097886196 487.9798067609081 22.677820911863819 6.8497984361601976 207.09708634461276 168.0596519052051 0.16120561107527365 0.46429052378516644 3.0794925735099241 41.35161440144293 9.8642765665426868 239.61479477980174 8.3956200676038844
leaf_count=83710 37004 30 6570 12 374 107 14 1336 8209 23 19 1233 291 41 19 131 117 398 48123 595 232 6575 8009 39 27 50 1351 186 3775 157
internal_value=-0.00104701 0.00052326 0.00144209 0.113215 0.0771587 0.30264 0.00541793 0.00128531 -0.000387331 0.0069219 0.0275266 0.0179147 0.0937338 0.231177 0.0832058 0.067915 0.1033 -0.00325919 -0.000289447 0.0388458 0.05384 -0.00459926 -0.0126486 -0.0296358 0.183227 -0.00774184 0.0677562 0.00875437 0.0131274 0.0543721
internal_weight=1899.57 1826.8 1734 2.42878 2.33124 0.562694 1.76855 1731.57 1414.75 399.068 84.4855 72.0479 7.01905 1.56516 12.4376 11.5389 8.34291 1015.68 771.623 76.5461 53.8683 695.077 244.054 75.9947 0.625496 9.92929 43.939 316.823 257.875 18.2599
internal_count=208757 125047 88043 537 507 119 388 87506 82052 8444 1874 1584 351 60 290 267 136 73608 57324 2626 2031 54698 16284 8275 66 282 1749 5454 4118 343
is_linear=0
shrinkage=0.05


end of trees

feature_importances:
time_since_open=278
volatility_20=158
returns_20=155
atr=127
distance_from_vwap=114
range_pct=111
returns_5=102
volatility_5=93
time_to_close=92
returns_10=90
volume_ratio_20=56
lower_wick=55
upper_wick=53
volume_ratio=49
fvg_size_pct=49
price_position=46
pressure_ratio=46
volume_momentum=39
body_pct=38
returns=36
pv_divergence=33
order_block_bear=3
fvg_up=2
bos_up=2
bos_down=2
liquidity_grab_high=1

parameters:
[boosting: gbdt]
[objective: binary]
[metric: auc]
[tree_learner: serial]
[device_type: cpu]
[data_sample_strategy: bagging]
[data: ]
[valid: ]
[num_iterations: 500]
[learning_rate: 0.05]
[num_leaves: 31]
[num_threads: 0]
[seed: 0]
[deterministic: 0]
[force_col_wise: 0]
[force_row_wise: 0]
[histogram_pool_size: -1]
[max_depth: -1]
[min_data_in_leaf: 20]
[min_sum_hessian_in_leaf: 0.001]
[bagging_fraction: 0.8]
[pos_bagging_fraction: 1]
[neg_bagging_fraction: 1]
[bagging_freq: 5]
[bagging_seed: 3]
[bagging_by_query: 0]
[feature_fraction: 0.8]
[feature_fraction_bynode: 1]
[feature_fraction_seed: 2]
[extra_trees: 0]
[extra_seed: 6]
[early_stopping_round: 0]
[early_stopping_min_delta: 0]
[first_metric_only: 0]
[max_delta_step: 0]
[lambda_l1: 0]
[lambda_l2: 0]
[linear_lambda: 0]
[min_gain_to_split: 0]
[drop_rate: 0.1]
[max_drop: 50]
[skip_drop: 0.5]
[xgboost_dart_mode: 0]
[uniform_drop: 0]
[drop_seed: 4]
[top_rate: 0.2]
[other_rate: 0.1]
[min_data_per_group: 100]
[max_cat_threshold: 32]
[cat_l2: 10]
[cat_smooth: 10]
[max_cat_to_onehot: 4]
[top_k: 20]
[monotone_constraints: ]
[monotone_constraints_method: basic]
[monotone_penalty: 0]
[feature_contri: ]
[forcedsplits_filename: ]
[refit_decay_rate: 0.9]
[cegb_tradeoff: 1]
[cegb_penalty_split: 0]
[cegb_penalty_feature_lazy: ]
[cegb_penalty_feature_coupled: ]
[path_smooth: 0]
[interaction_constraints: ]
[verbosity: -1]
[saved_feature_importance_type: 0]
[use_quantized_grad: 0]
[num_grad_quant_bins: 4]
[quant_train_renew_leaf: 0]
[stochastic_rounding: 1]
[linear_tree: 0]
[max_bin: 255]
[max_bin_by_feature: ]
[min_data_in_bin: 3]
[bin_construct_sample_cnt: 200000]
[data_random_seed: 1]
[is_enable_sparse: 1]
[enable_bundle: 1]
[use_missing: 1]
[zero_as_missing: 0]
[feature_pre_filter: 1]
[pre_partition: 0]
[two_round: 0]
[header: 0]
[label_column: ]
[weight_column: ]
[group_column: ]
[ignore_column: ]
[categorical_feature: ]
[forcedbins_filename: ]
[precise_float_parser: 0]
[parser_config_file: ]
[objective_seed: 5]
[num_class: 1]
[is_unbalance: 0]
[scale_pos_weight: 1]
[sigmoid: 1]
[boost_from_average: 1]
[reg_sqrt: 0]
[alpha: 0.9]
[fair_c: 1]
[poisson_max_delta_step: 0.7]
[tweedie_variance_power: 1.5]
[lambdarank_truncation_level: 30]
[lambdarank_norm: 1]
[label_gain: ]
[lambdarank_position_bias_regularization: 0]
[eval_at: ]
[multi_error_top_k: 1]
[auc_mu_weights: ]
[num_machines: 1]
[local_listen_port: 12400]
[time_out: 120]
[machine_list_filename: ]
[machines: ]
[gpu_platform_id: -1]
[gpu_device_id: -1]
[gpu_use_dp: 0]
[num_gpu: 1]

end of parameters

pandas_categorical:[]
