tree
version=v4
num_class=1
num_tree_per_iteration=1
label_index=0
max_feature_idx=30
objective=binary sigmoid:1
feature_names=returns returns_5 returns_10 returns_20 range_pct body_pct upper_wick lower_wick volume_ratio volume_ratio_20 volatility_5 volatility_20 atr time_since_open time_to_close price_position fvg_up fvg_down fvg_size_pct displacement_up displacement_down order_block_bull order_block_bear liquidity_grab_high liquidity_grab_low bos_up bos_down pressure_ratio distance_from_vwap volume_momentum pv_divergence
feature_infos=[-0.047038079023001611:0.045162865393345131] [-0.29947841350775284:0.27220243213364448] [-0.30685286616214402:0.28527284874923864] [-0.30777903043968435:0.30060896844436247] [0:0.059554140127388459] [0:0.049044585987261122] [0:0.053261353517364163] [0:0.026781002638522445] [0.0075588983727241134:4.8695839719527534] [0.0052960025901097694:17.694178211825271] [2.7951445901687556e-05:0.1348645450879174] [0.00023158300922300492:0.067595329203160387] [0.010357142857142574:16.689607142857149] [241:383] [7:149] [0:0.99999999965385944] [0:1] [0:1] [0:0.036568701448674537] [0:1] [0:1] [0:1] [0:1] [0:1] [0:1] [0:1] [0:1] [0:19119563] [-0.15811310058997513:0.11921113330103437] [-0.99793491780229293:619.08688783570301] [-619.20464506384303:1.0395228564484813]
tree_sizes=3389 3415 3413 3395 3434 3426 3448 3455 3472 3460 3438 3460 3452 3458 3453 3450 3441 3467 3471 3483 3478 3464 3481 3459 3470 3462 3475 3456

Tree=0
num_leaves=31
num_cat=0
split_feature=4 10 28 14 13 11 13 14 3 4 2 28 11 14 2 10 0 3 11 13 13 3 14 13 14 15 7 4 14 3
split_gain=9379.01 2356.28 2153.49 2251.95 4598.02 785.545 669.541 5627.02 609.989 505.175 469.563 462.942 1556.65 403.164 398.231 354.067 278.606 254.373 236.921 486.752 408.98 447.043 401.79 773.059 287.779 638.035 229.94 224.242 204.46 342.261
threshold=0.0095045999424378299 0.0043401221792230982 0.031784515457966837 106.50000000000001 300.50000000000006 0.0051782644774812847 283.50000000000006 99.500000000000014 0.033805311471510675 0.0046454490279283127 -0.037031865300089888 0.031784515457966837 0.0094141635931197388 103.50000000000001 -0.052178392461555971 0.036231973263706925 -0.0078481325508595861 -0.08764577449322912 0.0040994690296808182 323.50000000000006 341.50000000000006 0.036252536030044864 59.500000000000007 333.50000000000006 51.500000000000007 0.10784313514033676 0.0017826540034169538 0.0056517570823501435 86.500000000000014 0.0028217140837395465
decision_type=2 2 2 2 2 2 2 2 2 2 2 2 2 2 2 2 2 2 2 2 2 2 2 2 2 2 2 2 2 2
left_child=1 9 5 4 -4 -2 10 15 -9 -1 -7 14 13 -13 -3 28 -5 -17 -11 -20 21 24 23 -23 25 -21 -6 -16 -8 -30
right_child=2 11 3 16 26 6 7 8 -10 18 -12 12 -14 -15 27 17 -18 -19 19 20 -22 22 -24 -25 -26 -27 -28 -29 29 -31
leaf_value=-4.8583798166095393 -4.6635222285323588 -4.3278425871745485 1.2094496213242643 -2.6525554400111315 -4.6636987593853867 -4.0359602381014072 -4.2985352604904454 -2.2709265301931083 0.71710372671936184 -4.8159570043179105 -4.5910649197437836 -0.16242680344860805 -4.5126828304949616 -3.2981443457865964 -4.735886780354031 -2.8335935987735539 -4.3708898207969504 -4.0667025669478578 -4.7534116191108176 -0.77593675738427415 -4.6812904426523598 -0.057902885370685553 -4.4479074446438496 -4.5524313627217827 -4.4115512992254367 -4.2008509110050989 -3.1877317562676462 -4.5965817094930586 -3.5608666263608502 -4.2958726547123094
leaf_weight=1574.1213485598564 9.1366646345704776 9.3838169937953335 0.76537504792213384 0.27107032947242315 0.49430471844971158 5.9635472483932999 13.657161011360595 0.2312070457264771 0.6537578534334898 98.908779630437493 10.547824879176913 0.28701564297079984 2.2642345167696476 0.159453134983778 58.024995820596814 0.8610469289124012 1.8177657388150688 0.81321098841726669 56.398573843762279 0.18337110523134281 5.6845042621716857 0.23917970247566689 0.239179702475667 0.159453134983778 3.8507932098582387 0.5261953454464674 0.5660586291924119 57.530691102147102 2.9498829971998921 3.4202697454020381
leaf_count=197440 1146 1177 96 34 62 748 1713 29 82 12406 1323 36 284 20 7278 108 228 102 7074 23 713 30 30 20 483 66 71 7216 370 429
internal_value=-4.81595 -4.83442 -4.15458 -3.02672 -1.74398 -4.24612 -4.14857 -3.97167 -0.0635528 -4.84963 -4.39057 -4.62707 -3.98062 -1.28233 -4.64109 -4.13103 -4.1479 -3.43253 -4.76672 -4.69434 -4.38818 -4.06765 -2.82779 -1.85571 -4.24105 -3.31576 -3.87578 -4.66653 -4.18943 -3.95551
internal_weight=1920.11 1867.96 52.1491 3.91457 1.82574 48.2346 39.0979 22.5865 0.884965 1740.31 16.5114 127.65 2.7107 0.446469 124.94 21.7016 2.08884 1.67426 166.19 67.2813 10.8827 5.19817 0.637813 0.398633 4.56036 0.709566 1.06036 115.556 20.0273 6.37015
internal_count=240837 234296 6541 491 229 6050 4904 2833 111 218285 2071 16011 340 56 15671 2722 262 210 20845 8439 1365 652 80 50 572 89 133 14494 2512 799
is_linear=0
shrinkage=1


Tree=1
num_leaves=31
num_cat=0
split_feature=28 5 7 15 3 1 6 2 6 12 7 16 0 3 15 28 28 13 2 27 28 0 13 13 3 3 9 9 13 2
split_gain=2041.45 1054.55 592.959 570.13 383.339 219.229 214.134 206.681 197.789 158.111 152.343 146.789 171.092 211.678 115.608 108.683 97.0814 94.7471 94.5831 98.7958 93.2371 82.5532 72.5618 111.015 193.168 76.3119 84.4127 89.1829 72.3687 72.3448
threshold=-0.013562101124200858 0.0047676883927549171 0.0017503235908044926 0.75757575293800905 -0.029540241467627567 -0.017902736066744081 0.0028098180904422916 -0.014472229109678379 0.0020272472027378667 0.99320000000000075 0.00075832115757725903 1.0000000180025095e-35 0.0051957373768040114 -0.02606509625809483 0.87179484944118124 0.011168815785373183 -0.021329808242214147 299.50000000000006 -0.083789553760551569 1.9357494959981087 0.011168815785373183 0.010097100972719654 248.50000000000003 308.50000000000006 -0.024460574011831101 -0.055288909708880833 2.6996538387791529 4.1184039107641164 253.50000000000003 -0.043249657071722951
decision_type=2 2 2 2 2 2 2 2 2 2 2 2 2 2 2 2 2 2 2 2 2 2 2 2 2 2 2 2 2 2
left_child=3 2 6 5 7 16 15 -5 20 -6 -3 18 -13 -14 -9 -2 22 28 19 -7 -4 -19 25 -24 -25 -1 -27 -28 -12 -23
right_child=1 10 8 4 9 11 -8 14 -10 -11 17 12 13 -15 -16 -17 -18 21 -20 -21 -22 29 23 24 -26 26 27 -29 -30 -31
leaf_value=0.5476621346230105 -0.040629361586369928 0.063083781590724683 0.019758786613789926 0.22829173149231741 0.93340146700285809 0.3130815082176428 0.082052795301111939 0.6935641997849169 0.17817684554294988 2.3693089735603072 0.21773193277388769 -0.050478037022980496 0.49130669067738347 2.3839169341510265 2.0645578087427618 0.042459061143106998 0.19984028386903829 0.20298660650868028 0.096864911732148631 1.3737102659396854 0.13672770492622185 1.0043360621168564 0.22342868073230304 0.42252460397347025 1.7979839442182113 0.10266925133587974 1.3293872580555717 0.12250949728094368 0.072623016018408856 0.36579496804107381
leaf_weight=7.0181921757757664 1513.6196365733631 71.499567617662251 109.71456716675311 1.4332840447314088 0.30489238770678539 2.0618645083159204 37.750177548732609 0.33583854790776979 31.168734949547797 0.51644428353756666 12.28655537497252 0.43029439914971479 0.36893700063228607 0.24641362857073545 0.28362271701917052 40.407710496801883 17.41531726764515 27.36810566298664 40.242759808432311 0.24572556605562557 20.168639426119626 0.52060170006006989 12.007489519193767 1.7965761865489187 0.29753068974241514 2.283297789283099 0.32606703042983998 0.28851464949548244 28.575301471166313 2.9981083804741493
leaf_count=478 196633 5745 13468 120 32 169 4063 28 2613 31 1062 48 27 16 21 4408 1301 2252 4266 20 1718 19 686 159 28 205 26 20 996 179
internal_value=-0.00477999 -0.0157005 -0.0263604 0.230778 0.923387 0.207366 -0.0356106 0.558125 0.0650659 1.83628 0.114736 0.129098 0.714363 1.24919 1.32128 -0.0384689 0.289721 0.166209 0.114716 0.426023 0.0379221 0.232297 0.354893 0.282016 0.61795 0.458532 0.242674 0.76282 0.116255 0.460269
internal_weight=1983.98 1896.08 1752.83 87.9031 2.87408 85.029 1591.78 2.05275 161.052 0.821337 143.248 43.596 1.04565 0.615351 0.619461 1554.03 41.433 71.7487 42.5503 2.30759 129.883 30.8868 24.0177 14.1016 2.09411 9.91607 2.89788 0.614582 40.8619 3.51871
internal_count=240837 233156 222903 7681 232 7449 205104 169 17799 63 10253 4546 91 43 49 201041 2903 4508 4455 189 15186 2450 1602 873 187 729 251 46 2058 198
is_linear=0
shrinkage=0.05


Tree=2
num_leaves=31
num_cat=0
split_feature=10 1 10 7 28 15 10 1 7 13 0 15 1 28 29 30 12 12 9 1 7 12 7 0 10 29 12 13 9 28
split_gain=3064.49 288.937 198.221 184.331 132.471 150.586 110.277 151.029 79.902 65.2345 94.0853 82.9497 87.1516 137.252 70.4393 136.411 67.3003 72.2082 63.6665 63.4858 63.4109 63.246 66.9705 81.6573 61.6744 56.1383 131.502 51.9054 50.5796 47.9896
threshold=0.0042371677304343667 -0.012515087334667939 0.0025575843973454559 0.0012526542000657161 -0.0027814989574734754 0.84276728275415336 0.0070325824256177042 0.0098400522050738921 0.0017503235908044926 316.50000000000006 0.00067779053624017493 0.49999997727273243 -0.021910303037325603 -0.021329808242214147 0.092786177963751451 1.0000000180025095e-35 0.46644107142857277 1.4761821428571442 0.70613580323517666 -0.05988529984554896 0.0041059966366492322 0.47838571428570836 0.0041059966366492322 -0.0031129717852848011 0.026440893941645883 -0.44456556852821849 0.71709999999999707 327.50000000000006 2.4622896176864311 0.011168815785373183
decision_type=2 2 2 2 2 2 2 2 2 2 2 2 2 2 2 2 2 2 2 2 2 2 2 2 2 2 2 2 2 2
left_child=1 21 29 24 5 9 7 18 -4 19 11 12 13 -11 15 -14 -13 -18 -7 -5 -21 -1 -23 -24 27 26 -17 -2 -6 -3
right_child=3 2 8 4 28 6 -8 -9 -10 10 -12 16 14 -15 -16 25 17 -19 -20 20 -22 22 23 -25 -26 -27 -28 -29 -30 -31
leaf_value=0.034459315740835279 0.074754856436208661 -0.043799810643250371 -0.0089180553968029909 0.26822128990303423 0.11414803000606266 0.83701851314797171 0.26334827153142698 1.4156873649676673 0.060047479783008034 0.38425760240599338 0.081907580599223553 0.15910955974861032 1.3491684323486577 1.5096054637029228 0.069403843411509666 1.609446086604583 1.537042441631381 0.40947053012545731 0.27236759560366619 0.12242086049276563 0.26745565608154492 0.18401498118593207 1.3272912620628672 0.21298710903338183 0.20371893147633952 0.13923593013832322 0.09204173638168095 0.16596267613469104 0.21242244394521786 0.027941735449244078
leaf_weight=8.2857093899510819 123.2021405948326 1345.5714810187928 209.97499481076375 15.453982830978928 77.486610802356154 0.84216106217354525 3.1171225868165493 0.57936378754675377 52.499178468249738 0.91726607643067837 3.01019346434623 0.23847826477140177 0.35719743650406455 0.38453311286866643 2.499294807203114 0.24096330441534553 0.40941204456612468 0.21736578363925219 1.225929240696132 37.677601689938456 9.4206596743315441 13.774285997729745 0.29025631491094828 0.37919975817203599 12.146824707277117 1.5801673219539223 0.35042092762887478 17.85997862694785 15.754950987175105 23.721134566701949
leaf_count=714 9500 181733 26415 546 4826 32 96 36 5690 39 245 23 31 28 214 23 38 20 64 2792 610 1117 21 31 661 139 30 1672 951 2500
internal_value=-0.00488935 -0.0324612 -0.0349272 0.135484 0.171049 0.218898 0.46489 0.702186 0.00487619 0.199408 0.316622 0.414818 0.352051 0.716669 0.257648 0.4437 0.873999 1.146 0.502303 0.180285 0.151431 0.14458 0.20775 0.696116 0.0956118 0.29476 0.710318 0.0863027 0.130753 -0.042557
internal_weight=1979.47 1654.5 1631.77 324.973 171.764 78.5221 5.76458 2.64745 262.474 72.7575 10.2053 7.1951 6.32984 1.3018 5.02804 2.52875 0.865256 0.626778 2.06809 62.5522 47.0983 22.7295 14.4437 0.669456 153.209 2.17155 0.591384 141.062 93.2416 1369.29
internal_count=240837 218221 216338 22616 10783 5006 228 132 32105 4778 830 585 504 67 437 223 81 58 96 3948 3402 1883 1169 52 11833 192 53 11172 5777 184233
is_linear=0
shrinkage=0.05


Tree=3
num_leaves=31
num_cat=0
split_feature=4 11 11 13 11 13 15 2 1 13 6 11 11 9 13 9 1 12 13 1 27 1 13 7 13 11 4 4 2 18
split_gain=2601.4 447.424 305.273 144.998 100.267 134.373 129.54 212.726 90.4427 133.659 79.5118 74.0902 113.413 82.2996 73.0774 72.974 91.6483 70.4521 81.5754 63.8823 73.7032 61.3868 60.9158 60.0117 55.4181 54.8692 54.7823 50.0695 88.4379 335.73
threshold=0.0050836846335738477 0.0043779507991669612 0.003089905357928642 329.50000000000006 0.0043779507991669612 353.50000000000006 0.82421874517059812 0.010002349999203354 -0.017902736066744081 288.50000000000006 0.00087814828809253554 0.021641015834464154 0.024836861074071594 1.7736245544487905 303.50000000000006 0.81304491319684846 -0.0090397703246381505 1.2264924642857182 244.50000000000003 -0.011531985616666405 0.1715725085985518 0.017968136737195332 338.50000000000006 0.0010777551899132166 302.50000000000006 0.024836861074071594 0.0030008275884058646 0.0095045999424378299 -0.0050632911392405324 0.0014285714285713501
decision_type=2 2 2 2 2 2 2 2 2 2 2 2 2 2 2 2 2 2 2 2 2 2 2 2 2 2 2 2 2 2
left_child=2 21 -1 26 19 6 -6 10 11 25 -8 -3 13 24 15 16 -11 -15 -19 20 22 -2 -5 -9 -13 -10 -4 28 -18 -30
right_child=1 8 3 4 5 -7 7 23 9 14 -12 12 -14 17 -16 -17 27 18 -20 -21 -22 -23 -24 -25 -26 -27 -28 -29 29 -31
leaf_value=-0.046924900289958452 0.0048155131111084657 0.150361386735264 -0.031865617165685124 0.20684798719690525 0.27458969294108387 0.014981668997251863 1.1298831526755764 0.025741984814997496 0.065994927859391206 0.054540173494753298 2.4648253700022424 0.57439834675204893 0.18333810827212491 0.13623005190362866 0.12726876329233816 0.15366116477163039 0.3618760243358955 0.97856846526767627 0.25170776288017022 0.038360723625996414 0.1161018386782524 0.26351944742420996 1.3552721325758055 0.98712400144838386 1.2516813430516229 0.18099897798833411 0.016458384225057035 0.27800290030602676 0.44454030552861346 2.4657857163518209
leaf_weight=1237.1979664419778 103.72063580900431 67.871125748381019 99.188469291198999 0.19432300468907004 4.3763703336007875 3.807360656093806 0.25417068460956194 0.4975305930711329 114.75670707318932 2.7937533259391776 0.19877968123182654 0.87848031055182108 11.185353506356476 1.8511320520192387 103.56083057634532 19.98446193523705 3.1107804719358674 0.72802824527025201 0.82166381273418665 26.892400499433279 0.86508407397195697 2.3448646226897827 0.28455421281978488 0.24093059496954083 0.46028006356209517 11.402014311868696 143.492316422984 5.4524576729163527 1.0041735479608167 0.25828566215932358
leaf_count=174473 11365 2999 13170 22 350 416 31 28 7362 81 21 36 292 47 7281 919 94 25 27 3404 74 192 34 24 19 763 17137 74 58 19
internal_value=-0.00488376 0.100381 -0.0362507 0.010865 0.102214 0.243892 0.400426 0.862654 0.127913 0.113467 1.71573 0.173135 0.270196 0.475178 0.147821 0.213103 0.307237 0.344453 0.593179 0.0551733 0.39159 0.0105349 0.889254 0.339403 0.807255 0.0763888 -0.0032926 0.379086 0.505115 0.858066
internal_weight=1969.68 452.185 1517.49 280.292 37.6115 9.37514 5.56778 1.19141 346.12 262.323 0.45295 83.7961 15.9249 4.73958 136.165 32.6039 12.6195 3.40082 1.54969 28.2364 1.34396 106.066 0.478877 0.738461 1.33876 126.159 242.681 9.8257 4.37324 1.26246
internal_count=240837 31653 209184 34711 4404 870 454 104 20096 16651 52 3445 446 154 8526 1245 326 99 52 3534 130 11557 56 52 55 8125 30307 245 171 77
is_linear=0
shrinkage=0.05


Tree=4
num_leaves=31
num_cat=0
split_feature=11 4 13 11 10 1 2 13 1 13 11 1 2 13 11 2 30 13 13 2 2 15 6 11 10 2 13 4 18 13
split_gain=2261.63 483.127 145.846 84.1119 60.1833 56.1453 101.106 62.3818 60.9997 54.3154 76.1581 63.4385 85.764 51.5985 47.3975 43.2616 43.0257 40.2382 181.925 199.173 45.3015 103.29 127.783 46.4833 50.7554 46.622 38.6547 50.6968 84.231 181.302
threshold=0.0034099586751512065 0.0050836846335738477 325.50000000000006 0.013168671402036546 0.0036153979026276243 0.013504106509089621 -0.043249657071722951 302.50000000000006 -0.017902736066744081 284.50000000000006 0.0047927217412498816 -0.017902736066744081 -1.0000000180025095e-35 322.50000000000006 0.0025298974984326269 -0.083789553760551569 0.75874301919119103 353.50000000000006 352.50000000000006 -0.0024847927798957721 -0.015368217427008833 0.31796868290258667 0.0009230033299019979 0.0045824700360918577 0.0022103618480169718 -1.0000000180025095e-35 302.50000000000006 0.0095045999424378299 5.4475936120724628e-05 290.50000000000006
decision_type=2 2 2 2 2 2 2 2 2 2 2 2 2 2 2 2 2 2 2 2 2 2 2 2 2 2 2 2 2 2
left_child=14 2 4 9 -2 8 7 -7 -5 11 -11 12 -3 26 -1 -9 -15 18 20 -20 21 -4 -23 -22 25 -25 27 28 -12 -30
right_child=1 3 17 5 -6 6 -8 15 -10 10 13 -13 -14 16 -16 -17 -18 -19 19 -21 23 22 -24 24 -26 -27 -28 -29 29 -31
leaf_value=-0.047809108789163161 -0.020868464322032335 0.12097624310303308 0.07796844382973428 0.15936264430403135 0.035568521971437582 0.18839316354851865 0.16703398733109615 0.43026285579007856 0.080173699167285867 0.041772329588912548 0.11762756455878916 0.035521983643507671 0.8856980571871409 0.15695994745791886 -0.01997539051851982 0.94531310027286686 0.66632498036284016 0.024520802648872578 0.10621275641264585 1.8861495287969996 0.049906219613943814 0.22737625282773777 1.6280531821318924 0.96376360419936802 0.15486335081941904 0.24020437151702978 0.068414653163119302 0.095343588000348881 0.99069260941627224 0.23304494948968313
leaf_weight=1104.540128802415 142.31031116656959 19.734469846822325 1.1630053380504275 46.108477519825101 70.708083842415363 1.0426680659875303 25.079561468213797 0.8290612855926156 51.459367190487683 42.726720799691975 13.354618120007219 77.543526350520551 0.37357901688665052 45.669801944866776 177.53562442678958 0.80219270661473252 0.41837916243821283 9.9890407612547261 0.31901446171104908 0.3097898717969646 14.565103129483765 0.35927084088325489 0.29780456610023975 0.3939522672444582 6.366155908908695 0.5119301425293078 54.761393501423299 43.745156855322421 0.90899726841598649 6.0115422895178199
leaf_count=163008 19279 1021 91 1265 7194 49 1243 28 3522 3616 513 6418 22 2071 23730 34 31 1147 33 29 1546 34 26 29 335 29 3632 676 28 158
internal_value=-0.00490008 0.0689661 0.0132674 0.100956 -0.0021351 0.135446 0.198195 0.490466 0.117597 0.0867961 0.101262 0.056044 0.135184 0.116679 -0.0439548 0.683546 0.161584 0.108994 0.143738 0.983125 0.121427 0.361088 0.862201 0.101452 0.204692 0.554868 0.0992549 0.125635 0.190991 0.33256
internal_weight=1959.94 677.863 247.293 430.57 213.018 125.321 27.7535 2.67392 97.5678 305.248 207.597 97.6516 20.108 164.87 1282.08 1.63125 46.0882 34.2751 24.286 0.628804 23.6572 1.82008 0.657075 21.8371 7.27204 0.905882 118.782 64.0203 20.2752 6.92054
internal_count=240837 54099 29772 24327 26473 6141 1354 111 4787 18186 10725 7461 1043 7109 186738 62 2102 3299 2152 62 2090 151 60 1939 393 58 5007 1375 699 186
is_linear=0
shrinkage=0.05


Tree=5
num_leaves=31
num_cat=0
split_feature=11 4 13 11 10 4 13 10 2 5 1 10 29 9 27 2 13 10 9 4 13 4 12 11 6 4 12 9 8 11
split_gain=2056.6 354.192 103.959 71.5974 66.9756 62.8729 56.6261 48.7551 46.3247 40.3775 36.0976 35.9306 32.986 35.6496 33.4898 31.687 79.6664 177.148 30.6081 29.6285 45.0056 28.8617 32.1339 48.0646 81.363 93.6705 47.4619 28.6994 28.9063 27.1723
threshold=0.0035218078465877969 0.0051542464877489622 323.50000000000006 0.013168671402036546 0.0050137627729382453 0.0036825137037902462 268.50000000000006 0.0056256068588549941 -0.083789553760551569 0.00191248691685347 -0.021910303037325603 0.0027879627300686212 0.55919704991242714 1.2778659389661604 0.84549076238570808 -0.015368217427008833 309.50000000000006 0.0024152630224722068 2.1548231985087547 0.014138002446878887 301.50000000000006 0.010029365606348749 1.6208071428571409 0.0040229145792005953 0.00063286962382638008 0.0061717860311340913 1.9881892857142989 1.0034135352758957 1.6424728670469591 0.0025821930755653985
decision_type=2 2 2 2 2 2 2 2 2 2 2 2 2 2 2 2 2 2 2 2 2 2 2 2 2 2 2 2 2 2
left_child=5 2 3 11 6 -1 8 15 -3 19 18 -2 13 -9 -15 16 -5 -18 -10 -6 -21 22 -8 24 -24 -26 -27 -23 -29 -7
right_child=1 4 -4 7 9 29 21 12 10 -11 -12 -13 -14 14 -16 -17 17 -19 -20 20 -22 27 23 -25 25 26 -28 28 -30 -31
leaf_value=-0.047264445890424819 -0.031982803754455773 0.26124432181193435 0.089814801206224509 0.063049783586522926 0.13762542388808915 -0.034261345257564461 0.058940679639712994 0.21084481068460567 0.064221207180059428 0.096291420655163551 0.0031342588835316038 0.013230547726306051 0.054274065697404596 0.31572738614192114 1.0267167222089313 0.010713031343362746 1.8693091543463014 0.14249564700943249 0.52873744701642333 0.096958294163995484 0.51681256924553698 0.23618879754167232 -0.050582853287463703 0.10719338751025283 1.3786424158637471 0.74615486930379815 -0.050483685598897959 0.031885982774038028 0.2741172645283575 0.0044355046298271226
leaf_weight=1060.6130891428329 92.477883937302977 1.917151485569774 40.068894934374839 3.5213652700185838 42.440002871677279 93.190153487958014 69.551773803774267 3.6295737307518712 0.86283110827207454 260.70401333551854 47.402687979862094 83.721708794590086 2.8531798971816897 0.40915717370808113 0.27826666925102472 19.62446695799008 0.20836493698880065 0.51711461041122675 0.60209289379417896 1.2407976873219007 1.3144313413649795 5.8791876938194019 0.66310168802738445 17.118660632055253 0.31488091265782692 0.37657405901700258 0.3713266896083951 5.4556895233690739 1.5907011618837712 88.394016421400011
leaf_count=163927 13033 83 3284 369 2081 13418 4983 265 37 10104 4213 9217 191 27 16 2438 27 51 19 33 31 233 64 1087 35 39 40 232 83 11008
internal_value=-0.00389655 0.0643047 0.01609 0.00183573 0.0903506 -0.04261 0.0632386 0.0718541 0.0201473 0.103841 0.0106887 -0.0104996 0.18619 0.273375 0.603533 0.0375113 0.161345 0.638454 0.25514 0.147581 0.312935 0.0848369 0.0746325 0.132548 0.384037 0.65521 0.35063 0.154623 0.086569 -0.015424
internal_weight=1947.31 705.116 247.31 207.241 457.806 1242.2 152.107 31.0415 50.7848 305.699 48.8676 176.2 7.17018 4.317 0.687424 23.8713 4.24684 0.72548 1.46492 44.9952 2.55523 101.322 88.3963 18.8445 1.72588 1.06278 0.747901 12.9256 7.04639 181.584
internal_count=240668 52315 28918 25634 23397 188353 11148 3384 4352 12249 4269 22250 499 308 43 2885 447 78 56 2145 64 6796 6248 1265 178 114 79 548 315 24426
is_linear=0
shrinkage=0.05


Tree=6
num_leaves=31
num_cat=0
split_feature=4 10 10 7 4 2 3 14 15 28 3 28 6 4 3 12 13 13 29 27 12 5 7 7 10 27 2 27 10 10
split_gain=1753.39 188.171 161.943 78.6067 75.0513 56.8188 44.8433 63.2397 78.8056 43.8601 41.2555 42.0574 40.5477 36.7042 36.0663 32.9318 31.9663 30.9794 33.8622 30.2425 58.5311 56.9528 86.2461 49.6148 36.4692 28.4933 30.7992 28.3152 26.5387 33.396
threshold=0.0045901950627406591 0.0047075374585191856 0.0036819627212547001 0.0010220881538468261 0.010029365606348749 -0.014472229109678379 -0.0049715756456711327 51.500000000000007 0.37999994680000088 -0.018940636301428202 0.10636437917068277 -0.0043936895417833865 0.002168684449941219 0.0029757046117349006 -0.11307006148530295 2.9317646428571469 358.50000000000006 272.50000000000006 0.54454354036900399 0.81753487715303808 0.85968214285713584 0.0038530934521671784 0.0024100463313272962 0.0011151379983273025 0.014413348422992942 210376.50000000003 0.00078789037104820558 0.30491962078151141 0.0042371677304343667 0.0035517699722437128
decision_type=2 2 2 2 2 2 2 2 2 2 2 2 2 2 2 2 2 2 2 2 2 2 2 2 2 2 2 2 2 2
left_child=2 3 5 9 17 6 14 8 -8 28 11 16 -9 -7 -1 19 -3 -5 25 -12 -21 22 -22 -23 -25 -19 -27 -18 29 -2
right_child=1 10 -4 4 -6 13 7 12 -10 -11 15 -13 -14 -15 -16 -17 27 18 -20 20 21 23 -24 24 -26 26 -28 -29 -30 -31
leaf_value=0.50616628827423171 0.086649149019485797 0.098187672145443494 0.029918880392214953 0.0083354693458829177 0.17058972835545513 -0.047635527799184417 0.13229951069193058 0.057466278706389595 1.3645374360411204 -0.0038543079548857967 0.088028862889025339 0.066493447868153352 0.87629185599075177 -0.025852059267910944 6.9743883695920679e-05 0.023140010340121468 0.49441576755602434 0.074618293370084895 0.0092252853733797643 0.093080643258733331 1.155722689746832 0.051907099121276813 0.33577876078142588 0.69726858597558961 0.27758411903429081 0.70865416332124775 0.17919474137246988 0.161333855291907 -0.051788021971838905 0.35242321812348609
leaf_weight=0.35840331064537778 3.2593653951771548 173.17541830148548 84.391329039819539 38.177662724163383 13.355162313207982 951.50527310976759 0.27319401362910811 2.3100801897235219 0.24711370747536421 117.83365109330043 4.2334258854389217 177.00137620046735 0.16177815804257978 242.69954863609746 19.785532683134079 3.3318169089034191 0.91529836505651418 63.389498860109597 22.394020724575967 3.6333085075020772 0.49722946807742097 1.7161829024553297 0.90338670276105404 0.73407756257802259 1.7555401232093573 0.32913804287090798 1.6598311839625237 2.1064917435869575 1.5734882298856971 1.8544932371005414
leaf_count=19 205 6282 8314 3723 584 153864 29 265 13 11964 128 7926 16 36163 2613 135 38 5473 2208 117 28 48 36 28 41 23 127 90 77 91
internal_value=-0.00385438 0.064345 -0.0370615 0.0320821 0.0578856 -0.0417049 0.0359027 0.216517 0.717536 0.00321498 0.0873497 0.0837079 0.111057 -0.0432084 0.00907427 0.163892 0.101001 0.045935 0.0622893 0.198698 0.249405 0.350712 0.626865 0.258748 0.40133 0.0804652 0.266811 0.262224 0.127779 0.18303
internal_weight=1935.56 633.83 1301.73 263.826 139.305 1217.34 23.1361 2.99217 0.520308 124.521 370.004 353.199 2.47186 1194.2 20.1439 16.805 176.197 125.95 87.7725 13.4732 9.23973 5.60642 1.40062 4.2058 2.48962 65.3785 1.98897 3.02179 6.68735 5.11386
internal_count=240668 39372 201296 24475 12138 192982 2955 323 42 12337 14897 14336 281 190027 2632 561 6410 11554 7831 426 298 181 64 117 69 5623 150 128 373 296
is_linear=0
shrinkage=0.05


Tree=7
num_leaves=31
num_cat=0
split_feature=11 10 13 3 10 2 11 28 3 13 11 14 13 28 3 28 2 11 13 28 15 0 15 8 11 3 28 15 14 11
split_gain=1669.16 224.264 116.046 44.4006 78.8398 75.716 47.1698 42.4061 48.5474 120.887 48.8081 69.3942 45.0257 41.4038 40.9915 79.6468 39.5409 35.2192 32.3351 38.8955 46.3026 32.2731 31.3699 29.6276 29.4557 28.161 30.317 33.6219 34.7684 27.9124
threshold=0.0033540081824132697 0.0048544913878988709 266.50000000000006 -0.023072560072224853 0.0039591790380514103 -0.0095392199818980488 0.0029377315596481155 -0.0073950500424665626 -0.0049715756456711327 277.50000000000006 0.0043779507991669612 57.500000000000007 343.50000000000006 0.011168815785373183 -0.031618753641043044 0.018453584822561174 -0.083789553760551569 0.016471742852173638 331.50000000000006 0.014161902518044859 0.91999998773333524 0.0024665257223396302 0.75757575293800905 0.41267687824434524 0.0022255373261040527 -0.076121215926945526 -0.012747082596327909 0.55257166831123017 28.500000000000004 0.024836861074071594
decision_type=2 2 2 2 2 2 2 2 2 2 2 2 2 2 2 2 2 2 2 2 2 2 2 2 2 2 2 2 2 2
left_child=3 2 16 4 -1 6 -6 8 22 -10 11 12 -11 -9 15 -15 29 23 -16 20 -20 -22 -4 -3 -5 -25 27 28 -27 -2
right_child=1 17 7 24 5 -7 -8 13 9 10 -12 -13 -14 14 18 -17 -18 -19 19 -21 21 -23 -24 25 -26 26 -28 -29 -30 -31
leaf_value=0.019428689436511642 0.081683499254881817 0.017513103499566654 0.041113722554196826 -0.04818282054021307 0.84466791668614505 1.332999212149022 -0.050594623748305617 0.017701192960978159 1.0588107065558972 0.70529292712073899 0.095704259912955045 -0.050549480216453918 0.14156323614757244 -0.050932282997630744 0.033954645415110611 0.91918144669116053 -0.017000683095717738 0.10194942388529896 0.16513565566271185 0.067226749456047827 0.87161426471097136 0.29910759168660134 0.16958740022887711 -0.010972648658886962 -0.028482376007449725 0.34819960709895503 0.065185222179433511 0.16988448544155574 0.081496686620987135 0.44194561866814203
leaf_weight=7.1581777795217914 2.2439473927952345 26.449726175516844 46.412222530227154 874.33581233071163 0.2233435669913888 0.21680514980107535 0.43117021210491657 130.6904649650678 0.36055270396173256 1.1096696574240916 13.402859258931128 0.77028149971738447 0.52028383361175645 0.4351990525610735 23.976290063001215 0.41174757713451982 135.71675113681704 101.77940351422876 3.9062234912998965 8.7751711523160321 0.43263562023639657 0.57111499458551407 5.2933316309936336 9.7162324702367169 242.3266717819497 1.2445944659411896 203.46779331751168 14.609499218873678 67.296845599077642 0.70706268213689316
leaf_count=953 85 1656 3717 148374 20 21 40 14067 35 36 587 90 49 30 1805 16 16330 3087 204 425 19 45 238 309 36075 33 9586 221 2491 24
internal_value=-0.00379036 0.0514041 0.0232687 -0.0430652 0.0740907 0.523158 0.254901 0.0445204 0.07791 0.153544 0.13289 0.340532 0.525349 0.0311272 0.0766927 0.420694 -0.0130636 0.0763037 0.0689566 0.13028 0.242969 0.545869 0.0542662 0.0682172 -0.0439076 0.0727428 0.0755807 0.101018 0.0863396 0.168002
internal_weight=1924.99 800.3 375.736 1124.69 8.0295 0.871319 0.654514 237.068 67.8692 16.1636 15.8031 2.40023 1.62995 169.199 38.5084 0.846947 138.668 424.564 37.6614 13.6851 4.90997 1.00375 51.7056 322.785 1116.66 296.335 286.619 83.1509 68.5414 2.95101
internal_count=240668 55185 37802 185483 1034 81 60 21363 4752 797 762 175 85 16611 2544 46 16439 17383 2498 693 268 64 3955 14296 184449 12640 12331 2745 2524 109
is_linear=0
shrinkage=0.05


Tree=8
num_leaves=31
num_cat=0
split_feature=11 4 10 13 4 13 6 11 10 30 2 11 12 11 13 17 5 28 0 28 29 6 29 7 4 6 2 4 12 29
split_gain=1504.75 210.163 61.6524 57.304 46.7311 41.1241 38.1031 35.5081 26.883 33.1015 24.343 27.4122 23.6034 23.1312 38.827 96.5999 58.7136 40.4273 67.4881 37.8062 23.0779 22.6433 37.5803 22.4241 21.331 20.0544 32.6348 39.2736 25.1843 29.8447
threshold=0.0033540081824132697 0.0038992043038320792 0.0048544913878988709 265.50000000000006 0.0036825137037902462 326.50000000000006 0.00029333724454874097 0.013168671402036546 0.021289565999029449 0.19099831334902664 -0.064689628780357764 0.024836861074071594 0.64656428571429114 0.0043779507991669612 276.50000000000006 1.0000000180025095e-35 0.0022053912367555393 0.0074671726902663044 0.0010089600416073321 -0.002597329005212607 0.75333191394448173 0.0023339024060647297 -0.24090280413081025 0.00055737217617336462 0.0081049397103721294 0.0037969568943900882 -0.083789553760551569 0.0052291007978544539 2.4778571428571441 15.150107686129466
decision_type=2 2 2 2 2 2 2 2 2 2 2 2 2 2 2 2 2 2 2 2 2 2 2 2 2 2 2 2 2 2
left_child=4 5 3 10 -1 7 -5 8 -2 -10 11 -3 -9 -8 15 16 17 18 19 -15 24 -14 -23 -4 -16 26 27 -25 -29 -30
right_child=1 2 23 6 -6 -7 13 12 9 -11 -12 -13 21 14 20 -17 -18 -19 -20 -21 -22 22 -24 25 -26 -27 -28 28 29 -31
leaf_value=-0.047077157695611799 -0.025485665174186375 0.050698268647422218 0.050000330898030292 0.0083359179562439902 -0.017746269116188724 0.059495898374885829 0.037019916630778291 -0.020703890676351915 0.069339450020295054 0.71416101212451988 -0.005246634824169958 0.33873776320827259 0.082493656132276244 -0.050742061170007791 0.068258969882185022 0.99215532591221745 -0.024520341387295645 -0.050563527553353693 1.2511052552674595 0.69372135412831204 0.0093231743813332549 0.09661159455500283 0.96549311831945372 0.40457387426439317 0.12659033667354769 0.10317899648290313 0.06543656981692407 0.079433749796438052 0.2844390572195053 0.069093084419422843
leaf_weight=918.90723560890183 123.39156743232161 4.3894906672649077 99.987600699067116 34.841376056428999 159.34763859771192 22.008914109319448 44.272659675683826 6.6654353439807918 0.83292931132018455 0.26151338592171669 69.393875636160374 1.0174635415896771 10.125253899022933 0.34639187436550856 57.261148015968502 0.38349271193146695 1.9021506514400242 0.34666895167902112 0.26884873164817691 0.3359137177467344 11.826438464224337 0.33832835545763373 0.19685266260057765 1.2005805727094436 21.579264634288847 60.008996245451272 237.76416997611523 17.112763347104195 3.8451757077127686 2.7664747592061758
leaf_count=162712 16917 206 4127 2630 22771 1841 4010 737 64 22 7012 25 1026 29 3745 28 155 33 24 35 730 31 22 33 756 1565 8961 304 80 37
internal_value=-0.00372593 0.046677 0.0590752 0.0392932 -0.0427426 -0.00409437 0.0550754 -0.0139635 -0.0232974 0.223417 0.00271533 0.104901 0.0531007 0.0668313 0.0808347 0.242259 0.152389 0.411676 0.58015 0.315773 0.0744547 0.0992469 0.416207 0.0706896 0.0842247 0.0771001 0.0711426 0.125573 0.111455 0.194333
internal_weight=1912.93 834.672 670.851 248.165 1078.25 163.821 173.364 141.812 124.486 1.09444 74.8008 5.40695 17.3259 138.523 94.2503 3.58347 3.19997 1.29782 0.951154 0.682306 90.6669 10.6604 0.535181 422.686 78.8404 322.698 262.689 24.925 23.7244 6.61165
internal_count=240668 55185 34525 19418 185483 20660 12175 18819 17003 86 7243 231 1816 9545 5535 304 276 121 88 64 5231 1079 53 15107 4501 10980 9415 454 421 117
is_linear=0
shrinkage=0.05


Tree=9
num_leaves=31
num_cat=0
split_feature=11 4 10 13 4 13 3 1 13 11 6 1 7 12 6 12 4 2 3 28 14 28 7 3 11 10 13 14 11 27
split_gain=1360.87 174.258 49.7351 47.1293 47.028 35.8878 31.536 52.6515 46.3063 31.3293 27.7627 23.5159 29.6309 30.8927 38.5776 23.4101 30.0377 25.45 21.9761 48.0683 44.1351 21.3006 21.2346 19.6663 24.2851 19.4474 27.4802 19.3424 21.119 29.9657
threshold=0.0033540081824132697 0.0038992043038320792 0.0048544913878988709 268.50000000000006 0.0036825137037902462 325.50000000000006 -0.023072560072224853 -0.00042627505309256181 314.50000000000006 0.013168671402036546 0.00029333724454874097 -0.0060531601437039942 0.00050352467270895808 1.0759785714285675 0.0011349382974194819 0.32171071428571457 0.0039707469617351132 -0.006672653201906408 -0.076121215926945526 0.0013253154963496691 138.50000000000003 0.0082556171818786214 0.0041059966366492322 0.10636437917068277 0.021641015834464154 0.021289565999029449 242.50000000000003 45.500000000000007 0.0041868953691014876 2.1013720156262559
decision_type=2 2 2 2 2 2 2 2 2 2 2 2 2 2 2 2 2 2 2 2 2 2 2 2 2 2 2 2 2 2
left_child=4 5 3 18 -1 9 7 22 -9 25 -5 12 13 -11 -15 -12 17 -17 19 -3 -21 27 -6 -4 -25 -2 -27 -7 -29 -30
right_child=1 2 23 10 6 21 -8 8 -10 11 15 -13 -14 14 -16 16 -18 -19 -20 20 -22 -23 -24 24 -26 26 -28 28 29 -31
leaf_value=-0.04691097199364324 -0.025114206509357164 0.040967630520341553 0.060981270882727069 0.0095704087073336126 0.013615742106787499 -0.020146272729464246 -0.021528684464854699 0.78279931794668345 -0.050490273214965242 0.091534768923827087 0.014623375122807709 0.012727492783110273 0.035883800772445539 0.20591299647737771 0.81843279495736609 0.4656622633099235 0.065617161757427225 0.097012941377086229 -0.0057817917313070233 0.15119445409724752 0.91045089047255778 0.15163972278923232 0.44730967753665091 0.21948622073912347 0.0845421523338859 0.56539034848479741 0.04104933529541846 0.017387311409564683 0.11420992184166759 0.51844218544983967
leaf_weight=877.11109019676223 119.6748160617426 8.6012671305797959 424.40903944335878 34.10142089985311 4.6728347707539797 9.6652681855484897 150.87776351813227 0.47962640412151714 0.25555088697001338 1.0471796533092885 23.941673575900495 13.408984885551034 2.8709638575091958 0.58297371864318825 0.45981362229213119 0.86804703436791886 117.78476285655051 1.0162809500470746 70.208106243051589 0.49552660621702749 0.31186221539974213 4.4222977263852945 0.30038211680948723 4.0697974273934987 18.44249629881233 0.32444645185023446 1.0872704889625309 5.7352733640000206 3.5912319836206734 0.52555440366268147
leaf_count=162712 16837 494 14541 2519 515 837 22169 36 32 79 1898 1447 225 36 29 51 7162 111 7125 44 14 310 19 85 481 18 68 552 194 28
internal_value=-0.00365027 0.0425212 0.0533145 0.0358035 -0.0424049 -0.00399851 -0.0171641 0.0981951 0.493144 -0.0137072 0.0501259 0.0471372 0.140144 0.283364 0.476002 0.0597561 0.0687856 0.266837 0.00383463 0.0755931 0.444465 0.0525581 0.0398108 0.0633969 0.108937 -0.0229379 0.161555 0.0301079 0.0794093 0.165815
internal_weight=1901.34 867.646 704.25 257.329 1033.7 163.396 156.586 5.70839 0.735177 139.456 177.712 18.3699 4.96093 2.08997 1.04279 143.611 119.669 1.88433 79.6168 9.40866 0.807389 23.9396 4.97322 446.921 22.5123 121.087 1.41172 19.5173 9.85206 4.11679
internal_count=240668 55185 34525 19418 185483 20660 22771 602 68 18739 11741 1816 369 144 65 9222 7324 162 7677 552 58 1921 534 15107 566 16923 86 1611 774 222
is_linear=0
shrinkage=0.05


Tree=10
num_leaves=31
num_cat=0
split_feature=11 4 11 7 1 18 12 6 4 12 10 13 4 13 28 15 27 11 13 15 15 1 28 7 1 1 10 11 12 11
split_gain=1208.66 165.579 51.2595 49.9478 27.9323 40.8529 26.5042 26.3217 19.9212 23.9791 24.8172 21.192 34.5421 29.1727 30.2 25.6442 22.9461 36.6707 22.6718 29.6428 55.9316 23.5908 42.9291 24.2156 51.2523 21.5848 20.4878 36.0861 27.6349 43.3056
threshold=0.0033540081824132697 0.0033114287213663438 0.0025821930755653985 0.0010122550491512658 0.017968136737195332 0.00063094136563219085 0.38240000000000107 0.00075494549480807692 0.017008153851206385 1.1217785714285713 0.01232138875554588 323.50000000000006 0.0055609599087151048 344.50000000000006 -0.0036137741404057926 0.97272725504132163 3.9175529904545443 0.0050497926806800635 339.50000000000006 0.29174888606300525 0.53846149704139612 -0.015483542989495334 -0.012747082596327909 0.0013523321076138628 -0.0052686791629923948 0.010512292215476672 0.0052018389292039753 0.0051782644774812847 1.4338107142857179 0.0063473401690029739
decision_type=2 2 2 2 2 2 2 2 2 2 2 2 2 2 2 2 2 2 2 2 2 2 2 2 2 2 2 2 2 2
left_child=2 -2 -1 7 -4 -6 -5 -3 11 10 -10 12 -8 14 18 26 -15 -18 21 -20 -21 22 -13 24 -23 -19 27 -16 -29 -30
right_child=1 3 4 6 5 -7 8 -9 9 -11 -12 13 -14 16 15 -17 17 25 19 20 -22 23 -24 -25 -26 -27 -28 28 29 -31
leaf_value=-0.046413052121555949 -0.018287987915177838 0.0095376639024974258 -0.014788461779367608 0.030659907551948803 -0.050613254495620409 0.87905448047174062 0.019805061662420367 0.04102954036157852 0.14916672260204117 0.13581325962221613 0.013171143042422893 0.13828243419612132 0.061444675671987393 0.025765369399022742 0.038787773021668595 0.27994395674594802 -0.014389133790726505 0.15134957170455302 0.046404653383451164 0.72128307927204705 0.20910075785325366 -0.009215842127229373 0.49336467652228128 0.03113520140761496 0.55503901848093751 0.52933808888041589 -0.0061814617770683707 0.12392703626886535 0.64900563224208807 0.13834450006376461
leaf_weight=856.93372461339459 112.84121847478673 100.35970214102417 136.29743338236585 82.59537812974304 0.2622057031840076 0.21511975396424532 63.189327764790505 195.81468518031761 4.7441883049905327 18.99311338737607 11.453191619366406 3.7718166783452034 235.1421021563001 22.963451465591792 10.105980891734367 1.4431407945230592 1.3387901345267885 0.7373978719115255 0.9952044272795314 0.77597682271152768 1.7024674387648699 0.87963445577770472 1.0992871038615692 5.9929824946448207 0.74184198956936487 0.77424051705747843 7.3523920411244026 3.8613511445000759 0.75152483955025651 0.92758726142346859
leaf_count=165054 15252 6341 20866 4803 24 18 5542 11560 115 301 184 58 8110 1007 566 57 79 30 43 31 42 34 36 263 36 29 257 122 21 28
internal_value=-0.00395736 0.038316 -0.0418762 0.0465205 -0.0134513 0.368367 0.0564447 0.0303584 0.0617725 0.0976981 0.053004 0.0583045 0.052625 0.0838933 0.110422 0.0754904 0.042374 0.176176 0.16392 0.276904 0.36946 0.132486 0.218416 0.0775153 0.248937 0.34495 0.0626613 0.095011 0.197564 0.366903
internal_weight=1885.06 891.348 993.708 778.507 136.775 0.477325 482.332 296.174 399.737 35.1905 16.1974 364.546 298.331 66.2151 40.4012 24.442 25.8139 2.85043 15.9592 3.47365 2.47844 12.4856 4.8711 7.61446 1.62148 1.51164 22.9988 15.6464 5.54046 1.67911
internal_count=240909 54947 185962 39695 20908 42 21794 17901 16991 600 299 16391 13652 2739 1594 1051 1145 138 543 116 73 427 94 333 70 59 994 737 171 49
is_linear=0
shrinkage=0.05


Tree=11
num_leaves=31
num_cat=0
split_feature=4 10 10 4 1 1 3 12 9 10 10 12 2 3 12 2 8 12 30 14 14 14 28 3 6 15 2 3 27 5
split_gain=1059.64 121.215 67.3199 44.1936 31.846 27.8936 32.4111 21.243 21.1733 21.929 45.9596 46.0705 51.1805 45.8531 29.6552 21.2789 34.6426 20.4865 22.4569 16.1501 21.9884 25.8746 47.1985 26.1872 16.1144 21.2241 19.0173 16.7453 17.5806 23.8589
threshold=0.0044850584426609835 0.0034963137009014901 0.0033881295089722989 0.0029054246543192691 -0.0086417437537477087 0.01518822341390791 0.0032431180311652823 0.1496428571428586 0.94460979245253529 0.0021730175169169951 0.0015847719618661716 0.40064642857142935 -0.0077422729364282619 0.0057300351409517178 0.72858271428571553 -0.017983131136228677 0.69217646292299484 0.62010357142856842 -0.47709792561202391 50.500000000000007 36.500000000000007 37.500000000000007 -0.021329808242214147 0.0085561956762155739 0.0051685942474147149 0.93059226487126812 -0.083789553760551569 -0.11307006148530295 0.40887951453975208 0.0011701443001006998
decision_type=2 2 2 2 2 2 2 2 2 2 2 2 2 2 2 2 2 2 2 2 2 2 2 2 2 2 2 2 2 2
left_child=1 3 17 -1 8 -6 -7 -4 9 10 -5 -12 14 -14 -13 16 -11 -2 -19 20 -3 23 -23 -22 25 -9 -27 -26 29 -29
right_child=2 19 7 4 5 6 -8 24 -10 15 11 12 13 -15 -16 -17 -18 18 -20 -21 21 22 -24 -25 27 26 -28 28 -30 -31
leaf_value=-0.047017716307142042 -0.0039694204706824162 -0.00035258461934755482 -0.014638987028433838 -0.018029661514747785 -0.027876294876243452 0.73534936838418008 0.046133177928018354 0.042956168948682948 -0.018757713333331774 -0.051026141259896012 -0.050492626829627719 0.61430059147338822 1.3975967330644821 0.40013938162234663 0.092557050376606789 -0.022917361879622324 0.60874190454382449 -0.013087505402545524 0.045703554272830328 0.0084985402745051154 0.023587662848247627 0.94618687839471471 0.048520403364243715 0.41144613532969943 0.0048559251928576132 0.23672720353832816 0.067808286754791031 0.25991614554194031 0.068138995062151084 0.098162013396365766
leaf_weight=756.43401086935773 89.125110702123493 6.9401847012341014 13.238424257840959 1.5044944719411417 215.37373728305101 0.25437290314584871 0.51781721878796816 474.46626428561285 6.2821825472638002 0.41888553369790216 0.55525099160149727 0.44950554659590125 0.24167017871513929 0.22019963245838881 0.6910433592274785 3.6187544167041787 0.3789569684304297 21.956266154535115 62.422624121420085 83.00326156290248 0.65820519393309762 0.15011886693537224 5.9636797420680523 1.2844537184573708 7.2017040317878118 1.7053121663629998 72.686407046858221 3.0276665706187478 33.515186127275229 9.2281142836436612
leaf_count=152248 9821 780 857 199 36366 24 65 19052 868 34 81 26 30 11 50 441 31 2179 5360 7970 37 4 465 22 101 26 2630 81 836 214
internal_value=-0.00385256 -0.0359107 0.0402539 -0.0411771 -0.0220104 -0.0268008 0.273173 0.048013 0.05009 0.103627 0.194093 0.342001 0.478003 0.922052 0.298183 0.0286149 0.262349 0.0127479 0.0304055 0.0171262 0.0648787 0.121072 0.0705618 0.280033 0.0493912 0.0468494 0.0716805 0.0757268 0.0868778 0.138122
internal_weight=1873.51 1084.94 788.573 986.941 230.507 216.146 0.77219 615.069 14.3609 8.07876 3.66216 2.15767 1.60242 0.46187 1.14055 4.4166 0.797843 173.504 84.3789 97.9999 14.9966 8.05646 6.1138 1.94266 601.831 548.858 74.3917 52.9727 45.771 12.2558
internal_count=240909 199752 41157 190474 38226 36455 89 23797 1771 903 397 198 117 41 76 506 65 17360 7539 9278 1308 528 469 59 22940 21708 2656 1232 1131 295
is_linear=0
shrinkage=0.05


Tree=12
num_leaves=31
num_cat=0
split_feature=11 4 7 4 10 3 27 7 12 14 2 1 3 11 12 14 14 14 0 28 14 7 27 2 29 0 11 2 27 27
split_gain=1019.8 138.053 49.7836 28.1075 23.8643 23.8482 84.0664 22.88 21.01 20.1057 29.4372 28.1767 21.2894 18.5524 56.7302 16.7293 16.1795 18.3199 29.6337 17.2744 15.2676 34.6544 19.9857 15.9057 18.9672 24.8175 16.021 15.7251 14.8314 17.5365
threshold=0.003007988480005924 0.0032565258458190356 0.0010122550491512658 0.0048218953668554528 0.0045770786321290245 -0.024460574011831101 1.3682629647581823 0.0026256363342051108 0.39595000000000224 73.500000000000014 -0.024479517913469136 -0.013798758266972576 0.085897655174901902 0.003048927010485771 0.17698214285714445 30.500000000000004 60.500000000000007 57.500000000000007 0.00092246605930634839 0.0068254554327549528 44.500000000000007 0.0011151379983273025 0.14650697714846539 0.037560554132892505 -0.18632106560367198 -0.0029154518950436632 0.012124498075811308 -1.0000000180025095e-35 1.1547260556963435 0.3414551748958547
decision_type=2 2 2 2 2 2 2 2 2 2 2 2 2 2 2 2 2 2 2 2 2 2 2 2 2 2 2 2 2 2
left_child=3 16 4 -1 9 6 7 -5 13 10 11 -3 15 14 -4 -12 17 -2 19 -19 21 27 -23 -22 25 -25 -27 -15 29 -26
right_child=1 2 8 5 -6 -7 -8 -9 -10 -11 12 -13 -14 20 -16 -17 -18 18 -20 -21 23 22 -24 24 28 26 -28 -29 -30 -31
leaf_value=-0.045596968556952194 0.012562824129550757 0.044207246716618631 1.0369210937897655 -0.050535091192025143 0.034279445200326816 -0.013449466224000426 1.0897474493729378 0.42687658815865825 0.051809210625231861 -0.0076090215502084141 -0.039409266641113744 0.57736587404669526 0.44311103020845066 0.23374142822451804 0.033048255998538868 0.035306040304252828 -0.026571541672514406 -0.050645949943494056 0.67110665780768564 0.50445611630621634 0.010165826785742913 0.37929086460791134 0.043951511379843031 0.55452493522017587 0.014542431810980467 -0.051056045130201545 0.31613634548143588 0.75341290187643306 -0.0071868458986252444 0.25934952225878333
leaf_weight=817.93953297892585 15.679698852356525 0.51585868280380964 0.18394145462661882 1.2601198093034316 188.84932755539194 47.386376318056136 0.21917834132909764 0.31337405834346999 439.7137627536431 88.380539590027183 8.9122489718720299 0.47690598294138808 0.30377691937610407 0.35132910404354334 0.59911583922803402 47.013540820684284 104.35696404334158 0.63263751752674469 0.27708043484017253 0.18003522232174873 78.704480525571853 0.46449552290141483 10.226096378173677 0.44030019547790278 1.4832104351371511 0.65462443558499195 0.54384690430015326 0.24856151919811864 4.8604229092597961 1.4434662419371305
leaf_count=171643 1743 19 26 135 7337 6592 17 17 18025 9039 862 24 25 25 80 3442 15876 73 28 17 4825 29 638 13 53 40 30 18 167 51
internal_value=-0.00374853 0.0307805 0.0377107 -0.0433896 0.022552 -0.00667725 0.172335 0.0445453 0.0471008 0.00734126 0.0304321 0.300327 0.025667 0.0264392 0.26886 0.0233995 -0.0192461 0.0263402 0.224574 0.0723284 0.0245299 0.0792722 0.0585217 0.0175168 0.0788962 0.233507 0.11557 0.449065 0.0463588 0.135284
internal_weight=1862.61 995.496 874.37 867.119 334.452 49.179 1.79267 1.57349 539.918 145.603 57.2223 0.992765 56.2296 100.204 0.783057 55.9258 121.126 16.7695 1.08975 0.812673 99.4208 11.2905 10.6906 88.1304 9.42587 1.63877 1.19847 0.599891 7.7871 2.92668
internal_count=240909 62505 44768 178404 20748 6761 169 152 24020 13411 4372 43 4329 5995 106 4304 17737 1861 118 90 5889 710 667 5179 354 83 70 43 271 104
is_linear=0
shrinkage=0.05


Tree=13
num_leaves=31
num_cat=0
split_feature=11 4 7 4 11 6 8 13 13 9 7 4 6 10 9 11 27 28 1 14 8 10 13 9 1 18 1 13 18 6
split_gain=937.431 121.524 45.2499 27.7709 23.7817 23.8726 22.4962 17.313 58.2908 63.5813 60.0588 106.662 40.473 25.4446 43.016 44.9651 28.7151 52.1219 24.1985 22.1501 19.2239 16.5652 25.7938 28.9854 28.1941 30.0274 22.2341 24.6534 38.6586 23.0834
threshold=0.003007988480005924 0.0029757046117349006 0.0010122550491512658 0.0048218953668554528 0.0035845257099177083 0.00075494549480807692 0.4300955597436239 317.50000000000006 309.50000000000006 1.2070919480915718 0.0010337076675516535 0.0059429370489675198 0.0010956603684104725 0.0032828812088946612 1.998328172938691 0.0023545703876891684 0.78200389234476153 -0.0001536897871895971 -0.012515087334667939 83.500000000000014 0.73413449402478359 0.0034963137009014901 267.50000000000006 0.29090519473302784 -0.013798758266972576 0.00043037294949415387 0.0088634491175753078 276.50000000000006 0.002031242448045447 0.0011086474501108533
decision_type=2 2 2 2 2 2 2 2 2 2 2 2 2 2 2 2 2 2 2 2 2 2 2 2 2 2 2 2 2 2
left_child=3 -2 4 -1 -3 -6 -4 8 13 10 20 12 -12 -5 18 -16 -17 -18 -15 -20 -10 22 23 -8 25 -24 27 28 29 -26
right_child=1 2 6 7 5 -7 21 -9 9 -11 11 -13 -14 14 15 16 17 -19 19 -21 -22 -23 24 -25 26 -27 -28 -29 -30 -31
leaf_value=-0.045371501892394847 -0.02537239246868029 -0.018073893967131216 -0.0022230429256005452 -0.037029988598289397 0.0049232892936039996 0.034009349053191883 0.51239178159467058 -0.03484576502940176 0.58659070469786012 -0.050377742972037835 -0.050390726199376581 1.7901312745877833 0.77345500942039047 0.44982576126166801 0.94137776937085871 -0.050601471961387069 1.0040008156616747 -0.05047611694123505 0.54959054344739333 -0.038344121434816456 -0.050346232122995639 0.049448306023366417 0.068341347796299537 -0.011191040295166467 -0.014081939779280156 0.28214996432708034 0.089882979315437012 0.010659111671734788 0.60916613940557962 0.19852095590290705
leaf_weight=781.81819476885721 95.145465665496886 36.859096810221672 26.597034924197942 14.980736128520226 105.61263877339661 212.46361225936562 0.26632306724786659 25.739982564467937 0.15697548445314102 1.0036684614606199 0.25291298143565655 0.19007170433178544 0.36311243055388331 0.2987479050643741 0.2520650909282266 0.54748847754672147 0.2369783241301775 0.23183341417461634 0.16665989020839234 4.1317887413315475 0.482880181632936 426.98613844206557 5.2584457262419155 35.344749870244414 2.7209639097563914 2.3878042851574719 14.484220233745871 54.443432982545346 0.37872546818107355 2.4054027120582759
leaf_count=171643 14698 4424 1241 2147 6499 11670 28 3626 21 147 34 19 24 20 31 52 20 26 20 502 72 13921 194 3696 276 91 775 4755 31 206
internal_value=-0.00364366 0.0284389 0.0339667 -0.0430822 0.019946 0.0243517 0.0426779 -0.00658172 0.0246476 0.255373 0.467601 0.754698 0.43522 -0.00246461 0.0858159 0.343599 0.195337 0.482548 0.0146936 -0.0155487 0.105913 0.0448704 0.0282617 -0.00727534 0.0436799 0.13511 0.0342876 0.0208551 0.12169 0.085676
internal_weight=1852.21 1021.35 926.209 830.854 354.935 318.076 571.273 49.0359 23.2959 2.44962 1.44595 0.806097 0.616025 20.8463 5.86556 1.26837 1.0163 0.468812 4.5972 4.29845 0.639856 544.676 117.69 35.6111 82.079 7.64625 74.4327 59.9485 5.50509 5.12637
internal_count=240909 62505 47807 178404 22593 18169 25214 6761 3135 317 170 77 58 2818 671 129 98 46 542 522 93 23973 10052 3724 6328 285 6043 5268 513 482
is_linear=0
shrinkage=0.05


Tree=14
num_leaves=31
num_cat=0
split_feature=11 4 7 4 5 11 12 13 1 3 13 5 4 13 8 8 1 12 12 27 4 2 13 3 13 13 7 11 15 4
split_gain=864.518 106.265 37.5353 26.6792 22.0411 20.9805 19.6377 16.7545 22.3926 18.1617 17.8631 63.94 17.4274 16.7221 16.6525 15.7348 17.435 17.4157 38.4355 25.2648 51.2227 25.0354 16.806 25.772 14.5794 37.6193 33.3111 23.0644 17.6901 16.5919
threshold=0.003007988480005924 0.0029757046117349006 0.0010122550491512658 0.0048218953668554528 0.01262733260590811 0.0035845257099177083 1.1217785714285713 267.50000000000006 -0.0086417437537477087 -0.11307006148530295 269.50000000000006 0.0015211934865619438 0.0053896533068418292 242.50000000000003 0.4300955597436239 0.68438276989050906 -0.00079313269136488385 0.50350000000000061 0.4839607142857057 2.2401204827193459 0.0060534652220015977 -0.0012209882197317665 256.50000000000006 -0.0031217246399349858 317.50000000000006 300.50000000000006 0.0019562548589429803 0.0020047410716132899 0.27499999799479052 0.0058348013694930244
decision_type=2 2 2 2 2 2 2 2 2 2 2 2 2 2 2 2 2 2 2 2 2 2 2 2 2 2 2 2 2 2
left_child=3 -2 5 -1 14 -3 -6 8 -7 12 11 -9 -10 -8 -4 16 -11 18 19 22 21 -21 -18 -24 25 -5 -27 -28 -29 -30
right_child=1 2 4 24 6 7 13 10 9 15 -12 -13 -14 -15 -16 -17 17 -19 -20 20 -22 -23 23 -25 -26 26 27 28 29 -31
leaf_value=-0.045137696216988071 -0.024726274700193018 -0.017483939368827774 -0.0020943686436618154 -0.023277006474113252 0.040841870313886114 0.038373028744320276 0.24341101771274953 0.68751283785068373 0.35688813400611502 -0.050698637704956084 0.029954680355962417 0.018238217863088491 0.050670544890977214 0.09817621488951396 0.038707598035044727 -0.025428583728236132 -0.050857313616371184 0.018162622790290593 0.7274095418562645 0.4939088651837204 0.69408169171340939 -0.050552340859767758 0.71370113893091469 -0.05062969798649071 -0.034289970302019704 0.034142060289856911 -0.050776479817419257 0.5552267576499571 -0.050425901884476911 0.31936674394250519
leaf_weight=747.44473914988339 92.810257076285779 36.214389193337411 26.234105046838522 16.578108692076061 15.75701829697937 40.294914395548403 2.3384242653846732 0.47350338287651439 0.6112050618976349 5.6853133854456273 201.67851230176166 1.4487257120199499 1.9375558579340575 13.000672549009321 534.5136123560369 56.560664439573884 2.2685846374370189 11.483932235743849 0.256926770787686 0.27549414243549097 0.46968445368111122 0.9037847309373318 0.19629165390506387 0.25171317439526308 24.87152163637802 5.3064040839672071 0.52982105500996146 0.57533617131412063 0.39298402424901713 1.3296400210820136
leaf_count=171643 14698 4424 1236 2295 261 1640 32 30 35 519 9890 124 63 188 23497 4742 168 738 18 32 25 96 24 25 3626 644 61 30 51 54
internal_value=-0.00355415 0.0263458 0.0313204 -0.0427816 0.0390709 0.0186141 0.0800454 0.0226389 0.00792003 -0.00724788 0.0314006 0.183101 0.124103 0.120317 0.0367987 -0.0115207 0.0245775 0.0511489 0.133099 0.0981216 0.25251 0.0766405 0.00440821 0.284259 -0.00726437 0.0199354 0.108006 0.246612 0.315179 0.235006
internal_weight=1842.69 1045.67 952.855 797.029 591.844 361.011 31.0961 324.797 121.196 80.9012 203.601 1.92223 2.54876 15.3391 560.748 78.3524 21.7917 16.1064 4.62248 4.36555 1.64896 1.17928 2.71659 0.448005 49.5838 24.7123 8.13419 2.82778 2.29796 1.72262
internal_count=240909 62505 47807 178404 25214 22593 481 18169 8125 6485 10044 154 98 220 24733 6387 1645 1126 388 370 153 128 217 49 6761 3135 840 196 135 105
is_linear=0
shrinkage=0.05


Tree=15
num_leaves=31
num_cat=0
split_feature=4 4 10 10 1 1 7 30 13 2 9 15 4 12 1 28 12 12 13 27 27 15 13 30 3 29 3 27 15 15
split_gain=742.759 93.2926 75.7828 37.7034 24.8358 22.2897 21.7887 17.3556 21.0521 21.1377 23.4807 19.0006 51.5781 16.9355 23.1302 15.86 18.2788 15.1901 28.5285 17.6979 47.3539 56.9223 15.2914 20.0851 15.1434 15.0243 21.0879 20.478 15.0029 14.9608
threshold=0.0036825137037902462 0.0067105412130929786 0.0031904140878937174 0.0048544913878988709 0.017968136737195332 -0.009525010104107055 0.00065505656887100618 -0.55079557618731168 306.50000000000006 -0.016609784998649842 0.56748585184406686 0.073271593538687382 0.0040550287165576019 0.73993571428571425 -0.0055544901663821524 0.031784515457966837 0.56450714285714165 1.6208071428571409 316.50000000000006 1.3242617141654476 1.0225974421129196 0.72480037491201699 324.50000000000006 0.16946537067618392 -0.0028385385348677068 0.34947358251651733 -0.08764577449322912 0.76503063111142311 0.91304343856334635 0.76190472562364098
decision_type=2 2 2 2 2 2 2 2 2 2 2 2 2 2 2 2 2 2 2 2 2 2 2 2 2 2 2 2 2 2
left_child=2 3 4 6 5 -1 -2 -8 -9 10 13 12 -11 14 -10 -4 -17 -13 -19 20 22 -22 23 -20 -14 29 27 -27 -12 -5
right_child=1 -3 15 25 -6 -7 7 8 9 11 28 17 24 -15 -16 16 -18 18 19 -21 21 -23 -24 -25 -26 26 -28 -29 -30 -31
leaf_value=0.042980326510037935 -0.016731465861525924 0.039532843953944005 0.0089134321437163693 0.033789778765149395 0.58515310396311904 -0.044017923479560073 -0.017873078392533884 -0.0036403613025276088 0.16142827418989869 0.66012260289077362 0.053644208587138732 0.011352772639428979 -0.062281700423548192 0.051544602674572393 0.65145827432410808 -0.0024554090192112745 0.34733063164540556 -0.028992847164516888 0.53693434384385441 0.038719009947515259 0.19225060069851607 0.96135962948290521 0.051797525632339261 0.059032710342686673 0.1637569995708609 0.046173999067144311 0.0065584937957256454 0.31589138892441698 0.39696479358893005 0.086329503055146598
leaf_weight=7.4366750991903237 122.51036941353232 553.86103834956884 65.232406643684953 55.327987749129534 0.15731576131656666 737.64498329441994 44.111771899741143 67.947804024908692 0.46863995306193829 0.41931798821315114 6.5193109083920717 68.722183365840465 1.2799767614342279 0.48724369052797556 0.49533714773133197 0.74173859367146977 0.75231082504615188 4.5705720889382055 0.42516124108806108 3.3306264425627887 0.61561144003644563 0.39489151164889336 2.8896984714083374 0.45529087726026773 1.7595587368123227 2.0134794814512129 59.020801114849746 1.0818607509136198 0.33453990798443545 17.943679429590702
leaf_count=1078 15423 16695 7778 2365 19 172853 5325 7407 26 23 377 6763 81 27 17 29 34 320 27 232 37 22 185 34 55 45 2717 23 16 692
internal_value=-0.00278617 0.0256849 -0.0384462 0.0091239 -0.043017 -0.0431496 -4.54185e-05 0.0099153 0.0175235 0.0329583 0.109088 0.025508 0.140284 0.291794 0.413229 0.0126026 0.173675 0.0206311 0.0709099 0.127203 0.18885 0.492808 0.10738 0.289806 0.06857 0.0313204 0.0132302 0.140444 0.0704019 0.0466564
internal_weight=1828.95 1016.99 811.965 463.126 745.239 745.082 327.738 205.228 161.116 93.168 8.30507 84.8629 3.45885 1.45122 0.963977 66.7265 1.49405 81.404 12.6819 8.11128 4.78065 1.0105 3.77015 0.880452 3.03954 135.388 62.1161 3.09534 6.85385 73.2717
internal_count=240725 58934 181791 42239 173950 173931 36397 20974 15649 8242 463 7779 159 70 43 7841 63 7620 857 537 305 59 246 61 136 5842 2785 68 393 3057
is_linear=0
shrinkage=0.05


Tree=16
num_leaves=31
num_cat=0
split_feature=11 4 11 13 6 3 2 13 0 2 29 13 13 2 4 25 30 13 3 18 5 27 6 12 13 11 9 12 2 3
split_gain=769.329 65.2263 48.6349 44.2182 36.0802 21.15 20.8405 21.0468 20.532 19.6981 17.0838 24.3329 29.4939 53.7142 33.3797 41.332 23.8721 24.0785 26.9801 20.3613 39.3652 20.2856 24.1155 17.0547 26.2035 15.9839 17.1411 19.9513 16.4955 17.3145
threshold=0.0033540081824132697 0.0051542464877489622 0.0025821930755653985 319.50000000000006 0.003563002090808523 -0.023072560072224853 -0.064689628780357764 269.50000000000006 0.0061486118847815527 0.032251731323408646 0.36059287812273616 302.50000000000006 299.50000000000006 0.032251731323408646 0.010029365606348749 1.0000000180025095e-35 -0.2473359910677638 331.50000000000006 0.031493621052569372 0.0024241165026538244 0.0087163548591014158 0.64899893703938882 0.00077014520446202584 0.41906071428571329 357.50000000000006 0.013168671402036546 0.40036360343478622 0.57164285714285834 0.028149262223976183 0.054805778628736153
decision_type=2 2 2 2 2 2 2 2 2 2 2 2 2 2 2 2 2 2 2 2 2 2 2 2 2 2 2 2 2 2
left_child=2 3 -1 25 6 8 -3 -8 23 -7 11 12 13 -9 15 -15 17 19 21 -13 -21 22 -19 -4 -25 -2 27 -27 29 -29
right_child=1 4 5 -5 -6 9 7 10 -10 -11 -12 16 -14 14 -16 -17 -18 18 -20 20 -22 -23 -24 24 -26 26 -28 28 -30 -31
leaf_value=-0.045244397071157634 -0.012211889443715263 0.053841436944095183 -0.034864751100499337 0.038970239102611513 0.056127465316426567 -0.017248472867917985 0.010139603045635926 0.0034133770568539647 0.49851551597116384 0.50794414306382307 0.017322786978337799 0.0027862151659157819 0.12736366593180934 0.37702347056878183 0.05943650191850685 0.10744929643025887 0.025593001559979373 0.43692752982437261 0.49854296177551283 0.45503324254004973 -0.052194750138846349 0.012334936870610935 0.066657087013986524 0.084144371849967481 0.54749572096495136 -0.050721728954019253 0.0097637249980755316 0.1958977156797429 0.42416454828552252 -0.050778374460326119
leaf_weight=663.47680127760395 175.64977649226785 70.100297322496772 3.003300040960311 75.015262654516846 144.3023727806285 119.2756483219564 166.54909120546654 26.001609462313354 0.2710771970450877 0.17880381783470412 130.85497093293816 5.6417687898501736 15.47704244405031 2.363028096035122 8.2811504956334812 3.5701966267079115 157.56005837395787 0.91816486231982775 0.63622997235506762 0.78659702651202656 0.74460439197719097 1.5674072364345191 0.84392907191067934 3.6234814417548482 0.33318178541958321 1.4994155494496215 37.678647445980459 2.4229374001733968 0.52605843311175693 1.0070338007062671
leaf_count=165085 22227 1119 317 5062 3606 20275 7536 1006 5 10 4248 200 188 29 95 21 5797 29 25 28 20 71 35 289 22 158 2919 168 31 104
internal_value=-0.0027105 0.0257611 -0.0398239 0.00584354 0.0337097 -0.0114359 0.0282443 0.0248054 0.0715994 -0.0164623 0.0316812 0.0400543 0.0687106 0.0461381 0.124292 0.214813 0.030594 0.101334 0.200202 0.0466728 0.208375 0.143192 0.259592 0.0549718 0.123162 -0.00551474 0.0217572 0.104592 0.163459 0.123474
internal_weight=1820.16 1030 790.162 293.799 736.199 126.685 591.896 521.796 7.23104 119.454 355.247 224.392 55.693 40.216 14.2144 5.93322 168.699 11.1387 3.96573 7.17297 1.5312 3.3295 1.76209 6.95996 3.95666 218.784 43.1341 5.45545 3.95603 3.42997
internal_count=240725 54722 186003 30669 24053 20918 20447 19328 633 20285 11792 7544 1339 1151 145 50 6205 408 160 248 48 135 64 628 311 25607 3380 461 303 272
is_linear=0
shrinkage=0.05


Tree=17
num_leaves=31
num_cat=0
split_feature=11 10 13 11 6 6 12 13 0 3 6 2 15 1 9 27 3 28 9 13 9 30 2 3 28 28 13 3 6 13
split_gain=707.954 50.4376 48.4239 48.3161 30.8981 25.3891 24.7147 32.9716 23.2018 29.7385 28.6691 22.7767 22.1682 20.9598 36.2535 37.7536 26.6925 23.3703 22.5 27.0394 21.1804 20.8479 29.1641 20.6838 20.5973 27.2168 26.7988 19.4277 18.0686 15.9688
threshold=0.0033540081824132697 0.0035517699722437128 319.50000000000006 0.0025298974984326269 0.0051685942474147149 0.0018305432411887502 0.31838571428571588 349.50000000000006 -0.003914545078903319 -0.024460574011831101 0.002168684449941219 -0.083789553760551569 0.83927851267163678 -0.0076049894823336786 0.54851281887286107 0.99889059751484666 -0.11307006148530295 -0.0068037710579996686 0.47722599804600391 273.50000000000006 0.79303073843581273 0.79304917567446376 -0.0028862304290046543 -0.11307006148530295 -0.0095794669018256316 -0.013562101124200858 308.50000000000006 -0.023072560072224853 0.0037969568943900882 337.50000000000006
decision_type=2 2 2 2 2 2 2 2 2 2 2 2 2 2 2 2 2 2 2 2 2 2 2 2 2 2 2 2 2 2
left_child=3 2 5 -1 11 13 -4 21 9 -7 -11 -3 29 14 15 17 20 18 -2 -20 -15 -8 -23 -6 25 -14 -27 -5 -12 -13
right_child=1 4 6 27 23 8 7 -9 -10 10 28 12 24 16 -16 -17 -18 -19 19 -21 -22 22 -24 -25 -26 26 -28 -29 -30 -31
leaf_value=-0.045244954869801908 0.11223862391198978 0.058694035178733762 -0.015301589771302386 0.062509194208087523 -0.0057956799576665344 -0.016387194640713365 0.067922956186286298 -0.010617833010896353 0.015091499240195566 0.59864737592441419 0.013778611378857414 0.016234710031309659 0.050543299878097206 0.027332737103937632 0.00024743780843593303 0.78674358587368975 -0.028347267673826195 -0.050543797347140297 0.11807900779768016 0.75917943121273668 0.46741498496995182 0.78385597065345325 0.13907049630699234 0.074951108083230258 0.035250669702244421 0.25469618660461329 -0.052206199105820132 -0.01702651982901679 0.42147053384634037 0.043822061719835867
leaf_weight=625.47528361575678 1.2174336090683939 53.892806340940297 17.338383287657052 8.1759533477015776 9.2467351108789426 1.3755571977235379 47.61584045086056 15.864851799327878 40.646569272503257 0.53659213148057361 0.7667144378647206 433.44081423943862 9.8736718483269197 0.63278338033705839 18.955472151283175 0.23876998387277115 124.13867473881692 1.0936615620739785 0.29646915011107933 0.36939492402598262 0.48140318272635341 0.23936596978455782 0.655956263653933 55.730643842369318 150.73527226643637 3.789578230585902 0.87566399481147517 126.01536069996655 0.42099334672093391 59.678040321916342
leaf_count=163202 118 724 1388 674 106 52 2632 1067 3377 18 45 17303 85 41 1480 22 17395 143 33 20 25 16 35 1081 5356 72 29 22127 11 2048
internal_value=-0.00263637 0.0239612 0.0054678 -0.0394043 0.0304539 -0.00830267 0.0376838 0.0519543 0.0251473 0.157004 0.295326 0.027443 0.0248849 -0.0182286 0.0265818 0.181813 -0.0261605 0.133293 0.240051 0.473736 0.217478 0.0724176 0.311455 0.0634603 0.0407326 0.0975674 0.197091 -0.0121806 0.158289 0.0195734
internal_weight=1809.81 1050.15 272.885 759.667 777.263 191.17 81.7144 64.376 43.7464 3.09986 1.7243 712.286 658.393 147.424 22.1712 3.21573 125.253 2.97696 1.8833 0.665864 1.11419 48.5112 0.895322 64.9774 165.274 14.5389 4.66524 134.191 1.18771 493.119
internal_count=240725 54722 27918 186003 26804 22780 5138 3750 3503 126 74 25617 24893 19277 1816 336 17461 314 171 53 66 2683 51 1187 5542 186 101 22801 56 19351
is_linear=0
shrinkage=0.05


Tree=18
num_leaves=31
num_cat=0
split_feature=11 4 11 13 11 1 15 2 3 2 15 3 15 1 13 13 13 0 30 11 0 13 2 18 18 13 2 7 3 7
split_gain=652.837 53.2895 37.4767 33.6187 18.7262 19.8414 50.2534 16.7912 21.7966 20.5098 24.8522 16.7928 16.2597 18.6824 15.148 32.9686 24.0794 15.1134 13.8861 13.7634 15.9312 14.0201 19.4262 38.0251 19.2629 15.7652 18.3872 12.2675 16.5476 12.5208
threshold=0.0031720033366142253 0.0051542464877489622 0.0025298974984326269 319.50000000000006 0.0044755727371528012 0.022135022297957167 0.89230767857988991 -0.011412556121363103 0.022874431416735178 0.018230151387528596 0.59478603059863744 -0.0042773447783310816 0.37999994680000088 -0.00035880361615070461 333.50000000000006 331.50000000000006 349.50000000000006 -0.00018913001797360438 0.48089228016857527 0.013168671402036546 -0.0051507707424259799 264.50000000000006 0.037560554132892505 0.00099259741647714944 0.0060196695023167126 277.50000000000006 -0.019762376049882398 0.0022853286268379389 -0.017257419786206592 0.0028246799492603033
decision_type=2 2 2 2 2 2 2 2 2 2 2 2 2 2 2 2 2 2 2 2 2 2 2 2 2 2 2 2 2 2
left_child=2 3 -1 19 5 -3 -7 11 -9 10 -10 -5 -13 17 15 18 -16 -14 -12 21 -21 24 25 -24 -2 26 -23 -4 29 -29
right_child=1 4 27 7 -6 6 -8 8 9 -11 14 12 13 -15 16 -17 -18 -19 -20 20 -22 22 23 -25 -26 -27 -28 28 -30 -31
leaf_value=-0.045008538470104942 -0.027354541493727791 0.0035359424878453997 -0.018331310585007046 0.043700473663824693 0.031404618962062571 0.44432736990534166 -0.011557969570076317 0.0075747226252777661 -0.0018847851049923255 -0.047967082371755169 -0.050732662650643516 0.061250172845614861 0.49815096791020574 0.05856345165850662 -0.05324965495524922 0.36653161929581918 0.22805499986877981 0.18769981729852128 0.38189361531897786 0.47612860753458242 0.016933447690828038 0.33593584201368937 0.064011848589877116 0.66426397875512699 0.47799600408832754 -0.013684725623674399 0.03155887024686211 0.26641822045594321 0.0051375048989583481 0.033326258189658856
leaf_weight=598.01785344467498 88.673739380203187 90.562696998473257 95.186304603470489 12.120940186083319 687.730538838543 0.90744184516370241 1.8107177605852482 60.034784413408488 3.0361099787987751 2.4106569690629831 0.9381076116114857 2.3866217904724172 0.80926026776433002 0.86687056859955181 1.4718980304896834 2.0837343181483448 1.5744889974594114 0.76036749873310339 0.23118945676833391 0.18968696892261405 44.614036765880883 0.51288596028461952 4.6415977431461206 0.27974268235266198 0.18897362938150664 73.169699167832732 15.225278828758745 1.2250962806865566 8.0888947686180455 1.0875761974602935
leaf_count=163202 12327 5589 17812 616 19273 32 59 4964 220 106 81 122 21 26 71 35 43 22 24 10 3370 24 330 24 14 9220 1888 58 1090 52
internal_value=-0.00256562 0.0215418 -0.0401597 0.00422469 0.0285532 0.00753099 0.140637 0.03033 0.019762 0.0820512 0.115625 0.0750997 0.154009 0.244868 0.172261 0.247293 0.0921393 0.347761 0.0348047 -0.00595657 0.0188776 -0.0120469 0.00143263 0.0981318 -0.0262799 -0.00391999 0.0414781 -0.0126975 0.0388585 0.156802
internal_weight=1800.84 1097.23 703.606 316.221 781.011 93.2809 2.71816 88.725 71.781 11.7462 9.33553 16.9441 4.82312 2.4365 6.29942 3.25303 3.04639 1.56963 1.1693 227.496 44.8037 182.692 93.8292 4.92134 88.8627 88.9079 15.7382 105.588 10.4016 2.31267
internal_count=240725 58511 182214 33558 24953 5680 91 6351 5544 580 474 807 191 69 254 140 114 43 105 27207 3380 23827 11486 354 12341 11132 1912 19012 1200 110
is_linear=0
shrinkage=0.05


Tree=19
num_leaves=31
num_cat=0
split_feature=4 10 4 10 1 6 7 10 30 10 5 30 13 10 2 13 14 1 12 12 27 10 15 7 13 2 28 3 2 7
split_gain=545.026 70.0639 53.1523 24.3825 20.1233 19.1522 17.7368 15.6418 14.7057 20.7343 19.8756 13.4681 15.4328 13.2113 16.8161 23.3022 13.4068 18.5205 13.5932 56.4779 12.81 15.0025 16.7654 16.3125 14.3434 13.5892 11.918 11.4601 19.0924 24.4664
threshold=0.0036486276480881328 0.0031904140878937174 0.0067105412130929786 0.0048544913878988709 -0.010085918833354633 0.003563002090808523 0.00065505656887100618 0.0023709431431059853 -0.85420405274069988 0.021289565999029449 0.00025376819452776285 -0.92818478641494495 306.50000000000006 0.0019854285103885739 -0.01301090226496193 370.50000000000006 48.500000000000007 -0.0020246896521159403 0.25922857142857536 0.22678571428571562 136378.00000000003 0.002507358331153022 0.94736840561932623 0.0022263858597686196 342.50000000000006 0.010777885422146307 0.011777950307528645 -0.013841620119954266 -0.015368217427008833 0.0022263858597686196
decision_type=2 2 2 2 2 2 2 2 2 2 2 2 2 2 2 2 2 2 2 2 2 2 2 2 2 2 2 2 2 2
left_child=1 4 3 6 -1 -4 -2 -7 -3 -10 -11 -8 -13 -6 15 16 17 -15 19 -18 24 22 -22 26 25 27 -24 -14 29 -29
right_child=2 8 5 -5 13 7 11 -9 9 10 -12 12 20 14 -16 -17 18 -19 -20 -21 21 -23 23 -25 -26 -27 -28 28 -30 -31
leaf_value=0.049664556887127412 -0.015677898435930347 -0.035432235767721997 0.024419592208380209 0.023984645302682218 -0.046303444336715016 -0.05261840144969733 -0.023821736458715419 0.047963373788420388 0.017121752772724631 0.40374570728860659 0.076158474560837491 -0.0042571911776821836 0.014446829215611356 0.064060337955140351 -0.03228875054648854 0.70659350758717776 0.015611899571207122 0.46707166334710104 -0.03895538099295854 1.1715775044728223 -0.025602072555552108 0.29575478291739488 0.14822518815183269 -0.035968505446131692 -0.006498904932721504 -0.0091746677703328575 0.50457217038110824 0.11351498794726962 0.050425412545029372 0.47638903648155156
leaf_weight=5.9248125192243597 120.89410136826336 13.138830721843986 467.17307210899889 148.18544169608504 515.35002631298266 3.9741142354905596 28.182076964294538 141.22084231860936 51.019624048611149 0.65783689264208023 1.5635646181181071 74.160108712734655 20.216937180841342 1.1051489249803124 105.55604162323289 0.13204345409758378 0.75859555858187366 0.38417162210680444 4.292056901846081 0.12276422628201544 2.1327383506577458 0.86229945719242085 0.49311298923566915 0.49860053136944771 31.298905543284491 14.57156395842321 0.44763360219076276 2.5529698817990716 34.686873918166384 0.56782897096127261
leaf_count=773 15857 1411 13549 5900 146111 266 3634 2880 6179 19 57 8364 1372 70 25309 21 144 16 704 24 136 31 34 22 3529 910 20 90 3272 21
internal_value=-0.00248964 -0.0369309 0.0195858 0.00712365 -0.0420508 0.0293492 -0.000411975 0.0452104 0.0119416 0.0236326 0.173169 0.00834839 0.0133165 -0.0429165 -0.0273809 0.0488618 0.0358267 0.168017 -0.00222827 0.176626 0.025347 0.108572 0.0633856 0.195242 0.0217949 0.0339934 0.317785 0.0448341 0.061083 0.17954
internal_weight=1792.12 700.006 1092.12 479.751 633.626 612.368 331.566 145.195 66.3799 53.241 2.2214 210.672 182.49 627.701 112.351 6.79478 6.66274 1.48932 5.17342 0.88136 108.329 4.43438 3.57209 1.43935 103.895 72.5962 0.940747 58.0246 37.8077 3.1208
internal_count=240725 180838 59887 43192 173172 16695 37292 3146 7666 6255 76 21435 17801 172399 26288 979 958 86 872 168 9437 243 212 76 9194 5665 54 4755 3383 111
is_linear=0
shrinkage=0.05


Tree=20
num_leaves=31
num_cat=0
split_feature=11 10 13 28 3 12 10 10 14 11 3 3 28 15 12 27 3 12 13 30 10 6 27 14 11 15 11 2 20 3
split_gain=522.652 54.6652 28.4825 26.3058 27.9694 23.2072 24.8646 76.7506 22.4357 20.9692 19.82 42.5341 38.6836 19.3243 18.9254 17.7399 17.5232 16.9211 20.8317 22.2612 16.0282 17.4285 16.2993 26.3904 13.1769 13.0463 12.7898 12.295 11.4286 17.6507
threshold=0.0025566478057455475 0.0047075374585191856 263.50000000000006 -0.0062796264630487772 -0.0058923142097062611 0.4496428571428614 0.0018542019213832726 0.0017877692093344036 148.50000000000003 0.01262409465537704 -0.017257419786206592 -0.039035798685151717 0.010618794300912711 0.75757575293800905 0.16477499999999984 1.0106693400780351 0.042375850178537851 3.2759142857142849 250.50000000000003 0.21826997106205573 0.0019102469441978217 0.00035523978685616245 1.0000000180025095e-35 66.500000000000014 0.013168671402036546 0.17283950190518896 0.0035845257099177083 -0.0047382531720378531 1.0000000180025095e-35 -1.0000000180025095e-35
decision_type=2 2 2 2 2 2 2 2 2 2 2 2 2 2 2 2 2 2 2 2 2 2 2 2 2 2 2 2 2 2
left_child=-1 2 8 4 13 16 7 25 9 -2 11 17 -13 -4 -3 -15 -6 -11 19 -19 -5 22 23 -22 -17 -7 -16 -8 -28 -30
right_child=1 14 3 20 5 6 27 -9 -10 10 -12 12 -14 15 26 24 -18 18 -20 -21 21 -23 -24 -25 -26 -27 28 -29 29 -31
leaf_value=-0.043933045120255344 -0.030810817910264715 -0.027328873671836791 0.007859146862820585 -0.024114606198853888 -0.015101924926453077 0.19049183055482666 0.087902341243182081 0.82650093582439688 0.57597586125157629 0.01427206539344293 -0.023669444373036214 0.69164966233743597 -0.050672205132769869 -0.026578547149520983 -0.028096310763549216 0.099366731097515371 0.32676043594391296 0.44063533843287667 -0.050831181869283398 0.090502390521379691 0.72439190729649316 0.014601311752027574 -0.018626719257637956 -0.050768939912841031 0.31512347044410471 -0.050918549992891055 0.025806186736273447 -0.051634552282590097 0.04673573824509223 0.2575102992493134
leaf_weight=552.3263226642739 93.593693127855659 17.397966483142227 88.164854273432866 51.905884412815794 8.1956860653590411 2.172116974368695 16.688650141470141 0.45477073080837715 0.15936094988137384 18.144329703878618 20.383230327628553 0.47068081749603052 0.27984897047281265 2.7179362322203797 10.945031360257415 6.2585305348038673 0.39280985109508115 0.8064531367272133 0.89133727550506581 1.0386256645433602 0.19338309275917609 174.99062127387151 60.687333597335964 0.25404001981951296 0.79787529259920109 0.75389113114215422 643.34762495197356 1.7436065645888401 3.9564928393810987 1.3262073229998339
leaf_count=163626 13459 809 6976 8528 653 105 590 24 9 1186 1949 27 24 114 834 233 16 24 66 30 18 16150 7233 27 25 88 17006 113 76 28
internal_value=-0.00353234 0.0146225 0.00294661 0.00943133 0.0282588 0.0701536 0.0975652 0.222213 -0.0169408 -0.0176375 0.011708 0.0450443 0.414861 0.0152542 0.0241454 0.0819575 0.000533747 0.0317517 0.147654 0.24354 0.00104219 0.00657225 -0.0164099 0.284267 0.123763 0.128292 0.0255032 0.0747028 0.0264076 0.0996501
internal_weight=1781.44 1229.11 552.14 416.372 128.341 30.4015 21.813 3.38078 135.768 135.608 42.0145 21.6313 0.75053 97.9392 676.973 9.77434 8.5885 20.8807 2.73642 1.84508 288.031 236.125 61.1348 0.447423 7.05641 2.92601 659.575 18.4323 648.63 5.2827
internal_count=240046 76420 57667 40893 8937 1589 920 217 16774 16765 3306 1357 51 7348 18753 372 669 1306 120 54 31956 23428 7278 45 258 193 17944 703 17110 104
is_linear=0
shrinkage=0.05


Tree=21
num_leaves=31
num_cat=0
split_feature=11 4 1 11 10 11 1 11 0 14 28 3 4 1 11 19 6 13 3 27 15 15 8 4 13 14 29 8 3 3
split_gain=487.945 52.127 22.1828 18.1545 16.1633 18.1472 14.8592 13.6361 19.2153 13.3205 12.9493 22.821 31.1725 15.7581 31.8448 19.0693 12.3581 12.1704 17.2729 36.5072 50.8338 14.0927 23.1574 12.1194 11.7601 24.5762 36.8731 11.5805 11.5314 11.3106
threshold=0.0025566478057455475 0.0037165798176457764 -0.0055544901663821524 0.0043779507991669612 0.0033881295089722989 0.024836861074071594 0.017968136737195332 0.016471742852173638 -0.0024637904330864764 78.500000000000014 -0.0059550920242813542 -0.0011437849688832322 0.0039357502861098537 0.01518822341390791 0.003089905357928642 1.0000000180025095e-35 0.00040281973816716168 326.50000000000006 0.0020196489452770643 1.2226141964144637 0.67259845825017572 0.13991063067550363 1.0005602213390647 0.014138002446878887 302.50000000000006 92.500000000000014 3.4302884538283789 0.13415523105210891 0.059871514281128031 0.10636437917068277
decision_type=2 2 2 2 2 2 2 2 2 2 2 2 2 2 2 2 2 2 2 2 2 2 2 2 2 2 2 2 2 2
left_child=-1 2 7 10 6 -6 -4 -2 -9 -10 11 -3 -13 -12 15 -15 17 23 -19 20 21 -20 -23 27 25 26 -16 -5 -26 -25
right_child=1 3 4 16 5 -7 -8 8 9 -11 13 12 -14 14 24 -17 -18 18 19 -21 -22 22 -24 29 28 -27 -28 -29 -30 -31
leaf_value=-0.043646844110075272 0.014908737018598676 0.015087549627728953 -0.029923933805655247 0.23453913909824251 0.0031694082917762914 0.27889919335409413 0.36223556163259851 0.45001722417420054 0.24135136667960844 0.0020024666585662979 -0.0088138152865007546 0.48437372782200266 0.083185149768917083 0.6335829661389788 0.58563243312308966 0.10491193596568789 0.024311264123744587 0.0037453608747374731 0.0079168563577069421 -0.0010280308929892083 0.48655645526002672 0.040376767788062019 0.38148023902566924 0.027289356924959429 -0.051273086215626276 0.016030568316982647 0.026559764943922572 -0.0012666000585910412 0.21300425641258749 0.14605423883737048
leaf_weight=528.74823390948586 34.94409457128495 51.538307504262775 109.35090491222218 0.52259805239736934 42.701127270236611 0.60519481496885319 0.24208630667999287 0.39511733828112516 0.84527449309825842 1.8613647781312463 126.4630320542492 0.55449795490130682 3.8185551315546036 0.36527707614004512 0.54922439157962599 0.31999746942892671 673.92288433387876 11.996354538947346 1.9481493104249223 5.1926871323958039 1.1104864366352556 1.0852580508217218 0.9188515581190585 20.744363989681009 3.9880184568464756 2.9576470064930618 0.63697029277682304 140.90600091777742 0.46041647717356671 2.2191605530679217
leaf_count=163626 4475 3968 22057 18 4369 36 19 14 34 115 12753 23 212 33 22 23 21135 317 43 140 27 37 22 295 197 139 21 5840 8 28
internal_value=-0.00341461 0.0136971 -0.0103374 0.0180587 -0.0188385 0.00702266 -0.0290577 0.023827 0.124299 0.0767503 0.00414172 0.0243925 0.134055 -0.00419956 0.0586978 0.386713 0.021158 0.00977256 0.0444761 0.0921212 0.187661 0.103679 0.196767 0.00507516 0.032537 0.093144 0.285418 -0.000395266 -0.0239202 0.0387666
internal_weight=1771.91 1243.16 190.945 1052.22 152.899 43.3063 109.593 38.0459 3.10176 2.70664 191.652 55.9114 4.37305 135.741 9.27755 0.685275 860.567 186.644 22.2518 10.2554 5.06275 3.95226 2.00411 164.392 8.59228 4.14384 1.18619 141.429 4.44843 22.9635
internal_count=240046 76420 31119 45301 26481 4405 22076 4638 163 149 17399 4203 235 13196 443 56 27902 6767 586 269 129 102 59 6181 387 182 43 5858 205 323
is_linear=0
shrinkage=0.05


Tree=22
num_leaves=31
num_cat=0
split_feature=4 10 10 1 2 12 4 28 1 8 12 3 28 12 3 6 1 5 0 29 4 8 8 27 4 5 1 2 3 3
split_gain=409.442 44.4887 36.6074 22.1469 27.4411 33.2671 21.5759 16.9625 27.0691 12.8804 11.6773 11.2815 11.1958 10.2911 15.2183 14.9798 10.6358 20.274 23.3639 15.8866 12.7244 16.7907 34.5681 9.54457 9.23339 9.93913 9.11523 14.0601 8.89227 9.10262
threshold=0.0032565258458190356 0.0047075374585191856 0.0032828812088946612 -0.0076049894823336786 -0.021705835297861794 0.35781782142857116 0.0048873386422982256 -0.0073950500424665626 0.010512292215476672 0.34233047978993131 0.16477499999999984 -0.076121215926945526 0.031784515457966837 0.58702142857143269 0.10636437917068277 0.00094254751473078638 -0.013798758266972576 0.0033376712286580811 -0.002664787212908692 -0.63320752480437947 0.0059429370489675198 0.70773121912945725 0.56953800619022343 0.29170958209349979 0.00068307955085932784 0.000432152117545418 0.017968136737195332 0.0022657201535318809 -0.11307006148530295 -0.0046211782002381066
decision_type=2 2 2 2 2 2 2 2 2 2 2 2 2 2 2 2 2 2 2 2 2 2 2 2 2 2 2 2 2 2
left_child=2 6 3 4 5 -1 7 8 28 11 -11 -3 -13 14 -8 16 17 18 -15 20 -18 22 -22 -19 25 -4 -21 -28 -2 -30
right_child=1 9 24 -5 -6 -7 13 -9 -10 10 -12 12 -14 15 -16 -17 19 23 -20 26 21 -23 -24 -25 -26 -27 27 -29 29 -31
leaf_value=0.76480443489022465 0.17048485401726043 0.11798484760133449 0.066566140962535644 -0.043700825443272778 -0.0018951674928177542 0.12124582391403174 -0.0016441750483098762 -0.01715143715116307 0.52741342707883854 -0.021660303139936513 0.023846674665211176 -0.033930506636816932 0.17613586690558677 0.41353543103653956 0.23042796694364409 0.029838777510715189 -0.022241706323469224 -0.0086627274475942345 0.045012858309727011 -0.020675733804328706 0.02026528372055364 0.022482996710374851 0.52070845231022855 0.1325738242292254 -0.00067610958856897658 0.4238800152512785 0.28993713235615476 0.015470001682783016 -0.00021002502717849011 0.056474350821190115
leaf_weight=0.24482088256627221 0.89409614726900954 1.4431115128099943 2.5332625766750421 508.26442106533796 10.289305486716328 1.1169553962536154 122.79583727288991 170.06474718032405 0.25859112245961924 14.41153625352308 645.87742681894451 18.898863809183243 0.65630592219531436 0.74705857085064042 0.7105049230158319 110.5233245654963 1.7477794024161983 7.1192338117398304 1.013663672376423 50.794009866658598 0.68420158745721005 1.3045276151970027 0.69617715571075678 1.437774149700999 41.614051489625126 0.21081663295626629 0.58235455863177721 2.3475481965579093 35.157135241432115 8.8690545731224102
leaf_count=19 37 23 210 160657 2137 72 9929 29752 10 586 15739 734 17 16 39 5811 138 194 30 3780 30 58 24 32 5003 25 15 93 4360 476
internal_value=-0.003297 0.0132314 -0.0384185 -0.0421384 0.0260204 0.236945 0.00218338 -0.0099169 0.0173157 0.0216274 0.0228534 -0.0169244 -0.0268803 0.0107932 -0.000309115 0.0184537 7.72354e-05 0.0468613 0.201374 -0.00822286 0.082755 0.151104 0.272658 0.0150683 0.0051818 0.0940171 -0.0157293 0.0700238 0.0143793 0.011209
internal_weight=1763.31 1199.03 564.274 519.916 11.6511 1.36178 517.748 215.244 45.1789 681.287 660.289 20.9983 19.5552 302.504 123.506 178.998 68.4743 10.3177 1.76072 58.1566 4.43269 2.68491 1.38038 8.55701 44.3581 2.74408 53.7239 2.9299 44.9203 44.0262
internal_count=240046 71923 168123 162885 2228 91 54824 34635 4883 17099 16325 774 751 20189 9968 10221 4410 272 46 4138 250 112 54 226 5238 235 3888 108 4873 4836
is_linear=0
shrinkage=0.05


Tree=23
num_leaves=31
num_cat=0
split_feature=11 4 11 1 13 13 11 13 2 14 7 4 2 28 11 28 30 5 5 9 1 13 11 15 13 11 3 13 13 4
split_gain=429.954 42.107 22.6144 18.6155 13.8208 36.5586 28.1884 22.1695 31.2725 27.6626 54.0369 27.2553 33.0962 63.4724 25.7177 24.697 19.9039 17.5158 16.8846 16.2122 19.8024 15.9707 15.8744 15.5925 13.4784 13.2917 39.3579 13.2615 17.1995 25.5898
threshold=0.0025566478057455475 0.00261145482273017 0.0043779507991669612 -0.0068455300239190766 265.50000000000006 291.50000000000006 0.01262409465537704 284.50000000000006 -0.0052881969487285066 119.50000000000001 0.0018476668168905008 0.0095045999424378299 0.022169240309032671 0.031784515457966837 0.0086751325876457241 -0.012040310554915463 -7.1359151115482158 0.0014280531835118018 0.00017401644459059024 0.49052550567147363 -9.2749766647248752e-05 251.50000000000003 0.0046876572378923989 0.044980158581430486 263.50000000000006 0.005471883724960055 0.025739936484514562 299.50000000000006 300.50000000000006 0.008708518710049757
decision_type=2 2 2 2 2 2 2 2 2 2 2 2 2 2 2 2 2 2 2 2 2 2 2 2 2 2 2 2 2 2
left_child=-1 3 24 -2 6 7 16 8 9 15 17 12 -9 -14 18 22 25 -11 -10 20 -20 -8 -6 -7 -3 26 -4 -25 29 -29
right_child=1 2 4 -5 5 23 21 11 14 10 -12 -13 13 -15 -16 -17 -18 -19 19 -21 -22 -23 -24 27 -26 -27 -28 28 -30 -31
leaf_value=-0.043082450410646102 0.039734851893511593 -0.03428463437829922 0.038055040864002875 -0.033758947404117952 0.34369788497611692 -0.0079721542306756543 0.031064745420312224 -0.0098826742481491689 0.28883137502834066 0.36136544271155546 0.65992422857753097 0.054361585828096727 0.3820655581482662 0.096749793622702931 0.19740620198450992 -0.052415644413896546 -0.011786734884453372 -0.0040343253800607971 0.34831143248071805 -0.037012469159389737 -0.051109647218756715 -0.0044317398241055577 0.02156808293016587 -0.027646097538813752 0.0048624433325849632 0.025438787323539238 0.54129249502805188 -0.009457042512456602 0.022124408918286112 0.3196585117640286
leaf_weight=487.50510087027214 9.9231368531472963 24.396349580259994 1.6757909152656822 65.415950753027573 0.8794947359710934 49.841967094689608 148.4293671506457 2.392463616095486 0.44011803157628193 0.47724779741838608 0.63248115824535478 18.610175039619207 3.0695823151618225 5.3409192636609077 1.5058009978383768 2.3858192190527943 143.51181171182543 1.0485231135971842 0.62514018639922142 17.329647110309452 0.61616721190512425 40.289156524464488 0.67672950029373169 13.397095422260461 222.7119829710573 22.381139148492366 0.50580161111429323 1.1652285093441599 466.28279713587835 1.1977084539830682
leaf_count=163626 1239 2914 79 13887 23 1299 3590 117 19 19 27 189 35 29 26 99 9814 54 36 654 45 2511 23 302 23824 686 18 29 14818 15
internal_value=-0.00317908 0.0121727 0.0144643 -0.0240789 0.0179868 0.0226981 0.0102237 0.0611134 0.0280516 0.127443 0.27134 0.0910324 0.154205 0.200882 -0.00150058 0.0486605 -0.00466833 0.11026 -0.0172553 -0.0245093 0.150045 0.0234867 0.203619 0.0186513 0.000997556 0.0369221 0.154731 0.0214041 0.0228063 0.157363
internal_weight=1754.66 1267.16 1191.82 75.3391 944.708 587.915 356.793 56.0303 26.6172 6.1003 2.15825 29.4131 10.803 8.4105 20.5169 3.94204 168.075 1.52577 19.0111 18.571 1.24131 188.719 1.55622 531.885 247.108 24.5627 2.18159 482.043 468.646 2.36294
internal_count=240046 76420 61294 15126 34556 17858 16698 1395 1025 245 100 370 181 64 780 145 10597 73 754 735 81 6101 46 16463 26738 783 97 15164 14862 44
is_linear=0
shrinkage=0.05


Tree=24
num_leaves=31
num_cat=0
split_feature=11 10 13 28 3 1 11 3 3 11 10 12 3 12 7 10 13 13 11 11 3 13 6 9 9 12 9 11 28 28
split_gain=401.983 33.3738 23.6505 17.9224 18.6843 16.7058 16.1317 15.9394 21.9589 17.85 17.3122 14.4963 19.1731 14.3431 13.6209 13.5911 13.3785 24.4772 29.3546 21.1369 16.0111 12.9823 12.6463 12.5683 24.2946 15.1334 14.7002 11.8482 11.5903 10.4897
threshold=0.0025566478057455475 0.0047075374585191856 263.50000000000006 -0.0058053633033232016 -0.0058923142097062611 0.010512292215476672 0.01262409465537704 -0.017257419786206592 -0.042265735345734294 0.013874481843870272 0.0032828812088946612 0.41420000000000085 0.036252536030044864 0.16477499999999984 0.0021267542109246131 0.0017485658467275189 337.50000000000006 342.50000000000006 0.0038643606741683499 0.0036499248413566047 -0.0056215654158022202 241.50000000000003 0.00035523978685616245 0.40036360343478622 0.36930468761342988 2.9317646428571469 1.8060080350642183 0.0018950682738326228 -0.011431306181556496 -0.010390283441666016
decision_type=2 2 2 2 2 2 2 2 2 2 2 2 2 2 2 2 2 2 2 2 2 2 2 2 2 2 2 2 2 2
left_child=27 2 6 4 5 -4 21 8 23 10 -10 12 -6 -3 -7 -5 20 18 19 -18 -13 -2 -17 24 -8 -25 -27 -1 -20 -22
right_child=1 13 3 15 11 14 7 -9 9 -11 -12 16 -14 -15 -16 22 17 -19 28 -21 29 -23 -24 25 -26 26 -28 -29 -30 -31
leaf_value=-0.047304185761815616 0.31762014003632322 -0.026777462670460953 0.0078295180696280296 -0.027323364539059859 -0.021558738292789845 0.22415778134442271 0.048571025267056818 -0.023783437488174873 0.55026427870460404 -0.050905801252146124 0.13831992683571548 0.38310155212659258 0.26716613747117263 0.019628683133630899 0.040493510903526125 -0.014724126461775103 0.54705505031529189 -0.028805492414281909 0.027724908960725572 0.1782861461211841 0.08017743376342612 -0.029591325643402014 0.011572278465609478 -0.0051955683946321198 0.53846014942095977 0.05116363343824492 0.28595681167544557 -0.02879140092954198 0.17053447936553265 0.0018420127412664693
leaf_weight=352.58056878810748 0.27004208881407876 17.053640529513359 102.03291810583323 37.541890949942172 8.3207014619838411 1.5954151926562179 0.99733666609973315 20.454267954453826 0.49582272162660845 0.41385841602459539 0.52519851410761476 0.34494118578732269 0.61768064228817898 704.58082021353766 2.7486194297671318 60.971495993668213 0.74813901982269981 2.1579777908045799 2.4303508438169952 0.80849634669721127 8.1379081660416013 88.10857156291604 182.78402773360722 17.083979293704036 0.33913473878055811 2.8493586634285744 0.87024850538000453 114.49234910472296 3.4201557729393248 8.9995009226258844
leaf_count=127622 9 809 7719 6738 708 30 73 1949 16 30 25 24 24 17944 28 7602 35 131 14 7 239 13459 16927 1048 26 124 15 36004 38 629
internal_value=-0.00307201 0.0114385 0.00223285 0.00799752 0.0224534 0.0119179 -0.0162121 0.00851404 0.0365362 0.226089 0.338366 0.0535969 -0.00160661 0.018532 0.107947 0.000681502 0.0718401 0.119381 0.162553 0.355521 0.0458292 -0.0285304 0.00499466 0.0242514 0.172882 0.014703 0.106096 -0.0427662 0.11121 0.0390405
internal_weight=1744.78 1277.7 556.068 423.66 142.363 106.377 132.408 44.0292 23.5749 1.43488 1.02102 35.9859 8.93838 721.634 4.34403 281.297 27.0475 9.56512 7.40714 1.55664 17.4824 88.3786 243.756 22.1401 1.33647 20.8036 3.71961 467.073 5.85051 17.1374
internal_count=240046 76420 57667 40893 9626 7777 16774 3306 1357 71 41 1849 732 18753 58 31267 1117 225 94 42 892 13468 24529 1286 99 1187 139 163626 52 868
is_linear=0
shrinkage=0.05


Tree=25
num_leaves=31
num_cat=0
split_feature=11 6 7 18 10 2 13 28 2 9 28 15 9 27 3 6 1 13 6 5 13 10 1 9 3 1 0 3 7 29
split_gain=404.618 36.6168 24.5203 21.416 20.9786 16.1782 14.729 15.2256 14.5298 19.7201 18.4019 16.682 18.5464 21.3043 15.5841 16.0833 15.301 14.5761 20.3875 35.975 18.5109 21.6876 18.4933 16.9027 14.48 22.7973 18.4564 14.1282 12.3569 34.8348
threshold=0.0026079217066852316 0.00037860554260054361 0.0012684797876679154 0.0060196695023167126 0.0015096537774739636 0.044551241661906167 330.50000000000006 -0.010390283441666016 0.037560554132892505 1.6164917133431633 -0.0071948436749677451 0.58064514255983091 0.61932558869222787 0.52362074908948031 0.019463846158229717 0.00047466951003779075 -0.002073308585784472 327.50000000000006 0.00044513774865906092 0.0011573479895678543 334.50000000000006 0.0065619663333346305 -0.0025856723155071033 0.35533362898710746 0.033805311471510675 0.0098400522050738921 0.0037544690623856351 0.027489129186570097 0.00017560396683155544 -0.47831931516010229
decision_type=2 2 2 2 2 2 2 2 2 2 2 2 2 2 2 2 2 2 2 2 2 2 2 2 2 2 2 2 2 2
left_child=3 5 4 -1 -3 6 7 -2 10 14 11 -6 13 16 -10 -16 -13 -12 19 -19 23 -22 -23 -20 -8 26 -26 -21 29 -25
right_child=1 2 -4 -5 8 -7 24 -9 9 -11 17 12 -14 -15 15 -17 -18 18 20 27 21 22 -24 28 25 -27 -28 -29 -30 -31
leaf_value=-0.043283283988188523 0.0061835446402600221 -0.038141413240881016 0.023925956687104996 0.49940378101884947 0.014094457066937134 0.032250952101634721 0.0097646750430243796 -0.021351314738915765 0.339706847039835 0.0016324151243776305 -0.0093802656073015793 0.5907281469752893 0.026394173483884786 0.094335183932009861 0.2924656141810299 0.053843077060694647 0.16506304718943396 0.90207321846614463 0.34481785465285081 0.049706604166151094 -0.011158835236286122 0.31099320899467536 0.03609636910552045 0.46125391615516542 0.089059289396348884 -0.015732296190176461 0.39975009529191891 0.41768453616334505 0.018999364076328809 0.065348109989850439
leaf_weight=456.59837450785562 74.393765222048387 23.3275607440155 517.40564038115554 0.18186647747643192 136.27772465138696 29.048348682234064 48.098474830854684 154.41017205500975 0.51069141458720224 21.806749361101538 167.57526537054218 0.38878117175772786 13.492319754092021 6.8700688637327403 0.72709751315415161 24.500978244934231 0.46198834897950547 0.15750145795754988 0.50391658302396791 1.489570470061153 42.893426223890856 0.96402110159397159 1.6745324879884709 0.63235881691798557 1.0409962651319795 1.8022169903852043 0.88384191971272219 0.31622131983749557 10.35935619776137 4.5778435859829179
leaf_count=165763 2647 4355 18187 28 5845 766 3790 16251 16 685 15435 14 523 212 42 957 31 34 36 169 3921 27 40 43 29 41 23 11 631 258
internal_value=-0.00264091 0.0117117 0.0164609 -0.0430672 0.00805515 -0.00327007 -0.0069469 -0.0123986 0.0105258 0.0366163 0.0073339 0.0205148 0.0617602 0.123563 0.0662559 0.0607204 0.359582 -0.00164694 0.0187391 0.177355 0.0136842 -0.0026002 0.136533 0.0598136 0.0171217 0.112065 0.231721 0.114145 0.0505893 0.113399
internal_weight=1743.37 1286.59 976.914 456.78 459.508 309.678 280.629 228.804 436.18 47.5455 388.635 157.491 21.2132 7.72084 25.7388 25.2281 0.85077 231.144 63.5687 1.96329 61.6055 45.532 2.63855 16.0735 51.8255 3.72706 1.92484 1.80579 15.5696 5.2102
internal_count=240810 75019 51472 165791 33285 23547 22781 18898 28930 1700 27230 6625 780 257 1015 999 45 20605 5170 214 4956 3988 67 968 3883 93 52 180 932 301
is_linear=0
shrinkage=0.05


Tree=26
num_leaves=31
num_cat=0
split_feature=4 10 6 3 1 7 9 7 28 10 13 27 27 30 6 3 7 0 5 13 12 12 10 13 27 3 8 29 5 28
split_gain=341.057 47.7374 25.0104 17.5384 16.702 15.4147 21.4767 14.5812 13.6793 12.1168 15.2388 12.1706 12.9279 12.002 10.3901 13.1667 15.5635 29.7596 14.4549 14.9008 11.8519 38.1172 10.3707 16.1038 15.4471 17.1098 17.1965 20.7426 12.2955 10.3445
threshold=0.0036486276480881328 0.0021182213587821789 0.00037860554260054361 -0.029540241467627567 -0.010085918833354633 0.0012232415902141429 0.82123339185566457 0.0012684797876679154 0.015321823304271462 0.0047075374585191856 241.50000000000003 4.634013735931414 5.0205300746472714 0.1747255327476662 0.00039818075639769642 -0.033807400596412955 0.0011151379983273025 -0.00014771862694668012 0.0024813895781638077 241.50000000000003 0.97499642857142899 1.0541571428571432 0.0047075374585191856 322.50000000000006 0.99889059751484666 -0.0050970759400533186 1.1128415879394058 0.0067638120435298274 0.0067441890169716743 -0.012040310554915463
decision_type=2 2 2 2 2 2 2 2 2 2 2 2 2 2 2 2 2 2 2 2 2 2 2 2 2 2 2 2 2 2
left_child=1 4 8 14 5 -1 -7 9 22 10 -4 13 -13 -11 -3 18 29 -18 19 -16 -21 -22 -2 -24 25 -25 27 28 -27 -17
right_child=2 3 7 -5 -6 6 -8 -9 -10 11 -12 12 -14 -15 15 16 17 -19 -20 20 21 -23 23 24 -26 26 -28 -29 -30 -31
leaf_value=-0.0074335137915371753 -0.017277938129486314 -0.014462259829834238 0.42621481645917902 -0.017168001396502427 -0.044682257838074134 0.40368025323102863 -0.052734356493193739 0.022082242236855596 0.02634637688204949 0.0046379320074808241 -0.00049824743582050192 0.16236962610808589 0.038665486357506135 0.031745679615176124 0.33405271728987695 0.25968244211503183 0.86733614166541495 0.1073108321901122 0.34774265748300759 -0.032161657098196815 0.62999368643439801 0.03916093002317541 -0.0032997614824472072 0.028434744528524909 -0.017979393647928964 0.19093564998335555 -0.012620343590732925 0.3355927320757035 -0.052219599613619584 -0.050480345418446863
leaf_weight=2.1879003013018514 103.88549933349714 6.8061576059553799 0.20946445898152788 130.78616805560887 402.5401971868705 0.65293644880875923 0.42584573361091316 517.53056411584839 39.087288048118353 130.68430367019027 184.69478488550521 2.3269295869395163 22.868429527617991 59.388929939363152 0.38797108922153611 0.4828390257898717 0.21716683404520154 0.31652503507211793 0.37244875030592162 5.2421199986711127 0.29369583213701833 3.8703337542247027 102.47008683299646 6.647674256004394 5.8519222247414282 1.4273275742307321 1.23578470852226 1.6569553427398203 0.81776304263621558 0.60649723280220946
leaf_count=321 12600 734 18 27155 151323 29 50 17958 1093 3474 19233 69 641 1737 14 44 15 30 24 551 22 325 2769 165 199 45 32 32 24 84
internal_value=-0.00255262 -0.034873 0.012644 -0.0107079 -0.0437685 0.0688335 0.223512 0.0165402 -0.000947027 0.0093728 -1.48555e-05 0.0174363 0.0500902 0.0131078 0.034727 0.0631241 0.195371 0.416576 0.0420118 0.0303856 0.0178603 0.0808333 -0.00570979 0.00429594 0.0484255 0.0813979 0.149925 0.201404 0.102368 0.0869967
internal_weight=1735.97 555.189 1180.78 149.382 405.807 3.26668 1.07878 917.703 263.08 400.173 184.904 215.269 25.1954 190.073 18.5958 11.7896 1.62303 0.533692 10.1666 9.79412 9.40615 4.16403 223.993 120.108 17.6374 11.7855 5.13783 3.90205 2.24509 1.08934
internal_count=240810 180721 60089 28998 151723 400 79 43130 16959 25172 19251 5921 710 5211 1843 1109 173 45 936 912 898 347 15866 3266 497 298 133 101 69 128
is_linear=0
shrinkage=0.05


Tree=27
num_leaves=31
num_cat=0
split_feature=11 4 13 3 13 6 4 9 11 27 2 3 28 3 13 11 1 14 10 0 3 30 13 28 8 4 28 13 11 10
split_gain=357.47 38.4516 20.1574 17.7178 32.2098 15.6735 15.3599 14.1893 13.4948 11.7786 11.487 16.2077 11.6564 82.0192 15.762 33.1396 52.9298 12.2766 11.4674 10.7625 20.0946 10.6356 10.5158 10.2101 13.4026 10.2027 10.1769 10.0497 21.0315 22.1047
threshold=0.0026079217066852316 0.0044850584426609835 329.50000000000006 0.025739936484514562 333.50000000000006 0.0037969568943900882 0.0095045999424378299 0.8551618151230137 0.013168671402036546 3.5829790047964614 -0.0033229569955116607 -0.010277574630386586 0.00068965717068517778 0.0025776862103089608 342.50000000000006 0.0028742670448735036 -0.0058768058050795982 52.500000000000007 0.0032828812088946612 0.0019016934988991265 0.059871514281128031 -0.063454148870768654 241.50000000000003 -0.0089174165925089057 0.63416866322765431 0.010029365606348749 -0.001020076751989738 325.50000000000006 0.0050497926806800635 0.0019697354694148727
decision_type=2 2 2 2 2 2 2 2 2 2 2 2 2 2 2 2 2 2 2 2 2 2 2 2 2 2 2 2 2 2
left_child=6 2 8 10 7 27 -1 -5 -2 -7 11 -4 14 -14 15 16 21 -17 -8 20 22 -13 -11 24 -16 -22 -19 -3 -29 -30
right_child=1 5 3 4 -6 9 18 -9 -10 19 -12 12 13 -15 23 17 -18 26 -20 -21 25 -23 -24 -25 -26 -27 -28 28 29 -31
leaf_value=-0.043027780777027624 -0.018676282008657102 0.0095215275051398346 -0.0058085692873314342 0.12559852849951614 0.003953479003880561 0.022253862576110856 -0.050386011138033399 0.41090018476293411 0.015769529978377758 0.22687190631280105 -0.0089841975441574996 0.52106258276908501 1.3108964054307339 -0.050605836099702456 0.40578717175995593 0.11363168043664756 0.048199954599987195 -0.051104249055022179 0.23916237044526534 0.030686783060673885 0.305920099029106 1.039593368304802 0.047236872444644765 -0.031189373055032291 0.018960275856601587 0.10823280782600607 0.2402427914405276 0.0076453491247265156 0.20607418591344839 0.038347859079560842
leaf_weight=420.60044249542989 182.19283333374187 685.57879303768277 13.751356868073346 0.80030088964849599 2.6054253084585071 132.2338272635825 0.57509807683527359 0.95687237288802862 33.691656232345849 0.87838935479521651 32.982421862427145 0.17411469621583819 0.14687164383940476 0.44810985075309873 0.32700175023637512 5.4297094042412919 0.50794913410208664 2.447676168754696 0.84346746513620019 19.328979230485857 1.3881513206288212 0.22889055544510484 11.236698656808583 5.0966685968451229 0.71035176678560674 1.2318800855427978 0.34156037424691144 97.164886651095003 2.018401180393993 73.37243309058249
leaf_count=165674 30068 24646 1135 20 180 2771 84 22 2514 11 4502 19 16 60 21 163 119 206 33 315 27 24 262 774 60 18 21 5577 37 1431
internal_value=-0.00246344 0.0104529 -0.00586696 0.0181013 0.115527 0.0149587 -0.0424738 0.28096 -0.0133006 0.0290077 0.0113109 0.0339173 0.0683638 0.285482 0.0599006 0.101548 0.387682 0.0698335 0.121777 0.0552255 0.0874144 0.815567 0.0602611 -0.00208677 0.140899 0.212972 -0.0154269 0.0122361 0.0230214 0.0428383
internal_weight=1729.29 1307.27 282.84 66.9553 4.3626 1024.43 422.019 1.75717 215.884 166.298 62.5927 29.6103 15.8589 0.594981 15.2639 9.1299 0.910954 8.21895 1.41857 34.0641 14.7351 0.403005 12.1151 6.13402 1.03735 2.62003 2.78924 858.135 172.556 75.3908
internal_count=240810 75019 39924 7342 222 35095 165791 42 32582 3404 7120 2618 1483 76 1407 552 162 390 117 633 318 43 273 855 81 45 227 31691 7045 1468
is_linear=0
shrinkage=0.05


end of trees

feature_importances:
time_since_open=105
volatility_20=81
returns_20=68
range_pct=60
volatility_5=58
returns_10=51
returns_5=50
distance_from_vwap=47
atr=45
lower_wick=36
upper_wick=33
price_position=31
pressure_ratio=30
volume_ratio_20=27
time_to_close=27
returns=18
body_pct=16
pv_divergence=15
volume_ratio=14
volume_momentum=14
fvg_size_pct=9
fvg_up=1
fvg_down=1
displacement_up=1
displacement_down=1
bos_up=1

parameters:
[boosting: gbdt]
[objective: binary]
[metric: auc]
[tree_learner: serial]
[device_type: cpu]
[data_sample_strategy: bagging]
[data: ]
[valid: ]
[num_iterations: 500]
[learning_rate: 0.05]
[num_leaves: 31]
[num_threads: 0]
[seed: 0]
[deterministic: 0]
[force_col_wise: 0]
[force_row_wise: 0]
[histogram_pool_size: -1]
[max_depth: -1]
[min_data_in_leaf: 20]
[min_sum_hessian_in_leaf: 0.001]
[bagging_fraction: 0.8]
[pos_bagging_fraction: 1]
[neg_bagging_fraction: 1]
[bagging_freq: 5]
[bagging_seed: 3]
[bagging_by_query: 0]
[feature_fraction: 0.8]
[feature_fraction_bynode: 1]
[feature_fraction_seed: 2]
[extra_trees: 0]
[extra_seed: 6]
[early_stopping_round: 0]
[early_stopping_min_delta: 0]
[first_metric_only: 0]
[max_delta_step: 0]
[lambda_l1: 0]
[lambda_l2: 0]
[linear_lambda: 0]
[min_gain_to_split: 0]
[drop_rate: 0.1]
[max_drop: 50]
[skip_drop: 0.5]
[xgboost_dart_mode: 0]
[uniform_drop: 0]
[drop_seed: 4]
[top_rate: 0.2]
[other_rate: 0.1]
[min_data_per_group: 100]
[max_cat_threshold: 32]
[cat_l2: 10]
[cat_smooth: 10]
[max_cat_to_onehot: 4]
[top_k: 20]
[monotone_constraints: ]
[monotone_constraints_method: basic]
[monotone_penalty: 0]
[feature_contri: ]
[forcedsplits_filename: ]
[refit_decay_rate: 0.9]
[cegb_tradeoff: 1]
[cegb_penalty_split: 0]
[cegb_penalty_feature_lazy: ]
[cegb_penalty_feature_coupled: ]
[path_smooth: 0]
[interaction_constraints: ]
[verbosity: -1]
[saved_feature_importance_type: 0]
[use_quantized_grad: 0]
[num_grad_quant_bins: 4]
[quant_train_renew_leaf: 0]
[stochastic_rounding: 1]
[linear_tree: 0]
[max_bin: 255]
[max_bin_by_feature: ]
[min_data_in_bin: 3]
[bin_construct_sample_cnt: 200000]
[data_random_seed: 1]
[is_enable_sparse: 1]
[enable_bundle: 1]
[use_missing: 1]
[zero_as_missing: 0]
[feature_pre_filter: 1]
[pre_partition: 0]
[two_round: 0]
[header: 0]
[label_column: ]
[weight_column: ]
[group_column: ]
[ignore_column: ]
[categorical_feature: ]
[forcedbins_filename: ]
[precise_float_parser: 0]
[parser_config_file: ]
[objective_seed: 5]
[num_class: 1]
[is_unbalance: 0]
[scale_pos_weight: 1]
[sigmoid: 1]
[boost_from_average: 1]
[reg_sqrt: 0]
[alpha: 0.9]
[fair_c: 1]
[poisson_max_delta_step: 0.7]
[tweedie_variance_power: 1.5]
[lambdarank_truncation_level: 30]
[lambdarank_norm: 1]
[label_gain: ]
[lambdarank_position_bias_regularization: 0]
[eval_at: ]
[multi_error_top_k: 1]
[auc_mu_weights: ]
[num_machines: 1]
[local_listen_port: 12400]
[time_out: 120]
[machine_list_filename: ]
[machines: ]
[gpu_platform_id: -1]
[gpu_device_id: -1]
[gpu_use_dp: 0]
[num_gpu: 1]

end of parameters

pandas_categorical:[]
