rule,rule_type,direction,horizon,t_stat,p_value,expectancy,win_rate,avg_win,avg_loss,profit_factor,sharpe,n_samples,mean_ret,std_ret,rule_col,rule_val,rule_col1,rule_val1,rule_col2,rule_val2,aaa_score,regime,is_event_based,passes_event_filter,overfit_check,is_overfit,overfit_reason,overfit_risk,passes_overfit_filter,passes_regime_filter,passes_aaa_score,passes_aaa_filters,validation_passed,validation_reason,val_expectancy,val_expectancy_net,val_win_rate,val_sharpe,val_trades
session_range_pct_bin == 0,single,SHORT,fwd_ret_180m,33.4720774915532,0.0,0.1507222,0.5184911720458888,1.0811946,0.85121524,1.3677338,1.614248809882959,108349,0.1507222,1.4822007,session_range_pct_bin,0,,,,,0.3242505841020892,bear_high_vol,False,False,"(True, 'Expectancy too high (15.072% > 10.000%)')",True,Expectancy too high (15.072% > 10.000%),1.301328805422112,False,True,True,False,,,,,,,
at_session_low_bin == True AND session_range_pct_bin == 0,double,SHORT,fwd_ret_180m,26.60681619264879,0.0,0.16674414,0.5203880526011757,1.1171995,0.86451805,1.4021484,1.740966594201742,58858,0.16674414,1.520409,,,at_session_low_bin,True,session_range_pct_bin,0,0.27899532241924,bear_high_vol,True,True,"(True, 'Expectancy too high (16.674% > 10.000%)')",True,Expectancy too high (16.674% > 10.000%),1.5287008300108944,False,True,True,False,,,,,,,
at_session_low_bin == True,single,SHORT,fwd_ret_180m,26.60681619264879,0.0,0.16674414,0.5203880526011757,1.1171995,0.86451805,1.4021484,1.740966594201742,58858,0.16674414,1.520409,at_session_low_bin,True,,,,,0.27899532241924,bear_high_vol,True,True,"(True, 'Expectancy too high (16.674% > 10.000%)')",True,Expectancy too high (16.674% > 10.000%),1.5287008300108944,False,True,True,False,,,,,,,
ret_60m_bin == 0.0 AND session_range_pct_bin == 0,double,SHORT,fwd_ret_180m,20.751407500422086,0.0,0.13382296,0.5189151135647857,1.0797007,0.88643414,1.3138069,1.417879881491939,53978,0.13382296,1.4982748,,,ret_60m_bin,0.0,session_range_pct_bin,0,0.17671343808832657,bear_high_vol,False,False,"(True, 'Expectancy too high (13.382% > 10.000%)')",True,Expectancy too high (13.382% > 10.000%),1.0760598535467314,False,True,True,False,,,,,,,
session_range_pct_bin == 0 AND atr_14_bin == 2,double,SHORT,fwd_ret_180m,31.041425244973897,0.0,0.29083878,0.5501688588695343,1.1551727,0.7662904,1.8437414,3.284823626344017,22504,0.29083878,1.4055313,,,session_range_pct_bin,0,atr_14_bin,2,0.17135039187588066,bear_high_vol,False,False,"(True, 'Expectancy too high (29.084% > 10.000%)')",True,Expectancy too high (29.084% > 10.000%),3.601137311100591,False,True,True,False,,,,,,,
ret_30m_bin == 0.0 AND session_range_pct_bin == 0,double,SHORT,fwd_ret_180m,18.69789683796614,0.0,0.12461955,0.5199936275290744,1.0545942,0.88282716,1.2940787,1.324560985461966,50216,0.12461955,1.4935318,,,ret_30m_bin,0.0,session_range_pct_bin,0,0.14905584028108415,bear_high_vol,False,False,"(True, 'Expectancy too high (12.462% > 10.000%)')",True,Expectancy too high (12.462% > 10.000%),0.9861827650879416,False,True,True,False,,,,,,,
session_range_pct_bin == 0 AND price_vs_vwap_pct_bin == 0,double,SHORT,fwd_ret_180m,18.096121722717726,0.0,0.1214146,0.5169589692523422,1.0477177,0.8699311,1.2889363,1.2950076677729485,49207,0.1214146,1.4883287,,,session_range_pct_bin,0,price_vs_vwap_pct_bin,0,0.1379930027024745,bear_high_vol,False,False,"(True, 'Expectancy too high (12.141% > 10.000%)')",True,Expectancy too high (12.141% > 10.000%),0.9480639565329436,False,True,True,False,,,,,,,
vwap_cross_up_bin == True AND session_range_pct_bin == 1,double,SHORT,fwd_ret_180m,19.22157014109052,0.0,0.12557715,0.5187308639010626,0.9177636,0.7282728,1.3582848,1.6717670214080316,33314,0.12557715,1.1924362,,,vwap_cross_up_bin,True,session_range_pct_bin,1,0.12854338666915674,bear_high_vol,True,True,"(True, 'Expectancy too high (12.558% > 10.000%)')",True,Expectancy too high (12.558% > 10.000%),1.079116756259742,False,True,True,False,,,,,,,
ret_15m_bin == 0.0 AND session_range_pct_bin == 0,double,SHORT,fwd_ret_180m,17.215983772464497,0.0,0.11995473,0.5169440759916135,1.0599114,0.88594335,1.2802942,1.2640913570473313,46742,0.11995473,1.506396,,,ret_15m_bin,0.0,session_range_pct_bin,0,0.12172433585448872,bear_high_vol,False,False,"(True, 'Expectancy too high (11.995% > 10.000%)')",True,Expectancy too high (11.995% > 10.000%),0.9334354278840677,False,True,True,False,,,,,,,
price_down_vol_weak_bin == True AND session_range_pct_bin == 0,double,SHORT,fwd_ret_180m,18.061912310213987,0.0,0.11617298,0.507742049559221,0.9860076,0.7810225,1.3021683,1.4410423656388154,39589,0.11617298,1.2797604,,,price_down_vol_weak_bin,True,session_range_pct_bin,0,0.121108435864496,bear_high_vol,True,True,"(True, 'Expectancy too high (11.617% > 10.000%)')",True,Expectancy too high (11.617% > 10.000%),0.8772138670370286,False,True,True,False,,,,,,,
ret_5m_bin == 1.0 AND session_range_pct_bin == 0,double,SHORT,fwd_ret_180m,18.98069380132808,0.0,0.15424578,0.5186969653387027,1.0450174,0.8057327,1.3977439,1.8067424808248125,27812,0.15424578,1.3552434,,,ret_5m_bin,1.0,session_range_pct_bin,0,0.11451714710253424,bear_high_vol,False,False,"(True, 'Expectancy too high (15.425% > 10.000%)')",True,Expectancy too high (15.425% > 10.000%),1.4332229602724746,False,True,True,False,,,,,,,
ret_30m_turned_positive_bin == True AND session_range_pct_bin == 1,double,SHORT,fwd_ret_180m,18.345039271688517,0.0,0.12658484,0.5207494085299571,0.93235105,0.7489536,1.3526664,1.6466429579907624,31278,0.12658484,1.2203448,,,ret_30m_turned_positive_bin,True,session_range_pct_bin,1,0.11389432913312628,bear_high_vol,True,True,"(True, 'Expectancy too high (12.658% > 10.000%)')",True,Expectancy too high (12.658% > 10.000%),1.080668724066236,False,True,True,False,,,,,,,
ret_60m_bin == 1.0 AND session_range_pct_bin == 0,double,SHORT,fwd_ret_180m,17.657251834568644,0.0,0.14348154,0.510452804006154,1.0776411,0.83057046,1.3528782,1.5395300851402818,33149,0.14348154,1.4794767,,,ret_60m_bin,1.0,session_range_pct_bin,0,0.10647645170844662,bear_high_vol,False,False,"(True, 'Expectancy too high (14.348% > 10.000%)')",True,Expectancy too high (14.348% > 10.000%),1.175486027579443,False,True,True,False,,,,,,,
ret_15m_turned_positive_bin == True AND session_range_pct_bin == 1,double,SHORT,fwd_ret_180m,17.22556199549157,0.0,0.11130105,0.5152351318029708,0.90654844,0.73393214,1.3128328,1.4815390129626296,34066,0.11130105,1.192577,,,ret_15m_turned_positive_bin,True,session_range_pct_bin,1,0.10368820482159372,bear_high_vol,True,True,"(True, 'Expectancy too high (11.130% > 10.000%)')",True,Expectancy too high (11.130% > 10.000%),0.8434807595070493,False,True,True,False,,,,,,,
ret_60m_turned_positive_bin == True AND session_range_pct_bin == 1,double,SHORT,fwd_ret_180m,17.732204488159507,0.0,0.13150205,0.520409281929472,0.9449193,0.7511461,1.3650376,1.701630572586723,27365,0.13150205,1.2267823,,,ret_60m_turned_positive_bin,True,session_range_pct_bin,1,0.09946831255494891,bear_high_vol,True,True,"(True, 'Expectancy too high (13.150% > 10.000%)')",True,Expectancy too high (13.150% > 10.000%),1.1566543219635999,False,True,True,False,,,,,,,
at_session_low_bin == True AND ret_60m_bin == 0.0,double,SHORT,fwd_ret_180m,16.840448075382458,0.0,0.14158432,0.5199783530260665,1.1109632,0.9084851,1.3246658,1.4658389275185675,33261,0.14158432,1.5333072,,,at_session_low_bin,True,ret_60m_bin,0.0,0.09882725052309238,bear_high_vol,True,True,"(True, 'Expectancy too high (14.158% > 10.000%)')",True,Expectancy too high (14.158% > 10.000%),1.1557999246171202,False,True,True,False,,,,,,,
ret_30m_bin == 1.0 AND session_range_pct_bin == 0,double,SHORT,fwd_ret_180m,16.976017351177262,0.0,0.13318156,0.5109641598303128,1.0417362,0.81611264,1.3336978,1.5050851789396629,32059,0.13318156,1.404699,,,ret_30m_bin,1.0,session_range_pct_bin,0,0.0968843328606023,bear_high_vol,False,False,"(True, 'Expectancy too high (13.318% > 10.000%)')",True,Expectancy too high (13.318% > 10.000%),1.0562864797233373,False,True,True,False,,,,,,,
rel_strength_60m_bin == 1.0 AND session_range_pct_bin == 0,double,SHORT,fwd_ret_180m,17.085052416250857,0.0,0.14337051,0.5106228556347321,1.1065866,0.86166245,1.3399999,1.5577914005572324,30312,0.14337051,1.461002,,,rel_strength_60m_bin,1.0,session_range_pct_bin,0,0.09535790763831561,bear_high_vol,False,False,"(True, 'Expectancy too high (14.337% > 10.000%)')",True,Expectancy too high (14.337% > 10.000%),1.1838465030245207,False,True,True,False,,,,,,,
ret_5m_turned_positive_bin == True AND session_range_pct_bin == 0,double,SHORT,fwd_ret_180m,19.898086301144122,0.0,0.23486793,0.5402256817469439,1.1973997,0.8960878,1.5700703,2.28306324805944,19142,0.23486793,1.6330748,,,ret_5m_turned_positive_bin,True,session_range_pct_bin,0,0.09518249582152292,bear_high_vol,True,True,"(True, 'Expectancy too high (23.487% > 10.000%)')",True,Expectancy too high (23.487% > 10.000%),2.5206622916465324,False,True,True,False,,,,,,,
rel_strength_60m_bin == 2.0 AND session_range_pct_bin == 0,double,SHORT,fwd_ret_180m,21.14276590915194,0.0,0.23282732,0.5353003161222339,1.146747,0.8199419,1.6110525,2.4994943363637026,18031,0.23282732,1.4787067,,,rel_strength_60m_bin,2.0,session_range_pct_bin,0,0.09447684099774746,bear_high_vol,False,False,"(True, 'Expectancy too high (23.283% > 10.000%)')",True,Expectancy too high (23.283% > 10.000%),2.598621007375553,False,True,True,False,,,,,,,
ret_5m_turned_positive_bin == True AND session_range_pct_bin == 1,double,SHORT,fwd_ret_180m,15.71649372898615,0.0,0.09300669,0.5061787185409177,0.9137608,0.748286,1.2516962,1.217408845543787,41999,0.09300669,1.2127688,,,ret_5m_turned_positive_bin,True,session_range_pct_bin,1,0.09415669408024416,bear_high_vol,True,True,"(False, 'PASS')",False,PASS,0.6424243653493142,True,True,True,True,False,Net expectancy -9.721% < 1.000% after 2.0 bps cost,-0.07721424,-0.09721424,0.473915878708836,-1.1546903,6134.0
at_session_low_bin == True AND price_vs_vwap_pct_bin == 0,double,SHORT,fwd_ret_180m,16.34388476338061,0.0,0.1348192,0.5213128474920786,1.0698637,0.8834882,1.318786,1.418507208380704,33454,0.1348192,1.508761,,,at_session_low_bin,True,price_vs_vwap_pct_bin,0,0.09359433704178095,bear_high_vol,True,True,"(True, 'Expectancy too high (13.482% > 10.000%)')",True,Expectancy too high (13.482% > 10.000%),1.090817641729076,False,True,True,False,,,,,,,
session_range_pct_bin == 0 AND price_vs_vwap_pct_bin == 1,double,SHORT,fwd_ret_180m,16.46167833994723,0.0,0.12500672,0.5131290690857477,1.0143933,0.81234676,1.3160661,1.4515820250867053,32409,0.12500672,1.3670741,,,session_range_pct_bin,0,price_vs_vwap_pct_bin,1,0.09198652134640543,bear_high_vol,False,False,"(True, 'Expectancy too high (12.501% > 10.000%)')",True,Expectancy too high (12.501% > 10.000%),0.9763253424084797,False,True,True,False,,,,,,,
at_session_low_bin == True AND ret_30m_bin == 0.0,double,SHORT,fwd_ret_180m,16.017407516936256,0.0,0.1354258,0.5244657788789099,1.0757815,0.90169054,1.3158365,1.4150066439148723,32290,0.1354258,1.5192989,,,at_session_low_bin,True,ret_30m_bin,0.0,0.08884892105493211,bear_high_vol,True,True,"(True, 'Expectancy too high (13.543% > 10.000%)')",True,Expectancy too high (13.543% > 10.000%),1.103189618213142,False,True,True,False,,,,,,,
at_session_low_bin == True AND ret_15m_bin == 0.0,double,SHORT,fwd_ret_180m,15.834050237329427,0.0,0.1369015,0.5227830920372285,1.081606,0.89800644,1.3194573,1.428907304154246,30944,0.1369015,1.5209131,,,at_session_low_bin,True,ret_15m_bin,0.0,0.08472475339172521,bear_high_vol,True,True,"(True, 'Expectancy too high (13.690% > 10.000%)')",True,Expectancy too high (13.690% > 10.000%),1.1145811624832704,False,True,True,False,,,,,,,
session_range_pct_bin == 0 AND rvol_bin == 2,double,SHORT,fwd_ret_180m,17.21398684262685,0.0,0.15918463,0.5245886528091441,1.0585027,0.83316034,1.401886,1.8551622052510899,21697,0.15918463,1.362133,,,session_range_pct_bin,0,rvol_bin,2,0.08413916332176703,bear_high_vol,False,False,"(True, 'Expectancy too high (15.918% > 10.000%)')",True,Expectancy too high (15.918% > 10.000%),1.5186047550989967,False,True,True,False,,,,,,,
rel_strength_60m_bin == 0.0 AND session_range_pct_bin == 0,double,SHORT,fwd_ret_180m,14.45867798171061,0.0,0.100774765,0.5065246510824007,1.041475,0.8648011,1.2361403,1.0668516932575396,46286,0.100774765,1.4995054,,,rel_strength_60m_bin,0.0,session_range_pct_bin,0,0.08371419906619643,bear_high_vol,False,False,"(True, 'Expectancy too high (10.077% > 10.000%)')",True,Expectancy too high (10.077% > 10.000%),0.7207969523112858,False,True,True,False,,,,,,,
ret_15m_bin == 2.0 AND session_range_pct_bin == 0,double,SHORT,fwd_ret_180m,17.78373387717928,0.0,0.18315211,0.5129792436144203,1.1082304,0.7912335,1.4752911,2.036163517256177,19223,0.18315211,1.4279058,,,ret_15m_bin,2.0,session_range_pct_bin,0,0.08118768507540042,bear_high_vol,False,False,"(True, 'Expectancy too high (18.315% > 10.000%)')",True,Expectancy too high (18.315% > 10.000%),1.8255613397022965,False,True,True,False,,,,,,,
session_range_pct_bin == 0 AND rvol_bin == 3,double,SHORT,fwd_ret_180m,16.60261106716108,0.0,0.19139606,0.5242768595041323,1.1663357,0.8830488,1.4556109,1.7291527657167738,23232,0.19139606,1.7571138,,,session_range_pct_bin,0,rvol_bin,3,0.08094188224326397,bear_high_vol,False,False,"(True, 'Expectancy too high (19.140% > 10.000%)')",True,Expectancy too high (19.140% > 10.000%),1.7770906779240856,False,True,True,False,,,,,,,
session_range_pct_bin == 0 AND price_vs_vwap_pct_bin == 2,double,SHORT,fwd_ret_180m,18.062139309506808,0.0,0.19871923,0.5201289124378653,1.143663,0.82549876,1.5016478,2.119145949086167,18307,0.19871923,1.4886044,,,session_range_pct_bin,0,price_vs_vwap_pct_bin,2,0.07962393078940919,bear_high_vol,False,False,"(True, 'Expectancy too high (19.872% > 10.000%)')",True,Expectancy too high (19.872% > 10.000%),2.0370231321634122,False,True,True,False,,,,,,,
session_range_pct_bin == 1,single,SHORT,fwd_ret_180m,16.840301760234542,0.0,0.06420626,0.4943748614497894,0.9220067,0.7745079,1.1639544,0.8124714677835172,108264,0.06420626,1.2544967,session_range_pct_bin,1,,,,,0.07828897812466394,bear_high_vol,False,False,"(False, 'PASS')",False,PASS,0.34206257462501527,True,True,True,False,,,,,,,
session_range_pct_bin == 0 AND rvol_bin == 4,double,SHORT,fwd_ret_180m,15.924667806025498,0.0,0.16298977,0.5251245090496821,1.1891913,0.9717996,1.3531862,1.6086018034153733,24697,0.16298977,1.6084666,,,session_range_pct_bin,0,rvol_bin,4,0.0769027156575058,bear_high_vol,False,False,"(True, 'Expectancy too high (16.299% > 10.000%)')",True,Expectancy too high (16.299% > 10.000%),1.4344475738635998,False,True,True,False,,,,,,,
price_down_vol_weak_bin == True AND at_session_low_bin == True,double,SHORT,fwd_ret_180m,16.631472059920142,0.0,0.14961699,0.5153118040089086,1.0335258,0.7901391,1.3906744,1.7984036695568122,21552,0.14961699,1.320669,,,price_down_vol_weak_bin,True,at_session_low_bin,True,0.07689388306717063,bear_high_vol,True,True,"(True, 'Expectancy too high (14.962% > 10.000%)')",True,Expectancy too high (14.962% > 10.000%),1.3759953079276015,False,True,True,False,,,,,,,
ret_15m_bin == 1.0 AND session_range_pct_bin == 0,double,SHORT,fwd_ret_180m,15.330792825315834,0.0,0.11930072,0.5101145989038366,1.003664,0.80158126,1.3038093,1.4026378724129198,30105,0.11930072,1.350199,,,ret_15m_bin,1.0,session_range_pct_bin,0,0.07644213588861033,bear_high_vol,False,False,"(True, 'Expectancy too high (11.930% > 10.000%)')",True,Expectancy too high (11.930% > 10.000%),0.9132364285663401,False,True,True,False,,,,,,,
at_session_low_bin == True AND atr_14_bin == 2,double,SHORT,fwd_ret_180m,25.12273360448148,0.0,0.33935544,0.5539678695406475,1.2449398,0.78537226,1.9687531,3.5833077470265513,12387,0.33935544,1.5033877,,,at_session_low_bin,True,atr_14_bin,2,0.07578644780437829,bear_high_vol,True,True,"(True, 'Expectancy too high (33.936% > 10.000%)')",True,Expectancy too high (33.936% > 10.000%),4.243144002071347,False,True,True,False,,,,,,,
ret_30m_bin == 2.0 AND session_range_pct_bin == 0,double,SHORT,fwd_ret_180m,17.251301559150534,0.0,0.18594971,0.5181877944560096,1.1103463,0.8082364,1.4775065,2.026950422360396,18254,0.18594971,1.4563061,,,ret_30m_bin,2.0,session_range_pct_bin,0,0.07554632474444671,bear_high_vol,False,False,"(True, 'Expectancy too high (18.595% > 10.000%)')",True,Expectancy too high (18.595% > 10.000%),1.8593479300093618,False,True,True,False,,,,,,,
ret_5m_bin == 0.0 AND session_range_pct_bin == 0,double,SHORT,fwd_ret_180m,14.160106588478,0.0,0.10800352,0.5095965238981999,1.0655458,0.8870143,1.2482868,1.1200799776366115,40275,0.10800352,1.5306967,,,ret_5m_bin,0.0,session_range_pct_bin,0,0.07535183199061796,bear_high_vol,False,False,"(True, 'Expectancy too high (10.800% > 10.000%)')",True,Expectancy too high (10.800% > 10.000%),0.7992282425510002,False,True,True,False,,,,,,,
session_range_pct_bin == 0 AND atr_14_bin == 3,double,SHORT,fwd_ret_180m,16.143622700723185,0.0,0.15472044,0.5151448251501236,1.1371491,0.889082,1.3589169,1.702889011141862,22648,0.15472044,1.44232,,,session_range_pct_bin,0,atr_14_bin,3,0.07424424461385501,bear_high_vol,False,False,"(True, 'Expectancy too high (15.472% > 10.000%)')",True,Expectancy too high (15.472% > 10.000%),1.3789385609405294,False,True,True,False,,,,,,,
ret_5m_bin == 2.0 AND session_range_pct_bin == 0,double,SHORT,fwd_ret_180m,15.682240162717864,0.0,0.15092261,0.5154370679041576,1.0477271,0.8030222,1.3878614,1.7130971477260248,21118,0.15092261,1.3985326,,,ret_5m_bin,2.0,session_range_pct_bin,0,0.06769159993451622,bear_high_vol,False,False,"(True, 'Expectancy too high (15.092% > 10.000%)')",True,Expectancy too high (15.092% > 10.000%),1.3466488232291431,False,True,True,False,,,,,,,
at_session_low_bin == True AND ret_30m_bin == 1.0,double,SHORT,fwd_ret_180m,16.101442229076287,0.0,0.17848736,0.514991280868538,1.118438,0.8195697,1.4490266,1.917060468938988,17777,0.17848736,1.4779915,,,at_session_low_bin,True,ret_30m_bin,1.0,0.06541467557011446,bear_high_vol,True,True,"(True, 'Expectancy too high (17.849% > 10.000%)')",True,Expectancy too high (17.849% > 10.000%),1.723386400981045,False,True,True,False,,,,,,,
at_session_low_bin == True AND ret_60m_bin == 1.0,double,SHORT,fwd_ret_180m,15.726886002293691,0.0,0.17577884,0.5137197688120756,1.1209979,0.8227767,1.4393371,1.870152290070481,17821,0.17577884,1.4920723,,,at_session_low_bin,True,ret_60m_bin,1.0,0.062329596295392774,bear_high_vol,True,True,"(True, 'Expectancy too high (17.578% > 10.000%)')",True,Expectancy too high (17.578% > 10.000%),1.6703040427782576,False,True,True,False,,,,,,,
at_session_low_bin == True AND ret_5m_bin == 1.0,double,SHORT,fwd_ret_180m,15.7751183537775,0.0,0.17140737,0.5181199075763103,1.0851864,0.8110923,1.4385512,1.952732471005168,16446,0.17140737,1.393436,,,at_session_low_bin,True,ret_5m_bin,1.0,0.060760619437815626,bear_high_vol,True,True,"(True, 'Expectancy too high (17.141% > 10.000%)')",True,Expectancy too high (17.141% > 10.000%),1.6766797682493513,False,True,True,False,,,,,,,
at_session_low_bin == True AND price_vs_vwap_pct_bin == 1,double,SHORT,fwd_ret_180m,15.382573891523522,0.0,0.16515408,0.5182268722466961,1.0865034,0.82590985,1.415063,1.8120548892968638,18160,0.16515408,1.4468324,,,at_session_low_bin,True,price_vs_vwap_pct_bin,1,0.06072288335961174,bear_high_vol,True,True,"(True, 'Expectancy too high (16.515% > 10.000%)')",True,Expectancy too high (16.515% > 10.000%),1.5440220347743772,False,True,True,False,,,,,,,
session_range_pct_bin == 0 AND rvol_bin == 1,double,SHORT,fwd_ret_180m,14.64464135366945,0.0,0.13507654,0.5179418742586003,1.0083755,0.80322963,1.3488518,1.6344046430420354,20232,0.13507654,1.31196,,,session_range_pct_bin,0,rvol_bin,1,0.0580596510386533,bear_high_vol,False,False,"(True, 'Expectancy too high (13.508% > 10.000%)')",True,Expectancy too high (13.508% > 10.000%),1.1538514473213146,False,True,True,False,,,,,,,
ret_60m_bin == 2.0 AND session_range_pct_bin == 0,double,SHORT,fwd_ret_180m,16.119781167044962,0.0,0.19476523,0.5264248704663212,1.0874064,0.7974926,1.5156982,2.126914914775346,14475,0.19476523,1.4536557,,,ret_60m_bin,2.0,session_range_pct_bin,0,0.05686700578374194,bear_high_vol,False,False,"(True, 'Expectancy too high (19.477% > 10.000%)')",True,Expectancy too high (19.477% > 10.000%),2.013959448848651,False,True,True,False,,,,,,,
price_down_vol_strong_bin == True AND session_range_pct_bin == 0,double,SHORT,fwd_ret_180m,13.59897760252481,0.0,0.15241821,0.5234405082787832,1.1834637,0.9800553,1.3263391,1.4977024971152475,20776,0.15241821,1.6155171,,,price_down_vol_strong_bin,True,session_range_pct_bin,0,0.05127165440034341,bear_high_vol,True,True,"(True, 'Expectancy too high (15.242% > 10.000%)')",True,Expectancy too high (15.242% > 10.000%),1.271063127582423,False,True,True,False,,,,,,,
ret_30m_bin == 3.0 AND session_range_pct_bin == 1,double,SHORT,fwd_ret_180m,13.545820730204728,0.0,0.11012393,0.5167296922119573,0.8903996,0.7241744,1.314665,1.4877363497494882,20891,0.11012393,1.1750491,,,ret_30m_bin,3.0,session_range_pct_bin,1,0.05035819993882692,bear_high_vol,False,False,"(True, 'Expectancy too high (11.012% > 10.000%)')",True,Expectancy too high (11.012% > 10.000%),0.8346987080399424,False,True,True,False,,,,,,,
at_session_low_bin == True AND ret_5m_bin == 0.0,double,SHORT,fwd_ret_180m,12.554094556376738,0.0,0.11428388,0.5131701381432968,1.0744414,0.8978236,1.2614671,1.19222138710156,27942,0.11428388,1.5216975,,,at_session_low_bin,True,ret_5m_bin,0.0,0.04967952349769802,bear_high_vol,True,True,"(True, 'Expectancy too high (11.428% > 10.000%)')",True,Expectancy too high (11.428% > 10.000%),0.86917909710168,False,True,True,False,,,,,,,
ret_5m_bin == 3.0 AND session_range_pct_bin == 0,double,SHORT,fwd_ret_180m,14.993284482040078,0.0,0.2036967,0.5325650163014634,1.1277635,0.84912497,1.5132052,2.0724836624879734,13189,0.2036967,1.5602462,,,ret_5m_bin,3.0,session_range_pct_bin,0,0.048755939908263664,bear_high_vol,False,False,"(True, 'Expectancy too high (20.370% > 10.000%)')",True,Expectancy too high (20.370% > 10.000%),2.088338843350545,False,True,True,False,,,,,,,
atr_14_bin == 2,single,SHORT,fwd_ret_180m,13.320052795582352,0.0,0.050423447,0.48626574150212964,0.91446507,0.76741934,1.1278973,0.6427267348975584,108233,0.050423447,1.245393,atr_14_bin,2,,,,,0.048182823128835615,bear_high_vol,False,False,"(False, 'PASS')",False,PASS,0.2042344704270363,True,True,True,False,,,,,,,
session_range_pct_bin == 1 AND price_vs_vwap_pct_bin == 3,double,SHORT,fwd_ret_180m,12.748301071374305,0.0,0.09495711,0.5067216494845361,0.8822458,0.7137875,1.269691,1.2995611100600066,24250,0.09495711,1.1599281,,,session_range_pct_bin,1,price_vs_vwap_pct_bin,3,0.047124469451930634,bear_high_vol,False,False,"(False, 'PASS')",False,PASS,0.6630144316289843,True,True,True,False,,,,,,,
ret_15m_bin == 4.0 AND session_range_pct_bin == 1,double,SHORT,fwd_ret_180m,13.71552136430306,0.0,0.13787091,0.5321758948920767,0.935701,0.76970506,1.3828828,1.7826139321931265,14918,0.13787091,1.227766,,,ret_15m_bin,4.0,session_range_pct_bin,1,0.04493157813024159,bear_high_vol,False,False,"(True, 'Expectancy too high (13.787% > 10.000%)')",True,Expectancy too high (13.787% > 10.000%),1.2843678337157995,False,True,True,False,,,,,,,
session_range_pct_bin == 1 AND price_vs_vwap_pct_bin == 4,double,SHORT,fwd_ret_180m,14.464607367784065,0.0,0.16175503,0.5343629974666994,0.96633023,0.76157206,1.4561411,2.075723195573054,12237,0.16175503,1.2370539,,,session_range_pct_bin,1,price_vs_vwap_pct_bin,4,0.043788920174972226,bear_high_vol,False,False,"(True, 'Expectancy too high (16.176% > 10.000%)')",True,Expectancy too high (16.176% > 10.000%),1.6741378465880288,False,True,True,False,,,,,,,
at_session_low_bin == True AND ret_15m_bin == 1.0,double,SHORT,fwd_ret_180m,13.11560242384981,0.0,0.14345683,0.5118971061093247,1.0605975,0.81839293,1.3591269,1.5919409758300147,17105,0.14345683,1.430522,,,at_session_low_bin,True,ret_15m_bin,1.0,0.04231917677088416,bear_high_vol,True,True,"(True, 'Expectancy too high (14.346% > 10.000%)')",True,Expectancy too high (14.346% > 10.000%),1.2043330158780567,False,True,True,False,,,,,,,
at_session_low_bin == True AND rel_strength_60m_bin == 1.0,double,SHORT,fwd_ret_180m,13.207304089255242,0.0,0.1572661,0.5114232322623425,1.1524386,0.88444185,1.3639427,1.627812388366492,16589,0.1572661,1.5336668,,,at_session_low_bin,True,rel_strength_60m_bin,1.0,0.042221673171897414,bear_high_vol,True,True,"(True, 'Expectancy too high (15.727% > 10.000%)')",True,Expectancy too high (15.727% > 10.000%),1.3594136115144038,False,True,True,False,,,,,,,
ret_60m_turned_positive_bin == True AND price_vs_vwap_pct_bin == 0,double,SHORT,fwd_ret_180m,13.359769268696446,0.0,0.14955921,0.5440887391182252,0.97983503,0.8412997,1.3899258,1.7769828927560807,14244,0.14955921,1.336073,,,ret_60m_turned_positive_bin,True,price_vs_vwap_pct_bin,0,0.04194916353851923,bear_high_vol,True,True,"(True, 'Expectancy too high (14.956% > 10.000%)')",True,Expectancy too high (14.956% > 10.000%),1.4222610717263833,False,True,True,False,,,,,,,
ret_15m_turned_positive_bin == True AND session_range_pct_bin == 0,double,SHORT,fwd_ret_180m,17.18531201543448,0.0,0.2991541,0.5587943684314892,1.2979532,0.96584195,1.7020173,2.7164280904442193,10086,0.2991541,1.7482238,,,ret_15m_turned_positive_bin,True,session_range_pct_bin,0,0.041824593994304264,bear_high_vol,True,True,"(True, 'Expectancy too high (29.915% > 10.000%)')",True,Expectancy too high (29.915% > 10.000%),3.417343810107854,False,True,True,False,,,,,,,
at_session_low_bin == True AND rel_strength_60m_bin == 0.0,double,SHORT,fwd_ret_180m,11.531042924436628,0.0,0.10589624,0.5089152518292249,1.0732951,0.89662725,1.2404984,1.0909348245579122,28154,0.10589624,1.5409268,,,at_session_low_bin,True,rel_strength_60m_bin,0.0,0.04172239402763775,bear_high_vol,True,True,"(True, 'Expectancy too high (10.590% > 10.000%)')",True,Expectancy too high (10.590% > 10.000%),0.7767929232875468,False,True,True,False,,,,,,,
ret_5m_bin == 4.0 AND session_range_pct_bin == 1,double,SHORT,fwd_ret_180m,12.355181007344205,0.0,0.10835308,0.5155397505845675,0.9457625,0.7827785,1.2857224,1.3689137297982987,20528,0.10835308,1.2565086,,,ret_5m_bin,4.0,session_range_pct_bin,1,0.041433368354737946,bear_high_vol,False,False,"(True, 'Expectancy too high (10.835% > 10.000%)')",True,Expectancy too high (10.835% > 10.000%),0.8146102848223942,False,True,True,False,,,,,,,
at_session_low_bin == True AND new_session_low_bin == True,double,SHORT,fwd_ret_180m,11.867564916162713,0.0,0.102870286,0.5123714321120244,1.008259,0.848459,1.2486393,1.2108028710494092,24209,0.102870286,1.3487043,,,at_session_low_bin,True,new_session_low_bin,True,0.04125846524770695,bear_high_vol,True,True,"(True, 'Expectancy too high (10.287% > 10.000%)')",True,Expectancy too high (10.287% > 10.000%),0.7534457193342172,False,True,True,False,,,,,,,
new_session_low_bin == True AND session_range_pct_bin == 0,double,SHORT,fwd_ret_180m,11.340655472964984,0.0,0.089242116,0.5086640188394081,0.9893285,0.8425878,1.2155639,1.067307758959477,28451,0.089242116,1.3273348,,,new_session_low_bin,True,session_range_pct_bin,0,0.04054829808623899,bear_high_vol,True,True,"(False, 'PASS')",False,PASS,0.6097491938468003,True,True,True,True,False,Net expectancy -12.881% < 1.000% after 2.0 bps cost,-0.10880721,-0.12880722,0.4449637765833139,-1.5648434,4279.0
ret_60m_bin == 0.0,single,SHORT,fwd_ret_180m,11.95461616055068,0.0,0.05166609,0.499214983653189,1.0133418,0.9069946,1.1137496,0.5767210413090147,108278,0.05166609,1.4221325,ret_60m_bin,0.0,,,,,0.03983596136359027,bear_high_vol,False,False,"(False, 'PASS')",False,PASS,0.21666088402271272,True,True,True,False,,,,,,,
ret_60m_bin == 0.0 AND atr_14_bin == 2,double,SHORT,fwd_ret_180m,12.126385620438908,0.0,0.11602308,0.5123800914067601,1.0283661,0.8426465,1.2823694,1.3642221431284962,19911,0.11602308,1.3500801,,,ret_60m_bin,0.0,atr_14_bin,2,0.039067717758944465,bear_high_vol,False,False,"(True, 'Expectancy too high (11.602% > 10.000%)')",True,Expectancy too high (11.602% > 10.000%),0.8849909684218118,False,True,True,False,,,,,,,
new_session_low_bin == True,single,SHORT,fwd_ret_180m,10.718938888232977,0.0,0.079388,0.5072463768115942,0.97258085,0.84007525,1.1917815,0.9624505544270728,31257,0.079388,1.3094132,new_session_low_bin,True,,,,,0.03786279948046241,bear_high_vol,True,True,"(False, 'PASS')",False,PASS,0.5083727543336758,True,True,True,True,False,Net expectancy -12.620% < 1.000% after 2.0 bps cost,-0.10619595,-0.12619595,0.444400396432111,-1.5452994,5045.0
ret_60m_bin == 0.0 AND rel_strength_60m_bin == 0.0,double,SHORT,fwd_ret_180m,10.62934158878501,0.0,0.0555937,0.4997604960967337,1.0131649,0.9010606,1.123337,0.6071235093370002,77243,0.0555937,1.4536129,,,ret_60m_bin,0.0,rel_strength_60m_bin,0.0,0.03732773133767161,bear_high_vol,False,False,"(False, 'PASS')",False,PASS,0.2559369921684265,True,True,True,False,,,,,,,
at_session_low_bin == True AND rvol_bin == 1,double,SHORT,fwd_ret_180m,13.956382720036105,0.0,0.18128124,0.5305965854594283,1.0476551,0.7980363,1.4839317,2.16977279023025,10426,0.18128124,1.3262911,,,at_session_low_bin,True,rvol_bin,1,0.03574384685520358,bear_high_vol,True,True,"(True, 'Expectancy too high (18.128% > 10.000%)')",True,Expectancy too high (18.128% > 10.000%),1.9088919539772495,False,True,True,False,,,,,,,
at_session_low_bin == True AND rvol_bin == 4,double,SHORT,fwd_ret_180m,12.34880775619453,0.0,0.16735148,0.525019299599972,1.2049419,0.9795477,1.3596897,1.6422267138920468,14249,0.16735148,1.6176953,,,at_session_low_bin,True,rvol_bin,4,0.03511834573307705,bear_high_vol,True,True,"(True, 'Expectancy too high (16.735% > 10.000%)')",True,Expectancy too high (16.735% > 10.000%),1.4946667991330278,False,True,True,False,,,,,,,
session_range_pct_bin == 1 AND atr_14_bin == 2,double,SHORT,fwd_ret_180m,11.211769848165419,0.0,0.094967246,0.5073552853304185,0.9214826,0.75622827,1.2549101,1.201124248507667,21957,0.094967246,1.2551227,,,session_range_pct_bin,1,atr_14_bin,2,0.034726703003511404,bear_high_vol,False,False,"(False, 'PASS')",False,PASS,0.6643830312168673,True,True,True,False,,,,,,,
ret_30m_bin == 0.0 AND price_vs_vwap_pct_bin == 0,double,SHORT,fwd_ret_180m,10.204873359302807,0.0,0.053195715,0.49960126077545286,1.0238662,0.9159277,1.1160645,0.5763643260193249,78999,0.053195715,1.4651424,,,ret_30m_bin,0.0,price_vs_vwap_pct_bin,0,0.03401061578096839,bear_high_vol,False,False,"(False, 'PASS')",False,PASS,0.23195714950561525,True,True,True,False,,,,,,,
at_session_low_bin == True AND rvol_bin == 3,double,SHORT,fwd_ret_180m,12.490627603767301,0.0,0.19897303,0.5216169814265647,1.2055067,0.8985264,1.4629004,1.7516291406476385,12814,0.19897303,1.8032349,,,at_session_low_bin,True,rvol_bin,3,0.03385159345479244,bear_high_vol,True,True,"(True, 'Expectancy too high (19.897% > 10.000%)')",True,Expectancy too high (19.897% > 10.000%),1.8587788316960832,False,True,True,False,,,,,,,
at_session_low_bin == True AND rvol_bin == 2,double,SHORT,fwd_ret_180m,12.666868177859405,0.0,0.16352001,0.5242392986075296,1.076737,0.842751,1.4078337,1.8642535958918673,11634,0.16352001,1.392407,,,at_session_low_bin,True,rvol_bin,2,0.03333873576295207,bear_high_vol,True,True,"(True, 'Expectancy too high (16.352% > 10.000%)')",True,Expectancy too high (16.352% > 10.000%),1.5658054784167605,False,True,True,False,,,,,,,
ret_15m_bin == 3.0 AND session_range_pct_bin == 1,double,SHORT,fwd_ret_180m,10.966261742866036,0.0,0.085386075,0.495752427184466,0.89412504,0.70972794,1.2385895,1.1460835287508744,23072,0.085386075,1.1826904,,,ret_15m_bin,3.0,session_range_pct_bin,1,0.03327677450617165,bear_high_vol,False,False,"(False, 'PASS')",False,PASS,0.5538607507944107,True,True,True,False,,,,,,,
session_range_pct_bin == 0 AND atr_14_bin == 4,double,SHORT,fwd_ret_180m,10.41086794875814,0.0,0.110405646,0.5207708034277263,1.0537353,0.91469556,1.2518673,1.0900016403285844,22989,0.110405646,1.6079198,,,session_range_pct_bin,0,atr_14_bin,4,0.03144829109461318,bear_high_vol,False,False,"(True, 'Expectancy too high (11.041% > 10.000%)')",True,Expectancy too high (11.041% > 10.000%),0.8455980695009833,False,True,True,False,,,,,,,
ret_30m_bin == 4.0 AND session_range_pct_bin == 1,double,SHORT,fwd_ret_180m,12.46067879931987,0.0,0.15969208,0.5288341195725426,1.0147953,0.8000713,1.4236243,1.9408720424458834,10387,0.15969208,1.306131,,,ret_30m_bin,4.0,session_range_pct_bin,1,0.030751369220245118,bear_high_vol,False,False,"(True, 'Expectancy too high (15.969% > 10.000%)')",True,Expectancy too high (15.969% > 10.000%),1.5750250486561432,False,True,True,False,,,,,,,
new_session_low_bin == True AND price_vs_vwap_pct_bin == 0,double,SHORT,fwd_ret_180m,10.304678304094004,0.0,0.08988572,0.5119799838853314,0.99516773,0.8598423,1.2142073,1.0652549902035566,23581,0.08988572,1.3394835,,,new_session_low_bin,True,price_vs_vwap_pct_bin,0,0.03067746501377561,bear_high_vol,True,True,"(False, 'PASS')",False,PASS,0.6228171589756875,True,True,True,True,False,Net expectancy -11.902% < 1.000% after 2.0 bps cost,-0.09901966,-0.11901966,0.44490472245236123,-1.3916754,3621.0
ret_30m_bin == 0.0,single,SHORT,fwd_ret_180m,10.4890975604231,0.0,0.046181336,0.4961772147223402,1.0149887,0.90792423,1.1009575,0.5059739675702442,108298,0.046181336,1.4489006,ret_30m_bin,0.0,,,,,0.03047820403941084,bear_high_vol,False,False,"(False, 'PASS')",False,PASS,0.161813360452652,True,True,True,False,,,,,,,
ret_30m_turned_positive_bin == True AND atr_14_bin == 2,double,SHORT,fwd_ret_180m,9.098286280166008,0.0,0.05194567,0.49334367952666164,0.84232813,0.7176692,1.1428603,0.7112230487017146,41239,0.05194567,1.1594281,,,ret_30m_turned_positive_bin,True,atr_14_bin,2,0.030474694996627666,bear_high_vol,True,True,"(False, 'PASS')",False,PASS,0.21945671439170839,True,True,True,True,False,Net expectancy -8.007% < 1.000% after 2.0 bps cost,-0.06006721,-0.08006721,0.4603299293008641,-1.1255518,6365.0
price_down_vol_weak_bin == True AND ret_60m_bin == 0.0,double,SHORT,fwd_ret_180m,8.971284565409384,0.0,0.05191877,0.49864092229824725,0.90672857,0.7982565,1.129728,0.6893869516954969,42676,0.05191877,1.1955332,,,price_down_vol_weak_bin,True,ret_60m_bin,0.0,0.030465307669343623,bear_high_vol,True,True,"(False, 'PASS')",False,PASS,0.21918771117925645,True,True,True,True,False,Net expectancy -15.487% < 1.000% after 2.0 bps cost,-0.13486792,-0.15486792,0.4416044540048083,-2.2572224,7903.0
ret_15m_turned_positive_bin == True AND atr_14_bin == 2,double,SHORT,fwd_ret_180m,9.226008883170877,0.0,0.053713944,0.4914746543778802,0.8398092,0.7060237,1.1496081,0.7410508810417167,39060,0.053713944,1.1506395,,,ret_15m_turned_positive_bin,True,atr_14_bin,2,0.030381661063036473,bear_high_vol,True,True,"(False, 'PASS')",False,PASS,0.2371394380927086,True,True,True,True,False,Net expectancy -9.251% < 1.000% after 2.0 bps cost,-0.07250565,-0.09250565,0.4613372568252411,-1.288746,6117.0
ret_5m_turned_negative_bin == True AND session_range_pct_bin == 0,double,SHORT,fwd_ret_180m,12.472751666571781,0.0,0.1788774,0.5254254056193114,1.1047797,0.8462356,1.4454098,1.9693818259833977,10108,0.1788774,1.441869,,,ret_5m_turned_negative_bin,True,session_range_pct_bin,0,0.03019845720170644,bear_high_vol,True,True,"(True, 'Expectancy too high (17.888% > 10.000%)')",True,Expectancy too high (17.888% > 10.000%),1.7743157079472862,False,True,True,False,,,,,,,
ret_15m_bin == 0.0 AND price_vs_vwap_pct_bin == 0,double,SHORT,fwd_ret_180m,9.665897446111492,0.0,0.050026752,0.49629306585259486,1.0386256,0.9240213,1.1074836,0.5340589098210988,82548,0.050026752,1.4870083,,,ret_15m_bin,0.0,price_vs_vwap_pct_bin,0,0.02965212435269792,bear_high_vol,False,False,"(False, 'PASS')",False,PASS,0.20026752054691316,True,True,True,False,,,,,,,
rvol_bin == 4 AND atr_14_bin == 2,double,SHORT,fwd_ret_180m,10.529532251628057,0.0,0.10695991,0.4986684086226823,1.0577822,0.8388115,1.2543498,1.1848732413728307,19901,0.10695991,1.4330106,,,rvol_bin,4,atr_14_bin,2,0.028660514318187356,bear_high_vol,False,False,"(True, 'Expectancy too high (10.696% > 10.000%)')",True,Expectancy too high (10.696% > 10.000%),0.7695990920066833,False,True,True,False,,,,,,,
price_vs_vwap_pct_bin == 0,single,SHORT,fwd_ret_180m,10.03300025893922,0.0,0.044112552,0.49572996777856765,1.0117304,0.9071182,1.0964351,0.48393919930810597,108313,0.044112552,1.4470104,price_vs_vwap_pct_bin,0,,,,,0.02785820026990397,bear_high_vol,False,False,"(False, 'PASS')",False,PASS,0.14112551957368852,True,True,True,False,,,,,,,
ret_5m_turned_positive_bin == True AND atr_14_bin == 2,double,SHORT,fwd_ret_180m,8.664935123907371,0.0,0.049943212,0.48702709153836976,0.8646044,0.723513,1.1345662,0.6720235156292358,41895,0.049943212,1.1797562,,,ret_5m_turned_positive_bin,True,atr_14_bin,2,0.02750308137034149,bear_high_vol,True,True,"(False, 'PASS')",False,PASS,0.19943212419748307,True,True,True,True,False,Net expectancy -10.960% < 1.000% after 2.0 bps cost,-0.08959754,-0.109597534,0.45453137103020913,-1.5508003,6455.0
vwap_cross_up_bin == True AND atr_14_bin == 2,double,SHORT,fwd_ret_180m,8.635529477204846,0.0,0.05004572,0.49035292933866625,0.83860815,0.70866346,1.1385661,0.6875499744004647,39753,0.05004572,1.1554813,,,vwap_cross_up_bin,True,atr_14_bin,2,0.0267909539068849,bear_high_vol,True,True,"(False, 'PASS')",False,PASS,0.20045721232891084,True,True,True,True,False,Net expectancy -7.382% < 1.000% after 2.0 bps cost,-0.053815383,-0.07381538,0.4671544456815651,-1.0126215,6287.0
session_range_pct_bin == 1 AND rvol_bin == 3,double,SHORT,fwd_ret_180m,9.987606795336,0.0,0.09505865,0.5011771353234767,0.99667233,0.8108103,1.2350315,1.0879398827258415,21238,0.09505865,1.3870337,,,session_range_pct_bin,1,rvol_bin,3,0.02677240912253753,bear_high_vol,False,False,"(False, 'PASS')",False,PASS,0.6529407684306143,True,True,True,False,,,,,,,
ret_30m_bin == 0.0 AND ret_60m_bin == 0.0,double,SHORT,fwd_ret_180m,8.60194450781247,0.0,0.048403144,0.502825361512792,1.0261555,0.94046205,1.1035198,0.5258797097213468,67425,0.048403144,1.4611251,,,ret_30m_bin,0.0,ret_60m_bin,0.0,0.026326097361886756,bear_high_vol,False,False,"(False, 'PASS')",False,PASS,0.18968216185309866,True,True,True,False,,,,,,,
ret_15m_bin == 0.0 AND ret_30m_bin == 0.0,double,SHORT,fwd_ret_180m,8.556832056630338,0.0,0.04994897,0.4986865214584866,1.0463016,0.9411827,1.1058627,0.5262846809255569,66617,0.04994897,1.5066282,,,ret_15m_bin,0.0,ret_30m_bin,0.0,0.02599247439231521,bear_high_vol,False,False,"(False, 'PASS')",False,PASS,0.1994897171854973,True,True,True,False,,,,,,,
price_down_vol_strong_bin == True AND at_session_low_bin == True,double,SHORT,fwd_ret_180m,10.967216668710343,0.0,0.15924731,0.5220135836995605,1.2055093,0.98338556,1.3387916,1.5562567915109047,12515,0.15924731,1.624393,,,price_down_vol_strong_bin,True,at_session_low_bin,True,0.025811104823900918,bear_high_vol,True,True,"(True, 'Expectancy too high (15.925% > 10.000%)')",True,Expectancy too high (15.925% > 10.000%),1.3646286528495501,False,True,True,False,,,,,,,
ret_60m_turned_positive_bin == True AND ret_15m_bin == 0.0,double,SHORT,fwd_ret_180m,10.056606496685026,0.0,0.09827039,0.5094735708903003,0.9894719,0.82735485,1.242141,1.171257149099967,18578,0.09827039,1.3318971,,,ret_60m_turned_positive_bin,True,ret_15m_bin,0.0,0.0258071819196502,bear_high_vol,True,True,"(False, 'PASS')",False,PASS,0.701651006355033,True,True,True,True,False,Net expectancy -2.598% < 1.000% after 2.0 bps cost,-0.005977722,-0.025977721,0.5222987129601916,-0.09188538,3341.0
ret_5m_bin == 3.0 AND session_range_pct_bin == 1,double,SHORT,fwd_ret_180m,9.816716623150592,0.0,0.07833431,0.4972288202692003,0.8820378,0.7165094,1.2174503,1.0635071325937968,21471,0.07833431,1.1692622,,,ret_5m_bin,3.0,session_range_pct_bin,1,0.025800699449386903,bear_high_vol,False,False,"(False, 'PASS')",False,PASS,0.4833430916070938,True,True,True,False,,,,,,,
ret_5m_turned_positive_bin == True AND ret_60m_bin == 0.0,double,SHORT,fwd_ret_180m,8.918539472746424,0.0,0.06925165,0.5096838215165618,0.965947,0.8628635,1.163686,0.8281789453713476,29224,0.06925165,1.3274134,,,ret_5m_turned_positive_bin,True,ret_60m_bin,0.0,0.025466818015584463,bear_high_vol,True,True,"(False, 'PASS')",False,PASS,0.41188413385019357,True,True,True,True,False,Net expectancy -9.039% < 1.000% after 2.0 bps cost,-0.07038741,-0.090387404,0.488519885198852,-1.0001743,4878.0
session_range_pct_bin == 0 AND rvol_bin == 0,double,SHORT,fwd_ret_180m,10.13390808459816,0.0,0.09042408,0.4958087718349467,0.92671424,0.73196226,1.2450193,1.1830334846317416,18491,0.09042408,1.2133535,,,session_range_pct_bin,0,rvol_bin,0,0.025442797172262752,bear_high_vol,False,False,"(False, 'PASS')",False,PASS,0.6042408317327499,True,True,True,False,,,,,,,
rel_strength_60m_bin == 3.0 AND session_range_pct_bin == 1,double,SHORT,fwd_ret_180m,9.6540889191765,0.0,0.078800954,0.5146932375701786,0.8698365,0.7601337,1.2136117,1.0899265361478971,19771,0.078800954,1.1477162,,,rel_strength_60m_bin,3.0,session_range_pct_bin,1,0.02478573901569411,bear_high_vol,False,False,"(False, 'PASS')",False,PASS,0.5173960143869163,True,True,True,False,,,,,,,
ret_15m_bin == 0.0 AND ret_60m_bin == 0.0,double,SHORT,fwd_ret_180m,7.833900129610076,4.884981308350689e-15,0.05215938,0.5002063247927374,1.0627996,0.95931524,1.1087879,0.5385892294824492,53314,0.05215938,1.537358,,,ret_15m_bin,0.0,ret_60m_bin,0.0,0.02442705618148201,bear_high_vol,False,False,"(False, 'PASS')",False,PASS,0.22200645126270185,True,True,True,False,,,,,,,
new_session_low_bin == True AND ret_15m_bin == 0.0,double,SHORT,fwd_ret_180m,9.35075996012524,0.0,0.08498851,0.5105477508808859,1.002629,0.8722025,1.1990823,1.0041339069428972,21853,0.08498851,1.3435965,,,new_session_low_bin,True,ret_15m_bin,0.0,0.02424946866291014,bear_high_vol,True,True,"(False, 'PASS')",False,PASS,0.5709806227496639,True,True,True,True,False,Net expectancy -11.375% < 1.000% after 2.0 bps cost,-0.09375257,-0.113752574,0.4484057971014493,-1.2970043,3450.0
session_range_pct_bin == 0 AND atr_14_bin == 1,double,SHORT,fwd_ret_180m,9.41601110922517,0.0,0.09419683,0.5047566269511407,1.0337448,0.86339915,1.2202957,1.0157764742410382,21654,0.09419683,1.4721037,,,session_range_pct_bin,0,atr_14_bin,1,0.02419922889948127,bear_high_vol,False,False,"(False, 'PASS')",False,PASS,0.6514815906036744,True,True,True,False,,,,,,,
session_range_pct_bin == 1 AND rvol_bin == 4,double,SHORT,fwd_ret_180m,9.497733940156792,0.0,0.09735347,0.5072270731586996,1.0693552,0.9031593,1.2187461,1.0589676466741738,20271,0.09735347,1.4593822,,,session_range_pct_bin,1,rvol_bin,4,0.023938478520367595,bear_high_vol,False,False,"(False, 'PASS')",False,PASS,0.6879888793744213,True,True,True,False,,,,,,,
session_range_pct_bin == 1 AND atr_14_bin == 3,double,SHORT,fwd_ret_180m,8.995954009916137,0.0,0.07862888,0.5046541934282789,0.9620711,0.8214149,1.1932461,0.9742484158815012,21486,0.07862888,1.2811874,,,session_range_pct_bin,1,atr_14_bin,3,0.021997972043844884,bear_high_vol,False,False,"(False, 'PASS')",False,PASS,0.49559721451425737,True,True,True,False,,,,,,,
ret_60m_bin == 3.0 AND session_range_pct_bin == 1,double,SHORT,fwd_ret_180m,9.295135585476817,0.0,0.08074123,0.5041335710812125,0.8951178,0.7472128,1.2179146,1.0846459434626252,18507,0.08074123,1.1817011,,,ret_60m_bin,3.0,session_range_pct_bin,1,0.021774170654102115,bear_high_vol,False,False,"(False, 'PASS')",False,PASS,0.5156794088936871,True,True,True,False,,,,,,,
ret_15m_bin == 0.0,single,SHORT,fwd_ret_180m,8.879402821885787,0.0,0.039569397,0.49096969585049216,1.0273069,0.9131227,1.0851308,0.428317486619689,108302,0.039569397,1.46654,ret_15m_bin,0.0,,,,,0.02161177853397348,bear_high_vol,False,False,"(False, 'PASS')",False,PASS,0.09569396525621415,True,True,True,False,,,,,,,
ret_60m_bin == 0.0 AND price_vs_vwap_pct_bin == 0,double,SHORT,fwd_ret_180m,7.487222743800737,7.127631818093505e-14,0.045567416,0.4995644161501089,1.0352811,0.94242334,1.0966185,0.4864858815420584,59690,0.045567416,1.4869092,,,ret_60m_bin,0.0,price_vs_vwap_pct_bin,0,0.021060503420489884,bear_high_vol,False,False,"(False, 'PASS')",False,PASS,0.15567415654659272,True,True,True,False,,,,,,,
ret_60m_bin == 4.0 AND session_range_pct_bin == 2,double,SHORT,fwd_ret_180m,9.263117468332966,0.0,0.09095717,0.512710603083884,0.91821265,0.77945507,1.2394743,1.134596846980522,16797,0.09095717,1.2726109,,,ret_60m_bin,4.0,session_range_pct_bin,2,0.02095168799823798,bear_high_vol,False,False,"(False, 'PASS')",False,PASS,0.634992928317617,True,True,True,False,,,,,,,
price_up_vol_weak_bin == True AND atr_14_bin == 4,double,SHORT,fwd_ret_180m,9.383188457377795,0.0,0.08093041,0.5153851179199059,0.8423356,0.7288196,1.2291368,1.2039422519864962,15307,0.08093041,1.067103,,,price_up_vol_weak_bin,True,atr_14_bin,4,0.0206297661217199,bear_high_vol,True,True,"(False, 'PASS')",False,PASS,0.5400743539962449,True,True,True,True,True,PASS,0.06757025,0.047570247,0.5645269514649967,1.1672213,4471.0
ret_5m_turned_positive_bin == True AND ret_30m_bin == 0.0,double,SHORT,fwd_ret_180m,8.398169371634495,0.0,0.07295099,0.5064718332790622,0.9808213,0.85872984,1.1721324,0.8505502927235504,24568,0.07295099,1.3615433,,,ret_5m_turned_positive_bin,True,ret_30m_bin,0.0,0.020574343284381933,bear_high_vol,True,True,"(False, 'PASS')",False,PASS,0.4424535566376227,True,True,True,True,False,Net expectancy -6.325% < 1.000% after 2.0 bps cost,-0.043253135,-0.063253134,0.48804691023906177,-0.6154742,4434.0
atr_14_bin == 2 AND price_vs_vwap_pct_bin == 0,double,SHORT,fwd_ret_180m,8.926896388245222,0.0,0.08572235,0.5033133315940517,0.9975789,0.83830005,1.205879,1.0236379304330478,19165,0.08572235,1.3293765,,,atr_14_bin,2,price_vs_vwap_pct_bin,0,0.020403767914615952,bear_high_vol,False,False,"(False, 'PASS')",False,PASS,0.5638501590291296,True,True,True,False,,,,,,,
at_session_low_bin == True AND atr_14_bin == 1,double,SHORT,fwd_ret_180m,9.682263302681,0.0,0.13171831,0.5127771196479946,1.0756202,0.86169004,1.3137382,1.413855953247302,11818,0.13171831,1.4789083,,,at_session_low_bin,True,atr_14_bin,1,0.019203081760440895,bear_high_vol,True,True,"(True, 'Expectancy too high (13.172% > 10.000%)')",True,Expectancy too high (13.172% > 10.000%),1.0427373166313467,False,True,False,False,,,,,,,
session_range_pct_bin == 1 AND atr_14_bin == 1,double,SHORT,fwd_ret_180m,8.381014307654167,0.0,0.07172807,0.49228797656643325,0.89613676,0.72763544,1.1941592,0.9000799031837964,21849,0.07172807,1.265052,,,session_range_pct_bin,1,atr_14_bin,1,0.018782123581341428,bear_high_vol,False,False,"(False, 'PASS')",False,PASS,0.41728073060512544,True,True,False,False,,,,,,,
price_up_vol_weak_bin == True AND ret_60m_bin == 4.0,double,SHORT,fwd_ret_180m,6.911418275164153,4.860556401808935e-12,0.032746315,0.49722282490778913,0.74418837,0.6708362,1.097089,0.5110508327732578,46090,0.032746315,1.0171819,,,price_up_vol_weak_bin,True,ret_60m_bin,4.0,0.018737226008201636,bear_high_vol,True,True,"(False, 'PASS')",False,PASS,0.027463150024414074,True,True,False,False,,,,,,,
new_session_low_bin == True AND ret_30m_bin == 0.0,double,SHORT,fwd_ret_180m,8.313165783931273,2.220446049250313e-16,0.07686219,0.5089665726172827,0.99770993,0.87761605,1.1783599,0.9125975820298203,20911,0.07686219,1.3370072,,,new_session_low_bin,True,ret_30m_bin,0.0,0.018690721679412457,bear_high_vol,True,True,"(False, 'PASS')",False,PASS,0.4865550816750333,True,True,False,False,,,,,,,
ret_60m_turned_positive_bin == True AND ret_60m_bin == 4.0,double,SHORT,fwd_ret_180m,8.195578247681587,2.220446049250313e-16,0.02906369,0.4969979678551635,0.8270184,0.7593663,1.0760903,0.39540837220840097,108260,0.02906369,1.1668235,,,ret_60m_turned_positive_bin,True,ret_60m_bin,4.0,0.018640876631706445,bear_high_vol,True,True,"(False, 'PASS')",False,PASS,0.0,True,True,False,False,,,,,,,
ret_60m_bin == 4.0,single,SHORT,fwd_ret_180m,8.195578247681587,2.220446049250313e-16,0.02906369,0.4969979678551635,0.8270184,0.7593663,1.0760903,0.39540837220840097,108260,0.02906369,1.1668235,ret_60m_bin,4.0,,,,,0.018640876631706445,bear_high_vol,False,False,"(False, 'PASS')",False,PASS,0.0,True,True,False,False,,,,,,,
rvol_bin == 3 AND atr_14_bin == 2,double,SHORT,fwd_ret_180m,8.259821091436885,2.220446049250313e-16,0.07345755,0.4884327863051267,0.9934396,0.80492055,1.1783941,0.8720661620617193,22607,0.07345755,1.3371719,,,rvol_bin,3,atr_14_bin,2,0.018411283774046744,bear_high_vol,False,False,"(False, 'PASS')",False,PASS,0.43457546532154084,True,True,False,False,,,,,,,
new_session_low_bin == True AND ret_5m_bin == 0.0,double,SHORT,fwd_ret_180m,8.160074069595987,2.220446049250313e-16,0.074679725,0.5074681572436543,0.9959269,0.8745049,1.1733828,0.8768136333384113,21826,0.074679725,1.3520591,,,new_session_low_bin,True,ret_5m_bin,0.0,0.018344276806641645,bear_high_vol,True,True,"(False, 'PASS')",False,PASS,0.46173356320843145,True,True,False,False,,,,,,,
session_range_pct_bin == 0 AND atr_14_bin == 0,double,SHORT,fwd_ret_180m,8.572168838173267,0.0,0.09181858,0.49735906004096153,1.0030226,0.8098102,1.2255743,0.9990154683233299,18554,0.09181858,1.4590112,,,session_range_pct_bin,0,atr_14_bin,0,0.018293077238535033,bear_high_vol,False,False,"(False, 'PASS')",False,PASS,0.6181857854127883,True,True,False,False,,,,,,,
ret_30m_bin == 0.0 AND atr_14_bin == 2,double,SHORT,fwd_ret_180m,8.341732838017993,0.0,0.07979102,0.5056048693887902,0.9966263,0.85783225,1.1881384,0.9431008788988072,19715,0.07979102,1.3430622,,,ret_30m_bin,0.0,atr_14_bin,2,0.018152594595477717,bear_high_vol,False,False,"(False, 'PASS')",False,PASS,0.5091199075445558,True,True,False,False,,,,,,,
ret_5m_bin == 2.0 AND session_range_pct_bin == 1,double,SHORT,fwd_ret_180m,8.114535620866,4.440892098500626e-16,0.06345037,0.4895721810629095,0.8848873,0.7244234,1.171596,0.8429682004288378,23351,0.06345037,1.1948771,,,ret_5m_bin,2.0,session_range_pct_bin,1,0.018101448619798954,bear_high_vol,False,False,"(False, 'PASS')",False,PASS,0.33450373709201814,True,True,False,False,,,,,,,
session_range_pct_bin == 1 AND price_vs_vwap_pct_bin == 0,double,SHORT,fwd_ret_180m,8.026443453540052,1.1102230246251565e-15,0.07120638,0.49912134070549913,0.9982564,0.85259104,1.1667423,0.8341742105161521,23331,0.07120638,1.3550723,,,session_range_pct_bin,1,price_vs_vwap_pct_bin,0,0.018048273163603683,bear_high_vol,False,False,"(False, 'PASS')",False,PASS,0.4120638340711594,True,True,False,False,,,,,,,
atr_14_bin == 2 AND price_vs_vwap_pct_bin == 4,double,SHORT,fwd_ret_180m,8.235812519612274,2.220446049250313e-16,0.06239316,0.5036535992890293,0.78669906,0.67257595,1.1869006,0.918652634833424,20254,0.06239316,1.0781667,,,atr_14_bin,2,price_vs_vwap_pct_bin,4,0.017865565911217008,bear_high_vol,False,False,"(False, 'PASS')",False,PASS,0.33123878532045975,True,True,False,False,,,,,,,
rel_strength_60m_bin == 0.0 AND atr_14_bin == 3,double,SHORT,fwd_ret_180m,7.9069310569229625,2.886579864025407e-15,0.06629829,0.49332240884883244,0.9807116,0.8240126,1.158795,0.8033861091320548,24410,0.06629829,1.310021,,,rel_strength_60m_bin,0.0,atr_14_bin,3,0.017707088033378424,bear_high_vol,False,False,"(False, 'PASS')",False,PASS,0.36298291087150575,True,True,False,False,,,,,,,
rel_strength_60m_bin == 0.0,single,SHORT,fwd_ret_180m,8.025816571750228,8.881784197001252e-16,0.033176348,0.48966587244417353,0.94872606,0.84529406,1.076907,0.38717860984527275,108282,0.033176348,1.3602461,rel_strength_60m_bin,0.0,,,,,0.017611107990466723,bear_high_vol,False,False,"(False, 'PASS')",False,PASS,0.03176347613334657,True,True,False,False,,,,,,,
rel_underperform_extreme_bin == True AND session_range_pct_bin == 0,double,SHORT,fwd_ret_180m,8.47755038343239,0.0,0.11235864,0.5106862327224015,1.0662533,0.88320065,1.2599918,1.0501332660879372,16423,0.11235864,1.6984874,,,rel_underperform_extreme_bin,True,session_range_pct_bin,0,0.01728373870368501,bear_high_vol,True,True,"(True, 'Expectancy too high (11.236% > 10.000%)')",True,Expectancy too high (11.236% > 10.000%),0.8449588369858263,False,True,False,False,,,,,,,
ret_30m_bin == 0.0 AND rel_strength_60m_bin == 0.0,double,SHORT,fwd_ret_180m,6.781989071134019,1.1963763313360687e-11,0.040623773,0.4968101402191661,1.0093268,0.9157976,1.0881553,0.4417113414822984,59407,0.040623773,1.4599634,,,ret_30m_bin,0.0,rel_strength_60m_bin,0.0,0.017225520154648385,bear_high_vol,False,False,"(False, 'PASS')",False,PASS,0.10623772889375688,True,True,False,False,,,,,,,
ret_60m_bin == 2.0 AND session_range_pct_bin == 1,double,SHORT,fwd_ret_180m,7.732086845246011,1.1102230246251565e-14,0.056548584,0.48532941085391346,0.8626281,0.7035767,1.1561639,0.7636619704006175,25834,0.056548584,1.1754951,,,ret_60m_bin,2.0,session_range_pct_bin,1,0.01713730024769367,bear_high_vol,False,False,"(False, 'PASS')",False,PASS,0.265485842525959,True,True,False,False,,,,,,,
rel_strength_60m_bin == 0.0 AND session_range_pct_bin == 1,double,SHORT,fwd_ret_180m,7.251125077989103,4.2366110619695974e-13,0.05233535,0.4923525377229081,0.9082982,0.7778383,1.1325389,0.6740807196714173,29160,0.05233535,1.2324903,,,rel_strength_60m_bin,0.0,session_range_pct_bin,1,0.01624415988960727,bear_high_vol,False,False,"(False, 'PASS')",False,PASS,0.22335351705551149,True,True,False,False,,,,,,,
new_session_low_bin == True AND ret_60m_bin == 0.0,double,SHORT,fwd_ret_180m,7.90229018675489,2.886579864025407e-15,0.07770062,0.5069052914705426,1.0223866,0.89344394,1.1763709,0.9022016258567888,19333,0.07770062,1.3671657,,,new_session_low_bin,True,ret_60m_bin,0.0,0.016173309892112873,bear_high_vol,True,True,"(False, 'PASS')",False,PASS,0.49081680673888345,True,True,False,False,,,,,,,
ret_15m_bin == 0.0 AND atr_14_bin == 2,double,SHORT,fwd_ret_180m,7.8550066511637695,4.218847493575595e-15,0.07547523,0.49730201963101905,1.0128345,0.85182256,1.1762576,0.8938951034727691,19459,0.07547523,1.3403498,,,ret_15m_bin,0.0,atr_14_bin,2,0.015728601514266846,bear_high_vol,False,False,"(False, 'PASS')",False,PASS,0.4547523081302643,True,True,False,False,,,,,,,
rel_strength_60m_bin == 0.0 AND price_vs_vwap_pct_bin == 0,double,SHORT,fwd_ret_180m,6.299346602841324,3.0117397464834994e-10,0.039753817,0.49540124587761086,1.0123608,0.91512495,1.08609,0.42803472233625867,54580,0.039753817,1.4743483,,,rel_strength_60m_bin,0.0,price_vs_vwap_pct_bin,0,0.015460297877215135,bear_high_vol,False,False,"(False, 'PASS')",False,PASS,0.09753817021846772,True,True,False,False,,,,,,,
ret_30m_bin == 4.0 AND atr_14_bin == 2,double,SHORT,fwd_ret_180m,7.642012800133374,2.220446049250313e-14,0.059340447,0.5059061928532596,0.80198705,0.7010608,1.1713111,0.8528603080826125,20233,0.059340447,1.104519,,,ret_30m_bin,4.0,atr_14_bin,2,0.01544301858500651,bear_high_vol,False,False,"(False, 'PASS')",False,PASS,0.3052168575807562,True,True,False,False,,,,,,,
at_session_low_bin == True AND atr_14_bin == 3,double,SHORT,fwd_ret_180m,8.72120231325877,0.0,0.11291127,0.5009089406709635,1.1185949,0.8964354,1.2523706,1.258485036939047,12102,0.11291127,1.4242607,,,at_session_low_bin,True,atr_14_bin,3,0.015401272419971797,bear_high_vol,True,True,"(True, 'Expectancy too high (11.291% > 10.000%)')",True,Expectancy too high (11.291% > 10.000%),0.8309305720291065,False,True,False,False,,,,,,,
ret_5m_bin == 1.0 AND ret_60m_bin == 0.0,double,SHORT,fwd_ret_180m,7.449023473113122,9.747758156208874e-14,0.06654614,0.5012325390304027,1.0017602,0.87329006,1.15278,0.7989472155048325,21906,0.06654614,1.3222241,,,ret_5m_bin,1.0,ret_60m_bin,0.0,0.015126415428604408,bear_high_vol,False,False,"(False, 'PASS')",False,PASS,0.36792649907368374,True,True,False,False,,,,,,,
rel_strength_60m_bin == 2.0 AND session_range_pct_bin == 1,double,SHORT,fwd_ret_180m,7.289890157501555,3.197442310920451e-13,0.057455104,0.4898312062577192,0.9096419,0.76075983,1.1480359,0.7425189016569784,24290,0.057455104,1.2283479,,,rel_strength_60m_bin,2.0,session_range_pct_bin,1,0.014907977062411145,bear_high_vol,False,False,"(False, 'PASS')",False,PASS,0.2745510384440422,True,True,False,False,,,,,,,
ret_15m_turned_positive_bin == True AND rel_strength_60m_bin == 1.0,double,SHORT,fwd_ret_180m,7.0519093904209535,1.8098855747439302e-12,0.054315858,0.49439219235764037,0.8632128,0.7366378,1.1458341,0.7022570879564,25411,0.054315858,1.227809,,,ret_15m_turned_positive_bin,True,rel_strength_60m_bin,1.0,0.014401657146842533,bear_high_vol,True,True,"(False, 'PASS')",False,PASS,0.24315857589244844,True,True,False,False,,,,,,,
rvol_bin == 3 AND price_vs_vwap_pct_bin == 0,double,SHORT,fwd_ret_180m,7.169468779084139,7.756018050031344e-13,0.08318082,0.5010415762520615,1.1061558,0.94406503,1.1765863,0.7497684657564117,23042,0.08318082,1.7611499,,,rvol_bin,3,price_vs_vwap_pct_bin,0,0.014365618831088634,bear_high_vol,False,False,"(False, 'PASS')",False,PASS,0.5338913768245346,True,True,False,False,,,,,,,
ret_30m_bin == 1.0 AND ret_60m_bin == 0.0,double,SHORT,fwd_ret_180m,7.306647069910754,2.8332891588433995e-13,0.06951075,0.49275231020112337,1.0320904,0.8655618,1.1583192,0.7806533155181504,22076,0.06951075,1.4134942,,,ret_30m_bin,1.0,ret_60m_bin,0.0,0.01436288378637509,bear_high_vol,False,False,"(False, 'PASS')",False,PASS,0.39510750472545625,True,True,False,False,,,,,,,
ret_30m_bin == 0.0 AND rvol_bin == 3,double,SHORT,fwd_ret_180m,7.097985581403777,1.3025136524902337e-12,0.081962414,0.5006283312388958,1.1046379,0.9432866,1.1739992,0.7417297755254101,23077,0.081962414,1.7541604,,,ret_30m_bin,0.0,rvol_bin,3,0.014079649796780747,bear_high_vol,False,False,"(False, 'PASS')",False,PASS,0.5208808033364418,True,True,False,False,,,,,,,
price_up_vol_weak_bin == True AND is_first_hour_bin == True,double,SHORT,fwd_ret_180m,6.10593459928831,1.0309537668007351e-09,0.02584786,0.4951153259626382,0.67650336,0.61221766,1.0836232,0.47314394909727847,41968,0.02584786,0.8672246,,,price_up_vol_weak_bin,True,is_first_hour_bin,True,0.01389588895507759,bear_high_vol,True,True,"(False, 'PASS')",False,PASS,0.0,True,True,False,False,,,,,,,
rel_strength_60m_bin == 1.0 AND atr_14_bin == 2,double,SHORT,fwd_ret_180m,7.214794341451123,5.566658245470535e-13,0.06334088,0.47147262914417887,1.0346699,0.8031328,1.1492207,0.7495799956588916,23346,0.06334088,1.341425,,,rel_strength_60m_bin,1.0,atr_14_bin,2,0.013779300250270837,bear_high_vol,False,False,"(False, 'PASS')",False,PASS,0.3334087997674942,True,True,False,False,,,,,,,
ret_5m_bin == 0.0 AND price_vs_vwap_pct_bin == 0,double,SHORT,fwd_ret_180m,6.004414117857542,1.93143989690725e-09,0.038282584,0.49235390960471154,1.0641179,0.9566507,1.0788293,0.3926840124068304,58919,0.038282584,1.5475985,,,ret_5m_bin,0.0,price_vs_vwap_pct_bin,0,0.0134362323595456,bear_high_vol,False,False,"(False, 'PASS')",False,PASS,0.0828258439898491,True,True,False,False,,,,,,,
ret_60m_bin == 4.0 AND atr_14_bin == 2,double,SHORT,fwd_ret_180m,7.0540906814253015,1.7925660955597778e-12,0.054291826,0.5044658109229343,0.7883031,0.6929494,1.15811,0.782313709282842,20489,0.054291826,1.1016757,,,ret_60m_bin,4.0,atr_14_bin,2,0.013203550566317666,bear_high_vol,False,False,"(False, 'PASS')",False,PASS,0.25184987926116326,True,True,False,False,,,,,,,
session_range_pct_bin == 1 AND rvol_bin == 2,double,SHORT,fwd_ret_180m,6.944944631904473,3.891331701311174e-12,0.05729757,0.4986162152352434,0.9066787,0.7873952,1.1451352,0.7425973766552242,22041,0.05729757,1.2248504,,,session_range_pct_bin,1,rvol_bin,2,0.013120069753403192,bear_high_vol,False,False,"(False, 'PASS')",False,PASS,0.27297568768262864,True,True,False,False,,,,,,,
price_up_vol_weak_bin == True AND ret_30m_bin == 4.0,double,SHORT,fwd_ret_180m,6.0956135754727265,1.1011065392807495e-09,0.03345565,0.4992591373065525,0.7537188,0.6846762,1.0975823,0.5068794164761528,36444,0.03345565,1.0477679,,,price_up_vol_weak_bin,True,ret_30m_bin,4.0,0.013013388528882895,bear_high_vol,True,True,"(False, 'PASS')",False,PASS,0.03455651253461839,True,True,False,False,,,,,,,
ret_5m_turned_positive_bin == True AND rel_strength_60m_bin == 0.0,double,SHORT,fwd_ret_180m,6.339015113831845,2.344413552179958e-10,0.04419562,0.4973347201456153,0.87876934,0.78152776,1.1125009,0.5737022080682845,30766,0.04419562,1.2229056,,,ret_5m_turned_positive_bin,True,rel_strength_60m_bin,0.0,0.012880845674550048,bear_high_vol,True,True,"(False, 'PASS')",False,PASS,0.14195618480443956,True,True,False,False,,,,,,,
vwap_cross_up_bin == True AND rel_strength_60m_bin == 0.0,double,SHORT,fwd_ret_180m,7.508798565236374,6.283862319378386e-14,0.06463258,0.49542217700915564,0.8278245,0.684711,1.1870753,0.9504602606860644,15728,0.06463258,1.0794879,,,vwap_cross_up_bin,True,rel_strength_60m_bin,0.0,0.012872699001977987,bear_high_vol,True,True,"(False, 'PASS')",False,PASS,0.3463257968425751,True,True,False,False,,,,,,,
rvol_bin == 3,single,SHORT,fwd_ret_180m,6.906281722588689,5.00244290435603e-12,0.030419892,0.4828856952859465,0.9702498,0.8472013,1.0694358,0.3331858003890939,108272,0.030419892,1.4493439,rvol_bin,3,,,,,0.012860604200782987,bear_high_vol,False,False,"(False, 'PASS')",False,PASS,0.004198917001485836,True,True,False,False,,,,,,,
ret_15m_bin == 4.0 AND atr_14_bin == 2,double,SHORT,fwd_ret_180m,6.9751643763940425,3.147704319417244e-12,0.053402405,0.49975714008160094,0.7962483,0.68872225,1.1550014,0.7716984725570636,20588,0.053402405,1.0985339,,,ret_15m_bin,4.0,atr_14_bin,2,0.012820102800662153,bear_high_vol,False,False,"(False, 'PASS')",False,PASS,0.23402405232191087,True,True,False,False,,,,,,,
rel_strength_60m_bin == 0.0 AND atr_14_bin == 2,double,SHORT,fwd_ret_180m,7.005043285101872,2.546851618490109e-12,0.062525004,0.49873543268038684,0.9140829,0.78473634,1.1589509,0.7830905348871797,20165,0.062525004,1.2674826,,,rel_strength_60m_bin,0.0,atr_14_bin,2,0.012770488233029141,bear_high_vol,False,False,"(False, 'PASS')",False,PASS,0.3252500414848328,True,True,False,False,,,,,,,
ret_60m_bin == 0.0 AND rvol_bin == 3,double,SHORT,fwd_ret_180m,6.7298648616929695,1.73776548706428e-11,0.074009836,0.5003660164492099,1.0800351,0.93348944,1.1586821,0.7010474966872828,23223,0.074009836,1.6758775,,,ret_60m_bin,0.0,rvol_bin,3,0.012690425024202777,bear_high_vol,False,False,"(False, 'PASS')",False,PASS,0.4408303900990423,True,True,False,False,,,,,,,
ret_30m_bin == 4.0 AND ret_60m_bin == 4.0,double,SHORT,fwd_ret_180m,5.909755502716515,3.443045182294213e-09,0.027374674,0.5004121382342166,0.8355568,0.7821409,1.070057,0.36652986853971686,65512,0.027374674,1.1856046,,,ret_30m_bin,4.0,ret_60m_bin,4.0,0.012545644527448746,bear_high_vol,False,False,"(False, 'PASS')",False,PASS,0.0008242764684331938,True,True,False,False,,,,,,,
ret_60m_turned_positive_bin == True AND atr_14_bin == 2,double,SHORT,fwd_ret_180m,5.704086170724666,1.1771953856154482e-08,0.031053737,0.487552434798468,0.8114141,0.7113961,1.085183,0.4323467963449896,43864,0.031053737,1.1402023,,,ret_60m_turned_positive_bin,True,atr_14_bin,2,0.012208551473890631,bear_high_vol,True,True,"(False, 'PASS')",False,PASS,0.010537368059158336,True,True,False,False,,,,,,,
ret_60m_bin == 0.0 AND atr_14_bin == 1,double,SHORT,fwd_ret_180m,7.236965231624882,4.796163466380676e-13,0.078010514,0.5004672023920762,1.0007426,0.8464475,1.184497,0.9067314132837878,16053,0.078010514,1.3657612,,,ret_60m_bin,0.0,atr_14_bin,1,0.01220346693173033,bear_high_vol,False,False,"(False, 'PASS')",False,PASS,0.4810395485696291,True,True,False,False,,,,,,,
session_range_pct_bin == 1 AND rvol_bin == 1,double,SHORT,fwd_ret_180m,6.701441460998147,2.112576780177733e-11,0.050449036,0.4918149466192171,0.8551361,0.7283167,1.1363047,0.7095293015843397,22480,0.050449036,1.1287111,,,session_range_pct_bin,1,rvol_bin,1,0.01216894271809768,bear_high_vol,False,False,"(False, 'PASS')",False,PASS,0.20449036061763765,True,True,False,False,,,,,,,
ret_5m_bin == 4.0 AND atr_14_bin == 2,double,SHORT,fwd_ret_180m,6.885028757848157,5.9472426983120386e-12,0.057264972,0.4913080085186469,0.8618932,0.71986604,1.1563803,0.7691784611778277,20191,0.057264972,1.1818496,,,ret_5m_bin,4.0,atr_14_bin,2,0.012160762265105839,bear_high_vol,False,False,"(False, 'PASS')",False,PASS,0.2726497247815132,True,True,False,False,,,,,,,
vwap_cross_up_bin == True AND ret_60m_bin == 0.0,double,SHORT,fwd_ret_180m,7.70754820106535,1.3766765505351941e-14,0.08760782,0.5076421949386118,0.9524492,0.8040811,1.2212901,1.1181885350262935,11973,0.08760782,1.2437358,,,vwap_cross_up_bin,True,ret_60m_bin,0.0,0.01212573948333962,bear_high_vol,True,True,"(False, 'PASS')",False,PASS,0.5913626230000493,True,True,False,False,,,,,,,
at_session_low_bin == True AND atr_14_bin == 4,double,SHORT,fwd_ret_180m,7.454060854474608,9.636735853746359e-14,0.108837165,0.5232308791994281,1.0532691,0.9276309,1.2460899,1.0545400482426295,12591,0.108837165,1.6383791,,,at_session_low_bin,True,atr_14_bin,4,0.01198742368194875,bear_high_vol,True,True,"(True, 'Expectancy too high (10.884% > 10.000%)')",True,Expectancy too high (10.884% > 10.000%),0.8348334077833548,False,True,False,False,,,,,,,
ret_5m_bin == 3.0 AND ret_60m_bin == 0.0,double,SHORT,fwd_ret_180m,7.382459158944248,1.6475709685437323e-13,0.08756583,0.5070574623987659,0.97181183,0.8219997,1.2161058,1.029236207888912,12965,0.08756583,1.3505787,,,ret_5m_bin,3.0,ret_60m_bin,0.0,0.011562774659411199,bear_high_vol,False,False,"(False, 'PASS')",False,PASS,0.5897732431979148,True,True,False,False,,,,,,,
ret_5m_bin == 0.0 AND ret_30m_bin == 0.0,double,SHORT,fwd_ret_180m,5.39041083000846,7.063829143838518e-08,0.03919963,0.49175144645430496,1.0742825,0.9622857,1.0801498,0.39685179176920143,46493,0.03919963,1.5680283,,,ret_5m_bin,0.0,ret_30m_bin,0.0,0.011321388173406124,bear_high_vol,False,False,"(False, 'PASS')",False,PASS,0.09199631661176683,True,True,False,False,,,,,,,
vwap_cross_up_bin == True AND rel_strength_60m_bin == 1.0,double,SHORT,fwd_ret_180m,6.348349219364256,2.2156920742588682e-10,0.05015299,0.49076528251083346,0.85814655,0.7285355,1.1351849,0.653665570108944,23769,0.05015299,1.2179837,,,vwap_cross_up_bin,True,rel_strength_60m_bin,1.0,0.011205143319742716,bear_high_vol,True,True,"(False, 'PASS')",False,PASS,0.20152990967035295,True,True,False,False,,,,,,,
ret_30m_bin == 0.0 AND session_range_pct_bin == 1,double,SHORT,fwd_ret_180m,6.193947780760394,5.957443427462294e-10,0.05075826,0.4971293747542273,0.97445667,0.86239433,1.1170428,0.6165874048865567,25430,0.05075826,1.3068098,,,ret_30m_bin,0.0,session_range_pct_bin,1,0.011176201620020807,bear_high_vol,False,False,"(False, 'PASS')",False,PASS,0.20758261233568193,True,True,False,False,,,,,,,
ret_15m_bin == 1.0 AND ret_60m_bin == 0.0,double,SHORT,fwd_ret_180m,6.3515483862419835,2.1723356447012065e-10,0.05793841,0.4997556967085684,0.99108803,0.87429976,1.1324719,0.6719905762366036,22513,0.05793841,1.3686855,,,ret_15m_bin,1.0,ret_60m_bin,0.0,0.01111604180703612,bear_high_vol,False,False,"(False, 'PASS')",False,PASS,0.27938411831855775,True,True,False,False,,,,,,,
ret_30m_turned_positive_bin == True AND rel_strength_60m_bin == 1.0,double,SHORT,fwd_ret_180m,6.337482202415066,2.378690577842235e-10,0.049878947,0.491113230449107,0.86656153,0.73827994,1.1327624,0.6623874126984497,23068,0.049878947,1.1953787,,,ret_30m_turned_positive_bin,True,rel_strength_60m_bin,1.0,0.011008715635726724,bear_high_vol,True,True,"(False, 'PASS')",False,PASS,0.1987894743680954,True,True,False,False,,,,,,,
ret_15m_bin == 0.0 AND rel_strength_60m_bin == 0.0,double,SHORT,fwd_ret_180m,5.19448022903732,2.0610792339503803e-07,0.035656303,0.49115897602468583,1.0357423,0.92967707,1.075374,0.3715348525367262,49259,0.035656303,1.5234809,,,ret_15m_bin,0.0,rel_strength_60m_bin,0.0,0.01080850398335934,bear_high_vol,False,False,"(False, 'PASS')",False,PASS,0.05656303167343141,True,True,False,False,,,,,,,
ret_5m_bin == 0.0 AND ret_15m_bin == 0.0,double,SHORT,fwd_ret_180m,5.310606610829955,1.0968412289535934e-07,0.03538033,0.48656852053798616,1.0798669,0.95445824,1.0721976,0.35940499512136964,55020,0.03538033,1.5627087,,,ret_5m_bin,0.0,ret_15m_bin,0.0,0.010748763466520386,bear_high_vol,False,False,"(False, 'PASS')",False,PASS,0.05380329936742784,True,True,False,False,,,,,,,
ret_5m_bin == 2.0 AND atr_14_bin == 2,double,SHORT,fwd_ret_180m,6.313247735646393,2.782865049510974e-10,0.052273717,0.48547316601468066,0.91351783,0.7603387,1.133619,0.6644355687566585,22751,0.052273717,1.248909,,,ret_5m_bin,2.0,atr_14_bin,2,0.01072476236922268,bear_high_vol,False,False,"(False, 'PASS')",False,PASS,0.22273716777563096,True,True,False,False,,,,,,,
ret_60m_bin == 0.0 AND session_range_pct_bin == 1,double,SHORT,fwd_ret_180m,5.890713574306337,3.888837696308656e-09,0.045500293,0.4989557152465574,0.94941884,0.85465044,1.1062549,0.5563737811949108,28249,0.045500293,1.2982186,,,ret_60m_bin,0.0,session_range_pct_bin,1,0.01069340205079236,bear_high_vol,False,False,"(False, 'PASS')",False,PASS,0.15500293374061586,True,True,False,False,,,,,,,
ret_60m_bin == 4.0 AND atr_14_bin == 3,double,SHORT,fwd_ret_180m,5.943040003370832,2.8342304059236767e-09,0.042447478,0.5026901779051958,0.8143227,0.7377786,1.1156908,0.5912268520058478,25463,0.042447478,1.1397196,,,ret_60m_bin,4.0,atr_14_bin,3,0.010410918022334101,bear_high_vol,False,False,"(False, 'PASS')",False,PASS,0.12985513160155976,True,True,False,False,,,,,,,
ret_5m_bin == 4.0 AND ret_30m_bin == 0.0,double,SHORT,fwd_ret_180m,6.84703164310346,7.861711281975658e-12,0.07973809,0.5103503767098237,0.9983379,0.87769717,1.1855391,0.9296135873389648,13671,0.07973809,1.3616441,,,ret_5m_bin,4.0,ret_30m_bin,0.0,0.010279920922377134,bear_high_vol,False,False,"(False, 'PASS')",False,PASS,0.5180816329410174,True,True,False,False,,,,,,,
rel_strength_60m_bin == 0.0 AND rvol_bin == 3,double,SHORT,fwd_ret_180m,6.125413308262613,9.196547967604829e-10,0.067891106,0.49510156390436816,1.0335463,0.8790269,1.1529702,0.6518552045314783,22252,0.067891106,1.6533394,,,rel_strength_60m_bin,0.0,rvol_bin,3,0.010182774767855153,bear_high_vol,False,False,"(False, 'PASS')",False,PASS,0.3789110600948334,True,True,False,False,,,,,,,
ret_15m_bin == 0.0 AND rvol_bin == 3,double,SHORT,fwd_ret_180m,6.049471764905861,1.4754140131856275e-09,0.070846446,0.4925610595115239,1.1227232,0.9501897,1.1469346,0.6297239540088744,23256,0.070846446,1.7859452,,,ret_15m_bin,0.0,rvol_bin,3,0.010101340587090784,bear_high_vol,False,False,"(False, 'PASS')",False,PASS,0.4084644585847855,True,True,False,False,,,,,,,
rel_strength_60m_bin == 1.0 AND session_range_pct_bin == 1,double,SHORT,fwd_ret_180m,5.987573019806447,2.158573098043348e-09,0.04977852,0.47752078490090233,0.9596253,0.78177744,1.1218681,0.5966420408448553,25379,0.04977852,1.3244282,,,rel_strength_60m_bin,1.0,session_range_pct_bin,1,0.01002184572488474,bear_high_vol,False,False,"(False, 'PASS')",False,PASS,0.19778521060943605,True,True,False,False,,,,,,,
atr_14_bin == 3,single,SHORT,fwd_ret_180m,6.016459460151503,1.7884285163916047e-09,0.024115797,0.4887480600103466,0.93305683,0.84481627,1.0558347,0.2902894857865939,108248,0.024115797,1.3187746,atr_14_bin,3,,,,,0.009879696532032895,bear_high_vol,False,False,"(False, 'PASS')",False,PASS,0.0,True,True,False,False,,,,,,,
ret_15m_bin == 3.0 AND atr_14_bin == 2,double,SHORT,fwd_ret_180m,6.137710223609638,8.517353489168045e-10,0.050920952,0.48077189418771066,0.89986026,0.7351424,1.1334033,0.662014316418169,21661,0.050920952,1.2210386,,,ret_15m_bin,3.0,atr_14_bin,2,0.009795071000998263,bear_high_vol,False,False,"(False, 'PASS')",False,PASS,0.2092095211148262,True,True,False,False,,,,,,,
price_down_vol_weak_bin == True AND rel_strength_60m_bin == 0.0,double,SHORT,fwd_ret_180m,5.1280013468326215,2.9411902424669734e-07,0.027970584,0.4875341691017061,0.8405305,0.745058,1.0732566,0.39516747702727506,42436,0.027970584,1.123623,,,price_down_vol_weak_bin,True,rel_strength_60m_bin,0.0,0.009704766209167109,bear_high_vol,True,True,"(False, 'PASS')",False,PASS,0.0,True,True,False,False,,,,,,,
ret_15m_bin == 0.0 AND session_range_pct_bin == 1,double,SHORT,fwd_ret_180m,5.911310991514228,3.4414604499488632e-09,0.053109676,0.4910275213527737,1.0043715,0.8646135,1.120686,0.6163233575111481,23182,0.053109676,1.3679345,,,ret_15m_bin,0.0,session_range_pct_bin,1,0.009599871593704346,bear_high_vol,False,False,"(False, 'PASS')",False,PASS,0.23109675645828248,True,True,False,False,,,,,,,
atr_14_bin == 3 AND price_vs_vwap_pct_bin == 0,double,SHORT,fwd_ret_180m,5.750696671722955,8.98835539331344e-09,0.04903287,0.49151552891725697,1.0086881,0.87859726,1.1097537,0.569514588192039,25694,0.04903287,1.36673,,,atr_14_bin,3,price_vs_vwap_pct_bin,0,0.009574377132779933,bear_high_vol,False,False,"(False, 'PASS')",False,PASS,0.19032870680093766,True,True,False,False,,,,,,,
session_range_pct_bin == 1 AND atr_14_bin == 4,double,SHORT,fwd_ret_180m,5.88798908069933,3.965754613588501e-09,0.052621998,0.5047054565197719,0.98739487,0.8999121,1.1180602,0.6287115851354992,22102,0.052621998,1.3286669,,,session_range_pct_bin,1,atr_14_bin,4,0.009558820071070792,bear_high_vol,False,False,"(False, 'PASS')",False,PASS,0.23563089196810988,True,True,False,False,,,,,,,
rel_underperform_extreme_bin == True AND ret_60m_bin == 0.0,double,SHORT,fwd_ret_180m,5.394809784196695,6.910020067252276e-08,0.047140833,0.5023162395931193,1.0080789,0.9227418,1.102651,0.48743322911884646,30869,0.047140833,1.5352616,,,rel_underperform_extreme_bin,True,ret_60m_bin,0.0,0.009438593920836149,bear_high_vol,True,True,"(False, 'PASS')",False,PASS,0.1760408090903181,True,True,False,False,,,,,,,
ret_5m_bin == 2.0 AND ret_60m_bin == 0.0,double,SHORT,fwd_ret_180m,6.28895310131859,3.275477666875304e-10,0.06450395,0.49922258103097716,0.9848069,0.85294163,1.1510158,0.772030586792292,16722,0.06450395,1.3263315,,,ret_5m_bin,2.0,ret_60m_bin,0.0,0.00938234841440912,bear_high_vol,False,False,"(False, 'PASS')",False,PASS,0.34503952860832215,True,True,False,False,,,,,,,
rel_underperform_extreme_bin == True AND rel_strength_60m_bin == 0.0,double,SHORT,fwd_ret_180m,5.300045808036305,1.1652098175218839e-07,0.044082,0.5004421675357545,0.990996,0.90450835,1.0975579,0.4646108131538935,32793,0.044082,1.506164,,,rel_underperform_extreme_bin,True,rel_strength_60m_bin,0.0,0.009354492584158065,bear_high_vol,True,True,"(False, 'PASS')",False,PASS,0.14170434358782075,True,True,False,False,,,,,,,
rel_underperform_extreme_bin == True,single,SHORT,fwd_ret_180m,5.300045808036305,1.1652098175218839e-07,0.044082,0.5004421675357545,0.990996,0.90450835,1.0975579,0.4646108131538935,32793,0.044082,1.506164,rel_underperform_extreme_bin,True,,,,,0.009354492584158065,bear_high_vol,True,True,"(False, 'PASS')",False,PASS,0.14170434358782075,True,True,False,False,,,,,,,
ret_5m_bin == 0.0 AND ret_60m_bin == 4.0,double,SHORT,fwd_ret_180m,6.224737418484312,4.940996500835126e-10,0.064705946,0.5044550225802514,0.9890596,0.8762679,1.149013,0.7719422950271217,16386,0.064705946,1.3306371,,,ret_5m_bin,0.0,ret_60m_bin,4.0,0.00919427579669898,bear_high_vol,False,False,"(False, 'PASS')",False,PASS,0.35596950067445704,True,True,False,False,,,,,,,
ret_5m_bin == 1.0 AND rel_strength_60m_bin == 0.0,double,SHORT,fwd_ret_180m,5.828086464505286,5.685693249546375e-09,0.050169546,0.4943758321472843,0.92917526,0.8092815,1.1226062,0.626884247195941,21781,0.050169546,1.2704369,,,ret_5m_bin,1.0,rel_strength_60m_bin,0.0,0.00910677576309937,bear_high_vol,False,False,"(False, 'PASS')",False,PASS,0.2016954615712166,True,True,False,False,,,,,,,
ret_60m_bin == 0.0 AND rvol_bin == 2,double,SHORT,fwd_ret_180m,5.744689200554743,9.333892325713578e-09,0.05048119,0.5067052941451334,0.9608442,0.88463074,1.1156807,0.6233755809405391,21401,0.05048119,1.2855237,,,ret_60m_bin,0.0,rvol_bin,2,0.008989221575449326,bear_high_vol,False,False,"(False, 'PASS')",False,PASS,0.21822247871356476,True,True,False,False,,,,,,,
ret_5m_bin == 1.0 AND atr_14_bin == 2,double,SHORT,fwd_ret_180m,5.694531302097367,1.251900805243622e-08,0.048050467,0.4843716685855614,0.943915,0.793508,1.1174383,0.5903065005381021,23451,0.048050467,1.292172,,,ret_5m_bin,1.0,atr_14_bin,2,0.00883877142639141,bear_high_vol,False,False,"(False, 'PASS')",False,PASS,0.18050466924905778,True,True,False,False,,,,,,,
ret_5m_bin == 1.0 AND price_vs_vwap_pct_bin == 0,double,SHORT,fwd_ret_180m,5.6471378466010265,1.6513758360758857e-08,0.050932076,0.5001803751803752,0.9637028,0.86249745,1.1181463,0.6019869156123375,22176,0.050932076,1.3430884,,,ret_5m_bin,1.0,price_vs_vwap_pct_bin,0,0.008728538963453785,bear_high_vol,False,False,"(False, 'PASS')",False,PASS,0.20968150864388863,True,True,False,False,,,,,,,
price_vs_vwap_pct_bin == 4,single,SHORT,fwd_ret_180m,5.582285642946696,2.379443619915378e-08,0.0198105,0.49419334588826114,0.807623,0.7499139,1.0522275,0.2692464475324295,108324,0.0198105,1.1680077,price_vs_vwap_pct_bin,4,,,,,0.008596965586595532,bear_high_vol,False,False,"(False, 'PASS')",False,PASS,0.0,True,True,False,False,,,,,,,
vwap_cross_up_bin == True AND price_vs_vwap_pct_bin == 4,double,SHORT,fwd_ret_180m,5.582285642946696,2.379443619915378e-08,0.0198105,0.49419334588826114,0.807623,0.7499139,1.0522275,0.2692464475324295,108324,0.0198105,1.1680077,,,vwap_cross_up_bin,True,price_vs_vwap_pct_bin,4,0.008596965586595532,bear_high_vol,True,True,"(False, 'PASS')",False,PASS,0.0,True,True,False,False,,,,,,,
rel_underperform_extreme_bin == True AND ret_30m_bin == 0.0,double,SHORT,fwd_ret_180m,5.4391147587644655,5.4060241172493306e-08,0.05641998,0.5038731095536703,1.0465251,0.94914407,1.1198142,0.5527674795046152,24399,0.05641998,1.6202824,,,rel_underperform_extreme_bin,True,ret_30m_bin,0.0,0.008556185047108561,bear_high_vol,True,True,"(False, 'PASS')",False,PASS,0.27194601691646453,True,True,False,False,,,,,,,
ret_5m_turned_positive_bin == True AND rvol_bin == 3,double,SHORT,fwd_ret_180m,4.822818011934445,1.4204561631370183e-06,0.03237456,0.48810959432733586,0.91778415,0.8119016,1.0778975,0.3759897723316385,41462,0.03237456,1.3668729,,,ret_5m_turned_positive_bin,True,rvol_bin,3,0.00849494850108878,bear_high_vol,True,True,"(False, 'PASS')",False,PASS,0.02374560832977296,True,True,False,False,,,,,,,
ret_60m_bin == 0.0 AND price_vs_vwap_pct_bin == 1,double,SHORT,fwd_ret_180m,5.430322755427067,5.6804095205365e-08,0.049417045,0.49770419983992586,1.0045141,0.8969493,1.1096854,0.5594930884537416,23739,0.049417045,1.4021108,,,ret_60m_bin,0.0,price_vs_vwap_pct_bin,1,0.008309413057317909,bear_high_vol,False,False,"(False, 'PASS')",False,PASS,0.1941704496741295,True,True,False,False,,,,,,,
ret_30m_turned_positive_bin == True AND ret_60m_bin == 4.0,double,SHORT,fwd_ret_180m,5.153175120922338,2.5667079306401774e-07,0.020575872,0.4949694718807851,0.8241488,0.7669886,1.0531192,0.27739134808509597,86969,0.020575872,1.1775126,,,ret_30m_turned_positive_bin,True,ret_60m_bin,4.0,0.008189030411843093,bear_high_vol,True,True,"(False, 'PASS')",False,PASS,0.0,True,True,False,False,,,,,,,
ret_5m_bin == 0.0 AND atr_14_bin == 2,double,SHORT,fwd_ret_180m,5.6134693103010385,2.0092227659418427e-08,0.0520957,0.4877830750893921,0.9850512,0.8363558,1.1216065,0.6279788758451715,20136,0.0520957,1.3169131,,,ret_5m_bin,0.0,atr_14_bin,2,0.008014797806611794,bear_high_vol,False,False,"(False, 'PASS')",False,PASS,0.22095700055360795,True,True,False,False,,,,,,,
rel_strength_60m_bin == 2.0 AND atr_14_bin == 2,double,SHORT,fwd_ret_180m,5.532099311712551,3.199713338730703e-08,0.04752297,0.4740568151268035,0.96854675,0.7826382,1.1154525,0.5878446801146113,22318,0.04752297,1.2833385,,,rel_strength_60m_bin,2.0,atr_14_bin,2,0.007964425992987892,bear_high_vol,False,False,"(False, 'PASS')",False,PASS,0.1752296954393387,True,True,False,False,,,,,,,
rvol_bin == 3 AND atr_14_bin == 4,double,SHORT,fwd_ret_180m,5.327588620557524,1.004362948364701e-07,0.06222345,0.49381879762912784,1.0855746,0.93613446,1.1313137,0.5502892189533836,23620,0.06222345,1.7949954,,,rvol_bin,3,atr_14_bin,4,0.007915629368461142,bear_high_vol,False,False,"(False, 'PASS')",False,PASS,0.3222344934940338,True,True,False,False,,,,,,,
ret_5m_turned_negative_bin == True AND session_range_pct_bin == 1,double,SHORT,fwd_ret_180m,6.2958257123453985,3.165607775912349e-10,0.07165402,0.49827193795835795,0.9123699,0.76327074,1.1871084,0.9176048428071103,11863,0.07165402,1.2396102,,,ret_5m_turned_negative_bin,True,session_range_pct_bin,1,0.00790470389911771,bear_high_vol,True,True,"(False, 'PASS')",False,PASS,0.4165402173995972,True,True,False,False,,,,,,,
ret_60m_bin == 0.0 AND rvol_bin == 0,double,SHORT,fwd_ret_180m,5.797833988628691,6.83885237329207e-09,0.051359423,0.4905152294895578,0.8751202,0.7417304,1.1359074,0.7119751549772906,16711,0.051359423,1.1451321,,,ret_60m_bin,0.0,rvol_bin,0,0.007832525238414738,bear_high_vol,False,False,"(False, 'PASS')",False,PASS,0.21359422504901887,True,True,False,False,,,,,,,
ret_60m_turned_positive_bin == True AND rel_strength_60m_bin == 1.0,double,SHORT,fwd_ret_180m,5.992876376659711,2.1106225656097877e-09,0.05750487,0.49256518431426793,0.83104676,0.6933695,1.1634405,0.7911638794881678,14459,0.05750487,1.153821,,,ret_60m_turned_positive_bin,True,rel_strength_60m_bin,1.0,0.007816637879078396,bear_high_vol,True,True,"(False, 'PASS')",False,PASS,0.27504869997501374,True,True,False,False,,,,,,,
ret_60m_bin == 4.0 AND is_first_hour_bin == True,double,SHORT,fwd_ret_180m,4.6272647404235965,3.7125958236572387e-06,0.018586546,0.49921826882077036,0.7474289,0.70798033,1.0524238,0.29191117428651403,63321,0.018586546,1.0107604,,,ret_60m_bin,4.0,is_first_hour_bin,True,0.00780462058383534,bear_high_vol,False,False,"(False, 'PASS')",False,PASS,0.0,True,True,False,False,,,,,,,
price_down_vol_weak_bin == True AND vwap_cross_up_bin == True,double,SHORT,fwd_ret_180m,5.337904551392059,9.489690611097501e-08,0.037588693,0.48526288966278774,0.79982483,0.6810012,1.107232,0.5522204608657508,23546,0.037588693,1.0805503,,,price_down_vol_weak_bin,True,vwap_cross_up_bin,True,0.007796393859529208,bear_high_vol,True,True,"(False, 'PASS')",False,PASS,0.07588693201541902,True,True,False,False,,,,,,,
ret_15m_turned_positive_bin == True AND ret_60m_bin == 0.0,double,SHORT,fwd_ret_180m,5.663480303642191,1.5074526960034973e-08,0.0534407,0.5020405749098007,0.9261292,0.8264002,1.1298636,0.6914334519135017,16907,0.0534407,1.2269363,,,ret_15m_turned_positive_bin,True,ret_60m_bin,0.0,0.0076940571112946755,bear_high_vol,True,True,"(False, 'PASS')",False,PASS,0.23848816198419415,True,True,False,False,,,,,,,
ret_60m_bin == 4.0 AND rvol_bin == 0,double,SHORT,fwd_ret_180m,5.516589287769405,3.5010279564318125e-08,0.03970638,0.49640774677217825,0.73308635,0.6437815,1.1224737,0.6318730571823851,19208,0.03970638,0.9975409,,,ret_60m_bin,4.0,rvol_bin,0,0.007693738833432909,bear_high_vol,False,False,"(False, 'PASS')",False,PASS,0.09706379175186158,True,True,False,False,,,,,,,
ret_60m_bin == 1.0 AND atr_14_bin == 2,double,SHORT,fwd_ret_180m,5.338722663291792,9.445624327142355e-08,0.045400377,0.4743857596523483,0.99196035,0.808904,1.1067814,0.5478329574220067,23932,0.045400377,1.3155628,,,ret_60m_bin,1.0,atr_14_bin,2,0.0076862128573968284,bear_high_vol,False,False,"(False, 'PASS')",False,PASS,0.15400377362966539,True,True,False,False,,,,,,,
ret_5m_bin == 3.0 AND atr_14_bin == 2,double,SHORT,fwd_ret_180m,5.39509978861142,6.920225459339235e-08,0.043131854,0.48304460007371913,0.8671698,0.7268515,1.1147888,0.581339534461235,21704,0.043131854,1.1777918,,,ret_5m_bin,3.0,atr_14_bin,2,0.007611541258745972,bear_high_vol,False,False,"(False, 'PASS')",False,PASS,0.1313185438513756,True,True,False,False,,,,,,,
price_up_vol_weak_bin == True AND price_vs_vwap_pct_bin == 4,double,SHORT,fwd_ret_180m,4.718363820914273,2.386930125330977e-06,0.025620269,0.49607572239042885,0.7277824,0.66560584,1.0763838,0.40609806260621517,34019,0.025620269,1.0015048,,,price_up_vol_weak_bin,True,price_vs_vwap_pct_bin,4,0.007485281070710771,bear_high_vol,True,True,"(False, 'PASS')",False,PASS,0.0,True,True,False,False,,,,,,,
ret_15m_bin == 0.0 AND atr_14_bin == 3,double,SHORT,fwd_ret_180m,5.0391946691046705,4.706465408510496e-07,0.043320477,0.49446551590680393,1.0096444,0.9018452,1.095019,0.4976591068480537,25838,0.043320477,1.381852,,,ret_15m_bin,0.0,atr_14_bin,3,0.007416589603447011,bear_high_vol,False,False,"(False, 'PASS')",False,PASS,0.1332047700881958,True,True,False,False,,,,,,,
ret_60m_bin == 0.0 AND rel_strength_60m_bin == 1.0,double,SHORT,fwd_ret_180m,5.276862730851823,1.3271350929322523e-07,0.050729807,0.49916986860205875,1.0432853,0.9385354,1.1079248,0.5769397304902601,21081,0.050729807,1.3958316,,,ret_60m_bin,0.0,rel_strength_60m_bin,1.0,0.00741586931229725,bear_high_vol,False,False,"(False, 'PASS')",False,PASS,0.2072980746626854,True,True,False,False,,,,,,,
ret_30m_bin == 3.0 AND atr_14_bin == 2,double,SHORT,fwd_ret_180m,5.36916260842717,7.994270689870575e-08,0.044823013,0.4812434542511663,0.8831762,0.73290586,1.1178935,0.588078271857694,21006,0.044823013,1.2099465,,,ret_30m_bin,3.0,atr_14_bin,2,0.007388667791317002,bear_high_vol,False,False,"(False, 'PASS')",False,PASS,0.1482301324605942,True,True,False,False,,,,,,,
ret_60m_bin == 0.0 AND rvol_bin == 1,double,SHORT,fwd_ret_180m,5.318735962226894,1.0563740437952163e-07,0.04609608,0.5013782542113323,0.9175729,0.8301985,1.1113553,0.6032418650756178,19590,0.04609608,1.2130334,,,ret_60m_bin,0.0,rvol_bin,1,0.0072948453308062005,bear_high_vol,False,False,"(False, 'PASS')",False,PASS,0.1637172989376106,True,True,False,False,,,,,,,
ret_5m_turned_positive_bin == True AND ret_5m_bin == 4.0,double,SHORT,fwd_ret_180m,5.12686283061771,2.9511547738891863e-07,0.019380093,0.4925895487242943,0.858508,0.79523784,1.0480285,0.24731574587026334,108293,0.019380093,1.2439541,,,ret_5m_turned_positive_bin,True,ret_5m_bin,4.0,0.0072289449286117935,bear_high_vol,True,True,"(False, 'PASS')",False,PASS,0.0,True,True,False,False,,,,,,,
ret_5m_bin == 4.0,single,SHORT,fwd_ret_180m,5.12686283061771,2.9511547738891863e-07,0.019380093,0.4925895487242943,0.858508,0.79523784,1.0480285,0.24731574587026334,108293,0.019380093,1.2439541,ret_5m_bin,4.0,,,,,0.0072289449286117935,bear_high_vol,False,False,"(False, 'PASS')",False,PASS,0.0,True,True,False,False,,,,,,,
rel_strength_60m_bin == 3.0 AND atr_14_bin == 2,double,SHORT,fwd_ret_180m,5.166736356317354,2.4028827572131206e-07,0.04233852,0.4905574928671709,0.87535286,0.759796,1.1093814,0.5519594886221498,22081,0.04233852,1.2176676,,,rel_strength_60m_bin,3.0,atr_14_bin,2,0.007150697553118794,bear_high_vol,False,False,"(False, 'PASS')",False,PASS,0.12338520288467408,True,True,False,False,,,,,,,
ret_5m_bin == 1.0 AND ret_15m_bin == 0.0,double,SHORT,fwd_ret_180m,5.089994414540314,3.609239427326827e-07,0.046208993,0.4962657060012301,0.98168856,0.8754007,1.1047896,0.5355651921725061,22762,0.046208993,1.3696651,,,ret_5m_bin,1.0,ret_15m_bin,0.0,0.007128047513951362,bear_high_vol,False,False,"(False, 'PASS')",False,PASS,0.1620899260044098,True,True,False,False,,,,,,,
ret_60m_bin == 4.0 AND rel_strength_60m_bin == 4.0,double,SHORT,fwd_ret_180m,4.655697840946013,3.234255867123892e-06,0.019339174,0.49467994830084727,0.8270441,0.7713586,1.0496153,0.26704175543778014,76597,0.019339174,1.1496325,,,ret_60m_bin,4.0,rel_strength_60m_bin,4.0,0.007118271113291008,bear_high_vol,False,False,"(False, 'PASS')",False,PASS,0.0,True,True,False,False,,,,,,,
rvol_bin == 0 AND atr_14_bin == 4,double,SHORT,fwd_ret_180m,5.667603985160394,1.4757441713086905e-08,0.04751633,0.5002768166089966,0.80343443,0.7092392,1.1340667,0.7484552662002361,14450,0.04751633,1.0078069,,,rvol_bin,0,atr_14_bin,4,0.007098389455864544,bear_high_vol,False,False,"(False, 'PASS')",False,PASS,0.17571694398421328,True,True,False,False,,,,,,,
ret_5m_turned_positive_bin == True AND price_vs_vwap_pct_bin == 4,double,SHORT,fwd_ret_180m,4.662212126686258,3.133315515935209e-06,0.019111194,0.49739232420022955,0.79676646,0.75047463,1.0506667,0.261424287976693,80148,0.019111194,1.160492,,,ret_5m_turned_positive_bin,True,price_vs_vwap_pct_bin,4,0.007016544758812557,bear_high_vol,True,True,"(False, 'PASS')",False,PASS,0.0,True,True,False,False,,,,,,,
ret_30m_turned_positive_bin == True AND atr_14_bin == 3,double,SHORT,fwd_ret_180m,4.333430180877988,1.4714306532992438e-05,0.025883114,0.4950567818108537,0.8543431,0.7863563,1.065186,0.3349530549841021,42179,0.025883114,1.2266845,,,ret_30m_turned_positive_bin,True,atr_14_bin,3,0.007015898436322553,bear_high_vol,True,True,"(False, 'PASS')",False,PASS,0.0,True,True,False,False,,,,,,,
ret_30m_bin == 1.0 AND atr_14_bin == 2,double,SHORT,fwd_ret_180m,5.071564545205481,3.9744848678857636e-07,0.041342024,0.47412025264539415,0.94874465,0.7767499,1.1012101,0.5155936303732893,24382,0.041342024,1.2728711,,,ret_30m_bin,1.0,atr_14_bin,2,0.006997188727125941,bear_high_vol,False,False,"(False, 'PASS')",False,PASS,0.11342023760080339,True,True,False,False,,,,,,,
ret_60m_turned_positive_bin == True AND atr_14_bin == 3,double,SHORT,fwd_ret_180m,4.202676438217656,2.6428124120458918e-05,0.024311233,0.49459334463849186,0.84685224,0.78063124,1.0616198,0.31308685716845935,45407,0.024311233,1.2326576,,,ret_60m_turned_positive_bin,True,atr_14_bin,3,0.006840346836404812,bear_high_vol,True,True,"(False, 'PASS')",False,PASS,0.0,True,True,False,False,,,,,,,
ret_30m_bin == 4.0 AND rvol_bin == 0,double,SHORT,fwd_ret_180m,5.158326244975378,2.515594255125819e-07,0.037074894,0.4948189134808853,0.7401203,0.6515498,1.1126381,0.5807656084190533,19880,0.037074894,1.0133963,,,ret_30m_bin,4.0,rvol_bin,0,0.006821637247364993,bear_high_vol,False,False,"(False, 'PASS')",False,PASS,0.07074893712997438,True,True,False,False,,,,,,,
rvol_bin == 2 AND price_vs_vwap_pct_bin == 0,double,SHORT,fwd_ret_180m,5.031728824320945,4.900071814972762e-07,0.044090033,0.5006999533364442,0.960566,0.87495553,1.1009235,0.5456402701688372,21430,0.044090033,1.2827271,,,rvol_bin,2,price_vs_vwap_pct_bin,0,0.006819297194450181,bear_high_vol,False,False,"(False, 'PASS')",False,PASS,0.14230023244803497,True,True,False,False,,,,,,,
ret_5m_bin == 4.0 AND ret_60m_bin == 0.0,double,SHORT,fwd_ret_180m,5.325300381913557,1.0212673329235145e-07,0.054647814,0.5117780921335876,0.9613135,0.89576346,1.1249574,0.6629754725195165,16259,0.054647814,1.3085057,,,ret_5m_bin,4.0,ret_60m_bin,0.0,0.00680038258598135,bear_high_vol,False,False,"(False, 'PASS')",False,PASS,0.27003432909168007,True,True,False,False,,,,,,,
ret_30m_bin == 0.0 AND atr_14_bin == 1,double,SHORT,fwd_ret_180m,5.517816587000693,3.489311795057404e-08,0.062756404,0.49499332443257676,1.0169665,0.87253344,1.1424226,0.7156680334554021,14980,0.062756404,1.3920239,,,ret_30m_bin,0.0,atr_14_bin,1,0.006778073720603249,bear_high_vol,False,False,"(False, 'PASS')",False,PASS,0.3275640428066254,True,True,False,False,,,,,,,
price_down_vol_weak_bin == True AND ret_30m_turned_positive_bin == True,double,SHORT,fwd_ret_180m,5.165004973474,2.427855634312692e-07,0.04032903,0.49051117232935415,0.79973006,0.69078547,1.1145883,0.5856266230240287,19602,0.04032903,1.093194,,,price_down_vol_weak_bin,True,ret_30m_turned_positive_bin,True,0.0067322013664998905,bear_high_vol,True,True,"(False, 'PASS')",False,PASS,0.1032903164625168,True,True,False,False,,,,,,,
ret_5m_bin == 3.0 AND rel_strength_60m_bin == 0.0,double,SHORT,fwd_ret_180m,5.593692486614898,2.265788667799029e-08,0.060167853,0.49757317252537137,0.8709172,0.7427493,1.1612315,0.7614849544922371,13598,0.060167853,1.2543058,,,ret_5m_bin,3.0,rel_strength_60m_bin,0.0,0.006671264517555331,bear_high_vol,False,False,"(False, 'PASS')",False,PASS,0.3016785278916359,True,True,False,False,,,,,,,
vwap_cross_up_bin == True AND ret_5m_bin == 4.0,double,SHORT,fwd_ret_180m,4.519668980266511,6.202689784018389e-06,0.019617045,0.4947832194623587,0.83249205,0.7764707,1.050007,0.25639653617687685,78305,0.019617045,1.2145677,,,vwap_cross_up_bin,True,ret_5m_bin,4.0,0.006636208182927449,bear_high_vol,True,True,"(False, 'PASS')",False,PASS,0.0,True,True,False,False,,,,,,,
ret_60m_bin == 0.0 AND atr_14_bin == 3,double,SHORT,fwd_ret_180m,4.830362802307265,1.3709216462043372e-06,0.041848306,0.48541783510936626,1.0340989,0.8941657,1.0909505,0.4853335646028591,24962,0.041848306,1.3687931,,,ret_60m_bin,0.0,atr_14_bin,3,0.006575540235670103,bear_high_vol,False,False,"(False, 'PASS')",False,PASS,0.11848305612802507,True,True,False,False,,,,,,,
vwap_cross_up_bin == True AND ret_5m_turned_positive_bin == True,double,SHORT,fwd_ret_180m,5.126266918082236,2.95957769180788e-07,0.016643547,0.4900633260119708,0.8143379,0.7499629,1.0435201,0.2235690014642173,132489,0.016643547,1.1817744,,,vwap_cross_up_bin,True,ret_5m_turned_positive_bin,True,0.006500567368239147,bear_high_vol,True,True,"(False, 'PASS')",False,PASS,0.0,True,True,False,False,,,,,,,
ret_30m_bin == 2.0 AND session_range_pct_bin == 1,double,SHORT,fwd_ret_180m,4.752813076375873,2.016702439266993e-06,0.035431743,0.48043220953762744,0.8644181,0.7311126,1.0932751,0.4662029035101648,26191,0.035431743,1.2064736,,,ret_30m_bin,2.0,session_range_pct_bin,1,0.0064539583441772744,bear_high_vol,False,False,"(False, 'PASS')",False,PASS,0.054317426681518566,True,True,False,False,,,,,,,
ret_60m_turned_positive_bin == True AND ret_30m_bin == 4.0,double,SHORT,fwd_ret_180m,4.6209371139243745,3.825338833696179e-06,0.018080316,0.4951055873295205,0.82403654,0.7722501,1.0463711,0.24327675243662603,90920,0.018080316,1.1797926,,,ret_60m_turned_positive_bin,True,ret_30m_bin,4.0,0.006441911481710265,bear_high_vol,True,True,"(False, 'PASS')",False,PASS,0.0,True,True,False,False,,,,,,,
ret_30m_turned_positive_bin == True AND price_vs_vwap_pct_bin == 4,double,SHORT,fwd_ret_180m,4.734820625511972,2.19548964897065e-06,0.017147923,0.4943256875225171,0.7994632,0.7476102,1.0453591,0.23777648002284374,99924,0.017147923,1.144835,,,ret_30m_turned_positive_bin,True,price_vs_vwap_pct_bin,4,0.006441275295110412,bear_high_vol,True,True,"(False, 'PASS')",False,PASS,0.0,True,True,False,False,,,,,,,
ret_15m_turned_positive_bin == True AND rel_strength_60m_bin == 0.0,double,SHORT,fwd_ret_180m,5.025739115601318,5.058472178909312e-07,0.03881321,0.4920571083852805,0.82929933,0.7269506,1.1051139,0.565667184340592,19892,0.03881321,1.0892282,,,ret_15m_turned_positive_bin,True,rel_strength_60m_bin,0.0,0.006441264597277361,bear_high_vol,True,True,"(False, 'PASS')",False,PASS,0.08813211023807527,True,True,False,False,,,,,,,
ret_5m_turned_positive_bin == True AND atr_14_bin == 3,double,SHORT,fwd_ret_180m,4.130732548180036,3.622875756925659e-05,0.02462547,0.4936691312384473,0.87324476,0.8027725,1.060584,0.31519820127160086,43280,0.02462547,1.2402267,,,ret_5m_turned_positive_bin,True,atr_14_bin,3,0.006439472374357995,bear_high_vol,True,True,"(False, 'PASS')",False,PASS,0.0,True,True,False,False,,,,,,,
ret_15m_bin == 2.0 AND session_range_pct_bin == 1,double,SHORT,fwd_ret_180m,4.837948695817215,1.3201198070245113e-06,0.03704052,0.4840319783427097,0.8698926,0.74426186,1.0964558,0.4994920628168758,23641,0.03704052,1.1771959,,,ret_15m_bin,2.0,session_range_pct_bin,1,0.00640097308612559,bear_high_vol,False,False,"(False, 'PASS')",False,PASS,0.0704052045941353,True,True,False,False,,,,,,,
ret_5m_turned_positive_bin == True,single,SHORT,fwd_ret_180m,5.737486506063624,9.622286745170072e-09,0.015176945,0.48596805705722795,0.8450823,0.7694192,1.0383735,0.19833911211675923,210876,0.015176945,1.2147202,ret_5m_turned_positive_bin,True,,,,,0.0064006491659688355,bear_high_vol,True,True,"(False, 'PASS')",False,PASS,0.0,True,True,False,False,,,,,,,
session_range_pct_bin == 2 AND price_vs_vwap_pct_bin == 4,double,SHORT,fwd_ret_180m,4.944264981564204,7.704443940603767e-07,0.046080954,0.4982179982179982,0.84587795,0.7480354,1.1227677,0.5522107032359764,20202,0.046080954,1.3246981,,,session_range_pct_bin,2,price_vs_vwap_pct_bin,4,0.006361163973913278,bear_high_vol,False,False,"(False, 'PASS')",False,PASS,0.16080954372882844,True,True,False,False,,,,,,,
ret_30m_bin == 0.0 AND rvol_bin == 1,double,SHORT,fwd_ret_180m,4.9721321892543155,6.678043544816603e-07,0.043334674,0.4987230564919808,0.90957475,0.8184921,1.1056193,0.5641034798163916,19578,0.043334674,1.2194866,,,ret_30m_bin,0.0,rvol_bin,1,0.006339360785212751,bear_high_vol,False,False,"(False, 'PASS')",False,PASS,0.1333467409014702,True,True,False,False,,,,,,,
rvol_bin == 0 AND price_vs_vwap_pct_bin == 4,double,SHORT,fwd_ret_180m,4.90938943984203,9.205448199267607e-07,0.033656213,0.4939973964611157,0.72211134,0.6384649,1.1041778,0.541144072643122,20741,0.033656213,0.9873079,,,rvol_bin,0,price_vs_vwap_pct_bin,4,0.006301021980927468,bear_high_vol,False,False,"(False, 'PASS')",False,PASS,0.036562134325504314,True,True,False,False,,,,,,,
atr_14_bin == 2 AND price_vs_vwap_pct_bin == 2,double,SHORT,fwd_ret_180m,4.889592739807754,1.0174426972042738e-06,0.04159452,0.47755065607426583,0.9327588,0.77298415,1.1029962,0.5185501921949142,22406,0.04159452,1.2733436,,,atr_14_bin,2,price_vs_vwap_pct_bin,2,0.006280056025071573,bear_high_vol,False,False,"(False, 'PASS')",False,PASS,0.11594520211219789,True,True,False,False,,,,,,,
ret_5m_bin == 0.0 AND atr_14_bin == 3,double,SHORT,fwd_ret_180m,4.674600913073202,2.9602578304199767e-06,0.04126891,0.48810593336197805,1.0291865,0.9007394,1.0895042,0.46378463759775773,25601,0.04126891,1.4125601,,,ret_5m_bin,0.0,atr_14_bin,3,0.006271164142924998,bear_high_vol,False,False,"(False, 'PASS')",False,PASS,0.11268911212682725,True,True,False,False,,,,,,,
price_down_vol_weak_bin == True AND ret_15m_turned_positive_bin == True,double,SHORT,fwd_ret_180m,4.550438958069783,5.376284679670107e-06,0.029772472,0.4833727057968381,0.7997551,0.6906474,1.0834414,0.43548059220560653,27515,0.029772472,1.0852914,,,price_down_vol_weak_bin,True,ret_15m_turned_positive_bin,True,0.006100845008102016,bear_high_vol,True,True,"(False, 'PASS')",False,PASS,0.0,True,True,False,False,,,,,,,
ret_30m_bin == 0.0 AND rvol_bin == 2,double,SHORT,fwd_ret_180m,4.73837748888841,2.168105566191514e-06,0.041885782,0.5001160577503365,0.9612057,0.87786114,1.095449,0.512503714278082,21541,0.041885782,1.2973881,,,ret_30m_bin,0.0,rvol_bin,2,0.006055912431375483,bear_high_vol,False,False,"(False, 'PASS')",False,PASS,0.11908993583272337,True,True,False,False,,,,,,,
price_down_vol_weak_bin == True,single,SHORT,fwd_ret_180m,4.910343884133137,9.103324145609548e-07,0.016398156,0.47759432042075783,0.8609883,0.7557441,1.0415348,0.22241650711356753,122826,0.016398156,1.1703837,price_down_vol_weak_bin,True,,,,,0.006037043916892754,bear_high_vol,True,True,"(False, 'PASS')",False,PASS,0.0,True,True,False,False,,,,,,,
ret_60m_bin == 4.0 AND price_vs_vwap_pct_bin == 4,double,SHORT,fwd_ret_180m,3.977375160665923,6.976463263441701e-05,0.018878004,0.4988973121984838,0.80531955,0.76410234,1.0493035,0.26207955716890247,58040,0.018878004,1.1434659,,,ret_60m_bin,4.0,price_vs_vwap_pct_bin,4,0.006019038554098291,bear_high_vol,False,False,"(False, 'PASS')",False,PASS,0.0,True,True,False,False,,,,,,,
price_down_vol_weak_bin == True AND ret_5m_turned_positive_bin == True,double,SHORT,fwd_ret_180m,4.129463634809998,3.6435825695679824e-05,0.023299694,0.48292559259728735,0.8273337,0.72763395,1.0619276,0.33006383195850647,39445,0.023299694,1.120605,,,price_down_vol_weak_bin,True,ret_5m_turned_positive_bin,True,0.00601007675382079,bear_high_vol,True,True,"(False, 'PASS')",False,PASS,0.0,True,True,False,False,,,,,,,
price_down_vol_weak_bin == True AND atr_14_bin == 2,double,SHORT,fwd_ret_180m,4.618154036400119,3.891011975509784e-06,0.03441703,0.4806080295191112,0.8886319,0.756012,1.0876496,0.4642815375018722,24933,0.03441703,1.1767718,,,price_down_vol_weak_bin,True,atr_14_bin,2,0.005947461522019537,bear_high_vol,True,True,"(False, 'PASS')",False,PASS,0.04417029470205308,True,True,False,False,,,,,,,
ret_60m_turned_positive_bin == True AND atr_14_bin == 4,double,SHORT,fwd_ret_180m,3.8894380473493477,0.00010061834593022567,0.02389678,0.49821077896574295,0.9424377,0.8880936,1.0536242,0.2884112603293339,45830,0.02389678,1.315308,,,ret_60m_turned_positive_bin,True,atr_14_bin,4,0.005928956997922814,bear_high_vol,True,True,"(False, 'PASS')",False,PASS,0.0,True,True,False,False,,,,,,,
ret_5m_bin == 4.0 AND atr_14_bin == 3,double,SHORT,fwd_ret_180m,4.506649776421856,6.616019796235051e-06,0.034616575,0.5031664717034408,0.8550534,0.79627806,1.0875001,0.4543672829853672,24791,0.034616575,1.2094204,,,ret_5m_bin,4.0,atr_14_bin,3,0.0059126592937318,bear_high_vol,False,False,"(False, 'PASS')",False,PASS,0.052498689857305714,True,True,False,False,,,,,,,
ret_15m_turned_positive_bin == True AND price_vs_vwap_pct_bin == 4,double,SHORT,fwd_ret_180m,4.517061811117627,6.277580399949301e-06,0.016555306,0.4937312770442694,0.80052686,0.74800164,1.0437174,0.22773264122607803,99143,0.016555306,1.154017,,,ret_15m_turned_positive_bin,True,price_vs_vwap_pct_bin,4,0.005878387538577695,bear_high_vol,True,True,"(False, 'PASS')",False,PASS,0.0,True,True,False,False,,,,,,,
ret_15m_bin == 2.0 AND atr_14_bin == 2,double,SHORT,fwd_ret_180m,4.7245222535355325,2.3205197594577953e-06,0.039755475,0.4779202279202279,0.9247155,0.7703513,1.0988487,0.5003969203512829,22464,0.039755475,1.261196,,,ret_15m_bin,2.0,atr_14_bin,2,0.005875316721748111,bear_high_vol,False,False,"(False, 'PASS')",False,PASS,0.09755474776029588,True,True,False,False,,,,,,,
price_down_vol_weak_bin == True AND rel_strength_60m_bin == 2.0,double,SHORT,fwd_ret_180m,4.465503484883514,8.02083797890596e-06,0.03273265,0.48479051798507183,0.86920834,0.75435585,1.0842211,0.43414267332066925,26661,0.03273265,1.1968755,,,price_down_vol_weak_bin,True,rel_strength_60m_bin,2.0,0.005800290080301495,bear_high_vol,True,True,"(False, 'PASS')",False,PASS,0.02732650637626649,True,True,False,False,,,,,,,
