rule,rule_type,direction,horizon,t_stat,p_value,expectancy,win_rate,avg_win,avg_loss,profit_factor,sharpe,n_samples,mean_ret,std_ret,rule_col,rule_val,rule_col1,rule_val1,rule_col2,rule_val2,aaa_score,regime,is_event_based,passes_event_filter,overfit_check,is_overfit,overfit_reason,overfit_risk,passes_overfit_filter,passes_regime_filter,passes_aaa_score,passes_aaa_filters,validation_passed,validation_reason,val_expectancy,val_expectancy_net,val_win_rate,val_sharpe,val_trades
atr_14_bin == 0,single,LONG,fwd_ret_180m,40.45532346397013,0.0,0.10244408,0.539538873026442,0.7585114,0.6662936,1.3339092,1.5255344506377713,177218,0.10244408,1.0660194,atr_14_bin,0,,,,,0.381057934379683,bear_low_vol,False,False,"(True, 'Expectancy too high (10.244% > 10.000%)')",True,Expectancy too high (10.244% > 10.000%),0.8162857963572737,False,True,True,False,,,,,,,
avwap_cross_up_bin == True AND atr_14_bin == 0,double,LONG,fwd_ret_180m,33.594661195479866,0.0,0.1245709,0.548653416441256,0.781538,0.6740332,1.409473,1.828876806479224,85030,0.1245709,1.0812657,,,avwap_cross_up_bin,True,atr_14_bin,0,0.3778495139363606,bear_low_vol,True,True,"(True, 'Expectancy too high (12.457% > 10.000%)')",True,Expectancy too high (12.457% > 10.000%),1.2074542232389376,False,True,True,False,,,,,,,
ret_60m_bin == 2.0 AND atr_14_bin == 0,double,LONG,fwd_ret_180m,26.593709089775675,0.0,0.124804586,0.5448801832011123,0.77754796,0.6566751,1.4175941,1.908926627033399,48908,0.124804586,1.0378667,,,ret_60m_bin,2.0,atr_14_bin,0,0.30754972320296287,bear_low_vol,False,False,"(True, 'Expectancy too high (12.480% > 10.000%)')",True,Expectancy too high (12.480% > 10.000%),1.242269541639963,False,True,True,False,,,,,,,
ret_30m_bin == 2.0 AND atr_14_bin == 0,double,LONG,fwd_ret_180m,25.869072235976347,0.0,0.11936502,0.5492667604886904,0.75170946,0.6512145,1.4066617,1.854618616566934,49029,0.11936502,1.0216985,,,ret_30m_bin,2.0,atr_14_bin,0,0.2889888222829683,bear_low_vol,False,False,"(True, 'Expectancy too high (11.937% > 10.000%)')",True,Expectancy too high (11.937% > 10.000%),1.1694930451250292,False,True,True,False,,,,,,,
ret_60m_turned_positive_bin == True AND atr_14_bin == 0,double,LONG,fwd_ret_180m,28.725236960405535,0.0,0.10721882,0.5415659944392507,0.75492185,0.65793806,1.3554751,1.5889045197185405,82363,0.10721882,1.0712072,,,ret_60m_turned_positive_bin,True,atr_14_bin,0,0.284433115598452,bear_low_vol,True,True,"(True, 'Expectancy too high (10.722% > 10.000%)')",True,Expectancy too high (10.722% > 10.000%),0.899772417501886,False,True,True,False,,,,,,,
atr_14_bin == 0 AND price_vs_vwap_pct_bin == 2,double,LONG,fwd_ret_180m,24.778171290186698,0.0,0.11727885,0.5457688508396444,0.75217736,0.6455659,1.3999467,1.7843791761250298,48592,0.11727885,1.0433568,,,atr_14_bin,0,price_vs_vwap_pct_bin,2,0.26568475273996023,bear_low_vol,False,False,"(True, 'Expectancy too high (11.728% > 10.000%)')",True,Expectancy too high (11.728% > 10.000%),1.1065158054287925,False,True,True,False,,,,,,,
ret_15m_bin == 2.0 AND atr_14_bin == 0,double,LONG,fwd_ret_180m,24.319128231375114,0.0,0.1133555,0.5433682078974013,0.7587177,0.6545921,1.3792326,1.720116963997135,50371,0.1133555,1.0461282,,,ret_15m_bin,2.0,atr_14_bin,0,0.25981764232733295,bear_low_vol,False,False,"(True, 'Expectancy too high (11.336% > 10.000%)')",True,Expectancy too high (11.336% > 10.000%),1.0303499226556594,False,True,True,False,,,,,,,
ret_30m_turned_positive_bin == True AND atr_14_bin == 0,double,LONG,fwd_ret_180m,26.858474929394355,0.0,0.102643706,0.5381008206330598,0.75330687,0.65536237,1.3390812,1.547433883531797,75917,0.102643706,1.0529809,,,ret_30m_turned_positive_bin,True,atr_14_bin,0,0.25884713541085863,bear_low_vol,True,True,"(True, 'Expectancy too high (10.264% > 10.000%)')",True,Expectancy too high (10.264% > 10.000%),0.8263556420768559,False,True,True,False,,,,,,,
vwap_cross_up_bin == True AND atr_14_bin == 0,double,LONG,fwd_ret_180m,26.993107252100845,0.0,0.10014419,0.5363103175938992,0.7464603,0.6473946,1.3336025,1.5418440035512535,77237,0.10014419,1.0310639,,,vwap_cross_up_bin,True,atr_14_bin,0,0.2583424214656966,bear_low_vol,True,True,"(True, 'Expectancy too high (10.014% > 10.000%)')",True,Expectancy too high (10.014% > 10.000%),0.7949845627275091,False,True,True,False,,,,,,,
ret_15m_turned_positive_bin == True AND atr_14_bin == 0,double,LONG,fwd_ret_180m,26.004510614638296,0.0,0.10091069,0.5360657140412424,0.7427955,0.6407729,1.3394507,1.5589127591983296,70122,0.10091069,1.02758,,,ret_15m_turned_positive_bin,True,atr_14_bin,0,0.25152130954956997,bear_low_vol,True,True,"(True, 'Expectancy too high (10.091% > 10.000%)')",True,Expectancy too high (10.091% > 10.000%),0.8106947417522367,False,True,True,False,,,,,,,
ret_5m_turned_positive_bin == True AND atr_14_bin == 0,double,LONG,fwd_ret_180m,25.3967125127937,0.0,0.10345769,0.5369245986456669,0.7452982,0.64074063,1.3486814,1.572698693366417,65715,0.10345769,1.0442814,,,ret_5m_turned_positive_bin,True,atr_14_bin,0,0.24821189342686445,bear_low_vol,True,True,"(True, 'Expectancy too high (10.346% > 10.000%)')",True,Expectancy too high (10.346% > 10.000%),0.8447754368273255,False,True,True,False,,,,,,,
rvol_bin == 0 AND atr_14_bin == 0,double,LONG,fwd_ret_180m,25.167993565517005,0.0,0.10027477,0.5351122111713126,0.73605675,0.63154644,1.3415372,1.5521240509099958,66259,0.10027477,1.0255705,,,rvol_bin,0,atr_14_bin,0,0.24193914522759538,bear_low_vol,False,False,"(True, 'Expectancy too high (10.027% > 10.000%)')",True,Expectancy too high (10.027% > 10.000%),0.7990341623171238,False,True,True,False,,,,,,,
ret_5m_bin == 2.0 AND atr_14_bin == 0,double,LONG,fwd_ret_180m,22.898239532709695,0.0,0.10438386,0.5392521073374946,0.7556992,0.65790534,1.3443552,1.5785038325734972,53029,0.10438386,1.0497551,,,ret_5m_bin,2.0,atr_14_bin,0,0.2255931161542559,bear_low_vol,False,False,"(True, 'Expectancy too high (10.438% > 10.000%)')",True,Expectancy too high (10.438% > 10.000%),0.8615947660487511,False,True,True,False,,,,,,,
session_range_pct_bin == 4 AND atr_14_bin == 0,double,LONG,fwd_ret_180m,26.852781156744772,0.0,0.1551873,0.5476211970750203,0.8203171,0.64997685,1.5277839,2.3383948043206586,33231,0.1551873,1.0535098,,,session_range_pct_bin,4,atr_14_bin,0,0.21993770406431806,bear_low_vol,False,False,"(True, 'Expectancy too high (15.519% > 10.000%)')",True,Expectancy too high (15.519% > 10.000%),1.7663127351817536,False,True,True,False,,,,,,,
is_power_hour_bin == True,single,LONG,fwd_ret_180m,28.81939225077359,0.0,0.114623755,0.5450179990949798,1.0694945,1.0292057,1.2447813,1.1889451889833877,148063,0.114623755,1.5304286,is_power_hour_bin,True,,,,,0.2121641883288312,bear_low_vol,False,False,"(True, 'Expectancy too high (11.462% > 10.000%)')",True,Expectancy too high (11.462% > 10.000%),0.9362735503559447,False,True,True,False,,,,,,,
ret_60m_bin == 3.0 AND atr_14_bin == 0,double,LONG,fwd_ret_180m,22.72295865706851,0.0,0.11758139,0.5493357115089982,0.74824095,0.65115905,1.4006804,1.7249258787728303,43731,0.11758139,1.0821025,,,ret_60m_bin,3.0,atr_14_bin,0,0.21055271228951794,bear_low_vol,False,False,"(True, 'Expectancy too high (11.758% > 10.000%)')",True,Expectancy too high (11.758% > 10.000%),1.0869482608485872,False,True,True,False,,,,,,,
atr_14_bin == 0 AND price_vs_vwap_pct_bin == 3,double,LONG,fwd_ret_180m,22.15247730412439,0.0,0.105112195,0.542157263706223,0.74375874,0.6511449,1.3525813,1.631537200905683,46457,0.105112195,1.0227191,,,atr_14_bin,0,price_vs_vwap_pct_bin,3,0.20904606803863554,bear_low_vol,False,False,"(True, 'Expectancy too high (10.511% > 10.000%)')",True,Expectancy too high (10.511% > 10.000%),0.9012050780148235,False,True,True,False,,,,,,,
rel_strength_60m_bin == 2.0 AND atr_14_bin == 0,double,LONG,fwd_ret_180m,21.55636892031394,0.0,0.10363578,0.5404527308247685,0.7642908,0.67333066,1.3349278,1.57689329142638,47092,0.10363578,1.0432963,,,rel_strength_60m_bin,2.0,atr_14_bin,0,0.19992670133473117,bear_low_vol,False,False,"(True, 'Expectancy too high (10.364% > 10.000%)')",True,Expectancy too high (10.364% > 10.000%),0.8557099124955929,False,True,True,False,,,,,,,
ret_15m_bin == 3.0 AND atr_14_bin == 0,double,LONG,fwd_ret_180m,21.460637014836028,0.0,0.100787744,0.5398662047024471,0.7318151,0.63958454,1.3424724,1.5903002747363222,45891,0.100787744,1.0060716,,,ret_15m_bin,3.0,atr_14_bin,0,0.19572741451529987,bear_low_vol,False,False,"(True, 'Expectancy too high (10.079% > 10.000%)')",True,Expectancy too high (10.079% > 10.000%),0.832759986033538,False,True,True,False,,,,,,,
ret_5m_bin == 3.0 AND atr_14_bin == 0,double,LONG,fwd_ret_180m,21.80722852552002,0.0,0.10807436,0.5403757769152001,0.7335425,0.6272825,1.3748492,1.689321411332119,41993,0.10807436,1.0155718,,,ret_5m_bin,3.0,atr_14_bin,0,0.19324014416887755,bear_low_vol,False,False,"(True, 'Expectancy too high (10.807% > 10.000%)')",True,Expectancy too high (10.807% > 10.000%),0.9561558554542158,False,True,True,False,,,,,,,
rel_strength_60m_bin == 3.0 AND atr_14_bin == 0,double,LONG,fwd_ret_180m,21.567201429903612,0.0,0.11275781,0.5458746644882717,0.75967145,0.66485524,1.3734596,1.6540322631759943,42845,0.11275781,1.0821885,,,rel_strength_60m_bin,3.0,atr_14_bin,0,0.18897195237526201,bear_low_vol,False,False,"(True, 'Expectancy too high (11.276% > 10.000%)')",True,Expectancy too high (11.276% > 10.000%),0.9963435551661717,False,True,True,False,,,,,,,
avwap_cross_up_bin == True AND ret_60m_bin == 3.0,double,LONG,fwd_ret_180m,25.301309561901267,0.0,0.08399423,0.5359440046051039,0.7910903,0.73263973,1.2470521,1.1600947754610238,119867,0.08399423,1.1493605,,,avwap_cross_up_bin,True,ret_60m_bin,3.0,0.18207157359513346,bear_low_vol,True,True,"(False, 'PASS')",False,PASS,0.6118303303915051,True,True,True,True,False,Net expectancy 0.362% < 1.000% after 2.0 bps cost,0.02361793,0.0036179312,0.49526858567543064,0.28162408,35296.0
ret_60m_bin == 2.0,single,LONG,fwd_ret_180m,27.902796886863637,0.0,0.07712168,0.5325684573430921,0.7969058,0.7429649,1.2220701,1.0530309864451655,176935,0.07712168,1.1626142,ret_60m_bin,2.0,,,,,0.18111340138845541,bear_low_vol,False,False,"(False, 'PASS')",False,PASS,0.5363537393369486,True,True,True,False,,,,,,,
ret_60m_bin == 3.0,single,LONG,fwd_ret_180m,27.747370223340265,0.0,0.07650634,0.5363040970069904,0.78724444,0.7455232,1.2213111,1.0475294573669425,176812,0.07650634,1.1593951,ret_60m_bin,3.0,,,,,0.18042031867623498,bear_low_vol,False,False,"(False, 'PASS')",False,PASS,0.5376715841497459,True,True,True,False,,,,,,,
ret_60m_turned_positive_bin == True AND ret_60m_bin == 3.0,double,LONG,fwd_ret_180m,27.747370223340265,0.0,0.07650634,0.5363040970069904,0.78724444,0.7455232,1.2213111,1.0475294573669425,176812,0.07650634,1.1593951,,,ret_60m_turned_positive_bin,True,ret_60m_bin,3.0,0.18042031867623498,bear_low_vol,True,True,"(False, 'PASS')",False,PASS,0.5376715841497459,True,True,True,True,False,Net expectancy 0.654% < 1.000% after 2.0 bps cost,0.026535481,0.0065354817,0.4946865536893186,0.31888357,53167.0
ret_30m_bin == 3.0 AND atr_14_bin == 0,double,LONG,fwd_ret_180m,20.564836874405334,0.0,0.1016586,0.5388872835582031,0.751741,0.6580714,1.3350147,1.5391195550439578,44989,0.1016586,1.0485086,,,ret_30m_bin,3.0,atr_14_bin,0,0.1776307516439618,bear_low_vol,False,False,"(True, 'Expectancy too high (10.166% > 10.000%)')",True,Expectancy too high (10.166% > 10.000%),0.8139203205237764,False,True,True,False,,,,,,,
rvol_bin == 0,single,LONG,fwd_ret_180m,26.966117657306263,0.0,0.067005634,0.5227616745362944,0.72871,0.65781814,1.2134372,1.0173450280115508,177052,0.067005634,1.0455464,rvol_bin,0,,,,,0.16598799918232926,bear_low_vol,False,False,"(False, 'PASS')",False,PASS,0.4155796921512021,True,True,True,False,,,,,,,
session_range_pct_bin == 3 AND atr_14_bin == 0,double,LONG,fwd_ret_180m,21.206098215130968,0.0,0.125319,0.5563634375683358,0.7750988,0.68956816,1.4096494,1.7600112403095467,36584,0.125319,1.1303209,,,session_range_pct_bin,3,atr_14_bin,0,0.16550595121826545,bear_low_vol,False,False,"(True, 'Expectancy too high (12.532% > 10.000%)')",True,Expectancy too high (12.532% > 10.000%),1.195922535879824,False,True,True,False,,,,,,,
avwap_cross_up_bin == True AND rvol_bin == 0,double,LONG,fwd_ret_180m,21.670190126278897,0.0,0.08084425,0.5256483380459449,0.75761986,0.6691182,1.25471,1.1983715324426008,82403,0.08084425,1.0709223,,,avwap_cross_up_bin,True,rvol_bin,0,0.1579922407391034,bear_low_vol,True,True,"(False, 'PASS')",False,PASS,0.5597392091080946,True,True,True,True,True,PASS,0.054690678,0.034690678,0.49039069914583994,0.75194263,25288.0
ret_30m_bin == 2.0,single,LONG,fwd_ret_180m,25.851901401482728,0.0,0.07138494,0.5335654493762824,0.78555447,0.74557036,1.2052709,0.9756647506275341,176923,0.07138494,1.1614653,ret_30m_bin,2.0,,,,,0.15576398972407013,bear_low_vol,False,False,"(False, 'PASS')",False,PASS,0.4809802644637769,True,True,True,False,,,,,,,
ret_30m_bin == 2.0 AND price_vs_vwap_pct_bin == 2,double,LONG,fwd_ret_180m,19.89987751057242,0.0,0.085661344,0.5391990148938666,0.7801828,0.727022,1.255696,1.209504692329371,68216,0.085661344,1.1242881,,,ret_30m_bin,2.0,price_vs_vwap_pct_bin,2,0.15020808466719604,bear_low_vol,False,False,"(False, 'PASS')",False,PASS,0.6350114720894833,True,True,True,False,,,,,,,
atr_14_bin == 1,single,LONG,fwd_ret_180m,25.401942750034774,0.0,0.07102703,0.5312939501940163,0.7856063,0.7389724,1.2050666,0.9583472641269376,177047,0.07102703,1.1765246,atr_14_bin,1,,,,,0.14969626632427058,bear_low_vol,False,False,"(False, 'PASS')",False,PASS,0.4728582306979004,True,True,True,False,,,,,,,
avwap_cross_up_bin == True AND ret_60m_bin == 2.0,double,LONG,fwd_ret_180m,20.76763275007767,0.0,0.08553163,0.5375683624895168,0.8206556,0.7690366,1.2405095,1.133054195281774,84659,0.08553163,1.1983297,,,avwap_cross_up_bin,True,ret_60m_bin,2.0,0.14640558260996692,bear_low_vol,True,True,"(False, 'PASS')",False,PASS,0.6304530211988593,True,True,True,True,False,Net expectancy -0.492% < 1.000% after 2.0 bps cost,0.015079812,-0.0049201874,0.48889495012468825,0.17823198,25664.0
ret_60m_bin == 2.0 AND price_vs_vwap_pct_bin == 2,double,LONG,fwd_ret_180m,18.252628604385066,0.0,0.0939608,0.5408764031209893,0.7970492,0.73432153,1.278696,1.3078032912246658,49087,0.0939608,1.1405243,,,ret_60m_bin,2.0,price_vs_vwap_pct_bin,2,0.14623082415463592,bear_low_vol,False,False,"(False, 'PASS')",False,PASS,0.7213607990102662,True,True,True,False,,,,,,,
vwap_cross_up_bin == True AND ret_60m_bin == 3.0,double,LONG,fwd_ret_180m,21.548945872327113,0.0,0.0773988,0.5387344883637949,0.7776913,0.74050695,1.2265971,1.0769559850060435,100892,0.0773988,1.140871,,,vwap_cross_up_bin,True,ret_60m_bin,3.0,0.144705494184516,bear_low_vol,True,True,"(False, 'PASS')",False,PASS,0.5514569703255741,True,True,True,True,False,Net expectancy -1.418% < 1.000% after 2.0 bps cost,0.005815853,-0.014184147,0.4913294797687861,0.070502125,29756.0
session_range_pct_bin == 3,single,LONG,fwd_ret_180m,24.940493988639947,0.0,0.07153549,0.5302743373337329,0.808667,0.7606139,1.2002225,0.9413316136406941,176899,0.07153549,1.2063663,session_range_pct_bin,3,,,,,0.1440902393790687,bear_low_vol,False,False,"(False, 'PASS')",False,PASS,0.4759035791998983,True,True,True,False,,,,,,,
ret_15m_bin == 2.0,single,LONG,fwd_ret_180m,24.867257516875952,0.0,0.06836259,0.530621817585858,0.7841883,0.7408627,1.1965884,0.9384347803407183,176949,0.06836259,1.1564176,ret_15m_bin,2.0,,,,,0.1433188608153986,bear_low_vol,False,False,"(False, 'PASS')",False,PASS,0.44486957167989477,True,True,True,False,,,,,,,
ret_15m_bin == 1.0 AND atr_14_bin == 0,double,LONG,fwd_ret_180m,19.079629683201713,0.0,0.10391717,0.5436634583972055,0.76645243,0.68540424,1.3322426,1.5183324919442067,39793,0.10391717,1.0864774,,,ret_15m_bin,1.0,atr_14_bin,0,0.1431189526853034,bear_low_vol,False,False,"(True, 'Expectancy too high (10.392% > 10.000%)')",True,Expectancy too high (10.392% > 10.000%),0.8356648286734205,False,True,True,False,,,,,,,
price_vs_vwap_pct_bin == 2,single,LONG,fwd_ret_180m,24.812375842475504,0.0,0.068491,0.5308459173523826,0.78539336,0.74268115,1.1965692,0.9363769257898852,176944,0.068491,1.1611359,price_vs_vwap_pct_bin,2,,,,,0.14274923626702565,bear_low_vol,False,False,"(False, 'PASS')",False,PASS,0.4466018042730178,True,True,True,False,,,,,,,
ret_5m_bin == 1.0 AND atr_14_bin == 0,double,LONG,fwd_ret_180m,19.045845449300504,0.0,0.10320226,0.5438788774755945,0.7613752,0.6816032,1.3319536,1.5264225723586866,39233,0.10320226,1.0732841,,,ret_5m_bin,1.0,atr_14_bin,0,0.14154864787858917,bear_low_vol,False,False,"(True, 'Expectancy too high (10.320% > 10.000%)')",True,Expectancy too high (10.320% > 10.000%),0.832991651437272,False,True,True,False,,,,,,,
ret_60m_turned_positive_bin == True AND is_power_hour_bin == True,double,LONG,fwd_ret_180m,19.603360275059018,0.0,0.111215144,0.5537818320030407,1.0458053,1.0486639,1.2376733,1.167584968624407,71037,0.111215144,1.5120833,,,ret_60m_turned_positive_bin,True,is_power_hour_bin,True,0.1394026766434914,bear_low_vol,True,True,"(True, 'Expectancy too high (11.122% > 10.000%)')",True,Expectancy too high (11.122% > 10.000%),0.9197151079643637,False,True,True,False,,,,,,,
ret_60m_turned_positive_bin == True AND rel_strength_60m_bin == 2.0,double,LONG,fwd_ret_180m,19.805863044399864,0.0,0.08430966,0.536802226689346,0.81132543,0.75823253,1.2400539,1.1286310912736413,77604,0.08430966,1.1858387,,,ret_60m_turned_positive_bin,True,rel_strength_60m_bin,2.0,0.13888212334335245,bear_low_vol,True,True,"(False, 'PASS')",False,PASS,0.6167010523615029,True,True,True,True,False,Expectancy dropped 62.2% (limit: 50.0%),0.031895988,0.011895988,0.48435739665482275,0.4075567,23078.0
ret_60m_bin == 3.0 AND price_vs_vwap_pct_bin == 3,double,LONG,fwd_ret_180m,18.03702191395593,0.0,0.08926412,0.5449201085318058,0.7832808,0.74176276,1.2644383,1.2428890328792446,53072,0.08926412,1.1401049,,,ret_60m_bin,3.0,price_vs_vwap_pct_bin,3,0.13883599484828973,bear_low_vol,False,False,"(False, 'PASS')",False,PASS,0.6824813888766228,True,True,True,False,,,,,,,
price_up_vol_weak_bin == True AND ret_60m_bin == 3.0,double,LONG,fwd_ret_180m,20.22268072648608,0.0,0.076645724,0.5349407245044663,0.7549702,0.70360625,1.2342339,1.1020278894568825,84858,0.076645724,1.1040674,,,price_up_vol_weak_bin,True,ret_60m_bin,3.0,0.1379822523666374,bear_low_vol,True,True,"(False, 'PASS')",False,PASS,0.5363386937627701,True,True,True,True,False,Expectancy dropped 53.5% (limit: 50.0%),0.035659697,0.015659697,0.4901825433348673,0.4594417,26076.0
rel_strength_60m_bin == 1.0,single,LONG,fwd_ret_180m,24.394736371647603,0.0,0.069814004,0.5300358350007348,0.8064728,0.7610058,1.1952045,0.9206731738425139,176922,0.069814004,1.2037529,rel_strength_60m_bin,1.0,,,,,0.13778219791691057,bear_low_vol,False,False,"(False, 'PASS')",False,PASS,0.4582117100414858,True,True,True,False,,,,,,,
ret_15m_bin == 1.0,single,LONG,fwd_ret_180m,24.381173087804893,0.0,0.06857506,0.5303773435645914,0.7955867,0.75248945,1.1940515,0.9200260951455999,176974,0.06857506,1.1832223,ret_15m_bin,1.0,,,,,0.1376974712059102,bear_low_vol,False,False,"(False, 'PASS')",False,PASS,0.44650530570618635,True,True,True,False,,,,,,,
avwap_cross_up_bin == True,single,LONG,fwd_ret_180m,30.547829339917016,0.0,0.056174267,0.52299528023877,0.81308806,0.77371764,1.1522061,0.7445752777790579,424174,0.056174267,1.1976477,avwap_cross_up_bin,True,,,,,0.1376806776888416,bear_low_vol,True,True,"(False, 'PASS')",False,PASS,0.3077332313116044,True,True,True,True,False,Net expectancy -1.642% < 1.000% after 2.0 bps cost,0.003582438,-0.016417561,0.48265829690007667,0.042036004,126487.0
avwap_cross_up_bin == True AND is_power_hour_bin == True,double,LONG,fwd_ret_180m,19.638392152666164,0.0,0.108469985,0.5475046405392241,1.0720925,1.0574818,1.226685,1.1311257328154638,75961,0.108469985,1.5222956,,,avwap_cross_up_bin,True,is_power_hour_bin,True,0.13690486948105998,bear_low_vol,True,True,"(True, 'Expectancy too high (10.847% > 10.000%)')",True,Expectancy too high (10.847% > 10.000%),0.8797091353331707,False,True,True,False,,,,,,,
avwap_cross_up_bin == True AND rel_strength_60m_bin == 1.0,double,LONG,fwd_ret_180m,17.93896394867413,0.0,0.09578048,0.5363777930684822,0.8733962,0.8038653,1.256998,1.211785730484861,55226,0.09578048,1.2547333,,,avwap_cross_up_bin,True,rel_strength_60m_bin,1.0,0.13495228355840486,bear_low_vol,True,True,"(False, 'PASS')",False,PASS,0.730560355414537,True,True,True,True,True,PASS,0.06695517,0.046955172,0.5012155351319301,0.7574313,16865.0
ret_15m_turned_positive_bin == True AND ret_60m_bin == 3.0,double,LONG,fwd_ret_180m,20.302351648040858,0.0,0.07629131,0.5369842444289693,0.77798325,0.7374986,1.2234179,1.0631129243509136,91904,0.07629131,1.1391894,,,ret_15m_turned_positive_bin,True,ret_60m_bin,3.0,0.1341447080144695,bear_low_vol,True,True,"(False, 'PASS')",False,PASS,0.5368815669276255,True,True,True,True,False,Net expectancy -1.602% < 1.000% after 2.0 bps cost,0.0039773774,-0.016022623,0.4851170692074747,0.048048805,27078.0
avwap_cross_up_bin == True AND ret_30m_bin == 2.0,double,LONG,fwd_ret_180m,19.90911662835171,0.0,0.081644036,0.5366907152188497,0.8151418,0.7680291,1.2294436,1.0842442839388233,84967,0.081644036,1.195357,,,avwap_cross_up_bin,True,ret_30m_bin,2.0,0.13408786367369602,bear_low_vol,True,True,"(False, 'PASS')",False,PASS,0.5898217891956721,True,True,True,True,False,Net expectancy -0.949% < 1.000% after 2.0 bps cost,0.010505252,-0.009494748,0.492949733837214,0.124735095,24609.0
ret_15m_bin == 2.0 AND ret_60m_bin == 2.0,double,LONG,fwd_ret_180m,17.6518505739917,0.0,0.092332855,0.5386853194720743,0.7980734,0.73177284,1.273516,1.295998096763619,46749,0.092332855,1.1309729,,,ret_15m_bin,2.0,ret_60m_bin,2.0,0.13335777005906382,bear_low_vol,False,False,"(False, 'PASS')",False,PASS,0.7006991876139637,True,True,True,False,,,,,,,
price_up_vol_weak_bin == True AND atr_14_bin == 0,double,LONG,fwd_ret_180m,18.314957856112095,0.0,0.099085175,0.538237233125412,0.74588597,0.6548349,1.3276861,1.4640259007693452,39438,0.099085175,1.0743856,,,price_up_vol_weak_bin,True,atr_14_bin,0,0.13175270998299202,bear_low_vol,True,True,"(False, 'PASS')",False,PASS,0.7673262112602464,True,True,True,True,True,PASS,0.082039244,0.062039245,0.5098897662418889,1.1484214,12791.0
ret_30m_bin == 1.0,single,LONG,fwd_ret_180m,23.80695045770545,0.0,0.06634198,0.5284316273603562,0.7905473,0.7451904,1.1887889,0.8983272554648746,176986,0.06634198,1.1723415,ret_30m_bin,1.0,,,,,0.13080170499144006,bear_low_vol,False,False,"(False, 'PASS')",False,PASS,0.42028306763842177,True,True,True,False,,,,,,,
ret_5m_bin == 2.0,single,LONG,fwd_ret_180m,23.801237182052265,0.0,0.06486059,0.5282097649186257,0.7789667,0.7346426,1.1871355,0.8981776384750014,176960,0.06486059,1.1463544,ret_5m_bin,2.0,,,,,0.13069363998033776,bear_low_vol,False,False,"(False, 'PASS')",False,PASS,0.4050254278599031,True,True,True,False,,,,,,,
ret_5m_turned_positive_bin == True AND is_power_hour_bin == True,double,LONG,fwd_ret_180m,17.875199722624842,0.0,0.11219594,0.5504231867804511,1.0428991,1.0272769,1.2429327,1.1878419263102358,57067,0.11219594,1.4994043,,,ret_5m_turned_positive_bin,True,is_power_hour_bin,True,0.1301441863249141,bear_low_vol,True,True,"(True, 'Expectancy too high (11.220% > 10.000%)')",True,Expectancy too high (11.220% > 10.000%),0.9228057618169752,False,True,True,False,,,,,,,
avwap_cross_up_bin == True AND ret_5m_bin == 2.0,double,LONG,fwd_ret_180m,19.560364079511476,0.0,0.07797329,0.5334309016016145,0.8023216,0.7501779,1.2227746,1.0667589662061083,84727,0.07797329,1.1603255,,,avwap_cross_up_bin,True,ret_5m_bin,2.0,0.12882722861764334,bear_low_vol,True,True,"(False, 'PASS')",False,PASS,0.5465947159820834,True,True,True,True,False,Net expectancy 0.700% < 1.000% after 2.0 bps cost,0.026999855,0.006999856,0.4964882345938653,0.32707763,25201.0
ret_60m_turned_positive_bin == True,single,LONG,fwd_ret_180m,29.340637392915607,0.0,0.05284968,0.5213427556760355,0.79054594,0.7506327,1.1470922,0.7207676664612225,417589,0.05284968,1.1639849,ret_60m_turned_positive_bin,True,,,,,0.12760698302465115,bear_low_vol,True,True,"(False, 'PASS')",False,PASS,0.27118231320525094,True,True,True,True,False,Net expectancy -1.626% < 1.000% after 2.0 bps cost,0.0037445961,-0.016255403,0.48294172629407595,0.04473111,124104.0
avwap_cross_up_bin == True AND rel_strength_60m_bin == 3.0,double,LONG,fwd_ret_180m,20.932916457270217,0.0,0.07374704,0.5306452042274143,0.8069909,0.75524706,1.2080436,0.9898777141568368,112693,0.07374704,1.1826693,,,avwap_cross_up_bin,True,rel_strength_60m_bin,3.0,0.12726289196776827,bear_low_vol,True,True,"(False, 'PASS')",False,PASS,0.4987607968673043,True,True,True,True,False,Net expectancy -0.070% < 1.000% after 2.0 bps cost,0.019301243,-0.0006987564,0.49247562218017754,0.22365282,34355.0
avwap_cross_up_bin == True AND ret_15m_bin == 2.0,double,LONG,fwd_ret_180m,19.310215321204435,0.0,0.078568034,0.5352155936207915,0.810464,0.76423603,1.2211906,1.0535955096804734,84650,0.078568034,1.1837834,,,avwap_cross_up_bin,True,ret_15m_bin,2.0,0.12603061143450414,bear_low_vol,True,True,"(False, 'PASS')",False,PASS,0.5561115259819318,True,True,True,True,False,Net expectancy 0.717% < 1.000% after 2.0 bps cost,0.027173473,0.007173473,0.5016642891107941,0.31953362,25236.0
price_vs_vwap_pct_bin == 1,single,LONG,fwd_ret_180m,23.34343306858878,0.0,0.06628258,0.5274809721037197,0.8039961,0.75723946,1.185245,0.880859383191453,176977,0.06628258,1.194519,price_vs_vwap_pct_bin,1,,,,,0.12553486720727944,bear_low_vol,False,False,"(False, 'PASS')",False,PASS,0.417787722334156,True,True,True,False,,,,,,,
atr_14_bin == 0 AND price_vs_vwap_pct_bin == 1,double,LONG,fwd_ret_180m,17.723511879562306,0.0,0.09743196,0.5361359705196661,0.77749974,0.68859327,1.3050337,1.408680742963593,39891,0.09743196,1.0979666,,,atr_14_bin,0,price_vs_vwap_pct_bin,1,0.12360284895264875,bear_low_vol,False,False,"(False, 'PASS')",False,PASS,0.7465915182564342,True,True,True,False,,,,,,,
ret_60m_bin == 2.0 AND rvol_bin == 0,double,LONG,fwd_ret_180m,17.642532402687284,0.0,0.091543674,0.5301948444874743,0.7541808,0.65627015,1.2969121,1.377867094330632,41315,0.091543674,1.0546814,,,ret_60m_bin,2.0,rvol_bin,0,0.12326158928740824,bear_low_vol,False,False,"(False, 'PASS')",False,PASS,0.67582643366489,True,True,True,False,,,,,,,
ret_30m_bin == 2.0 AND ret_60m_bin == 2.0,double,LONG,fwd_ret_180m,17.040624176220238,0.0,0.08490358,0.5413260837833893,0.79533195,0.75354266,1.2456485,1.1554836153154218,54808,0.08490358,1.1664402,,,ret_30m_bin,2.0,ret_60m_bin,2.0,0.12276130430369447,bear_low_vol,False,False,"(False, 'PASS')",False,PASS,0.6316879968724274,True,True,True,False,,,,,,,
ret_60m_bin == 3.0 AND is_power_hour_bin == True,double,LONG,fwd_ret_180m,18.639734276147543,0.0,0.1427879,0.5673925501432665,1.0095001,0.99396116,1.3320688,1.583898205135653,34900,0.1427879,1.4310817,,,ret_60m_bin,3.0,is_power_hour_bin,True,0.12226258596584706,bear_low_vol,False,False,"(True, 'Expectancy too high (14.279% > 10.000%)')",True,Expectancy too high (14.279% > 10.000%),1.3046132383272293,False,True,True,False,,,,,,,
ret_30m_bin == 1.0 AND rel_strength_60m_bin == 1.0,double,LONG,fwd_ret_180m,17.081704005987252,0.0,0.08657305,0.5353193491756104,0.8170613,0.7549608,1.2467766,1.153595484385512,55253,0.08657305,1.1913228,,,ret_30m_bin,1.0,rel_strength_60m_bin,1.0,0.12209108079253476,bear_low_vol,False,False,"(False, 'PASS')",False,PASS,0.6363691926120087,True,True,True,False,,,,,,,
rel_strength_60m_bin == 3.0,single,LONG,fwd_ret_180m,22.919957002107733,0.0,0.06377801,0.5312224308367454,0.78594106,0.7545828,1.1803007,0.865243923009252,176828,0.06377801,1.1701262,rel_strength_60m_bin,3.0,,,,,0.12193124790823907,bear_low_vol,False,False,"(False, 'PASS')",False,PASS,0.4002249915830061,True,True,True,False,,,,,,,
atr_14_bin == 0 AND is_power_hour_bin == True,double,LONG,fwd_ret_180m,19.498818311057864,0.0,0.15024161,0.5584088620342397,0.937634,0.8454461,1.402424,1.8563288629492,27804,0.15024161,1.2848002,,,atr_14_bin,0,is_power_hour_bin,True,0.12151137823605948,bear_low_vol,False,False,"(True, 'Expectancy too high (15.024% > 10.000%)')",True,Expectancy too high (15.024% > 10.000%),1.4973982894236946,False,True,True,False,,,,,,,
price_down_vol_weak_bin == True AND atr_14_bin == 0,double,LONG,fwd_ret_180m,17.15432694085039,0.0,0.08620386,0.5370226566782387,0.73438346,0.665641,1.2797222,1.3014162424601339,43784,0.08620386,1.0515035,,,price_down_vol_weak_bin,True,atr_14_bin,0,0.12151061044551702,bear_low_vol,True,True,"(False, 'PASS')",False,PASS,0.6360838959198776,True,True,True,True,True,PASS,0.11426444,0.09426445,0.5357344544142562,1.634864,15937.0
ret_60m_turned_positive_bin == True AND atr_14_bin == 1,double,LONG,fwd_ret_180m,18.83637743814454,0.0,0.07583001,0.5303319668641356,0.790712,0.7313886,1.2207506,1.0429013839963983,82207,0.07583001,1.1542454,,,ret_60m_turned_positive_bin,True,atr_14_bin,1,0.12057983669716976,bear_low_vol,True,True,"(False, 'PASS')",False,PASS,0.5189640593271787,True,True,True,True,False,Net expectancy -3.629% < 1.000% after 2.0 bps cost,-0.01628572,-0.03628572,0.4795428390015477,-0.190295,25199.0
ret_15m_bin == 2.0 AND ret_30m_bin == 2.0,double,LONG,fwd_ret_180m,16.855394691956345,0.0,0.08105392,0.537468077344035,0.7790136,0.72998416,1.2400595,1.1427985783344803,54820,0.08105392,1.1259124,,,ret_15m_bin,2.0,ret_30m_bin,2.0,0.11982503104269826,bear_low_vol,False,False,"(False, 'PASS')",False,PASS,0.5854753555900551,True,True,True,False,,,,,,,
ret_15m_bin == 2.0 AND price_vs_vwap_pct_bin == 2,double,LONG,fwd_ret_180m,18.743970791918873,0.0,0.07444151,0.5330268013793938,0.78013396,0.7310716,1.2180535,1.0350315303290678,82645,0.07444151,1.1417259,,,ret_15m_bin,2.0,price_vs_vwap_pct_bin,2,0.11968796498818363,bear_low_vol,False,False,"(False, 'PASS')",False,PASS,0.5104686773456559,True,True,True,False,,,,,,,
ret_60m_bin == 2.0 AND session_range_pct_bin == 3,double,LONG,fwd_ret_180m,17.070005549577598,0.0,0.09687792,0.5397609147609148,0.79737663,0.7246555,1.2904757,1.3171040273769654,42328,0.09687792,1.1676294,,,ret_60m_bin,2.0,session_range_pct_bin,3,0.11890474199683541,bear_low_vol,False,False,"(False, 'PASS')",False,PASS,0.7483010059954471,True,True,True,False,,,,,,,
rel_strength_60m_bin == 1.0 AND atr_14_bin == 0,double,LONG,fwd_ret_180m,17.156346211961022,0.0,0.08811973,0.53124411820064,0.76226985,0.67589897,1.278128,1.321022336671439,42504,0.08811973,1.0589203,,,rel_strength_60m_bin,1.0,atr_14_bin,0,0.11846093425057516,bear_low_vol,False,False,"(False, 'PASS')",False,PASS,0.643685539934834,True,True,True,False,,,,,,,
ret_15m_bin == 1.0 AND price_vs_vwap_pct_bin == 1,double,LONG,fwd_ret_180m,19.17223213685628,0.0,0.074381605,0.5311845778087927,0.796889,0.744245,1.2131807,1.004985718453622,91712,0.074381605,1.1749136,,,ret_15m_bin,1.0,price_vs_vwap_pct_bin,1,0.11845796944735427,bear_low_vol,False,False,"(False, 'PASS')",False,PASS,0.506185203524461,True,True,True,False,,,,,,,
rel_strength_60m_bin == 2.0,single,LONG,fwd_ret_180m,22.590050486251208,0.0,0.064047426,0.5309010353090103,0.7996708,0.7684916,1.1776634,0.852490878305641,176952,0.064047426,1.1926478,rel_strength_60m_bin,2.0,,,,,0.11833324442088634,bear_low_vol,False,False,"(False, 'PASS')",False,PASS,0.4022763304713837,True,True,True,False,,,,,,,
ret_5m_turned_positive_bin == True AND ret_60m_bin == 2.0,double,LONG,fwd_ret_180m,17.804573603924148,0.0,0.07778654,0.5337000979319085,0.78460276,0.7311947,1.2281425,1.0726042004009886,69436,0.07778654,1.1512383,,,ret_5m_turned_positive_bin,True,ret_60m_bin,2.0,0.11796539078487256,bear_low_vol,True,True,"(False, 'PASS')",False,PASS,0.5452656206160524,True,True,True,True,True,PASS,0.05305514,0.03305514,0.49670021062485376,0.6456651,21365.0
ret_5m_turned_positive_bin == True AND ret_60m_bin == 3.0,double,LONG,fwd_ret_180m,18.4475777677768,0.0,0.07380704,0.5349296016273114,0.776037,0.7339063,1.2162411,1.0251228642732517,81607,0.07380704,1.1429366,,,ret_5m_turned_positive_bin,True,ret_60m_bin,3.0,0.11708416383921434,bear_low_vol,True,True,"(False, 'PASS')",False,PASS,0.5079295869225686,True,True,True,True,False,Net expectancy -1.687% < 1.000% after 2.0 bps cost,0.0031306546,-0.016869346,0.4849002374307494,0.037307546,24007.0
avwap_cross_up_bin == True AND price_vs_vwap_pct_bin == 3,double,LONG,fwd_ret_180m,19.726133611450134,0.0,0.069883734,0.5304062747190957,0.7854171,0.73831147,1.2015646,0.9667061228888378,104929,0.069883734,1.1475772,,,avwap_cross_up_bin,True,price_vs_vwap_pct_bin,3,0.11706615394065698,bear_low_vol,True,True,"(False, 'PASS')",False,PASS,0.45964988931627376,True,True,True,True,False,Net expectancy -1.450% < 1.000% after 2.0 bps cost,0.005502874,-0.0144971255,0.4882032082109544,0.06760734,30983.0
avwap_cross_up_bin == True AND rel_strength_60m_bin == 2.0,double,LONG,fwd_ret_180m,18.517178101544058,0.0,0.07900471,0.5354170387569209,0.8354379,0.7927604,1.2145102,1.0143181521184006,83985,0.07900471,1.2364571,,,avwap_cross_up_bin,True,rel_strength_60m_bin,2.0,0.1163931566431604,bear_low_vol,True,True,"(False, 'PASS')",False,PASS,0.5608812015420477,True,True,True,True,False,Expectancy dropped 59.9% (limit: 50.0%),0.0317072,0.011707202,0.4850161724016991,0.38178673,25661.0
ret_60m_bin == 2.0 AND rel_strength_60m_bin == 2.0,double,LONG,fwd_ret_180m,18.55931377732787,0.0,0.0761154,0.5290469150048682,0.81146497,0.74994236,1.2155097,1.0214539954781001,83193,0.0761154,1.1829163,,,ret_60m_bin,2.0,rel_strength_60m_bin,2.0,0.116081007722534,bear_low_vol,False,False,"(False, 'PASS')",False,PASS,0.5192478260004896,True,True,True,False,,,,,,,
ret_60m_turned_positive_bin == True AND rvol_bin == 0,double,LONG,fwd_ret_180m,18.662310534828084,0.0,0.0677735,0.520125565103567,0.73121345,0.6513148,1.216841,1.0313837143593687,82507,0.0677735,1.0431335,,,ret_60m_turned_positive_bin,True,rvol_bin,0,0.11587243656988712,bear_low_vol,True,True,"(False, 'PASS')",False,PASS,0.41798611615474296,True,True,True,True,True,PASS,0.055934355,0.035934355,0.48932822271535203,0.7688509,24785.0
rvol_bin == 1 AND atr_14_bin == 0,double,LONG,fwd_ret_180m,17.551022943752436,0.0,0.09933843,0.5424809539582643,0.7578966,0.6815148,1.3185906,1.4637958572552714,36228,0.09933843,1.0773009,,,rvol_bin,1,atr_14_bin,0,0.11580769489504436,bear_low_vol,False,False,"(False, 'PASS')",False,PASS,0.7783461797766513,True,True,True,False,,,,,,,
ret_30m_turned_positive_bin == True AND ret_60m_bin == 2.0,double,LONG,fwd_ret_180m,17.837810255811068,0.0,0.07699189,0.5314385453745826,0.7948469,0.73719335,1.2228934,1.049765906111221,72761,0.07699189,1.1642675,,,ret_30m_turned_positive_bin,True,ret_60m_bin,2.0,0.11517900222158102,bear_low_vol,True,True,"(False, 'PASS')",False,PASS,0.5327960242599454,True,True,True,True,False,Net expectancy 0.830% < 1.000% after 2.0 bps cost,0.02830082,0.00830082,0.48716141818982606,0.33883202,22705.0
ret_5m_turned_positive_bin == True AND ret_5m_bin == 3.0,double,LONG,fwd_ret_180m,22.320078751112646,0.0,0.06074771,0.5276929860263193,0.7671276,0.728467,1.1765615,0.8424171013266131,176904,0.06074771,1.1447299,,,ret_5m_turned_positive_bin,True,ret_5m_bin,3.0,0.11483928406687893,bear_low_vol,True,True,"(False, 'PASS')",False,PASS,0.36286306330544243,True,True,True,True,True,PASS,0.042401828,0.022401828,0.49574731026461183,0.52726895,55024.0
ret_5m_bin == 3.0,single,LONG,fwd_ret_180m,22.320078751112646,0.0,0.06074771,0.5276929860263193,0.7671276,0.728467,1.1765615,0.8424171013266131,176904,0.06074771,1.1447299,ret_5m_bin,3.0,,,,,0.11483928406687893,bear_low_vol,False,False,"(False, 'PASS')",False,PASS,0.36286306330544243,True,True,True,False,,,,,,,
ret_30m_turned_positive_bin == True AND ret_60m_bin == 3.0,double,LONG,fwd_ret_180m,19.647812801017878,0.0,0.06800407,0.5349427065532191,0.7809199,0.75204355,1.1944399,0.9353997435208476,111182,0.06800407,1.1540854,,,ret_30m_turned_positive_bin,True,ret_60m_bin,3.0,0.11379023290893957,bear_low_vol,True,True,"(False, 'PASS')",False,PASS,0.4499261302313771,True,True,True,True,False,Net expectancy -0.158% < 1.000% after 2.0 bps cost,0.018419845,-0.0015801545,0.4947416275193211,0.22172631,32995.0
ret_15m_bin == 1.0 AND ret_30m_bin == 1.0,double,LONG,fwd_ret_180m,16.83085074230284,0.0,0.07937478,0.5353322608998491,0.79089487,0.74035,1.2307293,1.0880561463630316,60299,0.07937478,1.1580613,,,ret_15m_bin,1.0,ret_30m_bin,1.0,0.11346634067649213,bear_low_vol,False,False,"(False, 'PASS')",False,PASS,0.5644123492103961,True,True,True,False,,,,,,,
ret_15m_bin == 3.0 AND ret_60m_bin == 3.0,double,LONG,fwd_ret_180m,16.06594795160281,0.0,0.0815646,0.5413378238552212,0.7722943,0.7336717,1.2423857,1.1487661081558658,49289,0.0815646,1.1271205,,,ret_15m_bin,3.0,ret_60m_bin,3.0,0.1134281140868803,bear_low_vol,False,False,"(False, 'PASS')",False,PASS,0.5983216255651711,True,True,True,False,,,,,,,
price_up_vol_weak_bin == True AND rel_strength_60m_bin == 3.0,double,LONG,fwd_ret_180m,17.07323047845001,0.0,0.07615495,0.5325372291179563,0.76865816,0.71275014,1.2285671,1.073629047213045,63727,0.07615495,1.126015,,,price_up_vol_weak_bin,True,rel_strength_60m_bin,3.0,0.11298120118967364,bear_low_vol,True,True,"(False, 'PASS')",False,PASS,0.5266239310447505,True,True,True,True,False,Sharpe dropped 46.2% (limit: 40.0%),0.04626776,0.02626776,0.490426282374282,0.5777311,19846.0
avwap_cross_up_bin == True AND session_range_pct_bin == 3,double,LONG,fwd_ret_180m,21.38645782792175,0.0,0.0646656,0.5301315621407587,0.80104655,0.7661601,1.1796296,0.8579678063294026,156580,0.0646656,1.1964722,,,avwap_cross_up_bin,True,session_range_pct_bin,3,0.11258480257725767,bear_low_vol,True,True,"(False, 'PASS')",False,PASS,0.4069191308561482,True,True,True,True,False,Net expectancy -2.145% < 1.000% after 2.0 bps cost,-0.0014514487,-0.021451449,0.4771494639478663,-0.016950697,47570.0
ret_60m_turned_positive_bin == True AND rel_strength_60m_bin == 3.0,double,LONG,fwd_ret_180m,20.936344572732388,0.0,0.06452832,0.5300248481501932,0.7910294,0.75479937,1.1819047,0.8731661721916132,144880,0.06452832,1.1731505,,,ret_60m_turned_positive_bin,True,rel_strength_60m_bin,3.0,0.11214508573356886,bear_low_vol,True,True,"(False, 'PASS')",False,PASS,0.405332933400034,True,True,True,True,False,Sharpe dropped 53.0% (limit: 40.0%),0.035990674,0.015990674,0.4925443947404094,0.409965,44262.0
ret_5m_bin == 2.0 AND price_vs_vwap_pct_bin == 2,double,LONG,fwd_ret_180m,16.057297387734824,0.0,0.07893835,0.5324900262722584,0.7762126,0.7152512,1.2360688,1.1244872328885047,51385,0.07893835,1.1143812,,,ret_5m_bin,2.0,price_vs_vwap_pct_bin,2,0.11128194684842234,bear_low_vol,False,False,"(False, 'PASS')",False,PASS,0.5543635533589546,True,True,True,False,,,,,,,
ret_60m_bin == 3.0 AND atr_14_bin == 1,double,LONG,fwd_ret_180m,16.82429241555221,0.0,0.09685546,0.5412257327750285,0.79152745,0.7226638,1.2921385,1.3454309588462237,39405,0.09685546,1.1427809,,,ret_60m_bin,3.0,atr_14_bin,1,0.11124299034005546,bear_low_vol,False,False,"(False, 'PASS')",False,PASS,0.7510060815244832,True,True,True,False,,,,,,,
ret_60m_bin == 3.0 AND rel_strength_60m_bin == 3.0,double,LONG,fwd_ret_180m,18.547228150655073,0.0,0.07122552,0.5340645842536823,0.7884806,0.75090677,1.2035747,0.9664607628528759,92809,0.07122552,1.1699078,,,ret_60m_bin,3.0,rel_strength_60m_bin,3.0,0.11080089743456825,bear_low_vol,False,False,"(False, 'PASS')",False,PASS,0.480384333488253,True,True,True,False,,,,,,,
price_vs_vwap_pct_bin == 3,single,LONG,fwd_ret_180m,21.873866474343064,0.0,0.05965186,0.5287633132080591,0.77243143,0.7401409,1.1710293,0.8256038773053245,176892,0.05965186,1.1469712,price_vs_vwap_pct_bin,3,,,,,0.11052101209046457,bear_low_vol,False,False,"(False, 'PASS')",False,PASS,0.3540452174624516,True,True,True,False,,,,,,,
vwap_cross_up_bin == True AND price_vs_vwap_pct_bin == 3,double,LONG,fwd_ret_180m,21.873866474343064,0.0,0.05965186,0.5287633132080591,0.77243143,0.7401409,1.1710293,0.8256038773053245,176892,0.05965186,1.1469712,,,vwap_cross_up_bin,True,price_vs_vwap_pct_bin,3,0.11052101209046457,bear_low_vol,True,True,"(False, 'PASS')",False,PASS,0.3540452174624516,True,True,True,True,True,PASS,0.0491509,0.0291509,0.49870897033418166,0.60754967,53833.0
ret_60m_turned_positive_bin == True AND ret_30m_bin == 2.0,double,LONG,fwd_ret_180m,17.86862263790218,0.0,0.07234655,0.5332954811953047,0.78734297,0.74466795,1.2081677,0.996559620752004,81017,0.07234655,1.1524308,,,ret_60m_turned_positive_bin,True,ret_30m_bin,2.0,0.1099128640554489,bear_low_vol,True,True,"(False, 'PASS')",False,PASS,0.49005649445504723,True,True,True,True,False,Net expectancy -0.517% < 1.000% after 2.0 bps cost,0.014833669,-0.0051663304,0.4926483159514447,0.17654473,23396.0
avwap_cross_up_bin == True AND ret_60m_turned_positive_bin == True,double,LONG,fwd_ret_180m,25.202290476408823,0.0,0.052644733,0.5190267345974053,0.78967464,0.7426972,1.1473745,0.7248668171608473,304624,0.052644733,1.1529142,,,avwap_cross_up_bin,True,ret_60m_turned_positive_bin,True,0.10974234044822785,bear_low_vol,True,True,"(False, 'PASS')",False,PASS,0.2645008025902918,True,True,True,True,False,Net expectancy -3.994% < 1.000% after 2.0 bps cost,-0.019942874,-0.039942876,0.47736053683996477,-0.2365915,88518.0
ret_30m_bin == 1.0 AND price_vs_vwap_pct_bin == 1,double,LONG,fwd_ret_180m,17.514247301019466,0.0,0.07356754,0.5322665543741446,0.79081327,0.74263644,1.211793,1.0085740424502725,75992,0.07356754,1.1579204,,,ret_30m_bin,1.0,price_vs_vwap_pct_bin,1,0.10882149784719443,bear_low_vol,False,False,"(False, 'PASS')",False,PASS,0.5002085032833539,True,True,True,False,,,,,,,
ret_30m_bin == 2.0 AND ret_60m_bin == 3.0,double,LONG,fwd_ret_180m,16.306407621362293,0.0,0.09171767,0.5413837660049337,0.8012818,0.74590313,1.268115,1.2546779054868504,42565,0.09171767,1.1604356,,,ret_30m_bin,2.0,ret_60m_bin,3.0,0.10857725919770224,bear_low_vol,False,False,"(False, 'PASS')",False,PASS,0.6999442107866083,True,True,True,False,,,,,,,
avwap_cross_up_bin == True AND price_vs_vwap_pct_bin == 2,double,LONG,fwd_ret_180m,17.896254017447838,0.0,0.073418625,0.5325383993532741,0.8107722,0.7665843,1.2048804,0.9795420778769557,84116,0.073418625,1.1898259,,,avwap_cross_up_bin,True,price_vs_vwap_pct_bin,2,0.1080494145722795,bear_low_vol,True,True,"(False, 'PASS')",False,PASS,0.4992630456977057,True,True,True,True,False,Net expectancy 0.096% < 1.000% after 2.0 bps cost,0.020956349,0.0009563491,0.49132351189294365,0.2361096,25183.0
avwap_cross_up_bin == True AND ret_15m_bin == 3.0,double,LONG,fwd_ret_180m,18.719771656377095,0.0,0.06752189,0.5309462006888996,0.779042,0.7378844,1.1950895,0.9335790289421061,101321,0.06752189,1.1481372,,,avwap_cross_up_bin,True,ret_15m_bin,3.0,0.10739607498313743,bear_low_vol,True,True,"(False, 'PASS')",False,PASS,0.43711132625782706,True,True,True,True,False,Net expectancy -1.668% < 1.000% after 2.0 bps cost,0.0033168653,-0.016683135,0.4831055111794392,0.040034898,29921.0
ret_5m_turned_positive_bin == True,single,LONG,fwd_ret_180m,25.869832487409948,0.0,0.050244756,0.5217942936845142,0.7760133,0.74167776,1.1416645,0.687279895035741,357043,0.050244756,1.1605327,ret_5m_turned_positive_bin,True,,,,,0.10737738894125265,bear_low_vol,True,True,"(False, 'PASS')",False,PASS,0.24603614779860156,True,True,True,True,False,Net expectancy 0.864% < 1.000% after 2.0 bps cost,0.028643629,0.008643629,0.4880875372406819,0.34875527,109759.0
ret_60m_bin == 3.0 AND session_range_pct_bin == 4,double,LONG,fwd_ret_180m,15.715082109604996,0.0,0.081094116,0.536653479171515,0.81645876,0.770614,1.2271154,1.0986102352755576,51564,0.081094116,1.1717798,,,ret_60m_bin,3.0,session_range_pct_bin,4,0.1072359743449373,bear_low_vol,False,False,"(False, 'PASS')",False,PASS,0.5842481180682191,True,True,True,False,,,,,,,
session_range_pct_bin == 1 AND atr_14_bin == 0,double,LONG,fwd_ret_180m,16.91058550475733,0.0,0.09179694,0.5330289276535244,0.7430184,0.6515464,1.3017123,1.403694771560356,36574,0.09179694,1.0381397,,,session_range_pct_bin,1,atr_14_bin,0,0.10712006305792426,bear_low_vol,False,False,"(False, 'PASS')",False,PASS,0.6840272758593025,True,True,True,False,,,,,,,
ret_30m_turned_positive_bin == True AND rel_strength_60m_bin == 2.0,double,LONG,fwd_ret_180m,17.255364235580327,0.0,0.07498528,0.5330356661091027,0.80023605,0.7528821,1.2132875,1.0060545633053881,74132,0.07498528,1.1831907,,,ret_30m_turned_positive_bin,True,rel_strength_60m_bin,2.0,0.1070996848951146,bear_low_vol,True,True,"(False, 'PASS')",False,PASS,0.5159241385479325,True,True,True,True,False,Sharpe dropped 42.8% (limit: 40.0%),0.047522552,0.027522553,0.4887118778330326,0.57533324,22723.0
ret_60m_bin == 2.0 AND rel_strength_60m_bin == 1.0,double,LONG,fwd_ret_180m,16.194618761413373,0.0,0.089511655,0.5361231000187653,0.80485046,0.7372371,1.2617397,1.2450968592428517,42632,0.089511655,1.1412393,,,ret_60m_bin,2.0,rel_strength_60m_bin,1.0,0.10668180297895942,bear_low_vol,False,False,"(False, 'PASS')",False,PASS,0.6673627527480637,True,True,True,False,,,,,,,
avwap_cross_up_bin == True AND atr_14_bin == 1,double,LONG,fwd_ret_180m,17.85216701881776,0.0,0.07320226,0.5275129003876061,0.80818653,0.74737823,1.2072976,0.9771871182837815,84106,0.07320226,1.1891785,,,avwap_cross_up_bin,True,atr_14_bin,1,0.10650941931026146,bear_low_vol,True,True,"(False, 'PASS')",False,PASS,0.4870483991610231,True,True,True,True,False,Net expectancy -0.445% < 1.000% after 2.0 bps cost,0.01554845,-0.0044515496,0.49140667337617094,0.1782851,25834.0
ret_5m_bin == 2.0 AND rvol_bin == 0,double,LONG,fwd_ret_180m,16.172396147251344,0.0,0.079363614,0.5259324403553872,0.7372155,0.65045995,1.2573717,1.2191226401550619,44346,0.079363614,1.0334139,,,ret_5m_bin,2.0,rvol_bin,0,0.10644430555895017,bear_low_vol,False,False,"(False, 'PASS')",False,PASS,0.5455010239183244,True,True,True,False,,,,,,,
ret_30m_bin == 2.0 AND rel_strength_60m_bin == 2.0,double,LONG,fwd_ret_180m,15.598186264284124,0.0,0.081190735,0.5377264271027122,0.8036792,0.75922334,1.231333,1.0957530830033309,51065,0.081190735,1.1762348,,,ret_30m_bin,2.0,rel_strength_60m_bin,2.0,0.10637374314630543,bear_low_vol,False,False,"(False, 'PASS')",False,PASS,0.5873602052224227,True,True,True,False,,,,,,,
rel_strength_60m_bin == 1.0 AND price_vs_vwap_pct_bin == 1,double,LONG,fwd_ret_180m,15.567454462061741,0.0,0.08275057,0.5349289127719061,0.8150868,0.7595891,1.2342464,1.100446916884839,50431,0.08275057,1.1937191,,,rel_strength_60m_bin,1.0,price_vs_vwap_pct_bin,1,0.10606425151741437,bear_low_vol,False,False,"(False, 'PASS')",False,PASS,0.5973634885811123,True,True,True,False,,,,,,,
vwap_cross_up_bin == True,single,LONG,fwd_ret_180m,26.06575518906458,0.0,0.048804488,0.5210885574292144,0.7758843,0.74230826,1.137284,0.6721290754422491,378997,0.048804488,1.1526762,vwap_cross_up_bin,True,,,,,0.10566247737384206,bear_low_vol,True,True,"(False, 'PASS')",False,PASS,0.2302219951889915,True,True,True,True,False,Net expectancy 0.484% < 1.000% after 2.0 bps cost,0.02483964,0.00483964,0.48796712290600075,0.30277947,114852.0
ret_5m_bin == 1.0,single,LONG,fwd_ret_180m,21.35898153428629,0.0,0.0594682,0.5268613715964298,0.78952247,0.7534804,1.166811,0.8058786217364721,177020,0.0594682,1.1714275,ret_5m_bin,1.0,,,,,0.10496216762621677,bear_low_vol,False,False,"(False, 'PASS')",False,PASS,0.34840472886914814,True,True,True,False,,,,,,,
rvol_bin == 1,single,LONG,fwd_ret_180m,21.40081045607333,0.0,0.056306493,0.5237357955348112,0.75712174,0.71436244,1.1654977,0.807573196773949,176969,0.056306493,1.1068196,rvol_bin,1,,,,,0.1047636526235164,bear_low_vol,False,False,"(False, 'PASS')",False,PASS,0.31053651644222297,True,True,True,False,,,,,,,
ret_5m_bin == 3.0 AND ret_60m_bin == 3.0,double,LONG,fwd_ret_180m,15.956633529837276,0.0,0.08720278,0.5416317602159546,0.7715691,0.72148,1.2636887,1.2219368588562818,42972,0.08720278,1.1328746,,,ret_5m_bin,3.0,ret_60m_bin,3.0,0.10441701836250981,bear_low_vol,False,False,"(False, 'PASS')",False,PASS,0.6552913199190231,True,True,True,False,,,,,,,
rel_strength_60m_bin == 3.0 AND atr_14_bin == 1,double,LONG,fwd_ret_180m,16.374689379571215,0.0,0.095539674,0.5376587904867428,0.79558384,0.7185449,1.2875857,1.3194930499686246,38809,0.095539674,1.1494151,,,rel_strength_60m_bin,3.0,atr_14_bin,1,0.1043603756395999,bear_low_vol,False,False,"(False, 'PASS')",False,PASS,0.7307143226021324,True,True,True,False,,,,,,,
ret_30m_bin == 1.0 AND atr_14_bin == 0,double,LONG,fwd_ret_180m,16.104619348307942,0.0,0.087071486,0.5343781842884177,0.76108617,0.686472,1.272408,1.2592364335688213,41218,0.087071486,1.0976628,,,ret_30m_bin,1.0,atr_14_bin,0,0.10339740349918145,bear_low_vol,False,False,"(False, 'PASS')",False,PASS,0.6394712267511593,True,True,True,False,,,,,,,
ret_5m_turned_positive_bin == True AND price_vs_vwap_pct_bin == 3,double,LONG,fwd_ret_180m,18.237103980281926,0.0,0.06564988,0.5307518690929609,0.76703787,0.7276681,1.1922641,0.9189664165521066,99246,0.06564988,1.1340562,,,ret_5m_turned_positive_bin,True,price_vs_vwap_pct_bin,3,0.10295164836283344,bear_low_vol,True,True,"(False, 'PASS')",False,PASS,0.4180025577755367,True,True,True,True,True,PASS,0.04897563,0.028975632,0.4976000529643484,0.6083696,30209.0
ret_30m_turned_positive_bin == True,single,LONG,fwd_ret_180m,25.769025600895375,0.0,0.04834811,0.5200122819058628,0.78540385,0.75016826,1.1342736,0.6570942829373465,387562,0.04834811,1.1680249,ret_30m_turned_positive_bin,True,,,,,0.10191205154127211,bear_low_vol,True,True,"(False, 'PASS')",False,PASS,0.22350566550344847,True,True,True,True,False,Net expectancy -0.335% < 1.000% after 2.0 bps cost,0.01665044,-0.0033495594,0.48494441078848793,0.19904959,117199.0
session_range_pct_bin == 3 AND price_vs_vwap_pct_bin == 1,double,LONG,fwd_ret_180m,16.27890627971976,0.0,0.10351571,0.5385532591414944,0.836122,0.7515071,1.2985051,1.3302232493142898,37740,0.10351571,1.2353271,,,session_range_pct_bin,3,price_vs_vwap_pct_bin,1,0.10188178946898312,bear_low_vol,False,False,"(True, 'Expectancy too high (10.352% > 10.000%)')",True,Expectancy too high (10.352% > 10.000%),0.8122635878468545,False,True,True,False,,,,,,,
ret_5m_turned_positive_bin == True AND atr_14_bin == 1,double,LONG,fwd_ret_180m,16.685869672006863,0.0,0.071326084,0.5308361391694725,0.76843053,0.71741384,1.2119112,0.992122442102136,71280,0.071326084,1.1412568,,,ret_5m_turned_positive_bin,True,atr_14_bin,1,0.10170934560919903,bear_low_vol,True,True,"(False, 'PASS')",False,PASS,0.4749331226888061,True,True,True,True,False,Net expectancy 0.662% < 1.000% after 2.0 bps cost,0.026624214,0.0066242144,0.4908406861647333,0.32082692,22327.0
ret_30m_turned_positive_bin == True AND price_vs_vwap_pct_bin == 3,double,LONG,fwd_ret_180m,19.229451894858954,0.0,0.062192984,0.5294517372048031,0.7774249,0.742572,1.1779912,0.8631033947225127,125086,0.062192984,1.1438757,,,ret_30m_turned_positive_bin,True,price_vs_vwap_pct_bin,3,0.10170501435599938,bear_low_vol,True,True,"(False, 'PASS')",False,PASS,0.3808333136630318,True,True,True,True,True,PASS,0.043951284,0.023951285,0.49907749077490776,0.5350336,37940.0
ret_15m_bin == 3.0,single,LONG,fwd_ret_180m,20.981157865615266,0.0,0.056917503,0.5285868514614198,0.76428014,0.7362352,1.1639937,0.7918536552074884,176917,0.056917503,1.1410408,ret_15m_bin,3.0,,,,,0.10164288669567838,bear_low_vol,False,False,"(False, 'PASS')",False,PASS,0.3263487376842685,True,True,True,False,,,,,,,
ret_15m_turned_positive_bin == True AND ret_15m_bin == 3.0,double,LONG,fwd_ret_180m,20.981157865615266,0.0,0.056917503,0.5285868514614198,0.76428014,0.7362352,1.1639937,0.7918536552074884,176917,0.056917503,1.1410408,,,ret_15m_turned_positive_bin,True,ret_15m_bin,3.0,0.10164288669567838,bear_low_vol,True,True,"(False, 'PASS')",False,PASS,0.3263487376842685,True,True,True,True,True,PASS,0.042702965,0.022702966,0.49466408625933095,0.52420425,54255.0
ret_60m_turned_positive_bin == True AND price_vs_vwap_pct_bin == 3,double,LONG,fwd_ret_180m,18.58042621212334,0.0,0.06437536,0.5302934981810224,0.7824747,0.746351,1.1836326,0.890631738116179,109677,0.06437536,1.1474184,,,ret_60m_turned_positive_bin,True,price_vs_vwap_pct_bin,3,0.10156788270732581,bear_low_vol,True,True,"(False, 'PASS')",False,PASS,0.40434062926514397,True,True,True,True,False,Net expectancy -0.895% < 1.000% after 2.0 bps cost,0.011048317,-0.008951683,0.4923570249992217,0.1347574,32121.0
avwap_cross_up_bin == True AND ret_30m_bin == 1.0,double,LONG,fwd_ret_180m,15.915890800306531,0.0,0.0810083,0.5352005429474764,0.85101074,0.80562294,1.2163377,1.027952931730711,60411,0.0810083,1.2509979,,,avwap_cross_up_bin,True,ret_30m_bin,1.0,0.10134608653165471,bear_low_vol,True,True,"(False, 'PASS')",False,PASS,0.5804840877469883,True,True,True,True,True,PASS,0.075633116,0.055633117,0.4963339577200963,0.8607695,18685.0
ret_60m_bin == 3.0 AND rel_strength_60m_bin == 2.0,double,LONG,fwd_ret_180m,15.631225570146082,0.0,0.088557474,0.5389637449645784,0.8152461,0.7609611,1.2524222,1.1939375471988407,43194,0.088557474,1.1774539,,,ret_60m_bin,3.0,rel_strength_60m_bin,2.0,0.10057125501902252,bear_low_vol,False,False,"(False, 'PASS')",False,PASS,0.6635022330808216,True,True,True,False,,,,,,,
ret_15m_bin == 1.0 AND rel_strength_60m_bin == 1.0,double,LONG,fwd_ret_180m,15.357373461293797,0.0,0.084694125,0.5348599859667028,0.8139198,0.7538354,1.2415422,1.124152161795769,47031,0.084694125,1.1959925,,,ret_15m_bin,1.0,rel_strength_60m_bin,1.0,0.10052697643744044,bear_low_vol,False,False,"(False, 'PASS')",False,PASS,0.6166612195158412,True,True,True,False,,,,,,,
avwap_cross_up_bin == True AND ret_5m_bin == 3.0,double,LONG,fwd_ret_180m,17.809317690015522,0.0,0.06652476,0.5290269483191593,0.7805767,0.735544,1.192034,0.9183388531147413,94774,0.06652476,1.1499544,,,avwap_cross_up_bin,True,ret_5m_bin,3.0,0.10014154622260622,bear_low_vol,True,True,"(False, 'PASS')",False,PASS,0.42330148598806533,True,True,True,True,False,Net expectancy -2.270% < 1.000% after 2.0 bps cost,-0.0027026725,-0.022702672,0.4820164564694046,-0.0322367,27831.0
price_down_vol_weak_bin == True AND ret_15m_bin == 1.0,double,LONG,fwd_ret_180m,15.169818596551034,0.0,0.073837064,0.5337062113629674,0.75926703,0.710686,1.2228112,1.0668104155267366,50955,0.073837064,1.098721,,,price_down_vol_weak_bin,True,ret_15m_bin,1.0,0.09996688264924375,bear_low_vol,True,True,"(False, 'PASS')",False,PASS,0.5057830647919366,True,True,True,True,True,PASS,0.102244504,0.0822445,0.510580394334907,1.3729032,18005.0
ret_5m_bin == 1.0 AND ret_15m_bin == 1.0,double,LONG,fwd_ret_180m,15.223855089909597,0.0,0.07661886,0.5330311131775737,0.7834036,0.730155,1.2247152,1.0637126933277097,51618,0.07661886,1.1434354,,,ret_5m_bin,1.0,ret_15m_bin,1.0,0.09990513254394864,bear_low_vol,False,False,"(False, 'PASS')",False,PASS,0.5322508031726598,True,True,True,False,,,,,,,
ret_30m_bin == 3.0 AND ret_60m_bin == 3.0,double,LONG,fwd_ret_180m,15.734029747470185,0.0,0.07331882,0.5387603978150061,0.78306055,0.7557095,1.2103459,1.0177413651918394,60229,0.07331882,1.143611,,,ret_30m_bin,3.0,ret_60m_bin,3.0,0.09985258576448743,bear_low_vol,False,False,"(False, 'PASS')",False,PASS,0.5107089628444057,True,True,True,False,,,,,,,
avwap_cross_up_bin == True AND price_vs_vwap_pct_bin == 1,double,LONG,fwd_ret_180m,16.01349987886476,0.0,0.08112728,0.5324689698790418,0.8711563,0.8186331,1.2119665,1.0108191252184726,63245,0.08112728,1.2740713,,,avwap_cross_up_bin,True,price_vs_vwap_pct_bin,1,0.09975628623581953,bear_low_vol,True,True,"(False, 'PASS')",False,PASS,0.5762107248256418,True,True,True,True,False,Expectancy dropped 51.2% (limit: 50.0%),0.039609812,0.019609813,0.49073220686123914,0.45481995,19530.0
ret_5m_turned_positive_bin == True AND ret_15m_bin == 2.0,double,LONG,fwd_ret_180m,16.167978737049843,0.0,0.07279028,0.5306097467676536,0.78217095,0.72911024,1.2126896,1.0039603985443644,65355,0.07279028,1.1509516,,,ret_5m_turned_positive_bin,True,ret_15m_bin,2.0,0.09968591337277129,bear_low_vol,True,True,"(False, 'PASS')",False,PASS,0.48912229338004903,True,True,True,True,True,PASS,0.054874413,0.034874413,0.5007192103566291,0.68252134,20161.0
ret_30m_bin == 3.0,single,LONG,fwd_ret_180m,20.65386475434341,0.0,0.05690359,0.5267761231158904,0.7792566,0.74719423,1.1609309,0.7795960024106631,176874,0.05690359,1.1586982,ret_30m_bin,3.0,,,,,0.09817101281626106,bear_low_vol,False,False,"(False, 'PASS')",False,PASS,0.3225881414005621,True,True,True,False,,,,,,,
ret_30m_turned_positive_bin == True AND ret_30m_bin == 3.0,double,LONG,fwd_ret_180m,20.65386475434341,0.0,0.05690359,0.5267761231158904,0.7792566,0.74719423,1.1609309,0.7795960024106631,176874,0.05690359,1.1586982,,,ret_30m_turned_positive_bin,True,ret_30m_bin,3.0,0.09817101281626106,bear_low_vol,True,True,"(False, 'PASS')",False,PASS,0.3225881414005621,True,True,True,True,False,Sharpe dropped 41.7% (limit: 40.0%),0.03773307,0.017733071,0.4933790251988155,0.45434076,53693.0
ret_5m_bin == 3.0 AND price_vs_vwap_pct_bin == 3,double,LONG,fwd_ret_180m,15.42240836678389,0.0,0.0722137,0.5355650005268889,0.7579163,0.7185069,1.2164032,1.0260094484282631,56938,0.0722137,1.1172967,,,ret_5m_bin,3.0,price_vs_vwap_pct_bin,3,0.09808486622752138,bear_low_vol,False,False,"(False, 'PASS')",False,PASS,0.49326702009197826,True,True,True,False,,,,,,,
session_range_pct_bin == 1,single,LONG,fwd_ret_180m,20.58273312067627,0.0,0.05826149,0.5291390316579875,0.7775549,0.75005823,1.1649659,0.776943996912298,176859,0.05826149,1.1903979,session_range_pct_bin,1,,,,,0.09793745496815391,bear_low_vol,False,False,"(False, 'PASS')",False,PASS,0.3408929768987768,True,True,True,False,,,,,,,
rvol_bin == 0 AND price_vs_vwap_pct_bin == 2,double,LONG,fwd_ret_180m,15.779557975471072,0.0,0.081620194,0.527291727422961,0.74316674,0.65631485,1.2630826,1.2348686160276385,41148,0.081620194,1.0492456,,,rvol_bin,0,price_vs_vwap_pct_bin,2,0.09786593029930259,bear_low_vol,False,False,"(False, 'PASS')",False,PASS,0.5707853950247932,True,True,True,False,,,,,,,
ret_30m_turned_positive_bin == True AND rvol_bin == 0,double,LONG,fwd_ret_180m,16.856897109728813,0.0,0.063176334,0.5190153974524452,0.72458184,0.6505256,1.2019105,0.9662230315092828,76701,0.063176334,1.0379521,,,ret_30m_turned_positive_bin,True,rvol_bin,0,0.09784114377623733,bear_low_vol,True,True,"(False, 'PASS')",False,PASS,0.36979413394755395,True,True,True,True,True,PASS,0.06723303,0.047233034,0.4924599434495759,0.9444321,23342.0
ret_30m_bin == 2.0 AND rvol_bin == 0,double,LONG,fwd_ret_180m,15.703436832932258,0.0,0.08155861,0.5312172918238688,0.7375638,0.66181624,1.262882,1.2298833542702035,41083,0.08155861,1.0527037,,,ret_30m_bin,2.0,rvol_bin,0,0.09756841315391158,bear_low_vol,False,False,"(False, 'PASS')",False,PASS,0.578020658834467,True,True,True,False,,,,,,,
ret_15m_turned_positive_bin == True AND is_power_hour_bin == True,double,LONG,fwd_ret_180m,15.508789755798384,0.0,0.09714418,0.5479666408735276,1.043318,1.0498323,1.204704,1.0209034286102268,58155,0.09714418,1.5105406,,,ret_15m_turned_positive_bin,True,is_power_hour_bin,True,0.09749620074356652,bear_low_vol,True,True,"(False, 'PASS')",False,PASS,0.7673750722085955,True,True,True,True,True,PASS,0.17481323,0.15481323,0.529172596056109,1.6135784,19676.0
vwap_cross_up_bin == True AND rel_strength_60m_bin == 3.0,double,LONG,fwd_ret_180m,17.706836258863,0.0,0.06436128,0.5314735553329488,0.7756583,0.7424994,1.1850097,0.8941266254155966,98829,0.06436128,1.1426834,,,vwap_cross_up_bin,True,rel_strength_60m_bin,3.0,0.09738855373357987,bear_low_vol,True,True,"(False, 'PASS')",False,PASS,0.40655992759571485,True,True,True,True,False,Net expectancy 0.874% < 1.000% after 2.0 bps cost,0.028738841,0.008738842,0.495860653023379,0.3440749,30198.0
rel_strength_60m_bin == 1.0 AND session_range_pct_bin == 3,double,LONG,fwd_ret_180m,16.11822759975571,0.0,0.11020185,0.5359055603847125,0.8803219,0.7790819,1.3047891,1.3549042572026537,35663,0.11020185,1.2911614,,,rel_strength_60m_bin,1.0,session_range_pct_bin,3,0.09661582825407519,bear_low_vol,False,False,"(True, 'Expectancy too high (11.020% > 10.000%)')",True,Expectancy too high (11.020% > 10.000%),0.8738296261042791,False,True,True,False,,,,,,,
ret_15m_bin == 2.0 AND rvol_bin == 0,double,LONG,fwd_ret_180m,15.614323404590118,0.0,0.079099715,0.5257012129733336,0.7408512,0.6543695,1.2548591,1.21001339009494,41963,0.079099715,1.0377315,,,ret_15m_bin,2.0,rvol_bin,0,0.0964795141560186,bear_low_vol,False,False,"(False, 'PASS')",False,PASS,0.5423995735067868,True,True,True,False,,,,,,,
ret_5m_bin == 2.0 AND ret_30m_bin == 2.0,double,LONG,fwd_ret_180m,15.250730897524324,0.0,0.082085334,0.5382241324127841,0.77307546,0.72330016,1.2457626,1.1575549531364884,43742,0.082085334,1.125704,,,ret_5m_bin,2.0,ret_30m_bin,2.0,0.09620781056511483,bear_low_vol,False,False,"(False, 'PASS')",False,PASS,0.5973016024710989,True,True,True,False,,,,,,,
vwap_cross_up_bin == True AND ret_5m_bin == 3.0,double,LONG,fwd_ret_180m,17.875021263307065,0.0,0.062266357,0.5297259083049115,0.7572505,0.72057736,1.1837475,0.8770604126659769,104673,0.062266357,1.1270008,,,vwap_cross_up_bin,True,ret_5m_bin,3.0,0.09611995258425393,bear_low_vol,True,True,"(False, 'PASS')",False,PASS,0.3821153890404337,True,True,True,True,False,Sharpe dropped 47.0% (limit: 40.0%),0.03687426,0.016874261,0.49420056256123385,0.46469238,31641.0
ret_60m_turned_positive_bin == True AND ret_15m_bin == 2.0,double,LONG,fwd_ret_180m,16.78063566267425,0.0,0.0672182,0.5304293684608905,0.7856459,0.74432135,1.1923205,0.9307596653088235,81911,0.0672182,1.1464354,,,ret_60m_turned_positive_bin,True,ret_15m_bin,2.0,0.09588701128906942,bear_low_vol,True,True,"(False, 'PASS')",False,PASS,0.43304073064469667,True,True,True,True,False,Net expectancy 0.624% < 1.000% after 2.0 bps cost,0.026243139,0.0062431395,0.499447604239126,0.31944603,24439.0
ret_15m_turned_positive_bin == True,single,LONG,fwd_ret_180m,24.449596637327506,0.0,0.046984676,0.5202199621766952,0.77600944,0.74348843,1.1317164,0.6458420799673292,361153,0.046984676,1.1548622,ret_15m_turned_positive_bin,True,,,,,0.09507608877573587,bear_low_vol,True,True,"(False, 'PASS')",False,PASS,0.21028668707016057,True,True,True,True,False,Net expectancy -0.048% < 1.000% after 2.0 bps cost,0.019516576,-0.00048342347,0.4846064583975486,0.23665239,110306.0
ret_60m_bin == 1.0,single,LONG,fwd_ret_180m,20.32051828597748,0.0,0.057852928,0.5266010353324141,0.7943171,0.76137745,1.1605085,0.7668531884340276,176948,0.057852928,1.1976044,ret_60m_bin,1.0,,,,,0.09497624045472236,bear_low_vol,False,False,"(False, 'PASS')",False,PASS,0.3317313466185979,True,True,True,False,,,,,,,
vwap_cross_up_bin == True AND ret_30m_bin == 3.0,double,LONG,fwd_ret_180m,18.48767117856955,0.0,0.05940539,0.5290795930969482,0.7644759,0.73274213,1.1721579,0.836557496804247,123076,0.05940539,1.1272762,,,vwap_cross_up_bin,True,ret_30m_bin,3.0,0.09470769613468732,bear_low_vol,True,True,"(False, 'PASS')",False,PASS,0.3522130879258643,True,True,True,True,True,PASS,0.047193617,0.027193617,0.4982931484020106,0.58055955,37203.0
ret_60m_turned_positive_bin == True AND ret_5m_bin == 3.0,double,LONG,fwd_ret_180m,17.288414257228734,0.0,0.06415241,0.5283350076666843,0.77424836,0.7312608,1.1859975,0.8924629791076468,94565,0.06415241,1.1410983,,,ret_60m_turned_positive_bin,True,ret_5m_bin,3.0,0.09434980695650937,bear_low_vol,True,True,"(False, 'PASS')",False,PASS,0.39819413649864416,True,True,True,True,False,Net expectancy -1.980% < 1.000% after 2.0 bps cost,0.00020446161,-0.019795539,0.48259961092297715,0.0025195337,27758.0
ret_60m_bin == 2.0 AND session_range_pct_bin == 1,double,LONG,fwd_ret_180m,15.259505933738145,0.0,0.086653166,0.5364199000238039,0.79279864,0.7304451,1.255901,1.1818555908751036,42010,0.086653166,1.1639124,,,ret_60m_bin,2.0,session_range_pct_bin,1,0.09407596936900875,bear_low_vol,False,False,"(False, 'PASS')",False,PASS,0.639371455239983,True,True,True,False,,,,,,,
ret_60m_bin == 3.0 AND rvol_bin == 0,double,LONG,fwd_ret_180m,15.582704919292803,0.0,0.08372452,0.5322381613450563,0.7386264,0.6614491,1.2706023,1.2542366240724498,38898,0.08372452,1.0596769,,,ret_60m_bin,3.0,rvol_bin,0,0.09366381872309688,bear_low_vol,False,False,"(False, 'PASS')",False,PASS,0.6017215336953234,True,True,True,False,,,,,,,
ret_30m_bin == 3.0 AND price_vs_vwap_pct_bin == 3,double,LONG,fwd_ret_180m,16.242207359135918,0.0,0.066082075,0.5326781908595785,0.76797247,0.7339698,1.1926591,0.9351871454660674,76014,0.066082075,1.1217225,,,ret_30m_bin,3.0,price_vs_vwap_pct_bin,3,0.09364719055265308,bear_low_vol,False,False,"(False, 'PASS')",False,PASS,0.4261771341014354,True,True,True,False,,,,,,,
ret_30m_turned_positive_bin == True AND ret_5m_bin == 3.0,double,LONG,fwd_ret_180m,17.114225373440348,0.0,0.063526325,0.5279458462066599,0.76678014,0.72299343,1.1861348,0.8898407195958059,93216,0.063526325,1.1332917,,,ret_30m_turned_positive_bin,True,ret_5m_bin,3.0,0.09305616638473084,bear_low_vol,True,True,"(False, 'PASS')",False,PASS,0.39115494169138826,True,True,True,True,False,Net expectancy -0.134% < 1.000% after 2.0 bps cost,0.018659735,-0.0013402645,0.4894483128012855,0.23151602,28005.0
ret_15m_turned_positive_bin == True AND rel_strength_60m_bin == 2.0,double,LONG,fwd_ret_180m,15.72528858035713,0.0,0.069935635,0.5329169994916855,0.7853664,0.746333,1.2006189,0.9513299316161337,68855,0.069935635,1.1669914,,,ret_15m_turned_positive_bin,True,rel_strength_60m_bin,2.0,0.09227320737137187,bear_low_vol,True,True,"(False, 'PASS')",False,PASS,0.46519034630583495,True,True,True,True,True,PASS,0.062047157,0.042047158,0.4881267716901343,0.7758128,21519.0
price_down_vol_weak_bin == True AND price_vs_vwap_pct_bin == 1,double,LONG,fwd_ret_180m,14.832544065374284,0.0,0.071486175,0.5309942168763742,0.76982117,0.7191476,1.2119464,1.0121035841196766,54123,0.071486175,1.1212368,,,price_down_vol_weak_bin,True,price_vs_vwap_pct_bin,1,0.0922606815942381,bear_low_vol,True,True,"(False, 'PASS')",False,PASS,0.4768501843554705,True,True,True,True,True,PASS,0.1005449,0.080544904,0.508118686200878,1.3013366,18907.0
ret_5m_turned_positive_bin == True AND ret_30m_bin == 2.0,double,LONG,fwd_ret_180m,15.650648713623001,0.0,0.068532,0.5349761060130758,0.7683695,0.73658,1.2000775,0.9512247266260213,68218,0.068532,1.1436958,,,ret_5m_turned_positive_bin,True,ret_30m_bin,2.0,0.09217987554447261,bear_low_vol,True,True,"(False, 'PASS')",False,PASS,0.45527218704465283,True,True,True,True,True,PASS,0.047675833,0.027675834,0.5022996853062213,0.59502715,20655.0
vwap_cross_up_bin == True AND ret_30m_turned_positive_bin == True,double,LONG,fwd_ret_180m,23.012696760901626,0.0,0.048218578,0.5196660838697714,0.7794655,0.74290663,1.1351253,0.6647679195404875,301992,0.048218578,1.1514487,,,vwap_cross_up_bin,True,ret_30m_turned_positive_bin,True,0.09201278983972958,bear_low_vol,True,True,"(False, 'PASS')",False,PASS,0.22151794874158753,True,True,True,True,False,Net expectancy -0.159% < 1.000% after 2.0 bps cost,0.018407356,-0.0015926436,0.48638204707170224,0.22184956,91350.0
ret_5m_bin == 2.0 AND ret_60m_bin == 3.0,double,LONG,fwd_ret_180m,15.319127597602568,0.0,0.0876604,0.542393983281246,0.77602166,0.7282445,1.2630478,1.225810460465244,39357,0.0876604,1.135221,,,ret_5m_bin,2.0,ret_60m_bin,3.0,0.09197286542093248,bear_low_vol,False,False,"(False, 'PASS')",False,PASS,0.6613919871580425,True,True,True,False,,,,,,,
vwap_cross_up_bin == True AND ret_15m_bin == 3.0,double,LONG,fwd_ret_180m,18.588624449113038,0.0,0.05722582,0.5297941009473149,0.75690305,0.73112,1.1664621,0.8065570431229643,133852,0.05722582,1.1263081,,,vwap_cross_up_bin,True,ret_15m_bin,3.0,0.09193390699552431,bear_low_vol,True,True,"(False, 'PASS')",False,PASS,0.33184639866577476,True,True,True,True,True,PASS,0.041113183,0.021113183,0.49744760221862266,0.51000065,40746.0
ret_60m_bin == 1.0 AND rel_strength_60m_bin == 1.0,double,LONG,fwd_ret_180m,17.10196393674306,0.0,0.06744051,0.5232661070998155,0.8164729,0.75470203,1.1874431,0.8866056809341365,93763,0.06744051,1.2075096,,,ret_60m_bin,1.0,rel_strength_60m_bin,1.0,0.09183016383320035,bear_low_vol,False,False,"(False, 'PASS')",False,PASS,0.42093731216105673,True,True,True,False,,,,,,,
vwap_cross_up_bin == True AND ret_60m_bin == 2.0,double,LONG,fwd_ret_180m,15.912841059724999,0.0,0.067899294,0.5314163563646394,0.7763293,0.7355246,1.1970066,0.9380998275222827,72510,0.067899294,1.1489906,,,vwap_cross_up_bin,True,ret_60m_bin,2.0,0.09181591275794503,bear_low_vol,True,True,"(False, 'PASS')",False,PASS,0.4418256547048723,True,True,True,True,True,PASS,0.061035156,0.041035157,0.49773117758491564,0.74057704,22699.0
ret_15m_bin == 1.0 AND session_range_pct_bin == 3,double,LONG,fwd_ret_180m,15.503749050175081,0.0,0.10042083,0.541924213920989,0.8250389,0.75683486,1.289658,1.2758721870025171,37210,0.10042083,1.2494444,,,ret_15m_bin,1.0,session_range_pct_bin,3,0.09167760778607005,bear_low_vol,False,False,"(True, 'Expectancy too high (10.042% > 10.000%)')",True,Expectancy too high (10.042% > 10.000%),0.7880567541816996,False,True,True,False,,,,,,,
vwap_cross_up_bin == True AND is_power_hour_bin == True,double,LONG,fwd_ret_180m,15.235536973007768,0.0,0.09253095,0.548885077186964,1.0333008,1.052132,1.1949528,0.9775278074057813,61215,0.09253095,1.5026512,,,vwap_cross_up_bin,True,is_power_hour_bin,True,0.09155069539940015,bear_low_vol,True,True,"(False, 'PASS')",False,PASS,0.7230796634128531,True,True,True,True,True,PASS,0.17742279,0.1574228,0.5308404934478952,1.6454529,20833.0
ret_60m_bin == 1.0 AND atr_14_bin == 0,double,LONG,fwd_ret_180m,15.11557329905009,0.0,0.07716344,0.5290215588723052,0.74804795,0.6764004,1.2422183,1.1679310392270703,42210,0.07716344,1.0488048,,,ret_60m_bin,1.0,atr_14_bin,0,0.09125292631556656,bear_low_vol,False,False,"(False, 'PASS')",False,PASS,0.5296775474378324,True,True,True,False,,,,,,,
vwap_cross_up_bin == True AND atr_14_bin == 1,double,LONG,fwd_ret_180m,16.014709844446944,0.0,0.06733332,0.5306273160053276,0.7697023,0.72669697,1.1974055,0.9232003408169177,75831,0.06733332,1.1578021,,,vwap_cross_up_bin,True,atr_14_bin,1,0.09080105432253231,bear_low_vol,True,True,"(False, 'PASS')",False,PASS,0.43458781494160165,True,True,True,True,False,Expectancy dropped 54.4% (limit: 50.0%),0.030728292,0.010728292,0.4961443945428354,0.3705095,23602.0
vwap_cross_up_bin == True AND rel_strength_60m_bin == 2.0,double,LONG,fwd_ret_180m,15.825755701002878,0.0,0.06860953,0.5326747616107567,0.78587717,0.7489588,1.1960232,0.9305627385988323,72885,0.06860953,1.1704128,,,vwap_cross_up_bin,True,rel_strength_60m_bin,2.0,0.09079428096833794,bear_low_vol,True,True,"(False, 'PASS')",False,PASS,0.4514448056569305,True,True,True,True,True,PASS,0.07085349,0.050853487,0.49292274925677776,0.88519096,22537.0
rel_strength_60m_bin == 3.0 AND session_range_pct_bin == 4,double,LONG,fwd_ret_180m,14.570559567630182,0.0,0.080468826,0.5318366152431122,0.83758706,0.7796223,1.2204683,1.057523399193271,47838,0.080468826,1.2079194,,,rel_strength_60m_bin,3.0,session_range_pct_bin,4,0.09074730112226843,bear_low_vol,False,False,"(False, 'PASS')",False,PASS,0.5683614904454453,True,True,True,False,,,,,,,
ret_15m_bin == 2.0 AND ret_60m_bin == 3.0,double,LONG,fwd_ret_180m,15.114521745430839,0.0,0.08656926,0.542139082541494,0.7893042,0.74551773,1.2536132,1.1951005383936415,40307,0.08656926,1.1498985,,,ret_15m_bin,2.0,ret_60m_bin,3.0,0.09064953249844161,bear_low_vol,False,False,"(False, 'PASS')",False,PASS,0.6499707358885376,True,True,True,False,,,,,,,
ret_15m_bin == 2.0 AND rel_strength_60m_bin == 1.0,double,LONG,fwd_ret_180m,15.076625408133891,0.0,0.08601746,0.5350990788477045,0.79993224,0.73569566,1.251494,1.1830401079925583,40927,0.08601746,1.1542169,,,ret_15m_bin,2.0,rel_strength_60m_bin,1.0,0.09041989140438547,bear_low_vol,False,False,"(False, 'PASS')",False,PASS,0.6303727540050708,True,True,True,False,,,,,,,
session_range_pct_bin == 3 AND rvol_bin == 0,double,LONG,fwd_ret_180m,15.550445460281784,0.0,0.088757046,0.5325818660523285,0.7557113,0.6711787,1.282917,1.2927747672576788,36462,0.088757046,1.0898839,,,session_range_pct_bin,3,rvol_bin,0,0.09036678179483369,bear_low_vol,False,False,"(False, 'PASS')",False,PASS,0.6527341877750137,True,True,True,False,,,,,,,
price_up_vol_weak_bin == True,single,LONG,fwd_ret_180m,19.896638869715797,0.0,0.051994827,0.5179695629926466,0.74816656,0.69608194,1.154962,0.7573366608208397,173933,0.051994827,1.0898618,price_up_vol_weak_bin,True,,,,,0.09033565457991326,bear_low_vol,True,True,"(False, 'PASS')",False,PASS,0.2558873924318837,True,True,True,True,False,Net expectancy 0.323% < 1.000% after 2.0 bps cost,0.023230346,0.0032303464,0.483892426114226,0.30769682,52615.0
price_up_vol_weak_bin == True AND ret_60m_turned_positive_bin == True,double,LONG,fwd_ret_180m,19.896638869715797,0.0,0.051994827,0.5179695629926466,0.74816656,0.69608194,1.154962,0.7573366608208397,173933,0.051994827,1.0898618,,,price_up_vol_weak_bin,True,ret_60m_turned_positive_bin,True,0.09033565457991326,bear_low_vol,True,True,"(False, 'PASS')",False,PASS,0.2558873924318837,True,True,True,True,False,Net expectancy 0.323% < 1.000% after 2.0 bps cost,0.023230346,0.0032303464,0.483892426114226,0.30769682,52615.0
ret_5m_turned_positive_bin == True AND rel_strength_60m_bin == 1.0,double,LONG,fwd_ret_180m,14.963347420822926,0.0,0.071571514,0.5313322354459177,0.7791451,0.73061013,1.2090207,0.9787408286296071,58901,0.071571514,1.1608411,,,ret_5m_turned_positive_bin,True,rel_strength_60m_bin,1.0,0.09006351394742645,bear_low_vol,True,True,"(False, 'PASS')",False,PASS,0.4783796109961292,True,True,True,True,True,PASS,0.06923025,0.04923025,0.49429352194181,0.84484875,18663.0
vwap_cross_up_bin == True AND rvol_bin == 0,double,LONG,fwd_ret_180m,16.12502454794702,0.0,0.05997564,0.5195861633233296,0.7123208,0.645561,1.1933846,0.9286966658259276,75972,0.05997564,1.0251827,,,vwap_cross_up_bin,True,rvol_bin,0,0.09005713064009578,bear_low_vol,True,True,"(False, 'PASS')",False,PASS,0.3389287165029978,True,True,True,True,True,PASS,0.070063934,0.050063934,0.4961086129367001,1.0041155,23128.0
ret_15m_turned_positive_bin == True AND price_vs_vwap_pct_bin == 3,double,LONG,fwd_ret_180m,18.177330576130988,0.0,0.05774895,0.5292162446845863,0.7655802,0.73793656,1.1662277,0.806019722976724,128165,0.05774895,1.137362,,,ret_15m_turned_positive_bin,True,price_vs_vwap_pct_bin,3,0.08974188729570172,bear_low_vol,True,True,"(False, 'PASS')",False,PASS,0.33592199954773855,True,True,True,True,True,PASS,0.046603307,0.026603308,0.49705897396552606,0.57525307,39102.0
ret_5m_turned_positive_bin == True AND rvol_bin == 0,double,LONG,fwd_ret_180m,15.740213827925885,0.0,0.061206073,0.5204401390816604,0.711754,0.64479816,1.1979374,0.9451760014974835,69887,0.061206073,1.0279739,,,ret_5m_turned_positive_bin,True,rvol_bin,0,0.0896149270910533,bear_low_vol,True,True,"(False, 'PASS')",False,PASS,0.3529410038522552,True,True,True,True,True,PASS,0.059526876,0.039526876,0.49242494226327943,0.828767,21650.0
ret_30m_bin == 2.0 AND atr_14_bin == 1,double,LONG,fwd_ret_180m,15.073998165552581,0.0,0.08565935,0.5357125031195408,0.7795366,0.7149626,1.2580503,1.1954159759525285,40070,0.08565935,1.137512,,,ret_30m_bin,2.0,atr_14_bin,1,0.08953954679970196,bear_low_vol,False,False,"(False, 'PASS')",False,PASS,0.6280184809848319,True,True,True,False,,,,,,,
ret_60m_turned_positive_bin == True AND ret_5m_bin == 2.0,double,LONG,fwd_ret_180m,16.250424494118153,0.0,0.06421672,0.5292124907746846,0.7744086,0.73411036,1.1858069,0.8972958444291519,82653,0.06421672,1.1360899,,,ret_60m_turned_positive_bin,True,ret_5m_bin,2.0,0.08931341803496105,bear_low_vol,True,True,"(False, 'PASS')",False,PASS,0.40059216232596523,True,True,True,True,False,Net expectancy -0.569% < 1.000% after 2.0 bps cost,0.014308956,-0.005691043,0.491664277229345,0.1772938,24413.0
ret_15m_turned_positive_bin == True AND ret_60m_bin == 2.0,double,LONG,fwd_ret_180m,15.463728029663974,0.0,0.06770564,0.5313992725360446,0.7734343,0.73259985,1.1972218,0.9382218274630371,68457,0.06770564,1.1455646,,,ret_15m_turned_positive_bin,True,ret_60m_bin,2.0,0.0892332988024249,bear_low_vol,True,True,"(False, 'PASS')",False,PASS,0.4398549321389303,True,True,True,True,True,PASS,0.060733218,0.04073322,0.49660875220663386,0.7276093,21526.0
rel_strength_60m_bin == 2.0 AND rvol_bin == 0,double,LONG,fwd_ret_180m,15.064529320103242,0.0,0.07957468,0.5286482522610608,0.754616,0.6775232,1.2491757,1.1823364941801031,40910,0.07957468,1.0684005,,,rel_strength_60m_bin,2.0,rvol_bin,0,0.0891680348064137,bear_low_vol,False,False,"(False, 'PASS')",False,PASS,0.5530433227069742,True,True,True,False,,,,,,,
price_down_vol_weak_bin == True,single,LONG,fwd_ret_180m,20.208726030402854,0.0,0.05063035,0.5230934091693585,0.74610084,0.71219414,1.1490662,0.7281537191031962,194103,0.05063035,1.1037942,price_down_vol_weak_bin,True,,,,,0.08908970355934274,bear_low_vol,True,True,"(False, 'PASS')",False,PASS,0.2524903149975191,True,True,True,True,True,PASS,0.095837444,0.07583745,0.50522585295531,1.2710699,66592.0
rvol_bin == 2,single,LONG,fwd_ret_180m,19.69177488372636,0.0,0.054014973,0.5246392702322348,0.78303987,0.7505848,1.1513878,0.7431572280556707,176933,0.054014973,1.1538085,rvol_bin,2,,,,,0.08886129155058148,bear_low_vol,False,False,"(False, 'PASS')",False,PASS,0.2894282738886563,True,True,True,False,,,,,,,
ret_30m_turned_positive_bin == True AND is_power_hour_bin == True,double,LONG,fwd_ret_180m,15.17587231273192,0.0,0.09056357,0.5482440443773632,1.0379337,1.05915,1.1892747,0.9502982248946602,64267,0.09056357,1.5128431,,,ret_30m_turned_positive_bin,True,is_power_hour_bin,True,0.08875895941149846,bear_low_vol,True,True,"(False, 'PASS')",False,PASS,0.7021238181868323,True,True,True,True,True,PASS,0.15202187,0.13202187,0.5259234797376987,1.375819,21197.0
ret_5m_bin == 2.0 AND ret_60m_bin == 2.0,double,LONG,fwd_ret_180m,14.846070696238057,0.0,0.08069339,0.5339849695585996,0.7815884,0.7224297,1.2396858,1.1493151374578352,42048,0.08069339,1.1145488,,,ret_5m_bin,2.0,ret_60m_bin,2.0,0.08868318469182908,bear_low_vol,False,False,"(False, 'PASS')",False,PASS,0.574903804068333,True,True,True,False,,,,,,,
rel_strength_60m_bin == 2.0 AND price_vs_vwap_pct_bin == 2,double,LONG,fwd_ret_180m,14.33842549060512,0.0,0.07720287,0.5374694428053612,0.7954855,0.7574554,1.2203617,1.044899391751282,47452,0.07720287,1.1728953,,,rel_strength_60m_bin,2.0,price_vs_vwap_pct_bin,2,0.0884505409097932,bear_low_vol,False,False,"(False, 'PASS')",False,PASS,0.5469676000291337,True,True,True,False,,,,,,,
atr_14_bin == 1 AND price_vs_vwap_pct_bin == 2,double,LONG,fwd_ret_180m,15.00119376698691,0.0,0.08575659,0.532871972318339,0.7882474,0.7156033,1.2565426,1.188145891261994,40171,0.08575659,1.1457715,,,atr_14_bin,1,price_vs_vwap_pct_bin,2,0.08831762172208772,bear_low_vol,False,False,"(False, 'PASS')",False,PASS,0.623309869161939,True,True,True,False,,,,,,,
vwap_cross_up_bin == True AND ret_60m_turned_positive_bin == True,double,LONG,fwd_ret_180m,21.66272484329428,0.0,0.048934523,0.5201420303289144,0.7850872,0.74901813,1.1361477,0.6730293794160949,261071,0.048934523,1.1542014,,,vwap_cross_up_bin,True,ret_60m_turned_positive_bin,True,0.08777186211282904,bear_low_vol,True,True,"(False, 'PASS')",False,PASS,0.22962929081997246,True,True,True,True,False,Net expectancy -2.153% < 1.000% after 2.0 bps cost,-0.0015299463,-0.021529946,0.483127270826254,-0.01832872,76514.0
ret_30m_turned_positive_bin == True AND atr_14_bin == 1,double,LONG,fwd_ret_180m,15.826172002942847,0.0,0.06620267,0.5282112063351481,0.77800035,0.73072064,1.1920333,0.906687770066979,76778,0.06620267,1.1590923,,,ret_30m_turned_positive_bin,True,atr_14_bin,1,0.087725834367448,bear_low_vol,True,True,"(False, 'PASS')",False,PASS,0.4184491160279927,True,True,True,True,False,Net expectancy 0.363% < 1.000% after 2.0 bps cost,0.02363127,0.0036312696,0.49080959144456515,0.2792105,23938.0
ret_5m_bin == 2.0 AND ret_15m_bin == 2.0,double,LONG,fwd_ret_180m,14.213691581421262,0.0,0.07209569,0.5326037952375098,0.76830524,0.72124374,1.2138662,1.0214241903544259,48798,0.07209569,1.1204783,,,ret_5m_bin,2.0,ret_15m_bin,2.0,0.08734449924047778,bear_low_vol,False,False,"(False, 'PASS')",False,PASS,0.4861645120524732,True,True,True,False,,,,,,,
avwap_cross_up_bin == True AND ret_30m_bin == 3.0,double,LONG,fwd_ret_180m,17.205775559648146,0.0,0.06109225,0.5272022642347108,0.78732204,0.7487043,1.1725839,0.8306719310729661,108116,0.06109225,1.1674999,,,avwap_cross_up_bin,True,ret_30m_bin,3.0,0.08721020621459837,bear_low_vol,True,True,"(False, 'PASS')",False,PASS,0.36532702896056396,True,True,True,True,False,Net expectancy -1.787% < 1.000% after 2.0 bps cost,0.0021293922,-0.017870607,0.48706950532247967,0.02561457,31940.0
session_range_pct_bin == 1 AND atr_14_bin == 1,double,LONG,fwd_ret_180m,15.256256778213572,0.0,0.09415402,0.5495730679284276,0.77850544,0.740834,1.2821589,1.2629257638179239,36774,0.09415402,1.1834811,,,session_range_pct_bin,1,atr_14_bin,1,0.08699784692989108,bear_low_vol,False,False,"(False, 'PASS')",False,PASS,0.7406863621971491,True,True,True,False,,,,,,,
rvol_bin == 2 AND atr_14_bin == 0,double,LONG,fwd_ret_180m,16.496384947396397,0.0,0.11003095,0.5460620705278261,0.76726174,0.6805811,1.3561546,1.6090919321157957,26486,0.11003095,1.0855111,,,rvol_bin,2,atr_14_bin,0,0.08689465048074604,bear_low_vol,False,False,"(True, 'Expectancy too high (11.003% > 10.000%)')",True,Expectancy too high (11.003% > 10.000%),0.9469795982710817,False,True,True,False,,,,,,,
ret_5m_bin == 1.0 AND ret_30m_bin == 1.0,double,LONG,fwd_ret_180m,14.458756931457643,0.0,0.076898016,0.5319092300525721,0.7842015,0.7268377,1.2260203,1.0810217823529853,45081,0.076898016,1.1292262,,,ret_5m_bin,1.0,ret_30m_bin,1.0,0.08675863742423805,bear_low_vol,False,False,"(False, 'PASS')",False,PASS,0.532798620460712,True,True,True,False,,,,,,,
price_up_vol_weak_bin == True AND price_vs_vwap_pct_bin == 3,double,LONG,fwd_ret_180m,14.209981740970843,0.0,0.070626475,0.5323735037238346,0.7532323,0.7064922,1.213777,1.0274406857361333,48203,0.070626475,1.0912168,,,price_up_vol_weak_bin,True,price_vs_vwap_pct_bin,3,0.08672754103388726,bear_low_vol,True,True,"(False, 'PASS')",False,PASS,0.47101175661701894,True,True,True,True,False,Net expectancy 0.153% < 1.000% after 2.0 bps cost,0.0215262,0.0015262011,0.4890596870239579,0.29270807,14442.0
price_down_vol_weak_bin == True AND ret_60m_bin == 1.0,double,LONG,fwd_ret_180m,17.003292122501428,0.0,0.05838223,0.5246754754212533,0.7582636,0.7141648,1.1719857,0.839480882684639,103382,0.05838223,1.1040027,,,price_down_vol_weak_bin,True,ret_60m_bin,1.0,0.08668038845859555,bear_low_vol,True,True,"(False, 'PASS')",False,PASS,0.33317326826394283,True,True,True,True,True,PASS,0.113164894,0.09316489,0.5121248092250297,1.4171714,35382.0
ret_15m_turned_positive_bin == True AND atr_14_bin == 1,double,LONG,fwd_ret_180m,15.412734716383424,0.0,0.06648897,0.5298834837519908,0.76932186,0.7256966,1.1948898,0.9145136256945996,71578,0.06648897,1.1541431,,,ret_15m_turned_positive_bin,True,atr_14_bin,1,0.08644433236358162,bear_low_vol,True,True,"(False, 'PASS')",False,PASS,0.4246566309618521,True,True,True,True,False,Sharpe dropped 53.2% (limit: 40.0%),0.03625988,0.016259879,0.4926678445229682,0.42839172,22640.0
ret_15m_bin == 3.0 AND price_vs_vwap_pct_bin == 3,double,LONG,fwd_ret_180m,16.313045004084486,0.0,0.06054793,0.5339078758374176,0.7555933,0.73562545,1.176592,0.857493289836619,91203,0.06054793,1.120905,,,ret_15m_bin,3.0,price_vs_vwap_pct_bin,3,0.08644071477281799,bear_low_vol,False,False,"(False, 'PASS')",False,PASS,0.3732950442463799,True,True,True,False,,,,,,,
rel_strength_60m_bin == 3.0 AND price_vs_vwap_pct_bin == 3,double,LONG,fwd_ret_180m,14.059131741996804,0.0,0.07187763,0.5359093149334647,0.7821808,0.7483459,1.2069609,0.9909408818421886,50725,0.07187763,1.1514531,,,rel_strength_60m_bin,3.0,price_vs_vwap_pct_bin,3,0.08641394053771549,bear_low_vol,False,False,"(False, 'PASS')",False,PASS,0.4905949155152754,True,True,True,False,,,,,,,
session_range_pct_bin == 2 AND atr_14_bin == 0,double,LONG,fwd_ret_180m,14.94029774937367,0.0,0.0799882,0.5424206505992362,0.7079251,0.6643765,1.2631148,1.2172165315315073,37965,0.0799882,1.0431778,,,session_range_pct_bin,2,atr_14_bin,0,0.0859150662975853,bear_low_vol,False,False,"(False, 'PASS')",False,PASS,0.5847232661204236,True,True,True,False,,,,,,,
ret_30m_turned_positive_bin == True AND ret_15m_bin == 3.0,double,LONG,fwd_ret_180m,17.100306677593167,0.0,0.058591004,0.5289962960273077,0.7667578,0.73676926,1.1688398,0.8179146284945445,110152,0.058591004,1.1371644,,,ret_30m_turned_positive_bin,True,ret_15m_bin,3.0,0.0856348937990646,bear_low_vol,True,True,"(False, 'PASS')",False,PASS,0.3439026366651157,True,True,True,True,False,Sharpe dropped 47.2% (limit: 40.0%),0.035915624,0.015915625,0.4957205922099763,0.43162987,33299.0
ret_30m_bin == 1.0 AND ret_60m_bin == 1.0,double,LONG,fwd_ret_180m,14.637381458646647,0.0,0.07214475,0.5318712132592259,0.81319714,0.7698125,1.2001956,0.9492992210172183,59913,0.07214475,1.2064292,,,ret_30m_bin,1.0,ret_60m_bin,1.0,0.08553803284442292,bear_low_vol,False,False,"(False, 'PASS')",False,PASS,0.48518989432240694,True,True,True,False,,,,,,,
ret_5m_turned_negative_bin == True AND ret_5m_bin == 2.0,double,LONG,fwd_ret_180m,14.625112671614632,0.0,0.06878117,0.5284803203930873,0.7844313,0.73332113,1.1989187,0.9523741162762883,59427,0.06878117,1.1464688,,,ret_5m_turned_negative_bin,True,ret_5m_bin,2.0,0.08519652504199413,bear_low_vol,True,True,"(False, 'PASS')",False,PASS,0.4447723134737052,True,True,True,True,True,PASS,0.050971337,0.030971337,0.5010799136069114,0.6323779,18057.0
ret_5m_bin == 3.0 AND ret_30m_bin == 3.0,double,LONG,fwd_ret_180m,14.243281745403875,0.0,0.074010804,0.5324799513181058,0.7643446,0.7122419,1.2222631,1.0540714454648608,46013,0.074010804,1.1146162,,,ret_5m_bin,3.0,ret_30m_bin,3.0,0.08514912258942943,bear_low_vol,False,False,"(False, 'PASS')",False,PASS,0.5050679455916101,True,True,True,False,,,,,,,
ret_60m_turned_positive_bin == True AND ret_60m_bin == 2.0,double,LONG,fwd_ret_180m,14.810079159701223,0.0,0.06897194,0.5335318082105923,0.7878568,0.7532662,1.1962918,0.9306347085105618,63820,0.06897194,1.1765041,,,ret_60m_turned_positive_bin,True,ret_60m_bin,2.0,0.0851105112879911,bear_low_vol,True,True,"(False, 'PASS')",False,PASS,0.4567830102705575,True,True,True,True,False,Net expectancy 0.619% < 1.000% after 2.0 bps cost,0.026194073,0.0061940737,0.48348552048004173,0.31369174,19165.0
ret_5m_turned_positive_bin == True AND ret_30m_bin == 3.0,double,LONG,fwd_ret_180m,16.010292553946794,0.0,0.06167324,0.5279733664319602,0.76667035,0.7268833,1.1797485,0.865621986810145,86207,0.06167324,1.131016,,,ret_5m_turned_positive_bin,True,ret_30m_bin,3.0,0.08468876885479569,bear_low_vol,True,True,"(False, 'PASS')",False,PASS,0.372679121598738,True,True,True,True,False,Net expectancy 0.691% < 1.000% after 2.0 bps cost,0.026913995,0.0069139954,0.49171356491364254,0.32831994,25765.0
ret_15m_bin == 1.0 AND rvol_bin == 0,double,LONG,fwd_ret_180m,14.929104370819795,0.0,0.08182848,0.5302576869090813,0.74447817,0.66618824,1.2614857,1.2196178546503973,37759,0.08182848,1.065077,,,ret_15m_bin,1.0,rvol_bin,0,0.08438810568083405,bear_low_vol,False,False,"(False, 'PASS')",False,PASS,0.5788001983087097,True,True,True,False,,,,,,,
ret_60m_turned_positive_bin == True AND price_vs_vwap_pct_bin == 2,double,LONG,fwd_ret_180m,15.720073560731729,0.0,0.0638119,0.529125138427464,0.7868929,0.74871886,1.1809996,0.8753660741771006,81270,0.0638119,1.1572101,,,ret_60m_turned_positive_bin,True,price_vs_vwap_pct_bin,2,0.08427309374834441,bear_low_vol,True,True,"(False, 'PASS')",False,PASS,0.3963692591699915,True,True,True,True,False,Net expectancy -0.010% < 1.000% after 2.0 bps cost,0.019902347,-9.76529e-05,0.48887689881298246,0.2299493,24094.0
ret_30m_bin == 2.0 AND session_range_pct_bin == 1,double,LONG,fwd_ret_180m,14.671293853986175,0.0,0.08487952,0.5421403472509302,0.7683647,0.72441846,1.2559063,1.1838338468218381,38704,0.08487952,1.1381838,,,ret_30m_bin,2.0,session_range_pct_bin,1,0.08369513992014577,bear_low_vol,False,False,"(False, 'PASS')",False,PASS,0.6330758700542285,True,True,True,False,,,,,,,
ret_30m_bin == 1.0 AND session_range_pct_bin == 3,double,LONG,fwd_ret_180m,14.70392389477664,0.0,0.09216631,0.5397525805689071,0.8142226,0.7546211,1.26537,1.1962583255192296,38073,0.09216631,1.2230593,,,ret_30m_bin,1.0,session_range_pct_bin,3,0.08367318467496852,bear_low_vol,False,False,"(False, 'PASS')",False,PASS,0.7011682815267988,True,True,True,False,,,,,,,
ret_15m_bin == 1.0 AND ret_60m_bin == 1.0,double,LONG,fwd_ret_180m,13.88158456910857,0.0,0.07512572,0.5330976797714708,0.8060184,0.7593896,1.211884,0.9989821149706466,48659,0.07512572,1.1937989,,,ret_15m_bin,1.0,ret_60m_bin,1.0,0.083268929451174,bear_low_vol,False,False,"(False, 'PASS')",False,PASS,0.517452525809383,True,True,True,False,,,,,,,
vwap_cross_up_bin == True AND ret_15m_turned_positive_bin == True,double,LONG,fwd_ret_180m,21.982762968465508,0.0,0.045576464,0.5196366063724134,0.77318543,0.74151987,1.1279522,0.6297078687040343,307105,0.045576464,1.1489518,,,vwap_cross_up_bin,True,ret_15m_turned_positive_bin,True,0.08325443783662677,bear_low_vol,True,True,"(False, 'PASS')",False,PASS,0.19503785659276912,True,True,True,True,False,Net expectancy -0.159% < 1.000% after 2.0 bps cost,0.018408537,-0.0015914626,0.4852608923772098,0.22315341,93391.0
ret_5m_turned_negative_bin == True,single,LONG,fwd_ret_180m,16.39197505817889,0.0,0.06197698,0.5259176498324091,0.7966752,0.7530518,1.1736009,0.8331014626124763,97559,0.06197698,1.1809535,ret_5m_turned_negative_bin,True,,,,,0.08312529221940325,bear_low_vol,True,True,"(False, 'PASS')",False,PASS,0.3716051038444866,True,True,True,True,True,PASS,0.044073988,0.024073988,0.49764505461469083,0.53121287,29937.0
vwap_cross_up_bin == True AND ret_5m_turned_positive_bin == True,double,LONG,fwd_ret_180m,20.773292080001163,0.0,0.047993526,0.5206065318818041,0.7706665,0.73680705,1.1358742,0.6636429535332314,246912,0.047993526,1.1480173,,,vwap_cross_up_bin,True,ret_5m_turned_positive_bin,True,0.08306836934826636,bear_low_vol,True,True,"(False, 'PASS')",False,PASS,0.221148322390546,True,True,True,True,False,Net expectancy -0.039% < 1.000% after 2.0 bps cost,0.019610649,-0.00038935058,0.48469394566450835,0.2387453,74905.0
ret_60m_bin == 1.0 AND price_vs_vwap_pct_bin == 1,double,LONG,fwd_ret_180m,13.9357738151,0.0,0.07294009,0.5325303038952637,0.81596726,0.7734987,1.2017219,0.9650301169165073,52551,0.07294009,1.1998465,,,ret_60m_bin,1.0,price_vs_vwap_pct_bin,1,0.08289007643313846,bear_low_vol,False,False,"(False, 'PASS')",False,PASS,0.49446149587589266,True,True,True,False,,,,,,,
ret_30m_bin == 3.0 AND ret_60m_bin == 2.0,double,LONG,fwd_ret_180m,14.211710935571809,0.0,0.07849021,0.5332026352383341,0.79766023,0.7429869,1.2263112,1.0771536213618365,43867,0.07849021,1.1567463,,,ret_30m_bin,3.0,ret_60m_bin,2.0,0.08288395881966937,bear_low_vol,False,False,"(False, 'PASS')",False,PASS,0.5513073960736683,True,True,True,False,,,,,,,
ret_30m_turned_positive_bin == True AND rel_strength_60m_bin == 3.0,double,LONG,fwd_ret_180m,16.60834339522239,0.0,0.05943654,0.5298155419338437,0.7855671,0.7587854,1.1665967,0.809018035626353,106203,0.05943654,1.1662606,,,ret_30m_turned_positive_bin,True,rel_strength_60m_bin,3.0,0.08239397793172265,bear_low_vol,True,True,"(False, 'PASS')",False,PASS,0.3539964943744128,True,True,True,True,False,Net expectancy 0.762% < 1.000% after 2.0 bps cost,0.02762166,0.007621661,0.4930173639003893,0.3265788,32366.0
ret_60m_bin == 2.0 AND atr_14_bin == 1,double,LONG,fwd_ret_180m,14.435384996469871,0.0,0.081978016,0.5334038470999164,0.787618,0.72469616,1.2424377,1.1365197505547184,40654,0.081978016,1.14504,,,ret_60m_bin,2.0,atr_14_bin,1,0.08235330598813628,bear_low_vol,False,False,"(False, 'PASS')",False,PASS,0.5865878502161825,True,True,True,False,,,,,,,
session_range_pct_bin == 2 AND is_power_hour_bin == True,double,LONG,fwd_ret_180m,15.445014995267119,0.0,0.13471039,0.5429506051684658,1.0764285,0.98400104,1.2995315,1.4022998444626766,30570,0.13471039,1.5249671,,,session_range_pct_bin,2,is_power_hour_bin,True,0.08231048175949854,bear_low_vol,False,False,"(True, 'Expectancy too high (13.471% > 10.000%)')",True,Expectancy too high (13.471% > 10.000%),1.1330050742914757,False,True,True,False,,,,,,,
ret_30m_bin == 3.0 AND rel_strength_60m_bin == 2.0,double,LONG,fwd_ret_180m,14.134738413040564,0.0,0.08059882,0.5347071335452737,0.8107047,0.7584272,1.2283959,1.0730823833970813,43723,0.08059882,1.1923283,,,ret_30m_bin,3.0,rel_strength_60m_bin,2.0,0.08208485302166117,bear_low_vol,False,False,"(False, 'PASS')",False,PASS,0.5754024298465135,True,True,True,False,,,,,,,
ret_15m_bin == 1.0 AND ret_30m_bin == 2.0,double,LONG,fwd_ret_180m,14.209098951143766,0.0,0.07995242,0.5346213147689576,0.79828084,0.7452544,1.2305263,1.090220802607031,42806,0.07995242,1.1641726,,,ret_15m_bin,1.0,ret_30m_bin,2.0,0.0820631480764035,bear_low_vol,False,False,"(False, 'PASS')",False,PASS,0.5687668175796021,True,True,True,False,,,,,,,
ret_30m_bin == 2.0 AND rel_strength_60m_bin == 1.0,double,LONG,fwd_ret_180m,14.196302052419432,0.0,0.08039583,0.5356203625434395,0.7945043,0.7432644,1.2329255,1.092023184669227,42588,0.08039583,1.168697,,,ret_30m_bin,2.0,rel_strength_60m_bin,1.0,0.08185923238305766,bear_low_vol,False,False,"(False, 'PASS')",False,PASS,0.5751990516650192,True,True,True,False,,,,,,,
avwap_cross_up_bin == True AND ret_15m_bin == 1.0,double,LONG,fwd_ret_180m,14.759351852835888,0.0,0.07070873,0.5304831174974869,0.84601647,0.80527186,1.1870162,0.9008508742102694,67644,0.07070873,1.2460067,,,avwap_cross_up_bin,True,ret_15m_bin,1.0,0.08163530414886844,bear_low_vol,True,True,"(False, 'PASS')",False,PASS,0.46805352826222385,True,True,True,True,False,Net expectancy 0.469% < 1.000% after 2.0 bps cost,0.024690166,0.0046901666,0.4929081482930647,0.2822667,20446.0
ret_5m_turned_positive_bin == True AND rel_strength_60m_bin == 2.0,double,LONG,fwd_ret_180m,14.775215571359801,0.0,0.06667829,0.5332183291535596,0.78699386,0.75615925,1.1889111,0.8930238358396458,68983,0.06667829,1.185282,,,ret_5m_turned_positive_bin,True,rel_strength_60m_bin,2.0,0.0814307067383741,bear_low_vol,True,True,"(False, 'PASS')",False,PASS,0.433219588800474,True,True,True,True,True,PASS,0.06171504,0.04171504,0.4954466806301794,0.78478336,21962.0
ret_60m_turned_positive_bin == True AND ret_15m_bin == 3.0,double,LONG,fwd_ret_180m,16.423696618860667,0.0,0.05807077,0.5295251798561151,0.77055484,0.74383885,1.1659366,0.8074825395227728,104250,0.05807077,1.1416283,,,ret_60m_turned_positive_bin,True,ret_15m_bin,3.0,0.081278733587996,bear_low_vol,True,True,"(False, 'PASS')",False,PASS,0.33975807367383154,True,True,True,True,False,Net expectancy -2.296% < 1.000% after 2.0 bps cost,-0.0029578751,-0.022957874,0.4832668801882476,-0.03587221,30598.0
session_range_pct_bin == 4 AND price_vs_vwap_pct_bin == 3,double,LONG,fwd_ret_180m,13.79557585060795,0.0,0.073877126,0.5324568611339359,0.8024248,0.7558221,1.2090589,1.0052232132486143,47463,0.073877126,1.1666692,,,session_range_pct_bin,4,price_vs_vwap_pct_bin,3,0.08112565354820418,bear_low_vol,False,False,"(False, 'PASS')",False,PASS,0.5036849820525702,True,True,True,False,,,,,,,
ret_60m_turned_positive_bin == True AND ret_30m_bin == 3.0,double,LONG,fwd_ret_180m,16.908774957401093,0.0,0.056948356,0.5266065369729417,0.7835215,0.7512972,1.1601206,0.7837178026387944,117302,0.056948356,1.153511,,,ret_60m_turned_positive_bin,True,ret_30m_bin,3.0,0.08076893559168465,bear_low_vol,True,True,"(False, 'PASS')",False,PASS,0.32269663724983083,True,True,True,True,False,Net expectancy -0.656% < 1.000% after 2.0 bps cost,0.013436839,-0.0065631606,0.4928188016828667,0.16309975,34465.0
ret_5m_bin == 3.0 AND rvol_bin == 0,double,LONG,fwd_ret_180m,14.408896514633037,0.0,0.07455802,0.5258607913846762,0.7243978,0.64616966,1.2433559,1.1367856311817817,40486,0.07455802,1.0411566,,,ret_5m_bin,3.0,rvol_bin,0,0.0807237283773004,bear_low_vol,False,False,"(False, 'PASS')",False,PASS,0.4973017791499677,True,True,True,False,,,,,,,
ret_60m_bin == 2.0 AND price_vs_vwap_pct_bin == 1,double,LONG,fwd_ret_180m,14.316817515837721,0.0,0.08466999,0.5302795603747141,0.82148445,0.7471389,1.2412618,1.1269492307234459,40671,0.08466999,1.1926842,,,ret_60m_bin,2.0,price_vs_vwap_pct_bin,1,0.08054838410208366,bear_low_vol,False,False,"(False, 'PASS')",False,PASS,0.6072590440263295,True,True,True,False,,,,,,,
rel_strength_60m_bin == 3.0 AND rvol_bin == 0,double,LONG,fwd_ret_180m,14.481456992521842,0.0,0.07868263,0.5285933876976786,0.73822474,0.6608692,1.2525618,1.1733918819459919,38383,0.07868263,1.0644765,,,rel_strength_60m_bin,3.0,rvol_bin,0,0.0798053916742648,bear_low_vol,False,False,"(False, 'PASS')",False,PASS,0.5440130879373188,True,True,True,False,,,,,,,
ret_5m_bin == 3.0 AND ret_60m_bin == 2.0,double,LONG,fwd_ret_180m,14.253335425307922,0.0,0.08093234,0.5350707931336925,0.7823749,0.7263335,1.2396619,1.1326692124343138,39905,0.08093234,1.1342773,,,ret_5m_bin,3.0,ret_60m_bin,2.0,0.07979476783051867,bear_low_vol,False,False,"(False, 'PASS')",False,PASS,0.5794650014275642,True,True,True,False,,,,,,,
ret_15m_turned_positive_bin == True AND ret_30m_bin == 3.0,double,LONG,fwd_ret_180m,16.28052690357594,0.0,0.056396175,0.5281619794067927,0.7593492,0.7304694,1.1636268,0.8009738456403876,104112,0.056396175,1.1177163,,,ret_15m_turned_positive_bin,True,ret_30m_bin,3.0,0.07971502445045155,bear_low_vol,True,True,"(False, 'PASS')",False,PASS,0.3202857105726376,True,True,True,True,True,PASS,0.044829603,0.024829604,0.4969062351261304,0.5396077,31515.0
price_vs_vwap_pct_bin == 0 AND is_power_hour_bin == True,double,LONG,fwd_ret_180m,15.9194865144171,0.0,0.17288166,0.543377196438421,1.23818,1.0948141,1.3458207,1.5862309291603716,25382,0.17288166,1.7301462,,,price_vs_vwap_pct_bin,0,is_power_hour_bin,True,0.07961716073857318,bear_low_vol,False,False,"(True, 'Expectancy too high (17.288% > 10.000%)')",True,Expectancy too high (17.288% > 10.000%),1.5586864859131433,False,True,True,False,,,,,,,
rvol_bin == 0 AND price_vs_vwap_pct_bin == 3,double,LONG,fwd_ret_180m,14.320261958794285,0.0,0.07404185,0.5286590709903594,0.7221944,0.6529302,1.2405889,1.137560209574414,39935,0.07404185,1.0332446,,,rvol_bin,0,price_vs_vwap_pct_bin,3,0.07961061621226341,bear_low_vol,False,False,"(False, 'PASS')",False,PASS,0.4977366506295911,True,True,True,False,,,,,,,
ret_5m_bin == 3.0 AND ret_15m_bin == 2.0,double,LONG,fwd_ret_180m,14.129430350037365,0.0,0.077943906,0.532998982410234,0.7710045,0.713062,1.2340654,1.1040447028255131,41274,0.077943906,1.1207166,,,ret_5m_bin,3.0,ret_15m_bin,2.0,0.07943840291182533,bear_low_vol,False,False,"(False, 'PASS')",False,PASS,0.5454370267005797,True,True,True,False,,,,,,,
price_down_vol_weak_bin == True AND ret_30m_bin == 1.0,double,LONG,fwd_ret_180m,14.045177695517621,0.0,0.06381586,0.528151795860739,0.75616455,0.71114784,1.1901807,0.9251703175626316,58078,0.06381586,1.0949826,,,price_down_vol_weak_bin,True,ret_30m_bin,1.0,0.07943171643061962,bear_low_vol,True,True,"(False, 'PASS')",False,PASS,0.39446221112531715,True,True,True,True,True,PASS,0.11212608,0.09212609,0.5136979427997993,1.4540871,19930.0
ret_15m_bin == 1.0 AND ret_60m_bin == 2.0,double,LONG,fwd_ret_180m,14.208824072460896,0.0,0.08415736,0.5335343817760387,0.81138414,0.74763054,1.2413157,1.1260605176310292,40123,0.08415736,1.1863987,,,ret_15m_bin,1.0,ret_60m_bin,2.0,0.07928516432309018,bear_low_vol,False,False,"(False, 'PASS')",False,PASS,0.6086423893550712,True,True,True,False,,,,,,,
ret_15m_bin == 2.0 AND rel_strength_60m_bin == 2.0,double,LONG,fwd_ret_180m,13.722600880656891,0.0,0.075505674,0.5365340304856434,0.7976505,0.76048934,1.2142243,1.025357165662136,45136,0.075505674,1.1689736,,,ret_15m_bin,2.0,rel_strength_60m_bin,2.0,0.07887660290241462,bear_low_vol,False,False,"(False, 'PASS')",False,PASS,0.5281247998247414,True,True,True,False,,,,,,,
ret_15m_turned_positive_bin == True AND rvol_bin == 0,double,LONG,fwd_ret_180m,14.816772730116515,0.0,0.057036687,0.5192674013348196,0.7084892,0.64663523,1.1834811,0.883526586937406,70871,0.057036687,1.0247902,,,ret_15m_turned_positive_bin,True,rvol_bin,0,0.07867750132223611,bear_low_vol,True,True,"(False, 'PASS')",False,PASS,0.30890166955625503,True,True,True,True,True,PASS,0.064984635,0.044984635,0.4927896797972817,0.9129457,21705.0
ret_30m_turned_positive_bin == True AND ret_15m_bin == 2.0,double,LONG,fwd_ret_180m,14.7090778919653,0.0,0.0637479,0.5291872317221515,0.78841084,0.7507635,1.1803493,0.8731099327618229,71521,0.0637479,1.1590368,,,ret_30m_turned_positive_bin,True,ret_15m_bin,2.0,0.07865928440821193,bear_low_vol,True,True,"(False, 'PASS')",False,PASS,0.3958534408860908,True,True,True,True,False,Sharpe dropped 47.0% (limit: 40.0%),0.038008824,0.018008824,0.49608820972686096,0.46314797,21857.0
ret_15m_bin == 3.0 AND ret_30m_bin == 3.0,double,LONG,fwd_ret_180m,14.02374220834899,0.0,0.063293405,0.5334747799565714,0.75709784,0.7300767,1.1858296,0.9063608007638133,60329,0.063293405,1.1085559,,,ret_15m_bin,3.0,ret_30m_bin,3.0,0.07848111863415634,bear_low_vol,False,False,"(False, 'PASS')",False,PASS,0.3998836086850011,True,True,True,False,,,,,,,
price_up_vol_weak_bin == True AND rvol_bin == 0,double,LONG,fwd_ret_180m,14.23258761123983,0.0,0.059932373,0.5163360849641847,0.724512,0.6495405,1.1907707,0.9189451271780535,60449,0.059932373,1.0353142,,,price_up_vol_weak_bin,True,rvol_bin,0,0.07816137306629872,bear_low_vol,True,True,"(False, 'PASS')",False,PASS,0.33199590456944456,True,True,True,True,True,PASS,0.053777125,0.033777125,0.49099854634909984,0.751534,17886.0
ret_30m_turned_positive_bin == True AND ret_60m_turned_positive_bin == True,double,LONG,fwd_ret_180m,20.943808110797946,0.0,0.045662764,0.5181053817543099,0.7914431,0.7561574,1.1253135,0.6219072055023764,285799,0.045662764,1.1655661,,,ret_30m_turned_positive_bin,True,ret_60m_turned_positive_bin,True,0.07810621630742273,bear_low_vol,True,True,"(False, 'PASS')",False,PASS,0.1928384081071038,True,True,True,True,False,Net expectancy -2.048% < 1.000% after 2.0 bps cost,-0.00047654845,-0.020476548,0.4831727046377813,-0.0056476537,83941.0
ret_30m_bin == 2.0 AND rel_strength_60m_bin == 3.0,double,LONG,fwd_ret_180m,13.920163637349043,0.0,0.07965057,0.5412764313990538,0.78915596,0.7575389,1.2292097,1.0856694892573784,41428,0.07965057,1.1646396,,,ret_30m_bin,2.0,rel_strength_60m_bin,3.0,0.07807611053244072,bear_low_vol,False,False,"(False, 'PASS')",False,PASS,0.5790585971225628,True,True,True,False,,,,,,,
rel_strength_60m_bin == 2.0 AND session_range_pct_bin == 3,double,LONG,fwd_ret_180m,13.996397291841957,0.0,0.084565185,0.5374747623972029,0.81050175,0.75900525,1.2408859,1.1025001587379606,40614,0.084565185,1.2176241,,,rel_strength_60m_bin,2.0,session_range_pct_bin,3,0.077973138662495,bear_low_vol,False,False,"(False, 'PASS')",False,PASS,0.6206013748987378,True,True,True,False,,,,,,,
rel_strength_60m_bin == 1.0 AND price_vs_vwap_pct_bin == 2,double,LONG,fwd_ret_180m,13.913618169761552,0.0,0.079288185,0.5324921734180817,0.8004881,0.7421597,1.228519,1.0756462154045765,42164,0.079288185,1.170144,,,rel_strength_60m_bin,1.0,price_vs_vwap_pct_bin,2,0.07778230719446702,bear_low_vol,False,False,"(False, 'PASS')",False,PASS,0.5578661932640809,True,True,True,False,,,,,,,
ret_5m_bin == 1.0 AND price_vs_vwap_pct_bin == 1,double,LONG,fwd_ret_180m,13.769949714616052,0.0,0.06701645,0.528417464178548,0.79243416,0.74582833,1.1905394,0.9210802148469792,56321,0.06701645,1.155006,,,ret_5m_bin,1.0,price_vs_vwap_pct_bin,1,0.0775698993635244,bear_low_vol,False,False,"(False, 'PASS')",False,PASS,0.42699945386597654,True,True,True,False,,,,,,,
