rule,rule_type,direction,horizon,t_stat,p_value,expectancy,win_rate,avg_win,avg_loss,profit_factor,sharpe,n_samples,mean_ret,std_ret,rule_col,rule_val,rule_col1,rule_val1,rule_col2,rule_val2,aaa_score,regime,is_event_based,passes_event_filter,overfit_check,is_overfit,overfit_reason,overfit_risk,passes_overfit_filter,passes_regime_filter,passes_aaa_score,passes_aaa_filters,validation_passed,validation_reason,val_expectancy,val_expectancy_net,val_win_rate,val_sharpe,val_trades
ret_30m_bin == 0.0 AND session_range_pct_bin == 0,double,SHORT,fwd_ret_90m,17.38994790695666,0.0,0.08057082,0.5223000955718382,0.74144906,0.64201,1.2627125,1.2318076771360034,50224,0.08057082,1.0383294,,,ret_30m_bin,0.0,session_range_pct_bin,0,0.129493375074695,bear_high_vol,False,False,"(False, 'PASS')",False,PASS,0.5503083610808102,True,True,True,False,,,,,,,
at_session_low_bin == True AND session_range_pct_bin == 0,double,SHORT,fwd_ret_90m,17.94025718069506,0.0,0.076147504,0.5234956338554585,0.70697314,0.61688805,1.2590493,1.1738467649049265,58862,0.076147504,1.0297801,,,at_session_low_bin,True,session_range_pct_bin,0,0.12759668554951797,bear_high_vol,True,True,"(False, 'PASS')",False,PASS,0.5084663092195916,True,True,True,True,False,Net expectancy -8.830% < 1.000% after 2.0 bps cost,-0.06829777,-0.08829777,0.44580114627460754,-1.318748,8026.0
at_session_low_bin == True,single,SHORT,fwd_ret_90m,17.94025718069506,0.0,0.076147504,0.5234956338554585,0.70697314,0.61688805,1.2590493,1.1738467649049265,58862,0.076147504,1.0297801,at_session_low_bin,True,,,,,0.12759668554951797,bear_high_vol,True,True,"(False, 'PASS')",False,PASS,0.5084663092195916,True,True,True,True,False,Net expectancy -8.830% < 1.000% after 2.0 bps cost,-0.06829777,-0.08829777,0.44580114627460754,-1.318748,8026.0
session_range_pct_bin == 0 AND price_vs_vwap_pct_bin == 0,double,SHORT,fwd_ret_90m,17.139514569336328,0.0,0.0804233,0.5210200142233059,0.7454853,0.6430111,1.2611235,1.2264505609784406,49215,0.0804233,1.0409554,,,session_range_pct_bin,0,price_vs_vwap_pct_bin,0,0.12477187825033542,bear_high_vol,False,False,"(False, 'PASS')",False,PASS,0.5462730579313606,True,True,True,False,,,,,,,
session_range_pct_bin == 0 AND atr_14_bin == 2,double,SHORT,fwd_ret_90m,21.561808290682883,0.0,0.13736397,0.535771418414504,0.7374331,0.55518246,1.532973,2.2816844062666006,22504,0.13736397,0.95569104,,,session_range_pct_bin,0,atr_14_bin,2,0.12035681600035344,bear_high_vol,False,False,"(True, 'Expectancy too high (13.736% > 10.000%)')",True,Expectancy too high (13.736% > 10.000%),1.5360247427592444,False,True,True,False,,,,,,,
session_range_pct_bin == 0,single,SHORT,fwd_ret_90m,20.395828852062756,0.0,0.06305528,0.5172346964201666,0.697413,0.6165955,1.2118288,0.9835878277299973,108357,0.06305528,1.0176737,session_range_pct_bin,0,,,,,0.12009596384686878,bear_high_vol,False,False,"(False, 'PASS')",False,PASS,0.36502216154760864,True,True,True,False,,,,,,,
ret_60m_bin == 0.0 AND session_range_pct_bin == 0,double,SHORT,fwd_ret_90m,16.897804863575207,0.0,0.0737956,0.5235448853321477,0.71550965,0.63134134,1.2453264,1.1545322168438485,53982,0.0737956,1.0146697,,,ret_60m_bin,0.0,session_range_pct_bin,0,0.1182160721952784,bear_high_vol,False,False,"(False, 'PASS')",False,PASS,0.4850457879200785,True,True,True,False,,,,,,,
ret_30m_bin == 4.0 AND ret_60m_bin == 4.0,double,SHORT,fwd_ret_90m,17.32365055471456,0.0,0.06214356,0.5229489429901549,0.6568205,0.58974826,1.2208841,1.0744082383033884,65515,0.06214356,0.91817844,,,ret_30m_bin,4.0,ret_60m_bin,4.0,0.11265599080329816,bear_high_vol,False,False,"(False, 'PASS')",False,PASS,0.3673334909698385,True,True,True,False,,,,,,,
ret_60m_bin == 4.0 AND is_first_hour_bin == True,double,SHORT,fwd_ret_90m,17.066367560093102,0.0,0.054091647,0.5172059822175897,0.6172727,0.549231,1.2039921,1.0766325047947367,63321,0.054091647,0.7975593,,,ret_60m_bin,4.0,is_first_hour_bin,True,0.10999131122236444,bear_high_vol,False,False,"(False, 'PASS')",False,PASS,0.2753284371085956,True,True,True,False,,,,,,,
rel_outperform_extreme_bin == True AND ret_60m_turned_positive_bin == True,double,SHORT,fwd_ret_90m,16.236110635314095,0.0,0.069967486,0.5261079111320089,0.67506,0.6017971,1.245339,1.2497094386800573,42535,0.069967486,0.8887661,,,rel_outperform_extreme_bin,True,ret_60m_turned_positive_bin,True,0.10510625801219962,bear_high_vol,True,True,"(False, 'PASS')",False,PASS,0.4518906819070004,True,True,True,True,True,PASS,0.065825306,0.045825306,0.5387376607837272,1.2133257,10029.0
ret_60m_turned_positive_bin == True AND is_first_hour_bin == True,double,SHORT,fwd_ret_90m,18.237691293926247,0.0,0.045294642,0.513694945887213,0.5850383,0.52484876,1.1774613,0.9495898801101933,92954,0.045294642,0.7572007,,,ret_60m_turned_positive_bin,True,is_first_hour_bin,True,0.10296686454847104,bear_high_vol,True,True,"(False, 'PASS')",False,PASS,0.1803363162586789,True,True,True,True,False,Net expectancy -1.851% < 1.000% after 2.0 bps cost,0.0014858989,-0.0185141,0.5045799311974137,0.03235769,24127.0
ret_30m_turned_positive_bin == True AND ret_60m_bin == 4.0,double,SHORT,fwd_ret_90m,17.865601249537967,0.0,0.05467749,0.517269131714496,0.6391975,0.57166356,1.1981359,0.9616525577229823,86976,0.05467749,0.9025903,,,ret_30m_turned_positive_bin,True,ret_60m_bin,4.0,0.10285813548023524,bear_high_vol,True,True,"(False, 'PASS')",False,PASS,0.28131316487867225,True,True,True,True,False,Net expectancy -3.085% < 1.000% after 2.0 bps cost,-0.010848698,-0.030848697,0.4870133694563873,-0.21858203,16979.0
rel_outperform_extreme_bin == True,single,SHORT,fwd_ret_90m,15.883671834107655,0.0,0.06688577,0.5235748205162829,0.6773164,0.60395646,1.232452,1.1961849954530466,44433,0.06688577,0.8876375,rel_outperform_extreme_bin,True,,,,,0.10231749490607138,bear_high_vol,True,True,"(False, 'PASS')",False,PASS,0.416007334704746,True,True,True,True,True,PASS,0.06923049,0.04923049,0.5412416205187992,1.2822667,10293.0
rel_outperform_extreme_bin == True AND rel_strength_60m_bin == 4.0,double,SHORT,fwd_ret_90m,15.883671834107655,0.0,0.06688577,0.5235748205162829,0.6773164,0.60395646,1.232452,1.1961849954530466,44433,0.06688577,0.8876375,,,rel_outperform_extreme_bin,True,rel_strength_60m_bin,4.0,0.10231749490607138,bear_high_vol,True,True,"(False, 'PASS')",False,PASS,0.416007334704746,True,True,True,True,True,PASS,0.06923049,0.04923049,0.5412416205187992,1.2822667,10293.0
ret_60m_bin == 4.0,single,SHORT,fwd_ret_90m,18.814349544456324,0.0,0.051338144,0.514874163010852,0.638056,0.57135767,1.1852157,0.9076645975131156,108275,0.051338144,0.8978733,ret_60m_bin,4.0,,,,,0.1017658258707405,bear_high_vol,False,False,"(False, 'PASS')",False,PASS,0.2431297624888747,True,True,True,False,,,,,,,
ret_60m_turned_positive_bin == True AND ret_60m_bin == 4.0,double,SHORT,fwd_ret_90m,18.814349544456324,0.0,0.051338144,0.514874163010852,0.638056,0.57135767,1.1852157,0.9076645975131156,108275,0.051338144,0.8978733,,,ret_60m_turned_positive_bin,True,ret_60m_bin,4.0,0.1017658258707405,bear_high_vol,True,True,"(False, 'PASS')",False,PASS,0.2431297624888747,True,True,True,True,False,Net expectancy -2.618% < 1.000% after 2.0 bps cost,-0.006176555,-0.026176555,0.49289330218068533,-0.1258219,20544.0
ret_15m_bin == 0.0 AND session_range_pct_bin == 0,double,SHORT,fwd_ret_90m,15.304005861346726,0.0,0.07495171,0.5208565072302559,0.7496822,0.65851915,1.2375457,1.12363140005157,46748,0.07495171,1.0589073,,,ret_15m_bin,0.0,session_range_pct_bin,0,0.09692289403981029,bear_high_vol,False,False,"(False, 'PASS')",False,PASS,0.4912300976285416,True,True,True,False,,,,,,,
ret_60m_bin == 4.0 AND rel_strength_60m_bin == 4.0,double,SHORT,fwd_ret_90m,16.43087854647502,0.0,0.051763855,0.5204250819222686,0.6320302,0.57792956,1.1867648,0.9424431555148667,76597,0.051763855,0.8719101,,,ret_60m_bin,4.0,rel_strength_60m_bin,4.0,0.09327396248299821,bear_high_vol,False,False,"(False, 'PASS')",False,PASS,0.25848871305317817,True,True,True,False,,,,,,,
rel_outperform_extreme_bin == True AND ret_60m_bin == 4.0,double,SHORT,fwd_ret_90m,15.410040871532289,0.0,0.06946533,0.5265719978813025,0.68019325,0.609819,1.2406098,1.2285671978565205,39647,0.06946533,0.8975724,,,rel_outperform_extreme_bin,True,ret_60m_bin,4.0,0.09149282779633473,bear_high_vol,True,True,"(False, 'PASS')",False,PASS,0.44779731309487275,True,True,True,True,True,PASS,0.0488885,0.028888501,0.530561285419607,0.88866156,9211.0
ret_60m_bin == 4.0 AND price_vs_vwap_pct_bin == 4,double,SHORT,fwd_ret_90m,14.886923024245645,0.0,0.05465547,0.5219750874351774,0.6347332,0.5787552,1.1975553,0.9809125221944741,58043,0.05465547,0.88451177,,,ret_60m_bin,4.0,price_vs_vwap_pct_bin,4,0.08822085342512422,bear_high_vol,False,False,"(False, 'PASS')",False,PASS,0.29050487441049305,True,True,True,False,,,,,,,
price_up_vol_weak_bin == True AND is_first_hour_bin == True,double,SHORT,fwd_ret_90m,14.92633824927582,0.0,0.050412282,0.5173227220739611,0.55011225,0.48515502,1.2152777,1.1566299298338811,41968,0.050412282,0.6918982,,,price_up_vol_weak_bin,True,is_first_hour_bin,True,0.08676484311092755,bear_high_vol,True,True,"(False, 'PASS')",False,PASS,0.23876826762471365,True,True,True,True,False,Net expectancy -4.362% < 1.000% after 2.0 bps cost,-0.023621783,-0.043621782,0.489873417721519,-0.57206506,11850.0
rel_outperform_extreme_bin == True AND is_first_hour_bin == True,double,SHORT,fwd_ret_90m,15.366682077341304,0.0,0.074565426,0.5176281583175113,0.70612663,0.6031562,1.2562866,1.3183939268959828,34235,0.074565426,0.8978268,,,rel_outperform_extreme_bin,True,is_first_hour_bin,True,0.0831055023009785,bear_high_vol,True,True,"(False, 'PASS')",False,PASS,0.48091057178677127,True,True,True,True,True,PASS,0.07174661,0.05174661,0.5441783649876135,1.3252368,9688.0
at_session_low_bin == True AND price_vs_vwap_pct_bin == 0,double,SHORT,fwd_ret_90m,15.188397896757962,0.0,0.08834847,0.5268993962579951,0.74296343,0.64070624,1.291465,1.3181421209106547,33458,0.08834847,1.0639888,,,at_session_low_bin,True,price_vs_vwap_pct_bin,0,0.08169926227786031,bear_high_vol,True,True,"(False, 'PASS')",False,PASS,0.6372834987986058,True,True,True,True,False,Net expectancy -6.421% < 1.000% after 2.0 bps cost,-0.04420939,-0.06420939,0.44274809160305345,-0.7691729,4323.0
at_session_low_bin == True AND ret_30m_bin == 0.0,double,SHORT,fwd_ret_90m,15.275494910810494,0.0,0.09099165,0.5287669536136743,0.7452079,0.64309937,1.3002532,1.349381202201777,32294,0.09099165,1.070452,,,at_session_low_bin,True,ret_30m_bin,0.0,0.08147649631268801,bear_high_vol,True,True,"(False, 'PASS')",False,PASS,0.6674504422472232,True,True,True,True,False,Net expectancy -9.121% < 1.000% after 2.0 bps cost,-0.071214765,-0.09121476,0.42304939155332855,-1.196628,4191.0
vwap_cross_up_bin == True AND ret_60m_bin == 4.0,double,SHORT,fwd_ret_90m,15.40526211931238,0.0,0.04857203,0.5154924169706278,0.6261656,0.56595933,1.1771334,0.8748761228881284,78135,0.04857203,0.8813329,,,vwap_cross_up_bin,True,ret_60m_bin,4.0,0.08041261670911903,bear_high_vol,True,True,"(False, 'PASS')",False,PASS,0.21670513312557788,True,True,True,True,False,Net expectancy -2.402% < 1.000% after 2.0 bps cost,-0.004015703,-0.024015702,0.49446283095723015,-0.08269766,15712.0
ret_60m_turned_positive_bin == True AND ret_30m_bin == 4.0,double,SHORT,fwd_ret_90m,15.75386508055457,0.0,0.047483966,0.5129992961464015,0.6393316,0.5759595,1.1692878,0.8293513985101723,90928,0.047483966,0.90888447,,,ret_60m_turned_positive_bin,True,ret_30m_bin,4.0,0.07757624065430037,bear_high_vol,True,True,"(False, 'PASS')",False,PASS,0.20083824983789272,True,True,True,True,False,Net expectancy -2.360% < 1.000% after 2.0 bps cost,-0.0035996712,-0.023599671,0.49442528735632185,-0.07351472,17400.0
rel_outperform_extreme_bin == True AND ret_30m_turned_positive_bin == True,double,SHORT,fwd_ret_90m,14.355688369784499,0.0,0.06680597,0.5273263181091951,0.66858083,0.6045487,1.2337883,1.1960766561939764,36302,0.06680597,0.88665885,,,rel_outperform_extreme_bin,True,ret_30m_turned_positive_bin,True,0.07608679470981544,bear_high_vol,True,True,"(False, 'PASS')",False,PASS,0.42271237270863976,True,True,True,True,True,PASS,0.046557516,0.026557516,0.5292996665078609,0.8519513,8396.0
price_up_vol_weak_bin == True AND ret_60m_bin == 4.0,double,SHORT,fwd_ret_90m,13.526032339963843,0.0,0.04908912,0.5145454151029352,0.57219326,0.50536203,1.2000939,1.000079109105883,46097,0.04908912,0.77920395,,,price_up_vol_weak_bin,True,ret_60m_bin,4.0,0.07427068082599736,bear_high_vol,True,True,"(False, 'PASS')",False,PASS,0.21998201858897276,True,True,True,True,False,Net expectancy -5.227% < 1.000% after 2.0 bps cost,-0.032274388,-0.052274387,0.48193248193248195,-0.7719236,10101.0
at_session_low_bin == True AND ret_60m_bin == 0.0,double,SHORT,fwd_ret_90m,14.460134385053205,0.0,0.08340134,0.5289643769727942,0.72317314,0.6350507,1.2788117,1.2585742157614694,33265,0.08340134,1.0519484,,,at_session_low_bin,True,ret_60m_bin,0.0,0.0741278434620289,bear_high_vol,True,True,"(False, 'PASS')",False,PASS,0.5919421266052716,True,True,True,True,False,Net expectancy -7.762% < 1.000% after 2.0 bps cost,-0.05762003,-0.07762003,0.4213044573155377,-0.9913043,3971.0
rel_strength_60m_bin == 4.0 AND is_first_hour_bin == True,double,SHORT,fwd_ret_90m,13.893918062244886,0.0,0.045892693,0.511863468334229,0.62976164,0.5663564,1.1660018,0.8900533767877363,61407,0.045892693,0.8185171,,,rel_strength_60m_bin,4.0,is_first_hour_bin,True,0.07326240616734594,bear_high_vol,False,False,"(False, 'PASS')",False,PASS,0.18265386769205577,True,True,True,False,,,,,,,
atr_14_bin == 4 AND is_first_hour_bin == True,double,SHORT,fwd_ret_90m,14.745650456854095,0.0,0.048199967,0.5115927663072385,0.73019516,0.6661708,1.1481422,0.8138576425829748,82724,0.048199967,0.94015306,,,atr_14_bin,4,is_first_hour_bin,True,0.07105964500867874,bear_high_vol,False,False,"(False, 'PASS')",False,PASS,0.2051851981132105,True,True,True,False,,,,,,,
rel_outperform_extreme_bin == True AND session_range_pct_bin == 4,double,SHORT,fwd_ret_90m,14.971089275667378,0.0,0.0771046,0.5426238081828056,0.6162872,0.562573,1.2996594,1.5074027638539438,24857,0.0771046,0.81199104,,,rel_outperform_extreme_bin,True,session_range_pct_bin,4,0.06977921737445003,bear_high_vol,True,True,"(False, 'PASS')",False,PASS,0.5599949811302602,True,True,True,True,False,Expectancy dropped 57.6% (limit: 50.0%),0.03265913,0.012659129,0.5135440180586908,0.59594774,5316.0
ret_30m_bin == 4.0 AND price_vs_vwap_pct_bin == 4,double,SHORT,fwd_ret_90m,14.193245470102646,0.0,0.044584695,0.5159189951294539,0.6212625,0.5700213,1.1615759,0.8066385932530177,78020,0.044584695,0.87741905,,,ret_30m_bin,4.0,price_vs_vwap_pct_bin,4,0.06836416067891223,bear_high_vol,False,False,"(False, 'PASS')",False,PASS,0.17768494275686703,True,True,True,False,,,,,,,
at_session_low_bin == True AND ret_15m_bin == 0.0,double,SHORT,fwd_ret_90m,14.106387426533807,0.0,0.086710535,0.5277885485330231,0.7501976,0.65486586,1.2804033,1.2729161574152437,30948,0.086710535,1.0813651,,,at_session_low_bin,True,ret_15m_bin,0.0,0.06789290801841572,bear_high_vol,True,True,"(False, 'PASS')",False,PASS,0.6226824469643846,True,True,True,True,False,Net expectancy -6.867% < 1.000% after 2.0 bps cost,-0.04867201,-0.06867201,0.43855362814561444,-0.8361002,4093.0
ret_15m_turned_positive_bin == True AND ret_60m_bin == 4.0,double,SHORT,fwd_ret_90m,13.669496763882153,0.0,0.045453325,0.5156707360605411,0.6212568,0.5676111,1.1653384,0.8199648543530086,70035,0.045453325,0.87997574,,,ret_15m_turned_positive_bin,True,ret_60m_bin,4.0,0.06689697934215325,bear_high_vol,True,True,"(False, 'PASS')",False,PASS,0.18587472126086807,True,True,True,True,False,Net expectancy -1.537% < 1.000% after 2.0 bps cost,0.0046300474,-0.015369952,0.4996047998850327,0.09523429,13917.0
ret_5m_turned_positive_bin == True AND ret_60m_bin == 4.0,double,SHORT,fwd_ret_90m,12.936908181871775,0.0,0.045976665,0.5152527427805945,0.61656404,0.5605182,1.1692125,0.8456762679455427,58973,0.045976665,0.8630453,,,ret_5m_turned_positive_bin,True,ret_60m_bin,4.0,0.06524409461485439,bear_high_vol,True,True,"(False, 'PASS')",False,PASS,0.19027213427096307,True,True,True,True,False,Net expectancy -1.170% < 1.000% after 2.0 bps cost,0.008298848,-0.011701152,0.4982701954679121,0.17180675,11562.0
ret_15m_bin == 4.0 AND ret_60m_bin == 4.0,double,SHORT,fwd_ret_90m,12.359227669487522,0.0,0.04882595,0.5203686125613036,0.6342771,0.58635014,1.1736146,0.8724764556094428,50568,0.04882595,0.8883769,,,ret_15m_bin,4.0,ret_60m_bin,4.0,0.06494450321368232,bear_high_vol,False,False,"(False, 'PASS')",False,PASS,0.22899671942726424,True,True,True,False,,,,,,,
ret_60m_bin == 4.0 AND session_range_pct_bin == 4,double,SHORT,fwd_ret_90m,12.540160932302149,0.0,0.043798625,0.522554263495135,0.58218265,0.54545134,1.1681823,0.8505431371283826,54779,0.043798625,0.81745607,,,ret_60m_bin,4.0,session_range_pct_bin,4,0.06450852438973237,bear_high_vol,False,False,"(False, 'PASS')",False,PASS,0.18309478168234766,True,True,True,False,,,,,,,
rel_outperform_extreme_bin == True AND vwap_cross_up_bin == True,double,SHORT,fwd_ret_90m,13.502219514063379,0.0,0.064492226,0.5256038935833508,0.6620183,0.5975327,1.227512,1.1712278170734938,33491,0.064492226,0.87411034,,,rel_outperform_extreme_bin,True,vwap_cross_up_bin,True,0.06443910279126952,bear_high_vol,True,True,"(False, 'PASS')",False,PASS,0.3961300436364282,True,True,True,True,True,PASS,0.052112166,0.032112166,0.5347283499306693,0.97769654,7933.0
ret_60m_turned_positive_bin == True AND price_vs_vwap_pct_bin == 4,double,SHORT,fwd_ret_90m,13.890668151389747,0.0,0.04121952,0.5125454825595867,0.609061,0.55585074,1.1521285,0.759139634254537,84373,0.04121952,0.86194897,,,ret_60m_turned_positive_bin,True,price_vs_vwap_pct_bin,4,0.06255520764897927,bear_high_vol,True,True,"(False, 'PASS')",False,PASS,0.13728617825823047,True,True,True,True,False,Net expectancy -1.523% < 1.000% after 2.0 bps cost,0.004773956,-0.015226044,0.5032770128074079,0.10072907,16631.0
session_range_pct_bin == 4 AND is_first_hour_bin == True,double,SHORT,fwd_ret_90m,12.547377526133769,0.0,0.045209534,0.5171803293964172,0.57292295,0.5200595,1.1800494,0.9613642641160132,42927,0.045209534,0.74652153,,,session_range_pct_bin,4,is_first_hour_bin,True,0.06199115523997781,bear_high_vol,False,False,"(False, 'PASS')",False,PASS,0.18645600345550079,True,True,True,False,,,,,,,
price_vs_vwap_pct_bin == 0 AND is_first_hour_bin == True,double,SHORT,fwd_ret_90m,12.753293139136789,0.0,0.04703921,0.5036765316115325,0.7163897,0.6322278,1.1499069,0.8248118534533988,60247,0.04703921,0.90532684,,,price_vs_vwap_pct_bin,0,is_first_hour_bin,True,0.061321844438720186,bear_high_vol,False,False,"(False, 'PASS')",False,PASS,0.17774517118662697,True,True,True,False,,,,,,,
rel_outperform_extreme_bin == True AND ret_30m_bin == 4.0,double,SHORT,fwd_ret_90m,13.335961422558833,0.0,0.06950748,0.530307014660443,0.6842196,0.62453336,1.2369529,1.213754169664671,30422,0.06950748,0.9090779,,,rel_outperform_extreme_bin,True,ret_30m_bin,4.0,0.060448628589824624,bear_high_vol,True,True,"(False, 'PASS')",False,PASS,0.45568882599752186,True,True,True,True,True,PASS,0.052040752,0.032040752,0.5367464905037159,0.9311687,7266.0
rel_strength_60m_bin == 0.0 AND session_range_pct_bin == 0,double,SHORT,fwd_ret_90m,12.346389452205534,0.0,0.060636725,0.5004104558219918,0.7563882,0.63625807,1.1907607,0.9109544563129717,46290,0.060636725,1.05667,,,rel_strength_60m_bin,0.0,session_range_pct_bin,0,0.06030682246350224,bear_high_vol,False,False,"(False, 'PASS')",False,PASS,0.3071881644110697,True,True,True,False,,,,,,,
rel_outperform_extreme_bin == True AND ret_15m_turned_positive_bin == True,double,SHORT,fwd_ret_90m,13.147513770080169,0.0,0.06595762,0.5279984309110523,0.6623508,0.60118985,1.2324395,1.1932929522622329,30591,0.06595762,0.8774415,,,rel_outperform_extreme_bin,True,ret_15m_turned_positive_bin,True,0.05865881281134293,bear_high_vol,True,True,"(False, 'PASS')",False,PASS,0.4155730692214728,True,True,True,True,True,PASS,0.06424748,0.044247482,0.5395087719298246,1.2065624,7125.0
ret_30m_bin == 4.0 AND rel_strength_60m_bin == 4.0,double,SHORT,fwd_ret_90m,12.158468929190114,0.0,0.045024417,0.5192519251925193,0.6323295,0.5893188,1.1589206,0.8002160030612473,58176,0.045024417,0.8931844,,,ret_30m_bin,4.0,rel_strength_60m_bin,4.0,0.05847234274353092,bear_high_vol,False,False,"(False, 'PASS')",False,PASS,0.1887480237925932,True,True,True,False,,,,,,,
ret_60m_bin == 4.0 AND atr_14_bin == 3,double,SHORT,fwd_ret_90m,13.535072037354542,0.0,0.07537686,0.5313984997840003,0.6359774,0.5603494,1.2870619,1.346499094052188,25463,0.07537686,0.8886531,,,ret_60m_bin,4.0,atr_14_bin,3,0.05708378796722559,bear_high_vol,False,False,"(False, 'PASS')",False,PASS,0.516565607542053,True,True,True,False,,,,,,,
price_down_vol_weak_bin == True AND session_range_pct_bin == 0,double,SHORT,fwd_ret_90m,12.25799578490062,0.0,0.051496815,0.5164818510192225,0.61413413,0.54949814,1.1938213,0.9779856472222234,39589,0.051496815,0.83588815,,,price_down_vol_weak_bin,True,session_range_pct_bin,0,0.05674110628903861,bear_high_vol,True,True,"(False, 'PASS')",False,PASS,0.24793185140243962,True,True,True,True,False,Net expectancy -8.733% < 1.000% after 2.0 bps cost,-0.06732517,-0.08732517,0.44798807749627423,-1.6176978,6710.0
ret_30m_turned_positive_bin == True AND price_vs_vwap_pct_bin == 4,double,SHORT,fwd_ret_90m,13.769263865270357,0.0,0.037723914,0.5102108201674955,0.6065675,0.55483747,1.1388167,0.6914086143104398,99943,0.037723914,0.86612827,,,ret_30m_turned_positive_bin,True,price_vs_vwap_pct_bin,4,0.05621878181281357,bear_high_vol,True,True,"(False, 'PASS')",False,PASS,0.09766077822294578,True,True,True,True,False,Net expectancy -1.001% < 1.000% after 2.0 bps cost,0.009994293,-0.010005707,0.5039832285115304,0.21274637,19080.0
at_session_low_bin == True AND atr_14_bin == 2,double,SHORT,fwd_ret_90m,18.20204414664729,0.0,0.16229825,0.5452490514248809,0.7669347,0.5626645,1.634294,2.5961954042849125,12387,0.16229825,0.9923771,,,at_session_low_bin,True,atr_14_bin,2,0.055819264974826754,bear_high_vol,True,True,"(True, 'Expectancy too high (16.230% > 10.000%)')",True,Expectancy too high (16.230% > 10.000%),1.9615782771735382,False,True,True,False,,,,,,,
ret_5m_bin == 0.0 AND session_range_pct_bin == 0,double,SHORT,fwd_ret_90m,12.121499405671893,0.0,0.065378204,0.5118663422868776,0.76316833,0.66633797,1.2010016,0.9587405853125688,40282,0.065378204,1.0825106,,,ret_5m_bin,0.0,session_range_pct_bin,0,0.05546784695775429,bear_high_vol,False,False,"(False, 'PASS')",False,PASS,0.3775147244545077,True,True,True,False,,,,,,,
price_down_vol_weak_bin == True AND at_session_low_bin == True,double,SHORT,fwd_ret_90m,13.925401033584826,0.0,0.07906383,0.5283036377134372,0.6336827,0.5421137,1.3091896,1.505789265849319,21552,0.07906383,0.833516,,,price_down_vol_weak_bin,True,at_session_low_bin,True,0.05526616645306268,bear_high_vol,True,True,"(False, 'PASS')",False,PASS,0.5501402359501057,True,True,True,True,False,Net expectancy -11.292% < 1.000% after 2.0 bps cost,-0.09292409,-0.112924084,0.4407364787111623,-2.249941,3476.0
vwap_cross_up_bin == True AND ret_30m_bin == 4.0,double,SHORT,fwd_ret_90m,13.419850824206012,0.0,0.03819173,0.5094110193738249,0.62446964,0.5705794,1.136438,0.680983326110935,97864,0.03819173,0.8902933,,,vwap_cross_up_bin,True,ret_30m_bin,4.0,0.053881386082112376,bear_high_vol,True,True,"(False, 'PASS')",False,PASS,0.1007393216866071,True,True,True,True,False,Net expectancy -2.203% < 1.000% after 2.0 bps cost,-0.0020306262,-0.022030625,0.4976985974982401,-0.04297977,18467.0
rel_outperform_extreme_bin == True AND price_vs_vwap_pct_bin == 4,double,SHORT,fwd_ret_90m,12.860751439316719,0.0,0.068806335,0.5287845718988157,0.67868024,0.61557686,1.2372065,1.2211906662957204,27949,0.068806335,0.89442766,,,rel_outperform_extreme_bin,True,price_vs_vwap_pct_bin,4,0.05372929267194206,bear_high_vol,True,True,"(False, 'PASS')",False,PASS,0.44563249709772595,True,True,True,True,True,PASS,0.0609062,0.040906202,0.5455342786142376,1.11388,6841.0
price_vs_vwap_pct_bin == 4,single,SHORT,fwd_ret_90m,13.721601566943306,0.0,0.036388155,0.5103421540847124,0.60771537,0.5590733,1.1329224,0.6617662952104504,108343,0.036388155,0.87288225,price_vs_vwap_pct_bin,4,,,,,0.053636094663281265,bear_high_vol,False,False,"(False, 'PASS')",False,PASS,0.08456585889869955,True,True,True,False,,,,,,,
vwap_cross_up_bin == True AND price_vs_vwap_pct_bin == 4,double,SHORT,fwd_ret_90m,13.721601566943306,0.0,0.036388155,0.5103421540847124,0.60771537,0.5590733,1.1329224,0.6617662952104504,108343,0.036388155,0.87288225,,,vwap_cross_up_bin,True,price_vs_vwap_pct_bin,4,0.053636094663281265,bear_high_vol,True,True,"(False, 'PASS')",False,PASS,0.08456585889869955,True,True,True,True,False,Net expectancy -0.480% < 1.000% after 2.0 bps cost,0.015204503,-0.0047954964,0.5066595631326585,0.32238638,20647.0
price_up_vol_weak_bin == True AND ret_30m_bin == 4.0,double,SHORT,fwd_ret_90m,12.163419960234664,0.0,0.05118802,0.5163945671559885,0.5813458,0.51491517,1.2055614,1.0114327322884034,36445,0.05118802,0.80339956,,,price_up_vol_weak_bin,True,ret_30m_bin,4.0,0.053595531020253315,bear_high_vol,True,True,"(False, 'PASS')",False,PASS,0.2446693160417706,True,True,True,True,False,Net expectancy -4.409% < 1.000% after 2.0 bps cost,-0.024092792,-0.04409279,0.4817403880920815,-0.5761156,8297.0
ret_60m_turned_positive_bin == True AND atr_14_bin == 3,double,SHORT,fwd_ret_90m,11.362246494980717,0.0,0.051135685,0.5172504898830885,0.6465292,0.5868092,1.1805117,0.8463416200218524,45419,0.051135685,0.9591326,,,ret_60m_turned_positive_bin,True,atr_14_bin,3,0.05229553821482081,bear_high_vol,True,True,"(False, 'PASS')",False,PASS,0.24585783271484268,True,True,True,True,False,Net expectancy -2.693% < 1.000% after 2.0 bps cost,-0.006925316,-0.026925316,0.4867245005257624,-0.14883526,7608.0
ret_15m_bin == 4.0 AND ret_30m_bin == 4.0,double,SHORT,fwd_ret_90m,11.741381691202607,0.0,0.040929772,0.5168653746729543,0.6216103,0.5802918,1.1459905,0.7377520925321882,63829,0.040929772,0.8807023,,,ret_15m_bin,4.0,ret_30m_bin,4.0,0.05181951611173702,bear_high_vol,False,False,"(False, 'PASS')",False,PASS,0.14302846894372517,True,True,True,False,,,,,,,
ret_15m_turned_positive_bin == True AND price_vs_vwap_pct_bin == 4,double,SHORT,fwd_ret_90m,12.952104304656972,0.0,0.035661764,0.510876251752201,0.6022948,0.55617076,1.131092,0.6529352854417724,99161,0.035661764,0.86702764,,,ret_15m_turned_positive_bin,True,price_vs_vwap_pct_bin,4,0.050004886353418716,bear_high_vol,True,True,"(False, 'PASS')",False,PASS,0.0783701479336088,True,True,True,True,False,Net expectancy -0.214% < 1.000% after 2.0 bps cost,0.017860554,-0.0021394454,0.5062238437600601,0.37997004,18638.0
ret_30m_bin == 4.0,single,SHORT,fwd_ret_90m,13.263019866414908,0.0,0.036720905,0.5083331024994691,0.63567233,0.5825335,1.1282098,0.6397679258642279,108303,0.036720905,0.9111528,ret_30m_bin,4.0,,,,,0.04992286866381897,bear_high_vol,False,False,"(False, 'PASS')",False,PASS,0.08387525952860503,True,True,True,False,,,,,,,
ret_30m_turned_positive_bin == True AND ret_30m_bin == 4.0,double,SHORT,fwd_ret_90m,13.263019866414908,0.0,0.036720905,0.5083331024994691,0.63567233,0.5825335,1.1282098,0.6397679258642279,108303,0.036720905,0.9111528,,,ret_30m_turned_positive_bin,True,ret_30m_bin,4.0,0.04992286866381897,bear_high_vol,True,True,"(False, 'PASS')",False,PASS,0.08387525952860503,True,True,True,True,False,Net expectancy -1.919% < 1.000% after 2.0 bps cost,0.0008122127,-0.019187788,0.49626699629171817,0.016863484,20225.0
ret_60m_turned_positive_bin == True AND rel_strength_60m_bin == 4.0,double,SHORT,fwd_ret_90m,12.938308069235722,0.0,0.035444666,0.5095627307021457,0.6082157,0.5596626,1.1291342,0.6540529184424102,98612,0.035444666,0.86027694,,,ret_60m_turned_positive_bin,True,rel_strength_60m_bin,4.0,0.04990847380853136,bear_high_vol,True,True,"(False, 'PASS')",False,PASS,0.07357211840626371,True,True,True,True,False,Net expectancy -0.529% < 1.000% after 2.0 bps cost,0.014711335,-0.0052886643,0.5022974214822423,0.2921196,18499.0
ret_15m_bin == 4.0 AND price_vs_vwap_pct_bin == 4,double,SHORT,fwd_ret_90m,12.17325310256815,0.0,0.03704522,0.5138714983673369,0.6057553,0.56412077,1.1350856,0.6770634792505574,81462,0.03704522,0.8685665,,,ret_15m_bin,4.0,price_vs_vwap_pct_bin,4,0.049020397480108106,bear_high_vol,False,False,"(False, 'PASS')",False,PASS,0.09819521449237573,True,True,True,False,,,,,,,
rel_outperform_extreme_bin == True AND ret_15m_bin == 4.0,double,SHORT,fwd_ret_90m,12.592242833007575,0.0,0.07208894,0.5312046444121916,0.6818483,0.6188458,1.2484865,1.2692362891101647,24804,0.07208894,0.901626,,,rel_outperform_extreme_bin,True,ret_15m_bin,4.0,0.04874672127306884,bear_high_vol,True,True,"(False, 'PASS')",False,PASS,0.48329870814162873,True,True,True,True,True,PASS,0.078942984,0.058942985,0.5495525915920986,1.461664,5923.0
ret_5m_turned_positive_bin == True AND ret_30m_bin == 4.0,double,SHORT,fwd_ret_90m,11.4933907868337,0.0,0.03948131,0.5121182595986968,0.61827046,0.56806046,1.1424564,0.7118885781894746,65686,0.03948131,0.88039947,,,ret_5m_turned_positive_bin,True,ret_30m_bin,4.0,0.048497205764643815,bear_high_vol,True,True,"(False, 'PASS')",False,PASS,0.11904960230963352,True,True,True,True,False,Net expectancy -0.549% < 1.000% after 2.0 bps cost,0.014510273,-0.0054897266,0.5033626901521217,0.3075291,12490.0
ret_15m_turned_positive_bin == True AND ret_30m_bin == 4.0,double,SHORT,fwd_ret_90m,12.229198078072638,0.0,0.037375506,0.5109495122327975,0.6186472,0.5699248,1.134096,0.6691877118682122,84159,0.037375506,0.8866238,,,ret_15m_turned_positive_bin,True,ret_30m_bin,4.0,0.048396079706513453,bear_high_vol,True,True,"(False, 'PASS')",False,PASS,0.09565408460191321,True,True,True,True,False,Net expectancy -1.338% < 1.000% after 2.0 bps cost,0.0066239424,-0.013376057,0.49952600644631234,0.13902944,15823.0
session_range_pct_bin == 4 AND price_vs_vwap_pct_bin == 4,double,SHORT,fwd_ret_90m,10.708447202466555,0.0,0.037484784,0.5165331448319196,0.5745903,0.5363556,1.1445558,0.7532661916390364,50928,0.037484784,0.7899631,,,session_range_pct_bin,4,price_vs_vwap_pct_bin,4,0.04822357770043499,bear_high_vol,False,False,"(False, 'PASS')",False,PASS,0.10791412645630821,True,True,True,False,,,,,,,
rel_strength_60m_bin == 4.0 AND price_vs_vwap_pct_bin == 4,double,SHORT,fwd_ret_90m,10.779062821474552,0.0,0.040506437,0.5183918669131239,0.6170337,0.5800542,1.1449978,0.735669341241143,54100,0.040506437,0.87406087,,,rel_strength_60m_bin,4.0,price_vs_vwap_pct_bin,4,0.04757820981250823,bear_high_vol,False,False,"(False, 'PASS')",False,PASS,0.1418481080346981,True,True,True,False,,,,,,,
ret_5m_turned_positive_bin == True AND price_vs_vwap_pct_bin == 4,double,SHORT,fwd_ret_90m,11.948543541161856,0.0,0.03660568,0.5124805089502901,0.59992164,0.55555207,1.1351548,0.6699198297870383,80165,0.03660568,0.8674129,,,ret_5m_turned_positive_bin,True,price_vs_vwap_pct_bin,4,0.04747898366251761,bear_high_vol,True,True,"(False, 'PASS')",False,PASS,0.0910178028880298,True,True,True,True,False,Net expectancy 0.864% < 1.000% after 2.0 bps cost,0.028635904,0.008635905,0.5106939322829367,0.608506,14915.0
rel_outperform_extreme_bin == True AND atr_14_bin == 4,double,SHORT,fwd_ret_90m,13.157964422916312,0.0,0.098882414,0.5324614907474413,0.82008195,0.72246367,1.2927425,1.5017352959324068,19346,0.098882414,1.0452639,,,rel_outperform_extreme_bin,True,atr_14_bin,4,0.047117011486970936,bear_high_vol,True,True,"(False, 'PASS')",False,PASS,0.7546147734668615,True,True,True,True,True,PASS,0.19626749,0.17626749,0.6312132549438803,3.4121017,5613.0
ret_30m_bin == 0.0 AND ret_60m_bin == 0.0,double,SHORT,fwd_ret_90m,11.372815369708773,0.0,0.04649949,0.507066692372718,0.76532173,0.6929329,1.1361346,0.6952562547104872,67429,0.04649949,1.0617043,,,ret_30m_bin,0.0,ret_60m_bin,0.0,0.046404942070114745,bear_high_vol,False,False,"(False, 'PASS')",False,PASS,0.1791282921245863,True,True,True,False,,,,,,,
avwap_cross_up_bin == True AND ret_60m_bin == 4.0,double,SHORT,fwd_ret_90m,12.046423685379672,0.0,0.03565115,0.5106878549710286,0.6075525,0.5612339,1.1298206,0.6477571774377062,87155,0.03565115,0.8736985,,,avwap_cross_up_bin,True,ret_60m_bin,4.0,0.046122427279945026,bear_high_vol,True,True,"(False, 'PASS')",False,PASS,0.07788722085066097,True,True,True,True,False,Net expectancy -2.695% < 1.000% after 2.0 bps cost,-0.0069462806,-0.02694628,0.4794698705641915,-0.1439154,16147.0
ret_30m_bin == 0.0 AND price_vs_vwap_pct_bin == 0,double,SHORT,fwd_ret_90m,11.738140696698569,0.0,0.04487288,0.5051064960704659,0.76614034,0.6912792,1.1311653,0.6628867076571451,79017,0.04487288,1.0745952,,,ret_30m_bin,0.0,price_vs_vwap_pct_bin,0,0.04548915115126345,bear_high_vol,False,False,"(False, 'PASS')",False,PASS,0.15894179196087804,True,True,True,False,,,,,,,
rel_outperform_extreme_bin == True AND ret_5m_turned_positive_bin == True,double,SHORT,fwd_ret_90m,12.045430138355082,0.0,0.06484139,0.5261143541964666,0.6570352,0.5926203,1.2308884,1.188911599082104,25867,0.06484139,0.865771,,,rel_outperform_extreme_bin,True,ret_5m_turned_positive_bin,True,0.04511431259847837,bear_high_vol,True,True,"(False, 'PASS')",False,PASS,0.4006426049536021,True,True,True,True,True,PASS,0.07864533,0.058645334,0.5425639300134589,1.4596915,5944.0
rel_outperform_extreme_bin == True AND avwap_cross_up_bin == True,double,SHORT,fwd_ret_90m,10.941711545690074,0.0,0.049366716,0.5218291727303258,0.63458306,0.58928156,1.1751976,0.9188759367123809,35732,0.049366716,0.8528598,,,rel_outperform_extreme_bin,True,avwap_cross_up_bin,True,0.0433954376764035,bear_high_vol,True,True,"(False, 'PASS')",False,PASS,0.2373255084154589,True,True,True,True,True,PASS,0.04888176,0.028881762,0.516613621896881,0.9025407,7855.0
rel_strength_60m_bin == 4.0,single,SHORT,fwd_ret_90m,12.362109327775629,0.0,0.032284204,0.5081976298458384,0.6077131,0.5623278,1.1167374,0.5964208679033036,108263,0.032284204,0.8592856,rel_strength_60m_bin,4.0,,,,,0.043367491617936745,bear_high_vol,False,False,"(False, 'PASS')",False,PASS,0.03923729885955779,True,True,True,False,,,,,,,
ret_5m_bin == 4.0 AND is_first_hour_bin == True,double,SHORT,fwd_ret_90m,10.318378361772911,0.0,0.035053525,0.5069957248348231,0.6184508,0.5649006,1.1258662,0.6884628154501418,56606,0.035053525,0.80826074,,,ret_5m_bin,4.0,is_first_hour_bin,True,0.04168525784299391,bear_high_vol,False,False,"(False, 'PASS')",False,PASS,0.06452670086984541,True,True,True,False,,,,,,,
ret_30m_bin == 4.0 AND is_first_hour_bin == True,double,SHORT,fwd_ret_90m,10.385131096035897,0.0,0.03365752,0.5129153118655817,0.60130954,0.56409764,1.1224965,0.6697651270022525,60587,0.03365752,0.79773724,,,ret_30m_bin,4.0,is_first_hour_bin,True,0.04129204918379254,bear_high_vol,False,False,"(False, 'PASS')",False,PASS,0.06240583382561532,True,True,True,False,,,,,,,
ret_30m_turned_positive_bin == True AND atr_14_bin == 3,double,SHORT,fwd_ret_90m,10.301378626958817,0.0,0.04741775,0.5150739476678043,0.6446176,0.58691007,1.1666073,0.7961237122710395,42192,0.04741775,0.94549805,,,ret_30m_turned_positive_bin,True,atr_14_bin,3,0.04125645033039234,bear_high_vol,True,True,"(False, 'PASS')",False,PASS,0.20432538253014682,True,True,True,True,False,Net expectancy -2.141% < 1.000% after 2.0 bps cost,-0.0014064938,-0.021406494,0.4896522596086161,-0.030783068,7103.0
ret_5m_turned_positive_bin == True AND is_first_hour_bin == True,double,SHORT,fwd_ret_90m,11.438729481569498,0.0,0.029492319,0.5041618083374702,0.5811925,0.53146917,1.1119157,0.6169734522027197,86621,0.029492319,0.7588269,,,ret_5m_turned_positive_bin,True,is_first_hour_bin,True,0.041181339388085485,bear_high_vol,True,True,"(False, 'PASS')",False,PASS,0.008323616674940304,True,True,True,True,True,PASS,0.033872627,0.013872627,0.522451624849551,0.7409751,21602.0
ret_30m_turned_positive_bin == True AND rel_strength_60m_bin == 4.0,double,SHORT,fwd_ret_90m,11.11050506206645,0.0,0.03391565,0.5099253120269969,0.60765696,0.56306523,1.1229076,0.6212425039347184,80602,0.03391565,0.86664104,,,ret_30m_turned_positive_bin,True,rel_strength_60m_bin,4.0,0.04073688254718558,bear_high_vol,True,True,"(False, 'PASS')",False,PASS,0.0590071250491529,True,True,True,True,False,Net expectancy -1.027% < 1.000% after 2.0 bps cost,0.009725249,-0.01027475,0.5027097616715638,0.19101231,15315.0
rel_strength_60m_bin == 4.0 AND session_range_pct_bin == 4,double,SHORT,fwd_ret_90m,9.764907219357418,0.0,0.03421774,0.519442948065681,0.5620441,0.5363195,1.1327647,0.6924023549815185,50121,0.03421774,0.78450024,,,rel_strength_60m_bin,4.0,session_range_pct_bin,4,0.04064908458400043,bear_high_vol,False,False,"(False, 'PASS')",False,PASS,0.08106330953534996,True,True,True,False,,,,,,,
new_session_low_bin == True AND price_vs_vwap_pct_bin == 0,double,SHORT,fwd_ret_90m,11.738195010099322,0.0,0.07743996,0.5203527815468114,0.73482215,0.63573146,1.2539624,1.21336895026861,23584,0.07743996,1.0131471,,,new_session_low_bin,True,price_vs_vwap_pct_bin,0,0.04045999244876307,bear_high_vol,True,True,"(False, 'PASS')",False,PASS,0.5151051267637812,True,True,True,True,False,Net expectancy -8.404% < 1.000% after 2.0 bps cost,-0.0640421,-0.0840421,0.4244683789008561,-1.129143,3621.0
ret_30m_turned_positive_bin == True AND ret_15m_bin == 4.0,double,SHORT,fwd_ret_90m,11.21062969137202,0.0,0.03289572,0.5090007975390225,0.6062629,0.561493,1.1193203,0.6006994407164761,87770,0.03289572,0.8693256,,,ret_30m_turned_positive_bin,True,ret_15m_bin,4.0,0.039672717992094375,bear_high_vol,True,True,"(False, 'PASS')",False,PASS,0.046958810029560205,True,True,True,True,False,Net expectancy -0.404% < 1.000% after 2.0 bps cost,0.015955852,-0.004044147,0.5045276554087127,0.3369724,16344.0
at_session_high_bin == True AND ret_60m_bin == 4.0,double,SHORT,fwd_ret_90m,12.05232472162785,0.0,0.06775556,0.53772389087903,0.57501614,0.5222947,1.280626,1.4203409331324781,18145,0.06775556,0.7572732,,,at_session_high_bin,True,ret_60m_bin,4.0,0.038663038831234474,bear_high_vol,True,True,"(False, 'PASS')",False,PASS,0.45300335772489514,True,True,True,True,False,Net expectancy -4.073% < 1.000% after 2.0 bps cost,-0.020727366,-0.040727366,0.4718796992481203,-0.43399438,3325.0
ret_5m_bin == 4.0 AND ret_60m_bin == 4.0,double,SHORT,fwd_ret_90m,10.117296654178359,0.0,0.046374027,0.5204538903011086,0.6391141,0.59692985,1.1620023,0.822178771843081,38159,0.046374027,0.89538294,,,ret_5m_bin,4.0,ret_60m_bin,4.0,0.03824073588769418,bear_high_vol,False,False,"(False, 'PASS')",False,PASS,0.20464804746174853,True,True,True,False,,,,,,,
price_up_vol_weak_bin == True AND rel_strength_60m_bin == 4.0,double,SHORT,fwd_ret_90m,10.141454241033308,0.0,0.038367882,0.5089335566722502,0.55043113,0.4923264,1.1586992,0.8110383380868423,39402,0.038367882,0.75097716,,,price_up_vol_weak_bin,True,rel_strength_60m_bin,4.0,0.03818011449140744,bear_high_vol,True,True,"(False, 'PASS')",False,PASS,0.10154593705398823,True,True,True,True,False,Net expectancy -3.586% < 1.000% after 2.0 bps cost,-0.015861867,-0.035861865,0.4913498881958338,-0.369288,8497.0
price_up_vol_weak_bin == True AND price_vs_vwap_pct_bin == 4,double,SHORT,fwd_ret_90m,10.451517389984334,0.0,0.043675877,0.5130654595690897,0.56000876,0.5003655,1.1792603,0.8995101758792753,34021,0.043675877,0.77078956,,,price_up_vol_weak_bin,True,price_vs_vwap_pct_bin,4,0.03798582250420643,bear_high_vol,True,True,"(False, 'PASS')",False,PASS,0.16288969067691378,True,True,True,True,False,Net expectancy -2.314% < 1.000% after 2.0 bps cost,-0.0031376712,-0.02313767,0.49546789225073407,-0.07367963,7833.0
ret_15m_bin == 4.0 AND rel_strength_60m_bin == 4.0,double,SHORT,fwd_ret_90m,9.497476698821893,0.0,0.037784845,0.5168483851059453,0.6179056,0.5827957,1.1341894,0.683826108055676,48610,0.037784845,0.87714666,,,ret_15m_bin,4.0,rel_strength_60m_bin,4.0,0.03777104082777938,bear_high_vol,False,False,"(False, 'PASS')",False,PASS,0.11154521658106181,True,True,True,False,,,,,,,
ret_15m_bin == 0.0 AND is_first_hour_bin == True,double,SHORT,fwd_ret_90m,9.873370363907354,0.0,0.03762084,0.5022124670763828,0.70788866,0.6386051,1.1183456,0.6567783722812586,56950,0.03762084,0.9093057,,,ret_15m_bin,0.0,is_first_hour_bin,True,0.03769276687418245,bear_high_vol,False,False,"(False, 'PASS')",False,PASS,0.08063332146803887,True,True,True,False,,,,,,,
ret_30m_turned_positive_bin == True AND is_first_hour_bin == True,double,SHORT,fwd_ret_90m,10.92365607662063,0.0,0.027710302,0.5095820198217405,0.5685169,0.5342293,1.1057664,0.5839403271875724,88186,0.027710302,0.75330883,,,ret_30m_turned_positive_bin,True,is_first_hour_bin,True,0.03762156352019892,bear_high_vol,True,True,"(False, 'PASS')",False,PASS,0.0191640396434809,True,True,True,True,False,Net expectancy -1.309% < 1.000% after 2.0 bps cost,0.0069124294,-0.013087571,0.5063034470598607,0.15159246,22686.0
is_first_hour_bin == True,single,SHORT,fwd_ret_90m,13.512644631453421,0.0,0.02355589,0.4997387916751663,0.59807444,0.5503627,1.0855566,0.4784697521338381,200989,0.02355589,0.78152937,is_first_hour_bin,True,,,,,0.0373959149259207,bear_high_vol,False,False,"(False, 'PASS')",False,PASS,0.0,True,True,True,False,,,,,,,
ret_30m_bin == 4.0 AND atr_14_bin == 3,double,SHORT,fwd_ret_90m,11.056548131086084,0.0,0.064040884,0.5252260730799132,0.6445328,0.5781374,1.2333132,1.1227372463413396,24439,0.064040884,0.9054813,,,ret_30m_bin,4.0,atr_14_bin,3,0.03688447895775931,bear_high_vol,False,False,"(False, 'PASS')",False,PASS,0.39086098991554846,True,True,True,False,,,,,,,
new_session_low_bin == True,single,SHORT,fwd_ret_90m,10.4830907545624,0.0,0.057903048,0.5143634037108126,0.70062536,0.6228382,1.1914321,0.9412286558622872,31260,0.057903048,0.97657716,new_session_low_bin,True,,,,,0.03672482837300508,bear_high_vol,True,True,"(False, 'PASS')",False,PASS,0.3077572839321499,True,True,True,True,False,Net expectancy -8.652% < 1.000% after 2.0 bps cost,-0.06651544,-0.08651544,0.4402615415098078,-1.2328292,5047.0
ret_30m_turned_positive_bin == True AND atr_14_bin == 2,double,SHORT,fwd_ret_90m,9.792823591953827,0.0,0.04077756,0.5078253706754531,0.5899545,0.52586275,1.157554,0.7651725697639855,41276,0.04077756,0.8459839,,,ret_30m_turned_positive_bin,True,atr_14_bin,2,0.03635763079985732,bear_high_vol,True,True,"(False, 'PASS')",False,PASS,0.12342634458567409,True,True,True,True,False,Net expectancy -3.216% < 1.000% after 2.0 bps cost,-0.012161986,-0.032161985,0.4644259462855348,-0.2925085,6367.0
new_session_low_bin == True AND session_range_pct_bin == 0,double,SHORT,fwd_ret_90m,10.637896138365528,0.0,0.06184231,0.5158852885358824,0.69913954,0.6172782,1.2069458,1.001115901622269,28454,0.06184231,0.980622,,,new_session_low_bin,True,session_range_pct_bin,0,0.03618702073079129,bear_high_vol,True,True,"(False, 'PASS')",False,PASS,0.35019368880853935,True,True,True,True,False,Net expectancy -9.372% < 1.000% after 2.0 bps cost,-0.0737216,-0.0937216,0.4356458771315113,-1.391192,4281.0
at_session_low_bin == True AND ret_5m_bin == 0.0,double,SHORT,fwd_ret_90m,10.674797444149787,0.0,0.07001037,0.5168897158806269,0.7564508,0.66442657,1.2181066,1.0136781698795043,27946,0.07001037,1.0963837,,,at_session_low_bin,True,ret_5m_bin,0.0,0.036182080551911175,bear_high_vol,True,True,"(False, 'PASS')",False,PASS,0.4338831468233953,True,True,True,True,False,Net expectancy -8.653% < 1.000% after 2.0 bps cost,-0.066528246,-0.08652824,0.43055185283924285,-1.2045541,3751.0
rel_strength_60m_bin == 2.0 AND session_range_pct_bin == 0,double,SHORT,fwd_ret_90m,11.63565047599271,0.0,0.08151633,0.5413408750623856,0.63660693,0.57363963,1.3098241,1.3754884798773988,18033,0.08151633,0.94077975,,,rel_strength_60m_bin,2.0,session_range_pct_bin,0,0.03598701968792795,bear_high_vol,False,False,"(False, 'PASS')",False,PASS,0.5978450793684311,True,True,True,False,,,,,,,
ret_5m_bin == 4.0 AND ret_30m_bin == 4.0,double,SHORT,fwd_ret_90m,9.481977953563154,0.0,0.04087302,0.5179329493563414,0.6334649,0.5958078,1.142306,0.7210420037007568,43579,0.04087302,0.89986306,,,ret_5m_bin,4.0,ret_30m_bin,4.0,0.03572124278276644,bear_high_vol,False,False,"(False, 'PASS')",False,PASS,0.14459610758643154,True,True,True,False,,,,,,,
ret_5m_turned_positive_bin == True AND ret_15m_bin == 4.0,double,SHORT,fwd_ret_90m,10.273154229741449,0.0,0.03214397,0.5083146303369165,0.60012734,0.5550492,1.1177825,0.5908159670866229,76191,0.03214397,0.8636694,,,ret_5m_turned_positive_bin,True,ret_15m_bin,4.0,0.035708770678009566,bear_high_vol,True,True,"(False, 'PASS')",False,PASS,0.03806895156176099,True,True,True,True,True,PASS,0.033209782,0.013209783,0.5145747842082921,0.70292133,14134.0
ret_30m_bin == 4.0 AND session_range_pct_bin == 4,double,SHORT,fwd_ret_90m,9.236682112756759,0.0,0.03303286,0.5144522054567205,0.5851276,0.5519278,1.1232628,0.6440838733562936,51826,0.03303286,0.81414926,,,ret_30m_bin,4.0,session_range_pct_bin,4,0.03542335680275202,bear_high_vol,False,False,"(False, 'PASS')",False,PASS,0.059233016982529085,True,True,True,False,,,,,,,
rel_strength_60m_bin == 4.0 AND atr_14_bin == 4,double,SHORT,fwd_ret_90m,10.130315318165751,0.0,0.05821094,0.5223472368993597,0.7624825,0.71196014,1.1711735,0.8965421414505218,32174,0.05821094,1.0307045,,,rel_strength_60m_bin,4.0,atr_14_bin,4,0.0353324931993854,bear_high_vol,False,False,"(False, 'PASS')",False,PASS,0.32680386548801993,True,True,True,False,,,,,,,
ret_60m_turned_positive_bin == True AND ret_15m_bin == 4.0,double,SHORT,fwd_ret_90m,10.202030132567259,0.0,0.03171795,0.5088425799220654,0.605148,0.56235963,1.114834,0.584657365133111,76731,0.03171795,0.8611998,,,ret_60m_turned_positive_bin,True,ret_15m_bin,4.0,0.03512834831453895,bear_high_vol,True,True,"(False, 'PASS')",False,PASS,0.03486464599964073,True,True,True,True,False,Net expectancy -0.639% < 1.000% after 2.0 bps cost,0.013609751,-0.0063902484,0.5079688029840624,0.28776744,14745.0
ret_15m_bin == 4.0 AND session_range_pct_bin == 4,double,SHORT,fwd_ret_90m,9.18480539127845,0.0,0.03301053,0.5144038970310335,0.5748239,0.5409457,1.1256677,0.6681102921296748,47626,0.03301053,0.78434044,,,ret_15m_bin,4.0,session_range_pct_bin,4,0.03480027948112446,bear_high_vol,False,False,"(False, 'PASS')",False,PASS,0.0589131062306652,True,True,True,False,,,,,,,
vwap_cross_up_bin == True AND session_range_pct_bin == 1,double,SHORT,fwd_ret_90m,10.063134339185098,0.0,0.049577165,0.5111597768044639,0.6331283,0.5606178,1.1809039,0.8749632910474459,33334,0.049577165,0.8994813,,,vwap_cross_up_bin,True,session_range_pct_bin,1,0.034728294774714875,bear_high_vol,True,True,"(False, 'PASS')",False,PASS,0.2180912075591422,True,True,True,True,False,Net expectancy -4.563% < 1.000% after 2.0 bps cost,-0.025634665,-0.045634665,0.4886081660275209,-0.5541064,4433.0
ret_30m_turned_positive_bin == True AND session_range_pct_bin == 1,double,SHORT,fwd_ret_90m,10.19036717285198,0.0,0.053112336,0.5129498930156804,0.6532104,0.57889706,1.1883738,0.9141716946924467,31313,0.053112336,0.92229086,,,ret_30m_turned_positive_bin,True,session_range_pct_bin,1,0.03463645829889873,bear_high_vol,True,True,"(False, 'PASS')",False,PASS,0.2570231410623743,True,True,True,True,False,Net expectancy -3.806% < 1.000% after 2.0 bps cost,-0.018064443,-0.038064443,0.4924406047516199,-0.381024,4167.0
ret_30m_bin == 0.0 AND is_first_hour_bin == True,double,SHORT,fwd_ret_90m,9.620537661603683,0.0,0.03568379,0.49495752817354227,0.71335876,0.62845904,1.1124258,0.6282221069437282,59098,0.03568379,0.90169156,,,ret_30m_bin,0.0,is_first_hour_bin,True,0.03462316383062608,bear_high_vol,False,False,"(False, 'PASS')",False,PASS,0.05683788359165193,True,True,True,False,,,,,,,
ret_60m_turned_positive_bin == True AND price_vs_vwap_pct_bin == 0,double,SHORT,fwd_ret_90m,12.05217791462094,0.0,0.106566794,0.5397025813692481,0.7643604,0.66470176,1.3483025,1.602385306191867,14256,0.106566794,1.0557357,,,ret_60m_turned_positive_bin,True,price_vs_vwap_pct_bin,0,0.03439544424717644,bear_high_vol,True,True,"(True, 'Expectancy too high (10.657% > 10.000%)')",True,Expectancy too high (10.657% > 10.000%),0.896265758000758,False,True,True,False,,,,,,,
ret_5m_bin == 4.0 AND price_vs_vwap_pct_bin == 4,double,SHORT,fwd_ret_90m,9.288485478485281,0.0,0.03489844,0.5153097345132743,0.6162587,0.58318824,1.1234618,0.6203273565361856,56500,0.03489844,0.8930697,,,ret_5m_bin,4.0,price_vs_vwap_pct_bin,4,0.03436532414345048,bear_high_vol,False,False,"(False, 'PASS')",False,PASS,0.0796038818754981,True,True,True,False,,,,,,,
price_vs_vwap_pct_bin == 4 AND is_first_hour_bin == True,double,SHORT,fwd_ret_90m,9.492954446008829,0.0,0.030022226,0.5114583164151955,0.5891209,0.55530286,1.1106652,0.6073144040576763,61571,0.030022226,0.7847469,,,price_vs_vwap_pct_bin,4,is_first_hour_bin,True,0.034128050500072574,bear_high_vol,False,False,"(False, 'PASS')",False,PASS,0.02313889557052612,True,True,True,False,,,,,,,
at_session_low_bin == True AND rel_strength_60m_bin == 0.0,double,SHORT,fwd_ret_90m,10.408887036549553,0.0,0.068226784,0.5046523190567512,0.773871,0.6506723,1.2116812,0.9846993696041699,28158,0.068226784,1.0998957,,,at_session_low_bin,True,rel_strength_60m_bin,0.0,0.033714621340292836,bear_high_vol,True,True,"(False, 'PASS')",False,PASS,0.3915724827904739,True,True,True,True,False,Net expectancy -5.755% < 1.000% after 2.0 bps cost,-0.03754934,-0.05754934,0.449933598937583,-0.6406048,3765.0
ret_30m_turned_positive_bin == True AND ret_60m_turned_positive_bin == True,double,SHORT,fwd_ret_90m,11.962606206707271,0.0,0.02708792,0.49866275446614045,0.60869277,0.5514142,1.0979868,0.4838358571382232,154048,0.02708792,0.88874644,,,ret_30m_turned_positive_bin,True,ret_60m_turned_positive_bin,True,0.03340542846995795,bear_high_vol,True,True,"(False, 'PASS')",False,PASS,0.0,True,True,True,True,False,Net expectancy -3.040% < 1.000% after 2.0 bps cost,-0.010397685,-0.030397683,0.4838970333602678,-0.22061417,25989.0
ret_5m_bin == 1.0 AND session_range_pct_bin == 0,double,SHORT,fwd_ret_90m,10.222203503324247,0.0,0.055820595,0.5174744714511722,0.64012563,0.5708052,1.2026685,0.9730355129319758,27812,0.055820595,0.91068053,,,ret_5m_bin,1.0,session_range_pct_bin,0,0.03313680386193466,bear_high_vol,False,False,"(False, 'PASS')",False,PASS,0.2931548976328551,True,True,True,False,,,,,,,
vwap_cross_up_bin == True AND ret_15m_bin == 4.0,double,SHORT,fwd_ret_90m,10.506096620168867,0.0,0.029018935,0.5077574468508046,0.6030963,0.5631527,1.104683,0.52579277811063,100613,0.029018935,0.8761271,,,vwap_cross_up_bin,True,ret_15m_bin,4.0,0.03246374110571482,bear_high_vol,True,True,"(False, 'PASS')",False,PASS,0.01551489370160919,True,True,True,True,False,Net expectancy 0.071% < 1.000% after 2.0 bps cost,0.020714948,0.0007149484,0.5077839811037148,0.4421397,18628.0
ret_5m_turned_positive_bin == True AND rel_strength_60m_bin == 4.0,double,SHORT,fwd_ret_90m,9.147644444624959,0.0,0.0320793,0.5106281752841826,0.5965496,0.5569093,1.1177067,0.5985841639928497,58853,0.0320793,0.85074604,,,ret_5m_turned_positive_bin,True,rel_strength_60m_bin,4.0,0.03236126806545433,bear_high_vol,True,True,"(False, 'PASS')",False,PASS,0.042049368313383184,True,True,True,True,True,PASS,0.03280664,0.012806639,0.5131269237733116,0.6652509,11046.0
new_session_low_bin == True AND ret_15m_bin == 0.0,double,SHORT,fwd_ret_90m,10.626090917279903,0.0,0.07424734,0.520223279648609,0.7441813,0.6521639,1.237293,1.1410074323308126,21856,0.07424734,1.0329819,,,new_session_low_bin,True,ret_15m_bin,0.0,0.03191087543276179,bear_high_vol,True,True,"(False, 'PASS')",False,PASS,0.48291993807472205,True,True,True,True,False,Net expectancy -7.855% < 1.000% after 2.0 bps cost,-0.058547404,-0.0785474,0.4289855072463768,-1.0105815,3450.0
ret_15m_bin == 0.0 AND ret_30m_bin == 0.0,double,SHORT,fwd_ret_90m,9.438725589531598,0.0,0.040586572,0.5030916076359707,0.78772634,0.7158501,1.1140996,0.5804598693527907,66632,0.040586572,1.109968,,,ret_15m_bin,0.0,ret_30m_bin,0.0,0.0319020719397236,bear_high_vol,False,False,"(False, 'PASS')",False,PASS,0.1120489366764939,True,True,True,False,,,,,,,
vwap_cross_up_bin == True AND atr_14_bin == 2,double,SHORT,fwd_ret_90m,9.266894662825026,0.0,0.039179325,0.505881465842256,0.58552915,0.5201768,1.1524316,0.7375124687997905,39786,0.039179325,0.8433112,,,vwap_cross_up_bin,True,atr_14_bin,2,0.03184189407721909,bear_high_vol,True,True,"(False, 'PASS')",False,PASS,0.1035561827221097,True,True,True,True,False,Net expectancy -3.502% < 1.000% after 2.0 bps cost,-0.0150166415,-0.03501664,0.4705788804071247,-0.35841,6288.0
session_range_pct_bin == 0 AND rvol_bin == 4,double,SHORT,fwd_ret_90m,10.29358466221371,0.0,0.07743503,0.51834008097166,0.79895365,0.69902986,1.229986,1.0397248911133747,24700,0.07743503,1.1822772,,,session_range_pct_bin,0,rvol_bin,4,0.0317185321174266,bear_high_vol,False,False,"(False, 'PASS')",False,PASS,0.5110304772757326,True,True,True,False,,,,,,,
at_session_low_bin == True AND new_session_low_bin == True,double,SHORT,fwd_ret_90m,10.286549206528896,0.0,0.06557172,0.5178423922022137,0.6993896,0.6151554,1.2210765,1.0494328456815902,24212,0.06557172,0.991887,,,at_session_low_bin,True,new_session_low_bin,True,0.031330612082099876,bear_high_vol,True,True,"(False, 'PASS')",False,PASS,0.39140196358361906,True,True,True,True,False,Net expectancy -8.963% < 1.000% after 2.0 bps cost,-0.0696298,-0.0896298,0.43784895680282104,-1.3388418,3403.0
ret_30m_turned_positive_bin == True AND ret_5m_bin == 4.0,double,SHORT,fwd_ret_90m,9.233314848777727,0.0,0.03201685,0.5096820610161189,0.6134773,0.57240725,1.1140763,0.5734711000855081,65327,0.03201685,0.8862726,,,ret_30m_turned_positive_bin,True,ret_5m_bin,4.0,0.031235954915849996,bear_high_vol,True,True,"(False, 'PASS')",False,PASS,0.03953263211162167,True,True,True,True,False,Net expectancy 0.613% < 1.000% after 2.0 bps cost,0.026132263,0.0061322637,0.5105872622001655,0.545541,12090.0
at_session_high_bin == True AND ret_15m_bin == 4.0,double,SHORT,fwd_ret_90m,10.714798440645541,0.0,0.059006825,0.5296148738379814,0.5742425,0.52110606,1.2407258,1.2397004760175911,18825,0.059006825,0.7555892,,,at_session_high_bin,True,ret_15m_bin,4.0,0.030655766909997495,bear_high_vol,True,True,"(False, 'PASS')",False,PASS,0.3492979985705094,True,True,True,True,False,Net expectancy -0.781% < 1.000% after 2.0 bps cost,0.012188901,-0.0078110984,0.4952327537857543,0.25716025,3566.0
rel_outperform_extreme_bin == True AND ret_5m_bin == 4.0,double,SHORT,fwd_ret_90m,10.610636877883335,0.0,0.07028681,0.5316091954022989,0.68288356,0.62499166,1.2400995,1.2287265133390177,18792,0.07028681,0.9080691,,,rel_outperform_extreme_bin,True,ret_5m_bin,4.0,0.03014938260280723,bear_high_vol,True,True,"(False, 'PASS')",False,PASS,0.46608649478561587,True,True,True,True,True,PASS,0.09885897,0.07885897,0.5557282415630551,1.7944803,4504.0
avwap_cross_up_bin == True AND price_vs_vwap_pct_bin == 4,double,SHORT,fwd_ret_90m,9.663862299639323,0.0,0.02761427,0.5063123881367945,0.5829748,0.54194814,1.1032104,0.5316936603637991,83249,0.02761427,0.8244652,,,avwap_cross_up_bin,True,price_vs_vwap_pct_bin,4,0.030110434754481823,bear_high_vol,True,True,"(False, 'PASS')",False,PASS,0.012624776273588934,True,True,True,True,False,Net expectancy 0.428% < 1.000% after 2.0 bps cost,0.024275748,0.0042757485,0.5073583069812697,0.52539563,16444.0
ret_60m_bin == 0.0 AND price_vs_vwap_pct_bin == 0,double,SHORT,fwd_ret_90m,8.881477265109936,0.0,0.03928662,0.5045230676449894,0.77024204,0.7050141,1.1124666,0.5770588918478075,59694,0.03928662,1.0807489,,,ret_60m_bin,0.0,price_vs_vwap_pct_bin,0,0.029927651024549744,bear_high_vol,False,False,"(False, 'PASS')",False,PASS,0.10191234443933955,True,True,True,False,,,,,,,
ret_5m_bin == 4.0 AND ret_15m_bin == 4.0,double,SHORT,fwd_ret_90m,8.529246236720859,0.0,0.03294425,0.5116137500713376,0.6178642,0.57979435,1.1163435,0.5905468339163016,52567,0.03294425,0.8855755,,,ret_5m_bin,4.0,ret_15m_bin,4.0,0.02982589355300567,bear_high_vol,False,False,"(False, 'PASS')",False,PASS,0.052670008661371004,True,True,True,False,,,,,,,
at_session_high_bin == True AND price_vs_vwap_pct_bin == 4,double,SHORT,fwd_ret_90m,10.321611812791787,0.0,0.053680155,0.5283265543288785,0.56415325,0.51810634,1.2196611,1.140162480729505,20652,0.053680155,0.74739003,,,at_session_high_bin,True,price_vs_vwap_pct_bin,4,0.02972316662788466,bear_high_vol,True,True,"(False, 'PASS')",False,PASS,0.2934546629203952,True,True,True,True,False,Net expectancy -2.681% < 1.000% after 2.0 bps cost,-0.006814353,-0.026814353,0.4798562997177316,-0.14688456,3897.0
new_session_low_bin == True AND ret_30m_bin == 0.0,double,SHORT,fwd_ret_90m,10.377158492755512,0.0,0.07358782,0.5187434254566319,0.7410769,0.6458944,1.2367378,1.1390955282665436,20914,0.07358782,1.0255245,,,new_session_low_bin,True,ret_30m_bin,0.0,0.02968551305259352,bear_high_vol,True,True,"(False, 'PASS')",False,PASS,0.47336505025217673,True,True,True,True,False,Net expectancy -8.802% < 1.000% after 2.0 bps cost,-0.06801996,-0.08801995,0.4156299840510367,-1.148233,3135.0
ret_60m_turned_positive_bin == True AND session_range_pct_bin == 1,double,SHORT,fwd_ret_90m,9.763795933364568,0.0,0.058115285,0.5103805597110227,0.69997835,0.6109645,1.1942743,0.9362422113618492,27407,0.058115285,0.985377,,,ret_60m_turned_positive_bin,True,session_range_pct_bin,1,0.029599119261202716,bear_high_vol,True,True,"(False, 'PASS')",False,PASS,0.3019139683214099,True,True,True,True,False,Net expectancy -7.245% < 1.000% after 2.0 bps cost,-0.052446313,-0.07244632,0.5154639175257731,-1.0143623,3880.0
ret_60m_turned_positive_bin == True AND atr_14_bin == 4,double,SHORT,fwd_ret_90m,8.573382923741939,0.0,0.041415855,0.5105672969966629,0.74478847,0.6923297,1.1222252,0.635605380139645,45849,0.041415855,1.0343782,,,ret_60m_turned_positive_bin,True,atr_14_bin,4,0.029528331042425915,bear_high_vol,True,True,"(False, 'PASS')",False,PASS,0.1352931468783814,True,True,True,True,True,PASS,0.064179614,0.044179615,0.5450421845232696,1.1945188,11023.0
avwap_cross_up_bin == True AND is_first_hour_bin == True,double,SHORT,fwd_ret_90m,9.664544574018416,0.0,0.024682796,0.5027468379423686,0.5691748,0.52582484,1.0944008,0.522856618605806,86099,0.024682796,0.7493971,,,avwap_cross_up_bin,True,is_first_hour_bin,True,0.029403539239176813,bear_high_vol,True,True,"(False, 'PASS')",False,PASS,0.005493675884737259,True,True,True,True,False,Net expectancy 0.246% < 1.000% after 2.0 bps cost,0.02245784,0.0024578404,0.5081960215145565,0.4872503,23426.0
ret_15m_bin == 0.0 AND price_vs_vwap_pct_bin == 0,double,SHORT,fwd_ret_90m,9.53782563335032,0.0,0.036165137,0.5040934964272739,0.7636874,0.70336777,1.1036831,0.5269124809115229,82570,0.036165137,1.0895618,,,ret_15m_bin,0.0,price_vs_vwap_pct_bin,0,0.02932143468216052,bear_high_vol,False,False,"(False, 'PASS')",False,PASS,0.06983836129374527,True,True,True,False,,,,,,,
vwap_cross_up_bin == True AND rel_strength_60m_bin == 4.0,double,SHORT,fwd_ret_90m,9.259448163344766,0.0,0.02909764,0.5078491143728094,0.599388,0.55938345,1.1056938,0.5386460011465909,74467,0.02909764,0.8575404,,,vwap_cross_up_bin,True,rel_strength_60m_bin,4.0,0.029316323252096554,bear_high_vol,True,True,"(False, 'PASS')",False,PASS,0.01569822874561888,True,True,True,True,False,Net expectancy 0.099% < 1.000% after 2.0 bps cost,0.020988872,0.0009888727,0.5112235000692809,0.42300212,14434.0
session_range_pct_bin == 0 AND rvol_bin == 3,double,SHORT,fwd_ret_90m,10.044900169737584,0.0,0.07681682,0.5181391745922451,0.7558569,0.65334684,1.2440006,1.0460582433455727,23237,0.07681682,1.1657374,,,session_range_pct_bin,0,rvol_bin,3,0.029284932763586485,bear_high_vol,False,False,"(False, 'PASS')",False,PASS,0.5044465452666054,True,True,True,False,,,,,,,
avwap_cross_up_bin == True AND ret_30m_bin == 4.0,double,SHORT,fwd_ret_90m,9.540058281598453,0.0,0.028322907,0.5058238619668316,0.60630226,0.5632794,1.1017495,0.519200405160786,85081,0.028322907,0.8659705,,,avwap_cross_up_bin,True,ret_30m_bin,4.0,0.028998238750022002,bear_high_vol,True,True,"(False, 'PASS')",False,PASS,0.011647723933663201,True,True,True,True,False,Net expectancy -1.374% < 1.000% after 2.0 bps cost,0.0062574735,-0.013742526,0.49317427130734226,0.13153204,16262.0
ret_5m_turned_positive_bin == True AND session_range_pct_bin == 0,double,SHORT,fwd_ret_90m,10.281822949374057,0.0,0.08165913,0.5318148573816738,0.7100196,0.63210005,1.2759315,1.1797139981196616,19142,0.08165913,1.0988244,,,ret_5m_turned_positive_bin,True,session_range_pct_bin,0,0.028583202425547967,bear_high_vol,True,True,"(False, 'PASS')",False,PASS,0.5802210222842139,True,True,True,True,False,Net expectancy -10.339% < 1.000% after 2.0 bps cost,-0.08339481,-0.10339481,0.4338793447862565,-1.5724981,2503.0
vwap_cross_up_bin == True AND ret_30m_turned_positive_bin == True,double,SHORT,fwd_ret_90m,11.23188770531536,0.0,0.024125125,0.49716923720009587,0.59633356,0.54164064,1.0885801,0.44206888469209027,162677,0.024125125,0.8663231,,,vwap_cross_up_bin,True,ret_30m_turned_positive_bin,True,0.028571510871425863,bear_high_vol,True,True,"(False, 'PASS')",False,PASS,0.0,True,True,True,True,False,Net expectancy -2.291% < 1.000% after 2.0 bps cost,-0.002905532,-0.022905532,0.4911082709512507,-0.06370364,27385.0
rel_outperform_extreme_bin == True AND rvol_bin == 4,double,SHORT,fwd_ret_90m,11.2064643999507,0.0,0.10214907,0.5403003371130861,0.7933483,0.7102404,1.3128636,1.5571496442038317,13052,0.10214907,1.0413682,,,rel_outperform_extreme_bin,True,rvol_bin,4,0.028454072371581204,bear_high_vol,True,True,"(True, 'Expectancy too high (10.215% > 10.000%)')",True,Expectancy too high (10.215% > 10.000%),0.8306661894204342,False,True,True,False,,,,,,,
price_vs_vwap_pct_bin == 0,single,SHORT,fwd_ret_90m,10.022333658328686,0.0,0.032040477,0.502898336687035,0.7388206,0.68298143,1.0943723,0.4833689102006585,108338,0.032040477,1.0522538,price_vs_vwap_pct_bin,0,,,,,0.028197722178211284,bear_high_vol,False,False,"(False, 'PASS')",False,PASS,0.026201441364182287,True,True,True,False,,,,,,,
ret_15m_turned_positive_bin == True AND rel_strength_60m_bin == 4.0,double,SHORT,fwd_ret_90m,8.857231078190955,0.0,0.02905125,0.5090208263106213,0.59719497,0.5599696,1.1056665,0.5382789368556252,68231,0.02905125,0.8567571,,,ret_15m_turned_positive_bin,True,rel_strength_60m_bin,4.0,0.028088410940605588,bear_high_vol,True,True,"(False, 'PASS')",False,PASS,0.018041652621242577,True,True,True,True,True,PASS,0.031453893,0.011453893,0.5167166243947429,0.63534075,13011.0
ret_5m_bin == 4.0 AND rel_strength_60m_bin == 4.0,double,SHORT,fwd_ret_90m,8.672927796581204,0.0,0.039807167,0.519056309344336,0.6273624,0.59430915,1.139269,0.708057318780018,37809,0.039807167,0.892469,,,ret_5m_bin,4.0,rel_strength_60m_bin,4.0,0.02789716464856297,bear_high_vol,False,False,"(False, 'PASS')",False,PASS,0.13618428773078245,True,True,True,False,,,,,,,
ret_15m_turned_positive_bin == True AND ret_15m_bin == 4.0,double,SHORT,fwd_ret_90m,9.923853576324023,0.0,0.02659404,0.5056411108649088,0.6084672,0.56855863,1.0946164,0.47867673215935436,108312,0.02659404,0.88194656,,,ret_15m_turned_positive_bin,True,ret_15m_bin,4.0,0.027800416313965685,bear_high_vol,True,True,"(False, 'PASS')",False,PASS,0.011282221729817632,True,True,True,True,False,Net expectancy 0.288% < 1.000% after 2.0 bps cost,0.022880869,0.0028808694,0.5091793192418379,0.48122674,20154.0
ret_15m_bin == 4.0,single,SHORT,fwd_ret_90m,9.923853576324023,0.0,0.02659404,0.5056411108649088,0.6084672,0.56855863,1.0946164,0.47867673215935436,108312,0.02659404,0.88194656,ret_15m_bin,4.0,,,,,0.027800416313965685,bear_high_vol,False,False,"(False, 'PASS')",False,PASS,0.011282221729817632,True,True,True,False,,,,,,,
session_range_pct_bin == 1 AND price_vs_vwap_pct_bin == 0,double,SHORT,fwd_ret_90m,9.80860124468199,0.0,0.06361696,0.512249443207127,0.75135005,0.65865976,1.1980222,1.0190195555551278,23348,0.06361696,0.99103886,,,session_range_pct_bin,1,price_vs_vwap_pct_bin,0,0.027671775813065007,bear_high_vol,False,False,"(False, 'PASS')",False,PASS,0.36066849882193824,True,True,True,False,,,,,,,
at_session_high_bin == True AND ret_5m_turned_positive_bin == True,double,SHORT,fwd_ret_90m,9.788012561983788,0.0,0.04903243,0.5241483589789202,0.5644417,0.5186885,1.1986576,1.0361882529859532,22486,0.04903243,0.7511817,,,at_session_high_bin,True,ret_5m_turned_positive_bin,True,0.027670427727639335,bear_high_vol,True,True,"(False, 'PASS')",False,PASS,0.23862102891622589,True,True,True,True,False,Net expectancy -2.771% < 1.000% after 2.0 bps cost,-0.0077110133,-0.027711013,0.4787515006002401,-0.16662225,4165.0
at_session_high_bin == True AND ret_30m_bin == 4.0,double,SHORT,fwd_ret_90m,10.146543193335757,0.0,0.056592483,0.5323882340448126,0.57564574,0.53436327,1.2264836,1.1736729016834928,18834,0.056592483,0.76544136,,,at_session_high_bin,True,ret_30m_bin,4.0,0.02764091746138212,bear_high_vol,True,True,"(False, 'PASS')",False,PASS,0.330701298824355,True,True,True,True,False,Net expectancy -3.674% < 1.000% after 2.0 bps cost,-0.016739452,-0.036739454,0.4785611510791367,-0.35282913,3475.0
price_up_vol_weak_bin == True AND ret_30m_turned_positive_bin == True,double,SHORT,fwd_ret_90m,8.663164603355503,0.0,0.027544327,0.49850722181876866,0.558427,0.50017774,1.1098104,0.552463514552857,61965,0.027544327,0.79145974,,,price_up_vol_weak_bin,True,ret_30m_turned_positive_bin,True,0.02761454424344223,bear_high_vol,True,True,"(False, 'PASS')",False,PASS,0.0,True,True,True,True,False,Net expectancy -4.978% < 1.000% after 2.0 bps cost,-0.029777247,-0.049777247,0.47372643401524267,-0.72808,12465.0
atr_14_bin == 4 AND price_vs_vwap_pct_bin == 0,double,SHORT,fwd_ret_90m,8.408788714500071,0.0,0.048056647,0.5096362293636991,0.83732486,0.7722316,1.1269077,0.6515203699873431,41977,0.048056647,1.170916,,,atr_14_bin,4,price_vs_vwap_pct_bin,0,0.027129974351058274,bear_high_vol,False,False,"(False, 'PASS')",False,PASS,0.1998389305425075,True,True,True,False,,,,,,,
atr_14_bin == 2 AND price_vs_vwap_pct_bin == 4,double,SHORT,fwd_ret_90m,9.904370182622277,0.0,0.055812337,0.5210502936676373,0.56588537,0.4990971,1.233483,1.1045788295656456,20261,0.055812337,0.8021097,,,atr_14_bin,2,price_vs_vwap_pct_bin,4,0.026735010193419784,bear_high_vol,False,False,"(False, 'PASS')",False,PASS,0.3002239523798685,True,True,True,False,,,,,,,
ret_60m_turned_positive_bin == True AND ret_5m_bin == 4.0,double,SHORT,fwd_ret_90m,8.434840169801253,0.0,0.029820371,0.506371334661032,0.6169408,0.5724562,1.1055287,0.5387905323415514,61761,0.029820371,0.87860435,,,ret_60m_turned_positive_bin,True,ret_5m_bin,4.0,0.02663496824964486,bear_high_vol,True,True,"(False, 'PASS')",False,PASS,0.012742669322064026,True,True,True,True,False,Net expectancy 0.295% < 1.000% after 2.0 bps cost,0.022953263,0.002953263,0.5108351177730193,0.4702621,11675.0
session_range_pct_bin == 1 AND atr_14_bin == 4,double,SHORT,fwd_ret_90m,9.667315427551653,0.0,0.06542996,0.5167336615329028,0.7846873,0.7036376,1.192416,1.0313534361384933,22141,0.06542996,1.0070926,,,session_range_pct_bin,1,atr_14_bin,4,0.026405454537263603,bear_high_vol,False,False,"(False, 'PASS')",False,PASS,0.38776695478062645,True,True,True,False,,,,,,,
ret_15m_turned_positive_bin == True AND session_range_pct_bin == 1,double,SHORT,fwd_ret_90m,8.705947087998602,0.0,0.042352576,0.5074806383478057,0.6274203,0.5604878,1.153423,0.7485408967936497,34088,0.042352576,0.89818245,,,ret_15m_turned_positive_bin,True,session_range_pct_bin,1,0.02609569142742384,bear_high_vol,True,True,"(False, 'PASS')",False,PASS,0.13848703478324637,True,True,True,True,False,Net expectancy -6.092% < 1.000% after 2.0 bps cost,-0.040919367,-0.060919367,0.48466257668711654,-0.83249557,4727.0
ret_15m_turned_positive_bin == True AND atr_14_bin == 2,double,SHORT,fwd_ret_90m,8.433501399827929,0.0,0.03520987,0.5044639431071091,0.57894695,0.5183235,1.1370845,0.6771264603154645,39091,0.03520987,0.8254579,,,ret_15m_turned_positive_bin,True,atr_14_bin,2,0.026067589322305396,bear_high_vol,True,True,"(False, 'PASS')",False,PASS,0.06102660449977876,True,True,True,True,False,Net expectancy -5.155% < 1.000% after 2.0 bps cost,-0.03155295,-0.05155295,0.4584218264989381,-0.7136838,6121.0
ret_60m_turned_positive_bin == True AND ret_15m_bin == 0.0,double,SHORT,fwd_ret_90m,9.972092826212528,0.0,0.07664086,0.521140398063475,0.75204146,0.6583941,1.2430894,1.1610391957488795,18590,0.07664086,1.0478853,,,ret_60m_turned_positive_bin,True,ret_15m_bin,0.0,0.025964716034885968,bear_high_vol,True,True,"(False, 'PASS')",False,PASS,0.5086893885894896,True,True,True,True,False,Net expectancy -4.980% < 1.000% after 2.0 bps cost,-0.029798599,-0.0497986,0.486979946123915,-0.537399,3341.0
ret_60m_bin == 4.0 AND atr_14_bin == 4,double,SHORT,fwd_ret_90m,8.722883285799014,0.0,0.050411943,0.5145649024382726,0.7681871,0.7104353,1.1461765,0.768799746868283,32441,0.050411943,1.0409275,,,ret_60m_bin,4.0,atr_14_bin,4,0.02591337260730691,bear_high_vol,False,False,"(False, 'PASS')",False,PASS,0.23324923833916494,True,True,True,False,,,,,,,
at_session_high_bin == True,single,SHORT,fwd_ret_90m,9.160419331141581,0.0,0.042936724,0.519278510473235,0.56453854,0.520501,1.1715987,0.9056787128740119,25780,0.042936724,0.75258404,at_session_high_bin,True,,,,,0.02570922773546639,bear_high_vol,True,True,"(False, 'PASS')",False,PASS,0.1679242577395113,True,True,True,True,False,Net expectancy -3.932% < 1.000% after 2.0 bps cost,-0.019318439,-0.03931844,0.47456159341848886,-0.41411367,4619.0
at_session_high_bin == True AND session_range_pct_bin == 4,double,SHORT,fwd_ret_90m,9.160419331141581,0.0,0.042936724,0.519278510473235,0.56453854,0.520501,1.1715987,0.9056787128740119,25780,0.042936724,0.75258404,,,at_session_high_bin,True,session_range_pct_bin,4,0.02570922773546639,bear_high_vol,True,True,"(False, 'PASS')",False,PASS,0.1679242577395113,True,True,True,True,False,Net expectancy -3.932% < 1.000% after 2.0 bps cost,-0.019318439,-0.03931844,0.47456159341848886,-0.41411367,4619.0
at_session_high_bin == True AND ret_15m_turned_positive_bin == True,double,SHORT,fwd_ret_90m,9.324841464768463,0.0,0.045205474,0.5214433599526768,0.5591142,0.5147581,1.1835078,0.9622105758717743,23667,0.045205474,0.74579793,,,at_session_high_bin,True,ret_15m_turned_positive_bin,True,0.025631745864712393,bear_high_vol,True,True,"(False, 'PASS')",False,PASS,0.19494145890376663,True,True,True,True,False,Net expectancy -3.423% < 1.000% after 2.0 bps cost,-0.014227256,-0.034227256,0.47413383958234456,-0.30658424,4214.0
at_session_high_bin == True AND ret_60m_turned_positive_bin == True,double,SHORT,fwd_ret_90m,9.306024499805595,0.0,0.04502494,0.5208184530061762,0.5589776,0.5135859,1.1829532,0.9575619227729787,23801,0.04502494,0.7464256,,,at_session_high_bin,True,ret_60m_turned_positive_bin,True,0.025569891219301946,bear_high_vol,True,True,"(False, 'PASS')",False,PASS,0.19188629482632497,True,True,True,True,False,Net expectancy -4.988% < 1.000% after 2.0 bps cost,-0.029876176,-0.049876176,0.467781007751938,-0.641784,4128.0
vwap_cross_up_bin == True AND is_first_hour_bin == True,double,SHORT,fwd_ret_90m,8.993099695810596,0.0,0.022851625,0.505220101736944,0.5634545,0.52915835,1.087281,0.48596139415740014,86301,0.022851625,0.7464756,,,vwap_cross_up_bin,True,is_first_hour_bin,True,0.02555512777518024,bear_high_vol,True,True,"(False, 'PASS')",False,PASS,0.010440203473887966,True,True,True,True,False,Net expectancy 0.483% < 1.000% after 2.0 bps cost,0.02483401,0.004834011,0.5196038712581589,0.5504749,22215.0
atr_14_bin == 3 AND price_vs_vwap_pct_bin == 4,double,SHORT,fwd_ret_90m,9.179103726128124,0.0,0.050201446,0.5243227968188607,0.6058136,0.562231,1.1877106,0.9258247292661639,24771,0.050201446,0.8607712,,,atr_14_bin,3,price_vs_vwap_pct_bin,4,0.025549804859552338,bear_high_vol,False,False,"(False, 'PASS')",False,PASS,0.25066005181719536,True,True,True,False,,,,,,,
ret_60m_bin == 4.0 AND rvol_bin == 0,double,SHORT,fwd_ret_90m,9.821787354272537,0.0,0.054579567,0.5136640466399459,0.5663555,0.485954,1.2309397,1.1249048594428466,19211,0.054579567,0.77021956,,,ret_60m_bin,4.0,rvol_bin,0,0.02523781276798326,bear_high_vol,False,False,"(False, 'PASS')",False,PASS,0.27312376492171847,True,True,True,False,,,,,,,
at_session_high_bin == True AND avwap_cross_up_bin == True,double,SHORT,fwd_ret_90m,9.079523784098543,0.0,0.042651035,0.5194642437534268,0.5623843,0.51918614,1.1709546,0.9019945275569722,25534,0.042651035,0.75063,,,at_session_high_bin,True,avwap_cross_up_bin,True,0.025145353166964934,bear_high_vol,True,True,"(False, 'PASS')",False,PASS,0.1654388364229074,True,True,True,True,False,Net expectancy -3.942% < 1.000% after 2.0 bps cost,-0.019420296,-0.039420296,0.47494505494505496,-0.4182416,4550.0
session_range_pct_bin == 0 AND rvol_bin == 1,double,SHORT,fwd_ret_90m,9.583287832424,0.0,0.058498178,0.5233293792012653,0.6312006,0.5702631,1.2152032,1.069535928502735,20232,0.058498178,0.86825484,,,session_range_pct_bin,0,rvol_bin,1,0.025121183528190386,bear_high_vol,False,False,"(False, 'PASS')",False,PASS,0.33164053517646025,True,True,True,False,,,,,,,
session_range_pct_bin == 0 AND atr_14_bin == 4,double,SHORT,fwd_ret_90m,9.3017522159599,0.0,0.070204474,0.5190677044831935,0.8139083,0.73247117,1.1992922,0.9737095581693571,22997,0.070204474,1.1445522,,,session_range_pct_bin,0,atr_14_bin,4,0.025026818649836212,bear_high_vol,False,False,"(False, 'PASS')",False,PASS,0.44018014928563903,True,True,True,False,,,,,,,
vwap_cross_up_bin == True AND ret_60m_turned_positive_bin == True,double,SHORT,fwd_ret_90m,10.086230143487526,0.0,0.023504369,0.4967600713219199,0.5971939,0.54279816,1.0860469,0.4310653534384432,137966,0.023504369,0.8655771,,,vwap_cross_up_bin,True,ret_60m_turned_positive_bin,True,0.024997980786983273,bear_high_vol,True,True,"(False, 'PASS')",False,PASS,0.0,True,True,True,True,False,Net expectancy -2.570% < 1.000% after 2.0 bps cost,-0.005697769,-0.025697768,0.49234747070353224,-0.1230575,23979.0
at_session_high_bin == True AND rel_strength_60m_bin == 4.0,double,SHORT,fwd_ret_90m,9.901809891823216,0.0,0.058422215,0.535879348090489,0.5716848,0.534197,1.2356381,1.2257760426438582,16444,0.058422215,0.75660145,,,at_session_high_bin,True,rel_strength_60m_bin,4.0,0.02475805107527459,bear_high_vol,True,True,"(False, 'PASS')",False,PASS,0.3559808490101482,True,True,True,True,False,Net expectancy -2.586% < 1.000% after 2.0 bps cost,-0.00586021,-0.025860209,0.4836795252225519,-0.1199823,3033.0
new_session_low_bin == True AND ret_5m_bin == 0.0,double,SHORT,fwd_ret_90m,9.398828398055318,0.0,0.06597632,0.5148655458335242,0.74799424,0.6578386,1.2067313,1.0098504586990564,21829,0.06597632,1.0371255,,,new_session_low_bin,True,ret_5m_bin,0.0,0.024693048640856956,bear_high_vol,True,True,"(False, 'PASS')",False,PASS,0.38949430863939943,True,True,True,True,False,Net expectancy -8.759% < 1.000% after 2.0 bps cost,-0.067588486,-0.08758849,0.427594070695553,-1.1873977,3508.0
ret_60m_bin == 4.0 AND atr_14_bin == 2,double,SHORT,fwd_ret_90m,9.495366812210612,0.0,0.054647945,0.5166577240134628,0.589516,0.5170871,1.218653,1.0527481925931599,20501,0.054647945,0.8240425,,,ret_60m_bin,4.0,atr_14_bin,2,0.024509275648930493,bear_high_vol,False,False,"(False, 'PASS')",False,PASS,0.27979489670303487,True,True,True,False,,,,,,,
at_session_high_bin == True AND vwap_cross_up_bin == True,double,SHORT,fwd_ret_90m,9.002589417074603,0.0,0.043084994,0.5210245116032465,0.5590939,0.51822406,1.1735781,0.9126754065194144,24519,0.043084994,0.7493936,,,at_session_high_bin,True,vwap_cross_up_bin,True,0.024297464348920633,bear_high_vol,True,True,"(False, 'PASS')",False,PASS,0.17289896279122502,True,True,True,True,False,Net expectancy -4.551% < 1.000% after 2.0 bps cost,-0.025512576,-0.045512576,0.46748154981549817,-0.5473749,4336.0
at_session_high_bin == True AND ret_30m_turned_positive_bin == True,double,SHORT,fwd_ret_90m,9.04797170898585,0.0,0.04369874,0.5214109994579493,0.5585363,0.51720417,1.1765405,0.9274697473718172,23983,0.04369874,0.7479446,,,at_session_high_bin,True,ret_30m_turned_positive_bin,True,0.024291309962889227,bear_high_vol,True,True,"(False, 'PASS')",False,PASS,0.17980939152024972,True,True,True,True,False,Net expectancy -4.657% < 1.000% after 2.0 bps cost,-0.02656948,-0.04656948,0.468519838441435,-0.56879747,4209.0
price_up_vol_weak_bin == True,single,SHORT,fwd_ret_90m,8.80495198957386,0.0,0.02316671,0.49673096728652927,0.5502109,0.4970305,1.092615,0.475474987713218,86417,0.02316671,0.7734584,price_up_vol_weak_bin,True,,,,,0.024069228026524305,bear_high_vol,True,True,"(False, 'PASS')",False,PASS,0.0,True,True,True,True,False,Net expectancy -5.114% < 1.000% after 2.0 bps cost,-0.03114147,-0.05114147,0.4752611160847508,-0.75804806,16755.0
price_up_vol_weak_bin == True AND ret_60m_turned_positive_bin == True,double,SHORT,fwd_ret_90m,8.80495198957386,0.0,0.02316671,0.49673096728652927,0.5502109,0.4970305,1.092615,0.475474987713218,86417,0.02316671,0.7734584,,,price_up_vol_weak_bin,True,ret_60m_turned_positive_bin,True,0.024069228026524305,bear_high_vol,True,True,"(False, 'PASS')",False,PASS,0.0,True,True,True,True,False,Net expectancy -5.114% < 1.000% after 2.0 bps cost,-0.03114147,-0.05114147,0.4752611160847508,-0.75804806,16755.0
ret_30m_bin == 0.0 AND rel_strength_60m_bin == 0.0,double,SHORT,fwd_ret_90m,8.040295754689605,8.881784197001252e-16,0.035337098,0.49242577257119774,0.7790311,0.6861615,1.1014624,0.5236429061541673,59412,0.035337098,1.0712626,,,ret_30m_bin,0.0,rel_strength_60m_bin,0.0,0.023995747376422193,bear_high_vol,False,False,"(False, 'PASS')",False,PASS,0.05337097942829133,True,True,True,False,,,,,,,
price_up_vol_weak_bin == True AND atr_14_bin == 4,double,SHORT,fwd_ret_90m,9.977478771232821,0.0,0.06695917,0.525803501437157,0.6538676,0.5838227,1.2418637,1.280152888753095,15308,0.06695917,0.8303257,,,price_up_vol_weak_bin,True,atr_14_bin,4,0.02379802045996131,bear_high_vol,True,True,"(False, 'PASS')",False,PASS,0.4211987277469032,True,True,True,True,True,PASS,0.0492853,0.0292853,0.5417132632520689,1.0531831,4471.0
ret_30m_bin == 0.0,single,SHORT,fwd_ret_90m,9.211947824915521,0.0,0.029244902,0.5002538844318066,0.7376036,0.67983353,1.0860791,0.44432774641627476,108317,0.029244902,1.0448333,ret_30m_bin,0.0,,,,,0.023699087836110144,bear_high_vol,False,False,"(False, 'PASS')",False,PASS,0.000507768863613256,True,True,True,False,,,,,,,
ret_15m_turned_positive_bin == True AND ret_30m_turned_positive_bin == True,double,SHORT,fwd_ret_90m,9.831694286597116,0.0,0.022741908,0.49842846859431683,0.5920066,0.5429556,1.0835083,0.4166638902430454,140309,0.022741908,0.8664456,,,ret_15m_turned_positive_bin,True,ret_30m_turned_positive_bin,True,0.023632155061600196,bear_high_vol,True,True,"(False, 'PASS')",False,PASS,0.0,True,True,True,True,False,Net expectancy -1.599% < 1.000% after 2.0 bps cost,0.0040065674,-0.015993431,0.4931355463935053,0.08656599,23527.0
ret_15m_bin == 4.0 AND is_first_hour_bin == True,double,SHORT,fwd_ret_90m,7.822143284389079,5.329070518200751e-15,0.025208974,0.5081260083213043,0.5895078,0.5577349,1.091891,0.5117097389002014,58885,0.025208974,0.782045,,,ret_15m_bin,4.0,is_first_hour_bin,True,0.023540036497285026,bear_high_vol,False,False,"(False, 'PASS')",False,PASS,0.016252016642608558,True,True,True,False,,,,,,,
rel_strength_60m_bin == 4.0 AND atr_14_bin == 3,double,SHORT,fwd_ret_90m,8.790893377677394,0.0,0.047076467,0.527229644155738,0.6010745,0.5707376,1.1744686,0.8919781136135874,24477,0.047076467,0.8378185,,,rel_strength_60m_bin,4.0,atr_14_bin,3,0.023424022307695663,bear_high_vol,False,False,"(False, 'PASS')",False,PASS,0.22522396255778726,True,True,True,False,,,,,,,
ret_30m_bin == 4.0 AND atr_14_bin == 2,double,SHORT,fwd_ret_90m,9.251962070924256,0.0,0.05440717,0.5206048028461311,0.58874047,0.5258584,1.2158209,1.0324054860396175,20238,0.05440717,0.8365773,,,ret_30m_bin,4.0,atr_14_bin,2,0.023295721327825102,bear_high_vol,False,False,"(False, 'PASS')",False,PASS,0.2852812874897666,True,True,True,False,,,,,,,
vwap_cross_up_bin == True AND ret_5m_bin == 4.0,double,SHORT,fwd_ret_90m,8.358026788763176,0.0,0.026693843,0.5069260918967916,0.6120979,0.5751563,1.0941268,0.47407633497507917,78327,0.026693843,0.8938468,,,vwap_cross_up_bin,True,ret_5m_bin,4.0,0.02324785767985981,bear_high_vol,True,True,"(False, 'PASS')",False,PASS,0.013852183793583217,True,True,True,True,False,Net expectancy 0.695% < 1.000% after 2.0 bps cost,0.026947036,0.006947037,0.5126091856861088,0.55873346,14196.0
ret_15m_bin == 0.0 AND ret_60m_bin == 0.0,double,SHORT,fwd_ret_90m,7.6034139938078535,2.930988785010413e-14,0.036383163,0.5053358089986684,0.77986157,0.7231347,1.1017116,0.5227185333602116,53319,0.036383163,1.104925,,,ret_15m_bin,0.0,ret_60m_bin,0.0,0.023245712815712954,bear_high_vol,False,False,"(False, 'PASS')",False,PASS,0.0745032498366121,True,True,True,False,,,,,,,
price_up_vol_weak_bin == True AND vwap_cross_up_bin == True,double,SHORT,fwd_ret_90m,7.73248962637595,1.0658141036401503e-14,0.025513189,0.4967265887799761,0.5516848,0.4938137,1.1026591,0.5220121401016996,55294,0.025513189,0.77586186,,,price_up_vol_weak_bin,True,vwap_cross_up_bin,True,0.023206177743637084,bear_high_vol,True,True,"(False, 'PASS')",False,PASS,0.0,True,True,True,True,False,Net expectancy -3.692% < 1.000% after 2.0 bps cost,-0.016923059,-0.03692306,0.48628691983122363,-0.409283,11376.0
ret_5m_turned_positive_bin == True AND atr_14_bin == 4,double,SHORT,fwd_ret_90m,7.639423875984356,2.220446049250313e-14,0.03595482,0.5102141495683372,0.7294907,0.6865075,1.1069314,0.5742721719214062,44595,0.03595482,0.99389297,,,ret_5m_turned_positive_bin,True,atr_14_bin,4,0.023106453852897463,bear_high_vol,True,True,"(False, 'PASS')",False,PASS,0.07997651768497233,True,True,True,True,True,PASS,0.07187568,0.051875677,0.5464303298867553,1.3205591,10155.0
session_range_pct_bin == 0 AND rvol_bin == 2,double,SHORT,fwd_ret_90m,9.044433087860106,0.0,0.058007967,0.5215467576162603,0.6707185,0.60988843,1.1987914,0.9747242333915881,21697,0.058007967,0.9447266,,,session_range_pct_bin,0,rvol_bin,2,0.02309257196074577,bear_high_vol,False,False,"(False, 'PASS')",False,PASS,0.32317318250270427,True,True,True,False,,,,,,,
at_session_high_bin == True AND ret_5m_bin == 4.0,double,SHORT,fwd_ret_90m,9.577320841118961,0.0,0.05749831,0.5314140865471664,0.58403236,0.53963363,1.2273877,1.1811258384422834,16569,0.05749831,0.7727859,,,at_session_high_bin,True,ret_5m_bin,4.0,0.023056098578777662,bear_high_vol,True,True,"(False, 'PASS')",False,PASS,0.3378112707071906,True,True,True,True,False,Net expectancy 0.678% < 1.000% after 2.0 bps cost,0.026780404,0.0067804046,0.5003013863773358,0.562049,3318.0
at_session_low_bin == True AND ret_5m_bin == 1.0,double,SHORT,fwd_ret_90m,9.659649084756504,0.0,0.06730871,0.5228627021768211,0.63515544,0.5549563,1.2541963,1.1957254997964004,16446,0.06730871,0.8935936,,,at_session_low_bin,True,ret_5m_bin,1.0,0.022990956663642072,bear_high_vol,True,True,"(False, 'PASS')",False,PASS,0.4188124946074721,True,True,True,True,False,Net expectancy -7.367% < 1.000% after 2.0 bps cost,-0.05366932,-0.073669314,0.4677492106450158,-1.1486183,2217.0
new_session_low_bin == True AND ret_60m_bin == 0.0,double,SHORT,fwd_ret_90m,9.338230653704846,0.0,0.0695574,0.5143773272652048,0.74100083,0.64164346,1.223229,1.066059728542764,19336,0.0695574,1.035767,,,new_session_low_bin,True,ret_60m_bin,0.0,0.02291980100214169,bear_high_vol,True,True,"(False, 'PASS')",False,PASS,0.42432864010703925,True,True,True,True,False,Net expectancy -6.886% < 1.000% after 2.0 bps cost,-0.04885903,-0.068859026,0.41555059523809523,-0.80771106,2688.0
ret_60m_bin == 4.0 AND rvol_bin == 4,double,SHORT,fwd_ret_90m,8.641275574167564,0.0,0.05769909,0.5195177505497958,0.74263394,0.6828815,1.1758516,0.8596364201579647,25464,0.05769909,1.0655024,,,ret_60m_bin,4.0,rvol_bin,4,0.022747618273871877,bear_high_vol,False,False,"(False, 'PASS')",False,PASS,0.3160264184246114,True,True,True,False,,,,,,,
ret_60m_bin == 4.0 AND rvol_bin == 1,double,SHORT,fwd_ret_90m,9.139734551586491,0.0,0.049930483,0.5160090081268971,0.5736324,0.50841653,1.2029124,1.0151780062815454,20426,0.049930483,0.7807713,,,ret_60m_bin,4.0,rvol_bin,1,0.022637718067183617,bear_high_vol,False,False,"(False, 'PASS')",False,PASS,0.23132284728177882,True,True,True,False,,,,,,,
rel_outperform_extreme_bin == True AND price_up_vol_weak_bin == True,double,SHORT,fwd_ret_90m,9.78562384411316,0.0,0.062070698,0.5227758482500668,0.59824866,0.52528614,1.2476101,1.2695472322456405,14972,0.062070698,0.77613634,,,rel_outperform_extreme_bin,True,price_up_vol_weak_bin,True,0.022508625096833275,bear_high_vol,True,True,"(False, 'PASS')",False,PASS,0.3662586719601862,True,True,True,True,True,PASS,0.0438684,0.0238684,0.5333659252016621,0.9464851,4091.0
ret_5m_turned_positive_bin == True AND ret_30m_turned_positive_bin == True,double,SHORT,fwd_ret_90m,9.100044181302748,0.0,0.023242326,0.4982438930395102,0.5924319,0.541963,1.0854708,0.4275255514734886,114173,0.023242326,0.8630139,,,ret_5m_turned_positive_bin,True,ret_30m_turned_positive_bin,True,0.022435400080110853,bear_high_vol,True,True,"(False, 'PASS')",False,PASS,0.0,True,True,True,True,False,Net expectancy -1.191% < 1.000% after 2.0 bps cost,0.008089576,-0.011910424,0.49422296242323305,0.17783584,19214.0
ret_60m_bin == 4.0 AND session_range_pct_bin == 2,double,SHORT,fwd_ret_90m,9.62543779404756,0.0,0.07194426,0.5050306602369471,0.7116114,0.5807255,1.250292,1.1789758482115205,16797,0.07194426,0.96870494,,,ret_60m_bin,4.0,session_range_pct_bin,2,0.022283895867427746,bear_high_vol,False,False,"(False, 'PASS')",False,PASS,0.42950391154502304,True,True,True,False,,,,,,,
at_session_low_bin == True AND rvol_bin == 1,double,SHORT,fwd_ret_90m,10.487535874360672,0.0,0.08684294,0.5356800306924995,0.6450692,0.5571756,1.3356797,1.63047769972364,10426,0.08684294,0.8455123,,,at_session_low_bin,True,rvol_bin,1,0.022106895245689536,bear_high_vol,True,True,"(False, 'PASS')",False,PASS,0.7050283038230366,True,True,True,True,False,Net expectancy -12.509% < 1.000% after 2.0 bps cost,-0.105089754,-0.12508975,0.4352392065344224,-2.4787316,1714.0
ret_60m_bin == 2.0 AND session_range_pct_bin == 0,double,SHORT,fwd_ret_90m,9.712654097611129,0.0,0.08348284,0.5201685315651333,0.71938163,0.60587287,1.2871618,1.2813976074893998,14478,0.08348284,1.0342215,,,ret_60m_bin,2.0,session_range_pct_bin,0,0.021696552510716942,bear_high_vol,False,False,"(False, 'PASS')",False,PASS,0.5751654548014473,True,True,True,False,,,,,,,
atr_14_bin == 4,single,SHORT,fwd_ret_90m,8.749061334625152,0.0,0.028554626,0.5063716618032726,0.765404,0.7273169,1.079534,0.4220496583498546,108292,0.028554626,1.074022,atr_14_bin,4,,,,,0.021641166425045787,bear_high_vol,False,False,"(False, 'PASS')",False,PASS,0.012743323606545287,True,True,True,False,,,,,,,
rel_outperform_extreme_bin == True AND price_up_vol_strong_bin == True,double,SHORT,fwd_ret_90m,10.028689313730183,0.0,0.09855127,0.5384150030248034,0.79988104,0.71951354,1.296737,1.4799908023717678,11571,0.09855127,1.0570694,,,rel_outperform_extreme_bin,True,price_up_vol_strong_bin,True,0.021404618586144935,bear_high_vol,True,True,"(False, 'PASS')",False,PASS,0.7623427395090794,True,True,True,True,False,Expectancy dropped 56.6% (limit: 50.0%),0.04273105,0.02273105,0.523673469387755,0.6483048,2450.0
new_session_high_bin == True AND session_range_pct_bin == 4,double,SHORT,fwd_ret_90m,9.334404810051877,0.0,0.06084373,0.5343567251461988,0.60619223,0.56498003,1.2312753,1.207945955325783,15048,0.06084373,0.79959226,,,new_session_high_bin,True,session_range_pct_bin,4,0.020987487500779695,bear_high_vol,True,True,"(False, 'PASS')",False,PASS,0.37715073511963,True,True,True,True,True,PASS,0.05910897,0.03910897,0.5263311878291399,1.2112908,3418.0
at_session_high_bin == True AND is_first_hour_bin == True,double,SHORT,fwd_ret_90m,9.57396601194228,0.0,0.062470965,0.5317496229260935,0.5833496,0.5290438,1.2521788,1.319837228182483,13260,0.062470965,0.75137734,,,at_session_high_bin,True,is_first_hour_bin,True,0.02062430029221437,bear_high_vol,True,True,"(False, 'PASS')",False,PASS,0.3882088967263249,True,True,True,True,False,Net expectancy -0.535% < 1.000% after 2.0 bps cost,0.01464878,-0.0053512193,0.5087719298245614,0.3195342,3363.0
session_range_pct_bin == 2 AND is_first_hour_bin == True,double,SHORT,fwd_ret_90m,7.470793203863214,8.149037000748649e-14,0.029178966,0.501804595363969,0.58816457,0.5338562,1.10971,0.5978988826969404,39344,0.029178966,0.77471584,,,session_range_pct_bin,2,is_first_hour_bin,True,0.020413800002144822,bear_high_vol,False,False,"(False, 'PASS')",False,PASS,0.003609190727938083,True,True,True,False,,,,,,,
avwap_cross_up_bin == True AND rel_strength_60m_bin == 4.0,double,SHORT,fwd_ret_90m,7.91892399501633,2.4424906541753444e-15,0.023053495,0.5056582028615917,0.5808457,0.54750764,1.0851765,0.44016939942935224,81563,0.023053495,0.83141375,,,avwap_cross_up_bin,True,rel_strength_60m_bin,4.0,0.020399960952155675,bear_high_vol,True,True,"(False, 'PASS')",False,PASS,0.011316405723183376,True,True,True,True,False,Net expectancy -0.333% < 1.000% after 2.0 bps cost,0.016674774,-0.0033252258,0.4914393990661163,0.334272,14777.0
price_down_vol_strong_bin == True AND session_range_pct_bin == 0,double,SHORT,fwd_ret_90m,8.623915898224324,0.0,0.07071288,0.5160514029936949,0.7892371,0.69547474,1.2100961,0.9497588940853149,20777,0.07071288,1.1819128,,,price_down_vol_strong_bin,True,session_range_pct_bin,0,0.020328715494983007,bear_high_vol,True,True,"(False, 'PASS')",False,PASS,0.43923159898856473,True,True,True,True,False,Net expectancy -1.009% < 1.000% after 2.0 bps cost,0.009908904,-0.010091095,0.4406497292794669,0.14713281,2401.0
rel_underperform_extreme_bin == True AND ret_60m_bin == 0.0,double,SHORT,fwd_ret_90m,7.977100622014401,1.5543122344752192e-15,0.052499317,0.4928254461827487,0.8479872,0.72048247,1.1436721,0.7207023199103095,30873,0.052499317,1.1563731,,,rel_underperform_extreme_bin,True,ret_60m_bin,0.0,0.0202483295313453,bear_high_vol,True,True,"(False, 'PASS')",False,PASS,0.2249931663274765,True,True,True,True,True,PASS,0.031300113,0.011300113,0.4928421787709497,0.51513195,5728.0
ret_5m_bin == 4.0,single,SHORT,fwd_ret_90m,8.386891418384542,0.0,0.023262419,0.5020033604756365,0.6295959,0.5879494,1.079449,0.4045302184815044,108318,0.023262419,0.91286,ret_5m_bin,4.0,,,,,0.019712643659985325,bear_high_vol,False,False,"(False, 'PASS')",False,PASS,0.0040067209512730795,True,True,False,False,,,,,,,
ret_5m_turned_positive_bin == True AND ret_5m_bin == 4.0,double,SHORT,fwd_ret_90m,8.386891418384542,0.0,0.023262419,0.5020033604756365,0.6295959,0.5879494,1.079449,0.4045302184815044,108318,0.023262419,0.91286,,,ret_5m_turned_positive_bin,True,ret_5m_bin,4.0,0.019712643659985325,bear_high_vol,True,True,"(False, 'PASS')",False,PASS,0.0040067209512730795,True,True,False,False,,,,,,,
ret_60m_turned_positive_bin == True,single,SHORT,fwd_ret_90m,10.07511181901578,0.0,0.018924858,0.4947326077725881,0.603658,0.55361664,1.0676554,0.33812960700427563,223735,0.018924858,0.88848424,ret_60m_turned_positive_bin,True,,,,,0.019506972321235477,bear_high_vol,True,True,"(False, 'PASS')",False,PASS,0.0,True,True,False,False,,,,,,,
ret_15m_turned_positive_bin == True AND is_first_hour_bin == True,double,SHORT,fwd_ret_90m,7.811005134562372,5.773159728050814e-15,0.020111881,0.5028233842649711,0.5658682,0.53184295,1.0760604,0.42707457156646367,84296,0.020111881,0.7475655,,,ret_15m_turned_positive_bin,True,is_first_hour_bin,True,0.0194138809200697,bear_high_vol,True,True,"(False, 'PASS')",False,PASS,0.00564676852994217,True,True,False,False,,,,,,,
ret_15m_bin == 4.0 AND session_range_pct_bin == 1,double,SHORT,fwd_ret_90m,9.08438971332149,0.0,0.07009098,0.5225460636515913,0.6788742,0.5961874,1.246234,1.1804262459560382,14925,0.07009098,0.94259155,,,ret_15m_bin,4.0,session_range_pct_bin,1,0.019359306135999132,bear_high_vol,False,False,"(False, 'PASS')",False,PASS,0.4460019206801052,True,True,False,False,,,,,,,
vwap_cross_up_bin == True AND atr_14_bin == 3,double,SHORT,fwd_ret_90m,7.136938415283955,9.701128789174618e-13,0.0323755,0.5114361897306685,0.62071747,0.5835101,1.1135654,0.5603534748512377,40879,0.0323755,0.9171802,,,vwap_cross_up_bin,True,atr_14_bin,3,0.019354501548722657,bear_high_vol,True,True,"(False, 'PASS')",False,PASS,0.04662737552266211,True,True,False,False,,,,,,,
ret_5m_turned_positive_bin == True AND ret_30m_bin == 0.0,double,SHORT,fwd_ret_90m,8.141976116649653,4.440892098500626e-16,0.050766423,0.5066341066341067,0.7281861,0.64487123,1.1595638,0.8245699825092955,24570,0.050766423,0.9773482,,,ret_5m_turned_positive_bin,True,ret_30m_bin,0.0,0.01934519793699034,bear_high_vol,True,True,"(False, 'PASS')",False,PASS,0.2209324467143346,True,True,False,False,,,,,,,
price_up_vol_strong_bin == True AND ret_60m_bin == 4.0,double,SHORT,fwd_ret_90m,8.118867790394072,4.440892098500626e-16,0.05679343,0.5194418446354122,0.74618095,0.688375,1.1716828,0.8406328743695125,23506,0.05679343,1.0724869,,,price_up_vol_strong_bin,True,ret_60m_bin,4.0,0.01929006789636711,bear_high_vol,True,True,"(False, 'PASS')",False,PASS,0.30681797884544754,True,True,False,False,,,,,,,
session_range_pct_bin == 1 AND price_vs_vwap_pct_bin == 4,double,SHORT,fwd_ret_90m,9.426847706789879,0.0,0.08081212,0.5313571778539932,0.68719137,0.6067135,1.2842176,1.352289330697431,12246,0.08081212,0.94865245,,,session_range_pct_bin,1,price_vs_vwap_pct_bin,4,0.01920141227385225,bear_high_vol,False,False,"(False, 'PASS')",False,PASS,0.5708355451830458,True,True,False,False,,,,,,,
ret_60m_bin == 4.0 AND rvol_bin == 3,double,SHORT,fwd_ret_90m,8.266324159716165,2.220446049250313e-16,0.052241392,0.5124712462225429,0.66464347,0.59149176,1.1811615,0.8812924445419832,22171,0.052241392,0.94101155,,,ret_60m_bin,4.0,rvol_bin,3,0.019160353480200325,bear_high_vol,False,False,"(False, 'PASS')",False,PASS,0.24735641678151926,True,True,False,False,,,,,,,
rel_strength_60m_bin == 1.0 AND session_range_pct_bin == 0,double,SHORT,fwd_ret_90m,7.642139646676181,2.19824158875781e-14,0.044604182,0.5126352599630509,0.67517793,0.61866575,1.147933,0.6967996751921871,30312,0.044604182,1.0161736,,,rel_strength_60m_bin,1.0,session_range_pct_bin,0,0.019154121097677692,bear_high_vol,False,False,"(False, 'PASS')",False,PASS,0.17131234235957354,True,True,False,False,,,,,,,
vwap_cross_up_bin == True AND ret_5m_turned_positive_bin == True,double,SHORT,fwd_ret_90m,8.716044184504451,0.0,0.020813862,0.4975591721556999,0.59012955,0.5429705,1.0762942,0.3800590883390139,132537,0.020813862,0.8693643,,,vwap_cross_up_bin,True,ret_5m_turned_positive_bin,True,0.01907662486351329,bear_high_vol,True,True,"(False, 'PASS')",False,PASS,0.0,True,True,False,False,,,,,,,
ret_60m_bin == 0.0 AND rel_strength_60m_bin == 0.0,double,SHORT,fwd_ret_90m,7.60720918739996,2.8199664825478976e-14,0.028757824,0.49639468199412273,0.7421866,0.67445606,1.0846666,0.4344950420298232,77247,0.028757824,1.0506824,,,ret_60m_bin,0.0,rel_strength_60m_bin,0.0,0.018989938650414324,bear_high_vol,False,False,"(False, 'PASS')",False,PASS,0.0,True,True,False,False,,,,,,,
new_session_high_bin == True AND avwap_cross_up_bin == True,double,SHORT,fwd_ret_90m,8.793419766371414,0.0,0.056454923,0.5321205953441038,0.60775584,0.5705412,1.2114857,1.1132794419182483,15722,0.056454923,0.80500376,,,new_session_high_bin,True,avwap_cross_up_bin,True,0.01895815667666492,bear_high_vol,True,True,"(False, 'PASS')",False,PASS,0.3287904207273274,True,True,False,False,,,,,,,
ret_5m_turned_positive_bin == True AND ret_60m_bin == 0.0,double,SHORT,fwd_ret_90m,7.675512321257619,1.687538997430238e-14,0.04360184,0.5102480752780154,0.6983964,0.6385959,1.1394129,0.7127387929971454,29225,0.04360184,0.97112405,,,ret_5m_turned_positive_bin,True,ret_60m_bin,0.0,0.01888382289310629,bear_high_vol,True,True,"(False, 'PASS')",False,PASS,0.15651455790084895,True,True,False,False,,,,,,,
new_session_high_bin == True,single,SHORT,fwd_ret_90m,8.734138711548487,0.0,0.056035157,0.5311916324243556,0.61280644,0.5748244,1.2079362,1.094008063976778,16062,0.056035157,0.8130932,new_session_high_bin,True,,,,,0.018871555910093433,bear_high_vol,True,True,"(False, 'PASS')",False,PASS,0.3227348377795241,True,True,False,False,,,,,,,
ret_5m_turned_positive_bin == True AND session_range_pct_bin == 1,double,SHORT,fwd_ret_90m,7.083657904403606,1.425970452828551e-12,0.030846346,0.49838187702265374,0.6287577,0.5632075,1.1091847,0.548541065657873,42024,0.030846346,0.892678,,,ret_5m_turned_positive_bin,True,session_range_pct_bin,1,0.01883833899121969,bear_high_vol,True,True,"(False, 'PASS')",False,PASS,0.008463461697101604,True,True,False,False,,,,,,,
rel_underperform_extreme_bin == True AND ret_30m_bin == 0.0,double,SHORT,fwd_ret_90m,8.19667799473042,2.220446049250313e-16,0.06326702,0.48801376879891817,0.8963629,0.73082125,1.1690861,0.832945399673237,24403,0.06326702,1.2057607,,,rel_underperform_extreme_bin,True,ret_30m_bin,0.0,0.01882114136203383,bear_high_vol,True,True,"(False, 'PASS')",False,PASS,0.33267022371292115,True,True,False,False,,,,,,,
rel_strength_60m_bin == 0.0 AND price_vs_vwap_pct_bin == 0,double,SHORT,fwd_ret_90m,6.94233291263085,3.899769396298325e-12,0.03227312,0.4934322616103325,0.78038967,0.6964446,1.091478,0.4717034568254103,54585,0.03227312,1.086106,,,rel_strength_60m_bin,0.0,price_vs_vwap_pct_bin,0,0.018702010375226494,bear_high_vol,False,False,"(False, 'PASS')",False,PASS,0.02273121178150178,True,True,False,False,,,,,,,
ret_5m_bin == 4.0 AND session_range_pct_bin == 4,double,SHORT,fwd_ret_90m,7.047582734559204,1.850741782050136e-12,0.029341832,0.513889245792111,0.59247327,0.5659694,1.1066495,0.5671291138293887,38915,0.029341832,0.82130706,,,ret_5m_bin,4.0,session_range_pct_bin,4,0.018502266953494315,bear_high_vol,False,False,"(False, 'PASS')",False,PASS,0.027778491584222076,True,True,False,False,,,,,,,
rel_underperform_extreme_bin == True AND rel_strength_60m_bin == 0.0,double,SHORT,fwd_ret_90m,7.522668592417913,5.5067062021407764e-14,0.047227655,0.4907765954203128,0.8324952,0.70959324,1.130701,0.6594093840913213,32797,0.047227655,1.1369504,,,rel_underperform_extreme_bin,True,rel_strength_60m_bin,0.0,0.01848252360307007,bear_high_vol,True,True,"(False, 'PASS')",False,PASS,0.17227654606103898,True,True,False,False,,,,,,,
rel_underperform_extreme_bin == True,single,SHORT,fwd_ret_90m,7.522668592417913,5.5067062021407764e-14,0.047227655,0.4907765954203128,0.8324952,0.70959324,1.130701,0.6594093840913213,32797,0.047227655,1.1369504,rel_underperform_extreme_bin,True,,,,,0.01848252360307007,bear_high_vol,True,True,"(False, 'PASS')",False,PASS,0.17227654606103898,True,True,False,False,,,,,,,
vwap_cross_up_bin == True,single,SHORT,fwd_ret_90m,9.555523372292264,0.0,0.01846614,0.4953152099680147,0.592447,0.54485863,1.0671539,0.3362323393846681,203531,0.01846614,0.87184024,vwap_cross_up_bin,True,,,,,0.018418823372707213,bear_high_vol,True,True,"(False, 'PASS')",False,PASS,0.0,True,True,False,False,,,,,,,
ret_15m_bin == 4.0 AND atr_14_bin == 2,double,SHORT,fwd_ret_90m,8.167988472469473,4.440892098500626e-16,0.04653376,0.5181067961165049,0.57215893,0.5185914,1.1862054,0.9034035292963868,20600,0.04653376,0.81768614,,,ret_15m_bin,4.0,atr_14_bin,2,0.01823054540336793,bear_high_vol,False,False,"(False, 'PASS')",False,PASS,0.2015511890667157,True,True,False,False,,,,,,,
new_session_high_bin == True AND ret_60m_bin == 4.0,double,SHORT,fwd_ret_90m,9.284646779296063,0.0,0.07177474,0.541020153379704,0.62044585,0.57496846,1.2719781,1.3918273648173543,11214,0.07177474,0.8186279,,,new_session_high_bin,True,ret_60m_bin,4.0,0.018080069211996414,bear_high_vol,True,True,"(False, 'PASS')",False,PASS,0.49978774173312474,True,True,False,False,,,,,,,
ret_5m_turned_positive_bin == True AND ret_60m_turned_positive_bin == True,double,SHORT,fwd_ret_90m,8.107652889034302,4.440892098500626e-16,0.020815313,0.4954440881836132,0.5908741,0.5389487,1.0765467,0.3873459975487653,110406,0.020815313,0.85306895,,,ret_5m_turned_positive_bin,True,ret_60m_turned_positive_bin,True,0.01800839997453968,bear_high_vol,True,True,"(False, 'PASS')",False,PASS,0.0,True,True,False,False,,,,,,,
ret_5m_bin == 3.0 AND ret_60m_bin == 4.0,double,SHORT,fwd_ret_90m,8.155962098428882,4.440892098500626e-16,0.045248177,0.5057173056596521,0.5740176,0.49575365,1.1846545,0.8974240537706717,20814,0.045248177,0.8003937,,,ret_5m_bin,3.0,ret_60m_bin,4.0,0.017834154454373627,bear_high_vol,False,False,"(False, 'PASS')",False,PASS,0.16391638034463002,True,True,False,False,,,,,,,
ret_5m_bin == 0.0 AND is_first_hour_bin == True,double,SHORT,fwd_ret_90m,6.724078507142911,1.784639103163954e-11,0.026192473,0.4982479559486067,0.6957871,0.63872594,1.0817283,0.4596102053059951,53937,0.026192473,0.9046636,,,ret_5m_bin,0.0,is_first_hour_bin,True,0.017821909005800912,bear_high_vol,False,False,"(False, 'PASS')",False,PASS,0.0,True,True,False,False,,,,,,,
ret_30m_turned_positive_bin == True,single,SHORT,fwd_ret_90m,9.48674666931286,0.0,0.018271305,0.49516022308346724,0.60169905,0.55397004,1.0653325,0.32740121134168987,211580,0.018271305,0.8859099,ret_30m_turned_positive_bin,True,,,,,0.017800393082448372,bear_high_vol,True,True,"(False, 'PASS')",False,PASS,0.0,True,True,False,False,,,,,,,
ret_15m_turned_positive_bin == True AND session_range_pct_bin == 0,double,SHORT,fwd_ret_90m,9.463168221194493,0.0,0.11464846,0.5473924251437636,0.7711911,0.67938703,1.3728456,1.495813183442335,10086,0.11464846,1.2167214,,,ret_15m_turned_positive_bin,True,session_range_pct_bin,0,0.017601775305373504,bear_high_vol,True,True,"(True, 'Expectancy too high (11.465% > 10.000%)')",True,Expectancy too high (11.465% > 10.000%),0.9412694637061063,False,True,False,False,,,,,,,
at_session_high_bin == True AND new_session_high_bin == True,double,SHORT,fwd_ret_90m,9.254840866053254,0.0,0.06857293,0.5362105456887826,0.59286845,0.53759176,1.2750295,1.4093355094900262,10867,0.06857293,0.77239347,,,at_session_high_bin,True,new_session_high_bin,True,0.017593191152366346,bear_high_vol,True,True,"(False, 'PASS')",False,PASS,0.4581504012940614,True,True,False,False,,,,,,,
new_session_high_bin == True AND rel_strength_60m_bin == 4.0,double,SHORT,fwd_ret_90m,9.322013480580829,0.0,0.07446486,0.5452482269503546,0.6208857,0.58069474,1.2819871,1.4390299284192956,10575,0.07446486,0.8214513,,,new_session_high_bin,True,rel_strength_60m_bin,4.0,0.01756015784605849,bear_high_vol,True,True,"(False, 'PASS')",False,PASS,0.535145029683485,True,True,False,False,,,,,,,
new_session_high_bin == True AND ret_5m_turned_positive_bin == True,double,SHORT,fwd_ret_90m,8.575203128468505,0.0,0.056542322,0.5324886509926147,0.6040214,0.56702834,1.2132931,1.1205112057354871,14759,0.056542322,0.80104643,,,new_session_high_bin,True,ret_5m_turned_positive_bin,True,0.01748011004548422,bear_high_vol,True,True,"(False, 'PASS')",False,PASS,0.3304005223812712,True,True,False,False,,,,,,,
rel_underperform_extreme_bin == True AND session_range_pct_bin == 0,double,SHORT,fwd_ret_90m,8.679004664395194,0.0,0.082505636,0.4921166372435624,0.8880662,0.69804704,1.2327207,1.074956912782457,16427,0.082505636,1.2184082,,,rel_underperform_extreme_bin,True,session_range_pct_bin,0,0.017458363701284185,bear_high_vol,True,True,"(False, 'PASS')",False,PASS,0.5250563591718673,True,True,False,False,,,,,,,
vwap_cross_up_bin == True AND ret_15m_turned_positive_bin == True,double,SHORT,fwd_ret_90m,8.788323659753773,0.0,0.01873514,0.49716228778315963,0.58587724,0.5420057,1.0687425,0.34500985960103764,163512,0.01873514,0.86203665,,,vwap_cross_up_bin,True,ret_15m_turned_positive_bin,True,0.017447049155972047,bear_high_vol,True,True,"(False, 'PASS')",False,PASS,0.0,True,True,False,False,,,,,,,
ret_5m_bin == 3.0 AND price_vs_vwap_pct_bin == 4,double,SHORT,fwd_ret_90m,7.795007757138569,6.661338147750939e-15,0.040681683,0.5057257553348827,0.56017786,0.49085036,1.1676803,0.8043842850893946,23665,0.040681683,0.8028522,,,ret_5m_bin,3.0,price_vs_vwap_pct_bin,4,0.017370725714852445,bear_high_vol,False,False,"(False, 'PASS')",False,PASS,0.11826833594041825,True,True,False,False,,,,,,,
price_up_vol_weak_bin == True AND rvol_bin == 0,double,SHORT,fwd_ret_90m,7.014378087605508,2.348565786292056e-12,0.027030207,0.4948546813093307,0.53228575,0.46793243,1.1143537,0.5741893207740496,37607,0.027030207,0.74729925,,,price_up_vol_weak_bin,True,rvol_bin,0,0.017350296810116895,bear_high_vol,True,True,"(False, 'PASS')",False,PASS,0.0,True,True,False,False,,,,,,,
ret_30m_bin == 4.0 AND rvol_bin == 0,double,SHORT,fwd_ret_90m,8.099900715087486,4.440892098500626e-16,0.044084936,0.5095820129772144,0.5590053,0.49095693,1.1830966,0.9119286225873516,19881,0.044084936,0.76741385,,,ret_30m_bin,4.0,rvol_bin,0,0.01732244181079377,bear_high_vol,False,False,"(False, 'PASS')",False,PASS,0.16001338975829232,True,True,False,False,,,,,,,
ret_60m_turned_positive_bin == True AND atr_14_bin == 2,double,SHORT,fwd_ret_90m,6.671663082463509,2.5591750940634483e-11,0.027666226,0.5024595764062856,0.58955806,0.53978103,1.1030159,0.5054202664334131,43910,0.027666226,0.8689555,,,ret_60m_turned_positive_bin,True,atr_14_bin,2,0.017221365213981116,bear_high_vol,True,True,"(False, 'PASS')",False,PASS,0.004919152812571159,True,True,False,False,,,,,,,
rvol_bin == 0 AND price_vs_vwap_pct_bin == 4,double,SHORT,fwd_ret_90m,7.991117502955076,1.3322676295501878e-15,0.04117246,0.508050520632472,0.54237074,0.47642958,1.175666,0.8807680162944751,20744,0.04117246,0.74207115,,,rvol_bin,0,price_vs_vwap_pct_bin,4,0.01717056990134167,bear_high_vol,False,False,"(False, 'PASS')",False,PASS,0.12782563848059653,True,True,False,False,,,,,,,
new_session_high_bin == True AND ret_60m_turned_positive_bin == True,double,SHORT,fwd_ret_90m,8.650182774108654,0.0,0.05954868,0.5340775558166863,0.60450476,0.5651235,1.2261597,1.1767948701140802,13616,0.05954868,0.80328864,,,new_session_high_bin,True,ret_60m_turned_positive_bin,True,0.01713547603543575,bear_high_vol,True,True,"(False, 'PASS')",False,PASS,0.36364190902574084,True,True,False,False,,,,,,,
ret_15m_turned_positive_bin == True AND ret_5m_bin == 4.0,double,SHORT,fwd_ret_90m,7.052887402777833,1.7679191444130993e-12,0.023159528,0.5051784609036517,0.6073566,0.57326514,1.0816443,0.4152265322401351,72705,0.023159528,0.88541096,,,ret_15m_turned_positive_bin,True,ret_5m_bin,4.0,0.01712312905234004,bear_high_vol,True,True,"(False, 'PASS')",False,PASS,0.01035692180730341,True,True,False,False,,,,,,,
rel_strength_60m_bin == 3.0 AND is_first_hour_bin == True,double,SHORT,fwd_ret_90m,7.475774607131464,7.904787935331115e-14,0.030737357,0.5042161607273794,0.53613234,0.48325342,1.1282918,0.7185651033039785,27276,0.030737357,0.6790483,,,rel_strength_60m_bin,3.0,is_first_hour_bin,True,0.017101571375915597,bear_high_vol,False,False,"(False, 'PASS')",False,PASS,0.0158058935956909,True,True,False,False,,,,,,,
session_range_pct_bin == 0 AND atr_14_bin == 3,double,SHORT,fwd_ret_90m,7.763304737216742,8.659739592076221e-15,0.05013896,0.5129371246909219,0.7001915,0.6344463,1.162254,0.8189021006277076,22648,0.05013896,0.97194934,,,session_range_pct_bin,0,atr_14_bin,3,0.017095777693069674,bear_high_vol,False,False,"(False, 'PASS')",False,PASS,0.22726386461955667,True,True,False,False,,,,,,,
ret_5m_bin == 2.0 AND session_range_pct_bin == 0,double,SHORT,fwd_ret_90m,7.854530120043557,4.218847493575595e-15,0.051013872,0.5138974383256782,0.63621145,0.5676447,1.1848774,0.8579931170296657,21119,0.051013872,0.94385386,,,ret_5m_bin,2.0,session_range_pct_bin,0,0.016930511126565226,bear_high_vol,False,False,"(False, 'PASS')",False,PASS,0.23793359692532806,True,True,False,False,,,,,,,
rvol_bin == 2 AND is_first_hour_bin == True,double,SHORT,fwd_ret_90m,6.8036618350889935,1.0345502232667059e-11,0.025481647,0.502498215560314,0.57922006,0.533818,1.0959488,0.545311822436918,39228,0.025481647,0.7417932,,,rvol_bin,2,is_first_hour_bin,True,0.016929127529442374,bear_high_vol,False,False,"(False, 'PASS')",False,PASS,0.0049964311206280865,True,True,False,False,,,,,,,
