rule,rule_type,direction,horizon,t_stat,p_value,expectancy,win_rate,avg_win,avg_loss,profit_factor,sharpe,n_samples,mean_ret,std_ret,rule_col,rule_val,rule_col1,rule_val1,rule_col2,rule_val2,aaa_score,regime,is_event_based,passes_event_filter,overfit_check,is_overfit,overfit_reason,overfit_risk,passes_overfit_filter,passes_regime_filter,passes_aaa_score,passes_aaa_filters,validation_passed,validation_reason,val_expectancy,val_expectancy_net,val_win_rate,val_sharpe,val_trades
ret_15m_turned_positive_bin == True AND session_range_pct_bin == 0,double,SHORT,fwd_ret_60m,23.13119736242886,0.0,0.13211797,0.521239920532897,0.7300924,0.5189141,1.5318,1.9847581946675523,34228,0.13211797,1.0567069,,,ret_15m_turned_positive_bin,True,session_range_pct_bin,0,0.18960123606172816,bull_high_vol,True,True,"(True, 'Expectancy too high (13.212% > 10.000%)')",True,Expectancy too high (13.212% > 10.000%),1.3060386561787296,False,True,True,False,,,,,,,
vwap_cross_up_bin == True AND session_range_pct_bin == 0,double,SHORT,fwd_ret_60m,24.17146102689158,0.0,0.14316057,0.526925139594309,0.7439874,0.52605855,1.5752537,2.1551642583036106,31699,0.14316057,1.054492,,,vwap_cross_up_bin,True,session_range_pct_bin,0,0.18691477478341206,bull_high_vol,True,True,"(True, 'Expectancy too high (14.316% > 10.000%)')",True,Expectancy too high (14.316% > 10.000%),1.5130380752162624,False,True,True,False,,,,,,,
ret_30m_turned_positive_bin == True AND session_range_pct_bin == 0,double,SHORT,fwd_ret_60m,24.250876836913157,0.0,0.16109286,0.5275079648768358,0.78319573,0.5334463,1.6391326,2.399608141535548,25738,0.16109286,1.0657032,,,ret_30m_turned_positive_bin,True,session_range_pct_bin,0,0.15243247908091198,bull_high_vol,True,True,"(True, 'Expectancy too high (16.109% > 10.000%)')",True,Expectancy too high (16.109% > 10.000%),1.8157486253898385,False,True,True,False,,,,,,,
ret_5m_turned_positive_bin == True AND session_range_pct_bin == 0,double,SHORT,fwd_ret_60m,17.455909690056668,0.0,0.09108871,0.4994832041343669,0.6923735,0.5089544,1.3575748,1.4085986605991883,38700,0.09108871,1.026544,,,ret_5m_turned_positive_bin,True,session_range_pct_bin,0,0.11002157675997336,bull_high_vol,True,True,"(False, 'PASS')",False,PASS,0.6108871221542358,True,True,True,True,False,Net expectancy -4.986% < 1.000% after 2.0 bps cost,-0.029861856,-0.049861856,0.4486873508353222,-0.71482414,5866.0
ret_60m_turned_positive_bin == True AND session_range_pct_bin == 0,double,SHORT,fwd_ret_60m,20.192737150968497,0.0,0.15256293,0.5163415381472781,0.79850096,0.5370241,1.5873765,2.2906933597200725,19582,0.15256293,1.0572613,,,ret_60m_turned_positive_bin,True,session_range_pct_bin,0,0.09452257654326039,bull_high_vol,True,True,"(True, 'Expectancy too high (15.256% > 10.000%)')",True,Expectancy too high (15.256% > 10.000%),1.6536590679545955,False,True,True,False,,,,,,,
session_range_pct_bin == 0,single,SHORT,fwd_ret_60m,18.273446405569985,0.0,0.058811054,0.4865568755022413,0.65705353,0.5081047,1.225431,0.9026053551808458,103287,0.058811054,1.0343353,session_range_pct_bin,0,,,,,0.09288342924580811,bull_high_vol,False,False,"(False, 'PASS')",False,PASS,0.2881105363368988,True,True,True,False,,,,,,,
session_range_pct_bin == 0 AND atr_14_bin == 2,double,SHORT,fwd_ret_60m,16.70367119995654,0.0,0.106426984,0.5090030948138422,0.6627794,0.4703284,1.4608629,1.8157560469759957,21326,0.106426984,0.9304532,,,session_range_pct_bin,0,atr_14_bin,2,0.07621062315508233,bull_high_vol,False,False,"(True, 'Expectancy too high (10.643% > 10.000%)')",True,Expectancy too high (10.643% > 10.000%),0.9401540538329979,False,True,True,False,,,,,,,
session_range_pct_bin == 0 AND is_power_hour_bin == True,double,SHORT,fwd_ret_60m,19.679939289689028,0.0,0.28046912,0.5137164846077458,1.4588093,0.96434534,1.598085,2.4612134397816154,16112,0.28046912,1.8089894,,,session_range_pct_bin,0,is_power_hour_bin,True,0.0754124340281278,bull_high_vol,False,False,"(True, 'Expectancy too high (28.047% > 10.000%)')",True,Expectancy too high (28.047% > 10.000%),3.012730884594275,False,True,True,False,,,,,,,
ret_5m_bin == 4.0 AND ret_30m_bin == 4.0,double,SHORT,fwd_ret_60m,11.881412562120572,0.0,0.05173898,0.5202984469039514,0.6656875,0.61416763,1.1756144,0.8954841186972328,44363,0.05173898,0.917192,,,ret_5m_bin,4.0,ret_30m_bin,4.0,0.056848060751310506,bull_high_vol,False,False,"(False, 'PASS')",False,PASS,0.25798670538331564,True,True,True,False,,,,,,,
ret_30m_turned_positive_bin == True AND ret_5m_bin == 4.0,double,SHORT,fwd_ret_60m,12.95148348201942,0.0,0.04166791,0.5115109107856531,0.6348286,0.5794477,1.1472083,0.7346690954835481,78317,0.04166791,0.9003476,,,ret_30m_turned_positive_bin,True,ret_5m_bin,4.0,0.05633164667483667,bull_high_vol,True,True,"(False, 'PASS')",False,PASS,0.13970090587230116,True,True,True,True,False,Net expectancy -2.785% < 1.000% after 2.0 bps cost,-0.0078470735,-0.027847074,0.5053291958985429,-0.15267435,14824.0
ret_30m_turned_positive_bin == True AND ret_60m_bin == 4.0,double,SHORT,fwd_ret_60m,12.940497672824128,0.0,0.034854732,0.5149514897649327,0.5853666,0.54959595,1.1307473,0.6740941438045007,92867,0.034854732,0.8208078,,,ret_30m_turned_positive_bin,True,ret_60m_bin,4.0,0.05199051382841075,bull_high_vol,True,True,"(False, 'PASS')",False,PASS,0.07845030406809622,True,True,True,True,False,Net expectancy 0.078% < 1.000% after 2.0 bps cost,0.020777535,0.00077753514,0.5078007316548311,0.4131477,18588.0
ret_5m_turned_positive_bin == True AND ret_30m_bin == 4.0,double,SHORT,fwd_ret_60m,12.192531149742647,0.0,0.03848715,0.5132583072517813,0.6130943,0.56742334,1.1393509,0.7063461262033496,75085,0.03848715,0.8649649,,,ret_5m_turned_positive_bin,True,ret_30m_bin,4.0,0.051160371135179655,bull_high_vol,True,True,"(False, 'PASS')",False,PASS,0.11138812715500618,True,True,True,True,False,Net expectancy -1.448% < 1.000% after 2.0 bps cost,0.0055215247,-0.014478475,0.5065641161649649,0.10408404,15082.0
price_up_vol_weak_bin == True AND ret_60m_bin == 4.0,double,SHORT,fwd_ret_60m,11.109684290595807,0.0,0.035933025,0.5155579161687248,0.5124015,0.47113916,1.1574355,0.8296597987481915,45186,0.035933025,0.68753374,,,price_up_vol_weak_bin,True,ret_60m_bin,4.0,0.04970491954814467,bull_high_vol,True,True,"(False, 'PASS')",False,PASS,0.09044608415038452,True,True,True,True,False,Net expectancy -1.545% < 1.000% after 2.0 bps cost,0.0045472146,-0.015452785,0.4995112414467253,0.10730869,10230.0
ret_60m_turned_positive_bin == True AND ret_5m_bin == 4.0,double,SHORT,fwd_ret_60m,11.679545278646541,0.0,0.03951034,0.513234037187014,0.6364388,0.58987635,1.1376035,0.6940190463922511,71369,0.03951034,0.90373194,,,ret_60m_turned_positive_bin,True,ret_5m_bin,4.0,0.048150303849616556,bull_high_vol,True,True,"(False, 'PASS')",False,PASS,0.12157146935922697,True,True,True,True,False,Net expectancy -3.300% < 1.000% after 2.0 bps cost,-0.0130046215,-0.03300462,0.5051357300073368,-0.24830897,13630.0
ret_5m_turned_positive_bin == True AND ret_15m_bin == 4.0,double,SHORT,fwd_ret_60m,12.163851008386112,0.0,0.03812358,0.5100129976411688,0.6342729,0.58239055,1.1335964,0.6698718695582687,83092,0.03812358,0.903446,,,ret_5m_turned_positive_bin,True,ret_15m_bin,4.0,0.0480983672665371,bull_high_vol,True,True,"(False, 'PASS')",False,PASS,0.1012618108669972,True,True,True,True,False,Net expectancy -2.985% < 1.000% after 2.0 bps cost,-0.00985018,-0.02985018,0.5003590234561991,-0.18981783,16712.0
ret_5m_bin == 4.0 AND ret_15m_bin == 4.0,double,SHORT,fwd_ret_60m,10.839697410511286,0.0,0.04447287,0.5150818569185917,0.670345,0.62033087,1.1478438,0.7438888728772957,53508,0.04447287,0.9490462,,,ret_5m_bin,4.0,ret_15m_bin,4.0,0.04807150641893593,bull_high_vol,False,False,"(False, 'PASS')",False,PASS,0.17489240869335015,True,True,True,False,,,,,,,
ret_5m_turned_positive_bin == True AND ret_60m_bin == 4.0,double,SHORT,fwd_ret_60m,11.372870845261907,0.0,0.036080964,0.5169043582327715,0.5966483,0.56371677,1.1324904,0.6814529342202564,70189,0.036080964,0.84050936,,,ret_5m_turned_positive_bin,True,ret_60m_bin,4.0,0.04636629824719186,bull_high_vol,True,True,"(False, 'PASS')",False,PASS,0.09461835556180304,True,True,True,True,False,Net expectancy -0.340% < 1.000% after 2.0 bps cost,0.016598491,-0.0034015086,0.5086461408688318,0.3239873,14226.0
ret_30m_bin == 4.0 AND ret_60m_bin == 4.0,double,SHORT,fwd_ret_60m,11.143069062065388,0.0,0.036716197,0.5153402710189414,0.6178528,0.5812083,1.1303433,0.6844876753543763,66785,0.036716197,0.85151505,,,ret_30m_bin,4.0,ret_60m_bin,4.0,0.045493651247597446,bull_high_vol,False,False,"(False, 'PASS')",False,PASS,0.0978425088981772,True,True,True,False,,,,,,,
ret_15m_bin == 4.0 AND ret_30m_bin == 4.0,double,SHORT,fwd_ret_60m,10.989700540882819,0.0,0.03860333,0.5136034933956859,0.6444171,0.60109717,1.1320353,0.6864998760252954,64579,0.03860333,0.89265686,,,ret_15m_bin,4.0,ret_30m_bin,4.0,0.044847738503572564,bull_high_vol,False,False,"(False, 'PASS')",False,PASS,0.11324026847529362,True,True,True,False,,,,,,,
ret_60m_turned_positive_bin == True AND ret_60m_bin == 4.0,double,SHORT,fwd_ret_60m,12.265351455638937,0.0,0.031038897,0.5110353246652586,0.5809668,0.5437113,1.116751,0.6060534817422311,103214,0.031038897,0.81300944,,,ret_60m_turned_positive_bin,True,ret_60m_bin,4.0,0.04396713090497273,bull_high_vol,True,True,"(False, 'PASS')",False,PASS,0.03245962045063627,True,True,True,True,False,Net expectancy 0.277% < 1.000% after 2.0 bps cost,0.022766536,0.0027665365,0.5111642361941191,0.45137033,20915.0
ret_60m_bin == 4.0,single,SHORT,fwd_ret_60m,12.265351455638937,0.0,0.031038897,0.5110353246652586,0.5809668,0.5437113,1.116751,0.6060534817422311,103214,0.031038897,0.81300944,ret_60m_bin,4.0,,,,,0.04396713090497273,bull_high_vol,False,False,"(False, 'PASS')",False,PASS,0.03245962045063627,True,True,True,False,,,,,,,
ret_30m_turned_positive_bin == True AND ret_15m_bin == 4.0,double,SHORT,fwd_ret_60m,11.974761102503304,0.0,0.03453234,0.5102784366519222,0.62468183,0.5803897,1.1214947,0.6213597729034609,93594,0.03453234,0.88223267,,,ret_30m_turned_positive_bin,True,ret_15m_bin,4.0,0.04394439251686783,bull_high_vol,True,True,"(False, 'PASS')",False,PASS,0.06588025711198037,True,True,True,True,False,Net expectancy -3.287% < 1.000% after 2.0 bps cost,-0.012870584,-0.032870583,0.4989158716392021,-0.24649327,18448.0
ret_15m_bin == 4.0 AND ret_60m_bin == 4.0,double,SHORT,fwd_ret_60m,10.249353852460505,0.0,0.039779764,0.5190778559578971,0.6443383,0.6127436,1.1349922,0.7104818827989158,52443,0.039779764,0.8888111,,,ret_15m_bin,4.0,ret_60m_bin,4.0,0.043749012512252855,bull_high_vol,False,False,"(False, 'PASS')",False,PASS,0.13595334860354985,True,True,True,False,,,,,,,
ret_15m_turned_positive_bin == True AND ret_30m_bin == 4.0,double,SHORT,fwd_ret_60m,11.889463266086267,0.0,0.033575006,0.5099542408535924,0.60689956,0.56304127,1.1216856,0.6215059008014754,92222,0.033575006,0.85757303,,,ret_15m_turned_positive_bin,True,ret_30m_bin,4.0,0.04361390478071742,bull_high_vol,True,True,"(False, 'PASS')",False,PASS,0.055658540000527446,True,True,True,True,False,Net expectancy -1.316% < 1.000% after 2.0 bps cost,0.0068414323,-0.013158567,0.5067837190742218,0.12938581,18795.0
vwap_cross_up_bin == True AND ret_5m_bin == 4.0,double,SHORT,fwd_ret_60m,11.649540602355462,0.0,0.035187177,0.508890742651417,0.63041306,0.5815899,1.123194,0.6126826379994668,91106,0.035187177,0.91169405,,,vwap_cross_up_bin,True,ret_5m_bin,4.0,0.04203927145937289,bull_high_vol,True,True,"(False, 'PASS')",False,PASS,0.06965325890341229,True,True,True,True,False,Net expectancy -3.299% < 1.000% after 2.0 bps cost,-0.012989337,-0.032989338,0.5039018952062431,-0.25827932,17043.0
ret_30m_bin == 4.0,single,SHORT,fwd_ret_60m,11.935228604208291,0.0,0.03138588,0.5076383574383168,0.6005758,0.5554645,1.1147609,0.5896986889088859,103229,0.03138588,0.8448983,ret_30m_bin,4.0,,,,,0.04135248299266263,bull_high_vol,False,False,"(False, 'PASS')",False,PASS,0.029135514512997507,True,True,True,False,,,,,,,
ret_30m_turned_positive_bin == True AND ret_30m_bin == 4.0,double,SHORT,fwd_ret_60m,11.935228604208291,0.0,0.03138588,0.5076383574383168,0.6005758,0.5554645,1.1147609,0.5896986889088859,103229,0.03138588,0.8448983,,,ret_30m_turned_positive_bin,True,ret_30m_bin,4.0,0.04135248299266263,bull_high_vol,True,True,"(False, 'PASS')",False,PASS,0.029135514512997507,True,True,True,True,False,Net expectancy -0.821% < 1.000% after 2.0 bps cost,0.011789765,-0.008210234,0.510882126348228,0.22614422,20768.0
vwap_cross_up_bin == True AND ret_15m_bin == 4.0,double,SHORT,fwd_ret_60m,11.82205999119937,0.0,0.033053778,0.5098072286765946,0.6231822,0.5806878,1.1161213,0.5911235394045401,100793,0.033053778,0.8876528,,,vwap_cross_up_bin,True,ret_15m_bin,4.0,0.041234777876534436,bull_high_vol,True,True,"(False, 'PASS')",False,PASS,0.05015223847253575,True,True,True,True,False,Net expectancy -3.436% < 1.000% after 2.0 bps cost,-0.014357599,-0.0343576,0.498929762556623,-0.27783626,20089.0
ret_5m_bin == 4.0 AND price_vs_vwap_pct_bin == 4,double,SHORT,fwd_ret_60m,10.113989160630315,0.0,0.03954134,0.5145802227059311,0.6553467,0.61325705,1.1328285,0.6809705524865032,55589,0.03954134,0.92177165,,,ret_5m_bin,4.0,price_vs_vwap_pct_bin,4,0.04101948125966938,bull_high_vol,False,False,"(False, 'PASS')",False,PASS,0.12457385905569912,True,True,True,False,,,,,,,
vwap_cross_up_bin == True AND ret_60m_bin == 4.0,double,SHORT,fwd_ret_60m,11.429403055666501,0.0,0.031228224,0.513565290574061,0.58342206,0.5517639,1.1163508,0.6037683039862309,90304,0.031228224,0.8210644,,,vwap_cross_up_bin,True,ret_60m_bin,4.0,0.04101812272198139,bull_high_vol,True,True,"(False, 'PASS')",False,PASS,0.039412819303725366,True,True,True,True,False,Net expectancy -0.649% < 1.000% after 2.0 bps cost,0.013505686,-0.0064943135,0.5067097551624035,0.26788452,18257.0
ret_60m_turned_positive_bin == True AND ret_15m_bin == 4.0,double,SHORT,fwd_ret_60m,11.202661127895606,0.0,0.033996988,0.5123419340256712,0.62447774,0.5863722,1.1188918,0.613365080712169,84063,0.033996988,0.87987643,,,ret_60m_turned_positive_bin,True,ret_15m_bin,4.0,0.04074613386244973,bull_high_vol,True,True,"(False, 'PASS')",False,PASS,0.06465374893026771,True,True,True,True,False,Net expectancy -3.959% < 1.000% after 2.0 bps cost,-0.019593518,-0.039593518,0.49521804511278195,-0.36751682,16625.0
ret_15m_bin == 2.0 AND session_range_pct_bin == 0,double,SHORT,fwd_ret_60m,12.875073550331544,0.0,0.09087613,0.5006362058993638,0.6475259,0.46719202,1.3895268,1.554363101688881,17290,0.09087613,0.92810607,,,ret_15m_bin,2.0,session_range_pct_bin,0,0.0400991990321026,bull_high_vol,False,False,"(False, 'PASS')",False,PASS,0.6372152851414895,True,True,True,False,,,,,,,
ret_15m_turned_positive_bin == True AND ret_5m_bin == 4.0,double,SHORT,fwd_ret_60m,11.271351245200488,0.0,0.034759793,0.5080216943910676,0.6320467,0.58200455,1.1213963,0.603338140356058,87949,0.034759793,0.9145694,,,ret_15m_turned_positive_bin,True,ret_5m_bin,4.0,0.03998575312391677,bull_high_vol,True,True,"(False, 'PASS')",False,PASS,0.06364132308780307,True,True,True,True,False,Net expectancy -3.517% < 1.000% after 2.0 bps cost,-0.0151743805,-0.03517438,0.5013365013365013,-0.30107975,16835.0
session_range_pct_bin == 0 AND rvol_bin == 3,double,SHORT,fwd_ret_60m,12.25434410391661,0.0,0.11937698,0.4886803625928119,0.8158577,0.5462662,1.4273896,1.3129355679373675,21953,0.11937698,1.4433693,,,session_range_pct_bin,0,rvol_bin,3,0.03995475785217629,bull_high_vol,False,False,"(True, 'Expectancy too high (11.938% > 10.000%)')",True,Expectancy too high (11.938% > 10.000%),0.8937697976827621,False,True,True,False,,,,,,,
ret_15m_bin == 3.0 AND session_range_pct_bin == 0,double,SHORT,fwd_ret_60m,14.478748059487161,0.0,0.14310452,0.53483228897899,0.7335726,0.5357934,1.5741777,2.2063599988321125,10852,0.14310452,1.0296206,,,ret_15m_bin,3.0,session_range_pct_bin,0,0.03890493228577013,bull_high_vol,False,False,"(True, 'Expectancy too high (14.310% > 10.000%)')",True,Expectancy too high (14.310% > 10.000%),1.553889811577375,False,True,True,False,,,,,,,
ret_60m_bin == 2.0 AND session_range_pct_bin == 0,double,SHORT,fwd_ret_60m,13.346402745575352,0.0,0.11812505,0.5067084730931894,0.72802055,0.5083589,1.4710509,1.8091827161884995,13714,0.11812505,1.0364774,,,ret_60m_bin,2.0,session_range_pct_bin,0,0.03884053658666661,bull_high_vol,False,False,"(True, 'Expectancy too high (11.813% > 10.000%)')",True,Expectancy too high (11.813% > 10.000%),1.0492588168805737,False,True,True,False,,,,,,,
ret_15m_turned_positive_bin == True AND ret_60m_bin == 4.0,double,SHORT,fwd_ret_60m,10.904912916173839,0.0,0.03132775,0.5140097542316152,0.58990127,0.5594501,1.1152232,0.5985134359612733,83656,0.03132775,0.830913,,,ret_15m_turned_positive_bin,True,ret_60m_bin,4.0,0.03882877811387362,bull_high_vol,True,True,"(False, 'PASS')",False,PASS,0.04129701380142242,True,True,True,True,False,Net expectancy -0.770% < 1.000% after 2.0 bps cost,0.012304638,-0.007695362,0.505336832895888,0.23930195,17145.0
vwap_cross_up_bin == True AND ret_30m_bin == 4.0,double,SHORT,fwd_ret_60m,11.40508502511519,0.0,0.030357253,0.5075559358118528,0.5992386,0.55598164,1.1108779,0.5710564711078351,100517,0.030357253,0.84388584,,,vwap_cross_up_bin,True,ret_30m_bin,4.0,0.03826024557440925,bull_high_vol,True,True,"(False, 'PASS')",False,PASS,0.018684399687956488,True,True,True,True,False,Net expectancy -1.116% < 1.000% after 2.0 bps cost,0.008838443,-0.0111615565,0.5094860296654019,0.16940682,20293.0
ret_5m_bin == 4.0,single,SHORT,fwd_ret_60m,11.334907875427577,0.0,0.032340717,0.5058921499327026,0.6318915,0.5815092,1.1125567,0.5599185802490528,103273,0.032340717,0.9169065,ret_5m_bin,4.0,,,,,0.03716097258785671,bull_high_vol,False,False,"(False, 'PASS')",False,PASS,0.035191465571562885,True,True,True,False,,,,,,,
ret_5m_turned_positive_bin == True AND ret_5m_bin == 4.0,double,SHORT,fwd_ret_60m,11.334907875427577,0.0,0.032340717,0.5058921499327026,0.6318915,0.5815092,1.1125567,0.5599185802490528,103273,0.032340717,0.9169065,,,ret_5m_turned_positive_bin,True,ret_5m_bin,4.0,0.03716097258785671,bull_high_vol,True,True,"(False, 'PASS')",False,PASS,0.035191465571562885,True,True,True,True,False,Net expectancy -3.422% < 1.000% after 2.0 bps cost,-0.014218933,-0.034218933,0.49935872138910814,-0.28394675,20272.0
ret_15m_turned_positive_bin == True AND ret_15m_bin == 4.0,double,SHORT,fwd_ret_60m,11.24063844716782,0.0,0.031225082,0.5080768560305254,0.624596,0.5816309,1.1091337,0.5553022160342379,103258,0.031225082,0.8926361,,,ret_15m_turned_positive_bin,True,ret_15m_bin,4.0,0.036705915078717,bull_high_vol,True,True,"(False, 'PASS')",False,PASS,0.028404527392986767,True,True,True,True,False,Net expectancy -3.141% < 1.000% after 2.0 bps cost,-0.011408006,-0.031408004,0.4997127812350407,-0.22129932,20890.0
ret_15m_bin == 4.0,single,SHORT,fwd_ret_60m,11.24063844716782,0.0,0.031225082,0.5080768560305254,0.624596,0.5816309,1.1091337,0.5553022160342379,103258,0.031225082,0.8926361,ret_15m_bin,4.0,,,,,0.036705915078717,bull_high_vol,False,False,"(False, 'PASS')",False,PASS,0.028404527392986767,True,True,True,False,,,,,,,
ret_30m_bin == 2.0 AND session_range_pct_bin == 0,double,SHORT,fwd_ret_60m,12.588832860658803,0.0,0.093142554,0.5027269810715431,0.66714036,0.48715073,1.3844943,1.600782571148569,15585,0.093142554,0.9236684,,,ret_30m_bin,2.0,session_range_pct_bin,0,0.03654879548075845,bull_high_vol,False,False,"(False, 'PASS')",False,PASS,0.6872707893566987,True,True,True,False,,,,,,,
ret_60m_turned_positive_bin == True AND ret_30m_bin == 4.0,double,SHORT,fwd_ret_60m,10.909126062394895,0.0,0.030087974,0.5088768077470323,0.60045236,0.56089455,1.1092248,0.5643070890243495,94178,0.030087974,0.846404,,,ret_60m_turned_positive_bin,True,ret_30m_bin,4.0,0.036258044873881665,bull_high_vol,True,True,"(False, 'PASS')",False,PASS,0.01863335471897526,True,True,True,True,False,Net expectancy -1.075% < 1.000% after 2.0 bps cost,0.009247269,-0.010752731,0.5078341505009593,0.17554466,18764.0
ret_15m_bin == 4.0 AND price_vs_vwap_pct_bin == 4,double,SHORT,fwd_ret_60m,10.24168857473911,0.0,0.032541957,0.5109007602839736,0.6319932,0.59362966,1.1120808,0.5768212787785147,79444,0.032541957,0.8955764,,,ret_15m_bin,4.0,price_vs_vwap_pct_bin,4,0.03493298081312192,bull_high_vol,False,False,"(False, 'PASS')",False,PASS,0.047221088093333974,True,True,True,False,,,,,,,
ret_5m_turned_positive_bin == True AND price_vs_vwap_pct_bin == 4,double,SHORT,fwd_ret_60m,10.271370748592876,0.0,0.031114848,0.5096648171893537,0.61518496,0.57598007,1.110171,0.5644471849330489,83447,0.031114848,0.87507373,,,ret_5m_turned_positive_bin,True,price_vs_vwap_pct_bin,4,0.03419972620236652,bull_high_vol,True,True,"(False, 'PASS')",False,PASS,0.030478117684877015,True,True,True,True,False,Net expectancy -2.292% < 1.000% after 2.0 bps cost,-0.0029236018,-0.022923602,0.500207112846914,-0.058592886,16899.0
ret_30m_bin == 4.0 AND price_vs_vwap_pct_bin == 4,double,SHORT,fwd_ret_60m,9.998706765216838,0.0,0.03079764,0.5096224970477167,0.6154263,0.57677495,1.108888,0.5717845677004512,77059,0.03079764,0.85503775,,,ret_30m_bin,4.0,price_vs_vwap_pct_bin,4,0.03372182812998959,bull_high_vol,False,False,"(False, 'PASS')",False,PASS,0.027221392712462544,True,True,True,False,,,,,,,
ret_5m_bin == 4.0 AND ret_60m_bin == 4.0,double,SHORT,fwd_ret_60m,9.377981948469985,0.0,0.043225426,0.5218670935095782,0.6572965,0.62701386,1.1441828,0.7564208629136553,38734,0.043225426,0.90714365,,,ret_5m_bin,4.0,ret_60m_bin,4.0,0.03319261018827476,bull_high_vol,False,False,"(False, 'PASS')",False,PASS,0.17598844928769958,True,True,True,False,,,,,,,
ret_60m_bin == 4.0 AND rel_strength_60m_bin == 4.0,double,SHORT,fwd_ret_60m,9.702381602728748,0.0,0.029394584,0.5179009049711806,0.58378106,0.56616193,1.1076937,0.5698955497132893,73041,0.029394584,0.8187896,,,ret_60m_bin,4.0,rel_strength_60m_bin,4.0,0.03314412397848645,bull_high_vol,False,False,"(False, 'PASS')",False,PASS,0.03580180994236115,True,True,True,False,,,,,,,
ret_5m_turned_positive_bin == True AND ret_30m_turned_positive_bin == True,double,SHORT,fwd_ret_60m,12.503198516065563,0.0,0.022999192,0.5015472796841415,0.5509438,0.50822306,1.0907892,0.4474166571799297,196797,0.022999192,0.8160198,,,ret_5m_turned_positive_bin,True,ret_30m_turned_positive_bin,True,0.03247367291808014,bull_high_vol,True,True,"(False, 'PASS')",False,PASS,0.0030945593682829564,True,True,True,True,False,Net expectancy -2.888% < 1.000% after 2.0 bps cost,-0.00888356,-0.02888356,0.49319068879341815,-0.1953811,35613.0
session_range_pct_bin == 0 AND price_vs_vwap_pct_bin == 2,double,SHORT,fwd_ret_60m,11.647587442572918,0.0,0.08689982,0.5062460567823344,0.65047044,0.4909293,1.3585002,1.4686611888722074,15850,0.08689982,0.9392853,,,session_range_pct_bin,0,price_vs_vwap_pct_bin,2,0.03177347907363859,bull_high_vol,False,False,"(False, 'PASS')",False,PASS,0.5814902834636555,True,True,True,False,,,,,,,
ret_60m_bin == 4.0 AND price_vs_vwap_pct_bin == 4,double,SHORT,fwd_ret_60m,8.899638442882997,0.0,0.031390198,0.5150293502462722,0.6217974,0.59561074,1.1086715,0.5802349707707798,59284,0.031390198,0.85879683,,,ret_60m_bin,4.0,price_vs_vwap_pct_bin,4,0.030781834593256282,bull_high_vol,False,False,"(False, 'PASS')",False,PASS,0.0439606762434675,True,True,True,False,,,,,,,
ret_5m_turned_positive_bin == True AND ret_60m_turned_positive_bin == True,double,SHORT,fwd_ret_60m,11.894554011450879,0.0,0.022981737,0.501730638652586,0.5530484,0.51076704,1.0903016,0.44364219900318974,181147,0.022981737,0.8223378,,,ret_5m_turned_positive_bin,True,ret_60m_turned_positive_bin,True,0.03064346644875968,bull_high_vol,True,True,"(False, 'PASS')",False,PASS,0.0034612773051720946,True,True,True,True,False,Net expectancy -3.028% < 1.000% after 2.0 bps cost,-0.01028494,-0.03028494,0.4958452150982737,-0.22036122,32613.0
ret_30m_bin == 4.0 AND rel_strength_60m_bin == 4.0,double,SHORT,fwd_ret_60m,8.555433964934156,0.0,0.03115248,0.518934132612033,0.6133177,0.59683925,1.1085004,0.5806108464971174,54716,0.03115248,0.8517414,,,ret_30m_bin,4.0,rel_strength_60m_bin,4.0,0.029834975317610164,bull_high_vol,False,False,"(False, 'PASS')",False,PASS,0.04939305872973471,True,True,True,False,,,,,,,
ret_15m_bin == 4.0 AND is_power_hour_bin == True,double,SHORT,fwd_ret_60m,12.881140744470496,0.0,0.22342858,0.4996003996003996,1.4617077,1.0128728,1.4408256,2.0437959944028155,10010,0.22342858,1.7354074,,,ret_15m_bin,4.0,is_power_hour_bin,True,0.029823418918100437,bull_high_vol,False,False,"(True, 'Expectancy too high (22.343% > 10.000%)')",True,Expectancy too high (22.343% > 10.000%),2.206183769048179,False,True,True,False,,,,,,,
ret_60m_turned_positive_bin == True AND session_range_pct_bin == 1,double,SHORT,fwd_ret_60m,8.777190046267565,0.0,0.035548937,0.49512801559035013,0.5801831,0.49857384,1.1412264,0.659445753438662,44643,0.035548937,0.85575175,,,ret_60m_turned_positive_bin,True,session_range_pct_bin,1,0.029615679597708635,bull_high_vol,True,True,"(False, 'PASS')",False,PASS,0.0554893657565117,True,True,True,True,False,Net expectancy -2.293% < 1.000% after 2.0 bps cost,-0.0029251634,-0.022925163,0.5130089666323681,-0.06048546,6803.0
ret_15m_turned_positive_bin == True AND price_vs_vwap_pct_bin == 4,double,SHORT,fwd_ret_60m,9.976765360357069,0.0,0.027485982,0.5081376707185908,0.60890263,0.5731693,1.0974956,0.5044903938844936,98554,0.027485982,0.8648855,,,ret_15m_turned_positive_bin,True,price_vs_vwap_pct_bin,4,0.029601267630587166,bull_high_vol,True,True,"(False, 'PASS')",False,PASS,0.01627534143718168,True,True,True,True,False,Net expectancy -2.391% < 1.000% after 2.0 bps cost,-0.003913374,-0.023913374,0.49985149985149985,-0.07947064,20202.0
vwap_cross_up_bin == True AND price_vs_vwap_pct_bin == 4,double,SHORT,fwd_ret_60m,10.061311713972131,0.0,0.026898794,0.5074502589921092,0.6063652,0.57009757,1.095793,0.4969769598211022,103285,0.026898794,0.85920507,,,vwap_cross_up_bin,True,price_vs_vwap_pct_bin,4,0.029367744647386392,bull_high_vol,True,True,"(False, 'PASS')",False,PASS,0.01490051798421832,True,True,True,True,False,Net expectancy -2.248% < 1.000% after 2.0 bps cost,-0.0024821816,-0.022482181,0.5008093696438773,-0.050547212,21004.0
price_vs_vwap_pct_bin == 4,single,SHORT,fwd_ret_60m,10.061311713972131,0.0,0.026898794,0.5074502589921092,0.6063652,0.57009757,1.095793,0.4969769598211022,103285,0.026898794,0.85920507,price_vs_vwap_pct_bin,4,,,,,0.029367744647386392,bull_high_vol,False,False,"(False, 'PASS')",False,PASS,0.01490051798421832,True,True,True,False,,,,,,,
ret_30m_turned_positive_bin == True AND price_vs_vwap_pct_bin == 4,double,SHORT,fwd_ret_60m,9.891298888676149,0.0,0.026504723,0.5070400031954625,0.6029554,0.56641066,1.0949248,0.49618712404373205,100142,0.026504723,0.8479653,,,ret_30m_turned_positive_bin,True,price_vs_vwap_pct_bin,4,0.028802308488935908,bull_high_vol,True,True,"(False, 'PASS')",False,PASS,0.014080006390924993,True,True,True,True,False,Net expectancy -2.129% < 1.000% after 2.0 bps cost,-0.0012876588,-0.02128766,0.5002948402948403,-0.026253624,20350.0
ret_5m_turned_positive_bin == True AND is_power_hour_bin == True,double,SHORT,fwd_ret_60m,8.66249107783835,0.0,0.06255627,0.4700326518089979,1.1857202,0.9335876,1.1264348,0.6437297009640601,45633,0.06255627,1.5426505,,,ret_5m_turned_positive_bin,True,is_power_hour_bin,True,0.02768660152017993,bull_high_vol,True,True,"(False, 'PASS')",False,PASS,0.3255626678466797,True,True,True,True,False,Net expectancy -14.327% < 1.000% after 2.0 bps cost,-0.12327059,-0.1432706,0.436542953542694,-1.2402519,3853.0
rel_strength_60m_bin == 2.0 AND session_range_pct_bin == 0,double,SHORT,fwd_ret_60m,10.519865571836808,0.0,0.07427459,0.5008095583719502,0.6311677,0.48442486,1.3071477,1.2478159854066342,17911,0.07427459,0.94490904,,,rel_strength_60m_bin,2.0,session_range_pct_bin,0,0.027256458826633287,bull_high_vol,False,False,"(False, 'PASS')",False,PASS,0.4443650377596398,True,True,True,False,,,,,,,
ret_5m_bin == 4.0 AND rel_strength_60m_bin == 4.0,double,SHORT,fwd_ret_60m,8.63711316954507,0.0,0.04153712,0.5251285309918549,0.64271086,0.6232606,1.140343,0.7368732553438461,34622,0.04153712,0.89483684,,,ret_5m_bin,4.0,rel_strength_60m_bin,4.0,0.026785232733246928,bull_high_vol,False,False,"(False, 'PASS')",False,PASS,0.1656282713667206,True,True,True,False,,,,,,,
rel_strength_60m_bin == 0.0 AND session_range_pct_bin == 0,double,SHORT,fwd_ret_60m,8.589095316314241,0.0,0.046251953,0.4741558350640562,0.6690412,0.51531965,1.1706854,0.658653611312436,42853,0.046251953,1.1147392,,,rel_strength_60m_bin,0.0,session_range_pct_bin,0,0.026608664835336384,bull_high_vol,False,False,"(False, 'PASS')",False,PASS,0.16251952648162843,True,True,True,False,,,,,,,
ret_5m_bin == 4.0 AND is_power_hour_bin == True,double,SHORT,fwd_ret_60m,11.490192573347299,0.0,0.18370247,0.4907438292194797,1.4211491,1.008761,1.357594,1.6656424233158544,11992,0.18370247,1.7507877,,,ret_5m_bin,4.0,is_power_hour_bin,True,0.026071847155129405,bull_high_vol,False,False,"(True, 'Expectancy too high (18.370% > 10.000%)')",True,Expectancy too high (18.370% > 10.000%),1.6198459003786303,False,True,True,False,,,,,,,
ret_5m_turned_positive_bin == True AND price_vs_vwap_pct_bin == 3,double,SHORT,fwd_ret_60m,8.894628404542273,0.0,0.025152419,0.5014640179720827,0.52363837,0.4762613,1.1059346,0.5016170380331263,79234,0.025152419,0.7959902,,,ret_5m_turned_positive_bin,True,price_vs_vwap_pct_bin,3,0.025895608589888455,bull_high_vol,True,True,"(False, 'PASS')",False,PASS,0.0029280359441654635,True,True,True,True,False,Net expectancy -3.689% < 1.000% after 2.0 bps cost,-0.01688856,-0.036888562,0.4912110829733353,-0.38654092,13426.0
session_range_pct_bin == 0 AND atr_14_bin == 4,double,SHORT,fwd_ret_60m,9.798676113383598,0.0,0.091182835,0.4964529205822738,0.81208074,0.61955875,1.2922742,1.0557419516822275,21708,0.091182835,1.3710573,,,session_range_pct_bin,0,atr_14_bin,4,0.0258071067371121,bull_high_vol,False,False,"(False, 'PASS')",False,PASS,0.6118283540010452,True,True,True,False,,,,,,,
ret_15m_bin == 4.0 AND rel_strength_60m_bin == 4.0,double,SHORT,fwd_ret_60m,7.892320165441076,3.1086244689504383e-15,0.032667767,0.5215184236891907,0.6314688,0.6199922,1.1101204,0.5911657633297454,44915,0.032667767,0.8772239,,,ret_15m_bin,4.0,rel_strength_60m_bin,4.0,0.025298296709136765,bull_high_vol,False,False,"(False, 'PASS')",False,PASS,0.0697145199433647,True,True,True,False,,,,,,,
ret_60m_turned_positive_bin == True AND price_vs_vwap_pct_bin == 4,double,SHORT,fwd_ret_60m,8.986496889711875,0.0,0.02539442,0.5087809341039431,0.6018283,0.57164794,1.0904344,0.4765118393667543,89626,0.02539442,0.8459893,,,ret_60m_turned_positive_bin,True,price_vs_vwap_pct_bin,4,0.025216291120019805,bull_high_vol,True,True,"(False, 'PASS')",False,PASS,0.01756186820788619,True,True,True,True,False,Net expectancy -2.145% < 1.000% after 2.0 bps cost,-0.0014542197,-0.021454219,0.4992211838006231,-0.029481685,17976.0
ret_5m_turned_positive_bin == True AND session_range_pct_bin == 1,double,SHORT,fwd_ret_60m,8.169566724270922,4.440892098500626e-16,0.028959371,0.4927281889107053,0.5581712,0.48507985,1.1176888,0.540596048672705,57551,0.028959371,0.85038686,,,ret_5m_turned_positive_bin,True,session_range_pct_bin,1,0.02518636875786343,bull_high_vol,True,True,"(False, 'PASS')",False,PASS,0.0,True,True,True,True,False,Net expectancy -4.254% < 1.000% after 2.0 bps cost,-0.022537818,-0.042537816,0.48464619492656874,-0.5059486,10486.0
ret_5m_turned_positive_bin == True AND atr_14_bin == 2,double,SHORT,fwd_ret_60m,8.131077086145437,4.440892098500626e-16,0.02745988,0.49699321373379024,0.5481562,0.4870114,1.1120949,0.529021252548633,59532,0.02745988,0.8239973,,,ret_5m_turned_positive_bin,True,atr_14_bin,2,0.024743316705758366,bull_high_vol,True,True,"(False, 'PASS')",False,PASS,0.0,True,True,True,True,False,Net expectancy -3.243% < 1.000% after 2.0 bps cost,-0.012427906,-0.032427907,0.4883786848072562,-0.27988777,10584.0
ret_15m_turned_positive_bin == True AND atr_14_bin == 2,double,SHORT,fwd_ret_60m,8.187906043121199,2.220446049250313e-16,0.02693734,0.498311540739081,0.5433366,0.485986,1.1104833,0.5199866335719971,62483,0.02693734,0.8223615,,,ret_15m_turned_positive_bin,True,atr_14_bin,2,0.02455569516972919,bull_high_vol,True,True,"(False, 'PASS')",False,PASS,0.0,True,True,True,True,False,Net expectancy -3.762% < 1.000% after 2.0 bps cost,-0.017616197,-0.037616197,0.4903345396769353,-0.39762142,11329.0
ret_30m_turned_positive_bin == True AND atr_14_bin == 3,double,SHORT,fwd_ret_60m,8.053497616533619,8.881784197001252e-16,0.028142018,0.49558638083228246,0.5871387,0.52107227,1.1070707,0.5242248157116188,59475,0.028142018,0.85219294,,,ret_30m_turned_positive_bin,True,atr_14_bin,3,0.02421629679862994,bull_high_vol,True,True,"(False, 'PASS')",False,PASS,0.0,True,True,True,True,False,Net expectancy -2.537% < 1.000% after 2.0 bps cost,-0.0053745164,-0.025374517,0.5096562721474132,-0.114767544,11288.0
ret_60m_turned_positive_bin == True AND price_vs_vwap_pct_bin == 3,double,SHORT,fwd_ret_60m,8.392781031123624,0.0,0.024211453,0.5002557474045094,0.51591897,0.46799934,1.1035209,0.495365679459608,72337,0.024211453,0.7758812,,,ret_60m_turned_positive_bin,True,price_vs_vwap_pct_bin,3,0.024071887821157975,bull_high_vol,True,True,"(False, 'PASS')",False,PASS,0.0005114948090187976,True,True,True,True,False,Net expectancy -4.528% < 1.000% after 2.0 bps cost,-0.025284471,-0.045284472,0.4912454575487281,-0.534412,12108.0
ret_5m_turned_positive_bin == True AND rel_strength_60m_bin == 4.0,double,SHORT,fwd_ret_60m,8.048114483795931,8.881784197001252e-16,0.024728922,0.5145792675926989,0.5628697,0.5457372,1.0933475,0.4839666389457744,69688,0.024728922,0.8111292,,,ret_5m_turned_positive_bin,True,rel_strength_60m_bin,4.0,0.023197870154515174,bull_high_vol,True,True,"(False, 'PASS')",False,PASS,0.029158535185397794,True,True,True,True,False,Net expectancy -0.160% < 1.000% after 2.0 bps cost,0.01839716,-0.0016028397,0.5084039174166225,0.38036883,15112.0
ret_30m_turned_positive_bin == True AND atr_14_bin == 2,double,SHORT,fwd_ret_60m,7.8075353722770275,5.995204332975845e-15,0.026300624,0.49955458096347566,0.53807086,0.48455864,1.1084583,0.5129936064299039,58372,0.026300624,0.81386876,,,ret_30m_turned_positive_bin,True,atr_14_bin,2,0.02315768361858912,bull_high_vol,True,True,"(False, 'PASS')",False,PASS,0.0,True,True,True,True,False,Net expectancy -2.965% < 1.000% after 2.0 bps cost,-0.009650498,-0.029650498,0.4956168681369383,-0.22310032,10837.0
ret_15m_turned_positive_bin == True AND price_vs_vwap_pct_bin == 3,double,SHORT,fwd_ret_60m,8.818593955106373,0.0,0.022183878,0.49997919916796674,0.5151,0.47069123,1.094257,0.4514659256934051,96150,0.022183878,0.78003263,,,ret_15m_turned_positive_bin,True,price_vs_vwap_pct_bin,3,0.023038941289192143,bull_high_vol,True,True,"(False, 'PASS')",False,PASS,0.0,True,True,True,True,False,Net expectancy -3.909% < 1.000% after 2.0 bps cost,-0.019089896,-0.039089896,0.4886144578313253,-0.43115267,16600.0
ret_5m_turned_positive_bin == True AND ret_15m_turned_positive_bin == True,double,SHORT,fwd_ret_60m,10.856687092018507,0.0,0.018970868,0.49845846027920515,0.5489001,0.5077008,1.0745028,0.3675150343240242,219910,0.018970868,0.81943095,,,ret_5m_turned_positive_bin,True,ret_15m_turned_positive_bin,True,0.02301906397837635,bull_high_vol,True,True,"(False, 'PASS')",False,PASS,0.0,True,True,True,True,False,Net expectancy -3.432% < 1.000% after 2.0 bps cost,-0.014319179,-0.034319177,0.4855733478756631,-0.31434917,40342.0
ret_60m_turned_positive_bin == True AND atr_14_bin == 3,double,SHORT,fwd_ret_60m,7.766490653800302,8.215650382226158e-15,0.028196575,0.494302315497355,0.59318393,0.52405936,1.106396,0.5134599619959671,57655,0.028196575,0.8717461,,,ret_60m_turned_positive_bin,True,atr_14_bin,3,0.022814466137650008,bull_high_vol,True,True,"(False, 'PASS')",False,PASS,0.0,True,True,True,True,False,Net expectancy -1.653% < 1.000% after 2.0 bps cost,0.0034686648,-0.016531335,0.5160050071530758,0.07481566,11184.0
ret_5m_bin == 3.0 AND session_range_pct_bin == 0,double,SHORT,fwd_ret_60m,10.094740978963765,0.0,0.07914611,0.5000339097999322,0.65421224,0.49599797,1.3191606,1.3196934066333244,14745,0.07914611,0.9520435,,,ret_5m_bin,3.0,session_range_pct_bin,0,0.022736767134698705,bull_high_vol,False,False,"(False, 'PASS')",False,PASS,0.49152891481375455,True,True,True,False,,,,,,,
ret_5m_bin == 4.0 AND atr_14_bin == 2,double,SHORT,fwd_ret_60m,9.364264293846412,0.0,0.06268405,0.5097200211304808,0.6325463,0.5297738,1.2413361,1.0804349052749214,18930,0.06268405,0.92099804,,,ret_5m_bin,4.0,atr_14_bin,2,0.022598042887281372,bull_high_vol,False,False,"(False, 'PASS')",False,PASS,0.3462805591858196,True,True,True,False,,,,,,,
rel_strength_60m_bin == 1.0 AND is_power_hour_bin == True,double,SHORT,fwd_ret_60m,9.841507482367659,0.0,0.12507986,0.4805714968914395,1.2678765,0.93222725,1.2583092,1.2079247842260301,16728,0.12507986,1.6437954,,,rel_strength_60m_bin,1.0,is_power_hour_bin,True,0.022121766353718597,bull_high_vol,False,False,"(True, 'Expectancy too high (12.508% > 10.000%)')",True,Expectancy too high (12.508% > 10.000%),0.9507985532283783,False,True,True,False,,,,,,,
session_range_pct_bin == 0 AND atr_14_bin == 3,double,SHORT,fwd_ret_60m,9.190041298703347,0.0,0.059471935,0.4853897634084268,0.68505454,0.530589,1.2178088,1.001533528176611,21218,0.059471935,0.9426421,,,session_range_pct_bin,0,atr_14_bin,3,0.021942912284976628,bull_high_vol,False,False,"(False, 'PASS')",False,PASS,0.2947193503379822,True,True,True,False,,,,,,,
price_up_vol_weak_bin == True AND rel_strength_60m_bin == 4.0,double,SHORT,fwd_ret_60m,7.431475921138543,1.092459456231154e-13,0.024083309,0.5143382524091057,0.48321208,0.46215525,1.1072987,0.5691583459995504,42962,0.024083309,0.67171234,,,price_up_vol_weak_bin,True,rel_strength_60m_bin,4.0,0.02163504248939018,bull_high_vol,True,True,"(False, 'PASS')",False,PASS,0.02867650481821138,True,True,True,True,False,Net expectancy -0.749% < 1.000% after 2.0 bps cost,0.012511955,-0.007488045,0.5052311204108807,0.31680658,10514.0
vwap_cross_up_bin == True AND ret_5m_turned_positive_bin == True,double,SHORT,fwd_ret_60m,10.633214537677656,0.0,0.018192258,0.49872837478932613,0.5473364,0.5082672,1.0714037,0.3513503378598282,230807,0.018192258,0.8219521,,,vwap_cross_up_bin,True,ret_5m_turned_positive_bin,True,0.021565289228511603,bull_high_vol,True,True,"(False, 'PASS')",False,PASS,0.0,True,True,True,True,False,Net expectancy -3.360% < 1.000% after 2.0 bps cost,-0.013597348,-0.033597346,0.48888461168318736,-0.3022572,41564.0
rel_strength_60m_bin == 1.0 AND atr_14_bin == 2,double,SHORT,fwd_ret_60m,8.859383517768938,0.0,0.05039433,0.49760315398055643,0.5720272,0.4662612,1.2151324,0.9413409573104173,22321,0.05039433,0.84983575,,,rel_strength_60m_bin,1.0,atr_14_bin,2,0.021441910680526952,bull_high_vol,False,False,"(False, 'PASS')",False,PASS,0.2039433017373085,True,True,True,False,,,,,,,
vwap_cross_up_bin == True AND atr_14_bin == 2,double,SHORT,fwd_ret_60m,7.671437542310949,1.7319479184152442e-14,0.024953682,0.49873628357482613,0.5407212,0.48821324,1.1019667,0.4825073114915843,63701,0.024953682,0.82097703,,,vwap_cross_up_bin,True,atr_14_bin,2,0.021366720767842965,bull_high_vol,True,True,"(False, 'PASS')",False,PASS,0.0,True,True,True,True,False,Net expectancy -2.502% < 1.000% after 2.0 bps cost,-0.005024042,-0.025024042,0.4986574274577739,-0.116662055,11545.0
ret_5m_bin == 0.0 AND session_range_pct_bin == 0,double,SHORT,fwd_ret_60m,7.784927908798979,7.105427357601002e-15,0.045610428,0.48302920188535164,0.67473817,0.54221207,1.1627154,0.634153740514974,37977,0.045610428,1.141747,,,ret_5m_bin,0.0,session_range_pct_bin,0,0.020963290303405237,bull_high_vol,False,False,"(False, 'PASS')",False,PASS,0.15610427856445314,True,True,True,False,,,,,,,
ret_15m_turned_positive_bin == True AND ret_30m_turned_positive_bin == True,double,SHORT,fwd_ret_60m,10.534777939786295,0.0,0.017565582,0.4995871810179481,0.5444938,0.50849324,1.0690317,0.3441146709906797,236181,0.017565582,0.81032574,,,ret_15m_turned_positive_bin,True,ret_30m_turned_positive_bin,True,0.020961681512576196,bull_high_vol,True,True,"(False, 'PASS')",False,PASS,0.0,True,True,True,True,False,Net expectancy -3.303% < 1.000% after 2.0 bps cost,-0.013025869,-0.03302587,0.4917251116820591,-0.283123,43203.0
vwap_cross_up_bin == True AND rel_strength_60m_bin == 1.0,double,SHORT,fwd_ret_60m,7.298896857446539,2.942091015256665e-13,0.025671316,0.4913212558095419,0.5342166,0.46552098,1.108409,0.5046501233270421,52715,0.025671316,0.8075288,,,vwap_cross_up_bin,True,rel_strength_60m_bin,1.0,0.020945919062691994,bull_high_vol,True,True,"(False, 'PASS')",False,PASS,0.0,True,True,True,True,False,Net expectancy -6.142% < 1.000% after 2.0 bps cost,-0.04142241,-0.06142241,0.47975114450052825,-1.088963,8519.0
ret_60m_bin == 2.0 AND rel_strength_60m_bin == 1.0,double,SHORT,fwd_ret_60m,8.431762451397011,0.0,0.0442019,0.4970746075939152,0.5477745,0.45351237,1.1937975,0.8502402957824772,24783,0.0442019,0.82527655,,,ret_60m_bin,2.0,rel_strength_60m_bin,1.0,0.020443335446232818,bull_high_vol,False,False,"(False, 'PASS')",False,PASS,0.14201899319887162,True,True,True,False,,,,,,,
ret_30m_turned_positive_bin == True AND price_vs_vwap_pct_bin == 3,double,SHORT,fwd_ret_60m,8.175115425830775,2.220446049250313e-16,0.021080792,0.4985741656641269,0.51108617,0.4661379,1.0901916,0.43313541981078174,89772,0.021080792,0.7726156,,,ret_30m_turned_positive_bin,True,price_vs_vwap_pct_bin,3,0.020433069947728172,bull_high_vol,True,True,"(False, 'PASS')",False,PASS,0.0,True,True,True,True,False,Net expectancy -3.495% < 1.000% after 2.0 bps cost,-0.014946898,-0.034946896,0.49336801040312095,-0.3387867,15380.0
ret_30m_turned_positive_bin == True AND ret_60m_turned_positive_bin == True,double,SHORT,fwd_ret_60m,10.298907007711547,0.0,0.017373778,0.49989673189402495,0.54076165,0.50579786,1.0686843,0.3427208970674281,227563,0.017373778,0.804737,,,ret_30m_turned_positive_bin,True,ret_60m_turned_positive_bin,True,0.02042200027675043,bull_high_vol,True,True,"(False, 'PASS')",False,PASS,0.0,True,True,True,True,False,Net expectancy -2.880% < 1.000% after 2.0 bps cost,-0.008801958,-0.028801957,0.4940004416852747,-0.18976074,40753.0
ret_30m_turned_positive_bin == True AND rel_strength_60m_bin == 4.0,double,SHORT,fwd_ret_60m,7.949264743660973,1.7763568394002505e-15,0.021702262,0.5147965894144859,0.55543715,0.54458576,1.0821325,0.42491571076317863,88196,0.021702262,0.810779,,,ret_30m_turned_positive_bin,True,rel_strength_60m_bin,4.0,0.020125731224734933,bull_high_vol,True,True,"(False, 'PASS')",False,PASS,0.029593178828971833,True,True,True,True,False,Net expectancy 0.787% < 1.000% after 2.0 bps cost,0.027865142,0.007865142,0.514449968924798,0.59488994,19308.0
atr_14_bin == 3 AND is_power_hour_bin == True,double,SHORT,fwd_ret_60m,9.918021708095461,0.0,0.15591384,0.48710894513441283,1.4539841,1.0769049,1.2822813,1.3958784961510593,12722,0.15591384,1.7731167,,,atr_14_bin,3,is_power_hour_bin,True,0.01985959651523079,bull_high_vol,False,False,"(True, 'Expectancy too high (15.591% > 10.000%)')",True,Expectancy too high (15.591% > 10.000%),1.2591384470462799,False,True,False,False,,,,,,,
ret_5m_bin == 4.0 AND session_range_pct_bin == 1,double,SHORT,fwd_ret_60m,8.901978333292671,0.0,0.0652114,0.504979691759862,0.68425584,0.5662877,1.2326287,1.0540871759468,17973,0.0652114,0.98208094,,,ret_5m_bin,4.0,session_range_pct_bin,1,0.01971395691352971,bull_high_vol,False,False,"(False, 'PASS')",False,PASS,0.3620733874164373,True,True,False,False,,,,,,,
ret_60m_bin == 0.0 AND session_range_pct_bin == 0,double,SHORT,fwd_ret_60m,7.110474878254229,1.1719514247943152e-12,0.033875585,0.47469855305466235,0.63104737,0.5057699,1.1275045,0.5060095089974829,49760,0.033875585,1.0627433,,,ret_60m_bin,0.0,session_range_pct_bin,0,0.019673055511669084,bull_high_vol,False,False,"(False, 'PASS')",False,PASS,0.03875584602355958,True,True,False,False,,,,,,,
ret_60m_bin == 4.0 AND atr_14_bin == 3,double,SHORT,fwd_ret_60m,8.095594878857172,6.661338147750939e-16,0.040403046,0.5073250135648399,0.584342,0.5197103,1.1577947,0.8000596444362573,25802,0.040403046,0.80166334,,,ret_60m_bin,4.0,atr_14_bin,3,0.019625784762047446,bull_high_vol,False,False,"(False, 'PASS')",False,PASS,0.1186804842686951,True,True,False,False,,,,,,,
vwap_cross_up_bin == True AND price_vs_vwap_pct_bin == 3,double,SHORT,fwd_ret_60m,8.288230168436847,0.0,0.020068878,0.49908957074229043,0.5140108,0.47207746,1.0848691,0.4094692054189491,103248,0.020068878,0.77804035,,,vwap_cross_up_bin,True,price_vs_vwap_pct_bin,3,0.01960414026187539,bull_high_vol,True,True,"(False, 'PASS')",False,PASS,0.0,True,True,False,False,,,,,,,
price_vs_vwap_pct_bin == 3,single,SHORT,fwd_ret_60m,8.288230168436847,0.0,0.020068878,0.49908957074229043,0.5140108,0.47207746,1.0848691,0.4094692054189491,103248,0.020068878,0.77804035,price_vs_vwap_pct_bin,3,,,,,0.01960414026187539,bull_high_vol,False,False,"(False, 'PASS')",False,PASS,0.0,True,True,False,False,,,,,,,
session_range_pct_bin == 0 AND rvol_bin == 4,double,SHORT,fwd_ret_60m,8.531265928708908,0.0,0.06355698,0.4808348647939092,0.77156544,0.59217876,1.2067307,0.8958445004902317,22854,0.06355698,1.1262398,,,session_range_pct_bin,0,rvol_bin,4,0.019441086746453753,bull_high_vol,False,False,"(False, 'PASS')",False,PASS,0.335569766163826,True,True,False,False,,,,,,,
price_up_vol_weak_bin == True AND ret_30m_bin == 4.0,double,SHORT,fwd_ret_60m,7.127582325271172,1.0385026172343714e-12,0.02568099,0.5104648272433507,0.52854246,0.4986799,1.1051977,0.5641147750120697,40230,0.02568099,0.7226775,,,price_up_vol_weak_bin,True,ret_30m_bin,4.0,0.01911357063145834,bull_high_vol,True,True,"(False, 'PASS')",False,PASS,0.020929654486701477,True,True,False,False,,,,,,,
ret_15m_turned_positive_bin == True AND ret_60m_turned_positive_bin == True,double,SHORT,fwd_ret_60m,9.691484192687762,0.0,0.017160846,0.500202087444426,0.544937,0.5110422,1.0671873,0.3354793164832648,210305,0.017160846,0.8120321,,,ret_15m_turned_positive_bin,True,ret_60m_turned_positive_bin,True,0.018822954765353624,bull_high_vol,True,True,"(False, 'PASS')",False,PASS,0.0004041748888519159,True,True,False,False,,,,,,,
at_session_low_bin == True,single,SHORT,fwd_ret_60m,8.14670921609382,4.440892098500626e-16,0.06252574,0.4737002591858515,0.7252026,0.53392184,1.2225091,0.7984241474117777,26236,0.06252574,1.2431555,at_session_low_bin,True,,,,,0.018712567334946088,bull_high_vol,True,True,"(False, 'PASS')",False,PASS,0.32525741755962373,True,True,False,False,,,,,,,
at_session_low_bin == True AND session_range_pct_bin == 0,double,SHORT,fwd_ret_60m,8.14670921609382,4.440892098500626e-16,0.06252574,0.4737002591858515,0.7252026,0.53392184,1.2225091,0.7984241474117777,26236,0.06252574,1.2431555,,,at_session_low_bin,True,session_range_pct_bin,0,0.018712567334946088,bull_high_vol,True,True,"(False, 'PASS')",False,PASS,0.32525741755962373,True,True,False,False,,,,,,,
rel_strength_60m_bin == 1.0 AND session_range_pct_bin == 0,double,SHORT,fwd_ret_60m,7.937881846138487,1.9984014443252818e-15,0.04587662,0.4729758223221816,0.64803976,0.49453235,1.1760217,0.7469954656488448,28456,0.04587662,0.9749306,,,rel_strength_60m_bin,1.0,session_range_pct_bin,0,0.01847360452276865,bull_high_vol,False,False,"(False, 'PASS')",False,PASS,0.1587661847472191,True,True,False,False,,,,,,,
ret_15m_bin == 4.0 AND session_range_pct_bin == 1,double,SHORT,fwd_ret_60m,8.937113266277956,0.0,0.07264668,0.5143239625167336,0.70698917,0.5991129,1.2496666,1.1607060170449484,14940,0.07264668,0.9935593,,,ret_15m_bin,4.0,session_range_pct_bin,1,0.018451135885232228,bull_high_vol,False,False,"(False, 'PASS')",False,PASS,0.455114699973958,True,True,False,False,,,,,,,
rel_strength_60m_bin == 4.0 AND price_vs_vwap_pct_bin == 4,double,SHORT,fwd_ret_60m,6.561768411300362,5.369527045218092e-11,0.02516109,0.5177077664227692,0.61535025,0.6083667,1.0857538,0.46766211269005464,49611,0.02516109,0.854078,,,rel_strength_60m_bin,4.0,price_vs_vwap_pct_bin,4,0.018244501444996872,bull_high_vol,False,False,"(False, 'PASS')",False,PASS,0.03541553284553833,True,True,False,False,,,,,,,
ret_5m_turned_positive_bin == True AND rel_strength_60m_bin == 1.0,double,SHORT,fwd_ret_60m,6.81483855246382,9.53748191534487e-12,0.024413213,0.48859498518951755,0.5420106,0.47009796,1.1015481,0.46990018770596226,53003,0.024413213,0.8247448,,,ret_5m_turned_positive_bin,True,rel_strength_60m_bin,1.0,0.018109082731091734,bull_high_vol,True,True,"(False, 'PASS')",False,PASS,0.0,True,True,False,False,,,,,,,
ret_30m_turned_positive_bin == True AND session_range_pct_bin == 1,double,SHORT,fwd_ret_60m,6.720866198558084,1.8252510614047424e-11,0.02514674,0.4944151984304279,0.56243485,0.5002713,1.099422,0.4702301434352103,51479,0.02514674,0.8489292,,,ret_30m_turned_positive_bin,True,session_range_pct_bin,1,0.018084803113289517,bull_high_vol,True,True,"(False, 'PASS')",False,PASS,0.0,True,True,False,False,,,,,,,
ret_15m_bin == 4.0 AND atr_14_bin == 2,double,SHORT,fwd_ret_60m,8.45867503582619,0.0,0.059198525,0.5142743629036836,0.625311,0.5401874,1.225619,1.011607423429939,17619,0.059198525,0.9289646,,,ret_15m_bin,4.0,atr_14_bin,2,0.017947614466107764,bull_high_vol,False,False,"(False, 'PASS')",False,PASS,0.32053397383659915,True,True,False,False,,,,,,,
ret_30m_bin == 4.0 AND atr_14_bin == 4,double,SHORT,fwd_ret_60m,6.8196330753864425,9.25459708867038e-12,0.029688742,0.5147478124078262,0.6519483,0.6303943,1.0970536,0.5367220922408419,40684,0.029688742,0.87809724,,,ret_30m_bin,4.0,atr_14_bin,4,0.017743728707123686,bull_high_vol,False,False,"(False, 'PASS')",False,PASS,0.029495624815652377,True,True,False,False,,,,,,,
ret_30m_bin == 4.0 AND rvol_bin == 4,double,SHORT,fwd_ret_60m,7.636000951310463,2.3314683517128287e-14,0.04736984,0.5126424223505541,0.7085136,0.64807504,1.1499785,0.7571969788721913,25628,0.04736984,0.99310076,,,ret_30m_bin,4.0,rvol_bin,4,0.017584108589908484,bull_high_vol,False,False,"(False, 'PASS')",False,PASS,0.19898325956326418,True,True,False,False,,,,,,,
ret_30m_turned_positive_bin == True AND rel_strength_60m_bin == 1.0,double,SHORT,fwd_ret_60m,6.779707933118828,1.2190026765779294e-11,0.024956023,0.49018562927435827,0.5261957,0.45698506,1.1071178,0.5071440552230628,45036,0.024956023,0.78116775,,,ret_30m_turned_positive_bin,True,rel_strength_60m_bin,1.0,0.017570291335442915,bull_high_vol,True,True,"(False, 'PASS')",False,PASS,0.0,True,True,False,False,,,,,,,
ret_15m_turned_positive_bin == True AND rel_strength_60m_bin == 4.0,double,SHORT,fwd_ret_60m,7.27192607543089,3.574918139293004e-13,0.020834312,0.514864134440568,0.5589208,0.55022514,1.0780504,0.40460091694450573,81404,0.020834312,0.8174338,,,ret_15m_turned_positive_bin,True,rel_strength_60m_bin,4.0,0.017532958923143282,bull_high_vol,True,True,"(False, 'PASS')",False,PASS,0.029728268881136,True,True,False,False,,,,,,,
vwap_cross_up_bin == True AND ret_60m_turned_positive_bin == True,double,SHORT,fwd_ret_60m,9.488767378127077,0.0,0.016116815,0.5001709629432269,0.5395469,0.50767136,1.0635148,0.31741738196803637,225195,0.016116815,0.8060255,,,vwap_cross_up_bin,True,ret_60m_turned_positive_bin,True,0.017435934871200164,bull_high_vol,True,True,"(False, 'PASS')",False,PASS,0.00034192588645387545,True,True,False,False,,,,,,,
ret_30m_bin == 4.0 AND session_range_pct_bin == 1,double,SHORT,fwd_ret_60m,9.29460089873324,0.0,0.0882553,0.510431654676259,0.7318405,0.5827568,1.3093427,1.399196208548635,11120,0.0882553,1.0012959,,,ret_30m_bin,4.0,session_range_pct_bin,1,0.017087086026744924,bull_high_vol,False,False,"(False, 'PASS')",False,PASS,0.6034163205314882,True,True,False,False,,,,,,,
vwap_cross_up_bin == True AND ret_15m_turned_positive_bin == True,double,SHORT,fwd_ret_60m,9.837447577415228,0.0,0.015099928,0.49772488244924806,0.5391889,0.5042412,1.0596204,0.29688398767384316,276689,0.015099928,0.80739933,,,vwap_cross_up_bin,True,ret_15m_turned_positive_bin,True,0.0168246026426813,bull_high_vol,True,True,"(False, 'PASS')",False,PASS,0.0,True,True,False,False,,,,,,,
rvol_bin == 4 AND price_vs_vwap_pct_bin == 4,double,SHORT,fwd_ret_60m,7.499327538091287,6.616929226765933e-14,0.048606332,0.515538201433057,0.72173923,0.6677056,1.1502615,0.7553170680061521,24842,0.048606332,1.0215598,,,rvol_bin,4,price_vs_vwap_pct_bin,4,0.016792497156980234,bull_high_vol,False,False,"(False, 'PASS')",False,PASS,0.21713972678111865,True,True,False,False,,,,,,,
ret_60m_turned_positive_bin == True AND atr_14_bin == 2,double,SHORT,fwd_ret_60m,6.543027540234341,6.081002368318877e-11,0.021991767,0.498274148369025,0.5278989,0.48043492,1.0912344,0.44154915784801885,55335,0.021991767,0.79064465,,,ret_60m_turned_positive_bin,True,atr_14_bin,2,0.016661435727379544,bull_high_vol,True,True,"(False, 'PASS')",False,PASS,0.0,True,True,False,False,,,,,,,
vwap_cross_up_bin == True AND ret_30m_turned_positive_bin == True,double,SHORT,fwd_ret_60m,9.582491490345388,0.0,0.014991045,0.4983062278698325,0.5364232,0.50292027,1.0594147,0.29777967894997737,260956,0.014991045,0.7991662,,,vwap_cross_up_bin,True,ret_30m_turned_positive_bin,True,0.016457204741993164,bull_high_vol,True,True,"(False, 'PASS')",False,PASS,0.0,True,True,False,False,,,,,,,
ret_15m_bin == 4.0 AND rvol_bin == 4,double,SHORT,fwd_ret_60m,7.313412355553909,2.680078381445128e-13,0.046582457,0.511580486303478,0.7279543,0.6671002,1.1429678,0.7201127225233388,25992,0.046582457,1.0268859,,,ret_15m_bin,4.0,rvol_bin,4,0.016210278150615737,bull_high_vol,False,False,"(False, 'PASS')",False,PASS,0.1889855393884768,True,True,False,False,,,,,,,
vwap_cross_up_bin == True AND session_range_pct_bin == 1,double,SHORT,fwd_ret_60m,6.618193619837299,3.6664671299035945e-11,0.022564845,0.4932646264477325,0.5499381,0.49078903,1.0907311,0.42765180928905355,60353,0.022564845,0.8376109,,,vwap_cross_up_bin,True,session_range_pct_bin,1,0.016158312825714602,bull_high_vol,True,True,"(False, 'PASS')",False,PASS,0.0,True,True,False,False,,,,,,,
ret_5m_turned_positive_bin == True AND rvol_bin == 3,double,SHORT,fwd_ret_60m,6.599290554436067,4.1657788329985124e-11,0.025173506,0.49312541918175723,0.60628194,0.5401721,1.0919415,0.42897175048034597,59640,0.025173506,0.9315695,,,ret_5m_turned_positive_bin,True,rvol_bin,3,0.016157329818322998,bull_high_vol,True,True,"(False, 'PASS')",False,PASS,0.0,True,True,False,False,,,,,,,
rel_strength_60m_bin == 4.0,single,SHORT,fwd_ret_60m,7.354940433798507,1.9229062786507711e-13,0.018278066,0.5113340117265106,0.5447,0.5325633,1.070234,0.3634721526227647,103185,0.018278066,0.7982876,rel_strength_60m_bin,4.0,,,,,0.01582126633329317,bull_high_vol,False,False,"(False, 'PASS')",False,PASS,0.022668023453021213,True,True,False,False,,,,,,,
ret_60m_bin == 3.0 AND rel_strength_60m_bin == 2.0,double,SHORT,fwd_ret_60m,7.314716959522114,2.6556534749033744e-13,0.037671108,0.49904367851984854,0.5442901,0.46701375,1.1610194,0.7254654033946405,25619,0.037671108,0.8243126,,,ret_60m_bin,3.0,rel_strength_60m_bin,2.0,0.015704756883691537,bull_high_vol,False,False,"(False, 'PASS')",False,PASS,0.07671107798814775,True,True,False,False,,,,,,,
ret_30m_bin == 4.0 AND atr_14_bin == 3,double,SHORT,fwd_ret_60m,7.232695635066343,4.869438186005937e-13,0.03794774,0.5054536924821142,0.598043,0.53450066,1.1435591,0.7178912946151977,25579,0.03794774,0.83912665,,,ret_30m_bin,4.0,atr_14_bin,3,0.015539608216124297,bull_high_vol,False,False,"(False, 'PASS')",False,PASS,0.09038478902220809,True,True,False,False,,,,,,,
atr_14_bin == 2 AND is_power_hour_bin == True,double,SHORT,fwd_ret_60m,8.07335874400375,6.661338147750939e-16,0.091695465,0.4805651767551817,1.2017587,0.93530107,1.1887406,0.9502767581091567,18189,0.091695465,1.5317857,,,atr_14_bin,2,is_power_hour_bin,True,0.015523217117729655,bull_high_vol,False,False,"(False, 'PASS')",False,PASS,0.6169546514749527,True,True,False,False,,,,,,,
ret_30m_turned_positive_bin == True AND is_power_hour_bin == True,double,SHORT,fwd_ret_60m,6.588636132236162,4.488409643954583e-11,0.04755855,0.4614170387408109,1.1874639,0.92902577,1.0950493,0.49667074765763836,44346,0.04755855,1.5200585,,,ret_30m_turned_positive_bin,True,is_power_hour_bin,True,0.015499883691220427,bull_high_vol,True,True,"(False, 'PASS')",False,PASS,0.1755854979157448,True,True,False,False,,,,,,,
vwap_cross_up_bin == True AND rel_strength_60m_bin == 4.0,double,SHORT,fwd_ret_60m,6.954119468564885,3.5726976932437537e-12,0.019158522,0.5139788906665439,0.55379593,0.5462333,1.0721654,0.3745243241824081,86881,0.019158522,0.81204903,,,vwap_cross_up_bin,True,rel_strength_60m_bin,4.0,0.015493649128022388,bull_high_vol,True,True,"(False, 'PASS')",False,PASS,0.027957781333087794,True,True,False,False,,,,,,,
ret_60m_turned_positive_bin == True AND is_power_hour_bin == True,double,SHORT,fwd_ret_60m,6.748536351929642,1.513655867313446e-11,0.052194666,0.4615422897952074,1.2132546,0.94301504,1.102791,0.5344007816861016,40187,0.052194666,1.5504556,,,ret_60m_turned_positive_bin,True,is_power_hour_bin,True,0.015484244372797466,bull_high_vol,True,True,"(False, 'PASS')",False,PASS,0.22194666117429734,True,True,False,False,,,,,,,
session_range_pct_bin == 0 AND rvol_bin == 2,double,SHORT,fwd_ret_60m,7.760755042855374,8.881784197001252e-15,0.047621965,0.4867110441669501,0.6226867,0.4976661,1.1864264,0.8587584108897246,20581,0.047621965,0.8803119,,,session_range_pct_bin,0,rvol_bin,2,0.015453572942459115,bull_high_vol,False,False,"(False, 'PASS')",False,PASS,0.17621965408325196,True,True,False,False,,,,,,,
ret_15m_turned_positive_bin == True AND rel_strength_60m_bin == 1.0,double,SHORT,fwd_ret_60m,6.261902761234675,3.832352213350987e-10,0.021928104,0.4876612397651931,0.5338325,0.4653197,1.0919797,0.4332641613866529,52639,0.021928104,0.803431,,,ret_15m_turned_positive_bin,True,rel_strength_60m_bin,1.0,0.015313116336824254,bull_high_vol,True,True,"(False, 'PASS')",False,PASS,0.0,True,True,False,False,,,,,,,
ret_30m_turned_positive_bin == True,single,SHORT,fwd_ret_60m,9.546485773040207,0.0,0.0140314,0.4961310570601445,0.5346369,0.49857917,1.0558535,0.27869357769991926,295688,0.0140314,0.7992347,ret_30m_turned_positive_bin,True,,,,,0.015277530593608611,bull_high_vol,True,True,"(False, 'PASS')",False,PASS,0.0,True,True,False,False,,,,,,,
rel_outperform_extreme_bin == True AND rel_strength_60m_bin == 4.0,double,SHORT,fwd_ret_60m,6.5854589513821,4.6018966415317664e-11,0.030693093,0.5170084294852634,0.6269176,0.60752314,1.1046016,0.5715606153128426,33454,0.030693093,0.8524691,,,rel_outperform_extreme_bin,True,rel_strength_60m_bin,4.0,0.015069896581367941,bull_high_vol,True,True,"(False, 'PASS')",False,PASS,0.0409477921181956,True,True,False,False,,,,,,,
rel_outperform_extreme_bin == True,single,SHORT,fwd_ret_60m,6.5854589513821,4.6018966415317664e-11,0.030693093,0.5170084294852634,0.6269176,0.60752314,1.1046016,0.5715606153128426,33454,0.030693093,0.8524691,rel_outperform_extreme_bin,True,,,,,0.015069896581367941,bull_high_vol,True,True,"(False, 'PASS')",False,PASS,0.0409477921181956,True,True,False,False,,,,,,,
rel_strength_60m_bin == 1.0 AND price_vs_vwap_pct_bin == 3,double,SHORT,fwd_ret_60m,7.8742903395391615,3.552713678800501e-15,0.047655858,0.5014548417132216,0.53893477,0.44649038,1.2140915,0.9535633643657547,17184,0.047655858,0.793354,,,rel_strength_60m_bin,1.0,price_vs_vwap_pct_bin,3,0.014977293048520095,bull_high_vol,False,False,"(False, 'PASS')",False,PASS,0.1794682644210493,True,True,False,False,,,,,,,
ret_30m_turned_positive_bin == True AND rvol_bin == 2,double,SHORT,fwd_ret_60m,6.281550872810276,3.3753866368613217e-10,0.020404102,0.4987049482825752,0.53663176,0.49315628,1.0825353,0.4102796504931457,59071,0.020404102,0.7894739,,,ret_30m_turned_positive_bin,True,rvol_bin,2,0.014875678828204099,bull_high_vol,True,True,"(False, 'PASS')",False,PASS,0.0,True,True,False,False,,,,,,,
rel_underperform_extreme_bin == True AND session_range_pct_bin == 0,double,SHORT,fwd_ret_60m,7.660525621772373,1.9317880628477724e-14,0.07035405,0.47088155047511526,0.77288526,0.55485374,1.2396392,0.834060667187869,21258,0.07035405,1.3390344,,,rel_underperform_extreme_bin,True,session_range_pct_bin,0,0.014804936236611886,bull_high_vol,True,True,"(False, 'PASS')",False,PASS,0.40354051887989045,True,True,False,False,,,,,,,
price_up_vol_strong_bin == True AND ret_15m_bin == 4.0,double,SHORT,fwd_ret_60m,7.606576513778708,2.9531932455029164e-14,0.05852993,0.5191702271194063,0.73833287,0.6754791,1.1802083,0.905369662127341,17788,0.05852993,1.026248,,,price_up_vol_strong_bin,True,ret_15m_bin,4.0,0.014722051370824855,bull_high_vol,True,True,"(False, 'PASS')",False,PASS,0.3236397375048801,True,True,False,False,,,,,,,
session_range_pct_bin == 1,single,SHORT,fwd_ret_60m,7.193958433395854,6.337153024560394e-13,0.01879865,0.4893794171749443,0.5446053,0.48513514,1.0758866,0.3553358860940197,103290,0.01879865,0.8398232,session_range_pct_bin,1,,,,,0.014479012766607548,bull_high_vol,False,False,"(False, 'PASS')",False,PASS,0.0,True,True,False,False,,,,,,,
ret_60m_bin == 4.0 AND rvol_bin == 1,double,SHORT,fwd_ret_60m,7.381097986012244,1.6342482922482304e-13,0.037029374,0.5165459377768513,0.517788,0.47663662,1.1606956,0.8458533245730844,19189,0.037029374,0.6949468,,,ret_60m_bin,4.0,rvol_bin,1,0.014324965276129708,bull_high_vol,False,False,"(False, 'PASS')",False,PASS,0.10338561946210795,True,True,False,False,,,,,,,
ret_60m_bin == 4.0 AND atr_14_bin == 4,double,SHORT,fwd_ret_60m,6.167924005046698,6.988063461221827e-10,0.027963448,0.5161709988811698,0.6543508,0.6402953,1.0902648,0.49944439827385695,38433,0.027963448,0.8887996,,,ret_60m_bin,4.0,atr_14_bin,4,0.01414621647705417,bull_high_vol,False,False,"(False, 'PASS')",False,PASS,0.03234199776233959,True,True,False,False,,,,,,,
atr_14_bin == 2,single,SHORT,fwd_ret_60m,7.084771852864991,1.4015455462867976e-12,0.017630469,0.49149702686474656,0.5327337,0.4802461,1.0721948,0.34999698417870245,103258,0.017630469,0.79964983,atr_14_bin,2,,,,,0.014105787084136786,bull_high_vol,False,False,"(False, 'PASS')",False,PASS,0.0,True,True,False,False,,,,,,,
ret_30m_turned_positive_bin == True AND rvol_bin == 4,double,SHORT,fwd_ret_60m,6.114690352323761,9.73447322749621e-10,0.023530543,0.4980078341711077,0.6299782,0.5781038,1.0810827,0.39799562252735454,59483,0.023530543,0.9385424,,,ret_30m_turned_positive_bin,True,rvol_bin,4,0.01402733590366112,bull_high_vol,True,True,"(False, 'PASS')",False,PASS,0.0,True,True,False,False,,,,,,,
ret_5m_turned_positive_bin == True,single,SHORT,fwd_ret_60m,9.128690755735645,0.0,0.013859359,0.493559870992429,0.54339325,0.50220686,1.054492,0.2678553643495096,292696,0.013859359,0.82137793,ret_5m_turned_positive_bin,True,,,,,0.013968023052813992,bull_high_vol,True,True,"(False, 'PASS')",False,PASS,0.0,True,True,False,False,,,,,,,
ret_60m_turned_positive_bin == True AND rel_strength_60m_bin == 1.0,double,SHORT,fwd_ret_60m,6.558982021456081,5.4997340015461305e-11,0.02829947,0.49135464610026125,0.52901447,0.4553944,1.1221731,0.5806383452719359,32156,0.02829947,0.7737005,,,ret_60m_turned_positive_bin,True,rel_strength_60m_bin,1.0,0.013928857450968717,bull_high_vol,True,True,"(False, 'PASS')",False,PASS,0.0,True,True,False,False,,,,,,,
rel_strength_60m_bin == 1.0 AND session_range_pct_bin == 1,double,SHORT,fwd_ret_60m,6.983579365227882,2.9523050670832163e-12,0.037573334,0.4992321421159673,0.5164268,0.43981162,1.1705991,0.7142214796256438,24093,0.037573334,0.83511657,,,rel_strength_60m_bin,1.0,session_range_pct_bin,1,0.013887390665425672,bull_high_vol,False,False,"(False, 'PASS')",False,PASS,0.07573333829641343,True,True,False,False,,,,,,,
price_up_vol_weak_bin == True AND ret_5m_bin == 4.0,double,SHORT,fwd_ret_60m,6.652222710255325,2.941824561730755e-11,0.03143431,0.5152061855670103,0.5593131,0.5295597,1.1224425,0.6407700048734775,27160,0.03143431,0.7787571,,,price_up_vol_weak_bin,True,ret_5m_bin,4.0,0.01380689562155726,bull_high_vol,True,True,"(False, 'PASS')",False,PASS,0.044755458509184554,True,True,False,False,,,,,,,
atr_14_bin == 1 AND price_vs_vwap_pct_bin == 3,double,SHORT,fwd_ret_60m,6.8771087393901364,6.257661055997232e-12,0.032898903,0.509261186264308,0.484842,0.43610224,1.1537244,0.7043271838973136,24025,0.032898903,0.7414933,,,atr_14_bin,1,price_vs_vwap_pct_bin,3,0.013718308615673408,bull_high_vol,False,False,"(False, 'PASS')",False,PASS,0.04751140145928018,True,True,False,False,,,,,,,
at_session_low_bin == True AND ret_60m_bin == 0.0,double,SHORT,fwd_ret_60m,7.787372599673565,7.327471962526033e-15,0.08212655,0.4712727272727273,0.7616863,0.5235884,1.296662,0.9623859175219616,16500,0.08212655,1.3546734,,,at_session_low_bin,True,ret_60m_bin,0.0,0.013490023903960008,bull_high_vol,True,True,"(False, 'PASS')",False,PASS,0.5212655037641525,True,True,False,False,,,,,,,
ret_15m_turned_positive_bin == True AND is_power_hour_bin == True,double,SHORT,fwd_ret_60m,5.982054496643804,2.218799810549399e-09,0.041254424,0.46551475288150274,1.1665592,0.93883985,1.0822135,0.43120544934714267,48499,0.041254424,1.5187509,,,ret_15m_turned_positive_bin,True,is_power_hour_bin,True,0.013480844274140397,bull_high_vol,True,True,"(False, 'PASS')",False,PASS,0.11254423558712007,True,True,False,False,,,,,,,
ret_15m_turned_positive_bin == True AND session_range_pct_bin == 1,double,SHORT,fwd_ret_60m,6.008140489962507,1.8875698781783967e-09,0.020733183,0.4928598016987581,0.55050904,0.49412492,1.0827372,0.3923189292103947,59102,0.020733183,0.83893245,,,ret_15m_turned_positive_bin,True,session_range_pct_bin,1,0.01344587278527183,bull_high_vol,True,True,"(False, 'PASS')",False,PASS,0.0,True,True,False,False,,,,,,,
ret_60m_turned_positive_bin == True AND ret_5m_bin == 3.0,double,SHORT,fwd_ret_60m,6.046375219890039,1.489866230386383e-09,0.019060325,0.4951329150766445,0.5185676,0.47081617,1.0801866,0.3859638145069426,61844,0.019060325,0.7839421,,,ret_60m_turned_positive_bin,True,ret_5m_bin,3.0,0.013373643439967341,bull_high_vol,True,True,"(False, 'PASS')",False,PASS,0.0,True,True,False,False,,,,,,,
ret_5m_turned_positive_bin == True AND atr_14_bin == 3,double,SHORT,fwd_ret_60m,6.004534977413866,1.9299573050801655e-09,0.021038279,0.4891563413850809,0.59051704,0.52426386,1.0785549,0.39189456102093617,59159,0.021038279,0.85219944,,,ret_5m_turned_positive_bin,True,atr_14_bin,3,0.013322402810763414,bull_high_vol,True,True,"(False, 'PASS')",False,PASS,0.0,True,True,False,False,,,,,,,
ret_5m_bin == 4.0 AND rvol_bin == 4,double,SHORT,fwd_ret_60m,6.553836737103423,5.707945227584332e-11,0.040928025,0.509130993937167,0.7185294,0.6618824,1.1259722,0.6306548318893463,27215,0.040928025,1.0302185,,,ret_5m_bin,4.0,rvol_bin,4,0.013256884539661647,bull_high_vol,False,False,"(False, 'PASS')",False,PASS,0.12754223586065067,True,True,False,False,,,,,,,
ret_60m_bin == 4.0 AND price_vs_vwap_pct_bin == 3,double,SHORT,fwd_ret_60m,7.051311881872262,1.830091633792108e-12,0.037251562,0.5114187197041627,0.5232523,0.47146603,1.1617174,0.7912901964408829,20011,0.037251562,0.74732405,,,ret_60m_bin,4.0,price_vs_vwap_pct_bin,3,0.01321804953457008,bull_high_vol,False,False,"(False, 'PASS')",False,PASS,0.09535305820944245,True,True,False,False,,,,,,,
session_range_pct_bin == 1 AND is_power_hour_bin == True,double,SHORT,fwd_ret_60m,7.790955978376486,7.105427357601002e-15,0.10649366,0.4754306315930031,1.2429209,0.9234795,1.2198333,1.0105647171985381,14978,0.10649366,1.6728612,,,session_range_pct_bin,1,is_power_hour_bin,True,0.012978130015551936,bull_high_vol,False,False,"(True, 'Expectancy too high (10.649% > 10.000%)')",True,Expectancy too high (10.649% > 10.000%),0.7649365931749343,False,True,False,False,,,,,,,
ret_60m_turned_positive_bin == True AND rel_strength_60m_bin == 4.0,double,SHORT,fwd_ret_60m,6.602904165438012,4.051936564053449e-11,0.016730135,0.510549073507429,0.54662466,0.5360059,1.0637707,0.33199977527431046,99677,0.016730135,0.79994833,,,ret_60m_turned_positive_bin,True,rel_strength_60m_bin,4.0,0.012953780497621378,bull_high_vol,True,True,"(False, 'PASS')",False,PASS,0.021098147014857904,True,True,False,False,,,,,,,
vwap_cross_up_bin == True AND atr_14_bin == 3,double,SHORT,fwd_ret_60m,5.98937810837086,2.117762631925757e-09,0.020264192,0.49289638189050955,0.5821933,0.5259217,1.0759821,0.3777596289612532,63348,0.020264192,0.85155755,,,vwap_cross_up_bin,True,atr_14_bin,3,0.01290741167289682,bull_high_vol,True,True,"(False, 'PASS')",False,PASS,0.0,True,True,False,False,,,,,,,
at_session_low_bin == True AND rel_strength_60m_bin == 0.0,double,SHORT,fwd_ret_60m,7.8183940451263,5.773159728050814e-15,0.09163805,0.47326112132979087,0.7977464,0.54278183,1.3205202,1.0244000900241488,14679,0.09163805,1.4200594,,,at_session_low_bin,True,rel_strength_60m_bin,0.0,0.012879550758524757,bull_high_vol,True,True,"(False, 'PASS')",False,PASS,0.6163805097341537,True,True,False,False,,,,,,,
ret_60m_bin == 4.0 AND rvol_bin == 2,double,SHORT,fwd_ret_60m,6.911860339235903,4.92650364947167e-12,0.037265223,0.5145655199840923,0.55249816,0.508887,1.1508523,0.773614161398942,20116,0.037265223,0.76467973,,,ret_60m_bin,4.0,rvol_bin,2,0.012812029416088324,bull_high_vol,False,False,"(False, 'PASS')",False,PASS,0.10178326516454611,True,True,False,False,,,,,,,
avwap_cross_up_bin == True AND ret_60m_bin == 4.0,double,SHORT,fwd_ret_60m,6.285778404423996,3.2779778891267597e-10,0.016929816,0.5101845506746379,0.5525676,0.5409826,1.0638906,0.34298618632298983,84638,0.016929816,0.78356653,,,avwap_cross_up_bin,True,ret_60m_bin,4.0,0.012730611254875615,bull_high_vol,True,True,"(False, 'PASS')",False,PASS,0.02036910134927572,True,True,False,False,,,,,,,
atr_14_bin == 2 AND price_vs_vwap_pct_bin == 3,double,SHORT,fwd_ret_60m,6.703279740494241,2.0844881376547164e-11,0.03606476,0.5006437215689641,0.5407925,0.46996433,1.1536765,0.6970934685541199,23302,0.03606476,0.82128197,,,atr_14_bin,2,price_vs_vwap_pct_bin,3,0.012618757156604108,bull_high_vol,False,False,"(False, 'PASS')",False,PASS,0.06193503210620516,True,True,False,False,,,,,,,
ret_30m_turned_positive_bin == True AND rvol_bin == 3,double,SHORT,fwd_ret_60m,5.786644957666354,7.216724551284415e-09,0.021187413,0.49547798157383144,0.5943605,0.541711,1.077523,0.37768641716937057,59155,0.021187413,0.8905265,,,ret_30m_turned_positive_bin,True,rvol_bin,3,0.012533397699651387,bull_high_vol,True,True,"(False, 'PASS')",False,PASS,0.0,True,True,False,False,,,,,,,
rel_strength_60m_bin == 4.0 AND session_range_pct_bin == 3,double,SHORT,fwd_ret_60m,6.355700417496087,2.1089352486569624e-10,0.02757615,0.517544194570654,0.509222,0.48909912,1.1168636,0.6234299279815246,26191,0.02757615,0.70217645,,,rel_strength_60m_bin,4.0,session_range_pct_bin,3,0.0124327396724291,bull_high_vol,False,False,"(False, 'PASS')",False,PASS,0.035088389141308074,True,True,False,False,,,,,,,
ret_15m_bin == 3.0 AND price_vs_vwap_pct_bin == 3,double,SHORT,fwd_ret_60m,5.607146614944409,2.0665746447434685e-08,0.018231299,0.4962712591877247,0.50383306,0.46018133,1.0786488,0.3764178957301314,55917,0.018231299,0.76886064,,,ret_15m_bin,3.0,price_vs_vwap_pct_bin,3,0.012123208003163457,bull_high_vol,False,False,"(False, 'PASS')",False,PASS,0.0,True,True,False,False,,,,,,,
price_down_vol_weak_bin == True AND atr_14_bin == 4,double,SHORT,fwd_ret_60m,7.151062472633214,8.997247391562269e-13,0.045406822,0.5178490443796566,0.61429495,0.56560135,1.1665052,0.9137292305350431,15435,0.045406822,0.7888671,,,price_down_vol_weak_bin,True,atr_14_bin,4,0.012089661930866424,bull_high_vol,True,True,"(False, 'PASS')",False,PASS,0.18976630991114202,True,True,False,False,,,,,,,
session_range_pct_bin == 1 AND atr_14_bin == 4,double,SHORT,fwd_ret_60m,6.858890975606721,7.1525008138451085e-12,0.04728715,0.5047219307450157,0.6803801,0.5978775,1.1596915,0.7886652757572853,19060,0.04728715,0.95181096,,,session_range_pct_bin,1,atr_14_bin,4,0.012045863692696114,bull_high_vol,False,False,"(False, 'PASS')",False,PASS,0.18231537366463774,True,True,False,False,,,,,,,
ret_5m_turned_positive_bin == True AND ret_30m_bin == 3.0,double,SHORT,fwd_ret_60m,5.8561725664148465,4.757966243218448e-09,0.017503368,0.49953586865082816,0.5163961,0.48046398,1.0727926,0.35404592743785207,68946,0.017503368,0.78480595,,,ret_5m_turned_positive_bin,True,ret_30m_bin,3.0,0.011987438832694937,bull_high_vol,True,True,"(False, 'PASS')",False,PASS,0.0,True,True,False,False,,,,,,,
ret_60m_turned_positive_bin == True AND rel_strength_60m_bin == 2.0,double,SHORT,fwd_ret_60m,5.64313620349588,1.6775211442165983e-08,0.018875122,0.4930596017410974,0.5285035,0.4767988,1.0780904,0.37083907439666564,58354,0.018875122,0.80798733,,,ret_60m_turned_positive_bin,True,rel_strength_60m_bin,2.0,0.011942402356995134,bull_high_vol,True,True,"(False, 'PASS')",False,PASS,0.0,True,True,False,False,,,,,,,
vwap_cross_up_bin == True AND rvol_bin == 4,double,SHORT,fwd_ret_60m,5.672657867888401,1.4120529856498365e-08,0.021068834,0.4979942962800464,0.62601715,0.57904553,1.0724801,0.3564636611159078,63818,0.021068834,0.93826497,,,vwap_cross_up_bin,True,rvol_bin,4,0.011655005435966438,bull_high_vol,True,True,"(False, 'PASS')",False,PASS,0.0,True,True,False,False,,,,,,,
session_range_pct_bin == 0 AND rvol_bin == 1,double,SHORT,fwd_ret_60m,6.751723061330151,1.5021539567783293e-11,0.037406582,0.49027057555064946,0.5464361,0.45219073,1.1622882,0.7679869658766556,19477,0.037406582,0.7732046,,,session_range_pct_bin,0,rvol_bin,1,0.011461530546077748,bull_high_vol,False,False,"(False, 'PASS')",False,PASS,0.07406582385301591,True,True,False,False,,,,,,,
ret_60m_bin == 0.0 AND atr_14_bin == 4,double,SHORT,fwd_ret_60m,6.120934806540582,9.422398417058275e-10,0.046699867,0.4869363601757968,0.78148925,0.65067106,1.1398888,0.5715992318718889,28897,0.046699867,1.2969531,,,ret_60m_bin,0.0,atr_14_bin,4,0.011395951876987912,bull_high_vol,False,False,"(False, 'PASS')",False,PASS,0.1669986665248871,True,True,False,False,,,,,,,
vwap_cross_up_bin == True,single,SHORT,fwd_ret_60m,8.385343994115427,0.0,0.011943297,0.49565738151079225,0.53310823,0.50024676,1.0473384,0.23570679804198114,318932,0.011943297,0.8043636,vwap_cross_up_bin,True,,,,,0.011338636364082997,bull_high_vol,True,True,"(False, 'PASS')",False,PASS,0.0,True,True,False,False,,,,,,,
ret_5m_bin == 0.0 AND atr_14_bin == 4,double,SHORT,fwd_ret_60m,5.8718194689612755,4.351697668880661e-09,0.038505103,0.4892453518045935,0.73219216,0.6259689,1.1204351,0.5137708459942926,32916,0.038505103,1.189732,,,ret_5m_bin,0.0,atr_14_bin,4,0.011245846884661494,bull_high_vol,False,False,"(False, 'PASS')",False,PASS,0.08505103439092637,True,True,False,False,,,,,,,
session_range_pct_bin == 1 AND price_vs_vwap_pct_bin == 4,double,SHORT,fwd_ret_60m,7.24616294248908,4.5274894944213884e-13,0.062028915,0.5079498547622687,0.7018172,0.59843296,1.2106539,1.0057066003139201,13082,0.062028915,0.9790912,,,session_range_pct_bin,1,price_vs_vwap_pct_bin,4,0.011209613392040456,bull_high_vol,False,False,"(False, 'PASS')",False,PASS,0.33618885642471447,True,True,False,False,,,,,,,
ret_30m_bin == 1.0 AND session_range_pct_bin == 0,double,SHORT,fwd_ret_60m,6.207387851345816,5.464808605637472e-10,0.03302865,0.4779484547420904,0.5788949,0.46672267,1.1355559,0.596637901244345,27277,0.03302865,0.8787802,,,ret_30m_bin,1.0,session_range_pct_bin,0,0.011176701158261556,bull_high_vol,False,False,"(False, 'PASS')",False,PASS,0.030286510288715374,True,True,False,False,,,,,,,
ret_15m_bin == 4.0 AND price_vs_vwap_pct_bin == 3,double,SHORT,fwd_ret_60m,6.597556035115186,4.291766941832975e-11,0.04168993,0.509560944343553,0.5937236,0.53186715,1.1598244,0.7654330689103852,18722,0.04168993,0.8646178,,,ret_15m_bin,4.0,price_vs_vwap_pct_bin,3,0.011152055868880077,bull_high_vol,False,False,"(False, 'PASS')",False,PASS,0.13602117489764304,True,True,False,False,,,,,,,
ret_60m_turned_positive_bin == True AND rvol_bin == 2,double,SHORT,fwd_ret_60m,5.347699379473105,8.942183038485041e-08,0.017717935,0.4968818620992534,0.5350293,0.4931812,1.0714062,0.35580803710079745,56925,0.017717935,0.7904923,,,ret_60m_turned_positive_bin,True,rvol_bin,2,0.010942640728441784,bull_high_vol,True,True,"(False, 'PASS')",False,PASS,0.0,True,True,False,False,,,,,,,
price_up_vol_strong_bin == True AND price_vs_vwap_pct_bin == 4,double,SHORT,fwd_ret_60m,6.5377008458378345,6.414224706929872e-11,0.049299043,0.5180309734513274,0.72475475,0.6766957,1.1511562,0.7718379179571114,18080,0.049299043,1.0139409,,,price_up_vol_strong_bin,True,price_vs_vwap_pct_bin,4,0.01094010678273699,bull_high_vol,True,True,"(False, 'PASS')",False,PASS,0.22905237362184355,True,True,False,False,,,,,,,
ret_15m_bin == 4.0 AND rel_strength_60m_bin == 2.0,double,SHORT,fwd_ret_60m,6.941249599013484,4.050981772252271e-12,0.05113227,0.51024195765741,0.61701053,0.5384136,1.1939088,0.9135583241711167,14548,0.05113227,0.8885033,,,ret_15m_bin,4.0,rel_strength_60m_bin,2.0,0.010896064221275275,bull_high_vol,False,False,"(False, 'PASS')",False,PASS,0.2318066073514487,True,True,False,False,,,,,,,
ret_5m_bin == 4.0 AND price_vs_vwap_pct_bin == 3,double,SHORT,fwd_ret_60m,6.1168126970302605,9.689735680495914e-10,0.03547179,0.5034173171027622,0.5995603,0.5363805,1.1331736,0.617503971576693,24727,0.03547179,0.9118925,,,ret_5m_bin,4.0,price_vs_vwap_pct_bin,3,0.010883805452228853,bull_high_vol,False,False,"(False, 'PASS')",False,PASS,0.06155252959412755,True,True,False,False,,,,,,,
price_up_vol_weak_bin == True AND ret_5m_turned_positive_bin == True,double,SHORT,fwd_ret_60m,5.674620372187373,1.3950968824616439e-08,0.014889487,0.5013396924066235,0.4887182,0.4614852,1.0647019,0.3297156915555881,74644,0.014889487,0.71686995,,,price_up_vol_weak_bin,True,ret_5m_turned_positive_bin,True,0.010856623494265395,bull_high_vol,True,True,"(False, 'PASS')",False,PASS,0.002679384813246921,True,True,False,False,,,,,,,
rel_outperform_extreme_bin == True AND ret_5m_turned_positive_bin == True,double,SHORT,fwd_ret_60m,6.125797653176883,9.17000697597814e-10,0.035495125,0.5197259317447849,0.6466469,0.62585944,1.1180872,0.6424102328699689,22914,0.035495125,0.87711495,,,rel_outperform_extreme_bin,True,ret_5m_turned_positive_bin,True,0.010848423872426597,bull_high_vol,True,True,"(False, 'PASS')",False,PASS,0.09440311106246863,True,True,False,False,,,,,,,
rel_outperform_extreme_bin == True AND ret_15m_bin == 4.0,double,SHORT,fwd_ret_60m,6.321726395003377,2.6430502231278297e-10,0.042265337,0.524283870967742,0.6917492,0.6735269,1.1319112,0.7209665446971686,19375,0.042265337,0.9306138,,,rel_outperform_extreme_bin,True,ret_15m_bin,4.0,0.01071705031631433,bull_high_vol,True,True,"(False, 'PASS')",False,PASS,0.1712211115410252,True,True,False,False,,,,,,,
price_up_vol_strong_bin == True AND ret_30m_bin == 4.0,double,SHORT,fwd_ret_60m,6.336652810525703,2.398632403810552e-10,0.045113385,0.513937194415041,0.7164072,0.66467726,1.1396376,0.71416784223046,19839,0.045113385,1.0027794,,,price_up_vol_strong_bin,True,ret_30m_bin,4.0,0.010680861491861097,bull_high_vol,True,True,"(False, 'PASS')",False,PASS,0.1790082360667154,True,True,False,False,,,,,,,
ret_15m_bin == 4.0 AND rvol_bin == 3,double,SHORT,fwd_ret_60m,6.248051845797534,4.233244865758934e-10,0.042635195,0.5046264328131473,0.6843837,0.6111002,1.1408391,0.6729533881781553,21723,0.042635195,1.0057349,,,ret_15m_bin,4.0,rvol_bin,3,0.010669293435073399,bull_high_vol,False,False,"(False, 'PASS')",False,PASS,0.13560481519885786,True,True,False,False,,,,,,,
rel_outperform_extreme_bin == True AND ret_30m_turned_positive_bin == True,double,SHORT,fwd_ret_60m,5.699414098788565,1.2135486171516163e-08,0.028505102,0.5175739247311828,0.6309596,0.61784196,1.0956346,0.5244620148208605,29760,0.028505102,0.86279744,,,rel_outperform_extreme_bin,True,ret_30m_turned_positive_bin,True,0.010657757148717665,bull_high_vol,True,True,"(False, 'PASS')",False,PASS,0.0351478494623656,True,True,False,False,,,,,,,
ret_30m_turned_positive_bin == True AND rel_strength_60m_bin == 2.0,double,SHORT,fwd_ret_60m,5.392208968900681,6.985332157150026e-08,0.017687349,0.4931587273112738,0.5292507,0.48006597,1.0726925,0.3456761874403247,61319,0.017687349,0.8122572,,,ret_30m_turned_positive_bin,True,rel_strength_60m_bin,2.0,0.010639204543255579,bull_high_vol,True,True,"(False, 'PASS')",False,PASS,0.0,True,True,False,False,,,,,,,
vwap_cross_up_bin == True AND is_power_hour_bin == True,double,SHORT,fwd_ret_60m,5.275041153587937,1.332776009554948e-07,0.035656393,0.4613138102096335,1.1685259,0.9344972,1.0708311,0.3745207463848242,49992,0.035656393,1.5113387,,,vwap_cross_up_bin,True,is_power_hour_bin,True,0.010546660189099274,bull_high_vol,True,True,"(False, 'PASS')",False,PASS,0.05656392574310304,True,True,False,False,,,,,,,
rel_outperform_extreme_bin == True AND ret_15m_turned_positive_bin == True,double,SHORT,fwd_ret_60m,5.750932841379579,8.970046261325137e-09,0.030436408,0.5199618376632907,0.63772976,0.62736416,1.1010643,0.5530181618840906,27252,0.030436408,0.8736838,,,rel_outperform_extreme_bin,True,ret_15m_turned_positive_bin,True,0.010431909092444479,bull_high_vol,True,True,"(False, 'PASS')",False,PASS,0.04428775307344962,True,True,False,False,,,,,,,
rel_outperform_extreme_bin == True AND ret_60m_turned_positive_bin == True,double,SHORT,fwd_ret_60m,5.5100408566919805,3.6143176895819806e-08,0.025909495,0.5150273224043715,0.62429523,0.60955936,1.0876446,0.4819403636331201,32940,0.025909495,0.8534261,,,rel_outperform_extreme_bin,True,ret_60m_turned_positive_bin,True,0.010428413359151253,bull_high_vol,True,True,"(False, 'PASS')",False,PASS,0.030054644808743092,True,True,False,False,,,,,,,
rel_outperform_extreme_bin == True AND ret_30m_bin == 4.0,double,SHORT,fwd_ret_60m,5.911118515555729,3.443620499865574e-09,0.03453255,0.5213731912600025,0.66894734,0.6565421,1.1098927,0.604213311041091,24119,0.03453255,0.90727437,,,rel_outperform_extreme_bin,True,ret_30m_bin,4.0,0.010396429251104356,bull_high_vol,True,True,"(False, 'PASS')",False,PASS,0.08807188974361108,True,True,False,False,,,,,,,
ret_30m_bin == 4.0 AND rvol_bin == 2,double,SHORT,fwd_ret_60m,6.285196061770701,3.3429703449883164e-10,0.036231305,0.5091931317428963,0.58038586,0.52830803,1.1397288,0.7100885616132847,19743,0.036231305,0.8099752,,,ret_30m_bin,4.0,rvol_bin,2,0.010385879569130388,bull_high_vol,False,False,"(False, 'PASS')",False,PASS,0.08069931798780289,True,True,False,False,,,,,,,
rel_strength_60m_bin == 4.0 AND is_first_hour_bin == True,double,SHORT,fwd_ret_60m,5.246547175628594,1.5548838838697066e-07,0.015484449,0.5053412028681528,0.5455465,0.5260245,1.0595093,0.33583478989280147,61503,0.015484449,0.7319313,,,rel_strength_60m_bin,4.0,is_first_hour_bin,True,0.010305527659738911,bull_high_vol,False,False,"(False, 'PASS')",False,PASS,0.010682405736305522,True,True,False,False,,,,,,,
rel_outperform_extreme_bin == True AND ret_60m_bin == 4.0,double,SHORT,fwd_ret_60m,5.523997710684908,3.339822463033215e-08,0.026886024,0.5169169359437369,0.6319955,0.6206037,1.089679,0.49356456884614036,31566,0.026886024,0.86473465,,,rel_outperform_extreme_bin,True,ret_60m_bin,4.0,0.01029802714836506,bull_high_vol,True,True,"(False, 'PASS')",False,PASS,0.033833871887473776,True,True,False,False,,,,,,,
price_up_vol_strong_bin == True AND ret_15m_turned_positive_bin == True,double,SHORT,fwd_ret_60m,5.46648201917983,4.62261466882552e-08,0.028359821,0.5060724005735858,0.65025103,0.6088225,1.0943083,0.46943918405198737,34171,0.028359821,0.9590128,,,price_up_vol_strong_bin,True,ret_15m_turned_positive_bin,True,0.010272445738384593,bull_high_vol,True,True,"(False, 'PASS')",False,PASS,0.012144801147171647,True,True,False,False,,,,,,,
atr_14_bin == 4 AND price_vs_vwap_pct_bin == 0,double,SHORT,fwd_ret_60m,5.688265649816213,1.2946911320810273e-08,0.04013981,0.48315069360866536,0.77291256,0.64485615,1.1204338,0.5081774177847405,31574,0.04013981,1.2538923,,,atr_14_bin,4,price_vs_vwap_pct_bin,0,0.010207601278265262,bull_high_vol,False,False,"(False, 'PASS')",False,PASS,0.10139809250831605,True,True,False,False,,,,,,,
ret_30m_bin == 3.0 AND ret_60m_bin == 4.0,double,SHORT,fwd_ret_60m,6.267732781635051,3.7427305699111457e-10,0.03316694,0.5125939252830988,0.5055481,0.46362567,1.1467732,0.7237737260775208,18898,0.03316694,0.72744954,,,ret_30m_bin,3.0,ret_60m_bin,4.0,0.010172292485503031,bull_high_vol,False,False,"(False, 'PASS')",False,PASS,0.05685726311950795,True,True,False,False,,,,,,,
ret_30m_turned_positive_bin == True AND ret_5m_bin == 3.0,double,SHORT,fwd_ret_60m,5.384293892105171,7.297059601008016e-08,0.016029768,0.49585643505957294,0.5124071,0.47218812,1.0673376,0.3282184276195783,67816,0.016029768,0.77529067,,,ret_30m_turned_positive_bin,True,ret_5m_bin,3.0,0.01014224106686696,bull_high_vol,True,True,"(False, 'PASS')",False,PASS,0.0,True,True,False,False,,,,,,,
ret_15m_bin == 4.0 AND rel_strength_60m_bin == 3.0,double,SHORT,fwd_ret_60m,6.099161237306342,1.0842498010532609e-09,0.036709275,0.5009880968794522,0.6206537,0.54954773,1.1338626,0.6563733419398983,21759,0.036709275,0.8878205,,,ret_15m_bin,4.0,rel_strength_60m_bin,3.0,0.010101913409810138,bull_high_vol,False,False,"(False, 'PASS')",False,PASS,0.06906894472545339,True,True,False,False,,,,,,,
ret_15m_bin == 0.0 AND atr_14_bin == 4,double,SHORT,fwd_ret_60m,5.650350304661068,1.6151893378335558e-08,0.039412558,0.4850062674766175,0.7566208,0.6360336,1.120324,0.5085160962436353,31113,0.039412558,1.2303543,,,ret_15m_bin,0.0,atr_14_bin,4,0.01003657584656699,bull_high_vol,False,False,"(False, 'PASS')",False,PASS,0.0941255807876587,True,True,False,False,,,,,,,
ret_15m_turned_positive_bin == True,single,SHORT,fwd_ret_60m,7.808960667777965,5.773159728050814e-15,0.011354291,0.49465388752552286,0.536209,0.5023954,1.0447224,0.22246337330505944,310506,0.011354291,0.8102178,ret_15m_turned_positive_bin,True,,,,,0.009945793497135959,bull_high_vol,True,True,"(False, 'PASS')",False,PASS,0.0,True,True,False,False,,,,,,,
ret_60m_bin == 1.0 AND session_range_pct_bin == 0,double,SHORT,fwd_ret_60m,5.710770197417901,1.1355324902595498e-08,0.03169896,0.4831011880376895,0.5904295,0.49049875,1.1250265,0.5296883787394471,29292,0.03169896,0.95000273,,,ret_60m_bin,1.0,session_range_pct_bin,0,0.009908741833524201,bull_high_vol,False,False,"(False, 'PASS')",False,PASS,0.016989608108997356,True,True,False,False,,,,,,,
ret_60m_bin == 4.0 AND session_range_pct_bin == 2,double,SHORT,fwd_ret_60m,6.3557638393816696,2.1262169802582775e-10,0.038136754,0.5043407329720911,0.5710051,0.5040648,1.152642,0.7701431063710339,17163,0.038136754,0.78609055,,,ret_60m_bin,4.0,session_range_pct_bin,2,0.00980782447882426,bull_high_vol,False,False,"(False, 'PASS')",False,PASS,0.09004900779379549,True,True,False,False,,,,,,,
ret_60m_bin == 4.0 AND atr_14_bin == 1,double,SHORT,fwd_ret_60m,6.659231741913571,2.8593793999220907e-11,0.04295077,0.517410349691885,0.5132708,0.4613047,1.1929324,0.9108706589712127,13469,0.04295077,0.74853915,,,ret_60m_bin,4.0,atr_14_bin,1,0.00978515161389742,bull_high_vol,False,False,"(False, 'PASS')",False,PASS,0.16432841687396632,True,True,False,False,,,,,,,
ret_5m_bin == 3.0 AND price_vs_vwap_pct_bin == 3,double,SHORT,fwd_ret_60m,5.366848664051785,8.064389045436826e-08,0.02170387,0.4978985464946588,0.5038969,0.4564529,1.0947,0.4602706194302674,34262,0.02170387,0.7485558,,,ret_5m_bin,3.0,price_vs_vwap_pct_bin,3,0.009754441867045837,bull_high_vol,False,False,"(False, 'PASS')",False,PASS,0.0,True,True,False,False,,,,,,,
ret_15m_bin == 4.0 AND session_range_pct_bin == 2,double,SHORT,fwd_ret_60m,6.201021422067705,5.727629481810936e-10,0.03770965,0.5048736075407027,0.60407865,0.53980905,1.14109,0.7203906671290321,18672,0.03770965,0.83096874,,,ret_15m_bin,4.0,session_range_pct_bin,2,0.009748124555710471,bull_high_vol,False,False,"(False, 'PASS')",False,PASS,0.08684371160383192,True,True,False,False,,,,,,,
session_range_pct_bin == 2 AND price_vs_vwap_pct_bin == 4,double,SHORT,fwd_ret_60m,6.185496055121537,6.318541245775577e-10,0.036505945,0.5051825865093287,0.5891956,0.52776116,1.1397916,0.7158891472598036,18813,0.036505945,0.8095023,,,session_range_pct_bin,2,price_vs_vwap_pct_bin,4,0.009741884891815638,bull_high_vol,False,False,"(False, 'PASS')",False,PASS,0.07542462328740279,True,True,False,False,,,,,,,
ret_5m_bin == 4.0 AND rvol_bin == 3,double,SHORT,fwd_ret_60m,5.975141192545191,2.3346495847675897e-09,0.042284355,0.5029387455230049,0.6900522,0.613143,1.138742,0.6427460727456565,21778,0.042284355,1.0443367,,,ret_5m_bin,4.0,rvol_bin,3,0.009737263995492544,bull_high_vol,False,False,"(False, 'PASS')",False,PASS,0.12872103672128749,True,True,False,False,,,,,,,
ret_30m_bin == 3.0 AND atr_14_bin == 2,double,SHORT,fwd_ret_60m,5.919044307477122,3.284925442770259e-09,0.031998623,0.50157114405842,0.535073,0.47424734,1.1353703,0.6250945204838768,22595,0.031998623,0.81261694,,,ret_30m_bin,3.0,atr_14_bin,2,0.009706405369090648,bull_high_vol,False,False,"(False, 'PASS')",False,PASS,0.02312851974192004,True,True,False,False,,,,,,,
ret_60m_turned_positive_bin == True,single,SHORT,fwd_ret_60m,7.50651502866579,6.084022174945858e-14,0.011230194,0.49453317385492157,0.5313648,0.49765348,1.0446445,0.22350165903448682,284260,0.011230194,0.7976397,ret_60m_turned_positive_bin,True,,,,,0.009602864415921751,bull_high_vol,True,True,"(False, 'PASS')",False,PASS,0.0,True,True,False,False,,,,,,,
ret_60m_bin == 4.0 AND session_range_pct_bin == 3,double,SHORT,fwd_ret_60m,5.6018291924452015,2.142161048546143e-08,0.02564538,0.5114955611199635,0.5400165,0.51293427,1.1023479,0.547739284176173,26358,0.02564538,0.743251,,,ret_60m_bin,4.0,session_range_pct_bin,3,0.009575783716868314,bull_high_vol,False,False,"(False, 'PASS')",False,PASS,0.022991122239927053,True,True,False,False,,,,,,,
vwap_cross_up_bin == True AND rvol_bin == 3,double,SHORT,fwd_ret_60m,5.1328825050490625,2.8617110969797466e-07,0.01838224,0.49524717801194457,0.5925626,0.544985,1.0668244,0.32218147078391984,63962,0.01838224,0.9057287,,,vwap_cross_up_bin,True,rvol_bin,3,0.009479166462689155,bull_high_vol,True,True,"(False, 'PASS')",False,PASS,0.0,True,True,False,False,,,,,,,
rel_outperform_extreme_bin == True AND vwap_cross_up_bin == True,double,SHORT,fwd_ret_60m,5.3966197115481656,6.844057964805472e-08,0.027351214,0.5175353814290645,0.62914723,0.6181899,1.0917042,0.5033242092835847,28970,0.027351214,0.8626389,,,rel_outperform_extreme_bin,True,vwap_cross_up_bin,True,0.009427020021144436,bull_high_vol,True,True,"(False, 'PASS')",False,PASS,0.035070762858129045,True,True,False,False,,,,,,,
ret_60m_bin == 4.0 AND is_first_hour_bin == True,double,SHORT,fwd_ret_60m,5.2098002376882215,1.8956727187990907e-07,0.014242418,0.5050657710607332,0.5447665,0.5271418,1.0545894,0.30937827777698373,71460,0.014242418,0.73079264,,,ret_60m_bin,4.0,is_first_hour_bin,True,0.009422043025533695,bull_high_vol,False,False,"(False, 'PASS')",False,PASS,0.010131542121466497,True,True,False,False,,,,,,,
price_up_vol_weak_bin == True AND ret_15m_bin == 4.0,double,SHORT,fwd_ret_60m,5.182148941362508,2.2057279669418506e-07,0.020944914,0.5130256469500925,0.54255456,0.528569,1.0813711,0.4421010553017705,34624,0.020944914,0.75206834,,,price_up_vol_weak_bin,True,ret_15m_bin,4.0,0.009420284337849324,bull_high_vol,True,True,"(False, 'PASS')",False,PASS,0.026051293900184902,True,True,False,False,,,,,,,
rel_strength_60m_bin == 2.0 AND atr_14_bin == 2,double,SHORT,fwd_ret_60m,5.952504320362901,2.6816286968767145e-09,0.033812445,0.49289165582605465,0.55813444,0.4758103,1.1401335,0.6440780779155791,21524,0.033812445,0.8333709,,,rel_strength_60m_bin,2.0,atr_14_bin,2,0.009415186767864419,bull_high_vol,False,False,"(False, 'PASS')",False,PASS,0.03812444657087327,True,True,False,False,,,,,,,
ret_15m_turned_positive_bin == True AND rvol_bin == 2,double,SHORT,fwd_ret_60m,5.071137074007122,3.9657642769697077e-07,0.01620538,0.4967512152861337,0.53797996,0.4988324,1.0645539,0.3224434483590733,62331,0.01620538,0.7978218,,,ret_15m_turned_positive_bin,True,rvol_bin,2,0.00940121754972525,bull_high_vol,True,True,"(False, 'PASS')",False,PASS,0.0,True,True,False,False,,,,,,,
ret_5m_bin == 4.0 AND ret_60m_bin == 3.0,double,SHORT,fwd_ret_60m,5.8844362135176365,4.053591018404745e-09,0.036261983,0.5022174501657253,0.6141403,0.5467648,1.1332328,0.6382418325675212,21421,0.036261983,0.901917,,,ret_5m_bin,4.0,ret_60m_bin,3.0,0.009352719695983516,bull_high_vol,False,False,"(False, 'PASS')",False,PASS,0.06705473248953925,True,True,False,False,,,,,,,
price_up_vol_strong_bin == True AND ret_5m_turned_positive_bin == True,double,SHORT,fwd_ret_60m,5.38795271310487,7.180074623747146e-08,0.029499833,0.5053476826708426,0.6519443,0.6064032,1.0983462,0.4937070598094208,30013,0.029499833,0.9485287,,,price_up_vol_strong_bin,True,ret_5m_turned_positive_bin,True,0.009339186602897056,bull_high_vol,True,True,"(False, 'PASS')",False,PASS,0.010695365341685248,True,True,False,False,,,,,,,
rel_outperform_extreme_bin == True AND ret_5m_bin == 4.0,double,SHORT,fwd_ret_60m,6.32652058983559,2.581217461994356e-10,0.049672984,0.5249965474381991,0.70829266,0.67826504,1.1541785,0.8345472476592827,14482,0.049672984,0.94486463,,,rel_outperform_extreme_bin,True,ret_5m_bin,4.0,0.009292168973817192,bull_high_vol,True,True,"(False, 'PASS')",False,PASS,0.24672293074428003,True,True,False,False,,,,,,,
price_up_vol_strong_bin == True AND ret_5m_bin == 4.0,double,SHORT,fwd_ret_60m,6.209691852086859,5.442024608726115e-10,0.050473973,0.5169523809523809,0.7273823,0.6739461,1.155043,0.7854708051806171,15750,0.050473973,1.0200882,,,price_up_vol_strong_bin,True,ret_5m_bin,4.0,0.00919279230727614,bull_high_vol,True,True,"(False, 'PASS')",False,PASS,0.23864449345497857,True,True,False,False,,,,,,,
new_session_low_bin == True,single,SHORT,fwd_ret_60m,6.085269874211805,1.1852552272983985e-09,0.052472506,0.489229472797177,0.7000507,0.567795,1.1809316,0.7010547705567509,18987,0.052472506,1.1881742,new_session_low_bin,True,,,,,0.009173118597077725,bull_high_vol,True,True,"(False, 'PASS')",False,PASS,0.2247250571846962,True,True,False,False,,,,,,,
rel_outperform_extreme_bin == True AND atr_14_bin == 4,double,SHORT,fwd_ret_60m,6.0499385203349965,1.4803314130062972e-09,0.045882724,0.5225962996663633,0.73452663,0.7079505,1.1357564,0.7480088989909226,16485,0.045882724,0.9737393,,,rel_outperform_extreme_bin,True,atr_14_bin,4,0.009024627000272435,bull_high_vol,True,True,"(False, 'PASS')",False,PASS,0.20401984158793757,True,True,False,False,,,,,,,
ret_30m_bin == 4.0 AND rvol_bin == 1,double,SHORT,fwd_ret_60m,5.901751520542969,3.65774299737609e-09,0.03125336,0.5071845886625612,0.53697985,0.4892187,1.1296313,0.6796977436038782,18999,0.03125336,0.7299299,,,ret_30m_bin,4.0,rvol_bin,1,0.008947666597318117,bull_high_vol,False,False,"(False, 'PASS')",False,PASS,0.026902779443614577,True,True,False,False,,,,,,,
ret_15m_turned_positive_bin == True AND rvol_bin == 3,double,SHORT,fwd_ret_60m,4.947019237514922,7.5553352885116e-07,0.018056542,0.49291232999169915,0.59764403,0.545329,1.0652969,0.31376474632060025,62644,0.018056542,0.9135466,,,ret_15m_turned_positive_bin,True,rvol_bin,3,0.008855308275355342,bull_high_vol,True,True,"(False, 'PASS')",False,PASS,0.0,True,True,False,False,,,,,,,
ret_5m_turned_positive_bin == True AND rvol_bin == 2,double,SHORT,fwd_ret_60m,4.847819123922232,1.251448515926512e-06,0.01613765,0.49365923501738596,0.54313856,0.49766427,1.0640414,0.3177210808026189,58668,0.01613765,0.80629605,,,ret_5m_turned_positive_bin,True,rvol_bin,2,0.00880047193361151,bull_high_vol,True,True,"(False, 'PASS')",False,PASS,0.0,True,True,False,False,,,,,,,
price_up_vol_strong_bin == True AND ret_30m_turned_positive_bin == True,double,SHORT,fwd_ret_60m,4.973096362552483,6.618763723764687e-07,0.024612326,0.5023474178403756,0.6456435,0.6022776,1.0821164,0.4112579267994609,36849,0.024612326,0.9500329,,,price_up_vol_strong_bin,True,ret_30m_turned_positive_bin,True,0.008763695723446248,bull_high_vol,True,True,"(False, 'PASS')",False,PASS,0.0046948356807512415,True,True,False,False,,,,,,,
rvol_bin == 2 AND price_vs_vwap_pct_bin == 3,double,SHORT,fwd_ret_60m,5.705990075374251,1.1721073889248146e-08,0.031084646,0.5026644659278472,0.5302901,0.47346982,1.132009,0.6220311569690856,21205,0.031084646,0.7932938,,,rvol_bin,2,price_vs_vwap_pct_bin,3,0.008757413694495663,bull_high_vol,False,False,"(False, 'PASS')",False,PASS,0.016175387250916107,True,True,False,False,,,,,,,
ret_30m_bin == 4.0 AND price_vs_vwap_pct_bin == 3,double,SHORT,fwd_ret_60m,5.855327997253218,4.839296519065783e-09,0.034622006,0.5040088616942715,0.54914343,0.48821664,1.1429769,0.6750800192346099,18958,0.034622006,0.81413656,,,ret_30m_bin,4.0,price_vs_vwap_pct_bin,3,0.008742858037763142,bull_high_vol,False,False,"(False, 'PASS')",False,PASS,0.05423778457151879,True,True,False,False,,,,,,,
ret_5m_bin == 4.0 AND ret_30m_bin == 3.0,double,SHORT,fwd_ret_60m,5.623893213542088,1.8896838094306645e-08,0.03273642,0.5047744634412513,0.5924466,0.5377661,1.1229235,0.6020117532153995,21992,0.03273642,0.86322993,,,ret_5m_bin,4.0,ret_30m_bin,3.0,0.008700022819059884,bull_high_vol,False,False,"(False, 'PASS')",False,PASS,0.036913133196589565,True,True,False,False,,,,,,,
ret_5m_turned_positive_bin == True AND rel_strength_60m_bin == 2.0,double,SHORT,fwd_ret_60m,4.849840539740385,1.2386806897968228e-06,0.016337514,0.4942810728375825,0.5291196,0.484847,1.0666302,0.3134551929081531,60326,0.016337514,0.82739097,,,ret_5m_turned_positive_bin,True,rel_strength_60m_bin,2.0,0.008696873771525549,bull_high_vol,True,True,"(False, 'PASS')",False,PASS,0.0,True,True,False,False,,,,,,,
ret_5m_bin == 4.0 AND rel_strength_60m_bin == 3.0,double,SHORT,fwd_ret_60m,5.676335707930782,1.3946364507688713e-08,0.03489221,0.5032323919700579,0.6158637,0.5536398,1.1268668,0.6282312140648509,20573,0.03489221,0.8816764,,,ret_5m_bin,4.0,rel_strength_60m_bin,3.0,0.008546140933282745,bull_high_vol,False,False,"(False, 'PASS')",False,PASS,0.05538687268237191,True,True,False,False,,,,,,,
session_range_pct_bin == 0 AND price_vs_vwap_pct_bin == 0,double,SHORT,fwd_ret_60m,4.767745145428219,1.8686025027303543e-06,0.02368956,0.47163948828936936,0.6290969,0.51672554,1.0867695,0.35035503005427054,46667,0.02368956,1.0733687,,,session_range_pct_bin,0,price_vs_vwap_pct_bin,0,0.008510551133501043,bull_high_vol,False,False,"(False, 'PASS')",False,PASS,0.0,True,True,False,False,,,,,,,
price_up_vol_weak_bin == True AND price_vs_vwap_pct_bin == 3,double,SHORT,fwd_ret_60m,5.128522915144914,2.937958762938564e-07,0.019788964,0.5019204478875073,0.45482454,0.41860136,1.0949125,0.4644808592664444,30722,0.019788964,0.6763251,,,price_up_vol_weak_bin,True,price_vs_vwap_pct_bin,3,0.008502776218212488,bull_high_vol,True,True,"(False, 'PASS')",False,PASS,0.0038408957750146744,True,True,False,False,,,,,,,
ret_15m_turned_positive_bin == True AND rvol_bin == 4,double,SHORT,fwd_ret_60m,4.811445803447695,1.5018957324475224e-06,0.018367069,0.4964965921396267,0.6314156,0.58615017,1.0622342,0.3047964200892798,62796,0.018367069,0.9565997,,,ret_15m_turned_positive_bin,True,rvol_bin,4,0.008427290976952991,bull_high_vol,True,True,"(False, 'PASS')",False,PASS,0.0,True,True,False,False,,,,,,,
ret_5m_bin == 4.0 AND rel_strength_60m_bin == 1.0,double,SHORT,fwd_ret_60m,6.141741515289291,8.371090487457877e-10,0.04576001,0.4997971328103868,0.6226694,0.53068143,1.1723876,0.801746531644215,14788,0.04576001,0.906044,,,ret_5m_bin,4.0,rel_strength_60m_bin,1.0,0.00842457653023182,bull_high_vol,False,False,"(False, 'PASS')",False,PASS,0.15760009437799455,True,True,False,False,,,,,,,
ret_5m_bin == 1.0 AND session_range_pct_bin == 0,double,SHORT,fwd_ret_60m,5.446899776828189,5.1709413639855484e-08,0.028891794,0.4725084618277548,0.5736652,0.45909718,1.1193038,0.5302619499587278,26590,0.028891794,0.86493665,,,ret_5m_bin,1.0,session_range_pct_bin,0,0.008400091751790378,bull_high_vol,False,False,"(False, 'PASS')",False,PASS,0.0,True,True,False,False,,,,,,,
price_vs_vwap_pct_bin == 3 AND is_power_hour_bin == True,double,SHORT,fwd_ret_60m,5.901759395835894,3.6563618799334563e-09,0.061970707,0.46839362196191753,1.1602112,0.90567917,1.1287129,0.6730015849555255,19379,0.061970707,1.4617417,,,price_vs_vwap_pct_bin,3,is_power_hour_bin,True,0.008345573296464147,bull_high_vol,False,False,"(False, 'PASS')",False,PASS,0.31970707029104234,True,True,False,False,,,,,,,
vwap_cross_up_bin == True AND rvol_bin == 2,double,SHORT,fwd_ret_60m,4.8043109172766245,1.5563672242091542e-06,0.015169384,0.4965358690042383,0.5359272,0.4984222,1.0604507,0.30160718315039964,63941,0.015169384,0.7984111,,,vwap_cross_up_bin,True,rvol_bin,2,0.00832740468395219,bull_high_vol,True,True,"(False, 'PASS')",False,PASS,0.0,True,True,False,False,,,,,,,
new_session_low_bin == True AND session_range_pct_bin == 0,double,SHORT,fwd_ret_60m,5.99634838127597,2.059784121044572e-09,0.056637708,0.486020082977572,0.7018747,0.55349916,1.1990869,0.73812164058346,16631,0.056637708,1.2180861,,,new_session_low_bin,True,session_range_pct_bin,0,0.008281397430895608,bull_high_vol,True,True,"(False, 'PASS')",False,PASS,0.26637708097696305,True,True,False,False,,,,,,,
atr_14_bin == 4 AND price_vs_vwap_pct_bin == 4,double,SHORT,fwd_ret_60m,4.598409178424551,4.269571772352876e-06,0.019933542,0.511413479224638,0.64854854,0.63805056,1.0639423,0.3544820343516149,42406,0.019933542,0.89266914,,,atr_14_bin,4,price_vs_vwap_pct_bin,4,0.008183094666863504,bull_high_vol,False,False,"(False, 'PASS')",False,PASS,0.022826958449275958,True,True,False,False,,,,,,,
atr_14_bin == 2 AND price_vs_vwap_pct_bin == 4,double,SHORT,fwd_ret_60m,5.780414453315154,7.581607563977855e-09,0.039026413,0.5049470171535624,0.59337246,0.5263987,1.1497587,0.7021058742634728,17081,0.039026413,0.8823813,,,atr_14_bin,2,price_vs_vwap_pct_bin,4,0.008102834001480133,bull_high_vol,False,False,"(False, 'PASS')",False,PASS,0.10015816543591277,True,True,False,False,,,,,,,
rel_strength_60m_bin == 4.0 AND atr_14_bin == 3,double,SHORT,fwd_ret_60m,5.2721053831402855,1.3606611970473637e-07,0.028127916,0.5187911993836144,0.5503559,0.5348861,1.1092805,0.5475570234794184,23362,0.028127916,0.81547093,,,rel_strength_60m_bin,4.0,atr_14_bin,3,0.008099016984368707,bull_high_vol,False,False,"(False, 'PASS')",False,PASS,0.0375823987672288,True,True,False,False,,,,,,,
ret_15m_bin == 4.0 AND atr_14_bin == 4,double,SHORT,fwd_ret_60m,4.609361694179443,4.0513744461456724e-06,0.021142576,0.5116101172115978,0.6617316,0.64990294,1.0666105,0.36347918994363226,40525,0.021142576,0.9233761,,,ret_15m_bin,4.0,atr_14_bin,4,0.00804079038571489,bull_high_vol,False,False,"(False, 'PASS')",False,PASS,0.02322023442319554,True,True,False,False,,,,,,,
ret_30m_bin == 4.0 AND rel_strength_60m_bin == 2.0,double,SHORT,fwd_ret_60m,6.314397150542861,2.8087043801861e-10,0.049214527,0.5021004873130567,0.59064573,0.49678493,1.1989679,0.9188025475090479,11902,0.049214527,0.85029846,,,ret_30m_bin,4.0,rel_strength_60m_bin,2.0,0.008025663126598671,bull_high_vol,False,False,"(False, 'PASS')",False,PASS,0.19634624473529,True,True,False,False,,,,,,,
price_up_vol_strong_bin == True AND vwap_cross_up_bin == True,double,SHORT,fwd_ret_60m,4.748187111932,2.0603529535812015e-06,0.023682527,0.5035616286482442,0.643441,0.6049687,1.078855,0.3968266584803887,36079,0.023682527,0.9473871,,,price_up_vol_strong_bin,True,vwap_cross_up_bin,True,0.007924138164883281,bull_high_vol,True,True,"(False, 'PASS')",False,PASS,0.007123257296488328,True,True,False,False,,,,,,,
price_up_vol_weak_bin == True AND ret_30m_turned_positive_bin == True,double,SHORT,fwd_ret_60m,5.186759019797038,2.1440801245553587e-07,0.011507247,0.5011230473712561,0.47684854,0.45592916,1.0505918,0.2624908856167535,98393,0.011507247,0.695917,,,price_up_vol_weak_bin,True,ret_30m_turned_positive_bin,True,0.007896614437780116,bull_high_vol,True,True,"(False, 'PASS')",False,PASS,0.00224609474251225,True,True,False,False,,,,,,,
