rule,rule_type,direction,horizon,t_stat,p_value,expectancy,win_rate,avg_win,avg_loss,profit_factor,sharpe,n_samples,mean_ret,std_ret,rule_col,rule_val,rule_col1,rule_val1,rule_col2,rule_val2,aaa_score,regime,is_event_based,passes_event_filter,overfit_check,is_overfit,overfit_reason,overfit_risk,passes_overfit_filter,passes_regime_filter,passes_aaa_score,passes_aaa_filters,validation_passed,validation_reason,val_expectancy,val_expectancy_net,val_win_rate,val_sharpe,val_trades
atr_14_bin == 0,single,LONG,fwd_ret_60m,30.244677770798287,0.0,0.031108657,0.508053633335908,0.31452978,0.26159218,1.2417346,1.0234155747484932,220087,0.031108657,0.48253575,atr_14_bin,0,,,,,0.18201065095042954,bull_low_vol,False,False,"(False, 'PASS')",False,PASS,0.02719383565322514,True,True,True,False,,,,,,,
avwap_cross_up_bin == True AND atr_14_bin == 0,double,LONG,fwd_ret_60m,25.49971556356087,0.0,0.036787074,0.5121729120492071,0.32005137,0.260614,1.2893553,1.1864458164695535,116406,0.036787074,0.49220678,,,avwap_cross_up_bin,True,atr_14_bin,0,0.17934369308408676,bull_low_vol,True,True,"(False, 'PASS')",False,PASS,0.09221656469089395,True,True,True,True,False,Net expectancy -1.810% < 1.000% after 2.0 bps cost,0.001898456,-0.018101543,0.48034282554603264,0.054840002,36170.0
atr_14_bin == 0 AND is_power_hour_bin == True,double,LONG,fwd_ret_60m,24.2180243823227,0.0,0.1449526,0.567272489539749,0.757542,0.658105,1.5089983,2.1980372728689526,30592,0.1449526,1.0468663,,,atr_14_bin,0,is_power_hour_bin,True,0.1758650143173654,bull_low_vol,False,False,"(True, 'Expectancy too high (14.495% > 10.000%)')",True,Expectancy too high (14.495% > 10.000%),1.6330895678531465,False,True,True,False,,,,,,,
is_power_hour_bin == True,single,LONG,fwd_ret_60m,25.232492235647367,0.0,0.078283474,0.5421177961031801,0.873017,0.8626555,1.1981887,0.9700648764686158,170498,0.078283474,1.2810603,is_power_hour_bin,True,,,,,0.1523822429165179,bull_low_vol,False,False,"(False, 'PASS')",False,PASS,0.5670703306993259,True,True,True,False,,,,,,,
vwap_cross_up_bin == True AND atr_14_bin == 0,double,LONG,fwd_ret_60m,23.11907697359532,0.0,0.030281141,0.5038398328904726,0.31532332,0.259173,1.2354835,1.0170491057122126,130214,0.030281141,0.47264013,,,vwap_cross_up_bin,True,atr_14_bin,0,0.13711695809665997,bull_low_vol,True,True,"(False, 'PASS')",False,PASS,0.010491079784317459,True,True,True,True,False,Net expectancy -1.993% < 1.000% after 2.0 bps cost,7.0370625e-05,-0.019929629,0.4695563462639031,0.00202939,40189.0
ret_15m_turned_positive_bin == True AND atr_14_bin == 0,double,LONG,fwd_ret_60m,22.336066789486846,0.0,0.03050678,0.5042386001322209,0.3138579,0.25768948,1.238796,1.0257192032953393,119497,0.03050678,0.47213715,,,ret_15m_turned_positive_bin,True,atr_14_bin,0,0.13370804285504032,bull_low_vol,True,True,"(False, 'PASS')",False,PASS,0.013545003975140857,True,True,True,True,False,Net expectancy -2.048% < 1.000% after 2.0 bps cost,-0.00048058107,-0.02048058,0.47086347379460564,-0.013576679,37187.0
ret_15m_bin == 1.0 AND atr_14_bin == 0,double,LONG,fwd_ret_60m,19.51118726619549,0.0,0.03491238,0.5137209881324518,0.3123098,0.2581393,1.2781248,1.1519159893213227,72298,0.03491238,0.4811261,,,ret_15m_bin,1.0,atr_14_bin,0,0.13363433924030066,bull_low_vol,False,False,"(False, 'PASS')",False,PASS,0.07656578947682152,True,True,True,False,,,,,,,
ret_15m_bin == 1.0 AND is_power_hour_bin == True,double,LONG,fwd_ret_60m,18.033010234819315,0.0,0.10252221,0.5496445873138045,0.8384999,0.7957153,1.2860916,1.362025198000516,44174,0.10252221,1.1949042,,,ret_15m_bin,1.0,is_power_hour_bin,True,0.1331997338291385,bull_low_vol,False,False,"(True, 'Expectancy too high (10.252% > 10.000%)')",True,Expectancy too high (10.252% > 10.000%),0.8245112674945065,False,True,True,False,,,,,,,
ret_30m_turned_positive_bin == True AND atr_14_bin == 0,double,LONG,fwd_ret_60m,22.151530788018828,0.0,0.030431526,0.5046576251503463,0.31551194,0.26001,1.2362808,1.0127713608191424,120555,0.030431526,0.47699365,,,ret_30m_turned_positive_bin,True,atr_14_bin,0,0.13103830073449843,bull_low_vol,True,True,"(False, 'PASS')",False,PASS,0.01363050811819938,True,True,True,True,False,Net expectancy -2.393% < 1.000% after 2.0 bps cost,-0.003930592,-0.02393059,0.4697472417792884,-0.11581577,37071.0
avwap_cross_up_bin == True AND atr_14_bin == 1,double,LONG,fwd_ret_60m,21.55967446127466,0.0,0.03701399,0.514620284090422,0.37548807,0.3218507,1.2369354,1.0020618594760287,116653,0.03701399,0.5863699,,,avwap_cross_up_bin,True,atr_14_bin,1,0.12867965534108752,bull_low_vol,True,True,"(False, 'PASS')",False,PASS,0.09938045759992292,True,True,True,True,False,Net expectancy -3.787% < 1.000% after 2.0 bps cost,-0.017869081,-0.03786908,0.47235140568273876,-0.39759287,33329.0
atr_14_bin == 0 AND price_vs_vwap_pct_bin == 1,double,LONG,fwd_ret_60m,17.932357342204213,0.0,0.03776897,0.5144652974504249,0.31746674,0.25859454,1.3008124,1.1978165894256165,56480,0.03776897,0.5005473,,,atr_14_bin,0,price_vs_vwap_pct_bin,1,0.12789985469483572,bull_low_vol,False,False,"(False, 'PASS')",False,PASS,0.1066203066504035,True,True,True,False,,,,,,,
atr_14_bin == 1 AND is_power_hour_bin == True,double,LONG,fwd_ret_60m,18.039113294003982,0.0,0.10965724,0.5433103109388223,0.8305396,0.7479553,1.3210261,1.496204907924912,36631,0.10965724,1.1634468,,,atr_14_bin,1,is_power_hour_bin,True,0.12282719690870175,bull_low_vol,False,False,"(True, 'Expectancy too high (10.966% > 10.000%)')",True,Expectancy too high (10.966% > 10.000%),0.8831930508193713,False,True,True,False,,,,,,,
session_range_pct_bin == 1 AND atr_14_bin == 0,double,LONG,fwd_ret_60m,17.339503221852308,0.0,0.039038494,0.5175528326114871,0.3178847,0.2600982,1.3111043,1.2841280879860106,45947,0.039038494,0.4825974,,,session_range_pct_bin,1,atr_14_bin,0,0.12256687114989545,bull_low_vol,False,False,"(False, 'PASS')",False,PASS,0.12549060751614133,True,True,True,False,,,,,,,
ret_60m_turned_positive_bin == True AND atr_14_bin == 0,double,LONG,fwd_ret_60m,21.346567969912766,0.0,0.03023217,0.5048233399322216,0.31667015,0.26178598,1.2332183,0.9814503745750657,119212,0.03023217,0.48899144,,,ret_60m_turned_positive_bin,True,atr_14_bin,0,0.12241146315650844,bull_low_vol,True,True,"(False, 'PASS')",False,PASS,0.011968385831631123,True,True,True,True,False,Net expectancy -2.133% < 1.000% after 2.0 bps cost,-0.0013291234,-0.021329124,0.46798002372872005,-0.039413903,36243.0
atr_14_bin == 1,single,LONG,fwd_ret_60m,24.30610614696796,0.0,0.029418955,0.5114932292023475,0.36105543,0.31782255,1.1894836,0.8245903256889463,218955,0.029418955,0.5663557,atr_14_bin,1,,,,,0.11865328654561598,bull_low_vol,False,False,"(False, 'PASS')",False,PASS,0.022986458404695043,True,True,True,False,,,,,,,
ret_60m_bin == 2.0 AND atr_14_bin == 0,double,LONG,fwd_ret_60m,17.56627703244575,0.0,0.034235895,0.5069998494656028,0.31243423,0.2518624,1.2757219,1.1404509517479244,59787,0.034235895,0.47654656,,,ret_60m_bin,2.0,atr_14_bin,0,0.11755752321707218,bull_low_vol,False,False,"(False, 'PASS')",False,PASS,0.05635864573143762,True,True,True,False,,,,,,,
rel_strength_60m_bin == 2.0 AND atr_14_bin == 0,double,LONG,fwd_ret_60m,17.220666766339846,0.0,0.034014456,0.5071222611668422,0.3157902,0.25590485,1.2696781,1.135918562286319,57917,0.034014456,0.4753534,,,rel_strength_60m_bin,2.0,atr_14_bin,0,0.11481432901586555,bull_low_vol,False,False,"(False, 'PASS')",False,PASS,0.054389082074704664,True,True,True,False,,,,,,,
ret_30m_bin == 2.0 AND atr_14_bin == 0,double,LONG,fwd_ret_60m,17.285321637699475,0.0,0.034471683,0.512385267611734,0.31289724,0.25809768,1.2739061,1.1199276403378313,60031,0.034471683,0.48862177,,,ret_30m_bin,2.0,atr_14_bin,0,0.11480222894031497,bull_low_vol,False,False,"(False, 'PASS')",False,PASS,0.06948736726520838,True,True,True,False,,,,,,,
session_range_pct_bin == 2 AND atr_14_bin == 0,double,LONG,fwd_ret_60m,16.545315876918803,0.0,0.03300021,0.5094028303682864,0.30287838,0.24722297,1.2720839,1.2080050924759305,47273,0.03300021,0.43365884,,,session_range_pct_bin,2,atr_14_bin,0,0.11141267429520599,bull_low_vol,False,False,"(False, 'PASS')",False,PASS,0.048807745111000556,True,True,True,False,,,,,,,
atr_14_bin == 0 AND price_vs_vwap_pct_bin == 2,double,LONG,fwd_ret_60m,17.07788209903793,0.0,0.031719513,0.5120081089476352,0.3067822,0.2568802,1.2530366,1.0961644410197569,61167,0.031719513,0.4593578,,,atr_14_bin,0,price_vs_vwap_pct_bin,2,0.1109360804203697,bull_low_vol,False,False,"(False, 'PASS')",False,PASS,0.04121135027003381,True,True,True,False,,,,,,,
ret_5m_turned_positive_bin == True AND atr_14_bin == 0,double,LONG,fwd_ret_60m,19.702031236212147,0.0,0.0290378,0.5036110638458775,0.31476375,0.26084527,1.2242635,0.9616060167858163,105786,0.0290378,0.47936553,,,ret_5m_turned_positive_bin,True,atr_14_bin,0,0.11043066702935268,bull_low_vol,True,True,"(False, 'PASS')",False,PASS,0.007222127691755009,True,True,True,True,False,Net expectancy -1.835% < 1.000% after 2.0 bps cost,0.0016477738,-0.018352225,0.4701532750568794,0.04580425,33404.0
avwap_cross_up_bin == True AND ret_60m_bin == 1.0,double,LONG,fwd_ret_60m,17.865289763336413,0.0,0.04299737,0.526527639346776,0.4004826,0.3545461,1.2561383,1.0137852081212713,78258,0.04299737,0.6732808,,,avwap_cross_up_bin,True,ret_60m_bin,1.0,0.11037315225203315,bull_low_vol,True,True,"(False, 'PASS')",False,PASS,0.18302899274718293,True,True,True,True,False,Net expectancy -1.572% < 1.000% after 2.0 bps cost,0.004278822,-0.015721178,0.4910576375904398,0.09666972,24602.0
price_vs_vwap_pct_bin == 1 AND is_power_hour_bin == True,double,LONG,fwd_ret_60m,16.915214219707863,0.0,0.104694694,0.5542876719548833,0.8398399,0.80953157,1.2901591,1.3784618957868155,37946,0.104694694,1.2056748,,,price_vs_vwap_pct_bin,1,is_power_hour_bin,True,0.10767197636444924,bull_low_vol,False,False,"(True, 'Expectancy too high (10.469% > 10.000%)')",True,Expectancy too high (10.469% > 10.000%),0.8555222867160104,False,True,True,False,,,,,,,
ret_5m_turned_positive_bin == True AND is_power_hour_bin == True,double,LONG,fwd_ret_60m,17.958353765693,0.0,0.0771553,0.5430079097538942,0.8747574,0.8705728,1.1939331,0.9462067620245546,90774,0.0771553,1.2944342,,,ret_5m_turned_positive_bin,True,is_power_hour_bin,True,0.10561040697154436,bull_low_vol,True,True,"(False, 'PASS')",False,PASS,0.5575688143550861,True,True,True,True,True,PASS,0.1408208,0.120820805,0.5286421861656704,1.4777938,29275.0
ret_60m_bin == 1.0 AND atr_14_bin == 0,double,LONG,fwd_ret_60m,16.265915252157086,0.0,0.033026274,0.5108496825795344,0.30963856,0.2558569,1.2638884,1.093476894094153,55762,0.033026274,0.47945765,,,ret_60m_bin,1.0,atr_14_bin,0,0.10516409798619138,bull_low_vol,False,False,"(False, 'PASS')",False,PASS,0.05196210809568008,True,True,True,False,,,,,,,
avwap_cross_up_bin == True AND ret_30m_bin == 2.0,double,LONG,fwd_ret_60m,19.522195999075795,0.0,0.033629693,0.5159865151127999,0.37272415,0.3278647,1.2119194,0.8897355737428436,121321,0.033629693,0.60001516,,,avwap_cross_up_bin,True,ret_30m_bin,2.0,0.10373235391335638,bull_low_vol,True,True,"(False, 'PASS')",False,PASS,0.06826996113475664,True,True,True,True,False,Net expectancy -2.824% < 1.000% after 2.0 bps cost,-0.008237385,-0.028237384,0.4750285714285714,-0.1956645,35000.0
ret_5m_bin == 1.0 AND atr_14_bin == 0,double,LONG,fwd_ret_60m,15.75515215666329,0.0,0.03247186,0.5128623610787285,0.30225253,0.25155535,1.2649853,1.102438183004606,51468,0.03247186,0.4675771,,,ret_5m_bin,1.0,atr_14_bin,0,0.10310125062240495,bull_low_vol,False,False,"(False, 'PASS')",False,PASS,0.05044333906028525,True,True,True,False,,,,,,,
session_range_pct_bin == 3 AND atr_14_bin == 0,double,LONG,fwd_ret_60m,16.075065029579967,0.0,0.03559352,0.5091304927355934,0.3152624,0.2544794,1.2849392,1.202760691726549,45014,0.03559352,0.4697773,,,session_range_pct_bin,3,atr_14_bin,0,0.10257108108210337,bull_low_vol,False,False,"(False, 'PASS')",False,PASS,0.07419619397061844,True,True,True,False,,,,,,,
ret_5m_bin == 2.0 AND atr_14_bin == 0,double,LONG,fwd_ret_60m,16.769047252560437,0.0,0.030344566,0.5068503372932959,0.30677116,0.25376168,1.2424803,1.0283910197390038,67004,0.030344566,0.4684065,,,ret_5m_bin,2.0,atr_14_bin,0,0.10116555337168463,bull_low_vol,False,False,"(False, 'PASS')",False,PASS,0.01714633788972858,True,True,True,False,,,,,,,
ret_15m_bin == 1.0 AND price_vs_vwap_pct_bin == 1,double,LONG,fwd_ret_60m,19.455318472769754,0.0,0.031223988,0.517509212299686,0.36062306,0.32208234,1.2009244,0.8620294049386837,128361,0.031223988,0.5749983,,,ret_15m_bin,1.0,price_vs_vwap_pct_bin,1,0.10045342932397223,bull_low_vol,False,False,"(False, 'PASS')",False,PASS,0.04725830620428201,True,True,True,False,,,,,,,
ret_30m_bin == 1.0 AND atr_14_bin == 0,double,LONG,fwd_ret_60m,15.91416762551152,0.0,0.0323246,0.5099791692630904,0.30853653,0.25513732,1.25855,1.0659665283941315,56167,0.0323246,0.481382,,,ret_30m_bin,1.0,atr_14_bin,0,0.10013045527995994,bull_low_vol,False,False,"(False, 'PASS')",False,PASS,0.04320434817402702,True,True,True,False,,,,,,,
session_range_pct_bin == 1 AND is_power_hour_bin == True,double,LONG,fwd_ret_60m,16.709659367237535,0.0,0.10744276,0.554718198346138,0.8422327,0.8079357,1.2986519,1.4364083785532564,34102,0.10744276,1.1874067,,,session_range_pct_bin,1,is_power_hour_bin,True,0.09952541212601305,bull_low_vol,False,False,"(True, 'Expectancy too high (10.744% > 10.000%)')",True,Expectancy too high (10.744% > 10.000%),0.8838639864664077,False,True,True,False,,,,,,,
ret_15m_bin == 1.0,single,LONG,fwd_ret_60m,23.21262018254851,0.0,0.026473377,0.5142173927802273,0.3665851,0.3335464,1.1633847,0.7156365724915236,265133,0.026473377,0.58724195,ret_15m_bin,1.0,,,,,0.09886662566680485,bull_low_vol,False,False,"(False, 'PASS')",False,PASS,0.028434785560454534,True,True,True,False,,,,,,,
ret_15m_bin == 2.0 AND atr_14_bin == 0,double,LONG,fwd_ret_60m,15.391166818745294,0.0,0.03273477,0.5100622027076472,0.30332157,0.24896649,1.268366,1.1335157016015254,46461,0.03273477,0.4584395,,,ret_15m_bin,2.0,atr_14_bin,0,0.09570332664013279,bull_low_vol,False,False,"(False, 'PASS')",False,PASS,0.047472108693359216,True,True,True,False,,,,,,,
ret_15m_bin == 1.0 AND session_range_pct_bin == 1,double,LONG,fwd_ret_60m,15.353912407605065,0.0,0.036263883,0.5160240087304474,0.36557156,0.31485,1.2379833,1.0394819557005688,54980,0.036263883,0.55380595,,,ret_15m_bin,1.0,session_range_pct_bin,1,0.09532178783572391,bull_low_vol,False,False,"(False, 'PASS')",False,PASS,0.09468684859950566,True,True,True,False,,,,,,,
ret_60m_turned_positive_bin == True AND atr_14_bin == 1,double,LONG,fwd_ret_60m,18.775011498220497,0.0,0.03034104,0.5118753562606878,0.36571515,0.32135135,1.1934282,0.856643015891798,121049,0.03034104,0.5622518,,,ret_60m_turned_positive_bin,True,atr_14_bin,1,0.09528632315858374,bull_low_vol,True,True,"(False, 'PASS')",False,PASS,0.02716111595183751,True,True,True,True,False,Net expectancy -2.272% < 1.000% after 2.0 bps cost,-0.002719378,-0.022719378,0.4767080745341615,-0.059633877,34132.0
rel_strength_60m_bin == 1.0 AND atr_14_bin == 0,double,LONG,fwd_ret_60m,15.303228392098395,0.0,0.032062553,0.5132459539126082,0.30934936,0.26031578,1.2530392,1.0459811285017804,53941,0.032062553,0.48660272,,,rel_strength_60m_bin,1.0,atr_14_bin,0,0.09508646474240978,bull_low_vol,False,False,"(False, 'PASS')",False,PASS,0.047117436518415545,True,True,True,False,,,,,,,
vwap_cross_up_bin == True AND is_power_hour_bin == True,double,LONG,fwd_ret_60m,17.498793246363235,0.0,0.07066798,0.5419079128756548,0.8644022,0.8682935,1.1776656,0.8716769804765986,101556,0.07066798,1.2869669,,,vwap_cross_up_bin,True,is_power_hour_bin,True,0.09499626714612626,bull_low_vol,True,True,"(False, 'PASS')",False,PASS,0.49049564676571383,True,True,True,True,True,PASS,0.1297014,0.10970141,0.5225924922484121,1.3858509,33219.0
ret_30m_bin == 2.0,single,LONG,fwd_ret_60m,21.72996699774017,0.0,0.027220571,0.5126973639242669,0.36644298,0.32967967,1.1694362,0.7363539128912506,219455,0.027220571,0.5868281,ret_30m_bin,2.0,,,,,0.09494957118348678,bull_low_vol,False,False,"(False, 'PASS')",False,PASS,0.025394727848533805,True,True,True,False,,,,,,,
ret_60m_turned_positive_bin == True AND rel_strength_60m_bin == 1.0,double,LONG,fwd_ret_60m,14.837276545230539,0.0,0.035740156,0.5282031519380159,0.35153812,0.31781343,1.2383578,1.0607616312610486,49303,0.035740156,0.5348585,,,ret_60m_turned_positive_bin,True,rel_strength_60m_bin,1.0,0.09487735778600645,bull_low_vol,True,True,"(False, 'PASS')",False,PASS,0.11380786114274405,True,True,True,True,False,Net expectancy -0.051% < 1.000% after 2.0 bps cost,0.019485908,-0.0005140919,0.4977202940355448,0.49079967,10747.0
ret_5m_turned_positive_bin == True AND atr_14_bin == 1,double,LONG,fwd_ret_60m,18.37699996994801,0.0,0.030991623,0.5094329628419835,0.36543417,0.31631273,1.1997235,0.8667855693764475,113273,0.030991623,0.5675876,,,ret_5m_turned_positive_bin,True,atr_14_bin,1,0.09392032507413392,bull_low_vol,True,True,"(False, 'PASS')",False,PASS,0.028782157465211233,True,True,True,True,False,Net expectancy -2.064% < 1.000% after 2.0 bps cost,-0.0006401243,-0.020640124,0.47223229393280153,-0.013708226,33096.0
avwap_cross_up_bin == True AND rvol_bin == 0,double,LONG,fwd_ret_60m,18.38657263164609,0.0,0.027151661,0.509378955178283,0.33187947,0.2892268,1.1913427,0.8623331333418414,114565,0.027151661,0.49982917,,,avwap_cross_up_bin,True,rvol_bin,0,0.09347664373630873,bull_low_vol,True,True,"(False, 'PASS')",False,PASS,0.018757910356566043,True,True,True,True,False,Net expectancy -2.651% < 1.000% after 2.0 bps cost,-0.006505589,-0.02650559,0.4657717323512815,-0.19175047,33671.0
rvol_bin == 1 AND atr_14_bin == 0,double,LONG,fwd_ret_60m,15.279808698227969,0.0,0.03476954,0.50965097831835,0.3209797,0.26270694,1.2699119,1.1385884863411788,45384,0.03476954,0.48476627,,,rvol_bin,1,atr_14_bin,0,0.09314865550261722,bull_low_vol,False,False,"(False, 'PASS')",False,PASS,0.06699734453657574,True,True,True,False,,,,,,,
ret_30m_bin == 2.0 AND is_power_hour_bin == True,double,LONG,fwd_ret_60m,15.666333704800401,0.0,0.09527311,0.5518703698856051,0.8250885,0.8034925,1.2645969,1.2724194053540048,38201,0.09527311,1.1886126,,,ret_30m_bin,2.0,is_power_hour_bin,True,0.09309560435057439,bull_low_vol,False,False,"(False, 'PASS')",False,PASS,0.7564718126738896,True,True,True,False,,,,,,,
avwap_cross_up_bin == True AND rel_strength_60m_bin == 1.0,double,LONG,fwd_ret_60m,16.75929575416008,0.0,0.037666306,0.5251358615913706,0.3892558,0.35114437,1.2258905,0.9114731482569155,85197,0.037666306,0.6560084,,,avwap_cross_up_bin,True,rel_strength_60m_bin,1.0,0.09284479869504617,bull_low_vol,True,True,"(False, 'PASS')",False,PASS,0.12693478217894177,True,True,True,True,False,Net expectancy -3.118% < 1.000% after 2.0 bps cost,-0.011180716,-0.031180715,0.4875212118703696,-0.24689233,24161.0
price_down_vol_weak_bin == True AND atr_14_bin == 0,double,LONG,fwd_ret_60m,15.232353356317805,0.0,0.03171934,0.5119810778549008,0.30249113,0.25234762,1.2575657,1.1368824978337233,45238,0.03171934,0.4429032,,,price_down_vol_weak_bin,True,atr_14_bin,0,0.09284449240096514,bull_low_vol,True,True,"(False, 'PASS')",False,PASS,0.04115553719812476,True,True,True,True,False,Net expectancy -0.911% < 1.000% after 2.0 bps cost,0.01088602,-0.0091139795,0.47944560317567114,0.31244576,14863.0
ret_30m_turned_positive_bin == True AND atr_14_bin == 1,double,LONG,fwd_ret_60m,18.556308191818328,0.0,0.029190414,0.5102000864621483,0.36190963,0.3173866,1.1877729,0.8413020112234316,122597,0.029190414,0.55079323,,,ret_30m_turned_positive_bin,True,atr_14_bin,1,0.09218712890088812,bull_low_vol,True,True,"(False, 'PASS')",False,PASS,0.020400172924296633,True,True,True,True,False,Net expectancy -2.394% < 1.000% after 2.0 bps cost,-0.0039424095,-0.02394241,0.4731785888917652,-0.087009005,34767.0
rvol_bin == 0 AND atr_14_bin == 0,double,LONG,fwd_ret_60m,16.893732737267545,0.0,0.025923751,0.5037289372832897,0.29477403,0.24696675,1.2115146,0.9354125171452795,82195,0.025923751,0.4399415,,,rvol_bin,0,atr_14_bin,0,0.0921323086803771,bull_low_vol,False,False,"(False, 'PASS')",False,PASS,0.0074578745665794255,True,True,True,False,,,,,,,
ret_60m_bin == 2.0 AND is_power_hour_bin == True,double,LONG,fwd_ret_60m,14.968442891571106,0.0,0.08456634,0.5473742505598228,0.800898,0.7817156,1.2390064,1.165978921900701,41531,0.08456634,1.1513493,,,ret_60m_bin,2.0,is_power_hour_bin,True,0.08936719443766723,bull_low_vol,False,False,"(False, 'PASS')",False,PASS,0.6404118996239028,True,True,True,False,,,,,,,
ret_60m_bin == 3.0 AND atr_14_bin == 1,double,LONG,fwd_ret_60m,14.548786710116376,0.0,0.036463026,0.5191845784319763,0.3639964,0.31720757,1.2390732,1.0464380221238199,48711,0.036463026,0.5531456,,,ret_60m_bin,3.0,atr_14_bin,1,0.0891261960119828,bull_low_vol,False,False,"(False, 'PASS')",False,PASS,0.10299941643741223,True,True,True,False,,,,,,,
vwap_cross_up_bin == True AND atr_14_bin == 1,double,LONG,fwd_ret_60m,18.490056920268902,0.0,0.028665107,0.5081948121520795,0.363437,0.31726322,1.1837133,0.8178598674935079,128801,0.028665107,0.5563844,,,vwap_cross_up_bin,True,atr_14_bin,1,0.08894747637079134,bull_low_vol,True,True,"(False, 'PASS')",False,PASS,0.016389624304159023,True,True,True,True,False,Net expectancy -2.031% < 1.000% after 2.0 bps cost,-0.00030646758,-0.020306468,0.47345883493576796,-0.0064768977,37131.0
ret_30m_turned_positive_bin == True AND is_power_hour_bin == True,double,LONG,fwd_ret_60m,16.551442622387334,0.0,0.06889712,0.5419212012990403,0.86354136,0.87119126,1.1726425,0.8490577893281276,95763,0.06889712,1.288143,,,ret_30m_turned_positive_bin,True,is_power_hour_bin,True,0.08751958331975936,bull_low_vol,True,True,"(False, 'PASS')",False,PASS,0.4728136091439104,True,True,True,True,True,PASS,0.10469569,0.0846957,0.5213876183727373,1.1608851,31046.0
ret_60m_bin == 1.0 AND session_range_pct_bin == 3,double,LONG,fwd_ret_60m,14.500121216775408,0.0,0.045854487,0.5238839524676159,0.40072662,0.34462133,1.2794647,1.065099577772969,46705,0.045854487,0.6834266,,,ret_60m_bin,1.0,session_range_pct_bin,3,0.08747351338258012,bull_low_vol,False,False,"(False, 'PASS')",False,PASS,0.20631277018581923,True,True,True,False,,,,,,,
session_range_pct_bin == 1 AND price_vs_vwap_pct_bin == 1,double,LONG,fwd_ret_60m,14.615575791103398,0.0,0.039419845,0.517929856823854,0.3708924,0.31670997,1.2581921,1.0855820845494604,45678,0.039419845,0.5764379,,,session_range_pct_bin,1,price_vs_vwap_pct_bin,1,0.08689061628394085,bull_low_vol,False,False,"(False, 'PASS')",False,PASS,0.13005816111360452,True,True,True,False,,,,,,,
price_vs_vwap_pct_bin == 1,single,LONG,fwd_ret_60m,20.63022137493665,0.0,0.026388623,0.5140044661167571,0.37207493,0.3392203,1.1600673,0.6991271360105427,219430,0.026388623,0.5991849,price_vs_vwap_pct_bin,1,,,,,0.08580511891451748,bull_low_vol,False,False,"(False, 'PASS')",False,PASS,0.028008932233514194,True,True,True,False,,,,,,,
ret_15m_bin == 3.0 AND atr_14_bin == 0,double,LONG,fwd_ret_60m,14.44656083605966,0.0,0.030757274,0.5053685489243309,0.31400514,0.25863913,1.2404207,1.015121234617404,51038,0.030757274,0.48098353,,,ret_15m_bin,3.0,atr_14_bin,0,0.08577818475932826,bull_low_vol,False,False,"(False, 'PASS')",False,PASS,0.018309842635401197,True,True,True,False,,,,,,,
avwap_cross_up_bin == True AND ret_60m_bin == 2.0,double,LONG,fwd_ret_60m,17.719876928802552,0.0,0.030175671,0.5127054822252815,0.37341014,0.33095744,1.1871084,0.800470056258281,123490,0.030175671,0.5984283,,,avwap_cross_up_bin,True,ret_60m_bin,2.0,0.08417052007402614,bull_low_vol,True,True,"(False, 'PASS')",False,PASS,0.027167674264634567,True,True,True,True,False,Net expectancy -1.940% < 1.000% after 2.0 bps cost,0.0006011234,-0.019398876,0.4812795947582865,0.0123057645,36324.0
avwap_cross_up_bin == True,single,LONG,fwd_ret_60m,26.27078662647165,0.0,0.021950144,0.5086283095584536,0.3968485,0.36611435,1.1220143,0.5437200869035476,588296,0.021950144,0.64085865,avwap_cross_up_bin,True,,,,,0.0840882358097181,bull_low_vol,True,True,"(False, 'PASS')",False,PASS,0.017256619116907235,True,True,True,True,False,Net expectancy -2.112% < 1.000% after 2.0 bps cost,-0.0011215925,-0.021121591,0.47858733922540775,-0.024776379,167004.0
ret_30m_bin == 2.0 AND rel_strength_60m_bin == 2.0,double,LONG,fwd_ret_60m,14.827731857884915,0.0,0.035526685,0.5156991336733868,0.36998764,0.3206181,1.2287976,0.947193997609117,61755,0.035526685,0.59540987,,,ret_30m_bin,2.0,rel_strength_60m_bin,2.0,0.08382939277640224,bull_low_vol,False,False,"(False, 'PASS')",False,PASS,0.08666512151375821,True,True,True,False,,,,,,,
ret_60m_bin == 1.0 AND is_power_hour_bin == True,double,LONG,fwd_ret_60m,14.682486415891649,0.0,0.09497993,0.5442482499216382,0.86417824,0.823579,1.2530452,1.1912179479378568,38284,0.09497993,1.2657294,,,ret_60m_bin,1.0,is_power_hour_bin,True,0.08304012516016525,bull_low_vol,False,False,"(False, 'PASS')",False,PASS,0.7382957692810663,True,True,True,False,,,,,,,
avwap_cross_up_bin == True AND price_vs_vwap_pct_bin == 2,double,LONG,fwd_ret_60m,17.439327216233764,0.0,0.02975234,0.515465363856933,0.36970308,0.3318995,1.1850076,0.7952895236310588,121174,0.02975234,0.5938765,,,avwap_cross_up_bin,True,price_vs_vwap_pct_bin,2,0.08274480449306815,bull_low_vol,True,True,"(False, 'PASS')",False,PASS,0.030930727713865958,True,True,True,True,False,Net expectancy -2.604% < 1.000% after 2.0 bps cost,-0.006042599,-0.0260426,0.4732350209010683,-0.14586139,34448.0
ret_30m_bin == 2.0 AND session_range_pct_bin == 3,double,LONG,fwd_ret_60m,14.071121338313711,0.0,0.03779688,0.5191705708103111,0.36386454,0.3142713,1.2501267,1.0238352119659397,47599,0.03779688,0.58603853,,,ret_30m_bin,2.0,session_range_pct_bin,3,0.08241057007288073,bull_low_vol,False,False,"(False, 'PASS')",False,PASS,0.11630995211933676,True,True,True,False,,,,,,,
avwap_cross_up_bin == True AND rel_strength_60m_bin == 2.0,double,LONG,fwd_ret_60m,17.35264345927106,0.0,0.030785214,0.5130511242306243,0.38205174,0.3393105,1.1863208,0.7971434141510331,119415,0.030785214,0.6130642,,,avwap_cross_up_bin,True,rel_strength_60m_bin,2.0,0.08213892355266146,bull_low_vol,True,True,"(False, 'PASS')",False,PASS,0.03395439002037254,True,True,True,True,False,Net expectancy -2.546% < 1.000% after 2.0 bps cost,-0.005461163,-0.025461163,0.47944379004223286,-0.11541271,34807.0
ret_15m_turned_positive_bin == True AND is_power_hour_bin == True,double,LONG,fwd_ret_60m,15.976362809757712,0.0,0.06638966,0.5413767641155243,0.8616811,0.87240344,1.1659307,0.8178935165319419,96153,0.06638966,1.2885579,,,ret_15m_turned_positive_bin,True,is_power_hour_bin,True,0.08146030319210495,bull_low_vol,True,True,"(False, 'PASS')",False,PASS,0.44665010380115505,True,True,True,True,True,PASS,0.13278656,0.11278656,0.5228022326525434,1.395531,31532.0
ret_30m_turned_positive_bin == True AND ret_30m_bin == 2.0,double,LONG,fwd_ret_60m,18.977224426644128,0.0,0.026646448,0.5129246168999244,0.3656278,0.3303247,1.1656159,0.7209016712434567,174628,0.026646448,0.58676416,,,ret_30m_turned_positive_bin,True,ret_30m_bin,2.0,0.08121729599865711,bull_low_vol,True,True,"(False, 'PASS')",False,PASS,0.025849233799848825,True,True,True,True,False,Net expectancy -1.285% < 1.000% after 2.0 bps cost,0.007153059,-0.012846941,0.4804125328418493,0.16799614,51002.0
ret_15m_turned_positive_bin == True AND atr_14_bin == 1,double,LONG,fwd_ret_60m,17.416050186554685,0.0,0.027915731,0.5049211791145158,0.36478108,0.31564662,1.178638,0.7917879538336745,121922,0.027915731,0.55968076,,,ret_15m_turned_positive_bin,True,atr_14_bin,1,0.08058763354768408,bull_low_vol,True,True,"(False, 'PASS')",False,PASS,0.009842358229031678,True,True,True,True,False,Net expectancy -1.930% < 1.000% after 2.0 bps cost,0.0006952886,-0.019304711,0.47547907926068717,0.014324846,35276.0
rvol_bin == 0,single,LONG,fwd_ret_60m,20.14703801893297,0.0,0.020771082,0.5053558166766143,0.32354686,0.28856134,1.1455219,0.6826734658621508,219481,0.020771082,0.48299918,rvol_bin,0,,,,,0.08044661140693847,bull_low_vol,False,False,"(False, 'PASS')",False,PASS,0.010711633353228667,True,True,True,False,,,,,,,
price_up_vol_weak_bin == True AND atr_14_bin == 0,double,LONG,fwd_ret_60m,14.680294473144885,0.0,0.0279943,0.5020329517806699,0.31253424,0.2588689,1.2171646,0.9417028766693202,61241,0.0279943,0.4719065,,,price_up_vol_weak_bin,True,atr_14_bin,0,0.08032803541682622,bull_low_vol,True,True,"(False, 'PASS')",False,PASS,0.004065903561339734,True,True,True,True,False,Net expectancy -2.910% < 1.000% after 2.0 bps cost,-0.009097096,-0.029097095,0.4641451218214704,-0.27344406,18798.0
ret_60m_bin == 2.0,single,LONG,fwd_ret_60m,20.044545587556307,0.0,0.025239987,0.5094569220111569,0.3682495,0.33099496,1.1554499,0.6793011107378389,219416,0.025239987,0.5898303,ret_60m_bin,2.0,,,,,0.08028830044746768,bull_low_vol,False,False,"(False, 'PASS')",False,PASS,0.018913844022313775,True,True,True,False,,,,,,,
ret_30m_bin == 2.0 AND ret_60m_bin == 2.0,double,LONG,fwd_ret_60m,14.799251339957443,0.0,0.03323442,0.5160903546687193,0.36290446,0.31835914,1.215728,0.9038743201487112,67556,0.03323442,0.5836874,,,ret_30m_bin,2.0,ret_60m_bin,2.0,0.07990239441760114,bull_low_vol,False,False,"(False, 'PASS')",False,PASS,0.06452492097541246,True,True,True,False,,,,,,,
rvol_bin == 2 AND is_power_hour_bin == True,double,LONG,fwd_ret_60m,14.43905372927195,0.0,0.090775795,0.547791711390947,0.8541177,0.833914,1.240719,1.1728011018160183,38197,0.090775795,1.2287003,,,rvol_bin,2,is_power_hour_bin,True,0.07968750687654899,bull_low_vol,False,False,"(False, 'PASS')",False,PASS,0.7033413755912277,True,True,True,False,,,,,,,
rel_strength_60m_bin == 1.0 AND atr_14_bin == 1,double,LONG,fwd_ret_60m,13.82799840080701,0.0,0.03678004,0.5148353237737097,0.35825542,0.30435544,1.2490817,0.9978055222313118,48398,0.03678004,0.58514917,,,rel_strength_60m_bin,1.0,atr_14_bin,1,0.07958243609502752,bull_low_vol,False,False,"(False, 'PASS')",False,PASS,0.09747105465906408,True,True,True,False,,,,,,,
vwap_cross_up_bin == True AND ret_30m_bin == 2.0,double,LONG,fwd_ret_60m,17.963740993072392,0.0,0.027554698,0.5111636513157894,0.3652537,0.32556844,1.1731371,0.7465169278298511,145920,0.027554698,0.58594424,,,vwap_cross_up_bin,True,ret_30m_bin,2.0,0.07933825898437913,bull_low_vol,True,True,"(False, 'PASS')",False,PASS,0.022327302631578894,True,True,True,True,False,Net expectancy -0.964% < 1.000% after 2.0 bps cost,0.010363582,-0.009636418,0.47779692627304704,0.23519114,42359.0
price_up_vol_weak_bin == True AND atr_14_bin == 1,double,LONG,fwd_ret_60m,14.02307368240454,0.0,0.031875327,0.514486074210631,0.35609058,0.31168693,1.2106367,0.946383345554895,55329,0.031875327,0.5346725,,,price_up_vol_weak_bin,True,atr_14_bin,1,0.07902603391643362,bull_low_vol,True,True,"(False, 'PASS')",False,PASS,0.047725420716260125,True,True,True,True,False,Net expectancy -1.102% < 1.000% after 2.0 bps cost,0.00898101,-0.01101899,0.4736744301288404,0.21636857,16144.0
session_range_pct_bin == 1,single,LONG,fwd_ret_60m,19.820480415805722,0.0,0.025086539,0.5095539658874861,0.38252687,0.3462798,1.1477143,0.6718347498459649,219333,0.025086539,0.59275955,session_range_pct_bin,1,,,,,0.07853316199928861,bull_low_vol,False,False,"(False, 'PASS')",False,PASS,0.019107931774972275,True,True,True,False,,,,,,,
price_down_vol_weak_bin == True AND is_power_hour_bin == True,double,LONG,fwd_ret_60m,16.252499818022354,0.0,0.12927131,0.5528887000849617,0.8757032,0.793751,1.3642523,1.6815787025376057,23540,0.12927131,1.2203523,,,price_down_vol_weak_bin,True,is_power_hour_bin,True,0.07849868947651686,bull_low_vol,True,True,"(True, 'Expectancy too high (12.927% > 10.000%)')",True,Expectancy too high (12.927% > 10.000%),1.189279886919607,False,True,True,False,,,,,,,
vwap_cross_up_bin == True,single,LONG,fwd_ret_60m,25.949895506054453,0.0,0.020335484,0.5048006494172973,0.3935842,0.36015007,1.1140226,0.5137094616324395,643038,0.020335484,0.6284015,vwap_cross_up_bin,True,,,,,0.07788598929383633,bull_low_vol,True,True,"(False, 'PASS')",False,PASS,0.009601298834594596,True,True,True,True,False,Net expectancy -1.141% < 1.000% after 2.0 bps cost,0.008591882,-0.011408118,0.4773819869968427,0.18303658,181802.0
rel_strength_60m_bin == 1.0,single,LONG,fwd_ret_60m,19.640102888280015,0.0,0.025632203,0.5127831199015631,0.37454224,0.34158653,1.1540151,0.6655734857997969,219430,0.025632203,0.61135036,rel_strength_60m_bin,1.0,,,,,0.07758178172682331,bull_low_vol,False,False,"(False, 'PASS')",False,PASS,0.025566239803126223,True,True,True,False,,,,,,,
ret_15m_bin == 1.0 AND atr_14_bin == 1,double,LONG,fwd_ret_60m,14.045039320235766,0.0,0.03229698,0.5201964973671371,0.35047483,0.31266716,1.2152863,0.9144925728691471,59441,0.03229698,0.56063735,,,ret_15m_bin,1.0,atr_14_bin,1,0.07733156925466633,bull_low_vol,False,False,"(False, 'PASS')",False,PASS,0.06336281135939253,True,True,True,False,,,,,,,
rel_strength_60m_bin == 2.0 AND atr_14_bin == 1,double,LONG,fwd_ret_60m,13.506119524188728,0.0,0.03414009,0.5150186493135466,0.3602067,0.3121214,1.2255362,0.9549889836443608,50404,0.03414009,0.56750095,,,rel_strength_60m_bin,2.0,atr_14_bin,1,0.0768843883280358,bull_low_vol,False,False,"(False, 'PASS')",False,PASS,0.07143821252126964,True,True,True,False,,,,,,,
ret_60m_bin == 0.0 AND is_power_hour_bin == True,double,LONG,fwd_ret_60m,15.722393160526254,0.0,0.13304609,0.5533062372987337,0.9708577,0.90472615,1.3292116,1.560273623297524,25588,0.13304609,1.3536352,,,ret_60m_bin,0.0,is_power_hour_bin,True,0.0765297314753536,bull_low_vol,False,False,"(True, 'Expectancy too high (13.305% > 10.000%)')",True,Expectancy too high (13.305% > 10.000%),1.1672101922749771,False,True,True,False,,,,,,,
ret_5m_turned_positive_bin == True AND ret_30m_bin == 2.0,double,LONG,fwd_ret_60m,16.554328496749427,0.0,0.029149352,0.511347183700525,0.37241232,0.33005565,1.1807348,0.7760992227224407,114654,0.029149352,0.5962274,,,ret_5m_turned_positive_bin,True,ret_30m_bin,2.0,0.07603804517407288,bull_low_vol,True,True,"(False, 'PASS')",False,PASS,0.02269436740105002,True,True,True,True,False,Net expectancy -1.402% < 1.000% after 2.0 bps cost,0.005982681,-0.014017318,0.47860248912880493,0.13522565,33345.0
price_down_vol_weak_bin == True,single,LONG,fwd_ret_60m,19.064692905640445,0.0,0.02332073,0.5088970815973783,0.35920113,0.32472968,1.1462337,0.6764285236694236,200178,0.02332073,0.5472938,price_down_vol_weak_bin,True,,,,,0.0759570246670364,bull_low_vol,True,True,"(False, 'PASS')",False,PASS,0.017794163194756685,True,True,True,True,False,Net expectancy -0.090% < 1.000% after 2.0 bps cost,0.019100364,-0.00089963526,0.4902447331289836,0.4605465,61659.0
ret_30m_bin == 2.0 AND atr_14_bin == 1,double,LONG,fwd_ret_60m,13.373003741468226,0.0,0.032643974,0.5163543475224012,0.34940705,0.3055416,1.220905,0.9483559243352154,50109,0.032643974,0.5464267,,,ret_30m_bin,2.0,atr_14_bin,1,0.07579392945392159,bull_low_vol,False,False,"(False, 'PASS')",False,PASS,0.059148433318422955,True,True,True,False,,,,,,,
atr_14_bin == 0 AND price_vs_vwap_pct_bin == 3,double,LONG,fwd_ret_60m,13.594191892231805,0.0,0.029621756,0.5012558093542965,0.31694734,0.25915074,1.229182,0.9596848873261242,50565,0.029621756,0.48998457,,,atr_14_bin,0,price_vs_vwap_pct_bin,3,0.07568812178806167,bull_low_vol,False,False,"(False, 'PASS')",False,PASS,0.0025116187085929553,True,True,True,False,,,,,,,
ret_15m_bin == 2.0 AND ret_30m_bin == 2.0,double,LONG,fwd_ret_60m,13.559234897715507,0.0,0.032507908,0.5181596271913603,0.3521875,0.31126788,1.2167462,0.9256209426467555,54076,0.032507908,0.5575144,,,ret_15m_bin,2.0,ret_30m_bin,2.0,0.07526935348200221,bull_low_vol,False,False,"(False, 'PASS')",False,PASS,0.06139833037482806,True,True,True,False,,,,,,,
ret_30m_bin == 3.0 AND atr_14_bin == 0,double,LONG,fwd_ret_60m,13.594466341956824,0.0,0.028603919,0.5002925002925003,0.3149941,0.25812152,1.2217611,0.9529715789042286,51282,0.028603919,0.4764813,,,ret_30m_bin,3.0,atr_14_bin,0,0.07501573390489288,bull_low_vol,False,False,"(False, 'PASS')",False,PASS,0.0005850005850005502,True,True,True,False,,,,,,,
ret_15m_bin == 1.0 AND ret_30m_bin == 2.0,double,LONG,fwd_ret_60m,14.31094398282955,0.0,0.031014223,0.5177320619224204,0.35721427,0.31917334,1.2014865,0.8714744357373433,67956,0.031014223,0.56494546,,,ret_15m_bin,1.0,ret_30m_bin,2.0,0.07473331581893516,bull_low_vol,False,False,"(False, 'PASS')",False,PASS,0.04560635036204125,True,True,True,False,,,,,,,
price_down_vol_weak_bin == True AND ret_30m_bin == 1.0,double,LONG,fwd_ret_60m,13.770162382301422,0.0,0.032073107,0.5140159441091532,0.3494064,0.30356416,1.2174046,0.9090212037374994,57827,0.032073107,0.5601022,,,price_down_vol_weak_bin,True,ret_30m_bin,1.0,0.07446906880438757,bull_low_vol,True,True,"(False, 'PASS')",False,PASS,0.04876295438566097,True,True,True,True,False,Net expectancy 0.142% < 1.000% after 2.0 bps cost,0.021424571,0.0014245715,0.49097573165991004,0.5078351,18007.0
ret_30m_turned_positive_bin == True AND ret_60m_bin == 1.0,double,LONG,fwd_ret_60m,15.094351479511687,0.0,0.03105886,0.508591568189856,0.37472242,0.32462165,1.1946998,0.836778374060048,81999,0.03105886,0.58921707,,,ret_30m_turned_positive_bin,True,ret_60m_bin,1.0,0.07434988815337562,bull_low_vol,True,True,"(False, 'PASS')",False,PASS,0.027771727180474104,True,True,True,True,False,Net expectancy -1.426% < 1.000% after 2.0 bps cost,0.005742213,-0.014257787,0.47422638928010946,0.12229812,24851.0
ret_30m_bin == 1.0 AND price_vs_vwap_pct_bin == 1,double,LONG,fwd_ret_60m,15.443602880920487,0.0,0.02998412,0.5176436497885767,0.36051834,0.32473066,1.1914257,0.8031417544276452,93178,0.02998412,0.5926515,,,ret_30m_bin,1.0,price_vs_vwap_pct_bin,1,0.07431183382894832,bull_low_vol,False,False,"(False, 'PASS')",False,PASS,0.035287299577153375,True,True,True,False,,,,,,,
vwap_cross_up_bin == True AND ret_60m_bin == 1.0,double,LONG,fwd_ret_60m,15.839098810818513,0.0,0.030206565,0.509106034940713,0.37602323,0.32843983,1.1873518,0.7960364258374218,99769,0.030206565,0.6023774,,,vwap_cross_up_bin,True,ret_60m_bin,1.0,0.07429471343617705,bull_low_vol,True,True,"(False, 'PASS')",False,PASS,0.02027771801994921,True,True,True,True,False,Net expectancy -0.486% < 1.000% after 2.0 bps cost,0.015135568,-0.004864432,0.4774771816928229,0.31246433,30458.0
ret_30m_bin == 2.0 AND price_vs_vwap_pct_bin == 2,double,LONG,fwd_ret_60m,15.098029636671109,0.0,0.028759044,0.5149141414739936,0.3511762,0.31348377,1.1891215,0.8250743041257534,84383,0.028759044,0.5533267,,,ret_30m_bin,2.0,price_vs_vwap_pct_bin,2,0.07423939297656193,bull_low_vol,False,False,"(False, 'PASS')",False,PASS,0.029828282947987228,True,True,True,False,,,,,,,
ret_30m_bin == 2.0 AND ret_60m_bin == 1.0,double,LONG,fwd_ret_60m,13.37685450000214,0.0,0.033636924,0.5161450476426894,0.3592516,0.31370768,1.221603,0.9279340922747754,52369,0.033636924,0.57543916,,,ret_30m_bin,2.0,ret_60m_bin,1.0,0.07415307351235981,bull_low_vol,False,False,"(False, 'PASS')",False,PASS,0.0686593340792288,True,True,True,False,,,,,,,
ret_30m_turned_positive_bin == True,single,LONG,fwd_ret_60m,24.96059926945674,0.0,0.020055968,0.5048769515141044,0.3941477,0.36140534,1.112082,0.5058814179302633,613498,0.020055968,0.6293543,ret_30m_turned_positive_bin,True,,,,,0.07378626673861663,bull_low_vol,True,True,"(False, 'PASS')",False,PASS,0.009753903028208777,True,True,True,True,False,Net expectancy -1.655% < 1.000% after 2.0 bps cost,0.003445998,-0.016554002,0.4761863330259105,0.07572072,172401.0
ret_60m_bin == 2.0 AND price_vs_vwap_pct_bin == 1,double,LONG,fwd_ret_60m,13.312603024511729,0.0,0.033979196,0.5189707058778713,0.36512655,0.32328758,1.2185006,0.9223066010667383,52502,0.033979196,0.5848413,,,ret_60m_bin,2.0,price_vs_vwap_pct_bin,1,0.07375091287809023,bull_low_vol,False,False,"(False, 'PASS')",False,PASS,0.07773337277001341,True,True,True,False,,,,,,,
ret_30m_turned_positive_bin == True AND ret_60m_bin == 2.0,double,LONG,fwd_ret_60m,16.859642922162646,0.0,0.027257485,0.5077339878664382,0.36848345,0.32469046,1.1705363,0.7435608391054275,129558,0.027257485,0.5819284,,,ret_30m_turned_positive_bin,True,ret_60m_bin,2.0,0.0736694410604696,bull_low_vol,True,True,"(False, 'PASS')",False,PASS,0.015467975732876393,True,True,True,True,False,Net expectancy -1.870% < 1.000% after 2.0 bps cost,0.0013023351,-0.018697664,0.47463826151956856,0.026923027,37458.0
ret_15m_bin == 1.0 AND ret_30m_bin == 1.0,double,LONG,fwd_ret_60m,15.075537513601923,0.0,0.02962619,0.5185176641561228,0.35689437,0.32281527,1.1906081,0.8127575733159308,86701,0.02962619,0.5786488,,,ret_15m_bin,1.0,ret_30m_bin,1.0,0.07353323017827093,bull_low_vol,False,False,"(False, 'PASS')",False,PASS,0.03703532831224554,True,True,True,False,,,,,,,
price_vs_vwap_pct_bin == 2,single,LONG,fwd_ret_60m,19.09663181941877,0.0,0.0238257,0.5128128004958323,0.36379713,0.33402792,1.1464088,0.6471575858723606,219429,0.0238257,0.58443457,price_vs_vwap_pct_bin,2,,,,,0.07335199600073648,bull_low_vol,False,False,"(False, 'PASS')",False,PASS,0.025625600991664665,True,True,True,False,,,,,,,
rel_strength_60m_bin == 2.0 AND is_power_hour_bin == True,double,LONG,fwd_ret_60m,13.474462439094813,0.0,0.07897147,0.5423895097030461,0.8280657,0.80890346,1.2133425,1.0463339407395604,41791,0.07897147,1.1981195,,,rel_strength_60m_bin,2.0,is_power_hour_bin,True,0.07332439902774045,bull_low_vol,False,False,"(False, 'PASS')",False,PASS,0.5744936985280633,True,True,True,False,,,,,,,
price_vs_vwap_pct_bin == 2 AND is_power_hour_bin == True,double,LONG,fwd_ret_60m,13.816320985302623,0.0,0.08261921,0.5502631850552172,0.80798745,0.8048854,1.2282382,1.114097545253389,38756,0.08261921,1.1772213,,,price_vs_vwap_pct_bin,2,is_power_hour_bin,True,0.07315280576831852,bull_low_vol,False,False,"(False, 'PASS')",False,PASS,0.6267184957884968,True,True,True,False,,,,,,,
avwap_cross_up_bin == True AND ret_15m_bin == 2.0,double,LONG,fwd_ret_60m,15.496083788399615,0.0,0.02997473,0.5145994483731154,0.3698535,0.33034918,1.1869311,0.7921166381141943,96442,0.02997473,0.6007122,,,avwap_cross_up_bin,True,ret_15m_bin,2.0,0.0731082966521071,bull_low_vol,True,True,"(False, 'PASS')",False,PASS,0.029198896746230885,True,True,True,True,False,Net expectancy -2.424% < 1.000% after 2.0 bps cost,-0.0042384025,-0.024238402,0.4765266628440367,-0.102656715,27904.0
avwap_cross_up_bin == True AND price_vs_vwap_pct_bin == 1,double,LONG,fwd_ret_60m,15.321985465230517,0.0,0.030955583,0.5201028862979907,0.38297707,0.35055825,1.1840054,0.7897127720978482,94862,0.030955583,0.6222574,,,avwap_cross_up_bin,True,price_vs_vwap_pct_bin,1,0.07283828797551693,bull_low_vol,True,True,"(False, 'PASS')",False,PASS,0.04976160116730105,True,True,True,True,False,Net expectancy -1.338% < 1.000% after 2.0 bps cost,0.006623323,-0.0133766765,0.4906513547460973,0.15726589,27865.0
price_down_vol_weak_bin == True AND ret_15m_bin == 1.0,double,LONG,fwd_ret_60m,13.756471418289202,0.0,0.029825632,0.5159803065979484,0.34383276,0.30491593,1.2020907,0.8861395027795237,60731,0.029825632,0.53430325,,,price_down_vol_weak_bin,True,ret_15m_bin,1.0,0.07279952256486559,bull_low_vol,True,True,"(False, 'PASS')",False,PASS,0.031960613195896714,True,True,True,True,False,Net expectancy 0.444% < 1.000% after 2.0 bps cost,0.024440901,0.004440902,0.4863511549022775,0.5913509,18573.0
session_range_pct_bin == 4 AND atr_14_bin == 0,double,LONG,fwd_ret_60m,13.864766437276074,0.0,0.038212825,0.5083393582807708,0.33796188,0.2717047,1.286053,1.0989579617184249,40111,0.038212825,0.55198634,,,session_range_pct_bin,4,atr_14_bin,0,0.07191626377384885,bull_low_vol,False,False,"(False, 'PASS')",False,PASS,0.09880696269010075,True,True,True,False,,,,,,,
rel_strength_60m_bin == 2.0,single,LONG,fwd_ret_60m,18.945771414286206,0.0,0.024602,0.5085818718780764,0.3751068,0.3381449,1.1480527,0.6420641622673057,219416,0.024602,0.6082642,rel_strength_60m_bin,2.0,,,,,0.07160409439112209,bull_low_vol,False,False,"(False, 'PASS')",False,PASS,0.017163743756152705,True,True,True,False,,,,,,,
rvol_bin == 1 AND is_power_hour_bin == True,double,LONG,fwd_ret_60m,14.381953285746274,0.0,0.09594615,0.5472241787795351,0.83417636,0.7962777,1.2661215,1.2918269170151144,31234,0.09594615,1.1790262,,,rvol_bin,1,is_power_hour_bin,True,0.0715666303832558,bull_low_vol,False,False,"(False, 'PASS')",False,PASS,0.7539098379381748,True,True,True,False,,,,,,,
session_range_pct_bin == 2 AND atr_14_bin == 1,double,LONG,fwd_ret_60m,13.338963874966424,0.0,0.03562247,0.5113252271629867,0.3664572,0.31054673,1.2347347,0.9920212584382335,45562,0.03562247,0.57003736,,,session_range_pct_bin,2,atr_14_bin,1,0.07136073724312707,bull_low_vol,False,False,"(False, 'PASS')",False,PASS,0.07887515513449844,True,True,True,False,,,,,,,
avwap_cross_up_bin == True AND ret_15m_bin == 1.0,double,LONG,fwd_ret_60m,16.19895180359231,0.0,0.028391605,0.5174804074276441,0.37575337,0.34413812,1.1709788,0.734346798015244,122623,0.028391605,0.61374646,,,avwap_cross_up_bin,True,ret_15m_bin,1.0,0.07124727979776468,bull_low_vol,True,True,"(False, 'PASS')",False,PASS,0.034960814855288236,True,True,True,True,False,Net expectancy -1.660% < 1.000% after 2.0 bps cost,0.003398957,-0.016601043,0.49109178417630667,0.080899574,35529.0
vwap_cross_up_bin == True AND avwap_cross_up_bin == True,double,LONG,fwd_ret_60m,22.332650413698623,0.0,0.021808665,0.5053623317252577,0.39746642,0.36199403,1.1217982,0.5422631249353633,427426,0.021808665,0.6384388,,,vwap_cross_up_bin,True,avwap_cross_up_bin,True,0.07083362458937545,bull_low_vol,True,True,"(False, 'PASS')",False,PASS,0.01072466345051537,True,True,True,True,False,Net expectancy -2.563% < 1.000% after 2.0 bps cost,-0.0056340857,-0.025634086,0.4714744402196874,-0.12267118,118350.0
ret_60m_turned_positive_bin == True AND ret_60m_bin == 2.0,double,LONG,fwd_ret_60m,17.613655124958587,0.0,0.025189798,0.5088046847679842,0.3684869,0.33041453,1.155207,0.6807228861016854,168717,0.025189798,0.587428,,,ret_60m_turned_positive_bin,True,ret_60m_bin,2.0,0.07060853479070374,bull_low_vol,True,True,"(False, 'PASS')",False,PASS,0.017609369535968478,True,True,True,True,False,Net expectancy -1.231% < 1.000% after 2.0 bps cost,0.0076886034,-0.012311396,0.4783604629948714,0.16275875,49331.0
vwap_cross_up_bin == True AND price_vs_vwap_pct_bin == 2,double,LONG,fwd_ret_60m,18.39997618296922,0.0,0.023796014,0.5125789860396767,0.36396557,0.3339312,1.1461985,0.646461778163725,204150,0.023796014,0.5843347,,,vwap_cross_up_bin,True,price_vs_vwap_pct_bin,2,0.07056789591194321,bull_low_vol,True,True,"(False, 'PASS')",False,PASS,0.02515797207935333,True,True,True,True,False,Net expectancy -0.723% < 1.000% after 2.0 bps cost,0.012767807,-0.007232193,0.47813515214396274,0.28032655,58793.0
ret_30m_bin == 1.0 AND is_power_hour_bin == True,double,LONG,fwd_ret_60m,13.583398580495654,0.0,0.08468967,0.5458082960531541,0.83282304,0.8143523,1.2289702,1.1094174311907148,37777,0.08468967,1.2118133,,,ret_30m_bin,1.0,is_power_hour_bin,True,0.07039540115614115,bull_low_vol,False,False,"(False, 'PASS')",False,PASS,0.6385132852167741,True,True,True,False,,,,,,,
ret_5m_bin == 2.0 AND ret_15m_bin == 1.0,double,LONG,fwd_ret_60m,13.746170658047633,0.0,0.03008039,0.5141193054200164,0.3498207,0.30824268,1.2008451,0.8588361762421686,64557,0.03008039,0.5559982,,,ret_5m_bin,2.0,ret_15m_bin,1.0,0.07024933714162701,bull_low_vol,False,False,"(False, 'PASS')",False,PASS,0.029042503154466826,True,True,True,False,,,,,,,
ret_60m_bin == 2.0 AND rel_strength_60m_bin == 1.0,double,LONG,fwd_ret_60m,12.946087588042099,0.0,0.034627,0.5316557558885578,0.35587472,0.33004752,1.224013,0.9584270401424866,45979,0.034627,0.57352996,,,ret_60m_bin,2.0,rel_strength_60m_bin,1.0,0.07021079550558662,bull_low_vol,False,False,"(False, 'PASS')",False,PASS,0.10958152910299385,True,True,True,False,,,,,,,
ret_15m_turned_positive_bin == True AND ret_30m_bin == 2.0,double,LONG,fwd_ret_60m,16.366418653061487,0.0,0.026853533,0.5112122222136097,0.366575,0.3284536,1.1672658,0.7233368208122309,129011,0.026853533,0.58933353,,,ret_15m_turned_positive_bin,True,ret_30m_bin,2.0,0.07004573799077948,bull_low_vol,True,True,"(False, 'PASS')",False,PASS,0.02242444442721947,True,True,True,True,False,Net expectancy -0.734% < 1.000% after 2.0 bps cost,0.012659481,-0.0073405188,0.4803006877432425,0.28561056,37514.0
ret_5m_bin == 2.0,single,LONG,fwd_ret_60m,18.68831854055018,0.0,0.022982923,0.5088734480009113,0.35866913,0.32483333,1.1440625,0.6332540279126297,219475,0.022982923,0.5761394,ret_5m_bin,2.0,,,,,0.06970183910406484,bull_low_vol,False,False,"(False, 'PASS')",False,PASS,0.017746896001822554,True,True,True,False,,,,,,,
rel_strength_60m_bin == 2.0 AND price_vs_vwap_pct_bin == 1,double,LONG,fwd_ret_60m,12.956031973144508,0.0,0.034084085,0.5158461421397048,0.3726532,0.32664743,1.2155207,0.8970394848832624,52568,0.034084085,0.6031709,,,rel_strength_60m_bin,2.0,price_vs_vwap_pct_bin,1,0.06938890199594068,bull_low_vol,False,False,"(False, 'PASS')",False,PASS,0.07253313803011535,True,True,True,False,,,,,,,
rel_strength_60m_bin == 0.0 AND session_range_pct_bin == 1,double,LONG,fwd_ret_60m,12.771229015588478,0.0,0.033571076,0.5232153644260212,0.39008978,0.35766655,1.1968632,0.925295984006695,48007,0.033571076,0.5759501,,,rel_strength_60m_bin,0.0,session_range_pct_bin,1,0.06870916635886144,bull_low_vol,False,False,"(False, 'PASS')",False,PASS,0.0821414853327363,True,True,True,False,,,,,,,
vwap_cross_up_bin == True AND ret_60m_bin == 2.0,double,LONG,fwd_ret_60m,16.366148575840587,0.0,0.026218686,0.5074145760440706,0.36866248,0.32653427,1.1630049,0.7088596324960693,134330,0.026218686,0.58715254,,,vwap_cross_up_bin,True,ret_60m_bin,2.0,0.06813275195362557,bull_low_vol,True,True,"(False, 'PASS')",False,PASS,0.014829152088141173,True,True,True,True,False,Net expectancy -1.080% < 1.000% after 2.0 bps cost,0.009196896,-0.010803103,0.4749814819544839,0.18308745,39151.0
atr_14_bin == 1 AND price_vs_vwap_pct_bin == 2,double,LONG,fwd_ret_60m,12.674188101134476,0.0,0.03110659,0.5169573254038415,0.34812748,0.30817246,1.2089648,0.9018366313660783,49772,0.03110659,0.5475513,,,atr_14_bin,1,price_vs_vwap_pct_bin,2,0.06807757220959502,bull_low_vol,False,False,"(False, 'PASS')",False,PASS,0.0449805444279357,True,True,True,False,,,,,,,
atr_14_bin == 1 AND price_vs_vwap_pct_bin == 1,double,LONG,fwd_ret_60m,12.711373856834614,0.0,0.033234734,0.5187666461790617,0.35613057,0.31484503,1.219351,0.9133523494771529,48810,0.033234734,0.5776358,,,atr_14_bin,1,price_vs_vwap_pct_bin,1,0.06804997166908498,bull_low_vol,False,False,"(False, 'PASS')",False,PASS,0.06988063323994781,True,True,True,False,,,,,,,
vwap_cross_up_bin == True AND ret_30m_turned_positive_bin == True,double,LONG,fwd_ret_60m,23.076214477350646,0.0,0.020070657,0.5038974029357456,0.3953751,0.36113063,1.1120278,0.5051595307384127,525863,0.020070657,0.63071525,,,vwap_cross_up_bin,True,ret_30m_turned_positive_bin,True,0.06798631395392088,bull_low_vol,True,True,"(False, 'PASS')",False,PASS,0.007794805871491173,True,True,True,True,False,Net expectancy -1.641% < 1.000% after 2.0 bps cost,0.0035936402,-0.01640636,0.47443664171907474,0.07740482,147242.0
ret_60m_turned_positive_bin == True AND ret_30m_bin == 2.0,double,LONG,fwd_ret_60m,16.034682415083648,0.0,0.026558189,0.5114381774151835,0.37008554,0.33305442,1.1632164,0.712585509503963,127599,0.026558189,0.5916457,,,ret_60m_turned_positive_bin,True,ret_30m_bin,2.0,0.06763581859017839,bull_low_vol,True,True,"(False, 'PASS')",False,PASS,0.022876354830366985,True,True,True,True,False,Net expectancy -1.282% < 1.000% after 2.0 bps cost,0.007180629,-0.01281937,0.48179996660544333,0.16870871,35934.0
ret_60m_bin == 1.0,single,LONG,fwd_ret_60m,18.370014768703424,0.0,0.024138002,0.5107033639143731,0.3718343,0.33877,1.1456211,0.6225505585588311,219417,0.024138002,0.6154984,ret_60m_bin,1.0,,,,,0.06759881900142212,bull_low_vol,False,False,"(False, 'PASS')",False,PASS,0.021406727828746197,True,True,True,False,,,,,,,
ret_15m_bin == 1.0 AND ret_60m_bin == 2.0,double,LONG,fwd_ret_60m,13.37241380423555,0.0,0.030322665,0.5155185226176736,0.35707295,0.31736004,1.197214,0.8440926342017425,63247,0.030322665,0.57026607,,,ret_15m_bin,1.0,ret_60m_bin,2.0,0.06734889108578963,bull_low_vol,False,False,"(False, 'PASS')",False,PASS,0.03426369872183749,True,True,True,False,,,,,,,
ret_30m_turned_positive_bin == True AND rel_strength_60m_bin == 1.0,double,LONG,fwd_ret_60m,14.595210952674798,0.0,0.027787795,0.51242410613897,0.36434337,0.32591957,1.1748644,0.7768945582547746,88940,0.027787795,0.56779593,,,ret_30m_turned_positive_bin,True,rel_strength_60m_bin,1.0,0.06724937704275696,bull_low_vol,True,True,"(False, 'PASS')",False,PASS,0.024848212277940096,True,True,True,True,False,Net expectancy -1.729% < 1.000% after 2.0 bps cost,0.0027068907,-0.017293109,0.4800566831992665,0.057172395,23993.0
ret_15m_bin == 1.0 AND rel_strength_60m_bin == 1.0,double,LONG,fwd_ret_60m,13.544423383164203,0.0,0.03127227,0.5217707243343798,0.36287764,0.33052483,1.1978424,0.8196743135343338,68808,0.03127227,0.6056453,,,ret_15m_bin,1.0,rel_strength_60m_bin,1.0,0.06704521872646467,bull_low_vol,False,False,"(False, 'PASS')",False,PASS,0.056264146522801595,True,True,True,False,,,,,,,
rel_strength_60m_bin == 1.0 AND price_vs_vwap_pct_bin == 1,double,LONG,fwd_ret_60m,13.132692109712226,0.0,0.03301545,0.5248704915636824,0.36802632,0.33706746,1.2061524,0.8401129996825658,61579,0.03301545,0.6238494,,,rel_strength_60m_bin,1.0,price_vs_vwap_pct_bin,1,0.06702392888486182,bull_low_vol,False,False,"(False, 'PASS')",False,PASS,0.07989546912790263,True,True,True,False,,,,,,,
ret_5m_bin == 2.0 AND is_power_hour_bin == True,double,LONG,fwd_ret_60m,13.584711676521183,0.0,0.08762118,0.5498084842899519,0.81535465,0.8011429,1.2429415,1.1572896638809267,34723,0.08762118,1.2018971,,,ret_5m_bin,2.0,is_power_hour_bin,True,0.06699752615218056,bull_low_vol,False,False,"(False, 'PASS')",False,PASS,0.6758287906128322,True,True,True,False,,,,,,,
ret_30m_turned_positive_bin == True AND price_vs_vwap_pct_bin == 2,double,LONG,fwd_ret_60m,16.115849508941793,0.0,0.025103793,0.5142117907965256,0.36048573,0.3299014,1.156642,0.6955761866927852,135275,0.025103793,0.5729212,,,ret_30m_turned_positive_bin,True,price_vs_vwap_pct_bin,2,0.06671541576551446,bull_low_vol,True,True,"(False, 'PASS')",False,PASS,0.02842358159305114,True,True,True,True,False,Net expectancy -1.704% < 1.000% after 2.0 bps cost,0.0029567813,-0.017043218,0.4731757128269578,0.06893137,38193.0
avwap_cross_up_bin == True AND is_power_hour_bin == True,double,LONG,fwd_ret_60m,14.38737525772169,0.0,0.061744653,0.5353902188529016,0.88048357,0.8817242,1.1507225,0.7431692920343008,94447,0.061744653,1.3189,,,avwap_cross_up_bin,True,is_power_hour_bin,True,0.06625612273014432,bull_low_vol,True,True,"(False, 'PASS')",False,PASS,0.3882269645908359,True,True,True,True,True,PASS,0.076272465,0.056272466,0.5146202788682821,0.8462667,29548.0
avwap_cross_up_bin == True AND ret_15m_turned_positive_bin == True,double,LONG,fwd_ret_60m,21.20032485733613,0.0,0.021503456,0.5052461014806472,0.3989625,0.3639603,1.1194167,0.5330060911370227,398677,0.021503456,0.6404369,,,avwap_cross_up_bin,True,ret_15m_turned_positive_bin,True,0.06607906916227013,bull_low_vol,True,True,"(False, 'PASS')",False,PASS,0.010492202961294383,True,True,True,True,False,Net expectancy -2.609% < 1.000% after 2.0 bps cost,-0.0060899253,-0.026089925,0.4712627074267348,-0.13198458,110762.0
ret_60m_bin == 3.0 AND session_range_pct_bin == 4,double,LONG,fwd_ret_60m,13.377272462560247,0.0,0.032308716,0.5127839165131983,0.39201438,0.34627336,1.1915046,0.831911859700109,65160,0.032308716,0.6165136,,,ret_60m_bin,3.0,session_range_pct_bin,4,0.066048892664,bull_low_vol,False,False,"(False, 'PASS')",False,PASS,0.048654996295916464,True,True,True,False,,,,,,,
avwap_cross_up_bin == True AND ret_30m_turned_positive_bin == True,double,LONG,fwd_ret_60m,21.50120714681786,0.0,0.020975824,0.5049642451946389,0.39631212,0.36188826,1.1170868,0.5236624805508662,424838,0.020975824,0.6358693,,,avwap_cross_up_bin,True,ret_30m_turned_positive_bin,True,0.0658053476300768,bull_low_vol,True,True,"(False, 'PASS')",False,PASS,0.009928490389277789,True,True,True,True,False,Net expectancy -2.998% < 1.000% after 2.0 bps cost,-0.009983027,-0.029983027,0.46866315977327,-0.2195025,117673.0
ret_5m_bin == 2.0 AND atr_14_bin == 1,double,LONG,fwd_ret_60m,12.482301589512355,0.0,0.030777771,0.5150935416960348,0.3459406,0.30400503,1.2087846,0.8892107315352845,49657,0.030777771,0.54945576,,,ret_5m_bin,2.0,atr_14_bin,1,0.06571767694082,bull_low_vol,False,False,"(False, 'PASS')",False,PASS,0.03796479365103039,True,True,True,False,,,,,,,
ret_15m_turned_positive_bin == True AND ret_15m_bin == 2.0,double,LONG,fwd_ret_60m,17.07504217099886,0.0,0.02378297,0.5109308013235506,0.3617632,0.32930514,1.1476717,0.6502321263085297,173775,0.02378297,0.580628,,,ret_15m_turned_positive_bin,True,ret_15m_bin,2.0,0.0656566243588172,bull_low_vol,True,True,"(False, 'PASS')",False,PASS,0.02186160264710124,True,True,True,True,False,Net expectancy -0.567% < 1.000% after 2.0 bps cost,0.014334479,-0.00566552,0.48404465130956137,0.3229473,50704.0
ret_15m_bin == 2.0,single,LONG,fwd_ret_60m,17.07504217099886,0.0,0.02378297,0.5109308013235506,0.3617632,0.32930514,1.1476717,0.6502321263085297,173775,0.02378297,0.580628,ret_15m_bin,2.0,,,,,0.0656566243588172,bull_low_vol,False,False,"(False, 'PASS')",False,PASS,0.02186160264710124,True,True,True,False,,,,,,,
ret_30m_turned_positive_bin == True AND rvol_bin == 0,double,LONG,fwd_ret_60m,15.670384052988712,0.0,0.021997351,0.503903459960467,0.32788554,0.2887045,1.1535856,0.7168954841438638,120406,0.021997351,0.48709628,,,ret_30m_turned_positive_bin,True,rvol_bin,0,0.06551927497660157,bull_low_vol,True,True,"(False, 'PASS')",False,PASS,0.0078069199209340745,True,True,True,True,False,Net expectancy -2.792% < 1.000% after 2.0 bps cost,-0.007921855,-0.027921855,0.46136694966126407,-0.22801837,34983.0
session_range_pct_bin == 4 AND atr_14_bin == 1,double,LONG,fwd_ret_60m,12.95668138801228,0.0,0.03582218,0.5173543834469561,0.37329087,0.3259151,1.2277294,1.0059581697506477,41805,0.03582218,0.56529135,,,session_range_pct_bin,4,atr_14_bin,1,0.06525387632421507,bull_low_vol,False,False,"(False, 'PASS')",False,PASS,0.09293055857853966,True,True,True,False,,,,,,,
rvol_bin == 1 AND atr_14_bin == 1,double,LONG,fwd_ret_60m,12.687292326734967,0.0,0.03323996,0.5130075318154272,0.3590702,0.30999613,1.220182,0.9369780549211346,46204,0.03323996,0.5631594,,,rvol_bin,1,atr_14_bin,1,0.06522557788749601,bull_low_vol,False,False,"(False, 'PASS')",False,PASS,0.05841467033556641,True,True,True,False,,,,,,,
price_down_vol_weak_bin == True AND ret_60m_bin == 1.0,double,LONG,fwd_ret_60m,14.081039381466743,0.0,0.027994549,0.5097686595466168,0.35119995,0.30809167,1.1853498,0.7818348166409476,81741,0.027994549,0.5684061,,,price_down_vol_weak_bin,True,ret_60m_bin,1.0,0.06495447976855065,bull_low_vol,True,True,"(False, 'PASS')",False,PASS,0.01953731909323353,True,True,True,True,False,Net expectancy -0.084% < 1.000% after 2.0 bps cost,0.019155918,-0.00084408186,0.48609733846336917,0.4409227,25211.0
avwap_cross_up_bin == True AND ret_5m_turned_positive_bin == True,double,LONG,fwd_ret_60m,20.3026199666671,0.0,0.022302875,0.5055129979029609,0.4035758,0.3674716,1.1227388,0.546627978850601,347633,0.022302875,0.6476931,,,avwap_cross_up_bin,True,ret_5m_turned_positive_bin,True,0.06493256018509037,bull_low_vol,True,True,"(False, 'PASS')",False,PASS,0.011025995805921784,True,True,True,True,False,Net expectancy -2.357% < 1.000% after 2.0 bps cost,-0.0035703764,-0.023570376,0.47287340924313465,-0.07666926,97045.0
ret_30m_bin == 2.0 AND rel_strength_60m_bin == 1.0,double,LONG,fwd_ret_60m,12.372199805290629,0.0,0.031487055,0.5187143618175719,0.35617843,0.31845498,1.2054381,0.8724007600572539,50683,0.031487055,0.5729494,,,ret_30m_bin,2.0,rel_strength_60m_bin,1.0,0.06480037071967003,bull_low_vol,False,False,"(False, 'PASS')",False,PASS,0.05229927486366709,True,True,True,False,,,,,,,
ret_15m_turned_positive_bin == True,single,LONG,fwd_ret_60m,23.373922615226164,0.0,0.018838242,0.5037151662357335,0.393482,0.36141464,1.1050277,0.4740616985304177,612624,0.018838242,0.63082045,ret_15m_turned_positive_bin,True,,,,,0.06460077895557483,bull_low_vol,True,True,"(False, 'PASS')",False,PASS,0.0074303324714670715,True,True,True,True,False,Net expectancy -1.080% < 1.000% after 2.0 bps cost,0.009202043,-0.010797957,0.47874277116390723,0.19404182,174129.0
vwap_cross_up_bin == True AND rvol_bin == 0,double,LONG,fwd_ret_60m,15.796429020401023,0.0,0.021435264,0.5032275248331401,0.32628146,0.28737208,1.1501504,0.701851761929289,127652,0.021435264,0.48482358,,,vwap_cross_up_bin,True,rvol_bin,0,0.06457359416660213,bull_low_vol,True,True,"(False, 'PASS')",False,PASS,0.006455049666280299,True,True,True,True,False,Net expectancy -2.065% < 1.000% after 2.0 bps cost,-0.00065170525,-0.020651706,0.4621776657910256,-0.017411891,37306.0
ret_5m_bin == 1.0 AND is_power_hour_bin == True,double,LONG,fwd_ret_60m,13.34251099694655,0.0,0.087157376,0.5500203571220845,0.83065635,0.8216383,1.2357386,1.142212765725119,34386,0.087157376,1.2113159,,,ret_5m_bin,1.0,is_power_hour_bin,True,0.06428974146485299,bull_low_vol,False,False,"(False, 'PASS')",False,PASS,0.6716144753497064,True,True,True,False,,,,,,,
ret_15m_turned_positive_bin == True AND ret_60m_bin == 2.0,double,LONG,fwd_ret_60m,15.603040612424463,0.0,0.026059458,0.5073831633429746,0.36974397,0.32792708,1.1613165,0.7011050371343763,124811,0.026059458,0.5900415,,,ret_15m_turned_positive_bin,True,ret_60m_bin,2.0,0.06424134655425501,bull_low_vol,True,True,"(False, 'PASS')",False,PASS,0.014766326685949238,True,True,True,True,False,Net expectancy -0.754% < 1.000% after 2.0 bps cost,0.012460726,-0.0075392732,0.4773766742894479,0.24441938,36732.0
vwap_cross_up_bin == True AND ret_15m_turned_positive_bin == True,double,LONG,fwd_ret_60m,22.65335696963353,0.0,0.019275753,0.5033508707145233,0.3948217,0.3613378,1.1074109,0.48621733974323855,547022,0.019275753,0.629334,,,vwap_cross_up_bin,True,ret_15m_turned_positive_bin,True,0.06416823490258429,bull_low_vol,True,True,"(False, 'PASS')",False,PASS,0.00670174142904667,True,True,True,True,False,Net expectancy -1.151% < 1.000% after 2.0 bps cost,0.008489313,-0.011510687,0.4771468188707233,0.17915967,155055.0
ret_60m_turned_positive_bin == True,single,LONG,fwd_ret_60m,23.199143146202882,0.0,0.018692017,0.5046630214008486,0.39505383,0.36475584,1.1034553,0.47247912925532015,607546,0.018692017,0.62802047,ret_60m_turned_positive_bin,True,,,,,0.0640239279114065,bull_low_vol,True,True,"(False, 'PASS')",False,PASS,0.009326042801697243,True,True,True,True,False,Net expectancy -1.258% < 1.000% after 2.0 bps cost,0.007420708,-0.012579292,0.4788531143165863,0.16386499,169363.0
price_down_vol_weak_bin == True AND price_vs_vwap_pct_bin == 1,double,LONG,fwd_ret_60m,12.545321026476419,0.0,0.029395195,0.5116735116735117,0.34772107,0.30414993,1.1979148,0.8565803896497918,54054,0.029395195,0.5447641,,,price_down_vol_weak_bin,True,price_vs_vwap_pct_bin,1,0.06363984293851102,bull_low_vol,True,True,"(False, 'PASS')",False,PASS,0.023347023347023432,True,True,True,True,False,Net expectancy 0.765% < 1.000% after 2.0 bps cost,0.027646268,0.0076462682,0.49365642474896276,0.64783275,16631.0
ret_15m_bin == 1.0 AND rvol_bin == 0,double,LONG,fwd_ret_60m,12.912110182889197,0.0,0.024897251,0.5117140142206494,0.31257087,0.276579,1.1843563,0.8296546538161287,61038,0.024897251,0.47638088,,,ret_15m_bin,1.0,rvol_bin,0,0.06344656956594096,bull_low_vol,False,False,"(False, 'PASS')",False,PASS,0.023428028441298876,True,True,True,False,,,,,,,
vwap_cross_up_bin == True AND rel_strength_60m_bin == 1.0,double,LONG,fwd_ret_60m,14.759125573538538,0.0,0.02659617,0.5084880508022687,0.36967635,0.3283335,1.1648048,0.7295193141744025,103145,0.02659617,0.57873875,,,vwap_cross_up_bin,True,rel_strength_60m_bin,1.0,0.06336718745612487,bull_low_vol,True,True,"(False, 'PASS')",False,PASS,0.01697610160453733,True,True,True,True,False,Net expectancy -1.598% < 1.000% after 2.0 bps cost,0.004016539,-0.01598346,0.4783188792528352,0.08383986,28481.0
vwap_cross_up_bin == True AND ret_15m_bin == 2.0,double,LONG,fwd_ret_60m,15.536811548571583,0.0,0.025068762,0.5116461740665562,0.35999513,0.3258321,1.157545,0.6878130164443209,128583,0.025068762,0.5785791,,,vwap_cross_up_bin,True,ret_15m_bin,2.0,0.06328317743308401,bull_low_vol,True,True,"(False, 'PASS')",False,PASS,0.023292348133112428,True,True,True,True,False,Net expectancy -0.622% < 1.000% after 2.0 bps cost,0.013783901,-0.0062160986,0.48163550022804713,0.31558502,37273.0
rvol_bin == 2,single,LONG,fwd_ret_60m,17.781236627619734,0.0,0.023564154,0.508482840646546,0.39655662,0.3623029,1.1323247,0.6025614921631707,219443,0.023564154,0.62079865,rvol_bin,2,,,,,0.06305592406476528,bull_low_vol,False,False,"(False, 'PASS')",False,PASS,0.01696568129309206,True,True,True,False,,,,,,,
ret_30m_bin == 1.0,single,LONG,fwd_ret_60m,17.701121413956997,0.0,0.02252442,0.512725383311152,0.36674714,0.33967736,1.1360859,0.5998999064464817,219404,0.02252442,0.5960396,ret_30m_bin,1.0,,,,,0.0630159736887089,bull_low_vol,False,False,"(False, 'PASS')",False,PASS,0.025450766622304055,True,True,True,False,,,,,,,
ret_60m_bin == 3.0 AND atr_14_bin == 0,double,LONG,fwd_ret_60m,12.376177462211349,0.0,0.0266264,0.5048368069209594,0.3119527,0.2642741,1.2034743,0.8711613636644624,50860,0.0266264,0.48519254,,,ret_60m_bin,3.0,atr_14_bin,0,0.06299736765470722,bull_low_vol,False,False,"(False, 'PASS')",False,PASS,0.009673613841918893,True,True,True,False,,,,,,,
ret_60m_bin == 2.0 AND atr_14_bin == 1,double,LONG,fwd_ret_60m,12.23120246047131,0.0,0.030516984,0.512702900413215,0.35379446,0.30961496,1.2022673,0.8633448517065649,50579,0.030516984,0.56112236,,,ret_60m_bin,2.0,atr_14_bin,1,0.06266217864473879,bull_low_vol,False,False,"(False, 'PASS')",False,PASS,0.030575640238403923,True,True,True,False,,,,,,,
ret_15m_bin == 2.0 AND price_vs_vwap_pct_bin == 2,double,LONG,fwd_ret_60m,13.728672957420963,0.0,0.026948264,0.5149502481420212,0.35033876,0.31637737,1.1756059,0.7657393402109992,81002,0.026948264,0.55866325,,,ret_15m_bin,2.0,price_vs_vwap_pct_bin,2,0.06265576666834888,bull_low_vol,False,False,"(False, 'PASS')",False,PASS,0.029900496284042344,True,True,True,False,,,,,,,
rel_strength_60m_bin == 1.0 AND is_power_hour_bin == True,double,LONG,fwd_ret_60m,12.747061195922635,0.0,0.08318868,0.5388752924723664,0.86551815,0.8310499,1.2170795,1.0493928689680905,37183,0.08318868,1.2584223,,,rel_strength_60m_bin,1.0,is_power_hour_bin,True,0.062043620223480464,bull_low_vol,False,False,"(False, 'PASS')",False,PASS,0.609637412890442,True,True,True,False,,,,,,,
ret_5m_bin == 2.0 AND ret_30m_bin == 2.0,double,LONG,fwd_ret_60m,12.381293792363769,0.0,0.0286473,0.5117766739373499,0.34492695,0.3028906,1.1937222,0.8414746917018624,54557,0.0286473,0.5404343,,,ret_5m_bin,2.0,ret_30m_bin,2.0,0.06171259838198836,bull_low_vol,False,False,"(False, 'PASS')",False,PASS,0.02355334787469987,True,True,True,False,,,,,,,
ret_60m_turned_positive_bin == True AND rvol_bin == 0,double,LONG,fwd_ret_60m,15.146400883780617,0.0,0.021596398,0.5034771097258529,0.3296401,0.2907617,1.1495907,0.6959769591593349,119352,0.021596398,0.4925913,,,ret_60m_turned_positive_bin,True,rvol_bin,0,0.061428554709200923,bull_low_vol,True,True,"(False, 'PASS')",False,PASS,0.006954219451705823,True,True,True,True,False,Net expectancy -2.197% < 1.000% after 2.0 bps cost,-0.001971735,-0.021971734,0.4632080156574066,-0.056053687,34233.0
ret_5m_turned_positive_bin == True,single,LONG,fwd_ret_60m,22.3673572798129,0.0,0.019140773,0.504282600894506,0.39688137,0.36512658,1.1057503,0.4697817359942168,571265,0.019140773,0.64679044,ret_5m_turned_positive_bin,True,,,,,0.06132972889889519,bull_low_vol,True,True,"(False, 'PASS')",False,PASS,0.0085652017890121,True,True,True,True,False,Net expectancy -1.032% < 1.000% after 2.0 bps cost,0.009680689,-0.01031931,0.4790952162616537,0.2041456,163575.0
ret_60m_bin == 1.0 AND atr_14_bin == 1,double,LONG,fwd_ret_60m,12.150055330686234,0.0,0.0321752,0.509838706388532,0.3543595,0.30294314,1.2166811,0.8709613026855133,49041,0.0321752,0.5864387,,,ret_60m_bin,1.0,atr_14_bin,1,0.06124709424697782,bull_low_vol,False,False,"(False, 'PASS')",False,PASS,0.04142939475071211,True,True,True,False,,,,,,,
ret_5m_bin == 1.0 AND session_range_pct_bin == 1,double,LONG,fwd_ret_60m,12.346320167445628,0.0,0.032470245,0.5146555771681535,0.3630057,0.31802708,1.210364,0.9267293502519703,44727,0.032470245,0.5562025,,,ret_5m_bin,1.0,session_range_pct_bin,1,0.060966766061111476,bull_low_vol,False,False,"(False, 'PASS')",False,PASS,0.054013603479239836,True,True,True,False,,,,,,,
rvol_bin == 1,single,LONG,fwd_ret_60m,17.504854800960363,0.0,0.020975681,0.5063636073656533,0.36500248,0.33192098,1.128019,0.5931847647729316,219451,0.020975681,0.56134045,rvol_bin,1,,,,,0.06085513687551366,bull_low_vol,False,False,"(False, 'PASS')",False,PASS,0.012727214731306669,True,True,True,False,,,,,,,
price_down_vol_weak_bin == True AND avwap_cross_up_bin == True,double,LONG,fwd_ret_60m,12.301356479043042,0.0,0.03718056,0.5229055645769961,0.39042714,0.34998515,1.2226701,0.9338955309696956,43723,0.03718056,0.6320012,,,price_down_vol_weak_bin,True,avwap_cross_up_bin,True,0.06079960681079402,bull_low_vol,True,True,"(False, 'PASS')",False,PASS,0.11761674487712531,True,True,True,True,False,Net expectancy -0.688% < 1.000% after 2.0 bps cost,0.013123656,-0.006876344,0.49646185104743223,0.34055972,14273.0
ret_30m_bin == 2.0 AND price_vs_vwap_pct_bin == 1,double,LONG,fwd_ret_60m,12.19448651138081,0.0,0.029906088,0.518235045794101,0.3626994,0.32808003,1.1892102,0.829341286057497,54483,0.029906088,0.57243556,,,ret_30m_bin,2.0,price_vs_vwap_pct_bin,1,0.06066103834952374,bull_low_vol,False,False,"(False, 'PASS')",False,PASS,0.036470091588201914,True,True,True,False,,,,,,,
ret_30m_turned_positive_bin == True AND ret_15m_bin == 2.0,double,LONG,fwd_ret_60m,14.494134791235835,0.0,0.025781386,0.512524283689807,0.3616102,0.32730377,1.1615853,0.7048711274043704,106553,0.025781386,0.5806264,,,ret_30m_turned_positive_bin,True,ret_15m_bin,2.0,0.06060419992951407,bull_low_vol,True,True,"(False, 'PASS')",False,PASS,0.025048567379613917,True,True,True,True,False,Net expectancy -1.418% < 1.000% after 2.0 bps cost,0.0058208886,-0.0141791105,0.47790966040224203,0.13572808,30330.0
ret_60m_turned_positive_bin == True AND ret_15m_bin == 1.0,double,LONG,fwd_ret_60m,14.979561364617572,0.0,0.02508918,0.5116064894378068,0.3705646,0.33680642,1.1525234,0.6818822107931772,121613,0.02508918,0.5840868,,,ret_60m_turned_positive_bin,True,ret_15m_bin,1.0,0.060482642749100785,bull_low_vol,True,True,"(False, 'PASS')",False,PASS,0.023212978875613688,True,True,True,True,False,Net expectancy -1.053% < 1.000% after 2.0 bps cost,0.0094698155,-0.010530184,0.483011672252398,0.23101552,34612.0
ret_60m_turned_positive_bin == True AND is_power_hour_bin == True,double,LONG,fwd_ret_60m,13.806589943647536,0.0,0.056617007,0.5379800267682487,0.8569649,0.87531495,1.1399981,0.7032504146674278,97130,0.056617007,1.2780186,,,ret_60m_turned_positive_bin,True,is_power_hour_bin,True,0.060457311869503746,bull_low_vol,True,True,"(False, 'PASS')",False,PASS,0.342130120131575,True,True,True,True,True,PASS,0.119912,0.099912,0.53404875463699,1.345946,30192.0
ret_15m_turned_positive_bin == True AND price_vs_vwap_pct_bin == 2,double,LONG,fwd_ret_60m,15.504066971903553,0.0,0.02401284,0.5127221755774075,0.36142227,0.33101523,1.1488739,0.6565122551055947,140542,0.02401284,0.580632,,,ret_15m_turned_positive_bin,True,price_vs_vwap_pct_bin,2,0.06040276676738093,bull_low_vol,True,True,"(False, 'PASS')",False,PASS,0.025444351154815026,True,True,True,True,False,Net expectancy -0.487% < 1.000% after 2.0 bps cost,0.015131878,-0.004868122,0.4790061024531375,0.32470685,41131.0
ret_15m_bin == 1.0 AND ret_60m_bin == 1.0,double,LONG,fwd_ret_60m,13.00394628631716,0.0,0.029333754,0.5176887289695982,0.35981464,0.32538787,1.1869128,0.7739219111283097,71147,0.029333754,0.6016872,,,ret_15m_bin,1.0,ret_60m_bin,1.0,0.06030138354859472,bull_low_vol,False,False,"(False, 'PASS')",False,PASS,0.03537745793919633,True,True,True,False,,,,,,,
ret_5m_bin == 2.0 AND price_vs_vwap_pct_bin == 1,double,LONG,fwd_ret_60m,12.080069948294053,0.0,0.030303387,0.5143405987295067,0.35739768,0.31610787,1.1973895,0.8363107766138316,52578,0.030303387,0.57520646,,,ret_5m_bin,2.0,price_vs_vwap_pct_bin,1,0.06014149307656377,bull_low_vol,False,False,"(False, 'PASS')",False,PASS,0.031715067172558176,True,True,True,False,,,,,,,
ret_5m_bin == 1.0 AND price_vs_vwap_pct_bin == 1,double,LONG,fwd_ret_60m,12.863529492931752,0.0,0.02823242,0.5157902288542937,0.35686618,0.321835,1.181168,0.7734987256818541,69695,0.02823242,0.5794137,,,ret_5m_bin,1.0,price_vs_vwap_pct_bin,1,0.05939899776756509,bull_low_vol,False,False,"(False, 'PASS')",False,PASS,0.03158045770858742,True,True,True,False,,,,,,,
ret_15m_turned_positive_bin == True AND ret_60m_bin == 1.0,double,LONG,fwd_ret_60m,14.111893554274761,0.0,0.02710114,0.5079363460165256,0.37186107,0.32877982,1.167518,0.7154941110968183,98030,0.02710114,0.60128695,,,ret_15m_turned_positive_bin,True,ret_60m_bin,1.0,0.05935904477245648,bull_low_vol,True,True,"(False, 'PASS')",False,PASS,0.015872692033051194,True,True,True,True,False,Net expectancy -0.088% < 1.000% after 2.0 bps cost,0.01911562,-0.0008843802,0.4834827827594253,0.3893414,29999.0
ret_15m_bin == 1.0 AND rvol_bin == 1,double,LONG,fwd_ret_60m,12.228747954439285,0.0,0.028552137,0.5113806102852265,0.35678765,0.31497347,1.1855214,0.8186062374655196,56236,0.028552137,0.5536864,,,ret_15m_bin,1.0,rvol_bin,1,0.059249891310782704,bull_low_vol,False,False,"(False, 'PASS')",False,PASS,0.022761220570453045,True,True,True,False,,,,,,,
vwap_cross_up_bin == True AND ret_5m_turned_positive_bin == True,double,LONG,fwd_ret_60m,20.720292707067873,0.0,0.019791348,0.5029828138395455,0.4004065,0.36539227,1.1089795,0.49019765433964196,450246,0.019791348,0.6409209,,,vwap_cross_up_bin,True,ret_5m_turned_positive_bin,True,0.05912981478315352,bull_low_vol,True,True,"(False, 'PASS')",False,PASS,0.0059656276790909235,True,True,True,True,False,Net expectancy -1.082% < 1.000% after 2.0 bps cost,0.009176078,-0.010823921,0.477084431575883,0.19072653,127097.0
ret_30m_turned_positive_bin == True AND ret_60m_turned_positive_bin == True,double,LONG,fwd_ret_60m,20.844406150499072,0.0,0.01952936,0.5040925726587728,0.4000898,0.3673124,1.107214,0.4855086105672957,464500,0.01952936,0.63854474,,,ret_30m_turned_positive_bin,True,ret_60m_turned_positive_bin,True,0.059044985381147955,bull_low_vol,True,True,"(False, 'PASS')",False,PASS,0.008185145317545661,True,True,True,True,False,Net expectancy -1.645% < 1.000% after 2.0 bps cost,0.0035476892,-0.01645231,0.47694588933085413,0.077865064,127461.0
ret_30m_bin == 1.0 AND rel_strength_60m_bin == 1.0,double,LONG,fwd_ret_60m,12.611985675367299,0.0,0.030627308,0.5185564525846488,0.37014812,0.3350661,1.1898596,0.7770086929545593,66392,0.030627308,0.6257246,,,ret_30m_bin,1.0,rel_strength_60m_bin,1.0,0.05881548012678462,bull_low_vol,False,False,"(False, 'PASS')",False,PASS,0.04338598930316101,True,True,True,False,,,,,,,
ret_5m_bin == 1.0 AND rel_strength_60m_bin == 2.0,double,LONG,fwd_ret_60m,11.874899374146695,0.0,0.030605892,0.5110764686576961,0.3607631,0.31451064,1.1990346,0.8537564133187977,48752,0.030605892,0.5690774,,,ret_5m_bin,1.0,rel_strength_60m_bin,2.0,0.05847341959467123,bull_low_vol,False,False,"(False, 'PASS')",False,PASS,0.028211854509997025,True,True,True,False,,,,,,,
ret_60m_turned_positive_bin == True AND price_vs_vwap_pct_bin == 2,double,LONG,fwd_ret_60m,14.809082562112485,0.0,0.024252454,0.511792415422925,0.36605027,0.33405724,1.1487067,0.6620249019680454,126098,0.024252454,0.58154273,,,ret_60m_turned_positive_bin,True,price_vs_vwap_pct_bin,2,0.05807411270309655,bull_low_vol,True,True,"(False, 'PASS')",False,PASS,0.023584830845849947,True,True,True,True,False,Net expectancy -1.271% < 1.000% after 2.0 bps cost,0.007285742,-0.012714257,0.47411700882277363,0.16953342,35023.0
ret_30m_turned_positive_bin == True AND rel_strength_60m_bin == 2.0,double,LONG,fwd_ret_60m,14.861651209687828,0.0,0.025046276,0.5062895079571805,0.37435365,0.33316097,1.1522708,0.6648337983257518,125924,0.025046276,0.59804016,,,ret_30m_turned_positive_bin,True,rel_strength_60m_bin,2.0,0.05789823693503759,bull_low_vol,True,True,"(False, 'PASS')",False,PASS,0.012579015914361058,True,True,True,True,False,Net expectancy -2.312% < 1.000% after 2.0 bps cost,-0.0031187919,-0.023118792,0.47638333971867985,-0.065993086,36542.0
rel_strength_60m_bin == 1.0 AND session_range_pct_bin == 3,double,LONG,fwd_ret_60m,11.917273888322978,0.0,0.039615184,0.5261251939989653,0.399866,0.36035758,1.2319875,0.8972167189222545,44459,0.039615184,0.7009138,,,rel_strength_60m_bin,1.0,session_range_pct_bin,3,0.05789476833693503,bull_low_vol,False,False,"(False, 'PASS')",False,PASS,0.1484022286847287,True,True,True,False,,,,,,,
ret_15m_turned_positive_bin == True AND ret_30m_turned_positive_bin == True,double,LONG,fwd_ret_60m,20.71587462820797,0.0,0.01919381,0.5030915718471077,0.3974436,0.3637626,1.1061859,0.4798548624645931,469664,0.01919381,0.63496757,,,ret_15m_turned_positive_bin,True,ret_30m_turned_positive_bin,True,0.05788239242010778,bull_low_vol,True,True,"(False, 'PASS')",False,PASS,0.006183143694215465,True,True,True,True,False,Net expectancy -1.664% < 1.000% after 2.0 bps cost,0.0033638,-0.0166362,0.4738381145517655,0.07193296,131661.0
price_down_vol_weak_bin == True AND rel_strength_60m_bin == 0.0,double,LONG,fwd_ret_60m,14.14722380134057,0.0,0.0226711,0.5110240216533213,0.36226666,0.3322369,1.1395525,0.6884818576124893,106404,0.0226711,0.5227335,,,price_down_vol_weak_bin,True,rel_strength_60m_bin,0.0,0.05760912744243024,bull_low_vol,True,True,"(False, 'PASS')",False,PASS,0.022048043306642562,True,True,True,True,False,Net expectancy -0.319% < 1.000% after 2.0 bps cost,0.016808541,-0.003191458,0.4928212162780064,0.43855295,32805.0
ret_15m_bin == 2.0 AND ret_60m_bin == 2.0,double,LONG,fwd_ret_60m,11.998121617525241,0.0,0.03153869,0.5142634102821456,0.35229045,0.30805048,1.2107759,0.8995078103932693,44835,0.03153869,0.5565946,,,ret_15m_bin,2.0,ret_60m_bin,2.0,0.05760195866881206,bull_low_vol,False,False,"(False, 'PASS')",False,PASS,0.043913734281084305,True,True,True,False,,,,,,,
ret_5m_bin == 2.0 AND rel_strength_60m_bin == 2.0,double,LONG,fwd_ret_60m,11.747769163129675,0.0,0.02982643,0.5143085656321323,0.34938818,0.308564,1.1990194,0.8236708021413026,51263,0.02982643,0.5748412,,,ret_5m_bin,2.0,rel_strength_60m_bin,2.0,0.05759954999069576,bull_low_vol,False,False,"(False, 'PASS')",False,PASS,0.028617131264264684,True,True,True,False,,,,,,,
rel_strength_60m_bin == 0.0 AND is_power_hour_bin == True,double,LONG,fwd_ret_60m,14.184309442576867,0.0,0.13108009,0.551327269352144,0.9900123,0.9243724,1.3160532,1.533928022906808,21548,0.13108009,1.3565382,,,rel_strength_60m_bin,0.0,is_power_hour_bin,True,0.05737508058319414,bull_low_vol,False,False,"(True, 'Expectancy too high (13.108% > 10.000%)')",True,Expectancy too high (13.108% > 10.000%),1.1304194601537247,False,True,True,False,,,,,,,
ret_15m_bin == 1.0 AND rel_strength_60m_bin == 2.0,double,LONG,fwd_ret_60m,12.30595895851868,0.0,0.028894315,0.5139264402386933,0.36393666,0.32534653,1.1827109,0.7813604184224642,62507,0.028894315,0.5870313,,,ret_15m_bin,1.0,rel_strength_60m_bin,2.0,0.05719447643627697,bull_low_vol,False,False,"(False, 'PASS')",False,PASS,0.027852880477386543,True,True,True,False,,,,,,,
ret_30m_turned_positive_bin == True AND ret_15m_bin == 1.0,double,LONG,fwd_ret_60m,14.043475913353845,0.0,0.025407596,0.5121953519957746,0.37089774,0.33735737,1.1543931,0.6846565710551975,106024,0.025407596,0.58910275,,,ret_30m_turned_positive_bin,True,ret_15m_bin,1.0,0.05699926886907573,bull_low_vol,True,True,"(False, 'PASS')",False,PASS,0.02439070399154919,True,True,True,True,False,Net expectancy -1.726% < 1.000% after 2.0 bps cost,0.0027413333,-0.017258666,0.4811267039555213,0.06495539,29857.0
rel_strength_60m_bin == 3.0 AND atr_14_bin == 0,double,LONG,fwd_ret_60m,11.949407609037586,0.0,0.025939196,0.49726671872916706,0.32042667,0.2653461,1.1944492,0.8278713730534305,52501,0.025939196,0.49738643,,,rel_strength_60m_bin,3.0,atr_14_bin,0,0.05693572985118485,bull_low_vol,False,False,"(False, 'PASS')",False,PASS,0.0,True,True,True,False,,,,,,,
ret_5m_bin == 2.0 AND rel_strength_60m_bin == 1.0,double,LONG,fwd_ret_60m,11.710764357898197,0.0,0.031300705,0.5165722676735892,0.35349837,0.31298733,1.2068691,0.8514573974696631,47670,0.031300705,0.583568,,,ret_5m_bin,2.0,rel_strength_60m_bin,1.0,0.05683824472464202,bull_low_vol,False,False,"(False, 'PASS')",False,PASS,0.04615158460970209,True,True,True,False,,,,,,,
rel_strength_60m_bin == 3.0 AND is_power_hour_bin == True,double,LONG,fwd_ret_60m,11.912439172279367,0.0,0.07014226,0.5482080482319728,0.80995655,0.8275543,1.1876053,0.9249605580910584,41798,0.07014226,1.2038069,,,rel_strength_60m_bin,3.0,is_power_hour_bin,True,0.05669404254637574,bull_low_vol,False,False,"(False, 'PASS')",False,PASS,0.49783871330335444,True,True,True,False,,,,,,,
ret_5m_bin == 3.0 AND ret_30m_bin == 2.0,double,LONG,fwd_ret_60m,11.583714970421424,0.0,0.030272402,0.5136657080224444,0.3619359,0.3200302,1.1945006,0.8246496402505442,49723,0.030272402,0.5827438,,,ret_5m_bin,3.0,ret_30m_bin,2.0,0.056476982761884544,bull_low_vol,False,False,"(False, 'PASS')",False,PASS,0.030055434737859044,True,True,True,False,,,,,,,
price_up_vol_weak_bin == True AND rvol_bin == 0,double,LONG,fwd_ret_60m,13.566159372426284,0.0,0.022284547,0.5042075506706978,0.3356662,0.29641616,1.1516358,0.711475032098493,91621,0.022284547,0.4972152,,,price_up_vol_weak_bin,True,rvol_bin,0,0.05632642416504899,bull_low_vol,True,True,"(False, 'PASS')",False,PASS,0.008415101341395559,True,True,True,True,False,Net expectancy -2.705% < 1.000% after 2.0 bps cost,-0.007047869,-0.027047869,0.4628211606483461,-0.20659718,25727.0
ret_30m_bin == 1.0 AND atr_14_bin == 1,double,LONG,fwd_ret_60m,11.579880776370462,0.0,0.03086937,0.5150124933437104,0.35422367,0.31250343,1.2036772,0.8319146982833161,48826,0.03086937,0.58904606,,,ret_30m_bin,1.0,atr_14_bin,1,0.056074840883569635,bull_low_vol,False,False,"(False, 'PASS')",False,PASS,0.03871868995141875,True,True,True,False,,,,,,,
ret_60m_turned_positive_bin == True AND rel_strength_60m_bin == 2.0,double,LONG,fwd_ret_60m,14.699168827990183,0.0,0.024311405,0.5099657142857142,0.37508094,0.34072518,1.145606,0.644085292647897,131250,0.024311405,0.5991933,,,ret_60m_turned_positive_bin,True,rel_strength_60m_bin,2.0,0.05588090060252585,bull_low_vol,True,True,"(False, 'PASS')",False,PASS,0.01993142857142849,True,True,True,True,False,Net expectancy -1.961% < 1.000% after 2.0 bps cost,0.000393281,-0.019606719,0.48318274403300776,0.008603537,38294.0
session_range_pct_bin == 1 AND atr_14_bin == 1,double,LONG,fwd_ret_60m,11.805443258494515,0.0,0.030527107,0.5105169261943043,0.3521652,0.30493227,1.2045242,0.8795089863678346,45403,0.030527107,0.5509924,,,session_range_pct_bin,1,atr_14_bin,1,0.05571004740842656,bull_low_vol,False,False,"(False, 'PASS')",False,PASS,0.02630492656444333,True,True,True,False,,,,,,,
ret_5m_bin == 1.0,single,LONG,fwd_ret_60m,16.677762900399916,0.0,0.020735009,0.5098982828393306,0.36261362,0.334953,1.126309,0.5651816683378811,219432,0.020735009,0.58239335,ret_5m_bin,1.0,,,,,0.05562828479414204,bull_low_vol,False,False,"(False, 'PASS')",False,PASS,0.01979656567866117,True,True,True,False,,,,,,,
ret_60m_bin == 3.0 AND price_vs_vwap_pct_bin == 2,double,LONG,fwd_ret_60m,11.50937341702875,0.0,0.02909091,0.5182424102327015,0.36234528,0.3294017,1.1833172,0.801896030359788,51912,0.02909091,0.57588995,,,ret_60m_bin,3.0,price_vs_vwap_pct_bin,2,0.05535909125843574,bull_low_vol,False,False,"(False, 'PASS')",False,PASS,0.03648482046540291,True,True,True,False,,,,,,,
ret_60m_turned_positive_bin == True AND session_range_pct_bin == 1,double,LONG,fwd_ret_60m,13.92973823695294,0.0,0.025711203,0.5067284952469279,0.39473715,0.35338217,1.1474999,0.6734160772409093,107825,0.025711203,0.6060929,,,ret_60m_turned_positive_bin,True,session_range_pct_bin,1,0.05501587447986024,bull_low_vol,True,True,"(False, 'PASS')",False,PASS,0.013456990493855736,True,True,True,True,False,Net expectancy -0.246% < 1.000% after 2.0 bps cost,0.017535832,-0.0024641678,0.48091064772841746,0.40699014,29781.0
ret_15m_bin == 1.0 AND rvol_bin == 2,double,LONG,fwd_ret_60m,11.535774747538877,0.0,0.029816205,0.517204910292729,0.37620208,0.3412573,1.1809704,0.7958185645762784,52950,0.029816205,0.59475565,,,ret_15m_bin,1.0,rvol_bin,2,0.054955318616400343,bull_low_vol,False,False,"(False, 'PASS')",False,PASS,0.03440982058545794,True,True,True,False,,,,,,,
ret_5m_bin == 2.0 AND ret_60m_bin == 1.0,double,LONG,fwd_ret_60m,11.463998804099715,0.0,0.030398916,0.515248730129352,0.3510943,0.3104726,1.2019835,0.8252730640873993,48627,0.030398916,0.5847372,,,ret_5m_bin,2.0,ret_60m_bin,1.0,0.0548712006046129,bull_low_vol,False,False,"(False, 'PASS')",False,PASS,0.03448662478993497,True,True,True,False,,,,,,,
ret_5m_bin == 2.0 AND ret_60m_bin == 2.0,double,LONG,fwd_ret_60m,11.57480933023518,0.0,0.028181642,0.5084943339257391,0.3470004,0.30165693,1.1900747,0.8032354868106291,52329,0.028181642,0.55695957,,,ret_5m_bin,2.0,ret_60m_bin,2.0,0.054717860579139056,bull_low_vol,False,False,"(False, 'PASS')",False,PASS,0.016988667851478123,True,True,True,False,,,,,,,
price_up_vol_weak_bin == True AND ret_30m_turned_positive_bin == True,double,LONG,fwd_ret_60m,16.515977992766572,0.0,0.020434877,0.5044446212826911,0.371805,0.33723813,1.1222765,0.56724993102714,213629,0.020434877,0.5718707,,,price_up_vol_weak_bin,True,ret_30m_turned_positive_bin,True,0.0546988883788087,bull_low_vol,True,True,"(False, 'PASS')",False,PASS,0.00888924256538215,True,True,True,True,False,Net expectancy -1.765% < 1.000% after 2.0 bps cost,0.0023518496,-0.01764815,0.47421993436287,0.05764313,60027.0
ret_5m_turned_positive_bin == True AND ret_30m_turned_positive_bin == True,double,LONG,fwd_ret_60m,19.1918727029568,0.0,0.019824678,0.502285301900409,0.4018251,0.36568373,1.1089232,0.48998878192532097,386601,0.019824678,0.6422739,,,ret_5m_turned_positive_bin,True,ret_30m_turned_positive_bin,True,0.05466888531975001,bull_low_vol,True,True,"(False, 'PASS')",False,PASS,0.004570603800817974,True,True,True,True,False,Net expectancy -1.613% < 1.000% after 2.0 bps cost,0.0038747364,-0.016125264,0.4739262810131502,0.08157228,108059.0
ret_5m_bin == 3.0 AND atr_14_bin == 0,double,LONG,fwd_ret_60m,11.521959350576152,0.0,0.024422418,0.5026444304849136,0.30740228,0.26156667,1.1877323,0.8233556011310164,49349,0.024422418,0.47087052,,,ret_5m_bin,3.0,atr_14_bin,0,0.054471491568957274,bull_low_vol,False,False,"(False, 'PASS')",False,PASS,0.005288860969827169,True,True,True,False,,,,,,,
price_down_vol_weak_bin == True AND vwap_cross_up_bin == True,double,LONG,fwd_ret_60m,12.367048621590403,0.0,0.025326852,0.508146683914478,0.35881007,0.31920347,1.1613162,0.7484606476808995,68801,0.025326852,0.53717095,,,price_down_vol_weak_bin,True,vwap_cross_up_bin,True,0.054439031796843174,bull_low_vol,True,True,"(False, 'PASS')",False,PASS,0.016293367828956073,True,True,True,True,False,Net expectancy -1.101% < 1.000% after 2.0 bps cost,0.008993399,-0.0110066,0.4803935153110711,0.20878333,21651.0
ret_5m_bin == 1.0 AND ret_60m_bin == 2.0,double,LONG,fwd_ret_60m,11.388036820853337,0.0,0.02868395,0.5152707551786005,0.34978095,0.3126445,1.1892731,0.8162787175100139,49048,0.02868395,0.55782855,,,ret_5m_bin,1.0,ret_60m_bin,2.0,0.054382652541189846,bull_low_vol,False,False,"(False, 'PASS')",False,PASS,0.030541510357201096,True,True,True,False,,,,,,,
rel_strength_60m_bin == 1.0 AND rvol_bin == 0,double,LONG,fwd_ret_60m,11.464449846488854,0.0,0.025299706,0.5110217548200845,0.31452456,0.27696362,1.1868112,0.82642795349263,48495,0.025299706,0.48597142,,,rel_strength_60m_bin,1.0,rvol_bin,0,0.054351410994459365,bull_low_vol,False,False,"(False, 'PASS')",False,PASS,0.02204350964016899,True,True,True,False,,,,,,,
session_range_pct_bin == 2 AND rvol_bin == 0,double,LONG,fwd_ret_60m,11.54460107558391,0.0,0.025528433,0.5088945495884297,0.3237347,0.28347963,1.1833696,0.840868003678499,47501,0.025528433,0.48194402,,,session_range_pct_bin,2,rvol_bin,0,0.054319224734191665,bull_low_vol,False,False,"(False, 'PASS')",False,PASS,0.017789099176859446,True,True,True,False,,,,,,,
ret_15m_turned_positive_bin == True AND rvol_bin == 0,double,LONG,fwd_ret_60m,14.288887509100363,0.0,0.01984782,0.5013348858485466,0.32516113,0.28710008,1.1386342,0.6541588922154745,120235,0.01984782,0.4816481,,,ret_15m_turned_positive_bin,True,rvol_bin,0,0.05423702385122096,bull_low_vol,True,True,"(False, 'PASS')",False,PASS,0.0026697716970931484,True,True,True,True,False,Net expectancy -1.859% < 1.000% after 2.0 bps cost,0.0014075986,-0.0185924,0.46677448643740777,0.03708918,35244.0
ret_60m_bin == 2.0 AND price_vs_vwap_pct_bin == 2,double,LONG,fwd_ret_60m,11.837318545863528,0.0,0.027178932,0.5125927647635017,0.35281137,0.31527972,1.1768659,0.765660687801303,60233,0.027178932,0.5635031,,,ret_60m_bin,2.0,price_vs_vwap_pct_bin,2,0.05377103714517709,bull_low_vol,False,False,"(False, 'PASS')",False,PASS,0.02518552952700337,True,True,True,False,,,,,,,
ret_5m_turned_positive_bin == True AND price_vs_vwap_pct_bin == 2,double,LONG,fwd_ret_60m,13.971082245980067,0.0,0.024193775,0.5114914425427873,0.367315,0.33507028,1.1478072,0.6496003049963537,116565,0.024193775,0.59123164,,,ret_5m_turned_positive_bin,True,price_vs_vwap_pct_bin,2,0.053728027796857813,bull_low_vol,True,True,"(False, 'PASS')",False,PASS,0.022982885085574667,True,True,True,True,False,Net expectancy -0.570% < 1.000% after 2.0 bps cost,0.014299855,-0.005700145,0.48048594401079875,0.31084976,34078.0
ret_5m_turned_positive_bin == True AND ret_15m_bin == 1.0,double,LONG,fwd_ret_60m,13.530821558150363,0.0,0.025012314,0.5124115020677766,0.37217775,0.3398272,1.1509532,0.6684628678188542,103251,0.025012314,0.59398687,,,ret_5m_turned_positive_bin,True,ret_15m_bin,1.0,0.05364220009209465,bull_low_vol,True,True,"(False, 'PASS')",False,PASS,0.024823004135553273,True,True,True,True,False,Net expectancy -0.725% < 1.000% after 2.0 bps cost,0.012748018,-0.0072519816,0.4792893502345543,0.27871794,30057.0
rvol_bin == 0 AND price_vs_vwap_pct_bin == 1,double,LONG,fwd_ret_60m,11.346573309291074,0.0,0.024706302,0.5102405358773977,0.31482807,0.27754796,1.1817553,0.8115135050882776,49265,0.024706302,0.48329496,,,rvol_bin,0,price_vs_vwap_pct_bin,1,0.05357845344408367,bull_low_vol,False,False,"(False, 'PASS')",False,PASS,0.02048107175479541,True,True,True,False,,,,,,,
price_up_vol_weak_bin == True AND ret_60m_turned_positive_bin == True,double,LONG,fwd_ret_60m,17.319714930716533,0.0,0.018859291,0.5034831724235508,0.36858702,0.3357753,1.1131209,0.5305259381969862,268577,0.018859291,0.5643117,,,price_up_vol_weak_bin,True,ret_60m_turned_positive_bin,True,0.05354495761972428,bull_low_vol,True,True,"(False, 'PASS')",False,PASS,0.006966344847101569,True,True,True,True,False,Net expectancy -1.385% < 1.000% after 2.0 bps cost,0.0061479,-0.013852099,0.47471051837864064,0.15203701,76257.0
price_up_vol_weak_bin == True,single,LONG,fwd_ret_60m,17.319714930716533,0.0,0.018859291,0.5034831724235508,0.36858702,0.3357753,1.1131209,0.5305259381969862,268577,0.018859291,0.5643117,price_up_vol_weak_bin,True,,,,,0.05354495761972428,bull_low_vol,True,True,"(False, 'PASS')",False,PASS,0.006966344847101569,True,True,True,True,False,Net expectancy -1.385% < 1.000% after 2.0 bps cost,0.0061479,-0.013852099,0.47471051837864064,0.15203701,76257.0
ret_30m_bin == 2.0 AND rvol_bin == 0,double,LONG,fwd_ret_60m,11.337396189700447,0.0,0.024165442,0.5097827368090205,0.3107305,0.2738369,1.1800174,0.7976807342972734,50906,0.024165442,0.48091233,,,ret_30m_bin,2.0,rvol_bin,0,0.05335975275115373,bull_low_vol,False,False,"(False, 'PASS')",False,PASS,0.019565473618041063,True,True,True,False,,,,,,,
avwap_cross_up_bin == True AND ret_15m_bin == 3.0,double,LONG,fwd_ret_60m,14.572958497702164,0.0,0.023966353,0.5072768528153544,0.37686408,0.33935496,1.1433326,0.6218778143387531,138384,0.023966353,0.61178267,,,avwap_cross_up_bin,True,ret_15m_bin,3.0,0.05320887723103089,bull_low_vol,True,True,"(False, 'PASS')",False,PASS,0.01455370563070879,True,True,True,True,False,Net expectancy -3.913% < 1.000% after 2.0 bps cost,-0.019134572,-0.03913457,0.46426443540657464,-0.41662607,38603.0
ret_5m_turned_positive_bin == True AND rvol_bin == 0,double,LONG,fwd_ret_60m,13.735549858546754,0.0,0.020141581,0.5038651710268994,0.3247153,0.28917772,1.1403878,0.6622525799961133,108404,0.020141581,0.48280323,,,ret_5m_turned_positive_bin,True,rvol_bin,0,0.05304815764293723,bull_low_vol,True,True,"(False, 'PASS')",False,PASS,0.007730342053798855,True,True,True,True,False,Net expectancy -2.196% < 1.000% after 2.0 bps cost,-0.001958821,-0.02195882,0.46232204604217936,-0.052332968,32101.0
vwap_cross_up_bin == True AND ret_60m_turned_positive_bin == True,double,LONG,fwd_ret_60m,19.654615808668947,0.0,0.01864156,0.5033299310204954,0.39917693,0.3669964,1.102271,0.46325710464986686,453613,0.01864156,0.6387934,,,vwap_cross_up_bin,True,ret_60m_turned_positive_bin,True,0.053042704812157254,bull_low_vol,True,True,"(False, 'PASS')",False,PASS,0.006659862040990783,True,True,True,True,False,Net expectancy -1.300% < 1.000% after 2.0 bps cost,0.007003447,-0.0129965525,0.4765788373065663,0.15011075,124332.0
ret_5m_bin == 2.0 AND rvol_bin == 0,double,LONG,fwd_ret_60m,11.542515729222131,0.0,0.022726603,0.507133004210832,0.30688557,0.26965734,1.1709986,0.7806218545542719,55096,0.022726603,0.46216184,,,ret_5m_bin,2.0,rvol_bin,0,0.0528870464212111,bull_low_vol,False,False,"(False, 'PASS')",False,PASS,0.014266008421663923,True,True,True,False,,,,,,,
rel_strength_60m_bin == 2.0 AND rvol_bin == 0,double,LONG,fwd_ret_60m,11.265292593748693,0.0,0.023955109,0.5073168778651933,0.31516403,0.2759033,1.1762276,0.8001325605423891,49953,0.023955109,0.47526568,,,rel_strength_60m_bin,2.0,rvol_bin,0,0.0528763611067178,bull_low_vol,False,False,"(False, 'PASS')",False,PASS,0.01463375573038661,True,True,True,False,,,,,,,
avwap_cross_up_bin == True AND ret_5m_bin == 2.0,double,LONG,fwd_ret_60m,13.929313036283114,0.0,0.023983374,0.5112102339673456,0.36268505,0.33025435,1.1485728,0.6414830806299562,118820,0.023983374,0.59350634,,,avwap_cross_up_bin,True,ret_5m_bin,2.0,0.05286895199433256,bull_low_vol,True,True,"(False, 'PASS')",False,PASS,0.022420467934691102,True,True,True,True,False,Net expectancy -2.295% < 1.000% after 2.0 bps cost,-0.002947573,-0.022947572,0.47755776551479917,-0.073552676,33887.0
ret_5m_turned_positive_bin == True AND ret_60m_bin == 2.0,double,LONG,fwd_ret_60m,13.811376477915273,0.0,0.02451372,0.5075149287203075,0.37251222,0.33410516,1.1489817,0.6501949881782371,113707,0.02451372,0.59850234,,,ret_5m_turned_positive_bin,True,ret_60m_bin,2.0,0.052749173638352055,bull_low_vol,True,True,"(False, 'PASS')",False,PASS,0.015029857440614913,True,True,True,True,False,Net expectancy -0.771% < 1.000% after 2.0 bps cost,0.012293834,-0.0077061653,0.4766920862882407,0.24652956,33701.0
rel_strength_60m_bin == 3.0 AND session_range_pct_bin == 4,double,LONG,fwd_ret_60m,11.680917101477771,0.0,0.030019512,0.5143779588149685,0.39200887,0.35340494,1.1749171,0.758407989432912,59779,0.030019512,0.6283491,,,rel_strength_60m_bin,3.0,session_range_pct_bin,4,0.05274101086171309,bull_low_vol,False,False,"(False, 'PASS')",False,PASS,0.02895104163024792,True,True,True,False,,,,,,,
ret_30m_bin == 2.0 AND rvol_bin == 2,double,LONG,fwd_ret_60m,11.511585274319712,0.0,0.032280095,0.5151004418530497,0.3796301,0.33670384,1.1977128,0.8721144179762397,43906,0.032280095,0.5875727,,,ret_30m_bin,2.0,rvol_bin,2,0.05255822018974545,bull_low_vol,False,False,"(False, 'PASS')",False,PASS,0.0530018329219884,True,True,True,False,,,,,,,
rvol_bin == 0 AND is_power_hour_bin == True,double,LONG,fwd_ret_60m,13.308152961149476,0.0,0.097791955,0.5443004261363636,0.79680294,0.73712647,1.291127,1.4075269771642152,22528,0.097791955,1.1029267,,,rvol_bin,0,is_power_hour_bin,True,0.052328068292082856,bull_low_vol,False,False,"(False, 'PASS')",False,PASS,0.766520401022651,True,True,True,False,,,,,,,
ret_5m_bin == 3.0 AND atr_14_bin == 1,double,LONG,fwd_ret_60m,11.252793944587275,0.0,0.028145947,0.5098237503611673,0.35398945,0.31075823,1.1847739,0.8115136233625779,48454,0.028145947,0.55057985,,,ret_5m_bin,3.0,atr_14_bin,1,0.05221822832958236,bull_low_vol,False,False,"(False, 'PASS')",False,PASS,0.019647500722334676,True,True,True,False,,,,,,,
ret_60m_turned_positive_bin == True AND price_vs_vwap_pct_bin == 1,double,LONG,fwd_ret_60m,12.95902718071721,0.0,0.025193952,0.5110014800197336,0.37712875,0.34257647,1.1503942,0.6811449479422882,91215,0.025193952,0.58716077,,,ret_60m_turned_positive_bin,True,price_vs_vwap_pct_bin,1,0.05220599243209476,bull_low_vol,True,True,"(False, 'PASS')",False,PASS,0.022002960039467112,True,True,True,True,False,Net expectancy -0.747% < 1.000% after 2.0 bps cost,0.0125331655,-0.007466834,0.48114294492664567,0.3099825,26038.0
ret_60m_bin == 1.0 AND price_vs_vwap_pct_bin == 1,double,LONG,fwd_ret_60m,11.777443533047444,0.0,0.028817363,0.5190061419929761,0.3631763,0.33196548,1.180477,0.7353781499138167,64637,0.028817363,0.6220765,,,ret_60m_bin,1.0,price_vs_vwap_pct_bin,1,0.05202600846226284,bull_low_vol,False,False,"(False, 'PASS')",False,PASS,0.038012283985952244,True,True,True,False,,,,,,,
session_range_pct_bin == 3 AND rvol_bin == 0,double,LONG,fwd_ret_60m,11.402313509360807,0.0,0.026662027,0.510740382075887,0.3279675,0.28787214,1.1893016,0.8491671930559005,45436,0.026662027,0.49842548,,,session_range_pct_bin,3,rvol_bin,0,0.05201190086753882,bull_low_vol,False,False,"(False, 'PASS')",False,PASS,0.021480764151774023,True,True,True,False,,,,,,,
ret_5m_bin == 1.0 AND ret_15m_bin == 1.0,double,LONG,fwd_ret_60m,12.293228535789751,0.0,0.024837863,0.5147272295389163,0.3444068,0.31412786,1.1629379,0.7089158127887094,75778,0.024837863,0.5561857,,,ret_5m_bin,1.0,ret_15m_bin,1.0,0.05191872515756297,bull_low_vol,False,False,"(False, 'PASS')",False,PASS,0.029454459077832507,True,True,True,False,,,,,,,
ret_30m_bin == 1.0 AND session_range_pct_bin == 1,double,LONG,fwd_ret_60m,11.247541755078485,0.0,0.029865116,0.5144433832112916,0.36130354,0.32129127,1.1914369,0.8225802539554323,47115,0.029865116,0.57634985,,,ret_30m_bin,1.0,session_range_pct_bin,1,0.051909748946222335,bull_low_vol,False,False,"(False, 'PASS')",False,PASS,0.028886766422583143,True,True,True,False,,,,,,,
vwap_cross_up_bin == True AND rel_strength_60m_bin == 2.0,double,LONG,fwd_ret_60m,14.238051905707449,0.0,0.02355737,0.5070728560758663,0.37300414,0.3359176,1.1422694,0.6208155928478035,132549,0.02355737,0.6023716,,,vwap_cross_up_bin,True,rel_strength_60m_bin,2.0,0.051876397449388136,bull_low_vol,True,True,"(False, 'PASS')",False,PASS,0.014145712151732548,True,True,True,True,False,Net expectancy -1.054% < 1.000% after 2.0 bps cost,0.009457534,-0.010542465,0.47735173692478045,0.18909985,38833.0
ret_30m_turned_positive_bin == True AND session_range_pct_bin == 1,double,LONG,fwd_ret_60m,13.818272771858942,0.0,0.023554409,0.5079312651913582,0.38271156,0.34718066,1.1378767,0.638368386068837,118077,0.023554409,0.5857349,,,ret_30m_turned_positive_bin,True,session_range_pct_bin,1,0.05185806842318309,bull_low_vol,True,True,"(False, 'PASS')",False,PASS,0.015862530382716455,True,True,True,True,False,Net expectancy -1.337% < 1.000% after 2.0 bps cost,0.0066310745,-0.013368925,0.4754630743324513,0.15875079,33256.0
avwap_cross_up_bin == True AND rvol_bin == 1,double,LONG,fwd_ret_60m,13.72896408758561,0.0,0.02332183,0.5087322679736306,0.36937556,0.33503407,1.1416954,0.6401935950709897,115892,0.02332183,0.57829785,,,avwap_cross_up_bin,True,rvol_bin,1,0.05175170188477078,bull_low_vol,True,True,"(False, 'PASS')",False,PASS,0.01746453594726116,True,True,True,True,False,Net expectancy -1.705% < 1.000% after 2.0 bps cost,0.002954359,-0.017045641,0.4778699861687414,0.07263969,34704.0
ret_5m_bin == 1.0 AND atr_14_bin == 1,double,LONG,fwd_ret_60m,11.174830822776347,0.0,0.027472027,0.5139560073321113,0.34043306,0.30346143,1.1862565,0.8096259655298694,48008,0.027472027,0.53864986,,,ret_5m_bin,1.0,atr_14_bin,1,0.051675084870756144,bull_low_vol,False,False,"(False, 'PASS')",False,PASS,0.027912014664222662,True,True,True,False,,,,,,,
rvol_bin == 2 AND atr_14_bin == 0,double,LONG,fwd_ret_60m,12.290570066052739,0.0,0.03358352,0.5105932843715054,0.32193735,0.26725322,1.2567636,1.0726143719908139,33087,0.03358352,0.49703035,,,rvol_bin,2,atr_14_bin,0,0.051554239147199685,bull_low_vol,False,False,"(False, 'PASS')",False,PASS,0.05702178717257628,True,True,True,False,,,,,,,
avwap_cross_up_bin == True AND ret_30m_bin == 1.0,double,LONG,fwd_ret_60m,12.6971078632427,0.0,0.02641199,0.5204677072417406,0.37925935,0.3565563,1.1544739,0.669436206173132,90655,0.02641199,0.6263141,,,avwap_cross_up_bin,True,ret_30m_bin,1.0,0.05120284027244932,bull_low_vol,True,True,"(False, 'PASS')",False,PASS,0.04093541448348126,True,True,True,True,False,Net expectancy -1.537% < 1.000% after 2.0 bps cost,0.0046273423,-0.015372657,0.49544402661266995,0.107377745,27656.0
ret_30m_bin == 2.0 AND rvol_bin == 1,double,LONG,fwd_ret_60m,11.221342053021086,0.0,0.029196596,0.5134419025462066,0.35336724,0.31288543,1.1917839,0.8267670459115758,46422,0.029196596,0.56059515,,,ret_30m_bin,2.0,rvol_bin,1,0.05118696360597081,bull_low_vol,False,False,"(False, 'PASS')",False,PASS,0.02688380509241317,True,True,True,False,,,,,,,
ret_5m_turned_positive_bin == True AND ret_15m_turned_positive_bin == True,double,LONG,fwd_ret_60m,18.951503280232686,0.0,0.018717716,0.501745029887516,0.39938983,0.36462086,1.103029,0.4648220214856454,418904,0.018717716,0.63924366,,,ret_5m_turned_positive_bin,True,ret_15m_turned_positive_bin,True,0.05115636728552624,bull_low_vol,True,True,"(False, 'PASS')",False,PASS,0.0034900597750320284,True,True,True,True,False,Net expectancy -1.154% < 1.000% after 2.0 bps cost,0.008463498,-0.011536501,0.47698305341074265,0.17548065,119021.0
ret_60m_bin == 2.0 AND rel_strength_60m_bin == 2.0,double,LONG,fwd_ret_60m,13.163659178665462,0.0,0.025781678,0.5049243477224892,0.38242513,0.33795658,1.1540915,0.6584311964907313,100724,0.025781678,0.6215857,,,ret_60m_bin,2.0,rel_strength_60m_bin,2.0,0.05065235005905332,bull_low_vol,False,False,"(False, 'PASS')",False,PASS,0.00984869544497835,True,True,True,False,,,,,,,
session_range_pct_bin == 4,single,LONG,fwd_ret_60m,15.991988856227463,0.0,0.021293573,0.5042256988129752,0.40426755,0.3682089,1.1166462,0.542016049922047,219372,0.021293573,0.6236439,session_range_pct_bin,4,,,,,0.05058547814454766,bull_low_vol,False,False,"(False, 'PASS')",False,PASS,0.008451397625950374,True,True,True,False,,,,,,,
session_range_pct_bin == 3 AND price_vs_vwap_pct_bin == 1,double,LONG,fwd_ret_60m,11.039455079309786,0.0,0.0307226,0.51627916727814,0.37384364,0.3354933,1.1893125,0.8024043141653058,47699,0.0307226,0.60780597,,,session_range_pct_bin,3,price_vs_vwap_pct_bin,1,0.050495307350708646,bull_low_vol,False,False,"(False, 'PASS')",False,PASS,0.039784329322038625,True,True,True,False,,,,,,,
avwap_cross_up_bin == True AND ret_5m_bin == 3.0,double,LONG,fwd_ret_60m,13.920869024747358,0.0,0.023585055,0.5085439025144589,0.37635162,0.34144714,1.1405492,0.6144883317420708,129332,0.023585055,0.6092893,,,avwap_cross_up_bin,True,ret_5m_bin,3.0,0.05034944608293061,bull_low_vol,True,True,"(False, 'PASS')",False,PASS,0.017087805028917824,True,True,True,True,False,Net expectancy -3.423% < 1.000% after 2.0 bps cost,-0.0142327845,-0.034232784,0.4681671327342329,-0.325388,36833.0
ret_5m_bin == 3.0 AND price_vs_vwap_pct_bin == 2,double,LONG,fwd_ret_60m,11.10206999131401,0.0,0.027515488,0.5141270405205781,0.36274764,0.3272108,1.1730719,0.7621011044596241,53479,0.027515488,0.5731455,,,ret_5m_bin,3.0,price_vs_vwap_pct_bin,2,0.0503469603637733,bull_low_vol,False,False,"(False, 'PASS')",False,PASS,0.02825408104115623,True,True,True,False,,,,,,,
avwap_cross_up_bin == True AND session_range_pct_bin == 4,double,LONG,fwd_ret_60m,15.934152769145049,0.0,0.021221444,0.5041714969010433,0.40401787,0.36801606,1.116299,0.540383568892225,219106,0.021221444,0.62340903,,,avwap_cross_up_bin,True,session_range_pct_bin,4,0.05024532489676636,bull_low_vol,True,True,"(False, 'PASS')",False,PASS,0.008342993802086696,True,True,True,True,False,Net expectancy -1.814% < 1.000% after 2.0 bps cost,0.0018593132,-0.018140687,0.48233657858136303,0.04017907,64710.0
