rule,rule_type,direction,horizon,t_stat,p_value,expectancy,win_rate,avg_win,avg_loss,profit_factor,sharpe,n_samples,mean_ret,std_ret,rule_col,rule_val,rule_col1,rule_val1,rule_col2,rule_val2,aaa_score,regime,is_event_based,passes_event_filter,overfit_check,is_overfit,overfit_reason,overfit_risk,passes_overfit_filter,passes_regime_filter,passes_aaa_score,passes_aaa_filters,validation_passed,validation_reason,val_expectancy,val_expectancy_net,val_win_rate,val_sharpe,val_trades
atr_14_bin == 1 AND is_power_hour_bin == True,double,LONG,fwd_ret_30m,17.78270024020321,0.0,0.065845214,0.5226267809378241,0.45009673,0.35483217,1.3887258,1.4747965499257114,36638,0.065845214,0.7087489,,,atr_14_bin,1,is_power_hour_bin,True,0.11624371812596027,bull_low_vol,False,False,"(False, 'PASS')",False,PASS,0.4037057001803586,True,True,True,False,,,,,,,
ret_5m_turned_positive_bin == True AND is_power_hour_bin == True,double,LONG,fwd_ret_30m,17.235153412519225,0.0,0.048374724,0.5194226559148065,0.5098258,0.45037568,1.2235014,0.9074774875700488,90899,0.048374724,0.84621924,,,ret_5m_turned_positive_bin,True,is_power_hour_bin,True,0.09402820803921856,bull_low_vol,True,True,"(False, 'PASS')",False,PASS,0.22259254826025804,True,True,True,True,True,PASS,0.087769195,0.0677692,0.526383876897937,1.3399765,29374.0
is_power_hour_bin == True,single,LONG,fwd_ret_30m,20.206818910806536,0.0,0.041233484,0.5136966644214719,0.5035511,0.44712633,1.1896324,0.7763131217945243,170735,0.041233484,0.84316653,is_power_hour_bin,True,,,,,0.09326697252613919,bull_low_vol,False,False,"(False, 'PASS')",False,PASS,0.1397281658623873,True,True,True,False,,,,,,,
ret_15m_turned_positive_bin == True AND atr_14_bin == 0,double,LONG,fwd_ret_30m,18.81758940299157,0.0,0.016282344,0.49363582349347684,0.19333895,0.15632363,1.2056977,0.8641432623707065,119497,0.016282344,0.29911035,,,ret_15m_turned_positive_bin,True,atr_14_bin,0,0.09290576483415133,bull_low_vol,True,True,"(False, 'PASS')",False,PASS,0.0,True,True,True,True,False,Net expectancy -1.972% < 1.000% after 2.0 bps cost,0.000281214,-0.019718785,0.4718046629198376,0.013896745,37187.0
atr_14_bin == 0,single,LONG,fwd_ret_30m,21.89092593801788,0.0,0.013909812,0.49389105217482177,0.19141972,0.15931484,1.1725128,0.7407424216665472,220087,0.013909812,0.29809475,atr_14_bin,0,,,,,0.09269338973877618,bull_low_vol,False,False,"(False, 'PASS')",False,PASS,0.0,True,True,True,False,,,,,,,
ret_30m_turned_positive_bin == True AND atr_14_bin == 0,double,LONG,fwd_ret_30m,18.83721555245267,0.0,0.01594984,0.49271286964456057,0.19211893,0.15515795,1.2026414,0.8612403379442656,120555,0.01594984,0.29398978,,,ret_30m_turned_positive_bin,True,atr_14_bin,0,0.09251693440950153,bull_low_vol,True,True,"(False, 'PASS')",False,PASS,0.0,True,True,True,True,False,Net expectancy -2.071% < 1.000% after 2.0 bps cost,-0.00070751784,-0.020707518,0.4693965633514068,-0.033959467,37071.0
vwap_cross_up_bin == True AND is_power_hour_bin == True,double,LONG,fwd_ret_30m,17.009845674657274,0.0,0.044810615,0.5221636610356153,0.49524748,0.4474118,1.2096015,0.8467290274924687,101698,0.044810615,0.84011114,,,vwap_cross_up_bin,True,is_power_hour_bin,True,0.08704377627964234,bull_low_vol,True,True,"(False, 'PASS')",False,PASS,0.19243347687069196,True,True,True,True,True,PASS,0.075352445,0.055352446,0.5254140662506,1.1989418,33328.0
atr_14_bin == 1,single,LONG,fwd_ret_30m,20.941645785434474,0.0,0.016118491,0.5010778125884857,0.22854938,0.19723022,1.1638016,0.7104388309536084,218962,0.016118491,0.36016205,atr_14_bin,1,,,,,0.0862837339150746,bull_low_vol,False,False,"(False, 'PASS')",False,PASS,0.002155625176971432,True,True,True,False,,,,,,,
avwap_cross_up_bin == True AND atr_14_bin == 1,double,LONG,fwd_ret_30m,17.808212864814287,0.0,0.019521168,0.5025158796149461,0.23395781,0.1970844,1.1991012,0.8276781128467484,116659,0.019521168,0.37440753,,,avwap_cross_up_bin,True,atr_14_bin,1,0.08572704555186074,bull_low_vol,True,True,"(False, 'PASS')",False,PASS,0.005031759229892296,True,True,True,True,False,Net expectancy -2.246% < 1.000% after 2.0 bps cost,-0.0024648246,-0.022464825,0.4812970573236944,-0.083174646,33337.0
atr_14_bin == 0 AND is_power_hour_bin == True,double,LONG,fwd_ret_30m,15.897542469270796,0.0,0.054812763,0.5132387552301255,0.36246997,0.26957956,1.4177138,1.442867101543767,30592,0.054812763,0.6030532,,,atr_14_bin,0,is_power_hour_bin,True,0.0833680977135703,bull_low_vol,False,False,"(False, 'PASS')",False,PASS,0.27460513932310887,True,True,True,False,,,,,,,
session_range_pct_bin == 1 AND is_power_hour_bin == True,double,LONG,fwd_ret_30m,15.247924254753359,0.0,0.065274514,0.5252773630748514,0.51053035,0.42739803,1.321715,1.3096212854945004,34161,0.065274514,0.79122174,,,session_range_pct_bin,1,is_power_hour_bin,True,0.08294533486116393,bull_low_vol,False,False,"(False, 'PASS')",False,PASS,0.4032998687287815,True,True,True,False,,,,,,,
vwap_cross_up_bin == True AND atr_14_bin == 0,double,LONG,fwd_ret_30m,18.19875685527552,0.0,0.014923037,0.49145253198580796,0.1925664,0.15674879,1.1872069,0.8005954861537439,130214,0.014923037,0.29589957,,,vwap_cross_up_bin,True,atr_14_bin,0,0.0828748383384849,bull_low_vol,True,True,"(False, 'PASS')",False,PASS,0.0,True,True,True,True,False,Net expectancy -2.211% < 1.000% after 2.0 bps cost,-0.002114221,-0.022114221,0.4683122247381124,-0.10432802,40189.0
ret_15m_turned_positive_bin == True AND is_power_hour_bin == True,double,LONG,fwd_ret_30m,15.936490137481227,0.0,0.043208104,0.5238050725992397,0.4943274,0.45301425,1.2002944,0.8153055565671865,96282,0.043208104,0.84128875,,,ret_15m_turned_positive_bin,True,is_power_hour_bin,True,0.07877148591141307,bull_low_vol,True,True,"(False, 'PASS')",False,PASS,0.17969118146814417,True,True,True,True,True,PASS,0.07507934,0.055079337,0.5251493787739876,1.1814812,31631.0
avwap_cross_up_bin == True AND atr_14_bin == 0,double,LONG,fwd_ret_30m,17.191145244380657,0.0,0.015312492,0.4931962269986083,0.19405802,0.15863374,1.1904631,0.7998662659552749,116406,0.015312492,0.30389863,,,avwap_cross_up_bin,True,atr_14_bin,0,0.07849250577908694,bull_low_vol,True,True,"(False, 'PASS')",False,PASS,0.0,True,True,True,True,False,Net expectancy -1.702% < 1.000% after 2.0 bps cost,0.0029751789,-0.01702482,0.4801492949958529,0.14884421,36170.0
rel_strength_60m_bin == 1.0 AND atr_14_bin == 0,double,LONG,fwd_ret_30m,13.846859450277588,0.0,0.018315403,0.5071837748651304,0.19066872,0.1590627,1.2336485,0.9464377517330307,53941,0.018315403,0.30720246,,,rel_strength_60m_bin,1.0,atr_14_bin,0,0.07692986113021218,bull_low_vol,False,False,"(False, 'PASS')",False,PASS,0.014367549730260887,True,True,True,False,,,,,,,
ret_60m_bin == 3.0 AND atr_14_bin == 1,double,LONG,fwd_ret_30m,13.482392653157653,0.0,0.020319294,0.505193365629362,0.22578846,0.18946297,1.2167449,0.9696866943934226,48716,0.020319294,0.3326423,,,ret_60m_bin,3.0,atr_14_bin,1,0.07448072941378041,bull_low_vol,False,False,"(False, 'PASS')",False,PASS,0.010386731258724025,True,True,True,False,,,,,,,
ret_5m_turned_positive_bin == True AND atr_14_bin == 1,double,LONG,fwd_ret_30m,16.48587223428424,0.0,0.017514363,0.5006002930842706,0.23048496,0.19596824,1.1789618,0.777569845372309,113278,0.017514363,0.35756516,,,ret_5m_turned_positive_bin,True,atr_14_bin,1,0.07427261191339604,bull_low_vol,True,True,"(False, 'PASS')",False,PASS,0.001200586168541129,True,True,True,True,False,Net expectancy -1.244% < 1.000% after 2.0 bps cost,0.0075632944,-0.012436705,0.4843094022773264,0.25119632,33109.0
vwap_cross_up_bin == True AND atr_14_bin == 1,double,LONG,fwd_ret_30m,16.963552061032125,0.0,0.01638591,0.4999495361204922,0.22716464,0.1943503,1.1686053,0.7503272526881555,128805,0.01638591,0.34667307,,,vwap_cross_up_bin,True,atr_14_bin,1,0.07365121981208768,bull_low_vol,True,True,"(False, 'PASS')",False,PASS,0.0,True,True,True,True,False,Net expectancy -1.737% < 1.000% after 2.0 bps cost,0.0026257865,-0.017374214,0.48415497697961823,0.087509505,37141.0
ret_15m_turned_positive_bin == True AND atr_14_bin == 1,double,LONG,fwd_ret_30m,16.1536958848598,0.0,0.016150353,0.4986180255398722,0.22826678,0.19479674,1.1653605,0.7343823394424828,121927,0.016150353,0.34910822,,,ret_15m_turned_positive_bin,True,atr_14_bin,1,0.06846180717013016,bull_low_vol,True,True,"(False, 'PASS')",False,PASS,0.0,True,True,True,True,False,Net expectancy -1.612% < 1.000% after 2.0 bps cost,0.0038825443,-0.016117455,0.4853912205628135,0.12790956,35287.0
rvol_bin == 2 AND is_power_hour_bin == True,double,LONG,fwd_ret_30m,13.41394239868934,0.0,0.056176733,0.5210718954248366,0.51833916,0.4466542,1.262612,1.0887821140182425,38250,0.056176733,0.8190601,,,rvol_bin,2,is_power_hour_bin,True,0.06738182311677986,bull_low_vol,False,False,"(False, 'PASS')",False,PASS,0.30391112310551344,True,True,True,False,,,,,,,
ret_30m_bin == 2.0 AND atr_14_bin == 0,double,LONG,fwd_ret_30m,13.350320926635456,0.0,0.016765574,0.49652679448951376,0.18678807,0.15091112,1.2206585,0.8649762682676844,60031,0.016765574,0.3076908,,,ret_30m_bin,2.0,atr_14_bin,0,0.06636282193229505,bull_low_vol,False,False,"(False, 'PASS')",False,PASS,0.0,True,True,True,False,,,,,,,
price_down_vol_weak_bin == True AND atr_14_bin == 0,double,LONG,fwd_ret_30m,12.741915394993034,0.0,0.016403679,0.5076042265352138,0.18549703,0.15791242,1.210965,0.9510060965819259,45238,0.016403679,0.27381563,,,price_down_vol_weak_bin,True,atr_14_bin,0,0.06441142348899431,bull_low_vol,True,True,"(False, 'PASS')",False,PASS,0.015208453070427508,True,True,True,True,False,Net expectancy -0.674% < 1.000% after 2.0 bps cost,0.013257914,-0.0067420853,0.4866446881517863,0.69870716,14863.0
ret_30m_turned_positive_bin == True AND atr_14_bin == 1,double,LONG,fwd_ret_30m,15.50624101449771,0.0,0.015116555,0.4994575900685965,0.22434221,0.19365565,1.1559486,0.7030072427060212,122601,0.015116555,0.3413448,,,ret_30m_turned_positive_bin,True,atr_14_bin,1,0.06301605393110116,bull_low_vol,True,True,"(False, 'PASS')",False,PASS,0.0,True,True,True,True,False,Net expectancy -1.337% < 1.000% after 2.0 bps cost,0.0066269995,-0.013373001,0.4801023635631721,0.22045122,34778.0
ret_30m_bin == 3.0 AND atr_14_bin == 0,double,LONG,fwd_ret_30m,12.53768788465663,0.0,0.015429575,0.49344799344799345,0.1885687,0.15323061,1.1987853,0.8788914762459943,51282,0.015429575,0.27868846,,,ret_30m_bin,3.0,atr_14_bin,0,0.0629332777448715,bull_low_vol,False,False,"(False, 'PASS')",False,PASS,0.0,True,True,True,False,,,,,,,
ret_30m_turned_positive_bin == True AND is_power_hour_bin == True,double,LONG,fwd_ret_30m,14.274574474230613,0.0,0.038797386,0.5198093629091971,0.48969615,0.44930333,1.1798246,0.7317774662527852,95889,0.038797386,0.8416348,,,ret_30m_turned_positive_bin,True,is_power_hour_bin,True,0.06284526446651545,bull_low_vol,True,True,"(False, 'PASS')",False,PASS,0.1275925857245908,True,True,True,True,True,PASS,0.07984085,0.059840847,0.5231322438758147,1.2753124,31147.0
avwap_cross_up_bin == True AND ret_60m_bin == 1.0,double,LONG,fwd_ret_30m,13.580763367338434,0.0,0.02167241,0.5124637458954604,0.25424767,0.22279426,1.1995246,0.7706108220915505,78267,0.02167241,0.44644955,,,avwap_cross_up_bin,True,ret_60m_bin,1.0,0.062073851101089206,bull_low_vol,True,True,"(False, 'PASS')",False,PASS,0.024927491790920797,True,True,True,True,False,Net expectancy -0.222% < 1.000% after 2.0 bps cost,0.017782364,-0.0022176355,0.5039619651347068,0.60429597,24609.0
ret_15m_bin == 3.0 AND atr_14_bin == 0,double,LONG,fwd_ret_30m,12.411411370533935,0.0,0.016519392,0.4926329401622321,0.19223739,0.1540957,1.2112912,0.8721167243250955,51038,0.016519392,0.3006905,,,ret_15m_bin,3.0,atr_14_bin,0,0.06171709710038572,bull_low_vol,False,False,"(False, 'PASS')",False,PASS,0.0,True,True,True,False,,,,,,,
ret_60m_turned_positive_bin == True AND atr_14_bin == 0,double,LONG,fwd_ret_30m,15.318570138439192,0.0,0.013346307,0.4891202227963628,0.19330359,0.15894617,1.1643586,0.7043013409626991,119212,0.013346307,0.30081734,,,ret_60m_turned_positive_bin,True,atr_14_bin,0,0.06107712999004192,bull_low_vol,True,True,"(False, 'PASS')",False,PASS,0.0,True,True,True,True,False,Net expectancy -2.549% < 1.000% after 2.0 bps cost,-0.005486304,-0.025486303,0.46745578456529535,-0.2802611,36243.0
atr_14_bin == 0 AND price_vs_vwap_pct_bin == 3,double,LONG,fwd_ret_30m,12.29363850947212,0.0,0.017027685,0.49160486502521505,0.19493762,0.15500659,1.2160748,0.8678720370989575,50565,0.017027685,0.3114585,,,atr_14_bin,0,price_vs_vwap_pct_bin,3,0.060706970971226654,bull_low_vol,False,False,"(False, 'PASS')",False,PASS,0.0,True,True,True,False,,,,,,,
ret_5m_turned_positive_bin == True AND atr_14_bin == 0,double,LONG,fwd_ret_30m,14.724101671367727,0.0,0.014009334,0.4898568808727053,0.19497763,0.15976259,1.17189,0.7186459437882301,105786,0.014009334,0.30945876,,,ret_5m_turned_positive_bin,True,atr_14_bin,0,0.059992817229065395,bull_low_vol,True,True,"(False, 'PASS')",False,PASS,0.0,True,True,True,True,False,Net expectancy -1.818% < 1.000% after 2.0 bps cost,0.0018219028,-0.018178096,0.46721949467129686,0.08739851,33404.0
price_down_vol_weak_bin == True AND is_power_hour_bin == True,double,LONG,fwd_ret_30m,14.343714013010116,0.0,0.072944425,0.5136913606452982,0.5080101,0.3866186,1.3879693,1.4836120066239005,23555,0.072944425,0.78049845,,,price_down_vol_weak_bin,True,is_power_hour_bin,True,0.05960512189451474,bull_low_vol,True,True,"(False, 'PASS')",False,PASS,0.4568269717550358,True,True,True,True,True,PASS,0.12758164,0.107581645,0.527249828257385,2.2454908,8734.0
ret_60m_turned_positive_bin == True AND atr_14_bin == 1,double,LONG,fwd_ret_30m,15.017335679186537,0.0,0.014944565,0.4997026169706582,0.22699143,0.19685021,1.1517467,0.6851726018273847,121056,0.014944565,0.34624502,,,ret_60m_turned_positive_bin,True,atr_14_bin,1,0.059510110729825254,bull_low_vol,True,True,"(False, 'PASS')",False,PASS,0.0,True,True,True,True,False,Net expectancy -2.447% < 1.000% after 2.0 bps cost,-0.0044707363,-0.024470735,0.47591014263538645,-0.15650499,34143.0
ret_15m_bin == 1.0 AND is_power_hour_bin == True,double,LONG,fwd_ret_30m,12.339332224475678,0.0,0.043437533,0.5048829008047744,0.46183243,0.38320985,1.2289394,0.9313308710420983,44236,0.043437533,0.7403915,,,ret_15m_bin,1.0,is_power_hour_bin,True,0.05941258124420329,bull_low_vol,False,False,"(False, 'PASS')",False,PASS,0.14414113241532728,True,True,True,False,,,,,,,
session_range_pct_bin == 1 AND atr_14_bin == 0,double,LONG,fwd_ret_30m,12.289422330235682,0.0,0.016725909,0.4983132739895967,0.19188136,0.15725175,1.2120126,0.9101294339312638,45947,0.016725909,0.29173386,,,session_range_pct_bin,1,atr_14_bin,0,0.059280314440426043,bull_low_vol,False,False,"(False, 'PASS')",False,PASS,0.0,True,True,True,False,,,,,,,
rel_strength_60m_bin == 2.0 AND atr_14_bin == 1,double,LONG,fwd_ret_30m,11.911942395199022,0.0,0.019323647,0.5095230537258948,0.22199143,0.19121411,1.2060394,0.8422680757082414,50404,0.019323647,0.36419922,,,rel_strength_60m_bin,2.0,atr_14_bin,1,0.059167472943572864,bull_low_vol,False,False,"(False, 'PASS')",False,PASS,0.019046107451789585,True,True,True,False,,,,,,,
price_down_vol_weak_bin == True AND vwap_cross_up_bin == True,double,LONG,fwd_ret_30m,12.88589758635438,0.0,0.017420962,0.5049489121113905,0.23745796,0.20701537,1.1699885,0.7798503512934475,68803,0.017420962,0.3546183,,,price_down_vol_weak_bin,True,vwap_cross_up_bin,True,0.05872995199842012,bull_low_vol,True,True,"(False, 'PASS')",False,PASS,0.00989782422278096,True,True,True,True,False,Net expectancy -0.707% < 1.000% after 2.0 bps cost,0.0129293045,-0.007070695,0.49743660800886796,0.4631644,21651.0
vwap_cross_up_bin == True AND ret_30m_bin == 2.0,double,LONG,fwd_ret_30m,15.627173341646227,0.0,0.015714401,0.4999349096614617,0.23081961,0.19933484,1.1576477,0.6493474936794731,145951,0.015714401,0.3841678,,,vwap_cross_up_bin,True,ret_30m_bin,2.0,0.05871611596480694,bull_low_vol,True,True,"(False, 'PASS')",False,PASS,0.0,True,True,True,True,False,Net expectancy -1.285% < 1.000% after 2.0 bps cost,0.00714897,-0.01285103,0.4857877479772604,0.24994245,42393.0
ret_30m_bin == 2.0 AND is_power_hour_bin == True,double,LONG,fwd_ret_30m,12.401269201496765,0.0,0.04772059,0.5194625258149688,0.45130438,0.38855478,1.2555796,1.0065461112974141,38253,0.04772059,0.7526142,,,ret_30m_bin,2.0,is_power_hour_bin,True,0.057416377277773045,bull_low_vol,False,False,"(False, 'PASS')",False,PASS,0.2161309390668043,True,True,True,False,,,,,,,
price_down_vol_weak_bin == True AND ret_30m_bin == 1.0,double,LONG,fwd_ret_30m,12.114772125514204,0.0,0.018311264,0.5102884216350809,0.22456938,0.19661345,1.1901801,0.7997079558043301,57832,0.018311264,0.36348557,,,price_down_vol_weak_bin,True,ret_30m_bin,1.0,0.05722010337660462,bull_low_vol,True,True,"(False, 'PASS')",False,PASS,0.02057684327016185,True,True,True,True,False,Net expectancy -0.340% < 1.000% after 2.0 bps cost,0.016598701,-0.003401298,0.5011380669516461,0.65670353,18013.0
rvol_bin == 0 AND atr_14_bin == 0,double,LONG,fwd_ret_30m,13.435855598887747,0.0,0.0120708095,0.4919155666403066,0.1800991,0.15061027,1.1577415,0.7439485422617945,82195,0.0120708095,0.2575691,,,rvol_bin,0,atr_14_bin,0,0.05690953647085843,bull_low_vol,False,False,"(False, 'PASS')",False,PASS,0.0,True,True,True,False,,,,,,,
ret_15m_bin == 1.0 AND atr_14_bin == 1,double,LONG,fwd_ret_30m,12.106361026598655,0.0,0.017516894,0.5081170196658984,0.21907449,0.19069287,1.1867502,0.7882491867688475,59443,0.017516894,0.3527718,,,ret_15m_bin,1.0,atr_14_bin,1,0.056121226267748646,bull_low_vol,False,False,"(False, 'PASS')",False,PASS,0.01623403933179679,True,True,True,False,,,,,,,
ret_15m_bin == 1.0 AND atr_14_bin == 0,double,LONG,fwd_ret_30m,12.840321609363226,0.0,0.013406254,0.49612714044648537,0.185589,0.15612963,1.1704123,0.758076466569185,72298,0.013406254,0.2807338,,,ret_15m_bin,1.0,atr_14_bin,0,0.05589438209805774,bull_low_vol,False,False,"(False, 'PASS')",False,PASS,0.0,True,True,True,False,,,,,,,
ret_15m_bin == 2.0 AND atr_14_bin == 0,double,LONG,fwd_ret_30m,11.887908594234322,0.0,0.014626918,0.4980521297432255,0.17976062,0.14922515,1.1952775,0.8755106645092112,46461,0.014626918,0.26521108,,,ret_15m_bin,2.0,atr_14_bin,0,0.055750209727676026,bull_low_vol,False,False,"(False, 'PASS')",False,PASS,0.0,True,True,True,False,,,,,,,
ret_30m_bin == 2.0,single,LONG,fwd_ret_30m,16.685053328414952,0.0,0.013665587,0.5009544114766271,0.23082829,0.20432775,1.1340172,0.5653321723850064,219507,0.013665587,0.38372922,ret_30m_bin,2.0,,,,,0.054690987286015035,bull_low_vol,False,False,"(False, 'PASS')",False,PASS,0.00190882295325423,True,True,True,False,,,,,,,
price_up_vol_weak_bin == True AND atr_14_bin == 1,double,LONG,fwd_ret_30m,11.724372731541866,0.0,0.016129091,0.5023766062424319,0.22238183,0.19209374,1.1687313,0.7912352580283959,55331,0.016129091,0.32359704,,,price_up_vol_weak_bin,True,atr_14_bin,1,0.0539399964466813,bull_low_vol,True,True,"(False, 'PASS')",False,PASS,0.004753212484863711,True,True,True,True,False,Net expectancy -2.261% < 1.000% after 2.0 bps cost,-0.0026086878,-0.022608688,0.475046439628483,-0.10466229,16150.0
rel_strength_60m_bin == 3.0 AND is_power_hour_bin == True,double,LONG,fwd_ret_30m,11.607143888565547,0.0,0.043297026,0.5277864017385905,0.4527625,0.41435677,1.2212814,0.9004479136691643,41873,0.043297026,0.76330787,,,rel_strength_60m_bin,3.0,is_power_hour_bin,True,0.05346782171490225,bull_low_vol,False,False,"(False, 'PASS')",False,PASS,0.1885430665410886,True,True,True,False,,,,,,,
ret_60m_bin == 2.0 AND is_power_hour_bin == True,double,LONG,fwd_ret_30m,11.712515012432982,0.0,0.04205573,0.5198037659620518,0.44782424,0.39718133,1.2205046,0.9117851558610938,41583,0.04205573,0.7322054,,,ret_60m_bin,2.0,is_power_hour_bin,True,0.053433567524176565,bull_low_vol,False,False,"(False, 'PASS')",False,PASS,0.16016482969031226,True,True,True,False,,,,,,,
atr_14_bin == 0 AND price_vs_vwap_pct_bin == 1,double,LONG,fwd_ret_30m,11.766122351816426,0.0,0.01474863,0.499185552407932,0.18839873,0.15833668,1.1859915,0.7859343813006234,56480,0.01474863,0.29789668,,,atr_14_bin,0,price_vs_vwap_pct_bin,1,0.053427876420187856,bull_low_vol,False,False,"(False, 'PASS')",False,PASS,0.0,True,True,True,False,,,,,,,
price_down_vol_weak_bin == True AND ret_15m_bin == 1.0,double,LONG,fwd_ret_30m,11.844474726397394,0.0,0.0169932,0.5074422893272302,0.22400828,0.19627765,1.175771,0.7629571147080093,60734,0.0169932,0.35356992,,,price_down_vol_weak_bin,True,ret_15m_bin,1.0,0.053074858876011176,bull_low_vol,True,True,"(False, 'PASS')",False,PASS,0.014884578654460467,True,True,True,True,False,Net expectancy -0.006% < 1.000% after 2.0 bps cost,0.019937493,-6.2506646e-05,0.49978471474703984,0.7685477,18580.0
ret_60m_bin == 0.0 AND is_power_hour_bin == True,double,LONG,fwd_ret_30m,13.320159739911055,0.0,0.0785187,0.5068899558886677,0.6274912,0.48579472,1.3277755,1.321130084559008,25617,0.0785187,0.9434694,,,ret_60m_bin,0.0,is_power_hour_bin,True,0.052894829622549426,bull_low_vol,False,False,"(False, 'PASS')",False,PASS,0.4989669475763619,True,True,True,False,,,,,,,
ret_30m_bin == 2.0 AND ret_60m_bin == 2.0,double,LONG,fwd_ret_30m,12.203526764332732,0.0,0.017972616,0.5021088304500319,0.22618602,0.19200458,1.1880033,0.7452449468673283,67573,0.017972616,0.3828358,,,ret_30m_bin,2.0,ret_60m_bin,2.0,0.05285286263973589,bull_low_vol,False,False,"(False, 'PASS')",False,PASS,0.004217660900063702,True,True,True,False,,,,,,,
ret_15m_bin == 1.0,single,LONG,fwd_ret_30m,17.089333691297583,0.0,0.012632976,0.5016007089123098,0.23392886,0.21008438,1.1206521,0.5267963355486333,265195,0.012632976,0.38068277,ret_15m_bin,1.0,,,,,0.05226515882186751,bull_low_vol,False,False,"(False, 'PASS')",False,PASS,0.003201417824619579,True,True,True,False,,,,,,,
ret_15m_bin == 1.0 AND ret_60m_bin == 1.0,double,LONG,fwd_ret_30m,12.170906080073971,0.0,0.01734387,0.5053051702573184,0.22781059,0.197637,1.1773946,0.7242931276672664,71157,0.01734387,0.38012978,,,ret_15m_bin,1.0,ret_60m_bin,1.0,0.05155576970225193,bull_low_vol,False,False,"(False, 'PASS')",False,PASS,0.010610340514636718,True,True,True,False,,,,,,,
ret_5m_bin == 2.0 AND atr_14_bin == 1,double,LONG,fwd_ret_30m,11.142057479368308,0.0,0.017327858,0.5057089349362653,0.21578127,0.18570973,1.1887676,0.7937188409231408,49659,0.017327858,0.34656003,,,ret_5m_bin,2.0,atr_14_bin,1,0.051409920691598894,bull_low_vol,False,False,"(False, 'PASS')",False,PASS,0.011417869872530684,True,True,True,False,,,,,,,
ret_15m_bin == 1.0 AND rel_strength_60m_bin == 1.0,double,LONG,fwd_ret_30m,11.999351262832143,0.0,0.017739205,0.5076721883173496,0.23007914,0.20121874,1.1790652,0.7261071597480413,68820,0.017739205,0.38782313,,,ret_15m_bin,1.0,rel_strength_60m_bin,1.0,0.05119506699710617,bull_low_vol,False,False,"(False, 'PASS')",False,PASS,0.01534437663469923,True,True,True,False,,,,,,,
vwap_cross_up_bin == True,single,LONG,fwd_ret_30m,21.16691443272792,0.0,0.011301388,0.4967031053467065,0.25885117,0.2330052,1.09637,0.41897801563404274,643181,0.011301388,0.42819425,vwap_cross_up_bin,True,,,,,0.05098376719652176,bull_low_vol,True,True,"(False, 'PASS')",False,PASS,0.0,True,True,True,True,False,Net expectancy -1.189% < 1.000% after 2.0 bps cost,0.008112187,-0.011887813,0.4818785010252266,0.25298414,181911.0
ret_30m_turned_positive_bin == True AND ret_30m_bin == 2.0,double,LONG,fwd_ret_30m,15.116115227325052,0.0,0.0138981175,0.5018692284351725,0.23056476,0.20439458,1.1365035,0.574156203969967,174671,0.0138981175,0.3842609,,,ret_30m_turned_positive_bin,True,ret_30m_bin,2.0,0.05041352689384704,bull_low_vol,True,True,"(False, 'PASS')",False,PASS,0.0037384568703449084,True,True,True,True,False,Net expectancy -1.372% < 1.000% after 2.0 bps cost,0.006282583,-0.013717417,0.4846881796273438,0.22342494,51039.0
session_range_pct_bin == 4 AND atr_14_bin == 1,double,LONG,fwd_ret_30m,11.50571323163269,0.0,0.019812454,0.5045926422044683,0.23258711,0.19690725,1.2031019,0.8932942108901203,41806,0.019812454,0.35208216,,,session_range_pct_bin,4,atr_14_bin,1,0.050188457460336615,bull_low_vol,False,False,"(False, 'PASS')",False,PASS,0.009185284408936623,True,True,True,False,,,,,,,
ret_60m_bin == 1.0 AND atr_14_bin == 0,double,LONG,fwd_ret_30m,11.323830439200702,0.0,0.014175898,0.4985294645098813,0.18486243,0.15550959,1.1817807,0.7612450350740887,55762,0.014175898,0.29561496,,,ret_60m_bin,1.0,atr_14_bin,0,0.04973875608374158,bull_low_vol,False,False,"(False, 'PASS')",False,PASS,0.0,True,True,True,False,,,,,,,
avwap_cross_up_bin == True AND rvol_bin == 0,double,LONG,fwd_ret_30m,13.553552501057759,0.0,0.012289318,0.4971111886891255,0.21065426,0.18379666,1.1329591,0.6356221159531367,114580,0.012289318,0.30692273,,,avwap_cross_up_bin,True,rvol_bin,0,0.049566920488146246,bull_low_vol,True,True,"(False, 'PASS')",False,PASS,0.0,True,True,True,True,False,Net expectancy -2.063% < 1.000% after 2.0 bps cost,-0.00062793324,-0.020627933,0.4768719197197316,-0.029360041,33682.0
ret_15m_turned_positive_bin == True AND ret_30m_bin == 2.0,double,LONG,fwd_ret_30m,13.854247501554967,0.0,0.01509546,0.5006354618722877,0.23227301,0.2026348,1.1491815,0.6122390502362103,129040,0.01509546,0.3914043,,,ret_15m_turned_positive_bin,True,ret_30m_bin,2.0,0.04914867736565675,bull_low_vol,True,True,"(False, 'PASS')",False,PASS,0.0012709237445753807,True,True,True,True,False,Net expectancy -0.997% < 1.000% after 2.0 bps cost,0.010027911,-0.009972089,0.48862667803111015,0.34861648,37544.0
session_range_pct_bin == 2 AND atr_14_bin == 0,double,LONG,fwd_ret_30m,11.166749544973463,0.0,0.013190187,0.49199331542318026,0.18603598,0.15420717,1.1683747,0.8153056748414867,47273,0.013190187,0.25682113,,,session_range_pct_bin,2,atr_14_bin,0,0.04901577346625844,bull_low_vol,False,False,"(False, 'PASS')",False,PASS,0.0,True,True,True,False,,,,,,,
price_down_vol_weak_bin == True,single,LONG,fwd_ret_30m,15.400814210296957,0.0,0.012751717,0.5006119095073255,0.24080217,0.21585763,1.118294,0.54641112292101,200193,0.012751717,0.37046692,price_down_vol_weak_bin,True,,,,,0.04875853494892906,bull_low_vol,True,True,"(False, 'PASS')",False,PASS,0.001223819014650962,True,True,True,True,False,Net expectancy -0.087% < 1.000% after 2.0 bps cost,0.019126816,-0.00087318383,0.5006486135884547,0.7144267,61670.0
rvol_bin == 0,single,LONG,fwd_ret_30m,15.809654358419818,0.0,0.010196156,0.49656492027334853,0.20811372,0.1850205,1.1094645,0.5356799182437922,219500,0.010196156,0.3021561,rvol_bin,0,,,,,0.04867321505886199,bull_low_vol,False,False,"(False, 'PASS')",False,PASS,0.0,True,True,True,False,,,,,,,
ret_30m_turned_positive_bin == True AND ret_60m_bin == 2.0,double,LONG,fwd_ret_30m,13.810087629838723,0.0,0.0145748295,0.4978392060625704,0.2336224,0.20258763,1.1432675,0.6090099252895556,129582,0.0145748295,0.37990883,,,ret_30m_turned_positive_bin,True,ret_60m_bin,2.0,0.048461422485056,bull_low_vol,True,True,"(False, 'PASS')",False,PASS,0.0,True,True,True,True,False,Net expectancy -1.175% < 1.000% after 2.0 bps cost,0.0082545765,-0.011745423,0.478839790799445,0.2611218,37476.0
rvol_bin == 1 AND is_power_hour_bin == True,double,LONG,fwd_ret_30m,12.00208067721682,0.0,0.049712043,0.5167881811204912,0.4562164,0.3850386,1.2671897,1.0774049542499635,31272,0.049712043,0.7324583,,,rvol_bin,1,is_power_hour_bin,True,0.04837489032812779,bull_low_vol,False,False,"(False, 'PASS')",False,PASS,0.2306967947966579,True,True,True,False,,,,,,,
atr_14_bin == 0 AND price_vs_vwap_pct_bin == 2,double,LONG,fwd_ret_30m,11.460662909314141,0.0,0.012018859,0.4947275491686694,0.1788111,0.15129247,1.1572245,0.735616413491761,61167,0.012018859,0.25936544,,,atr_14_bin,0,price_vs_vwap_pct_bin,2,0.048274024027652504,bull_low_vol,False,False,"(False, 'PASS')",False,PASS,0.0,True,True,True,False,,,,,,,
atr_14_bin == 1 AND price_vs_vwap_pct_bin == 1,double,LONG,fwd_ret_30m,10.78293798540749,0.0,0.017177586,0.5082867268965234,0.22076842,0.19327539,1.180748,0.774764319832161,48813,0.017177586,0.35195956,,,atr_14_bin,1,price_vs_vwap_pct_bin,1,0.04798077310656445,bull_low_vol,False,False,"(False, 'PASS')",False,PASS,0.016573453793046866,True,True,True,False,,,,,,,
ret_5m_bin == 2.0 AND atr_14_bin == 0,double,LONG,fwd_ret_30m,11.673330719856061,0.0,0.012388345,0.49355262372395675,0.18145438,0.15237305,1.1605356,0.7158873731452992,67004,0.012388345,0.27470645,,,ret_5m_bin,2.0,atr_14_bin,0,0.04773744979674499,bull_low_vol,False,False,"(False, 'PASS')",False,PASS,0.0,True,True,True,False,,,,,,,
ret_30m_turned_positive_bin == True AND rvol_bin == 0,double,LONG,fwd_ret_30m,13.448502174446864,0.0,0.011739255,0.4959639244606109,0.20944256,0.18279783,1.1274112,0.6152274278446145,120414,0.011739255,0.30290407,,,ret_30m_turned_positive_bin,True,rvol_bin,0,0.047494787801138805,bull_low_vol,True,True,"(False, 'PASS')",False,PASS,0.0,True,True,True,True,False,Net expectancy -2.437% < 1.000% after 2.0 bps cost,-0.0043683914,-0.02436839,0.46916614276733154,-0.20294179,34994.0
avwap_cross_up_bin == True AND rel_strength_60m_bin == 1.0,double,LONG,fwd_ret_30m,12.157356195722278,0.0,0.018123802,0.5089842145414002,0.25097865,0.22325222,1.1653324,0.6611604351071891,85205,0.018123802,0.43515372,,,avwap_cross_up_bin,True,rel_strength_60m_bin,1.0,0.047351808325656095,bull_low_vol,True,True,"(False, 'PASS')",False,PASS,0.017968429082800386,True,True,True,True,False,Net expectancy -0.545% < 1.000% after 2.0 bps cost,0.014545826,-0.0054541733,0.5012829001820891,0.47678477,24164.0
rel_strength_60m_bin == 2.0 AND is_power_hour_bin == True,double,LONG,fwd_ret_30m,11.02626471141756,0.0,0.040831503,0.5169396294082487,0.4625082,0.41041934,1.205952,0.855875711368634,41825,0.040831503,0.7573296,,,rel_strength_60m_bin,2.0,is_power_hour_bin,True,0.047231435618863636,bull_low_vol,False,False,"(False, 'PASS')",False,PASS,0.14219428408648255,True,True,True,False,,,,,,,
atr_14_bin == 1 AND price_vs_vwap_pct_bin == 3,double,LONG,fwd_ret_30m,10.725617312946424,0.0,0.017326534,0.5025419684173393,0.22239098,0.18983364,1.1834772,0.7756032394441535,48191,0.017326534,0.35462746,,,atr_14_bin,1,price_vs_vwap_pct_bin,3,0.04663547877805885,bull_low_vol,False,False,"(False, 'PASS')",False,PASS,0.005083936834678671,True,True,True,False,,,,,,,
rel_strength_60m_bin == 1.0 AND rvol_bin == 0,double,LONG,fwd_ret_30m,10.666362845030203,0.0,0.014543033,0.5057011484772882,0.19967689,0.17486142,1.1682564,0.7688652708306465,48499,0.014543033,0.30026522,,,rel_strength_60m_bin,1.0,rvol_bin,0,0.04655963584644431,bull_low_vol,False,False,"(False, 'PASS')",False,PASS,0.011402296954576396,True,True,True,False,,,,,,,
ret_5m_turned_positive_bin == True AND ret_30m_bin == 2.0,double,LONG,fwd_ret_30m,13.10945846315114,0.0,0.015351972,0.4984609213543892,0.23707876,0.20501398,1.1493056,0.6145299642957747,114679,0.015351972,0.39657137,,,ret_5m_turned_positive_bin,True,ret_30m_bin,2.0,0.046477760005310356,bull_low_vol,True,True,"(False, 'PASS')",False,PASS,0.0,True,True,True,True,False,Net expectancy -1.255% < 1.000% after 2.0 bps cost,0.007447875,-0.012552124,0.4849256772956126,0.2515116,33368.0
vwap_cross_up_bin == True AND ret_60m_bin == 1.0,double,LONG,fwd_ret_30m,12.565572579096782,0.0,0.015419914,0.5007917735728031,0.23844627,0.2083139,1.1482798,0.6314944020099905,99776,0.015419914,0.38762584,,,vwap_cross_up_bin,True,ret_60m_bin,1.0,0.045993369958778854,bull_low_vol,True,True,"(False, 'PASS')",False,PASS,0.0015835471456062677,True,True,True,True,False,Net expectancy -0.426% < 1.000% after 2.0 bps cost,0.01573526,-0.0042647403,0.4855407845068111,0.4771217,30465.0
ret_30m_bin == 2.0 AND atr_14_bin == 1,double,LONG,fwd_ret_30m,10.501902128039847,0.0,0.016396586,0.5065256435841149,0.21233067,0.18471953,1.179877,0.7447423402282246,50110,0.016396586,0.3495004,,,ret_30m_bin,2.0,atr_14_bin,1,0.04585236134627881,bull_low_vol,False,False,"(False, 'PASS')",False,PASS,0.013051287168229786,True,True,True,False,,,,,,,
ret_30m_turned_positive_bin == True AND session_range_pct_bin == 1,double,LONG,fwd_ret_30m,13.101687755873082,0.0,0.014979227,0.49860299720599444,0.25155684,0.22028005,1.1356227,0.6051794346630509,118110,0.014979227,0.39292124,,,ret_30m_turned_positive_bin,True,session_range_pct_bin,1,0.04575647382283883,bull_low_vol,True,True,"(False, 'PASS')",False,PASS,0.0,True,True,True,True,False,Net expectancy -0.970% < 1.000% after 2.0 bps cost,0.010300375,-0.009699625,0.4822893195132943,0.37550616,33285.0
rvol_bin == 1 AND atr_14_bin == 1,double,LONG,fwd_ret_30m,10.712202176118051,0.0,0.017761268,0.5033979742013679,0.22515276,0.19246836,1.1858258,0.7911143225563442,46204,0.017761268,0.35639778,,,rvol_bin,1,atr_14_bin,1,0.045627355645111944,bull_low_vol,False,False,"(False, 'PASS')",False,PASS,0.006795948402735785,True,True,True,False,,,,,,,
ret_15m_bin == 1.0 AND rvol_bin == 0,double,LONG,fwd_ret_30m,11.060714935041677,0.0,0.012674711,0.500360407588218,0.19607118,0.17098632,1.1483611,0.7106718313251896,61042,0.012674711,0.28311914,,,ret_15m_bin,1.0,rvol_bin,0,0.04552201697989332,bull_low_vol,False,False,"(False, 'PASS')",False,PASS,0.0007208151764359627,True,True,True,False,,,,,,,
vwap_cross_up_bin == True AND rvol_bin == 0,double,LONG,fwd_ret_30m,13.348270188497828,0.0,0.01128351,0.49629879133016347,0.20775062,0.18229634,1.1228833,0.5930566145685618,127661,0.01128351,0.3020288,,,vwap_cross_up_bin,True,rvol_bin,0,0.04547268704010274,bull_low_vol,True,True,"(False, 'PASS')",False,PASS,0.0,True,True,True,True,False,Net expectancy -2.239% < 1.000% after 2.0 bps cost,-0.0023880047,-0.022388004,0.47257282203821316,-0.10887761,37317.0
price_down_vol_weak_bin == True AND ret_15m_turned_positive_bin == True,double,LONG,fwd_ret_30m,11.52540614125115,0.0,0.014917957,0.5034545602915975,0.23637335,0.20961885,1.1433244,0.6747393301126101,73526,0.014917957,0.3509729,,,price_down_vol_weak_bin,True,ret_15m_turned_positive_bin,True,0.045314667799831454,bull_low_vol,True,True,"(False, 'PASS')",False,PASS,0.006909120583195039,True,True,True,True,False,Net expectancy -0.476% < 1.000% after 2.0 bps cost,0.015235209,-0.0047647906,0.5039850991943169,0.5520575,23086.0
rel_strength_60m_bin == 1.0 AND atr_14_bin == 1,double,LONG,fwd_ret_30m,10.508928453413311,0.0,0.018708149,0.5054341088474731,0.22495733,0.19207343,1.1969423,0.7583068649061597,48398,0.018708149,0.39163914,,,rel_strength_60m_bin,1.0,atr_14_bin,1,0.04512442053538796,bull_low_vol,False,False,"(False, 'PASS')",False,PASS,0.01086821769494617,True,True,True,False,,,,,,,
ret_30m_bin == 2.0 AND rel_strength_60m_bin == 2.0,double,LONG,fwd_ret_30m,11.023502819803749,0.0,0.017166926,0.5007285561635851,0.22730829,0.19358774,1.1776143,0.7041175427000407,61766,0.017166926,0.3870327,,,ret_30m_bin,2.0,rel_strength_60m_bin,2.0,0.04498351616131477,bull_low_vol,False,False,"(False, 'PASS')",False,PASS,0.0014571123271702735,True,True,True,False,,,,,,,
ret_30m_bin == 2.0 AND rel_strength_60m_bin == 1.0,double,LONG,fwd_ret_30m,10.427222232488269,0.0,0.01708718,0.5050499072868584,0.22446634,0.19452369,1.1774747,0.7351748363916095,50694,0.01708718,0.36896065,,,ret_30m_bin,2.0,rel_strength_60m_bin,1.0,0.044810502745773466,bull_low_vol,False,False,"(False, 'PASS')",False,PASS,0.010099814573716781,True,True,True,False,,,,,,,
ret_30m_bin == 1.0 AND atr_14_bin == 1,double,LONG,fwd_ret_30m,10.425826690535622,0.0,0.017384619,0.5068709168731697,0.22315179,0.19411656,1.1816111,0.748982828716702,48829,0.017384619,0.36846274,,,ret_30m_bin,1.0,atr_14_bin,1,0.044737717099094826,bull_low_vol,False,False,"(False, 'PASS')",False,PASS,0.013741833746339305,True,True,True,False,,,,,,,
price_down_vol_weak_bin == True AND avwap_cross_up_bin == True,double,LONG,fwd_ret_30m,10.63428741909773,0.0,0.021775095,0.5097747799245456,0.26027918,0.22624025,1.1963335,0.807224051039478,43735,0.021775095,0.4282193,,,price_down_vol_weak_bin,True,avwap_cross_up_bin,True,0.044302294225978193,bull_low_vol,True,True,"(False, 'PASS')",False,PASS,0.019549559849091125,True,True,True,True,False,Net expectancy 0.335% < 1.000% after 2.0 bps cost,0.02334502,0.00334502,0.5097366209022135,0.87253225,14276.0
vwap_cross_up_bin == True AND ret_60m_bin == 2.0,double,LONG,fwd_ret_30m,13.344688573362946,0.0,0.013964366,0.4960704929745177,0.23417969,0.20281659,1.1366307,0.5779107624956823,134368,0.013964366,0.3835842,,,vwap_cross_up_bin,True,ret_60m_bin,2.0,0.04427910951775682,bull_low_vol,True,True,"(False, 'PASS')",False,PASS,0.0,True,True,True,True,False,Net expectancy -0.958% < 1.000% after 2.0 bps cost,0.010424809,-0.009575191,0.48162046255169244,0.32702652,39174.0
ret_30m_bin == 2.0 AND price_vs_vwap_pct_bin == 3,double,LONG,fwd_ret_30m,10.571871473140053,0.0,0.01906673,0.500416967810085,0.2416212,0.20385924,1.1872139,0.722457214840937,53961,0.01906673,0.41895208,,,ret_30m_bin,2.0,price_vs_vwap_pct_bin,3,0.044236656197486623,bull_low_vol,False,False,"(False, 'PASS')",False,PASS,0.0008339356201700898,True,True,True,False,,,,,,,
session_range_pct_bin == 3 AND atr_14_bin == 0,double,LONG,fwd_ret_30m,10.70831305472952,0.0,0.013817855,0.4945350335451193,0.18853061,0.157117,1.1739908,0.8012121683554821,45014,0.013817855,0.27377474,,,session_range_pct_bin,3,atr_14_bin,0,0.04421091655153838,bull_low_vol,False,False,"(False, 'PASS')",False,PASS,0.0,True,True,True,False,,,,,,,
price_up_vol_weak_bin == True AND atr_14_bin == 0,double,LONG,fwd_ret_30m,11.03994901633957,0.0,0.013040648,0.4881370323802681,0.19225949,0.15787104,1.1613774,0.7081841679670844,61241,0.013040648,0.29231644,,,price_up_vol_weak_bin,True,atr_14_bin,0,0.04417141332833776,bull_low_vol,True,True,"(False, 'PASS')",False,PASS,0.0,True,True,True,True,False,Net expectancy -2.956% < 1.000% after 2.0 bps cost,-0.009557503,-0.029557504,0.4646770933077987,-0.49341008,18798.0
rel_strength_60m_bin == 2.0 AND atr_14_bin == 0,double,LONG,fwd_ret_30m,10.86427167349307,0.0,0.012845208,0.48913099780720687,0.18656607,0.15348364,1.163821,0.7166347484488634,57917,0.012845208,0.28454015,,,rel_strength_60m_bin,2.0,atr_14_bin,0,0.04407678645683807,bull_low_vol,False,False,"(False, 'PASS')",False,PASS,0.0,True,True,True,False,,,,,,,
avwap_cross_up_bin == True,single,LONG,fwd_ret_30m,19.152076990892443,0.0,0.010899467,0.4984510864485783,0.2603175,0.23697804,1.091703,0.3963249388985372,588477,0.010899467,0.43657026,avwap_cross_up_bin,True,,,,,0.04379011489959256,bull_low_vol,True,True,"(False, 'PASS')",False,PASS,0.0,True,True,True,True,False,Net expectancy -1.554% < 1.000% after 2.0 bps cost,0.0044567483,-0.015543251,0.4832381841465896,0.14352848,167106.0
ret_60m_bin == 1.0 AND is_power_hour_bin == True,double,LONG,fwd_ret_30m,10.929853454906512,0.0,0.044823196,0.5093837279110438,0.48956266,0.41692877,1.2191286,0.8864471933717412,38311,0.044823196,0.8026944,,,ret_60m_bin,1.0,is_power_hour_bin,True,0.04376752789133772,bull_low_vol,False,False,"(False, 'PASS')",False,PASS,0.16699941367492804,True,True,True,False,,,,,,,
ret_5m_bin == 4.0 AND is_power_hour_bin == True,double,LONG,fwd_ret_30m,11.092596044835787,0.0,0.057502523,0.5208556769761442,0.6022863,0.5347068,1.2244424,0.9480477606457967,34499,0.057502523,0.9628463,,,ret_5m_bin,4.0,is_power_hour_bin,True,0.0437424975659602,bull_low_vol,False,False,"(False, 'PASS')",False,PASS,0.31673658459842186,True,True,True,False,,,,,,,
ret_15m_bin == 2.0 AND atr_14_bin == 1,double,LONG,fwd_ret_30m,10.912619933641716,0.0,0.017937966,0.5046445158985352,0.21411784,0.18192072,1.1990554,0.8751123758029677,39186,0.017937966,0.32539406,,,ret_15m_bin,2.0,atr_14_bin,1,0.04371450860118023,bull_low_vol,False,False,"(False, 'PASS')",False,PASS,0.009289031797070413,True,True,True,False,,,,,,,
avwap_cross_up_bin == True AND is_power_hour_bin == True,double,LONG,fwd_ret_30m,11.972546084685481,0.0,0.033888888,0.510198042821212,0.49989313,0.4515204,1.1532356,0.6178478541048008,94626,0.033888888,0.870715,,,avwap_cross_up_bin,True,is_power_hour_bin,True,0.04368105366988311,bull_low_vol,True,True,"(False, 'PASS')",False,PASS,0.059284961782541556,True,True,True,True,True,PASS,0.056448422,0.036448423,0.5240809443507588,0.9360534,29650.0
ret_15m_bin == 2.0 AND ret_30m_bin == 2.0,double,LONG,fwd_ret_30m,10.444439685421692,0.0,0.015901731,0.5024681543382203,0.21685801,0.18704835,1.1708715,0.7129038447832071,54089,0.015901731,0.35409006,,,ret_15m_bin,2.0,ret_30m_bin,2.0,0.04330229384465235,bull_low_vol,False,False,"(False, 'PASS')",False,PASS,0.004936308676440682,True,True,True,False,,,,,,,
vwap_cross_up_bin == True AND ret_15m_turned_positive_bin == True,double,LONG,fwd_ret_30m,18.74098624767673,0.0,0.010819075,0.49560711707348276,0.25989944,0.23392269,1.0916957,0.40220314205462476,547135,0.010819075,0.42701676,,,vwap_cross_up_bin,True,ret_15m_turned_positive_bin,True,0.04323761129188785,bull_low_vol,True,True,"(False, 'PASS')",False,PASS,0.0,True,True,True,True,False,Net expectancy -1.122% < 1.000% after 2.0 bps cost,0.008776286,-0.011223714,0.48221743838300507,0.26978964,155152.0
ret_60m_bin == 3.0 AND atr_14_bin == 0,double,LONG,fwd_ret_30m,10.393160100821184,0.0,0.012709407,0.48950058985450257,0.18956764,0.15687397,1.1587008,0.7315764590794338,50860,0.012709407,0.27578196,,,ret_60m_bin,3.0,atr_14_bin,0,0.04307713552328857,bull_low_vol,False,False,"(False, 'PASS')",False,PASS,0.0,True,True,True,False,,,,,,,
session_range_pct_bin == 1,single,LONG,fwd_ret_30m,14.831681249139878,0.0,0.012829319,0.4984092400816803,0.25435457,0.22716396,1.1125939,0.502666840722545,219392,0.012829319,0.40515724,session_range_pct_bin,1,,,,,0.043007377726128594,bull_low_vol,False,False,"(False, 'PASS')",False,PASS,0.0,True,True,True,False,,,,,,,
avwap_cross_up_bin == True AND rel_strength_60m_bin == 2.0,double,LONG,fwd_ret_30m,12.680972724746058,0.0,0.014662502,0.5007995981077573,0.24135052,0.21275173,1.1380575,0.5824880370542498,119435,0.014662502,0.39959618,,,avwap_cross_up_bin,True,rel_strength_60m_bin,2.0,0.04281439465894866,bull_low_vol,True,True,"(False, 'PASS')",False,PASS,0.001599196215514631,True,True,True,True,False,Net expectancy -1.424% < 1.000% after 2.0 bps cost,0.0057637477,-0.014236252,0.4925030160280347,0.19118863,34814.0
ret_15m_bin == 1.0 AND price_vs_vwap_pct_bin == 1,double,LONG,fwd_ret_30m,12.846501567741846,0.0,0.013235572,0.5038788067606511,0.22515486,0.2019974,1.1320715,0.569140545717356,128390,0.013235572,0.36916748,,,ret_15m_bin,1.0,price_vs_vwap_pct_bin,1,0.04263995620307701,bull_low_vol,False,False,"(False, 'PASS')",False,PASS,0.00775761352130222,True,True,True,False,,,,,,,
avwap_cross_up_bin == True AND ret_30m_bin == 2.0,double,LONG,fwd_ret_30m,12.675975277906534,0.0,0.01445966,0.5016356969222528,0.23169604,0.20420273,1.1420854,0.5776341189072922,121355,0.01445966,0.39737958,,,avwap_cross_up_bin,True,ret_30m_bin,2.0,0.04251174308264517,bull_low_vol,True,True,"(False, 'PASS')",False,PASS,0.003271393844505699,True,True,True,True,False,Net expectancy -2.213% < 1.000% after 2.0 bps cost,-0.0021335834,-0.022133583,0.48527941974356775,-0.08043858,35019.0
vwap_cross_up_bin == True AND ret_30m_turned_positive_bin == True,double,LONG,fwd_ret_30m,18.388246766565324,0.0,0.010911102,0.49615470172083037,0.25951728,0.2339004,1.092585,0.4024957822421297,525967,0.010911102,0.43033588,,,vwap_cross_up_bin,True,ret_30m_turned_positive_bin,True,0.04250157515303221,bull_low_vol,True,True,"(False, 'PASS')",False,PASS,0.0,True,True,True,True,False,Net expectancy -1.144% < 1.000% after 2.0 bps cost,0.0085583525,-0.011441647,0.4782127682680169,0.26195973,147334.0
ret_30m_bin == 3.0 AND atr_14_bin == 1,double,LONG,fwd_ret_30m,10.236324099534468,0.0,0.015248344,0.49891544611316546,0.21955319,0.18817212,1.1617173,0.7385675346955722,48407,0.015248344,0.3277425,,,ret_30m_bin,3.0,atr_14_bin,1,0.042265461209201,bull_low_vol,False,False,"(False, 'PASS')",False,PASS,0.0,True,True,True,False,,,,,,,
rel_strength_60m_bin == 3.0 AND atr_14_bin == 1,double,LONG,fwd_ret_30m,10.247957646372361,0.0,0.015610013,0.4972859865749565,0.2253275,0.19184306,1.1618588,0.7404708047359198,48268,0.015610013,0.33465368,,,rel_strength_60m_bin,3.0,atr_14_bin,1,0.04216256658049793,bull_low_vol,False,False,"(False, 'PASS')",False,PASS,0.0,True,True,True,False,,,,,,,
ret_15m_bin == 3.0 AND atr_14_bin == 1,double,LONG,fwd_ret_30m,10.183745362141881,0.0,0.015731553,0.5030084982321196,0.2180816,0.18906833,1.1674186,0.735108070549093,48363,0.015731553,0.33971965,,,ret_15m_bin,3.0,atr_14_bin,1,0.04215640135699237,bull_low_vol,False,False,"(False, 'PASS')",False,PASS,0.006016996464239144,True,True,True,False,,,,,,,
ret_5m_bin == 1.0 AND atr_14_bin == 0,double,LONG,fwd_ret_30m,10.231069922920645,0.0,0.012484091,0.4967941245045465,0.17896073,0.15187134,1.1633561,0.715900501592632,51468,0.012484091,0.2768245,,,ret_5m_bin,1.0,atr_14_bin,0,0.042114963429320314,bull_low_vol,False,False,"(False, 'PASS')",False,PASS,0.0,True,True,True,False,,,,,,,
ret_30m_bin == 2.0 AND session_range_pct_bin == 1,double,LONG,fwd_ret_30m,10.240201009343503,0.0,0.016794102,0.5013067487248661,0.22975472,0.19728255,1.1707006,0.7462922657964407,47446,0.016794102,0.35723016,,,ret_30m_bin,2.0,session_range_pct_bin,1,0.04207623106909217,bull_low_vol,False,False,"(False, 'PASS')",False,PASS,0.0026134974497322716,True,True,True,False,,,,,,,
rel_strength_60m_bin == 1.0,single,LONG,fwd_ret_30m,14.608463173620006,0.0,0.012736825,0.5024423140013852,0.24210331,0.2188814,1.1169524,0.4950204663456219,219464,0.012736825,0.40844944,rel_strength_60m_bin,1.0,,,,,0.04205330661353902,bull_low_vol,False,False,"(False, 'PASS')",False,PASS,0.0048846280027703415,True,True,True,False,,,,,,,
rvol_bin == 0 AND atr_14_bin == 1,double,LONG,fwd_ret_30m,10.09160047302905,0.0,0.013758522,0.5040755210915654,0.20562364,0.1812601,1.1530573,0.7134211174355474,50423,0.013758522,0.30614424,,,rvol_bin,0,atr_14_bin,1,0.04200373154319888,bull_low_vol,False,False,"(False, 'PASS')",False,PASS,0.008151042183130786,True,True,True,False,,,,,,,
vwap_cross_up_bin == True AND rel_strength_60m_bin == 1.0,double,LONG,fwd_ret_30m,12.087139380173893,0.0,0.014269192,0.5024235608895438,0.23777585,0.21141474,1.1356453,0.5974214093466493,103154,0.014269192,0.37915683,,,vwap_cross_up_bin,True,rel_strength_60m_bin,1.0,0.0419914205517771,bull_low_vol,True,True,"(False, 'PASS')",False,PASS,0.0048471217790875265,True,True,True,True,False,Net expectancy -0.446% < 1.000% after 2.0 bps cost,0.0155383665,-0.004461633,0.49278567667193257,0.45843327,28485.0
rvol_bin == 2,single,LONG,fwd_ret_30m,14.60716266488847,0.0,0.0132477945,0.4988428035135037,0.2647842,0.237127,1.1114777,0.494940305938597,219496,0.0132477945,0.4249042,rvol_bin,2,,,,,0.04174155817462093,bull_low_vol,False,False,"(False, 'PASS')",False,PASS,0.0,True,True,True,False,,,,,,,
vwap_cross_up_bin == True AND session_range_pct_bin == 1,double,LONG,fwd_ret_30m,12.761763649576848,0.0,0.0141389035,0.4975716919697148,0.2517109,0.22113663,1.1272568,0.5674564379554552,127455,0.0141389035,0.39553368,,,vwap_cross_up_bin,True,session_range_pct_bin,1,0.041704713934163265,bull_low_vol,True,True,"(False, 'PASS')",False,PASS,0.0,True,True,True,True,False,Net expectancy -0.703% < 1.000% after 2.0 bps cost,0.012965127,-0.0070348727,0.48675285844799426,0.46394148,36121.0
price_down_vol_weak_bin == True AND rel_strength_60m_bin == 1.0,double,LONG,fwd_ret_30m,10.990678139982453,0.0,0.01605859,0.5010317092685392,0.23368739,0.20247018,1.1589546,0.6536718386468596,71241,0.01605859,0.38998502,,,price_down_vol_weak_bin,True,rel_strength_60m_bin,1.0,0.041661579854779335,bull_low_vol,True,True,"(False, 'PASS')",False,PASS,0.0020634185370784763,True,True,True,True,False,Net expectancy -1.131% < 1.000% after 2.0 bps cost,0.0086852005,-0.011314799,0.47709213095400266,0.2919747,22023.0
ret_30m_turned_positive_bin == True,single,LONG,fwd_ret_30m,18.836505996919957,0.0,0.0103496015,0.49697616622530044,0.25823963,0.23456015,1.0877163,0.38172368084136604,613625,0.0103496015,0.43040252,ret_30m_turned_positive_bin,True,,,,,0.04135911814240955,bull_low_vol,True,True,"(False, 'PASS')",False,PASS,0.0,True,True,True,True,False,Net expectancy -1.286% < 1.000% after 2.0 bps cost,0.0071396953,-0.012860304,0.47750750715933726,0.22375466,172502.0
vwap_cross_up_bin == True AND ret_5m_turned_positive_bin == True,double,LONG,fwd_ret_30m,17.416844440567697,0.0,0.011383904,0.4952959123176708,0.26474488,0.23725417,1.0950694,0.4119961949819024,450353,0.011383904,0.43862996,,,vwap_cross_up_bin,True,ret_5m_turned_positive_bin,True,0.041135206262492695,bull_low_vol,True,True,"(False, 'PASS')",False,PASS,0.0,True,True,True,True,False,Net expectancy -0.874% < 1.000% after 2.0 bps cost,0.011260748,-0.008739252,0.4825880817404842,0.3346937,127183.0
ret_5m_bin == 1.0 AND atr_14_bin == 1,double,LONG,fwd_ret_30m,10.062321503154863,0.0,0.0152116595,0.5045198916892314,0.21225584,0.18542746,1.1655681,0.7290085466085784,48010,0.0152116595,0.33124113,,,ret_5m_bin,1.0,atr_14_bin,1,0.041129843997152846,bull_low_vol,False,False,"(False, 'PASS')",False,PASS,0.009039783378462785,True,True,True,False,,,,,,,
price_vs_vwap_pct_bin == 3 AND is_power_hour_bin == True,double,LONG,fwd_ret_30m,10.46779179317273,0.0,0.044856742,0.5247732773064546,0.47891185,0.43445247,1.2172623,0.8569503516611147,37601,0.044856742,0.83094513,,,price_vs_vwap_pct_bin,3,is_power_hour_bin,True,0.04097303145821213,bull_low_vol,False,False,"(False, 'PASS')",False,PASS,0.19811397485712617,True,True,True,False,,,,,,,
session_range_pct_bin == 0 AND is_power_hour_bin == True,double,LONG,fwd_ret_30m,10.903798792175031,0.0,0.05025941,0.521419714817111,0.51367867,0.45464218,1.2309898,0.9637089929822119,32260,0.05025941,0.8278883,,,session_range_pct_bin,0,is_power_hour_bin,True,0.04091587136342132,bull_low_vol,False,False,"(False, 'PASS')",False,PASS,0.2454335429841366,True,True,True,False,,,,,,,
rvol_bin == 0 AND is_power_hour_bin == True,double,LONG,fwd_ret_30m,12.043500873025783,0.0,0.04694823,0.5099569787554885,0.37140077,0.29068914,1.3295766,1.2732351432031395,22547,0.04694823,0.5853436,,,rvol_bin,0,is_power_hour_bin,True,0.04081313194637149,bull_low_vol,False,False,"(False, 'PASS')",False,PASS,0.18939627507784867,True,True,True,False,,,,,,,
ret_60m_bin == 2.0,single,LONG,fwd_ret_30m,14.43669662123374,0.0,0.011902968,0.49773316504836673,0.23344922,0.20764352,1.1141306,0.48919442215596454,219469,0.011902968,0.38625494,ret_60m_bin,2.0,,,,,0.04068479798147146,bull_low_vol,False,False,"(False, 'PASS')",False,PASS,0.0,True,True,True,False,,,,,,,
ret_15m_bin == 1.0 AND session_range_pct_bin == 1,double,LONG,fwd_ret_30m,10.16863482139978,0.0,0.015728898,0.5021727667775778,0.23086515,0.2012853,1.1569667,0.6883123114030163,54999,0.015728898,0.3627547,,,ret_15m_bin,1.0,session_range_pct_bin,1,0.04068062373347638,bull_low_vol,False,False,"(False, 'PASS')",False,PASS,0.004345533555155656,True,True,True,False,,,,,,,
ret_15m_turned_positive_bin == True,single,LONG,fwd_ret_30m,18.686303954294008,0.0,0.010258191,0.4959951301827487,0.25915185,0.23467995,1.0867283,0.3789488474821446,612754,0.010258191,0.42972484,ret_15m_turned_positive_bin,True,,,,,0.04065066639211719,bull_low_vol,True,True,"(False, 'PASS')",False,PASS,0.0,True,True,True,True,False,Net expectancy -1.121% < 1.000% after 2.0 bps cost,0.008787713,-0.011212287,0.4839348439975205,0.27233472,174228.0
ret_5m_bin == 3.0 AND is_power_hour_bin == True,double,LONG,fwd_ret_30m,10.531047872196444,0.0,0.043296985,0.5186047816814457,0.4644746,0.41043568,1.2191344,0.8855791191447259,35636,0.043296985,0.776123,,,ret_5m_bin,3.0,is_power_hour_bin,True,0.039897039901215056,bull_low_vol,False,False,"(False, 'PASS')",False,PASS,0.1701794166448663,True,True,True,False,,,,,,,
price_up_vol_weak_bin == True AND ret_30m_turned_positive_bin == True,double,LONG,fwd_ret_30m,14.200270357790894,0.0,0.011680854,0.4957481759511029,0.24465735,0.21736674,1.1065699,0.48766551984462586,213673,0.011680854,0.3802356,,,price_up_vol_weak_bin,True,ret_30m_turned_positive_bin,True,0.03973434383121082,bull_low_vol,True,True,"(False, 'PASS')",False,PASS,0.0,True,True,True,True,False,Net expectancy -2.051% < 1.000% after 2.0 bps cost,-0.00051035226,-0.020510351,0.473048110537706,-0.018455833,60070.0
ret_5m_bin == 3.0 AND atr_14_bin == 0,double,LONG,fwd_ret_30m,9.957396661181784,0.0,0.013602849,0.4903240187237837,0.19198544,0.15800671,1.1689118,0.7115524426280362,49349,0.013602849,0.30347523,,,ret_5m_bin,3.0,atr_14_bin,0,0.039685376006729216,bull_low_vol,False,False,"(False, 'PASS')",False,PASS,0.0,True,True,True,False,,,,,,,
atr_14_bin == 1 AND price_vs_vwap_pct_bin == 2,double,LONG,fwd_ret_30m,9.785958257712135,0.0,0.014440244,0.5050427934262868,0.21162966,0.18676724,1.156209,0.6963095464917646,49774,0.014440244,0.32920957,,,atr_14_bin,1,price_vs_vwap_pct_bin,2,0.03965086658795303,bull_low_vol,False,False,"(False, 'PASS')",False,PASS,0.010085586852573547,True,True,True,False,,,,,,,
vwap_cross_up_bin == True AND rvol_bin == 2,double,LONG,fwd_ret_30m,12.454178976113868,0.0,0.014927206,0.4986851523356051,0.2666016,0.23542698,1.1264771,0.5514545756341903,128532,0.014927206,0.42970365,,,vwap_cross_up_bin,True,rvol_bin,2,0.039640355676086515,bull_low_vol,True,True,"(False, 'PASS')",False,PASS,0.0,True,True,True,True,False,Net expectancy -0.512% < 1.000% after 2.0 bps cost,0.014881281,-0.0051187184,0.48623143976754724,0.42820773,37513.0
price_down_vol_weak_bin == True AND ret_5m_turned_positive_bin == True,double,LONG,fwd_ret_30m,11.123029309317412,0.0,0.014296803,0.5012779437704741,0.2423315,0.21490653,1.1333923,0.6116520548838461,83337,0.014296803,0.371052,,,price_down_vol_weak_bin,True,ret_5m_turned_positive_bin,True,0.039472294673227326,bull_low_vol,True,True,"(False, 'PASS')",False,PASS,0.002555887540948154,True,True,True,True,False,Net expectancy -0.087% < 1.000% after 2.0 bps cost,0.019125156,-0.00087484345,0.5014709297824572,0.68320966,25834.0
ret_30m_bin == 2.0 AND ret_60m_bin == 1.0,double,LONG,fwd_ret_30m,9.864256509849477,0.0,0.016215341,0.5035703375591875,0.22458316,0.19514965,1.1673789,0.6842242784876192,52376,0.016215341,0.3762079,,,ret_30m_bin,2.0,ret_60m_bin,1.0,0.03933772457969915,bull_low_vol,False,False,"(False, 'PASS')",False,PASS,0.007140675118374906,True,True,True,False,,,,,,,
ret_5m_bin == 2.0 AND is_power_hour_bin == True,double,LONG,fwd_ret_30m,10.527538608646612,0.0,0.04216542,0.5155908410999885,0.43553376,0.37652424,1.2311805,0.8963182482000633,34764,0.04216542,0.7467831,,,ret_5m_bin,2.0,is_power_hour_bin,True,0.039150766538625315,bull_low_vol,False,False,"(False, 'PASS')",False,PASS,0.15283589169456785,True,True,True,False,,,,,,,
ret_5m_bin == 2.0,single,LONG,fwd_ret_30m,14.090146039359645,0.0,0.011245261,0.4980274786348148,0.22755773,0.20336719,1.1101562,0.47740028634199544,219516,0.011245261,0.37392727,ret_5m_bin,2.0,,,,,0.03877374347529117,bull_low_vol,False,False,"(False, 'PASS')",False,PASS,0.0,True,True,True,False,,,,,,,
session_range_pct_bin == 1 AND atr_14_bin == 1,double,LONG,fwd_ret_30m,9.929588708865968,0.0,0.016119543,0.5009249878870634,0.2226775,0.1912041,1.1689234,0.7397328322392289,45406,0.016119543,0.34592193,,,session_range_pct_bin,1,atr_14_bin,1,0.038673043286760224,bull_low_vol,False,False,"(False, 'PASS')",False,PASS,0.001849975774126822,True,True,True,False,,,,,,,
ret_30m_bin == 1.0 AND ret_60m_bin == 0.0,double,LONG,fwd_ret_30m,9.605096172171146,0.0,0.016374843,0.5109130408300002,0.2457,0.22318421,1.1500126,0.6870457119211569,49253,0.016374843,0.3783483,,,ret_30m_bin,1.0,ret_60m_bin,0.0,0.03843999130198894,bull_low_vol,False,False,"(False, 'PASS')",False,PASS,0.02182608166000044,True,True,True,False,,,,,,,
rvol_bin == 1 AND atr_14_bin == 0,double,LONG,fwd_ret_30m,9.981405138549325,0.0,0.014469233,0.4925965097831835,0.19423407,0.16004974,1.1781709,0.7437732597487573,45384,0.014469233,0.30881986,,,rvol_bin,1,atr_14_bin,0,0.038418694075294205,bull_low_vol,False,False,"(False, 'PASS')",False,PASS,0.0,True,True,True,False,,,,,,,
ret_15m_turned_positive_bin == True AND ret_60m_bin == 2.0,double,LONG,fwd_ret_30m,12.186559297130692,0.0,0.013368943,0.49588292776700893,0.23584087,0.20546919,1.1290681,0.5475125523425074,124846,0.013368943,0.3876174,,,ret_15m_turned_positive_bin,True,ret_60m_bin,2.0,0.03829487008568369,bull_low_vol,True,True,"(False, 'PASS')",False,PASS,0.0,True,True,True,True,False,Net expectancy -0.838% < 1.000% after 2.0 bps cost,0.011622957,-0.008377043,0.48208212021441593,0.3636384,36751.0
ret_30m_turned_positive_bin == True AND ret_60m_bin == 3.0,double,LONG,fwd_ret_30m,13.080404619322596,0.0,0.012923725,0.497817734838453,0.24509051,0.21722528,1.118472,0.5059953752185976,168403,0.012923725,0.40545386,,,ret_30m_turned_positive_bin,True,ret_60m_bin,3.0,0.03813505241410811,bull_low_vol,True,True,"(False, 'PASS')",False,PASS,0.0,True,True,True,True,False,Net expectancy -2.033% < 1.000% after 2.0 bps cost,-0.00032684536,-0.020326845,0.47292264223639713,-0.010445671,46718.0
ret_30m_turned_positive_bin == True AND rel_strength_60m_bin == 2.0,double,LONG,fwd_ret_30m,12.106635564548037,0.0,0.01326721,0.5000039702390878,0.2356899,0.209159,1.1268635,0.541560634728761,125937,0.01326721,0.3888954,,,ret_30m_turned_positive_bin,True,rel_strength_60m_bin,2.0,0.03794287790700733,bull_low_vol,True,True,"(False, 'PASS')",False,PASS,7.940478175649801e-06,True,True,True,True,False,Net expectancy -0.971% < 1.000% after 2.0 bps cost,0.010288065,-0.009711934,0.48257372654155495,0.328057,36554.0
ret_30m_bin == 2.0 AND price_vs_vwap_pct_bin == 2,double,LONG,fwd_ret_30m,10.949530657944637,0.0,0.013091214,0.5002251184834123,0.21485162,0.18885095,1.1387031,0.59830763867876,84400,0.013091214,0.34734067,,,ret_30m_bin,2.0,price_vs_vwap_pct_bin,2,0.03792903599267587,bull_low_vol,False,False,"(False, 'PASS')",False,PASS,0.00045023696682466863,True,True,True,False,,,,,,,
ret_15m_bin == 1.0 AND ret_30m_bin == 2.0,double,LONG,fwd_ret_30m,10.336944120647233,0.0,0.014062371,0.503030659683399,0.2202588,0.19464894,1.1453707,0.6294010060319188,67972,0.014062371,0.35467568,,,ret_15m_bin,1.0,ret_30m_bin,2.0,0.037879157846618904,bull_low_vol,False,False,"(False, 'PASS')",False,PASS,0.00606131936679799,True,True,True,False,,,,,,,
ret_30m_turned_positive_bin == True AND rel_strength_60m_bin == 1.0,double,LONG,fwd_ret_30m,11.040841232765427,0.0,0.013420991,0.5037101162503091,0.23326829,0.20971334,1.1289505,0.5876777359397449,88946,0.013420991,0.3625314,,,ret_30m_turned_positive_bin,True,rel_strength_60m_bin,1.0,0.0378275603872958,bull_low_vol,True,True,"(False, 'PASS')",False,PASS,0.007420232500618296,True,True,True,True,False,Net expectancy 0.264% < 1.000% after 2.0 bps cost,0.022643654,0.0026436541,0.49356276821799094,0.66253084,24001.0
ret_30m_bin == 1.0 AND is_power_hour_bin == True,double,LONG,fwd_ret_30m,10.150368413493073,0.0,0.03949555,0.511958561272761,0.4625954,0.40433893,1.2001455,0.8283468948777666,37839,0.03949555,0.75689596,,,ret_30m_bin,1.0,is_power_hour_bin,True,0.037703769147439004,bull_low_vol,False,False,"(False, 'PASS')",False,PASS,0.11887262350587197,True,True,True,False,,,,,,,
ret_30m_bin == 2.0 AND session_range_pct_bin == 3,double,LONG,fwd_ret_30m,9.65320137592696,0.0,0.016705202,0.5046638655462184,0.22800413,0.19857271,1.169837,0.7023735881421905,47600,0.016705202,0.37755814,,,ret_30m_bin,2.0,session_range_pct_bin,3,0.037702049046384044,bull_low_vol,False,False,"(False, 'PASS')",False,PASS,0.009327731092436897,True,True,True,False,,,,,,,
ret_5m_turned_positive_bin == True,single,LONG,fwd_ret_30m,17.700353257199787,0.0,0.010292909,0.49503404848868815,0.26311108,0.23755272,1.0858058,0.37171962656236207,571391,0.010292909,0.4395648,ret_5m_turned_positive_bin,True,,,,,0.037698038567716495,bull_low_vol,True,True,"(False, 'PASS')",False,PASS,0.0,True,True,True,True,False,Net expectancy -0.954% < 1.000% after 2.0 bps cost,0.010457183,-0.009542816,0.48453633442086097,0.31802133,163674.0
ret_60m_bin == 2.0 AND rel_strength_60m_bin == 2.0,double,LONG,fwd_ret_30m,11.416330540698095,0.0,0.014495689,0.49812395775430796,0.23717362,0.20651749,1.1398574,0.5709751575263823,100744,0.014495689,0.40301567,,,ret_60m_bin,2.0,rel_strength_60m_bin,2.0,0.037580922378361054,bull_low_vol,False,False,"(False, 'PASS')",False,PASS,0.0,True,True,True,False,,,,,,,
rel_strength_60m_bin == 2.0,single,LONG,fwd_ret_30m,13.842398763997599,0.0,0.011716847,0.49922989291410347,0.23670073,0.21257505,1.1100677,0.4690766733215831,219450,0.011716847,0.39652193,rel_strength_60m_bin,2.0,,,,,0.037518203281012484,bull_low_vol,False,False,"(False, 'PASS')",False,PASS,0.0,True,True,True,False,,,,,,,
ret_60m_bin == 0.0 AND atr_14_bin == 1,double,LONG,fwd_ret_30m,10.227023760300625,0.0,0.018821513,0.5021227429062769,0.24312824,0.20739792,1.1822753,0.8415592578265734,37216,0.018821513,0.35503414,,,ret_60m_bin,0.0,atr_14_bin,1,0.037229723060623554,bull_low_vol,False,False,"(False, 'PASS')",False,PASS,0.004245485812553795,True,True,True,False,,,,,,,
ret_5m_bin == 1.0 AND rel_strength_60m_bin == 2.0,double,LONG,fwd_ret_30m,9.53151506249083,0.0,0.0153878955,0.5038964767646938,0.22092563,0.19337851,1.1603979,0.6852064874144193,48762,0.0153878955,0.35649878,,,ret_5m_bin,1.0,rel_strength_60m_bin,2.0,0.03714689256659166,bull_low_vol,False,False,"(False, 'PASS')",False,PASS,0.007792953529387692,True,True,True,False,,,,,,,
ret_60m_bin == 2.0 AND price_vs_vwap_pct_bin == 2,double,LONG,fwd_ret_30m,9.988377585511083,0.0,0.014677529,0.49720345874894195,0.22050862,0.1888639,1.1545652,0.6459604134047744,60253,0.014677529,0.360701,,,ret_60m_bin,2.0,price_vs_vwap_pct_bin,2,0.03712968406402303,bull_low_vol,False,False,"(False, 'PASS')",False,PASS,0.0,True,True,True,False,,,,,,,
ret_15m_turned_positive_bin == True AND rvol_bin == 0,double,LONG,fwd_ret_30m,11.883421239943353,0.0,0.010389707,0.49545923289311733,0.20802568,0.1836889,1.1121048,0.5440139985397807,120244,0.010389707,0.3031751,,,ret_15m_turned_positive_bin,True,rvol_bin,0,0.03707197731147834,bull_low_vol,True,True,"(False, 'PASS')",False,PASS,0.0,True,True,True,True,False,Net expectancy -2.079% < 1.000% after 2.0 bps cost,-0.0007899294,-0.020789929,0.47513827825840305,-0.036463913,35255.0
ret_5m_bin == 2.0 AND ret_30m_bin == 2.0,double,LONG,fwd_ret_30m,9.679034780042475,0.0,0.014180395,0.4999266969652544,0.2097967,0.18137857,1.1563394,0.6577537212986414,54568,0.014180395,0.34223568,,,ret_5m_bin,2.0,ret_30m_bin,2.0,0.03683731359474015,bull_low_vol,False,False,"(False, 'PASS')",False,PASS,0.0,True,True,True,False,,,,,,,
avwap_cross_up_bin == True AND ret_5m_turned_positive_bin == True,double,LONG,fwd_ret_30m,15.432869130875678,0.0,0.011573694,0.4953757757366263,0.2673882,0.23955238,1.0957422,0.4154544172482285,347734,0.011573694,0.4422307,,,avwap_cross_up_bin,True,ret_5m_turned_positive_bin,True,0.036761318301338775,bull_low_vol,True,True,"(False, 'PASS')",False,PASS,0.0,True,True,True,True,False,Net expectancy -1.442% < 1.000% after 2.0 bps cost,0.0055773878,-0.014422612,0.4805498352553542,0.1683493,97120.0
price_up_vol_weak_bin == True AND is_power_hour_bin == True,double,LONG,fwd_ret_30m,10.082907824067071,0.0,0.0396958,0.5179260740370463,0.4511238,0.40233037,1.2046672,0.8434911502475922,36009,0.0396958,0.74707514,,,price_up_vol_weak_bin,True,is_power_hour_bin,True,0.03671651194848746,bull_low_vol,True,True,"(False, 'PASS')",False,PASS,0.1328101415814778,True,True,True,True,True,PASS,0.048324797,0.028324798,0.5240533960204853,0.92188597,11911.0
rvol_bin == 0 AND price_vs_vwap_pct_bin == 1,double,LONG,fwd_ret_30m,9.478995560783437,0.0,0.012284397,0.5005074081591232,0.19839762,0.17420696,1.1411754,0.677908844811916,49270,0.012284397,0.2876622,,,rvol_bin,0,price_vs_vwap_pct_bin,1,0.03668115022877305,bull_low_vol,False,False,"(False, 'PASS')",False,PASS,0.0010148163182464032,True,True,True,False,,,,,,,
vwap_cross_up_bin == True AND avwap_cross_up_bin == True,double,LONG,fwd_ret_30m,16.201266148080908,0.0,0.010804278,0.4963851250996985,0.2616046,0.23639564,1.0907522,0.39333387054980135,427539,0.010804278,0.43604836,,,vwap_cross_up_bin,True,avwap_cross_up_bin,True,0.03661131419346428,bull_low_vol,True,True,"(False, 'PASS')",False,PASS,0.0,True,True,True,True,False,Net expectancy -1.664% < 1.000% after 2.0 bps cost,0.0033604843,-0.016639516,0.47826233799130324,0.10395924,118435.0
price_up_vol_weak_bin == True AND vwap_cross_up_bin == True,double,LONG,fwd_ret_30m,13.482650166735413,0.0,0.0113218995,0.49492107235235816,0.24437475,0.21704394,1.103279,0.4706125538166392,206835,0.0113218995,0.38190562,,,price_up_vol_weak_bin,True,vwap_cross_up_bin,True,0.03634636443622045,bull_low_vol,True,True,"(False, 'PASS')",False,PASS,0.0,True,True,True,True,False,Net expectancy -1.880% < 1.000% after 2.0 bps cost,0.0011954999,-0.0188045,0.4737823512146273,0.042567745,57919.0
ret_15m_bin == 1.0 AND ret_30m_bin == 1.0,double,LONG,fwd_ret_30m,10.737844446557673,0.0,0.013193772,0.5051774636193814,0.22179917,0.199777,1.1334671,0.578832296706431,86722,0.013193772,0.36183995,,,ret_15m_bin,1.0,ret_30m_bin,1.0,0.0363412690568628,bull_low_vol,False,False,"(False, 'PASS')",False,PASS,0.010354927238762857,True,True,True,False,,,,,,,
ret_60m_bin == 2.0 AND atr_14_bin == 0,double,LONG,fwd_ret_30m,9.939498676532986,0.0,0.011519911,0.4880826935621456,0.18459287,0.15349485,1.1466073,0.6452995557518759,59787,0.011519911,0.28339228,,,ret_60m_bin,2.0,atr_14_bin,0,0.03623310166582794,bull_low_vol,False,False,"(False, 'PASS')",False,PASS,0.0,True,True,True,False,,,,,,,
ret_60m_turned_positive_bin == True AND is_power_hour_bin == True,double,LONG,fwd_ret_30m,10.904630774792228,0.0,0.029361334,0.5160786409463223,0.48186412,0.45321095,1.1338754,0.554942662161341,97303,0.029361334,0.8399007,,,ret_60m_turned_positive_bin,True,is_power_hour_bin,True,0.036146081304234336,bull_low_vol,True,True,"(False, 'PASS')",False,PASS,0.03215728189264455,True,True,True,True,True,PASS,0.053884305,0.033884306,0.5233755942947702,0.9191349,30288.0
ret_5m_bin == 3.0 AND atr_14_bin == 1,double,LONG,fwd_ret_30m,9.430095972086937,0.0,0.014743906,0.5022288261515602,0.21879946,0.19113901,1.1549649,0.6800527439162138,48456,0.014743906,0.3441678,,,ret_5m_bin,3.0,atr_14_bin,1,0.036126356212155056,bull_low_vol,False,False,"(False, 'PASS')",False,PASS,0.004457652303120341,True,True,True,False,,,,,,,
avwap_cross_up_bin == True AND ret_15m_bin == 1.0,double,LONG,fwd_ret_30m,11.657385150156818,0.0,0.013204866,0.5048137671294296,0.23664321,0.21457762,1.1242743,0.5283649484562959,122669,0.013204866,0.39673477,,,avwap_cross_up_bin,True,ret_15m_bin,1.0,0.035987575768492285,bull_low_vol,True,True,"(False, 'PASS')",False,PASS,0.009627534258859205,True,True,True,True,False,Net expectancy -1.741% < 1.000% after 2.0 bps cost,0.0025894041,-0.017410595,0.49013870523028447,0.09288639,35543.0
ret_15m_bin == 1.0 AND ret_60m_bin == 2.0,double,LONG,fwd_ret_30m,9.887627064311998,0.0,0.014365428,0.5025450521656655,0.21966977,0.19303964,1.1495955,0.6240620449794514,63260,0.014365428,0.36541897,,,ret_15m_bin,1.0,ret_60m_bin,2.0,0.035890632046887146,bull_low_vol,False,False,"(False, 'PASS')",False,PASS,0.005090104331330947,True,True,True,False,,,,,,,
price_down_vol_weak_bin == True AND price_vs_vwap_pct_bin == 1,double,LONG,fwd_ret_30m,9.468814893382797,0.0,0.014457594,0.5049852938456131,0.22403204,0.19933811,1.1465168,0.6464901048586457,54059,0.014457594,0.35500494,,,price_down_vol_weak_bin,True,price_vs_vwap_pct_bin,1,0.03577853030867033,bull_low_vol,True,True,"(False, 'PASS')",False,PASS,0.009970587691226163,True,True,True,True,False,Net expectancy 0.705% < 1.000% after 2.0 bps cost,0.02704515,0.00704515,0.5079641762336959,1.0086393,16637.0
ret_15m_bin == 1.0 AND rvol_bin == 2,double,LONG,fwd_ret_30m,9.388334576911051,0.0,0.016395226,0.5068071527030344,0.24370408,0.21718834,1.1530609,0.6476180277234092,52959,0.016395226,0.40188217,,,ret_15m_bin,1.0,rvol_bin,2,0.03566452803345899,bull_low_vol,False,False,"(False, 'PASS')",False,PASS,0.013614305406068894,True,True,True,False,,,,,,,
ret_60m_bin == 2.0 AND atr_14_bin == 1,double,LONG,fwd_ret_30m,9.324185074430817,0.0,0.014721211,0.5019375247133254,0.21539934,0.18751824,1.1576219,0.658145209232618,50580,0.014721211,0.3550766,,,ret_60m_bin,2.0,atr_14_bin,1,0.03565073858524135,bull_low_vol,False,False,"(False, 'PASS')",False,PASS,0.003875049426650845,True,True,True,False,,,,,,,
vwap_cross_up_bin == True AND rvol_bin == 1,double,LONG,fwd_ret_30m,11.81516111788235,0.0,0.012304711,0.4961895437634619,0.23941472,0.21136992,1.1155477,0.5249125807678344,127675,0.012304711,0.37212145,,,vwap_cross_up_bin,True,rvol_bin,1,0.035617259108328615,bull_low_vol,True,True,"(False, 'PASS')",False,PASS,0.0,True,True,True,True,False,Net expectancy -1.131% < 1.000% after 2.0 bps cost,0.008688697,-0.011311303,0.4808154427103964,0.30842945,37869.0
ret_15m_turned_positive_bin == True AND session_range_pct_bin == 1,double,LONG,fwd_ret_30m,11.637709515227183,0.0,0.013164299,0.49835149437035325,0.25164416,0.22374819,1.1172839,0.5303932935692054,121322,0.013164299,0.39400342,,,ret_15m_turned_positive_bin,True,session_range_pct_bin,1,0.03560307910539121,bull_low_vol,True,True,"(False, 'PASS')",False,PASS,0.0,True,True,True,True,False,Net expectancy -0.541% < 1.000% after 2.0 bps cost,0.014585461,-0.005414539,0.4892256963526451,0.5206861,34573.0
rel_strength_60m_bin == 1.0 AND session_range_pct_bin == 1,double,LONG,fwd_ret_30m,9.2193243605857,0.0,0.01599883,0.5093301866037321,0.23669316,0.21308862,1.1530164,0.6545136559792094,49999,0.01599883,0.388034,,,rel_strength_60m_bin,1.0,session_range_pct_bin,1,0.035570895199889374,bull_low_vol,False,False,"(False, 'PASS')",False,PASS,0.018660373207464165,True,True,True,False,,,,,,,
session_range_pct_bin == 1 AND price_vs_vwap_pct_bin == 2,double,LONG,fwd_ret_30m,9.486321841768271,0.0,0.016064713,0.4991908861414978,0.23144896,0.19862358,1.161499,0.6994993452335712,46347,0.016064713,0.3645742,,,session_range_pct_bin,1,price_vs_vwap_pct_bin,2,0.0355377310221118,bull_low_vol,False,False,"(False, 'PASS')",False,PASS,0.0,True,True,True,False,,,,,,,
ret_5m_turned_positive_bin == True AND ret_30m_turned_positive_bin == True,double,LONG,fwd_ret_30m,15.547649986022329,0.0,0.01098434,0.49483560304743385,0.26471543,0.23755887,1.0915313,0.3969043055585324,386686,0.01098434,0.43932754,,,ret_5m_turned_positive_bin,True,ret_30m_turned_positive_bin,True,0.035342540304657596,bull_low_vol,True,True,"(False, 'PASS')",False,PASS,0.0,True,True,True,True,False,Net expectancy -0.941% < 1.000% after 2.0 bps cost,0.01059235,-0.00940765,0.47804535197721304,0.3102497,108132.0
ret_15m_bin == 1.0 AND rel_strength_60m_bin == 2.0,double,LONG,fwd_ret_30m,9.771925247752167,0.0,0.014305575,0.5018474383787329,0.22338672,0.19632636,1.146273,0.620403702597026,62519,0.014305575,0.36604223,,,ret_15m_bin,1.0,rel_strength_60m_bin,2.0,0.035213767003416795,bull_low_vol,False,False,"(False, 'PASS')",False,PASS,0.003694876757465826,True,True,True,False,,,,,,,
avwap_cross_up_bin == True AND ret_60m_bin == 2.0,double,LONG,fwd_ret_30m,11.621728417779977,0.0,0.012881222,0.49805305722635534,0.23411582,0.20663713,1.1241913,0.5249163064082937,123527,0.012881222,0.38955367,,,avwap_cross_up_bin,True,ret_60m_bin,2.0,0.03516597430796378,bull_low_vol,True,True,"(False, 'PASS')",False,PASS,0.0,True,True,True,True,False,Net expectancy -1.489% < 1.000% after 2.0 bps cost,0.0051061725,-0.014893827,0.49002504058776586,0.16677713,36341.0
ret_60m_bin == 1.0,single,LONG,fwd_ret_30m,13.394942905828872,0.0,0.0115564,0.4993620240243525,0.23871425,0.2150225,1.1073532,0.45391996958165143,219444,0.0115564,0.4041509,ret_60m_bin,1.0,,,,,0.03514163190034513,bull_low_vol,False,False,"(False, 'PASS')",False,PASS,0.0,True,True,True,False,,,,,,,
ret_15m_turned_positive_bin == True AND ret_30m_turned_positive_bin == True,double,LONG,fwd_ret_30m,16.25510692459077,0.0,0.010289456,0.4955732243403476,0.26102677,0.236047,1.0864162,0.37649081183626326,469755,0.010289456,0.43384868,,,ret_15m_turned_positive_bin,True,ret_30m_turned_positive_bin,True,0.03510252064785163,bull_low_vol,True,True,"(False, 'PASS')",False,PASS,0.0,True,True,True,True,False,Net expectancy -1.053% < 1.000% after 2.0 bps cost,0.0094679035,-0.010532096,0.4787628083491461,0.2860172,131750.0
ret_60m_turned_positive_bin == True AND ret_60m_bin == 2.0,double,LONG,fwd_ret_30m,12.526054889554773,0.0,0.011727001,0.49697799267607634,0.23321953,0.20710418,1.1125671,0.4840355337256963,168762,0.011727001,0.3846006,,,ret_60m_turned_positive_bin,True,ret_60m_bin,2.0,0.03487506057117724,bull_low_vol,True,True,"(False, 'PASS')",False,PASS,0.0,True,True,True,True,False,Net expectancy -1.688% < 1.000% after 2.0 bps cost,0.0031216792,-0.01687832,0.47849342545130374,0.10397961,49357.0
rvol_bin == 2 AND atr_14_bin == 1,double,LONG,fwd_ret_30m,9.589023790682736,0.0,0.01758757,0.4995651662945117,0.23594442,0.20038983,1.175381,0.7379898830129313,42545,0.01758757,0.37831688,,,rvol_bin,2,atr_14_bin,1,0.034816229282854876,bull_low_vol,False,False,"(False, 'PASS')",False,PASS,0.0,True,True,True,False,,,,,,,
ret_60m_bin == 1.0 AND price_vs_vwap_pct_bin == 2,double,LONG,fwd_ret_30m,9.198424510914439,0.0,0.015701892,0.5046631512671179,0.22619975,0.19875927,1.1594864,0.6477080344659336,50824,0.015701892,0.38483357,,,ret_60m_bin,1.0,price_vs_vwap_pct_bin,2,0.034800107505924424,bull_low_vol,False,False,"(False, 'PASS')",False,PASS,0.00932630253423583,True,True,True,False,,,,,,,
price_down_vol_weak_bin == True AND ret_60m_bin == 0.0,double,LONG,fwd_ret_30m,11.410400055759698,0.0,0.012164748,0.5003756954587284,0.2517141,0.22774488,1.1069082,0.5263069756311626,118447,0.012164748,0.366914,,,price_down_vol_weak_bin,True,ret_60m_bin,0.0,0.03477943013266749,bull_low_vol,True,True,"(False, 'PASS')",False,PASS,0.0007513909174567956,True,True,True,True,False,Net expectancy 0.350% < 1.000% after 2.0 bps cost,0.023499992,0.0034999922,0.5087247585601404,0.8922773,36448.0
ret_15m_bin == 2.0,single,LONG,fwd_ret_30m,12.569041258047514,0.0,0.01135165,0.49824823817057384,0.23004384,0.20581347,1.1099252,0.47857090622916537,173825,0.01135165,0.37654158,ret_15m_bin,2.0,,,,,0.0346880969255423,bull_low_vol,False,False,"(False, 'PASS')",False,PASS,0.0,True,True,True,False,,,,,,,
ret_15m_turned_positive_bin == True AND ret_15m_bin == 2.0,double,LONG,fwd_ret_30m,12.569041258047514,0.0,0.01135165,0.49824823817057384,0.23004384,0.20581347,1.1099252,0.47857090622916537,173825,0.01135165,0.37654158,,,ret_15m_turned_positive_bin,True,ret_15m_bin,2.0,0.0346880969255423,bull_low_vol,True,True,"(False, 'PASS')",False,PASS,0.0,True,True,True,True,False,Net expectancy -1.141% < 1.000% after 2.0 bps cost,0.0085902335,-0.011409766,0.4868706383314277,0.30627093,50726.0
ret_60m_bin == 1.0 AND atr_14_bin == 1,double,LONG,fwd_ret_30m,9.216325118075318,0.0,0.016260618,0.5016414836565323,0.22249909,0.19133648,1.1705285,0.6606606079141423,49041,0.016260618,0.39071396,,,ret_60m_bin,1.0,atr_14_bin,1,0.03467410128747891,bull_low_vol,False,False,"(False, 'PASS')",False,PASS,0.0032829673130645443,True,True,True,False,,,,,,,
ret_30m_turned_positive_bin == True AND ret_60m_turned_positive_bin == True,double,LONG,fwd_ret_30m,16.071439319729244,0.0,0.010354045,0.4961064788708143,0.2636358,0.23901358,1.0859704,0.374288958324821,464618,0.010354045,0.4391403,,,ret_30m_turned_positive_bin,True,ret_60m_turned_positive_bin,True,0.0345400486196443,bull_low_vol,True,True,"(False, 'PASS')",False,PASS,0.0,True,True,True,True,False,Net expectancy -1.748% < 1.000% after 2.0 bps cost,0.0025247096,-0.01747529,0.47505547148804717,0.079218894,127543.0
price_down_vol_weak_bin == True AND ret_60m_bin == 1.0,double,LONG,fwd_ret_30m,10.355432092939708,0.0,0.013602215,0.500954175127835,0.22500949,0.1986135,1.1372335,0.5749568618458142,81746,0.013602215,0.37555596,,,price_down_vol_weak_bin,True,ret_60m_bin,1.0,0.034521347898316346,bull_low_vol,True,True,"(False, 'PASS')",False,PASS,0.0019083502556700438,True,True,True,True,False,Net expectancy -0.719% < 1.000% after 2.0 bps cost,0.012807194,-0.0071928054,0.4889778764570613,0.46767992,25222.0
vwap_cross_up_bin == True AND rel_strength_60m_bin == 2.0,double,LONG,fwd_ret_30m,11.71322459036204,0.0,0.012701561,0.4980915742626537,0.2374411,0.21032889,1.1203189,0.5106861931054483,132570,0.012701561,0.39482373,,,vwap_cross_up_bin,True,rel_strength_60m_bin,2.0,0.03448466725293232,bull_low_vol,True,True,"(False, 'PASS')",False,PASS,0.0,True,True,True,True,False,Net expectancy -0.820% < 1.000% after 2.0 bps cost,0.011795559,-0.008204441,0.48523619513450894,0.37933782,38845.0
ret_15m_turned_positive_bin == True AND ret_60m_bin == 1.0,double,LONG,fwd_ret_30m,10.83103688786638,0.0,0.013465066,0.5000050999071817,0.23661454,0.20968896,1.1284302,0.5491189538891145,98041,0.013465066,0.3892623,,,ret_15m_turned_positive_bin,True,ret_60m_bin,1.0,0.03441891382567998,bull_low_vol,True,True,"(False, 'PASS')",False,PASS,1.0199814363343052e-05,True,True,True,True,False,Net expectancy -0.121% < 1.000% after 2.0 bps cost,0.018791644,-0.0012083557,0.4902182969505082,0.56663346,30005.0
ret_15m_bin == 3.0 AND rvol_bin == 0,double,LONG,fwd_ret_30m,9.306727510330154,0.0,0.012744871,0.49711791133338984,0.2005413,0.17289898,1.1465808,0.6801136551808658,47188,0.012744871,0.29747757,,,ret_15m_bin,3.0,rvol_bin,0,0.03437049036106874,bull_low_vol,False,False,"(False, 'PASS')",False,PASS,0.0,True,True,True,False,,,,,,,
ret_30m_bin == 3.0 AND rvol_bin == 0,double,LONG,fwd_ret_30m,9.302796234954785,0.0,0.012562977,0.4963915440785132,0.20013852,0.17232454,1.1447612,0.6813803729370254,46973,0.012562977,0.29268685,,,ret_30m_bin,3.0,rvol_bin,0,0.034213070629592335,bull_low_vol,False,False,"(False, 'PASS')",False,PASS,0.0,True,True,True,False,,,,,,,
vwap_cross_up_bin == True AND ret_15m_bin == 2.0,double,LONG,fwd_ret_30m,11.571088703690775,0.0,0.012092497,0.49757038119747166,0.22740261,0.20113525,1.119661,0.5121752074090125,128621,0.012092497,0.3747984,,,vwap_cross_up_bin,True,ret_15m_bin,2.0,0.034129785015736755,bull_low_vol,True,True,"(False, 'PASS')",False,PASS,0.0,True,True,True,True,False,Net expectancy -1.313% < 1.000% after 2.0 bps cost,0.0068655754,-0.013134424,0.48236934545357035,0.24560332,37293.0
vwap_cross_up_bin == True AND ret_60m_turned_positive_bin == True,double,LONG,fwd_ret_30m,15.875904412415228,0.0,0.010304779,0.4951040135408241,0.2630817,0.23756978,1.0859103,0.37414132242947773,453739,0.010304779,0.43722326,,,vwap_cross_up_bin,True,ret_60m_turned_positive_bin,True,0.034037437493046864,bull_low_vol,True,True,"(False, 'PASS')",False,PASS,0.0,True,True,True,True,False,Net expectancy -1.551% < 1.000% after 2.0 bps cost,0.004489715,-0.015510284,0.4769168943899695,0.13880897,124420.0
price_vs_vwap_pct_bin == 1 AND is_power_hour_bin == True,double,LONG,fwd_ret_30m,9.664231605725147,0.0,0.037095316,0.5057235335912212,0.46483475,0.40055022,1.1873667,0.7869915761338104,38001,0.037095316,0.74825436,,,price_vs_vwap_pct_bin,1,is_power_hour_bin,True,0.03383466301365049,bull_low_vol,False,False,"(False, 'PASS')",False,PASS,0.08240022472657854,True,True,True,False,,,,,,,
price_vs_vwap_pct_bin == 2 AND is_power_hour_bin == True,double,LONG,fwd_ret_30m,9.54350243686587,0.0,0.03613046,0.5125186749781052,0.44842353,0.39733824,1.1865329,0.7688986833204798,38822,0.03613046,0.74594134,,,price_vs_vwap_pct_bin,2,is_power_hour_bin,True,0.03379720290608056,bull_low_vol,False,False,"(False, 'PASS')",False,PASS,0.08634196837442715,True,True,True,False,,,,,,,
vwap_cross_up_bin == True AND price_vs_vwap_pct_bin == 2,double,LONG,fwd_ret_30m,12.894145630538752,0.0,0.010926979,0.49899860441201677,0.23109154,0.20835747,1.1046772,0.45294870102762874,204215,0.010926979,0.38295817,,,vwap_cross_up_bin,True,price_vs_vwap_pct_bin,2,0.033730841664575816,bull_low_vol,True,True,"(False, 'PASS')",False,PASS,0.0,True,True,True,True,False,Net expectancy -1.627% < 1.000% after 2.0 bps cost,0.003727079,-0.016272921,0.48366368612518273,0.13116446,58826.0
ret_15m_bin == 3.0 AND ret_30m_bin == 2.0,double,LONG,fwd_ret_30m,9.191669192987225,0.0,0.016000286,0.5,0.23129192,0.19929133,1.1605718,0.6338424425565975,52994,0.016000286,0.40072525,,,ret_15m_bin,3.0,ret_30m_bin,2.0,0.03371568317393085,bull_low_vol,False,False,"(False, 'PASS')",False,PASS,0.0,True,True,True,False,,,,,,,
ret_60m_bin == 2.0 AND session_range_pct_bin == 1,double,LONG,fwd_ret_30m,9.105640768674121,0.0,0.015028237,0.5002537080405933,0.23261659,0.20278105,1.1482966,0.6385666137961313,51240,0.015028237,0.3735959,,,ret_60m_bin,2.0,session_range_pct_bin,1,0.03366613768766146,bull_low_vol,False,False,"(False, 'PASS')",False,PASS,0.0005074160811866513,True,True,True,False,,,,,,,
price_vs_vwap_pct_bin == 2,single,LONG,fwd_ret_30m,13.117995195375432,0.0,0.0107196085,0.49883596437276473,0.23087552,0.2084136,1.1026298,0.4444832771211627,219495,0.0107196085,0.3828457,price_vs_vwap_pct_bin,2,,,,,0.03366409224521563,bull_low_vol,False,False,"(False, 'PASS')",False,PASS,0.0,True,True,True,False,,,,,,,
rel_strength_60m_bin == 1.0 AND price_vs_vwap_pct_bin == 1,double,LONG,fwd_ret_30m,9.446620500272159,0.0,0.015207135,0.5085150250823903,0.23218681,0.20929094,1.1478382,0.6042225955736642,61597,0.015207135,0.39953122,,,rel_strength_60m_bin,1.0,price_vs_vwap_pct_bin,1,0.03359413615012413,bull_low_vol,False,False,"(False, 'PASS')",False,PASS,0.017030050164780652,True,True,True,False,,,,,,,
ret_30m_turned_positive_bin == True AND ret_60m_bin == 1.0,double,LONG,fwd_ret_30m,10.224422973452324,0.0,0.013379752,0.5006402204797386,0.23382142,0.20762718,1.1290478,0.5667926234450493,82003,0.013379752,0.37473488,,,ret_30m_turned_positive_bin,True,ret_60m_bin,1.0,0.03357955925334088,bull_low_vol,True,True,"(False, 'PASS')",False,PASS,0.0012804409594771027,True,True,True,True,False,Net expectancy 0.257% < 1.000% after 2.0 bps cost,0.022565935,0.0025659353,0.47866135714573027,0.65156806,24861.0
ret_30m_bin == 2.0 AND rvol_bin == 1,double,LONG,fwd_ret_30m,9.165739502039619,0.0,0.015418628,0.5032413689130107,0.22036146,0.19219872,1.1614915,0.6752486783868306,46431,0.015418628,0.3624785,,,ret_30m_bin,2.0,rvol_bin,1,0.033475870447906175,bull_low_vol,False,False,"(False, 'PASS')",False,PASS,0.00648273782602149,True,True,True,False,,,,,,,
vwap_cross_up_bin == True AND ret_5m_bin == 2.0,double,LONG,fwd_ret_30m,11.597992987587183,0.0,0.011716605,0.49899907267026805,0.22493859,0.20065339,1.1165513,0.4994763323349366,135874,0.011716605,0.37238067,,,vwap_cross_up_bin,True,ret_5m_bin,2.0,0.033456750057795845,bull_low_vol,True,True,"(False, 'PASS')",False,PASS,0.0,True,True,True,True,False,Net expectancy -2.008% < 1.000% after 2.0 bps cost,-7.88386e-05,-0.020078838,0.48077715934858795,-0.002920297,38808.0
vwap_cross_up_bin == True AND ret_60m_bin == 3.0,double,LONG,fwd_ret_30m,12.110277253209926,0.0,0.012163646,0.4959142886828547,0.244958,0.21685703,1.111272,0.47526682494469874,163619,0.012163646,0.40628102,,,vwap_cross_up_bin,True,ret_60m_bin,3.0,0.03303577241222624,bull_low_vol,True,True,"(False, 'PASS')",False,PASS,0.0,True,True,True,True,False,Net expectancy -1.865% < 1.000% after 2.0 bps cost,0.0013524363,-0.018647563,0.47430943496213207,0.04236557,45289.0
ret_15m_turned_positive_bin == True AND ret_5m_bin == 2.0,double,LONG,fwd_ret_30m,11.288372739024156,0.0,0.011838905,0.4991149313473775,0.22601275,0.20157804,1.1172547,0.5060093907231825,125414,0.011838905,0.37140965,,,ret_15m_turned_positive_bin,True,ret_5m_bin,2.0,0.03299717330796306,bull_low_vol,True,True,"(False, 'PASS')",False,PASS,0.0,True,True,True,True,False,Net expectancy -1.869% < 1.000% after 2.0 bps cost,0.001314583,-0.018685417,0.4836061072056239,0.04859773,36416.0
price_down_vol_weak_bin == True AND session_range_pct_bin == 0,double,LONG,fwd_ret_30m,10.12035993507296,0.0,0.01247669,0.49895508076611017,0.2388646,0.21296696,1.1169258,0.5632849033840498,81346,0.01247669,0.35161835,,,price_down_vol_weak_bin,True,session_range_pct_bin,0,0.032920905897012506,bull_low_vol,True,True,"(False, 'PASS')",False,PASS,0.0,True,True,True,True,False,Net expectancy -0.643% < 1.000% after 2.0 bps cost,0.01356509,-0.00643491,0.4906552187676163,0.555385,23061.0
ret_5m_turned_positive_bin == True AND ret_15m_turned_positive_bin == True,double,LONG,fwd_ret_30m,15.31226150455418,0.0,0.010357998,0.4945177950891664,0.26397672,0.2377595,1.086185,0.3755231802169746,418992,0.010357998,0.43786412,,,ret_5m_turned_positive_bin,True,ret_15m_turned_positive_bin,True,0.03291124180215392,bull_low_vol,True,True,"(False, 'PASS')",False,PASS,0.0,True,True,True,True,False,Net expectancy -0.976% < 1.000% after 2.0 bps cost,0.01023761,-0.00976239,0.48232143007078143,0.3048564,119099.0
ret_30m_bin == 2.0 AND rvol_bin == 0,double,LONG,fwd_ret_30m,9.003085765438488,0.0,0.011307516,0.4985956987135422,0.19062245,0.16700298,1.1350378,0.6333864951289602,50915,0.011307516,0.28339925,,,ret_30m_bin,2.0,rvol_bin,0,0.032907506194988896,bull_low_vol,False,False,"(False, 'PASS')",False,PASS,0.0,True,True,True,False,,,,,,,
ret_5m_turned_positive_bin == True AND ret_15m_bin == 1.0,double,LONG,fwd_ret_30m,10.712476705587939,0.0,0.012867673,0.4978600201409869,0.24197033,0.21428223,1.1195885,0.5291744769046652,103272,0.012867673,0.38601255,,,ret_5m_turned_positive_bin,True,ret_15m_bin,1.0,0.0326649719500117,bull_low_vol,True,True,"(False, 'PASS')",False,PASS,0.0,True,True,True,True,False,Net expectancy -0.956% < 1.000% after 2.0 bps cost,0.010444362,-0.009555638,0.4867165419783874,0.34230587,30075.0
ret_60m_bin == 1.0 AND price_vs_vwap_pct_bin == 1,double,LONG,fwd_ret_30m,9.450533924141656,0.0,0.014802796,0.503511105611582,0.23063232,0.20407937,1.1460949,0.5900185026168837,64652,0.014802796,0.39827073,,,ret_60m_bin,1.0,price_vs_vwap_pct_bin,1,0.03249505586534465,bull_low_vol,False,False,"(False, 'PASS')",False,PASS,0.007022211223163932,True,True,True,False,,,,,,,
ret_60m_turned_positive_bin == True AND rvol_bin == 0,double,LONG,fwd_ret_30m,11.13060393624577,0.0,0.009840886,0.49204966238292314,0.21087654,0.18490162,1.1047785,0.5114211496074815,119366,0.009840886,0.30546102,,,ret_60m_turned_positive_bin,True,rvol_bin,0,0.032418477081200374,bull_low_vol,True,True,"(False, 'PASS')",False,PASS,0.0,True,True,True,True,False,Net expectancy -2.567% < 1.000% after 2.0 bps cost,-0.0056746877,-0.025674688,0.4676439668263053,-0.27775794,34244.0
avwap_cross_up_bin == True AND ret_15m_turned_positive_bin == True,double,LONG,fwd_ret_30m,14.991888399156304,0.0,0.010396318,0.495637891041314,0.26320603,0.23804042,1.0865936,0.37687094543741145,398775,0.010396318,0.43791232,,,avwap_cross_up_bin,True,ret_15m_turned_positive_bin,True,0.0324115466506267,bull_low_vol,True,True,"(False, 'PASS')",False,PASS,0.0,True,True,True,True,False,Net expectancy -1.542% < 1.000% after 2.0 bps cost,0.0045803543,-0.015419645,0.47918658992078816,0.14150275,110842.0
ret_30m_bin == 1.0 AND atr_14_bin == 0,double,LONG,fwd_ret_30m,9.137245843248609,0.0,0.011077579,0.4980504566738476,0.18282802,0.15933874,1.1385043,0.6120331938165468,56167,0.011077579,0.28732285,,,ret_30m_bin,1.0,atr_14_bin,0,0.0322366487418621,bull_low_vol,False,False,"(False, 'PASS')",False,PASS,0.0,True,True,True,False,,,,,,,
price_down_vol_weak_bin == True AND atr_14_bin == 1,double,LONG,fwd_ret_30m,9.298485012836496,0.0,0.017371854,0.4999508913224967,0.22974059,0.19495516,1.1781964,0.7314364223078845,40726,0.017371854,0.37702474,,,price_down_vol_weak_bin,True,atr_14_bin,1,0.03205561659349653,bull_low_vol,True,True,"(False, 'PASS')",False,PASS,0.0,True,True,True,True,False,Net expectancy -0.392% < 1.000% after 2.0 bps cost,0.016076587,-0.0039234124,0.5058090328537355,0.6731192,12997.0
ret_30m_bin == 2.0 AND rvol_bin == 2,double,LONG,fwd_ret_30m,9.079414206669849,0.0,0.01736877,0.5043606968006376,0.24351577,0.21275757,1.1647093,0.6877833295949468,43915,0.01736877,0.40088302,,,ret_30m_bin,2.0,rvol_bin,2,0.03201694211451679,bull_low_vol,False,False,"(False, 'PASS')",False,PASS,0.008721393601275107,True,True,True,False,,,,,,,
ret_5m_turned_positive_bin == True AND rvol_bin == 2,double,LONG,fwd_ret_30m,10.890236750816133,0.0,0.014001675,0.4969690662642766,0.2704288,0.23933534,1.1162996,0.5090989519954892,115311,0.014001675,0.43659428,,,ret_5m_turned_positive_bin,True,rvol_bin,2,0.0318900454975981,bull_low_vol,True,True,"(False, 'PASS')",False,PASS,0.0,True,True,True,True,False,Net expectancy -0.274% < 1.000% after 2.0 bps cost,0.01725622,-0.0027437788,0.4880196176913759,0.49417952,33847.0
ret_5m_bin == 3.0 AND ret_30m_bin == 2.0,double,LONG,fwd_ret_30m,8.811059241228998,0.0,0.015018429,0.5000301622730289,0.22613615,0.19612475,1.153161,0.6272126357907102,49731,0.015018429,0.3801106,,,ret_5m_bin,3.0,ret_30m_bin,2.0,0.03181138427016367,bull_low_vol,False,False,"(False, 'PASS')",False,PASS,6.032454605775506e-05,True,True,True,False,,,,,,,
ret_15m_bin == 1.0 AND session_range_pct_bin == 3,double,LONG,fwd_ret_30m,8.971183233770343,0.0,0.015133585,0.5071671743415158,0.23548228,0.2116241,1.1451032,0.6028287920818375,55810,0.015133585,0.39851815,,,ret_15m_bin,1.0,session_range_pct_bin,3,0.03174542225140324,bull_low_vol,False,False,"(False, 'PASS')",False,PASS,0.014334348683031628,True,True,True,False,,,,,,,
price_vs_vwap_pct_bin == 1,single,LONG,fwd_ret_30m,12.69494518788822,0.0,0.010618305,0.5015057976627104,0.23665236,0.21678129,1.0982593,0.43015866265238156,219485,0.010618305,0.39185625,price_vs_vwap_pct_bin,1,,,,,0.031697259760561515,bull_low_vol,False,False,"(False, 'PASS')",False,PASS,0.003011595325420835,True,True,True,False,,,,,,,
ret_5m_turned_positive_bin == True AND ret_60m_bin == 1.0,double,LONG,fwd_ret_30m,10.493818861864465,0.0,0.013308307,0.49733446956935334,0.24250251,0.21345519,1.1240329,0.5243841311941162,100918,0.013308307,0.40287802,,,ret_5m_turned_positive_bin,True,ret_60m_bin,1.0,0.031675094717971766,bull_low_vol,True,True,"(False, 'PASS')",False,PASS,0.0,True,True,True,True,False,Net expectancy 0.040% < 1.000% after 2.0 bps cost,0.020399148,0.0003991481,0.48936448720465997,0.6188918,30558.0
price_up_vol_weak_bin == True AND rvol_bin == 0,double,LONG,fwd_ret_30m,10.289005449099198,0.0,0.01058241,0.4926115900905817,0.21714191,0.18996139,1.1097941,0.5395787122787173,91630,0.01058241,0.3113365,,,price_up_vol_weak_bin,True,rvol_bin,0,0.03165330683982079,bull_low_vol,True,True,"(False, 'PASS')",False,PASS,0.0,True,True,True,True,False,Net expectancy -2.807% < 1.000% after 2.0 bps cost,-0.008070335,-0.028070334,0.467456770934525,-0.39067316,25735.0
ret_60m_bin == 3.0 AND rvol_bin == 0,double,LONG,fwd_ret_30m,8.95183206729809,0.0,0.012212455,0.4938811188811189,0.20453304,0.17545791,1.1375235,0.6561562494617067,46904,0.012212455,0.29545817,,,ret_60m_bin,3.0,rvol_bin,0,0.031496895800612226,bull_low_vol,False,False,"(False, 'PASS')",False,PASS,0.0,True,True,True,False,,,,,,,
ret_15m_bin == 2.0 AND is_power_hour_bin == True,double,LONG,fwd_ret_30m,9.787971068240465,0.0,0.042226978,0.5204911063496922,0.44336557,0.39319572,1.2239673,0.9061438265599221,29403,0.042226978,0.7397639,,,ret_15m_bin,2.0,is_power_hour_bin,True,0.03142035034169917,bull_low_vol,False,False,"(False, 'PASS')",False,PASS,0.16325198916289302,True,True,True,False,,,,,,,
rvol_bin == 2 AND atr_14_bin == 0,double,LONG,fwd_ret_30m,9.700591088581874,0.0,0.016312364,0.4991386345090217,0.19565901,0.16241743,1.2005241,0.8465834318288056,33087,0.016312364,0.30587742,,,rvol_bin,2,atr_14_bin,0,0.0313951667489169,bull_low_vol,False,False,"(False, 'PASS')",False,PASS,0.0,True,True,True,False,,,,,,,
ret_60m_turned_positive_bin == True AND session_range_pct_bin == 1,double,LONG,fwd_ret_30m,10.598487722497191,0.0,0.013290349,0.4966350253995328,0.2567245,0.22688913,1.1163696,0.5122497202181984,107876,0.013290349,0.41186503,,,ret_60m_turned_positive_bin,True,session_range_pct_bin,1,0.031206799706730102,bull_low_vol,True,True,"(False, 'PASS')",False,PASS,0.0,True,True,True,True,False,Net expectancy -1.653% < 1.000% after 2.0 bps cost,0.0034725673,-0.016527433,0.47782474503489,0.12507784,29808.0
ret_5m_bin == 2.0 AND ret_60m_bin == 2.0,double,LONG,fwd_ret_30m,8.832611769334358,0.0,0.013743263,0.4979748576668832,0.21257257,0.18348192,1.1492007,0.6128641890504196,52342,0.013743263,0.35598022,,,ret_5m_bin,2.0,ret_60m_bin,2.0,0.03119945881301024,bull_low_vol,False,False,"(False, 'PASS')",False,PASS,0.0,True,True,True,False,,,,,,,
vwap_cross_up_bin == True AND ret_15m_bin == 1.0,double,LONG,fwd_ret_30m,9.943189773114838,0.0,0.013430138,0.5000587792720775,0.24244563,0.2156392,1.1245759,0.5411941618092969,85064,0.013430138,0.3939378,,,vwap_cross_up_bin,True,ret_15m_bin,1.0,0.031144842943108823,bull_low_vol,True,True,"(False, 'PASS')",False,PASS,0.00011755854415507194,True,True,True,True,False,Net expectancy -1.814% < 1.000% after 2.0 bps cost,0.0018554205,-0.01814458,0.4763404291052609,0.06407143,23817.0
avwap_cross_up_bin == True AND session_range_pct_bin == 1,double,LONG,fwd_ret_30m,9.664985595804888,0.0,0.023957502,0.5022138859848718,0.279578,0.23393673,1.2057313,0.8507713473908018,32522,0.023957502,0.44702205,,,avwap_cross_up_bin,True,session_range_pct_bin,1,0.031088250415286064,bull_low_vol,True,True,"(False, 'PASS')",False,PASS,0.0044277719697436435,True,True,True,True,True,PASS,0.036764294,0.016764294,0.4930342384887839,1.3188995,8470.0
avwap_cross_up_bin == True AND ret_30m_turned_positive_bin == True,double,LONG,fwd_ret_30m,14.900984452033919,0.0,0.009967009,0.49661840978190275,0.2604626,0.23716307,1.0834873,0.36286688389100497,424948,0.009967009,0.4360314,,,avwap_cross_up_bin,True,ret_30m_turned_positive_bin,True,0.031079310065453336,bull_low_vol,True,True,"(False, 'PASS')",False,PASS,0.0,True,True,True,True,False,Net expectancy -1.850% < 1.000% after 2.0 bps cost,0.0014959113,-0.018504089,0.4741656050955414,0.04647404,117750.0
ret_60m_bin == 1.0 AND session_range_pct_bin == 3,double,LONG,fwd_ret_30m,8.750207319308482,0.0,0.017645705,0.510426925876761,0.24264002,0.21693245,1.1661488,0.6427354871957801,46706,0.017645705,0.43581986,,,ret_60m_bin,1.0,session_range_pct_bin,3,0.031036527625982694,bull_low_vol,False,False,"(False, 'PASS')",False,PASS,0.020853851753521946,True,True,True,False,,,,,,,
ret_5m_bin == 4.0 AND atr_14_bin == 1,double,LONG,fwd_ret_30m,9.585027247126328,0.0,0.020691592,0.4912220408397056,0.26857537,0.21863872,1.186011,0.8142826021439348,34917,0.020691592,0.40338433,,,ret_5m_bin,4.0,atr_14_bin,1,0.030988426797244818,bull_low_vol,False,False,"(False, 'PASS')",False,PASS,0.0,True,True,True,False,,,,,,,
ret_15m_bin == 1.0 AND rvol_bin == 1,double,LONG,fwd_ret_30m,8.931997936121338,0.0,0.013188638,0.5013866666666666,0.22366284,0.19845626,1.1332818,0.5978436485987026,56250,0.013188638,0.35019714,,,ret_15m_bin,1.0,rvol_bin,1,0.030988123056209817,bull_low_vol,False,False,"(False, 'PASS')",False,PASS,0.0027733333333332943,True,True,True,False,,,,,,,
ret_5m_turned_positive_bin == True AND rvol_bin == 0,double,LONG,fwd_ret_30m,10.5856190958156,0.0,0.009886224,0.4953925339679553,0.20959154,0.18617214,1.1052356,0.5103637773628441,108411,0.009886224,0.30750406,,,ret_5m_turned_positive_bin,True,rvol_bin,0,0.030976462526068848,bull_low_vol,True,True,"(False, 'PASS')",False,PASS,0.0,True,True,True,True,False,Net expectancy -1.988% < 1.000% after 2.0 bps cost,0.00012053215,-0.019879468,0.4742479915301738,0.0053742,32114.0
ret_30m_turned_positive_bin == True AND rvol_bin == 2,double,LONG,fwd_ret_30m,10.860485945285403,0.0,0.013165509,0.49900689046369634,0.26352584,0.23620224,1.1112556,0.49290131613866095,122343,0.013165509,0.42401183,,,ret_30m_turned_positive_bin,True,rvol_bin,2,0.03091733386600295,bull_low_vol,True,True,"(False, 'PASS')",False,PASS,0.0,True,True,True,True,False,Net expectancy -0.659% < 1.000% after 2.0 bps cost,0.013410709,-0.0065892907,0.4803471302583754,0.38312402,35491.0
price_down_vol_weak_bin == True AND rvol_bin == 2,double,LONG,fwd_ret_30m,9.139715490858253,0.0,0.015921745,0.497529207710181,0.27278993,0.23842023,1.1329036,0.5868979534778999,61114,0.015921745,0.43065387,,,price_down_vol_weak_bin,True,rvol_bin,2,0.030888734145698857,bull_low_vol,True,True,"(False, 'PASS')",False,PASS,0.0,True,True,True,True,False,Net expectancy 0.654% < 1.000% after 2.0 bps cost,0.02654056,0.006540561,0.5065132095213183,0.8405462,19115.0
ret_30m_bin == 1.0 AND rel_strength_60m_bin == 1.0,double,LONG,fwd_ret_30m,9.240393213016924,0.0,0.014858484,0.5065813253012048,0.23459423,0.210739,1.1428941,0.569254798691441,66400,0.014858484,0.41435072,,,ret_30m_bin,1.0,rel_strength_60m_bin,1.0,0.030841293630018175,bull_low_vol,False,False,"(False, 'PASS')",False,PASS,0.01316265060240962,True,True,True,False,,,,,,,
ret_15m_turned_positive_bin == True AND rel_strength_60m_bin == 1.0,double,LONG,fwd_ret_30m,10.275082265231688,0.0,0.012364205,0.5014840624596723,0.23707406,0.21368356,1.116069,0.5139147266806016,100737,0.012364205,0.38192263,,,ret_15m_turned_positive_bin,True,rel_strength_60m_bin,1.0,0.030649243781034216,bull_low_vol,True,True,"(False, 'PASS')",False,PASS,0.002968124919344506,True,True,True,True,False,Net expectancy -0.407% < 1.000% after 2.0 bps cost,0.015928099,-0.0040719006,0.49368978634149807,0.47095698,28129.0
price_down_vol_weak_bin == True AND price_vs_vwap_pct_bin == 2,double,LONG,fwd_ret_30m,9.337171839670937,0.0,0.017636038,0.5044113087352369,0.22600715,0.19444458,1.1830137,0.7869410138704344,35477,0.017636038,0.35576165,,,price_down_vol_weak_bin,True,price_vs_vwap_pct_bin,2,0.03043725536358467,bull_low_vol,True,True,"(False, 'PASS')",False,PASS,0.008822617470473748,True,True,True,True,False,Net expectancy 0.055% < 1.000% after 2.0 bps cost,0.0205491,0.00054910034,0.5053473532848027,0.7160281,11127.0
ret_30m_turned_positive_bin == True AND rvol_bin == 1,double,LONG,fwd_ret_30m,10.76364102251727,0.0,0.011400572,0.4962647008062329,0.23839912,0.21223149,1.1066386,0.48984111646140266,121677,0.011400572,0.36946362,,,ret_30m_turned_positive_bin,True,rvol_bin,1,0.03028405902996272,bull_low_vol,True,True,"(False, 'PASS')",False,PASS,0.0,True,True,True,True,False,Net expectancy -1.184% < 1.000% after 2.0 bps cost,0.008156815,-0.011843185,0.4779638237105897,0.28565165,35714.0
price_vs_vwap_pct_bin == 3,single,LONG,fwd_ret_30m,12.469378115980549,0.0,0.011023165,0.49658515693698374,0.24389985,0.21869414,1.1001252,0.4225174332075214,219483,0.011023165,0.41415408,price_vs_vwap_pct_bin,3,,,,,0.030280944626757098,bull_low_vol,False,False,"(False, 'PASS')",False,PASS,0.0,True,True,True,False,,,,,,,
vwap_cross_up_bin == True AND price_vs_vwap_pct_bin == 3,double,LONG,fwd_ret_30m,12.469378115980549,0.0,0.011023165,0.49658515693698374,0.24389985,0.21869414,1.1001252,0.4225174332075214,219483,0.011023165,0.41415408,,,vwap_cross_up_bin,True,price_vs_vwap_pct_bin,3,0.030280944626757098,bull_low_vol,True,True,"(False, 'PASS')",False,PASS,0.0,True,True,True,True,False,Net expectancy -1.385% < 1.000% after 2.0 bps cost,0.006145858,-0.013854141,0.4781196470702304,0.18854392,61882.0
ret_15m_bin == 3.0 AND ret_30m_bin == 3.0,double,LONG,fwd_ret_30m,9.4924745955561,0.0,0.012819139,0.49761716180478177,0.22795232,0.20027326,1.1274092,0.5521127721153322,74491,0.012819139,0.36857963,,,ret_15m_bin,3.0,ret_30m_bin,3.0,0.03018483768133093,bull_low_vol,False,False,"(False, 'PASS')",False,PASS,0.0,True,True,True,False,,,,,,,
ret_60m_bin == 0.0 AND atr_14_bin == 0,double,LONG,fwd_ret_30m,9.684921748829003,0.0,0.016158579,0.5078322385042952,0.19642122,0.16984136,1.1933066,0.8923348880404274,29685,0.016158579,0.28745878,,,ret_60m_bin,0.0,atr_14_bin,0,0.03015765462584631,bull_low_vol,False,False,"(False, 'PASS')",False,PASS,0.015664477008590305,True,True,True,False,,,,,,,
rvol_bin == 1,single,LONG,fwd_ret_30m,12.45759891635249,0.0,0.00986427,0.49526629914802495,0.23854914,0.2145311,1.0910988,0.42211154537748397,219490,0.00986427,0.3709693,rvol_bin,1,,,,,0.030143009451139832,bull_low_vol,False,False,"(False, 'PASS')",False,PASS,0.0,True,True,True,False,,,,,,,
rel_strength_60m_bin == 0.0 AND atr_14_bin == 2,double,LONG,fwd_ret_30m,8.932426998095439,0.0,0.017149746,0.5026354880444679,0.2588725,0.22713473,1.1518097,0.6940710279472307,41738,0.017149746,0.39224195,,,rel_strength_60m_bin,0.0,atr_14_bin,2,0.030107481492292677,bull_low_vol,False,False,"(False, 'PASS')",False,PASS,0.005270976088935786,True,True,True,False,,,,,,,
rel_strength_60m_bin == 2.0 AND price_vs_vwap_pct_bin == 1,double,LONG,fwd_ret_30m,8.647602750264664,0.0,0.014346228,0.5024250147402857,0.22788706,0.20127606,1.1432475,0.5986846380109504,52577,0.014346228,0.38039947,,,rel_strength_60m_bin,2.0,price_vs_vwap_pct_bin,1,0.030105882126179515,bull_low_vol,False,False,"(False, 'PASS')",False,PASS,0.004850029480571338,True,True,True,False,,,,,,,
vwap_cross_up_bin == True AND ret_15m_bin == 3.0,double,LONG,fwd_ret_30m,12.199763560889238,0.0,0.0108255325,0.4959847563527506,0.23790558,0.21263643,1.1010109,0.42972997745096225,203101,0.0108255325,0.39990228,,,vwap_cross_up_bin,True,ret_15m_bin,3.0,0.030095506100421495,bull_low_vol,True,True,"(False, 'PASS')",False,PASS,0.0,True,True,True,True,False,Net expectancy -1.672% < 1.000% after 2.0 bps cost,0.003278728,-0.016721271,0.47657411569447805,0.10759456,57842.0
price_down_vol_weak_bin == True AND rel_strength_60m_bin == 0.0,double,LONG,fwd_ret_30m,10.323894110976413,0.0,0.011543081,0.5010619103108672,0.2511023,0.22903587,1.1010116,0.5023987128837761,106412,0.011543081,0.3647317,,,price_down_vol_weak_bin,True,rel_strength_60m_bin,0.0,0.030079437253034476,bull_low_vol,True,True,"(False, 'PASS')",False,PASS,0.00212382062173444,True,True,True,True,False,Net expectancy 0.355% < 1.000% after 2.0 bps cost,0.023547335,0.003547335,0.5096479195244628,0.9272384,32805.0
session_range_pct_bin == 0 AND atr_14_bin == 1,double,LONG,fwd_ret_30m,8.879859060668107,0.0,0.014528015,0.4999536113559401,0.22807007,0.19897442,1.1460154,0.6788865001781548,43114,0.014528015,0.3397108,,,session_range_pct_bin,0,atr_14_bin,1,0.03007928619428028,bull_low_vol,False,False,"(False, 'PASS')",False,PASS,0.0,True,True,True,False,,,,,,,
session_range_pct_bin == 1 AND price_vs_vwap_pct_bin == 1,double,LONG,fwd_ret_30m,8.688447095319535,0.0,0.015029563,0.5070576649524018,0.233306,0.2094972,1.1455365,0.6452204302449785,45695,0.015029563,0.36977583,,,session_range_pct_bin,1,price_vs_vwap_pct_bin,1,0.03006717036723958,bull_low_vol,False,False,"(False, 'PASS')",False,PASS,0.014115329904803575,True,True,True,False,,,,,,,
ret_15m_turned_positive_bin == True AND rvol_bin == 2,double,LONG,fwd_ret_30m,10.723512181114588,0.0,0.012982162,0.49711519655779385,0.26542014,0.23655961,1.1091284,0.4859524940163029,122712,0.012982162,0.42408556,,,ret_15m_turned_positive_bin,True,rvol_bin,2,0.02998293628290895,bull_low_vol,True,True,"(False, 'PASS')",False,PASS,0.0,True,True,True,True,False,Net expectancy -0.707% < 1.000% after 2.0 bps cost,0.012926822,-0.007073178,0.4865292305984851,0.37162226,36041.0
ret_5m_turned_positive_bin == True AND ret_5m_bin == 2.0,double,LONG,fwd_ret_30m,10.881891867034913,0.0,0.011184397,0.5007247908676351,0.22652364,0.20478006,1.1093918,0.47465212383749045,132452,0.011184397,0.3740567,,,ret_5m_turned_positive_bin,True,ret_5m_bin,2.0,0.029934029743334426,bull_low_vol,True,True,"(False, 'PASS')",False,PASS,0.0014495817352702112,True,True,True,True,False,Net expectancy -1.699% < 1.000% after 2.0 bps cost,0.0030081123,-0.016991887,0.48574668797360687,0.10929043,38798.0
