rule,rule_type,direction,horizon,t_stat,p_value,expectancy,win_rate,avg_win,avg_loss,profit_factor,sharpe,n_samples,mean_ret,std_ret,rule_col,rule_val,rule_col1,rule_val1,rule_col2,rule_val2,aaa_score,regime,is_event_based,passes_event_filter,overfit_check,is_overfit,overfit_reason,overfit_risk,passes_overfit_filter,passes_regime_filter,passes_aaa_score,passes_aaa_filters,validation_passed,validation_reason,val_expectancy,val_expectancy_net,val_win_rate,val_sharpe,val_trades
ret_30m_turned_positive_bin == True AND session_range_pct_bin == 0,double,SHORT,fwd_ret_30m,17.374818913386036,0.0,0.08813553,0.5068173872509032,0.5510301,0.3875564,1.4611142,1.719059828301098,25743,0.08813553,0.8138799,,,ret_30m_turned_positive_bin,True,session_range_pct_bin,0,0.09020657510077576,bull_high_vol,True,True,"(False, 'PASS')",False,PASS,0.7045200190003702,True,True,True,True,False,Net expectancy -4.501% < 1.000% after 2.0 bps cost,-0.025010614,-0.04501061,0.44145985401459853,-0.77373797,3425.0
vwap_cross_up_bin == True AND session_range_pct_bin == 0,double,SHORT,fwd_ret_30m,16.335793893172482,0.0,0.07220061,0.5118420637673846,0.502262,0.37872618,1.3905307,1.4562946645819606,31709,0.07220061,0.7870311,,,vwap_cross_up_bin,True,session_range_pct_bin,0,0.08937669203604633,bull_high_vol,True,True,"(False, 'PASS')",False,PASS,0.44569023987188167,True,True,True,True,False,Net expectancy -4.443% < 1.000% after 2.0 bps cost,-0.024429189,-0.04442919,0.43824336688014637,-0.820176,4372.0
ret_15m_turned_positive_bin == True AND session_range_pct_bin == 0,double,SHORT,fwd_ret_30m,13.79863046502964,0.0,0.06079909,0.5041766458321164,0.49105367,0.3767041,1.3255141,1.1838101919617792,34238,0.06079909,0.81529593,,,ret_15m_turned_positive_bin,True,session_range_pct_bin,0,0.06527177518771717,bull_high_vol,True,True,"(False, 'PASS')",False,PASS,0.3163441749550005,True,True,True,True,False,Net expectancy -3.972% < 1.000% after 2.0 bps cost,-0.019722572,-0.03972257,0.4383589329021827,-0.64319986,4948.0
ret_60m_turned_positive_bin == True AND is_power_hour_bin == True,double,SHORT,fwd_ret_30m,13.15523219311786,0.0,0.072421536,0.4995276216995674,0.74950606,0.6033848,1.2398244,1.0412786605963504,40222,0.072421536,1.1040813,,,ret_60m_turned_positive_bin,True,is_power_hour_bin,True,0.06370960447060194,bull_high_vol,True,True,"(False, 'PASS')",False,PASS,0.4242153584957123,True,True,True,True,False,Net expectancy -12.280% < 1.000% after 2.0 bps cost,-0.10279588,-0.12279588,0.47901482784619254,-1.2931474,3979.0
ret_60m_turned_positive_bin == True AND session_range_pct_bin == 0,double,SHORT,fwd_ret_30m,14.062470336585942,0.0,0.07970472,0.5027576345623532,0.5619212,0.4078603,1.3930109,1.595266967428611,19582,0.07970472,0.79314196,,,ret_60m_turned_positive_bin,True,session_range_pct_bin,0,0.051124251840439935,bull_high_vol,True,True,"(False, 'PASS')",False,PASS,0.5501959208554457,True,True,True,True,False,Net expectancy -6.439% < 1.000% after 2.0 bps cost,-0.044390764,-0.06439076,0.4357298474945534,-1.198427,2754.0
ret_15m_turned_positive_bin == True AND is_power_hour_bin == True,double,SHORT,fwd_ret_30m,10.644325098143527,0.0,0.051838137,0.49136936640026363,0.7138274,0.5876853,1.1734211,0.7668893803699178,48548,0.051838137,1.0730425,,,ret_15m_turned_positive_bin,True,is_power_hour_bin,True,0.045076120188161865,bull_high_vol,True,True,"(False, 'PASS')",False,PASS,0.21838137209415437,True,True,True,True,False,Net expectancy -9.860% < 1.000% after 2.0 bps cost,-0.07860454,-0.098604545,0.476158793524063,-1.0730913,4509.0
vwap_cross_up_bin == True AND is_power_hour_bin == True,double,SHORT,fwd_ret_30m,9.968296359042492,0.0,0.048335884,0.4897596259516055,0.71783936,0.5942942,1.1594018,0.7073464902352449,50047,0.048335884,1.0847702,,,vwap_cross_up_bin,True,is_power_hour_bin,True,0.03996891713273673,bull_high_vol,True,True,"(False, 'PASS')",False,PASS,0.18335883766412736,True,True,True,True,False,Net expectancy -10.510% < 1.000% after 2.0 bps cost,-0.08510398,-0.105103984,0.47193763919821824,-1.1665863,4490.0
ret_15m_bin == 4.0 AND is_power_hour_bin == True,double,SHORT,fwd_ret_30m,16.179481492498855,0.0,0.21684857,0.5486124975044919,0.983711,0.7151894,1.6717165,2.5661045299010543,10018,0.21684857,1.3414747,,,ret_15m_bin,4.0,is_power_hour_bin,True,0.03987523099834635,bull_high_vol,False,False,"(True, 'Expectancy too high (21.685% > 10.000%)')",True,Expectancy too high (21.685% > 10.000%),2.4987629312413255,False,True,True,False,,,,,,,
ret_5m_bin == 4.0 AND ret_15m_bin == 4.0,double,SHORT,fwd_ret_30m,9.79235499503979,0.0,0.033052217,0.5094470089143882,0.5334251,0.48659286,1.1384679,0.6720073120500953,53509,0.033052217,0.78077674,,,ret_5m_bin,4.0,ret_15m_bin,4.0,0.03880131301260029,bull_high_vol,False,False,"(False, 'PASS')",False,PASS,0.049416189981772496,True,True,True,False,,,,,,,
ret_5m_bin == 4.0 AND is_power_hour_bin == True,double,SHORT,fwd_ret_30m,13.276577833387176,0.0,0.1634118,0.5259253084361454,0.9555,0.71530885,1.4818846,1.9242796956803956,11996,0.1634118,1.3480794,,,ret_5m_bin,4.0,is_power_hour_bin,True,0.03731050470039179,bull_high_vol,False,False,"(True, 'Expectancy too high (16.341% > 10.000%)')",True,Expectancy too high (16.341% > 10.000%),1.598108425642359,False,True,True,False,,,,,,,
ret_5m_turned_positive_bin == True AND is_power_hour_bin == True,double,SHORT,fwd_ret_30m,9.764492010663052,0.0,0.050692514,0.4886047682641154,0.7292521,0.5976269,1.1658658,0.725272379736559,45677,0.050692514,1.10954,,,ret_5m_turned_positive_bin,True,is_power_hour_bin,True,0.03658662251539609,bull_high_vol,True,True,"(False, 'PASS')",False,PASS,0.20692513585090638,True,True,True,True,False,Net expectancy -11.052% < 1.000% after 2.0 bps cost,-0.09052157,-0.11052157,0.47083118224057824,-1.2191182,3874.0
ret_5m_bin == 4.0 AND price_vs_vwap_pct_bin == 4,double,SHORT,fwd_ret_30m,9.559155254744066,0.0,0.030200716,0.5097675924593467,0.5202118,0.47933674,1.1285212,0.6435964649647777,55592,0.030200716,0.7449101,,,ret_5m_bin,4.0,price_vs_vwap_pct_bin,4,0.03629874795920297,bull_high_vol,False,False,"(False, 'PASS')",False,PASS,0.021542345999530588,True,True,True,False,,,,,,,
ret_5m_turned_positive_bin == True AND ret_15m_bin == 4.0,double,SHORT,fwd_ret_30m,10.58161189623121,0.0,0.02680636,0.5048196685800932,0.4950674,0.45057002,1.1201468,0.5827193224484767,83097,0.02680636,0.730262,,,ret_5m_turned_positive_bin,True,ret_15m_bin,4.0,0.03602747063130887,bull_high_vol,True,True,"(False, 'PASS')",False,PASS,0.00963933716018639,True,True,True,True,False,Net expectancy -2.350% < 1.000% after 2.0 bps cost,-0.0035010816,-0.023501081,0.5014952153110048,-0.0834055,16720.0
ret_30m_turned_positive_bin == True AND is_power_hour_bin == True,double,SHORT,fwd_ret_30m,9.76902053433735,0.0,0.050861157,0.4819203820938563,0.74514836,0.59496844,1.1650045,0.7360772693028605,44387,0.050861157,1.0968901,,,ret_30m_turned_positive_bin,True,is_power_hour_bin,True,0.035605883780114374,bull_high_vol,True,True,"(False, 'PASS')",False,PASS,0.2086115747690201,True,True,True,True,False,Net expectancy -12.579% < 1.000% after 2.0 bps cost,-0.10578845,-0.12578845,0.46004425866732235,-1.41178,4067.0
vwap_cross_up_bin == True AND ret_15m_bin == 4.0,double,SHORT,fwd_ret_30m,10.807756045495454,0.0,0.024216231,0.505153718713108,0.4889561,0.45020398,1.1086993,0.5403851064581289,100801,0.024216231,0.7113829,,,vwap_cross_up_bin,True,ret_15m_bin,4.0,0.03414669819170302,bull_high_vol,True,True,"(False, 'PASS')",False,PASS,0.010307437426215982,True,True,True,True,False,Net expectancy -2.795% < 1.000% after 2.0 bps cost,-0.007951637,-0.027951635,0.49927857107318774,-0.19203341,20099.0
ret_5m_bin == 4.0 AND ret_30m_bin == 4.0,double,SHORT,fwd_ret_30m,9.078909214945806,0.0,0.032121006,0.5083400955729871,0.53296065,0.48571023,1.1345077,0.6842559760000982,44364,0.032121006,0.7451965,,,ret_5m_bin,4.0,ret_30m_bin,4.0,0.03243049581540958,bull_high_vol,False,False,"(False, 'PASS')",False,PASS,0.037890255139905016,True,True,True,False,,,,,,,
ret_30m_turned_positive_bin == True AND ret_5m_bin == 4.0,double,SHORT,fwd_ret_30m,9.720924631223182,0.0,0.02501802,0.5042390194075588,0.49338806,0.45136163,1.1118037,0.5514060240339193,78320,0.02501802,0.7202474,,,ret_30m_turned_positive_bin,True,ret_5m_bin,4.0,0.031282524215383876,bull_high_vol,True,True,"(False, 'PASS')",False,PASS,0.00847803881511755,True,True,True,True,False,Net expectancy -2.360% < 1.000% after 2.0 bps cost,-0.0035969994,-0.023596998,0.4986175736732079,-0.08505979,14829.0
ret_60m_turned_positive_bin == True AND ret_5m_bin == 4.0,double,SHORT,fwd_ret_30m,9.484568405880916,0.0,0.025838895,0.5054153647840159,0.50224084,0.46099564,1.1133277,0.5635817718777902,71371,0.025838895,0.7278087,,,ret_60m_turned_positive_bin,True,ret_5m_bin,4.0,0.03126865561302816,bull_high_vol,True,True,"(False, 'PASS')",False,PASS,0.010830729568031883,True,True,True,True,False,Net expectancy -2.058% < 1.000% after 2.0 bps cost,-0.0005776765,-0.020577677,0.5053534760926958,-0.013273342,13636.0
ret_15m_bin == 4.0 AND price_vs_vwap_pct_bin == 4,double,SHORT,fwd_ret_30m,9.608059627881259,0.0,0.024453225,0.5071241566810996,0.4987881,0.46359396,1.107019,0.5411211274288648,79448,0.024453225,0.7173679,,,ret_15m_bin,4.0,price_vs_vwap_pct_bin,4,0.030516219948111444,bull_high_vol,False,False,"(False, 'PASS')",False,PASS,0.014248313362199116,True,True,True,False,,,,,,,
ret_15m_bin == 4.0 AND ret_60m_bin == 4.0,double,SHORT,fwd_ret_30m,8.39271787357575,0.0,0.026548538,0.5117556203878497,0.5192892,0.48991987,1.1109886,0.5817804610527348,52443,0.026548538,0.7244055,,,ret_15m_bin,4.0,ret_60m_bin,4.0,0.028920822120746467,bull_high_vol,False,False,"(False, 'PASS')",False,PASS,0.023511240775699438,True,True,True,False,,,,,,,
vwap_cross_up_bin == True AND ret_5m_bin == 4.0,double,SHORT,fwd_ret_30m,9.705438951824124,0.0,0.02336172,0.5038415102623203,0.48877028,0.44925374,1.1048075,0.5104255756847482,91110,0.02336172,0.72656196,,,vwap_cross_up_bin,True,ret_5m_bin,4.0,0.02888868757174425,bull_high_vol,True,True,"(False, 'PASS')",False,PASS,0.007683020524640538,True,True,True,True,False,Net expectancy -2.435% < 1.000% after 2.0 bps cost,-0.0043535666,-0.024353566,0.500322561726585,-0.105851434,17051.0
ret_5m_turned_positive_bin == True AND price_vs_vwap_pct_bin == 4,double,SHORT,fwd_ret_30m,9.450467727054443,0.0,0.022782188,0.5044212796549246,0.48238772,0.44502407,1.1032997,0.5192952611496227,83460,0.022782188,0.69643617,,,ret_5m_turned_positive_bin,True,price_vs_vwap_pct_bin,4,0.028651497112224245,bull_high_vol,True,True,"(False, 'PASS')",False,PASS,0.008842559309849118,True,True,True,True,False,Net expectancy -2.637% < 1.000% after 2.0 bps cost,-0.0063719195,-0.026371919,0.49606671792748563,-0.16173217,16907.0
ret_5m_turned_positive_bin == True AND ret_30m_bin == 4.0,double,SHORT,fwd_ret_30m,9.138683664179862,0.0,0.022928588,0.5015580057526366,0.4824375,0.43945298,1.1046767,0.5293897361312021,75096,0.022928588,0.6875465,,,ret_5m_turned_positive_bin,True,ret_30m_bin,4.0,0.02808449285050782,bull_high_vol,True,True,"(False, 'PASS')",False,PASS,0.0031160115052732973,True,True,True,True,False,Net expectancy -2.530% < 1.000% after 2.0 bps cost,-0.005295975,-0.025295975,0.5082206311323256,-0.12426476,15084.0
ret_15m_bin == 4.0,single,SHORT,fwd_ret_30m,9.82527139953623,0.0,0.02221786,0.503244049348285,0.49101183,0.45269904,1.0987983,0.48536242353213105,103266,0.02221786,0.72666854,ret_15m_bin,4.0,,,,,0.02777637787728311,bull_high_vol,False,False,"(False, 'PASS')",False,PASS,0.006488098696570077,True,True,True,False,,,,,,,
ret_15m_turned_positive_bin == True AND ret_15m_bin == 4.0,double,SHORT,fwd_ret_30m,9.82527139953623,0.0,0.02221786,0.503244049348285,0.49101183,0.45269904,1.0987983,0.48536242353213105,103266,0.02221786,0.72666854,,,ret_15m_turned_positive_bin,True,ret_15m_bin,4.0,0.02777637787728311,bull_high_vol,True,True,"(False, 'PASS')",False,PASS,0.006488098696570077,True,True,True,True,False,Net expectancy -2.648% < 1.000% after 2.0 bps cost,-0.0064804824,-0.026480481,0.49995215311004787,-0.1569473,20900.0
ret_15m_turned_positive_bin == True AND ret_5m_bin == 4.0,double,SHORT,fwd_ret_30m,9.325668721674298,0.0,0.023125337,0.5024160631246234,0.4913464,0.44964263,1.1033605,0.4991773940409409,87953,0.023125337,0.7354166,,,ret_15m_turned_positive_bin,True,ret_5m_bin,4.0,0.027069776305268956,bull_high_vol,True,True,"(False, 'PASS')",False,PASS,0.004832126249246782,True,True,True,True,False,Net expectancy -2.412% < 1.000% after 2.0 bps cost,-0.0041194637,-0.024119463,0.4997921985394526,-0.09974965,16843.0
ret_30m_turned_positive_bin == True AND ret_15m_bin == 4.0,double,SHORT,fwd_ret_30m,9.44487634093996,0.0,0.02192555,0.5042895757433306,0.48993513,0.45418373,1.0973848,0.49007320020715656,93599,0.02192555,0.710215,,,ret_30m_turned_positive_bin,True,ret_15m_bin,4.0,0.027016151200859657,bull_high_vol,True,True,"(False, 'PASS')",False,PASS,0.008579151486661107,True,True,True,True,False,Net expectancy -3.205% < 1.000% after 2.0 bps cost,-0.012054618,-0.032054618,0.4947448260916676,-0.2872159,18458.0
ret_60m_turned_positive_bin == True AND ret_15m_bin == 4.0,double,SHORT,fwd_ret_30m,9.143075568726173,0.0,0.022445688,0.5061497835085883,0.49520814,0.46209112,1.0983582,0.5005843259801004,84068,0.022445688,0.7117967,,,ret_60m_turned_positive_bin,True,ret_15m_bin,4.0,0.02681234934718234,bull_high_vol,True,True,"(False, 'PASS')",False,PASS,0.012299567017176605,True,True,True,True,False,Net expectancy -3.192% < 1.000% after 2.0 bps cost,-0.011917161,-0.031917162,0.4980462879470995,-0.27597857,16635.0
vwap_cross_up_bin == True AND price_vs_vwap_pct_bin == 4,double,SHORT,fwd_ret_30m,9.573355931922839,0.0,0.02037806,0.5043804877104329,0.47679594,0.44410783,1.0925819,0.47284240876867634,103299,0.02037806,0.6841427,,,vwap_cross_up_bin,True,price_vs_vwap_pct_bin,4,0.026425618559627374,bull_high_vol,True,True,"(False, 'PASS')",False,PASS,0.008760975420865735,True,True,True,True,False,Net expectancy -2.609% < 1.000% after 2.0 bps cost,-0.0060877646,-0.026087765,0.49719234795850387,-0.15869829,21014.0
price_vs_vwap_pct_bin == 4,single,SHORT,fwd_ret_30m,9.573355931922839,0.0,0.02037806,0.5043804877104329,0.47679594,0.44410783,1.0925819,0.47284240876867634,103299,0.02037806,0.6841427,price_vs_vwap_pct_bin,4,,,,,0.026425618559627374,bull_high_vol,False,False,"(False, 'PASS')",False,PASS,0.008760975420865735,True,True,True,False,,,,,,,
price_up_vol_weak_bin == True AND ret_60m_bin == 4.0,double,SHORT,fwd_ret_30m,8.159851871727973,2.220446049250313e-16,0.020691665,0.5058203868454831,0.3991624,0.36669424,1.1141844,0.6093693608881522,45186,0.020691665,0.5390327,,,price_up_vol_weak_bin,True,ret_60m_bin,4.0,0.026307487311274424,bull_high_vol,True,True,"(False, 'PASS')",False,PASS,0.011640773690966277,True,True,True,True,False,Net expectancy -0.467% < 1.000% after 2.0 bps cost,0.01533491,-0.00466509,0.5004887585532747,0.44841146,10230.0
ret_5m_turned_positive_bin == True AND ret_60m_bin == 4.0,double,SHORT,fwd_ret_30m,8.650232697109615,0.0,0.021625603,0.5039963527048398,0.467649,0.4315851,1.1010222,0.5183147080630267,70189,0.021625603,0.6623308,,,ret_5m_turned_positive_bin,True,ret_60m_bin,4.0,0.026153810602731996,bull_high_vol,True,True,"(False, 'PASS')",False,PASS,0.007992705409679557,True,True,True,True,False,Net expectancy -0.196% < 1.000% after 2.0 bps cost,0.018037245,-0.0019627549,0.5122311261071278,0.4343316,14226.0
ret_60m_bin == 4.0 AND price_vs_vwap_pct_bin == 4,double,SHORT,fwd_ret_30m,8.209981638598547,2.220446049250313e-16,0.02335908,0.5102725861952635,0.49963248,0.47289506,1.100864,0.5352709848505223,59284,0.02335908,0.6927592,,,ret_60m_bin,4.0,price_vs_vwap_pct_bin,4,0.025954004930129577,bull_high_vol,False,False,"(False, 'PASS')",False,PASS,0.020545172390527,True,True,True,False,,,,,,,
ret_15m_turned_positive_bin == True AND price_vs_vwap_pct_bin == 4,double,SHORT,fwd_ret_30m,9.219235884556584,0.0,0.020227224,0.5039465140816493,0.47886345,0.44570667,1.0914868,0.466151661169562,98568,0.020227224,0.68882567,,,ret_15m_turned_positive_bin,True,price_vs_vwap_pct_bin,4,0.02506645197433407,bull_high_vol,True,True,"(False, 'PASS')",False,PASS,0.00789302816329851,True,True,True,True,False,Net expectancy -2.627% < 1.000% after 2.0 bps cost,-0.0062688347,-0.026268834,0.49698199089649714,-0.16261296,20212.0
ret_30m_turned_positive_bin == True AND ret_60m_bin == 4.0,double,SHORT,fwd_ret_30m,9.054165834488906,0.0,0.019256769,0.5036557657725564,0.4581788,0.42613092,1.0910453,0.47164801574714704,92867,0.019256769,0.6481353,,,ret_30m_turned_positive_bin,True,ret_60m_bin,4.0,0.024893532195659894,bull_high_vol,True,True,"(False, 'PASS')",False,PASS,0.0073115315451128815,True,True,True,True,False,Net expectancy -0.378% < 1.000% after 2.0 bps cost,0.016215164,-0.0037848353,0.5053260167850226,0.40024891,18588.0
ret_60m_turned_positive_bin == True AND ret_60m_bin == 4.0,double,SHORT,fwd_ret_30m,9.26531094296133,0.0,0.01836209,0.5024221520336388,0.45101184,0.4184998,1.0881792,0.4578159841705196,103214,0.01836209,0.63669497,,,ret_60m_turned_positive_bin,True,ret_60m_bin,4.0,0.024666412344158974,bull_high_vol,True,True,"(False, 'PASS')",False,PASS,0.004844304067277649,True,True,True,True,False,Net expectancy -0.062% < 1.000% after 2.0 bps cost,0.019376395,-0.0006236043,0.5107339230217547,0.48587397,20915.0
ret_60m_bin == 4.0,single,SHORT,fwd_ret_30m,9.26531094296133,0.0,0.01836209,0.5024221520336388,0.45101184,0.4184998,1.0881792,0.4578159841705196,103214,0.01836209,0.63669497,ret_60m_bin,4.0,,,,,0.024666412344158974,bull_high_vol,False,False,"(False, 'PASS')",False,PASS,0.004844304067277649,True,True,True,False,,,,,,,
ret_15m_bin == 4.0 AND ret_30m_bin == 4.0,double,SHORT,fwd_ret_30m,8.201823998489928,2.220446049250313e-16,0.023269767,0.5055664803431243,0.5118438,0.47630534,1.0988095,0.512332157405504,64583,0.023269767,0.721009,,,ret_15m_bin,4.0,ret_30m_bin,4.0,0.02458819173824207,bull_high_vol,False,False,"(False, 'PASS')",False,PASS,0.011132960686248694,True,True,True,False,,,,,,,
ret_5m_bin == 4.0 AND ret_60m_bin == 4.0,double,SHORT,fwd_ret_30m,8.149349849143526,4.440892098500626e-16,0.03069321,0.5098105024009913,0.53265,0.49135563,1.1274331,0.6573203051252103,38734,0.03069321,0.7412514,,,ret_5m_bin,4.0,ret_60m_bin,4.0,0.024485974330203976,bull_high_vol,False,False,"(False, 'PASS')",False,PASS,0.026553111416095565,True,True,True,False,,,,,,,
vwap_cross_up_bin == True AND ret_60m_bin == 4.0,double,SHORT,fwd_ret_30m,8.875397974124228,0.0,0.019116988,0.5032113749114103,0.45838925,0.42583445,1.0903664,0.46885073983944453,90304,0.019116988,0.6472695,,,vwap_cross_up_bin,True,ret_60m_bin,4.0,0.024235899827209667,bull_high_vol,True,True,"(False, 'PASS')",False,PASS,0.00642274982282065,True,True,True,True,False,Net expectancy -0.450% < 1.000% after 2.0 bps cost,0.015504469,-0.0044955304,0.5075861313468807,0.3793396,18257.0
ret_30m_bin == 4.0 AND ret_60m_bin == 4.0,double,SHORT,fwd_ret_30m,8.116511635688084,4.440892098500626e-16,0.021503642,0.5074792243767313,0.4917207,0.4629945,1.0943,0.4985746682066375,66785,0.021503642,0.6846712,,,ret_30m_bin,4.0,ret_60m_bin,4.0,0.023768629961236694,bull_high_vol,False,False,"(False, 'PASS')",False,PASS,0.014958448753462639,True,True,True,False,,,,,,,
atr_14_bin == 3 AND is_power_hour_bin == True,double,SHORT,fwd_ret_30m,10.415923818808551,0.0,0.12073249,0.5199686151431934,0.9326079,0.7586887,1.3315057,1.4646307555410538,12745,0.12073249,1.308568,,,atr_14_bin,3,is_power_hour_bin,True,0.023402333722660255,bull_high_vol,False,False,"(True, 'Expectancy too high (12.073% > 10.000%)')",True,Expectancy too high (12.073% > 10.000%),0.9472621672723562,False,True,True,False,,,,,,,
ret_5m_turned_positive_bin == True AND ret_5m_bin == 4.0,double,SHORT,fwd_ret_30m,9.009282802097134,0.0,0.020520227,0.5011570824094426,0.4902759,0.45141464,1.0911261,0.4450293791341999,103277,0.020520227,0.7319708,,,ret_5m_turned_positive_bin,True,ret_5m_bin,4.0,0.023256214895523965,bull_high_vol,True,True,"(False, 'PASS')",False,PASS,0.002314164818885134,True,True,True,True,False,Net expectancy -2.509% < 1.000% after 2.0 bps cost,-0.0050860313,-0.02508603,0.49985207100591716,-0.12580246,20280.0
ret_5m_bin == 4.0,single,SHORT,fwd_ret_30m,9.009282802097134,0.0,0.020520227,0.5011570824094426,0.4902759,0.45141464,1.0911261,0.4450293791341999,103277,0.020520227,0.7319708,ret_5m_bin,4.0,,,,,0.023256214895523965,bull_high_vol,False,False,"(False, 'PASS')",False,PASS,0.002314164818885134,True,True,True,False,,,,,,,
vwap_cross_up_bin == True AND ret_30m_bin == 4.0,double,SHORT,fwd_ret_30m,8.894724772622297,0.0,0.01877293,0.4999502636029046,0.47012737,0.43249172,1.0868043,0.4453330779687824,100530,0.01877293,0.66918683,,,vwap_cross_up_bin,True,ret_30m_bin,4.0,0.022920839915994914,bull_high_vol,True,True,"(False, 'PASS')",False,PASS,0.0,True,True,True,True,False,Net expectancy -2.397% < 1.000% after 2.0 bps cost,-0.00396515,-0.02396515,0.506429521604178,-0.095948085,20297.0
ret_15m_turned_positive_bin == True AND ret_30m_bin == 4.0,double,SHORT,fwd_ret_30m,8.677100022939847,0.0,0.019460667,0.5001680490052584,0.47713685,0.43852326,1.0887853,0.45355189995913336,92235,0.019460667,0.68113154,,,ret_15m_turned_positive_bin,True,ret_30m_bin,4.0,0.022782626853989598,bull_high_vol,True,True,"(False, 'PASS')",False,PASS,0.0003360980105167055,True,True,True,True,False,Net expectancy -2.532% < 1.000% after 2.0 bps cost,-0.00532256,-0.02532256,0.5056120006383318,-0.12652704,18799.0
ret_30m_bin == 4.0,single,SHORT,fwd_ret_30m,8.86490569605776,0.0,0.018492438,0.49952538695492144,0.47108105,0.43323776,1.0852877,0.43797183336129564,103242,0.018492438,0.67026764,ret_30m_bin,4.0,,,,,0.022447300665470196,bull_high_vol,False,False,"(False, 'PASS')",False,PASS,0.0,True,True,True,False,,,,,,,
ret_30m_turned_positive_bin == True AND ret_30m_bin == 4.0,double,SHORT,fwd_ret_30m,8.86490569605776,0.0,0.018492438,0.49952538695492144,0.47108105,0.43323776,1.0852877,0.43797183336129564,103242,0.018492438,0.67026764,,,ret_30m_turned_positive_bin,True,ret_30m_bin,4.0,0.022447300665470196,bull_high_vol,True,True,"(False, 'PASS')",False,PASS,0.0,True,True,True,True,False,Net expectancy -2.335% < 1.000% after 2.0 bps cost,-0.0033456357,-0.023345634,0.5060177161563644,-0.08119376,20772.0
ret_60m_turned_positive_bin == True AND atr_14_bin == 3,double,SHORT,fwd_ret_30m,7.692740833280982,1.4654943925052066e-14,0.021044085,0.4934630323207102,0.44440538,0.39139006,1.1061474,0.5085092363342182,57672,0.021044085,0.6569487,,,ret_60m_turned_positive_bin,True,atr_14_bin,3,0.02234193725085909,bull_high_vol,True,True,"(False, 'PASS')",False,PASS,0.0,True,True,True,True,False,Net expectancy -1.023% < 1.000% after 2.0 bps cost,0.009770133,-0.010229867,0.5035315154224408,0.25806904,11185.0
ret_15m_turned_positive_bin == True AND ret_60m_bin == 4.0,double,SHORT,fwd_ret_30m,8.09350487751909,6.661338147750939e-16,0.018403767,0.5029406139428134,0.4638325,0.4322953,1.0856482,0.4442100339189061,83656,0.018403767,0.65768605,,,ret_15m_turned_positive_bin,True,ret_60m_bin,4.0,0.020928011349580937,bull_high_vol,True,True,"(False, 'PASS')",False,PASS,0.0058812278856268385,True,True,True,True,False,Net expectancy -0.612% < 1.000% after 2.0 bps cost,0.013877775,-0.006122225,0.5086614173228347,0.3338578,17145.0
ret_30m_turned_positive_bin == True AND price_vs_vwap_pct_bin == 4,double,SHORT,fwd_ret_30m,8.353336158414828,0.0,0.01781391,0.502845560924957,0.47320548,0.4427907,1.0809225,0.4190074363662411,100156,0.01781391,0.67489743,,,ret_30m_turned_positive_bin,True,price_vs_vwap_pct_bin,4,0.02037054121043753,bull_high_vol,True,True,"(False, 'PASS')",False,PASS,0.005691121849914049,True,True,True,True,False,Net expectancy -2.613% < 1.000% after 2.0 bps cost,-0.0061315047,-0.026131503,0.4963654223968566,-0.16021688,20360.0
ret_30m_bin == 4.0 AND session_range_pct_bin == 1,double,SHORT,fwd_ret_30m,9.987836637211984,0.0,0.074261434,0.5225047165573623,0.5485267,0.44470882,1.3497185,1.5028118286136922,11131,0.074261434,0.78443867,,,ret_30m_bin,4.0,session_range_pct_bin,1,0.02020769070844865,bull_high_vol,False,False,"(False, 'PASS')",False,PASS,0.4890296911839685,True,True,True,False,,,,,,,
ret_60m_turned_positive_bin == True AND ret_30m_bin == 4.0,double,SHORT,fwd_ret_30m,8.195308625530267,2.220446049250313e-16,0.018019646,0.5012262578432726,0.47267053,0.4388668,1.0823208,0.4239020113039251,94189,0.018019646,0.6748093,,,ret_60m_turned_positive_bin,True,ret_30m_bin,4.0,0.02015351775617451,bull_high_vol,True,True,"(False, 'PASS')",False,PASS,0.0024525156865451425,True,True,True,True,False,Net expectancy -2.385% < 1.000% after 2.0 bps cost,-0.0038491108,-0.023849111,0.5047953964194374,-0.09142075,18768.0
session_range_pct_bin == 1 AND atr_14_bin == 4,double,SHORT,fwd_ret_30m,8.71305235945864,0.0,0.04872243,0.5145315286958346,0.5464197,0.47876996,1.209624,1.0018123007024062,19062,0.04872243,0.77204543,,,session_range_pct_bin,1,atr_14_bin,4,0.01981770658376548,bull_high_vol,False,False,"(False, 'PASS')",False,PASS,0.21628736802818965,True,True,False,False,,,,,,,
ret_15m_bin == 4.0 AND session_range_pct_bin == 1,double,SHORT,fwd_ret_30m,9.261603326262167,0.0,0.059573025,0.5076284796573876,0.54931176,0.4453411,1.2716839,1.2026880713061678,14944,0.059573025,0.7863156,,,ret_15m_bin,4.0,session_range_pct_bin,1,0.019559973916405307,bull_high_vol,False,False,"(False, 'PASS')",False,PASS,0.3109872044281479,True,True,False,False,,,,,,,
ret_30m_bin == 4.0 AND price_vs_vwap_pct_bin == 4,double,SHORT,fwd_ret_30m,7.660185315715059,1.865174681370263e-14,0.018866334,0.5033346308550668,0.48639706,0.4549424,1.0834963,0.43802295742759817,77070,0.018866334,0.6837399,,,ret_30m_bin,4.0,price_vs_vwap_pct_bin,4,0.01954695976381917,bull_high_vol,False,False,"(False, 'PASS')",False,PASS,0.0066692617101336005,True,True,False,False,,,,,,,
session_range_pct_bin == 0 AND atr_14_bin == 4,double,SHORT,fwd_ret_30m,8.397787114444009,0.0,0.062163662,0.4961782852933051,0.6426431,0.5095094,1.2421628,0.9045971535349642,21718,0.062163662,1.0908917,,,session_range_pct_bin,0,atr_14_bin,4,0.018949332386409303,bull_high_vol,False,False,"(False, 'PASS')",False,PASS,0.32163662165403367,True,True,False,False,,,,,,,
ret_5m_bin == 4.0 AND rel_strength_60m_bin == 4.0,double,SHORT,fwd_ret_30m,7.356682768013527,1.9273471707492718e-13,0.02875578,0.510629079775865,0.52176654,0.48567128,1.1209886,0.6276336331626103,34622,0.02875578,0.7273094,,,ret_5m_bin,4.0,rel_strength_60m_bin,4.0,0.018895665234841173,bull_high_vol,False,False,"(False, 'PASS')",False,PASS,0.02125815955173005,True,True,False,False,,,,,,,
ret_60m_turned_positive_bin == True AND price_vs_vwap_pct_bin == 4,double,SHORT,fwd_ret_30m,7.802428024982725,6.217248937900877e-15,0.017632283,0.5043454007921013,0.47651708,0.4492986,1.0791762,0.4137054360326159,89635,0.017632283,0.67657757,,,ret_60m_turned_positive_bin,True,price_vs_vwap_pct_bin,4,0.018842361032905718,bull_high_vol,True,True,"(False, 'PASS')",False,PASS,0.008690801584202656,True,True,False,False,,,,,,,
ret_30m_turned_positive_bin == True AND session_range_pct_bin == 1,double,SHORT,fwd_ret_30m,6.748389938258317,1.5107248785284355e-11,0.019227397,0.48977491212056473,0.40891966,0.35484576,1.1061985,0.4721008289058265,51491,0.019227397,0.646526,,,ret_30m_turned_positive_bin,True,session_range_pct_bin,1,0.018059999130714356,bull_high_vol,True,True,"(False, 'PASS')",False,PASS,0.0,True,True,False,False,,,,,,,
ret_30m_turned_positive_bin == True AND atr_14_bin == 3,double,SHORT,fwd_ret_30m,6.931427838985795,4.208411397144118e-12,0.018415213,0.49465474349492367,0.43984,0.39409435,1.0924674,0.4511216587738214,59492,0.018415213,0.6480124,,,ret_30m_turned_positive_bin,True,atr_14_bin,3,0.01790213469401191,bull_high_vol,True,True,"(False, 'PASS')",False,PASS,0.0,True,True,False,False,,,,,,,
ret_5m_bin == 4.0 AND session_range_pct_bin == 1,double,SHORT,fwd_ret_30m,8.522943473631669,0.0,0.05048989,0.49947148817802506,0.5346542,0.43265197,1.2331507,1.0091493286469075,17975,0.05048989,0.79423547,,,ret_5m_bin,4.0,session_range_pct_bin,1,0.017874787930911858,bull_high_vol,False,False,"(False, 'PASS')",False,PASS,0.20489891320466996,True,True,False,False,,,,,,,
session_range_pct_bin == 1 AND price_vs_vwap_pct_bin == 4,double,SHORT,fwd_ret_30m,8.955211235976853,0.0,0.060181987,0.5159639474488237,0.53631157,0.44735393,1.2779315,1.2424333220002077,13092,0.060181987,0.7689422,,,session_range_pct_bin,1,price_vs_vwap_pct_bin,4,0.017397647677972614,bull_high_vol,False,False,"(False, 'PASS')",False,PASS,0.3337477603032069,True,True,False,False,,,,,,,
ret_60m_turned_positive_bin == True AND session_range_pct_bin == 1,double,SHORT,fwd_ret_30m,6.664515875061178,2.6861846080805662e-11,0.0205925,0.48898195010525375,0.41941586,0.36103284,1.1116159,0.5006551722859771,44654,0.0205925,0.65293604,,,ret_60m_turned_positive_bin,True,session_range_pct_bin,1,0.01686462790351649,bull_high_vol,True,True,"(False, 'PASS')",False,PASS,0.0,True,True,False,False,,,,,,,
ret_15m_bin == 4.0 AND rel_strength_60m_bin == 3.0,double,SHORT,fwd_ret_30m,7.681931316097327,1.6209256159527285e-14,0.03579647,0.5098102283692506,0.46805087,0.4137594,1.1764934,0.8266302616832847,21763,0.03579647,0.6874311,,,ret_15m_bin,4.0,rel_strength_60m_bin,3.0,0.016308922902680472,bull_high_vol,False,False,"(False, 'PASS')",False,PASS,0.0775851661396319,True,True,False,False,,,,,,,
is_power_hour_bin == True,single,SHORT,fwd_ret_30m,7.042130227696216,1.9095836023552692e-12,0.028930215,0.4827688211802988,0.71022564,0.6069715,1.0921507,0.40992320132063154,74371,0.028930215,1.1203389,is_power_hour_bin,True,,,,,0.016129912945132493,bull_high_vol,False,False,"(False, 'PASS')",False,PASS,0.0,True,True,False,False,,,,,,,
session_range_pct_bin == 1 AND is_power_hour_bin == True,double,SHORT,fwd_ret_30m,8.577124002238097,0.0,0.08550032,0.48685790527018014,0.7843528,0.57755554,1.2884936,1.1120930324119889,14990,0.08550032,1.2204694,,,session_range_pct_bin,1,is_power_hour_bin,True,0.016113983731431268,bull_high_vol,False,False,"(False, 'PASS')",False,PASS,0.555003222823143,True,True,False,False,,,,,,,
ret_5m_turned_positive_bin == True AND session_range_pct_bin == 0,double,SHORT,fwd_ret_30m,6.595431906215238,4.2946979306179855e-11,0.025501553,0.48395680479487446,0.4532363,0.37563756,1.1315564,0.5321611395357151,38708,0.025501553,0.7607181,,,ret_5m_turned_positive_bin,True,session_range_pct_bin,0,0.015219836418207205,bull_high_vol,True,True,"(False, 'PASS')",False,PASS,0.0,True,True,False,False,,,,,,,
ret_15m_bin == 4.0 AND rel_strength_60m_bin == 4.0,double,SHORT,fwd_ret_30m,6.117313214151655,9.5949981293586e-10,0.020843076,0.510575296108291,0.5128014,0.49237537,1.0864928,0.45820566842141663,44916,0.020843076,0.7221071,,,ret_15m_bin,4.0,rel_strength_60m_bin,4.0,0.01487984129787625,bull_high_vol,False,False,"(False, 'PASS')",False,PASS,0.021150592216581998,True,True,False,False,,,,,,,
ret_5m_turned_positive_bin == True AND ret_60m_turned_positive_bin == True,double,SHORT,fwd_ret_30m,8.334209731476689,0.0,0.012234686,0.49369666729221634,0.41012722,0.3757505,1.0643107,0.31082557082111884,181174,0.012234686,0.6248508,,,ret_5m_turned_positive_bin,True,ret_60m_turned_positive_bin,True,0.014802246025480198,bull_high_vol,True,True,"(False, 'PASS')",False,PASS,0.0,True,True,False,False,,,,,,,
ret_30m_bin == 4.0 AND atr_14_bin == 3,double,SHORT,fwd_ret_30m,7.0399371001820565,1.971756091734278e-12,0.028265433,0.5059402845083633,0.4561876,0.40994692,1.139556,0.6986358837042673,25588,0.028265433,0.6422514,,,ret_30m_bin,4.0,atr_14_bin,3,0.014739118925726083,bull_high_vol,False,False,"(False, 'PASS')",False,PASS,0.011880569016726517,True,True,False,False,,,,,,,
ret_60m_bin == 3.0 AND rel_strength_60m_bin == 2.0,double,SHORT,fwd_ret_30m,7.109420195550459,1.1959322421262186e-12,0.028275771,0.49119793902962644,0.40442225,0.33485636,1.1659614,0.7051043051874021,25619,0.028275771,0.63659227,,,ret_60m_bin,3.0,rel_strength_60m_bin,2.0,0.01460234189698882,bull_high_vol,False,False,"(False, 'PASS')",False,PASS,0.0,True,True,False,False,,,,,,,
ret_15m_bin == 4.0 AND atr_14_bin == 2,double,SHORT,fwd_ret_30m,7.514695597447097,5.972999872483342e-14,0.04059829,0.5093932686304558,0.46272552,0.39769322,1.2080779,0.8987130070952868,17619,0.04059829,0.71711195,,,ret_15m_bin,4.0,atr_14_bin,2,0.014030822507671724,bull_high_vol,False,False,"(False, 'PASS')",False,PASS,0.1247694190453506,True,True,False,False,,,,,,,
ret_5m_bin == 4.0 AND rel_strength_60m_bin == 3.0,double,SHORT,fwd_ret_30m,7.215356289030132,5.566658245470535e-13,0.034413803,0.5107406687402799,0.46328083,0.41328296,1.1701947,0.7985048696217291,20576,0.034413803,0.68415636,,,ret_5m_bin,4.0,rel_strength_60m_bin,3.0,0.014015641983583812,bull_high_vol,False,False,"(False, 'PASS')",False,PASS,0.0656193711686282,True,True,False,False,,,,,,,
price_up_vol_weak_bin == True AND ret_30m_bin == 4.0,double,SHORT,fwd_ret_30m,6.134408526192946,8.627154546303473e-10,0.017536912,0.5040517027094208,0.42000028,0.3915024,1.0903196,0.4855097341731485,40230,0.017536912,0.57339704,,,price_up_vol_weak_bin,True,ret_30m_bin,4.0,0.013980155704149105,bull_high_vol,True,True,"(False, 'PASS')",False,PASS,0.00810340541884158,True,True,False,False,,,,,,,
vwap_cross_up_bin == True AND session_range_pct_bin == 1,double,SHORT,fwd_ret_30m,6.173264923009535,6.731839530260686e-10,0.015994336,0.48657334548165326,0.40084302,0.34872591,1.0893314,0.3988619226398655,60365,0.015994336,0.6365667,,,vwap_cross_up_bin,True,session_range_pct_bin,1,0.013866666330394082,bull_high_vol,True,True,"(False, 'PASS')",False,PASS,0.0,True,True,False,False,,,,,,,
rel_strength_60m_bin == 4.0 AND price_vs_vwap_pct_bin == 4,double,SHORT,fwd_ret_30m,5.69426747893589,1.246008163313661e-08,0.017742967,0.5084759428352583,0.49771503,0.4787826,1.0753951,0.40583466573945814,49611,0.017742967,0.6940286,,,rel_strength_60m_bin,4.0,price_vs_vwap_pct_bin,4,0.013494340025700676,bull_high_vol,False,False,"(False, 'PASS')",False,PASS,0.016951885670516642,True,True,False,False,,,,,,,
ret_60m_bin == 4.0 AND atr_14_bin == 4,double,SHORT,fwd_ret_30m,6.055536168607345,1.4124603708864925e-09,0.022546872,0.510160539120027,0.5364621,0.5126883,1.0897799,0.49034384137480663,38433,0.022546872,0.7299378,,,ret_60m_bin,4.0,atr_14_bin,4,0.013476612140612493,bull_high_vol,False,False,"(False, 'PASS')",False,PASS,0.020321078240054025,True,True,False,False,,,,,,,
ret_60m_bin == 3.0 AND is_power_hour_bin == True,double,SHORT,fwd_ret_30m,7.478263323595053,7.904787935331115e-14,0.06447687,0.49196682327011193,0.77007943,0.61881125,1.2050943,0.9041069065602413,17241,0.06447687,1.132099,,,ret_60m_bin,3.0,is_power_hour_bin,True,0.013275016256508745,bull_high_vol,False,False,"(False, 'PASS')",False,PASS,0.344768700003624,True,True,False,False,,,,,,,
rel_strength_60m_bin == 3.0 AND price_vs_vwap_pct_bin == 4,double,SHORT,fwd_ret_30m,6.894266667519829,5.5637716656065095e-12,0.030438017,0.5062615955473099,0.44791648,0.39762938,1.1550391,0.7453563612582061,21560,0.030438017,0.6482651,,,rel_strength_60m_bin,3.0,price_vs_vwap_pct_bin,4,0.012983507503791103,bull_high_vol,False,False,"(False, 'PASS')",False,PASS,0.016903362095577246,True,True,False,False,,,,,,,
ret_5m_bin == 4.0 AND atr_14_bin == 4,double,SHORT,fwd_ret_30m,6.025340958165103,1.7039538668939258e-09,0.025651049,0.5110423289275556,0.56499517,0.5380536,1.0975007,0.5050851953406773,35862,0.025651049,0.8061962,,,ret_5m_bin,4.0,atr_14_bin,4,0.01291082217723095,bull_high_vol,False,False,"(False, 'PASS')",False,PASS,0.022084657855111267,True,True,False,False,,,,,,,
rvol_bin == 4 AND price_vs_vwap_pct_bin == 4,double,SHORT,fwd_ret_30m,6.612137106767698,3.86495280224608e-11,0.034419063,0.5091157886263935,0.5651318,0.5160045,1.1358833,0.6658940682907466,24847,0.034419063,0.82052946,,,rvol_bin,4,price_vs_vwap_pct_bin,4,0.012892993844500029,bull_high_vol,False,False,"(False, 'PASS')",False,PASS,0.062422212039869696,True,True,False,False,,,,,,,
ret_5m_turned_positive_bin == True AND session_range_pct_bin == 1,double,SHORT,fwd_ret_30m,5.909919503274166,3.4419571637300805e-09,0.016015116,0.48197564323065967,0.41129977,0.35176215,1.0878882,0.39103683579519666,57561,0.016015116,0.6501487,,,ret_5m_turned_positive_bin,True,session_range_pct_bin,1,0.012891711698817442,bull_high_vol,True,True,"(False, 'PASS')",False,PASS,0.0,True,True,False,False,,,,,,,
session_range_pct_bin == 0,single,SHORT,fwd_ret_30m,6.772747751543362,1.2703171847761041e-11,0.016436378,0.4778163935061038,0.45350248,0.3834945,1.0820774,0.3345194022620704,103297,0.016436378,0.77998286,session_range_pct_bin,0,,,,,0.012529493534557224,bull_high_vol,False,False,"(False, 'PASS')",False,PASS,0.0,True,True,False,False,,,,,,,
atr_14_bin == 2 AND is_power_hour_bin == True,double,SHORT,fwd_ret_30m,7.091720525580927,1.3731238368563936e-12,0.059608843,0.4990664470071389,0.75923425,0.63740885,1.1866864,0.8342513253599445,18210,0.059608843,1.1342638,,,atr_14_bin,2,is_power_hour_bin,True,0.012446094357805125,bull_high_vol,False,False,"(False, 'PASS')",False,PASS,0.2960884317755699,True,True,False,False,,,,,,,
price_vs_vwap_pct_bin == 3 AND is_power_hour_bin == True,double,SHORT,fwd_ret_30m,7.009030402889512,2.4784618801731995e-12,0.054318916,0.4947677715346152,0.7218584,0.5993944,1.1793689,0.7988560851564551,19399,0.054318916,1.079401,,,price_vs_vwap_pct_bin,3,is_power_hour_bin,True,0.012440089082271788,bull_high_vol,False,False,"(False, 'PASS')",False,PASS,0.2431891605257988,True,True,False,False,,,,,,,
ret_5m_turned_positive_bin == True AND ret_30m_turned_positive_bin == True,double,SHORT,fwd_ret_30m,7.723010450488679,1.1546319456101628e-14,0.010851459,0.49149003190602963,0.40820774,0.37320518,1.0571797,0.276339800849748,196828,0.010851459,0.6233686,,,ret_5m_turned_positive_bin,True,ret_30m_turned_positive_bin,True,0.012140345165763042,bull_high_vol,True,True,"(False, 'PASS')",False,PASS,0.0,True,True,False,False,,,,,,,
ret_15m_turned_positive_bin == True AND session_range_pct_bin == 1,double,SHORT,fwd_ret_30m,5.734312997582558,9.838397208028482e-09,0.014594869,0.48668674087356634,0.39924788,0.3501055,1.0812116,0.37440055012714935,59114,0.014594869,0.6188195,,,ret_15m_turned_positive_bin,True,session_range_pct_bin,1,0.01209354555345644,bull_high_vol,True,True,"(False, 'PASS')",False,PASS,0.0,True,True,False,False,,,,,,,
ret_60m_bin == 0.0 AND atr_14_bin == 4,double,SHORT,fwd_ret_30m,6.250083895646415,4.1595704658448085e-10,0.038133204,0.4902238986746029,0.6254089,0.52661777,1.1420459,0.5836597214101225,28897,0.038133204,1.0371554,,,ret_60m_bin,0.0,atr_14_bin,4,0.011962144963871274,bull_high_vol,False,False,"(False, 'PASS')",False,PASS,0.08133203983306886,True,True,False,False,,,,,,,
session_range_pct_bin == 0 AND atr_14_bin == 2,double,SHORT,fwd_ret_30m,6.689969952057619,2.2875035199376725e-11,0.03058892,0.4936696989590172,0.42927527,0.35812843,1.1686908,0.7272265668631835,21326,0.03058892,0.66772044,,,session_range_pct_bin,0,atr_14_bin,2,0.011856487086924033,bull_high_vol,False,False,"(False, 'PASS')",False,PASS,0.00588919296860696,True,True,False,False,,,,,,,
price_up_vol_weak_bin == True AND ret_15m_bin == 4.0,double,SHORT,fwd_ret_30m,5.817660579965596,6.02012839578947e-09,0.018817728,0.507725631768953,0.43806532,0.41358903,1.0924252,0.49631083896184064,34625,0.018817728,0.60188526,,,price_up_vol_weak_bin,True,ret_15m_bin,4.0,0.011749983679843335,bull_high_vol,True,True,"(False, 'PASS')",False,PASS,0.015451263537906046,True,True,False,False,,,,,,,
ret_5m_turned_positive_bin == True AND rel_strength_60m_bin == 3.0,double,SHORT,fwd_ret_30m,5.744545401572064,9.257317579169921e-09,0.013127188,0.49387575223390673,0.37192413,0.33698663,1.0769666,0.35549197860183407,65804,0.013127188,0.5861951,,,ret_5m_turned_positive_bin,True,rel_strength_60m_bin,3.0,0.011673186751285406,bull_high_vol,True,True,"(False, 'PASS')",False,PASS,0.0,True,True,False,False,,,,,,,
ret_60m_bin == 4.0 AND rel_strength_60m_bin == 3.0,double,SHORT,fwd_ret_30m,6.715150690703854,1.929878479245417e-11,0.029394135,0.49419577229178285,0.43548638,0.36737812,1.1581848,0.7589715664738178,19727,0.029394135,0.61480224,,,ret_60m_bin,4.0,rel_strength_60m_bin,3.0,0.011501582331056897,bull_high_vol,False,False,"(False, 'PASS')",False,PASS,0.0,True,True,False,False,,,,,,,
ret_60m_turned_positive_bin == True AND price_vs_vwap_pct_bin == 3,double,SHORT,fwd_ret_30m,5.764979210889493,8.19987344691242e-09,0.012587576,0.4911950902606917,0.37332547,0.3356651,1.0737029,0.34024420365067526,72346,0.012587576,0.5872887,,,ret_60m_turned_positive_bin,True,price_vs_vwap_pct_bin,3,0.011151383601673578,bull_high_vol,True,True,"(False, 'PASS')",False,PASS,0.0,True,True,False,False,,,,,,,
atr_14_bin == 4 AND price_vs_vwap_pct_bin == 4,double,SHORT,fwd_ret_30m,5.337869665873696,9.452725935332751e-08,0.019293834,0.5089361501461851,0.53695625,0.517209,1.075965,0.41145645021250604,42412,0.019293834,0.7443804,,,atr_14_bin,4,price_vs_vwap_pct_bin,4,0.010973878477280027,bull_high_vol,False,False,"(False, 'PASS')",False,PASS,0.01787230029237019,True,True,False,False,,,,,,,
session_range_pct_bin == 0 AND rvol_bin == 3,double,SHORT,fwd_ret_30m,6.4643855171614,1.0384915150041252e-10,0.048893232,0.48071054429514914,0.5543994,0.419058,1.2246803,0.6925653961044752,21955,0.048893232,1.120697,,,session_range_pct_bin,0,rvol_bin,3,0.010937583459597207,bull_high_vol,False,False,"(False, 'PASS')",False,PASS,0.1889323189854622,True,True,False,False,,,,,,,
ret_60m_bin == 4.0 AND rel_strength_60m_bin == 4.0,double,SHORT,fwd_ret_30m,5.650635300933432,1.6044918060842406e-08,0.013649118,0.5023616872715324,0.46045706,0.43739974,1.0627065,0.3319053036769498,73041,0.013649118,0.6528158,,,ret_60m_bin,4.0,rel_strength_60m_bin,4.0,0.010904712964666762,bull_high_vol,False,False,"(False, 'PASS')",False,PASS,0.004723374543064818,True,True,False,False,,,,,,,
vwap_cross_up_bin == True AND ret_60m_turned_positive_bin == True,double,SHORT,fwd_ret_30m,7.524522998178401,5.306866057708248e-14,0.009725635,0.49286725954473004,0.40339956,0.37287438,1.051432,0.2516906678853136,225229,0.009725635,0.6134104,,,vwap_cross_up_bin,True,ret_60m_turned_positive_bin,True,0.010803446216744186,bull_high_vol,True,True,"(False, 'PASS')",False,PASS,0.0,True,True,False,False,,,,,,,
vwap_cross_up_bin == True AND atr_14_bin == 3,double,SHORT,fwd_ret_30m,5.448620838094106,5.095042077130074e-08,0.013918787,0.4938378753688596,0.43554512,0.39744157,1.0691893,0.34359083411467306,63371,0.013918787,0.6430727,,,vwap_cross_up_bin,True,atr_14_bin,3,0.01070037036219971,bull_high_vol,True,True,"(False, 'PASS')",False,PASS,0.0,True,True,False,False,,,,,,,
ret_15m_bin == 3.0 AND session_range_pct_bin == 0,double,SHORT,fwd_ret_30m,7.445220084249452,1.0413891970983968e-13,0.051950462,0.5016115664425822,0.47847536,0.37733284,1.2762465,1.1341824138322882,10859,0.051950462,0.7271212,,,ret_15m_bin,3.0,session_range_pct_bin,0,0.01064716728686884,bull_high_vol,False,False,"(False, 'PASS')",False,PASS,0.222727754510111,True,True,False,False,,,,,,,
ret_15m_bin == 0.0 AND atr_14_bin == 4,double,SHORT,fwd_ret_30m,5.774974777957372,7.769617393904582e-09,0.03106653,0.49014881239353325,0.5983451,0.51429045,1.1184789,0.5197319298663119,31113,0.03106653,0.948885,,,ret_15m_bin,0.0,atr_14_bin,4,0.010595356826556754,bull_high_vol,False,False,"(False, 'PASS')",False,PASS,0.010665294528007518,True,True,False,False,,,,,,,
rel_strength_60m_bin == 3.0 AND atr_14_bin == 3,double,SHORT,fwd_ret_30m,6.5937129733822735,4.4104497831654044e-11,0.03360884,0.4943965759981979,0.4460791,0.36971885,1.1797928,0.7854987770526368,17757,0.03360884,0.67921656,,,rel_strength_60m_bin,3.0,atr_14_bin,3,0.010525357447470362,bull_high_vol,False,False,"(False, 'PASS')",False,PASS,0.03608838915824891,True,True,False,False,,,,,,,
rel_strength_60m_bin == 4.0 AND atr_14_bin == 4,double,SHORT,fwd_ret_30m,5.563444741082406,2.666256437855452e-08,0.02330526,0.5132145438546871,0.54468805,0.526385,1.0909522,0.4950934120203289,31821,0.02330526,0.747252,,,rel_strength_60m_bin,4.0,atr_14_bin,4,0.010412618530796834,bull_high_vol,False,False,"(False, 'PASS')",False,PASS,0.026429087709374244,True,True,False,False,,,,,,,
ret_15m_turned_positive_bin == True AND ret_60m_turned_positive_bin == True,double,SHORT,fwd_ret_30m,7.213347121715448,5.477840403500522e-13,0.009718336,0.49255945306037063,0.40719312,0.37610024,1.0509217,0.24967920642877123,210334,0.009718336,0.6178881,,,ret_15m_turned_positive_bin,True,ret_60m_turned_positive_bin,True,0.010267486087397179,bull_high_vol,True,True,"(False, 'PASS')",False,PASS,0.0,True,True,False,False,,,,,,,
ret_30m_turned_positive_bin == True AND ret_60m_turned_positive_bin == True,double,SHORT,fwd_ret_30m,7.359617841203842,1.851852005074761e-13,0.009488825,0.491853986889049,0.4054998,0.3738254,1.0499521,0.24489122620422815,227596,0.009488825,0.61509115,,,ret_30m_turned_positive_bin,True,ret_60m_turned_positive_bin,True,0.010260084627095182,bull_high_vol,True,True,"(False, 'PASS')",False,PASS,0.0,True,True,False,False,,,,,,,
ret_5m_bin == 0.0 AND atr_14_bin == 4,double,SHORT,fwd_ret_30m,5.574950801095514,2.4953819233175523e-08,0.029256739,0.493437841779074,0.58707064,0.5141049,1.1123419,0.4877955033006501,32916,0.029256739,0.9521128,,,ret_5m_bin,0.0,atr_14_bin,4,0.010224323705061801,bull_high_vol,False,False,"(False, 'PASS')",False,PASS,0.0,True,True,False,False,,,,,,,
atr_14_bin == 4,single,SHORT,fwd_ret_30m,5.929670419347589,3.0450417742855507e-09,0.014941586,0.4968529098479713,0.5379464,0.50152063,1.0592124,0.29291644670187156,103270,0.014941586,0.80975425,atr_14_bin,4,,,,,0.009988227084686217,bull_high_vol,False,False,"(False, 'PASS')",False,PASS,0.0,True,True,False,False,,,,,,,
ret_60m_bin == 4.0 AND atr_14_bin == 3,double,SHORT,fwd_ret_30m,5.766825046619802,8.170036425170224e-09,0.021719318,0.5039531819238818,0.4377085,0.40090016,1.1092163,0.5699153606585887,25802,0.021719318,0.60497314,,,ret_60m_bin,4.0,atr_14_bin,3,0.009892520393152754,bull_high_vol,False,False,"(False, 'PASS')",False,PASS,0.007906363847763664,True,True,False,False,,,,,,,
price_up_vol_weak_bin == True AND ret_5m_bin == 4.0,double,SHORT,fwd_ret_30m,5.676337361284728,1.3901094497725808e-08,0.021280663,0.5069587628865979,0.44575387,0.4151745,1.1039612,0.5467686069936517,27160,0.021280663,0.6178483,,,price_up_vol_weak_bin,True,ret_5m_bin,4.0,0.00989214385564369,bull_high_vol,True,True,"(False, 'PASS')",False,PASS,0.013917525773195827,True,True,False,False,,,,,,,
session_range_pct_bin == 1,single,SHORT,fwd_ret_30m,5.861878086083255,4.5904577916644485e-09,0.0115343295,0.482943215039399,0.4008598,0.35210484,1.0633551,0.2895227430663564,103302,0.0115343295,0.6324263,session_range_pct_bin,1,,,,,0.009486407866710657,bull_high_vol,False,False,"(False, 'PASS')",False,PASS,0.0,True,True,False,False,,,,,,,
ret_5m_turned_positive_bin == True AND rel_strength_60m_bin == 4.0,double,SHORT,fwd_ret_30m,5.217639894307628,1.817345771648604e-07,0.012523267,0.4978335724533716,0.44011843,0.4113825,1.0606211,0.3137313929679171,69700,0.012523267,0.6336653,,,ret_5m_turned_positive_bin,True,rel_strength_60m_bin,4.0,0.009431972334237987,bull_high_vol,True,True,"(False, 'PASS')",False,PASS,0.0,True,True,False,False,,,,,,,
ret_30m_turned_positive_bin == True AND atr_14_bin == 2,double,SHORT,fwd_ret_30m,5.0143306948727,5.337391393300805e-07,0.013140516,0.4900580588809536,0.39700758,0.3557586,1.072433,0.32941829082749624,58389,0.013140516,0.6332351,,,ret_30m_turned_positive_bin,True,atr_14_bin,2,0.009369026660573319,bull_high_vol,True,True,"(False, 'PASS')",False,PASS,0.0,True,True,False,False,,,,,,,
ret_30m_turned_positive_bin == True AND price_vs_vwap_pct_bin == 3,double,SHORT,fwd_ret_30m,5.575432650973238,2.4762284667190215e-08,0.010836894,0.489714088413174,0.3674206,0.33137143,1.0640879,0.2953804847684928,89783,0.010836894,0.5824026,,,ret_30m_turned_positive_bin,True,price_vs_vwap_pct_bin,3,0.009334460639681349,bull_high_vol,True,True,"(False, 'PASS')",False,PASS,0.0,True,True,False,False,,,,,,,
ret_5m_bin == 4.0 AND ret_30m_bin == 3.0,double,SHORT,fwd_ret_30m,5.82778626183749,5.695143912021194e-09,0.026647417,0.5040240076387942,0.45136094,0.40495777,1.1326736,0.6238233674414561,21993,0.026647417,0.6781,,,ret_5m_bin,4.0,ret_30m_bin,3.0,0.009328615750642064,bull_high_vol,False,False,"(False, 'PASS')",False,PASS,0.00804801527758836,True,True,False,False,,,,,,,
rel_outperform_extreme_bin == True AND atr_14_bin == 4,double,SHORT,fwd_ret_30m,6.174733397663447,6.782776562630488e-10,0.03916477,0.5132544737640279,0.61001295,0.56277275,1.1429751,0.7634384319730598,16485,0.03916477,0.81437016,,,rel_outperform_extreme_bin,True,atr_14_bin,4,0.00923273091033733,bull_high_vol,True,True,"(False, 'PASS')",False,PASS,0.11815665147369253,True,True,False,False,,,,,,,
ret_15m_bin == 4.0 AND rvol_bin == 3,double,SHORT,fwd_ret_30m,5.751651730492781,8.956186237085717e-09,0.03305305,0.5049249746847095,0.5297618,0.47353813,1.1409892,0.6194453259417355,21726,0.03305305,0.84704965,,,ret_15m_bin,4.0,rvol_bin,3,0.009047288559364807,bull_high_vol,False,False,"(False, 'PASS')",False,PASS,0.040380466172683704,True,True,False,False,,,,,,,
ret_15m_turned_positive_bin == True AND atr_14_bin == 2,double,SHORT,fwd_ret_30m,4.995467527011901,5.88513234145438e-07,0.012432114,0.49223162711810164,0.39206877,0.3555884,1.0688545,0.317209958413894,62497,0.012432114,0.6221548,,,ret_15m_turned_positive_bin,True,atr_14_bin,2,0.009027733402781603,bull_high_vol,True,True,"(False, 'PASS')",False,PASS,0.0,True,True,False,False,,,,,,,
ret_60m_bin == 2.0 AND session_range_pct_bin == 0,double,SHORT,fwd_ret_30m,6.581008254582197,4.842437562047053e-11,0.04136643,0.4831935836675173,0.4734997,0.36266103,1.2207087,0.8920614969952954,13715,0.04136643,0.73612833,,,ret_60m_bin,2.0,session_range_pct_bin,0,0.009005761765544492,bull_high_vol,False,False,"(False, 'PASS')",False,PASS,0.11366431862115861,True,True,False,False,,,,,,,
ret_15m_bin == 4.0 AND rvol_bin == 4,double,SHORT,fwd_ret_30m,5.474506043128209,4.42789069854399e-08,0.028270325,0.5063091482649842,0.5682978,0.5255597,1.1089566,0.5390246563189853,25994,0.028270325,0.8325732,,,ret_15m_bin,4.0,rvol_bin,4,0.008989979743346907,bull_high_vol,False,False,"(False, 'PASS')",False,PASS,0.012618296529968376,True,True,False,False,,,,,,,
ret_30m_bin == 4.0 AND atr_14_bin == 4,double,SHORT,fwd_ret_30m,4.8829045326213905,1.0493037321257503e-06,0.017628027,0.5053086905230043,0.53575844,0.5116228,1.0696498,0.3842778439248121,40688,0.017628027,0.72821337,,,ret_30m_bin,4.0,atr_14_bin,4,0.008930236123200281,bull_high_vol,False,False,"(False, 'PASS')",False,PASS,0.010617381046008623,True,True,False,False,,,,,,,
ret_5m_bin == 4.0 AND rvol_bin == 4,double,SHORT,fwd_ret_30m,5.397364572018941,6.819172559957565e-08,0.027038207,0.5055296322151597,0.55548924,0.5132321,1.1065427,0.5193520919509144,27217,0.027038207,0.8264494,,,ret_5m_bin,4.0,rvol_bin,4,0.008927847497420276,bull_high_vol,False,False,"(False, 'PASS')",False,PASS,0.011059264430319349,True,True,False,False,,,,,,,
vwap_cross_up_bin == True AND ret_5m_turned_positive_bin == True,double,SHORT,fwd_ret_30m,6.895218311042513,5.391909141394535e-12,0.008926,0.49078409883431307,0.40284818,0.37073764,1.0472811,0.22781504884480858,230851,0.008926,0.6219776,,,vwap_cross_up_bin,True,ret_5m_turned_positive_bin,True,0.008922923526586742,bull_high_vol,True,True,"(False, 'PASS')",False,PASS,0.0,True,True,False,False,,,,,,,
ret_15m_turned_positive_bin == True AND ret_30m_turned_positive_bin == True,double,SHORT,fwd_ret_30m,6.910806756382219,4.831246513958831e-12,0.008779405,0.4909510403657685,0.40459198,0.37296107,1.0462426,0.2257227173354395,236215,0.008779405,0.6174333,,,ret_15m_turned_positive_bin,True,ret_30m_turned_positive_bin,True,0.00886397374866634,bull_high_vol,True,True,"(False, 'PASS')",False,PASS,0.0,True,True,False,False,,,,,,,
vwap_cross_up_bin == True AND ret_15m_turned_positive_bin == True,double,SHORT,fwd_ret_30m,7.184583021682389,6.756817327868703e-13,0.008347357,0.49083248415468783,0.39728776,0.36658734,1.044721,0.21680408109453048,276738,0.008347357,0.6111978,,,vwap_cross_up_bin,True,ret_15m_turned_positive_bin,True,0.008848885500121834,bull_high_vol,True,True,"(False, 'PASS')",False,PASS,0.0,True,True,False,False,,,,,,,
ret_60m_bin == 4.0 AND rvol_bin == 1,double,SHORT,fwd_ret_30m,5.851743926264507,4.9436026383631315e-09,0.023076063,0.5037782062640054,0.40708894,0.36678448,1.1267871,0.6705936384758191,19189,0.023076063,0.546264,,,ret_60m_bin,4.0,rvol_bin,1,0.008781176652745614,bull_high_vol,False,False,"(False, 'PASS')",False,PASS,0.007556412528010759,True,True,False,False,,,,,,,
rvol_bin == 3 AND atr_14_bin == 4,double,SHORT,fwd_ret_30m,5.741708285190557,9.499218300845769e-09,0.042687718,0.48992725237828766,0.60695773,0.49929628,1.1676148,0.6224270801893231,21444,0.042687718,1.0887163,,,rvol_bin,3,atr_14_bin,4,0.00869127022279272,bull_high_vol,False,False,"(False, 'PASS')",False,PASS,0.12687717825174333,True,True,False,False,,,,,,,
ret_30m_bin == 4.0 AND rel_strength_60m_bin == 4.0,double,SHORT,fwd_ret_30m,4.673139755818346,2.973350091473037e-06,0.013774353,0.5038014474742306,0.49117553,0.47094175,1.0589452,0.317140620105346,54716,0.013774353,0.6894767,,,ret_30m_bin,4.0,rel_strength_60m_bin,4.0,0.008641841741780383,bull_high_vol,False,False,"(False, 'PASS')",False,PASS,0.007602894948461225,True,True,False,False,,,,,,,
ret_30m_bin == 4.0 AND rvol_bin == 4,double,SHORT,fwd_ret_30m,5.394027701640181,6.950532260852071e-08,0.026805185,0.500780335544284,0.55426747,0.5023061,1.1068953,0.5348587989139941,25630,0.026805185,0.7955728,,,ret_30m_bin,4.0,rvol_bin,4,0.008571650274807106,bull_high_vol,False,False,"(False, 'PASS')",False,PASS,0.0015606710885680553,True,True,False,False,,,,,,,
ret_5m_bin == 0.0 AND session_range_pct_bin == 0,double,SHORT,fwd_ret_30m,4.972861214221536,6.625913837599029e-07,0.0227307,0.47992205808779,0.5124166,0.4291459,1.101845,0.40508510236133843,37977,0.0227307,0.8907725,,,ret_5m_bin,0.0,session_range_pct_bin,0,0.00849885127835463,bull_high_vol,False,False,"(False, 'PASS')",False,PASS,0.0,True,True,False,False,,,,,,,
session_range_pct_bin == 1 AND rvol_bin == 4,double,SHORT,fwd_ret_30m,5.823986825555757,5.836995997654526e-09,0.033409532,0.48705627034568283,0.5013048,0.4108718,1.1585237,0.664578858071466,19353,0.033409532,0.7980391,,,session_range_pct_bin,1,rvol_bin,4,0.008445212729746096,bull_high_vol,False,False,"(False, 'PASS')",False,PASS,0.034095321595668804,True,True,False,False,,,,,,,
vwap_cross_up_bin == True AND ret_30m_turned_positive_bin == True,double,SHORT,fwd_ret_30m,6.87139092096828,6.3720140275336234e-12,0.00819463,0.49037916289904826,0.39889494,0.36775407,1.0437245,0.21351481366617578,260996,0.00819463,0.60925853,,,vwap_cross_up_bin,True,ret_30m_turned_positive_bin,True,0.008327045428428135,bull_high_vol,True,True,"(False, 'PASS')",False,PASS,0.0,True,True,False,False,,,,,,,
vwap_cross_up_bin == True AND atr_14_bin == 2,double,SHORT,fwd_ret_30m,4.820729379156754,1.4336333078457386e-06,0.01195704,0.49123522857456725,0.39413837,0.3570562,1.0658218,0.30315988816467265,63721,0.01195704,0.6261123,,,vwap_cross_up_bin,True,atr_14_bin,2,0.008309219895051173,bull_high_vol,True,True,"(False, 'PASS')",False,PASS,0.0,True,True,False,False,,,,,,,
ret_5m_bin == 4.0 AND atr_14_bin == 2,double,SHORT,fwd_ret_30m,5.737413383549289,9.76011982345426e-09,0.029585335,0.49873217115689383,0.4674654,0.40607974,1.1453434,0.6619742805675192,18930,0.029585335,0.70947266,,,ret_5m_bin,4.0,atr_14_bin,2,0.008300256420085994,bull_high_vol,False,False,"(False, 'PASS')",False,PASS,0.0,True,True,False,False,,,,,,,
ret_5m_bin == 4.0 AND ret_60m_bin == 3.0,double,SHORT,fwd_ret_30m,5.547802003912762,2.927034148392238e-08,0.027180048,0.49929978526748203,0.47762096,0.422001,1.1286349,0.6017155352303106,21422,0.027180048,0.7170662,,,ret_5m_bin,4.0,ret_60m_bin,3.0,0.008265132588714892,bull_high_vol,False,False,"(False, 'PASS')",False,PASS,0.0,True,True,False,False,,,,,,,
atr_14_bin == 3 AND price_vs_vwap_pct_bin == 4,double,SHORT,fwd_ret_30m,5.254998277786282,1.491875669668019e-07,0.021263927,0.5029105392156863,0.4626351,0.4252758,1.1005863,0.516241359578855,26112,0.021263927,0.65386933,,,atr_14_bin,3,price_vs_vwap_pct_bin,4,0.008246553885588726,bull_high_vol,False,False,"(False, 'PASS')",False,PASS,0.005821078431372584,True,True,False,False,,,,,,,
rel_outperform_extreme_bin == True AND rel_strength_60m_bin == 4.0,double,SHORT,fwd_ret_30m,4.915456399527459,8.899457843991598e-07,0.018746316,0.5034375560471095,0.50757533,0.47685075,1.0791698,0.426618890256002,33454,0.018746316,0.69755125,,,rel_outperform_extreme_bin,True,rel_strength_60m_bin,4.0,0.008175491024764928,bull_high_vol,True,True,"(False, 'PASS')",False,PASS,0.0068751120942189825,True,True,False,False,,,,,,,
rel_outperform_extreme_bin == True,single,SHORT,fwd_ret_30m,4.915456399527459,8.899457843991598e-07,0.018746316,0.5034375560471095,0.50757533,0.47685075,1.0791698,0.426618890256002,33454,0.018746316,0.69755125,rel_outperform_extreme_bin,True,,,,,0.008175491024764928,bull_high_vol,True,True,"(False, 'PASS')",False,PASS,0.0068751120942189825,True,True,False,False,,,,,,,
ret_30m_bin == 3.0 AND is_power_hour_bin == True,double,SHORT,fwd_ret_30m,5.82552864586875,5.786164880561273e-09,0.04607825,0.4779693486590038,0.74041736,0.5896561,1.1496929,0.6746043199988233,18792,0.04607825,1.0842942,,,ret_30m_bin,3.0,is_power_hour_bin,True,0.008170972785829985,bull_high_vol,False,False,"(False, 'PASS')",False,PASS,0.1607824981212616,True,True,False,False,,,,,,,
ret_15m_bin == 4.0 AND price_vs_vwap_pct_bin == 3,double,SHORT,fwd_ret_30m,5.62855367228093,1.8432962489711713e-08,0.028571777,0.5016822429906542,0.45186776,0.39758217,1.1442128,0.6529594133990326,18725,0.028571777,0.6946265,,,ret_15m_bin,4.0,price_vs_vwap_pct_bin,3,0.007991895712099057,bull_high_vol,False,False,"(False, 'PASS')",False,PASS,0.0033644859813084516,True,True,False,False,,,,,,,
ret_30m_bin == 4.0 AND price_vs_vwap_pct_bin == 3,double,SHORT,fwd_ret_30m,5.647617779204302,1.6501791488821027e-08,0.02581968,0.4942510548523207,0.41808486,0.35752758,1.1427928,0.6510980715981397,18960,0.02581968,0.629513,,,ret_30m_bin,4.0,price_vs_vwap_pct_bin,3,0.00797652805236694,bull_high_vol,False,False,"(False, 'PASS')",False,PASS,0.0,True,True,False,False,,,,,,,
ret_15m_turned_positive_bin == True AND price_vs_vwap_pct_bin == 3,double,SHORT,fwd_ret_30m,5.229084934158801,1.7070637126082033e-07,0.009865519,0.49005927004263283,0.3691991,0.33545846,1.0576714,0.26767399071000714,96170,0.009865519,0.58507836,,,ret_15m_turned_positive_bin,True,price_vs_vwap_pct_bin,3,0.007939017076515354,bull_high_vol,True,True,"(False, 'PASS')",False,PASS,0.0,True,True,False,False,,,,,,,
ret_5m_turned_positive_bin == True AND ret_15m_turned_positive_bin == True,double,SHORT,fwd_ret_30m,6.425013796442837,1.3212542171459063e-10,0.008533603,0.49048874744260057,0.4029163,0.37112486,1.0451294,0.21747651484457028,219950,0.008533603,0.62290287,,,ret_5m_turned_positive_bin,True,ret_15m_turned_positive_bin,True,0.007932347566888502,bull_high_vol,True,True,"(False, 'PASS')",False,PASS,0.0,True,True,False,False,,,,,,,
ret_15m_bin == 4.0 AND ret_30m_bin == 3.0,double,SHORT,fwd_ret_30m,5.326014983636647,1.013945298833363e-07,0.02526035,0.5024525682554373,0.4513513,0.40503126,1.1253477,0.5751422568115265,21610,0.02526035,0.6972112,,,ret_15m_bin,4.0,ret_30m_bin,3.0,0.007699167208588781,bull_high_vol,False,False,"(False, 'PASS')",False,PASS,0.0049051365108745415,True,True,False,False,,,,,,,
ret_15m_bin == 4.0 AND atr_14_bin == 4,double,SHORT,fwd_ret_30m,4.53054368607942,5.899980670909244e-06,0.01796074,0.5062794542179674,0.55207336,0.52973825,1.0686723,0.3572462230238099,40529,0.01796074,0.79809916,,,ret_15m_bin,4.0,atr_14_bin,4,0.007687593538137682,bull_high_vol,False,False,"(False, 'PASS')",False,PASS,0.012558908435934768,True,True,False,False,,,,,,,
vwap_cross_up_bin == True AND price_vs_vwap_pct_bin == 3,double,SHORT,fwd_ret_30m,5.220759944373843,1.7853433065262436e-07,0.009511009,0.48958050896695976,0.37096086,0.33718187,1.0552632,0.2578998616707767,103268,0.009511009,0.58543104,,,vwap_cross_up_bin,True,price_vs_vwap_pct_bin,3,0.007629484772895586,bull_high_vol,True,True,"(False, 'PASS')",False,PASS,0.0,True,True,False,False,,,,,,,
price_vs_vwap_pct_bin == 3,single,SHORT,fwd_ret_30m,5.220759944373843,1.7853433065262436e-07,0.009511009,0.48958050896695976,0.37096086,0.33718187,1.0552632,0.2578998616707767,103268,0.009511009,0.58543104,price_vs_vwap_pct_bin,3,,,,,0.007629484772895586,bull_high_vol,False,False,"(False, 'PASS')",False,PASS,0.0,True,True,False,False,,,,,,,
ret_5m_turned_positive_bin == True AND price_vs_vwap_pct_bin == 3,double,SHORT,fwd_ret_30m,4.818101320261218,1.4519824331760134e-06,0.010292603,0.4908831657181794,0.37447742,0.3408492,1.0593123,0.2716935428055335,79249,0.010292603,0.6013761,,,ret_5m_turned_positive_bin,True,price_vs_vwap_pct_bin,3,0.007437374350984708,bull_high_vol,True,True,"(False, 'PASS')",False,PASS,0.0,True,True,False,False,,,,,,,
rel_strength_60m_bin == 4.0,single,SHORT,fwd_ret_30m,5.086201664933663,3.6594341490392424e-07,0.009758625,0.4979409114252769,0.42312485,0.40021694,1.0485667,0.2513343665556748,103201,0.009758625,0.61636364,rel_strength_60m_bin,4.0,,,,,0.0073673197585704285,bull_high_vol,False,False,"(False, 'PASS')",False,PASS,0.0,True,True,False,False,,,,,,,
vwap_cross_up_bin == True AND rvol_bin == 3,double,SHORT,fwd_ret_30m,4.520961696415941,6.166956038722304e-06,0.012465835,0.49123108665749654,0.43535224,0.3958432,1.0618981,0.2837412882879102,63976,0.012465835,0.6974275,,,vwap_cross_up_bin,True,rvol_bin,3,0.007293323272068253,bull_high_vol,True,True,"(False, 'PASS')",False,PASS,0.0,True,True,False,False,,,,,,,
ret_15m_bin == 4.0 AND rel_strength_60m_bin == 2.0,double,SHORT,fwd_ret_30m,5.713813869688498,1.126351678593096e-08,0.033210736,0.5023709710672806,0.4735771,0.4113519,1.1622405,0.7519343638805642,14551,0.033210736,0.70113045,,,ret_15m_bin,4.0,rel_strength_60m_bin,2.0,0.007270087734087584,bull_high_vol,False,False,"(False, 'PASS')",False,PASS,0.03684929981535873,True,True,False,False,,,,,,,
ret_30m_turned_positive_bin == True AND rvol_bin == 3,double,SHORT,fwd_ret_30m,4.411420118312912,1.0287589289559307e-05,0.012345829,0.489512026097392,0.43690944,0.39477247,1.0612615,0.28790791447585334,59163,0.012345829,0.6807175,,,ret_30m_turned_positive_bin,True,rvol_bin,3,0.007195842455610124,bull_high_vol,True,True,"(False, 'PASS')",False,PASS,0.0,True,True,False,False,,,,,,,
vwap_cross_up_bin == True AND rel_strength_60m_bin == 3.0,double,SHORT,fwd_ret_30m,4.736415581669572,2.179064871432601e-06,0.0096514225,0.49103251971082396,0.369667,0.33767796,1.0561563,0.2668365199581932,79398,0.0096514225,0.5741777,,,vwap_cross_up_bin,True,rel_strength_60m_bin,3.0,0.007182763745126051,bull_high_vol,True,True,"(False, 'PASS')",False,PASS,0.0,True,True,False,False,,,,,,,
ret_15m_turned_positive_bin == True AND rel_strength_60m_bin == 4.0,double,SHORT,fwd_ret_30m,4.724423367383737,2.3115360190395506e-06,0.010516628,0.4989744156625766,0.43812284,0.415339,1.0505375,0.2628400313512244,81417,0.010516628,0.63516307,,,ret_15m_turned_positive_bin,True,rel_strength_60m_bin,4.0,0.007171414995519421,bull_high_vol,True,True,"(False, 'PASS')",False,PASS,0.0,True,True,False,False,,,,,,,
ret_60m_bin == 3.0 AND price_vs_vwap_pct_bin == 3,double,SHORT,fwd_ret_30m,4.687105328248603,2.7820823123025917e-06,0.015696144,0.4866676824622886,0.3791239,0.32885364,1.0929804,0.41074168904724817,32815,0.015696144,0.6066308,,,ret_60m_bin,3.0,price_vs_vwap_pct_bin,3,0.007116962329050228,bull_high_vol,False,False,"(False, 'PASS')",False,PASS,0.0,True,True,False,False,,,,,,,
ret_15m_turned_positive_bin == True AND rel_strength_60m_bin == 3.0,double,SHORT,fwd_ret_30m,4.628436288102234,3.690524153610042e-06,0.0096628945,0.4920465748314726,0.36938113,0.33879057,1.0561503,0.2681788445608165,75062,0.0096628945,0.57198286,,,ret_15m_turned_positive_bin,True,rel_strength_60m_bin,3.0,0.007068890848555538,bull_high_vol,True,True,"(False, 'PASS')",False,PASS,0.0,True,True,False,False,,,,,,,
vwap_cross_up_bin == True AND atr_14_bin == 4,double,SHORT,fwd_ret_30m,4.347095517241566,1.38167883025897e-05,0.012329919,0.5043293475847632,0.5119274,0.49599496,1.0501521,0.2748080008180521,63058,0.012329919,0.71224785,,,vwap_cross_up_bin,True,atr_14_bin,4,0.006973150750512376,bull_high_vol,True,True,"(False, 'PASS')",False,PASS,0.008658695169526442,True,True,False,False,,,,,,,
ret_60m_turned_positive_bin == True AND atr_14_bin == 2,double,SHORT,fwd_ret_30m,4.264295753321749,2.008657048668816e-05,0.011034915,0.4896027172047479,0.39024165,0.3527222,1.0612954,0.2877297933796091,55351,0.011034915,0.6088137,,,ret_60m_turned_positive_bin,True,atr_14_bin,2,0.00695283989105118,bull_high_vol,True,True,"(False, 'PASS')",False,PASS,0.0,True,True,False,False,,,,,,,
vwap_cross_up_bin == True AND rvol_bin == 4,double,SHORT,fwd_ret_30m,4.383267980756625,1.1709858290354092e-05,0.012334945,0.49259717674338444,0.46018863,0.4224507,1.0575451,0.2754203955764047,63827,0.012334945,0.71095383,,,vwap_cross_up_bin,True,rvol_bin,4,0.006882913262357686,bull_high_vol,True,True,"(False, 'PASS')",False,PASS,0.0,True,True,False,False,,,,,,,
session_range_pct_bin == 0 AND is_power_hour_bin == True,double,SHORT,fwd_ret_30m,5.623242225789887,1.905152324788162e-08,0.057871655,0.46427242277633046,0.8422644,0.62189907,1.1737009,0.703036042498143,16122,0.057871655,1.3067381,,,session_range_pct_bin,0,is_power_hour_bin,True,0.006849714021713393,bull_high_vol,False,False,"(False, 'PASS')",False,PASS,0.2787165462970734,True,True,False,False,,,,,,,
ret_15m_bin == 4.0 AND atr_14_bin == 3,double,SHORT,fwd_ret_30m,4.812862806690475,1.496204208084606e-06,0.020438889,0.49936364688186974,0.47696924,0.4349309,1.0938674,0.4744723173324669,25929,0.020438889,0.6838277,,,ret_15m_bin,4.0,atr_14_bin,3,0.006844367256211863,bull_high_vol,False,False,"(False, 'PASS')",False,PASS,0.0,True,True,False,False,,,,,,,
ret_30m_turned_positive_bin == True,single,SHORT,fwd_ret_30m,6.406412465392409,1.4920598090384374e-10,0.007130387,0.48878195915855394,0.39577472,0.3644573,1.0382702,0.18701145014315368,295729,0.007130387,0.6052644,ret_30m_turned_positive_bin,True,,,,,0.006777733988567499,bull_high_vol,True,True,"(False, 'PASS')",False,PASS,0.0,True,True,False,False,,,,,,,
price_up_vol_weak_bin == True AND price_vs_vwap_pct_bin == 4,double,SHORT,fwd_ret_30m,4.293445392461677,1.7634465408367106e-05,0.012492498,0.5043198200500997,0.42316982,0.40534288,1.0621763,0.34458445651145153,39122,0.012492498,0.57551134,,,price_up_vol_weak_bin,True,price_vs_vwap_pct_bin,4,0.00675686069785575,bull_high_vol,True,True,"(False, 'PASS')",False,PASS,0.008639640100199353,True,True,False,False,,,,,,,
ret_5m_turned_positive_bin == True AND ret_30m_bin == 3.0,double,SHORT,fwd_ret_30m,4.430642503072105,9.409720823638779e-06,0.010116814,0.4898275837067328,0.37781164,0.34291494,1.0578283,0.2678336905839805,68961,0.010116814,0.59962374,,,ret_5m_turned_positive_bin,True,ret_30m_bin,3.0,0.006727619341819344,bull_high_vol,True,True,"(False, 'PASS')",False,PASS,0.0,True,True,False,False,,,,,,,
ret_5m_bin == 4.0 AND rvol_bin == 3,double,SHORT,fwd_ret_30m,4.9649645774527125,6.923279889381462e-07,0.02846585,0.4987373157628909,0.530697,0.47123507,1.1205094,0.5340690814109242,21779,0.02846585,0.8461103,,,ret_5m_bin,4.0,rvol_bin,3,0.0066671410371488765,bull_high_vol,False,False,"(False, 'PASS')",False,PASS,0.0,True,True,False,False,,,,,,,
price_up_vol_strong_bin == True AND price_vs_vwap_pct_bin == 4,double,SHORT,fwd_ret_30m,5.166659908994064,2.408468249281981e-07,0.03162455,0.5042862673524694,0.5781489,0.524351,1.1216667,0.609956592789117,18081,0.03162455,0.82304907,,,price_up_vol_strong_bin,True,price_vs_vwap_pct_bin,4,0.006651577357422632,bull_high_vol,True,True,"(False, 'PASS')",False,PASS,0.024818053329721368,True,True,False,False,,,,,,,
ret_60m_turned_positive_bin == True AND rvol_bin == 3,double,SHORT,fwd_ret_30m,4.169545585631246,3.0566133393028494e-05,0.01178766,0.4908547899694276,0.43107226,0.39243466,1.0589955,0.27824712178488065,56587,0.01178766,0.67250764,,,ret_60m_turned_positive_bin,True,rvol_bin,3,0.006591112097139087,bull_high_vol,True,True,"(False, 'PASS')",False,PASS,0.0,True,True,False,False,,,,,,,
ret_60m_bin == 3.0 AND atr_14_bin == 2,double,SHORT,fwd_ret_30m,4.997161043278049,5.863552785534409e-07,0.021077571,0.48347471376257356,0.40105033,0.33458212,1.1219625,0.5400927323877995,21573,0.021077571,0.61951596,,,ret_60m_bin,3.0,atr_14_bin,2,0.006516167517624728,bull_high_vol,False,False,"(False, 'PASS')",False,PASS,0.0,True,True,False,False,,,,,,,
ret_30m_bin == 4.0 AND rvol_bin == 1,double,SHORT,fwd_ret_30m,5.040736084700285,4.680055654127102e-07,0.021046204,0.4993157894736842,0.4247622,0.38156638,1.1101642,0.5805203075202415,19000,0.021046204,0.575515,,,ret_30m_bin,4.0,rvol_bin,1,0.006426233922122763,bull_high_vol,False,False,"(False, 'PASS')",False,PASS,0.0,True,True,False,False,,,,,,,
ret_30m_bin == 4.0 AND rel_strength_60m_bin == 3.0,double,SHORT,fwd_ret_30m,4.852435406169188,1.228009596898616e-06,0.021384435,0.4976036866359447,0.44049034,0.39372337,1.1081086,0.5229138633671488,21700,0.021384435,0.6491841,,,ret_30m_bin,4.0,rel_strength_60m_bin,3.0,0.00634233963756674,bull_high_vol,False,False,"(False, 'PASS')",False,PASS,0.0,True,True,False,False,,,,,,,
ret_15m_bin == 2.0 AND session_range_pct_bin == 0,double,SHORT,fwd_ret_30m,5.190508153382553,2.1209408584965672e-07,0.025661878,0.48675534991324465,0.40483475,0.33394134,1.1497248,0.6266321455248622,17290,0.025661878,0.65009385,,,ret_15m_bin,2.0,session_range_pct_bin,0,0.006336428337158069,bull_high_vol,False,False,"(False, 'PASS')",False,PASS,0.0,True,True,False,False,,,,,,,
ret_5m_turned_positive_bin == True AND atr_14_bin == 4,double,SHORT,fwd_ret_30m,4.052753350753891,5.0685093115676594e-05,0.012691029,0.5022953795667581,0.52684045,0.5062008,1.0503736,0.26879106190771856,57289,0.012691029,0.7495184,,,ret_5m_turned_positive_bin,True,atr_14_bin,4,0.0063330138434673534,bull_high_vol,True,True,"(False, 'PASS')",False,PASS,0.004590759133516142,True,True,False,False,,,,,,,
ret_5m_turned_positive_bin == True AND atr_14_bin == 3,double,SHORT,fwd_ret_30m,4.109226808668943,3.9752000994708325e-05,0.0110682305,0.48902445206752626,0.44308442,0.4023889,1.053831,0.2681537704091539,59177,0.0110682305,0.6552312,,,ret_5m_turned_positive_bin,True,atr_14_bin,3,0.006236786153569021,bull_high_vol,True,True,"(False, 'PASS')",False,PASS,0.0,True,True,False,False,,,,,,,
atr_14_bin == 4 AND price_vs_vwap_pct_bin == 0,double,SHORT,fwd_ret_30m,4.442493798608169,8.922412698009197e-06,0.02491614,0.483752454551213,0.61042434,0.52373743,1.0921528,0.3968828092044538,31574,0.02491614,0.9965951,,,atr_14_bin,4,price_vs_vwap_pct_bin,0,0.006233875977011302,bull_high_vol,False,False,"(False, 'PASS')",False,PASS,0.0,True,True,False,False,,,,,,,
rel_outperform_extreme_bin == True AND ret_30m_bin == 4.0,double,SHORT,fwd_ret_30m,4.635536613538074,3.578763810629937e-06,0.02230484,0.5079397984991086,0.5474201,0.51975673,1.0872129,0.4738278998073095,24119,0.02230484,0.7472721,,,rel_outperform_extreme_bin,True,ret_30m_bin,4.0,0.006228858108325887,bull_high_vol,True,True,"(False, 'PASS')",False,PASS,0.015879596998217282,True,True,False,False,,,,,,,
rel_strength_60m_bin == 4.0 AND session_range_pct_bin == 1,double,SHORT,fwd_ret_30m,5.809441182142309,6.458960033484118e-09,0.04369903,0.5011961722488039,0.5069566,0.42178035,1.2077093,0.920748159748901,10032,0.04369903,0.7534097,,,rel_strength_60m_bin,4.0,session_range_pct_bin,1,0.006225679234238104,bull_high_vol,False,False,"(False, 'PASS')",False,PASS,0.13938264282839158,True,True,False,False,,,,,,,
new_session_low_bin == True,single,SHORT,fwd_ret_30m,5.0146673609768735,5.360403827481264e-07,0.0336667,0.48807078527413494,0.5579542,0.46618643,1.1410688,0.577715787311646,18987,0.0336667,0.92509556,new_session_low_bin,True,,,,,0.006214579986378821,bull_high_vol,True,True,"(False, 'PASS')",False,PASS,0.03666700124740602,True,True,False,False,,,,,,,
ret_30m_turned_positive_bin == True AND rvol_bin == 4,double,SHORT,fwd_ret_30m,4.094149438662102,4.242800480613873e-05,0.012062016,0.4915616069927719,0.46698654,0.427762,1.05546,0.26646611441824425,59490,0.012062016,0.7185851,,,ret_30m_turned_positive_bin,True,rvol_bin,4,0.006206830600383441,bull_high_vol,True,True,"(False, 'PASS')",False,PASS,0.0,True,True,False,False,,,,,,,
ret_60m_turned_positive_bin == True AND rel_strength_60m_bin == 1.0,double,SHORT,fwd_ret_30m,4.393060896717447,1.1212280907058059e-05,0.014359223,0.4861923124766762,0.38847712,0.3396511,1.0822806,0.3888987025630383,32156,0.014359223,0.58613104,,,ret_60m_turned_positive_bin,True,rel_strength_60m_bin,1.0,0.006182869478758857,bull_high_vol,True,True,"(False, 'PASS')",False,PASS,0.0,True,True,False,False,,,,,,,
rel_strength_60m_bin == 2.0 AND session_range_pct_bin == 0,double,SHORT,fwd_ret_30m,5.087230917574928,3.66998111678285e-07,0.026309079,0.4854623583905352,0.4108855,0.33653587,1.1519347,0.6032882286013335,17919,0.026309079,0.69227886,,,rel_strength_60m_bin,2.0,session_range_pct_bin,0,0.006180048549443002,bull_high_vol,False,False,"(False, 'PASS')",False,PASS,0.0,True,True,False,False,,,,,,,
rvol_bin == 4 AND is_power_hour_bin == True,double,SHORT,fwd_ret_30m,5.201334779519085,2.0024374736138384e-07,0.052705005,0.4851756954612006,0.82967335,0.679518,1.1506578,0.6449100193438543,16392,0.052705005,1.2973377,,,rvol_bin,4,is_power_hour_bin,True,0.006175344175755616,bull_high_vol,False,False,"(False, 'PASS')",False,PASS,0.22705004811286927,True,True,False,False,,,,,,,
ret_30m_bin == 3.0 AND price_vs_vwap_pct_bin == 3,double,SHORT,fwd_ret_30m,3.9445512183374105,8.006254155401571e-05,0.010304051,0.48911826887203086,0.35847265,0.32303262,1.0624369,0.28508030121012523,48246,0.010304051,0.5737743,,,ret_30m_bin,3.0,price_vs_vwap_pct_bin,3,0.0061426569026883345,bull_high_vol,False,False,"(False, 'PASS')",False,PASS,0.0,True,True,False,False,,,,,,,
rel_strength_60m_bin == 4.0 AND session_range_pct_bin == 3,double,SHORT,fwd_ret_30m,4.509829090723619,6.516127704525587e-06,0.015781503,0.5068916803482112,0.4006452,0.37983993,1.0842568,0.44236862133761296,26191,0.015781503,0.56632316,,,rel_strength_60m_bin,4.0,session_range_pct_bin,3,0.006130951690614633,bull_high_vol,False,False,"(False, 'PASS')",False,PASS,0.013783360696422386,True,True,False,False,,,,,,,
rel_strength_60m_bin == 3.0 AND session_range_pct_bin == 1,double,SHORT,fwd_ret_30m,4.924997292638325,8.505416935200572e-07,0.021257015,0.490608758297741,0.38443652,0.32853118,1.1270206,0.5608365662307927,19433,0.021257015,0.6016809,,,rel_strength_60m_bin,3.0,session_range_pct_bin,1,0.006095842233618716,bull_high_vol,False,False,"(False, 'PASS')",False,PASS,0.0,True,True,False,False,,,,,,,
ret_15m_turned_positive_bin == True AND rvol_bin == 3,double,SHORT,fwd_ret_30m,4.107669854763852,4.001778322804128e-05,0.011695846,0.4903600612870276,0.43584922,0.39641166,1.0578924,0.26050405478324756,62656,0.011695846,0.71271753,,,ret_15m_turned_positive_bin,True,rvol_bin,3,0.006073113064418948,bull_high_vol,True,True,"(False, 'PASS')",False,PASS,0.0,True,True,False,False,,,,,,,
rel_strength_60m_bin == 1.0 AND atr_14_bin == 2,double,SHORT,fwd_ret_30m,4.729102757622034,2.2689203558190485e-06,0.020024424,0.4938398817257291,0.39877886,0.34951088,1.1131909,0.5024839295171387,22321,0.020024424,0.632613,,,rel_strength_60m_bin,1.0,atr_14_bin,2,0.006063410731779593,bull_high_vol,False,False,"(False, 'PASS')",False,PASS,0.0,True,True,False,False,,,,,,,
ret_15m_bin == 4.0 AND rvol_bin == 2,double,SHORT,fwd_ret_30m,4.847481732394019,1.2600493692893622e-06,0.02381416,0.5037338414791163,0.47709376,0.4362863,1.1099889,0.5522368418563416,19417,0.02381416,0.68455786,,,ret_15m_bin,4.0,rvol_bin,2,0.006060955144886776,bull_high_vol,False,False,"(False, 'PASS')",False,PASS,0.007467682958232524,True,True,False,False,,,,,,,
vwap_cross_up_bin == True,single,SHORT,fwd_ret_30m,6.150587928788584,7.728739870316303e-10,0.0066050845,0.489038738255791,0.3928121,0.36303195,1.0356078,0.17287428565605265,318987,0.0066050845,0.60652435,vwap_cross_up_bin,True,,,,,0.006018337654991177,bull_high_vol,True,True,"(False, 'PASS')",False,PASS,0.0,True,True,False,False,,,,,,,
atr_14_bin == 3 AND price_vs_vwap_pct_bin == 3,double,SHORT,fwd_ret_30m,4.817002877380015,1.4679437563280828e-06,0.021514997,0.4954142159306151,0.42494175,0.37457892,1.1138316,0.5398710863490467,20062,0.021514997,0.6326325,,,atr_14_bin,3,price_vs_vwap_pct_bin,3,0.0059830952704672475,bull_high_vol,False,False,"(False, 'PASS')",False,PASS,0.0,True,True,False,False,,,,,,,
ret_60m_bin == 4.0 AND is_first_hour_bin == True,double,SHORT,fwd_ret_30m,4.161691375490456,3.162683119151133e-05,0.00939427,0.5004338091239855,0.44371834,0.42568412,1.0441756,0.2471374917154312,71460,0.00939427,0.60342693,,,ret_60m_bin,4.0,is_first_hour_bin,True,0.0059571893625507254,bull_high_vol,False,False,"(False, 'PASS')",False,PASS,0.0008676182479709915,True,True,False,False,,,,,,,
rel_strength_60m_bin == 4.0 AND atr_14_bin == 3,double,SHORT,fwd_ret_30m,4.5707054538736065,4.885732159731759e-06,0.017881062,0.5062689888313577,0.4231026,0.3976308,1.09108,0.4746390249587328,23369,0.017881062,0.59803987,,,rel_strength_60m_bin,4.0,atr_14_bin,3,0.00594133972559758,bull_high_vol,False,False,"(False, 'PASS')",False,PASS,0.012537977662715472,True,True,False,False,,,,,,,
vwap_cross_up_bin == True AND rel_strength_60m_bin == 4.0,double,SHORT,fwd_ret_30m,4.372109054475059,1.2319473684963e-05,0.009339226,0.498567269295833,0.43359962,0.41249672,1.0451521,0.2354446726239523,86897,0.009339226,0.6296835,,,vwap_cross_up_bin,True,rel_strength_60m_bin,4.0,0.005940046923055711,bull_high_vol,True,True,"(False, 'PASS')",False,PASS,0.0,True,True,False,False,,,,,,,
ret_15m_turned_positive_bin == True AND ret_30m_bin == 3.0,double,SHORT,fwd_ret_30m,4.374604948143975,1.2179861471617315e-05,0.008907384,0.4891310807116795,0.37241113,0.339129,1.0514134,0.2394089758369533,84139,0.008907384,0.59062254,,,ret_15m_turned_positive_bin,True,ret_30m_bin,3.0,0.005929127453472013,bull_high_vol,True,True,"(False, 'PASS')",False,PASS,0.0,True,True,False,False,,,,,,,
ret_30m_bin == 4.0 AND rvol_bin == 2,double,SHORT,fwd_ret_30m,4.734268539679636,2.2137148103507087e-06,0.02199742,0.5048356878829308,0.4569862,0.42148742,1.1053993,0.5347867107279642,19749,0.02199742,0.6529673,,,ret_30m_bin,4.0,rvol_bin,2,0.005843121361893613,bull_high_vol,False,False,"(False, 'PASS')",False,PASS,0.009671375765861523,True,True,False,False,,,,,,,
rel_outperform_extreme_bin == True AND ret_5m_bin == 4.0,double,SHORT,fwd_ret_30m,5.0781519543806075,3.858573689452527e-07,0.03322539,0.5113244027068085,0.5821311,0.5411206,1.1256479,0.6698718104211187,14482,0.03322539,0.78736967,,,rel_outperform_extreme_bin,True,ret_5m_bin,4.0,0.005830941850566556,bull_high_vol,True,True,"(False, 'PASS')",False,PASS,0.05490271601475599,True,True,False,False,,,,,,,
rvol_bin == 3 AND price_vs_vwap_pct_bin == 4,double,SHORT,fwd_ret_30m,4.647589725740321,3.378836161749277e-06,0.023837412,0.5063805381637433,0.49903467,0.4636447,1.1041553,0.5100538986960711,20923,0.023837412,0.74189645,,,rvol_bin,3,price_vs_vwap_pct_bin,4,0.005813813134428929,bull_high_vol,False,False,"(False, 'PASS')",False,PASS,0.012761076327486576,True,True,False,False,,,,,,,
ret_60m_bin == 2.0 AND rel_strength_60m_bin == 1.0,double,SHORT,fwd_ret_30m,4.546899172275955,5.469959266646285e-06,0.017990403,0.4839607795666384,0.39399573,0.33464146,1.1041784,0.458499284371899,24783,0.017990403,0.6228773,,,ret_60m_bin,2.0,rel_strength_60m_bin,1.0,0.005788076782198347,bull_high_vol,False,False,"(False, 'PASS')",False,PASS,0.0,True,True,False,False,,,,,,,
rel_outperform_extreme_bin == True AND rvol_bin == 4,double,SHORT,fwd_ret_30m,5.42851187449557,5.806150027432011e-08,0.04424626,0.5119069767441861,0.622701,0.56243116,1.1611775,0.8311450874112963,10750,0.04424626,0.84508425,,,rel_outperform_extreme_bin,True,rvol_bin,4,0.005747426160498649,bull_high_vol,True,True,"(False, 'PASS')",False,PASS,0.1662765542559846,True,True,False,False,,,,,,,
ret_5m_bin == 4.0 AND rvol_bin == 2,double,SHORT,fwd_ret_30m,4.680652697249889,2.878474623990712e-06,0.023217,0.5039203860072377,0.47723964,0.43798167,1.1068561,0.5267733311972258,19896,0.023217,0.6996528,,,ret_5m_bin,4.0,rvol_bin,2,0.005722346493848898,bull_high_vol,False,False,"(False, 'PASS')",False,PASS,0.007840772014475306,True,True,False,False,,,,,,,
ret_30m_bin == 3.0 AND rel_strength_60m_bin == 1.0,double,SHORT,fwd_ret_30m,4.914276885879261,8.99637353279914e-07,0.023321057,0.4993348651590277,0.38300863,0.3354108,1.138875,0.6066223219895001,16538,0.023321057,0.61028135,,,ret_30m_bin,3.0,rel_strength_60m_bin,1.0,0.00569861269388597,bull_high_vol,False,False,"(False, 'PASS')",False,PASS,0.0,True,True,False,False,,,,,,,
session_range_pct_bin == 0 AND price_vs_vwap_pct_bin == 2,double,SHORT,fwd_ret_30m,5.001417220835278,5.75188981999375e-07,0.025285978,0.4910731184152419,0.40743074,0.34345275,1.1446629,0.6306160379188496,15851,0.025285978,0.6365243,,,session_range_pct_bin,0,price_vs_vwap_pct_bin,2,0.005682993733637271,bull_high_vol,False,False,"(False, 'PASS')",False,PASS,0.0,True,True,False,False,,,,,,,
ret_60m_turned_positive_bin == True,single,SHORT,fwd_ret_30m,5.781877091446751,7.394859613540916e-09,0.0065100747,0.4891995990080726,0.39273068,0.36337802,1.0350732,0.17214107369994872,284295,0.0065100747,0.60034615,ret_60m_turned_positive_bin,True,,,,,0.005635412523438287,bull_high_vol,True,True,"(False, 'PASS')",False,PASS,0.0,True,True,False,False,,,,,,,
ret_30m_bin == 3.0 AND rel_strength_60m_bin == 2.0,double,SHORT,fwd_ret_30m,4.4598359727058225,8.238705984320305e-06,0.017926356,0.4925671812464265,0.38775527,0.34106812,1.1035792,0.45243920491053286,24486,0.017926356,0.62897307,,,ret_30m_bin,3.0,rel_strength_60m_bin,2.0,0.005633505041991169,bull_high_vol,False,False,"(False, 'PASS')",False,PASS,0.0,True,True,False,False,,,,,,,
price_down_vol_weak_bin == True AND atr_14_bin == 4,double,SHORT,fwd_ret_30m,4.9211362839157395,8.693069684095889e-07,0.025363779,0.5061872367994817,0.49499744,0.45603848,1.1126289,0.628799699489219,15435,0.025363779,0.6403271,,,price_down_vol_weak_bin,True,atr_14_bin,4,0.00559643926983645,bull_high_vol,True,True,"(False, 'PASS')",False,PASS,0.012374473598963487,True,True,False,False,,,,,,,
rvol_bin == 2 AND price_vs_vwap_pct_bin == 4,double,SHORT,fwd_ret_30m,4.628707652600764,3.7030595974041347e-06,0.021443235,0.5055196622068474,0.461123,0.42805243,1.1013081,0.5240846015286191,19657,0.021443235,0.649515,,,rvol_bin,2,price_vs_vwap_pct_bin,4,0.005579980668865267,bull_high_vol,False,False,"(False, 'PASS')",False,PASS,0.011039324413694818,True,True,False,False,,,,,,,
rel_outperform_extreme_bin == True AND ret_15m_bin == 4.0,double,SHORT,fwd_ret_30m,4.623064501703043,3.805519499744392e-06,0.025854854,0.5104,0.5717237,0.5432045,1.0972159,0.527241224329193,19375,0.025854854,0.77845407,,,rel_outperform_extreme_bin,True,ret_15m_bin,4.0,0.0055796626595916695,bull_high_vol,True,True,"(False, 'PASS')",False,PASS,0.02079999999999993,True,True,False,False,,,,,,,
ret_60m_bin == 4.0 AND atr_14_bin == 1,double,SHORT,fwd_ret_30m,5.0744836871990815,3.9372571247753285e-07,0.024615249,0.5044175514143588,0.37720567,0.33426103,1.1485945,0.6941038490655627,13469,0.024615249,0.56296325,,,ret_60m_bin,4.0,atr_14_bin,1,0.005539341104472256,bull_high_vol,False,False,"(False, 'PASS')",False,PASS,0.00883510282871769,True,True,False,False,,,,,,,
atr_14_bin == 2 AND price_vs_vwap_pct_bin == 4,double,SHORT,fwd_ret_30m,4.796811285313144,1.62571986805915e-06,0.024440894,0.5000878168725484,0.43784326,0.3891067,1.1256478,0.5826345789123153,17081,0.024440894,0.6659185,,,atr_14_bin,2,price_vs_vwap_pct_bin,4,0.005526175960549201,bull_high_vol,False,False,"(False, 'PASS')",False,PASS,0.00017563374509688146,True,True,False,False,,,,,,,
ret_30m_turned_positive_bin == True AND rel_strength_60m_bin == 1.0,double,SHORT,fwd_ret_30m,3.819462616227591,0.00013392200251405306,0.010879809,0.4853006483701927,0.3833593,0.3403243,1.062112,0.2857081603332413,45036,0.010879809,0.60450363,,,ret_30m_turned_positive_bin,True,rel_strength_60m_bin,1.0,0.005520924951426177,bull_high_vol,True,True,"(False, 'PASS')",False,PASS,0.0,True,True,False,False,,,,,,,
ret_5m_turned_positive_bin == True AND ret_60m_bin == 3.0,double,SHORT,fwd_ret_30m,3.9617810028567226,7.447144368954994e-05,0.009472425,0.4854474138062606,0.38732618,0.34700838,1.0530508,0.24569735426646394,65521,0.009472425,0.61201346,,,ret_5m_turned_positive_bin,True,ret_60m_bin,3.0,0.005469144454106707,bull_high_vol,True,True,"(False, 'PASS')",False,PASS,0.0,True,True,False,False,,,,,,,
ret_30m_bin == 3.0 AND atr_14_bin == 2,double,SHORT,fwd_ret_30m,4.472693051327426,7.76167325833299e-06,0.019397084,0.49245808820276904,0.39754397,0.34751147,1.1099755,0.47222383417813335,22607,0.019397084,0.6520619,,,ret_30m_bin,3.0,atr_14_bin,2,0.0054430893080130585,bull_high_vol,False,False,"(False, 'PASS')",False,PASS,0.0,True,True,False,False,,,,,,,
rel_outperform_extreme_bin == True AND ret_30m_turned_positive_bin == True,double,SHORT,fwd_ret_30m,4.133460591123658,3.583194342038354e-05,0.017020224,0.5020833333333333,0.51748925,0.48763683,1.0700991,0.3803624323506956,29760,0.017020224,0.7103427,,,rel_outperform_extreme_bin,True,ret_30m_turned_positive_bin,True,0.005437964931889833,bull_high_vol,True,True,"(False, 'PASS')",False,PASS,0.004166666666666652,True,True,False,False,,,,,,,
rvol_bin == 3 AND is_power_hour_bin == True,double,SHORT,fwd_ret_30m,4.612271004939298,4.007431029462438e-06,0.04017309,0.4855525767053917,0.7851101,0.6629232,1.1177962,0.5158979501479485,20142,0.04017309,1.2361516,,,rvol_bin,3,is_power_hour_bin,True,0.005386835674818406,bull_high_vol,False,False,"(False, 'PASS')",False,PASS,0.10173090994358064,True,True,False,False,,,,,,,
rel_outperform_extreme_bin == True AND ret_60m_bin == 4.0,double,SHORT,fwd_ret_30m,4.042828552303406,5.293547388007802e-05,0.016100612,0.5041183551922955,0.5109207,0.48693857,1.0666791,0.36122334421410535,31566,0.016100612,0.7075658,,,rel_outperform_extreme_bin,True,ret_60m_bin,4.0,0.00537934563046965,bull_high_vol,True,True,"(False, 'PASS')",False,PASS,0.008236710384591062,True,True,False,False,,,,,,,
ret_60m_bin == 4.0 AND rvol_bin == 2,double,SHORT,fwd_ret_30m,4.4870394782897005,7.261988965279187e-06,0.019226676,0.5065122290713859,0.42785907,0.40019062,1.0973556,0.5022146189353669,20116,0.019226676,0.60773623,,,ret_60m_bin,4.0,rvol_bin,2,0.005314923971453802,bull_high_vol,False,False,"(False, 'PASS')",False,PASS,0.013024458142771866,True,True,False,False,,,,,,,
price_up_vol_weak_bin == True AND atr_14_bin == 4,double,SHORT,fwd_ret_30m,4.258232873436669,2.06823899917552e-05,0.016337363,0.5120342894823607,0.45179173,0.44059548,1.0759894,0.4339587863522856,24264,0.016337363,0.5976319,,,price_up_vol_weak_bin,True,atr_14_bin,4,0.005314416529333997,bull_high_vol,True,True,"(False, 'PASS')",False,PASS,0.024068578964721477,True,True,False,False,,,,,,,
ret_60m_bin == 4.0 AND rvol_bin == 4,double,SHORT,fwd_ret_30m,4.250561630930752,2.1400150249650807e-05,0.020465543,0.49886936168524615,0.5402692,0.4969925,1.0821718,0.4249971426189318,25207,0.020465543,0.7644297,,,ret_60m_bin,4.0,rvol_bin,4,0.00525843578401986,bull_high_vol,False,False,"(False, 'PASS')",False,PASS,0.0,True,True,False,False,,,,,,,
ret_5m_bin == 4.0 AND session_range_pct_bin == 2,double,SHORT,fwd_ret_30m,4.535608188819498,5.778654356580759e-06,0.021936474,0.5012806439809733,0.46337315,0.42176732,1.1042887,0.520555414682116,19131,0.021936474,0.66896,,,ret_5m_bin,4.0,session_range_pct_bin,2,0.005241279977088672,bull_high_vol,False,False,"(False, 'PASS')",False,PASS,0.0025612879619465456,True,True,False,False,,,,,,,
rel_outperform_extreme_bin == True AND ret_60m_turned_positive_bin == True,double,SHORT,fwd_ret_30m,3.951644957032962,7.777761218896728e-05,0.015208799,0.5013661202185792,0.5060675,0.47833958,1.0637641,0.3456339339465443,32940,0.015208799,0.69851995,,,rel_outperform_extreme_bin,True,ret_60m_turned_positive_bin,True,0.005221425950893464,bull_high_vol,True,True,"(False, 'PASS')",False,PASS,0.002732240437158362,True,True,False,False,,,,,,,
ret_15m_turned_positive_bin == True AND atr_14_bin == 3,double,SHORT,fwd_ret_30m,3.7886996495623486,0.00015158142776150463,0.009822656,0.49004242090605876,0.4373676,0.4010255,1.0480312,0.24200802401736135,61762,0.009822656,0.6443168,,,ret_15m_turned_positive_bin,True,atr_14_bin,3,0.005200437456968672,bull_high_vol,True,True,"(False, 'PASS')",False,PASS,0.0,True,True,False,False,,,,,,,
price_up_vol_weak_bin == True AND is_first_hour_bin == True,double,SHORT,fwd_ret_30m,3.816885171224608,0.000135270910368801,0.0074218344,0.49668854006485896,0.37910345,0.35936895,1.041033,0.23642287500882983,65681,0.0074218344,0.49833575,,,price_up_vol_weak_bin,True,is_first_hour_bin,True,0.0051876299173509305,bull_high_vol,True,True,"(False, 'PASS')",False,PASS,0.0,True,True,False,False,,,,,,,
ret_30m_bin == 4.0 AND rel_strength_60m_bin == 2.0,double,SHORT,fwd_ret_30m,5.135704638221904,2.855318526062689e-07,0.03115614,0.48899344647958326,0.45890173,0.37816304,1.1612272,0.7472919793196844,11902,0.03115614,0.66184086,,,ret_30m_bin,4.0,rel_strength_60m_bin,2.0,0.005170464941346092,bull_high_vol,False,False,"(False, 'PASS')",False,PASS,0.01156139448285104,True,True,False,False,,,,,,,
rel_strength_60m_bin == 1.0 AND price_vs_vwap_pct_bin == 3,double,SHORT,fwd_ret_30m,4.679060232496378,2.903896606953893e-06,0.02153349,0.48905959031657353,0.39253876,0.33358362,1.1263396,0.5666263889159847,17184,0.02153349,0.6032786,,,rel_strength_60m_bin,1.0,price_vs_vwap_pct_bin,3,0.005157719616137649,bull_high_vol,False,False,"(False, 'PASS')",False,PASS,0.0,True,True,False,False,,,,,,,
price_up_vol_strong_bin == True AND ret_15m_bin == 4.0,double,SHORT,fwd_ret_30m,4.537320208483934,5.734627445574958e-06,0.028618636,0.5064927764348754,0.58194554,0.53926784,1.1075352,0.5400374982895618,17789,0.028618636,0.84125036,,,price_up_vol_strong_bin,True,ret_15m_bin,4.0,0.005110511740624609,bull_high_vol,True,True,"(False, 'PASS')",False,PASS,0.012985552869750894,True,True,False,False,,,,,,,
ret_60m_turned_positive_bin == True AND ret_30m_bin == 3.0,double,SHORT,fwd_ret_30m,3.9951249273838823,6.471794222928651e-05,0.008355573,0.48789143528353285,0.37368488,0.33969766,1.048031,0.22418940930641484,80026,0.008355573,0.5916453,,,ret_60m_turned_positive_bin,True,ret_30m_bin,3.0,0.005057721467973551,bull_high_vol,True,True,"(False, 'PASS')",False,PASS,0.0,True,True,False,False,,,,,,,
vwap_cross_up_bin == True AND ret_30m_bin == 3.0,double,SHORT,fwd_ret_30m,4.1366164918043795,3.5277112775400354e-05,0.007884629,0.487969467927465,0.36812833,0.33543068,1.0459074,0.21440611400891152,93803,0.007884629,0.5837735,,,vwap_cross_up_bin,True,ret_30m_bin,3.0,0.005009118793877926,bull_high_vol,True,True,"(False, 'PASS')",False,PASS,0.0,True,True,False,False,,,,,,,
ret_30m_bin == 3.0,single,SHORT,fwd_ret_30m,4.236294247998796,2.2743567226646277e-05,0.007688989,0.48728308577740315,0.37050003,0.33712447,1.0444837,0.2093281399843326,103209,0.007688989,0.5830985,ret_30m_bin,3.0,,,,,0.005001281811331865,bull_high_vol,False,False,"(False, 'PASS')",False,PASS,0.0,True,True,False,False,,,,,,,
ret_30m_turned_positive_bin == True AND ret_30m_bin == 3.0,double,SHORT,fwd_ret_30m,4.236294247998796,2.2743567226646277e-05,0.007688989,0.48728308577740315,0.37050003,0.33712447,1.0444837,0.2093281399843326,103209,0.007688989,0.5830985,,,ret_30m_turned_positive_bin,True,ret_30m_bin,3.0,0.005001281811331865,bull_high_vol,True,True,"(False, 'PASS')",False,PASS,0.0,True,True,False,False,,,,,,,
ret_15m_turned_positive_bin == True AND rel_strength_60m_bin == 2.0,double,SHORT,fwd_ret_30m,3.7631897277061053,0.00016790661783705474,0.00890709,0.4900665297237637,0.3707866,0.33887362,1.0515448,0.23389415568423472,65234,0.00890709,0.6045284,,,ret_15m_turned_positive_bin,True,rel_strength_60m_bin,2.0,0.004992485183453468,bull_high_vol,True,True,"(False, 'PASS')",False,PASS,0.0,True,True,False,False,,,,,,,
ret_5m_bin == 4.0 AND atr_14_bin == 3,double,SHORT,fwd_ret_30m,4.106568344868107,4.028120782528788e-05,0.017617399,0.4951950908880398,0.4831918,0.439094,1.0794805,0.4049834160316598,25911,0.017617399,0.6905654,,,ret_5m_bin,4.0,atr_14_bin,3,0.004939614452132951,bull_high_vol,False,False,"(False, 'PASS')",False,PASS,0.0,True,True,False,False,,,,,,,
ret_60m_turned_positive_bin == True AND rel_strength_60m_bin == 4.0,double,SHORT,fwd_ret_30m,4.125226221701152,3.7067057318651564e-05,0.008094169,0.4973669164334507,0.42414528,0.40359792,1.0399,0.20740331445275634,99693,0.008094169,0.61952215,,,ret_60m_turned_positive_bin,True,rel_strength_60m_bin,4.0,0.0049252311025929155,bull_high_vol,True,True,"(False, 'PASS')",False,PASS,0.0,True,True,False,False,,,,,,,
ret_5m_turned_positive_bin == True AND rvol_bin == 3,double,SHORT,fwd_ret_30m,3.661129538559276,0.00025132245578873835,0.010783497,0.48809763293770536,0.43942347,0.39792365,1.0529387,0.23795939122825,59652,0.010783497,0.7193778,,,ret_5m_turned_positive_bin,True,rvol_bin,3,0.0049216520145579186,bull_high_vol,True,True,"(False, 'PASS')",False,PASS,0.0,True,True,False,False,,,,,,,
ret_30m_bin == 0.0 AND atr_14_bin == 4,double,SHORT,fwd_ret_30m,3.9817512770712855,6.857119097936071e-05,0.023767428,0.48310957849275166,0.6161874,0.5299356,1.0867682,0.36573293630432896,29869,0.023767428,1.0316168,,,ret_30m_bin,0.0,atr_14_bin,4,0.004864304853893453,bull_high_vol,False,False,"(False, 'PASS')",False,PASS,0.0,True,True,False,False,,,,,,,
price_up_vol_strong_bin == True AND ret_15m_turned_positive_bin == True,double,SHORT,fwd_ret_30m,3.7902406313464247,0.00015075974734912734,0.015125586,0.4935619805688868,0.49274665,0.45035213,1.0663183,0.3254856703426868,34172,0.015125586,0.7377014,,,price_up_vol_strong_bin,True,ret_15m_turned_positive_bin,True,0.004816449436902855,bull_high_vol,True,True,"(False, 'PASS')",False,PASS,0.0,True,True,False,False,,,,,,,
ret_30m_bin == 3.0 AND ret_60m_bin == 4.0,double,SHORT,fwd_ret_30m,4.376479910122995,1.212579873888231e-05,0.017494611,0.4946555191025505,0.37839592,0.33577296,1.1031029,0.5053791069769104,18898,0.017494611,0.5495248,,,ret_30m_bin,3.0,ret_60m_bin,4.0,0.004786049431283309,bull_high_vol,False,False,"(False, 'PASS')",False,PASS,0.0,True,True,False,False,,,,,,,
rel_strength_60m_bin == 1.0 AND session_range_pct_bin == 1,double,SHORT,fwd_ret_30m,4.123262817828072,3.747941809817412e-05,0.016941698,0.48981031834972816,0.3692642,0.32130736,1.1033486,0.4216924699629636,24093,0.016941698,0.637766,,,rel_strength_60m_bin,1.0,session_range_pct_bin,1,0.004749762860177572,bull_high_vol,False,False,"(False, 'PASS')",False,PASS,0.0,True,True,False,False,,,,,,,
ret_30m_bin == 3.0 AND rvol_bin == 3,double,SHORT,fwd_ret_30m,4.269291551202378,1.9697271157026464e-05,0.020265093,0.4933443451224252,0.42124125,0.3701763,1.1080506,0.47237966056877206,20584,0.020265093,0.68101656,,,ret_30m_bin,3.0,rvol_bin,3,0.004740707765000949,bull_high_vol,False,False,"(False, 'PASS')",False,PASS,0.0,True,True,False,False,,,,,,,
ret_30m_bin == 3.0 AND atr_14_bin == 3,double,SHORT,fwd_ret_30m,4.335091167724727,1.4642240126372386e-05,0.019984668,0.48654685754898974,0.43640146,0.3746108,1.1039001,0.49032885010724425,19698,0.019984668,0.6470082,,,ret_30m_bin,3.0,atr_14_bin,3,0.0047157279265220035,bull_high_vol,False,False,"(False, 'PASS')",False,PASS,0.0,True,True,False,False,,,,,,,
ret_5m_bin == 4.0 AND price_vs_vwap_pct_bin == 3,double,SHORT,fwd_ret_30m,4.033981415423357,5.5004342607745116e-05,0.018300844,0.5002628705463663,0.44345838,0.40730393,1.0899106,0.40723813815533394,24727,0.018300844,0.7133833,,,ret_5m_bin,4.0,price_vs_vwap_pct_bin,3,0.004704010572130023,bull_high_vol,False,False,"(False, 'PASS')",False,PASS,0.0005257410927326234,True,True,False,False,,,,,,,
ret_30m_turned_positive_bin == True AND rel_strength_60m_bin == 4.0,double,SHORT,fwd_ret_30m,3.9068391960756106,9.358101945911024e-05,0.008326089,0.49808416088514035,0.43412095,0.4142182,1.0400481,0.2088151399910905,88212,0.008326089,0.6329645,,,ret_30m_turned_positive_bin,True,rel_strength_60m_bin,4.0,0.004703016568659027,bull_high_vol,True,True,"(False, 'PASS')",False,PASS,0.0,True,True,False,False,,,,,,,
rvol_bin == 1 AND atr_14_bin == 4,double,SHORT,fwd_ret_30m,4.282338583445097,1.8585491914357988e-05,0.01885067,0.5064245513433153,0.4652476,0.43916723,1.0869647,0.49534752435451274,18834,0.01885067,0.60411143,,,rvol_bin,1,atr_14_bin,4,0.0046834357848827566,bull_high_vol,False,False,"(False, 'PASS')",False,PASS,0.012849102686630642,True,True,False,False,,,,,,,
rvol_bin == 1 AND price_vs_vwap_pct_bin == 4,double,SHORT,fwd_ret_30m,4.2646868915022615,2.011336427676369e-05,0.017512523,0.502587723838112,0.4266838,0.39591607,1.0889261,0.4870363597042065,19322,0.017512523,0.5708048,,,rvol_bin,1,price_vs_vwap_pct_bin,4,0.004669052349270489,bull_high_vol,False,False,"(False, 'PASS')",False,PASS,0.005175447676224021,True,True,False,False,,,,,,,
price_up_vol_strong_bin == True AND ret_5m_bin == 4.0,double,SHORT,fwd_ret_30m,4.467349176972389,7.974625833906401e-06,0.029651899,0.5030476190476191,0.5768269,0.5242343,1.1138184,0.5650799524396273,15750,0.029651899,0.83299595,,,price_up_vol_strong_bin,True,ret_5m_bin,4.0,0.004629837072959053,bull_high_vol,True,True,"(False, 'PASS')",False,PASS,0.0060952380952381535,True,True,False,False,,,,,,,
rel_strength_60m_bin == 4.0 AND is_first_hour_bin == True,double,SHORT,fwd_ret_30m,3.533608113503013,0.00041022888034292215,0.008620583,0.497569224265483,0.44445312,0.42299482,1.0405625,0.22618849631428883,61503,0.008620583,0.6050154,,,rel_strength_60m_bin,4.0,is_first_hour_bin,True,0.00460286953014908,bull_high_vol,False,False,"(False, 'PASS')",False,PASS,0.0,True,True,False,False,,,,,,,
new_session_low_bin == True AND session_range_pct_bin == 0,double,SHORT,fwd_ret_30m,4.459463540978336,8.270313832881016e-06,0.032504544,0.48283326318321207,0.5525596,0.45302537,1.1387365,0.5489385264440144,16631,0.032504544,0.9399844,,,new_session_low_bin,True,session_range_pct_bin,0,0.00455028006936831,bull_high_vol,True,True,"(False, 'PASS')",False,PASS,0.02504543662071229,True,True,False,False,,,,,,,
price_up_vol_strong_bin == True AND vwap_cross_up_bin == True,double,SHORT,fwd_ret_30m,3.635774270252946,0.0002775322861507945,0.014005044,0.4926829268292683,0.487695,0.44602078,1.0618942,0.3038532712501522,36080,0.014005044,0.7316794,,,price_up_vol_strong_bin,True,vwap_cross_up_bin,True,0.004545808359477111,bull_high_vol,True,True,"(False, 'PASS')",False,PASS,0.0,True,True,False,False,,,,,,,
price_up_vol_weak_bin == True AND ret_5m_turned_positive_bin == True,double,SHORT,fwd_ret_30m,3.6903846481884113,0.00022407428957005315,0.007227505,0.4923847668546475,0.36448258,0.33930847,1.0419624,0.2144115989795877,74653,0.007227505,0.5351067,,,price_up_vol_weak_bin,True,ret_5m_turned_positive_bin,True,0.004509317101378211,bull_high_vol,True,True,"(False, 'PASS')",False,PASS,0.0,True,True,False,False,,,,,,,
vwap_cross_up_bin == True AND rvol_bin == 2,double,SHORT,fwd_ret_30m,3.5273657610554197,0.00042001041907413494,0.008462246,0.4901969981238274,0.39644784,0.3646022,1.0455265,0.22140965277944355,63960,0.008462246,0.60672146,,,vwap_cross_up_bin,True,rvol_bin,2,0.00443102245403691,bull_high_vol,True,True,"(False, 'PASS')",False,PASS,0.0,True,True,False,False,,,,,,,
atr_14_bin == 1 AND price_vs_vwap_pct_bin == 3,double,SHORT,fwd_ret_30m,3.981667415332665,6.863480279895029e-05,0.014010133,0.4897814776274714,0.33967084,0.29860604,1.0919577,0.4077871674573034,24025,0.014010133,0.5453923,,,atr_14_bin,1,price_vs_vwap_pct_bin,3,0.004422629338961262,bull_high_vol,False,False,"(False, 'PASS')",False,PASS,0.0,True,True,False,False,,,,,,,
ret_30m_bin == 3.0 AND atr_14_bin == 1,double,SHORT,fwd_ret_30m,3.9619665371692676,7.4549928696932e-05,0.013680028,0.4935790527018012,0.3351608,0.29964855,1.0901494,0.40611615857416034,23984,0.013680028,0.534733,,,ret_30m_bin,3.0,atr_14_bin,1,0.004409157997119846,bull_high_vol,False,False,"(False, 'PASS')",False,PASS,0.0,True,True,False,False,,,,,,,
price_up_vol_strong_bin == True AND ret_5m_turned_positive_bin == True,double,SHORT,fwd_ret_30m,3.737995453536536,0.00018583738454713838,0.015912239,0.4932031718531352,0.4925174,0.4479091,1.0700984,0.3425130299846596,30014,0.015912239,0.73748714,,,price_up_vol_strong_bin,True,ret_5m_turned_positive_bin,True,0.0043871436897152455,bull_high_vol,True,True,"(False, 'PASS')",False,PASS,0.0,True,True,False,False,,,,,,,
