rule,rule_type,direction,horizon,t_stat,p_value,expectancy,win_rate,avg_win,avg_loss,profit_factor,sharpe,n_samples,mean_ret,std_ret,rule_col,rule_val,rule_col1,rule_val1,rule_col2,rule_val2,aaa_score,regime,is_event_based,passes_event_filter,overfit_check,is_overfit,overfit_reason,overfit_risk,passes_overfit_filter,passes_regime_filter,passes_aaa_score,passes_aaa_filters,validation_passed,validation_reason,val_expectancy,val_expectancy_net,val_win_rate,val_sharpe,val_trades
session_range_pct_bin == 0,single,SHORT,fwd_ret_120m,36.527176848056506,0.0,0.15861835,0.5100955811859039,0.93632114,0.6511371,1.4972441,1.8044465401074856,103263,0.15861835,1.3954352,session_range_pct_bin,0,,,,,0.38913289588377326,bull_high_vol,False,False,"(True, 'Expectancy too high (15.862% > 10.000%)')",True,Expectancy too high (15.862% > 10.000%),1.4585978909922162,False,True,True,False,,,,,,,
ret_15m_turned_positive_bin == True AND session_range_pct_bin == 0,double,SHORT,fwd_ret_120m,38.2236231109451,0.0,0.2770362,0.551824902837439,1.0547512,0.6805416,1.9083102,3.2800900522976093,34221,0.2770362,1.3407599,,,ret_15m_turned_positive_bin,True,session_range_pct_bin,0,0.3198517389680265,bull_high_vol,True,True,"(True, 'Expectancy too high (27.704% > 10.000%)')",True,Expectancy too high (27.704% > 10.000%),3.4640567321532725,False,True,True,False,,,,,,,
ret_5m_turned_positive_bin == True AND session_range_pct_bin == 0,double,SHORT,fwd_ret_120m,31.951931140824396,0.0,0.21631606,0.5293068692820593,1.0034275,0.66881156,1.6871431,2.5785500614238983,38694,0.21631606,1.3317217,,,ret_5m_turned_positive_bin,True,session_range_pct_bin,0,0.3029664359700113,bull_high_vol,True,True,"(True, 'Expectancy too high (21.632% > 10.000%)')",True,Expectancy too high (21.632% > 10.000%),2.461049361593649,False,True,True,False,,,,,,,
vwap_cross_up_bin == True AND session_range_pct_bin == 0,double,SHORT,fwd_ret_120m,38.15749928669467,0.0,0.29234126,0.5550367542669653,1.0780389,0.68771964,1.9553326,3.402288220779219,31697,0.29234126,1.3640155,,,vwap_cross_up_bin,True,session_range_pct_bin,0,0.29394982885683824,bull_high_vol,True,True,"(True, 'Expectancy too high (29.234% > 10.000%)')",True,Expectancy too high (29.234% > 10.000%),3.6846302399448105,False,True,True,False,,,,,,,
ret_30m_turned_positive_bin == True AND session_range_pct_bin == 0,double,SHORT,fwd_ret_120m,36.73187896232684,0.0,0.31991684,0.5542388685989588,1.1241302,0.68000525,2.0554132,3.6345950318634817,25738,0.31991684,1.3972733,,,ret_30m_turned_positive_bin,True,session_range_pct_bin,0,0.2301190997191506,bull_high_vol,True,True,"(True, 'Expectancy too high (31.992% > 10.000%)')",True,Expectancy too high (31.992% > 10.000%),4.074943696809468,False,True,True,False,,,,,,,
ret_30m_turned_positive_bin == True AND rel_strength_60m_bin == 1.0,double,SHORT,fwd_ret_120m,20.272507463388404,0.0,0.10302925,0.5155431210587086,0.7796008,0.616956,1.3447078,1.5164490919863087,45036,0.10302925,1.0785319,,,ret_30m_turned_positive_bin,True,rel_strength_60m_bin,1.0,0.1652252297395611,bull_high_vol,True,True,"(True, 'Expectancy too high (10.303% > 10.000%)')",True,Expectancy too high (10.303% > 10.000%),0.7696032990968996,False,True,True,False,,,,,,,
ret_60m_bin == 1.0 AND session_range_pct_bin == 0,double,SHORT,fwd_ret_120m,23.025395144190682,0.0,0.16074641,0.5185387504267668,0.887416,0.6218843,1.5368714,2.1357365217371505,29290,0.16074641,1.1947963,,,ret_60m_bin,1.0,session_range_pct_bin,0,0.16190263956017037,bull_high_vol,False,False,"(True, 'Expectancy too high (16.075% > 10.000%)')",True,Expectancy too high (16.075% > 10.000%),1.662409866612932,False,True,True,False,,,,,,,
vwap_cross_up_bin == True AND rel_strength_60m_bin == 1.0,double,SHORT,fwd_ret_120m,19.819218662271005,0.0,0.09386532,0.5099307597458029,0.7903478,0.63084424,1.3036166,1.3703126782221882,52715,0.09386532,1.087391,,,vwap_cross_up_bin,True,rel_strength_60m_bin,1.0,0.16028898270198821,bull_high_vol,True,True,"(False, 'PASS')",False,PASS,0.6585147203563977,True,True,True,True,False,Net expectancy -8.906% < 1.000% after 2.0 bps cost,-0.069062866,-0.08906287,0.4884376100481277,-1.3159776,8519.0
ret_60m_turned_positive_bin == True AND session_range_pct_bin == 0,double,SHORT,fwd_ret_120m,29.51630241457478,0.0,0.27794975,0.542692268409764,1.0696089,0.66152126,1.918785,3.3483719347953307,19582,0.27794975,1.3177495,,,ret_60m_turned_positive_bin,True,session_range_pct_bin,0,0.1437766420523581,bull_high_vol,True,True,"(True, 'Expectancy too high (27.795% > 10.000%)')",True,Expectancy too high (27.795% > 10.000%),3.4890680084515076,False,True,True,False,,,,,,,
ret_60m_turned_positive_bin == True AND session_range_pct_bin == 1,double,SHORT,fwd_ret_120m,18.813827687983732,0.0,0.098632514,0.5131525879453283,0.8044927,0.6453665,1.3139213,1.4137219484650676,44630,0.098632514,1.1075323,,,ret_60m_turned_positive_bin,True,session_range_pct_bin,1,0.14100380302843407,bull_high_vol,True,True,"(False, 'PASS')",False,PASS,0.7126303206584177,True,True,True,True,False,Net expectancy -3.672% < 1.000% after 2.0 bps cost,-0.016715076,-0.036715075,0.5058875478363262,-0.25609648,6794.0
rel_strength_60m_bin == 1.0 AND session_range_pct_bin == 0,double,SHORT,fwd_ret_120m,21.199662508127457,0.0,0.15634201,0.5013705369693562,0.9468234,0.63848495,1.4910741,1.9949972008440924,28456,0.15634201,1.2440381,,,rel_strength_60m_bin,1.0,session_range_pct_bin,0,0.1396754734864708,bull_high_vol,False,False,"(True, 'Expectancy too high (15.634% > 10.000%)')",True,Expectancy too high (15.634% > 10.000%),1.5136598210644787,False,True,True,False,,,,,,,
session_range_pct_bin == 0 AND atr_14_bin == 2,double,SHORT,fwd_ret_120m,26.426632613107955,0.0,0.22957386,0.5325893275813561,0.96774524,0.6115328,1.8031636,2.872680978209774,21326,0.22957386,1.268631,,,session_range_pct_bin,0,atr_14_bin,2,0.13896004315725932,bull_high_vol,False,False,"(True, 'Expectancy too high (22.957% > 10.000%)')",True,Expectancy too high (22.957% > 10.000%),2.7472577519126338,False,True,True,False,,,,,,,
ret_5m_turned_positive_bin == True AND rel_strength_60m_bin == 1.0,double,SHORT,fwd_ret_120m,18.425267142802426,0.0,0.087713614,0.505716765405079,0.7943117,0.6352292,1.2793577,1.2704802982006678,53002,0.087713614,1.0959717,,,ret_5m_turned_positive_bin,True,rel_strength_60m_bin,1.0,0.13701727846118297,bull_high_vol,True,True,"(False, 'PASS')",False,PASS,0.5885696718719409,True,True,True,True,False,Net expectancy -8.232% < 1.000% after 2.0 bps cost,-0.062320944,-0.08232094,0.4810112728466674,-1.1510472,9137.0
ret_30m_bin == 1.0 AND session_range_pct_bin == 0,double,SHORT,fwd_ret_120m,20.925002894721985,0.0,0.14162922,0.5145549200762575,0.85058683,0.6098412,1.4784052,2.0112935070359415,27276,0.14162922,1.1178349,,,ret_30m_bin,1.0,session_range_pct_bin,0,0.13596408130899212,bull_high_vol,False,False,"(True, 'Expectancy too high (14.163% > 10.000%)')",True,Expectancy too high (14.163% > 10.000%),1.4010487842222434,False,True,True,False,,,,,,,
rel_strength_60m_bin == 1.0,single,SHORT,fwd_ret_120m,21.67946491598468,0.0,0.073268116,0.49993217185713457,0.774084,0.6273576,1.2335453,1.0712843774839964,103202,0.073268116,1.0857017,rel_strength_60m_bin,1.0,,,,,0.13438496225014054,bull_high_vol,False,False,"(False, 'PASS')",False,PASS,0.43268115520477296,True,True,True,False,,,,,,,
ret_15m_turned_positive_bin == True AND rel_strength_60m_bin == 1.0,double,SHORT,fwd_ret_120m,18.09298235819141,0.0,0.08557764,0.5062026254298144,0.78928447,0.63580775,1.2725749,1.2518625040426279,52639,0.08557764,1.0851854,,,ret_15m_turned_positive_bin,True,rel_strength_60m_bin,1.0,0.13270199199649407,bull_high_vol,True,True,"(False, 'PASS')",False,PASS,0.5681816204313146,True,True,True,True,False,Net expectancy -8.891% < 1.000% after 2.0 bps cost,-0.06890988,-0.08890988,0.48857241300103366,-1.2885928,8707.0
ret_30m_turned_positive_bin == True AND session_range_pct_bin == 1,double,SHORT,fwd_ret_120m,16.80852589911283,0.0,0.08278701,0.5071218981364528,0.7995548,0.65469486,1.256557,1.1762260890039615,51461,0.08278701,1.1173048,,,ret_30m_turned_positive_bin,True,session_range_pct_bin,1,0.11604302927578833,bull_high_vol,True,True,"(False, 'PASS')",False,PASS,0.5421138672072012,True,True,True,True,False,Net expectancy -3.210% < 1.000% after 2.0 bps cost,-0.012103435,-0.032103434,0.49620069955373297,-0.19453327,8291.0
session_range_pct_bin == 0 AND is_power_hour_bin == True,double,SHORT,fwd_ret_120m,29.467278498276773,0.0,0.4618018,0.5538728897715988,1.6657294,1.0328908,2.0021725,3.685238194861005,16112,0.4618018,1.9892544,,,session_range_pct_bin,0,is_power_hour_bin,True,0.11564488015682978,bull_high_vol,False,False,"(True, 'Expectancy too high (46.180% > 10.000%)')",True,Expectancy too high (46.180% > 10.000%),5.518382848489355,False,True,True,False,,,,,,,
ret_15m_bin == 2.0 AND session_range_pct_bin == 0,double,SHORT,fwd_ret_120m,26.041525694019324,0.0,0.24344432,0.5401966454598034,0.9803035,0.6222494,1.8508697,3.1439033457715073,17290,0.24344432,1.2292231,,,ret_15m_bin,2.0,session_range_pct_bin,0,0.11252350352195424,bull_high_vol,False,False,"(True, 'Expectancy too high (24.344% > 10.000%)')",True,Expectancy too high (24.344% > 10.000%),3.0367881992026993,False,True,True,False,,,,,,,
ret_5m_bin == 1.0 AND session_range_pct_bin == 0,double,SHORT,fwd_ret_120m,19.153235170022054,0.0,0.13896087,0.5095900714554343,0.8556582,0.60576683,1.467765,1.8645894949047053,26590,0.13896087,1.1830676,,,ret_5m_bin,1.0,session_range_pct_bin,0,0.11201622240493432,bull_high_vol,False,False,"(True, 'Expectancy too high (13.896% > 10.000%)')",True,Expectancy too high (13.896% > 10.000%),1.291083571565156,False,True,True,False,,,,,,,
ret_60m_bin == 2.0 AND rel_strength_60m_bin == 1.0,double,SHORT,fwd_ret_120m,19.132784533809662,0.0,0.13069001,0.5261118734361127,0.78544617,0.5962221,1.4625497,1.9295024522328232,24778,0.13069001,1.07522,,,ret_60m_bin,2.0,rel_strength_60m_bin,1.0,0.11139972545293995,bull_high_vol,False,False,"(True, 'Expectancy too high (13.069% > 10.000%)')",True,Expectancy too high (13.069% > 10.000%),1.273875057007344,False,True,True,False,,,,,,,
ret_5m_turned_positive_bin == True AND ret_30m_turned_positive_bin == True,double,SHORT,fwd_ret_120m,22.892765164312856,0.0,0.055312593,0.5051403365230692,0.7641495,0.6682504,1.1672641,0.8192403651265514,196777,0.055312593,1.071798,,,ret_5m_turned_positive_bin,True,ret_30m_turned_positive_bin,True,0.1096498147991471,bull_high_vol,True,True,"(False, 'PASS')",False,PASS,0.2634065984082486,True,True,True,True,False,Net expectancy -5.558% < 1.000% after 2.0 bps cost,-0.035582967,-0.055582967,0.48546634088802765,-0.593967,35607.0
ret_5m_turned_positive_bin == True AND is_power_hour_bin == True,double,SHORT,fwd_ret_120m,16.50236240582522,0.0,0.12933649,0.4939846163960292,1.3266364,1.0394969,1.2458863,1.2263286201748365,45633,0.12933649,1.6742275,,,ret_5m_turned_positive_bin,True,is_power_hour_bin,True,0.10559945650081122,bull_high_vol,True,True,"(True, 'Expectancy too high (12.934% > 10.000%)')",True,Expectancy too high (12.934% > 10.000%),0.9933649122714996,False,True,True,False,,,,,,,
ret_5m_turned_positive_bin == True AND ret_30m_bin == 4.0,double,SHORT,fwd_ret_120m,17.390516102785956,0.0,0.07104798,0.5166544582806153,0.81080574,0.71968895,1.2042438,1.007479295526742,75085,0.07104798,1.1194787,,,ret_5m_turned_positive_bin,True,ret_30m_bin,4.0,0.10476954058461647,bull_high_vol,True,True,"(False, 'PASS')",False,PASS,0.443788682691678,True,True,True,True,False,Net expectancy -4.041% < 1.000% after 2.0 bps cost,-0.020406697,-0.040406696,0.5026521681474605,-0.30537036,15082.0
session_range_pct_bin == 0 AND atr_14_bin == 3,double,SHORT,fwd_ret_120m,20.477201031255742,0.0,0.17003106,0.5141389386370063,0.95415133,0.65972626,1.5304596,2.2316117984937005,21218,0.17003106,1.2095112,,,session_range_pct_bin,0,atr_14_bin,3,0.10341934539350413,bull_high_vol,False,False,"(True, 'Expectancy too high (17.003% > 10.000%)')",True,Expectancy too high (17.003% > 10.000%),1.794394334601536,False,True,True,False,,,,,,,
atr_14_bin == 2,single,SHORT,fwd_ret_120m,18.99698235171064,0.0,0.06291881,0.4981209197807094,0.7671622,0.6360511,1.1971012,0.9385484419433018,103242,0.06291881,1.0642021,atr_14_bin,2,,,,,0.10279271837302517,bull_high_vol,False,False,"(False, 'PASS')",False,PASS,0.32918812036514283,True,True,True,False,,,,,,,
rel_strength_60m_bin == 2.0 AND session_range_pct_bin == 0,double,SHORT,fwd_ret_120m,23.09616462025067,0.0,0.21907015,0.5365758320303775,0.97397614,0.65499794,1.7217131,2.739785608912282,17908,0.21907015,1.2693076,,,rel_strength_60m_bin,2.0,session_range_pct_bin,0,0.10274585455369843,bull_high_vol,False,False,"(True, 'Expectancy too high (21.907% > 10.000%)')",True,Expectancy too high (21.907% > 10.000%),2.5837459829993943,False,True,True,False,,,,,,,
ret_15m_turned_positive_bin == True AND atr_14_bin == 2,double,SHORT,fwd_ret_120m,16.64438956893978,0.0,0.072670415,0.5044256286313363,0.7870604,0.6544789,1.2240542,1.0570804619386662,62477,0.072670415,1.0913143,,,ret_15m_turned_positive_bin,True,atr_14_bin,2,0.10272101908191207,bull_high_vol,True,True,"(False, 'PASS')",False,PASS,0.4355554077009814,True,True,True,True,False,Net expectancy -5.910% < 1.000% after 2.0 bps cost,-0.039096955,-0.059096955,0.47552571125640575,-0.7129338,11318.0
vwap_cross_up_bin == True AND ret_5m_turned_positive_bin == True,double,SHORT,fwd_ret_120m,22.92642049648651,0.0,0.051265378,0.502807844632597,0.76505244,0.6705838,1.1537613,0.7575923107209274,230782,0.051265378,1.0742092,,,vwap_cross_up_bin,True,ret_5m_turned_positive_bin,True,0.10107880852306814,bull_high_vol,True,True,"(False, 'PASS')",False,PASS,0.21826946477836612,True,True,True,True,False,Net expectancy -5.600% < 1.000% after 2.0 bps cost,-0.03599878,-0.05599878,0.4857046592221794,-0.60261405,41552.0
vwap_cross_up_bin == True AND atr_14_bin == 2,double,SHORT,fwd_ret_120m,16.614213684693453,0.0,0.07146969,0.5027946117373693,0.7848151,0.64989465,1.2211785,1.04503493409942,63694,0.07146969,1.0856538,,,vwap_cross_up_bin,True,atr_14_bin,2,0.10103863556209056,bull_high_vol,True,True,"(False, 'PASS')",False,PASS,0.4202860927288508,True,True,True,True,False,Net expectancy -5.021% < 1.000% after 2.0 bps cost,-0.030213848,-0.050213847,0.47932021156680826,-0.55921185,11533.0
ret_5m_turned_positive_bin == True AND atr_14_bin == 2,double,SHORT,fwd_ret_120m,16.319739716558495,0.0,0.072740786,0.5025116341582245,0.78623676,0.6479595,1.2256563,1.0618693883576118,59523,0.072740786,1.0874447,,,ret_5m_turned_positive_bin,True,atr_14_bin,2,0.10078982880694826,bull_high_vol,True,True,"(False, 'PASS')",False,PASS,0.43243112609213724,True,True,True,True,False,Net expectancy -4.838% < 1.000% after 2.0 bps cost,-0.028381094,-0.048381094,0.4802345375449215,-0.5135981,10574.0
session_range_pct_bin == 0 AND rvol_bin == 4,double,SHORT,fwd_ret_120m,18.84490333510623,0.0,0.1793657,0.508663691257548,1.0776751,0.7506232,1.4863385,1.978850866465017,22854,0.1793657,1.4388866,,,session_range_pct_bin,0,rvol_bin,4,0.10034972674365089,bull_high_vol,False,False,"(True, 'Expectancy too high (17.937% > 10.000%)')",True,Expectancy too high (17.937% > 10.000%),1.750409760976181,False,True,True,False,,,,,,,
session_range_pct_bin == 0 AND price_vs_vwap_pct_bin == 1,double,SHORT,fwd_ret_120m,18.17905350235602,0.0,0.1294224,0.5014580529385375,0.87081754,0.61630934,1.42122,1.7645171363278862,26748,0.1294224,1.1643507,,,session_range_pct_bin,0,price_vs_vwap_pct_bin,1,0.09959541050742522,bull_high_vol,False,False,"(True, 'Expectancy too high (12.942% > 10.000%)')",True,Expectancy too high (12.942% > 10.000%),1.129398638255343,False,True,True,False,,,,,,,
ret_60m_turned_positive_bin == True AND rel_strength_60m_bin == 1.0,double,SHORT,fwd_ret_120m,17.10073292059626,0.0,0.097957686,0.5143212564142435,0.7507804,0.5933648,1.3399128,1.5138774538749942,32155,0.097957686,1.0271835,,,ret_60m_turned_positive_bin,True,rel_strength_60m_bin,1.0,0.0991070812386051,bull_high_vol,True,True,"(False, 'PASS')",False,PASS,0.7151580956638875,True,True,True,True,False,Net expectancy -12.080% < 1.000% after 2.0 bps cost,-0.10079903,-0.120799035,0.4633249022763854,-2.0825734,4349.0
ret_30m_bin == 2.0 AND session_range_pct_bin == 0,double,SHORT,fwd_ret_120m,25.30578192000967,0.0,0.2509282,0.537311517484761,1.0028058,0.6222133,1.8716085,3.2178562444197745,15585,0.2509282,1.237893,,,ret_30m_bin,2.0,session_range_pct_bin,0,0.0981067674991486,bull_high_vol,False,False,"(True, 'Expectancy too high (25.093% > 10.000%)')",True,Expectancy too high (25.093% > 10.000%),3.1428330904870574,False,True,True,False,,,,,,,
ret_15m_bin == 1.0 AND session_range_pct_bin == 0,double,SHORT,fwd_ret_120m,18.14608302771042,0.0,0.13164364,0.5081631043457686,0.8533909,0.6140614,1.4358802,1.8089462858622096,25358,0.13164364,1.155246,,,ret_15m_bin,1.0,session_range_pct_bin,0,0.0979135834362216,bull_high_vol,False,False,"(True, 'Expectancy too high (13.164% > 10.000%)')",True,Expectancy too high (13.164% > 10.000%),1.187235731770576,False,True,True,False,,,,,,,
session_range_pct_bin == 0 AND rvol_bin == 3,double,SHORT,fwd_ret_120m,18.708151741375406,0.0,0.25541767,0.5115823073415413,1.1524854,0.68419594,1.7643269,2.005450046955566,21930,0.25541767,2.0218055,,,session_range_pct_bin,0,rvol_bin,3,0.0971697936974494,bull_high_vol,False,False,"(True, 'Expectancy too high (25.542% > 10.000%)')",True,Expectancy too high (25.542% > 10.000%),2.5300663859597856,False,True,True,False,,,,,,,
vwap_cross_up_bin == True AND ret_15m_turned_positive_bin == True,double,SHORT,fwd_ret_120m,23.505037835564686,0.0,0.047523238,0.5016319847319967,0.7580842,0.66769135,1.1428171,0.709398726756814,276657,0.047523238,1.0634471,,,vwap_cross_up_bin,True,ret_15m_turned_positive_bin,True,0.09681058326783083,bull_high_vol,True,True,"(False, 'PASS')",False,PASS,0.1784963471123469,True,True,True,True,False,Net expectancy -5.900% < 1.000% after 2.0 bps cost,-0.039001767,-0.059001766,0.4826653944020356,-0.6545285,50304.0
rel_strength_60m_bin == 1.0 AND atr_14_bin == 2,double,SHORT,fwd_ret_120m,18.41594880323607,0.0,0.1398068,0.5191575173650012,0.8442941,0.62081623,1.4683411,1.95702298952267,22315,0.1398068,1.1340512,,,rel_strength_60m_bin,1.0,atr_14_bin,2,0.0966501022178742,bull_high_vol,False,False,"(True, 'Expectancy too high (13.981% > 10.000%)')",True,Expectancy too high (13.981% > 10.000%),1.3648945999030193,False,True,True,False,,,,,,,
rel_strength_60m_bin == 0.0 AND session_range_pct_bin == 0,double,SHORT,fwd_ret_120m,15.958849285594681,0.0,0.12095237,0.4932527082555099,0.91078514,0.64784735,1.3684258,1.224102224746083,42832,0.12095237,1.568545,,,rel_strength_60m_bin,0.0,session_range_pct_bin,0,0.09553738416730366,bull_high_vol,False,False,"(True, 'Expectancy too high (12.095% > 10.000%)')",True,Expectancy too high (12.095% > 10.000%),0.9095236778259277,False,True,True,False,,,,,,,
ret_15m_turned_positive_bin == True AND ret_30m_turned_positive_bin == True,double,SHORT,fwd_ret_120m,22.375634520913792,0.0,0.049113505,0.5032309151577771,0.7588812,0.66988665,1.147586,0.7309305631255227,236156,0.049113505,1.0666577,,,ret_15m_turned_positive_bin,True,ret_30m_turned_positive_bin,True,0.0952587882091799,bull_high_vol,True,True,"(False, 'PASS')",False,PASS,0.19759687620159389,True,True,True,True,False,Net expectancy -6.192% < 1.000% after 2.0 bps cost,-0.041923497,-0.061923496,0.48145661635336606,-0.6998118,43196.0
session_range_pct_bin == 0 AND price_vs_vwap_pct_bin == 2,double,SHORT,fwd_ret_120m,23.710041525643504,0.0,0.23493244,0.5404416403785489,0.98464143,0.646727,1.7904625,2.989633444924699,15850,0.23493244,1.2474562,,,session_range_pct_bin,0,price_vs_vwap_pct_bin,2,0.0938742014478256,bull_high_vol,False,False,"(True, 'Expectancy too high (23.493% > 10.000%)')",True,Expectancy too high (23.493% > 10.000%),2.875024378610454,False,True,True,False,,,,,,,
ret_5m_turned_positive_bin == True AND ret_15m_bin == 4.0,double,SHORT,fwd_ret_120m,16.903306887146073,0.0,0.067255214,0.5115545712772616,0.8346998,0.7364984,1.1869555,0.9309218785116782,83084,0.067255214,1.1468668,,,ret_5m_turned_positive_bin,True,ret_15m_bin,4.0,0.09316722088532789,bull_high_vol,True,True,"(False, 'PASS')",False,PASS,0.39566128112149396,True,True,True,True,False,Net expectancy -4.936% < 1.000% after 2.0 bps cost,-0.029356003,-0.049356002,0.4952728578267113,-0.44893643,16712.0
ret_5m_turned_positive_bin == True AND ret_15m_turned_positive_bin == True,double,SHORT,fwd_ret_120m,21.72831896948002,0.0,0.049579747,0.5025695366647869,0.76455474,0.6727818,1.1481485,0.7355794527729188,219884,0.049579747,1.0699784,,,ret_5m_turned_positive_bin,True,ret_15m_turned_positive_bin,True,0.092968994779764,bull_high_vol,True,True,"(False, 'PASS')",False,PASS,0.2009365435415565,True,True,True,True,False,Net expectancy -5.704% < 1.000% after 2.0 bps cost,-0.037038285,-0.057038285,0.48473954330201074,-0.61691993,40333.0
vwap_cross_up_bin == True AND session_range_pct_bin == 1,double,SHORT,fwd_ret_120m,15.71957141538537,0.0,0.07045579,0.49841706585337553,0.79066086,0.64520353,1.2177094,1.0159461978619615,60331,0.07045579,1.1008959,,,vwap_cross_up_bin,True,session_range_pct_bin,1,0.09212777279393206,bull_high_vol,True,True,"(False, 'PASS')",False,PASS,0.4045578956604004,True,True,True,True,False,Net expectancy -4.131% < 1.000% after 2.0 bps cost,-0.02131118,-0.041311182,0.49006756075426033,-0.33952326,9917.0
vwap_cross_up_bin == True AND ret_30m_turned_positive_bin == True,double,SHORT,fwd_ret_120m,22.55237983264313,0.0,0.04663989,0.5019488059970337,0.75022185,0.66244805,1.1413617,0.700860327607066,260929,0.04663989,1.0563949,,,vwap_cross_up_bin,True,ret_30m_turned_positive_bin,True,0.09182681851435102,bull_high_vol,True,True,"(False, 'PASS')",False,PASS,0.1702965067809022,True,True,True,True,False,Net expectancy -5.461% < 1.000% after 2.0 bps cost,-0.0346108,-0.0546108,0.48548278190411887,-0.5849379,47392.0
price_up_vol_weak_bin == True AND ret_60m_bin == 4.0,double,SHORT,fwd_ret_120m,15.02315810388164,0.0,0.06172964,0.520094719603417,0.66929084,0.5967115,1.2155627,1.121913938936986,45186,0.06172964,0.87344277,,,price_up_vol_weak_bin,True,ret_60m_bin,4.0,0.09169029654052291,bull_high_vol,True,True,"(False, 'PASS')",False,PASS,0.3574858368928387,True,True,True,True,False,Net expectancy -0.545% < 1.000% after 2.0 bps cost,0.014552881,-0.0054471185,0.5088954056695992,0.28261015,10230.0
ret_5m_turned_positive_bin == True AND price_vs_vwap_pct_bin == 4,double,SHORT,fwd_ret_120m,16.663056701739443,0.0,0.06504149,0.5129618754269688,0.8170543,0.726999,1.1836934,0.9157472266466767,83437,0.06504149,1.1274964,,,ret_5m_turned_positive_bin,True,price_vs_vwap_pct_bin,4,0.09059445782457405,bull_high_vol,True,True,"(False, 'PASS')",False,PASS,0.3763386498455224,True,True,True,True,False,Net expectancy -3.914% < 1.000% after 2.0 bps cost,-0.019141823,-0.039141823,0.4990827859636665,-0.2981001,16899.0
ret_30m_turned_positive_bin == True AND atr_14_bin == 2,double,SHORT,fwd_ret_120m,15.366688039371345,0.0,0.068428986,0.5030839872528526,0.7772629,0.6492035,1.2121173,1.009719174225729,58366,0.068428986,1.0758204,,,ret_30m_turned_positive_bin,True,atr_14_bin,2,0.09034572971134155,bull_high_vol,True,True,"(False, 'PASS')",False,PASS,0.3904578322508759,True,True,True,True,False,Net expectancy -5.491% < 1.000% after 2.0 bps cost,-0.034911755,-0.054911755,0.4755309325946445,-0.6514749,10830.0
vwap_cross_up_bin == True,single,SHORT,fwd_ret_120m,23.55728321270464,0.0,0.04418862,0.4999576663164992,0.7511453,0.66264844,1.1333584,0.6622189900948295,318895,0.04418862,1.0592759,vwap_cross_up_bin,True,,,,,0.0902705988470559,bull_high_vol,True,True,"(False, 'PASS')",False,PASS,0.14188618659973146,True,True,True,True,False,Net expectancy -5.226% < 1.000% after 2.0 bps cost,-0.032260098,-0.052260097,0.48683525861171817,-0.5501971,57654.0
ret_30m_bin == 4.0 AND price_vs_vwap_pct_bin == 4,double,SHORT,fwd_ret_120m,16.139337549834575,0.0,0.06453523,0.5159812611116158,0.8065102,0.7264367,1.1835425,0.9229417340593226,77059,0.06453523,1.1099997,,,ret_30m_bin,4.0,price_vs_vwap_pct_bin,4,0.08895700989699092,bull_high_vol,False,False,"(False, 'PASS')",False,PASS,0.3773148262050126,True,True,True,False,,,,,,,
ret_15m_turned_positive_bin == True AND ret_30m_bin == 4.0,double,SHORT,fwd_ret_120m,16.911437739988017,0.0,0.06190584,0.5139879855132181,0.80016196,0.718846,1.1771938,0.884022925038594,92222,0.06190584,1.1116507,,,ret_15m_turned_positive_bin,True,ret_30m_bin,4.0,0.08893716541896529,bull_high_vol,True,True,"(False, 'PASS')",False,PASS,0.3470343565178074,True,True,True,True,False,Net expectancy -3.639% < 1.000% after 2.0 bps cost,-0.016391689,-0.03639169,0.5015695663740356,-0.24826737,18795.0
ret_30m_turned_positive_bin == True,single,SHORT,fwd_ret_120m,22.888525844685415,0.0,0.044401035,0.5005310189475678,0.7470113,0.6597032,1.1347523,0.668225846121063,295658,0.044401035,1.0547999,ret_30m_turned_positive_bin,True,,,,,0.08860502375494618,bull_high_vol,True,True,"(False, 'PASS')",False,PASS,0.14507238502305003,True,True,True,True,False,Net expectancy -5.050% < 1.000% after 2.0 bps cost,-0.030502705,-0.050502703,0.48742185174158975,-0.5258468,53744.0
session_range_pct_bin == 0 AND rvol_bin == 2,double,SHORT,fwd_ret_120m,18.143133676283718,0.0,0.14599909,0.5104470359572401,0.89298564,0.6328689,1.4712341,2.007658701239275,20580,0.14599909,1.1544112,,,session_range_pct_bin,0,rvol_bin,2,0.08823778669877799,bull_high_vol,False,False,"(True, 'Expectancy too high (14.600% > 10.000%)')",True,Expectancy too high (14.600% > 10.000%),1.4347143113681171,False,True,True,False,,,,,,,
ret_5m_bin == 4.0 AND ret_30m_bin == 4.0,double,SHORT,fwd_ret_120m,14.726246007428667,0.0,0.082046196,0.5233189820345784,0.8587914,0.7706949,1.2233306,1.1098949045410058,44363,0.082046196,1.1734831,,,ret_5m_bin,4.0,ret_30m_bin,4.0,0.0878370126854339,bull_high_vol,False,False,"(False, 'PASS')",False,PASS,0.567099922715931,True,True,True,False,,,,,,,
ret_30m_bin == 4.0 AND ret_60m_bin == 4.0,double,SHORT,fwd_ret_120m,15.389091735024751,0.0,0.065360725,0.5181403009657858,0.80295575,0.72777,1.1863812,0.9453090009481652,66785,0.065360725,1.0975981,,,ret_30m_bin,4.0,ret_60m_bin,4.0,0.08724095523641313,bull_high_vol,False,False,"(False, 'PASS')",False,PASS,0.3898878511915203,True,True,True,False,,,,,,,
ret_60m_bin == 0.0 AND session_range_pct_bin == 0,double,SHORT,fwd_ret_120m,14.709467551896623,0.0,0.10059586,0.48893222622087296,0.89961267,0.66381365,1.296521,1.047004910845134,49739,0.10059586,1.5252172,,,ret_60m_bin,0.0,session_range_pct_bin,0,0.0866977121632843,bull_high_vol,False,False,"(True, 'Expectancy too high (10.060% > 10.000%)')",True,Expectancy too high (10.060% > 10.000%),0.705958616733551,False,True,True,False,,,,,,,
session_range_pct_bin == 1,single,SHORT,fwd_ret_120m,17.411185375776036,0.0,0.059588984,0.49801969651485956,0.76583785,0.64108765,1.1851661,0.8600978082034156,103267,0.059588984,1.0998119,session_range_pct_bin,1,,,,,0.08631950818129736,bull_high_vol,False,False,"(False, 'PASS')",False,PASS,0.2958898365497589,True,True,True,False,,,,,,,
ret_30m_turned_positive_bin == True AND ret_5m_bin == 4.0,double,SHORT,fwd_ret_120m,15.924536799841755,0.0,0.06560292,0.5122075799366635,0.83459264,0.7418764,1.1812829,0.9033435050889871,78312,0.06560292,1.152844,,,ret_30m_turned_positive_bin,True,ret_5m_bin,4.0,0.0852809429718137,bull_high_vol,True,True,"(False, 'PASS')",False,PASS,0.38044436936791787,True,True,True,True,False,Net expectancy -4.910% < 1.000% after 2.0 bps cost,-0.029102692,-0.049102694,0.49777357981379033,-0.44361752,14822.0
ret_5m_turned_positive_bin == True AND session_range_pct_bin == 1,double,SHORT,fwd_ret_120m,14.91668738564094,0.0,0.06891845,0.4990962494351559,0.78537786,0.64495564,1.2133297,0.9871775710182515,57538,0.06891845,1.108257,,,ret_5m_turned_positive_bin,True,session_range_pct_bin,1,0.08506251741388039,bull_high_vol,True,True,"(False, 'PASS')",False,PASS,0.3891845166683197,True,True,True,True,False,Net expectancy -3.170% < 1.000% after 2.0 bps cost,-0.011698906,-0.031698905,0.49747209768196127,-0.18626374,10483.0
price_down_vol_weak_bin == True AND session_range_pct_bin == 0,double,SHORT,fwd_ret_120m,15.866971246822677,0.0,0.08467291,0.5036360358194603,0.7443285,0.58464706,1.2917767,1.380752041063428,33278,0.08467291,0.9734846,,,price_down_vol_weak_bin,True,session_range_pct_bin,0,0.08499629518124455,bull_high_vol,True,True,"(False, 'PASS')",False,PASS,0.5540012011917617,True,True,True,True,False,Net expectancy -4.542% < 1.000% after 2.0 bps cost,-0.025418766,-0.045418765,0.4782673193888147,-0.517851,6741.0
ret_5m_turned_positive_bin == True,single,SHORT,fwd_ret_120m,22.379387350216724,0.0,0.044466972,0.49924657370422637,0.7574062,0.6663268,1.1332682,0.6566962899168538,292663,0.044466972,1.0749129,ret_5m_turned_positive_bin,True,,,,,0.0849208058084043,bull_high_vol,True,True,"(False, 'PASS')",False,PASS,0.1446697235107422,True,True,True,True,False,Net expectancy -4.805% < 1.000% after 2.0 bps cost,-0.028045826,-0.048045825,0.489355799286071,-0.4805924,54067.0
ret_30m_turned_positive_bin == True AND atr_14_bin == 3,double,SHORT,fwd_ret_120m,14.93185594859825,0.0,0.06907004,0.5052890032457158,0.8052873,0.68288916,1.2044504,0.9720546050224791,59463,0.06907004,1.1279746,,,ret_30m_turned_positive_bin,True,atr_14_bin,3,0.08488492274772985,bull_high_vol,True,True,"(False, 'PASS')",False,PASS,0.4012784182880014,True,True,True,True,False,Net expectancy -3.715% < 1.000% after 2.0 bps cost,-0.017148716,-0.037148714,0.5076187101346563,-0.30076903,11288.0
vwap_cross_up_bin == True AND ret_30m_bin == 4.0,double,SHORT,fwd_ret_120m,16.872484016966343,0.0,0.058351003,0.5122218132256235,0.79102826,0.71104217,1.1682407,0.8448109731645843,100517,0.058351003,1.0964506,,,vwap_cross_up_bin,True,ret_30m_bin,4.0,0.08450509578346042,bull_high_vol,True,True,"(False, 'PASS')",False,PASS,0.30795365278696335,True,True,True,True,False,Net expectancy -3.248% < 1.000% after 2.0 bps cost,-0.012483799,-0.032483798,0.5029813236091263,-0.1915251,20293.0
ret_60m_bin == 4.0 AND price_vs_vwap_pct_bin == 4,double,SHORT,fwd_ret_120m,14.595727500159406,0.0,0.066121645,0.5199716618311855,0.8064215,0.7357788,1.1872103,0.9516062203816229,59284,0.066121645,1.1030283,,,ret_60m_bin,4.0,price_vs_vwap_pct_bin,4,0.08358896576316213,bull_high_vol,False,False,"(False, 'PASS')",False,PASS,0.40115977638015204,True,True,True,False,,,,,,,
ret_15m_bin == 4.0 AND ret_30m_bin == 4.0,double,SHORT,fwd_ret_120m,14.944106982860827,0.0,0.068063304,0.5169637188559748,0.8391759,0.75721055,1.1860873,0.933522020729364,64579,0.068063304,1.157414,,,ret_15m_bin,4.0,ret_30m_bin,4.0,0.08347200727773098,bull_high_vol,False,False,"(False, 'PASS')",False,PASS,0.41456047599434404,True,True,True,False,,,,,,,
ret_5m_turned_positive_bin == True AND price_vs_vwap_pct_bin == 3,double,SHORT,fwd_ret_120m,15.91711047089813,0.0,0.05967067,0.5047269239022051,0.7513324,0.64519364,1.1867352,0.8976931278038428,79227,0.05967067,1.0551964,,,ret_5m_turned_positive_bin,True,price_vs_vwap_pct_bin,3,0.08347085472647146,bull_high_vol,True,True,"(False, 'PASS')",False,PASS,0.3061605660108158,True,True,True,True,False,Net expectancy -7.164% < 1.000% after 2.0 bps cost,-0.05164263,-0.07164263,0.4708292973697936,-0.8830227,13421.0
ret_30m_turned_positive_bin == True AND price_vs_vwap_pct_bin == 4,double,SHORT,fwd_ret_120m,16.529189361133817,0.0,0.05749269,0.5115243269153951,0.79814506,0.7181072,1.1639006,0.8291950398851822,100136,0.05749269,1.1006676,,,ret_30m_turned_positive_bin,True,price_vs_vwap_pct_bin,4,0.08114481990337341,bull_high_vol,True,True,"(False, 'PASS')",False,PASS,0.2979755368130442,True,True,True,True,False,Net expectancy -3.399% < 1.000% after 2.0 bps cost,-0.013990344,-0.033990342,0.49985257985257986,-0.2254802,20350.0
vwap_cross_up_bin == True AND price_vs_vwap_pct_bin == 4,double,SHORT,fwd_ret_120m,16.663972846984805,0.0,0.057622883,0.5109660801952107,0.80333936,0.7215375,1.1633041,0.823162222650034,103273,0.057622883,1.111245,,,vwap_cross_up_bin,True,price_vs_vwap_pct_bin,4,0.08112268359373044,bull_high_vol,True,True,"(False, 'PASS')",False,PASS,0.29816099507908495,True,True,True,True,False,Net expectancy -3.507% < 1.000% after 2.0 bps cost,-0.01507111,-0.03507111,0.49980956008379357,-0.24076314,21004.0
price_vs_vwap_pct_bin == 4,single,SHORT,fwd_ret_120m,16.663972846984805,0.0,0.057622883,0.5109660801952107,0.80333936,0.7215375,1.1633041,0.823162222650034,103273,0.057622883,1.111245,price_vs_vwap_pct_bin,4,,,,,0.08112268359373044,bull_high_vol,False,False,"(False, 'PASS')",False,PASS,0.29816099507908495,True,True,True,False,,,,,,,
ret_15m_turned_positive_bin == True AND price_vs_vwap_pct_bin == 3,double,SHORT,fwd_ret_120m,16.4873146455873,0.0,0.055423576,0.5026576103350358,0.7427056,0.63920355,1.1743411,0.8441126225584924,96139,0.055423576,1.042304,,,ret_15m_turned_positive_bin,True,price_vs_vwap_pct_bin,3,0.08096714774266132,bull_high_vol,True,True,"(False, 'PASS')",False,PASS,0.25955098451789943,True,True,True,True,False,Net expectancy -7.243% < 1.000% after 2.0 bps cost,-0.052432373,-0.07243237,0.47170834588731547,-0.8925732,16595.0
ret_15m_turned_positive_bin == True AND price_vs_vwap_pct_bin == 4,double,SHORT,fwd_ret_120m,16.441962219306852,0.0,0.05851427,0.5115382273548335,0.80688643,0.7252132,1.1651832,0.8314636001019908,98542,0.05851427,1.1171689,,,ret_15m_turned_positive_bin,True,price_vs_vwap_pct_bin,4,0.08093963452002051,bull_high_vol,True,True,"(False, 'PASS')",False,PASS,0.30821916402449007,True,True,True,True,False,Net expectancy -4.147% < 1.000% after 2.0 bps cost,-0.021469414,-0.041469414,0.4977229977229977,-0.34194297,20202.0
ret_5m_turned_positive_bin == True AND ret_60m_turned_positive_bin == True,double,SHORT,fwd_ret_120m,19.227740184367967,0.0,0.047938064,0.5039971291337714,0.7532082,0.6686991,1.1445327,0.7171885087228447,181130,0.047938064,1.0610783,,,ret_5m_turned_positive_bin,True,ret_60m_turned_positive_bin,True,0.08044070859612329,bull_high_vol,True,True,"(False, 'PASS')",False,PASS,0.1873748956748456,True,True,True,True,False,Net expectancy -4.320% < 1.000% after 2.0 bps cost,-0.023196077,-0.043196075,0.4916434113281609,-0.3859739,32609.0
session_range_pct_bin == 0 AND atr_14_bin == 0,double,SHORT,fwd_ret_120m,18.431996114513478,0.0,0.14482811,0.502297253980126,0.82156366,0.5381547,1.540724,2.138665703058257,18718,0.14482811,1.0750043,,,session_range_pct_bin,0,atr_14_bin,0,0.0802303830873406,bull_high_vol,False,False,"(True, 'Expectancy too high (14.483% > 10.000%)')",True,Expectancy too high (14.483% > 10.000%),1.4722084688224188,False,True,True,False,,,,,,,
ret_30m_turned_positive_bin == True AND ret_30m_bin == 4.0,double,SHORT,fwd_ret_120m,16.497294103771804,0.0,0.056489907,0.5111063751465189,0.7930653,0.71355164,1.1619314,0.8151023021821294,103229,0.056489907,1.100168,,,ret_30m_turned_positive_bin,True,ret_30m_bin,4.0,0.07954674112320406,bull_high_vol,True,True,"(False, 'PASS')",False,PASS,0.2871118223440861,True,True,True,True,False,Net expectancy -2.912% < 1.000% after 2.0 bps cost,-0.009119148,-0.029119149,0.5046224961479199,-0.14017828,20768.0
ret_30m_bin == 4.0,single,SHORT,fwd_ret_120m,16.497294103771804,0.0,0.056489907,0.5111063751465189,0.7930653,0.71355164,1.1619314,0.8151023021821294,103229,0.056489907,1.100168,ret_30m_bin,4.0,,,,,0.07954674112320406,bull_high_vol,False,False,"(False, 'PASS')",False,PASS,0.2871118223440861,True,True,True,False,,,,,,,
ret_15m_bin == 4.0 AND price_vs_vwap_pct_bin == 4,double,SHORT,fwd_ret_120m,15.42041399439024,0.0,0.062880896,0.5123999194319956,0.8313637,0.74468774,1.1731732,0.8685356150607627,79436,0.062880896,1.1492946,,,ret_15m_bin,4.0,price_vs_vwap_pct_bin,4,0.07942897817166122,bull_high_vol,False,False,"(False, 'PASS')",False,PASS,0.35360879918255655,True,True,True,False,,,,,,,
vwap_cross_up_bin == True AND atr_14_bin == 3,double,SHORT,fwd_ret_120m,14.70464886989684,0.0,0.06594617,0.5025893646583302,0.8100132,0.6858676,1.1933011,0.9275334972196763,63336,0.06594617,1.1286525,,,vwap_cross_up_bin,True,atr_14_bin,3,0.07933846853305848,bull_high_vol,True,True,"(False, 'PASS')",False,PASS,0.3646404212922539,True,True,True,True,False,Net expectancy -4.075% < 1.000% after 2.0 bps cost,-0.0207532,-0.0407532,0.5045128637705609,-0.36734822,11855.0
vwap_cross_up_bin == True AND ret_15m_bin == 4.0,double,SHORT,fwd_ret_120m,16.402131081232255,0.0,0.058820378,0.5095155881010498,0.824426,0.7364914,1.1628301,0.8201797587566446,100782,0.058820378,1.1384633,,,vwap_cross_up_bin,True,ret_15m_bin,4.0,0.07933285034501858,bull_high_vol,True,True,"(False, 'PASS')",False,PASS,0.3072349565551689,True,True,True,True,False,Net expectancy -4.783% < 1.000% after 2.0 bps cost,-0.02783448,-0.04783448,0.4949972621832844,-0.42796525,20089.0
vwap_cross_up_bin == True AND price_vs_vwap_pct_bin == 3,double,SHORT,fwd_ret_120m,16.564495247961787,0.0,0.05354021,0.5026299220225698,0.73905027,0.63921934,1.1684033,0.8183988434799523,103235,0.05354021,1.0385212,,,vwap_cross_up_bin,True,price_vs_vwap_pct_bin,3,0.07886382009794596,bull_high_vol,True,True,"(False, 'PASS')",False,PASS,0.24066195575425758,True,True,True,True,False,Net expectancy -6.594% < 1.000% after 2.0 bps cost,-0.045942903,-0.0659429,0.47610294117647056,-0.7851643,17952.0
price_vs_vwap_pct_bin == 3,single,SHORT,fwd_ret_120m,16.564495247961787,0.0,0.05354021,0.5026299220225698,0.73905027,0.63921934,1.1684033,0.8183988434799523,103235,0.05354021,1.0385212,price_vs_vwap_pct_bin,3,,,,,0.07886382009794596,bull_high_vol,False,False,"(False, 'PASS')",False,PASS,0.24066195575425758,True,True,True,False,,,,,,,
ret_60m_bin == 2.0 AND session_range_pct_bin == 0,double,SHORT,fwd_ret_120m,22.803478777146594,0.0,0.25457713,0.5341646612703275,1.0350237,0.6403464,1.8534379,3.0912570892241873,13713,0.25457713,1.3073279,,,ret_60m_bin,2.0,session_range_pct_bin,0,0.07733124168638834,bull_high_vol,False,False,"(True, 'Expectancy too high (25.458% > 10.000%)')",True,Expectancy too high (25.458% > 10.000%),3.109729167945443,False,True,True,False,,,,,,,
ret_30m_turned_positive_bin == True AND ret_15m_bin == 4.0,double,SHORT,fwd_ret_120m,15.856354222248175,0.0,0.058882523,0.5103966320468436,0.8232056,0.73790103,1.1629837,0.822798588313777,93588,0.058882523,1.1360388,,,ret_30m_turned_positive_bin,True,ret_15m_bin,4.0,0.0770709894408689,bull_high_vol,True,True,"(False, 'PASS')",False,PASS,0.30961849737434594,True,True,True,True,False,Net expectancy -4.820% < 1.000% after 2.0 bps cost,-0.028196124,-0.048196122,0.4947419774501301,-0.43129462,18448.0
ret_5m_bin == 4.0 AND price_vs_vwap_pct_bin == 4,double,SHORT,fwd_ret_120m,13.825295462042861,0.0,0.06865611,0.5157773540100025,0.85269725,0.76647764,1.1849842,0.9308763429060646,55586,0.06865611,1.1708128,,,ret_5m_bin,4.0,price_vs_vwap_pct_bin,4,0.07682718881336278,bull_high_vol,False,False,"(False, 'PASS')",False,PASS,0.4181158007543418,True,True,True,False,,,,,,,
price_up_vol_weak_bin == True AND ret_30m_bin == 4.0,double,SHORT,fwd_ret_120m,14.140605678423274,0.0,0.06510683,0.5209296544867015,0.6999788,0.6252378,1.2173612,1.1191627604378236,40230,0.06510683,0.9234929,,,price_up_vol_weak_bin,True,ret_30m_bin,4.0,0.07677266724597152,bull_high_vol,True,True,"(False, 'PASS')",False,PASS,0.39292762388333796,True,True,True,True,False,Net expectancy -4.418% < 1.000% after 2.0 bps cost,-0.02418177,-0.04418177,0.49534144470020824,-0.43168056,9123.0
ret_15m_turned_positive_bin == True AND is_power_hour_bin == True,double,SHORT,fwd_ret_120m,13.906837604752457,0.0,0.104607984,0.4896595806099095,1.3103913,1.0523127,1.194787,1.0024489712608944,48499,0.104607984,1.6565435,,,ret_15m_turned_positive_bin,True,is_power_hour_bin,True,0.07663619806859705,bull_high_vol,True,True,"(True, 'Expectancy too high (10.461% > 10.000%)')",True,Expectancy too high (10.461% > 10.000%),0.7460798442363739,False,True,True,False,,,,,,,
ret_15m_turned_positive_bin == True,single,SHORT,fwd_ret_120m,21.541233131526084,0.0,0.041015413,0.4993187681782605,0.75255024,0.6685832,1.1225265,0.613709850297529,310467,0.041015413,1.0609239,ret_15m_turned_positive_bin,True,,,,,0.07640078182740265,bull_high_vol,True,True,"(False, 'PASS')",False,PASS,0.11015412658452989,True,True,True,True,False,Net expectancy -5.381% < 1.000% after 2.0 bps cost,-0.03380661,-0.05380661,0.4863272000140324,-0.57347524,57011.0
vwap_cross_up_bin == True AND ret_5m_bin == 4.0,double,SHORT,fwd_ret_120m,15.681340173203452,0.0,0.0601614,0.5085456481410334,0.8355834,0.74222744,1.1649292,0.8247582160582151,91099,0.0601614,1.1579547,,,vwap_cross_up_bin,True,ret_5m_bin,4.0,0.07612477575603471,bull_high_vol,True,True,"(False, 'PASS')",False,PASS,0.3187053021457334,True,True,True,True,False,Net expectancy -4.774% < 1.000% after 2.0 bps cost,-0.027735129,-0.04773513,0.4983860555196901,-0.4291249,17039.0
ret_60m_turned_positive_bin == True AND ret_30m_bin == 4.0,double,SHORT,fwd_ret_120m,15.760701568124384,0.0,0.056441683,0.5118711376329929,0.7926577,0.71558344,1.1615865,0.815269305494146,94178,0.056441683,1.0990037,,,ret_60m_turned_positive_bin,True,ret_30m_bin,4.0,0.07612433940989213,bull_high_vol,True,True,"(False, 'PASS')",False,PASS,0.2881591084878981,True,True,True,True,False,Net expectancy -2.633% < 1.000% after 2.0 bps cost,-0.006334079,-0.026334079,0.5027712641227883,-0.096293606,18764.0
price_up_vol_weak_bin == True AND is_first_hour_bin == True,double,SHORT,fwd_ret_120m,14.305566812505601,0.0,0.043011386,0.5151413650827484,0.60269696,0.5516304,1.1608126,0.886105558055339,65681,0.043011386,0.7705454,,,price_up_vol_weak_bin,True,is_first_hour_bin,True,0.07557936046109433,bull_high_vol,True,True,"(False, 'PASS')",False,PASS,0.16039658964015585,True,True,True,True,False,Net expectancy 0.567% < 1.000% after 2.0 bps cost,0.025673172,0.005673172,0.5227235706141066,0.5795422,18417.0
ret_15m_turned_positive_bin == True AND session_range_pct_bin == 1,double,SHORT,fwd_ret_120m,14.016979299889194,0.0,0.06318987,0.49631021292441013,0.78755647,0.65056396,1.1928388,0.9154341545737958,59082,0.06318987,1.0957731,,,ret_15m_turned_positive_bin,True,session_range_pct_bin,1,0.07370908386592444,bull_high_vol,True,True,"(False, 'PASS')",False,PASS,0.3318987160921097,True,True,True,True,False,Net expectancy -4.544% < 1.000% after 2.0 bps cost,-0.025438337,-0.045438334,0.4883629578709614,-0.40207997,10183.0
ret_15m_bin == 4.0 AND ret_60m_bin == 4.0,double,SHORT,fwd_ret_120m,13.248464977576958,0.0,0.06592811,0.5205079800926721,0.8285679,0.76194817,1.180453,0.9183792437882919,52443,0.06592811,1.1395905,,,ret_15m_bin,4.0,ret_60m_bin,4.0,0.07329954376170848,bull_high_vol,False,False,"(False, 'PASS')",False,PASS,0.4002970500872683,True,True,True,False,,,,,,,
ret_60m_turned_positive_bin == True AND price_vs_vwap_pct_bin == 4,double,SHORT,fwd_ret_120m,15.167036541542327,0.0,0.055423267,0.512385904617376,0.79264444,0.71925026,1.1580287,0.8042728115613665,89618,0.055423267,1.0939287,,,ret_60m_turned_positive_bin,True,price_vs_vwap_pct_bin,4,0.07234150711882434,bull_high_vol,True,True,"(False, 'PASS')",False,PASS,0.2790044810916322,True,True,True,True,False,Net expectancy -2.164% < 1.000% after 2.0 bps cost,-0.0016426388,-0.021642638,0.5037828215398309,-0.026136605,17976.0
ret_5m_turned_positive_bin == True AND ret_60m_bin == 4.0,double,SHORT,fwd_ret_120m,14.20027307134505,0.0,0.05753569,0.5152801721067404,0.7791214,0.70954424,1.1672888,0.8508685097284941,70189,0.05753569,1.0734335,,,ret_5m_turned_positive_bin,True,ret_60m_bin,4.0,0.07205910032996281,bull_high_vol,True,True,"(False, 'PASS')",False,PASS,0.30591723745488625,True,True,True,True,False,Net expectancy -1.452% < 1.000% after 2.0 bps cost,0.0054756934,-0.014524306,0.5070996766483903,0.08568014,14226.0
vwap_cross_up_bin == True AND is_power_hour_bin == True,double,SHORT,fwd_ret_120m,13.40233789250413,0.0,0.099190935,0.48653784605536887,1.3106922,1.0487831,1.184195,0.951547733740127,49992,0.099190935,1.6547854,,,vwap_cross_up_bin,True,is_power_hour_bin,True,0.07180332162375118,bull_high_vol,True,True,"(False, 'PASS')",False,PASS,0.6919093549251556,True,True,True,True,False,Net expectancy -29.940% < 1.000% after 2.0 bps cost,-0.27939695,-0.29939696,0.3751399776035834,-2.5532331,4465.0
at_session_low_bin == True,single,SHORT,fwd_ret_120m,15.60003552215559,0.0,0.1744013,0.49199328961415284,1.0438044,0.6675964,1.5142405,1.5291259680405298,26228,0.1744013,1.8105341,at_session_low_bin,True,,,,,0.07125403430241331,bull_high_vol,True,True,"(True, 'Expectancy too high (17.440% > 10.000%)')",True,Expectancy too high (17.440% > 10.000%),1.4585759656734782,False,True,True,False,,,,,,,
at_session_low_bin == True AND session_range_pct_bin == 0,double,SHORT,fwd_ret_120m,15.60003552215559,0.0,0.1744013,0.49199328961415284,1.0438044,0.6675964,1.5142405,1.5291259680405298,26228,0.1744013,1.8105341,,,at_session_low_bin,True,session_range_pct_bin,0,0.07125403430241331,bull_high_vol,True,True,"(True, 'Expectancy too high (17.440% > 10.000%)')",True,Expectancy too high (17.440% > 10.000%),1.4585759656734782,False,True,True,False,,,,,,,
ret_30m_turned_positive_bin == True AND price_vs_vwap_pct_bin == 3,double,SHORT,fwd_ret_120m,15.199468043662385,0.0,0.052502453,0.5025345647790194,0.7325462,0.63447094,1.1663431,0.8053592792838766,89759,0.052502453,1.0348805,,,ret_30m_turned_positive_bin,True,price_vs_vwap_pct_bin,3,0.07119840283254371,bull_high_vol,True,True,"(False, 'PASS')",False,PASS,0.2300936628298283,True,True,True,True,False,Net expectancy -7.542% < 1.000% after 2.0 bps cost,-0.055423517,-0.07542352,0.4703739837398374,-0.94419307,15375.0
ret_30m_turned_positive_bin == True AND ret_60m_bin == 4.0,double,SHORT,fwd_ret_120m,15.067955868371017,0.0,0.052146114,0.5122702359288014,0.7637131,0.69522387,1.1537864,0.7849172814552364,92867,0.052146114,1.0546256,,,ret_30m_turned_positive_bin,True,ret_60m_bin,4.0,0.07012350431948898,bull_high_vol,True,True,"(False, 'PASS')",False,PASS,0.24600161594730158,True,True,True,True,False,Net expectancy -0.916% < 1.000% after 2.0 bps cost,0.010839198,-0.009160802,0.503335485259307,0.17336607,18588.0
vwap_cross_up_bin == True AND ret_60m_bin == 4.0,double,SHORT,fwd_ret_120m,14.940455880123885,0.0,0.052386474,0.5133659638554217,0.7620518,0.6962624,1.1546122,0.789242809165626,90304,0.052386474,1.0536802,,,vwap_cross_up_bin,True,ret_60m_bin,4.0,0.07006285204921939,bull_high_vol,True,True,"(False, 'PASS')",False,PASS,0.25059666635401273,True,True,True,True,False,Net expectancy -1.215% < 1.000% after 2.0 bps cost,0.007854075,-0.012145924,0.5031494769129649,0.12452841,18257.0
rel_strength_60m_bin == 1.0 AND price_vs_vwap_pct_bin == 3,double,SHORT,fwd_ret_120m,16.539207434991802,0.0,0.13764691,0.5249650837988827,0.8146022,0.61046207,1.4746597,2.0028702479175307,17184,0.13764691,1.0909728,,,rel_strength_60m_bin,1.0,price_vs_vwap_pct_bin,3,0.06907416216252826,bull_high_vol,False,False,"(True, 'Expectancy too high (13.765% > 10.000%)')",True,Expectancy too high (13.765% > 10.000%),1.3778344268409546,False,True,True,False,,,,,,,
ret_30m_turned_positive_bin == True AND ret_60m_turned_positive_bin == True,double,SHORT,fwd_ret_120m,18.905570115174722,0.0,0.04151964,0.5017337229998462,0.7421639,0.6640005,1.1254941,0.6291531622356507,227545,0.04151964,1.0476047,,,ret_30m_turned_positive_bin,True,ret_60m_turned_positive_bin,True,0.06907258539105941,bull_high_vol,True,True,"(False, 'PASS')",False,PASS,0.11866382750899646,True,True,True,True,False,Net expectancy -5.086% < 1.000% after 2.0 bps cost,-0.030864323,-0.050864324,0.48360655737704916,-0.51849514,40748.0
ret_5m_bin == 3.0 AND session_range_pct_bin == 0,double,SHORT,fwd_ret_120m,19.183964308996362,0.0,0.199358,0.5251271617497457,0.9808376,0.66482323,1.6314662,2.5079348635299565,14745,0.199358,1.261879,,,ret_5m_bin,3.0,session_range_pct_bin,0,0.06876918316877724,bull_high_vol,False,False,"(True, 'Expectancy too high (19.936% > 10.000%)')",True,Expectancy too high (19.936% > 10.000%),2.247801768778035,False,True,True,False,,,,,,,
ret_15m_turned_positive_bin == True AND ret_60m_bin == 4.0,double,SHORT,fwd_ret_120m,14.425951086691425,0.0,0.05304823,0.5147508845749259,0.7681234,0.7055015,1.1549559,0.7917647720708166,83656,0.05304823,1.0635918,,,ret_15m_turned_positive_bin,True,ret_60m_bin,4.0,0.06804935125869412,bull_high_vol,True,True,"(False, 'PASS')",False,PASS,0.259984076226306,True,True,True,True,False,Net expectancy -1.565% < 1.000% after 2.0 bps cost,0.0043491134,-0.015650887,0.5021872265966754,0.06806559,17145.0
ret_60m_turned_positive_bin == True AND ret_15m_bin == 4.0,double,SHORT,fwd_ret_120m,14.469256262670942,0.0,0.056398038,0.51127238117899,0.8185684,0.7409309,1.1557468,0.7922544868111882,84055,0.056398038,1.130055,,,ret_60m_turned_positive_bin,True,ret_15m_bin,4.0,0.06783432475481363,bull_high_vol,True,True,"(False, 'PASS')",False,PASS,0.2865251405685246,True,True,True,True,False,Net expectancy -4.373% < 1.000% after 2.0 bps cost,-0.023734933,-0.04373493,0.49569924812030075,-0.35686594,16625.0
ret_60m_turned_positive_bin == True AND ret_5m_bin == 4.0,double,SHORT,fwd_ret_120m,13.869851065561082,0.0,0.05944083,0.5112730329993694,0.8301439,0.74681646,1.1628563,0.8241939885086577,71365,0.05944083,1.1448687,,,ret_60m_turned_positive_bin,True,ret_5m_bin,4.0,0.06764572944374002,bull_high_vol,True,True,"(False, 'PASS')",False,PASS,0.3169543545967995,True,True,True,True,False,Net expectancy -4.260% < 1.000% after 2.0 bps cost,-0.022597123,-0.042597122,0.5026047398928755,-0.34135172,13629.0
vwap_cross_up_bin == True AND ret_60m_turned_positive_bin == True,double,SHORT,fwd_ret_120m,18.621963914857123,0.0,0.04102538,0.5021094797800811,0.74074316,0.66462165,1.1239778,0.6229692495818755,225174,0.04102538,1.0454091,,,vwap_cross_up_bin,True,ret_60m_turned_positive_bin,True,0.06741814039159406,bull_high_vol,True,True,"(False, 'PASS')",False,PASS,0.114472774913079,True,True,True,True,False,Net expectancy -4.934% < 1.000% after 2.0 bps cost,-0.029339436,-0.049339436,0.4855169340463458,-0.48979625,40392.0
ret_5m_bin == 4.0 AND ret_15m_bin == 4.0,double,SHORT,fwd_ret_120m,12.836404863635341,0.0,0.06571098,0.5139337981047791,0.8620481,0.77628255,1.1741496,0.880956782077746,53503,0.06571098,1.1840869,,,ret_5m_bin,4.0,ret_15m_bin,4.0,0.06726535624871606,bull_high_vol,False,False,"(False, 'PASS')",False,PASS,0.3849773634081209,True,True,True,False,,,,,,,
ret_5m_bin == 0.0 AND session_range_pct_bin == 0,double,SHORT,fwd_ret_120m,13.807976431750015,0.0,0.11181945,0.4906609763165521,0.91829383,0.6650806,1.3300928,1.1250528205925157,37959,0.11181945,1.5777737,,,ret_5m_bin,0.0,session_range_pct_bin,0,0.0669754259794874,bull_high_vol,False,False,"(True, 'Expectancy too high (11.182% > 10.000%)')",True,Expectancy too high (11.182% > 10.000%),0.8181945353746414,False,True,True,False,,,,,,,
rel_strength_60m_bin == 1.0 AND is_power_hour_bin == True,double,SHORT,fwd_ret_120m,16.87182693864217,0.0,0.23076895,0.5089670014347202,1.4255009,1.0075982,1.4664224,2.070810554236,16728,0.23076895,1.7690384,,,rel_strength_60m_bin,1.0,is_power_hour_bin,True,0.06650311784981454,bull_high_vol,False,False,"(True, 'Expectancy too high (23.077% > 10.000%)')",True,Expectancy too high (23.077% > 10.000%),2.3110287679215533,False,True,True,False,,,,,,,
ret_30m_turned_positive_bin == True AND rel_strength_60m_bin == 2.0,double,SHORT,fwd_ret_120m,13.31972721770319,0.0,0.0596328,0.5038167938931297,0.769574,0.66123044,1.1817567,0.8539590171952031,61308,0.0596328,1.1085325,,,ret_30m_turned_positive_bin,True,rel_strength_60m_bin,2.0,0.06632713783159358,bull_high_vol,True,True,"(False, 'PASS')",False,PASS,0.30396159298092346,True,True,True,True,False,Net expectancy -11.399% < 1.000% after 2.0 bps cost,-0.09399486,-0.11399487,0.46008213963738354,-1.685976,9983.0
ret_15m_turned_positive_bin == True AND ret_5m_bin == 4.0,double,SHORT,fwd_ret_120m,14.523847809251684,0.0,0.056684572,0.507311803502388,0.834993,0.744725,1.1544888,0.7774791289839827,87940,0.056684572,1.1573812,,,ret_15m_turned_positive_bin,True,ret_5m_bin,4.0,0.06630276705443415,bull_high_vol,True,True,"(False, 'PASS')",False,PASS,0.2814693295012856,True,True,True,True,False,Net expectancy -5.014% < 1.000% after 2.0 bps cost,-0.030137094,-0.050137095,0.49723724080565623,-0.4652372,16831.0
ret_60m_bin == 3.0 AND rel_strength_60m_bin == 2.0,double,SHORT,fwd_ret_120m,14.756829704167883,0.0,0.10252486,0.5166868339903977,0.7901187,0.63254845,1.3353567,1.4635658137411975,25619,0.10252486,1.1120318,,,ret_60m_bin,3.0,rel_strength_60m_bin,2.0,0.0661776199870972,bull_high_vol,False,False,"(True, 'Expectancy too high (10.252% > 10.000%)')",True,Expectancy too high (10.252% > 10.000%),0.758622284914618,False,True,True,False,,,,,,,
ret_5m_turned_positive_bin == True AND atr_14_bin == 3,double,SHORT,fwd_ret_120m,13.190089127553616,0.0,0.06053924,0.4999408274019848,0.80728525,0.6860301,1.1764705,0.8609428189418734,59149,0.06053924,1.1162537,,,ret_5m_turned_positive_bin,True,atr_14_bin,3,0.06570930901549657,bull_high_vol,True,True,"(False, 'PASS')",False,PASS,0.30539238154888154,True,True,True,True,False,Net expectancy -2.914% < 1.000% after 2.0 bps cost,-0.009143816,-0.029143816,0.5070649257735647,-0.16512178,11182.0
ret_15m_turned_positive_bin == True AND ret_60m_turned_positive_bin == True,double,SHORT,fwd_ret_120m,17.981303772876768,0.0,0.041253686,0.5023967586692283,0.74611086,0.67039347,1.1236659,0.6224698954860299,210284,0.041253686,1.0520701,,,ret_15m_turned_positive_bin,True,ret_60m_turned_positive_bin,True,0.06508375728173928,bull_high_vol,True,True,"(False, 'PASS')",False,PASS,0.11733037685078568,True,True,True,True,False,Net expectancy -5.262% < 1.000% after 2.0 bps cost,-0.03261906,-0.05261906,0.48537765621712603,-0.5384367,38024.0
ret_15m_turned_positive_bin == True AND ret_15m_bin == 4.0,double,SHORT,fwd_ret_120m,14.928352224923827,0.0,0.05288741,0.5077390984289339,0.8225993,0.7410266,1.1449851,0.7375371881285522,103242,0.05288741,1.1383312,,,ret_15m_turned_positive_bin,True,ret_15m_bin,4.0,0.06470273841084595,bull_high_vol,True,True,"(False, 'PASS')",False,PASS,0.24435229611247605,True,True,True,True,False,Net expectancy -4.428% < 1.000% after 2.0 bps cost,-0.024283653,-0.04428365,0.4974150311153662,-0.3753626,20890.0
ret_15m_bin == 4.0,single,SHORT,fwd_ret_120m,14.928352224923827,0.0,0.05288741,0.5077390984289339,0.8225993,0.7410266,1.1449851,0.7375371881285522,103242,0.05288741,1.1383312,ret_15m_bin,4.0,,,,,0.06470273841084595,bull_high_vol,False,False,"(False, 'PASS')",False,PASS,0.24435229611247605,True,True,True,False,,,,,,,
ret_60m_turned_positive_bin == True AND atr_14_bin == 2,double,SHORT,fwd_ret_120m,12.838192861062808,0.0,0.05646156,0.5005693011151072,0.7493336,0.6379901,1.1772,0.8664028928778429,55331,0.05646156,1.0345066,,,ret_60m_turned_positive_bin,True,atr_14_bin,2,0.06444277870812377,bull_high_vol,True,True,"(False, 'PASS')",False,PASS,0.26575421694245277,True,True,True,True,False,Net expectancy -5.767% < 1.000% after 2.0 bps cost,-0.03767195,-0.05767195,0.4741282911456745,-0.672705,9837.0
ret_30m_turned_positive_bin == True AND ret_5m_bin == 3.0,double,SHORT,fwd_ret_120m,13.494694130524927,0.0,0.053273685,0.5008774646433364,0.7307797,0.62661445,1.1703355,0.8226586106793778,67809,0.053273685,1.0280006,,,ret_30m_turned_positive_bin,True,ret_5m_bin,3.0,0.06435768934395389,bull_high_vol,True,True,"(False, 'PASS')",False,PASS,0.23449178205175608,True,True,True,True,False,Net expectancy -5.421% < 1.000% after 2.0 bps cost,-0.03420941,-0.05420941,0.4793353576248313,-0.6084049,11856.0
ret_60m_turned_positive_bin == True AND rel_strength_60m_bin == 2.0,double,SHORT,fwd_ret_120m,12.908407105244557,0.0,0.057541333,0.5021509246405128,0.7548544,0.6457971,1.1789725,0.8483277412095566,58347,0.057541333,1.0767541,,,ret_60m_turned_positive_bin,True,rel_strength_60m_bin,2.0,0.0636439091446153,bull_high_vol,True,True,"(False, 'PASS')",False,PASS,0.2797151806704528,True,True,True,True,False,Net expectancy -8.333% < 1.000% after 2.0 bps cost,-0.0633272,-0.083327204,0.4722159475943077,-1.1138307,8854.0
ret_30m_turned_positive_bin == True AND is_power_hour_bin == True,double,SHORT,fwd_ret_120m,13.030967970354046,0.0,0.103405334,0.48347088801695753,1.3346435,1.0490326,1.1908356,0.9823125942242165,44346,0.103405334,1.6710656,,,ret_30m_turned_positive_bin,True,is_power_hour_bin,True,0.06352832776282573,bull_high_vol,True,True,"(True, 'Expectancy too high (10.341% > 10.000%)')",True,Expectancy too high (10.341% > 10.000%),0.7340533405542373,False,True,True,False,,,,,,,
atr_14_bin == 3,single,SHORT,fwd_ret_120m,14.950797244144521,0.0,0.050866894,0.49570389313494717,0.7881653,0.6738694,1.1496835,0.7386782985777985,103233,0.050866894,1.093151,atr_14_bin,3,,,,,0.06336191277474153,bull_high_vol,False,False,"(False, 'PASS')",False,PASS,0.2086689442396164,True,True,True,False,,,,,,,
vwap_cross_up_bin == True AND ret_5m_bin == 3.0,double,SHORT,fwd_ret_120m,13.96591371425273,0.0,0.050370432,0.4996993016434086,0.7319682,0.630408,1.1597067,0.776697868093384,81477,0.050370432,1.029494,,,vwap_cross_up_bin,True,ret_5m_bin,3.0,0.06273594837980934,bull_high_vol,True,True,"(False, 'PASS')",False,PASS,0.20370432436466218,True,True,True,True,False,Net expectancy -5.625% < 1.000% after 2.0 bps cost,-0.036250968,-0.056250967,0.48120724913616814,-0.6382306,14181.0
ret_15m_bin == 3.0 AND session_range_pct_bin == 0,double,SHORT,fwd_ret_120m,23.733708585091097,0.0,0.31521434,0.561002580169554,1.1070892,0.6967366,2.030565,3.6166875931530136,10852,0.31521434,1.3835512,,,ret_15m_bin,3.0,session_range_pct_bin,0,0.06188520562250309,bull_high_vol,False,False,"(True, 'Expectancy too high (31.521% > 10.000%)')",True,Expectancy too high (31.521% > 10.000%),4.03249231609988,False,True,True,False,,,,,,,
price_up_vol_weak_bin == True AND ret_5m_turned_positive_bin == True,double,SHORT,fwd_ret_120m,13.426849984207173,0.0,0.045140553,0.5088828746750985,0.66610336,0.5982851,1.1536291,0.780179272122568,74638,0.045140553,0.9184864,,,price_up_vol_weak_bin,True,ret_5m_turned_positive_bin,True,0.06169822043332469,bull_high_vol,True,True,"(False, 'PASS')",False,PASS,0.16917128200829717,True,True,True,True,False,Net expectancy -4.262% < 1.000% after 2.0 bps cost,-0.022624414,-0.042624414,0.498342259627646,-0.43761277,15684.0
ret_15m_turned_positive_bin == True AND atr_14_bin == 3,double,SHORT,fwd_ret_120m,12.87080660633329,0.0,0.057758093,0.49984610150820524,0.8065883,0.69061124,1.1672151,0.8223589036024302,61729,0.057758093,1.1149405,,,ret_15m_turned_positive_bin,True,atr_14_bin,3,0.061233591180396715,bull_high_vol,True,True,"(False, 'PASS')",False,PASS,0.27758092880249025,True,True,True,True,False,Net expectancy -4.050% < 1.000% after 2.0 bps cost,-0.020499129,-0.04049913,0.5001271078722143,-0.3617934,11801.0
ret_5m_turned_positive_bin == True AND rvol_bin == 3,double,SHORT,fwd_ret_120m,12.765296787099695,0.0,0.062826075,0.4982223712896193,0.8356357,0.70450795,1.1777227,0.829848446257162,59630,0.062826075,1.2018255,,,ret_5m_turned_positive_bin,True,rvol_bin,3,0.061085647757524404,bull_high_vol,True,True,"(False, 'PASS')",False,PASS,0.3282607465982437,True,True,True,True,False,Net expectancy -5.924% < 1.000% after 2.0 bps cost,-0.03924202,-0.05924202,0.4823232323232323,-0.6027628,9108.0
ret_5m_bin == 2.0 AND session_range_pct_bin == 0,double,SHORT,fwd_ret_120m,17.054745905942035,0.0,0.17116834,0.5102339181286549,0.9170654,0.6059006,1.5768107,2.207019259781957,15048,0.17116834,1.2311687,,,ret_5m_bin,2.0,session_range_pct_bin,0,0.060623305123066164,bull_high_vol,False,False,"(True, 'Expectancy too high (17.117% > 10.000%)')",True,Expectancy too high (17.117% > 10.000%),1.78566088847533,False,True,True,False,,,,,,,
ret_30m_bin == 3.0 AND price_vs_vwap_pct_bin == 3,double,SHORT,fwd_ret_120m,12.152521972174847,0.0,0.056450352,0.5049658918907711,0.7206188,0.6210431,1.1836158,0.8784409102990204,48229,0.056450352,1.0201273,,,ret_30m_bin,3.0,price_vs_vwap_pct_bin,3,0.060181848513917745,bull_high_vol,False,False,"(False, 'PASS')",False,PASS,0.27443530450869985,True,True,True,False,,,,,,,
session_range_pct_bin == 0 AND rvol_bin == 1,double,SHORT,fwd_ret_120m,15.142772307522744,0.0,0.111771785,0.5114750731632182,0.7912966,0.599676,1.38153,1.722442118466635,19477,0.111771785,1.03012,,,session_range_pct_bin,0,rvol_bin,1,0.06014684057254311,bull_high_vol,False,False,"(True, 'Expectancy too high (11.177% > 10.000%)')",True,Expectancy too high (11.177% > 10.000%),0.951889052787804,False,True,True,False,,,,,,,
ret_5m_bin == 4.0,single,SHORT,fwd_ret_120m,14.407323970246091,0.0,0.05235733,0.5053019958746114,0.83348304,0.745512,1.1419655,0.7117233489919625,103263,0.05235733,1.1677948,ret_5m_bin,4.0,,,,,0.05996969041439994,bull_high_vol,False,False,"(False, 'PASS')",False,PASS,0.23417730093234362,True,True,True,False,,,,,,,
ret_5m_turned_positive_bin == True AND ret_5m_bin == 4.0,double,SHORT,fwd_ret_120m,14.407323970246091,0.0,0.05235733,0.5053019958746114,0.83348304,0.745512,1.1419655,0.7117233489919625,103263,0.05235733,1.1677948,,,ret_5m_turned_positive_bin,True,ret_5m_bin,4.0,0.05996969041439994,bull_high_vol,True,True,"(False, 'PASS')",False,PASS,0.23417730093234362,True,True,True,True,False,Net expectancy -3.917% < 1.000% after 2.0 bps cost,-0.019171322,-0.039171323,0.49985198342214326,-0.29846233,20268.0
ret_60m_turned_positive_bin == True AND is_power_hour_bin == True,double,SHORT,fwd_ret_120m,12.958432788008265,0.0,0.108310856,0.4845845671485804,1.3454548,1.0548301,1.1992197,1.0261479476339086,40187,0.108310856,1.6755689,,,ret_60m_turned_positive_bin,True,is_power_hour_bin,True,0.059942365878446785,bull_high_vol,True,True,"(True, 'Expectancy too high (10.831% > 10.000%)')",True,Expectancy too high (10.831% > 10.000%),0.7831085592508316,False,True,True,False,,,,,,,
ret_60m_bin == 4.0,single,SHORT,fwd_ret_120m,14.28376401633592,0.0,0.046477254,0.5104055651365125,0.75650865,0.6937354,1.136839,0.7057869844487049,103214,0.046477254,1.045363,ret_60m_bin,4.0,,,,,0.05955496452342665,bull_high_vol,False,False,"(False, 'PASS')",False,PASS,0.18558367507426016,True,True,True,False,,,,,,,
ret_60m_turned_positive_bin == True AND ret_60m_bin == 4.0,double,SHORT,fwd_ret_120m,14.28376401633592,0.0,0.046477254,0.5104055651365125,0.75650865,0.6937354,1.136839,0.7057869844487049,103214,0.046477254,1.045363,,,ret_60m_turned_positive_bin,True,ret_60m_bin,4.0,0.05955496452342665,bull_high_vol,True,True,"(False, 'PASS')",False,PASS,0.18558367507426016,True,True,True,True,False,Net expectancy -0.424% < 1.000% after 2.0 bps cost,0.015761515,-0.0042384844,0.5077217308152044,0.25459453,20915.0
ret_5m_turned_positive_bin == True AND ret_30m_bin == 3.0,double,SHORT,fwd_ret_120m,12.987808077064487,0.0,0.051624134,0.5025240803063711,0.73877907,0.64250374,1.1615121,0.7852593307316896,68936,0.051624134,1.0436141,,,ret_5m_turned_positive_bin,True,ret_30m_bin,3.0,0.05931876531246767,bull_high_vol,True,True,"(False, 'PASS')",False,PASS,0.2212895024420421,True,True,True,True,False,Net expectancy -8.138% < 1.000% after 2.0 bps cost,-0.061384816,-0.081384815,0.46713037577402666,-1.1363373,11789.0
ret_30m_bin == 3.0 AND rel_strength_60m_bin == 1.0,double,SHORT,fwd_ret_120m,15.426354365740305,0.0,0.13017039,0.5272100616761398,0.79117525,0.60691893,1.453642,1.9042417819987134,16538,0.13017039,1.0851516,,,ret_30m_bin,3.0,rel_strength_60m_bin,1.0,0.05928820806673989,bull_high_vol,False,False,"(True, 'Expectancy too high (13.017% > 10.000%)')",True,Expectancy too high (13.017% > 10.000%),1.258244914450437,False,True,True,False,,,,,,,
is_power_hour_bin == True,single,SHORT,fwd_ret_120m,13.504718333789489,0.0,0.08394903,0.47931104083966897,1.3164676,1.0506243,1.1534581,0.7864073602275032,74315,0.08394903,1.6946046,is_power_hour_bin,True,,,,,0.05891647984888559,bull_high_vol,False,False,"(False, 'PASS')",False,PASS,0.5394902944564819,True,True,True,False,,,,,,,
ret_60m_bin == 4.0 AND is_first_hour_bin == True,double,SHORT,fwd_ret_120m,12.873722429704792,0.0,0.043647412,0.5128043660789253,0.6909292,0.6376578,1.1404971,0.7644919011657876,71460,0.043647412,0.906329,,,ret_60m_bin,4.0,is_first_hour_bin,True,0.05841373844511475,bull_high_vol,False,False,"(False, 'PASS')",False,PASS,0.16208285426487962,True,True,True,False,,,,,,,
ret_15m_bin == 3.0 AND price_vs_vwap_pct_bin == 3,double,SHORT,fwd_ret_120m,12.214748182066062,0.0,0.05380688,0.50185115630198,0.7363166,0.6337753,1.1704291,0.8200421466082514,55911,0.05380688,1.0416023,,,ret_15m_bin,3.0,price_vs_vwap_pct_bin,3,0.05818109337228534,bull_high_vol,False,False,"(False, 'PASS')",False,PASS,0.24177109886742582,True,True,True,False,,,,,,,
price_up_vol_weak_bin == True AND ret_30m_turned_positive_bin == True,double,SHORT,fwd_ret_120m,13.866445020122459,0.0,0.039812587,0.5076027077023154,0.655033,0.59440607,1.1360259,0.7017763620628509,98386,0.039812587,0.9005792,,,price_up_vol_weak_bin,True,ret_30m_turned_positive_bin,True,0.05717077209390898,bull_high_vol,True,True,"(False, 'PASS')",False,PASS,0.1133312874205839,True,True,True,True,False,Net expectancy -5.668% < 1.000% after 2.0 bps cost,-0.036675077,-0.056675076,0.48555082881032713,-0.71719515,20451.0
ret_15m_turned_positive_bin == True AND ret_30m_bin == 3.0,double,SHORT,fwd_ret_120m,13.404897793389972,0.0,0.047979288,0.5011651408869338,0.7337153,0.64096016,1.1500603,0.7337362069399711,84110,0.047979288,1.03804,,,ret_15m_turned_positive_bin,True,ret_30m_bin,3.0,0.057051960173139495,bull_high_vol,True,True,"(False, 'PASS')",False,PASS,0.18212315980559818,True,True,True,True,False,Net expectancy -9.721% < 1.000% after 2.0 bps cost,-0.07720685,-0.097206846,0.46118533744433027,-1.4112808,14595.0
session_range_pct_bin == 0 AND price_vs_vwap_pct_bin == 0,double,SHORT,fwd_ret_120m,12.154766595946969,0.0,0.08551259,0.48435021223684777,0.8656601,0.64728045,1.2562021,0.893387115353002,46646,0.08551259,1.5194649,,,session_range_pct_bin,0,price_vs_vwap_pct_bin,0,0.05679060088190338,bull_high_vol,False,False,"(False, 'PASS')",False,PASS,0.5551259338855743,True,True,True,False,,,,,,,
ret_60m_turned_positive_bin == True AND atr_14_bin == 3,double,SHORT,fwd_ret_120m,12.171372033543543,0.0,0.05635002,0.4971812173671703,0.7948223,0.67384255,1.1663122,0.8047183508505779,57649,0.05635002,1.1116048,,,ret_60m_turned_positive_bin,True,atr_14_bin,3,0.05636174275708492,bull_high_vol,True,True,"(False, 'PASS')",False,PASS,0.26350018829107286,True,True,True,True,False,Net expectancy -1.616% < 1.000% after 2.0 bps cost,0.0038371193,-0.01616288,0.5131920221804848,0.06894188,11181.0
ret_15m_turned_positive_bin == True AND ret_5m_bin == 3.0,double,SHORT,fwd_ret_120m,13.04258861483402,0.0,0.048065428,0.4997460970560279,0.72899646,0.63217443,1.1519866,0.7471032726735637,76801,0.048065428,1.0212979,,,ret_15m_turned_positive_bin,True,ret_5m_bin,3.0,0.05636118342669136,bull_high_vol,True,True,"(False, 'PASS')",False,PASS,0.180654276907444,True,True,True,True,False,Net expectancy -5.459% < 1.000% after 2.0 bps cost,-0.034590293,-0.054590292,0.48093906387989405,-0.6066624,13588.0
ret_30m_turned_positive_bin == True AND rvol_bin == 2,double,SHORT,fwd_ret_120m,12.199569660482883,0.0,0.051274437,0.50065186840724,0.74506414,0.6443266,1.1593645,0.7968826784560327,59061,0.051274437,1.0214257,,,ret_30m_turned_positive_bin,True,rvol_bin,2,0.05633275572013649,bull_high_vol,True,True,"(False, 'PASS')",False,PASS,0.21404811138771068,True,True,True,True,False,Net expectancy -5.297% < 1.000% after 2.0 bps cost,-0.03296538,-0.05296538,0.48225614591593974,-0.5714662,10088.0
vwap_cross_up_bin == True AND rel_strength_60m_bin == 2.0,double,SHORT,fwd_ret_120m,12.568618776323973,0.0,0.05321063,0.5022155485874957,0.7676227,0.6675608,1.1601276,0.7655264464704682,67929,0.05321063,1.1034139,,,vwap_cross_up_bin,True,rel_strength_60m_bin,2.0,0.05592734003516426,bull_high_vol,True,True,"(False, 'PASS')",False,PASS,0.23653740730415712,True,True,True,True,False,Net expectancy -11.771% < 1.000% after 2.0 bps cost,-0.09770822,-0.11770822,0.45507404379031524,-1.7263457,11007.0
ret_30m_bin == 4.0 AND rel_strength_60m_bin == 4.0,double,SHORT,fwd_ret_120m,11.747707857867475,0.0,0.05427038,0.5150595803786826,0.80428857,0.74233073,1.1507568,0.7972531135645567,54716,0.05427038,1.0806048,,,ret_30m_bin,4.0,rel_strength_60m_bin,4.0,0.05583327323078611,bull_high_vol,False,False,"(False, 'PASS')",False,PASS,0.2728229532101774,True,True,True,False,,,,,,,
ret_60m_turned_positive_bin == True,single,SHORT,fwd_ret_120m,17.81430983868623,0.0,0.0344326,0.4985170825754564,0.72660255,0.65364385,1.1050442,0.5304310822081497,284237,0.0344326,1.0304837,ret_60m_turned_positive_bin,True,,,,,0.05452105724018835,bull_high_vol,True,True,"(False, 'PASS')",False,PASS,0.04432601183652879,True,True,True,True,False,Net expectancy -4.403% < 1.000% after 2.0 bps cost,-0.024033029,-0.04403303,0.48760330578512395,-0.41506293,51304.0
vwap_cross_up_bin == True AND ret_30m_bin == 3.0,double,SHORT,fwd_ret_120m,13.452663196443128,0.0,0.045367263,0.4992214662031013,0.72747326,0.63461787,1.1427528,0.6974062449412501,93766,0.045367263,1.0326592,,,vwap_cross_up_bin,True,ret_30m_bin,3.0,0.05420927639337828,bull_high_vol,True,True,"(False, 'PASS')",False,PASS,0.1536726325750351,True,True,True,True,False,Net expectancy -8.623% < 1.000% after 2.0 bps cost,-0.06623045,-0.08623046,0.4668025446235563,-1.2246395,16191.0
ret_30m_turned_positive_bin == True AND ret_30m_bin == 3.0,double,SHORT,fwd_ret_120m,13.654036522707797,0.0,0.04396309,0.4983861744094755,0.7273506,0.63502717,1.138015,0.6748115365729402,103171,0.04396309,1.0342034,,,ret_30m_turned_positive_bin,True,ret_30m_bin,3.0,0.05314908626553501,bull_high_vol,True,True,"(False, 'PASS')",False,PASS,0.1396308958530426,True,True,True,True,False,Net expectancy -7.815% < 1.000% after 2.0 bps cost,-0.058152214,-0.07815221,0.47144357826062916,-1.0861906,18087.0
ret_30m_bin == 3.0,single,SHORT,fwd_ret_120m,13.654036522707797,0.0,0.04396309,0.4983861744094755,0.7273506,0.63502717,1.138015,0.6748115365729402,103171,0.04396309,1.0342034,ret_30m_bin,3.0,,,,,0.05314908626553501,bull_high_vol,False,False,"(False, 'PASS')",False,PASS,0.1396308958530426,True,True,True,False,,,,,,,
ret_30m_bin == 4.0 AND is_first_hour_bin == True,double,SHORT,fwd_ret_120m,12.1983639651028,0.0,0.04256385,0.5124900534273048,0.6994555,0.64798707,1.1347382,0.7299440371867619,70376,0.04256385,0.9256602,,,ret_30m_bin,4.0,is_first_hour_bin,True,0.05281567699502585,bull_high_vol,False,False,"(False, 'PASS')",False,PASS,0.15061858882921136,True,True,True,False,,,,,,,
price_up_vol_weak_bin == True AND price_vs_vwap_pct_bin == 4,double,SHORT,fwd_ret_120m,11.839821892770189,0.0,0.055257134,0.5176371351157917,0.6985064,0.63503164,1.1803929,0.9502435230307738,39122,0.055257134,0.92311054,,,price_up_vol_weak_bin,True,price_vs_vwap_pct_bin,4,0.05274032652309831,bull_high_vol,True,True,"(False, 'PASS')",False,PASS,0.2878456116269615,True,True,True,True,False,Net expectancy -4.422% < 1.000% after 2.0 bps cost,-0.02422047,-0.04422047,0.4930979859696764,-0.44380155,8838.0
ret_60m_bin == 1.0 AND rel_strength_60m_bin == 1.0,double,SHORT,fwd_ret_120m,11.95825876077673,0.0,0.06349185,0.4942746699730144,0.7723884,0.62935376,1.1994842,0.9359938944683798,41133,0.06349185,1.0768253,,,ret_60m_bin,1.0,rel_strength_60m_bin,1.0,0.05267638414366065,bull_high_vol,False,False,"(False, 'PASS')",False,PASS,0.3349185109138489,True,True,True,False,,,,,,,
ret_60m_bin == 4.0 AND session_range_pct_bin == 2,double,SHORT,fwd_ret_120m,14.242466174266324,0.0,0.1117913,0.5408145429120783,0.7771519,0.67184997,1.3623662,1.7257936573140948,17163,0.1117913,1.028299,,,ret_60m_bin,4.0,session_range_pct_bin,2,0.05265282660949373,bull_high_vol,False,False,"(True, 'Expectancy too high (11.179% > 10.000%)')",True,Expectancy too high (11.179% > 10.000%),1.0124388924150876,False,True,True,False,,,,,,,
ret_5m_turned_positive_bin == True AND rel_strength_60m_bin == 2.0,double,SHORT,fwd_ret_120m,11.758726326530489,0.0,0.053210072,0.5021885466060948,0.77106994,0.67096174,1.1593056,0.7600663133973485,60314,0.053210072,1.111329,,,ret_5m_turned_positive_bin,True,rel_strength_60m_bin,2.0,0.05194752114377385,bull_high_vol,True,True,"(False, 'PASS')",False,PASS,0.23647781540590757,True,True,True,True,False,Net expectancy -11.212% < 1.000% after 2.0 bps cost,-0.092119165,-0.11211917,0.45610045481510775,-1.6629857,10114.0
rvol_bin == 3,single,SHORT,fwd_ret_120m,13.606401963193898,0.0,0.057736956,0.4895375196171507,0.8479637,0.7000967,1.1615592,0.672278160197771,103226,0.057736956,1.363343,rvol_bin,3,,,,,0.051828010762021835,bull_high_vol,False,False,"(False, 'PASS')",False,PASS,0.2773695558309555,True,True,True,False,,,,,,,
rel_strength_60m_bin == 4.0 AND price_vs_vwap_pct_bin == 4,double,SHORT,fwd_ret_120m,11.029978238420139,0.0,0.053386535,0.5172545857689982,0.80340695,0.7502494,1.1474035,0.7861226739866931,49610,0.053386535,1.0780569,,,rel_strength_60m_bin,4.0,price_vs_vwap_pct_bin,4,0.051505642392898815,bull_high_vol,False,False,"(False, 'PASS')",False,PASS,0.26837452649319277,True,True,True,False,,,,,,,
ret_15m_bin == 4.0 AND session_range_pct_bin == 1,double,SHORT,fwd_ret_120m,14.825247387689645,0.0,0.1560386,0.5215644253951246,0.96590143,0.7268298,1.4487205,1.9259421592453425,14932,0.1560386,1.2861425,,,ret_15m_bin,4.0,session_range_pct_bin,1,0.05147393682891804,bull_high_vol,False,False,"(True, 'Expectancy too high (15.604% > 10.000%)')",True,Expectancy too high (15.604% > 10.000%),1.5164859026743494,False,True,True,False,,,,,,,
ret_30m_turned_positive_bin == True AND ret_60m_bin == 1.0,double,SHORT,fwd_ret_120m,11.971211185153631,0.0,0.0681064,0.5016482922611327,0.7735828,0.64203674,1.212859,0.9878489550838763,37008,0.0681064,1.0944543,,,ret_30m_turned_positive_bin,True,ret_60m_bin,1.0,0.05082060651996693,bull_high_vol,True,True,"(False, 'PASS')",False,PASS,0.38436056438638594,True,True,True,True,False,Net expectancy -6.703% < 1.000% after 2.0 bps cost,-0.047031485,-0.06703149,0.48987323327990673,-0.96941906,6863.0
ret_60m_turned_positive_bin == True AND price_vs_vwap_pct_bin == 3,double,SHORT,fwd_ret_120m,12.165060405577728,0.0,0.04612564,0.5010023364809003,0.72332007,0.63378936,1.1458474,0.7180460565371337,72331,0.04612564,1.0197421,,,ret_60m_turned_positive_bin,True,price_vs_vwap_pct_bin,3,0.050651531352604945,bull_high_vol,True,True,"(False, 'PASS')",False,PASS,0.16326106526192957,True,True,True,True,False,Net expectancy -7.414% < 1.000% after 2.0 bps cost,-0.054140408,-0.07414041,0.4700536968194961,-0.8922353,12105.0
price_up_vol_weak_bin == True AND vwap_cross_up_bin == True,double,SHORT,fwd_ret_120m,12.963083019307762,0.0,0.037463337,0.5067001588108905,0.65354437,0.59535325,1.1275619,0.6629839291319876,96341,0.037463337,0.8970233,,,price_up_vol_weak_bin,True,vwap_cross_up_bin,True,0.05040209649370171,bull_high_vol,True,True,"(False, 'PASS')",False,PASS,0.08803368945176754,True,True,True,True,False,Net expectancy -5.281% < 1.000% after 2.0 bps cost,-0.032809265,-0.052809265,0.4876312776865263,-0.6383297,20091.0
price_up_vol_weak_bin == True AND ret_15m_turned_positive_bin == True,double,SHORT,fwd_ret_120m,12.684896204810848,0.0,0.038510364,0.5068167209824197,0.6587455,0.59887046,1.1303877,0.67620256061871,88679,0.038510364,0.904068,,,price_up_vol_weak_bin,True,ret_15m_turned_positive_bin,True,0.05031539902617076,bull_high_vol,True,True,"(False, 'PASS')",False,PASS,0.09873707745478005,True,True,True,True,False,Net expectancy -5.344% < 1.000% after 2.0 bps cost,-0.033438858,-0.053438857,0.4904285866212911,-0.6417711,18806.0
vwap_cross_up_bin == True AND rvol_bin == 2,double,SHORT,fwd_ret_120m,11.705385825966436,0.0,0.04795828,0.4992022524636321,0.7532554,0.6550919,1.1461837,0.7349091331759968,63930,0.04795828,1.0359296,,,vwap_cross_up_bin,True,rvol_bin,2,0.04970295064869086,bull_high_vol,True,True,"(False, 'PASS')",False,PASS,0.1795828089118004,True,True,True,True,False,Net expectancy -5.125% < 1.000% after 2.0 bps cost,-0.03124558,-0.051245578,0.4795273426765595,-0.53817594,10917.0
ret_30m_bin == 2.0 AND rel_strength_60m_bin == 1.0,double,SHORT,fwd_ret_120m,13.106095021557412,0.0,0.08962963,0.510846865277245,0.76160324,0.61214566,1.2993313,1.3582565056959155,23463,0.08962963,1.0475386,,,ret_30m_bin,2.0,rel_strength_60m_bin,1.0,0.049390751338890794,bull_high_vol,False,False,"(False, 'PASS')",False,PASS,0.61799000819674,True,True,True,False,,,,,,,
price_up_vol_weak_bin == True AND ret_15m_bin == 4.0,double,SHORT,fwd_ret_120m,11.797771088284408,0.0,0.060489435,0.5182532347504621,0.719161,0.64809585,1.1937411,1.0064950167996867,34624,0.060489435,0.9540435,,,price_up_vol_weak_bin,True,ret_15m_bin,4.0,0.04932273016140898,bull_high_vol,True,True,"(False, 'PASS')",False,PASS,0.34140081698980446,True,True,True,True,False,Net expectancy -5.690% < 1.000% after 2.0 bps cost,-0.036897287,-0.056897286,0.4881546933025996,-0.6594569,7809.0
vwap_cross_up_bin == True AND rvol_bin == 3,double,SHORT,fwd_ret_120m,11.660636674644232,0.0,0.053763185,0.49689625517942304,0.82518256,0.7081382,1.1509069,0.7319565335434318,63955,0.053763185,1.1660038,,,vwap_cross_up_bin,True,rvol_bin,3,0.04908621402526638,bull_high_vol,True,True,"(False, 'PASS')",False,PASS,0.2376318469643593,True,True,True,True,False,Net expectancy -6.458% < 1.000% after 2.0 bps cost,-0.0445795,-0.0645795,0.4782700421940928,-0.66691446,9480.0
ret_15m_turned_positive_bin == True AND rvol_bin == 2,double,SHORT,fwd_ret_120m,11.531557078394348,0.0,0.04770567,0.5006578947368421,0.75270325,0.65914965,1.1449398,0.7332878882047028,62320,0.04770567,1.0327513,,,ret_15m_turned_positive_bin,True,rvol_bin,2,0.04899929044690274,bull_high_vol,True,True,"(False, 'PASS')",False,PASS,0.17837247903409753,True,True,True,True,False,Net expectancy -5.388% < 1.000% after 2.0 bps cost,-0.033880886,-0.053880885,0.47850657772836763,-0.5839066,10794.0
vwap_cross_up_bin == True AND ret_60m_bin == 1.0,double,SHORT,fwd_ret_120m,10.91135279004139,0.0,0.053148206,0.4943540285312437,0.7741875,0.65178907,1.1612631,0.7764170257673335,49770,0.053148206,1.0866604,,,vwap_cross_up_bin,True,ret_60m_bin,1.0,0.048249811346466505,bull_high_vol,True,True,"(False, 'PASS')",False,PASS,0.2314820632338524,True,True,True,True,False,Net expectancy -6.426% < 1.000% after 2.0 bps cost,-0.044257045,-0.06425704,0.4852941176470588,-0.85210913,8976.0
price_up_vol_weak_bin == True,single,SHORT,fwd_ret_120m,13.40208581795069,0.0,0.034427796,0.504288750885675,0.6457747,0.58749753,1.1182154,0.6142503047127271,119965,0.034427796,0.889742,price_up_vol_weak_bin,True,,,,,0.048048884897618535,bull_high_vol,True,True,"(False, 'PASS')",False,PASS,0.05285545736302871,True,True,True,True,False,Net expectancy -4.305% < 1.000% after 2.0 bps cost,-0.023049315,-0.043049313,0.49285257946015015,-0.46497828,25044.0
price_up_vol_weak_bin == True AND ret_60m_turned_positive_bin == True,double,SHORT,fwd_ret_120m,13.40208581795069,0.0,0.034427796,0.504288750885675,0.6457747,0.58749753,1.1182154,0.6142503047127271,119965,0.034427796,0.889742,,,price_up_vol_weak_bin,True,ret_60m_turned_positive_bin,True,0.048048884897618535,bull_high_vol,True,True,"(False, 'PASS')",False,PASS,0.05285545736302871,True,True,True,True,False,Net expectancy -4.305% < 1.000% after 2.0 bps cost,-0.023049315,-0.043049313,0.49285257946015015,-0.46497828,25044.0
ret_60m_turned_positive_bin == True AND ret_5m_bin == 3.0,double,SHORT,fwd_ret_120m,11.402646752036937,0.0,0.046733167,0.4991429218280022,0.72235465,0.6265761,1.1489146,0.7279109019646905,61838,0.046733167,1.0191715,,,ret_60m_turned_positive_bin,True,ret_5m_bin,3.0,0.047950712930182895,bull_high_vol,True,True,"(False, 'PASS')",False,PASS,0.1673316702246666,True,True,True,True,False,Net expectancy -3.273% < 1.000% after 2.0 bps cost,-0.012727272,-0.03272727,0.4905123339658444,-0.22212388,10540.0
ret_5m_bin == 4.0 AND ret_60m_bin == 4.0,double,SHORT,fwd_ret_120m,11.272830007830198,0.0,0.06594241,0.521583105282181,0.8421542,0.7803048,1.176642,0.9092578114752397,38734,0.06594241,1.1512722,,,ret_5m_bin,4.0,ret_60m_bin,4.0,0.04793493201751815,bull_high_vol,False,False,"(False, 'PASS')",False,PASS,0.4025902771079411,True,True,True,False,,,,,,,
ret_5m_bin == 3.0,single,SHORT,fwd_ret_120m,12.912092275012263,0.0,0.041517228,0.4964736882895451,0.7282876,0.6356338,1.1297178,0.6379792636208663,103224,0.041517228,1.0330517,ret_5m_bin,3.0,,,,,0.047335359365713564,bull_high_vol,False,False,"(False, 'PASS')",False,PASS,0.11517227888107301,True,True,True,False,,,,,,,
ret_5m_turned_positive_bin == True AND ret_5m_bin == 3.0,double,SHORT,fwd_ret_120m,12.912092275012263,0.0,0.041517228,0.4964736882895451,0.7282876,0.6356338,1.1297178,0.6379792636208663,103224,0.041517228,1.0330517,,,ret_5m_turned_positive_bin,True,ret_5m_bin,3.0,0.047335359365713564,bull_high_vol,True,True,"(False, 'PASS')",False,PASS,0.11517227888107301,True,True,True,True,False,Net expectancy -4.515% < 1.000% after 2.0 bps cost,-0.025149005,-0.045149006,0.4877834513808818,-0.45321852,18213.0
ret_15m_turned_positive_bin == True AND rel_strength_60m_bin == 2.0,double,SHORT,fwd_ret_120m,11.45022480079271,0.0,0.049407516,0.5011040235525025,0.7690023,0.67337215,1.1470712,0.7117659277400687,65216,0.049407516,1.1019353,,,ret_15m_turned_positive_bin,True,rel_strength_60m_bin,2.0,0.04726779627800749,bull_high_vol,True,True,"(False, 'PASS')",False,PASS,0.19628320385329984,True,True,True,True,False,Net expectancy -12.892% < 1.000% after 2.0 bps cost,-0.10891681,-0.12891681,0.4485239852398524,-1.9071091,10840.0
atr_14_bin == 2 AND is_power_hour_bin == True,double,SHORT,fwd_ret_120m,13.811436499093348,0.0,0.17252749,0.49870801033591733,1.3815619,1.0302747,1.3340523,1.6256787199891696,18189,0.17252749,1.684705,,,atr_14_bin,2,is_power_hour_bin,True,0.04714601521494514,bull_high_vol,False,False,"(True, 'Expectancy too high (17.253% > 10.000%)')",True,Expectancy too high (17.253% > 10.000%),1.4881142804581469,False,True,True,False,,,,,,,
rel_strength_60m_bin == 1.0 AND atr_14_bin == 0,double,SHORT,fwd_ret_120m,12.717452563959057,0.0,0.08080204,0.506944732368672,0.70120436,0.55707717,1.2941787,1.2999323730886325,24119,0.08080204,0.98673797,,,rel_strength_60m_bin,1.0,atr_14_bin,0,0.046790431600785824,bull_high_vol,False,False,"(False, 'PASS')",False,PASS,0.5219098478569271,True,True,True,False,,,,,,,
vwap_cross_up_bin == True AND rvol_bin == 1,double,SHORT,fwd_ret_120m,11.284253508771368,0.0,0.042638093,0.5024157620631235,0.6919486,0.6129772,1.1397935,0.7094794489667653,63748,0.042638093,0.95402163,,,vwap_cross_up_bin,True,rvol_bin,1,0.04655455371799972,bull_high_vol,True,True,"(False, 'PASS')",False,PASS,0.13121245645733232,True,True,True,True,False,Net expectancy -6.091% < 1.000% after 2.0 bps cost,-0.040913694,-0.060913693,0.48405165707172865,-0.76627797,12854.0
ret_5m_turned_positive_bin == True AND rvol_bin == 2,double,SHORT,fwd_ret_120m,11.04460536708528,0.0,0.047408845,0.4977071648966093,0.75805134,0.6567459,1.1437159,0.7238952529210739,58661,0.047408845,1.0396422,,,ret_5m_turned_positive_bin,True,rvol_bin,2,0.04605598571912867,bull_high_vol,True,True,"(False, 'PASS')",False,PASS,0.1740884527564049,True,True,True,True,False,Net expectancy -5.052% < 1.000% after 2.0 bps cost,-0.030523315,-0.050523315,0.4833171677982541,-0.5364326,10310.0
rvol_bin == 0,single,SHORT,fwd_ret_120m,12.667322516064063,0.0,0.032980856,0.5018926742373636,0.61230713,0.55074793,1.1202227,0.6256762526298778,103293,0.032980856,0.8367824,rvol_bin,0,,,,,0.046039607655684704,bull_high_vol,False,False,"(False, 'PASS')",False,PASS,0.033593904018149934,True,True,True,False,,,,,,,
session_range_pct_bin == 2 AND price_vs_vwap_pct_bin == 4,double,SHORT,fwd_ret_120m,13.102477885326042,0.0,0.09890724,0.524743528411205,0.79991513,0.6750945,1.3082731,1.5164380924763814,18813,0.09890724,1.0353893,,,session_range_pct_bin,2,price_vs_vwap_pct_bin,4,0.04540456512737784,bull_high_vol,False,False,"(False, 'PASS')",False,PASS,0.7467785004118656,True,True,True,False,,,,,,,
price_down_vol_weak_bin == True,single,SHORT,fwd_ret_120m,12.28314921046602,0.0,0.038007613,0.49401758054099026,0.68744814,0.5960757,1.1260184,0.6451390575263756,91351,0.038007613,0.93522805,price_down_vol_weak_bin,True,,,,,0.0453097561445526,bull_high_vol,True,True,"(False, 'PASS')",False,PASS,0.0800761327147484,True,True,True,True,False,Net expectancy -6.034% < 1.000% after 2.0 bps cost,-0.04033675,-0.06033675,0.49146300636089724,-0.8307262,20909.0
ret_30m_turned_positive_bin == True AND rvol_bin == 3,double,SHORT,fwd_ret_120m,10.980935189800647,0.0,0.052472707,0.4968724641601298,0.8230227,0.70849746,1.1472032,0.7167288356547481,59152,0.052472707,1.1621946,,,ret_30m_turned_positive_bin,True,rvol_bin,3,0.04526113004337724,bull_high_vol,True,True,"(False, 'PASS')",False,PASS,0.22472706884145738,True,True,True,True,False,Net expectancy -5.131% < 1.000% after 2.0 bps cost,-0.031309742,-0.051309742,0.483218442761894,-0.4675347,8849.0
ret_5m_bin == 4.0 AND is_power_hour_bin == True,double,SHORT,fwd_ret_120m,15.603490032587466,0.0,0.26891637,0.5221814543028686,1.5504715,1.1316243,1.4973384,2.2619146204236875,11992,0.26891637,1.8873016,,,ret_5m_bin,4.0,is_power_hour_bin,True,0.04523567341854755,bull_high_vol,False,False,"(True, 'Expectancy too high (26.892% > 10.000%)')",True,Expectancy too high (26.892% > 10.000%),2.814483903662552,False,True,True,False,,,,,,,
vwap_cross_up_bin == True AND ret_15m_bin == 3.0,double,SHORT,fwd_ret_120m,12.407112861988049,0.0,0.04100022,0.4971520721130488,0.7306941,0.6408815,1.1272247,0.6332492378034678,96737,0.04100022,1.0278075,,,vwap_cross_up_bin,True,ret_15m_bin,3.0,0.04520858560983344,bull_high_vol,True,True,"(False, 'PASS')",False,PASS,0.11000220924615861,True,True,True,True,False,Net expectancy -7.062% < 1.000% after 2.0 bps cost,-0.05061968,-0.07061968,0.47651085239571755,-0.883418,17093.0
ret_30m_bin == 0.0 AND session_range_pct_bin == 0,double,SHORT,fwd_ret_120m,10.725721499344997,0.0,0.07521163,0.4823519501305703,0.8665323,0.66215247,1.2194282,0.781363552691422,47484,0.07521163,1.5280309,,,ret_30m_bin,0.0,session_range_pct_bin,0,0.0444331654286327,bull_high_vol,False,False,"(False, 'PASS')",False,PASS,0.45211629271507264,True,True,True,False,,,,,,,
ret_30m_turned_positive_bin == True AND ret_15m_bin == 2.0,double,SHORT,fwd_ret_120m,10.948084576776152,0.0,0.044212937,0.4999039907831152,0.70186526,0.6131869,1.1441793,0.6952152135282849,62494,0.044212937,1.0095559,,,ret_30m_turned_positive_bin,True,ret_15m_bin,2.0,0.044038272289774104,bull_high_vol,True,True,"(False, 'PASS')",False,PASS,0.14212937355041505,True,True,True,True,False,Net expectancy -6.264% < 1.000% after 2.0 bps cost,-0.042642057,-0.06264205,0.47127425676321577,-0.80575925,10461.0
ret_30m_bin == 4.0 AND session_range_pct_bin == 1,double,SHORT,fwd_ret_120m,15.969306658577516,0.0,0.20108722,0.5327338129496403,1.0058007,0.71637297,1.6007321,2.4039970642708957,11120,0.20108722,1.3278555,,,ret_30m_bin,4.0,session_range_pct_bin,1,0.04379730215065425,bull_high_vol,False,False,"(True, 'Expectancy too high (20.109% > 10.000%)')",True,Expectancy too high (20.109% > 10.000%),2.228338373067306,False,True,True,False,,,,,,,
ret_5m_bin == 3.0 AND price_vs_vwap_pct_bin == 3,double,SHORT,fwd_ret_120m,11.27016132278805,0.0,0.062191296,0.5038528896672504,0.7355434,0.6216187,1.2016486,0.9665776178615674,34260,0.062191296,1.0213937,,,ret_5m_bin,3.0,price_vs_vwap_pct_bin,3,0.04352855321349961,bull_high_vol,False,False,"(False, 'PASS')",False,PASS,0.32961874302287436,True,True,True,False,,,,,,,
vwap_cross_up_bin == True AND ret_15m_bin == 2.0,double,SHORT,fwd_ret_120m,11.526167347122197,0.0,0.041332435,0.49701291437868617,0.70507026,0.6145219,1.1337202,0.6523416075914416,78672,0.041332435,1.0058105,,,vwap_cross_up_bin,True,ret_15m_bin,2.0,0.043252770554161,bull_high_vol,True,True,"(False, 'PASS')",False,PASS,0.11332434862852098,True,True,True,True,False,Net expectancy -6.117% < 1.000% after 2.0 bps cost,-0.04117191,-0.061171908,0.47140447715424716,-0.7693475,13044.0
atr_14_bin == 3 AND is_power_hour_bin == True,double,SHORT,fwd_ret_120m,14.373070692658489,0.0,0.24597375,0.5101399151076875,1.620687,1.1856515,1.4235061,2.022889355985466,12722,0.24597375,1.9302648,,,atr_14_bin,3,is_power_hour_bin,True,0.04318575407192296,bull_high_vol,False,False,"(True, 'Expectancy too high (24.597% > 10.000%)')",True,Expectancy too high (24.597% > 10.000%),2.4414620176971678,False,True,True,False,,,,,,,
ret_15m_turned_positive_bin == True AND rvol_bin == 3,double,SHORT,fwd_ret_120m,10.87496180369915,0.0,0.050437137,0.49711813261379784,0.8231721,0.7134412,1.1405809,0.6898051104841899,62633,0.050437137,1.1607115,,,ret_15m_turned_positive_bin,True,rvol_bin,3,0.04316184589913974,bull_high_vol,True,True,"(False, 'PASS')",False,PASS,0.20437137484550477,True,True,True,True,False,Net expectancy -6.658% < 1.000% after 2.0 bps cost,-0.04657861,-0.06657861,0.4762771768233908,-0.693801,9337.0
session_range_pct_bin == 1 AND price_vs_vwap_pct_bin == 4,double,SHORT,fwd_ret_120m,14.016178243993965,0.0,0.16132551,0.5222213722940412,0.9754456,0.7285237,1.4634818,1.9459973409748679,13073,0.16132551,1.3160157,,,session_range_pct_bin,1,price_vs_vwap_pct_bin,4,0.043104043302414095,bull_high_vol,False,False,"(True, 'Expectancy too high (16.133% > 10.000%)')",True,Expectancy too high (16.133% > 10.000%),1.5806965582411046,False,True,True,False,,,,,,,
price_up_vol_weak_bin == True AND ret_5m_bin == 4.0,double,SHORT,fwd_ret_120m,11.670050862355536,0.0,0.06865771,0.5206568966786951,0.73219424,0.652068,1.2196594,1.1241496780354627,27158,0.06865771,0.9695394,,,price_up_vol_weak_bin,True,ret_5m_bin,4.0,0.04294005060712563,bull_high_vol,True,True,"(False, 'PASS')",False,PASS,0.4278909048400104,True,True,True,True,False,Net expectancy -4.443% < 1.000% after 2.0 bps cost,-0.024430202,-0.044430204,0.5019370052214923,-0.43297634,5937.0
ret_30m_turned_positive_bin == True AND ret_15m_bin == 3.0,double,SHORT,fwd_ret_120m,11.493836535351727,0.0,0.04177087,0.4973323122889388,0.72692126,0.6361072,1.1306359,0.6464773312342138,79657,0.04177087,1.0257003,,,ret_30m_turned_positive_bin,True,ret_15m_bin,3.0,0.042771181924177726,bull_high_vol,True,True,"(False, 'PASS')",False,PASS,0.11770871728658677,True,True,True,True,False,Net expectancy -7.921% < 1.000% after 2.0 bps cost,-0.05921189,-0.07921189,0.47150696496411987,-1.0326188,14214.0
price_up_vol_weak_bin == True AND rel_strength_60m_bin == 4.0,double,SHORT,fwd_ret_120m,10.458787374936644,0.0,0.04305,0.5105446927374302,0.646606,0.58651173,1.1499628,0.8010312678131809,42960,0.04305,0.85314715,,,price_up_vol_weak_bin,True,rel_strength_60m_bin,4.0,0.04253486851470569,bull_high_vol,True,True,"(False, 'PASS')",False,PASS,0.15158937128895494,True,True,True,True,False,Net expectancy -1.522% < 1.000% after 2.0 bps cost,0.0047845314,-0.015215468,0.5051360091306829,0.09357688,10514.0
ret_15m_bin == 4.0 AND is_power_hour_bin == True,double,SHORT,fwd_ret_120m,16.920869541281984,0.0,0.3214598,0.5369630369630369,1.608238,1.1707585,1.5929852,2.6847627485748338,10010,0.3214598,1.9007326,,,ret_15m_bin,4.0,is_power_hour_bin,True,0.04210633045573641,bull_high_vol,False,False,"(True, 'Expectancy too high (32.146% > 10.000%)')",True,Expectancy too high (32.146% > 10.000%),3.5809054482630813,False,True,True,False,,,,,,,
ret_30m_turned_positive_bin == True AND atr_14_bin == 1,double,SHORT,fwd_ret_120m,10.459605346966418,0.0,0.04394896,0.5010959279427377,0.7050207,0.6200271,1.142076,0.6870946774814791,58398,0.04394896,1.0153886,,,ret_30m_turned_positive_bin,True,atr_14_bin,1,0.04168108483210679,bull_high_vol,True,True,"(False, 'PASS')",False,PASS,0.1416814514774974,True,True,True,True,False,Net expectancy -9.207% < 1.000% after 2.0 bps cost,-0.07206544,-0.09206544,0.46994480682388357,-1.2747308,9965.0
ret_15m_bin == 0.0 AND session_range_pct_bin == 0,double,SHORT,fwd_ret_120m,10.645812195951862,0.0,0.07850579,0.4781168623509525,0.875344,0.65150774,1.2308921,0.8077019383498201,43778,0.07850579,1.5429465,,,ret_15m_bin,0.0,session_range_pct_bin,0,0.0416616202982582,bull_high_vol,False,False,"(False, 'PASS')",False,PASS,0.4850579172372818,True,True,True,False,,,,,,,
ret_60m_bin == 4.0 AND rel_strength_60m_bin == 4.0,double,SHORT,fwd_ret_120m,10.94640835943234,0.0,0.042242065,0.5097684861926863,0.7700646,0.7145861,1.1205839,0.6429668317271572,73041,0.042242065,1.0429341,,,ret_60m_bin,4.0,rel_strength_60m_bin,4.0,0.041525938548316446,bull_high_vol,False,False,"(False, 'PASS')",False,PASS,0.141957623105969,True,True,True,False,,,,,,,
rvol_bin == 1,single,SHORT,fwd_ret_120m,12.07716985688724,0.0,0.035237405,0.49752559148532305,0.6798034,0.60298026,1.116302,0.5966308047863274,103257,0.035237405,0.93755877,rvol_bin,1,,,,,0.04149277961808488,bull_high_vol,False,False,"(False, 'PASS')",False,PASS,0.05237405449151994,True,True,True,False,,,,,,,
rel_strength_60m_bin == 0.0,single,SHORT,fwd_ret_120m,12.19678608188189,0.0,0.04861885,0.4862507993721295,0.8054481,0.6677012,1.1417332,0.6026889327217386,103206,0.04861885,1.2805948,rel_strength_60m_bin,0.0,,,,,0.04136997030589591,bull_high_vol,False,False,"(False, 'PASS')",False,PASS,0.18618849366903306,True,True,True,False,,,,,,,
ret_5m_turned_positive_bin == True AND ret_15m_bin == 3.0,double,SHORT,fwd_ret_120m,11.113589254280887,0.0,0.042014256,0.4977691431633952,0.73523015,0.64504325,1.1296895,0.6457781527080197,74635,0.042014256,1.0327938,,,ret_5m_turned_positive_bin,True,ret_15m_bin,3.0,0.04134775351332955,bull_high_vol,True,True,"(False, 'PASS')",False,PASS,0.1201425611972809,True,True,True,True,False,Net expectancy -6.527% < 1.000% after 2.0 bps cost,-0.045268327,-0.06526832,0.47694633408919124,-0.7944098,13230.0
ret_5m_turned_positive_bin == True AND rvol_bin == 1,double,SHORT,fwd_ret_120m,10.377107923827442,0.0,0.041106813,0.5016036476482724,0.69005775,0.6120204,1.1347636,0.6858990425797967,57681,0.041106813,0.95137966,,,ret_5m_turned_positive_bin,True,rvol_bin,1,0.041322203645273205,bull_high_vol,True,True,"(False, 'PASS')",False,PASS,0.11427542185580225,True,True,True,True,False,Net expectancy -5.261% < 1.000% after 2.0 bps cost,-0.03260538,-0.05260538,0.4908909408535064,-0.61893505,12021.0
ret_5m_turned_positive_bin == True AND rvol_bin == 0,double,SHORT,fwd_ret_120m,10.198280764006125,0.0,0.03665037,0.5070201975264703,0.6182797,0.5615441,1.1323931,0.6829334919113494,56195,0.03665037,0.8519228,,,ret_5m_turned_positive_bin,True,rvol_bin,0,0.04087115335596031,bull_high_vol,True,True,"(False, 'PASS')",False,PASS,0.08054410311749677,True,True,True,True,False,Net expectancy -4.729% < 1.000% after 2.0 bps cost,-0.027287189,-0.04728719,0.5011164036915748,-0.5667251,13436.0
rel_strength_60m_bin == 2.0 AND atr_14_bin == 2,double,SHORT,fwd_ret_120m,12.221347490013278,0.0,0.09515871,0.5034162212409946,0.83000886,0.64980215,1.2949002,1.3226613819249275,21515,0.09515871,1.1420895,,,rel_strength_60m_bin,2.0,atr_14_bin,2,0.04052775762141701,bull_high_vol,False,False,"(False, 'PASS')",False,PASS,0.6584195532398169,True,True,True,False,,,,,,,
ret_60m_bin == 1.0 AND atr_14_bin == 2,double,SHORT,fwd_ret_120m,11.968794963510232,0.0,0.08726652,0.5074131344369656,0.788678,0.6352566,1.2788788,1.281320729194208,21988,0.08726652,1.0811603,,,ret_60m_bin,1.0,atr_14_bin,2,0.039607001576757984,bull_high_vol,False,False,"(False, 'PASS')",False,PASS,0.5874914655311119,True,True,True,False,,,,,,,
ret_30m_turned_positive_bin == True AND rvol_bin == 1,double,SHORT,fwd_ret_120m,10.199961402218323,0.0,0.039956138,0.5016163701910871,0.68595475,0.61023265,1.1313787,0.6661430948300178,59083,0.039956138,0.9521738,,,ret_30m_turned_positive_bin,True,rvol_bin,1,0.039447911706409676,bull_high_vol,True,True,"(False, 'PASS')",False,PASS,0.10279411576173653,True,True,True,True,False,Net expectancy -6.614% < 1.000% after 2.0 bps cost,-0.046142597,-0.0661426,0.48333194084718856,-0.8875361,11969.0
ret_5m_turned_positive_bin == True AND ret_5m_bin == 2.0,double,SHORT,fwd_ret_120m,11.251161259522942,0.0,0.03854541,0.49531191979205347,0.6993669,0.60999924,1.1252046,0.6084213332341374,86176,0.03854541,1.0057001,,,ret_5m_turned_positive_bin,True,ret_5m_bin,2.0,0.03924341741394953,bull_high_vol,True,True,"(False, 'PASS')",False,PASS,0.08545411080121995,True,True,True,True,False,Net expectancy -6.297% < 1.000% after 2.0 bps cost,-0.042971287,-0.06297129,0.4775439496984473,-0.80504537,15586.0
ret_5m_bin == 2.0,single,SHORT,fwd_ret_120m,11.251161259522942,0.0,0.03854541,0.49531191979205347,0.6993669,0.60999924,1.1252046,0.6084213332341374,86176,0.03854541,1.0057001,ret_5m_bin,2.0,,,,,0.03924341741394953,bull_high_vol,False,False,"(False, 'PASS')",False,PASS,0.08545411080121995,True,True,True,False,,,,,,,
price_down_vol_weak_bin == True AND rel_strength_60m_bin == 0.0,double,SHORT,fwd_ret_120m,10.220288690229337,0.0,0.045767818,0.5015267545560295,0.68946075,0.6018683,1.1525517,0.7986891409815887,41264,0.045767818,0.90966755,,,price_down_vol_weak_bin,True,rel_strength_60m_bin,0.0,0.03910412991664296,bull_high_vol,True,True,"(False, 'PASS')",False,PASS,0.16073168557470924,True,True,True,True,False,Net expectancy -3.335% < 1.000% after 2.0 bps cost,-0.0133521585,-0.03335216,0.5074232926426921,-0.27666807,9093.0
rel_strength_60m_bin == 1.0 AND session_range_pct_bin == 1,double,SHORT,fwd_ret_120m,11.732634310113703,0.0,0.0847207,0.49790395550574856,0.7666247,0.59149003,1.2852694,1.19991465723855,24093,0.0847207,1.1208292,,,rel_strength_60m_bin,1.0,session_range_pct_bin,1,0.03909296432435118,bull_high_vol,False,False,"(False, 'PASS')",False,PASS,0.5472070097923278,True,True,True,False,,,,,,,
ret_60m_bin == 1.0,single,SHORT,fwd_ret_120m,11.624554388079375,0.0,0.038498905,0.4906525299710224,0.7410365,0.6382529,1.1184245,0.5744768455980668,103183,0.038498905,1.0638396,ret_60m_bin,1.0,,,,,0.037923563823143575,bull_high_vol,False,False,"(False, 'PASS')",False,PASS,0.08498904556035997,True,True,True,False,,,,,,,
ret_30m_turned_positive_bin == True AND rvol_bin == 0,double,SHORT,fwd_ret_120m,9.90267742618232,0.0,0.03451307,0.5078971502326687,0.6087995,0.55820537,1.1256417,0.64783086232679,58882,0.03451307,0.8457115,,,ret_30m_turned_positive_bin,True,rvol_bin,0,0.037711716442366684,bull_high_vol,True,True,"(False, 'PASS')",False,PASS,0.06092501225923691,True,True,True,True,False,Net expectancy -4.019% < 1.000% after 2.0 bps cost,-0.020192236,-0.040192235,0.5030549898167006,-0.4334423,13748.0
ret_5m_turned_positive_bin == True AND ret_60m_bin == 3.0,double,SHORT,fwd_ret_120m,10.262090433780802,0.0,0.042613056,0.4979009235936188,0.7387605,0.6477137,1.1310297,0.6365007165928782,65505,0.042613056,1.0627817,,,ret_5m_turned_positive_bin,True,ret_60m_bin,3.0,0.03764124018003024,bull_high_vol,True,True,"(False, 'PASS')",False,PASS,0.1261305555701256,True,True,True,True,False,Net expectancy -7.922% < 1.000% after 2.0 bps cost,-0.05922466,-0.07922466,0.4714983713355049,-1.0183879,11052.0
ret_15m_turned_positive_bin == True AND rvol_bin == 1,double,SHORT,fwd_ret_120m,10.078617282828818,0.0,0.03853823,0.500024289531212,0.69139916,0.6143861,1.125459,0.6438210087238879,61755,0.03853823,0.9502259,,,ret_15m_turned_positive_bin,True,rvol_bin,1,0.03755289795505843,bull_high_vol,True,True,"(False, 'PASS')",False,PASS,0.08543086626668966,True,True,True,True,False,Net expectancy -6.018% < 1.000% after 2.0 bps cost,-0.04017548,-0.06017548,0.48745098039215684,-0.745821,12750.0
ret_15m_bin == 2.0 AND rel_strength_60m_bin == 1.0,double,SHORT,fwd_ret_120m,11.544165240178039,0.0,0.07952576,0.5047994740302433,0.75886554,0.61298233,1.2619865,1.2132563531347291,22815,0.07952576,1.0405322,,,ret_15m_bin,2.0,rel_strength_60m_bin,1.0,0.03733969177376935,bull_high_vol,False,False,"(False, 'PASS')",False,PASS,0.5048565611233451,True,True,True,False,,,,,,,
ret_15m_bin == 1.0 AND rel_strength_60m_bin == 1.0,double,SHORT,fwd_ret_120m,10.984721419780572,0.0,0.072397776,0.5011492601637696,0.75377315,0.6121171,1.2370938,1.0450173112286762,27844,0.072397776,1.0997703,,,ret_15m_bin,1.0,rel_strength_60m_bin,1.0,0.03707895654902038,bull_high_vol,False,False,"(False, 'PASS')",False,PASS,0.4262762798080156,True,True,True,False,,,,,,,
atr_14_bin == 2 AND price_vs_vwap_pct_bin == 3,double,SHORT,fwd_ret_120m,11.454507176775733,0.0,0.08221264,0.5029397879919317,0.79400706,0.6380014,1.2592436,1.1912129804172444,23301,0.08221264,1.0955936,,,atr_14_bin,2,price_vs_vwap_pct_bin,3,0.037014563588923015,bull_high_vol,False,False,"(False, 'PASS')",False,PASS,0.5280059943359905,True,True,True,False,,,,,,,
ret_15m_turned_positive_bin == True AND ret_15m_bin == 2.0,double,SHORT,fwd_ret_120m,11.426435924672639,0.0,0.03598031,0.4953595163821666,0.70597714,0.62169445,1.1146848,0.5645792381893283,103222,0.03598031,1.0116732,,,ret_15m_turned_positive_bin,True,ret_15m_bin,2.0,0.03698643389714158,bull_high_vol,True,True,"(False, 'PASS')",False,PASS,0.05980310291051866,True,True,True,True,False,Net expectancy -5.691% < 1.000% after 2.0 bps cost,-0.0369144,-0.0569144,0.47866185484332935,-0.69218546,17457.0
ret_15m_bin == 2.0,single,SHORT,fwd_ret_120m,11.426435924672639,0.0,0.03598031,0.4953595163821666,0.70597714,0.62169445,1.1146848,0.5645792381893283,103222,0.03598031,1.0116732,ret_15m_bin,2.0,,,,,0.03698643389714158,bull_high_vol,False,False,"(False, 'PASS')",False,PASS,0.05980310291051866,True,True,True,False,,,,,,,
ret_30m_turned_positive_bin == True AND ret_5m_bin == 2.0,double,SHORT,fwd_ret_120m,9.517143163687855,0.0,0.042133514,0.49992103600758053,0.697326,0.61285204,1.1374781,0.6712610012152338,50656,0.042133514,0.99640644,,,ret_30m_turned_positive_bin,True,ret_5m_bin,2.0,0.03696457249930582,bull_high_vol,True,True,"(False, 'PASS')",False,PASS,0.12133513838052751,True,True,True,True,False,Net expectancy -6.816% < 1.000% after 2.0 bps cost,-0.048163943,-0.068163946,0.4731772874902005,-0.8838678,8929.0
price_down_vol_weak_bin == True AND vwap_cross_up_bin == True,double,SHORT,fwd_ret_120m,10.41429473800639,0.0,0.055171438,0.501352702464271,0.7123451,0.60556775,1.1827083,0.8965042936744274,34006,0.055171438,0.9769272,,,price_down_vol_weak_bin,True,vwap_cross_up_bin,True,0.03684659853173513,bull_high_vol,True,True,"(False, 'PASS')",False,PASS,0.25441978054366193,True,True,True,True,False,Net expectancy -7.922% < 1.000% after 2.0 bps cost,-0.0592183,-0.0792183,0.4960297131147541,-1.151228,7808.0
rel_strength_60m_bin == 2.0,single,SHORT,fwd_ret_120m,11.40103568659702,0.0,0.03834316,0.49556578628543735,0.74433076,0.65523255,1.1160079,0.563452557204718,103175,0.03834316,1.0802664,rel_strength_60m_bin,2.0,,,,,0.03684590533936112,bull_high_vol,False,False,"(False, 'PASS')",False,PASS,0.083431613445282,True,True,True,False,,,,,,,
ret_60m_turned_positive_bin == True AND rvol_bin == 2,double,SHORT,fwd_ret_120m,9.797910724947403,0.0,0.041379828,0.49790927298921256,0.7301155,0.6416199,1.1284484,0.6519419587307447,56918,0.041379828,1.0075811,,,ret_60m_turned_positive_bin,True,rvol_bin,2,0.036811107435213014,bull_high_vol,True,True,"(False, 'PASS')",False,PASS,0.1137982800602913,True,True,True,True,False,Net expectancy -4.157% < 1.000% after 2.0 bps cost,-0.021570446,-0.041570447,0.48056210893424967,-0.37465698,9749.0
ret_60m_turned_positive_bin == True AND ret_30m_bin == 3.0,double,SHORT,fwd_ret_120m,10.614659375649374,0.0,0.037938632,0.4976812210152627,0.7140035,0.6318846,1.1195266,0.5957500160720303,79999,0.037938632,1.0109226,,,ret_60m_turned_positive_bin,True,ret_30m_bin,3.0,0.036425677342939035,bull_high_vol,True,True,"(False, 'PASS')",False,PASS,0.0793863207101822,True,True,True,True,False,Net expectancy -8.356% < 1.000% after 2.0 bps cost,-0.06356221,-0.08356221,0.4625875414670107,-1.1819543,13565.0
session_range_pct_bin == 0 AND rvol_bin == 0,double,SHORT,fwd_ret_120m,11.964686130598828,0.0,0.08127422,0.508251004234068,0.7047275,0.56310064,1.2935104,1.3993720824331737,18422,0.08127422,0.92197657,,,session_range_pct_bin,0,rvol_bin,0,0.03628823056666712,bull_high_vol,False,False,"(False, 'PASS')",False,PASS,0.5292441970410195,True,True,True,False,,,,,,,
ret_60m_turned_positive_bin == True AND is_first_hour_bin == True,double,SHORT,fwd_ret_120m,11.897922499437298,0.0,0.027157577,0.5053454446196773,0.6289244,0.58761513,1.0934322,0.520078355291876,131888,0.027157577,0.8289389,,,ret_60m_turned_positive_bin,True,is_first_hour_bin,True,0.036192162065299766,bull_high_vol,True,True,"(False, 'PASS')",False,PASS,0.010690889239354684,True,True,True,True,True,PASS,0.040285826,0.020285826,0.5278936839096885,0.7932496,34990.0
ret_30m_bin == 4.0 AND session_range_pct_bin == 2,double,SHORT,fwd_ret_120m,11.783989081677143,0.0,0.09090586,0.5242322324529967,0.7880887,0.67729604,1.2821099,1.3890243821746624,18137,0.09090586,1.0389204,,,ret_30m_bin,4.0,session_range_pct_bin,2,0.03602530172353257,bull_high_vol,False,False,"(False, 'PASS')",False,PASS,0.6575230655701321,True,True,True,False,,,,,,,
ret_15m_bin == 3.0 AND rel_strength_60m_bin == 1.0,double,SHORT,fwd_ret_120m,11.923926167855326,0.0,0.09484493,0.5110817796843206,0.78682137,0.6285001,1.3086544,1.4037403071659698,18183,0.09484493,1.0725749,,,ret_15m_bin,3.0,rel_strength_60m_bin,1.0,0.03600627872624598,bull_high_vol,False,False,"(False, 'PASS')",False,PASS,0.6706128581080744,True,True,True,False,,,,,,,
rel_strength_60m_bin == 1.0 AND rvol_bin == 3,double,SHORT,fwd_ret_120m,11.772136345241409,0.0,0.10048537,0.49536626244700777,0.88443786,0.66907,1.2976152,1.312070982802211,20286,0.10048537,1.2157542,,,rel_strength_60m_bin,1.0,rvol_bin,3,0.03592954469641903,bull_high_vol,False,False,"(True, 'Expectancy too high (10.049% > 10.000%)')",True,Expectancy too high (10.049% > 10.000%),0.7048536956310272,False,True,True,False,,,,,,,
ret_15m_turned_positive_bin == True AND ret_5m_bin == 2.0,double,SHORT,fwd_ret_120m,9.59272462994679,0.0,0.040358283,0.4989391219193733,0.6999416,0.61643195,1.1306643,0.648480720469761,55143,0.040358283,0.9879521,,,ret_15m_turned_positive_bin,True,ret_5m_bin,2.0,0.035923021858523176,bull_high_vol,True,True,"(False, 'PASS')",False,PASS,0.10358282625675203,True,True,True,True,False,Net expectancy -7.211% < 1.000% after 2.0 bps cost,-0.052109625,-0.072109625,0.4687310873512205,-0.9383485,9914.0
session_range_pct_bin == 1 AND is_power_hour_bin == True,double,SHORT,fwd_ret_120m,12.481232504571278,0.0,0.1801037,0.5097476298571237,1.3494809,1.0357746,1.3546809,1.6189402782784614,14978,0.1801037,1.7660056,,,session_range_pct_bin,1,is_power_hour_bin,True,0.035711952577507915,bull_high_vol,False,False,"(True, 'Expectancy too high (18.010% > 10.000%)')",True,Expectancy too high (18.010% > 10.000%),1.5800024421865317,False,True,True,False,,,,,,,
ret_5m_turned_positive_bin == True AND ret_60m_bin == 1.0,double,SHORT,fwd_ret_120m,9.524442262690288,0.0,0.0441527,0.4921130867844496,0.7555564,0.6451565,1.1347488,0.6579393528129545,52809,0.0441527,1.0652994,,,ret_5m_turned_positive_bin,True,ret_60m_bin,1.0,0.035692468808178335,bull_high_vol,True,True,"(False, 'PASS')",False,PASS,0.14152699410915376,True,True,True,True,False,Net expectancy -6.171% < 1.000% after 2.0 bps cost,-0.04171077,-0.06171077,0.48108163684968125,-0.8115742,9726.0
ret_15m_bin == 4.0 AND rel_strength_60m_bin == 4.0,double,SHORT,fwd_ret_120m,9.417854011480756,0.0,0.049085177,0.5160643911562354,0.8176347,0.7704889,1.1316425,0.7054499026928641,44913,0.049085177,1.1045476,,,ret_15m_bin,4.0,rel_strength_60m_bin,4.0,0.03564596231812536,bull_high_vol,False,False,"(False, 'PASS')",False,PASS,0.22298055712421544,True,True,True,False,,,,,,,
ret_60m_bin == 0.0 AND rel_strength_60m_bin == 0.0,double,SHORT,fwd_ret_120m,10.36597579188502,0.0,0.054047167,0.48330976739027975,0.85341203,0.6936752,1.1507949,0.6126725255467915,72138,0.054047167,1.4003764,,,ret_60m_bin,0.0,rel_strength_60m_bin,0.0,0.03552633651840745,bull_high_vol,False,False,"(False, 'PASS')",False,PASS,0.2404716730117798,True,True,True,False,,,,,,,
ret_5m_bin == 2.0 AND rel_strength_60m_bin == 1.0,double,SHORT,fwd_ret_120m,11.87167856534864,0.0,0.09143457,0.5050422901756669,0.76616913,0.59704745,1.3094094,1.3876656470128732,18444,0.09143457,1.0459859,,,ret_5m_bin,2.0,rel_strength_60m_bin,1.0,0.03552189111588822,bull_high_vol,False,False,"(False, 'PASS')",False,PASS,0.6244302620186617,True,True,True,False,,,,,,,
at_session_low_bin == True AND ret_60m_bin == 0.0,double,SHORT,fwd_ret_120m,12.43805125166735,0.0,0.20123191,0.4843560514188698,1.1298234,0.6710151,1.581587,1.537502863633225,16492,0.20123191,2.077692,,,at_session_low_bin,True,ret_60m_bin,0.0,0.03536084094135034,bull_high_vol,True,True,"(True, 'Expectancy too high (20.123% > 10.000%)')",True,Expectancy too high (20.123% > 10.000%),1.7310705496011125,False,True,True,False,,,,,,,
ret_5m_bin == 4.0 AND atr_14_bin == 2,double,SHORT,fwd_ret_120m,11.637949279878736,0.0,0.09875035,0.5121242537904802,0.8535817,0.69359773,1.2918246,1.342804796282473,18929,0.09875035,1.167417,,,ret_5m_bin,4.0,atr_14_bin,2,0.035067807389094374,bull_high_vol,False,False,"(False, 'PASS')",False,PASS,0.7117520361759311,True,True,True,False,,,,,,,
ret_30m_turned_positive_bin == True AND is_first_hour_bin == True,double,SHORT,fwd_ret_120m,11.645423575579645,0.0,0.026604535,0.5058037390194459,0.6272431,0.58814156,1.0915323,0.5065470065551736,133190,0.026604535,0.83375067,,,ret_30m_turned_positive_bin,True,is_first_hour_bin,True,0.034533717804017025,bull_high_vol,True,True,"(False, 'PASS')",False,PASS,0.011607478038891728,True,True,True,True,True,PASS,0.031243311,0.011243312,0.5279298087231281,0.60799724,35446.0
ret_15m_bin == 4.0 AND session_range_pct_bin == 2,double,SHORT,fwd_ret_120m,11.466447638832713,0.0,0.089263745,0.5185839760068551,0.8220616,0.7001102,1.2648426,1.3320905639673475,18672,0.089263745,1.063755,,,ret_15m_bin,4.0,session_range_pct_bin,2,0.03423645812838895,bull_high_vol,False,False,"(False, 'PASS')",False,PASS,0.6298053985364229,True,True,True,False,,,,,,,
ret_15m_turned_positive_bin == True AND ret_60m_bin == 1.0,double,SHORT,fwd_ret_120m,9.235948148695067,0.0,0.04389075,0.49208692571158613,0.7619863,0.65182954,1.1325713,0.6504910878890257,50802,0.04389075,1.0711046,,,ret_15m_turned_positive_bin,True,ret_60m_bin,1.0,0.034217708390591586,bull_high_vol,True,True,"(False, 'PASS')",False,PASS,0.1389074817299843,True,True,True,True,False,Net expectancy -6.912% < 1.000% after 2.0 bps cost,-0.04911787,-0.069117874,0.48178486742832505,-0.9521838,9278.0
ret_5m_bin == 1.0 AND rel_strength_60m_bin == 1.0,double,SHORT,fwd_ret_120m,10.502504166577804,0.0,0.063965164,0.49724261477396464,0.73448503,0.5991997,1.212331,0.9881139486536872,28469,0.063965164,1.02763,,,ret_5m_bin,1.0,rel_strength_60m_bin,1.0,0.03400608998463912,bull_high_vol,False,False,"(False, 'PASS')",False,PASS,0.3396516412496567,True,True,True,False,,,,,,,
rel_strength_60m_bin == 4.0 AND is_first_hour_bin == True,double,SHORT,fwd_ret_120m,9.531821710091254,0.0,0.035080623,0.5050322748483814,0.6973712,0.64067686,1.1106244,0.6101379664286194,61503,0.035080623,0.91272414,,,rel_strength_60m_bin,4.0,is_first_hour_bin,True,0.033994554288604484,bull_high_vol,False,False,"(False, 'PASS')",False,PASS,0.060870778513272106,True,True,True,False,,,,,,,
rvol_bin == 2,single,SHORT,fwd_ret_120m,10.971348110754182,0.0,0.035029367,0.492764152039986,0.7379954,0.64788073,1.1065925,0.5420566771441984,103236,0.035029367,1.0258595,rvol_bin,2,,,,,0.03391798603257621,bull_high_vol,False,False,"(False, 'PASS')",False,PASS,0.05029366612434388,True,True,True,False,,,,,,,
ret_60m_bin == 2.0 AND atr_14_bin == 2,double,SHORT,fwd_ret_120m,11.23189482785412,0.0,0.08578723,0.502081439303316,0.8033278,0.6377523,1.2701547,1.2333619197161803,20899,0.08578723,1.1041609,,,ret_60m_bin,2.0,atr_14_bin,2,0.03364801815120871,bull_high_vol,False,False,"(False, 'PASS')",False,PASS,0.5620351710060383,True,True,True,False,,,,,,,
vwap_cross_up_bin == True AND rvol_bin == 0,double,SHORT,fwd_ret_120m,9.498725927006527,0.0,0.03219812,0.5058079972260312,0.6125507,0.5617956,1.1159729,0.5986321833587696,63447,0.03219812,0.8538286,,,vwap_cross_up_bin,True,rvol_bin,0,0.03328874078950001,bull_high_vol,True,True,"(False, 'PASS')",False,PASS,0.03359719353777485,True,True,True,True,False,Net expectancy -4.174% < 1.000% after 2.0 bps cost,-0.021741465,-0.041741464,0.5047342080346273,-0.4586091,14786.0
vwap_cross_up_bin == True AND ret_5m_bin == 2.0,double,SHORT,fwd_ret_120m,9.345148152741372,0.0,0.03859484,0.4981788819022094,0.69881934,0.6168378,1.1246835,0.614897324272491,58206,0.03859484,0.9963844,,,vwap_cross_up_bin,True,ret_5m_bin,2.0,0.033132969839021545,bull_high_vol,True,True,"(False, 'PASS')",False,PASS,0.08594838231801988,True,True,True,True,False,Net expectancy -6.928% < 1.000% after 2.0 bps cost,-0.049280632,-0.06928063,0.4709639953542393,-0.8946332,10332.0
