signal_timestamp,entry_timestamp,exit_timestamp,symbol,side,shares,entry_price,stop_loss,take_profit,exit_price,exit_reason,stop_distance,atr,gross_pnl,fee,spread,net_pnl,r_multiple,oos_month
2023-08-03 11:14:00,2023-08-03 12:00:00,2023-08-03 12:02:00,AAOI,SHORT,1194,7.4001,7.483832142857143,7.232635714285715,7.483832142857143,stop_hit,0.0837321428571427,0.055821428571428466,-99.97617857142812,8.358,4.4178597,-112.75203827142812,-0.9999999999999973,2023-08
2023-08-03 13:25:00,2023-08-03 13:26:00,2023-08-03 13:43:00,AAOI,SHORT,610,7.54,7.701903571428572,7.2161928571428575,7.701903571428572,stop_hit,0.16190357142857142,0.10793571428571427,-98.76117857142874,4.2700000000000005,2.2997,-105.33087857142874,-1.0000000000000018,2023-08
2023-08-03 13:26:00,2023-08-03 13:27:00,2023-08-03 13:45:00,AAOI,SHORT,588,7.6,7.766189285714285,7.267621428571428,7.766189285714285,stop_hit,0.1661892857142857,0.11079285714285714,-97.71929999999973,4.116,2.2344,-104.06969999999973,-0.9999999999999973,2023-08
2023-08-03 13:27:00,2023-08-03 13:28:00,2023-08-03 13:45:00,AAOI,SHORT,564,7.54,7.71145,7.1971,7.71145,stop_hit,0.17145,0.1143,-96.69780000000006,3.948,2.1262800000000004,-102.77208000000005,-1.0000000000000007,2023-08
2023-08-03 13:28:00,2023-08-03 13:30:00,2023-08-03 13:37:00,AAOI,SHORT,541,7.4999,7.676707142857143,7.146285714285715,7.676707142857143,stop_hit,0.17680714285714283,0.11787142857142856,-95.65266428571445,3.787,2.02872295,-101.46838723571446,-1.0000000000000018,2023-08
2023-08-11 12:01:00,2023-08-11 12:02:00,2023-08-11 12:03:00,ACHR,SHORT,581,7.46,7.622857142857143,7.134285714285714,7.134285714285714,target_hit,0.162857142857143,0.10857142857142867,189.23999999999995,4.067,2.1671300000000002,183.00586999999996,1.9999999999999976,2023-08
2023-08-11 12:02:00,2023-08-11 12:03:00,2023-08-11 12:12:00,ACHR,SHORT,443,7.0,7.2175,6.5649999999999995,7.2175,stop_hit,0.2175000000000001,0.14500000000000007,-96.3525000000001,3.101,1.5505,-101.0040000000001,-1.0000000000000007,2023-08
2023-08-11 12:27:00,2023-08-11 12:28:00,2023-08-11 12:31:00,ACHR,SHORT,506,7.05,7.238582142857142,6.672835714285714,7.238582142857142,stop_hit,0.1885821428571428,0.12572142857142854,-95.42256428571403,3.5420000000000003,1.78365,-100.74821428571403,-0.9999999999999977,2023-08
2023-08-11 13:27:00,2023-08-11 13:28:00,2023-08-11 13:30:00,ACHR,SHORT,1161,6.9,6.981428571428571,6.7371428571428575,6.7371428571428575,target_hit,0.08142857142857131,0.05428571428571421,189.0771428571428,8.127,4.005450000000001,176.9446928571428,2.000000000000002,2023-08
2023-08-11 13:36:00,2023-08-11 13:37:00,2023-08-11 13:41:00,ACHR,LONG,416,6.3323,6.1013,6.7943,6.1013,stop_hit,0.2310000000000001,0.15400000000000005,-96.09599999999995,2.912,1.3171184,-100.32511839999995,-0.999999999999999,2023-08
2023-08-11 13:40:00,2023-08-11 13:41:00,2023-08-11 13:56:00,ACHR,LONG,346,6.11,5.835189285714286,6.659621428571429,5.835189285714286,stop_hit,0.27481071428571435,0.1832071428571429,-95.08450714285725,2.422,1.05703,-98.56353714285724,-1.0000000000000009,2023-08
2023-08-11 13:45:00,2023-08-11 13:46:00,2023-08-11 13:52:00,ACHR,LONG,397,6.1988,5.961489285714286,6.673421428571428,5.961489285714286,stop_hit,0.2373107142857142,0.1582071428571428,-94.21235357142848,2.779,1.2304618,-98.22181537142848,-0.9999999999999993,2023-08
2023-08-11 13:46:00,2023-08-11 13:47:00,2023-08-11 13:52:00,ACHR,LONG,411,6.2201,5.993450000000001,6.6734,5.993450000000001,stop_hit,0.2266499999999998,0.15109999999999987,-93.15314999999973,2.8770000000000002,1.27823055,-97.30838054999973,-0.999999999999998,2023-08
2023-08-11 13:47:00,2023-08-11 13:48:00,2023-08-11 13:52:00,ACHR,LONG,452,6.2021,5.9979499999999994,6.610399999999999,5.9979499999999994,stop_hit,0.20414999999999983,0.1360999999999999,-92.27580000000012,3.164,1.4016745999999998,-96.84147460000011,-1.0000000000000022,2023-08
2023-08-11 13:48:00,2023-08-11 13:49:00,2023-08-11 14:22:00,ACHR,SHORT,463,6.1091,6.306178571428571,5.714942857142857,6.306178571428571,stop_hit,0.19707857142857127,0.1313857142857142,-91.24737857142857,3.241,1.41425665,-95.90263522142857,-1.0000000000000009,2023-08
2023-08-11 13:49:00,2023-08-11 13:50:00,2023-08-11 15:08:00,ACHR,SHORT,446,6.14,6.342435714285714,5.735128571428572,5.735128571428572,target_hit,0.20243571428571422,0.1349571428571428,180.57265714285694,3.122,1.36922,176.0814371428569,1.9999999999999984,2023-08
2023-08-11 13:50:00,2023-08-11 13:51:00,2023-08-11 14:24:00,ACHR,SHORT,480,6.13,6.321721428571428,5.746557142857143,6.321721428571428,stop_hit,0.19172142857142854,0.12781428571428569,-92.02628571428562,3.36,1.4712,-96.85748571428562,-0.9999999999999991,2023-08
2023-08-11 13:55:00,2023-08-11 13:56:00,2023-08-11 14:00:00,ACHR,SHORT,482,5.84,6.029075,5.46185,6.029075,stop_hit,0.18907499999999994,0.12604999999999997,-91.13414999999995,3.374,1.40744,-95.91558999999994,-0.9999999999999997,2023-08
2023-08-11 13:56:00,2023-08-11 13:57:00,2023-08-11 14:22:00,ACHR,LONG,464,5.9,5.705567857142857,6.288864285714286,6.288864285714286,target_hit,0.1944321428571429,0.12962142857142858,180.43302857142865,3.248,1.3688000000000002,175.81622857142867,2.0000000000000004,2023-08
2023-08-11 13:57:00,2023-08-11 13:58:00,2023-08-11 14:00:00,ACHR,SHORT,468,5.8401,6.036675,5.446949999999999,6.036675,stop_hit,0.19657499999999994,0.13104999999999997,-91.99710000000007,3.2760000000000002,1.3665834000000001,-96.63968340000007,-1.000000000000001,2023-08
2023-08-11 13:58:00,2023-08-11 13:59:00,2023-08-11 14:21:00,ACHR,SHORT,468,5.9092,6.103632142857143,5.520335714285714,6.103632142857143,stop_hit,0.1944321428571429,0.12962142857142858,-90.9942428571429,3.2760000000000002,1.3827528,-95.6529956571429,-1.0000000000000002,2023-08
2023-08-11 13:59:00,2023-08-11 14:00:00,2023-08-11 14:21:00,ACHR,SHORT,482,5.99,6.176921428571429,5.616157142857143,6.176921428571429,stop_hit,0.18692142857142857,0.12461428571428572,-90.09612857142874,3.374,1.4435900000000002,-94.91371857142873,-1.0000000000000018,2023-08
2023-08-11 14:00:00,2023-08-11 14:01:00,2023-08-11 14:07:00,ACHR,LONG,479,5.9797,5.793914285714286,6.351271428571429,5.793914285714286,stop_hit,0.18578571428571428,0.12385714285714286,-88.99135714285711,3.353,1.43213815,-93.7764952928571,-0.9999999999999997,2023-08
2023-08-11 14:03:00,2023-08-11 14:04:00,2023-08-11 14:21:00,ACHR,SHORT,545,5.8811,6.042778571428571,5.557742857142857,6.042778571428571,stop_hit,0.16167857142857137,0.10778571428571425,-88.11482142857137,3.815,1.6025997500000002,-93.53242117857137,-0.9999999999999998,2023-08
2023-08-11 14:07:00,2023-08-11 14:08:00,2023-08-11 14:20:00,ACHR,SHORT,642,5.86,5.995921428571429,5.588157142857143,5.995921428571429,stop_hit,0.13592142857142858,0.09061428571428573,-87.26155714285726,4.494,1.8810600000000002,-93.63661714285726,-1.0000000000000013,2023-08
2023-08-11 14:27:00,2023-08-11 14:28:00,2023-08-11 14:42:00,ACHR,LONG,597,6.065,5.9204107142857145,6.354178571428573,5.9204107142857145,stop_hit,0.1445892857142861,0.09639285714285739,-86.31980357142866,4.179,1.8104025000000001,-92.30920607142866,-0.9999999999999984,2023-08
2023-08-18 13:51:00,2023-08-18 13:52:00,2023-08-18 13:59:00,ACHR,LONG,609,6.7498,6.609571428571428,7.030257142857143,6.609571428571428,stop_hit,0.1402285714285717,0.09348571428571446,-85.39920000000009,4.263,2.0553141,-91.7175141000001,-0.9999999999999992,2023-08
2023-08-18 12:46:00,2023-08-18 13:30:00,2023-08-18 13:47:00,AGL,SHORT,464,17.665,17.847142857142856,17.300714285714285,17.847142857142856,stop_hit,0.18214285714285705,0.12142857142857137,-84.51428571428562,3.248,4.09828,-91.86056571428563,-0.9999999999999994,2023-08
2023-08-24 11:36:00,2023-08-24 11:37:00,2023-08-24 11:45:00,AMC,LONG,464,17.61,17.43,17.97,17.43,stop_hit,0.1799999999999996,0.11999999999999973,-83.51999999999987,3.248,4.08552,-90.85351999999988,-1.0000000000000007,2023-08
2023-08-24 12:04:00,2023-08-24 12:05:00,2023-08-24 12:21:00,AMC,SHORT,149,17.54,18.093767857142858,16.432464285714282,18.093767857142858,stop_hit,0.5537678571428585,0.3691785714285723,-82.51141071428593,1.043,1.30673,-84.86114071428594,-1.0000000000000002,2023-08
2023-08-24 12:49:00,2023-08-24 12:50:00,2023-08-24 13:19:00,AMC,SHORT,293,17.31,17.588775,16.752450000000003,16.752450000000003,target_hit,0.27877499999999855,0.18584999999999902,163.3621499999987,2.051,2.535915,158.77523499999873,1.9999999999999944,2023-08
2023-08-24 13:08:00,2023-08-24 13:09:00,2023-08-24 13:16:00,AMC,SHORT,883,17.16,17.254467857142856,16.971064285714284,16.971064285714284,target_hit,0.09446785714285699,0.06297857142857133,166.83023571428703,6.181,7.5761400000000005,153.073095714287,2.0000000000000187,2023-08
2023-08-24 13:09:00,2023-08-24 13:10:00,2023-08-24 13:16:00,AMC,SHORT,953,17.13,17.219110714285712,16.95177857142857,16.95177857142857,target_hit,0.08911071428571406,0.05940714285714271,169.84502142857244,6.671,8.162445,155.01157642857245,2.0000000000000173,2023-08
2023-08-24 13:20:00,2023-08-24 13:21:00,2023-08-24 13:22:00,AMC,SHORT,534,16.45,16.611785714285713,16.126428571428573,16.611785714285713,stop_hit,0.1617857142857141,0.10785714285714272,-86.39357142857091,3.738,4.39215,-94.52372142857091,-0.9999999999999952,2023-08
2023-08-24 13:21:00,2023-08-24 13:22:00,2023-08-24 13:27:00,AMC,SHORT,483,16.6,16.776785714285715,16.246428571428574,16.246428571428574,target_hit,0.17678571428571413,0.11785714285714276,170.7749999999996,3.3810000000000002,4.008900000000001,163.3850999999996,1.9999999999999971,2023-08
2023-08-24 13:23:00,2023-08-24 13:24:00,2023-08-24 13:30:00,AMC,SHORT,383,16.5,16.72719642857143,16.045607142857143,16.045607142857143,target_hit,0.22719642857142852,0.1514642857142857,174.03246428571407,2.681,3.1597500000000003,168.19171428571406,1.999999999999998,2023-08
2023-08-24 13:24:00,2023-08-24 13:25:00,2023-08-24 13:32:00,AMC,SHORT,389,16.39,16.618267857142857,15.933464285714287,15.933464285714287,target_hit,0.2282678571428569,0.15217857142857127,177.59239285714267,2.723,3.187855,171.68153785714264,2.0,2023-08
2023-08-24 13:25:00,2023-08-24 13:26:00,2023-08-24 13:32:00,AMC,SHORT,382,16.38,16.616839285714285,15.906321428571427,15.906321428571427,target_hit,0.23683928571428567,0.1578928571428571,180.94521428571437,2.674,3.12858,175.14263428571437,2.0000000000000013,2023-08
2023-08-24 13:26:00,2023-08-24 13:27:00,2023-08-24 13:30:00,AMC,SHORT,368,16.2,16.450767857142857,15.698464285714286,16.450767857142857,stop_hit,0.250767857142857,0.16717857142857134,-92.28257142857166,2.576,2.9808,-97.83937142857165,-1.000000000000003,2023-08
2023-08-24 13:29:00,2023-08-24 13:30:00,2023-08-24 13:40:00,AMC,SHORT,286,16.0,16.319339285714285,15.36132142857143,15.36132142857143,target_hit,0.3193392857142856,0.21289285714285708,182.66207142857124,2.0020000000000002,2.2880000000000003,178.37207142857122,1.9999999999999987,2023-08
2023-08-24 13:36:00,2023-08-24 13:37:00,2023-08-24 13:40:00,AMC,LONG,239,15.72,15.331017857142857,16.49796428571429,15.331017857142857,stop_hit,0.38898214285714355,0.25932142857142904,-92.96673214285727,1.673,1.87854,-96.51827214285727,-0.9999999999999996,2023-08
2023-08-24 13:39:00,2023-08-24 13:40:00,2023-08-24 13:43:00,AMC,LONG,210,15.285,14.847857142857142,16.159285714285716,14.847857142857142,stop_hit,0.4371428571428577,0.2914285714285718,-91.80000000000013,1.47,1.604925,-94.87492500000012,-1.0,2023-08
2023-08-24 13:54:00,2023-08-24 13:55:00,2023-08-24 13:58:00,AMC,SHORT,276,14.1,14.430342857142858,13.439314285714284,14.430342857142858,stop_hit,0.3303428571428577,0.2202285714285718,-91.1746285714288,1.932,1.9458,-95.0524285714288,-1.0000000000000007,2023-08
2023-08-24 13:55:00,2023-08-24 13:56:00,2023-08-24 14:01:00,AMC,SHORT,288,14.32,14.632514285714286,13.694971428571428,14.632514285714286,stop_hit,0.3125142857142863,0.20834285714285755,-90.00411428571442,2.016,2.06208,-94.08219428571442,-0.9999999999999997,2023-08
2023-08-24 14:04:00,2023-08-24 14:05:00,2023-08-24 14:21:00,AMC,LONG,301,14.6288,14.332925,15.22055,14.332925,stop_hit,0.295875,0.19724999999999998,-89.05837500000017,2.107,2.2016344,-93.36700940000017,-1.0000000000000018,2023-08
2023-08-24 15:41:00,2023-08-24 15:42:00,2023-08-24 15:53:00,AMC,SHORT,545,14.3588,14.520885714285715,14.034628571428573,14.14,time_exit,0.16208571428571394,0.10805714285714263,119.24599999999994,3.815,3.912773,111.51822699999994,1.3499030495328772,2023-08
2023-08-02 09:41:00,2023-08-02 09:42:00,2023-08-02 09:44:00,AMSC,SHORT,308,16.71,16.99984285714286,16.130314285714284,16.99984285714286,stop_hit,0.2898428571428573,0.19322857142857153,-89.27160000000032,2.156,2.5733400000000004,-94.00094000000033,-1.000000000000003,2023-08
2023-08-02 09:44:00,2023-08-02 09:45:00,2023-08-02 09:53:00,AMSC,SHORT,291,16.88,17.184285714285714,16.27142857142857,17.184285714285714,stop_hit,0.3042857142857145,0.20285714285714299,-88.54714285714311,2.037,2.4560400000000002,-93.04018285714312,-1.0000000000000022,2023-08
2023-08-02 09:47:00,2023-08-02 09:48:00,2023-08-02 09:53:00,AMSC,SHORT,481,16.87,17.052142857142858,16.505714285714287,17.052142857142858,stop_hit,0.18214285714285705,0.12142857142857137,-87.61071428571418,3.367,4.057235,-95.03494928571419,-0.9999999999999994,2023-08
2023-08-02 12:01:00,2023-08-02 12:02:00,2023-08-02 12:12:00,AMSC,SHORT,153,16.25,16.813592857142858,15.122814285714284,16.813592857142858,stop_hit,0.5635928571428577,0.37572857142857174,-86.22970714285725,1.071,1.243125,-88.54383214285726,-1.0000000000000004,2023-08
2023-08-02 12:32:00,2023-08-02 12:33:00,2023-08-02 12:38:00,AMSC,SHORT,518,15.5584,15.72402142857143,15.227157142857145,15.227157142857145,target_hit,0.16562142857142817,0.11041428571428545,171.58379999999931,3.626,4.0296256,163.9281743999993,1.999999999999997,2023-08
2023-08-02 13:39:00,2023-08-02 13:40:00,2023-08-02 13:44:00,AMSC,LONG,181,13.8559,13.373425000000001,14.820849999999998,13.373425000000001,stop_hit,0.48247499999999943,0.3216499999999996,-87.32797499999984,1.2670000000000001,1.25395895,-89.84893394999983,-0.9999999999999993,2023-08
2023-08-02 13:41:00,2023-08-02 13:42:00,2023-08-02 13:44:00,AMSC,LONG,157,13.86,13.31055,14.958899999999998,13.31055,stop_hit,0.5494499999999993,0.36629999999999957,-86.26365000000004,1.099,1.08801,-88.45066000000004,-1.0000000000000016,2023-08
2023-08-02 13:42:00,2023-08-02 13:43:00,2023-08-02 14:13:00,AMSC,LONG,146,13.4,12.816542857142858,14.566914285714285,12.816542857142858,stop_hit,0.5834571428571422,0.38897142857142813,-85.18474285714277,1.022,0.9782000000000001,-87.18494285714277,-1.0,2023-08
2023-08-02 13:43:00,2023-08-02 13:44:00,2023-08-02 14:14:00,AMSC,LONG,139,13.1592,12.552267857142859,14.373064285714285,12.552267857142859,stop_hit,0.6069321428571421,0.4046214285714281,-84.3635678571427,0.973,0.9145643999999999,-86.2511322571427,-0.9999999999999992,2023-08
2023-08-02 13:44:00,2023-08-02 13:45:00,2023-08-02 14:13:00,AMSC,LONG,137,13.26,12.650935714285716,14.47812857142857,12.650935714285716,stop_hit,0.6090642857142852,0.40604285714285676,-83.44180714285694,0.9590000000000001,0.90831,-85.30911714285695,-0.9999999999999986,2023-08
2023-08-02 13:45:00,2023-08-02 13:46:00,2023-08-02 14:13:00,AMSC,LONG,136,13.4113,12.801164285714286,14.631571428571428,12.801164285714286,stop_hit,0.6101357142857138,0.40675714285714254,-82.9784571428572,0.9520000000000001,0.9119684000000001,-84.8424255428572,-1.0000000000000016,2023-08
2023-08-02 13:47:00,2023-08-02 13:48:00,2023-08-02 14:13:00,AMSC,LONG,150,13.3991,12.852853571428572,14.491592857142857,12.852853571428572,stop_hit,0.5462464285714281,0.36416428571428544,-81.93696428571435,1.05,1.0049325,-83.99189678571435,-1.0000000000000016,2023-08
2023-08-02 13:48:00,2023-08-02 13:49:00,2023-08-02 14:14:00,AMSC,SHORT,157,13.6101,14.128467857142855,12.573364285714286,12.573364285714286,target_hit,0.5183678571428567,0.3455785714285711,162.767507142857,1.099,1.06839285,160.600114292857,2.0,2023-08
2023-08-02 13:57:00,2023-08-02 13:58:00,2023-08-02 14:05:00,AMSC,SHORT,256,13.6099,13.933878571428572,12.961942857142857,13.933878571428572,stop_hit,0.32397857142857156,0.2159857142857144,-82.93851428571452,1.792,1.7420672,-86.47258148571451,-1.0000000000000024,2023-08
2023-08-02 13:58:00,2023-08-02 13:59:00,2023-08-02 14:05:00,AMSC,SHORT,269,13.61,13.914971428571429,13.000057142857141,13.914971428571429,stop_hit,0.30497142857142867,0.20331428571428578,-82.03731428571443,1.883,1.8305449999999999,-85.75085928571443,-1.0000000000000016,2023-08
2023-08-02 13:59:00,2023-08-02 14:00:00,2023-08-02 14:05:00,AMSC,SHORT,279,13.6428,13.933832142857142,13.060735714285714,13.933832142857142,stop_hit,0.2910321428571429,0.1940214285714286,-81.19796785714276,1.953,1.9031706,-85.05413845714276,-0.9999999999999987,2023-08
2023-08-02 14:01:00,2023-08-02 14:02:00,2023-08-02 14:05:00,AMSC,SHORT,295,13.48,13.75225,12.9355,13.75225,stop_hit,0.2722500000000002,0.18150000000000016,-80.3137499999999,2.065,1.9883,-84.36704999999989,-0.999999999999998,2023-08
2023-08-02 14:02:00,2023-08-02 14:03:00,2023-08-02 14:05:00,AMSC,SHORT,294,13.4209,13.691017857142857,12.880664285714285,13.691017857142857,stop_hit,0.2701178571428574,0.1800785714285716,-79.41464999999998,2.058,1.9728723000000001,-83.4455223,-0.9999999999999988,2023-08
2023-08-02 14:04:00,2023-08-02 14:05:00,2023-08-02 14:12:00,AMSC,SHORT,291,13.66,13.930546428571429,13.118907142857143,13.118907142857143,target_hit,0.27054642857142897,0.18036428571428598,157.45802142857139,2.037,1.98753,153.4334914285714,1.9999999999999967,2023-08
2023-08-02 14:13:00,2023-08-02 14:14:00,2023-08-02 14:34:00,AMSC,SHORT,213,12.58,12.956328571428571,11.827342857142856,12.956328571428571,stop_hit,0.37632857142857173,0.2508857142857145,-80.15798571428564,1.491,1.33977,-82.98875571428565,-0.9999999999999983,2023-08
2023-08-02 14:16:00,2023-08-02 14:17:00,2023-08-02 15:17:00,AMSC,LONG,198,12.49,12.090592857142857,13.288814285714286,12.090592857142857,stop_hit,0.39940714285714324,0.2662714285714288,-79.08261428571433,1.3860000000000001,1.23651,-81.70512428571432,-0.9999999999999996,2023-08
2023-08-02 14:17:00,2023-08-02 14:18:00,2023-08-02 14:34:00,AMSC,SHORT,190,12.64,13.05237142857143,11.815257142857142,13.05237142857143,stop_hit,0.412371428571429,0.274914285714286,-78.35057142857156,1.33,1.2008,-80.88137142857155,-1.0000000000000007,2023-08
2023-08-02 14:21:00,2023-08-02 14:22:00,2023-08-02 14:33:00,AMSC,SHORT,225,12.4001,12.745528571428572,11.709242857142858,12.745528571428572,stop_hit,0.34542857142857125,0.23028571428571418,-77.72142857142872,1.575,1.39501125,-80.69143982142872,-1.0000000000000024,2023-08
2023-08-02 14:27:00,2023-08-02 14:28:00,2023-08-02 15:17:00,AMSC,LONG,225,12.49,12.148867857142857,13.172264285714286,12.148867857142857,stop_hit,0.341132142857143,0.22742142857142866,-76.75473214285718,1.575,1.405125,-79.73485714285718,-1.0,2023-08
2023-08-02 14:33:00,2023-08-02 14:34:00,2023-08-02 15:17:00,AMSC,SHORT,257,13.0112,13.306785714285715,12.420028571428572,12.420028571428572,target_hit,0.29558571428571434,0.1970571428571429,151.93105714285707,1.799,1.6719392,148.46011794285707,1.9999999999999984,2023-08
2023-08-02 15:17:00,2023-08-02 15:18:00,2023-08-02 15:19:00,AMSC,LONG,453,11.99,11.818646428571428,12.332707142857144,11.818646428571428,stop_hit,0.17135357142857155,0.11423571428571437,-77.62316785714306,3.1710000000000003,2.715735,-83.50990285714306,-1.000000000000002,2023-08
2023-08-02 15:18:00,2023-08-02 15:19:00,2023-08-02 15:21:00,AMSC,LONG,443,11.705,11.531503571428571,12.051992857142857,11.531503571428571,stop_hit,0.17349642857142866,0.11566428571428577,-76.8589178571431,3.101,2.5926575,-82.5525753571431,-1.0000000000000027,2023-08
2023-08-02 15:21:00,2023-08-02 15:22:00,2023-08-02 15:36:00,AMSC,SHORT,326,11.62,11.852971428571427,11.154057142857141,11.852971428571427,stop_hit,0.2329714285714286,0.15531428571428574,-75.94868571428557,2.282,1.89406,-80.12474571428557,-0.9999999999999981,2023-08
2023-08-02 15:23:00,2023-08-02 15:24:00,2023-08-02 15:51:00,AMSC,LONG,294,11.5,11.244635714285714,12.010728571428572,11.244635714285714,stop_hit,0.25536428571428593,0.17024285714285728,-75.07710000000013,2.058,1.6905000000000001,-78.82560000000014,-1.0000000000000009,2023-08
2023-08-02 15:32:00,2023-08-02 15:33:00,2023-08-02 15:51:00,AMSC,LONG,321,11.5507,11.319357142857145,12.013385714285715,11.319357142857145,stop_hit,0.2313428571428568,0.1542285714285712,-74.26105714285677,2.247,1.8538873500000002,-78.36194449285676,-0.9999999999999964,2023-08
2023-08-02 15:37:00,2023-08-02 15:38:00,2023-08-02 15:48:00,AMSC,LONG,414,11.6697,11.49212142857143,12.024857142857144,11.49212142857143,stop_hit,0.17757857142857134,0.11838571428571422,-73.51752857142827,2.898,2.4156279,-78.83115647142827,-0.9999999999999964,2023-08
2023-08-02 15:39:00,2023-08-02 15:40:00,2023-08-02 15:48:00,AMSC,LONG,406,11.77,11.590696428571428,12.128607142857142,11.590696428571428,stop_hit,0.1793035714285713,0.1195357142857142,-72.79724999999988,2.842,2.38931,-78.02855999999987,-0.9999999999999989,2023-08
2023-08-07 12:09:00,2023-08-07 12:10:00,2023-08-07 13:39:00,AMSC,SHORT,282,10.39,10.645214285714287,9.87957142857143,9.87957142857143,target_hit,0.25521428571428567,0.17014285714285712,143.94085714285708,1.974,1.46499,140.5018671428571,1.9999999999999996,2023-08
2023-08-07 13:39:00,2023-08-07 13:40:00,2023-08-07 13:42:00,AMSC,LONG,337,9.8,9.582403571428571,10.23519285714286,9.582403571428571,stop_hit,0.21759642857142905,0.14506428571428603,-73.32999642857169,2.359,1.6513000000000002,-77.34029642857169,-1.0000000000000013,2023-08
2023-08-07 13:41:00,2023-08-07 13:42:00,2023-08-07 13:49:00,AMSC,SHORT,315,9.48,9.710453571428573,9.019092857142857,9.019092857142857,target_hit,0.23045357142857203,0.15363571428571468,145.18575000000024,2.205,1.4931,141.48765000000023,1.999999999999998,2023-08
2023-08-07 13:44:00,2023-08-07 13:45:00,2023-08-07 13:48:00,AMSC,LONG,289,9.4191,9.162932142857143,9.931435714285715,9.162932142857143,stop_hit,0.2561678571428577,0.17077857142857183,-74.03251071428585,2.023,1.36105995,-77.41657066428584,-0.9999999999999996,2023-08
2023-08-07 13:45:00,2023-08-07 13:46:00,2023-08-07 13:48:00,AMSC,LONG,294,9.3,9.050828571428571,9.79834285714286,9.050828571428571,stop_hit,0.2491714285714291,0.16611428571428608,-73.25640000000027,2.058,1.3671000000000002,-76.68150000000026,-1.0000000000000016,2023-08
2023-08-07 13:58:00,2023-08-07 13:59:00,2023-08-07 14:01:00,AMSC,SHORT,419,8.8836,9.056517857142858,8.537764285714285,9.056517857142858,stop_hit,0.17291785714285746,0.11527857142857163,-72.45258214285751,2.9330000000000003,1.8611142,-77.24669634285752,-1.000000000000003,2023-08
2023-08-16 12:08:00,2023-08-16 12:09:00,2023-08-16 12:10:00,AMSC,SHORT,234,9.76,10.066332142857142,9.147335714285715,9.147335714285715,target_hit,0.30633214285714244,0.2042214285714283,143.36344285714264,1.6380000000000001,1.14192,140.58352285714264,1.9999999999999996,2023-08
2023-08-16 13:08:00,2023-08-16 13:09:00,2023-08-16 13:33:00,AMSC,SHORT,456,9.16,9.320328571428572,8.839342857142857,9.320328571428572,stop_hit,0.16032857142857138,0.10688571428571425,-73.10982857142875,3.192,2.08848,-78.39030857142876,-1.0000000000000027,2023-08
2023-08-16 13:09:00,2023-08-16 13:18:00,2023-08-16 13:32:00,AMSC,SHORT,780,9.11,9.20282857142857,8.924342857142857,9.20282857142857,stop_hit,0.09282857142857148,0.06188571428571432,-72.40628571428542,5.46,3.5528999999999997,-81.4191857142854,-0.9999999999999952,2023-08
2023-08-16 13:18:00,2023-08-16 13:24:00,2023-08-16 13:32:00,AMSC,SHORT,729,9.1292,9.227385714285715,8.932828571428573,9.227385714285715,stop_hit,0.09818571428571443,0.06545714285714295,-71.57738571428558,5.103,3.3275934000000005,-80.00797911428558,-0.9999999999999966,2023-08
2023-08-16 13:24:00,2023-08-16 13:25:00,2023-08-16 13:30:00,AMSC,SHORT,2399,9.13,9.159528571428572,9.070942857142857,9.070942857142857,target_hit,0.0295285714285717,0.019685714285714466,141.67808571428853,16.793,10.951435000000002,113.93365071428852,2.0000000000000213,2023-08
2023-08-16 13:25:00,2023-08-16 13:28:00,2023-08-16 13:30:00,AMSC,SHORT,2431,9.14,9.169614285714287,9.08077142857143,9.08077142857143,target_hit,0.029614285714285975,0.019742857142857315,143.98465714285655,17.017,11.10967,115.85798714285656,1.9999999999999742,2023-08
2023-08-16 13:28:00,2023-08-16 13:30:00,2023-08-16 13:31:00,AMSC,SHORT,2770,9.0801,9.1065,9.027299999999999,9.1065,stop_hit,0.02640000000000033,0.01760000000000022,-73.12800000000179,19.39,12.575938500000001,-105.0939385000018,-1.000000000000012,2023-08
2023-08-16 13:30:00,2023-08-16 13:31:00,2023-08-16 13:32:00,AMSC,SHORT,2061,9.1374,9.172371428571429,9.067457142857142,9.172371428571429,stop_hit,0.0349714285714289,0.023314285714285937,-72.07611428571629,14.427,9.4160907,-95.91920498571629,-1.0000000000000182,2023-08
2023-08-02 13:22:00,2023-08-02 13:23:00,2023-08-02 13:25:00,APLD,SHORT,1555,8.95,8.995739285714285,8.858521428571429,8.858521428571429,target_hit,0.0457392857142857,0.03049285714285713,142.24917857142734,10.885,6.958625,124.40555357142735,1.9999999999999833,2023-08
2023-08-02 13:26:00,2023-08-02 13:27:00,2023-08-02 13:29:00,APLD,SHORT,1474,8.7691,8.818192857142858,8.670914285714286,8.818192857142858,stop_hit,0.049092857142857306,0.03272857142857154,-72.3628714285726,10.318,6.4628267,-89.1436981285726,-1.0000000000000129,2023-08
2023-08-02 13:27:00,2023-08-02 13:29:00,2023-08-02 13:30:00,APLD,SHORT,1239,8.86,8.917664285714284,8.744671428571428,8.917664285714284,stop_hit,0.05766428571428569,0.038442857142857126,-71.44604999999919,8.673,5.48877,-85.6078199999992,-0.999999999999989,2023-08
2023-08-15 12:04:00,2023-08-15 12:05:00,2023-08-15 12:26:00,APLD,SHORT,1012,7.3898,7.459592857142857,7.250214285714286,7.250214285714286,target_hit,0.06979285714285721,0.046528571428571475,141.260742857143,7.0840000000000005,3.7392388000000003,130.43750405714297,2.0,2023-08
2023-08-16 13:16:00,2023-08-16 13:17:00,2023-08-16 13:18:00,ARHS,SHORT,2238,11.0,11.032142857142857,10.935714285714287,10.935714285714287,target_hit,0.03214285714285703,0.021428571428571352,143.87142857142607,15.666,12.309000000000001,115.89642857142607,1.9999999999999725,2023-08
2023-08-16 13:30:00,2023-08-16 13:31:00,2023-08-16 13:33:00,ARHS,SHORT,473,10.91,11.064285714285715,10.601428571428572,11.064285714285715,stop_hit,0.15428571428571425,0.10285714285714283,-72.97714285714311,3.311,2.5802150000000004,-78.8683578571431,-1.0000000000000036,2023-08
2023-08-21 13:28:00,2023-08-21 13:30:00,2023-08-21 13:31:00,ARHS,SHORT,3292,10.43,10.451964285714286,10.386071428571428,10.451964285714286,stop_hit,0.02196428571428572,0.014642857142857148,-72.30642857143131,23.044,17.16778,-112.5182085714313,-1.0000000000000375,2023-08
2023-08-02 13:23:00,2023-08-02 13:24:00,2023-08-02 13:28:00,ASAN,SHORT,1661,23.75,23.792857142857144,23.664285714285715,23.792857142857144,stop_hit,0.042857142857143087,0.028571428571428723,-71.18571428571698,11.627,19.724375000000002,-102.53708928571697,-1.0000000000000326,2023-08
2023-08-23 13:25:00,2023-08-23 13:27:00,2023-08-23 13:30:00,ASO,SHORT,299,50.22,50.45464285714286,49.75071428571429,50.45464285714286,stop_hit,0.23464285714285693,0.15642857142857128,-70.15821428571482,2.093,7.50789,-79.75910428571483,-1.0000000000000084,2023-08
2023-08-17 15:14:00,2023-08-17 15:15:00,2023-08-17 15:20:00,ATEC,SHORT,2409,14.3681,14.396889285714286,14.310521428571427,14.396889285714286,stop_hit,0.028789285714286184,0.019192857142857456,-69.35338928571434,16.863,17.30637645,-103.52276573571434,-0.9999999999999846,2023-08
2023-08-28 09:39:00,2023-08-28 10:11:00,2023-08-28 11:20:00,BBIO,SHORT,123,32.13,32.684464285714284,31.02107142857143,31.02107142857143,target_hit,0.5544642857142854,0.36964285714285694,136.3982142857142,0.861,1.9759950000000002,133.5612192857142,2.0,2023-08
2023-08-28 11:06:00,2023-08-28 11:11:00,2023-08-28 11:24:00,BBIO,SHORT,100,32.0,32.69589285714286,30.608214285714286,30.608214285714286,target_hit,0.6958928571428569,0.46392857142857125,139.1785714285714,0.7000000000000001,1.6,136.8785714285714,2.0,2023-08
2023-08-28 11:25:00,2023-08-28 11:44:00,2023-08-28 12:00:00,BBIO,SHORT,82,31.0,31.85875,29.282500000000002,31.85875,stop_hit,0.8587499999999993,0.5724999999999996,-70.41750000000005,0.7,1.2710000000000001,-72.38850000000005,-1.0000000000000013,2023-08
2023-08-28 12:06:00,2023-08-28 12:14:00,2023-08-28 12:57:00,BBIO,SHORT,114,30.49,31.10178571428571,29.26642857142857,31.10178571428571,stop_hit,0.6117857142857139,0.40785714285714264,-69.74357142857124,0.798,1.73793,-72.27950142857125,-0.9999999999999978,2023-08
2023-08-28 13:27:00,2023-08-28 13:28:00,2023-08-28 13:30:00,BBIO,SHORT,477,30.75,30.89569285714286,30.458614285714283,30.458614285714283,target_hit,0.1456928571428575,0.09712857142857168,138.99098571428692,3.339,7.333875,128.31811071428692,2.000000000000012,2023-08
2023-08-07 12:00:00,2023-08-07 12:03:00,2023-08-07 12:08:00,BHVN,SHORT,433,20.51,20.6735,20.183000000000003,20.6735,stop_hit,0.1634999999999992,0.10899999999999947,-70.7954999999996,3.031,4.440415,-78.26691499999961,-0.9999999999999993,2023-08
2023-08-18 11:00:00,2023-08-18 11:31:00,2023-08-18 12:00:00,BLMN,SHORT,371,27.52,27.708892857142857,27.14221428571428,27.14221428571428,target_hit,0.18889285714285808,0.12592857142857206,140.15850000000137,2.597,5.10496,132.45654000000135,2.0000000000000093,2023-08
2023-08-18 12:01:00,2023-08-18 12:03:00,2023-08-18 12:09:00,BLMN,SHORT,238,27.0,27.298928571428572,26.402142857142856,27.298928571428572,stop_hit,0.2989285714285717,0.19928571428571448,-71.14500000000015,1.666,3.213,-76.02400000000014,-1.0000000000000013,2023-08
2023-08-09 13:27:00,2023-08-09 13:30:00,2023-08-09 13:31:00,BMBL,SHORT,610,16.77,16.885714285714286,16.53857142857143,16.53857142857143,target_hit,0.11571428571428555,0.07714285714285703,141.1714285714274,4.2700000000000005,5.11485,131.7865785714274,1.9999999999999867,2023-08
2023-08-09 13:39:00,2023-08-09 13:40:00,2023-08-21 15:53:00,BMBL,SHORT,153,17.025,17.492496428571428,16.090007142857143,16.46,time_exit,0.4674964285714281,0.3116642857142854,86.44499999999965,1.071,1.3024125,84.07158749999965,1.2085653824704508,2023-08
2023-08-08 11:04:00,2023-08-08 11:06:00,2023-08-08 11:08:00,CARG,SHORT,255,19.95,20.234464285714285,19.381071428571428,20.234464285714285,stop_hit,0.28446428571428584,0.18964285714285722,-72.5383928571429,1.7850000000000001,2.543625,-76.8670178571429,-1.0,2023-08
2023-08-08 11:07:00,2023-08-08 11:08:00,2023-08-08 12:00:00,CARG,SHORT,200,20.65,21.009999999999998,19.93,19.93,target_hit,0.3600000000000003,0.2400000000000002,143.99999999999977,1.4000000000000001,2.065,140.53499999999977,1.9999999999999951,2023-08
2023-08-08 11:08:00,2023-08-08 11:09:00,2023-08-08 12:00:00,CARG,SHORT,169,20.6,21.03232142857143,19.735357142857143,19.735357142857143,target_hit,0.43232142857142897,0.288214285714286,146.124642857143,1.183,1.7407000000000001,143.200942857143,2.0,2023-08
2023-08-08 11:55:00,2023-08-08 11:56:00,2023-08-08 12:03:00,CARG,SHORT,156,20.5,20.977857142857143,19.544285714285714,19.544285714285714,target_hit,0.4778571428571429,0.3185714285714286,149.09142857142868,1.092,1.599,146.40042857142868,2.0000000000000013,2023-08
2023-08-08 11:56:00,2023-08-08 12:00:00,2023-08-08 12:03:00,CARG,SHORT,156,19.6,20.086964285714288,18.62607142857143,20.086964285714288,stop_hit,0.48696428571428596,0.3246428571428573,-75.96642857142868,1.092,1.5288000000000002,-78.58722857142868,-1.0000000000000009,2023-08
2023-08-08 12:00:00,2023-08-08 12:03:00,2023-08-08 13:30:00,CARG,SHORT,126,20.5,21.097857142857144,19.304285714285715,19.304285714285715,target_hit,0.5978571428571426,0.39857142857142847,150.65999999999988,0.882,1.2915,148.48649999999986,1.9999999999999993,2023-08
2023-08-08 12:03:00,2023-08-08 12:07:00,2023-08-17 13:30:00,CARG,SHORT,105,20.16,20.890714285714285,18.69857142857143,18.69857142857143,target_hit,0.7307142857142854,0.48714285714285693,153.44999999999985,0.735,1.0584,151.65659999999983,1.999999999999999,2023-08
2023-08-08 13:25:00,2023-08-08 13:28:00,2023-08-17 13:30:00,CARG,SHORT,125,19.5,20.123571428571427,18.252857142857145,18.252857142857145,target_hit,0.6235714285714278,0.4157142857142852,155.89285714285683,0.875,1.21875,153.79910714285683,1.9999999999999987,2023-08
2023-08-08 13:28:00,2023-08-08 13:29:00,2023-08-17 13:30:00,CARG,SHORT,134,19.4,19.99678571428571,18.20642857142857,18.20642857142857,target_hit,0.5967857142857136,0.39785714285714235,159.9385714285713,0.9380000000000001,1.2998,157.7007714285713,2.000000000000001,2023-08
2023-08-08 13:29:00,2023-08-08 13:30:00,2023-08-17 14:22:00,CARG,SHORT,133,19.1519,19.763685714285714,17.928328571428573,17.928328571428573,target_hit,0.6117857142857136,0.4078571428571424,162.735,0.931,1.27360135,160.53039865,2.0000000000000027,2023-08
2023-08-14 13:16:00,2023-08-14 13:30:00,2023-08-14 15:46:00,DAN,SHORT,511,16.25,16.412857142857142,15.924285714285716,16.412857142857142,stop_hit,0.16285714285714203,0.10857142857142803,-83.21999999999952,3.577,4.151875,-90.94887499999952,-0.9999999999999993,2023-08
2023-08-16 15:17:00,2023-08-16 15:18:00,2023-08-16 15:19:00,DBD,LONG,348,17.88,17.64372857142857,18.352542857142854,18.352542857142854,target_hit,0.23627142857142797,0.1575142857142853,164.4449142857136,2.436,3.11112,158.8977942857136,1.9999999999999967,2023-08
2023-08-16 15:20:00,2023-08-16 15:22:00,2023-08-17 14:35:00,DBD,LONG,218,18.7,18.315357142857142,19.469285714285714,19.469285714285714,target_hit,0.38464285714285673,0.2564285714285712,167.70428571428587,1.526,2.0383,164.13998571428587,2.000000000000004,2023-08
2023-08-16 15:22:00,2023-08-16 15:23:00,2023-08-18 13:49:00,DBD,LONG,222,18.73,18.34482142857143,19.500357142857144,19.500357142857144,target_hit,0.38517857142857137,0.25678571428571423,171.0192857142859,1.554,2.0790300000000004,167.3862557142859,2.000000000000002,2023-08
2023-08-21 14:55:00,2023-08-21 15:06:00,2023-08-21 15:09:00,DBD,SHORT,228,20.23,20.61202857142857,19.465942857142856,20.14,time_exit,0.38202857142857144,0.2546857142857143,20.519999999999968,1.596,2.30622,16.617779999999968,0.23558447386134132,2023-08
2023-08-24 13:16:00,2023-08-24 13:20:00,2023-08-24 13:29:00,DBRG,SHORT,622,16.25,16.390357142857145,15.969285714285714,16.390357142857145,stop_hit,0.1403571428571429,0.09357142857142861,-87.30214285714396,4.354,5.05375,-96.70989285714396,-1.0000000000000122,2023-08
2023-08-08 13:31:00,2023-08-08 13:32:00,2023-08-08 13:38:00,DDOG,SHORT,31,85.105,87.84275714285714,79.62948571428572,87.84275714285714,stop_hit,2.737757142857139,1.825171428571426,-84.87047142857116,0.7,1.3191275,-86.88959892857116,-0.9999999999999983,2023-08
2023-08-31 13:31:00,2023-08-31 13:32:00,2023-08-31 15:53:00,DG,LONG,22,132.225,128.4179464285714,139.83910714285713,134.785,time_exit,3.8070535714285745,2.538035714285716,56.32000000000005,0.7,1.454475,54.165525000000045,0.6724360327399799,2023-08
2023-08-31 13:32:00,2023-08-31 13:33:00,2023-08-31 15:53:00,DG,SHORT,20,133.88,137.99615,125.64769999999999,134.785,time_exit,4.116150000000005,2.744100000000003,-18.100000000000023,0.7,1.3388,-20.13880000000002,-0.21986565115459838,2023-08
2023-08-18 13:14:00,2023-08-18 13:24:00,2023-08-18 13:32:00,DOCN,SHORT,313,31.81,32.08428571428571,31.26142857142857,32.08428571428571,stop_hit,0.27428571428571336,0.18285714285714225,-85.85142857142849,2.191,4.9782649999999995,-93.02069357142848,-1.0000000000000024,2023-08
2023-08-02 11:55:00,2023-08-02 11:57:00,2023-08-02 12:00:00,DRVN,SHORT,177,21.35,21.82839285714286,20.393214285714286,21.82839285714286,stop_hit,0.47839285714285673,0.3189285714285712,-84.67553571428579,1.239,1.8894750000000002,-87.8040107142858,-1.0000000000000016,2023-08
2023-08-02 11:57:00,2023-08-02 11:58:00,2023-08-02 12:00:00,DRVN,SHORT,159,21.25,21.77875,20.192500000000003,21.77875,stop_hit,0.5287499999999995,0.35249999999999965,-84.0712499999998,1.113,1.689375,-86.87362499999979,-0.9999999999999986,2023-08
2023-08-02 11:58:00,2023-08-02 12:00:00,2023-08-02 13:13:00,DRVN,SHORT,151,20.55,21.100714285714286,19.44857142857143,19.44857142857143,target_hit,0.550714285714285,0.36714285714285666,166.31571428571414,1.057,1.551525,163.70718928571415,2.000000000000001,2023-08
2023-08-02 12:00:00,2023-08-02 12:01:00,2023-08-02 13:30:00,DRVN,SHORT,99,20.45,21.301785714285714,18.746428571428574,18.746428571428574,target_hit,0.8517857142857135,0.5678571428571423,168.65357142857113,0.7,1.012275,166.94129642857115,1.9999999999999984,2023-08
2023-08-02 12:12:00,2023-08-02 12:14:00,2023-08-02 13:30:00,DRVN,SHORT,85,20.06,21.07142857142857,18.037142857142857,18.037142857142857,target_hit,1.0114285714285705,0.6742857142857136,171.942857142857,0.7,0.8525499999999999,170.390307142857,2.0000000000000004,2023-08
2023-08-02 12:15:00,2023-08-02 12:16:00,2023-08-02 13:30:00,DRVN,SHORT,79,20.99,22.10535714285714,18.759285714285713,18.759285714285713,target_hit,1.115357142857142,0.7435714285714281,176.22642857142853,0.7,0.8291049999999999,174.69732357142854,2.000000000000001,2023-08
2023-08-02 12:16:00,2023-08-02 12:17:00,2023-08-02 13:30:00,DRVN,SHORT,80,20.54,21.65535714285714,18.309285714285714,18.309285714285714,target_hit,1.115357142857142,0.7435714285714281,178.4571428571428,0.7,0.8215999999999999,176.93554285714282,2.000000000000001,2023-08
2023-08-02 12:18:00,2023-08-02 12:31:00,2023-08-02 13:31:00,DRVN,SHORT,72,19.87,21.139642857142857,17.33071428571429,17.33071428571429,target_hit,1.2696428571428562,0.8464285714285708,182.8285714285712,0.7,0.7153200000000001,181.41325142857121,1.999999999999999,2023-08
2023-08-02 13:13:00,2023-08-02 13:25:00,2023-08-02 13:31:00,DRVN,SHORT,204,18.76,19.216857142857144,17.846285714285717,17.846285714285717,target_hit,0.4568571428571424,0.30457142857142827,186.3977142857141,1.428,1.9135200000000003,183.0561942857141,2.0,2023-08
2023-08-02 13:25:00,2023-08-02 13:28:00,2023-08-02 13:31:00,DRVN,SHORT,172,18.9,19.453285714285713,17.79342857142857,17.79342857142857,target_hit,0.5532857142857137,0.36885714285714244,190.3302857142856,1.204,1.6254,187.50088571428557,2.000000000000001,2023-08
2023-08-02 13:28:00,2023-08-02 13:30:00,2023-08-02 13:32:00,DRVN,SHORT,207,18.0,18.468642857142857,17.062714285714286,17.062714285714286,target_hit,0.46864285714285625,0.31242857142857083,194.01814285714286,1.449,1.863,190.70614285714285,2.000000000000004,2023-08
2023-08-02 13:30:00,2023-08-02 13:31:00,2023-08-02 13:32:00,DRVN,SHORT,172,17.27,17.843642857142857,16.122714285714288,17.843642857142857,stop_hit,0.5736428571428559,0.3824285714285706,-98.6665714285715,1.204,1.48522,-101.3557914285715,-1.0000000000000029,2023-08
2023-08-02 13:33:00,2023-08-02 13:34:00,2023-08-02 13:57:00,DRVN,SHORT,158,16.73,17.35115,15.487700000000002,15.487700000000002,target_hit,0.6211499999999992,0.41409999999999947,196.28339999999974,1.106,1.3216700000000001,193.85572999999974,2.0,2023-08
2023-08-02 13:37:00,2023-08-02 13:38:00,2023-08-02 13:59:00,DRVN,SHORT,154,16.7,17.346789285714284,15.406421428571429,15.406421428571429,target_hit,0.646789285714285,0.4311928571428566,199.21109999999985,1.078,1.2858999999999998,196.84719999999984,2.000000000000001,2023-08
2023-08-02 13:40:00,2023-08-02 13:41:00,2023-08-02 13:52:00,DRVN,LONG,141,16.545,15.821067857142861,17.992864285714283,15.821067857142861,stop_hit,0.7239321428571416,0.4826214285714277,-102.07443214285685,0.987,1.1664225000000001,-104.22785464285684,-0.9999999999999989,2023-08
2023-08-02 14:07:00,2023-08-02 14:08:00,2023-08-02 14:25:00,DRVN,SHORT,359,15.26,15.540992857142857,14.698014285714285,14.698014285714285,target_hit,0.2809928571428574,0.18732857142857157,201.75287142857167,2.513,2.73917,196.50070142857166,2.000000000000001,2023-08
2023-08-02 14:08:00,2023-08-02 14:09:00,2023-08-02 14:11:00,DRVN,SHORT,333,15.12,15.428839285714286,14.502321428571427,15.428839285714286,stop_hit,0.3088392857142859,0.2058928571428573,-102.8434821428575,2.331,2.51748,-107.6919621428575,-1.0000000000000027,2023-08
2023-08-02 15:48:00,2023-08-02 15:49:00,2023-08-03 09:36:00,DRVN,SHORT,474,14.89,15.104982142857143,14.460035714285715,15.104982142857143,stop_hit,0.21498214285714295,0.14332142857142863,-101.90153571428536,3.318,3.5289300000000003,-108.74846571428536,-0.9999999999999961,2023-08
2023-08-02 15:49:00,2023-08-02 15:50:00,2023-08-03 09:36:00,DRVN,SHORT,445,14.95,15.176478571428571,14.497042857142857,15.176478571428571,stop_hit,0.22647857142857136,0.15098571428571425,-100.78296428571463,3.115,3.326375,-107.22433928571462,-1.0000000000000038,2023-08
2023-08-03 12:12:00,2023-08-03 12:22:00,2023-08-03 13:30:00,DRVN,SHORT,498,15.45,15.650035714285714,15.04992857142857,15.650035714285714,stop_hit,0.20003571428571437,0.13335714285714292,-99.61778571428596,3.486,3.84705,-106.95083571428596,-1.000000000000002,2023-08
2023-08-18 15:02:00,2023-08-18 15:03:00,2023-08-18 15:07:00,DSGN,SHORT,8438,2.08,2.0917,2.0566,2.0566,target_hit,0.011699999999999948,0.007799999999999966,197.44920000000073,59.066,8.77552,129.60768000000073,2.0000000000000164,2023-08
2023-08-18 15:09:00,2023-08-18 15:10:00,2023-08-18 15:52:00,DSGN,LONG,3988,2.07,2.044917857142857,2.1201642857142855,2.075,time_exit,0.025082142857142924,0.016721428571428616,19.940000000001348,27.916,4.12758,-12.103579999998653,0.19934500925531692,2023-08
2023-08-18 15:26:00,2023-08-18 15:27:00,2023-08-18 15:52:00,DSGN,LONG,6317,2.07,2.054185714285714,2.1016285714285714,2.075,time_exit,0.015814285714285732,0.010542857142857156,31.585000000002132,44.219,6.538094999999999,-19.172094999997867,0.3161698283649713,2023-08
2023-08-18 15:27:00,2023-08-18 15:28:00,2023-08-18 15:52:00,DSGN,LONG,6526,2.0691,2.0538214285714287,2.099657142857143,2.075,time_exit,0.01527857142857141,0.010185714285714274,38.503400000000106,45.682,6.751473300000001,-13.930073299999897,0.38616175783076356,2023-08
2023-08-11 13:29:00,2023-08-11 13:30:00,2023-08-11 13:31:00,EXPI,SHORT,483,22.25,22.456014285714286,21.83797142857143,22.456014285714286,stop_hit,0.20601428571428593,0.1373428571428573,-99.50489999999999,3.3810000000000002,5.373375,-108.25927499999999,-0.9999999999999989,2023-08
2023-08-10 11:53:00,2023-08-10 12:00:00,2023-08-10 13:30:00,FLNC,SHORT,292,29.9699,30.30632857142857,29.29704285714286,29.29704285714286,target_hit,0.33642857142857074,0.2242857142857138,196.47428571428486,2.044,4.3756053999999995,190.05468031428484,1.9999999999999953,2023-08
2023-08-10 13:16:00,2023-08-10 13:23:00,2023-08-10 13:30:00,FLNC,SHORT,265,30.0,30.37872857142857,29.24254285714286,29.24254285714286,target_hit,0.37872857142857075,0.2524857142857138,200.72614285714255,1.855,3.975,194.89614285714256,2.0000000000000004,2023-08
2023-08-10 13:23:00,2023-08-10 13:25:00,2023-08-10 13:32:00,FLNC,SHORT,261,29.84,30.23212142857143,29.055757142857143,29.055757142857143,target_hit,0.3921214285714279,0.26141428571428527,204.68738571428568,1.827,3.89412,198.9662657142857,2.000000000000003,2023-08
2023-08-10 13:25:00,2023-08-10 13:27:00,2023-08-10 13:30:00,FLNC,SHORT,259,29.97,30.3723,29.165399999999998,29.165399999999998,target_hit,0.40229999999999955,0.2681999999999997,208.39140000000017,1.813,3.881115,202.6972850000002,2.000000000000004,2023-08
2023-08-10 13:27:00,2023-08-10 13:30:00,2023-08-10 13:31:00,FLNC,SHORT,257,29.97,30.38247857142857,29.145042857142858,29.145042857142858,target_hit,0.4124785714285708,0.2749857142857139,212.01398571428516,1.799,3.8511450000000003,206.36384071428515,1.9999999999999978,2023-08
2023-08-10 13:30:00,2023-08-10 13:31:00,2023-08-10 13:33:00,FLNC,SHORT,208,29.0701,29.58972142857143,28.030857142857144,28.030857142857144,target_hit,0.5196214285714285,0.3464142857142856,216.16251428571405,1.456,3.0232904,211.68322388571406,1.9999999999999982,2023-08
2023-08-10 13:33:00,2023-08-10 13:34:00,2023-08-10 13:38:00,FLNC,SHORT,210,27.54,28.064978571428572,26.490042857142857,28.064978571428572,stop_hit,0.5249785714285713,0.34998571428571423,-110.2455000000003,1.47,2.8916999999999997,-114.6072000000003,-1.0000000000000029,2023-08
2023-08-10 13:57:00,2023-08-10 13:58:00,2023-08-10 14:06:00,FLNC,SHORT,200,26.39,26.9351,25.2998,25.2998,target_hit,0.545099999999999,0.3633999999999994,218.03999999999988,1.4000000000000001,2.6390000000000002,214.00099999999986,2.0000000000000027,2023-08
2023-08-10 14:06:00,2023-08-10 14:07:00,2023-08-10 14:13:00,FLNC,SHORT,242,25.28,25.739375000000003,24.361250000000002,25.739375000000003,stop_hit,0.4593750000000001,0.3062500000000001,-111.16875000000034,1.694,3.0588800000000003,-115.92163000000035,-1.0000000000000029,2023-08
2023-08-10 14:07:00,2023-08-10 14:08:00,2023-08-10 14:16:00,FLNC,SHORT,262,25.57,25.989732142857143,24.730535714285715,25.989732142857143,stop_hit,0.4197321428571429,0.2798214285714286,-109.96982142857141,1.834,3.34967,-115.15349142857141,-0.9999999999999998,2023-08
2023-08-23 12:07:00,2023-08-23 12:14:00,2023-08-23 13:30:00,FLNC,SHORT,972,23.19,23.302275,22.965450000000004,23.302275,stop_hit,0.11227499999999946,0.07484999999999964,-109.13130000000034,6.804,11.270340000000001,-127.20564000000034,-1.000000000000008,2023-08
2023-08-07 13:29:00,2023-08-07 13:30:00,2023-08-07 14:13:00,FRSH,SHORT,622,20.91,21.083389285714286,20.563221428571428,21.083389285714286,stop_hit,0.17338928571428586,0.11559285714285725,-107.84813571428604,4.354,6.503010000000001,-118.70514571428605,-1.0000000000000022,2023-08
2023-08-02 12:19:00,2023-08-02 12:28:00,2023-08-02 13:30:00,GH,SHORT,328,38.25,38.574975,37.600049999999996,37.600049999999996,target_hit,0.32497500000000046,0.21665000000000031,213.18360000000132,2.2960000000000003,6.273,204.61460000000133,2.0000000000000098,2023-08
2023-08-04 12:48:00,2023-08-04 13:07:00,2023-08-04 13:30:00,GH,LONG,413,37.4,37.13675,37.9265,37.13675,stop_hit,0.2632499999999993,0.17549999999999955,-108.72224999999972,2.891,7.7231,-119.33634999999973,-1.0,2023-08
2023-08-08 13:26:00,2023-08-08 13:30:00,2023-08-08 14:37:00,GH,SHORT,206,37.235,37.75492142857143,36.19515714285714,36.19515714285714,target_hit,0.5199214285714295,0.3466142857142864,214.20762857142878,1.442,3.835205,208.93042357142878,1.9999999999999982,2023-08
2023-08-08 13:12:00,2023-08-08 13:25:00,2023-08-08 13:31:00,GRPN,SHORT,1760,7.93,7.992325,7.805349999999999,7.805349999999999,target_hit,0.06232500000000024,0.04155000000000016,219.38400000000144,12.32,6.9784,200.08560000000145,2.0000000000000053,2023-08
2023-08-17 12:00:00,2023-08-17 12:23:00,2023-08-17 13:32:00,GRPN,SHORT,751,11.35,11.49865,11.0527,11.0527,target_hit,0.14864999999999956,0.09909999999999972,223.27229999999992,5.257,4.261925000000001,213.75337499999992,2.0000000000000053,2023-08
2023-08-18 12:19:00,2023-08-18 12:20:00,2023-08-18 13:30:00,GRPN,SHORT,610,11.75,11.936503571428572,11.376992857142856,11.376992857142856,target_hit,0.18650357142857185,0.12433571428571456,227.53435714285797,4.2700000000000005,3.58375,219.68060714285795,2.0000000000000027,2023-08
2023-08-18 13:30:00,2023-08-18 13:31:00,2023-08-18 13:38:00,GRPN,SHORT,589,11.41,11.606821428571429,11.016357142857142,11.016357142857142,target_hit,0.1968214285714287,0.1312142857142858,231.85564285714327,4.123,3.360245,224.37239785714328,2.000000000000002,2023-08
2023-08-18 13:38:00,2023-08-18 13:39:00,2023-08-18 13:47:00,GRPN,LONG,643,10.98,10.796175000000002,11.34765,11.34765,target_hit,0.18382499999999963,0.12254999999999974,236.3989499999996,4.501,3.5300700000000003,228.3678799999996,2.0000000000000004,2023-08
2023-08-21 13:28:00,2023-08-21 13:30:00,2023-08-21 13:56:00,GRPN,SHORT,642,11.235,11.422542857142856,10.859914285714286,10.859914285714286,target_hit,0.18754285714285723,0.1250285714285715,240.80502857142812,4.494,3.606435,232.70459357142812,1.9999999999999953,2023-08
2023-08-22 12:45:00,2023-08-22 13:27:00,2023-08-22 13:30:00,GRPN,SHORT,2173,10.55,10.606539285714286,10.436921428571429,10.606539285714286,stop_hit,0.05653928571428585,0.03769285714285723,-122.85986785714134,15.211,11.462575000000001,-149.53344285714132,-0.9999999999999852,2023-08
2023-08-29 13:27:00,2023-08-29 13:28:00,2023-08-29 13:30:00,GRPN,SHORT,614,12.28,12.477410714285714,11.88517857142857,11.88517857142857,target_hit,0.1974107142857148,0.1316071428571432,242.4203571428576,4.298,3.7699599999999998,234.3523971428576,1.9999999999999987,2023-08
2023-08-29 13:28:00,2023-08-29 13:30:00,2023-08-29 13:43:00,GRPN,SHORT,484,11.69,11.945267857142857,11.179464285714285,11.945267857142857,stop_hit,0.2552678571428574,0.17017857142857157,-123.54964285714324,3.388,2.82898,-129.76662285714323,-1.0000000000000022,2023-08
2023-08-08 13:31:00,2023-08-08 13:32:00,2023-08-08 14:04:00,IFF,SHORT,54,64.302,66.5580642857143,59.78987142857143,66.5580642857143,stop_hit,2.25606428571429,1.50404285714286,-121.82747142857156,0.7,1.7361540000000002,-124.26362542857156,-0.9999999999999992,2023-08
2023-08-08 13:32:00,2023-08-08 13:33:00,2023-08-08 14:05:00,IFF,SHORT,49,64.4,66.84195714285715,59.51608571428571,66.84195714285715,stop_hit,2.441957142857148,1.6279714285714317,-119.65590000000029,0.7,1.5778000000000003,-121.93370000000029,-1.0000000000000004,2023-08
2023-08-18 13:44:00,2023-08-18 13:45:00,2023-08-18 15:53:00,KEYS,SHORT,36,135.4,138.6915892857143,128.81682142857142,130.85,time_exit,3.2915892857142914,2.194392857142861,163.8000000000004,0.7,2.4372000000000003,160.66280000000043,1.3823109765690704,2023-08
2023-08-08 13:47:00,2023-08-08 13:48:00,2023-08-08 15:53:00,LLY,SHORT,13,531.0192,539.9118642857143,513.2338714285713,528.61,time_exit,8.892664285714304,5.928442857142869,31.31959999999924,0.7,3.4516248,27.16797519999924,0.27091993159690303,2023-08
2023-08-09 13:32:00,2023-08-09 13:33:00,2023-08-09 14:08:00,SMCI,SHORT,149,28.8335,29.64794642857143,27.204607142857142,27.204607142857142,target_hit,0.8144464285714292,0.5429642857142861,242.7050357142859,1.043,2.14809575,239.5139399642859,2.0,2023-08
2023-08-09 13:33:00,2023-08-09 13:34:00,2023-08-09 13:44:00,SMCI,LONG,134,28.88,27.95843214285714,30.723135714285714,27.95843214285714,stop_hit,0.9215678571428576,0.6143785714285718,-123.49009285714291,0.9380000000000001,1.93496,-126.36305285714292,-1.0,2023-08
2023-08-09 13:35:00,2023-08-09 13:36:00,2023-08-09 13:44:00,SMCI,LONG,123,29.0,28.001728571428572,30.99654285714286,28.001728571428572,stop_hit,0.9982714285714293,0.6655142857142862,-122.78738571428565,0.861,1.7835,-125.43188571428566,-0.9999999999999988,2023-08
2023-08-09 13:39:00,2023-08-09 13:40:00,2023-08-09 14:08:00,SMCI,LONG,106,28.37,27.223635714285717,30.662728571428573,27.223635714285717,stop_hit,1.1463642857142857,0.7642428571428572,-121.51461428571415,0.742,1.5036100000000001,-123.76022428571414,-0.9999999999999989,2023-08
2023-08-09 13:41:00,2023-08-09 13:42:00,2023-08-09 14:08:00,SMCI,LONG,98,28.428,27.207407142857143,30.869185714285713,27.207407142857143,stop_hit,1.220592857142857,0.8137285714285714,-119.61810000000008,0.7,1.392972,-121.71107200000009,-1.0000000000000007,2023-08
2023-09-29 13:24:00,2023-09-29 13:27:00,2023-09-29 13:32:00,AAOI,SHORT,1464,11.33,11.411428571428571,11.167142857142856,11.167142857142856,target_hit,0.0814285714285716,0.054285714285714395,238.4228571428584,10.248,8.29356,219.8812971428584,2.000000000000006,2023-09
2023-09-28 13:25:00,2023-09-28 13:27:00,2023-09-28 13:30:00,ACAD,SHORT,333,25.0,25.364285714285714,24.27142857142857,24.27142857142857,target_hit,0.3642857142857149,0.24285714285714327,242.61428571428664,2.331,4.1625,236.12078571428665,2.0000000000000044,2023-09
2023-09-28 13:32:00,2023-09-28 13:33:00,2023-09-28 13:35:00,ACAD,LONG,240,22.1401,21.62527857142857,23.16974285714286,21.62527857142857,stop_hit,0.5148214285714301,0.3432142857142867,-123.55714285714328,1.68,2.656812,-127.89395485714329,-1.0000000000000004,2023-09
2023-09-11 09:32:00,2023-09-11 09:42:00,2023-09-11 09:49:00,AMC,LONG,2547,7.46,7.411892857142857,7.556214285714287,7.411892857142857,stop_hit,0.04810714285714331,0.032071428571428875,-122.52889285714298,17.829,9.500309999999999,-149.858202857143,-0.9999999999999915,2023-09
2023-09-11 10:20:00,2023-09-11 10:21:00,2023-09-11 10:23:00,AMC,SHORT,6848,7.5,7.517678571428571,7.464642857142857,7.464642857142857,target_hit,0.01767857142857153,0.011785714285714352,242.12571428571738,47.936,25.68,168.50971428571737,2.000000000000014,2023-09
2023-09-25 13:22:00,2023-09-25 13:30:00,2023-09-25 13:32:00,BBIO,SHORT,575,27.075,27.288214285714286,26.64857142857143,26.64857142857143,target_hit,0.21321428571428513,0.14214285714285677,245.19642857142765,4.025,7.7840625,233.38736607142764,1.999999999999998,2023-09
2023-09-22 13:26:00,2023-09-22 13:29:00,2023-09-22 13:30:00,BE,SHORT,2850,13.9,13.943885714285715,13.812228571428573,13.812228571428573,target_hit,0.043885714285713834,0.029257142857142555,250.14857142856775,19.95,19.8075,210.39107142856776,1.9999999999999911,2023-09
2023-09-11 09:52:00,2023-09-11 09:53:00,2023-09-11 10:13:00,CRNX,SHORT,144,20.8,21.67857142857143,19.042857142857144,21.67857142857143,stop_hit,0.878571428571429,0.585714285714286,-126.5142857142859,1.008,1.4976000000000003,-129.0198857142859,-1.000000000000001,2023-09
2023-09-11 10:38:00,2023-09-11 10:39:00,2023-09-11 10:41:00,CRNX,SHORT,182,25.3,25.988928571428573,23.92214285714286,25.988928571428573,stop_hit,0.688928571428571,0.459285714285714,-125.38500000000022,1.274,2.3023000000000002,-128.96130000000022,-1.0000000000000024,2023-09
2023-09-11 10:52:00,2023-09-11 10:53:00,2023-09-11 11:03:00,CRNX,LONG,81,27.71,26.174107142857142,30.781785714285714,26.174107142857142,stop_hit,1.535892857142857,1.0239285714285713,-124.40732142857154,0.7,1.1222550000000002,-126.22957642857153,-1.000000000000001,2023-09
2023-09-11 10:53:00,2023-09-11 10:54:00,2023-09-11 11:05:00,CRNX,LONG,81,27.55,26.028035714285714,30.59392857142857,26.028035714285714,stop_hit,1.5219642857142854,1.014642857142857,-123.27910714285721,0.7,1.1157750000000002,-125.09488214285722,-1.0000000000000007,2023-09
2023-09-11 10:56:00,2023-09-11 10:57:00,2023-09-11 13:27:00,CRNX,SHORT,94,27.54,28.83160714285714,24.956785714285715,24.956785714285715,target_hit,1.2916071428571425,0.8610714285714283,242.8221428571427,0.7,1.2943799999999999,240.82776285714272,1.9999999999999993,2023-09
2023-09-11 12:48:00,2023-09-11 12:49:00,2023-09-11 12:52:00,CRNX,SHORT,482,26.87,27.127925,26.35415,26.35415,target_hit,0.2579250000000003,0.1719500000000002,248.63970000000018,3.374,6.47567,238.79003000000017,1.9999999999999991,2023-09
2023-09-11 12:49:00,2023-09-11 12:50:00,2023-09-11 12:56:00,CRNX,SHORT,405,26.8,27.112567857142857,26.174864285714285,26.174864285714285,target_hit,0.3125678571428576,0.20837857142857175,253.17996428571468,2.835,5.4270000000000005,244.91796428571467,2.0,2023-09
2023-09-11 13:44:00,2023-09-11 13:45:00,2023-09-18 11:00:00,CRNX,SHORT,92,27.885,29.27681785714286,25.101364285714286,29.27681785714286,stop_hit,1.3918178571428572,0.9278785714285716,-128.04724285714292,0.7,1.28271,-130.02995285714292,-1.0000000000000002,2023-09
2023-09-11 13:45:00,2023-09-11 13:46:00,2023-09-18 11:00:00,CRNX,SHORT,96,28.2063,29.538117857142858,25.542664285714284,29.538117857142858,stop_hit,1.3318178571428572,0.8878785714285714,-127.85451428571446,0.7,1.3539024,-129.90841668571446,-1.0000000000000013,2023-09
2023-09-11 13:46:00,2023-09-11 13:47:00,2023-09-18 11:00:00,CRNX,SHORT,96,27.6,28.91361428571429,24.97277142857143,28.91361428571429,stop_hit,1.3136142857142858,0.8757428571428572,-126.10697142857157,0.7,1.3248000000000002,-128.13177142857157,-1.000000000000001,2023-09
2023-09-11 13:48:00,2023-09-11 13:49:00,2023-09-18 11:00:00,CRNX,SHORT,97,28.0,29.293257142857144,25.413485714285713,29.293257142857144,stop_hit,1.2932571428571427,0.8621714285714285,-125.44594285714292,0.7,1.358,-127.50394285714293,-1.0000000000000007,2023-09
2023-09-11 13:57:00,2023-09-11 13:58:00,2023-09-11 14:51:00,CRNX,SHORT,163,27.3,28.059589285714285,25.78082142857143,28.059589285714285,stop_hit,0.7595892857142852,0.5063928571428568,-123.81305357142834,1.141,2.22495,-127.17900357142835,-0.9999999999999988,2023-09
2023-09-11 14:00:00,2023-09-11 14:01:00,2023-09-18 11:00:00,CRNX,LONG,150,26.6557,25.839357142857143,28.288385714285713,28.288385714285713,target_hit,0.8163428571428568,0.5442285714285712,244.90285714285704,1.05,1.9991775,241.85367964285703,2.0,2023-09
2023-09-11 14:01:00,2023-09-11 14:02:00,2023-09-11 14:24:00,CRNX,SHORT,170,26.9,27.63705714285714,25.425885714285712,27.63705714285714,stop_hit,0.7370571428571426,0.4913714285714284,-125.29971428571432,1.19,2.2865,-128.7762142857143,-1.0000000000000007,2023-09
2023-09-11 14:02:00,2023-09-11 14:03:00,2023-09-11 14:07:00,CRNX,SHORT,170,26.8,27.52947142857143,25.341057142857142,27.52947142857143,stop_hit,0.7294714285714284,0.48631428571428564,-124.01014285714297,1.19,2.278,-127.47814285714297,-1.000000000000001,2023-09
2023-09-11 14:03:00,2023-09-11 14:04:00,2023-09-11 14:06:00,CRNX,SHORT,169,26.68,27.403053571428572,25.23389285714286,27.403053571428572,stop_hit,0.7230535714285711,0.482035714285714,-122.1960535714287,1.183,2.25446,-125.63351357142871,-1.0000000000000016,2023-09
2023-09-12 13:00:00,2023-09-12 13:27:00,2023-09-12 15:53:00,CXM,SHORT,391,15.21,15.520714285714286,14.588571428571429,15.225,time_exit,0.31071428571428555,0.20714285714285705,-5.864999999999528,2.737,2.973555,-11.575554999999529,-0.04827586206896165,2023-09
2023-09-12 13:27:00,2023-09-12 13:29:00,2023-09-12 13:42:00,CXM,SHORT,363,15.18,15.51375,14.5125,15.51375,stop_hit,0.3337499999999998,0.2224999999999999,-121.15125000000008,2.541,2.75517,-126.44742000000008,-1.000000000000001,2023-09
2023-09-12 13:29:00,2023-09-12 13:30:00,2023-09-12 15:53:00,CXM,SHORT,349,15.36,15.703928571428571,14.672142857142857,15.225,time_exit,0.34392857142857136,0.22928571428571423,47.114999999999924,2.443,2.6803199999999996,41.991679999999924,0.39252336448598074,2023-09
2023-09-07 12:24:00,2023-09-07 12:25:00,2023-09-07 12:27:00,DBI,SHORT,511,11.74,11.975714285714286,11.268571428571429,11.975714285714286,stop_hit,0.23571428571428563,0.15714285714285708,-120.45000000000003,3.577,2.9995700000000003,-127.02657000000004,-1.0000000000000007,2023-09
2023-09-07 12:30:00,2023-09-07 12:31:00,2023-09-07 12:33:00,DBI,SHORT,315,11.57,11.947678571428572,10.814642857142857,11.947678571428572,stop_hit,0.37767857142857125,0.25178571428571417,-118.96875000000003,2.205,1.822275,-122.99602500000003,-1.0000000000000007,2023-09
2023-09-07 12:33:00,2023-09-07 12:34:00,2023-09-07 13:27:00,DBI,SHORT,279,12.0,12.422142857142857,11.155714285714286,12.422142857142857,stop_hit,0.4221428571428569,0.28142857142857125,-117.77785714285714,1.953,1.674,-121.40485714285715,-1.0000000000000007,2023-09
2023-09-07 12:38:00,2023-09-07 12:39:00,2023-09-07 13:14:00,DBI,SHORT,230,11.7873,12.294085714285714,10.773728571428572,12.294085714285714,stop_hit,0.506785714285714,0.33785714285714263,-116.56071428571421,1.61,1.3555395000000001,-119.52625378571422,-1.0,2023-09
2023-09-07 12:40:00,2023-09-07 12:42:00,2023-09-07 12:44:00,DBI,SHORT,229,11.28,11.783282142857143,10.273435714285714,11.783282142857143,stop_hit,0.5032821428571426,0.33552142857142836,-115.25161071428585,1.603,1.29156,-118.14617071428584,-1.0000000000000018,2023-09
2023-09-07 13:24:00,2023-09-07 13:25:00,2023-09-07 13:27:00,DBI,SHORT,821,12.02,12.159285714285714,11.741428571428571,12.159285714285714,stop_hit,0.13928571428571435,0.0928571428571429,-114.35357142857139,5.747,4.93421,-125.03478142857139,-0.9999999999999992,2023-09
2023-09-07 13:27:00,2023-09-07 13:28:00,2023-09-07 13:29:00,DBI,SHORT,536,13.11,13.321071428571427,12.687857142857142,13.321071428571427,stop_hit,0.21107142857142844,0.14071428571428563,-113.13428571428524,3.7520000000000002,3.51348,-120.39976571428524,-0.9999999999999964,2023-09
2023-09-07 13:28:00,2023-09-07 13:29:00,2023-09-07 13:30:00,DBI,SHORT,405,13.0,13.276428571428571,12.447142857142858,13.276428571428571,stop_hit,0.27642857142857125,0.18428571428571416,-111.95357142857135,2.835,2.6325,-117.42107142857134,-1.0,2023-09
2023-09-07 13:29:00,2023-09-07 13:30:00,2023-09-07 13:32:00,DBI,SHORT,331,13.21,13.544285714285715,12.541428571428572,12.541428571428572,target_hit,0.3342857142857142,0.2228571428571428,221.297142857143,2.317,2.186255,216.793887857143,2.0000000000000018,2023-09
2023-09-07 13:48:00,2023-09-07 13:49:00,2023-09-07 13:56:00,DBI,SHORT,343,12.07,12.399217857142856,11.411564285714286,12.399217857142856,stop_hit,0.3292178571428569,0.21947857142857125,-112.92172499999965,2.4010000000000002,2.070005,-117.39272999999964,-0.9999999999999977,2023-09
2023-09-28 11:43:00,2023-09-28 12:06:00,2023-09-28 12:20:00,DBRG,SHORT,838,17.94,18.07339285714286,17.673214285714288,17.673214285714288,target_hit,0.13339285714285726,0.0889285714285715,223.5664285714281,5.8660000000000005,7.51686,210.18356857142808,1.9999999999999942,2023-09
2023-09-28 13:18:00,2023-09-28 13:19:00,2023-09-28 13:26:00,DBRG,SHORT,4089,17.5,17.527857142857144,17.444285714285712,17.444285714285712,target_hit,0.027857142857143025,0.018571428571428683,227.81571428572292,28.623,35.77875,163.41396428572293,2.000000000000064,2023-09
2023-09-28 13:19:00,2023-09-28 13:20:00,2023-09-28 13:26:00,DBRG,SHORT,4148,17.5,17.527857142857144,17.444285714285712,17.444285714285712,target_hit,0.027857142857143025,0.018571428571428683,231.1028571428659,29.036,36.295,165.77185714286588,2.000000000000064,2023-09
2023-09-28 13:20:00,2023-09-28 13:21:00,2023-09-28 13:25:00,DBRG,SHORT,4558,17.45,17.475714285714286,17.398571428571426,17.475714285714286,stop_hit,0.02571428571428593,0.017142857142857286,-117.20571428571873,31.906000000000002,39.76855,-188.88026428571874,-1.0000000000000295,2023-09
2023-09-28 13:25:00,2023-09-28 13:26:00,2023-09-28 13:27:00,DBRG,SHORT,5665,17.36,17.380357142857143,17.319285714285712,17.319285714285712,target_hit,0.020357142857142994,0.013571428571428663,230.6464285714373,39.655,49.1722,141.8192285714373,2.000000000000062,2023-09
2023-09-29 13:17:00,2023-09-29 13:19:00,2023-09-29 13:22:00,EAT,SHORT,504,33.0,33.23142857142857,32.53714285714286,33.23142857142857,stop_hit,0.23142857142857065,0.15428571428571378,-116.64000000000084,3.528,8.316,-128.48400000000083,-1.0000000000000107,2023-09
2023-09-29 13:19:00,2023-09-29 13:20:00,2023-09-29 13:22:00,EAT,SHORT,468,32.65,32.89642857142857,32.15714285714286,32.89642857142857,stop_hit,0.24642857142857078,0.16428571428571384,-115.32857142857247,3.2760000000000002,7.6400999999999994,-126.24467142857247,-1.0000000000000118,2023-09
2023-09-29 13:28:00,2023-09-29 13:29:00,2023-09-29 13:32:00,EAT,LONG,380,33.74,33.440000000000005,34.34,33.440000000000005,stop_hit,0.3000000000000005,0.20000000000000032,-113.99999999999892,2.66,6.4106000000000005,-123.07059999999892,-0.9999999999999889,2023-09
2023-09-12 13:29:00,2023-09-12 13:30:00,2023-09-12 13:36:00,EXTR,SHORT,622,25.525,25.706564285714286,25.161871428571427,25.706564285714286,stop_hit,0.18156428571428584,0.12104285714285723,-112.9329857142869,4.354,7.938275,-125.2252607142869,-1.0000000000000098,2023-09
2023-09-21 13:22:00,2023-09-21 13:26:00,2023-09-21 13:30:00,FSLY,SHORT,1158,18.99,19.08642857142857,18.79714285714286,18.79714285714286,target_hit,0.09642857142857013,0.06428571428571342,223.32857142856756,8.106,10.99521,204.22736142856758,1.9999999999999922,2023-09
2023-09-13 13:27:00,2023-09-13 13:30:00,2023-09-13 13:31:00,GCT,SHORT,1205,12.97,13.064350000000001,12.781300000000002,12.781300000000002,target_hit,0.09434999999999993,0.06289999999999996,227.38349999999878,8.435,7.814425,211.13407499999877,1.9999999999999907,2023-09
2023-09-13 13:32:00,2023-09-13 13:33:00,2023-09-13 13:35:00,GCT,SHORT,484,12.58,12.819207142857143,12.101585714285713,12.101585714285713,target_hit,0.239207142857143,0.15947142857142868,231.5525142857148,3.388,3.04436,225.1201542857148,2.000000000000003,2023-09
2023-09-13 13:35:00,2023-09-13 13:36:00,2023-09-13 13:50:00,GCT,SHORT,359,12.1714,12.499760714285713,11.514678571428572,12.499760714285713,stop_hit,0.3283607142857141,0.21890714285714274,-117.88149642857105,2.513,2.1847663,-122.57926272857107,-0.9999999999999973,2023-09
2023-09-13 13:38:00,2023-09-13 13:39:00,2023-09-13 14:12:00,GCT,LONG,273,11.9887,11.560803571428572,12.844492857142857,11.560803571428572,stop_hit,0.4278964285714282,0.28526428571428547,-116.81572499999977,1.911,1.6364575499999998,-120.36318254999978,-0.999999999999999,2023-09
2023-09-13 13:47:00,2023-09-13 13:48:00,2023-09-13 14:12:00,GCT,SHORT,294,12.34,12.7333,11.5534,11.5534,target_hit,0.39329999999999954,0.2621999999999997,231.2604,2.058,1.8139800000000001,227.38842000000002,2.000000000000002,2023-09
2023-09-13 14:10:00,2023-09-13 14:11:00,2023-09-13 14:16:00,GCT,SHORT,501,11.6003,11.835435714285715,11.130028571428571,11.130028571428571,target_hit,0.23513571428571423,0.15675714285714282,235.6059857142861,3.507,2.9058751500000004,229.1931105642861,2.000000000000004,2023-09
2023-09-13 14:11:00,2023-09-13 14:12:00,2023-09-13 14:17:00,GCT,SHORT,479,11.56,11.810714285714287,11.05857142857143,11.05857142857143,target_hit,0.25071428571428567,0.16714285714285712,240.18428571428547,3.353,2.7686200000000003,234.06266571428546,1.9999999999999982,2023-09
2023-09-13 14:12:00,2023-09-13 14:13:00,2023-09-13 14:17:00,GCT,SHORT,463,11.6,11.864642857142856,11.070714285714285,11.070714285714285,target_hit,0.264642857142857,0.17642857142857135,245.05928571428595,3.241,2.6854,239.13288571428595,2.000000000000003,2023-09
2023-09-13 14:15:00,2023-09-13 14:16:00,2023-09-13 14:20:00,GCT,SHORT,409,11.2923,11.597432142857143,10.682035714285714,11.597432142857143,stop_hit,0.30513214285714274,0.2034214285714285,-124.79904642857166,2.863,2.30927535,-129.97132177857165,-1.0000000000000022,2023-09
2023-09-13 14:16:00,2023-09-13 14:17:00,2023-09-13 14:18:00,GCT,SHORT,389,11.05,11.367678571428572,10.414642857142859,11.367678571428572,stop_hit,0.31767857142857125,0.21178571428571416,-123.57696428571413,2.723,2.1492250000000004,-128.4491892857141,-0.9999999999999993,2023-09
2023-09-13 14:18:00,2023-09-13 14:19:00,2023-09-19 11:51:00,GCT,SHORT,355,11.33,11.674453571428572,10.641092857142858,10.641092857142858,target_hit,0.344453571428571,0.22963571428571403,244.56203571428526,2.485,2.011075,240.06596071428524,1.9999999999999987,2023-09
2023-09-28 13:23:00,2023-09-28 13:26:00,2023-09-28 13:33:00,GCT,SHORT,1990,9.5,9.5627,9.374600000000001,9.374600000000001,target_hit,0.06269999999999966,0.041799999999999775,249.54599999999814,13.93,9.4525,226.16349999999812,1.999999999999996,2023-09
2023-09-28 13:26:00,2023-09-28 13:30:00,2023-09-28 13:33:00,GCT,SHORT,1943,9.39,9.455378571428572,9.259242857142858,9.259242857142858,target_hit,0.06537857142857112,0.04358571428571408,254.06112857142716,13.601,9.122385,231.33774357142715,1.9999999999999982,2023-09
2023-09-28 13:52:00,2023-09-28 13:53:00,2023-09-28 13:59:00,GCT,SHORT,811,8.73,8.889535714285714,8.410928571428572,8.410928571428572,target_hit,0.159535714285714,0.10635714285714266,258.7669285714283,5.6770000000000005,3.5400150000000004,249.5499135714283,2.0000000000000013,2023-09
2023-09-28 13:55:00,2023-09-28 13:56:00,2023-09-28 14:06:00,GCT,SHORT,689,8.715,8.906367857142856,8.332264285714286,8.332264285714286,target_hit,0.1913678571428567,0.12757857142857112,263.7049071428566,4.823,3.0023175,255.87958964285662,2.0000000000000004,2023-09
2023-09-28 13:58:00,2023-09-28 13:59:00,2023-09-28 14:01:00,GCT,SHORT,583,8.39,8.620475,7.929050000000002,8.620475,stop_hit,0.23047499999999954,0.1536499999999997,-134.36692500000012,4.081,2.445685,-140.8936100000001,-1.0000000000000029,2023-09
2023-09-28 14:02:00,2023-09-28 14:03:00,2023-09-28 14:08:00,GCT,SHORT,483,8.49,8.76525,7.939500000000001,7.939500000000001,target_hit,0.2752499999999997,0.1834999999999998,265.8914999999998,3.3810000000000002,2.050335,260.46016499999973,2.0000000000000004,2023-09
2023-09-28 14:06:00,2023-09-28 14:07:00,2023-09-28 14:15:00,GCT,SHORT,520,8.0001,8.2608,7.478700000000001,7.478700000000001,target_hit,0.26069999999999954,0.1737999999999997,271.1279999999995,3.64,2.0800259999999997,265.4079739999995,1.9999999999999996,2023-09
2023-09-28 14:08:00,2023-09-28 14:09:00,2023-09-28 14:15:00,GCT,SHORT,492,8.09,8.370725,7.528550000000001,7.528550000000001,target_hit,0.2807249999999995,0.18714999999999968,276.23339999999945,3.444,1.99014,270.79925999999944,1.9999999999999996,2023-09
2023-09-28 14:09:00,2023-09-28 14:10:00,2023-09-28 14:12:00,GCT,LONG,504,7.99,7.710346428571429,8.549307142857142,7.710346428571429,stop_hit,0.27965357142857106,0.18643571428571404,-140.9453999999997,3.528,2.01348,-146.48687999999967,-0.9999999999999992,2023-09
2023-09-28 14:10:00,2023-09-28 14:11:00,2023-09-28 14:15:00,GCT,SHORT,506,7.85,8.125582142857143,7.2988357142857145,7.2988357142857145,target_hit,0.27558214285714244,0.1837214285714283,278.8891285714283,3.5420000000000003,1.98605,273.3610785714283,2.000000000000001,2023-09
2023-09-28 14:13:00,2023-09-28 14:14:00,2023-09-28 14:17:00,GCT,SHORT,502,7.675,7.958328571428571,7.1083428571428575,7.1083428571428575,target_hit,0.28332857142857104,0.18888571428571405,284.4618857142854,3.5140000000000002,1.926425,279.0214607142854,2.000000000000001,2023-09
2023-09-28 14:14:00,2023-09-28 14:15:00,2023-09-28 14:18:00,GCT,SHORT,500,7.267,7.5570892857142855,6.68682142857143,7.5570892857142855,stop_hit,0.29008928571428527,0.19339285714285687,-145.04464285714258,3.5,1.81675,-150.3613928571426,-0.9999999999999997,2023-09
2023-09-28 14:15:00,2023-09-28 14:16:00,2023-09-28 15:02:00,GCT,LONG,451,7.17,6.852278571428572,7.8054428571428565,6.852278571428572,stop_hit,0.31772142857142827,0.2118142857142855,-143.29236428571394,3.157,1.616835,-148.06619928571396,-0.9999999999999986,2023-09
2023-09-28 14:16:00,2023-09-28 14:17:00,2023-09-28 14:24:00,GCT,LONG,432,7.365,7.036564285714286,8.021871428571428,7.036564285714286,stop_hit,0.32843571428571416,0.21895714285714277,-141.88422857142842,3.024,1.5908400000000003,-146.49906857142844,-0.9999999999999993,2023-09
2023-09-28 14:17:00,2023-09-28 14:18:00,2023-09-28 14:22:00,GCT,LONG,408,7.73,7.386017857142858,8.417964285714286,7.386017857142858,stop_hit,0.3439821428571429,0.22932142857142862,-140.34471428571416,2.856,1.57692,-144.77763428571416,-0.999999999999999,2023-09
2023-09-28 14:20:00,2023-09-28 14:21:00,2023-09-28 14:23:00,GCT,LONG,364,7.58,7.197982142857143,8.344035714285715,7.197982142857143,stop_hit,0.38201785714285713,0.2546785714285714,-139.0545000000001,2.548,1.37956,-142.9820600000001,-1.0000000000000007,2023-09
2023-09-28 14:21:00,2023-09-28 14:22:00,2023-09-28 14:35:00,GCT,SHORT,358,7.34,7.724696428571429,6.570607142857143,7.724696428571429,stop_hit,0.38469642857142855,0.2564642857142857,-137.72132142857157,2.5060000000000002,1.31386,-141.54118142857158,-1.000000000000001,2023-09
2023-09-28 14:22:00,2023-09-28 14:23:00,2023-09-28 14:30:00,GCT,SHORT,348,7.15,7.541242857142858,6.367514285714286,7.541242857142858,stop_hit,0.3912428571428573,0.2608285714285715,-136.15251428571432,2.436,1.2441000000000002,-139.83261428571433,-0.9999999999999999,2023-09
2023-09-28 14:23:00,2023-09-28 14:24:00,2023-09-28 15:02:00,GCT,LONG,338,7.28,6.881257142857143,8.077485714285714,6.881257142857143,stop_hit,0.3987428571428573,0.2658285714285715,-134.77508571428584,2.366,1.2303199999999999,-138.37140571428586,-1.0000000000000007,2023-09
2023-09-28 14:24:00,2023-09-28 14:25:00,2023-09-28 15:02:00,GCT,LONG,322,7.27,6.856471428571428,8.097057142857143,6.856471428571428,stop_hit,0.41352857142857163,0.2756857142857144,-133.1562,2.254,1.1704700000000001,-136.58067,-0.9999999999999996,2023-09
2023-09-28 14:25:00,2023-09-28 14:26:00,2023-09-28 14:35:00,GCT,SHORT,325,7.285,7.691039285714286,6.4729214285714285,7.691039285714286,stop_hit,0.4060392857142858,0.27069285714285723,-131.9627678571429,2.275,1.1838125,-135.4215803571429,-1.0,2023-09
2023-09-28 14:26:00,2023-09-28 14:27:00,2023-09-28 14:30:00,GCT,SHORT,330,7.21,7.605860714285715,6.418278571428571,7.605860714285715,stop_hit,0.39586071428571445,0.26390714285714295,-130.63403571428591,2.31,1.18965,-134.13368571428592,-1.000000000000001,2023-09
2023-09-28 14:27:00,2023-09-28 14:28:00,2023-09-28 15:02:00,GCT,LONG,330,7.215,6.823082142857142,7.998835714285715,6.823082142857142,stop_hit,0.3919178571428573,0.2612785714285715,-129.33289285714295,2.31,1.190475,-132.83336785714295,-1.0000000000000002,2023-09
2023-09-28 14:28:00,2023-09-28 14:29:00,2023-09-28 15:53:00,GCT,SHORT,335,7.47,7.851953571428571,6.706092857142856,7.3281,time_exit,0.3819535714285716,0.2546357142857144,47.5364999999999,2.345,1.251225,43.9402749999999,0.3715111223316212,2023-09
2023-09-28 14:31:00,2023-09-28 14:32:00,2023-09-28 15:04:00,GCT,SHORT,367,7.43,7.7803571428571425,6.729285714285714,6.729285714285714,target_hit,0.3503571428571429,0.2335714285714286,257.16214285714284,2.569,1.363405,253.22973785714285,1.9999999999999993,2023-09
2023-09-28 14:33:00,2023-09-28 14:34:00,2023-09-28 14:39:00,GCT,SHORT,429,7.45,7.755357142857143,6.839285714285714,7.755357142857143,stop_hit,0.3053571428571429,0.2035714285714286,-130.99821428571428,3.003,1.598025,-135.5992392857143,-1.0,2023-09
2023-09-28 14:35:00,2023-09-28 14:36:00,2023-09-28 14:57:00,GCT,SHORT,428,7.6499,7.952964285714286,7.043771428571429,7.043771428571429,target_hit,0.3030642857142857,0.20204285714285714,259.42302857142846,2.996,1.6370786,254.78994997142848,1.9999999999999993,2023-09
2023-09-28 14:36:00,2023-09-28 14:37:00,2023-09-28 14:57:00,GCT,SHORT,455,7.66,7.950207142857143,7.079585714285715,7.079585714285715,target_hit,0.29020714285714283,0.19347142857142854,264.08849999999984,3.185,1.74265,259.1608499999998,1.999999999999999,2023-09
2023-09-28 14:38:00,2023-09-28 14:39:00,2023-09-28 14:47:00,GCT,SHORT,570,7.65,7.886635714285715,7.176728571428572,7.176728571428572,target_hit,0.23663571428571428,0.15775714285714285,269.76471428571426,3.99,2.18025,263.59446428571425,2.0,2023-09
2023-09-28 14:39:00,2023-09-28 14:40:00,2023-09-28 14:47:00,GCT,SHORT,563,7.65,7.8941357142857145,7.161728571428572,7.161728571428572,target_hit,0.2441357142857143,0.16275714285714285,274.89681428571413,3.9410000000000003,2.153475,268.80233928571414,1.9999999999999987,2023-09
2023-09-28 14:47:00,2023-09-28 14:48:00,2023-09-28 15:02:00,GCT,SHORT,654,7.2934,7.507803571428571,6.864592857142857,6.864592857142857,target_hit,0.21440357142857147,0.1429357142857143,280.4398714285715,4.578,2.3849418,273.47692962857155,2.0,2023-09
2023-09-28 14:57:00,2023-09-28 14:58:00,2023-09-28 15:04:00,GCT,LONG,682,6.98,6.770567857142858,7.398864285714286,6.770567857142858,stop_hit,0.20943214285714262,0.13962142857142842,-142.83272142857126,4.774,2.38018,-149.98690142857126,-1.0,2023-09
2023-09-28 15:01:00,2023-09-28 15:02:00,2023-09-28 15:08:00,GCT,LONG,736,6.79,6.5980107142857145,7.173978571428571,7.173978571428571,target_hit,0.19198928571428545,0.12799285714285696,282.6082285714283,5.152,2.49872,274.9575085714283,2.000000000000001,2023-09
2023-09-28 15:02:00,2023-09-28 15:03:00,2023-09-28 15:08:00,GCT,LONG,769,6.8297,6.642360714285714,7.20437857142857,7.20437857142857,target_hit,0.18733928571428543,0.12489285714285694,288.1278214285707,5.383,2.62601965,280.11880177857074,1.9999999999999982,2023-09
2023-09-28 15:04:00,2023-09-28 15:05:00,2023-09-28 15:08:00,GCT,LONG,767,6.81,6.618417857142857,7.193164285714285,7.193164285714285,target_hit,0.19158214285714256,0.12772142857142837,293.8870071428566,5.369,2.6116349999999997,285.90637214285664,1.9999999999999991,2023-09
2023-09-28 15:11:00,2023-09-28 15:12:00,2023-09-28 15:27:00,GCT,SHORT,734,7.37,7.5739785714285714,6.962042857142857,6.962042857142857,target_hit,0.20397857142857134,0.13598571428571424,299.44054285714276,5.138,2.70479,291.5977528571428,2.0,2023-09
2023-09-28 15:14:00,2023-09-28 15:15:00,2023-09-28 15:20:00,GCT,LONG,752,7.355,7.152028571428572,7.760942857142858,7.152028571428572,stop_hit,0.2029714285714288,0.13531428571428586,-152.63451428571446,5.264,2.76548,-160.66399428571447,-1.0,2023-09
2023-09-28 15:17:00,2023-09-28 15:18:00,2023-09-28 15:27:00,GCT,LONG,802,7.2336,7.045242857142857,7.610314285714287,7.045242857142857,stop_hit,0.1883571428571431,0.12557142857142875,-151.0624285714286,5.614,2.9006736,-159.5771021714286,-0.9999999999999988,2023-09
2023-09-28 15:46:00,2023-09-28 15:47:00,2023-09-28 15:53:00,GCT,LONG,1685,7.2193,7.130564285714286,7.396771428571428,7.3281,time_exit,0.08873571428571436,0.05915714285714291,183.32800000000077,11.795,6.082260249999999,165.4507397500008,1.2261128551879619,2023-09
2023-09-27 13:28:00,2023-09-27 13:29:00,2023-09-27 13:31:00,GH,SHORT,769,26.91,27.106628571428573,26.516742857142855,27.106628571428573,stop_hit,0.19662857142857262,0.13108571428571508,-151.20737142857223,5.383,10.346895,-166.93726642857223,-0.9999999999999993,2023-09
2023-09-27 13:29:00,2023-09-27 13:30:00,2023-09-27 13:32:00,GH,SHORT,756,27.0,27.1977,26.604599999999998,27.1977,stop_hit,0.19770000000000096,0.13180000000000064,-149.46120000000082,5.292,10.206,-164.9592000000008,-1.0000000000000007,2023-09
2023-09-15 12:14:00,2023-09-15 13:30:00,2023-09-15 13:31:00,GRPN,SHORT,1185,12.2,12.324810714285714,11.95037857142857,12.324810714285714,stop_hit,0.12481071428571422,0.08320714285714281,-147.90069642857242,8.295,7.2285,-163.4241964285724,-1.000000000000007,2023-09
2023-09-21 13:49:00,2023-09-21 13:50:00,2023-09-21 15:53:00,SMCI,LONG,653,23.0,22.776264285714284,23.44747142857143,23.024,time_exit,0.22373571428571473,0.14915714285714315,15.672000000000594,4.571,7.5095,3.591500000000594,0.10726941863806534,2023-09
2023-10-04 13:23:00,2023-10-04 13:24:00,2023-10-04 13:33:00,AAOI,SHORT,1993,10.39,10.463392857142857,10.243214285714288,10.463392857142857,stop_hit,0.07339285714285682,0.04892857142857121,-146.27196428571276,13.951,10.353635,-170.57659928571275,-0.9999999999999939,2023-10
2023-10-04 13:24:00,2023-10-04 13:25:00,2023-10-04 13:33:00,AAOI,SHORT,2014,10.36,10.431785714285713,10.216428571428573,10.431785714285713,stop_hit,0.0717857142857139,0.0478571428571426,-144.5764285714269,14.098,10.432519999999998,-169.10694857142693,-0.9999999999999938,2023-10
2023-10-04 13:25:00,2023-10-04 13:30:00,2023-10-04 13:33:00,AAOI,SHORT,1990,10.35,10.421785714285713,10.206428571428571,10.421785714285713,stop_hit,0.07178571428571409,0.04785714285714272,-142.85357142856978,13.93,10.29825,-167.08182142856978,-0.9999999999999911,2023-10
2023-10-11 13:26:00,2023-10-11 13:29:00,2023-10-11 13:30:00,AAOI,SHORT,2354,7.49,7.550000000000001,7.37,7.550000000000001,stop_hit,0.06000000000000005,0.040000000000000036,-141.24000000000117,16.478,8.81573,-166.53373000000119,-1.0000000000000073,2023-10
2023-10-11 13:30:00,2023-10-11 13:31:00,2023-10-11 13:32:00,AAOI,LONG,2368,7.75,7.691071428571428,7.867857142857143,7.867857142857143,target_hit,0.0589285714285715,0.039285714285714333,279.08571428571435,16.576,9.176,253.33371428571434,1.9999999999999982,2023-10
2023-10-10 13:25:00,2023-10-10 13:27:00,2023-10-10 13:35:00,ACAD,SHORT,228,22.95,23.572864285714285,21.704271428571428,23.572864285714285,stop_hit,0.6228642857142859,0.41524285714285725,-142.01305714285718,1.596,2.6163,-146.22535714285718,-1.0,2023-10
2023-10-30 13:09:00,2023-10-30 13:10:00,2023-10-30 13:20:00,AEHR,LONG,517,28.61,28.338146428571427,29.153707142857144,28.338146428571427,stop_hit,0.27185357142857164,0.18123571428571442,-140.5482964285718,3.619,7.395684999999999,-151.5629814285718,-1.0000000000000018,2023-10
2023-10-30 13:12:00,2023-10-30 13:18:00,2023-10-30 13:30:00,AEHR,SHORT,482,28.4,28.688460714285714,27.82307857142857,27.82307857142857,target_hit,0.2884607142857146,0.19230714285714307,278.07612857142817,3.374,6.844399999999999,267.85772857142814,1.9999999999999947,2023-10
2023-10-30 13:18:00,2023-10-30 13:19:00,2023-10-30 13:30:00,AEHR,SHORT,460,28.38,28.68774642857143,27.76450714285714,27.76450714285714,target_hit,0.30774642857142925,0.20516428571428616,283.12671428571457,3.22,6.5274,273.37931428571454,1.9999999999999976,2023-10
2023-10-30 13:19:00,2023-10-30 13:20:00,2023-10-30 13:23:00,AEHR,SHORT,655,28.2,28.420425,27.759149999999998,28.420425,stop_hit,0.22042500000000054,0.14695000000000036,-144.3783750000015,4.585,9.2355,-158.19887500000152,-1.000000000000008,2023-10
2023-10-30 13:20:00,2023-10-30 13:21:00,2023-10-30 13:23:00,AEHR,SHORT,611,28.32,28.553710714285714,27.85257857142857,28.553710714285714,stop_hit,0.23371071428571466,0.15580714285714312,-142.797246428571,4.277,8.651760000000001,-155.72600642857097,-0.9999999999999952,2023-10
2023-10-30 13:21:00,2023-10-30 13:23:00,2023-10-30 13:24:00,AEHR,SHORT,603,28.33,28.564139285714283,27.861721428571425,28.564139285714283,stop_hit,0.23413928571428627,0.1560928571428575,-141.18598928571384,4.221,8.541495,-153.94848428571385,-0.9999999999999946,2023-10
2023-10-30 13:43:00,2023-10-30 13:44:00,2023-10-30 13:47:00,AEHR,LONG,189,25.4328,24.694275,26.90985,24.694275,stop_hit,0.738524999999999,0.4923499999999993,-139.58122499999985,1.323,2.4033996,-143.30762459999985,-1.0000000000000002,2023-10
2023-10-30 13:45:00,2023-10-30 13:46:00,2023-10-30 13:50:00,AEHR,LONG,215,24.94,24.298814285714286,26.222371428571428,24.298814285714286,stop_hit,0.641185714285714,0.42745714285714265,-137.85492857142876,1.5050000000000001,2.6810500000000004,-142.04097857142875,-1.0000000000000018,2023-10
2023-10-30 15:07:00,2023-10-30 15:08:00,2023-10-30 15:16:00,AEHR,LONG,442,22.9791,22.66970357142857,23.597892857142856,22.66970357142857,stop_hit,0.30939642857142846,0.20626428571428562,-136.75322142857144,3.094,5.0783811,-144.92560252857143,-1.0000000000000004,2023-10
2023-10-30 15:10:00,2023-10-30 15:11:00,2023-10-30 15:17:00,AEHR,LONG,457,22.945,22.648867857142857,23.537264285714286,22.648867857142857,stop_hit,0.29613214285714284,0.19742142857142855,-135.33238928571438,3.1990000000000003,5.2429325,-143.7743217857144,-1.0000000000000007,2023-10
2023-10-11 09:46:00,2023-10-11 10:37:00,2023-10-11 11:34:00,AKRO,SHORT,342,17.76,18.151853571428575,16.97629285714286,18.151853571428575,stop_hit,0.39185357142857224,0.26123571428571485,-134.01392142857202,2.394,3.0369600000000005,-139.44488142857202,-1.0000000000000022,2023-10
2023-10-11 14:03:00,2023-10-11 14:04:00,2023-10-11 14:07:00,AKRO,LONG,461,15.99,15.70235357142857,16.565292857142857,15.70235357142857,stop_hit,0.2876464285714287,0.1917642857142858,-132.60500357142902,3.227,3.6856950000000004,-139.51769857142904,-1.0000000000000029,2023-10
2023-10-12 13:28:00,2023-10-12 13:29:00,2023-10-12 13:30:00,AKRO,LONG,1263,14.9,14.796050000000001,15.1079,15.1079,target_hit,0.10395000000000021,0.06930000000000014,262.5777000000005,8.841,9.40935,244.3273500000005,2.0,2023-10
2023-10-25 12:00:00,2023-10-25 12:01:00,2023-10-25 12:09:00,ALKS,SHORT,226,26.6,27.191428571428574,25.417142857142856,25.417142857142856,target_hit,0.5914285714285717,0.3942857142857145,267.32571428571475,1.582,3.0058000000000002,262.73791428571474,2.0000000000000027,2023-10
2023-10-25 13:32:00,2023-10-25 13:33:00,2023-10-25 15:53:00,ALKS,LONG,132,22.14,21.108214285714286,24.20357142857143,23.42,time_exit,1.031785714285715,0.6878571428571433,168.96000000000015,0.924,1.46124,166.57476000000014,1.2405676704742128,2023-10
2023-10-05 11:15:00,2023-10-05 11:27:00,2023-10-05 11:47:00,ALXO,LONG,2198,6.75,6.687203571428571,6.875592857142857,6.687203571428571,stop_hit,0.06279642857142848,0.04186428571428565,-138.02655000000016,15.386000000000001,7.4182500000000005,-160.83080000000015,-1.0000000000000027,2023-10
2023-10-05 13:25:00,2023-10-05 13:26:00,2023-10-05 13:30:00,ALXO,LONG,4485,6.85,6.819571428571428,6.910857142857142,6.819571428571428,stop_hit,0.03042857142857141,0.02028571428571427,-136.47214285714404,31.395,15.361125,-183.22826785714403,-1.0000000000000093,2023-10
2023-10-06 14:40:00,2023-10-06 14:41:00,2023-10-06 14:45:00,ALXO,LONG,1916,7.0487,6.978446428571429,7.189207142857143,7.189207142857143,target_hit,0.0702535714285712,0.046835714285714126,269.211685714285,13.412,6.7526546,249.047031114285,2.0000000000000018,2023-10
2023-10-09 12:00:00,2023-10-09 12:01:00,2023-10-09 12:02:00,ALXO,LONG,1828,7.6,7.525,7.749999999999999,7.749999999999999,target_hit,0.07499999999999954,0.0499999999999997,274.199999999999,12.796000000000001,6.9464,254.45759999999902,2.0000000000000053,2023-10
2023-10-09 12:01:00,2023-10-09 12:02:00,2023-10-09 12:06:00,ALXO,LONG,1114,7.77,7.644642857142857,8.020714285714284,8.020714285714284,target_hit,0.12535714285714228,0.08357142857142819,279.295714285713,7.798,4.327889999999999,267.169824285713,2.0,2023-10
2023-10-09 12:02:00,2023-10-09 12:06:00,2023-10-09 13:25:00,ALXO,SHORT,810,8.09,8.265714285714285,7.738571428571429,7.738571428571429,target_hit,0.17571428571428538,0.11714285714285692,284.65714285714216,5.67,3.27645,275.71069285714213,1.9999999999999987,2023-10
2023-10-10 13:40:00,2023-10-10 13:41:00,2023-10-10 14:09:00,ALXO,LONG,618,8.465,8.230485714285713,8.934028571428572,8.934028571428572,target_hit,0.23451428571428606,0.15634285714285737,289.8596571428574,4.3260000000000005,2.615685,282.91797214285737,1.9999999999999987,2023-10
2023-10-10 14:15:00,2023-10-10 14:16:00,2023-10-10 15:00:00,ALXO,SHORT,845,9.12,9.294942857142857,8.770114285714286,9.294942857142857,stop_hit,0.1749428571428571,0.1166285714285714,-147.8267142857148,5.915,3.8531999999999997,-157.59491428571476,-1.0000000000000036,2023-10
2023-10-10 14:16:00,2023-10-10 14:17:00,2023-10-10 15:00:00,ALXO,SHORT,811,9.0825,9.262939285714285,8.721621428571428,9.262939285714285,stop_hit,0.1804392857142856,0.12029285714285708,-146.3362607142858,5.6770000000000005,3.68295375,-155.6962144642858,-1.000000000000001,2023-10
2023-10-10 14:17:00,2023-10-10 14:18:00,2023-10-10 15:00:00,ALXO,SHORT,823,9.1399,9.31564642857143,8.788407142857144,9.31564642857143,stop_hit,0.17574642857142836,0.11716428571428558,-144.63931071428624,5.761,3.76106885,-154.16137956428622,-1.0000000000000047,2023-10
2023-10-10 14:21:00,2023-10-10 14:22:00,2023-10-10 14:56:00,ALXO,SHORT,738,9.04,9.234014285714284,8.651971428571429,9.234014285714284,stop_hit,0.1940142857142854,0.12934285714285693,-143.18254285714252,5.166,3.3357599999999996,-151.6843028571425,-0.9999999999999993,2023-10
2023-10-10 15:02:00,2023-10-10 15:03:00,2023-10-10 15:08:00,ALXO,LONG,1217,9.3702,9.253757142857143,9.603085714285713,9.603085714285713,target_hit,0.11644285714285678,0.07762857142857119,283.4219142857125,8.519,5.7017667,269.2011475857125,1.9999999999999936,2023-10
2023-10-10 15:13:00,2023-10-10 15:14:00,2023-10-10 15:18:00,ALXO,LONG,615,9.68,9.445314285714286,10.149371428571428,9.445314285714286,stop_hit,0.23468571428571416,0.15645714285714277,-144.33171428571407,4.305,2.9766,-151.61331428571407,-0.999999999999999,2023-10
2023-10-10 15:25:00,2023-10-10 15:26:00,2023-10-10 15:50:00,ALXO,LONG,669,9.7399,9.52647142857143,10.166757142857143,9.52647142857143,stop_hit,0.21342857142857152,0.14228571428571435,-142.78371428571376,4.683,3.2579965500000005,-150.72471083571375,-0.9999999999999959,2023-10
2023-10-10 15:30:00,2023-10-10 15:31:00,2023-10-10 15:33:00,ALXO,LONG,690,9.8,9.595303571428573,10.209392857142857,9.595303571428573,stop_hit,0.20469642857142828,0.1364642857142855,-141.24053571428493,4.83,3.3810000000000007,-149.45153571428494,-0.9999999999999959,2023-10
2023-10-10 15:40:00,2023-10-10 15:41:00,2023-10-10 15:50:00,ALXO,LONG,740,9.79,9.600957142857142,10.168085714285713,9.600957142857142,stop_hit,0.18904285714285698,0.12602857142857132,-139.89171428571407,5.18,3.6222999999999996,-148.69401428571408,-0.9999999999999992,2023-10
2023-10-26 13:47:00,2023-10-26 13:50:00,2023-10-31 14:14:00,ALXO,SHORT,950,6.915,7.060703571428571,6.623592857142857,7.060703571428571,stop_hit,0.1457035714285716,0.0971357142857144,-138.4183928571427,6.65,3.284625,-148.3530178571427,-0.9999999999999977,2023-10
2023-10-23 10:12:00,2023-10-23 10:18:00,2023-10-23 11:07:00,ARQT,LONG,2973,2.6,2.5539392857142857,2.6921214285714283,2.5539392857142857,stop_hit,0.046060714285714184,0.03070714285714279,-136.93850357142875,20.811,3.8649,-161.61440357142877,-1.0000000000000036,2023-10
2023-10-23 11:06:00,2023-10-23 11:07:00,2023-10-23 12:02:00,ARQT,LONG,2971,2.51,2.4644642857142856,2.6010714285714283,2.6010714285714283,target_hit,0.04553571428571417,0.03035714285714278,270.57321428571396,20.797,3.7286049999999995,246.04760928571397,2.0000000000000027,2023-10
2023-10-23 12:03:00,2023-10-23 12:05:00,2023-10-23 13:30:00,ARQT,SHORT,2381,2.525,2.5828571428571427,2.409285714285714,2.409285714285714,target_hit,0.057857142857142954,0.03857142857142864,275.5157142857152,16.667,3.0060124999999998,255.84270178571524,2.0000000000000036,2023-10
2023-10-23 13:34:00,2023-10-23 13:35:00,2023-10-23 13:47:00,ARQT,LONG,3317,2.395,2.3527,2.4796,2.4796,target_hit,0.04230000000000005,0.028200000000000034,280.6182,23.219,3.9721075000000003,253.42709250000001,1.9999999999999978,2023-10
2023-10-23 13:50:00,2023-10-23 13:51:00,2023-10-23 14:00:00,ARQT,LONG,3758,2.48,2.4419857142857144,2.5560285714285715,2.4419857142857144,stop_hit,0.03801428571428567,0.02534285714285711,-142.8576857142851,26.306,4.6599200000000005,-173.82360571428512,-0.9999999999999971,2023-10
2023-10-26 11:35:00,2023-10-26 12:00:00,2023-10-26 12:45:00,ARRY,LONG,2927,18.07,18.021785714285716,18.166428571428572,18.021785714285716,stop_hit,0.04821428571428564,0.03214285714285709,-141.12321428570922,20.489,26.445445,-188.05765928570924,-0.9999999999999657,2023-10
2023-10-26 13:00:00,2023-10-26 13:27:00,2023-10-26 13:31:00,ARRY,LONG,887,18.51,18.353035714285717,18.823928571428574,18.823928571428574,target_hit,0.15696428571428608,0.10464285714285738,278.45464285714394,6.2090000000000005,8.209185000000002,264.03645785714394,2.000000000000003,2023-10
2023-10-23 12:03:00,2023-10-23 12:04:00,2023-10-23 13:30:00,ASAN,LONG,1172,17.51,17.388928571428572,17.75214285714286,17.75214285714286,target_hit,0.12107142857142883,0.08071428571428589,283.79142857143097,8.204,10.260860000000001,265.326568571431,2.000000000000013,2023-10
2023-10-23 13:23:00,2023-10-23 13:25:00,2023-10-23 13:30:00,ASAN,SHORT,2409,17.5,17.560000000000002,17.38,17.560000000000002,stop_hit,0.06000000000000062,0.04000000000000042,-144.54000000000548,16.863,21.07875,-182.4817500000055,-1.0000000000000275,2023-10
2023-10-23 13:25:00,2023-10-23 13:28:00,2023-10-23 13:30:00,ASAN,SHORT,2422,17.5,17.558928571428574,17.382142857142856,17.558928571428574,stop_hit,0.058928571428572274,0.03928571428571485,-142.72500000000542,16.954,21.1925,-180.87150000000543,-1.0000000000000235,2023-10
2023-10-20 13:29:00,2023-10-20 13:30:00,2023-10-20 13:33:00,ATEC,LONG,1503,12.085,11.99125,12.2725,11.99125,stop_hit,0.0937499999999998,0.062499999999999875,-140.90625,10.521,9.081877500000001,-160.5091275,-1.000000000000002,2023-10
2023-10-03 13:27:00,2023-10-03 13:28:00,2023-10-03 13:29:00,BHVN,LONG,890,23.24,23.083571428571428,23.552857142857142,23.083571428571428,stop_hit,0.15642857142857192,0.1042857142857146,-139.2214285714275,6.23,10.3418,-155.7932285714275,-0.9999999999999893,2023-10
2023-10-03 13:28:00,2023-10-03 13:29:00,2023-10-03 13:32:00,BHVN,LONG,756,22.9,22.71785714285714,23.264285714285712,23.264285714285712,target_hit,0.18214285714285744,0.12142857142857164,275.3999999999997,5.292,8.656199999999998,261.4517999999997,1.9999999999999944,2023-10
2023-10-27 13:31:00,2023-10-27 13:32:00,2023-10-27 13:36:00,COIN,LONG,404,75.5717,75.22455714285715,76.26598571428572,75.22455714285715,stop_hit,0.3471428571428566,0.23142857142857107,-140.24571428571386,2.828,15.2654834,-158.33919768571386,-0.9999999999999986,2023-10
2023-10-11 13:31:00,2023-10-11 13:32:00,2023-10-11 14:58:00,DVA,LONG,69,75.7025,73.70536785714286,79.69676428571428,73.70536785714286,stop_hit,1.9971321428571425,1.3314214285714283,-137.80211785714266,0.7,2.61173625,-141.11385410714266,-0.9999999999999988,2023-10
2023-10-11 13:34:00,2023-10-11 13:35:00,2023-10-11 14:46:00,DVA,LONG,57,76.79,74.41723571428572,81.53552857142859,74.41723571428572,stop_hit,2.372764285714288,1.5818428571428587,-135.2475642857141,0.7,2.188515,-138.1360792857141,-0.9999999999999978,2023-10
2023-10-11 13:37:00,2023-10-11 13:38:00,2023-10-11 15:20:00,DVA,LONG,49,75.759,72.98605714285715,81.30488571428572,72.98605714285715,stop_hit,2.7729428571428567,1.848628571428571,-135.87419999999972,0.7,1.8560955,-138.43029549999972,-0.9999999999999981,2023-10
2023-10-11 13:41:00,2023-10-11 13:42:00,2023-10-11 15:17:00,DVA,LONG,41,76.31,73.08555714285714,82.75888571428573,73.08555714285714,stop_hit,3.224442857142858,2.149628571428572,-132.20215714285732,0.7,1.564355,-134.4665121428573,-1.000000000000001,2023-10
2023-10-20 13:33:00,2023-10-20 13:34:00,2023-10-27 13:31:00,ENPH,LONG,45,99.1,96.14157142857142,105.01685714285713,96.14157142857142,stop_hit,2.9584285714285707,1.972285714285714,-133.12928571428563,0.7,2.22975,-136.0590357142856,-0.9999999999999997,2023-10
2023-10-20 13:36:00,2023-10-20 13:37:00,2023-10-27 13:31:00,ENPH,LONG,38,100.37,96.92916071428571,107.25167857142857,96.92916071428571,stop_hit,3.440839285714285,2.2938928571428567,-130.75189285714302,0.7,1.9070300000000002,-133.358922857143,-1.0000000000000013,2023-10
2023-10-27 13:33:00,2023-10-27 13:34:00,2023-10-27 13:43:00,ENPH,LONG,54,83.31,80.928075,88.07385,80.928075,stop_hit,2.381924999999996,1.5879499999999973,-128.62394999999975,0.7,2.24937,-131.57331999999974,-0.9999999999999998,2023-10
2023-10-27 13:34:00,2023-10-27 13:35:00,2023-10-27 13:43:00,ENPH,LONG,50,83.56,80.99164642857144,88.69670714285714,80.99164642857144,stop_hit,2.568353571428567,1.7122357142857112,-128.41767857142798,0.7,2.089,-131.20667857142797,-0.9999999999999972,2023-10
2023-10-27 13:40:00,2023-10-27 13:41:00,2023-10-27 15:53:00,ENPH,LONG,39,81.42,78.14292857142857,87.97414285714285,82.11,time_exit,3.277071428571427,2.1847142857142847,26.90999999999991,0.7,1.58769,24.622309999999914,0.2105538481658269,2023-10
2023-10-10 11:04:00,2023-10-10 11:07:00,2023-10-10 11:08:00,ETNB,SHORT,316,12.57,12.974507142857142,11.760985714285715,11.760985714285715,target_hit,0.4045071428571426,0.2696714285714284,255.6485142857142,2.212,1.98606,251.45045428571422,2.0000000000000004,2023-10
2023-10-10 11:07:00,2023-10-10 11:08:00,2023-10-10 11:10:00,ETNB,SHORT,251,11.1,11.61915,10.0617,10.0617,target_hit,0.5191499999999996,0.34609999999999974,260.61329999999987,1.7570000000000001,1.39305,257.46324999999985,2.000000000000001,2023-10
2023-10-10 11:08:00,2023-10-10 11:09:00,2023-10-10 11:13:00,ETNB,SHORT,197,10.55,11.223435714285715,9.203128571428573,9.203128571428573,target_hit,0.673435714285714,0.44895714285714267,265.3336714285712,1.379,1.0391750000000002,262.9154964285712,1.9999999999999991,2023-10
2023-10-10 11:09:00,2023-10-10 11:10:00,2023-10-10 11:13:00,ETNB,LONG,186,9.5,8.769778571428573,10.960442857142857,8.769778571428573,stop_hit,0.7302214285714282,0.4868142857142855,-135.82118571428552,1.302,0.8835000000000001,-138.0066857142855,-0.9999999999999989,2023-10
2023-10-10 11:10:00,2023-10-10 11:11:00,2023-10-10 11:13:00,ETNB,LONG,159,9.26,8.417814285714286,10.944371428571428,8.417814285714286,stop_hit,0.8421857142857141,0.5614571428571428,-133.90752857142851,1.113,0.73617,-135.7566985714285,-0.9999999999999998,2023-10
2023-10-10 11:11:00,2023-10-10 11:13:00,2023-10-10 11:18:00,ETNB,SHORT,153,8.25,9.115757142857143,6.518485714285714,9.115757142857143,stop_hit,0.8657571428571429,0.5771714285714286,-132.46084285714292,1.071,0.631125,-134.16296785714292,-1.0000000000000004,2023-10
2023-10-10 11:13:00,2023-10-10 11:14:00,2023-10-10 11:22:00,ETNB,SHORT,130,8.92,9.930399999999999,6.8992,9.930399999999999,stop_hit,1.0103999999999997,0.6735999999999999,-131.35199999999986,0.91,0.5798,-132.84179999999986,-0.9999999999999991,2023-10
2023-10-10 11:14:00,2023-10-10 11:15:00,2023-10-10 11:23:00,ETNB,LONG,118,8.5,7.402814285714285,10.69437142857143,10.69437142857143,target_hit,1.0971857142857142,0.7314571428571428,258.93582857142866,0.8260000000000001,0.5015000000000001,257.6083285714286,2.000000000000001,2023-10
2023-10-10 11:16:00,2023-10-10 11:17:00,2023-10-10 12:45:00,ETNB,LONG,111,8.9,7.702100000000001,11.2958,11.2958,target_hit,1.1978999999999997,0.7985999999999999,265.93379999999996,0.777,0.49395000000000006,264.66285,2.0,2023-10
2023-10-10 11:18:00,2023-10-10 11:19:00,2023-10-10 12:45:00,ETNB,LONG,120,9.01,7.883928571428571,11.262142857142855,11.262142857142855,target_hit,1.1260714285714282,0.7507142857142854,270.25714285714264,0.84,0.5406000000000001,268.8765428571427,1.9999999999999991,2023-10
2023-10-10 11:19:00,2023-10-10 11:20:00,2023-10-10 12:51:00,ETNB,LONG,127,9.49,8.400357142857143,11.669285714285714,11.669285714285714,target_hit,1.0896428571428567,0.7264285714285712,276.7692857142856,0.889,0.602615,275.2776707142856,2.0,2023-10
2023-10-10 11:21:00,2023-10-10 11:22:00,2023-10-10 12:28:00,ETNB,SHORT,140,10.21,11.215,8.200000000000001,11.215,stop_hit,1.0049999999999997,0.6699999999999998,-140.69999999999987,0.98,0.7147000000000001,-142.39469999999986,-0.9999999999999993,2023-10
2023-10-10 11:22:00,2023-10-10 11:23:00,2023-10-19 12:49:00,ETNB,SHORT,151,10.97,11.891428571428571,9.127142857142859,9.127142857142859,target_hit,0.9214285714285712,0.6142857142857141,278.2714285714284,1.057,0.828235,276.38619357142835,1.9999999999999993,2023-10
2023-10-10 11:23:00,2023-10-10 11:24:00,2023-10-10 12:45:00,ETNB,SHORT,168,10.4,11.245357142857143,8.709285714285715,11.245357142857143,stop_hit,0.8453571428571426,0.5635714285714284,-142.02,1.176,0.8736,-144.0696,-1.0000000000000004,2023-10
2023-10-10 11:24:00,2023-10-10 11:25:00,2023-10-10 12:00:00,ETNB,SHORT,166,10.02,10.8675,8.325,10.8675,stop_hit,0.8474999999999997,0.5649999999999998,-140.68500000000003,1.162,0.83166,-142.67866000000004,-1.0000000000000004,2023-10
2023-10-10 11:49:00,2023-10-10 11:50:00,2023-10-10 11:56:00,ETNB,SHORT,819,10.6,10.770357142857144,10.259285714285713,10.259285714285713,target_hit,0.17035714285714343,0.11357142857142895,279.0450000000004,5.7330000000000005,4.3407,268.9713000000004,1.999999999999996,2023-10
2023-10-10 12:15:00,2023-10-10 12:16:00,2023-10-10 12:27:00,ETNB,SHORT,311,10.65,11.106214285714286,9.737571428571428,11.106214285714286,stop_hit,0.456214285714286,0.3041428571428573,-141.8826428571427,2.177,1.6560750000000002,-145.7157178571427,-0.9999999999999983,2023-10
2023-10-10 13:18:00,2023-10-10 13:19:00,2023-10-10 13:25:00,ETNB,SHORT,738,10.93,11.120714285714286,10.548571428571428,11.120714285714286,stop_hit,0.19071428571428622,0.12714285714285747,-140.74714285714293,5.166,4.03317,-149.94631285714294,-0.999999999999998,2023-10
2023-10-10 13:20:00,2023-10-10 13:23:00,2023-10-10 13:25:00,ETNB,SHORT,1016,10.93,11.067142857142857,10.655714285714286,11.067142857142857,stop_hit,0.13714285714285745,0.09142857142857164,-139.33714285714274,7.112,5.55244,-152.00158285714272,-0.9999999999999968,2023-10
2023-10-10 13:23:00,2023-10-10 13:24:00,2023-10-10 13:25:00,ETNB,SHORT,1109,11.0,11.124285714285714,10.751428571428571,11.124285714285714,stop_hit,0.12428571428571449,0.08285714285714299,-137.83285714285645,7.763,6.0995,-151.69535714285647,-0.9999999999999934,2023-10
2023-10-10 13:26:00,2023-10-10 13:27:00,2023-10-10 13:30:00,ETNB,SHORT,659,11.31,11.516785714285716,10.896428571428572,10.896428571428572,target_hit,0.20678571428571443,0.13785714285714296,272.5435714285712,4.613,3.726645,264.2039264285712,1.9999999999999971,2023-10
2023-10-10 13:27:00,2023-10-10 13:28:00,2023-10-10 13:30:00,ETNB,SHORT,617,11.35,11.575,10.899999999999999,10.899999999999999,target_hit,0.22500000000000014,0.1500000000000001,277.65000000000066,4.319,3.501475,269.8295250000006,2.0000000000000036,2023-10
2023-10-10 13:28:00,2023-10-10 13:29:00,2023-10-10 13:30:00,ETNB,SHORT,592,11.24,11.478928571428572,10.762142857142857,10.762142857142857,target_hit,0.23892857142857166,0.15928571428571445,282.8914285714288,4.144,3.32704,275.42038857142876,1.9999999999999996,2023-10
2023-10-10 13:44:00,2023-10-10 13:45:00,2023-10-10 13:48:00,ETNB,LONG,308,10.09,9.622289285714286,11.025421428571429,9.622289285714286,stop_hit,0.46771071428571426,0.31180714285714284,-144.05489999999978,2.156,1.55386,-147.76475999999977,-0.9999999999999984,2023-10
2023-10-10 13:47:00,2023-10-10 13:48:00,2023-10-10 15:01:00,ETNB,LONG,375,9.86,9.479064285714285,10.621871428571428,9.479064285714285,stop_hit,0.38093571428571416,0.25395714285714277,-142.8508928571428,2.625,1.8487500000000001,-147.3246428571428,-1.0,2023-10
2023-10-10 13:49:00,2023-10-10 13:50:00,2023-10-10 15:01:00,ETNB,LONG,381,9.84,9.468814285714286,10.582371428571427,9.468814285714286,stop_hit,0.371185714285714,0.24745714285714268,-141.42175714285696,2.6670000000000003,1.87452,-145.96327714285695,-0.9999999999999994,2023-10
2023-10-10 13:51:00,2023-10-10 13:52:00,2023-10-10 15:51:00,ETNB,SHORT,425,9.9999,10.329310714285715,9.341078571428572,10.329310714285715,stop_hit,0.32941071428571395,0.21960714285714264,-139.99955357142858,2.975,2.1249787500000004,-145.09953232142857,-1.000000000000001,2023-10
2023-10-19 12:49:00,2023-10-19 13:04:00,2023-10-19 13:29:00,ETNB,SHORT,2382,7.2855,7.343667857142857,7.169164285714286,7.169164285714286,target_hit,0.058167857142856993,0.03877857142857133,277.11167142856965,16.674,8.677030499999999,251.76064092856967,1.9999999999999925,2023-10
2023-10-17 13:24:00,2023-10-17 13:29:00,2023-10-17 13:30:00,FSLY,SHORT,997,15.01,15.151417857142857,14.727164285714286,15.151417857142857,stop_hit,0.141417857142857,0.09427857142857134,-140.99360357142825,6.979,7.482485,-155.45508857142826,-0.9999999999999987,2023-10
2023-10-20 12:00:00,2023-10-20 12:30:00,2023-10-20 13:34:00,FSLY,LONG,1463,14.6101,14.514753571428571,14.800792857142858,14.514753571428571,stop_hit,0.09534642857142883,0.06356428571428589,-139.49182499999958,10.241,10.68728815,-160.4201131499996,-0.9999999999999942,2023-10
2023-10-13 12:05:00,2023-10-13 12:09:00,2023-10-13 13:30:00,GRPN,LONG,605,11.74,11.512321428571429,12.195357142857144,11.512321428571429,stop_hit,0.22767857142857184,0.15178571428571455,-137.74553571428555,4.235,3.55135,-145.53188571428558,-0.9999999999999971,2023-10
2023-10-13 13:58:00,2023-10-13 13:59:00,2023-10-25 12:34:00,GRPN,LONG,538,12.3779,12.124378571428572,12.884942857142857,12.124378571428572,stop_hit,0.2535214285714281,0.1690142857142854,-136.3945285714284,3.766,3.3296551,-143.49018367142838,-1.0000000000000004,2023-10
2023-10-26 13:35:00,2023-10-26 13:36:00,2023-10-26 15:53:00,HAS,LONG,85,48.95,47.37125,52.1075,49.15,time_exit,1.5787500000000008,1.0525000000000004,16.999999999999638,0.7,2.080375,14.219624999999638,0.12668250197941133,2023-10
2023-10-26 13:37:00,2023-10-26 13:38:00,2023-10-26 15:53:00,HAS,LONG,75,48.975,47.175000000000004,52.575,49.15,time_exit,1.7999999999999996,1.1999999999999997,13.124999999999787,0.7,1.8365625,10.588437499999788,0.09722222222222067,2023-10
2023-10-18 13:48:00,2023-10-18 13:49:00,2023-10-18 15:53:00,NTRS,LONG,83,64.5,62.878392857142856,67.74321428571429,66.27,time_exit,1.621607142857145,1.08107142857143,146.90999999999968,0.7,2.67675,143.5332499999997,1.091509745622725,2023-10
2023-10-30 13:31:00,2023-10-30 13:32:00,2023-10-30 14:01:00,ON,LONG,74,71.4,69.56111785714286,75.0777642857143,69.56111785714286,stop_hit,1.8388821428571465,1.225921428571431,-136.0772785714287,0.7,2.6418000000000004,-139.41907857142868,-0.999999999999999,2023-10
2023-10-30 13:33:00,2023-10-30 13:34:00,2023-10-30 14:10:00,ON,LONG,62,71.11,68.92824999999999,75.4735,68.92824999999999,stop_hit,2.1817500000000027,1.454500000000002,-135.2685000000005,0.7,2.2044099999999998,-138.17291000000048,-1.0000000000000024,2023-10
2023-11-21 14:34:00,2023-11-21 14:35:00,2023-11-21 15:53:00,A,SHORT,105,123.88,125.14937499999999,121.34125,123.615,time_exit,1.2693749999999997,0.8462499999999997,27.82500000000006,0.735,6.5037,20.586300000000058,0.2087641555883806,2023-11
2023-11-13 14:33:00,2023-11-13 14:34:00,2023-11-13 14:51:00,AAOI,SHORT,342,9.445,9.837035714285713,8.660928571428574,9.837035714285713,stop_hit,0.3920357142857136,0.2613571428571424,-134.0762142857139,2.394,1.6150950000000002,-138.0853092857139,-0.9999999999999989,2023-11
2023-11-13 14:47:00,2023-11-13 14:48:00,2023-11-13 14:50:00,AAOI,SHORT,1353,9.46,9.558100000000001,9.263800000000002,9.558100000000001,stop_hit,0.09809999999999997,0.06539999999999997,-132.7293000000007,9.471,6.3996900000000005,-148.5999900000007,-1.0000000000000056,2023-11
2023-11-15 14:41:00,2023-11-15 14:42:00,2023-11-15 14:47:00,AAOI,LONG,834,12.7,12.54262857142857,13.014742857142856,12.54262857142857,stop_hit,0.15737142857142838,0.10491428571428559,-131.24777142857135,5.838,5.2959,-142.38167142857134,-1.0000000000000007,2023-11
2023-11-02 13:25:00,2023-11-02 13:27:00,2023-11-02 13:31:00,ACMR,SHORT,875,14.2,14.348392857142857,13.903214285714286,14.348392857142857,stop_hit,0.14839285714285694,0.09892857142857128,-129.84375000000026,6.125,6.2125,-142.18125000000026,-1.0000000000000033,2023-11
2023-11-02 13:27:00,2023-11-02 13:30:00,2023-11-02 13:40:00,ACMR,SHORT,801,14.24,14.400178571428572,13.919642857142858,14.400178571428572,stop_hit,0.16017857142857134,0.10678571428571423,-128.3030357142863,5.607,5.70312,-139.6131557142863,-1.000000000000005,2023-11
2023-11-21 14:28:00,2023-11-21 14:29:00,2023-11-21 15:11:00,AGL,LONG,741,10.92,10.748571428571429,11.262857142857143,11.262857142857143,target_hit,0.1714285714285716,0.1142857142857144,254.05714285714328,5.187,4.04586,244.82428285714326,2.0000000000000013,2023-11
2023-11-14 14:31:00,2023-11-14 14:32:00,2023-11-14 14:58:00,ALB,LONG,123,119.62,118.57081428571429,121.71837142857143,121.71837142857143,target_hit,1.0491857142857097,0.6994571428571399,258.09968571428533,0.861,7.35663,249.88205571428534,2.0000000000000058,2023-11
2023-11-16 14:31:00,2023-11-16 14:32:00,2023-11-16 14:35:00,ALB,LONG,91,126.99,125.54588571428572,129.87822857142856,125.54588571428572,stop_hit,1.4441142857142788,0.9627428571428526,-131.4143999999993,0.7,5.7780450000000005,-137.89244499999927,-0.9999999999999993,2023-11
2023-11-16 14:37:00,2023-11-16 14:38:00,2023-11-16 14:52:00,ALB,LONG,72,126.42,124.61642142857143,130.02715714285713,124.61642142857143,stop_hit,1.8035785714285697,1.202385714285713,-129.8576571428573,0.7,4.55112,-135.1087771428573,-1.0000000000000022,2023-11
2023-11-16 14:28:00,2023-11-16 14:30:00,2023-11-16 14:35:00,ALKS,LONG,381,22.36,22.021428571428572,23.037142857142857,23.037142857142857,target_hit,0.3385714285714282,0.22571428571428548,257.99142857142886,2.6670000000000003,4.25958,251.06484857142885,2.0000000000000044,2023-11
2023-11-16 14:31:00,2023-11-16 14:32:00,2023-11-16 14:34:00,ALKS,SHORT,323,22.55,22.957678571428573,21.73464285714286,22.957678571428573,stop_hit,0.407678571428571,0.271785714285714,-131.68017857142897,2.261,3.6418250000000003,-137.58300357142897,-1.000000000000004,2023-11
2023-11-02 13:43:00,2023-11-02 13:44:00,2023-11-02 13:54:00,APTV,LONG,66,75.64,73.68453571428572,79.55092857142857,73.68453571428572,stop_hit,1.9554642857142834,1.3036428571428555,-129.06064285714282,0.7,2.49612,-132.2567628571428,-1.0000000000000009,2023-11
2023-11-02 13:26:00,2023-11-02 13:27:00,2023-11-02 13:40:00,ARR,SHORT,1524,15.54,15.624664285714285,15.370671428571427,15.624664285714285,stop_hit,0.08466428571428576,0.05644285714285718,-129.02837142857197,10.668000000000001,11.84148,-151.53785142857197,-1.0000000000000038,2023-11
2023-11-02 13:56:00,2023-11-02 13:57:00,2023-11-02 14:03:00,ARR,SHORT,2478,15.68,15.731471428571428,15.577057142857141,15.577057142857141,target_hit,0.05147142857142928,0.034314285714286186,255.0924000000035,17.346,19.42752,218.3188800000035,2.0,2023-11
2023-11-02 15:31:00,2023-11-02 15:32:00,2023-11-02 15:33:00,ARR,SHORT,5161,15.78,15.805135714285713,15.729728571428572,15.805135714285713,stop_hit,0.025135714285713946,0.01675714285714263,-129.725421428569,36.127,40.72029,-206.57271142856902,-0.9999999999999949,2023-11
2023-11-13 13:16:00,2023-11-13 13:35:00,2023-11-13 14:30:00,ASAN,SHORT,1153,20.0,20.110678571428572,19.778642857142856,19.778642857142856,target_hit,0.11067857142857156,0.07378571428571437,255.22478571428718,8.071,11.53,235.62378571428718,2.0000000000000093,2023-11
2023-11-03 12:21:00,2023-11-03 13:30:00,2023-11-03 13:47:00,ATEC,LONG,1666,10.1,10.021967857142856,10.256064285714286,10.256064285714286,target_hit,0.07803214285714294,0.05202142857142863,260.00310000000155,11.662,8.4133,239.92780000000155,2.0000000000000098,2023-11
2023-11-07 14:23:00,2023-11-07 14:28:00,2023-11-07 14:31:00,ATEC,SHORT,448,11.0,11.295178571428572,10.409642857142858,11.295178571428572,stop_hit,0.2951785714285713,0.1967857142857142,-132.24000000000024,3.136,2.464,-137.84000000000023,-1.0000000000000022,2023-11
2023-11-13 13:17:00,2023-11-13 13:18:00,2023-11-13 14:47:00,BE,SHORT,1292,10.58,10.681367857142858,10.377264285714286,10.681367857142858,stop_hit,0.10136785714285727,0.06757857142857152,-130.96727142857225,9.044,6.8346800000000005,-146.84595142857225,-1.000000000000005,2023-11
2023-11-20 13:01:00,2023-11-20 13:02:00,2023-11-20 13:03:00,BE,SHORT,1070,13.19,13.311017857142858,12.947964285714285,12.947964285714285,target_hit,0.12101785714285754,0.0806785714285717,258.9782142857146,7.49,7.056649999999999,244.43156428571461,1.9999999999999958,2023-11
2023-11-03 13:28:00,2023-11-03 13:30:00,2023-11-03 13:31:00,BEAM,SHORT,870,22.91,23.06160714285714,22.606785714285714,22.606785714285714,target_hit,0.15160714285714316,0.10107142857142877,263.7964285714293,6.09,9.965850000000001,247.74057857142935,2.0000000000000013,2023-11
2023-11-30 13:00:00,2023-11-30 13:08:00,2023-11-30 15:53:00,CABA,SHORT,325,14.46,14.872917857142857,13.634164285714286,14.71,time_exit,0.41291785714285706,0.2752785714285714,-81.25,2.275,2.3497500000000002,-85.87475,-0.6054472958128996,2023-11
2023-11-30 14:04:00,2023-11-30 14:11:00,2023-11-30 15:53:00,CABA,SHORT,328,14.5,14.90635,13.6873,14.71,time_exit,0.4063500000000002,0.27090000000000014,-68.88000000000028,2.2960000000000003,2.378,-73.55400000000029,-0.5167958656330768,2023-11
2023-11-30 14:11:00,2023-11-30 14:13:00,2023-11-30 14:31:00,CABA,LONG,314,14.6,14.177857142857142,15.444285714285714,14.177857142857142,stop_hit,0.42214285714285726,0.28142857142857153,-132.55285714285714,2.198,2.2922,-137.04305714285715,-0.9999999999999998,2023-11
2023-11-30 14:15:00,2023-11-30 14:18:00,2023-11-30 15:53:00,CABA,SHORT,322,14.5,14.908214285714285,13.683571428571428,14.71,time_exit,0.40821428571428575,0.2721428571428572,-67.62000000000027,2.254,2.3345000000000002,-72.20850000000029,-0.5144356955380598,2023-11
2023-11-30 14:18:00,2023-11-30 14:19:00,2023-11-30 15:53:00,CABA,LONG,323,14.3,13.895000000000001,15.110000000000001,14.71,time_exit,0.40500000000000014,0.2700000000000001,132.43000000000004,2.261,2.3094500000000004,127.85955000000004,1.0123456790123457,2023-11
2023-11-30 14:28:00,2023-11-30 14:30:00,2023-11-30 15:17:00,CABA,SHORT,483,14.3575,14.630714285714285,13.811071428571429,14.630714285714285,stop_hit,0.27321428571428563,0.18214285714285708,-131.96249999999986,3.3810000000000002,3.46733625,-138.81083624999985,-0.9999999999999992,2023-11
2023-11-15 12:28:00,2023-11-15 12:59:00,2023-11-15 13:46:00,CDLX,SHORT,992,8.79,8.921753571428571,8.526492857142856,8.526492857142856,target_hit,0.13175357142857202,0.08783571428571468,261.39908571428646,6.944,4.359839999999999,250.09524571428648,1.9999999999999967,2023-11
2023-11-15 13:28:00,2023-11-15 13:34:00,2023-11-15 13:46:00,CDLX,SHORT,954,8.84,8.979564285714286,8.560871428571428,8.560871428571428,target_hit,0.13956428571428628,0.09304285714285752,266.28865714285774,6.678,4.21668,255.39397714285775,1.9999999999999964,2023-11
2023-11-15 14:46:00,2023-11-15 14:47:00,2023-11-15 15:17:00,CDLX,SHORT,1013,8.96,9.093939285714287,8.69212142857143,9.093939285714287,stop_hit,0.13393928571428587,0.08929285714285726,-135.68049642857153,7.091,4.538240000000001,-147.30973642857154,-0.9999999999999996,2023-11
2023-11-16 14:25:00,2023-11-16 14:30:00,2023-11-16 14:31:00,CDLX,LONG,661,7.63,7.427124999999999,8.03575,7.427124999999999,stop_hit,0.20287500000000036,0.13525000000000023,-134.10037500000038,4.627,2.5217150000000004,-141.2490900000004,-1.000000000000001,2023-11
2023-11-16 14:30:00,2023-11-16 14:31:00,2023-11-16 14:53:00,CDLX,LONG,562,7.25,7.013910714285714,7.722178571428572,7.013910714285714,stop_hit,0.23608928571428592,0.15739285714285728,-132.6821785714286,3.934,2.0372500000000002,-138.6534285714286,-0.9999999999999994,2023-11
2023-11-16 14:31:00,2023-11-16 14:32:00,2023-11-16 14:36:00,CDLX,LONG,480,7.5003,7.226614285714286,8.047671428571428,7.226614285714286,stop_hit,0.2736857142857144,0.18245714285714293,-131.36914285714298,3.36,1.8000720000000001,-136.529214857143,-1.0000000000000004,2023-11
2023-11-16 14:32:00,2023-11-16 14:33:00,2023-11-16 14:53:00,CDLX,LONG,415,7.37,7.0566821428571425,7.9966357142857145,7.0566821428571425,stop_hit,0.3133178571428573,0.20887857142857152,-130.02691071428592,2.9050000000000002,1.5292750000000002,-134.46118571428593,-1.000000000000001,2023-11
2023-11-16 14:33:00,2023-11-16 14:34:00,2023-11-16 15:01:00,CDLX,LONG,396,7.305,6.9800249999999995,7.95495,6.9800249999999995,stop_hit,0.324975,0.21665,-128.6901000000001,2.7720000000000002,1.4463899999999998,-132.90849000000009,-1.0000000000000007,2023-11
2023-11-16 14:34:00,2023-11-16 14:35:00,2023-11-16 15:02:00,CDLX,LONG,379,7.261,6.925225,7.93255,6.925225,stop_hit,0.33577500000000005,0.22385000000000005,-127.25872499999997,2.653,1.3759595,-131.28768449999995,-0.9999999999999997,2023-11
2023-11-16 14:35:00,2023-11-16 14:36:00,2023-11-20 14:41:00,CDLX,LONG,368,7.24,6.897817857142857,7.924364285714286,7.924364285714286,target_hit,0.3421821428571428,0.22812142857142856,251.8460571428571,2.576,1.33216,247.9378971428571,1.9999999999999998,2023-11
2023-11-16 14:36:00,2023-11-16 14:37:00,2023-11-16 15:01:00,CDLX,LONG,342,7.3429,6.967503571428572,8.093692857142857,6.967503571428572,stop_hit,0.3753964285714285,0.25026428571428566,-128.3855785714285,2.394,1.2556359,-132.0352144714285,-0.9999999999999997,2023-11
2023-11-16 14:37:00,2023-11-16 14:38:00,2023-11-20 14:51:00,CDLX,LONG,319,7.25,6.851364285714286,8.047271428571428,8.047271428571428,target_hit,0.3986357142857142,0.2657571428571428,254.32958571428537,2.233,1.156375,250.94021071428537,1.9999999999999978,2023-11
2023-11-16 14:39:00,2023-11-16 14:40:00,2023-11-20 14:51:00,CDLX,LONG,328,7.25,6.8543,8.0414,8.0414,target_hit,0.3956999999999999,0.2637999999999999,259.5791999999998,2.2960000000000003,1.189,256.0941999999998,1.9999999999999991,2023-11
2023-11-16 14:41:00,2023-11-16 14:42:00,2023-11-20 14:30:00,CDLX,SHORT,327,7.2974,7.7010821428571425,6.490035714285715,7.7010821428571425,stop_hit,0.4036821428571426,0.2691214285714284,-132.0040607142857,2.289,1.1931249000000002,-135.4861856142857,-1.0000000000000007,2023-11
2023-11-16 14:46:00,2023-11-16 14:47:00,2023-11-20 14:30:00,CDLX,SHORT,801,7.1726,7.336014285714286,6.845771428571429,7.336014285714286,stop_hit,0.1634142857142855,0.10894285714285701,-130.8948428571427,5.607,2.8726263,-139.3744691571427,-1.0,2023-11
2023-11-20 14:30:00,2023-11-20 14:32:00,2023-11-20 14:42:00,CDLX,SHORT,1173,7.9166,8.027085714285715,7.695628571428571,8.027085714285715,stop_hit,0.1104857142857143,0.07365714285714287,-129.59974285714338,8.211,4.6430859,-142.45382875714338,-1.000000000000004,2023-11
2023-11-20 14:32:00,2023-11-20 14:34:00,2023-11-20 14:38:00,CDLX,SHORT,1176,7.78,7.888921428571429,7.562157142857143,7.888921428571429,stop_hit,0.10892142857142861,0.07261428571428574,-128.09160000000006,8.232,4.5746400000000005,-140.89824000000004,-1.0,2023-11
2023-11-20 14:34:00,2023-11-20 14:35:00,2023-11-20 14:38:00,CDLX,SHORT,1063,7.77,7.889271428571428,7.531457142857143,7.889271428571428,stop_hit,0.11927142857142858,0.07951428571428572,-126.78552857142847,7.441,4.129755,-138.35628357142846,-0.9999999999999991,2023-11
2023-11-20 14:36:00,2023-11-20 14:37:00,2023-11-20 14:41:00,CDLX,SHORT,964,7.82,7.949985714285715,7.560028571428571,7.949985714285715,stop_hit,0.12998571428571454,0.08665714285714302,-125.30622857142887,6.748,3.7692400000000004,-135.82346857142886,-1.0000000000000004,2023-11
2023-11-20 14:41:00,2023-11-20 14:42:00,2023-11-20 14:53:00,CDLX,SHORT,916,7.98,8.115342857142858,7.709314285714286,8.115342857142858,stop_hit,0.13534285714285738,0.09022857142857157,-123.97405714285762,6.412,3.65484,-134.04089714285763,-1.000000000000002,2023-11
2023-11-20 14:42:00,2023-11-20 14:43:00,2023-11-20 14:57:00,CDLX,SHORT,835,8.005,8.15179642857143,7.711407142857143,8.15179642857143,stop_hit,0.14679642857142874,0.09786428571428583,-122.57501785714335,5.845,3.3420875000000008,-131.76210535714335,-1.0000000000000029,2023-11
2023-11-20 14:44:00,2023-11-20 14:45:00,2023-11-20 15:00:00,CDLX,LONG,817,7.9128,7.764396428571429,8.209607142857143,8.209607142857143,target_hit,0.14840357142857138,0.09893571428571425,242.49143571428604,5.719,3.2323788,233.54005691428605,2.0000000000000036,2023-11
2023-11-20 14:45:00,2023-11-20 14:46:00,2023-11-20 14:51:00,CDLX,SHORT,793,7.91,8.06590357142857,7.598192857142857,8.06590357142857,stop_hit,0.1559035714285713,0.10393571428571421,-123.63153214285647,5.551,3.136315,-132.31884714285647,-0.9999999999999953,2023-11
2023-11-29 12:46:00,2023-11-29 14:30:00,2023-11-29 14:31:00,CDLX,SHORT,2459,7.86,7.909767857142858,7.760464285714286,7.909767857142858,stop_hit,0.04976785714285725,0.0331785714285715,-122.37916071428599,17.213,9.663870000000001,-149.256030714286,-1.0,2023-11
2023-11-15 13:23:00,2023-11-15 13:33:00,2023-11-15 14:16:00,CHGG,SHORT,1525,9.42,9.499275,9.26145,9.26145,target_hit,0.07927500000000023,0.05285000000000016,241.78874999999996,10.675,7.18275,223.93099999999995,1.9999999999999938,2023-11
2023-11-30 14:32:00,2023-11-30 14:33:00,2023-11-30 15:53:00,CLDX,SHORT,283,30.0,30.433928571428574,29.132142857142856,29.935,time_exit,0.43392857142857233,0.28928571428571487,18.395000000000362,1.981,4.245,12.16900000000036,0.14979423868313022,2023-11
2023-11-30 14:38:00,2023-11-30 14:39:00,2023-11-30 15:53:00,CLDX,LONG,237,30.0,29.480410714285714,31.03917857142857,29.935,time_exit,0.5195892857142863,0.34639285714285756,-15.405000000000303,1.659,3.555,-20.6190000000003,-0.12509880743719515,2023-11
2023-11-07 15:22:00,2023-11-07 15:23:00,2023-11-07 15:24:00,CNK,SHORT,3849,15.455,15.48697142857143,15.391057142857143,15.48697142857143,stop_hit,0.031971428571428664,0.02131428571428578,-123.05802857143186,26.943,29.7431475,-179.74417607143187,-1.000000000000024,2023-11
2023-11-09 14:32:00,2023-11-09 14:33:00,2023-11-09 14:53:00,COIN,SHORT,85,95.75,97.16347142857143,92.92305714285713,97.16347142857143,stop_hit,1.4134714285714323,0.9423142857142882,-120.14507142857127,0.7,4.069375,-124.91444642857127,-0.9999999999999961,2023-11
2023-11-09 14:33:00,2023-11-09 14:34:00,2023-11-09 14:53:00,COIN,SHORT,78,95.7,97.23347142857143,92.63305714285714,97.23347142857143,stop_hit,1.533471428571433,1.0223142857142886,-119.61077142857164,0.7,3.7323000000000004,-124.04307142857164,-0.9999999999999989,2023-11
2023-11-09 14:35:00,2023-11-09 14:36:00,2023-11-09 14:43:00,COIN,SHORT,71,94.73,96.3918392857143,91.40632142857143,96.3918392857143,stop_hit,1.6618392857142896,1.1078928571428597,-117.99058928571485,0.7,3.362915,-122.05350428571485,-1.0000000000000024,2023-11
2023-11-09 14:37:00,2023-11-09 14:38:00,2023-11-09 14:57:00,COIN,LONG,65,94.4201,92.63591428571429,97.98847142857144,97.98847142857144,target_hit,1.7841857142857158,1.1894571428571439,231.9441428571435,0.7,3.0686532500000006,228.1754896071435,2.000000000000004,2023-11
2023-11-09 14:44:00,2023-11-09 14:45:00,2023-11-09 14:59:00,COIN,LONG,92,95.84,94.54592857142858,98.42814285714286,98.42814285714286,target_hit,1.2940714285714288,0.8627142857142859,238.10914285714273,0.7,4.40864,233.00050285714275,1.9999999999999987,2023-11
2023-11-09 14:48:00,2023-11-09 14:49:00,2023-11-09 15:16:00,COIN,LONG,100,96.4201,95.20144642857143,98.85740714285714,98.85740714285714,target_hit,1.2186535714285698,0.8124357142857132,243.73071428571365,0.7000000000000001,4.821005,238.20970928571364,1.9999999999999976,2023-11
2023-11-09 14:49:00,2023-11-09 14:50:00,2023-11-09 15:16:00,COIN,LONG,107,96.5,95.33706071428571,98.82587857142858,98.82587857142858,target_hit,1.162939285714286,0.7752928571428573,248.86900714285753,0.749,5.16275,242.95725714285754,2.0000000000000027,2023-11
2023-11-30 14:40:00,2023-11-30 14:41:00,2023-11-30 14:59:00,CRM,LONG,36,251.045,247.57375357142857,257.98749285714285,247.57375357142857,stop_hit,3.4712464285714297,2.3141642857142863,-124.96487142857109,0.7,4.518809999999999,-130.18368142857108,-0.9999999999999969,2023-11
2023-11-16 14:32:00,2023-11-16 14:33:00,2023-11-16 15:53:00,CSCO,LONG,150,46.67,45.834853571428575,48.340292857142856,47.29,time_exit,0.8351464285714277,0.5567642857142852,92.99999999999962,1.05,3.50025,88.44974999999963,0.7423847828225139,2023-11
2023-11-16 14:34:00,2023-11-16 14:35:00,2023-11-16 15:53:00,CSCO,LONG,138,46.515,45.601907142857144,48.341185714285714,47.29,time_exit,0.913092857142856,0.6087285714285707,106.9499999999998,0.966,3.209535,102.77446499999981,0.8487636212871476,2023-11
2023-11-21 14:31:00,2023-11-21 14:32:00,2023-11-21 14:35:00,CYTK,SHORT,378,31.85,32.18669642857143,31.176607142857144,32.18669642857143,stop_hit,0.3366964285714291,0.2244642857142861,-127.27125000000012,2.646,6.01965,-135.93690000000012,-0.9999999999999993,2023-11
2023-11-22 14:32:00,2023-11-22 14:33:00,2023-11-22 14:37:00,CYTK,LONG,570,32.02,31.798750000000005,32.4625,32.4625,target_hit,0.22124999999999823,0.14749999999999883,252.2249999999974,3.99,9.1257,239.1092999999974,1.9999999999999956,2023-11
2023-11-07 14:31:00,2023-11-07 14:32:00,2023-11-07 14:45:00,DDOG,SHORT,56,98.35,100.63008571428571,93.78982857142857,100.63008571428571,stop_hit,2.2800857142857143,1.5200571428571428,-127.68480000000022,0.7,2.7537999999999996,-131.13860000000022,-1.0000000000000018,2023-11
2023-11-07 14:32:00,2023-11-07 14:33:00,2023-11-07 14:39:00,DDOG,SHORT,52,97.13,99.53544285714285,92.31911428571428,99.53544285714285,stop_hit,2.4054428571428557,1.6036285714285705,-125.08302857142866,0.7,2.52538,-128.30840857142866,-1.0000000000000013,2023-11
2023-11-07 14:35:00,2023-11-07 14:36:00,2023-11-07 14:39:00,DDOG,SHORT,45,97.245,100.020075,91.69485000000002,100.020075,stop_hit,2.7750749999999957,1.850049999999997,-124.87837500000005,0.7,2.1880125,-127.76638750000005,-1.000000000000002,2023-11
2023-11-07 14:39:00,2023-11-07 14:40:00,2023-11-14 14:31:00,DDOG,SHORT,38,100.445,103.68788214285713,93.95923571428571,103.68788214285713,stop_hit,3.242882142857142,2.161921428571428,-123.22952142857136,0.7,1.908455,-125.83797642857137,-0.9999999999999998,2023-11
2023-11-07 14:43:00,2023-11-07 14:44:00,2023-11-14 14:34:00,DDOG,LONG,34,99.9,96.31451785714286,107.0709642857143,107.0709642857143,target_hit,3.585482142857142,2.390321428571428,243.8127857142859,0.7,1.6983000000000001,241.41448571428592,2.0000000000000018,2023-11
2023-11-07 14:45:00,2023-11-07 14:46:00,2023-11-07 14:57:00,DDOG,SHORT,74,100.925,102.617075,97.54085,102.617075,stop_hit,1.692074999999998,1.1280499999999987,-125.2135500000002,0.7,3.734225,-129.6477750000002,-1.0000000000000027,2023-11
2023-11-07 14:48:00,2023-11-07 14:49:00,2023-11-14 14:31:00,DDOG,LONG,84,100.8,99.31827857142856,103.76344285714285,103.76344285714285,target_hit,1.4817214285714277,0.9878142857142852,248.92919999999953,0.7,4.233599999999999,243.99559999999954,1.9999999999999973,2023-11
2023-11-16 14:31:00,2023-11-16 14:32:00,2023-11-16 14:47:00,DG,LONG,131,119.59,118.62688214285714,121.51623571428571,118.62688214285714,stop_hit,0.9631178571428549,0.6420785714285699,-126.16843928571492,0.917,7.833145000000001,-134.91858428571493,-1.0000000000000073,2023-11
2023-11-16 14:32:00,2023-11-16 14:33:00,2023-11-16 14:35:00,DG,LONG,133,120.535,119.59116785714285,122.42266428571428,119.59116785714285,stop_hit,0.9438321428571415,0.6292214285714276,-125.52967500000055,0.931,8.0155775,-134.47625250000056,-1.0000000000000058,2023-11
2023-11-16 14:35:00,2023-11-16 14:36:00,2023-11-16 15:01:00,DLTR,LONG,111,114.47,113.35171785714286,116.70656428571428,113.35171785714286,stop_hit,1.1182821428571406,0.7455214285714271,-124.12931785714255,0.777,6.353085,-131.25940285714256,-0.9999999999999996,2023-11
2023-11-16 14:39:00,2023-11-16 14:40:00,2023-11-16 15:53:00,DLTR,SHORT,104,114.025,115.19712142857144,111.68075714285715,113.07,time_exit,1.1721214285714276,0.7814142857142851,99.3200000000013,0.728,5.9293000000000005,92.66270000000131,0.8147620005240915,2023-11
2023-11-08 14:31:00,2023-11-08 14:32:00,2023-11-08 15:22:00,DVA,SHORT,95,87.7,89.00392857142857,85.09214285714285,85.09214285714285,target_hit,1.3039285714285747,0.8692857142857164,247.74642857142987,0.7,4.16575,242.88067857142988,2.0000000000000053,2023-11
2023-11-08 14:32:00,2023-11-08 14:33:00,2023-11-08 15:33:00,DVA,SHORT,85,86.735,88.21839285714286,83.76821428571428,83.76821428571428,target_hit,1.48339285714286,0.9889285714285734,252.1767857142862,0.7,3.6862375000000003,247.79054821428622,2.0,2023-11
2023-11-08 14:33:00,2023-11-08 14:34:00,2023-11-08 15:41:00,DVA,SHORT,79,86.83,88.46017857142857,83.56964285714285,83.56964285714285,target_hit,1.6301785714285733,1.0867857142857156,257.5682142857145,0.7,3.429785,253.43842928571448,1.9999999999999996,2023-11
2023-11-08 14:34:00,2023-11-08 14:35:00,2023-11-13 14:34:00,DVA,SHORT,77,86.0,87.70581071428572,82.58837857142856,87.70581071428572,stop_hit,1.7058107142857164,1.1372071428571442,-131.3474250000003,0.7,3.311,-135.3584250000003,-1.000000000000001,2023-11
2023-11-08 14:42:00,2023-11-08 14:43:00,2023-11-08 15:31:00,DVA,LONG,59,86.06,83.87107142857143,90.43785714285714,83.87107142857143,stop_hit,2.1889285714285722,1.4592857142857147,-129.146785714286,0.7,2.53877,-132.385555714286,-1.0000000000000018,2023-11
2023-11-13 14:35:00,2023-11-13 14:36:00,2023-11-13 14:38:00,DVA,SHORT,190,88.83,89.50706785714286,87.47586428571428,89.50706785714286,stop_hit,0.677067857142857,0.4513785714285713,-128.6428928571432,1.33,8.43885,-138.41174285714322,-1.0000000000000029,2023-11
2023-11-13 14:37:00,2023-11-13 14:38:00,2023-11-13 14:41:00,DVA,SHORT,162,89.75,90.53313928571428,88.18372142857143,90.53313928571428,stop_hit,0.7831392857142836,0.5220928571428557,-126.86856428571409,1.1340000000000001,7.26975,-135.27231428571406,-1.000000000000001,2023-11
2023-11-13 14:35:00,2023-11-13 14:36:00,2023-11-13 14:48:00,DXCM,SHORT,104,100.3163,101.52366071428571,97.90157857142857,97.90157857142857,target_hit,1.2073607142857123,0.8049071428571415,251.13102857142826,0.728,5.2164475999999995,245.18658097142824,2.000000000000001,2023-11
2023-11-13 14:46:00,2023-11-13 14:47:00,2023-11-13 14:52:00,DXCM,LONG,123,98.07,97.03277142857142,100.14445714285714,97.03277142857142,stop_hit,1.037228571428569,0.6914857142857126,-127.57911428571423,0.861,6.031305,-134.47141928571423,-1.000000000000002,2023-11
2023-11-13 14:47:00,2023-11-13 14:48:00,2023-11-13 14:53:00,DXCM,SHORT,124,98.07,99.09222857142856,96.02554285714285,96.02554285714285,target_hit,1.0222285714285673,0.6814857142857116,253.51268571428545,0.868,6.08034,246.56434571428545,2.000000000000006,2023-11
2023-11-08 14:39:00,2023-11-08 14:40:00,2023-11-08 14:45:00,EBAY,SHORT,179,38.06,38.779828571428574,36.62034285714286,38.779828571428574,stop_hit,0.7198285714285717,0.47988571428571447,-128.84931428571434,1.2530000000000001,3.4063700000000003,-133.50868428571434,-1.0,2023-11
2023-11-16 14:46:00,2023-11-16 14:47:00,2023-11-16 15:01:00,EDIT,SHORT,2364,8.645,8.699224999999998,8.53655,8.53655,target_hit,0.05422499999999962,0.036149999999999745,256.3757999999988,16.548000000000002,10.21839,229.60940999999877,2.0000000000000044,2023-11
2023-11-07 14:33:00,2023-11-07 14:34:00,2023-11-07 14:40:00,EMR,LONG,133,84.15,83.17101428571429,86.10797142857143,83.17101428571429,stop_hit,0.9789857142857166,0.6526571428571444,-130.20509999999985,0.931,5.595975,-136.73207499999987,-0.9999999999999963,2023-11
2023-11-14 14:31:00,2023-11-14 14:32:00,2023-11-14 14:34:00,ENPH,SHORT,127,84.45,85.46131071428572,82.42737857142858,85.46131071428572,stop_hit,1.0113107142857116,0.6742071428571411,-128.43646071428557,0.889,5.362575,-134.68803571428558,-1.0000000000000016,2023-11
2023-11-14 14:32:00,2023-11-14 14:33:00,2023-11-14 14:35:00,ENPH,SHORT,115,85.005,86.11006071428571,82.79487857142857,86.11006071428571,stop_hit,1.1050607142857116,0.7367071428571411,-127.08198214285702,0.805,4.8877875,-132.77476964285702,-1.0000000000000013,2023-11
2023-11-14 14:33:00,2023-11-14 14:34:00,2023-11-14 14:40:00,ENPH,SHORT,105,85.46,86.6625607142857,83.05487857142857,86.6625607142857,stop_hit,1.2025607142857129,0.8017071428571418,-126.26887499999953,0.735,4.48665,-131.49052499999954,-0.9999999999999974,2023-11
2023-11-14 14:34:00,2023-11-14 14:35:00,2023-11-14 14:42:00,ENPH,SHORT,96,85.87,87.1614892857143,83.28702142857144,87.1614892857143,stop_hit,1.2914892857142855,0.860992857142857,-123.982971428572,0.7,4.12176,-128.804731428572,-1.0000000000000049,2023-11
2023-11-14 14:35:00,2023-11-14 14:36:00,2023-11-14 14:40:00,ENPH,SHORT,89,85.3,86.68672857142857,82.52654285714286,86.68672857142857,stop_hit,1.386728571428572,0.9244857142857147,-123.41884285714336,0.7,3.79585,-127.91469285714336,-1.0000000000000038,2023-11
2023-11-14 14:40:00,2023-11-14 14:41:00,2023-11-29 14:31:00,ENPH,SHORT,72,86.4701,88.17252500000001,83.06524999999999,88.17252500000001,stop_hit,1.702425000000002,1.1349500000000015,-122.57460000000037,0.7,3.1129236000000002,-126.38752360000038,-1.0000000000000018,2023-11
2023-11-14 14:41:00,2023-11-14 14:42:00,2023-11-29 14:31:00,ENPH,SHORT,68,86.21,87.9759607142857,82.67807857142856,87.9759607142857,stop_hit,1.7659607142857165,1.1773071428571444,-120.08532857142836,0.7,2.93114,-123.71646857142836,-0.999999999999997,2023-11
2023-11-14 14:42:00,2023-11-14 14:43:00,2023-11-14 15:51:00,ENPH,SHORT,64,85.69,87.55175714285714,81.96648571428571,87.55175714285714,stop_hit,1.8617571428571462,1.2411714285714308,-119.1524571428572,0.7,2.74208,-122.5945371428572,-0.9999999999999987,2023-11
2023-11-14 14:45:00,2023-11-14 14:46:00,2023-11-29 14:31:00,ENPH,SHORT,92,86.6,87.87833214285715,84.0433357142857,87.87833214285715,stop_hit,1.2783321428571475,0.8522214285714317,-117.60655714285804,0.7,3.9836,-122.29015714285804,-1.000000000000004,2023-11
2023-11-14 14:46:00,2023-11-14 14:47:00,2023-11-29 14:31:00,ENPH,LONG,96,86.5289,85.31003214285712,88.96663571428572,88.96663571428572,target_hit,1.2188678571428626,0.812578571428575,234.02262857142932,0.7,4.153387199999999,229.16924137142934,1.9999999999999976,2023-11
2023-11-14 14:47:00,2023-11-14 14:48:00,2023-11-14 15:17:00,ENPH,LONG,103,86.86,85.70113214285713,89.17773571428572,85.70113214285713,stop_hit,1.1588678571428623,0.7725785714285749,-119.36338928571519,0.721,4.47329,-124.5576792857152,-1.000000000000003,2023-11
2023-11-29 14:31:00,2023-11-29 14:32:00,2023-11-29 14:33:00,ENPH,SHORT,192,101.59,102.20562142857143,100.35875714285716,102.20562142857143,stop_hit,0.6156214285714243,0.41041428571428284,-118.19931428571454,1.344,9.75264,-129.29595428571452,-1.000000000000009,2023-11
2023-11-21 14:38:00,2023-11-21 14:39:00,2023-11-22 14:23:00,EXPI,SHORT,976,12.455,12.575278571428571,12.214442857142858,12.575278571428571,stop_hit,0.12027857142857108,0.08018571428571405,-117.39188571428531,6.832,6.07804,-130.3019257142853,-0.9999999999999994,2023-11
2023-11-08 14:32:00,2023-11-08 14:33:00,2023-11-08 14:34:00,EXR,SHORT,88,115.88,117.19344285714286,113.25311428571428,117.19344285714286,stop_hit,1.313442857142858,0.875628571428572,-115.58297142857168,0.7,5.098719999999999,-121.38169142857168,-1.0000000000000016,2023-11
2023-11-08 14:33:00,2023-11-08 14:34:00,2023-11-08 14:37:00,EXR,SHORT,78,115.865,117.32737142857142,112.94025714285713,117.32737142857142,stop_hit,1.462371428571428,0.9749142857142853,-114.06497142857154,0.7,4.5187349999999995,-119.28370642857155,-1.0000000000000013,2023-11
2023-11-08 14:34:00,2023-11-08 14:35:00,2023-11-08 15:53:00,EXR,SHORT,69,116.24,117.88397857142857,112.95204285714284,114.7,time_exit,1.643978571428573,1.0959857142857155,106.25999999999945,0.7,4.01028,101.54971999999945,0.9367518693761158,2023-11
2023-11-08 14:35:00,2023-11-08 14:36:00,2023-11-08 15:53:00,EXR,SHORT,66,116.94,118.67290714285714,113.47418571428571,114.7,time_exit,1.7329071428571456,1.1552714285714305,147.83999999999966,0.7,3.85902,143.2809799999997,1.2926255219346465,2023-11
2023-11-08 14:36:00,2023-11-08 14:37:00,2023-11-08 15:53:00,EXR,SHORT,63,116.71,118.53237142857142,113.06525714285713,114.7,time_exit,1.8223714285714312,1.2149142857142874,126.62999999999943,0.7,3.6763649999999997,122.25363499999942,1.102958468557446,2023-11
2023-11-08 14:37:00,2023-11-08 14:38:00,2023-11-08 15:53:00,EXR,SHORT,61,116.47,118.37755,112.6549,114.7,time_exit,1.9075500000000023,1.2717000000000016,107.96999999999976,0.7,3.5523350000000002,103.71766499999976,0.9278917983801179,2023-11
2023-11-13 15:13:00,2023-11-13 15:14:00,2023-11-13 15:17:00,EYE,SHORT,2188,17.67,17.724107142857147,17.561785714285712,17.724107142857147,stop_hit,0.054107142857144276,0.03607142857142952,-118.38642857143306,15.316,19.330980000000004,-153.03340857143306,-1.0000000000000118,2023-11
2023-11-17 13:28:00,2023-11-17 13:30:00,2023-11-17 14:28:00,FLNC,SHORT,561,19.27,19.478125,18.85375,18.85375,target_hit,0.2081249999999995,0.13874999999999968,233.51624999999888,3.927,5.405234999999999,224.18401499999888,1.9999999999999951,2023-11
2023-11-17 14:28:00,2023-11-17 14:30:00,2023-11-17 15:53:00,FLNC,LONG,386,18.6,18.291964285714286,19.21607142857143,18.77,time_exit,0.3080357142857139,0.2053571428571426,65.6199999999993,2.702,3.5898000000000003,59.3281999999993,0.5518840579710091,2023-11
2023-11-17 14:33:00,2023-11-17 14:34:00,2023-11-17 15:53:00,FLNC,LONG,308,18.58,18.19222857142857,19.355542857142854,18.77,time_exit,0.38777142857142843,0.25851428571428564,58.520000000000394,2.156,2.8613199999999996,53.502680000000396,0.4899793692897176,2023-11
2023-11-03 10:31:00,2023-11-03 11:00:00,2023-11-03 12:00:00,FLR,SHORT,303,35.5,35.895892857142854,34.708214285714284,35.895892857142854,stop_hit,0.39589285714285716,0.26392857142857146,-119.95553571428488,2.121,5.37825,-127.45478571428487,-0.999999999999993,2023-11
2023-11-03 12:00:00,2023-11-03 12:01:00,2023-11-03 13:30:00,FLR,SHORT,163,36.8797,37.608807142857145,35.421485714285716,35.421485714285716,target_hit,0.7291071428571428,0.48607142857142854,237.6889285714283,1.141,3.00569555,233.5422330214283,1.9999999999999978,2023-11
2023-11-03 12:03:00,2023-11-03 12:04:00,2023-11-03 13:31:00,FLR,SHORT,164,36.36,37.09871785714286,34.88256428571429,37.09871785714286,stop_hit,0.7387178571428572,0.49247857142857143,-121.14972857142891,1.1480000000000001,2.98152,-125.27924857142891,-1.0000000000000027,2023-11
2023-11-03 12:04:00,2023-11-03 12:08:00,2023-11-03 13:31:00,FLR,SHORT,152,36.43,37.21850714285714,34.852985714285715,37.21850714285714,stop_hit,0.7885071428571431,0.5256714285714287,-119.85308571428561,1.064,2.76868,-123.68576571428561,-0.9999999999999989,2023-11
2023-11-03 12:08:00,2023-11-03 12:10:00,2023-11-03 13:30:00,FLR,SHORT,149,36.8799,37.673228571428574,35.29324285714286,35.29324285714286,target_hit,0.7933285714285718,0.5288857142857145,236.41191428571415,1.043,2.74755255,232.62136173571415,1.9999999999999978,2023-11
2023-11-14 14:33:00,2023-11-14 14:34:00,2023-11-14 14:40:00,FSLR,SHORT,72,142.78,144.44234285714285,139.45531428571428,144.44234285714285,stop_hit,1.6623428571428533,1.108228571428569,-119.68868571428493,0.7,5.14008,-125.52876571428493,-0.9999999999999958,2023-11
2023-11-14 14:34:00,2023-11-14 14:35:00,2023-11-14 14:40:00,FSLR,SHORT,66,142.755,144.5551607142857,139.15467857142858,144.5551607142857,stop_hit,1.8001607142857086,1.200107142857139,-118.81060714285684,0.7,4.710915,-124.22152214285684,-1.0000000000000007,2023-11
2023-11-14 14:49:00,2023-11-14 14:50:00,2023-11-14 15:07:00,FSLR,SHORT,86,145.35,146.7151392857143,142.6197214285714,142.6197214285714,target_hit,1.3651392857142883,0.9100928571428588,234.80395714285828,0.7,6.25005,227.8539071428583,2.0000000000000058,2023-11
2023-11-03 13:25:00,2023-11-03 13:30:00,2023-11-03 13:40:00,FSLY,SHORT,314,16.8298,17.213832142857143,16.06173571428571,17.213832142857143,stop_hit,0.3840321428571437,0.2560214285714291,-120.5860928571433,2.198,2.6422785999999996,-125.42637145714329,-1.0000000000000016,2023-11
2023-11-07 14:37:00,2023-11-07 14:38:00,2023-11-07 14:39:00,GH,LONG,149,27.515,26.7128,29.1194,26.7128,stop_hit,0.8022,0.5348,-119.52779999999987,1.043,2.0498675,-122.62066749999988,-0.9999999999999989,2023-11
2023-11-15 14:36:00,2023-11-15 14:37:00,2023-11-15 14:48:00,GH,SHORT,193,23.02,23.631721428571428,21.796557142857143,21.796557142857143,target_hit,0.6117214285714284,0.40781428571428563,236.12447142857133,1.351,2.22143,232.55204142857133,1.9999999999999996,2023-11
2023-11-15 14:37:00,2023-11-15 14:38:00,2023-11-15 14:44:00,GH,LONG,193,22.8,22.17435,24.0513,22.17435,stop_hit,0.6256500000000002,0.4171000000000001,-120.75045000000006,1.351,2.2002,-124.30165000000005,-1.0000000000000002,2023-11
2023-11-15 14:39:00,2023-11-15 14:40:00,2023-11-15 14:57:00,GH,SHORT,224,22.56,23.091932142857143,21.496135714285714,21.496135714285714,target_hit,0.5319321428571433,0.35462142857142886,238.3055999999998,1.568,2.5267199999999996,234.21087999999978,1.9999999999999967,2023-11
2023-11-15 14:41:00,2023-11-15 14:42:00,2023-11-15 14:44:00,GH,LONG,266,22.56,22.101996428571425,23.476007142857142,22.101996428571425,stop_hit,0.45800357142857173,0.3053357142857145,-121.82895000000056,1.862,3.00048,-126.69143000000055,-1.0000000000000038,2023-11
2023-11-15 14:42:00,2023-11-15 14:43:00,2023-11-15 14:57:00,GH,SHORT,259,22.34,22.80550357142857,21.408992857142856,21.408992857142856,target_hit,0.4655035714285714,0.31033571428571427,241.1308500000003,1.813,2.8930300000000004,236.4248200000003,2.0000000000000027,2023-11
2023-11-15 14:43:00,2023-11-15 14:44:00,2023-11-15 15:53:00,GH,SHORT,249,22.08,22.573317857142854,21.093364285714284,22.573317857142854,stop_hit,0.4933178571428569,0.3288785714285713,-122.83614642857104,1.743,2.74896,-127.32810642857103,-0.9999999999999973,2023-11
2023-11-15 14:44:00,2023-11-15 14:45:00,2023-11-15 15:10:00,GH,SHORT,280,22.09,22.52445357142857,21.221092857142857,21.221092857142857,target_hit,0.43445357142857144,0.2896357142857143,243.29400000000007,1.96,3.0926,238.24140000000006,2.0000000000000004,2023-11
2023-11-07 14:35:00,2023-11-07 14:36:00,2023-11-07 14:39:00,HAL,LONG,374,38.51,38.17839285714285,39.17321428571429,38.17839285714285,stop_hit,0.3316071428571435,0.221071428571429,-124.02107142857214,2.618,7.20137,-133.84044142857215,-1.0000000000000038,2023-11
2023-11-10 14:31:00,2023-11-10 14:32:00,2023-11-10 14:34:00,HOLX,SHORT,223,71.18,71.72964285714286,70.0807142857143,71.72964285714286,stop_hit,0.5496428571428582,0.3664285714285721,-122.57035714285703,1.561,7.936570000000001,-132.06792714285703,-0.9999999999999972,2023-11
2023-11-10 14:35:00,2023-11-10 14:36:00,2023-11-10 15:53:00,HOLX,SHORT,139,71.76,72.62892857142857,70.02214285714285,71.6246,time_exit,0.8689285714285729,0.5792857142857153,18.82060000000058,0.973,4.98732,12.860280000000582,0.15582408549116772,2023-11
2023-11-07 14:31:00,2023-11-07 14:32:00,2023-11-07 14:41:00,IFF,SHORT,141,77.02,77.88196428571428,75.29607142857142,75.29607142857142,target_hit,0.8619642857142844,0.5746428571428562,243.07392857142878,0.987,5.42991,236.65701857142878,2.0000000000000044,2023-11
2023-11-07 14:41:00,2023-11-07 14:42:00,2023-11-07 15:42:00,IFF,SHORT,85,74.9,76.35054285714287,71.99891428571429,71.99891428571429,target_hit,1.4505428571428567,0.9670285714285711,246.59228571428565,0.7,3.1832500000000006,242.70903571428568,2.0,2023-11
2023-11-07 14:43:00,2023-11-07 14:44:00,2023-11-07 14:49:00,IFF,LONG,81,75.7875,74.23517142857142,78.89215714285714,74.23517142857142,stop_hit,1.5523285714285713,1.0348857142857142,-125.73861428571456,0.7,3.0693937499999997,-129.50800803571457,-1.0000000000000022,2023-11
2023-11-07 14:44:00,2023-11-07 14:45:00,2023-11-07 15:27:00,IFF,SHORT,120,74.85,75.89125714285714,72.76748571428571,72.76748571428571,target_hit,1.041257142857143,0.6941714285714288,249.90171428571387,0.84,4.491,244.57071428571385,1.9999999999999962,2023-11
2023-11-07 14:46:00,2023-11-07 14:47:00,2023-11-07 15:10:00,IFF,LONG,117,74.69,73.60695714285714,76.85608571428571,73.60695714285714,stop_hit,1.0830428571428574,0.7220285714285717,-126.71601428571427,0.8190000000000001,4.369365,-131.90437928571427,-0.9999999999999996,2023-11
2023-11-29 14:31:00,2023-11-29 14:32:00,2023-11-29 14:33:00,JBL,SHORT,81,118.27,119.81102499999999,115.18795,119.81102499999999,stop_hit,1.5410249999999945,1.0273499999999964,-124.82302499999923,0.7,4.789935,-130.31295999999924,-0.9999999999999974,2023-11
2023-11-02 13:33:00,2023-11-02 13:34:00,2023-11-02 13:38:00,MRNA,SHORT,56,66.62,68.815475,62.22905000000001,68.815475,stop_hit,2.1954749999999996,1.4636499999999997,-122.9466000000001,0.7,1.8653600000000001,-125.5119600000001,-1.000000000000001,2023-11
2023-11-02 13:40:00,2023-11-02 13:41:00,2023-11-02 13:57:00,MRNA,SHORT,40,70.03,73.05890714285714,63.972185714285715,73.05890714285714,stop_hit,3.0289071428571424,2.0192714285714284,-121.15628571428545,0.7,1.4005999999999998,-123.25688571428545,-0.999999999999998,2023-11
2023-11-02 13:54:00,2023-11-02 13:55:00,2023-11-02 13:57:00,MRNA,SHORT,83,71.82,73.28680714285714,68.88638571428571,73.28680714285714,stop_hit,1.4668071428571432,0.9778714285714288,-121.7449928571434,0.7,2.98053,-125.4255228571434,-1.0000000000000042,2023-11
2023-11-02 13:56:00,2023-11-02 13:57:00,2023-11-02 14:14:00,MRNA,SHORT,83,72.75,74.20930714285714,69.83138571428572,69.83138571428572,target_hit,1.4593071428571425,0.9728714285714284,242.24498571428558,0.7,3.0191250000000003,238.52586071428559,1.9999999999999993,2023-11
2023-11-14 14:31:00,2023-11-14 14:32:00,2023-11-14 14:41:00,MRNA,SHORT,140,73.665,74.54508214285715,71.90483571428572,74.54508214285715,stop_hit,0.880082142857143,0.5867214285714287,-123.21150000000074,0.98,5.15655,-129.34805000000074,-1.0000000000000058,2023-11
2023-11-14 14:33:00,2023-11-14 14:34:00,2023-11-14 14:42:00,MRNA,SHORT,127,73.7376,74.69964642857143,71.81350714285715,74.69964642857143,stop_hit,0.962046428571429,0.6413642857142859,-122.17989642857114,0.889,4.6823376,-127.75123402857113,-0.9999999999999972,2023-11
2023-11-14 14:36:00,2023-11-14 14:37:00,2023-11-21 14:31:00,MRNA,SHORT,109,74.0,75.10882142857143,71.78235714285714,75.10882142857143,stop_hit,1.1088214285714288,0.7392142857142859,-120.86153571428603,0.763,4.033,-125.65753571428604,-1.0000000000000024,2023-11
2023-11-29 14:31:00,2023-11-29 14:32:00,2023-11-29 14:39:00,NTAP,SHORT,100,89.1221,90.31211428571429,86.74207142857144,90.31211428571429,stop_hit,1.1900142857142848,0.7933428571428566,-119.00142857142839,0.7000000000000001,4.456105000000001,-124.15753357142839,-0.9999999999999992,2023-11
2023-11-29 14:32:00,2023-11-29 14:33:00,2023-11-29 14:39:00,NTAP,SHORT,90,89.135,90.45037142857143,86.50425714285714,90.45037142857143,stop_hit,1.315371428571428,0.8769142857142853,-118.3834285714282,0.7,4.011075,-123.0945035714282,-0.9999999999999973,2023-11
2023-11-29 14:33:00,2023-11-29 14:34:00,2023-11-29 14:39:00,NTAP,SHORT,84,88.815,90.19412142857142,86.05675714285714,90.19412142857142,stop_hit,1.3791214285714295,0.9194142857142863,-115.84619999999956,0.7,3.73023,-120.27642999999956,-0.9999999999999954,2023-11
2023-11-29 14:35:00,2023-11-29 14:36:00,2023-11-29 15:53:00,NTAP,SHORT,74,89.323,90.8797857142857,86.20942857142856,90.69,time_exit,1.556785714285716,1.037857142857144,-101.15800000000033,0.7,3.3049509999999995,-105.16295100000033,-0.8780913053452646,2023-11
2023-11-29 14:39:00,2023-11-29 14:40:00,2023-11-29 15:53:00,NTAP,SHORT,64,90.55,92.345425,86.95915,90.69,time_exit,1.7954250000000016,1.196950000000001,-8.960000000000036,0.7,2.8976,-12.557600000000036,-0.07797596669312304,2023-11
2023-11-16 14:39:00,2023-11-16 14:40:00,2023-11-16 14:48:00,PANW,SHORT,53,118.4025,120.54969642857144,114.10810714285715,120.54969642857144,stop_hit,2.1471964285714282,1.4314642857142854,-113.80141071428598,0.7,3.13766625,-117.63907696428598,-1.0000000000000024,2023-11
2023-11-02 13:31:00,2023-11-02 13:32:00,2023-11-22 14:31:00,PLTR,SHORT,272,17.99,18.40648571428571,17.15702857142857,18.40648571428571,stop_hit,0.41648571428571407,0.2776571428571427,-113.28411428571394,1.9040000000000001,2.44664,-117.63475428571394,-0.9999999999999974,2023-11
2023-11-13 14:35:00,2023-11-13 14:36:00,2023-11-13 14:43:00,PODD,SHORT,49,168.745,171.02955357142858,164.17589285714288,164.17589285714288,target_hit,2.2845535714285643,1.5230357142857096,223.8862499999989,0.7,4.1342525000000006,219.05199749999892,1.9999999999999964,2023-11
2023-11-13 14:48:00,2023-11-13 14:49:00,2023-11-13 14:53:00,PODD,LONG,49,160.67,158.36214285714286,165.28571428571428,158.36214285714286,stop_hit,2.307857142857142,1.538571428571428,-113.08499999999941,0.7,3.9364149999999998,-117.72141499999941,-0.9999999999999952,2023-11
2023-11-14 14:31:00,2023-11-14 14:32:00,2023-11-14 14:36:00,PODD,SHORT,66,169.72,171.43760714285713,166.2847857142857,171.43760714285713,stop_hit,1.7176071428571404,1.145071428571427,-113.3620714285708,0.7,5.60076,-119.6628314285708,-0.9999999999999959,2023-11
2023-11-14 14:33:00,2023-11-14 14:34:00,2023-11-14 14:40:00,PODD,LONG,59,169.55,167.6555642857143,173.33887142857142,173.33887142857142,target_hit,1.8944357142857111,1.2629571428571407,223.54341428571328,0.7,5.001725,217.8416892857133,1.9999999999999944,2023-11
2023-11-14 14:34:00,2023-11-14 14:35:00,2023-11-14 14:37:00,SMCI,SHORT,422,27.099,27.370092857142858,26.556814285714285,27.370092857142858,stop_hit,0.27109285714285797,0.180728571428572,-114.40118571428584,2.954,5.717889,-123.07307471428584,-0.9999999999999981,2023-11
2023-11-15 14:31:00,2023-11-15 14:32:00,2023-11-15 14:35:00,TGT,SHORT,56,126.1,128.11160714285714,122.0767857142857,128.11160714285714,stop_hit,2.011607142857142,1.341071428571428,-112.65000000000009,0.7,3.5307999999999997,-116.8808000000001,-1.0000000000000013,2023-11
2023-11-15 14:33:00,2023-11-15 14:34:00,2023-11-15 14:41:00,TGT,SHORT,49,127.06,129.30625,122.56750000000001,129.30625,stop_hit,2.246249999999999,1.4974999999999992,-110.06625000000017,0.7,3.1129700000000002,-113.87922000000017,-1.000000000000002,2023-11
2023-11-15 14:40:00,2023-11-15 14:41:00,2023-11-16 15:53:00,TGT,LONG,40,129.44,126.69874999999999,134.9225,129.84,time_exit,2.741250000000001,1.8275000000000006,16.000000000000227,0.7,2.5888000000000004,12.711200000000227,0.14591883264934083,2023-11
2023-11-15 14:47:00,2023-11-15 14:48:00,2023-11-16 14:31:00,TGT,LONG,91,129.4101,128.19867857142856,131.83294285714285,128.19867857142856,stop_hit,1.2114214285714289,0.807614285714286,-110.23935000000114,0.7,5.88815955,-116.82750955000114,-1.00000000000001,2023-11
2023-11-15 14:48:00,2023-11-15 14:49:00,2023-11-16 14:31:00,TGT,LONG,94,129.93,128.76466071428572,132.26067857142857,128.76466071428572,stop_hit,1.1653392857142881,0.7768928571428587,-109.5418928571425,0.7,6.1067100000000005,-116.34860285714251,-0.9999999999999947,2023-11
2023-11-14 14:33:00,2023-11-14 14:34:00,2023-11-14 14:41:00,TSLA,SHORT,43,231.715,234.23407857142857,226.67684285714287,234.23407857142857,stop_hit,2.519078571428566,1.679385714285711,-108.32037857142831,0.7,4.981872500000001,-114.0022510714283,-0.9999999999999997,2023-11
2023-11-14 14:34:00,2023-11-14 14:35:00,2023-11-14 15:53:00,TSLA,SHORT,41,233.09,235.6958642857143,227.87827142857142,233.0901,time_exit,2.6058642857142837,1.737242857142856,-0.004100000000136106,0.7,4.778345000000001,-5.482445000000137,-3.837498389748606e-05,2023-11
2023-11-10 14:31:00,2023-11-10 14:32:00,2023-11-10 14:36:00,TTD,LONG,46,63.2305,60.93769642857143,67.81610714285715,60.93769642857143,stop_hit,2.2928035714285726,1.528535714285715,-105.46896428571428,0.7,1.4543015000000001,-107.62326578571428,-0.9999999999999994,2023-11
2023-11-10 14:35:00,2023-11-10 14:36:00,2023-11-14 14:31:00,TTD,LONG,39,60.465,57.75758571428572,65.87982857142858,65.87982857142858,target_hit,2.707414285714286,1.8049428571428574,211.1783142857143,0.7,1.1790675000000002,209.2992467857143,2.0,2023-11
2023-11-10 14:36:00,2023-11-10 14:37:00,2023-11-14 14:32:00,TTD,LONG,38,60.6,57.809014285714284,66.18197142857143,66.18197142857143,target_hit,2.790985714285715,1.8606571428571432,212.1149142857143,0.7,1.1514000000000002,210.2635142857143,1.9999999999999993,2023-11
2023-11-10 14:41:00,2023-11-10 14:42:00,2023-11-14 14:37:00,TTD,LONG,36,61.025,57.98767142857143,67.09965714285714,67.09965714285714,target_hit,3.0373285714285707,2.024885714285714,218.6876571428571,0.7,1.0984500000000001,216.8892071428571,2.0,2023-11
2023-11-14 14:31:00,2023-11-14 14:32:00,2023-11-14 14:39:00,TTD,SHORT,176,66.7,67.33951428571429,65.42097142857143,67.33951428571429,stop_hit,0.6395142857142836,0.42634285714285575,-112.55451428571405,1.232,5.8696,-119.65611428571405,-1.000000000000001,2023-11
2023-11-14 14:32:00,2023-11-14 14:33:00,2023-11-14 14:42:00,TTD,SHORT,154,66.96,67.68086785714284,65.51826428571428,67.68086785714284,stop_hit,0.7208678571428562,0.48057857142857074,-111.01364999999879,1.078,5.155919999999999,-117.24756999999879,-0.9999999999999905,2023-11
2023-11-14 14:34:00,2023-11-14 14:35:00,2023-11-14 14:39:00,TTD,SHORT,141,66.62,67.40321428571428,65.05357142857143,67.40321428571428,stop_hit,0.7832142857142836,0.5221428571428558,-110.43321428571346,0.987,4.69671,-116.11692428571345,-0.9999999999999952,2023-11
2023-11-08 14:45:00,2023-11-08 14:46:00,2023-11-09 14:31:00,TTWO,SHORT,73,146.63,148.12535,143.6393,148.12535,stop_hit,1.495349999999998,0.9968999999999986,-109.16055000000014,0.7,5.351995,-115.21254500000015,-1.0000000000000027,2023-11
2023-11-08 14:48:00,2023-11-08 14:49:00,2023-11-09 14:31:00,TTWO,SHORT,87,146.385,147.61497857142857,143.92504285714287,147.61497857142857,stop_hit,1.2299785714285667,0.8199857142857111,-107.008135714286,0.7,6.367747499999999,-114.075883214286,-1.0000000000000064,2023-11
2023-11-07 14:47:00,2023-11-07 14:48:00,2023-11-07 14:49:00,UNG,SHORT,941,26.12,26.233614285714285,25.89277142857143,26.233614285714285,stop_hit,0.11361428571428586,0.07574285714285724,-106.91104285714155,6.587,12.289460000000002,-125.78750285714156,-0.9999999999999866,2023-11
2023-11-08 15:43:00,2023-11-08 15:44:00,2023-11-13 14:31:00,UNG,SHORT,1531,25.9008,25.969842857142858,25.76271428571429,25.969842857142858,stop_hit,0.06904285714285649,0.04602857142857099,-105.70461428571502,10.717,19.8270624,-136.24867668571503,-1.0000000000000164,2023-11
2023-11-15 15:30:00,2023-11-15 15:31:00,2023-11-15 15:37:00,UNG,SHORT,1436,26.4972,26.569842857142856,26.351914285714287,26.569842857142856,stop_hit,0.07264285714285684,0.04842857142857123,-104.31514285714171,10.052,19.0249896,-133.3921324571417,-0.9999999999999931,2023-11
2023-11-29 14:34:00,2023-11-29 14:35:00,2023-11-29 15:13:00,WDAY,SHORT,28,260.6519,264.29303214285716,253.36963571428572,253.36963571428572,target_hit,3.641132142857149,2.427421428571433,203.90340000000015,0.7,3.6491266,199.55427340000017,1.999999999999998,2023-11
2023-11-29 14:35:00,2023-11-29 14:36:00,2023-11-29 15:53:00,WDAY,SHORT,26,258.72,262.72069285714286,250.7186142857143,260.74,time_exit,4.000692857142862,2.667128571428575,-52.51999999999953,0.7,3.3633600000000006,-56.58335999999953,-0.5049125419346954,2023-11
2023-11-29 14:36:00,2023-11-29 14:37:00,2023-11-29 15:53:00,WDAY,SHORT,24,260.08,264.36112857142854,251.51774285714282,260.74,time_exit,4.281128571428578,2.8540857142857186,-15.8400000000006,0.7,3.12096,-19.6609600000006,-0.15416495650346432,2023-11
2023-11-10 14:34:00,2023-11-10 14:35:00,2023-11-10 15:53:00,WYNN,LONG,69,82.2032,80.69894642857142,85.21170714285714,84.0889,time_exit,1.5042535714285723,1.002835714285715,130.11329999999998,0.7,2.8360103999999997,126.57728959999999,1.2535785427513875,2023-11
2023-11-10 14:35:00,2023-11-10 14:36:00,2023-11-10 15:53:00,WYNN,LONG,68,82.115,80.57111428571429,85.20277142857142,84.0889,time_exit,1.543885714285714,1.0292571428571426,134.22520000000003,0.7,2.79191,130.73329000000004,1.2785272781108894,2023-11
2023-11-06 14:35:00,2023-11-06 14:36:00,2023-11-06 15:53:00,ZTS,SHORT,54,166.27,168.21479285714287,162.3804142857143,164.67,time_exit,1.944792857142863,1.2965285714285752,86.40000000000123,0.7,4.4892900000000004,81.21071000000123,0.8227097267061219,2023-11
2023-12-11 13:27:00,2023-12-11 13:33:00,2023-12-11 14:21:00,AAOI,SHORT,1545,19.87,19.939642857142857,19.730714285714285,19.939642857142857,stop_hit,0.06964285714285776,0.04642857142857183,-107.59821428571287,10.815,15.349575000000002,-133.76278928571287,-0.9999999999999781,2023-12
2023-12-11 14:32:00,2023-12-11 14:33:00,2023-12-11 14:45:00,AAOI,SHORT,383,19.21,19.487457142857146,18.65508571428571,19.487457142857146,stop_hit,0.27745714285714407,0.1849714285714294,-106.26608571428648,2.681,3.6787150000000004,-112.62580071428647,-1.0000000000000029,2023-12
2023-12-11 14:35:00,2023-12-11 14:36:00,2023-12-11 14:47:00,AAOI,SHORT,310,19.2344,19.57325,18.5567,19.57325,stop_hit,0.3388500000000001,0.22590000000000007,-105.04350000000024,2.17,2.9813320000000005,-110.19483200000023,-1.000000000000002,2023-12
2023-12-11 15:40:00,2023-12-11 15:41:00,2023-12-11 15:48:00,AAOI,SHORT,696,18.83,18.979496428571426,18.531007142857142,18.979496428571426,stop_hit,0.14949642857142809,0.09966428571428539,-104.04951428571403,4.872,6.55284,-115.47435428571403,-1.0000000000000007,2023-12
2023-12-12 14:32:00,2023-12-12 14:33:00,2023-12-12 15:53:00,ABNB,LONG,93,138.595,137.491525,140.80195,139.98,time_exit,1.103474999999998,0.7356499999999987,128.80499999999915,0.7,6.4446674999999995,121.66033249999917,1.2551258524207558,2023-12
2023-12-22 14:32:00,2023-12-22 14:33:00,2023-12-22 15:53:00,ACAD,SHORT,195,32.25,32.78357142857143,31.18285714285714,31.5556,time_exit,0.5335714285714286,0.35571428571428576,135.40800000000033,1.365,3.144375,130.89862500000032,1.3014190093708198,2023-12
2023-12-22 14:33:00,2023-12-22 14:34:00,2023-12-22 14:39:00,ACAD,SHORT,181,31.89,32.471785714285716,30.72642857142857,32.471785714285716,stop_hit,0.5817857142857146,0.38785714285714307,-105.30321428571442,1.2670000000000001,2.886045,-109.45625928571441,-1.0000000000000007,2023-12
2023-12-22 14:35:00,2023-12-22 14:36:00,2023-12-22 15:53:00,ACAD,SHORT,156,31.97,32.637499999999996,30.634999999999998,31.5556,time_exit,0.6675,0.445,64.64640000000009,1.092,2.4936599999999998,61.06074000000009,0.620823970037454,2023-12
2023-12-22 14:39:00,2023-12-22 14:40:00,2023-12-22 15:53:00,ACAD,SHORT,181,32.295,32.871964285714284,31.14107142857143,31.5556,time_exit,0.5769642857142855,0.384642857142857,133.8314000000006,1.2670000000000001,2.9226975000000004,129.6417025000006,1.2815351284432128,2023-12
2023-12-14 14:33:00,2023-12-14 14:34:00,2023-12-14 14:36:00,ADBE,LONG,18,588.6766,582.8365535714286,600.3566928571429,582.8365535714286,stop_hit,5.840046428571433,3.8933642857142883,-105.12083571428593,0.7,5.2980894,-111.11892511428593,-1.0000000000000013,2023-12
2023-12-18 13:22:00,2023-12-18 14:30:00,2023-12-18 14:37:00,AKRO,SHORT,411,22.689,22.944535714285717,22.17792857142857,22.17792857142857,target_hit,0.2555357142857152,0.17035714285714348,210.0503571428578,2.8770000000000002,4.6625895,202.5107676428578,1.9999999999999991,2023-12
2023-12-11 14:32:00,2023-12-11 14:33:00,2023-12-11 15:07:00,ALB,LONG,72,121.205,119.72897857142857,124.15704285714284,124.15704285714284,target_hit,1.4760214285714244,0.9840142857142828,212.54708571428466,0.7,4.36338,207.48370571428467,1.9999999999999958,2023-12
2023-12-11 14:33:00,2023-12-11 14:34:00,2023-12-11 15:08:00,ALB,LONG,72,121.44,119.93130000000001,124.45739999999999,124.45739999999999,target_hit,1.5086999999999964,1.0057999999999976,217.25279999999964,0.7,4.371840000000001,212.18095999999966,2.0000000000000013,2023-12
2023-12-11 14:34:00,2023-12-11 14:35:00,2023-12-11 15:08:00,ALB,LONG,71,121.3,119.74790714285714,124.4041857142857,124.4041857142857,target_hit,1.5520928571428538,1.0347285714285692,220.3971857142851,0.7,4.30615,215.3910357142851,1.9999999999999987,2023-12
2023-12-04 13:03:00,2023-12-04 13:20:00,2023-12-04 14:25:00,ALKS,SHORT,499,25.9,26.127142857142857,25.44571428571428,26.127142857142857,stop_hit,0.22714285714285798,0.151428571428572,-113.34428571428646,3.493,6.46205,-123.29933571428646,-1.0000000000000029,2023-12
2023-12-04 13:20:00,2023-12-04 13:31:00,2023-12-04 14:25:00,ALKS,SHORT,478,25.93,26.16464285714286,25.460714285714285,26.16464285714286,stop_hit,0.23464285714285765,0.15642857142857178,-112.15928571428657,3.346,6.19727,-121.70255571428658,-1.0000000000000056,2023-12
2023-12-11 13:25:00,2023-12-11 13:26:00,2023-12-11 13:33:00,ALT,SHORT,1630,6.58,6.648121428571429,6.443757142857143,6.648121428571429,stop_hit,0.06812142857142883,0.045414285714285886,-111.03792857142872,11.41,5.3627,-127.81062857142872,-0.9999999999999976,2023-12
2023-12-11 13:27:00,2023-12-11 13:28:00,2023-12-11 13:33:00,ALT,SHORT,2465,6.59,6.63455,6.5009,6.63455,stop_hit,0.04455000000000009,0.02970000000000006,-109.81575000000022,17.255,8.122175,-135.19292500000023,-1.0,2023-12
2023-12-11 14:29:00,2023-12-11 14:30:00,2023-12-11 14:32:00,ALT,SHORT,1302,6.79,6.873292857142857,6.6234142857142855,6.6234142857142855,target_hit,0.08329285714285733,0.05552857142857156,216.89460000000037,9.114,4.4202900000000005,203.36031000000037,1.9999999999999987,2023-12
2023-12-11 14:38:00,2023-12-11 14:39:00,2023-12-11 14:43:00,ALT,LONG,711,6.38,6.224782142857142,6.690435714285714,6.224782142857142,stop_hit,0.1552178571428571,0.1034785714285714,-110.3598964285717,4.977,2.2680900000000004,-117.6049864285717,-1.0000000000000027,2023-12
2023-12-11 14:41:00,2023-12-11 14:42:00,2023-12-11 14:50:00,ALT,LONG,692,6.27,6.112060714285714,6.585878571428571,6.112060714285714,stop_hit,0.15793928571428562,0.10529285714285708,-109.2939857142858,4.844,2.16942,-116.30740571428579,-1.0000000000000013,2023-12
2023-12-11 14:47:00,2023-12-11 14:48:00,2023-12-11 14:50:00,ALT,LONG,943,6.2525,6.137846428571429,6.481807142857143,6.137846428571429,stop_hit,0.11465357142857135,0.07643571428571423,-108.1183178571431,6.601,2.94805375,-117.6673716071431,-1.0000000000000029,2023-12
2023-12-11 14:49:00,2023-12-11 14:50:00,2023-12-11 14:56:00,ALT,LONG,846,6.1101,5.983789285714286,6.362721428571429,5.983789285714286,stop_hit,0.12631071428571417,0.08420714285714277,-106.85886428571428,5.922,2.5845723,-115.36543658571428,-1.0000000000000009,2023-12
2023-12-11 14:50:00,2023-12-11 14:51:00,2023-12-11 14:56:00,ALT,LONG,898,6.1,5.982260714285714,6.335478571428571,5.982260714285714,stop_hit,0.11773928571428567,0.07849285714285711,-105.72987857142827,6.2860000000000005,2.7388999999999997,-114.75477857142828,-0.9999999999999976,2023-12
2023-12-11 14:57:00,2023-12-11 14:58:00,2023-12-11 15:20:00,ALT,LONG,905,6.0016,5.885992857142857,6.232814285714285,5.885992857142857,stop_hit,0.11560714285714273,0.07707142857142849,-104.62446428571423,6.335,2.715724,-113.67518828571421,-1.0000000000000007,2023-12
2023-12-18 13:19:00,2023-12-18 13:20:00,2023-12-18 14:16:00,ALT,SHORT,1470,7.8,7.870403571428571,7.659192857142857,7.659192857142857,target_hit,0.07040357142857132,0.046935714285714206,206.98649999999975,10.290000000000001,5.7330000000000005,190.96349999999975,2.000000000000001,2023-12
2023-12-18 13:24:00,2023-12-18 13:25:00,2023-12-18 13:29:00,ALT,SHORT,2919,7.78,7.816117857142857,7.707764285714286,7.707764285714286,target_hit,0.03611785714285699,0.02407857142857133,210.8560499999997,20.433,11.35491,179.06813999999972,2.0000000000000053,2023-12
2023-12-18 13:25:00,2023-12-18 13:26:00,2023-12-18 13:36:00,ALT,SHORT,2726,7.7594,7.798732142857143,7.680735714285714,7.680735714285714,target_hit,0.03933214285714273,0.02622142857142849,214.43884285714324,19.082,10.5760622,184.78078065714325,2.0000000000000098,2023-12
2023-12-18 13:26:00,2023-12-18 13:27:00,2023-12-18 13:29:00,ALT,LONG,2751,7.7591,7.719446428571429,7.838407142857143,7.719446428571429,stop_hit,0.039653571428571316,0.026435714285714212,-109.08697500000022,19.257,10.67264205,-139.01661705000024,-1.0000000000000049,2023-12
2023-12-18 13:27:00,2023-12-18 13:28:00,2023-12-18 13:36:00,ALT,SHORT,3137,7.76,7.794328571428571,7.691342857142857,7.691342857142857,target_hit,0.03432857142857136,0.02288571428571424,215.3774571428575,21.959,12.17156,181.2468971428575,2.000000000000007,2023-12
2023-12-18 14:50:00,2023-12-18 14:51:00,2023-12-18 15:25:00,ALT,SHORT,693,8.07,8.227875000000001,7.754250000000001,7.754250000000001,target_hit,0.15787499999999988,0.10524999999999991,218.81474999999966,4.851,2.7962550000000004,211.16749499999966,1.9999999999999987,2023-12
2023-12-18 14:51:00,2023-12-18 14:52:00,2023-12-18 15:30:00,ALT,SHORT,726,8.0,8.153589285714286,7.6928214285714285,7.6928214285714285,target_hit,0.15358928571428557,0.10239285714285705,223.01164285714293,5.082,2.904,215.02564285714294,2.0000000000000027,2023-12
2023-12-18 14:52:00,2023-12-18 14:53:00,2023-12-18 14:58:00,ALT,SHORT,706,7.9277,8.088789285714284,7.6055214285714285,8.088789285714284,stop_hit,0.1610892857142855,0.107392857142857,-113.729035714285,4.942,2.7984781,-121.46951381428501,-0.9999999999999952,2023-12
2023-12-18 15:02:00,2023-12-18 15:03:00,2023-12-18 15:20:00,ALT,LONG,802,8.035,7.8947392857142855,8.31552142857143,7.8947392857142855,stop_hit,0.1402607142857143,0.09350714285714286,-112.48909285714313,5.614,3.222035,-121.32512785714314,-1.0000000000000024,2023-12
2023-12-14 14:44:00,2023-12-14 14:45:00,2023-12-14 15:10:00,APA,LONG,731,35.88,35.72783571428572,36.18432857142857,36.18432857142857,target_hit,0.15216428571428586,0.10144285714285724,222.46418571428478,5.117,13.11414,204.2330457142848,1.9999999999999898,2023-12
2023-12-14 14:31:00,2023-12-14 14:32:00,2023-12-14 15:53:00,ARE,LONG,68,132.11,130.45385000000002,135.4223,134.0,time_exit,1.6561500000000007,1.1041000000000005,128.51999999999907,0.7,4.491740000000001,123.32825999999906,1.1412009781722583,2023-12
2023-12-14 14:30:00,2023-12-14 14:31:00,2023-12-21 13:17:00,ARVN,SHORT,238,36.08,36.55973214285714,35.12053571428571,36.55973214285714,stop_hit,0.47973214285714355,0.31982142857142903,-114.17625000000052,1.666,4.29352,-120.13577000000052,-1.000000000000003,2023-12
2023-12-14 14:32:00,2023-12-14 14:33:00,2023-12-21 13:17:00,ARVN,SHORT,192,35.875,36.465625,34.69375,36.465625,stop_hit,0.5906249999999995,0.3937499999999997,-113.40000000000055,1.344,3.444,-118.18800000000054,-1.0000000000000056,2023-12
2023-12-14 14:33:00,2023-12-14 14:35:00,2023-12-21 13:17:00,ARVN,SHORT,175,35.78,36.418303571428574,34.503392857142856,36.418303571428574,stop_hit,0.638303571428571,0.425535714285714,-111.7031250000002,1.225,3.13075,-116.0588750000002,-1.0000000000000024,2023-12
2023-12-14 14:35:00,2023-12-14 14:36:00,2023-12-21 13:17:00,ARVN,SHORT,169,35.84,36.49724642857143,34.525507142857144,36.49724642857143,stop_hit,0.6572464285714281,0.43816428571428545,-111.07464642857101,1.183,3.0284800000000005,-115.28612642857102,-0.999999999999997,2023-12
2023-12-14 14:37:00,2023-12-14 14:38:00,2023-12-21 13:17:00,ARVN,SHORT,163,35.76,36.43331785714285,34.41336428571429,36.43331785714285,stop_hit,0.6733178571428566,0.44887857142857107,-109.75081071428542,1.141,2.91444,-113.80625071428543,-0.999999999999998,2023-12
2023-12-14 14:42:00,2023-12-14 14:43:00,2023-12-21 13:17:00,ARVN,SHORT,146,35.7,36.442414285714285,34.21517142857143,36.442414285714285,stop_hit,0.7424142857142851,0.49494285714285674,-108.39248571428526,1.022,2.6061000000000005,-112.02058571428526,-0.9999999999999966,2023-12
2023-12-14 14:30:00,2023-12-14 14:31:00,2023-12-14 14:32:00,ARWR,SHORT,287,27.6175,27.992157142857145,26.868185714285712,27.992157142857145,stop_hit,0.374657142857144,0.24977142857142937,-107.52660000000081,2.009,3.96311125,-113.49871125000081,-1.0000000000000044,2023-12
2023-12-14 14:34:00,2023-12-14 14:35:00,2023-12-14 15:40:00,ARWR,SHORT,225,28.21,28.682232142857146,27.265535714285715,28.682232142857146,stop_hit,0.47223214285714343,0.314821428571429,-106.25223214285757,1.575,3.173625,-111.00085714285757,-1.0000000000000029,2023-12
2023-12-14 14:35:00,2023-12-14 14:36:00,2023-12-14 15:40:00,ARWR,SHORT,214,28.15,28.64205357142857,27.165892857142854,28.64205357142857,stop_hit,0.49205357142857187,0.3280357142857146,-105.2994642857141,1.498,3.01205,-109.8095142857141,-0.9999999999999973,2023-12
2023-12-04 13:14:00,2023-12-04 14:13:00,2023-12-04 14:30:00,BBIO,SHORT,348,30.51,30.809057142857146,29.911885714285717,30.809057142857146,stop_hit,0.29905714285714285,0.19937142857142856,-104.0718857142862,2.436,5.308740000000001,-111.8166257142862,-1.0000000000000047,2023-12
2023-12-04 14:31:00,2023-12-04 14:32:00,2023-12-06 14:30:00,BBIO,SHORT,247,31.2,31.616271428571427,30.36745714285714,31.616271428571427,stop_hit,0.4162714285714286,0.27751428571428577,-102.81904285714253,1.729,3.8531999999999997,-108.40124285714253,-0.9999999999999968,2023-12
2023-12-08 13:21:00,2023-12-08 13:34:00,2023-12-08 13:56:00,BEAM,SHORT,907,27.65,27.762499999999996,27.425,27.762499999999996,stop_hit,0.11249999999999893,0.07499999999999929,-102.03749999999742,6.349,12.539275,-120.92577499999743,-0.9999999999999842,2023-12
2023-12-12 13:13:00,2023-12-12 13:37:00,2023-12-12 14:30:00,BEAM,SHORT,406,27.0,27.248432142857144,26.503135714285712,26.503135714285712,target_hit,0.24843214285714396,0.1656214285714293,201.72690000000102,2.842,5.481,193.40390000000102,2.0000000000000013,2023-12
2023-12-21 14:30:00,2023-12-21 14:31:00,2023-12-21 14:34:00,BEAM,SHORT,382,28.77,29.038864285714286,28.23227142857143,29.038864285714286,stop_hit,0.26886428571428567,0.1792428571428571,-102.7061571428575,2.674,5.49507,-110.87522714285751,-1.0000000000000038,2023-12
2023-12-11 10:56:00,2023-12-11 10:59:00,2023-12-11 12:02:00,BMEA,SHORT,231,14.7,15.140089285714284,13.819821428571428,15.140089285714284,stop_hit,0.44008928571428535,0.2933928571428569,-101.66062499999975,1.617,1.6978499999999999,-104.97547499999976,-0.9999999999999983,2023-12
2023-12-11 11:40:00,2023-12-11 11:43:00,2023-12-11 12:02:00,BMEA,SHORT,598,15.0,15.168214285714285,14.66357142857143,15.168214285714285,stop_hit,0.16821428571428537,0.1121428571428569,-100.59214285714242,4.186,4.485,-109.26314285714243,-0.9999999999999977,2023-12
2023-12-11 12:00:00,2023-12-11 12:02:00,2023-12-11 12:04:00,BMEA,SHORT,428,15.75,15.9825,15.285,15.9825,stop_hit,0.2324999999999998,0.15499999999999986,-99.50999999999996,2.996,3.3705000000000003,-105.87649999999996,-1.0000000000000007,2023-12
2023-12-11 12:02:00,2023-12-11 12:04:00,2023-12-11 12:10:00,BMEA,SHORT,313,15.8,16.113928571428573,15.172142857142859,15.172142857142859,target_hit,0.3139285714285712,0.20928571428571413,196.5192857142854,2.191,2.4727,191.85558571428538,1.9999999999999978,2023-12
2023-12-11 12:10:00,2023-12-11 12:11:00,2023-12-11 13:00:00,BMEA,SHORT,251,15.15,15.549642857142857,14.350714285714286,15.549642857142857,stop_hit,0.3996428571428572,0.26642857142857146,-100.31035714285693,1.7570000000000001,1.9013250000000002,-103.96868214285693,-0.9999999999999978,2023-12
2023-12-11 14:01:00,2023-12-11 14:03:00,2023-12-11 14:10:00,BMEA,SHORT,488,13.52,13.723667857142857,13.112664285714285,13.112664285714285,target_hit,0.20366785714285696,0.1357785714285713,198.77982857142882,3.416,3.29888,192.06494857142883,2.0000000000000044,2023-12
2023-12-11 14:08:00,2023-12-11 14:09:00,2023-12-11 14:11:00,BMEA,SHORT,540,13.21,13.397553571428572,12.834892857142858,12.834892857142858,target_hit,0.18755357142857149,0.12503571428571433,202.55785714285713,3.7800000000000002,3.5667000000000004,195.21115714285713,1.9999999999999993,2023-12
2023-12-11 14:09:00,2023-12-11 14:10:00,2023-12-11 14:11:00,BMEA,SHORT,579,12.88,13.058135714285715,12.523728571428572,12.523728571428572,target_hit,0.17813571428571462,0.11875714285714307,206.28115714285715,4.053,3.7287600000000003,198.49939714285716,1.9999999999999962,2023-12
2023-12-11 14:10:00,2023-12-11 14:11:00,2023-12-11 14:14:00,BMEA,SHORT,493,12.8,13.013214285714287,12.373571428571429,12.373571428571429,target_hit,0.2132142857142861,0.1421428571428574,210.2292857142858,3.451,3.1552000000000002,203.6230857142858,1.9999999999999971,2023-12
2023-12-11 14:11:00,2023-12-11 14:12:00,2023-12-11 14:17:00,BMEA,SHORT,420,12.53,12.785,12.019999999999998,12.785,stop_hit,0.25500000000000045,0.17000000000000032,-107.10000000000034,2.94,2.6313,-112.67130000000033,-1.0000000000000013,2023-12
2023-12-11 14:13:00,2023-12-11 14:14:00,2023-12-11 14:16:00,BMEA,SHORT,399,12.25,12.515714285714287,11.718571428571428,12.515714285714287,stop_hit,0.2657142857142861,0.17714285714285744,-106.02000000000048,2.793,2.4438750000000002,-111.25687500000049,-1.0000000000000029,2023-12
2023-12-11 14:14:00,2023-12-11 14:15:00,2023-12-11 14:16:00,BMEA,SHORT,374,12.11,12.390714285714285,11.548571428571426,12.390714285714285,stop_hit,0.2807142857142862,0.18714285714285747,-104.98714285714286,2.618,2.26457,-109.86971285714286,-0.9999999999999982,2023-12
2023-12-11 14:19:00,2023-12-11 14:20:00,2023-12-11 14:30:00,BMEA,SHORT,245,12.89,13.313214285714286,12.043571428571429,12.043571428571429,target_hit,0.42321428571428577,0.2821428571428572,207.37500000000003,1.715,1.5790250000000001,204.08097500000002,2.0,2023-12
2023-12-11 14:20:00,2023-12-11 14:21:00,2023-12-11 14:30:00,BMEA,SHORT,245,13.1704,13.602185714285715,12.306828571428571,12.306828571428571,target_hit,0.4317857142857144,0.2878571428571429,211.5750000000002,1.715,1.613374,208.2466260000002,2.0000000000000013,2023-12
2023-12-11 14:21:00,2023-12-11 14:22:00,2023-12-11 14:24:00,BMEA,SHORT,239,12.69,13.142142857142856,11.785714285714285,13.142142857142856,stop_hit,0.45214285714285724,0.3014285714285715,-108.0621428571427,1.673,1.5164549999999999,-111.2515978571427,-0.9999999999999984,2023-12
2023-12-11 14:22:00,2023-12-11 14:23:00,2023-12-11 14:31:00,BMEA,SHORT,221,12.71,13.192185714285715,11.745628571428572,11.745628571428572,target_hit,0.48218571428571444,0.32145714285714294,213.12608571428578,1.547,1.4044550000000002,210.17463071428577,2.0,2023-12
2023-12-11 14:24:00,2023-12-11 14:25:00,2023-12-11 14:31:00,BMEA,SHORT,220,13.0,13.494882142857143,12.010235714285715,12.010235714285715,target_hit,0.4948821428571429,0.3299214285714286,217.74814285714274,1.54,1.43,214.77814285714274,1.999999999999999,2023-12
2023-12-11 14:28:00,2023-12-11 14:29:00,2023-12-11 14:31:00,BMEA,SHORT,225,12.7587,13.251439285714286,11.773221428571429,11.773221428571429,target_hit,0.49273928571428555,0.32849285714285703,221.7326785714284,1.575,1.43535375,218.72232482142843,1.9999999999999993,2023-12
2023-12-11 14:30:00,2023-12-11 14:31:00,2023-12-11 14:45:00,BMEA,SHORT,208,11.16,11.704028571428571,10.071942857142858,11.704028571428571,stop_hit,0.5440285714285713,0.36268571428571417,-113.15794285714279,1.456,1.1606400000000001,-115.77458285714279,-0.9999999999999996,2023-12
2023-12-11 14:31:00,2023-12-11 14:32:00,2023-12-11 14:45:00,BMEA,SHORT,191,10.755,11.340814285714286,9.58337142857143,11.340814285714286,stop_hit,0.5858142857142854,0.39054285714285697,-111.89052857142846,1.337,1.0271025,-114.25463107142846,-0.9999999999999997,2023-12
2023-12-11 14:32:00,2023-12-11 14:33:00,2023-12-11 14:45:00,BMEA,SHORT,191,10.755,11.336528571428572,9.591942857142858,11.336528571428572,stop_hit,0.5815285714285712,0.38768571428571413,-111.071957142857,1.337,1.0271025,-113.436059642857,-0.9999999999999992,2023-12
2023-12-11 14:33:00,2023-12-11 14:34:00,2023-12-11 14:45:00,BMEA,SHORT,187,10.75,11.336885714285714,9.576228571428572,11.336885714285714,stop_hit,0.586885714285714,0.39125714285714264,-109.74762857142848,1.309,1.005125,-112.06175357142848,-0.9999999999999997,2023-12
2023-12-11 14:34:00,2023-12-11 14:35:00,2023-12-11 14:46:00,BMEA,LONG,187,10.765,10.18347142857143,11.928057142857142,11.928057142857142,target_hit,0.5815285714285712,0.38768571428571413,217.49168571428544,1.309,1.0065275,215.17615821428544,1.9999999999999984,2023-12
2023-12-11 14:35:00,2023-12-11 14:36:00,2023-12-11 14:46:00,BMEA,LONG,189,10.8255,10.240757142857143,11.994985714285713,11.994985714285713,target_hit,0.5847428571428569,0.38982857142857125,221.03279999999978,1.323,1.02300975,218.68679024999977,1.999999999999999,2023-12
2023-12-11 14:36:00,2023-12-11 14:37:00,2023-12-11 14:45:00,BMEA,SHORT,200,10.8101,11.374485714285715,9.681328571428573,11.374485714285715,stop_hit,0.564385714285714,0.37625714285714273,-112.87714285714294,1.4000000000000001,1.08101,-115.35815285714295,-1.000000000000001,2023-12
2023-12-11 14:38:00,2023-12-11 14:39:00,2023-12-11 14:44:00,BMEA,SHORT,191,10.63,11.214164285714286,9.461671428571432,11.214164285714286,stop_hit,0.584164285714285,0.3894428571428567,-111.57537857142853,1.337,1.015165,-113.92754357142853,-1.0000000000000007,2023-12
2023-12-11 14:39:00,2023-12-11 14:40:00,2023-12-11 14:45:00,BMEA,SHORT,195,10.94,11.508242857142855,9.803514285714286,11.508242857142855,stop_hit,0.5682428571428565,0.378828571428571,-110.80735714285692,1.365,1.0666499999999999,-113.2390071428569,-0.999999999999999,2023-12
2023-12-11 14:40:00,2023-12-11 14:41:00,2023-12-11 14:45:00,BMEA,SHORT,189,11.1,11.677885714285713,9.944228571428571,11.677885714285713,stop_hit,0.5778857142857139,0.3852571428571426,-109.22039999999984,1.323,1.04895,-111.59234999999984,-0.9999999999999992,2023-12
2023-12-11 14:41:00,2023-12-11 14:42:00,2023-12-11 14:45:00,BMEA,SHORT,185,10.96,11.544314285714286,9.79137142857143,11.544314285714286,stop_hit,0.5843142857142853,0.38954285714285686,-108.09814285714275,1.295,1.0138,-110.40694285714275,-0.9999999999999997,2023-12
2023-12-11 14:42:00,2023-12-11 14:43:00,2023-12-11 14:45:00,BMEA,SHORT,185,11.125,11.706089285714285,9.962821428571429,11.706089285714285,stop_hit,0.5810892857142852,0.3873928571428568,-107.50151785714266,1.295,1.0290625,-109.82558035714266,-0.999999999999999,2023-12
2023-12-11 14:44:00,2023-12-11 14:45:00,2023-12-11 14:47:00,BMEA,SHORT,198,11.6864,12.222682142857144,10.613835714285717,12.222682142857144,stop_hit,0.5362821428571423,0.3575214285714282,-106.1838642857143,1.3860000000000001,1.1569536,-108.72681788571428,-1.0000000000000013,2023-12
2023-12-11 14:45:00,2023-12-11 14:46:00,2023-12-11 14:47:00,BMEA,SHORT,218,12.05,12.533053571428571,11.083892857142859,12.533053571428571,stop_hit,0.4830535714285708,0.32203571428571387,-105.3056785714283,1.526,1.31345,-108.1451285714283,-0.9999999999999988,2023-12
2023-12-11 14:46:00,2023-12-11 14:47:00,2023-12-11 14:53:00,BMEA,SHORT,225,12.415,12.877632142857141,11.489735714285715,11.489735714285715,target_hit,0.46263214285714227,0.3084214285714282,208.18446428571403,1.575,1.3966875,205.21277678571403,2.0,2023-12
2023-12-11 14:47:00,2023-12-11 14:48:00,2023-12-11 14:59:00,BMEA,SHORT,221,12.27,12.750578571428571,11.308842857142858,11.308842857142858,target_hit,0.4805785714285709,0.32038571428571394,212.41572857142822,1.547,1.3558350000000001,209.5128935714282,1.999999999999999,2023-12
2023-12-11 14:49:00,2023-12-11 14:50:00,2023-12-11 15:01:00,BMEA,SHORT,210,12.235,12.750914285714284,11.203171428571428,11.203171428571428,target_hit,0.5159142857142852,0.34394285714285683,216.68399999999994,1.47,1.284675,213.92932499999995,2.0000000000000013,2023-12
2023-12-11 14:51:00,2023-12-11 14:52:00,2023-12-21 13:15:00,BMEA,SHORT,202,11.7,12.245828571428572,10.608342857142857,12.245828571428572,stop_hit,0.5458285714285713,0.3638857142857142,-110.25737142857159,1.414,1.1816999999999998,-112.8530714285716,-1.0000000000000016,2023-12
2023-12-11 14:57:00,2023-12-11 14:58:00,2023-12-21 13:15:00,BMEA,SHORT,202,11.5,12.040171428571428,10.419657142857142,12.040171428571428,stop_hit,0.5401714285714286,0.3601142857142858,-109.11462857142847,1.414,1.1615,-111.69012857142847,-0.999999999999999,2023-12
2023-12-11 14:58:00,2023-12-11 14:59:00,2023-12-21 13:15:00,BMEA,SHORT,197,11.335,11.882403571428572,10.240192857142858,11.882403571428572,stop_hit,0.5474035714285714,0.36493571428571425,-107.83850357142853,1.379,1.1164975000000001,-110.33400107142853,-0.9999999999999996,2023-12
2023-12-11 15:04:00,2023-12-11 15:05:00,2023-12-21 13:15:00,BMEA,SHORT,269,11.57,11.968110714285714,10.773778571428572,11.968110714285714,stop_hit,0.39811071428571454,0.265407142857143,-107.09178214285708,1.883,1.556165,-110.53094714285709,-0.9999999999999989,2023-12
2023-12-11 15:08:00,2023-12-11 15:09:00,2023-12-21 13:15:00,BMEA,LONG,302,11.47,11.119321428571428,12.171357142857143,12.171357142857143,target_hit,0.3506785714285714,0.23378571428571426,211.8098571428571,2.114,1.73197,207.96388714285712,2.0,2023-12
2023-12-21 14:34:00,2023-12-21 14:35:00,2023-12-21 14:39:00,BMEA,SHORT,429,14.27,14.522075,13.765849999999999,14.522075,stop_hit,0.25207500000000027,0.16805000000000017,-108.14017499999983,3.003,3.060915,-114.20408999999982,-0.9999999999999973,2023-12
2023-12-11 14:46:00,2023-12-11 14:47:00,2023-12-11 14:50:00,CABA,SHORT,635,16.6,16.768428571428572,16.263142857142856,16.768428571428572,stop_hit,0.1684285714285721,0.11228571428571474,-106.9521428571424,4.445,5.2705,-116.6676428571424,-0.9999999999999918,2023-12
2023-12-18 13:01:00,2023-12-18 13:02:00,2023-12-18 13:03:00,CCCC,SHORT,1087,5.25,5.347371428571429,5.055257142857142,5.055257142857142,target_hit,0.09737142857142869,0.0649142857142858,211.6854857142864,7.609,2.853375,201.22311071428638,2.000000000000004,2023-12
2023-12-18 13:02:00,2023-12-18 13:03:00,2023-12-18 13:04:00,CCCC,SHORT,730,5.29,5.437728571428572,4.994542857142857,4.994542857142857,target_hit,0.14772857142857163,0.09848571428571441,215.6837142857143,5.11,1.93085,208.6428642857143,1.9999999999999973,2023-12
2023-12-18 13:03:00,2023-12-18 13:04:00,2023-12-18 14:51:00,CCCC,SHORT,564,4.88,5.074871428571429,4.490257142857143,4.490257142857143,target_hit,0.1948714285714288,0.12991428571428587,219.81497142857145,3.948,1.37616,214.49081142857145,1.9999999999999978,2023-12
2023-12-18 13:15:00,2023-12-18 13:16:00,2023-12-18 13:34:00,CCCC,SHORT,599,4.7999,4.98695,4.425800000000001,4.98695,stop_hit,0.18704999999999972,0.12469999999999981,-112.04295000000009,4.1930000000000005,1.4375700500000002,-117.67352005000009,-1.0000000000000024,2023-12
2023-12-18 13:20:00,2023-12-18 13:21:00,2023-12-18 13:32:00,CCCC,LONG,2386,4.84,4.7935,4.933,4.933,target_hit,0.046499999999999826,0.030999999999999885,221.89799999999994,16.702,5.77412,199.42187999999993,2.0000000000000067,2023-12
2023-12-18 13:21:00,2023-12-18 13:22:00,2023-12-18 13:24:00,CCCC,SHORT,2664,4.84,4.882396428571428,4.755207142857143,4.882396428571428,stop_hit,0.042396428571428446,0.02826428571428563,-112.9440857142848,18.648,6.44688,-138.03896571428479,-0.9999999999999948,2023-12
2023-12-18 13:22:00,2023-12-18 13:23:00,2023-12-18 13:28:00,CCCC,LONG,2917,4.84,4.801760714285714,4.916478571428571,4.916478571428571,target_hit,0.03823928571428567,0.025492857142857112,223.08799285714147,20.419,7.059139999999999,195.60985285714145,1.9999999999999898,2023-12
2023-12-18 13:23:00,2023-12-18 13:24:00,2023-12-18 13:32:00,CCCC,SHORT,3145,4.91,4.946096428571429,4.837807142857143,4.946096428571429,stop_hit,0.03609642857142857,0.02406428571428571,-113.52326785714325,22.015,7.720975,-143.25924285714325,-1.0000000000000036,2023-12
2023-12-18 13:29:00,2023-12-18 13:30:00,2023-12-18 13:34:00,CCCC,LONG,2684,4.91,4.868246428571428,4.993507142857143,4.993507142857143,target_hit,0.04175357142857156,0.027835714285714377,224.1331714285718,18.788,6.58922,198.7559514285718,1.9999999999999971,2023-12
2023-12-18 13:30:00,2023-12-18 13:31:00,2023-12-18 13:34:00,CCCC,LONG,2879,4.92,4.8803785714285715,4.999242857142857,4.999242857142857,target_hit,0.039621428571428634,0.026414285714285755,228.14018571428517,20.153,7.08234,200.9048457142852,1.999999999999992,2023-12
2023-12-18 14:31:00,2023-12-18 14:32:00,2023-12-18 14:35:00,CCCC,SHORT,1385,4.8193,4.903107142857142,4.6516857142857155,4.6516857142857155,target_hit,0.08380714285714243,0.05587142857142829,232.1457857142842,9.695,3.3373652500000004,219.1134204642842,1.9999999999999971,2023-12
2023-12-18 14:34:00,2023-12-18 14:35:00,2023-12-18 14:45:00,CCCC,SHORT,1185,4.651,4.750749999999999,4.4515,4.750749999999999,stop_hit,0.09974999999999963,0.06649999999999975,-118.20374999999922,8.295,2.7557175,-129.2544674999992,-0.9999999999999971,2023-12
2023-12-18 14:35:00,2023-12-18 14:36:00,2023-12-18 14:37:00,CCCC,SHORT,1057,4.5788,4.689478571428571,4.357442857142858,4.689478571428571,stop_hit,0.11067857142857099,0.073785714285714,-116.98724999999973,7.399,2.4198958000000004,-126.80614579999974,-1.0000000000000018,2023-12
2023-12-18 14:36:00,2023-12-18 14:37:00,2023-12-18 14:41:00,CCCC,LONG,970,4.6888,4.569517857142857,4.927364285714285,4.569517857142857,stop_hit,0.11928214285714245,0.0795214285714283,-115.70367857142796,6.79,2.2740679999999998,-124.76774657142796,-0.9999999999999981,2023-12
2023-12-18 14:37:00,2023-12-18 14:38:00,2023-12-18 14:45:00,CCCC,SHORT,859,4.65,4.7832107142857145,4.383578571428572,4.7832107142857145,stop_hit,0.13321071428571396,0.08880714285714264,-114.42800357142848,6.013,1.9971750000000001,-122.43817857142848,-1.0000000000000018,2023-12
2023-12-18 14:41:00,2023-12-18 14:42:00,2023-12-18 14:45:00,CCCC,SHORT,742,4.5621,4.714585714285715,4.257128571428572,4.714585714285715,stop_hit,0.15248571428571422,0.10165714285714282,-113.1444000000002,5.194,1.6925391,-120.03093910000021,-1.0000000000000022,2023-12
2023-12-18 14:43:00,2023-12-18 14:44:00,2023-12-18 14:51:00,CCCC,LONG,690,4.6682,4.505878571428571,4.992842857142857,4.505878571428571,stop_hit,0.16232142857142862,0.10821428571428575,-112.00178571428567,4.83,1.610529,-118.44231471428567,-0.9999999999999993,2023-12
2023-12-18 14:44:00,2023-12-18 14:45:00,2023-12-18 14:48:00,CCCC,LONG,747,4.7808,4.632439285714286,5.077521428571429,4.632439285714286,stop_hit,0.14836071428571443,0.09890714285714296,-110.82545357142865,5.229,1.7856288,-117.84008237142865,-0.9999999999999998,2023-12
2023-12-18 14:45:00,2023-12-18 14:46:00,2023-12-18 14:52:00,CCCC,SHORT,728,4.6895,4.840003571428571,4.3884928571428565,4.3884928571428565,target_hit,0.15050357142857163,0.10033571428571442,219.13320000000027,5.096,1.7069779999999999,212.33022200000028,2.0,2023-12
2023-12-18 14:46:00,2023-12-18 14:47:00,2023-12-18 14:53:00,CCCC,SHORT,725,4.669,4.823028571428571,4.360942857142857,4.360942857142857,target_hit,0.1540285714285716,0.1026857142857144,223.34142857142854,5.075,1.6925124999999999,216.57391607142856,1.9999999999999976,2023-12
2023-12-18 14:47:00,2023-12-18 14:48:00,2023-12-18 14:53:00,CCCC,SHORT,753,4.6599,4.811260714285715,4.357178571428571,4.357178571428571,target_hit,0.1513607142857145,0.10090714285714299,227.94923571428606,5.271,1.7544523500000002,220.92378336428607,2.0000000000000004,2023-12
2023-12-18 14:48:00,2023-12-18 14:49:00,2023-12-18 14:53:00,CCCC,SHORT,790,4.6083,4.755375,4.31415,4.31415,target_hit,0.14707500000000018,0.09805000000000012,232.37850000000012,5.53,1.8202785,225.02822150000011,1.9999999999999984,2023-12
2023-12-18 14:51:00,2023-12-18 14:52:00,2023-12-18 15:01:00,CCCC,SHORT,895,4.391,4.5232464285714284,4.126507142857142,4.5232464285714284,stop_hit,0.13224642857142868,0.08816428571428579,-118.36055357142844,6.265000000000001,1.9649725000000002,-126.59052607142844,-0.9999999999999981,2023-12
2023-12-18 14:52:00,2023-12-18 14:53:00,2023-12-18 14:54:00,CCCC,SHORT,850,4.3193,4.457085714285714,4.043728571428571,4.457085714285714,stop_hit,0.13778571428571443,0.09185714285714296,-117.11785714285705,5.95,1.8357025000000002,-124.90355964285705,-0.9999999999999982,2023-12
2023-12-18 14:53:00,2023-12-18 14:54:00,2023-12-18 15:01:00,CCCC,SHORT,828,4.33,4.4699285714285715,4.050142857142857,4.4699285714285715,stop_hit,0.13992857142857162,0.09328571428571442,-115.86085714285713,5.796,1.79262,-123.44947714285713,-0.9999999999999984,2023-12
2023-12-18 14:54:00,2023-12-18 14:55:00,2023-12-18 15:29:00,CCCC,LONG,778,4.3515,4.204082142857143,4.646335714285715,4.204082142857143,stop_hit,0.14741785714285738,0.09827857142857159,-114.69109285714278,5.446,1.6927335,-121.82982635714278,-0.9999999999999978,2023-12
2023-12-18 14:57:00,2023-12-18 14:58:00,2023-12-18 15:29:00,CCCC,LONG,781,4.36,4.214789285714286,4.65042142857143,4.214789285714286,stop_hit,0.14521071428571444,0.09680714285714297,-113.40956785714313,5.4670000000000005,1.7025800000000002,-120.57914785714313,-1.0000000000000013,2023-12
2023-12-18 14:59:00,2023-12-18 15:00:00,2023-12-18 15:01:00,CCCC,SHORT,802,4.38,4.519864285714286,4.100271428571428,4.519864285714286,stop_hit,0.13986428571428589,0.09324285714285725,-112.17115714285755,5.614,1.7563799999999998,-119.54153714285755,-1.0000000000000024,2023-12
2023-12-18 15:01:00,2023-12-18 15:02:00,2023-12-18 15:29:00,CCCC,SHORT,809,4.48,4.617185714285715,4.205628571428571,4.205628571428571,target_hit,0.1371857142857145,0.091457142857143,221.96648571428636,5.663,1.8121600000000002,214.49132571428635,2.0000000000000027,2023-12
2023-12-18 15:03:00,2023-12-18 15:04:00,2023-12-18 15:16:00,CCCC,LONG,841,4.47,4.335492857142857,4.739014285714286,4.335492857142857,stop_hit,0.13450714285714313,0.08967142857142875,-113.12050714285739,5.8870000000000005,1.879635,-120.88714214285739,-1.0000000000000002,2023-12
2023-12-18 15:04:00,2023-12-18 15:05:00,2023-12-18 15:19:00,CCCC,LONG,833,4.425,4.290621428571428,4.693757142857144,4.290621428571428,stop_hit,0.1343785714285717,0.08958571428571448,-111.9373500000004,5.831,1.8430125,-119.6113625000004,-1.0000000000000016,2023-12
2023-12-18 15:08:00,2023-12-18 15:09:00,2023-12-18 15:29:00,CCCC,SHORT,1095,4.3997,4.500864285714286,4.1973714285714285,4.1973714285714285,target_hit,0.10116428571428585,0.06744285714285723,221.54978571428595,7.665,2.40883575,211.47594996428595,1.9999999999999996,2023-12
2023-12-04 13:18:00,2023-12-04 13:21:00,2023-12-04 14:37:00,CDLX,SHORT,1225,8.6,8.692153571428571,8.415692857142856,8.692153571428571,stop_hit,0.09215357142857172,0.06143571428571448,-112.88812500000036,8.575000000000001,5.2675,-126.73062500000036,-1.0,2023-12
2023-12-04 13:21:00,2023-12-04 13:33:00,2023-12-04 14:37:00,CDLX,SHORT,1225,8.61,8.701082142857143,8.427835714285713,8.701082142857143,stop_hit,0.09108214285714317,0.06072142857142878,-111.57562500000031,8.575000000000001,5.273625,-125.42425000000031,-0.9999999999999994,2023-12
2023-12-04 14:41:00,2023-12-04 14:44:00,2023-12-04 14:45:00,CDLX,SHORT,1178,8.63,8.723664285714287,8.44267142857143,8.723664285714287,stop_hit,0.09366428571428573,0.06244285714285715,-110.3365285714294,8.246,5.083070000000001,-123.6655985714294,-1.0000000000000073,2023-12
2023-12-14 14:31:00,2023-12-14 14:32:00,2023-12-14 14:45:00,CFG,SHORT,205,34.12,34.65076428571428,33.05847142857142,34.65076428571428,stop_hit,0.5307642857142858,0.35384285714285724,-108.80667857142818,1.435,3.4972999999999996,-113.73897857142818,-0.9999999999999962,2023-12
2023-12-14 14:32:00,2023-12-14 14:33:00,2023-12-14 14:45:00,CFG,SHORT,191,34.08,34.64381785714286,32.95236428571428,34.64381785714286,stop_hit,0.5638178571428575,0.3758785714285717,-107.68921071428593,1.337,3.2546399999999998,-112.28085071428593,-1.0000000000000013,2023-12
2023-12-14 14:35:00,2023-12-14 14:36:00,2023-12-14 14:45:00,CFG,SHORT,169,34.02,34.650246428571435,32.759507142857146,34.650246428571435,stop_hit,0.6302464285714294,0.42016428571428627,-106.51164642857205,1.183,2.87469,-110.56933642857206,-1.0000000000000044,2023-12
2023-12-14 14:41:00,2023-12-14 14:42:00,2023-12-14 15:53:00,CFG,SHORT,135,34.43,35.21160714285714,32.86678571428571,33.99,time_exit,0.7816071428571426,0.5210714285714284,59.39999999999969,0.9450000000000001,2.3240250000000002,56.130974999999694,0.5629426547863806,2023-12
2023-12-14 14:47:00,2023-12-14 14:48:00,2023-12-14 15:12:00,CFG,SHORT,321,34.52,34.85053571428572,33.85892857142858,33.85892857142858,target_hit,0.3305357142857136,0.22035714285714242,212.2039285714275,2.247,5.540460000000001,204.41646857142752,1.999999999999994,2023-12
2023-12-14 14:30:00,2023-12-14 14:31:00,2023-12-14 14:41:00,CHX,SHORT,532,30.6,30.80357142857143,30.192857142857143,30.80357142857143,stop_hit,0.20357142857142843,0.13571428571428562,-108.30000000000032,3.724,8.1396,-120.16360000000033,-1.0000000000000038,2023-12
2023-12-04 13:02:00,2023-12-04 13:03:00,2023-12-04 13:35:00,CMA,SHORT,228,49.55,50.018225,48.61355,48.61355,target_hit,0.46822500000000167,0.3121500000000011,213.51060000000015,1.596,5.6487,206.26590000000016,1.9999999999999942,2023-12
2023-12-04 13:03:00,2023-12-04 13:04:00,2023-12-04 13:35:00,CMA,SHORT,233,49.55,50.01715357142857,48.615692857142854,48.615692857142854,target_hit,0.4671535714285732,0.3114357142857155,217.69356428571442,1.631,5.772575,210.28998928571443,1.9999999999999936,2023-12
2023-12-04 13:13:00,2023-12-04 13:14:00,2023-12-04 13:48:00,CMA,SHORT,227,49.5,49.99017857142857,48.519642857142856,48.519642857142856,target_hit,0.4901785714285725,0.326785714285715,222.5410714285718,1.589,5.61825,215.3338214285718,1.999999999999999,2023-12
2023-12-04 13:14:00,2023-12-04 13:15:00,2023-12-04 13:49:00,CMA,SHORT,222,49.29,49.799464285714286,48.271071428571425,48.271071428571425,target_hit,0.5094642857142875,0.33964285714285836,226.20214285714354,1.554,5.47119,219.17695285714353,1.9999999999999991,2023-12
2023-12-04 13:23:00,2023-12-04 13:25:00,2023-12-04 14:17:00,CMA,SHORT,215,49.19,49.72785714285714,48.11428571428571,48.11428571428571,target_hit,0.5378571428571447,0.3585714285714298,231.27857142857255,1.5050000000000001,5.287925,224.48564642857255,2.000000000000003,2023-12
2023-12-18 14:46:00,2023-12-18 14:47:00,2023-12-18 15:05:00,COGT,SHORT,2545,4.83,4.876339285714286,4.737321428571429,4.737321428571429,target_hit,0.046339285714285916,0.030892857142857277,235.86696428571418,17.815,6.146175,211.90578928571418,1.9999999999999905,2023-12
2023-12-20 14:30:00,2023-12-20 14:31:00,2023-12-20 14:32:00,COGT,LONG,2528,5.0326,4.985103571428572,5.127592857142857,4.985103571428572,stop_hit,0.04749642857142836,0.031664285714285575,-120.07097142857194,17.696,6.361206400000001,-144.12817782857195,-1.0000000000000087,2023-12
2023-12-20 14:36:00,2023-12-20 14:37:00,2023-12-20 14:50:00,COGT,SHORT,1482,5.1781,5.258114285714285,5.018071428571428,5.018071428571428,target_hit,0.08001428571428565,0.0533428571428571,237.16234285714316,10.374,3.8369721,222.95137075714317,2.000000000000004,2023-12
2023-12-20 14:38:00,2023-12-20 14:39:00,2023-12-26 13:00:00,COGT,SHORT,1346,5.1,5.189785714285714,4.920428571428571,5.189785714285714,stop_hit,0.08978571428571419,0.059857142857142796,-120.85157142857122,9.422,3.4322999999999997,-133.7058714285712,-0.9999999999999993,2023-12
2023-12-04 14:33:00,2023-12-04 14:34:00,2023-12-04 14:45:00,COIN,SHORT,45,141.61,144.2229785714286,136.38404285714287,144.2229785714286,stop_hit,2.6129785714285743,1.7419857142857162,-117.5840357142863,0.7,3.1862250000000003,-121.4702607142863,-1.000000000000004,2023-12
2023-12-08 13:18:00,2023-12-08 14:29:00,2023-12-08 14:30:00,CYTK,SHORT,432,34.85,35.123803571428574,34.302392857142856,35.123803571428574,stop_hit,0.27380357142857165,0.18253571428571444,-118.2831428571435,3.024,7.5276000000000005,-128.8347428571435,-1.0000000000000047,2023-12
2023-12-08 14:31:00,2023-12-08 14:32:00,2023-12-08 14:47:00,CYTK,SHORT,220,34.875,35.406150000000004,33.8127,35.406150000000004,stop_hit,0.5311500000000007,0.35410000000000047,-116.85300000000083,1.54,3.83625,-122.22925000000085,-1.0000000000000058,2023-12
2023-12-26 09:36:00,2023-12-26 12:09:00,2023-12-26 14:33:00,CYTK,SHORT,146,45.66,46.452867857142856,44.07426428571428,44.07426428571428,target_hit,0.7928678571428589,0.5285785714285726,231.51741428571486,1.022,3.33318,227.16223428571487,2.0000000000000004,2023-12
2023-12-14 14:31:00,2023-12-14 14:32:00,2023-12-14 14:44:00,CZR,SHORT,186,48.8,49.431960714285715,47.53607857142857,49.431960714285715,stop_hit,0.6319607142857149,0.42130714285714327,-117.54469285714354,1.302,4.538399999999999,-123.38509285714355,-1.0000000000000049,2023-12
2023-12-14 14:32:00,2023-12-14 14:33:00,2023-12-15 14:31:00,ENPH,SHORT,36,121.58,124.80606071428572,115.12787857142857,124.80606071428572,stop_hit,3.2260607142857167,2.1507071428571445,-116.13818571428601,0.7,2.18844,-119.02662571428601,-1.0000000000000018,2023-12
2023-12-14 13:03:00,2023-12-14 14:15:00,2023-12-14 14:28:00,ETNB,SHORT,1062,10.6993,10.808167857142855,10.481564285714285,10.808167857142855,stop_hit,0.10886785714285674,0.07257857142857116,-115.61766428571339,7.434,5.6813283,-128.7329925857134,-0.9999999999999959,2023-12
2023-12-14 14:28:00,2023-12-14 14:30:00,2023-12-14 14:37:00,ETNB,SHORT,959,10.86,10.979196428571427,10.621607142857144,10.621607142857144,target_hit,0.11919642857142809,0.07946428571428539,228.61874999999844,6.713,5.20737,216.69837999999845,1.9999999999999944,2023-12
2023-12-14 14:30:00,2023-12-14 14:31:00,2023-12-14 14:42:00,ETNB,SHORT,919,10.755,10.881696428571429,10.501607142857145,10.881696428571429,stop_hit,0.12669642857142793,0.08446428571428528,-116.43401785714238,6.433,4.9419225,-127.80894035714238,-1.0000000000000009,2023-12
2023-12-14 14:33:00,2023-12-14 14:34:00,2023-12-18 14:31:00,ETNB,SHORT,771,10.79,10.939485714285713,10.491028571428572,10.491028571428572,target_hit,0.1494857142857138,0.09965714285714254,230.5069714285703,5.397,4.1595450000000005,220.9504264285703,1.9999999999999967,2023-12
2023-12-14 14:42:00,2023-12-14 14:43:00,2023-12-18 14:31:00,ETNB,SHORT,841,10.755,10.894585714285714,10.475828571428572,10.475828571428572,target_hit,0.13958571428571404,0.0930571428571427,234.78317142857165,5.8870000000000005,4.5224775,224.37369392857164,2.0000000000000058,2023-12
2023-12-14 14:47:00,2023-12-14 14:48:00,2023-12-14 15:11:00,EVH,LONG,592,30.07,29.868035714285714,30.473928571428573,29.868035714285714,stop_hit,0.20196428571428665,0.13464285714285776,-119.56285714285747,4.144,8.90072,-132.60757714285748,-0.9999999999999981,2023-12
2023-12-04 12:30:00,2023-12-04 12:31:00,2023-12-04 12:32:00,EYPT,SHORT,120,25.06,26.04142857142857,23.097142857142856,26.04142857142857,stop_hit,0.9814285714285713,0.6542857142857142,-117.77142857142834,0.84,1.5036,-120.11502857142835,-0.9999999999999982,2023-12
2023-12-04 12:31:00,2023-12-04 12:32:00,2023-12-04 12:33:00,EYPT,SHORT,55,23.0,25.115535714285713,18.76892857142857,25.115535714285713,stop_hit,2.1155357142857145,1.4103571428571429,-116.3544642857142,0.7,0.6325000000000001,-117.6869642857142,-0.9999999999999991,2023-12
2023-12-04 12:37:00,2023-12-04 12:38:00,2023-12-04 14:30:00,EYPT,SHORT,26,30.5,34.89767857142857,21.704642857142858,21.704642857142858,target_hit,4.397678571428571,2.931785714285714,228.6792857142857,0.7,0.3965,227.5827857142857,2.0,2023-12
2023-12-04 12:46:00,2023-12-04 12:47:00,2023-12-04 13:06:00,EYPT,SHORT,32,32.09,35.68785714285715,24.89428571428572,24.89428571428572,target_hit,3.597857142857143,2.3985714285714286,230.26285714285711,0.7,0.5134400000000001,229.04941714285712,1.9999999999999998,2023-12
2023-12-04 12:47:00,2023-12-04 12:48:00,2023-12-04 13:00:00,EYPT,SHORT,37,33.8,36.997142857142855,27.405714285714282,27.405714285714282,target_hit,3.1971428571428584,2.131428571428572,236.58857142857147,0.7,0.6253,235.26327142857147,1.9999999999999993,2023-12
2023-12-04 12:49:00,2023-12-04 12:50:00,2023-12-04 13:00:00,EYPT,SHORT,39,33.96,37.10892857142857,27.662142857142857,27.662142857142857,target_hit,3.1489285714285713,2.099285714285714,245.6164285714286,0.7,0.66222,244.25420857142862,2.0000000000000004,2023-12
2023-12-04 12:52:00,2023-12-04 12:53:00,2023-12-04 12:54:00,EYPT,SHORT,50,32.0,34.465357142857144,27.069285714285716,34.465357142857144,stop_hit,2.465357142857142,1.6435714285714282,-123.2678571428572,0.7,0.8,-124.7678571428572,-1.0000000000000007,2023-12
2023-12-04 12:53:00,2023-12-04 12:54:00,2023-12-04 13:00:00,EYPT,SHORT,59,34.69,36.78678571428571,30.49642857142857,30.49642857142857,target_hit,2.096785714285714,1.3978571428571425,247.42071428571424,0.7,1.023355,245.69735928571424,2.0,2023-12
2023-12-04 12:54:00,2023-12-04 12:55:00,2023-12-04 13:00:00,EYPT,SHORT,64,33.74,35.68785714285714,29.844285714285718,29.844285714285718,target_hit,1.947857142857142,1.298571428571428,249.32571428571418,0.7,1.0796800000000002,247.5460342857142,2.0,2023-12
2023-12-04 12:56:00,2023-12-04 12:57:00,2023-12-04 13:00:00,EYPT,SHORT,72,32.7,34.48285714285714,29.134285714285717,34.48285714285714,stop_hit,1.782857142857142,1.188571428571428,-128.36571428571403,0.7,1.1772,-130.24291428571402,-0.9999999999999986,2023-12
2023-12-04 12:57:00,2023-12-04 12:58:00,2023-12-04 13:00:00,EYPT,SHORT,83,33.74,35.261428571428574,30.69714285714286,30.69714285714286,target_hit,1.521428571428571,1.014285714285714,252.5571428571427,0.7,1.40021,250.45693285714273,1.9999999999999993,2023-12
2023-12-04 13:00:00,2023-12-04 13:01:00,2023-12-04 13:05:00,EYPT,SHORT,51,33.7,36.220075,28.659850000000002,28.659850000000002,target_hit,2.520075,1.6800499999999998,257.04765000000003,0.7,0.8593500000000001,255.48830000000004,2.0000000000000004,2023-12
2023-12-04 13:08:00,2023-12-04 13:09:00,2023-12-04 14:27:00,EYPT,SHORT,43,29.0,32.061146428571426,22.87770714285714,22.87770714285714,target_hit,3.061146428571429,2.040764285714286,263.25859285714296,0.7,0.6235,261.935092857143,2.0000000000000004,2023-12
2023-12-04 13:16:00,2023-12-04 13:17:00,2023-12-04 13:21:00,EYPT,LONG,55,26.99,24.53620357142857,31.897592857142854,24.53620357142857,stop_hit,2.453796428571428,1.6358642857142855,-134.95880357142863,0.7,0.7422249999999999,-136.4010285714286,-1.0000000000000004,2023-12
2023-12-04 13:21:00,2023-12-04 13:22:00,2023-12-04 13:26:00,EYPT,LONG,79,23.02,21.330132142857142,26.39973571428571,26.39973571428571,target_hit,1.6898678571428563,1.1265785714285708,266.99912142857124,0.7,0.9092899999999999,265.38983142857126,1.9999999999999996,2023-12
2023-12-04 13:22:00,2023-12-04 13:23:00,2023-12-04 13:30:00,EYPT,LONG,75,24.89,23.082275000000003,28.50545,28.50545,target_hit,1.8077249999999991,1.2051499999999995,271.15874999999994,0.7,0.9333750000000001,269.52537499999994,2.0000000000000004,2023-12
2023-12-04 13:25:00,2023-12-04 13:26:00,2023-12-04 13:29:00,EYPT,SHORT,82,25.6,27.287446428571428,22.225107142857148,27.287446428571428,stop_hit,1.6874464285714277,1.1249642857142852,-138.370607142857,0.7,1.0496,-140.120207142857,-0.9999999999999994,2023-12
2023-12-04 13:26:00,2023-12-04 13:27:00,2023-12-04 13:30:00,EYPT,SHORT,82,26.34,28.00923214285714,23.001535714285716,28.00923214285714,stop_hit,1.669232142857142,1.112821428571428,-136.8770357142855,0.7,1.0799400000000001,-138.6569757142855,-0.9999999999999991,2023-12
2023-12-04 13:27:00,2023-12-04 13:28:00,2023-12-04 13:30:00,EYPT,SHORT,82,26.5,28.153396428571426,23.193207142857144,28.153396428571426,stop_hit,1.653396428571428,1.1022642857142853,-135.57850714285695,0.7,1.0865,-137.36500714285694,-0.9999999999999989,2023-12
2023-12-04 13:28:00,2023-12-04 13:29:00,2023-12-04 13:30:00,EYPT,SHORT,86,26.98,28.54872142857143,23.842557142857146,28.54872142857143,stop_hit,1.5687214285714282,1.0458142857142854,-134.9100428571429,0.7,1.1601400000000002,-136.7701828571429,-1.0000000000000007,2023-12
2023-12-04 13:29:00,2023-12-04 13:30:00,2023-12-04 13:56:00,EYPT,SHORT,80,28.51,30.173007142857145,25.18398571428572,25.18398571428572,target_hit,1.663007142857142,1.108671428571428,266.08114285714265,0.7,1.1404,264.24074285714266,1.9999999999999996,2023-12
2023-12-04 13:35:00,2023-12-04 13:36:00,2023-12-04 14:27:00,EYPT,SHORT,80,26.25,27.94923214285714,22.851535714285713,22.851535714285713,target_hit,1.6992321428571426,1.1328214285714284,271.8771428571429,0.7,1.05,270.1271428571429,2.000000000000001,2023-12
2023-12-04 13:48:00,2023-12-04 13:49:00,2023-12-04 13:58:00,EYPT,SHORT,153,26.35,27.257371428571428,24.535257142857144,24.535257142857144,target_hit,0.9073714285714279,0.6049142857142853,277.65565714285714,1.071,2.015775,274.5688821428571,2.0000000000000013,2023-12
2023-12-04 14:00:00,2023-12-04 14:01:00,2023-12-04 14:25:00,EYPT,LONG,162,24.3,23.424407142857145,26.051185714285715,23.424407142857145,stop_hit,0.8755928571428567,0.5837285714285712,-141.8460428571426,1.1340000000000001,1.9683,-144.9483428571426,-0.9999999999999986,2023-12
2023-12-04 14:03:00,2023-12-04 14:04:00,2023-12-04 14:06:00,EYPT,SHORT,181,23.8,24.575725,22.24855,24.575725,stop_hit,0.7757249999999996,0.5171499999999997,-140.4062249999996,1.2670000000000001,2.1539,-143.8271249999996,-0.9999999999999977,2023-12
2023-12-04 14:07:00,2023-12-04 14:08:00,2023-12-04 14:25:00,EYPT,SHORT,174,25.13,25.928224999999998,23.533549999999998,23.533549999999998,target_hit,0.7982249999999995,0.5321499999999997,277.78230000000013,1.218,2.18631,274.3779900000001,2.000000000000002,2023-12
2023-12-04 14:11:00,2023-12-04 14:12:00,2023-12-04 14:25:00,EYPT,SHORT,206,25.0,25.687857142857144,23.624285714285715,23.624285714285715,target_hit,0.6878571428571427,0.45857142857142846,283.3971428571426,1.442,2.575,279.38014285714263,1.9999999999999987,2023-12
2023-12-04 14:12:00,2023-12-04 14:13:00,2023-12-04 14:23:00,EYPT,SHORT,226,25.2,25.838571428571427,23.922857142857143,23.922857142857143,target_hit,0.6385714285714283,0.42571428571428555,288.6342857142854,1.582,2.8476,284.2046857142854,1.9999999999999987,2023-12
2023-12-04 14:14:00,2023-12-04 14:15:00,2023-12-04 14:20:00,EYPT,LONG,273,24.62,24.080000000000002,25.7,24.080000000000002,stop_hit,0.5399999999999996,0.3599999999999997,-147.41999999999976,1.911,3.36063,-152.69162999999975,-0.9999999999999992,2023-12
2023-12-04 14:26:00,2023-12-04 14:27:00,2023-12-04 14:30:00,EYPT,SHORT,211,22.42,23.11101785714286,21.03796428571429,21.03796428571429,target_hit,0.6910178571428576,0.4606785714285717,291.6095357142855,1.477,2.3653100000000005,287.76722571428553,1.9999999999999973,2023-12
2023-12-04 14:27:00,2023-12-04 14:28:00,2023-12-04 14:29:00,EYPT,LONG,197,22.65,21.896924999999996,24.15615,21.896924999999996,stop_hit,0.7530750000000008,0.5020500000000006,-148.3557750000005,1.379,2.231025,-151.96580000000048,-1.0000000000000024,2023-12
2023-12-04 14:28:00,2023-12-04 14:29:00,2023-12-04 14:30:00,EYPT,LONG,183,21.86,21.058710714285713,23.462578571428573,21.058710714285713,stop_hit,0.8012892857142866,0.5341928571428577,-146.63593928571444,1.281,2.00019,-149.91712928571445,-1.0,2023-12
2023-12-04 14:29:00,2023-12-04 14:30:00,2023-12-04 14:31:00,EYPT,LONG,174,19.6,18.764425,21.271150000000002,18.764425,stop_hit,0.8355750000000007,0.5570500000000005,-145.39005000000037,1.218,1.7052,-148.31325000000035,-1.0000000000000018,2023-12
2023-12-04 14:30:00,2023-12-04 14:31:00,2023-12-04 14:32:00,EYPT,LONG,131,18.6,17.505139285714286,20.789721428571433,20.789721428571433,target_hit,1.0948607142857147,0.7299071428571432,286.8535071428575,0.917,1.2183000000000002,284.7182071428575,2.0000000000000018,2023-12
2023-12-04 14:31:00,2023-12-04 14:32:00,2023-12-04 14:42:00,EYPT,LONG,124,20.9848,19.798835714285715,23.356728571428572,19.798835714285715,stop_hit,1.185964285714286,0.7906428571428573,-147.05957142857127,0.868,1.3010576,-149.22862902857128,-0.9999999999999987,2023-12
2023-12-04 14:32:00,2023-12-04 14:33:00,2023-12-04 14:41:00,EYPT,LONG,94,21.4371,19.899707142857142,24.511885714285714,19.899707142857142,stop_hit,1.5373928571428572,1.0249285714285714,-144.5149285714287,0.7,1.0075437,-146.2224722714287,-1.0000000000000009,2023-12
2023-12-04 14:33:00,2023-12-04 14:34:00,2023-12-04 14:36:00,EYPT,LONG,83,21.895,20.175464285714284,25.334071428571427,20.175464285714284,stop_hit,1.7195357142857142,1.1463571428571429,-142.72146428571438,0.7,0.9086424999999999,-144.33010678571438,-1.0000000000000007,2023-12
2023-12-04 14:34:00,2023-12-04 14:35:00,2023-12-04 14:43:00,EYPT,LONG,83,20.6,18.89225,24.015500000000003,18.89225,stop_hit,1.70775,1.1385,-141.74325000000007,0.7,0.8549000000000001,-143.29815000000005,-1.0000000000000004,2023-12
2023-12-04 14:35:00,2023-12-04 14:36:00,2023-12-04 15:49:00,EYPT,LONG,74,20.0,18.113321428571428,23.773357142857144,18.113321428571428,stop_hit,1.8866785714285719,1.2577857142857145,-139.61421428571433,0.7,0.74,-141.05421428571432,-1.0,2023-12
2023-12-04 14:36:00,2023-12-04 14:37:00,2023-12-04 15:49:00,EYPT,LONG,70,20.34,18.36225,24.2955,18.36225,stop_hit,1.97775,1.3185,-138.44250000000002,0.7,0.7119,-139.8544,-1.0000000000000002,2023-12
2023-12-04 14:37:00,2023-12-04 14:38:00,2023-12-04 15:49:00,EYPT,LONG,71,20.31,18.360107142857142,24.209785714285715,18.360107142857142,stop_hit,1.9498928571428573,1.2999285714285715,-138.4423928571428,0.7,0.721005,-139.8633978571428,-0.9999999999999996,2023-12
2023-12-04 14:38:00,2023-12-04 14:39:00,2023-12-04 15:48:00,EYPT,LONG,69,20.6167,18.64859285714286,24.552914285714287,18.64859285714286,stop_hit,1.9681071428571428,1.3120714285714286,-135.79939285714286,0.7,0.71127615,-137.21066900714285,-1.0,2023-12
2023-12-04 14:43:00,2023-12-04 14:44:00,2023-12-04 15:49:00,EYPT,LONG,73,19.75,17.90502142857143,23.439957142857143,17.90502142857143,stop_hit,1.8449785714285714,1.2299857142857142,-134.68343571428557,0.7,0.720875,-136.10431071428556,-0.999999999999999,2023-12
2023-12-04 14:44:00,2023-12-04 14:45:00,2023-12-04 15:20:00,EYPT,LONG,81,20.725,19.08037857142857,24.014242857142857,19.08037857142857,stop_hit,1.6446214285714287,1.0964142857142858,-133.21433571428582,0.7,0.8393625000000001,-134.7536982142858,-1.0000000000000007,2023-12
2023-12-04 14:45:00,2023-12-04 14:46:00,2023-12-04 15:50:00,EYPT,SHORT,80,20.7872,22.432892857142857,17.49581428571428,17.49581428571428,target_hit,1.6456928571428575,1.0971285714285717,263.31085714285734,0.7,0.831488,261.7793691428574,2.000000000000001,2023-12
2023-12-04 14:56:00,2023-12-04 14:57:00,2023-12-04 15:49:00,EYPT,SHORT,148,20.0,20.912439285714285,18.175121428571426,18.175121428571426,target_hit,0.9124392857142862,0.6082928571428575,270.0820285714289,1.036,1.48,267.5660285714289,2.0000000000000013,2023-12
2023-12-04 15:00:00,2023-12-04 15:01:00,2023-12-04 15:49:00,EYPT,SHORT,184,20.06,20.811467857142855,18.557064285714283,18.557064285714283,target_hit,0.7514678571428576,0.5009785714285717,276.54017142857174,1.288,1.84552,273.4066514285717,2.000000000000001,2023-12
2023-12-04 15:12:00,2023-12-04 15:13:00,2023-12-04 15:49:00,EYPT,SHORT,205,19.9205,20.60692142857143,18.54765714285714,18.54765714285714,target_hit,0.6864214285714294,0.4576142857142863,281.43278571428635,1.435,2.04185125,277.9559344642864,2.0000000000000018,2023-12
2023-12-04 15:15:00,2023-12-04 15:16:00,2023-12-04 15:49:00,EYPT,SHORT,228,19.3978,20.028689285714286,18.136021428571425,18.136021428571425,target_hit,0.6308892857142869,0.420592857142858,287.68551428571516,1.596,2.2113492000000003,283.8781650857152,2.000000000000002,2023-12
2023-12-04 15:42:00,2023-12-04 15:43:00,2023-12-04 15:45:00,EYPT,LONG,434,19.53,19.192060714285716,20.20587857142857,19.192060714285716,stop_hit,0.3379392857142849,0.2252928571428566,-146.66564999999954,3.0380000000000003,4.23801,-153.94165999999956,-0.9999999999999993,2023-12
2023-12-04 15:49:00,2023-12-04 15:50:00,2023-12-04 15:51:00,EYPT,SHORT,337,17.86,18.289771428571427,17.000457142857144,18.289771428571427,stop_hit,0.4297714285714281,0.2865142857142854,-144.83297142857117,2.359,3.00941,-150.20138142857118,-0.9999999999999993,2023-12
2023-12-04 15:50:00,2023-12-04 15:51:00,2023-12-19 14:30:00,EYPT,SHORT,297,18.625,19.107807142857144,17.659385714285715,19.107807142857144,stop_hit,0.48280714285714244,0.3218714285714283,-143.3937214285718,2.079,2.7658125,-148.23853392857183,-1.0000000000000036,2023-12
2023-12-04 15:52:00,2023-12-04 15:53:00,2023-12-19 14:30:00,EYPT,SHORT,219,18.27,18.916789285714284,16.976421428571427,18.916789285714284,stop_hit,0.6467892857142853,0.4311928571428569,-141.64685357142827,1.5330000000000001,2.000565,-145.18041857142825,-0.9999999999999984,2023-12
2023-12-21 14:31:00,2023-12-21 14:32:00,2023-12-26 13:00:00,EYPT,SHORT,389,19.99,20.351371428571426,19.26725714285714,20.351371428571426,stop_hit,0.36137142857142873,0.24091428571428583,-140.57348571428523,2.723,3.888055,-147.18454071428525,-0.9999999999999961,2023-12
2023-12-26 13:00:00,2023-12-26 14:11:00,2023-12-26 14:30:00,EYPT,SHORT,526,23.2,23.464535714285713,22.670928571428572,22.670928571428572,target_hit,0.26453571428571404,0.17635714285714268,278.29157142857076,3.682,6.1015999999999995,268.5079714285707,1.9999999999999971,2023-12
2023-12-26 14:34:00,2023-12-26 14:35:00,2023-12-26 15:27:00,EYPT,SHORT,357,23.145,23.541964285714286,22.35107142857143,23.541964285714286,stop_hit,0.39696428571428555,0.264642857142857,-141.7162500000003,2.499,4.1313825,-148.34663250000028,-1.0000000000000024,2023-12
2023-12-20 14:33:00,2023-12-20 14:34:00,2023-12-20 15:53:00,FDX,LONG,29,249.59,244.78142857142856,259.2071428571429,251.09,time_exit,4.80857142857144,3.2057142857142935,43.5,0.7,3.619055,39.180944999999994,0.31194295900178176,2023-12
2023-12-14 14:31:00,2023-12-14 14:32:00,2023-12-14 14:43:00,FITB,SHORT,355,33.88,34.276160714285716,33.087678571428576,34.276160714285716,stop_hit,0.3961607142857148,0.2641071428571432,-140.63705357142823,2.485,6.013700000000001,-149.13575357142824,-0.9999999999999962,2023-12
2023-12-20 13:00:00,2023-12-20 13:05:00,2023-12-20 14:30:00,FRSH,SHORT,641,23.8,24.017285714285716,23.365428571428573,24.017285714285716,stop_hit,0.21728571428571414,0.14485714285714277,-139.28014285714357,4.487,7.6279,-151.39504285714358,-1.0000000000000058,2023-12
2023-12-21 14:31:00,2023-12-21 14:32:00,2023-12-21 14:38:00,KMX,SHORT,139,82.01,82.99732142857144,80.03535714285715,80.03535714285715,target_hit,0.9873214285714275,0.658214285714285,274.4753571428567,0.973,5.699695000000001,267.80266214285666,1.999999999999999,2023-12
2023-12-21 14:43:00,2023-12-21 14:44:00,2023-12-21 15:53:00,KMX,SHORT,72,80.4069,82.34933571428571,76.52202857142856,79.495,time_exit,1.9424357142857178,1.2949571428571451,65.65679999999918,0.7,2.8946483999999995,62.062151599999176,0.46946212597584835,2023-12
2023-12-14 14:34:00,2023-12-14 14:35:00,2023-12-14 14:40:00,MRNA,SHORT,56,89.1454,91.66050357142856,84.11519285714286,91.66050357142856,stop_hit,2.51510357142857,1.6767357142857133,-140.84579999999983,0.7,2.4960712,-144.0418711999998,-0.9999999999999993,2023-12
2023-12-21 14:31:00,2023-12-21 14:32:00,2023-12-21 14:34:00,MU,SHORT,197,84.5603,85.26716428571429,83.14657142857143,85.26716428571429,stop_hit,0.7068642857142851,0.4712428571428567,-139.25226428571494,1.379,8.329189549999999,-148.96045383571493,-1.0000000000000056,2023-12
2023-12-21 14:39:00,2023-12-21 14:40:00,2023-12-21 15:53:00,MU,LONG,97,84.75,83.33375357142857,87.58249285714285,84.3115,time_exit,1.416246428571427,0.9441642857142847,-42.53450000000046,0.7,4.110375,-47.344875000000464,-0.30962125739820673,2023-12
2023-12-12 14:31:00,2023-12-12 14:32:00,2023-12-12 15:32:00,ORCL,LONG,76,104.6901,102.88450714285715,108.30128571428571,102.88450714285715,stop_hit,1.8055928571428583,1.2037285714285721,-137.225057142857,0.7,3.9782238000000003,-141.90328094285698,-0.9999999999999982,2023-12
2023-12-06 14:33:00,2023-12-06 14:34:00,2023-12-06 14:35:00,PLTR,SHORT,618,17.3,17.520339285714286,16.859321428571434,17.520339285714286,stop_hit,0.22033928571428416,0.1468928571428561,-136.16967857142825,4.3260000000000005,5.3457,-145.84137857142824,-1.0000000000000047,2023-12
2023-12-14 14:33:00,2023-12-14 14:34:00,2023-12-14 14:38:00,SCHW,SHORT,220,69.725,70.33538214285714,68.50423571428571,68.50423571428571,target_hit,0.6103821428571412,0.4069214285714275,268.56814285714194,1.54,7.66975,259.3583928571419,1.9999999999999984,2023-12
2023-12-14 14:35:00,2023-12-14 14:36:00,2023-12-14 15:53:00,TECH,SHORT,162,76.02,76.86803571428571,74.32392857142857,75.78,time_exit,0.8480357142857136,0.5653571428571423,38.87999999999917,1.1340000000000001,6.15762,31.58837999999917,0.2830069488313271,2023-12
2023-12-14 14:31:00,2023-12-14 14:32:00,2023-12-14 14:45:00,TFC,SHORT,341,36.96,37.36317857142857,36.153642857142856,37.36317857142857,stop_hit,0.40317857142857116,0.26878571428571413,-137.483892857142,2.387,6.30168,-146.172572857142,-0.9999999999999944,2023-12
2023-12-14 14:32:00,2023-12-14 14:33:00,2023-12-14 15:43:00,TMO,SHORT,30,531.79,536.2567964285714,522.856407142857,522.856407142857,target_hit,4.466796428571431,2.9778642857142876,268.00778571428737,0.7,7.97685,259.33093571428736,2.000000000000011,2023-12
2023-12-14 14:38:00,2023-12-14 14:39:00,2023-12-14 15:53:00,TMO,SHORT,23,529.465,535.381792857143,517.6314142857143,523.35,time_exit,5.916792857142872,3.9445285714285814,140.6450000000002,0.7,6.088847500000001,133.8561525000002,1.0334990843253633,2023-12
2023-12-11 14:31:00,2023-12-11 14:32:00,2023-12-12 14:38:00,UNG,SHORT,508,18.3596,18.63542857142857,17.80794285714286,18.63542857142857,stop_hit,0.27582857142857076,0.18388571428571382,-140.1209142857131,3.556,4.663338400000001,-148.3402526857131,-0.999999999999994,2023-12
2023-12-14 14:31:00,2023-12-14 14:32:00,2023-12-14 15:53:00,VTR,SHORT,326,50.545,50.96982142857143,49.69535714285715,50.51,time_exit,0.42482142857142824,0.2832142857142855,11.410000000001205,2.282,8.238835000000002,0.8891650000012028,0.08238755779740263,2023-12
2023-12-14 14:32:00,2023-12-14 14:33:00,2023-12-14 15:53:00,VTR,SHORT,296,50.5,50.96767857142857,49.56464285714286,50.51,time_exit,0.46767857142857094,0.31178571428571394,-2.959999999999411,2.072,7.474,-12.50599999999941,-0.021382206949213025,2023-12
2024-01-24 14:56:00,2024-01-24 14:57:00,2024-01-24 15:05:00,ABT,SHORT,301,111.5,111.96007142857142,110.57985714285715,110.57985714285715,target_hit,0.46007142857142674,0.3067142857142845,276.9629999999977,2.107,16.78075,258.07524999999765,1.9999999999999911,2024-01
2024-01-22 14:32:00,2024-01-22 14:33:00,2024-01-29 14:31:00,ADM,SHORT,86,56.99,58.63035714285714,53.70928571428572,53.70928571428572,target_hit,1.6403571428571415,1.0935714285714278,282.14142857142826,0.7,2.4505700000000004,278.99085857142825,1.9999999999999996,2024-01
2024-01-22 14:33:00,2024-01-22 14:34:00,2024-01-22 15:00:00,ADM,LONG,83,56.79,55.065,60.239999999999995,55.065,stop_hit,1.7249999999999979,1.1499999999999986,-143.17500000000013,0.7,2.356785,-146.23178500000012,-1.000000000000002,2024-01
2024-01-30 15:46:00,2024-01-30 15:47:00,2024-01-30 15:53:00,BKR,LONG,1442,28.51,28.411160714285714,28.707678571428573,28.595,time_exit,0.09883928571428602,0.06589285714285735,122.5699999999961,10.094,20.555710000000005,91.9202899999961,0.8599819331526349,2024-01
2024-01-03 15:53:00,2024-01-08 14:31:00,2024-01-08 14:32:00,COIN,LONG,136,159.69,158.63982857142855,161.79034285714286,158.63982857142855,stop_hit,1.0501714285714323,0.7001142857142882,-142.8233142857166,0.9520000000000001,10.85892,-154.63423428571662,-1.0000000000000127,2024-01
2024-01-08 14:31:00,2024-01-08 14:32:00,2024-01-08 14:34:00,COIN,LONG,107,157.83,156.51182142857144,160.46635714285713,156.51182142857144,stop_hit,1.318178571428565,0.8787857142857101,-141.04510714285755,0.749,8.443905,-150.23801214285754,-1.0000000000000078,2024-01
2024-01-24 14:32:00,2024-01-24 14:33:00,2024-01-24 15:53:00,FCX,SHORT,264,40.34,40.871385714285715,39.27722857142857,40.28,time_exit,0.5313857142857137,0.3542571428571425,15.8400000000006,1.848,5.32488,8.6671200000006,0.11291233163965277,2024-01
2024-01-30 14:31:00,2024-01-30 14:32:00,2024-01-30 15:53:00,GM,SHORT,280,38.36,38.86064642857143,37.35870714285714,37.695,time_exit,0.50064642857143,0.3337642857142867,186.19999999999976,1.96,5.3704,178.86959999999976,1.3282827201974534,2024-01
2024-01-25 14:33:00,2024-01-25 14:34:00,2024-01-25 15:53:00,HUM,LONG,16,354.435,345.5907107142857,372.1235785714286,348.1271,time_exit,8.84428928571429,5.89619285714286,-100.92640000000029,0.7,2.83548,-104.46188000000029,-0.7132172858919069,2024-01
2024-01-26 14:31:00,2024-01-26 14:32:00,2024-01-26 15:53:00,INTC,LONG,165,44.1802,43.32787857142857,45.88484285714286,44.115,time_exit,0.8523214285714277,0.5682142857142851,-10.757999999999548,1.155,3.6448665,-15.557866499999548,-0.0764969620783543,2024-01
2024-01-19 14:58:00,2024-01-19 14:59:00,2024-01-19 15:23:00,SMCI,LONG,232,38.774,38.166650000000004,39.9887,39.9887,target_hit,0.607349999999999,0.4048999999999993,281.81040000000013,1.624,4.497783999999999,275.6886160000001,2.0000000000000044,2024-01
2024-01-22 15:36:00,2024-01-22 15:37:00,2024-01-22 15:40:00,SMCI,LONG,253,41.933,41.36499285714286,43.06901428571428,41.36499285714286,stop_hit,0.5680071428571423,0.37867142857142816,-143.70580714285666,1.7710000000000001,5.304524499999999,-150.78133164285663,-0.9999999999999977,2024-01
2024-01-22 15:38:00,2024-01-22 15:39:00,2024-01-22 15:40:00,SMCI,LONG,269,42.043,41.51580357142857,43.09739285714286,41.51580357142857,stop_hit,0.5271964285714275,0.351464285714285,-141.8158392857144,1.883,5.6547835,-149.3536227857144,-1.0000000000000029,2024-01
2024-01-22 15:45:00,2024-01-22 15:46:00,2024-01-24 14:31:00,SMCI,LONG,226,41.79,41.169203571428575,43.031592857142854,43.031592857142854,target_hit,0.6207964285714271,0.41386428571428474,280.59998571428525,1.582,4.72227,274.2957157142853,2.0000000000000013,2024-01
2024-01-09 15:36:00,2024-01-09 15:37:00,2024-01-09 15:45:00,UNG,LONG,1457,25.1204,25.021914285714285,25.317371428571427,25.021914285714285,stop_hit,0.09848571428571351,0.06565714285714234,-143.493685714287,10.199,18.300211400000002,-171.99289711428702,-1.0000000000000169,2024-01
2024-01-16 14:44:00,2024-01-16 14:45:00,2024-01-16 15:03:00,UNG,SHORT,1179,23.66,23.780257142857142,23.419485714285717,23.780257142857142,stop_hit,0.12025714285714237,0.08017142857142824,-141.78317142857009,8.253,13.94757,-163.98374142857008,-0.9999999999999947,2024-01
2024-02-05 15:49:00,2024-02-05 15:50:00,2024-02-13 14:31:00,ALB,SHORT,470,110.057,110.355125,109.46074999999999,110.355125,stop_hit,0.2981250000000044,0.19875000000000295,-140.11874999999947,3.29,25.863395,-169.27214499999945,-0.9999999999999813,2024-02
2024-02-05 14:31:00,2024-02-05 14:32:00,2024-02-05 14:51:00,APD,LONG,31,222.03,217.56498214285716,230.9600357142857,217.56498214285716,stop_hit,4.465017857142853,2.9766785714285686,-138.41555357142803,0.7,3.441465,-142.55701857142802,-0.999999999999997,2024-02
2024-02-13 15:09:00,2024-02-13 15:10:00,2024-02-13 15:30:00,BX,SHORT,297,124.58,125.04129285714285,123.65741428571428,125.04129285714285,stop_hit,0.46129285714285473,0.3075285714285698,-137.00397857142679,2.079,18.500130000000002,-157.5831085714268,-0.9999999999999923,2024-02
2024-02-02 14:33:00,2024-02-02 14:34:00,2024-02-02 14:40:00,CHTR,LONG,19,326.838,319.96585714285715,340.5822857142857,340.5822857142857,target_hit,6.872142857142862,4.5814285714285745,261.1414285714282,0.7,3.1049610000000003,257.3364675714282,1.9999999999999958,2024-02
2024-02-16 14:35:00,2024-02-16 14:36:00,2024-02-16 14:49:00,COIN,LONG,29,191.09,186.3498607142857,200.57027857142856,186.3498607142857,stop_hit,4.740139285714285,3.160092857142857,-137.46403928571448,0.7,2.7708049999999997,-140.93484428571446,-1.0000000000000016,2024-02
2024-02-16 14:39:00,2024-02-16 14:40:00,2024-02-16 14:49:00,COIN,LONG,26,191.63,186.44077142857142,202.00845714285714,186.44077142857142,stop_hit,5.18922857142857,3.459485714285713,-134.91994285714287,0.7,2.49119,-138.11113285714285,-1.0000000000000004,2024-02
2024-02-27 14:33:00,2024-02-27 14:34:00,2024-02-27 15:40:00,COIN,SHORT,32,209.59,213.76642857142858,201.23714285714283,201.23714285714283,target_hit,4.176428571428582,2.784285714285722,267.2914285714296,0.7,3.35344,263.23798857142964,2.0000000000000027,2024-02
2024-02-22 15:35:00,2024-02-22 15:36:00,2024-02-22 15:52:00,CRWD,SHORT,102,305.66,307.00600357142855,302.9679928571429,307.00600357142855,stop_hit,1.3460035714285539,0.8973357142857026,-137.2923642857096,0.714,15.588660000000003,-153.5950242857096,-0.9999999999999789,2024-02
2024-02-16 15:43:00,2024-02-16 15:44:00,2024-02-22 14:31:00,DASH,LONG,207,111.71,111.05295714285714,113.0240857142857,113.0240857142857,target_hit,0.6570428571428546,0.4380285714285697,272.01574285714196,1.449,11.561984999999998,259.00475785714195,2.0000000000000013,2024-02
2024-02-13 14:38:00,2024-02-13 14:39:00,2024-02-21 14:31:00,DDOG,SHORT,37,135.53,139.24561785714286,128.09876428571428,128.09876428571428,target_hit,3.7156178571428575,2.4770785714285717,274.9557214285716,0.7,2.5073049999999997,271.74841642857166,2.0000000000000013,2024-02
2024-02-13 14:39:00,2024-02-13 14:40:00,2024-02-21 14:31:00,DDOG,SHORT,34,134.09,138.17098571428573,125.92802857142857,125.92802857142857,target_hit,4.080985714285718,2.7206571428571453,277.50702857142875,0.7,2.2795300000000003,274.52749857142874,1.9999999999999996,2024-02
2024-02-21 15:10:00,2024-02-21 15:11:00,2024-02-21 15:26:00,DDOG,SHORT,305,125.22,125.69303571428571,124.27392857142857,124.27392857142857,target_hit,0.47303571428571345,0.3153571428571423,288.5517857142858,2.1350000000000002,19.096049999999998,267.32073571428583,2.0000000000000044,2024-02
2024-02-05 14:32:00,2024-02-05 14:33:00,2024-02-05 14:42:00,EL,LONG,38,156.465,152.67198214285713,164.05103571428572,152.67198214285713,stop_hit,3.7930178571428605,2.5286785714285736,-144.1346785714291,0.7,2.972835,-147.8075135714291,-1.0000000000000029,2024-02
2024-02-05 14:34:00,2024-02-05 14:35:00,2024-02-05 14:44:00,EL,LONG,36,155.05,151.02662500000002,163.09675000000001,151.02662500000002,stop_hit,4.023375000000001,2.6822500000000002,-144.84149999999954,0.7,2.7909,-148.33239999999952,-0.9999999999999967,2024-02
2024-02-05 14:37:00,2024-02-05 14:38:00,2024-02-13 14:31:00,EL,LONG,33,154.68,150.36733928571428,163.30532142857143,150.36733928571428,stop_hit,4.312660714285716,2.875107142857144,-142.31780357142898,0.7,2.55222,-145.57002357142898,-1.0000000000000024,2024-02
2024-02-05 14:38:00,2024-02-05 14:39:00,2024-02-13 14:31:00,EL,LONG,32,153.995,149.5771892857143,162.83062142857145,149.5771892857143,stop_hit,4.417810714285718,2.945207142857145,-141.36994285714263,0.7,2.4639200000000003,-144.53386285714262,-0.9999999999999976,2024-02
2024-02-05 14:41:00,2024-02-05 14:42:00,2024-02-05 14:47:00,ENPH,SHORT,104,94.66,96.01792857142857,91.94414285714285,96.01792857142857,stop_hit,1.3579285714285705,0.9052857142857137,-141.2245714285716,0.728,4.92232,-146.87489142857163,-1.000000000000002,2024-02
2024-02-07 14:34:00,2024-02-07 14:35:00,2024-02-14 15:11:00,ENPH,LONG,32,118.8,114.48671785714285,127.42656428571429,127.42656428571429,target_hit,4.3132821428571475,2.8755214285714317,276.05005714285744,0.7,1.9008,273.44925714285745,2.0,2024-02
2024-02-07 14:35:00,2024-02-07 14:36:00,2024-02-07 14:47:00,ENPH,LONG,32,121.4199,116.99134285714285,130.2770142857143,116.99134285714285,stop_hit,4.428557142857148,2.952371428571432,-141.71382857142862,0.7,1.9427184,-144.3565469714286,-0.9999999999999992,2024-02
2024-02-13 14:40:00,2024-02-13 14:41:00,2024-02-14 14:31:00,ENPH,SHORT,43,121.8,125.05570714285714,115.28858571428572,125.05570714285714,stop_hit,3.255707142857144,2.1704714285714295,-139.99540714285735,0.7,2.6187,-143.31410714285732,-1.000000000000001,2024-02
2024-02-15 15:13:00,2024-02-15 15:14:00,2024-02-15 15:53:00,ES,SHORT,506,57.975,58.250625,57.423750000000005,57.88,time_exit,0.275624999999999,0.18374999999999936,48.069999999999425,3.5420000000000003,14.667675000000001,29.86032499999942,0.3446712018140561,2024-02
2024-02-09 14:36:00,2024-02-09 14:37:00,2024-02-09 15:53:00,EXPE,SHORT,27,131.23,136.34573928571427,120.99852142857142,131.045,time_exit,5.115739285714286,3.4104928571428568,4.995000000000061,0.7,1.7716049999999999,2.523395000000061,0.03616290621310887,2024-02
2024-02-09 14:38:00,2024-02-09 14:39:00,2024-02-09 15:53:00,EXPE,LONG,25,128.816,123.28923928571429,139.86952142857143,131.045,time_exit,5.526760714285713,3.684507142857142,55.724999999999625,0.7,1.6102,53.41479999999962,0.40331038654132584,2024-02
2024-02-09 14:41:00,2024-02-09 14:42:00,2024-02-09 15:53:00,EXPE,LONG,23,130.43,124.57242500000001,142.14515,131.045,time_exit,5.857575,3.9050499999999997,14.144999999999555,0.7,1.4999450000000003,11.945054999999556,0.10499225362030887,2024-02
2024-02-28 15:41:00,2024-02-28 15:42:00,2024-02-28 15:53:00,FSLR,LONG,134,147.49,146.44207857142857,149.58584285714286,148.3,time_exit,1.0479214285714278,0.6986142857142852,108.5400000000003,0.9380000000000001,9.88183,97.72017000000031,0.7729587141893163,2024-02
2024-02-13 14:31:00,2024-02-13 14:32:00,2024-02-13 14:36:00,HAS,SHORT,180,49.45,50.23534642857143,47.879307142857144,50.23534642857143,stop_hit,0.785346428571428,0.5235642857142854,-141.36235714285732,1.26,4.4505,-147.07285714285732,-1.000000000000002,2024-02
2024-02-13 14:32:00,2024-02-13 14:33:00,2024-02-13 14:37:00,HAS,SHORT,144,49.61,50.58204285714286,47.66591428571429,50.58204285714286,stop_hit,0.9720428571428565,0.6480285714285711,-139.97417142857182,1.008,3.57192,-144.55409142857184,-1.0000000000000033,2024-02
2024-02-21 14:33:00,2024-02-21 14:34:00,2024-02-21 14:36:00,IFF,SHORT,102,77.0,78.35428571428571,74.29142857142857,78.35428571428571,stop_hit,1.3542857142857143,0.9028571428571429,-138.1371428571423,0.714,3.927,-142.77814285714229,-0.9999999999999959,2024-02
2024-02-21 14:32:00,2024-02-21 14:33:00,2024-02-26 14:49:00,PANW,LONG,23,136.0025,130.12966785714286,147.7481642857143,147.7481642857143,target_hit,5.8728321428571455,3.91522142857143,270.1502785714289,0.7,1.56402875,267.8862498214289,2.0000000000000013,2024-02
2024-02-21 14:33:00,2024-02-21 14:34:00,2024-02-26 14:50:00,PANW,LONG,23,136.1475,130.17234642857144,148.09780714285716,148.09780714285716,target_hit,5.975153571428572,3.9834357142857146,274.8570642857146,0.7,1.5656962500000002,272.59136803571465,2.000000000000002,2024-02
2024-02-21 14:41:00,2024-02-21 14:42:00,2024-02-26 15:06:00,PANW,LONG,21,136.165,129.48338928571428,149.5282214285714,149.5282214285714,target_hit,6.681610714285716,4.454407142857144,280.62764999999985,0.7,1.4297324999999999,278.49791749999986,1.9999999999999984,2024-02
2024-02-06 14:37:00,2024-02-06 14:38:00,2024-02-06 15:14:00,PLTR,LONG,223,20.335,19.684642857142858,21.635714285714286,21.635714285714286,target_hit,0.6503571428571429,0.4335714285714286,290.05928571428564,1.561,2.2673525,286.23093321428564,1.9999999999999993,2024-02
2024-02-13 14:31:00,2024-02-13 14:32:00,2024-02-13 14:39:00,SMCI,LONG,145,75.453,74.43687857142858,77.48524285714285,77.48524285714285,target_hit,1.0161214285714273,0.6774142857142849,294.67521428571285,1.0150000000000001,5.470342500000001,288.18987178571285,1.9999999999999931,2024-02
2024-02-15 14:34:00,2024-02-15 14:35:00,2024-02-15 14:37:00,SMCI,LONG,66,94.277,92.01907142857144,98.79285714285714,92.01907142857144,stop_hit,2.2579285714285713,1.5052857142857141,-149.02328571428527,0.7,3.111141,-152.83442671428526,-0.999999999999997,2024-02
2024-02-16 14:52:00,2024-02-16 14:53:00,2024-02-16 14:55:00,SMCI,LONG,57,96.093,93.50645357142858,101.26609285714287,93.50645357142858,stop_hit,2.5865464285714292,1.7243642857142862,-147.43314642857115,0.7,2.7386505000000003,-150.87179692857114,-0.9999999999999979,2024-02
2024-02-16 14:53:00,2024-02-16 14:54:00,2024-02-16 14:55:00,SMCI,LONG,54,95.0,92.26656071428572,100.46687857142857,92.26656071428572,stop_hit,2.733439285714286,1.8222928571428574,-147.6057214285713,0.7,2.565,-150.87072142857127,-0.9999999999999989,2024-02
2024-02-16 14:54:00,2024-02-16 14:55:00,2024-02-16 15:00:00,SMCI,LONG,51,93.5,90.64270357142857,99.21459285714286,90.64270357142857,stop_hit,2.857296428571428,1.9048642857142855,-145.72211785714296,0.7,2.38425,-148.80636785714296,-1.0000000000000009,2024-02
2024-02-16 14:56:00,2024-02-16 14:57:00,2024-02-16 15:00:00,SMCI,LONG,44,94.702,91.42041785714287,101.26516428571428,91.42041785714287,stop_hit,3.2815821428571397,2.1877214285714266,-144.38961428571383,0.7,2.083444,-147.1730582857138,-0.9999999999999978,2024-02
2024-02-16 14:57:00,2024-02-16 14:58:00,2024-02-16 15:01:00,SMCI,LONG,43,93.201,89.90319642857142,99.79660714285714,89.90319642857142,stop_hit,3.2978035714285703,2.1985357142857134,-141.80555357142867,0.7,2.0038215,-144.50937507142865,-1.000000000000001,2024-02
2024-02-16 14:58:00,2024-02-16 14:59:00,2024-02-16 15:02:00,SMCI,LONG,41,92.505,89.09919642857142,99.31660714285714,89.09919642857142,stop_hit,3.405803571428571,2.270535714285714,-139.6379464285717,0.7,1.8963525,-142.2342989285717,-1.000000000000002,2024-02
2024-02-16 14:59:00,2024-02-16 15:00:00,2024-02-16 15:02:00,SMCI,LONG,39,91.61,88.08623214285714,98.65753571428571,88.08623214285714,stop_hit,3.5237678571428566,2.349178571428571,-137.42694642857145,0.7,1.786395,-139.91334142857144,-1.0000000000000002,2024-02
2024-02-16 15:00:00,2024-02-16 15:01:00,2024-02-21 14:31:00,SMCI,LONG,38,89.653,86.02268928571429,96.91362142857143,86.02268928571429,stop_hit,3.630310714285713,2.420207142857142,-137.9518071428571,0.7,1.7034070000000001,-140.35521414285708,-1.0,2024-02
2024-02-16 15:01:00,2024-02-16 15:02:00,2024-02-21 14:31:00,SMCI,LONG,36,89.5069,85.701625,97.11744999999999,85.701625,stop_hit,3.805274999999998,2.536849999999999,-136.9898999999998,0.7,1.6111242000000001,-139.3010241999998,-0.9999999999999991,2024-02
2024-02-16 15:02:00,2024-02-16 15:03:00,2024-02-21 14:31:00,SMCI,LONG,35,87.2204,83.35391428571428,94.95337142857143,83.35391428571428,stop_hit,3.8664857142857136,2.5776571428571424,-135.32700000000006,0.7,1.526357,-137.55335700000003,-1.0000000000000007,2024-02
2024-02-16 15:03:00,2024-02-16 15:04:00,2024-02-21 14:31:00,SMCI,LONG,34,88.3135,84.38084285714287,96.1788142857143,84.38084285714287,stop_hit,3.9326571428571433,2.621771428571429,-133.7103428571427,0.7,1.5013295,-135.9116723571427,-0.9999999999999988,2024-02
2024-02-16 15:04:00,2024-02-16 15:05:00,2024-02-21 14:31:00,SMCI,LONG,34,87.0073,83.10292857142858,94.81604285714286,83.10292857142858,stop_hit,3.90437142857143,2.6029142857142866,-132.74862857142838,0.7,1.4791241,-134.92775267142838,-0.9999999999999982,2024-02
2024-02-16 15:05:00,2024-02-16 15:06:00,2024-02-21 14:31:00,SMCI,LONG,34,88.639,84.79859285714285,96.31981428571429,84.79859285714285,stop_hit,3.840407142857143,2.5602714285714288,-130.57384285714295,0.7,1.5068629999999998,-132.78070585714295,-1.0000000000000007,2024-02
2024-02-16 15:06:00,2024-02-16 15:07:00,2024-02-21 14:31:00,SMCI,LONG,36,89.493,85.89693214285714,96.6851357142857,85.89693214285714,stop_hit,3.596067857142857,2.3973785714285714,-129.4584428571428,0.7,1.610874,-131.7693168571428,-0.9999999999999998,2024-02
2024-02-16 15:07:00,2024-02-16 15:08:00,2024-02-16 15:36:00,SMCI,LONG,37,90.4,86.91139642857144,97.37720714285715,86.91139642857144,stop_hit,3.4886035714285732,2.3257357142857153,-129.07833214285708,0.7,1.6724,-131.45073214285708,-0.999999999999999,2024-02
2024-02-16 15:09:00,2024-02-16 15:10:00,2024-02-16 15:36:00,SMCI,SHORT,39,93.148,96.42221071428571,86.59957857142857,86.59957857142857,target_hit,3.2742107142857164,2.1828071428571443,255.38843571428578,0.7,1.816386,252.8720497142858,1.9999999999999991,2024-02
2024-02-16 15:11:00,2024-02-16 15:12:00,2024-02-21 14:31:00,SMCI,SHORT,39,90.085,93.38648928571428,83.48202142857141,83.48202142857141,target_hit,3.301489285714286,2.2009928571428574,257.5161642857146,0.7,1.7566574999999998,255.0595067857146,2.000000000000002,2024-02
2024-02-16 15:13:00,2024-02-16 15:14:00,2024-02-21 14:31:00,SMCI,SHORT,42,89.8345,92.97666785714286,83.55016428571429,83.55016428571429,target_hit,3.1421678571428564,2.094778571428571,263.9421000000001,0.7,1.8865245000000002,261.3555755000001,2.0000000000000013,2024-02
2024-02-16 15:14:00,2024-02-16 15:15:00,2024-02-21 14:31:00,SMCI,SHORT,46,89.8212,92.7821892857143,83.89922142857144,83.89922142857144,target_hit,2.9609892857142865,1.9739928571428575,272.41101428571415,0.7,2.0658876,269.64512668571416,1.9999999999999982,2024-02
2024-02-16 15:15:00,2024-02-16 15:16:00,2024-02-21 14:31:00,SMCI,SHORT,49,90.741,93.54036428571429,85.14227142857143,85.14227142857143,target_hit,2.7993642857142866,1.8662428571428578,274.33769999999976,0.7,2.2231545,271.41454549999975,1.9999999999999976,2024-02
2024-02-16 15:17:00,2024-02-16 15:18:00,2024-02-21 14:31:00,SMCI,SHORT,55,90.127,92.69098214285714,84.99903571428571,84.99903571428571,target_hit,2.5639821428571423,1.7093214285714282,282.0380357142857,0.7,2.4784924999999998,278.8595432142857,2.0,2024-02
2024-02-16 15:21:00,2024-02-16 15:22:00,2024-02-21 14:31:00,SMCI,LONG,60,88.1,85.71666071428571,92.86667857142857,85.71666071428571,stop_hit,2.383339285714286,1.5888928571428573,-143.00035714285713,0.7,2.6430000000000002,-146.34335714285712,-0.9999999999999998,2024-02
2024-02-16 15:22:00,2024-02-16 15:23:00,2024-02-21 14:31:00,SMCI,SHORT,60,89.0784,91.44138214285715,84.35243571428572,84.35243571428572,target_hit,2.3629821428571436,1.575321428571429,283.557857142857,0.7,2.672352,280.18550514285704,1.9999999999999984,2024-02
2024-02-16 15:24:00,2024-02-16 15:25:00,2024-02-16 15:42:00,SMCI,SHORT,64,87.845,90.12066071428572,83.29367857142856,90.12066071428572,stop_hit,2.275660714285718,1.5171071428571454,-145.64228571428612,0.7,2.81104,-149.1533257142861,-1.000000000000001,2024-02
2024-02-16 15:27:00,2024-02-16 15:28:00,2024-02-16 15:33:00,SMCI,LONG,77,89.3,87.43237142857141,93.03525714285715,87.43237142857141,stop_hit,1.8676285714285765,1.2450857142857177,-143.80740000000085,0.7,3.4380499999999996,-147.94545000000085,-1.000000000000003,2024-02
2024-02-16 15:36:00,2024-02-16 15:37:00,2024-02-21 14:31:00,SMCI,LONG,85,88.1731,86.50035357142858,91.51859285714286,86.50035357142858,stop_hit,1.672746428571429,1.115164285714286,-142.18344642857147,0.7,3.7473567500000002,-146.63080317857145,-1.0,2024-02
2024-02-16 15:41:00,2024-02-16 15:42:00,2024-02-16 15:49:00,SMCI,LONG,80,90.0495,88.29466071428571,93.55917857142856,88.29466071428571,stop_hit,1.7548392857142847,1.1698928571428564,-140.38714285714263,0.7,3.6019799999999997,-144.68912285714262,-0.999999999999999,2024-02
2024-02-16 15:49:00,2024-02-16 15:50:00,2024-02-21 14:31:00,SMCI,LONG,98,88.3335,86.91312857142857,91.17424285714286,86.91312857142857,stop_hit,1.4203714285714315,0.9469142857142876,-139.19639999999998,0.7,4.3283415000000005,-144.22474149999996,-0.9999999999999978,2024-02
2024-02-16 15:52:00,2024-02-16 15:53:00,2024-02-21 14:31:00,SMCI,LONG,106,88.477,87.17541785714286,91.0801642857143,87.17541785714286,stop_hit,1.301582142857149,0.8677214285714326,-137.96770714285714,0.742,4.689281,-143.39898814285712,-0.9999999999999952,2024-02
2024-02-22 14:34:00,2024-02-22 14:35:00,2024-02-23 14:31:00,SMCI,LONG,56,85.798,83.35110357142857,90.69179285714286,90.69179285714286,target_hit,2.4468964285714296,1.6312642857142865,274.0523999999999,0.7,2.4023440000000003,270.9500559999999,1.9999999999999984,2024-02
2024-02-23 14:46:00,2024-02-23 14:47:00,2024-02-23 14:59:00,SMCI,SHORT,51,91.4915,94.19370714285714,86.08708571428572,86.08708571428572,target_hit,2.7022071428571404,1.8014714285714268,275.6251285714284,0.7,2.33303325,272.59209532142836,2.0000000000000004,2024-02
2024-02-23 14:47:00,2024-02-23 14:48:00,2024-02-26 14:42:00,SMCI,SHORT,51,90.5776,93.34323571428571,85.04632857142857,85.04632857142857,target_hit,2.7656357142857115,1.843757142857141,282.0948428571429,0.7,2.3097288000000002,279.0851140571429,2.000000000000002,2024-02
2024-02-23 14:48:00,2024-02-23 14:49:00,2024-02-23 15:21:00,SMCI,SHORT,53,88.6832,91.40640714285713,83.23678571428572,91.40640714285713,stop_hit,2.72320714285714,1.8154714285714266,-144.32997857142811,0.7,2.3501048,-147.3800833714281,-0.999999999999998,2024-02
2024-02-23 14:50:00,2024-02-23 14:51:00,2024-02-23 14:57:00,SMCI,LONG,48,89.8345,86.8814392857143,95.74062142857143,86.8814392857143,stop_hit,2.953060714285714,1.9687071428571425,-141.74691428571418,0.7,2.1560280000000005,-144.60294228571416,-0.9999999999999994,2024-02
2024-02-23 15:07:00,2024-02-23 15:08:00,2024-02-23 15:18:00,SMCI,SHORT,80,87.669,89.44615714285715,84.11468571428571,89.44615714285715,stop_hit,1.7771571428571424,1.1847714285714284,-142.17257142857193,0.7,3.50676,-146.3793314285719,-1.0000000000000038,2024-02
2024-02-26 15:05:00,2024-02-26 15:06:00,2024-02-26 15:11:00,SMCI,LONG,162,85.194,84.32805,86.9259,84.32805,stop_hit,0.86595,0.5773,-140.28389999999968,1.1340000000000001,6.900714,-148.31861399999966,-0.9999999999999977,2024-02
2024-02-22 14:34:00,2024-02-22 14:35:00,2024-02-22 15:53:00,SNPS,LONG,8,597.34,580.2440285714285,631.5319428571429,601.58,time_exit,17.09597142857143,11.397314285714288,33.92000000000007,0.7,2.3893600000000004,30.83064000000007,0.24801164518290908,2024-02
2024-02-22 14:35:00,2024-02-22 14:36:00,2024-02-22 15:53:00,SNPS,LONG,7,598.0,580.3152785714286,633.3694428571429,601.58,time_exit,17.68472142857142,11.78981428571428,25.060000000000286,0.7,2.093,22.267000000000287,0.20243462779211188,2024-02
2024-02-22 14:36:00,2024-02-22 14:37:00,2024-02-22 15:53:00,SNPS,LONG,7,597.0,579.0517071428571,632.8965857142857,601.58,time_exit,17.948292857142853,11.965528571428568,32.06000000000029,0.7,2.0895,29.270500000000286,0.25517747211135716,2024-02
2024-02-16 14:31:00,2024-02-16 14:32:00,2024-02-16 14:33:00,TTD,SHORT,65,91.59,93.74260714285715,87.2847857142857,93.74260714285715,stop_hit,2.1526071428571467,1.4350714285714312,-139.91946428571475,0.7,2.976675,-143.59613928571474,-1.0000000000000016,2024-02
2024-02-16 14:34:00,2024-02-16 14:35:00,2024-02-16 14:46:00,TTD,LONG,53,91.415,88.80475357142858,96.63549285714286,88.80475357142858,stop_hit,2.6102464285714273,1.740164285714285,-138.34306071428574,0.7,2.4224975,-141.46555821428572,-1.0000000000000007,2024-02
2024-02-16 14:36:00,2024-02-16 14:37:00,2024-02-16 14:46:00,TTD,LONG,45,91.54,88.4923,97.6354,88.4923,stop_hit,3.0477,2.0318,-137.1465000000003,0.7,2.05965,-139.90615000000028,-1.000000000000002,2024-02
2024-02-16 14:38:00,2024-02-16 14:39:00,2024-02-16 14:46:00,TTD,LONG,42,91.5816,88.36032857142857,98.02414285714286,88.36032857142857,stop_hit,3.2212714285714306,2.147514285714287,-135.29339999999993,0.7,1.9232135999999997,-137.91661359999992,-0.9999999999999989,2024-02
2024-02-16 14:52:00,2024-02-16 14:53:00,2024-02-20 14:35:00,TTD,LONG,78,86.875,85.15408214285715,90.31683571428572,85.15408214285715,stop_hit,1.720917857142855,1.14727857142857,-134.23159285714237,0.7,3.388125,-138.31971785714236,-0.9999999999999977,2024-02
2024-02-16 14:53:00,2024-02-16 14:54:00,2024-02-20 14:35:00,TTD,LONG,73,86.96,85.15018571428571,90.57962857142856,85.15018571428571,stop_hit,1.8098142857142836,1.2065428571428558,-132.11644285714257,0.7,3.17404,-135.99048285714255,-0.999999999999999,2024-02
2024-02-28 14:59:00,2024-02-28 15:00:00,2024-02-28 15:09:00,UNH,SHORT,74,490.3558,492.12412857142857,486.8191428571429,486.8191428571429,target_hit,1.7683285714285564,1.1788857142857043,261.7126285714261,0.7,18.143164600000002,242.8694639714261,1.999999999999998,2024-02
2024-02-07 14:55:00,2024-02-07 14:56:00,2024-02-07 15:20:00,VLTO,LONG,294,81.54,81.08464285714287,82.4507142857143,82.4507142857143,target_hit,0.4553571428571428,0.30357142857142855,267.7500000000018,2.058,11.98638,253.70562000000183,2.0000000000000138,2024-02
2024-02-07 15:39:00,2024-02-07 15:40:00,2024-02-07 15:49:00,VLTO,SHORT,549,82.61,82.85910714285714,82.11178571428572,82.11178571428572,target_hit,0.2491071428571432,0.1660714285714288,273.51964285714155,3.843,22.676445,247.00019785714153,1.9999999999999876,2024-02
2024-02-13 15:06:00,2024-02-13 15:07:00,2024-02-13 15:29:00,ZTS,SHORT,199,187.22,187.91889285714285,185.8222142857143,187.91889285714285,stop_hit,0.6988928571428537,0.46592857142856914,-139.07967857142748,1.393,18.62839,-159.10106857142748,-0.9999999999999971,2024-02
2024-03-14 13:47:00,2024-03-14 13:48:00,2024-03-14 14:21:00,COIN,SHORT,35,239.225,243.05932142857142,231.55635714285714,243.05932142857142,stop_hit,3.8343214285714233,2.556214285714282,-134.20125,0.7,4.1864375,-139.0876875,-1.0000000000000013,2024-03
2024-03-19 13:42:00,2024-03-19 13:43:00,2024-03-19 15:36:00,COIN,SHORT,29,220.64,225.19456785714283,211.53086428571427,225.19456785714283,stop_hit,4.554567857142853,3.036378571428569,-132.08246785714243,0.7,3.19928,-135.9817478571424,-0.9999999999999977,2024-03
2024-03-05 14:48:00,2024-03-05 14:49:00,2024-03-05 15:18:00,SMCI,SHORT,75,101.8102,103.60784285714286,98.21491428571429,98.21491428571429,target_hit,1.7976428571428547,1.1984285714285698,269.64642857142815,0.7,3.8178824999999996,265.12854607142816,1.9999999999999996,2024-03
2024-04-24 13:32:00,2024-04-24 13:33:00,2024-04-24 15:53:00,FTV,SHORT,103,77.46,78.79607142857142,74.78785714285713,75.33,time_exit,1.33607142857143,0.8907142857142867,219.38999999999953,0.721,3.98919,214.67980999999952,1.5942261427425772,2024-04
2024-04-24 13:34:00,2024-04-24 13:35:00,2024-04-24 15:53:00,FTV,SHORT,83,77.655,79.33660714285715,74.29178571428571,75.33,time_exit,1.6816071428571437,1.1210714285714292,192.97500000000025,0.7,3.2226825,189.05231750000027,1.382605925453967,2024-04
2024-04-30 13:33:00,2024-04-30 13:34:00,2024-04-30 14:03:00,INCY,SHORT,202,53.16,53.860296428571424,51.75940714285714,51.75940714285714,target_hit,0.7002964285714275,0.466864285714285,282.9197571428565,1.414,5.36916,276.1365971428565,1.9999999999999987,2024-04
2024-04-24 14:43:00,2024-04-24 14:44:00,2024-04-24 15:30:00,ODFL,SHORT,43,198.2601,201.6095892857143,191.56112142857143,201.6095892857143,stop_hit,3.349489285714288,2.232992857142859,-144.02803928571484,0.7,4.26259215,-148.99063143571482,-1.000000000000003,2024-04
2024-04-29 13:45:00,2024-04-29 13:46:00,2024-04-29 15:14:00,TSLA,SHORT,66,188.6885,190.8274357142857,184.41062857142856,190.8274357142857,stop_hit,2.138935714285715,1.4259571428571434,-141.16975714285672,0.7,6.226720500000001,-148.0964776428567,-0.9999999999999967,2024-04
2024-05-30 13:32:00,2024-05-30 13:33:00,2024-05-30 13:47:00,A,LONG,55,130.57,128.02160714285714,135.6667857142857,128.02160714285714,stop_hit,2.5483928571428582,1.6989285714285722,-140.16160714285718,0.7,3.5906749999999996,-144.45228214285717,-0.9999999999999998,2024-05
2024-05-30 13:33:00,2024-05-30 13:34:00,2024-05-30 13:35:00,A,LONG,55,131.63,129.08964285714285,136.7107142857143,129.08964285714285,stop_hit,2.540357142857145,1.69357142857143,-139.71964285714307,0.7,3.619825,-144.03946785714305,-1.0000000000000007,2024-05
2024-05-30 13:34:00,2024-05-30 13:35:00,2024-05-30 14:39:00,A,LONG,51,128.51,125.81857142857142,133.89285714285714,133.89285714285714,target_hit,2.6914285714285735,1.7942857142857156,274.52571428571457,0.7,3.2770049999999995,270.5487092857146,2.0000000000000004,2024-05
2024-05-30 13:35:00,2024-05-30 13:36:00,2024-05-30 13:39:00,A,LONG,46,131.505,128.48785714285714,137.5392857142857,128.48785714285714,stop_hit,3.017142857142858,2.011428571428572,-138.78857142857146,0.7,3.024615,-142.51318642857146,-1.0,2024-05
2024-05-02 13:36:00,2024-05-02 13:37:00,2024-05-02 13:49:00,BAX,SHORT,313,38.12,38.56571428571428,37.22857142857143,37.22857142857143,target_hit,0.44571428571428456,0.2971428571428564,279.0171428571423,2.191,5.96578,270.8603628571423,2.0000000000000013,2024-05
2024-05-07 13:32:00,2024-05-07 13:33:00,2024-05-07 13:40:00,BLDR,LONG,42,178.75,175.4200642857143,185.40987142857142,175.4200642857143,stop_hit,3.3299357142857167,2.2199571428571443,-139.85729999999984,0.7,3.75375,-144.31104999999982,-0.9999999999999981,2024-05
2024-05-02 13:32:00,2024-05-02 13:33:00,2024-05-02 13:47:00,CHRW,LONG,108,81.715,80.4175,84.31,84.31,target_hit,1.2974999999999985,0.864999999999999,280.2599999999999,0.756,4.412610000000001,275.09138999999993,2.0000000000000013,2024-05
2024-05-02 13:33:00,2024-05-02 13:34:00,2024-05-02 13:45:00,CHRW,SHORT,96,82.315,83.80428571428571,79.33642857142857,83.80428571428571,stop_hit,1.4892857142857119,0.9928571428571412,-142.97142857142853,0.7,3.95112,-147.62254857142852,-1.0000000000000013,2024-05
2024-05-02 13:34:00,2024-05-02 13:35:00,2024-05-02 13:48:00,CHRW,LONG,88,81.22,79.61446428571429,84.43107142857143,84.43107142857143,target_hit,1.605535714285713,1.070357142857142,282.5742857142858,0.7,3.57368,278.3006057142858,2.000000000000002,2024-05
2024-05-02 13:35:00,2024-05-02 13:36:00,2024-05-02 14:07:00,CHRW,LONG,82,81.155,79.38607142857143,84.69285714285714,84.69285714285714,target_hit,1.7689285714285692,1.1792857142857127,290.1042857142851,0.7,3.3273550000000003,286.0769307142851,1.999999999999998,2024-05
2024-05-02 13:39:00,2024-05-02 13:40:00,2024-05-02 15:53:00,CHRW,LONG,72,81.79,79.75009642857144,85.86980714285714,82.97,time_exit,2.039903571428569,1.3599357142857127,84.95999999999947,0.7,2.94444,81.31555999999946,0.5784587156605763,2024-05
2024-05-02 13:31:00,2024-05-02 13:32:00,2024-05-02 13:35:00,DASH,LONG,83,113.91,112.13091428571428,117.46817142857142,112.13091428571428,stop_hit,1.779085714285717,1.1860571428571447,-147.66411428571422,0.7,4.727264999999999,-153.0913792857142,-0.999999999999998,2024-05
2024-05-02 13:35:00,2024-05-02 13:36:00,2024-05-07 13:34:00,DASH,LONG,58,111.22,108.69436428571429,116.27127142857142,116.27127142857142,target_hit,2.5256357142857135,1.6837571428571425,292.97374285714267,0.7,3.2253800000000004,289.0483628571427,1.9999999999999993,2024-05
2024-05-07 13:32:00,2024-05-07 13:33:00,2024-05-07 14:16:00,DDOG,SHORT,67,112.91,115.12980714285713,108.47038571428571,115.12980714285713,stop_hit,2.2198071428571406,1.4798714285714272,-148.72707857142808,0.7,3.782485,-153.20956357142808,-0.9999999999999976,2024-05
2024-05-24 13:33:00,2024-05-24 13:34:00,2024-05-24 13:39:00,DECK,LONG,59,166.5,163.98762857142856,171.52474285714285,171.52474285714285,target_hit,2.512371428571429,1.674914285714286,296.4598285714284,0.7,4.9117500000000005,290.8480785714284,1.9999999999999987,2024-05
2024-05-02 13:31:00,2024-05-02 13:32:00,2024-05-02 13:35:00,EBAY,SHORT,309,50.095,50.58513571428571,49.11472857142857,50.58513571428571,stop_hit,0.49013571428571323,0.32675714285714214,-151.45193571428553,2.1630000000000003,7.7396775,-161.35461321428554,-1.0000000000000009,2024-05
2024-05-23 13:33:00,2024-05-23 13:34:00,2024-05-23 13:38:00,HAS,LONG,351,60.9505,60.52440357142857,61.80269285714286,60.52440357142857,stop_hit,0.42609642857142865,0.28406428571428577,-149.55984642857072,2.457,10.69681275,-162.7136591785707,-0.9999999999999952,2024-05
2024-05-23 13:34:00,2024-05-23 13:35:00,2024-05-23 13:37:00,HAS,LONG,325,61.14,60.684975,62.05005,60.684975,stop_hit,0.45502500000000046,0.3033500000000003,-147.88312499999972,2.275,9.93525,-160.09337499999972,-0.9999999999999971,2024-05
2024-05-31 13:36:00,2024-05-31 13:37:00,2024-05-31 13:52:00,HPQ,SHORT,349,36.21,36.62987142857143,35.37025714285714,35.37025714285714,target_hit,0.4198714285714291,0.27991428571428606,293.0702571428578,2.443,6.318645000000001,284.30861214285784,2.000000000000002,2024-05
2024-05-02 13:38:00,2024-05-02 13:39:00,2024-05-02 15:53:00,HWM,LONG,74,76.17,74.17339285714286,80.16321428571429,77.07,time_exit,1.996607142857145,1.33107142857143,66.59999999999937,0.7,2.81829,63.08170999999937,0.4507646900992708,2024-05
2024-05-02 13:40:00,2024-05-02 13:41:00,2024-05-02 14:44:00,HWM,LONG,70,77.01,74.88155357142857,81.26689285714286,74.88155357142857,stop_hit,2.128446428571431,1.4189642857142875,-148.99125000000055,0.7,2.6953500000000004,-152.38660000000053,-1.0000000000000024,2024-05
2024-05-13 13:46:00,2024-05-13 13:47:00,2024-05-13 14:04:00,INCY,LONG,252,58.31,57.72056428571429,59.488871428571436,57.72056428571429,stop_hit,0.5894357142857163,0.39295714285714417,-148.53779999999972,1.764,7.347060000000001,-157.64885999999973,-0.9999999999999947,2024-05
2024-05-03 13:34:00,2024-05-03 13:35:00,2024-05-03 13:54:00,MNST,LONG,398,53.96,53.59042142857143,54.69915714285714,54.69915714285714,target_hit,0.36957857142856887,0.24638571428571257,294.18454285714097,2.786,10.738040000000002,280.66050285714095,2.0000000000000013,2024-05
2024-05-08 13:31:00,2024-05-08 13:32:00,2024-05-08 14:01:00,MTCH,SHORT,301,28.38,28.87685357142857,27.386292857142855,28.87685357142857,stop_hit,0.496853571428571,0.331235714285714,-149.55292499999956,2.107,4.27119,-155.93111499999955,-0.999999999999998,2024-05
2024-05-08 13:32:00,2024-05-08 13:33:00,2024-05-08 14:01:00,MTCH,SHORT,257,28.28,28.856675000000003,27.12665,28.856675000000003,stop_hit,0.576675,0.38445000000000007,-148.2054750000004,1.799,3.63398,-153.63845500000042,-1.0000000000000027,2024-05
2024-05-28 13:31:00,2024-05-28 13:32:00,2024-05-28 13:44:00,VST,LONG,240,104.655,104.04504642857142,105.87490714285714,104.04504642857142,stop_hit,0.6099535714285724,0.40663571428571493,-146.38885714285834,1.68,12.5586,-160.62745714285836,-1.0000000000000067,2024-05
2024-06-20 13:31:00,2024-06-20 13:32:00,2024-06-20 13:33:00,ACN,LONG,36,311.27,307.2812107142857,319.24757857142856,307.2812107142857,stop_hit,3.9887892857142924,2.6591928571428616,-143.59641428571445,0.7,5.60286,-149.89927428571443,-0.9999999999999994,2024-06
2024-06-14 13:33:00,2024-06-14 13:34:00,2024-06-14 15:53:00,ADBE,LONG,14,524.27,514.0960678571429,544.6178642857143,524.92,time_exit,10.173932142857138,6.782621428571425,9.099999999999682,0.7,3.66989,4.730109999999682,0.0638887689511794,2024-06
2024-06-26 13:31:00,2024-06-26 13:32:00,2024-06-26 13:39:00,APTV,LONG,171,66.08,65.24285,67.7543,67.7543,target_hit,0.8371500000000003,0.5581000000000002,286.3053000000004,1.197,5.64984,279.4584600000004,2.000000000000002,2024-06
2024-06-26 13:33:00,2024-06-26 13:34:00,2024-06-26 13:39:00,APTV,SHORT,142,66.84,67.87054285714287,64.7789142857143,67.87054285714287,stop_hit,1.0305428571428565,0.687028571428571,-146.33708571428642,0.994,4.745640000000001,-152.07672571428643,-1.0000000000000053,2024-06
2024-06-05 13:34:00,2024-06-05 13:35:00,2024-06-05 13:38:00,CRWD,LONG,28,333.59,328.5720285714285,343.62594285714283,328.5720285714285,stop_hit,5.017971428571436,3.345314285714291,-140.5032000000008,0.7,4.670259999999999,-145.87346000000076,-1.000000000000004,2024-06
2024-06-10 13:32:00,2024-06-10 13:33:00,2024-06-10 13:43:00,CRWD,LONG,32,379.78,375.4265071428571,388.4869857142857,375.4265071428571,stop_hit,4.3534928571428715,2.902328571428581,-139.31177142857268,0.7,6.07648,-146.08825142857268,-1.0000000000000058,2024-06
2024-06-10 13:33:00,2024-06-10 13:34:00,2024-06-10 13:42:00,CRWD,LONG,30,381.82,377.1059714285714,391.2480571428572,377.1059714285714,stop_hit,4.714028571428587,3.142685714285725,-141.42085714285713,0.7,5.7273000000000005,-147.84815714285713,-0.9999999999999966,2024-06
2024-06-20 13:31:00,2024-06-20 13:32:00,2024-06-20 13:33:00,ENPH,SHORT,84,108.48,110.14936071428572,105.14127857142857,110.14936071428572,stop_hit,1.6693607142857136,1.1129071428571424,-140.22630000000015,0.7,4.55616,-145.48246000000015,-1.0000000000000016,2024-06
2024-06-20 13:32:00,2024-06-20 13:33:00,2024-06-20 14:43:00,ENPH,SHORT,75,110.15,111.98462857142857,106.48074285714286,111.98462857142857,stop_hit,1.834628571428571,1.223085714285714,-137.59714285714253,0.7,4.130625,-142.42776785714253,-0.9999999999999978,2024-06
2024-06-20 13:33:00,2024-06-20 13:34:00,2024-06-20 14:43:00,ENPH,SHORT,67,109.805,111.84833214285715,105.71833571428571,111.84833214285715,stop_hit,2.0433321428571443,1.3622214285714296,-136.9032535714283,0.7,3.6784675000000004,-141.2817210714283,-0.9999999999999974,2024-06
2024-06-26 13:31:00,2024-06-26 13:32:00,2024-06-26 15:53:00,FDX,LONG,25,286.54,281.1662607142857,297.2874785714286,292.39,time_exit,5.373739285714286,3.582492857142857,146.24999999999915,0.7,3.5817500000000004,141.96824999999916,1.0886274322149916,2024-06
2024-06-26 13:34:00,2024-06-26 13:35:00,2024-06-26 15:53:00,FDX,LONG,22,290.49,284.2601892857143,302.94962142857145,292.39,time_exit,6.229810714285709,4.1532071428571395,41.7999999999995,0.7,3.19539,37.904609999999494,0.3049851893000613,2024-06
2024-06-27 13:32:00,2024-06-27 13:33:00,2024-06-27 15:46:00,IP,SHORT,208,42.89,43.55403928571428,41.56192142857143,43.55403928571428,stop_hit,0.6640392857142847,0.44269285714285644,-138.12017142857053,1.456,4.46056,-144.0367314285705,-0.999999999999995,2024-06
2024-06-06 13:31:00,2024-06-06 13:32:00,2024-06-06 13:38:00,LULU,LONG,31,324.62,320.2190428571428,333.4219142857143,320.2190428571428,stop_hit,4.4009571428571554,2.933971428571437,-136.4296714285726,0.7,5.03161,-142.16128142857258,-1.0000000000000056,2024-06
2024-06-10 14:04:00,2024-06-10 14:05:00,2024-06-10 14:14:00,LUV,SHORT,669,29.5189,29.720960714285713,29.11477857142857,29.720960714285713,stop_hit,0.20206071428571426,0.13470714285714283,-135.178617857143,4.683,9.874072049999999,-149.73568990714298,-1.000000000000001,2024-06
2024-06-28 13:32:00,2024-06-28 13:33:00,2024-06-28 15:53:00,NKE,SHORT,63,78.67,80.77486428571429,74.46027142857143,76.2499,time_exit,2.104864285714287,1.403242857142858,152.46630000000033,0.7,2.4781050000000002,149.28819500000034,1.1497653394687832,2024-06
2024-06-25 13:31:00,2024-06-25 13:32:00,2024-06-25 13:35:00,PNR,SHORT,191,75.175,75.88321428571429,73.75857142857143,75.88321428571429,stop_hit,0.7082142857142872,0.47214285714285814,-135.26892857142963,1.337,7.1792125,-143.78514107142962,-1.0000000000000056,2024-06
2024-06-07 13:48:00,2024-06-07 13:49:00,2024-06-07 13:56:00,SLV,SHORT,1642,26.975,27.05650357142857,26.81199285714286,26.81199285714286,target_hit,0.08150357142857066,0.05433571428571377,267.65772857142355,11.494,22.146475000000002,234.01725357142357,1.9999999999999813,2024-06
2024-06-20 13:45:00,2024-06-20 13:46:00,2024-06-20 14:11:00,SMCI,SHORT,87,100.4275,101.97994642857142,97.32260714285714,97.32260714285714,target_hit,1.5524464285714277,1.0349642857142851,270.1256785714286,0.7,4.3685962499999995,265.0570823214286,2.0000000000000013,2024-06
2024-07-31 13:31:00,2024-07-31 13:32:00,2024-07-31 13:39:00,AMD,SHORT,56,148.585,151.0578142857143,143.63937142857142,151.0578142857143,stop_hit,2.472814285714292,1.648542857142861,-138.4776000000004,0.7,4.16038,-143.33798000000039,-1.0000000000000004,2024-07
2024-07-31 13:31:00,2024-07-31 13:32:00,2024-07-31 13:34:00,ANET,SHORT,117,83.0713,84.23665,80.7406,84.23665,stop_hit,1.165349999999998,0.7768999999999987,-136.3459500000004,0.8190000000000001,4.85967105,-142.0246210500004,-1.0000000000000047,2024-07
2024-07-24 13:31:00,2024-07-24 13:32:00,2024-07-24 13:33:00,APH,SHORT,174,62.7419,63.52019642857143,61.18530714285715,63.52019642857143,stop_hit,0.7782964285714277,0.5188642857142851,-135.42357857142883,1.218,5.4585453,-142.10012387142882,-1.0000000000000029,2024-07
2024-07-31 13:31:00,2024-07-31 13:32:00,2024-07-31 15:53:00,APH,SHORT,152,64.928,65.81273214285714,63.15853571428571,64.24,time_exit,0.8847321428571414,0.5898214285714276,104.57600000000036,1.064,4.934528,98.57747200000037,0.777636492077913,2024-07
2024-07-31 13:31:00,2024-07-31 13:32:00,2024-07-31 13:41:00,CEG,LONG,35,191.76,187.90608214285714,199.4678357142857,187.90608214285714,stop_hit,3.85391785714286,2.569278571428573,-134.88712499999963,0.7,3.3558,-138.9429249999996,-0.9999999999999966,2024-07
2024-07-26 13:31:00,2024-07-26 13:32:00,2024-07-26 13:36:00,CHTR,LONG,23,368.975,363.17375000000004,380.57750000000004,363.17375000000004,stop_hit,5.80125000000001,3.867500000000007,-133.42874999999958,0.7,4.2432125,-138.37196249999957,-0.9999999999999951,2024-07
2024-07-26 13:32:00,2024-07-26 13:33:00,2024-07-26 13:44:00,CHTR,SHORT,19,373.66,380.2996428571429,360.3807142857143,360.3807142857143,target_hit,6.63964285714286,4.426428571428573,252.30642857142868,0.7,3.5497700000000005,248.0566585714287,2.0,2024-07
2024-07-26 13:34:00,2024-07-26 13:35:00,2024-07-26 13:36:00,CHTR,LONG,17,370.15,362.5466071428571,385.3567857142857,362.5466071428571,stop_hit,7.60339285714286,5.0689285714285734,-129.2576785714287,0.7,3.1462749999999997,-133.1039535714287,-1.0000000000000007,2024-07
2024-07-26 13:35:00,2024-07-26 13:36:00,2024-07-26 15:53:00,CHTR,SHORT,15,367.07,375.59588214285714,350.0182357142857,369.23,time_exit,8.525882142857144,5.68392142857143,-32.400000000000375,0.7,2.753025,-35.85302500000038,-0.2533462184683893,2024-07
2024-07-26 13:36:00,2024-07-26 13:37:00,2024-07-26 15:53:00,CHTR,SHORT,14,367.645,377.1233821428571,348.6882357142857,369.23,time_exit,9.478382142857143,6.318921428571429,-22.19000000000051,0.7,2.573515,-25.46351500000051,-0.16722263104727042,2024-07
2024-07-26 13:41:00,2024-07-26 13:42:00,2024-07-26 15:53:00,CHTR,SHORT,11,364.51,376.51692142857144,340.49615714285716,369.23,time_exit,12.00692142857142,8.00461428571428,-51.9200000000003,0.7,2.0048049999999997,-54.6248050000003,-0.3931065950651108,2024-07
2024-07-26 13:44:00,2024-07-26 13:45:00,2024-07-26 15:53:00,CHTR,LONG,15,358.215,349.55415,375.5367,369.23,time_exit,8.660849999999996,5.773899999999998,165.22500000000065,0.7,2.6866125,161.83838750000066,1.2718151220723195,2024-07
2024-07-19 13:40:00,2024-07-19 13:41:00,2024-07-19 13:51:00,CRWD,SHORT,13,301.6901,311.3825428571428,282.3052142857142,311.3825428571428,stop_hit,9.692442857142872,6.461628571428581,-126.00175714285706,0.7,1.9609856499999998,-128.66274279285707,-0.9999999999999978,2024-07
2024-07-19 13:42:00,2024-07-19 13:43:00,2024-07-19 13:51:00,CRWD,SHORT,13,301.3685,311.5692392857143,280.9670214285714,311.5692392857143,stop_hit,10.200739285714294,6.800492857142863,-132.6096107142858,0.7,1.9588952499999999,-135.2685059642858,-0.9999999999999998,2024-07
2024-07-19 13:44:00,2024-07-19 13:45:00,2024-07-19 13:51:00,CRWD,SHORT,21,305.59,311.75895357142855,293.2520928571428,311.75895357142855,stop_hit,6.168953571428586,4.112635714285724,-129.54802500000005,0.7,3.2086949999999996,-133.45672000000005,-0.999999999999998,2024-07
2024-07-19 13:45:00,2024-07-19 13:46:00,2024-07-19 13:51:00,CRWD,SHORT,21,304.74,310.78254642857144,292.6549071428571,310.78254642857144,stop_hit,6.042546428571448,4.028364285714299,-126.89347499999997,0.7,3.19977,-130.79324499999996,-0.9999999999999964,2024-07
2024-07-19 13:47:00,2024-07-19 13:48:00,2024-07-19 13:51:00,CRWD,SHORT,23,306.39,311.90664642857143,295.3567071428571,311.90664642857143,stop_hit,5.516646428571452,3.6777642857143014,-126.88286785714331,0.7,3.5234849999999995,-131.10635285714332,-0.9999999999999993,2024-07
2024-07-22 13:31:00,2024-07-22 13:32:00,2024-07-22 14:03:00,CRWD,SHORT,24,280.1,285.34250000000003,269.61499999999995,269.61499999999995,target_hit,5.242500000000025,3.4950000000000165,251.6400000000017,0.7,3.3612,247.5788000000017,2.000000000000004,2024-07
2024-07-31 13:31:00,2024-07-31 13:32:00,2024-07-31 13:38:00,CZR,LONG,269,40.95,40.466571428571434,41.91685714285715,40.466571428571434,stop_hit,0.48342857142857065,0.3222857142857138,-130.0422857142849,1.883,5.5077750000000005,-137.43306071428492,-0.9999999999999954,2024-07
2024-07-31 13:33:00,2024-07-31 13:34:00,2024-07-31 13:38:00,CZR,LONG,194,40.8401,40.179028571428574,42.16224285714286,40.179028571428574,stop_hit,0.661071428571428,0.44071428571428534,-128.2478571428565,1.358,3.9614897,-133.5673468428565,-0.9999999999999958,2024-07
2024-07-31 13:34:00,2024-07-31 13:35:00,2024-07-31 15:53:00,CZR,LONG,179,40.565,39.855714285714285,41.98357142857142,40.67,time_exit,0.7092857142857132,0.47285714285714214,18.795000000000712,1.2530000000000001,3.6305674999999997,13.911432500000712,0.1480362537764409,2024-07
2024-07-31 13:36:00,2024-07-31 13:37:00,2024-07-31 15:53:00,CZR,LONG,159,40.51,39.70804642857143,42.11390714285714,40.67,time_exit,0.8019535714285704,0.5346357142857135,25.440000000000587,1.113,3.2205449999999995,21.106455000000587,0.19951279687549195,2024-07
2024-07-26 13:31:00,2024-07-26 13:32:00,2024-07-26 13:33:00,DECK,LONG,42,159.3933,156.39781071428573,165.38427857142858,156.39781071428573,stop_hit,2.995489285714285,1.9969928571428568,-125.81054999999998,0.7,3.3472593,-129.85780929999999,-1.0,2024-07
2024-07-26 13:33:00,2024-07-26 13:34:00,2024-07-26 15:50:00,DECK,SHORT,34,155.5,159.15526428571428,148.18947142857144,151.7567,time_exit,3.6552642857142863,2.4368428571428575,127.27220000000017,0.7,2.6435,123.92870000000016,1.0240846372257637,2024-07
2024-07-26 13:36:00,2024-07-26 13:37:00,2024-07-26 15:50:00,DECK,SHORT,29,157.0625,161.3320892857143,148.52332142857142,151.7567,time_exit,4.269589285714286,2.8463928571428574,153.86820000000014,0.7,2.27740625,150.89079375000014,1.2426956423543594,2024-07
2024-07-26 13:31:00,2024-07-26 13:32:00,2024-07-26 15:53:00,DXCM,SHORT,24,66.0,71.30785714285715,55.38428571428571,62.82,time_exit,5.307857142857143,3.538571428571429,76.32,0.7,0.792,74.82799999999999,0.5991118288251917,2024-07
2024-07-26 13:32:00,2024-07-26 13:33:00,2024-07-26 15:53:00,DXCM,SHORT,23,65.29,70.76500000000001,54.34,62.82,time_exit,5.475000000000001,3.650000000000001,56.81000000000014,0.7,0.750835,55.35916500000013,0.4511415525114165,2024-07
2024-07-26 13:33:00,2024-07-26 13:34:00,2024-07-26 15:53:00,DXCM,LONG,23,65.27,59.662142857142854,76.48571428571428,62.82,time_exit,5.607857142857145,3.7385714285714298,-56.3499999999999,0.7,0.750605,-57.800604999999905,-0.4368870207616855,2024-07
2024-07-26 13:38:00,2024-07-26 13:39:00,2024-07-26 15:53:00,DXCM,SHORT,21,65.41,71.44214285714285,53.34571428571429,62.82,time_exit,6.032142857142855,4.02142857142857,54.38999999999992,0.7,0.686805,53.00319499999992,0.42936648904677277,2024-07
2024-07-25 13:31:00,2024-07-25 13:32:00,2024-07-29 15:53:00,EW,SHORT,46,65.35,68.16583214285714,59.71833571428571,63.62,time_exit,2.815832142857144,1.8772214285714293,79.57999999999986,0.7,1.50305,77.37694999999985,0.6143832132850844,2024-07
2024-07-25 13:40:00,2024-07-25 13:41:00,2024-07-29 15:53:00,EW,SHORT,38,66.07,69.45825357142857,59.293492857142844,63.62,time_exit,3.3882535714285744,2.2588357142857163,93.09999999999984,0.7,1.25533,91.14466999999983,0.7230863772002203,2024-07
2024-07-25 13:49:00,2024-07-25 13:50:00,2024-07-25 14:04:00,EW,SHORT,150,67.1,67.97895714285714,65.3420857142857,65.3420857142857,target_hit,0.8789571428571437,0.5859714285714291,263.6871428571439,1.05,5.0325,257.60464285714386,2.000000000000006,2024-07
2024-07-15 13:34:00,2024-07-15 13:35:00,2024-07-15 13:39:00,FSLR,SHORT,31,212.4,216.62217857142858,203.95564285714286,216.62217857142858,stop_hit,4.2221785714285724,2.814785714285715,-130.88753571428572,0.7,3.2922000000000002,-134.87973571428572,-0.9999999999999998,2024-07
2024-07-15 13:36:00,2024-07-15 13:37:00,2024-07-31 15:53:00,FSLR,SHORT,28,214.25,218.91716428571428,204.91567142857141,213.8,time_exit,4.6671642857142865,3.111442857142858,12.599999999999682,0.7,2.9995000000000003,8.900499999999681,0.096418290090493,2024-07
2024-07-24 13:33:00,2024-07-24 13:34:00,2024-07-24 15:53:00,FTV,SHORT,92,72.91,74.35642857142857,70.01714285714286,71.2,time_exit,1.4464285714285714,0.9642857142857143,157.31999999999942,0.7,3.3538599999999996,153.26613999999944,1.1822222222222178,2024-07
2024-07-30 13:39:00,2024-07-30 13:40:00,2024-07-30 14:08:00,GLW,SHORT,162,37.97,38.80151428571429,36.30697142857142,38.80151428571429,stop_hit,0.831514285714289,0.5543428571428594,-134.70531428571525,1.1340000000000001,3.07557,-138.91488428571523,-1.000000000000003,2024-07
2024-07-25 13:33:00,2024-07-25 13:34:00,2024-07-25 13:41:00,HAS,SHORT,133,61.505,62.503571428571426,59.50785714285715,62.503571428571426,stop_hit,0.9985714285714271,0.6657142857142847,-132.80999999999938,0.931,4.0900825,-137.83108249999938,-0.9999999999999967,2024-07
2024-07-25 13:34:00,2024-07-25 13:35:00,2024-07-25 13:43:00,HAS,SHORT,117,62.185,63.31482142857143,59.92535714285715,63.31482142857143,stop_hit,1.1298214285714265,0.7532142857142843,-132.18910714285676,0.8190000000000001,3.6378225000000004,-136.64592964285674,-0.9999999999999988,2024-07
2024-07-25 13:35:00,2024-07-25 13:36:00,2024-07-25 13:41:00,HAS,SHORT,107,61.75,62.973035714285714,59.30392857142858,62.973035714285714,stop_hit,1.2230357142857118,0.8153571428571412,-130.86482142857145,0.749,3.3036250000000003,-134.91744642857145,-1.0000000000000022,2024-07
2024-07-23 14:09:00,2024-07-23 14:10:00,2024-07-23 14:17:00,HCA,SHORT,61,335.22,337.32205714285715,331.0158857142858,337.32205714285715,stop_hit,2.1020571428571344,1.401371428571423,-128.22548571428433,0.7,10.224210000000001,-139.14969571428432,-0.9999999999999932,2024-07
2024-07-31 14:27:00,2024-07-31 14:28:00,2024-07-31 14:29:00,HUM,SHORT,45,368.17,370.98875714285714,362.53248571428577,370.98875714285714,stop_hit,2.818757142857125,1.8791714285714167,-126.84407142857054,0.7,8.283825,-135.82789642857054,-0.9999999999999993,2024-07
2024-07-30 13:31:00,2024-07-30 13:32:00,2024-07-30 15:53:00,HWM,LONG,89,92.455,91.04017857142857,95.28464285714286,93.455,time_exit,1.414821428571427,0.9432142857142846,89.0,0.7,4.114247499999999,84.18575249999999,0.7068029786696967,2024-07
2024-07-25 13:31:00,2024-07-25 13:32:00,2024-07-25 13:33:00,INVH,SHORT,316,33.865,34.26839285714286,33.058214285714286,34.26839285714286,stop_hit,0.4033928571428572,0.26892857142857146,-127.47214285714207,2.212,5.35067,-135.03481285714207,-0.9999999999999937,2024-07
2024-07-19 13:38:00,2024-07-19 13:39:00,2024-07-19 15:53:00,ISRG,SHORT,15,452.0,460.0242714285714,435.9514571428571,449.74,time_exit,8.024271428571431,5.349514285714288,33.899999999999864,0.7,3.39,29.80999999999986,0.28164550764733304,2024-07
2024-07-25 13:35:00,2024-07-25 13:36:00,2024-07-25 14:00:00,LKQ,LONG,110,35.57,34.42117142857143,37.86765714285715,37.86765714285715,target_hit,1.1488285714285729,0.7658857142857153,252.74228571428623,0.77,1.95635,250.01593571428623,2.0000000000000013,2024-07
2024-07-25 13:41:00,2024-07-25 13:42:00,2024-07-25 14:58:00,LKQ,LONG,100,36.3,35.0151,38.8698,38.8698,target_hit,1.2849000000000013,0.8566000000000008,256.9800000000001,0.7000000000000001,1.8149999999999997,254.4650000000001,1.9999999999999987,2024-07
2024-07-25 13:42:00,2024-07-25 13:43:00,2024-07-25 15:53:00,LKQ,LONG,97,36.555,35.20045714285714,39.26408571428571,38.985,time_exit,1.3545428571428582,0.9030285714285721,235.70999999999998,0.7,1.7729175000000001,233.23708249999999,1.7939631715497042,2024-07
2024-07-25 13:44:00,2024-07-25 13:45:00,2024-07-25 14:02:00,LKQ,SHORT,91,36.54,38.007557142857145,33.604885714285714,38.007557142857145,stop_hit,1.4675571428571432,0.9783714285714288,-133.54770000000028,0.7,1.6625699999999999,-135.91027000000025,-1.0000000000000018,2024-07
2024-07-25 13:48:00,2024-07-25 13:49:00,2024-07-25 14:34:00,LKQ,SHORT,122,37.51,38.59768214285714,35.33463571428571,38.59768214285714,stop_hit,1.0876821428571435,0.7251214285714289,-132.69722142857114,0.854,2.2881099999999996,-135.83933142857114,-0.9999999999999971,2024-07
2024-07-25 13:50:00,2024-07-25 13:51:00,2024-07-25 14:12:00,LKQ,SHORT,149,37.5,38.37902142857143,35.741957142857146,38.37902142857143,stop_hit,0.8790214285714286,0.5860142857142857,-130.97419285714264,1.043,2.79375,-134.81094285714263,-0.9999999999999982,2024-07
2024-07-25 13:51:00,2024-07-25 13:52:00,2024-07-25 14:03:00,LKQ,SHORT,157,37.34,38.16678928571429,35.686421428571435,38.16678928571429,stop_hit,0.8267892857142852,0.5511928571428568,-129.8059178571426,1.099,2.93119,-133.83610785714257,-0.9999999999999986,2024-07
2024-07-24 13:31:00,2024-07-24 13:32:00,2024-07-24 14:13:00,LW,SHORT,52,64.125,66.55390714285714,59.26718571428571,59.26718571428571,target_hit,2.4289071428571445,1.6192714285714298,252.60634285714312,0.7,1.6672500000000001,250.23909285714313,2.000000000000001,2024-07
2024-07-24 13:34:00,2024-07-24 13:35:00,2024-07-25 13:31:00,LW,SHORT,44,60.92,63.875728571428574,55.00854285714286,55.00854285714286,target_hit,2.9557285714285726,1.970485714285715,260.1041142857144,0.7,1.34024,258.0638742857144,2.0,2024-07
2024-07-24 13:35:00,2024-07-24 13:36:00,2024-07-25 13:41:00,LW,SHORT,42,60.19,63.32038214285714,53.92923571428571,53.92923571428571,target_hit,3.130382142857144,2.0869214285714293,262.9521000000001,0.7,1.26399,260.9881100000001,2.0,2024-07
2024-07-24 13:36:00,2024-07-24 13:37:00,2024-07-24 14:33:00,LW,LONG,42,61.264,58.033707142857146,67.72458571428572,58.033707142857146,stop_hit,3.230292857142859,2.1535285714285726,-135.67229999999998,0.7,1.2865440000000001,-137.65884399999996,-0.9999999999999993,2024-07
2024-07-24 13:40:00,2024-07-24 13:41:00,2024-07-25 13:31:00,LW,SHORT,38,62.285,65.80126785714285,55.25246428571428,55.25246428571428,target_hit,3.516267857142857,2.3441785714285714,267.2363571428572,0.7,1.1834149999999999,265.35294214285716,2.0,2024-07
2024-07-24 13:45:00,2024-07-24 13:46:00,2024-07-24 14:13:00,LW,SHORT,88,62.255,63.81284642857143,59.13930714285715,59.13930714285715,target_hit,1.5578464285714282,1.0385642857142854,274.1809714285711,0.7,2.7392200000000004,270.74175142857115,1.9999999999999982,2024-07
2024-07-24 14:15:00,2024-07-24 14:16:00,2024-07-24 14:34:00,LW,LONG,225,58.345,57.72239285714286,59.59021428571429,57.72239285714286,stop_hit,0.6226071428571436,0.4150714285714291,-140.08660714285685,1.575,6.5638125,-148.22541964285685,-0.9999999999999968,2024-07
2024-07-25 13:32:00,2024-07-25 13:33:00,2024-07-25 13:41:00,LW,LONG,182,54.91,54.150817857142854,56.42836428571429,54.150817857142854,stop_hit,0.7591821428571448,0.5061214285714298,-138.17114999999987,1.274,4.99681,-144.44195999999988,-0.9999999999999964,2024-07
2024-07-25 13:36:00,2024-07-25 13:37:00,2024-07-25 13:46:00,LW,LONG,146,54.63,53.69154642857143,56.506907142857145,53.69154642857143,stop_hit,0.9384535714285727,0.6256357142857151,-137.0142214285719,1.022,3.9879900000000004,-142.02421142857187,-1.0000000000000022,2024-07
2024-07-26 13:31:00,2024-07-26 13:32:00,2024-07-26 13:33:00,MMM,LONG,101,114.46,113.12236428571428,117.13527142857143,117.13527142857143,target_hit,1.3376357142857143,0.8917571428571429,270.2024142857149,0.707,5.7802299999999995,263.7151842857149,2.0000000000000044,2024-07
2024-07-31 13:31:00,2024-07-31 13:32:00,2024-07-31 13:47:00,MTCH,LONG,223,36.56,35.93857142857143,37.80285714285715,37.80285714285715,target_hit,0.6214285714285727,0.4142857142857151,277.15714285714387,1.561,4.07644,271.5197028571439,2.000000000000003,2024-07
2024-07-31 13:33:00,2024-07-31 13:34:00,2024-07-31 15:53:00,MTCH,LONG,177,37.05,36.25473214285714,38.64053571428571,37.915,time_exit,0.7952678571428586,0.5301785714285724,153.10500000000036,1.239,3.2789249999999996,148.58707500000037,1.0876838441675092,2024-07
2024-07-31 13:34:00,2024-07-31 13:35:00,2024-07-31 13:47:00,MTCH,SHORT,165,36.935,37.80044642857143,35.20410714285714,37.80044642857143,stop_hit,0.8654464285714303,0.5769642857142868,-142.79866071428614,1.155,3.0471375000000003,-147.00079821428614,-1.000000000000001,2024-07
2024-07-19 13:46:00,2024-07-19 13:47:00,2024-07-19 13:50:00,NFLX,SHORT,13,635.33,645.6667357142858,614.6565285714286,645.6667357142858,stop_hit,10.336735714285721,6.891157142857147,-134.37756428571458,0.7,4.129645000000001,-139.20720928571458,-1.0000000000000016,2024-07
2024-07-25 13:31:00,2024-07-25 13:32:00,2024-07-25 13:59:00,ON,LONG,199,67.74,67.03804285714286,69.14391428571427,67.03804285714286,stop_hit,0.7019571428571422,0.4679714285714281,-139.68947142857078,1.393,6.74013,-147.82260142857078,-0.9999999999999963,2024-07
2024-07-29 13:31:00,2024-07-29 13:32:00,2024-07-29 14:17:00,ON,LONG,125,77.265,76.16571428571429,79.46357142857143,79.46357142857143,target_hit,1.0992857142857164,0.7328571428571442,274.8214285714283,0.875,4.8290625,269.1173660714283,1.9999999999999944,2024-07
2024-07-29 13:32:00,2024-07-29 13:33:00,2024-07-29 13:37:00,ON,SHORT,110,77.03,78.30284642857143,74.48430714285715,78.30284642857143,stop_hit,1.2728464285714294,0.8485642857142862,-140.01310714285694,0.77,4.23665,-145.01975714285695,-0.9999999999999979,2024-07
2024-07-30 13:33:00,2024-07-30 13:34:00,2024-07-30 15:29:00,PYPL,LONG,173,63.72,62.916846428571425,65.32630714285715,62.916846428571425,stop_hit,0.803153571428572,0.5354357142857147,-138.94556785714326,1.211,5.51178,-145.66834785714326,-1.0000000000000022,2024-07
2024-07-16 13:38:00,2024-07-16 13:39:00,2024-07-16 13:42:00,SCHW,SHORT,124,68.86,69.96998928571429,66.64002142857143,69.96998928571429,stop_hit,1.1099892857142868,0.7399928571428579,-137.6386714285722,0.868,4.26932,-142.77599142857218,-1.0000000000000047,2024-07
2024-07-31 13:31:00,2024-07-31 13:32:00,2024-07-31 13:33:00,SWKS,LONG,124,111.025,109.9214392857143,113.23212142857143,109.9214392857143,stop_hit,1.1035607142857122,0.7357071428571414,-136.84152857142755,0.868,6.8835500000000005,-144.59307857142755,-0.9999999999999943,2024-07
2024-07-31 13:46:00,2024-07-31 13:47:00,2024-07-31 15:53:00,SWKS,SHORT,75,108.8,110.582825,105.23435,109.74,time_exit,1.7828249999999972,1.1885499999999982,-70.49999999999983,0.7,4.08,-75.27999999999983,-0.5272530955085324,2024-07
2024-07-25 13:31:00,2024-07-25 13:32:00,2024-07-25 13:36:00,TER,LONG,49,124.2,121.46875714285716,129.6624857142857,121.46875714285716,stop_hit,2.7312428571428486,1.8208285714285657,-133.83089999999942,0.7,3.0429,-137.5737999999994,-0.9999999999999989,2024-07
2024-07-25 13:33:00,2024-07-25 13:34:00,2024-07-31 13:48:00,TER,LONG,42,123.43,120.32375714285716,129.6424857142857,129.6424857142857,target_hit,3.106242857142847,2.0708285714285646,260.924399999999,0.7,2.5920300000000003,257.632369999999,1.9999999999999991,2024-07
2024-07-25 13:38:00,2024-07-25 13:39:00,2024-07-25 14:54:00,TER,SHORT,35,123.13,126.92117499999999,115.54765,126.92117499999999,stop_hit,3.7911749999999964,2.5274499999999978,-132.69112499999983,0.7,2.1547750000000003,-135.54589999999982,-0.9999999999999998,2024-07
2024-07-25 13:39:00,2024-07-25 13:40:00,2024-07-31 13:36:00,TER,SHORT,34,124.265,128.1575107142857,116.47997857142857,128.1575107142857,stop_hit,3.8925107142857116,2.595007142857141,-132.345364285714,0.7,2.112505,-135.15786928571399,-0.9999999999999986,2024-07
2024-07-12 13:31:00,2024-07-12 13:32:00,2024-07-12 13:43:00,TSLA,LONG,32,234.85,230.77325714285715,243.00348571428572,243.00348571428572,target_hit,4.0767428571428574,2.7178285714285715,260.9115428571431,0.7,3.7576,256.4539428571431,2.0000000000000018,2024-07
2024-07-24 13:41:00,2024-07-24 13:42:00,2024-07-24 14:08:00,TTD,SHORT,100,92.53,93.8869,89.81620000000001,93.8869,stop_hit,1.3568999999999969,0.904599999999998,-135.6899999999996,0.7000000000000001,4.6265,-141.01649999999958,-0.9999999999999993,2024-07
2024-07-23 13:37:00,2024-07-23 13:38:00,2024-07-23 13:44:00,UPS,SHORT,51,126.705,129.28862142857142,121.53775714285716,129.28862142857142,stop_hit,2.5836214285714223,1.7224142857142815,-131.7646928571424,0.7,3.2309775,-135.69567035714238,-0.9999999999999988,2024-07
2024-07-23 13:44:00,2024-07-23 13:45:00,2024-07-23 15:53:00,UPS,SHORT,73,128.79,130.6011964285714,125.16760714285715,125.915,time_exit,1.811196428571419,1.2074642857142794,209.87499999999898,0.7,4.7008350000000005,204.47416499999898,1.5873485363857756,2024-07
2024-07-31 13:31:00,2024-07-31 13:32:00,2024-07-31 13:50:00,VST,LONG,71,79.935,78.04547142857143,83.71405714285714,78.04547142857143,stop_hit,1.8895285714285723,1.259685714285715,-134.1565285714285,0.7,2.8376925,-137.6942210714285,-0.9999999999999991,2024-07
2024-08-09 13:32:00,2024-08-09 13:33:00,2024-08-09 13:48:00,AKAM,LONG,116,99.2195,98.0726,101.5133,101.5133,target_hit,1.1469000000000007,0.7646000000000005,266.0808000000005,0.812,5.754731,259.5140690000005,2.0000000000000027,2024-08
2024-08-09 13:36:00,2024-08-09 13:37:00,2024-08-09 13:53:00,AKAM,SHORT,91,100.3955,101.89007857142857,97.40634285714286,101.89007857142857,stop_hit,1.494578571428571,0.9963857142857141,-136.00665000000043,0.7,4.56799525,-141.27464525000042,-1.0000000000000033,2024-08
2024-08-09 13:37:00,2024-08-09 13:38:00,2024-08-09 13:53:00,AKAM,SHORT,82,100.095,101.729925,96.82515,101.729925,stop_hit,1.6349249999999995,1.0899499999999998,-134.06384999999963,0.7,4.103895,-138.86774499999962,-0.9999999999999976,2024-08
2024-08-02 13:43:00,2024-08-02 13:44:00,2024-08-07 15:53:00,ALB,SHORT,61,85.09,87.24971071428571,80.77057857142857,83.41,time_exit,2.159710714285715,1.4398071428571433,102.48000000000042,0.7,2.595245,99.18475500000041,0.7778819583972089,2024-08
2024-08-05 13:40:00,2024-08-05 13:41:00,2024-08-05 13:46:00,AMAT,SHORT,37,174.88,178.46065,167.7187,178.46065,stop_hit,3.5806499999999963,2.3870999999999976,-132.48404999999968,0.7,3.23528,-136.41932999999966,-0.9999999999999987,2024-08
2024-08-05 13:41:00,2024-08-05 13:42:00,2024-08-05 13:47:00,AMAT,SHORT,35,175.11,178.80850714285714,167.71298571428574,178.80850714285714,stop_hit,3.6985071428571388,2.465671428571426,-129.44774999999936,0.7,3.0644250000000004,-133.21217499999935,-0.9999999999999961,2024-08
2024-08-05 13:43:00,2024-08-05 13:44:00,2024-08-05 14:00:00,AMAT,SHORT,34,176.54,180.322625,168.97475,180.322625,stop_hit,3.782624999999996,2.5217499999999973,-128.60924999999986,0.7,3.0011799999999997,-132.31042999999985,-1.0,2024-08
2024-08-16 13:38:00,2024-08-16 13:39:00,2024-08-16 14:15:00,AMAT,LONG,57,202.1,199.8380857142857,206.62382857142856,206.62382857142856,target_hit,2.2619142857142824,1.5079428571428548,257.8582285714283,0.7,5.759849999999999,251.3983785714283,2.000000000000001,2024-08
2024-08-05 13:33:00,2024-08-05 13:34:00,2024-08-05 13:45:00,AMD,LONG,57,124.98,122.67789642857143,129.58420714285714,129.58420714285714,target_hit,2.3021035714285727,1.5347357142857152,262.4398071428567,0.7,3.5619300000000003,258.1778771428567,1.9999999999999953,2024-08
2024-08-05 13:40:00,2024-08-05 13:41:00,2024-08-05 13:48:00,AMD,SHORT,46,127.68,130.59447857142857,121.85104285714287,130.59447857142857,stop_hit,2.9144785714285675,1.9429857142857117,-134.06601428571378,0.7,2.9366400000000006,-137.70265428571378,-0.9999999999999976,2024-08
2024-08-05 13:41:00,2024-08-05 13:42:00,2024-08-05 13:59:00,AMD,SHORT,43,128.18,131.23374285714286,122.0725142857143,131.23374285714286,stop_hit,3.053742857142854,2.0358285714285693,-131.31094285714258,0.7,2.7558700000000003,-134.76681285714255,-0.9999999999999989,2024-08
2024-08-05 13:42:00,2024-08-05 13:43:00,2024-08-05 14:00:00,AMD,SHORT,41,128.84,132.00517142857143,122.50965714285715,132.00517142857143,stop_hit,3.1651714285714263,2.110114285714284,-129.77202857142848,0.7,2.64122,-133.11324857142847,-1.0,2024-08
2024-08-05 13:43:00,2024-08-05 13:44:00,2024-08-05 14:00:00,AMD,SHORT,40,128.6,131.82676785714284,122.14646428571429,131.82676785714284,stop_hit,3.2267678571428533,2.1511785714285687,-129.07071428571385,0.7,2.572,-132.34271428571384,-0.9999999999999978,2024-08
2024-08-05 13:44:00,2024-08-05 13:45:00,2024-08-05 13:59:00,AMD,SHORT,69,129.244,131.1036142857143,125.52477142857144,131.1036142857143,stop_hit,1.859614285714282,1.2397428571428546,-128.31338571428577,0.7,4.458918,-133.47230371428577,-1.0000000000000024,2024-08
2024-08-05 14:13:00,2024-08-05 14:14:00,2024-08-05 14:20:00,AMD,SHORT,40,133.1,136.28219642857144,126.73560714285713,126.73560714285713,target_hit,3.1821964285714324,2.1214642857142882,254.5757142857144,0.7,2.662,251.21371428571442,1.9999999999999987,2024-08
2024-08-05 14:14:00,2024-08-05 14:15:00,2024-08-05 14:20:00,AMD,SHORT,36,132.97,136.53094642857144,125.84810714285713,125.84810714285713,target_hit,3.5609464285714347,2.37396428571429,256.38814285714324,0.7,2.39346,253.29468285714324,1.9999999999999996,2024-08
2024-08-05 13:33:00,2024-08-05 13:34:00,2024-08-05 13:39:00,AMZN,SHORT,47,155.77,158.6018392857143,150.10632142857145,158.6018392857143,stop_hit,2.831839285714285,1.8878928571428568,-133.09644642857188,0.7,3.6605950000000003,-137.45704142857187,-1.0000000000000036,2024-08
2024-08-05 13:34:00,2024-08-05 13:35:00,2024-08-05 13:37:00,AMZN,SHORT,44,155.04,158.0229107142857,149.07417857142858,158.0229107142857,stop_hit,2.9829107142857136,1.9886071428571424,-131.24807142857117,0.7,3.4108799999999997,-135.35895142857115,-0.9999999999999982,2024-08
2024-08-05 13:37:00,2024-08-05 13:38:00,2024-08-05 14:01:00,AMZN,SHORT,38,157.895,161.31935000000001,151.04630000000003,161.31935000000001,stop_hit,3.4243499999999933,2.2828999999999957,-130.12530000000015,0.7,3.0000050000000003,-133.82530500000013,-1.000000000000003,2024-08
2024-08-02 13:31:00,2024-08-02 13:32:00,2024-08-02 13:54:00,ANET,LONG,134,80.3613,79.39450714285715,82.2948857142857,79.39450714285715,stop_hit,0.966792857142852,0.644528571428568,-129.55024285714177,0.9380000000000001,5.384207099999999,-135.87244995714175,-0.9999999999999969,2024-08
2024-08-05 13:32:00,2024-08-05 13:33:00,2024-08-05 14:05:00,APH,LONG,177,55.565,54.84339285714285,57.00821428571428,57.00821428571428,target_hit,0.7216071428571428,0.48107142857142854,255.44892857142818,1.239,4.917502499999999,249.29242607142817,1.9999999999999973,2024-08
2024-08-02 13:33:00,2024-08-02 13:34:00,2024-08-02 14:10:00,APO,LONG,73,107.5,105.72895000000001,111.04209999999999,105.72895000000001,stop_hit,1.771049999999995,1.1806999999999965,-129.28664999999916,0.7,3.92375,-133.91039999999916,-0.9999999999999962,2024-08
2024-08-02 13:31:00,2024-08-02 13:32:00,2024-08-02 13:40:00,AVGO,SHORT,76,141.41,143.10150714285714,138.02698571428573,143.10150714285714,stop_hit,1.691507142857139,1.127671428571426,-128.55454285714325,0.7,5.3735800000000005,-134.62812285714324,-1.0000000000000053,2024-08
2024-08-05 13:31:00,2024-08-05 13:32:00,2024-08-05 13:35:00,AVGO,SHORT,54,132.06,134.42985,127.3203,134.42985,stop_hit,2.3698499999999987,1.579899999999999,-127.97189999999921,0.7,3.56562,-132.2375199999992,-0.9999999999999943,2024-08
2024-08-05 13:33:00,2024-08-05 13:34:00,2024-08-05 13:37:00,AVGO,SHORT,49,133.55,136.1088392857143,128.43232142857144,136.1088392857143,stop_hit,2.558839285714288,1.7058928571428587,-125.38312500000066,0.7,3.2719750000000003,-129.35510000000068,-1.0000000000000044,2024-08
2024-08-05 13:40:00,2024-08-05 13:41:00,2024-08-05 13:47:00,AVGO,SHORT,38,134.62,137.89993214285715,128.0601357142857,137.89993214285715,stop_hit,3.2799321428571417,2.186621428571428,-124.63742142857166,0.7,2.55778,-127.89520142857165,-1.0000000000000022,2024-08
2024-08-05 13:41:00,2024-08-05 13:42:00,2024-08-05 13:47:00,AVGO,SHORT,37,134.765,138.10868214285713,128.0776357142857,138.10868214285713,stop_hit,3.3436821428571415,2.229121428571428,-123.71623928571447,0.7,2.4931525,-126.90939178571446,-1.0000000000000018,2024-08
2024-08-05 13:48:00,2024-08-05 13:49:00,2024-08-05 14:00:00,AVGO,SHORT,69,137.78,139.5376892857143,134.26462142857142,139.5376892857143,stop_hit,1.7576892857142863,1.1717928571428575,-121.28056071428617,0.7,4.75341,-126.73397071428617,-1.0000000000000033,2024-08
2024-08-05 13:49:00,2024-08-05 13:50:00,2024-08-05 14:00:00,AVGO,SHORT,72,137.15,138.8321535714286,133.78569285714286,138.8321535714286,stop_hit,1.6821535714285734,1.1214357142857156,-121.11505714285818,0.7,4.9374,-126.75245714285818,-1.0000000000000073,2024-08
2024-08-05 14:00:00,2024-08-05 14:01:00,2024-08-05 14:08:00,AVGO,SHORT,94,140.572,141.843475,138.02904999999998,138.02904999999998,target_hit,1.2714750000000055,0.8476500000000036,239.03730000000178,0.7,6.606884,231.73041600000178,2.000000000000006,2024-08
2024-08-29 13:31:00,2024-08-29 13:32:00,2024-08-29 13:33:00,BBY,LONG,58,100.455,98.359125,104.64675,98.359125,stop_hit,2.0958749999999964,1.3972499999999977,-121.56074999999956,0.7,2.9131950000000004,-125.17394499999956,-0.9999999999999981,2024-08
2024-08-29 13:34:00,2024-08-29 13:35:00,2024-08-29 15:53:00,BBY,LONG,45,100.0809,97.38390000000001,105.47489999999999,101.35,time_exit,2.696999999999995,1.7979999999999967,57.109499999999755,0.7,2.25182025,54.15767974999975,0.4705598813496466,2024-08
2024-08-06 13:31:00,2024-08-06 13:32:00,2024-08-06 13:37:00,BLDR,LONG,57,141.955,139.82045714285715,146.22408571428574,146.22408571428574,target_hit,2.1345428571428613,1.4230285714285742,243.3378857142862,0.7,4.0457175,238.5921682142862,2.0,2024-08
2024-08-06 13:32:00,2024-08-06 13:33:00,2024-08-06 13:37:00,BLDR,SHORT,51,142.5382,144.970825,137.67295,144.970825,stop_hit,2.4326250000000056,1.6217500000000038,-124.06387500000008,0.7,3.6347241,-128.3985991000001,-0.9999999999999983,2024-08
2024-08-06 13:34:00,2024-08-06 13:35:00,2024-08-06 13:37:00,BLDR,SHORT,48,142.33,144.87073214285715,137.2485357142857,144.87073214285715,stop_hit,2.5407321428571503,1.6938214285714335,-121.95514285714262,0.7,3.4159200000000003,-126.07106285714262,-0.9999999999999951,2024-08
2024-08-06 13:38:00,2024-08-06 13:39:00,2024-08-06 13:51:00,BLDR,SHORT,35,149.14,152.52986071428572,142.36027857142855,152.52986071428572,stop_hit,3.3898607142857236,2.259907142857149,-118.6451250000006,0.7,2.60995,-121.9550750000006,-1.0000000000000024,2024-08
2024-08-06 13:39:00,2024-08-06 13:40:00,2024-08-06 13:56:00,BLDR,SHORT,33,151.25,154.8300392857143,144.08992142857142,154.8300392857143,stop_hit,3.580039285714296,2.386692857142864,-118.14129642857165,0.7,2.495625,-121.33692142857166,-0.999999999999999,2024-08
2024-08-06 13:46:00,2024-08-06 13:47:00,2024-08-06 14:21:00,BLDR,LONG,42,150.625,147.7889392857143,156.29712142857144,156.29712142857144,target_hit,2.8360607142857166,1.8907071428571445,238.22910000000064,0.7,3.163125,234.36597500000065,2.0000000000000036,2024-08
2024-08-06 13:56:00,2024-08-06 13:57:00,2024-08-06 14:24:00,BLDR,SHORT,59,155.34,157.39810714285716,151.22378571428573,157.39810714285716,stop_hit,2.05810714285714,1.3720714285714268,-121.42832142857205,0.7,4.58253,-126.71085142857206,-1.0000000000000064,2024-08
2024-08-05 13:31:00,2024-08-05 13:32:00,2024-08-05 14:18:00,C,LONG,172,53.93,53.230892857142855,55.32821428571428,55.32821428571428,target_hit,0.6991071428571427,0.46607142857142847,240.49285714285648,1.204,4.63798,234.65087714285647,1.999999999999995,2024-08
2024-08-05 13:33:00,2024-08-05 13:34:00,2024-08-05 14:00:00,C,LONG,164,53.645,52.89821428571429,55.13857142857143,55.13857142857143,target_hit,0.7467857142857134,0.4978571428571423,244.94571428571425,1.1480000000000001,4.398890000000001,239.39882428571426,2.000000000000002,2024-08
2024-08-02 15:47:00,2024-08-02 15:48:00,2024-08-02 15:49:00,CCL,LONG,2521,14.92,14.870307142857143,15.019385714285713,14.870307142857143,stop_hit,0.04969285714285686,0.03312857142857124,-125.27569285714134,17.647000000000002,18.80666,-161.72935285714132,-0.9999999999999936,2024-08
2024-08-05 13:31:00,2024-08-05 13:32:00,2024-08-05 13:33:00,CEG,SHORT,59,158.25,160.34200714285714,154.06598571428572,160.34200714285714,stop_hit,2.092007142857145,1.39467142857143,-123.42842142857137,0.7,4.668375,-128.79679642857138,-0.9999999999999986,2024-08
2024-08-05 13:32:00,2024-08-05 13:33:00,2024-08-05 13:37:00,CEG,SHORT,53,159.88,162.15629285714286,155.32741428571427,162.15629285714286,stop_hit,2.276292857142859,1.5175285714285727,-120.64352142857174,0.7,4.23682,-125.58034142857174,-1.0000000000000018,2024-08
2024-08-05 13:33:00,2024-08-05 13:34:00,2024-08-05 13:37:00,CEG,SHORT,48,159.535,162.05055357142857,154.50389285714283,162.05055357142857,stop_hit,2.515553571428577,1.6770357142857182,-120.74657142857131,0.7,3.82884,-125.27541142857132,-0.9999999999999968,2024-08
2024-08-06 13:52:00,2024-08-06 13:53:00,2024-08-06 14:07:00,CEG,SHORT,62,174.03,175.951425,170.18715,175.951425,stop_hit,1.9214249999999975,1.2809499999999983,-119.12834999999995,0.7,5.3949300000000004,-125.22327999999996,-1.0000000000000009,2024-08
2024-08-06 13:55:00,2024-08-06 13:56:00,2024-08-06 14:42:00,CEG,SHORT,65,175.95,177.76982142857142,172.31035714285713,177.76982142857142,stop_hit,1.819821428571427,1.2132142857142847,-118.28839285714295,0.7,5.718375,-124.70676785714295,-1.0000000000000018,2024-08
2024-08-08 13:38:00,2024-08-08 13:39:00,2024-08-08 13:41:00,CEG,SHORT,63,176.83,178.68146071428572,173.1270785714286,178.68146071428572,stop_hit,1.8514607142857034,1.2343071428571355,-116.64202499999956,0.7,5.570145,-122.91216999999956,-1.0000000000000022,2024-08
2024-08-08 13:40:00,2024-08-08 13:41:00,2024-08-08 13:55:00,CEG,SHORT,60,178.265,180.18879285714283,174.4174142857143,180.18879285714283,stop_hit,1.923792857142848,1.2825285714285652,-115.42757142857056,0.7,5.34795,-121.47552142857056,-0.9999999999999972,2024-08
2024-08-13 13:49:00,2024-08-13 13:50:00,2024-08-13 14:39:00,CMG,SHORT,228,48.98,49.482971428571425,47.974057142857134,49.482971428571425,stop_hit,0.5029714285714303,0.33531428571428684,-114.67748571428552,1.596,5.58372,-121.85720571428553,-0.9999999999999949,2024-08
2024-08-08 13:32:00,2024-08-08 13:33:00,2024-08-08 13:34:00,CNP,LONG,1129,26.12,26.019285714285715,26.321428571428573,26.019285714285715,stop_hit,0.10071428571428587,0.06714285714285724,-113.70642857142887,7.9030000000000005,14.74474,-136.3541685714289,-1.000000000000001,2024-08
2024-08-05 13:51:00,2024-08-05 13:52:00,2024-08-05 14:00:00,COIN,SHORT,24,181.28,185.831675,172.17665,185.831675,stop_hit,4.551675000000001,3.0344500000000005,-109.24019999999973,0.7,2.17536,-112.11555999999973,-0.9999999999999972,2024-08
2024-08-05 13:52:00,2024-08-05 13:53:00,2024-08-05 14:00:00,COIN,SHORT,24,182.94,187.4146392857143,173.99072142857142,187.4146392857143,stop_hit,4.474639285714284,2.9830928571428563,-107.39134285714294,0.7,2.19528,-110.28662285714294,-1.000000000000001,2024-08
2024-08-05 13:56:00,2024-08-05 13:57:00,2024-08-05 14:00:00,COIN,SHORT,30,181.9,185.476975,174.74605000000003,185.476975,stop_hit,3.576974999999994,2.3846499999999957,-107.30925000000013,0.7,2.7285,-110.73775000000013,-1.0000000000000029,2024-08
2024-08-05 13:57:00,2024-08-05 13:58:00,2024-08-05 14:00:00,COIN,SHORT,30,183.36,186.9476892857143,176.18462142857146,186.9476892857143,stop_hit,3.5876892857142786,2.3917928571428524,-107.63067857142829,0.7,2.7504,-111.08107857142829,-0.9999999999999993,2024-08
2024-08-05 13:58:00,2024-08-05 13:59:00,2024-08-05 14:00:00,COIN,SHORT,30,183.95,187.5012607142857,176.84747857142858,187.5012607142857,stop_hit,3.551260714285707,2.367507142857138,-106.53782142857153,0.7,2.75925,-109.99707142857153,-1.000000000000003,2024-08
2024-08-05 13:59:00,2024-08-05 14:00:00,2024-08-05 14:03:00,COIN,SHORT,32,188.34,191.59234285714285,181.8353142857143,191.59234285714285,stop_hit,3.2523428571428505,2.168228571428567,-104.07497142857119,0.7,3.01344,-107.7884114285712,-0.9999999999999998,2024-08
2024-08-05 14:00:00,2024-08-05 14:01:00,2024-08-05 14:12:00,COIN,SHORT,30,189.8,193.24305714285714,182.91388571428573,182.91388571428573,target_hit,3.4430571428571364,2.2953714285714244,206.58342857142856,0.7,2.847,203.03642857142856,2.0000000000000036,2024-08
2024-08-05 14:03:00,2024-08-05 14:04:00,2024-08-05 14:07:00,COIN,LONG,31,191.645,188.17358214285716,198.58783571428572,188.17358214285716,stop_hit,3.4714178571428542,2.3142785714285696,-107.61395357142845,0.7,2.9704975,-111.28445107142845,-0.9999999999999998,2024-08
2024-08-05 14:08:00,2024-08-05 14:09:00,2024-08-05 14:12:00,COIN,LONG,32,185.72,182.4254642857143,192.3090714285714,182.4254642857143,stop_hit,3.294535714285704,2.1963571428571362,-105.42514285714242,0.7,2.97152,-109.09666285714242,-0.9999999999999989,2024-08
2024-08-05 14:12:00,2024-08-05 14:13:00,2024-08-05 14:14:00,COIN,LONG,21,186.17,181.25921428571428,195.9915714285714,181.25921428571428,stop_hit,4.9107857142857085,3.273857142857139,-103.12649999999988,0.7,1.954785,-105.78128499999988,-1.0,2024-08
2024-08-05 14:13:00,2024-08-05 14:14:00,2024-08-05 14:20:00,COIN,SHORT,15,188.0,194.66417857142858,174.67164285714287,174.67164285714287,target_hit,6.664178571428565,4.4427857142857095,199.92535714285694,0.7,1.41,197.81535714285695,2.0,2024-08
2024-08-05 14:14:00,2024-08-05 14:15:00,2024-08-05 14:20:00,COIN,SHORT,14,188.68,195.9184642857143,174.20307142857143,174.20307142857143,target_hit,7.238464285714279,4.825642857142853,202.67700000000002,0.7,1.32076,200.65624000000003,2.0000000000000018,2024-08
2024-08-05 14:15:00,2024-08-05 14:16:00,2024-08-05 14:20:00,COIN,SHORT,14,188.07,195.68721428571428,172.83557142857143,172.83557142857143,target_hit,7.617214285714279,5.078142857142852,213.28199999999993,0.7,1.31649,211.26550999999995,2.0000000000000013,2024-08
2024-08-05 14:16:00,2024-08-05 14:17:00,2024-08-05 14:20:00,COIN,SHORT,13,189.155,197.0759642857143,173.31307142857145,173.31307142857145,target_hit,7.9209642857142795,5.280642857142853,205.9450714285712,0.7,1.2295075,204.0155639285712,1.9999999999999993,2024-08
2024-08-05 14:17:00,2024-08-05 14:18:00,2024-08-05 14:20:00,COIN,SHORT,14,189.13,197.082025,173.22595,173.22595,target_hit,7.952024999999992,5.301349999999995,222.65669999999977,0.7,1.32391,220.63278999999977,2.0,2024-08
2024-08-05 14:18:00,2024-08-05 14:19:00,2024-08-05 14:20:00,COIN,SHORT,14,189.1,196.98988214285714,173.32023571428573,173.32023571428573,target_hit,7.889882142857138,5.259921428571425,220.9166999999997,0.7,1.3237,218.89299999999972,1.9999999999999987,2024-08
2024-08-05 14:24:00,2024-08-05 14:25:00,2024-08-20 13:31:00,COIN,SHORT,9,188.83,201.51944285714288,163.4511142857143,201.51944285714288,stop_hit,12.689442857142856,8.45962857142857,-114.20498571428578,0.7,0.849735,-115.75472071428578,-1.0000000000000007,2024-08
2024-08-05 14:25:00,2024-08-05 14:26:00,2024-08-20 13:31:00,COIN,SHORT,9,188.01,200.5987392857143,162.83252142857143,200.5987392857143,stop_hit,12.588739285714286,8.392492857142857,-113.29865357142867,0.7,0.8460449999999999,-114.84469857142868,-1.0000000000000009,2024-08
2024-08-05 14:38:00,2024-08-05 14:39:00,2024-08-05 14:54:00,COIN,SHORT,38,192.12,195.08884285714285,186.18231428571428,195.08884285714285,stop_hit,2.9688428571428584,1.9792285714285722,-112.81602857142815,0.7,3.6502800000000004,-117.16630857142815,-0.9999999999999958,2024-08
2024-08-05 14:39:00,2024-08-05 14:40:00,2024-08-05 14:54:00,COIN,SHORT,37,191.2701,194.30530714285715,185.19968571428572,194.30530714285715,stop_hit,3.0352071428571454,2.02347142857143,-112.30266428571389,0.7,3.5384968500000005,-116.54116113571389,-0.9999999999999956,2024-08
2024-08-08 13:31:00,2024-08-08 13:32:00,2024-08-08 13:34:00,COIN,SHORT,85,183.29,184.61244285714284,180.64511428571427,184.61244285714284,stop_hit,1.3224428571428553,0.8816285714285702,-112.40764285714192,0.7,7.7898249999999996,-120.89746785714192,-0.9999999999999931,2024-08
2024-08-05 13:35:00,2024-08-05 13:36:00,2024-08-05 13:42:00,CRWD,LONG,30,212.71,209.08984642857143,219.95030714285716,209.08984642857143,stop_hit,3.6201535714285704,2.4134357142857135,-108.60460714285722,0.7,3.19065,-112.49525714285723,-1.0000000000000009,2024-08
2024-08-05 13:38:00,2024-08-05 13:39:00,2024-08-05 13:56:00,CRWD,SHORT,27,214.04,218.08614285714285,205.94771428571426,218.08614285714285,stop_hit,4.046142857142861,2.697428571428574,-109.24585714285706,0.7,2.88954,-112.83539714285706,-0.9999999999999982,2024-08
2024-08-05 13:42:00,2024-08-05 13:43:00,2024-08-05 14:00:00,CRWD,LONG,22,210.7336,205.94466785714286,220.3114642857143,220.3114642857143,target_hit,4.788932142857148,3.192621428571432,210.71301428571456,0.7,2.3180696,207.69494468571457,2.0000000000000004,2024-08
2024-08-05 13:45:00,2024-08-05 13:46:00,2024-08-05 13:52:00,CRWD,SHORT,33,213.834,217.12346785714286,207.25506428571427,217.12346785714286,stop_hit,3.289467857142862,2.1929785714285748,-108.55243928571414,0.7,3.528261,-112.78070028571415,-0.9999999999999971,2024-08
2024-08-05 13:46:00,2024-08-05 13:47:00,2024-08-05 13:56:00,CRWD,SHORT,34,214.42,217.64947857142857,207.96104285714284,217.64947857142857,stop_hit,3.229478571428576,2.1529857142857174,-109.80227142857194,0.7,3.64514,-114.14741142857194,-1.0000000000000033,2024-08
2024-08-05 13:49:00,2024-08-05 13:50:00,2024-08-05 13:52:00,CRWD,SHORT,39,214.29,217.03804285714287,208.79391428571427,217.03804285714287,stop_hit,2.7480428571428672,1.8320285714285782,-107.17367142857222,0.7,4.178655,-112.05232642857223,-1.0000000000000038,2024-08
2024-08-05 13:56:00,2024-08-05 13:57:00,2024-08-05 14:00:00,CRWD,SHORT,47,218.89,221.17002142857143,214.32995714285713,221.17002142857143,stop_hit,2.2800214285714357,1.5200142857142904,-107.1610071428579,0.7,5.143915,-113.00492214285791,-1.000000000000004,2024-08
2024-08-06 13:32:00,2024-08-06 13:33:00,2024-08-06 13:35:00,CSX,SHORT,379,33.48,33.760714285714286,32.918571428571425,33.760714285714286,stop_hit,0.2807142857142862,0.18714285714285747,-106.39071428571563,2.653,6.344459999999999,-115.38817428571564,-1.0000000000000109,2024-08
2024-08-02 13:32:00,2024-08-02 13:33:00,2024-08-02 13:40:00,DASH,LONG,57,115.595,113.77304642857143,119.23890714285714,119.23890714285714,target_hit,1.8219535714285708,1.2146357142857138,207.70270714285726,0.7,3.2944575,203.70824964285728,2.0000000000000018,2024-08
2024-08-02 13:33:00,2024-08-02 13:34:00,2024-08-02 13:40:00,DASH,LONG,53,115.02,112.99876071428571,119.06247857142857,119.06247857142857,target_hit,2.0212392857142847,1.3474928571428566,214.25136428571446,0.7,3.04803,210.50333428571446,2.0000000000000027,2024-08
2024-08-02 13:40:00,2024-08-02 13:41:00,2024-08-05 13:31:00,DASH,SHORT,35,117.655,120.75194285714286,111.46111428571429,111.46111428571429,target_hit,3.0969428571428566,2.064628571428571,216.78599999999994,0.7,2.0589625000000003,214.02703749999995,2.0,2024-08
2024-08-02 13:41:00,2024-08-02 13:42:00,2024-08-05 13:31:00,DASH,SHORT,34,116.955,120.17462142857143,110.51575714285714,110.51575714285714,target_hit,3.219621428571429,2.146414285714286,218.93425714285718,0.7,1.988235,216.24602214285719,2.0,2024-08
2024-08-02 13:42:00,2024-08-02 13:43:00,2024-08-05 13:31:00,DASH,SHORT,34,116.9325,120.22283571428572,110.35182857142857,110.35182857142857,target_hit,3.290335714285714,2.1935571428571428,223.7428285714288,0.7,1.9878525,221.0549760714288,2.000000000000002,2024-08
2024-08-02 13:43:00,2024-08-02 13:44:00,2024-08-05 13:31:00,DASH,SHORT,34,117.3125,120.70247857142857,110.53254285714286,110.53254285714286,target_hit,3.3899785714285713,2.259985714285714,230.51854285714285,0.7,1.9943125,227.82423035714285,2.0,2024-08
2024-08-02 13:51:00,2024-08-02 13:52:00,2024-08-02 14:15:00,DASH,LONG,64,116.9,115.06623928571429,120.56752142857144,115.06623928571429,stop_hit,1.8337607142857155,1.2225071428571437,-117.36068571428586,0.7,3.7408,-121.80148571428586,-1.0000000000000007,2024-08
2024-08-05 13:32:00,2024-08-05 13:33:00,2024-08-05 13:51:00,DASH,LONG,67,110.355,108.61779642857144,113.82940714285715,113.82940714285715,target_hit,1.7372035714285694,1.158135714285713,232.78527857142876,0.7,3.6968925,228.38838607142878,2.000000000000004,2024-08
2024-08-05 13:33:00,2024-08-05 13:34:00,2024-08-05 13:45:00,DASH,SHORT,66,110.87,112.65541785714287,107.2991642857143,112.65541785714287,stop_hit,1.7854178571428552,1.1902785714285702,-117.83757857142879,0.7,3.65871,-122.1962885714288,-1.0000000000000029,2024-08
2024-08-05 13:35:00,2024-08-05 13:36:00,2024-08-05 13:47:00,DASH,SHORT,62,111.51,113.39772857142857,107.73454285714286,113.39772857142857,stop_hit,1.8877285714285723,1.2584857142857149,-117.0391714285712,0.7,3.45681,-121.1959814285712,-0.9999999999999976,2024-08
2024-08-08 13:36:00,2024-08-08 13:37:00,2024-08-08 13:43:00,DDOG,LONG,58,114.295,112.29855357142857,118.28789285714286,112.29855357142857,stop_hit,1.9964464285714283,1.3309642857142856,-115.79389285714302,0.7,3.314555,-119.80844785714302,-1.0000000000000016,2024-08
2024-08-08 13:38:00,2024-08-08 13:39:00,2024-08-08 13:48:00,DDOG,LONG,50,113.8,111.48856428571428,118.42287142857143,111.48856428571428,stop_hit,2.3114357142857163,1.5409571428571442,-115.57178571428608,0.7,2.845,-119.11678571428608,-1.0000000000000022,2024-08
2024-08-08 13:40:00,2024-08-08 13:41:00,2024-08-08 15:53:00,DDOG,SHORT,45,113.55,116.084025,108.48194999999998,112.69,time_exit,2.5340250000000037,1.6893500000000026,38.699999999999974,0.7,2.554875,35.44512499999997,0.3393810242598231,2024-08
2024-08-08 13:41:00,2024-08-08 13:42:00,2024-08-08 15:53:00,DDOG,SHORT,44,113.425,116.03563214285714,108.2037357142857,112.69,time_exit,2.6106321428571455,1.7404214285714303,32.339999999999975,0.7,2.49535,29.144649999999977,0.2815410060781661,2024-08
2024-08-15 13:31:00,2024-08-15 13:32:00,2024-08-15 13:33:00,DE,SHORT,60,366.99,368.89473214285715,363.1805357142857,368.89473214285715,stop_hit,1.9047321428571462,1.2698214285714309,-114.28392857142853,0.7,11.0097,-125.99362857142853,-0.9999999999999979,2024-08
2024-08-15 13:44:00,2024-08-15 13:45:00,2024-08-15 15:09:00,DE,LONG,27,365.71,361.5433857142857,374.04322857142853,374.04322857142853,target_hit,4.166614285714273,2.777742857142848,224.99717142857082,0.7,4.937085,219.36008642857084,2.000000000000001,2024-08
2024-08-15 14:12:00,2024-08-15 14:13:00,2024-08-15 14:39:00,DE,LONG,64,364.265,362.46577142857143,367.8634571428571,367.8634571428571,target_hit,1.7992285714285654,1.1994857142857103,230.30125714285532,0.7,11.65648,217.94477714285534,1.999999999999991,2024-08
2024-08-05 13:31:00,2024-08-05 13:32:00,2024-08-05 14:00:00,DELL,LONG,63,91.05,89.19715714285714,94.7556857142857,94.7556857142857,target_hit,1.8528428571428552,1.2352285714285702,233.45819999999952,0.7,2.8680749999999997,229.89012499999953,1.999999999999998,2024-08
2024-08-05 13:34:00,2024-08-05 13:35:00,2024-08-05 14:01:00,DELL,LONG,56,91.42,89.28751428571428,95.68497142857143,95.68497142857143,target_hit,2.132485714285716,1.4216571428571438,238.83839999999998,0.7,2.5597600000000003,235.57863999999998,1.9999999999999982,2024-08
2024-08-05 14:14:00,2024-08-05 14:15:00,2024-08-05 14:21:00,DELL,SHORT,76,96.36,97.96291071428571,93.15417857142857,93.15417857142857,target_hit,1.602910714285711,1.0686071428571406,243.64242857142835,0.7,3.66168,239.28074857142838,2.000000000000002,2024-08
2024-08-05 14:15:00,2024-08-05 14:16:00,2024-08-05 14:21:00,DELL,SHORT,66,96.32,98.21219642857142,92.53560714285715,92.53560714285715,target_hit,1.8921964285714257,1.2614642857142837,249.76992857142795,0.7,3.17856,245.89136857142796,1.9999999999999982,2024-08
2024-08-07 13:45:00,2024-08-07 13:46:00,2024-08-08 13:33:00,DELL,SHORT,97,91.7211,93.03840000000001,89.0865,89.0865,target_hit,1.3173000000000026,0.8782000000000016,255.5562000000006,0.7,4.44847335,250.4077266500006,2.000000000000001,2024-08
2024-08-08 13:32:00,2024-08-08 13:33:00,2024-08-08 13:55:00,DELL,LONG,220,88.93,88.33991071428572,90.11017857142859,90.11017857142859,target_hit,0.5900892857142911,0.3933928571428607,259.6392857142885,1.54,9.782300000000001,248.3169857142885,2.0000000000000036,2024-08
2024-08-30 13:31:00,2024-08-30 13:32:00,2024-08-30 13:33:00,DELL,SHORT,137,111.3,112.26589285714286,109.36821428571429,112.26589285714286,stop_hit,0.9658928571428556,0.6439285714285704,-132.32732142857208,0.9590000000000001,7.62405,-140.9103714285721,-1.0000000000000064,2024-08
2024-08-29 13:34:00,2024-08-29 13:35:00,2024-08-29 15:53:00,DLTR,SHORT,78,87.42,89.08915714285715,84.08168571428571,85.42,time_exit,1.6691571428571446,1.1127714285714296,156.0,0.7,3.40938,151.89062,1.1982095326126947,2024-08
2024-08-29 13:35:00,2024-08-29 13:36:00,2024-08-29 15:01:00,DLTR,LONG,75,87.81,86.04227142857142,91.34545714285714,86.04227142857142,stop_hit,1.7677285714285733,1.1784857142857155,-132.5796428571433,0.7,3.292875,-136.5725178571433,-1.0000000000000022,2024-08
2024-08-05 13:34:00,2024-08-05 13:35:00,2024-08-05 13:38:00,ENPH,SHORT,73,97.735,99.53194642857142,94.14110714285715,99.53194642857142,stop_hit,1.7969464285714227,1.1979642857142818,-131.1770892857134,0.7,3.5673274999999998,-135.4444167857134,-0.9999999999999967,2024-08
2024-08-05 13:40:00,2024-08-05 13:41:00,2024-08-05 13:59:00,ENPH,SHORT,58,98.79,101.02714285714286,94.3157142857143,101.02714285714286,stop_hit,2.2371428571428567,1.491428571428571,-129.7542857142857,0.7,2.8649100000000005,-133.31919571428568,-1.0,2024-08
2024-08-05 13:42:00,2024-08-05 13:43:00,2024-08-05 13:59:00,ENPH,SHORT,55,98.79,101.12678571428572,94.11642857142857,101.12678571428572,stop_hit,2.336785714285716,1.557857142857144,-128.52321428571406,0.7,2.7167250000000003,-131.93993928571405,-0.9999999999999977,2024-08
2024-08-07 13:35:00,2024-08-07 13:36:00,2024-08-15 13:31:00,ENPH,SHORT,96,107.9501,109.27170714285715,105.30688571428571,109.27170714285715,stop_hit,1.3216071428571468,0.8810714285714312,-126.87428571428609,0.7,5.181604800000001,-132.75589051428608,-1.0,2024-08
2024-08-05 13:37:00,2024-08-05 13:38:00,2024-08-05 13:47:00,ETN,SHORT,21,263.735,269.6696428571429,251.86571428571432,269.6696428571429,stop_hit,5.934642857142853,3.9564285714285683,-124.6275000000004,0.7,2.7692175000000003,-128.0967175000004,-1.000000000000004,2024-08
2024-08-05 13:49:00,2024-08-05 13:50:00,2024-08-05 14:01:00,ETN,SHORT,43,270.27,273.1550785714286,264.49984285714277,273.1550785714286,stop_hit,2.8850785714285934,1.923385714285729,-124.05837857143013,0.7,5.810804999999999,-130.56918357143013,-1.0000000000000049,2024-08
2024-08-05 14:01:00,2024-08-05 14:02:00,2024-08-05 14:20:00,ETN,SHORT,50,274.14,276.57824999999997,269.26349999999996,269.26349999999996,target_hit,2.4382500000000067,1.6255000000000044,243.82500000000107,0.7,6.8535,236.27150000000108,2.000000000000003,2024-08
2024-08-09 13:31:00,2024-08-09 13:32:00,2024-08-09 13:37:00,EXPE,LONG,66,128.64,126.73966071428569,132.44067857142858,126.73966071428569,stop_hit,1.900339285714291,1.2668928571428606,-125.4223928571435,0.7,4.24512,-130.3675128571435,-1.0000000000000024,2024-08
2024-08-05 13:32:00,2024-08-05 13:33:00,2024-08-05 13:39:00,FSLR,SHORT,36,199.865,203.31714285714284,192.96071428571432,203.31714285714284,stop_hit,3.452142857142845,2.301428571428563,-124.27714285714194,0.7,3.59757,-128.57471285714195,-0.9999999999999961,2024-08
2024-08-05 13:34:00,2024-08-05 13:35:00,2024-08-05 13:38:00,FSLR,SHORT,29,197.59,201.75892857142856,189.25214285714287,201.75892857142856,stop_hit,4.168928571428562,2.779285714285708,-120.898928571428,0.7,2.865055,-124.463983571428,-0.9999999999999974,2024-08
2024-08-05 14:00:00,2024-08-05 14:01:00,2024-08-05 15:37:00,FSLR,SHORT,56,208.515,210.69394285714284,204.15711428571427,210.69394285714284,stop_hit,2.178942857142858,1.4526285714285723,-122.02080000000001,0.7,5.83842,-128.55922,-0.9999999999999996,2024-08
2024-08-07 13:31:00,2024-08-07 13:32:00,2024-08-07 15:49:00,FTNT,LONG,84,67.71,66.27632142857142,70.57735714285714,70.57735714285714,target_hit,1.4336785714285716,0.9557857142857143,240.85800000000017,0.7,2.8438199999999996,237.3141800000002,2.0000000000000013,2024-08
2024-08-07 13:32:00,2024-08-07 13:33:00,2024-08-07 14:11:00,FTNT,SHORT,82,68.14,69.63800714285715,65.14398571428572,69.63800714285715,stop_hit,1.4980071428571429,0.9986714285714287,-122.83658571428612,0.7,2.79374,-126.33032571428612,-1.0000000000000033,2024-08
2024-08-02 15:49:00,2024-08-02 15:50:00,2024-08-05 13:31:00,GEV,SHORT,132,165.46,166.37868571428572,163.62262857142858,163.62262857142858,target_hit,0.9186857142857141,0.6124571428571427,242.53302857142876,0.924,10.92036,230.68866857142876,2.0000000000000018,2024-08
2024-08-05 13:34:00,2024-08-05 13:35:00,2024-08-05 13:39:00,GEV,SHORT,44,152.36,155.16367142857143,146.75265714285715,155.16367142857143,stop_hit,2.8036714285714277,1.8691142857142853,-123.36154285714247,0.7,3.3519200000000002,-127.41346285714248,-0.9999999999999971,2024-08
2024-08-05 13:37:00,2024-08-05 13:38:00,2024-08-05 13:45:00,GEV,SHORT,41,154.325,157.26633928571428,148.4423214285714,157.26633928571428,stop_hit,2.941339285714287,1.960892857142858,-120.59491071428599,0.7,3.1636625,-124.45857321428599,-1.0000000000000018,2024-08
2024-08-07 13:36:00,2024-08-07 13:37:00,2024-08-07 13:41:00,GPN,SHORT,87,99.5903,100.98047857142858,96.80994285714286,100.98047857142858,stop_hit,1.3901785714285724,0.9267857142857149,-120.94553571428628,0.7,4.33217805,-125.97771376428628,-1.000000000000004,2024-08
2024-08-07 13:38:00,2024-08-07 13:39:00,2024-08-07 13:42:00,GPN,SHORT,74,99.82,101.43889642857143,96.58220714285713,101.43889642857143,stop_hit,1.618896428571432,1.079264285714288,-119.79833571428597,0.7,3.6933399999999996,-124.19167571428598,-1.0,2024-08
2024-08-05 13:33:00,2024-08-05 13:34:00,2024-08-05 14:14:00,GS,LONG,21,440.28,434.64487499999996,451.55025,451.55025,target_hit,5.63512500000001,3.756750000000007,236.6752500000007,0.7,4.62294,231.3523100000007,2.000000000000002,2024-08
2024-08-02 13:31:00,2024-08-02 13:32:00,2024-08-05 13:31:00,INTC,LONG,127,21.09,20.134275000000002,23.00145,20.134275000000002,stop_hit,0.955724999999999,0.6371499999999993,-121.37707499999968,0.889,1.339215,-123.60528999999967,-0.9999999999999983,2024-08
2024-08-02 13:32:00,2024-08-02 13:33:00,2024-08-05 13:31:00,INTC,LONG,120,21.015,20.01266785714286,23.019664285714285,20.01266785714286,stop_hit,1.0023321428571417,0.6682214285714279,-120.27985714285705,0.84,1.2609000000000001,-122.38075714285706,-1.0000000000000004,2024-08
2024-08-02 13:33:00,2024-08-02 13:34:00,2024-08-05 13:36:00,INTC,LONG,117,20.955,19.94195357142857,22.981092857142855,19.94195357142857,stop_hit,1.0130464285714276,0.6753642857142851,-118.5264321428571,0.8190000000000001,1.2258674999999999,-120.57129964285711,-1.0000000000000007,2024-08
2024-08-02 13:43:00,2024-08-02 13:44:00,2024-08-05 13:46:00,INTC,LONG,96,20.735,19.50940357142857,23.186192857142856,19.50940357142857,stop_hit,1.2255964285714278,0.8170642857142852,-117.65725714285713,0.7,0.9952799999999999,-119.35253714285713,-1.0000000000000004,2024-08
2024-08-02 13:44:00,2024-08-02 13:45:00,2024-08-02 13:49:00,INTC,SHORT,311,20.825,21.199871428571427,20.075257142857144,21.199871428571427,stop_hit,0.3748714285714281,0.2499142857142854,-116.58501428571407,2.177,3.2382874999999998,-122.00030178571407,-0.9999999999999994,2024-08
2024-08-02 13:45:00,2024-08-02 13:46:00,2024-08-02 13:50:00,INTC,SHORT,313,20.875,21.243442857142856,20.138114285714288,21.243442857142856,stop_hit,0.36844285714285685,0.24562857142857122,-115.32261428571398,2.191,3.2669375,-120.78055178571398,-0.9999999999999982,2024-08
2024-08-21 13:33:00,2024-08-21 13:34:00,2024-08-21 15:53:00,KEYS,LONG,45,154.035,151.51795714285714,159.0690857142857,155.83,time_exit,2.5170428571428576,1.6780285714285716,80.77500000000072,0.7,3.4657875,76.60921250000071,0.7131384334224463,2024-08
2024-08-21 13:34:00,2024-08-21 13:35:00,2024-08-21 15:53:00,KEYS,LONG,42,152.88,150.1668857142857,158.30622857142856,155.83,time_exit,2.7131142857142843,1.8087428571428563,123.90000000000072,0.7,3.21048,119.98952000000071,1.0873113659579465,2024-08
2024-08-05 13:33:00,2024-08-05 13:34:00,2024-08-05 13:38:00,LRCX,SHORT,108,72.52,73.591,70.378,73.591,stop_hit,1.071000000000001,0.7140000000000006,-115.66799999999978,0.756,3.91608,-120.34007999999977,-0.9999999999999971,2024-08
2024-08-08 13:31:00,2024-08-08 13:32:00,2024-08-08 15:53:00,MNST,LONG,133,44.17,43.30812142857143,45.89375714285715,45.08,time_exit,0.8618785714285719,0.5745857142857146,121.02999999999955,0.931,2.9373050000000003,117.16169499999955,1.0558331883012975,2024-08
2024-08-08 13:34:00,2024-08-08 13:35:00,2024-08-08 15:53:00,MNST,LONG,118,44.115,43.133657142857146,46.07768571428572,45.08,time_exit,0.9813428571428577,0.6542285714285718,113.86999999999956,0.8260000000000001,2.6027850000000003,110.44121499999957,0.9833464349142531,2024-08
2024-08-08 13:45:00,2024-08-08 13:46:00,2024-08-08 14:03:00,MNST,SHORT,211,44.24,44.79570714285715,43.12858571428571,44.79570714285715,stop_hit,0.5557071428571434,0.37047142857142895,-117.25420714285754,1.477,4.667320000000001,-123.39852714285755,-1.0000000000000024,2024-08
2024-08-08 13:46:00,2024-08-08 13:47:00,2024-08-08 14:03:00,MNST,SHORT,215,44.3,44.83904642857143,43.22190714285714,44.83904642857143,stop_hit,0.5390464285714288,0.35936428571428586,-115.8949821428578,1.5050000000000001,4.76225,-122.16223214285779,-1.000000000000005,2024-08
2024-08-02 13:32:00,2024-08-02 13:33:00,2024-08-02 13:35:00,MRNA,LONG,117,90.6392,89.66563571428571,92.58632857142858,89.66563571428571,stop_hit,0.9735642857142892,0.6490428571428595,-113.90702142857184,0.8190000000000001,5.302393200000001,-120.02841462857184,-1.0,2024-08
2024-08-05 13:34:00,2024-08-05 13:35:00,2024-08-05 13:47:00,MRNA,SHORT,54,82.85,84.9314107142857,78.68717857142856,84.9314107142857,stop_hit,2.0814107142857163,1.3876071428571441,-112.39617857142832,0.7,2.2369499999999998,-115.33312857142832,-0.9999999999999968,2024-08
2024-08-05 13:36:00,2024-08-05 13:37:00,2024-08-05 14:20:00,MRNA,LONG,46,83.185,80.79073214285714,87.97353571428572,80.79073214285714,stop_hit,2.394267857142859,1.5961785714285728,-110.13632142857176,0.7,1.9132550000000001,-112.74957642857177,-1.0000000000000022,2024-08
2024-08-05 13:43:00,2024-08-05 13:44:00,2024-08-07 15:53:00,MRNA,SHORT,36,83.27,86.33641785714286,77.13716428571428,82.8,time_exit,3.066417857142862,2.0442785714285745,16.91999999999996,0.7,1.4988599999999999,14.72113999999996,0.15327330517110993,2024-08
2024-08-05 13:50:00,2024-08-05 13:51:00,2024-08-05 14:20:00,MRNA,SHORT,70,84.69,86.26789285714285,81.53421428571428,81.53421428571428,target_hit,1.577892857142859,1.0519285714285727,220.90499999999992,0.7,2.96415,217.24084999999994,1.999999999999997,2024-08
2024-08-05 13:34:00,2024-08-05 13:35:00,2024-08-05 13:47:00,MU,SHORT,65,86.6795,88.41091785714286,83.21666428571429,88.41091785714286,stop_hit,1.731417857142858,1.154278571428572,-112.5421607142858,0.7,2.81708375,-116.0592444642858,-1.0000000000000002,2024-08
2024-08-05 13:41:00,2024-08-05 13:42:00,2024-08-05 14:00:00,MU,SHORT,47,86.89,89.27386428571428,82.12227142857144,89.27386428571428,stop_hit,2.3838642857142833,1.5892428571428556,-112.04162142857123,0.7,2.041915,-114.78353642857124,-0.9999999999999992,2024-08
2024-08-07 15:40:00,2024-08-07 15:41:00,2024-08-07 15:45:00,NCLH,SHORT,2499,15.61,15.654571428571428,15.52085714285714,15.52085714285714,target_hit,0.04457142857142899,0.029714285714285995,222.768000000004,17.493000000000002,19.504695,185.77030500000402,2.0000000000000173,2024-08
2024-08-05 13:46:00,2024-08-05 13:47:00,2024-08-05 14:00:00,NOW,SHORT,12,772.24,781.1294392857143,754.4611214285715,781.1294392857143,stop_hit,8.889439285714268,5.926292857142845,-106.6732714285713,0.7,4.63344,-112.0067114285713,-1.0000000000000009,2024-08
2024-08-02 13:31:00,2024-08-02 13:32:00,2024-08-02 13:37:00,NVDA,SHORT,66,103.69,105.384175,100.30165,105.384175,stop_hit,1.6941749999999978,1.1294499999999985,-111.81555000000009,0.7,3.42177,-115.93732000000008,-1.000000000000002,2024-08
2024-08-02 13:34:00,2024-08-02 13:35:00,2024-08-02 14:08:00,NVDA,LONG,60,103.9156,102.09622857142857,107.55434285714286,102.09622857142857,stop_hit,1.8193714285714304,1.212914285714287,-109.16228571428576,0.7,3.117468,-112.97975371428576,-0.9999999999999994,2024-08
2024-08-05 13:39:00,2024-08-05 13:40:00,2024-08-05 14:00:00,NVDA,SHORT,19,95.12,100.71629642857144,83.92740714285715,100.71629642857144,stop_hit,5.596296428571428,3.730864285714285,-106.32963214285726,0.7,0.9036400000000001,-107.93327214285726,-1.0000000000000013,2024-08
2024-08-05 13:44:00,2024-08-05 13:45:00,2024-08-06 13:31:00,NVDA,SHORT,18,97.91,103.91546428571428,85.89907142857143,103.91546428571428,stop_hit,6.005464285714286,4.003642857142857,-108.09835714285708,0.7,0.8811899999999999,-109.67954714285709,-0.9999999999999994,2024-08
2024-08-05 13:55:00,2024-08-05 13:56:00,2024-08-06 14:46:00,NVDA,SHORT,17,99.48,105.58525714285715,87.26948571428572,105.58525714285715,stop_hit,6.105257142857141,4.070171428571427,-103.7893714285714,0.7,0.8455800000000001,-105.3349514285714,-1.0,2024-08
2024-08-05 13:57:00,2024-08-05 13:58:00,2024-08-06 14:40:00,NVDA,SHORT,18,99.295,105.01155357142858,87.86189285714286,105.01155357142858,stop_hit,5.71655357142857,3.811035714285713,-102.89796428571438,0.7,0.893655,-104.49161928571438,-1.0000000000000013,2024-08
2024-08-05 14:00:00,2024-08-05 14:01:00,2024-08-05 14:12:00,NVDA,SHORT,20,102.1926,107.40657857142857,91.76464285714286,91.76464285714286,target_hit,5.213978571428568,3.475985714285712,208.55914285714277,0.7,1.021926,206.83721685714278,2.000000000000001,2024-08
2024-08-05 14:01:00,2024-08-05 14:02:00,2024-08-05 14:20:00,NVDA,SHORT,20,101.69,106.92293214285714,91.22413571428572,91.22413571428572,target_hit,5.232932142857139,3.4886214285714265,209.3172857142855,0.7,1.0169,207.60038571428552,1.9999999999999993,2024-08
2024-08-05 14:06:00,2024-08-05 14:07:00,2024-08-06 14:46:00,NVDA,SHORT,17,99.51,105.72762857142857,87.07474285714287,105.72762857142857,stop_hit,6.21762857142857,4.145085714285713,-105.69968571428556,0.7,0.845835,-107.24552071428556,-0.9999999999999989,2024-08
2024-08-05 14:08:00,2024-08-05 14:09:00,2024-08-05 14:12:00,NVDA,LONG,18,98.9998,92.98744642857142,111.02450714285713,92.98744642857142,stop_hit,6.012353571428569,4.008235714285713,-108.22236428571438,0.7,0.8909982,-109.81336248571438,-1.000000000000001,2024-08
2024-08-05 14:21:00,2024-08-05 14:22:00,2024-08-06 14:44:00,NVDA,SHORT,19,99.94,105.37676071428571,89.06647857142858,105.37676071428571,stop_hit,5.436760714285713,3.6245071428571416,-103.29845357142851,0.7,0.94943,-104.94788357142852,-0.9999999999999997,2024-08
2024-08-05 14:24:00,2024-08-05 14:25:00,2024-08-06 14:46:00,NVDA,SHORT,18,99.88,105.63283214285714,88.37433571428572,105.63283214285714,stop_hit,5.75283214285714,3.8352214285714266,-103.5509785714286,0.7,0.8989199999999999,-105.14989857142861,-1.0000000000000007,2024-08
2024-08-05 14:27:00,2024-08-05 14:28:00,2024-08-29 15:53:00,NVDA,LONG,17,98.925,92.83660714285715,111.10178571428571,120.9998,time_exit,6.088392857142853,4.058928571428569,375.2715999999999,0.7,0.8408625,373.7307374999999,3.6257187270860847,2024-08
2024-08-05 13:31:00,2024-08-05 13:32:00,2024-08-05 13:47:00,PFE,LONG,453,29.2114,28.970660714285717,29.692878571428572,29.692878571428572,target_hit,0.24073928571428493,0.16049285714285663,218.10979285714276,3.1710000000000003,6.6163821,208.32241075714276,2.0000000000000053,2024-08
2024-08-05 13:31:00,2024-08-05 13:32:00,2024-08-05 13:36:00,PLTR,LONG,263,21.5,21.07732142857143,22.345357142857143,22.345357142857143,target_hit,0.42267857142857146,0.2817857142857143,222.32892857142858,1.841,2.8272500000000003,217.66067857142858,2.0,2024-08
2024-08-05 13:32:00,2024-08-05 13:33:00,2024-08-05 13:36:00,PLTR,SHORT,238,21.9136,22.38877857142857,20.963242857142856,22.38877857142857,stop_hit,0.47517857142857123,0.31678571428571417,-113.09250000000006,1.666,2.6077184,-117.36621840000005,-1.0000000000000009,2024-08
2024-08-05 13:33:00,2024-08-05 13:34:00,2024-08-05 13:37:00,PLTR,SHORT,216,22.115,22.632714285714286,21.079571428571427,22.632714285714286,stop_hit,0.5177142857142858,0.3451428571428572,-111.82628571428612,1.512,2.3884199999999995,-115.72670571428611,-1.0000000000000033,2024-08
2024-08-05 13:34:00,2024-08-05 13:35:00,2024-08-05 13:49:00,PLTR,SHORT,205,22.29,22.83075,21.2085,22.83075,stop_hit,0.5407500000000001,0.36050000000000004,-110.85374999999983,1.435,2.284725,-114.57347499999983,-0.9999999999999983,2024-08
2024-08-05 13:35:00,2024-08-05 13:36:00,2024-08-05 14:01:00,PLTR,SHORT,194,22.4357,23.00002142857143,21.307057142857143,23.00002142857143,stop_hit,0.5643214285714289,0.37621428571428595,-109.47835714285716,1.358,2.1762629000000002,-113.01262004285717,-0.9999999999999996,2024-08
2024-08-05 13:44:00,2024-08-05 13:45:00,2024-08-05 14:01:00,PLTR,SHORT,254,22.661,23.08867142857143,21.805657142857143,23.08867142857143,stop_hit,0.42767142857142837,0.2851142857142856,-108.628542857143,1.778,2.8779470000000003,-113.28448985714302,-1.0000000000000018,2024-08
2024-08-05 13:45:00,2024-08-05 13:46:00,2024-08-05 14:02:00,PLTR,SHORT,244,22.69,23.12999285714286,21.81001428571429,23.12999285714286,stop_hit,0.4399928571428572,0.29332857142857144,-107.3582571428574,1.708,2.7681800000000005,-111.8344371428574,-1.0000000000000022,2024-08
2024-08-05 13:46:00,2024-08-05 13:47:00,2024-08-05 14:01:00,PLTR,SHORT,270,22.65,23.043921428571426,21.862157142857143,23.043921428571426,stop_hit,0.39392142857142864,0.26261428571428574,-106.35878571428552,1.8900000000000001,3.05775,-111.30653571428552,-0.999999999999998,2024-08
2024-08-05 13:47:00,2024-08-05 13:48:00,2024-08-05 14:01:00,PLTR,SHORT,296,22.76,23.115360714285718,22.049278571428573,23.115360714285718,stop_hit,0.35536071428571436,0.23690714285714293,-105.18677142857194,2.072,3.36848,-110.62725142857195,-1.0000000000000047,2024-08
2024-08-06 13:31:00,2024-08-06 13:32:00,2024-08-06 13:37:00,PLTR,LONG,195,26.7766,26.241689285714283,27.84642142857143,26.241689285714283,stop_hit,0.5349107142857146,0.35660714285714307,-104.30758928571443,1.365,2.6107185,-108.28330778571443,-1.0000000000000009,2024-08
2024-08-06 13:35:00,2024-08-06 13:36:00,2024-08-06 13:44:00,PLTR,LONG,157,26.335,25.677378571428573,27.650242857142857,25.677378571428573,stop_hit,0.6576214285714284,0.4384142857142856,-103.24656428571419,1.099,2.0672975,-106.41286178571418,-0.9999999999999993,2024-08
2024-08-06 13:37:00,2024-08-06 13:38:00,2024-08-06 13:44:00,PLTR,LONG,147,26.405,25.709857142857143,27.795285714285715,25.709857142857143,stop_hit,0.6951428571428571,0.4634285714285714,-102.18600000000022,1.029,1.9407675000000002,-105.15576750000022,-1.0000000000000022,2024-08
2024-08-06 13:44:00,2024-08-06 13:45:00,2024-08-06 13:53:00,PLTR,SHORT,199,25.6598,26.166767857142858,24.645864285714286,26.166767857142858,stop_hit,0.5069678571428571,0.3379785714285714,-100.88660357142865,1.393,2.5531501,-104.83275367142865,-1.0000000000000009,2024-08
2024-08-06 13:46:00,2024-08-06 13:47:00,2024-08-06 14:18:00,PLTR,SHORT,231,26.04,26.473039285714286,25.173921428571425,26.473039285714286,stop_hit,0.43303928571428596,0.2886928571428573,-100.03207500000026,1.617,3.0076199999999997,-104.65669500000027,-1.000000000000002,2024-08
2024-08-06 13:47:00,2024-08-06 13:48:00,2024-08-06 14:04:00,PLTR,SHORT,228,25.97,26.404110714285714,25.101778571428568,26.404110714285714,stop_hit,0.4341107142857147,0.28940714285714314,-98.97724285714312,1.596,2.9605799999999998,-103.53382285714312,-1.0000000000000018,2024-08
2024-08-08 15:40:00,2024-08-08 15:41:00,2024-08-08 15:53:00,PLTR,LONG,961,28.58,28.478064285714282,28.783871428571427,28.72,time_exit,0.10193571428571462,0.06795714285714308,134.54000000000053,6.727,13.73269,114.08031000000052,1.3734146170555683,2024-08
2024-08-05 13:32:00,2024-08-05 13:33:00,2024-08-05 13:39:00,QCOM,LONG,47,153.76,151.6734464285714,157.93310714285715,157.93310714285715,target_hit,2.0865535714285843,1.3910357142857228,196.13603571428663,0.7,3.6133599999999997,191.82267571428665,1.9999999999999971,2024-08
2024-08-05 13:40:00,2024-08-05 13:41:00,2024-08-05 13:51:00,QCOM,SHORT,32,155.1,158.20838571428573,148.88322857142856,158.20838571428573,stop_hit,3.108385714285719,2.072257142857146,-99.4683428571434,0.7,2.4816,-102.6499428571434,-1.0000000000000038,2024-08
2024-08-05 13:41:00,2024-08-05 13:42:00,2024-08-05 13:50:00,QCOM,SHORT,30,154.79,158.0548142857143,148.2603714285714,158.0548142857143,stop_hit,3.2648142857142908,2.1765428571428607,-97.94442857142883,0.7,2.32185,-100.96627857142883,-1.000000000000001,2024-08
2024-08-13 13:32:00,2024-08-13 13:33:00,2024-08-13 15:53:00,SBUX,LONG,50,93.21,91.26130714285713,97.10738571428571,93.0,time_exit,1.9486928571428581,1.299128571428572,-10.499999999999687,0.7,2.33025,-13.530249999999686,-0.1077645454645389,2024-08
2024-08-13 13:34:00,2024-08-13 13:35:00,2024-08-13 15:53:00,SBUX,LONG,45,92.51,90.33725,96.8555,93.0,time_exit,2.172750000000001,1.4485000000000008,22.04999999999977,0.7,2.0814749999999997,19.26852499999977,0.2255206535496466,2024-08
2024-08-13 13:37:00,2024-08-13 13:38:00,2024-08-13 15:53:00,SBUX,LONG,39,92.86,90.33145,97.91709999999999,93.0,time_exit,2.5285499999999987,1.685699999999999,5.460000000000022,0.7,1.81077,2.9492300000000222,0.055367700856222196,2024-08
2024-08-13 13:42:00,2024-08-13 13:43:00,2024-08-13 15:53:00,SBUX,SHORT,31,92.728,95.89596785714285,86.39206428571428,93.0,time_exit,3.1679678571428553,2.1119785714285704,-8.432000000000173,0.7,1.437284,-10.569284000000172,-0.08585945699755883,2024-08
2024-08-13 13:45:00,2024-08-13 13:46:00,2024-08-13 15:53:00,SBUX,LONG,56,92.98,91.24137142857143,96.45725714285715,93.0,time_exit,1.738628571428571,1.159085714285714,1.1199999999997772,0.7,2.60344,-2.183440000000223,0.011503319529347612,2024-08
2024-08-02 13:36:00,2024-08-02 13:37:00,2024-08-02 13:53:00,SMCI,LONG,82,62.2608,61.06363928571429,64.65512142857143,61.06363928571429,stop_hit,1.1971607142857126,0.7981071428571417,-98.16717857142865,0.7,2.5526928000000004,-101.41987137142866,-1.0000000000000022,2024-08
2024-08-05 13:35:00,2024-08-05 13:36:00,2024-08-05 13:46:00,SMCI,SHORT,55,55.87,57.636067857142855,52.33786428571428,57.636067857142855,stop_hit,1.7660678571428572,1.1773785714285714,-97.13373214285717,0.7,1.536425,-99.37015714285717,-1.0000000000000002,2024-08
2024-08-05 13:41:00,2024-08-05 13:42:00,2024-08-05 13:55:00,SMCI,SHORT,47,56.39,58.426657142857145,52.31668571428571,58.426657142857145,stop_hit,2.036657142857144,1.357771428571429,-95.72288571428581,0.7,1.325165,-97.74805071428581,-1.0000000000000004,2024-08
2024-08-07 14:06:00,2024-08-07 14:07:00,2024-08-07 14:19:00,SMCI,LONG,128,52.6595,51.9125,54.1535,51.9125,stop_hit,0.7470000000000001,0.4980000000000001,-95.61599999999999,0.896,3.3702080000000003,-99.88220799999999,-0.9999999999999997,2024-08
2024-08-13 13:34:00,2024-08-13 13:35:00,2024-08-13 13:50:00,SMCI,LONG,140,55.82,55.14361785714286,57.17276428571429,55.14361785714286,stop_hit,0.6763821428571428,0.45092142857142853,-94.69350000000006,0.98,3.9074,-99.58090000000006,-1.0000000000000007,2024-08
2024-08-27 13:41:00,2024-08-27 13:42:00,2024-08-27 13:53:00,SMCI,SHORT,54,52.026,53.73841071428572,48.601178571428576,53.73841071428572,stop_hit,1.7124107142857152,1.1416071428571435,-92.47017857142872,0.7,1.4047020000000001,-94.57488057142872,-1.000000000000001,2024-08
2024-08-27 13:42:00,2024-08-27 13:43:00,2024-08-27 13:53:00,SMCI,SHORT,54,52.054,53.75419642857143,48.65360714285714,53.75419642857143,stop_hit,1.7001964285714297,1.1334642857142865,-91.81060714285726,0.7,1.405458,-93.91606514285726,-1.0000000000000007,2024-08
2024-08-27 13:47:00,2024-08-27 13:48:00,2024-08-27 14:21:00,SMCI,LONG,88,52.702,51.66330357142857,54.77939285714286,54.77939285714286,target_hit,1.0386964285714306,0.6924642857142871,182.8105714285718,0.7,2.318888,179.79168342857182,2.0,2024-08
2024-08-28 13:43:00,2024-08-28 13:44:00,2024-08-28 14:14:00,SMCI,SHORT,45,44.9625,47.01036428571429,40.866771428571425,40.866771428571425,target_hit,2.0478642857142866,1.3652428571428576,184.30778571428579,0.7,1.01165625,182.5961294642858,2.0,2024-08
2024-08-28 13:53:00,2024-08-28 13:54:00,2024-08-28 13:59:00,SMCI,LONG,94,43.605,42.59225357142857,45.630492857142855,42.59225357142857,stop_hit,1.0127464285714287,0.6751642857142858,-95.19816428571399,0.7,2.049435,-97.94759928571399,-0.9999999999999967,2024-08
2024-08-28 14:02:00,2024-08-28 14:03:00,2024-08-28 15:11:00,SMCI,LONG,107,41.408,40.52796071428571,43.16807857142857,40.52796071428571,stop_hit,0.8800392857142869,0.5866928571428579,-94.16420357142898,0.749,2.215328,-97.12853157142898,-1.000000000000003,2024-08
2024-08-28 14:10:00,2024-08-28 14:11:00,2024-08-28 15:20:00,SMCI,SHORT,102,41.923,42.84087142857143,40.08725714285714,40.08725714285714,target_hit,0.9178714285714301,0.6119142857142867,187.24577142857186,0.714,2.1380730000000003,184.39369842857187,2.0000000000000013,2024-08
2024-08-15 13:33:00,2024-08-15 13:34:00,2024-08-15 13:39:00,TPR,LONG,218,40.43,39.99285714285714,41.30428571428571,39.99285714285714,stop_hit,0.43714285714285694,0.2914285714285713,-95.29714285714337,1.526,4.40687,-101.23001285714336,-1.0000000000000058,2024-08
2024-08-15 13:34:00,2024-08-15 13:35:00,2024-08-15 13:39:00,TPR,LONG,181,40.11,39.58714285714286,41.15571428571428,39.58714285714286,stop_hit,0.5228571428571424,0.34857142857142825,-94.63714285714258,1.2670000000000001,3.629955,-99.53409785714257,-0.9999999999999981,2024-08
2024-08-15 13:35:00,2024-08-15 13:36:00,2024-08-15 13:39:00,TPR,LONG,161,40.19,39.61089285714286,41.348214285714285,39.61089285714286,stop_hit,0.579107142857143,0.3860714285714287,-93.23624999999953,1.127,3.235295,-97.59854499999952,-0.9999999999999947,2024-08
2024-08-15 13:49:00,2024-08-15 13:50:00,2024-08-15 14:03:00,TPR,SHORT,219,39.09,39.51188571428572,38.246228571428574,38.246228571428574,target_hit,0.42188571428571314,0.2812571428571421,184.78594285714303,1.5330000000000001,4.280355,178.97258785714303,2.000000000000007,2024-08
2024-08-05 13:49:00,2024-08-05 13:50:00,2024-08-05 13:52:00,TSLA,SHORT,37,195.19,197.72605000000001,190.1179,197.72605000000001,stop_hit,2.536050000000004,1.6907000000000028,-93.83385000000064,0.7,3.611015,-98.14486500000064,-1.0000000000000053,2024-08
2024-08-05 13:50:00,2024-08-05 13:51:00,2024-08-05 13:59:00,TSLA,SHORT,35,196.025,198.62774642857144,190.81950714285713,198.62774642857144,stop_hit,2.6027464285714297,1.7351642857142866,-91.09612500000026,0.7,3.4304375,-95.22656250000026,-1.0000000000000024,2024-08
2024-08-05 13:51:00,2024-08-05 13:52:00,2024-08-05 14:01:00,TSLA,SHORT,36,197.58,200.1254035714286,192.48919285714288,200.1254035714286,stop_hit,2.5454035714285723,1.6969357142857149,-91.63452857142886,0.7,3.5564400000000003,-95.89096857142886,-1.0000000000000029,2024-08
2024-08-05 13:52:00,2024-08-05 13:53:00,2024-08-05 13:59:00,TSLA,SHORT,34,196.75,199.386475,191.47705,199.386475,stop_hit,2.6364750000000003,1.7576500000000002,-89.64014999999966,0.7,3.34475,-93.68489999999967,-0.9999999999999961,2024-08
2024-08-09 13:34:00,2024-08-09 13:35:00,2024-08-09 13:50:00,TTD,LONG,85,92.47,91.404475,94.60105,94.60105,target_hit,1.0655250000000005,0.7103500000000003,181.13925000000017,0.7,3.9299749999999998,176.50927500000017,2.000000000000001,2024-08
2024-08-05 13:31:00,2024-08-05 13:32:00,2024-08-05 13:39:00,UAL,SHORT,182,37.77,38.27732142857143,36.75535714285714,38.27732142857143,stop_hit,0.5073214285714293,0.3382142857142862,-92.33250000000027,1.274,3.4370700000000003,-97.04357000000027,-1.0000000000000016,2024-08
2024-08-05 13:33:00,2024-08-05 13:34:00,2024-08-05 14:02:00,UAL,SHORT,160,38.13,38.69871428571429,36.99257142857143,38.69871428571429,stop_hit,0.5687142857142857,0.3791428571428571,-90.99428571428575,1.12,3.0504000000000002,-95.16468571428575,-1.0000000000000004,2024-08
2024-08-06 13:31:00,2024-08-06 13:32:00,2024-08-06 13:33:00,UBER,LONG,119,61.91,61.15571428571428,63.418571428571425,61.15571428571428,stop_hit,0.7542857142857142,0.5028571428571428,-89.76000000000002,0.833,3.6836450000000003,-94.27664500000002,-1.0000000000000002,2024-08
2024-08-30 13:31:00,2024-08-30 13:32:00,2024-08-30 13:38:00,ULTA,SHORT,22,348.98,352.94158571428574,341.0568285714286,352.94158571428574,stop_hit,3.9615857142857287,2.6410571428571523,-87.1548857142858,0.7,3.8387800000000003,-91.6936657142858,-0.9999999999999973,2024-08
2024-08-05 13:41:00,2024-08-05 13:42:00,2024-08-05 15:23:00,VST,LONG,59,68.04,66.54642857142858,71.02714285714286,71.02714285714286,target_hit,1.4935714285714283,0.9957142857142856,176.24142857142854,0.7,2.0071800000000004,173.53424857142855,2.0,2024-08
2024-08-05 13:42:00,2024-08-05 13:43:00,2024-08-05 14:00:00,VST,SHORT,58,68.575,70.10767857142858,65.50964285714286,70.10767857142858,stop_hit,1.532678571428571,1.0217857142857139,-88.89535714285742,0.7,1.9886750000000002,-91.58403214285742,-1.0000000000000036,2024-08
2024-08-05 13:43:00,2024-08-05 13:44:00,2024-08-05 14:03:00,VST,SHORT,56,68.715,70.30928571428572,65.52642857142858,70.30928571428572,stop_hit,1.5942857142857125,1.0628571428571416,-89.2800000000002,0.7,1.92402,-91.9040200000002,-1.0000000000000033,2024-08
2024-08-23 13:33:00,2024-08-23 13:34:00,2024-08-23 14:03:00,WDAY,LONG,18,260.945,256.132475,270.57005,256.132475,stop_hit,4.812525,3.20835,-86.62544999999989,0.7,2.3485050000000003,-89.67395499999989,-0.9999999999999987,2024-08
2024-08-05 13:32:00,2024-08-05 13:33:00,2024-08-05 14:00:00,WDC,LONG,126,54.17,53.47679642857143,55.55640714285715,55.55640714285715,target_hit,0.6932035714285709,0.462135714285714,174.68730000000028,0.882,3.41271,170.39259000000027,2.0000000000000044,2024-08
2024-08-15 13:31:00,2024-08-15 13:32:00,2024-08-15 15:53:00,WMT,LONG,115,73.395,72.62388214285714,74.93723571428572,73.24,time_exit,0.7711178571428592,0.5140785714285728,-17.82500000000013,0.805,4.2202125,-22.85021250000013,-0.20100688703320413,2024-08
2024-09-19 14:46:00,2024-09-19 14:47:00,2024-09-19 15:04:00,ADI,SHORT,149,230.545,231.13910714285714,229.3567857142857,231.13910714285714,stop_hit,0.5941071428571445,0.3960714285714297,-88.52196428571605,1.043,17.1756025,-106.74056678571606,-1.000000000000017,2024-09
2024-09-11 13:57:00,2024-09-11 13:58:00,2024-09-11 14:03:00,ALB,SHORT,70,86.39,87.63081071428572,83.90837857142857,87.63081071428572,stop_hit,1.2408107142857143,0.8272071428571428,-86.85675000000003,0.7,3.02365,-90.58040000000004,-1.0000000000000004,2024-09
2024-09-11 13:59:00,2024-09-11 14:00:00,2024-09-19 13:31:00,ALB,SHORT,71,87.18,88.40472857142858,84.73054285714286,88.40472857142858,stop_hit,1.2247285714285705,0.8164857142857136,-86.95572857142854,0.7,3.0948900000000004,-90.75061857142855,-1.0000000000000004,2024-09
2024-09-20 13:41:00,2024-09-20 13:42:00,2024-09-20 14:05:00,CEG,LONG,10,243.665,235.42075357142855,260.15349285714285,235.42075357142855,stop_hit,8.244246428571433,5.496164285714288,-82.44246428571444,0.7,1.218325,-84.36078928571445,-1.0000000000000013,2024-09
2024-09-04 13:31:00,2024-09-04 13:32:00,2024-09-04 15:53:00,CNC,SHORT,84,74.47,75.48178632142857,72.44642735714285,73.84,time_exit,1.0117863214285725,0.674524214285715,52.91999999999962,0.7,3.1277399999999997,49.09225999999961,0.6226611159463777,2024-09
2024-09-16 13:32:00,2024-09-16 13:33:00,2024-09-16 13:54:00,COIN,SHORT,42,157.77,159.79572857142858,153.71854285714284,159.79572857142858,stop_hit,2.025728571428581,1.3504857142857207,-85.08060000000006,0.7,3.31317,-89.09377000000006,-0.999999999999996,2024-09
2024-09-16 13:37:00,2024-09-16 13:38:00,2024-09-16 13:55:00,COIN,SHORT,35,157.59,160.0055357142857,152.75892857142856,160.0055357142857,stop_hit,2.4155357142857223,1.6103571428571481,-84.54374999999985,0.7,2.7578250000000004,-88.00157499999985,-0.9999999999999949,2024-09
2024-09-16 13:38:00,2024-09-16 13:39:00,2024-09-16 13:56:00,COIN,SHORT,33,157.6657,160.18250714285713,152.6320857142857,160.18250714285713,stop_hit,2.5168071428571475,1.6778714285714318,-83.05463571428584,0.7,2.60148405,-86.35611976428584,-0.9999999999999997,2024-09
2024-09-16 13:39:00,2024-09-16 13:40:00,2024-09-16 13:53:00,COIN,SHORT,32,156.81,159.34877142857144,151.73245714285713,159.34877142857144,stop_hit,2.5387714285714313,1.6925142857142876,-81.24068571428597,0.7,2.50896,-84.44964571428598,-1.000000000000002,2024-09
2024-09-19 15:41:00,2024-09-19 15:42:00,2024-09-19 15:53:00,COIN,SHORT,147,174.2,174.75795714285712,173.0840857142857,173.0840857142857,target_hit,0.5579571428571444,0.37197142857142956,164.03940000000162,1.029,12.8037,150.20670000000163,2.000000000000014,2024-09
2024-09-19 15:43:00,2024-09-19 15:44:00,2024-09-19 15:53:00,COIN,SHORT,172,174.0377,174.52494285714286,173.06321428571428,173.06321428571428,target_hit,0.487242857142856,0.32482857142857063,167.61154285714383,1.204,14.967242200000001,151.44030065714384,2.0000000000000164,2024-09
2024-09-05 14:19:00,2024-09-05 14:20:00,2024-09-05 14:41:00,CPRT,LONG,480,49.435,49.25712142857143,49.790757142857146,49.25712142857143,stop_hit,0.17787857142857255,0.11858571428571503,-85.38171428571445,3.36,11.864400000000002,-100.60611428571445,-0.9999999999999957,2024-09
2024-09-04 13:36:00,2024-09-04 13:37:00,2024-09-04 13:46:00,DLTR,SHORT,42,68.13,70.11800357142856,64.15399285714287,64.15399285714287,target_hit,1.9880035714285664,1.325335714285711,166.99229999999937,0.7,1.43073,164.86156999999938,1.9999999999999976,2024-09
2024-09-04 13:46:00,2024-09-04 13:47:00,2024-09-04 14:31:00,DLTR,LONG,67,64.21,62.943657142857134,66.74268571428571,66.74268571428571,target_hit,1.266342857142858,0.8442285714285721,169.6899428571432,0.7,2.151035,166.8389078571432,2.0000000000000027,2024-09
2024-09-04 13:50:00,2024-09-04 13:51:00,2024-09-04 14:06:00,DLTR,SHORT,77,65.34,66.46490357142858,63.09019285714286,66.46490357142858,stop_hit,1.1249035714285727,0.7499357142857151,-86.6175750000003,0.7,2.51559,-89.8331650000003,-1.0000000000000024,2024-09
2024-09-04 13:51:00,2024-09-04 13:52:00,2024-09-13 13:31:00,DLTR,LONG,75,65.3,64.14419642857142,67.61160714285714,67.61160714285714,target_hit,1.1558035714285724,0.7705357142857149,173.3705357142856,0.7,2.44875,170.22178571428563,1.9999999999999973,2024-09
2024-09-11 13:32:00,2024-09-11 13:33:00,2024-09-11 13:35:00,ENPH,LONG,61,109.41,107.96532857142857,112.29934285714285,107.96532857142857,stop_hit,1.4446714285714266,0.9631142857142844,-88.12495714285693,0.7,3.337005,-92.16196214285694,-0.9999999999999989,2024-09
2024-09-12 13:32:00,2024-09-12 13:33:00,2024-09-12 13:42:00,GEV,LONG,45,204.785,202.8734,208.6082,208.6082,target_hit,1.9116,1.2744,172.04400000000064,0.7,4.607662500000001,166.73633750000064,2.0000000000000075,2024-09
2024-09-25 13:38:00,2024-09-25 13:39:00,2024-09-25 15:53:00,GPN,SHORT,46,99.195,101.13496071428571,95.31507857142857,98.06,time_exit,1.9399607142857118,1.2933071428571412,52.20999999999958,0.7,2.2814849999999995,49.22851499999958,0.5850633941408936,2024-09
2024-09-25 14:34:00,2024-09-25 14:35:00,2024-09-25 14:37:00,GPN,SHORT,250,96.31,96.66855357142857,95.59289285714286,96.66855357142857,stop_hit,0.35855357142856903,0.23903571428571269,-89.63839285714315,1.75,12.03875,-103.42714285714314,-1.00000000000001,2024-09
2024-09-23 13:31:00,2024-09-23 13:32:00,2024-09-23 14:26:00,INTC,SHORT,305,22.34,22.63073214285714,21.758535714285713,22.63073214285714,stop_hit,0.29073214285714244,0.1938214285714283,-88.67330357142814,2.1350000000000002,3.40685,-94.21515357142815,-0.9999999999999966,2024-09
2024-09-26 13:36:00,2024-09-26 13:37:00,2024-09-26 13:47:00,KMX,SHORT,85,77.215,78.24565,75.15370000000001,78.24565,stop_hit,1.030649999999997,0.6870999999999979,-87.60524999999951,0.7,3.2816375000000004,-91.58688749999952,-0.9999999999999974,2024-09
2024-09-09 13:54:00,2024-09-09 13:55:00,2024-09-09 13:57:00,MRK,SHORT,232,115.5,115.87339285714286,114.7532142857143,115.87339285714286,stop_hit,0.3733928571428555,0.24892857142857036,-86.62714285714367,1.624,13.398,-101.64914285714366,-1.0000000000000138,2024-09
2024-09-12 13:37:00,2024-09-12 13:38:00,2024-09-13 13:39:00,MRNA,SHORT,34,65.835,68.30921989285714,60.88656021428571,68.30921989285714,stop_hit,2.4742198928571444,1.6494799285714297,-84.12347635714309,0.7,1.119195,-85.9426713571431,-1.0000000000000022,2024-09
2024-09-12 13:41:00,2024-09-12 13:42:00,2024-09-19 13:31:00,MRNA,LONG,31,65.41,62.68101785714285,70.8679642857143,70.8679642857143,target_hit,2.7289821428571477,1.8193214285714316,169.1968928571432,0.7,1.013855,167.48303785714322,2.0000000000000004,2024-09
2024-09-12 13:47:00,2024-09-12 13:48:00,2024-09-13 13:32:00,MRNA,LONG,57,64.51,62.99954285714286,67.53091428571429,67.53091428571429,target_hit,1.5104571428571443,1.0069714285714295,172.19211428571418,0.7,1.838535,169.6535792857142,1.9999999999999967,2024-09
2024-09-12 13:48:00,2024-09-12 13:49:00,2024-09-13 13:32:00,MRNA,LONG,64,64.415,63.05238928571429,67.14022142857144,67.14022142857144,target_hit,1.3626107142857151,0.9084071428571434,174.41417142857154,0.7,2.0612800000000004,171.65289142857154,2.0,2024-09
2024-09-12 13:51:00,2024-09-12 13:52:00,2024-09-12 15:32:00,MRNA,LONG,76,64.615,63.43348214285714,66.97803571428571,66.97803571428571,target_hit,1.181517857142859,0.7876785714285727,179.59071428571434,0.7,2.45537,176.43534428571436,1.9999999999999973,2024-09
2024-09-04 13:32:00,2024-09-04 13:33:00,2024-09-04 13:45:00,NVDA,SHORT,96,105.99,106.93700357142856,104.09599285714285,106.93700357142856,stop_hit,0.9470035714285716,0.6313357142857144,-90.91234285714245,0.7,5.08752,-96.69986285714245,-0.9999999999999953,2024-09
2024-09-04 13:38:00,2024-09-04 13:39:00,2024-09-04 13:46:00,NVDA,LONG,69,104.49,103.1907107142857,107.08857857142857,107.08857857142857,target_hit,1.2992892857142886,0.8661928571428591,179.3019214285717,0.7,3.604905,174.9970164285717,1.9999999999999987,2024-09
2024-09-05 13:38:00,2024-09-05 13:39:00,2024-09-05 15:33:00,ODFL,LONG,34,182.76,180.0975,188.08499999999998,180.0975,stop_hit,2.6624999999999996,1.7749999999999997,-90.5249999999998,0.7,3.10692,-94.33191999999981,-0.999999999999998,2024-09
2024-09-04 13:31:00,2024-09-04 13:32:00,2024-09-04 13:41:00,SMCI,SHORT,169,41.5881,42.12851785714285,40.507264285714285,42.12851785714285,stop_hit,0.5404178571428557,0.36027857142857045,-91.33061785714266,1.183,3.51419445,-96.02781230714267,-1.0000000000000004,2024-09
2024-09-04 13:33:00,2024-09-04 13:34:00,2024-09-04 13:41:00,SMCI,SHORT,146,41.567,42.185021428571424,40.330957142857145,42.185021428571424,stop_hit,0.6180214285714271,0.4120142857142847,-90.23112857142794,1.022,3.0343910000000003,-94.28751957142795,-0.9999999999999956,2024-09
2024-09-06 15:33:00,2024-09-06 15:34:00,2024-09-06 15:45:00,SMCI,SHORT,455,38.878,39.07516428571429,38.48367142857143,38.48367142857143,target_hit,0.1971642857142868,0.13144285714285786,179.419500000001,3.185,8.844745000000001,167.389755000001,2.0,2024-09
2024-09-06 15:34:00,2024-09-06 15:35:00,2024-09-06 15:46:00,SMCI,SHORT,469,38.83,39.02491428571429,38.440171428571425,38.440171428571425,target_hit,0.1949142857142867,0.1299428571428578,182.82960000000094,3.283,9.105635000000001,170.44096500000094,2.0,2024-09
2024-09-26 14:47:00,2024-09-26 14:48:00,2024-09-26 14:53:00,SMCI,SHORT,139,43.632,44.29782857142857,42.30034285714286,42.30034285714286,target_hit,0.6658285714285689,0.4438857142857126,185.10034285714238,0.973,3.0324240000000002,181.09491885714237,2.000000000000002,2024-09
2024-09-26 14:48:00,2024-09-26 14:53:00,2024-09-26 14:54:00,SMCI,SHORT,132,42.1825,42.901085714285706,40.74532857142857,42.901085714285706,stop_hit,0.7185857142857122,0.4790571428571414,-94.85331428571357,0.924,2.784045,-98.56135928571358,-0.9999999999999953,2024-09
2024-09-26 14:56:00,2024-09-26 14:57:00,2024-09-26 15:03:00,SMCI,LONG,78,39.8,38.610082142857145,42.17983571428571,38.610082142857145,stop_hit,1.1899178571428548,0.7932785714285698,-92.81359285714247,0.7,1.5521999999999998,-95.06579285714247,-0.9999999999999978,2024-09
2024-09-26 14:57:00,2024-09-26 14:58:00,2024-09-26 15:03:00,SMCI,LONG,72,39.8,38.51428571428571,42.37142857142857,38.51428571428571,stop_hit,1.2857142857142834,0.8571428571428557,-92.5714285714285,0.7,1.4328,-94.7042285714285,-1.000000000000001,2024-09
2024-09-26 14:58:00,2024-09-26 15:03:00,2024-09-26 15:05:00,SMCI,SHORT,73,38.858,40.118921428571426,36.33615714285715,40.118921428571426,stop_hit,1.260921428571426,0.8406142857142841,-92.0472642857143,0.7,1.4183169999999998,-94.16558128571431,-1.0000000000000022,2024-09
2024-09-26 15:04:00,2024-09-26 15:05:00,2024-09-26 15:53:00,SMCI,SHORT,60,40.1662,41.67727857142857,37.144042857142864,39.1659,time_exit,1.5110785714285693,1.0073857142857128,60.01800000000017,0.7,1.2049860000000001,58.11301400000017,0.661977490061501,2024-09
2024-09-26 15:05:00,2024-09-26 15:06:00,2024-09-26 15:53:00,SMCI,SHORT,56,41.0,42.61058214285714,37.77883571428572,39.1659,time_exit,1.6105821428571414,1.0737214285714276,102.70959999999997,0.7,1.1480000000000001,100.86159999999997,1.1387807868938256,2024-09
2024-09-26 15:06:00,2024-09-26 15:07:00,2024-09-26 15:53:00,SMCI,SHORT,54,40.431,42.12201428571428,37.04897142857143,39.1659,time_exit,1.6910142857142845,1.1273428571428563,68.31539999999983,0.7,1.091637,66.52376299999982,0.7481308766505296,2024-09
2024-09-26 15:11:00,2024-09-26 15:12:00,2024-09-26 15:53:00,SMCI,LONG,69,39.63,38.29033928571429,42.30932142857143,39.1659,time_exit,1.3396607142857144,0.893107142857143,-32.022900000000135,0.7,1.3672350000000002,-34.09013500000014,-0.3464309993201918,2024-09
2024-09-26 15:12:00,2024-09-26 15:13:00,2024-09-26 15:53:00,SMCI,LONG,72,39.5967,38.308499999999995,42.1731,39.1659,time_exit,1.2882000000000002,0.8588000000000002,-31.017599999999845,0.7,1.4254812,-33.14308119999984,-0.3344201210992065,2024-09
2024-09-26 15:14:00,2024-09-26 15:15:00,2024-09-26 15:53:00,SMCI,SHORT,76,40.726,41.93239642857143,38.31320714285714,39.1659,time_exit,1.2063964285714297,0.8042642857142864,118.56759999999989,0.7,1.547588,116.32001199999988,1.2931901678848732,2024-09
2024-09-26 15:15:00,2024-09-26 15:16:00,2024-09-26 15:53:00,SMCI,SHORT,81,40.372,41.52578928571429,38.06442142857143,39.1659,time_exit,1.1537892857142866,0.7691928571428578,97.69409999999993,0.7,1.6350660000000001,95.35903399999994,1.045338186905877,2024-09
2024-09-26 15:16:00,2024-09-26 15:17:00,2024-09-26 15:53:00,SMCI,SHORT,77,40.264,41.481432142857145,37.82913571428572,39.1659,time_exit,1.2174321428571433,0.8116214285714288,84.55370000000018,0.7,1.5501640000000003,82.30353600000018,0.9019804565229523,2024-09
2024-09-19 15:11:00,2024-09-19 15:12:00,2024-09-19 15:31:00,VST,SHORT,287,91.385,91.71802142857143,90.71895714285715,90.71895714285715,target_hit,0.3330214285714267,0.22201428571428444,191.1542999999995,2.009,13.113747500000002,176.03155249999952,2.000000000000006,2024-09
2024-09-19 15:43:00,2024-09-19 15:44:00,2024-09-20 13:31:00,VST,SHORT,289,91.2,91.53651428571429,90.52697142857143,91.53651428571429,stop_hit,0.33651428571428554,0.22434285714285704,-97.25262857142897,2.023,13.1784,-112.45402857142896,-1.0000000000000047,2024-09
2024-09-20 13:42:00,2024-09-20 13:43:00,2024-09-20 14:18:00,VST,LONG,33,101.17,98.32334285714286,106.86331428571428,98.32334285714286,stop_hit,2.8466571428571426,1.8977714285714282,-93.93968571428562,0.7,1.669305,-96.30899071428561,-0.9999999999999991,2024-09
2024-09-24 13:32:00,2024-09-24 13:33:00,2024-09-24 14:00:00,WYNN,SHORT,113,84.805,85.64821428571429,83.11857142857144,83.11857142857144,target_hit,0.843214285714283,0.5621428571428554,190.56642857142776,0.791,4.7914825,184.98394607142777,1.999999999999998,2024-09
2024-09-26 14:15:00,2024-09-26 14:16:00,2024-09-26 14:30:00,WYNN,SHORT,329,89.6,89.89523214285714,89.0095357142857,89.89523214285714,stop_hit,0.29523214285714566,0.19682142857143045,-97.13137500000076,2.303,14.739199999999999,-114.17357500000075,-0.9999999999999983,2024-09
2024-09-05 13:35:00,2024-09-05 13:36:00,2024-09-05 15:53:00,ZBH,SHORT,67,106.63,108.05435714285714,103.7812857142857,105.28,time_exit,1.424357142857144,0.9495714285714294,90.44999999999962,0.7,3.572105,86.17789499999962,0.9477959981946695,2024-09
2024-10-30 13:33:00,2024-10-30 13:34:00,2024-10-30 15:53:00,AMD,LONG,46,150.305,148.22110357142859,154.47279285714288,150.41,time_exit,2.0838964285714323,1.3892642857142883,4.829999999999529,0.7,3.4570150000000006,0.6729849999995285,0.05038638128094021,2024-10
2024-10-30 15:34:00,2024-10-30 15:35:00,2024-10-30 15:48:00,AMZN,LONG,543,193.6,193.42184285714285,193.95631428571429,193.95631428571429,target_hit,0.17815714285714332,0.11877142857142887,193.47865714285984,3.801,52.562400000000004,137.11525714285986,2.0000000000000226,2024-10
2024-10-04 13:54:00,2024-10-04 13:55:00,2024-10-04 14:01:00,APO,LONG,221,135.425,134.98154642857145,136.31190714285714,134.98154642857145,stop_hit,0.4434535714285661,0.2956357142857107,-98.00323928571243,1.547,14.964462500000002,-114.51470178571242,-0.999999999999993,2024-10
2024-10-31 13:33:00,2024-10-31 13:34:00,2024-10-31 13:35:00,APTV,LONG,107,62.2614,61.36059642857143,64.06300714285715,61.36059642857143,stop_hit,0.9008035714285751,0.6005357142857167,-96.38598214285756,0.749,3.3309849,-100.46596704285756,-1.0000000000000002,2024-10
2024-10-31 13:34:00,2024-10-31 13:35:00,2024-10-31 13:45:00,APTV,SHORT,95,61.47,62.476875,59.45625,59.45625,target_hit,1.0068750000000024,0.6712500000000016,191.30625000000015,0.7,2.919825,187.68642500000016,1.999999999999997,2024-10
2024-10-31 13:35:00,2024-10-31 13:36:00,2024-10-31 13:47:00,APTV,SHORT,88,60.9201,62.02955357142857,58.70119285714285,58.70119285714285,target_hit,1.1094535714285738,0.7396357142857158,195.26382857142903,0.7,2.6804844,191.88334417142903,2.0000000000000004,2024-10
2024-10-31 13:42:00,2024-10-31 13:43:00,2024-10-31 14:12:00,APTV,LONG,63,59.865,58.29161785714286,63.011764285714285,58.29161785714286,stop_hit,1.5733821428571428,1.0489214285714286,-99.12307499999993,0.7,1.8857475000000001,-101.70882249999993,-0.9999999999999993,2024-10
2024-10-29 14:07:00,2024-10-29 14:08:00,2024-10-29 14:20:00,CDNS,LONG,74,276.45,275.12651785714286,279.09696428571425,279.09696428571425,target_hit,1.3234821428571388,0.8823214285714259,195.87535714285536,0.7,10.22865,184.9467071428554,1.999999999999988,2024-10
2024-10-31 13:53:00,2024-10-31 13:54:00,2024-10-31 14:15:00,CI,LONG,42,325.32,322.9687607142857,330.02247857142856,322.9687607142857,stop_hit,2.3512392857142936,1.5674928571428626,-98.75205000000119,0.7,6.831720000000001,-106.2837700000012,-1.0000000000000087,2024-10
2024-10-31 13:32:00,2024-10-31 13:33:00,2024-10-31 13:34:00,CMCSA,LONG,223,44.305,43.85924285714285,45.19651428571429,43.85924285714285,stop_hit,0.44575714285714385,0.29717142857142925,-99.40384285714377,1.561,4.9400075,-105.90485035714377,-1.0000000000000069,2024-10
2024-10-17 13:31:00,2024-10-17 13:32:00,2024-10-24 13:31:00,CNC,LONG,128,62.575,61.80531785714286,64.11436428571429,61.80531785714286,stop_hit,0.7696821428571431,0.5131214285714287,-98.51931428571424,0.896,4.0048,-103.42011428571425,-0.9999999999999993,2024-10
2024-10-25 13:33:00,2024-10-25 13:34:00,2024-10-25 15:05:00,CNC,LONG,87,68.9,67.78785714285715,71.12428571428572,67.78785714285715,stop_hit,1.1121428571428589,0.7414285714285727,-96.75642857142853,0.7,2.99715,-100.45357857142854,-0.999999999999998,2024-10
2024-10-25 13:36:00,2024-10-25 13:37:00,2024-10-25 15:53:00,CNC,SHORT,72,69.2125,70.54642857142858,66.54464285714286,67.195,time_exit,1.333928571428571,0.889285714285714,145.2600000000009,0.7,2.4916500000000004,142.06835000000092,1.5124497991967971,2024-10
2024-10-25 13:32:00,2024-10-25 13:33:00,2024-10-25 15:53:00,COF,SHORT,53,166.97,168.81733335714284,163.2753332857143,164.98,time_exit,1.8473333571428494,1.2315555714285662,105.47000000000048,0.7,4.424705,100.34529500000048,1.0772284235032776,2024-10
2024-10-21 13:39:00,2024-10-21 13:40:00,2024-10-21 14:01:00,COIN,LONG,43,209.74,207.48541428571428,214.24917142857143,214.24917142857143,target_hit,2.254585714285711,1.5030571428571409,193.89437142857108,0.7,4.50941,188.68496142857109,1.9999999999999991,2024-10
2024-10-21 13:41:00,2024-10-21 13:42:00,2024-10-21 14:06:00,COIN,LONG,42,210.1,207.71316785714285,214.87366428571426,214.87366428571426,target_hit,2.386832142857136,1.591221428571424,200.49389999999897,0.7,4.4121,195.38179999999898,1.9999999999999956,2024-10
2024-10-30 13:32:00,2024-10-30 13:33:00,2024-10-30 14:05:00,CZR,LONG,228,42.37,41.91941071428571,43.27117857142857,41.91941071428571,stop_hit,0.4505892857142858,0.3003928571428572,-102.73435714285739,1.596,4.8301799999999995,-109.1605371428574,-1.0000000000000022,2024-10
2024-10-30 13:54:00,2024-10-30 13:55:00,2024-10-30 14:06:00,DAY,LONG,122,69.415,68.58464285714285,71.0757142857143,68.58464285714285,stop_hit,0.8303571428571459,0.5535714285714306,-101.30357142857267,0.854,4.2343150000000005,-106.39188642857266,-1.0000000000000087,2024-10
2024-10-25 13:32:00,2024-10-25 13:33:00,2024-10-25 13:46:00,DLR,SHORT,37,189.35,192.05953571428572,183.93092857142855,192.05953571428572,stop_hit,2.7095357142857157,1.8063571428571439,-100.25282142857168,0.7,3.502975,-104.45579642857169,-1.000000000000002,2024-10
2024-10-31 13:33:00,2024-10-31 13:34:00,2024-10-31 13:39:00,EBAY,SHORT,107,57.04,57.97139285714286,55.177214285714285,57.97139285714286,stop_hit,0.9313928571428585,0.6209285714285723,-99.65903571428606,0.749,3.05164,-103.45967571428606,-1.0000000000000022,2024-10
2024-10-31 13:41:00,2024-10-31 13:42:00,2024-10-31 15:53:00,EBAY,LONG,67,57.415,55.95996785714286,60.325064285714284,57.585,time_exit,1.4550321428571438,0.9700214285714291,11.390000000000114,0.7,1.9234025,8.766597500000115,0.11683590691418316,2024-10
2024-10-31 13:31:00,2024-10-31 13:32:00,2024-10-31 13:43:00,EL,SHORT,37,64.2,66.808575,58.98285,66.808575,stop_hit,2.6085750000000014,1.7390500000000009,-96.51727500000007,0.7,1.1877,-98.40497500000008,-1.0000000000000002,2024-10
2024-10-31 13:55:00,2024-10-31 13:56:00,2024-10-31 14:06:00,EL,LONG,102,68.8801,67.92439642857143,70.79150714285714,70.79150714285714,target_hit,0.9557035714285698,0.6371357142857131,194.96352857142864,0.714,3.5128851,190.73664347142864,2.000000000000004,2024-10
2024-10-31 14:04:00,2024-10-31 14:05:00,2024-10-31 14:08:00,EL,SHORT,117,70.2564,71.10642857142857,68.55634285714287,71.10642857142857,stop_hit,0.8500285714285682,0.5666857142857121,-99.4533428571423,0.8190000000000001,4.1099993999999995,-104.38234225714231,-0.9999999999999982,2024-10
2024-10-17 13:31:00,2024-10-17 13:32:00,2024-10-17 13:45:00,ELV,SHORT,8,410.0,421.8792714285714,386.24145714285714,421.8792714285714,stop_hit,11.879271428571435,7.91951428571429,-95.03417142857143,0.7,1.6400000000000001,-97.37417142857143,-0.9999999999999994,2024-10
2024-10-17 13:32:00,2024-10-17 13:33:00,2024-10-17 13:44:00,ELV,SHORT,7,407.54,420.0880035714286,382.44399285714286,420.0880035714286,stop_hit,12.548003571428575,8.365335714285717,-87.83602500000006,0.7,1.42639,-89.96241500000006,-1.0000000000000004,2024-10
2024-10-17 13:33:00,2024-10-17 13:34:00,2024-10-17 13:48:00,ELV,SHORT,7,410.0,423.09443214285716,383.8111357142857,423.09443214285716,stop_hit,13.094432142857144,8.729621428571429,-91.66102500000011,0.7,1.435,-93.79602500000011,-1.000000000000001,2024-10
2024-10-17 13:37:00,2024-10-17 13:38:00,2024-10-17 14:29:00,ELV,SHORT,6,416.72,431.2125285714286,387.73494285714287,431.2125285714286,stop_hit,14.492528571428565,9.66168571428571,-86.95517142857148,0.7,1.2501600000000002,-88.90533142857147,-1.0000000000000009,2024-10
2024-10-17 13:55:00,2024-10-17 13:56:00,2024-10-17 14:34:00,ELV,LONG,22,427.4,423.22074285714285,435.7585142857143,435.7585142857143,target_hit,4.179257142857147,2.7861714285714316,183.88731428571475,0.7,4.7014,178.48591428571476,2.000000000000003,2024-10
2024-10-23 13:31:00,2024-10-23 13:32:00,2024-10-23 13:57:00,ENPH,SHORT,54,78.95,80.70864285714286,75.43271428571428,80.70864285714286,stop_hit,1.7586428571428574,1.1724285714285716,-94.96671428571443,0.7,2.13165,-97.79836428571443,-1.0000000000000013,2024-10
2024-10-23 13:32:00,2024-10-23 13:33:00,2024-10-23 13:57:00,ENPH,SHORT,50,78.7822,80.66298571428571,75.02062857142857,80.66298571428571,stop_hit,1.8807857142857127,1.253857142857142,-94.03928571428537,0.7,1.9695550000000002,-96.70884071428537,-0.9999999999999971,2024-10
2024-10-23 13:33:00,2024-10-23 13:34:00,2024-10-23 13:53:00,ENPH,SHORT,47,78.095,80.09898928571428,74.08702142857143,80.09898928571428,stop_hit,2.003989285714285,1.3359928571428565,-94.18749642857131,0.7,1.8352325,-96.72272892857131,-0.9999999999999991,2024-10
2024-10-23 13:54:00,2024-10-23 13:55:00,2024-10-23 14:21:00,ENPH,LONG,89,80.06,79.01672857142857,82.14654285714286,79.01672857142857,stop_hit,1.0432714285714288,0.6955142857142859,-92.85115714285725,0.7,3.5626700000000002,-97.11382714285725,-1.0000000000000009,2024-10
2024-10-15 14:24:00,2024-10-15 14:25:00,2024-10-15 14:31:00,EOG,LONG,416,127.975,127.75224999999999,128.4205,128.4205,target_hit,0.22274999999999934,0.14849999999999955,185.32800000000407,2.912,26.6188,155.79720000000407,2.0000000000000497,2024-10
2024-10-30 13:31:00,2024-10-30 13:32:00,2024-10-30 13:36:00,FSLR,LONG,34,187.83,185.08530000000002,193.3194,185.08530000000002,stop_hit,2.7446999999999964,1.8297999999999977,-93.31979999999982,0.7,3.1931100000000003,-97.21290999999982,-0.9999999999999993,2024-10
2024-10-30 14:02:00,2024-10-30 14:03:00,2024-10-30 14:19:00,FSLR,LONG,41,190.3403,188.10450714285716,194.81188571428572,194.81188571428572,target_hit,2.2357928571428545,1.4905285714285696,183.33501428571407,0.7,3.9019761500000003,178.73303813571408,2.0,2024-10
2024-10-30 13:31:00,2024-10-30 13:32:00,2024-10-30 13:34:00,GEHC,SHORT,124,86.89,87.653575,85.36285,87.653575,stop_hit,0.763575000000003,0.509050000000002,-94.68330000000037,0.868,5.387180000000001,-100.93848000000037,-1.0,2024-10
2024-10-30 13:31:00,2024-10-30 13:32:00,2024-10-30 13:40:00,GOOG,SHORT,53,183.24,185.0009892857143,179.71802142857143,179.71802142857143,target_hit,1.7609892857142864,1.1739928571428575,186.66486428571454,0.7,4.855860000000001,181.10900428571455,2.000000000000002,2024-10
2024-10-30 13:31:00,2024-10-30 13:32:00,2024-10-30 13:40:00,GOOGL,SHORT,54,181.45,183.20750864285714,177.9349827142857,177.9349827142857,target_hit,1.7575086428571427,1.1716724285714284,189.81093342857184,0.7,4.89915,184.21178342857186,2.0000000000000044,2024-10
2024-10-25 13:33:00,2024-10-25 13:34:00,2024-10-25 15:53:00,HCA,LONG,17,364.36,358.7291071428572,375.62178571428575,359.835,time_exit,5.630892857142857,3.7539285714285717,-76.92500000000058,0.7,3.09706,-80.72206000000058,-0.8036025750800808,2024-10
2024-10-02 13:31:00,2024-10-02 13:32:00,2024-10-02 14:06:00,HUM,SHORT,9,216.99,226.83760714285717,197.29478571428572,226.83760714285717,stop_hit,9.847607142857143,6.565071428571429,-88.62846428571441,0.7,0.9764550000000001,-90.30491928571442,-1.0000000000000013,2024-10
2024-10-02 13:32:00,2024-10-02 13:33:00,2024-10-02 14:04:00,HUM,SHORT,9,215.51,225.91742857142856,194.69514285714286,225.91742857142856,stop_hit,10.407428571428568,6.938285714285712,-93.66685714285711,0.7,0.969795,-95.33665214285712,-1.0,2024-10
2024-10-02 13:33:00,2024-10-02 13:34:00,2024-10-02 14:04:00,HUM,SHORT,8,214.81,225.63528571428571,193.15942857142858,225.63528571428571,stop_hit,10.825285714285709,7.216857142857139,-86.6022857142857,0.7,0.85924,-88.1615257142857,-1.0000000000000002,2024-10
2024-10-02 13:36:00,2024-10-02 13:37:00,2024-10-15 13:31:00,HUM,LONG,7,216.44,204.39518975000001,240.5296205,240.5296205,target_hit,12.044810249999994,8.029873499999995,168.62734349999997,0.7,0.75754,167.16980349999997,2.0000000000000004,2024-10
2024-10-02 13:59:00,2024-10-02 14:00:00,2024-10-02 14:03:00,HUM,SHORT,47,222.1856,224.21568928571426,218.12542142857143,224.21568928571426,stop_hit,2.030089285714282,1.3533928571428544,-95.41419642857062,0.7,5.221361600000001,-101.33555802857062,-0.9999999999999934,2024-10
2024-10-31 13:33:00,2024-10-31 13:34:00,2024-10-31 15:53:00,IP,LONG,100,54.82,53.87553571428572,56.70892857142857,55.3,time_exit,0.9444642857142854,0.629642857142857,47.99999999999969,0.7000000000000001,2.741,44.558999999999685,0.5082246171298891,2024-10
2024-10-31 13:36:00,2024-10-31 13:37:00,2024-10-31 15:53:00,IP,LONG,84,55.27,54.14178571428572,57.526428571428575,55.3,time_exit,1.1282142857142867,0.7521428571428578,2.5199999999994986,0.7,2.32134,-0.5013400000005015,0.02659069325735461,2024-10
2024-10-30 13:32:00,2024-10-30 13:33:00,2024-10-30 13:39:00,LLY,SHORT,7,799.35,812.4302571428572,773.1894857142858,773.1894857142858,target_hit,13.080257142857132,8.72017142857142,183.1235999999999,0.7,2.797725,179.6258749999999,2.0000000000000004,2024-10
2024-10-30 13:34:00,2024-10-30 13:35:00,2024-10-30 14:10:00,LLY,SHORT,6,783.77,798.7734714285714,753.7630571428572,798.7734714285714,stop_hit,15.003471428571421,10.00231428571428,-90.02082857142841,0.7,2.35131,-93.07213857142841,-0.9999999999999987,2024-10
2024-10-24 13:31:00,2024-10-24 13:32:00,2024-10-24 13:41:00,LRCX,LONG,165,76.69,76.10788364285715,77.85423271428571,76.10788364285715,stop_hit,0.5821163571428575,0.38807757142857163,-96.04919892857048,1.155,6.326925,-103.53112392857048,-0.9999999999999896,2024-10
2024-10-24 13:34:00,2024-10-24 13:35:00,2024-10-24 13:41:00,LRCX,LONG,115,77.1,76.27349078571429,78.75301842857142,76.27349078571429,stop_hit,0.8265092142857137,0.5510061428571424,-95.04855964285632,0.805,4.43325,-100.28680964285633,-0.9999999999999921,2024-10
2024-10-23 13:45:00,2024-10-23 13:46:00,2024-10-23 13:57:00,MCD,LONG,47,294.75,292.75703571428573,298.7359285714286,298.7359285714286,target_hit,1.992964285714292,1.3286428571428612,187.3386428571436,0.7,6.9266250000000005,179.71201785714362,2.0000000000000018,2024-10
2024-10-31 13:31:00,2024-10-31 13:32:00,2024-10-31 13:33:00,MET,LONG,101,78.5,77.5571,80.3858,77.5571,stop_hit,0.9429000000000011,0.6286000000000007,-95.23289999999945,0.707,3.9642500000000003,-99.90414999999945,-0.999999999999993,2024-10
2024-10-31 13:32:00,2024-10-31 13:33:00,2024-10-31 15:53:00,MET,LONG,89,77.59,76.52924285714286,79.71151428571429,78.28,time_exit,1.0607571428571434,0.7071714285714289,61.4099999999998,0.7,3.4527550000000002,57.25724499999979,0.6504787685346022,2024-10
2024-10-22 13:51:00,2024-10-22 13:52:00,2024-10-22 15:53:00,MMM,LONG,50,131.795,129.91301428571427,135.55897142857143,133.75,time_exit,1.8819857142857177,1.2546571428571451,97.75000000000063,0.7,3.2948749999999998,93.75512500000062,1.0387964080492536,2024-10
2024-10-09 13:32:00,2024-10-09 13:33:00,2024-10-09 13:47:00,NCLH,LONG,548,21.926,21.749997285714283,22.278005428571426,22.278005428571426,target_hit,0.17600271428571393,0.11733514285714262,192.8989748571422,3.8360000000000003,6.007724,183.0552508571422,1.9999999999999971,2024-10
2024-10-09 13:34:00,2024-10-09 13:35:00,2024-10-09 14:00:00,NCLH,LONG,465,21.942,21.73085442857143,22.36429114285714,22.36429114285714,target_hit,0.21114557142857104,0.14076371428571402,196.36538142857046,3.255,5.101515,188.00886642857046,1.9999999999999938,2024-10
2024-10-31 13:52:00,2024-10-31 13:53:00,2024-10-31 14:28:00,NCLH,LONG,324,25.9238,25.615303571428573,26.540792857142858,25.615303571428573,stop_hit,0.3084964285714282,0.2056642857142855,-99.95284285714239,2.2680000000000002,4.1996556,-106.42049845714239,-0.9999999999999964,2024-10
2024-10-31 13:58:00,2024-10-31 13:59:00,2024-10-31 14:01:00,NCLH,LONG,400,26.07,25.82235,26.5653,25.82235,stop_hit,0.24764999999999993,0.16509999999999994,-99.06000000000006,2.8000000000000003,5.214,-107.07400000000005,-1.0000000000000009,2024-10
2024-10-25 13:33:00,2024-10-25 13:34:00,2024-10-25 15:04:00,NEM,LONG,169,47.29,46.71090357142857,48.44819285714286,48.44819285714286,target_hit,0.5790964285714291,0.3860642857142861,195.73459285714296,1.183,3.9960050000000003,190.55558785714297,1.9999999999999993,2024-10
2024-10-25 13:34:00,2024-10-25 13:35:00,2024-10-25 14:51:00,NEM,LONG,169,47.026,46.43726071428572,48.203478571428576,48.203478571428576,target_hit,0.5887392857142859,0.39249285714285725,198.99387857142878,1.183,3.973697,193.8371815714288,2.0000000000000013,2024-10
2024-10-02 13:37:00,2024-10-02 13:38:00,2024-10-02 15:53:00,NKE,LONG,77,82.6528,81.34512142857143,85.26815714285715,84.005,time_exit,1.3076785714285712,0.8717857142857142,104.11939999999971,0.7,3.1821327999999998,100.2372671999997,1.0340461559470135,2024-10
2024-10-23 14:27:00,2024-10-23 14:28:00,2024-10-23 15:53:00,ODFL,SHORT,32,189.44,192.58825357142857,183.14349285714283,189.07,time_exit,3.148253571428578,2.098835714285719,11.840000000000146,0.7,3.03104,8.108960000000145,0.11752547614266987,2024-10
2024-10-29 13:34:00,2024-10-29 13:35:00,2024-10-29 15:46:00,PHM,SHORT,53,126.5924,128.52685357142857,122.72349285714284,128.52685357142857,stop_hit,1.934453571428575,1.2896357142857167,-102.52603928571457,0.7,3.3546986,-106.58073788571458,-1.0000000000000009,2024-10
2024-10-23 13:31:00,2024-10-23 13:32:00,2024-10-23 13:36:00,QCOM,LONG,138,170.4,169.6646142857143,171.87077142857143,169.6646142857143,stop_hit,0.7353857142857133,0.4902571428571422,-101.4832285714283,0.966,11.7576,-114.20682857142829,-0.9999999999999987,2024-10
2024-10-08 13:51:00,2024-10-08 13:52:00,2024-10-17 13:31:00,SMCI,SHORT,110,46.08,46.99359642857143,44.25280714285714,46.99359642857143,stop_hit,0.9135964285714306,0.6090642857142871,-100.4956071428574,0.77,2.5344,-103.8000071428574,-1.0000000000000002,2024-10
2024-10-10 13:39:00,2024-10-10 13:40:00,2024-10-17 13:31:00,SMCI,LONG,126,45.16,44.37396785714285,46.73206428571429,46.73206428571429,target_hit,0.7860321428571444,0.5240214285714296,198.0801000000006,0.882,2.84508,194.3530200000006,2.000000000000002,2024-10
2024-10-30 13:32:00,2024-10-30 13:33:00,2024-10-30 13:52:00,SMCI,SHORT,47,33.3397,35.46704285714286,29.085014285714287,35.46704285714286,stop_hit,2.127342857142856,1.4182285714285707,-99.98511428571427,0.7,0.78348295,-101.46859723571428,-1.0000000000000004,2024-10
2024-10-30 13:33:00,2024-10-30 13:34:00,2024-10-30 13:51:00,SMCI,SHORT,45,33.18,35.386628571428574,28.76674285714286,35.386628571428574,stop_hit,2.2066285714285705,1.4710857142857137,-99.29828571428584,0.7,0.7465499999999999,-100.74483571428584,-1.0000000000000016,2024-10
2024-10-30 13:35:00,2024-10-30 13:36:00,2024-10-30 13:51:00,SMCI,SHORT,43,32.75,35.06805714285714,28.113885714285715,35.06805714285714,stop_hit,2.3180571428571426,1.5453714285714284,-99.67645714285713,0.7,0.704125,-101.08058214285714,-1.0,2024-10
2024-10-30 13:36:00,2024-10-30 13:37:00,2024-10-30 13:50:00,SMCI,SHORT,41,32.54,34.90841428571429,27.803171428571428,34.90841428571429,stop_hit,2.3684142857142856,1.578942857142857,-97.10498571428579,0.7,0.6670699999999999,-98.47205571428579,-1.0000000000000007,2024-10
2024-10-30 13:44:00,2024-10-30 13:45:00,2024-10-30 13:55:00,SMCI,LONG,99,33.87,32.89238571428571,35.82522857142857,35.82522857142857,target_hit,0.9776142857142867,0.6517428571428577,193.56762857142846,0.7,1.6765649999999999,191.19106357142846,1.999999999999997,2024-10
2024-10-30 13:46:00,2024-10-30 13:47:00,2024-10-30 13:50:00,SMCI,SHORT,125,34.0,34.79117885714286,32.41764228571428,34.79117885714286,stop_hit,0.7911788571428584,0.5274525714285723,-98.89735714285752,0.875,2.125,-101.89735714285752,-1.0000000000000022,2024-10
2024-10-30 13:53:00,2024-10-30 13:54:00,2024-10-30 13:56:00,SMCI,LONG,133,35.3899,34.653492571428565,36.862714857142855,36.862714857142855,target_hit,0.7364074285714304,0.4909382857142869,195.88437600000006,0.931,2.3534283499999997,192.59994765000005,1.9999999999999958,2024-10
2024-10-30 13:54:00,2024-10-30 13:55:00,2024-10-30 13:56:00,SMCI,SHORT,135,36.1795,36.919121714285716,34.70025657142857,36.919121714285716,stop_hit,0.7396217142857154,0.4930811428571436,-99.84893142857196,0.9450000000000001,2.44211625,-103.23604767857195,-1.0000000000000038,2024-10
2024-10-30 14:05:00,2024-10-30 14:06:00,2024-10-30 14:12:00,SMCI,LONG,90,36.9285,35.82834642857143,39.12880714285714,35.82834642857143,stop_hit,1.1001535714285726,0.7334357142857151,-99.01382142857138,0.7,1.6617825000000002,-101.37560392857138,-0.9999999999999983,2024-10
2024-10-30 14:10:00,2024-10-30 14:11:00,2024-10-30 14:37:00,SMCI,LONG,86,36.09,34.956537857142855,38.35692428571429,34.956537857142855,stop_hit,1.1334621428571454,0.7556414285714302,-97.47774428571473,0.7,1.55187,-99.72961428571473,-1.0000000000000024,2024-10
2024-10-30 14:11:00,2024-10-30 14:12:00,2024-10-30 14:34:00,SMCI,LONG,83,36.17,35.00920571428571,38.49158857142858,35.00920571428571,stop_hit,1.1607942857142879,0.7738628571428586,-96.34592571428597,0.7,1.501055,-98.54698071428597,-1.0000000000000007,2024-10
2024-10-30 14:12:00,2024-10-30 14:13:00,2024-10-30 14:46:00,SMCI,LONG,83,35.68,34.524562857142854,37.99087428571429,34.524562857142854,stop_hit,1.1554371428571455,0.7702914285714303,-95.90128285714309,0.7,1.48072,-98.0820028571431,-1.0000000000000002,2024-10
2024-10-30 14:21:00,2024-10-30 14:22:00,2024-10-30 14:26:00,SMCI,SHORT,134,35.57,36.28084785714286,34.14830428571428,36.28084785714286,stop_hit,0.7108478571428594,0.47389857142857295,-95.25361285714312,0.9380000000000001,2.38319,-98.57480285714313,-0.9999999999999997,2024-10
2024-10-31 13:31:00,2024-10-31 13:32:00,2024-10-31 13:40:00,SMCI,SHORT,143,30.66,31.319989285714286,29.340021428571426,29.340021428571426,target_hit,0.6599892857142868,0.4399928571428579,188.75693571428616,1.0010000000000001,2.19219,185.56374571428614,2.0000000000000013,2024-10
2024-10-31 13:32:00,2024-10-31 13:33:00,2024-10-31 13:42:00,SMCI,SHORT,132,30.35,31.076407142857146,28.897185714285712,28.897185714285712,target_hit,0.7264071428571449,0.48427142857142996,191.77148571428623,0.924,2.0031000000000003,188.84438571428623,1.9999999999999998,2024-10
2024-10-31 13:33:00,2024-10-31 13:34:00,2024-10-31 13:46:00,SMCI,SHORT,128,30.22,30.987132142857142,28.68573571428571,28.68573571428571,target_hit,0.7671321428571449,0.5114214285714299,196.3858285714291,0.896,1.93408,193.55574857142912,2.0,2024-10
2024-10-31 13:34:00,2024-10-31 13:35:00,2024-10-31 13:37:00,SMCI,LONG,126,30.5424,29.749564285714285,32.12807142857143,29.749564285714285,stop_hit,0.7928357142857161,0.5285571428571441,-99.89730000000012,0.882,1.9241712,-102.70347120000012,-0.9999999999999989,2024-10
2024-10-31 13:38:00,2024-10-31 13:39:00,2024-10-31 13:48:00,SMCI,SHORT,104,29.5792,30.52954642857143,27.67850714285714,27.67850714285714,target_hit,0.9503464285714298,0.6335642857142866,197.67205714285754,0.728,1.5381184,195.40593874285753,2.0000000000000013,2024-10
2024-10-31 13:47:00,2024-10-31 13:48:00,2024-10-31 13:51:00,SMCI,SHORT,152,27.51,28.17214285714286,26.185714285714287,28.17214285714286,stop_hit,0.6621428571428575,0.44142857142857167,-100.64571428571432,1.064,2.0907600000000004,-103.80047428571432,-0.9999999999999998,2024-10
2024-10-31 13:51:00,2024-10-31 13:52:00,2024-10-31 15:53:00,SMCI,SHORT,156,28.41,29.050300928571428,27.12939814285714,28.4098,time_exit,0.640300928571429,0.42686728571428595,0.031199999999927286,1.092,2.21598,-3.276780000000073,0.00031235313127805784,2024-10
2024-10-31 13:52:00,2024-10-31 13:53:00,2024-10-31 15:53:00,SMCI,SHORT,152,28.42,29.07605092857143,27.107898142857145,28.4098,time_exit,0.6560509285714287,0.4373672857142858,1.5504000000001668,1.064,2.15992,-1.6735199999998334,0.015547573451670764,2024-10
2024-10-31 13:56:00,2024-10-31 13:57:00,2024-10-31 15:23:00,SMCI,SHORT,161,28.01,28.63109203571429,26.76781592857143,28.63109203571429,stop_hit,0.6210920357142858,0.41406135714285724,-99.99581775000028,1.127,2.254805,-103.37762275000028,-1.0000000000000027,2024-10
2024-10-31 13:58:00,2024-10-31 13:59:00,2024-10-31 15:23:00,SMCI,SHORT,159,28.0485,28.66852060714286,26.808458785714286,28.66852060714286,stop_hit,0.6200206071428571,0.4133470714285714,-98.58327653571456,1.113,2.22985575,-101.92613228571456,-1.0000000000000029,2024-10
2024-10-31 14:02:00,2024-10-31 14:03:00,2024-10-31 15:23:00,SMCI,LONG,194,27.615,27.111625821428568,28.621748357142856,28.621748357142856,target_hit,0.503374178571429,0.335582785714286,195.30918128571435,1.358,2.678655,191.27252628571435,1.9999999999999991,2024-10
2024-10-31 14:09:00,2024-10-31 14:10:00,2024-10-31 14:33:00,SMCI,LONG,299,28.17,27.83636603571429,28.837267928571432,27.83636603571429,stop_hit,0.33363396428571473,0.22242264285714317,-99.7565553214283,2.093,4.211415,-106.0609703214283,-0.9999999999999959,2024-10
2024-10-31 14:14:00,2024-10-31 14:15:00,2024-10-31 15:23:00,SMCI,SHORT,249,28.14,28.535978571428572,27.348042857142858,28.535978571428572,stop_hit,0.39597857142857196,0.26398571428571466,-98.5986642857143,1.743,3.5034300000000003,-103.8450942857143,-0.9999999999999989,2024-10
2024-10-30 13:31:00,2024-10-30 13:32:00,2024-10-30 13:47:00,SW,LONG,199,47.85,47.358760714285715,48.832478571428574,48.832478571428574,target_hit,0.4912392857142847,0.3274928571428565,195.5132357142859,1.393,4.761075,189.3591607142859,2.000000000000006,2024-10
2024-10-29 13:33:00,2024-10-29 13:34:00,2024-10-29 14:24:00,SWK,SHORT,66,90.69,92.19152142857142,87.68695714285714,92.19152142857142,stop_hit,1.5015214285714276,1.001014285714285,-99.10041428571387,0.7,2.99277,-102.79318428571386,-0.9999999999999964,2024-10
2024-10-29 13:34:00,2024-10-29 13:35:00,2024-10-29 14:40:00,SWK,LONG,57,90.565,88.83472857142857,94.02554285714285,94.02554285714285,target_hit,1.7302714285714278,1.1535142857142853,197.25094285714272,0.7,2.5811025,193.96984035714274,1.9999999999999996,2024-10
2024-10-29 13:35:00,2024-10-29 13:36:00,2024-10-29 14:35:00,SWK,LONG,55,89.48,87.67205,93.0959,93.0959,target_hit,1.80795,1.2053,198.87449999999978,0.7,2.4607,195.7137999999998,1.999999999999998,2024-10
2024-10-29 13:40:00,2024-10-29 13:41:00,2024-10-29 14:34:00,SWK,SHORT,46,90.7421,92.96340714285714,86.29948571428571,92.96340714285714,stop_hit,2.221307142857145,1.48087142857143,-102.18012857142855,0.7,2.0870683,-104.96719687142856,-0.9999999999999988,2024-10
2024-10-24 13:48:00,2024-10-24 13:49:00,2024-10-24 15:53:00,TER,LONG,64,112.69,111.12672142857143,115.81655714285714,113.1201,time_exit,1.5632785714285724,1.042185714285715,27.52639999999974,0.7,3.60608,23.22031999999974,0.27512690819202956,2024-10
2024-10-11 13:31:00,2024-10-11 13:32:00,2024-10-11 13:34:00,TSLA,LONG,30,217.92,214.54466785714285,224.67066428571428,214.54466785714285,stop_hit,3.375332142857142,2.250221428571428,-101.25996428571398,0.7,3.2687999999999997,-105.22876428571398,-0.9999999999999972,2024-10
2024-10-11 13:32:00,2024-10-11 13:33:00,2024-10-24 13:31:00,TSLA,LONG,28,216.27,212.67823928571428,223.45352142857143,223.45352142857143,target_hit,3.5917607142857144,2.394507142857143,201.13859999999988,0.7,3.0277800000000004,197.4108199999999,1.9999999999999987,2024-10
2024-10-11 13:33:00,2024-10-11 13:34:00,2024-10-11 14:41:00,TSLA,LONG,26,215.63,211.81860714285713,223.2527857142857,223.2527857142857,target_hit,3.811392857142855,2.54092857142857,198.19242857142814,0.7,2.8031900000000003,194.68923857142815,1.9999999999999967,2024-10
2024-10-02 14:12:00,2024-10-02 14:13:00,2024-10-02 14:47:00,UNH,LONG,43,586.41,584.0214214285713,591.1871571428571,591.1871571428571,target_hit,2.3885785714285976,1.5923857142857318,205.41775714285802,0.7,12.607814999999999,192.10994214285805,1.9999999999999867,2024-10
2024-10-24 13:33:00,2024-10-24 13:34:00,2024-10-24 13:48:00,UPS,SHORT,54,144.03,145.99770921428572,140.09458157142856,140.09458157142856,target_hit,1.9677092142857138,1.3118061428571426,212.51259514285766,0.7,3.88881,207.92378514285767,2.0000000000000053,2024-10
2024-10-03 14:00:00,2024-10-03 14:01:00,2024-10-03 14:04:00,VST,SHORT,109,132.385,133.3788357142857,130.39732857142857,133.3788357142857,stop_hit,0.9938357142857116,0.6625571428571411,-108.32809285714379,0.763,7.2149825,-116.3060753571438,-1.0000000000000113,2024-10
2024-11-11 14:31:00,2024-11-11 14:32:00,2024-11-11 15:09:00,ABBV,LONG,38,176.17,173.38943928571427,181.7311214285714,173.38943928571427,stop_hit,2.780560714285711,1.8537071428571406,-105.66130714285708,0.7,3.3472299999999997,-109.70853714285708,-1.0000000000000007,2024-11
2024-11-26 14:31:00,2024-11-26 14:32:00,2024-11-26 15:24:00,ADI,SHORT,56,229.72,231.61430714285714,225.93138571428574,225.93138571428574,target_hit,1.8943071428571319,1.2628714285714213,212.16239999999857,0.7,6.43216,205.03023999999857,1.9999999999999982,2024-11
2024-11-05 14:31:00,2024-11-05 14:32:00,2024-11-05 15:14:00,ADM,SHORT,168,49.85,50.495000000000005,48.56,50.495000000000005,stop_hit,0.6450000000000004,0.4300000000000002,-108.36000000000053,1.176,4.1874,-113.72340000000052,-1.0000000000000042,2024-11
2024-11-05 14:33:00,2024-11-05 14:34:00,2024-11-05 15:18:00,ADM,SHORT,125,49.895,50.74978571428572,48.185428571428574,50.74978571428572,stop_hit,0.8547857142857153,0.5698571428571435,-106.84821428571479,0.875,3.1184375,-110.84165178571479,-1.0000000000000036,2024-11
2024-11-05 14:35:00,2024-11-05 14:36:00,2024-11-05 15:42:00,ADM,SHORT,109,50.2,51.17268571428572,48.25462857142857,51.17268571428572,stop_hit,0.9726857142857162,0.6484571428571441,-106.02274285714316,0.763,2.7359,-109.52164285714316,-1.0000000000000009,2024-11
2024-11-27 14:38:00,2024-11-27 14:39:00,2024-11-27 15:53:00,ADSK,LONG,18,294.8,289.061975,306.27605,293.995,time_exit,5.738024999999997,3.825349999999998,-14.490000000000123,0.7,2.6532000000000004,-17.843200000000124,-0.14029217370088268,2024-11
2024-11-08 14:31:00,2024-11-08 14:32:00,2024-11-08 14:33:00,AKAM,LONG,121,97.59,96.72991071428572,99.31017857142857,96.72991071428572,stop_hit,0.8600892857142846,0.5733928571428564,-104.070803571428,0.847,5.9041950000000005,-110.821998571428,-0.9999999999999959,2024-11
2024-11-08 14:33:00,2024-11-08 14:34:00,2024-11-08 14:39:00,AKAM,SHORT,99,97.13,98.17544642857142,95.03910714285715,95.03910714285715,target_hit,1.0454464285714264,0.6969642857142843,206.9983928571419,0.7,4.807935,201.49045785714193,1.999999999999995,2024-11
2024-11-08 14:34:00,2024-11-08 14:35:00,2024-11-08 14:38:00,AKAM,LONG,96,96.245,95.15080357142858,98.43339285714286,95.15080357142858,stop_hit,1.094196428571426,0.7294642857142841,-105.04285714285652,0.7,4.61976,-110.36261714285652,-0.9999999999999963,2024-11
2024-11-08 14:35:00,2024-11-08 14:36:00,2024-11-08 14:45:00,AKAM,SHORT,87,96.3639,97.562775,93.96615,93.96615,target_hit,1.198874999999998,0.7992499999999987,208.60425000000018,0.7,4.19182965,203.7124203500002,2.0000000000000053,2024-11
2024-11-08 14:36:00,2024-11-08 14:37:00,2024-11-08 14:41:00,AKAM,LONG,86,95.72,94.48898214285714,98.18203571428572,94.48898214285714,stop_hit,1.2310178571428563,0.8206785714285709,-105.8675357142859,0.7,4.11596,-110.68349571428591,-1.0000000000000024,2024-11
2024-11-08 14:37:00,2024-11-08 14:38:00,2024-11-08 15:14:00,AKAM,SHORT,80,95.18,96.492275,92.55545000000001,92.55545000000001,target_hit,1.3122749999999987,0.8748499999999991,209.96399999999994,0.7,3.8072000000000004,205.45679999999996,2.0000000000000013,2024-11
2024-11-11 14:31:00,2024-11-11 14:32:00,2024-11-11 14:33:00,ALB,SHORT,95,105.0523,106.17593928571429,102.80502142857142,106.17593928571429,stop_hit,1.1236392857142876,0.7490928571428584,-106.74573214285758,0.7,4.989984250000001,-112.43571639285759,-1.0000000000000024,2024-11
2024-11-11 14:33:00,2024-11-11 14:34:00,2024-11-11 15:04:00,ALB,SHORT,84,106.73,107.98678571428572,104.21642857142858,107.98678571428572,stop_hit,1.2567857142857148,0.8378571428571432,-105.56999999999982,0.7,4.48266,-110.75265999999982,-0.9999999999999979,2024-11
2024-11-13 14:31:00,2024-11-13 14:32:00,2024-11-13 14:41:00,ALB,SHORT,109,110.225,111.18820357142857,108.29859285714285,111.18820357142857,stop_hit,0.963203571428575,0.6421357142857167,-104.98918928571513,0.763,6.0072624999999995,-111.75945178571513,-1.0000000000000042,2024-11
2024-11-26 14:35:00,2024-11-26 14:36:00,2024-11-26 14:44:00,AMGN,SHORT,19,259.615,264.9632392857143,248.9185214285714,264.9632392857143,stop_hit,5.348239285714298,3.565492857142865,-101.61654642857116,0.7,2.4663425,-104.78288892857115,-0.999999999999995,2024-11
2024-11-26 14:36:00,2024-11-26 14:37:00,2024-11-26 15:53:00,AMGN,LONG,19,261.06,255.64265357142855,271.8946928571429,260.68,time_exit,5.417346428571438,3.611564285714292,-7.219999999999914,0.7,2.48007,-10.400069999999914,-0.07014504333631881,2024-11
2024-11-26 14:37:00,2024-11-26 14:38:00,2024-11-26 14:46:00,AMGN,SHORT,18,260.33,266.04125,248.90749999999997,266.04125,stop_hit,5.711250000000007,3.8075000000000045,-102.80250000000012,0.7,2.3429699999999998,-105.84547000000012,-1.0,2024-11
2024-11-08 14:31:00,2024-11-08 14:32:00,2024-11-08 14:35:00,ANET,SHORT,112,102.6925,103.60260357142856,100.87229285714285,103.60260357142856,stop_hit,0.9101035714285709,0.6067357142857139,-101.93159999999921,0.784,5.75078,-108.46637999999922,-0.9999999999999928,2024-11
2024-11-08 14:32:00,2024-11-08 14:33:00,2024-11-08 15:44:00,ANET,SHORT,90,102.5675,103.68460357142857,100.33329285714285,100.33329285714285,target_hit,1.1171035714285695,0.7447357142857131,201.078642857143,0.7,4.615537499999999,195.76310535714302,2.000000000000005,2024-11
2024-11-21 14:31:00,2024-11-21 14:32:00,2024-11-21 14:39:00,ANET,SHORT,128,100.2427,101.04636785714285,98.63536428571429,98.63536428571429,target_hit,0.8036678571428573,0.5357785714285715,205.73897142857095,0.896,6.4155328,198.42743862857097,1.9999999999999951,2024-11
2024-11-21 14:32:00,2024-11-21 14:33:00,2024-11-21 15:53:00,ANET,SHORT,107,99.1113,100.08773571428571,97.15842857142857,99.715,time_exit,0.9764357142857156,0.6509571428571438,-64.59590000000037,0.749,5.30245455,-70.64735455000036,-0.6182690689899881,2024-11
2024-11-21 14:33:00,2024-11-21 14:34:00,2024-11-21 15:53:00,ANET,SHORT,91,99.015,100.15067142857143,96.74365714285713,99.715,time_exit,1.135671428571431,0.7571142857142874,-63.70000000000026,0.7,4.5051825,-68.90518250000027,-0.6163754607092102,2024-11
2024-11-21 14:35:00,2024-11-21 14:36:00,2024-11-21 15:53:00,ANET,SHORT,80,99.215,100.50387500000001,96.63725,99.715,time_exit,1.2888750000000044,0.859250000000003,-40.0,0.7,3.9686000000000003,-44.668600000000005,-0.38793521481912385,2024-11
2024-11-05 14:31:00,2024-11-05 14:32:00,2024-11-05 14:52:00,APO,SHORT,86,149.94,151.12542857142859,147.56914285714285,151.12542857142859,stop_hit,1.1854285714285768,0.7902857142857178,-101.94685714285856,0.7,6.44742,-109.09427714285856,-1.0000000000000093,2024-11
2024-11-06 14:32:00,2024-11-06 14:33:00,2024-11-06 14:54:00,APO,LONG,33,163.975,160.95985,170.0053,160.95985,stop_hit,3.0151500000000033,2.010100000000002,-99.49995000000018,0.7,2.7055875,-102.90553750000018,-1.0000000000000007,2024-11
2024-11-25 14:31:00,2024-11-25 14:32:00,2024-11-25 14:56:00,APTV,SHORT,265,56.58,56.95982142857143,55.82035714285714,56.95982142857143,stop_hit,0.37982142857142875,0.25321428571428584,-100.65267857142956,1.855,7.496849999999999,-110.00452857142956,-1.0000000000000093,2024-11
2024-11-25 14:32:00,2024-11-25 14:33:00,2024-11-25 14:50:00,APTV,SHORT,220,56.48,56.933749999999996,55.5725,56.933749999999996,stop_hit,0.4537499999999999,0.30249999999999994,-99.82499999999987,1.54,6.2128,-107.57779999999988,-0.999999999999999,2024-11
2024-11-06 14:31:00,2024-11-06 14:32:00,2024-11-06 14:33:00,AXP,LONG,44,292.655,290.45269999999994,297.0596,290.45269999999994,stop_hit,2.202300000000012,1.4682000000000082,-96.90120000000161,0.7,6.43841,-104.03961000000162,-1.000000000000011,2024-11
2024-11-25 14:31:00,2024-11-25 14:32:00,2024-11-25 14:40:00,BBY,SHORT,145,94.13,94.80231071428571,92.78537857142855,92.78537857142855,target_hit,0.6723107142857191,0.4482071428571461,194.97010714285926,1.0150000000000001,6.824425,187.13068214285929,2.0000000000000075,2024-11
2024-11-25 14:33:00,2024-11-25 14:34:00,2024-11-25 15:26:00,BBY,SHORT,120,93.5,94.32927500000001,91.84145,94.32927500000001,stop_hit,0.8292750000000053,0.5528500000000035,-99.51300000000117,0.84,5.61,-105.96300000000117,-1.0000000000000053,2024-11
2024-11-26 14:34:00,2024-11-26 14:35:00,2024-11-26 15:53:00,BBY,LONG,48,85.5,83.47607142857143,89.54785714285714,86.12,time_exit,2.02392857142857,1.3492857142857133,29.76000000000022,0.7,2.052,27.00800000000022,0.3063349214752098,2024-11
2024-11-26 14:35:00,2024-11-26 14:36:00,2024-11-26 15:53:00,BBY,SHORT,46,86.2302,88.34734285714285,81.99591428571428,86.12,time_exit,2.117142857142856,1.4114285714285708,5.069199999999626,0.7,1.9832946,2.3859053999996256,0.05205128205127823,2024-11
2024-11-26 14:37:00,2024-11-26 14:38:00,2024-11-26 15:53:00,BBY,SHORT,43,85.58,87.87930714285714,80.98138571428571,86.12,time_exit,2.2993071428571428,1.5328714285714287,-23.22000000000027,0.7,1.83997,-25.75997000000027,-0.2348533564458886,2024-11
2024-11-11 14:31:00,2024-11-11 14:32:00,2024-11-11 15:53:00,BMY,SHORT,112,60.57,61.44545357142857,58.819092857142856,60.35,time_exit,0.875453571428571,0.583635714285714,24.639999999999873,0.784,3.3919200000000003,20.464079999999875,0.2512983065920919,2024-11
2024-11-11 14:32:00,2024-11-11 14:33:00,2024-11-11 15:53:00,BMY,SHORT,106,60.34,61.27116785714286,58.47766428571429,60.35,time_exit,0.9311678571428571,0.6207785714285714,-1.059999999999789,0.742,3.19802,-5.00001999999979,-0.010739202307392188,2024-11
2024-11-11 14:34:00,2024-11-11 14:35:00,2024-11-11 15:53:00,BMY,SHORT,95,60.745,61.779025,58.67695,60.35,time_exit,1.034025,0.68935,37.52499999999962,0.7,2.8853874999999998,33.93961249999962,0.38200236938178095,2024-11
2024-11-04 14:35:00,2024-11-04 14:36:00,2024-11-04 14:38:00,CEG,SHORT,18,226.61,232.05659642857145,215.71680714285716,232.05659642857145,stop_hit,5.446596428571426,3.631064285714284,-98.0387357142859,0.7,2.0394900000000002,-100.77822571428591,-1.0000000000000024,2024-11
2024-11-04 14:36:00,2024-11-04 14:37:00,2024-11-04 14:39:00,CEG,SHORT,17,229.43,235.010525,218.26895000000002,235.010525,stop_hit,5.580524999999998,3.7203499999999985,-94.8689249999999,0.7,1.950155,-97.5190799999999,-0.9999999999999993,2024-11
2024-11-13 14:31:00,2024-11-13 14:32:00,2024-11-13 14:34:00,CHTR,SHORT,33,408.96,411.8603571428571,403.1592857142857,403.1592857142857,target_hit,2.90035714285713,1.93357142857142,191.4235714285707,0.7,6.747839999999999,183.97573142857073,2.0000000000000013,2024-11
2024-11-06 14:34:00,2024-11-06 14:35:00,2024-11-11 15:53:00,CNC,SHORT,129,62.52,63.285535714285714,60.98892857142857,61.7,time_exit,0.765535714285714,0.5103571428571426,105.78000000000003,0.903,4.032540000000001,100.84446000000003,1.0711453230697465,2024-11
2024-11-06 14:36:00,2024-11-06 14:37:00,2024-11-11 15:53:00,CNC,SHORT,115,62.6,63.46357142857143,60.87285714285715,61.7,time_exit,0.8635714285714273,0.5757142857142848,103.49999999999983,0.805,3.5995,99.09549999999982,1.042183622828784,2024-11
2024-11-06 14:38:00,2024-11-06 14:39:00,2024-11-11 15:53:00,CNC,SHORT,104,62.34,63.30776785714286,60.40446428571429,61.7,time_exit,0.9677678571428571,0.6451785714285714,66.56000000000006,0.728,3.2416800000000006,62.59032000000006,0.6613156195220967,2024-11
2024-11-06 14:47:00,2024-11-06 14:48:00,2024-11-11 15:53:00,CNC,SHORT,103,62.8067,63.78982142857143,60.84045714285714,61.7,time_exit,0.9831214285714296,0.6554142857142864,113.99009999999964,0.721,3.2345450500000004,110.03455494999965,1.125700211425702,2024-11
2024-11-06 14:32:00,2024-11-06 14:33:00,2024-11-06 15:13:00,COF,LONG,25,190.445,186.4450464285714,198.44490714285715,186.4450464285714,stop_hit,3.999953571428577,2.666635714285718,-99.99883928571478,0.7,2.3805625,-103.07940178571478,-1.0000000000000036,2024-11
2024-11-06 14:31:00,2024-11-06 14:32:00,2024-11-06 14:36:00,COIN,LONG,23,224.23,219.98697142857142,232.71605714285712,232.71605714285712,target_hit,4.243028571428567,2.8286857142857116,195.1793142857141,0.7,2.578645,191.90066928571412,2.0,2024-11
2024-11-07 14:33:00,2024-11-07 14:34:00,2024-11-07 14:43:00,COIN,LONG,30,248.13,244.67789260714287,255.03421478571428,244.67789260714287,stop_hit,3.4521073928571404,2.301404928571427,-103.56322178571389,0.7,3.72195,-107.9851717857139,-0.9999999999999969,2024-11
2024-11-07 14:35:00,2024-11-07 14:36:00,2024-11-07 15:01:00,COIN,SHORT,29,248.43,251.91644667857145,241.45710664285716,251.91644667857145,stop_hit,3.4864466785714305,2.324297785714287,-101.10695367857176,0.7,3.6022350000000003,-105.40918867857175,-1.0000000000000027,2024-11
2024-11-07 14:36:00,2024-11-07 14:37:00,2024-11-07 14:59:00,COIN,SHORT,29,246.9627,250.44164667857143,240.00480664285715,250.44164667857143,stop_hit,3.4789466785714316,2.3192977857142876,-100.88945367857113,0.7,3.5809591500000004,-105.17041282857113,-0.9999999999999962,2024-11
2024-11-11 14:42:00,2024-11-11 14:43:00,2024-11-11 15:14:00,COIN,SHORT,13,305.75,313.2172142857143,290.81557142857145,313.2172142857143,stop_hit,7.467214285714287,4.978142857142858,-97.07378571428598,0.7,1.9873750000000001,-99.76116071428598,-1.0000000000000024,2024-11
2024-11-14 14:31:00,2024-11-14 14:32:00,2024-11-14 14:38:00,COIN,LONG,19,288.5361,283.30884642857137,298.99060714285713,283.30884642857137,stop_hit,5.22725357142858,3.4848357142857203,-99.3178178571435,0.7,2.7410929499999996,-102.7589108071435,-1.0000000000000047,2024-11
2024-11-14 14:32:00,2024-11-14 14:33:00,2024-11-14 14:38:00,COIN,LONG,18,289.42,284.01980714285713,300.2203857142857,284.01980714285713,stop_hit,5.400192857142861,3.600128571428574,-97.2034714285719,0.7,2.6047800000000003,-100.50825142857191,-1.0000000000000042,2024-11
2024-11-14 14:33:00,2024-11-14 14:34:00,2024-11-14 14:38:00,COIN,LONG,17,289.5,284.0573035714286,300.38539285714285,284.0573035714286,stop_hit,5.442696428571434,3.6284642857142893,-92.5258392857142,0.7,2.46075,-95.6865892857142,-0.999999999999998,2024-11
2024-11-14 14:34:00,2024-11-14 14:35:00,2024-11-14 14:37:00,COIN,LONG,18,290.77,285.4339107142857,301.44217857142854,285.4339107142857,stop_hit,5.336089285714291,3.5573928571428604,-96.04960714285755,0.7,2.61693,-99.36653714285755,-1.0000000000000033,2024-11
2024-11-14 14:35:00,2024-11-14 14:36:00,2024-11-14 14:43:00,COIN,LONG,17,286.0,280.4747607142857,297.0504785714286,280.4747607142857,stop_hit,5.5252392857142905,3.68349285714286,-93.92906785714297,0.7,2.431,-97.06006785714297,-1.0000000000000002,2024-11
2024-11-14 14:37:00,2024-11-14 14:38:00,2024-11-20 14:31:00,COIN,SHORT,15,284.205,290.2558392857143,272.1033214285714,290.2558392857143,stop_hit,6.0508392857142965,4.033892857142864,-90.76258928571434,0.7,2.1315375,-93.59412678571434,-0.9999999999999988,2024-11
2024-11-14 14:38:00,2024-11-14 14:39:00,2024-11-14 14:46:00,COIN,LONG,15,284.86,278.73148214285715,297.11703571428575,278.73148214285715,stop_hit,6.128517857142863,4.085678571428575,-91.92776785714301,0.7,2.1364500000000004,-94.76421785714301,-1.0000000000000007,2024-11
2024-11-14 14:39:00,2024-11-14 14:40:00,2024-11-14 14:47:00,COIN,LONG,14,283.51,277.3122464285714,295.9055071428572,277.3122464285714,stop_hit,6.19775357142858,4.13183571428572,-86.76854999999989,0.7,1.98457,-89.4531199999999,-0.9999999999999974,2024-11
2024-11-14 14:40:00,2024-11-14 14:41:00,2024-11-20 14:31:00,COIN,SHORT,14,284.1183,290.4634178571429,271.42806428571424,290.4634178571429,stop_hit,6.345117857142867,4.230078571428578,-88.83165000000054,0.7,1.9888280999999997,-91.52047810000055,-1.0000000000000044,2024-11
2024-11-14 14:41:00,2024-11-14 14:42:00,2024-11-20 14:31:00,COIN,LONG,14,281.705,275.317025,294.48095,294.48095,target_hit,6.387975000000002,4.258650000000001,178.86330000000032,0.7,1.971935,176.19136500000033,2.000000000000003,2024-11
2024-11-14 14:42:00,2024-11-14 14:43:00,2024-11-14 15:08:00,COIN,SHORT,14,279.87,286.4509392857143,266.7081214285714,286.4509392857143,stop_hit,6.580939285714287,4.3872928571428575,-92.13315000000011,0.7,1.9590900000000002,-94.79224000000012,-1.000000000000001,2024-11
2024-11-14 14:45:00,2024-11-14 14:46:00,2024-11-14 14:54:00,COIN,SHORT,22,278.6516,282.74195,270.4709,282.74195,stop_hit,4.090350000000001,2.7269000000000005,-89.98770000000002,0.7,3.0651675999999997,-93.75286760000002,-1.0,2024-11
2024-11-14 14:47:00,2024-11-14 14:48:00,2024-11-14 14:54:00,COIN,SHORT,22,279.065,283.10801428571426,270.9789714285714,283.10801428571426,stop_hit,4.043014285714286,2.6953428571428577,-88.94631428571381,0.7,3.0697150000000004,-92.71602928571382,-0.9999999999999946,2024-11
2024-11-14 14:48:00,2024-11-14 14:49:00,2024-11-14 14:54:00,COIN,SHORT,21,278.4326,282.56615,270.16549999999995,282.56615,stop_hit,4.133550000000003,2.7557000000000023,-86.80455000000029,0.7,2.9235423,-90.42809230000029,-1.0000000000000027,2024-11
2024-11-20 14:34:00,2024-11-20 14:35:00,2024-11-20 14:37:00,COIN,LONG,18,340.0,335.1796116785714,349.64077664285713,335.1796116785714,stop_hit,4.820388321428573,3.213592214285715,-86.76698978571471,0.7,3.06,-90.52698978571472,-1.0000000000000047,2024-11
2024-11-21 14:41:00,2024-11-21 14:42:00,2024-11-21 15:25:00,COIN,SHORT,15,311.345,316.9804464285715,300.07410714285714,300.07410714285714,target_hit,5.635446428571443,3.7569642857142957,169.06339285714324,0.7,2.3350875,166.02830535714327,1.9999999999999993,2024-11
2024-11-21 14:45:00,2024-11-21 14:46:00,2024-11-21 15:01:00,COIN,LONG,16,310.4493,304.91211428571427,321.52367142857145,304.91211428571427,stop_hit,5.537185714285735,3.6914571428571565,-88.59497142857163,0.7,2.4835944,-91.77856582857163,-0.9999999999999986,2024-11
2024-11-21 15:40:00,2024-11-21 15:41:00,2024-11-26 14:31:00,COIN,LONG,21,290.2702,286.1835571428571,298.4434857142857,298.4434857142857,target_hit,4.086642857142875,2.724428571428583,171.63900000000024,0.7,3.0478370999999997,167.89116290000024,1.999999999999994,2024-11
2024-11-22 14:31:00,2024-11-22 14:32:00,2024-11-22 14:33:00,CPRT,SHORT,137,59.68,60.33570357142857,58.36859285714286,60.33570357142857,stop_hit,0.65570357142857,0.43713571428571335,-89.83138928571375,0.9590000000000001,4.08808,-94.87846928571376,-0.9999999999999961,2024-11
2024-11-22 14:32:00,2024-11-22 14:33:00,2024-11-22 14:40:00,CPRT,SHORT,113,60.23,61.01533571428571,58.65932857142857,61.01533571428571,stop_hit,0.7853357142857134,0.5235571428571423,-88.74293571428578,0.791,3.4029949999999998,-92.93693071428578,-1.000000000000002,2024-11
2024-11-22 14:33:00,2024-11-22 14:34:00,2024-11-22 14:40:00,CPRT,SHORT,102,60.125,60.98426428571428,58.40647142857143,60.98426428571428,stop_hit,0.8592642857142854,0.5728428571428569,-87.64495714285677,0.714,3.066375,-91.42533214285676,-0.9999999999999961,2024-11
2024-11-22 14:35:00,2024-11-22 14:36:00,2024-11-22 14:43:00,CPRT,SHORT,90,60.43,61.39641785714286,58.497164285714284,61.39641785714286,stop_hit,0.9664178571428563,0.6442785714285709,-86.97760714285721,0.7,2.71935,-90.39695714285722,-1.0000000000000016,2024-11
2024-11-22 14:36:00,2024-11-22 14:37:00,2024-11-22 14:44:00,CPRT,SHORT,82,60.52,61.56570357142857,58.42859285714286,61.56570357142857,stop_hit,1.0457035714285707,0.6971357142857139,-85.74769285714258,0.7,2.48132,-88.92901285714258,-0.9999999999999974,2024-11
2024-11-07 14:31:00,2024-11-07 14:32:00,2024-11-07 15:53:00,CTVA,SHORT,133,58.565,59.207589285714285,57.279821428571424,57.61,time_exit,0.642589285714286,0.4283928571428573,127.01499999999977,0.931,3.8945724999999998,122.18942749999978,1.4861747950534911,2024-11
2024-11-07 14:32:00,2024-11-07 14:33:00,2024-11-07 15:18:00,CTVA,SHORT,120,58.89,59.60919642857143,57.45160714285714,57.45160714285714,target_hit,0.7191964285714292,0.4794642857142861,172.607142857143,0.84,3.5334000000000003,168.233742857143,2.0,2024-11
2024-11-07 14:34:00,2024-11-07 14:35:00,2024-11-07 15:53:00,CTVA,SHORT,111,58.84,59.63366071428572,57.252678571428575,57.61,time_exit,0.793660714285715,0.5291071428571433,136.53000000000043,0.777,3.2656200000000006,132.48738000000043,1.5497806277421566,2024-11
2024-11-07 14:36:00,2024-11-07 14:37:00,2024-11-07 15:53:00,CTVA,SHORT,99,58.24,59.14723214285715,56.425535714285715,57.61,time_exit,0.9072321428571444,0.6048214285714296,62.37000000000025,0.7,2.88288,58.78712000000025,0.694419840566875,2024-11
2024-11-06 14:31:00,2024-11-06 14:32:00,2024-11-06 15:53:00,CVS,SHORT,86,62.1419,63.19386071428571,60.03797857142857,61.275,time_exit,1.0519607142857152,0.7013071428571435,74.5534000000001,0.7,2.6721017000000002,71.1812983000001,0.8240802039728538,2024-11
2024-11-06 14:32:00,2024-11-06 14:33:00,2024-11-06 15:53:00,CVS,SHORT,77,62.8396,64.02333571428571,60.47212857142857,61.275,time_exit,1.1837357142857146,0.789157142857143,120.4741999999999,0.7,2.4193246,117.3548753999999,1.3217477356794154,2024-11
2024-11-06 14:33:00,2024-11-06 14:34:00,2024-11-06 15:53:00,CVS,SHORT,72,61.91,63.19337857142857,59.343242857142855,61.275,time_exit,1.2833785714285715,0.8555857142857144,45.71999999999986,0.7,2.22876,42.79123999999985,0.4947877533073958,2024-11
2024-11-06 14:31:00,2024-11-06 14:32:00,2024-11-06 14:41:00,DAL,SHORT,197,60.99,61.459071428571434,60.051857142857145,61.459071428571434,stop_hit,0.46907142857142936,0.3127142857142862,-92.40707142857212,1.379,6.007515000000001,-99.79358642857213,-1.000000000000006,2024-11
2024-11-06 14:32:00,2024-11-06 14:33:00,2024-11-06 15:16:00,DAL,SHORT,175,61.129,61.65110714285714,60.08478571428571,61.65110714285714,stop_hit,0.5221071428571441,0.3480714285714294,-91.36875000000035,1.225,5.348787499999999,-97.94253750000034,-1.0000000000000016,2024-11
2024-11-06 14:33:00,2024-11-06 14:34:00,2024-11-06 14:41:00,DAL,SHORT,159,60.86,61.42870357142857,59.72259285714286,61.42870357142857,stop_hit,0.5687035714285726,0.3791357142857151,-90.42386785714284,1.113,4.83837,-96.37523785714284,-0.9999999999999977,2024-11
2024-11-06 14:34:00,2024-11-06 14:35:00,2024-11-06 15:17:00,DAL,SHORT,143,61.22,61.84870357142857,59.96259285714285,61.84870357142857,stop_hit,0.6287035714285728,0.4191357142857152,-89.90461071428602,1.0010000000000001,4.37723,-95.28284071428602,-1.0000000000000013,2024-11
2024-11-05 14:31:00,2024-11-05 14:32:00,2024-11-05 14:33:00,DD,SHORT,195,84.39,84.84589285714286,83.4782142857143,84.84589285714286,stop_hit,0.4558928571428521,0.30392857142856805,-88.89910714285705,1.365,8.228025,-98.49213214285705,-1.00000000000001,2024-11
2024-11-22 14:31:00,2024-11-22 14:32:00,2024-11-22 14:37:00,DECK,SHORT,60,189.22,190.663825,186.33235000000002,190.663825,stop_hit,1.443824999999996,0.9625499999999972,-86.62950000000023,0.7,5.6766000000000005,-93.00610000000023,-1.0000000000000056,2024-11
2024-11-06 14:32:00,2024-11-06 14:33:00,2024-11-06 14:38:00,DELL,SHORT,82,137.1001,138.15936785714285,134.98156428571428,138.15936785714285,stop_hit,1.0592678571428584,0.7061785714285723,-86.85996428571423,0.7,5.621104099999999,-93.18106838571423,-0.9999999999999981,2024-11
2024-11-06 14:33:00,2024-11-06 14:34:00,2024-11-06 14:38:00,DELL,SHORT,80,137.235,138.310875,135.08325000000002,138.310875,stop_hit,1.0758750000000015,0.7172500000000009,-86.06999999999971,0.7,5.489400000000001,-92.25939999999972,-0.9999999999999952,2024-11
2024-11-06 14:34:00,2024-11-06 14:35:00,2024-11-06 14:40:00,DELL,SHORT,78,137.495,138.58232857142858,135.32034285714286,138.58232857142858,stop_hit,1.0873285714285723,0.7248857142857149,-84.81162857142857,0.7,5.362305,-90.87393357142858,-0.9999999999999992,2024-11
2024-11-22 14:31:00,2024-11-22 14:32:00,2024-11-22 14:38:00,DELL,SHORT,69,141.2,142.4057107142857,138.78857857142856,142.4057107142857,stop_hit,1.205710714285714,0.8038071428571426,-83.19403928571433,0.7,4.8713999999999995,-88.76543928571432,-1.0000000000000007,2024-11
2024-11-27 14:35:00,2024-11-27 14:36:00,2024-11-27 14:43:00,DELL,SHORT,28,121.9,124.80463214285714,116.09073571428573,124.80463214285714,stop_hit,2.9046321428571393,1.9364214285714263,-81.32969999999989,0.7,1.7066000000000001,-83.73629999999989,-0.9999999999999999,2024-11
2024-11-27 14:37:00,2024-11-27 14:38:00,2024-11-27 15:53:00,DELL,LONG,27,121.33,118.30003214285715,127.38993571428571,124.62,time_exit,3.0299678571428545,2.01997857142857,88.83000000000017,0.7,1.637955,86.49204500000016,1.085820099458861,2024-11
2024-11-27 14:39:00,2024-11-27 14:40:00,2024-11-27 15:00:00,DELL,SHORT,26,123.14,126.33175357142858,116.75649285714286,126.33175357142858,stop_hit,3.1917535714285705,2.127835714285714,-82.98559285714302,0.7,1.60082,-85.28641285714302,-1.0000000000000022,2024-11
2024-11-06 14:31:00,2024-11-06 14:32:00,2024-11-06 14:35:00,DHI,LONG,52,160.06,158.48317857142857,163.21364285714287,163.21364285714287,target_hit,1.5768214285714361,1.0512142857142908,163.98942857142924,0.7,4.161560000000001,159.12786857142925,1.9999999999999987,2024-11
2024-11-06 14:32:00,2024-11-06 14:33:00,2024-11-06 15:05:00,DHI,LONG,47,160.5,158.72175,164.05650000000003,164.05650000000003,target_hit,1.778250000000007,1.1855000000000047,167.15550000000133,0.7,3.77175,162.68375000000134,2.000000000000008,2024-11
2024-11-25 14:31:00,2024-11-25 14:32:00,2024-11-25 14:40:00,EL,SHORT,129,72.1201,72.7819,70.7965,72.7819,stop_hit,0.6617999999999999,0.4412,-85.37219999999994,0.903,4.65174645,-90.92694644999995,-0.9999999999999993,2024-11
2024-11-25 14:32:00,2024-11-25 14:33:00,2024-11-25 14:42:00,EL,SHORT,120,72.27,72.9768,70.8564,72.9768,stop_hit,0.7067999999999987,0.4711999999999991,-84.81600000000014,0.84,4.3362,-89.99220000000015,-1.0000000000000036,2024-11
2024-11-25 14:33:00,2024-11-25 14:34:00,2024-11-25 14:43:00,EL,SHORT,113,72.33,73.07055,70.8489,73.07055,stop_hit,0.7405499999999999,0.49369999999999997,-83.68214999999988,0.791,4.086645,-88.55979499999988,-0.9999999999999987,2024-11
2024-11-29 14:33:00,2024-11-29 14:34:00,2024-11-29 15:53:00,EL,SHORT,116,72.27,72.98438571428571,70.84122857142857,72.29,time_exit,0.7143857142857135,0.4762571428571424,-2.320000000001187,0.812,4.19166,-7.323660000001187,-0.02799608054873753,2024-11
2024-11-05 14:32:00,2024-11-05 14:33:00,2024-11-05 14:37:00,EMR,SHORT,75,117.48,118.58043214285715,115.27913571428572,118.58043214285715,stop_hit,1.1004321428571449,0.73362142857143,-82.53241071428583,0.7,4.4055,-87.63791071428584,-0.9999999999999996,2024-11
2024-11-05 14:33:00,2024-11-05 14:34:00,2024-11-05 14:36:00,EMR,SHORT,66,117.015,118.24751785714285,114.54996428571428,118.24751785714285,stop_hit,1.232517857142859,0.8216785714285726,-81.34617857142825,0.7,3.861495,-85.90767357142826,-0.9999999999999946,2024-11
2024-11-06 14:33:00,2024-11-06 14:34:00,2024-11-06 14:45:00,ENPH,SHORT,50,75.61,77.21815,72.3937,72.3937,target_hit,1.6081500000000002,1.0721,160.8150000000002,0.7,1.89025,158.2247500000002,2.000000000000002,2024-11
2024-11-06 14:35:00,2024-11-06 14:36:00,2024-11-06 15:08:00,ENPH,SHORT,47,74.6487,76.38755357142858,71.17099285714286,76.38755357142858,stop_hit,1.7388535714285709,1.159235714285714,-81.72611785714317,0.7,1.7542444500000003,-84.18036230714317,-1.000000000000004,2024-11
2024-11-06 14:36:00,2024-11-06 14:37:00,2024-11-06 14:44:00,ENPH,LONG,46,74.69,72.90775357142857,78.25449285714285,72.90775357142857,stop_hit,1.782246428571428,1.1881642857142853,-81.9833357142856,0.7,1.71787,-84.40120571428561,-0.999999999999999,2024-11
2024-11-06 14:37:00,2024-11-06 14:38:00,2024-11-06 14:45:00,ENPH,LONG,44,74.29,72.48327142857144,77.90345714285715,72.48327142857144,stop_hit,1.8067285714285706,1.2044857142857137,-79.49605714285684,0.7,1.6343800000000002,-81.83043714285685,-0.9999999999999967,2024-11
2024-11-06 14:38:00,2024-11-06 14:39:00,2024-11-06 15:08:00,ENPH,SHORT,43,74.51,76.35958571428571,70.81082857142857,76.35958571428571,stop_hit,1.8495857142857144,1.2330571428571429,-79.53218571428549,0.7,1.601965,-81.8341507142855,-0.9999999999999971,2024-11
2024-11-06 14:41:00,2024-11-06 14:42:00,2024-11-06 15:08:00,ENPH,SHORT,41,73.845,75.78379285714286,69.96741428571428,75.78379285714286,stop_hit,1.938792857142857,1.2925285714285712,-79.49050714285715,0.7,1.5138225,-81.70432964285716,-1.0000000000000002,2024-11
2024-11-06 15:09:00,2024-11-06 15:10:00,2024-11-06 15:22:00,ENPH,SHORT,87,76.84,77.74508928571429,75.02982142857144,75.02982142857144,target_hit,0.9050892857142847,0.6033928571428565,157.4855357142852,0.7,3.34254,153.4429957142852,1.9999999999999956,2024-11
2024-11-15 14:31:00,2024-11-15 14:32:00,2024-11-15 15:08:00,ENPH,SHORT,105,65.41,66.17265357142857,63.88469285714285,63.88469285714285,target_hit,0.762653571428572,0.5084357142857147,160.15725000000018,0.735,3.4340249999999997,155.98822500000017,2.0000000000000004,2024-11
2024-11-15 14:32:00,2024-11-15 14:33:00,2024-11-15 15:05:00,ENPH,SHORT,100,65.68,66.49301071428572,64.05397857142857,64.05397857142857,target_hit,0.8130107142857155,0.5420071428571437,162.6021428571434,0.7000000000000001,3.2840000000000007,158.61814285714343,2.000000000000004,2024-11
2024-11-15 14:33:00,2024-11-15 14:34:00,2024-11-15 15:08:00,ENPH,SHORT,97,65.68,66.53974642857143,63.960507142857146,63.960507142857146,target_hit,0.8597464285714311,0.5731642857142875,166.79080714285746,0.7,3.1854800000000005,162.90532714285746,1.999999999999998,2024-11
2024-11-15 14:34:00,2024-11-15 14:35:00,2024-11-15 14:36:00,ENPH,LONG,96,65.65,64.76668214285715,67.41663571428572,64.76668214285715,stop_hit,0.8833178571428582,0.5888785714285721,-84.79851428571419,0.7,3.1512000000000002,-88.6497142857142,-0.9999999999999978,2024-11
2024-11-15 14:36:00,2024-11-15 14:37:00,2024-11-15 14:41:00,ENPH,SHORT,81,64.64,65.6666,62.5868,65.6666,stop_hit,1.0266000000000002,0.6844000000000001,-83.15460000000016,0.7,2.6179200000000002,-86.47252000000016,-1.0000000000000018,2024-11
2024-11-15 14:39:00,2024-11-15 14:40:00,2024-11-15 15:18:00,ENPH,SHORT,72,65.5,66.65076785714285,63.19846428571429,63.19846428571429,target_hit,1.1507678571428561,0.7671785714285707,165.7105714285713,0.7,2.358,162.65257142857132,2.0000000000000004,2024-11
2024-11-25 14:31:00,2024-11-25 14:32:00,2024-11-25 14:39:00,ENPH,SHORT,105,69.455,70.26029642857142,67.84440714285714,70.26029642857142,stop_hit,0.805296428571428,0.5368642857142853,-84.55612499999951,0.735,3.6463875,-88.93751249999951,-0.9999999999999949,2024-11
2024-11-25 14:32:00,2024-11-25 14:33:00,2024-11-25 14:40:00,ENPH,SHORT,98,69.53,70.38607142857143,67.81785714285715,70.38607142857143,stop_hit,0.8560714285714282,0.5707142857142854,-83.8949999999997,0.7,3.4069700000000003,-88.0019699999997,-0.9999999999999969,2024-11
2024-11-25 14:33:00,2024-11-25 14:34:00,2024-11-25 14:39:00,ENPH,SHORT,92,69.355,70.25459285714285,67.55581428571429,70.25459285714285,stop_hit,0.8995928571428564,0.599728571428571,-82.76254285714214,0.7,3.1903300000000003,-86.65287285714214,-0.9999999999999921,2024-11
2024-11-25 14:34:00,2024-11-25 14:35:00,2024-11-25 14:40:00,ENPH,SHORT,84,69.67,70.64581428571428,67.71837142857143,70.64581428571428,stop_hit,0.9758142857142849,0.6505428571428565,-81.9683999999994,0.7,2.9261399999999997,-85.59453999999941,-0.9999999999999937,2024-11
2024-11-21 14:32:00,2024-11-21 14:33:00,2024-11-25 14:31:00,EQT,SHORT,220,47.73,48.09981428571428,46.99037142857143,46.99037142857143,target_hit,0.3698142857142849,0.24654285714285656,162.718285714285,1.54,5.250299999999999,155.927985714285,1.9999999999999958,2024-11
2024-11-21 14:34:00,2024-11-21 14:35:00,2024-11-21 14:49:00,EQT,SHORT,201,47.6,48.0116,46.7768,48.0116,stop_hit,0.4115999999999992,0.2743999999999995,-82.73159999999999,1.407,4.7838,-88.92239999999998,-1.000000000000002,2024-11
2024-11-07 14:31:00,2024-11-07 14:32:00,2024-11-07 14:37:00,FCX,SHORT,269,48.47,48.77508928571429,47.85982142857143,48.77508928571429,stop_hit,0.30508928571428534,0.2033928571428569,-82.06901785714358,1.883,6.519215,-90.47123285714358,-1.00000000000001,2024-11
2024-11-07 14:33:00,2024-11-07 14:34:00,2024-11-07 14:37:00,FCX,SHORT,237,48.45,48.79151785714286,47.76696428571429,48.79151785714286,stop_hit,0.34151785714285715,0.22767857142857142,-80.93973214285643,1.659,5.741325000000001,-88.34005714285644,-0.999999999999991,2024-11
2024-11-06 14:36:00,2024-11-06 14:37:00,2024-11-06 15:06:00,FSLR,SHORT,15,182.39,187.65917321428572,171.85165357142856,187.65917321428572,stop_hit,5.269173214285716,3.512782142857144,-79.03759821428594,0.7,1.367925,-81.10552321428594,-1.0000000000000024,2024-11
2024-11-06 14:37:00,2024-11-06 14:38:00,2024-11-06 15:08:00,FSLR,SHORT,14,183.5682,189.03774107142857,172.62911785714283,189.03774107142857,stop_hit,5.469541071428574,3.646360714285716,-76.57357500000012,0.7,1.2849774,-78.55855240000012,-1.000000000000001,2024-11
2024-11-06 14:40:00,2024-11-06 14:41:00,2024-11-06 15:02:00,FSLR,SHORT,13,181.5425,187.52400178571426,169.57949642857142,187.52400178571426,stop_hit,5.981501785714285,3.9876678571428568,-77.75952321428554,0.7,1.1800262499999998,-79.63954946428554,-0.9999999999999978,2024-11
2024-11-06 14:41:00,2024-11-06 14:42:00,2024-11-06 15:02:00,FSLR,SHORT,12,180.75,186.86543035714286,168.5191392857143,186.86543035714286,stop_hit,6.115430357142856,4.076953571428571,-73.38516428571427,0.7,1.0845,-75.16966428571428,-1.0,2024-11
2024-11-06 14:44:00,2024-11-06 14:45:00,2024-11-06 15:00:00,FSLR,SHORT,19,178.21,182.07732142857142,170.47535714285715,182.07732142857142,stop_hit,3.867321428571426,2.578214285714284,-73.47910714285689,0.7,1.6929950000000002,-75.87210214285689,-0.9999999999999972,2024-11
2024-11-06 14:45:00,2024-11-06 14:46:00,2024-11-06 15:00:00,FSLR,LONG,21,175.775,172.21946428571428,182.88607142857143,182.88607142857143,target_hit,3.5555357142857114,2.370357142857141,149.33249999999984,0.7,1.8456375,146.78686249999984,1.9999999999999996,2024-11
2024-11-06 14:46:00,2024-11-06 14:47:00,2024-11-06 14:59:00,FSLR,SHORT,23,175.6999,179.02008571428573,169.0595285714286,179.02008571428573,stop_hit,3.3201857142857127,2.2134571428571417,-76.36427142857141,0.7,2.02054885,-79.08482027857141,-1.0000000000000002,2024-11
2024-11-06 14:48:00,2024-11-06 14:49:00,2024-11-06 14:59:00,FSLR,SHORT,24,175.71,178.79739642857143,169.53520714285716,178.79739642857143,stop_hit,3.0873964285714273,2.058264285714285,-74.09751428571417,0.7,2.10852,-76.90603428571417,-0.9999999999999989,2024-11
2024-11-06 15:07:00,2024-11-06 15:08:00,2024-11-25 15:53:00,FSLR,SHORT,25,189.46,192.44144285714285,183.4971142857143,191.84,time_exit,2.9814428571428504,1.9876285714285669,-59.499999999999886,0.7,2.36825,-62.56824999999989,-0.7982712109668859,2024-11
2024-11-06 15:12:00,2024-11-06 15:13:00,2024-11-06 15:22:00,FSLR,LONG,25,189.8196,186.8964,195.666,186.8964,stop_hit,2.923199999999996,1.9487999999999974,-73.08000000000021,0.7,2.372745,-76.15274500000021,-1.0000000000000042,2024-11
2024-11-13 14:34:00,2024-11-13 14:35:00,2024-11-13 14:39:00,GEV,SHORT,19,336.545,340.29935,329.03630000000004,340.29935,stop_hit,3.7543499999999987,2.502899999999999,-71.33264999999977,0.7,3.1971775000000004,-75.22982749999977,-0.9999999999999971,2024-11
2024-11-07 14:31:00,2024-11-07 14:32:00,2024-11-07 14:36:00,GILD,SHORT,122,97.01,97.61481071428571,95.80037857142858,97.61481071428571,stop_hit,0.604810714285712,0.4032071428571413,-73.786907142856,0.854,5.917610000000001,-80.55851714285599,-0.9999999999999882,2024-11
2024-11-07 14:32:00,2024-11-07 14:33:00,2024-11-07 14:35:00,GILD,SHORT,95,96.56,97.32713214285714,95.02573571428572,97.32713214285714,stop_hit,0.7671321428571405,0.511421428571427,-72.87755357142792,0.7,4.586600000000001,-78.16415357142793,-0.9999999999999942,2024-11
2024-11-07 14:33:00,2024-11-07 14:34:00,2024-11-07 14:37:00,GILD,SHORT,82,97.265,98.14757857142857,95.49984285714287,98.14757857142857,stop_hit,0.8825785714285692,0.5883857142857128,-72.37144285714251,0.7,3.987865,-77.05930785714251,-0.9999999999999978,2024-11
2024-11-07 14:34:00,2024-11-07 14:35:00,2024-11-07 14:38:00,GILD,SHORT,73,97.2316,98.20632142857143,95.28215714285714,98.20632142857143,stop_hit,0.9747214285714279,0.6498142857142852,-71.15466428571423,0.7,3.5489534,-75.40361768571424,-1.0,2024-11
2024-11-07 14:35:00,2024-11-07 14:36:00,2024-11-07 15:53:00,GILD,SHORT,66,97.3,98.36364999999999,95.17269999999999,96.065,time_exit,1.0636500000000007,0.7091000000000004,81.50999999999996,0.7,3.2109,77.59909999999996,1.161096225262068,2024-11
2024-11-07 14:36:00,2024-11-07 14:37:00,2024-11-07 15:53:00,GILD,SHORT,62,97.9985,99.14143571428572,95.71262857142858,96.065,time_exit,1.1429357142857144,0.7619571428571429,119.87700000000058,0.7,3.0379535,116.13904650000057,1.6916961958865409,2024-11
2024-11-26 14:31:00,2024-11-26 14:32:00,2024-11-26 14:36:00,GM,SHORT,144,57.45,57.956025000000004,56.43795,56.43795,target_hit,0.5060249999999995,0.3373499999999997,145.7352000000003,1.008,4.136400000000001,140.59080000000029,2.000000000000006,2024-11
2024-11-26 14:32:00,2024-11-26 14:33:00,2024-11-26 14:39:00,GM,SHORT,136,57.2038,57.747325000000004,56.11675,56.11675,target_hit,0.5435249999999989,0.3623499999999993,147.8387999999997,0.9520000000000001,3.8898584,142.9969415999997,2.0,2024-11
2024-11-26 14:33:00,2024-11-26 14:34:00,2024-11-26 14:39:00,GM,SHORT,129,57.14,57.72434642857143,55.97130714285714,55.97130714285714,target_hit,0.5843464285714283,0.38956428571428553,150.76137857142868,0.903,3.6855300000000004,146.1728485714287,2.0000000000000027,2024-11
2024-11-05 14:31:00,2024-11-05 14:32:00,2024-11-05 15:53:00,HOLX,LONG,91,79.655,78.81025357142858,81.34449285714285,79.74,time_exit,0.8447464285714297,0.5631642857142865,7.734999999999431,0.7,3.6243025,3.4106974999994306,0.10062191105529647,2024-11
2024-11-05 14:32:00,2024-11-05 14:33:00,2024-11-05 14:36:00,HOLX,SHORT,71,79.81,80.89099642857143,77.64800714285714,80.89099642857143,stop_hit,1.0809964285714295,0.7206642857142863,-76.75074642857113,0.7,2.8332550000000003,-80.28400142857113,-0.9999999999999952,2024-11
2024-11-05 14:36:00,2024-11-05 14:37:00,2024-11-05 15:53:00,HOLX,SHORT,60,80.22,81.483675,77.69265,79.74,time_exit,1.2636750000000023,0.8424500000000015,28.80000000000024,0.7,2.4066,25.69340000000024,0.37984450115734114,2024-11
2024-11-27 14:31:00,2024-11-27 14:32:00,2024-11-27 14:40:00,HPQ,SHORT,187,36.1,36.510357142857146,35.27928571428571,35.27928571428571,target_hit,0.4103571428571427,0.27357142857142847,153.47357142857192,1.309,3.37535,148.78922142857192,2.000000000000007,2024-11
2024-11-27 14:32:00,2024-11-27 14:33:00,2024-11-27 15:04:00,HPQ,SHORT,160,36.0492,36.536699999999996,35.0742,35.0742,target_hit,0.48750000000000043,0.3250000000000003,156.00000000000023,1.12,2.883936,151.99606400000022,2.0000000000000013,2024-11
2024-11-27 14:33:00,2024-11-27 14:34:00,2024-11-27 15:16:00,HPQ,SHORT,150,35.915,36.44428571428571,34.856428571428566,34.856428571428566,target_hit,0.5292857142857156,0.3528571428571437,158.78571428571496,1.05,2.693625,155.04208928571495,2.000000000000004,2024-11
2024-11-27 14:34:00,2024-11-27 14:35:00,2024-11-27 15:20:00,HPQ,SHORT,136,35.705,36.300714285714285,34.513571428571424,34.513571428571424,target_hit,0.5957142857142868,0.3971428571428578,162.03428571428606,0.9520000000000001,2.42794,158.65434571428605,2.000000000000001,2024-11
2024-11-06 14:37:00,2024-11-06 14:38:00,2024-11-11 14:31:00,HUM,SHORT,16,282.69,287.8007035714286,272.4685928571429,272.4685928571429,target_hit,5.110703571428567,3.4071357142857113,163.54251428571388,0.7,2.26152,160.5809942857139,1.999999999999997,2024-11
2024-11-06 14:38:00,2024-11-06 14:39:00,2024-11-11 14:31:00,HUM,SHORT,15,281.72,287.1981928571429,270.7636142857143,270.7636142857143,target_hit,5.47819285714285,3.6521285714285665,164.34578571428574,0.7,2.1129000000000002,161.53288571428575,2.000000000000003,2024-11
2024-11-06 14:41:00,2024-11-06 14:42:00,2024-11-11 14:31:00,HUM,SHORT,14,286.07,292.21030357142854,273.78939285714284,273.78939285714284,target_hit,6.140303571428561,4.093535714285707,171.9285000000001,0.7,2.00249,169.22601000000012,2.0000000000000044,2024-11
2024-11-25 14:31:00,2024-11-25 14:34:00,2024-11-25 14:35:00,HUM,SHORT,46,312.0,313.90714285714284,308.1857142857143,308.1857142857143,target_hit,1.9071428571428584,1.2714285714285722,175.45714285714166,0.7,7.176,167.58114285714169,1.9999999999999851,2024-11
2024-11-25 14:34:00,2024-11-25 14:35:00,2024-11-25 15:08:00,HUM,SHORT,44,307.035,309.03000000000003,303.045,309.03000000000003,stop_hit,1.9950000000000006,1.3300000000000003,-87.7800000000002,0.7,6.754770000000001,-95.2347700000002,-1.000000000000002,2024-11
2024-11-19 14:31:00,2024-11-19 14:32:00,2024-11-19 14:33:00,INCY,SHORT,73,65.5,66.69866071428571,63.10267857142858,66.69866071428571,stop_hit,1.1986607142857126,0.7991071428571418,-87.5022321428567,0.7,2.39075,-90.5929821428567,-0.9999999999999963,2024-11
2024-11-19 14:33:00,2024-11-19 14:34:00,2024-11-19 14:57:00,INCY,SHORT,60,66.0,67.46061428571429,63.07877142857143,67.46061428571429,stop_hit,1.4606142857142848,0.9737428571428565,-87.63685714285714,0.7,1.98,-90.31685714285715,-1.0000000000000007,2024-11
2024-11-19 14:34:00,2024-11-19 14:35:00,2024-11-19 15:02:00,INCY,SHORT,56,66.15,67.68025714285714,63.08948571428572,67.68025714285714,stop_hit,1.5302571428571423,1.0201714285714283,-85.69439999999975,0.7,1.8522000000000003,-88.24659999999975,-0.9999999999999973,2024-11
2024-11-19 14:35:00,2024-11-19 14:36:00,2024-11-19 15:06:00,INCY,SHORT,53,66.6,68.19293571428571,63.41412857142857,68.19293571428571,stop_hit,1.5929357142857132,1.0619571428571422,-84.42559285714293,0.7,1.7649,-86.89049285714293,-1.0000000000000016,2024-11
2024-11-06 14:31:00,2024-11-06 14:32:00,2024-11-06 14:33:00,INTC,SHORT,365,24.27,24.50253214285714,23.804935714285712,24.50253214285714,stop_hit,0.23253214285714335,0.1550214285714289,-84.87423214285685,2.555,4.429275,-91.85850714285687,-0.9999999999999946,2024-11
2024-11-06 14:32:00,2024-11-06 14:33:00,2024-11-06 14:42:00,INTC,SHORT,338,24.5126,24.76120357142857,24.015392857142857,24.76120357142857,stop_hit,0.24860357142857176,0.1657357142857145,-84.02800714285709,2.366,4.1426294,-90.5366365428571,-0.999999999999998,2024-11
2024-11-06 14:33:00,2024-11-06 14:34:00,2024-11-06 14:38:00,INTC,SHORT,299,24.4199,24.697924999999998,23.86385,24.697924999999998,stop_hit,0.2780249999999999,0.18534999999999993,-83.12947499999986,2.093,3.65077505,-88.87325004999985,-0.9999999999999986,2024-11
2024-11-06 14:36:00,2024-11-06 14:37:00,2024-11-25 14:31:00,INTC,SHORT,252,24.61,24.93539285714286,23.959214285714285,24.93539285714286,stop_hit,0.32539285714285704,0.21692857142857136,-81.99900000000042,1.764,3.1008600000000004,-86.86386000000041,-1.0000000000000056,2024-11
2024-11-15 14:31:00,2024-11-15 14:32:00,2024-11-15 14:40:00,LRCX,SHORT,142,71.53,72.10214285714285,70.38571428571429,72.10214285714285,stop_hit,0.572142857142856,0.3814285714285707,-81.24428571428476,0.994,5.07863,-87.31691571428476,-0.9999999999999903,2024-11
2024-11-15 14:34:00,2024-11-15 14:35:00,2024-11-15 14:40:00,LRCX,SHORT,111,71.5766,72.30017857142857,70.12944285714286,72.30017857142857,stop_hit,0.7235785714285714,0.48238571428571425,-80.31722142857187,0.777,3.9725013,-85.06672272857188,-1.0000000000000056,2024-11
2024-11-29 14:31:00,2024-11-29 14:32:00,2024-11-29 15:06:00,LRCX,SHORT,145,74.25,74.7983892857143,73.15322142857143,74.7983892857143,stop_hit,0.5483892857142878,0.3655928571428585,-79.51644642857254,1.0150000000000001,5.383125,-85.91457142857254,-1.0000000000000102,2024-11
2024-11-29 14:32:00,2024-11-29 14:33:00,2024-11-29 15:06:00,LRCX,SHORT,132,74.215,74.81052142857143,73.02395714285714,74.81052142857143,stop_hit,0.5955214285714301,0.3970142857142867,-78.60882857142883,0.924,4.8981900000000005,-84.43101857142884,-1.0000000000000007,2024-11
2024-11-12 14:31:00,2024-11-12 14:32:00,2024-11-12 14:33:00,LYV,SHORT,72,129.05,130.1229392857143,126.90412142857144,130.1229392857143,stop_hit,1.072939285714284,0.7152928571428561,-77.25162857142845,0.7,4.6458,-82.59742857142845,-1.0,2024-11
2024-11-12 14:32:00,2024-11-12 14:33:00,2024-11-12 15:53:00,LYV,SHORT,63,129.65,130.8611535714286,127.22769285714287,128.015,time_exit,1.2111535714285688,0.8074357142857126,103.00500000000122,0.7,4.083975000000001,98.22102500000122,1.3499526720393673,2024-11
2024-11-12 14:33:00,2024-11-12 14:34:00,2024-11-12 15:53:00,LYV,SHORT,58,129.58,130.91008214285716,126.91983571428574,128.015,time_exit,1.3300821428571403,0.8867214285714269,90.77000000000152,0.7,3.75782,86.31218000000152,1.1766190595103099,2024-11
2024-11-07 14:31:00,2024-11-07 14:32:00,2024-11-07 14:36:00,MRNA,SHORT,83,55.0,55.94967142857143,53.100657142857145,53.100657142857145,target_hit,0.9496714285714276,0.6331142857142851,157.64545714285697,0.7,2.2825,154.66295714285698,2.0,2024-11
2024-11-07 14:32:00,2024-11-07 14:33:00,2024-11-07 14:37:00,MRNA,SHORT,72,54.625,55.7311,52.412800000000004,52.412800000000004,target_hit,1.1060999999999992,0.7373999999999994,159.2783999999997,0.7,1.9665000000000001,156.6118999999997,1.9999999999999976,2024-11
2024-11-07 14:33:00,2024-11-07 14:34:00,2024-11-15 14:31:00,MRNA,SHORT,68,54.0143,55.20606071428571,51.63077857142857,51.63077857142857,target_hit,1.1917607142857127,0.7945071428571419,162.07945714285705,0.7,1.8364862000000002,159.54297094285707,2.0000000000000013,2024-11
2024-11-07 14:34:00,2024-11-07 14:35:00,2024-11-15 14:31:00,MRNA,SHORT,67,53.785,55.02390357142857,51.30719285714286,51.30719285714286,target_hit,1.2389035714285699,0.8259357142857132,166.01307857142825,0.7,1.8017975,163.51128107142827,1.9999999999999987,2024-11
2024-11-07 14:35:00,2024-11-07 14:36:00,2024-11-07 14:43:00,MRNA,SHORT,66,52.96,54.24278928571429,50.394421428571434,54.24278928571429,stop_hit,1.2827892857142837,0.8551928571428559,-84.66409285714295,0.7,1.7476800000000001,-87.11177285714295,-1.0000000000000027,2024-11
2024-11-07 14:42:00,2024-11-07 14:43:00,2024-11-15 14:31:00,MRNA,SHORT,45,54.05,55.89041428571428,50.36917142857143,50.36917142857143,target_hit,1.840414285714284,1.226942857142856,165.63728571428567,0.7,1.2161250000000001,163.72116071428567,2.0000000000000013,2024-11
2024-11-07 14:48:00,2024-11-07 14:49:00,2024-11-15 14:31:00,MRNA,SHORT,73,53.62,54.795024999999995,51.26995,51.26995,target_hit,1.1750249999999995,0.7833499999999997,171.55364999999972,0.7,1.9571299999999998,168.89651999999973,1.9999999999999973,2024-11
2024-11-15 14:31:00,2024-11-15 14:32:00,2024-11-15 14:33:00,MRNA,SHORT,151,38.095,38.67402142857143,36.93695714285714,38.67402142857143,stop_hit,0.5790214285714281,0.3860142857142854,-87.43223571428592,1.057,2.8761725,-91.36540821428592,-1.000000000000003,2024-11
2024-11-15 14:32:00,2024-11-15 14:33:00,2024-11-15 14:45:00,MRNA,SHORT,140,38.44,39.059735714285715,37.20052857142857,37.20052857142857,target_hit,0.6197357142857141,0.4131571428571427,173.5259999999998,0.98,2.6908,169.85519999999983,1.9999999999999987,2024-11
2024-11-15 14:33:00,2024-11-15 14:34:00,2024-11-15 15:23:00,MRNA,SHORT,130,38.3,38.977421428571425,36.94515714285714,36.94515714285714,target_hit,0.6774214285714287,0.4516142857142858,176.12957142857127,0.91,2.4895,172.73007142857128,1.9999999999999978,2024-11
2024-11-15 14:34:00,2024-11-15 14:35:00,2024-11-15 15:22:00,MRNA,SHORT,125,38.46,39.1776,37.0248,37.0248,target_hit,0.7176000000000001,0.4784000000000001,179.40000000000023,0.875,2.40375,176.12125000000023,2.000000000000002,2024-11
2024-11-15 14:36:00,2024-11-15 14:37:00,2024-11-18 15:34:00,MRNA,SHORT,117,37.89,38.672775,36.32445,38.672775,stop_hit,0.782775,0.52185,-91.5846750000001,0.8190000000000001,2.216565,-94.62024000000011,-1.000000000000001,2024-11
2024-11-15 14:37:00,2024-11-15 14:38:00,2024-11-18 15:36:00,MRNA,SHORT,110,37.905,38.729025,36.25695,38.729025,stop_hit,0.8240249999999998,0.5493499999999999,-90.64274999999988,0.77,2.084775,-93.49752499999987,-0.9999999999999989,2024-11
2024-11-25 14:31:00,2024-11-25 14:32:00,2024-11-25 14:34:00,MRNA,SHORT,187,43.93,44.41130714285714,42.96738571428572,44.41130714285714,stop_hit,0.4813071428571418,0.32087142857142786,-90.00443571428528,1.309,4.107455,-95.42089071428528,-0.9999999999999972,2024-11
2024-11-25 14:32:00,2024-11-25 14:33:00,2024-11-25 14:34:00,MRNA,SHORT,172,44.1975,44.7159,43.1607,44.7159,stop_hit,0.5183999999999993,0.3455999999999995,-89.16479999999996,1.204,3.800985,-94.16978499999995,-1.0000000000000009,2024-11
2024-11-25 14:33:00,2024-11-25 14:34:00,2024-11-25 14:36:00,MRNA,SHORT,159,44.5495,45.103321428571434,43.441857142857145,45.103321428571434,stop_hit,0.5538214285714282,0.3692142857142855,-88.05760714285765,1.113,3.54168525,-92.71229239285765,-1.0000000000000064,2024-11
2024-11-25 14:34:00,2024-11-25 14:35:00,2024-11-25 15:53:00,MRNA,SHORT,140,44.57,45.193110714285716,43.32377857142857,44.85,time_exit,0.6231107142857142,0.4154071428571428,-39.20000000000016,0.98,3.1199000000000003,-43.29990000000016,-0.4493583460861709,2024-11
2024-11-25 14:37:00,2024-11-25 14:38:00,2024-11-25 15:53:00,MRNA,SHORT,111,44.52,45.302732142857145,42.95453571428572,44.85,time_exit,0.7827321428571432,0.5218214285714288,-36.62999999999981,0.777,2.47086,-39.877859999999814,-0.4216001642598019,2024-11
2024-11-25 14:38:00,2024-11-25 14:39:00,2024-11-25 15:53:00,MRNA,SHORT,106,44.55,45.36016071428571,42.92967857142857,44.85,time_exit,0.8101607142857146,0.540107142857143,-31.800000000000452,0.742,2.36115,-34.90315000000045,-0.370296898763478,2024-11
2024-11-25 14:40:00,2024-11-25 14:41:00,2024-11-25 15:53:00,MRNA,SHORT,104,44.99,45.818375,43.33325,44.85,time_exit,0.8283750000000012,0.5522500000000008,14.56000000000006,0.728,2.33948,11.49252000000006,0.1690055832201604,2024-11
2024-11-07 14:32:00,2024-11-07 14:33:00,2024-11-07 15:53:00,MTCH,LONG,110,31.7,30.920005357142855,33.25998928571428,31.225,time_exit,0.7799946428571438,0.5199964285714292,-52.249999999999766,0.77,1.7435,-54.763499999999766,-0.6089785415192835,2024-11
2024-11-07 14:33:00,2024-11-07 14:34:00,2024-11-07 14:46:00,MTCH,SHORT,105,31.26,32.07481607142857,29.630367857142858,32.07481607142857,stop_hit,0.8148160714285717,0.5432107142857144,-85.55568749999986,0.735,1.64115,-87.93183749999986,-0.9999999999999981,2024-11
2024-11-07 14:34:00,2024-11-07 14:35:00,2024-11-07 14:46:00,MTCH,SHORT,97,31.03,31.902673214285716,29.28465357142857,31.902673214285716,stop_hit,0.8726732142857143,0.5817821428571429,-84.64930178571437,0.7,1.5049550000000003,-86.85425678571437,-1.000000000000001,2024-11
2024-11-06 14:34:00,2024-11-06 14:35:00,2024-11-06 15:31:00,MU,SHORT,84,108.03,109.02048214285715,106.04903571428572,109.02048214285715,stop_hit,0.9904821428571415,0.6603214285714277,-83.20050000000032,0.7,4.537260000000001,-88.43776000000032,-1.000000000000005,2024-11
2024-11-12 14:31:00,2024-11-12 14:32:00,2024-11-12 14:41:00,MU,SHORT,114,103.62,104.34380357142858,102.17239285714285,104.34380357142858,stop_hit,0.7238035714285727,0.4825357142857151,-82.51360714285764,0.798,5.90634,-89.21794714285764,-1.0000000000000042,2024-11
2024-11-12 14:33:00,2024-11-12 14:34:00,2024-11-12 14:35:00,MU,SHORT,96,103.045,103.89741785714286,101.34016428571428,103.89741785714286,stop_hit,0.8524178571428587,0.5682785714285724,-81.83211428571394,0.7,4.94616,-87.47827428571395,-0.999999999999994,2024-11
2024-11-19 14:31:00,2024-11-19 14:32:00,2024-11-19 14:40:00,NCLH,SHORT,343,25.344,25.580785714285717,24.870428571428572,25.580785714285717,stop_hit,0.23678571428571438,0.15785714285714292,-81.21750000000064,2.4010000000000002,4.346496,-87.96499600000064,-1.0000000000000075,2024-11
2024-11-19 14:32:00,2024-11-19 14:33:00,2024-11-19 14:38:00,NCLH,SHORT,303,25.27,25.53517857142857,24.739642857142858,25.53517857142857,stop_hit,0.2651785714285716,0.17678571428571438,-80.34910714285695,2.121,3.8284049999999996,-86.29851214285695,-0.9999999999999971,2024-11
2024-11-19 14:33:00,2024-11-19 14:34:00,2024-11-19 14:40:00,NCLH,SHORT,282,25.315,25.59732142857143,24.750357142857144,25.59732142857143,stop_hit,0.2823214285714287,0.18821428571428583,-79.61464285714287,1.974,3.5694150000000002,-85.15805785714288,-0.9999999999999996,2024-11
2024-11-19 14:34:00,2024-11-19 14:35:00,2024-11-19 15:13:00,NCLH,SHORT,259,25.32,25.623214285714287,24.713571428571427,25.623214285714287,stop_hit,0.3032142857142859,0.20214285714285726,-78.53250000000021,1.813,3.27894,-83.62444000000022,-1.0000000000000022,2024-11
2024-11-19 14:38:00,2024-11-19 14:39:00,2024-11-19 15:53:00,NCLH,LONG,220,25.54,25.186964285714286,26.24607142857143,25.84,time_exit,0.35303571428571445,0.235357142857143,66.00000000000016,1.54,2.8094,61.65060000000015,0.8497723823975737,2024-11
2024-11-06 14:31:00,2024-11-06 14:32:00,2024-11-06 14:34:00,NEE,SHORT,126,73.47,74.08915714285715,72.23168571428572,74.08915714285715,stop_hit,0.6191571428571433,0.41277142857142884,-78.01380000000063,0.882,4.62861,-83.52441000000063,-1.0000000000000073,2024-11
2024-11-06 14:32:00,2024-11-06 14:33:00,2024-11-06 14:34:00,NEE,SHORT,111,73.5,74.19951428571429,72.10097142857143,74.19951428571429,stop_hit,0.6995142857142876,0.46634285714285845,-77.64608571428582,0.777,4.07925,-82.50233571428582,-0.9999999999999986,2024-11
2024-11-06 14:33:00,2024-11-06 14:34:00,2024-11-06 15:44:00,NEE,LONG,103,74.07,73.32655714285713,75.55688571428571,73.32655714285713,stop_hit,0.7434428571428602,0.4956285714285735,-76.57461428571528,0.721,3.814605,-81.11021928571529,-1.0000000000000089,2024-11
2024-11-06 14:34:00,2024-11-06 14:35:00,2024-11-06 15:53:00,NEE,SHORT,85,74.49,75.37540714285714,72.7191857142857,73.63,time_exit,0.8854071428571464,0.5902714285714309,73.09999999999995,0.7,3.165825,69.23417499999995,0.9713045652927986,2024-11
2024-11-06 14:31:00,2024-11-06 14:32:00,2024-11-06 15:27:00,NEM,SHORT,232,44.045,44.375032142857144,43.38493571428571,44.375032142857144,stop_hit,0.3300321428571445,0.22002142857142967,-76.567457142857,1.624,5.1092200000000005,-83.30067714285698,-0.9999999999999931,2024-11
2024-11-25 14:31:00,2024-11-25 14:32:00,2024-11-25 14:59:00,NEM,SHORT,257,42.045,42.33975,41.45550000000001,42.33975,stop_hit,0.29474999999999824,0.19649999999999881,-75.75075000000012,1.799,5.402782500000001,-82.95253250000013,-1.0000000000000078,2024-11
2024-11-08 14:31:00,2024-11-08 14:32:00,2024-11-08 14:57:00,NRG,SHORT,78,102.38,103.33517857142857,100.46964285714284,100.46964285714284,target_hit,0.9551785714285721,0.6367857142857147,149.0078571428578,0.7,3.9928199999999996,144.31503714285782,2.0000000000000075,2024-11
2024-11-08 14:32:00,2024-11-08 14:33:00,2024-11-08 14:57:00,NRG,SHORT,72,102.625,103.68357142857143,100.50785714285715,100.50785714285715,target_hit,1.058571428571428,0.7057142857142854,152.43428571428535,0.7,3.6945,148.03978571428536,1.9999999999999962,2024-11
2024-11-08 14:33:00,2024-11-08 14:34:00,2024-11-08 14:58:00,NRG,SHORT,69,102.225,103.344375,99.98625,99.98625,target_hit,1.119374999999999,0.7462499999999993,154.4737499999997,0.7,3.5267625,150.24698749999973,1.9999999999999984,2024-11
2024-11-08 14:34:00,2024-11-08 14:35:00,2024-11-08 14:58:00,NRG,SHORT,67,101.475,102.6586607142857,99.10767857142856,99.10767857142856,target_hit,1.1836607142857127,0.7891071428571418,158.6105357142858,0.7,3.3994125,154.5111232142858,2.0000000000000036,2024-11
2024-11-08 14:35:00,2024-11-08 14:36:00,2024-11-08 14:47:00,NRG,SHORT,65,100.85,102.0974107142857,98.35517857142857,102.0974107142857,stop_hit,1.247410714285711,0.8316071428571407,-81.08169642857092,0.7,3.277625,-85.05932142857093,-0.9999999999999964,2024-11
2024-11-21 14:32:00,2024-11-21 14:33:00,2024-11-21 14:34:00,NVDA,SHORT,59,150.7499,152.0903857142857,148.06892857142856,148.06892857142856,target_hit,1.3404857142857176,0.893657142857145,158.1773142857149,0.7,4.44712205,153.03019223571494,2.000000000000003,2024-11
2024-11-06 14:31:00,2024-11-06 14:32:00,2024-11-06 14:46:00,ON,SHORT,150,72.86,73.40490714285714,71.77018571428572,71.77018571428572,target_hit,0.5449071428571435,0.363271428571429,163.47214285714244,1.05,5.4645,156.95764285714245,1.9999999999999927,2024-11
2024-11-04 14:31:00,2024-11-04 14:32:00,2024-11-04 14:35:00,PEG,SHORT,102,83.2,84.01214285714286,81.5757142857143,84.01214285714286,stop_hit,0.812142857142854,0.5414285714285693,-82.83857142857167,0.714,4.2432,-87.79577142857167,-1.0000000000000069,2024-11
2024-11-04 14:32:00,2024-11-04 14:33:00,2024-11-04 14:35:00,PEG,SHORT,91,82.955,83.85178571428571,81.16142857142857,83.85178571428571,stop_hit,0.8967857142857119,0.5978571428571412,-81.60749999999986,0.7,3.7744524999999998,-86.08195249999986,-1.0000000000000009,2024-11
2024-11-04 14:33:00,2024-11-04 14:34:00,2024-11-04 15:53:00,PEG,SHORT,78,83.6,84.64357142857142,81.51285714285714,82.7,time_exit,1.0435714285714264,0.6957142857142843,70.19999999999933,0.7,3.2603999999999997,66.23959999999933,0.8624229979466056,2024-11
2024-11-04 14:34:00,2024-11-04 14:35:00,2024-11-04 15:53:00,PEG,SHORT,74,83.91,85.02107142857142,81.68785714285714,82.7,time_exit,1.111071428571426,0.740714285714284,89.53999999999954,0.7,3.10467,85.73532999999954,1.08903889424622,2024-11
2024-11-05 14:31:00,2024-11-05 14:32:00,2024-11-05 14:33:00,PLTR,SHORT,101,47.22,48.04136785714286,45.577264285714286,48.04136785714286,stop_hit,0.8213678571428572,0.5475785714285715,-82.95815357142888,0.707,2.3846100000000003,-86.04976357142887,-1.0000000000000036,2024-11
2024-11-05 14:32:00,2024-11-05 14:33:00,2024-11-05 14:40:00,PLTR,SHORT,93,48.06,48.94029642857143,46.29940714285714,48.94029642857143,stop_hit,0.8802964285714291,0.5868642857142861,-81.86756785714269,0.7,2.23479,-84.8023578571427,-0.9999999999999973,2024-11
2024-11-05 14:33:00,2024-11-05 14:34:00,2024-11-05 14:42:00,PLTR,SHORT,84,48.215,49.18208214285715,46.280835714285715,49.18208214285715,stop_hit,0.9670821428571434,0.644721428571429,-81.23490000000012,0.7,2.02503,-83.95993000000013,-1.0000000000000009,2024-11
2024-11-05 14:34:00,2024-11-05 14:35:00,2024-11-05 14:42:00,PLTR,SHORT,78,48.3202,49.348353571428575,46.26389285714286,49.348353571428575,stop_hit,1.028153571428573,0.6854357142857153,-80.19597857142887,0.7,1.8844877999999998,-82.78046637142887,-1.0000000000000022,2024-11
2024-11-05 14:36:00,2024-11-05 14:37:00,2024-11-05 14:45:00,PLTR,SHORT,73,48.41,49.50136785714285,46.22726428571428,49.50136785714285,stop_hit,1.0913678571428589,0.7275785714285726,-79.6698535714285,0.7,1.766965,-82.1368185714285,-0.9999999999999976,2024-11
2024-11-06 14:31:00,2024-11-06 14:32:00,2024-11-06 14:34:00,PLTR,SHORT,141,53.29,53.847432142857144,52.175135714285716,53.847432142857144,stop_hit,0.5574321428571429,0.3716214285714286,-78.59793214285747,0.987,3.7569450000000004,-83.34187714285747,-1.000000000000004,2024-11
2024-11-06 14:32:00,2024-11-06 14:33:00,2024-11-11 14:31:00,PLTR,SHORT,134,53.76,54.34100357142857,52.597992857142856,54.34100357142857,stop_hit,0.5810035714285721,0.3873357142857147,-77.854478571429,0.9380000000000001,3.6019200000000002,-82.39439857142901,-1.0000000000000044,2024-11
2024-11-06 14:33:00,2024-11-06 14:34:00,2024-11-11 14:31:00,PLTR,SHORT,123,53.9701,54.59663928571429,52.71702142857143,54.59663928571429,stop_hit,0.6265392857142861,0.41769285714285737,-77.06433214285731,0.861,3.31916115,-81.24449329285731,-1.0000000000000016,2024-11
2024-11-06 14:34:00,2024-11-06 14:35:00,2024-11-11 14:31:00,PLTR,SHORT,117,54.0563,54.707482142857145,52.75393571428572,54.707482142857145,stop_hit,0.6511821428571429,0.4341214285714286,-76.18831071428599,0.8190000000000001,3.16229355,-80.169604264286,-1.0000000000000033,2024-11
2024-11-11 14:31:00,2024-11-11 14:32:00,2024-11-11 14:34:00,PLTR,SHORT,139,59.47,60.013396428571426,58.383207142857145,60.013396428571426,stop_hit,0.5433964285714286,0.3622642857142857,-75.53210357142832,0.973,4.133165,-80.63826857142833,-0.9999999999999968,2024-11
2024-11-11 14:32:00,2024-11-11 14:33:00,2024-11-11 14:54:00,PLTR,SHORT,123,59.8018,60.409482142857144,58.58643571428571,60.409482142857144,stop_hit,0.6076821428571431,0.4051214285714287,-74.74490357142865,0.861,3.6778107,-79.28371427142865,-1.0000000000000007,2024-11
2024-11-11 14:33:00,2024-11-11 14:34:00,2024-11-11 14:36:00,PLTR,SHORT,113,59.65,60.30479285714286,58.34041428571428,60.30479285714286,stop_hit,0.6547928571428575,0.43652857142857165,-73.99159285714302,0.791,3.370225,-78.15281785714302,-1.0000000000000016,2024-11
2024-11-11 14:34:00,2024-11-11 14:35:00,2024-11-11 14:54:00,PLTR,SHORT,105,59.82,60.51556071428571,58.42887857142857,60.51556071428571,stop_hit,0.6955607142857144,0.46370714285714293,-73.03387499999974,0.735,3.14055,-76.90942499999974,-0.9999999999999963,2024-11
2024-11-11 14:37:00,2024-11-11 14:38:00,2024-11-11 15:14:00,PLTR,SHORT,82,59.79,60.66878571428571,58.03242857142857,60.66878571428571,stop_hit,0.8787857142857141,0.5858571428571427,-72.06042857142839,0.7,2.45139,-75.2118185714284,-0.9999999999999978,2024-11
2024-11-12 14:31:00,2024-11-12 14:32:00,2024-11-12 14:34:00,PLTR,SHORT,121,59.2559,59.848860714285706,58.06997857142857,59.848860714285706,stop_hit,0.592960714285713,0.39530714285714197,-71.74824642857084,0.847,3.58498195,-76.18022837857083,-0.999999999999994,2024-11
2024-11-12 14:33:00,2024-11-12 14:34:00,2024-11-13 14:31:00,PLTR,SHORT,109,59.6783,60.32815357142857,58.378592857142856,60.32815357142857,stop_hit,0.6498535714285707,0.43323571428571384,-70.83403928571437,0.763,3.25246735,-74.84950663571438,-1.0000000000000024,2024-11
2024-11-13 14:31:00,2024-11-13 14:32:00,2024-11-13 14:39:00,PLTR,SHORT,147,62.535,63.01005,61.5849,63.01005,stop_hit,0.4750499999999998,0.31669999999999987,-69.83235000000045,1.029,4.596322499999999,-75.45767250000044,-1.0000000000000069,2024-11
2024-11-13 14:32:00,2024-11-13 14:33:00,2024-11-13 14:43:00,PLTR,SHORT,134,62.7,63.215228571428575,61.66954285714286,63.215228571428575,stop_hit,0.5152285714285711,0.3434857142857141,-69.04062857142871,0.9380000000000001,4.200900000000001,-74.17952857142872,-1.0000000000000027,2024-11
2024-11-13 14:33:00,2024-11-13 14:34:00,2024-11-13 15:06:00,PLTR,SHORT,127,62.8705,63.4093,61.792899999999996,61.792899999999996,target_hit,0.5388000000000004,0.3592000000000003,136.85520000000048,0.889,3.9922767500000003,131.97392325000047,2.0000000000000058,2024-11
2024-11-13 14:34:00,2024-11-13 14:35:00,2024-11-13 15:06:00,PLTR,SHORT,121,62.87,63.44737142857143,61.71525714285714,61.71525714285714,target_hit,0.5773714285714289,0.38491428571428593,139.72388571428567,0.847,3.803635,135.07325071428568,1.9999999999999984,2024-11
2024-11-15 14:31:00,2024-11-15 14:32:00,2024-11-15 14:35:00,PLTR,SHORT,124,62.48,63.054114285714284,61.33177142857142,63.054114285714284,stop_hit,0.5741142857142876,0.3827428571428584,-71.19017142857166,0.868,3.87376,-75.93193142857166,-1.0,2024-11
2024-11-15 14:32:00,2024-11-15 14:33:00,2024-11-15 14:42:00,PLTR,SHORT,109,62.7323,63.379807142857146,61.437285714285714,63.379807142857146,stop_hit,0.6475071428571442,0.4316714285714295,-70.57827857142868,0.763,3.41891035,-74.76018892142869,-0.9999999999999997,2024-11
2024-11-15 14:33:00,2024-11-15 14:34:00,2024-11-15 15:41:00,PLTR,SHORT,102,62.92,63.59977857142857,61.56044285714285,63.59977857142857,stop_hit,0.6797785714285729,0.4531857142857153,-69.33741428571423,0.714,3.20892,-73.26033428571424,-0.9999999999999971,2024-11
2024-11-15 14:34:00,2024-11-15 14:35:00,2024-11-15 15:41:00,PLTR,SHORT,97,63.07,63.77871785714286,61.652564285714284,63.77871785714286,stop_hit,0.7087178571428585,0.47247857142857236,-68.74563214285723,0.7,3.058895,-72.50452714285724,-0.9999999999999993,2024-11
2024-11-25 14:31:00,2024-11-25 14:32:00,2024-11-25 14:33:00,PLTR,SHORT,110,67.25,67.87206071428571,66.00587857142857,67.87206071428571,stop_hit,0.6220607142857144,0.41470714285714294,-68.426678571428,0.77,3.69875,-72.895428571428,-0.9999999999999915,2024-11
2024-11-25 14:32:00,2024-11-25 14:33:00,2024-11-25 14:39:00,PLTR,SHORT,97,67.8799,68.57268571428573,66.49432857142858,66.49432857142858,target_hit,0.6927857142857137,0.4618571428571424,134.40042857142817,0.7,3.2921751500000007,130.40825342142818,1.9999999999999956,2024-11
2024-11-25 14:33:00,2024-11-25 14:34:00,2024-11-25 15:23:00,PLTR,SHORT,91,67.6801,68.43074285714285,66.17881428571428,66.17881428571428,target_hit,0.7506428571428556,0.5004285714285704,136.61700000000002,0.7,3.07944455,132.83755545000002,2.000000000000004,2024-11
2024-11-25 14:34:00,2024-11-25 14:35:00,2024-11-25 15:23:00,PLTR,SHORT,89,67.5299,68.3126857142857,65.96432857142858,65.96432857142858,target_hit,0.7827857142857118,0.5218571428571411,139.3358571428561,0.7,3.0050805499999997,135.6307765928561,1.9999999999999916,2024-11
2024-11-25 14:36:00,2024-11-25 14:37:00,2024-11-25 15:53:00,PLTR,SHORT,81,66.7556,67.63942142857142,64.98795714285714,65.48,time_exit,0.8838214285714274,0.5892142857142849,103.32359999999977,0.7,2.7036018,99.91999819999977,1.4432779730876457,2024-11
2024-11-14 14:32:00,2024-11-14 14:33:00,2024-11-14 15:53:00,SCHW,SHORT,107,81.14,81.81344642857142,79.79310714285715,80.845,time_exit,0.6734464285714239,0.4489642857142826,31.565000000000182,0.749,4.34099,26.475010000000182,0.4380452363906401,2024-11
2024-11-26 14:31:00,2024-11-26 14:32:00,2024-11-26 14:46:00,SJM,LONG,51,123.34,121.91392857142858,126.19214285714285,121.91392857142858,stop_hit,1.4260714285714258,0.9507142857142838,-72.72964285714235,0.7,3.1451700000000002,-76.57481285714235,-0.999999999999995,2024-11
2024-11-04 14:31:00,2024-11-04 14:32:00,2024-11-04 14:34:00,SMCI,SHORT,138,24.23,24.752557142857142,23.184885714285713,24.752557142857142,stop_hit,0.5225571428571434,0.34837142857142894,-72.1128857142856,0.966,1.6718700000000002,-74.75075571428559,-0.9999999999999974,2024-11
2024-11-04 14:33:00,2024-11-04 14:34:00,2024-11-04 14:36:00,SMCI,SHORT,118,24.39,24.995046428571428,23.179907142857143,24.995046428571428,stop_hit,0.6050464285714288,0.40336428571428584,-71.39547857142838,0.8260000000000001,1.4390100000000001,-73.66048857142837,-0.9999999999999971,2024-11
2024-11-04 14:39:00,2024-11-04 14:40:00,2024-11-04 14:46:00,SMCI,SHORT,86,25.33,26.152289285714286,23.685421428571424,26.152289285714286,stop_hit,0.8222892857142865,0.5481928571428577,-70.71687857142871,0.7,1.0891899999999999,-72.50606857142871,-1.000000000000001,2024-11
2024-11-04 14:42:00,2024-11-04 14:43:00,2024-11-04 14:48:00,SMCI,SHORT,82,25.7029,26.548010714285716,24.01267857142857,26.548010714285716,stop_hit,0.845110714285715,0.5634071428571433,-69.29907857142878,0.7,1.0538189,-71.05289747142878,-1.000000000000002,2024-11
2024-11-04 14:50:00,2024-11-04 14:51:00,2024-11-04 14:57:00,SMCI,SHORT,159,26.33,26.765289285714285,25.459421428571424,26.765289285714285,stop_hit,0.43528928571428604,0.29019285714285736,-69.21099642857162,1.113,2.0932349999999995,-72.41723142857161,-1.000000000000002,2024-11
2024-11-04 14:53:00,2024-11-04 14:54:00,2024-11-04 14:57:00,SMCI,SHORT,175,26.5559,26.945653571428572,25.77639285714286,26.945653571428572,stop_hit,0.3897535714285709,0.25983571428571395,-68.20687499999991,1.225,2.32364125,-71.7555162499999,-1.0,2024-11
2024-11-04 14:54:00,2024-11-04 14:55:00,2024-11-04 14:57:00,SMCI,SHORT,176,26.56,26.945467857142855,25.789064285714286,26.945467857142855,stop_hit,0.38546785714285675,0.25697857142857117,-67.84234285714274,1.232,2.33728,-71.41162285714273,-0.9999999999999993,2024-11
2024-11-04 15:02:00,2024-11-04 15:03:00,2024-11-04 15:06:00,SMCI,SHORT,149,26.67,27.118917857142858,25.77216428571429,27.118917857142858,stop_hit,0.4489178571428565,0.299278571428571,-66.88876071428555,1.043,1.9869150000000002,-69.91867571428556,-0.999999999999999,2024-11
2024-11-04 15:03:00,2024-11-04 15:04:00,2024-11-04 15:06:00,SMCI,SHORT,146,26.485,26.937142857142856,25.580714285714286,26.937142857142856,stop_hit,0.4521428571428566,0.3014285714285711,-66.01285714285706,1.022,1.933405,-68.96826214285706,-0.9999999999999998,2024-11
2024-11-04 15:04:00,2024-11-04 15:05:00,2024-11-04 15:07:00,SMCI,SHORT,147,26.721,27.167775,25.827450000000002,27.167775,stop_hit,0.4467749999999994,0.2978499999999996,-65.67592499999982,1.029,1.9639935000000002,-68.66891849999982,-0.9999999999999987,2024-11
2024-11-04 15:05:00,2024-11-04 15:06:00,2024-11-04 15:22:00,SMCI,SHORT,144,27.1107,27.561760714285715,26.208578571428575,27.561760714285715,stop_hit,0.4510607142857137,0.30070714285714245,-64.95274285714271,1.008,1.9519704000000002,-67.9127132571427,-0.999999999999999,2024-11
2024-11-04 15:06:00,2024-11-04 15:07:00,2024-11-04 15:22:00,SMCI,SHORT,137,27.135,27.602132142857144,26.200735714285717,27.602132142857144,stop_hit,0.46713214285714244,0.3114214285714283,-63.99710357142851,0.9590000000000001,1.8587475000000002,-66.81485107142852,-1.0,2024-11
2024-11-04 15:07:00,2024-11-04 15:08:00,2024-11-04 15:22:00,SMCI,SHORT,132,27.02,27.501060714285714,26.05787857142857,27.501060714285714,stop_hit,0.4810607142857138,0.3207071428571425,-63.5000142857143,0.924,1.78332,-66.20733428571431,-1.0000000000000013,2024-11
2024-11-04 15:09:00,2024-11-04 15:10:00,2024-11-04 15:22:00,SMCI,SHORT,122,26.965,27.478203571428573,25.938592857142858,27.478203571428573,stop_hit,0.513203571428571,0.342135714285714,-62.61083571428588,0.854,1.644865,-65.10970071428588,-1.0000000000000036,2024-11
2024-11-04 15:10:00,2024-11-04 15:11:00,2024-11-04 15:22:00,SMCI,SHORT,116,26.97,27.50420357142857,25.901592857142855,27.50420357142857,stop_hit,0.5342035714285711,0.3561357142857141,-61.96761428571412,0.812,1.56426,-64.34387428571412,-0.9999999999999979,2024-11
2024-11-04 15:12:00,2024-11-04 15:13:00,2024-11-04 15:22:00,SMCI,SHORT,123,27.1139,27.614889285714284,26.11192142857143,27.614889285714284,stop_hit,0.5009892857142848,0.33399285714285654,-61.62168214285681,0.861,1.66750485,-64.1501869928568,-0.9999999999999964,2024-11
2024-11-04 15:14:00,2024-11-04 15:15:00,2024-11-04 15:22:00,SMCI,SHORT,125,27.0,27.485335714285714,26.02932857142857,27.485335714285714,stop_hit,0.48533571428571376,0.3235571428571425,-60.66696428571427,0.875,1.6875,-63.22946428571427,-1.0000000000000009,2024-11
2024-11-04 15:15:00,2024-11-04 15:16:00,2024-11-04 15:22:00,SMCI,SHORT,131,27.12,27.57850714285714,26.202985714285717,27.57850714285714,stop_hit,0.458507142857142,0.305671428571428,-60.06443571428538,0.917,1.7763600000000002,-62.75779571428538,-0.9999999999999963,2024-11
2024-11-04 15:17:00,2024-11-04 15:18:00,2024-11-04 15:22:00,SMCI,SHORT,144,27.2,27.612960714285713,26.374078571428573,27.612960714285713,stop_hit,0.4129607142857137,0.2753071428571425,-59.466342857142706,1.008,1.9584,-62.432742857142706,-0.9999999999999989,2024-11
2024-11-06 14:31:00,2024-11-06 14:32:00,2024-11-11 14:31:00,SMCI,SHORT,78,21.595,22.34557857142857,20.093842857142857,22.34557857142857,stop_hit,0.7505785714285717,0.5003857142857144,-58.545128571428684,0.7,0.842205,-60.08733357142869,-1.0000000000000016,2024-11
2024-11-06 14:32:00,2024-11-06 14:33:00,2024-11-11 14:31:00,SMCI,SHORT,73,21.65,22.44553571428571,20.05892857142857,22.44553571428571,stop_hit,0.7955357142857142,0.5303571428571429,-58.07410714285701,0.7,0.790225,-59.56433214285701,-0.9999999999999978,2024-11
2024-11-06 14:33:00,2024-11-06 14:34:00,2024-11-11 14:31:00,SMCI,SHORT,71,21.6321,22.44692142857143,20.002457142857143,22.44692142857143,stop_hit,0.8148214285714286,0.5432142857142858,-57.85232142857135,0.7,0.76793955,-59.320260978571355,-0.9999999999999987,2024-11
2024-11-06 14:57:00,2024-11-06 14:58:00,2024-11-06 14:59:00,SMCI,SHORT,178,20.815,21.13739285714286,20.170214285714287,21.13739285714286,stop_hit,0.32239285714285715,0.21492857142857144,-57.38592857142885,1.246,1.852535,-60.484463571428854,-1.0000000000000049,2024-11
2024-11-06 14:59:00,2024-11-06 15:00:00,2024-11-06 15:36:00,SMCI,SHORT,157,21.45,21.810760714285713,20.72847857142857,20.72847857142857,target_hit,0.360760714285714,0.24050714285714264,113.27886428571423,1.099,1.6838250000000001,110.49603928571423,2.0000000000000004,2024-11
2024-11-06 15:00:00,2024-11-06 15:01:00,2024-11-06 15:36:00,SMCI,SHORT,158,21.385,21.750903571428573,20.65319285714286,20.65319285714286,target_hit,0.36590357142857094,0.24393571428571395,115.62552857142857,1.106,1.6894150000000003,112.83011357142858,2.0000000000000027,2024-11
2024-11-06 15:01:00,2024-11-06 15:02:00,2024-11-06 15:36:00,SMCI,SHORT,160,21.4656,21.834717857142856,20.727364285714284,20.727364285714284,target_hit,0.3691178571428568,0.24607857142857117,118.11771428571433,1.12,1.7172479999999999,115.28046628571433,2.0000000000000027,2024-11
2024-11-06 15:02:00,2024-11-06 15:03:00,2024-11-06 15:48:00,SMCI,SHORT,167,21.2822,21.642746428571428,20.561107142857143,20.561107142857143,target_hit,0.3605464285714284,0.24036428571428559,120.42250714285709,1.169,1.7770637,117.47644344285709,2.0,2024-11
2024-11-06 15:03:00,2024-11-06 15:04:00,2024-11-06 15:20:00,SMCI,SHORT,159,21.0897,21.473892857142857,20.321314285714287,21.473892857142857,stop_hit,0.38419285714285706,0.25612857142857137,-61.08666428571423,1.113,1.67663115,-63.876295435714226,-0.9999999999999992,2024-11
2024-11-06 15:04:00,2024-11-06 15:05:00,2024-11-06 15:12:00,SMCI,SHORT,155,20.9286,21.318160714285714,20.14947857142857,21.318160714285714,stop_hit,0.3895607142857142,0.2597071428571428,-60.381910714285745,1.085,1.6219665,-63.088877214285745,-1.0000000000000007,2024-11
2024-11-06 15:10:00,2024-11-06 15:11:00,2024-11-06 15:50:00,SMCI,SHORT,148,21.29,21.695642857142857,20.478714285714286,20.478714285714286,target_hit,0.40564285714285697,0.2704285714285713,120.07028571428553,1.036,1.57546,117.45882571428552,1.9999999999999978,2024-11
2024-11-06 15:11:00,2024-11-06 15:12:00,2024-11-06 15:50:00,SMCI,SHORT,157,21.2356,21.624100000000002,20.4586,20.4586,target_hit,0.38850000000000007,0.25900000000000006,121.98900000000016,1.099,1.6669946000000002,119.22300540000016,2.000000000000002,2024-11
2024-11-06 15:12:00,2024-11-06 15:13:00,2024-11-06 15:50:00,SMCI,SHORT,164,21.23,21.609928571428572,20.470142857142857,20.470142857142857,target_hit,0.3799285714285717,0.2532857142857145,124.61657142857149,1.1480000000000001,1.74086,121.7277114285715,1.9999999999999993,2024-11
2024-11-11 14:31:00,2024-11-11 14:32:00,2024-11-11 14:45:00,SMCI,SHORT,129,22.33,22.820617857142853,21.348764285714285,21.348764285714285,target_hit,0.49061785714285644,0.32707857142857094,126.579407142857,0.903,1.4402849999999998,124.23612214285698,2.0000000000000004,2024-11
2024-11-11 14:34:00,2024-11-11 14:35:00,2024-11-12 14:32:00,SMCI,SHORT,113,22.0101,22.58154642857143,20.867207142857144,22.58154642857143,stop_hit,0.5714464285714287,0.38096428571428576,-64.57344642857126,0.791,1.24357065,-66.60801707857125,-0.9999999999999973,2024-11
2024-11-11 14:35:00,2024-11-11 14:36:00,2024-11-11 14:45:00,SMCI,LONG,111,21.95,21.37412857142857,23.101742857142856,21.37412857142857,stop_hit,0.5758714285714286,0.38391428571428576,-63.921728571428545,0.777,1.218225,-65.91695357142855,-0.9999999999999997,2024-11
2024-11-11 14:36:00,2024-11-11 14:37:00,2024-11-12 14:35:00,SMCI,LONG,110,21.757,21.180057142857144,22.910885714285715,22.910885714285715,target_hit,0.5769428571428574,0.3846285714285716,126.92742857142854,0.77,1.1966350000000001,124.96079357142854,1.9999999999999984,2024-11
2024-11-11 14:47:00,2024-11-11 14:48:00,2024-11-12 14:31:00,SMCI,LONG,181,21.5697,21.212957142857146,22.283185714285715,22.283185714285715,target_hit,0.3567428571428567,0.2378285714285711,129.14091428571416,1.2670000000000001,1.95205785,125.92185643571416,2.0000000000000004,2024-11
2024-11-11 14:53:00,2024-11-11 14:54:00,2024-11-11 15:17:00,SMCI,SHORT,196,21.8587,22.195899999999998,21.1843,22.195899999999998,stop_hit,0.3371999999999994,0.2247999999999996,-66.09119999999986,1.372,2.1421525999999997,-69.60535259999986,-0.9999999999999997,2024-11
2024-11-11 14:54:00,2024-11-11 14:55:00,2024-11-11 15:18:00,SMCI,SHORT,200,21.9001,22.227024999999998,21.24625,22.227024999999998,stop_hit,0.32692499999999936,0.2179499999999996,-65.38499999999985,1.4000000000000001,2.19001,-68.97500999999986,-0.9999999999999997,2024-11
2024-11-12 14:34:00,2024-11-12 14:35:00,2024-11-12 15:47:00,SMCI,SHORT,213,22.88,23.18297857142857,22.274042857142856,22.274042857142856,target_hit,0.30297857142857143,0.20198571428571427,129.06887142857147,1.491,2.4367199999999998,125.14115142857148,2.000000000000001,2024-11
2024-11-12 14:35:00,2024-11-12 14:36:00,2024-11-12 15:50:00,SMCI,SHORT,201,22.81,23.137235714285712,22.15552857142857,22.15552857142857,target_hit,0.3272357142857141,0.21815714285714272,131.54875714285743,1.407,2.2924049999999996,127.84935214285741,2.0000000000000053,2024-11
2024-11-12 14:36:00,2024-11-12 14:37:00,2024-11-12 14:54:00,SMCI,SHORT,200,23.05,23.386342857142857,22.377314285714284,22.377314285714284,target_hit,0.3363428571428574,0.2242285714285716,134.53714285714327,1.4000000000000001,2.305,130.83214285714325,2.0000000000000044,2024-11
2024-11-12 14:37:00,2024-11-12 14:38:00,2024-11-12 15:49:00,SMCI,SHORT,192,22.94,23.2967,22.2266,22.2266,target_hit,0.3567000000000004,0.23780000000000026,136.9728,1.344,2.20224,133.42656000000002,1.9999999999999978,2024-11
2024-11-12 14:38:00,2024-11-12 14:39:00,2024-11-12 15:49:00,SMCI,SHORT,188,22.9301,23.3018,22.1867,22.1867,target_hit,0.3717000000000005,0.2478000000000003,139.75920000000022,1.316,2.1554294,136.28777060000021,2.0000000000000004,2024-11
2024-11-12 14:39:00,2024-11-12 14:40:00,2024-11-12 15:49:00,SMCI,SHORT,189,22.93,23.30695,22.176099999999998,22.176099999999998,target_hit,0.37695,0.2513,142.48710000000028,1.323,2.1668849999999997,138.99721500000027,2.000000000000004,2024-11
2024-11-12 14:41:00,2024-11-12 14:42:00,2024-11-13 14:31:00,SMCI,SHORT,173,22.71,23.129582142857142,21.870835714285718,21.870835714285718,target_hit,0.4195821428571421,0.27972142857142807,145.1754214285709,1.211,1.964415,142.00000642857088,1.9999999999999962,2024-11
2024-11-12 14:45:00,2024-11-12 14:46:00,2024-11-12 15:16:00,SMCI,SHORT,192,22.4099,22.794585714285713,21.640528571428575,22.794585714285713,stop_hit,0.38468571428571297,0.256457142857142,-73.8596571428568,1.344,2.1513504,-77.3550075428568,-0.9999999999999989,2024-11
2024-11-13 14:31:00,2024-11-13 14:32:00,2024-11-13 14:54:00,SMCI,SHORT,275,21.25,21.51643214285714,20.717135714285714,21.51643214285714,stop_hit,0.26643214285714234,0.17762142857142824,-73.26883928571384,1.925,2.921875,-78.11571428571384,-0.9999999999999958,2024-11
2024-11-13 14:32:00,2024-11-13 14:33:00,2024-11-13 14:50:00,SMCI,SHORT,260,21.1001,21.378317857142857,20.543664285714286,21.378317857142857,stop_hit,0.27821785714285696,0.18547857142857133,-72.33664285714255,1.82,2.7430130000000004,-76.89965585714255,-0.9999999999999964,2024-11
2024-11-13 14:33:00,2024-11-13 14:34:00,2024-11-13 14:54:00,SMCI,SHORT,226,21.21,21.5268,20.5764,21.5268,stop_hit,0.31679999999999975,0.21119999999999983,-71.59680000000014,1.582,2.3967300000000002,-75.57553000000014,-1.0000000000000029,2024-11
2024-11-13 14:34:00,2024-11-13 14:35:00,2024-11-13 14:54:00,SMCI,SHORT,214,21.17,21.501800000000003,20.506400000000003,21.501800000000003,stop_hit,0.3317999999999998,0.22119999999999987,-71.00520000000026,1.498,2.26519,-74.76839000000027,-1.0000000000000042,2024-11
2024-11-14 14:50:00,2024-11-14 14:51:00,2024-11-14 14:55:00,SMCI,SHORT,205,17.6522,17.993349821428573,16.96990035714286,17.993349821428573,stop_hit,0.3411498214285711,0.22743321428571406,-69.93571339285744,1.435,1.8093505,-73.18006389285743,-1.000000000000005,2024-11
2024-11-14 14:51:00,2024-11-14 14:52:00,2024-11-14 14:55:00,SMCI,SHORT,213,17.584,17.90906767857143,16.933864642857145,17.90906767857143,stop_hit,0.32506767857142804,0.21671178571428534,-69.23941553571439,1.491,1.872696,-72.60311153571439,-1.000000000000003,2024-11
2024-11-14 15:04:00,2024-11-14 15:05:00,2024-11-14 15:11:00,SMCI,SHORT,252,18.5399,18.81245,17.994799999999998,18.81245,stop_hit,0.27255000000000007,0.18170000000000006,-68.68259999999974,1.764,2.3360274,-72.78262739999974,-0.9999999999999959,2024-11
2024-11-14 15:05:00,2024-11-14 15:06:00,2024-11-14 15:11:00,SMCI,LONG,243,18.3937,18.11367142857143,18.953757142857143,18.953757142857143,target_hit,0.2800285714285716,0.1866857142857144,136.09388571428588,1.701,2.23483455,132.1580511642859,2.000000000000001,2024-11
2024-11-14 15:08:00,2024-11-14 15:09:00,2024-11-14 15:11:00,SMCI,SHORT,242,18.605,18.890707142857142,18.033585714285717,18.890707142857142,stop_hit,0.285707142857142,0.190471428571428,-69.14112857142827,1.694,2.251205,-73.08633357142827,-0.9999999999999987,2024-11
2024-11-14 15:10:00,2024-11-14 15:11:00,2024-11-18 14:31:00,SMCI,SHORT,251,18.97,19.242646428571426,18.424707142857145,19.242646428571426,stop_hit,0.2726464285714277,0.18176428571428513,-68.43425357142823,1.7570000000000001,2.3807349999999996,-72.57198857142824,-0.9999999999999981,2024-11
2024-11-18 14:31:00,2024-11-18 14:32:00,2024-11-18 14:35:00,SMCI,SHORT,147,20.9883,21.44892857142857,20.067042857142855,21.44892857142857,stop_hit,0.4606285714285717,0.30708571428571446,-67.71240000000006,1.029,1.54264005,-70.28404005000006,-1.0000000000000002,2024-11
2024-11-18 14:32:00,2024-11-18 14:33:00,2024-11-18 14:36:00,SMCI,SHORT,129,21.38,21.89740357142857,20.345192857142855,21.89740357142857,stop_hit,0.5174035714285714,0.3449357142857143,-66.74506071428554,0.903,1.37901,-69.02707071428554,-0.9999999999999974,2024-11
2024-11-18 14:33:00,2024-11-18 14:34:00,2024-11-18 14:37:00,SMCI,SHORT,115,21.4,21.978475,20.24305,21.978475,stop_hit,0.5784749999999996,0.38564999999999977,-66.52462500000011,0.805,1.2305,-68.56012500000013,-1.0000000000000022,2024-11
2024-11-18 14:34:00,2024-11-18 14:35:00,2024-11-18 14:38:00,SMCI,SHORT,109,21.59,22.191510714285712,20.38697857142857,22.191510714285712,stop_hit,0.6015107142857143,0.4010071428571429,-65.56466785714267,0.763,1.176655,-67.50432285714267,-0.999999999999997,2024-11
2024-11-18 14:35:00,2024-11-18 14:36:00,2024-11-18 14:39:00,SMCI,SHORT,101,21.8599,22.499982142857142,20.579735714285714,22.499982142857142,stop_hit,0.6400821428571428,0.4267214285714286,-64.6482964285714,0.707,1.1039249500000001,-66.4592213785714,-0.9999999999999997,2024-11
2024-11-18 14:37:00,2024-11-18 14:38:00,2024-11-18 14:59:00,SMCI,SHORT,93,22.32,23.01045,20.9391,20.9391,target_hit,0.6904499999999998,0.4602999999999999,128.42370000000005,0.7,1.0378800000000001,126.68582000000005,2.0000000000000013,2024-11
2024-11-18 14:38:00,2024-11-18 14:39:00,2024-11-18 15:00:00,SMCI,SHORT,88,22.27,23.015092857142857,20.779814285714284,20.779814285714284,target_hit,0.7450928571428572,0.49672857142857146,131.13634285714295,0.7,0.97988,129.45646285714295,2.0000000000000013,2024-11
2024-11-18 14:39:00,2024-11-18 14:40:00,2024-11-18 14:45:00,SMCI,SHORT,86,21.885,22.662814285714287,20.32937142857143,22.662814285714287,stop_hit,0.7778142857142856,0.5185428571428571,-66.89202857142854,0.7,0.9410550000000001,-68.53308357142855,-0.9999999999999997,2024-11
2024-11-18 14:40:00,2024-11-18 14:41:00,2024-11-18 15:09:00,SMCI,SHORT,80,21.97,22.793875,20.322249999999997,20.322249999999997,target_hit,0.8238750000000001,0.5492500000000001,131.82000000000016,0.7,0.8788,130.24120000000016,2.000000000000002,2024-11
2024-11-18 14:41:00,2024-11-18 14:42:00,2024-11-18 15:09:00,SMCI,SHORT,79,22.03,22.883885714285714,20.32222857142857,20.32222857142857,target_hit,0.8538857142857147,0.5692571428571431,134.91394285714298,0.7,0.8701850000000001,133.343757857143,2.000000000000001,2024-11
2024-11-18 14:42:00,2024-11-18 14:43:00,2024-11-18 15:09:00,SMCI,SHORT,79,22.05,22.92102857142857,20.307942857142855,20.307942857142855,target_hit,0.8710285714285719,0.5806857142857146,137.62251428571452,0.7,0.870975,136.05153928571454,2.000000000000002,2024-11
2024-11-18 14:43:00,2024-11-18 14:44:00,2024-11-18 15:09:00,SMCI,SHORT,78,22.13,23.025671428571428,20.33865714285714,20.33865714285714,target_hit,0.8956714285714291,0.597114285714286,139.72474285714293,0.7,0.86307,138.16167285714295,2.0,2024-11
2024-11-18 14:44:00,2024-11-18 14:45:00,2024-11-18 14:59:00,SMCI,SHORT,118,22.4094,23.015785714285716,21.196628571428572,21.196628571428572,target_hit,0.6063857142857144,0.4042571428571429,143.10702857142863,0.8260000000000001,1.3221546000000002,140.95887397142863,2.0000000000000004,2024-11
2024-11-18 14:47:00,2024-11-18 14:48:00,2024-11-18 15:00:00,SMCI,SHORT,126,21.9436,22.523232142857143,20.784335714285714,20.784335714285714,target_hit,0.5796321428571429,0.3864214285714286,146.06730000000007,0.882,1.3824467999999999,143.80285320000007,2.000000000000001,2024-11
2024-11-18 14:48:00,2024-11-18 14:49:00,2024-11-18 15:00:00,SMCI,SHORT,128,21.94,22.521775,20.77645,20.77645,target_hit,0.5817749999999999,0.38785,148.9344000000001,0.896,1.40416,146.63424000000012,2.0000000000000013,2024-11
2024-11-18 14:49:00,2024-11-18 14:50:00,2024-11-18 14:59:00,SMCI,SHORT,134,22.1799,22.746675,21.04635,21.04635,target_hit,0.5667749999999999,0.37784999999999996,151.89569999999995,0.9380000000000001,1.4860533,149.47164669999995,1.9999999999999996,2024-11
2024-11-18 14:50:00,2024-11-18 14:51:00,2024-11-18 15:00:00,SMCI,SHORT,136,21.89,22.456775,20.75645,20.75645,target_hit,0.5667749999999999,0.37784999999999996,154.16279999999995,0.9520000000000001,1.48852,151.72227999999996,1.9999999999999996,2024-11
2024-11-18 14:51:00,2024-11-18 14:52:00,2024-11-18 15:00:00,SMCI,SHORT,137,22.0201,22.596517857142857,20.867264285714285,20.867264285714285,target_hit,0.5764178571428571,0.38427857142857136,157.9384928571429,0.9590000000000001,1.5083768499999999,155.4711160071429,2.000000000000001,2024-11
2024-11-18 14:52:00,2024-11-18 14:53:00,2024-11-18 15:06:00,SMCI,SHORT,145,21.705,22.258917857142855,20.597164285714285,20.597164285714285,target_hit,0.5539178571428574,0.36927857142857157,160.6361785714284,1.0150000000000001,1.5736125,158.0475660714284,1.999999999999997,2024-11
2024-11-18 14:53:00,2024-11-18 14:54:00,2024-11-18 15:00:00,SMCI,SHORT,148,21.755,22.308917857142855,20.647164285714286,20.647164285714286,target_hit,0.5539178571428569,0.3692785714285713,163.9596857142855,1.036,1.60987,161.3138157142855,1.9999999999999984,2024-11
2024-11-18 14:54:00,2024-11-18 14:55:00,2024-11-18 15:00:00,SMCI,SHORT,160,21.7,22.22392857142857,20.652142857142856,20.652142857142856,target_hit,0.5239285714285711,0.3492857142857141,167.65714285714296,1.12,1.736,164.80114285714296,2.0000000000000027,2024-11
2024-11-18 14:55:00,2024-11-18 14:56:00,2024-11-18 15:09:00,SMCI,SHORT,169,21.3,21.80357142857143,20.292857142857144,20.292857142857144,target_hit,0.5035714285714286,0.3357142857142857,170.2071428571427,1.183,1.7998500000000002,167.22429285714273,1.9999999999999982,2024-11
2024-11-18 14:56:00,2024-11-18 14:57:00,2024-11-18 15:09:00,SMCI,SHORT,164,21.3797,21.91112857142857,20.31684285714286,20.31684285714286,target_hit,0.5314285714285711,0.3542857142857141,174.30857142857104,1.1480000000000001,1.7531354,171.40743602857106,1.9999999999999967,2024-11
2024-11-18 14:57:00,2024-11-18 14:58:00,2024-11-18 15:09:00,SMCI,SHORT,167,21.33,21.86035714285714,20.269285714285715,20.269285714285715,target_hit,0.5303571428571424,0.35357142857142826,177.1392857142853,1.169,1.7810549999999998,174.1892307142853,1.9999999999999971,2024-11
2024-11-18 14:58:00,2024-11-18 14:59:00,2024-11-19 14:31:00,SMCI,SHORT,170,20.94,21.47142857142857,19.877142857142857,21.47142857142857,stop_hit,0.5314285714285711,0.3542857142857141,-90.34285714285694,1.19,1.7799,-93.31275714285694,-0.9999999999999983,2024-11
2024-11-18 14:59:00,2024-11-18 15:00:00,2024-11-19 14:31:00,SMCI,SHORT,172,20.79,21.309642857142855,19.750714285714285,21.309642857142855,stop_hit,0.5196428571428569,0.34642857142857125,-89.37857142857115,1.204,1.7879399999999999,-92.37051142857115,-0.9999999999999974,2024-11
2024-11-18 15:00:00,2024-11-18 15:01:00,2024-11-19 14:31:00,SMCI,SHORT,174,20.83,21.33892857142857,19.812142857142856,21.33892857142857,stop_hit,0.5089285714285714,0.3392857142857143,-88.5535714285717,1.218,1.8122099999999999,-91.5837814285717,-1.000000000000003,2024-11
2024-11-18 15:01:00,2024-11-18 15:02:00,2024-11-19 14:31:00,SMCI,SHORT,177,20.9399,21.43462142857143,19.950457142857143,21.43462142857143,stop_hit,0.4947214285714289,0.32981428571428595,-87.56569285714265,1.239,1.8531811500000002,-90.65787400714265,-0.999999999999997,2024-11
2024-11-18 15:02:00,2024-11-18 15:03:00,2024-11-19 14:31:00,SMCI,SHORT,176,20.815,21.307750000000002,19.829500000000003,21.307750000000002,stop_hit,0.49275,0.3285,-86.72400000000016,1.232,1.83172,-89.78772000000016,-1.0000000000000018,2024-11
2024-11-18 15:03:00,2024-11-18 15:04:00,2024-11-19 14:31:00,SMCI,SHORT,174,20.97,21.463114285714283,19.983771428571426,21.463114285714283,stop_hit,0.493114285714286,0.32874285714285734,-85.8018857142855,1.218,1.82439,-88.8442757142855,-0.999999999999997,2024-11
2024-11-18 15:08:00,2024-11-18 15:09:00,2024-11-18 15:43:00,SMCI,SHORT,190,20.4297,20.875660714285715,19.53777857142857,20.875660714285715,stop_hit,0.4459607142857145,0.297307142857143,-84.73253571428575,1.33,1.9408215,-88.00335721428574,-1.0,2024-11
2024-11-18 15:48:00,2024-11-18 15:49:00,2024-11-19 14:31:00,SMCI,SHORT,307,20.965,21.238739285714285,20.41752142857143,21.238739285714285,stop_hit,0.27373928571428574,0.18249285714285715,-84.03796071428552,2.149,3.2181275,-89.40508821428551,-0.9999999999999976,2024-11
2024-11-19 14:31:00,2024-11-19 14:32:00,2024-11-19 14:49:00,SMCI,SHORT,83,26.07,27.066557142857143,24.076885714285712,27.066557142857143,stop_hit,0.9965571428571434,0.664371428571429,-82.7142428571428,0.7,1.081905,-84.49614785714282,-0.9999999999999989,2024-11
2024-11-19 14:32:00,2024-11-19 14:33:00,2024-11-19 14:50:00,SMCI,SHORT,76,26.43,27.509721428571428,24.270557142857143,27.509721428571428,stop_hit,1.0797214285714292,0.7198142857142861,-82.05882857142855,0.7,1.00434,-83.76316857142855,-0.9999999999999992,2024-11
2024-11-19 14:33:00,2024-11-19 14:34:00,2024-11-19 14:50:00,SMCI,SHORT,72,26.39,27.51256785714286,24.144864285714284,27.51256785714286,stop_hit,1.1225678571428575,0.7483785714285717,-80.82488571428578,0.7,0.95004,-82.47492571428579,-1.0000000000000007,2024-11
2024-11-19 14:34:00,2024-11-19 14:35:00,2024-11-19 14:49:00,SMCI,SHORT,71,25.92,27.056496428571432,23.647007142857145,27.056496428571432,stop_hit,1.1364964285714287,0.7576642857142859,-80.69124642857153,0.7,0.9201600000000001,-82.31140642857153,-1.000000000000001,2024-11
2024-11-19 14:35:00,2024-11-19 14:36:00,2024-11-19 14:49:00,SMCI,SHORT,66,25.83,27.040425,23.409149999999997,27.040425,stop_hit,1.2104249999999999,0.80695,-79.88805000000005,0.7,0.85239,-81.44044000000005,-1.0000000000000007,2024-11
2024-11-19 14:36:00,2024-11-19 14:37:00,2024-11-19 14:49:00,SMCI,SHORT,64,25.84,27.07828214285714,23.363435714285714,27.07828214285714,stop_hit,1.2382821428571429,0.8255214285714286,-79.25005714285703,0.7,0.8268800000000001,-80.77693714285704,-0.9999999999999986,2024-11
2024-11-19 14:37:00,2024-11-19 14:38:00,2024-11-19 14:49:00,SMCI,SHORT,62,25.9991,27.254085714285715,23.48912857142857,27.254085714285715,stop_hit,1.2549857142857146,0.8366571428571431,-77.80911428571441,0.7,0.8059721,-79.31508638571442,-1.0000000000000013,2024-11
2024-11-19 14:38:00,2024-11-19 14:39:00,2024-11-19 14:49:00,SMCI,SHORT,60,25.935,27.220521428571427,23.363957142857142,27.220521428571427,stop_hit,1.2855214285714287,0.8570142857142857,-77.1312857142857,0.7,0.77805,-78.60933571428569,-0.9999999999999997,2024-11
2024-11-19 14:39:00,2024-11-19 14:40:00,2024-11-19 14:49:00,SMCI,SHORT,58,25.93,27.24927142857143,23.29145714285714,27.24927142857143,stop_hit,1.3192714285714287,0.8795142857142858,-76.5177428571429,0.7,0.75197,-77.96971285714291,-1.0000000000000007,2024-11
2024-11-19 14:44:00,2024-11-19 14:45:00,2024-11-19 14:49:00,SMCI,SHORT,98,26.26,27.030035714285717,24.71992857142857,27.030035714285717,stop_hit,0.7700357142857148,0.5133571428571432,-75.46350000000007,0.7,1.28674,-77.45024000000006,-1.0000000000000002,2024-11
2024-11-19 14:46:00,2024-11-19 14:47:00,2024-11-19 14:49:00,SMCI,SHORT,119,26.39,27.019507142857144,25.130985714285714,27.019507142857144,stop_hit,0.6295071428571435,0.41967142857142903,-74.91135000000006,0.833,1.5702049999999999,-77.31455500000006,-0.9999999999999997,2024-11
2024-11-19 14:47:00,2024-11-19 14:48:00,2024-11-19 14:50:00,SMCI,SHORT,122,26.89,27.498089285714286,25.67382142857143,27.498089285714286,stop_hit,0.6080892857142864,0.4053928571428576,-74.18689285714285,0.854,1.64029,-76.68118285714284,-0.9999999999999987,2024-11
2024-11-19 14:48:00,2024-11-19 14:49:00,2024-11-19 14:52:00,SMCI,SHORT,116,27.4101,28.044975,26.140349999999998,28.044975,stop_hit,0.6348750000000007,0.42325000000000046,-73.64550000000011,0.812,1.5897858000000002,-76.04728580000011,-1.0000000000000004,2024-11
2024-11-19 14:49:00,2024-11-19 14:50:00,2024-11-19 14:53:00,SMCI,SHORT,117,27.68,28.302017857142857,26.435964285714284,28.302017857142857,stop_hit,0.6220178571428581,0.41467857142857206,-72.77608928571433,0.8190000000000001,1.61928,-75.21436928571434,-0.9999999999999993,2024-11
2024-11-19 14:50:00,2024-11-19 14:51:00,2024-11-19 14:52:00,SMCI,SHORT,114,27.56,28.188446428571428,26.30310714285714,28.188446428571428,stop_hit,0.6284464285714294,0.4189642857142863,-71.64289285714294,0.798,1.5709199999999999,-74.01181285714294,-0.9999999999999998,2024-11
2024-11-19 14:51:00,2024-11-19 14:52:00,2024-11-19 15:11:00,SMCI,SHORT,111,28.0742,28.715985714285715,26.79062857142857,26.79062857142857,target_hit,0.6417857142857148,0.42785714285714327,142.47642857142884,0.777,1.5581181000000002,140.14131047142885,2.000000000000002,2024-11
2024-11-19 14:52:00,2024-11-19 14:53:00,2024-11-19 15:01:00,SMCI,SHORT,107,28.43,29.111428571428572,27.067142857142855,27.067142857142855,target_hit,0.6814285714285722,0.45428571428571474,145.8257142857145,0.749,1.521005,143.5557092857145,2.0000000000000004,2024-11
2024-11-19 14:53:00,2024-11-19 14:54:00,2024-11-19 15:20:00,SMCI,SHORT,107,28.1299,28.8199,26.749899999999997,26.749899999999997,target_hit,0.6900000000000008,0.4600000000000006,147.66000000000028,0.749,1.5049496500000001,145.4060503500003,2.0000000000000013,2024-11
2024-11-19 14:54:00,2024-11-19 14:55:00,2024-11-20 14:40:00,SMCI,SHORT,105,27.9,28.616785714285715,26.46642857142857,26.46642857142857,target_hit,0.7167857142857152,0.4778571428571435,150.52500000000012,0.735,1.46475,148.3252500000001,1.9999999999999987,2024-11
2024-11-19 14:55:00,2024-11-19 14:56:00,2024-11-19 15:42:00,SMCI,SHORT,102,27.48,28.2375,25.965,28.2375,stop_hit,0.7575000000000008,0.5050000000000006,-77.26500000000003,0.714,1.40148,-79.38048000000003,-0.9999999999999992,2024-11
2024-11-19 14:56:00,2024-11-19 14:57:00,2024-11-20 14:40:00,SMCI,SHORT,97,27.9703,28.756728571428575,26.397442857142856,26.397442857142856,target_hit,0.7864285714285726,0.524285714285715,152.56714285714312,0.7,1.3565595500000003,150.51058330714312,2.0000000000000004,2024-11
2024-11-19 14:57:00,2024-11-19 14:58:00,2024-11-20 14:42:00,SMCI,SHORT,96,27.99,28.798928571428572,26.372142857142855,26.372142857142855,target_hit,0.8089285714285722,0.5392857142857148,155.3142857142858,0.7,1.34352,153.2707657142858,1.9999999999999991,2024-11
2024-11-19 14:58:00,2024-11-19 14:59:00,2024-11-20 14:42:00,SMCI,SHORT,100,27.82,28.613928571428573,26.232142857142854,26.232142857142854,target_hit,0.7939285714285722,0.5292857142857148,158.78571428571462,0.7000000000000001,1.391,156.69471428571464,2.000000000000002,2024-11
2024-11-19 14:59:00,2024-11-19 15:00:00,2024-11-19 15:42:00,SMCI,SHORT,100,27.44,28.247857142857146,25.824285714285715,28.247857142857146,stop_hit,0.8078571428571435,0.538571428571429,-80.7857142857145,0.7000000000000001,1.372,-82.85771428571451,-1.000000000000002,2024-11
2024-11-19 15:00:00,2024-11-19 15:01:00,2024-11-19 15:36:00,SMCI,SHORT,96,27.1203,27.950657142857143,25.459585714285716,27.950657142857143,stop_hit,0.8303571428571432,0.5535714285714288,-79.71428571428567,0.7,1.3017744,-81.71606011428567,-0.9999999999999989,2024-11
2024-11-19 15:01:00,2024-11-19 15:02:00,2024-11-19 15:36:00,SMCI,SHORT,92,27.095,27.95,25.384999999999998,27.95,stop_hit,0.8550000000000004,0.5700000000000003,-78.66000000000004,0.7,1.24637,-80.60637000000004,-1.0,2024-11
2024-11-19 15:03:00,2024-11-19 15:04:00,2024-11-19 15:42:00,SMCI,SHORT,97,27.49,28.295767857142856,25.878464285714283,28.295767857142856,stop_hit,0.8057678571428575,0.5371785714285716,-78.15948214285717,0.7,1.333265,-80.19274714285717,-1.0,2024-11
2024-11-19 15:04:00,2024-11-19 15:05:00,2024-11-19 15:39:00,SMCI,SHORT,98,27.375,28.165767857142857,25.793464285714286,28.165767857142857,stop_hit,0.7907678571428578,0.5271785714285718,-77.49524999999997,0.7,1.341375,-79.53662499999997,-0.9999999999999989,2024-11
2024-11-19 15:05:00,2024-11-19 15:06:00,2024-11-20 14:42:00,SMCI,SHORT,95,27.8,28.603625,26.19275,26.19275,target_hit,0.8036250000000006,0.5357500000000004,152.68875000000006,0.7,1.3205,150.66825000000006,1.9999999999999991,2024-11
2024-11-19 15:06:00,2024-11-19 15:07:00,2024-11-20 14:43:00,SMCI,SHORT,101,27.66,28.433089285714285,26.113821428571427,26.113821428571427,target_hit,0.7730892857142864,0.5153928571428575,156.1640357142859,0.707,1.39683,154.0602057142859,2.0000000000000004,2024-11
2024-11-19 15:07:00,2024-11-19 15:08:00,2024-11-19 15:42:00,SMCI,SHORT,106,27.45,28.199517857142858,25.950964285714285,28.199517857142858,stop_hit,0.7495178571428576,0.4996785714285717,-79.44889285714305,0.742,1.45485,-81.64574285714305,-1.0000000000000018,2024-11
2024-11-19 15:08:00,2024-11-19 15:09:00,2024-11-19 15:39:00,SMCI,SHORT,105,27.285,28.035589285714288,25.78382142857143,28.035589285714288,stop_hit,0.7505892857142857,0.5003928571428572,-78.81187500000019,0.735,1.4324625000000002,-80.97933750000018,-1.0000000000000024,2024-11
2024-11-19 15:09:00,2024-11-19 15:10:00,2024-11-19 15:34:00,SMCI,SHORT,111,27.0254,27.732060714285716,25.612078571428572,27.732060714285716,stop_hit,0.7066607142857144,0.47110714285714295,-78.4393392857143,0.777,1.4999097000000001,-80.7162489857143,-1.0,2024-11
2024-11-19 15:10:00,2024-11-19 15:11:00,2024-11-19 15:34:00,SMCI,SHORT,112,27.09,27.777589285714285,25.71482142857143,27.777589285714285,stop_hit,0.6875892857142858,0.45839285714285716,-77.00999999999993,0.784,1.51704,-79.31103999999993,-0.999999999999999,2024-11
2024-11-19 15:12:00,2024-11-19 15:13:00,2024-11-19 15:34:00,SMCI,SHORT,119,27.03,27.675803571428574,25.73839285714286,27.675803571428574,stop_hit,0.6458035714285715,0.4305357142857143,-76.85062500000016,0.833,1.6082850000000002,-79.29191000000016,-1.000000000000002,2024-11
2024-11-19 15:13:00,2024-11-19 15:14:00,2024-11-19 15:35:00,SMCI,SHORT,116,27.17,27.82355,25.862900000000003,27.82355,stop_hit,0.6535499999999999,0.43569999999999987,-75.8117999999999,0.812,1.5758600000000003,-78.19965999999991,-0.999999999999999,2024-11
2024-11-19 15:14:00,2024-11-19 15:15:00,2024-11-19 15:39:00,SMCI,SHORT,121,27.42,28.041407142857146,26.177185714285717,28.041407142857146,stop_hit,0.621407142857143,0.4142714285714287,-75.19026428571448,0.847,1.65891,-77.69617428571448,-1.0000000000000022,2024-11
2024-11-19 15:15:00,2024-11-19 15:16:00,2024-11-19 15:39:00,SMCI,SHORT,124,27.5172,28.115035714285714,26.32152857142857,28.115035714285714,stop_hit,0.5978357142857141,0.3985571428571428,-74.13162857142865,0.868,1.7060663999999999,-76.70569497142864,-1.0000000000000013,2024-11
2024-11-19 15:18:00,2024-11-19 15:19:00,2024-11-19 15:27:00,SMCI,SHORT,131,27.098,27.657725,25.97855,27.657725,stop_hit,0.559725,0.37315,-73.32397500000003,0.917,1.774919,-76.01589400000003,-1.0000000000000004,2024-11
2024-11-19 15:19:00,2024-11-19 15:20:00,2024-11-19 15:24:00,SMCI,SHORT,138,26.6,27.128653571428572,25.542692857142857,27.128653571428572,stop_hit,0.5286535714285715,0.35243571428571435,-72.95419285714273,0.966,1.8354000000000001,-75.75559285714273,-0.9999999999999981,2024-11
2024-11-19 15:20:00,2024-11-19 15:21:00,2024-11-19 15:26:00,SMCI,SHORT,135,26.69,27.223475,25.62305,27.223475,stop_hit,0.5334750000000003,0.3556500000000002,-72.0191249999999,0.9450000000000001,1.8015750000000001,-74.7656999999999,-0.9999999999999981,2024-11
2024-11-19 15:21:00,2024-11-19 15:22:00,2024-11-19 15:26:00,SMCI,SHORT,132,26.825,27.362760714285713,25.749478571428572,27.362760714285713,stop_hit,0.5377607142857145,0.35850714285714297,-70.98441428571421,0.924,1.77045,-73.67886428571421,-0.9999999999999986,2024-11
2024-11-19 15:22:00,2024-11-19 15:23:00,2024-11-19 15:26:00,SMCI,SHORT,134,26.845,27.372046428571426,25.79090714285714,27.372046428571426,stop_hit,0.5270464285714286,0.35136428571428574,-70.6242214285713,0.9380000000000001,1.798615,-73.3608364285713,-0.9999999999999981,2024-11
2024-11-19 15:23:00,2024-11-19 15:24:00,2024-11-19 15:27:00,SMCI,SHORT,135,27.13,27.64740357142857,26.095192857142855,27.64740357142857,stop_hit,0.5174035714285714,0.3449357142857143,-69.84948214285696,0.9450000000000001,1.831275,-72.62575714285695,-0.9999999999999974,2024-11
2024-11-19 15:24:00,2024-11-19 15:25:00,2024-11-19 15:26:00,SMCI,SHORT,141,27.0,27.488260714285715,26.02347857142857,27.488260714285715,stop_hit,0.4882607142857145,0.325507142857143,-68.84476071428587,0.987,1.9035,-71.73526071428586,-1.0000000000000018,2024-11
2024-11-19 15:26:00,2024-11-19 15:27:00,2024-11-19 15:39:00,SMCI,SHORT,134,27.5493,28.057917857142854,26.532064285714284,28.057917857142854,stop_hit,0.5086178571428571,0.3390785714285714,-68.15479285714264,0.9380000000000001,1.8458031,-70.93859595714264,-0.9999999999999968,2024-11
2024-11-19 15:27:00,2024-11-19 15:28:00,2024-11-19 15:39:00,SMCI,SHORT,137,27.57,28.06337142857143,26.583257142857143,28.06337142857143,stop_hit,0.4933714285714287,0.32891428571428577,-67.59188571428575,0.9590000000000001,1.8885450000000001,-70.43943071428575,-1.0000000000000002,2024-11
2024-11-19 15:29:00,2024-11-19 15:30:00,2024-11-19 15:34:00,SMCI,SHORT,142,27.29,27.761168,26.347663999999998,27.761168,stop_hit,0.47116800000000075,0.3141120000000005,-66.90585600000031,0.994,1.93759,-69.83744600000031,-1.000000000000003,2024-11
2024-11-19 15:30:00,2024-11-19 15:31:00,2024-11-19 15:36:00,SMCI,SHORT,131,27.42,27.925828714285718,26.408342571428573,27.925828714285718,stop_hit,0.505828714285715,0.3372191428571433,-66.26356157142881,0.917,1.7960100000000003,-68.9765715714288,-1.0000000000000022,2024-11
2024-11-20 14:31:00,2024-11-20 14:32:00,2024-11-20 15:12:00,SMCI,SHORT,121,27.12,27.661478571428574,26.037042857142858,26.037042857142858,target_hit,0.5414785714285721,0.36098571428571474,131.03781428571435,0.847,1.64076,128.55005428571434,1.9999999999999984,2024-11
2024-11-20 14:32:00,2024-11-20 14:33:00,2024-11-20 15:12:00,SMCI,SHORT,115,27.2297,27.80962142857143,26.069857142857142,26.069857142857142,target_hit,0.5799214285714295,0.3866142857142863,133.3819285714288,0.805,1.56570775,131.0112208214288,2.0000000000000004,2024-11
2024-11-20 14:33:00,2024-11-20 14:34:00,2024-11-20 15:06:00,SMCI,SHORT,119,27.255,27.82924285714286,26.106514285714283,26.106514285714283,target_hit,0.5742428571428579,0.38282857142857196,136.66980000000018,0.833,1.6216724999999999,134.2151275000002,2.0,2024-11
2024-11-20 14:34:00,2024-11-20 14:35:00,2024-11-20 15:14:00,SMCI,SHORT,123,26.9399,27.504500000000004,25.8107,25.8107,target_hit,0.5646000000000009,0.37640000000000057,138.8916000000001,0.861,1.65680385,136.37379615000012,1.9999999999999984,2024-11
2024-11-20 14:35:00,2024-11-20 14:36:00,2024-11-21 14:31:00,SMCI,SHORT,122,26.8284,27.41067857142857,25.663842857142853,27.41067857142857,stop_hit,0.5822785714285721,0.38818571428571474,-71.03798571428564,0.854,1.6365323999999999,-73.52851811428563,-0.9999999999999977,2024-11
2024-11-20 14:40:00,2024-11-20 14:41:00,2024-11-20 15:47:00,SMCI,SHORT,107,26.4172,27.070096428571432,25.111407142857143,27.070096428571432,stop_hit,0.6528964285714292,0.4352642857142861,-69.8599178571431,0.749,1.4133202000000002,-72.0222380571431,-1.0000000000000027,2024-11
2024-11-20 14:42:00,2024-11-20 14:43:00,2024-11-20 14:48:00,SMCI,SHORT,108,26.24,26.884335714285715,24.95132857142857,26.884335714285715,stop_hit,0.644335714285715,0.42955714285714336,-69.5882571428574,0.756,1.4169599999999998,-71.7612171428574,-1.0000000000000027,2024-11
2024-11-20 14:43:00,2024-11-20 14:44:00,2024-11-20 15:47:00,SMCI,SHORT,104,26.42,27.077192857142858,25.105614285714285,27.077192857142858,stop_hit,0.657192857142858,0.438128571428572,-68.34805714285707,0.728,1.3738400000000002,-70.44989714285707,-0.9999999999999977,2024-11
2024-11-20 14:44:00,2024-11-20 14:45:00,2024-11-20 15:47:00,SMCI,SHORT,125,26.554,27.098692857142858,25.464614285714283,27.098692857142858,stop_hit,0.5446928571428583,0.3631285714285722,-68.08660714285742,0.875,1.6596250000000001,-70.62123214285742,-1.0000000000000018,2024-11
2024-11-22 14:31:00,2024-11-22 14:32:00,2024-11-22 14:36:00,SMCI,SHORT,113,31.24,31.834401785714284,30.051196428571426,31.834401785714284,stop_hit,0.5944017857142858,0.39626785714285717,-67.16740178571432,0.791,1.76506,-69.72346178571432,-1.0000000000000004,2024-11
2024-11-22 14:32:00,2024-11-22 14:33:00,2024-11-22 14:36:00,SMCI,SHORT,100,31.2999,31.9660875,29.967525000000002,31.9660875,stop_hit,0.6661874999999999,0.44412499999999994,-66.61874999999995,0.7000000000000001,1.5649950000000001,-68.88374499999995,-0.9999999999999993,2024-11
2024-11-22 14:33:00,2024-11-22 14:34:00,2024-11-22 14:36:00,SMCI,SHORT,93,31.46,32.16480178571429,30.050396428571432,32.16480178571429,stop_hit,0.7048017857142854,0.46986785714285695,-65.5465660714288,0.7,1.46289,-67.7094560714288,-1.0000000000000038,2024-11
2024-11-22 14:34:00,2024-11-22 14:35:00,2024-11-22 14:37:00,SMCI,SHORT,88,31.73,32.47015892857143,30.249682142857143,32.47015892857143,stop_hit,0.7401589285714285,0.49343928571428564,-65.13398571428573,0.7,1.3961200000000002,-67.23010571428573,-1.0000000000000002,2024-11
2024-11-22 14:35:00,2024-11-22 14:36:00,2024-11-22 14:48:00,SMCI,SHORT,84,32.235,32.99983392857143,30.70533214285714,32.99983392857143,stop_hit,0.764833928571429,0.5098892857142859,-64.24604999999988,0.7,1.35387,-66.29991999999989,-0.9999999999999977,2024-11
2024-11-22 14:39:00,2024-11-22 14:40:00,2024-11-22 14:49:00,SMCI,SHORT,70,32.416,33.33084464285714,30.586310714285712,33.33084464285714,stop_hit,0.9148446428571422,0.6098964285714281,-64.03912499999983,0.7,1.13456,-65.87368499999982,-0.9999999999999981,2024-11
2024-11-22 14:40:00,2024-11-22 14:41:00,2024-11-22 14:49:00,SMCI,SHORT,66,32.31,33.2602125,30.409575000000004,33.2602125,stop_hit,0.9502124999999992,0.6334749999999995,-62.71402499999995,0.7,1.06623,-64.48025499999996,-1.0,2024-11
2024-11-22 14:42:00,2024-11-22 14:43:00,2024-11-22 14:49:00,SMCI,SHORT,61,32.426,33.445866071428576,30.38626785714286,33.445866071428576,stop_hit,1.0198660714285708,0.6799107142857138,-62.21183035714299,0.7,0.9889930000000001,-63.900823357143,-1.0000000000000029,2024-11
2024-11-25 14:31:00,2024-11-25 14:32:00,2024-11-25 14:34:00,SMCI,SHORT,79,36.4401,37.21960714285714,34.88108571428572,37.21960714285714,stop_hit,0.7795071428571418,0.5196714285714279,-61.581064285714206,0.7,1.43938395,-63.72044823571421,-1.0,2024-11
2024-11-25 14:32:00,2024-11-25 14:33:00,2024-11-25 14:50:00,SMCI,SHORT,80,36.94,37.70824642857143,35.403507142857144,37.70824642857143,stop_hit,0.7682464285714277,0.5121642857142851,-61.459714285714426,0.7,1.4776,-63.63731428571443,-1.0000000000000036,2024-11
2024-11-25 14:33:00,2024-11-25 14:34:00,2024-11-25 14:50:00,SMCI,SHORT,76,36.976295,37.77347,35.381945,37.77347,stop_hit,0.7971749999999993,0.5314499999999995,-60.58530000000022,0.7,1.4050992100000002,-62.69039921000022,-1.0000000000000044,2024-11
2024-11-25 14:34:00,2024-11-25 14:35:00,2024-11-25 14:52:00,SMCI,SHORT,70,37.1086,37.96814285714286,35.38951428571429,37.96814285714286,stop_hit,0.8595428571428568,0.5730285714285712,-60.16799999999989,0.7,1.298801,-62.16680099999989,-0.9999999999999986,2024-11
2024-11-25 14:36:00,2024-11-25 14:37:00,2024-11-25 14:50:00,SMCI,SHORT,66,36.8625,37.75801071428571,35.071478571428564,37.75801071428571,stop_hit,0.895510714285715,0.5970071428571434,-59.10370714285706,0.7,1.2164624999999998,-61.02016964285706,-0.9999999999999978,2024-11
2024-11-25 14:37:00,2024-11-25 14:38:00,2024-11-25 14:51:00,SMCI,SHORT,63,36.88,37.80979642857143,35.020407142857145,37.80979642857143,stop_hit,0.9297964285714302,0.6198642857142868,-58.577175000000004,0.7,1.16172,-60.43889500000001,-0.9999999999999983,2024-11
2024-11-25 14:39:00,2024-11-25 14:40:00,2024-11-25 14:44:00,SMCI,SHORT,57,35.865,36.882675000000006,33.82965,36.882675000000006,stop_hit,1.0176750000000023,0.6784500000000016,-58.007475000000234,0.7,1.0221525,-59.729627500000234,-1.0000000000000018,2024-11
2024-11-25 14:40:00,2024-11-25 14:41:00,2024-11-25 14:47:00,SMCI,SHORT,55,36.175,37.20974285714286,34.10551428571428,37.20974285714286,stop_hit,1.034742857142859,0.6898285714285726,-56.91085714285727,0.7,0.9948124999999999,-58.60566964285727,-1.0000000000000004,2024-11
2024-11-25 14:41:00,2024-11-25 14:42:00,2024-11-25 14:49:00,SMCI,SHORT,53,36.2,37.26258928571429,34.074821428571425,37.26258928571429,stop_hit,1.0625892857142878,0.7083928571428585,-56.3172321428573,0.7,0.9593,-57.9765321428573,-1.0000000000000009,2024-11
2024-11-25 14:42:00,2024-11-25 14:43:00,2024-11-25 14:50:00,SMCI,SHORT,52,36.455,37.53258928571429,34.29982142857142,37.53258928571429,stop_hit,1.0775892857142877,0.7183928571428585,-56.03464285714304,0.7,0.94783,-57.68247285714305,-1.0000000000000013,2024-11
2024-11-25 14:43:00,2024-11-25 14:44:00,2024-11-25 14:51:00,SMCI,SHORT,51,36.775,37.874007142857145,34.57698571428571,37.874007142857145,stop_hit,1.0990071428571442,0.7326714285714294,-56.04936428571449,0.7,0.9377624999999999,-57.68712678571449,-1.0000000000000024,2024-11
2024-11-25 14:44:00,2024-11-25 14:45:00,2024-11-25 14:50:00,SMCI,SHORT,66,36.77,37.606475,35.09705,37.606475,stop_hit,0.8364750000000013,0.5576500000000009,-55.207350000000005,0.7,1.21341,-57.12076000000001,-0.9999999999999986,2024-11
2024-11-25 14:55:00,2024-11-25 14:56:00,2024-11-26 14:31:00,SMCI,SHORT,83,38.61,39.26790460714285,37.294190785714285,37.294190785714285,target_hit,0.6579046071428561,0.43860307142857075,109.2121647857143,0.7,1.6023150000000002,106.90984978571429,2.000000000000003,2024-11
2024-11-26 14:31:00,2024-11-26 14:32:00,2024-11-26 14:34:00,SMCI,SHORT,72,35.13,35.89757142857143,33.59485714285715,35.89757142857143,stop_hit,0.7675714285714266,0.5117142857142843,-55.265142857142905,0.7,1.26468,-57.229822857142906,-1.0000000000000036,2024-11
2024-11-26 14:32:00,2024-11-26 14:33:00,2024-11-26 14:35:00,SMCI,SHORT,68,35.66,36.46523214285714,34.04953571428572,36.46523214285714,stop_hit,0.8052321428571408,0.5368214285714272,-54.755785714285736,0.7,1.21244,-56.66822571428574,-1.0000000000000029,2024-11
2024-11-26 14:33:00,2024-11-26 14:34:00,2024-11-26 15:27:00,SMCI,SHORT,62,36.08,36.953803571428566,34.33239285714286,34.33239285714286,target_hit,0.8738035714285696,0.582535714285713,108.35164285714278,0.7,1.1184800000000001,106.53316285714277,2.0000000000000027,2024-11
2024-11-26 14:34:00,2024-11-26 14:35:00,2024-11-26 15:31:00,SMCI,SHORT,61,35.9005,36.81716071428571,34.06717857142858,34.06717857142858,target_hit,0.9166607142857123,0.6111071428571415,111.83260714285683,0.7,1.09496525,110.03764189285683,1.999999999999999,2024-11
2024-11-26 14:35:00,2024-11-26 14:36:00,2024-11-26 15:31:00,SMCI,SHORT,60,36.1879,37.13456071428571,34.29457857142857,34.29457857142857,target_hit,0.9466607142857123,0.6311071428571415,113.59928571428554,0.7,1.085637,111.81364871428553,2.0000000000000013,2024-11
2024-11-26 14:36:00,2024-11-26 14:37:00,2024-11-26 15:00:00,SMCI,SHORT,58,35.6702,36.657917857142856,33.69476428571429,36.657917857142856,stop_hit,0.9877178571428553,0.6584785714285702,-57.28763571428556,0.7,1.0344358,-59.02207151428556,-0.9999999999999991,2024-11
2024-11-26 14:37:00,2024-11-26 14:38:00,2024-11-27 14:48:00,SMCI,SHORT,55,35.79,36.82065,33.7287,36.82065,stop_hit,1.0306499999999992,0.6870999999999994,-56.68575000000008,0.7,0.984225,-58.36997500000008,-1.0000000000000022,2024-11
2024-11-26 14:38:00,2024-11-26 14:39:00,2024-11-26 14:58:00,SMCI,SHORT,53,35.36,36.42279285714286,33.23441428571429,36.42279285714286,stop_hit,1.0627928571428567,0.7085285714285712,-56.32802142857157,0.7,0.93704,-57.96506142857157,-1.0000000000000029,2024-11
2024-11-26 14:39:00,2024-11-26 14:40:00,2024-11-26 14:53:00,SMCI,SHORT,51,35.27,36.354864285714285,33.10027142857143,36.354864285714285,stop_hit,1.0848642857142847,0.7232428571428565,-55.328078571428385,0.7,0.8993850000000001,-56.92746357142839,-0.9999999999999976,2024-11
2024-11-26 14:40:00,2024-11-26 14:41:00,2024-11-26 15:00:00,SMCI,SHORT,50,35.6399,36.74833571428571,33.423028571428574,36.74833571428571,stop_hit,1.1084357142857133,0.7389571428571422,-55.421785714285576,0.7,0.8909975,-57.01278321428558,-0.9999999999999984,2024-11
2024-11-26 14:41:00,2024-11-26 14:42:00,2024-11-26 14:58:00,SMCI,SHORT,48,35.3,36.44700714285714,33.005985714285714,36.44700714285714,stop_hit,1.1470071428571418,0.7646714285714279,-55.056342857142795,0.7,0.8472,-56.6035428571428,-0.9999999999999998,2024-11
2024-11-26 14:42:00,2024-11-26 14:43:00,2024-11-26 14:58:00,SMCI,SHORT,47,35.22,36.38307857142857,32.89384285714286,36.38307857142857,stop_hit,1.1630785714285703,0.7753857142857135,-54.664692857142825,0.7,0.82767,-56.192362857142825,-1.0000000000000004,2024-11
2024-11-26 14:44:00,2024-11-26 14:45:00,2024-11-26 15:00:00,SMCI,SHORT,55,35.6734,36.64897857142857,33.72224285714286,36.64897857142857,stop_hit,0.9755785714285695,0.650385714285713,-53.65682142857139,0.7,0.9810185,-55.33783992857139,-1.0000000000000013,2024-11
2024-11-26 14:45:00,2024-11-26 14:46:00,2024-11-26 15:00:00,SMCI,SHORT,63,35.76,36.60700714285714,34.065985714285716,36.60700714285714,stop_hit,0.8470071428571414,0.5646714285714276,-53.3614500000001,0.7,1.1264399999999999,-55.1878900000001,-1.0000000000000036,2024-11
2024-11-29 14:31:00,2024-11-29 14:32:00,2024-11-29 14:40:00,SMCI,SHORT,82,33.21,33.85488214285714,31.920235714285713,31.920235714285713,target_hit,0.6448821428571431,0.42992142857142873,105.76067142857158,0.7,1.3616100000000002,103.69906142857158,2.000000000000002,2024-11
2024-11-29 14:32:00,2024-11-29 14:33:00,2024-11-29 14:42:00,SMCI,SHORT,76,33.0,33.70809642857143,31.583807142857143,31.583807142857143,target_hit,0.7080964285714284,0.4720642857142856,107.63065714285712,0.7,1.254,105.67665714285711,2.0,2024-11
2024-11-29 14:33:00,2024-11-29 14:34:00,2024-11-29 14:49:00,SMCI,SHORT,74,32.76,33.502382142857144,31.275235714285714,31.275235714285714,target_hit,0.7423821428571427,0.49492142857142846,109.87255714285705,0.7,1.2121199999999999,107.96043714285705,1.999999999999999,2024-11
2024-11-29 14:34:00,2024-11-29 14:35:00,2024-11-29 14:40:00,SMCI,LONG,74,32.755,32.00511785714286,34.25476428571429,32.00511785714286,stop_hit,0.7498821428571427,0.4999214285714285,-55.49127857142881,0.7,1.2119350000000002,-57.40321357142881,-1.0000000000000044,2024-11
2024-11-29 14:35:00,2024-11-29 14:36:00,2024-11-29 15:53:00,SMCI,SHORT,71,32.64,33.41773928571428,31.084521428571428,32.8404,time_exit,0.7777392857142855,0.518492857142857,-14.228400000000136,0.7,1.15872,-16.087120000000134,-0.2576698948876577,2024-11
2024-11-29 14:50:00,2024-11-29 14:51:00,2024-11-29 15:13:00,SMCI,SHORT,95,31.84,32.41795,30.6841,32.41795,stop_hit,0.5779499999999997,0.38529999999999986,-54.90524999999978,0.7,1.5124000000000002,-57.117649999999784,-0.9999999999999966,2024-11
2024-11-06 14:33:00,2024-11-06 14:34:00,2024-11-06 14:43:00,SYF,SHORT,48,65.7,66.82714285714286,63.445714285714295,66.82714285714286,stop_hit,1.1271428571428537,0.7514285714285691,-54.10285714285715,0.7,1.5768000000000002,-56.37965714285715,-1.000000000000003,2024-11
2024-11-06 14:34:00,2024-11-06 14:35:00,2024-11-11 15:53:00,SYF,SHORT,44,65.93,67.16321428571429,63.46357142857144,66.13,time_exit,1.2332142857142832,0.8221428571428555,-8.7999999999995,0.7,1.45046,-10.950459999999499,-0.1621778163915347,2024-11
2024-11-06 14:49:00,2024-11-06 14:50:00,2024-11-06 15:08:00,SYF,SHORT,67,65.66,66.46891785714286,64.04216428571428,66.46891785714286,stop_hit,0.8089178571428564,0.5392785714285709,-54.197496428571554,0.7,2.19961,-57.09710642857156,-1.0000000000000033,2024-11
2024-11-07 14:31:00,2024-11-07 14:32:00,2024-11-07 14:33:00,TAP,SHORT,92,54.8,55.3775,53.645,55.3775,stop_hit,0.5774999999999986,0.384999999999999,-53.13000000000005,0.7,2.5208,-56.350800000000056,-1.0000000000000036,2024-11
2024-11-07 14:32:00,2024-11-07 14:33:00,2024-11-07 14:35:00,TAP,SHORT,73,55.715,56.441428571428574,54.26214285714286,56.441428571428574,stop_hit,0.7264285714285692,0.4842857142857128,-53.02928571428565,0.7,2.0335975,-55.76288321428565,-1.0000000000000018,2024-11
2024-11-07 14:33:00,2024-11-07 14:34:00,2024-11-07 14:38:00,TAP,SHORT,64,56.15,56.967499999999994,54.515,56.967499999999994,stop_hit,0.8174999999999981,0.5449999999999987,-52.31999999999971,0.7,1.7968,-54.81679999999971,-0.9999999999999968,2024-11
2024-11-07 14:34:00,2024-11-07 14:35:00,2024-11-07 14:38:00,TAP,SHORT,60,56.15,57.004464285714285,54.44107142857143,57.004464285714285,stop_hit,0.8544642857142835,0.5696428571428557,-51.26785714285717,0.7,1.6845,-53.65235714285717,-1.000000000000003,2024-11
2024-11-07 14:35:00,2024-11-07 14:36:00,2024-11-07 14:38:00,TAP,SHORT,55,56.325,57.246964285714284,54.48107142857143,57.246964285714284,stop_hit,0.9219642857142846,0.6146428571428564,-50.70803571428549,0.7,1.5489375,-52.95697321428549,-0.9999999999999968,2024-11
2024-11-07 14:36:00,2024-11-07 14:37:00,2024-11-07 14:38:00,TAP,SHORT,51,56.5,57.49,54.52,57.49,stop_hit,0.9899999999999987,0.6599999999999991,-50.4900000000001,0.7,1.44075,-52.630750000000106,-1.0000000000000033,2024-11
2024-11-07 14:41:00,2024-11-07 14:42:00,2024-11-08 14:31:00,TAP,SHORT,42,57.07,58.261964285714285,54.68607142857143,58.261964285714285,stop_hit,1.1919642857142856,0.7946428571428571,-50.06249999999996,0.7,1.1984700000000001,-51.96096999999996,-0.9999999999999992,2024-11
2024-11-07 14:42:00,2024-11-07 14:43:00,2024-11-08 14:31:00,TAP,SHORT,41,57.0525,58.26482142857143,54.627857142857145,58.26482142857143,stop_hit,1.2123214285714292,0.8082142857142861,-49.70517857142856,0.7,1.1695762500000002,-51.57475482142856,-0.9999999999999992,2024-11
2024-11-20 14:41:00,2024-11-20 14:42:00,2024-11-25 14:31:00,TGT,SHORT,11,123.01,127.37547142857143,114.27905714285716,127.37547142857143,stop_hit,4.365471428571422,2.9103142857142816,-48.020185714285674,0.7,0.6765550000000001,-49.39674071428568,-1.0000000000000007,2024-11
2024-11-07 14:32:00,2024-11-07 14:33:00,2024-11-12 14:31:00,TPR,SHORT,109,52.06,52.507439285714284,51.16512142857143,51.16512142857143,target_hit,0.44743928571428393,0.29829285714285597,97.54176428571418,0.763,2.83727,93.94149428571417,2.0000000000000058,2024-11
2024-11-07 14:33:00,2024-11-07 14:34:00,2024-11-12 14:31:00,TPR,SHORT,103,52.12,52.601189285714284,51.15762142857143,51.15762142857143,target_hit,0.4811892857142845,0.3207928571428563,99.1249928571423,0.721,2.68418,95.7198128571423,1.9999999999999938,2024-11
2024-11-14 14:32:00,2024-11-14 14:33:00,2024-11-14 14:41:00,TPR,SHORT,85,55.92,56.51233928571429,54.73532142857143,56.51233928571429,stop_hit,0.5923392857142858,0.3948928571428572,-50.34883928571453,0.7,2.3766,-53.42543928571453,-1.0000000000000047,2024-11
2024-11-14 14:33:00,2024-11-14 14:34:00,2024-11-14 14:41:00,TPR,SHORT,76,55.835,56.493767857142856,54.51746428571429,56.493767857142856,stop_hit,0.658767857142857,0.4391785714285713,-50.066357142857015,0.7,2.12173,-52.88808714285702,-0.9999999999999977,2024-11
2024-11-22 14:32:00,2024-11-22 14:33:00,2024-11-22 14:49:00,TPR,SHORT,94,59.03,59.55343571428572,57.98312857142857,59.55343571428572,stop_hit,0.5234357142857147,0.34895714285714313,-49.20295714285747,0.7,2.77441,-52.67736714285748,-1.000000000000006,2024-11
2024-11-11 14:33:00,2024-11-11 14:34:00,2024-11-11 14:44:00,TSLA,LONG,7,348.74,342.21893214285717,361.7821357142857,342.21893214285717,stop_hit,6.521067857142849,4.347378571428566,-45.64747499999987,0.7,1.22059,-47.568064999999876,-0.9999999999999986,2024-11
2024-11-11 14:39:00,2024-11-11 14:40:00,2024-11-13 15:00:00,TSLA,SHORT,6,349.1711,356.86389285714284,333.7855142857143,333.7855142857143,target_hit,7.692792857142844,5.128528571428562,92.31351428571418,0.7,1.0475133,90.56600098571417,2.0000000000000013,2024-11
2024-11-11 14:48:00,2024-11-11 14:49:00,2024-11-11 15:05:00,TSLA,LONG,10,343.3435,338.67686071428574,352.67677857142854,338.67686071428574,stop_hit,4.66663928571426,3.11109285714284,-46.66639285714268,0.7,1.7167175000000001,-49.08311035714269,-1.0000000000000018,2024-11
2024-11-18 14:32:00,2024-11-18 14:33:00,2024-11-18 15:31:00,TSLA,LONG,11,338.89,334.43520357142853,347.7995928571429,347.7995928571429,target_hit,4.454796428571441,2.9698642857142943,98.00552142857202,0.7,1.863895,95.44162642857202,2.000000000000006,2024-11
2024-11-18 14:33:00,2024-11-18 14:34:00,2024-11-18 14:38:00,TSLA,SHORT,10,339.6198,344.23163571428574,330.39612857142856,344.23163571428574,stop_hit,4.611835714285724,3.074557142857149,-46.11835714285746,0.7,1.698099,-48.516456142857464,-1.0000000000000049,2024-11
2024-11-18 14:34:00,2024-11-18 14:35:00,2024-11-18 14:38:00,TSLA,SHORT,10,339.98,344.62934642857147,330.6813071428571,344.62934642857147,stop_hit,4.649346428571437,3.0995642857142918,-46.49346428571448,0.7,1.6999000000000002,-48.89336428571448,-1.0000000000000022,2024-11
2024-11-18 14:36:00,2024-11-18 14:37:00,2024-11-25 14:31:00,TSLA,SHORT,9,343.6501,348.6114785714286,333.72734285714284,348.6114785714286,stop_hit,4.9613785714285825,3.3075857142857217,-44.6524071428575,0.7,1.54642545,-46.8988325928575,-1.0000000000000058,2024-11
2024-11-12 14:32:00,2024-11-12 14:33:00,2024-11-12 14:35:00,TSN,SHORT,73,62.98,63.637921428571424,61.66415714285714,63.637921428571424,stop_hit,0.6579214285714277,0.4386142857142851,-48.02826428571419,0.7,2.29877,-51.02703428571419,-0.9999999999999993,2024-11
2024-11-12 14:33:00,2024-11-12 14:34:00,2024-11-12 14:37:00,TSN,SHORT,68,63.28,63.98377857142857,61.87244285714286,63.98377857142857,stop_hit,0.7037785714285703,0.46918571428571354,-47.85694285714288,0.7,2.15152,-50.708462857142884,-1.0000000000000022,2024-11
2024-11-12 14:34:00,2024-11-12 14:35:00,2024-11-12 14:41:00,TSN,SHORT,64,63.6294,64.36317857142856,62.16184285714286,64.36317857142856,stop_hit,0.7337785714285712,0.4891857142857141,-46.961828571428214,0.7,2.0361408,-49.697969371428215,-0.9999999999999928,2024-11
2024-11-12 14:35:00,2024-11-12 14:36:00,2024-11-12 14:58:00,TSN,SHORT,59,63.675,64.47252857142857,62.07994285714285,64.47252857142857,stop_hit,0.7975285714285709,0.531685714285714,-47.05418571428574,0.7,1.8784125,-49.63259821428574,-1.000000000000001,2024-11
2024-11-12 14:36:00,2024-11-12 14:37:00,2024-11-12 14:58:00,TSN,SHORT,55,63.63,64.46863928571429,61.95272142857143,64.46863928571429,stop_hit,0.8386392857142857,0.5590928571428572,-46.12516071428576,0.7,1.7498250000000002,-48.574985714285766,-1.000000000000001,2024-11
2024-11-08 14:32:00,2024-11-08 14:33:00,2024-11-20 15:53:00,TTD,LONG,19,119.53,117.1599142857143,124.27017142857143,124.23,time_exit,2.3700857142857115,1.580057142857141,89.30000000000005,0.7,1.1355350000000002,87.46446500000005,1.983050643135273,2024-11
2024-11-08 14:34:00,2024-11-08 14:35:00,2024-11-20 15:53:00,TTD,LONG,18,119.89,117.34639642857142,124.97720714285714,124.23,time_exit,2.5436035714285703,1.6957357142857137,78.12000000000006,0.7,1.07901,76.34099000000006,1.706240724281779,2024-11
2024-11-08 14:44:00,2024-11-08 14:45:00,2024-11-20 14:34:00,TTD,LONG,24,118.7156,116.77867142857143,122.58945714285713,122.58945714285713,target_hit,1.9369285714285702,1.2912857142857135,92.9725714285712,0.7,1.4245872,90.84798422857119,1.9999999999999962,2024-11
2024-11-06 14:31:00,2024-11-06 14:32:00,2024-11-25 14:31:00,UAL,SHORT,49,85.4,86.37352142857144,83.45295714285716,86.37352142857144,stop_hit,0.9735214285714244,0.649014285714283,-47.7025500000001,0.7,2.0923000000000003,-50.494850000000106,-1.0000000000000064,2024-11
2024-11-06 14:32:00,2024-11-06 14:33:00,2024-11-25 14:31:00,UAL,SHORT,45,85.97,87.03888928571428,83.83222142857143,87.03888928571428,stop_hit,1.068889285714282,0.7125928571428547,-48.10001785714249,0.7,1.934325,-50.734342857142494,-0.9999999999999959,2024-11
2024-11-06 14:33:00,2024-11-06 14:34:00,2024-11-25 14:31:00,UAL,SHORT,41,85.55,86.690675,83.26865000000001,86.690675,stop_hit,1.1406749999999966,0.7604499999999977,-46.76767500000007,0.7,1.7537749999999999,-49.22145000000007,-1.0000000000000044,2024-11
2024-11-06 14:34:00,2024-11-06 14:35:00,2024-11-25 14:31:00,UAL,SHORT,38,85.58,86.79460357142857,83.15079285714286,86.79460357142857,stop_hit,1.214603571428568,0.8097357142857119,-46.154935714285614,0.7,1.62602,-48.480955714285614,-1.0000000000000007,2024-11
2024-11-06 14:31:00,2024-11-06 14:32:00,2024-11-06 14:50:00,VST,SHORT,35,124.5271,125.83447235714287,121.91235528571428,121.91235528571428,target_hit,1.307372357142861,0.8715815714285741,91.51606500000021,0.7,2.1792242500000003,88.6368407500002,1.9999999999999987,2024-11
2024-11-06 14:32:00,2024-11-06 14:33:00,2024-11-06 14:34:00,VST,LONG,33,125.49,124.05583478571428,128.35833042857143,124.05583478571428,stop_hit,1.434165214285719,0.956110142857146,-47.327452071428525,0.7,2.070585,-50.09803707142853,-0.9999999999999957,2024-11
2024-11-07 14:41:00,2024-11-07 14:42:00,2024-11-07 15:36:00,VST,SHORT,9,133.78,138.7203035714286,123.89939285714286,138.7203035714286,stop_hit,4.940303571428574,3.2935357142857162,-44.46273214285728,0.7,0.60201,-45.76474214285728,-1.0000000000000024,2024-11
2024-11-07 14:52:00,2024-11-07 14:53:00,2024-11-07 15:01:00,VST,LONG,18,132.625,130.03776785714285,137.7994642857143,130.03776785714285,stop_hit,2.5872321428571405,1.7248214285714272,-46.57017857142864,0.7,1.193625,-48.46380357142864,-1.0000000000000024,2024-11
2024-11-07 15:37:00,2024-11-07 15:38:00,2024-11-07 15:45:00,VST,SHORT,30,138.5,140.0173357142857,135.46532857142859,140.0173357142857,stop_hit,1.5173357142857111,1.0115571428571408,-45.520071428571214,0.7,2.0775,-48.29757142857122,-0.9999999999999973,2024-11
2024-11-11 14:32:00,2024-11-11 14:33:00,2024-11-11 14:35:00,VST,LONG,23,148.0,146.04875714285714,151.9024857142857,146.04875714285714,stop_hit,1.9512428571428484,1.3008285714285657,-44.87858571428575,0.7,1.702,-47.28058571428575,-1.0000000000000053,2024-11
2024-11-11 14:34:00,2024-11-11 14:35:00,2024-11-11 15:17:00,VST,LONG,20,146.26,144.05517142857144,150.66965714285712,144.05517142857144,stop_hit,2.204828571428561,1.4698857142857074,-44.096571428570996,0.7,1.4626,-46.259171428571,-0.999999999999995,2024-11
2024-11-13 14:33:00,2024-11-13 14:34:00,2024-11-13 14:39:00,VST,SHORT,30,144.0,145.46058214285713,141.0788357142857,145.46058214285713,stop_hit,1.4605821428571437,0.9737214285714292,-43.81746428571404,0.7,2.16,-46.67746428571404,-0.9999999999999938,2024-11
2024-11-27 14:35:00,2024-11-27 14:36:00,2024-11-27 14:56:00,WDAY,SHORT,8,243.05,248.03832500000001,233.07334999999998,248.03832500000001,stop_hit,4.9883250000000166,3.325550000000011,-39.906600000000026,0.7,0.9722000000000001,-41.57880000000003,-0.9999999999999973,2024-11
2024-11-27 14:37:00,2024-11-27 14:38:00,2024-11-27 14:56:00,WDAY,SHORT,7,241.0601,246.62057857142858,229.93914285714283,246.62057857142858,stop_hit,5.560478571428589,3.7069857142857257,-38.92335000000003,0.7,0.84371035,-40.46706035000003,-0.9999999999999976,2024-11
2024-11-06 14:31:00,2024-11-06 14:32:00,2024-11-06 15:15:00,WFC,SHORT,33,72.62,73.9174892857143,70.02502142857143,70.02502142857143,target_hit,1.2974892857142868,0.8649928571428579,85.6342928571428,0.7,1.1982300000000001,83.7360628571428,1.999999999999997,2024-11
2024-11-20 14:35:00,2024-11-20 14:36:00,2024-11-22 15:53:00,WSM,SHORT,7,169.17,174.9970607142857,157.51587857142854,172.29,time_exit,5.827060714285716,3.8847071428571445,-21.840000000000032,0.7,0.5920949999999999,-23.13209500000003,-0.5354328971295875,2024-11
2024-11-20 14:37:00,2024-11-20 14:38:00,2024-11-22 15:53:00,WSM,LONG,7,169.755,163.8212357142857,181.62252857142857,172.29,time_exit,5.933764285714289,3.955842857142859,17.744999999999976,0.7,0.5941424999999999,16.450857499999977,0.42721616126597467,2024-11
2024-11-05 14:31:00,2024-11-05 14:32:00,2024-11-05 15:06:00,WYNN,SHORT,40,91.02,92.11067785714286,88.83864428571428,88.83864428571428,target_hit,1.0906778571428584,0.7271185714285723,87.2542285714286,0.7,1.8203999999999998,84.73382857142859,1.9999999999999984,2024-11
2024-11-05 14:32:00,2024-11-05 14:33:00,2024-11-05 14:35:00,WYNN,SHORT,34,89.77,91.07633928571428,87.15732142857142,91.07633928571428,stop_hit,1.3063392857142868,0.8708928571428578,-44.41553571428577,0.7,1.52609,-46.641625714285766,-1.0000000000000004,2024-11
2024-12-19 14:32:00,2024-12-19 14:33:00,2024-12-19 14:34:00,ACN,SHORT,20,366.51,368.7155357142857,362.09892857142853,368.7155357142857,stop_hit,2.2055357142857304,1.4703571428571536,-44.11071428571404,0.7,3.6651,-48.475814285714044,-0.9999999999999871,2024-12
2024-12-19 14:38:00,2024-12-19 14:39:00,2024-12-19 15:53:00,ACN,SHORT,10,372.29,376.29875000000004,364.2725,372.0,time_exit,4.008750000000033,2.6725000000000216,2.9000000000002046,0.7,1.86145,0.3385500000002044,0.07234175241659323,2024-12
2024-12-12 14:31:00,2024-12-12 14:32:00,2024-12-12 14:48:00,ADBE,LONG,5,491.965,483.7604928571428,508.3740142857142,483.7604928571428,stop_hit,8.204507142857125,5.4696714285714165,-41.022535714285766,0.7,1.2299125,-42.952448214285766,-1.0000000000000036,2024-12
2024-12-12 14:32:00,2024-12-12 14:33:00,2024-12-12 14:48:00,ADBE,LONG,5,493.01,484.48085,510.06829999999997,484.48085,stop_hit,8.52914999999999,5.686099999999994,-42.64575000000008,0.7,1.232525,-44.57827500000008,-1.0000000000000029,2024-12
2024-12-12 14:33:00,2024-12-12 14:34:00,2024-12-12 14:48:00,ADBE,LONG,4,493.0001,484.18305714285714,510.63418571428565,484.18305714285714,stop_hit,8.81704285714285,5.878028571428566,-35.26817142857135,0.7,0.9860002,-36.95417162857135,-0.9999999999999986,2024-12
2024-12-12 14:36:00,2024-12-12 14:37:00,2024-12-12 14:58:00,ADBE,LONG,4,490.26,480.98706428571427,508.8058714285714,480.98706428571427,stop_hit,9.272935714285707,6.181957142857137,-37.09174285714289,0.7,0.98052,-38.77226285714289,-1.0000000000000018,2024-12
2024-12-12 14:38:00,2024-12-12 14:39:00,2024-12-12 15:51:00,ADBE,LONG,4,487.275,477.702075,506.42085,477.702075,stop_hit,9.572924999999996,6.381949999999997,-38.29169999999999,0.7,0.97455,-39.966249999999995,-1.0000000000000002,2024-12
2024-12-09 14:34:00,2024-12-09 14:35:00,2024-12-24 14:31:00,AMD,LONG,31,132.6328,131.30605000000003,135.28629999999998,131.30605000000003,stop_hit,1.326749999999989,0.8844999999999926,-41.129249999999246,0.7,2.0558084,-43.88505839999925,-0.99999999999999,2024-12
2024-12-04 14:31:00,2024-12-04 14:32:00,2024-12-04 14:33:00,ANET,SHORT,51,107.75,108.55556428571428,106.13887142857143,108.55556428571428,stop_hit,0.8055642857142848,0.5370428571428566,-41.083778571428425,0.7,2.747625,-44.53140357142843,-0.9999999999999976,2024-12
2024-12-04 14:32:00,2024-12-04 14:33:00,2024-12-04 15:39:00,ANET,SHORT,43,108.43,109.37845,106.5331,106.5331,target_hit,0.9484499999999981,0.6322999999999988,81.5667000000001,0.7,2.3312450000000005,78.5354550000001,2.000000000000006,2024-12
2024-12-04 14:33:00,2024-12-04 14:34:00,2024-12-13 14:31:00,ANET,SHORT,37,107.9999,109.10777857142857,105.78414285714285,109.10777857142857,stop_hit,1.1078785714285695,0.738585714285713,-40.991507142857145,0.7,1.99799815,-43.68950529285715,-1.0000000000000018,2024-12
2024-12-04 14:34:00,2024-12-04 14:35:00,2024-12-13 14:31:00,ANET,SHORT,32,108.1899,109.46482499999999,105.64005,109.46482499999999,stop_hit,1.274924999999998,0.8499499999999988,-40.797599999999875,0.7,1.7310383999999999,-43.22863839999988,-0.9999999999999984,2024-12
2024-12-13 14:31:00,2024-12-13 14:32:00,2024-12-13 14:35:00,ANET,SHORT,54,111.625,112.37646785714286,110.12206428571429,112.37646785714286,stop_hit,0.751467857142857,0.5009785714285714,-40.57926428571423,0.7,3.013875,-44.29313928571423,-0.9999999999999988,2024-12
2024-12-13 14:32:00,2024-12-13 14:33:00,2024-12-19 14:31:00,ANET,SHORT,51,111.825,112.61236071428571,110.25027857142857,110.25027857142857,target_hit,0.7873607142857152,0.5249071428571435,80.31079285714326,0.7,2.8515375,76.75925535714325,2.0000000000000075,2024-12
2024-12-13 14:33:00,2024-12-13 14:34:00,2024-12-13 14:40:00,ANET,SHORT,48,112.2299,113.07833214285715,110.53303571428572,110.53303571428572,target_hit,0.8484321428571446,0.5656214285714297,81.44948571428563,0.7,2.6935176000000003,78.05596811428562,1.9999999999999938,2024-12
2024-12-13 14:34:00,2024-12-13 14:35:00,2024-12-19 15:02:00,ANET,SHORT,45,112.0005,112.91750357142857,110.16649285714286,110.16649285714286,target_hit,0.9170035714285731,0.6113357142857154,82.53032142857158,0.7,2.52001125,79.31031017857158,2.0,2024-12
2024-12-09 14:31:00,2024-12-09 14:32:00,2024-12-09 14:33:00,APO,SHORT,23,181.48,183.28747857142858,177.86504285714284,183.28747857142858,stop_hit,1.807478571428577,1.204985714285718,-41.57200714285756,0.7,2.08702,-44.35902714285756,-1.0000000000000069,2024-12
2024-12-09 14:32:00,2024-12-09 14:33:00,2024-12-09 15:48:00,APO,SHORT,18,183.975,186.3048,179.31539999999998,179.31539999999998,target_hit,2.329800000000006,1.553200000000004,83.87280000000021,0.7,1.655775,81.5170250000002,2.0,2024-12
2024-12-09 14:33:00,2024-12-09 14:34:00,2024-12-09 14:45:00,APO,SHORT,16,182.23,184.83033571428572,177.02932857142855,184.83033571428572,stop_hit,2.6003357142857206,1.7335571428571472,-41.60537142857174,0.7,1.45784,-43.76321142857174,-1.000000000000005,2024-12
2024-12-09 14:35:00,2024-12-09 14:36:00,2024-12-09 15:53:00,APO,SHORT,14,183.09,186.15185357142857,176.96629285714286,178.6499,time_exit,3.061853571428575,2.0412357142857167,62.161400000000015,0.7,1.28163,60.17977000000001,1.450134663993215,2024-12
2024-12-04 14:33:00,2024-12-04 14:34:00,2024-12-11 14:31:00,AVGO,SHORT,28,173.005,174.52243214285713,169.9701357142857,174.52243214285713,stop_hit,1.51743214285714,1.0116214285714267,-42.48809999999969,0.7,2.4220699999999997,-45.61016999999969,-0.9999999999999946,2024-12
2024-12-13 14:31:00,2024-12-13 14:32:00,2024-12-13 14:45:00,AVGO,SHORT,9,214.82,219.56015,205.3397,219.56015,stop_hit,4.740149999999996,3.1600999999999977,-42.66135,0.7,0.9666899999999999,-44.32804,-1.0000000000000007,2024-12
2024-12-13 14:33:00,2024-12-13 14:34:00,2024-12-13 15:21:00,AVGO,SHORT,8,216.0,221.23845,205.5231,221.23845,stop_hit,5.23845,3.4923,-41.9076,0.7,0.864,-43.4716,-1.0,2024-12
2024-12-13 14:49:00,2024-12-13 14:50:00,2024-12-13 15:21:00,AVGO,SHORT,16,218.9,221.5181777857143,213.66364442857144,221.5181777857143,stop_hit,2.6181777857142867,1.7454518571428577,-41.890844571428715,0.7,1.7512,-44.342044571428715,-1.000000000000003,2024-12
2024-12-16 14:32:00,2024-12-16 14:33:00,2024-12-16 14:44:00,AVGO,SHORT,12,237.3279,240.744675,230.49435,240.744675,stop_hit,3.416775000000005,2.277850000000003,-41.001300000000015,0.7,1.4239674,-43.12526740000002,-0.999999999999999,2024-12
2024-12-16 14:49:00,2024-12-16 14:50:00,2024-12-16 15:08:00,AVGO,LONG,17,242.449,240.11134642857144,247.12430714285716,247.12430714285716,target_hit,2.337653571428576,1.5584357142857175,79.48022142857155,0.7,2.0608165,76.71940492857155,1.9999999999999993,2024-12
2024-12-20 14:31:00,2024-12-20 14:32:00,2024-12-20 14:41:00,CCL,SHORT,172,26.0,26.24347142857143,25.513057142857143,26.24347142857143,stop_hit,0.24347142857142834,0.16231428571428555,-41.87708571428571,1.204,2.236,-45.31708571428571,-1.0000000000000009,2024-12
2024-12-20 14:32:00,2024-12-20 14:33:00,2024-12-20 14:41:00,CCL,SHORT,148,25.945,26.225435714285716,25.384128571428572,26.225435714285716,stop_hit,0.2804357142857143,0.18695714285714285,-41.50448571428592,1.036,1.9199300000000001,-44.46041571428592,-1.0000000000000049,2024-12
2024-12-20 14:33:00,2024-12-20 14:34:00,2024-12-20 14:39:00,CCL,SHORT,137,25.82,26.12025714285714,25.219485714285714,26.12025714285714,stop_hit,0.3002571428571427,0.20017142857142847,-41.13522857142838,0.9590000000000001,1.7686700000000002,-43.86289857142838,-0.9999999999999958,2024-12
2024-12-20 14:34:00,2024-12-20 14:35:00,2024-12-20 14:39:00,CCL,SHORT,118,25.7725,26.116675,25.08415,26.116675,stop_hit,0.3441749999999999,0.22944999999999993,-40.61264999999999,0.8260000000000001,1.5205775000000001,-42.95922749999999,-1.0,2024-12
2024-12-04 14:33:00,2024-12-04 14:34:00,2024-12-12 14:31:00,CEG,SHORT,23,256.036,257.7601321428571,252.5877357142857,252.5877357142857,target_hit,1.7241321428571408,1.1494214285714273,79.31007857142862,0.7,2.944414,75.66566457142862,2.0000000000000036,2024-12
2024-12-12 14:32:00,2024-12-12 14:33:00,2024-12-12 14:39:00,CEG,SHORT,25,240.73,242.331475,237.52704999999997,242.331475,stop_hit,1.6014750000000095,1.0676500000000064,-40.03687500000055,0.7,3.009125,-43.74600000000055,-1.0000000000000078,2024-12
2024-12-17 14:32:00,2024-12-17 14:33:00,2024-12-17 14:36:00,CI,SHORT,12,266.83,270.0835,260.323,270.0835,stop_hit,3.2535000000000047,2.169000000000003,-39.04200000000037,0.7,1.60098,-41.342980000000374,-1.000000000000008,2024-12
2024-12-17 14:33:00,2024-12-17 14:34:00,2024-12-18 14:31:00,CI,LONG,11,267.75,264.1359642857143,274.9780714285714,274.9780714285714,target_hit,3.6140357142857136,2.4093571428571425,79.50878571428552,0.7,1.472625,77.33616071428553,1.9999999999999956,2024-12
2024-12-17 14:34:00,2024-12-17 14:35:00,2024-12-17 14:56:00,CI,LONG,10,269.2551,265.40481428571434,276.95567142857146,265.40481428571434,stop_hit,3.850285714285712,2.5668571428571414,-38.5028571428569,0.7,1.3462755000000002,-40.5491326428569,-0.9999999999999942,2024-12
2024-12-17 14:35:00,2024-12-17 14:36:00,2024-12-17 14:54:00,CI,LONG,10,270.1999,266.1837892857143,278.2321214285714,266.1837892857143,stop_hit,4.016110714285714,2.6774071428571427,-40.161107142857304,0.7,1.3509995000000001,-42.21210664285731,-1.000000000000004,2024-12
2024-12-17 14:36:00,2024-12-17 14:37:00,2024-12-17 14:56:00,CI,LONG,9,269.61,265.4034107142857,278.0231785714286,265.4034107142857,stop_hit,4.206589285714293,2.804392857142862,-37.85930357142871,0.7,1.2132450000000001,-39.772548571428715,-1.000000000000002,2024-12
2024-12-17 14:39:00,2024-12-17 14:40:00,2024-12-17 14:55:00,CI,LONG,8,270.035,265.54611071428576,279.0127785714286,265.54611071428576,stop_hit,4.4888892857142855,2.992592857142857,-35.91111428571412,0.7,1.08014,-37.69125428571412,-0.9999999999999954,2024-12
2024-12-18 14:33:00,2024-12-18 14:34:00,2024-12-18 14:39:00,CI,SHORT,13,276.51,279.5059714285714,270.5180571428572,279.5059714285714,stop_hit,2.9959714285714165,1.9973142857142778,-38.94762857142831,0.7,1.797315,-41.44494357142831,-0.9999999999999973,2024-12
2024-12-04 14:31:00,2024-12-04 14:32:00,2024-12-04 14:33:00,CMG,SHORT,129,63.23,63.531639285714284,62.62672142857143,63.531639285714284,stop_hit,0.3016392857142858,0.20109285714285718,-38.911467857143094,0.903,4.078335,-43.892802857143096,-1.000000000000006,2024-12
2024-12-04 14:34:00,2024-12-04 14:35:00,2024-12-04 15:53:00,CMG,SHORT,86,63.78,64.22521071428571,62.88957857142857,63.59,time_exit,0.4452107142857131,0.2968071428571421,16.339999999999804,0.7,2.74254,12.897459999999805,0.42676421277243926,2024-12
2024-12-12 14:31:00,2024-12-12 14:32:00,2024-12-12 14:34:00,CNC,SHORT,66,59.035,59.62038571428571,57.86422857142857,57.86422857142857,target_hit,0.5853857142857135,0.3902571428571423,77.27091428571421,0.7,1.948155,74.62275928571421,2.000000000000001,2024-12
2024-12-12 14:33:00,2024-12-12 14:34:00,2024-12-12 14:45:00,CNC,SHORT,54,57.93,58.65735,56.475300000000004,58.65735,stop_hit,0.7273499999999987,0.48489999999999917,-39.27690000000007,0.7,1.56411,-41.54101000000007,-1.0000000000000036,2024-12
2024-12-19 14:35:00,2024-12-19 14:36:00,2024-12-19 14:41:00,COIN,LONG,10,293.5213,289.85990714285714,300.8440857142857,289.85990714285714,stop_hit,3.661392857142851,2.4409285714285676,-36.61392857142857,0.7,1.4676064999999998,-38.78153507142858,-1.0000000000000018,2024-12
2024-12-19 14:37:00,2024-12-19 14:38:00,2024-12-19 14:45:00,COIN,LONG,9,292.27,288.29522499999996,300.21954999999997,288.29522499999996,stop_hit,3.9747750000000046,2.649850000000003,-35.7729750000002,0.7,1.315215,-37.788190000000206,-1.0000000000000044,2024-12
2024-12-19 14:39:00,2024-12-19 14:40:00,2024-12-19 14:51:00,COIN,LONG,9,290.83,286.6299571428571,299.23008571428574,286.6299571428571,stop_hit,4.200042857142863,2.8000285714285758,-37.80038571428588,0.7,1.308735,-39.80912071428588,-1.0000000000000029,2024-12
2024-12-19 14:44:00,2024-12-19 14:45:00,2024-12-19 15:06:00,COIN,LONG,11,287.52,284.2393607142857,294.0812785714286,284.2393607142857,stop_hit,3.280639285714293,2.187092857142862,-36.08703214285731,0.7,1.5813599999999999,-38.36839214285731,-1.0000000000000024,2024-12
2024-12-20 14:32:00,2024-12-20 14:33:00,2024-12-20 15:12:00,COIN,LONG,9,266.9048,262.8551428571429,275.0041142857143,275.0041142857143,target_hit,4.049657142857151,2.699771428571434,72.89382857142857,0.7,1.2010716000000004,70.99275697142856,1.999999999999996,2024-12
2024-12-20 14:34:00,2024-12-20 14:35:00,2024-12-20 15:17:00,COIN,LONG,9,268.52,264.3608857142857,276.83822857142854,276.83822857142854,target_hit,4.159114285714292,2.772742857142861,74.86405714285706,0.7,1.20834,72.95571714285705,1.999999999999995,2024-12
2024-12-20 14:38:00,2024-12-20 14:39:00,2024-12-20 14:43:00,COIN,LONG,8,273.06,268.6187142857143,281.94257142857145,268.6187142857143,stop_hit,4.441285714285714,2.960857142857143,-35.53028571428558,0.7,1.09224,-37.32252571428558,-0.9999999999999964,2024-12
2024-12-20 14:39:00,2024-12-20 14:40:00,2024-12-20 14:48:00,COIN,LONG,8,271.715,267.0283678571428,281.0882642857142,267.0283678571428,stop_hit,4.686632142857135,3.1244214285714236,-37.4930571428572,0.7,1.08686,-39.2799171428572,-1.000000000000003,2024-12
2024-12-31 14:33:00,2024-12-31 14:34:00,2024-12-31 15:07:00,COIN,SHORT,14,257.94,260.6491607142857,252.52167857142857,252.52167857142857,target_hit,2.709160714285719,1.8061071428571458,75.85650000000004,0.7,1.80558,73.35092000000003,1.9999999999999978,2024-12
2024-12-04 14:33:00,2024-12-04 14:34:00,2024-12-04 14:43:00,CPB,SHORT,77,43.01,43.51112857142857,42.00774285714286,43.51112857142857,stop_hit,0.5011285714285706,0.3340857142857137,-38.58690000000015,0.7,1.655885,-40.94278500000015,-1.0000000000000056,2024-12
2024-12-04 14:31:00,2024-12-04 14:32:00,2024-12-04 14:37:00,CRM,SHORT,7,359.88,365.10058928571425,349.43882142857143,365.10058928571425,stop_hit,5.220589285714281,3.4803928571428537,-36.54412499999978,0.7,1.25958,-38.50370499999978,-0.9999999999999949,2024-12
2024-12-04 14:32:00,2024-12-04 14:33:00,2024-12-04 14:43:00,CRM,SHORT,6,362.0925,367.80488571428566,350.66772857142854,367.80488571428566,stop_hit,5.712385714285716,3.808257142857144,-34.27431428571413,0.7,1.0862775,-36.06059178571413,-0.999999999999995,2024-12
2024-12-19 14:36:00,2024-12-19 14:37:00,2024-12-19 15:29:00,CRWD,LONG,10,354.5195,350.9746892857143,361.60912142857137,350.9746892857143,stop_hit,3.5448107142857026,2.363207142857135,-35.448107142856884,0.7,1.7725974999999998,-37.92070464285689,-0.999999999999996,2024-12
2024-12-19 14:37:00,2024-12-19 14:38:00,2024-12-19 15:27:00,CRWD,LONG,9,356.04,352.2755035714286,363.56899285714286,352.2755035714286,stop_hit,3.7644964285714195,2.5096642857142797,-33.880467857142776,0.7,1.6021800000000002,-36.182647857142776,-1.0,2024-12
2024-12-19 14:38:00,2024-12-19 14:39:00,2024-12-19 15:28:00,CRWD,LONG,9,356.05,352.1284857142857,363.89302857142854,352.1284857142857,stop_hit,3.9215142857142786,2.6143428571428524,-35.293628571428656,0.7,1.6022250000000002,-37.595853571428655,-1.0000000000000042,2024-12
2024-12-19 14:39:00,2024-12-19 14:40:00,2024-12-19 15:27:00,CRWD,LONG,9,356.24,352.26246071428574,364.19507857142855,352.26246071428574,stop_hit,3.977539285714278,2.651692857142852,-35.79785357142845,0.7,1.60308,-38.10093357142845,-0.9999999999999984,2024-12
2024-12-19 14:34:00,2024-12-19 14:35:00,2024-12-19 15:53:00,CTAS,SHORT,11,190.91,193.9462892857143,184.83742142857142,186.48,time_exit,3.0362892857142905,2.0241928571428605,48.730000000000075,0.7,1.0500049999999999,46.97999500000007,1.459017762517923,2024-12
2024-12-19 14:38:00,2024-12-19 14:39:00,2024-12-19 15:16:00,CTAS,LONG,10,190.1655,186.66193928571428,197.17262142857146,186.66193928571428,stop_hit,3.503560714285719,2.335707142857146,-35.03560714285726,0.7,0.9508275000000002,-36.686434642857265,-1.000000000000002,2024-12
2024-12-05 14:31:00,2024-12-05 14:32:00,2024-12-10 14:31:00,DAL,SHORT,58,65.9425,66.56496785714285,64.69756428571428,64.69756428571428,target_hit,0.6224678571428579,0.4149785714285719,72.20627142857157,0.7,1.9123325,69.59393892857156,2.0000000000000013,2024-12
2024-12-05 14:33:00,2024-12-05 14:34:00,2024-12-10 14:31:00,DAL,SHORT,49,65.97,66.711375,64.48725,64.48725,target_hit,0.7413750000000007,0.49425000000000047,72.6547499999998,0.7,1.6162649999999998,70.33848499999979,1.9999999999999925,2024-12
2024-12-06 14:31:00,2024-12-06 14:32:00,2024-12-06 14:55:00,DG,SHORT,43,83.155,84.01894642857143,81.42710714285715,84.01894642857143,stop_hit,0.863946428571426,0.575964285714284,-37.14969642857123,0.7,1.7878325,-39.637528928571236,-0.9999999999999977,2024-12
2024-12-19 14:32:00,2024-12-19 14:33:00,2024-12-19 15:53:00,DHI,SHORT,19,139.225,141.10971785714287,135.45556428571427,137.515,time_exit,1.88471785714286,1.2564785714285733,32.49000000000015,0.7,1.3226375000000001,30.467362500000153,0.9072976061214193,2024-12
2024-12-09 14:31:00,2024-12-09 14:32:00,2024-12-09 14:46:00,DOW,SHORT,119,42.92,43.23494642857143,42.290107142857146,43.23494642857143,stop_hit,0.3149464285714296,0.2099642857142864,-37.47862500000036,0.833,2.5537400000000003,-40.86536500000036,-1.0000000000000064,2024-12
2024-12-09 14:32:00,2024-12-09 14:33:00,2024-12-09 14:38:00,DOW,SHORT,99,42.64,43.01280357142857,41.894392857142854,43.01280357142857,stop_hit,0.37280357142857234,0.24853571428571491,-36.90755357142839,0.7,2.11068,-39.71823357142839,-0.9999999999999926,2024-12
2024-12-19 14:36:00,2024-12-19 14:37:00,2024-12-19 14:41:00,DRI,SHORT,11,180.885,183.99910714285713,174.6567857142857,183.99910714285713,stop_hit,3.1141071428571485,2.0760714285714323,-34.2551785714285,0.7,0.9948675,-35.9500460714285,-0.9999999999999961,2024-12
2024-12-19 14:37:00,2024-12-19 14:38:00,2024-12-19 14:42:00,DRI,SHORT,9,180.555,184.3166892857143,173.03162142857144,184.3166892857143,stop_hit,3.76168928571429,2.50779285714286,-33.85520357142855,0.7,0.8124975000000001,-35.36770107142855,-0.9999999999999981,2024-12
2024-12-04 14:34:00,2024-12-04 14:35:00,2024-12-04 14:36:00,EW,SHORT,48,73.525,74.26830357142858,72.03839285714287,74.26830357142858,stop_hit,0.743303571428573,0.4955357142857153,-35.67857142857133,0.7,1.7646000000000002,-38.143171428571335,-0.9999999999999952,2024-12
2024-12-03 14:31:00,2024-12-03 14:32:00,2024-12-03 14:38:00,FCX,SHORT,149,44.67,44.90919642857143,44.191607142857144,44.191607142857144,target_hit,0.2391964285714272,0.1594642857142848,71.28053571428578,1.043,3.327915,66.90962071428577,2.000000000000013,2024-12
2024-12-03 14:32:00,2024-12-03 14:33:00,2024-12-03 14:38:00,FCX,SHORT,147,44.635,44.88223214285714,44.14053571428571,44.14053571428571,target_hit,0.2472321428571418,0.16482142857142787,72.68625000000014,1.029,3.2806724999999997,68.37657750000015,2.0000000000000124,2024-12
2024-12-03 14:33:00,2024-12-03 14:34:00,2024-12-03 14:52:00,FCX,SHORT,142,44.475,44.735303571428574,43.95439285714286,43.95439285714286,target_hit,0.26030357142857113,0.1735357142857141,73.92621428571456,0.994,3.157725,69.77448928571457,2.0000000000000098,2024-12
2024-12-09 14:31:00,2024-12-09 14:32:00,2024-12-09 14:41:00,FCX,SHORT,162,43.99,44.22183571428572,43.526328571428564,44.22183571428572,stop_hit,0.23183571428571753,0.15455714285714503,-37.55738571428587,1.1340000000000001,3.56319,-42.25457571428587,-0.9999999999999902,2024-12
2024-12-09 14:32:00,2024-12-09 14:33:00,2024-12-09 14:43:00,FCX,SHORT,153,44.05,44.293085714285716,43.563828571428566,44.293085714285716,stop_hit,0.24308571428571643,0.1620571428571443,-37.19211428571504,1.071,3.369825,-41.63293928571504,-1.0000000000000115,2024-12
2024-12-09 14:33:00,2024-12-09 14:34:00,2024-12-09 14:40:00,FCX,SHORT,136,43.93,44.200942857142856,43.38811428571428,44.200942857142856,stop_hit,0.2709428571428591,0.18062857142857272,-36.84822857142842,0.9520000000000001,2.98724,-40.78746857142842,-0.9999999999999888,2024-12
2024-12-20 14:31:00,2024-12-20 14:32:00,2024-12-20 14:33:00,FDX,SHORT,11,286.61,289.7084857142857,280.4130285714286,289.7084857142857,stop_hit,3.098485714285713,2.065657142857142,-34.083342857142554,0.7,1.576355,-36.35969785714256,-0.9999999999999916,2024-12
2024-12-20 14:32:00,2024-12-20 14:33:00,2024-12-20 14:36:00,FDX,SHORT,10,291.42,294.9417,284.3766,284.3766,target_hit,3.521699999999998,2.3477999999999986,70.4340000000002,0.7,1.4571,68.2769000000002,2.0000000000000067,2024-12
2024-12-20 14:33:00,2024-12-20 14:34:00,2024-12-20 14:56:00,FDX,SHORT,8,288.086,292.1948428571429,279.8683142857143,279.8683142857143,target_hit,4.108842857142857,2.7392285714285713,65.74148571428577,0.7,1.152344,63.88914171428577,2.0000000000000018,2024-12
2024-12-20 14:34:00,2024-12-20 14:35:00,2024-12-20 14:58:00,FDX,SHORT,8,286.76,291.2453428571429,277.7893142857143,277.7893142857143,target_hit,4.485342857142857,2.9902285714285717,71.76548571428566,0.7,1.14704,69.91844571428565,1.9999999999999984,2024-12
2024-12-20 14:36:00,2024-12-20 14:37:00,2024-12-20 15:01:00,FDX,SHORT,7,285.33,290.3880214285714,275.2139571428571,275.2139571428571,target_hit,5.058021428571433,3.3720142857142883,70.8123000000001,0.7,0.998655,69.1136450000001,2.0000000000000013,2024-12
2024-12-20 14:43:00,2024-12-20 14:44:00,2024-12-20 15:00:00,FDX,LONG,5,283.0,276.34515357142857,296.30969285714286,276.34515357142857,stop_hit,6.6548464285714335,4.436564285714289,-33.27423214285716,0.7,0.7075,-34.681732142857165,-0.9999999999999998,2024-12
2024-12-05 14:32:00,2024-12-05 14:33:00,2024-12-05 14:56:00,FI,SHORT,21,202.76,204.563,199.154,204.563,stop_hit,1.8030000000000004,1.2020000000000002,-37.86299999999994,0.7,2.12898,-40.691979999999944,-0.9999999999999982,2024-12
2024-12-10 14:33:00,2024-12-10 14:34:00,2024-12-10 14:48:00,GOOG,SHORT,24,186.34,187.90522857142858,183.20954285714288,187.90522857142858,stop_hit,1.5652285714285685,1.0434857142857124,-37.56548571428584,0.7,2.23608,-40.501565714285846,-1.0000000000000053,2024-12
2024-12-10 14:34:00,2024-12-10 14:35:00,2024-12-10 14:48:00,GOOG,SHORT,22,186.31,187.96469285714286,183.00061428571428,187.96469285714286,stop_hit,1.6546928571428552,1.1031285714285701,-36.40324285714297,0.7,2.04941,-39.152652857142975,-1.0000000000000042,2024-12
2024-12-10 14:33:00,2024-12-10 14:34:00,2024-12-10 14:48:00,GOOGL,SHORT,23,184.6,186.1566357142857,181.48672857142856,186.1566357142857,stop_hit,1.5566357142857126,1.0377571428571417,-35.8026214285712,0.7,2.1229,-38.625521428571204,-0.9999999999999947,2024-12
2024-12-06 14:32:00,2024-12-06 14:33:00,2024-12-06 14:36:00,HPE,SHORT,157,23.27,23.504224999999998,22.801550000000002,23.504224999999998,stop_hit,0.2342249999999988,0.1561499999999992,-36.77332499999977,1.099,1.826695,-39.69901999999977,-0.999999999999999,2024-12
2024-12-06 14:33:00,2024-12-06 14:34:00,2024-12-06 14:39:00,HPE,SHORT,136,23.3014,23.569910714285715,22.764378571428573,23.569910714285715,stop_hit,0.2685107142857135,0.17900714285714234,-36.517457142857126,0.9520000000000001,1.5844952,-39.05395234285712,-1.0000000000000024,2024-12
2024-12-06 14:34:00,2024-12-06 14:35:00,2024-12-06 14:40:00,HPE,SHORT,131,23.4,23.675475,22.84905,23.675475,stop_hit,0.27547499999999936,0.1836499999999996,-36.08722500000002,0.917,1.5327,-38.53692500000002,-1.0000000000000029,2024-12
2024-12-11 14:33:00,2024-12-11 14:34:00,2024-12-11 14:45:00,HSY,LONG,14,180.1077,177.69355714285714,184.93598571428572,177.69355714285714,stop_hit,2.414142857142858,1.609428571428572,-33.79799999999989,0.7,1.2607538999999999,-35.75875389999989,-0.9999999999999963,2024-12
2024-12-11 15:33:00,2024-12-11 15:34:00,2024-12-11 15:47:00,HSY,SHORT,18,178.825,180.7525,174.97,180.7525,stop_hit,1.9274999999999949,1.2849999999999966,-34.695000000000164,0.7,1.6094249999999999,-37.00442500000017,-1.0000000000000073,2024-12
2024-12-11 15:34:00,2024-12-11 15:35:00,2024-12-11 15:47:00,HSY,SHORT,16,178.07,180.24534285714284,173.7193142857143,180.24534285714284,stop_hit,2.1753428571428546,1.4502285714285696,-34.80548571428562,0.7,1.42456,-36.930045714285626,-0.9999999999999986,2024-12
2024-12-19 14:32:00,2024-12-19 14:33:00,2024-12-19 14:37:00,KMX,SHORT,30,89.11,90.25737142857143,86.81525714285713,86.81525714285713,target_hit,1.1473714285714327,0.7649142857142885,68.84228571428594,0.7,1.3366500000000001,66.80563571428593,1.9999999999999993,2024-12
2024-12-19 14:33:00,2024-12-19 14:34:00,2024-12-19 14:53:00,KMX,SHORT,27,87.11,88.37200357142858,84.58599285714286,84.58599285714286,target_hit,1.2620035714285747,0.8413357142857164,68.14819285714289,0.7,1.1759849999999998,66.27220785714289,1.9999999999999958,2024-12
2024-12-19 14:34:00,2024-12-19 14:35:00,2024-12-19 14:51:00,KMX,SHORT,23,87.85,89.37718214285714,84.79563571428571,84.79563571428571,target_hit,1.5271821428571453,1.0181214285714302,70.25037857142857,0.7,1.010275,68.54010357142857,1.999999999999997,2024-12
2024-12-19 14:35:00,2024-12-19 14:36:00,2024-12-19 14:56:00,KMX,SHORT,22,87.6017,89.26548928571428,84.27412142857142,84.27412142857142,target_hit,1.6637892857142873,1.1091928571428582,73.20672857142864,0.7,0.9636187,71.54310987142864,2.0,2024-12
2024-12-19 14:37:00,2024-12-19 14:38:00,2024-12-19 15:53:00,KMX,SHORT,20,87.035,88.87905714285714,83.3468857142857,84.17,time_exit,1.8440571428571435,1.229371428571429,57.2999999999999,0.7,0.87035,55.72964999999989,1.5536394905642803,2024-12
2024-12-19 14:38:00,2024-12-19 14:39:00,2024-12-19 15:53:00,KMX,SHORT,19,86.2,88.16459285714286,82.27081428571428,84.17,time_exit,1.9645928571428595,1.309728571428573,38.57000000000002,0.7,0.8189,37.05110000000002,1.0332929760073872,2024-12
2024-12-19 14:32:00,2024-12-19 14:33:00,2024-12-19 15:53:00,LEN,SHORT,14,136.849,139.49669285714285,131.55361428571427,133.7657,time_exit,2.6476928571428555,1.7651285714285703,43.16619999999972,0.7,0.957943,41.508256999999716,1.1645232911672359,2024-12
2024-12-19 14:33:00,2024-12-19 14:34:00,2024-12-19 15:53:00,LEN,SHORT,13,136.6747,139.53398928571428,130.95612142857144,133.7657,time_exit,2.859289285714283,1.9061928571428552,37.816999999999894,0.7,0.88838555,36.22861444999989,1.0173856890011361,2024-12
2024-12-19 14:34:00,2024-12-19 14:35:00,2024-12-19 15:53:00,LEN,SHORT,12,135.4453,138.47443214285715,129.38703571428573,133.7657,time_exit,3.0291321428571387,2.019421428571426,20.155199999999923,0.7,0.8126718,18.642528199999923,0.5544822479800307,2024-12
2024-12-19 14:35:00,2024-12-19 14:36:00,2024-12-19 15:53:00,LEN,SHORT,12,134.9274,138.1557,128.47080000000003,133.7657,time_exit,3.2282999999999937,2.1521999999999957,13.940399999999954,0.7,0.8095644,12.430835599999956,0.3598488368491152,2024-12
2024-12-19 14:36:00,2024-12-19 14:37:00,2024-12-19 15:53:00,LEN,SHORT,11,134.5111,137.94840357142857,127.63649285714287,133.7657,time_exit,3.4373035714285627,2.2915357142857085,8.199399999999883,0.7,0.73981105,6.759588949999883,0.2168560281366702,2024-12
2024-12-19 14:37:00,2024-12-19 14:38:00,2024-12-19 15:53:00,LEN,LONG,11,134.1917,130.6776392857143,141.2198214285714,133.7657,time_exit,3.5140607142857085,2.342707142857139,-4.685999999999865,0.7,0.73805435,-6.124054349999865,-0.12122727369739807,2024-12
2024-12-19 14:38:00,2024-12-19 14:39:00,2024-12-19 15:53:00,LEN,LONG,11,133.6012,130.03295714285716,140.7376857142857,133.7657,time_exit,3.5682428571428497,2.3788285714285666,1.8095000000000425,0.7,0.7348066,0.3746934000000426,0.04610112220100447,2024-12
2024-12-19 14:39:00,2024-12-19 14:40:00,2024-12-19 15:53:00,LEN,LONG,10,133.9593,130.31949642857145,141.23890714285713,133.7657,time_exit,3.6398035714285646,2.4265357142857096,-1.9360000000000355,0.7,0.6697965,-3.3057965000000356,-0.053189683509217135,2024-12
2024-12-20 14:32:00,2024-12-20 14:33:00,2024-12-23 14:31:00,LLY,SHORT,4,804.28,813.5543727142857,785.7312545714285,785.7312545714285,target_hit,9.274372714285745,6.182915142857163,74.19498171428586,0.7,1.60856,71.88642171428586,1.9999999999999973,2024-12
2024-12-20 14:33:00,2024-12-20 14:34:00,2024-12-23 14:31:00,LLY,SHORT,3,804.5,815.2545512857143,782.9908974285713,782.9908974285713,target_hit,10.75455128571432,7.169700857142881,64.52730771428605,0.7,1.20675,62.62055771428605,2.000000000000004,2024-12
2024-12-19 14:31:00,2024-12-19 14:32:00,2024-12-19 15:33:00,LRCX,SHORT,43,72.2999,73.24060357142857,70.41849285714285,70.41849285714285,target_hit,0.9407035714285696,0.6271357142857131,80.90050714285712,0.7,1.5544478499999999,78.64605929285712,2.000000000000003,2024-12
2024-12-06 14:31:00,2024-12-06 14:32:00,2024-12-06 14:33:00,LULU,SHORT,6,389.5853,395.5437607142857,377.66837857142866,395.5437607142857,stop_hit,5.958460714285691,3.972307142857127,-35.75076428571424,0.7,1.1687559,-37.619520185714244,-1.0000000000000027,2024-12
2024-12-06 14:32:00,2024-12-06 14:33:00,2024-12-06 14:37:00,LULU,SHORT,6,396.27,402.8295321428571,383.15093571428577,402.8295321428571,stop_hit,6.559532142857121,4.3730214285714135,-39.35719285714265,0.7,1.18881,-41.24600285714265,-0.9999999999999981,2024-12
2024-12-06 14:33:00,2024-12-06 14:34:00,2024-12-06 14:38:00,LULU,SHORT,5,396.92,404.5895,381.5810000000001,404.5895,stop_hit,7.669499999999975,5.112999999999984,-38.347499999999854,0.7,0.9923000000000001,-40.03979999999986,-0.9999999999999994,2024-12
2024-12-05 14:32:00,2024-12-05 14:33:00,2024-12-05 14:41:00,LUV,SHORT,115,35.6531,36.003457142857144,34.95238571428572,34.95238571428572,target_hit,0.3503571428571424,0.2335714285714283,80.58214285714264,0.805,2.05005325,77.72708960714263,1.9999999999999971,2024-12
2024-12-19 14:31:00,2024-12-19 14:32:00,2024-12-19 14:42:00,LW,LONG,22,65.885,64.09651785714286,69.46196428571429,64.09651785714286,stop_hit,1.7884821428571425,1.1923214285714283,-39.346607142857266,0.7,0.724735,-40.77134214285727,-1.0000000000000033,2024-12
2024-12-19 14:32:00,2024-12-19 14:33:00,2024-12-19 14:39:00,LW,LONG,21,66.98,65.11866071428572,70.70267857142858,65.11866071428572,stop_hit,1.8613392857142859,1.2408928571428572,-39.08812499999988,0.7,0.7032900000000001,-40.49141499999988,-0.9999999999999968,2024-12
2024-12-19 14:33:00,2024-12-19 14:34:00,2024-12-19 15:04:00,LW,SHORT,19,68.1179,70.1892392857143,63.97522142857144,63.97522142857144,target_hit,2.071339285714285,1.380892857142857,78.7108928571428,0.7,0.6471200500000002,77.3637728071428,1.9999999999999991,2024-12
2024-12-19 14:34:00,2024-12-19 14:35:00,2024-12-19 15:31:00,LW,SHORT,18,66.705,68.96544642857143,62.184107142857144,62.184107142857144,target_hit,2.260446428571428,1.5069642857142855,81.37607142857138,0.7,0.600345,80.07572642857137,1.9999999999999991,2024-12
2024-12-19 14:35:00,2024-12-19 14:36:00,2024-12-19 15:41:00,LW,SHORT,16,66.735,69.22901785714285,61.746964285714284,61.746964285714284,target_hit,2.4940178571428575,1.6626785714285717,79.80857142857144,0.7,0.53388,78.57469142857144,2.0,2024-12
2024-12-19 14:36:00,2024-12-19 14:37:00,2024-12-19 15:41:00,LW,SHORT,16,66.885,69.481875,61.691250000000004,61.691250000000004,target_hit,2.596875000000001,1.7312500000000008,83.10000000000002,0.7,0.53508,81.86492000000003,1.9999999999999996,2024-12
2024-12-19 14:38:00,2024-12-19 14:39:00,2024-12-19 15:53:00,LW,SHORT,15,64.8001,67.62974285714286,59.140814285714285,61.505,time_exit,2.8296428571428582,1.8864285714285722,49.42649999999997,0.7,0.48600075,48.240499249999964,1.1644932475072562,2024-12
2024-12-19 14:39:00,2024-12-19 14:40:00,2024-12-19 15:53:00,LW,SHORT,14,65.115,68.12357142857142,59.09785714285714,61.505,time_exit,3.00857142857143,2.0057142857142867,50.53999999999989,0.7,0.45580499999999996,49.38419499999989,1.1999050332383636,2024-12
2024-12-19 14:40:00,2024-12-19 14:41:00,2024-12-19 15:31:00,LW,LONG,14,65.2596,62.18406428571429,71.41067142857143,62.18406428571429,stop_hit,3.0755357142857136,2.0503571428571425,-43.05749999999999,0.7,0.4568172000000001,-44.214317199999996,-1.0,2024-12
2024-12-19 14:42:00,2024-12-19 14:43:00,2024-12-19 15:53:00,LW,SHORT,13,64.68,67.89692142857143,58.24615714285715,61.505,time_exit,3.216921428571429,2.1446142857142863,41.275000000000055,0.7,0.42042000000000007,40.15458000000005,0.986968463637596,2024-12
2024-12-19 14:43:00,2024-12-19 14:44:00,2024-12-19 15:41:00,LW,LONG,13,64.875,61.59272142857142,71.43955714285715,61.59272142857142,stop_hit,3.2822785714285736,2.1881857142857157,-42.6696214285715,0.7,0.4216875,-43.7913089285715,-1.000000000000001,2024-12
2024-12-19 14:45:00,2024-12-19 14:46:00,2024-12-19 15:41:00,LW,SHORT,24,65.44,67.22977857142857,61.86044285714285,61.86044285714285,target_hit,1.7897785714285743,1.1931857142857163,85.90937142857155,0.7,0.78528,84.42409142857154,1.9999999999999996,2024-12
2024-12-11 14:31:00,2024-12-11 14:32:00,2024-12-11 15:06:00,MDLZ,SHORT,97,63.495,63.95348571428571,62.57802857142857,63.95348571428571,stop_hit,0.4584857142857154,0.30565714285714357,-44.47311428571432,0.7,3.0795074999999996,-48.25262178571432,-0.9999999999999983,2024-12
2024-12-11 14:33:00,2024-12-11 14:34:00,2024-12-11 15:53:00,MDLZ,SHORT,79,63.64,64.19622142857143,62.52755714285714,63.88,time_exit,0.5562214285714295,0.3708142857142863,-18.960000000000157,0.7,2.51378,-22.173780000000157,-0.4314828369996561,2024-12
2024-12-19 14:33:00,2024-12-19 14:34:00,2024-12-19 14:37:00,META,LONG,12,603.355,599.9429607142857,610.1790785714286,599.9429607142857,stop_hit,3.4120392857143065,2.274692857142871,-40.94447142857143,0.7,3.62013,-45.26460142857144,-0.999999999999994,2024-12
2024-12-19 14:34:00,2024-12-19 14:35:00,2024-12-19 15:53:00,META,LONG,11,602.01,598.2968892857143,609.4362214285715,604.07,time_exit,3.7131107142857296,2.475407142857153,22.66000000000065,0.7,3.311055,18.64894500000065,0.554790890579822,2024-12
2024-12-11 14:33:00,2024-12-11 14:34:00,2024-12-11 14:44:00,MTCH,SHORT,124,32.16,32.51121428571428,31.45757142857143,32.51121428571428,stop_hit,0.35121428571428326,0.23414285714285551,-43.55057142857132,0.868,1.99392,-46.41249142857132,-1.0000000000000044,2024-12
2024-12-03 14:32:00,2024-12-03 14:33:00,2024-12-03 14:36:00,MU,SHORT,63,101.7574,102.44357500000001,100.38505,102.44357500000001,stop_hit,0.6861749999999991,0.4574499999999994,-43.22902500000036,0.7,3.2053581,-47.13438310000036,-1.0000000000000098,2024-12
2024-12-03 14:34:00,2024-12-03 14:35:00,2024-12-03 14:41:00,MU,SHORT,56,102.105,102.86723571428571,100.58052857142857,102.86723571428571,stop_hit,0.7622357142857125,0.5081571428571416,-42.68519999999967,0.7,2.85894,-46.24413999999967,-0.9999999999999946,2024-12
2024-12-16 14:32:00,2024-12-16 14:33:00,2024-12-16 14:38:00,MU,SHORT,40,105.04,106.09333214285715,102.93333571428572,106.09333214285715,stop_hit,1.053332142857142,0.702221428571428,-42.13328571428576,0.7,2.1008000000000004,-44.934085714285764,-1.000000000000002,2024-12
2024-12-16 14:33:00,2024-12-16 14:34:00,2024-12-16 14:40:00,MU,SHORT,37,105.25,106.365475,103.01905000000001,106.365475,stop_hit,1.115474999999999,0.7436499999999994,-41.27257500000013,0.7,1.947125,-43.919700000000134,-1.000000000000004,2024-12
2024-12-19 14:32:00,2024-12-19 14:33:00,2024-12-19 15:53:00,MU,SHORT,14,88.415,91.32803214285714,82.58893571428572,85.69,time_exit,2.9130321428571397,1.9420214285714263,38.15000000000012,0.7,0.6189050000000001,36.83109500000012,0.9354514012767786,2024-12
2024-12-19 14:37:00,2024-12-19 14:38:00,2024-12-19 15:53:00,MU,LONG,13,86.71,83.55044285714285,93.02911428571429,85.69,time_exit,3.159557142857144,2.1063714285714292,-13.259999999999948,0.7,0.563615,-14.523614999999948,-0.3228300530363645,2024-12
2024-12-19 14:39:00,2024-12-19 14:40:00,2024-12-19 15:53:00,MU,LONG,12,85.685,82.42265,92.2097,85.69,time_exit,3.26235,2.1749,0.05999999999994543,0.7,0.5141100000000001,-1.1541100000000546,0.0015326375158997202,2024-12
2024-12-19 14:40:00,2024-12-19 14:41:00,2024-12-19 15:53:00,MU,LONG,12,86.2696,82.94397142857143,92.92085714285714,85.69,time_exit,3.3256285714285725,2.217085714285715,-6.955199999999991,0.7,0.5176176,-8.172817599999991,-0.17428284234129718,2024-12
2024-12-19 14:41:00,2024-12-19 14:42:00,2024-12-19 15:53:00,MU,LONG,12,87.1409,83.75849642857143,93.90570714285715,85.69,time_exit,3.3824035714285734,2.2549357142857156,-17.41080000000005,0.7,0.5228454,-18.633645400000052,-0.4289553181222577,2024-12
2024-12-19 14:42:00,2024-12-19 14:43:00,2024-12-19 15:53:00,MU,SHORT,11,87.44,90.935975,80.44805,85.69,time_exit,3.4959750000000023,2.3306500000000017,19.25,0.7,0.48091999999999996,18.06908,0.5005756620113126,2024-12
2024-12-19 14:43:00,2024-12-19 14:44:00,2024-12-19 15:53:00,MU,LONG,11,86.445,82.90188214285713,93.53123571428571,85.69,time_exit,3.5431178571428594,2.362078571428573,-8.30499999999995,0.7,0.4754475,-9.480447499999949,-0.21308915775351067,2024-12
2024-12-19 14:44:00,2024-12-19 14:45:00,2024-12-19 14:57:00,MU,SHORT,32,86.3594,87.65640714285713,83.7653857142857,87.65640714285713,stop_hit,1.2970071428571446,0.8646714285714298,-41.504228571428484,0.7,1.3817503999999998,-43.58597897142849,-0.9999999999999966,2024-12
2024-12-19 14:46:00,2024-12-19 14:47:00,2024-12-19 15:53:00,MU,LONG,34,86.1,84.91549285714285,88.4690142857143,85.69,time_exit,1.184507142857148,0.789671428571432,-13.939999999999884,0.7,1.4636999999999998,-16.103699999999883,-0.34613552351489935,2024-12
2024-12-19 14:48:00,2024-12-19 14:49:00,2024-12-19 15:09:00,MU,LONG,35,86.775,85.61728928571429,89.09042142857145,85.61728928571429,stop_hit,1.1577107142857193,0.7718071428571461,-40.519874999999956,0.7,1.5185625,-42.73843749999996,-0.9999999999999947,2024-12
2024-12-20 14:31:00,2024-12-20 14:32:00,2024-12-20 14:40:00,NCLH,SHORT,154,26.42,26.68247857142857,25.895042857142858,26.68247857142857,stop_hit,0.2624785714285714,0.17498571428571427,-40.42169999999978,1.078,2.0343400000000003,-43.534039999999784,-0.9999999999999947,2024-12
2024-12-20 14:34:00,2024-12-20 14:35:00,2024-12-20 14:40:00,NCLH,SHORT,123,26.41,26.735682142857144,25.758635714285717,26.735682142857144,stop_hit,0.3256821428571425,0.2171214285714283,-40.058903571428644,0.861,1.624215,-42.54411857142864,-1.000000000000003,2024-12
2024-12-18 14:31:00,2024-12-18 14:32:00,2024-12-18 14:40:00,NVDA,SHORT,40,134.43,135.40329642857145,132.48340714285715,135.40329642857145,stop_hit,0.9732964285714323,0.6488642857142882,-38.93185714285778,0.7,2.6886000000000005,-42.320457142857784,-1.0000000000000127,2024-12
2024-12-18 14:33:00,2024-12-18 14:34:00,2024-12-18 14:39:00,NVDA,SHORT,33,134.12,135.277475,131.80505,135.277475,stop_hit,1.157475000000006,0.771650000000004,-38.19667500000017,0.7,2.21298,-41.109655000000174,-0.9999999999999992,2024-12
2024-12-09 14:31:00,2024-12-09 14:32:00,2024-12-09 14:37:00,OMC,SHORT,48,96.36,97.16865,94.7427,97.16865,stop_hit,0.8086499999999995,0.5390999999999997,-38.815200000000004,0.7,2.31264,-41.82784000000001,-1.0000000000000007,2024-12
2024-12-09 14:32:00,2024-12-09 14:33:00,2024-12-09 14:38:00,OMC,SHORT,40,96.375,97.33472142857143,94.45555714285715,97.33472142857143,stop_hit,0.9597214285714293,0.6398142857142862,-38.38885714285709,0.7,1.9275,-41.016357142857096,-0.9999999999999979,2024-12
2024-12-09 14:34:00,2024-12-09 14:35:00,2024-12-09 15:53:00,OMC,SHORT,31,96.49,97.68382857142856,94.10234285714284,95.805,time_exit,1.1938285714285723,0.795885714285715,21.23499999999963,0.7,1.495595,19.03940499999963,0.573784223626258,2024-12
2024-12-09 14:35:00,2024-12-09 14:36:00,2024-12-09 15:53:00,OMC,SHORT,28,96.43,97.77650714285716,93.73698571428572,95.805,time_exit,1.3465071428571436,0.897671428571429,17.5,0.7,1.35002,15.44998,0.46416389494512234,2024-12
2024-12-04 14:33:00,2024-12-04 14:34:00,2024-12-04 14:42:00,ORCL,SHORT,36,186.825,187.88629285714285,184.70241428571427,187.88629285714285,stop_hit,1.0612928571428648,0.7075285714285765,-38.20654285714295,0.7,3.36285,-42.269392857142954,-0.9999999999999952,2024-12
2024-12-10 14:31:00,2024-12-10 14:32:00,2024-12-10 15:39:00,ORCL,SHORT,14,174.94,177.59868571428572,169.62262857142858,177.59868571428572,stop_hit,2.658685714285715,1.7724571428571434,-37.22160000000014,0.7,1.22458,-39.14618000000014,-1.0000000000000033,2024-12
2024-12-19 14:32:00,2024-12-19 14:33:00,2024-12-19 15:53:00,PHM,SHORT,26,110.0,111.39941428571429,107.20117142857143,109.0,time_exit,1.3994142857142826,0.9329428571428551,26.0,0.7,1.43,23.87,0.7145846731795972,2024-12
2024-12-09 14:31:00,2024-12-09 14:32:00,2024-12-09 14:39:00,PLTR,SHORT,45,79.04,79.86168928571429,77.39662142857144,79.86168928571429,stop_hit,0.8216892857142826,0.5477928571428551,-36.976017857142836,0.7,1.7784000000000002,-39.454417857142836,-1.0000000000000033,2024-12
2024-12-09 14:32:00,2024-12-09 14:33:00,2024-12-09 14:41:00,PLTR,SHORT,40,79.45,80.37554285714286,77.5989142857143,80.37554285714286,stop_hit,0.9255428571428546,0.6170285714285697,-37.021714285714324,0.7,1.589,-39.310714285714326,-1.0000000000000038,2024-12
2024-12-09 14:43:00,2024-12-09 14:44:00,2024-12-09 15:33:00,PLTR,SHORT,23,78.0803,79.63947499999999,74.96195,74.96195,target_hit,1.5591749999999973,1.0394499999999982,71.72204999999983,0.7,0.89792345,70.12412654999983,1.9999999999999987,2024-12
2024-12-11 14:41:00,2024-12-11 14:42:00,2024-12-17 14:31:00,PLTR,LONG,33,68.67,67.53056785714287,70.94886428571428,70.94886428571428,target_hit,1.139432142857138,0.7596214285714252,75.20252142857116,0.7,1.1330550000000001,73.36946642857116,2.0000000000000018,2024-12
2024-12-11 14:42:00,2024-12-11 14:43:00,2024-12-17 14:31:00,PLTR,LONG,31,68.59,67.38307857142858,71.00384285714284,71.00384285714284,target_hit,1.2069214285714227,0.8046142857142817,74.82912857142801,0.7,1.063145,73.065983571428,1.999999999999995,2024-12
2024-12-11 14:43:00,2024-12-11 14:44:00,2024-12-11 15:34:00,PLTR,LONG,31,68.24,66.99022142857143,70.73955714285712,70.73955714285712,target_hit,1.2497785714285645,0.8331857142857098,77.48627142857097,0.7,1.05772,75.72855142857097,1.9999999999999993,2024-12
2024-12-11 14:44:00,2024-12-11 14:45:00,2024-12-11 15:34:00,PLTR,LONG,34,68.37,67.21985357142859,70.67029285714285,70.67029285714285,target_hit,1.150146428571423,0.7667642857142819,78.2099571428569,0.7,1.16229,76.34766714285689,2.0000000000000036,2024-12
2024-12-09 14:32:00,2024-12-09 14:33:00,2024-12-09 14:36:00,PYPL,SHORT,71,92.25,92.82016071428572,91.10967857142857,92.82016071428572,stop_hit,0.5701607142857128,0.38010714285714187,-40.48141071428611,0.7,3.274875,-44.45628571428612,-1.0000000000000124,2024-12
2024-12-09 14:33:00,2024-12-09 14:34:00,2024-12-09 14:36:00,PYPL,SHORT,68,92.355,92.9466,91.1718,92.9466,stop_hit,0.5915999999999992,0.3943999999999995,-40.22879999999998,0.7,3.14007,-44.06886999999998,-1.0000000000000007,2024-12
2024-12-09 14:34:00,2024-12-09 14:35:00,2024-12-09 14:36:00,PYPL,SHORT,63,92.04,92.66802857142858,90.78394285714286,92.66802857142858,stop_hit,0.6280285714285709,0.418685714285714,-39.56580000000007,0.7,2.8992600000000004,-43.16506000000007,-1.0000000000000024,2024-12
2024-12-03 14:31:00,2024-12-03 14:32:00,2024-12-03 14:55:00,SMCI,SHORT,37,44.4,45.46392857142857,42.27214285714285,45.46392857142857,stop_hit,1.0639285714285713,0.7092857142857143,-39.36535714285706,0.7,0.8214,-40.88675714285706,-0.9999999999999979,2024-12
2024-12-03 14:32:00,2024-12-03 14:33:00,2024-12-03 14:37:00,SMCI,SHORT,35,44.9657,46.076771428571426,42.74355714285714,42.74355714285714,target_hit,1.1110714285714283,0.7407142857142855,77.77499999999996,0.7,0.7868997499999999,76.28810024999996,1.9999999999999996,2024-12
2024-12-03 14:33:00,2024-12-03 14:34:00,2024-12-03 15:06:00,SMCI,SHORT,34,44.67,45.8325,42.345000000000006,45.8325,stop_hit,1.1624999999999994,0.7749999999999996,-39.52500000000005,0.7,0.75939,-40.984390000000054,-1.0000000000000018,2024-12
2024-12-03 14:35:00,2024-12-03 14:36:00,2024-12-03 14:54:00,SMCI,SHORT,32,43.7524,44.969542857142855,41.318114285714294,44.969542857142855,stop_hit,1.2171428571428549,0.8114285714285698,-38.94857142857131,0.7,0.7000384000000001,-40.34860982857131,-0.9999999999999989,2024-12
2024-12-03 14:36:00,2024-12-03 14:37:00,2024-12-03 14:40:00,SMCI,SHORT,31,42.7,43.948214285714286,40.203571428571436,43.948214285714286,stop_hit,1.2482142857142842,0.8321428571428561,-38.69464285714278,0.7,0.66185,-40.056492857142786,-0.9999999999999993,2024-12
2024-12-03 14:37:00,2024-12-03 14:38:00,2024-12-03 14:53:00,SMCI,SHORT,28,43.38,44.72891785714286,40.68216428571429,44.72891785714286,stop_hit,1.3489178571428555,0.8992785714285704,-37.76970000000003,0.7,0.6073200000000001,-39.07702000000003,-1.000000000000002,2024-12
2024-12-03 14:38:00,2024-12-03 14:39:00,2024-12-03 14:54:00,SMCI,SHORT,26,43.61,45.02320357142857,40.78359285714286,45.02320357142857,stop_hit,1.41320357142857,0.9421357142857134,-36.74329285714276,0.7,0.5669299999999999,-38.010222857142764,-0.9999999999999984,2024-12
2024-12-03 14:39:00,2024-12-03 14:40:00,2024-12-03 14:54:00,SMCI,SHORT,26,43.85,45.297489285714285,40.955021428571435,45.297489285714285,stop_hit,1.4474892857142843,0.9649928571428562,-37.63472142857137,0.7,0.5700500000000001,-38.90477142857137,-0.9999999999999993,2024-12
2024-12-03 14:40:00,2024-12-03 14:41:00,2024-12-03 14:56:00,SMCI,SHORT,25,44.23,45.697846428571424,41.29430714285714,45.697846428571424,stop_hit,1.467846428571427,0.9785642857142847,-36.696160714285675,0.7,0.552875,-37.94903571428568,-1.0,2024-12
2024-12-03 14:41:00,2024-12-03 14:42:00,2024-12-03 14:55:00,SMCI,SHORT,24,43.8653,45.370646428571426,40.85460714285714,45.370646428571426,stop_hit,1.505346428571428,1.0035642857142852,-36.12831428571428,0.7,0.5263836000000001,-37.35469788571429,-1.0000000000000002,2024-12
2024-12-03 14:42:00,2024-12-03 14:43:00,2024-12-03 14:56:00,SMCI,SHORT,23,44.1,45.66963214285714,40.96073571428572,45.66963214285714,stop_hit,1.5696321428571416,1.0464214285714277,-36.101539285714175,0.7,0.50715,-37.30868928571418,-0.9999999999999978,2024-12
2024-12-03 14:45:00,2024-12-03 14:46:00,2024-12-03 14:53:00,SMCI,SHORT,35,43.705,44.73463214285714,41.64573571428571,44.73463214285714,stop_hit,1.0296321428571416,0.6864214285714277,-36.03712499999986,0.7,0.7648375,-37.50196249999986,-0.9999999999999974,2024-12
2024-12-03 14:49:00,2024-12-03 14:50:00,2024-12-03 14:54:00,SMCI,SHORT,39,44.3324,45.24310357142857,42.51099285714286,45.24310357142857,stop_hit,0.910703571428571,0.607135714285714,-35.51743928571423,0.7,0.8644818000000001,-37.081921085714235,-0.999999999999999,2024-12
2024-12-03 14:56:00,2024-12-03 14:57:00,2024-12-03 15:02:00,SMCI,SHORT,52,44.81,45.49034642857143,43.449307142857144,45.49034642857143,stop_hit,0.6803464285714276,0.4535642857142851,-35.37801428571413,0.7,1.16506,-37.24307428571413,-0.9999999999999971,2024-12
2024-12-03 15:52:00,2024-12-03 15:53:00,2024-12-06 14:31:00,SMCI,SHORT,32,39.71,40.775525,37.57895,40.775525,stop_hit,1.0655250000000018,0.7103500000000013,-34.09680000000003,0.7,0.63536,-35.43216000000003,-0.9999999999999991,2024-12
2024-12-09 14:31:00,2024-12-09 14:32:00,2024-12-09 14:53:00,SMCI,SHORT,42,46.91,47.72526071428571,45.27947857142857,45.27947857142857,target_hit,0.8152607142857148,0.5435071428571432,68.48189999999994,0.7,0.9851099999999999,66.79678999999993,1.9999999999999971,2024-12
2024-12-09 14:33:00,2024-12-09 14:34:00,2024-12-09 14:36:00,SMCI,SHORT,37,45.85,46.79917857142857,43.95164285714286,46.79917857142857,stop_hit,0.9491785714285716,0.6327857142857144,-35.11960714285703,0.7,0.848225,-36.66783214285703,-0.9999999999999964,2024-12
2024-12-09 14:34:00,2024-12-09 14:35:00,2024-12-09 14:36:00,SMCI,SHORT,35,45.4399,46.42549642857143,43.46870714285714,46.42549642857143,stop_hit,0.9855964285714288,0.6570642857142859,-34.49587499999993,0.7,0.79519825,-35.99107324999993,-0.9999999999999977,2024-12
2024-12-09 14:35:00,2024-12-09 14:36:00,2024-12-09 15:25:00,SMCI,SHORT,33,46.47,47.50275,44.4045,44.4045,target_hit,1.0327500000000003,0.6885000000000002,68.1615,0.7,0.766755,66.694745,1.9999999999999996,2024-12
2024-12-09 14:36:00,2024-12-09 14:37:00,2024-12-11 14:31:00,SMCI,SHORT,29,46.365,47.55685714285715,43.98128571428572,43.98128571428572,target_hit,1.1918571428571432,0.7945714285714287,69.12771428571423,0.7,0.6722925000000001,67.75542178571423,1.9999999999999978,2024-12
2024-12-09 14:39:00,2024-12-09 14:40:00,2024-12-11 14:31:00,SMCI,SHORT,26,45.79,47.13295,43.1041,43.1041,target_hit,1.3429499999999992,0.8952999999999994,69.83339999999991,0.7,0.59527,68.53812999999991,1.9999999999999987,2024-12
2024-12-09 14:40:00,2024-12-09 14:41:00,2024-12-11 14:31:00,SMCI,SHORT,25,46.1499,47.56774285714286,43.314214285714286,43.314214285714286,target_hit,1.4178428571428567,0.9452285714285712,70.89214285714291,0.7,0.57687375,69.61526910714291,2.000000000000002,2024-12
2024-12-09 14:44:00,2024-12-09 14:45:00,2024-12-11 14:31:00,SMCI,SHORT,34,45.86,46.938692857142854,43.70261428571428,43.70261428571428,target_hit,1.0786928571428578,0.7191285714285718,73.35111428571436,0.7,0.77962,71.87149428571436,2.000000000000001,2024-12
2024-12-11 14:31:00,2024-12-11 14:32:00,2024-12-11 14:43:00,SMCI,SHORT,61,37.025,37.64910714285714,35.77678571428571,37.64910714285714,stop_hit,0.6241071428571439,0.41607142857142926,-38.07053571428564,0.7,1.1292625,-39.899798214285646,-0.9999999999999964,2024-12
2024-12-11 14:33:00,2024-12-11 14:34:00,2024-12-11 14:37:00,SMCI,SHORT,53,36.11,36.82089285714286,34.68821428571428,36.82089285714286,stop_hit,0.7108928571428584,0.4739285714285723,-37.67732142857154,0.7,0.956915,-39.33423642857154,-1.000000000000001,2024-12
2024-12-11 14:34:00,2024-12-11 14:35:00,2024-12-11 14:43:00,SMCI,SHORT,49,36.57,37.31839285714286,35.073214285714286,37.31839285714286,stop_hit,0.7483928571428579,0.4989285714285719,-36.67125000000017,0.7,0.895965,-38.26721500000017,-1.0000000000000038,2024-12
2024-12-11 14:35:00,2024-12-11 14:36:00,2024-12-11 14:43:00,SMCI,SHORT,46,36.5573,37.358085714285714,34.955728571428565,37.358085714285714,stop_hit,0.8007857142857147,0.5338571428571431,-36.836142857142946,0.7,0.8408179,-38.376960757142946,-1.000000000000002,2024-12
2024-12-11 14:43:00,2024-12-11 14:44:00,2024-12-13 15:26:00,SMCI,SHORT,37,37.75,38.73791071428572,35.77417857142857,35.77417857142857,target_hit,0.987910714285716,0.658607142857144,73.10539285714287,0.7,0.698375,71.70701785714287,1.999999999999997,2024-12
2024-12-16 14:32:00,2024-12-16 14:33:00,2024-12-16 14:40:00,SMCI,SHORT,50,32.6,33.341525000000004,31.11695,33.341525000000004,stop_hit,0.7415250000000007,0.49435000000000046,-37.076250000000144,0.7,0.8150000000000001,-38.591250000000144,-1.0000000000000029,2024-12
2024-12-16 14:33:00,2024-12-16 14:34:00,2024-12-16 14:41:00,SMCI,SHORT,46,33.06,33.84866785714286,31.482664285714286,33.84866785714286,stop_hit,0.7886678571428583,0.5257785714285722,-36.278721428571316,0.7,0.7603800000000002,-37.73910142857132,-0.9999999999999954,2024-12
2024-12-16 14:34:00,2024-12-16 14:35:00,2024-12-16 14:42:00,SMCI,SHORT,38,33.12,34.061882142857144,31.23623571428571,34.061882142857144,stop_hit,0.9418821428571441,0.6279214285714294,-35.791521428571556,0.7,0.62928,-37.12080142857156,-1.0000000000000022,2024-12
2024-12-16 14:37:00,2024-12-16 14:38:00,2024-12-16 14:42:00,SMCI,SHORT,34,32.9943,34.035825,30.91125,34.035825,stop_hit,1.0415250000000018,0.6943500000000012,-35.41185,0.7,0.5609031,-36.6727531,-0.9999999999999983,2024-12
2024-12-16 14:40:00,2024-12-16 14:41:00,2024-12-16 15:02:00,SMCI,SHORT,32,33.9576,35.06966785714286,31.73346428571428,35.06966785714286,stop_hit,1.112067857142859,0.7413785714285728,-35.58617142857156,0.7,0.5433216,-36.82949302857156,-1.000000000000002,2024-12
2024-12-16 14:41:00,2024-12-16 14:42:00,2024-12-16 15:00:00,SMCI,SHORT,30,33.6701,34.81432142857143,31.381657142857136,34.81432142857143,stop_hit,1.1442214285714307,0.7628142857142871,-34.32664285714303,0.7,0.5050515,-35.53169435714303,-1.000000000000003,2024-12
2024-12-16 14:42:00,2024-12-16 14:43:00,2024-12-16 15:02:00,SMCI,SHORT,29,33.8299,35.007335714285716,31.47502857142857,35.007335714285716,stop_hit,1.177435714285716,0.7849571428571439,-34.14563571428571,0.7,0.49053355000000004,-35.336169264285715,-0.9999999999999984,2024-12
2024-12-16 15:03:00,2024-12-16 15:04:00,2024-12-19 14:31:00,SMCI,SHORT,53,34.875,35.5221,33.580799999999996,33.580799999999996,target_hit,0.6471000000000008,0.4314000000000005,68.59260000000019,0.7,0.9241875,66.96841250000018,2.000000000000003,2024-12
2024-12-06 14:31:00,2024-12-06 14:32:00,2024-12-06 14:35:00,TAP,SHORT,86,64.3025,64.71158214285714,63.484335714285706,63.484335714285706,target_hit,0.409082142857146,0.27272142857143067,70.36212857142885,0.7,2.7650075,66.89712107142886,1.9999999999999927,2024-12
2024-12-06 14:32:00,2024-12-06 14:33:00,2024-12-06 14:35:00,TAP,SHORT,80,64.29,64.73658214285715,63.396835714285714,63.396835714285714,target_hit,0.4465821428571455,0.2977214285714303,71.45314285714335,0.7,2.5716000000000006,68.18154285714334,2.0000000000000018,2024-12
2024-12-06 14:33:00,2024-12-06 14:34:00,2024-12-06 14:47:00,TAP,SHORT,81,63.725,64.17452857142858,62.825942857142856,62.825942857142856,target_hit,0.44952857142857433,0.2996857142857162,72.8236285714288,0.7,2.5808625000000003,69.5427660714288,1.9999999999999933,2024-12
2024-12-04 14:31:00,2024-12-04 14:32:00,2024-12-04 14:34:00,TER,SHORT,55,117.32,117.99339285714285,115.97321428571428,115.97321428571428,target_hit,0.6733928571428552,0.4489285714285702,74.07321428571436,0.7,3.2262999999999997,70.14691428571436,2.0000000000000075,2024-12
2024-12-04 14:32:00,2024-12-04 14:33:00,2024-12-04 14:58:00,TER,SHORT,54,116.3,117.00203214285713,114.89593571428571,114.89593571428571,target_hit,0.7020321428571417,0.46802142857142776,75.81947142857135,0.7,3.1401,71.97937142857134,2.0000000000000013,2024-12
2024-12-16 14:31:00,2024-12-16 14:32:00,2024-12-16 14:49:00,TER,SHORT,32,126.74,127.92708928571427,124.36582142857144,127.92708928571427,stop_hit,1.1870892857142823,0.7913928571428548,-37.986857142856934,0.7,2.02784,-40.714697142856934,-0.9999999999999973,2024-12
2024-12-09 14:31:00,2024-12-09 14:32:00,2024-12-09 14:36:00,TSLA,SHORT,10,399.94,403.5252142857143,392.7695714285714,403.5252142857143,stop_hit,3.58521428571429,2.3901428571428602,-35.85214285714301,0.7,1.9997,-38.55184285714301,-1.0000000000000029,2024-12
2024-12-09 14:46:00,2024-12-09 14:47:00,2024-12-09 15:23:00,TSLA,LONG,9,394.585,390.61724285714286,402.5205142857143,390.61724285714286,stop_hit,3.967757142857142,2.645171428571428,-35.70981428571412,0.7,1.7756325,-38.18544678571412,-0.9999999999999956,2024-12
2024-12-17 14:31:00,2024-12-17 14:32:00,2024-12-17 14:44:00,TSLA,SHORT,8,468.2587,472.50293928571426,459.7702214285714,472.50293928571426,stop_hit,4.244239285714294,2.829492857142863,-33.95391428571429,0.7,1.8730347999999999,-36.52694908571429,-0.9999999999999981,2024-12
2024-12-18 14:31:00,2024-12-18 14:32:00,2024-12-18 14:35:00,TSLA,LONG,9,466.78,463.0306857142857,474.2786285714285,463.0306857142857,stop_hit,3.749314285714269,2.499542857142846,-33.74382857142837,0.7,2.10051,-36.54433857142837,-0.9999999999999983,2024-12
2024-12-18 14:34:00,2024-12-18 14:35:00,2024-12-18 14:54:00,TSLA,LONG,9,463.38,459.4696285714286,471.2007428571428,471.2007428571428,target_hit,3.9103714285714055,2.60691428571427,70.38668571428536,0.7,2.08521,67.60147571428536,2.0000000000000018,2024-12
2024-12-18 14:35:00,2024-12-18 14:36:00,2024-12-18 14:54:00,TSLA,LONG,9,464.1316,460.1955142857143,472.0037714285714,472.0037714285714,target_hit,3.936085714285692,2.624057142857128,70.84954285714252,0.7,2.0885922,68.06095065714253,2.0000000000000018,2024-12
2024-12-18 14:36:00,2024-12-18 14:37:00,2024-12-18 14:47:00,TSLA,LONG,9,462.0,457.95784285714285,470.08431428571424,470.08431428571424,target_hit,4.042157142857121,2.694771428571414,72.75882857142818,0.7,2.079,69.97982857142819,2.0,2024-12
2024-12-19 14:32:00,2024-12-19 14:33:00,2024-12-19 14:36:00,TSLA,LONG,8,450.3901,445.62658214285716,459.91713571428573,445.62658214285716,stop_hit,4.76351785714285,3.1756785714285667,-38.108142857142866,0.7,1.8015604,-40.60970325714287,-1.0000000000000018,2024-12
2024-12-19 14:37:00,2024-12-19 14:38:00,2024-12-19 15:28:00,TSLA,LONG,6,444.65,438.2191571428571,457.5116857142857,438.2191571428571,stop_hit,6.430842857142854,4.287228571428569,-38.58505714285718,0.7,1.3339499999999997,-40.619007142857185,-1.0000000000000016,2024-12
2024-12-19 14:38:00,2024-12-19 14:39:00,2024-12-19 15:28:00,TSLA,LONG,5,444.85,438.1721928571429,458.2056142857143,438.1721928571429,stop_hit,6.677807142857141,4.451871428571427,-33.38903571428574,0.7,1.112125,-35.20116071428574,-1.000000000000001,2024-12
2024-12-19 14:39:00,2024-12-19 14:40:00,2024-12-19 15:27:00,TSLA,LONG,5,447.64,440.8936214285714,461.13275714285714,440.8936214285714,stop_hit,6.746378571428567,4.497585714285711,-33.731892857142896,0.7,1.1191,-35.5509928571429,-1.0000000000000018,2024-12
2024-12-20 14:31:00,2024-12-20 14:32:00,2024-12-20 14:48:00,TSLA,LONG,8,423.9,419.241825,433.21635,419.241825,stop_hit,4.658174999999998,3.1054499999999985,-37.26539999999977,0.7,1.6956,-39.660999999999774,-0.9999999999999942,2024-12
2024-12-20 14:32:00,2024-12-20 14:33:00,2024-12-20 15:11:00,TSLA,LONG,7,421.39,416.4628857142857,431.24422857142855,431.24422857142855,target_hit,4.927114285714286,3.284742857142857,68.97959999999995,0.7,1.474865,66.80473499999995,1.9999999999999987,2024-12
2024-12-20 14:34:00,2024-12-20 14:35:00,2024-12-20 14:50:00,TSLA,LONG,7,423.19,417.933625,433.70275,417.933625,stop_hit,5.256375000000002,3.504250000000001,-36.79462499999994,0.7,1.481165,-38.97578999999994,-0.999999999999998,2024-12
2024-12-20 14:35:00,2024-12-20 14:36:00,2024-12-20 14:48:00,TSLA,LONG,7,424.175,418.9365071428572,434.65198571428573,418.9365071428572,stop_hit,5.238492857142859,3.4923285714285726,-36.66944999999981,0.7,1.4846125,-38.85406249999981,-0.9999999999999946,2024-12
2024-12-20 14:36:00,2024-12-20 14:37:00,2024-12-20 14:48:00,TSLA,LONG,6,424.835,419.4861392857143,435.5327214285714,419.4861392857143,stop_hit,5.34886071428571,3.56590714285714,-32.09316428571424,0.7,1.274505,-34.06766928571424,-0.9999999999999993,2024-12
2024-12-20 14:38:00,2024-12-20 14:39:00,2024-12-20 14:47:00,TSLA,LONG,6,428.2099,422.6123285714286,439.40504285714286,422.6123285714286,stop_hit,5.597571428571426,3.7317142857142835,-33.585428571428565,0.7,1.2846297,-35.570058271428564,-1.0000000000000002,2024-12
2024-12-20 14:39:00,2024-12-20 14:40:00,2024-12-20 14:48:00,TSLA,LONG,6,426.086,420.3898571428572,437.47828571428573,420.3898571428572,stop_hit,5.696142857142856,3.7974285714285707,-34.17685714285699,0.7,1.2782580000000001,-36.15511514285699,-0.9999999999999957,2024-12
2024-12-20 14:48:00,2024-12-20 14:49:00,2024-12-20 15:04:00,TSLA,LONG,9,419.31,415.40575714285717,427.1184857142857,427.1184857142857,target_hit,3.9042428571428496,2.6028285714285664,70.27637142857151,0.7,1.886895,67.68947642857151,2.000000000000006,2024-12
2024-12-20 14:49:00,2024-12-20 14:50:00,2024-12-20 14:55:00,TSLA,LONG,9,418.26,414.412875,425.95425,425.95425,target_hit,3.8471249999999935,2.5647499999999956,69.2482500000001,0.7,1.8821700000000001,66.6660800000001,2.000000000000006,2024-12
2024-12-23 14:31:00,2024-12-23 14:32:00,2024-12-23 14:37:00,TSLA,LONG,10,427.628,423.9411607142857,435.00167857142856,423.9411607142857,stop_hit,3.6868392857142993,2.457892857142866,-36.868392857143135,0.7,2.13814,-39.70653285714314,-1.0000000000000038,2024-12
2024-12-23 14:32:00,2024-12-23 14:33:00,2024-12-23 14:37:00,TSLA,LONG,9,429.34,425.55779285714283,436.90441428571427,425.55779285714283,stop_hit,3.782207142857158,2.521471428571439,-34.039864285714316,0.7,1.93203,-36.671894285714316,-0.9999999999999968,2024-12
2024-12-23 14:36:00,2024-12-23 14:37:00,2024-12-23 15:06:00,TSLA,LONG,8,424.7681,420.52891785714286,433.2464642857143,420.52891785714286,stop_hit,4.239182142857143,2.8261214285714282,-33.91345714285717,0.7,1.6990724000000001,-36.31252954285717,-1.0000000000000009,2024-12
2024-12-23 14:37:00,2024-12-23 14:38:00,2024-12-23 15:06:00,TSLA,LONG,7,426.2298,421.62739285714287,435.4346142857143,421.62739285714287,stop_hit,4.602407142857138,3.068271428571425,-32.21685000000002,0.7,1.4918043,-34.40865430000002,-1.0000000000000018,2024-12
2024-12-23 14:39:00,2024-12-23 14:40:00,2024-12-23 15:09:00,TSLA,LONG,7,423.3225,418.4237464285714,433.12000714285716,418.4237464285714,stop_hit,4.898753571428571,3.265835714285714,-34.2912750000001,0.7,1.4816287499999998,-36.4729037500001,-1.0000000000000029,2024-12
2024-12-30 14:31:00,2024-12-30 14:32:00,2024-12-30 14:57:00,TSLA,LONG,9,422.0,418.3788714285714,429.2422571428571,418.3788714285714,stop_hit,3.6211285714285686,2.4140857142857124,-32.590157142857265,0.7,1.899,-35.18915714285727,-1.0000000000000044,2024-12
2024-12-30 14:35:00,2024-12-30 14:36:00,2024-12-30 14:45:00,TSLA,LONG,8,424.8301,420.501625,433.48705,420.501625,stop_hit,4.328474999999997,2.8856499999999983,-34.62780000000021,0.7,1.6993204000000002,-37.02712040000021,-1.0000000000000067,2024-12
2024-12-30 14:36:00,2024-12-30 14:37:00,2024-12-30 14:45:00,TSLA,LONG,7,425.315,420.6650964285714,434.61480714285716,420.6650964285714,stop_hit,4.649903571428569,3.0999357142857127,-32.54932500000007,0.7,1.4886025,-34.73792750000007,-1.0000000000000027,2024-12
2024-12-05 14:32:00,2024-12-05 14:33:00,2024-12-05 14:38:00,UAL,SHORT,38,102.53,103.42681785714285,100.7363642857143,103.42681785714285,stop_hit,0.8968178571428526,0.5978785714285684,-34.07907857142828,0.7,1.94807,-36.72714857142829,-0.9999999999999967,2024-12
2024-12-05 14:33:00,2024-12-05 14:34:00,2024-12-05 14:36:00,UAL,SHORT,35,102.045,103.00511785714285,100.12476428571429,103.00511785714285,stop_hit,0.9601178571428528,0.6400785714285685,-33.60412499999967,0.7,1.7857875,-36.08991249999967,-0.9999999999999947,2024-12
2024-12-17 14:31:00,2024-12-17 14:32:00,2024-12-17 15:52:00,UNH,SHORT,6,492.15,496.9912392857143,482.46752142857133,482.46752142857133,target_hit,4.8412392857143125,3.227492857142875,58.09487142857188,0.7,1.4764499999999998,55.918421428571875,2.0000000000000044,2024-12
2024-12-17 14:32:00,2024-12-17 14:33:00,2024-12-17 14:43:00,UNH,LONG,6,492.99,487.96060714285716,503.04878571428577,487.96060714285716,stop_hit,5.029392857142879,3.3529285714285857,-30.176357142857114,0.7,1.4789700000000001,-32.355327142857114,-0.9999999999999947,2024-12
2024-12-17 14:35:00,2024-12-17 14:36:00,2024-12-17 14:42:00,UNH,LONG,5,493.95,488.17114285714285,505.5077142857143,488.17114285714285,stop_hit,5.778857142857159,3.8525714285714394,-28.894285714285672,0.7,1.234875,-30.82916071428567,-0.9999999999999957,2024-12
2024-12-17 14:39:00,2024-12-17 14:40:00,2024-12-17 14:44:00,UNH,LONG,5,491.98,485.68739285714287,504.5652142857143,485.68739285714287,stop_hit,6.292607142857136,4.195071428571424,-31.463035714285752,0.7,1.22995,-33.39298571428576,-1.0000000000000022,2024-12
2024-12-17 14:44:00,2024-12-17 14:45:00,2024-12-17 15:53:00,UNH,LONG,8,484.6,480.72436428571433,492.3512714285714,480.72436428571433,stop_hit,3.875635714285707,2.583757142857138,-31.005085714285542,0.7,1.9384000000000001,-33.64348571428554,-0.9999999999999963,2024-12
2024-12-19 14:31:00,2024-12-19 14:32:00,2024-12-19 14:39:00,VRTX,SHORT,2,388.02,399.0433821428571,365.97323571428564,399.0433821428571,stop_hit,11.023382142857162,7.348921428571442,-22.04676428571429,0.7,0.38802,-23.13478428571429,-0.9999999999999983,2024-12
2024-12-19 14:33:00,2024-12-19 14:34:00,2024-12-19 15:53:00,VRTX,SHORT,2,394.68,406.61410714285716,370.8117857142857,391.31,time_exit,11.934107142857155,7.956071428571436,6.740000000000009,0.7,0.39468000000000003,5.645320000000009,0.28238392362825643,2024-12
2024-12-19 14:34:00,2024-12-19 14:35:00,2024-12-19 15:53:00,VRTX,SHORT,2,394.91,407.33481071428577,370.0603785714286,391.31,time_exit,12.424810714285726,8.283207142857151,7.2000000000000455,0.7,0.39491000000000004,6.105090000000045,0.28974284460211824,2024-12
2024-12-19 14:36:00,2024-12-19 14:37:00,2024-12-19 15:53:00,VRTX,LONG,2,395.255,382.29395,421.1771,391.31,time_exit,12.961050000000014,8.64070000000001,-7.889999999999986,0.7,0.395255,-8.985254999999986,-0.3043734882590522,2024-12
2024-12-19 14:37:00,2024-12-19 14:38:00,2024-12-19 15:43:00,VRTX,LONG,2,398.68,385.3739607142857,425.2920785714286,385.3739607142857,stop_hit,13.3060392857143,8.870692857142867,-26.612078571428583,0.7,0.39868000000000003,-27.71075857142858,-0.9999999999999993,2024-12
2024-12-19 14:38:00,2024-12-19 14:39:00,2024-12-19 15:41:00,VRTX,LONG,2,400.29,386.58324642857144,427.7035071428572,386.58324642857144,stop_hit,13.706753571428587,9.137835714285725,-27.413507142857156,0.7,0.40029000000000003,-28.513797142857157,-0.9999999999999993,2024-12
2024-12-19 14:49:00,2024-12-19 14:50:00,2024-12-19 14:53:00,VRTX,LONG,6,394.22,389.15022500000003,404.35955,389.15022500000003,stop_hit,5.069775000000001,3.3798500000000007,-30.418649999999957,0.7,1.18266,-32.30130999999996,-0.9999999999999984,2024-12
2024-12-19 14:50:00,2024-12-19 14:51:00,2024-12-19 15:43:00,VRTX,LONG,6,391.095,386.02954285714287,401.22591428571434,386.02954285714287,stop_hit,5.065457142857143,3.376971428571429,-30.392742857142935,0.7,1.1732850000000001,-32.26602785714294,-1.0000000000000024,2024-12
2024-12-19 14:51:00,2024-12-19 14:52:00,2024-12-19 15:43:00,VRTX,LONG,6,390.77,385.6617071428571,400.9865857142857,385.6617071428571,stop_hit,5.10829285714286,3.4055285714285737,-30.64975714285731,0.7,1.17231,-32.52206714285731,-1.0000000000000049,2024-12
2024-12-19 14:52:00,2024-12-19 14:53:00,2024-12-19 15:41:00,VRTX,LONG,6,391.83,386.95901785714284,401.5719642857143,386.95901785714284,stop_hit,4.870982142857146,3.247321428571431,-29.225892857142867,0.7,1.17549,-31.101382857142866,-0.9999999999999997,2024-12
2024-12-04 14:33:00,2024-12-04 14:34:00,2024-12-04 14:36:00,VST,SHORT,20,161.14,162.62318928571426,158.17362142857144,162.62318928571426,stop_hit,1.4831892857142819,0.9887928571428546,-29.663785714285495,0.7,1.6114,-31.975185714285494,-0.9999999999999952,2024-12
2024-12-09 14:31:00,2024-12-09 14:32:00,2024-12-09 14:39:00,WDAY,SHORT,8,284.74,288.35339285714286,277.5132142857143,288.35339285714286,stop_hit,3.6133928571428475,2.408928571428565,-28.907142857142844,0.7,1.13896,-30.746102857142844,-1.0000000000000022,2024-12
2024-12-09 14:33:00,2024-12-09 14:34:00,2024-12-09 14:40:00,WDAY,SHORT,7,284.49,288.6771428571429,276.1157142857143,288.6771428571429,stop_hit,4.187142857142849,2.791428571428566,-29.310000000000116,0.7,0.995715,-31.005715000000116,-1.000000000000006,2024-12
2024-12-19 14:33:00,2024-12-19 14:34:00,2024-12-19 15:53:00,WDC,SHORT,32,61.725,62.64338571428572,59.88822857142857,60.7586,time_exit,0.9183857142857162,0.6122571428571442,30.924800000000005,0.7,0.9876,29.237200000000005,1.0522811765986881,2024-12
2024-12-09 14:33:00,2024-12-09 14:34:00,2024-12-09 14:37:00,WYNN,SHORT,59,98.255,98.76370357142856,97.23759285714286,98.76370357142856,stop_hit,0.5087035714285716,0.3391357142857144,-30.013510714285573,0.7,2.8985225,-33.612033214285574,-0.999999999999995,2024-12
2025-01-27 14:35:00,2025-01-27 14:36:00,2025-01-28 14:31:00,ANET,LONG,9,108.55,105.26009285714285,115.12981428571429,105.26009285714285,stop_hit,3.289907142857146,2.1932714285714305,-29.609164285714314,0.7,0.488475,-30.797639285714315,-1.0,2025-01
2025-01-30 14:34:00,2025-01-30 14:35:00,2025-01-30 15:52:00,AOS,SHORT,43,66.83,67.516625,65.45674999999999,66.24,time_exit,0.6866250000000034,0.45775000000000227,25.370000000000147,0.7,1.4368450000000001,23.233155000000146,0.8592754414709638,2025-01
2025-01-22 14:32:00,2025-01-22 14:33:00,2025-01-22 15:40:00,APA,SHORT,203,23.33,23.476239285714286,23.037521428571427,23.476239285714286,stop_hit,0.14623928571428557,0.09749285714285705,-29.68657500000033,1.421,2.367995,-33.47557000000033,-1.0000000000000122,2025-01
2025-01-22 14:32:00,2025-01-22 14:33:00,2025-01-22 14:37:00,APH,SHORT,35,74.44,75.27455714285715,72.77088571428571,75.27455714285715,stop_hit,0.8345571428571452,0.5563714285714302,-29.20950000000026,0.7,1.3027,-31.212200000000262,-1.0000000000000062,2025-01
2025-01-22 14:33:00,2025-01-22 14:34:00,2025-01-22 15:53:00,APTV,SHORT,35,64.375,65.19645357142856,62.73209285714286,63.29,time_exit,0.8214535714285697,0.5476357142857131,37.97500000000003,0.7,1.1265625000000001,36.14843750000003,1.320829366062776,2025-01
2025-01-15 14:32:00,2025-01-15 14:33:00,2025-01-17 15:53:00,BLDR,SHORT,9,163.91,166.97235714285713,157.7852857142857,164.69,time_exit,3.0623571428571488,2.0415714285714324,-7.02000000000001,0.7,0.737595,-8.45759500000001,-0.25470575886921826,2025-01
2025-01-10 14:37:00,2025-01-10 14:38:00,2025-01-10 14:58:00,CEG,SHORT,3,296.575,304.90281785714285,279.91936428571427,304.90281785714285,stop_hit,8.327817857142865,5.551878571428576,-24.983453571428583,0.7,0.44486249999999994,-26.128316071428582,-0.9999999999999996,2025-01
2025-01-10 14:52:00,2025-01-10 14:53:00,2025-01-10 15:08:00,CEG,LONG,6,299.35,294.87028214285715,308.3094357142857,294.87028214285715,stop_hit,4.479717857142857,2.986478571428571,-26.87830714285724,0.7,0.8980500000000001,-28.47635714285724,-1.0000000000000036,2025-01
2025-01-13 14:31:00,2025-01-13 14:32:00,2025-01-13 14:36:00,CEG,SHORT,8,295.845,299.23257857142863,289.0698428571428,289.0698428571428,target_hit,3.3875785714285933,2.258385714285729,54.201257142857685,0.7,1.18338,52.31787714285768,2.000000000000007,2025-01
2025-01-27 14:36:00,2025-01-27 14:37:00,2025-01-27 15:16:00,CEG,LONG,3,290.745,281.14243928571426,309.95012142857144,281.14243928571426,stop_hit,9.602560714285726,6.40170714285715,-28.80768214285723,0.7,0.4361175,-29.943799642857233,-1.0000000000000018,2025-01
2025-01-27 14:39:00,2025-01-27 14:40:00,2025-01-28 14:44:00,CEG,SHORT,2,285.0199,295.7061357142857,263.6474285714286,263.6474285714286,target_hit,10.686235714285727,7.124157142857151,42.74494285714286,0.7,0.2850199,41.759922957142855,1.9999999999999978,2025-01
2025-01-27 14:41:00,2025-01-27 14:42:00,2025-01-28 15:53:00,CEG,SHORT,2,283.4006,294.56039642857144,261.0810071428571,261.0810071428571,target_hit,11.15979642857144,7.439864285714293,44.63918571428576,0.7,0.2834006,43.655785114285756,2.0,2025-01
2025-01-27 14:46:00,2025-01-27 14:47:00,2025-01-27 15:06:00,CEG,LONG,4,291.595,285.5335642857143,303.71787142857147,285.5335642857143,stop_hit,6.0614357142857145,4.040957142857143,-24.245742857142886,0.7,0.5831900000000001,-25.528932857142884,-1.000000000000001,2025-01
2025-01-27 14:48:00,2025-01-27 14:49:00,2025-01-27 15:09:00,CEG,LONG,5,287.67,282.14499642857146,298.7200071428572,282.14499642857146,stop_hit,5.525003571428574,3.683335714285716,-27.62501785714278,0.7,0.7191750000000001,-29.04419285714278,-0.9999999999999968,2025-01
2025-01-30 14:31:00,2025-01-30 14:32:00,2025-01-30 14:38:00,CMCSA,SHORT,57,33.985,34.495000000000005,32.96499999999999,34.495000000000005,stop_hit,0.5100000000000036,0.3400000000000024,-29.07000000000029,0.7,0.9685725000000001,-30.73857250000029,-1.000000000000003,2025-01
2025-01-17 14:32:00,2025-01-17 14:33:00,2025-01-17 15:10:00,COIN,SHORT,9,295.62,298.80225,289.2555,298.80225,stop_hit,3.1822499999999962,2.1214999999999975,-28.640250000000094,0.7,1.33029,-30.670540000000095,-1.0000000000000044,2025-01
2025-01-27 14:31:00,2025-01-27 14:32:00,2025-01-27 14:56:00,COIN,SHORT,6,283.0918,287.4149178571428,274.4455642857143,287.4149178571428,stop_hit,4.3231178571428535,2.882078571428569,-25.938707142857083,0.7,0.8492754,-27.487982542857083,-0.9999999999999986,2025-01
2025-01-06 14:31:00,2025-01-06 14:32:00,2025-01-06 14:36:00,DAL,SHORT,70,59.87,60.27332857142857,59.06334285714286,60.27332857142857,stop_hit,0.4033285714285708,0.2688857142857139,-28.233000000000175,0.7,2.09545,-31.028450000000174,-1.0000000000000078,2025-01
2025-01-31 14:40:00,2025-01-31 14:41:00,2025-01-31 15:53:00,DECK,SHORT,5,193.5086,198.66006135714287,183.20567728571427,186.075,time_exit,5.151461357142858,3.434307571428572,37.16800000000006,0.7,0.4837715,35.98422850000006,1.4430080096966682,2025-01
2025-01-31 14:42:00,2025-01-31 14:43:00,2025-01-31 15:53:00,DECK,SHORT,5,190.7563,196.29540421428572,179.67809157142858,186.075,time_exit,5.5391042142857145,3.692736142857143,23.406500000000108,0.7,0.47689075000000003,22.22960925000011,0.8451366536716606,2025-01
2025-01-27 14:35:00,2025-01-27 14:36:00,2025-01-27 15:53:00,DLR,SHORT,7,163.09,166.85264285714285,155.5647142857143,159.13,time_exit,3.7626428571428567,2.508428571428571,27.720000000000056,0.7,0.5708150000000001,26.449185000000057,1.0524517341534279,2025-01
2025-01-08 14:43:00,2025-01-08 14:44:00,2025-01-08 15:04:00,EBAY,SHORT,22,70.165,71.43746071428572,67.62007857142858,71.43746071428572,stop_hit,1.2724607142857152,0.8483071428571434,-27.994135714285704,0.7,0.771815,-29.465950714285704,-0.999999999999999,2025-01
2025-01-23 14:32:00,2025-01-23 14:33:00,2025-01-23 14:44:00,ELV,SHORT,7,400.3,404.19745,392.5051,392.5051,target_hit,3.8974499999999983,2.5982999999999987,54.56429999999989,0.7,1.40105,52.46324999999989,1.999999999999997,2025-01
2025-01-06 14:31:00,2025-01-06 14:32:00,2025-01-06 14:33:00,ENPH,SHORT,49,75.19,75.77992857142857,74.01014285714285,75.77992857142857,stop_hit,0.5899285714285715,0.3932857142857143,-28.90650000000005,0.7,1.842155,-31.448655000000052,-1.0000000000000018,2025-01
2025-01-15 14:32:00,2025-01-15 14:33:00,2025-01-15 14:37:00,ENPH,SHORT,53,68.115,68.65839642857142,67.02820714285714,67.02820714285714,target_hit,0.5433964285714293,0.3622642857142862,57.60002142857124,0.7,1.8050475,55.094973928571235,1.9999999999999907,2025-01
2025-01-27 14:33:00,2025-01-27 14:34:00,2025-01-27 14:35:00,EQT,SHORT,50,48.555,49.13465357142857,47.395692857142855,49.13465357142857,stop_hit,0.5796535714285722,0.38643571428571477,-28.98267857142862,0.7,1.213875,-30.896553571428623,-1.0000000000000004,2025-01
2025-01-27 14:34:00,2025-01-27 14:35:00,2025-01-30 15:53:00,ETN,SHORT,4,325.025,332.2753464285714,310.5243071428571,324.79,time_exit,7.250346428571433,4.833564285714289,0.9399999999998272,0.7,0.65005,-0.4100500000001728,0.03241224434102797,2025-01
2025-01-27 14:40:00,2025-01-27 14:41:00,2025-01-30 14:38:00,ETN,SHORT,3,317.285,326.2609785714286,299.33304285714286,326.2609785714286,stop_hit,8.975978571428572,5.983985714285715,-26.927935714285752,0.7,0.4759275,-28.103863214285752,-1.0000000000000013,2025-01
2025-01-13 14:35:00,2025-01-13 14:36:00,2025-01-30 14:31:00,EW,SHORT,31,71.495,72.41165000000001,69.6617,72.41165000000001,stop_hit,0.9166500000000051,0.6111000000000034,-28.41615000000013,0.7,1.1081725000000002,-30.224322500000127,-0.999999999999999,2025-01
2025-01-06 14:32:00,2025-01-06 14:33:00,2025-01-06 14:36:00,FSLR,SHORT,20,191.075,192.48896428571427,188.24707142857142,192.48896428571427,stop_hit,1.413964285714286,0.9426428571428573,-28.27928571428572,0.7,1.91075,-30.89003571428572,-1.0,2025-01
2025-01-06 14:56:00,2025-01-06 14:57:00,2025-01-06 15:00:00,FSLR,SHORT,29,194.165,195.10931428571428,192.27637142857142,195.10931428571428,stop_hit,0.9443142857142897,0.6295428571428597,-27.385114285714252,0.7,2.8153925,-30.900506785714253,-0.9999999999999946,2025-01
2025-01-29 14:31:00,2025-01-29 14:32:00,2025-01-29 14:39:00,FSLR,SHORT,23,165.82,167.0152107142857,163.42957857142855,167.0152107142857,stop_hit,1.1952107142857153,0.7968071428571436,-27.48984642857127,0.7,1.9069299999999998,-30.096776428571268,-0.9999999999999933,2025-01
2025-01-23 14:39:00,2025-01-23 14:40:00,2025-01-23 15:53:00,GE,SHORT,7,206.07,209.6835964285714,198.84280714285714,201.545,time_exit,3.6135964285714257,2.4090642857142837,31.67500000000004,0.7,0.721245,30.25375500000004,1.2522150963573118,2025-01
2025-01-22 14:31:00,2025-01-22 14:32:00,2025-01-22 14:36:00,GEV,SHORT,5,421.25,426.80084642857145,410.14830714285716,426.80084642857145,stop_hit,5.5508464285714245,3.700564285714283,-27.754232142857234,0.7,1.053125,-29.507357142857234,-1.000000000000004,2025-01
2025-01-27 14:49:00,2025-01-27 14:50:00,2025-01-27 15:06:00,GEV,LONG,3,345.97,338.61521071428575,360.6795785714286,338.61521071428575,stop_hit,7.3547892857142685,4.903192857142845,-22.064367857142827,0.7,0.518955,-23.283322857142828,-1.0000000000000009,2025-01
2025-01-28 14:45:00,2025-01-28 14:46:00,2025-01-28 14:56:00,GEV,SHORT,5,321.0,326.24908928571426,310.5018214285714,326.24908928571426,stop_hit,5.249089285714289,3.499392857142859,-26.245446428571313,0.7,0.8025,-27.74794642857131,-0.9999999999999949,2025-01
2025-01-28 14:47:00,2025-01-28 14:48:00,2025-01-28 14:58:00,GEV,SHORT,4,324.35,329.9285321428572,313.1929357142857,329.9285321428572,stop_hit,5.578532142857156,3.7190214285714376,-22.314128571428682,0.7,0.6487,-23.662828571428683,-1.0000000000000024,2025-01
2025-01-28 15:08:00,2025-01-28 15:09:00,2025-01-28 15:45:00,GEV,SHORT,6,336.84,341.1204321428571,328.2791357142857,328.2791357142857,target_hit,4.280432142857148,2.8536214285714316,51.365185714285644,0.7,1.01052,49.65466571428564,1.9999999999999951,2025-01
2025-01-30 14:33:00,2025-01-30 14:34:00,2025-01-30 14:45:00,GEV,SHORT,6,374.76,379.10229642857144,366.07540714285716,379.10229642857144,stop_hit,4.342296428571428,2.8948642857142852,-26.053778571428666,0.7,1.12428,-27.878058571428664,-1.0000000000000038,2025-01
2025-01-30 14:48:00,2025-01-30 14:49:00,2025-01-30 15:03:00,GEV,SHORT,6,379.33,383.4675785714286,371.05484285714283,371.05484285714283,target_hit,4.1375785714285875,2.758385714285725,49.65094285714292,0.7,1.13799,47.81295285714292,1.999999999999995,2025-01
2025-01-30 14:56:00,2025-01-30 14:57:00,2025-01-30 15:08:00,IBM,SHORT,15,257.6825,259.51959285714287,254.0083142857143,259.51959285714287,stop_hit,1.8370928571428475,1.224728571428565,-27.556392857142953,0.7,1.93261875,-30.18901160714295,-1.0000000000000087,2025-01
2025-01-30 14:34:00,2025-01-30 14:35:00,2025-01-30 15:23:00,LVS,SHORT,37,47.445,48.176059714285714,45.98288057142857,48.176059714285714,stop_hit,0.7310597142857147,0.4873731428571431,-27.049209428571395,0.7,0.8777325,-28.626941928571394,-0.9999999999999982,2025-01
2025-01-06 14:31:00,2025-01-06 14:32:00,2025-01-06 14:47:00,MRNA,SHORT,64,43.775,44.196285714285715,42.93242857142857,42.93242857142857,target_hit,0.42128571428571604,0.280857142857144,53.92457142857165,0.7,1.4008,51.82377142857165,2.0,2025-01
2025-01-07 14:31:00,2025-01-07 14:32:00,2025-01-07 14:34:00,MRNA,SHORT,65,44.384,44.80345357142857,43.545092857142855,44.80345357142857,stop_hit,0.4194535714285725,0.279635714285715,-27.264482142857,0.7,1.44248,-29.406962142856997,-0.9999999999999922,2025-01
2025-01-07 14:32:00,2025-01-07 14:33:00,2025-01-07 14:35:00,MRNA,SHORT,58,44.5896,45.057385714285715,43.65402857142857,45.057385714285715,stop_hit,0.46778571428571575,0.31185714285714383,-27.131571428571633,0.7,1.2930983999999999,-29.124669828571633,-1.0000000000000044,2025-01
2025-01-07 14:41:00,2025-01-07 14:42:00,2025-01-07 14:45:00,MRNA,SHORT,40,45.75,46.41079285714286,44.42841428571429,46.41079285714286,stop_hit,0.6607928571428556,0.44052857142857044,-26.43171428571435,0.7,0.915,-28.046714285714348,-1.0000000000000047,2025-01
2025-01-07 14:46:00,2025-01-07 14:47:00,2025-01-07 14:51:00,MRNA,SHORT,44,46.72,47.31531785714285,45.52936428571429,47.31531785714285,stop_hit,0.5953178571428557,0.3968785714285704,-26.193985714285503,0.7,1.0278399999999999,-27.921825714285504,-0.9999999999999944,2025-01
2025-01-13 14:36:00,2025-01-13 14:37:00,2025-01-21 14:31:00,MRNA,LONG,15,32.55,30.852396428571424,35.94520714285714,35.94520714285714,target_hit,1.6976035714285718,1.1317357142857145,50.928107142857186,0.7,0.24412499999999998,49.98398214285719,2.0000000000000013,2025-01
2025-01-13 14:37:00,2025-01-13 14:38:00,2025-01-13 14:52:00,MRNA,SHORT,15,32.1238,33.86944642857143,28.632507142857143,33.86944642857143,stop_hit,1.745646428571429,1.163764285714286,-26.184696428571392,0.7,0.24092850000000002,-27.12562492857139,-0.9999999999999983,2025-01
2025-01-13 14:42:00,2025-01-13 14:43:00,2025-01-15 14:31:00,MRNA,SHORT,13,32.775,34.68458571428571,28.95582857142857,34.68458571428571,stop_hit,1.9095857142857147,1.273057142857143,-24.824614285714247,0.7,0.2130375,-25.737651785714245,-0.9999999999999982,2025-01
2025-01-13 14:52:00,2025-01-13 14:53:00,2025-01-13 15:05:00,MRNA,SHORT,39,33.25,33.92373571428571,31.90252857142857,33.92373571428571,stop_hit,0.673735714285715,0.44915714285714337,-26.275692857142772,0.7,0.648375,-27.624067857142773,-0.9999999999999957,2025-01
2025-01-13 14:53:00,2025-01-13 14:54:00,2025-01-13 15:01:00,MRNA,SHORT,37,33.085,33.773425,31.70815,33.773425,stop_hit,0.6884250000000007,0.4589500000000005,-25.471725000000085,0.7,0.6120725,-26.783797500000084,-1.0000000000000022,2025-01
2025-01-15 14:35:00,2025-01-15 14:36:00,2025-01-15 14:40:00,MRNA,SHORT,74,34.815,35.16200271428571,34.12099457142857,35.16200271428571,stop_hit,0.34700271428571583,0.2313351428571439,-25.678200857142897,0.7,1.288155,-27.666355857142896,-0.9999999999999971,2025-01
2025-01-21 14:31:00,2025-01-21 14:32:00,2025-01-21 14:36:00,MRNA,SHORT,63,36.22,36.626242857142856,35.407514285714285,36.626242857142856,stop_hit,0.4062428571428559,0.2708285714285706,-25.593299999999985,0.7,1.14093,-27.434229999999985,-1.0000000000000024,2025-01
2025-01-13 14:31:00,2025-01-13 14:32:00,2025-01-14 14:31:00,MU,SHORT,24,94.17,95.21322857142857,92.08354285714286,95.21322857142857,stop_hit,1.0432285714285732,0.6954857142857155,-25.037485714285708,0.7,1.13004,-26.86752571428571,-0.9999999999999981,2025-01
2025-01-30 14:35:00,2025-01-30 14:36:00,2025-01-31 15:53:00,NOW,SHORT,1,1016.26,1035.3970642857144,977.9858714285714,1026.8569,time_exit,19.13706428571429,12.75804285714286,-10.596900000000005,0.7,0.50813,-11.805030000000004,-0.5537369704041039,2025-01
2025-01-30 14:36:00,2025-01-30 14:37:00,2025-01-30 15:03:00,NOW,LONG,1,1020.82,1000.2885142857143,1061.8829714285714,1000.2885142857143,stop_hit,20.53148571428573,13.687657142857152,-20.531485714285736,0.7,0.51041,-21.741895714285736,-1.0000000000000004,2025-01
2025-01-22 14:35:00,2025-01-22 14:36:00,2025-01-27 14:31:00,NRG,SHORT,18,112.13,113.43551428571428,109.51897142857142,109.51897142857142,target_hit,1.3055142857142867,0.8703428571428579,46.99851428571438,0.7,1.00917,45.28934428571438,2.000000000000002,2025-01
2025-01-10 14:32:00,2025-01-10 14:33:00,2025-01-10 15:27:00,ON,SHORT,32,56.36,57.144949999999994,54.7901,54.7901,target_hit,0.7849499999999985,0.523299999999999,50.2367999999999,0.7,0.90176,48.6350399999999,2.0,2025-01
2025-01-22 14:31:00,2025-01-22 14:32:00,2025-01-27 14:31:00,ORCL,SHORT,6,185.885,189.5593357142857,178.53632857142856,178.53632857142856,target_hit,3.674335714285718,2.449557142857145,44.092028571428614,0.7,0.557655,42.834373571428614,2.0,2025-01
2025-01-08 15:44:00,2025-01-08 15:45:00,2025-01-10 14:31:00,PLTR,SHORT,66,67.43,67.82433928571429,66.64132142857144,66.64132142857144,target_hit,0.39433928571428367,0.26289285714285576,52.05278571428511,0.7,2.22519,49.12759571428511,1.9999999999999871,2025-01
2025-01-27 14:31:00,2025-01-27 14:32:00,2025-01-27 15:53:00,PLTR,LONG,17,74.6199,73.13750357142857,77.58469285714287,76.1044,time_exit,1.4823964285714335,0.9882642857142889,25.23649999999995,0.7,0.63426915,23.90223084999995,1.0014190343338798,2025-01
2025-01-27 14:33:00,2025-01-27 14:34:00,2025-01-27 14:52:00,PLTR,SHORT,15,73.96,75.66511428571428,70.54977142857142,75.66511428571428,stop_hit,1.7051142857142902,1.1367428571428602,-25.576714285714317,0.7,0.5547,-26.831414285714317,-0.9999999999999986,2025-01
2025-01-27 14:34:00,2025-01-27 14:35:00,2025-01-27 15:53:00,PLTR,LONG,15,74.28,72.55238571428572,77.73522857142858,76.1044,time_exit,1.7276142857142882,1.1517428571428587,27.365999999999957,0.7,0.5571,26.10889999999996,1.0560227564023021,2025-01
2025-01-27 14:35:00,2025-01-27 14:36:00,2025-01-27 15:53:00,PLTR,LONG,15,74.2165,72.45245714285714,77.74458571428572,76.1044,time_exit,1.7640428571428597,1.1760285714285732,28.31850000000003,0.7,0.55662375,27.06187625000003,1.070212093972449,2025-01
2025-01-16 14:31:00,2025-01-16 14:32:00,2025-01-16 14:54:00,PNC,SHORT,12,192.93,195.15348214285714,188.48303571428573,195.15348214285714,stop_hit,2.2234821428571396,1.4823214285714263,-26.68178571428564,0.7,1.15758,-28.539365714285637,-0.9999999999999986,2025-01
2025-01-16 14:33:00,2025-01-16 14:34:00,2025-01-16 15:31:00,PNC,SHORT,8,192.33,195.5540892857143,185.88182142857144,195.5540892857143,stop_hit,3.2240892857142853,2.149392857142857,-25.792714285714283,0.7,0.7693200000000001,-27.262034285714282,-1.0,2025-01
2025-01-31 14:32:00,2025-01-31 14:33:00,2025-01-31 15:53:00,PPG,SHORT,24,117.17,118.2658892857143,114.97822142857143,115.905,time_exit,1.0958892857142861,0.7305928571428575,30.360000000000014,0.7,1.40604,28.253960000000014,1.154313685232802,2025-01
2025-01-28 14:36:00,2025-01-28 14:37:00,2025-01-28 14:45:00,PWR,SHORT,8,293.77,296.9628464285714,287.3843071428571,296.9628464285714,stop_hit,3.192846428571432,2.128564285714288,-25.54277142857154,0.7,1.17508,-27.41785142857154,-1.0000000000000033,2025-01
2025-01-06 14:39:00,2025-01-06 14:40:00,2025-01-06 14:58:00,SMCI,LONG,27,38.28,37.32850714285714,40.18298571428572,37.32850714285714,stop_hit,0.9514928571428589,0.6343285714285726,-25.690307142857215,0.7,0.51678,-26.907087142857215,-1.0000000000000009,2025-01
2025-01-06 14:46:00,2025-01-06 14:47:00,2025-01-06 15:16:00,SMCI,SHORT,33,38.115,38.90514642857143,36.534707142857144,36.534707142857144,target_hit,0.790146428571429,0.526764285714286,52.149664285714316,0.7,0.6288975,50.82076678571431,2.0,2025-01
2025-01-06 14:52:00,2025-01-06 14:53:00,2025-01-13 14:31:00,SMCI,SHORT,37,37.8413,38.55054285714285,36.42281428571428,36.42281428571428,target_hit,0.709242857142857,0.4728285714285713,52.48397142857147,0.7,0.7000640499999999,51.08390737857147,2.000000000000002,2025-01
2025-01-06 15:00:00,2025-01-06 15:01:00,2025-01-06 15:05:00,SMCI,LONG,54,37.4974,36.99334642857143,38.50550714285714,36.99334642857143,stop_hit,0.504053571428571,0.336035714285714,-27.218892857142833,0.7,1.0124298,-28.931322657142832,-1.0,2025-01
2025-01-13 14:33:00,2025-01-13 14:34:00,2025-01-13 14:57:00,SMCI,SHORT,46,29.98,30.561876035714285,28.81624792857143,30.561876035714285,stop_hit,0.5818760357142853,0.38791735714285686,-26.766297642857076,0.7,0.6895399999999999,-28.155837642857076,-0.9999999999999983,2025-01
2025-01-13 14:38:00,2025-01-13 14:39:00,2025-01-13 14:48:00,SMCI,SHORT,39,29.1891,29.869978607142855,27.827342785714286,29.869978607142855,stop_hit,0.6808786071428566,0.4539190714285711,-26.554265678571344,0.7,0.56918745,-27.823453128571344,-0.9999999999999976,2025-01
2025-01-13 14:40:00,2025-01-13 14:41:00,2025-01-13 14:54:00,SMCI,SHORT,36,29.339,30.054207178571428,27.90858564285714,30.054207178571428,stop_hit,0.7152071785714283,0.4768047857142856,-25.74745842857145,0.7,0.528102,-26.97556042857145,-1.000000000000001,2025-01
2025-01-16 14:33:00,2025-01-16 14:34:00,2025-01-16 14:47:00,SMCI,SHORT,67,32.0794,32.467867857142856,31.302464285714287,31.302464285714287,target_hit,0.3884678571428566,0.25897857142857106,52.05469285714278,0.7,1.0746599,50.28003295714278,2.0,2025-01
2025-01-16 14:34:00,2025-01-16 14:35:00,2025-01-16 14:48:00,SMCI,SHORT,64,31.97,32.38097857142857,31.148042857142855,31.148042857142855,target_hit,0.4109785714285713,0.2739857142857142,52.605257142857226,0.7,1.02304,50.88221714285722,2.000000000000004,2025-01
2025-01-16 14:35:00,2025-01-16 14:36:00,2025-01-22 14:31:00,SMCI,SHORT,61,31.93,32.371589285714286,31.04682142857143,32.371589285714286,stop_hit,0.44158928571428513,0.29439285714285673,-26.936946428571474,0.7,0.973865,-28.610811428571473,-1.000000000000003,2025-01
2025-01-22 14:54:00,2025-01-22 14:55:00,2025-01-22 15:00:00,SMCI,SHORT,60,34.3001,34.74143214285714,33.417435714285716,34.74143214285714,stop_hit,0.44133214285714173,0.2942214285714278,-26.47992857142853,0.7,1.029003,-28.20893157142853,-1.000000000000001,2025-01
2025-01-30 14:40:00,2025-01-30 14:41:00,2025-01-30 15:53:00,TER,LONG,6,107.7,103.63361935714286,115.83276128571428,109.47,time_exit,4.066380642857142,2.710920428571428,10.619999999999976,0.7,0.32310000000000005,9.596899999999977,0.4352765162575506,2025-01
2025-01-30 14:41:00,2025-01-30 14:42:00,2025-01-30 15:53:00,TER,LONG,6,107.58,103.38236935714286,115.97526128571428,109.47,time_exit,4.197630642857142,2.798420428571428,11.340000000000003,0.7,0.32274,10.317260000000005,0.45025400298525575,2025-01
2025-01-29 14:32:00,2025-01-29 14:33:00,2025-01-29 14:35:00,TMUS,SHORT,11,234.84,237.16159285714286,230.19681428571428,237.16159285714286,stop_hit,2.3215928571428646,1.5477285714285764,-25.537521428571466,0.7,1.2916200000000002,-27.529141428571467,-0.9999999999999982,2025-01
2025-01-10 14:32:00,2025-01-10 14:33:00,2025-01-10 14:41:00,UAL,SHORT,15,107.11,108.77858928571429,103.77282142857142,108.77858928571429,stop_hit,1.6685892857142886,1.112392857142859,-25.028839285714355,0.7,0.8033250000000001,-26.532164285714355,-1.000000000000001,2025-01
2025-01-10 14:33:00,2025-01-10 14:34:00,2025-01-10 14:44:00,UAL,SHORT,14,107.135,108.96661785714286,103.47176428571429,108.96661785714286,stop_hit,1.8316178571428605,1.2210785714285737,-25.64265000000003,0.7,0.7499450000000001,-27.09259500000003,-0.9999999999999994,2025-01
2025-01-30 14:35:00,2025-01-30 14:36:00,2025-01-30 15:32:00,UPS,LONG,9,113.75,110.93785357142858,119.37429285714285,110.93785357142858,stop_hit,2.8121464285714244,1.874764285714283,-25.309317857142815,0.7,0.511875,-26.521192857142815,-0.9999999999999999,2025-01
2025-01-16 14:31:00,2025-01-16 14:32:00,2025-01-16 14:33:00,USB,SHORT,60,47.95,48.376900000000006,47.0962,48.376900000000006,stop_hit,0.42690000000000083,0.2846000000000006,-25.614000000000203,0.7,1.4385000000000001,-27.752500000000204,-1.000000000000006,2025-01
2025-01-16 14:32:00,2025-01-16 14:33:00,2025-01-16 14:34:00,USB,SHORT,53,48.31,48.784578571428575,47.360842857142856,48.784578571428575,stop_hit,0.4745785714285723,0.3163857142857149,-25.152664285714373,0.7,1.280215,-27.132879285714374,-1.0000000000000016,2025-01
2025-01-30 14:31:00,2025-01-30 14:32:00,2025-01-30 14:35:00,VLO,SHORT,30,142.07,142.89671428571427,140.41657142857144,140.41657142857144,target_hit,0.8267142857142714,0.5511428571428476,49.602857142856465,0.7,2.1310499999999997,46.77180714285646,2.000000000000007,2025-01
2025-01-31 14:32:00,2025-01-31 14:33:00,2025-01-31 14:36:00,VRTX,SHORT,6,450.355,454.0708964285715,442.92320714285717,454.0708964285715,stop_hit,3.7158964285714324,2.477264285714288,-22.295378571428728,0.7,1.3510650000000002,-24.34644357142873,-1.000000000000006,2025-01
2025-01-14 14:38:00,2025-01-14 14:39:00,2025-01-14 14:42:00,VST,SHORT,8,170.1628,173.149675,164.18905,173.149675,stop_hit,2.9868749999999995,1.9912499999999997,-23.894999999999982,0.7,0.6806512,-25.27565119999998,-0.9999999999999994,2025-01
2025-01-22 14:32:00,2025-01-22 14:33:00,2025-01-22 14:45:00,VST,SHORT,7,185.35,188.56159642857142,178.92680714285714,188.56159642857142,stop_hit,3.2115964285714247,2.141064285714283,-22.48117499999998,0.7,0.648725,-23.829899999999977,-1.0000000000000002,2025-01
2025-01-27 14:41:00,2025-01-27 14:42:00,2025-01-30 14:31:00,VST,SHORT,2,150.51,158.88124285714284,133.7675142857143,158.88124285714284,stop_hit,8.371242857142853,5.580828571428569,-16.742485714285692,0.7,0.15051,-17.592995714285692,-0.9999999999999991,2025-01
2025-01-28 14:37:00,2025-01-28 14:38:00,2025-01-28 14:42:00,VST,SHORT,9,136.72,139.32180357142857,131.51639285714285,139.32180357142857,stop_hit,2.601803571428572,1.7345357142857145,-23.416232142857183,0.7,0.61524,-24.731472142857182,-1.0000000000000016,2025-01
2025-01-28 14:45:00,2025-01-28 14:46:00,2025-01-28 14:56:00,VST,SHORT,9,139.49,142.01611732142857,134.43776535714287,142.01611732142857,stop_hit,2.52611732142857,1.6840782142857134,-22.73505589285702,0.7,0.6277050000000001,-24.062760892857018,-0.9999999999999951,2025-01
2025-01-30 15:08:00,2025-01-30 15:09:00,2025-01-30 15:22:00,WDC,SHORT,43,65.16,65.71625357142857,64.04749285714286,64.04749285714286,target_hit,0.5562535714285681,0.37083571428571205,47.83780714285703,0.7,1.4009399999999999,45.73686714285703,2.000000000000007,2025-01
2025-02-11 14:34:00,2025-02-11 14:35:00,2025-02-11 15:53:00,ACGL,SHORT,29,88.19,89.02178214285713,86.52643571428571,88.65,time_exit,0.8317821428571415,0.5545214285714276,-13.34000000000023,0.7,1.2787549999999999,-15.31875500000023,-0.553029424772122,2025-02
2025-02-21 14:32:00,2025-02-21 14:33:00,2025-02-21 14:52:00,AKAM,SHORT,17,86.0799,87.46641428571428,83.30687142857143,83.30687142857143,target_hit,1.3865142857142851,0.9243428571428568,47.141485714285665,0.7,0.73167915,45.709806564285664,1.9999999999999987,2025-02
2025-02-13 14:31:00,2025-02-13 14:32:00,2025-02-13 14:33:00,ALB,SHORT,32,82.2375,83.00465357142856,80.70319285714287,83.00465357142856,stop_hit,0.7671535714285683,0.5114357142857122,-24.54891428571409,0.7,1.3158,-26.56471428571409,-0.9999999999999961,2025-02
2025-02-13 14:32:00,2025-02-13 14:33:00,2025-02-13 14:37:00,ALB,SHORT,28,82.1618,83.03493928571429,80.41552142857144,80.41552142857144,target_hit,0.8731392857142823,0.5820928571428549,48.895799999999724,0.7,1.1502652,47.04553479999972,1.9999999999999964,2025-02
2025-02-25 14:31:00,2025-02-25 14:32:00,2025-02-25 14:33:00,AMT,SHORT,20,201.4,202.61329642857143,198.97340714285713,202.61329642857143,stop_hit,1.2132964285714363,0.8088642857142909,-24.265928571428503,0.7,2.0140000000000002,-26.979928571428502,-0.9999999999999909,2025-02
2025-02-18 14:31:00,2025-02-18 14:32:00,2025-02-18 14:34:00,ANET,SHORT,35,110.22,110.92535357142857,108.80929285714286,110.92535357142857,stop_hit,0.7053535714285692,0.47023571428571287,-24.687375000000102,0.7,1.92885,-27.316225000000102,-1.0000000000000073,2025-02
2025-02-04 14:33:00,2025-02-04 14:34:00,2025-02-04 14:52:00,BALL,SHORT,38,52.385,53.029292857142856,51.09641428571428,51.09641428571428,target_hit,0.6442928571428568,0.4295285714285712,48.966257142857216,0.7,0.995315,47.270942142857216,2.000000000000004,2025-02
2025-02-26 14:32:00,2025-02-26 14:33:00,2025-02-26 14:44:00,CZR,SHORT,63,35.965,36.35875,35.17750000000001,35.17750000000001,target_hit,0.39374999999999893,0.2624999999999993,49.61249999999964,0.7,1.1328975000000001,47.77960249999964,1.999999999999991,2025-02
2025-02-28 14:32:00,2025-02-28 14:33:00,2025-02-28 14:37:00,DELL,SHORT,13,100.03,101.99411071428572,96.10177857142857,101.99411071428572,stop_hit,1.964110714285717,1.3094071428571448,-25.533439285714408,0.7,0.6501950000000001,-26.883634285714407,-1.0000000000000033,2025-02
2025-02-28 14:34:00,2025-02-28 14:35:00,2025-02-28 14:47:00,DELL,SHORT,11,100.27,102.40079285714286,96.00841428571428,102.40079285714286,stop_hit,2.1307928571428585,1.4205285714285725,-23.43872142857151,0.7,0.551485,-24.69020642857151,-1.0000000000000029,2025-02
2025-02-14 14:31:00,2025-02-14 14:32:00,2025-02-14 14:33:00,DXCM,SHORT,35,88.5,89.20446428571428,87.09107142857142,89.20446428571428,stop_hit,0.7044642857142844,0.4696428571428563,-24.656249999999815,0.7,1.54875,-26.904999999999816,-0.9999999999999943,2025-02
2025-02-05 14:31:00,2025-02-05 14:32:00,2025-02-05 14:36:00,EA,SHORT,21,129.305,130.43900000000002,127.037,127.037,target_hit,1.1340000000000003,0.7560000000000002,47.628000000000014,0.7,1.3577025,45.57029750000001,2.0,2025-02
2025-02-04 14:34:00,2025-02-04 14:35:00,2025-02-04 15:04:00,EL,SHORT,19,73.425,74.73883928571428,70.79732142857142,70.79732142857142,target_hit,1.3138392857142844,0.8758928571428564,49.92589285714293,0.7,0.6975375,48.52835535714292,2.000000000000005,2025-02
2025-02-04 15:15:00,2025-02-04 15:16:00,2025-02-04 15:24:00,EL,SHORT,38,68.595,69.26415,67.25670000000001,67.25670000000001,target_hit,0.6691499999999974,0.4460999999999982,50.855399999999605,0.7,1.3033050000000002,48.8520949999996,1.9999999999999925,2025-02
2025-02-05 14:34:00,2025-02-05 14:35:00,2025-02-05 14:36:00,ENPH,SHORT,24,64.302,65.381325,62.143350000000005,65.381325,stop_hit,1.0793250000000003,0.7195500000000001,-25.903799999999933,0.7,0.7716240000000001,-27.37542399999993,-0.9999999999999971,2025-02
2025-02-05 14:36:00,2025-02-05 14:37:00,2025-02-05 14:47:00,ENPH,SHORT,20,65.39,66.64213571428571,62.88572857142857,66.64213571428571,stop_hit,1.2521357142857157,0.8347571428571438,-25.042714285714283,0.7,0.6539,-26.396614285714282,-0.9999999999999988,2025-02
2025-02-07 14:39:00,2025-02-07 14:40:00,2025-02-07 14:51:00,EXPE,SHORT,4,195.972,201.58046785714285,184.75506428571433,201.58046785714285,stop_hit,5.608467857142845,3.738978571428563,-22.433871428571365,0.7,0.391944,-23.525815428571363,-0.9999999999999993,2025-02
2025-02-27 14:34:00,2025-02-27 14:35:00,2025-02-27 14:51:00,FE,SHORT,57,40.86,41.30517857142857,39.96964285714286,39.96964285714286,target_hit,0.4451785714285708,0.2967857142857139,50.75035714285704,0.7,1.16451,48.88584714285704,1.9999999999999987,2025-02
2025-02-11 14:32:00,2025-02-11 14:33:00,2025-02-11 15:05:00,FIS,SHORT,16,71.26,72.828325,68.12335,68.12335,target_hit,1.5683249999999997,1.0455499999999998,50.18640000000005,0.7,0.57008,48.91632000000005,2.000000000000002,2025-02
2025-02-11 14:34:00,2025-02-11 14:35:00,2025-02-12 14:36:00,FIS,SHORT,15,70.82,72.50403928571428,67.45192142857142,72.50403928571428,stop_hit,1.6840392857142863,1.1226928571428576,-25.260589285714374,0.7,0.53115,-26.491739285714374,-1.000000000000003,2025-02
2025-02-07 14:52:00,2025-02-07 14:53:00,2025-02-07 15:02:00,FTNT,SHORT,20,104.98,106.22883507142858,102.48232985714286,102.48232985714286,target_hit,1.2488350714285699,0.8325567142857133,49.95340285714292,0.7,1.0498,48.20360285714292,2.000000000000005,2025-02
2025-02-07 14:55:00,2025-02-07 14:56:00,2025-02-07 15:22:00,FTNT,SHORT,21,104.1,105.34535292857142,101.60929414285714,105.34535292857142,stop_hit,1.2453529285714273,0.8302352857142848,-26.152411499999843,0.7,1.09305,-27.945461499999844,-0.999999999999995,2025-02
2025-02-14 14:38:00,2025-02-14 14:39:00,2025-02-14 15:53:00,GDDY,SHORT,7,190.18,193.94667142857142,182.64665714285715,188.6375,time_exit,3.7666714285714216,2.511114285714281,10.797500000000127,0.7,0.66563,9.431870000000128,0.4095127566210465,2025-02
2025-02-14 14:44:00,2025-02-14 14:45:00,2025-02-14 15:07:00,GDDY,SHORT,8,188.655,191.6290607142857,182.70687857142858,191.6290607142857,stop_hit,2.974060714285712,1.9827071428571412,-23.792485714285704,0.7,0.7546200000000001,-25.247105714285702,-1.0000000000000002,2025-02
2025-02-20 14:31:00,2025-02-20 14:32:00,2025-02-20 14:34:00,HAS,SHORT,48,65.1,65.6405357142857,64.01892857142857,65.6405357142857,stop_hit,0.5405357142857121,0.36035714285714143,-25.945714285714075,0.7,1.5623999999999998,-28.208114285714075,-0.9999999999999959,2025-02
2025-02-20 14:32:00,2025-02-20 14:33:00,2025-02-20 14:34:00,HAS,SHORT,41,64.91,65.53974285714285,63.65051428571429,65.53974285714285,stop_hit,0.6297428571428543,0.4198285714285695,-25.81945714285719,0.7,1.330655,-27.85011214285719,-1.0000000000000064,2025-02
2025-02-20 14:35:00,2025-02-20 14:36:00,2025-02-20 14:40:00,HAS,SHORT,26,67.27,68.24511785714286,65.31976428571429,68.24511785714286,stop_hit,0.9751178571428559,0.6500785714285706,-25.353064285714424,0.7,0.87451,-26.927574285714424,-1.0000000000000067,2025-02
2025-02-20 14:37:00,2025-02-20 14:38:00,2025-02-20 15:53:00,HAS,SHORT,22,67.95,69.069225,65.71155,67.76,time_exit,1.1192249999999986,0.7461499999999991,4.17999999999995,0.7,0.7474500000000001,2.7325499999999496,0.1697603252250423,2025-02
2025-02-20 14:40:00,2025-02-20 14:41:00,2025-02-20 15:53:00,HAS,SHORT,20,67.49,68.75148928571429,64.96702142857143,67.76,time_exit,1.2614892857142848,0.8409928571428564,-5.400000000000205,0.7,0.6748999999999999,-6.774900000000205,-0.21403273341884146,2025-02
2025-02-28 14:36:00,2025-02-28 14:37:00,2025-02-28 15:53:00,HPQ,LONG,46,30.285,29.741314285714285,31.372371428571427,31.1,time_exit,0.5436857142857137,0.3624571428571424,37.49000000000006,0.7,0.6965549999999999,36.09344500000006,1.4990277996741856,2025-02
2025-02-28 14:37:00,2025-02-28 14:38:00,2025-02-28 15:53:00,HPQ,LONG,45,30.38,29.815421428571426,31.50915714285714,31.1,time_exit,0.5645785714285712,0.3763857142857141,32.400000000000105,0.7,0.68355,31.016450000000106,1.2752875090143139,2025-02
2025-02-18 14:31:00,2025-02-18 14:32:00,2025-02-18 14:33:00,INTC,SHORT,84,24.9402,25.246735714285716,24.327128571428574,25.246735714285716,stop_hit,0.30653571428571436,0.2043571428571429,-25.74900000000008,0.7,1.0474884,-27.49648840000008,-1.0000000000000029,2025-02
2025-02-18 14:33:00,2025-02-18 14:34:00,2025-02-18 14:38:00,INTC,SHORT,70,25.4109,25.778325000000002,24.676050000000004,25.778325000000002,stop_hit,0.3674249999999998,0.24494999999999983,-25.719750000000055,0.7,0.8893815,-27.309131500000053,-1.0000000000000027,2025-02
2025-02-18 14:35:00,2025-02-18 14:36:00,2025-02-18 14:40:00,INTC,SHORT,62,25.46,25.86665,24.646700000000003,25.86665,stop_hit,0.4066499999999997,0.2710999999999998,-25.212299999999942,0.7,0.78926,-26.70155999999994,-0.9999999999999984,2025-02
2025-02-18 14:37:00,2025-02-18 14:38:00,2025-02-18 15:25:00,INTC,SHORT,56,25.765,26.208614285714287,24.877771428571428,26.208614285714287,stop_hit,0.4436142857142853,0.29574285714285686,-24.842400000000026,0.7,0.7214200000000001,-26.263820000000024,-1.000000000000002,2025-02
2025-02-26 14:47:00,2025-02-26 14:48:00,2025-02-26 15:09:00,INTU,SHORT,3,619.85,627.5002785714286,604.5494428571428,627.5002785714286,stop_hit,7.650278571428572,5.100185714285715,-22.95083571428563,0.7,0.9297750000000001,-24.58061071428563,-0.9999999999999963,2025-02
2025-02-11 14:59:00,2025-02-11 15:00:00,2025-02-11 15:16:00,LDOS,LONG,17,137.5844,136.1783964285714,140.39640714285716,136.1783964285714,stop_hit,1.4060035714285783,0.9373357142857189,-23.902060714285938,0.7,1.1694674,-25.771528114285935,-1.0000000000000044,2025-02
2025-02-20 14:33:00,2025-02-20 14:34:00,2025-02-20 14:41:00,LKQ,SHORT,61,41.705,42.10013214285714,40.91473571428571,42.10013214285714,stop_hit,0.39513214285714504,0.26342142857143,-24.10306071428574,0.7,1.2720025000000001,-26.075063214285738,-0.9999999999999956,2025-02
2025-02-13 14:31:00,2025-02-13 14:32:00,2025-02-14 14:31:00,MGM,LONG,39,38.7996,38.181076392857136,40.036647214285715,40.036647214285715,target_hit,0.6185236071428584,0.41234907142857224,48.24484135714295,0.7,0.7565921999999999,46.78824915714295,2.0,2025-02
2025-02-14 14:32:00,2025-02-14 14:33:00,2025-02-24 14:31:00,MGM,SHORT,55,41.035,41.47642857142856,40.152142857142856,40.152142857142856,target_hit,0.4414285714285696,0.2942857142857131,48.55714285714274,0.7,1.1284625,46.72868035714274,2.0000000000000036,2025-02
2025-02-14 14:33:00,2025-02-14 14:34:00,2025-02-24 14:31:00,MGM,SHORT,53,40.8,41.26928571428571,39.86142857142857,39.86142857142857,target_hit,0.469285714285713,0.312857142857142,49.744285714285716,0.7,1.0812,47.96308571428571,2.0000000000000058,2025-02
2025-02-04 14:35:00,2025-02-04 14:36:00,2025-02-04 14:42:00,MRK,SHORT,14,87.638,89.36428571428571,84.18542857142857,89.36428571428571,stop_hit,1.7262857142857153,1.1508571428571435,-24.16799999999992,0.7,0.6134660000000001,-25.48146599999992,-0.9999999999999961,2025-02
2025-02-14 15:00:00,2025-02-14 15:01:00,2025-02-14 15:03:00,MRNA,SHORT,42,32.34,32.939550000000004,31.140900000000002,32.939550000000004,stop_hit,0.5995500000000011,0.3997000000000008,-25.18110000000003,0.7,0.6791400000000001,-26.56024000000003,-0.9999999999999992,2025-02
2025-02-14 15:06:00,2025-02-14 15:07:00,2025-02-14 15:16:00,MRNA,SHORT,44,32.53,33.088385714285714,31.413228571428572,33.088385714285714,stop_hit,0.5583857142857152,0.3722571428571434,-24.56897142857136,0.7,0.7156600000000001,-25.984631428571358,-0.9999999999999957,2025-02
2025-02-14 15:39:00,2025-02-14 15:40:00,2025-02-14 15:44:00,MRNA,SHORT,65,31.34,31.722082142857143,30.575835714285713,31.722082142857143,stop_hit,0.3820821428571435,0.254721428571429,-24.835339285714326,0.7,1.01855,-26.553889285714327,-1.0,2025-02
2025-02-14 15:40:00,2025-02-14 15:41:00,2025-02-14 15:45:00,MRNA,SHORT,60,31.5285,31.931475000000002,30.72255,31.931475000000002,stop_hit,0.40297500000000064,0.26865000000000044,-24.178500000000085,0.7,0.945855,-25.824355000000086,-1.000000000000002,2025-02
2025-02-05 14:36:00,2025-02-05 14:37:00,2025-02-05 14:54:00,MTCH,SHORT,40,33.65,34.24576785714286,32.458464285714285,34.24576785714286,stop_hit,0.5957678571428584,0.39717857142857227,-23.830714285714407,0.7,0.673,-25.203714285714405,-1.0000000000000029,2025-02
2025-02-05 14:44:00,2025-02-05 14:45:00,2025-02-05 15:53:00,MTCH,LONG,42,33.99,33.429653571428574,35.11069285714286,33.9,time_exit,0.5603464285714286,0.37356428571428574,-3.7800000000001432,0.7,0.7137900000000001,-5.193790000000144,-0.16061492571560293,2025-02
2025-02-28 14:41:00,2025-02-28 14:42:00,2025-02-28 15:53:00,NTAP,LONG,6,102.53,98.72753214285714,110.13493571428572,99.62,time_exit,3.802467857142858,2.534978571428572,-17.45999999999998,0.7,0.30759000000000003,-18.46758999999998,-0.7652924651377713,2025-02
2025-02-28 14:43:00,2025-02-28 14:44:00,2025-02-28 15:41:00,NTAP,LONG,5,104.1101,100.07032142857143,112.18965714285714,100.07032142857143,stop_hit,4.039778571428573,2.693185714285715,-20.19889285714285,0.7,0.26027525,-21.15916810714285,-0.9999999999999993,2025-02
2025-02-28 14:44:00,2025-02-28 14:45:00,2025-02-28 15:07:00,NTAP,LONG,14,104.415,102.74094642857143,107.76310714285715,102.74094642857143,stop_hit,1.6740535714285727,1.1160357142857151,-23.436750000000018,0.7,0.7309050000000001,-24.867655000000017,-1.0,2025-02
2025-02-28 14:45:00,2025-02-28 14:46:00,2025-02-28 15:10:00,NTAP,LONG,15,104.09,102.54773214285714,107.17453571428572,102.54773214285714,stop_hit,1.5422678571428594,1.028178571428573,-23.134017857142908,0.7,0.7806750000000001,-24.614692857142906,-1.0000000000000007,2025-02
2025-02-28 14:46:00,2025-02-28 14:47:00,2025-02-28 14:49:00,NTAP,LONG,15,104.56,103.10558928571429,107.46882142857143,103.10558928571429,stop_hit,1.4544107142857174,0.9696071428571449,-21.816160714285715,0.7,0.7842,-23.300360714285713,-0.9999999999999979,2025-02
2025-02-28 14:47:00,2025-02-28 14:48:00,2025-02-28 15:10:00,NTAP,LONG,15,103.75,102.303625,106.64275,102.303625,stop_hit,1.4463750000000029,0.9642500000000018,-21.69562500000005,0.7,0.7781250000000001,-23.173750000000048,-1.0000000000000002,2025-02
2025-02-04 14:31:00,2025-02-04 14:32:00,2025-02-04 14:46:00,PLTR,SHORT,7,102.85,105.78929285714285,96.97141428571429,105.78929285714285,stop_hit,2.9392928571428545,1.9595285714285697,-20.57505000000002,0.7,0.359975,-21.635025000000017,-1.0000000000000018,2025-02
2025-02-20 14:53:00,2025-02-20 14:54:00,2025-02-20 14:58:00,PLTR,SHORT,14,99.835,101.41201428571428,96.68097142857143,96.68097142857143,target_hit,1.5770142857142844,1.0513428571428562,44.15639999999996,0.7,0.6988449999999999,42.75755499999996,2.0,2025-02
2025-02-20 14:55:00,2025-02-20 14:56:00,2025-02-20 15:17:00,PLTR,SHORT,13,98.7199,100.46610357142856,95.22749285714286,100.46610357142856,stop_hit,1.746203571428568,1.164135714285712,-22.70064642857136,0.7,0.64167935,-24.04232577857136,-0.999999999999999,2025-02
2025-02-20 14:56:00,2025-02-20 14:57:00,2025-02-20 15:05:00,PLTR,SHORT,12,97.5,99.284775,93.93045000000001,99.284775,stop_hit,1.7847749999999967,1.1898499999999979,-21.417299999999955,0.7,0.585,-22.702299999999955,-0.9999999999999998,2025-02
2025-02-20 14:57:00,2025-02-20 14:58:00,2025-02-20 15:05:00,PLTR,SHORT,12,97.4107,99.27476071428572,93.68257857142858,99.27476071428572,stop_hit,1.8640607142857104,1.2427071428571403,-22.368728571428562,0.7,0.5844642,-23.65319277142856,-1.0000000000000018,2025-02
2025-02-20 15:01:00,2025-02-20 15:02:00,2025-02-20 15:05:00,PLTR,SHORT,10,97.05,99.07992857142857,92.99014285714286,99.07992857142857,stop_hit,2.029928571428571,1.3532857142857142,-20.299285714285702,0.7,0.48525,-21.484535714285702,-0.9999999999999996,2025-02
2025-02-20 15:02:00,2025-02-20 15:03:00,2025-02-20 15:17:00,PLTR,SHORT,10,98.35,100.35528571428571,94.33942857142857,100.35528571428571,stop_hit,2.005285714285714,1.3368571428571425,-20.052857142857192,0.7,0.49175,-21.24460714285719,-1.0000000000000027,2025-02
2025-02-24 14:44:00,2025-02-24 14:45:00,2025-02-24 15:03:00,PLTR,SHORT,12,94.5601,96.25303214285715,91.17423571428573,91.17423571428573,target_hit,1.6929321428571402,1.1286214285714269,40.63037142857132,0.7,0.5673606,39.36301082857132,1.999999999999998,2025-02
2025-02-24 14:48:00,2025-02-24 14:49:00,2025-02-24 15:06:00,PLTR,SHORT,14,93.09,94.62908571428572,90.01182857142857,90.01182857142857,target_hit,1.5390857142857175,1.026057142857145,43.09440000000012,0.7,0.65163,41.74277000000012,2.0000000000000013,2025-02
2025-02-27 15:00:00,2025-02-27 15:01:00,2025-02-27 15:04:00,PLTR,SHORT,23,86.73,87.6789,84.8322,87.6789,stop_hit,0.9488999999999992,0.6325999999999995,-21.82469999999988,0.7,0.9973950000000001,-23.52209499999988,-0.9999999999999953,2025-02
2025-02-28 14:31:00,2025-02-28 14:32:00,2025-02-28 14:35:00,PLTR,SHORT,13,78.79,80.44784285714286,75.4743142857143,80.44784285714286,stop_hit,1.657842857142855,1.10522857142857,-21.55195714285709,0.7,0.512135,-22.76409214285709,-0.9999999999999989,2025-02
2025-02-28 14:32:00,2025-02-28 14:33:00,2025-02-28 14:36:00,PLTR,SHORT,12,79.2,80.91338571428571,75.77322857142858,80.91338571428571,stop_hit,1.713385714285712,1.1422571428571413,-20.56062857142848,0.7,0.47520000000000007,-21.73582857142848,-0.9999999999999969,2025-02
2025-02-20 14:36:00,2025-02-20 14:37:00,2025-02-20 14:52:00,PWR,SHORT,4,302.0,307.1155357142857,291.76892857142855,291.76892857142855,target_hit,5.1155357142857145,3.4103571428571433,40.924285714285816,0.7,0.604,39.620285714285814,2.000000000000005,2025-02
2025-02-05 14:31:00,2025-02-05 14:32:00,2025-02-05 14:37:00,SMCI,LONG,48,30.63,30.168010714285714,31.55397857142857,30.168010714285714,stop_hit,0.4619892857142843,0.30799285714285624,-22.175485714285685,0.7,0.73512,-23.610605714285683,-1.0000000000000018,2025-02
2025-02-05 14:37:00,2025-02-05 14:38:00,2025-02-05 15:14:00,SMCI,LONG,31,30.2774,29.58209642857143,31.668007142857142,31.668007142857142,target_hit,0.695303571428571,0.463535714285714,43.10882142857141,0.7,0.46929970000000004,41.93952172857141,2.0000000000000004,2025-02
2025-02-05 15:20:00,2025-02-05 15:21:00,2025-02-05 15:24:00,SMCI,SHORT,58,32.46,32.84560714285715,31.688785714285714,32.84560714285715,stop_hit,0.38560714285714326,0.25707142857142884,-22.365214285714515,0.7,0.9413400000000001,-24.006554285714515,-1.000000000000009,2025-02
2025-02-05 15:29:00,2025-02-05 15:30:00,2025-02-07 14:31:00,SMCI,SHORT,41,31.865,32.401624999999996,30.79175,32.401624999999996,stop_hit,0.5366249999999998,0.35774999999999985,-22.001624999999887,0.7,0.6532325,-23.354857499999888,-0.9999999999999952,2025-02
2025-02-07 14:31:00,2025-02-07 14:32:00,2025-02-07 14:36:00,SMCI,SHORT,55,35.195,35.59169642857143,34.401607142857145,35.59169642857143,stop_hit,0.3966964285714286,0.26446428571428576,-21.818303571428714,0.7,0.9678625,-23.486166071428713,-1.0000000000000064,2025-02
2025-02-07 14:32:00,2025-02-07 14:33:00,2025-02-07 14:40:00,SMCI,SHORT,51,35.4,35.82455357142857,34.550892857142856,35.82455357142857,stop_hit,0.42455357142857125,0.28303571428571417,-21.652232142856967,0.7,0.9027,-23.254932142856966,-0.9999999999999923,2025-02
2025-02-07 14:33:00,2025-02-07 14:34:00,2025-02-07 14:40:00,SMCI,SHORT,48,35.32,35.764857142857146,34.430285714285716,35.764857142857146,stop_hit,0.44485714285714295,0.29657142857142865,-21.353142857142984,0.7,0.8476800000000001,-22.900822857142984,-1.0000000000000058,2025-02
2025-02-07 14:57:00,2025-02-07 14:58:00,2025-02-10 14:31:00,SMCI,SHORT,43,36.0038,36.48835357142857,35.03469285714286,36.48835357142857,stop_hit,0.4845535714285707,0.3230357142857138,-20.83580357142852,0.7,0.7740817,-22.30988527142852,-0.9999999999999991,2025-02
2025-02-11 14:39:00,2025-02-11 14:40:00,2025-02-11 14:57:00,SMCI,SHORT,28,41.2431,41.98869642857143,39.751907142857135,41.98869642857143,stop_hit,0.74559642857143,0.49706428571428674,-20.876700000000085,0.7,0.5774033999999999,-22.154103400000086,-1.000000000000002,2025-02
2025-02-12 14:45:00,2025-02-12 14:46:00,2025-02-12 15:31:00,SMCI,SHORT,16,43.065,44.322471428571426,40.55005714285714,40.55005714285714,target_hit,1.2574714285714281,0.8383142857142855,40.23908571428569,0.7,0.34452,39.19456571428569,1.9999999999999996,2025-02
2025-02-12 14:46:00,2025-02-12 14:47:00,2025-02-12 15:31:00,SMCI,SHORT,17,42.83,44.05907857142857,40.37184285714285,40.37184285714285,target_hit,1.2290785714285717,0.8193857142857145,41.78867142857149,0.7,0.364055,40.72461642857149,2.0000000000000027,2025-02
2025-02-12 15:46:00,2025-02-12 15:47:00,2025-02-18 14:31:00,SMCI,LONG,36,40.2014,39.61044285714286,41.38331428571429,41.38331428571429,target_hit,0.5909571428571443,0.3939714285714295,42.54891428571452,0.7,0.7236252,41.12528908571451,2.000000000000006,2025-02
2025-02-19 14:51:00,2025-02-19 14:52:00,2025-02-19 14:56:00,SMCI,SHORT,20,55.875,56.93724642857143,53.750507142857145,56.93724642857143,stop_hit,1.062246428571429,0.708164285714286,-21.244928571428545,0.7,0.55875,-22.503678571428544,-0.9999999999999983,2025-02
2025-02-19 14:53:00,2025-02-19 14:54:00,2025-02-19 14:57:00,SMCI,SHORT,20,56.58,57.66745714285714,54.40508571428571,57.66745714285714,stop_hit,1.087457142857142,0.724971428571428,-21.7491428571428,0.7,0.5658,-23.0149428571428,-0.9999999999999981,2025-02
2025-02-19 15:12:00,2025-02-19 15:13:00,2025-02-19 15:19:00,SMCI,SHORT,28,58.35,59.11367142857143,56.82265714285714,59.11367142857143,stop_hit,0.7636714285714294,0.5091142857142863,-21.382799999999975,0.7,0.8169,-22.899699999999974,-0.9999999999999977,2025-02
2025-02-20 14:53:00,2025-02-20 14:54:00,2025-02-20 15:02:00,SMCI,SHORT,21,55.97,56.972342857142856,53.965314285714285,56.972342857142856,stop_hit,1.0023428571428568,0.6682285714285712,-21.049199999999992,0.7,0.587685,-22.33688499999999,-1.0,2025-02
2025-02-20 14:54:00,2025-02-20 14:55:00,2025-02-20 15:01:00,SMCI,SHORT,20,55.16,56.17688214285714,53.12623571428571,56.17688214285714,stop_hit,1.0168821428571433,0.6779214285714288,-20.33764285714284,0.7,0.5515999999999999,-21.58924285714284,-0.9999999999999987,2025-02
2025-02-20 14:55:00,2025-02-20 14:56:00,2025-02-20 14:58:00,SMCI,SHORT,19,54.51,55.561167857142856,52.40766428571428,55.561167857142856,stop_hit,1.0511678571428567,0.7007785714285711,-19.972189285714293,0.7,0.517845,-21.190034285714294,-1.0000000000000009,2025-02
2025-02-20 14:56:00,2025-02-20 14:57:00,2025-02-20 15:03:00,SMCI,LONG,18,54.79,53.665974999999996,57.03805,57.03805,target_hit,1.1240250000000005,0.7493500000000003,40.464899999999986,0.7,0.49311000000000005,39.27178999999998,1.9999999999999984,2025-02
2025-02-20 14:57:00,2025-02-20 14:58:00,2025-02-20 15:02:00,SMCI,SHORT,19,55.74,56.83938214285715,53.54123571428571,56.83938214285715,stop_hit,1.0993821428571442,0.7329214285714295,-20.888260714285757,0.7,0.52953,-22.117790714285757,-1.0000000000000009,2025-02
2025-02-20 14:58:00,2025-02-20 14:59:00,2025-02-20 15:01:00,SMCI,SHORT,18,54.96,56.10010714285715,52.679785714285714,56.10010714285715,stop_hit,1.1401071428571443,0.7600714285714295,-20.521928571428646,0.7,0.49464,-21.716568571428645,-1.0000000000000024,2025-02
2025-02-20 15:06:00,2025-02-20 15:07:00,2025-02-20 15:11:00,SMCI,LONG,15,55.9657,54.62967142857143,58.63775714285714,54.62967142857143,stop_hit,1.3360285714285722,0.8906857142857147,-20.040428571428563,0.7,0.41974275,-21.160171321428564,-0.999999999999999,2025-02
2025-02-20 15:07:00,2025-02-20 15:08:00,2025-02-21 14:31:00,SMCI,LONG,15,55.27,53.98476207142858,57.84047585714286,57.84047585714286,target_hit,1.28523792857143,0.8568252857142866,38.5571378571429,0.7,0.41452500000000003,37.4426128571429,2.0,2025-02
2025-02-20 15:08:00,2025-02-20 15:09:00,2025-02-20 15:20:00,SMCI,LONG,15,54.867,53.56458707142857,57.47182585714286,57.47182585714286,target_hit,1.3024129285714299,0.8682752857142866,39.07238785714295,0.7,0.4115025,37.96088535714295,2.0000000000000027,2025-02
2025-02-20 15:09:00,2025-02-20 15:10:00,2025-02-20 15:20:00,SMCI,LONG,16,54.8145,53.5281585,57.38718300000001,57.38718300000001,target_hit,1.2863415000000016,0.857561000000001,41.16292800000008,0.7,0.438516,40.024412000000076,2.0000000000000013,2025-02
2025-02-20 15:20:00,2025-02-20 15:21:00,2025-02-20 15:39:00,SMCI,SHORT,20,56.47,57.52929507142857,54.351409857142855,57.52929507142857,stop_hit,1.0592950714285718,0.7061967142857145,-21.18590142857144,0.7,0.5647000000000001,-22.45060142857144,-1.0000000000000002,2025-02
2025-02-20 15:26:00,2025-02-20 15:27:00,2025-02-21 14:31:00,SMCI,LONG,22,57.1895,56.2187,59.1311,59.1311,target_hit,0.9708000000000008,0.6472000000000006,42.715200000000024,0.7,0.6290845,41.386115500000024,1.9999999999999996,2025-02
2025-02-20 15:31:00,2025-02-20 15:32:00,2025-02-21 14:31:00,SMCI,LONG,24,56.7897,55.89310714285715,58.58288571428572,58.58288571428572,target_hit,0.896592857142859,0.5977285714285726,43.03645714285727,0.7,0.6814764,41.65498074285727,2.0000000000000018,2025-02
2025-02-24 14:35:00,2025-02-24 14:36:00,2025-02-24 14:47:00,SMCI,SHORT,15,54.46,55.87685714285715,51.626285714285714,55.87685714285715,stop_hit,1.4168571428571433,0.9445714285714288,-21.252857142857202,0.7,0.40845,-22.3613071428572,-1.0000000000000024,2025-02
2025-02-24 14:36:00,2025-02-24 14:37:00,2025-02-24 14:47:00,SMCI,SHORT,14,54.2533,55.7242,51.3115,55.7242,stop_hit,1.4709000000000008,0.9806000000000006,-20.592600000000004,0.7,0.37977310000000003,-21.672373100000005,-0.9999999999999997,2025-02
2025-02-24 14:38:00,2025-02-24 14:39:00,2025-02-24 14:47:00,SMCI,SHORT,14,54.1092,55.57367142857143,51.180257142857144,55.57367142857143,stop_hit,1.464471428571429,0.9763142857142861,-20.5026,0.7,0.37876440000000006,-21.581364400000002,-0.9999999999999997,2025-02
2025-02-24 14:39:00,2025-02-24 14:40:00,2025-02-24 14:47:00,SMCI,SHORT,14,54.4044,55.89244285714286,51.428314285714286,55.89244285714286,stop_hit,1.4880428571428577,0.9920285714285717,-20.832600000000014,0.7,0.3808308,-21.913430800000015,-1.0000000000000002,2025-02
2025-02-24 14:58:00,2025-02-24 14:59:00,2025-02-24 15:05:00,SMCI,SHORT,21,52.915,53.91885357142857,50.90729285714285,50.90729285714285,target_hit,1.0038535714285732,0.6692357142857155,42.16185000000015,0.7,0.5556074999999999,40.90624250000015,2.0000000000000036,2025-02
2025-02-24 14:59:00,2025-02-24 15:00:00,2025-02-24 15:04:00,SMCI,SHORT,21,53.148,54.182925000000004,51.07815,51.07815,target_hit,1.0349250000000016,0.6899500000000012,43.46685000000005,0.7,0.558054,42.20879600000005,1.9999999999999991,2025-02
2025-02-24 15:01:00,2025-02-24 15:02:00,2025-02-24 15:12:00,SMCI,SHORT,20,52.33,53.41962142857143,50.15075714285714,53.41962142857143,stop_hit,1.089621428571431,0.7264142857142873,-21.792428571428673,0.7,0.5233,-23.01572857142867,-1.0000000000000024,2025-02
2025-02-24 15:03:00,2025-02-24 15:04:00,2025-02-24 15:08:00,SMCI,SHORT,18,51.07,52.23141785714286,48.747164285714284,52.23141785714286,stop_hit,1.1614178571428586,0.7742785714285725,-20.905521428571447,0.7,0.45963,-22.065151428571447,-0.9999999999999997,2025-02
2025-02-24 15:04:00,2025-02-24 15:05:00,2025-02-24 15:07:00,SMCI,SHORT,18,50.36,51.54391785714286,47.99216428571428,51.54391785714286,stop_hit,1.1839178571428581,0.789278571428572,-21.310521428571462,0.7,0.45324000000000003,-22.463761428571463,-1.0000000000000007,2025-02
2025-02-24 15:05:00,2025-02-24 15:06:00,2025-02-24 15:09:00,SMCI,SHORT,17,51.395,52.644285714285715,48.89642857142857,52.644285714285715,stop_hit,1.2492857142857146,0.8328571428571431,-21.237857142857102,0.7,0.4368575,-22.3747146428571,-0.9999999999999979,2025-02
2025-02-24 15:07:00,2025-02-24 15:08:00,2025-02-24 15:12:00,SMCI,SHORT,17,52.355,53.5475,49.96999999999999,53.5475,stop_hit,1.192500000000001,0.7950000000000007,-20.272500000000043,0.7,0.4450175,-21.41751750000004,-1.0000000000000013,2025-02
2025-02-24 15:19:00,2025-02-24 15:20:00,2025-02-24 15:28:00,SMCI,LONG,19,53.165,52.08002857142857,55.334942857142856,52.08002857142857,stop_hit,1.0849714285714283,0.7233142857142855,-20.61445714285714,0.7,0.5050675,-21.81952464285714,-1.0000000000000002,2025-02
2025-02-24 15:27:00,2025-02-24 15:28:00,2025-02-25 14:31:00,SMCI,LONG,25,52.2,51.369042857142865,53.861914285714285,51.369042857142865,stop_hit,0.8309571428571407,0.5539714285714271,-20.773928571428435,0.7,0.6525,-22.126428571428434,-0.999999999999996,2025-02
2025-02-24 15:29:00,2025-02-24 15:30:00,2025-02-25 14:31:00,SMCI,LONG,25,52.19,51.38305357142857,53.80389285714285,51.38305357142857,stop_hit,0.8069464285714263,0.5379642857142842,-20.173660714285724,0.7,0.652375,-21.526035714285722,-1.0000000000000033,2025-02
2025-02-24 15:33:00,2025-02-24 15:34:00,2025-02-24 15:40:00,SMCI,SHORT,26,52.68,53.456475,51.12705,53.456475,stop_hit,0.7764749999999996,0.5176499999999997,-20.188349999999943,0.7,0.68484,-21.573189999999943,-0.9999999999999977,2025-02
2025-02-25 14:34:00,2025-02-25 14:35:00,2025-02-25 14:52:00,SMCI,SHORT,16,49.18,50.412796428571426,46.71440714285714,46.71440714285714,target_hit,1.232796428571429,0.8218642857142859,39.44948571428574,0.7,0.39344,38.35604571428574,2.000000000000001,2025-02
2025-02-25 14:35:00,2025-02-25 14:36:00,2025-02-25 15:25:00,SMCI,SHORT,15,48.96,50.25118928571429,46.37762142857143,46.37762142857143,target_hit,1.2911892857142862,0.8607928571428575,38.73567857142856,0.7,0.36719999999999997,37.66847857142856,1.9999999999999987,2025-02
2025-02-25 14:37:00,2025-02-25 14:38:00,2025-02-25 14:45:00,SMCI,SHORT,14,48.36,49.80311785714286,45.47376428571428,49.80311785714286,stop_hit,1.4431178571428576,0.9620785714285718,-20.203650000000025,0.7,0.33852,-21.242170000000023,-1.0000000000000009,2025-02
2025-02-25 14:46:00,2025-02-25 14:47:00,2025-02-25 14:51:00,SMCI,LONG,16,49.02,47.74523571428572,51.56952857142857,47.74523571428572,stop_hit,1.2747642857142845,0.8498428571428563,-20.396228571428537,0.7,0.39216,-21.488388571428537,-0.9999999999999993,2025-02
2025-02-25 14:52:00,2025-02-25 14:53:00,2025-02-25 14:55:00,SMCI,SHORT,18,46.68,47.81941071428571,44.401178571428574,47.81941071428571,stop_hit,1.139410714285713,0.759607142857142,-20.50939285714277,0.7,0.42012,-21.62951285714277,-0.9999999999999969,2025-02
2025-02-25 15:05:00,2025-02-25 15:06:00,2025-02-25 15:20:00,SMCI,LONG,22,47.585,46.67775714285714,49.39948571428572,46.67775714285714,stop_hit,0.9072428571428583,0.6048285714285723,-19.959342857142957,0.7,0.5234350000000001,-21.182777857142955,-1.0000000000000038,2025-02
2025-02-25 15:08:00,2025-02-25 15:09:00,2025-02-25 15:14:00,SMCI,LONG,26,47.6,46.84314285714286,49.11371428571429,46.84314285714286,stop_hit,0.7568571428571437,0.5045714285714291,-19.67828571428572,0.7,0.6188000000000001,-20.99708571428572,-0.9999999999999992,2025-02
2025-02-26 14:49:00,2025-02-26 14:50:00,2025-02-26 15:10:00,SMCI,LONG,18,52.825,51.75287382142857,54.96925235714286,54.96925235714286,target_hit,1.0721261785714282,0.7147507857142854,38.59654242857137,0.7,0.47542500000000004,37.421117428571364,1.9999999999999976,2025-02
2025-02-26 14:57:00,2025-02-26 14:58:00,2025-02-26 15:10:00,SMCI,LONG,22,52.9274,52.01063096428571,54.76093807142857,54.76093807142857,target_hit,0.9167690357142865,0.6111793571428576,40.33783757142855,0.7,0.5822014000000001,39.055636171428546,1.9999999999999973,2025-02
2025-02-26 15:18:00,2025-02-26 15:19:00,2025-02-26 15:23:00,SMCI,LONG,25,56.0756,55.256756214285716,57.71328757142858,55.256756214285716,stop_hit,0.8188437857142878,0.5458958571428586,-20.471094642857146,0.7,0.700945,-21.872039642857146,-0.9999999999999976,2025-02
2025-02-26 15:51:00,2025-02-26 15:52:00,2025-02-27 14:31:00,SMCI,LONG,31,54.52,53.86780782142858,55.82438435714286,53.86780782142858,stop_hit,0.6521921785714281,0.43479478571428537,-20.21795753571419,0.7,0.84506,-21.76301753571419,-0.9999999999999961,2025-02
2025-02-27 14:34:00,2025-02-27 14:35:00,2025-02-27 14:45:00,SMCI,SHORT,16,48.63,49.89033214285715,46.10933571428572,46.10933571428572,target_hit,1.2603321428571421,0.8402214285714281,40.33062857142852,0.7,0.38904000000000005,39.241588571428515,1.9999999999999987,2025-02
2025-02-27 14:36:00,2025-02-27 14:37:00,2025-02-27 14:56:00,SMCI,SHORT,15,48.135,49.48065,45.4437,45.4437,target_hit,1.3456500000000005,0.8971000000000002,40.369499999999974,0.7,0.3610125,39.30848749999997,1.999999999999998,2025-02
2025-02-27 14:48:00,2025-02-27 14:49:00,2025-02-27 14:53:00,SMCI,LONG,23,47.315,46.41450714285714,49.11598571428571,46.41450714285714,stop_hit,0.9004928571428567,0.6003285714285711,-20.71133571428573,0.7,0.5441225,-21.95545821428573,-1.0000000000000013,2025-02
2025-02-27 14:49:00,2025-02-27 14:50:00,2025-02-27 14:54:00,SMCI,LONG,23,46.99,46.120075,48.72985,46.120075,stop_hit,0.8699249999999994,0.5799499999999996,-20.008275000000047,0.7,0.540385,-21.248660000000047,-1.000000000000003,2025-02
2025-02-27 14:56:00,2025-02-27 14:57:00,2025-02-27 15:15:00,SMCI,SHORT,29,45.4857,46.19325,44.0706,46.19325,stop_hit,0.7075500000000008,0.4717000000000005,-20.518949999999933,0.7,0.65954265,-21.87849264999993,-0.9999999999999956,2025-02
2025-02-27 15:00:00,2025-02-27 15:01:00,2025-02-27 15:02:00,SMCI,SHORT,29,44.3,44.98075357142857,42.938492857142855,44.98075357142857,stop_hit,0.6807535714285717,0.4538357142857145,-19.74185357142867,0.7,0.64235,-21.08420357142867,-1.0000000000000047,2025-02
2025-02-27 15:01:00,2025-02-27 15:02:00,2025-02-27 15:06:00,SMCI,SHORT,28,44.92,45.636110714285714,43.48777857142857,45.636110714285714,stop_hit,0.7161107142857153,0.4774071428571435,-20.051099999999934,0.7,0.62888,-21.379979999999932,-0.9999999999999953,2025-02
2025-02-27 15:02:00,2025-02-27 15:03:00,2025-02-27 15:06:00,SMCI,SHORT,26,44.855,45.59582857142857,43.37334285714285,45.59582857142857,stop_hit,0.7408285714285723,0.4938857142857148,-19.261542857142885,0.7,0.583115,-20.544657857142884,-1.0000000000000002,2025-02
2025-02-27 15:03:00,2025-02-27 15:04:00,2025-02-27 15:06:00,SMCI,SHORT,27,44.921,45.65004285714286,43.462914285714284,45.65004285714286,stop_hit,0.7290428571428573,0.48602857142857153,-19.68415714285716,0.7,0.6064335,-20.99059064285716,-1.0000000000000007,2025-02
2025-02-27 15:07:00,2025-02-27 15:08:00,2025-02-27 15:29:00,SMCI,LONG,24,45.07,44.28628214285714,46.637435714285715,46.637435714285715,target_hit,0.7837178571428582,0.5224785714285721,37.61845714285715,0.7,0.5408400000000001,36.37761714285715,1.9999999999999978,2025-02
2025-02-27 15:09:00,2025-02-27 15:10:00,2025-02-27 15:28:00,SMCI,SHORT,24,45.74,46.547289285714285,44.12542142857143,46.547289285714285,stop_hit,0.8072892857142866,0.5381928571428577,-19.3749428571428,0.7,0.54888,-20.623822857142798,-0.9999999999999959,2025-02
2025-02-27 15:26:00,2025-02-27 15:27:00,2025-02-27 15:29:00,SMCI,SHORT,34,46.28,46.85478928571428,45.13042142857143,46.85478928571428,stop_hit,0.5747892857142849,0.38319285714285656,-19.542835714285573,0.7,0.78676,-21.029595714285573,-0.9999999999999942,2025-02
2025-02-28 14:36:00,2025-02-28 14:37:00,2025-02-28 15:53:00,SMCI,LONG,13,41.08,39.66123571428571,43.917528571428576,43.115,time_exit,1.4187642857142877,0.9458428571428585,26.455000000000048,0.7,0.26702,25.48798000000005,1.4343467907182816,2025-02
2025-02-25 14:31:00,2025-02-25 14:32:00,2025-02-25 14:54:00,SRE,SHORT,10,72.59,74.39505714285715,68.97988571428571,68.97988571428571,target_hit,1.8050571428571445,1.2033714285714296,36.10114285714289,0.7,0.36295000000000005,35.03819285714289,2.0,2025-02
2025-02-25 14:32:00,2025-02-25 14:33:00,2025-02-25 14:47:00,SRE,SHORT,10,73.0,74.88648571428571,69.22702857142858,69.22702857142858,target_hit,1.886485714285715,1.2576571428571433,37.72971428571424,0.7,0.365,36.66471428571423,1.9999999999999967,2025-02
2025-02-25 14:35:00,2025-02-25 14:36:00,2025-02-25 15:47:00,SRE,SHORT,8,70.13,72.47880714285714,65.4323857142857,65.4323857142857,target_hit,2.3488071428571446,1.56587142857143,37.58091428571436,0.7,0.28052,36.60039428571435,2.000000000000002,2025-02
2025-02-25 14:55:00,2025-02-25 14:56:00,2025-02-25 15:11:00,SRE,LONG,24,68.13,67.29268928571429,69.80462142857142,67.29268928571429,stop_hit,0.8373107142857107,0.5582071428571405,-20.095457142856958,0.7,0.81756,-21.613017142856958,-0.9999999999999951,2025-02
2025-02-12 14:34:00,2025-02-12 14:35:00,2025-02-12 14:38:00,SW,SHORT,29,49.465,50.16464285714286,48.06571428571429,50.16464285714286,stop_hit,0.6996428571428557,0.46642857142857047,-20.289642857142802,0.7,0.7172425000000001,-21.706885357142802,-0.9999999999999993,2025-02
2025-02-12 14:35:00,2025-02-12 14:36:00,2025-02-12 14:38:00,SW,SHORT,27,49.38,50.12625,47.8875,50.12625,stop_hit,0.7462499999999989,0.4974999999999992,-20.1487499999999,0.7,0.6666300000000001,-21.5153799999999,-0.9999999999999966,2025-02
2025-02-10 14:36:00,2025-02-10 14:37:00,2025-02-10 15:04:00,TECH,SHORT,17,67.925,69.09726071428571,65.58047857142856,69.09726071428571,stop_hit,1.1722607142857164,0.7815071428571443,-19.92843214285712,0.7,0.5773625,-21.205794642857118,-0.999999999999997,2025-02
2025-02-27 15:19:00,2025-02-27 15:20:00,2025-02-27 15:26:00,TKO,SHORT,16,150.38,151.562975,148.01405,148.01405,target_hit,1.182975000000003,0.7886500000000021,37.85519999999997,0.7,1.2030399999999999,35.952159999999964,1.9999999999999933,2025-02
2025-02-10 14:31:00,2025-02-10 14:32:00,2025-02-10 14:38:00,UBER,SHORT,22,77.23,78.11335000000001,75.46329999999999,78.11335000000001,stop_hit,0.8833500000000066,0.5889000000000044,-19.433700000000158,0.7,0.8495300000000001,-20.98323000000016,-1.0000000000000007,2025-02
2025-02-19 14:39:00,2025-02-19 14:40:00,2025-02-19 14:53:00,UNG,SHORT,75,21.73,21.997332142857143,21.19533571428571,21.997332142857143,stop_hit,0.2673321428571441,0.1782214285714294,-20.0499107142857,0.7,0.814875,-21.5647857142857,-0.9999999999999948,2025-02
2025-02-19 14:40:00,2025-02-19 14:41:00,2025-02-19 14:53:00,UNG,SHORT,72,21.76,22.03424285714286,21.211514285714284,22.03424285714286,stop_hit,0.27424285714285823,0.18282857142857217,-19.74548571428585,0.7,0.7833600000000001,-21.228845714285846,-1.0000000000000029,2025-02
2025-02-21 14:32:00,2025-02-21 14:33:00,2025-02-21 15:53:00,UNH,LONG,2,455.7,446.3347928571429,474.4304142857142,457.855,time_exit,9.365207142857129,6.243471428571419,4.310000000000059,0.7,0.4557,3.1543000000000587,0.23010702989561255,2025-02
2025-02-24 14:35:00,2025-02-24 14:36:00,2025-02-24 15:53:00,WDC,SHORT,8,51.14,53.47141785714286,46.47716428571429,48.4096,time_exit,2.331417857142857,1.5542785714285716,21.843200000000024,0.7,0.20456000000000002,20.938640000000024,1.1711328330246629,2025-02
2025-02-24 14:36:00,2025-02-24 14:37:00,2025-02-24 15:53:00,WDC,SHORT,8,50.78,53.12159642857143,46.096807142857145,48.4096,time_exit,2.3415964285714286,1.5610642857142858,18.96320000000003,0.7,0.20312,18.06008000000003,1.0123008265118287,2025-02
2025-02-24 14:37:00,2025-02-24 14:38:00,2025-02-24 15:53:00,WDC,SHORT,8,50.97,53.34693214285714,46.21613571428571,48.4096,time_exit,2.3769321428571435,1.584621428571429,20.48320000000001,0.7,0.20388,19.57932000000001,1.0771868299623917,2025-02
2025-02-24 14:38:00,2025-02-24 14:39:00,2025-02-24 15:53:00,WDC,SHORT,8,51.06,53.45207142857143,46.27585714285714,48.4096,time_exit,2.3920714285714304,1.5947142857142869,21.203200000000038,0.7,0.20424,20.29896000000004,1.1079936695631414,2025-02
2025-02-24 14:39:00,2025-02-24 14:40:00,2025-02-24 15:53:00,WDC,SHORT,8,50.745,53.14725,45.94049999999999,48.4096,time_exit,2.4022500000000013,1.601500000000001,18.6832,0.7,0.20298,17.78022,0.9721719221563112,2025-02
2025-02-24 14:40:00,2025-02-24 14:41:00,2025-02-24 15:53:00,WDC,SHORT,8,50.825,53.261,45.953,48.4096,time_exit,2.4360000000000004,1.6240000000000003,19.323200000000043,0.7,0.2033,18.419900000000045,0.9915435139573091,2025-02
2025-02-13 14:40:00,2025-02-13 14:41:00,2025-02-13 15:37:00,ZTS,SHORT,6,157.09,160.1073892857143,151.05522142857143,160.1073892857143,stop_hit,3.0173892857142874,2.0115928571428583,-18.10433571428581,0.7,0.47126999999999997,-19.27560571428581,-1.0000000000000047,2025-02
2025-03-20 13:33:00,2025-03-20 13:34:00,2025-03-20 13:38:00,ACN,LONG,3,299.04,293.81335714285717,309.4932857142858,293.81335714285717,stop_hit,5.226642857142867,3.484428571428578,-15.679928571428547,0.7,0.44856000000000007,-16.828488571428547,-0.9999999999999966,2025-03
2025-03-20 13:35:00,2025-03-20 13:36:00,2025-03-20 15:25:00,ACN,LONG,3,294.85,288.99228571428574,306.5654285714286,306.5654285714286,target_hit,5.8577142857142945,3.905142857142863,35.14628571428568,0.7,0.44227500000000003,34.00401071428568,1.9999999999999951,2025-03
2025-03-04 14:32:00,2025-03-04 14:33:00,2025-03-04 15:53:00,BBY,SHORT,11,74.97,76.76559642857143,71.37880714285714,74.98,time_exit,1.795596428571427,1.1970642857142846,-0.11000000000005627,0.7,0.412335,-1.2223350000000561,-0.005569180157013955,2025-03
2025-03-04 14:34:00,2025-03-04 14:35:00,2025-03-04 15:53:00,BBY,SHORT,10,75.39,77.34141428571428,71.48717142857143,74.98,time_exit,1.9514142857142827,1.3009428571428552,4.099999999999966,0.7,0.37695,3.023049999999966,0.21010402711586326,2025-03
2025-03-04 14:35:00,2025-03-04 14:36:00,2025-03-04 15:53:00,BBY,SHORT,10,74.935,77.00748571428572,70.79002857142858,74.98,time_exit,2.0724857142857123,1.3816571428571416,-0.45000000000001705,0.7,0.37467500000000004,-1.524675000000017,-0.02171305678481411,2025-03
2025-03-04 14:39:00,2025-03-04 14:40:00,2025-03-04 15:53:00,BBY,SHORT,8,74.4,76.86879642857143,69.46240714285716,74.98,time_exit,2.468796428571426,1.645864285714284,-4.639999999999986,0.7,0.29760000000000003,-5.637599999999987,-0.2349322906042992,2025-03
2025-03-04 14:40:00,2025-03-04 14:41:00,2025-03-04 15:53:00,BBY,SHORT,8,74.466,77.03979642857142,69.31840714285714,74.98,time_exit,2.573796428571428,1.7158642857142854,-4.11200000000008,0.7,0.29786399999999996,-5.10986400000008,-0.1997049938737008,2025-03
2025-03-31 13:33:00,2025-03-31 13:34:00,2025-03-31 13:45:00,DAL,LONG,47,41.22,40.78819285714286,42.08361428571428,40.78819285714286,stop_hit,0.43180714285714217,0.2878714285714281,-20.294935714285515,0.7,0.96867,-21.963605714285514,-0.9999999999999918,2025-03
2025-03-04 14:33:00,2025-03-04 14:34:00,2025-03-04 14:39:00,DLTR,SHORT,18,64.64,65.76473214285714,62.39053571428572,65.76473214285714,stop_hit,1.1247321428571415,0.7498214285714278,-20.24517857142854,0.7,0.58176,-21.526938571428538,-0.9999999999999996,2025-03
2025-03-04 14:34:00,2025-03-04 14:35:00,2025-03-04 14:39:00,DLTR,SHORT,17,64.5,65.69116071428572,62.11767857142857,65.69116071428572,stop_hit,1.1911607142857135,0.7941071428571423,-20.249732142857155,0.7,0.54825,-21.497982142857154,-1.0000000000000013,2025-03
2025-03-11 13:34:00,2025-03-11 13:35:00,2025-03-11 13:39:00,EXPE,SHORT,7,165.005,167.6714,159.6722,167.6714,stop_hit,2.6663999999999977,1.7775999999999985,-18.66480000000007,0.7,0.5775174999999999,-19.94231750000007,-1.0000000000000047,2025-03
2025-03-31 13:34:00,2025-03-31 13:35:00,2025-03-31 13:45:00,FCX,LONG,56,36.734,36.385325,37.43135,36.385325,stop_hit,0.3486750000000016,0.23245000000000107,-19.525800000000004,0.7,1.0285520000000001,-21.254352000000004,-0.9999999999999956,2025-03
2025-03-31 13:35:00,2025-03-31 13:36:00,2025-03-31 13:44:00,FCX,LONG,53,36.76,36.39311071428571,37.49377857142857,36.39311071428571,stop_hit,0.3668892857142867,0.2445928571428578,-19.445132142857183,0.7,0.97414,-21.11927214285718,-0.9999999999999994,2025-03
2025-03-21 13:33:00,2025-03-21 13:34:00,2025-03-21 15:53:00,FDX,LONG,4,219.8,215.45429642857144,228.49140714285716,224.31,time_exit,4.345703571428574,2.8971357142857164,18.039999999999964,0.7,0.43960000000000005,16.900399999999966,1.0378066349604713,2025-03
2025-03-27 13:31:00,2025-03-27 13:32:00,2025-03-27 13:55:00,GM,SHORT,22,46.88,47.768857142857144,45.10228571428572,47.768857142857144,stop_hit,0.8888571428571419,0.592571428571428,-19.554857142857102,0.7,0.51568,-20.7705371428571,-0.999999999999999,2025-03
2025-03-27 13:34:00,2025-03-27 13:35:00,2025-03-27 13:50:00,GM,SHORT,18,46.44,47.48575714285714,44.348485714285715,47.48575714285714,stop_hit,1.0457571428571426,0.6971714285714283,-18.823628571428543,0.7,0.41796,-19.941588571428543,-0.9999999999999988,2025-03
2025-03-07 14:32:00,2025-03-07 14:33:00,2025-03-07 15:53:00,HPE,SHORT,40,15.145,15.624401607142858,14.186196785714285,15.245,time_exit,0.4794016071428572,0.31960107142857147,-3.999999999999986,0.7,0.3029,-5.002899999999986,-0.20859337663880753,2025-03
2025-03-04 14:41:00,2025-03-04 14:42:00,2025-03-04 15:21:00,IBKR,SHORT,25,48.015,48.76354285714286,46.51791428571428,46.51791428571428,target_hit,0.7485428571428567,0.49902857142857115,37.427142857142925,0.7,0.6001875,36.126955357142926,2.000000000000005,2025-03
2025-03-17 13:32:00,2025-03-17 13:33:00,2025-03-17 14:07:00,INCY,SHORT,15,59.98,61.224689285714284,57.49062142857143,61.224689285714284,stop_hit,1.244689285714285,0.8297928571428567,-18.670339285714306,0.7,0.44984999999999997,-19.820189285714306,-1.0000000000000016,2025-03
2025-03-07 14:31:00,2025-03-07 14:32:00,2025-03-07 14:40:00,INTC,SHORT,98,20.735,20.930857142857143,20.343285714285713,20.930857142857143,stop_hit,0.19585714285714356,0.13057142857142903,-19.19400000000003,0.7,1.0160150000000001,-20.91001500000003,-0.999999999999998,2025-03
2025-03-21 13:33:00,2025-03-21 13:34:00,2025-03-21 14:00:00,LEN,LONG,11,113.14,111.51447142857143,116.39105714285714,111.51447142857143,stop_hit,1.625528571428568,1.0836857142857121,-17.880814285714322,0.7,0.62227,-19.203084285714322,-1.000000000000004,2025-03
2025-03-21 15:06:00,2025-03-21 15:07:00,2025-03-21 15:11:00,LMT,SHORT,3,454.69,460.1847892857143,443.7004214285714,443.7004214285714,target_hit,5.494789285714297,3.6631928571428642,32.96873571428574,0.7,0.682035,31.58670071428574,1.9999999999999978,2025-03
2025-03-21 13:34:00,2025-03-21 13:35:00,2025-03-21 14:31:00,LULU,LONG,7,312.115,309.43197142857144,317.4810571428572,317.4810571428572,target_hit,2.6830285714285855,1.7886857142857235,37.56240000000031,0.7,1.0924025000000002,35.76999750000031,2.0000000000000058,2025-03
2025-03-28 13:35:00,2025-03-28 13:36:00,2025-03-28 13:40:00,LULU,LONG,2,303.1,296.28650714285715,316.7269857142858,296.28650714285715,stop_hit,6.8134928571428635,4.542328571428576,-13.626985714285752,0.7,0.30310000000000004,-14.630085714285752,-1.0000000000000018,2025-03
2025-03-11 13:31:00,2025-03-11 13:32:00,2025-03-11 13:36:00,LUV,LONG,30,31.185,30.54271071428571,32.46957857142857,30.54271071428571,stop_hit,0.6422892857142867,0.42819285714285776,-19.26867857142863,0.7,0.467775,-20.43645357142863,-1.0000000000000016,2025-03
2025-03-05 14:32:00,2025-03-05 14:33:00,2025-03-05 14:38:00,MRNA,LONG,36,32.05,31.51856071428571,33.112878571428574,33.112878571428574,target_hit,0.5314392857142869,0.35429285714285796,38.26362857142877,0.7,0.5769,36.98672857142876,2.0000000000000058,2025-03
2025-03-05 14:37:00,2025-03-05 14:38:00,2025-03-05 15:24:00,MRNA,LONG,26,33.03,32.30359285714286,34.482814285714284,32.30359285714286,stop_hit,0.726407142857143,0.4842714285714287,-18.886585714285673,0.7,0.42939,-20.015975714285673,-0.9999999999999976,2025-03
2025-03-05 14:39:00,2025-03-05 14:40:00,2025-03-05 15:22:00,MRNA,LONG,24,33.31,32.50537857142857,34.91924285714286,32.50537857142857,stop_hit,0.8046214285714282,0.5364142857142854,-19.31091428571432,0.7,0.39972,-20.410634285714316,-1.0000000000000022,2025-03
2025-03-05 14:56:00,2025-03-05 14:57:00,2025-03-05 15:23:00,MRNA,LONG,34,32.99,32.44026071428572,34.08947857142857,32.44026071428572,stop_hit,0.5497392857142847,0.3664928571428564,-18.691135714285565,0.7,0.56083,-19.951965714285564,-0.9999999999999939,2025-03
2025-03-05 15:25:00,2025-03-05 15:26:00,2025-03-05 15:30:00,MRNA,LONG,37,32.48,31.971028571428565,33.49794285714286,31.971028571428565,stop_hit,0.50897142857143,0.3393142857142867,-18.831942857142966,0.7,0.60088,-20.132822857142965,-1.000000000000003,2025-03
2025-03-05 15:29:00,2025-03-05 15:30:00,2025-03-05 15:46:00,MRNA,LONG,35,31.4,30.877185714285712,32.44562857142857,32.44562857142857,target_hit,0.5228142857142853,0.3485428571428569,36.597000000000044,0.7,0.5495,35.34750000000004,2.000000000000004,2025-03
2025-03-05 15:37:00,2025-03-05 15:38:00,2025-03-06 14:31:00,MRNA,SHORT,22,32.1822,33.033321428571426,30.479957142857145,33.033321428571426,stop_hit,0.8511214285714281,0.5674142857142854,-18.72467142857134,0.7,0.35400420000000005,-19.77867562857134,-0.9999999999999958,2025-03
2025-03-05 15:38:00,2025-03-05 15:39:00,2025-03-06 14:31:00,MRNA,SHORT,23,32.21,33.00969285714286,30.610614285714288,33.00969285714286,stop_hit,0.7996928571428565,0.5331285714285711,-18.39293571428574,0.7,0.37041500000000005,-19.463350714285742,-1.0000000000000022,2025-03
2025-03-05 15:39:00,2025-03-05 15:40:00,2025-03-06 14:31:00,MRNA,SHORT,24,32.11,32.89040714285714,30.549185714285713,32.89040714285714,stop_hit,0.7804071428571424,0.5202714285714283,-18.72977142857144,0.7,0.38532,-19.81509142857144,-1.000000000000001,2025-03
2025-03-05 15:44:00,2025-03-05 15:45:00,2025-03-06 14:31:00,MRNA,SHORT,31,32.25,32.83418571428572,31.081628571428574,32.83418571428572,stop_hit,0.5841857142857136,0.3894571428571424,-18.109757142857212,0.7,0.499875,-19.30963214285721,-1.0000000000000049,2025-03
2025-03-05 15:45:00,2025-03-05 15:46:00,2025-03-06 14:31:00,MRNA,SHORT,35,32.389,32.907828571428574,31.35134285714286,32.907828571428574,stop_hit,0.5188285714285708,0.34588571428571385,-18.158999999999992,0.7,0.5668075,-19.42580749999999,-1.0000000000000009,2025-03
2025-03-05 15:46:00,2025-03-05 15:47:00,2025-03-06 14:31:00,MRNA,SHORT,38,32.29,32.75632857142857,31.357342857142857,32.75632857142857,stop_hit,0.466328571428571,0.310885714285714,-17.72048571428563,0.7,0.61351,-19.03399571428563,-0.9999999999999962,2025-03
2025-03-31 13:31:00,2025-03-31 13:32:00,2025-03-31 15:39:00,MRNA,SHORT,34,27.7012,28.225664285714288,26.652271428571428,28.225664285714288,stop_hit,0.524464285714286,0.34964285714285737,-17.831785714285786,0.7,0.47092039999999996,-19.002706114285786,-1.0000000000000033,2025-03
2025-03-31 13:40:00,2025-03-31 13:41:00,2025-03-31 15:53:00,MRNA,LONG,20,27.02,26.167357142857142,28.725285714285715,28.37,time_exit,0.8526428571428575,0.5684285714285716,27.00000000000003,0.7,0.2702,26.02980000000003,1.5833123900477517,2025-03
2025-03-31 13:46:00,2025-03-31 13:47:00,2025-03-31 13:55:00,MRNA,SHORT,42,27.04,27.461125,26.19775,27.461125,stop_hit,0.42112500000000025,0.28075000000000017,-17.68725,0.7,0.56784,-18.95509,-0.9999999999999993,2025-03
2025-03-04 14:31:00,2025-03-04 14:32:00,2025-03-04 14:36:00,PLTR,SHORT,12,81.62,83.0128142857143,78.83437142857143,83.0128142857143,stop_hit,1.3928142857142904,0.9285428571428602,-16.713771428571533,0.7,0.48972000000000004,-17.90349142857153,-1.0000000000000029,2025-03
2025-03-04 15:30:00,2025-03-04 15:31:00,2025-03-05 14:31:00,PLTR,LONG,24,81.11,80.37371428571429,82.58257142857143,82.58257142857143,target_hit,0.7362857142857128,0.4908571428571418,35.34171428571426,0.7,0.97332,33.66839428571426,2.0000000000000027,2025-03
2025-03-05 15:00:00,2025-03-05 15:01:00,2025-03-05 15:06:00,PLTR,SHORT,18,85.77,86.76046071428571,83.78907857142858,86.76046071428571,stop_hit,0.9904607142857138,0.6603071428571425,-17.828292857142912,0.7,0.77193,-19.300222857142913,-1.0000000000000036,2025-03
2025-03-04 14:31:00,2025-03-04 14:32:00,2025-03-04 14:34:00,SMCI,SHORT,20,35.17,36.03239285714286,33.445214285714286,36.03239285714286,stop_hit,0.8623928571428578,0.5749285714285719,-17.247857142857157,0.7,0.35170000000000007,-18.299557142857157,-1.0,2025-03
2025-03-04 14:32:00,2025-03-04 14:33:00,2025-03-04 14:35:00,SMCI,SHORT,19,35.8597,36.75313214285714,34.07283571428571,36.75313214285714,stop_hit,0.8934321428571439,0.5956214285714293,-16.97521071428573,0.7,0.34066715,-18.01587786428573,-0.9999999999999998,2025-03
2025-03-04 14:33:00,2025-03-04 14:34:00,2025-03-04 14:35:00,SMCI,SHORT,18,36.37,37.32021785714286,34.469564285714284,37.32021785714286,stop_hit,0.9502178571428583,0.6334785714285722,-17.103921428571482,0.7,0.32733,-18.13125142857148,-1.0000000000000018,2025-03
2025-03-04 14:36:00,2025-03-04 14:37:00,2025-03-04 14:43:00,SMCI,LONG,15,37.115,35.988392857142856,39.36821428571429,35.988392857142856,stop_hit,1.1266071428571438,0.7510714285714292,-16.899107142857197,0.7,0.2783625,-17.877469642857196,-1.0000000000000024,2025-03
2025-03-04 14:39:00,2025-03-04 14:40:00,2025-03-06 14:40:00,SMCI,LONG,13,37.01,35.728624999999994,39.57275,35.728624999999994,stop_hit,1.2813750000000006,0.8542500000000004,-16.657875000000054,0.7,0.240565,-17.598440000000053,-1.0000000000000027,2025-03
2025-03-04 14:42:00,2025-03-04 14:43:00,2025-03-06 15:40:00,SMCI,LONG,12,36.19,34.79686471428571,38.97627057142857,38.97627057142857,target_hit,1.393135285714286,0.9287568571428574,33.435246857142886,0.7,0.21714,32.51810685714288,2.0000000000000013,2025-03
2025-03-04 14:48:00,2025-03-04 14:49:00,2025-03-04 15:00:00,SMCI,LONG,19,36.88,35.97243614285714,38.69512771428572,35.97243614285714,stop_hit,0.9075638571428586,0.6050425714285724,-17.243713285714364,0.7,0.35036,-18.29407328571436,-1.0000000000000029,2025-03
2025-03-04 14:54:00,2025-03-04 14:55:00,2025-03-04 15:27:00,SMCI,SHORT,25,36.5001,37.16288571428572,35.17452857142857,37.16288571428572,stop_hit,0.6627857142857165,0.4418571428571444,-16.569642857142952,0.7,0.45625125000000005,-17.725894107142953,-1.0000000000000024,2025-03
2025-03-04 14:57:00,2025-03-04 14:58:00,2025-03-04 15:29:00,SMCI,SHORT,26,36.7496,37.37923571428572,35.49032857142857,37.37923571428572,stop_hit,0.629635714285717,0.4197571428571446,-16.370528571428693,0.7,0.4777448,-17.548273371428692,-1.000000000000003,2025-03
2025-03-04 14:58:00,2025-03-04 14:59:00,2025-03-04 15:27:00,SMCI,SHORT,27,36.4043,37.00179285714286,35.20931428571428,37.00179285714286,stop_hit,0.5974928571428593,0.39832857142857286,-16.132307142857236,0.7,0.49145805000000004,-17.323765192857234,-1.0000000000000022,2025-03
2025-03-04 15:11:00,2025-03-04 15:12:00,2025-03-04 15:27:00,SMCI,SHORT,33,36.5901,37.09106785714286,35.588164285714285,37.09106785714286,stop_hit,0.5009678571428586,0.3339785714285724,-16.531939285714408,0.7,0.60373665,-17.835675935714406,-1.0000000000000044,2025-03
2025-03-06 14:36:00,2025-03-06 14:37:00,2025-03-06 14:49:00,SMCI,SHORT,24,36.23,36.902942857142854,34.88411428571428,36.902942857142854,stop_hit,0.6729428571428571,0.4486285714285714,-16.15062857142857,0.7,0.43476,-17.28538857142857,-1.0,2025-03
2025-03-06 14:40:00,2025-03-06 14:41:00,2025-03-06 14:47:00,SMCI,SHORT,21,35.88,36.616682142857144,34.40663571428572,36.616682142857144,stop_hit,0.7366821428571415,0.4911214285714277,-15.470324999999967,0.7,0.37674,-16.547064999999968,-0.9999999999999997,2025-03
2025-03-06 14:43:00,2025-03-06 14:44:00,2025-03-06 14:49:00,SMCI,SHORT,20,36.01,36.77752857142857,34.47494285714286,36.77752857142857,stop_hit,0.7675285714285709,0.511685714285714,-15.350571428571413,0.7,0.3601,-16.410671428571412,-0.9999999999999997,2025-03
2025-03-12 13:31:00,2025-03-12 13:32:00,2025-03-12 13:37:00,SMCI,LONG,19,44.13,43.33556785714286,45.71886428571429,43.33556785714286,stop_hit,0.7944321428571417,0.5296214285714278,-15.094210714285659,0.7,0.419235,-16.21344571428566,-0.9999999999999978,2025-03
2025-03-12 13:32:00,2025-03-12 13:33:00,2025-03-12 13:55:00,SMCI,SHORT,17,44.095,44.96812857142857,42.34874285714286,42.34874285714286,target_hit,0.8731285714285706,0.5820857142857138,29.68637142857137,0.7,0.3748075,28.61156392857137,1.999999999999998,2025-03
2025-03-31 13:33:00,2025-03-31 13:34:00,2025-03-31 13:50:00,SMCI,LONG,41,32.34,31.951875000000005,33.11625,33.11625,target_hit,0.3881250000000002,0.25875000000000015,31.826249999999895,0.7,0.6629700000000001,30.463279999999894,1.9999999999999922,2025-03
2025-03-11 13:31:00,2025-03-11 13:32:00,2025-03-11 13:34:00,TER,LONG,8,93.85,92.00955357142857,97.53089285714286,92.00955357142857,stop_hit,1.8404464285714295,1.2269642857142864,-14.723571428571404,0.7,0.3754,-15.798971428571404,-0.9999999999999978,2025-03
2025-03-11 13:33:00,2025-03-11 13:34:00,2025-03-11 13:40:00,TER,LONG,7,91.89,89.81491071428572,96.04017857142858,89.81491071428572,stop_hit,2.075089285714288,1.3833928571428586,-14.525624999999991,0.7,0.32161500000000004,-15.54723999999999,-0.9999999999999983,2025-03
2025-03-04 14:35:00,2025-03-04 14:36:00,2025-03-04 15:53:00,TGT,SHORT,9,114.4898,116.24811071428572,110.97317857142858,112.89,time_exit,1.7583107142857142,1.1722071428571428,14.398200000000017,0.7,0.5152041,13.182995900000018,0.9098505667980845,2025-03
2025-03-04 14:32:00,2025-03-04 14:33:00,2025-03-04 15:03:00,TSLA,SHORT,3,273.68,278.4806107142857,264.0787785714286,264.0787785714286,target_hit,4.800610714285709,3.200407142857139,28.803664285714262,0.7,0.41052,27.69314428571426,2.000000000000001,2025-03
2025-03-04 14:34:00,2025-03-04 14:35:00,2025-03-06 14:31:00,UAL,SHORT,12,85.85,87.13586428571428,83.27827142857141,87.13586428571428,stop_hit,1.2858642857142892,0.8572428571428594,-15.43037142857139,0.7,0.5150999999999999,-16.64547142857139,-0.9999999999999948,2025-03
2025-03-10 13:35:00,2025-03-10 13:36:00,2025-03-10 13:48:00,UAL,LONG,16,75.88,74.87144285714285,77.89711428571428,77.89711428571428,target_hit,1.0085571428571432,0.6723714285714288,32.27382857142857,0.7,0.60704,30.966788571428566,1.9999999999999991,2025-03
2025-03-07 14:32:00,2025-03-07 14:33:00,2025-03-07 14:37:00,VST,LONG,14,114.84,113.67017142857142,117.17965714285715,113.67017142857142,stop_hit,1.169828571428575,0.7798857142857167,-16.377600000000143,0.7,0.80388,-17.881480000000142,-1.0000000000000058,2025-03
2025-03-11 13:33:00,2025-03-11 13:34:00,2025-03-12 13:31:00,VZ,SHORT,28,43.3,43.870042857142856,42.15991428571428,42.15991428571428,target_hit,0.5700428571428586,0.3800285714285724,31.922400000000096,0.7,0.6062,30.616200000000095,2.000000000000001,2025-03
2025-03-28 13:32:00,2025-03-28 13:33:00,2025-03-28 13:38:00,WRB,LONG,21,72.56,71.79614642857143,74.08770714285714,74.08770714285714,target_hit,0.7638535714285715,0.5092357142857143,32.08184999999992,0.7,0.76188,30.619969999999917,1.9999999999999947,2025-03
2025-03-19 13:37:00,2025-03-19 13:38:00,2025-03-19 15:25:00,WSM,LONG,3,152.495,147.02910714285716,163.42678571428573,163.42678571428573,target_hit,5.4658928571428556,3.6439285714285705,32.79535714285717,0.7,0.22874250000000002,31.86661464285717,2.000000000000002,2025-03
2025-03-19 13:40:00,2025-03-19 13:41:00,2025-03-19 15:25:00,WSM,LONG,2,152.22,146.27037857142858,164.11924285714284,164.11924285714284,target_hit,5.949621428571425,3.9664142857142832,23.798485714285675,0.7,0.15222,22.946265714285676,1.999999999999998,2025-03
2025-03-19 13:45:00,2025-03-19 13:46:00,2025-03-19 14:56:00,WSM,SHORT,4,152.005,155.829475,144.35605,155.829475,stop_hit,3.824474999999996,2.5496499999999975,-15.297900000000027,0.7,0.30401,-16.301910000000028,-1.0000000000000029,2025-03
2025-03-19 13:47:00,2025-03-19 13:48:00,2025-03-19 14:00:00,WSM,SHORT,5,150.17,153.21983214285711,144.0703357142857,153.21983214285711,stop_hit,3.0498321428571407,2.033221428571427,-15.249160714285637,0.7,0.37542499999999995,-16.324585714285636,-0.9999999999999957,2025-03
2025-03-19 14:02:00,2025-03-19 14:03:00,2025-03-19 14:52:00,WSM,SHORT,8,153.425,155.40405714285717,149.46688571428572,155.40405714285717,stop_hit,1.979057142857147,1.3193714285714313,-15.832457142857265,0.7,0.6137,-17.146157142857266,-1.0000000000000056,2025-03
2025-03-19 15:00:00,2025-03-19 15:01:00,2025-03-19 15:20:00,WSM,SHORT,9,158.65,160.4958142857143,154.95837142857144,160.4958142857143,stop_hit,1.845814285714285,1.2305428571428567,-16.61232857142855,0.7,0.713925,-18.026253571428548,-0.999999999999999,2025-03
2025-04-16 13:31:00,2025-04-16 13:32:00,2025-04-16 13:50:00,ABT,LONG,16,131.84,130.83391785714286,133.8521642857143,130.83391785714286,stop_hit,1.0060821428571478,0.6707214285714319,-16.09731428571422,0.7,1.05472,-17.85203428571422,-0.9999999999999909,2025-04
2025-04-14 13:33:00,2025-04-14 13:34:00,2025-04-14 15:37:00,ADI,SHORT,8,182.0125,183.99211428571428,178.05327142857143,178.05327142857143,target_hit,1.979614285714278,1.319742857142852,31.67382857142843,0.7,0.72805,30.24577857142843,1.999999999999999,2025-04
2025-04-07 14:15:00,2025-04-07 14:16:00,2025-04-07 14:21:00,AMD,SHORT,11,88.3,89.824075,85.25185,85.25185,target_hit,1.5240749999999967,1.016049999999998,33.52964999999992,0.7,0.48564999999999997,32.343999999999916,1.9999999999999993,2025-04
2025-04-07 14:33:00,2025-04-07 14:34:00,2025-04-07 14:38:00,AMD,LONG,11,82.965,81.45290357142858,85.98919285714285,81.45290357142858,stop_hit,1.512096428571427,1.0080642857142845,-16.633060714285676,0.7,0.45630750000000003,-17.789368214285677,-0.9999999999999988,2025-04
2025-04-16 13:32:00,2025-04-16 13:33:00,2025-04-23 13:31:00,AMD,SHORT,12,89.1535,90.478675,86.50314999999999,90.478675,stop_hit,1.3251750000000007,0.8834500000000004,-15.902100000000019,0.7,0.534921,-17.13702100000002,-1.0000000000000007,2025-04
2025-04-16 13:34:00,2025-04-16 13:35:00,2025-04-23 13:31:00,AMD,SHORT,11,89.66,91.08054285714286,86.81891428571429,91.08054285714286,stop_hit,1.4205428571428582,0.9470285714285721,-15.62597142857149,0.7,0.49313,-16.81910142857149,-1.000000000000003,2025-04
2025-04-07 14:11:00,2025-04-07 14:12:00,2025-04-07 14:13:00,AMZN,SHORT,9,177.9,179.69409642857144,174.31180714285716,179.69409642857144,stop_hit,1.7940964285714287,1.1960642857142858,-16.146867857142922,0.7,0.8005500000000001,-17.647417857142923,-1.000000000000004,2025-04
2025-04-04 13:42:00,2025-04-04 13:43:00,2025-04-07 13:31:00,ANET,SHORT,10,65.66,67.30712857142856,62.365742857142855,62.365742857142855,target_hit,1.647128571428571,1.098085714285714,32.94257142857141,0.7,0.3283,31.91427142857141,1.9999999999999996,2025-04
2025-04-07 13:31:00,2025-04-07 13:32:00,2025-04-07 13:33:00,ANET,SHORT,17,59.725,60.70451071428572,57.765978571428576,60.70451071428572,stop_hit,0.9795107142857142,0.6530071428571428,-16.651682142857176,0.7,0.5076625,-17.859344642857174,-1.000000000000002,2025-04
2025-04-07 13:32:00,2025-04-07 13:33:00,2025-04-07 13:49:00,ANET,SHORT,16,61.77,62.76026785714286,59.78946428571429,62.76026785714286,stop_hit,0.9902678571428565,0.660178571428571,-15.844285714285661,0.7,0.49416000000000004,-17.03844571428566,-0.9999999999999973,2025-04
2025-04-07 14:32:00,2025-04-07 14:33:00,2025-04-07 14:36:00,ANET,LONG,13,67.09,65.857225,69.55555,65.857225,stop_hit,1.2327749999999997,0.8218499999999997,-16.02607500000005,0.7,0.43608500000000006,-17.162160000000046,-1.0000000000000033,2025-04
2025-04-07 14:34:00,2025-04-07 14:35:00,2025-04-07 14:54:00,ANET,LONG,13,65.95,64.75231428571429,68.34537142857143,68.34537142857143,target_hit,1.1976857142857122,0.7984571428571415,31.139828571428495,0.7,0.42867500000000003,30.011153571428498,1.9999999999999984,2025-04
2025-04-08 13:32:00,2025-04-08 13:33:00,2025-04-14 13:31:00,ANET,SHORT,12,73.16,74.52515,70.4297,74.52515,stop_hit,1.3651499999999999,0.9100999999999999,-16.3818,0.7,0.43895999999999996,-17.52076,-1.0,2025-04
2025-04-03 13:39:00,2025-04-03 13:40:00,2025-04-04 13:31:00,APO,SHORT,5,124.005,126.93011785714285,118.15476428571428,118.15476428571428,target_hit,2.9251178571428578,1.9500785714285718,29.251178571428582,0.7,0.31001249999999997,28.241166071428584,2.0000000000000004,2025-04
2025-04-07 14:12:00,2025-04-07 14:13:00,2025-04-07 14:16:00,APO,SHORT,8,116.6194,118.50798571428571,112.84222857142856,118.50798571428571,stop_hit,1.8885857142857159,1.259057142857144,-15.108685714285684,0.7,0.4664776,-16.275163314285685,-0.9999999999999972,2025-04
2025-04-08 13:32:00,2025-04-08 13:33:00,2025-04-08 14:22:00,APO,SHORT,8,118.18,120.09123571428572,114.35752857142859,120.09123571428572,stop_hit,1.9112357142857128,1.2741571428571419,-15.289885714285674,0.7,0.47272000000000003,-16.462605714285672,-0.9999999999999981,2025-04
2025-04-08 13:33:00,2025-04-08 13:34:00,2025-04-08 15:16:00,APO,SHORT,8,118.5125,120.54186071428572,114.45377857142859,114.45377857142859,target_hit,2.029360714285712,1.3529071428571413,32.469771428571335,0.7,0.47405,31.295721428571337,1.9999999999999964,2025-04
2025-04-04 13:31:00,2025-04-04 13:32:00,2025-04-04 14:13:00,AVGO,SHORT,9,146.4483,148.28620714285714,142.7724857142857,142.7724857142857,target_hit,1.8379071428571447,1.22527142857143,33.08232857142866,0.7,0.65901735,31.72331122142866,2.0000000000000036,2025-04
2025-04-04 13:33:00,2025-04-04 13:34:00,2025-04-04 14:09:00,BA,SHORT,8,143.415,145.4913857142857,139.26222857142858,139.26222857142858,target_hit,2.0763857142857125,1.3842571428571415,33.2221714285713,0.7,0.57366,31.948511428571297,1.999999999999994,2025-04
2025-04-10 13:34:00,2025-04-10 13:35:00,2025-04-10 15:49:00,BA,LONG,7,156.16,153.786775,160.90644999999998,153.786775,stop_hit,2.3732249999999917,1.5821499999999946,-16.612574999999936,0.7,0.5465599999999999,-17.859134999999934,-0.9999999999999997,2025-04
2025-04-14 13:32:00,2025-04-14 13:33:00,2025-04-14 15:53:00,BBY,SHORT,15,63.085,64.19543617857143,60.86412764285715,61.24,time_exit,1.1104361785714265,0.7402907857142844,27.674999999999983,0.7,0.4731375,26.501862499999984,1.6615092660017499,2025-04
2025-04-08 13:32:00,2025-04-08 13:33:00,2025-04-08 13:46:00,BX,SHORT,9,130.41,132.19979999999998,126.83040000000001,132.19979999999998,stop_hit,1.7897999999999943,1.1931999999999963,-16.10819999999987,0.7,0.5868450000000001,-17.395044999999868,-0.999999999999995,2025-04
2025-04-08 13:34:00,2025-04-08 13:35:00,2025-04-08 13:46:00,BX,SHORT,8,130.07,131.99970714285712,126.21058571428571,131.99970714285712,stop_hit,1.9297071428571395,1.2864714285714263,-15.437657142857006,0.7,0.52028,-16.657937142857005,-0.9999999999999929,2025-04
2025-04-03 13:33:00,2025-04-03 13:34:00,2025-04-03 14:37:00,C,SHORT,20,65.76,66.59138303571429,64.09723392857144,64.09723392857144,target_hit,0.8313830357142811,0.554255357142854,33.25532142857128,0.7,0.6576000000000001,31.897721428571277,2.000000000000002,2025-04
2025-04-10 13:32:00,2025-04-10 13:33:00,2025-04-10 13:58:00,C,LONG,19,62.06,61.17382142857143,63.83235714285714,61.17382142857143,stop_hit,0.88617857142857,0.5907857142857134,-16.837392857142888,0.7,0.58957,-18.126962857142885,-1.0000000000000033,2025-04
2025-04-07 14:33:00,2025-04-07 14:34:00,2025-04-07 14:54:00,CCL,LONG,62,16.2,15.924750000000001,16.750499999999995,16.750499999999995,target_hit,0.2752499999999988,0.18349999999999916,34.13099999999975,0.7,0.5022,32.92879999999975,1.9999999999999944,2025-04
2025-04-10 13:31:00,2025-04-10 13:32:00,2025-04-10 13:37:00,CCL,LONG,56,18.4623,18.14982857142857,19.087242857142854,18.14982857142857,stop_hit,0.31247142857142773,0.20831428571428517,-17.498399999999947,0.7,0.5169444,-18.715344399999946,-0.9999999999999997,2025-04
2025-04-10 13:32:00,2025-04-10 13:33:00,2025-04-10 13:40:00,CCL,LONG,52,18.335,18.00485,18.9953,18.00485,stop_hit,0.3301499999999995,0.22009999999999966,-17.167799999999986,0.7,0.47671,-18.344509999999985,-1.0000000000000007,2025-04
2025-04-10 13:33:00,2025-04-10 13:34:00,2025-04-10 13:40:00,CCL,LONG,50,18.33,17.98835357142857,19.013292857142854,17.98835357142857,stop_hit,0.34164642857142824,0.2277642857142855,-17.08232142857149,0.7,0.45824999999999994,-18.24057142857149,-1.0000000000000044,2025-04
2025-04-10 13:34:00,2025-04-10 13:35:00,2025-04-10 13:53:00,CCL,LONG,48,18.23,17.87549642857143,18.939007142857143,17.87549642857143,stop_hit,0.35450357142857125,0.23633571428571415,-17.01617142857134,0.7,0.43751999999999996,-18.15369142857134,-0.9999999999999953,2025-04
2025-04-04 13:36:00,2025-04-04 13:37:00,2025-04-04 14:13:00,CEG,SHORT,5,173.925,177.24,167.295,167.295,target_hit,3.3150000000000057,2.210000000000004,33.15000000000012,0.7,0.4348125,32.01518750000012,2.0000000000000036,2025-04
2025-04-07 14:15:00,2025-04-07 14:16:00,2025-04-07 14:22:00,CEG,SHORT,4,188.23,192.2364464285714,180.21710714285712,180.21710714285712,target_hit,4.00644642857143,2.670964285714287,32.05157142857149,0.7,0.37645999999999996,30.97511142857149,2.000000000000003,2025-04
2025-04-07 14:34:00,2025-04-07 14:35:00,2025-04-07 14:54:00,CEG,LONG,5,174.04,170.7234357142857,180.67312857142855,180.67312857142855,target_hit,3.3165642857142856,2.211042857142857,33.165642857142785,0.7,0.4351,32.030542857142784,1.9999999999999958,2025-04
2025-04-07 15:18:00,2025-04-07 15:19:00,2025-04-08 13:31:00,CEG,LONG,6,175.78,173.15795714285716,181.02408571428572,181.02408571428572,target_hit,2.622042857142853,1.7480285714285688,31.4645142857143,0.7,0.52734,30.237174285714303,2.000000000000004,2025-04
2025-04-22 13:31:00,2025-04-22 13:32:00,2025-04-22 14:37:00,CEG,SHORT,11,197.0,198.58650714285713,193.8269857142857,198.58650714285713,stop_hit,1.58650714285714,1.0576714285714266,-17.451578571428428,0.7,1.0835000000000001,-19.235078571428428,-0.9999999999999936,2025-04
2025-04-25 13:31:00,2025-04-25 13:32:00,2025-04-25 13:42:00,CHTR,SHORT,3,358.965,364.26401785714285,348.3669642857143,364.26401785714285,stop_hit,5.2990178571428554,3.53267857142857,-15.897053571428614,0.7,0.5384475,-17.135501071428614,-1.000000000000003,2025-04
2025-04-24 13:32:00,2025-04-24 13:33:00,2025-04-24 13:38:00,CMCSA,SHORT,40,31.988,32.427639285714285,31.108721428571428,32.427639285714285,stop_hit,0.43963928571428507,0.2930928571428567,-17.585571428571427,0.7,0.63976,-18.925331428571425,-1.0000000000000013,2025-04
2025-04-03 13:31:00,2025-04-03 13:32:00,2025-04-03 14:07:00,COF,SHORT,8,166.09,168.18732142857144,161.89535714285714,161.89535714285714,target_hit,2.0973214285714366,1.398214285714291,33.557142857142935,0.7,0.6643600000000001,32.19278285714293,1.9999999999999971,2025-04
2025-04-03 13:34:00,2025-04-03 13:35:00,2025-04-03 14:09:00,COF,SHORT,7,165.95,168.44,160.96999999999997,160.96999999999997,target_hit,2.49000000000001,1.6600000000000068,34.86000000000013,0.7,0.5808249999999999,33.57917500000013,1.9999999999999993,2025-04
2025-04-07 14:14:00,2025-04-07 14:15:00,2025-04-07 14:22:00,COIN,SHORT,4,165.43,169.10231071428572,158.08537857142858,158.08537857142858,target_hit,3.672310714285718,2.4482071428571452,29.378485714285716,0.7,0.33086000000000004,28.347625714285716,1.999999999999998,2025-04
2025-04-07 14:15:00,2025-04-07 14:16:00,2025-04-07 14:20:00,COIN,SHORT,4,166.09,169.80089285714286,158.66821428571427,158.66821428571427,target_hit,3.710892857142859,2.473928571428573,29.68714285714293,0.7,0.33218000000000003,28.65496285714293,2.000000000000004,2025-04
2025-04-07 15:05:00,2025-04-07 15:06:00,2025-04-07 15:10:00,COIN,LONG,8,156.51,154.3217659285714,160.88646814285715,154.3217659285714,stop_hit,2.1882340714285777,1.4588227142857184,-17.505872571428654,0.7,0.6260399999999999,-18.831912571428653,-1.0000000000000018,2025-04
2025-04-07 14:15:00,2025-04-07 14:16:00,2025-04-07 14:22:00,CRWD,SHORT,3,339.43,345.05262142857146,328.1847571428571,328.1847571428571,target_hit,5.622621428571441,3.748414285714294,33.735728571428695,0.7,0.509145,32.526583571428695,2.0000000000000027,2025-04
2025-04-08 13:33:00,2025-04-08 13:34:00,2025-04-08 13:59:00,CRWD,SHORT,4,342.485,347.1807928571429,333.0934142857143,347.1807928571429,stop_hit,4.695792857142859,3.1305285714285724,-18.78317142857145,0.7,0.6849700000000001,-20.16814142857145,-1.0000000000000007,2025-04
2025-04-10 13:31:00,2025-04-10 13:32:00,2025-04-10 13:42:00,CRWD,LONG,3,371.71,365.542075,384.04585,365.542075,stop_hit,6.167924999999987,4.111949999999991,-18.503774999999905,0.7,0.557565,-19.761339999999905,-0.999999999999997,2025-04
2025-04-10 13:31:00,2025-04-10 13:32:00,2025-04-10 13:40:00,DAL,LONG,23,41.915,41.13723928571429,43.47052142857143,41.13723928571429,stop_hit,0.7777607142857155,0.5185071428571436,-17.88849642857138,0.7,0.48202249999999996,-19.070518928571378,-0.9999999999999957,2025-04
2025-04-10 13:32:00,2025-04-10 13:33:00,2025-04-10 14:00:00,DAL,LONG,22,41.56,40.75973928571429,43.16052142857143,40.75973928571429,stop_hit,0.8002607142857148,0.5335071428571432,-17.605735714285686,0.7,0.45716,-18.762895714285683,-0.9999999999999978,2025-04
2025-04-10 13:33:00,2025-04-10 13:34:00,2025-04-10 13:41:00,DAL,LONG,21,41.835,40.998310714285715,43.50837857142857,40.998310714285715,stop_hit,0.8366892857142867,0.5577928571428578,-17.570475000000002,0.7,0.4392675,-18.7097425,-0.9999999999999989,2025-04
2025-04-23 13:32:00,2025-04-23 13:33:00,2025-04-23 13:55:00,DAL,LONG,34,43.49,42.97087142857143,44.52825714285715,42.97087142857143,stop_hit,0.5191285714285736,0.3460857142857157,-17.650371428571518,0.7,0.73933,-19.089701428571516,-1.0000000000000009,2025-04
2025-04-07 14:15:00,2025-04-07 14:16:00,2025-04-07 14:21:00,DASH,SHORT,6,174.92,177.57669285714286,169.60661428571427,169.60661428571427,target_hit,2.6566928571428647,1.7711285714285765,31.88031428571429,0.7,0.52476,30.65555428571429,1.9999999999999947,2025-04
2025-04-03 13:31:00,2025-04-03 13:32:00,2025-04-03 14:15:00,DECK,SHORT,8,102.34,104.40169642857144,98.21660714285714,98.21660714285714,target_hit,2.0616964285714308,1.3744642857142872,32.987142857142885,0.7,0.40936,31.877782857142883,1.9999999999999996,2025-04
2025-04-03 13:32:00,2025-04-03 13:33:00,2025-04-03 14:24:00,DECK,SHORT,8,102.16,104.36151785714286,97.75696428571428,97.75696428571428,target_hit,2.201517857142859,1.4676785714285725,35.22428571428577,0.7,0.40864,34.11564571428577,2.0000000000000018,2025-04
2025-04-03 13:34:00,2025-04-03 13:35:00,2025-04-03 15:09:00,DECK,SHORT,7,101.745,104.20392857142858,96.82714285714286,96.82714285714286,target_hit,2.458928571428573,1.6392857142857156,34.42500000000001,0.7,0.3561075,33.36889250000001,1.9999999999999993,2025-04
2025-04-03 13:36:00,2025-04-03 13:37:00,2025-04-03 15:53:00,DECK,SHORT,7,101.81,104.44550000000001,96.539,100.7,time_exit,2.635500000000003,1.757000000000002,7.769999999999996,0.7,0.35633500000000007,6.713664999999995,0.4211724530449623,2025-04
2025-04-03 13:46:00,2025-04-03 13:47:00,2025-04-03 14:21:00,DECK,SHORT,13,101.0505,102.52489285714286,98.10171428571428,98.10171428571428,target_hit,1.4743928571428597,0.9829285714285732,38.33421428571435,0.7,0.65682825,36.97738603571435,2.0,2025-04
2025-04-07 15:14:00,2025-04-07 15:15:00,2025-04-10 13:31:00,DELL,LONG,16,72.11,70.94776785714285,74.43446428571428,74.43446428571428,target_hit,1.1622321428571425,0.7748214285714283,37.19142857142856,0.7,0.5768800000000001,35.914548571428554,2.0,2025-04
2025-04-07 15:15:00,2025-04-07 15:16:00,2025-04-07 15:26:00,DELL,LONG,16,72.55,71.33955357142857,74.97089285714286,71.33955357142857,stop_hit,1.2104464285714285,0.8069642857142857,-19.36714285714288,0.7,0.5804,-20.64754285714288,-1.0000000000000013,2025-04
2025-04-03 13:31:00,2025-04-03 13:32:00,2025-04-03 13:39:00,DLTR,SHORT,14,68.535,69.90122142857142,65.80255714285715,69.90122142857142,stop_hit,1.3662214285714245,0.9108142857142829,-19.1270999999999,0.7,0.47974500000000003,-20.3068449999999,-0.9999999999999978,2025-04
2025-04-03 13:33:00,2025-04-03 13:34:00,2025-04-03 13:44:00,DLTR,SHORT,12,69.5025,71.05299642857142,66.40150714285716,71.05299642857142,stop_hit,1.550496428571424,1.0336642857142826,-18.60595714285705,0.7,0.41701499999999997,-19.72297214285705,-0.999999999999998,2025-04
2025-04-03 13:39:00,2025-04-03 13:40:00,2025-04-04 13:31:00,DLTR,SHORT,9,70.075,72.02405714285715,66.17688571428573,66.17688571428573,target_hit,1.9490571428571393,1.2993714285714262,35.08302857142844,0.7,0.31533750000000005,34.06769107142844,1.9999999999999964,2025-04
2025-04-03 13:46:00,2025-04-03 13:47:00,2025-04-03 14:12:00,DLTR,LONG,17,70.45,69.32913571428571,72.69172857142857,69.32913571428571,stop_hit,1.1208642857142854,0.747242857142857,-19.05469285714294,0.7,0.598825,-20.35351785714294,-1.0000000000000047,2025-04
2025-04-04 13:32:00,2025-04-04 13:33:00,2025-04-04 13:38:00,DLTR,SHORT,14,63.72,65.06786785714286,61.02426428571428,65.06786785714286,stop_hit,1.3478678571428597,0.8985785714285731,-18.870150000000024,0.7,0.44604,-20.016190000000023,-0.9999999999999993,2025-04
2025-04-04 13:33:00,2025-04-04 13:34:00,2025-04-04 13:44:00,DLTR,SHORT,13,64.66,66.07590357142857,61.82819285714285,66.07590357142857,stop_hit,1.415903571428573,0.9439357142857153,-18.406746428571438,0.7,0.42029,-19.52703642857144,-0.9999999999999993,2025-04
2025-04-09 13:34:00,2025-04-09 13:35:00,2025-04-09 13:41:00,DVN,SHORT,42,26.12,26.568350000000002,25.2233,26.568350000000002,stop_hit,0.44835000000000075,0.2989000000000005,-18.830700000000057,0.7,0.54852,-20.079220000000056,-1.0000000000000013,2025-04
2025-04-17 13:31:00,2025-04-17 13:32:00,2025-04-17 14:25:00,ELV,SHORT,3,408.53,414.36499999999995,396.85999999999996,414.36499999999995,stop_hit,5.835000000000004,3.890000000000003,-17.50499999999994,0.7,0.612795,-18.817794999999936,-0.9999999999999958,2025-04
2025-04-17 14:31:00,2025-04-17 14:32:00,2025-04-17 14:59:00,ELV,SHORT,2,435.465,442.2995785714285,421.7958428571428,421.7958428571428,target_hit,6.834578571428565,4.55638571428571,27.33831428571432,0.7,0.435465,26.20284928571432,2.000000000000004,2025-04
2025-04-09 13:34:00,2025-04-09 13:35:00,2025-04-09 13:41:00,ENPH,SHORT,20,47.975,48.90071428571429,46.12357142857143,48.90071428571429,stop_hit,0.925714285714285,0.6171428571428567,-18.514285714285705,0.7,0.47975,-19.694035714285704,-1.0000000000000002,2025-04
2025-04-23 13:32:00,2025-04-23 13:33:00,2025-04-23 13:40:00,ENPH,SHORT,17,46.12,47.16723571428571,44.02552857142857,47.16723571428571,stop_hit,1.0472357142857136,0.6981571428571424,-17.803007142857105,0.7,0.39202,-18.895027142857103,-0.9999999999999986,2025-04
2025-04-23 13:33:00,2025-04-23 13:34:00,2025-04-23 13:40:00,ENPH,SHORT,16,46.24,47.34509285714286,44.02981428571429,47.34509285714286,stop_hit,1.1050928571428562,0.7367285714285708,-17.681485714285714,0.7,0.36992,-18.751405714285713,-1.0000000000000009,2025-04
2025-04-23 13:34:00,2025-04-23 13:35:00,2025-04-23 13:41:00,ENPH,LONG,16,45.76,44.61866071428571,48.04267857142857,48.04267857142857,target_hit,1.1413392857142854,0.7608928571428569,36.522857142857106,0.7,0.36608,35.456777142857106,1.9999999999999984,2025-04
2025-04-23 13:35:00,2025-04-23 13:36:00,2025-04-23 13:40:00,ENPH,LONG,15,45.33,44.142760714285714,47.70447857142857,47.70447857142857,target_hit,1.1872392857142857,0.7914928571428571,35.617178571428525,0.7,0.33997499999999997,34.57720357142852,1.9999999999999973,2025-04
2025-04-23 13:36:00,2025-04-23 13:37:00,2025-04-23 13:40:00,ENPH,SHORT,15,46.01,47.24545357142857,43.539092857142855,47.24545357142857,stop_hit,1.2354535714285708,0.8236357142857139,-18.531803571428576,0.7,0.345075,-19.576878571428576,-1.0000000000000007,2025-04
2025-04-23 13:42:00,2025-04-23 13:43:00,2025-04-23 13:47:00,ENPH,SHORT,10,48.29,50.06711428571428,44.735771428571425,50.06711428571428,stop_hit,1.7771142857142863,1.1847428571428575,-17.771142857142834,0.7,0.24145,-18.712592857142834,-0.9999999999999983,2025-04
2025-04-23 13:44:00,2025-04-23 13:45:00,2025-04-23 14:09:00,ENPH,LONG,17,48.9001,47.810950000000005,51.0784,47.810950000000005,stop_hit,1.0891499999999998,0.7260999999999999,-18.51554999999994,0.7,0.41565085,-19.63120084999994,-0.9999999999999969,2025-04
2025-04-23 13:45:00,2025-04-23 13:46:00,2025-04-23 14:04:00,ENPH,LONG,17,49.53,48.46592142857143,51.65815714285714,48.46592142857143,stop_hit,1.064078571428571,0.7093857142857141,-18.08933571428576,0.7,0.421005,-19.21034071428576,-1.0000000000000029,2025-04
2025-04-23 13:47:00,2025-04-23 13:48:00,2025-04-23 14:56:00,ENPH,SHORT,15,49.64,50.79515,47.3297,47.3297,target_hit,1.15515,0.7700999999999999,34.65449999999997,0.7,0.3723,33.582199999999965,1.9999999999999984,2025-04
2025-04-23 13:49:00,2025-04-23 13:50:00,2025-04-23 13:55:00,ENPH,SHORT,15,49.1801,50.39861428571429,46.74307142857143,50.39861428571429,stop_hit,1.2185142857142848,0.8123428571428565,-18.277714285714275,0.7,0.36885075,-19.346565035714274,-1.0000000000000002,2025-04
2025-04-07 14:11:00,2025-04-07 14:12:00,2025-04-07 14:13:00,ETN,SHORT,6,255.11,258.15802142857143,249.01395714285718,258.15802142857143,stop_hit,3.048021428571424,2.0320142857142827,-18.2881285714285,0.7,0.7653300000000001,-19.7534585714285,-0.9999999999999977,2025-04
2025-04-07 14:14:00,2025-04-07 14:15:00,2025-04-07 14:21:00,ETN,SHORT,4,260.43,264.1416107142857,253.0067785714286,253.0067785714286,target_hit,3.7116107142857038,2.4744071428571357,29.69288571428558,0.7,0.52086,28.472025714285582,1.9999999999999967,2025-04
2025-04-04 13:32:00,2025-04-04 13:33:00,2025-04-04 14:06:00,FCX,SHORT,29,30.925,31.55125,29.6725,29.6725,target_hit,0.6262500000000002,0.41750000000000015,36.32250000000003,0.7,0.44841250000000005,35.17408750000003,2.0000000000000013,2025-04
2025-04-04 13:33:00,2025-04-04 13:34:00,2025-04-04 14:10:00,FCX,SHORT,28,30.81,31.47642857142857,29.477142857142855,29.477142857142855,target_hit,0.6664285714285714,0.44428571428571423,37.32000000000002,0.7,0.43134,36.18866000000002,2.0000000000000013,2025-04
2025-04-04 13:34:00,2025-04-04 13:35:00,2025-04-04 14:36:00,FCX,SHORT,26,30.63,31.363392857142856,29.163214285714286,29.163214285714286,target_hit,0.733392857142857,0.4889285714285713,38.13642857142854,0.7,0.39819,37.038238571428536,1.999999999999999,2025-04
2025-04-04 13:35:00,2025-04-04 13:36:00,2025-04-04 14:36:00,FCX,SHORT,25,30.7618,31.52305,29.2393,29.2393,target_hit,0.7612499999999995,0.5074999999999997,38.06250000000002,0.7,0.38452250000000004,36.977977500000016,2.000000000000002,2025-04
2025-04-04 13:37:00,2025-04-04 13:38:00,2025-04-04 14:41:00,FCX,SHORT,25,30.57,31.35375,29.0025,29.0025,target_hit,0.7837499999999997,0.5224999999999999,39.18749999999997,0.7,0.382125,38.10537499999997,1.9999999999999993,2025-04
2025-04-10 13:31:00,2025-04-10 13:32:00,2025-04-10 13:37:00,FCX,LONG,38,32.17,31.646135714285712,33.21772857142858,31.646135714285712,stop_hit,0.5238642857142874,0.3492428571428583,-19.90684285714299,0.7,0.61123,-21.21807285714299,-1.0000000000000033,2025-04
2025-04-10 13:32:00,2025-04-10 13:33:00,2025-04-14 13:31:00,FCX,SHORT,35,31.735,32.299578571428576,30.605842857142854,32.299578571428576,stop_hit,0.564578571428573,0.3763857142857154,-19.760250000000177,0.7,0.5553625,-21.015612500000177,-1.000000000000006,2025-04
2025-04-24 13:38:00,2025-04-24 13:39:00,2025-04-24 13:53:00,FI,LONG,3,189.63,184.421325,200.04735,184.421325,stop_hit,5.208675000000005,3.472450000000003,-15.626024999999998,0.7,0.284445,-16.61047,-0.999999999999999,2025-04
2025-04-24 13:42:00,2025-04-24 13:43:00,2025-04-24 14:00:00,FI,LONG,3,186.075,180.25767857142856,197.70964285714285,180.25767857142856,stop_hit,5.817321428571433,3.878214285714289,-17.451964285714297,0.7,0.2791125,-18.431076785714296,-0.9999999999999999,2025-04
2025-04-24 13:46:00,2025-04-24 13:47:00,2025-04-24 13:54:00,FI,LONG,6,185.91,183.1030714285714,191.52385714285714,183.1030714285714,stop_hit,2.806928571428572,1.8712857142857149,-16.841571428571513,0.7,0.5577300000000001,-18.09930142857151,-1.0000000000000047,2025-04
2025-04-30 13:31:00,2025-04-30 13:32:00,2025-04-30 13:38:00,FSLR,SHORT,7,124.88,127.56713214285715,119.5057357142857,119.5057357142857,target_hit,2.6871321428571453,1.7914214285714303,37.61985000000003,0.7,0.43707999999999997,36.48277000000002,1.9999999999999998,2025-04
2025-04-30 13:37:00,2025-04-30 13:38:00,2025-04-30 15:53:00,FSLR,LONG,4,120.8886,116.89296428571429,128.87987142857142,126.645,time_exit,3.995635714285715,2.6637571428571434,23.025599999999997,0.7,0.2417772,22.083822799999997,1.4406718759217643,2025-04
2025-04-30 13:41:00,2025-04-30 13:42:00,2025-04-30 15:53:00,FSLR,LONG,4,120.8,116.38952857142857,129.62094285714286,126.645,time_exit,4.41047142857143,2.9403142857142868,23.379999999999995,0.7,0.2416,22.438399999999998,1.3252551557494656,2025-04
2025-04-30 13:45:00,2025-04-30 13:46:00,2025-04-30 14:00:00,FSLR,LONG,8,119.2,116.91637857142857,123.76724285714286,123.76724285714286,target_hit,2.283621428571432,1.5224142857142877,36.537942857142866,0.7,0.4768,35.361142857142866,1.9999999999999976,2025-04
2025-04-30 13:48:00,2025-04-30 13:49:00,2025-04-30 14:00:00,FSLR,SHORT,10,121.53,123.44288571428572,117.70422857142857,123.44288571428572,stop_hit,1.912885714285716,1.275257142857144,-19.128857142857214,0.7,0.60765,-20.436507142857213,-1.0000000000000029,2025-04
2025-04-07 14:04:00,2025-04-07 14:05:00,2025-04-07 14:11:00,GEV,LONG,5,277.57,273.90546785714287,284.8990642857143,284.8990642857143,target_hit,3.6645321428571527,2.443021428571435,36.64532142857155,0.7,0.693925,35.251396428571546,2.0000000000000013,2025-04
2025-04-07 14:12:00,2025-04-07 14:13:00,2025-04-07 14:20:00,GEV,SHORT,4,297.1425,301.9491214285714,287.52925714285715,287.52925714285715,target_hit,4.806621428571424,3.2044142857142828,38.452971428571345,0.7,0.594285,37.15868642857134,1.9999999999999973,2025-04
2025-04-07 14:15:00,2025-04-07 14:16:00,2025-04-07 14:22:00,GEV,SHORT,3,295.495,301.2702142857143,283.9445714285714,283.9445714285714,target_hit,5.775214285714284,3.850142857142856,34.65128571428579,0.7,0.44324250000000004,33.50804321428579,2.000000000000005,2025-04
2025-04-07 14:33:00,2025-04-07 14:34:00,2025-04-07 14:37:00,GEV,LONG,3,274.84,269.4488714285714,285.6222571428571,269.4488714285714,stop_hit,5.391128571428573,3.594085714285715,-16.1733857142857,0.7,0.41226,-17.2856457142857,-0.9999999999999989,2025-04
2025-04-07 14:40:00,2025-04-07 14:41:00,2025-04-07 14:45:00,GEV,LONG,4,268.12,263.5396857142857,277.28062857142857,277.28062857142857,target_hit,4.580314285714291,3.0535428571428604,36.64251428571424,0.7,0.53624,35.40627428571424,1.9999999999999953,2025-04
2025-04-07 15:17:00,2025-04-07 15:18:00,2025-04-07 15:38:00,GEV,SHORT,5,275.64,279.8811,267.1578,279.8811,stop_hit,4.241099999999999,2.8273999999999995,-21.205500000000086,0.7,0.6890999999999999,-22.594600000000085,-1.0000000000000042,2025-04
2025-04-08 13:31:00,2025-04-08 13:32:00,2025-04-08 13:50:00,GEV,LONG,4,303.275,298.14716428571427,313.5306714285714,298.14716428571427,stop_hit,5.1278357142856965,3.4185571428571313,-20.511342857142836,0.7,0.6065499999999999,-21.817892857142834,-1.0000000000000024,2025-04
2025-04-08 13:33:00,2025-04-08 13:34:00,2025-04-08 15:16:00,GEV,SHORT,3,303.05,308.7058035714286,291.7383928571429,291.7383928571429,target_hit,5.655803571428556,3.7705357142857037,33.9348214285713,0.7,0.45457500000000006,32.780246428571296,1.9999999999999978,2025-04
2025-04-08 13:35:00,2025-04-08 13:36:00,2025-04-08 14:53:00,GEV,LONG,3,303.6,297.8579892857143,315.0840214285714,297.8579892857143,stop_hit,5.74201071428571,3.82800714285714,-17.226032142857093,0.7,0.4554,-18.381432142857093,-0.9999999999999978,2025-04
2025-04-07 14:33:00,2025-04-07 14:34:00,2025-04-07 14:54:00,GM,LONG,39,42.59,42.04893928571429,43.67212142857143,43.67212142857143,target_hit,0.5410607142857145,0.36070714285714295,42.20273571428562,0.7,0.8305050000000002,40.67223071428562,1.9999999999999951,2025-04
2025-04-07 14:15:00,2025-04-07 14:16:00,2025-04-07 14:20:00,GOOG,SHORT,12,154.1,155.86834839285714,150.5633032142857,150.5633032142857,target_hit,1.768348392857145,1.17889892857143,42.44036142857158,0.7,0.9246,40.81576142857158,2.0000000000000044,2025-04
2025-04-07 14:15:00,2025-04-07 14:16:00,2025-04-07 14:20:00,GOOGL,SHORT,12,152.01,153.77854285714284,148.47291428571427,148.47291428571427,target_hit,1.7685428571428585,1.1790285714285724,42.44502857142868,0.7,0.91206,40.83296857142868,2.0000000000000036,2025-04
2025-04-17 13:31:00,2025-04-17 13:32:00,2025-04-17 13:33:00,GPN,SHORT,17,75.37,76.67329642857143,72.76340714285715,72.76340714285715,target_hit,1.3032964285714321,0.8688642857142881,44.31207857142857,0.7,0.640645,42.97143357142857,1.9999999999999944,2025-04
2025-04-17 13:32:00,2025-04-17 13:33:00,2025-04-17 14:20:00,GPN,SHORT,15,72.845,74.32508214285714,69.8848357142857,69.8848357142857,target_hit,1.480082142857147,0.9867214285714313,44.40246428571449,0.7,0.5463375,43.156126785714484,2.0000000000000036,2025-04
2025-04-17 13:37:00,2025-04-17 13:38:00,2025-04-17 14:17:00,GPN,LONG,10,72.41,70.22873214285714,76.77253571428571,70.22873214285714,stop_hit,2.1812678571428594,1.4541785714285729,-21.812678571428563,0.7,0.36205,-22.874728571428562,-0.9999999999999986,2025-04
2025-04-17 13:38:00,2025-04-17 13:39:00,2025-04-17 14:00:00,GPN,LONG,10,73.0344,70.79741785714286,77.5083642857143,70.79741785714286,stop_hit,2.236982142857146,1.4913214285714307,-22.36982142857144,0.7,0.36517200000000005,-23.434993428571442,-0.9999999999999992,2025-04
2025-04-17 13:39:00,2025-04-17 13:40:00,2025-04-17 13:59:00,GPN,LONG,9,73.41,71.09356071428572,78.04287857142857,71.09356071428572,stop_hit,2.316439285714288,1.5442928571428587,-20.847953571428533,0.7,0.330345,-21.878298571428534,-0.9999999999999971,2025-04
2025-04-17 13:40:00,2025-04-17 13:41:00,2025-04-17 14:04:00,GPN,LONG,9,73.01,70.62498928571429,77.78002142857144,70.62498928571429,stop_hit,2.3850107142857166,1.5900071428571445,-21.465096428571414,0.7,0.32854500000000003,-22.49364142857141,-0.9999999999999983,2025-04
2025-04-17 13:41:00,2025-04-17 13:42:00,2025-04-17 14:00:00,GPN,LONG,9,73.2,70.759275,78.08145,70.759275,stop_hit,2.4407250000000023,1.6271500000000014,-21.966525000000004,0.7,0.3294,-22.995925000000003,-0.9999999999999992,2025-04
2025-04-17 13:47:00,2025-04-17 13:48:00,2025-04-17 13:51:00,GPN,LONG,21,72.955,71.93458214285714,74.99583571428572,71.93458214285714,stop_hit,1.0204178571428568,0.6802785714285713,-21.42877500000006,0.7,0.7660275000000001,-22.894802500000058,-1.000000000000003,2025-04
2025-04-17 13:48:00,2025-04-17 13:49:00,2025-04-17 13:51:00,GPN,LONG,22,72.985,72.01185357142857,74.93129285714286,72.01185357142857,stop_hit,0.9731464285714289,0.6487642857142859,-21.409221428571357,0.7,0.8028350000000001,-22.912056428571358,-0.9999999999999963,2025-04
2025-04-24 13:31:00,2025-04-24 13:32:00,2025-04-24 14:40:00,HAS,LONG,25,58.985,58.13883928571428,60.67732142857143,60.67732142857143,target_hit,0.8461607142857144,0.5641071428571429,42.30803571428581,0.7,0.7373125,40.8707232142858,2.000000000000004,2025-04
2025-04-24 13:32:00,2025-04-24 13:33:00,2025-04-25 13:31:00,HAS,LONG,22,59.435,58.448482142857145,61.40803571428572,61.40803571428572,target_hit,0.9865178571428574,0.6576785714285717,43.40678571428572,0.7,0.6537850000000001,42.053000714285716,1.9999999999999996,2025-04
2025-04-24 13:33:00,2025-04-24 13:34:00,2025-04-25 13:32:00,HAS,LONG,21,59.665,58.59705357142857,61.800892857142856,61.800892857142856,target_hit,1.0679464285714295,0.7119642857142863,44.853749999999984,0.7,0.6264824999999999,43.52726749999998,1.9999999999999976,2025-04
2025-04-24 13:34:00,2025-04-24 13:35:00,2025-04-25 15:53:00,HAS,LONG,20,59.725,58.61648928571429,61.94202142857144,60.53,time_exit,1.1085107142857158,0.7390071428571439,16.099999999999994,0.7,0.5972500000000001,14.802749999999994,0.7261995663422276,2025-04
2025-04-24 13:45:00,2025-04-24 13:46:00,2025-04-25 13:31:00,HAS,LONG,27,59.785,58.93198214285714,61.49103571428571,61.49103571428571,target_hit,0.8530178571428573,0.5686785714285715,46.06296428571421,0.7,0.8070975,44.55586678571421,1.9999999999999964,2025-04
2025-04-17 13:31:00,2025-04-17 13:32:00,2025-04-17 13:35:00,HUM,SHORT,5,260.0,263.93675,252.1265,263.93675,stop_hit,3.93675,2.6245,-19.68375000000009,0.7,0.65,-21.033750000000087,-1.0000000000000044,2025-04
2025-04-17 13:32:00,2025-04-17 13:33:00,2025-04-17 13:36:00,HUM,SHORT,5,260.76,265.0155,252.249,265.0155,stop_hit,4.255499999999996,2.836999999999997,-21.277499999999918,0.7,0.6519,-22.62939999999992,-0.9999999999999971,2025-04
2025-04-17 13:34:00,2025-04-17 13:35:00,2025-04-17 14:27:00,HUM,SHORT,5,263.72,268.24657142857143,254.66685714285717,268.24657142857143,stop_hit,4.526571428571428,3.017714285714285,-22.632857142857006,0.7,0.6593000000000001,-23.992157142857007,-0.9999999999999941,2025-04
2025-04-16 13:31:00,2025-04-16 13:32:00,2025-04-16 13:35:00,IBKR,LONG,35,40.6863,40.03330714285715,41.99228571428572,40.03330714285715,stop_hit,0.6529928571428578,0.4353285714285719,-22.854749999999946,0.7,0.7120102500000001,-24.266760249999944,-0.9999999999999966,2025-04
2025-04-16 13:34:00,2025-04-16 13:35:00,2025-04-16 13:52:00,IBKR,LONG,28,40.04,39.252275,41.61545,39.252275,stop_hit,0.7877250000000009,0.5251500000000006,-22.05630000000005,0.7,0.56056,-23.316860000000048,-1.000000000000001,2025-04
2025-04-16 13:37:00,2025-04-16 13:38:00,2025-04-16 13:45:00,IBKR,LONG,25,40.2863,39.40269285714285,42.053514285714286,39.40269285714285,stop_hit,0.8836071428571435,0.589071428571429,-22.09017857142861,0.7,0.50357875,-23.293757321428608,-1.000000000000001,2025-04
2025-04-16 13:40:00,2025-04-16 13:41:00,2025-04-16 14:02:00,IBKR,LONG,23,39.95,38.994885714285715,41.86022857142857,38.994885714285715,stop_hit,0.9551142857142858,0.6367428571428572,-21.96762857142862,0.7,0.45942500000000003,-23.12705357142862,-1.000000000000002,2025-04
2025-04-07 13:40:00,2025-04-07 13:41:00,2025-04-07 13:52:00,INTC,LONG,65,18.605,18.267639285714285,19.279721428571428,19.279721428571428,target_hit,0.33736071428571407,0.22490714285714272,43.85689285714277,0.7,0.6046625,42.55223035714276,1.9999999999999971,2025-04
2025-04-07 14:00:00,2025-04-07 14:01:00,2025-04-07 14:02:00,INTC,LONG,106,19.475,19.26481785714286,19.895364285714287,19.26481785714286,stop_hit,0.21018214285714332,0.14012142857142887,-22.27930714285712,0.742,1.0321750000000003,-24.05348214285712,-0.9999999999999968,2025-04
2025-04-07 15:38:00,2025-04-07 15:39:00,2025-04-08 13:31:00,INTC,LONG,143,19.26,19.10531785714286,19.569364285714286,19.569364285714286,target_hit,0.15468214285714169,0.1031214285714278,44.23909285714271,1.0010000000000001,1.3770900000000001,41.86100285714271,2.0000000000000084,2025-04
2025-04-22 13:33:00,2025-04-22 13:34:00,2025-04-22 15:53:00,IVZ,LONG,125,13.61,13.430032142857144,13.969935714285713,13.51,time_exit,0.17996785714285662,0.11997857142857107,-12.499999999999956,0.875,0.850625,-14.225624999999955,-0.5556547796233451,2025-04
2025-04-07 14:11:00,2025-04-07 14:12:00,2025-04-07 14:13:00,IWM,SHORT,13,185.4,187.12555714285716,181.94888571428572,187.12555714285716,stop_hit,1.7255571428571426,1.1503714285714284,-22.432242857143024,0.7,1.2051,-24.337342857143025,-1.0000000000000075,2025-04
2025-04-10 13:34:00,2025-04-10 13:35:00,2025-04-10 14:01:00,IWM,LONG,11,184.8,182.78357142857143,188.83285714285714,182.78357142857143,stop_hit,2.0164285714285644,1.3442857142857096,-22.180714285714345,0.7,1.0164000000000002,-23.897114285714345,-1.0000000000000062,2025-04
2025-04-04 13:33:00,2025-04-04 13:34:00,2025-04-04 14:33:00,KKR,SHORT,12,93.46,95.17970714285714,90.0205857142857,90.0205857142857,target_hit,1.7197071428571444,1.1464714285714297,41.27297142857151,0.7,0.56076,40.012211428571504,2.000000000000002,2025-04
2025-04-04 13:34:00,2025-04-04 13:35:00,2025-04-04 14:24:00,KKR,SHORT,12,93.88,95.64149285714285,90.35701428571427,90.35701428571427,target_hit,1.761492857142859,1.1743285714285727,42.27582857142869,0.7,0.56328,41.01254857142869,2.0000000000000036,2025-04
2025-04-04 13:46:00,2025-04-04 13:47:00,2025-04-04 13:54:00,KKR,LONG,20,94.01,92.90755357142858,96.21489285714287,92.90755357142858,stop_hit,1.1024464285714304,0.734964285714287,-22.04892857142852,0.7,0.9401,-23.68902857142852,-0.999999999999996,2025-04
2025-04-04 13:49:00,2025-04-04 13:50:00,2025-04-04 13:54:00,KKR,LONG,20,93.805,92.69291071428572,96.02917857142857,92.69291071428572,stop_hit,1.112089285714285,0.7413928571428566,-22.24178571428581,0.7,0.93805,-23.87983571428581,-1.0000000000000049,2025-04
2025-04-08 13:32:00,2025-04-08 13:33:00,2025-04-08 13:47:00,KKR,SHORT,12,103.24,104.96873928571428,99.78252142857141,104.96873928571428,stop_hit,1.7287392857142887,1.1524928571428592,-20.7448714285714,0.7,0.61944,-22.0643114285714,-0.9999999999999969,2025-04
2025-04-24 13:39:00,2025-04-24 13:40:00,2025-04-24 15:53:00,LKQ,SHORT,27,38.355,39.16076785714286,36.74346428571428,37.63,time_exit,0.8057678571428577,0.5371785714285718,19.574999999999847,0.7,0.5177924999999999,18.35720749999985,0.8997628703765187,2025-04
2025-04-07 13:32:00,2025-04-07 13:33:00,2025-04-07 14:00:00,LLY,SHORT,2,694.99,704.275225,676.41955,704.275225,stop_hit,9.285225000000013,6.190150000000009,-18.570449999999937,0.7,0.69499,-19.965439999999937,-0.9999999999999952,2025-04
2025-04-07 14:05:00,2025-04-07 14:06:00,2025-04-07 14:11:00,LLY,LONG,3,708.245,702.4693142857143,719.7963714285714,719.7963714285714,target_hit,5.775685714285698,3.850457142857132,34.654114285714286,0.7,1.0623675000000001,32.89174678571428,2.0000000000000053,2025-04
2025-04-17 13:31:00,2025-04-17 13:32:00,2025-04-17 13:40:00,LLY,LONG,1,830.88,818.9321464285714,854.7757071428571,854.7757071428571,target_hit,11.947853571428555,7.965235714285703,23.895707142857077,0.7,0.41544000000000003,22.780267142857078,1.9999999999999973,2025-04
2025-04-04 15:04:00,2025-04-04 15:05:00,2025-04-04 15:06:00,LULU,SHORT,6,258.93,262.7010107142857,251.3879785714286,251.3879785714286,target_hit,3.7710107142857145,2.514007142857143,45.2521285714285,0.7,0.77679,43.7753385714285,1.9999999999999967,2025-04
2025-04-04 15:05:00,2025-04-04 15:06:00,2025-04-04 15:08:00,LULU,SHORT,5,252.55,256.8861892857143,243.87762142857144,256.8861892857143,stop_hit,4.336189285714287,2.890792857142858,-21.680946428571417,0.7,0.631375,-23.012321428571415,-0.9999999999999992,2025-04
2025-04-04 15:11:00,2025-04-04 15:12:00,2025-04-07 13:35:00,LULU,SHORT,3,263.5644,270.1609821428571,250.3712357142857,250.3712357142857,target_hit,6.596582142857147,4.3977214285714314,39.57949285714287,0.7,0.3953466,38.48414625714286,1.9999999999999991,2025-04
2025-04-04 15:12:00,2025-04-04 15:13:00,2025-04-04 15:36:00,LULU,LONG,3,263.47,256.42917142857146,277.55165714285715,256.42917142857146,stop_hit,7.040828571428577,4.6938857142857175,-21.122485714285688,0.7,0.39520500000000003,-22.217690714285688,-0.999999999999998,2025-04
2025-04-04 15:13:00,2025-04-04 15:14:00,2025-04-04 15:37:00,LULU,LONG,3,261.58,254.2841821428571,276.17163571428574,254.2841821428571,stop_hit,7.2958178571428665,4.863878571428578,-21.887453571428637,0.7,0.39237,-22.979823571428636,-1.0000000000000018,2025-04
2025-04-04 15:34:00,2025-04-04 15:35:00,2025-04-04 15:47:00,LULU,SHORT,5,257.6,261.46290714285715,249.87418571428574,261.46290714285715,stop_hit,3.862907142857133,2.575271428571422,-19.314535714285626,0.7,0.644,-20.658535714285623,-0.9999999999999979,2025-04
2025-04-04 15:36:00,2025-04-04 15:37:00,2025-04-04 15:41:00,LULU,SHORT,5,254.69,258.62744642857143,246.81510714285716,258.62744642857143,stop_hit,3.9374464285714232,2.6249642857142823,-19.68723214285717,0.7,0.636725,-21.023957142857167,-1.0000000000000027,2025-04
2025-04-07 14:15:00,2025-04-07 14:16:00,2025-04-07 14:21:00,LULU,SHORT,6,272.0,275.69685714285714,264.6062857142857,264.6062857142857,target_hit,3.6968571428571417,2.464571428571428,44.36228571428569,0.7,0.8160000000000001,42.846285714285685,1.9999999999999996,2025-04
2025-04-10 13:31:00,2025-04-10 13:32:00,2025-04-10 13:57:00,MCHP,LONG,27,41.22,40.37853214285714,42.90293571428571,40.37853214285714,stop_hit,0.8414678571428575,0.5609785714285717,-22.719632142857208,0.7,0.55647,-23.976102142857208,-1.0000000000000024,2025-04
2025-04-10 13:34:00,2025-04-10 13:35:00,2025-04-10 14:01:00,MCHP,LONG,22,40.73,39.73381785714285,42.722364285714285,39.73381785714285,stop_hit,0.9961821428571435,0.664121428571429,-21.91600714285717,0.7,0.44803,-23.064037142857167,-1.0000000000000007,2025-04
2025-04-07 14:34:00,2025-04-07 14:35:00,2025-04-07 14:54:00,META,LONG,2,505.545,496.93683214285716,522.7613357142857,522.7613357142857,target_hit,8.608167857142838,5.738778571428559,34.432671428571325,0.7,0.505545,33.227126428571324,1.9999999999999984,2025-04
2025-04-03 13:31:00,2025-04-03 13:32:00,2025-04-03 13:33:00,MS,SHORT,17,109.03,110.33767857142857,106.41464285714285,110.33767857142857,stop_hit,1.3076785714285728,0.8717857142857152,-22.23053571428565,0.7,0.926755,-23.85729071428565,-0.9999999999999961,2025-04
2025-04-03 13:34:00,2025-04-03 13:35:00,2025-04-04 13:31:00,MS,SHORT,14,109.9425,111.53973214285715,106.7480357142857,106.7480357142857,target_hit,1.5972321428571472,1.0648214285714315,44.72250000000005,0.7,0.7695974999999999,43.25290250000005,1.999999999999997,2025-04
2025-04-07 14:15:00,2025-04-07 14:16:00,2025-04-07 14:22:00,MSFT,SHORT,5,369.34,373.51433928571424,360.9913214285714,360.9913214285714,target_hit,4.174339285714295,2.782892857142863,41.743392857142965,0.7,0.9233499999999999,40.12004285714296,2.000000000000001,2025-04
2025-04-04 13:35:00,2025-04-04 13:36:00,2025-04-04 14:08:00,MU,SHORT,19,69.01,70.21200357142858,66.60599285714287,66.60599285714287,target_hit,1.2020035714285713,0.8013357142857142,45.67613571428565,0.7,0.655595,44.32054071428565,1.9999999999999973,2025-04
2025-04-04 13:44:00,2025-04-04 13:45:00,2025-04-04 14:10:00,MU,SHORT,31,67.7115,68.47545,66.1836,66.1836,target_hit,0.7639500000000004,0.5093000000000002,47.36490000000008,0.7,1.04952825,45.61537175000007,2.000000000000002,2025-04
2025-04-04 15:27:00,2025-04-04 15:28:00,2025-04-08 13:31:00,MU,SHORT,40,67.125,67.72760357142857,65.91979285714285,67.72760357142857,stop_hit,0.6026035714285705,0.40173571428571364,-24.10414285714296,0.7,1.3425,-26.14664285714296,-1.000000000000006,2025-04
2025-04-30 13:36:00,2025-04-30 13:37:00,2025-04-30 15:53:00,NCLH,LONG,81,15.565,15.270785714285713,16.153428571428574,15.9867,time_exit,0.2942142857142867,0.1961428571428578,34.157700000000105,0.7,0.6303825,32.8273175000001,1.433309055596018,2025-04
2025-04-30 13:38:00,2025-04-30 13:39:00,2025-04-30 15:53:00,NCLH,LONG,78,15.535,15.226075,16.15285,15.9867,time_exit,0.3089250000000008,0.20595000000000052,35.23260000000005,0.7,0.605865,33.92673500000004,1.462167192684307,2025-04
2025-04-03 13:56:00,2025-04-03 13:57:00,2025-04-03 14:03:00,NFLX,LONG,4,930.0787,925.1406678571428,939.9547642857144,925.1406678571428,stop_hit,4.938032142857168,3.292021428571445,-19.752128571428784,0.7,1.8601574,-22.312285971428782,-1.0000000000000058,2025-04
2025-04-07 14:15:00,2025-04-07 14:16:00,2025-04-07 14:20:00,NFLX,SHORT,2,902.84,914.4870928571429,879.5458142857143,879.5458142857143,target_hit,11.647092857142866,7.764728571428577,46.58837142857146,0.7,0.9028400000000001,44.98553142857146,2.0,2025-04
2025-04-07 14:34:00,2025-04-07 14:35:00,2025-04-07 14:54:00,NFLX,LONG,1,854.375,841.8898678571428,879.3452642857143,879.3452642857143,target_hit,12.485132142857148,8.323421428571432,24.97026428571428,0.7,0.4271875,23.84307678571428,1.9999999999999987,2025-04
2025-04-03 13:32:00,2025-04-03 13:33:00,2025-04-03 14:01:00,NKE,LONG,22,57.705,56.58766071428571,59.93967857142857,56.58766071428571,stop_hit,1.1173392857142856,0.7448928571428571,-24.58146428571432,0.7,0.634755,-25.916219285714316,-1.0000000000000013,2025-04
2025-04-04 13:37:00,2025-04-04 13:38:00,2025-04-04 13:57:00,NKE,SHORT,23,52.89,53.92384285714286,50.822314285714285,53.92384285714286,stop_hit,1.033842857142857,0.6892285714285714,-23.778385714285733,0.7,0.6082350000000001,-25.086620714285733,-1.0000000000000009,2025-04
2025-04-04 13:41:00,2025-04-04 13:42:00,2025-04-04 15:01:00,NKE,LONG,21,53.35,52.22937142857143,55.591257142857145,55.591257142857145,target_hit,1.1206285714285718,0.7470857142857145,47.06640000000002,0.7,0.5601750000000001,45.80622500000002,2.0000000000000004,2025-04
2025-04-04 13:44:00,2025-04-04 13:45:00,2025-04-04 15:01:00,NKE,LONG,42,53.22,52.6371,54.3858,54.3858,target_hit,0.5829000000000012,0.3886000000000008,48.963600000000184,0.7,1.1176199999999998,47.14598000000018,2.0000000000000036,2025-04
2025-04-04 15:01:00,2025-04-04 15:02:00,2025-04-04 15:04:00,NKE,SHORT,43,56.87,57.46065714285714,55.68868571428571,57.46065714285714,stop_hit,0.5906571428571419,0.39377142857142794,-25.398257142857005,0.7,1.222705,-27.320962142857006,-0.9999999999999962,2025-04
2025-04-04 15:04:00,2025-04-04 15:05:00,2025-04-04 15:11:00,NKE,SHORT,26,57.025,57.98479642857143,55.105407142857146,57.98479642857143,stop_hit,0.9597964285714264,0.6398642857142843,-24.954707142857174,0.7,0.7413249999999999,-26.396032142857173,-1.0000000000000036,2025-04
2025-04-22 13:32:00,2025-04-22 13:33:00,2025-04-22 13:42:00,NOC,SHORT,3,489.765,496.8291857142857,475.63662857142856,475.63662857142856,target_hit,7.064185714285699,4.709457142857133,42.38511428571428,0.7,0.7346475,40.950466785714276,2.000000000000004,2025-04
2025-04-07 13:33:00,2025-04-07 13:34:00,2025-04-07 13:49:00,NVDA,SHORT,16,88.22,89.75255,85.1549,89.75255,stop_hit,1.532550000000001,1.0217000000000007,-24.52080000000001,0.7,0.70576,-25.92656000000001,-0.9999999999999997,2025-04
2025-04-07 14:11:00,2025-04-07 14:12:00,2025-04-07 14:13:00,NVDA,SHORT,15,98.231,99.88903571428571,94.91492857142856,99.88903571428571,stop_hit,1.6580357142857167,1.1053571428571445,-24.87053571428575,0.7,0.7367325,-26.30726821428575,-1.0,2025-04
2025-04-07 14:15:00,2025-04-07 14:16:00,2025-04-07 14:20:00,NVDA,SHORT,10,100.82,103.15360357142856,96.15279285714284,96.15279285714284,target_hit,2.333603571428574,1.555735714285716,46.67207142857151,0.7,0.5041,45.46797142857151,2.0000000000000013,2025-04
2025-04-07 14:17:00,2025-04-07 14:18:00,2025-04-07 14:36:00,NVDA,SHORT,10,97.785,100.217175,92.92065,92.92065,target_hit,2.4321750000000026,1.6214500000000018,48.64350000000002,0.7,0.48892499999999994,47.45457500000001,1.9999999999999984,2025-04
2025-04-07 14:38:00,2025-04-07 14:39:00,2025-04-07 14:44:00,NVDA,SHORT,14,92.21,93.99262142857143,88.64475714285715,93.99262142857143,stop_hit,1.7826214285714268,1.1884142857142845,-24.95670000000004,0.7,0.6454699999999999,-26.30217000000004,-1.0000000000000027,2025-04
2025-04-10 13:32:00,2025-04-10 13:33:00,2025-04-10 15:51:00,NVDA,SHORT,13,109.6387,111.49636428571428,105.92337142857143,105.92337142857143,target_hit,1.857664285714284,1.238442857142856,48.29927142857143,0.7,0.71265155,46.88661987857143,2.0000000000000018,2025-04
2025-04-10 13:33:00,2025-04-10 13:34:00,2025-04-10 13:58:00,NVDA,LONG,13,109.81,107.94140714285714,113.54718571428572,107.94140714285714,stop_hit,1.8685928571428558,1.2457285714285706,-24.29170714285715,0.7,0.713765,-25.705472142857147,-1.0000000000000009,2025-04
2025-04-10 13:34:00,2025-04-10 13:35:00,2025-04-10 13:59:00,NVDA,LONG,13,109.33,107.44533571428572,113.09932857142857,107.44533571428572,stop_hit,1.8846642857142837,1.2564428571428559,-24.500635714285636,0.7,0.710645,-25.911280714285635,-0.9999999999999979,2025-04
2025-04-10 13:36:00,2025-04-10 13:37:00,2025-04-10 14:59:00,NXPI,LONG,6,172.475,168.39265357142858,180.63969285714285,168.39265357142858,stop_hit,4.082346428571426,2.7215642857142837,-24.494078571428474,0.7,0.5174249999999999,-25.711503571428473,-0.9999999999999968,2025-04
2025-04-10 13:31:00,2025-04-10 13:32:00,2025-04-10 13:37:00,ON,LONG,35,36.6,35.90143928571429,37.997121428571425,35.90143928571429,stop_hit,0.6985607142857135,0.4657071428571423,-24.44962499999992,0.7,0.6405,-25.790124999999918,-0.9999999999999978,2025-04
2025-04-07 14:15:00,2025-04-07 14:16:00,2025-04-07 14:22:00,ORCL,SHORT,12,133.36,135.30172857142858,129.47654285714287,129.47654285714287,target_hit,1.9417285714285666,1.2944857142857111,46.60148571428567,0.7,0.8001600000000001,45.10132571428567,2.000000000000003,2025-04
2025-04-07 13:34:00,2025-04-07 13:35:00,2025-04-07 13:52:00,PLTR,SHORT,14,68.7599,70.45840357142858,65.36289285714287,70.45840357142858,stop_hit,1.6985035714285683,1.1323357142857122,-23.77905000000004,0.7,0.4813193,-24.96036930000004,-1.0000000000000036,2025-04
2025-04-07 13:46:00,2025-04-07 13:47:00,2025-04-07 13:52:00,PLTR,LONG,25,68.775,67.80106071428573,70.72287857142858,70.72287857142858,target_hit,0.9739392857142866,0.6492928571428577,48.69696428571437,0.7,0.8596875000000002,47.13727678571437,2.0000000000000018,2025-04
2025-04-07 13:47:00,2025-04-07 13:48:00,2025-04-07 13:52:00,PLTR,LONG,26,68.955,67.99820357142858,70.86859285714286,70.86859285714286,target_hit,0.9567964285714297,0.6378642857142864,49.75341428571434,0.7,0.896415,48.15699928571434,2.0,2025-04
2025-04-07 13:48:00,2025-04-07 13:49:00,2025-04-07 13:53:00,PLTR,LONG,27,69.035,68.071775,70.96145,70.96145,target_hit,0.9632250000000013,0.6421500000000009,52.01415000000007,0.7,0.9319725,50.38217750000007,2.0,2025-04
2025-04-07 14:11:00,2025-04-07 14:12:00,2025-04-07 14:13:00,PLTR,SHORT,18,77.66,79.06248928571428,74.85502142857142,79.06248928571428,stop_hit,1.4024892857142872,0.9349928571428582,-25.24480714285707,0.7,0.69894,-26.64374714285707,-0.999999999999996,2025-04
2025-04-07 14:15:00,2025-04-07 14:16:00,2025-04-07 14:20:00,PLTR,SHORT,13,80.4155,82.41423928571429,76.41802142857142,76.41802142857142,target_hit,1.9987392857142883,1.332492857142859,51.96722142857145,0.7,0.5227007499999999,50.74452067857145,1.9999999999999982,2025-04
2025-04-07 15:14:00,2025-04-07 15:15:00,2025-04-07 15:44:00,PLTR,LONG,20,73.659064,72.35358185714286,76.27002828571428,76.27002828571428,target_hit,1.30548214285714,0.8703214285714266,52.21928571428549,0.7,0.7365906400000001,50.782695074285485,1.999999999999996,2025-04
2025-04-07 15:15:00,2025-04-07 15:16:00,2025-04-08 13:31:00,PLTR,LONG,19,74.3,72.90425,77.09149999999998,77.09149999999998,target_hit,1.3957499999999956,0.930499999999997,53.038499999999715,0.7,0.7058500000000001,51.632649999999714,1.9999999999999956,2025-04
2025-04-07 15:16:00,2025-04-07 15:17:00,2025-04-08 13:31:00,PLTR,LONG,18,74.16,72.69032142857142,77.09935714285713,77.09935714285713,target_hit,1.4696785714285667,0.9797857142857112,52.9084285714284,0.7,0.6674399999999999,51.5409885714284,2.0,2025-04
2025-04-07 15:21:00,2025-04-07 15:22:00,2025-04-08 13:31:00,PLTR,LONG,18,74.058,72.5170392857143,77.13992142857143,77.13992142857143,target_hit,1.5409607142857098,1.0273071428571399,55.47458571428555,0.7,0.6665220000000001,54.10806371428555,2.0,2025-04
2025-04-08 13:31:00,2025-04-08 13:32:00,2025-04-08 14:17:00,PLTR,SHORT,16,84.0611,85.76920357142856,80.64489285714285,85.76920357142856,stop_hit,1.7081035714285715,1.1387357142857144,-27.32965714285706,0.7,0.6724888,-28.702145942857058,-0.9999999999999969,2025-04
2025-04-22 13:31:00,2025-04-22 13:32:00,2025-04-22 13:34:00,PNR,LONG,25,86.585,85.48143928571427,88.79212142857142,85.48143928571427,stop_hit,1.1035607142857167,0.7357071428571444,-27.589017857143006,0.7,1.0823125,-29.371330357143005,-1.000000000000003,2025-04
2025-04-10 13:33:00,2025-04-10 13:34:00,2025-04-10 13:58:00,QCOM,LONG,13,138.37,136.28581428571428,142.53837142857142,136.28581428571428,stop_hit,2.0841857142857125,1.3894571428571416,-27.094414285714407,0.7,0.899405,-28.693819285714408,-1.0000000000000053,2025-04
2025-04-07 14:15:00,2025-04-07 14:16:00,2025-04-07 14:20:00,QQQ,SHORT,5,440.79,446.1994714285714,429.97105714285715,429.97105714285715,target_hit,5.40947142857143,3.6063142857142867,54.09471428571436,0.7,1.1019750000000001,52.292739285714354,2.000000000000002,2025-04
2025-04-10 13:33:00,2025-04-10 13:34:00,2025-04-10 14:01:00,QQQ,LONG,5,454.35,448.99908214285716,465.05183571428574,448.99908214285716,stop_hit,5.350917857142873,3.5672785714285817,-26.754589285714303,0.7,1.135875,-28.5904642857143,-0.9999999999999977,2025-04
2025-04-03 13:38:00,2025-04-03 13:39:00,2025-04-04 13:31:00,RCL,SHORT,8,193.68,196.83459642857144,187.37080714285716,187.37080714285716,target_hit,3.1545964285714296,2.1030642857142863,50.473542857142775,0.7,0.7747200000000001,48.99882285714277,1.999999999999996,2025-04
2025-04-07 13:33:00,2025-04-07 13:34:00,2025-04-07 13:50:00,RCL,SHORT,9,166.6,169.59012142857142,160.61975714285714,169.59012142857142,stop_hit,2.9901214285714293,1.9934142857142862,-26.911092857142847,0.7,0.7496999999999999,-28.360792857142847,-0.9999999999999994,2025-04
2025-04-07 13:40:00,2025-04-07 13:41:00,2025-04-07 13:58:00,RCL,LONG,7,165.95,162.26357857142855,173.32284285714286,173.32284285714286,target_hit,3.686421428571432,2.4576142857142877,51.609900000000096,0.7,0.5808249999999999,50.329075000000095,2.0000000000000018,2025-04
2025-04-07 14:15:00,2025-04-07 14:16:00,2025-04-07 14:21:00,RCL,SHORT,9,188.35,191.38081428571428,182.28837142857142,182.28837142857142,target_hit,3.030814285714289,2.020542857142859,54.55465714285714,0.7,0.847575,53.007082142857136,1.9999999999999976,2025-04
2025-04-08 13:32:00,2025-04-08 13:33:00,2025-04-10 13:31:00,RCL,SHORT,9,190.095,193.08445714285713,184.11608571428573,193.08445714285713,stop_hit,2.98945714285714,1.9929714285714266,-26.905114285714205,0.7,0.8554275,-28.460541785714206,-0.9999999999999979,2025-04
2025-04-10 13:31:00,2025-04-10 13:32:00,2025-04-10 13:37:00,RCL,LONG,7,200.42,196.6799,207.90019999999998,196.6799,stop_hit,3.7400999999999973,2.493399999999998,-26.180699999999888,0.7,0.7014699999999999,-27.582169999999888,-0.9999999999999964,2025-04
2025-04-10 13:33:00,2025-04-10 13:34:00,2025-04-10 13:42:00,RCL,LONG,7,198.77,194.82545000000002,206.6591,194.82545000000002,stop_hit,3.944549999999996,2.6296999999999975,-27.611849999999947,0.7,0.6956950000000001,-29.007544999999947,-0.9999999999999991,2025-04
2025-04-17 13:34:00,2025-04-17 13:35:00,2025-04-17 15:53:00,RF,LONG,58,19.31,18.823485714285713,20.28302857142857,19.25,time_exit,0.4865142857142858,0.3243428571428572,-3.479999999999926,0.7,0.55999,-4.739989999999926,-0.12332628611698114,2025-04
2025-04-17 13:35:00,2025-04-17 13:36:00,2025-04-17 15:53:00,RF,LONG,56,19.3,18.7942,20.311600000000002,19.25,time_exit,0.5058,0.33720000000000006,-2.80000000000004,0.7,0.5404,-4.04040000000004,-0.09885330170027819,2025-04
2025-04-17 13:43:00,2025-04-17 13:44:00,2025-04-17 15:53:00,RF,LONG,45,19.435,18.813035714285714,20.67892857142857,19.25,time_exit,0.6219642857142861,0.41464285714285737,-8.324999999999942,0.7,0.4372875,-9.462287499999942,-0.29744473155325646,2025-04
2025-04-17 13:45:00,2025-04-17 13:46:00,2025-04-17 13:50:00,RF,LONG,87,19.55,19.226535714285713,20.196928571428572,19.226535714285713,stop_hit,0.3234642857142863,0.21564285714285752,-28.141392857142996,0.7,0.8504250000000001,-29.691817857142997,-1.000000000000003,2025-04
2025-04-28 13:33:00,2025-04-28 13:34:00,2025-04-28 15:53:00,RVTY,SHORT,14,94.99,96.88681428571428,91.19637142857141,94.0,time_exit,1.8968142857142898,1.2645428571428599,13.859999999999928,0.7,0.6649299999999999,12.495069999999929,0.5219277435097908,2025-04
2025-04-28 13:37:00,2025-04-28 13:38:00,2025-04-28 15:53:00,RVTY,LONG,11,94.37,91.89603928571428,99.31792142857144,94.0,time_exit,2.473960714285717,1.6493071428571449,-4.07000000000005,0.7,0.5190350000000001,-5.28903500000005,-0.1495577508015648,2025-04
2025-04-29 13:35:00,2025-04-29 13:36:00,2025-04-29 13:42:00,SBAC,SHORT,11,233.95,236.45017857142855,228.94964285714286,236.45017857142855,stop_hit,2.5001785714285663,1.6667857142857108,-27.501964285714195,0.7,1.286725,-29.488689285714194,-0.9999999999999988,2025-04
2025-04-30 13:33:00,2025-04-30 13:34:00,2025-04-30 13:48:00,SBUX,SHORT,21,76.7101,78.01040714285715,74.10948571428571,78.01040714285715,stop_hit,1.3003071428571447,0.8668714285714297,-27.306450000000154,0.7,0.80545605,-28.811906050000154,-1.0000000000000042,2025-04
2025-04-30 13:45:00,2025-04-30 13:46:00,2025-04-30 15:53:00,SBUX,LONG,27,77.5648,76.57576428571429,79.54287142857143,78.595,time_exit,0.9890357142857154,0.6593571428571435,27.815399999999826,0.7,1.0471248,26.068275199999828,1.0416206261510053,2025-04
2025-04-03 13:33:00,2025-04-03 13:34:00,2025-04-03 13:51:00,SMCI,SHORT,44,32.2475,32.86768571428571,31.007128571428577,32.86768571428571,stop_hit,0.6201857142857119,0.4134571428571413,-27.288171428571275,0.7,0.7094450000000001,-28.697616428571273,-0.9999999999999982,2025-04
2025-04-03 13:36:00,2025-04-03 13:37:00,2025-04-04 13:31:00,SMCI,LONG,41,32.05,31.389732142857145,33.3705357142857,31.389732142857145,stop_hit,0.6602678571428535,0.440178571428569,-27.07098214285693,0.7,0.657025,-28.42800714285693,-0.9999999999999977,2025-04
2025-04-03 13:38:00,2025-04-03 13:39:00,2025-04-04 13:31:00,SMCI,LONG,38,32.16,31.45640357142857,33.56719285714285,31.45640357142857,stop_hit,0.703596428571426,0.469064285714284,-26.736664285714205,0.7,0.61104,-28.047704285714204,-1.0000000000000007,2025-04
2025-04-03 13:43:00,2025-04-03 13:44:00,2025-04-03 15:10:00,SMCI,LONG,34,32.6147,31.82800357142857,34.188092857142856,31.82800357142857,stop_hit,0.786696428571428,0.5244642857142853,-26.74767857142856,0.7,0.5544498999999999,-28.00212847142856,-1.0000000000000002,2025-04
2025-04-03 13:47:00,2025-04-03 13:48:00,2025-04-03 14:12:00,SMCI,LONG,69,32.6189,32.23209285714285,33.392514285714284,32.23209285714285,stop_hit,0.38680714285714235,0.25787142857142825,-26.689692857142937,0.7,1.12535205,-28.515044907142936,-1.0000000000000042,2025-04
2025-04-04 15:00:00,2025-04-04 15:01:00,2025-04-04 15:13:00,SMCI,LONG,75,28.97,28.619010714285714,29.671978571428568,29.671978571428568,target_hit,0.35098928571428534,0.2339928571428569,52.64839285714267,0.7,1.086375,50.86201785714267,1.999999999999995,2025-04
2025-04-07 14:11:00,2025-04-07 14:12:00,2025-04-07 14:13:00,SMCI,SHORT,41,32.932,33.589440678571435,31.617118642857143,33.589440678571435,stop_hit,0.6574406785714295,0.43829378571428634,-26.955067821428756,0.7,0.675106,-28.330173821428755,-1.0000000000000053,2025-04
2025-04-07 14:14:00,2025-04-07 14:15:00,2025-04-07 14:19:00,SMCI,LONG,33,33.47,32.66828075,35.0734385,32.66828075,stop_hit,0.8017192500000012,0.5344795000000008,-26.45673524999993,0.7,0.552255,-27.70899024999993,-0.9999999999999959,2025-04
2025-04-07 14:15:00,2025-04-07 14:16:00,2025-04-07 14:20:00,SMCI,SHORT,31,33.94,34.76850496428571,32.28299007142857,32.28299007142857,target_hit,0.828504964285715,0.5523366428571433,51.36730778571422,0.7,0.5260699999999999,50.14123778571422,1.9999999999999958,2025-04
2025-04-07 14:17:00,2025-04-07 14:18:00,2025-04-07 14:23:00,SMCI,SHORT,31,32.82,33.68659425,31.0868115,31.0868115,target_hit,0.8665942500000007,0.5777295000000005,53.728843500000025,0.7,0.50871,52.52013350000002,1.9999999999999993,2025-04
2025-04-07 14:30:00,2025-04-07 14:31:00,2025-04-07 14:36:00,SMCI,LONG,28,32.49,31.54286785714286,34.38426428571429,31.54286785714286,stop_hit,0.9471321428571429,0.6314214285714286,-26.5197,0.7,0.45486000000000004,-27.67456,-1.0,2025-04
2025-04-10 13:31:00,2025-04-10 13:32:00,2025-04-10 13:36:00,SMCI,LONG,42,35.3893,34.74592857142857,36.67604285714285,34.74592857142857,stop_hit,0.6433714285714289,0.4289142857142859,-27.02159999999995,0.7,0.7431753,-28.46477529999995,-0.9999999999999976,2025-04
2025-04-10 13:34:00,2025-04-10 13:35:00,2025-04-10 14:01:00,SMCI,LONG,37,34.88,34.16856071428572,36.30287857142858,34.16856071428572,stop_hit,0.7114392857142865,0.4742928571428577,-26.32325357142853,0.7,0.6452800000000001,-27.66853357142853,-0.9999999999999973,2025-04
2025-04-10 13:36:00,2025-04-10 13:37:00,2025-04-10 15:50:00,SMCI,LONG,34,34.47,33.702846428571426,36.004307142857144,33.702846428571426,stop_hit,0.7671535714285718,0.5114357142857145,-26.083221428571463,0.7,0.58599,-27.36921142857146,-1.0000000000000009,2025-04
2025-04-10 13:45:00,2025-04-10 13:46:00,2025-04-10 14:00:00,SMCI,LONG,52,34.86,34.359825,35.86035,34.359825,stop_hit,0.5001749999999987,0.33344999999999914,-26.009099999999933,0.7,0.90636,-27.61545999999993,-1.0,2025-04
2025-04-23 13:34:00,2025-04-23 13:35:00,2025-04-23 14:03:00,SMCI,LONG,45,34.2395,33.66699285714286,35.38451428571429,33.66699285714286,stop_hit,0.5725071428571431,0.3816714285714288,-25.76282142857135,0.7,0.77038875,-27.233210178571348,-0.9999999999999966,2025-04
2025-04-23 13:38:00,2025-04-23 13:39:00,2025-04-23 14:00:00,SMCI,LONG,35,34.7286,34.000125,36.18555,34.000125,stop_hit,0.7284750000000011,0.4856500000000007,-25.49662500000011,0.7,0.6077505,-26.80437550000011,-1.0000000000000027,2025-04
2025-04-23 13:39:00,2025-04-23 13:40:00,2025-04-23 14:00:00,SMCI,LONG,33,34.8278,34.057625,36.36815000000001,34.057625,stop_hit,0.7701750000000009,0.5134500000000006,-25.41577500000006,0.7,0.5746587000000001,-26.69043370000006,-1.000000000000001,2025-04
2025-04-23 13:41:00,2025-04-23 13:42:00,2025-04-23 14:03:00,SMCI,LONG,31,34.53,33.717396428571426,36.155207142857144,33.717396428571426,stop_hit,0.8126035714285716,0.5417357142857144,-25.19071071428582,0.7,0.535215,-26.42592571428582,-1.000000000000004,2025-04
2025-04-30 13:31:00,2025-04-30 13:32:00,2025-04-30 15:53:00,SMCI,LONG,27,29.585,28.68363928571429,31.387721428571428,30.7,time_exit,0.9013607142857133,0.6009071428571422,30.104999999999958,0.7,0.39939750000000007,29.00560249999996,1.2370186345247856,2025-04
2025-04-30 13:32:00,2025-04-30 13:33:00,2025-04-30 15:53:00,SMCI,LONG,25,29.15,28.166985714285715,31.11602857142857,30.7,time_exit,0.9830142857142847,0.6553428571428564,38.750000000000014,0.7,0.364375,37.68562500000001,1.576782781822676,2025-04
2025-04-30 13:34:00,2025-04-30 13:35:00,2025-04-30 15:53:00,SMCI,LONG,23,29.42,28.305735714285717,31.64852857142857,30.7,time_exit,1.1142642857142846,0.7428428571428564,29.439999999999944,0.7,0.3383300000000001,28.401669999999946,1.1487400398725607,2025-04
2025-04-30 13:35:00,2025-04-30 13:36:00,2025-04-30 15:53:00,SMCI,LONG,22,29.2999,28.162932142857144,31.573835714285714,30.7,time_exit,1.1369678571428556,0.7579785714285704,30.802199999999964,0.7,0.3222989,29.779901099999964,1.231433229360046,2025-04
2025-04-30 13:36:00,2025-04-30 13:37:00,2025-04-30 15:53:00,SMCI,LONG,22,29.225,28.066603571428573,31.541792857142855,30.7,time_exit,1.158396428571427,0.7722642857142846,32.44999999999995,0.7,0.321475,31.428524999999954,1.273311936759868,2025-04
2025-04-30 13:37:00,2025-04-30 13:38:00,2025-04-30 15:53:00,SMCI,LONG,22,29.24,28.062317857142858,31.595364285714282,30.7,time_exit,1.1776821428571416,0.7851214285714276,32.12000000000002,0.7,0.32164,31.09836000000002,1.239723306373599,2025-04
2025-04-30 13:38:00,2025-04-30 13:39:00,2025-04-30 15:53:00,SMCI,LONG,22,29.4,28.197675,31.804649999999995,30.7,time_exit,1.2023249999999983,0.8015499999999989,28.600000000000016,0.7,0.32339999999999997,27.576600000000017,1.0812384338677168,2025-04
2025-04-30 13:39:00,2025-04-30 13:40:00,2025-04-30 15:53:00,SMCI,LONG,21,29.25,28.010710714285715,31.728578571428567,30.7,time_exit,1.2392892857142839,0.826192857142856,30.449999999999985,0.7,0.307125,29.442874999999987,1.170025446612547,2025-04
2025-04-30 13:41:00,2025-04-30 13:42:00,2025-04-30 15:13:00,SMCI,SHORT,21,29.22,30.50165357142857,26.656692857142858,30.50165357142857,stop_hit,1.2816535714285697,0.8544357142857132,-26.914724999999983,0.7,0.30681,-27.92153499999998,-1.0000000000000007,2025-04
2025-04-30 13:42:00,2025-04-30 13:43:00,2025-04-30 15:53:00,SMCI,LONG,20,29.4357,28.131032142857144,32.04503571428571,30.7,time_exit,1.3046678571428556,0.8697785714285704,25.285999999999973,0.7,0.29435700000000004,24.291642999999972,0.969058901143422,2025-04
2025-04-30 13:43:00,2025-04-30 13:44:00,2025-04-30 15:53:00,SMCI,LONG,20,29.625,28.297832142857143,32.279335714285715,30.7,time_exit,1.327167857142856,0.8847785714285707,21.499999999999986,0.7,0.29625,20.503749999999986,0.809995506005,2025-04
2025-04-30 13:45:00,2025-04-30 13:46:00,2025-04-30 15:40:00,SMCI,LONG,50,29.8745,29.323164285714288,30.977171428571427,30.977171428571427,target_hit,0.5513357142857133,0.3675571428571422,55.133571428571315,0.7,0.7468625000000001,53.68670892857131,1.9999999999999996,2025-04
2025-04-30 13:46:00,2025-04-30 13:47:00,2025-04-30 15:37:00,SMCI,LONG,56,29.88,29.384389285714285,30.871221428571424,30.871221428571424,target_hit,0.49561071428571335,0.33040714285714223,55.508399999999796,0.7,0.83664,53.97175999999979,1.9999999999999964,2025-04
2025-04-30 13:48:00,2025-04-30 13:49:00,2025-04-30 13:51:00,SMCI,LONG,71,30.264,29.864817857142857,31.062364285714285,29.864817857142857,stop_hit,0.39918214285714243,0.2661214285714283,-28.341932142857132,0.7,1.074372,-30.116304142857132,-1.0000000000000007,2025-04
2025-04-30 13:49:00,2025-04-30 13:50:00,2025-04-30 14:41:00,SMCI,LONG,70,30.035,29.634757142857143,30.835485714285713,29.634757142857143,stop_hit,0.40024285714285657,0.266828571428571,-28.016999999999967,0.7,1.0512249999999999,-29.768224999999966,-1.0000000000000002,2025-04
2025-04-07 14:15:00,2025-04-07 14:16:00,2025-04-07 14:20:00,SPY,SHORT,4,521.23,526.9139285714286,509.8621428571429,509.8621428571429,target_hit,5.683928571428573,3.789285714285715,45.47142857142853,0.7,1.0424600000000002,43.72896857142853,1.9999999999999978,2025-04
2025-04-09 13:32:00,2025-04-09 13:33:00,2025-04-09 13:39:00,SWK,SHORT,37,54.64,55.40044642857143,53.119107142857146,55.40044642857143,stop_hit,0.760446428571429,0.506964285714286,-28.136517857142806,0.7,1.01084,-29.847357857142804,-0.9999999999999977,2025-04
2025-04-09 13:31:00,2025-04-09 13:32:00,2025-04-09 13:41:00,TECH,SHORT,37,47.16,47.911607142857136,45.65678571428571,47.911607142857136,stop_hit,0.7516071428571429,0.5010714285714286,-27.809464285714157,0.7,0.8724599999999999,-29.381924285714156,-0.9999999999999952,2025-04
2025-04-09 13:38:00,2025-04-09 13:39:00,2025-04-09 15:53:00,TECH,LONG,27,47.375,46.37473571428571,49.37552857142858,48.445,time_exit,1.00026428571429,0.6668428571428601,28.890000000000008,0.7,0.6395625,27.550437500000008,1.069717289002188,2025-04
2025-04-09 13:40:00,2025-04-09 13:41:00,2025-04-09 15:53:00,TECH,LONG,26,47.94,46.89419999999999,50.031600000000005,48.445,time_exit,1.0458000000000043,0.6972000000000028,13.130000000000067,0.7,0.62322,11.806780000000067,0.4828839166188568,2025-04
2025-04-09 13:45:00,2025-04-09 13:46:00,2025-04-09 14:00:00,TECH,LONG,47,47.825,47.232275,49.010450000000006,49.010450000000006,target_hit,0.592725000000003,0.395150000000002,55.71615000000014,0.7,1.1238875000000002,53.892262500000136,1.9999999999999947,2025-04
2025-04-07 13:37:00,2025-04-07 13:38:00,2025-04-07 13:49:00,TSLA,SHORT,5,217.8,222.64122857142857,208.11754285714287,222.64122857142857,stop_hit,4.841228571428568,3.227485714285712,-24.206142857142794,0.7,0.5445,-25.450642857142793,-0.9999999999999981,2025-04
2025-04-07 14:15:00,2025-04-07 14:16:00,2025-04-07 14:20:00,TSLA,SHORT,4,248.395,254.63252500000002,235.91995000000003,235.91995000000003,target_hit,6.237524999999995,4.158349999999997,49.90019999999993,0.7,0.49679,48.70340999999993,1.9999999999999987,2025-04
2025-04-07 14:17:00,2025-04-07 14:18:00,2025-04-07 14:23:00,TSLA,SHORT,4,242.625,249.25750714285715,229.35998571428573,229.35998571428573,target_hit,6.632507142857141,4.421671428571427,53.06005714285709,0.7,0.48525,51.87480714285709,1.9999999999999987,2025-04
2025-04-07 14:32:00,2025-04-07 14:33:00,2025-04-07 14:35:00,TSLA,LONG,4,233.59,227.04680714285715,246.67638571428571,227.04680714285715,stop_hit,6.543192857142853,4.362128571428569,-26.172771428571423,0.7,0.46718000000000004,-27.33995142857142,-1.0000000000000004,2025-04
2025-04-07 15:16:00,2025-04-07 15:17:00,2025-04-08 13:31:00,TSLA,LONG,7,228.7579,224.92519642857144,236.42330714285717,236.42330714285717,target_hit,3.832703571428579,2.5551357142857194,53.65785000000014,0.7,0.80065265,52.15719735000013,2.0000000000000013,2025-04
2025-04-07 15:21:00,2025-04-07 15:22:00,2025-04-08 13:31:00,TSLA,LONG,6,227.6,223.3193214285714,236.16135714285713,236.16135714285713,target_hit,4.280678571428572,2.8537857142857144,51.3681428571428,0.7,0.6828,49.9853428571428,1.9999999999999976,2025-04
2025-04-08 13:31:00,2025-04-08 13:32:00,2025-04-08 14:17:00,TSLA,SHORT,7,245.0,248.98680714285715,237.0263857142857,248.98680714285715,stop_hit,3.9868071428571477,2.6578714285714318,-27.907650000000018,0.7,0.8575,-29.46515000000002,-0.9999999999999994,2025-04
2025-04-08 13:32:00,2025-04-08 13:33:00,2025-04-10 13:31:00,TSLA,SHORT,7,247.16,251.40930714285713,238.6613857142857,251.40930714285713,stop_hit,4.2493071428571465,2.8328714285714307,-29.74514999999994,0.7,0.8650599999999999,-31.310209999999937,-0.9999999999999971,2025-04
2025-04-07 13:32:00,2025-04-07 13:33:00,2025-04-07 13:53:00,TTD,SHORT,41,44.3059,45.02834285714286,42.86101428571428,45.02834285714286,stop_hit,0.7224428571428574,0.48162857142857163,-29.620157142857217,0.7,0.90827095,-31.228428092857214,-1.0000000000000022,2025-04
2025-04-07 13:33:00,2025-04-07 13:34:00,2025-04-07 13:52:00,TTD,SHORT,39,44.0,44.74708571428572,42.50582857142857,44.74708571428572,stop_hit,0.7470857142857142,0.4980571428571428,-29.136342857142964,0.7,0.858,-30.694342857142964,-1.0000000000000038,2025-04
2025-04-07 14:15:00,2025-04-07 14:16:00,2025-04-07 14:22:00,TTD,SHORT,36,48.6,49.38993214285714,47.020135714285715,47.020135714285715,target_hit,0.7899321428571415,0.5266214285714277,56.87511428571432,0.7,0.8748000000000001,55.300314285714315,2.0000000000000044,2025-04
2025-04-04 13:40:00,2025-04-04 13:41:00,2025-04-04 14:24:00,UAL,LONG,21,54.3229,52.925125,57.118449999999996,52.925125,stop_hit,1.397774999999998,0.9318499999999987,-29.35327499999991,0.7,0.57039045,-30.623665449999912,-0.9999999999999984,2025-04
2025-04-04 13:41:00,2025-04-04 13:42:00,2025-04-04 14:28:00,UAL,LONG,20,54.1082,52.66439642857143,56.99580714285714,52.66439642857143,stop_hit,1.4438035714285695,0.962535714285713,-28.87607142857135,0.7,0.541082,-30.11715342857135,-0.9999999999999987,2025-04
2025-04-04 13:43:00,2025-04-04 13:44:00,2025-04-04 14:24:00,UAL,LONG,19,54.47,52.973685714285715,57.46262857142857,52.973685714285715,stop_hit,1.4963142857142837,0.9975428571428557,-28.4299714285714,0.7,0.5174650000000001,-29.6474364285714,-1.0000000000000002,2025-04
2025-04-04 13:45:00,2025-04-04 13:46:00,2025-04-04 14:03:00,UAL,LONG,38,54.935,54.18601785714286,56.432964285714284,54.18601785714286,stop_hit,0.7489821428571418,0.49932142857142786,-28.461321428571495,0.7,1.043765,-30.205086428571494,-1.0000000000000038,2025-04
2025-04-07 14:11:00,2025-04-07 14:12:00,2025-04-07 14:14:00,UAL,SHORT,33,59.6275,60.48276785714285,57.916964285714286,60.48276785714285,stop_hit,0.8552678571428574,0.5701785714285715,-28.22383928571424,0.7,0.98385375,-29.907693035714242,-0.9999999999999982,2025-04
2025-04-23 13:31:00,2025-04-23 13:32:00,2025-04-23 13:36:00,UAL,LONG,28,72.215,71.22873928571428,74.18752142857143,71.22873928571428,stop_hit,0.9862607142857159,0.657507142857144,-27.61530000000016,0.7,1.01101,-29.32631000000016,-1.0000000000000042,2025-04
2025-04-07 14:15:00,2025-04-07 14:16:00,2025-04-07 14:22:00,UBER,SHORT,30,67.0701,67.98902142857143,65.23225714285714,65.23225714285714,target_hit,0.9189214285714309,0.6126142857142872,55.1352857142858,0.7,1.0060514999999999,53.4292342142858,1.999999999999998,2025-04
2025-04-08 13:39:00,2025-04-08 13:40:00,2025-04-17 13:31:00,UNH,LONG,2,560.01,546.9509721428572,586.1280557142857,546.9509721428572,stop_hit,13.059027857142851,8.706018571428567,-26.118055714285674,0.7,0.56001,-27.378065714285672,-0.9999999999999989,2025-04
2025-04-17 13:31:00,2025-04-17 13:32:00,2025-04-17 14:49:00,UNH,SHORT,2,484.235,498.08114642857146,456.5427071428571,456.5427071428571,target_hit,13.846146428571444,9.230764285714296,55.38458571428578,0.7,0.484235,54.200350714285776,2.0,2025-04
2025-04-17 13:37:00,2025-04-17 13:38:00,2025-04-17 14:11:00,UNH,LONG,1,484.395,468.1984607142857,516.7880785714285,468.1984607142857,stop_hit,16.196539285714294,10.797692857142863,-16.196539285714266,0.7,0.24219749999999998,-17.138736785714265,-0.9999999999999982,2025-04
2025-04-17 13:40:00,2025-04-17 13:41:00,2025-04-17 14:24:00,UNH,LONG,1,479.2628,461.7080535714286,514.372292857143,461.7080535714286,stop_hit,17.554746428571438,11.703164285714292,-17.554746428571434,0.7,0.23963140000000002,-18.494377828571434,-0.9999999999999998,2025-04
2025-04-17 13:41:00,2025-04-17 13:42:00,2025-04-17 14:22:00,UNH,LONG,1,480.075,462.110325,516.00435,462.110325,stop_hit,17.964675000000014,11.976450000000009,-17.964675,0.7,0.2400375,-18.9047125,-0.9999999999999992,2025-04
2025-04-04 13:31:00,2025-04-04 13:32:00,2025-04-04 13:37:00,VST,SHORT,16,102.37,104.12474307142858,98.86051385714286,98.86051385714286,target_hit,1.754743071428571,1.169828714285714,56.15177828571427,0.7,0.81896,54.63281828571427,2.0,2025-04
2025-04-04 13:32:00,2025-04-04 13:33:00,2025-04-04 13:40:00,VST,SHORT,15,101.56,103.38974307142857,97.90051385714285,97.90051385714285,target_hit,1.8297430714285714,1.2198287142857143,54.892292142857215,0.7,0.7617,53.430592142857215,2.0000000000000027,2025-04
2025-04-04 13:42:00,2025-04-04 13:43:00,2025-04-04 14:18:00,VST,SHORT,10,97.95,100.60785,92.63430000000001,92.63430000000001,target_hit,2.657849999999997,1.7718999999999983,53.156999999999925,0.7,0.48975,51.96724999999992,1.9999999999999993,2025-04
2025-04-04 13:47:00,2025-04-04 13:48:00,2025-04-04 14:00:00,VST,LONG,19,98.75,97.19894642857143,101.85210714285714,97.19894642857143,stop_hit,1.5510535714285685,1.0340357142857124,-29.470017857142793,0.7,0.938125,-31.10814285714279,-0.9999999999999997,2025-04
2025-04-04 15:04:00,2025-04-04 15:05:00,2025-04-04 15:15:00,VST,LONG,23,97.5261,96.26787857142857,100.04254285714285,100.04254285714285,target_hit,1.2582214285714264,0.8388142857142843,57.87818571428552,0.7,1.12155015,56.05663556428552,1.999999999999997,2025-04
2025-04-07 14:01:00,2025-04-07 14:02:00,2025-04-07 14:05:00,VST,LONG,27,98.71,97.59897217857142,100.93205564285714,100.93205564285714,target_hit,1.1110278214285723,0.7406852142857149,59.995502357142854,0.7,1.332585,57.96291735714285,1.9999999999999984,2025-04
2025-04-07 14:04:00,2025-04-07 14:05:00,2025-04-07 14:08:00,VST,LONG,25,100.715,99.51665075,103.1116985,99.51665075,stop_hit,1.1983492500000024,0.7988995000000015,-29.95873125000017,0.7,1.2589375,-31.917668750000168,-1.0000000000000038,2025-04
2025-04-07 14:06:00,2025-04-07 14:07:00,2025-04-07 14:10:00,VST,LONG,24,99.78,98.55359003571428,102.23281992857143,102.23281992857143,target_hit,1.2264099642857162,0.8176066428571441,58.867678285714305,0.7,1.1973600000000002,56.9703182857143,1.9999999999999976,2025-04
2025-04-07 14:12:00,2025-04-07 14:13:00,2025-04-07 14:20:00,VST,SHORT,16,108.59,110.43557857142858,104.89884285714285,104.89884285714285,target_hit,1.8455785714285753,1.2303857142857169,59.05851428571441,0.7,0.86872,57.4897942857144,2.0,2025-04
2025-04-07 14:15:00,2025-04-07 14:16:00,2025-04-07 14:21:00,VST,SHORT,13,107.936,110.20468571428572,103.39862857142857,103.39862857142857,target_hit,2.2686857142857164,1.5124571428571443,58.98582857142863,0.7,0.7015840000000001,57.58424457142863,2.0,2025-04
2025-04-07 14:16:00,2025-04-07 14:17:00,2025-04-07 14:20:00,VST,SHORT,13,109.005,111.36075,104.2935,104.2935,target_hit,2.3557500000000022,1.5705000000000016,61.24950000000001,0.7,0.7085325,59.84096750000001,1.9999999999999984,2025-04
2025-04-07 14:19:00,2025-04-07 14:20:00,2025-04-07 14:24:00,VST,SHORT,12,104.21,106.83056428571427,98.96887142857142,98.96887142857142,target_hit,2.6205642857142877,1.7470428571428585,62.893542857142904,0.7,0.62526,61.568282857142904,2.0,2025-04
2025-04-07 14:34:00,2025-04-07 14:35:00,2025-04-08 13:31:00,VST,LONG,14,98.5,96.27529964285715,102.94940071428572,102.94940071428572,target_hit,2.224700357142855,1.4831335714285703,62.29161000000002,0.7,0.6895,60.902110000000015,2.000000000000002,2025-04
2025-04-08 13:32:00,2025-04-08 13:33:00,2025-04-08 14:05:00,VST,SHORT,16,109.205,111.23148928571428,105.15202142857143,111.23148928571428,stop_hit,2.026489285714282,1.3509928571428549,-32.42382857142843,0.7,0.87364,-33.997468571428435,-0.9999999999999973,2025-04
2025-04-10 13:32:00,2025-04-10 13:33:00,2025-04-10 14:25:00,VST,SHORT,15,111.66,113.84118214285714,107.29763571428572,113.84118214285714,stop_hit,2.1811821428571423,1.4541214285714281,-32.71773214285709,0.7,0.8374499999999999,-34.25518214285709,-0.9999999999999986,2025-04
2025-04-03 13:31:00,2025-04-03 13:32:00,2025-04-03 13:41:00,WSM,SHORT,12,143.09,145.835,137.6,137.6,target_hit,2.7450000000000006,1.8300000000000003,65.88000000000011,0.7,0.85854,64.3214600000001,2.000000000000003,2025-04
2025-04-03 13:34:00,2025-04-03 13:35:00,2025-04-03 13:48:00,WSM,SHORT,11,142.02,144.94875000000002,136.16250000000002,136.16250000000002,target_hit,2.928750000000001,1.9525000000000006,64.43249999999986,0.7,0.7811100000000001,62.95138999999986,1.9999999999999951,2025-04
2025-04-03 13:35:00,2025-04-03 13:36:00,2025-04-03 13:41:00,WSM,LONG,11,141.94,138.90571428571428,148.00857142857143,138.90571428571428,stop_hit,3.0342857142857165,2.0228571428571445,-33.37714285714287,0.7,0.78067,-34.857812857142875,-0.9999999999999997,2025-04
2025-04-03 13:37:00,2025-04-03 13:38:00,2025-04-03 14:11:00,WSM,SHORT,10,141.48,144.64714285714285,135.14571428571426,135.14571428571426,target_hit,3.1671428571428573,2.1114285714285717,63.34285714285727,0.7,0.7074,61.93545714285727,2.000000000000004,2025-04
2025-04-03 13:38:00,2025-04-03 13:39:00,2025-04-03 14:11:00,WSM,SHORT,10,141.585,144.78,135.19500000000002,135.19500000000002,target_hit,3.1949999999999994,2.1299999999999994,63.899999999999864,0.7,0.7079250000000001,62.49207499999986,1.999999999999996,2025-04
2025-04-03 13:39:00,2025-04-03 13:40:00,2025-04-04 13:31:00,WSM,SHORT,11,139.73,142.86660714285713,133.4567857142857,133.4567857142857,target_hit,3.1366071428571436,2.091071428571429,69.00535714285718,0.7,0.768515,67.53684214285718,2.0000000000000004,2025-04
2025-04-03 13:45:00,2025-04-03 13:46:00,2025-04-03 15:14:00,WSM,SHORT,19,137.23,139.03696428571428,133.61607142857142,139.03696428571428,stop_hit,1.8069642857142898,1.2046428571428598,-34.33232142857145,0.7,1.303685,-36.33600642857145,-0.9999999999999983,2025-04
2025-04-03 13:46:00,2025-04-03 13:47:00,2025-04-03 14:20:00,WSM,LONG,19,136.72,134.8525,140.455,134.8525,stop_hit,1.8675000000000037,1.2450000000000025,-35.48250000000013,0.7,1.29884,-37.48134000000013,-1.0000000000000016,2025-04
2025-04-04 15:10:00,2025-04-04 15:11:00,2025-04-04 15:12:00,WSM,SHORT,15,143.63,145.93630357142857,139.01739285714285,145.93630357142857,stop_hit,2.306303571428568,1.5375357142857118,-34.59455357142858,0.7,1.0772249999999999,-36.37177857142858,-1.0000000000000018,2025-04
2025-04-04 15:22:00,2025-04-04 15:23:00,2025-04-04 15:25:00,WSM,LONG,12,148.875,146.054475,154.51605,146.054475,stop_hit,2.8205250000000044,1.880350000000003,-33.84630000000004,0.7,0.89325,-35.43955000000005,-0.9999999999999997,2025-04
2025-04-04 15:29:00,2025-04-04 15:30:00,2025-04-04 15:32:00,WSM,LONG,14,145.09,142.66776785714288,149.93446428571426,142.66776785714288,stop_hit,2.4222321428571325,1.6148214285714215,-33.91124999999977,0.7,1.01563,-35.62687999999977,-0.9999999999999974,2025-04
2025-04-04 15:32:00,2025-04-04 15:33:00,2025-04-04 15:53:00,WSM,SHORT,14,143.76,146.1532714285714,138.97345714285714,143.36,time_exit,2.3932714285714223,1.5955142857142814,5.599999999999682,0.7,1.0063199999999999,3.893679999999682,0.16713524225655546,2025-04
2025-04-04 15:33:00,2025-04-04 15:34:00,2025-04-04 15:53:00,WSM,SHORT,13,143.145,145.62813214285714,138.17873571428575,143.36,time_exit,2.4831321428571353,1.6554214285714235,-2.7950000000000443,0.7,0.9304425000000002,-4.425442500000044,-0.08658419593917407,2025-04
2025-04-04 13:33:00,2025-04-04 13:34:00,2025-04-04 14:09:00,XYZ,SHORT,43,51.24,52.02908571428571,49.66182857142857,49.66182857142857,target_hit,0.7890857142857145,0.526057142857143,67.86137142857149,0.7,1.10166,66.05971142857149,2.0000000000000013,2025-04
2025-04-07 13:40:00,2025-04-07 13:41:00,2025-04-07 13:53:00,XYZ,LONG,42,46.89,46.063007142857145,48.54398571428572,48.54398571428572,target_hit,0.8269928571428574,0.5513285714285716,69.46740000000013,0.7,0.9846900000000001,67.78271000000012,2.000000000000003,2025-04
2025-04-07 14:13:00,2025-04-07 14:14:00,2025-04-07 14:16:00,XYZ,SHORT,46,52.1056,52.86239285714286,50.592014285714285,52.86239285714286,stop_hit,0.7567928571428573,0.5045285714285715,-34.81247142857134,0.7,1.1984288,-36.71090022857135,-0.9999999999999973,2025-04
2025-05-09 13:50:00,2025-05-09 13:51:00,2025-05-09 14:02:00,AKAM,SHORT,38,79.625,80.53464285714286,77.80571428571429,80.53464285714286,stop_hit,0.9096428571428566,0.6064285714285711,-34.56642857142853,0.7,1.512875,-36.779303571428535,-0.9999999999999994,2025-05
2025-05-30 13:34:00,2025-05-30 13:35:00,2025-05-30 13:45:00,COO,SHORT,24,67.77,69.20255357142857,64.90489285714285,69.20255357142857,stop_hit,1.4325535714285722,0.9550357142857148,-34.381285714285696,0.7,0.8132400000000001,-35.8945257142857,-0.9999999999999989,2025-05
2025-05-30 13:39:00,2025-05-30 13:40:00,2025-05-30 13:45:00,COO,SHORT,18,67.725,69.59630357142856,63.98239285714285,69.59630357142856,stop_hit,1.871303571428572,1.2475357142857146,-33.68346428571425,0.7,0.609525,-34.99298928571425,-0.9999999999999987,2025-05
2025-05-07 13:40:00,2025-05-07 13:41:00,2025-05-07 13:52:00,CRL,SHORT,6,136.0082,141.08355714285713,125.8574857142857,141.08355714285713,stop_hit,5.075357142857143,3.383571428571429,-30.45214285714286,0.7,0.40802459999999996,-31.56016745714286,-1.0,2025-05
2025-05-07 13:42:00,2025-05-07 13:43:00,2025-05-27 15:47:00,CRL,SHORT,6,137.68,143.02041785714286,126.9991642857143,139.68,time_exit,5.340417857142857,3.560278571428571,-12.0,0.7,0.41304,-13.11304,-0.3745025302327199,2025-05
2025-05-12 13:58:00,2025-05-12 13:59:00,2025-05-12 14:01:00,DASH,LONG,42,186.81,186.0240107142857,188.38197857142856,186.0240107142857,stop_hit,0.7859892857142805,0.5239928571428537,-33.01155000000034,0.7,3.92301,-37.63456000000034,-1.0000000000000169,2025-05
2025-05-07 13:36:00,2025-05-07 13:37:00,2025-05-20 13:32:00,DAY,SHORT,30,53.04,54.12,50.88,54.12,stop_hit,1.0799999999999998,0.7199999999999999,-32.39999999999995,0.7,0.7956000000000001,-33.89559999999995,-0.9999999999999986,2025-05
2025-05-23 13:34:00,2025-05-23 13:35:00,2025-05-23 14:46:00,DECK,SHORT,8,96.905,100.62203214285714,89.47093571428573,100.62203214285714,stop_hit,3.717032142857139,2.478021428571426,-29.736257142857085,0.7,0.38762,-30.823877142857082,-0.999999999999999,2025-05
2025-05-23 13:39:00,2025-05-23 13:40:00,2025-05-23 15:53:00,DECK,LONG,8,99.15,95.11478571428572,107.22042857142857,101.8693,time_exit,4.035214285714283,2.6901428571428556,21.75439999999992,0.7,0.3966,20.65779999999992,0.6738923406439715,2025-05
2025-05-13 13:35:00,2025-05-13 13:36:00,2025-05-13 13:39:00,ELV,SHORT,6,385.815,390.9355392857143,375.57392142857145,390.9355392857143,stop_hit,5.120539285714285,3.4136928571428564,-30.723235714285806,0.7,1.157445,-32.580680714285805,-1.000000000000003,2025-05
2025-05-12 13:40:00,2025-05-12 13:41:00,2025-05-13 13:31:00,ENPH,SHORT,29,51.48,52.581042857142855,49.27791428571428,49.27791428571428,target_hit,1.1010428571428574,0.7340285714285716,63.860485714285744,0.7,0.7464599999999999,62.41402571428574,2.0000000000000004,2025-05
2025-05-12 13:43:00,2025-05-12 13:44:00,2025-05-12 14:10:00,ENPH,SHORT,27,50.77,51.989425000000004,48.33115,51.989425000000004,stop_hit,1.219425000000001,0.8129500000000007,-32.92447500000003,0.7,0.6853950000000001,-34.30987000000003,-1.0,2025-05
2025-05-12 13:44:00,2025-05-12 13:45:00,2025-05-12 14:14:00,ENPH,SHORT,40,51.22,52.02049642857143,49.619007142857136,52.02049642857143,stop_hit,0.80049642857143,0.5336642857142867,-32.01985714285712,0.7,1.0244000000000002,-33.74425714285712,-0.9999999999999976,2025-05
2025-05-13 13:31:00,2025-05-13 13:32:00,2025-05-13 13:36:00,ENPH,SHORT,33,44.9,45.86321428571428,42.97357142857143,45.86321428571428,stop_hit,0.9632142857142822,0.6421428571428548,-31.786071428571226,0.7,0.74085,-33.22692142857123,-0.9999999999999972,2025-05
2025-05-13 13:33:00,2025-05-13 13:34:00,2025-05-13 13:36:00,ENPH,SHORT,30,44.67,45.71034642857143,42.58930714285715,45.71034642857143,stop_hit,1.040346428571426,0.693564285714284,-31.21039285714275,0.7,0.67005,-32.58044285714275,-0.9999999999999991,2025-05
2025-05-13 13:35:00,2025-05-13 13:36:00,2025-05-19 13:31:00,ENPH,SHORT,27,46.04,47.18641785714286,43.74716428571429,47.18641785714286,stop_hit,1.146417857142855,0.7642785714285699,-30.953282142857155,0.7,0.62154,-32.274822142857154,-1.0000000000000022,2025-05
2025-05-22 13:31:00,2025-05-22 13:32:00,2025-05-22 13:51:00,ENPH,SHORT,25,39.185,40.40290796428572,36.74918407142857,40.40290796428572,stop_hit,1.2179079642857138,0.8119386428571426,-30.447699107142867,0.7,0.4898125,-31.637511607142866,-1.0000000000000007,2025-05
2025-05-22 13:48:00,2025-05-22 13:49:00,2025-05-22 14:01:00,ENPH,LONG,46,40.1503,39.478825,41.49325,39.478825,stop_hit,0.6714750000000014,0.44765000000000094,-30.887850000000043,0.7,0.9234569,-32.511306900000044,-0.9999999999999993,2025-05
2025-05-22 13:49:00,2025-05-22 13:50:00,2025-05-22 14:31:00,ENPH,LONG,48,40.015,39.381025,41.28295,39.381025,stop_hit,0.6339750000000013,0.42265000000000086,-30.430799999999977,0.7,0.96036,-32.091159999999974,-0.9999999999999972,2025-05
2025-05-09 13:31:00,2025-05-09 13:32:00,2025-05-09 13:42:00,EXPE,SHORT,10,152.28,155.31323571428572,146.21352857142858,155.31323571428572,stop_hit,3.0332357142857127,2.0221571428571417,-30.332357142857234,0.7,0.7614,-31.79375714285723,-1.0000000000000036,2025-05
2025-05-13 13:39:00,2025-05-13 13:40:00,2025-05-13 13:50:00,FSLR,LONG,4,186.99,180.346875,200.27625,180.346875,stop_hit,6.643124999999998,4.428749999999998,-26.57249999999999,0.7,0.37398000000000003,-27.64647999999999,-1.0,2025-05
2025-05-13 13:40:00,2025-05-13 13:41:00,2025-05-13 13:47:00,FSLR,LONG,4,188.4001,181.4868035714286,202.22669285714287,181.4868035714286,stop_hit,6.913296428571423,4.608864285714282,-27.653185714285655,0.7,0.37680020000000003,-28.729985914285656,-0.9999999999999987,2025-05
2025-05-13 13:41:00,2025-05-13 13:42:00,2025-05-13 13:50:00,FSLR,LONG,4,188.01,180.87866785714286,202.27266428571426,180.87866785714286,stop_hit,7.131332142857137,4.754221428571425,-28.52532857142853,0.7,0.37601999999999997,-29.60134857142853,-0.9999999999999993,2025-05
2025-05-13 13:57:00,2025-05-13 13:58:00,2025-05-13 14:26:00,FSLR,LONG,11,183.21,180.60039642857146,188.42920714285714,188.42920714285714,target_hit,2.6096035714285595,1.7397357142857064,57.411278571428426,0.7,1.0076550000000002,55.70362357142842,2.000000000000004,2025-05
2025-05-08 13:32:00,2025-05-08 13:33:00,2025-05-08 15:31:00,FTNT,SHORT,20,95.63,97.050725,92.78854999999999,97.050725,stop_hit,1.420725000000001,0.9471500000000006,-28.41450000000009,0.7,0.9562999999999999,-30.070800000000087,-1.0000000000000024,2025-05
2025-05-08 13:45:00,2025-05-08 13:46:00,2025-05-08 14:41:00,FTNT,LONG,28,94.15,93.11043571428571,96.22912857142857,96.22912857142857,target_hit,1.0395642857142862,0.6930428571428574,58.21559999999994,0.7,1.3181000000000003,56.197499999999934,1.9999999999999971,2025-05
2025-05-02 13:32:00,2025-05-02 13:33:00,2025-05-02 13:35:00,GDDY,SHORT,9,176.335,179.48553571428573,170.0339285714286,179.48553571428573,stop_hit,3.1505357142857116,2.100357142857141,-28.354821428571512,0.7,0.7935075,-29.84832892857151,-1.0000000000000038,2025-05
2025-05-02 13:33:00,2025-05-02 13:34:00,2025-05-02 13:45:00,GDDY,SHORT,7,176.695,180.4416357142857,169.20172857142856,180.4416357142857,stop_hit,3.7466357142857127,2.4977571428571417,-26.226449999999915,0.7,0.6184325,-27.544882499999915,-0.9999999999999971,2025-05
2025-05-02 13:35:00,2025-05-02 13:36:00,2025-05-02 15:53:00,GDDY,SHORT,6,177.87,182.14431428571427,169.32137142857144,174.76,time_exit,4.274314285714282,2.8495428571428545,18.660000000000082,0.7,0.53361,17.426390000000083,0.7276020882213392,2025-05
2025-05-12 13:31:00,2025-05-12 13:32:00,2025-05-12 15:09:00,GEHC,LONG,29,75.195,74.17924285714285,77.22651428571429,74.17924285714285,stop_hit,1.0157571428571464,0.6771714285714309,-29.456957142857064,0.7,1.0903275,-31.247284642857064,-0.9999999999999939,2025-05
2025-05-12 13:32:00,2025-05-12 13:33:00,2025-05-12 15:53:00,GEHC,LONG,26,74.515,73.40495714285714,76.73508571428572,73.9,time_exit,1.11004285714286,0.7400285714285734,-15.989999999999867,0.7,0.9686950000000001,-17.658694999999867,-0.5540326628315448,2025-05
2025-05-29 13:32:00,2025-05-29 13:33:00,2025-05-29 15:53:00,HPQ,LONG,53,25.0,24.452499999999997,26.095000000000002,25.275,time_exit,0.5475000000000014,0.365000000000001,14.574999999999925,0.7,0.6625,13.212499999999926,0.5022831050228271,2025-05
2025-05-22 13:31:00,2025-05-22 13:33:00,2025-05-22 15:53:00,HUM,SHORT,12,236.94,239.37375,232.0725,233.32,time_exit,2.433749999999997,1.6224999999999983,43.440000000000055,0.7,1.4216399999999998,41.318360000000055,1.4874165382639994,2025-05
2025-05-22 13:33:00,2025-05-22 13:34:00,2025-05-22 15:53:00,HUM,SHORT,9,238.0,241.06375,231.8725,233.32,time_exit,3.0637499999999998,2.0425,42.12000000000006,0.7,1.071,40.34900000000006,1.527539779681765,2025-05
2025-05-12 13:31:00,2025-05-12 13:32:00,2025-05-12 13:42:00,MCHP,LONG,32,60.43,59.51520357142857,62.25959285714286,59.51520357142857,stop_hit,0.9147964285714301,0.6098642857142867,-29.273485714285698,0.7,0.96688,-30.940365714285697,-0.9999999999999978,2025-05
2025-05-12 14:44:00,2025-05-12 14:45:00,2025-05-12 14:53:00,NRG,LONG,38,145.93,145.14614285714285,147.4977142857143,147.4977142857143,target_hit,0.7838571428571461,0.5225714285714308,59.573142857142955,0.7,2.77267,56.100472857142954,1.999999999999995,2025-05
2025-05-12 13:31:00,2025-05-12 13:32:00,2025-05-19 13:31:00,ON,LONG,53,44.75,44.1779,45.8942,44.1779,stop_hit,0.5720999999999982,0.3813999999999988,-30.321299999999944,0.7,1.185875,-32.20717499999994,-1.0000000000000013,2025-05
2025-05-12 13:33:00,2025-05-12 13:34:00,2025-05-12 13:50:00,ON,LONG,45,45.0,44.33679642857143,46.326407142857136,44.33679642857143,stop_hit,0.6632035714285693,0.44213571428571286,-29.84416071428555,0.7,1.0125,-31.55666071428555,-0.9999999999999977,2025-05
2025-05-06 13:31:00,2025-05-06 13:32:00,2025-05-06 13:37:00,PLTR,SHORT,15,112.82,114.69947857142857,109.06104285714285,109.06104285714285,target_hit,1.879478571428574,1.252985714285716,56.38435714285713,0.7,0.84615,54.83820714285712,1.9999999999999967,2025-05
2025-05-06 13:32:00,2025-05-06 13:33:00,2025-05-06 13:34:00,PLTR,SHORT,14,111.2798,113.34056428571428,107.15827142857141,113.34056428571428,stop_hit,2.060764285714289,1.3738428571428594,-28.85069999999999,0.7,0.7789586,-30.329658599999988,-0.9999999999999981,2025-05
2025-05-06 13:34:00,2025-05-06 13:35:00,2025-05-12 13:31:00,PLTR,SHORT,11,110.165,112.72403214285715,105.04693571428571,112.72403214285715,stop_hit,2.5590321428571468,1.7060214285714312,-28.149353571428634,0.7,0.6059075,-29.455261071428634,-1.0000000000000007,2025-05
2025-05-30 13:31:00,2025-05-30 13:32:00,2025-05-30 15:53:00,REGN,SHORT,2,503.33,513.9992857142857,481.9914285714285,492.01,time_exit,10.669285714285731,7.112857142857154,22.639999999999986,0.7,0.5033299999999999,21.43666999999999,1.0609894891879204,2025-05
2025-05-30 13:35:00,2025-05-30 13:36:00,2025-05-30 15:17:00,REGN,LONG,2,500.5298,487.40227142857145,526.7848571428572,487.40227142857145,stop_hit,13.127528571428584,8.751685714285722,-26.25505714285714,0.7,0.5005298,-27.45558694285714,-0.9999999999999989,2025-05
2025-05-30 13:38:00,2025-05-30 13:39:00,2025-05-30 15:02:00,REGN,LONG,2,507.46,493.2042571428571,535.9714857142857,493.2042571428571,stop_hit,14.255742857142852,9.503828571428569,-28.511485714285755,0.7,0.50746,-29.718945714285752,-1.0000000000000018,2025-05
2025-05-23 13:32:00,2025-05-23 13:33:00,2025-05-23 13:46:00,ROST,SHORT,11,136.0,138.59820357142857,130.80359285714286,130.80359285714286,target_hit,2.598203571428574,1.732135714285716,57.16047857142854,0.7,0.748,55.71247857142854,1.999999999999997,2025-05
2025-05-14 13:45:00,2025-05-14 13:46:00,2025-05-14 14:26:00,SMCI,SHORT,27,43.635,44.739042857142856,41.42691428571429,44.739042857142856,stop_hit,1.1040428571428558,0.7360285714285705,-29.80915714285716,0.7,0.5890725,-31.09822964285716,-1.0000000000000018,2025-05
2025-05-14 13:46:00,2025-05-14 13:47:00,2025-05-14 14:31:00,SMCI,SHORT,29,43.96,44.95701785714286,41.96596428571429,44.95701785714286,stop_hit,0.997017857142855,0.66467857142857,-28.91351785714287,0.7,0.63742,-30.25093785714287,-1.0000000000000027,2025-05
2025-05-14 13:48:00,2025-05-14 13:49:00,2025-05-14 14:31:00,SMCI,SHORT,31,43.84,44.771660714285716,41.97667857142858,44.771660714285716,stop_hit,0.9316607142857114,0.621107142857141,-28.88148214285708,0.7,0.6795200000000001,-30.26100214285708,-1.0000000000000009,2025-05
2025-05-14 13:49:00,2025-05-14 13:50:00,2025-05-14 14:31:00,SMCI,SHORT,33,43.88,44.758089285714284,42.12382142857144,44.758089285714284,stop_hit,0.8780892857142829,0.5853928571428553,-28.976946428571296,0.7,0.7240200000000001,-30.400966428571294,-0.9999999999999986,2025-05
2025-05-29 13:39:00,2025-05-29 13:40:00,2025-05-29 14:05:00,SMCI,LONG,48,42.43,41.83987857142857,43.61024285714286,41.83987857142857,stop_hit,0.5901214285714281,0.39341428571428544,-28.325828571428588,0.7,1.01832,-30.044148571428586,-1.0000000000000013,2025-05
2025-05-08 13:31:00,2025-05-08 13:32:00,2025-05-08 13:42:00,TAP,SHORT,42,52.38,53.04750000000001,51.045,53.04750000000001,stop_hit,0.6675000000000012,0.4450000000000008,-28.035000000000167,0.7,1.09998,-29.834980000000165,-1.0000000000000042,2025-05
2025-05-08 13:33:00,2025-05-08 13:34:00,2025-05-08 15:35:00,TAP,LONG,32,52.655,51.79785714285714,54.369285714285716,54.369285714285716,target_hit,0.8571428571428585,0.5714285714285724,54.85714285714289,0.7,0.84248,53.314662857142885,1.999999999999998,2025-05
2025-05-08 13:35:00,2025-05-08 13:36:00,2025-05-08 14:33:00,TAP,LONG,30,52.265,51.31142857142857,54.17214285714286,54.17214285714286,target_hit,0.9535714285714292,0.6357142857142861,57.21428571428575,0.7,0.7839750000000001,55.73031071428575,2.0,2025-05
2025-05-08 13:45:00,2025-05-08 13:46:00,2025-05-08 14:28:00,TAP,LONG,37,52.44,51.65895,54.0021,54.0021,target_hit,0.7810499999999992,0.5206999999999995,57.797700000000034,0.7,0.97014,56.12756000000003,2.000000000000003,2025-05
2025-05-13 13:36:00,2025-05-13 13:37:00,2025-05-13 13:47:00,UNH,LONG,4,333.91,326.89256071428576,347.9448785714286,326.89256071428576,stop_hit,7.017439285714287,4.678292857142858,-28.069757142857043,0.7,0.6678200000000001,-29.43757714285704,-0.9999999999999962,2025-05
2025-05-15 13:31:00,2025-05-15 13:32:00,2025-05-15 13:55:00,UNH,SHORT,5,266.2,271.5522142857143,255.49557142857142,255.49557142857142,target_hit,5.352214285714281,3.5681428571428535,53.522142857142825,0.7,0.6655,52.15664285714282,2.0000000000000004,2025-05
2025-05-15 13:34:00,2025-05-15 13:35:00,2025-05-19 13:31:00,UNH,SHORT,4,262.2901,269.3635857142857,248.14312857142858,269.3635857142857,stop_hit,7.0734857142857095,4.71565714285714,-28.293942857142838,0.7,0.5245802,-29.518523057142836,-1.0,2025-05
2025-05-15 13:36:00,2025-05-15 13:37:00,2025-05-15 14:48:00,UNH,LONG,3,258.29,249.85407500000002,275.16185,249.85407500000002,stop_hit,8.435924999999994,5.623949999999995,-25.307774999999992,0.7,0.3874350000000001,-26.39520999999999,-1.0000000000000004,2025-05
2025-05-15 13:37:00,2025-05-15 13:38:00,2025-05-19 13:31:00,UNH,LONG,3,257.5697,248.5552142857143,275.59867142857144,275.59867142857144,target_hit,9.014485714285714,6.009657142857143,54.08691428571427,0.7,0.38635455,53.00055973571427,1.9999999999999996,2025-05
2025-05-15 13:38:00,2025-05-15 13:39:00,2025-05-15 14:48:00,UNH,LONG,3,259.42,249.81247857142858,278.6350428571429,249.81247857142858,stop_hit,9.607521428571424,6.405014285714283,-28.822564285714293,0.7,0.38913,-29.911694285714294,-1.0000000000000007,2025-05
2025-05-15 13:39:00,2025-05-15 13:40:00,2025-05-19 13:31:00,UNH,LONG,2,257.77,247.8373107142857,277.63537857142853,277.63537857142853,target_hit,9.932689285714282,6.621792857142855,39.7307571428571,0.7,0.25777,38.7729871428571,1.9999999999999987,2025-05
2025-05-15 13:40:00,2025-05-15 13:41:00,2025-05-15 14:32:00,UNH,LONG,2,262.89,252.673125,283.32374999999996,252.673125,stop_hit,10.216874999999995,6.811249999999997,-20.433749999999975,0.7,0.26289,-21.396639999999973,-0.9999999999999993,2025-05
2025-05-15 13:43:00,2025-05-15 13:44:00,2025-05-15 14:47:00,UNH,LONG,2,261.85,250.07598571428574,285.3980285714286,250.07598571428574,stop_hit,11.774014285714284,7.849342857142856,-23.548028571428574,0.7,0.26185,-24.509878571428573,-1.0000000000000002,2025-05
2025-05-15 13:48:00,2025-05-15 13:49:00,2025-05-15 14:32:00,UNH,LONG,4,259.0,252.24403214285715,272.5119357142857,252.24403214285715,stop_hit,6.7559678571428545,4.503978571428569,-27.023871428571397,0.7,0.518,-28.241871428571397,-0.9999999999999992,2025-05
2025-05-06 13:35:00,2025-05-06 13:36:00,2025-05-06 13:55:00,VRTX,LONG,3,449.74,440.99158214285717,467.2368357142857,440.99158214285717,stop_hit,8.748417857142853,5.832278571428568,-26.24525357142852,0.7,0.67461,-27.61986357142852,-0.9999999999999986,2025-05
2025-05-06 13:46:00,2025-05-06 13:47:00,2025-05-06 13:55:00,VRTX,LONG,4,446.4,439.8845678571428,459.4308642857143,439.8845678571428,stop_hit,6.515432142857149,4.343621428571432,-26.061728571428603,0.7,0.8927999999999999,-27.654528571428603,-1.0000000000000002,2025-05
2025-05-23 13:31:00,2025-05-23 13:32:00,2025-05-23 13:37:00,WDAY,SHORT,7,237.1207,241.05768571428572,229.24672857142855,241.05768571428572,stop_hit,3.9369857142857185,2.6246571428571457,-27.55890000000008,0.7,0.8299224500000001,-29.08882245000008,-1.0000000000000018,2025-05
2025-05-22 13:39:00,2025-05-22 13:40:00,2025-05-22 13:45:00,WSM,SHORT,7,148.6,152.331025,141.13795,152.331025,stop_hit,3.7310250000000096,2.4873500000000064,-26.117175000000117,0.7,0.5201,-27.337275000000115,-1.000000000000002,2025-05
2025-05-22 13:42:00,2025-05-22 13:43:00,2025-05-22 15:10:00,WSM,LONG,6,150.82,146.49917499999998,159.46165,159.46165,target_hit,4.320825000000003,2.8805500000000017,51.84989999999999,0.7,0.45246,50.697439999999986,1.9999999999999984,2025-05
2025-05-05 13:35:00,2025-05-05 13:36:00,2025-05-05 13:42:00,ZBH,SHORT,22,93.2334,94.49225357142858,90.71569285714286,90.71569285714286,target_hit,1.2588535714285736,0.8392357142857156,55.38955714285726,0.7,1.0255674000000001,53.663989742857254,2.000000000000001,2025-05
2025-05-05 13:36:00,2025-05-05 13:37:00,2025-05-05 13:45:00,ZBH,SHORT,21,92.2,93.5531392857143,89.49372142857143,93.5531392857143,stop_hit,1.3531392857142874,0.9020928571428583,-28.41592500000013,0.7,0.9681000000000001,-30.08402500000013,-1.0000000000000033,2025-05
2025-06-20 13:31:00,2025-06-20 13:32:00,2025-06-20 13:38:00,ACN,SHORT,6,281.72,286.3537785714286,272.4524428571429,286.3537785714286,stop_hit,4.633778571428566,3.089185714285711,-27.802671428571557,0.7,0.8451600000000001,-29.347831428571556,-1.0000000000000058,2025-06
2025-06-11 14:58:00,2025-06-11 14:59:00,2025-06-11 15:01:00,BRO,SHORT,183,104.28,104.43589285714286,103.96821428571428,104.43589285714286,stop_hit,0.1558928571428585,0.10392857142857233,-28.528392857143288,1.281,9.541620000000002,-39.35101285714329,-1.0000000000000064,2025-06
2025-06-24 13:31:00,2025-06-24 13:32:00,2025-06-24 15:53:00,CCL,LONG,72,26.01,25.619442857142857,26.791114285714286,25.81,time_exit,0.3905571428571424,0.26037142857142825,-14.400000000000205,0.7,0.9363600000000001,-16.036360000000204,-0.5120889571674244,2025-06
2025-06-24 13:32:00,2025-06-24 13:33:00,2025-06-24 15:53:00,CCL,LONG,64,25.905,25.47105,26.7729,25.81,time_exit,0.4339499999999993,0.2892999999999995,-6.080000000000155,0.7,0.82896,-7.608960000000155,-0.21891923032608035,2025-06
2025-06-20 13:34:00,2025-06-20 13:35:00,2025-06-23 14:13:00,COIN,SHORT,4,305.57,312.3659214285714,291.9781571428571,312.3659214285714,stop_hit,6.795921428571437,4.530614285714291,-27.18368571428573,0.7,0.61114,-28.494825714285728,-0.9999999999999993,2025-06
2025-06-20 14:07:00,2025-06-20 14:08:00,2025-06-20 14:24:00,COIN,LONG,12,306.49,304.25172142857144,310.96655714285714,304.25172142857144,stop_hit,2.238278571428566,1.4921857142857107,-26.859342857142792,0.7,1.83894,-29.398282857142792,-1.0,2025-06
2025-06-24 14:06:00,2025-06-24 14:07:00,2025-06-24 14:18:00,COIN,LONG,7,333.56,329.64579285714285,341.3884142857143,329.64579285714285,stop_hit,3.914207142857149,2.6094714285714327,-27.39945000000006,0.7,1.1674600000000002,-29.26691000000006,-1.0000000000000007,2025-06
2025-06-24 14:07:00,2025-06-24 14:08:00,2025-06-24 14:18:00,COIN,LONG,7,333.33,329.5197214285714,340.9505571428571,329.5197214285714,stop_hit,3.8102785714285807,2.5401857142857205,-26.67194999999998,0.7,1.166655,-28.53860499999998,-0.9999999999999969,2025-06
2025-06-24 14:08:00,2025-06-24 14:09:00,2025-06-24 14:18:00,COIN,LONG,7,333.16,329.4450785714286,340.5898428571429,329.4450785714286,stop_hit,3.71492142857144,2.476614285714293,-26.004449999999906,0.7,1.16606,-27.870509999999907,-0.9999999999999933,2025-06
2025-06-24 14:09:00,2025-06-24 14:10:00,2025-06-25 13:31:00,COIN,LONG,7,331.97,328.3043642857143,339.30127142857145,339.30127142857145,target_hit,3.6656357142857274,2.4437571428571516,51.318899999999985,0.7,1.161895,49.45700499999998,1.9999999999999922,2025-06
2025-06-04 14:06:00,2025-06-04 14:07:00,2025-06-04 14:12:00,CRWD,LONG,8,456.25,453.21875714285716,462.31248571428574,462.31248571428574,target_hit,3.031242857142871,2.0208285714285807,48.49988571428594,0.7,1.825,45.97488571428593,2.0,2025-06
2025-06-23 14:45:00,2025-06-23 14:46:00,2025-06-23 15:03:00,DASH,SHORT,52,228.78,229.30497857142856,227.73004285714288,229.30497857142856,stop_hit,0.5249785714285653,0.3499857142857102,-27.298885714285234,0.7,5.94828,-33.947165714285234,-0.9999999999999941,2025-06
2025-06-03 13:31:00,2025-06-03 13:32:00,2025-06-03 13:33:00,DG,SHORT,18,107.83,109.26382857142858,104.96234285714286,109.26382857142858,stop_hit,1.4338285714285703,0.9558857142857136,-25.808914285714394,0.7,0.97047,-27.479384285714392,-1.0000000000000049,2025-06
2025-06-03 14:05:00,2025-06-03 14:06:00,2025-06-03 14:09:00,DG,LONG,34,111.68,110.89360357142859,113.25279285714286,110.89360357142859,stop_hit,0.7863964285714262,0.5242642857142842,-26.73747857142834,0.7,1.8985600000000002,-29.33603857142834,-0.9999999999999943,2025-06
2025-06-03 14:06:00,2025-06-03 14:07:00,2025-06-03 14:10:00,DG,LONG,33,111.42,110.61378214285715,113.03243571428571,110.61378214285715,stop_hit,0.8062178571428552,0.5374785714285701,-26.605189285714204,0.7,1.83843,-29.143619285714202,-0.9999999999999993,2025-06
2025-06-04 13:47:00,2025-06-04 13:48:00,2025-06-04 13:56:00,DLTR,LONG,20,89.245,87.95569642857143,91.82360714285714,87.95569642857143,stop_hit,1.2893035714285719,0.8595357142857145,-25.786071428571518,0.7,0.8924500000000001,-27.378521428571517,-1.000000000000003,2025-06
2025-06-27 15:37:00,2025-06-27 15:38:00,2025-06-27 15:42:00,EL,SHORT,145,81.17,81.34927142857143,80.81145714285715,81.34927142857143,stop_hit,0.17927142857142797,0.11951428571428531,-25.994357142856686,1.0150000000000001,5.884825,-32.894182142856685,-0.9999999999999858,2025-06
2025-06-13 14:42:00,2025-06-13 14:43:00,2025-06-13 14:55:00,EMN,SHORT,215,77.65,77.76952857142858,77.41094285714287,77.76952857142858,stop_hit,0.11952857142856843,0.07968571428571229,-25.698642857143525,1.5050000000000001,8.347375,-35.55101785714352,-1.000000000000051,2025-06
2025-06-17 13:36:00,2025-06-17 13:37:00,2025-06-17 13:49:00,ENPH,SHORT,17,33.26,34.69454642857143,30.39090714285714,34.69454642857143,stop_hit,1.4345464285714278,0.9563642857142851,-24.38728928571431,0.7,0.28270999999999996,-25.36999928571431,-1.0000000000000016,2025-06
2025-06-17 13:37:00,2025-06-17 13:38:00,2025-06-17 13:50:00,ENPH,SHORT,16,33.61,35.11418928571428,30.601621428571427,35.11418928571428,stop_hit,1.5041892857142856,1.002792857142857,-24.067028571428523,0.7,0.26888,-25.03590857142852,-0.9999999999999981,2025-06
2025-06-17 13:47:00,2025-06-17 13:48:00,2025-06-17 14:31:00,ENPH,LONG,40,34.5099,33.89111785714286,35.74746428571429,33.89111785714286,stop_hit,0.6187821428571423,0.41252142857142815,-24.7512857142857,0.7,0.6901980000000001,-26.141483714285698,-1.0000000000000004,2025-06
2025-06-17 13:50:00,2025-06-17 13:51:00,2025-06-17 14:08:00,ENPH,LONG,39,35.16,34.532892857142855,36.41421428571428,34.532892857142855,stop_hit,0.6271071428571422,0.41807142857142815,-24.45717857142853,0.7,0.6856199999999999,-25.842798571428528,-0.9999999999999993,2025-06
2025-06-26 14:09:00,2025-06-26 14:10:00,2025-06-26 15:02:00,ENPH,LONG,56,42.0406,41.612671428571424,42.89645714285714,42.89645714285714,target_hit,0.42792857142857066,0.28528571428571375,47.92799999999983,0.7,1.1771368,46.050863199999824,1.9999999999999964,2025-06
2025-06-13 14:37:00,2025-06-13 14:38:00,2025-06-13 14:41:00,EXPE,SHORT,81,166.79,167.09579642857142,166.17840714285714,167.09579642857142,stop_hit,0.3057964285714212,0.2038642857142808,-24.76951071428553,0.7,6.754995,-32.22450571428553,-1.0000000000000167,2025-06
2025-06-17 13:31:00,2025-06-17 13:32:00,2025-06-17 13:47:00,FSLR,SHORT,5,136.78,141.18372142857143,127.97255714285714,141.18372142857143,stop_hit,4.403721428571426,2.9358142857142844,-22.01860714285715,0.7,0.34195,-23.06055714285715,-1.0000000000000009,2025-06
2025-06-17 13:32:00,2025-06-17 13:33:00,2025-06-17 13:51:00,FSLR,SHORT,5,138.71,143.4239,129.28220000000002,143.4239,stop_hit,4.713899999999999,3.1425999999999994,-23.569499999999977,0.7,0.34677500000000006,-24.616274999999977,-0.9999999999999992,2025-06
2025-06-17 13:38:00,2025-06-17 13:39:00,2025-06-17 13:50:00,FSLR,SHORT,4,137.2628,142.85379285714285,126.08081428571428,142.85379285714285,stop_hit,5.590992857142858,3.727328571428572,-22.363971428571404,0.7,0.2745256,-23.338497028571403,-0.9999999999999988,2025-06
2025-06-17 13:46:00,2025-06-17 13:47:00,2025-06-26 13:31:00,FSLR,LONG,8,141.91,139.22337142857143,147.28325714285714,147.28325714285714,target_hit,2.686628571428574,1.791085714285716,42.986057142857135,0.7,0.56764,41.718417142857135,1.9999999999999978,2025-06
2025-06-17 13:49:00,2025-06-17 13:50:00,2025-06-17 14:43:00,FSLR,LONG,9,142.73,140.20524285714285,147.77951428571427,140.20524285714285,stop_hit,2.5247571428571436,1.683171428571429,-22.722814285714264,0.7,0.642285,-24.065099285714265,-0.9999999999999988,2025-06
2025-06-17 13:52:00,2025-06-17 13:53:00,2025-06-17 14:50:00,FSLR,LONG,9,142.59,139.94433214285715,147.8813357142857,139.94433214285715,stop_hit,2.645667857142855,1.76377857142857,-23.811010714285686,0.7,0.641655,-25.152665714285686,-0.9999999999999997,2025-06
2025-06-30 13:34:00,2025-06-30 13:35:00,2025-06-30 15:53:00,FTV,SHORT,9,51.035,53.405385714285714,46.29422857142856,51.53,time_exit,2.370385714285716,1.5802571428571441,-4.455000000000041,0.7,0.2296575,-5.384657500000041,-0.20882677321955012,2025-06
2025-06-30 13:38:00,2025-06-30 13:39:00,2025-06-30 15:53:00,FTV,SHORT,9,51.11,53.65316428571429,46.023671428571426,51.53,time_exit,2.5431642857142878,1.6954428571428584,-3.7800000000000153,0.7,0.229995,-4.709995000000015,-0.1651485916027002,2025-06
2025-06-25 15:47:00,2025-06-25 15:48:00,2025-06-25 15:49:00,GIS,SHORT,240,51.425,51.523025,51.22895,51.523025,stop_hit,0.09802499999999956,0.0653499999999997,-23.525999999999954,1.68,6.171,-31.376999999999953,-1.0000000000000024,2025-06
2025-06-30 14:54:00,2025-06-30 14:55:00,2025-06-30 15:03:00,GS,SHORT,26,706.77,707.644725,705.02055,705.02055,target_hit,0.8747250000000202,0.5831500000000135,45.485700000000634,0.7,9.18801,35.59769000000063,1.9999999999999818,2025-06
2025-06-30 15:00:00,2025-06-30 15:01:00,2025-06-30 15:13:00,GS,SHORT,34,705.56,706.2425162857143,704.1949674285714,704.1949674285714,target_hit,0.6825162857142817,0.45501085714285444,46.411107428569494,0.7,11.99452,33.71658742856949,1.9999999999999285,2025-06
2025-06-30 15:21:00,2025-06-30 15:22:00,2025-06-30 15:26:00,GS,SHORT,28,705.245,706.0826642857143,703.5696714285714,706.0826642857143,stop_hit,0.8376642857143031,0.5584428571428687,-23.454599999999118,0.7,9.87343,-34.02802999999912,-0.9999999999999417,2025-06
2025-06-30 15:51:00,2025-06-30 15:52:00,2025-06-30 15:53:00,GS,SHORT,34,708.905,709.5863107142857,707.5423785714286,708.84,time_exit,0.6813107142856967,0.4542071428571311,2.20999999999799,0.7,12.051385,-10.541385000002009,0.09540434142165007,2025-06
2025-06-17 13:54:00,2025-06-17 13:55:00,2025-06-17 15:53:00,JBL,LONG,10,199.98,197.72592857142857,204.48814285714286,202.98,time_exit,2.2540714285714327,1.5027142857142886,30.0,0.7,0.9999,28.3001,1.3309249928700422,2025-06
2025-06-17 14:05:00,2025-06-17 14:06:00,2025-06-17 15:35:00,JBL,LONG,16,202.23,200.82412499999998,205.04175,200.82412499999998,stop_hit,1.4058750000000027,0.9372500000000018,-22.494000000000142,0.7,1.61784,-24.811840000000142,-1.0000000000000044,2025-06
2025-06-17 14:09:00,2025-06-17 14:10:00,2025-06-17 15:53:00,JBL,LONG,15,201.505,200.02703928571427,204.46092142857142,202.98,time_exit,1.4779607142857196,0.9853071428571464,22.124999999999915,0.7,1.5112875,19.913712499999917,0.9979967571146462,2025-06
2025-06-11 14:06:00,2025-06-11 14:07:00,2025-06-11 14:16:00,LMT,LONG,13,451.301,449.5906627142857,454.7216745714286,449.5906627142857,stop_hit,1.7103372857143029,1.1402248571428686,-22.234384714285568,0.7,2.9334564999999997,-25.867841214285566,-0.9999999999999833,2025-06
2025-06-13 14:42:00,2025-06-13 14:43:00,2025-06-13 14:53:00,MAS,SHORT,311,62.375,62.450535714285714,62.22392857142857,62.450535714285714,stop_hit,0.07553571428571335,0.050357142857142226,-23.491607142856928,2.177,9.6993125,-35.367919642856926,-1.0000000000000033,2025-06
2025-06-06 14:01:00,2025-06-06 14:02:00,2025-06-06 14:05:00,MGM,SHORT,432,31.845,31.89852857142857,31.73794285714286,31.89852857142857,stop_hit,0.053528571428570385,0.03568571428571359,-23.12434285714312,3.024,6.87852,-33.02686285714312,-1.0000000000000309,2025-06
2025-06-27 15:42:00,2025-06-27 15:43:00,2025-06-27 15:48:00,NEM,SHORT,274,56.7,56.78304642857143,56.533907142857146,56.78304642857143,stop_hit,0.08304642857142877,0.05536428571428585,-22.754721428571415,1.9180000000000001,7.767900000000001,-32.44062142857142,-0.999999999999997,2025-06
2025-06-06 14:36:00,2025-06-06 14:37:00,2025-06-06 14:40:00,SYF,SHORT,342,58.9,58.9657,58.7686,58.9657,stop_hit,0.06570000000000066,0.04380000000000044,-22.46939999999988,2.394,10.0719,-34.93529999999988,-0.9999999999999846,2025-06
2025-06-13 13:47:00,2025-06-13 13:48:00,2025-06-13 13:58:00,SYF,SHORT,114,60.15,60.34331785714286,59.76336428571428,59.76336428571428,target_hit,0.19331785714285843,0.12887857142857229,44.07647142857172,0.798,3.42855,39.84992142857172,2.0,2025-06
2025-06-13 15:05:00,2025-06-13 15:06:00,2025-06-13 15:08:00,TECH,SHORT,301,50.87,50.94481785714286,50.72036428571428,50.94481785714286,stop_hit,0.07481785714285902,0.049878571428572674,-22.520175000001174,2.107,7.6559349999999995,-32.28311000000117,-1.000000000000027,2025-06
2025-06-13 15:50:00,2025-06-13 15:51:00,2025-06-16 13:31:00,WYNN,SHORT,185,84.865,84.98446428571428,84.62607142857142,84.98446428571428,stop_hit,0.11946428571428365,0.07964285714285577,-22.100892857143037,1.295,7.8500125,-31.245905357143037,-1.0000000000000255,2025-06
2025-07-28 13:44:00,2025-07-28 13:45:00,2025-07-28 15:10:00,ALB,SHORT,20,77.94,79.00617857142856,75.80764285714287,75.80764285714287,target_hit,1.0661785714285692,0.7107857142857128,42.647142857142626,0.7,0.7794,41.16774285714262,1.9999999999999933,2025-07
2025-07-31 13:43:00,2025-07-31 13:44:00,2025-07-31 15:53:00,BLDR,LONG,6,121.74,118.15505357142857,128.90989285714284,123.545,time_exit,3.5849464285714276,2.389964285714285,10.830000000000041,0.7,0.36522,9.76478000000004,0.50349427417226,2025-07
2025-07-31 13:47:00,2025-07-31 13:48:00,2025-07-31 15:53:00,BLDR,LONG,11,123.71,121.67675,127.77649999999998,123.545,time_exit,2.033249999999997,1.3554999999999982,-1.8149999999999125,0.7,0.680405,-3.1954049999999126,-0.08115086683880107,2025-07
2025-07-18 14:08:00,2025-07-18 14:09:00,2025-07-18 14:16:00,COIN,LONG,8,442.3817,439.67458571428574,447.7959285714286,439.67458571428574,stop_hit,2.707114285714283,1.8047428571428554,-21.656914285714265,0.7,1.7695268000000002,-24.126441085714266,-1.0,2025-07
2025-07-18 14:09:00,2025-07-18 14:10:00,2025-07-18 14:16:00,COIN,LONG,7,442.6888,439.91653214285714,448.2333357142857,439.91653214285714,stop_hit,2.7722678571428583,1.8481785714285723,-19.40587500000015,0.7,1.5494108000000002,-21.65528580000015,-1.0000000000000073,2025-07
2025-07-25 13:42:00,2025-07-25 13:43:00,2025-07-25 15:53:00,DECK,LONG,5,119.65,115.30541071428571,128.3391785714286,117.39,time_exit,4.34458928571429,2.89639285714286,-11.300000000000026,0.7,0.29912500000000003,-12.299125000000025,-0.5201872608375778,2025-07
2025-07-31 14:06:00,2025-07-31 14:07:00,2025-07-31 14:11:00,DXCM,LONG,31,85.23,84.52746428571429,86.63507142857144,84.52746428571429,stop_hit,0.7025357142857129,0.468357142857142,-21.778607142857197,0.7,1.3210650000000002,-23.799672142857197,-1.0000000000000044,2025-07
2025-07-17 13:43:00,2025-07-17 13:44:00,2025-07-17 14:00:00,ELV,LONG,3,307.5,301.5615321428571,319.37693571428576,301.5615321428571,stop_hit,5.93846785714287,3.95897857142858,-17.815403571428647,0.7,0.46125,-18.976653571428646,-1.000000000000002,2025-07
2025-07-17 13:47:00,2025-07-17 13:48:00,2025-07-17 13:59:00,ELV,LONG,5,306.45,302.5247464285714,314.30050714285716,302.5247464285714,stop_hit,3.925253571428576,2.6168357142857173,-19.62626785714292,0.7,0.7661250000000001,-21.09239285714292,-1.000000000000002,2025-07
2025-07-17 13:48:00,2025-07-17 13:49:00,2025-07-17 13:59:00,ELV,LONG,5,306.99,303.1584964285714,314.6530071428572,303.1584964285714,stop_hit,3.831503571428576,2.5543357142857173,-19.15751785714292,0.7,0.767475,-20.62499285714292,-1.000000000000002,2025-07
2025-07-08 13:49:00,2025-07-08 13:50:00,2025-07-08 14:04:00,ENPH,LONG,43,40.779,40.29879642857143,41.73940714285715,40.29879642857143,stop_hit,0.4802035714285718,0.3201357142857145,-20.648753571428728,0.7,0.8767485,-22.22550207142873,-1.0000000000000069,2025-07
2025-07-24 13:32:00,2025-07-24 13:33:00,2025-07-24 15:53:00,IBM,SHORT,4,258.17,262.61160714285717,249.2867857142857,258.835,time_exit,4.441607142857144,2.9610714285714295,-2.6599999999998545,0.7,0.51634,-3.8763399999998547,-0.14972058054918164,2025-07
2025-07-30 14:14:00,2025-07-30 14:15:00,2025-07-30 14:20:00,ODFL,SHORT,12,147.4679,149.13803214285713,144.1276357142857,149.13803214285713,stop_hit,1.6701321428571387,1.113421428571426,-20.041585714285702,0.7,0.8848073999999999,-21.6263931142857,-1.0000000000000018,2025-07
2025-07-30 14:19:00,2025-07-30 14:20:00,2025-07-30 15:53:00,ODFL,SHORT,9,149.525,151.5761642857143,145.42267142857142,147.43,time_exit,2.05116428571429,1.36744285714286,18.85499999999999,0.7,0.6728625,17.48213749999999,1.0213711376465604,2025-07
2025-07-29 13:48:00,2025-07-29 13:49:00,2025-07-29 14:03:00,PYPL,LONG,26,73.054,72.27999271428571,74.60201457142858,72.27999271428571,stop_hit,0.7740072857142876,0.5160048571428584,-20.124189428571555,0.7,0.949702,-21.773891428571552,-1.0000000000000038,2025-07
2025-07-30 13:48:00,2025-07-30 13:49:00,2025-07-30 15:53:00,STX,LONG,11,143.68,141.89508571428573,147.2498285714286,145.98,time_exit,1.7849142857142883,1.189942857142859,25.299999999999812,0.7,0.79024,23.809759999999812,1.2885772826226034,2025-07
2025-07-23 13:52:00,2025-07-23 13:53:00,2025-07-23 14:25:00,TEL,LONG,18,194.78,193.6405357142857,197.05892857142857,197.05892857142857,target_hit,1.1394642857142878,0.7596428571428585,41.02071428571418,0.7,1.75302,38.567694285714175,1.9999999999999911,2025-07
2025-07-30 14:04:00,2025-07-30 14:05:00,2025-07-30 14:10:00,TER,LONG,18,106.4,105.28810357142858,108.62379285714286,105.28810357142858,stop_hit,1.111896428571429,0.741264285714286,-20.014135714285686,0.7,0.9576,-21.671735714285685,-0.9999999999999982,2025-07
2025-07-30 14:08:00,2025-07-30 14:09:00,2025-07-30 14:11:00,TER,LONG,20,105.95,104.95613214285714,107.93773571428572,104.95613214285714,stop_hit,0.9938678571428602,0.6625785714285735,-19.877357142857193,0.7,1.0595,-21.636857142857192,-0.9999999999999994,2025-07
2025-08-22 13:33:00,2025-08-22 13:34:00,2025-08-22 13:49:00,ALB,LONG,65,78.387,78.07076785714285,79.01946428571429,79.01946428571429,target_hit,0.31623214285714546,0.2108214285714303,41.110178571428975,0.7,2.5475775,37.86260107142897,2.000000000000003,2025-08
2025-08-07 14:07:00,2025-08-07 14:08:00,2025-08-07 14:39:00,AMD,LONG,24,171.62,170.7538357142857,173.35232857142856,170.7538357142857,stop_hit,0.8661642857142807,0.5774428571428538,-20.78794285714298,0.7,2.05944,-23.547382857142978,-1.0000000000000118,2025-08
2025-08-07 14:08:00,2025-08-07 14:09:00,2025-08-07 15:09:00,AMD,LONG,23,171.2799,170.4138,173.01209999999998,173.01209999999998,target_hit,0.8660999999999959,0.5773999999999972,39.84059999999948,0.7,1.96971885,37.17088114999948,1.9999999999999836,2025-08
2025-08-12 13:48:00,2025-08-12 13:49:00,2025-08-12 15:39:00,CAH,LONG,13,142.4,140.8835107142857,145.4329785714286,145.4329785714286,target_hit,1.5164892857142942,1.0109928571428628,39.428721428571805,0.7,0.9256000000000001,37.8031214285718,2.000000000000008,2025-08
2025-08-12 14:05:00,2025-08-12 14:06:00,2025-08-12 14:10:00,CAH,LONG,22,144.285,143.33523214285714,146.18453571428572,143.33523214285714,stop_hit,0.9497678571428564,0.6331785714285709,-20.894892857142906,0.7,1.587135,-23.182027857142906,-1.000000000000003,2025-08
2025-08-07 14:08:00,2025-08-07 14:09:00,2025-08-07 14:30:00,COIN,LONG,10,313.53,311.5114714285714,317.5670571428571,311.5114714285714,stop_hit,2.0185285714285737,1.3456857142857157,-20.185285714285897,0.7,1.56765,-22.452935714285896,-1.000000000000008,2025-08
2025-08-07 13:47:00,2025-08-07 13:48:00,2025-08-07 14:01:00,ENPH,LONG,58,31.77,31.412282142857144,32.485435714285714,31.412282142857144,stop_hit,0.3577178571428563,0.23847857142857087,-20.747635714285614,0.7,0.9213300000000001,-22.368965714285615,-0.9999999999999976,2025-08
2025-08-08 13:42:00,2025-08-08 13:43:00,2025-08-08 15:53:00,EXPE,LONG,3,197.23,190.57775714285714,210.53448571428572,194.98,time_exit,6.6522428571428645,4.434828571428576,-6.75,0.7,0.29584499999999997,-7.745845,-0.338231788634123,2025-08
2025-08-07 13:32:00,2025-08-07 13:33:00,2025-08-07 15:53:00,FTNT,LONG,7,71.89,69.20020000000001,77.2696,72.3,time_exit,2.6897999999999964,1.7931999999999977,2.869999999999976,0.7,0.25161500000000003,1.9183849999999758,0.15242768979106147,2025-08
2025-08-06 15:12:00,2025-08-06 15:13:00,2025-08-06 15:53:00,IFF,SHORT,26,65.375,66.14589285714285,63.83321428571429,65.225,time_exit,0.7708928571428556,0.5139285714285704,3.900000000000148,0.7,0.849875,2.3501250000001477,0.19457956914524752,2025-08
2025-08-15 13:53:00,2025-08-15 13:54:00,2025-08-15 14:16:00,INTC,LONG,70,24.295,24.00074178571429,24.883516428571426,24.883516428571426,target_hit,0.29425821428571286,0.1961721428571419,41.196149999999676,0.7,0.8503250000000001,39.645824999999675,1.999999999999994,2025-08
2025-08-15 13:55:00,2025-08-15 13:56:00,2025-08-15 14:20:00,INTC,LONG,68,24.34,24.03214535714286,24.95570928571428,24.95570928571428,target_hit,0.30785464285714137,0.20523642857142757,41.868231428571136,0.7,0.82756,40.340671428571135,1.9999999999999958,2025-08
2025-08-15 13:56:00,2025-08-15 13:57:00,2025-08-15 13:59:00,INTC,LONG,65,24.4653,24.136016785714286,25.123866428571425,24.136016785714286,stop_hit,0.3292832142857127,0.2195221428571418,-21.40340892857134,0.7,0.79512225,-22.89853117857134,-1.0000000000000007,2025-08
2025-08-19 13:43:00,2025-08-19 13:44:00,2025-08-19 14:34:00,INTC,LONG,47,25.955,25.505546428571428,26.853907142857143,25.505546428571428,stop_hit,0.4494535714285715,0.29963571428571434,-21.124317857142806,0.7,0.6099425,-22.434260357142804,-0.9999999999999974,2025-08
2025-08-08 13:48:00,2025-08-08 13:49:00,2025-08-08 14:01:00,MCHP,LONG,35,62.12,61.51596071428571,63.32807857142857,63.32807857142857,target_hit,0.604039285714286,0.4026928571428573,42.282750000000036,0.7,1.0871,40.49565000000003,2.000000000000001,2025-08
2025-08-06 13:49:00,2025-08-06 13:50:00,2025-08-06 14:16:00,MTCH,LONG,55,37.675,37.28737857142857,38.450242857142854,38.450242857142854,target_hit,0.38762142857142967,0.25841428571428643,42.63835714285712,0.7,1.0360625,40.902294642857115,1.9999999999999931,2025-08
2025-08-06 13:39:00,2025-08-06 13:40:00,2025-08-06 14:42:00,NRG,LONG,7,151.5501,148.69151785714286,157.26726428571428,148.69151785714286,stop_hit,2.858582142857141,1.9057214285714272,-20.010074999999915,0.7,0.53042535,-21.240500349999916,-0.9999999999999964,2025-08
2025-08-06 13:40:00,2025-08-06 13:41:00,2025-08-06 14:26:00,NRG,LONG,7,152.655,149.6508107142857,158.66337857142858,149.6508107142857,stop_hit,3.004189285714285,2.0027928571428566,-21.02932500000003,0.7,0.5342925000000001,-22.263617500000027,-1.0000000000000016,2025-08
2025-08-06 13:44:00,2025-08-06 13:45:00,2025-08-06 14:42:00,NRG,LONG,7,151.24,148.23807142857143,157.24385714285717,148.23807142857143,stop_hit,3.0019285714285715,2.0012857142857143,-21.01350000000005,0.7,0.52934,-22.24284000000005,-1.0000000000000024,2025-08
2025-08-06 13:46:00,2025-08-06 13:47:00,2025-08-06 14:45:00,NRG,SHORT,7,152.7603,155.43972857142856,147.40144285714285,147.40144285714285,target_hit,2.6794285714285695,1.786285714285713,37.51200000000003,0.7,0.5346610500000001,36.27733895000003,2.000000000000003,2025-08
2025-08-06 13:43:00,2025-08-06 13:44:00,2025-08-06 15:26:00,TECH,LONG,18,48.4,47.200964285714285,50.798071428571426,50.798071428571426,target_hit,1.199035714285713,0.799357142857142,43.16528571428569,0.7,0.4356,42.029685714285684,2.000000000000001,2025-08
2025-08-06 13:45:00,2025-08-06 13:46:00,2025-08-06 14:15:00,TECH,LONG,25,48.28,47.406196428571434,50.02760714285714,50.02760714285714,target_hit,0.8738035714285702,0.5825357142857135,43.69017857142854,0.7,0.6035,42.38667857142854,2.0000000000000013,2025-08
2025-08-14 13:43:00,2025-08-14 13:44:00,2025-08-14 15:53:00,TPR,LONG,5,93.62,89.82691785714286,101.20616428571428,97.385,time_exit,3.7930821428571404,2.528721428571427,18.825000000000003,0.7,0.23405,17.890950000000004,0.9925964843893449,2025-08
2025-08-14 13:45:00,2025-08-14 13:46:00,2025-08-14 14:31:00,TPR,LONG,13,94.205,92.53565,97.54369999999999,97.54369999999999,target_hit,1.6693499999999974,1.1128999999999982,43.40309999999985,0.7,0.6123325,42.09076749999985,1.9999999999999962,2025-08
2025-08-07 13:49:00,2025-08-07 13:50:00,2025-08-07 15:53:00,VST,LONG,8,207.55,204.79455646428573,213.0608870714286,209.26,time_exit,2.755443535714287,1.836962357142858,13.679999999999836,0.7,0.8302,12.149799999999837,0.6205897445678198,2025-08
2025-08-07 13:52:00,2025-08-07 13:53:00,2025-08-07 14:06:00,VST,LONG,9,209.08,206.5509493214286,214.1381013571429,206.5509493214286,stop_hit,2.52905067857143,1.6860337857142866,-22.761456107142806,0.7,0.94086,-24.402316107142806,-0.9999999999999972,2025-08
2025-08-07 13:53:00,2025-08-07 13:54:00,2025-08-07 14:06:00,VST,LONG,9,209.2,206.86702075,213.8659585,206.86702075,stop_hit,2.332979250000003,1.555319500000002,-20.996813249999946,0.7,0.9414,-22.638213249999946,-0.9999999999999962,2025-08
2025-08-08 14:04:00,2025-08-08 14:05:00,2025-08-08 14:08:00,WYNN,LONG,33,107.3,106.62575,108.6485,106.62575,stop_hit,0.6742499999999976,0.4494999999999984,-22.250250000000023,0.7,1.77045,-24.720700000000022,-1.0000000000000047,2025-08
2025-08-08 14:06:00,2025-08-08 14:07:00,2025-08-08 14:17:00,WYNN,LONG,35,107.11,106.47539285714286,108.37921428571428,106.47539285714286,stop_hit,0.63460714285714,0.42307142857142666,-22.211249999999723,0.7,1.874425,-24.78567499999972,-0.999999999999992,2025-08
2025-08-08 14:08:00,2025-08-08 14:09:00,2025-08-08 14:17:00,WYNN,LONG,34,106.83,106.17610714285715,108.13778571428571,106.17610714285715,stop_hit,0.6538928571428535,0.435928571428569,-22.2323571428569,0.7,1.81611,-24.748467142856896,-0.9999999999999946,2025-08
2025-09-05 14:11:00,2025-09-05 14:12:00,2025-09-05 14:35:00,LULU,LONG,16,172.99,171.62414285714286,175.72171428571428,171.62414285714286,stop_hit,1.3658571428571418,0.9105714285714279,-21.85371428571443,0.7,1.38392,-23.93763428571443,-1.0000000000000075,2025-09
