action_id,date,symbol,timestamp,side,hold_minutes,score,paper_only,execution_assumption,context
2026-04-06|GLW|2026-04-06T09:30:00-04:00|long|8,2026-04-06,GLW,2026-04-06T09:30:00-04:00,long,8,0.732041597366333,True,next_bar_open_if_replayed,"{'pressure_k': 0.0, 'spread': 0.4399999999999977, 'depth_imb_k': -0.25306972315399784, 'micro_off': 0.0, 'spread_mean_10s': 0.44424999999999387, 'depth_imb_k_mean_10s': -0.2592998775718858, 'depth_imb_k_mean_60s': -0.2751646597940741, 'dist_vwap_bps': None, 'hl_range_pct': None, 'oc_change_pct': None, 'volume_rel_20': None, 'atr_pct': None, 'position_in_range': None, 'rsi': None, 'bb_position': None, 'ret_3': None, 'ret_10': None, 'session_bucket': 0.0}"
2026-04-06|GLW|2026-04-06T09:31:00-04:00|long|8,2026-04-06,GLW,2026-04-06T09:31:00-04:00,long,8,0.739522397518158,True,next_bar_open_if_replayed,"{'pressure_k': 0.0, 'spread': 0.46999999999999886, 'depth_imb_k': -0.0533592068043367, 'micro_off': 0.0, 'spread_mean_10s': 0.4620000000000026, 'depth_imb_k_mean_10s': 0.008664016142522967, 'depth_imb_k_mean_60s': -0.11601663778936193, 'dist_vwap_bps': None, 'hl_range_pct': None, 'oc_change_pct': None, 'volume_rel_20': None, 'atr_pct': None, 'position_in_range': None, 'rsi': None, 'bb_position': None, 'ret_3': None, 'ret_10': None, 'session_bucket': 0.0}"
2026-04-06|GLW|2026-04-06T09:32:00-04:00|long|8,2026-04-06,GLW,2026-04-06T09:32:00-04:00,long,8,0.6837868690490723,True,next_bar_open_if_replayed,"{'pressure_k': 0.0, 'spread': 0.37999999999999545, 'depth_imb_k': -0.03572709542360538, 'micro_off': 0.038000000000010914, 'spread_mean_10s': 0.4329999999999842, 'depth_imb_k_mean_10s': -0.058459947541009784, 'depth_imb_k_mean_60s': -0.060543272161750074, 'dist_vwap_bps': None, 'hl_range_pct': None, 'oc_change_pct': None, 'volume_rel_20': None, 'atr_pct': None, 'position_in_range': None, 'rsi': None, 'bb_position': None, 'ret_3': None, 'ret_10': None, 'session_bucket': 0.0}"
2026-04-06|GLW|2026-04-06T09:33:00-04:00|long|8,2026-04-06,GLW,2026-04-06T09:33:00-04:00,long,8,0.5334204435348511,True,next_bar_open_if_replayed,"{'pressure_k': 0.0, 'spread': 0.45000000000001705, 'depth_imb_k': -0.48230999625608384, 'micro_off': 0.0, 'spread_mean_10s': 0.4500000000000403, 'depth_imb_k_mean_10s': -0.5519133825500255, 'depth_imb_k_mean_60s': -0.42045826066228925, 'dist_vwap_bps': None, 'hl_range_pct': None, 'oc_change_pct': None, 'volume_rel_20': None, 'atr_pct': None, 'position_in_range': None, 'rsi': None, 'bb_position': None, 'ret_3': None, 'ret_10': None, 'session_bucket': 0.0}"
2026-04-06|GLW|2026-04-06T09:34:00-04:00|long|3,2026-04-06,GLW,2026-04-06T09:34:00-04:00,long,3,0.6960871815681458,True,next_bar_open_if_replayed,"{'pressure_k': 0.0, 'spread': 0.160000000000025, 'depth_imb_k': -0.1560398395634937, 'micro_off': 0.0, 'spread_mean_10s': 0.47324999999995043, 'depth_imb_k_mean_10s': -0.06163635883705183, 'depth_imb_k_mean_60s': -0.2863205555421153, 'dist_vwap_bps': None, 'hl_range_pct': None, 'oc_change_pct': None, 'volume_rel_20': None, 'atr_pct': None, 'position_in_range': None, 'rsi': None, 'bb_position': None, 'ret_3': None, 'ret_10': None, 'session_bucket': 0.0}"
2026-04-06|GLW|2026-04-06T09:35:00-04:00|long|5,2026-04-06,GLW,2026-04-06T09:35:00-04:00,long,5,0.6366970539093018,True,next_bar_open_if_replayed,"{'pressure_k': 0.0, 'spread': 0.2599999999999909, 'depth_imb_k': -0.10995695679255281, 'micro_off': 0.09285714285712743, 'spread_mean_10s': 0.3640000000000015, 'depth_imb_k_mean_10s': -0.12785019746575585, 'depth_imb_k_mean_60s': -0.18611677421150385, 'dist_vwap_bps': None, 'hl_range_pct': None, 'oc_change_pct': None, 'volume_rel_20': None, 'atr_pct': None, 'position_in_range': None, 'rsi': None, 'bb_position': None, 'ret_3': None, 'ret_10': None, 'session_bucket': 0.0}"
2026-04-06|GLW|2026-04-06T09:36:00-04:00|long|5,2026-04-06,GLW,2026-04-06T09:36:00-04:00,long,5,0.5371546149253845,True,next_bar_open_if_replayed,"{'pressure_k': 0.0, 'spread': 0.4000000000000057, 'depth_imb_k': 0.4938155756085159, 'micro_off': 0.11111111111111427, 'spread_mean_10s': 0.3767499999999927, 'depth_imb_k_mean_10s': 0.4041532492083533, 'depth_imb_k_mean_60s': 0.17493091661380086, 'dist_vwap_bps': None, 'hl_range_pct': None, 'oc_change_pct': None, 'volume_rel_20': None, 'atr_pct': None, 'position_in_range': None, 'rsi': None, 'bb_position': None, 'ret_3': None, 'ret_10': None, 'session_bucket': 0.0}"
2026-04-06|GLW|2026-04-06T09:37:00-04:00|long|3,2026-04-06,GLW,2026-04-06T09:37:00-04:00,long,3,0.6180745959281921,True,next_bar_open_if_replayed,"{'pressure_k': 0.0, 'spread': 0.28000000000000114, 'depth_imb_k': -0.11512213749218807, 'micro_off': -2.842170943040401e-14, 'spread_mean_10s': 0.4559999999999832, 'depth_imb_k_mean_10s': -0.05323845746937224, 'depth_imb_k_mean_60s': 0.13965168803368827, 'dist_vwap_bps': None, 'hl_range_pct': None, 'oc_change_pct': None, 'volume_rel_20': None, 'atr_pct': None, 'position_in_range': None, 'rsi': None, 'bb_position': None, 'ret_3': None, 'ret_10': None, 'session_bucket': 0.0}"
2026-04-06|GLW|2026-04-06T09:38:00-04:00|long|12,2026-04-06,GLW,2026-04-06T09:38:00-04:00,long,12,0.4869653880596161,True,next_bar_open_if_replayed,"{'pressure_k': 0.0, 'spread': 1.1200000000000045, 'depth_imb_k': 0.3063834264348389, 'micro_off': 0.3015384615384562, 'spread_mean_10s': 0.6165000000000077, 'depth_imb_k_mean_10s': 0.1823830050876495, 'depth_imb_k_mean_60s': 0.0682874445960896, 'dist_vwap_bps': None, 'hl_range_pct': None, 'oc_change_pct': None, 'volume_rel_20': None, 'atr_pct': None, 'position_in_range': None, 'rsi': None, 'bb_position': None, 'ret_3': None, 'ret_10': None, 'session_bucket': 0.0}"
2026-04-06|GLW|2026-04-06T09:39:00-04:00|long|5,2026-04-06,GLW,2026-04-06T09:39:00-04:00,long,5,0.5784477591514587,True,next_bar_open_if_replayed,"{'pressure_k': 0.0, 'spread': 0.47999999999998977, 'depth_imb_k': 0.3318657484154243, 'micro_off': 0.07999999999998408, 'spread_mean_10s': 0.5760000000000047, 'depth_imb_k_mean_10s': 0.12899796360614388, 'depth_imb_k_mean_60s': 0.06937801820340528, 'dist_vwap_bps': None, 'hl_range_pct': None, 'oc_change_pct': None, 'volume_rel_20': None, 'atr_pct': None, 'position_in_range': None, 'rsi': None, 'bb_position': None, 'ret_3': None, 'ret_10': None, 'session_bucket': 0.0}"
2026-04-06|GLW|2026-04-06T09:40:00-04:00|long|12,2026-04-06,GLW,2026-04-06T09:40:00-04:00,long,12,0.5694875717163086,True,next_bar_open_if_replayed,"{'pressure_k': 0.0, 'spread': 0.6899999999999977, 'depth_imb_k': 0.24651651232246835, 'micro_off': 0.17250000000001364, 'spread_mean_10s': 0.5143589743589905, 'depth_imb_k_mean_10s': 0.2978146279024929, 'depth_imb_k_mean_60s': 0.37319468065928824, 'dist_vwap_bps': None, 'hl_range_pct': None, 'oc_change_pct': None, 'volume_rel_20': None, 'atr_pct': None, 'position_in_range': None, 'rsi': None, 'bb_position': None, 'ret_3': None, 'ret_10': None, 'session_bucket': 0.0}"
2026-04-06|GLW|2026-04-06T09:41:00-04:00|long|8,2026-04-06,GLW,2026-04-06T09:41:00-04:00,long,8,0.5141855478286743,True,next_bar_open_if_replayed,"{'pressure_k': 0.0, 'spread': 0.37000000000000455, 'depth_imb_k': -0.15879947249099827, 'micro_off': -0.1513636363636408, 'spread_mean_10s': 0.4925000000000068, 'depth_imb_k_mean_10s': -0.1934011948616309, 'depth_imb_k_mean_60s': 0.03070963200931954, 'dist_vwap_bps': None, 'hl_range_pct': None, 'oc_change_pct': None, 'volume_rel_20': None, 'atr_pct': None, 'position_in_range': None, 'rsi': None, 'bb_position': None, 'ret_3': None, 'ret_10': None, 'session_bucket': 0.0}"
2026-04-06|GLW|2026-04-06T09:42:00-04:00|long|5,2026-04-06,GLW,2026-04-06T09:42:00-04:00,long,5,0.49162423610687256,True,next_bar_open_if_replayed,"{'pressure_k': 0.0, 'spread': 0.38999999999998636, 'depth_imb_k': 0.15691801894270846, 'micro_off': 0.0, 'spread_mean_10s': 0.289999999999975, 'depth_imb_k_mean_10s': 0.09001723858235806, 'depth_imb_k_mean_60s': -0.058390527485817946, 'dist_vwap_bps': None, 'hl_range_pct': None, 'oc_change_pct': None, 'volume_rel_20': None, 'atr_pct': None, 'position_in_range': None, 'rsi': None, 'bb_position': None, 'ret_3': None, 'ret_10': None, 'session_bucket': 0.0}"
2026-04-06|GLW|2026-04-06T09:43:00-04:00|long|8,2026-04-06,GLW,2026-04-06T09:43:00-04:00,long,8,0.4861815869808197,True,next_bar_open_if_replayed,"{'pressure_k': 0.0, 'spread': 0.3299999999999841, 'depth_imb_k': 0.31392668635569515, 'micro_off': 0.0, 'spread_mean_10s': 0.30499999999995, 'depth_imb_k_mean_10s': 0.30230698785756116, 'depth_imb_k_mean_60s': 0.19264370710047538, 'dist_vwap_bps': None, 'hl_range_pct': None, 'oc_change_pct': None, 'volume_rel_20': None, 'atr_pct': None, 'position_in_range': None, 'rsi': None, 'bb_position': None, 'ret_3': None, 'ret_10': None, 'session_bucket': 0.0}"
2026-04-06|GLW|2026-04-06T09:44:00-04:00|long|5,2026-04-06,GLW,2026-04-06T09:44:00-04:00,long,5,0.3947437107563019,True,next_bar_open_if_replayed,"{'pressure_k': 0.0, 'spread': 0.4399999999999977, 'depth_imb_k': 0.2944224847471384, 'micro_off': 0.0, 'spread_mean_10s': 0.4704999999999586, 'depth_imb_k_mean_10s': 0.3682659533911806, 'depth_imb_k_mean_60s': 0.39076342900688393, 'dist_vwap_bps': None, 'hl_range_pct': None, 'oc_change_pct': None, 'volume_rel_20': None, 'atr_pct': None, 'position_in_range': None, 'rsi': None, 'bb_position': None, 'ret_3': None, 'ret_10': None, 'session_bucket': 0.0}"
2026-04-06|GLW|2026-04-06T09:45:00-04:00|long|8,2026-04-06,GLW,2026-04-06T09:45:00-04:00,long,8,0.48484131693840027,True,next_bar_open_if_replayed,"{'pressure_k': 0.0, 'spread': 0.4700000000000273, 'depth_imb_k': -0.17563337541807872, 'micro_off': 0.07833333333334735, 'spread_mean_10s': 0.4966666666666872, 'depth_imb_k_mean_10s': -0.1983647320831879, 'depth_imb_k_mean_60s': -0.06606647174415659, 'dist_vwap_bps': None, 'hl_range_pct': None, 'oc_change_pct': None, 'volume_rel_20': None, 'atr_pct': None, 'position_in_range': None, 'rsi': None, 'bb_position': None, 'ret_3': None, 'ret_10': None, 'session_bucket': 0.0}"
2026-04-06|GLW|2026-04-06T09:46:00-04:00|long|3,2026-04-06,GLW,2026-04-06T09:46:00-04:00,long,3,0.43407028913497925,True,next_bar_open_if_replayed,"{'pressure_k': 0.0, 'spread': 0.6100000000000136, 'depth_imb_k': 0.4649549757714742, 'micro_off': 0.0, 'spread_mean_10s': 0.4300000000000409, 'depth_imb_k_mean_10s': 0.38018724233628937, 'depth_imb_k_mean_60s': 0.24626654846123083, 'dist_vwap_bps': None, 'hl_range_pct': None, 'oc_change_pct': None, 'volume_rel_20': None, 'atr_pct': None, 'position_in_range': None, 'rsi': None, 'bb_position': None, 'ret_3': None, 'ret_10': None, 'session_bucket': 0.0}"
2026-04-06|GLW|2026-04-06T09:47:00-04:00|long|8,2026-04-06,GLW,2026-04-06T09:47:00-04:00,long,8,0.46758148074150085,True,next_bar_open_if_replayed,"{'pressure_k': 0.0, 'spread': 0.30000000000001137, 'depth_imb_k': 0.43083229140112567, 'micro_off': -0.07500000000001705, 'spread_mean_10s': 0.25350000000000816, 'depth_imb_k_mean_10s': 0.4055960299741514, 'depth_imb_k_mean_60s': 0.4278579952321588, 'dist_vwap_bps': None, 'hl_range_pct': None, 'oc_change_pct': None, 'volume_rel_20': None, 'atr_pct': None, 'position_in_range': None, 'rsi': None, 'bb_position': None, 'ret_3': None, 'ret_10': None, 'session_bucket': 0.0}"
2026-04-06|GLW|2026-04-06T09:48:00-04:00|long|8,2026-04-06,GLW,2026-04-06T09:48:00-04:00,long,8,0.5980234146118164,True,next_bar_open_if_replayed,"{'pressure_k': 0.0, 'spread': 0.30999999999997385, 'depth_imb_k': 0.0775756905430331, 'micro_off': 0.07749999999998636, 'spread_mean_10s': 0.32199999999997997, 'depth_imb_k_mean_10s': 0.11711359193123058, 'depth_imb_k_mean_60s': 0.2994763209601666, 'dist_vwap_bps': None, 'hl_range_pct': None, 'oc_change_pct': None, 'volume_rel_20': None, 'atr_pct': None, 'position_in_range': None, 'rsi': None, 'bb_position': None, 'ret_3': None, 'ret_10': None, 'session_bucket': 0.0}"
2026-04-06|GLW|2026-04-06T09:49:00-04:00|long|3,2026-04-06,GLW,2026-04-06T09:49:00-04:00,long,3,0.6822980046272278,True,next_bar_open_if_replayed,"{'pressure_k': 0.0, 'spread': 0.0, 'depth_imb_k': 0.5542941232749056, 'micro_off': 0.0, 'spread_mean_10s': 0.3765853658536155, 'depth_imb_k_mean_10s': 0.41222762360157517, 'depth_imb_k_mean_60s': 0.19780460193008995, 'dist_vwap_bps': None, 'hl_range_pct': None, 'oc_change_pct': None, 'volume_rel_20': None, 'atr_pct': None, 'position_in_range': None, 'rsi': None, 'bb_position': None, 'ret_3': None, 'ret_10': None, 'session_bucket': 0.0}"
2026-04-06|GLW|2026-04-06T09:50:00-04:00|long|8,2026-04-06,GLW,2026-04-06T09:50:00-04:00,long,8,0.5125904083251953,True,next_bar_open_if_replayed,"{'pressure_k': 0.0, 'spread': 0.3199999999999932, 'depth_imb_k': 0.2796172793120003, 'micro_off': 0.0, 'spread_mean_10s': 0.3395000000001119, 'depth_imb_k_mean_10s': 0.1292591971530001, 'depth_imb_k_mean_60s': 0.25622715176800687, 'dist_vwap_bps': None, 'hl_range_pct': None, 'oc_change_pct': None, 'volume_rel_20': None, 'atr_pct': None, 'position_in_range': None, 'rsi': None, 'bb_position': None, 'ret_3': None, 'ret_10': None, 'session_bucket': 0.0}"
2026-04-06|GLW|2026-04-06T09:51:00-04:00|long|8,2026-04-06,GLW,2026-04-06T09:51:00-04:00,long,8,0.48424896597862244,True,next_bar_open_if_replayed,"{'pressure_k': 0.0, 'spread': 0.21000000000000796, 'depth_imb_k': 0.5059873741552702, 'micro_off': -0.03499999999999659, 'spread_mean_10s': 0.19717948717938363, 'depth_imb_k_mean_10s': 0.626797816530204, 'depth_imb_k_mean_60s': 0.4820477607140919, 'dist_vwap_bps': None, 'hl_range_pct': None, 'oc_change_pct': None, 'volume_rel_20': None, 'atr_pct': None, 'position_in_range': None, 'rsi': None, 'bb_position': None, 'ret_3': None, 'ret_10': None, 'session_bucket': 0.0}"
2026-04-06|GLW|2026-04-06T09:52:00-04:00|long|8,2026-04-06,GLW,2026-04-06T09:52:00-04:00,long,8,0.4575469493865967,True,next_bar_open_if_replayed,"{'pressure_k': 0.0, 'spread': 0.37999999999999545, 'depth_imb_k': 0.45806665349482806, 'micro_off': 0.0, 'spread_mean_10s': 0.24649999999998046, 'depth_imb_k_mean_10s': 0.5970777910516034, 'depth_imb_k_mean_60s': 0.6088852338945385, 'dist_vwap_bps': None, 'hl_range_pct': None, 'oc_change_pct': None, 'volume_rel_20': None, 'atr_pct': None, 'position_in_range': None, 'rsi': None, 'bb_position': None, 'ret_3': None, 'ret_10': None, 'session_bucket': 0.0}"
2026-04-06|GLW|2026-04-06T09:53:00-04:00|short|5,2026-04-06,GLW,2026-04-06T09:53:00-04:00,short,5,0.44460058212280273,True,next_bar_open_if_replayed,"{'pressure_k': 0.0, 'spread': 0.37999999999999545, 'depth_imb_k': 0.021965998022427814, 'micro_off': 0.0, 'spread_mean_10s': 0.4074999999999818, 'depth_imb_k_mean_10s': 0.06363228569670128, 'depth_imb_k_mean_60s': 0.1430223236703369, 'dist_vwap_bps': None, 'hl_range_pct': None, 'oc_change_pct': None, 'volume_rel_20': None, 'atr_pct': None, 'position_in_range': None, 'rsi': None, 'bb_position': None, 'ret_3': None, 'ret_10': None, 'session_bucket': 0.0}"
2026-04-06|GLW|2026-04-06T09:54:00-04:00|short|5,2026-04-06,GLW,2026-04-06T09:54:00-04:00,short,5,0.6349257826805115,True,next_bar_open_if_replayed,"{'pressure_k': 0.0, 'spread': 0.25, 'depth_imb_k': -0.03414683493083129, 'micro_off': -0.025000000000005684, 'spread_mean_10s': 0.26625000000001364, 'depth_imb_k_mean_10s': -0.02168950352399577, 'depth_imb_k_mean_60s': 0.27905051978632256, 'dist_vwap_bps': None, 'hl_range_pct': None, 'oc_change_pct': None, 'volume_rel_20': None, 'atr_pct': None, 'position_in_range': None, 'rsi': None, 'bb_position': None, 'ret_3': None, 'ret_10': None, 'session_bucket': 0.0}"
2026-04-06|GLW|2026-04-06T09:55:00-04:00|long|8,2026-04-06,GLW,2026-04-06T09:55:00-04:00,long,8,0.4865507483482361,True,next_bar_open_if_replayed,"{'pressure_k': 0.0, 'spread': 0.4900000000000091, 'depth_imb_k': -0.03477681601199294, 'micro_off': 0.1837500000000034, 'spread_mean_10s': 0.4191666666667061, 'depth_imb_k_mean_10s': -0.08922522463105338, 'depth_imb_k_mean_60s': -0.012610952175211718, 'dist_vwap_bps': None, 'hl_range_pct': None, 'oc_change_pct': None, 'volume_rel_20': None, 'atr_pct': None, 'position_in_range': None, 'rsi': None, 'bb_position': None, 'ret_3': None, 'ret_10': None, 'session_bucket': 0.0}"
2026-04-06|GLW|2026-04-06T09:56:00-04:00|long|8,2026-04-06,GLW,2026-04-06T09:56:00-04:00,long,8,0.45759081840515137,True,next_bar_open_if_replayed,"{'pressure_k': 0.0, 'spread': 0.3100000000000023, 'depth_imb_k': -0.36731579553841986, 'micro_off': 0.0, 'spread_mean_10s': 0.26799999999998364, 'depth_imb_k_mean_10s': -0.219583837066088, 'depth_imb_k_mean_60s': -0.11309760411826264, 'dist_vwap_bps': None, 'hl_range_pct': None, 'oc_change_pct': None, 'volume_rel_20': None, 'atr_pct': None, 'position_in_range': None, 'rsi': None, 'bb_position': None, 'ret_3': None, 'ret_10': None, 'session_bucket': 0.0}"
2026-04-06|GLW|2026-04-06T09:57:00-04:00|short|3,2026-04-06,GLW,2026-04-06T09:57:00-04:00,short,3,0.587425947189331,True,next_bar_open_if_replayed,"{'pressure_k': 0.0, 'spread': 0.47999999999998977, 'depth_imb_k': 0.15650050269423613, 'micro_off': 0.0479999999999734, 'spread_mean_10s': 0.5154999999999632, 'depth_imb_k_mean_10s': 0.15746121543998015, 'depth_imb_k_mean_60s': -0.12474621342001209, 'dist_vwap_bps': None, 'hl_range_pct': None, 'oc_change_pct': None, 'volume_rel_20': None, 'atr_pct': None, 'position_in_range': None, 'rsi': None, 'bb_position': None, 'ret_3': None, 'ret_10': None, 'session_bucket': 0.0}"
2026-04-06|GLW|2026-04-06T09:58:00-04:00|short|3,2026-04-06,GLW,2026-04-06T09:58:00-04:00,short,3,0.5195121169090271,True,next_bar_open_if_replayed,"{'pressure_k': 0.0, 'spread': 0.45000000000001705, 'depth_imb_k': 0.39835018854464543, 'micro_off': 0.14999999999997726, 'spread_mean_10s': 0.5095000000001164, 'depth_imb_k_mean_10s': 0.10535329467952011, 'depth_imb_k_mean_60s': 0.41455767027574614, 'dist_vwap_bps': None, 'hl_range_pct': None, 'oc_change_pct': None, 'volume_rel_20': None, 'atr_pct': None, 'position_in_range': None, 'rsi': None, 'bb_position': None, 'ret_3': None, 'ret_10': None, 'session_bucket': 0.0}"
2026-04-06|GLW|2026-04-06T09:59:00-04:00|short|5,2026-04-06,GLW,2026-04-06T09:59:00-04:00,short,5,0.6207435727119446,True,next_bar_open_if_replayed,"{'pressure_k': 0.0, 'spread': 0.25, 'depth_imb_k': 0.362882346160391, 'micro_off': 0.0, 'spread_mean_10s': 0.25, 'depth_imb_k_mean_10s': 0.30593280010720036, 'depth_imb_k_mean_60s': 0.21477212452103228, 'dist_vwap_bps': None, 'hl_range_pct': None, 'oc_change_pct': None, 'volume_rel_20': None, 'atr_pct': None, 'position_in_range': None, 'rsi': None, 'bb_position': None, 'ret_3': None, 'ret_10': None, 'session_bucket': 0.0}"
2026-04-06|GLW|2026-04-06T10:00:00-04:00|short|5,2026-04-06,GLW,2026-04-06T10:00:00-04:00,short,5,0.5524484515190125,True,next_bar_open_if_replayed,"{'pressure_k': 0.0, 'spread': 0.8600000000000136, 'depth_imb_k': 0.1936629858362854, 'micro_off': 0.0, 'spread_mean_10s': 0.9027500000000714, 'depth_imb_k_mean_10s': 0.21839607674282036, 'depth_imb_k_mean_60s': 0.19126628310944782, 'dist_vwap_bps': None, 'hl_range_pct': None, 'oc_change_pct': None, 'volume_rel_20': None, 'atr_pct': None, 'position_in_range': None, 'rsi': None, 'bb_position': None, 'ret_3': None, 'ret_10': None, 'session_bucket': 0.0}"
2026-04-06|GLW|2026-04-06T10:01:00-04:00|long|5,2026-04-06,GLW,2026-04-06T10:01:00-04:00,long,5,0.4480493664741516,True,next_bar_open_if_replayed,"{'pressure_k': 0.0, 'spread': 0.13999999999998636, 'depth_imb_k': 0.34252869010723513, 'micro_off': 0.0, 'spread_mean_10s': 0.25399999999997364, 'depth_imb_k_mean_10s': 0.3659724107823479, 'depth_imb_k_mean_60s': 0.2452563254201391, 'dist_vwap_bps': None, 'hl_range_pct': None, 'oc_change_pct': None, 'volume_rel_20': None, 'atr_pct': None, 'position_in_range': None, 'rsi': None, 'bb_position': None, 'ret_3': None, 'ret_10': None, 'session_bucket': 1.0}"
2026-04-06|GLW|2026-04-06T10:02:00-04:00|long|12,2026-04-06,GLW,2026-04-06T10:02:00-04:00,long,12,0.5669122934341431,True,next_bar_open_if_replayed,"{'pressure_k': 0.0, 'spread': 0.1599999999999966, 'depth_imb_k': 0.03734481835657104, 'micro_off': 0.026666666666699257, 'spread_mean_10s': 0.3467441860465294, 'depth_imb_k_mean_10s': 0.0082195586288028, 'depth_imb_k_mean_60s': 0.1898739926284282, 'dist_vwap_bps': None, 'hl_range_pct': None, 'oc_change_pct': None, 'volume_rel_20': None, 'atr_pct': None, 'position_in_range': None, 'rsi': None, 'bb_position': None, 'ret_3': None, 'ret_10': None, 'session_bucket': 1.0}"
2026-04-06|GLW|2026-04-06T10:03:00-04:00|long|12,2026-04-06,GLW,2026-04-06T10:03:00-04:00,long,12,0.49735593795776367,True,next_bar_open_if_replayed,"{'pressure_k': 0.0, 'spread': 0.39999999999997726, 'depth_imb_k': 0.5156161696966569, 'micro_off': 0.06666666666666288, 'spread_mean_10s': 0.31025641025648953, 'depth_imb_k_mean_10s': 0.5228253292331642, 'depth_imb_k_mean_60s': 0.43727838452025075, 'dist_vwap_bps': None, 'hl_range_pct': None, 'oc_change_pct': None, 'volume_rel_20': None, 'atr_pct': None, 'position_in_range': None, 'rsi': None, 'bb_position': None, 'ret_3': None, 'ret_10': None, 'session_bucket': 1.0}"
2026-04-06|GLW|2026-04-06T10:04:00-04:00|long|12,2026-04-06,GLW,2026-04-06T10:04:00-04:00,long,12,0.5172100067138672,True,next_bar_open_if_replayed,"{'pressure_k': 0.0, 'spread': 0.28999999999999204, 'depth_imb_k': 0.4514457858097448, 'micro_off': 0.048333333333317796, 'spread_mean_10s': 0.30499999999998406, 'depth_imb_k_mean_10s': 0.4150719027654134, 'depth_imb_k_mean_60s': 0.3945291991376883, 'dist_vwap_bps': None, 'hl_range_pct': None, 'oc_change_pct': None, 'volume_rel_20': None, 'atr_pct': None, 'position_in_range': None, 'rsi': None, 'bb_position': None, 'ret_3': None, 'ret_10': None, 'session_bucket': 1.0}"
2026-04-06|GLW|2026-04-06T10:05:00-04:00|long|8,2026-04-06,GLW,2026-04-06T10:05:00-04:00,long,8,0.4681437015533447,True,next_bar_open_if_replayed,"{'pressure_k': 0.0, 'spread': 0.37999999999999545, 'depth_imb_k': 0.4319828124761919, 'micro_off': 0.0, 'spread_mean_10s': 0.32692307692306527, 'depth_imb_k_mean_10s': 0.37935406437959385, 'depth_imb_k_mean_60s': 0.383901695174538, 'dist_vwap_bps': None, 'hl_range_pct': None, 'oc_change_pct': None, 'volume_rel_20': None, 'atr_pct': None, 'position_in_range': None, 'rsi': None, 'bb_position': None, 'ret_3': None, 'ret_10': None, 'session_bucket': 1.0}"
2026-04-06|GLW|2026-04-06T10:06:00-04:00|long|12,2026-04-06,GLW,2026-04-06T10:06:00-04:00,long,12,0.5256469249725342,True,next_bar_open_if_replayed,"{'pressure_k': 0.0, 'spread': 0.30000000000001137, 'depth_imb_k': 0.3919297718303233, 'micro_off': 0.0, 'spread_mean_10s': 0.3190000000000282, 'depth_imb_k_mean_10s': 0.40540272260464577, 'depth_imb_k_mean_60s': 0.39980942610234177, 'dist_vwap_bps': None, 'hl_range_pct': None, 'oc_change_pct': None, 'volume_rel_20': None, 'atr_pct': None, 'position_in_range': None, 'rsi': None, 'bb_position': None, 'ret_3': None, 'ret_10': None, 'session_bucket': 1.0}"
2026-04-06|GLW|2026-04-06T10:07:00-04:00|long|12,2026-04-06,GLW,2026-04-06T10:07:00-04:00,long,12,0.5823851227760315,True,next_bar_open_if_replayed,"{'pressure_k': 0.0, 'spread': 0.19999999999998863, 'depth_imb_k': 0.2538071563753322, 'micro_off': 0.060000000000002274, 'spread_mean_10s': 0.21299999999984037, 'depth_imb_k_mean_10s': 0.4029727135299879, 'depth_imb_k_mean_60s': 0.4009977785655293, 'dist_vwap_bps': None, 'hl_range_pct': None, 'oc_change_pct': None, 'volume_rel_20': None, 'atr_pct': None, 'position_in_range': None, 'rsi': None, 'bb_position': None, 'ret_3': None, 'ret_10': None, 'session_bucket': 1.0}"
2026-04-06|GLW|2026-04-06T10:08:00-04:00|long|8,2026-04-06,GLW,2026-04-06T10:08:00-04:00,long,8,0.44092699885368347,True,next_bar_open_if_replayed,"{'pressure_k': 0.0, 'spread': 0.5300000000000011, 'depth_imb_k': 0.4099352943318806, 'micro_off': -0.08833333333333826, 'spread_mean_10s': 0.3757499999999482, 'depth_imb_k_mean_10s': 0.40166758363684496, 'depth_imb_k_mean_60s': 0.4138281621048571, 'dist_vwap_bps': None, 'hl_range_pct': None, 'oc_change_pct': None, 'volume_rel_20': None, 'atr_pct': None, 'position_in_range': None, 'rsi': None, 'bb_position': None, 'ret_3': None, 'ret_10': None, 'session_bucket': 1.0}"
2026-04-06|GLW|2026-04-06T10:09:00-04:00|long|12,2026-04-06,GLW,2026-04-06T10:09:00-04:00,long,12,0.4749506115913391,True,next_bar_open_if_replayed,"{'pressure_k': 0.0, 'spread': 0.30000000000001137, 'depth_imb_k': 0.4150187526755308, 'micro_off': 0.0, 'spread_mean_10s': 0.5112500000000978, 'depth_imb_k_mean_10s': 0.440926745826863, 'depth_imb_k_mean_60s': 0.3532342472708382, 'dist_vwap_bps': None, 'hl_range_pct': None, 'oc_change_pct': None, 'volume_rel_20': None, 'atr_pct': None, 'position_in_range': None, 'rsi': None, 'bb_position': None, 'ret_3': None, 'ret_10': None, 'session_bucket': 1.0}"
2026-04-06|GLW|2026-04-06T10:10:00-04:00|long|5,2026-04-06,GLW,2026-04-06T10:10:00-04:00,long,5,0.404213547706604,True,next_bar_open_if_replayed,"{'pressure_k': 0.0, 'spread': 0.6899999999999977, 'depth_imb_k': 0.007415507244291613, 'micro_off': -0.1150000000000091, 'spread_mean_10s': 0.37199999999995725, 'depth_imb_k_mean_10s': -0.05468948203121613, 'depth_imb_k_mean_60s': 0.1235369214841404, 'dist_vwap_bps': None, 'hl_range_pct': None, 'oc_change_pct': None, 'volume_rel_20': None, 'atr_pct': None, 'position_in_range': None, 'rsi': None, 'bb_position': None, 'ret_3': None, 'ret_10': None, 'session_bucket': 1.0}"
2026-04-06|GLW|2026-04-06T10:11:00-04:00|long|5,2026-04-06,GLW,2026-04-06T10:11:00-04:00,long,5,0.3530537486076355,True,next_bar_open_if_replayed,"{'pressure_k': 0.0, 'spread': 0.44999999999998863, 'depth_imb_k': 0.11615502637182358, 'micro_off': -0.07500000000001705, 'spread_mean_10s': 0.38599999999987633, 'depth_imb_k_mean_10s': 0.11616103654623658, 'depth_imb_k_mean_60s': 0.11540440630441601, 'dist_vwap_bps': None, 'hl_range_pct': None, 'oc_change_pct': None, 'volume_rel_20': None, 'atr_pct': None, 'position_in_range': None, 'rsi': None, 'bb_position': None, 'ret_3': None, 'ret_10': None, 'session_bucket': 1.0}"
2026-04-06|GLW|2026-04-06T10:12:00-04:00|long|5,2026-04-06,GLW,2026-04-06T10:12:00-04:00,long,5,0.42197176814079285,True,next_bar_open_if_replayed,"{'pressure_k': 0.0, 'spread': 0.5200000000000102, 'depth_imb_k': 0.06448773785834597, 'micro_off': -0.12999999999999545, 'spread_mean_10s': 0.36650000000011007, 'depth_imb_k_mean_10s': 0.1444270052652598, 'depth_imb_k_mean_60s': 0.17113465835768596, 'dist_vwap_bps': None, 'hl_range_pct': None, 'oc_change_pct': None, 'volume_rel_20': None, 'atr_pct': None, 'position_in_range': None, 'rsi': None, 'bb_position': None, 'ret_3': None, 'ret_10': None, 'session_bucket': 1.0}"
2026-04-06|GLW|2026-04-06T10:13:00-04:00|long|5,2026-04-06,GLW,2026-04-06T10:13:00-04:00,long,5,0.35878559947013855,True,next_bar_open_if_replayed,"{'pressure_k': 0.0, 'spread': 0.44999999999998863, 'depth_imb_k': -0.13118109066764516, 'micro_off': 0.0, 'spread_mean_10s': 0.28850000000015824, 'depth_imb_k_mean_10s': -0.001899017986340823, 'depth_imb_k_mean_60s': -0.03650226002076806, 'dist_vwap_bps': None, 'hl_range_pct': None, 'oc_change_pct': None, 'volume_rel_20': None, 'atr_pct': None, 'position_in_range': None, 'rsi': None, 'bb_position': None, 'ret_3': None, 'ret_10': None, 'session_bucket': 1.0}"
2026-04-06|GLW|2026-04-06T10:14:00-04:00|long|5,2026-04-06,GLW,2026-04-06T10:14:00-04:00,long,5,0.402784138917923,True,next_bar_open_if_replayed,"{'pressure_k': 0.0, 'spread': 0.4899999999999807, 'depth_imb_k': -0.006215353294008392, 'micro_off': -2.842170943040401e-14, 'spread_mean_10s': 0.3619999999999436, 'depth_imb_k_mean_10s': -0.0259149905562424, 'depth_imb_k_mean_60s': -0.010630552843900907, 'dist_vwap_bps': None, 'hl_range_pct': None, 'oc_change_pct': None, 'volume_rel_20': None, 'atr_pct': None, 'position_in_range': None, 'rsi': None, 'bb_position': None, 'ret_3': None, 'ret_10': None, 'session_bucket': 1.0}"
2026-04-06|GLW|2026-04-06T10:15:00-04:00|short|12,2026-04-06,GLW,2026-04-06T10:15:00-04:00,short,12,0.41045135259628296,True,next_bar_open_if_replayed,"{'pressure_k': 0.0, 'spread': 0.47999999999998977, 'depth_imb_k': -0.21184164934164934, 'micro_off': 2.842170943040401e-14, 'spread_mean_10s': 0.41824999999992085, 'depth_imb_k_mean_10s': -0.20402001023222738, 'depth_imb_k_mean_60s': -0.28999205995285043, 'dist_vwap_bps': None, 'hl_range_pct': None, 'oc_change_pct': None, 'volume_rel_20': None, 'atr_pct': None, 'position_in_range': None, 'rsi': None, 'bb_position': None, 'ret_3': None, 'ret_10': None, 'session_bucket': 1.0}"
2026-04-06|GLW|2026-04-06T10:16:00-04:00|short|12,2026-04-06,GLW,2026-04-06T10:16:00-04:00,short,12,0.4064154326915741,True,next_bar_open_if_replayed,"{'pressure_k': 0.0, 'spread': 0.28000000000000114, 'depth_imb_k': -0.07560907134167265, 'micro_off': 0.04666666666668107, 'spread_mean_10s': 0.34571428571403623, 'depth_imb_k_mean_10s': -0.12200920664846697, 'depth_imb_k_mean_60s': -0.39058440273245687, 'dist_vwap_bps': None, 'hl_range_pct': None, 'oc_change_pct': None, 'volume_rel_20': None, 'atr_pct': None, 'position_in_range': None, 'rsi': None, 'bb_position': None, 'ret_3': None, 'ret_10': None, 'session_bucket': 1.0}"
2026-04-06|GLW|2026-04-06T10:17:00-04:00|long|8,2026-04-06,GLW,2026-04-06T10:17:00-04:00,long,8,0.4469025731086731,True,next_bar_open_if_replayed,"{'pressure_k': 0.0, 'spread': 0.29000000000002046, 'depth_imb_k': -0.4750691207836322, 'micro_off': -0.04833333333334622, 'spread_mean_10s': 0.28999999999991816, 'depth_imb_k_mean_10s': -0.4785567787413584, 'depth_imb_k_mean_60s': 0.06694027086259498, 'dist_vwap_bps': None, 'hl_range_pct': None, 'oc_change_pct': None, 'volume_rel_20': None, 'atr_pct': None, 'position_in_range': None, 'rsi': None, 'bb_position': None, 'ret_3': None, 'ret_10': None, 'session_bucket': 1.0}"
2026-04-06|GLW|2026-04-06T10:18:00-04:00|short|3,2026-04-06,GLW,2026-04-06T10:18:00-04:00,short,3,0.4122940003871918,True,next_bar_open_if_replayed,"{'pressure_k': 0.0, 'spread': 0.3499999999999943, 'depth_imb_k': -0.3036108845295964, 'micro_off': 0.0, 'spread_mean_10s': 0.43524999999979175, 'depth_imb_k_mean_10s': -0.18795155684386486, 'depth_imb_k_mean_60s': -0.14402304206806218, 'dist_vwap_bps': None, 'hl_range_pct': None, 'oc_change_pct': None, 'volume_rel_20': None, 'atr_pct': None, 'position_in_range': None, 'rsi': None, 'bb_position': None, 'ret_3': None, 'ret_10': None, 'session_bucket': 1.0}"
2026-04-06|GLW|2026-04-06T10:19:00-04:00|short|12,2026-04-06,GLW,2026-04-06T10:19:00-04:00,short,12,0.43286994099617004,True,next_bar_open_if_replayed,"{'pressure_k': 0.0, 'spread': 0.21000000000000796, 'depth_imb_k': -0.41975136476282615, 'micro_off': 0.03499999999996817, 'spread_mean_10s': 0.3317499999999427, 'depth_imb_k_mean_10s': -0.4085991680172299, 'depth_imb_k_mean_60s': -0.3543243812497757, 'dist_vwap_bps': None, 'hl_range_pct': None, 'oc_change_pct': None, 'volume_rel_20': None, 'atr_pct': None, 'position_in_range': None, 'rsi': None, 'bb_position': None, 'ret_3': None, 'ret_10': None, 'session_bucket': 1.0}"
2026-04-06|GLW|2026-04-06T10:20:00-04:00|short|8,2026-04-06,GLW,2026-04-06T10:20:00-04:00,short,8,0.3818395435810089,True,next_bar_open_if_replayed,"{'pressure_k': 0.0, 'spread': 0.5800000000000125, 'depth_imb_k': -0.32417304137917424, 'micro_off': 0.14500000000001023, 'spread_mean_10s': 0.6235714285714623, 'depth_imb_k_mean_10s': -0.31807387653514396, 'depth_imb_k_mean_60s': -0.32581397260557204, 'dist_vwap_bps': None, 'hl_range_pct': None, 'oc_change_pct': None, 'volume_rel_20': None, 'atr_pct': None, 'position_in_range': None, 'rsi': None, 'bb_position': None, 'ret_3': None, 'ret_10': None, 'session_bucket': 1.0}"
2026-04-06|GLW|2026-04-06T10:21:00-04:00|short|3,2026-04-06,GLW,2026-04-06T10:21:00-04:00,short,3,0.4120695888996124,True,next_bar_open_if_replayed,"{'pressure_k': 0.0, 'spread': 0.2600000000000193, 'depth_imb_k': -0.1957892760639118, 'micro_off': -0.06499999999999773, 'spread_mean_10s': 0.3750000000001137, 'depth_imb_k_mean_10s': -0.2894710105282911, 'depth_imb_k_mean_60s': -0.4247417220947635, 'dist_vwap_bps': None, 'hl_range_pct': None, 'oc_change_pct': None, 'volume_rel_20': None, 'atr_pct': None, 'position_in_range': None, 'rsi': None, 'bb_position': None, 'ret_3': None, 'ret_10': None, 'session_bucket': 1.0}"
2026-04-06|GLW|2026-04-06T10:22:00-04:00|long|3,2026-04-06,GLW,2026-04-06T10:22:00-04:00,long,3,0.5058565139770508,True,next_bar_open_if_replayed,"{'pressure_k': 0.0, 'spread': 0.2400000000000091, 'depth_imb_k': -0.005574641473255303, 'micro_off': 0.09818181818181415, 'spread_mean_10s': 0.30363636363637686, 'depth_imb_k_mean_10s': -0.12076529903518377, 'depth_imb_k_mean_60s': -0.24158202736080478, 'dist_vwap_bps': None, 'hl_range_pct': None, 'oc_change_pct': None, 'volume_rel_20': None, 'atr_pct': None, 'position_in_range': None, 'rsi': None, 'bb_position': None, 'ret_3': None, 'ret_10': None, 'session_bucket': 1.0}"
2026-04-06|GLW|2026-04-06T10:23:00-04:00|long|8,2026-04-06,GLW,2026-04-06T10:23:00-04:00,long,8,0.4802267253398895,True,next_bar_open_if_replayed,"{'pressure_k': 0.0, 'spread': 0.3100000000000023, 'depth_imb_k': -0.18249760781011848, 'micro_off': -0.06642857142855974, 'spread_mean_10s': 0.2870000000004211, 'depth_imb_k_mean_10s': -0.1825983093220259, 'depth_imb_k_mean_60s': -0.20624465066263534, 'dist_vwap_bps': None, 'hl_range_pct': None, 'oc_change_pct': None, 'volume_rel_20': None, 'atr_pct': None, 'position_in_range': None, 'rsi': None, 'bb_position': None, 'ret_3': None, 'ret_10': None, 'session_bucket': 1.0}"
2026-04-06|GLW|2026-04-06T10:24:00-04:00|long|8,2026-04-06,GLW,2026-04-06T10:24:00-04:00,long,8,0.4205968976020813,True,next_bar_open_if_replayed,"{'pressure_k': 0.0, 'spread': 0.15000000000000568, 'depth_imb_k': -0.11891580311724516, 'micro_off': 0.0, 'spread_mean_10s': 0.1499999999996362, 'depth_imb_k_mean_10s': -0.1459051716520277, 'depth_imb_k_mean_60s': -0.16002288632086017, 'dist_vwap_bps': None, 'hl_range_pct': None, 'oc_change_pct': None, 'volume_rel_20': None, 'atr_pct': None, 'position_in_range': None, 'rsi': None, 'bb_position': None, 'ret_3': None, 'ret_10': None, 'session_bucket': 1.0}"
2026-04-06|GLW|2026-04-06T10:25:00-04:00|long|8,2026-04-06,GLW,2026-04-06T10:25:00-04:00,long,8,0.36967986822128296,True,next_bar_open_if_replayed,"{'pressure_k': 0.0, 'spread': 0.3100000000000023, 'depth_imb_k': 0.214541276953502, 'micro_off': 0.0, 'spread_mean_10s': 0.3432499999999436, 'depth_imb_k_mean_10s': 0.20838951256760652, 'depth_imb_k_mean_60s': 0.23568188895518705, 'dist_vwap_bps': None, 'hl_range_pct': None, 'oc_change_pct': None, 'volume_rel_20': None, 'atr_pct': None, 'position_in_range': None, 'rsi': None, 'bb_position': None, 'ret_3': None, 'ret_10': None, 'session_bucket': 1.0}"
2026-04-06|GLW|2026-04-06T10:26:00-04:00|short|3,2026-04-06,GLW,2026-04-06T10:26:00-04:00,short,3,0.4400733709335327,True,next_bar_open_if_replayed,"{'pressure_k': 0.0, 'spread': 0.30000000000001137, 'depth_imb_k': -0.0552865925088896, 'micro_off': -0.05000000000001137, 'spread_mean_10s': 0.36799999999993815, 'depth_imb_k_mean_10s': 0.18508663034943423, 'depth_imb_k_mean_60s': 0.2394830569745535, 'dist_vwap_bps': None, 'hl_range_pct': None, 'oc_change_pct': None, 'volume_rel_20': None, 'atr_pct': None, 'position_in_range': None, 'rsi': None, 'bb_position': None, 'ret_3': None, 'ret_10': None, 'session_bucket': 1.0}"
2026-04-06|GLW|2026-04-06T10:27:00-04:00|short|3,2026-04-06,GLW,2026-04-06T10:27:00-04:00,short,3,0.4275798201560974,True,next_bar_open_if_replayed,"{'pressure_k': 0.0, 'spread': 0.36000000000001364, 'depth_imb_k': 0.07568418996713415, 'micro_off': 0.0, 'spread_mean_10s': 0.3239999999999782, 'depth_imb_k_mean_10s': 0.09424384336018647, 'depth_imb_k_mean_60s': 0.0302828474894877, 'dist_vwap_bps': None, 'hl_range_pct': None, 'oc_change_pct': None, 'volume_rel_20': None, 'atr_pct': None, 'position_in_range': None, 'rsi': None, 'bb_position': None, 'ret_3': None, 'ret_10': None, 'session_bucket': 1.0}"
2026-04-06|GLW|2026-04-06T10:28:00-04:00|short|12,2026-04-06,GLW,2026-04-06T10:28:00-04:00,short,12,0.39993783831596375,True,next_bar_open_if_replayed,"{'pressure_k': 0.0, 'spread': 0.5200000000000102, 'depth_imb_k': 0.35873026865890534, 'micro_off': 0.0, 'spread_mean_10s': 0.4452499999997599, 'depth_imb_k_mean_10s': 0.3048848953009212, 'depth_imb_k_mean_60s': 0.32344705937333096, 'dist_vwap_bps': None, 'hl_range_pct': None, 'oc_change_pct': None, 'volume_rel_20': None, 'atr_pct': None, 'position_in_range': None, 'rsi': None, 'bb_position': None, 'ret_3': None, 'ret_10': None, 'session_bucket': 1.0}"
2026-04-06|GLW|2026-04-06T10:29:00-04:00|long|8,2026-04-06,GLW,2026-04-06T10:29:00-04:00,long,8,0.45096367597579956,True,next_bar_open_if_replayed,"{'pressure_k': 0.0, 'spread': 0.2300000000000182, 'depth_imb_k': 0.06045048325761601, 'micro_off': 0.0, 'spread_mean_10s': 0.2795000000000073, 'depth_imb_k_mean_10s': 0.10524129667142006, 'depth_imb_k_mean_60s': 0.2690367301129908, 'dist_vwap_bps': None, 'hl_range_pct': None, 'oc_change_pct': None, 'volume_rel_20': None, 'atr_pct': None, 'position_in_range': None, 'rsi': None, 'bb_position': None, 'ret_3': None, 'ret_10': None, 'session_bucket': 1.0}"
2026-04-06|GLW|2026-04-06T10:30:00-04:00|short|5,2026-04-06,GLW,2026-04-06T10:30:00-04:00,short,5,0.41178303956985474,True,next_bar_open_if_replayed,"{'pressure_k': 0.0, 'spread': 0.23999999999998067, 'depth_imb_k': -0.1418888714373739, 'micro_off': -2.842170943040401e-14, 'spread_mean_10s': 0.23999999999978172, 'depth_imb_k_mean_10s': -0.15722149996428506, 'depth_imb_k_mean_60s': 0.05285833210131616, 'dist_vwap_bps': None, 'hl_range_pct': None, 'oc_change_pct': None, 'volume_rel_20': None, 'atr_pct': None, 'position_in_range': None, 'rsi': None, 'bb_position': None, 'ret_3': None, 'ret_10': None, 'session_bucket': 1.0}"
2026-04-06|GLW|2026-04-06T10:31:00-04:00|short|12,2026-04-06,GLW,2026-04-06T10:31:00-04:00,short,12,0.4376126229763031,True,next_bar_open_if_replayed,"{'pressure_k': 0.0, 'spread': 0.2599999999999909, 'depth_imb_k': -0.003088584218707996, 'micro_off': 0.0, 'spread_mean_10s': 0.23600000000014915, 'depth_imb_k_mean_10s': 0.05380521172055523, 'depth_imb_k_mean_60s': -0.06443449546361389, 'dist_vwap_bps': None, 'hl_range_pct': None, 'oc_change_pct': None, 'volume_rel_20': None, 'atr_pct': None, 'position_in_range': None, 'rsi': None, 'bb_position': None, 'ret_3': None, 'ret_10': None, 'session_bucket': 1.0}"
2026-04-06|GLW|2026-04-06T10:32:00-04:00|long|12,2026-04-06,GLW,2026-04-06T10:32:00-04:00,long,12,0.4015040397644043,True,next_bar_open_if_replayed,"{'pressure_k': 0.0, 'spread': 0.30000000000001137, 'depth_imb_k': 0.39383394051438203, 'micro_off': 0.0, 'spread_mean_10s': 0.2847500000000309, 'depth_imb_k_mean_10s': 0.3463315598845327, 'depth_imb_k_mean_60s': 0.2684699383610899, 'dist_vwap_bps': None, 'hl_range_pct': None, 'oc_change_pct': None, 'volume_rel_20': None, 'atr_pct': None, 'position_in_range': None, 'rsi': None, 'bb_position': None, 'ret_3': None, 'ret_10': None, 'session_bucket': 1.0}"
2026-04-06|GLW|2026-04-06T10:33:00-04:00|short|3,2026-04-06,GLW,2026-04-06T10:33:00-04:00,short,3,0.48187825083732605,True,next_bar_open_if_replayed,"{'pressure_k': 0.0, 'spread': 0.21999999999999886, 'depth_imb_k': 0.2194784422264213, 'micro_off': 0.0, 'spread_mean_10s': 0.22666666666646051, 'depth_imb_k_mean_10s': 0.28208726915441634, 'depth_imb_k_mean_60s': 0.33667816116841215, 'dist_vwap_bps': None, 'hl_range_pct': None, 'oc_change_pct': None, 'volume_rel_20': None, 'atr_pct': None, 'position_in_range': None, 'rsi': None, 'bb_position': None, 'ret_3': None, 'ret_10': None, 'session_bucket': 1.0}"
2026-04-06|GLW|2026-04-06T10:34:00-04:00|long|8,2026-04-06,GLW,2026-04-06T10:34:00-04:00,long,8,0.44649428129196167,True,next_bar_open_if_replayed,"{'pressure_k': 0.0, 'spread': 0.15000000000000568, 'depth_imb_k': 0.10909569903411506, 'micro_off': 0.024999999999977263, 'spread_mean_10s': 0.15299999999970168, 'depth_imb_k_mean_10s': 0.09052490914853024, 'depth_imb_k_mean_60s': 0.15216301595394183, 'dist_vwap_bps': None, 'hl_range_pct': None, 'oc_change_pct': None, 'volume_rel_20': None, 'atr_pct': None, 'position_in_range': None, 'rsi': None, 'bb_position': None, 'ret_3': None, 'ret_10': None, 'session_bucket': 1.0}"
2026-04-06|GLW|2026-04-06T10:35:00-04:00|short|12,2026-04-06,GLW,2026-04-06T10:35:00-04:00,short,12,0.4627677798271179,True,next_bar_open_if_replayed,"{'pressure_k': 0.0, 'spread': 0.38999999999998636, 'depth_imb_k': -0.11962127980005992, 'micro_off': 0.0, 'spread_mean_10s': 0.3728205128207684, 'depth_imb_k_mean_10s': -0.20723233038396033, 'depth_imb_k_mean_60s': -0.1580905127075467, 'dist_vwap_bps': None, 'hl_range_pct': None, 'oc_change_pct': None, 'volume_rel_20': None, 'atr_pct': None, 'position_in_range': None, 'rsi': None, 'bb_position': None, 'ret_3': None, 'ret_10': None, 'session_bucket': 1.0}"
2026-04-06|GLW|2026-04-06T10:36:00-04:00|short|3,2026-04-06,GLW,2026-04-06T10:36:00-04:00,short,3,0.4696670174598694,True,next_bar_open_if_replayed,"{'pressure_k': 0.0, 'spread': 0.25, 'depth_imb_k': -0.38501943989672793, 'micro_off': 0.0625, 'spread_mean_10s': 0.2874074074074155, 'depth_imb_k_mean_10s': -0.38604307760624157, 'depth_imb_k_mean_60s': -0.2048671434317346, 'dist_vwap_bps': None, 'hl_range_pct': None, 'oc_change_pct': None, 'volume_rel_20': None, 'atr_pct': None, 'position_in_range': None, 'rsi': None, 'bb_position': None, 'ret_3': None, 'ret_10': None, 'session_bucket': 1.0}"
2026-04-06|GLW|2026-04-06T10:37:00-04:00|short|12,2026-04-06,GLW,2026-04-06T10:37:00-04:00,short,12,0.4837428033351898,True,next_bar_open_if_replayed,"{'pressure_k': 0.0, 'spread': 0.21999999999999886, 'depth_imb_k': -0.25951285217196096, 'micro_off': -0.03666666666666174, 'spread_mean_10s': 0.26184210526336854, 'depth_imb_k_mean_10s': -0.2933469967494878, 'depth_imb_k_mean_60s': -0.19336763479680347, 'dist_vwap_bps': None, 'hl_range_pct': None, 'oc_change_pct': None, 'volume_rel_20': None, 'atr_pct': None, 'position_in_range': None, 'rsi': None, 'bb_position': None, 'ret_3': None, 'ret_10': None, 'session_bucket': 1.0}"
2026-04-06|GLW|2026-04-06T10:38:00-04:00|long|8,2026-04-06,GLW,2026-04-06T10:38:00-04:00,long,8,0.4058561325073242,True,next_bar_open_if_replayed,"{'pressure_k': 0.0, 'spread': 0.2699999999999818, 'depth_imb_k': -0.1367065962211251, 'micro_off': -0.045000000000015916, 'spread_mean_10s': 0.2648717948721195, 'depth_imb_k_mean_10s': -0.1286288892869414, 'depth_imb_k_mean_60s': -0.30581273897258515, 'dist_vwap_bps': None, 'hl_range_pct': None, 'oc_change_pct': None, 'volume_rel_20': None, 'atr_pct': None, 'position_in_range': None, 'rsi': None, 'bb_position': None, 'ret_3': None, 'ret_10': None, 'session_bucket': 1.0}"
2026-04-06|GLW|2026-04-06T10:39:00-04:00|long|8,2026-04-06,GLW,2026-04-06T10:39:00-04:00,long,8,0.3639752268791199,True,next_bar_open_if_replayed,"{'pressure_k': 0.0, 'spread': 0.5699999999999932, 'depth_imb_k': -0.2511976192502202, 'micro_off': 0.0, 'spread_mean_10s': 0.48285714285697656, 'depth_imb_k_mean_10s': -0.15334062305226845, 'depth_imb_k_mean_60s': -0.20085815034224713, 'dist_vwap_bps': None, 'hl_range_pct': None, 'oc_change_pct': None, 'volume_rel_20': None, 'atr_pct': None, 'position_in_range': None, 'rsi': None, 'bb_position': None, 'ret_3': None, 'ret_10': None, 'session_bucket': 1.0}"
2026-04-06|GLW|2026-04-06T10:40:00-04:00|short|3,2026-04-06,GLW,2026-04-06T10:40:00-04:00,short,3,0.44305241107940674,True,next_bar_open_if_replayed,"{'pressure_k': 0.0, 'spread': 0.4900000000000091, 'depth_imb_k': -0.3684313843445553, 'micro_off': 0.0, 'spread_mean_10s': 0.34899999999997816, 'depth_imb_k_mean_10s': -0.4777436453940084, 'depth_imb_k_mean_60s': -0.3882553652534824, 'dist_vwap_bps': None, 'hl_range_pct': None, 'oc_change_pct': None, 'volume_rel_20': None, 'atr_pct': None, 'position_in_range': None, 'rsi': None, 'bb_position': None, 'ret_3': None, 'ret_10': None, 'session_bucket': 1.0}"
2026-04-06|GLW|2026-04-06T10:41:00-04:00|short|3,2026-04-06,GLW,2026-04-06T10:41:00-04:00,short,3,0.41871151328086853,True,next_bar_open_if_replayed,"{'pressure_k': 0.0, 'spread': 0.3599999999999852, 'depth_imb_k': -0.2664371506664908, 'micro_off': -2.842170943040401e-14, 'spread_mean_10s': 0.30624999999997726, 'depth_imb_k_mean_10s': -0.35506434517753294, 'depth_imb_k_mean_60s': -0.3747114947928184, 'dist_vwap_bps': None, 'hl_range_pct': None, 'oc_change_pct': None, 'volume_rel_20': None, 'atr_pct': None, 'position_in_range': None, 'rsi': None, 'bb_position': None, 'ret_3': None, 'ret_10': None, 'session_bucket': 1.0}"
2026-04-06|GLW|2026-04-06T10:42:00-04:00|long|8,2026-04-06,GLW,2026-04-06T10:42:00-04:00,long,8,0.4175209105014801,True,next_bar_open_if_replayed,"{'pressure_k': 0.0, 'spread': 0.27000000000001023, 'depth_imb_k': -0.1887603597550386, 'micro_off': -2.842170943040401e-14, 'spread_mean_10s': 0.2517500000002883, 'depth_imb_k_mean_10s': -0.12115175093568382, 'depth_imb_k_mean_60s': -0.16425428273472087, 'dist_vwap_bps': None, 'hl_range_pct': None, 'oc_change_pct': None, 'volume_rel_20': None, 'atr_pct': None, 'position_in_range': None, 'rsi': None, 'bb_position': None, 'ret_3': None, 'ret_10': None, 'session_bucket': 1.0}"
2026-04-06|GLW|2026-04-06T10:43:00-04:00|short|12,2026-04-06,GLW,2026-04-06T10:43:00-04:00,short,12,0.40426263213157654,True,next_bar_open_if_replayed,"{'pressure_k': 0.0, 'spread': 0.20999999999997954, 'depth_imb_k': -0.029900510793674114, 'micro_off': 0.0, 'spread_mean_10s': 0.2061111111108605, 'depth_imb_k_mean_10s': -0.02551316254707419, 'depth_imb_k_mean_60s': -0.07117221166760258, 'dist_vwap_bps': None, 'hl_range_pct': None, 'oc_change_pct': None, 'volume_rel_20': None, 'atr_pct': None, 'position_in_range': None, 'rsi': None, 'bb_position': None, 'ret_3': None, 'ret_10': None, 'session_bucket': 1.0}"
2026-04-06|GLW|2026-04-06T10:44:00-04:00|long|8,2026-04-06,GLW,2026-04-06T10:44:00-04:00,long,8,0.3972512185573578,True,next_bar_open_if_replayed,"{'pressure_k': 0.0, 'spread': 0.3499999999999943, 'depth_imb_k': -0.09904754934412976, 'micro_off': -2.842170943040401e-14, 'spread_mean_10s': 0.4045000000000073, 'depth_imb_k_mean_10s': -0.09599056534660803, 'depth_imb_k_mean_60s': -0.12939845948912548, 'dist_vwap_bps': None, 'hl_range_pct': None, 'oc_change_pct': None, 'volume_rel_20': None, 'atr_pct': None, 'position_in_range': None, 'rsi': None, 'bb_position': None, 'ret_3': None, 'ret_10': None, 'session_bucket': 1.0}"
2026-04-06|GLW|2026-04-06T10:45:00-04:00|short|12,2026-04-06,GLW,2026-04-06T10:45:00-04:00,short,12,0.3888698220252991,True,next_bar_open_if_replayed,"{'pressure_k': 0.0, 'spread': 0.3299999999999841, 'depth_imb_k': 0.05276924870768394, 'micro_off': -0.05500000000000682, 'spread_mean_10s': 0.3423076923078882, 'depth_imb_k_mean_10s': 0.052684277050712595, 'depth_imb_k_mean_60s': 0.06341758321002933, 'dist_vwap_bps': None, 'hl_range_pct': None, 'oc_change_pct': None, 'volume_rel_20': None, 'atr_pct': None, 'position_in_range': None, 'rsi': None, 'bb_position': None, 'ret_3': None, 'ret_10': None, 'session_bucket': 1.0}"
2026-04-06|GLW|2026-04-06T10:46:00-04:00|short|12,2026-04-06,GLW,2026-04-06T10:46:00-04:00,short,12,0.40482690930366516,True,next_bar_open_if_replayed,"{'pressure_k': 0.0, 'spread': 0.4099999999999966, 'depth_imb_k': -0.004495150611975668, 'micro_off': -2.842170943040401e-14, 'spread_mean_10s': 0.1571794871791868, 'depth_imb_k_mean_10s': 0.14431110457166468, 'depth_imb_k_mean_60s': 0.07177543155930327, 'dist_vwap_bps': None, 'hl_range_pct': None, 'oc_change_pct': None, 'volume_rel_20': None, 'atr_pct': None, 'position_in_range': None, 'rsi': None, 'bb_position': None, 'ret_3': None, 'ret_10': None, 'session_bucket': 1.0}"
2026-04-06|GLW|2026-04-06T10:47:00-04:00|short|12,2026-04-06,GLW,2026-04-06T10:47:00-04:00,short,12,0.44253087043762207,True,next_bar_open_if_replayed,"{'pressure_k': 0.0, 'spread': 0.2599999999999909, 'depth_imb_k': -0.14000057113303274, 'micro_off': -0.043333333333322344, 'spread_mean_10s': 0.2600000000002183, 'depth_imb_k_mean_10s': -0.13989931586007742, 'depth_imb_k_mean_60s': -0.09911443823186353, 'dist_vwap_bps': None, 'hl_range_pct': None, 'oc_change_pct': None, 'volume_rel_20': None, 'atr_pct': None, 'position_in_range': None, 'rsi': None, 'bb_position': None, 'ret_3': None, 'ret_10': None, 'session_bucket': 1.0}"
2026-04-06|GLW|2026-04-06T10:48:00-04:00|short|12,2026-04-06,GLW,2026-04-06T10:48:00-04:00,short,12,0.4127141237258911,True,next_bar_open_if_replayed,"{'pressure_k': 0.0, 'spread': 0.3400000000000034, 'depth_imb_k': -0.07785104342508478, 'micro_off': -2.842170943040401e-14, 'spread_mean_10s': 0.33128205128214644, 'depth_imb_k_mean_10s': -0.05863431185556086, 'depth_imb_k_mean_60s': -0.15331893309688535, 'dist_vwap_bps': None, 'hl_range_pct': None, 'oc_change_pct': None, 'volume_rel_20': None, 'atr_pct': None, 'position_in_range': None, 'rsi': None, 'bb_position': None, 'ret_3': None, 'ret_10': None, 'session_bucket': 1.0}"
2026-04-06|GLW|2026-04-06T10:49:00-04:00|short|12,2026-04-06,GLW,2026-04-06T10:49:00-04:00,short,12,0.43704336881637573,True,next_bar_open_if_replayed,"{'pressure_k': 0.0, 'spread': 0.21000000000000796, 'depth_imb_k': -0.05213301646918053, 'micro_off': 0.03500000000002501, 'spread_mean_10s': 0.11615384615411947, 'depth_imb_k_mean_10s': 0.07665084296267057, 'depth_imb_k_mean_60s': -0.03971394577658022, 'dist_vwap_bps': None, 'hl_range_pct': None, 'oc_change_pct': None, 'volume_rel_20': None, 'atr_pct': None, 'position_in_range': None, 'rsi': None, 'bb_position': None, 'ret_3': None, 'ret_10': None, 'session_bucket': 1.0}"
2026-04-06|GLW|2026-04-06T10:50:00-04:00|short|12,2026-04-06,GLW,2026-04-06T10:50:00-04:00,short,12,0.5007973909378052,True,next_bar_open_if_replayed,"{'pressure_k': 0.0, 'spread': 0.2400000000000091, 'depth_imb_k': -0.07391662507741613, 'micro_off': 0.0, 'spread_mean_10s': 0.2372499999997899, 'depth_imb_k_mean_10s': -0.0430155200944796, 'depth_imb_k_mean_60s': -0.05540027329874857, 'dist_vwap_bps': None, 'hl_range_pct': None, 'oc_change_pct': None, 'volume_rel_20': None, 'atr_pct': None, 'position_in_range': None, 'rsi': None, 'bb_position': None, 'ret_3': None, 'ret_10': None, 'session_bucket': 1.0}"
2026-04-06|GLW|2026-04-06T10:51:00-04:00|short|12,2026-04-06,GLW,2026-04-06T10:51:00-04:00,short,12,0.40571659803390503,True,next_bar_open_if_replayed,"{'pressure_k': 0.0, 'spread': 0.20999999999997954, 'depth_imb_k': 0.05391934009073958, 'micro_off': -0.03499999999999659, 'spread_mean_10s': 0.24400000000014188, 'depth_imb_k_mean_10s': 0.09838937648197543, 'depth_imb_k_mean_60s': -0.06751010802421877, 'dist_vwap_bps': None, 'hl_range_pct': None, 'oc_change_pct': None, 'volume_rel_20': None, 'atr_pct': None, 'position_in_range': None, 'rsi': None, 'bb_position': None, 'ret_3': None, 'ret_10': None, 'session_bucket': 1.0}"
2026-04-06|GLW|2026-04-06T10:52:00-04:00|short|12,2026-04-06,GLW,2026-04-06T10:52:00-04:00,short,12,0.4597450792789459,True,next_bar_open_if_replayed,"{'pressure_k': 0.0, 'spread': 0.1799999999999784, 'depth_imb_k': -0.0281007140464737, 'micro_off': 0.0, 'spread_mean_10s': 0.16699999999982537, 'depth_imb_k_mean_10s': 0.001802609384230891, 'depth_imb_k_mean_60s': -0.04650337336383974, 'dist_vwap_bps': None, 'hl_range_pct': None, 'oc_change_pct': None, 'volume_rel_20': None, 'atr_pct': None, 'position_in_range': None, 'rsi': None, 'bb_position': None, 'ret_3': None, 'ret_10': None, 'session_bucket': 1.0}"
2026-04-06|GLW|2026-04-06T10:53:00-04:00|short|12,2026-04-06,GLW,2026-04-06T10:53:00-04:00,short,12,0.4734204113483429,True,next_bar_open_if_replayed,"{'pressure_k': 0.0, 'spread': 0.12000000000000455, 'depth_imb_k': -0.3975182683915764, 'micro_off': -0.030000000000001137, 'spread_mean_10s': 0.11499999999978172, 'depth_imb_k_mean_10s': -0.32708889813495146, 'depth_imb_k_mean_60s': -0.2954429415128876, 'dist_vwap_bps': None, 'hl_range_pct': None, 'oc_change_pct': None, 'volume_rel_20': None, 'atr_pct': None, 'position_in_range': None, 'rsi': None, 'bb_position': None, 'ret_3': None, 'ret_10': None, 'session_bucket': 1.0}"
2026-04-06|GLW|2026-04-06T10:54:00-04:00|long|3,2026-04-06,GLW,2026-04-06T10:54:00-04:00,long,3,0.37109097838401794,True,next_bar_open_if_replayed,"{'pressure_k': 0.0, 'spread': 0.44999999999998863, 'depth_imb_k': 0.24587548883699775, 'micro_off': 0.0, 'spread_mean_10s': 0.26224999999999454, 'depth_imb_k_mean_10s': 0.03423471701040341, 'depth_imb_k_mean_60s': -0.14470076491753275, 'dist_vwap_bps': None, 'hl_range_pct': None, 'oc_change_pct': None, 'volume_rel_20': None, 'atr_pct': None, 'position_in_range': None, 'rsi': None, 'bb_position': None, 'ret_3': None, 'ret_10': None, 'session_bucket': 1.0}"
2026-04-06|GLW|2026-04-06T10:55:00-04:00|short|12,2026-04-06,GLW,2026-04-06T10:55:00-04:00,short,12,0.42023488879203796,True,next_bar_open_if_replayed,"{'pressure_k': 0.0, 'spread': 0.2400000000000091, 'depth_imb_k': 0.07014665641431138, 'micro_off': 0.0, 'spread_mean_10s': 0.2537704918032268, 'depth_imb_k_mean_10s': 0.020758428842691128, 'depth_imb_k_mean_60s': 0.0523820785042135, 'dist_vwap_bps': None, 'hl_range_pct': None, 'oc_change_pct': None, 'volume_rel_20': None, 'atr_pct': None, 'position_in_range': None, 'rsi': None, 'bb_position': None, 'ret_3': None, 'ret_10': None, 'session_bucket': 1.0}"
2026-04-06|GLW|2026-04-06T10:56:00-04:00|short|12,2026-04-06,GLW,2026-04-06T10:56:00-04:00,short,12,0.4164285361766815,True,next_bar_open_if_replayed,"{'pressure_k': 0.0, 'spread': 0.27000000000001023, 'depth_imb_k': -0.36601497327548654, 'micro_off': -0.0964285714285893, 'spread_mean_10s': 0.27000000000043656, 'depth_imb_k_mean_10s': -0.3541806704463852, 'depth_imb_k_mean_60s': -0.19553644897717642, 'dist_vwap_bps': None, 'hl_range_pct': None, 'oc_change_pct': None, 'volume_rel_20': None, 'atr_pct': None, 'position_in_range': None, 'rsi': None, 'bb_position': None, 'ret_3': None, 'ret_10': None, 'session_bucket': 1.0}"
2026-04-06|GLW|2026-04-06T10:57:00-04:00|short|12,2026-04-06,GLW,2026-04-06T10:57:00-04:00,short,12,0.43212011456489563,True,next_bar_open_if_replayed,"{'pressure_k': 0.0, 'spread': 0.160000000000025, 'depth_imb_k': 0.01882341840826532, 'micro_off': 0.0, 'spread_mean_10s': 0.16700000000000728, 'depth_imb_k_mean_10s': 0.011841824455626693, 'depth_imb_k_mean_60s': -0.18147223622927328, 'dist_vwap_bps': None, 'hl_range_pct': None, 'oc_change_pct': None, 'volume_rel_20': None, 'atr_pct': None, 'position_in_range': None, 'rsi': None, 'bb_position': None, 'ret_3': None, 'ret_10': None, 'session_bucket': 1.0}"
2026-04-06|GLW|2026-04-06T10:58:00-04:00|short|5,2026-04-06,GLW,2026-04-06T10:58:00-04:00,short,5,0.4573216438293457,True,next_bar_open_if_replayed,"{'pressure_k': 0.0, 'spread': 0.0800000000000125, 'depth_imb_k': -0.1689891183143, 'micro_off': 0.0, 'spread_mean_10s': 0.08900000000012369, 'depth_imb_k_mean_10s': 0.019035358774701194, 'depth_imb_k_mean_60s': -0.1407486166475622, 'dist_vwap_bps': None, 'hl_range_pct': None, 'oc_change_pct': None, 'volume_rel_20': None, 'atr_pct': None, 'position_in_range': None, 'rsi': None, 'bb_position': None, 'ret_3': None, 'ret_10': None, 'session_bucket': 1.0}"
2026-04-06|GLW|2026-04-06T10:59:00-04:00|long|8,2026-04-06,GLW,2026-04-06T10:59:00-04:00,long,8,0.3889450430870056,True,next_bar_open_if_replayed,"{'pressure_k': 0.0, 'spread': 0.3100000000000023, 'depth_imb_k': 0.04802458296751536, 'micro_off': 0.0, 'spread_mean_10s': 0.311500000000251, 'depth_imb_k_mean_10s': 0.04549474510217806, 'depth_imb_k_mean_60s': 0.030592185696607245, 'dist_vwap_bps': None, 'hl_range_pct': None, 'oc_change_pct': None, 'volume_rel_20': None, 'atr_pct': None, 'position_in_range': None, 'rsi': None, 'bb_position': None, 'ret_3': None, 'ret_10': None, 'session_bucket': 1.0}"
2026-04-06|GLW|2026-04-06T11:00:00-04:00|long|12,2026-04-06,GLW,2026-04-06T11:00:00-04:00,long,12,0.39730218052864075,True,next_bar_open_if_replayed,"{'pressure_k': 0.0, 'spread': 0.09000000000000341, 'depth_imb_k': -0.1912145765639781, 'micro_off': -0.01500000000001478, 'spread_mean_10s': 0.14000000000023646, 'depth_imb_k_mean_10s': -0.2281119381269548, 'depth_imb_k_mean_60s': -0.2596469877825217, 'dist_vwap_bps': None, 'hl_range_pct': None, 'oc_change_pct': None, 'volume_rel_20': None, 'atr_pct': None, 'position_in_range': None, 'rsi': None, 'bb_position': None, 'ret_3': None, 'ret_10': None, 'session_bucket': 1.0}"
2026-04-06|GLW|2026-04-06T11:01:00-04:00|short|12,2026-04-06,GLW,2026-04-06T11:01:00-04:00,short,12,0.43458202481269836,True,next_bar_open_if_replayed,"{'pressure_k': 0.0, 'spread': 0.14999999999997726, 'depth_imb_k': 0.23947056706750233, 'micro_off': 0.0, 'spread_mean_10s': 0.15399999999972352, 'depth_imb_k_mean_10s': 0.1955027742636503, 'depth_imb_k_mean_60s': 0.1299706653441382, 'dist_vwap_bps': None, 'hl_range_pct': None, 'oc_change_pct': None, 'volume_rel_20': None, 'atr_pct': None, 'position_in_range': None, 'rsi': None, 'bb_position': None, 'ret_3': None, 'ret_10': None, 'session_bucket': 1.0}"
2026-04-06|GLW|2026-04-06T11:02:00-04:00|long|12,2026-04-06,GLW,2026-04-06T11:02:00-04:00,long,12,0.43374931812286377,True,next_bar_open_if_replayed,"{'pressure_k': 0.0, 'spread': 0.12000000000000455, 'depth_imb_k': 0.5658051954036292, 'micro_off': 0.036000000000001364, 'spread_mean_10s': 0.31774999999988723, 'depth_imb_k_mean_10s': 0.39868764427439485, 'depth_imb_k_mean_60s': 0.23767720647525323, 'dist_vwap_bps': None, 'hl_range_pct': None, 'oc_change_pct': None, 'volume_rel_20': None, 'atr_pct': None, 'position_in_range': None, 'rsi': None, 'bb_position': None, 'ret_3': None, 'ret_10': None, 'session_bucket': 1.0}"
2026-04-06|GLW|2026-04-06T11:03:00-04:00|short|5,2026-04-06,GLW,2026-04-06T11:03:00-04:00,short,5,0.4793540835380554,True,next_bar_open_if_replayed,"{'pressure_k': 0.0, 'spread': 0.1599999999999966, 'depth_imb_k': 0.2700924545057597, 'micro_off': -2.842170943040401e-14, 'spread_mean_10s': 0.17700000000022556, 'depth_imb_k_mean_10s': 0.3057714883854203, 'depth_imb_k_mean_60s': 0.3671307535546074, 'dist_vwap_bps': None, 'hl_range_pct': None, 'oc_change_pct': None, 'volume_rel_20': None, 'atr_pct': None, 'position_in_range': None, 'rsi': None, 'bb_position': None, 'ret_3': None, 'ret_10': None, 'session_bucket': 1.0}"
2026-04-06|GLW|2026-04-06T11:04:00-04:00|short|3,2026-04-06,GLW,2026-04-06T11:04:00-04:00,short,3,0.41686058044433594,True,next_bar_open_if_replayed,"{'pressure_k': 0.0, 'spread': 0.30000000000001137, 'depth_imb_k': -0.04942256585238291, 'micro_off': 0.0, 'spread_mean_10s': 0.30600000000001726, 'depth_imb_k_mean_10s': -0.12878107247388754, 'depth_imb_k_mean_60s': 0.21073788925985773, 'dist_vwap_bps': None, 'hl_range_pct': None, 'oc_change_pct': None, 'volume_rel_20': None, 'atr_pct': None, 'position_in_range': None, 'rsi': None, 'bb_position': None, 'ret_3': None, 'ret_10': None, 'session_bucket': 1.0}"
2026-04-06|GLW|2026-04-06T11:05:00-04:00|long|8,2026-04-06,GLW,2026-04-06T11:05:00-04:00,long,8,0.4200935661792755,True,next_bar_open_if_replayed,"{'pressure_k': 0.0, 'spread': 0.29999999999998295, 'depth_imb_k': -0.004205475713340058, 'micro_off': 0.0, 'spread_mean_10s': 0.20100000000015825, 'depth_imb_k_mean_10s': -0.10986712380401684, 'depth_imb_k_mean_60s': 0.0703774238187191, 'dist_vwap_bps': None, 'hl_range_pct': None, 'oc_change_pct': None, 'volume_rel_20': None, 'atr_pct': None, 'position_in_range': None, 'rsi': None, 'bb_position': None, 'ret_3': None, 'ret_10': None, 'session_bucket': 1.0}"
2026-04-06|GLW|2026-04-06T11:06:00-04:00|short|12,2026-04-06,GLW,2026-04-06T11:06:00-04:00,short,12,0.43142709136009216,True,next_bar_open_if_replayed,"{'pressure_k': 0.0, 'spread': 0.1599999999999966, 'depth_imb_k': 0.23222866949983656, 'micro_off': -0.026666666666699257, 'spread_mean_10s': 0.18400000000037836, 'depth_imb_k_mean_10s': 0.3538452117514538, 'depth_imb_k_mean_60s': 0.09235644383517266, 'dist_vwap_bps': None, 'hl_range_pct': None, 'oc_change_pct': None, 'volume_rel_20': None, 'atr_pct': None, 'position_in_range': None, 'rsi': None, 'bb_position': None, 'ret_3': None, 'ret_10': None, 'session_bucket': 1.0}"
2026-04-06|GLW|2026-04-06T11:07:00-04:00|short|12,2026-04-06,GLW,2026-04-06T11:07:00-04:00,short,12,0.43683722615242004,True,next_bar_open_if_replayed,"{'pressure_k': 0.0, 'spread': 0.3400000000000034, 'depth_imb_k': -0.004048126928925983, 'micro_off': 2.842170943040401e-14, 'spread_mean_10s': 0.2932499999998527, 'depth_imb_k_mean_10s': -0.07313013753090161, 'depth_imb_k_mean_60s': -0.0703039137129646, 'dist_vwap_bps': None, 'hl_range_pct': None, 'oc_change_pct': None, 'volume_rel_20': None, 'atr_pct': None, 'position_in_range': None, 'rsi': None, 'bb_position': None, 'ret_3': None, 'ret_10': None, 'session_bucket': 1.0}"
2026-04-06|GLW|2026-04-06T11:08:00-04:00|short|12,2026-04-06,GLW,2026-04-06T11:08:00-04:00,short,12,0.44662752747535706,True,next_bar_open_if_replayed,"{'pressure_k': 0.0, 'spread': 0.1599999999999966, 'depth_imb_k': 0.23697396039851043, 'micro_off': -2.842170943040401e-14, 'spread_mean_10s': 0.3405000000003383, 'depth_imb_k_mean_10s': 0.10381528765249186, 'depth_imb_k_mean_60s': 0.12642022904022893, 'dist_vwap_bps': None, 'hl_range_pct': None, 'oc_change_pct': None, 'volume_rel_20': None, 'atr_pct': None, 'position_in_range': None, 'rsi': None, 'bb_position': None, 'ret_3': None, 'ret_10': None, 'session_bucket': 1.0}"
2026-04-06|GLW|2026-04-06T11:09:00-04:00|short|12,2026-04-06,GLW,2026-04-06T11:09:00-04:00,short,12,0.37807944416999817,True,next_bar_open_if_replayed,"{'pressure_k': 0.0, 'spread': 0.27000000000001023, 'depth_imb_k': 0.188375015253505, 'micro_off': 0.045000000000015916, 'spread_mean_10s': 0.27750000000060027, 'depth_imb_k_mean_10s': 0.1703729697227118, 'depth_imb_k_mean_60s': 0.15380691860900697, 'dist_vwap_bps': None, 'hl_range_pct': None, 'oc_change_pct': None, 'volume_rel_20': None, 'atr_pct': None, 'position_in_range': None, 'rsi': None, 'bb_position': None, 'ret_3': None, 'ret_10': None, 'session_bucket': 1.0}"
2026-04-06|GLW|2026-04-06T11:10:00-04:00|short|12,2026-04-06,GLW,2026-04-06T11:10:00-04:00,short,12,0.43333911895751953,True,next_bar_open_if_replayed,"{'pressure_k': 0.0, 'spread': 0.28999999999999204, 'depth_imb_k': 0.20850678964057848, 'micro_off': 0.0, 'spread_mean_10s': 0.23850000000038563, 'depth_imb_k_mean_10s': 0.26420389550104917, 'depth_imb_k_mean_60s': 0.258705035799525, 'dist_vwap_bps': None, 'hl_range_pct': None, 'oc_change_pct': None, 'volume_rel_20': None, 'atr_pct': None, 'position_in_range': None, 'rsi': None, 'bb_position': None, 'ret_3': None, 'ret_10': None, 'session_bucket': 1.0}"
2026-04-06|GLW|2026-04-06T11:11:00-04:00|long|8,2026-04-06,GLW,2026-04-06T11:11:00-04:00,long,8,0.4633735120296478,True,next_bar_open_if_replayed,"{'pressure_k': 0.0, 'spread': 0.14000000000001478, 'depth_imb_k': 0.31434586839282197, 'micro_off': 0.05727272727273203, 'spread_mean_10s': 0.13999999999941792, 'depth_imb_k_mean_10s': 0.3603234652728361, 'depth_imb_k_mean_60s': 0.32477868301731927, 'dist_vwap_bps': None, 'hl_range_pct': None, 'oc_change_pct': None, 'volume_rel_20': None, 'atr_pct': None, 'position_in_range': None, 'rsi': None, 'bb_position': None, 'ret_3': None, 'ret_10': None, 'session_bucket': 1.0}"
2026-04-06|GLW|2026-04-06T11:12:00-04:00|long|12,2026-04-06,GLW,2026-04-06T11:12:00-04:00,long,12,0.43866682052612305,True,next_bar_open_if_replayed,"{'pressure_k': 0.0, 'spread': 0.2400000000000091, 'depth_imb_k': 0.4594706684272701, 'micro_off': -0.02400000000000091, 'spread_mean_10s': 0.24950000000008005, 'depth_imb_k_mean_10s': 0.5045899737291506, 'depth_imb_k_mean_60s': 0.3370986501351804, 'dist_vwap_bps': None, 'hl_range_pct': None, 'oc_change_pct': None, 'volume_rel_20': None, 'atr_pct': None, 'position_in_range': None, 'rsi': None, 'bb_position': None, 'ret_3': None, 'ret_10': None, 'session_bucket': 1.0}"
2026-04-06|GLW|2026-04-06T11:13:00-04:00|long|12,2026-04-06,GLW,2026-04-06T11:13:00-04:00,long,12,0.35593879222869873,True,next_bar_open_if_replayed,"{'pressure_k': 0.0, 'spread': 0.4199999999999875, 'depth_imb_k': 0.26900151147490287, 'micro_off': 2.842170943040401e-14, 'spread_mean_10s': 0.431999999999789, 'depth_imb_k_mean_10s': 0.27142289184606627, 'depth_imb_k_mean_60s': 0.13147207894169735, 'dist_vwap_bps': None, 'hl_range_pct': None, 'oc_change_pct': None, 'volume_rel_20': None, 'atr_pct': None, 'position_in_range': None, 'rsi': None, 'bb_position': None, 'ret_3': None, 'ret_10': None, 'session_bucket': 1.0}"
2026-04-06|GLW|2026-04-06T11:14:00-04:00|long|8,2026-04-06,GLW,2026-04-06T11:14:00-04:00,long,8,0.41404393315315247,True,next_bar_open_if_replayed,"{'pressure_k': 0.0, 'spread': 0.28000000000000114, 'depth_imb_k': -0.03133849050037176, 'micro_off': 0.0, 'spread_mean_10s': 0.32487179487207657, 'depth_imb_k_mean_10s': -0.06701827599933424, 'depth_imb_k_mean_60s': 0.1397604137446865, 'dist_vwap_bps': None, 'hl_range_pct': None, 'oc_change_pct': None, 'volume_rel_20': None, 'atr_pct': None, 'position_in_range': None, 'rsi': None, 'bb_position': None, 'ret_3': None, 'ret_10': None, 'session_bucket': 1.0}"
2026-04-06|GLW|2026-04-06T11:15:00-04:00|short|12,2026-04-06,GLW,2026-04-06T11:15:00-04:00,short,12,0.40256908535957336,True,next_bar_open_if_replayed,"{'pressure_k': 0.0, 'spread': 0.2400000000000091, 'depth_imb_k': -0.1058688915375447, 'micro_off': -0.060000000000002274, 'spread_mean_10s': 0.24599999999991268, 'depth_imb_k_mean_10s': 0.08885588754067157, 'depth_imb_k_mean_60s': 0.0012303045648125585, 'dist_vwap_bps': None, 'hl_range_pct': None, 'oc_change_pct': None, 'volume_rel_20': None, 'atr_pct': None, 'position_in_range': None, 'rsi': None, 'bb_position': None, 'ret_3': None, 'ret_10': None, 'session_bucket': 1.0}"
2026-04-06|GLW|2026-04-06T11:16:00-04:00|short|5,2026-04-06,GLW,2026-04-06T11:16:00-04:00,short,5,0.42262229323387146,True,next_bar_open_if_replayed,"{'pressure_k': 0.0, 'spread': 0.1799999999999784, 'depth_imb_k': 0.21594284487407717, 'micro_off': 0.0, 'spread_mean_10s': 0.18000000000029104, 'depth_imb_k_mean_10s': 0.22817113613665468, 'depth_imb_k_mean_60s': 0.0533628114865173, 'dist_vwap_bps': None, 'hl_range_pct': None, 'oc_change_pct': None, 'volume_rel_20': None, 'atr_pct': None, 'position_in_range': None, 'rsi': None, 'bb_position': None, 'ret_3': None, 'ret_10': None, 'session_bucket': 1.0}"
2026-04-06|GLW|2026-04-06T11:17:00-04:00|short|12,2026-04-06,GLW,2026-04-06T11:17:00-04:00,short,12,0.47118720412254333,True,next_bar_open_if_replayed,"{'pressure_k': 0.0, 'spread': 0.12000000000000455, 'depth_imb_k': 0.08876654150375593, 'micro_off': 0.0, 'spread_mean_10s': 0.14999999999949978, 'depth_imb_k_mean_10s': 0.09861611360205416, 'depth_imb_k_mean_60s': 0.17195075872449178, 'dist_vwap_bps': None, 'hl_range_pct': None, 'oc_change_pct': None, 'volume_rel_20': None, 'atr_pct': None, 'position_in_range': None, 'rsi': None, 'bb_position': None, 'ret_3': None, 'ret_10': None, 'session_bucket': 1.0}"
2026-04-06|GLW|2026-04-06T11:18:00-04:00|short|12,2026-04-06,GLW,2026-04-06T11:18:00-04:00,short,12,0.4077140688896179,True,next_bar_open_if_replayed,"{'pressure_k': 0.0, 'spread': 0.30000000000001137, 'depth_imb_k': 0.45500620616200843, 'micro_off': 0.05000000000001137, 'spread_mean_10s': 0.34357142857106737, 'depth_imb_k_mean_10s': 0.4705755711643097, 'depth_imb_k_mean_60s': 0.26689362144776263, 'dist_vwap_bps': None, 'hl_range_pct': None, 'oc_change_pct': None, 'volume_rel_20': None, 'atr_pct': None, 'position_in_range': None, 'rsi': None, 'bb_position': None, 'ret_3': None, 'ret_10': None, 'session_bucket': 1.0}"
2026-04-06|GLW|2026-04-06T11:19:00-04:00|short|12,2026-04-06,GLW,2026-04-06T11:19:00-04:00,short,12,0.42653295397758484,True,next_bar_open_if_replayed,"{'pressure_k': 0.0, 'spread': 0.18999999999999773, 'depth_imb_k': 0.021477810976619195, 'micro_off': 0.0, 'spread_mean_10s': 0.19150000000045111, 'depth_imb_k_mean_10s': 0.020313144877013654, 'depth_imb_k_mean_60s': 0.07220425331277094, 'dist_vwap_bps': None, 'hl_range_pct': None, 'oc_change_pct': None, 'volume_rel_20': None, 'atr_pct': None, 'position_in_range': None, 'rsi': None, 'bb_position': None, 'ret_3': None, 'ret_10': None, 'session_bucket': 1.0}"
2026-04-06|GLW|2026-04-06T11:20:00-04:00|short|12,2026-04-06,GLW,2026-04-06T11:20:00-04:00,short,12,0.42058828473091125,True,next_bar_open_if_replayed,"{'pressure_k': 0.0, 'spread': 0.1799999999999784, 'depth_imb_k': -0.10728634853194473, 'micro_off': 0.0, 'spread_mean_10s': 0.1427500000002965, 'depth_imb_k_mean_10s': 0.024228093541512407, 'depth_imb_k_mean_60s': 0.01925425447564452, 'dist_vwap_bps': None, 'hl_range_pct': None, 'oc_change_pct': None, 'volume_rel_20': None, 'atr_pct': None, 'position_in_range': None, 'rsi': None, 'bb_position': None, 'ret_3': None, 'ret_10': None, 'session_bucket': 1.0}"
2026-04-06|GLW|2026-04-06T11:21:00-04:00|long|8,2026-04-06,GLW,2026-04-06T11:21:00-04:00,long,8,0.4328792691230774,True,next_bar_open_if_replayed,"{'pressure_k': 0.0, 'spread': 0.13999999999998636, 'depth_imb_k': -0.1935601945700892, 'micro_off': 0.023333333333340533, 'spread_mean_10s': 0.1315384615388841, 'depth_imb_k_mean_10s': -0.05517383577487705, 'depth_imb_k_mean_60s': -0.05517383577487705, 'dist_vwap_bps': None, 'hl_range_pct': None, 'oc_change_pct': None, 'volume_rel_20': None, 'atr_pct': None, 'position_in_range': None, 'rsi': None, 'bb_position': None, 'ret_3': None, 'ret_10': None, 'session_bucket': 1.0}"
2026-04-06|GLW|2026-04-06T11:22:00-04:00|short|12,2026-04-06,GLW,2026-04-06T11:22:00-04:00,short,12,0.44036731123924255,True,next_bar_open_if_replayed,"{'pressure_k': 0.0, 'spread': 0.3199999999999932, 'depth_imb_k': 0.31824742200714456, 'micro_off': 0.0, 'spread_mean_10s': 0.31999999999970896, 'depth_imb_k_mean_10s': 0.37153310612332463, 'depth_imb_k_mean_60s': 0.05735366541712157, 'dist_vwap_bps': None, 'hl_range_pct': None, 'oc_change_pct': None, 'volume_rel_20': None, 'atr_pct': None, 'position_in_range': None, 'rsi': None, 'bb_position': None, 'ret_3': None, 'ret_10': None, 'session_bucket': 1.0}"
2026-04-06|GLW|2026-04-06T11:23:00-04:00|short|12,2026-04-06,GLW,2026-04-06T11:23:00-04:00,short,12,0.46699637174606323,True,next_bar_open_if_replayed,"{'pressure_k': 0.0, 'spread': 0.3499999999999943, 'depth_imb_k': 0.10790237596449616, 'micro_off': 0.0, 'spread_mean_10s': 0.3340000000002874, 'depth_imb_k_mean_10s': 0.13859413430885184, 'depth_imb_k_mean_60s': 0.30704856001456804, 'dist_vwap_bps': None, 'hl_range_pct': None, 'oc_change_pct': None, 'volume_rel_20': None, 'atr_pct': None, 'position_in_range': None, 'rsi': None, 'bb_position': None, 'ret_3': None, 'ret_10': None, 'session_bucket': 1.0}"
2026-04-06|GLW|2026-04-06T11:24:00-04:00|short|12,2026-04-06,GLW,2026-04-06T11:24:00-04:00,short,12,0.4816768169403076,True,next_bar_open_if_replayed,"{'pressure_k': 0.0, 'spread': 0.37000000000000455, 'depth_imb_k': -0.1722899992764833, 'micro_off': 0.0, 'spread_mean_10s': 0.3572500000004766, 'depth_imb_k_mean_10s': 0.07521434779540641, 'depth_imb_k_mean_60s': 0.33383885036129657, 'dist_vwap_bps': None, 'hl_range_pct': None, 'oc_change_pct': None, 'volume_rel_20': None, 'atr_pct': None, 'position_in_range': None, 'rsi': None, 'bb_position': None, 'ret_3': None, 'ret_10': None, 'session_bucket': 1.0}"
2026-04-06|GLW|2026-04-06T11:25:00-04:00|short|5,2026-04-06,GLW,2026-04-06T11:25:00-04:00,short,5,0.47751107811927795,True,next_bar_open_if_replayed,"{'pressure_k': 0.0, 'spread': 0.1599999999999966, 'depth_imb_k': -0.13884044348750682, 'micro_off': 0.040000000000020464, 'spread_mean_10s': 0.2525000000004184, 'depth_imb_k_mean_10s': -0.12753417457118416, 'depth_imb_k_mean_60s': -0.026404292136301168, 'dist_vwap_bps': None, 'hl_range_pct': None, 'oc_change_pct': None, 'volume_rel_20': None, 'atr_pct': None, 'position_in_range': None, 'rsi': None, 'bb_position': None, 'ret_3': None, 'ret_10': None, 'session_bucket': 1.0}"
2026-04-06|GLW|2026-04-06T11:26:00-04:00|short|12,2026-04-06,GLW,2026-04-06T11:26:00-04:00,short,12,0.4289970397949219,True,next_bar_open_if_replayed,"{'pressure_k': 0.0, 'spread': 0.2300000000000182, 'depth_imb_k': -0.06281917111899722, 'micro_off': -0.0689999999999884, 'spread_mean_10s': 0.28299999999976533, 'depth_imb_k_mean_10s': 0.11372676409060886, 'depth_imb_k_mean_60s': -0.08772899853120636, 'dist_vwap_bps': None, 'hl_range_pct': None, 'oc_change_pct': None, 'volume_rel_20': None, 'atr_pct': None, 'position_in_range': None, 'rsi': None, 'bb_position': None, 'ret_3': None, 'ret_10': None, 'session_bucket': 1.0}"
2026-04-06|GLW|2026-04-06T11:27:00-04:00|short|12,2026-04-06,GLW,2026-04-06T11:27:00-04:00,short,12,0.44639867544174194,True,next_bar_open_if_replayed,"{'pressure_k': 0.0, 'spread': 0.13000000000002387, 'depth_imb_k': 0.09816409214511214, 'micro_off': -2.842170943040401e-14, 'spread_mean_10s': 0.12999999999919964, 'depth_imb_k_mean_10s': 0.12819256596241643, 'depth_imb_k_mean_60s': 0.10608672863473166, 'dist_vwap_bps': None, 'hl_range_pct': None, 'oc_change_pct': None, 'volume_rel_20': None, 'atr_pct': None, 'position_in_range': None, 'rsi': None, 'bb_position': None, 'ret_3': None, 'ret_10': None, 'session_bucket': 1.0}"
2026-04-06|GLW|2026-04-06T11:28:00-04:00|long|8,2026-04-06,GLW,2026-04-06T11:28:00-04:00,long,8,0.4453584551811218,True,next_bar_open_if_replayed,"{'pressure_k': 0.0, 'spread': 0.15000000000000568, 'depth_imb_k': 0.21117300232164038, 'micro_off': -0.037499999999994316, 'spread_mean_10s': 0.1499999999996362, 'depth_imb_k_mean_10s': 0.22664308701694152, 'depth_imb_k_mean_60s': 0.27188440789879564, 'dist_vwap_bps': None, 'hl_range_pct': None, 'oc_change_pct': None, 'volume_rel_20': None, 'atr_pct': None, 'position_in_range': None, 'rsi': None, 'bb_position': None, 'ret_3': None, 'ret_10': None, 'session_bucket': 1.0}"
2026-04-06|GLW|2026-04-06T11:29:00-04:00|short|12,2026-04-06,GLW,2026-04-06T11:29:00-04:00,short,12,0.384958416223526,True,next_bar_open_if_replayed,"{'pressure_k': 0.0, 'spread': 0.22999999999998977, 'depth_imb_k': 0.22650567567531715, 'micro_off': -0.023000000000024556, 'spread_mean_10s': 0.2174999999992906, 'depth_imb_k_mean_10s': 0.11057279369694015, 'depth_imb_k_mean_60s': 0.008635615325173866, 'dist_vwap_bps': None, 'hl_range_pct': None, 'oc_change_pct': None, 'volume_rel_20': None, 'atr_pct': None, 'position_in_range': None, 'rsi': None, 'bb_position': None, 'ret_3': None, 'ret_10': None, 'session_bucket': 1.0}"
2026-04-06|GLW|2026-04-06T11:30:00-04:00|short|12,2026-04-06,GLW,2026-04-06T11:30:00-04:00,short,12,0.3798307776451111,True,next_bar_open_if_replayed,"{'pressure_k': 0.0, 'spread': 0.28999999999999204, 'depth_imb_k': -0.2973630558676885, 'micro_off': 0.0, 'spread_mean_10s': 0.27307692307677384, 'depth_imb_k_mean_10s': -0.25111018177340855, 'depth_imb_k_mean_60s': -0.1285498331088827, 'dist_vwap_bps': None, 'hl_range_pct': None, 'oc_change_pct': None, 'volume_rel_20': None, 'atr_pct': None, 'position_in_range': None, 'rsi': None, 'bb_position': None, 'ret_3': None, 'ret_10': None, 'session_bucket': 1.0}"
2026-04-06|GLW|2026-04-06T11:31:00-04:00|short|12,2026-04-06,GLW,2026-04-06T11:31:00-04:00,short,12,0.4575496017932892,True,next_bar_open_if_replayed,"{'pressure_k': 0.0, 'spread': 0.25, 'depth_imb_k': -0.4266490534854895, 'micro_off': -0.04166666666665719, 'spread_mean_10s': 0.24799999999981992, 'depth_imb_k_mean_10s': -0.330657541369402, 'depth_imb_k_mean_60s': -0.1890101729162467, 'dist_vwap_bps': None, 'hl_range_pct': None, 'oc_change_pct': None, 'volume_rel_20': None, 'atr_pct': None, 'position_in_range': None, 'rsi': None, 'bb_position': None, 'ret_3': None, 'ret_10': None, 'session_bucket': 1.0}"
2026-04-06|GLW|2026-04-06T11:32:00-04:00|short|12,2026-04-06,GLW,2026-04-06T11:32:00-04:00,short,12,0.4906634986400604,True,next_bar_open_if_replayed,"{'pressure_k': 0.0, 'spread': 0.25, 'depth_imb_k': -0.4778656553250644, 'micro_off': 0.0, 'spread_mean_10s': 0.2080000000003565, 'depth_imb_k_mean_10s': -0.42100673652634557, 'depth_imb_k_mean_60s': -0.37495907549707275, 'dist_vwap_bps': None, 'hl_range_pct': None, 'oc_change_pct': None, 'volume_rel_20': None, 'atr_pct': None, 'position_in_range': None, 'rsi': None, 'bb_position': None, 'ret_3': None, 'ret_10': None, 'session_bucket': 1.0}"
2026-04-06|GLW|2026-04-06T11:33:00-04:00|short|12,2026-04-06,GLW,2026-04-06T11:33:00-04:00,short,12,0.44790536165237427,True,next_bar_open_if_replayed,"{'pressure_k': 0.0, 'spread': 0.12999999999999545, 'depth_imb_k': -0.11097486054413844, 'micro_off': -0.021666666666675383, 'spread_mean_10s': 0.1979999999991378, 'depth_imb_k_mean_10s': -0.06423174008326668, 'depth_imb_k_mean_60s': -0.27267012258125395, 'dist_vwap_bps': None, 'hl_range_pct': None, 'oc_change_pct': None, 'volume_rel_20': None, 'atr_pct': None, 'position_in_range': None, 'rsi': None, 'bb_position': None, 'ret_3': None, 'ret_10': None, 'session_bucket': 1.0}"
2026-04-06|GLW|2026-04-06T11:34:00-04:00|short|12,2026-04-06,GLW,2026-04-06T11:34:00-04:00,short,12,0.4083224833011627,True,next_bar_open_if_replayed,"{'pressure_k': 0.0, 'spread': 0.25, 'depth_imb_k': -0.2378069067232223, 'micro_off': 0.041666666666685614, 'spread_mean_10s': 0.13375000000028195, 'depth_imb_k_mean_10s': -0.19250089593992356, 'depth_imb_k_mean_60s': -0.15326496342448814, 'dist_vwap_bps': None, 'hl_range_pct': None, 'oc_change_pct': None, 'volume_rel_20': None, 'atr_pct': None, 'position_in_range': None, 'rsi': None, 'bb_position': None, 'ret_3': None, 'ret_10': None, 'session_bucket': 1.0}"
2026-04-06|GLW|2026-04-06T11:35:00-04:00|short|12,2026-04-06,GLW,2026-04-06T11:35:00-04:00,short,12,0.4526536464691162,True,next_bar_open_if_replayed,"{'pressure_k': 0.0, 'spread': 0.14000000000001478, 'depth_imb_k': -0.22009976556433716, 'micro_off': 0.03499999999996817, 'spread_mean_10s': 0.1665384615383188, 'depth_imb_k_mean_10s': -0.2982891539140138, 'depth_imb_k_mean_60s': -0.18093408610409037, 'dist_vwap_bps': None, 'hl_range_pct': None, 'oc_change_pct': None, 'volume_rel_20': None, 'atr_pct': None, 'position_in_range': None, 'rsi': None, 'bb_position': None, 'ret_3': None, 'ret_10': None, 'session_bucket': 1.0}"
2026-04-06|GLW|2026-04-06T11:36:00-04:00|long|8,2026-04-06,GLW,2026-04-06T11:36:00-04:00,long,8,0.4489295482635498,True,next_bar_open_if_replayed,"{'pressure_k': 0.0, 'spread': 0.20999999999997954, 'depth_imb_k': -0.14636256216387336, 'micro_off': -0.06299999999998818, 'spread_mean_10s': 0.26250000000027285, 'depth_imb_k_mean_10s': -0.11279130560922113, 'depth_imb_k_mean_60s': -0.10398006132365821, 'dist_vwap_bps': None, 'hl_range_pct': None, 'oc_change_pct': None, 'volume_rel_20': None, 'atr_pct': None, 'position_in_range': None, 'rsi': None, 'bb_position': None, 'ret_3': None, 'ret_10': None, 'session_bucket': 1.0}"
2026-04-06|GLW|2026-04-06T11:37:00-04:00|short|12,2026-04-06,GLW,2026-04-06T11:37:00-04:00,short,12,0.4018058180809021,True,next_bar_open_if_replayed,"{'pressure_k': 0.0, 'spread': 0.23999999999998067, 'depth_imb_k': 0.08326969209620758, 'micro_off': 0.0, 'spread_mean_10s': 0.15449999999964348, 'depth_imb_k_mean_10s': 0.16235045258895298, 'depth_imb_k_mean_60s': 0.20509113351154865, 'dist_vwap_bps': None, 'hl_range_pct': None, 'oc_change_pct': None, 'volume_rel_20': None, 'atr_pct': None, 'position_in_range': None, 'rsi': None, 'bb_position': None, 'ret_3': None, 'ret_10': None, 'session_bucket': 1.0}"
2026-04-06|GLW|2026-04-06T11:38:00-04:00|short|12,2026-04-06,GLW,2026-04-06T11:38:00-04:00,short,12,0.4375101923942566,True,next_bar_open_if_replayed,"{'pressure_k': 0.0, 'spread': 0.30000000000001137, 'depth_imb_k': 0.2509652718516585, 'micro_off': 0.0, 'spread_mean_10s': 0.25299999999942885, 'depth_imb_k_mean_10s': 0.22023730577082573, 'depth_imb_k_mean_60s': -0.04665732924752111, 'dist_vwap_bps': None, 'hl_range_pct': None, 'oc_change_pct': None, 'volume_rel_20': None, 'atr_pct': None, 'position_in_range': None, 'rsi': None, 'bb_position': None, 'ret_3': None, 'ret_10': None, 'session_bucket': 1.0}"
2026-04-06|GLW|2026-04-06T11:39:00-04:00|short|12,2026-04-06,GLW,2026-04-06T11:39:00-04:00,short,12,0.46262240409851074,True,next_bar_open_if_replayed,"{'pressure_k': 0.0, 'spread': 0.15000000000000568, 'depth_imb_k': -0.27482457823132433, 'micro_off': 2.842170943040401e-14, 'spread_mean_10s': 0.22425000000030196, 'depth_imb_k_mean_10s': -0.16002269877520234, 'depth_imb_k_mean_60s': -0.010360550083695007, 'dist_vwap_bps': None, 'hl_range_pct': None, 'oc_change_pct': None, 'volume_rel_20': None, 'atr_pct': None, 'position_in_range': None, 'rsi': None, 'bb_position': None, 'ret_3': None, 'ret_10': None, 'session_bucket': 1.0}"
2026-04-06|GLW|2026-04-06T11:40:00-04:00|short|12,2026-04-06,GLW,2026-04-06T11:40:00-04:00,short,12,0.40342622995376587,True,next_bar_open_if_replayed,"{'pressure_k': 0.0, 'spread': 0.13999999999998636, 'depth_imb_k': -0.28841953835087947, 'micro_off': 0.03499999999999659, 'spread_mean_10s': 0.13999999999941792, 'depth_imb_k_mean_10s': -0.19635073049257698, 'depth_imb_k_mean_60s': -0.13495540530971373, 'dist_vwap_bps': None, 'hl_range_pct': None, 'oc_change_pct': None, 'volume_rel_20': None, 'atr_pct': None, 'position_in_range': None, 'rsi': None, 'bb_position': None, 'ret_3': None, 'ret_10': None, 'session_bucket': 1.0}"
2026-04-06|GLW|2026-04-06T11:41:00-04:00|short|12,2026-04-06,GLW,2026-04-06T11:41:00-04:00,short,12,0.4587886929512024,True,next_bar_open_if_replayed,"{'pressure_k': 0.0, 'spread': 0.21999999999999886, 'depth_imb_k': 0.12717807325181602, 'micro_off': -0.03666666666669016, 'spread_mean_10s': 0.22349999999942155, 'depth_imb_k_mean_10s': 0.1306931201591283, 'depth_imb_k_mean_60s': -0.055628942228393395, 'dist_vwap_bps': None, 'hl_range_pct': None, 'oc_change_pct': None, 'volume_rel_20': None, 'atr_pct': None, 'position_in_range': None, 'rsi': None, 'bb_position': None, 'ret_3': None, 'ret_10': None, 'session_bucket': 1.0}"
2026-04-06|GLW|2026-04-06T11:42:00-04:00|short|12,2026-04-06,GLW,2026-04-06T11:42:00-04:00,short,12,0.44464632868766785,True,next_bar_open_if_replayed,"{'pressure_k': 0.0, 'spread': 0.13000000000002387, 'depth_imb_k': 0.2365267314501274, 'micro_off': -0.009285714285738322, 'spread_mean_10s': 0.14794871794830938, 'depth_imb_k_mean_10s': 0.1802999641704504, 'depth_imb_k_mean_60s': 0.13782494607278584, 'dist_vwap_bps': None, 'hl_range_pct': None, 'oc_change_pct': None, 'volume_rel_20': None, 'atr_pct': None, 'position_in_range': None, 'rsi': None, 'bb_position': None, 'ret_3': None, 'ret_10': None, 'session_bucket': 1.0}"
2026-04-06|GLW|2026-04-06T11:43:00-04:00|short|12,2026-04-06,GLW,2026-04-06T11:43:00-04:00,short,12,0.48108091950416565,True,next_bar_open_if_replayed,"{'pressure_k': 0.0, 'spread': 0.2599999999999909, 'depth_imb_k': -0.021013848026506115, 'micro_off': 0.0, 'spread_mean_10s': 0.21743589743621272, 'depth_imb_k_mean_10s': 0.0007402051992707689, 'depth_imb_k_mean_60s': 0.01209711459563155, 'dist_vwap_bps': None, 'hl_range_pct': None, 'oc_change_pct': None, 'volume_rel_20': None, 'atr_pct': None, 'position_in_range': None, 'rsi': None, 'bb_position': None, 'ret_3': None, 'ret_10': None, 'session_bucket': 1.0}"
2026-04-06|GLW|2026-04-06T11:44:00-04:00|short|12,2026-04-06,GLW,2026-04-06T11:44:00-04:00,short,12,0.4625866711139679,True,next_bar_open_if_replayed,"{'pressure_k': 0.0, 'spread': 0.10000000000002274, 'depth_imb_k': 0.27963128800945175, 'micro_off': 0.0, 'spread_mean_10s': 0.1000000000003638, 'depth_imb_k_mean_10s': 0.2782147170504345, 'depth_imb_k_mean_60s': 0.15422900923205787, 'dist_vwap_bps': None, 'hl_range_pct': None, 'oc_change_pct': None, 'volume_rel_20': None, 'atr_pct': None, 'position_in_range': None, 'rsi': None, 'bb_position': None, 'ret_3': None, 'ret_10': None, 'session_bucket': 1.0}"
2026-04-06|GLW|2026-04-06T11:45:00-04:00|short|12,2026-04-06,GLW,2026-04-06T11:45:00-04:00,short,12,0.39559242129325867,True,next_bar_open_if_replayed,"{'pressure_k': 0.0, 'spread': 0.18000000000000682, 'depth_imb_k': 0.08027005876775482, 'micro_off': 0.030000000000001137, 'spread_mean_10s': 0.17200000000011642, 'depth_imb_k_mean_10s': 0.19487464114210412, 'depth_imb_k_mean_60s': 0.13716997071418677, 'dist_vwap_bps': None, 'hl_range_pct': None, 'oc_change_pct': None, 'volume_rel_20': None, 'atr_pct': None, 'position_in_range': None, 'rsi': None, 'bb_position': None, 'ret_3': None, 'ret_10': None, 'session_bucket': 1.0}"
2026-04-06|GLW|2026-04-06T11:46:00-04:00|short|12,2026-04-06,GLW,2026-04-06T11:46:00-04:00,short,12,0.5270285606384277,True,next_bar_open_if_replayed,"{'pressure_k': 0.0, 'spread': 0.14000000000001478, 'depth_imb_k': -0.2373418168678882, 'micro_off': 0.0, 'spread_mean_10s': 0.2032499999992524, 'depth_imb_k_mean_10s': -0.34435744023917325, 'depth_imb_k_mean_60s': -0.13787489546155268, 'dist_vwap_bps': None, 'hl_range_pct': None, 'oc_change_pct': None, 'volume_rel_20': None, 'atr_pct': None, 'position_in_range': None, 'rsi': None, 'bb_position': None, 'ret_3': None, 'ret_10': None, 'session_bucket': 1.0}"
2026-04-06|GLW|2026-04-06T11:47:00-04:00|short|12,2026-04-06,GLW,2026-04-06T11:47:00-04:00,short,12,0.3960791230201721,True,next_bar_open_if_replayed,"{'pressure_k': 0.0, 'spread': 0.3100000000000023, 'depth_imb_k': 0.22029132219785164, 'micro_off': 0.0516666666666481, 'spread_mean_10s': 0.3024999999996908, 'depth_imb_k_mean_10s': 0.19769088656781833, 'depth_imb_k_mean_60s': 0.04139021853271425, 'dist_vwap_bps': None, 'hl_range_pct': None, 'oc_change_pct': None, 'volume_rel_20': None, 'atr_pct': None, 'position_in_range': None, 'rsi': None, 'bb_position': None, 'ret_3': None, 'ret_10': None, 'session_bucket': 1.0}"
2026-04-06|GLW|2026-04-06T11:48:00-04:00|short|12,2026-04-06,GLW,2026-04-06T11:48:00-04:00,short,12,0.46184834837913513,True,next_bar_open_if_replayed,"{'pressure_k': 0.0, 'spread': 0.22999999999998977, 'depth_imb_k': 0.27015096008611983, 'micro_off': -0.05750000000000455, 'spread_mean_10s': 0.22249999999953615, 'depth_imb_k_mean_10s': 0.3347708192758887, 'depth_imb_k_mean_60s': 0.21571435775487047, 'dist_vwap_bps': None, 'hl_range_pct': None, 'oc_change_pct': None, 'volume_rel_20': None, 'atr_pct': None, 'position_in_range': None, 'rsi': None, 'bb_position': None, 'ret_3': None, 'ret_10': None, 'session_bucket': 1.0}"
2026-04-06|GLW|2026-04-06T11:49:00-04:00|short|12,2026-04-06,GLW,2026-04-06T11:49:00-04:00,short,12,0.39591184258461,True,next_bar_open_if_replayed,"{'pressure_k': 0.0, 'spread': 0.1599999999999966, 'depth_imb_k': 0.2208395138102904, 'micro_off': 0.0, 'spread_mean_10s': 0.20499999999919966, 'depth_imb_k_mean_10s': 0.20236570105107604, 'depth_imb_k_mean_60s': 0.13520016767088217, 'dist_vwap_bps': None, 'hl_range_pct': None, 'oc_change_pct': None, 'volume_rel_20': None, 'atr_pct': None, 'position_in_range': None, 'rsi': None, 'bb_position': None, 'ret_3': None, 'ret_10': None, 'session_bucket': 1.0}"
2026-04-06|GLW|2026-04-06T11:50:00-04:00|short|12,2026-04-06,GLW,2026-04-06T11:50:00-04:00,short,12,0.44961726665496826,True,next_bar_open_if_replayed,"{'pressure_k': 0.0, 'spread': 0.11000000000001364, 'depth_imb_k': 0.0847401371943661, 'micro_off': 0.029615384615397033, 'spread_mean_10s': 0.07700000000040745, 'depth_imb_k_mean_10s': -0.16760411161802152, 'depth_imb_k_mean_60s': -0.29791119697748236, 'dist_vwap_bps': None, 'hl_range_pct': None, 'oc_change_pct': None, 'volume_rel_20': None, 'atr_pct': None, 'position_in_range': None, 'rsi': None, 'bb_position': None, 'ret_3': None, 'ret_10': None, 'session_bucket': 1.0}"
2026-04-06|GLW|2026-04-06T11:51:00-04:00|short|12,2026-04-06,GLW,2026-04-06T11:51:00-04:00,short,12,0.4616715908050537,True,next_bar_open_if_replayed,"{'pressure_k': 0.0, 'spread': 0.18999999999999773, 'depth_imb_k': 0.03690915863392267, 'micro_off': -0.04749999999998522, 'spread_mean_10s': 0.19225000000055842, 'depth_imb_k_mean_10s': 0.026261287363234943, 'depth_imb_k_mean_60s': 0.13432754817673706, 'dist_vwap_bps': None, 'hl_range_pct': None, 'oc_change_pct': None, 'volume_rel_20': None, 'atr_pct': None, 'position_in_range': None, 'rsi': None, 'bb_position': None, 'ret_3': None, 'ret_10': None, 'session_bucket': 1.0}"
2026-04-06|GLW|2026-04-06T11:52:00-04:00|short|12,2026-04-06,GLW,2026-04-06T11:52:00-04:00,short,12,0.5117866396903992,True,next_bar_open_if_replayed,"{'pressure_k': 0.0, 'spread': 0.1599999999999966, 'depth_imb_k': -0.1817363063903104, 'micro_off': -0.057142857142878256, 'spread_mean_10s': 0.16725000000001272, 'depth_imb_k_mean_10s': -0.21591495014502585, 'depth_imb_k_mean_60s': -0.07791644631595081, 'dist_vwap_bps': None, 'hl_range_pct': None, 'oc_change_pct': None, 'volume_rel_20': None, 'atr_pct': None, 'position_in_range': None, 'rsi': None, 'bb_position': None, 'ret_3': None, 'ret_10': None, 'session_bucket': 1.0}"
2026-04-06|GLW|2026-04-06T11:53:00-04:00|short|8,2026-04-06,GLW,2026-04-06T11:53:00-04:00,short,8,0.46629324555397034,True,next_bar_open_if_replayed,"{'pressure_k': 0.0, 'spread': 0.15000000000000568, 'depth_imb_k': -0.09451714541267106, 'micro_off': -0.037499999999994316, 'spread_mean_10s': 0.1499999999996362, 'depth_imb_k_mean_10s': -0.15221840171562348, 'depth_imb_k_mean_60s': -0.23735276417336906, 'dist_vwap_bps': None, 'hl_range_pct': None, 'oc_change_pct': None, 'volume_rel_20': None, 'atr_pct': None, 'position_in_range': None, 'rsi': None, 'bb_position': None, 'ret_3': None, 'ret_10': None, 'session_bucket': 1.0}"
2026-04-06|GLW|2026-04-06T11:54:00-04:00|short|12,2026-04-06,GLW,2026-04-06T11:54:00-04:00,short,12,0.4761996865272522,True,next_bar_open_if_replayed,"{'pressure_k': 0.0, 'spread': 0.15000000000000568, 'depth_imb_k': 0.5643231723001171, 'micro_off': 0.008333333333325754, 'spread_mean_10s': 0.17689655172436122, 'depth_imb_k_mean_10s': 0.6057200820642517, 'depth_imb_k_mean_60s': 0.33504621669131557, 'dist_vwap_bps': None, 'hl_range_pct': None, 'oc_change_pct': None, 'volume_rel_20': None, 'atr_pct': None, 'position_in_range': None, 'rsi': None, 'bb_position': None, 'ret_3': None, 'ret_10': None, 'session_bucket': 1.0}"
2026-04-06|GLW|2026-04-06T11:55:00-04:00|short|8,2026-04-06,GLW,2026-04-06T11:55:00-04:00,short,8,0.4992227256298065,True,next_bar_open_if_replayed,"{'pressure_k': 0.0, 'spread': 0.1599999999999966, 'depth_imb_k': 0.7817876098462286, 'micro_off': -0.026666666666642413, 'spread_mean_10s': 0.20499999999983629, 'depth_imb_k_mean_10s': 0.7701368601894274, 'depth_imb_k_mean_60s': 0.6950661920171797, 'dist_vwap_bps': None, 'hl_range_pct': None, 'oc_change_pct': None, 'volume_rel_20': None, 'atr_pct': None, 'position_in_range': None, 'rsi': None, 'bb_position': None, 'ret_3': None, 'ret_10': None, 'session_bucket': 1.0}"
2026-04-06|GLW|2026-04-06T11:56:00-04:00|long|8,2026-04-06,GLW,2026-04-06T11:56:00-04:00,long,8,0.49470698833465576,True,next_bar_open_if_replayed,"{'pressure_k': 0.0, 'spread': 0.17000000000001592, 'depth_imb_k': -0.33592499647135093, 'micro_off': 0.0, 'spread_mean_10s': 0.10149999999962347, 'depth_imb_k_mean_10s': -0.06349120587243533, 'depth_imb_k_mean_60s': 0.6115752460917003, 'dist_vwap_bps': None, 'hl_range_pct': None, 'oc_change_pct': None, 'volume_rel_20': None, 'atr_pct': None, 'position_in_range': None, 'rsi': None, 'bb_position': None, 'ret_3': None, 'ret_10': None, 'session_bucket': 1.0}"
2026-04-06|GLW|2026-04-06T11:57:00-04:00|long|8,2026-04-06,GLW,2026-04-06T11:57:00-04:00,long,8,0.6041954159736633,True,next_bar_open_if_replayed,"{'pressure_k': 0.0, 'spread': 0.09999999999999432, 'depth_imb_k': -0.2140595444555279, 'micro_off': 0.01666666666667993, 'spread_mean_10s': 0.09600000000027649, 'depth_imb_k_mean_10s': -0.06170629566378807, 'depth_imb_k_mean_60s': 0.22487410552688847, 'dist_vwap_bps': None, 'hl_range_pct': None, 'oc_change_pct': None, 'volume_rel_20': None, 'atr_pct': None, 'position_in_range': None, 'rsi': None, 'bb_position': None, 'ret_3': None, 'ret_10': None, 'session_bucket': 1.0}"
2026-04-06|GLW|2026-04-06T11:58:00-04:00|short|12,2026-04-06,GLW,2026-04-06T11:58:00-04:00,short,12,0.4329642653465271,True,next_bar_open_if_replayed,"{'pressure_k': 0.0, 'spread': 0.14000000000001478, 'depth_imb_k': 0.723488437825618, 'micro_off': -0.023333333333312112, 'spread_mean_10s': 0.14399999999950525, 'depth_imb_k_mean_10s': 0.7295551330927423, 'depth_imb_k_mean_60s': 0.3163360284472043, 'dist_vwap_bps': None, 'hl_range_pct': None, 'oc_change_pct': None, 'volume_rel_20': None, 'atr_pct': None, 'position_in_range': None, 'rsi': None, 'bb_position': None, 'ret_3': None, 'ret_10': None, 'session_bucket': 1.0}"
2026-04-06|GLW|2026-04-06T11:59:00-04:00|long|8,2026-04-06,GLW,2026-04-06T11:59:00-04:00,long,8,0.48427221179008484,True,next_bar_open_if_replayed,"{'pressure_k': 0.0, 'spread': 0.18000000000000682, 'depth_imb_k': 0.7841957067734087, 'micro_off': 0.045000000000015916, 'spread_mean_10s': 0.1695000000001528, 'depth_imb_k_mean_10s': 0.4248373421361123, 'depth_imb_k_mean_60s': 0.23120895556428278, 'dist_vwap_bps': None, 'hl_range_pct': None, 'oc_change_pct': None, 'volume_rel_20': None, 'atr_pct': None, 'position_in_range': None, 'rsi': None, 'bb_position': None, 'ret_3': None, 'ret_10': None, 'session_bucket': 1.0}"
2026-04-06|GLW|2026-04-06T12:00:00-04:00|long|8,2026-04-06,GLW,2026-04-06T12:00:00-04:00,long,8,0.5411571264266968,True,next_bar_open_if_replayed,"{'pressure_k': 0.0, 'spread': 0.14000000000001478, 'depth_imb_k': -0.3351649991685014, 'micro_off': -0.04999999999998295, 'spread_mean_10s': 0.14199999999946158, 'depth_imb_k_mean_10s': -0.18755906817089, 'depth_imb_k_mean_60s': 0.20487768215535715, 'dist_vwap_bps': None, 'hl_range_pct': None, 'oc_change_pct': None, 'volume_rel_20': None, 'atr_pct': None, 'position_in_range': None, 'rsi': None, 'bb_position': None, 'ret_3': None, 'ret_10': None, 'session_bucket': 1.0}"
2026-04-06|GLW|2026-04-06T12:01:00-04:00|long|5,2026-04-06,GLW,2026-04-06T12:01:00-04:00,long,5,0.47169995307922363,True,next_bar_open_if_replayed,"{'pressure_k': 0.0, 'spread': 0.18000000000000682, 'depth_imb_k': 0.7502123826968421, 'micro_off': 0.0, 'spread_mean_10s': 0.10717948717912151, 'depth_imb_k_mean_10s': 0.6718311319285791, 'depth_imb_k_mean_60s': -0.1006013999083788, 'dist_vwap_bps': None, 'hl_range_pct': None, 'oc_change_pct': None, 'volume_rel_20': None, 'atr_pct': None, 'position_in_range': None, 'rsi': None, 'bb_position': None, 'ret_3': None, 'ret_10': None, 'session_bucket': 1.0}"
2026-04-06|GLW|2026-04-06T12:02:00-04:00|long|8,2026-04-06,GLW,2026-04-06T12:02:00-04:00,long,8,0.4066731333732605,True,next_bar_open_if_replayed,"{'pressure_k': 0.0, 'spread': 0.4099999999999966, 'depth_imb_k': 0.5894410788805884, 'micro_off': -0.0683333333332996, 'spread_mean_10s': 0.4074999999998454, 'depth_imb_k_mean_10s': 0.5835530298421758, 'depth_imb_k_mean_60s': 0.629220847534209, 'dist_vwap_bps': None, 'hl_range_pct': None, 'oc_change_pct': None, 'volume_rel_20': None, 'atr_pct': None, 'position_in_range': None, 'rsi': None, 'bb_position': None, 'ret_3': None, 'ret_10': None, 'session_bucket': 1.0}"
2026-04-06|GLW|2026-04-06T12:03:00-04:00|long|5,2026-04-06,GLW,2026-04-06T12:03:00-04:00,long,5,0.5684877038002014,True,next_bar_open_if_replayed,"{'pressure_k': 0.0, 'spread': 0.0800000000000125, 'depth_imb_k': 0.621509202623658, 'micro_off': -2.842170943040401e-14, 'spread_mean_10s': 0.09399999999986904, 'depth_imb_k_mean_10s': 0.6203878609135132, 'depth_imb_k_mean_60s': 0.5416569788464763, 'dist_vwap_bps': None, 'hl_range_pct': None, 'oc_change_pct': None, 'volume_rel_20': None, 'atr_pct': None, 'position_in_range': None, 'rsi': None, 'bb_position': None, 'ret_3': None, 'ret_10': None, 'session_bucket': 1.0}"
2026-04-06|GLW|2026-04-06T12:04:00-04:00|long|5,2026-04-06,GLW,2026-04-06T12:04:00-04:00,long,5,0.46721121668815613,True,next_bar_open_if_replayed,"{'pressure_k': 0.0, 'spread': 0.10999999999998522, 'depth_imb_k': 0.767231729331257, 'micro_off': -0.02749999999997499, 'spread_mean_10s': 0.11333333333389489, 'depth_imb_k_mean_10s': 0.7786701701382486, 'depth_imb_k_mean_60s': 0.7715873666191231, 'dist_vwap_bps': None, 'hl_range_pct': None, 'oc_change_pct': None, 'volume_rel_20': None, 'atr_pct': None, 'position_in_range': None, 'rsi': None, 'bb_position': None, 'ret_3': None, 'ret_10': None, 'session_bucket': 1.0}"
2026-04-06|GLW|2026-04-06T12:05:00-04:00|long|5,2026-04-06,GLW,2026-04-06T12:05:00-04:00,long,5,0.46477773785591125,True,next_bar_open_if_replayed,"{'pressure_k': 0.0, 'spread': 0.09999999999999432, 'depth_imb_k': 0.7319869543747, 'micro_off': -0.025000000000005684, 'spread_mean_10s': 0.13775000000005094, 'depth_imb_k_mean_10s': 0.7407921090257445, 'depth_imb_k_mean_60s': 0.7719266964945727, 'dist_vwap_bps': None, 'hl_range_pct': None, 'oc_change_pct': None, 'volume_rel_20': None, 'atr_pct': None, 'position_in_range': None, 'rsi': None, 'bb_position': None, 'ret_3': None, 'ret_10': None, 'session_bucket': 1.0}"
2026-04-06|GLW|2026-04-06T12:06:00-04:00|short|8,2026-04-06,GLW,2026-04-06T12:06:00-04:00,short,8,0.353493332862854,True,next_bar_open_if_replayed,"{'pressure_k': 0.0, 'spread': 0.13999999999998636, 'depth_imb_k': 0.733796848726866, 'micro_off': 0.014000000000010004, 'spread_mean_10s': 0.1434999999994943, 'depth_imb_k_mean_10s': 0.7571747423375882, 'depth_imb_k_mean_60s': 0.7585157396320011, 'dist_vwap_bps': None, 'hl_range_pct': None, 'oc_change_pct': None, 'volume_rel_20': None, 'atr_pct': None, 'position_in_range': None, 'rsi': None, 'bb_position': None, 'ret_3': None, 'ret_10': None, 'session_bucket': 1.0}"
2026-04-06|GLW|2026-04-06T12:07:00-04:00|short|8,2026-04-06,GLW,2026-04-06T12:07:00-04:00,short,8,0.4383981227874756,True,next_bar_open_if_replayed,"{'pressure_k': 0.0, 'spread': 0.2300000000000182, 'depth_imb_k': 0.7000116167889409, 'micro_off': 0.0, 'spread_mean_10s': 0.20925000000002, 'depth_imb_k_mean_10s': 0.7005302723447357, 'depth_imb_k_mean_60s': 0.7170271912931169, 'dist_vwap_bps': None, 'hl_range_pct': None, 'oc_change_pct': None, 'volume_rel_20': None, 'atr_pct': None, 'position_in_range': None, 'rsi': None, 'bb_position': None, 'ret_3': None, 'ret_10': None, 'session_bucket': 1.0}"
2026-04-06|GLW|2026-04-06T12:08:00-04:00|short|3,2026-04-06,GLW,2026-04-06T12:08:00-04:00,short,3,0.43111854791641235,True,next_bar_open_if_replayed,"{'pressure_k': 0.0, 'spread': 0.17000000000001592, 'depth_imb_k': 0.1705473720246869, 'micro_off': 0.028333333333335986, 'spread_mean_10s': 0.17000000000007276, 'depth_imb_k_mean_10s': 0.16196126865080487, 'depth_imb_k_mean_60s': 0.5181036885246293, 'dist_vwap_bps': None, 'hl_range_pct': None, 'oc_change_pct': None, 'volume_rel_20': None, 'atr_pct': None, 'position_in_range': None, 'rsi': None, 'bb_position': None, 'ret_3': None, 'ret_10': None, 'session_bucket': 1.0}"
2026-04-06|GLW|2026-04-06T12:09:00-04:00|short|3,2026-04-06,GLW,2026-04-06T12:09:00-04:00,short,3,0.4260824918746948,True,next_bar_open_if_replayed,"{'pressure_k': 0.0, 'spread': 0.19999999999998863, 'depth_imb_k': 0.04423624556035436, 'micro_off': -0.05000000000001137, 'spread_mean_10s': 0.17575000000019828, 'depth_imb_k_mean_10s': 0.23458800673946598, 'depth_imb_k_mean_60s': 0.27666614784798393, 'dist_vwap_bps': None, 'hl_range_pct': None, 'oc_change_pct': None, 'volume_rel_20': None, 'atr_pct': None, 'position_in_range': None, 'rsi': None, 'bb_position': None, 'ret_3': None, 'ret_10': None, 'session_bucket': 1.0}"
2026-04-06|GLW|2026-04-06T12:10:00-04:00|long|8,2026-04-06,GLW,2026-04-06T12:10:00-04:00,long,8,0.3582143485546112,True,next_bar_open_if_replayed,"{'pressure_k': 0.0, 'spread': 0.10000000000002274, 'depth_imb_k': 0.4876221089374953, 'micro_off': 0.01666666666667993, 'spread_mean_10s': 0.12575000000019826, 'depth_imb_k_mean_10s': 0.4382850904762904, 'depth_imb_k_mean_60s': 0.4247790552340657, 'dist_vwap_bps': None, 'hl_range_pct': None, 'oc_change_pct': None, 'volume_rel_20': None, 'atr_pct': None, 'position_in_range': None, 'rsi': None, 'bb_position': None, 'ret_3': None, 'ret_10': None, 'session_bucket': 1.0}"
2026-04-06|GLW|2026-04-06T12:11:00-04:00|long|8,2026-04-06,GLW,2026-04-06T12:11:00-04:00,long,8,0.37334197759628296,True,next_bar_open_if_replayed,"{'pressure_k': 0.0, 'spread': 0.2400000000000091, 'depth_imb_k': 0.35680224674774713, 'micro_off': -0.060000000000002274, 'spread_mean_10s': 0.241249999999809, 'depth_imb_k_mean_10s': 0.3777855644592364, 'depth_imb_k_mean_60s': 0.38936488312810597, 'dist_vwap_bps': None, 'hl_range_pct': None, 'oc_change_pct': None, 'volume_rel_20': None, 'atr_pct': None, 'position_in_range': None, 'rsi': None, 'bb_position': None, 'ret_3': None, 'ret_10': None, 'session_bucket': 1.0}"
2026-04-06|GLW|2026-04-06T12:12:00-04:00|short|12,2026-04-06,GLW,2026-04-06T12:12:00-04:00,short,12,0.41814669966697693,True,next_bar_open_if_replayed,"{'pressure_k': 0.0, 'spread': 0.17000000000001592, 'depth_imb_k': 0.24103517059003166, 'micro_off': 0.0, 'spread_mean_10s': 0.17000000000007276, 'depth_imb_k_mean_10s': 0.16834342084089257, 'depth_imb_k_mean_60s': 0.23862963669840678, 'dist_vwap_bps': None, 'hl_range_pct': None, 'oc_change_pct': None, 'volume_rel_20': None, 'atr_pct': None, 'position_in_range': None, 'rsi': None, 'bb_position': None, 'ret_3': None, 'ret_10': None, 'session_bucket': 1.0}"
2026-04-06|GLW|2026-04-06T12:13:00-04:00|short|12,2026-04-06,GLW,2026-04-06T12:13:00-04:00,short,12,0.44356486201286316,True,next_bar_open_if_replayed,"{'pressure_k': 0.0, 'spread': 0.27000000000001023, 'depth_imb_k': 0.34545128222385674, 'micro_off': 0.0, 'spread_mean_10s': 0.23300000000017462, 'depth_imb_k_mean_10s': 0.3290006320543398, 'depth_imb_k_mean_60s': 0.30647270125265375, 'dist_vwap_bps': None, 'hl_range_pct': None, 'oc_change_pct': None, 'volume_rel_20': None, 'atr_pct': None, 'position_in_range': None, 'rsi': None, 'bb_position': None, 'ret_3': None, 'ret_10': None, 'session_bucket': 1.0}"
2026-04-06|GLW|2026-04-06T12:14:00-04:00|short|12,2026-04-06,GLW,2026-04-06T12:14:00-04:00,short,12,0.47095197439193726,True,next_bar_open_if_replayed,"{'pressure_k': 0.0, 'spread': 0.21000000000000796, 'depth_imb_k': 0.1972812648643974, 'micro_off': 2.842170943040401e-14, 'spread_mean_10s': 0.21174999999925603, 'depth_imb_k_mean_10s': 0.20132421669708264, 'depth_imb_k_mean_60s': 0.321502289276171, 'dist_vwap_bps': None, 'hl_range_pct': None, 'oc_change_pct': None, 'volume_rel_20': None, 'atr_pct': None, 'position_in_range': None, 'rsi': None, 'bb_position': None, 'ret_3': None, 'ret_10': None, 'session_bucket': 1.0}"
2026-04-06|GLW|2026-04-06T12:15:00-04:00|short|12,2026-04-06,GLW,2026-04-06T12:15:00-04:00,short,12,0.36263689398765564,True,next_bar_open_if_replayed,"{'pressure_k': 0.0, 'spread': 0.25, 'depth_imb_k': 0.3777732559666028, 'micro_off': 0.0, 'spread_mean_10s': 0.1449999999992997, 'depth_imb_k_mean_10s': 0.29229582368971024, 'depth_imb_k_mean_60s': 0.2572879701572025, 'dist_vwap_bps': None, 'hl_range_pct': None, 'oc_change_pct': None, 'volume_rel_20': None, 'atr_pct': None, 'position_in_range': None, 'rsi': None, 'bb_position': None, 'ret_3': None, 'ret_10': None, 'session_bucket': 1.0}"
2026-04-06|GLW|2026-04-06T12:16:00-04:00|short|12,2026-04-06,GLW,2026-04-06T12:16:00-04:00,short,12,0.41023898124694824,True,next_bar_open_if_replayed,"{'pressure_k': 0.0, 'spread': 0.17000000000001592, 'depth_imb_k': -0.049196547424535386, 'micro_off': -0.028333333333335986, 'spread_mean_10s': 0.15374999999949068, 'depth_imb_k_mean_10s': 0.22275959249693641, 'depth_imb_k_mean_60s': 0.22396923641102873, 'dist_vwap_bps': None, 'hl_range_pct': None, 'oc_change_pct': None, 'volume_rel_20': None, 'atr_pct': None, 'position_in_range': None, 'rsi': None, 'bb_position': None, 'ret_3': None, 'ret_10': None, 'session_bucket': 1.0}"
2026-04-06|GLW|2026-04-06T12:17:00-04:00|long|8,2026-04-06,GLW,2026-04-06T12:17:00-04:00,long,8,0.456238329410553,True,next_bar_open_if_replayed,"{'pressure_k': 0.0, 'spread': 0.12999999999999545, 'depth_imb_k': 0.10128462360267869, 'micro_off': 0.03899999999998727, 'spread_mean_10s': 0.11400000000030559, 'depth_imb_k_mean_10s': 0.06884035308565899, 'depth_imb_k_mean_60s': 0.16325773312593797, 'dist_vwap_bps': None, 'hl_range_pct': None, 'oc_change_pct': None, 'volume_rel_20': None, 'atr_pct': None, 'position_in_range': None, 'rsi': None, 'bb_position': None, 'ret_3': None, 'ret_10': None, 'session_bucket': 1.0}"
2026-04-06|GLW|2026-04-06T12:18:00-04:00|long|8,2026-04-06,GLW,2026-04-06T12:18:00-04:00,long,8,0.4257027506828308,True,next_bar_open_if_replayed,"{'pressure_k': 0.0, 'spread': 0.27000000000001023, 'depth_imb_k': 0.08788363081368983, 'micro_off': 0.0, 'spread_mean_10s': 0.23049999999993814, 'depth_imb_k_mean_10s': -0.08716367967438146, 'depth_imb_k_mean_60s': 0.02686944448831482, 'dist_vwap_bps': None, 'hl_range_pct': None, 'oc_change_pct': None, 'volume_rel_20': None, 'atr_pct': None, 'position_in_range': None, 'rsi': None, 'bb_position': None, 'ret_3': None, 'ret_10': None, 'session_bucket': 1.0}"
2026-04-06|GLW|2026-04-06T12:19:00-04:00|short|12,2026-04-06,GLW,2026-04-06T12:19:00-04:00,short,12,0.38346540927886963,True,next_bar_open_if_replayed,"{'pressure_k': 0.0, 'spread': 0.20999999999997954, 'depth_imb_k': -0.024043040118618193, 'micro_off': 0.0, 'spread_mean_10s': 0.15806451612866845, 'depth_imb_k_mean_10s': 0.09600589744358361, 'depth_imb_k_mean_60s': 0.2743697090549149, 'dist_vwap_bps': None, 'hl_range_pct': None, 'oc_change_pct': None, 'volume_rel_20': None, 'atr_pct': None, 'position_in_range': None, 'rsi': None, 'bb_position': None, 'ret_3': None, 'ret_10': None, 'session_bucket': 1.0}"
2026-04-06|GLW|2026-04-06T12:20:00-04:00|long|8,2026-04-06,GLW,2026-04-06T12:20:00-04:00,long,8,0.41660159826278687,True,next_bar_open_if_replayed,"{'pressure_k': 0.0, 'spread': 0.19999999999998863, 'depth_imb_k': 0.19695161096176222, 'micro_off': 0.03333333333333144, 'spread_mean_10s': 0.25499999999992723, 'depth_imb_k_mean_10s': 0.11309607060012468, 'depth_imb_k_mean_60s': 0.07878824379864233, 'dist_vwap_bps': None, 'hl_range_pct': None, 'oc_change_pct': None, 'volume_rel_20': None, 'atr_pct': None, 'position_in_range': None, 'rsi': None, 'bb_position': None, 'ret_3': None, 'ret_10': None, 'session_bucket': 1.0}"
2026-04-06|GLW|2026-04-06T12:21:00-04:00|short|12,2026-04-06,GLW,2026-04-06T12:21:00-04:00,short,12,0.44030267000198364,True,next_bar_open_if_replayed,"{'pressure_k': 0.0, 'spread': 0.09000000000000341, 'depth_imb_k': 0.04103166000970101, 'micro_off': -0.036818181818176754, 'spread_mean_10s': 0.09000000000014552, 'depth_imb_k_mean_10s': 0.05551314125920044, 'depth_imb_k_mean_60s': 0.06576606326592749, 'dist_vwap_bps': None, 'hl_range_pct': None, 'oc_change_pct': None, 'volume_rel_20': None, 'atr_pct': None, 'position_in_range': None, 'rsi': None, 'bb_position': None, 'ret_3': None, 'ret_10': None, 'session_bucket': 1.0}"
2026-04-06|GLW|2026-04-06T12:22:00-04:00|short|12,2026-04-06,GLW,2026-04-06T12:22:00-04:00,short,12,0.36248502135276794,True,next_bar_open_if_replayed,"{'pressure_k': 0.0, 'spread': 0.13000000000002387, 'depth_imb_k': 0.06597701559443761, 'micro_off': 0.02166666666664696, 'spread_mean_10s': 0.0992499999996653, 'depth_imb_k_mean_10s': -0.11741078474353799, 'depth_imb_k_mean_60s': -0.06361880904317534, 'dist_vwap_bps': None, 'hl_range_pct': None, 'oc_change_pct': None, 'volume_rel_20': None, 'atr_pct': None, 'position_in_range': None, 'rsi': None, 'bb_position': None, 'ret_3': None, 'ret_10': None, 'session_bucket': 1.0}"
2026-04-06|GLW|2026-04-06T12:23:00-04:00|short|12,2026-04-06,GLW,2026-04-06T12:23:00-04:00,short,12,0.4032427966594696,True,next_bar_open_if_replayed,"{'pressure_k': 0.0, 'spread': 0.12999999999999545, 'depth_imb_k': 0.06381843991195554, 'micro_off': -0.01300000000000523, 'spread_mean_10s': 0.11699999999982538, 'depth_imb_k_mean_10s': 0.04127043265697239, 'depth_imb_k_mean_60s': -0.03328716896293782, 'dist_vwap_bps': None, 'hl_range_pct': None, 'oc_change_pct': None, 'volume_rel_20': None, 'atr_pct': None, 'position_in_range': None, 'rsi': None, 'bb_position': None, 'ret_3': None, 'ret_10': None, 'session_bucket': 1.0}"
2026-04-06|GLW|2026-04-06T12:24:00-04:00|short|12,2026-04-06,GLW,2026-04-06T12:24:00-04:00,short,12,0.39668166637420654,True,next_bar_open_if_replayed,"{'pressure_k': 0.0, 'spread': 0.12000000000000455, 'depth_imb_k': 0.33161109294725677, 'micro_off': -0.020000000000010232, 'spread_mean_10s': 0.13149999999968714, 'depth_imb_k_mean_10s': 0.3258917692350337, 'depth_imb_k_mean_60s': 0.24062614577457186, 'dist_vwap_bps': None, 'hl_range_pct': None, 'oc_change_pct': None, 'volume_rel_20': None, 'atr_pct': None, 'position_in_range': None, 'rsi': None, 'bb_position': None, 'ret_3': None, 'ret_10': None, 'session_bucket': 1.0}"
2026-04-06|GLW|2026-04-06T12:25:00-04:00|short|12,2026-04-06,GLW,2026-04-06T12:25:00-04:00,short,12,0.38701051473617554,True,next_bar_open_if_replayed,"{'pressure_k': 0.0, 'spread': 0.0800000000000125, 'depth_imb_k': 0.41509637912137637, 'micro_off': -0.01999999999998181, 'spread_mean_10s': 0.07999999999992724, 'depth_imb_k_mean_10s': 0.41511372109787315, 'depth_imb_k_mean_60s': 0.2100693123921819, 'dist_vwap_bps': None, 'hl_range_pct': None, 'oc_change_pct': None, 'volume_rel_20': None, 'atr_pct': None, 'position_in_range': None, 'rsi': None, 'bb_position': None, 'ret_3': None, 'ret_10': None, 'session_bucket': 1.0}"
2026-04-06|GLW|2026-04-06T12:26:00-04:00|short|12,2026-04-06,GLW,2026-04-06T12:26:00-04:00,short,12,0.48057886958122253,True,next_bar_open_if_replayed,"{'pressure_k': 0.0, 'spread': 0.10999999999998522, 'depth_imb_k': -0.04525076951970788, 'micro_off': -0.011000000000024102, 'spread_mean_10s': 0.11000000000058208, 'depth_imb_k_mean_10s': -0.0377884778664793, 'depth_imb_k_mean_60s': -0.017884504895786944, 'dist_vwap_bps': None, 'hl_range_pct': None, 'oc_change_pct': None, 'volume_rel_20': None, 'atr_pct': None, 'position_in_range': None, 'rsi': None, 'bb_position': None, 'ret_3': None, 'ret_10': None, 'session_bucket': 1.0}"
2026-04-06|GLW|2026-04-06T12:27:00-04:00|short|12,2026-04-06,GLW,2026-04-06T12:27:00-04:00,short,12,0.4598785638809204,True,next_bar_open_if_replayed,"{'pressure_k': 0.0, 'spread': 0.14000000000001478, 'depth_imb_k': 0.1475795099578049, 'micro_off': 2.842170943040401e-14, 'spread_mean_10s': 0.16324999999992543, 'depth_imb_k_mean_10s': 0.27178203102953374, 'depth_imb_k_mean_60s': 0.15668676208694401, 'dist_vwap_bps': None, 'hl_range_pct': None, 'oc_change_pct': None, 'volume_rel_20': None, 'atr_pct': None, 'position_in_range': None, 'rsi': None, 'bb_position': None, 'ret_3': None, 'ret_10': None, 'session_bucket': 1.0}"
2026-04-06|GLW|2026-04-06T12:28:00-04:00|short|12,2026-04-06,GLW,2026-04-06T12:28:00-04:00,short,12,0.4451107978820801,True,next_bar_open_if_replayed,"{'pressure_k': 0.0, 'spread': 0.21999999999999886, 'depth_imb_k': 0.10905671723941107, 'micro_off': 0.0549999999999784, 'spread_mean_10s': 0.1734999999996944, 'depth_imb_k_mean_10s': 0.060779465581072147, 'depth_imb_k_mean_60s': 0.08020449460144619, 'dist_vwap_bps': None, 'hl_range_pct': None, 'oc_change_pct': None, 'volume_rel_20': None, 'atr_pct': None, 'position_in_range': None, 'rsi': None, 'bb_position': None, 'ret_3': None, 'ret_10': None, 'session_bucket': 1.0}"
2026-04-06|GLW|2026-04-06T12:29:00-04:00|short|12,2026-04-06,GLW,2026-04-06T12:29:00-04:00,short,12,0.36253392696380615,True,next_bar_open_if_replayed,"{'pressure_k': 0.0, 'spread': 0.11000000000001364, 'depth_imb_k': 0.40641978872653844, 'micro_off': 0.0, 'spread_mean_10s': 0.1982500000005075, 'depth_imb_k_mean_10s': 0.3290248696880781, 'depth_imb_k_mean_60s': 0.1885792859976819, 'dist_vwap_bps': None, 'hl_range_pct': None, 'oc_change_pct': None, 'volume_rel_20': None, 'atr_pct': None, 'position_in_range': None, 'rsi': None, 'bb_position': None, 'ret_3': None, 'ret_10': None, 'session_bucket': 1.0}"
2026-04-06|GLW|2026-04-06T12:30:00-04:00|short|12,2026-04-06,GLW,2026-04-06T12:30:00-04:00,short,12,0.4642515778541565,True,next_bar_open_if_replayed,"{'pressure_k': 0.0, 'spread': 0.09000000000000341, 'depth_imb_k': 0.38853132329615286, 'micro_off': 0.014999999999986358, 'spread_mean_10s': 0.10100000000029467, 'depth_imb_k_mean_10s': 0.37553261233747437, 'depth_imb_k_mean_60s': 0.39272398124231434, 'dist_vwap_bps': None, 'hl_range_pct': None, 'oc_change_pct': None, 'volume_rel_20': None, 'atr_pct': None, 'position_in_range': None, 'rsi': None, 'bb_position': None, 'ret_3': None, 'ret_10': None, 'session_bucket': 1.0}"
2026-04-06|GLW|2026-04-06T12:31:00-04:00|short|12,2026-04-06,GLW,2026-04-06T12:31:00-04:00,short,12,0.4224195182323456,True,next_bar_open_if_replayed,"{'pressure_k': 0.0, 'spread': 0.12999999999999545, 'depth_imb_k': 0.15553097345132744, 'micro_off': 0.0, 'spread_mean_10s': 0.14433333333284584, 'depth_imb_k_mean_10s': 0.2652641948111674, 'depth_imb_k_mean_60s': 0.28792890837512214, 'dist_vwap_bps': None, 'hl_range_pct': None, 'oc_change_pct': None, 'volume_rel_20': None, 'atr_pct': None, 'position_in_range': None, 'rsi': None, 'bb_position': None, 'ret_3': None, 'ret_10': None, 'session_bucket': 2.0}"
2026-04-06|GLW|2026-04-06T12:32:00-04:00|short|12,2026-04-06,GLW,2026-04-06T12:32:00-04:00,short,12,0.44581469893455505,True,next_bar_open_if_replayed,"{'pressure_k': 0.0, 'spread': 0.15000000000000568, 'depth_imb_k': -0.3108660470159028, 'micro_off': 2.842170943040401e-14, 'spread_mean_10s': 0.12549999999982903, 'depth_imb_k_mean_10s': -0.3774750132402005, 'depth_imb_k_mean_60s': 0.030398487637466318, 'dist_vwap_bps': None, 'hl_range_pct': None, 'oc_change_pct': None, 'volume_rel_20': None, 'atr_pct': None, 'position_in_range': None, 'rsi': None, 'bb_position': None, 'ret_3': None, 'ret_10': None, 'session_bucket': 2.0}"
2026-04-06|GLW|2026-04-06T12:33:00-04:00|short|3,2026-04-06,GLW,2026-04-06T12:33:00-04:00,short,3,0.4451585114002228,True,next_bar_open_if_replayed,"{'pressure_k': 0.0, 'spread': 0.12000000000000455, 'depth_imb_k': 0.3513862901095815, 'micro_off': -0.036000000000001364, 'spread_mean_10s': 0.17400000000043292, 'depth_imb_k_mean_10s': 0.3558533921847129, 'depth_imb_k_mean_60s': 0.06119253931330346, 'dist_vwap_bps': None, 'hl_range_pct': None, 'oc_change_pct': None, 'volume_rel_20': None, 'atr_pct': None, 'position_in_range': None, 'rsi': None, 'bb_position': None, 'ret_3': None, 'ret_10': None, 'session_bucket': 2.0}"
2026-04-06|GLW|2026-04-06T12:34:00-04:00|short|12,2026-04-06,GLW,2026-04-06T12:34:00-04:00,short,12,0.4141766428947449,True,next_bar_open_if_replayed,"{'pressure_k': 0.0, 'spread': 0.1599999999999966, 'depth_imb_k': 0.24720157460483938, 'micro_off': 0.0, 'spread_mean_10s': 0.16199999999989814, 'depth_imb_k_mean_10s': 0.2301035346658864, 'depth_imb_k_mean_60s': 0.3577205451746061, 'dist_vwap_bps': None, 'hl_range_pct': None, 'oc_change_pct': None, 'volume_rel_20': None, 'atr_pct': None, 'position_in_range': None, 'rsi': None, 'bb_position': None, 'ret_3': None, 'ret_10': None, 'session_bucket': 2.0}"
2026-04-06|GLW|2026-04-06T12:35:00-04:00|short|3,2026-04-06,GLW,2026-04-06T12:35:00-04:00,short,3,0.43580690026283264,True,next_bar_open_if_replayed,"{'pressure_k': 0.0, 'spread': 0.11000000000001364, 'depth_imb_k': 0.08025840862588224, 'micro_off': 0.03666666666666174, 'spread_mean_10s': 0.11000000000058208, 'depth_imb_k_mean_10s': 0.05078368913550548, 'depth_imb_k_mean_60s': 0.1960208009324281, 'dist_vwap_bps': None, 'hl_range_pct': None, 'oc_change_pct': None, 'volume_rel_20': None, 'atr_pct': None, 'position_in_range': None, 'rsi': None, 'bb_position': None, 'ret_3': None, 'ret_10': None, 'session_bucket': 2.0}"
2026-04-06|GLW|2026-04-06T12:36:00-04:00|short|12,2026-04-06,GLW,2026-04-06T12:36:00-04:00,short,12,0.5117130875587463,True,next_bar_open_if_replayed,"{'pressure_k': 0.0, 'spread': 0.19999999999998863, 'depth_imb_k': -0.16429658141398823, 'micro_off': 0.03333333333333144, 'spread_mean_10s': 0.1447500000000673, 'depth_imb_k_mean_10s': -0.05448532327266094, 'depth_imb_k_mean_60s': -0.0045488672723746765, 'dist_vwap_bps': None, 'hl_range_pct': None, 'oc_change_pct': None, 'volume_rel_20': None, 'atr_pct': None, 'position_in_range': None, 'rsi': None, 'bb_position': None, 'ret_3': None, 'ret_10': None, 'session_bucket': 2.0}"
2026-04-06|GLW|2026-04-06T12:37:00-04:00|short|12,2026-04-06,GLW,2026-04-06T12:37:00-04:00,short,12,0.509555995464325,True,next_bar_open_if_replayed,"{'pressure_k': 0.0, 'spread': 0.05000000000001137, 'depth_imb_k': -0.2587900079137072, 'micro_off': -0.008333333333325754, 'spread_mean_10s': 0.10717948717949465, 'depth_imb_k_mean_10s': -0.028629799464630568, 'depth_imb_k_mean_60s': -0.1127507703394898, 'dist_vwap_bps': None, 'hl_range_pct': None, 'oc_change_pct': None, 'volume_rel_20': None, 'atr_pct': None, 'position_in_range': None, 'rsi': None, 'bb_position': None, 'ret_3': None, 'ret_10': None, 'session_bucket': 2.0}"
2026-04-06|GLW|2026-04-06T12:38:00-04:00|short|12,2026-04-06,GLW,2026-04-06T12:38:00-04:00,short,12,0.4893587827682495,True,next_bar_open_if_replayed,"{'pressure_k': 0.0, 'spread': 0.19999999999998863, 'depth_imb_k': -0.22097328106869027, 'micro_off': 0.0, 'spread_mean_10s': 0.2205000000001746, 'depth_imb_k_mean_10s': -0.1888153863675825, 'depth_imb_k_mean_60s': -0.26821916567029014, 'dist_vwap_bps': None, 'hl_range_pct': None, 'oc_change_pct': None, 'volume_rel_20': None, 'atr_pct': None, 'position_in_range': None, 'rsi': None, 'bb_position': None, 'ret_3': None, 'ret_10': None, 'session_bucket': 2.0}"
2026-04-06|GLW|2026-04-06T12:39:00-04:00|short|12,2026-04-06,GLW,2026-04-06T12:39:00-04:00,short,12,0.5327981114387512,True,next_bar_open_if_replayed,"{'pressure_k': 0.0, 'spread': 0.18999999999999773, 'depth_imb_k': 0.21782837662588225, 'micro_off': 0.0, 'spread_mean_10s': 0.20624999999959073, 'depth_imb_k_mean_10s': 0.348175293803456, 'depth_imb_k_mean_60s': 0.009913443283542385, 'dist_vwap_bps': None, 'hl_range_pct': None, 'oc_change_pct': None, 'volume_rel_20': None, 'atr_pct': None, 'position_in_range': None, 'rsi': None, 'bb_position': None, 'ret_3': None, 'ret_10': None, 'session_bucket': 2.0}"
2026-04-06|GLW|2026-04-06T12:40:00-04:00|short|12,2026-04-06,GLW,2026-04-06T12:40:00-04:00,short,12,0.4725869297981262,True,next_bar_open_if_replayed,"{'pressure_k': 0.0, 'spread': 0.12000000000000455, 'depth_imb_k': 0.24779753489028095, 'micro_off': 0.0, 'spread_mean_10s': 0.19049999999961073, 'depth_imb_k_mean_10s': 0.24173544089208007, 'depth_imb_k_mean_60s': 0.25167611324485234, 'dist_vwap_bps': None, 'hl_range_pct': None, 'oc_change_pct': None, 'volume_rel_20': None, 'atr_pct': None, 'position_in_range': None, 'rsi': None, 'bb_position': None, 'ret_3': None, 'ret_10': None, 'session_bucket': 2.0}"
2026-04-06|GLW|2026-04-06T12:41:00-04:00|short|12,2026-04-06,GLW,2026-04-06T12:41:00-04:00,short,12,0.4719807207584381,True,next_bar_open_if_replayed,"{'pressure_k': 0.0, 'spread': 0.0700000000000216, 'depth_imb_k': -0.43646349487706293, 'micro_off': -0.028636363636337592, 'spread_mean_10s': 0.1354999999995016, 'depth_imb_k_mean_10s': -0.3020777154313009, 'depth_imb_k_mean_60s': 0.07978061420397949, 'dist_vwap_bps': None, 'hl_range_pct': None, 'oc_change_pct': None, 'volume_rel_20': None, 'atr_pct': None, 'position_in_range': None, 'rsi': None, 'bb_position': None, 'ret_3': None, 'ret_10': None, 'session_bucket': 2.0}"
2026-04-06|GLW|2026-04-06T12:42:00-04:00|short|12,2026-04-06,GLW,2026-04-06T12:42:00-04:00,short,12,0.4776771068572998,True,next_bar_open_if_replayed,"{'pressure_k': 0.0, 'spread': 0.15000000000000568, 'depth_imb_k': 0.12854071768578187, 'micro_off': -0.024999999999977263, 'spread_mean_10s': 0.11850000000058572, 'depth_imb_k_mean_10s': -0.13903252474628972, 'depth_imb_k_mean_60s': 0.035155712215299985, 'dist_vwap_bps': None, 'hl_range_pct': None, 'oc_change_pct': None, 'volume_rel_20': None, 'atr_pct': None, 'position_in_range': None, 'rsi': None, 'bb_position': None, 'ret_3': None, 'ret_10': None, 'session_bucket': 2.0}"
2026-04-06|GLW|2026-04-06T12:43:00-04:00|short|12,2026-04-06,GLW,2026-04-06T12:43:00-04:00,short,12,0.4483790099620819,True,next_bar_open_if_replayed,"{'pressure_k': 0.0, 'spread': 0.2400000000000091, 'depth_imb_k': 0.27592117356834256, 'micro_off': 0.0, 'spread_mean_10s': 0.23999999999978172, 'depth_imb_k_mean_10s': 0.3479004482207074, 'depth_imb_k_mean_60s': 0.26832135199778934, 'dist_vwap_bps': None, 'hl_range_pct': None, 'oc_change_pct': None, 'volume_rel_20': None, 'atr_pct': None, 'position_in_range': None, 'rsi': None, 'bb_position': None, 'ret_3': None, 'ret_10': None, 'session_bucket': 2.0}"
2026-04-06|GLW|2026-04-06T12:44:00-04:00|short|12,2026-04-06,GLW,2026-04-06T12:44:00-04:00,short,12,0.4146100878715515,True,next_bar_open_if_replayed,"{'pressure_k': 0.0, 'spread': 0.13999999999998636, 'depth_imb_k': 0.40791535927572364, 'micro_off': -0.023333333333340533, 'spread_mean_10s': 0.13999999999941792, 'depth_imb_k_mean_10s': 0.4220324454222897, 'depth_imb_k_mean_60s': 0.3764284410512727, 'dist_vwap_bps': None, 'hl_range_pct': None, 'oc_change_pct': None, 'volume_rel_20': None, 'atr_pct': None, 'position_in_range': None, 'rsi': None, 'bb_position': None, 'ret_3': None, 'ret_10': None, 'session_bucket': 2.0}"
2026-04-06|GLW|2026-04-06T12:45:00-04:00|short|12,2026-04-06,GLW,2026-04-06T12:45:00-04:00,short,12,0.40929269790649414,True,next_bar_open_if_replayed,"{'pressure_k': 0.0, 'spread': 0.20999999999997954, 'depth_imb_k': 0.12031384754737344, 'micro_off': -0.03499999999999659, 'spread_mean_10s': 0.27199999999979807, 'depth_imb_k_mean_10s': 0.1389825627036771, 'depth_imb_k_mean_60s': 0.20705165999202277, 'dist_vwap_bps': None, 'hl_range_pct': None, 'oc_change_pct': None, 'volume_rel_20': None, 'atr_pct': None, 'position_in_range': None, 'rsi': None, 'bb_position': None, 'ret_3': None, 'ret_10': None, 'session_bucket': 2.0}"
2026-04-06|GLW|2026-04-06T12:46:00-04:00|short|12,2026-04-06,GLW,2026-04-06T12:46:00-04:00,short,12,0.4810076951980591,True,next_bar_open_if_replayed,"{'pressure_k': 0.0, 'spread': 0.14999999999997726, 'depth_imb_k': -0.17566472513352696, 'micro_off': 0.014999999999986358, 'spread_mean_10s': 0.1499999999996362, 'depth_imb_k_mean_10s': -0.15607995248187762, 'depth_imb_k_mean_60s': -0.033932108403026795, 'dist_vwap_bps': None, 'hl_range_pct': None, 'oc_change_pct': None, 'volume_rel_20': None, 'atr_pct': None, 'position_in_range': None, 'rsi': None, 'bb_position': None, 'ret_3': None, 'ret_10': None, 'session_bucket': 2.0}"
2026-04-06|GLW|2026-04-06T12:47:00-04:00|short|12,2026-04-06,GLW,2026-04-06T12:47:00-04:00,short,12,0.5076596736907959,True,next_bar_open_if_replayed,"{'pressure_k': 0.0, 'spread': 0.15000000000000568, 'depth_imb_k': -0.1835952735317152, 'micro_off': 0.0, 'spread_mean_10s': 0.1499999999996362, 'depth_imb_k_mean_10s': -0.16803341921141426, 'depth_imb_k_mean_60s': -0.18149920561852792, 'dist_vwap_bps': None, 'hl_range_pct': None, 'oc_change_pct': None, 'volume_rel_20': None, 'atr_pct': None, 'position_in_range': None, 'rsi': None, 'bb_position': None, 'ret_3': None, 'ret_10': None, 'session_bucket': 2.0}"
2026-04-06|GLW|2026-04-06T12:48:00-04:00|short|12,2026-04-06,GLW,2026-04-06T12:48:00-04:00,short,12,0.479519248008728,True,next_bar_open_if_replayed,"{'pressure_k': 0.0, 'spread': 0.09999999999999432, 'depth_imb_k': 0.12332413206891074, 'micro_off': 2.842170943040401e-14, 'spread_mean_10s': 0.09025000000015097, 'depth_imb_k_mean_10s': 0.11421305417266012, 'depth_imb_k_mean_60s': -0.09540174995475442, 'dist_vwap_bps': None, 'hl_range_pct': None, 'oc_change_pct': None, 'volume_rel_20': None, 'atr_pct': None, 'position_in_range': None, 'rsi': None, 'bb_position': None, 'ret_3': None, 'ret_10': None, 'session_bucket': 2.0}"
2026-04-06|GLW|2026-04-06T12:49:00-04:00|short|12,2026-04-06,GLW,2026-04-06T12:49:00-04:00,short,12,0.5058984756469727,True,next_bar_open_if_replayed,"{'pressure_k': 0.0, 'spread': 0.07999999999998408, 'depth_imb_k': 0.1499573263390162, 'micro_off': 0.0, 'spread_mean_10s': 0.07999999999992724, 'depth_imb_k_mean_10s': 0.13176412406267823, 'depth_imb_k_mean_60s': 0.029456966524205548, 'dist_vwap_bps': None, 'hl_range_pct': None, 'oc_change_pct': None, 'volume_rel_20': None, 'atr_pct': None, 'position_in_range': None, 'rsi': None, 'bb_position': None, 'ret_3': None, 'ret_10': None, 'session_bucket': 2.0}"
2026-04-06|GLW|2026-04-06T12:50:00-04:00|short|12,2026-04-06,GLW,2026-04-06T12:50:00-04:00,short,12,0.4467170238494873,True,next_bar_open_if_replayed,"{'pressure_k': 0.0, 'spread': 0.09000000000000341, 'depth_imb_k': 0.3645690937726959, 'micro_off': 0.0, 'spread_mean_10s': 0.09000000000014552, 'depth_imb_k_mean_10s': 0.31652781048474027, 'depth_imb_k_mean_60s': 0.28175955130640273, 'dist_vwap_bps': None, 'hl_range_pct': None, 'oc_change_pct': None, 'volume_rel_20': None, 'atr_pct': None, 'position_in_range': None, 'rsi': None, 'bb_position': None, 'ret_3': None, 'ret_10': None, 'session_bucket': 2.0}"
2026-04-06|GLW|2026-04-06T12:51:00-04:00|short|12,2026-04-06,GLW,2026-04-06T12:51:00-04:00,short,12,0.47890302538871765,True,next_bar_open_if_replayed,"{'pressure_k': 0.0, 'spread': 0.09000000000000341, 'depth_imb_k': 0.4136218921829448, 'micro_off': 0.0, 'spread_mean_10s': 0.05149999999935062, 'depth_imb_k_mean_10s': 0.41376472386632485, 'depth_imb_k_mean_60s': 0.37618506438340554, 'dist_vwap_bps': None, 'hl_range_pct': None, 'oc_change_pct': None, 'volume_rel_20': None, 'atr_pct': None, 'position_in_range': None, 'rsi': None, 'bb_position': None, 'ret_3': None, 'ret_10': None, 'session_bucket': 2.0}"
2026-04-06|GLW|2026-04-06T12:52:00-04:00|short|12,2026-04-06,GLW,2026-04-06T12:52:00-04:00,short,12,0.3905143737792969,True,next_bar_open_if_replayed,"{'pressure_k': 0.0, 'spread': 0.12000000000000455, 'depth_imb_k': 0.29292210247875056, 'micro_off': 0.0, 'spread_mean_10s': 0.12472972972972383, 'depth_imb_k_mean_10s': 0.21713977395428802, 'depth_imb_k_mean_60s': 0.3300955110828172, 'dist_vwap_bps': None, 'hl_range_pct': None, 'oc_change_pct': None, 'volume_rel_20': None, 'atr_pct': None, 'position_in_range': None, 'rsi': None, 'bb_position': None, 'ret_3': None, 'ret_10': None, 'session_bucket': 2.0}"
2026-04-06|GLW|2026-04-06T12:53:00-04:00|short|12,2026-04-06,GLW,2026-04-06T12:53:00-04:00,short,12,0.3847242295742035,True,next_bar_open_if_replayed,"{'pressure_k': 0.0, 'spread': 0.10999999999998522, 'depth_imb_k': 0.29879168414609825, 'micro_off': 0.0, 'spread_mean_10s': 0.11325000000065302, 'depth_imb_k_mean_10s': 0.2683211887313064, 'depth_imb_k_mean_60s': 0.2474545497620132, 'dist_vwap_bps': None, 'hl_range_pct': None, 'oc_change_pct': None, 'volume_rel_20': None, 'atr_pct': None, 'position_in_range': None, 'rsi': None, 'bb_position': None, 'ret_3': None, 'ret_10': None, 'session_bucket': 2.0}"
2026-04-06|GLW|2026-04-06T12:54:00-04:00|short|12,2026-04-06,GLW,2026-04-06T12:54:00-04:00,short,12,0.5011982321739197,True,next_bar_open_if_replayed,"{'pressure_k': 0.0, 'spread': 0.1599999999999966, 'depth_imb_k': 0.22966030752962946, 'micro_off': -0.026666666666699257, 'spread_mean_10s': 0.15574999999976172, 'depth_imb_k_mean_10s': 0.25557136868214914, 'depth_imb_k_mean_60s': 0.26672238581206786, 'dist_vwap_bps': None, 'hl_range_pct': None, 'oc_change_pct': None, 'volume_rel_20': None, 'atr_pct': None, 'position_in_range': None, 'rsi': None, 'bb_position': None, 'ret_3': None, 'ret_10': None, 'session_bucket': 2.0}"
2026-04-06|GLW|2026-04-06T12:55:00-04:00|short|12,2026-04-06,GLW,2026-04-06T12:55:00-04:00,short,12,0.40622955560684204,True,next_bar_open_if_replayed,"{'pressure_k': 0.0, 'spread': 0.13999999999998636, 'depth_imb_k': 0.3942628035016594, 'micro_off': 0.014000000000010004, 'spread_mean_10s': 0.169999999999618, 'depth_imb_k_mean_10s': 0.3440732506148379, 'depth_imb_k_mean_60s': 0.3007597196513186, 'dist_vwap_bps': None, 'hl_range_pct': None, 'oc_change_pct': None, 'volume_rel_20': None, 'atr_pct': None, 'position_in_range': None, 'rsi': None, 'bb_position': None, 'ret_3': None, 'ret_10': None, 'session_bucket': 2.0}"
2026-04-06|GLW|2026-04-06T12:56:00-04:00|long|12,2026-04-06,GLW,2026-04-06T12:56:00-04:00,long,12,0.35169675946235657,True,next_bar_open_if_replayed,"{'pressure_k': 0.0, 'spread': 0.1699999999999875, 'depth_imb_k': 0.31443928127750354, 'micro_off': 0.05884615384613312, 'spread_mean_10s': 0.15925000000006548, 'depth_imb_k_mean_10s': 0.2530322387729484, 'depth_imb_k_mean_60s': 0.29692901999947446, 'dist_vwap_bps': None, 'hl_range_pct': None, 'oc_change_pct': None, 'volume_rel_20': None, 'atr_pct': None, 'position_in_range': None, 'rsi': None, 'bb_position': None, 'ret_3': None, 'ret_10': None, 'session_bucket': 2.0}"
2026-04-06|GLW|2026-04-06T12:57:00-04:00|short|12,2026-04-06,GLW,2026-04-06T12:57:00-04:00,short,12,0.35122209787368774,True,next_bar_open_if_replayed,"{'pressure_k': 0.0, 'spread': 0.27000000000001023, 'depth_imb_k': 0.02466244349274328, 'micro_off': 0.045000000000015916, 'spread_mean_10s': 0.17048780487764417, 'depth_imb_k_mean_10s': 0.13093002793594655, 'depth_imb_k_mean_60s': 0.1350291899438048, 'dist_vwap_bps': None, 'hl_range_pct': None, 'oc_change_pct': None, 'volume_rel_20': None, 'atr_pct': None, 'position_in_range': None, 'rsi': None, 'bb_position': None, 'ret_3': None, 'ret_10': None, 'session_bucket': 2.0}"
2026-04-06|GLW|2026-04-06T12:58:00-04:00|short|12,2026-04-06,GLW,2026-04-06T12:58:00-04:00,short,12,0.3685305118560791,True,next_bar_open_if_replayed,"{'pressure_k': 0.0, 'spread': 0.12000000000000455, 'depth_imb_k': -0.15063269653977618, 'micro_off': -0.012000000000000455, 'spread_mean_10s': 0.12000000000080036, 'depth_imb_k_mean_10s': -0.1506044135533557, 'depth_imb_k_mean_60s': -0.1353300373485138, 'dist_vwap_bps': None, 'hl_range_pct': None, 'oc_change_pct': None, 'volume_rel_20': None, 'atr_pct': None, 'position_in_range': None, 'rsi': None, 'bb_position': None, 'ret_3': None, 'ret_10': None, 'session_bucket': 2.0}"
2026-04-06|GLW|2026-04-06T12:59:00-04:00|short|12,2026-04-06,GLW,2026-04-06T12:59:00-04:00,short,12,0.4651808440685272,True,next_bar_open_if_replayed,"{'pressure_k': 0.0, 'spread': 0.19999999999998863, 'depth_imb_k': -0.0016028188986528587, 'micro_off': -0.03333333333333144, 'spread_mean_10s': 0.2025000000001455, 'depth_imb_k_mean_10s': -0.06541587658120988, 'depth_imb_k_mean_60s': -0.14735502711735587, 'dist_vwap_bps': None, 'hl_range_pct': None, 'oc_change_pct': None, 'volume_rel_20': None, 'atr_pct': None, 'position_in_range': None, 'rsi': None, 'bb_position': None, 'ret_3': None, 'ret_10': None, 'session_bucket': 2.0}"
2026-04-06|GLW|2026-04-06T13:00:00-04:00|short|12,2026-04-06,GLW,2026-04-06T13:00:00-04:00,short,12,0.44178134202957153,True,next_bar_open_if_replayed,"{'pressure_k': 0.0, 'spread': 0.19999999999998863, 'depth_imb_k': -0.23265563735860764, 'micro_off': -0.03333333333333144, 'spread_mean_10s': 0.2000000000007276, 'depth_imb_k_mean_10s': -0.209044311452908, 'depth_imb_k_mean_60s': -0.21383671232217208, 'dist_vwap_bps': None, 'hl_range_pct': None, 'oc_change_pct': None, 'volume_rel_20': None, 'atr_pct': None, 'position_in_range': None, 'rsi': None, 'bb_position': None, 'ret_3': None, 'ret_10': None, 'session_bucket': 2.0}"
2026-04-06|GLW|2026-04-06T13:01:00-04:00|short|12,2026-04-06,GLW,2026-04-06T13:01:00-04:00,short,12,0.4595623314380646,True,next_bar_open_if_replayed,"{'pressure_k': 0.0, 'spread': 0.1599999999999966, 'depth_imb_k': -0.18126172376345148, 'micro_off': 2.842170943040401e-14, 'spread_mean_10s': 0.14399999999950525, 'depth_imb_k_mean_10s': -0.24895224804740793, 'depth_imb_k_mean_60s': -0.22319290026905683, 'dist_vwap_bps': None, 'hl_range_pct': None, 'oc_change_pct': None, 'volume_rel_20': None, 'atr_pct': None, 'position_in_range': None, 'rsi': None, 'bb_position': None, 'ret_3': None, 'ret_10': None, 'session_bucket': 2.0}"
2026-04-06|GLW|2026-04-06T13:02:00-04:00|short|12,2026-04-06,GLW,2026-04-06T13:02:00-04:00,short,12,0.4459981918334961,True,next_bar_open_if_replayed,"{'pressure_k': 0.0, 'spread': 0.17000000000001592, 'depth_imb_k': 0.34847788003906716, 'micro_off': -0.028333333333335986, 'spread_mean_10s': 0.15549999999975625, 'depth_imb_k_mean_10s': 0.3716040915472604, 'depth_imb_k_mean_60s': -0.06238045392418803, 'dist_vwap_bps': None, 'hl_range_pct': None, 'oc_change_pct': None, 'volume_rel_20': None, 'atr_pct': None, 'position_in_range': None, 'rsi': None, 'bb_position': None, 'ret_3': None, 'ret_10': None, 'session_bucket': 2.0}"
2026-04-06|GLW|2026-04-06T13:03:00-04:00|long|8,2026-04-06,GLW,2026-04-06T13:03:00-04:00,long,8,0.4155485928058624,True,next_bar_open_if_replayed,"{'pressure_k': 0.0, 'spread': 0.05000000000001137, 'depth_imb_k': 0.10906542294263068, 'micro_off': 0.008333333333325754, 'spread_mean_10s': 0.1400000000001642, 'depth_imb_k_mean_10s': 0.0865892085357467, 'depth_imb_k_mean_60s': 0.21295232730275054, 'dist_vwap_bps': None, 'hl_range_pct': None, 'oc_change_pct': None, 'volume_rel_20': None, 'atr_pct': None, 'position_in_range': None, 'rsi': None, 'bb_position': None, 'ret_3': None, 'ret_10': None, 'session_bucket': 2.0}"
2026-04-06|GLW|2026-04-06T13:04:00-04:00|short|12,2026-04-06,GLW,2026-04-06T13:04:00-04:00,short,12,0.5110389590263367,True,next_bar_open_if_replayed,"{'pressure_k': 0.0, 'spread': 0.20000000000001705, 'depth_imb_k': -0.12383330679694636, 'micro_off': 0.03333333333330302, 'spread_mean_10s': 0.18510638297943552, 'depth_imb_k_mean_10s': -0.13391592411074058, 'depth_imb_k_mean_60s': -0.03702366924244037, 'dist_vwap_bps': None, 'hl_range_pct': None, 'oc_change_pct': None, 'volume_rel_20': None, 'atr_pct': None, 'position_in_range': None, 'rsi': None, 'bb_position': None, 'ret_3': None, 'ret_10': None, 'session_bucket': 2.0}"
2026-04-06|GLW|2026-04-06T13:05:00-04:00|short|12,2026-04-06,GLW,2026-04-06T13:05:00-04:00,short,12,0.5360093712806702,True,next_bar_open_if_replayed,"{'pressure_k': 0.0, 'spread': 0.0800000000000125, 'depth_imb_k': -0.2626117079653285, 'micro_off': 2.842170943040401e-14, 'spread_mean_10s': 0.125, 'depth_imb_k_mean_10s': -0.25173825341453265, 'depth_imb_k_mean_60s': -0.22652120911409798, 'dist_vwap_bps': None, 'hl_range_pct': None, 'oc_change_pct': None, 'volume_rel_20': None, 'atr_pct': None, 'position_in_range': None, 'rsi': None, 'bb_position': None, 'ret_3': None, 'ret_10': None, 'session_bucket': 2.0}"
2026-04-06|GLW|2026-04-06T13:06:00-04:00|short|12,2026-04-06,GLW,2026-04-06T13:06:00-04:00,short,12,0.3671169877052307,True,next_bar_open_if_replayed,"{'pressure_k': 0.0, 'spread': 0.1799999999999784, 'depth_imb_k': 0.09738082018471947, 'micro_off': 0.060000000000002274, 'spread_mean_10s': 0.18000000000029104, 'depth_imb_k_mean_10s': 0.030244645130551362, 'depth_imb_k_mean_60s': -0.16918217436494626, 'dist_vwap_bps': None, 'hl_range_pct': None, 'oc_change_pct': None, 'volume_rel_20': None, 'atr_pct': None, 'position_in_range': None, 'rsi': None, 'bb_position': None, 'ret_3': None, 'ret_10': None, 'session_bucket': 2.0}"
2026-04-06|GLW|2026-04-06T13:07:00-04:00|short|12,2026-04-06,GLW,2026-04-06T13:07:00-04:00,short,12,0.42394140362739563,True,next_bar_open_if_replayed,"{'pressure_k': 0.0, 'spread': 0.09999999999999432, 'depth_imb_k': -0.27435, 'micro_off': -0.04166666666665719, 'spread_mean_10s': 0.10425000000045656, 'depth_imb_k_mean_10s': -0.2688395860432138, 'depth_imb_k_mean_60s': -0.10575259105474343, 'dist_vwap_bps': None, 'hl_range_pct': None, 'oc_change_pct': None, 'volume_rel_20': None, 'atr_pct': None, 'position_in_range': None, 'rsi': None, 'bb_position': None, 'ret_3': None, 'ret_10': None, 'session_bucket': 2.0}"
2026-04-06|GLW|2026-04-06T13:08:00-04:00|short|12,2026-04-06,GLW,2026-04-06T13:08:00-04:00,short,12,0.4888429045677185,True,next_bar_open_if_replayed,"{'pressure_k': 0.0, 'spread': 0.11000000000001364, 'depth_imb_k': -0.10230139472218976, 'micro_off': -0.02750000000000341, 'spread_mean_10s': 0.11000000000058208, 'depth_imb_k_mean_10s': -0.0925595657706883, 'depth_imb_k_mean_60s': 0.06441281072086032, 'dist_vwap_bps': None, 'hl_range_pct': None, 'oc_change_pct': None, 'volume_rel_20': None, 'atr_pct': None, 'position_in_range': None, 'rsi': None, 'bb_position': None, 'ret_3': None, 'ret_10': None, 'session_bucket': 2.0}"
2026-04-06|GLW|2026-04-06T13:09:00-04:00|short|12,2026-04-06,GLW,2026-04-06T13:09:00-04:00,short,12,0.4074384272098541,True,next_bar_open_if_replayed,"{'pressure_k': 0.0, 'spread': 0.20999999999997954, 'depth_imb_k': -0.09286502926900402, 'micro_off': 0.03499999999999659, 'spread_mean_10s': 0.20799999999944702, 'depth_imb_k_mean_10s': -0.11301719577077166, 'depth_imb_k_mean_60s': -0.06969600974657507, 'dist_vwap_bps': None, 'hl_range_pct': None, 'oc_change_pct': None, 'volume_rel_20': None, 'atr_pct': None, 'position_in_range': None, 'rsi': None, 'bb_position': None, 'ret_3': None, 'ret_10': None, 'session_bucket': 2.0}"
2026-04-06|GLW|2026-04-06T13:10:00-04:00|short|12,2026-04-06,GLW,2026-04-06T13:10:00-04:00,short,12,0.37404438853263855,True,next_bar_open_if_replayed,"{'pressure_k': 0.0, 'spread': 0.2599999999999909, 'depth_imb_k': 0.3315462591984571, 'micro_off': 0.0, 'spread_mean_10s': 0.2707692307692177, 'depth_imb_k_mean_10s': 0.3140240132702624, 'depth_imb_k_mean_60s': 0.19449586671078747, 'dist_vwap_bps': None, 'hl_range_pct': None, 'oc_change_pct': None, 'volume_rel_20': None, 'atr_pct': None, 'position_in_range': None, 'rsi': None, 'bb_position': None, 'ret_3': None, 'ret_10': None, 'session_bucket': 2.0}"
2026-04-06|GLW|2026-04-06T13:11:00-04:00|short|12,2026-04-06,GLW,2026-04-06T13:11:00-04:00,short,12,0.3482814133167267,True,next_bar_open_if_replayed,"{'pressure_k': 0.0, 'spread': 0.20999999999997954, 'depth_imb_k': -0.00290014715880242, 'micro_off': 0.03499999999999659, 'spread_mean_10s': 0.09250000000020009, 'depth_imb_k_mean_10s': 0.097208787462705, 'depth_imb_k_mean_60s': 0.2643648629562266, 'dist_vwap_bps': None, 'hl_range_pct': None, 'oc_change_pct': None, 'volume_rel_20': None, 'atr_pct': None, 'position_in_range': None, 'rsi': None, 'bb_position': None, 'ret_3': None, 'ret_10': None, 'session_bucket': 2.0}"
2026-04-06|GLW|2026-04-06T13:12:00-04:00|short|12,2026-04-06,GLW,2026-04-06T13:12:00-04:00,short,12,0.36867576837539673,True,next_bar_open_if_replayed,"{'pressure_k': 0.0, 'spread': 0.25, 'depth_imb_k': -0.029771410442060338, 'micro_off': 0.0, 'spread_mean_10s': 0.23512820512788052, 'depth_imb_k_mean_10s': 0.22834198781352966, 'depth_imb_k_mean_60s': 0.07233934756008895, 'dist_vwap_bps': None, 'hl_range_pct': None, 'oc_change_pct': None, 'volume_rel_20': None, 'atr_pct': None, 'position_in_range': None, 'rsi': None, 'bb_position': None, 'ret_3': None, 'ret_10': None, 'session_bucket': 2.0}"
2026-04-06|GLW|2026-04-06T13:13:00-04:00|long|8,2026-04-06,GLW,2026-04-06T13:13:00-04:00,long,8,0.4948781430721283,True,next_bar_open_if_replayed,"{'pressure_k': 0.0, 'spread': 0.09999999999999432, 'depth_imb_k': 0.2401510314000944, 'micro_off': -0.01666666666667993, 'spread_mean_10s': 0.18307692307746784, 'depth_imb_k_mean_10s': 0.17505689933671256, 'depth_imb_k_mean_60s': 0.21286624941408633, 'dist_vwap_bps': None, 'hl_range_pct': None, 'oc_change_pct': None, 'volume_rel_20': None, 'atr_pct': None, 'position_in_range': None, 'rsi': None, 'bb_position': None, 'ret_3': None, 'ret_10': None, 'session_bucket': 2.0}"
2026-04-06|GLW|2026-04-06T13:14:00-04:00|long|8,2026-04-06,GLW,2026-04-06T13:14:00-04:00,long,8,0.445974737405777,True,next_bar_open_if_replayed,"{'pressure_k': 0.0, 'spread': 0.19999999999998863, 'depth_imb_k': 0.08291768724831419, 'micro_off': -0.05000000000001137, 'spread_mean_10s': 0.2125000000001819, 'depth_imb_k_mean_10s': 0.1990313918443462, 'depth_imb_k_mean_60s': 0.2173060712382687, 'dist_vwap_bps': None, 'hl_range_pct': None, 'oc_change_pct': None, 'volume_rel_20': None, 'atr_pct': None, 'position_in_range': None, 'rsi': None, 'bb_position': None, 'ret_3': None, 'ret_10': None, 'session_bucket': 2.0}"
2026-04-06|GLW|2026-04-06T13:15:00-04:00|long|8,2026-04-06,GLW,2026-04-06T13:15:00-04:00,long,8,0.3827502131462097,True,next_bar_open_if_replayed,"{'pressure_k': 0.0, 'spread': 0.3800000000000239, 'depth_imb_k': 0.22282561269491788, 'micro_off': 2.842170943040401e-14, 'spread_mean_10s': 0.23512820512750737, 'depth_imb_k_mean_10s': 0.21936797170807645, 'depth_imb_k_mean_60s': 0.29609703591784853, 'dist_vwap_bps': None, 'hl_range_pct': None, 'oc_change_pct': None, 'volume_rel_20': None, 'atr_pct': None, 'position_in_range': None, 'rsi': None, 'bb_position': None, 'ret_3': None, 'ret_10': None, 'session_bucket': 2.0}"
2026-04-06|GLW|2026-04-06T13:16:00-04:00|short|12,2026-04-06,GLW,2026-04-06T13:16:00-04:00,short,12,0.3508802056312561,True,next_bar_open_if_replayed,"{'pressure_k': 0.0, 'spread': 0.21000000000000796, 'depth_imb_k': 0.22297947366301366, 'micro_off': 2.842170943040401e-14, 'spread_mean_10s': 0.18136986301297303, 'depth_imb_k_mean_10s': 0.23072287280263806, 'depth_imb_k_mean_60s': 0.2276452434070718, 'dist_vwap_bps': None, 'hl_range_pct': None, 'oc_change_pct': None, 'volume_rel_20': None, 'atr_pct': None, 'position_in_range': None, 'rsi': None, 'bb_position': None, 'ret_3': None, 'ret_10': None, 'session_bucket': 2.0}"
2026-04-06|GLW|2026-04-06T13:17:00-04:00|short|12,2026-04-06,GLW,2026-04-06T13:17:00-04:00,short,12,0.5303680896759033,True,next_bar_open_if_replayed,"{'pressure_k': 0.0, 'spread': 0.1799999999999784, 'depth_imb_k': 0.3300196166381433, 'micro_off': 2.842170943040401e-14, 'spread_mean_10s': 0.17538461538480568, 'depth_imb_k_mean_10s': 0.19023335433824357, 'depth_imb_k_mean_60s': 0.27804745217769244, 'dist_vwap_bps': None, 'hl_range_pct': None, 'oc_change_pct': None, 'volume_rel_20': None, 'atr_pct': None, 'position_in_range': None, 'rsi': None, 'bb_position': None, 'ret_3': None, 'ret_10': None, 'session_bucket': 2.0}"
2026-04-06|GLW|2026-04-06T13:18:00-04:00|short|12,2026-04-06,GLW,2026-04-06T13:18:00-04:00,short,12,0.47954902052879333,True,next_bar_open_if_replayed,"{'pressure_k': 0.0, 'spread': 0.12999999999999545, 'depth_imb_k': 0.25086114778813345, 'micro_off': 0.0, 'spread_mean_10s': 0.20524999999947796, 'depth_imb_k_mean_10s': 0.18786058593334473, 'depth_imb_k_mean_60s': 0.14654634488796978, 'dist_vwap_bps': None, 'hl_range_pct': None, 'oc_change_pct': None, 'volume_rel_20': None, 'atr_pct': None, 'position_in_range': None, 'rsi': None, 'bb_position': None, 'ret_3': None, 'ret_10': None, 'session_bucket': 2.0}"
2026-04-06|GLW|2026-04-06T13:19:00-04:00|short|12,2026-04-06,GLW,2026-04-06T13:19:00-04:00,short,12,0.4055531919002533,True,next_bar_open_if_replayed,"{'pressure_k': 0.0, 'spread': 0.1699999999999875, 'depth_imb_k': 0.3822574585870328, 'micro_off': -2.842170943040401e-14, 'spread_mean_10s': 0.18675000000007458, 'depth_imb_k_mean_10s': 0.38099069106249317, 'depth_imb_k_mean_60s': 0.21292574487268096, 'dist_vwap_bps': None, 'hl_range_pct': None, 'oc_change_pct': None, 'volume_rel_20': None, 'atr_pct': None, 'position_in_range': None, 'rsi': None, 'bb_position': None, 'ret_3': None, 'ret_10': None, 'session_bucket': 2.0}"
2026-04-06|GLW|2026-04-06T13:20:00-04:00|long|8,2026-04-06,GLW,2026-04-06T13:20:00-04:00,long,8,0.41323819756507874,True,next_bar_open_if_replayed,"{'pressure_k': 0.0, 'spread': 0.15000000000000568, 'depth_imb_k': 0.31460133594197076, 'micro_off': 0.018749999999982947, 'spread_mean_10s': 0.11899999999986903, 'depth_imb_k_mean_10s': 0.2817026858569534, 'depth_imb_k_mean_60s': 0.18452865399076443, 'dist_vwap_bps': None, 'hl_range_pct': None, 'oc_change_pct': None, 'volume_rel_20': None, 'atr_pct': None, 'position_in_range': None, 'rsi': None, 'bb_position': None, 'ret_3': None, 'ret_10': None, 'session_bucket': 2.0}"
2026-04-06|GLW|2026-04-06T13:21:00-04:00|short|12,2026-04-06,GLW,2026-04-06T13:21:00-04:00,short,12,0.4464922845363617,True,next_bar_open_if_replayed,"{'pressure_k': 0.0, 'spread': 0.1799999999999784, 'depth_imb_k': 0.05532436687911582, 'micro_off': 0.0, 'spread_mean_10s': 0.22000000000007275, 'depth_imb_k_mean_10s': 0.2595363452439187, 'depth_imb_k_mean_60s': 0.2807510321518033, 'dist_vwap_bps': None, 'hl_range_pct': None, 'oc_change_pct': None, 'volume_rel_20': None, 'atr_pct': None, 'position_in_range': None, 'rsi': None, 'bb_position': None, 'ret_3': None, 'ret_10': None, 'session_bucket': 2.0}"
2026-04-06|GLW|2026-04-06T13:22:00-04:00|short|12,2026-04-06,GLW,2026-04-06T13:22:00-04:00,short,12,0.36993756890296936,True,next_bar_open_if_replayed,"{'pressure_k': 0.0, 'spread': 0.4399999999999977, 'depth_imb_k': 0.29438942538438123, 'micro_off': 0.1799999999999784, 'spread_mean_10s': 0.21589743589659824, 'depth_imb_k_mean_10s': 0.22593009316994703, 'depth_imb_k_mean_60s': 0.10350917724056663, 'dist_vwap_bps': None, 'hl_range_pct': None, 'oc_change_pct': None, 'volume_rel_20': None, 'atr_pct': None, 'position_in_range': None, 'rsi': None, 'bb_position': None, 'ret_3': None, 'ret_10': None, 'session_bucket': 2.0}"
2026-04-06|GLW|2026-04-06T13:23:00-04:00|short|5,2026-04-06,GLW,2026-04-06T13:23:00-04:00,short,5,0.42047974467277527,True,next_bar_open_if_replayed,"{'pressure_k': 0.0, 'spread': 0.23999999999998067, 'depth_imb_k': 0.16874101301743594, 'micro_off': 2.842170943040401e-14, 'spread_mean_10s': 0.25500000000010914, 'depth_imb_k_mean_10s': 0.08030048543250815, 'depth_imb_k_mean_60s': 0.1265314919127424, 'dist_vwap_bps': None, 'hl_range_pct': None, 'oc_change_pct': None, 'volume_rel_20': None, 'atr_pct': None, 'position_in_range': None, 'rsi': None, 'bb_position': None, 'ret_3': None, 'ret_10': None, 'session_bucket': 2.0}"
2026-04-06|GLW|2026-04-06T13:24:00-04:00|short|12,2026-04-06,GLW,2026-04-06T13:24:00-04:00,short,12,0.4018417000770569,True,next_bar_open_if_replayed,"{'pressure_k': 0.0, 'spread': 0.20999999999997954, 'depth_imb_k': 0.33077758046018896, 'micro_off': 0.0, 'spread_mean_10s': 0.24374999999940883, 'depth_imb_k_mean_10s': 0.3368208903424147, 'depth_imb_k_mean_60s': 0.32243525666067446, 'dist_vwap_bps': None, 'hl_range_pct': None, 'oc_change_pct': None, 'volume_rel_20': None, 'atr_pct': None, 'position_in_range': None, 'rsi': None, 'bb_position': None, 'ret_3': None, 'ret_10': None, 'session_bucket': 2.0}"
2026-04-06|GLW|2026-04-06T13:25:00-04:00|short|12,2026-04-06,GLW,2026-04-06T13:25:00-04:00,short,12,0.437688410282135,True,next_bar_open_if_replayed,"{'pressure_k': 0.0, 'spread': 0.21999999999999886, 'depth_imb_k': -0.10878526658570985, 'micro_off': 0.03666666666666174, 'spread_mean_10s': 0.21999999999934516, 'depth_imb_k_mean_10s': -0.11416411964644514, 'depth_imb_k_mean_60s': 0.25661698935298444, 'dist_vwap_bps': None, 'hl_range_pct': None, 'oc_change_pct': None, 'volume_rel_20': None, 'atr_pct': None, 'position_in_range': None, 'rsi': None, 'bb_position': None, 'ret_3': None, 'ret_10': None, 'session_bucket': 2.0}"
2026-04-06|GLW|2026-04-06T13:26:00-04:00|short|12,2026-04-06,GLW,2026-04-06T13:26:00-04:00,short,12,0.4251825213432312,True,next_bar_open_if_replayed,"{'pressure_k': 0.0, 'spread': 0.15000000000000568, 'depth_imb_k': -0.09967047686353141, 'micro_off': 0.024999999999977263, 'spread_mean_10s': 0.1499999999996362, 'depth_imb_k_mean_10s': -0.09968523633949644, 'depth_imb_k_mean_60s': -0.09303661668393313, 'dist_vwap_bps': None, 'hl_range_pct': None, 'oc_change_pct': None, 'volume_rel_20': None, 'atr_pct': None, 'position_in_range': None, 'rsi': None, 'bb_position': None, 'ret_3': None, 'ret_10': None, 'session_bucket': 2.0}"
2026-04-06|GLW|2026-04-06T13:27:00-04:00|short|12,2026-04-06,GLW,2026-04-06T13:27:00-04:00,short,12,0.4378313720226288,True,next_bar_open_if_replayed,"{'pressure_k': 0.0, 'spread': 0.15000000000000568, 'depth_imb_k': -0.24672755853889308, 'micro_off': -0.024999999999977263, 'spread_mean_10s': 0.3254999999996471, 'depth_imb_k_mean_10s': -0.23328133697573322, 'depth_imb_k_mean_60s': -0.15298392194460902, 'dist_vwap_bps': None, 'hl_range_pct': None, 'oc_change_pct': None, 'volume_rel_20': None, 'atr_pct': None, 'position_in_range': None, 'rsi': None, 'bb_position': None, 'ret_3': None, 'ret_10': None, 'session_bucket': 2.0}"
2026-04-06|GLW|2026-04-06T13:28:00-04:00|short|12,2026-04-06,GLW,2026-04-06T13:28:00-04:00,short,12,0.4625189006328583,True,next_bar_open_if_replayed,"{'pressure_k': 0.0, 'spread': 0.1599999999999966, 'depth_imb_k': -0.19172371178535402, 'micro_off': -2.842170943040401e-14, 'spread_mean_10s': 0.34624999999978173, 'depth_imb_k_mean_10s': -0.24460897065553128, 'depth_imb_k_mean_60s': -0.25044576090143805, 'dist_vwap_bps': None, 'hl_range_pct': None, 'oc_change_pct': None, 'volume_rel_20': None, 'atr_pct': None, 'position_in_range': None, 'rsi': None, 'bb_position': None, 'ret_3': None, 'ret_10': None, 'session_bucket': 2.0}"
2026-04-06|GLW|2026-04-06T13:29:00-04:00|short|12,2026-04-06,GLW,2026-04-06T13:29:00-04:00,short,12,0.45170480012893677,True,next_bar_open_if_replayed,"{'pressure_k': 0.0, 'spread': 0.1699999999999875, 'depth_imb_k': -0.16082818137317112, 'micro_off': -0.06954545454544814, 'spread_mean_10s': 0.17225000000012186, 'depth_imb_k_mean_10s': -0.22954596444460548, 'depth_imb_k_mean_60s': -0.24394422318178222, 'dist_vwap_bps': None, 'hl_range_pct': None, 'oc_change_pct': None, 'volume_rel_20': None, 'atr_pct': None, 'position_in_range': None, 'rsi': None, 'bb_position': None, 'ret_3': None, 'ret_10': None, 'session_bucket': 2.0}"
2026-04-06|GLW|2026-04-06T13:30:00-04:00|long|8,2026-04-06,GLW,2026-04-06T13:30:00-04:00,long,8,0.33098649978637695,True,next_bar_open_if_replayed,"{'pressure_k': 0.0, 'spread': 0.08999999999997499, 'depth_imb_k': -0.1308205870924441, 'micro_off': -0.036818181818176754, 'spread_mean_10s': 0.08550000000004729, 'depth_imb_k_mean_10s': -0.08681070825068674, 'depth_imb_k_mean_60s': -0.12086192321541195, 'dist_vwap_bps': None, 'hl_range_pct': None, 'oc_change_pct': None, 'volume_rel_20': None, 'atr_pct': None, 'position_in_range': None, 'rsi': None, 'bb_position': None, 'ret_3': None, 'ret_10': None, 'session_bucket': 2.0}"
2026-04-06|GLW|2026-04-06T13:31:00-04:00|short|8,2026-04-06,GLW,2026-04-06T13:31:00-04:00,short,8,0.36202505230903625,True,next_bar_open_if_replayed,"{'pressure_k': 0.0, 'spread': 0.09999999999999432, 'depth_imb_k': -0.240427342037237, 'micro_off': 0.0, 'spread_mean_10s': 0.14483870967752968, 'depth_imb_k_mean_10s': -0.2345144835062456, 'depth_imb_k_mean_60s': -0.11271116424320184, 'dist_vwap_bps': None, 'hl_range_pct': None, 'oc_change_pct': None, 'volume_rel_20': None, 'atr_pct': None, 'position_in_range': None, 'rsi': None, 'bb_position': None, 'ret_3': None, 'ret_10': None, 'session_bucket': 2.0}"
2026-04-06|GLW|2026-04-06T13:32:00-04:00|short|8,2026-04-06,GLW,2026-04-06T13:32:00-04:00,short,8,0.35906893014907837,True,next_bar_open_if_replayed,"{'pressure_k': 0.0, 'spread': 0.09999999999999432, 'depth_imb_k': -0.13856333500470952, 'micro_off': -2.842170943040401e-14, 'spread_mean_10s': 0.18999999999959982, 'depth_imb_k_mean_10s': -0.15577141449675763, 'depth_imb_k_mean_60s': -0.17443479643335477, 'dist_vwap_bps': None, 'hl_range_pct': None, 'oc_change_pct': None, 'volume_rel_20': None, 'atr_pct': None, 'position_in_range': None, 'rsi': None, 'bb_position': None, 'ret_3': None, 'ret_10': None, 'session_bucket': 2.0}"
2026-04-06|GLW|2026-04-06T13:33:00-04:00|short|8,2026-04-06,GLW,2026-04-06T13:33:00-04:00,short,8,0.41471919417381287,True,next_bar_open_if_replayed,"{'pressure_k': 0.0, 'spread': 0.13999999999998636, 'depth_imb_k': -0.2671011600524311, 'micro_off': -0.05727272727273203, 'spread_mean_10s': 0.16174999999975626, 'depth_imb_k_mean_10s': -0.2832600275747154, 'depth_imb_k_mean_60s': -0.18740061546997938, 'dist_vwap_bps': None, 'hl_range_pct': None, 'oc_change_pct': None, 'volume_rel_20': None, 'atr_pct': None, 'position_in_range': None, 'rsi': None, 'bb_position': None, 'ret_3': None, 'ret_10': None, 'session_bucket': 2.0}"
2026-04-06|GLW|2026-04-06T13:34:00-04:00|short|12,2026-04-06,GLW,2026-04-06T13:34:00-04:00,short,12,0.43550804257392883,True,next_bar_open_if_replayed,"{'pressure_k': 0.0, 'spread': 0.25, 'depth_imb_k': -0.3875004406218055, 'micro_off': -0.10227272727271952, 'spread_mean_10s': 0.25, 'depth_imb_k_mean_10s': -0.3801751413713646, 'depth_imb_k_mean_60s': -0.23461302809777254, 'dist_vwap_bps': None, 'hl_range_pct': None, 'oc_change_pct': None, 'volume_rel_20': None, 'atr_pct': None, 'position_in_range': None, 'rsi': None, 'bb_position': None, 'ret_3': None, 'ret_10': None, 'session_bucket': 2.0}"
2026-04-06|GLW|2026-04-06T13:35:00-04:00|short|12,2026-04-06,GLW,2026-04-06T13:35:00-04:00,short,12,0.40101736783981323,True,next_bar_open_if_replayed,"{'pressure_k': 0.0, 'spread': 0.1599999999999966, 'depth_imb_k': -0.40250257820556895, 'micro_off': -0.040000000000020464, 'spread_mean_10s': 0.15999999999985448, 'depth_imb_k_mean_10s': -0.3400274732015987, 'depth_imb_k_mean_60s': -0.37046759326279366, 'dist_vwap_bps': None, 'hl_range_pct': None, 'oc_change_pct': None, 'volume_rel_20': None, 'atr_pct': None, 'position_in_range': None, 'rsi': None, 'bb_position': None, 'ret_3': None, 'ret_10': None, 'session_bucket': 2.0}"
2026-04-06|GLW|2026-04-06T13:36:00-04:00|short|12,2026-04-06,GLW,2026-04-06T13:36:00-04:00,short,12,0.3612450957298279,True,next_bar_open_if_replayed,"{'pressure_k': 0.0, 'spread': 0.46000000000000796, 'depth_imb_k': 0.13973235536115342, 'micro_off': 0.18818181818184598, 'spread_mean_10s': 0.3999999999994144, 'depth_imb_k_mean_10s': 0.1399624965565081, 'depth_imb_k_mean_60s': -0.11093294175327388, 'dist_vwap_bps': None, 'hl_range_pct': None, 'oc_change_pct': None, 'volume_rel_20': None, 'atr_pct': None, 'position_in_range': None, 'rsi': None, 'bb_position': None, 'ret_3': None, 'ret_10': None, 'session_bucket': 2.0}"
2026-04-06|GLW|2026-04-06T13:37:00-04:00|short|12,2026-04-06,GLW,2026-04-06T13:37:00-04:00,short,12,0.37340080738067627,True,next_bar_open_if_replayed,"{'pressure_k': 0.0, 'spread': 0.21999999999999886, 'depth_imb_k': -0.13760834974574668, 'micro_off': -0.03666666666666174, 'spread_mean_10s': 0.21794871794857804, 'depth_imb_k_mean_10s': -0.16546839573150535, 'depth_imb_k_mean_60s': -0.19394153523922653, 'dist_vwap_bps': None, 'hl_range_pct': None, 'oc_change_pct': None, 'volume_rel_20': None, 'atr_pct': None, 'position_in_range': None, 'rsi': None, 'bb_position': None, 'ret_3': None, 'ret_10': None, 'session_bucket': 2.0}"
2026-04-06|GLW|2026-04-06T13:38:00-04:00|long|12,2026-04-06,GLW,2026-04-06T13:38:00-04:00,long,12,0.30545178055763245,True,next_bar_open_if_replayed,"{'pressure_k': 0.0, 'spread': 0.38999999999998636, 'depth_imb_k': -0.3529721813508776, 'micro_off': 0.11699999999999022, 'spread_mean_10s': 0.39049999999942886, 'depth_imb_k_mean_10s': -0.3446485077739226, 'depth_imb_k_mean_60s': -0.17810165685025417, 'dist_vwap_bps': None, 'hl_range_pct': None, 'oc_change_pct': None, 'volume_rel_20': None, 'atr_pct': None, 'position_in_range': None, 'rsi': None, 'bb_position': None, 'ret_3': None, 'ret_10': None, 'session_bucket': 2.0}"
2026-04-06|GLW|2026-04-06T13:39:00-04:00|short|12,2026-04-06,GLW,2026-04-06T13:39:00-04:00,short,12,0.4038603603839874,True,next_bar_open_if_replayed,"{'pressure_k': 0.0, 'spread': 0.12999999999999545, 'depth_imb_k': -0.120192025754423, 'micro_off': 0.0, 'spread_mean_10s': 0.12999999999919964, 'depth_imb_k_mean_10s': -0.12019202575447707, 'depth_imb_k_mean_60s': -0.2931756699320423, 'dist_vwap_bps': None, 'hl_range_pct': None, 'oc_change_pct': None, 'volume_rel_20': None, 'atr_pct': None, 'position_in_range': None, 'rsi': None, 'bb_position': None, 'ret_3': None, 'ret_10': None, 'session_bucket': 2.0}"
2026-04-06|GLW|2026-04-06T13:40:00-04:00|short|12,2026-04-06,GLW,2026-04-06T13:40:00-04:00,short,12,0.3962491750717163,True,next_bar_open_if_replayed,"{'pressure_k': 0.0, 'spread': 0.11999999999997613, 'depth_imb_k': 0.06925654496598757, 'micro_off': 0.01999999999998181, 'spread_mean_10s': 0.16200000000044384, 'depth_imb_k_mean_10s': 0.06845000924909073, 'depth_imb_k_mean_60s': -0.07078468006817235, 'dist_vwap_bps': None, 'hl_range_pct': None, 'oc_change_pct': None, 'volume_rel_20': None, 'atr_pct': None, 'position_in_range': None, 'rsi': None, 'bb_position': None, 'ret_3': None, 'ret_10': None, 'session_bucket': 2.0}"
2026-04-06|GLW|2026-04-06T13:41:00-04:00|short|12,2026-04-06,GLW,2026-04-06T13:41:00-04:00,short,12,0.390861839056015,True,next_bar_open_if_replayed,"{'pressure_k': 0.0, 'spread': 0.1599999999999966, 'depth_imb_k': -0.22472152738099097, 'micro_off': 0.03999999999996362, 'spread_mean_10s': 0.15199999999986175, 'depth_imb_k_mean_10s': -0.1529866442244611, 'depth_imb_k_mean_60s': 0.003345059201998612, 'dist_vwap_bps': None, 'hl_range_pct': None, 'oc_change_pct': None, 'volume_rel_20': None, 'atr_pct': None, 'position_in_range': None, 'rsi': None, 'bb_position': None, 'ret_3': None, 'ret_10': None, 'session_bucket': 2.0}"
2026-04-06|GLW|2026-04-06T13:42:00-04:00|short|12,2026-04-06,GLW,2026-04-06T13:42:00-04:00,short,12,0.34752097725868225,True,next_bar_open_if_replayed,"{'pressure_k': 0.0, 'spread': 0.29999999999998295, 'depth_imb_k': -0.1923685729715637, 'micro_off': 0.08999999999997499, 'spread_mean_10s': 0.21999999999946643, 'depth_imb_k_mean_10s': -0.03401580533142502, 'depth_imb_k_mean_60s': -0.15874817453335482, 'dist_vwap_bps': None, 'hl_range_pct': None, 'oc_change_pct': None, 'volume_rel_20': None, 'atr_pct': None, 'position_in_range': None, 'rsi': None, 'bb_position': None, 'ret_3': None, 'ret_10': None, 'session_bucket': 2.0}"
2026-04-06|GLW|2026-04-06T13:43:00-04:00|short|12,2026-04-06,GLW,2026-04-06T13:43:00-04:00,short,12,0.42066681385040283,True,next_bar_open_if_replayed,"{'pressure_k': 0.0, 'spread': 0.1699999999999875, 'depth_imb_k': -0.12876744181039587, 'micro_off': 0.0, 'spread_mean_10s': 0.13076923076919345, 'depth_imb_k_mean_10s': -0.10235510345871891, 'depth_imb_k_mean_60s': -0.07534385815653921, 'dist_vwap_bps': None, 'hl_range_pct': None, 'oc_change_pct': None, 'volume_rel_20': None, 'atr_pct': None, 'position_in_range': None, 'rsi': None, 'bb_position': None, 'ret_3': None, 'ret_10': None, 'session_bucket': 2.0}"
2026-04-06|GLW|2026-04-06T13:44:00-04:00|short|12,2026-04-06,GLW,2026-04-06T13:44:00-04:00,short,12,0.44938167929649353,True,next_bar_open_if_replayed,"{'pressure_k': 0.0, 'spread': 0.25, 'depth_imb_k': 0.07367770637666832, 'micro_off': 0.0, 'spread_mean_10s': 0.23950000000004365, 'depth_imb_k_mean_10s': 0.07368459494921353, 'depth_imb_k_mean_60s': -0.1201665132975938, 'dist_vwap_bps': None, 'hl_range_pct': None, 'oc_change_pct': None, 'volume_rel_20': None, 'atr_pct': None, 'position_in_range': None, 'rsi': None, 'bb_position': None, 'ret_3': None, 'ret_10': None, 'session_bucket': 2.0}"
2026-04-06|GLW|2026-04-06T13:45:00-04:00|short|12,2026-04-06,GLW,2026-04-06T13:45:00-04:00,short,12,0.4004829227924347,True,next_bar_open_if_replayed,"{'pressure_k': 0.0, 'spread': 0.3100000000000023, 'depth_imb_k': 0.11871690842049866, 'micro_off': 0.10333333333332462, 'spread_mean_10s': 0.26799999999975627, 'depth_imb_k_mean_10s': 0.08673148884540752, 'depth_imb_k_mean_60s': 0.08063645210378072, 'dist_vwap_bps': None, 'hl_range_pct': None, 'oc_change_pct': None, 'volume_rel_20': None, 'atr_pct': None, 'position_in_range': None, 'rsi': None, 'bb_position': None, 'ret_3': None, 'ret_10': None, 'session_bucket': 2.0}"
2026-04-06|GLW|2026-04-06T13:46:00-04:00|short|12,2026-04-06,GLW,2026-04-06T13:46:00-04:00,short,12,0.4104771614074707,True,next_bar_open_if_replayed,"{'pressure_k': 0.0, 'spread': 0.21999999999999886, 'depth_imb_k': 0.11887620424701986, 'micro_off': -0.03666666666666174, 'spread_mean_10s': 0.2302499999995689, 'depth_imb_k_mean_10s': 0.11979577316644736, 'depth_imb_k_mean_60s': 0.09369999794418431, 'dist_vwap_bps': None, 'hl_range_pct': None, 'oc_change_pct': None, 'volume_rel_20': None, 'atr_pct': None, 'position_in_range': None, 'rsi': None, 'bb_position': None, 'ret_3': None, 'ret_10': None, 'session_bucket': 2.0}"
2026-04-06|GLW|2026-04-06T13:47:00-04:00|long|8,2026-04-06,GLW,2026-04-06T13:47:00-04:00,long,8,0.37437182664871216,True,next_bar_open_if_replayed,"{'pressure_k': 0.0, 'spread': 0.21999999999999886, 'depth_imb_k': 0.28541971592425874, 'micro_off': 0.09166666666666856, 'spread_mean_10s': 0.23025000000011459, 'depth_imb_k_mean_10s': 0.2110172053320639, 'depth_imb_k_mean_60s': 0.1895872569800323, 'dist_vwap_bps': None, 'hl_range_pct': None, 'oc_change_pct': None, 'volume_rel_20': None, 'atr_pct': None, 'position_in_range': None, 'rsi': None, 'bb_position': None, 'ret_3': None, 'ret_10': None, 'session_bucket': 2.0}"
2026-04-06|GLW|2026-04-06T13:48:00-04:00|long|5,2026-04-06,GLW,2026-04-06T13:48:00-04:00,long,5,0.3728190064430237,True,next_bar_open_if_replayed,"{'pressure_k': 0.0, 'spread': 0.1599999999999966, 'depth_imb_k': 0.41227796611312373, 'micro_off': 0.06545454545454277, 'spread_mean_10s': 0.156999999999789, 'depth_imb_k_mean_10s': 0.33530142207600877, 'depth_imb_k_mean_60s': 0.24581665654849438, 'dist_vwap_bps': None, 'hl_range_pct': None, 'oc_change_pct': None, 'volume_rel_20': None, 'atr_pct': None, 'position_in_range': None, 'rsi': None, 'bb_position': None, 'ret_3': None, 'ret_10': None, 'session_bucket': 2.0}"
2026-04-06|GLW|2026-04-06T13:49:00-04:00|short|12,2026-04-06,GLW,2026-04-06T13:49:00-04:00,short,12,0.493854284286499,True,next_bar_open_if_replayed,"{'pressure_k': 0.0, 'spread': 0.12999999999999545, 'depth_imb_k': 0.17842736884301247, 'micro_off': 0.02166666666664696, 'spread_mean_10s': 0.1438461538456091, 'depth_imb_k_mean_10s': 0.16855640064176652, 'depth_imb_k_mean_60s': 0.22557139126830508, 'dist_vwap_bps': None, 'hl_range_pct': None, 'oc_change_pct': None, 'volume_rel_20': None, 'atr_pct': None, 'position_in_range': None, 'rsi': None, 'bb_position': None, 'ret_3': None, 'ret_10': None, 'session_bucket': 2.0}"
2026-04-06|GLW|2026-04-06T13:50:00-04:00|short|12,2026-04-06,GLW,2026-04-06T13:50:00-04:00,short,12,0.47533249855041504,True,next_bar_open_if_replayed,"{'pressure_k': 0.0, 'spread': 0.25, 'depth_imb_k': 0.12553466047404943, 'micro_off': 0.0, 'spread_mean_10s': 0.21724999999928513, 'depth_imb_k_mean_10s': 0.21773977061645838, 'depth_imb_k_mean_60s': 0.18924361908472212, 'dist_vwap_bps': None, 'hl_range_pct': None, 'oc_change_pct': None, 'volume_rel_20': None, 'atr_pct': None, 'position_in_range': None, 'rsi': None, 'bb_position': None, 'ret_3': None, 'ret_10': None, 'session_bucket': 2.0}"
2026-04-06|GLW|2026-04-06T13:51:00-04:00|long|8,2026-04-06,GLW,2026-04-06T13:51:00-04:00,long,8,0.40066465735435486,True,next_bar_open_if_replayed,"{'pressure_k': 0.0, 'spread': 0.12999999999999545, 'depth_imb_k': 0.047870264303984986, 'micro_off': -0.021666666666675383, 'spread_mean_10s': 0.19666666666615548, 'depth_imb_k_mean_10s': 0.03483180783232689, 'depth_imb_k_mean_60s': 0.11066537121324661, 'dist_vwap_bps': None, 'hl_range_pct': None, 'oc_change_pct': None, 'volume_rel_20': None, 'atr_pct': None, 'position_in_range': None, 'rsi': None, 'bb_position': None, 'ret_3': None, 'ret_10': None, 'session_bucket': 2.0}"
2026-04-06|GLW|2026-04-06T13:52:00-04:00|short|12,2026-04-06,GLW,2026-04-06T13:52:00-04:00,short,12,0.43735185265541077,True,next_bar_open_if_replayed,"{'pressure_k': 0.0, 'spread': 0.36000000000001364, 'depth_imb_k': -0.07058469773516564, 'micro_off': 0.0, 'spread_mean_10s': 0.38157894736889975, 'depth_imb_k_mean_10s': 0.004919869038698572, 'depth_imb_k_mean_60s': -0.05305864353748102, 'dist_vwap_bps': None, 'hl_range_pct': None, 'oc_change_pct': None, 'volume_rel_20': None, 'atr_pct': None, 'position_in_range': None, 'rsi': None, 'bb_position': None, 'ret_3': None, 'ret_10': None, 'session_bucket': 2.0}"
2026-04-06|GLW|2026-04-06T13:53:00-04:00|short|12,2026-04-06,GLW,2026-04-06T13:53:00-04:00,short,12,0.37224116921424866,True,next_bar_open_if_replayed,"{'pressure_k': 0.0, 'spread': 0.2600000000000193, 'depth_imb_k': 0.13976503041797, 'micro_off': -2.842170943040401e-14, 'spread_mean_10s': 0.15513513513473595, 'depth_imb_k_mean_10s': -0.06046893319755229, 'depth_imb_k_mean_60s': -0.13490746669559503, 'dist_vwap_bps': None, 'hl_range_pct': None, 'oc_change_pct': None, 'volume_rel_20': None, 'atr_pct': None, 'position_in_range': None, 'rsi': None, 'bb_position': None, 'ret_3': None, 'ret_10': None, 'session_bucket': 2.0}"
2026-04-06|GLW|2026-04-06T13:54:00-04:00|short|12,2026-04-06,GLW,2026-04-06T13:54:00-04:00,short,12,0.4510266184806824,True,next_bar_open_if_replayed,"{'pressure_k': 0.0, 'spread': 0.21000000000000796, 'depth_imb_k': 0.15726032038265825, 'micro_off': 2.842170943040401e-14, 'spread_mean_10s': 0.20999999999912689, 'depth_imb_k_mean_10s': 0.15726032038310223, 'depth_imb_k_mean_60s': 0.07902508938966267, 'dist_vwap_bps': None, 'hl_range_pct': None, 'oc_change_pct': None, 'volume_rel_20': None, 'atr_pct': None, 'position_in_range': None, 'rsi': None, 'bb_position': None, 'ret_3': None, 'ret_10': None, 'session_bucket': 2.0}"
2026-04-06|GLW|2026-04-06T13:55:00-04:00|short|12,2026-04-06,GLW,2026-04-06T13:55:00-04:00,short,12,0.4081452786922455,True,next_bar_open_if_replayed,"{'pressure_k': 0.0, 'spread': 0.14999999999997726, 'depth_imb_k': 0.06953353164205038, 'micro_off': -0.025000000000005684, 'spread_mean_10s': 0.1499999999996362, 'depth_imb_k_mean_10s': 0.08599362634245503, 'depth_imb_k_mean_60s': 0.0800096119068311, 'dist_vwap_bps': None, 'hl_range_pct': None, 'oc_change_pct': None, 'volume_rel_20': None, 'atr_pct': None, 'position_in_range': None, 'rsi': None, 'bb_position': None, 'ret_3': None, 'ret_10': None, 'session_bucket': 2.0}"
2026-04-06|GLW|2026-04-06T13:56:00-04:00|short|12,2026-04-06,GLW,2026-04-06T13:56:00-04:00,short,12,0.41121962666511536,True,next_bar_open_if_replayed,"{'pressure_k': 0.0, 'spread': 0.13999999999998636, 'depth_imb_k': -0.0017798293660362626, 'micro_off': 0.0, 'spread_mean_10s': 0.1533333333330423, 'depth_imb_k_mean_10s': -0.02822921651687256, 'depth_imb_k_mean_60s': 0.042451762602772565, 'dist_vwap_bps': None, 'hl_range_pct': None, 'oc_change_pct': None, 'volume_rel_20': None, 'atr_pct': None, 'position_in_range': None, 'rsi': None, 'bb_position': None, 'ret_3': None, 'ret_10': None, 'session_bucket': 2.0}"
2026-04-06|GLW|2026-04-06T13:57:00-04:00|short|12,2026-04-06,GLW,2026-04-06T13:57:00-04:00,short,12,0.41388264298439026,True,next_bar_open_if_replayed,"{'pressure_k': 0.0, 'spread': 0.15000000000000568, 'depth_imb_k': -0.2590373193865792, 'micro_off': -2.842170943040401e-14, 'spread_mean_10s': 0.14424999999982901, 'depth_imb_k_mean_10s': -0.2320788447688983, 'depth_imb_k_mean_60s': -0.14112948745661555, 'dist_vwap_bps': None, 'hl_range_pct': None, 'oc_change_pct': None, 'volume_rel_20': None, 'atr_pct': None, 'position_in_range': None, 'rsi': None, 'bb_position': None, 'ret_3': None, 'ret_10': None, 'session_bucket': 2.0}"
2026-04-06|GLW|2026-04-06T13:58:00-04:00|short|12,2026-04-06,GLW,2026-04-06T13:58:00-04:00,short,12,0.42445388436317444,True,next_bar_open_if_replayed,"{'pressure_k': 0.0, 'spread': 0.14000000000001478, 'depth_imb_k': 0.03499853033265601, 'micro_off': 0.023333333333312112, 'spread_mean_10s': 0.13999999999941792, 'depth_imb_k_mean_10s': -0.17523329382038355, 'depth_imb_k_mean_60s': -0.20860670711794183, 'dist_vwap_bps': None, 'hl_range_pct': None, 'oc_change_pct': None, 'volume_rel_20': None, 'atr_pct': None, 'position_in_range': None, 'rsi': None, 'bb_position': None, 'ret_3': None, 'ret_10': None, 'session_bucket': 2.0}"
2026-04-06|GLW|2026-04-06T13:59:00-04:00|short|12,2026-04-06,GLW,2026-04-06T13:59:00-04:00,short,12,0.4128883481025696,True,next_bar_open_if_replayed,"{'pressure_k': 0.0, 'spread': 0.10999999999998522, 'depth_imb_k': -0.3359443700844408, 'micro_off': -2.842170943040401e-14, 'spread_mean_10s': 0.11000000000058208, 'depth_imb_k_mean_10s': -0.31505835485399986, 'depth_imb_k_mean_60s': -0.27119128765206457, 'dist_vwap_bps': None, 'hl_range_pct': None, 'oc_change_pct': None, 'volume_rel_20': None, 'atr_pct': None, 'position_in_range': None, 'rsi': None, 'bb_position': None, 'ret_3': None, 'ret_10': None, 'session_bucket': 2.0}"
2026-04-06|GLW|2026-04-06T14:00:00-04:00|short|12,2026-04-06,GLW,2026-04-06T14:00:00-04:00,short,12,0.4530964493751526,True,next_bar_open_if_replayed,"{'pressure_k': 0.0, 'spread': 0.14000000000001478, 'depth_imb_k': -0.3681467489400999, 'micro_off': -0.03500000000002501, 'spread_mean_10s': 0.13999999999941792, 'depth_imb_k_mean_10s': -0.36417203895721284, 'depth_imb_k_mean_60s': -0.2765806406267042, 'dist_vwap_bps': None, 'hl_range_pct': None, 'oc_change_pct': None, 'volume_rel_20': None, 'atr_pct': None, 'position_in_range': None, 'rsi': None, 'bb_position': None, 'ret_3': None, 'ret_10': None, 'session_bucket': 2.0}"
2026-04-06|GLW|2026-04-06T14:01:00-04:00|short|12,2026-04-06,GLW,2026-04-06T14:01:00-04:00,short,12,0.40619605779647827,True,next_bar_open_if_replayed,"{'pressure_k': 0.0, 'spread': 0.1599999999999966, 'depth_imb_k': -0.3355921196592056, 'micro_off': 0.0, 'spread_mean_10s': 0.16700000000000728, 'depth_imb_k_mean_10s': -0.3385174009138609, 'depth_imb_k_mean_60s': -0.3686962912580197, 'dist_vwap_bps': None, 'hl_range_pct': None, 'oc_change_pct': None, 'volume_rel_20': None, 'atr_pct': None, 'position_in_range': None, 'rsi': None, 'bb_position': None, 'ret_3': None, 'ret_10': None, 'session_bucket': 2.0}"
2026-04-06|GLW|2026-04-06T14:02:00-04:00|long|8,2026-04-06,GLW,2026-04-06T14:02:00-04:00,long,8,0.3768986761569977,True,next_bar_open_if_replayed,"{'pressure_k': 0.0, 'spread': 0.09999999999999432, 'depth_imb_k': -0.36755004740802505, 'micro_off': -0.01666666666667993, 'spread_mean_10s': 0.10825000000027103, 'depth_imb_k_mean_10s': -0.3483507902925112, 'depth_imb_k_mean_60s': -0.24753698022349335, 'dist_vwap_bps': None, 'hl_range_pct': None, 'oc_change_pct': None, 'volume_rel_20': None, 'atr_pct': None, 'position_in_range': None, 'rsi': None, 'bb_position': None, 'ret_3': None, 'ret_10': None, 'session_bucket': 2.0}"
2026-04-06|GLW|2026-04-06T14:03:00-04:00|short|12,2026-04-06,GLW,2026-04-06T14:03:00-04:00,short,12,0.35568779706954956,True,next_bar_open_if_replayed,"{'pressure_k': 0.0, 'spread': 0.12999999999999545, 'depth_imb_k': 0.016447506474623404, 'micro_off': -0.043333333333322344, 'spread_mean_10s': 0.16049999999941064, 'depth_imb_k_mean_10s': 0.11437034982577643, 'depth_imb_k_mean_60s': -0.2615698613660992, 'dist_vwap_bps': None, 'hl_range_pct': None, 'oc_change_pct': None, 'volume_rel_20': None, 'atr_pct': None, 'position_in_range': None, 'rsi': None, 'bb_position': None, 'ret_3': None, 'ret_10': None, 'session_bucket': 2.0}"
2026-04-06|GLW|2026-04-06T14:04:00-04:00|short|12,2026-04-06,GLW,2026-04-06T14:04:00-04:00,short,12,0.34841012954711914,True,next_bar_open_if_replayed,"{'pressure_k': 0.0, 'spread': 0.12999999999999545, 'depth_imb_k': 0.12035090679038381, 'micro_off': 0.043333333333350765, 'spread_mean_10s': 0.13225000000065848, 'depth_imb_k_mean_10s': 0.1322053732251561, 'depth_imb_k_mean_60s': 0.0938593357711424, 'dist_vwap_bps': None, 'hl_range_pct': None, 'oc_change_pct': None, 'volume_rel_20': None, 'atr_pct': None, 'position_in_range': None, 'rsi': None, 'bb_position': None, 'ret_3': None, 'ret_10': None, 'session_bucket': 2.0}"
2026-04-06|GLW|2026-04-06T14:05:00-04:00|short|12,2026-04-06,GLW,2026-04-06T14:05:00-04:00,short,12,0.3360917866230011,True,next_bar_open_if_replayed,"{'pressure_k': 0.0, 'spread': 0.2599999999999909, 'depth_imb_k': 0.2612230045667085, 'micro_off': -0.043333333333322344, 'spread_mean_10s': 0.2689999999991414, 'depth_imb_k_mean_10s': 0.25466520435666096, 'depth_imb_k_mean_60s': 0.1449073690749477, 'dist_vwap_bps': None, 'hl_range_pct': None, 'oc_change_pct': None, 'volume_rel_20': None, 'atr_pct': None, 'position_in_range': None, 'rsi': None, 'bb_position': None, 'ret_3': None, 'ret_10': None, 'session_bucket': 2.0}"
2026-04-06|GLW|2026-04-06T14:06:00-04:00|short|3,2026-04-06,GLW,2026-04-06T14:06:00-04:00,short,3,0.4355820417404175,True,next_bar_open_if_replayed,"{'pressure_k': 0.0, 'spread': 0.17000000000001592, 'depth_imb_k': 0.16488356973313176, 'micro_off': 0.0, 'spread_mean_10s': 0.19400000000032377, 'depth_imb_k_mean_10s': -0.03804003844838917, 'depth_imb_k_mean_60s': 0.17049531146428226, 'dist_vwap_bps': None, 'hl_range_pct': None, 'oc_change_pct': None, 'volume_rel_20': None, 'atr_pct': None, 'position_in_range': None, 'rsi': None, 'bb_position': None, 'ret_3': None, 'ret_10': None, 'session_bucket': 2.0}"
2026-04-06|GLW|2026-04-06T14:07:00-04:00|short|12,2026-04-06,GLW,2026-04-06T14:07:00-04:00,short,12,0.4248109757900238,True,next_bar_open_if_replayed,"{'pressure_k': 0.0, 'spread': 0.15000000000000568, 'depth_imb_k': 0.29850485493996415, 'micro_off': 0.024999999999977263, 'spread_mean_10s': 0.14300000000012006, 'depth_imb_k_mean_10s': 0.29268884784526106, 'depth_imb_k_mean_60s': 0.22990592385608333, 'dist_vwap_bps': None, 'hl_range_pct': None, 'oc_change_pct': None, 'volume_rel_20': None, 'atr_pct': None, 'position_in_range': None, 'rsi': None, 'bb_position': None, 'ret_3': None, 'ret_10': None, 'session_bucket': 2.0}"
2026-04-06|GLW|2026-04-06T14:08:00-04:00|short|12,2026-04-06,GLW,2026-04-06T14:08:00-04:00,short,12,0.3530031144618988,True,next_bar_open_if_replayed,"{'pressure_k': 0.0, 'spread': 0.20000000000001705, 'depth_imb_k': 0.46556378902157813, 'micro_off': -0.020000000000010232, 'spread_mean_10s': 0.2000000000007276, 'depth_imb_k_mean_10s': 0.44851158962487714, 'depth_imb_k_mean_60s': 0.3075679643608559, 'dist_vwap_bps': None, 'hl_range_pct': None, 'oc_change_pct': None, 'volume_rel_20': None, 'atr_pct': None, 'position_in_range': None, 'rsi': None, 'bb_position': None, 'ret_3': None, 'ret_10': None, 'session_bucket': 2.0}"
2026-04-06|GLW|2026-04-06T14:09:00-04:00|short|12,2026-04-06,GLW,2026-04-06T14:09:00-04:00,short,12,0.3861047327518463,True,next_bar_open_if_replayed,"{'pressure_k': 0.0, 'spread': 0.1599999999999966, 'depth_imb_k': 0.20553510475496709, 'micro_off': 0.0, 'spread_mean_10s': 0.2499999999990905, 'depth_imb_k_mean_10s': 0.2620007112474013, 'depth_imb_k_mean_60s': 0.36064265432167625, 'dist_vwap_bps': None, 'hl_range_pct': None, 'oc_change_pct': None, 'volume_rel_20': None, 'atr_pct': None, 'position_in_range': None, 'rsi': None, 'bb_position': None, 'ret_3': None, 'ret_10': None, 'session_bucket': 2.0}"
2026-04-06|GLW|2026-04-06T14:10:00-04:00|short|5,2026-04-06,GLW,2026-04-06T14:10:00-04:00,short,5,0.4669225811958313,True,next_bar_open_if_replayed,"{'pressure_k': 0.0, 'spread': 0.18000000000000682, 'depth_imb_k': -0.03523878533547306, 'micro_off': 0.0, 'spread_mean_10s': 0.20725000000038563, 'depth_imb_k_mean_10s': -0.04412309683327749, 'depth_imb_k_mean_60s': 0.18199269237481022, 'dist_vwap_bps': None, 'hl_range_pct': None, 'oc_change_pct': None, 'volume_rel_20': None, 'atr_pct': None, 'position_in_range': None, 'rsi': None, 'bb_position': None, 'ret_3': None, 'ret_10': None, 'session_bucket': 2.0}"
2026-04-06|GLW|2026-04-06T14:11:00-04:00|short|3,2026-04-06,GLW,2026-04-06T14:11:00-04:00,short,3,0.3984651267528534,True,next_bar_open_if_replayed,"{'pressure_k': 0.0, 'spread': 0.20000000000001705, 'depth_imb_k': -0.003538313585309648, 'micro_off': -0.05000000000003979, 'spread_mean_10s': 0.20000000000054569, 'depth_imb_k_mean_10s': 0.035646150101774764, 'depth_imb_k_mean_60s': 0.06301846437401178, 'dist_vwap_bps': None, 'hl_range_pct': None, 'oc_change_pct': None, 'volume_rel_20': None, 'atr_pct': None, 'position_in_range': None, 'rsi': None, 'bb_position': None, 'ret_3': None, 'ret_10': None, 'session_bucket': 2.0}"
2026-04-06|GLW|2026-04-06T14:12:00-04:00|short|12,2026-04-06,GLW,2026-04-06T14:12:00-04:00,short,12,0.39512160420417786,True,next_bar_open_if_replayed,"{'pressure_k': 0.0, 'spread': 0.160000000000025, 'depth_imb_k': -0.03483251628530338, 'micro_off': 0.0, 'spread_mean_10s': 0.2860000000000582, 'depth_imb_k_mean_10s': -0.014918540989992835, 'depth_imb_k_mean_60s': 0.01076522407397028, 'dist_vwap_bps': None, 'hl_range_pct': None, 'oc_change_pct': None, 'volume_rel_20': None, 'atr_pct': None, 'position_in_range': None, 'rsi': None, 'bb_position': None, 'ret_3': None, 'ret_10': None, 'session_bucket': 2.0}"
2026-04-06|GLW|2026-04-06T14:13:00-04:00|short|12,2026-04-06,GLW,2026-04-06T14:13:00-04:00,short,12,0.4478205144405365,True,next_bar_open_if_replayed,"{'pressure_k': 0.0, 'spread': 0.18999999999999773, 'depth_imb_k': -0.1075404559548223, 'micro_off': 0.04750000000001364, 'spread_mean_10s': 0.19024999999910505, 'depth_imb_k_mean_10s': -0.11520265008603019, 'depth_imb_k_mean_60s': 0.022749208371370767, 'dist_vwap_bps': None, 'hl_range_pct': None, 'oc_change_pct': None, 'volume_rel_20': None, 'atr_pct': None, 'position_in_range': None, 'rsi': None, 'bb_position': None, 'ret_3': None, 'ret_10': None, 'session_bucket': 2.0}"
2026-04-06|GLW|2026-04-06T14:14:00-04:00|short|5,2026-04-06,GLW,2026-04-06T14:14:00-04:00,short,5,0.4062475860118866,True,next_bar_open_if_replayed,"{'pressure_k': 0.0, 'spread': 0.1599999999999966, 'depth_imb_k': 0.18463594374383724, 'micro_off': 2.842170943040401e-14, 'spread_mean_10s': 0.15317073170826473, 'depth_imb_k_mean_10s': 0.3150769751705522, 'depth_imb_k_mean_60s': 0.14024997959456925, 'dist_vwap_bps': None, 'hl_range_pct': None, 'oc_change_pct': None, 'volume_rel_20': None, 'atr_pct': None, 'position_in_range': None, 'rsi': None, 'bb_position': None, 'ret_3': None, 'ret_10': None, 'session_bucket': 2.0}"
2026-04-06|GLW|2026-04-06T14:15:00-04:00|short|12,2026-04-06,GLW,2026-04-06T14:15:00-04:00,short,12,0.40146932005882263,True,next_bar_open_if_replayed,"{'pressure_k': 0.0, 'spread': 0.15000000000000568, 'depth_imb_k': 0.2090555715217715, 'micro_off': 0.0, 'spread_mean_10s': 0.1500000000014552, 'depth_imb_k_mean_10s': 0.19220806956843717, 'depth_imb_k_mean_60s': 0.11848203411224194, 'dist_vwap_bps': None, 'hl_range_pct': None, 'oc_change_pct': None, 'volume_rel_20': None, 'atr_pct': None, 'position_in_range': None, 'rsi': None, 'bb_position': None, 'ret_3': None, 'ret_10': None, 'session_bucket': 2.0}"
2026-04-06|GLW|2026-04-06T14:16:00-04:00|short|12,2026-04-06,GLW,2026-04-06T14:16:00-04:00,short,12,0.5166007876396179,True,next_bar_open_if_replayed,"{'pressure_k': 0.0, 'spread': 0.17000000000001592, 'depth_imb_k': 0.13012052080476275, 'micro_off': 0.028333333333335986, 'spread_mean_10s': 0.1624999999994543, 'depth_imb_k_mean_10s': 0.08526811271663064, 'depth_imb_k_mean_60s': 0.21238648325521894, 'dist_vwap_bps': None, 'hl_range_pct': None, 'oc_change_pct': None, 'volume_rel_20': None, 'atr_pct': None, 'position_in_range': None, 'rsi': None, 'bb_position': None, 'ret_3': None, 'ret_10': None, 'session_bucket': 2.0}"
2026-04-06|GLW|2026-04-06T14:17:00-04:00|short|12,2026-04-06,GLW,2026-04-06T14:17:00-04:00,short,12,0.4263905882835388,True,next_bar_open_if_replayed,"{'pressure_k': 0.0, 'spread': 0.18000000000000682, 'depth_imb_k': 0.38268270914694624, 'micro_off': 0.0, 'spread_mean_10s': 0.17000000000043655, 'depth_imb_k_mean_10s': 0.29356531404955605, 'depth_imb_k_mean_60s': 0.11398364047321835, 'dist_vwap_bps': None, 'hl_range_pct': None, 'oc_change_pct': None, 'volume_rel_20': None, 'atr_pct': None, 'position_in_range': None, 'rsi': None, 'bb_position': None, 'ret_3': None, 'ret_10': None, 'session_bucket': 2.0}"
2026-04-06|GLW|2026-04-06T14:18:00-04:00|short|12,2026-04-06,GLW,2026-04-06T14:18:00-04:00,short,12,0.44690537452697754,True,next_bar_open_if_replayed,"{'pressure_k': 0.0, 'spread': 0.12999999999999545, 'depth_imb_k': 0.1599617818223122, 'micro_off': 0.043333333333322344, 'spread_mean_10s': 0.16049999999959255, 'depth_imb_k_mean_10s': -0.043662196129798755, 'depth_imb_k_mean_60s': -0.01049814993155087, 'dist_vwap_bps': None, 'hl_range_pct': None, 'oc_change_pct': None, 'volume_rel_20': None, 'atr_pct': None, 'position_in_range': None, 'rsi': None, 'bb_position': None, 'ret_3': None, 'ret_10': None, 'session_bucket': 2.0}"
2026-04-06|GLW|2026-04-06T14:19:00-04:00|short|12,2026-04-06,GLW,2026-04-06T14:19:00-04:00,short,12,0.5090658068656921,True,next_bar_open_if_replayed,"{'pressure_k': 0.0, 'spread': 0.12999999999999545, 'depth_imb_k': -0.31568928147472985, 'micro_off': -0.021666666666675383, 'spread_mean_10s': 0.12299999999941065, 'depth_imb_k_mean_10s': -0.26796185899429475, 'depth_imb_k_mean_60s': -0.28484707829217004, 'dist_vwap_bps': None, 'hl_range_pct': None, 'oc_change_pct': None, 'volume_rel_20': None, 'atr_pct': None, 'position_in_range': None, 'rsi': None, 'bb_position': None, 'ret_3': None, 'ret_10': None, 'session_bucket': 2.0}"
2026-04-06|GLW|2026-04-06T14:20:00-04:00|short|12,2026-04-06,GLW,2026-04-06T14:20:00-04:00,short,12,0.4830509126186371,True,next_bar_open_if_replayed,"{'pressure_k': 0.0, 'spread': 0.13999999999998636, 'depth_imb_k': -0.295420729358821, 'micro_off': 0.0, 'spread_mean_10s': 0.14650000000074215, 'depth_imb_k_mean_10s': -0.3125757715625014, 'depth_imb_k_mean_60s': -0.2959681326480829, 'dist_vwap_bps': None, 'hl_range_pct': None, 'oc_change_pct': None, 'volume_rel_20': None, 'atr_pct': None, 'position_in_range': None, 'rsi': None, 'bb_position': None, 'ret_3': None, 'ret_10': None, 'session_bucket': 2.0}"
2026-04-06|GLW|2026-04-06T14:21:00-04:00|short|5,2026-04-06,GLW,2026-04-06T14:21:00-04:00,short,5,0.48759910464286804,True,next_bar_open_if_replayed,"{'pressure_k': 0.0, 'spread': 0.09000000000000341, 'depth_imb_k': -0.33496000306196655, 'micro_off': -0.036818181818205176, 'spread_mean_10s': 0.09000000000014552, 'depth_imb_k_mean_10s': -0.3159589509013818, 'depth_imb_k_mean_60s': -0.28843779293308475, 'dist_vwap_bps': None, 'hl_range_pct': None, 'oc_change_pct': None, 'volume_rel_20': None, 'atr_pct': None, 'position_in_range': None, 'rsi': None, 'bb_position': None, 'ret_3': None, 'ret_10': None, 'session_bucket': 2.0}"
2026-04-06|GLW|2026-04-06T14:22:00-04:00|short|12,2026-04-06,GLW,2026-04-06T14:22:00-04:00,short,12,0.3777448832988739,True,next_bar_open_if_replayed,"{'pressure_k': 0.0, 'spread': 0.14999999999997726, 'depth_imb_k': 0.27015785738228365, 'micro_off': 0.0, 'spread_mean_10s': 0.1472500000006221, 'depth_imb_k_mean_10s': 0.23721914539805766, 'depth_imb_k_mean_60s': -0.24221941090705773, 'dist_vwap_bps': None, 'hl_range_pct': None, 'oc_change_pct': None, 'volume_rel_20': None, 'atr_pct': None, 'position_in_range': None, 'rsi': None, 'bb_position': None, 'ret_3': None, 'ret_10': None, 'session_bucket': 2.0}"
2026-04-06|GLW|2026-04-06T14:23:00-04:00|short|5,2026-04-06,GLW,2026-04-06T14:23:00-04:00,short,5,0.42293280363082886,True,next_bar_open_if_replayed,"{'pressure_k': 0.0, 'spread': 0.12999999999999545, 'depth_imb_k': 0.22250694238103005, 'micro_off': 0.0, 'spread_mean_10s': 0.16299999999882858, 'depth_imb_k_mean_10s': 0.22475098267273097, 'depth_imb_k_mean_60s': 0.20472042380758806, 'dist_vwap_bps': None, 'hl_range_pct': None, 'oc_change_pct': None, 'volume_rel_20': None, 'atr_pct': None, 'position_in_range': None, 'rsi': None, 'bb_position': None, 'ret_3': None, 'ret_10': None, 'session_bucket': 2.0}"
2026-04-06|GLW|2026-04-06T14:24:00-04:00|short|12,2026-04-06,GLW,2026-04-06T14:24:00-04:00,short,12,0.43282464146614075,True,next_bar_open_if_replayed,"{'pressure_k': 0.0, 'spread': 0.15000000000000568, 'depth_imb_k': -0.7142472100269268, 'micro_off': 2.842170943040401e-14, 'spread_mean_10s': 0.1500000000014552, 'depth_imb_k_mean_10s': -0.7147876336602621, 'depth_imb_k_mean_60s': -0.07387471096715942, 'dist_vwap_bps': None, 'hl_range_pct': None, 'oc_change_pct': None, 'volume_rel_20': None, 'atr_pct': None, 'position_in_range': None, 'rsi': None, 'bb_position': None, 'ret_3': None, 'ret_10': None, 'session_bucket': 2.0}"
2026-04-06|GLW|2026-04-06T14:25:00-04:00|long|8,2026-04-06,GLW,2026-04-06T14:25:00-04:00,long,8,0.4535616338253021,True,next_bar_open_if_replayed,"{'pressure_k': 0.0, 'spread': 0.21000000000000796, 'depth_imb_k': -0.729392836061035, 'micro_off': -2.842170943040401e-14, 'spread_mean_10s': 0.2028571428574131, 'depth_imb_k_mean_10s': -0.12503716080303612, 'depth_imb_k_mean_60s': -0.19433027177017206, 'dist_vwap_bps': None, 'hl_range_pct': None, 'oc_change_pct': None, 'volume_rel_20': None, 'atr_pct': None, 'position_in_range': None, 'rsi': None, 'bb_position': None, 'ret_3': None, 'ret_10': None, 'session_bucket': 2.0}"
2026-04-06|GLW|2026-04-06T14:26:00-04:00|short|12,2026-04-06,GLW,2026-04-06T14:26:00-04:00,short,12,0.39502474665641785,True,next_bar_open_if_replayed,"{'pressure_k': 0.0, 'spread': 0.18999999999999773, 'depth_imb_k': 0.08775605751728395, 'micro_off': 0.0, 'spread_mean_10s': 0.18449999999966166, 'depth_imb_k_mean_10s': 0.15572457028547432, 'depth_imb_k_mean_60s': 0.025551481080602904, 'dist_vwap_bps': None, 'hl_range_pct': None, 'oc_change_pct': None, 'volume_rel_20': None, 'atr_pct': None, 'position_in_range': None, 'rsi': None, 'bb_position': None, 'ret_3': None, 'ret_10': None, 'session_bucket': 2.0}"
2026-04-06|GLW|2026-04-06T14:27:00-04:00|long|8,2026-04-06,GLW,2026-04-06T14:27:00-04:00,long,8,0.42993131279945374,True,next_bar_open_if_replayed,"{'pressure_k': 0.0, 'spread': 0.12000000000000455, 'depth_imb_k': -0.6901602132024418, 'micro_off': 0.0, 'spread_mean_10s': 0.18525000000063302, 'depth_imb_k_mean_10s': -0.688308798613275, 'depth_imb_k_mean_60s': -0.5462395788972417, 'dist_vwap_bps': None, 'hl_range_pct': None, 'oc_change_pct': None, 'volume_rel_20': None, 'atr_pct': None, 'position_in_range': None, 'rsi': None, 'bb_position': None, 'ret_3': None, 'ret_10': None, 'session_bucket': 2.0}"
2026-04-06|GLW|2026-04-06T14:28:00-04:00|short|5,2026-04-06,GLW,2026-04-06T14:28:00-04:00,short,5,0.4229954183101654,True,next_bar_open_if_replayed,"{'pressure_k': 0.0, 'spread': 0.21999999999999886, 'depth_imb_k': -0.6958573626286931, 'micro_off': 0.0, 'spread_mean_10s': 0.21975000000011277, 'depth_imb_k_mean_10s': -0.7047302504323397, 'depth_imb_k_mean_60s': -0.687401269628417, 'dist_vwap_bps': None, 'hl_range_pct': None, 'oc_change_pct': None, 'volume_rel_20': None, 'atr_pct': None, 'position_in_range': None, 'rsi': None, 'bb_position': None, 'ret_3': None, 'ret_10': None, 'session_bucket': 2.0}"
2026-04-06|GLW|2026-04-06T14:29:00-04:00|short|5,2026-04-06,GLW,2026-04-06T14:29:00-04:00,short,5,0.40980154275894165,True,next_bar_open_if_replayed,"{'pressure_k': 0.0, 'spread': 0.21000000000000796, 'depth_imb_k': -0.6426883380986605, 'micro_off': 0.0, 'spread_mean_10s': 0.27378378378312307, 'depth_imb_k_mean_10s': -0.7053154177558738, 'depth_imb_k_mean_60s': -0.7088293457058741, 'dist_vwap_bps': None, 'hl_range_pct': None, 'oc_change_pct': None, 'volume_rel_20': None, 'atr_pct': None, 'position_in_range': None, 'rsi': None, 'bb_position': None, 'ret_3': None, 'ret_10': None, 'session_bucket': 2.0}"
2026-04-06|GLW|2026-04-06T14:30:00-04:00|short|12,2026-04-06,GLW,2026-04-06T14:30:00-04:00,short,12,0.3546484708786011,True,next_bar_open_if_replayed,"{'pressure_k': 0.0, 'spread': 0.18999999999999773, 'depth_imb_k': -0.6235890054903185, 'micro_off': -0.09313725490196134, 'spread_mean_10s': 0.18051282051302947, 'depth_imb_k_mean_10s': -0.616629903043432, 'depth_imb_k_mean_60s': -0.6225451833683553, 'dist_vwap_bps': None, 'hl_range_pct': None, 'oc_change_pct': None, 'volume_rel_20': None, 'atr_pct': None, 'position_in_range': None, 'rsi': None, 'bb_position': None, 'ret_3': None, 'ret_10': None, 'session_bucket': 2.0}"
2026-04-06|GLW|2026-04-06T14:31:00-04:00|long|8,2026-04-06,GLW,2026-04-06T14:31:00-04:00,long,8,0.3374920189380646,True,next_bar_open_if_replayed,"{'pressure_k': 0.0, 'spread': 0.160000000000025, 'depth_imb_k': -0.6183023999702899, 'micro_off': 0.0, 'spread_mean_10s': 0.21849999999994907, 'depth_imb_k_mean_10s': -0.6192486223352717, 'depth_imb_k_mean_60s': -0.6158868232405066, 'dist_vwap_bps': None, 'hl_range_pct': None, 'oc_change_pct': None, 'volume_rel_20': None, 'atr_pct': None, 'position_in_range': None, 'rsi': None, 'bb_position': None, 'ret_3': None, 'ret_10': None, 'session_bucket': 2.0}"
2026-04-06|GLW|2026-04-06T14:32:00-04:00|short|12,2026-04-06,GLW,2026-04-06T14:32:00-04:00,short,12,0.3621506094932556,True,next_bar_open_if_replayed,"{'pressure_k': 0.0, 'spread': 0.20000000000001705, 'depth_imb_k': -0.6155094592918768, 'micro_off': 0.0, 'spread_mean_10s': 0.13375000000060028, 'depth_imb_k_mean_10s': -0.6248217373453144, 'depth_imb_k_mean_60s': -0.6194577782418071, 'dist_vwap_bps': None, 'hl_range_pct': None, 'oc_change_pct': None, 'volume_rel_20': None, 'atr_pct': None, 'position_in_range': None, 'rsi': None, 'bb_position': None, 'ret_3': None, 'ret_10': None, 'session_bucket': 2.0}"
2026-04-06|GLW|2026-04-06T14:33:00-04:00|short|12,2026-04-06,GLW,2026-04-06T14:33:00-04:00,short,12,0.3172999620437622,True,next_bar_open_if_replayed,"{'pressure_k': 0.0, 'spread': 0.15000000000000568, 'depth_imb_k': -0.6070545257773124, 'micro_off': 0.0, 'spread_mean_10s': 0.1580000000001746, 'depth_imb_k_mean_10s': -0.616346208198354, 'depth_imb_k_mean_60s': -0.6303347146441527, 'dist_vwap_bps': None, 'hl_range_pct': None, 'oc_change_pct': None, 'volume_rel_20': None, 'atr_pct': None, 'position_in_range': None, 'rsi': None, 'bb_position': None, 'ret_3': None, 'ret_10': None, 'session_bucket': 2.0}"
2026-04-06|GLW|2026-04-06T14:34:00-04:00|long|5,2026-04-06,GLW,2026-04-06T14:34:00-04:00,long,5,0.3481563329696655,True,next_bar_open_if_replayed,"{'pressure_k': 0.0, 'spread': 0.10999999999998522, 'depth_imb_k': -0.5845263280295573, 'micro_off': 0.02749999999997499, 'spread_mean_10s': 0.20384615384738516, 'depth_imb_k_mean_10s': -0.6194780812646246, 'depth_imb_k_mean_60s': -0.620157801123092, 'dist_vwap_bps': None, 'hl_range_pct': None, 'oc_change_pct': None, 'volume_rel_20': None, 'atr_pct': None, 'position_in_range': None, 'rsi': None, 'bb_position': None, 'ret_3': None, 'ret_10': None, 'session_bucket': 2.0}"
2026-04-06|GLW|2026-04-06T14:35:00-04:00|short|12,2026-04-06,GLW,2026-04-06T14:35:00-04:00,short,12,0.34969305992126465,True,next_bar_open_if_replayed,"{'pressure_k': 0.0, 'spread': 0.15000000000000568, 'depth_imb_k': -0.6206979026631148, 'micro_off': 2.842170943040401e-14, 'spread_mean_10s': 0.15717948717979313, 'depth_imb_k_mean_10s': -0.6148956652280924, 'depth_imb_k_mean_60s': -0.5963336642467688, 'dist_vwap_bps': None, 'hl_range_pct': None, 'oc_change_pct': None, 'volume_rel_20': None, 'atr_pct': None, 'position_in_range': None, 'rsi': None, 'bb_position': None, 'ret_3': None, 'ret_10': None, 'session_bucket': 2.0}"
2026-04-06|GLW|2026-04-06T14:36:00-04:00|long|3,2026-04-06,GLW,2026-04-06T14:36:00-04:00,long,3,0.32236865162849426,True,next_bar_open_if_replayed,"{'pressure_k': 0.0, 'spread': 0.11000000000001364, 'depth_imb_k': -0.6066750405473393, 'micro_off': -0.01833333333334508, 'spread_mean_10s': 0.16102564102477165, 'depth_imb_k_mean_10s': -0.6090451904326704, 'depth_imb_k_mean_60s': -0.6160259843022647, 'dist_vwap_bps': None, 'hl_range_pct': None, 'oc_change_pct': None, 'volume_rel_20': None, 'atr_pct': None, 'position_in_range': None, 'rsi': None, 'bb_position': None, 'ret_3': None, 'ret_10': None, 'session_bucket': 2.0}"
2026-04-06|GLW|2026-04-06T14:37:00-04:00|short|12,2026-04-06,GLW,2026-04-06T14:37:00-04:00,short,12,0.4740120470523834,True,next_bar_open_if_replayed,"{'pressure_k': 0.0, 'spread': 0.09999999999999432, 'depth_imb_k': -0.6436134698960331, 'micro_off': 0.0, 'spread_mean_10s': 0.09649999999910505, 'depth_imb_k_mean_10s': -0.6436048172000255, 'depth_imb_k_mean_60s': -0.6147122485708153, 'dist_vwap_bps': None, 'hl_range_pct': None, 'oc_change_pct': None, 'volume_rel_20': None, 'atr_pct': None, 'position_in_range': None, 'rsi': None, 'bb_position': None, 'ret_3': None, 'ret_10': None, 'session_bucket': 2.0}"
2026-04-06|GLW|2026-04-06T14:38:00-04:00|short|12,2026-04-06,GLW,2026-04-06T14:38:00-04:00,short,12,0.40033116936683655,True,next_bar_open_if_replayed,"{'pressure_k': 0.0, 'spread': 0.1599999999999966, 'depth_imb_k': -0.6291733566301473, 'micro_off': 0.026666666666642413, 'spread_mean_10s': 0.1451282051282947, 'depth_imb_k_mean_10s': -0.6343454895795964, 'depth_imb_k_mean_60s': -0.6548710633182188, 'dist_vwap_bps': None, 'hl_range_pct': None, 'oc_change_pct': None, 'volume_rel_20': None, 'atr_pct': None, 'position_in_range': None, 'rsi': None, 'bb_position': None, 'ret_3': None, 'ret_10': None, 'session_bucket': 2.0}"
2026-04-06|GLW|2026-04-06T14:39:00-04:00|short|12,2026-04-06,GLW,2026-04-06T14:39:00-04:00,short,12,0.3952634334564209,True,next_bar_open_if_replayed,"{'pressure_k': 0.0, 'spread': 0.12000000000000455, 'depth_imb_k': -0.6150817975286097, 'micro_off': 0.0, 'spread_mean_10s': 0.12846153846131086, 'depth_imb_k_mean_10s': -0.6189917947921785, 'depth_imb_k_mean_60s': -0.6321352353143278, 'dist_vwap_bps': None, 'hl_range_pct': None, 'oc_change_pct': None, 'volume_rel_20': None, 'atr_pct': None, 'position_in_range': None, 'rsi': None, 'bb_position': None, 'ret_3': None, 'ret_10': None, 'session_bucket': 2.0}"
2026-04-06|GLW|2026-04-06T14:40:00-04:00|short|12,2026-04-06,GLW,2026-04-06T14:40:00-04:00,short,12,0.3605410158634186,True,next_bar_open_if_replayed,"{'pressure_k': 0.0, 'spread': 0.09000000000000341, 'depth_imb_k': -0.6505707705150512, 'micro_off': 0.0, 'spread_mean_10s': 0.09000000000014552, 'depth_imb_k_mean_10s': -0.6505707705150598, 'depth_imb_k_mean_60s': -0.6435884192978847, 'dist_vwap_bps': None, 'hl_range_pct': None, 'oc_change_pct': None, 'volume_rel_20': None, 'atr_pct': None, 'position_in_range': None, 'rsi': None, 'bb_position': None, 'ret_3': None, 'ret_10': None, 'session_bucket': 2.0}"
2026-04-06|GLW|2026-04-06T14:41:00-04:00|short|12,2026-04-06,GLW,2026-04-06T14:41:00-04:00,short,12,0.3853355050086975,True,next_bar_open_if_replayed,"{'pressure_k': 0.0, 'spread': 0.1599999999999966, 'depth_imb_k': 0.7858323044041683, 'micro_off': 0.06222222222223195, 'spread_mean_10s': 0.15999999999985448, 'depth_imb_k_mean_10s': 0.05484442948234293, 'depth_imb_k_mean_60s': -0.5578571902135262, 'dist_vwap_bps': None, 'hl_range_pct': None, 'oc_change_pct': None, 'volume_rel_20': None, 'atr_pct': None, 'position_in_range': None, 'rsi': None, 'bb_position': None, 'ret_3': None, 'ret_10': None, 'session_bucket': 2.0}"
2026-04-06|GLW|2026-04-06T14:42:00-04:00|long|8,2026-04-06,GLW,2026-04-06T14:42:00-04:00,long,8,0.4024028778076172,True,next_bar_open_if_replayed,"{'pressure_k': 0.0, 'spread': 0.1699999999999875, 'depth_imb_k': 0.015611886973684094, 'micro_off': 0.051000000000016144, 'spread_mean_10s': 0.16349999999965803, 'depth_imb_k_mean_10s': 0.32354763856063756, 'depth_imb_k_mean_60s': 0.1875299242349954, 'dist_vwap_bps': None, 'hl_range_pct': None, 'oc_change_pct': None, 'volume_rel_20': None, 'atr_pct': None, 'position_in_range': None, 'rsi': None, 'bb_position': None, 'ret_3': None, 'ret_10': None, 'session_bucket': 2.0}"
2026-04-06|GLW|2026-04-06T14:43:00-04:00|short|5,2026-04-06,GLW,2026-04-06T14:43:00-04:00,short,5,0.43244510889053345,True,next_bar_open_if_replayed,"{'pressure_k': 0.0, 'spread': 0.11000000000001364, 'depth_imb_k': 0.31586019242231883, 'micro_off': 0.0, 'spread_mean_10s': 0.10799999999999273, 'depth_imb_k_mean_10s': -0.5543628893504774, 'depth_imb_k_mean_60s': -0.14629199443611973, 'dist_vwap_bps': None, 'hl_range_pct': None, 'oc_change_pct': None, 'volume_rel_20': None, 'atr_pct': None, 'position_in_range': None, 'rsi': None, 'bb_position': None, 'ret_3': None, 'ret_10': None, 'session_bucket': 2.0}"
2026-04-06|GLW|2026-04-06T14:44:00-04:00|short|12,2026-04-06,GLW,2026-04-06T14:44:00-04:00,short,12,0.4609640836715698,True,next_bar_open_if_replayed,"{'pressure_k': 0.0, 'spread': 0.09000000000000341, 'depth_imb_k': -0.6387734520873481, 'micro_off': 0.0, 'spread_mean_10s': 0.09000000000014552, 'depth_imb_k_mean_10s': -0.6320285497235884, 'depth_imb_k_mean_60s': 0.04370845389785945, 'dist_vwap_bps': None, 'hl_range_pct': None, 'oc_change_pct': None, 'volume_rel_20': None, 'atr_pct': None, 'position_in_range': None, 'rsi': None, 'bb_position': None, 'ret_3': None, 'ret_10': None, 'session_bucket': 2.0}"
2026-04-06|GLW|2026-04-06T14:45:00-04:00|long|8,2026-04-06,GLW,2026-04-06T14:45:00-04:00,long,8,0.4428151249885559,True,next_bar_open_if_replayed,"{'pressure_k': 0.0, 'spread': 0.18000000000000682, 'depth_imb_k': 0.1975199962789608, 'micro_off': -0.030000000000001137, 'spread_mean_10s': 0.21172413793076353, 'depth_imb_k_mean_10s': 0.2136253945705307, 'depth_imb_k_mean_60s': -0.28376032530706957, 'dist_vwap_bps': None, 'hl_range_pct': None, 'oc_change_pct': None, 'volume_rel_20': None, 'atr_pct': None, 'position_in_range': None, 'rsi': None, 'bb_position': None, 'ret_3': None, 'ret_10': None, 'session_bucket': 2.0}"
2026-04-06|GLW|2026-04-06T14:46:00-04:00|short|12,2026-04-06,GLW,2026-04-06T14:46:00-04:00,short,12,0.44026145339012146,True,next_bar_open_if_replayed,"{'pressure_k': 0.0, 'spread': 0.10999999999998522, 'depth_imb_k': 0.24754638812822374, 'micro_off': 0.0, 'spread_mean_10s': 0.11000000000058208, 'depth_imb_k_mean_10s': 0.2130581048817362, 'depth_imb_k_mean_60s': 0.17769432582128075, 'dist_vwap_bps': None, 'hl_range_pct': None, 'oc_change_pct': None, 'volume_rel_20': None, 'atr_pct': None, 'position_in_range': None, 'rsi': None, 'bb_position': None, 'ret_3': None, 'ret_10': None, 'session_bucket': 2.0}"
2026-04-06|GLW|2026-04-06T14:47:00-04:00|short|12,2026-04-06,GLW,2026-04-06T14:47:00-04:00,short,12,0.4739939272403717,True,next_bar_open_if_replayed,"{'pressure_k': 0.0, 'spread': 0.10999999999998522, 'depth_imb_k': 0.2985103975492969, 'micro_off': 0.0, 'spread_mean_10s': 0.133846153846277, 'depth_imb_k_mean_10s': 0.2997928670127947, 'depth_imb_k_mean_60s': 0.19345617136179866, 'dist_vwap_bps': None, 'hl_range_pct': None, 'oc_change_pct': None, 'volume_rel_20': None, 'atr_pct': None, 'position_in_range': None, 'rsi': None, 'bb_position': None, 'ret_3': None, 'ret_10': None, 'session_bucket': 2.0}"
2026-04-06|GLW|2026-04-06T14:48:00-04:00|long|5,2026-04-06,GLW,2026-04-06T14:48:00-04:00,long,5,0.34948375821113586,True,next_bar_open_if_replayed,"{'pressure_k': 0.0, 'spread': 0.14000000000001478, 'depth_imb_k': 0.7508642602436256, 'micro_off': 0.03499999999999659, 'spread_mean_10s': 0.14153846153819288, 'depth_imb_k_mean_10s': 0.2285724504485631, 'depth_imb_k_mean_60s': 0.22938604953795166, 'dist_vwap_bps': None, 'hl_range_pct': None, 'oc_change_pct': None, 'volume_rel_20': None, 'atr_pct': None, 'position_in_range': None, 'rsi': None, 'bb_position': None, 'ret_3': None, 'ret_10': None, 'session_bucket': 2.0}"
2026-04-06|GLW|2026-04-06T14:49:00-04:00|short|12,2026-04-06,GLW,2026-04-06T14:49:00-04:00,short,12,0.47251251339912415,True,next_bar_open_if_replayed,"{'pressure_k': 0.0, 'spread': 0.18000000000000682, 'depth_imb_k': 0.7486847822922473, 'micro_off': 0.0, 'spread_mean_10s': 0.33000000000010915, 'depth_imb_k_mean_10s': 0.7497911488248292, 'depth_imb_k_mean_60s': 0.7396249246304708, 'dist_vwap_bps': None, 'hl_range_pct': None, 'oc_change_pct': None, 'volume_rel_20': None, 'atr_pct': None, 'position_in_range': None, 'rsi': None, 'bb_position': None, 'ret_3': None, 'ret_10': None, 'session_bucket': 2.0}"
2026-04-06|GLW|2026-04-06T14:50:00-04:00|short|12,2026-04-06,GLW,2026-04-06T14:50:00-04:00,short,12,0.3972633481025696,True,next_bar_open_if_replayed,"{'pressure_k': 0.0, 'spread': 0.11999999999997613, 'depth_imb_k': -0.17430844747613844, 'micro_off': 0.0, 'spread_mean_10s': 0.1194871794864295, 'depth_imb_k_mean_10s': -0.1339109540582775, 'depth_imb_k_mean_60s': 0.30320570538313074, 'dist_vwap_bps': None, 'hl_range_pct': None, 'oc_change_pct': None, 'volume_rel_20': None, 'atr_pct': None, 'position_in_range': None, 'rsi': None, 'bb_position': None, 'ret_3': None, 'ret_10': None, 'session_bucket': 2.0}"
2026-04-06|GLW|2026-04-06T14:51:00-04:00|short|12,2026-04-06,GLW,2026-04-06T14:51:00-04:00,short,12,0.3973337411880493,True,next_bar_open_if_replayed,"{'pressure_k': 0.0, 'spread': 0.13999999999998636, 'depth_imb_k': -0.26089234039739817, 'micro_off': 0.0, 'spread_mean_10s': 0.15999999999985448, 'depth_imb_k_mean_10s': -0.19966015633685857, 'depth_imb_k_mean_60s': -0.19041654684854573, 'dist_vwap_bps': None, 'hl_range_pct': None, 'oc_change_pct': None, 'volume_rel_20': None, 'atr_pct': None, 'position_in_range': None, 'rsi': None, 'bb_position': None, 'ret_3': None, 'ret_10': None, 'session_bucket': 2.0}"
2026-04-06|GLW|2026-04-06T14:52:00-04:00|long|8,2026-04-06,GLW,2026-04-06T14:52:00-04:00,long,8,0.5571374297142029,True,next_bar_open_if_replayed,"{'pressure_k': 0.0, 'spread': 0.21999999999999886, 'depth_imb_k': -0.13046581372373228, 'micro_off': 0.06600000000003092, 'spread_mean_10s': 0.15974358974376512, 'depth_imb_k_mean_10s': 0.060663594958803004, 'depth_imb_k_mean_60s': 0.04241157817000092, 'dist_vwap_bps': None, 'hl_range_pct': None, 'oc_change_pct': None, 'volume_rel_20': None, 'atr_pct': None, 'position_in_range': None, 'rsi': None, 'bb_position': None, 'ret_3': None, 'ret_10': None, 'session_bucket': 2.0}"
2026-04-06|GLW|2026-04-06T14:53:00-04:00|long|5,2026-04-06,GLW,2026-04-06T14:53:00-04:00,long,5,0.44513681530952454,True,next_bar_open_if_replayed,"{'pressure_k': 0.0, 'spread': 0.13999999999998636, 'depth_imb_k': 0.09248070591161704, 'micro_off': -0.023333333333340533, 'spread_mean_10s': 0.13999999999941792, 'depth_imb_k_mean_10s': 0.11871784890477918, 'depth_imb_k_mean_60s': -0.016263940416965952, 'dist_vwap_bps': None, 'hl_range_pct': None, 'oc_change_pct': None, 'volume_rel_20': None, 'atr_pct': None, 'position_in_range': None, 'rsi': None, 'bb_position': None, 'ret_3': None, 'ret_10': None, 'session_bucket': 2.0}"
2026-04-06|GLW|2026-04-06T14:54:00-04:00|short|12,2026-04-06,GLW,2026-04-06T14:54:00-04:00,short,12,0.36143097281455994,True,next_bar_open_if_replayed,"{'pressure_k': 0.0, 'spread': 0.3400000000000034, 'depth_imb_k': 0.22951320006104076, 'micro_off': 0.10200000000000387, 'spread_mean_10s': 0.2089743589747694, 'depth_imb_k_mean_10s': 0.22714750441586007, 'depth_imb_k_mean_60s': 0.06888763020676503, 'dist_vwap_bps': None, 'hl_range_pct': None, 'oc_change_pct': None, 'volume_rel_20': None, 'atr_pct': None, 'position_in_range': None, 'rsi': None, 'bb_position': None, 'ret_3': None, 'ret_10': None, 'session_bucket': 2.0}"
2026-04-06|GLW|2026-04-06T14:55:00-04:00|short|3,2026-04-06,GLW,2026-04-06T14:55:00-04:00,short,3,0.39020389318466187,True,next_bar_open_if_replayed,"{'pressure_k': 0.0, 'spread': 0.18000000000000682, 'depth_imb_k': 0.38123438086270733, 'micro_off': 0.0, 'spread_mean_10s': 0.14725000000025829, 'depth_imb_k_mean_10s': 0.31886316094596623, 'depth_imb_k_mean_60s': 0.23847811415485828, 'dist_vwap_bps': None, 'hl_range_pct': None, 'oc_change_pct': None, 'volume_rel_20': None, 'atr_pct': None, 'position_in_range': None, 'rsi': None, 'bb_position': None, 'ret_3': None, 'ret_10': None, 'session_bucket': 2.0}"
2026-04-06|GLW|2026-04-06T14:56:00-04:00|short|12,2026-04-06,GLW,2026-04-06T14:56:00-04:00,short,12,0.38788238167762756,True,next_bar_open_if_replayed,"{'pressure_k': 0.0, 'spread': 0.09999999999999432, 'depth_imb_k': 0.23501050039591656, 'micro_off': 0.029999999999972715, 'spread_mean_10s': 0.1087179487167771, 'depth_imb_k_mean_10s': 0.23309559510647512, 'depth_imb_k_mean_60s': 0.3090375126518771, 'dist_vwap_bps': None, 'hl_range_pct': None, 'oc_change_pct': None, 'volume_rel_20': None, 'atr_pct': None, 'position_in_range': None, 'rsi': None, 'bb_position': None, 'ret_3': None, 'ret_10': None, 'session_bucket': 2.0}"
2026-04-06|GLW|2026-04-06T14:57:00-04:00|long|8,2026-04-06,GLW,2026-04-06T14:57:00-04:00,long,8,0.36611950397491455,True,next_bar_open_if_replayed,"{'pressure_k': 0.0, 'spread': 0.12000000000000455, 'depth_imb_k': 0.31150407624748927, 'micro_off': 0.0, 'spread_mean_10s': 0.11827586206822287, 'depth_imb_k_mean_10s': 0.29712994309718477, 'depth_imb_k_mean_60s': 0.2692529866501698, 'dist_vwap_bps': None, 'hl_range_pct': None, 'oc_change_pct': None, 'volume_rel_20': None, 'atr_pct': None, 'position_in_range': None, 'rsi': None, 'bb_position': None, 'ret_3': None, 'ret_10': None, 'session_bucket': 2.0}"
2026-04-06|GLW|2026-04-06T14:58:00-04:00|short|12,2026-04-06,GLW,2026-04-06T14:58:00-04:00,short,12,0.34446609020233154,True,next_bar_open_if_replayed,"{'pressure_k': 0.0, 'spread': 0.12000000000000455, 'depth_imb_k': 0.43192757174002355, 'micro_off': 0.020000000000010232, 'spread_mean_10s': 0.0911764705873365, 'depth_imb_k_mean_10s': 0.24739790244108703, 'depth_imb_k_mean_60s': 0.24094194841183383, 'dist_vwap_bps': None, 'hl_range_pct': None, 'oc_change_pct': None, 'volume_rel_20': None, 'atr_pct': None, 'position_in_range': None, 'rsi': None, 'bb_position': None, 'ret_3': None, 'ret_10': None, 'session_bucket': 2.0}"
2026-04-06|GLW|2026-04-06T14:59:00-04:00|short|12,2026-04-06,GLW,2026-04-06T14:59:00-04:00,short,12,0.36964720487594604,True,next_bar_open_if_replayed,"{'pressure_k': 0.0, 'spread': 0.11000000000001364, 'depth_imb_k': 0.2843559800639181, 'micro_off': 0.0, 'spread_mean_10s': 0.11000000000058208, 'depth_imb_k_mean_10s': 0.31322012250689113, 'depth_imb_k_mean_60s': 0.3884659078829376, 'dist_vwap_bps': None, 'hl_range_pct': None, 'oc_change_pct': None, 'volume_rel_20': None, 'atr_pct': None, 'position_in_range': None, 'rsi': None, 'bb_position': None, 'ret_3': None, 'ret_10': None, 'session_bucket': 2.0}"
2026-04-06|GLW|2026-04-06T15:00:00-04:00|short|12,2026-04-06,GLW,2026-04-06T15:00:00-04:00,short,12,0.41723814606666565,True,next_bar_open_if_replayed,"{'pressure_k': 0.0, 'spread': 0.09000000000000341, 'depth_imb_k': 0.10851387777168586, 'micro_off': -2.842170943040401e-14, 'spread_mean_10s': 0.08608695652251101, 'depth_imb_k_mean_10s': 0.03393627640403081, 'depth_imb_k_mean_60s': 0.21909314439382674, 'dist_vwap_bps': None, 'hl_range_pct': None, 'oc_change_pct': None, 'volume_rel_20': None, 'atr_pct': None, 'position_in_range': None, 'rsi': None, 'bb_position': None, 'ret_3': None, 'ret_10': None, 'session_bucket': 2.0}"
2026-04-06|GLW|2026-04-06T15:01:00-04:00|long|8,2026-04-06,GLW,2026-04-06T15:01:00-04:00,long,8,0.3524791896343231,True,next_bar_open_if_replayed,"{'pressure_k': 0.0, 'spread': 0.1699999999999875, 'depth_imb_k': 0.2693279991377052, 'micro_off': 0.04249999999998977, 'spread_mean_10s': 0.16999999999825377, 'depth_imb_k_mean_10s': 0.27162816965683306, 'depth_imb_k_mean_60s': 0.2691369333489727, 'dist_vwap_bps': None, 'hl_range_pct': None, 'oc_change_pct': None, 'volume_rel_20': None, 'atr_pct': None, 'position_in_range': None, 'rsi': None, 'bb_position': None, 'ret_3': None, 'ret_10': None, 'session_bucket': 2.0}"
2026-04-06|GLW|2026-04-06T15:02:00-04:00|long|12,2026-04-06,GLW,2026-04-06T15:02:00-04:00,long,12,0.33058393001556396,True,next_bar_open_if_replayed,"{'pressure_k': 0.0, 'spread': 0.15000000000000568, 'depth_imb_k': 0.3298671258774556, 'micro_off': 2.842170943040401e-14, 'spread_mean_10s': 0.13984126984250328, 'depth_imb_k_mean_10s': 0.33911151771747156, 'depth_imb_k_mean_60s': 0.23303669845322972, 'dist_vwap_bps': None, 'hl_range_pct': None, 'oc_change_pct': None, 'volume_rel_20': None, 'atr_pct': None, 'position_in_range': None, 'rsi': None, 'bb_position': None, 'ret_3': None, 'ret_10': None, 'session_bucket': 2.0}"
2026-04-06|GLW|2026-04-06T15:03:00-04:00|long|12,2026-04-06,GLW,2026-04-06T15:03:00-04:00,long,12,0.37327927350997925,True,next_bar_open_if_replayed,"{'pressure_k': 0.0, 'spread': 0.09000000000000341, 'depth_imb_k': 0.4195301811667556, 'micro_off': 0.0, 'spread_mean_10s': 0.14179487179484193, 'depth_imb_k_mean_10s': 0.3912845317131425, 'depth_imb_k_mean_60s': 0.2522467947627663, 'dist_vwap_bps': None, 'hl_range_pct': None, 'oc_change_pct': None, 'volume_rel_20': None, 'atr_pct': None, 'position_in_range': None, 'rsi': None, 'bb_position': None, 'ret_3': None, 'ret_10': None, 'session_bucket': 2.0}"
2026-04-06|GLW|2026-04-06T15:04:00-04:00|long|12,2026-04-06,GLW,2026-04-06T15:04:00-04:00,long,12,0.3534383177757263,True,next_bar_open_if_replayed,"{'pressure_k': 0.0, 'spread': 0.20000000000001705, 'depth_imb_k': 0.3848863687604275, 'micro_off': 0.05000000000001137, 'spread_mean_10s': 0.16122448979676476, 'depth_imb_k_mean_10s': 0.32464228511841553, 'depth_imb_k_mean_60s': 0.31371464109047864, 'dist_vwap_bps': None, 'hl_range_pct': None, 'oc_change_pct': None, 'volume_rel_20': None, 'atr_pct': None, 'position_in_range': None, 'rsi': None, 'bb_position': None, 'ret_3': None, 'ret_10': None, 'session_bucket': 2.0}"
2026-04-06|GLW|2026-04-06T15:05:00-04:00|long|12,2026-04-06,GLW,2026-04-06T15:05:00-04:00,long,12,0.342168390750885,True,next_bar_open_if_replayed,"{'pressure_k': 0.0, 'spread': 0.18999999999999773, 'depth_imb_k': 0.3572830272000883, 'micro_off': 0.03166666666666629, 'spread_mean_10s': 0.16850000000031287, 'depth_imb_k_mean_10s': 0.3115006485152321, 'depth_imb_k_mean_60s': 0.3525086205813204, 'dist_vwap_bps': None, 'hl_range_pct': None, 'oc_change_pct': None, 'volume_rel_20': None, 'atr_pct': None, 'position_in_range': None, 'rsi': None, 'bb_position': None, 'ret_3': None, 'ret_10': None, 'session_bucket': 2.0}"
2026-04-06|GLW|2026-04-06T15:06:00-04:00|long|8,2026-04-06,GLW,2026-04-06T15:06:00-04:00,long,8,0.3669581115245819,True,next_bar_open_if_replayed,"{'pressure_k': 0.0, 'spread': 0.18999999999999773, 'depth_imb_k': 0.30186387623201244, 'micro_off': -0.04750000000001364, 'spread_mean_10s': 0.17824999999957072, 'depth_imb_k_mean_10s': 0.20611639217045194, 'depth_imb_k_mean_60s': 0.3039040336295384, 'dist_vwap_bps': None, 'hl_range_pct': None, 'oc_change_pct': None, 'volume_rel_20': None, 'atr_pct': None, 'position_in_range': None, 'rsi': None, 'bb_position': None, 'ret_3': None, 'ret_10': None, 'session_bucket': 2.0}"
2026-04-06|GLW|2026-04-06T15:07:00-04:00|long|12,2026-04-06,GLW,2026-04-06T15:07:00-04:00,long,12,0.33701229095458984,True,next_bar_open_if_replayed,"{'pressure_k': 0.0, 'spread': 0.160000000000025, 'depth_imb_k': 0.2935101940932811, 'micro_off': -0.026666666666670835, 'spread_mean_10s': 0.16524999999983264, 'depth_imb_k_mean_10s': 0.2947973238479108, 'depth_imb_k_mean_60s': 0.30684320535121734, 'dist_vwap_bps': None, 'hl_range_pct': None, 'oc_change_pct': None, 'volume_rel_20': None, 'atr_pct': None, 'position_in_range': None, 'rsi': None, 'bb_position': None, 'ret_3': None, 'ret_10': None, 'session_bucket': 2.0}"
2026-04-06|GLW|2026-04-06T15:08:00-04:00|long|8,2026-04-06,GLW,2026-04-06T15:08:00-04:00,long,8,0.3600151538848877,True,next_bar_open_if_replayed,"{'pressure_k': 0.0, 'spread': 0.2599999999999909, 'depth_imb_k': 0.2930975301115318, 'micro_off': -0.06499999999999773, 'spread_mean_10s': 0.23799999999919236, 'depth_imb_k_mean_10s': 0.35851426141612136, 'depth_imb_k_mean_60s': 0.32927992056740296, 'dist_vwap_bps': None, 'hl_range_pct': None, 'oc_change_pct': None, 'volume_rel_20': None, 'atr_pct': None, 'position_in_range': None, 'rsi': None, 'bb_position': None, 'ret_3': None, 'ret_10': None, 'session_bucket': 2.0}"
2026-04-06|GLW|2026-04-06T15:09:00-04:00|short|12,2026-04-06,GLW,2026-04-06T15:09:00-04:00,short,12,0.35227665305137634,True,next_bar_open_if_replayed,"{'pressure_k': 0.0, 'spread': 0.18999999999999773, 'depth_imb_k': 0.5123327897423827, 'micro_off': -0.04749999999998522, 'spread_mean_10s': 0.25820512820409464, 'depth_imb_k_mean_10s': 0.4810003197532448, 'depth_imb_k_mean_60s': 0.43405075299868123, 'dist_vwap_bps': None, 'hl_range_pct': None, 'oc_change_pct': None, 'volume_rel_20': None, 'atr_pct': None, 'position_in_range': None, 'rsi': None, 'bb_position': None, 'ret_3': None, 'ret_10': None, 'session_bucket': 2.0}"
2026-04-06|GLW|2026-04-06T15:10:00-04:00|long|5,2026-04-06,GLW,2026-04-06T15:10:00-04:00,long,5,0.38365602493286133,True,next_bar_open_if_replayed,"{'pressure_k': 0.0, 'spread': 0.12000000000000455, 'depth_imb_k': 0.5704789446218145, 'micro_off': 0.020000000000010232, 'spread_mean_10s': 0.1297435897427838, 'depth_imb_k_mean_10s': 0.5934202017408611, 'depth_imb_k_mean_60s': 0.4792451891762695, 'dist_vwap_bps': None, 'hl_range_pct': None, 'oc_change_pct': None, 'volume_rel_20': None, 'atr_pct': None, 'position_in_range': None, 'rsi': None, 'bb_position': None, 'ret_3': None, 'ret_10': None, 'session_bucket': 2.0}"
2026-04-06|GLW|2026-04-06T15:11:00-04:00|short|12,2026-04-06,GLW,2026-04-06T15:11:00-04:00,short,12,0.3892941176891327,True,next_bar_open_if_replayed,"{'pressure_k': 0.0, 'spread': 0.09000000000000341, 'depth_imb_k': 0.34594803563086934, 'micro_off': 0.01500000000001478, 'spread_mean_10s': 0.11799999999973806, 'depth_imb_k_mean_10s': 0.41187867810440365, 'depth_imb_k_mean_60s': 0.5156107140424824, 'dist_vwap_bps': None, 'hl_range_pct': None, 'oc_change_pct': None, 'volume_rel_20': None, 'atr_pct': None, 'position_in_range': None, 'rsi': None, 'bb_position': None, 'ret_3': None, 'ret_10': None, 'session_bucket': 2.0}"
2026-04-06|GLW|2026-04-06T15:12:00-04:00|long|8,2026-04-06,GLW,2026-04-06T15:12:00-04:00,long,8,0.3707181215286255,True,next_bar_open_if_replayed,"{'pressure_k': 0.0, 'spread': 0.08999999999997499, 'depth_imb_k': 0.29934100895023513, 'micro_off': 0.0, 'spread_mean_10s': 0.10450000000018918, 'depth_imb_k_mean_10s': 0.3175225611074438, 'depth_imb_k_mean_60s': 0.33963358759156703, 'dist_vwap_bps': None, 'hl_range_pct': None, 'oc_change_pct': None, 'volume_rel_20': None, 'atr_pct': None, 'position_in_range': None, 'rsi': None, 'bb_position': None, 'ret_3': None, 'ret_10': None, 'session_bucket': 2.0}"
2026-04-06|GLW|2026-04-06T15:13:00-04:00|short|12,2026-04-06,GLW,2026-04-06T15:13:00-04:00,short,12,0.32452860474586487,True,next_bar_open_if_replayed,"{'pressure_k': 0.0, 'spread': 0.13999999999998636, 'depth_imb_k': 0.556841067237045, 'micro_off': 0.0, 'spread_mean_10s': 0.10525000000097862, 'depth_imb_k_mean_10s': 0.4949346039471948, 'depth_imb_k_mean_60s': 0.3734351808236747, 'dist_vwap_bps': None, 'hl_range_pct': None, 'oc_change_pct': None, 'volume_rel_20': None, 'atr_pct': None, 'position_in_range': None, 'rsi': None, 'bb_position': None, 'ret_3': None, 'ret_10': None, 'session_bucket': 2.0}"
2026-04-06|GLW|2026-04-06T15:14:00-04:00|short|8,2026-04-06,GLW,2026-04-06T15:14:00-04:00,short,8,0.3053722381591797,True,next_bar_open_if_replayed,"{'pressure_k': 0.0, 'spread': 0.06999999999999318, 'depth_imb_k': 0.6245477405595815, 'micro_off': 0.0, 'spread_mean_10s': 0.07300000000032014, 'depth_imb_k_mean_10s': 0.574691719376483, 'depth_imb_k_mean_60s': 0.5438432453709554, 'dist_vwap_bps': None, 'hl_range_pct': None, 'oc_change_pct': None, 'volume_rel_20': None, 'atr_pct': None, 'position_in_range': None, 'rsi': None, 'bb_position': None, 'ret_3': None, 'ret_10': None, 'session_bucket': 2.0}"
2026-04-06|GLW|2026-04-06T15:15:00-04:00|short|12,2026-04-06,GLW,2026-04-06T15:15:00-04:00,short,12,0.34880331158638,True,next_bar_open_if_replayed,"{'pressure_k': 0.0, 'spread': 0.09000000000000341, 'depth_imb_k': 0.3975576191813206, 'micro_off': -2.842170943040401e-14, 'spread_mean_10s': 0.08076923076936136, 'depth_imb_k_mean_10s': 0.40218863383114906, 'depth_imb_k_mean_60s': 0.5106748426868891, 'dist_vwap_bps': None, 'hl_range_pct': None, 'oc_change_pct': None, 'volume_rel_20': None, 'atr_pct': None, 'position_in_range': None, 'rsi': None, 'bb_position': None, 'ret_3': None, 'ret_10': None, 'session_bucket': 2.0}"
2026-04-06|GLW|2026-04-06T15:16:00-04:00|short|12,2026-04-06,GLW,2026-04-06T15:16:00-04:00,short,12,0.37154877185821533,True,next_bar_open_if_replayed,"{'pressure_k': 0.0, 'spread': 0.06999999999999318, 'depth_imb_k': 0.44002952828880987, 'micro_off': 0.0, 'spread_mean_10s': 0.06487179487232471, 'depth_imb_k_mean_10s': 0.5013214890584958, 'depth_imb_k_mean_60s': 0.4414132061649995, 'dist_vwap_bps': None, 'hl_range_pct': None, 'oc_change_pct': None, 'volume_rel_20': None, 'atr_pct': None, 'position_in_range': None, 'rsi': None, 'bb_position': None, 'ret_3': None, 'ret_10': None, 'session_bucket': 2.0}"
2026-04-06|GLW|2026-04-06T15:17:00-04:00|short|12,2026-04-06,GLW,2026-04-06T15:17:00-04:00,short,12,0.44379764795303345,True,next_bar_open_if_replayed,"{'pressure_k': 0.0, 'spread': 0.060000000000002274, 'depth_imb_k': 0.4852877653721654, 'micro_off': 0.009999999999990905, 'spread_mean_10s': 0.06300000000137515, 'depth_imb_k_mean_10s': 0.4722956464208664, 'depth_imb_k_mean_60s': 0.4465381452662745, 'dist_vwap_bps': None, 'hl_range_pct': None, 'oc_change_pct': None, 'volume_rel_20': None, 'atr_pct': None, 'position_in_range': None, 'rsi': None, 'bb_position': None, 'ret_3': None, 'ret_10': None, 'session_bucket': 2.0}"
2026-04-06|GLW|2026-04-06T15:18:00-04:00|short|12,2026-04-06,GLW,2026-04-06T15:18:00-04:00,short,12,0.42604050040245056,True,next_bar_open_if_replayed,"{'pressure_k': 0.0, 'spread': 0.10000000000002274, 'depth_imb_k': 0.2704117494437412, 'micro_off': 0.009999999999990905, 'spread_mean_10s': 0.09249999999974534, 'depth_imb_k_mean_10s': 0.2803306696086338, 'depth_imb_k_mean_60s': 0.3223674996995447, 'dist_vwap_bps': None, 'hl_range_pct': None, 'oc_change_pct': None, 'volume_rel_20': None, 'atr_pct': None, 'position_in_range': None, 'rsi': None, 'bb_position': None, 'ret_3': None, 'ret_10': None, 'session_bucket': 2.0}"
2026-04-06|GLW|2026-04-06T15:19:00-04:00|short|12,2026-04-06,GLW,2026-04-06T15:19:00-04:00,short,12,0.4433285593986511,True,next_bar_open_if_replayed,"{'pressure_k': 0.0, 'spread': 0.0800000000000125, 'depth_imb_k': 0.24097638337185903, 'micro_off': 0.0, 'spread_mean_10s': 0.09897435897353436, 'depth_imb_k_mean_10s': 0.27026661949194253, 'depth_imb_k_mean_60s': 0.3167777712338483, 'dist_vwap_bps': None, 'hl_range_pct': None, 'oc_change_pct': None, 'volume_rel_20': None, 'atr_pct': None, 'position_in_range': None, 'rsi': None, 'bb_position': None, 'ret_3': None, 'ret_10': None, 'session_bucket': 2.0}"
2026-04-06|GLW|2026-04-06T15:20:00-04:00|short|12,2026-04-06,GLW,2026-04-06T15:20:00-04:00,short,12,0.4687177538871765,True,next_bar_open_if_replayed,"{'pressure_k': 0.0, 'spread': 0.1599999999999966, 'depth_imb_k': 0.2652570522872511, 'micro_off': 0.0, 'spread_mean_10s': 0.12813953488452975, 'depth_imb_k_mean_10s': 0.25887779037141223, 'depth_imb_k_mean_60s': 0.2703405871533021, 'dist_vwap_bps': None, 'hl_range_pct': None, 'oc_change_pct': None, 'volume_rel_20': None, 'atr_pct': None, 'position_in_range': None, 'rsi': None, 'bb_position': None, 'ret_3': None, 'ret_10': None, 'session_bucket': 2.0}"
2026-04-06|GLW|2026-04-06T15:21:00-04:00|short|12,2026-04-06,GLW,2026-04-06T15:21:00-04:00,short,12,0.43135717511177063,True,next_bar_open_if_replayed,"{'pressure_k': 0.0, 'spread': 0.10999999999998522, 'depth_imb_k': -0.06033907923671703, 'micro_off': -2.842170943040401e-14, 'spread_mean_10s': 0.1284999999995307, 'depth_imb_k_mean_10s': -0.12245593277864372, 'depth_imb_k_mean_60s': 0.17733108243003046, 'dist_vwap_bps': None, 'hl_range_pct': None, 'oc_change_pct': None, 'volume_rel_20': None, 'atr_pct': None, 'position_in_range': None, 'rsi': None, 'bb_position': None, 'ret_3': None, 'ret_10': None, 'session_bucket': 2.0}"
2026-04-06|GLW|2026-04-06T15:22:00-04:00|short|8,2026-04-06,GLW,2026-04-06T15:22:00-04:00,short,8,0.3722233176231384,True,next_bar_open_if_replayed,"{'pressure_k': 0.0, 'spread': 0.10999999999998522, 'depth_imb_k': 0.1640798130505123, 'micro_off': 0.02750000000000341, 'spread_mean_10s': 0.12400000000034198, 'depth_imb_k_mean_10s': 0.11477809112896012, 'depth_imb_k_mean_60s': 0.10604095534909296, 'dist_vwap_bps': None, 'hl_range_pct': None, 'oc_change_pct': None, 'volume_rel_20': None, 'atr_pct': None, 'position_in_range': None, 'rsi': None, 'bb_position': None, 'ret_3': None, 'ret_10': None, 'session_bucket': 2.0}"
2026-04-06|GLW|2026-04-06T15:23:00-04:00|short|12,2026-04-06,GLW,2026-04-06T15:23:00-04:00,short,12,0.3700350821018219,True,next_bar_open_if_replayed,"{'pressure_k': 0.0, 'spread': 0.09999999999999432, 'depth_imb_k': 0.21308468689594262, 'micro_off': -0.030000000000001137, 'spread_mean_10s': 0.12050000000035652, 'depth_imb_k_mean_10s': 0.22036983190098453, 'depth_imb_k_mean_60s': 0.12977398588530237, 'dist_vwap_bps': None, 'hl_range_pct': None, 'oc_change_pct': None, 'volume_rel_20': None, 'atr_pct': None, 'position_in_range': None, 'rsi': None, 'bb_position': None, 'ret_3': None, 'ret_10': None, 'session_bucket': 2.0}"
2026-04-06|GLW|2026-04-06T15:24:00-04:00|short|5,2026-04-06,GLW,2026-04-06T15:24:00-04:00,short,5,0.32679295539855957,True,next_bar_open_if_replayed,"{'pressure_k': 0.0, 'spread': 0.07999999999998408, 'depth_imb_k': 0.3982453474073972, 'micro_off': 0.017142857142857792, 'spread_mean_10s': 0.0790000000015425, 'depth_imb_k_mean_10s': 0.38986185975156784, 'depth_imb_k_mean_60s': 0.3967679234824436, 'dist_vwap_bps': None, 'hl_range_pct': None, 'oc_change_pct': None, 'volume_rel_20': None, 'atr_pct': None, 'position_in_range': None, 'rsi': None, 'bb_position': None, 'ret_3': None, 'ret_10': None, 'session_bucket': 2.0}"
2026-04-06|GLW|2026-04-06T15:25:00-04:00|short|12,2026-04-06,GLW,2026-04-06T15:25:00-04:00,short,12,0.32375842332839966,True,next_bar_open_if_replayed,"{'pressure_k': 0.0, 'spread': 0.11000000000001364, 'depth_imb_k': 0.2573434841667757, 'micro_off': 0.0, 'spread_mean_10s': 0.10050000000010187, 'depth_imb_k_mean_10s': 0.25738909603851423, 'depth_imb_k_mean_60s': 0.31706145280728376, 'dist_vwap_bps': None, 'hl_range_pct': None, 'oc_change_pct': None, 'volume_rel_20': None, 'atr_pct': None, 'position_in_range': None, 'rsi': None, 'bb_position': None, 'ret_3': None, 'ret_10': None, 'session_bucket': 2.0}"
2026-04-06|GLW|2026-04-06T15:26:00-04:00|long|12,2026-04-06,GLW,2026-04-06T15:26:00-04:00,long,12,0.37310630083084106,True,next_bar_open_if_replayed,"{'pressure_k': 0.0, 'spread': 0.10000000000002274, 'depth_imb_k': 0.24704379961833162, 'micro_off': -0.01666666666667993, 'spread_mean_10s': 0.10399999999935972, 'depth_imb_k_mean_10s': 0.30199917387742514, 'depth_imb_k_mean_60s': 0.31173544040009815, 'dist_vwap_bps': None, 'hl_range_pct': None, 'oc_change_pct': None, 'volume_rel_20': None, 'atr_pct': None, 'position_in_range': None, 'rsi': None, 'bb_position': None, 'ret_3': None, 'ret_10': None, 'session_bucket': 2.0}"
2026-04-06|GLW|2026-04-06T15:27:00-04:00|short|12,2026-04-06,GLW,2026-04-06T15:27:00-04:00,short,12,0.390835702419281,True,next_bar_open_if_replayed,"{'pressure_k': 0.0, 'spread': 0.07999999999998408, 'depth_imb_k': -0.029886270348591128, 'micro_off': 0.0, 'spread_mean_10s': 0.0800000000013731, 'depth_imb_k_mean_10s': 0.07869470822609004, 'depth_imb_k_mean_60s': 0.09639915550167973, 'dist_vwap_bps': None, 'hl_range_pct': None, 'oc_change_pct': None, 'volume_rel_20': None, 'atr_pct': None, 'position_in_range': None, 'rsi': None, 'bb_position': None, 'ret_3': None, 'ret_10': None, 'session_bucket': 2.0}"
2026-04-06|GLW|2026-04-06T15:28:00-04:00|short|12,2026-04-06,GLW,2026-04-06T15:28:00-04:00,short,12,0.35161080956459045,True,next_bar_open_if_replayed,"{'pressure_k': 0.0, 'spread': 0.09999999999999432, 'depth_imb_k': 0.15097043219590578, 'micro_off': 0.0, 'spread_mean_10s': 0.14258064516217284, 'depth_imb_k_mean_10s': 0.20661169550197472, 'depth_imb_k_mean_60s': 0.19274233159819876, 'dist_vwap_bps': None, 'hl_range_pct': None, 'oc_change_pct': None, 'volume_rel_20': None, 'atr_pct': None, 'position_in_range': None, 'rsi': None, 'bb_position': None, 'ret_3': None, 'ret_10': None, 'session_bucket': 2.0}"
2026-04-06|GLW|2026-04-06T15:29:00-04:00|long|12,2026-04-06,GLW,2026-04-06T15:29:00-04:00,long,12,0.3547084331512451,True,next_bar_open_if_replayed,"{'pressure_k': 0.0, 'spread': 0.10000000000002274, 'depth_imb_k': 0.22448332380886593, 'micro_off': 0.0, 'spread_mean_10s': 0.10368421052628132, 'depth_imb_k_mean_10s': 0.21173657997147338, 'depth_imb_k_mean_60s': -0.019806591580298547, 'dist_vwap_bps': None, 'hl_range_pct': None, 'oc_change_pct': None, 'volume_rel_20': None, 'atr_pct': None, 'position_in_range': None, 'rsi': None, 'bb_position': None, 'ret_3': None, 'ret_10': None, 'session_bucket': 2.0}"
2026-04-06|GLW|2026-04-06T15:30:00-04:00|short|12,2026-04-06,GLW,2026-04-06T15:30:00-04:00,short,12,0.39350876212120056,True,next_bar_open_if_replayed,"{'pressure_k': 0.0, 'spread': 0.10999999999998522, 'depth_imb_k': 0.170498333116855, 'micro_off': 2.842170943040401e-14, 'spread_mean_10s': 0.1169565217401807, 'depth_imb_k_mean_10s': 0.3064795320318729, 'depth_imb_k_mean_60s': 0.3189856390146997, 'dist_vwap_bps': None, 'hl_range_pct': None, 'oc_change_pct': None, 'volume_rel_20': None, 'atr_pct': None, 'position_in_range': None, 'rsi': None, 'bb_position': None, 'ret_3': None, 'ret_10': None, 'session_bucket': 2.0}"
2026-04-06|GLW|2026-04-06T15:31:00-04:00|long|12,2026-04-06,GLW,2026-04-06T15:31:00-04:00,long,12,0.36899882555007935,True,next_bar_open_if_replayed,"{'pressure_k': 0.0, 'spread': 0.1699999999999875, 'depth_imb_k': 0.3968902646119182, 'micro_off': -2.842170943040401e-14, 'spread_mean_10s': 0.12615384615389466, 'depth_imb_k_mean_10s': 0.3439729058079534, 'depth_imb_k_mean_60s': 0.3963881402641374, 'dist_vwap_bps': None, 'hl_range_pct': None, 'oc_change_pct': None, 'volume_rel_20': None, 'atr_pct': None, 'position_in_range': None, 'rsi': None, 'bb_position': None, 'ret_3': None, 'ret_10': None, 'session_bucket': 3.0}"
2026-04-06|GLW|2026-04-06T15:32:00-04:00|long|12,2026-04-06,GLW,2026-04-06T15:32:00-04:00,long,12,0.3326478898525238,True,next_bar_open_if_replayed,"{'pressure_k': 0.0, 'spread': 0.11999999999997613, 'depth_imb_k': 0.4056658515682127, 'micro_off': 0.0, 'spread_mean_10s': 0.15051282051158174, 'depth_imb_k_mean_10s': 0.3958179179757374, 'depth_imb_k_mean_60s': 0.3975951031731565, 'dist_vwap_bps': None, 'hl_range_pct': None, 'oc_change_pct': None, 'volume_rel_20': None, 'atr_pct': None, 'position_in_range': None, 'rsi': None, 'bb_position': None, 'ret_3': None, 'ret_10': None, 'session_bucket': 3.0}"
2026-04-06|GLW|2026-04-06T15:33:00-04:00|long|12,2026-04-06,GLW,2026-04-06T15:33:00-04:00,long,12,0.4198106527328491,True,next_bar_open_if_replayed,"{'pressure_k': 0.0, 'spread': 0.10999999999998522, 'depth_imb_k': 0.09756207382725986, 'micro_off': 0.02749999999997499, 'spread_mean_10s': 0.11000000000058208, 'depth_imb_k_mean_10s': 0.1987560362518808, 'depth_imb_k_mean_60s': 0.2653938788538149, 'dist_vwap_bps': None, 'hl_range_pct': None, 'oc_change_pct': None, 'volume_rel_20': None, 'atr_pct': None, 'position_in_range': None, 'rsi': None, 'bb_position': None, 'ret_3': None, 'ret_10': None, 'session_bucket': 3.0}"
2026-04-06|GLW|2026-04-06T15:34:00-04:00|short|12,2026-04-06,GLW,2026-04-06T15:34:00-04:00,short,12,0.4207998514175415,True,next_bar_open_if_replayed,"{'pressure_k': 0.0, 'spread': 0.06999999999999318, 'depth_imb_k': 0.2842860324555138, 'micro_off': 0.0, 'spread_mean_10s': 0.09923076923102296, 'depth_imb_k_mean_10s': 0.29600959824312245, 'depth_imb_k_mean_60s': 0.30901038031120903, 'dist_vwap_bps': None, 'hl_range_pct': None, 'oc_change_pct': None, 'volume_rel_20': None, 'atr_pct': None, 'position_in_range': None, 'rsi': None, 'bb_position': None, 'ret_3': None, 'ret_10': None, 'session_bucket': 3.0}"
2026-04-06|GLW|2026-04-06T15:35:00-04:00|short|12,2026-04-06,GLW,2026-04-06T15:35:00-04:00,short,12,0.32474589347839355,True,next_bar_open_if_replayed,"{'pressure_k': 0.0, 'spread': 0.07999999999998408, 'depth_imb_k': 0.49712183150512806, 'micro_off': 0.013333333333349628, 'spread_mean_10s': 0.08550000000086584, 'depth_imb_k_mean_10s': 0.49450785992628427, 'depth_imb_k_mean_60s': 0.42111426343272984, 'dist_vwap_bps': None, 'hl_range_pct': None, 'oc_change_pct': None, 'volume_rel_20': None, 'atr_pct': None, 'position_in_range': None, 'rsi': None, 'bb_position': None, 'ret_3': None, 'ret_10': None, 'session_bucket': 3.0}"
2026-04-06|GLW|2026-04-06T15:36:00-04:00|short|12,2026-04-06,GLW,2026-04-06T15:36:00-04:00,short,12,0.29830843210220337,True,next_bar_open_if_replayed,"{'pressure_k': 0.0, 'spread': 0.12000000000000455, 'depth_imb_k': 0.18659261584685352, 'micro_off': 0.0, 'spread_mean_10s': 0.11461538461550774, 'depth_imb_k_mean_10s': 0.18855069396032867, 'depth_imb_k_mean_60s': 0.21858978307035426, 'dist_vwap_bps': None, 'hl_range_pct': None, 'oc_change_pct': None, 'volume_rel_20': None, 'atr_pct': None, 'position_in_range': None, 'rsi': None, 'bb_position': None, 'ret_3': None, 'ret_10': None, 'session_bucket': 3.0}"
2026-04-06|GLW|2026-04-06T15:37:00-04:00|short|12,2026-04-06,GLW,2026-04-06T15:37:00-04:00,short,12,0.36861535906791687,True,next_bar_open_if_replayed,"{'pressure_k': 0.0, 'spread': 0.06999999999999318, 'depth_imb_k': 0.39196096280594306, 'micro_off': 0.011666666666684478, 'spread_mean_10s': 0.0933333333323856, 'depth_imb_k_mean_10s': 0.3725377938394442, 'depth_imb_k_mean_60s': 0.26736836578283113, 'dist_vwap_bps': None, 'hl_range_pct': None, 'oc_change_pct': None, 'volume_rel_20': None, 'atr_pct': None, 'position_in_range': None, 'rsi': None, 'bb_position': None, 'ret_3': None, 'ret_10': None, 'session_bucket': 3.0}"
2026-04-06|GLW|2026-04-06T15:38:00-04:00|long|12,2026-04-06,GLW,2026-04-06T15:38:00-04:00,long,12,0.33443954586982727,True,next_bar_open_if_replayed,"{'pressure_k': 0.0, 'spread': 0.09000000000000341, 'depth_imb_k': -0.2510090344912206, 'micro_off': -0.030000000000001137, 'spread_mean_10s': 0.09000000000014552, 'depth_imb_k_mean_10s': 0.09779626750770508, 'depth_imb_k_mean_60s': 0.23370916893917967, 'dist_vwap_bps': None, 'hl_range_pct': None, 'oc_change_pct': None, 'volume_rel_20': None, 'atr_pct': None, 'position_in_range': None, 'rsi': None, 'bb_position': None, 'ret_3': None, 'ret_10': None, 'session_bucket': 3.0}"
2026-04-06|GLW|2026-04-06T15:39:00-04:00|long|12,2026-04-06,GLW,2026-04-06T15:39:00-04:00,long,12,0.32789772748947144,True,next_bar_open_if_replayed,"{'pressure_k': 0.0, 'spread': 0.21000000000000796, 'depth_imb_k': 0.42044521012290736, 'micro_off': -2.842170943040401e-14, 'spread_mean_10s': 0.12000000000061846, 'depth_imb_k_mean_10s': 0.3340052563329209, 'depth_imb_k_mean_60s': 0.005584308144996958, 'dist_vwap_bps': None, 'hl_range_pct': None, 'oc_change_pct': None, 'volume_rel_20': None, 'atr_pct': None, 'position_in_range': None, 'rsi': None, 'bb_position': None, 'ret_3': None, 'ret_10': None, 'session_bucket': 3.0}"
2026-04-06|GLW|2026-04-06T15:40:00-04:00|long|8,2026-04-06,GLW,2026-04-06T15:40:00-04:00,long,8,0.3408567011356354,True,next_bar_open_if_replayed,"{'pressure_k': 0.0, 'spread': 0.09999999999999432, 'depth_imb_k': 0.18637417821065802, 'micro_off': -2.842170943040401e-14, 'spread_mean_10s': 0.10213333333289483, 'depth_imb_k_mean_10s': 0.21208578897994207, 'depth_imb_k_mean_60s': 0.19029770558445494, 'dist_vwap_bps': None, 'hl_range_pct': None, 'oc_change_pct': None, 'volume_rel_20': None, 'atr_pct': None, 'position_in_range': None, 'rsi': None, 'bb_position': None, 'ret_3': None, 'ret_10': None, 'session_bucket': 3.0}"
2026-04-06|GLW|2026-04-06T15:41:00-04:00|long|12,2026-04-06,GLW,2026-04-06T15:41:00-04:00,long,12,0.38915693759918213,True,next_bar_open_if_replayed,"{'pressure_k': 0.0, 'spread': 0.06999999999999318, 'depth_imb_k': -0.019061476830069705, 'micro_off': 0.0, 'spread_mean_10s': 0.08849999999929423, 'depth_imb_k_mean_10s': 0.21286316913747214, 'depth_imb_k_mean_60s': 0.38512997937716764, 'dist_vwap_bps': None, 'hl_range_pct': None, 'oc_change_pct': None, 'volume_rel_20': None, 'atr_pct': None, 'position_in_range': None, 'rsi': None, 'bb_position': None, 'ret_3': None, 'ret_10': None, 'session_bucket': 3.0}"
2026-04-06|GLW|2026-04-06T15:42:00-04:00|long|5,2026-04-06,GLW,2026-04-06T15:42:00-04:00,long,5,0.3335133492946625,True,next_bar_open_if_replayed,"{'pressure_k': 0.0, 'spread': 0.09000000000000341, 'depth_imb_k': 0.39020655932213544, 'micro_off': 0.014999999999986358, 'spread_mean_10s': 0.09731707316970598, 'depth_imb_k_mean_10s': 0.20953295078162204, 'depth_imb_k_mean_60s': 0.2518268280599576, 'dist_vwap_bps': None, 'hl_range_pct': None, 'oc_change_pct': None, 'volume_rel_20': None, 'atr_pct': None, 'position_in_range': None, 'rsi': None, 'bb_position': None, 'ret_3': None, 'ret_10': None, 'session_bucket': 3.0}"
2026-04-06|OXY|2026-04-06T09:30:00-04:00|long|8,2026-04-06,OXY,2026-04-06T09:30:00-04:00,long,8,0.6763368248939514,True,next_bar_open_if_replayed,"{'pressure_k': 0.0, 'spread': 0.060000000000002274, 'depth_imb_k': -0.11230252679609143, 'micro_off': 0.004285714285714448, 'spread_mean_10s': 0.09050000000000188, 'depth_imb_k_mean_10s': 0.2108054729710736, 'depth_imb_k_mean_60s': 0.14602805118330128, 'dist_vwap_bps': None, 'hl_range_pct': None, 'oc_change_pct': None, 'volume_rel_20': None, 'atr_pct': None, 'position_in_range': None, 'rsi': None, 'bb_position': None, 'ret_3': None, 'ret_10': None, 'session_bucket': 0.0}"
2026-04-06|OXY|2026-04-06T09:31:00-04:00|long|8,2026-04-06,OXY,2026-04-06T09:31:00-04:00,long,8,0.7331274151802063,True,next_bar_open_if_replayed,"{'pressure_k': 0.0, 'spread': 0.07000000000000028, 'depth_imb_k': -0.14389720401797212, 'micro_off': -0.017499999999998295, 'spread_mean_10s': 0.06525000000000088, 'depth_imb_k_mean_10s': -0.13960386029337032, 'depth_imb_k_mean_60s': 0.045109858548230714, 'dist_vwap_bps': None, 'hl_range_pct': None, 'oc_change_pct': None, 'volume_rel_20': None, 'atr_pct': None, 'position_in_range': None, 'rsi': None, 'bb_position': None, 'ret_3': None, 'ret_10': None, 'session_bucket': 0.0}"
2026-04-06|OXY|2026-04-06T09:32:00-04:00|long|3,2026-04-06,OXY,2026-04-06T09:32:00-04:00,long,3,0.7290557026863098,True,next_bar_open_if_replayed,"{'pressure_k': 0.0, 'spread': 0.0799999999999983, 'depth_imb_k': 0.30520074924668134, 'micro_off': -0.026666666666670835, 'spread_mean_10s': 0.07100000000000187, 'depth_imb_k_mean_10s': 0.04157097491249995, 'depth_imb_k_mean_60s': 0.01678223158810322, 'dist_vwap_bps': None, 'hl_range_pct': None, 'oc_change_pct': None, 'volume_rel_20': None, 'atr_pct': None, 'position_in_range': None, 'rsi': None, 'bb_position': None, 'ret_3': None, 'ret_10': None, 'session_bucket': 0.0}"
2026-04-06|OXY|2026-04-06T09:33:00-04:00|long|8,2026-04-06,OXY,2026-04-06T09:33:00-04:00,long,8,0.7339725494384766,True,next_bar_open_if_replayed,"{'pressure_k': 0.0, 'spread': 0.04999999999999716, 'depth_imb_k': 0.15708652207332152, 'micro_off': -0.01666666666666572, 'spread_mean_10s': 0.04777777777777475, 'depth_imb_k_mean_10s': -0.30701373579470653, 'depth_imb_k_mean_60s': -0.12298058696905562, 'dist_vwap_bps': None, 'hl_range_pct': None, 'oc_change_pct': None, 'volume_rel_20': None, 'atr_pct': None, 'position_in_range': None, 'rsi': None, 'bb_position': None, 'ret_3': None, 'ret_10': None, 'session_bucket': 0.0}"
2026-04-06|OXY|2026-04-06T09:34:00-04:00|long|8,2026-04-06,OXY,2026-04-06T09:34:00-04:00,long,8,0.6098775863647461,True,next_bar_open_if_replayed,"{'pressure_k': 0.0, 'spread': 0.03999999999999915, 'depth_imb_k': -0.02530026926687554, 'micro_off': 0.00999999999999801, 'spread_mean_10s': 0.04500000000000668, 'depth_imb_k_mean_10s': -0.11903849864150481, 'depth_imb_k_mean_60s': -0.06965408287901685, 'dist_vwap_bps': None, 'hl_range_pct': None, 'oc_change_pct': None, 'volume_rel_20': None, 'atr_pct': None, 'position_in_range': None, 'rsi': None, 'bb_position': None, 'ret_3': None, 'ret_10': None, 'session_bucket': 0.0}"
2026-04-06|OXY|2026-04-06T09:35:00-04:00|long|5,2026-04-06,OXY,2026-04-06T09:35:00-04:00,long,5,0.5268678665161133,True,next_bar_open_if_replayed,"{'pressure_k': 0.0, 'spread': 0.030000000000001137, 'depth_imb_k': -0.1588238737570978, 'micro_off': 0.0, 'spread_mean_10s': 0.03899999999999686, 'depth_imb_k_mean_10s': 0.020108286139544164, 'depth_imb_k_mean_60s': -0.11565259419827188, 'dist_vwap_bps': None, 'hl_range_pct': None, 'oc_change_pct': None, 'volume_rel_20': None, 'atr_pct': None, 'position_in_range': None, 'rsi': None, 'bb_position': None, 'ret_3': None, 'ret_10': None, 'session_bucket': 0.0}"
2026-04-06|OXY|2026-04-06T09:36:00-04:00|short|5,2026-04-06,OXY,2026-04-06T09:36:00-04:00,short,5,0.4879511296749115,True,next_bar_open_if_replayed,"{'pressure_k': 0.0, 'spread': 0.01999999999999602, 'depth_imb_k': -0.36559445772149096, 'micro_off': 0.0033333333333303017, 'spread_mean_10s': 0.04675000000000793, 'depth_imb_k_mean_10s': -0.43398459705266956, 'depth_imb_k_mean_60s': -0.1895877180406978, 'dist_vwap_bps': None, 'hl_range_pct': None, 'oc_change_pct': None, 'volume_rel_20': None, 'atr_pct': None, 'position_in_range': None, 'rsi': None, 'bb_position': None, 'ret_3': None, 'ret_10': None, 'session_bucket': 0.0}"
2026-04-06|OXY|2026-04-06T09:37:00-04:00|long|8,2026-04-06,OXY,2026-04-06T09:37:00-04:00,long,8,0.41487419605255127,True,next_bar_open_if_replayed,"{'pressure_k': 0.0, 'spread': 0.060000000000002274, 'depth_imb_k': -0.10761924693919006, 'micro_off': 0.006000000000000227, 'spread_mean_10s': 0.04500000000000206, 'depth_imb_k_mean_10s': -0.14221369799419997, 'depth_imb_k_mean_60s': -0.02587815899343802, 'dist_vwap_bps': None, 'hl_range_pct': None, 'oc_change_pct': None, 'volume_rel_20': None, 'atr_pct': None, 'position_in_range': None, 'rsi': None, 'bb_position': None, 'ret_3': None, 'ret_10': None, 'session_bucket': 0.0}"
2026-04-06|OXY|2026-04-06T09:38:00-04:00|long|8,2026-04-06,OXY,2026-04-06T09:38:00-04:00,long,8,0.5081673860549927,True,next_bar_open_if_replayed,"{'pressure_k': 0.0, 'spread': 0.03999999999999915, 'depth_imb_k': 0.24379632045468969, 'micro_off': -0.012000000000000455, 'spread_mean_10s': 0.04149999999999636, 'depth_imb_k_mean_10s': 0.23612777871669266, 'depth_imb_k_mean_60s': -0.09041266270258862, 'dist_vwap_bps': None, 'hl_range_pct': None, 'oc_change_pct': None, 'volume_rel_20': None, 'atr_pct': None, 'position_in_range': None, 'rsi': None, 'bb_position': None, 'ret_3': None, 'ret_10': None, 'session_bucket': 0.0}"
2026-04-06|OXY|2026-04-06T09:39:00-04:00|long|8,2026-04-06,OXY,2026-04-06T09:39:00-04:00,long,8,0.5629408359527588,True,next_bar_open_if_replayed,"{'pressure_k': 0.0, 'spread': 0.03999999999999915, 'depth_imb_k': 0.02631714521225443, 'micro_off': 0.0, 'spread_mean_10s': 0.042749999999998775, 'depth_imb_k_mean_10s': 0.07304465598884206, 'depth_imb_k_mean_60s': 0.09257677121360489, 'dist_vwap_bps': None, 'hl_range_pct': None, 'oc_change_pct': None, 'volume_rel_20': None, 'atr_pct': None, 'position_in_range': None, 'rsi': None, 'bb_position': None, 'ret_3': None, 'ret_10': None, 'session_bucket': 0.0}"
2026-04-06|OXY|2026-04-06T09:40:00-04:00|long|3,2026-04-06,OXY,2026-04-06T09:40:00-04:00,long,3,0.5363757610321045,True,next_bar_open_if_replayed,"{'pressure_k': 0.0, 'spread': 0.05000000000000426, 'depth_imb_k': 0.12971528101126115, 'micro_off': -0.00833333333333286, 'spread_mean_10s': 0.039743589743593676, 'depth_imb_k_mean_10s': -0.12671476721381553, 'depth_imb_k_mean_60s': -0.14269315925867188, 'dist_vwap_bps': None, 'hl_range_pct': None, 'oc_change_pct': None, 'volume_rel_20': None, 'atr_pct': None, 'position_in_range': None, 'rsi': None, 'bb_position': None, 'ret_3': None, 'ret_10': None, 'session_bucket': 0.0}"
2026-04-06|OXY|2026-04-06T09:41:00-04:00|long|8,2026-04-06,OXY,2026-04-06T09:41:00-04:00,long,8,0.5704136490821838,True,next_bar_open_if_replayed,"{'pressure_k': 0.0, 'spread': 0.04999999999999716, 'depth_imb_k': -0.0916752243065901, 'micro_off': 0.0, 'spread_mean_10s': 0.061000000000001366, 'depth_imb_k_mean_10s': 0.05280181528309598, 'depth_imb_k_mean_60s': 0.07967116633840762, 'dist_vwap_bps': None, 'hl_range_pct': None, 'oc_change_pct': None, 'volume_rel_20': None, 'atr_pct': None, 'position_in_range': None, 'rsi': None, 'bb_position': None, 'ret_3': None, 'ret_10': None, 'session_bucket': 0.0}"
2026-04-06|OXY|2026-04-06T09:42:00-04:00|long|8,2026-04-06,OXY,2026-04-06T09:42:00-04:00,long,8,0.48277735710144043,True,next_bar_open_if_replayed,"{'pressure_k': 0.0, 'spread': 0.060000000000002274, 'depth_imb_k': -0.03119479199438542, 'micro_off': 0.0, 'spread_mean_10s': 0.04800000000000395, 'depth_imb_k_mean_10s': 0.02364651659973731, 'depth_imb_k_mean_60s': 0.07441450074507176, 'dist_vwap_bps': None, 'hl_range_pct': None, 'oc_change_pct': None, 'volume_rel_20': None, 'atr_pct': None, 'position_in_range': None, 'rsi': None, 'bb_position': None, 'ret_3': None, 'ret_10': None, 'session_bucket': 0.0}"
2026-04-06|OXY|2026-04-06T09:43:00-04:00|long|8,2026-04-06,OXY,2026-04-06T09:43:00-04:00,long,8,0.6061195731163025,True,next_bar_open_if_replayed,"{'pressure_k': 0.0, 'spread': 0.04999999999999716, 'depth_imb_k': 0.08497226539532636, 'micro_off': -0.0022727272727252057, 'spread_mean_10s': 0.047000000000006995, 'depth_imb_k_mean_10s': -0.05877849988738291, 'depth_imb_k_mean_60s': 0.03567375123966196, 'dist_vwap_bps': None, 'hl_range_pct': None, 'oc_change_pct': None, 'volume_rel_20': None, 'atr_pct': None, 'position_in_range': None, 'rsi': None, 'bb_position': None, 'ret_3': None, 'ret_10': None, 'session_bucket': 0.0}"
2026-04-06|OXY|2026-04-06T09:44:00-04:00|long|8,2026-04-06,OXY,2026-04-06T09:44:00-04:00,long,8,0.48921793699264526,True,next_bar_open_if_replayed,"{'pressure_k': 0.0, 'spread': 0.05000000000000426, 'depth_imb_k': -0.029288284231449767, 'micro_off': 0.0, 'spread_mean_10s': 0.04999999999999716, 'depth_imb_k_mean_10s': 0.025947333022104502, 'depth_imb_k_mean_60s': 0.0797811722004558, 'dist_vwap_bps': None, 'hl_range_pct': None, 'oc_change_pct': None, 'volume_rel_20': None, 'atr_pct': None, 'position_in_range': None, 'rsi': None, 'bb_position': None, 'ret_3': None, 'ret_10': None, 'session_bucket': 0.0}"
2026-04-06|OXY|2026-04-06T09:45:00-04:00|long|8,2026-04-06,OXY,2026-04-06T09:45:00-04:00,long,8,0.5971559286117554,True,next_bar_open_if_replayed,"{'pressure_k': 0.0, 'spread': 0.04999999999999716, 'depth_imb_k': 0.058105409231980945, 'micro_off': -0.01666666666666572, 'spread_mean_10s': 0.040512820512824475, 'depth_imb_k_mean_10s': -0.05360299082331338, 'depth_imb_k_mean_60s': -0.016945397263568578, 'dist_vwap_bps': None, 'hl_range_pct': None, 'oc_change_pct': None, 'volume_rel_20': None, 'atr_pct': None, 'position_in_range': None, 'rsi': None, 'bb_position': None, 'ret_3': None, 'ret_10': None, 'session_bucket': 0.0}"
2026-04-06|OXY|2026-04-06T09:46:00-04:00|long|8,2026-04-06,OXY,2026-04-06T09:46:00-04:00,long,8,0.5036160349845886,True,next_bar_open_if_replayed,"{'pressure_k': 0.0, 'spread': 0.05000000000000426, 'depth_imb_k': 0.04472086587362534, 'micro_off': 0.014999999999993463, 'spread_mean_10s': 0.03825000000000145, 'depth_imb_k_mean_10s': -0.038209794477959844, 'depth_imb_k_mean_60s': -0.06815124142460884, 'dist_vwap_bps': None, 'hl_range_pct': None, 'oc_change_pct': None, 'volume_rel_20': None, 'atr_pct': None, 'position_in_range': None, 'rsi': None, 'bb_position': None, 'ret_3': None, 'ret_10': None, 'session_bucket': 0.0}"
2026-04-06|OXY|2026-04-06T09:47:00-04:00|long|8,2026-04-06,OXY,2026-04-06T09:47:00-04:00,long,8,0.5546713471412659,True,next_bar_open_if_replayed,"{'pressure_k': 0.0, 'spread': 0.05000000000000426, 'depth_imb_k': 0.3325713786071842, 'micro_off': 0.01666666666666572, 'spread_mean_10s': 0.039250000000010485, 'depth_imb_k_mean_10s': 0.10066493929857963, 'depth_imb_k_mean_60s': -0.02773954866581492, 'dist_vwap_bps': None, 'hl_range_pct': None, 'oc_change_pct': None, 'volume_rel_20': None, 'atr_pct': None, 'position_in_range': None, 'rsi': None, 'bb_position': None, 'ret_3': None, 'ret_10': None, 'session_bucket': 0.0}"
2026-04-06|OXY|2026-04-06T09:48:00-04:00|long|8,2026-04-06,OXY,2026-04-06T09:48:00-04:00,long,8,0.5172726511955261,True,next_bar_open_if_replayed,"{'pressure_k': 0.0, 'spread': 0.030000000000001137, 'depth_imb_k': 0.1422130339623023, 'micro_off': -0.012692307692312, 'spread_mean_10s': 0.03600000000001273, 'depth_imb_k_mean_10s': 0.18724946724479102, 'depth_imb_k_mean_60s': 0.08745580524353341, 'dist_vwap_bps': None, 'hl_range_pct': None, 'oc_change_pct': None, 'volume_rel_20': None, 'atr_pct': None, 'position_in_range': None, 'rsi': None, 'bb_position': None, 'ret_3': None, 'ret_10': None, 'session_bucket': 0.0}"
2026-04-06|OXY|2026-04-06T09:49:00-04:00|long|8,2026-04-06,OXY,2026-04-06T09:49:00-04:00,long,8,0.4926441013813019,True,next_bar_open_if_replayed,"{'pressure_k': 0.0, 'spread': 0.05999999999999517, 'depth_imb_k': 0.1571254465575803, 'micro_off': -0.010000000000005116, 'spread_mean_10s': 0.051707317073175, 'depth_imb_k_mean_10s': 0.12186390117508517, 'depth_imb_k_mean_60s': 0.21516658166766384, 'dist_vwap_bps': None, 'hl_range_pct': None, 'oc_change_pct': None, 'volume_rel_20': None, 'atr_pct': None, 'position_in_range': None, 'rsi': None, 'bb_position': None, 'ret_3': None, 'ret_10': None, 'session_bucket': 0.0}"
2026-04-06|OXY|2026-04-06T09:50:00-04:00|long|8,2026-04-06,OXY,2026-04-06T09:50:00-04:00,long,8,0.5520864725112915,True,next_bar_open_if_replayed,"{'pressure_k': 0.0, 'spread': 0.030000000000001137, 'depth_imb_k': 0.2934890609474888, 'micro_off': 0.012272727272723216, 'spread_mean_10s': 0.03449999999999846, 'depth_imb_k_mean_10s': 0.2832269293638612, 'depth_imb_k_mean_60s': 0.19415672860520228, 'dist_vwap_bps': None, 'hl_range_pct': None, 'oc_change_pct': None, 'volume_rel_20': None, 'atr_pct': None, 'position_in_range': None, 'rsi': None, 'bb_position': None, 'ret_3': None, 'ret_10': None, 'session_bucket': 0.0}"
2026-04-06|OXY|2026-04-06T09:51:00-04:00|long|8,2026-04-06,OXY,2026-04-06T09:51:00-04:00,long,8,0.49744299054145813,True,next_bar_open_if_replayed,"{'pressure_k': 0.0, 'spread': 0.020000000000003126, 'depth_imb_k': -0.04219938662524396, 'micro_off': -7.105427357601002e-15, 'spread_mean_10s': 0.04205128205128462, 'depth_imb_k_mean_10s': 0.03782169039401623, 'depth_imb_k_mean_60s': 0.05395570458225118, 'dist_vwap_bps': None, 'hl_range_pct': None, 'oc_change_pct': None, 'volume_rel_20': None, 'atr_pct': None, 'position_in_range': None, 'rsi': None, 'bb_position': None, 'ret_3': None, 'ret_10': None, 'session_bucket': 0.0}"
2026-04-06|OXY|2026-04-06T09:52:00-04:00|long|8,2026-04-06,OXY,2026-04-06T09:52:00-04:00,long,8,0.46891096234321594,True,next_bar_open_if_replayed,"{'pressure_k': 0.0, 'spread': 0.03999999999999915, 'depth_imb_k': -0.4462408429170762, 'micro_off': -0.006666666666667709, 'spread_mean_10s': 0.038500000000010456, 'depth_imb_k_mean_10s': -0.40446975992040113, 'depth_imb_k_mean_60s': -0.09667986986626717, 'dist_vwap_bps': None, 'hl_range_pct': None, 'oc_change_pct': None, 'volume_rel_20': None, 'atr_pct': None, 'position_in_range': None, 'rsi': None, 'bb_position': None, 'ret_3': None, 'ret_10': None, 'session_bucket': 0.0}"
2026-04-06|OXY|2026-04-06T09:53:00-04:00|long|8,2026-04-06,OXY,2026-04-06T09:53:00-04:00,long,8,0.4633696973323822,True,next_bar_open_if_replayed,"{'pressure_k': 0.0, 'spread': 0.030000000000001137, 'depth_imb_k': 0.1659846955043044, 'micro_off': 0.0, 'spread_mean_10s': 0.04250000000000824, 'depth_imb_k_mean_10s': 0.02437685528904101, 'depth_imb_k_mean_60s': -0.25166377562392966, 'dist_vwap_bps': None, 'hl_range_pct': None, 'oc_change_pct': None, 'volume_rel_20': None, 'atr_pct': None, 'position_in_range': None, 'rsi': None, 'bb_position': None, 'ret_3': None, 'ret_10': None, 'session_bucket': 0.0}"
2026-04-06|OXY|2026-04-06T09:54:00-04:00|short|8,2026-04-06,OXY,2026-04-06T09:54:00-04:00,short,8,0.46858036518096924,True,next_bar_open_if_replayed,"{'pressure_k': 0.0, 'spread': 0.04999999999999716, 'depth_imb_k': -0.21139046740338444, 'micro_off': -0.00833333333333286, 'spread_mean_10s': 0.044000000000012564, 'depth_imb_k_mean_10s': 0.02185000734290039, 'depth_imb_k_mean_60s': 0.10046795882299257, 'dist_vwap_bps': None, 'hl_range_pct': None, 'oc_change_pct': None, 'volume_rel_20': None, 'atr_pct': None, 'position_in_range': None, 'rsi': None, 'bb_position': None, 'ret_3': None, 'ret_10': None, 'session_bucket': 0.0}"
2026-04-06|OXY|2026-04-06T09:55:00-04:00|short|12,2026-04-06,OXY,2026-04-06T09:55:00-04:00,short,12,0.4362461268901825,True,next_bar_open_if_replayed,"{'pressure_k': 0.0, 'spread': 0.05999999999999517, 'depth_imb_k': -0.03924213605538331, 'micro_off': -0.006000000000000227, 'spread_mean_10s': 0.04500000000001213, 'depth_imb_k_mean_10s': -0.016270758514477752, 'depth_imb_k_mean_60s': -0.039031267706256416, 'dist_vwap_bps': None, 'hl_range_pct': None, 'oc_change_pct': None, 'volume_rel_20': None, 'atr_pct': None, 'position_in_range': None, 'rsi': None, 'bb_position': None, 'ret_3': None, 'ret_10': None, 'session_bucket': 0.0}"
2026-04-06|OXY|2026-04-06T09:56:00-04:00|short|5,2026-04-06,OXY,2026-04-06T09:56:00-04:00,short,5,0.5929893851280212,True,next_bar_open_if_replayed,"{'pressure_k': 0.0, 'spread': 0.03999999999999915, 'depth_imb_k': 0.1659054088669623, 'micro_off': 7.105427357601002e-15, 'spread_mean_10s': 0.04475000000001188, 'depth_imb_k_mean_10s': 0.1753710388186164, 'depth_imb_k_mean_60s': 0.0039234183402332866, 'dist_vwap_bps': None, 'hl_range_pct': None, 'oc_change_pct': None, 'volume_rel_20': None, 'atr_pct': None, 'position_in_range': None, 'rsi': None, 'bb_position': None, 'ret_3': None, 'ret_10': None, 'session_bucket': 0.0}"
2026-04-06|OXY|2026-04-06T09:57:00-04:00|short|8,2026-04-06,OXY,2026-04-06T09:57:00-04:00,short,8,0.5328242182731628,True,next_bar_open_if_replayed,"{'pressure_k': 0.0, 'spread': 0.05000000000000426, 'depth_imb_k': -0.26930728462411213, 'micro_off': -7.105427357601002e-15, 'spread_mean_10s': 0.03775000000000119, 'depth_imb_k_mean_10s': -0.015218485067901, 'depth_imb_k_mean_60s': 0.13388575258041488, 'dist_vwap_bps': None, 'hl_range_pct': None, 'oc_change_pct': None, 'volume_rel_20': None, 'atr_pct': None, 'position_in_range': None, 'rsi': None, 'bb_position': None, 'ret_3': None, 'ret_10': None, 'session_bucket': 0.0}"
2026-04-06|OXY|2026-04-06T09:58:00-04:00|short|12,2026-04-06,OXY,2026-04-06T09:58:00-04:00,short,12,0.38049638271331787,True,next_bar_open_if_replayed,"{'pressure_k': 0.0, 'spread': 0.03999999999999915, 'depth_imb_k': -0.1310599423052282, 'micro_off': 7.105427357601002e-15, 'spread_mean_10s': 0.03249999999999886, 'depth_imb_k_mean_10s': -0.05543284657009471, 'depth_imb_k_mean_60s': -0.12154453480940691, 'dist_vwap_bps': None, 'hl_range_pct': None, 'oc_change_pct': None, 'volume_rel_20': None, 'atr_pct': None, 'position_in_range': None, 'rsi': None, 'bb_position': None, 'ret_3': None, 'ret_10': None, 'session_bucket': 0.0}"
2026-04-06|OXY|2026-04-06T09:59:00-04:00|long|8,2026-04-06,OXY,2026-04-06T09:59:00-04:00,long,8,0.40883657336235046,True,next_bar_open_if_replayed,"{'pressure_k': 0.0, 'spread': 0.03999999999999915, 'depth_imb_k': -0.267690150867448, 'micro_off': -7.105427357601002e-15, 'spread_mean_10s': 0.03625000000000398, 'depth_imb_k_mean_10s': -0.25420834296880057, 'depth_imb_k_mean_60s': -0.10693022245661493, 'dist_vwap_bps': None, 'hl_range_pct': None, 'oc_change_pct': None, 'volume_rel_20': None, 'atr_pct': None, 'position_in_range': None, 'rsi': None, 'bb_position': None, 'ret_3': None, 'ret_10': None, 'session_bucket': 0.0}"
2026-04-06|OXY|2026-04-06T10:00:00-04:00|long|8,2026-04-06,OXY,2026-04-06T10:00:00-04:00,long,8,0.5021281838417053,True,next_bar_open_if_replayed,"{'pressure_k': 0.0, 'spread': 0.03999999999999915, 'depth_imb_k': 0.06254419844421476, 'micro_off': -0.006666666666667709, 'spread_mean_10s': 0.04150000000001199, 'depth_imb_k_mean_10s': -0.09097068388026042, 'depth_imb_k_mean_60s': 0.03860761674038658, 'dist_vwap_bps': None, 'hl_range_pct': None, 'oc_change_pct': None, 'volume_rel_20': None, 'atr_pct': None, 'position_in_range': None, 'rsi': None, 'bb_position': None, 'ret_3': None, 'ret_10': None, 'session_bucket': 0.0}"
2026-04-06|OXY|2026-04-06T10:01:00-04:00|long|8,2026-04-06,OXY,2026-04-06T10:01:00-04:00,long,8,0.45368683338165283,True,next_bar_open_if_replayed,"{'pressure_k': 0.0, 'spread': 0.02999999999999403, 'depth_imb_k': 0.08528581397576294, 'micro_off': 0.00750000000000739, 'spread_mean_10s': 0.028999999999977887, 'depth_imb_k_mean_10s': 0.060458752527066825, 'depth_imb_k_mean_60s': -0.013923752811065478, 'dist_vwap_bps': None, 'hl_range_pct': None, 'oc_change_pct': None, 'volume_rel_20': None, 'atr_pct': None, 'position_in_range': None, 'rsi': None, 'bb_position': None, 'ret_3': None, 'ret_10': None, 'session_bucket': 1.0}"
2026-04-06|OXY|2026-04-06T10:02:00-04:00|long|12,2026-04-06,OXY,2026-04-06T10:02:00-04:00,long,12,0.4882703125476837,True,next_bar_open_if_replayed,"{'pressure_k': 0.0, 'spread': 0.00999999999999801, 'depth_imb_k': 0.11720264100121539, 'micro_off': 0.0016666666666722563, 'spread_mean_10s': 0.024883720930221825, 'depth_imb_k_mean_10s': 0.09407490425023997, 'depth_imb_k_mean_60s': -0.09494941999817134, 'dist_vwap_bps': None, 'hl_range_pct': None, 'oc_change_pct': None, 'volume_rel_20': None, 'atr_pct': None, 'position_in_range': None, 'rsi': None, 'bb_position': None, 'ret_3': None, 'ret_10': None, 'session_bucket': 1.0}"
2026-04-06|OXY|2026-04-06T10:03:00-04:00|long|12,2026-04-06,OXY,2026-04-06T10:03:00-04:00,long,12,0.42441052198410034,True,next_bar_open_if_replayed,"{'pressure_k': 0.0, 'spread': 0.03999999999999915, 'depth_imb_k': 0.1993831509817737, 'micro_off': 0.013333333333335418, 'spread_mean_10s': 0.026923076923067012, 'depth_imb_k_mean_10s': 0.14871916152342562, 'depth_imb_k_mean_60s': 0.04682112139453211, 'dist_vwap_bps': None, 'hl_range_pct': None, 'oc_change_pct': None, 'volume_rel_20': None, 'atr_pct': None, 'position_in_range': None, 'rsi': None, 'bb_position': None, 'ret_3': None, 'ret_10': None, 'session_bucket': 1.0}"
2026-04-06|OXY|2026-04-06T10:04:00-04:00|long|12,2026-04-06,OXY,2026-04-06T10:04:00-04:00,long,12,0.45378127694129944,True,next_bar_open_if_replayed,"{'pressure_k': 0.0, 'spread': 0.030000000000001137, 'depth_imb_k': -0.1842342898349239, 'micro_off': 0.0, 'spread_mean_10s': 0.02524999999997988, 'depth_imb_k_mean_10s': -0.015879667312981384, 'depth_imb_k_mean_60s': -0.050544380264436924, 'dist_vwap_bps': None, 'hl_range_pct': None, 'oc_change_pct': None, 'volume_rel_20': None, 'atr_pct': None, 'position_in_range': None, 'rsi': None, 'bb_position': None, 'ret_3': None, 'ret_10': None, 'session_bucket': 1.0}"
2026-04-06|OXY|2026-04-06T10:05:00-04:00|long|12,2026-04-06,OXY,2026-04-06T10:05:00-04:00,long,12,0.5459591150283813,True,next_bar_open_if_replayed,"{'pressure_k': 0.0, 'spread': 0.020000000000003126, 'depth_imb_k': 0.3745833893796051, 'micro_off': 0.003846153846161826, 'spread_mean_10s': 0.03256410256409335, 'depth_imb_k_mean_10s': 0.11810445856047252, 'depth_imb_k_mean_60s': -0.06428600305003554, 'dist_vwap_bps': None, 'hl_range_pct': None, 'oc_change_pct': None, 'volume_rel_20': None, 'atr_pct': None, 'position_in_range': None, 'rsi': None, 'bb_position': None, 'ret_3': None, 'ret_10': None, 'session_bucket': 1.0}"
2026-04-06|OXY|2026-04-06T10:06:00-04:00|long|8,2026-04-06,OXY,2026-04-06T10:06:00-04:00,long,8,0.4392612874507904,True,next_bar_open_if_replayed,"{'pressure_k': 0.0, 'spread': 0.03999999999999915, 'depth_imb_k': -0.2965057609422022, 'micro_off': -0.005454545454540494, 'spread_mean_10s': 0.027499999999983517, 'depth_imb_k_mean_10s': -0.11851713102478172, 'depth_imb_k_mean_60s': -0.022389380764270498, 'dist_vwap_bps': None, 'hl_range_pct': None, 'oc_change_pct': None, 'volume_rel_20': None, 'atr_pct': None, 'position_in_range': None, 'rsi': None, 'bb_position': None, 'ret_3': None, 'ret_10': None, 'session_bucket': 1.0}"
2026-04-06|OXY|2026-04-06T10:07:00-04:00|long|8,2026-04-06,OXY,2026-04-06T10:07:00-04:00,long,8,0.5267864465713501,True,next_bar_open_if_replayed,"{'pressure_k': 0.0, 'spread': 0.030000000000001137, 'depth_imb_k': -0.3035932157617318, 'micro_off': 0.009000000000000341, 'spread_mean_10s': 0.029249999999998978, 'depth_imb_k_mean_10s': -0.301071283485863, 'depth_imb_k_mean_60s': -0.2045577691480362, 'dist_vwap_bps': None, 'hl_range_pct': None, 'oc_change_pct': None, 'volume_rel_20': None, 'atr_pct': None, 'position_in_range': None, 'rsi': None, 'bb_position': None, 'ret_3': None, 'ret_10': None, 'session_bucket': 1.0}"
2026-04-06|OXY|2026-04-06T10:08:00-04:00|long|8,2026-04-06,OXY,2026-04-06T10:08:00-04:00,long,8,0.5127055048942566,True,next_bar_open_if_replayed,"{'pressure_k': 0.0, 'spread': 0.03999999999999915, 'depth_imb_k': -0.280706442213485, 'micro_off': 0.001538461538459046, 'spread_mean_10s': 0.025499999999985333, 'depth_imb_k_mean_10s': -0.4465666405259633, 'depth_imb_k_mean_60s': -0.23851544622659954, 'dist_vwap_bps': None, 'hl_range_pct': None, 'oc_change_pct': None, 'volume_rel_20': None, 'atr_pct': None, 'position_in_range': None, 'rsi': None, 'bb_position': None, 'ret_3': None, 'ret_10': None, 'session_bucket': 1.0}"
2026-04-06|OXY|2026-04-06T10:09:00-04:00|long|8,2026-04-06,OXY,2026-04-06T10:09:00-04:00,long,8,0.523805558681488,True,next_bar_open_if_replayed,"{'pressure_k': 0.0, 'spread': 0.030000000000001137, 'depth_imb_k': -0.0694553372126823, 'micro_off': 0.012272727272730322, 'spread_mean_10s': 0.025749999999983685, 'depth_imb_k_mean_10s': 0.005734004120109404, 'depth_imb_k_mean_60s': -0.042422274954403955, 'dist_vwap_bps': None, 'hl_range_pct': None, 'oc_change_pct': None, 'volume_rel_20': None, 'atr_pct': None, 'position_in_range': None, 'rsi': None, 'bb_position': None, 'ret_3': None, 'ret_10': None, 'session_bucket': 1.0}"
2026-04-06|OXY|2026-04-06T10:10:00-04:00|long|8,2026-04-06,OXY,2026-04-06T10:10:00-04:00,long,8,0.5128721594810486,True,next_bar_open_if_replayed,"{'pressure_k': 0.0, 'spread': 0.03999999999999915, 'depth_imb_k': 0.056083881248255724, 'micro_off': -0.003999999999997783, 'spread_mean_10s': 0.031249999999982948, 'depth_imb_k_mean_10s': 0.13497642317786712, 'depth_imb_k_mean_60s': 0.10560743376286444, 'dist_vwap_bps': None, 'hl_range_pct': None, 'oc_change_pct': None, 'volume_rel_20': None, 'atr_pct': None, 'position_in_range': None, 'rsi': None, 'bb_position': None, 'ret_3': None, 'ret_10': None, 'session_bucket': 1.0}"
2026-04-06|OXY|2026-04-06T10:11:00-04:00|long|8,2026-04-06,OXY,2026-04-06T10:11:00-04:00,long,8,0.515127420425415,True,next_bar_open_if_replayed,"{'pressure_k': 0.0, 'spread': 0.03999999999999915, 'depth_imb_k': 0.2239122239122239, 'micro_off': 0.006666666666667709, 'spread_mean_10s': 0.028499999999982605, 'depth_imb_k_mean_10s': 0.26259785154694415, 'depth_imb_k_mean_60s': 0.14611842401294634, 'dist_vwap_bps': None, 'hl_range_pct': None, 'oc_change_pct': None, 'volume_rel_20': None, 'atr_pct': None, 'position_in_range': None, 'rsi': None, 'bb_position': None, 'ret_3': None, 'ret_10': None, 'session_bucket': 1.0}"
2026-04-06|OXY|2026-04-06T10:12:00-04:00|long|8,2026-04-06,OXY,2026-04-06T10:12:00-04:00,long,8,0.49324455857276917,True,next_bar_open_if_replayed,"{'pressure_k': 0.0, 'spread': 0.01999999999999602, 'depth_imb_k': -0.15218781291093122, 'micro_off': -0.006666666666667709, 'spread_mean_10s': 0.03449999999999705, 'depth_imb_k_mean_10s': -0.01602518274257214, 'depth_imb_k_mean_60s': 0.12298450539917918, 'dist_vwap_bps': None, 'hl_range_pct': None, 'oc_change_pct': None, 'volume_rel_20': None, 'atr_pct': None, 'position_in_range': None, 'rsi': None, 'bb_position': None, 'ret_3': None, 'ret_10': None, 'session_bucket': 1.0}"
2026-04-06|OXY|2026-04-06T10:13:00-04:00|long|12,2026-04-06,OXY,2026-04-06T10:13:00-04:00,long,12,0.48878875374794006,True,next_bar_open_if_replayed,"{'pressure_k': 0.0, 'spread': 0.020000000000003126, 'depth_imb_k': 0.054114330625538345, 'micro_off': 0.005000000000002558, 'spread_mean_10s': 0.02199999999997999, 'depth_imb_k_mean_10s': 0.1972697092962729, 'depth_imb_k_mean_60s': 0.17460423522600307, 'dist_vwap_bps': None, 'hl_range_pct': None, 'oc_change_pct': None, 'volume_rel_20': None, 'atr_pct': None, 'position_in_range': None, 'rsi': None, 'bb_position': None, 'ret_3': None, 'ret_10': None, 'session_bucket': 1.0}"
2026-04-06|OXY|2026-04-06T10:14:00-04:00|long|8,2026-04-06,OXY,2026-04-06T10:14:00-04:00,long,8,0.4631819725036621,True,next_bar_open_if_replayed,"{'pressure_k': 0.0, 'spread': 0.030000000000001137, 'depth_imb_k': 0.26476159426196105, 'micro_off': -0.0049999999999954525, 'spread_mean_10s': 0.028999999999973623, 'depth_imb_k_mean_10s': 0.22781363582426212, 'depth_imb_k_mean_60s': 0.16938166278233135, 'dist_vwap_bps': None, 'hl_range_pct': None, 'oc_change_pct': None, 'volume_rel_20': None, 'atr_pct': None, 'position_in_range': None, 'rsi': None, 'bb_position': None, 'ret_3': None, 'ret_10': None, 'session_bucket': 1.0}"
2026-04-06|OXY|2026-04-06T10:15:00-04:00|long|8,2026-04-06,OXY,2026-04-06T10:15:00-04:00,long,8,0.4344412088394165,True,next_bar_open_if_replayed,"{'pressure_k': 0.0, 'spread': 0.05000000000000426, 'depth_imb_k': 0.10274465276380663, 'micro_off': 0.0, 'spread_mean_10s': 0.042500000000011084, 'depth_imb_k_mean_10s': 0.0641619597017348, 'depth_imb_k_mean_60s': 0.06700343142368542, 'dist_vwap_bps': None, 'hl_range_pct': None, 'oc_change_pct': None, 'volume_rel_20': None, 'atr_pct': None, 'position_in_range': None, 'rsi': None, 'bb_position': None, 'ret_3': None, 'ret_10': None, 'session_bucket': 1.0}"
2026-04-06|OXY|2026-04-06T10:16:00-04:00|long|8,2026-04-06,OXY,2026-04-06T10:16:00-04:00,long,8,0.4788435995578766,True,next_bar_open_if_replayed,"{'pressure_k': 0.0, 'spread': 0.03999999999999915, 'depth_imb_k': -0.0005123180470436047, 'micro_off': 0.015000000000007674, 'spread_mean_10s': 0.03333333333332197, 'depth_imb_k_mean_10s': -0.03363730369796395, 'depth_imb_k_mean_60s': 0.15584990353245584, 'dist_vwap_bps': None, 'hl_range_pct': None, 'oc_change_pct': None, 'volume_rel_20': None, 'atr_pct': None, 'position_in_range': None, 'rsi': None, 'bb_position': None, 'ret_3': None, 'ret_10': None, 'session_bucket': 1.0}"
2026-04-06|OXY|2026-04-06T10:17:00-04:00|long|8,2026-04-06,OXY,2026-04-06T10:17:00-04:00,long,8,0.4645511507987976,True,next_bar_open_if_replayed,"{'pressure_k': 0.0, 'spread': 0.03999999999999915, 'depth_imb_k': -0.0350060212345188, 'micro_off': -0.013333333333335418, 'spread_mean_10s': 0.032749999999998634, 'depth_imb_k_mean_10s': 0.04772591828804344, 'depth_imb_k_mean_60s': 0.20582368285766486, 'dist_vwap_bps': None, 'hl_range_pct': None, 'oc_change_pct': None, 'volume_rel_20': None, 'atr_pct': None, 'position_in_range': None, 'rsi': None, 'bb_position': None, 'ret_3': None, 'ret_10': None, 'session_bucket': 1.0}"
2026-04-06|OXY|2026-04-06T10:18:00-04:00|long|8,2026-04-06,OXY,2026-04-06T10:18:00-04:00,long,8,0.46974286437034607,True,next_bar_open_if_replayed,"{'pressure_k': 0.0, 'spread': 0.020000000000003126, 'depth_imb_k': 0.2418685902964894, 'micro_off': 0.007499999999993179, 'spread_mean_10s': 0.03849999999999909, 'depth_imb_k_mean_10s': 0.10970630502294831, 'depth_imb_k_mean_60s': 0.057285570990389605, 'dist_vwap_bps': None, 'hl_range_pct': None, 'oc_change_pct': None, 'volume_rel_20': None, 'atr_pct': None, 'position_in_range': None, 'rsi': None, 'bb_position': None, 'ret_3': None, 'ret_10': None, 'session_bucket': 1.0}"
2026-04-06|OXY|2026-04-06T10:19:00-04:00|long|8,2026-04-06,OXY,2026-04-06T10:19:00-04:00,long,8,0.4131357669830322,True,next_bar_open_if_replayed,"{'pressure_k': 0.0, 'spread': 0.03999999999999915, 'depth_imb_k': -0.1026315875512079, 'micro_off': 0.006666666666667709, 'spread_mean_10s': 0.03249999999999318, 'depth_imb_k_mean_10s': -0.012993739535463789, 'depth_imb_k_mean_60s': 0.21739488166192805, 'dist_vwap_bps': None, 'hl_range_pct': None, 'oc_change_pct': None, 'volume_rel_20': None, 'atr_pct': None, 'position_in_range': None, 'rsi': None, 'bb_position': None, 'ret_3': None, 'ret_10': None, 'session_bucket': 1.0}"
2026-04-06|OXY|2026-04-06T10:20:00-04:00|short|8,2026-04-06,OXY,2026-04-06T10:20:00-04:00,short,8,0.45801234245300293,True,next_bar_open_if_replayed,"{'pressure_k': 0.0, 'spread': 0.03999999999999915, 'depth_imb_k': 0.047009214430735594, 'micro_off': 0.003999999999997783, 'spread_mean_10s': 0.04285714285710388, 'depth_imb_k_mean_10s': 0.024130337350455427, 'depth_imb_k_mean_60s': 0.016944593371960925, 'dist_vwap_bps': None, 'hl_range_pct': None, 'oc_change_pct': None, 'volume_rel_20': None, 'atr_pct': None, 'position_in_range': None, 'rsi': None, 'bb_position': None, 'ret_3': None, 'ret_10': None, 'session_bucket': 1.0}"
2026-04-06|OXY|2026-04-06T10:21:00-04:00|short|8,2026-04-06,OXY,2026-04-06T10:21:00-04:00,short,8,0.47216254472732544,True,next_bar_open_if_replayed,"{'pressure_k': 0.0, 'spread': 0.03999999999999915, 'depth_imb_k': 0.027852338252038283, 'micro_off': -0.012000000000000455, 'spread_mean_10s': 0.04049999999996316, 'depth_imb_k_mean_10s': -0.019772464484680796, 'depth_imb_k_mean_60s': -0.07196683749762436, 'dist_vwap_bps': None, 'hl_range_pct': None, 'oc_change_pct': None, 'volume_rel_20': None, 'atr_pct': None, 'position_in_range': None, 'rsi': None, 'bb_position': None, 'ret_3': None, 'ret_10': None, 'session_bucket': 1.0}"
2026-04-06|OXY|2026-04-06T10:22:00-04:00|short|12,2026-04-06,OXY,2026-04-06T10:22:00-04:00,short,12,0.4204515814781189,True,next_bar_open_if_replayed,"{'pressure_k': 0.0, 'spread': 0.05000000000000426, 'depth_imb_k': 0.06905473674021734, 'micro_off': 0.018749999999997158, 'spread_mean_10s': 0.045151515151474086, 'depth_imb_k_mean_10s': 0.14695005931842484, 'depth_imb_k_mean_60s': 0.03692874303925338, 'dist_vwap_bps': None, 'hl_range_pct': None, 'oc_change_pct': None, 'volume_rel_20': None, 'atr_pct': None, 'position_in_range': None, 'rsi': None, 'bb_position': None, 'ret_3': None, 'ret_10': None, 'session_bucket': 1.0}"
2026-04-06|OXY|2026-04-06T10:23:00-04:00|short|12,2026-04-06,OXY,2026-04-06T10:23:00-04:00,short,12,0.4162869453430176,True,next_bar_open_if_replayed,"{'pressure_k': 0.0, 'spread': 0.01999999999999602, 'depth_imb_k': 0.08643591100219988, 'micro_off': 0.0, 'spread_mean_10s': 0.01999999999998181, 'depth_imb_k_mean_10s': 0.09345340764426098, 'depth_imb_k_mean_60s': 0.10533807117286655, 'dist_vwap_bps': None, 'hl_range_pct': None, 'oc_change_pct': None, 'volume_rel_20': None, 'atr_pct': None, 'position_in_range': None, 'rsi': None, 'bb_position': None, 'ret_3': None, 'ret_10': None, 'session_bucket': 1.0}"
2026-04-06|OXY|2026-04-06T10:24:00-04:00|short|12,2026-04-06,OXY,2026-04-06T10:24:00-04:00,short,12,0.44977736473083496,True,next_bar_open_if_replayed,"{'pressure_k': 0.0, 'spread': 0.030000000000001137, 'depth_imb_k': 0.05829500883447576, 'micro_off': -0.011249999999996874, 'spread_mean_10s': 0.025641025641002322, 'depth_imb_k_mean_10s': 0.06227990504481941, 'depth_imb_k_mean_60s': 0.07850182324107137, 'dist_vwap_bps': None, 'hl_range_pct': None, 'oc_change_pct': None, 'volume_rel_20': None, 'atr_pct': None, 'position_in_range': None, 'rsi': None, 'bb_position': None, 'ret_3': None, 'ret_10': None, 'session_bucket': 1.0}"
2026-04-06|OXY|2026-04-06T10:25:00-04:00|short|12,2026-04-06,OXY,2026-04-06T10:25:00-04:00,short,12,0.43392273783683777,True,next_bar_open_if_replayed,"{'pressure_k': 0.0, 'spread': 0.020000000000003126, 'depth_imb_k': 0.06076545044516575, 'micro_off': 0.007777777777775441, 'spread_mean_10s': 0.029249999999973398, 'depth_imb_k_mean_10s': -0.14158727156837542, 'depth_imb_k_mean_60s': 0.08587725869707398, 'dist_vwap_bps': None, 'hl_range_pct': None, 'oc_change_pct': None, 'volume_rel_20': None, 'atr_pct': None, 'position_in_range': None, 'rsi': None, 'bb_position': None, 'ret_3': None, 'ret_10': None, 'session_bucket': 1.0}"
2026-04-06|OXY|2026-04-06T10:26:00-04:00|long|8,2026-04-06,OXY,2026-04-06T10:26:00-04:00,long,8,0.416609525680542,True,next_bar_open_if_replayed,"{'pressure_k': 0.0, 'spread': 0.030000000000001137, 'depth_imb_k': 0.15315315315315314, 'micro_off': 0.00833333333333286, 'spread_mean_10s': 0.03049999999997226, 'depth_imb_k_mean_10s': -0.07531256538315319, 'depth_imb_k_mean_60s': 0.01108330365042161, 'dist_vwap_bps': None, 'hl_range_pct': None, 'oc_change_pct': None, 'volume_rel_20': None, 'atr_pct': None, 'position_in_range': None, 'rsi': None, 'bb_position': None, 'ret_3': None, 'ret_10': None, 'session_bucket': 1.0}"
2026-04-06|OXY|2026-04-06T10:27:00-04:00|short|8,2026-04-06,OXY,2026-04-06T10:27:00-04:00,short,8,0.42109841108322144,True,next_bar_open_if_replayed,"{'pressure_k': 0.0, 'spread': 0.030000000000001137, 'depth_imb_k': -0.09855780538055561, 'micro_off': 0.005000000000002558, 'spread_mean_10s': 0.032999999999969984, 'depth_imb_k_mean_10s': -0.07380072949843992, 'depth_imb_k_mean_60s': 0.005128453774659647, 'dist_vwap_bps': None, 'hl_range_pct': None, 'oc_change_pct': None, 'volume_rel_20': None, 'atr_pct': None, 'position_in_range': None, 'rsi': None, 'bb_position': None, 'ret_3': None, 'ret_10': None, 'session_bucket': 1.0}"
2026-04-06|OXY|2026-04-06T10:28:00-04:00|short|8,2026-04-06,OXY,2026-04-06T10:28:00-04:00,short,8,0.4121130108833313,True,next_bar_open_if_replayed,"{'pressure_k': 0.0, 'spread': 0.030000000000001137, 'depth_imb_k': 0.17803172028115832, 'micro_off': 0.00999999999999801, 'spread_mean_10s': 0.028249999999974306, 'depth_imb_k_mean_10s': 0.18100149732170437, 'depth_imb_k_mean_60s': 0.13831238618884623, 'dist_vwap_bps': None, 'hl_range_pct': None, 'oc_change_pct': None, 'volume_rel_20': None, 'atr_pct': None, 'position_in_range': None, 'rsi': None, 'bb_position': None, 'ret_3': None, 'ret_10': None, 'session_bucket': 1.0}"
2026-04-06|OXY|2026-04-06T10:29:00-04:00|long|12,2026-04-06,OXY,2026-04-06T10:29:00-04:00,long,12,0.41875335574150085,True,next_bar_open_if_replayed,"{'pressure_k': 0.0, 'spread': 0.020000000000003126, 'depth_imb_k': 0.2537767958440318, 'micro_off': -0.005555555555559977, 'spread_mean_10s': 0.022249999999979765, 'depth_imb_k_mean_10s': 0.2024464766791695, 'depth_imb_k_mean_60s': 0.16857783255532058, 'dist_vwap_bps': None, 'hl_range_pct': None, 'oc_change_pct': None, 'volume_rel_20': None, 'atr_pct': None, 'position_in_range': None, 'rsi': None, 'bb_position': None, 'ret_3': None, 'ret_10': None, 'session_bucket': 1.0}"
2026-04-06|OXY|2026-04-06T10:30:00-04:00|short|3,2026-04-06,OXY,2026-04-06T10:30:00-04:00,short,3,0.4697878062725067,True,next_bar_open_if_replayed,"{'pressure_k': 0.0, 'spread': 0.00999999999999801, 'depth_imb_k': 0.23599274335147497, 'micro_off': -0.0024999999999977263, 'spread_mean_10s': 0.01999999999998181, 'depth_imb_k_mean_10s': 0.4551094372430865, 'depth_imb_k_mean_60s': 0.2438349309759795, 'dist_vwap_bps': None, 'hl_range_pct': None, 'oc_change_pct': None, 'volume_rel_20': None, 'atr_pct': None, 'position_in_range': None, 'rsi': None, 'bb_position': None, 'ret_3': None, 'ret_10': None, 'session_bucket': 1.0}"
2026-04-06|OXY|2026-04-06T10:31:00-04:00|long|8,2026-04-06,OXY,2026-04-06T10:31:00-04:00,long,8,0.4168582260608673,True,next_bar_open_if_replayed,"{'pressure_k': 0.0, 'spread': 0.00999999999999801, 'depth_imb_k': -0.017999341796221237, 'micro_off': -0.0016666666666580454, 'spread_mean_10s': 0.018999999999982718, 'depth_imb_k_mean_10s': 0.05788423613552993, 'depth_imb_k_mean_60s': 0.0809234225653504, 'dist_vwap_bps': None, 'hl_range_pct': None, 'oc_change_pct': None, 'volume_rel_20': None, 'atr_pct': None, 'position_in_range': None, 'rsi': None, 'bb_position': None, 'ret_3': None, 'ret_10': None, 'session_bucket': 1.0}"
2026-04-06|OXY|2026-04-06T10:32:00-04:00|short|8,2026-04-06,OXY,2026-04-06T10:32:00-04:00,short,8,0.41918644309043884,True,next_bar_open_if_replayed,"{'pressure_k': 0.0, 'spread': 0.03999999999999915, 'depth_imb_k': 0.017570731366405367, 'micro_off': 0.0, 'spread_mean_10s': 0.030999999999971807, 'depth_imb_k_mean_10s': 0.08295980938700467, 'depth_imb_k_mean_60s': 0.056057626264802124, 'dist_vwap_bps': None, 'hl_range_pct': None, 'oc_change_pct': None, 'volume_rel_20': None, 'atr_pct': None, 'position_in_range': None, 'rsi': None, 'bb_position': None, 'ret_3': None, 'ret_10': None, 'session_bucket': 1.0}"
2026-04-06|OXY|2026-04-06T10:33:00-04:00|short|12,2026-04-06,OXY,2026-04-06T10:33:00-04:00,short,12,0.4361778795719147,True,next_bar_open_if_replayed,"{'pressure_k': 0.0, 'spread': 0.01999999999999602, 'depth_imb_k': 0.19951759737880345, 'micro_off': 0.003333333333337407, 'spread_mean_10s': 0.029487179487152668, 'depth_imb_k_mean_10s': 0.127132427804194, 'depth_imb_k_mean_60s': 0.021512965466270944, 'dist_vwap_bps': None, 'hl_range_pct': None, 'oc_change_pct': None, 'volume_rel_20': None, 'atr_pct': None, 'position_in_range': None, 'rsi': None, 'bb_position': None, 'ret_3': None, 'ret_10': None, 'session_bucket': 1.0}"
2026-04-06|OXY|2026-04-06T10:34:00-04:00|short|12,2026-04-06,OXY,2026-04-06T10:34:00-04:00,short,12,0.3864409327507019,True,next_bar_open_if_replayed,"{'pressure_k': 0.0, 'spread': 0.030000000000001137, 'depth_imb_k': 0.2149872132404225, 'micro_off': 0.0049999999999954525, 'spread_mean_10s': 0.0364999999999668, 'depth_imb_k_mean_10s': 0.15244103868435843, 'depth_imb_k_mean_60s': 0.13956770038439748, 'dist_vwap_bps': None, 'hl_range_pct': None, 'oc_change_pct': None, 'volume_rel_20': None, 'atr_pct': None, 'position_in_range': None, 'rsi': None, 'bb_position': None, 'ret_3': None, 'ret_10': None, 'session_bucket': 1.0}"
2026-04-06|OXY|2026-04-06T10:35:00-04:00|short|12,2026-04-06,OXY,2026-04-06T10:35:00-04:00,short,12,0.45394566655158997,True,next_bar_open_if_replayed,"{'pressure_k': 0.0, 'spread': 0.04000000000000625, 'depth_imb_k': -0.0481955282971371, 'micro_off': 0.012000000000000455, 'spread_mean_10s': 0.028205128205102552, 'depth_imb_k_mean_10s': -0.11711360189810321, 'depth_imb_k_mean_60s': 0.005090799555952661, 'dist_vwap_bps': None, 'hl_range_pct': None, 'oc_change_pct': None, 'volume_rel_20': None, 'atr_pct': None, 'position_in_range': None, 'rsi': None, 'bb_position': None, 'ret_3': None, 'ret_10': None, 'session_bucket': 1.0}"
2026-04-06|OXY|2026-04-06T10:36:00-04:00|short|12,2026-04-06,OXY,2026-04-06T10:36:00-04:00,short,12,0.44939151406288147,True,next_bar_open_if_replayed,"{'pressure_k': 0.0, 'spread': 0.020000000000003126, 'depth_imb_k': -0.08158778520236817, 'micro_off': 0.0, 'spread_mean_10s': 0.027999999999974535, 'depth_imb_k_mean_10s': -0.05293730360376272, 'depth_imb_k_mean_60s': -0.019073688856607988, 'dist_vwap_bps': None, 'hl_range_pct': None, 'oc_change_pct': None, 'volume_rel_20': None, 'atr_pct': None, 'position_in_range': None, 'rsi': None, 'bb_position': None, 'ret_3': None, 'ret_10': None, 'session_bucket': 1.0}"
2026-04-06|OXY|2026-04-06T10:37:00-04:00|short|12,2026-04-06,OXY,2026-04-06T10:37:00-04:00,short,12,0.3812268078327179,True,next_bar_open_if_replayed,"{'pressure_k': 0.0, 'spread': 0.01999999999999602, 'depth_imb_k': 0.07635940429750641, 'micro_off': 0.005000000000002558, 'spread_mean_10s': 0.021578947368401425, 'depth_imb_k_mean_10s': 0.10353400894365002, 'depth_imb_k_mean_60s': 0.08418196875228333, 'dist_vwap_bps': None, 'hl_range_pct': None, 'oc_change_pct': None, 'volume_rel_20': None, 'atr_pct': None, 'position_in_range': None, 'rsi': None, 'bb_position': None, 'ret_3': None, 'ret_10': None, 'session_bucket': 1.0}"
2026-04-06|OXY|2026-04-06T10:38:00-04:00|short|12,2026-04-06,OXY,2026-04-06T10:38:00-04:00,short,12,0.40851837396621704,True,next_bar_open_if_replayed,"{'pressure_k': 0.0, 'spread': 0.020000000000003126, 'depth_imb_k': -0.00037388169314995324, 'micro_off': 0.0, 'spread_mean_10s': 0.023076923076902088, 'depth_imb_k_mean_10s': 0.12221153028762863, 'depth_imb_k_mean_60s': 0.05682814694841836, 'dist_vwap_bps': None, 'hl_range_pct': None, 'oc_change_pct': None, 'volume_rel_20': None, 'atr_pct': None, 'position_in_range': None, 'rsi': None, 'bb_position': None, 'ret_3': None, 'ret_10': None, 'session_bucket': 1.0}"
2026-04-06|OXY|2026-04-06T10:39:00-04:00|long|8,2026-04-06,OXY,2026-04-06T10:39:00-04:00,long,8,0.3814786970615387,True,next_bar_open_if_replayed,"{'pressure_k': 0.0, 'spread': 0.03999999999999915, 'depth_imb_k': 0.1690481583835455, 'micro_off': 0.015555555555565093, 'spread_mean_10s': 0.03171428571425687, 'depth_imb_k_mean_10s': 0.022156802129448545, 'depth_imb_k_mean_60s': 0.021672807425381815, 'dist_vwap_bps': None, 'hl_range_pct': None, 'oc_change_pct': None, 'volume_rel_20': None, 'atr_pct': None, 'position_in_range': None, 'rsi': None, 'bb_position': None, 'ret_3': None, 'ret_10': None, 'session_bucket': 1.0}"
2026-04-06|OXY|2026-04-06T10:40:00-04:00|long|5,2026-04-06,OXY,2026-04-06T10:40:00-04:00,long,5,0.3982606828212738,True,next_bar_open_if_replayed,"{'pressure_k': 0.0, 'spread': 0.03999999999999915, 'depth_imb_k': 0.3130394946987929, 'micro_off': -7.105427357601002e-15, 'spread_mean_10s': 0.03499999999996817, 'depth_imb_k_mean_10s': 0.15839928108709814, 'depth_imb_k_mean_60s': -0.042442509399065645, 'dist_vwap_bps': None, 'hl_range_pct': None, 'oc_change_pct': None, 'volume_rel_20': None, 'atr_pct': None, 'position_in_range': None, 'rsi': None, 'bb_position': None, 'ret_3': None, 'ret_10': None, 'session_bucket': 1.0}"
2026-04-06|OXY|2026-04-06T10:41:00-04:00|short|8,2026-04-06,OXY,2026-04-06T10:41:00-04:00,short,8,0.45224854350090027,True,next_bar_open_if_replayed,"{'pressure_k': 0.0, 'spread': 0.0, 'depth_imb_k': -0.000413754925823729, 'micro_off': 0.0, 'spread_mean_10s': 0.01424999999998704, 'depth_imb_k_mean_10s': -0.1302617036009764, 'depth_imb_k_mean_60s': -0.06151579019147931, 'dist_vwap_bps': None, 'hl_range_pct': None, 'oc_change_pct': None, 'volume_rel_20': None, 'atr_pct': None, 'position_in_range': None, 'rsi': None, 'bb_position': None, 'ret_3': None, 'ret_10': None, 'session_bucket': 1.0}"
2026-04-06|OXY|2026-04-06T10:42:00-04:00|short|8,2026-04-06,OXY,2026-04-06T10:42:00-04:00,short,8,0.4611220061779022,True,next_bar_open_if_replayed,"{'pressure_k': 0.0, 'spread': 0.03999999999999915, 'depth_imb_k': 0.23951938984739798, 'micro_off': 0.006666666666667709, 'spread_mean_10s': 0.03149999999997135, 'depth_imb_k_mean_10s': 0.11484391465541251, 'depth_imb_k_mean_60s': 0.13350216180575614, 'dist_vwap_bps': None, 'hl_range_pct': None, 'oc_change_pct': None, 'volume_rel_20': None, 'atr_pct': None, 'position_in_range': None, 'rsi': None, 'bb_position': None, 'ret_3': None, 'ret_10': None, 'session_bucket': 1.0}"
2026-04-06|OXY|2026-04-06T10:43:00-04:00|short|8,2026-04-06,OXY,2026-04-06T10:43:00-04:00,short,8,0.4724756181240082,True,next_bar_open_if_replayed,"{'pressure_k': 0.0, 'spread': 0.030000000000001137, 'depth_imb_k': -0.04045405991422604, 'micro_off': 0.0, 'spread_mean_10s': 0.02972222222219519, 'depth_imb_k_mean_10s': 0.13170614350880783, 'depth_imb_k_mean_60s': 0.1290452680142553, 'dist_vwap_bps': None, 'hl_range_pct': None, 'oc_change_pct': None, 'volume_rel_20': None, 'atr_pct': None, 'position_in_range': None, 'rsi': None, 'bb_position': None, 'ret_3': None, 'ret_10': None, 'session_bucket': 1.0}"
2026-04-06|OXY|2026-04-06T10:44:00-04:00|short|12,2026-04-06,OXY,2026-04-06T10:44:00-04:00,short,12,0.4535612463951111,True,next_bar_open_if_replayed,"{'pressure_k': 0.0, 'spread': 0.030000000000001137, 'depth_imb_k': -0.41722385806767087, 'micro_off': 0.0, 'spread_mean_10s': 0.03224999999997067, 'depth_imb_k_mean_10s': -0.32536909629166927, 'depth_imb_k_mean_60s': 0.001359834817279405, 'dist_vwap_bps': None, 'hl_range_pct': None, 'oc_change_pct': None, 'volume_rel_20': None, 'atr_pct': None, 'position_in_range': None, 'rsi': None, 'bb_position': None, 'ret_3': None, 'ret_10': None, 'session_bucket': 1.0}"
2026-04-06|OXY|2026-04-06T10:45:00-04:00|short|8,2026-04-06,OXY,2026-04-06T10:45:00-04:00,short,8,0.432809054851532,True,next_bar_open_if_replayed,"{'pressure_k': 0.0, 'spread': 0.01999999999999602, 'depth_imb_k': -0.5534151177325606, 'micro_off': -0.006666666666667709, 'spread_mean_10s': 0.015897435897421437, 'depth_imb_k_mean_10s': -0.48733756279991286, 'depth_imb_k_mean_60s': -0.463285828498014, 'dist_vwap_bps': None, 'hl_range_pct': None, 'oc_change_pct': None, 'volume_rel_20': None, 'atr_pct': None, 'position_in_range': None, 'rsi': None, 'bb_position': None, 'ret_3': None, 'ret_10': None, 'session_bucket': 1.0}"
2026-04-06|OXY|2026-04-06T10:46:00-04:00|short|3,2026-04-06,OXY,2026-04-06T10:46:00-04:00,short,3,0.5055621266365051,True,next_bar_open_if_replayed,"{'pressure_k': 0.0, 'spread': 0.030000000000001137, 'depth_imb_k': -0.2987893083080814, 'micro_off': -0.00833333333333286, 'spread_mean_10s': 0.03410256410253309, 'depth_imb_k_mean_10s': -0.18604957253873886, 'depth_imb_k_mean_60s': 0.010776573007471944, 'dist_vwap_bps': None, 'hl_range_pct': None, 'oc_change_pct': None, 'volume_rel_20': None, 'atr_pct': None, 'position_in_range': None, 'rsi': None, 'bb_position': None, 'ret_3': None, 'ret_10': None, 'session_bucket': 1.0}"
2026-04-06|OXY|2026-04-06T10:47:00-04:00|short|12,2026-04-06,OXY,2026-04-06T10:47:00-04:00,short,12,0.41696619987487793,True,next_bar_open_if_replayed,"{'pressure_k': 0.0, 'spread': 0.030000000000001137, 'depth_imb_k': -0.07743100672566951, 'micro_off': -0.007500000000000284, 'spread_mean_10s': 0.028999999999973623, 'depth_imb_k_mean_10s': 0.19506768229089175, 'depth_imb_k_mean_60s': 0.015283761851178895, 'dist_vwap_bps': None, 'hl_range_pct': None, 'oc_change_pct': None, 'volume_rel_20': None, 'atr_pct': None, 'position_in_range': None, 'rsi': None, 'bb_position': None, 'ret_3': None, 'ret_10': None, 'session_bucket': 1.0}"
2026-04-06|OXY|2026-04-06T10:48:00-04:00|long|12,2026-04-06,OXY,2026-04-06T10:48:00-04:00,long,12,0.4346599280834198,True,next_bar_open_if_replayed,"{'pressure_k': 0.0, 'spread': 0.020000000000003126, 'depth_imb_k': 0.5666762396304289, 'micro_off': 0.005384615384613767, 'spread_mean_10s': 0.02256410256408204, 'depth_imb_k_mean_10s': 0.13960088737487317, 'depth_imb_k_mean_60s': 0.14068804657117095, 'dist_vwap_bps': None, 'hl_range_pct': None, 'oc_change_pct': None, 'volume_rel_20': None, 'atr_pct': None, 'position_in_range': None, 'rsi': None, 'bb_position': None, 'ret_3': None, 'ret_10': None, 'session_bucket': 1.0}"
2026-04-06|OXY|2026-04-06T10:49:00-04:00|short|12,2026-04-06,OXY,2026-04-06T10:49:00-04:00,short,12,0.41328421235084534,True,next_bar_open_if_replayed,"{'pressure_k': 0.0, 'spread': 0.020000000000003126, 'depth_imb_k': 0.17091481558999372, 'micro_off': 0.007500000000000284, 'spread_mean_10s': 0.029230769230742644, 'depth_imb_k_mean_10s': 0.1256374985555602, 'depth_imb_k_mean_60s': 0.27704726945385555, 'dist_vwap_bps': None, 'hl_range_pct': None, 'oc_change_pct': None, 'volume_rel_20': None, 'atr_pct': None, 'position_in_range': None, 'rsi': None, 'bb_position': None, 'ret_3': None, 'ret_10': None, 'session_bucket': 1.0}"
2026-04-06|OXY|2026-04-06T10:50:00-04:00|short|3,2026-04-06,OXY,2026-04-06T10:50:00-04:00,short,3,0.44302475452423096,True,next_bar_open_if_replayed,"{'pressure_k': 0.0, 'spread': 0.030000000000001137, 'depth_imb_k': -0.04822858299287892, 'micro_off': 0.011250000000003979, 'spread_mean_10s': 0.03574999999996749, 'depth_imb_k_mean_10s': -0.14406006132463745, 'depth_imb_k_mean_60s': -0.04202218486172579, 'dist_vwap_bps': None, 'hl_range_pct': None, 'oc_change_pct': None, 'volume_rel_20': None, 'atr_pct': None, 'position_in_range': None, 'rsi': None, 'bb_position': None, 'ret_3': None, 'ret_10': None, 'session_bucket': 1.0}"
2026-04-06|OXY|2026-04-06T10:51:00-04:00|short|12,2026-04-06,OXY,2026-04-06T10:51:00-04:00,short,12,0.4044533371925354,True,next_bar_open_if_replayed,"{'pressure_k': 0.0, 'spread': 0.030000000000001137, 'depth_imb_k': -0.10688000650591632, 'micro_off': 0.0, 'spread_mean_10s': 0.02749999999997499, 'depth_imb_k_mean_10s': -0.06041954985738016, 'depth_imb_k_mean_60s': -0.05405657581777815, 'dist_vwap_bps': None, 'hl_range_pct': None, 'oc_change_pct': None, 'volume_rel_20': None, 'atr_pct': None, 'position_in_range': None, 'rsi': None, 'bb_position': None, 'ret_3': None, 'ret_10': None, 'session_bucket': 1.0}"
2026-04-06|OXY|2026-04-06T10:52:00-04:00|long|8,2026-04-06,OXY,2026-04-06T10:52:00-04:00,long,8,0.4166242778301239,True,next_bar_open_if_replayed,"{'pressure_k': 0.0, 'spread': 0.02999999999999403, 'depth_imb_k': 0.01400971876581379, 'micro_off': -0.008333333333339965, 'spread_mean_10s': 0.024999999999977263, 'depth_imb_k_mean_10s': 0.041860983937164066, 'depth_imb_k_mean_60s': -0.003274755356174347, 'dist_vwap_bps': None, 'hl_range_pct': None, 'oc_change_pct': None, 'volume_rel_20': None, 'atr_pct': None, 'position_in_range': None, 'rsi': None, 'bb_position': None, 'ret_3': None, 'ret_10': None, 'session_bucket': 1.0}"
2026-04-06|OXY|2026-04-06T10:53:00-04:00|long|8,2026-04-06,OXY,2026-04-06T10:53:00-04:00,long,8,0.3964795768260956,True,next_bar_open_if_replayed,"{'pressure_k': 0.0, 'spread': 0.030000000000001137, 'depth_imb_k': 0.20640980504334816, 'micro_off': 0.0, 'spread_mean_10s': 0.013749999999987494, 'depth_imb_k_mean_10s': 0.010474705753297541, 'depth_imb_k_mean_60s': 0.0831207969485607, 'dist_vwap_bps': None, 'hl_range_pct': None, 'oc_change_pct': None, 'volume_rel_20': None, 'atr_pct': None, 'position_in_range': None, 'rsi': None, 'bb_position': None, 'ret_3': None, 'ret_10': None, 'session_bucket': 1.0}"
2026-04-06|OXY|2026-04-06T10:54:00-04:00|short|3,2026-04-06,OXY,2026-04-06T10:54:00-04:00,short,3,0.4050120413303375,True,next_bar_open_if_replayed,"{'pressure_k': 0.0, 'spread': 0.01999999999999602, 'depth_imb_k': 0.1328327064421377, 'micro_off': 0.0, 'spread_mean_10s': 0.029749999999972944, 'depth_imb_k_mean_10s': 0.11651217160889189, 'depth_imb_k_mean_60s': 0.1369875598352138, 'dist_vwap_bps': None, 'hl_range_pct': None, 'oc_change_pct': None, 'volume_rel_20': None, 'atr_pct': None, 'position_in_range': None, 'rsi': None, 'bb_position': None, 'ret_3': None, 'ret_10': None, 'session_bucket': 1.0}"
2026-04-06|OXY|2026-04-06T10:55:00-04:00|long|12,2026-04-06,OXY,2026-04-06T10:55:00-04:00,long,12,0.3950420022010803,True,next_bar_open_if_replayed,"{'pressure_k': 0.0, 'spread': 0.030000000000001137, 'depth_imb_k': -0.06906310185650212, 'micro_off': 0.011249999999996874, 'spread_mean_10s': 0.020819672131128605, 'depth_imb_k_mean_10s': -0.09630316934057224, 'depth_imb_k_mean_60s': -0.13889607782759708, 'dist_vwap_bps': None, 'hl_range_pct': None, 'oc_change_pct': None, 'volume_rel_20': None, 'atr_pct': None, 'position_in_range': None, 'rsi': None, 'bb_position': None, 'ret_3': None, 'ret_10': None, 'session_bucket': 1.0}"
2026-04-06|OXY|2026-04-06T10:56:00-04:00|short|12,2026-04-06,OXY,2026-04-06T10:56:00-04:00,short,12,0.39328518509864807,True,next_bar_open_if_replayed,"{'pressure_k': 0.0, 'spread': 0.01999999999999602, 'depth_imb_k': 0.03267740836916266, 'micro_off': -0.0049999999999954525, 'spread_mean_10s': 0.0237499999999784, 'depth_imb_k_mean_10s': 0.02964783294464297, 'depth_imb_k_mean_60s': 0.07045770916279379, 'dist_vwap_bps': None, 'hl_range_pct': None, 'oc_change_pct': None, 'volume_rel_20': None, 'atr_pct': None, 'position_in_range': None, 'rsi': None, 'bb_position': None, 'ret_3': None, 'ret_10': None, 'session_bucket': 1.0}"
2026-04-06|OXY|2026-04-06T10:57:00-04:00|long|12,2026-04-06,OXY,2026-04-06T10:57:00-04:00,long,12,0.43899109959602356,True,next_bar_open_if_replayed,"{'pressure_k': 0.0, 'spread': 0.030000000000001137, 'depth_imb_k': 0.033897698786793135, 'micro_off': 0.005000000000002558, 'spread_mean_10s': 0.03274999999997021, 'depth_imb_k_mean_10s': 0.12177586073505324, 'depth_imb_k_mean_60s': 0.08026873601594446, 'dist_vwap_bps': None, 'hl_range_pct': None, 'oc_change_pct': None, 'volume_rel_20': None, 'atr_pct': None, 'position_in_range': None, 'rsi': None, 'bb_position': None, 'ret_3': None, 'ret_10': None, 'session_bucket': 1.0}"
2026-04-06|OXY|2026-04-06T10:58:00-04:00|long|8,2026-04-06,OXY,2026-04-06T10:58:00-04:00,long,8,0.41716891527175903,True,next_bar_open_if_replayed,"{'pressure_k': 0.0, 'spread': 0.020000000000003126, 'depth_imb_k': 0.02516319721105337, 'micro_off': -0.007777777777782546, 'spread_mean_10s': 0.02024999999998158, 'depth_imb_k_mean_10s': 0.017814523040013342, 'depth_imb_k_mean_60s': 0.14367272798493724, 'dist_vwap_bps': None, 'hl_range_pct': None, 'oc_change_pct': None, 'volume_rel_20': None, 'atr_pct': None, 'position_in_range': None, 'rsi': None, 'bb_position': None, 'ret_3': None, 'ret_10': None, 'session_bucket': 1.0}"
2026-04-06|OXY|2026-04-06T10:59:00-04:00|long|8,2026-04-06,OXY,2026-04-06T10:59:00-04:00,long,8,0.38842183351516724,True,next_bar_open_if_replayed,"{'pressure_k': 0.0, 'spread': 0.01999999999999602, 'depth_imb_k': 0.06857344321537173, 'micro_off': 0.0033333333333303017, 'spread_mean_10s': 0.020499999999981356, 'depth_imb_k_mean_10s': 0.02626365473499561, 'depth_imb_k_mean_60s': 0.13005102268893615, 'dist_vwap_bps': None, 'hl_range_pct': None, 'oc_change_pct': None, 'volume_rel_20': None, 'atr_pct': None, 'position_in_range': None, 'rsi': None, 'bb_position': None, 'ret_3': None, 'ret_10': None, 'session_bucket': 1.0}"
2026-04-06|OXY|2026-04-06T11:00:00-04:00|long|8,2026-04-06,OXY,2026-04-06T11:00:00-04:00,long,8,0.4219311773777008,True,next_bar_open_if_replayed,"{'pressure_k': 0.0, 'spread': 0.01999999999999602, 'depth_imb_k': -0.029841941359656853, 'micro_off': 0.006000000000000227, 'spread_mean_10s': 0.025249999999977034, 'depth_imb_k_mean_10s': 0.21618501104391896, 'depth_imb_k_mean_60s': 0.23354144949132083, 'dist_vwap_bps': None, 'hl_range_pct': None, 'oc_change_pct': None, 'volume_rel_20': None, 'atr_pct': None, 'position_in_range': None, 'rsi': None, 'bb_position': None, 'ret_3': None, 'ret_10': None, 'session_bucket': 1.0}"
2026-04-06|OXY|2026-04-06T11:01:00-04:00|long|8,2026-04-06,OXY,2026-04-06T11:01:00-04:00,long,8,0.444039523601532,True,next_bar_open_if_replayed,"{'pressure_k': 0.0, 'spread': 0.020000000000003126, 'depth_imb_k': 0.030813725318648465, 'micro_off': 0.005555555555552871, 'spread_mean_10s': 0.01999999999998181, 'depth_imb_k_mean_10s': 0.17607259073774345, 'depth_imb_k_mean_60s': 0.13795943607409883, 'dist_vwap_bps': None, 'hl_range_pct': None, 'oc_change_pct': None, 'volume_rel_20': None, 'atr_pct': None, 'position_in_range': None, 'rsi': None, 'bb_position': None, 'ret_3': None, 'ret_10': None, 'session_bucket': 1.0}"
2026-04-06|OXY|2026-04-06T11:02:00-04:00|long|8,2026-04-06,OXY,2026-04-06T11:02:00-04:00,long,8,0.4748223125934601,True,next_bar_open_if_replayed,"{'pressure_k': 0.0, 'spread': 0.030000000000001137, 'depth_imb_k': -0.09138273058225972, 'micro_off': 0.0, 'spread_mean_10s': 0.02574999999997658, 'depth_imb_k_mean_10s': 0.008625259745042513, 'depth_imb_k_mean_60s': 0.0794597217114035, 'dist_vwap_bps': None, 'hl_range_pct': None, 'oc_change_pct': None, 'volume_rel_20': None, 'atr_pct': None, 'position_in_range': None, 'rsi': None, 'bb_position': None, 'ret_3': None, 'ret_10': None, 'session_bucket': 1.0}"
2026-04-06|OXY|2026-04-06T11:03:00-04:00|long|12,2026-04-06,OXY,2026-04-06T11:03:00-04:00,long,12,0.40492478013038635,True,next_bar_open_if_replayed,"{'pressure_k': 0.0, 'spread': 0.02999999999999403, 'depth_imb_k': 0.3208734661941626, 'micro_off': 0.005000000000002558, 'spread_mean_10s': 0.029749999999972944, 'depth_imb_k_mean_10s': 0.2536646717598529, 'depth_imb_k_mean_60s': 0.029818686850380433, 'dist_vwap_bps': None, 'hl_range_pct': None, 'oc_change_pct': None, 'volume_rel_20': None, 'atr_pct': None, 'position_in_range': None, 'rsi': None, 'bb_position': None, 'ret_3': None, 'ret_10': None, 'session_bucket': 1.0}"
2026-04-06|OXY|2026-04-06T11:04:00-04:00|long|8,2026-04-06,OXY,2026-04-06T11:04:00-04:00,long,8,0.389210969209671,True,next_bar_open_if_replayed,"{'pressure_k': 0.0, 'spread': 0.00999999999999801, 'depth_imb_k': -0.15420602484223364, 'micro_off': 0.0, 'spread_mean_10s': 0.01424999999998704, 'depth_imb_k_mean_10s': -0.019998605220226295, 'depth_imb_k_mean_60s': -0.041047930563918596, 'dist_vwap_bps': None, 'hl_range_pct': None, 'oc_change_pct': None, 'volume_rel_20': None, 'atr_pct': None, 'position_in_range': None, 'rsi': None, 'bb_position': None, 'ret_3': None, 'ret_10': None, 'session_bucket': 1.0}"
2026-04-06|OXY|2026-04-06T11:05:00-04:00|long|12,2026-04-06,OXY,2026-04-06T11:05:00-04:00,long,12,0.4489467740058899,True,next_bar_open_if_replayed,"{'pressure_k': 0.0, 'spread': 0.030000000000001137, 'depth_imb_k': -0.06177548181479764, 'micro_off': 0.01071428571428612, 'spread_mean_10s': 0.028249999999974306, 'depth_imb_k_mean_10s': 0.03119341965634135, 'depth_imb_k_mean_60s': 0.055886046461335104, 'dist_vwap_bps': None, 'hl_range_pct': None, 'oc_change_pct': None, 'volume_rel_20': None, 'atr_pct': None, 'position_in_range': None, 'rsi': None, 'bb_position': None, 'ret_3': None, 'ret_10': None, 'session_bucket': 1.0}"
2026-04-06|OXY|2026-04-06T11:06:00-04:00|long|8,2026-04-06,OXY,2026-04-06T11:06:00-04:00,long,8,0.3877181112766266,True,next_bar_open_if_replayed,"{'pressure_k': 0.0, 'spread': 0.020000000000003126, 'depth_imb_k': -0.19194065116215728, 'micro_off': 7.105427357601002e-15, 'spread_mean_10s': 0.02749999999997499, 'depth_imb_k_mean_10s': -0.13895768469188283, 'depth_imb_k_mean_60s': -0.14173926508062853, 'dist_vwap_bps': None, 'hl_range_pct': None, 'oc_change_pct': None, 'volume_rel_20': None, 'atr_pct': None, 'position_in_range': None, 'rsi': None, 'bb_position': None, 'ret_3': None, 'ret_10': None, 'session_bucket': 1.0}"
2026-04-06|OXY|2026-04-06T11:07:00-04:00|long|8,2026-04-06,OXY,2026-04-06T11:07:00-04:00,long,8,0.4025755226612091,True,next_bar_open_if_replayed,"{'pressure_k': 0.0, 'spread': 0.030000000000001137, 'depth_imb_k': 0.15199422349744426, 'micro_off': 0.005000000000002558, 'spread_mean_10s': 0.027249999999975218, 'depth_imb_k_mean_10s': 0.11249617663588082, 'depth_imb_k_mean_60s': 0.038712215067397054, 'dist_vwap_bps': None, 'hl_range_pct': None, 'oc_change_pct': None, 'volume_rel_20': None, 'atr_pct': None, 'position_in_range': None, 'rsi': None, 'bb_position': None, 'ret_3': None, 'ret_10': None, 'session_bucket': 1.0}"
2026-04-06|OXY|2026-04-06T11:08:00-04:00|short|12,2026-04-06,OXY,2026-04-06T11:08:00-04:00,short,12,0.40936949849128723,True,next_bar_open_if_replayed,"{'pressure_k': 0.0, 'spread': 0.030000000000001137, 'depth_imb_k': -0.14344595587634926, 'micro_off': -0.005000000000002558, 'spread_mean_10s': 0.030749999999972032, 'depth_imb_k_mean_10s': 0.023556226740439, 'depth_imb_k_mean_60s': 0.1293157613701905, 'dist_vwap_bps': None, 'hl_range_pct': None, 'oc_change_pct': None, 'volume_rel_20': None, 'atr_pct': None, 'position_in_range': None, 'rsi': None, 'bb_position': None, 'ret_3': None, 'ret_10': None, 'session_bucket': 1.0}"
2026-04-06|OXY|2026-04-06T11:09:00-04:00|short|12,2026-04-06,OXY,2026-04-06T11:09:00-04:00,short,12,0.3757188022136688,True,next_bar_open_if_replayed,"{'pressure_k': 0.0, 'spread': 0.030000000000001137, 'depth_imb_k': 0.3024852829126487, 'micro_off': 0.011250000000003979, 'spread_mean_10s': 0.032999999999969984, 'depth_imb_k_mean_10s': 0.23483385990897715, 'depth_imb_k_mean_60s': 0.024163607169991174, 'dist_vwap_bps': None, 'hl_range_pct': None, 'oc_change_pct': None, 'volume_rel_20': None, 'atr_pct': None, 'position_in_range': None, 'rsi': None, 'bb_position': None, 'ret_3': None, 'ret_10': None, 'session_bucket': 1.0}"
2026-04-06|OXY|2026-04-06T11:10:00-04:00|short|12,2026-04-06,OXY,2026-04-06T11:10:00-04:00,short,12,0.40351200103759766,True,next_bar_open_if_replayed,"{'pressure_k': 0.0, 'spread': 0.03999999999999915, 'depth_imb_k': 0.08582308432202469, 'micro_off': -0.005000000000002558, 'spread_mean_10s': 0.03974999999996385, 'depth_imb_k_mean_10s': 0.11440227982382681, 'depth_imb_k_mean_60s': 0.04974613504612031, 'dist_vwap_bps': None, 'hl_range_pct': None, 'oc_change_pct': None, 'volume_rel_20': None, 'atr_pct': None, 'position_in_range': None, 'rsi': None, 'bb_position': None, 'ret_3': None, 'ret_10': None, 'session_bucket': 1.0}"
2026-04-06|OXY|2026-04-06T11:11:00-04:00|short|12,2026-04-06,OXY,2026-04-06T11:11:00-04:00,short,12,0.3870115876197815,True,next_bar_open_if_replayed,"{'pressure_k': 0.0, 'spread': 0.01999999999999602, 'depth_imb_k': 0.10582203323471635, 'micro_off': -0.007500000000000284, 'spread_mean_10s': 0.022999999999979082, 'depth_imb_k_mean_10s': 0.1385534003204043, 'depth_imb_k_mean_60s': 0.012568885108843682, 'dist_vwap_bps': None, 'hl_range_pct': None, 'oc_change_pct': None, 'volume_rel_20': None, 'atr_pct': None, 'position_in_range': None, 'rsi': None, 'bb_position': None, 'ret_3': None, 'ret_10': None, 'session_bucket': 1.0}"
2026-04-06|OXY|2026-04-06T11:12:00-04:00|long|8,2026-04-06,OXY,2026-04-06T11:12:00-04:00,long,8,0.37581732869148254,True,next_bar_open_if_replayed,"{'pressure_k': 0.0, 'spread': 0.010000000000005116, 'depth_imb_k': 0.09052616263208628, 'micro_off': 0.0, 'spread_mean_10s': 0.015749999999985675, 'depth_imb_k_mean_10s': 0.17444902510021904, 'depth_imb_k_mean_60s': 0.15853716603747495, 'dist_vwap_bps': None, 'hl_range_pct': None, 'oc_change_pct': None, 'volume_rel_20': None, 'atr_pct': None, 'position_in_range': None, 'rsi': None, 'bb_position': None, 'ret_3': None, 'ret_10': None, 'session_bucket': 1.0}"
2026-04-06|OXY|2026-04-06T11:13:00-04:00|short|12,2026-04-06,OXY,2026-04-06T11:13:00-04:00,short,12,0.42767682671546936,True,next_bar_open_if_replayed,"{'pressure_k': 0.0, 'spread': 0.030000000000001137, 'depth_imb_k': -0.018019457314150698, 'micro_off': -0.0049999999999954525, 'spread_mean_10s': 0.03149999999997135, 'depth_imb_k_mean_10s': -0.08951260440950932, 'depth_imb_k_mean_60s': 0.025217021323016495, 'dist_vwap_bps': None, 'hl_range_pct': None, 'oc_change_pct': None, 'volume_rel_20': None, 'atr_pct': None, 'position_in_range': None, 'rsi': None, 'bb_position': None, 'ret_3': None, 'ret_10': None, 'session_bucket': 1.0}"
2026-04-06|OXY|2026-04-06T11:14:00-04:00|long|12,2026-04-06,OXY,2026-04-06T11:14:00-04:00,long,12,0.38524577021598816,True,next_bar_open_if_replayed,"{'pressure_k': 0.0, 'spread': 0.030000000000001137, 'depth_imb_k': 0.1995007281048471, 'micro_off': 0.004090909090912476, 'spread_mean_10s': 0.0210256410256219, 'depth_imb_k_mean_10s': 0.16665453631984897, 'depth_imb_k_mean_60s': 0.010455812558995147, 'dist_vwap_bps': None, 'hl_range_pct': None, 'oc_change_pct': None, 'volume_rel_20': None, 'atr_pct': None, 'position_in_range': None, 'rsi': None, 'bb_position': None, 'ret_3': None, 'ret_10': None, 'session_bucket': 1.0}"
2026-04-06|OXY|2026-04-06T11:15:00-04:00|short|12,2026-04-06,OXY,2026-04-06T11:15:00-04:00,short,12,0.40160468220710754,True,next_bar_open_if_replayed,"{'pressure_k': 0.0, 'spread': 0.030000000000001137, 'depth_imb_k': 0.12278495434070075, 'micro_off': -0.011666666666663161, 'spread_mean_10s': 0.029749999999972944, 'depth_imb_k_mean_10s': 0.07598460400636782, 'depth_imb_k_mean_60s': 0.14988480888465378, 'dist_vwap_bps': None, 'hl_range_pct': None, 'oc_change_pct': None, 'volume_rel_20': None, 'atr_pct': None, 'position_in_range': None, 'rsi': None, 'bb_position': None, 'ret_3': None, 'ret_10': None, 'session_bucket': 1.0}"
2026-04-06|OXY|2026-04-06T11:16:00-04:00|long|8,2026-04-06,OXY,2026-04-06T11:16:00-04:00,long,8,0.38268619775772095,True,next_bar_open_if_replayed,"{'pressure_k': 0.0, 'spread': 0.030000000000001137, 'depth_imb_k': -0.0005910365909784562, 'micro_off': 0.0049999999999954525, 'spread_mean_10s': 0.023249999999978854, 'depth_imb_k_mean_10s': -0.11992784909388092, 'depth_imb_k_mean_60s': -0.08478026396027907, 'dist_vwap_bps': None, 'hl_range_pct': None, 'oc_change_pct': None, 'volume_rel_20': None, 'atr_pct': None, 'position_in_range': None, 'rsi': None, 'bb_position': None, 'ret_3': None, 'ret_10': None, 'session_bucket': 1.0}"
2026-04-06|OXY|2026-04-06T11:17:00-04:00|short|12,2026-04-06,OXY,2026-04-06T11:17:00-04:00,short,12,0.363092839717865,True,next_bar_open_if_replayed,"{'pressure_k': 0.0, 'spread': 0.01999999999999602, 'depth_imb_k': 0.11940155304532488, 'micro_off': 0.0, 'spread_mean_10s': 0.02174999999998022, 'depth_imb_k_mean_10s': -0.05639456875031783, 'depth_imb_k_mean_60s': -0.013925592666896207, 'dist_vwap_bps': None, 'hl_range_pct': None, 'oc_change_pct': None, 'volume_rel_20': None, 'atr_pct': None, 'position_in_range': None, 'rsi': None, 'bb_position': None, 'ret_3': None, 'ret_10': None, 'session_bucket': 1.0}"
2026-04-06|OXY|2026-04-06T11:18:00-04:00|short|12,2026-04-06,OXY,2026-04-06T11:18:00-04:00,short,12,0.452065646648407,True,next_bar_open_if_replayed,"{'pressure_k': 0.0, 'spread': 0.020000000000003126, 'depth_imb_k': -0.25461596373306755, 'micro_off': 0.003333333333337407, 'spread_mean_10s': 0.02785714285711752, 'depth_imb_k_mean_10s': -0.08851894457087285, 'depth_imb_k_mean_60s': 0.045345367976957235, 'dist_vwap_bps': None, 'hl_range_pct': None, 'oc_change_pct': None, 'volume_rel_20': None, 'atr_pct': None, 'position_in_range': None, 'rsi': None, 'bb_position': None, 'ret_3': None, 'ret_10': None, 'session_bucket': 1.0}"
2026-04-06|OXY|2026-04-06T11:19:00-04:00|short|12,2026-04-06,OXY,2026-04-06T11:19:00-04:00,short,12,0.4315554201602936,True,next_bar_open_if_replayed,"{'pressure_k': 0.0, 'spread': 0.020000000000003126, 'depth_imb_k': 0.2408148711784534, 'micro_off': 0.0, 'spread_mean_10s': 0.012499999999988631, 'depth_imb_k_mean_10s': 0.2646567639378077, 'depth_imb_k_mean_60s': -0.0027763109633395025, 'dist_vwap_bps': None, 'hl_range_pct': None, 'oc_change_pct': None, 'volume_rel_20': None, 'atr_pct': None, 'position_in_range': None, 'rsi': None, 'bb_position': None, 'ret_3': None, 'ret_10': None, 'session_bucket': 1.0}"
2026-04-06|OXY|2026-04-06T11:20:00-04:00|short|12,2026-04-06,OXY,2026-04-06T11:20:00-04:00,short,12,0.38108813762664795,True,next_bar_open_if_replayed,"{'pressure_k': 0.0, 'spread': 0.030000000000001137, 'depth_imb_k': 0.09758352950764689, 'micro_off': 0.0, 'spread_mean_10s': 0.020999999999980902, 'depth_imb_k_mean_10s': 0.20945041661589983, 'depth_imb_k_mean_60s': 0.272545721904892, 'dist_vwap_bps': None, 'hl_range_pct': None, 'oc_change_pct': None, 'volume_rel_20': None, 'atr_pct': None, 'position_in_range': None, 'rsi': None, 'bb_position': None, 'ret_3': None, 'ret_10': None, 'session_bucket': 1.0}"
2026-04-06|OXY|2026-04-06T11:21:00-04:00|long|8,2026-04-06,OXY,2026-04-06T11:21:00-04:00,long,8,0.36890169978141785,True,next_bar_open_if_replayed,"{'pressure_k': 0.0, 'spread': 0.02999999999999403, 'depth_imb_k': 0.14698580631645106, 'micro_off': 0.007499999999993179, 'spread_mean_10s': 0.023333333333312112, 'depth_imb_k_mean_10s': 0.01012135517362367, 'depth_imb_k_mean_60s': 0.01012135517362367, 'dist_vwap_bps': None, 'hl_range_pct': None, 'oc_change_pct': None, 'volume_rel_20': None, 'atr_pct': None, 'position_in_range': None, 'rsi': None, 'bb_position': None, 'ret_3': None, 'ret_10': None, 'session_bucket': 1.0}"
2026-04-06|OXY|2026-04-06T11:22:00-04:00|long|12,2026-04-06,OXY,2026-04-06T11:22:00-04:00,long,12,0.4032619297504425,True,next_bar_open_if_replayed,"{'pressure_k': 0.0, 'spread': 0.01999999999999602, 'depth_imb_k': 0.4996282549904176, 'micro_off': 0.0, 'spread_mean_10s': 0.01999999999998181, 'depth_imb_k_mean_10s': 0.5028696167235421, 'depth_imb_k_mean_60s': 0.28728809580226977, 'dist_vwap_bps': None, 'hl_range_pct': None, 'oc_change_pct': None, 'volume_rel_20': None, 'atr_pct': None, 'position_in_range': None, 'rsi': None, 'bb_position': None, 'ret_3': None, 'ret_10': None, 'session_bucket': 1.0}"
2026-04-06|OXY|2026-04-06T11:23:00-04:00|long|8,2026-04-06,OXY,2026-04-06T11:23:00-04:00,long,8,0.40228864550590515,True,next_bar_open_if_replayed,"{'pressure_k': 0.0, 'spread': 0.020000000000003126, 'depth_imb_k': 0.3536735098466157, 'micro_off': 0.0, 'spread_mean_10s': 0.022999999999979082, 'depth_imb_k_mean_10s': 0.2725865001955867, 'depth_imb_k_mean_60s': 0.34884901861177026, 'dist_vwap_bps': None, 'hl_range_pct': None, 'oc_change_pct': None, 'volume_rel_20': None, 'atr_pct': None, 'position_in_range': None, 'rsi': None, 'bb_position': None, 'ret_3': None, 'ret_10': None, 'session_bucket': 1.0}"
2026-04-06|OXY|2026-04-06T11:24:00-04:00|long|8,2026-04-06,OXY,2026-04-06T11:24:00-04:00,long,8,0.402364581823349,True,next_bar_open_if_replayed,"{'pressure_k': 0.0, 'spread': 0.020000000000003126, 'depth_imb_k': -0.10385730506774261, 'micro_off': 0.0, 'spread_mean_10s': 0.01999999999998181, 'depth_imb_k_mean_10s': 0.023120282147232274, 'depth_imb_k_mean_60s': 0.20765266202414476, 'dist_vwap_bps': None, 'hl_range_pct': None, 'oc_change_pct': None, 'volume_rel_20': None, 'atr_pct': None, 'position_in_range': None, 'rsi': None, 'bb_position': None, 'ret_3': None, 'ret_10': None, 'session_bucket': 1.0}"
2026-04-06|OXY|2026-04-06T11:25:00-04:00|long|8,2026-04-06,OXY,2026-04-06T11:25:00-04:00,long,8,0.43080493807792664,True,next_bar_open_if_replayed,"{'pressure_k': 0.0, 'spread': 0.020000000000003126, 'depth_imb_k': -0.06519063290226555, 'micro_off': -0.007499999999993179, 'spread_mean_10s': 0.01524999999998613, 'depth_imb_k_mean_10s': 0.10736982308727647, 'depth_imb_k_mean_60s': -0.03374572772408687, 'dist_vwap_bps': None, 'hl_range_pct': None, 'oc_change_pct': None, 'volume_rel_20': None, 'atr_pct': None, 'position_in_range': None, 'rsi': None, 'bb_position': None, 'ret_3': None, 'ret_10': None, 'session_bucket': 1.0}"
2026-04-06|OXY|2026-04-06T11:26:00-04:00|long|8,2026-04-06,OXY,2026-04-06T11:26:00-04:00,long,8,0.4107334613800049,True,next_bar_open_if_replayed,"{'pressure_k': 0.0, 'spread': 0.020000000000003126, 'depth_imb_k': 0.22350395164596304, 'micro_off': 0.0016666666666722563, 'spread_mean_10s': 0.022249999999979765, 'depth_imb_k_mean_10s': -0.04966848939894817, 'depth_imb_k_mean_60s': 0.006387875326624366, 'dist_vwap_bps': None, 'hl_range_pct': None, 'oc_change_pct': None, 'volume_rel_20': None, 'atr_pct': None, 'position_in_range': None, 'rsi': None, 'bb_position': None, 'ret_3': None, 'ret_10': None, 'session_bucket': 1.0}"
2026-04-06|OXY|2026-04-06T11:27:00-04:00|long|8,2026-04-06,OXY,2026-04-06T11:27:00-04:00,long,8,0.4360446631908417,True,next_bar_open_if_replayed,"{'pressure_k': 0.0, 'spread': 0.020000000000003126, 'depth_imb_k': 0.14719049937950643, 'micro_off': -0.003333333333337407, 'spread_mean_10s': 0.011749999999989314, 'depth_imb_k_mean_10s': 0.011915985521818584, 'depth_imb_k_mean_60s': 0.16478194472170574, 'dist_vwap_bps': None, 'hl_range_pct': None, 'oc_change_pct': None, 'volume_rel_20': None, 'atr_pct': None, 'position_in_range': None, 'rsi': None, 'bb_position': None, 'ret_3': None, 'ret_10': None, 'session_bucket': 1.0}"
2026-04-06|OXY|2026-04-06T11:28:00-04:00|short|12,2026-04-06,OXY,2026-04-06T11:28:00-04:00,short,12,0.38593247532844543,True,next_bar_open_if_replayed,"{'pressure_k': 0.0, 'spread': 0.010000000000005116, 'depth_imb_k': -0.14925170529745138, 'micro_off': -0.0016666666666651508, 'spread_mean_10s': 0.011999999999989085, 'depth_imb_k_mean_10s': -0.0680763253197881, 'depth_imb_k_mean_60s': 0.0004081451911882065, 'dist_vwap_bps': None, 'hl_range_pct': None, 'oc_change_pct': None, 'volume_rel_20': None, 'atr_pct': None, 'position_in_range': None, 'rsi': None, 'bb_position': None, 'ret_3': None, 'ret_10': None, 'session_bucket': 1.0}"
2026-04-06|OXY|2026-04-06T11:29:00-04:00|long|8,2026-04-06,OXY,2026-04-06T11:29:00-04:00,long,8,0.35393843054771423,True,next_bar_open_if_replayed,"{'pressure_k': 0.0, 'spread': 0.01999999999999602, 'depth_imb_k': 0.054011083064960684, 'micro_off': 0.0033333333333303017, 'spread_mean_10s': 0.019499999999982264, 'depth_imb_k_mean_10s': -0.0248705049874161, 'depth_imb_k_mean_60s': -0.07684324941707213, 'dist_vwap_bps': None, 'hl_range_pct': None, 'oc_change_pct': None, 'volume_rel_20': None, 'atr_pct': None, 'position_in_range': None, 'rsi': None, 'bb_position': None, 'ret_3': None, 'ret_10': None, 'session_bucket': 1.0}"
2026-04-06|OXY|2026-04-06T11:30:00-04:00|short|12,2026-04-06,OXY,2026-04-06T11:30:00-04:00,short,12,0.37025028467178345,True,next_bar_open_if_replayed,"{'pressure_k': 0.0, 'spread': 0.030000000000001137, 'depth_imb_k': -0.059426543710161435, 'micro_off': -0.007500000000000284, 'spread_mean_10s': 0.026666666666642413, 'depth_imb_k_mean_10s': -0.0234865754960083, 'depth_imb_k_mean_60s': -0.06155151259218621, 'dist_vwap_bps': None, 'hl_range_pct': None, 'oc_change_pct': None, 'volume_rel_20': None, 'atr_pct': None, 'position_in_range': None, 'rsi': None, 'bb_position': None, 'ret_3': None, 'ret_10': None, 'session_bucket': 1.0}"
2026-04-06|OXY|2026-04-06T11:31:00-04:00|long|8,2026-04-06,OXY,2026-04-06T11:31:00-04:00,long,8,0.40029478073120117,True,next_bar_open_if_replayed,"{'pressure_k': 0.0, 'spread': 0.01999999999999602, 'depth_imb_k': -0.12323422311414889, 'micro_off': 0.0, 'spread_mean_10s': 0.022499999999979536, 'depth_imb_k_mean_10s': -0.16140720072421005, 'depth_imb_k_mean_60s': -0.07811044968301341, 'dist_vwap_bps': None, 'hl_range_pct': None, 'oc_change_pct': None, 'volume_rel_20': None, 'atr_pct': None, 'position_in_range': None, 'rsi': None, 'bb_position': None, 'ret_3': None, 'ret_10': None, 'session_bucket': 1.0}"
2026-04-06|OXY|2026-04-06T11:32:00-04:00|long|8,2026-04-06,OXY,2026-04-06T11:32:00-04:00,long,8,0.4025026559829712,True,next_bar_open_if_replayed,"{'pressure_k': 0.0, 'spread': 0.030000000000001137, 'depth_imb_k': -0.03751079255816154, 'micro_off': 0.0, 'spread_mean_10s': 0.018999999999982718, 'depth_imb_k_mean_10s': -0.12838722570140818, 'depth_imb_k_mean_60s': -0.13165110542935238, 'dist_vwap_bps': None, 'hl_range_pct': None, 'oc_change_pct': None, 'volume_rel_20': None, 'atr_pct': None, 'position_in_range': None, 'rsi': None, 'bb_position': None, 'ret_3': None, 'ret_10': None, 'session_bucket': 1.0}"
2026-04-06|OXY|2026-04-06T11:33:00-04:00|long|8,2026-04-06,OXY,2026-04-06T11:33:00-04:00,long,8,0.41013196110725403,True,next_bar_open_if_replayed,"{'pressure_k': 0.0, 'spread': 0.020000000000003126, 'depth_imb_k': -0.18363053631390389, 'micro_off': -0.007999999999995566, 'spread_mean_10s': 0.02199999999997999, 'depth_imb_k_mean_10s': -0.09238934309704519, 'depth_imb_k_mean_60s': -0.10232580041110642, 'dist_vwap_bps': None, 'hl_range_pct': None, 'oc_change_pct': None, 'volume_rel_20': None, 'atr_pct': None, 'position_in_range': None, 'rsi': None, 'bb_position': None, 'ret_3': None, 'ret_10': None, 'session_bucket': 1.0}"
2026-04-06|OXY|2026-04-06T11:34:00-04:00|long|8,2026-04-06,OXY,2026-04-06T11:34:00-04:00,long,8,0.4104141891002655,True,next_bar_open_if_replayed,"{'pressure_k': 0.0, 'spread': 0.020000000000003126, 'depth_imb_k': -0.40663427718186557, 'micro_off': -0.008000000000002672, 'spread_mean_10s': 0.022749999999979308, 'depth_imb_k_mean_10s': -0.3370343200023115, 'depth_imb_k_mean_60s': -0.22947337675146098, 'dist_vwap_bps': None, 'hl_range_pct': None, 'oc_change_pct': None, 'volume_rel_20': None, 'atr_pct': None, 'position_in_range': None, 'rsi': None, 'bb_position': None, 'ret_3': None, 'ret_10': None, 'session_bucket': 1.0}"
2026-04-06|OXY|2026-04-06T11:35:00-04:00|long|12,2026-04-06,OXY,2026-04-06T11:35:00-04:00,long,12,0.43841293454170227,True,next_bar_open_if_replayed,"{'pressure_k': 0.0, 'spread': 0.01999999999999602, 'depth_imb_k': 0.016538049419328304, 'micro_off': 0.007777777777775441, 'spread_mean_10s': 0.0221153846153645, 'depth_imb_k_mean_10s': -0.019949708467661455, 'depth_imb_k_mean_60s': -0.20509359535287816, 'dist_vwap_bps': None, 'hl_range_pct': None, 'oc_change_pct': None, 'volume_rel_20': None, 'atr_pct': None, 'position_in_range': None, 'rsi': None, 'bb_position': None, 'ret_3': None, 'ret_10': None, 'session_bucket': 1.0}"
2026-04-06|OXY|2026-04-06T11:36:00-04:00|long|8,2026-04-06,OXY,2026-04-06T11:36:00-04:00,long,8,0.39021992683410645,True,next_bar_open_if_replayed,"{'pressure_k': 0.0, 'spread': 0.01999999999999602, 'depth_imb_k': -0.2636998670119689, 'micro_off': -0.0033333333333303017, 'spread_mean_10s': 0.02199999999997999, 'depth_imb_k_mean_10s': -0.2537989895885744, 'depth_imb_k_mean_60s': -0.22924865445300893, 'dist_vwap_bps': None, 'hl_range_pct': None, 'oc_change_pct': None, 'volume_rel_20': None, 'atr_pct': None, 'position_in_range': None, 'rsi': None, 'bb_position': None, 'ret_3': None, 'ret_10': None, 'session_bucket': 1.0}"
2026-04-06|OXY|2026-04-06T11:37:00-04:00|long|8,2026-04-06,OXY,2026-04-06T11:37:00-04:00,long,8,0.37018510699272156,True,next_bar_open_if_replayed,"{'pressure_k': 0.0, 'spread': 0.030000000000001137, 'depth_imb_k': -0.3036477963094136, 'micro_off': 0.0, 'spread_mean_10s': 0.02174999999998022, 'depth_imb_k_mean_10s': -0.2271961395017854, 'depth_imb_k_mean_60s': -0.1876748502588001, 'dist_vwap_bps': None, 'hl_range_pct': None, 'oc_change_pct': None, 'volume_rel_20': None, 'atr_pct': None, 'position_in_range': None, 'rsi': None, 'bb_position': None, 'ret_3': None, 'ret_10': None, 'session_bucket': 1.0}"
2026-04-06|OXY|2026-04-06T11:38:00-04:00|long|12,2026-04-06,OXY,2026-04-06T11:38:00-04:00,long,12,0.4128834009170532,True,next_bar_open_if_replayed,"{'pressure_k': 0.0, 'spread': 0.01999999999999602, 'depth_imb_k': 0.1222992562712719, 'micro_off': 0.0, 'spread_mean_10s': 0.02024999999998158, 'depth_imb_k_mean_10s': -0.10756230591132976, 'depth_imb_k_mean_60s': -0.17067232088008566, 'dist_vwap_bps': None, 'hl_range_pct': None, 'oc_change_pct': None, 'volume_rel_20': None, 'atr_pct': None, 'position_in_range': None, 'rsi': None, 'bb_position': None, 'ret_3': None, 'ret_10': None, 'session_bucket': 1.0}"
2026-04-06|OXY|2026-04-06T11:39:00-04:00|long|12,2026-04-06,OXY,2026-04-06T11:39:00-04:00,long,12,0.3951917886734009,True,next_bar_open_if_replayed,"{'pressure_k': 0.0, 'spread': 0.020000000000003126, 'depth_imb_k': 0.4026195085203162, 'micro_off': 0.007499999999993179, 'spread_mean_10s': 0.018749999999982947, 'depth_imb_k_mean_10s': 0.24926528729066605, 'depth_imb_k_mean_60s': 0.10013496625076843, 'dist_vwap_bps': None, 'hl_range_pct': None, 'oc_change_pct': None, 'volume_rel_20': None, 'atr_pct': None, 'position_in_range': None, 'rsi': None, 'bb_position': None, 'ret_3': None, 'ret_10': None, 'session_bucket': 1.0}"
2026-04-06|OXY|2026-04-06T11:40:00-04:00|long|8,2026-04-06,OXY,2026-04-06T11:40:00-04:00,long,8,0.37804871797561646,True,next_bar_open_if_replayed,"{'pressure_k': 0.0, 'spread': 0.01999999999999602, 'depth_imb_k': 0.01576423283525827, 'micro_off': 0.0, 'spread_mean_10s': 0.02399999999997817, 'depth_imb_k_mean_10s': -0.07170372008930599, 'depth_imb_k_mean_60s': 0.024888348528076316, 'dist_vwap_bps': None, 'hl_range_pct': None, 'oc_change_pct': None, 'volume_rel_20': None, 'atr_pct': None, 'position_in_range': None, 'rsi': None, 'bb_position': None, 'ret_3': None, 'ret_10': None, 'session_bucket': 1.0}"
2026-04-06|OXY|2026-04-06T11:41:00-04:00|long|8,2026-04-06,OXY,2026-04-06T11:41:00-04:00,long,8,0.42623117566108704,True,next_bar_open_if_replayed,"{'pressure_k': 0.0, 'spread': 0.020000000000003126, 'depth_imb_k': -0.23139424040715634, 'micro_off': -0.008000000000002672, 'spread_mean_10s': 0.024999999999977263, 'depth_imb_k_mean_10s': -0.13834205758579116, 'depth_imb_k_mean_60s': -0.06477685027171654, 'dist_vwap_bps': None, 'hl_range_pct': None, 'oc_change_pct': None, 'volume_rel_20': None, 'atr_pct': None, 'position_in_range': None, 'rsi': None, 'bb_position': None, 'ret_3': None, 'ret_10': None, 'session_bucket': 1.0}"
2026-04-06|OXY|2026-04-06T11:42:00-04:00|long|8,2026-04-06,OXY,2026-04-06T11:42:00-04:00,long,8,0.3907744288444519,True,next_bar_open_if_replayed,"{'pressure_k': 0.0, 'spread': 0.03999999999999915, 'depth_imb_k': -0.0006923216206716585, 'micro_off': -0.0015384615384661515, 'spread_mean_10s': 0.01743589743588158, 'depth_imb_k_mean_10s': -0.03767857145782308, 'depth_imb_k_mean_60s': 0.034897569701801065, 'dist_vwap_bps': None, 'hl_range_pct': None, 'oc_change_pct': None, 'volume_rel_20': None, 'atr_pct': None, 'position_in_range': None, 'rsi': None, 'bb_position': None, 'ret_3': None, 'ret_10': None, 'session_bucket': 1.0}"
2026-04-06|OXY|2026-04-06T11:43:00-04:00|long|8,2026-04-06,OXY,2026-04-06T11:43:00-04:00,long,8,0.3836486339569092,True,next_bar_open_if_replayed,"{'pressure_k': 0.0, 'spread': 0.020000000000003126, 'depth_imb_k': -0.08052804015864197, 'micro_off': -0.0033333333333303017, 'spread_mean_10s': 0.01846153846152167, 'depth_imb_k_mean_10s': -0.06823631592821865, 'depth_imb_k_mean_60s': -0.14483015138398275, 'dist_vwap_bps': None, 'hl_range_pct': None, 'oc_change_pct': None, 'volume_rel_20': None, 'atr_pct': None, 'position_in_range': None, 'rsi': None, 'bb_position': None, 'ret_3': None, 'ret_10': None, 'session_bucket': 1.0}"
2026-04-06|OXY|2026-04-06T11:44:00-04:00|long|8,2026-04-06,OXY,2026-04-06T11:44:00-04:00,long,8,0.38919883966445923,True,next_bar_open_if_replayed,"{'pressure_k': 0.0, 'spread': 0.00999999999999801, 'depth_imb_k': -0.034909881999807234, 'micro_off': 7.105427357601002e-15, 'spread_mean_10s': 0.016999999999984538, 'depth_imb_k_mean_10s': 0.014582801594104921, 'depth_imb_k_mean_60s': -0.11167201521192488, 'dist_vwap_bps': None, 'hl_range_pct': None, 'oc_change_pct': None, 'volume_rel_20': None, 'atr_pct': None, 'position_in_range': None, 'rsi': None, 'bb_position': None, 'ret_3': None, 'ret_10': None, 'session_bucket': 1.0}"
2026-04-06|OXY|2026-04-06T11:45:00-04:00|short|12,2026-04-06,OXY,2026-04-06T11:45:00-04:00,short,12,0.41567426919937134,True,next_bar_open_if_replayed,"{'pressure_k': 0.0, 'spread': 0.020000000000003126, 'depth_imb_k': 0.063967602997701, 'micro_off': 0.0, 'spread_mean_10s': 0.028749999999973852, 'depth_imb_k_mean_10s': -0.010663703088167154, 'depth_imb_k_mean_60s': 0.0526276915002951, 'dist_vwap_bps': None, 'hl_range_pct': None, 'oc_change_pct': None, 'volume_rel_20': None, 'atr_pct': None, 'position_in_range': None, 'rsi': None, 'bb_position': None, 'ret_3': None, 'ret_10': None, 'session_bucket': 1.0}"
2026-04-06|OXY|2026-04-06T11:46:00-04:00|long|8,2026-04-06,OXY,2026-04-06T11:46:00-04:00,long,8,0.37775155901908875,True,next_bar_open_if_replayed,"{'pressure_k': 0.0, 'spread': 0.01999999999999602, 'depth_imb_k': 0.4149400218102508, 'micro_off': 0.007142857142859782, 'spread_mean_10s': 0.019249999999982493, 'depth_imb_k_mean_10s': 0.2890805074297219, 'depth_imb_k_mean_60s': 0.12138300177343953, 'dist_vwap_bps': None, 'hl_range_pct': None, 'oc_change_pct': None, 'volume_rel_20': None, 'atr_pct': None, 'position_in_range': None, 'rsi': None, 'bb_position': None, 'ret_3': None, 'ret_10': None, 'session_bucket': 1.0}"
2026-04-06|OXY|2026-04-06T11:47:00-04:00|short|8,2026-04-06,OXY,2026-04-06T11:47:00-04:00,short,8,0.37480488419532776,True,next_bar_open_if_replayed,"{'pressure_k': 0.0, 'spread': 0.00999999999999801, 'depth_imb_k': 0.03805984120504927, 'micro_off': 0.0016666666666651508, 'spread_mean_10s': 0.022999999999979082, 'depth_imb_k_mean_10s': 0.045545841030462955, 'depth_imb_k_mean_60s': 0.11007319017766465, 'dist_vwap_bps': None, 'hl_range_pct': None, 'oc_change_pct': None, 'volume_rel_20': None, 'atr_pct': None, 'position_in_range': None, 'rsi': None, 'bb_position': None, 'ret_3': None, 'ret_10': None, 'session_bucket': 1.0}"
2026-04-06|OXY|2026-04-06T11:48:00-04:00|short|12,2026-04-06,OXY,2026-04-06T11:48:00-04:00,short,12,0.38714244961738586,True,next_bar_open_if_replayed,"{'pressure_k': 0.0, 'spread': 0.030000000000001137, 'depth_imb_k': 0.013564354878922578, 'micro_off': -0.0018749999999982947, 'spread_mean_10s': 0.02199999999997999, 'depth_imb_k_mean_10s': -0.007939913402356068, 'depth_imb_k_mean_60s': 0.006009297803682531, 'dist_vwap_bps': None, 'hl_range_pct': None, 'oc_change_pct': None, 'volume_rel_20': None, 'atr_pct': None, 'position_in_range': None, 'rsi': None, 'bb_position': None, 'ret_3': None, 'ret_10': None, 'session_bucket': 1.0}"
2026-04-06|OXY|2026-04-06T11:49:00-04:00|long|8,2026-04-06,OXY,2026-04-06T11:49:00-04:00,long,8,0.3914130628108978,True,next_bar_open_if_replayed,"{'pressure_k': 0.0, 'spread': 0.020000000000003126, 'depth_imb_k': -0.031635725537897064, 'micro_off': -0.006666666666667709, 'spread_mean_10s': 0.014499999999986812, 'depth_imb_k_mean_10s': 0.029742349465615804, 'depth_imb_k_mean_60s': 0.015493810991678908, 'dist_vwap_bps': None, 'hl_range_pct': None, 'oc_change_pct': None, 'volume_rel_20': None, 'atr_pct': None, 'position_in_range': None, 'rsi': None, 'bb_position': None, 'ret_3': None, 'ret_10': None, 'session_bucket': 1.0}"
2026-04-06|OXY|2026-04-06T11:50:00-04:00|short|12,2026-04-06,OXY,2026-04-06T11:50:00-04:00,short,12,0.41200703382492065,True,next_bar_open_if_replayed,"{'pressure_k': 0.0, 'spread': 0.030000000000001137, 'depth_imb_k': -0.21185405419971437, 'micro_off': 0.00833333333333286, 'spread_mean_10s': 0.015499999999985904, 'depth_imb_k_mean_10s': 0.025023280514886892, 'depth_imb_k_mean_60s': 0.1570795676973412, 'dist_vwap_bps': None, 'hl_range_pct': None, 'oc_change_pct': None, 'volume_rel_20': None, 'atr_pct': None, 'position_in_range': None, 'rsi': None, 'bb_position': None, 'ret_3': None, 'ret_10': None, 'session_bucket': 1.0}"
2026-04-06|OXY|2026-04-06T11:51:00-04:00|long|8,2026-04-06,OXY,2026-04-06T11:51:00-04:00,long,8,0.36681362986564636,True,next_bar_open_if_replayed,"{'pressure_k': 0.0, 'spread': 0.020000000000003126, 'depth_imb_k': -0.22781930216073834, 'micro_off': 0.0, 'spread_mean_10s': 0.01999999999998181, 'depth_imb_k_mean_10s': -0.29432145565511403, 'depth_imb_k_mean_60s': -0.16627439231673416, 'dist_vwap_bps': None, 'hl_range_pct': None, 'oc_change_pct': None, 'volume_rel_20': None, 'atr_pct': None, 'position_in_range': None, 'rsi': None, 'bb_position': None, 'ret_3': None, 'ret_10': None, 'session_bucket': 1.0}"
2026-04-06|OXY|2026-04-06T11:52:00-04:00|long|8,2026-04-06,OXY,2026-04-06T11:52:00-04:00,long,8,0.3370136320590973,True,next_bar_open_if_replayed,"{'pressure_k': 0.0, 'spread': 0.01999999999999602, 'depth_imb_k': -0.11957597199987086, 'micro_off': 0.002727272727270247, 'spread_mean_10s': 0.018999999999982718, 'depth_imb_k_mean_10s': -0.1384928388009655, 'depth_imb_k_mean_60s': -0.18928401301372996, 'dist_vwap_bps': None, 'hl_range_pct': None, 'oc_change_pct': None, 'volume_rel_20': None, 'atr_pct': None, 'position_in_range': None, 'rsi': None, 'bb_position': None, 'ret_3': None, 'ret_10': None, 'session_bucket': 1.0}"
2026-04-06|OXY|2026-04-06T11:53:00-04:00|long|8,2026-04-06,OXY,2026-04-06T11:53:00-04:00,long,8,0.49887457489967346,True,next_bar_open_if_replayed,"{'pressure_k': 0.0, 'spread': 0.020000000000003126, 'depth_imb_k': -0.15981950602378986, 'micro_off': -0.001999999999995339, 'spread_mean_10s': 0.021249999999980673, 'depth_imb_k_mean_10s': -0.16124628592846763, 'depth_imb_k_mean_60s': -0.21647726061931682, 'dist_vwap_bps': None, 'hl_range_pct': None, 'oc_change_pct': None, 'volume_rel_20': None, 'atr_pct': None, 'position_in_range': None, 'rsi': None, 'bb_position': None, 'ret_3': None, 'ret_10': None, 'session_bucket': 1.0}"
2026-04-06|OXY|2026-04-06T11:54:00-04:00|long|12,2026-04-06,OXY,2026-04-06T11:54:00-04:00,long,12,0.3997301161289215,True,next_bar_open_if_replayed,"{'pressure_k': 0.0, 'spread': 0.010000000000005116, 'depth_imb_k': -0.1330306443737914, 'micro_off': 0.0016666666666651508, 'spread_mean_10s': 0.012758620689643568, 'depth_imb_k_mean_10s': -0.1476192183604169, 'depth_imb_k_mean_60s': -0.1666930997460073, 'dist_vwap_bps': None, 'hl_range_pct': None, 'oc_change_pct': None, 'volume_rel_20': None, 'atr_pct': None, 'position_in_range': None, 'rsi': None, 'bb_position': None, 'ret_3': None, 'ret_10': None, 'session_bucket': 1.0}"
2026-04-06|OXY|2026-04-06T11:55:00-04:00|long|8,2026-04-06,OXY,2026-04-06T11:55:00-04:00,long,8,0.3996209502220154,True,next_bar_open_if_replayed,"{'pressure_k': 0.0, 'spread': 0.020000000000003126, 'depth_imb_k': -0.3962227152246346, 'micro_off': -0.003333333333337407, 'spread_mean_10s': 0.018499999999983176, 'depth_imb_k_mean_10s': -0.3380693258542607, 'depth_imb_k_mean_60s': -0.19873512566215606, 'dist_vwap_bps': None, 'hl_range_pct': None, 'oc_change_pct': None, 'volume_rel_20': None, 'atr_pct': None, 'position_in_range': None, 'rsi': None, 'bb_position': None, 'ret_3': None, 'ret_10': None, 'session_bucket': 1.0}"
2026-04-06|OXY|2026-04-06T11:56:00-04:00|short|12,2026-04-06,OXY,2026-04-06T11:56:00-04:00,short,12,0.4068433940410614,True,next_bar_open_if_replayed,"{'pressure_k': 0.0, 'spread': 0.00999999999999801, 'depth_imb_k': -0.22396732683673928, 'micro_off': 0.0016666666666722563, 'spread_mean_10s': 0.017249999999984313, 'depth_imb_k_mean_10s': -0.3498843078164299, 'depth_imb_k_mean_60s': -0.10769574729648125, 'dist_vwap_bps': None, 'hl_range_pct': None, 'oc_change_pct': None, 'volume_rel_20': None, 'atr_pct': None, 'position_in_range': None, 'rsi': None, 'bb_position': None, 'ret_3': None, 'ret_10': None, 'session_bucket': 1.0}"
2026-04-06|OXY|2026-04-06T11:57:00-04:00|long|8,2026-04-06,OXY,2026-04-06T11:57:00-04:00,long,8,0.3577476739883423,True,next_bar_open_if_replayed,"{'pressure_k': 0.0, 'spread': 0.010000000000005116, 'depth_imb_k': -0.2312557271894227, 'micro_off': 0.0016666666666651508, 'spread_mean_10s': 0.012999999999988177, 'depth_imb_k_mean_10s': -0.27551056101256394, 'depth_imb_k_mean_60s': -0.1511036618906292, 'dist_vwap_bps': None, 'hl_range_pct': None, 'oc_change_pct': None, 'volume_rel_20': None, 'atr_pct': None, 'position_in_range': None, 'rsi': None, 'bb_position': None, 'ret_3': None, 'ret_10': None, 'session_bucket': 1.0}"
2026-04-06|OXY|2026-04-06T11:58:00-04:00|long|8,2026-04-06,OXY,2026-04-06T11:58:00-04:00,long,8,0.3784167468547821,True,next_bar_open_if_replayed,"{'pressure_k': 0.0, 'spread': 0.030000000000001137, 'depth_imb_k': -0.000442968494209769, 'micro_off': 0.0, 'spread_mean_10s': 0.013749999999987494, 'depth_imb_k_mean_10s': -0.1409076790940773, 'depth_imb_k_mean_60s': -0.149593276610464, 'dist_vwap_bps': None, 'hl_range_pct': None, 'oc_change_pct': None, 'volume_rel_20': None, 'atr_pct': None, 'position_in_range': None, 'rsi': None, 'bb_position': None, 'ret_3': None, 'ret_10': None, 'session_bucket': 1.0}"
2026-04-06|OXY|2026-04-06T11:59:00-04:00|long|8,2026-04-06,OXY,2026-04-06T11:59:00-04:00,long,8,0.38624393939971924,True,next_bar_open_if_replayed,"{'pressure_k': 0.0, 'spread': 0.01999999999999602, 'depth_imb_k': 0.2598788149139437, 'micro_off': 0.0, 'spread_mean_10s': 0.02774999999997476, 'depth_imb_k_mean_10s': 0.03520506555933593, 'depth_imb_k_mean_60s': 0.016159240035102034, 'dist_vwap_bps': None, 'hl_range_pct': None, 'oc_change_pct': None, 'volume_rel_20': None, 'atr_pct': None, 'position_in_range': None, 'rsi': None, 'bb_position': None, 'ret_3': None, 'ret_10': None, 'session_bucket': 1.0}"
2026-04-06|OXY|2026-04-06T12:00:00-04:00|long|12,2026-04-06,OXY,2026-04-06T12:00:00-04:00,long,12,0.3800875246524811,True,next_bar_open_if_replayed,"{'pressure_k': 0.0, 'spread': 0.01999999999999602, 'depth_imb_k': 0.19956693053139754, 'micro_off': 0.0016666666666651508, 'spread_mean_10s': 0.023249999999978854, 'depth_imb_k_mean_10s': 0.285996956164405, 'depth_imb_k_mean_60s': 0.23458942567638602, 'dist_vwap_bps': None, 'hl_range_pct': None, 'oc_change_pct': None, 'volume_rel_20': None, 'atr_pct': None, 'position_in_range': None, 'rsi': None, 'bb_position': None, 'ret_3': None, 'ret_10': None, 'session_bucket': 1.0}"
2026-04-06|OXY|2026-04-06T12:01:00-04:00|short|12,2026-04-06,OXY,2026-04-06T12:01:00-04:00,short,12,0.3984602391719818,True,next_bar_open_if_replayed,"{'pressure_k': 0.0, 'spread': 0.00999999999999801, 'depth_imb_k': 0.3681428107902481, 'micro_off': 0.0016666666666722563, 'spread_mean_10s': 0.01743589743588158, 'depth_imb_k_mean_10s': 0.01237511856004403, 'depth_imb_k_mean_60s': 0.039128918369923674, 'dist_vwap_bps': None, 'hl_range_pct': None, 'oc_change_pct': None, 'volume_rel_20': None, 'atr_pct': None, 'position_in_range': None, 'rsi': None, 'bb_position': None, 'ret_3': None, 'ret_10': None, 'session_bucket': 1.0}"
2026-04-06|OXY|2026-04-06T12:02:00-04:00|short|12,2026-04-06,OXY,2026-04-06T12:02:00-04:00,short,12,0.34818628430366516,True,next_bar_open_if_replayed,"{'pressure_k': 0.0, 'spread': 0.020000000000003126, 'depth_imb_k': 0.050403629147809915, 'micro_off': 0.0, 'spread_mean_10s': 0.01974999999998204, 'depth_imb_k_mean_10s': 0.06427810784754798, 'depth_imb_k_mean_60s': 0.09647487639878477, 'dist_vwap_bps': None, 'hl_range_pct': None, 'oc_change_pct': None, 'volume_rel_20': None, 'atr_pct': None, 'position_in_range': None, 'rsi': None, 'bb_position': None, 'ret_3': None, 'ret_10': None, 'session_bucket': 1.0}"
2026-04-06|OXY|2026-04-06T12:03:00-04:00|long|8,2026-04-06,OXY,2026-04-06T12:03:00-04:00,long,8,0.3784709870815277,True,next_bar_open_if_replayed,"{'pressure_k': 0.0, 'spread': 0.020000000000003126, 'depth_imb_k': 0.21822559918154483, 'micro_off': 0.0012500000000059686, 'spread_mean_10s': 0.022249999999979765, 'depth_imb_k_mean_10s': 0.20225344915186838, 'depth_imb_k_mean_60s': 0.12610981212293068, 'dist_vwap_bps': None, 'hl_range_pct': None, 'oc_change_pct': None, 'volume_rel_20': None, 'atr_pct': None, 'position_in_range': None, 'rsi': None, 'bb_position': None, 'ret_3': None, 'ret_10': None, 'session_bucket': 1.0}"
2026-04-06|OXY|2026-04-06T12:04:00-04:00|short|12,2026-04-06,OXY,2026-04-06T12:04:00-04:00,short,12,0.38952356576919556,True,next_bar_open_if_replayed,"{'pressure_k': 0.0, 'spread': 0.020000000000003126, 'depth_imb_k': 0.019939289715729957, 'micro_off': 0.0, 'spread_mean_10s': 0.021282051282031925, 'depth_imb_k_mean_10s': -0.03177917271873645, 'depth_imb_k_mean_60s': 0.06086104253249106, 'dist_vwap_bps': None, 'hl_range_pct': None, 'oc_change_pct': None, 'volume_rel_20': None, 'atr_pct': None, 'position_in_range': None, 'rsi': None, 'bb_position': None, 'ret_3': None, 'ret_10': None, 'session_bucket': 1.0}"
2026-04-06|OXY|2026-04-06T12:05:00-04:00|long|12,2026-04-06,OXY,2026-04-06T12:05:00-04:00,long,12,0.3976375460624695,True,next_bar_open_if_replayed,"{'pressure_k': 0.0, 'spread': 0.01999999999999602, 'depth_imb_k': 0.08286947165248644, 'micro_off': 0.007500000000000284, 'spread_mean_10s': 0.023249999999978854, 'depth_imb_k_mean_10s': 0.06965765154854467, 'depth_imb_k_mean_60s': 0.008437840311127362, 'dist_vwap_bps': None, 'hl_range_pct': None, 'oc_change_pct': None, 'volume_rel_20': None, 'atr_pct': None, 'position_in_range': None, 'rsi': None, 'bb_position': None, 'ret_3': None, 'ret_10': None, 'session_bucket': 1.0}"
2026-04-06|OXY|2026-04-06T12:06:00-04:00|long|8,2026-04-06,OXY,2026-04-06T12:06:00-04:00,long,8,0.3555513322353363,True,next_bar_open_if_replayed,"{'pressure_k': 0.0, 'spread': 0.01999999999999602, 'depth_imb_k': 0.03806266616726942, 'micro_off': -0.007777777777775441, 'spread_mean_10s': 0.019249999999982493, 'depth_imb_k_mean_10s': 0.06947884709006188, 'depth_imb_k_mean_60s': 0.07406493129132392, 'dist_vwap_bps': None, 'hl_range_pct': None, 'oc_change_pct': None, 'volume_rel_20': None, 'atr_pct': None, 'position_in_range': None, 'rsi': None, 'bb_position': None, 'ret_3': None, 'ret_10': None, 'session_bucket': 1.0}"
2026-04-06|OXY|2026-04-06T12:07:00-04:00|short|12,2026-04-06,OXY,2026-04-06T12:07:00-04:00,short,12,0.3567361533641815,True,next_bar_open_if_replayed,"{'pressure_k': 0.0, 'spread': 0.030000000000001137, 'depth_imb_k': 0.01908356335004475, 'micro_off': 0.0, 'spread_mean_10s': 0.020499999999981356, 'depth_imb_k_mean_10s': -0.015209139166628916, 'depth_imb_k_mean_60s': 0.04840815855386443, 'dist_vwap_bps': None, 'hl_range_pct': None, 'oc_change_pct': None, 'volume_rel_20': None, 'atr_pct': None, 'position_in_range': None, 'rsi': None, 'bb_position': None, 'ret_3': None, 'ret_10': None, 'session_bucket': 1.0}"
2026-04-06|OXY|2026-04-06T12:08:00-04:00|short|8,2026-04-06,OXY,2026-04-06T12:08:00-04:00,short,8,0.3492385745048523,True,next_bar_open_if_replayed,"{'pressure_k': 0.0, 'spread': 0.020000000000003126, 'depth_imb_k': 0.060194240481998784, 'micro_off': 0.0026315789473656537, 'spread_mean_10s': 0.02199999999997999, 'depth_imb_k_mean_10s': -0.02666731341552122, 'depth_imb_k_mean_60s': 0.07749621190875368, 'dist_vwap_bps': None, 'hl_range_pct': None, 'oc_change_pct': None, 'volume_rel_20': None, 'atr_pct': None, 'position_in_range': None, 'rsi': None, 'bb_position': None, 'ret_3': None, 'ret_10': None, 'session_bucket': 1.0}"
2026-04-06|OXY|2026-04-06T12:09:00-04:00|short|12,2026-04-06,OXY,2026-04-06T12:09:00-04:00,short,12,0.3689977824687958,True,next_bar_open_if_replayed,"{'pressure_k': 0.0, 'spread': 0.01999999999999602, 'depth_imb_k': -0.036168823950266084, 'micro_off': 0.0, 'spread_mean_10s': 0.019249999999982493, 'depth_imb_k_mean_10s': -0.02299410965053994, 'depth_imb_k_mean_60s': -0.007574887456097567, 'dist_vwap_bps': None, 'hl_range_pct': None, 'oc_change_pct': None, 'volume_rel_20': None, 'atr_pct': None, 'position_in_range': None, 'rsi': None, 'bb_position': None, 'ret_3': None, 'ret_10': None, 'session_bucket': 1.0}"
2026-04-06|OXY|2026-04-06T12:10:00-04:00|short|12,2026-04-06,OXY,2026-04-06T12:10:00-04:00,short,12,0.374593049287796,True,next_bar_open_if_replayed,"{'pressure_k': 0.0, 'spread': 0.01999999999999602, 'depth_imb_k': 0.1465982474219544, 'micro_off': 0.0, 'spread_mean_10s': 0.024999999999977263, 'depth_imb_k_mean_10s': 0.04666509472243376, 'depth_imb_k_mean_60s': 0.09490233222675466, 'dist_vwap_bps': None, 'hl_range_pct': None, 'oc_change_pct': None, 'volume_rel_20': None, 'atr_pct': None, 'position_in_range': None, 'rsi': None, 'bb_position': None, 'ret_3': None, 'ret_10': None, 'session_bucket': 1.0}"
2026-04-06|OXY|2026-04-06T12:11:00-04:00|long|8,2026-04-06,OXY,2026-04-06T12:11:00-04:00,long,8,0.3867813050746918,True,next_bar_open_if_replayed,"{'pressure_k': 0.0, 'spread': 0.00999999999999801, 'depth_imb_k': 0.1996360792325741, 'micro_off': -0.0035714285714263383, 'spread_mean_10s': 0.014749999999986585, 'depth_imb_k_mean_10s': 0.0032399026814175615, 'depth_imb_k_mean_60s': 0.08032584889644495, 'dist_vwap_bps': None, 'hl_range_pct': None, 'oc_change_pct': None, 'volume_rel_20': None, 'atr_pct': None, 'position_in_range': None, 'rsi': None, 'bb_position': None, 'ret_3': None, 'ret_10': None, 'session_bucket': 1.0}"
2026-04-06|OXY|2026-04-06T12:12:00-04:00|short|8,2026-04-06,OXY,2026-04-06T12:12:00-04:00,short,8,0.3844399154186249,True,next_bar_open_if_replayed,"{'pressure_k': 0.0, 'spread': 0.00999999999999801, 'depth_imb_k': -0.07196104672684302, 'micro_off': 0.0025000000000048317, 'spread_mean_10s': 0.013999999999987267, 'depth_imb_k_mean_10s': -0.1140219322458222, 'depth_imb_k_mean_60s': -0.023730887398852738, 'dist_vwap_bps': None, 'hl_range_pct': None, 'oc_change_pct': None, 'volume_rel_20': None, 'atr_pct': None, 'position_in_range': None, 'rsi': None, 'bb_position': None, 'ret_3': None, 'ret_10': None, 'session_bucket': 1.0}"
2026-04-06|OXY|2026-04-06T12:13:00-04:00|long|8,2026-04-06,OXY,2026-04-06T12:13:00-04:00,long,8,0.3596920967102051,True,next_bar_open_if_replayed,"{'pressure_k': 0.0, 'spread': 0.00999999999999801, 'depth_imb_k': -0.1216775712341779, 'micro_off': -0.002272727272732311, 'spread_mean_10s': 0.0182499999999834, 'depth_imb_k_mean_10s': -0.011206980739052597, 'depth_imb_k_mean_60s': -0.01624836431398296, 'dist_vwap_bps': None, 'hl_range_pct': None, 'oc_change_pct': None, 'volume_rel_20': None, 'atr_pct': None, 'position_in_range': None, 'rsi': None, 'bb_position': None, 'ret_3': None, 'ret_10': None, 'session_bucket': 1.0}"
2026-04-06|OXY|2026-04-06T12:14:00-04:00|short|8,2026-04-06,OXY,2026-04-06T12:14:00-04:00,short,8,0.3916090428829193,True,next_bar_open_if_replayed,"{'pressure_k': 0.0, 'spread': 0.030000000000001137, 'depth_imb_k': -0.015996426695724306, 'micro_off': 0.0, 'spread_mean_10s': 0.026499999999975897, 'depth_imb_k_mean_10s': 0.04461195848574846, 'depth_imb_k_mean_60s': 0.04313152577254122, 'dist_vwap_bps': None, 'hl_range_pct': None, 'oc_change_pct': None, 'volume_rel_20': None, 'atr_pct': None, 'position_in_range': None, 'rsi': None, 'bb_position': None, 'ret_3': None, 'ret_10': None, 'session_bucket': 1.0}"
2026-04-06|OXY|2026-04-06T12:15:00-04:00|short|12,2026-04-06,OXY,2026-04-06T12:15:00-04:00,short,12,0.3939518630504608,True,next_bar_open_if_replayed,"{'pressure_k': 0.0, 'spread': 0.020000000000003126, 'depth_imb_k': -0.4671629140085781, 'micro_off': -0.007999999999995566, 'spread_mean_10s': 0.02174999999998022, 'depth_imb_k_mean_10s': -0.2513876344264503, 'depth_imb_k_mean_60s': -0.11454983319519, 'dist_vwap_bps': None, 'hl_range_pct': None, 'oc_change_pct': None, 'volume_rel_20': None, 'atr_pct': None, 'position_in_range': None, 'rsi': None, 'bb_position': None, 'ret_3': None, 'ret_10': None, 'session_bucket': 1.0}"
2026-04-06|OXY|2026-04-06T12:16:00-04:00|long|8,2026-04-06,OXY,2026-04-06T12:16:00-04:00,long,8,0.36165502667427063,True,next_bar_open_if_replayed,"{'pressure_k': 0.0, 'spread': 0.020000000000003126, 'depth_imb_k': -0.21188601492148712, 'micro_off': 0.0020000000000024443, 'spread_mean_10s': 0.023249999999978854, 'depth_imb_k_mean_10s': -0.22568183570396344, 'depth_imb_k_mean_60s': -0.19216343656212198, 'dist_vwap_bps': None, 'hl_range_pct': None, 'oc_change_pct': None, 'volume_rel_20': None, 'atr_pct': None, 'position_in_range': None, 'rsi': None, 'bb_position': None, 'ret_3': None, 'ret_10': None, 'session_bucket': 1.0}"
2026-04-06|OXY|2026-04-06T12:17:00-04:00|short|12,2026-04-06,OXY,2026-04-06T12:17:00-04:00,short,12,0.3842081129550934,True,next_bar_open_if_replayed,"{'pressure_k': 0.0, 'spread': 0.00999999999999801, 'depth_imb_k': 0.037956979023209735, 'micro_off': 0.0, 'spread_mean_10s': 0.020499999999981356, 'depth_imb_k_mean_10s': 0.002912385640570392, 'depth_imb_k_mean_60s': -0.031287902306597545, 'dist_vwap_bps': None, 'hl_range_pct': None, 'oc_change_pct': None, 'volume_rel_20': None, 'atr_pct': None, 'position_in_range': None, 'rsi': None, 'bb_position': None, 'ret_3': None, 'ret_10': None, 'session_bucket': 1.0}"
2026-04-06|OXY|2026-04-06T12:18:00-04:00|short|8,2026-04-06,OXY,2026-04-06T12:18:00-04:00,short,8,0.37839001417160034,True,next_bar_open_if_replayed,"{'pressure_k': 0.0, 'spread': 0.030000000000001137, 'depth_imb_k': -0.2993501918879906, 'micro_off': 0.0, 'spread_mean_10s': 0.03324999999996976, 'depth_imb_k_mean_10s': -0.2340171528135329, 'depth_imb_k_mean_60s': -0.1341296109645541, 'dist_vwap_bps': None, 'hl_range_pct': None, 'oc_change_pct': None, 'volume_rel_20': None, 'atr_pct': None, 'position_in_range': None, 'rsi': None, 'bb_position': None, 'ret_3': None, 'ret_10': None, 'session_bucket': 1.0}"
2026-04-06|OXY|2026-04-06T12:19:00-04:00|long|8,2026-04-06,OXY,2026-04-06T12:19:00-04:00,long,8,0.38542911410331726,True,next_bar_open_if_replayed,"{'pressure_k': 0.0, 'spread': 0.00999999999999801, 'depth_imb_k': -0.3416649483569835, 'micro_off': -0.0037499999999965894, 'spread_mean_10s': 0.01677419354837184, 'depth_imb_k_mean_10s': -0.3468031402206733, 'depth_imb_k_mean_60s': -0.31056535561687704, 'dist_vwap_bps': None, 'hl_range_pct': None, 'oc_change_pct': None, 'volume_rel_20': None, 'atr_pct': None, 'position_in_range': None, 'rsi': None, 'bb_position': None, 'ret_3': None, 'ret_10': None, 'session_bucket': 1.0}"
2026-04-06|OXY|2026-04-06T12:20:00-04:00|short|12,2026-04-06,OXY,2026-04-06T12:20:00-04:00,short,12,0.3909785747528076,True,next_bar_open_if_replayed,"{'pressure_k': 0.0, 'spread': 0.00999999999999801, 'depth_imb_k': -0.3710147831906069, 'micro_off': 0.0016666666666651508, 'spread_mean_10s': 0.013249999999987949, 'depth_imb_k_mean_10s': -0.3056961339599624, 'depth_imb_k_mean_60s': -0.32204309510041446, 'dist_vwap_bps': None, 'hl_range_pct': None, 'oc_change_pct': None, 'volume_rel_20': None, 'atr_pct': None, 'position_in_range': None, 'rsi': None, 'bb_position': None, 'ret_3': None, 'ret_10': None, 'session_bucket': 1.0}"
2026-04-06|OXY|2026-04-06T12:21:00-04:00|long|8,2026-04-06,OXY,2026-04-06T12:21:00-04:00,long,8,0.38307490944862366,True,next_bar_open_if_replayed,"{'pressure_k': 0.0, 'spread': 0.030000000000001137, 'depth_imb_k': -0.09526317025151516, 'micro_off': 0.009000000000000341, 'spread_mean_10s': 0.024249999999977945, 'depth_imb_k_mean_10s': -0.17260935761829616, 'depth_imb_k_mean_60s': -0.26942323569627086, 'dist_vwap_bps': None, 'hl_range_pct': None, 'oc_change_pct': None, 'volume_rel_20': None, 'atr_pct': None, 'position_in_range': None, 'rsi': None, 'bb_position': None, 'ret_3': None, 'ret_10': None, 'session_bucket': 1.0}"
2026-04-06|OXY|2026-04-06T12:22:00-04:00|long|8,2026-04-06,OXY,2026-04-06T12:22:00-04:00,long,8,0.3576540946960449,True,next_bar_open_if_replayed,"{'pressure_k': 0.0, 'spread': 0.020000000000003126, 'depth_imb_k': -0.36628047027375654, 'micro_off': 0.0020000000000024443, 'spread_mean_10s': 0.016499999999984992, 'depth_imb_k_mean_10s': -0.39471375732328795, 'depth_imb_k_mean_60s': -0.26934148057182744, 'dist_vwap_bps': None, 'hl_range_pct': None, 'oc_change_pct': None, 'volume_rel_20': None, 'atr_pct': None, 'position_in_range': None, 'rsi': None, 'bb_position': None, 'ret_3': None, 'ret_10': None, 'session_bucket': 1.0}"
2026-04-06|OXY|2026-04-06T12:23:00-04:00|long|8,2026-04-06,OXY,2026-04-06T12:23:00-04:00,long,8,0.3330429494380951,True,next_bar_open_if_replayed,"{'pressure_k': 0.0, 'spread': 0.020000000000003126, 'depth_imb_k': 0.07653054976098236, 'micro_off': 0.0, 'spread_mean_10s': 0.019499999999982264, 'depth_imb_k_mean_10s': 0.10249250040843094, 'depth_imb_k_mean_60s': -0.18576955521087782, 'dist_vwap_bps': None, 'hl_range_pct': None, 'oc_change_pct': None, 'volume_rel_20': None, 'atr_pct': None, 'position_in_range': None, 'rsi': None, 'bb_position': None, 'ret_3': None, 'ret_10': None, 'session_bucket': 1.0}"
2026-04-06|OXY|2026-04-06T12:24:00-04:00|long|12,2026-04-06,OXY,2026-04-06T12:24:00-04:00,long,12,0.3810026943683624,True,next_bar_open_if_replayed,"{'pressure_k': 0.0, 'spread': 0.020000000000003126, 'depth_imb_k': 0.0661534280545907, 'micro_off': 0.0012500000000059686, 'spread_mean_10s': 0.02174999999998022, 'depth_imb_k_mean_10s': 0.12062799009355558, 'depth_imb_k_mean_60s': 0.16289993155933213, 'dist_vwap_bps': None, 'hl_range_pct': None, 'oc_change_pct': None, 'volume_rel_20': None, 'atr_pct': None, 'position_in_range': None, 'rsi': None, 'bb_position': None, 'ret_3': None, 'ret_10': None, 'session_bucket': 1.0}"
2026-04-06|OXY|2026-04-06T12:25:00-04:00|long|8,2026-04-06,OXY,2026-04-06T12:25:00-04:00,long,8,0.36470890045166016,True,next_bar_open_if_replayed,"{'pressure_k': 0.0, 'spread': 0.020000000000003126, 'depth_imb_k': 0.0231599544195412, 'micro_off': 0.0, 'spread_mean_10s': 0.019499999999982264, 'depth_imb_k_mean_10s': -0.010021420122475888, 'depth_imb_k_mean_60s': -0.08739629568178504, 'dist_vwap_bps': None, 'hl_range_pct': None, 'oc_change_pct': None, 'volume_rel_20': None, 'atr_pct': None, 'position_in_range': None, 'rsi': None, 'bb_position': None, 'ret_3': None, 'ret_10': None, 'session_bucket': 1.0}"
2026-04-06|OXY|2026-04-06T12:26:00-04:00|long|8,2026-04-06,OXY,2026-04-06T12:26:00-04:00,long,8,0.3649100661277771,True,next_bar_open_if_replayed,"{'pressure_k': 0.0, 'spread': 0.01999999999999602, 'depth_imb_k': 0.028110769529284072, 'micro_off': 0.007142857142859782, 'spread_mean_10s': 0.01599999999998545, 'depth_imb_k_mean_10s': 0.029007090107441513, 'depth_imb_k_mean_60s': -0.005749777641565288, 'dist_vwap_bps': None, 'hl_range_pct': None, 'oc_change_pct': None, 'volume_rel_20': None, 'atr_pct': None, 'position_in_range': None, 'rsi': None, 'bb_position': None, 'ret_3': None, 'ret_10': None, 'session_bucket': 1.0}"
2026-04-06|OXY|2026-04-06T12:27:00-04:00|long|8,2026-04-06,OXY,2026-04-06T12:27:00-04:00,long,8,0.3570435345172882,True,next_bar_open_if_replayed,"{'pressure_k': 0.0, 'spread': 0.00999999999999801, 'depth_imb_k': -0.0003915089874975262, 'micro_off': 0.0, 'spread_mean_10s': 0.018749999999982947, 'depth_imb_k_mean_10s': -0.01967917909427328, 'depth_imb_k_mean_60s': -0.10968203097761998, 'dist_vwap_bps': None, 'hl_range_pct': None, 'oc_change_pct': None, 'volume_rel_20': None, 'atr_pct': None, 'position_in_range': None, 'rsi': None, 'bb_position': None, 'ret_3': None, 'ret_10': None, 'session_bucket': 1.0}"
2026-04-06|OXY|2026-04-06T12:28:00-04:00|long|8,2026-04-06,OXY,2026-04-06T12:28:00-04:00,long,8,0.3850884437561035,True,next_bar_open_if_replayed,"{'pressure_k': 0.0, 'spread': 0.00999999999999801, 'depth_imb_k': -0.04156778921654162, 'micro_off': 0.0035714285714263383, 'spread_mean_10s': 0.011499999999989541, 'depth_imb_k_mean_10s': -0.08793651290579305, 'depth_imb_k_mean_60s': -0.049693017905767904, 'dist_vwap_bps': None, 'hl_range_pct': None, 'oc_change_pct': None, 'volume_rel_20': None, 'atr_pct': None, 'position_in_range': None, 'rsi': None, 'bb_position': None, 'ret_3': None, 'ret_10': None, 'session_bucket': 1.0}"
2026-04-06|OXY|2026-04-06T12:29:00-04:00|long|8,2026-04-06,OXY,2026-04-06T12:29:00-04:00,long,8,0.3822035491466522,True,next_bar_open_if_replayed,"{'pressure_k': 0.0, 'spread': 0.00999999999999801, 'depth_imb_k': -0.09828985135728241, 'micro_off': -0.0030000000000001137, 'spread_mean_10s': 0.010499999999990451, 'depth_imb_k_mean_10s': -0.12337203037204177, 'depth_imb_k_mean_60s': -0.06019940776073417, 'dist_vwap_bps': None, 'hl_range_pct': None, 'oc_change_pct': None, 'volume_rel_20': None, 'atr_pct': None, 'position_in_range': None, 'rsi': None, 'bb_position': None, 'ret_3': None, 'ret_10': None, 'session_bucket': 1.0}"
2026-04-06|OXY|2026-04-06T12:30:00-04:00|short|12,2026-04-06,OXY,2026-04-06T12:30:00-04:00,short,12,0.379861444234848,True,next_bar_open_if_replayed,"{'pressure_k': 0.0, 'spread': 0.020000000000003126, 'depth_imb_k': -0.31350349176945796, 'micro_off': 0.0033333333333303017, 'spread_mean_10s': 0.014999999999986358, 'depth_imb_k_mean_10s': -0.23912641225573025, 'depth_imb_k_mean_60s': -0.1403278324000123, 'dist_vwap_bps': None, 'hl_range_pct': None, 'oc_change_pct': None, 'volume_rel_20': None, 'atr_pct': None, 'position_in_range': None, 'rsi': None, 'bb_position': None, 'ret_3': None, 'ret_10': None, 'session_bucket': 1.0}"
2026-04-06|OXY|2026-04-06T12:31:00-04:00|long|12,2026-04-06,OXY,2026-04-06T12:31:00-04:00,long,12,0.3770197629928589,True,next_bar_open_if_replayed,"{'pressure_k': 0.0, 'spread': 0.010000000000005116, 'depth_imb_k': 0.23025251287080167, 'micro_off': 0.0035714285714263383, 'spread_mean_10s': 0.012131147540972574, 'depth_imb_k_mean_10s': 0.09795690905660849, 'depth_imb_k_mean_60s': -0.04448535634306869, 'dist_vwap_bps': None, 'hl_range_pct': None, 'oc_change_pct': None, 'volume_rel_20': None, 'atr_pct': None, 'position_in_range': None, 'rsi': None, 'bb_position': None, 'ret_3': None, 'ret_10': None, 'session_bucket': 2.0}"
2026-04-06|OXY|2026-04-06T12:32:00-04:00|long|8,2026-04-06,OXY,2026-04-06T12:32:00-04:00,long,8,0.3698137402534485,True,next_bar_open_if_replayed,"{'pressure_k': 0.0, 'spread': 0.010000000000005116, 'depth_imb_k': 0.25753299299268423, 'micro_off': 0.0024999999999977263, 'spread_mean_10s': 0.011499999999989541, 'depth_imb_k_mean_10s': 0.27295749528361596, 'depth_imb_k_mean_60s': 0.2023210564683022, 'dist_vwap_bps': None, 'hl_range_pct': None, 'oc_change_pct': None, 'volume_rel_20': None, 'atr_pct': None, 'position_in_range': None, 'rsi': None, 'bb_position': None, 'ret_3': None, 'ret_10': None, 'session_bucket': 2.0}"
2026-04-06|OXY|2026-04-06T12:33:00-04:00|long|8,2026-04-06,OXY,2026-04-06T12:33:00-04:00,long,8,0.40316006541252136,True,next_bar_open_if_replayed,"{'pressure_k': 0.0, 'spread': 0.01999999999999602, 'depth_imb_k': -0.17855794804214403, 'micro_off': -0.007500000000000284, 'spread_mean_10s': 0.02549999999997681, 'depth_imb_k_mean_10s': -0.16264795520631453, 'depth_imb_k_mean_60s': 0.124131877731328, 'dist_vwap_bps': None, 'hl_range_pct': None, 'oc_change_pct': None, 'volume_rel_20': None, 'atr_pct': None, 'position_in_range': None, 'rsi': None, 'bb_position': None, 'ret_3': None, 'ret_10': None, 'session_bucket': 2.0}"
2026-04-06|OXY|2026-04-06T12:34:00-04:00|long|8,2026-04-06,OXY,2026-04-06T12:34:00-04:00,long,8,0.4042470157146454,True,next_bar_open_if_replayed,"{'pressure_k': 0.0, 'spread': 0.01999999999999602, 'depth_imb_k': 0.12773592042445742, 'micro_off': 0.0, 'spread_mean_10s': 0.019499999999982264, 'depth_imb_k_mean_10s': 0.06211089405731514, 'depth_imb_k_mean_60s': -0.035581358626022, 'dist_vwap_bps': None, 'hl_range_pct': None, 'oc_change_pct': None, 'volume_rel_20': None, 'atr_pct': None, 'position_in_range': None, 'rsi': None, 'bb_position': None, 'ret_3': None, 'ret_10': None, 'session_bucket': 2.0}"
2026-04-06|OXY|2026-04-06T12:35:00-04:00|long|12,2026-04-06,OXY,2026-04-06T12:35:00-04:00,long,12,0.3918004631996155,True,next_bar_open_if_replayed,"{'pressure_k': 0.0, 'spread': 0.020000000000003126, 'depth_imb_k': 0.2598314453376662, 'micro_off': 0.001999999999995339, 'spread_mean_10s': 0.01624999999998522, 'depth_imb_k_mean_10s': 0.22965911289067123, 'depth_imb_k_mean_60s': 0.17014050864030575, 'dist_vwap_bps': None, 'hl_range_pct': None, 'oc_change_pct': None, 'volume_rel_20': None, 'atr_pct': None, 'position_in_range': None, 'rsi': None, 'bb_position': None, 'ret_3': None, 'ret_10': None, 'session_bucket': 2.0}"
2026-04-06|OXY|2026-04-06T12:36:00-04:00|short|12,2026-04-06,OXY,2026-04-06T12:36:00-04:00,short,12,0.37481889128685,True,next_bar_open_if_replayed,"{'pressure_k': 0.0, 'spread': 0.020000000000003126, 'depth_imb_k': 0.11065628239547061, 'micro_off': -0.0014285714285762197, 'spread_mean_10s': 0.018749999999982947, 'depth_imb_k_mean_10s': 0.0886449802088876, 'depth_imb_k_mean_60s': 0.13505466576349875, 'dist_vwap_bps': None, 'hl_range_pct': None, 'oc_change_pct': None, 'volume_rel_20': None, 'atr_pct': None, 'position_in_range': None, 'rsi': None, 'bb_position': None, 'ret_3': None, 'ret_10': None, 'session_bucket': 2.0}"
2026-04-06|OXY|2026-04-06T12:37:00-04:00|long|8,2026-04-06,OXY,2026-04-06T12:37:00-04:00,long,8,0.3937849998474121,True,next_bar_open_if_replayed,"{'pressure_k': 0.0, 'spread': 0.00999999999999801, 'depth_imb_k': -0.0837615462580608, 'micro_off': -0.0035714285714263383, 'spread_mean_10s': 0.02076923076921188, 'depth_imb_k_mean_10s': 0.024993540174686284, 'depth_imb_k_mean_60s': 0.052690230229253364, 'dist_vwap_bps': None, 'hl_range_pct': None, 'oc_change_pct': None, 'volume_rel_20': None, 'atr_pct': None, 'position_in_range': None, 'rsi': None, 'bb_position': None, 'ret_3': None, 'ret_10': None, 'session_bucket': 2.0}"
2026-04-06|OXY|2026-04-06T12:38:00-04:00|short|12,2026-04-06,OXY,2026-04-06T12:38:00-04:00,short,12,0.37657853960990906,True,next_bar_open_if_replayed,"{'pressure_k': 0.0, 'spread': 0.030000000000001137, 'depth_imb_k': -0.2826159779074138, 'micro_off': -0.005000000000002558, 'spread_mean_10s': 0.02199999999997999, 'depth_imb_k_mean_10s': -0.0628611056963777, 'depth_imb_k_mean_60s': -0.031693134321064936, 'dist_vwap_bps': None, 'hl_range_pct': None, 'oc_change_pct': None, 'volume_rel_20': None, 'atr_pct': None, 'position_in_range': None, 'rsi': None, 'bb_position': None, 'ret_3': None, 'ret_10': None, 'session_bucket': 2.0}"
2026-04-06|OXY|2026-04-06T12:39:00-04:00|long|12,2026-04-06,OXY,2026-04-06T12:39:00-04:00,long,12,0.37900927662849426,True,next_bar_open_if_replayed,"{'pressure_k': 0.0, 'spread': 0.01999999999999602, 'depth_imb_k': 0.14227677453145993, 'micro_off': -0.0033333333333303017, 'spread_mean_10s': 0.020999999999980902, 'depth_imb_k_mean_10s': -0.01618284880937466, 'depth_imb_k_mean_60s': -0.18348878286067205, 'dist_vwap_bps': None, 'hl_range_pct': None, 'oc_change_pct': None, 'volume_rel_20': None, 'atr_pct': None, 'position_in_range': None, 'rsi': None, 'bb_position': None, 'ret_3': None, 'ret_10': None, 'session_bucket': 2.0}"
2026-04-06|OXY|2026-04-06T12:40:00-04:00|short|12,2026-04-06,OXY,2026-04-06T12:40:00-04:00,short,12,0.39907342195510864,True,next_bar_open_if_replayed,"{'pressure_k': 0.0, 'spread': 0.020000000000003126, 'depth_imb_k': -0.4448149442112851, 'micro_off': 0.0, 'spread_mean_10s': 0.02174999999998022, 'depth_imb_k_mean_10s': -0.2806052171804204, 'depth_imb_k_mean_60s': -0.2503811541108466, 'dist_vwap_bps': None, 'hl_range_pct': None, 'oc_change_pct': None, 'volume_rel_20': None, 'atr_pct': None, 'position_in_range': None, 'rsi': None, 'bb_position': None, 'ret_3': None, 'ret_10': None, 'session_bucket': 2.0}"
2026-04-06|OXY|2026-04-06T12:41:00-04:00|long|12,2026-04-06,OXY,2026-04-06T12:41:00-04:00,long,12,0.37274524569511414,True,next_bar_open_if_replayed,"{'pressure_k': 0.0, 'spread': 0.020000000000003126, 'depth_imb_k': -0.08234496073469175, 'micro_off': 0.0, 'spread_mean_10s': 0.017749999999983855, 'depth_imb_k_mean_10s': -0.06413288591253803, 'depth_imb_k_mean_60s': -0.27475734936077606, 'dist_vwap_bps': None, 'hl_range_pct': None, 'oc_change_pct': None, 'volume_rel_20': None, 'atr_pct': None, 'position_in_range': None, 'rsi': None, 'bb_position': None, 'ret_3': None, 'ret_10': None, 'session_bucket': 2.0}"
2026-04-06|OXY|2026-04-06T12:42:00-04:00|long|8,2026-04-06,OXY,2026-04-06T12:42:00-04:00,long,8,0.3495214879512787,True,next_bar_open_if_replayed,"{'pressure_k': 0.0, 'spread': 0.020000000000003126, 'depth_imb_k': -0.20735984193628057, 'micro_off': -0.004285714285714448, 'spread_mean_10s': 0.026499999999975897, 'depth_imb_k_mean_10s': -0.12720786971661227, 'depth_imb_k_mean_60s': -0.15233868518418614, 'dist_vwap_bps': None, 'hl_range_pct': None, 'oc_change_pct': None, 'volume_rel_20': None, 'atr_pct': None, 'position_in_range': None, 'rsi': None, 'bb_position': None, 'ret_3': None, 'ret_10': None, 'session_bucket': 2.0}"
2026-04-06|OXY|2026-04-06T12:43:00-04:00|long|12,2026-04-06,OXY,2026-04-06T12:43:00-04:00,long,12,0.33317989110946655,True,next_bar_open_if_replayed,"{'pressure_k': 0.0, 'spread': 0.01999999999999602, 'depth_imb_k': -0.238600072765493, 'micro_off': 0.0, 'spread_mean_10s': 0.017249999999984313, 'depth_imb_k_mean_10s': -0.3065498480931758, 'depth_imb_k_mean_60s': -0.2518190180852222, 'dist_vwap_bps': None, 'hl_range_pct': None, 'oc_change_pct': None, 'volume_rel_20': None, 'atr_pct': None, 'position_in_range': None, 'rsi': None, 'bb_position': None, 'ret_3': None, 'ret_10': None, 'session_bucket': 2.0}"
2026-04-06|OXY|2026-04-06T12:44:00-04:00|long|8,2026-04-06,OXY,2026-04-06T12:44:00-04:00,long,8,0.36841216683387756,True,next_bar_open_if_replayed,"{'pressure_k': 0.0, 'spread': 0.00999999999999801, 'depth_imb_k': -0.4205770388082002, 'micro_off': -0.0028571428571382285, 'spread_mean_10s': 0.010465116279060249, 'depth_imb_k_mean_10s': -0.4482039018874074, 'depth_imb_k_mean_60s': -0.3698583171001796, 'dist_vwap_bps': None, 'hl_range_pct': None, 'oc_change_pct': None, 'volume_rel_20': None, 'atr_pct': None, 'position_in_range': None, 'rsi': None, 'bb_position': None, 'ret_3': None, 'ret_10': None, 'session_bucket': 2.0}"
2026-04-06|OXY|2026-04-06T12:45:00-04:00|long|12,2026-04-06,OXY,2026-04-06T12:45:00-04:00,long,12,0.408420205116272,True,next_bar_open_if_replayed,"{'pressure_k': 0.0, 'spread': 0.01999999999999602, 'depth_imb_k': -0.013661117419424227, 'micro_off': 0.005000000000002558, 'spread_mean_10s': 0.01599999999998545, 'depth_imb_k_mean_10s': 0.30569835376259497, 'depth_imb_k_mean_60s': -0.027944701066022547, 'dist_vwap_bps': None, 'hl_range_pct': None, 'oc_change_pct': None, 'volume_rel_20': None, 'atr_pct': None, 'position_in_range': None, 'rsi': None, 'bb_position': None, 'ret_3': None, 'ret_10': None, 'session_bucket': 2.0}"
2026-04-06|OXY|2026-04-06T12:46:00-04:00|long|8,2026-04-06,OXY,2026-04-06T12:46:00-04:00,long,8,0.34503209590911865,True,next_bar_open_if_replayed,"{'pressure_k': 0.0, 'spread': 0.00999999999999801, 'depth_imb_k': -0.28284173495542925, 'micro_off': -0.0007142857142881098, 'spread_mean_10s': 0.010499999999990451, 'depth_imb_k_mean_10s': -0.26747800924534315, 'depth_imb_k_mean_60s': -0.28766378889854577, 'dist_vwap_bps': None, 'hl_range_pct': None, 'oc_change_pct': None, 'volume_rel_20': None, 'atr_pct': None, 'position_in_range': None, 'rsi': None, 'bb_position': None, 'ret_3': None, 'ret_10': None, 'session_bucket': 2.0}"
2026-04-06|OXY|2026-04-06T12:47:00-04:00|long|8,2026-04-06,OXY,2026-04-06T12:47:00-04:00,long,8,0.38216453790664673,True,next_bar_open_if_replayed,"{'pressure_k': 0.0, 'spread': 0.020000000000003126, 'depth_imb_k': -0.22077754024246574, 'micro_off': -0.0042857142857215536, 'spread_mean_10s': 0.01999999999998181, 'depth_imb_k_mean_10s': -0.18524250995805988, 'depth_imb_k_mean_60s': -0.282384472822111, 'dist_vwap_bps': None, 'hl_range_pct': None, 'oc_change_pct': None, 'volume_rel_20': None, 'atr_pct': None, 'position_in_range': None, 'rsi': None, 'bb_position': None, 'ret_3': None, 'ret_10': None, 'session_bucket': 2.0}"
2026-04-06|OXY|2026-04-06T12:48:00-04:00|long|8,2026-04-06,OXY,2026-04-06T12:48:00-04:00,long,8,0.374725878238678,True,next_bar_open_if_replayed,"{'pressure_k': 0.0, 'spread': 0.030000000000001137, 'depth_imb_k': -0.0007137999720267579, 'micro_off': 0.0, 'spread_mean_10s': 0.026499999999975897, 'depth_imb_k_mean_10s': 0.02879347093968789, 'depth_imb_k_mean_60s': -0.12140652758576025, 'dist_vwap_bps': None, 'hl_range_pct': None, 'oc_change_pct': None, 'volume_rel_20': None, 'atr_pct': None, 'position_in_range': None, 'rsi': None, 'bb_position': None, 'ret_3': None, 'ret_10': None, 'session_bucket': 2.0}"
2026-04-06|OXY|2026-04-06T12:49:00-04:00|long|8,2026-04-06,OXY,2026-04-06T12:49:00-04:00,long,8,0.38145607709884644,True,next_bar_open_if_replayed,"{'pressure_k': 0.0, 'spread': 0.030000000000001137, 'depth_imb_k': -0.01625141991669822, 'micro_off': 0.009000000000000341, 'spread_mean_10s': 0.022195121951199326, 'depth_imb_k_mean_10s': -0.10154545443902992, 'depth_imb_k_mean_60s': -0.04694021743569117, 'dist_vwap_bps': None, 'hl_range_pct': None, 'oc_change_pct': None, 'volume_rel_20': None, 'atr_pct': None, 'position_in_range': None, 'rsi': None, 'bb_position': None, 'ret_3': None, 'ret_10': None, 'session_bucket': 2.0}"
2026-04-06|OXY|2026-04-06T12:50:00-04:00|short|12,2026-04-06,OXY,2026-04-06T12:50:00-04:00,short,12,0.38182002305984497,True,next_bar_open_if_replayed,"{'pressure_k': 0.0, 'spread': 0.030000000000001137, 'depth_imb_k': -0.40789963882211305, 'micro_off': 0.0, 'spread_mean_10s': 0.019249999999982493, 'depth_imb_k_mean_10s': -0.04291945626174183, 'depth_imb_k_mean_60s': -0.037162258135970475, 'dist_vwap_bps': None, 'hl_range_pct': None, 'oc_change_pct': None, 'volume_rel_20': None, 'atr_pct': None, 'position_in_range': None, 'rsi': None, 'bb_position': None, 'ret_3': None, 'ret_10': None, 'session_bucket': 2.0}"
2026-04-06|OXY|2026-04-06T12:51:00-04:00|long|8,2026-04-06,OXY,2026-04-06T12:51:00-04:00,long,8,0.3831845223903656,True,next_bar_open_if_replayed,"{'pressure_k': 0.0, 'spread': 0.020000000000003126, 'depth_imb_k': -0.3576667454502482, 'micro_off': 0.006666666666667709, 'spread_mean_10s': 0.011999999999989085, 'depth_imb_k_mean_10s': -0.212944935452704, 'depth_imb_k_mean_60s': -0.2321578635289525, 'dist_vwap_bps': None, 'hl_range_pct': None, 'oc_change_pct': None, 'volume_rel_20': None, 'atr_pct': None, 'position_in_range': None, 'rsi': None, 'bb_position': None, 'ret_3': None, 'ret_10': None, 'session_bucket': 2.0}"
2026-04-06|OXY|2026-04-06T12:52:00-04:00|short|12,2026-04-06,OXY,2026-04-06T12:52:00-04:00,short,12,0.3625892400741577,True,next_bar_open_if_replayed,"{'pressure_k': 0.0, 'spread': 0.00999999999999801, 'depth_imb_k': -0.3337521240985264, 'micro_off': -0.0007142857142810044, 'spread_mean_10s': 0.016533333333318297, 'depth_imb_k_mean_10s': -0.3308429266974766, 'depth_imb_k_mean_60s': -0.2819629804289428, 'dist_vwap_bps': None, 'hl_range_pct': None, 'oc_change_pct': None, 'volume_rel_20': None, 'atr_pct': None, 'position_in_range': None, 'rsi': None, 'bb_position': None, 'ret_3': None, 'ret_10': None, 'session_bucket': 2.0}"
2026-04-06|OXY|2026-04-06T12:53:00-04:00|short|8,2026-04-06,OXY,2026-04-06T12:53:00-04:00,short,8,0.35496532917022705,True,next_bar_open_if_replayed,"{'pressure_k': 0.0, 'spread': 0.00999999999999801, 'depth_imb_k': -0.16328234068799444, 'micro_off': 0.0035714285714263383, 'spread_mean_10s': 0.009999999999990905, 'depth_imb_k_mean_10s': -0.24965875929382975, 'depth_imb_k_mean_60s': -0.2682103584445149, 'dist_vwap_bps': None, 'hl_range_pct': None, 'oc_change_pct': None, 'volume_rel_20': None, 'atr_pct': None, 'position_in_range': None, 'rsi': None, 'bb_position': None, 'ret_3': None, 'ret_10': None, 'session_bucket': 2.0}"
2026-04-06|OXY|2026-04-06T12:54:00-04:00|short|12,2026-04-06,OXY,2026-04-06T12:54:00-04:00,short,12,0.38235029578208923,True,next_bar_open_if_replayed,"{'pressure_k': 0.0, 'spread': 0.010000000000005116, 'depth_imb_k': -0.3055894911883414, 'micro_off': -0.002142857142857224, 'spread_mean_10s': 0.01599999999998545, 'depth_imb_k_mean_10s': -0.20035555516787013, 'depth_imb_k_mean_60s': -0.21530084145998363, 'dist_vwap_bps': None, 'hl_range_pct': None, 'oc_change_pct': None, 'volume_rel_20': None, 'atr_pct': None, 'position_in_range': None, 'rsi': None, 'bb_position': None, 'ret_3': None, 'ret_10': None, 'session_bucket': 2.0}"
2026-04-06|OXY|2026-04-06T12:55:00-04:00|long|8,2026-04-06,OXY,2026-04-06T12:55:00-04:00,long,8,0.3413510322570801,True,next_bar_open_if_replayed,"{'pressure_k': 0.0, 'spread': 0.01999999999999602, 'depth_imb_k': -0.0005739885202295954, 'micro_off': 0.0049999999999954525, 'spread_mean_10s': 0.02399999999997817, 'depth_imb_k_mean_10s': 0.058016594252239886, 'depth_imb_k_mean_60s': -0.01945986870286674, 'dist_vwap_bps': None, 'hl_range_pct': None, 'oc_change_pct': None, 'volume_rel_20': None, 'atr_pct': None, 'position_in_range': None, 'rsi': None, 'bb_position': None, 'ret_3': None, 'ret_10': None, 'session_bucket': 2.0}"
2026-04-06|OXY|2026-04-06T12:56:00-04:00|long|12,2026-04-06,OXY,2026-04-06T12:56:00-04:00,long,12,0.3889692723751068,True,next_bar_open_if_replayed,"{'pressure_k': 0.0, 'spread': 0.00999999999999801, 'depth_imb_k': -0.06419932570890796, 'micro_off': -0.0032352941176512218, 'spread_mean_10s': 0.01599999999998545, 'depth_imb_k_mean_10s': -0.05266629261136444, 'depth_imb_k_mean_60s': -0.02083856817683751, 'dist_vwap_bps': None, 'hl_range_pct': None, 'oc_change_pct': None, 'volume_rel_20': None, 'atr_pct': None, 'position_in_range': None, 'rsi': None, 'bb_position': None, 'ret_3': None, 'ret_10': None, 'session_bucket': 2.0}"
2026-04-06|OXY|2026-04-06T12:57:00-04:00|short|12,2026-04-06,OXY,2026-04-06T12:57:00-04:00,short,12,0.3340134024620056,True,next_bar_open_if_replayed,"{'pressure_k': 0.0, 'spread': 0.00999999999999801, 'depth_imb_k': -0.0814194543196128, 'micro_off': -0.0012499999999988631, 'spread_mean_10s': 0.009999999999990905, 'depth_imb_k_mean_10s': -0.053236621920815394, 'depth_imb_k_mean_60s': -0.051962746660429576, 'dist_vwap_bps': None, 'hl_range_pct': None, 'oc_change_pct': None, 'volume_rel_20': None, 'atr_pct': None, 'position_in_range': None, 'rsi': None, 'bb_position': None, 'ret_3': None, 'ret_10': None, 'session_bucket': 2.0}"
2026-04-06|OXY|2026-04-06T12:58:00-04:00|short|12,2026-04-06,OXY,2026-04-06T12:58:00-04:00,short,12,0.33772483468055725,True,next_bar_open_if_replayed,"{'pressure_k': 0.0, 'spread': 0.010000000000005116, 'depth_imb_k': 0.06402115726131007, 'micro_off': 0.0, 'spread_mean_10s': 0.013499999999987721, 'depth_imb_k_mean_10s': 0.022618358430131026, 'depth_imb_k_mean_60s': -0.04970419217650924, 'dist_vwap_bps': None, 'hl_range_pct': None, 'oc_change_pct': None, 'volume_rel_20': None, 'atr_pct': None, 'position_in_range': None, 'rsi': None, 'bb_position': None, 'ret_3': None, 'ret_10': None, 'session_bucket': 2.0}"
2026-04-06|OXY|2026-04-06T12:59:00-04:00|short|8,2026-04-06,OXY,2026-04-06T12:59:00-04:00,short,8,0.34464114904403687,True,next_bar_open_if_replayed,"{'pressure_k': 0.0, 'spread': 0.01999999999999602, 'depth_imb_k': -0.20526554732774047, 'micro_off': 0.0, 'spread_mean_10s': 0.015749999999985675, 'depth_imb_k_mean_10s': -0.32088731273641147, 'depth_imb_k_mean_60s': -0.1673375087352705, 'dist_vwap_bps': None, 'hl_range_pct': None, 'oc_change_pct': None, 'volume_rel_20': None, 'atr_pct': None, 'position_in_range': None, 'rsi': None, 'bb_position': None, 'ret_3': None, 'ret_10': None, 'session_bucket': 2.0}"
2026-04-06|OXY|2026-04-06T13:00:00-04:00|short|8,2026-04-06,OXY,2026-04-06T13:00:00-04:00,short,8,0.38558855652809143,True,next_bar_open_if_replayed,"{'pressure_k': 0.0, 'spread': 0.020000000000003126, 'depth_imb_k': -0.19548267529607338, 'micro_off': 0.008461538461531859, 'spread_mean_10s': 0.01599999999998545, 'depth_imb_k_mean_10s': -0.23029102325096745, 'depth_imb_k_mean_60s': -0.2871475444228352, 'dist_vwap_bps': None, 'hl_range_pct': None, 'oc_change_pct': None, 'volume_rel_20': None, 'atr_pct': None, 'position_in_range': None, 'rsi': None, 'bb_position': None, 'ret_3': None, 'ret_10': None, 'session_bucket': 2.0}"
2026-04-06|OXY|2026-04-06T13:01:00-04:00|long|8,2026-04-06,OXY,2026-04-06T13:01:00-04:00,long,8,0.3583952486515045,True,next_bar_open_if_replayed,"{'pressure_k': 0.0, 'spread': 0.020000000000003126, 'depth_imb_k': -0.13564521749540895, 'micro_off': -0.005555555555559977, 'spread_mean_10s': 0.01999999999998181, 'depth_imb_k_mean_10s': -0.09724116621536041, 'depth_imb_k_mean_60s': -0.09854181903657885, 'dist_vwap_bps': None, 'hl_range_pct': None, 'oc_change_pct': None, 'volume_rel_20': None, 'atr_pct': None, 'position_in_range': None, 'rsi': None, 'bb_position': None, 'ret_3': None, 'ret_10': None, 'session_bucket': 2.0}"
2026-04-06|OXY|2026-04-06T13:02:00-04:00|short|12,2026-04-06,OXY,2026-04-06T13:02:00-04:00,short,12,0.42705172300338745,True,next_bar_open_if_replayed,"{'pressure_k': 0.0, 'spread': 0.020000000000003126, 'depth_imb_k': -0.034969570940725336, 'micro_off': -0.005555555555559977, 'spread_mean_10s': 0.01974999999998204, 'depth_imb_k_mean_10s': 0.17447391841794796, 'depth_imb_k_mean_60s': -0.006137987912151185, 'dist_vwap_bps': None, 'hl_range_pct': None, 'oc_change_pct': None, 'volume_rel_20': None, 'atr_pct': None, 'position_in_range': None, 'rsi': None, 'bb_position': None, 'ret_3': None, 'ret_10': None, 'session_bucket': 2.0}"
2026-04-06|OXY|2026-04-06T13:03:00-04:00|short|12,2026-04-06,OXY,2026-04-06T13:03:00-04:00,short,12,0.3540768027305603,True,next_bar_open_if_replayed,"{'pressure_k': 0.0, 'spread': 0.01999999999999602, 'depth_imb_k': 0.23552820133996985, 'micro_off': -0.008000000000002672, 'spread_mean_10s': 0.01923076923075174, 'depth_imb_k_mean_10s': 0.2243200735270053, 'depth_imb_k_mean_60s': 0.1476100276924437, 'dist_vwap_bps': None, 'hl_range_pct': None, 'oc_change_pct': None, 'volume_rel_20': None, 'atr_pct': None, 'position_in_range': None, 'rsi': None, 'bb_position': None, 'ret_3': None, 'ret_10': None, 'session_bucket': 2.0}"
2026-04-06|OXY|2026-04-06T13:04:00-04:00|long|8,2026-04-06,OXY,2026-04-06T13:04:00-04:00,long,8,0.3925146460533142,True,next_bar_open_if_replayed,"{'pressure_k': 0.0, 'spread': 0.01999999999999602, 'depth_imb_k': -0.015250575493414846, 'micro_off': 0.001999999999995339, 'spread_mean_10s': 0.01659574468083597, 'depth_imb_k_mean_10s': -0.16001435313713025, 'depth_imb_k_mean_60s': -0.12600549612933207, 'dist_vwap_bps': None, 'hl_range_pct': None, 'oc_change_pct': None, 'volume_rel_20': None, 'atr_pct': None, 'position_in_range': None, 'rsi': None, 'bb_position': None, 'ret_3': None, 'ret_10': None, 'session_bucket': 2.0}"
2026-04-06|OXY|2026-04-06T13:05:00-04:00|short|12,2026-04-06,OXY,2026-04-06T13:05:00-04:00,short,12,0.3538157641887665,True,next_bar_open_if_replayed,"{'pressure_k': 0.0, 'spread': 0.010000000000005116, 'depth_imb_k': -0.0004484327783977701, 'micro_off': 0.0016666666666651508, 'spread_mean_10s': 0.012749999999988404, 'depth_imb_k_mean_10s': 0.0690498791083769, 'depth_imb_k_mean_60s': 0.05320222060919076, 'dist_vwap_bps': None, 'hl_range_pct': None, 'oc_change_pct': None, 'volume_rel_20': None, 'atr_pct': None, 'position_in_range': None, 'rsi': None, 'bb_position': None, 'ret_3': None, 'ret_10': None, 'session_bucket': 2.0}"
2026-04-06|OXY|2026-04-06T13:06:00-04:00|short|12,2026-04-06,OXY,2026-04-06T13:06:00-04:00,short,12,0.3464967906475067,True,next_bar_open_if_replayed,"{'pressure_k': 0.0, 'spread': 0.020000000000003126, 'depth_imb_k': 0.1262742445748662, 'micro_off': 0.003999999999997783, 'spread_mean_10s': 0.020999999999980902, 'depth_imb_k_mean_10s': 0.06613721150689571, 'depth_imb_k_mean_60s': 0.01925111149003519, 'dist_vwap_bps': None, 'hl_range_pct': None, 'oc_change_pct': None, 'volume_rel_20': None, 'atr_pct': None, 'position_in_range': None, 'rsi': None, 'bb_position': None, 'ret_3': None, 'ret_10': None, 'session_bucket': 2.0}"
2026-04-06|OXY|2026-04-06T13:07:00-04:00|long|12,2026-04-06,OXY,2026-04-06T13:07:00-04:00,long,12,0.4006980061531067,True,next_bar_open_if_replayed,"{'pressure_k': 0.0, 'spread': 0.01999999999999602, 'depth_imb_k': -0.10750689327848845, 'micro_off': 0.007777777777775441, 'spread_mean_10s': 0.020499999999981356, 'depth_imb_k_mean_10s': -0.010392127460028178, 'depth_imb_k_mean_60s': 0.06201072447718441, 'dist_vwap_bps': None, 'hl_range_pct': None, 'oc_change_pct': None, 'volume_rel_20': None, 'atr_pct': None, 'position_in_range': None, 'rsi': None, 'bb_position': None, 'ret_3': None, 'ret_10': None, 'session_bucket': 2.0}"
2026-04-06|OXY|2026-04-06T13:08:00-04:00|long|8,2026-04-06,OXY,2026-04-06T13:08:00-04:00,long,8,0.3728775084018707,True,next_bar_open_if_replayed,"{'pressure_k': 0.0, 'spread': 0.020000000000003126, 'depth_imb_k': 0.09949048850370207, 'micro_off': -0.007142857142859782, 'spread_mean_10s': 0.02717948717946246, 'depth_imb_k_mean_10s': 0.01510369492780811, 'depth_imb_k_mean_60s': -0.012236023685750686, 'dist_vwap_bps': None, 'hl_range_pct': None, 'oc_change_pct': None, 'volume_rel_20': None, 'atr_pct': None, 'position_in_range': None, 'rsi': None, 'bb_position': None, 'ret_3': None, 'ret_10': None, 'session_bucket': 2.0}"
2026-04-06|OXY|2026-04-06T13:09:00-04:00|long|8,2026-04-06,OXY,2026-04-06T13:09:00-04:00,long,8,0.3629491627216339,True,next_bar_open_if_replayed,"{'pressure_k': 0.0, 'spread': 0.020000000000003126, 'depth_imb_k': -0.10500613381145607, 'micro_off': -0.0020000000000024443, 'spread_mean_10s': 0.025999999999976355, 'depth_imb_k_mean_10s': 0.06073497209396237, 'depth_imb_k_mean_60s': 0.021046620469536443, 'dist_vwap_bps': None, 'hl_range_pct': None, 'oc_change_pct': None, 'volume_rel_20': None, 'atr_pct': None, 'position_in_range': None, 'rsi': None, 'bb_position': None, 'ret_3': None, 'ret_10': None, 'session_bucket': 2.0}"
2026-04-06|OXY|2026-04-06T13:10:00-04:00|short|12,2026-04-06,OXY,2026-04-06T13:10:00-04:00,short,12,0.3715590536594391,True,next_bar_open_if_replayed,"{'pressure_k': 0.0, 'spread': 0.01999999999999602, 'depth_imb_k': -0.17685837760807943, 'micro_off': -0.006666666666667709, 'spread_mean_10s': 0.01999999999998181, 'depth_imb_k_mean_10s': -0.1716298140272877, 'depth_imb_k_mean_60s': -0.11110457060495471, 'dist_vwap_bps': None, 'hl_range_pct': None, 'oc_change_pct': None, 'volume_rel_20': None, 'atr_pct': None, 'position_in_range': None, 'rsi': None, 'bb_position': None, 'ret_3': None, 'ret_10': None, 'session_bucket': 2.0}"
2026-04-06|OXY|2026-04-06T13:11:00-04:00|short|12,2026-04-06,OXY,2026-04-06T13:11:00-04:00,short,12,0.3878108263015747,True,next_bar_open_if_replayed,"{'pressure_k': 0.0, 'spread': 0.02999999999999403, 'depth_imb_k': -0.31187045608182484, 'micro_off': -0.007499999999993179, 'spread_mean_10s': 0.029999999999972715, 'depth_imb_k_mean_10s': -0.26375314851140136, 'depth_imb_k_mean_60s': -0.1747386008408504, 'dist_vwap_bps': None, 'hl_range_pct': None, 'oc_change_pct': None, 'volume_rel_20': None, 'atr_pct': None, 'position_in_range': None, 'rsi': None, 'bb_position': None, 'ret_3': None, 'ret_10': None, 'session_bucket': 2.0}"
2026-04-06|OXY|2026-04-06T13:12:00-04:00|short|12,2026-04-06,OXY,2026-04-06T13:12:00-04:00,short,12,0.3868650197982788,True,next_bar_open_if_replayed,"{'pressure_k': 0.0, 'spread': 0.00999999999999801, 'depth_imb_k': -0.20800827537687844, 'micro_off': 0.0, 'spread_mean_10s': 0.01358974358973123, 'depth_imb_k_mean_10s': -0.2912647617619436, 'depth_imb_k_mean_60s': -0.2570085746062848, 'dist_vwap_bps': None, 'hl_range_pct': None, 'oc_change_pct': None, 'volume_rel_20': None, 'atr_pct': None, 'position_in_range': None, 'rsi': None, 'bb_position': None, 'ret_3': None, 'ret_10': None, 'session_bucket': 2.0}"
2026-04-06|OXY|2026-04-06T13:13:00-04:00|long|12,2026-04-06,OXY,2026-04-06T13:13:00-04:00,long,12,0.4217776656150818,True,next_bar_open_if_replayed,"{'pressure_k': 0.0, 'spread': 0.01999999999999602, 'depth_imb_k': -0.06438493031329581, 'micro_off': 0.0, 'spread_mean_10s': 0.029487179487152668, 'depth_imb_k_mean_10s': 0.10110578150329566, 'depth_imb_k_mean_60s': -0.11601617692426361, 'dist_vwap_bps': None, 'hl_range_pct': None, 'oc_change_pct': None, 'volume_rel_20': None, 'atr_pct': None, 'position_in_range': None, 'rsi': None, 'bb_position': None, 'ret_3': None, 'ret_10': None, 'session_bucket': 2.0}"
2026-04-06|OXY|2026-04-06T13:14:00-04:00|long|12,2026-04-06,OXY,2026-04-06T13:14:00-04:00,long,12,0.38692155480384827,True,next_bar_open_if_replayed,"{'pressure_k': 0.0, 'spread': 0.01999999999999602, 'depth_imb_k': -0.0837274138323079, 'micro_off': 0.003333333333337407, 'spread_mean_10s': 0.024499999999977717, 'depth_imb_k_mean_10s': -0.03444192422746255, 'depth_imb_k_mean_60s': 0.014921561488077748, 'dist_vwap_bps': None, 'hl_range_pct': None, 'oc_change_pct': None, 'volume_rel_20': None, 'atr_pct': None, 'position_in_range': None, 'rsi': None, 'bb_position': None, 'ret_3': None, 'ret_10': None, 'session_bucket': 2.0}"
2026-04-06|OXY|2026-04-06T13:15:00-04:00|long|12,2026-04-06,OXY,2026-04-06T13:15:00-04:00,long,12,0.45274946093559265,True,next_bar_open_if_replayed,"{'pressure_k': 0.0, 'spread': 0.010000000000005116, 'depth_imb_k': -0.052961593203692245, 'micro_off': -0.0016666666666651508, 'spread_mean_10s': 0.02076923076921188, 'depth_imb_k_mean_10s': -0.11482245615771565, 'depth_imb_k_mean_60s': -0.11703177475026066, 'dist_vwap_bps': None, 'hl_range_pct': None, 'oc_change_pct': None, 'volume_rel_20': None, 'atr_pct': None, 'position_in_range': None, 'rsi': None, 'bb_position': None, 'ret_3': None, 'ret_10': None, 'session_bucket': 2.0}"
2026-04-06|OXY|2026-04-06T13:16:00-04:00|long|12,2026-04-06,OXY,2026-04-06T13:16:00-04:00,long,12,0.39332354068756104,True,next_bar_open_if_replayed,"{'pressure_k': 0.0, 'spread': 0.020000000000003126, 'depth_imb_k': -0.19343660088285153, 'micro_off': -7.105427357601002e-15, 'spread_mean_10s': 0.018082191780805473, 'depth_imb_k_mean_10s': -0.21913312035061366, 'depth_imb_k_mean_60s': -0.2322925000971816, 'dist_vwap_bps': None, 'hl_range_pct': None, 'oc_change_pct': None, 'volume_rel_20': None, 'atr_pct': None, 'position_in_range': None, 'rsi': None, 'bb_position': None, 'ret_3': None, 'ret_10': None, 'session_bucket': 2.0}"
2026-04-06|OXY|2026-04-06T13:17:00-04:00|long|8,2026-04-06,OXY,2026-04-06T13:17:00-04:00,long,8,0.346176415681839,True,next_bar_open_if_replayed,"{'pressure_k': 0.0, 'spread': 0.00999999999999801, 'depth_imb_k': -0.0649603788122318, 'micro_off': -0.0033333333333303017, 'spread_mean_10s': 0.017307692307676568, 'depth_imb_k_mean_10s': -0.09733803944572646, 'depth_imb_k_mean_60s': -0.15864834098585806, 'dist_vwap_bps': None, 'hl_range_pct': None, 'oc_change_pct': None, 'volume_rel_20': None, 'atr_pct': None, 'position_in_range': None, 'rsi': None, 'bb_position': None, 'ret_3': None, 'ret_10': None, 'session_bucket': 2.0}"
2026-04-06|OXY|2026-04-06T13:18:00-04:00|long|8,2026-04-06,OXY,2026-04-06T13:18:00-04:00,long,8,0.34285447001457214,True,next_bar_open_if_replayed,"{'pressure_k': 0.0, 'spread': 0.030000000000001137, 'depth_imb_k': -0.1647253240161477, 'micro_off': 0.0068181818181827225, 'spread_mean_10s': 0.022749999999979308, 'depth_imb_k_mean_10s': -0.12573281522233515, 'depth_imb_k_mean_60s': -0.12681355341081962, 'dist_vwap_bps': None, 'hl_range_pct': None, 'oc_change_pct': None, 'volume_rel_20': None, 'atr_pct': None, 'position_in_range': None, 'rsi': None, 'bb_position': None, 'ret_3': None, 'ret_10': None, 'session_bucket': 2.0}"
2026-04-06|OXY|2026-04-06T13:19:00-04:00|long|8,2026-04-06,OXY,2026-04-06T13:19:00-04:00,long,8,0.40539655089378357,True,next_bar_open_if_replayed,"{'pressure_k': 0.0, 'spread': 0.01999999999999602, 'depth_imb_k': 0.025068190674113523, 'micro_off': 0.007777777777775441, 'spread_mean_10s': 0.019249999999982493, 'depth_imb_k_mean_10s': -0.06844187114616034, 'depth_imb_k_mean_60s': -0.19114458515659039, 'dist_vwap_bps': None, 'hl_range_pct': None, 'oc_change_pct': None, 'volume_rel_20': None, 'atr_pct': None, 'position_in_range': None, 'rsi': None, 'bb_position': None, 'ret_3': None, 'ret_10': None, 'session_bucket': 2.0}"
2026-04-06|OXY|2026-04-06T13:20:00-04:00|long|8,2026-04-06,OXY,2026-04-06T13:20:00-04:00,long,8,0.35650429129600525,True,next_bar_open_if_replayed,"{'pressure_k': 0.0, 'spread': 0.02999999999999403, 'depth_imb_k': -0.05453115180224281, 'micro_off': 0.0, 'spread_mean_10s': 0.02549999999997681, 'depth_imb_k_mean_10s': -0.06323181396950303, 'depth_imb_k_mean_60s': -0.04644794192961061, 'dist_vwap_bps': None, 'hl_range_pct': None, 'oc_change_pct': None, 'volume_rel_20': None, 'atr_pct': None, 'position_in_range': None, 'rsi': None, 'bb_position': None, 'ret_3': None, 'ret_10': None, 'session_bucket': 2.0}"
2026-04-06|OXY|2026-04-06T13:21:00-04:00|long|8,2026-04-06,OXY,2026-04-06T13:21:00-04:00,long,8,0.3778597116470337,True,next_bar_open_if_replayed,"{'pressure_k': 0.0, 'spread': 0.00999999999999801, 'depth_imb_k': -0.11150485460160632, 'micro_off': 0.0024999999999977263, 'spread_mean_10s': 0.02076923076921188, 'depth_imb_k_mean_10s': -0.18897676570169353, 'depth_imb_k_mean_60s': -0.12362617937086015, 'dist_vwap_bps': None, 'hl_range_pct': None, 'oc_change_pct': None, 'volume_rel_20': None, 'atr_pct': None, 'position_in_range': None, 'rsi': None, 'bb_position': None, 'ret_3': None, 'ret_10': None, 'session_bucket': 2.0}"
2026-04-06|OXY|2026-04-06T13:22:00-04:00|long|12,2026-04-06,OXY,2026-04-06T13:22:00-04:00,long,12,0.3922806680202484,True,next_bar_open_if_replayed,"{'pressure_k': 0.0, 'spread': 0.020000000000003126, 'depth_imb_k': -0.5938829342357528, 'micro_off': 0.0, 'spread_mean_10s': 0.015897435897421437, 'depth_imb_k_mean_10s': -0.5070170896286259, 'depth_imb_k_mean_60s': -0.29181391497442366, 'dist_vwap_bps': None, 'hl_range_pct': None, 'oc_change_pct': None, 'volume_rel_20': None, 'atr_pct': None, 'position_in_range': None, 'rsi': None, 'bb_position': None, 'ret_3': None, 'ret_10': None, 'session_bucket': 2.0}"
2026-04-06|OXY|2026-04-06T13:23:00-04:00|long|12,2026-04-06,OXY,2026-04-06T13:23:00-04:00,long,12,0.40075838565826416,True,next_bar_open_if_replayed,"{'pressure_k': 0.0, 'spread': 0.01999999999999602, 'depth_imb_k': -0.508665172842854, 'micro_off': 0.006666666666667709, 'spread_mean_10s': 0.019499999999982264, 'depth_imb_k_mean_10s': -0.4621130881602994, 'depth_imb_k_mean_60s': -0.34642466864245935, 'dist_vwap_bps': None, 'hl_range_pct': None, 'oc_change_pct': None, 'volume_rel_20': None, 'atr_pct': None, 'position_in_range': None, 'rsi': None, 'bb_position': None, 'ret_3': None, 'ret_10': None, 'session_bucket': 2.0}"
2026-04-06|OXY|2026-04-06T13:24:00-04:00|long|12,2026-04-06,OXY,2026-04-06T13:24:00-04:00,long,12,0.4107346534729004,True,next_bar_open_if_replayed,"{'pressure_k': 0.0, 'spread': 0.01999999999999602, 'depth_imb_k': 0.0640593667377671, 'micro_off': 0.005000000000002558, 'spread_mean_10s': 0.02174999999998022, 'depth_imb_k_mean_10s': -0.38147431898813694, 'depth_imb_k_mean_60s': -0.33167013364560827, 'dist_vwap_bps': None, 'hl_range_pct': None, 'oc_change_pct': None, 'volume_rel_20': None, 'atr_pct': None, 'position_in_range': None, 'rsi': None, 'bb_position': None, 'ret_3': None, 'ret_10': None, 'session_bucket': 2.0}"
2026-04-06|OXY|2026-04-06T13:25:00-04:00|long|8,2026-04-06,OXY,2026-04-06T13:25:00-04:00,long,8,0.43859681487083435,True,next_bar_open_if_replayed,"{'pressure_k': 0.0, 'spread': 0.01999999999999602, 'depth_imb_k': 0.03292994067962242, 'micro_off': 0.007500000000000284, 'spread_mean_10s': 0.01666666666665151, 'depth_imb_k_mean_10s': -0.018140849664924203, 'depth_imb_k_mean_60s': -0.05983447767910786, 'dist_vwap_bps': None, 'hl_range_pct': None, 'oc_change_pct': None, 'volume_rel_20': None, 'atr_pct': None, 'position_in_range': None, 'rsi': None, 'bb_position': None, 'ret_3': None, 'ret_10': None, 'session_bucket': 2.0}"
2026-04-06|OXY|2026-04-06T13:26:00-04:00|long|12,2026-04-06,OXY,2026-04-06T13:26:00-04:00,long,12,0.4095376133918762,True,next_bar_open_if_replayed,"{'pressure_k': 0.0, 'spread': 0.020000000000003126, 'depth_imb_k': 0.0430129495676208, 'micro_off': 0.00750000000000739, 'spread_mean_10s': 0.01999999999998181, 'depth_imb_k_mean_10s': 0.04897823079700174, 'depth_imb_k_mean_60s': -0.0952740481339578, 'dist_vwap_bps': None, 'hl_range_pct': None, 'oc_change_pct': None, 'volume_rel_20': None, 'atr_pct': None, 'position_in_range': None, 'rsi': None, 'bb_position': None, 'ret_3': None, 'ret_10': None, 'session_bucket': 2.0}"
2026-04-06|OXY|2026-04-06T13:27:00-04:00|long|8,2026-04-06,OXY,2026-04-06T13:27:00-04:00,long,8,0.45124754309654236,True,next_bar_open_if_replayed,"{'pressure_k': 0.0, 'spread': 0.030000000000001137, 'depth_imb_k': -0.07991563984859466, 'micro_off': 0.0, 'spread_mean_10s': 0.02949999999997317, 'depth_imb_k_mean_10s': -0.06834132648197055, 'depth_imb_k_mean_60s': -0.07889902902628258, 'dist_vwap_bps': None, 'hl_range_pct': None, 'oc_change_pct': None, 'volume_rel_20': None, 'atr_pct': None, 'position_in_range': None, 'rsi': None, 'bb_position': None, 'ret_3': None, 'ret_10': None, 'session_bucket': 2.0}"
2026-04-06|OXY|2026-04-06T13:28:00-04:00|long|8,2026-04-06,OXY,2026-04-06T13:28:00-04:00,long,8,0.43322864174842834,True,next_bar_open_if_replayed,"{'pressure_k': 0.0, 'spread': 0.01999999999999602, 'depth_imb_k': -0.20684968741505844, 'micro_off': -0.007500000000000284, 'spread_mean_10s': 0.010249999999990678, 'depth_imb_k_mean_10s': -0.1388111886087529, 'depth_imb_k_mean_60s': -0.13803532169670635, 'dist_vwap_bps': None, 'hl_range_pct': None, 'oc_change_pct': None, 'volume_rel_20': None, 'atr_pct': None, 'position_in_range': None, 'rsi': None, 'bb_position': None, 'ret_3': None, 'ret_10': None, 'session_bucket': 2.0}"
2026-04-06|OXY|2026-04-06T13:29:00-04:00|long|8,2026-04-06,OXY,2026-04-06T13:29:00-04:00,long,8,0.3169613778591156,True,next_bar_open_if_replayed,"{'pressure_k': 0.0, 'spread': 0.00999999999999801, 'depth_imb_k': -0.2730525405820767, 'micro_off': -0.0009999999999976694, 'spread_mean_10s': 0.009999999999990905, 'depth_imb_k_mean_10s': -0.19763342945721546, 'depth_imb_k_mean_60s': -0.13948479249192172, 'dist_vwap_bps': None, 'hl_range_pct': None, 'oc_change_pct': None, 'volume_rel_20': None, 'atr_pct': None, 'position_in_range': None, 'rsi': None, 'bb_position': None, 'ret_3': None, 'ret_10': None, 'session_bucket': 2.0}"
2026-04-06|OXY|2026-04-06T13:30:00-04:00|long|8,2026-04-06,OXY,2026-04-06T13:30:00-04:00,long,8,0.38582339882850647,True,next_bar_open_if_replayed,"{'pressure_k': 0.0, 'spread': 0.030000000000001137, 'depth_imb_k': -0.12950146117717445, 'micro_off': 0.0, 'spread_mean_10s': 0.029999999999972715, 'depth_imb_k_mean_10s': -0.11783136537189307, 'depth_imb_k_mean_60s': -0.14714856057491355, 'dist_vwap_bps': None, 'hl_range_pct': None, 'oc_change_pct': None, 'volume_rel_20': None, 'atr_pct': None, 'position_in_range': None, 'rsi': None, 'bb_position': None, 'ret_3': None, 'ret_10': None, 'session_bucket': 2.0}"
2026-04-06|OXY|2026-04-06T13:31:00-04:00|long|8,2026-04-06,OXY,2026-04-06T13:31:00-04:00,long,8,0.3597933053970337,True,next_bar_open_if_replayed,"{'pressure_k': 0.0, 'spread': 0.020000000000003126, 'depth_imb_k': 0.0814065648358791, 'micro_off': 0.007142857142852677, 'spread_mean_10s': 0.020322580645142807, 'depth_imb_k_mean_10s': -0.05304653122844214, 'depth_imb_k_mean_60s': -0.10217243369789483, 'dist_vwap_bps': None, 'hl_range_pct': None, 'oc_change_pct': None, 'volume_rel_20': None, 'atr_pct': None, 'position_in_range': None, 'rsi': None, 'bb_position': None, 'ret_3': None, 'ret_10': None, 'session_bucket': 2.0}"
2026-04-06|OXY|2026-04-06T13:32:00-04:00|long|8,2026-04-06,OXY,2026-04-06T13:32:00-04:00,long,8,0.3547934293746948,True,next_bar_open_if_replayed,"{'pressure_k': 0.0, 'spread': 0.00999999999999801, 'depth_imb_k': -0.14806189864798133, 'micro_off': -0.0016666666666722563, 'spread_mean_10s': 0.01599999999998545, 'depth_imb_k_mean_10s': -0.13252553340528267, 'depth_imb_k_mean_60s': -0.06483178999080998, 'dist_vwap_bps': None, 'hl_range_pct': None, 'oc_change_pct': None, 'volume_rel_20': None, 'atr_pct': None, 'position_in_range': None, 'rsi': None, 'bb_position': None, 'ret_3': None, 'ret_10': None, 'session_bucket': 2.0}"
2026-04-06|OXY|2026-04-06T13:33:00-04:00|short|12,2026-04-06,OXY,2026-04-06T13:33:00-04:00,short,12,0.33694878220558167,True,next_bar_open_if_replayed,"{'pressure_k': 0.0, 'spread': 0.00999999999999801, 'depth_imb_k': -0.0803626067353028, 'micro_off': -0.0016666666666722563, 'spread_mean_10s': 0.01524999999998613, 'depth_imb_k_mean_10s': -0.05213023242245072, 'depth_imb_k_mean_60s': -0.05265274361647166, 'dist_vwap_bps': None, 'hl_range_pct': None, 'oc_change_pct': None, 'volume_rel_20': None, 'atr_pct': None, 'position_in_range': None, 'rsi': None, 'bb_position': None, 'ret_3': None, 'ret_10': None, 'session_bucket': 2.0}"
2026-04-06|OXY|2026-04-06T13:34:00-04:00|short|12,2026-04-06,OXY,2026-04-06T13:34:00-04:00,short,12,0.366891086101532,True,next_bar_open_if_replayed,"{'pressure_k': 0.0, 'spread': 0.020000000000003126, 'depth_imb_k': -0.028252642424535967, 'micro_off': -0.0025000000000048317, 'spread_mean_10s': 0.0237499999999784, 'depth_imb_k_mean_10s': -0.03567174850947481, 'depth_imb_k_mean_60s': -0.00979879982604329, 'dist_vwap_bps': None, 'hl_range_pct': None, 'oc_change_pct': None, 'volume_rel_20': None, 'atr_pct': None, 'position_in_range': None, 'rsi': None, 'bb_position': None, 'ret_3': None, 'ret_10': None, 'session_bucket': 2.0}"
2026-04-06|OXY|2026-04-06T13:35:00-04:00|short|12,2026-04-06,OXY,2026-04-06T13:35:00-04:00,short,12,0.33488520979881287,True,next_bar_open_if_replayed,"{'pressure_k': 0.0, 'spread': 0.02999999999999403, 'depth_imb_k': 0.1339203985041901, 'micro_off': -7.105427357601002e-15, 'spread_mean_10s': 0.025999999999976355, 'depth_imb_k_mean_10s': 0.14459655646601277, 'depth_imb_k_mean_60s': -0.009397904638229123, 'dist_vwap_bps': None, 'hl_range_pct': None, 'oc_change_pct': None, 'volume_rel_20': None, 'atr_pct': None, 'position_in_range': None, 'rsi': None, 'bb_position': None, 'ret_3': None, 'ret_10': None, 'session_bucket': 2.0}"
2026-04-06|OXY|2026-04-06T13:36:00-04:00|short|12,2026-04-06,OXY,2026-04-06T13:36:00-04:00,short,12,0.37112295627593994,True,next_bar_open_if_replayed,"{'pressure_k': 0.0, 'spread': 0.01999999999999602, 'depth_imb_k': 0.14249487414936038, 'micro_off': -0.007500000000000284, 'spread_mean_10s': 0.01999999999998181, 'depth_imb_k_mean_10s': 0.21191945028800635, 'depth_imb_k_mean_60s': 0.1304853176749454, 'dist_vwap_bps': None, 'hl_range_pct': None, 'oc_change_pct': None, 'volume_rel_20': None, 'atr_pct': None, 'position_in_range': None, 'rsi': None, 'bb_position': None, 'ret_3': None, 'ret_10': None, 'session_bucket': 2.0}"
2026-04-06|OXY|2026-04-06T13:37:00-04:00|short|12,2026-04-06,OXY,2026-04-06T13:37:00-04:00,short,12,0.3592813014984131,True,next_bar_open_if_replayed,"{'pressure_k': 0.0, 'spread': 0.020000000000003126, 'depth_imb_k': 0.17102773275869873, 'micro_off': -7.105427357601002e-15, 'spread_mean_10s': 0.01999999999998181, 'depth_imb_k_mean_10s': 0.19430717724872126, 'depth_imb_k_mean_60s': 0.22813711424682775, 'dist_vwap_bps': None, 'hl_range_pct': None, 'oc_change_pct': None, 'volume_rel_20': None, 'atr_pct': None, 'position_in_range': None, 'rsi': None, 'bb_position': None, 'ret_3': None, 'ret_10': None, 'session_bucket': 2.0}"
2026-04-06|OXY|2026-04-06T13:38:00-04:00|short|12,2026-04-06,OXY,2026-04-06T13:38:00-04:00,short,12,0.36451226472854614,True,next_bar_open_if_replayed,"{'pressure_k': 0.0, 'spread': 0.01999999999999602, 'depth_imb_k': -0.017297172458798034, 'micro_off': -0.006000000000000227, 'spread_mean_10s': 0.012249999999988858, 'depth_imb_k_mean_10s': -0.052737516539707485, 'depth_imb_k_mean_60s': 0.05775159940098905, 'dist_vwap_bps': None, 'hl_range_pct': None, 'oc_change_pct': None, 'volume_rel_20': None, 'atr_pct': None, 'position_in_range': None, 'rsi': None, 'bb_position': None, 'ret_3': None, 'ret_10': None, 'session_bucket': 2.0}"
2026-04-06|OXY|2026-04-06T13:39:00-04:00|short|12,2026-04-06,OXY,2026-04-06T13:39:00-04:00,short,12,0.4011545181274414,True,next_bar_open_if_replayed,"{'pressure_k': 0.0, 'spread': 0.01999999999999602, 'depth_imb_k': -0.1432950971741442, 'micro_off': 0.0, 'spread_mean_10s': 0.024999999999977263, 'depth_imb_k_mean_10s': -0.08997994553729427, 'depth_imb_k_mean_60s': -0.12643346121688945, 'dist_vwap_bps': None, 'hl_range_pct': None, 'oc_change_pct': None, 'volume_rel_20': None, 'atr_pct': None, 'position_in_range': None, 'rsi': None, 'bb_position': None, 'ret_3': None, 'ret_10': None, 'session_bucket': 2.0}"
2026-04-06|OXY|2026-04-06T13:40:00-04:00|short|12,2026-04-06,OXY,2026-04-06T13:40:00-04:00,short,12,0.35470324754714966,True,next_bar_open_if_replayed,"{'pressure_k': 0.0, 'spread': 0.020000000000003126, 'depth_imb_k': -0.21900850271141203, 'micro_off': -0.005555555555559977, 'spread_mean_10s': 0.022249999999979765, 'depth_imb_k_mean_10s': -0.19040305739292193, 'depth_imb_k_mean_60s': -0.24794014719963742, 'dist_vwap_bps': None, 'hl_range_pct': None, 'oc_change_pct': None, 'volume_rel_20': None, 'atr_pct': None, 'position_in_range': None, 'rsi': None, 'bb_position': None, 'ret_3': None, 'ret_10': None, 'session_bucket': 2.0}"
2026-04-06|OXY|2026-04-06T13:41:00-04:00|short|12,2026-04-06,OXY,2026-04-06T13:41:00-04:00,short,12,0.3911997675895691,True,next_bar_open_if_replayed,"{'pressure_k': 0.0, 'spread': 0.02999999999999403, 'depth_imb_k': -0.5634866583308947, 'micro_off': 7.105427357601002e-15, 'spread_mean_10s': 0.02574999999997658, 'depth_imb_k_mean_10s': -0.46094830759876687, 'depth_imb_k_mean_60s': -0.2913826465598191, 'dist_vwap_bps': None, 'hl_range_pct': None, 'oc_change_pct': None, 'volume_rel_20': None, 'atr_pct': None, 'position_in_range': None, 'rsi': None, 'bb_position': None, 'ret_3': None, 'ret_10': None, 'session_bucket': 2.0}"
2026-04-06|OXY|2026-04-06T13:42:00-04:00|short|3,2026-04-06,OXY,2026-04-06T13:42:00-04:00,short,3,0.3680010735988617,True,next_bar_open_if_replayed,"{'pressure_k': 0.0, 'spread': 0.020000000000003126, 'depth_imb_k': -0.048046858793755684, 'micro_off': 0.004285714285707343, 'spread_mean_10s': 0.025555555555532312, 'depth_imb_k_mean_10s': -0.44659011754915307, 'depth_imb_k_mean_60s': -0.4581111018467804, 'dist_vwap_bps': None, 'hl_range_pct': None, 'oc_change_pct': None, 'volume_rel_20': None, 'atr_pct': None, 'position_in_range': None, 'rsi': None, 'bb_position': None, 'ret_3': None, 'ret_10': None, 'session_bucket': 2.0}"
2026-04-06|OXY|2026-04-06T13:43:00-04:00|short|5,2026-04-06,OXY,2026-04-06T13:43:00-04:00,short,5,0.3768942654132843,True,next_bar_open_if_replayed,"{'pressure_k': 0.0, 'spread': 0.030000000000001137, 'depth_imb_k': -0.5326328901958381, 'micro_off': -0.005000000000002558, 'spread_mean_10s': 0.022051282051261997, 'depth_imb_k_mean_10s': -0.5597272338068134, 'depth_imb_k_mean_60s': -0.3177275797327978, 'dist_vwap_bps': None, 'hl_range_pct': None, 'oc_change_pct': None, 'volume_rel_20': None, 'atr_pct': None, 'position_in_range': None, 'rsi': None, 'bb_position': None, 'ret_3': None, 'ret_10': None, 'session_bucket': 2.0}"
2026-04-06|OXY|2026-04-06T13:44:00-04:00|long|8,2026-04-06,OXY,2026-04-06T13:44:00-04:00,long,8,0.329935222864151,True,next_bar_open_if_replayed,"{'pressure_k': 0.0, 'spread': 0.01999999999999602, 'depth_imb_k': 0.09762757566626386, 'micro_off': 0.0, 'spread_mean_10s': 0.02199999999997999, 'depth_imb_k_mean_10s': 0.04229003276288381, 'depth_imb_k_mean_60s': -0.370811919114231, 'dist_vwap_bps': None, 'hl_range_pct': None, 'oc_change_pct': None, 'volume_rel_20': None, 'atr_pct': None, 'position_in_range': None, 'rsi': None, 'bb_position': None, 'ret_3': None, 'ret_10': None, 'session_bucket': 2.0}"
2026-04-06|OXY|2026-04-06T13:45:00-04:00|long|8,2026-04-06,OXY,2026-04-06T13:45:00-04:00,long,8,0.36620432138442993,True,next_bar_open_if_replayed,"{'pressure_k': 0.0, 'spread': 0.00999999999999801, 'depth_imb_k': -0.0945957258517801, 'micro_off': -0.00045454545455214657, 'spread_mean_10s': 0.016499999999984992, 'depth_imb_k_mean_10s': -0.09837129593130385, 'depth_imb_k_mean_60s': -0.13526085246423414, 'dist_vwap_bps': None, 'hl_range_pct': None, 'oc_change_pct': None, 'volume_rel_20': None, 'atr_pct': None, 'position_in_range': None, 'rsi': None, 'bb_position': None, 'ret_3': None, 'ret_10': None, 'session_bucket': 2.0}"
2026-04-06|OXY|2026-04-06T13:46:00-04:00|short|12,2026-04-06,OXY,2026-04-06T13:46:00-04:00,short,12,0.4700528383255005,True,next_bar_open_if_replayed,"{'pressure_k': 0.0, 'spread': 0.01999999999999602, 'depth_imb_k': -0.5235323950273696, 'micro_off': 0.0009090909090900823, 'spread_mean_10s': 0.022999999999979082, 'depth_imb_k_mean_10s': -0.4242497909403767, 'depth_imb_k_mean_60s': -0.35937867796665196, 'dist_vwap_bps': None, 'hl_range_pct': None, 'oc_change_pct': None, 'volume_rel_20': None, 'atr_pct': None, 'position_in_range': None, 'rsi': None, 'bb_position': None, 'ret_3': None, 'ret_10': None, 'session_bucket': 2.0}"
2026-04-06|OXY|2026-04-06T13:47:00-04:00|short|12,2026-04-06,OXY,2026-04-06T13:47:00-04:00,short,12,0.4377977252006531,True,next_bar_open_if_replayed,"{'pressure_k': 0.0, 'spread': 0.01999999999999602, 'depth_imb_k': -0.6210333568474525, 'micro_off': 0.0, 'spread_mean_10s': 0.020749999999981127, 'depth_imb_k_mean_10s': -0.5607628377284414, 'depth_imb_k_mean_60s': -0.4936767294697212, 'dist_vwap_bps': None, 'hl_range_pct': None, 'oc_change_pct': None, 'volume_rel_20': None, 'atr_pct': None, 'position_in_range': None, 'rsi': None, 'bb_position': None, 'ret_3': None, 'ret_10': None, 'session_bucket': 2.0}"
2026-04-06|OXY|2026-04-06T13:48:00-04:00|long|8,2026-04-06,OXY,2026-04-06T13:48:00-04:00,long,8,0.3446841537952423,True,next_bar_open_if_replayed,"{'pressure_k': 0.0, 'spread': 0.00999999999999801, 'depth_imb_k': -0.10671078969893444, 'micro_off': -7.105427357601002e-15, 'spread_mean_10s': 0.014499999999986812, 'depth_imb_k_mean_10s': -0.15295971720356646, 'depth_imb_k_mean_60s': -0.283717638743616, 'dist_vwap_bps': None, 'hl_range_pct': None, 'oc_change_pct': None, 'volume_rel_20': None, 'atr_pct': None, 'position_in_range': None, 'rsi': None, 'bb_position': None, 'ret_3': None, 'ret_10': None, 'session_bucket': 2.0}"
2026-04-06|OXY|2026-04-06T13:49:00-04:00|short|12,2026-04-06,OXY,2026-04-06T13:49:00-04:00,short,12,0.36868342757225037,True,next_bar_open_if_replayed,"{'pressure_k': 0.0, 'spread': 0.020000000000003126, 'depth_imb_k': -0.3696601619621504, 'micro_off': -0.004285714285707343, 'spread_mean_10s': 0.01897435897434172, 'depth_imb_k_mean_10s': -0.4333753846607672, 'depth_imb_k_mean_60s': -0.11225440167016602, 'dist_vwap_bps': None, 'hl_range_pct': None, 'oc_change_pct': None, 'volume_rel_20': None, 'atr_pct': None, 'position_in_range': None, 'rsi': None, 'bb_position': None, 'ret_3': None, 'ret_10': None, 'session_bucket': 2.0}"
2026-04-06|OXY|2026-04-06T13:50:00-04:00|long|8,2026-04-06,OXY,2026-04-06T13:50:00-04:00,long,8,0.35663336515426636,True,next_bar_open_if_replayed,"{'pressure_k': 0.0, 'spread': 0.01999999999999602, 'depth_imb_k': -0.14330007440118364, 'micro_off': -0.005384615384613767, 'spread_mean_10s': 0.018717948717931695, 'depth_imb_k_mean_10s': -0.13786546258447394, 'depth_imb_k_mean_60s': -0.3319721108494583, 'dist_vwap_bps': None, 'hl_range_pct': None, 'oc_change_pct': None, 'volume_rel_20': None, 'atr_pct': None, 'position_in_range': None, 'rsi': None, 'bb_position': None, 'ret_3': None, 'ret_10': None, 'session_bucket': 2.0}"
2026-04-06|OXY|2026-04-06T13:51:00-04:00|long|8,2026-04-06,OXY,2026-04-06T13:51:00-04:00,long,8,0.3717711269855499,True,next_bar_open_if_replayed,"{'pressure_k': 0.0, 'spread': 0.00999999999999801, 'depth_imb_k': 0.36239941847247986, 'micro_off': -0.0016666666666722563, 'spread_mean_10s': 0.013076923076911183, 'depth_imb_k_mean_10s': 0.36589699062142245, 'depth_imb_k_mean_60s': -0.0728393479936789, 'dist_vwap_bps': None, 'hl_range_pct': None, 'oc_change_pct': None, 'volume_rel_20': None, 'atr_pct': None, 'position_in_range': None, 'rsi': None, 'bb_position': None, 'ret_3': None, 'ret_10': None, 'session_bucket': 2.0}"
2026-04-06|OXY|2026-04-06T13:52:00-04:00|long|8,2026-04-06,OXY,2026-04-06T13:52:00-04:00,long,8,0.35847434401512146,True,next_bar_open_if_replayed,"{'pressure_k': 0.0, 'spread': 0.00999999999999801, 'depth_imb_k': 0.06502972295763501, 'micro_off': -0.0012499999999988631, 'spread_mean_10s': 0.009999999999990905, 'depth_imb_k_mean_10s': 0.09281218872097509, 'depth_imb_k_mean_60s': 0.21685306399143706, 'dist_vwap_bps': None, 'hl_range_pct': None, 'oc_change_pct': None, 'volume_rel_20': None, 'atr_pct': None, 'position_in_range': None, 'rsi': None, 'bb_position': None, 'ret_3': None, 'ret_10': None, 'session_bucket': 2.0}"
2026-04-06|OXY|2026-04-06T13:53:00-04:00|short|12,2026-04-06,OXY,2026-04-06T13:53:00-04:00,short,12,0.36773553490638733,True,next_bar_open_if_replayed,"{'pressure_k': 0.0, 'spread': 0.020000000000003126, 'depth_imb_k': 0.31709552113307204, 'micro_off': 0.004285714285714448, 'spread_mean_10s': 0.011891891891881076, 'depth_imb_k_mean_10s': 0.38372658310398133, 'depth_imb_k_mean_60s': 0.11518530084912382, 'dist_vwap_bps': None, 'hl_range_pct': None, 'oc_change_pct': None, 'volume_rel_20': None, 'atr_pct': None, 'position_in_range': None, 'rsi': None, 'bb_position': None, 'ret_3': None, 'ret_10': None, 'session_bucket': 2.0}"
2026-04-06|OXY|2026-04-06T13:54:00-04:00|long|8,2026-04-06,OXY,2026-04-06T13:54:00-04:00,long,8,0.3886025547981262,True,next_bar_open_if_replayed,"{'pressure_k': 0.0, 'spread': 0.00999999999999801, 'depth_imb_k': -0.20038810159975648, 'micro_off': -0.002777777777772883, 'spread_mean_10s': 0.009999999999990905, 'depth_imb_k_mean_10s': -0.18038493911336972, 'depth_imb_k_mean_60s': 0.019728557895511197, 'dist_vwap_bps': None, 'hl_range_pct': None, 'oc_change_pct': None, 'volume_rel_20': None, 'atr_pct': None, 'position_in_range': None, 'rsi': None, 'bb_position': None, 'ret_3': None, 'ret_10': None, 'session_bucket': 2.0}"
2026-04-06|OXY|2026-04-06T13:55:00-04:00|long|12,2026-04-06,OXY,2026-04-06T13:55:00-04:00,long,12,0.361460417509079,True,next_bar_open_if_replayed,"{'pressure_k': 0.0, 'spread': 0.020000000000003126, 'depth_imb_k': -0.265207913174246, 'micro_off': 0.004285714285714448, 'spread_mean_10s': 0.01846153846152167, 'depth_imb_k_mean_10s': -0.16533448475792495, 'depth_imb_k_mean_60s': -0.13663200279081064, 'dist_vwap_bps': None, 'hl_range_pct': None, 'oc_change_pct': None, 'volume_rel_20': None, 'atr_pct': None, 'position_in_range': None, 'rsi': None, 'bb_position': None, 'ret_3': None, 'ret_10': None, 'session_bucket': 2.0}"
2026-04-06|OXY|2026-04-06T13:56:00-04:00|short|8,2026-04-06,OXY,2026-04-06T13:56:00-04:00,short,8,0.33717745542526245,True,next_bar_open_if_replayed,"{'pressure_k': 0.0, 'spread': 0.01999999999999602, 'depth_imb_k': -0.12402780400386207, 'micro_off': -0.0033333333333303017, 'spread_mean_10s': 0.01923076923075174, 'depth_imb_k_mean_10s': -0.12843467412550616, 'depth_imb_k_mean_60s': -0.11316230835423875, 'dist_vwap_bps': None, 'hl_range_pct': None, 'oc_change_pct': None, 'volume_rel_20': None, 'atr_pct': None, 'position_in_range': None, 'rsi': None, 'bb_position': None, 'ret_3': None, 'ret_10': None, 'session_bucket': 2.0}"
2026-04-06|OXY|2026-04-06T13:57:00-04:00|long|8,2026-04-06,OXY,2026-04-06T13:57:00-04:00,long,8,0.3397012948989868,True,next_bar_open_if_replayed,"{'pressure_k': 0.0, 'spread': 0.01999999999999602, 'depth_imb_k': -0.8797778917965978, 'micro_off': 0.005000000000002558, 'spread_mean_10s': 0.018999999999982718, 'depth_imb_k_mean_10s': -0.8776328030592481, 'depth_imb_k_mean_60s': -0.8822951084461151, 'dist_vwap_bps': None, 'hl_range_pct': None, 'oc_change_pct': None, 'volume_rel_20': None, 'atr_pct': None, 'position_in_range': None, 'rsi': None, 'bb_position': None, 'ret_3': None, 'ret_10': None, 'session_bucket': 2.0}"
2026-04-06|OXY|2026-04-06T13:58:00-04:00|long|8,2026-04-06,OXY,2026-04-06T13:58:00-04:00,long,8,0.3266417682170868,True,next_bar_open_if_replayed,"{'pressure_k': 0.0, 'spread': 0.00999999999999801, 'depth_imb_k': -0.9007798820297558, 'micro_off': 0.0016666666666651508, 'spread_mean_10s': 0.012249999999988858, 'depth_imb_k_mean_10s': -0.8899044465074553, 'depth_imb_k_mean_60s': -0.8781454409262581, 'dist_vwap_bps': None, 'hl_range_pct': None, 'oc_change_pct': None, 'volume_rel_20': None, 'atr_pct': None, 'position_in_range': None, 'rsi': None, 'bb_position': None, 'ret_3': None, 'ret_10': None, 'session_bucket': 2.0}"
2026-04-06|OXY|2026-04-06T13:59:00-04:00|short|12,2026-04-06,OXY,2026-04-06T13:59:00-04:00,short,12,0.3359677791595459,True,next_bar_open_if_replayed,"{'pressure_k': 0.0, 'spread': 0.020000000000003126, 'depth_imb_k': -0.07744465799666338, 'micro_off': 0.005000000000002558, 'spread_mean_10s': 0.01999999999998181, 'depth_imb_k_mean_10s': 0.04756956077463883, 'depth_imb_k_mean_60s': -0.04190111574480564, 'dist_vwap_bps': None, 'hl_range_pct': None, 'oc_change_pct': None, 'volume_rel_20': None, 'atr_pct': None, 'position_in_range': None, 'rsi': None, 'bb_position': None, 'ret_3': None, 'ret_10': None, 'session_bucket': 2.0}"
2026-04-06|OXY|2026-04-06T14:00:00-04:00|long|8,2026-04-06,OXY,2026-04-06T14:00:00-04:00,long,8,0.32042011618614197,True,next_bar_open_if_replayed,"{'pressure_k': 0.0, 'spread': 0.00999999999999801, 'depth_imb_k': -0.05449085893459898, 'micro_off': 0.0030000000000001137, 'spread_mean_10s': 0.009999999999990905, 'depth_imb_k_mean_10s': -0.10364588549748532, 'depth_imb_k_mean_60s': -0.025275363783867678, 'dist_vwap_bps': None, 'hl_range_pct': None, 'oc_change_pct': None, 'volume_rel_20': None, 'atr_pct': None, 'position_in_range': None, 'rsi': None, 'bb_position': None, 'ret_3': None, 'ret_10': None, 'session_bucket': 2.0}"
2026-04-06|OXY|2026-04-06T14:01:00-04:00|long|5,2026-04-06,OXY,2026-04-06T14:01:00-04:00,long,5,0.3284766972064972,True,next_bar_open_if_replayed,"{'pressure_k': 0.0, 'spread': 0.020000000000003126, 'depth_imb_k': -0.04155053646180683, 'micro_off': 0.0033333333333303017, 'spread_mean_10s': 0.01999999999998181, 'depth_imb_k_mean_10s': -0.10567439613403166, 'depth_imb_k_mean_60s': -0.1333478094531879, 'dist_vwap_bps': None, 'hl_range_pct': None, 'oc_change_pct': None, 'volume_rel_20': None, 'atr_pct': None, 'position_in_range': None, 'rsi': None, 'bb_position': None, 'ret_3': None, 'ret_10': None, 'session_bucket': 2.0}"
2026-04-06|OXY|2026-04-06T14:02:00-04:00|long|8,2026-04-06,OXY,2026-04-06T14:02:00-04:00,long,8,0.3468785285949707,True,next_bar_open_if_replayed,"{'pressure_k': 0.0, 'spread': 0.020000000000003126, 'depth_imb_k': 0.11582107386659093, 'micro_off': 0.007500000000000284, 'spread_mean_10s': 0.016499999999984992, 'depth_imb_k_mean_10s': 0.10223877347898451, 'depth_imb_k_mean_60s': -0.06740107233867983, 'dist_vwap_bps': None, 'hl_range_pct': None, 'oc_change_pct': None, 'volume_rel_20': None, 'atr_pct': None, 'position_in_range': None, 'rsi': None, 'bb_position': None, 'ret_3': None, 'ret_10': None, 'session_bucket': 2.0}"
2026-04-06|OXY|2026-04-06T14:03:00-04:00|short|12,2026-04-06,OXY,2026-04-06T14:03:00-04:00,short,12,0.35360971093177795,True,next_bar_open_if_replayed,"{'pressure_k': 0.0, 'spread': 0.01999999999999602, 'depth_imb_k': -0.0004532599385427779, 'micro_off': 0.002857142857145334, 'spread_mean_10s': 0.018499999999983176, 'depth_imb_k_mean_10s': -0.008550388997502979, 'depth_imb_k_mean_60s': 0.007404254012783678, 'dist_vwap_bps': None, 'hl_range_pct': None, 'oc_change_pct': None, 'volume_rel_20': None, 'atr_pct': None, 'position_in_range': None, 'rsi': None, 'bb_position': None, 'ret_3': None, 'ret_10': None, 'session_bucket': 2.0}"
2026-04-06|OXY|2026-04-06T14:04:00-04:00|short|12,2026-04-06,OXY,2026-04-06T14:04:00-04:00,short,12,0.381972074508667,True,next_bar_open_if_replayed,"{'pressure_k': 0.0, 'spread': 0.010000000000005116, 'depth_imb_k': -0.12806685620048766, 'micro_off': -0.003333333333337407, 'spread_mean_10s': 0.013749999999987494, 'depth_imb_k_mean_10s': -0.10052297222320021, 'depth_imb_k_mean_60s': -0.08469720953256964, 'dist_vwap_bps': None, 'hl_range_pct': None, 'oc_change_pct': None, 'volume_rel_20': None, 'atr_pct': None, 'position_in_range': None, 'rsi': None, 'bb_position': None, 'ret_3': None, 'ret_10': None, 'session_bucket': 2.0}"
2026-04-06|OXY|2026-04-06T14:05:00-04:00|short|12,2026-04-06,OXY,2026-04-06T14:05:00-04:00,short,12,0.35541245341300964,True,next_bar_open_if_replayed,"{'pressure_k': 0.0, 'spread': 0.020000000000003126, 'depth_imb_k': -0.17222440172616713, 'micro_off': -0.0049999999999954525, 'spread_mean_10s': 0.020499999999981356, 'depth_imb_k_mean_10s': -0.0998574191606167, 'depth_imb_k_mean_60s': -0.14734105546275866, 'dist_vwap_bps': None, 'hl_range_pct': None, 'oc_change_pct': None, 'volume_rel_20': None, 'atr_pct': None, 'position_in_range': None, 'rsi': None, 'bb_position': None, 'ret_3': None, 'ret_10': None, 'session_bucket': 2.0}"
2026-04-06|OXY|2026-04-06T14:06:00-04:00|long|12,2026-04-06,OXY,2026-04-06T14:06:00-04:00,long,12,0.3302003741264343,True,next_bar_open_if_replayed,"{'pressure_k': 0.0, 'spread': 0.00999999999999801, 'depth_imb_k': 0.04732226462207634, 'micro_off': -0.0016666666666651508, 'spread_mean_10s': 0.014999999999986358, 'depth_imb_k_mean_10s': -0.03340696600062074, 'depth_imb_k_mean_60s': -0.1112004085920638, 'dist_vwap_bps': None, 'hl_range_pct': None, 'oc_change_pct': None, 'volume_rel_20': None, 'atr_pct': None, 'position_in_range': None, 'rsi': None, 'bb_position': None, 'ret_3': None, 'ret_10': None, 'session_bucket': 2.0}"
2026-04-06|OXY|2026-04-06T14:07:00-04:00|short|12,2026-04-06,OXY,2026-04-06T14:07:00-04:00,short,12,0.37438344955444336,True,next_bar_open_if_replayed,"{'pressure_k': 0.0, 'spread': 0.010000000000005116, 'depth_imb_k': 0.053656279322858866, 'micro_off': 0.0, 'spread_mean_10s': 0.010749999999990222, 'depth_imb_k_mean_10s': 0.07185044861977304, 'depth_imb_k_mean_60s': 0.10999401673774377, 'dist_vwap_bps': None, 'hl_range_pct': None, 'oc_change_pct': None, 'volume_rel_20': None, 'atr_pct': None, 'position_in_range': None, 'rsi': None, 'bb_position': None, 'ret_3': None, 'ret_10': None, 'session_bucket': 2.0}"
2026-04-06|OXY|2026-04-06T14:08:00-04:00|short|12,2026-04-06,OXY,2026-04-06T14:08:00-04:00,short,12,0.3897571861743927,True,next_bar_open_if_replayed,"{'pressure_k': 0.0, 'spread': 0.010000000000005116, 'depth_imb_k': -0.25825093691060363, 'micro_off': 0.0037499999999965894, 'spread_mean_10s': 0.015499999999985904, 'depth_imb_k_mean_10s': -0.31483679116659, 'depth_imb_k_mean_60s': -0.2687712958468507, 'dist_vwap_bps': None, 'hl_range_pct': None, 'oc_change_pct': None, 'volume_rel_20': None, 'atr_pct': None, 'position_in_range': None, 'rsi': None, 'bb_position': None, 'ret_3': None, 'ret_10': None, 'session_bucket': 2.0}"
2026-04-06|OXY|2026-04-06T14:09:00-04:00|short|12,2026-04-06,OXY,2026-04-06T14:09:00-04:00,short,12,0.41530361771583557,True,next_bar_open_if_replayed,"{'pressure_k': 0.0, 'spread': 0.00999999999999801, 'depth_imb_k': 0.0455407599553369, 'micro_off': 0.0016666666666722563, 'spread_mean_10s': 0.016999999999984538, 'depth_imb_k_mean_10s': 0.06884867795497485, 'depth_imb_k_mean_60s': -0.1290986735289613, 'dist_vwap_bps': None, 'hl_range_pct': None, 'oc_change_pct': None, 'volume_rel_20': None, 'atr_pct': None, 'position_in_range': None, 'rsi': None, 'bb_position': None, 'ret_3': None, 'ret_10': None, 'session_bucket': 2.0}"
2026-04-06|OXY|2026-04-06T14:10:00-04:00|short|12,2026-04-06,OXY,2026-04-06T14:10:00-04:00,short,12,0.3903068006038666,True,next_bar_open_if_replayed,"{'pressure_k': 0.0, 'spread': 0.03999999999999915, 'depth_imb_k': 0.014666244242439012, 'micro_off': -0.003999999999997783, 'spread_mean_10s': 0.029999999999972715, 'depth_imb_k_mean_10s': -0.05567974243639355, 'depth_imb_k_mean_60s': -0.09273463354921944, 'dist_vwap_bps': None, 'hl_range_pct': None, 'oc_change_pct': None, 'volume_rel_20': None, 'atr_pct': None, 'position_in_range': None, 'rsi': None, 'bb_position': None, 'ret_3': None, 'ret_10': None, 'session_bucket': 2.0}"
2026-04-06|OXY|2026-04-06T14:11:00-04:00|short|12,2026-04-06,OXY,2026-04-06T14:11:00-04:00,short,12,0.401961088180542,True,next_bar_open_if_replayed,"{'pressure_k': 0.0, 'spread': 0.030000000000001137, 'depth_imb_k': 0.18263192217328772, 'micro_off': 0.0, 'spread_mean_10s': 0.019499999999982264, 'depth_imb_k_mean_10s': 0.14641644035148146, 'depth_imb_k_mean_60s': 0.0653676431025156, 'dist_vwap_bps': None, 'hl_range_pct': None, 'oc_change_pct': None, 'volume_rel_20': None, 'atr_pct': None, 'position_in_range': None, 'rsi': None, 'bb_position': None, 'ret_3': None, 'ret_10': None, 'session_bucket': 2.0}"
2026-04-06|OXY|2026-04-06T14:12:00-04:00|long|8,2026-04-06,OXY,2026-04-06T14:12:00-04:00,long,8,0.3619193136692047,True,next_bar_open_if_replayed,"{'pressure_k': 0.0, 'spread': 0.020000000000003126, 'depth_imb_k': 0.13205622437790607, 'micro_off': -0.0033333333333303017, 'spread_mean_10s': 0.022999999999979082, 'depth_imb_k_mean_10s': 0.04735799957524023, 'depth_imb_k_mean_60s': -0.01795206153583085, 'dist_vwap_bps': None, 'hl_range_pct': None, 'oc_change_pct': None, 'volume_rel_20': None, 'atr_pct': None, 'position_in_range': None, 'rsi': None, 'bb_position': None, 'ret_3': None, 'ret_10': None, 'session_bucket': 2.0}"
2026-04-06|OXY|2026-04-06T14:13:00-04:00|long|8,2026-04-06,OXY,2026-04-06T14:13:00-04:00,long,8,0.37842631340026855,True,next_bar_open_if_replayed,"{'pressure_k': 0.0, 'spread': 0.030000000000001137, 'depth_imb_k': 0.05351704568591017, 'micro_off': 0.0, 'spread_mean_10s': 0.02674999999997567, 'depth_imb_k_mean_10s': 0.046502494497133284, 'depth_imb_k_mean_60s': 0.07144734085968207, 'dist_vwap_bps': None, 'hl_range_pct': None, 'oc_change_pct': None, 'volume_rel_20': None, 'atr_pct': None, 'position_in_range': None, 'rsi': None, 'bb_position': None, 'ret_3': None, 'ret_10': None, 'session_bucket': 2.0}"
2026-04-06|OXY|2026-04-06T14:14:00-04:00|long|8,2026-04-06,OXY,2026-04-06T14:14:00-04:00,long,8,0.38861650228500366,True,next_bar_open_if_replayed,"{'pressure_k': 0.0, 'spread': 0.020000000000003126, 'depth_imb_k': -0.15045037187395932, 'micro_off': -0.001999999999995339, 'spread_mean_10s': 0.019512195121933473, 'depth_imb_k_mean_10s': -0.10943437253114631, 'depth_imb_k_mean_60s': 0.007275354752612909, 'dist_vwap_bps': None, 'hl_range_pct': None, 'oc_change_pct': None, 'volume_rel_20': None, 'atr_pct': None, 'position_in_range': None, 'rsi': None, 'bb_position': None, 'ret_3': None, 'ret_10': None, 'session_bucket': 2.0}"
2026-04-06|OXY|2026-04-06T14:15:00-04:00|long|8,2026-04-06,OXY,2026-04-06T14:15:00-04:00,long,8,0.47095683217048645,True,next_bar_open_if_replayed,"{'pressure_k': 0.0, 'spread': 0.00999999999999801, 'depth_imb_k': -0.22420703107409576, 'micro_off': -0.004047619047611306, 'spread_mean_10s': 0.01624999999998522, 'depth_imb_k_mean_10s': -0.18013391443303134, 'depth_imb_k_mean_60s': 0.05791081060645194, 'dist_vwap_bps': None, 'hl_range_pct': None, 'oc_change_pct': None, 'volume_rel_20': None, 'atr_pct': None, 'position_in_range': None, 'rsi': None, 'bb_position': None, 'ret_3': None, 'ret_10': None, 'session_bucket': 2.0}"
2026-04-06|OXY|2026-04-06T14:16:00-04:00|long|8,2026-04-06,OXY,2026-04-06T14:16:00-04:00,long,8,0.40051397681236267,True,next_bar_open_if_replayed,"{'pressure_k': 0.0, 'spread': 0.030000000000001137, 'depth_imb_k': -0.0005557666460617128, 'micro_off': 0.00999999999999801, 'spread_mean_10s': 0.020499999999981356, 'depth_imb_k_mean_10s': 0.038446246538433114, 'depth_imb_k_mean_60s': 0.016078314902519042, 'dist_vwap_bps': None, 'hl_range_pct': None, 'oc_change_pct': None, 'volume_rel_20': None, 'atr_pct': None, 'position_in_range': None, 'rsi': None, 'bb_position': None, 'ret_3': None, 'ret_10': None, 'session_bucket': 2.0}"
2026-04-06|OXY|2026-04-06T14:17:00-04:00|long|8,2026-04-06,OXY,2026-04-06T14:17:00-04:00,long,8,0.4468034505844116,True,next_bar_open_if_replayed,"{'pressure_k': 0.0, 'spread': 0.010000000000005116, 'depth_imb_k': -0.09123132120456402, 'micro_off': 0.0035714285714263383, 'spread_mean_10s': 0.017088607594921167, 'depth_imb_k_mean_10s': -0.13932825255082368, 'depth_imb_k_mean_60s': -0.1396829906037208, 'dist_vwap_bps': None, 'hl_range_pct': None, 'oc_change_pct': None, 'volume_rel_20': None, 'atr_pct': None, 'position_in_range': None, 'rsi': None, 'bb_position': None, 'ret_3': None, 'ret_10': None, 'session_bucket': 2.0}"
2026-04-06|OXY|2026-04-06T14:18:00-04:00|long|8,2026-04-06,OXY,2026-04-06T14:18:00-04:00,long,8,0.331233948469162,True,next_bar_open_if_replayed,"{'pressure_k': 0.0, 'spread': 0.00999999999999801, 'depth_imb_k': 0.2153435843813116, 'micro_off': 7.105427357601002e-15, 'spread_mean_10s': 0.009999999999990905, 'depth_imb_k_mean_10s': 0.11702870072814449, 'depth_imb_k_mean_60s': 0.02112712074032788, 'dist_vwap_bps': None, 'hl_range_pct': None, 'oc_change_pct': None, 'volume_rel_20': None, 'atr_pct': None, 'position_in_range': None, 'rsi': None, 'bb_position': None, 'ret_3': None, 'ret_10': None, 'session_bucket': 2.0}"
2026-04-06|OXY|2026-04-06T14:19:00-04:00|long|8,2026-04-06,OXY,2026-04-06T14:19:00-04:00,long,8,0.40528765320777893,True,next_bar_open_if_replayed,"{'pressure_k': 0.0, 'spread': 0.020000000000003126, 'depth_imb_k': 0.01980442000415024, 'micro_off': 0.005000000000002558, 'spread_mean_10s': 0.019249999999982493, 'depth_imb_k_mean_10s': 0.13702180749099852, 'depth_imb_k_mean_60s': 0.016378690318701053, 'dist_vwap_bps': None, 'hl_range_pct': None, 'oc_change_pct': None, 'volume_rel_20': None, 'atr_pct': None, 'position_in_range': None, 'rsi': None, 'bb_position': None, 'ret_3': None, 'ret_10': None, 'session_bucket': 2.0}"
2026-04-06|OXY|2026-04-06T14:20:00-04:00|short|12,2026-04-06,OXY,2026-04-06T14:20:00-04:00,short,12,0.38291046023368835,True,next_bar_open_if_replayed,"{'pressure_k': 0.0, 'spread': 0.020000000000003126, 'depth_imb_k': -0.0003319478120309433, 'micro_off': -0.000666666666660376, 'spread_mean_10s': 0.018999999999982718, 'depth_imb_k_mean_10s': 0.02345478647091568, 'depth_imb_k_mean_60s': -0.05413291173232608, 'dist_vwap_bps': None, 'hl_range_pct': None, 'oc_change_pct': None, 'volume_rel_20': None, 'atr_pct': None, 'position_in_range': None, 'rsi': None, 'bb_position': None, 'ret_3': None, 'ret_10': None, 'session_bucket': 2.0}"
2026-04-06|OXY|2026-04-06T14:21:00-04:00|long|8,2026-04-06,OXY,2026-04-06T14:21:00-04:00,long,8,0.32334861159324646,True,next_bar_open_if_replayed,"{'pressure_k': 0.0, 'spread': 0.01999999999999602, 'depth_imb_k': 0.0503066097415218, 'micro_off': 0.005000000000002558, 'spread_mean_10s': 0.021951219512175157, 'depth_imb_k_mean_10s': 0.09354379254029216, 'depth_imb_k_mean_60s': -0.0674483741101809, 'dist_vwap_bps': None, 'hl_range_pct': None, 'oc_change_pct': None, 'volume_rel_20': None, 'atr_pct': None, 'position_in_range': None, 'rsi': None, 'bb_position': None, 'ret_3': None, 'ret_10': None, 'session_bucket': 2.0}"
2026-04-06|OXY|2026-04-06T14:22:00-04:00|short|12,2026-04-06,OXY,2026-04-06T14:22:00-04:00,short,12,0.37401461601257324,True,next_bar_open_if_replayed,"{'pressure_k': 0.0, 'spread': 0.01999999999999602, 'depth_imb_k': -0.05502972239856871, 'micro_off': -0.004285714285714448, 'spread_mean_10s': 0.019249999999982493, 'depth_imb_k_mean_10s': -0.01822239378229824, 'depth_imb_k_mean_60s': 0.14061738079971664, 'dist_vwap_bps': None, 'hl_range_pct': None, 'oc_change_pct': None, 'volume_rel_20': None, 'atr_pct': None, 'position_in_range': None, 'rsi': None, 'bb_position': None, 'ret_3': None, 'ret_10': None, 'session_bucket': 2.0}"
2026-04-06|OXY|2026-04-06T14:23:00-04:00|long|8,2026-04-06,OXY,2026-04-06T14:23:00-04:00,long,8,0.38055139780044556,True,next_bar_open_if_replayed,"{'pressure_k': 0.0, 'spread': 0.020000000000003126, 'depth_imb_k': -0.05706034952759255, 'micro_off': 0.003333333333337407, 'spread_mean_10s': 0.016999999999984538, 'depth_imb_k_mean_10s': -0.05429391315742578, 'depth_imb_k_mean_60s': 0.032631727482738425, 'dist_vwap_bps': None, 'hl_range_pct': None, 'oc_change_pct': None, 'volume_rel_20': None, 'atr_pct': None, 'position_in_range': None, 'rsi': None, 'bb_position': None, 'ret_3': None, 'ret_10': None, 'session_bucket': 2.0}"
2026-04-06|OXY|2026-04-06T14:24:00-04:00|long|8,2026-04-06,OXY,2026-04-06T14:24:00-04:00,long,8,0.33891624212265015,True,next_bar_open_if_replayed,"{'pressure_k': 0.0, 'spread': 0.00999999999999801, 'depth_imb_k': 0.02678565683732362, 'micro_off': -0.001999999999995339, 'spread_mean_10s': 0.009999999999990905, 'depth_imb_k_mean_10s': 0.16620493953271306, 'depth_imb_k_mean_60s': 0.07733267380196807, 'dist_vwap_bps': None, 'hl_range_pct': None, 'oc_change_pct': None, 'volume_rel_20': None, 'atr_pct': None, 'position_in_range': None, 'rsi': None, 'bb_position': None, 'ret_3': None, 'ret_10': None, 'session_bucket': 2.0}"
2026-04-06|OXY|2026-04-06T14:25:00-04:00|short|12,2026-04-06,OXY,2026-04-06T14:25:00-04:00,short,12,0.390139639377594,True,next_bar_open_if_replayed,"{'pressure_k': 0.0, 'spread': 0.00999999999999801, 'depth_imb_k': 0.09337619432075406, 'micro_off': 0.0035714285714263383, 'spread_mean_10s': 0.01071428571427597, 'depth_imb_k_mean_10s': 0.26291450853627146, 'depth_imb_k_mean_60s': 0.14738919697309802, 'dist_vwap_bps': None, 'hl_range_pct': None, 'oc_change_pct': None, 'volume_rel_20': None, 'atr_pct': None, 'position_in_range': None, 'rsi': None, 'bb_position': None, 'ret_3': None, 'ret_10': None, 'session_bucket': 2.0}"
2026-04-06|OXY|2026-04-06T14:26:00-04:00|short|12,2026-04-06,OXY,2026-04-06T14:26:00-04:00,short,12,0.38956159353256226,True,next_bar_open_if_replayed,"{'pressure_k': 0.0, 'spread': 0.01999999999999602, 'depth_imb_k': -0.06291057027328845, 'micro_off': 0.0, 'spread_mean_10s': 0.01999999999998181, 'depth_imb_k_mean_10s': -0.04214507805230596, 'depth_imb_k_mean_60s': 0.06484932791015795, 'dist_vwap_bps': None, 'hl_range_pct': None, 'oc_change_pct': None, 'volume_rel_20': None, 'atr_pct': None, 'position_in_range': None, 'rsi': None, 'bb_position': None, 'ret_3': None, 'ret_10': None, 'session_bucket': 2.0}"
2026-04-06|OXY|2026-04-06T14:27:00-04:00|short|12,2026-04-06,OXY,2026-04-06T14:27:00-04:00,short,12,0.3622879981994629,True,next_bar_open_if_replayed,"{'pressure_k': 0.0, 'spread': 0.01999999999999602, 'depth_imb_k': 0.07890521904685155, 'micro_off': -0.006666666666667709, 'spread_mean_10s': 0.01999999999998181, 'depth_imb_k_mean_10s': 0.046164890218187794, 'depth_imb_k_mean_60s': 0.007413239452959734, 'dist_vwap_bps': None, 'hl_range_pct': None, 'oc_change_pct': None, 'volume_rel_20': None, 'atr_pct': None, 'position_in_range': None, 'rsi': None, 'bb_position': None, 'ret_3': None, 'ret_10': None, 'session_bucket': 2.0}"
2026-04-06|OXY|2026-04-06T14:28:00-04:00|long|8,2026-04-06,OXY,2026-04-06T14:28:00-04:00,long,8,0.37260207533836365,True,next_bar_open_if_replayed,"{'pressure_k': 0.0, 'spread': 0.020000000000003126, 'depth_imb_k': -0.07980414616033331, 'micro_off': -0.005555555555552871, 'spread_mean_10s': 0.01999999999998181, 'depth_imb_k_mean_10s': -0.06654304698290617, 'depth_imb_k_mean_60s': -0.025186261719573715, 'dist_vwap_bps': None, 'hl_range_pct': None, 'oc_change_pct': None, 'volume_rel_20': None, 'atr_pct': None, 'position_in_range': None, 'rsi': None, 'bb_position': None, 'ret_3': None, 'ret_10': None, 'session_bucket': 2.0}"
2026-04-06|OXY|2026-04-06T14:29:00-04:00|long|8,2026-04-06,OXY,2026-04-06T14:29:00-04:00,long,8,0.3771005868911743,True,next_bar_open_if_replayed,"{'pressure_k': 0.0, 'spread': 0.01999999999999602, 'depth_imb_k': -0.04388224238511326, 'micro_off': -0.007142857142859782, 'spread_mean_10s': 0.02054054054052186, 'depth_imb_k_mean_10s': 0.045341354934923916, 'depth_imb_k_mean_60s': 0.010547259786155554, 'dist_vwap_bps': None, 'hl_range_pct': None, 'oc_change_pct': None, 'volume_rel_20': None, 'atr_pct': None, 'position_in_range': None, 'rsi': None, 'bb_position': None, 'ret_3': None, 'ret_10': None, 'session_bucket': 2.0}"
2026-04-06|OXY|2026-04-06T14:30:00-04:00|short|12,2026-04-06,OXY,2026-04-06T14:30:00-04:00,short,12,0.3380906283855438,True,next_bar_open_if_replayed,"{'pressure_k': 0.0, 'spread': 0.030000000000001137, 'depth_imb_k': 0.061953387050858365, 'micro_off': 0.007500000000000284, 'spread_mean_10s': 0.021282051282031925, 'depth_imb_k_mean_10s': -0.031685603941801116, 'depth_imb_k_mean_60s': -0.11102845042404445, 'dist_vwap_bps': None, 'hl_range_pct': None, 'oc_change_pct': None, 'volume_rel_20': None, 'atr_pct': None, 'position_in_range': None, 'rsi': None, 'bb_position': None, 'ret_3': None, 'ret_10': None, 'session_bucket': 2.0}"
2026-04-06|OXY|2026-04-06T14:31:00-04:00|long|12,2026-04-06,OXY,2026-04-06T14:31:00-04:00,long,12,0.35740309953689575,True,next_bar_open_if_replayed,"{'pressure_k': 0.0, 'spread': 0.01999999999999602, 'depth_imb_k': 0.47124241508033204, 'micro_off': 0.008000000000002672, 'spread_mean_10s': 0.01999999999998181, 'depth_imb_k_mean_10s': 0.3555284389868916, 'depth_imb_k_mean_60s': 0.028487507403237536, 'dist_vwap_bps': None, 'hl_range_pct': None, 'oc_change_pct': None, 'volume_rel_20': None, 'atr_pct': None, 'position_in_range': None, 'rsi': None, 'bb_position': None, 'ret_3': None, 'ret_10': None, 'session_bucket': 2.0}"
2026-04-06|OXY|2026-04-06T14:32:00-04:00|short|12,2026-04-06,OXY,2026-04-06T14:32:00-04:00,short,12,0.37591803073883057,True,next_bar_open_if_replayed,"{'pressure_k': 0.0, 'spread': 0.00999999999999801, 'depth_imb_k': -0.2104379410625032, 'micro_off': -0.003333333333337407, 'spread_mean_10s': 0.009999999999990905, 'depth_imb_k_mean_10s': -0.23404412081058582, 'depth_imb_k_mean_60s': -0.09891778478966164, 'dist_vwap_bps': None, 'hl_range_pct': None, 'oc_change_pct': None, 'volume_rel_20': None, 'atr_pct': None, 'position_in_range': None, 'rsi': None, 'bb_position': None, 'ret_3': None, 'ret_10': None, 'session_bucket': 2.0}"
2026-04-06|OXY|2026-04-06T14:33:00-04:00|short|12,2026-04-06,OXY,2026-04-06T14:33:00-04:00,short,12,0.3847169876098633,True,next_bar_open_if_replayed,"{'pressure_k': 0.0, 'spread': 0.01999999999999602, 'depth_imb_k': -0.2166575670959523, 'micro_off': 0.007500000000000284, 'spread_mean_10s': 0.01999999999998181, 'depth_imb_k_mean_10s': -0.28062564786217764, 'depth_imb_k_mean_60s': -0.2005668020953558, 'dist_vwap_bps': None, 'hl_range_pct': None, 'oc_change_pct': None, 'volume_rel_20': None, 'atr_pct': None, 'position_in_range': None, 'rsi': None, 'bb_position': None, 'ret_3': None, 'ret_10': None, 'session_bucket': 2.0}"
2026-04-06|OXY|2026-04-06T14:34:00-04:00|long|8,2026-04-06,OXY,2026-04-06T14:34:00-04:00,long,8,0.36694321036338806,True,next_bar_open_if_replayed,"{'pressure_k': 0.0, 'spread': 0.030000000000001137, 'depth_imb_k': -0.13557184907679956, 'micro_off': 0.0, 'spread_mean_10s': 0.029999999999972715, 'depth_imb_k_mean_10s': -0.1491351452970006, 'depth_imb_k_mean_60s': -0.1670895390420912, 'dist_vwap_bps': None, 'hl_range_pct': None, 'oc_change_pct': None, 'volume_rel_20': None, 'atr_pct': None, 'position_in_range': None, 'rsi': None, 'bb_position': None, 'ret_3': None, 'ret_10': None, 'session_bucket': 2.0}"
2026-04-06|OXY|2026-04-06T14:35:00-04:00|long|8,2026-04-06,OXY,2026-04-06T14:35:00-04:00,long,8,0.383716881275177,True,next_bar_open_if_replayed,"{'pressure_k': 0.0, 'spread': 0.030000000000001137, 'depth_imb_k': -0.3048092000890805, 'micro_off': -0.011250000000003979, 'spread_mean_10s': 0.028974358974332624, 'depth_imb_k_mean_10s': -0.25949494713206195, 'depth_imb_k_mean_60s': -0.2250447382610625, 'dist_vwap_bps': None, 'hl_range_pct': None, 'oc_change_pct': None, 'volume_rel_20': None, 'atr_pct': None, 'position_in_range': None, 'rsi': None, 'bb_position': None, 'ret_3': None, 'ret_10': None, 'session_bucket': 2.0}"
2026-04-06|OXY|2026-04-06T14:36:00-04:00|short|12,2026-04-06,OXY,2026-04-06T14:36:00-04:00,short,12,0.31095805764198303,True,next_bar_open_if_replayed,"{'pressure_k': 0.0, 'spread': 0.030000000000001137, 'depth_imb_k': -0.288125588642509, 'micro_off': 0.007500000000000284, 'spread_mean_10s': 0.029999999999972715, 'depth_imb_k_mean_10s': -0.3053123320194759, 'depth_imb_k_mean_60s': -0.24915634429996336, 'dist_vwap_bps': None, 'hl_range_pct': None, 'oc_change_pct': None, 'volume_rel_20': None, 'atr_pct': None, 'position_in_range': None, 'rsi': None, 'bb_position': None, 'ret_3': None, 'ret_10': None, 'session_bucket': 2.0}"
2026-04-06|OXY|2026-04-06T14:37:00-04:00|long|8,2026-04-06,OXY,2026-04-06T14:37:00-04:00,long,8,0.37553173303604126,True,next_bar_open_if_replayed,"{'pressure_k': 0.0, 'spread': 0.00999999999999801, 'depth_imb_k': 0.015992889738978576, 'micro_off': 0.0030000000000001137, 'spread_mean_10s': 0.019499999999982264, 'depth_imb_k_mean_10s': 0.057052155629958176, 'depth_imb_k_mean_60s': -0.13306569339314764, 'dist_vwap_bps': None, 'hl_range_pct': None, 'oc_change_pct': None, 'volume_rel_20': None, 'atr_pct': None, 'position_in_range': None, 'rsi': None, 'bb_position': None, 'ret_3': None, 'ret_10': None, 'session_bucket': 2.0}"
2026-04-06|OXY|2026-04-06T14:38:00-04:00|long|12,2026-04-06,OXY,2026-04-06T14:38:00-04:00,long,12,0.396556556224823,True,next_bar_open_if_replayed,"{'pressure_k': 0.0, 'spread': 0.020000000000003126, 'depth_imb_k': 0.04423450656049312, 'micro_off': 0.006000000000000227, 'spread_mean_10s': 0.01897435897434172, 'depth_imb_k_mean_10s': -0.0034214775172795972, 'depth_imb_k_mean_60s': 0.07227782652130631, 'dist_vwap_bps': None, 'hl_range_pct': None, 'oc_change_pct': None, 'volume_rel_20': None, 'atr_pct': None, 'position_in_range': None, 'rsi': None, 'bb_position': None, 'ret_3': None, 'ret_10': None, 'session_bucket': 2.0}"
2026-04-06|OXY|2026-04-06T14:39:00-04:00|long|8,2026-04-06,OXY,2026-04-06T14:39:00-04:00,long,8,0.401795357465744,True,next_bar_open_if_replayed,"{'pressure_k': 0.0, 'spread': 0.030000000000001137, 'depth_imb_k': 0.0503238503916049, 'micro_off': 0.0030000000000001137, 'spread_mean_10s': 0.028461538461512576, 'depth_imb_k_mean_10s': 0.04049329189406191, 'depth_imb_k_mean_60s': 0.09276217042722634, 'dist_vwap_bps': None, 'hl_range_pct': None, 'oc_change_pct': None, 'volume_rel_20': None, 'atr_pct': None, 'position_in_range': None, 'rsi': None, 'bb_position': None, 'ret_3': None, 'ret_10': None, 'session_bucket': 2.0}"
2026-04-06|OXY|2026-04-06T14:40:00-04:00|long|12,2026-04-06,OXY,2026-04-06T14:40:00-04:00,long,12,0.35284310579299927,True,next_bar_open_if_replayed,"{'pressure_k': 0.0, 'spread': 0.01999999999999602, 'depth_imb_k': 0.030862407064464227, 'micro_off': 0.0049999999999954525, 'spread_mean_10s': 0.01999999999998181, 'depth_imb_k_mean_10s': 0.014852093785190267, 'depth_imb_k_mean_60s': 0.021877812460160382, 'dist_vwap_bps': None, 'hl_range_pct': None, 'oc_change_pct': None, 'volume_rel_20': None, 'atr_pct': None, 'position_in_range': None, 'rsi': None, 'bb_position': None, 'ret_3': None, 'ret_10': None, 'session_bucket': 2.0}"
2026-04-06|OXY|2026-04-06T14:41:00-04:00|long|12,2026-04-06,OXY,2026-04-06T14:41:00-04:00,long,12,0.3551318049430847,True,next_bar_open_if_replayed,"{'pressure_k': 0.0, 'spread': 0.020000000000003126, 'depth_imb_k': 0.0154983892052825, 'micro_off': 7.105427357601002e-15, 'spread_mean_10s': 0.019743589743571786, 'depth_imb_k_mean_10s': -0.044622633180388685, 'depth_imb_k_mean_60s': 3.156884259599576e-05, 'dist_vwap_bps': None, 'hl_range_pct': None, 'oc_change_pct': None, 'volume_rel_20': None, 'atr_pct': None, 'position_in_range': None, 'rsi': None, 'bb_position': None, 'ret_3': None, 'ret_10': None, 'session_bucket': 2.0}"
2026-04-06|OXY|2026-04-06T14:42:00-04:00|long|12,2026-04-06,OXY,2026-04-06T14:42:00-04:00,long,12,0.35703134536743164,True,next_bar_open_if_replayed,"{'pressure_k': 0.0, 'spread': 0.020000000000003126, 'depth_imb_k': -0.05941384315940311, 'micro_off': -0.006363636363630576, 'spread_mean_10s': 0.0237499999999784, 'depth_imb_k_mean_10s': 0.0287460332806063, 'depth_imb_k_mean_60s': -0.019971213658807142, 'dist_vwap_bps': None, 'hl_range_pct': None, 'oc_change_pct': None, 'volume_rel_20': None, 'atr_pct': None, 'position_in_range': None, 'rsi': None, 'bb_position': None, 'ret_3': None, 'ret_10': None, 'session_bucket': 2.0}"
2026-04-06|OXY|2026-04-06T14:43:00-04:00|long|12,2026-04-06,OXY,2026-04-06T14:43:00-04:00,long,12,0.3560865819454193,True,next_bar_open_if_replayed,"{'pressure_k': 0.0, 'spread': 0.020000000000003126, 'depth_imb_k': 0.07001873186607833, 'micro_off': 0.007499999999993179, 'spread_mean_10s': 0.01999999999998181, 'depth_imb_k_mean_10s': 0.09824799569373681, 'depth_imb_k_mean_60s': 0.027039823896745637, 'dist_vwap_bps': None, 'hl_range_pct': None, 'oc_change_pct': None, 'volume_rel_20': None, 'atr_pct': None, 'position_in_range': None, 'rsi': None, 'bb_position': None, 'ret_3': None, 'ret_10': None, 'session_bucket': 2.0}"
2026-04-06|OXY|2026-04-06T14:44:00-04:00|long|8,2026-04-06,OXY,2026-04-06T14:44:00-04:00,long,8,0.35988813638687134,True,next_bar_open_if_replayed,"{'pressure_k': 0.0, 'spread': 0.020000000000003126, 'depth_imb_k': -0.1799613467602482, 'micro_off': 7.105427357601002e-15, 'spread_mean_10s': 0.01615384615383146, 'depth_imb_k_mean_10s': -0.22747107606104086, 'depth_imb_k_mean_60s': -0.12209710642674959, 'dist_vwap_bps': None, 'hl_range_pct': None, 'oc_change_pct': None, 'volume_rel_20': None, 'atr_pct': None, 'position_in_range': None, 'rsi': None, 'bb_position': None, 'ret_3': None, 'ret_10': None, 'session_bucket': 2.0}"
2026-04-06|OXY|2026-04-06T14:45:00-04:00|short|12,2026-04-06,OXY,2026-04-06T14:45:00-04:00,short,12,0.3492526412010193,True,next_bar_open_if_replayed,"{'pressure_k': 0.0, 'spread': 0.020000000000003126, 'depth_imb_k': -0.21883508992061163, 'micro_off': 0.006000000000007333, 'spread_mean_10s': 0.02241379310342789, 'depth_imb_k_mean_10s': -0.18838654192906437, 'depth_imb_k_mean_60s': -0.18513191915724594, 'dist_vwap_bps': None, 'hl_range_pct': None, 'oc_change_pct': None, 'volume_rel_20': None, 'atr_pct': None, 'position_in_range': None, 'rsi': None, 'bb_position': None, 'ret_3': None, 'ret_10': None, 'session_bucket': 2.0}"
2026-04-06|OXY|2026-04-06T14:46:00-04:00|long|8,2026-04-06,OXY,2026-04-06T14:46:00-04:00,long,8,0.32099077105522156,True,next_bar_open_if_replayed,"{'pressure_k': 0.0, 'spread': 0.00999999999999801, 'depth_imb_k': -0.0004119027090917929, 'micro_off': 0.0, 'spread_mean_10s': 0.012999999999988177, 'depth_imb_k_mean_10s': -0.137884482456343, 'depth_imb_k_mean_60s': -0.19474039650565408, 'dist_vwap_bps': None, 'hl_range_pct': None, 'oc_change_pct': None, 'volume_rel_20': None, 'atr_pct': None, 'position_in_range': None, 'rsi': None, 'bb_position': None, 'ret_3': None, 'ret_10': None, 'session_bucket': 2.0}"
2026-04-06|OXY|2026-04-06T14:47:00-04:00|short|12,2026-04-06,OXY,2026-04-06T14:47:00-04:00,short,12,0.33125507831573486,True,next_bar_open_if_replayed,"{'pressure_k': 0.0, 'spread': 0.00999999999999801, 'depth_imb_k': -0.15035755990888022, 'micro_off': -0.0035714285714334437, 'spread_mean_10s': 0.009999999999990905, 'depth_imb_k_mean_10s': -0.19557002324761877, 'depth_imb_k_mean_60s': -0.16361982040004863, 'dist_vwap_bps': None, 'hl_range_pct': None, 'oc_change_pct': None, 'volume_rel_20': None, 'atr_pct': None, 'position_in_range': None, 'rsi': None, 'bb_position': None, 'ret_3': None, 'ret_10': None, 'session_bucket': 2.0}"
2026-04-06|OXY|2026-04-06T14:48:00-04:00|long|8,2026-04-06,OXY,2026-04-06T14:48:00-04:00,long,8,0.320194810628891,True,next_bar_open_if_replayed,"{'pressure_k': 0.0, 'spread': 0.01999999999999602, 'depth_imb_k': 0.11719034332160622, 'micro_off': 0.006666666666667709, 'spread_mean_10s': 0.01923076923075174, 'depth_imb_k_mean_10s': 0.017089799597448663, 'depth_imb_k_mean_60s': -0.06684088600597979, 'dist_vwap_bps': None, 'hl_range_pct': None, 'oc_change_pct': None, 'volume_rel_20': None, 'atr_pct': None, 'position_in_range': None, 'rsi': None, 'bb_position': None, 'ret_3': None, 'ret_10': None, 'session_bucket': 2.0}"
2026-04-06|OXY|2026-04-06T14:49:00-04:00|long|8,2026-04-06,OXY,2026-04-06T14:49:00-04:00,long,8,0.34591928124427795,True,next_bar_open_if_replayed,"{'pressure_k': 0.0, 'spread': 0.020000000000003126, 'depth_imb_k': 0.05364488104756168, 'micro_off': 0.008000000000002672, 'spread_mean_10s': 0.015499999999985904, 'depth_imb_k_mean_10s': -0.06968778855564324, 'depth_imb_k_mean_60s': -0.08628275078899357, 'dist_vwap_bps': None, 'hl_range_pct': None, 'oc_change_pct': None, 'volume_rel_20': None, 'atr_pct': None, 'position_in_range': None, 'rsi': None, 'bb_position': None, 'ret_3': None, 'ret_10': None, 'session_bucket': 2.0}"
2026-04-06|OXY|2026-04-06T14:50:00-04:00|short|12,2026-04-06,OXY,2026-04-06T14:50:00-04:00,short,12,0.3173486888408661,True,next_bar_open_if_replayed,"{'pressure_k': 0.0, 'spread': 0.00999999999999801, 'depth_imb_k': -0.09894872287477158, 'micro_off': 0.0033333333333303017, 'spread_mean_10s': 0.009999999999990905, 'depth_imb_k_mean_10s': -0.13177636860340358, 'depth_imb_k_mean_60s': -0.060108176480114225, 'dist_vwap_bps': None, 'hl_range_pct': None, 'oc_change_pct': None, 'volume_rel_20': None, 'atr_pct': None, 'position_in_range': None, 'rsi': None, 'bb_position': None, 'ret_3': None, 'ret_10': None, 'session_bucket': 2.0}"
2026-04-06|OXY|2026-04-06T14:51:00-04:00|long|8,2026-04-06,OXY,2026-04-06T14:51:00-04:00,long,8,0.35030657052993774,True,next_bar_open_if_replayed,"{'pressure_k': 0.0, 'spread': 0.020000000000003126, 'depth_imb_k': -0.3019119183375499, 'micro_off': 0.005000000000002558, 'spread_mean_10s': 0.0182499999999834, 'depth_imb_k_mean_10s': -0.14419419244816253, 'depth_imb_k_mean_60s': -0.06582731862980891, 'dist_vwap_bps': None, 'hl_range_pct': None, 'oc_change_pct': None, 'volume_rel_20': None, 'atr_pct': None, 'position_in_range': None, 'rsi': None, 'bb_position': None, 'ret_3': None, 'ret_10': None, 'session_bucket': 2.0}"
2026-04-06|OXY|2026-04-06T14:52:00-04:00|short|12,2026-04-06,OXY,2026-04-06T14:52:00-04:00,short,12,0.3400416374206543,True,next_bar_open_if_replayed,"{'pressure_k': 0.0, 'spread': 0.00999999999999801, 'depth_imb_k': -0.1114202367746063, 'micro_off': 0.0016666666666651508, 'spread_mean_10s': 0.012051282051271092, 'depth_imb_k_mean_10s': -0.03831627665188838, 'depth_imb_k_mean_60s': -0.0853000504324601, 'dist_vwap_bps': None, 'hl_range_pct': None, 'oc_change_pct': None, 'volume_rel_20': None, 'atr_pct': None, 'position_in_range': None, 'rsi': None, 'bb_position': None, 'ret_3': None, 'ret_10': None, 'session_bucket': 2.0}"
2026-04-06|OXY|2026-04-06T14:53:00-04:00|long|8,2026-04-06,OXY,2026-04-06T14:53:00-04:00,long,8,0.3603711426258087,True,next_bar_open_if_replayed,"{'pressure_k': 0.0, 'spread': 0.00999999999999801, 'depth_imb_k': -0.21650305802538933, 'micro_off': -0.0033333333333303017, 'spread_mean_10s': 0.012307692307681114, 'depth_imb_k_mean_10s': -0.25594029849648553, 'depth_imb_k_mean_60s': -0.1705246354777642, 'dist_vwap_bps': None, 'hl_range_pct': None, 'oc_change_pct': None, 'volume_rel_20': None, 'atr_pct': None, 'position_in_range': None, 'rsi': None, 'bb_position': None, 'ret_3': None, 'ret_10': None, 'session_bucket': 2.0}"
2026-04-06|OXY|2026-04-06T14:54:00-04:00|short|12,2026-04-06,OXY,2026-04-06T14:54:00-04:00,short,12,0.3321463465690613,True,next_bar_open_if_replayed,"{'pressure_k': 0.0, 'spread': 0.030000000000001137, 'depth_imb_k': 0.027957135413126714, 'micro_off': 0.005000000000002558, 'spread_mean_10s': 0.020512820512801858, 'depth_imb_k_mean_10s': -0.030941174119620066, 'depth_imb_k_mean_60s': -0.12807746007468104, 'dist_vwap_bps': None, 'hl_range_pct': None, 'oc_change_pct': None, 'volume_rel_20': None, 'atr_pct': None, 'position_in_range': None, 'rsi': None, 'bb_position': None, 'ret_3': None, 'ret_10': None, 'session_bucket': 2.0}"
2026-04-06|OXY|2026-04-06T14:55:00-04:00|short|12,2026-04-06,OXY,2026-04-06T14:55:00-04:00,short,12,0.3855818510055542,True,next_bar_open_if_replayed,"{'pressure_k': 0.0, 'spread': 0.020000000000003126, 'depth_imb_k': -0.06491241975112944, 'micro_off': 0.0, 'spread_mean_10s': 0.01999999999998181, 'depth_imb_k_mean_10s': -0.19524981617742015, 'depth_imb_k_mean_60s': -0.10351767460957474, 'dist_vwap_bps': None, 'hl_range_pct': None, 'oc_change_pct': None, 'volume_rel_20': None, 'atr_pct': None, 'position_in_range': None, 'rsi': None, 'bb_position': None, 'ret_3': None, 'ret_10': None, 'session_bucket': 2.0}"
2026-04-06|OXY|2026-04-06T14:56:00-04:00|short|12,2026-04-06,OXY,2026-04-06T14:56:00-04:00,short,12,0.3634990453720093,True,next_bar_open_if_replayed,"{'pressure_k': 0.0, 'spread': 0.00999999999999801, 'depth_imb_k': -0.12045460789223984, 'micro_off': -0.0016666666666651508, 'spread_mean_10s': 0.011794871794861068, 'depth_imb_k_mean_10s': -0.14387119124672282, 'depth_imb_k_mean_60s': -0.08330124495116988, 'dist_vwap_bps': None, 'hl_range_pct': None, 'oc_change_pct': None, 'volume_rel_20': None, 'atr_pct': None, 'position_in_range': None, 'rsi': None, 'bb_position': None, 'ret_3': None, 'ret_10': None, 'session_bucket': 2.0}"
2026-04-06|OXY|2026-04-06T14:57:00-04:00|short|12,2026-04-06,OXY,2026-04-06T14:57:00-04:00,short,12,0.31244945526123047,True,next_bar_open_if_replayed,"{'pressure_k': 0.0, 'spread': 0.00999999999999801, 'depth_imb_k': 0.052307264511644073, 'micro_off': -0.0016666666666651508, 'spread_mean_10s': 0.009999999999990905, 'depth_imb_k_mean_10s': 0.01847694807735425, 'depth_imb_k_mean_60s': -0.08277498575082581, 'dist_vwap_bps': None, 'hl_range_pct': None, 'oc_change_pct': None, 'volume_rel_20': None, 'atr_pct': None, 'position_in_range': None, 'rsi': None, 'bb_position': None, 'ret_3': None, 'ret_10': None, 'session_bucket': 2.0}"
2026-04-06|OXY|2026-04-06T14:58:00-04:00|short|12,2026-04-06,OXY,2026-04-06T14:58:00-04:00,short,12,0.3573024868965149,True,next_bar_open_if_replayed,"{'pressure_k': 0.0, 'spread': 0.030000000000001137, 'depth_imb_k': -0.14753800284861102, 'micro_off': -0.007500000000000284, 'spread_mean_10s': 0.02382352941174304, 'depth_imb_k_mean_10s': -0.20226352820556232, 'depth_imb_k_mean_60s': -0.21619421582225892, 'dist_vwap_bps': None, 'hl_range_pct': None, 'oc_change_pct': None, 'volume_rel_20': None, 'atr_pct': None, 'position_in_range': None, 'rsi': None, 'bb_position': None, 'ret_3': None, 'ret_10': None, 'session_bucket': 2.0}"
2026-04-06|OXY|2026-04-06T14:59:00-04:00|short|12,2026-04-06,OXY,2026-04-06T14:59:00-04:00,short,12,0.3847333788871765,True,next_bar_open_if_replayed,"{'pressure_k': 0.0, 'spread': 0.020000000000003126, 'depth_imb_k': -0.190984140162844, 'micro_off': -0.005000000000002558, 'spread_mean_10s': 0.01624999999998522, 'depth_imb_k_mean_10s': -0.21675869098227168, 'depth_imb_k_mean_60s': -0.141609931504673, 'dist_vwap_bps': None, 'hl_range_pct': None, 'oc_change_pct': None, 'volume_rel_20': None, 'atr_pct': None, 'position_in_range': None, 'rsi': None, 'bb_position': None, 'ret_3': None, 'ret_10': None, 'session_bucket': 2.0}"
2026-04-06|OXY|2026-04-06T15:00:00-04:00|long|8,2026-04-06,OXY,2026-04-06T15:00:00-04:00,long,8,0.30448976159095764,True,next_bar_open_if_replayed,"{'pressure_k': 0.0, 'spread': 0.020000000000003126, 'depth_imb_k': -0.1617460938398877, 'micro_off': 0.0, 'spread_mean_10s': 0.015652173913029244, 'depth_imb_k_mean_10s': -0.15224970144418362, 'depth_imb_k_mean_60s': -0.16916710598722412, 'dist_vwap_bps': None, 'hl_range_pct': None, 'oc_change_pct': None, 'volume_rel_20': None, 'atr_pct': None, 'position_in_range': None, 'rsi': None, 'bb_position': None, 'ret_3': None, 'ret_10': None, 'session_bucket': 2.0}"
2026-04-06|OXY|2026-04-06T15:01:00-04:00|long|8,2026-04-06,OXY,2026-04-06T15:01:00-04:00,long,8,0.3105284571647644,True,next_bar_open_if_replayed,"{'pressure_k': 0.0, 'spread': 0.020000000000003126, 'depth_imb_k': -0.09628725716481851, 'micro_off': -0.003333333333337407, 'spread_mean_10s': 0.01999999999998181, 'depth_imb_k_mean_10s': -0.13319218125946009, 'depth_imb_k_mean_60s': -0.18065093192346784, 'dist_vwap_bps': None, 'hl_range_pct': None, 'oc_change_pct': None, 'volume_rel_20': None, 'atr_pct': None, 'position_in_range': None, 'rsi': None, 'bb_position': None, 'ret_3': None, 'ret_10': None, 'session_bucket': 2.0}"
2026-04-06|OXY|2026-04-06T15:02:00-04:00|long|8,2026-04-06,OXY,2026-04-06T15:02:00-04:00,long,8,0.37431514263153076,True,next_bar_open_if_replayed,"{'pressure_k': 0.0, 'spread': 0.020000000000003126, 'depth_imb_k': -0.00048741694671763165, 'micro_off': 0.0, 'spread_mean_10s': 0.021269841269821926, 'depth_imb_k_mean_10s': -0.07348935823484493, 'depth_imb_k_mean_60s': -0.12659093170777425, 'dist_vwap_bps': None, 'hl_range_pct': None, 'oc_change_pct': None, 'volume_rel_20': None, 'atr_pct': None, 'position_in_range': None, 'rsi': None, 'bb_position': None, 'ret_3': None, 'ret_10': None, 'session_bucket': 2.0}"
2026-04-06|OXY|2026-04-06T15:03:00-04:00|long|12,2026-04-06,OXY,2026-04-06T15:03:00-04:00,long,12,0.3477848768234253,True,next_bar_open_if_replayed,"{'pressure_k': 0.0, 'spread': 0.020000000000003126, 'depth_imb_k': -0.03079895606534685, 'micro_off': 0.006000000000000227, 'spread_mean_10s': 0.01999999999998181, 'depth_imb_k_mean_10s': -0.025030405735297113, 'depth_imb_k_mean_60s': 0.0070997970161962645, 'dist_vwap_bps': None, 'hl_range_pct': None, 'oc_change_pct': None, 'volume_rel_20': None, 'atr_pct': None, 'position_in_range': None, 'rsi': None, 'bb_position': None, 'ret_3': None, 'ret_10': None, 'session_bucket': 2.0}"
2026-04-06|OXY|2026-04-06T15:04:00-04:00|short|12,2026-04-06,OXY,2026-04-06T15:04:00-04:00,short,12,0.32312503457069397,True,next_bar_open_if_replayed,"{'pressure_k': 0.0, 'spread': 0.020000000000003126, 'depth_imb_k': -0.09716281412431256, 'micro_off': 0.003333333333337407, 'spread_mean_10s': 0.01999999999998181, 'depth_imb_k_mean_10s': -0.1425639464537388, 'depth_imb_k_mean_60s': -0.11692258179516415, 'dist_vwap_bps': None, 'hl_range_pct': None, 'oc_change_pct': None, 'volume_rel_20': None, 'atr_pct': None, 'position_in_range': None, 'rsi': None, 'bb_position': None, 'ret_3': None, 'ret_10': None, 'session_bucket': 2.0}"
2026-04-06|OXY|2026-04-06T15:05:00-04:00|long|8,2026-04-06,OXY,2026-04-06T15:05:00-04:00,long,8,0.4087876081466675,True,next_bar_open_if_replayed,"{'pressure_k': 0.0, 'spread': 0.00999999999999801, 'depth_imb_k': 0.12778058028086506, 'micro_off': -0.0016666666666722563, 'spread_mean_10s': 0.019499999999982264, 'depth_imb_k_mean_10s': 0.25524897674198427, 'depth_imb_k_mean_60s': 0.011112283403512505, 'dist_vwap_bps': None, 'hl_range_pct': None, 'oc_change_pct': None, 'volume_rel_20': None, 'atr_pct': None, 'position_in_range': None, 'rsi': None, 'bb_position': None, 'ret_3': None, 'ret_10': None, 'session_bucket': 2.0}"
2026-04-06|OXY|2026-04-06T15:06:00-04:00|long|8,2026-04-06,OXY,2026-04-06T15:06:00-04:00,long,8,0.375995397567749,True,next_bar_open_if_replayed,"{'pressure_k': 0.0, 'spread': 0.010000000000005116, 'depth_imb_k': -0.16696814868881765, 'micro_off': -0.003333333333337407, 'spread_mean_10s': 0.009999999999990905, 'depth_imb_k_mean_10s': -0.10776643242054433, 'depth_imb_k_mean_60s': 0.0789666827855758, 'dist_vwap_bps': None, 'hl_range_pct': None, 'oc_change_pct': None, 'volume_rel_20': None, 'atr_pct': None, 'position_in_range': None, 'rsi': None, 'bb_position': None, 'ret_3': None, 'ret_10': None, 'session_bucket': 2.0}"
2026-04-06|OXY|2026-04-06T15:07:00-04:00|long|8,2026-04-06,OXY,2026-04-06T15:07:00-04:00,long,8,0.37579578161239624,True,next_bar_open_if_replayed,"{'pressure_k': 0.0, 'spread': 0.01999999999999602, 'depth_imb_k': 0.018365879956870734, 'micro_off': 0.0, 'spread_mean_10s': 0.019499999999982264, 'depth_imb_k_mean_10s': -0.03969236774521505, 'depth_imb_k_mean_60s': 0.003458992510325095, 'dist_vwap_bps': None, 'hl_range_pct': None, 'oc_change_pct': None, 'volume_rel_20': None, 'atr_pct': None, 'position_in_range': None, 'rsi': None, 'bb_position': None, 'ret_3': None, 'ret_10': None, 'session_bucket': 2.0}"
2026-04-06|OXY|2026-04-06T15:08:00-04:00|long|8,2026-04-06,OXY,2026-04-06T15:08:00-04:00,long,8,0.42171308398246765,True,next_bar_open_if_replayed,"{'pressure_k': 0.0, 'spread': 0.020000000000003126, 'depth_imb_k': 0.06209466533684644, 'micro_off': -0.007142857142859782, 'spread_mean_10s': 0.01599999999998545, 'depth_imb_k_mean_10s': 0.07333031475411644, 'depth_imb_k_mean_60s': 0.11953536253114133, 'dist_vwap_bps': None, 'hl_range_pct': None, 'oc_change_pct': None, 'volume_rel_20': None, 'atr_pct': None, 'position_in_range': None, 'rsi': None, 'bb_position': None, 'ret_3': None, 'ret_10': None, 'session_bucket': 2.0}"
2026-04-06|OXY|2026-04-06T15:09:00-04:00|long|8,2026-04-06,OXY,2026-04-06T15:09:00-04:00,long,8,0.3624710142612457,True,next_bar_open_if_replayed,"{'pressure_k': 0.0, 'spread': 0.020000000000003126, 'depth_imb_k': -0.10182718367084007, 'micro_off': 0.0016666666666722563, 'spread_mean_10s': 0.022820512820492064, 'depth_imb_k_mean_10s': -0.055607185784876306, 'depth_imb_k_mean_60s': 0.07141315837817536, 'dist_vwap_bps': None, 'hl_range_pct': None, 'oc_change_pct': None, 'volume_rel_20': None, 'atr_pct': None, 'position_in_range': None, 'rsi': None, 'bb_position': None, 'ret_3': None, 'ret_10': None, 'session_bucket': 2.0}"
2026-04-06|OXY|2026-04-06T15:10:00-04:00|long|8,2026-04-06,OXY,2026-04-06T15:10:00-04:00,long,8,0.3272506892681122,True,next_bar_open_if_replayed,"{'pressure_k': 0.0, 'spread': 0.020000000000003126, 'depth_imb_k': -0.16715250245857902, 'micro_off': 7.105427357601002e-15, 'spread_mean_10s': 0.02076923076921188, 'depth_imb_k_mean_10s': -0.15785058467323465, 'depth_imb_k_mean_60s': -0.16783204131289872, 'dist_vwap_bps': None, 'hl_range_pct': None, 'oc_change_pct': None, 'volume_rel_20': None, 'atr_pct': None, 'position_in_range': None, 'rsi': None, 'bb_position': None, 'ret_3': None, 'ret_10': None, 'session_bucket': 2.0}"
2026-04-06|OXY|2026-04-06T15:11:00-04:00|short|8,2026-04-06,OXY,2026-04-06T15:11:00-04:00,short,8,0.3419264853000641,True,next_bar_open_if_replayed,"{'pressure_k': 0.0, 'spread': 0.020000000000003126, 'depth_imb_k': -0.1940426904672294, 'micro_off': 0.0020000000000024443, 'spread_mean_10s': 0.02119999999998072, 'depth_imb_k_mean_10s': -0.22708584619527755, 'depth_imb_k_mean_60s': -0.14196750881530723, 'dist_vwap_bps': None, 'hl_range_pct': None, 'oc_change_pct': None, 'volume_rel_20': None, 'atr_pct': None, 'position_in_range': None, 'rsi': None, 'bb_position': None, 'ret_3': None, 'ret_10': None, 'session_bucket': 2.0}"
2026-04-06|OXY|2026-04-06T15:12:00-04:00|short|12,2026-04-06,OXY,2026-04-06T15:12:00-04:00,short,12,0.34654223918914795,True,next_bar_open_if_replayed,"{'pressure_k': 0.0, 'spread': 0.020000000000003126, 'depth_imb_k': -0.11153280746182143, 'micro_off': 0.007499999999993179, 'spread_mean_10s': 0.020999999999980902, 'depth_imb_k_mean_10s': -0.1268705148014419, 'depth_imb_k_mean_60s': -0.14373403471137305, 'dist_vwap_bps': None, 'hl_range_pct': None, 'oc_change_pct': None, 'volume_rel_20': None, 'atr_pct': None, 'position_in_range': None, 'rsi': None, 'bb_position': None, 'ret_3': None, 'ret_10': None, 'session_bucket': 2.0}"
2026-04-06|OXY|2026-04-06T15:13:00-04:00|short|12,2026-04-06,OXY,2026-04-06T15:13:00-04:00,short,12,0.3420008718967438,True,next_bar_open_if_replayed,"{'pressure_k': 0.0, 'spread': 0.020000000000003126, 'depth_imb_k': -0.1433177048853259, 'micro_off': 0.001999999999995339, 'spread_mean_10s': 0.0237499999999784, 'depth_imb_k_mean_10s': -0.15153263518441235, 'depth_imb_k_mean_60s': -0.10356634492384859, 'dist_vwap_bps': None, 'hl_range_pct': None, 'oc_change_pct': None, 'volume_rel_20': None, 'atr_pct': None, 'position_in_range': None, 'rsi': None, 'bb_position': None, 'ret_3': None, 'ret_10': None, 'session_bucket': 2.0}"
2026-04-06|OXY|2026-04-06T15:14:00-04:00|short|12,2026-04-06,OXY,2026-04-06T15:14:00-04:00,short,12,0.3594152331352234,True,next_bar_open_if_replayed,"{'pressure_k': 0.0, 'spread': 0.020000000000003126, 'depth_imb_k': 0.1107437183396759, 'micro_off': 0.003333333333337407, 'spread_mean_10s': 0.022999999999979082, 'depth_imb_k_mean_10s': 0.09743218357094748, 'depth_imb_k_mean_60s': 0.015553460630263968, 'dist_vwap_bps': None, 'hl_range_pct': None, 'oc_change_pct': None, 'volume_rel_20': None, 'atr_pct': None, 'position_in_range': None, 'rsi': None, 'bb_position': None, 'ret_3': None, 'ret_10': None, 'session_bucket': 2.0}"
2026-04-06|OXY|2026-04-06T15:15:00-04:00|long|8,2026-04-06,OXY,2026-04-06T15:15:00-04:00,long,8,0.3228541612625122,True,next_bar_open_if_replayed,"{'pressure_k': 0.0, 'spread': 0.020000000000003126, 'depth_imb_k': 0.2832148857666231, 'micro_off': 7.105427357601002e-15, 'spread_mean_10s': 0.023589743589722136, 'depth_imb_k_mean_10s': 0.2199014995108556, 'depth_imb_k_mean_60s': 0.10425521187550185, 'dist_vwap_bps': None, 'hl_range_pct': None, 'oc_change_pct': None, 'volume_rel_20': None, 'atr_pct': None, 'position_in_range': None, 'rsi': None, 'bb_position': None, 'ret_3': None, 'ret_10': None, 'session_bucket': 2.0}"
2026-04-06|OXY|2026-04-06T15:16:00-04:00|short|12,2026-04-06,OXY,2026-04-06T15:16:00-04:00,short,12,0.33856332302093506,True,next_bar_open_if_replayed,"{'pressure_k': 0.0, 'spread': 0.020000000000003126, 'depth_imb_k': -0.016785746821275656, 'micro_off': 7.105427357601002e-15, 'spread_mean_10s': 0.020256410256391834, 'depth_imb_k_mean_10s': 0.040182928200127394, 'depth_imb_k_mean_60s': 0.16082121022413998, 'dist_vwap_bps': None, 'hl_range_pct': None, 'oc_change_pct': None, 'volume_rel_20': None, 'atr_pct': None, 'position_in_range': None, 'rsi': None, 'bb_position': None, 'ret_3': None, 'ret_10': None, 'session_bucket': 2.0}"
2026-04-06|OXY|2026-04-06T15:17:00-04:00|long|12,2026-04-06,OXY,2026-04-06T15:17:00-04:00,long,12,0.3583676218986511,True,next_bar_open_if_replayed,"{'pressure_k': 0.0, 'spread': 0.020000000000003126, 'depth_imb_k': -0.16461524251172946, 'micro_off': -0.005714285714283562, 'spread_mean_10s': 0.017999999999989313, 'depth_imb_k_mean_10s': -0.15073914411138958, 'depth_imb_k_mean_60s': -0.04926845035876387, 'dist_vwap_bps': None, 'hl_range_pct': None, 'oc_change_pct': None, 'volume_rel_20': None, 'atr_pct': None, 'position_in_range': None, 'rsi': None, 'bb_position': None, 'ret_3': None, 'ret_10': None, 'session_bucket': 2.0}"
2026-04-06|OXY|2026-04-06T15:18:00-04:00|short|12,2026-04-06,OXY,2026-04-06T15:18:00-04:00,short,12,0.35606083273887634,True,next_bar_open_if_replayed,"{'pressure_k': 0.0, 'spread': 0.020000000000003126, 'depth_imb_k': 0.22399043803020832, 'micro_off': -7.105427357601002e-15, 'spread_mean_10s': 0.021500000000014553, 'depth_imb_k_mean_10s': 0.030924450797238025, 'depth_imb_k_mean_60s': -0.06814965400894835, 'dist_vwap_bps': None, 'hl_range_pct': None, 'oc_change_pct': None, 'volume_rel_20': None, 'atr_pct': None, 'position_in_range': None, 'rsi': None, 'bb_position': None, 'ret_3': None, 'ret_10': None, 'session_bucket': 2.0}"
2026-04-06|OXY|2026-04-06T15:19:00-04:00|short|12,2026-04-06,OXY,2026-04-06T15:19:00-04:00,short,12,0.3517102599143982,True,next_bar_open_if_replayed,"{'pressure_k': 0.0, 'spread': 0.020000000000003126, 'depth_imb_k': -0.17373810414856256, 'micro_off': 0.003333333333337407, 'spread_mean_10s': 0.01666666666673896, 'depth_imb_k_mean_10s': -0.13658547143788197, 'depth_imb_k_mean_60s': -0.057675400509865464, 'dist_vwap_bps': None, 'hl_range_pct': None, 'oc_change_pct': None, 'volume_rel_20': None, 'atr_pct': None, 'position_in_range': None, 'rsi': None, 'bb_position': None, 'ret_3': None, 'ret_10': None, 'session_bucket': 2.0}"
2026-04-06|OXY|2026-04-06T15:20:00-04:00|short|12,2026-04-06,OXY,2026-04-06T15:20:00-04:00,short,12,0.3518492579460144,True,next_bar_open_if_replayed,"{'pressure_k': 0.0, 'spread': 0.01999999999999602, 'depth_imb_k': -0.02025309366083458, 'micro_off': -0.003333333333337407, 'spread_mean_10s': 0.019523809523802595, 'depth_imb_k_mean_10s': -0.11279253243271471, 'depth_imb_k_mean_60s': -0.14551936210536912, 'dist_vwap_bps': None, 'hl_range_pct': None, 'oc_change_pct': None, 'volume_rel_20': None, 'atr_pct': None, 'position_in_range': None, 'rsi': None, 'bb_position': None, 'ret_3': None, 'ret_10': None, 'session_bucket': 2.0}"
2026-04-06|OXY|2026-04-06T15:21:00-04:00|long|8,2026-04-06,OXY,2026-04-06T15:21:00-04:00,long,8,0.33335691690444946,True,next_bar_open_if_replayed,"{'pressure_k': 0.0, 'spread': 0.020000000000003126, 'depth_imb_k': 0.16941235650252412, 'micro_off': -0.0033333333333303017, 'spread_mean_10s': 0.010500000000206455, 'depth_imb_k_mean_10s': -0.04097725741672775, 'depth_imb_k_mean_60s': 0.04940970541516716, 'dist_vwap_bps': None, 'hl_range_pct': None, 'oc_change_pct': None, 'volume_rel_20': None, 'atr_pct': None, 'position_in_range': None, 'rsi': None, 'bb_position': None, 'ret_3': None, 'ret_10': None, 'session_bucket': 2.0}"
2026-04-06|OXY|2026-04-06T15:22:00-04:00|long|8,2026-04-06,OXY,2026-04-06T15:22:00-04:00,long,8,0.40820643305778503,True,next_bar_open_if_replayed,"{'pressure_k': 0.0, 'spread': 0.00999999999999801, 'depth_imb_k': 0.2724748451453873, 'micro_off': 0.003333333333337407, 'spread_mean_10s': 0.013500000000135515, 'depth_imb_k_mean_10s': 0.1895309320997626, 'depth_imb_k_mean_60s': 0.07986001179235397, 'dist_vwap_bps': None, 'hl_range_pct': None, 'oc_change_pct': None, 'volume_rel_20': None, 'atr_pct': None, 'position_in_range': None, 'rsi': None, 'bb_position': None, 'ret_3': None, 'ret_10': None, 'session_bucket': 2.0}"
2026-04-06|OXY|2026-04-06T15:23:00-04:00|long|12,2026-04-06,OXY,2026-04-06T15:23:00-04:00,long,12,0.3713962435722351,True,next_bar_open_if_replayed,"{'pressure_k': 0.0, 'spread': 0.00999999999999801, 'depth_imb_k': 0.02002793540504717, 'micro_off': 0.0008333333333325754, 'spread_mean_10s': 0.010000000000218279, 'depth_imb_k_mean_10s': 0.0969561594810898, 'depth_imb_k_mean_60s': 0.16818541243973892, 'dist_vwap_bps': None, 'hl_range_pct': None, 'oc_change_pct': None, 'volume_rel_20': None, 'atr_pct': None, 'position_in_range': None, 'rsi': None, 'bb_position': None, 'ret_3': None, 'ret_10': None, 'session_bucket': 2.0}"
2026-04-06|OXY|2026-04-06T15:24:00-04:00|long|12,2026-04-06,OXY,2026-04-06T15:24:00-04:00,long,12,0.36524054408073425,True,next_bar_open_if_replayed,"{'pressure_k': 0.0, 'spread': 0.020000000000003126, 'depth_imb_k': -0.25621775287743553, 'micro_off': -7.105427357601002e-15, 'spread_mean_10s': 0.01999999999998181, 'depth_imb_k_mean_10s': -0.22838822601748915, 'depth_imb_k_mean_60s': -0.16545529431293213, 'dist_vwap_bps': None, 'hl_range_pct': None, 'oc_change_pct': None, 'volume_rel_20': None, 'atr_pct': None, 'position_in_range': None, 'rsi': None, 'bb_position': None, 'ret_3': None, 'ret_10': None, 'session_bucket': 2.0}"
2026-04-06|OXY|2026-04-06T15:25:00-04:00|long|12,2026-04-06,OXY,2026-04-06T15:25:00-04:00,long,12,0.37418487668037415,True,next_bar_open_if_replayed,"{'pressure_k': 0.0, 'spread': 0.020000000000003126, 'depth_imb_k': -0.09842664423466367, 'micro_off': 0.0, 'spread_mean_10s': 0.012500000000136425, 'depth_imb_k_mean_10s': -0.05161185014845841, 'depth_imb_k_mean_60s': -0.21449755872669357, 'dist_vwap_bps': None, 'hl_range_pct': None, 'oc_change_pct': None, 'volume_rel_20': None, 'atr_pct': None, 'position_in_range': None, 'rsi': None, 'bb_position': None, 'ret_3': None, 'ret_10': None, 'session_bucket': 2.0}"
2026-04-06|OXY|2026-04-06T15:26:00-04:00|long|12,2026-04-06,OXY,2026-04-06T15:26:00-04:00,long,12,0.3496898412704468,True,next_bar_open_if_replayed,"{'pressure_k': 0.0, 'spread': 0.01999999999999602, 'depth_imb_k': -0.5284903563279294, 'micro_off': 0.0033333333333303017, 'spread_mean_10s': 0.01999999999998181, 'depth_imb_k_mean_10s': -0.49105814990537056, 'depth_imb_k_mean_60s': -0.3148638355249847, 'dist_vwap_bps': None, 'hl_range_pct': None, 'oc_change_pct': None, 'volume_rel_20': None, 'atr_pct': None, 'position_in_range': None, 'rsi': None, 'bb_position': None, 'ret_3': None, 'ret_10': None, 'session_bucket': 2.0}"
2026-04-06|OXY|2026-04-06T15:27:00-04:00|short|5,2026-04-06,OXY,2026-04-06T15:27:00-04:00,short,5,0.2864571213722229,True,next_bar_open_if_replayed,"{'pressure_k': 0.0, 'spread': 0.01999999999999602, 'depth_imb_k': -0.42267481043164074, 'micro_off': 0.0033333333333303017, 'spread_mean_10s': 0.01999999999998181, 'depth_imb_k_mean_10s': -0.4392317025690201, 'depth_imb_k_mean_60s': -0.32074638558316926, 'dist_vwap_bps': None, 'hl_range_pct': None, 'oc_change_pct': None, 'volume_rel_20': None, 'atr_pct': None, 'position_in_range': None, 'rsi': None, 'bb_position': None, 'ret_3': None, 'ret_10': None, 'session_bucket': 2.0}"
2026-04-06|OXY|2026-04-06T15:28:00-04:00|short|8,2026-04-06,OXY,2026-04-06T15:28:00-04:00,short,8,0.2572475075721741,True,next_bar_open_if_replayed,"{'pressure_k': 0.0, 'spread': 0.00999999999999801, 'depth_imb_k': -0.3980354085565896, 'micro_off': -0.0030000000000001137, 'spread_mean_10s': 0.010000000000218279, 'depth_imb_k_mean_10s': -0.38039554472291665, 'depth_imb_k_mean_60s': -0.326863199871126, 'dist_vwap_bps': None, 'hl_range_pct': None, 'oc_change_pct': None, 'volume_rel_20': None, 'atr_pct': None, 'position_in_range': None, 'rsi': None, 'bb_position': None, 'ret_3': None, 'ret_10': None, 'session_bucket': 2.0}"
2026-04-06|OXY|2026-04-06T15:29:00-04:00|short|5,2026-04-06,OXY,2026-04-06T15:29:00-04:00,short,5,0.3317626416683197,True,next_bar_open_if_replayed,"{'pressure_k': 0.0, 'spread': 0.00999999999999801, 'depth_imb_k': -0.32634824013829844, 'micro_off': -0.0033333333333303017, 'spread_mean_10s': 0.014210526315908186, 'depth_imb_k_mean_10s': -0.3390278392896442, 'depth_imb_k_mean_60s': -0.22645222899073342, 'dist_vwap_bps': None, 'hl_range_pct': None, 'oc_change_pct': None, 'volume_rel_20': None, 'atr_pct': None, 'position_in_range': None, 'rsi': None, 'bb_position': None, 'ret_3': None, 'ret_10': None, 'session_bucket': 2.0}"
2026-04-06|OXY|2026-04-06T15:30:00-04:00|short|12,2026-04-06,OXY,2026-04-06T15:30:00-04:00,short,12,0.36475875973701477,True,next_bar_open_if_replayed,"{'pressure_k': 0.0, 'spread': 0.00999999999999801, 'depth_imb_k': -0.04401427489996756, 'micro_off': -0.003750000000003695, 'spread_mean_10s': 0.018913043478327698, 'depth_imb_k_mean_10s': -0.04452572933146455, 'depth_imb_k_mean_60s': -0.07814863009135327, 'dist_vwap_bps': None, 'hl_range_pct': None, 'oc_change_pct': None, 'volume_rel_20': None, 'atr_pct': None, 'position_in_range': None, 'rsi': None, 'bb_position': None, 'ret_3': None, 'ret_10': None, 'session_bucket': 2.0}"
2026-04-06|OXY|2026-04-06T15:31:00-04:00|short|12,2026-04-06,OXY,2026-04-06T15:31:00-04:00,short,12,0.3012559115886688,True,next_bar_open_if_replayed,"{'pressure_k': 0.0, 'spread': 0.00999999999999801, 'depth_imb_k': -0.12851035428608637, 'micro_off': 0.0016666666666722563, 'spread_mean_10s': 0.010000000000218279, 'depth_imb_k_mean_10s': -0.06048636076553894, 'depth_imb_k_mean_60s': -0.0345595069562344, 'dist_vwap_bps': None, 'hl_range_pct': None, 'oc_change_pct': None, 'volume_rel_20': None, 'atr_pct': None, 'position_in_range': None, 'rsi': None, 'bb_position': None, 'ret_3': None, 'ret_10': None, 'session_bucket': 3.0}"
2026-04-06|OXY|2026-04-06T15:32:00-04:00|long|8,2026-04-06,OXY,2026-04-06T15:32:00-04:00,long,8,0.32256025075912476,True,next_bar_open_if_replayed,"{'pressure_k': 0.0, 'spread': 0.00999999999999801, 'depth_imb_k': -0.14329768550202426, 'micro_off': -0.0038888888888877204, 'spread_mean_10s': 0.011282051282239244, 'depth_imb_k_mean_10s': -0.14779192034212685, 'depth_imb_k_mean_60s': -0.09136758607332941, 'dist_vwap_bps': None, 'hl_range_pct': None, 'oc_change_pct': None, 'volume_rel_20': None, 'atr_pct': None, 'position_in_range': None, 'rsi': None, 'bb_position': None, 'ret_3': None, 'ret_10': None, 'session_bucket': 3.0}"
2026-04-06|OXY|2026-04-06T15:33:00-04:00|long|8,2026-04-06,OXY,2026-04-06T15:33:00-04:00,long,8,0.2777353823184967,True,next_bar_open_if_replayed,"{'pressure_k': 0.0, 'spread': 0.00999999999999801, 'depth_imb_k': -0.2540160785261193, 'micro_off': -0.0029999999999930083, 'spread_mean_10s': 0.013611111111243999, 'depth_imb_k_mean_10s': -0.1713774121567187, 'depth_imb_k_mean_60s': -0.14102282387588008, 'dist_vwap_bps': None, 'hl_range_pct': None, 'oc_change_pct': None, 'volume_rel_20': None, 'atr_pct': None, 'position_in_range': None, 'rsi': None, 'bb_position': None, 'ret_3': None, 'ret_10': None, 'session_bucket': 3.0}"
2026-04-06|OXY|2026-04-06T15:34:00-04:00|long|12,2026-04-06,OXY,2026-04-06T15:34:00-04:00,long,12,0.34495365619659424,True,next_bar_open_if_replayed,"{'pressure_k': 0.0, 'spread': 0.00999999999999801, 'depth_imb_k': 0.0741537024702098, 'micro_off': 0.0024999999999977263, 'spread_mean_10s': 0.010000000000218279, 'depth_imb_k_mean_10s': 0.0927288782820655, 'depth_imb_k_mean_60s': -0.011302839695645162, 'dist_vwap_bps': None, 'hl_range_pct': None, 'oc_change_pct': None, 'volume_rel_20': None, 'atr_pct': None, 'position_in_range': None, 'rsi': None, 'bb_position': None, 'ret_3': None, 'ret_10': None, 'session_bucket': 3.0}"
2026-04-06|OXY|2026-04-06T15:35:00-04:00|long|8,2026-04-06,OXY,2026-04-06T15:35:00-04:00,long,8,0.33759137988090515,True,next_bar_open_if_replayed,"{'pressure_k': 0.0, 'spread': 0.00999999999999801, 'depth_imb_k': -0.06300442916442062, 'micro_off': 0.0, 'spread_mean_10s': 0.012500000000147792, 'depth_imb_k_mean_10s': -0.08039741149717657, 'depth_imb_k_mean_60s': 7.795840062483657e-05, 'dist_vwap_bps': None, 'hl_range_pct': None, 'oc_change_pct': None, 'volume_rel_20': None, 'atr_pct': None, 'position_in_range': None, 'rsi': None, 'bb_position': None, 'ret_3': None, 'ret_10': None, 'session_bucket': 3.0}"
2026-04-06|OXY|2026-04-06T15:36:00-04:00|long|8,2026-04-06,OXY,2026-04-06T15:36:00-04:00,long,8,0.3271264135837555,True,next_bar_open_if_replayed,"{'pressure_k': 0.0, 'spread': 0.01999999999999602, 'depth_imb_k': -0.014947658998896265, 'micro_off': 0.0, 'spread_mean_10s': 0.014358974359089562, 'depth_imb_k_mean_10s': -0.032874548971787404, 'depth_imb_k_mean_60s': -0.11592305681138418, 'dist_vwap_bps': None, 'hl_range_pct': None, 'oc_change_pct': None, 'volume_rel_20': None, 'atr_pct': None, 'position_in_range': None, 'rsi': None, 'bb_position': None, 'ret_3': None, 'ret_10': None, 'session_bucket': 3.0}"
2026-04-06|OXY|2026-04-06T15:37:00-04:00|long|12,2026-04-06,OXY,2026-04-06T15:37:00-04:00,long,12,0.3130856156349182,True,next_bar_open_if_replayed,"{'pressure_k': 0.0, 'spread': 0.010000000000005116, 'depth_imb_k': -0.13472009266160004, 'micro_off': 0.0, 'spread_mean_10s': 0.010000000000218279, 'depth_imb_k_mean_10s': -0.04498619376112728, 'depth_imb_k_mean_60s': -0.06318923370478474, 'dist_vwap_bps': None, 'hl_range_pct': None, 'oc_change_pct': None, 'volume_rel_20': None, 'atr_pct': None, 'position_in_range': None, 'rsi': None, 'bb_position': None, 'ret_3': None, 'ret_10': None, 'session_bucket': 3.0}"
2026-04-06|OXY|2026-04-06T15:38:00-04:00|short|12,2026-04-06,OXY,2026-04-06T15:38:00-04:00,short,12,0.28485190868377686,True,next_bar_open_if_replayed,"{'pressure_k': 0.0, 'spread': 0.00999999999999801, 'depth_imb_k': -0.0004249314315190049, 'micro_off': 0.0025000000000048317, 'spread_mean_10s': 0.010000000000218279, 'depth_imb_k_mean_10s': -0.04459258969862191, 'depth_imb_k_mean_60s': -0.013405323890359061, 'dist_vwap_bps': None, 'hl_range_pct': None, 'oc_change_pct': None, 'volume_rel_20': None, 'atr_pct': None, 'position_in_range': None, 'rsi': None, 'bb_position': None, 'ret_3': None, 'ret_10': None, 'session_bucket': 3.0}"
2026-04-06|OXY|2026-04-06T15:39:00-04:00|long|8,2026-04-06,OXY,2026-04-06T15:39:00-04:00,long,8,0.3407691419124603,True,next_bar_open_if_replayed,"{'pressure_k': 0.0, 'spread': 0.010000000000005116, 'depth_imb_k': -0.16493189075139622, 'micro_off': 0.0024999999999977263, 'spread_mean_10s': 0.012000000000170985, 'depth_imb_k_mean_10s': 0.32573130134985606, 'depth_imb_k_mean_60s': 0.11770884757742625, 'dist_vwap_bps': None, 'hl_range_pct': None, 'oc_change_pct': None, 'volume_rel_20': None, 'atr_pct': None, 'position_in_range': None, 'rsi': None, 'bb_position': None, 'ret_3': None, 'ret_10': None, 'session_bucket': 3.0}"
2026-04-06|OXY|2026-04-06T15:40:00-04:00|long|12,2026-04-06,OXY,2026-04-06T15:40:00-04:00,long,12,0.31532517075538635,True,next_bar_open_if_replayed,"{'pressure_k': 0.0, 'spread': 0.00999999999999801, 'depth_imb_k': 0.15036223987166858, 'micro_off': -7.105427357601002e-15, 'spread_mean_10s': 0.01373333333346333, 'depth_imb_k_mean_10s': 0.11628474464338676, 'depth_imb_k_mean_60s': 0.04762807677020658, 'dist_vwap_bps': None, 'hl_range_pct': None, 'oc_change_pct': None, 'volume_rel_20': None, 'atr_pct': None, 'position_in_range': None, 'rsi': None, 'bb_position': None, 'ret_3': None, 'ret_10': None, 'session_bucket': 3.0}"
2026-04-06|OXY|2026-04-06T15:41:00-04:00|short|8,2026-04-06,OXY,2026-04-06T15:41:00-04:00,short,8,0.3528878688812256,True,next_bar_open_if_replayed,"{'pressure_k': 0.0, 'spread': 0.00999999999999801, 'depth_imb_k': 0.7488869337729755, 'micro_off': -0.00045454545454504114, 'spread_mean_10s': 0.010000000000218279, 'depth_imb_k_mean_10s': 0.744107627919061, 'depth_imb_k_mean_60s': 0.6956572178098478, 'dist_vwap_bps': None, 'hl_range_pct': None, 'oc_change_pct': None, 'volume_rel_20': None, 'atr_pct': None, 'position_in_range': None, 'rsi': None, 'bb_position': None, 'ret_3': None, 'ret_10': None, 'session_bucket': 3.0}"
2026-04-06|OXY|2026-04-06T15:42:00-04:00|long|12,2026-04-06,OXY,2026-04-06T15:42:00-04:00,long,12,0.3320048451423645,True,next_bar_open_if_replayed,"{'pressure_k': 0.0, 'spread': 0.00999999999999801, 'depth_imb_k': 0.7752181533090191, 'micro_off': 0.0024999999999977263, 'spread_mean_10s': 0.010000000000218279, 'depth_imb_k_mean_10s': 0.7709883860476284, 'depth_imb_k_mean_60s': 0.7720650515719942, 'dist_vwap_bps': None, 'hl_range_pct': None, 'oc_change_pct': None, 'volume_rel_20': None, 'atr_pct': None, 'position_in_range': None, 'rsi': None, 'bb_position': None, 'ret_3': None, 'ret_10': None, 'session_bucket': 3.0}"
2026-04-06|CRCL|2026-04-06T09:30:00-04:00|long|8,2026-04-06,CRCL,2026-04-06T09:30:00-04:00,long,8,0.7368675470352173,True,next_bar_open_if_replayed,"{'pressure_k': 0.0, 'spread': 0.36999999999999034, 'depth_imb_k': 0.16429913129693532, 'micro_off': 0.0, 'spread_mean_10s': 0.28849999999999804, 'depth_imb_k_mean_10s': 0.07117830902619601, 'depth_imb_k_mean_60s': 0.06821013838769283, 'dist_vwap_bps': None, 'hl_range_pct': None, 'oc_change_pct': None, 'volume_rel_20': None, 'atr_pct': None, 'position_in_range': None, 'rsi': None, 'bb_position': None, 'ret_3': None, 'ret_10': None, 'session_bucket': 0.0}"
2026-04-06|CRCL|2026-04-06T09:31:00-04:00|long|8,2026-04-06,CRCL,2026-04-06T09:31:00-04:00,long,8,0.8172394037246704,True,next_bar_open_if_replayed,"{'pressure_k': 0.0, 'spread': 0.4099999999999966, 'depth_imb_k': -0.26100390911650273, 'micro_off': -0.15375000000000227, 'spread_mean_10s': 0.4265000000000029, 'depth_imb_k_mean_10s': -0.341587905458006, 'depth_imb_k_mean_60s': -0.22352850390662354, 'dist_vwap_bps': None, 'hl_range_pct': None, 'oc_change_pct': None, 'volume_rel_20': None, 'atr_pct': None, 'position_in_range': None, 'rsi': None, 'bb_position': None, 'ret_3': None, 'ret_10': None, 'session_bucket': 0.0}"
2026-04-06|CRCL|2026-04-06T09:32:00-04:00|long|8,2026-04-06,CRCL,2026-04-06T09:32:00-04:00,long,8,0.7716155648231506,True,next_bar_open_if_replayed,"{'pressure_k': 0.0, 'spread': 0.29999999999999716, 'depth_imb_k': -0.13825634619967622, 'micro_off': 0.0899999999999892, 'spread_mean_10s': 0.31074999999999875, 'depth_imb_k_mean_10s': -0.01569777167769999, 'depth_imb_k_mean_60s': -0.10402309943975457, 'dist_vwap_bps': None, 'hl_range_pct': None, 'oc_change_pct': None, 'volume_rel_20': None, 'atr_pct': None, 'position_in_range': None, 'rsi': None, 'bb_position': None, 'ret_3': None, 'ret_10': None, 'session_bucket': 0.0}"
2026-04-06|CRCL|2026-04-06T09:33:00-04:00|long|8,2026-04-06,CRCL,2026-04-06T09:33:00-04:00,long,8,0.781215250492096,True,next_bar_open_if_replayed,"{'pressure_k': 0.0, 'spread': 0.14999999999999147, 'depth_imb_k': -0.2888507796105332, 'micro_off': -0.024999999999991473, 'spread_mean_10s': 0.22999999999999798, 'depth_imb_k_mean_10s': -0.43006434928034426, 'depth_imb_k_mean_60s': -0.4196643110566205, 'dist_vwap_bps': None, 'hl_range_pct': None, 'oc_change_pct': None, 'volume_rel_20': None, 'atr_pct': None, 'position_in_range': None, 'rsi': None, 'bb_position': None, 'ret_3': None, 'ret_10': None, 'session_bucket': 0.0}"
2026-04-06|CRCL|2026-04-06T09:34:00-04:00|long|8,2026-04-06,CRCL,2026-04-06T09:34:00-04:00,long,8,0.5184487700462341,True,next_bar_open_if_replayed,"{'pressure_k': 0.0, 'spread': 0.18000000000000682, 'depth_imb_k': -0.6737701626885775, 'micro_off': 0.03857142857143003, 'spread_mean_10s': 0.18699999999998482, 'depth_imb_k_mean_10s': -0.7141485792284541, 'depth_imb_k_mean_60s': -0.5051657337126526, 'dist_vwap_bps': None, 'hl_range_pct': None, 'oc_change_pct': None, 'volume_rel_20': None, 'atr_pct': None, 'position_in_range': None, 'rsi': None, 'bb_position': None, 'ret_3': None, 'ret_10': None, 'session_bucket': 0.0}"
2026-04-06|CRCL|2026-04-06T09:35:00-04:00|short|3,2026-04-06,CRCL,2026-04-06T09:35:00-04:00,short,3,0.4980050325393677,True,next_bar_open_if_replayed,"{'pressure_k': 0.0, 'spread': 0.2600000000000051, 'depth_imb_k': 0.08984489553246107, 'micro_off': 0.043333333333322344, 'spread_mean_10s': 0.21100000000000563, 'depth_imb_k_mean_10s': 0.04422790207366205, 'depth_imb_k_mean_60s': -0.1750958096621112, 'dist_vwap_bps': None, 'hl_range_pct': None, 'oc_change_pct': None, 'volume_rel_20': None, 'atr_pct': None, 'position_in_range': None, 'rsi': None, 'bb_position': None, 'ret_3': None, 'ret_10': None, 'session_bucket': 0.0}"
2026-04-06|CRCL|2026-04-06T09:36:00-04:00|long|8,2026-04-06,CRCL,2026-04-06T09:36:00-04:00,long,8,0.5537754893302917,True,next_bar_open_if_replayed,"{'pressure_k': 0.0, 'spread': 0.2600000000000051, 'depth_imb_k': -0.32160672829403725, 'micro_off': -0.043333333333336554, 'spread_mean_10s': 0.25000000000001565, 'depth_imb_k_mean_10s': -0.12242198093071935, 'depth_imb_k_mean_60s': 0.007179856058861694, 'dist_vwap_bps': None, 'hl_range_pct': None, 'oc_change_pct': None, 'volume_rel_20': None, 'atr_pct': None, 'position_in_range': None, 'rsi': None, 'bb_position': None, 'ret_3': None, 'ret_10': None, 'session_bucket': 0.0}"
2026-04-06|CRCL|2026-04-06T09:37:00-04:00|long|5,2026-04-06,CRCL,2026-04-06T09:37:00-04:00,long,5,0.4614522159099579,True,next_bar_open_if_replayed,"{'pressure_k': 0.0, 'spread': 0.23000000000000398, 'depth_imb_k': 0.019730004974826337, 'micro_off': 0.0, 'spread_mean_10s': 0.22474999999998885, 'depth_imb_k_mean_10s': 0.049341071498292165, 'depth_imb_k_mean_60s': 0.056879030056104236, 'dist_vwap_bps': None, 'hl_range_pct': None, 'oc_change_pct': None, 'volume_rel_20': None, 'atr_pct': None, 'position_in_range': None, 'rsi': None, 'bb_position': None, 'ret_3': None, 'ret_10': None, 'session_bucket': 0.0}"
2026-04-06|CRCL|2026-04-06T09:38:00-04:00|long|8,2026-04-06,CRCL,2026-04-06T09:38:00-04:00,long,8,0.4937331974506378,True,next_bar_open_if_replayed,"{'pressure_k': 0.0, 'spread': 0.15000000000000568, 'depth_imb_k': -0.15208389838170147, 'micro_off': -0.037500000000008527, 'spread_mean_10s': 0.1910000000000224, 'depth_imb_k_mean_10s': -0.2611854063410661, 'depth_imb_k_mean_60s': -0.23262805635194406, 'dist_vwap_bps': None, 'hl_range_pct': None, 'oc_change_pct': None, 'volume_rel_20': None, 'atr_pct': None, 'position_in_range': None, 'rsi': None, 'bb_position': None, 'ret_3': None, 'ret_10': None, 'session_bucket': 0.0}"
2026-04-06|CRCL|2026-04-06T09:39:00-04:00|long|3,2026-04-06,CRCL,2026-04-06T09:39:00-04:00,long,3,0.6322252154350281,True,next_bar_open_if_replayed,"{'pressure_k': 0.0, 'spread': 0.1799999999999926, 'depth_imb_k': -0.25292253183634483, 'micro_off': -0.029999999999986926, 'spread_mean_10s': 0.2497499999999917, 'depth_imb_k_mean_10s': -0.10082040023944785, 'depth_imb_k_mean_60s': -0.15186652624763533, 'dist_vwap_bps': None, 'hl_range_pct': None, 'oc_change_pct': None, 'volume_rel_20': None, 'atr_pct': None, 'position_in_range': None, 'rsi': None, 'bb_position': None, 'ret_3': None, 'ret_10': None, 'session_bucket': 0.0}"
2026-04-06|CRCL|2026-04-06T09:40:00-04:00|long|8,2026-04-06,CRCL,2026-04-06T09:40:00-04:00,long,8,0.5355095267295837,True,next_bar_open_if_replayed,"{'pressure_k': 0.0, 'spread': 0.20999999999999375, 'depth_imb_k': -0.10792888866895127, 'micro_off': -1.4210854715202004e-14, 'spread_mean_10s': 0.18230769230769558, 'depth_imb_k_mean_10s': -0.05873959262717166, 'depth_imb_k_mean_60s': -0.2336043574843185, 'dist_vwap_bps': None, 'hl_range_pct': None, 'oc_change_pct': None, 'volume_rel_20': None, 'atr_pct': None, 'position_in_range': None, 'rsi': None, 'bb_position': None, 'ret_3': None, 'ret_10': None, 'session_bucket': 0.0}"
2026-04-06|CRCL|2026-04-06T09:41:00-04:00|long|5,2026-04-06,CRCL,2026-04-06T09:41:00-04:00,long,5,0.5837978720664978,True,next_bar_open_if_replayed,"{'pressure_k': 0.0, 'spread': 0.3299999999999983, 'depth_imb_k': 0.15897139743052702, 'micro_off': -0.05499999999999261, 'spread_mean_10s': 0.24200000000003002, 'depth_imb_k_mean_10s': -0.5133916606217184, 'depth_imb_k_mean_60s': -0.4953004957709498, 'dist_vwap_bps': None, 'hl_range_pct': None, 'oc_change_pct': None, 'volume_rel_20': None, 'atr_pct': None, 'position_in_range': None, 'rsi': None, 'bb_position': None, 'ret_3': None, 'ret_10': None, 'session_bucket': 0.0}"
2026-04-06|CRCL|2026-04-06T09:42:00-04:00|long|8,2026-04-06,CRCL,2026-04-06T09:42:00-04:00,long,8,0.5944005846977234,True,next_bar_open_if_replayed,"{'pressure_k': 0.0, 'spread': 0.30999999999998806, 'depth_imb_k': -0.6979430384421094, 'micro_off': -0.05166666666666231, 'spread_mean_10s': 0.2004999999999825, 'depth_imb_k_mean_10s': -0.6690731128113484, 'depth_imb_k_mean_60s': -0.22559242595665177, 'dist_vwap_bps': None, 'hl_range_pct': None, 'oc_change_pct': None, 'volume_rel_20': None, 'atr_pct': None, 'position_in_range': None, 'rsi': None, 'bb_position': None, 'ret_3': None, 'ret_10': None, 'session_bucket': 0.0}"
2026-04-06|CRCL|2026-04-06T09:43:00-04:00|long|8,2026-04-06,CRCL,2026-04-06T09:43:00-04:00,long,8,0.581671416759491,True,next_bar_open_if_replayed,"{'pressure_k': 0.0, 'spread': 0.1799999999999926, 'depth_imb_k': -0.7990973972260162, 'micro_off': -0.030000000000001137, 'spread_mean_10s': 0.20850000000000932, 'depth_imb_k_mean_10s': -0.803438209398621, 'depth_imb_k_mean_60s': -0.6346081039234343, 'dist_vwap_bps': None, 'hl_range_pct': None, 'oc_change_pct': None, 'volume_rel_20': None, 'atr_pct': None, 'position_in_range': None, 'rsi': None, 'bb_position': None, 'ret_3': None, 'ret_10': None, 'session_bucket': 0.0}"
2026-04-06|CRCL|2026-04-06T09:44:00-04:00|long|8,2026-04-06,CRCL,2026-04-06T09:44:00-04:00,long,8,0.612663745880127,True,next_bar_open_if_replayed,"{'pressure_k': 0.0, 'spread': 0.18999999999999773, 'depth_imb_k': -0.3371449596867822, 'micro_off': 0.0, 'spread_mean_10s': 0.20000000000004547, 'depth_imb_k_mean_10s': -0.3208767130280933, 'depth_imb_k_mean_60s': -0.3106759448733372, 'dist_vwap_bps': None, 'hl_range_pct': None, 'oc_change_pct': None, 'volume_rel_20': None, 'atr_pct': None, 'position_in_range': None, 'rsi': None, 'bb_position': None, 'ret_3': None, 'ret_10': None, 'session_bucket': 0.0}"
2026-04-06|CRCL|2026-04-06T09:45:00-04:00|long|8,2026-04-06,CRCL,2026-04-06T09:45:00-04:00,long,8,0.6299035549163818,True,next_bar_open_if_replayed,"{'pressure_k': 0.0, 'spread': 0.269999999999996, 'depth_imb_k': -0.1557029628674272, 'micro_off': 0.045000000000015916, 'spread_mean_10s': 0.2223076923076767, 'depth_imb_k_mean_10s': -0.05867486276601178, 'depth_imb_k_mean_60s': -0.06764526367833511, 'dist_vwap_bps': None, 'hl_range_pct': None, 'oc_change_pct': None, 'volume_rel_20': None, 'atr_pct': None, 'position_in_range': None, 'rsi': None, 'bb_position': None, 'ret_3': None, 'ret_10': None, 'session_bucket': 0.0}"
2026-04-06|CRCL|2026-04-06T09:46:00-04:00|long|8,2026-04-06,CRCL,2026-04-06T09:46:00-04:00,long,8,0.6024161577224731,True,next_bar_open_if_replayed,"{'pressure_k': 0.0, 'spread': 0.28000000000000114, 'depth_imb_k': 0.4704319115239041, 'micro_off': 0.1272727272727252, 'spread_mean_10s': 0.372750000000002, 'depth_imb_k_mean_10s': 0.2726215024413136, 'depth_imb_k_mean_60s': 0.1360149499812682, 'dist_vwap_bps': None, 'hl_range_pct': None, 'oc_change_pct': None, 'volume_rel_20': None, 'atr_pct': None, 'position_in_range': None, 'rsi': None, 'bb_position': None, 'ret_3': None, 'ret_10': None, 'session_bucket': 0.0}"
2026-04-06|CRCL|2026-04-06T09:47:00-04:00|long|12,2026-04-06,CRCL,2026-04-06T09:47:00-04:00,long,12,0.5879574418067932,True,next_bar_open_if_replayed,"{'pressure_k': 0.0, 'spread': 0.14000000000000057, 'depth_imb_k': -0.44893195845650086, 'micro_off': -0.023333333333326323, 'spread_mean_10s': 0.2789999999999736, 'depth_imb_k_mean_10s': -0.4315146158235564, 'depth_imb_k_mean_60s': -0.24544461497401326, 'dist_vwap_bps': None, 'hl_range_pct': None, 'oc_change_pct': None, 'volume_rel_20': None, 'atr_pct': None, 'position_in_range': None, 'rsi': None, 'bb_position': None, 'ret_3': None, 'ret_10': None, 'session_bucket': 0.0}"
2026-04-06|CRCL|2026-04-06T09:48:00-04:00|long|5,2026-04-06,CRCL,2026-04-06T09:48:00-04:00,long,5,0.41184067726135254,True,next_bar_open_if_replayed,"{'pressure_k': 0.0, 'spread': 0.23000000000000398, 'depth_imb_k': 0.11946713557129866, 'micro_off': -0.03833333333332689, 'spread_mean_10s': 0.2270000000000209, 'depth_imb_k_mean_10s': 0.06379597987449018, 'depth_imb_k_mean_60s': -0.11197499340279021, 'dist_vwap_bps': None, 'hl_range_pct': None, 'oc_change_pct': None, 'volume_rel_20': None, 'atr_pct': None, 'position_in_range': None, 'rsi': None, 'bb_position': None, 'ret_3': None, 'ret_10': None, 'session_bucket': 0.0}"
2026-04-06|CRCL|2026-04-06T09:49:00-04:00|long|3,2026-04-06,CRCL,2026-04-06T09:49:00-04:00,long,3,0.5821101069450378,True,next_bar_open_if_replayed,"{'pressure_k': 0.0, 'spread': 0.11999999999999034, 'depth_imb_k': -0.09448317377711322, 'micro_off': 0.0, 'spread_mean_10s': 0.18048780487800664, 'depth_imb_k_mean_10s': -0.16118439781774202, 'depth_imb_k_mean_60s': 0.013271114492832687, 'dist_vwap_bps': None, 'hl_range_pct': None, 'oc_change_pct': None, 'volume_rel_20': None, 'atr_pct': None, 'position_in_range': None, 'rsi': None, 'bb_position': None, 'ret_3': None, 'ret_10': None, 'session_bucket': 0.0}"
2026-04-06|CRCL|2026-04-06T09:50:00-04:00|long|8,2026-04-06,CRCL,2026-04-06T09:50:00-04:00,long,8,0.5325666069984436,True,next_bar_open_if_replayed,"{'pressure_k': 0.0, 'spread': 0.1599999999999966, 'depth_imb_k': 0.1334206441598758, 'micro_off': -0.01999999999999602, 'spread_mean_10s': 0.1570000000000391, 'depth_imb_k_mean_10s': -0.18869272796800374, 'depth_imb_k_mean_60s': -0.1177424643612453, 'dist_vwap_bps': None, 'hl_range_pct': None, 'oc_change_pct': None, 'volume_rel_20': None, 'atr_pct': None, 'position_in_range': None, 'rsi': None, 'bb_position': None, 'ret_3': None, 'ret_10': None, 'session_bucket': 0.0}"
2026-04-06|CRCL|2026-04-06T09:51:00-04:00|short|5,2026-04-06,CRCL,2026-04-06T09:51:00-04:00,short,5,0.5303686857223511,True,next_bar_open_if_replayed,"{'pressure_k': 0.0, 'spread': 0.37000000000000455, 'depth_imb_k': 0.03169468884890101, 'micro_off': 0.061666666666667425, 'spread_mean_10s': 0.21000000000003055, 'depth_imb_k_mean_10s': 0.07629678870355934, 'depth_imb_k_mean_60s': 0.08489242673878243, 'dist_vwap_bps': None, 'hl_range_pct': None, 'oc_change_pct': None, 'volume_rel_20': None, 'atr_pct': None, 'position_in_range': None, 'rsi': None, 'bb_position': None, 'ret_3': None, 'ret_10': None, 'session_bucket': 0.0}"
2026-04-06|CRCL|2026-04-06T09:52:00-04:00|long|8,2026-04-06,CRCL,2026-04-06T09:52:00-04:00,long,8,0.5902974605560303,True,next_bar_open_if_replayed,"{'pressure_k': 0.0, 'spread': 0.15000000000000568, 'depth_imb_k': -0.6847666715192149, 'micro_off': 0.0, 'spread_mean_10s': 0.2107500000000357, 'depth_imb_k_mean_10s': -0.3264583986099467, 'depth_imb_k_mean_60s': -0.2576792050457648, 'dist_vwap_bps': None, 'hl_range_pct': None, 'oc_change_pct': None, 'volume_rel_20': None, 'atr_pct': None, 'position_in_range': None, 'rsi': None, 'bb_position': None, 'ret_3': None, 'ret_10': None, 'session_bucket': 0.0}"
2026-04-06|CRCL|2026-04-06T09:53:00-04:00|long|12,2026-04-06,CRCL,2026-04-06T09:53:00-04:00,long,12,0.6053061485290527,True,next_bar_open_if_replayed,"{'pressure_k': 0.0, 'spread': 0.20999999999999375, 'depth_imb_k': -0.7216073556955559, 'micro_off': 1.4210854715202004e-14, 'spread_mean_10s': 0.19424999999999953, 'depth_imb_k_mean_10s': -0.7107061111719446, 'depth_imb_k_mean_60s': -0.6414577791121997, 'dist_vwap_bps': None, 'hl_range_pct': None, 'oc_change_pct': None, 'volume_rel_20': None, 'atr_pct': None, 'position_in_range': None, 'rsi': None, 'bb_position': None, 'ret_3': None, 'ret_10': None, 'session_bucket': 0.0}"
2026-04-06|CRCL|2026-04-06T09:54:00-04:00|long|12,2026-04-06,CRCL,2026-04-06T09:54:00-04:00,long,12,0.5565067529678345,True,next_bar_open_if_replayed,"{'pressure_k': 0.0, 'spread': 0.1599999999999966, 'depth_imb_k': -0.053524228486210704, 'micro_off': 0.0, 'spread_mean_10s': 0.17450000000006866, 'depth_imb_k_mean_10s': -0.11954727793491884, 'depth_imb_k_mean_60s': -0.2596605402191832, 'dist_vwap_bps': None, 'hl_range_pct': None, 'oc_change_pct': None, 'volume_rel_20': None, 'atr_pct': None, 'position_in_range': None, 'rsi': None, 'bb_position': None, 'ret_3': None, 'ret_10': None, 'session_bucket': 0.0}"
2026-04-06|CRCL|2026-04-06T09:55:00-04:00|long|8,2026-04-06,CRCL,2026-04-06T09:55:00-04:00,long,8,0.5283915996551514,True,next_bar_open_if_replayed,"{'pressure_k': 0.0, 'spread': 0.29999999999999716, 'depth_imb_k': -0.4101010924269459, 'micro_off': 1.4210854715202004e-14, 'spread_mean_10s': 0.31033333333330876, 'depth_imb_k_mean_10s': -0.2661411027214475, 'depth_imb_k_mean_60s': -0.10542482443353672, 'dist_vwap_bps': None, 'hl_range_pct': None, 'oc_change_pct': None, 'volume_rel_20': None, 'atr_pct': None, 'position_in_range': None, 'rsi': None, 'bb_position': None, 'ret_3': None, 'ret_10': None, 'session_bucket': 0.0}"
2026-04-06|CRCL|2026-04-06T09:56:00-04:00|long|8,2026-04-06,CRCL,2026-04-06T09:56:00-04:00,long,8,0.7071742415428162,True,next_bar_open_if_replayed,"{'pressure_k': 0.0, 'spread': 0.2599999999999909, 'depth_imb_k': -0.8294595579697551, 'micro_off': -0.043333333333336554, 'spread_mean_10s': 0.20850000000003774, 'depth_imb_k_mean_10s': -0.803917624342614, 'depth_imb_k_mean_60s': -0.6908212410251543, 'dist_vwap_bps': None, 'hl_range_pct': None, 'oc_change_pct': None, 'volume_rel_20': None, 'atr_pct': None, 'position_in_range': None, 'rsi': None, 'bb_position': None, 'ret_3': None, 'ret_10': None, 'session_bucket': 0.0}"
2026-04-06|CRCL|2026-04-06T09:57:00-04:00|long|8,2026-04-06,CRCL,2026-04-06T09:57:00-04:00,long,8,0.6188620328903198,True,next_bar_open_if_replayed,"{'pressure_k': 0.0, 'spread': 0.1600000000000108, 'depth_imb_k': -0.6744892025350141, 'micro_off': -0.026666666666670835, 'spread_mean_10s': 0.14750000000009322, 'depth_imb_k_mean_10s': -0.6814107948218237, 'depth_imb_k_mean_60s': -0.7006871276620597, 'dist_vwap_bps': None, 'hl_range_pct': None, 'oc_change_pct': None, 'volume_rel_20': None, 'atr_pct': None, 'position_in_range': None, 'rsi': None, 'bb_position': None, 'ret_3': None, 'ret_10': None, 'session_bucket': 0.0}"
2026-04-06|CRCL|2026-04-06T09:58:00-04:00|long|12,2026-04-06,CRCL,2026-04-06T09:58:00-04:00,long,12,0.6620551347732544,True,next_bar_open_if_replayed,"{'pressure_k': 0.0, 'spread': 0.18999999999999773, 'depth_imb_k': -0.7263190931825957, 'micro_off': 0.0, 'spread_mean_10s': 0.18675000000005754, 'depth_imb_k_mean_10s': -0.7295864573335393, 'depth_imb_k_mean_60s': -0.7377351071348471, 'dist_vwap_bps': None, 'hl_range_pct': None, 'oc_change_pct': None, 'volume_rel_20': None, 'atr_pct': None, 'position_in_range': None, 'rsi': None, 'bb_position': None, 'ret_3': None, 'ret_10': None, 'session_bucket': 0.0}"
2026-04-06|CRCL|2026-04-06T09:59:00-04:00|long|12,2026-04-06,CRCL,2026-04-06T09:59:00-04:00,long,12,0.6720354557037354,True,next_bar_open_if_replayed,"{'pressure_k': 0.0, 'spread': 0.14000000000000057, 'depth_imb_k': -0.7961455702123679, 'micro_off': -1.4210854715202004e-14, 'spread_mean_10s': 0.18200000000007321, 'depth_imb_k_mean_10s': -0.797457947980638, 'depth_imb_k_mean_60s': -0.691999670409209, 'dist_vwap_bps': None, 'hl_range_pct': None, 'oc_change_pct': None, 'volume_rel_20': None, 'atr_pct': None, 'position_in_range': None, 'rsi': None, 'bb_position': None, 'ret_3': None, 'ret_10': None, 'session_bucket': 0.0}"
2026-04-06|CRCL|2026-04-06T10:00:00-04:00|long|5,2026-04-06,CRCL,2026-04-06T10:00:00-04:00,long,5,0.5040526986122131,True,next_bar_open_if_replayed,"{'pressure_k': 0.0, 'spread': 0.21999999999999886, 'depth_imb_k': -0.7716334726852423, 'micro_off': 0.0, 'spread_mean_10s': 0.2589999999999975, 'depth_imb_k_mean_10s': -0.7705534250223479, 'depth_imb_k_mean_60s': -0.7439848862649355, 'dist_vwap_bps': None, 'hl_range_pct': None, 'oc_change_pct': None, 'volume_rel_20': None, 'atr_pct': None, 'position_in_range': None, 'rsi': None, 'bb_position': None, 'ret_3': None, 'ret_10': None, 'session_bucket': 0.0}"
2026-04-06|CRCL|2026-04-06T10:01:00-04:00|long|8,2026-04-06,CRCL,2026-04-06T10:01:00-04:00,long,8,0.5802398920059204,True,next_bar_open_if_replayed,"{'pressure_k': 0.0, 'spread': 0.14000000000000057, 'depth_imb_k': -0.6646790381285853, 'micro_off': 0.04999999999999716, 'spread_mean_10s': 0.24549999999999841, 'depth_imb_k_mean_10s': -0.6990936399255474, 'depth_imb_k_mean_60s': -0.7620898191591468, 'dist_vwap_bps': None, 'hl_range_pct': None, 'oc_change_pct': None, 'volume_rel_20': None, 'atr_pct': None, 'position_in_range': None, 'rsi': None, 'bb_position': None, 'ret_3': None, 'ret_10': None, 'session_bucket': 1.0}"
2026-04-06|CRCL|2026-04-06T10:02:00-04:00|long|8,2026-04-06,CRCL,2026-04-06T10:02:00-04:00,long,8,0.5259142518043518,True,next_bar_open_if_replayed,"{'pressure_k': 0.0, 'spread': 0.21999999999999886, 'depth_imb_k': 0.33009535484571756, 'micro_off': 0.07857142857142208, 'spread_mean_10s': 0.2539534883720894, 'depth_imb_k_mean_10s': -0.2739763439788074, 'depth_imb_k_mean_60s': -0.655530636967745, 'dist_vwap_bps': None, 'hl_range_pct': None, 'oc_change_pct': None, 'volume_rel_20': None, 'atr_pct': None, 'position_in_range': None, 'rsi': None, 'bb_position': None, 'ret_3': None, 'ret_10': None, 'session_bucket': 1.0}"
2026-04-06|CRCL|2026-04-06T10:03:00-04:00|long|12,2026-04-06,CRCL,2026-04-06T10:03:00-04:00,long,12,0.5219988226890564,True,next_bar_open_if_replayed,"{'pressure_k': 0.0, 'spread': 0.29999999999999716, 'depth_imb_k': 0.20863558126794546, 'micro_off': 0.0, 'spread_mean_10s': 0.2679487179487016, 'depth_imb_k_mean_10s': 0.2892452939637597, 'depth_imb_k_mean_60s': -0.29371685596059577, 'dist_vwap_bps': None, 'hl_range_pct': None, 'oc_change_pct': None, 'volume_rel_20': None, 'atr_pct': None, 'position_in_range': None, 'rsi': None, 'bb_position': None, 'ret_3': None, 'ret_10': None, 'session_bucket': 1.0}"
2026-04-06|CRCL|2026-04-06T10:04:00-04:00|long|12,2026-04-06,CRCL,2026-04-06T10:04:00-04:00,long,12,0.5517167448997498,True,next_bar_open_if_replayed,"{'pressure_k': 0.0, 'spread': 0.2400000000000091, 'depth_imb_k': 0.459921547938313, 'micro_off': 0.0, 'spread_mean_10s': 0.14324999999989813, 'depth_imb_k_mean_10s': 0.40256436033002957, 'depth_imb_k_mean_60s': 0.32117600673908037, 'dist_vwap_bps': None, 'hl_range_pct': None, 'oc_change_pct': None, 'volume_rel_20': None, 'atr_pct': None, 'position_in_range': None, 'rsi': None, 'bb_position': None, 'ret_3': None, 'ret_10': None, 'session_bucket': 1.0}"
2026-04-06|CRCL|2026-04-06T10:05:00-04:00|long|8,2026-04-06,CRCL,2026-04-06T10:05:00-04:00,long,8,0.5941226482391357,True,next_bar_open_if_replayed,"{'pressure_k': 0.0, 'spread': 0.12000000000000455, 'depth_imb_k': -0.033089823716627366, 'micro_off': 0.0, 'spread_mean_10s': 0.11692307692312216, 'depth_imb_k_mean_10s': -0.04011818079609442, 'depth_imb_k_mean_60s': 0.07870102962453791, 'dist_vwap_bps': None, 'hl_range_pct': None, 'oc_change_pct': None, 'volume_rel_20': None, 'atr_pct': None, 'position_in_range': None, 'rsi': None, 'bb_position': None, 'ret_3': None, 'ret_10': None, 'session_bucket': 1.0}"
2026-04-06|CRCL|2026-04-06T10:06:00-04:00|long|8,2026-04-06,CRCL,2026-04-06T10:06:00-04:00,long,8,0.5377789735794067,True,next_bar_open_if_replayed,"{'pressure_k': 0.0, 'spread': 0.20999999999999375, 'depth_imb_k': 0.18016513207037824, 'micro_off': 0.07000000000000739, 'spread_mean_10s': 0.17849999999993998, 'depth_imb_k_mean_10s': -0.07549573526273434, 'depth_imb_k_mean_60s': 0.046986136635214316, 'dist_vwap_bps': None, 'hl_range_pct': None, 'oc_change_pct': None, 'volume_rel_20': None, 'atr_pct': None, 'position_in_range': None, 'rsi': None, 'bb_position': None, 'ret_3': None, 'ret_10': None, 'session_bucket': 1.0}"
2026-04-06|CRCL|2026-04-06T10:07:00-04:00|long|8,2026-04-06,CRCL,2026-04-06T10:07:00-04:00,long,8,0.507678747177124,True,next_bar_open_if_replayed,"{'pressure_k': 0.0, 'spread': 0.1700000000000017, 'depth_imb_k': 0.2720892770645509, 'micro_off': 0.05666666666668618, 'spread_mean_10s': 0.17799999999997454, 'depth_imb_k_mean_10s': 0.2701330982334184, 'depth_imb_k_mean_60s': 0.13192054410278692, 'dist_vwap_bps': None, 'hl_range_pct': None, 'oc_change_pct': None, 'volume_rel_20': None, 'atr_pct': None, 'position_in_range': None, 'rsi': None, 'bb_position': None, 'ret_3': None, 'ret_10': None, 'session_bucket': 1.0}"
2026-04-06|CRCL|2026-04-06T10:08:00-04:00|long|8,2026-04-06,CRCL,2026-04-06T10:08:00-04:00,long,8,0.5106277465820312,True,next_bar_open_if_replayed,"{'pressure_k': 0.0, 'spread': 0.2400000000000091, 'depth_imb_k': 0.11142384638189501, 'micro_off': -0.03999999999999204, 'spread_mean_10s': 0.2307499999999436, 'depth_imb_k_mean_10s': 0.1353231392075031, 'depth_imb_k_mean_60s': 0.22294650022514415, 'dist_vwap_bps': None, 'hl_range_pct': None, 'oc_change_pct': None, 'volume_rel_20': None, 'atr_pct': None, 'position_in_range': None, 'rsi': None, 'bb_position': None, 'ret_3': None, 'ret_10': None, 'session_bucket': 1.0}"
2026-04-06|CRCL|2026-04-06T10:09:00-04:00|long|12,2026-04-06,CRCL,2026-04-06T10:09:00-04:00,long,12,0.5299347043037415,True,next_bar_open_if_replayed,"{'pressure_k': 0.0, 'spread': 0.1599999999999966, 'depth_imb_k': -0.003228654878076392, 'micro_off': 0.008888888888890278, 'spread_mean_10s': 0.12475000000000591, 'depth_imb_k_mean_10s': -0.36968113052557783, 'depth_imb_k_mean_60s': -0.18394750769342, 'dist_vwap_bps': None, 'hl_range_pct': None, 'oc_change_pct': None, 'volume_rel_20': None, 'atr_pct': None, 'position_in_range': None, 'rsi': None, 'bb_position': None, 'ret_3': None, 'ret_10': None, 'session_bucket': 1.0}"
2026-04-06|CRCL|2026-04-06T10:10:00-04:00|long|12,2026-04-06,CRCL,2026-04-06T10:10:00-04:00,long,12,0.6320579051971436,True,next_bar_open_if_replayed,"{'pressure_k': 0.0, 'spread': 0.09999999999999432, 'depth_imb_k': 0.29509955200165205, 'micro_off': 0.01666666666666572, 'spread_mean_10s': 0.18699999999995498, 'depth_imb_k_mean_10s': 0.4341888231360144, 'depth_imb_k_mean_60s': 0.5715437156934103, 'dist_vwap_bps': None, 'hl_range_pct': None, 'oc_change_pct': None, 'volume_rel_20': None, 'atr_pct': None, 'position_in_range': None, 'rsi': None, 'bb_position': None, 'ret_3': None, 'ret_10': None, 'session_bucket': 1.0}"
2026-04-06|CRCL|2026-04-06T10:11:00-04:00|long|8,2026-04-06,CRCL,2026-04-06T10:11:00-04:00,long,8,0.5514039397239685,True,next_bar_open_if_replayed,"{'pressure_k': 0.0, 'spread': 0.1599999999999966, 'depth_imb_k': 0.09968004675663322, 'micro_off': -0.026666666666670835, 'spread_mean_10s': 0.18624999999992725, 'depth_imb_k_mean_10s': -0.12962672017812338, 'depth_imb_k_mean_60s': -0.13327432401544714, 'dist_vwap_bps': None, 'hl_range_pct': None, 'oc_change_pct': None, 'volume_rel_20': None, 'atr_pct': None, 'position_in_range': None, 'rsi': None, 'bb_position': None, 'ret_3': None, 'ret_10': None, 'session_bucket': 1.0}"
2026-04-06|CRCL|2026-04-06T10:12:00-04:00|short|8,2026-04-06,CRCL,2026-04-06T10:12:00-04:00,short,8,0.42642202973365784,True,next_bar_open_if_replayed,"{'pressure_k': 0.0, 'spread': 0.18000000000000682, 'depth_imb_k': -0.3706068282441006, 'micro_off': 0.0, 'spread_mean_10s': 0.1799999999998363, 'depth_imb_k_mean_10s': -0.34468470143303875, 'depth_imb_k_mean_60s': -0.16260981283659923, 'dist_vwap_bps': None, 'hl_range_pct': None, 'oc_change_pct': None, 'volume_rel_20': None, 'atr_pct': None, 'position_in_range': None, 'rsi': None, 'bb_position': None, 'ret_3': None, 'ret_10': None, 'session_bucket': 1.0}"
2026-04-06|CRCL|2026-04-06T10:13:00-04:00|long|5,2026-04-06,CRCL,2026-04-06T10:13:00-04:00,long,5,0.7270091772079468,True,next_bar_open_if_replayed,"{'pressure_k': 0.0, 'spread': 0.06999999999999318, 'depth_imb_k': -0.002282503731015714, 'micro_off': 0.028636363636366013, 'spread_mean_10s': 0.07025000000004411, 'depth_imb_k_mean_10s': -0.36508538051708683, 'depth_imb_k_mean_60s': -0.2546760410387771, 'dist_vwap_bps': None, 'hl_range_pct': None, 'oc_change_pct': None, 'volume_rel_20': None, 'atr_pct': None, 'position_in_range': None, 'rsi': None, 'bb_position': None, 'ret_3': None, 'ret_10': None, 'session_bucket': 1.0}"
2026-04-06|CRCL|2026-04-06T10:14:00-04:00|long|12,2026-04-06,CRCL,2026-04-06T10:14:00-04:00,long,12,0.5248216986656189,True,next_bar_open_if_replayed,"{'pressure_k': 0.0, 'spread': 0.11999999999999034, 'depth_imb_k': -0.3026571648794472, 'micro_off': -0.03599999999998715, 'spread_mean_10s': 0.13699999999993223, 'depth_imb_k_mean_10s': -0.40318899074472936, 'depth_imb_k_mean_60s': -0.3082305880546878, 'dist_vwap_bps': None, 'hl_range_pct': None, 'oc_change_pct': None, 'volume_rel_20': None, 'atr_pct': None, 'position_in_range': None, 'rsi': None, 'bb_position': None, 'ret_3': None, 'ret_10': None, 'session_bucket': 1.0}"
2026-04-06|CRCL|2026-04-06T10:15:00-04:00|short|5,2026-04-06,CRCL,2026-04-06T10:15:00-04:00,short,5,0.5247790813446045,True,next_bar_open_if_replayed,"{'pressure_k': 0.0, 'spread': 0.07000000000000739, 'depth_imb_k': -0.28444101534521904, 'micro_off': -0.017500000000012506, 'spread_mean_10s': 0.12399999999994407, 'depth_imb_k_mean_10s': -0.1244401659170535, 'depth_imb_k_mean_60s': -0.2424884160915962, 'dist_vwap_bps': None, 'hl_range_pct': None, 'oc_change_pct': None, 'volume_rel_20': None, 'atr_pct': None, 'position_in_range': None, 'rsi': None, 'bb_position': None, 'ret_3': None, 'ret_10': None, 'session_bucket': 1.0}"
2026-04-06|CRCL|2026-04-06T10:16:00-04:00|short|12,2026-04-06,CRCL,2026-04-06T10:16:00-04:00,short,12,0.4264886677265167,True,next_bar_open_if_replayed,"{'pressure_k': 0.0, 'spread': 0.23000000000000398, 'depth_imb_k': 0.052235845654525784, 'micro_off': 0.0383333333333411, 'spread_mean_10s': 0.2400000000000849, 'depth_imb_k_mean_10s': 0.010981105170306668, 'depth_imb_k_mean_60s': -0.005950507159657215, 'dist_vwap_bps': None, 'hl_range_pct': None, 'oc_change_pct': None, 'volume_rel_20': None, 'atr_pct': None, 'position_in_range': None, 'rsi': None, 'bb_position': None, 'ret_3': None, 'ret_10': None, 'session_bucket': 1.0}"
2026-04-06|CRCL|2026-04-06T10:17:00-04:00|long|8,2026-04-06,CRCL,2026-04-06T10:17:00-04:00,long,8,0.46092134714126587,True,next_bar_open_if_replayed,"{'pressure_k': 0.0, 'spread': 0.10999999999999943, 'depth_imb_k': 0.3135350577054019, 'micro_off': 0.03666666666666174, 'spread_mean_10s': 0.12000000000005002, 'depth_imb_k_mean_10s': 0.03263361238716698, 'depth_imb_k_mean_60s': -0.05497361985372952, 'dist_vwap_bps': None, 'hl_range_pct': None, 'oc_change_pct': None, 'volume_rel_20': None, 'atr_pct': None, 'position_in_range': None, 'rsi': None, 'bb_position': None, 'ret_3': None, 'ret_10': None, 'session_bucket': 1.0}"
2026-04-06|CRCL|2026-04-06T10:18:00-04:00|short|12,2026-04-06,CRCL,2026-04-06T10:18:00-04:00,short,12,0.4237334132194519,True,next_bar_open_if_replayed,"{'pressure_k': 0.0, 'spread': 0.18999999999999773, 'depth_imb_k': -0.7880026524791462, 'micro_off': 0.0, 'spread_mean_10s': 0.17399999999992133, 'depth_imb_k_mean_10s': -0.8074075054908121, 'depth_imb_k_mean_60s': -0.12108627025468872, 'dist_vwap_bps': None, 'hl_range_pct': None, 'oc_change_pct': None, 'volume_rel_20': None, 'atr_pct': None, 'position_in_range': None, 'rsi': None, 'bb_position': None, 'ret_3': None, 'ret_10': None, 'session_bucket': 1.0}"
2026-04-06|CRCL|2026-04-06T10:19:00-04:00|short|12,2026-04-06,CRCL,2026-04-06T10:19:00-04:00,short,12,0.37096893787384033,True,next_bar_open_if_replayed,"{'pressure_k': 0.0, 'spread': 0.21000000000000796, 'depth_imb_k': -0.0659089450989529, 'micro_off': 0.0, 'spread_mean_10s': 0.2154999999999859, 'depth_imb_k_mean_10s': -0.21630080051380673, 'depth_imb_k_mean_60s': -0.4968139827561127, 'dist_vwap_bps': None, 'hl_range_pct': None, 'oc_change_pct': None, 'volume_rel_20': None, 'atr_pct': None, 'position_in_range': None, 'rsi': None, 'bb_position': None, 'ret_3': None, 'ret_10': None, 'session_bucket': 1.0}"
2026-04-06|CRCL|2026-04-06T10:20:00-04:00|short|12,2026-04-06,CRCL,2026-04-06T10:20:00-04:00,short,12,0.4244675040245056,True,next_bar_open_if_replayed,"{'pressure_k': 0.0, 'spread': 0.14000000000000057, 'depth_imb_k': -0.5015171779052878, 'micro_off': -0.023333333333326323, 'spread_mean_10s': 0.13428571428572209, 'depth_imb_k_mean_10s': -0.4993553492765516, 'depth_imb_k_mean_60s': -0.3998076577874414, 'dist_vwap_bps': None, 'hl_range_pct': None, 'oc_change_pct': None, 'volume_rel_20': None, 'atr_pct': None, 'position_in_range': None, 'rsi': None, 'bb_position': None, 'ret_3': None, 'ret_10': None, 'session_bucket': 1.0}"
2026-04-06|CRCL|2026-04-06T10:21:00-04:00|short|8,2026-04-06,CRCL,2026-04-06T10:21:00-04:00,short,8,0.4151918292045593,True,next_bar_open_if_replayed,"{'pressure_k': 0.0, 'spread': 0.14000000000000057, 'depth_imb_k': -0.22154382904491932, 'micro_off': 0.0, 'spread_mean_10s': 0.1532499999999004, 'depth_imb_k_mean_10s': -0.22339764507001975, 'depth_imb_k_mean_60s': -0.35775398269113706, 'dist_vwap_bps': None, 'hl_range_pct': None, 'oc_change_pct': None, 'volume_rel_20': None, 'atr_pct': None, 'position_in_range': None, 'rsi': None, 'bb_position': None, 'ret_3': None, 'ret_10': None, 'session_bucket': 1.0}"
2026-04-06|CRCL|2026-04-06T10:22:00-04:00|short|8,2026-04-06,CRCL,2026-04-06T10:22:00-04:00,short,8,0.4209654629230499,True,next_bar_open_if_replayed,"{'pressure_k': 0.0, 'spread': 0.18000000000000682, 'depth_imb_k': -0.4081912554780659, 'micro_off': 0.0, 'spread_mean_10s': 0.26393939393938126, 'depth_imb_k_mean_10s': -0.4375613732252422, 'depth_imb_k_mean_60s': -0.12365946819843851, 'dist_vwap_bps': None, 'hl_range_pct': None, 'oc_change_pct': None, 'volume_rel_20': None, 'atr_pct': None, 'position_in_range': None, 'rsi': None, 'bb_position': None, 'ret_3': None, 'ret_10': None, 'session_bucket': 1.0}"
2026-04-06|CRCL|2026-04-06T10:23:00-04:00|short|8,2026-04-06,CRCL,2026-04-06T10:23:00-04:00,short,8,0.4057837724685669,True,next_bar_open_if_replayed,"{'pressure_k': 0.0, 'spread': 0.0799999999999983, 'depth_imb_k': -0.06700953903358643, 'micro_off': 0.026666666666656624, 'spread_mean_10s': 0.15100000000007868, 'depth_imb_k_mean_10s': -0.04584955999497424, 'depth_imb_k_mean_60s': 0.019672566530044396, 'dist_vwap_bps': None, 'hl_range_pct': None, 'oc_change_pct': None, 'volume_rel_20': None, 'atr_pct': None, 'position_in_range': None, 'rsi': None, 'bb_position': None, 'ret_3': None, 'ret_10': None, 'session_bucket': 1.0}"
2026-04-06|CRCL|2026-04-06T10:24:00-04:00|short|8,2026-04-06,CRCL,2026-04-06T10:24:00-04:00,short,8,0.4273090362548828,True,next_bar_open_if_replayed,"{'pressure_k': 0.0, 'spread': 0.1699999999999875, 'depth_imb_k': -0.2600408483120762, 'micro_off': 0.0, 'spread_mean_10s': 0.16743589743591422, 'depth_imb_k_mean_10s': -0.30113473398249624, 'depth_imb_k_mean_60s': -0.15617159600064082, 'dist_vwap_bps': None, 'hl_range_pct': None, 'oc_change_pct': None, 'volume_rel_20': None, 'atr_pct': None, 'position_in_range': None, 'rsi': None, 'bb_position': None, 'ret_3': None, 'ret_10': None, 'session_bucket': 1.0}"
2026-04-06|CRCL|2026-04-06T10:25:00-04:00|short|8,2026-04-06,CRCL,2026-04-06T10:25:00-04:00,short,8,0.4290839433670044,True,next_bar_open_if_replayed,"{'pressure_k': 0.0, 'spread': 0.23000000000000398, 'depth_imb_k': 0.14422867581072543, 'micro_off': -0.08214285714286973, 'spread_mean_10s': 0.21424999999994726, 'depth_imb_k_mean_10s': 0.13010386102013172, 'depth_imb_k_mean_60s': -0.009615457633511834, 'dist_vwap_bps': None, 'hl_range_pct': None, 'oc_change_pct': None, 'volume_rel_20': None, 'atr_pct': None, 'position_in_range': None, 'rsi': None, 'bb_position': None, 'ret_3': None, 'ret_10': None, 'session_bucket': 1.0}"
2026-04-06|CRCL|2026-04-06T10:26:00-04:00|short|8,2026-04-06,CRCL,2026-04-06T10:26:00-04:00,short,8,0.4924834668636322,True,next_bar_open_if_replayed,"{'pressure_k': 0.0, 'spread': 0.15000000000000568, 'depth_imb_k': -0.29665630968330436, 'micro_off': -0.015000000000000568, 'spread_mean_10s': 0.183749999999975, 'depth_imb_k_mean_10s': -0.33468846085580706, 'depth_imb_k_mean_60s': -0.018341408108283972, 'dist_vwap_bps': None, 'hl_range_pct': None, 'oc_change_pct': None, 'volume_rel_20': None, 'atr_pct': None, 'position_in_range': None, 'rsi': None, 'bb_position': None, 'ret_3': None, 'ret_10': None, 'session_bucket': 1.0}"
2026-04-06|CRCL|2026-04-06T10:27:00-04:00|short|5,2026-04-06,CRCL,2026-04-06T10:27:00-04:00,short,5,0.5366647839546204,True,next_bar_open_if_replayed,"{'pressure_k': 0.0, 'spread': 0.1600000000000108, 'depth_imb_k': 0.14621673382253006, 'micro_off': 0.016000000000005343, 'spread_mean_10s': 0.20324999999996862, 'depth_imb_k_mean_10s': 0.07958904118396504, 'depth_imb_k_mean_60s': -0.10448849217863442, 'dist_vwap_bps': None, 'hl_range_pct': None, 'oc_change_pct': None, 'volume_rel_20': None, 'atr_pct': None, 'position_in_range': None, 'rsi': None, 'bb_position': None, 'ret_3': None, 'ret_10': None, 'session_bucket': 1.0}"
2026-04-06|CRCL|2026-04-06T10:28:00-04:00|short|12,2026-04-06,CRCL,2026-04-06T10:28:00-04:00,short,12,0.4705022871494293,True,next_bar_open_if_replayed,"{'pressure_k': 0.0, 'spread': 0.12000000000000455, 'depth_imb_k': 0.16476977631319734, 'micro_off': 0.030000000000001137, 'spread_mean_10s': 0.11650000000006458, 'depth_imb_k_mean_10s': 0.2416754594187978, 'depth_imb_k_mean_60s': 0.228106579612924, 'dist_vwap_bps': None, 'hl_range_pct': None, 'oc_change_pct': None, 'volume_rel_20': None, 'atr_pct': None, 'position_in_range': None, 'rsi': None, 'bb_position': None, 'ret_3': None, 'ret_10': None, 'session_bucket': 1.0}"
2026-04-06|CRCL|2026-04-06T10:29:00-04:00|long|8,2026-04-06,CRCL,2026-04-06T10:29:00-04:00,long,8,0.4191811680793762,True,next_bar_open_if_replayed,"{'pressure_k': 0.0, 'spread': 0.0899999999999892, 'depth_imb_k': 0.3693063535681572, 'micro_off': 0.03214285714285836, 'spread_mean_10s': 0.09450000000001638, 'depth_imb_k_mean_10s': 0.3079636034017767, 'depth_imb_k_mean_60s': 0.22851659466898608, 'dist_vwap_bps': None, 'hl_range_pct': None, 'oc_change_pct': None, 'volume_rel_20': None, 'atr_pct': None, 'position_in_range': None, 'rsi': None, 'bb_position': None, 'ret_3': None, 'ret_10': None, 'session_bucket': 1.0}"
2026-04-06|CRCL|2026-04-06T10:30:00-04:00|short|12,2026-04-06,CRCL,2026-04-06T10:30:00-04:00,short,12,0.4560876786708832,True,next_bar_open_if_replayed,"{'pressure_k': 0.0, 'spread': 0.1599999999999966, 'depth_imb_k': -0.16966576372876044, 'micro_off': -0.016000000000005343, 'spread_mean_10s': 0.1317948717948802, 'depth_imb_k_mean_10s': -0.0045599105576048975, 'depth_imb_k_mean_60s': 0.10428287178491016, 'dist_vwap_bps': None, 'hl_range_pct': None, 'oc_change_pct': None, 'volume_rel_20': None, 'atr_pct': None, 'position_in_range': None, 'rsi': None, 'bb_position': None, 'ret_3': None, 'ret_10': None, 'session_bucket': 1.0}"
2026-04-06|CRCL|2026-04-06T10:31:00-04:00|short|12,2026-04-06,CRCL,2026-04-06T10:31:00-04:00,short,12,0.4756627678871155,True,next_bar_open_if_replayed,"{'pressure_k': 0.0, 'spread': 0.1599999999999966, 'depth_imb_k': -0.3350938418839823, 'micro_off': -0.03999999999999204, 'spread_mean_10s': 0.1774999999999068, 'depth_imb_k_mean_10s': -0.3445173132693412, 'depth_imb_k_mean_60s': -0.29032720505026793, 'dist_vwap_bps': None, 'hl_range_pct': None, 'oc_change_pct': None, 'volume_rel_20': None, 'atr_pct': None, 'position_in_range': None, 'rsi': None, 'bb_position': None, 'ret_3': None, 'ret_10': None, 'session_bucket': 1.0}"
2026-04-06|CRCL|2026-04-06T10:32:00-04:00|long|12,2026-04-06,CRCL,2026-04-06T10:32:00-04:00,long,12,0.38564226031303406,True,next_bar_open_if_replayed,"{'pressure_k': 0.0, 'spread': 0.23999999999999488, 'depth_imb_k': 0.10654103483311926, 'micro_off': -0.060000000000002274, 'spread_mean_10s': 0.18724999999998318, 'depth_imb_k_mean_10s': 0.09626220455860449, 'depth_imb_k_mean_60s': -0.14729149755822488, 'dist_vwap_bps': None, 'hl_range_pct': None, 'oc_change_pct': None, 'volume_rel_20': None, 'atr_pct': None, 'position_in_range': None, 'rsi': None, 'bb_position': None, 'ret_3': None, 'ret_10': None, 'session_bucket': 1.0}"
2026-04-06|CRCL|2026-04-06T10:33:00-04:00|long|8,2026-04-06,CRCL,2026-04-06T10:33:00-04:00,long,8,0.3720491826534271,True,next_bar_open_if_replayed,"{'pressure_k': 0.0, 'spread': 0.3200000000000074, 'depth_imb_k': 0.2836268409292939, 'micro_off': 0.0, 'spread_mean_10s': 0.2617948717948727, 'depth_imb_k_mean_10s': 0.31303291651731624, 'depth_imb_k_mean_60s': 0.365338635220673, 'dist_vwap_bps': None, 'hl_range_pct': None, 'oc_change_pct': None, 'volume_rel_20': None, 'atr_pct': None, 'position_in_range': None, 'rsi': None, 'bb_position': None, 'ret_3': None, 'ret_10': None, 'session_bucket': 1.0}"
2026-04-06|CRCL|2026-04-06T10:34:00-04:00|short|12,2026-04-06,CRCL,2026-04-06T10:34:00-04:00,short,12,0.4622199535369873,True,next_bar_open_if_replayed,"{'pressure_k': 0.0, 'spread': 0.18000000000000682, 'depth_imb_k': -0.28774263189344434, 'micro_off': 0.0, 'spread_mean_10s': 0.1824999999998454, 'depth_imb_k_mean_10s': -0.182274625419916, 'depth_imb_k_mean_60s': 0.21720177591697692, 'dist_vwap_bps': None, 'hl_range_pct': None, 'oc_change_pct': None, 'volume_rel_20': None, 'atr_pct': None, 'position_in_range': None, 'rsi': None, 'bb_position': None, 'ret_3': None, 'ret_10': None, 'session_bucket': 1.0}"
2026-04-06|CRCL|2026-04-06T10:35:00-04:00|long|3,2026-04-06,CRCL,2026-04-06T10:35:00-04:00,long,3,0.38115060329437256,True,next_bar_open_if_replayed,"{'pressure_k': 0.0, 'spread': 0.10000000000000853, 'depth_imb_k': 0.0642328323483581, 'micro_off': 0.0, 'spread_mean_10s': 0.16820512820498687, 'depth_imb_k_mean_10s': 0.05273837133824763, 'depth_imb_k_mean_60s': -0.006586807034813723, 'dist_vwap_bps': None, 'hl_range_pct': None, 'oc_change_pct': None, 'volume_rel_20': None, 'atr_pct': None, 'position_in_range': None, 'rsi': None, 'bb_position': None, 'ret_3': None, 'ret_10': None, 'session_bucket': 1.0}"
2026-04-06|CRCL|2026-04-06T10:36:00-04:00|short|12,2026-04-06,CRCL,2026-04-06T10:36:00-04:00,short,12,0.4260430932044983,True,next_bar_open_if_replayed,"{'pressure_k': 0.0, 'spread': 0.25, 'depth_imb_k': 0.1753248550816913, 'micro_off': -0.041666666666671404, 'spread_mean_10s': 0.23236363636359866, 'depth_imb_k_mean_10s': 0.130521399771417, 'depth_imb_k_mean_60s': 0.06225337937020413, 'dist_vwap_bps': None, 'hl_range_pct': None, 'oc_change_pct': None, 'volume_rel_20': None, 'atr_pct': None, 'position_in_range': None, 'rsi': None, 'bb_position': None, 'ret_3': None, 'ret_10': None, 'session_bucket': 1.0}"
2026-04-06|CRCL|2026-04-06T10:37:00-04:00|long|8,2026-04-06,CRCL,2026-04-06T10:37:00-04:00,long,8,0.4118690490722656,True,next_bar_open_if_replayed,"{'pressure_k': 0.0, 'spread': 0.20999999999999375, 'depth_imb_k': -0.020332981175742507, 'micro_off': -0.08590909090908383, 'spread_mean_10s': 0.17868421052620712, 'depth_imb_k_mean_10s': -0.020248919085851844, 'depth_imb_k_mean_60s': 0.09594850110339236, 'dist_vwap_bps': None, 'hl_range_pct': None, 'oc_change_pct': None, 'volume_rel_20': None, 'atr_pct': None, 'position_in_range': None, 'rsi': None, 'bb_position': None, 'ret_3': None, 'ret_10': None, 'session_bucket': 1.0}"
2026-04-06|CRCL|2026-04-06T10:38:00-04:00|long|12,2026-04-06,CRCL,2026-04-06T10:38:00-04:00,long,12,0.42224764823913574,True,next_bar_open_if_replayed,"{'pressure_k': 0.0, 'spread': 0.3100000000000023, 'depth_imb_k': 0.5830644387362764, 'micro_off': 0.0986363636363734, 'spread_mean_10s': 0.21358974358978836, 'depth_imb_k_mean_10s': 0.6064528598159808, 'depth_imb_k_mean_60s': 0.28097711053266183, 'dist_vwap_bps': None, 'hl_range_pct': None, 'oc_change_pct': None, 'volume_rel_20': None, 'atr_pct': None, 'position_in_range': None, 'rsi': None, 'bb_position': None, 'ret_3': None, 'ret_10': None, 'session_bucket': 1.0}"
2026-04-06|CRCL|2026-04-06T10:39:00-04:00|long|12,2026-04-06,CRCL,2026-04-06T10:39:00-04:00,long,12,0.4467816650867462,True,next_bar_open_if_replayed,"{'pressure_k': 0.0, 'spread': 0.2600000000000051, 'depth_imb_k': 0.5266127222002501, 'micro_off': 0.0, 'spread_mean_10s': 0.266857142857251, 'depth_imb_k_mean_10s': 0.42179477049881564, 'depth_imb_k_mean_60s': 0.4083077912861544, 'dist_vwap_bps': None, 'hl_range_pct': None, 'oc_change_pct': None, 'volume_rel_20': None, 'atr_pct': None, 'position_in_range': None, 'rsi': None, 'bb_position': None, 'ret_3': None, 'ret_10': None, 'session_bucket': 1.0}"
2026-04-06|CRCL|2026-04-06T10:40:00-04:00|long|8,2026-04-06,CRCL,2026-04-06T10:40:00-04:00,long,8,0.4679233431816101,True,next_bar_open_if_replayed,"{'pressure_k': 0.0, 'spread': 0.29000000000000625, 'depth_imb_k': -0.4752081262931526, 'micro_off': -0.0870000000000033, 'spread_mean_10s': 0.23875000000001592, 'depth_imb_k_mean_10s': -0.5171017442106176, 'depth_imb_k_mean_60s': -0.032844421896546315, 'dist_vwap_bps': None, 'hl_range_pct': None, 'oc_change_pct': None, 'volume_rel_20': None, 'atr_pct': None, 'position_in_range': None, 'rsi': None, 'bb_position': None, 'ret_3': None, 'ret_10': None, 'session_bucket': 1.0}"
2026-04-06|CRCL|2026-04-06T10:41:00-04:00|short|8,2026-04-06,CRCL,2026-04-06T10:41:00-04:00,short,8,0.42368924617767334,True,next_bar_open_if_replayed,"{'pressure_k': 0.0, 'spread': 0.23000000000000398, 'depth_imb_k': -0.1989327846125677, 'micro_off': 0.0, 'spread_mean_10s': 0.2434999999999377, 'depth_imb_k_mean_10s': -0.2472613128293574, 'depth_imb_k_mean_60s': -0.18057546997402418, 'dist_vwap_bps': None, 'hl_range_pct': None, 'oc_change_pct': None, 'volume_rel_20': None, 'atr_pct': None, 'position_in_range': None, 'rsi': None, 'bb_position': None, 'ret_3': None, 'ret_10': None, 'session_bucket': 1.0}"
2026-04-06|CRCL|2026-04-06T10:42:00-04:00|long|8,2026-04-06,CRCL,2026-04-06T10:42:00-04:00,long,8,0.4254322350025177,True,next_bar_open_if_replayed,"{'pressure_k': 0.0, 'spread': 0.1799999999999926, 'depth_imb_k': -0.16463531263620315, 'micro_off': -0.029999999999986926, 'spread_mean_10s': 0.1912499999998772, 'depth_imb_k_mean_10s': -0.16244430877627564, 'depth_imb_k_mean_60s': -0.1881030653122975, 'dist_vwap_bps': None, 'hl_range_pct': None, 'oc_change_pct': None, 'volume_rel_20': None, 'atr_pct': None, 'position_in_range': None, 'rsi': None, 'bb_position': None, 'ret_3': None, 'ret_10': None, 'session_bucket': 1.0}"
2026-04-06|CRCL|2026-04-06T10:43:00-04:00|short|8,2026-04-06,CRCL,2026-04-06T10:43:00-04:00,short,8,0.4446127414703369,True,next_bar_open_if_replayed,"{'pressure_k': 0.0, 'spread': 0.21999999999999886, 'depth_imb_k': -0.28709234161855474, 'micro_off': -0.03666666666666174, 'spread_mean_10s': 0.17222222222207823, 'depth_imb_k_mean_10s': -0.36555981186215075, 'depth_imb_k_mean_60s': -0.10975988795473994, 'dist_vwap_bps': None, 'hl_range_pct': None, 'oc_change_pct': None, 'volume_rel_20': None, 'atr_pct': None, 'position_in_range': None, 'rsi': None, 'bb_position': None, 'ret_3': None, 'ret_10': None, 'session_bucket': 1.0}"
2026-04-06|CRCL|2026-04-06T10:44:00-04:00|short|5,2026-04-06,CRCL,2026-04-06T10:44:00-04:00,short,5,0.4797295331954956,True,next_bar_open_if_replayed,"{'pressure_k': 0.0, 'spread': 0.23999999999999488, 'depth_imb_k': -0.31255453223460977, 'micro_off': -1.4210854715202004e-14, 'spread_mean_10s': 0.2595000000000255, 'depth_imb_k_mean_10s': -0.26626483660356826, 'depth_imb_k_mean_60s': -0.33671043923159877, 'dist_vwap_bps': None, 'hl_range_pct': None, 'oc_change_pct': None, 'volume_rel_20': None, 'atr_pct': None, 'position_in_range': None, 'rsi': None, 'bb_position': None, 'ret_3': None, 'ret_10': None, 'session_bucket': 1.0}"
2026-04-06|CRCL|2026-04-06T10:45:00-04:00|short|8,2026-04-06,CRCL,2026-04-06T10:45:00-04:00,short,8,0.42146092653274536,True,next_bar_open_if_replayed,"{'pressure_k': 0.0, 'spread': 0.1599999999999966, 'depth_imb_k': 0.32992895778040227, 'micro_off': -0.026666666666670835, 'spread_mean_10s': 0.203076923076855, 'depth_imb_k_mean_10s': -0.07052811786385203, 'depth_imb_k_mean_60s': -0.042531622292518736, 'dist_vwap_bps': None, 'hl_range_pct': None, 'oc_change_pct': None, 'volume_rel_20': None, 'atr_pct': None, 'position_in_range': None, 'rsi': None, 'bb_position': None, 'ret_3': None, 'ret_10': None, 'session_bucket': 1.0}"
2026-04-06|CRCL|2026-04-06T10:46:00-04:00|short|3,2026-04-06,CRCL,2026-04-06T10:46:00-04:00,short,3,0.47773075103759766,True,next_bar_open_if_replayed,"{'pressure_k': 0.0, 'spread': 0.14000000000000057, 'depth_imb_k': 0.19694368442168192, 'micro_off': 0.0, 'spread_mean_10s': 0.1799999999998596, 'depth_imb_k_mean_10s': 0.2563752181179622, 'depth_imb_k_mean_60s': 0.22413793336477575, 'dist_vwap_bps': None, 'hl_range_pct': None, 'oc_change_pct': None, 'volume_rel_20': None, 'atr_pct': None, 'position_in_range': None, 'rsi': None, 'bb_position': None, 'ret_3': None, 'ret_10': None, 'session_bucket': 1.0}"
2026-04-06|CRCL|2026-04-06T10:47:00-04:00|short|8,2026-04-06,CRCL,2026-04-06T10:47:00-04:00,short,8,0.4481673836708069,True,next_bar_open_if_replayed,"{'pressure_k': 0.0, 'spread': 0.20000000000000284, 'depth_imb_k': 0.45130289053346584, 'micro_off': 0.0, 'spread_mean_10s': 0.24449999999994815, 'depth_imb_k_mean_10s': 0.43854701983455013, 'depth_imb_k_mean_60s': 0.4388194239890673, 'dist_vwap_bps': None, 'hl_range_pct': None, 'oc_change_pct': None, 'volume_rel_20': None, 'atr_pct': None, 'position_in_range': None, 'rsi': None, 'bb_position': None, 'ret_3': None, 'ret_10': None, 'session_bucket': 1.0}"
2026-04-06|CRCL|2026-04-06T10:48:00-04:00|short|3,2026-04-06,CRCL,2026-04-06T10:48:00-04:00,short,3,0.4172552525997162,True,next_bar_open_if_replayed,"{'pressure_k': 0.0, 'spread': 0.0799999999999983, 'depth_imb_k': 0.3446817969004933, 'micro_off': 0.0, 'spread_mean_10s': 0.12358974358968948, 'depth_imb_k_mean_10s': 0.3491797860661231, 'depth_imb_k_mean_60s': 0.37126084798751535, 'dist_vwap_bps': None, 'hl_range_pct': None, 'oc_change_pct': None, 'volume_rel_20': None, 'atr_pct': None, 'position_in_range': None, 'rsi': None, 'bb_position': None, 'ret_3': None, 'ret_10': None, 'session_bucket': 1.0}"
2026-04-06|CRCL|2026-04-06T10:49:00-04:00|long|12,2026-04-06,CRCL,2026-04-06T10:49:00-04:00,long,12,0.4675743877887726,True,next_bar_open_if_replayed,"{'pressure_k': 0.0, 'spread': 0.1700000000000017, 'depth_imb_k': 0.20487732882233398, 'micro_off': 0.04250000000000398, 'spread_mean_10s': 0.17410256410230665, 'depth_imb_k_mean_10s': 0.1835281267682405, 'depth_imb_k_mean_60s': 0.31521854779864183, 'dist_vwap_bps': None, 'hl_range_pct': None, 'oc_change_pct': None, 'volume_rel_20': None, 'atr_pct': None, 'position_in_range': None, 'rsi': None, 'bb_position': None, 'ret_3': None, 'ret_10': None, 'session_bucket': 1.0}"
2026-04-06|CRCL|2026-04-06T10:50:00-04:00|long|12,2026-04-06,CRCL,2026-04-06T10:50:00-04:00,long,12,0.4125248193740845,True,next_bar_open_if_replayed,"{'pressure_k': 0.0, 'spread': 0.1599999999999966, 'depth_imb_k': 0.11277540624161311, 'micro_off': 0.0, 'spread_mean_10s': 0.16549999999986084, 'depth_imb_k_mean_10s': 0.13514775335096374, 'depth_imb_k_mean_60s': 0.13950057212318231, 'dist_vwap_bps': None, 'hl_range_pct': None, 'oc_change_pct': None, 'volume_rel_20': None, 'atr_pct': None, 'position_in_range': None, 'rsi': None, 'bb_position': None, 'ret_3': None, 'ret_10': None, 'session_bucket': 1.0}"
2026-04-06|CRCL|2026-04-06T10:51:00-04:00|long|8,2026-04-06,CRCL,2026-04-06T10:51:00-04:00,long,8,0.4192493259906769,True,next_bar_open_if_replayed,"{'pressure_k': 0.0, 'spread': 0.18999999999999773, 'depth_imb_k': 0.19735341311114118, 'micro_off': -0.03166666666666629, 'spread_mean_10s': 0.18250000000002728, 'depth_imb_k_mean_10s': 0.2326622620190733, 'depth_imb_k_mean_60s': 0.1777323399275944, 'dist_vwap_bps': None, 'hl_range_pct': None, 'oc_change_pct': None, 'volume_rel_20': None, 'atr_pct': None, 'position_in_range': None, 'rsi': None, 'bb_position': None, 'ret_3': None, 'ret_10': None, 'session_bucket': 1.0}"
2026-04-06|CRCL|2026-04-06T10:52:00-04:00|long|8,2026-04-06,CRCL,2026-04-06T10:52:00-04:00,long,8,0.43608587980270386,True,next_bar_open_if_replayed,"{'pressure_k': 0.0, 'spread': 0.1599999999999966, 'depth_imb_k': 0.19692362822921305, 'micro_off': -0.05333333333332746, 'spread_mean_10s': 0.14450000000001637, 'depth_imb_k_mean_10s': 0.19832699598769069, 'depth_imb_k_mean_60s': 0.17739073658166538, 'dist_vwap_bps': None, 'hl_range_pct': None, 'oc_change_pct': None, 'volume_rel_20': None, 'atr_pct': None, 'position_in_range': None, 'rsi': None, 'bb_position': None, 'ret_3': None, 'ret_10': None, 'session_bucket': 1.0}"
2026-04-06|CRCL|2026-04-06T10:53:00-04:00|long|8,2026-04-06,CRCL,2026-04-06T10:53:00-04:00,long,8,0.403768390417099,True,next_bar_open_if_replayed,"{'pressure_k': 0.0, 'spread': 0.15000000000000568, 'depth_imb_k': 0.2874157161761926, 'micro_off': 0.0, 'spread_mean_10s': 0.169499999999789, 'depth_imb_k_mean_10s': 0.2813416312156278, 'depth_imb_k_mean_60s': 0.2389513391428442, 'dist_vwap_bps': None, 'hl_range_pct': None, 'oc_change_pct': None, 'volume_rel_20': None, 'atr_pct': None, 'position_in_range': None, 'rsi': None, 'bb_position': None, 'ret_3': None, 'ret_10': None, 'session_bucket': 1.0}"
2026-04-06|CRCL|2026-04-06T10:54:00-04:00|long|8,2026-04-06,CRCL,2026-04-06T10:54:00-04:00,long,8,0.4274470806121826,True,next_bar_open_if_replayed,"{'pressure_k': 0.0, 'spread': 0.15000000000000568, 'depth_imb_k': 0.24674901366942137, 'micro_off': 0.0, 'spread_mean_10s': 0.16150000000009185, 'depth_imb_k_mean_10s': 0.275999226072031, 'depth_imb_k_mean_60s': 0.2904148647659803, 'dist_vwap_bps': None, 'hl_range_pct': None, 'oc_change_pct': None, 'volume_rel_20': None, 'atr_pct': None, 'position_in_range': None, 'rsi': None, 'bb_position': None, 'ret_3': None, 'ret_10': None, 'session_bucket': 1.0}"
2026-04-06|CRCL|2026-04-06T10:55:00-04:00|long|8,2026-04-06,CRCL,2026-04-06T10:55:00-04:00,long,8,0.4101627767086029,True,next_bar_open_if_replayed,"{'pressure_k': 0.0, 'spread': 0.18000000000000682, 'depth_imb_k': 0.20469350523537694, 'micro_off': 0.030000000000001137, 'spread_mean_10s': 0.15999999999994394, 'depth_imb_k_mean_10s': 0.16073449403969803, 'depth_imb_k_mean_60s': 0.23523161357011163, 'dist_vwap_bps': None, 'hl_range_pct': None, 'oc_change_pct': None, 'volume_rel_20': None, 'atr_pct': None, 'position_in_range': None, 'rsi': None, 'bb_position': None, 'ret_3': None, 'ret_10': None, 'session_bucket': 1.0}"
2026-04-06|CRCL|2026-04-06T10:56:00-04:00|short|12,2026-04-06,CRCL,2026-04-06T10:56:00-04:00,short,12,0.42306435108184814,True,next_bar_open_if_replayed,"{'pressure_k': 0.0, 'spread': 0.2400000000000091, 'depth_imb_k': 0.0698407410051588, 'micro_off': 0.0, 'spread_mean_10s': 0.1799999999998363, 'depth_imb_k_mean_10s': 0.10400214565552801, 'depth_imb_k_mean_60s': 0.11986767869797538, 'dist_vwap_bps': None, 'hl_range_pct': None, 'oc_change_pct': None, 'volume_rel_20': None, 'atr_pct': None, 'position_in_range': None, 'rsi': None, 'bb_position': None, 'ret_3': None, 'ret_10': None, 'session_bucket': 1.0}"
2026-04-06|CRCL|2026-04-06T10:57:00-04:00|short|12,2026-04-06,CRCL,2026-04-06T10:57:00-04:00,short,12,0.41174861788749695,True,next_bar_open_if_replayed,"{'pressure_k': 0.0, 'spread': 0.15000000000000568, 'depth_imb_k': 0.1678961033467117, 'micro_off': 0.015000000000000568, 'spread_mean_10s': 0.16124999999988177, 'depth_imb_k_mean_10s': 0.07021913209824789, 'depth_imb_k_mean_60s': 0.004221313218577398, 'dist_vwap_bps': None, 'hl_range_pct': None, 'oc_change_pct': None, 'volume_rel_20': None, 'atr_pct': None, 'position_in_range': None, 'rsi': None, 'bb_position': None, 'ret_3': None, 'ret_10': None, 'session_bucket': 1.0}"
2026-04-06|CRCL|2026-04-06T10:58:00-04:00|short|12,2026-04-06,CRCL,2026-04-06T10:58:00-04:00,short,12,0.47307172417640686,True,next_bar_open_if_replayed,"{'pressure_k': 0.0, 'spread': 0.10999999999999943, 'depth_imb_k': -0.16312324006322687, 'micro_off': 0.01833333333331666, 'spread_mean_10s': 0.12349999999996726, 'depth_imb_k_mean_10s': 0.061806066847049125, 'depth_imb_k_mean_60s': 0.02073151445811854, 'dist_vwap_bps': None, 'hl_range_pct': None, 'oc_change_pct': None, 'volume_rel_20': None, 'atr_pct': None, 'position_in_range': None, 'rsi': None, 'bb_position': None, 'ret_3': None, 'ret_10': None, 'session_bucket': 1.0}"
2026-04-06|CRCL|2026-04-06T10:59:00-04:00|short|3,2026-04-06,CRCL,2026-04-06T10:59:00-04:00,short,3,0.4524957239627838,True,next_bar_open_if_replayed,"{'pressure_k': 0.0, 'spread': 0.21999999999999886, 'depth_imb_k': -0.48708450789236607, 'micro_off': 0.0, 'spread_mean_10s': 0.24800000000013825, 'depth_imb_k_mean_10s': -0.48842265607905233, 'depth_imb_k_mean_60s': -0.20689993031196754, 'dist_vwap_bps': None, 'hl_range_pct': None, 'oc_change_pct': None, 'volume_rel_20': None, 'atr_pct': None, 'position_in_range': None, 'rsi': None, 'bb_position': None, 'ret_3': None, 'ret_10': None, 'session_bucket': 1.0}"
2026-04-06|CRCL|2026-04-06T11:00:00-04:00|short|12,2026-04-06,CRCL,2026-04-06T11:00:00-04:00,short,12,0.46410953998565674,True,next_bar_open_if_replayed,"{'pressure_k': 0.0, 'spread': 0.14000000000000057, 'depth_imb_k': 0.049370427937884126, 'micro_off': 0.0, 'spread_mean_10s': 0.17025000000005547, 'depth_imb_k_mean_10s': -0.2690788417668955, 'depth_imb_k_mean_60s': -0.4197091062936517, 'dist_vwap_bps': None, 'hl_range_pct': None, 'oc_change_pct': None, 'volume_rel_20': None, 'atr_pct': None, 'position_in_range': None, 'rsi': None, 'bb_position': None, 'ret_3': None, 'ret_10': None, 'session_bucket': 1.0}"
2026-04-06|CRCL|2026-04-06T11:01:00-04:00|short|5,2026-04-06,CRCL,2026-04-06T11:01:00-04:00,short,5,0.4782823622226715,True,next_bar_open_if_replayed,"{'pressure_k': 0.0, 'spread': 0.14000000000000057, 'depth_imb_k': -0.3958865025455783, 'micro_off': 0.0, 'spread_mean_10s': 0.1805000000000291, 'depth_imb_k_mean_10s': -0.17327801250939956, 'depth_imb_k_mean_60s': -0.09313722571033911, 'dist_vwap_bps': None, 'hl_range_pct': None, 'oc_change_pct': None, 'volume_rel_20': None, 'atr_pct': None, 'position_in_range': None, 'rsi': None, 'bb_position': None, 'ret_3': None, 'ret_10': None, 'session_bucket': 1.0}"
2026-04-06|CRCL|2026-04-06T11:02:00-04:00|short|5,2026-04-06,CRCL,2026-04-06T11:02:00-04:00,short,5,0.4584135115146637,True,next_bar_open_if_replayed,"{'pressure_k': 0.0, 'spread': 0.14000000000000057, 'depth_imb_k': 0.11818806490829326, 'micro_off': -0.03499999999999659, 'spread_mean_10s': 0.15124999999998182, 'depth_imb_k_mean_10s': 0.18999087311817675, 'depth_imb_k_mean_60s': 0.047267644885181544, 'dist_vwap_bps': None, 'hl_range_pct': None, 'oc_change_pct': None, 'volume_rel_20': None, 'atr_pct': None, 'position_in_range': None, 'rsi': None, 'bb_position': None, 'ret_3': None, 'ret_10': None, 'session_bucket': 1.0}"
2026-04-06|CRCL|2026-04-06T11:03:00-04:00|short|12,2026-04-06,CRCL,2026-04-06T11:03:00-04:00,short,12,0.4370824098587036,True,next_bar_open_if_replayed,"{'pressure_k': 0.0, 'spread': 0.2400000000000091, 'depth_imb_k': -0.004239156605320182, 'micro_off': -0.07200000000000273, 'spread_mean_10s': 0.22174999999997452, 'depth_imb_k_mean_10s': 0.25601098203171657, 'depth_imb_k_mean_60s': 0.28959920224001473, 'dist_vwap_bps': None, 'hl_range_pct': None, 'oc_change_pct': None, 'volume_rel_20': None, 'atr_pct': None, 'position_in_range': None, 'rsi': None, 'bb_position': None, 'ret_3': None, 'ret_10': None, 'session_bucket': 1.0}"
2026-04-06|CRCL|2026-04-06T11:04:00-04:00|short|8,2026-04-06,CRCL,2026-04-06T11:04:00-04:00,short,8,0.4582575559616089,True,next_bar_open_if_replayed,"{'pressure_k': 0.0, 'spread': 0.1700000000000017, 'depth_imb_k': 0.13092146438668556, 'micro_off': 0.0, 'spread_mean_10s': 0.24975000000004002, 'depth_imb_k_mean_10s': 0.03265169186096273, 'depth_imb_k_mean_60s': -0.1446305244082131, 'dist_vwap_bps': None, 'hl_range_pct': None, 'oc_change_pct': None, 'volume_rel_20': None, 'atr_pct': None, 'position_in_range': None, 'rsi': None, 'bb_position': None, 'ret_3': None, 'ret_10': None, 'session_bucket': 1.0}"
2026-04-06|CRCL|2026-04-06T11:05:00-04:00|short|8,2026-04-06,CRCL,2026-04-06T11:05:00-04:00,short,8,0.5275048613548279,True,next_bar_open_if_replayed,"{'pressure_k': 0.0, 'spread': 0.12999999999999545, 'depth_imb_k': -0.33498732538698023, 'micro_off': -0.021666666666661172, 'spread_mean_10s': 0.10749999999995907, 'depth_imb_k_mean_10s': -0.33080201838084805, 'depth_imb_k_mean_60s': -0.12973914890082627, 'dist_vwap_bps': None, 'hl_range_pct': None, 'oc_change_pct': None, 'volume_rel_20': None, 'atr_pct': None, 'position_in_range': None, 'rsi': None, 'bb_position': None, 'ret_3': None, 'ret_10': None, 'session_bucket': 1.0}"
2026-04-06|CRCL|2026-04-06T11:06:00-04:00|short|12,2026-04-06,CRCL,2026-04-06T11:06:00-04:00,short,12,0.3625960648059845,True,next_bar_open_if_replayed,"{'pressure_k': 0.0, 'spread': 0.22999999999998977, 'depth_imb_k': 0.28007560709675705, 'micro_off': -0.05750000000000455, 'spread_mean_10s': 0.22999999999956344, 'depth_imb_k_mean_10s': 0.252021815776061, 'depth_imb_k_mean_60s': 0.12700653179779203, 'dist_vwap_bps': None, 'hl_range_pct': None, 'oc_change_pct': None, 'volume_rel_20': None, 'atr_pct': None, 'position_in_range': None, 'rsi': None, 'bb_position': None, 'ret_3': None, 'ret_10': None, 'session_bucket': 1.0}"
2026-04-06|CRCL|2026-04-06T11:07:00-04:00|short|12,2026-04-06,CRCL,2026-04-06T11:07:00-04:00,short,12,0.42585429549217224,True,next_bar_open_if_replayed,"{'pressure_k': 0.0, 'spread': 0.269999999999996, 'depth_imb_k': 0.2820335857890034, 'micro_off': 0.0, 'spread_mean_10s': 0.23274999999998727, 'depth_imb_k_mean_10s': 0.22812939393416515, 'depth_imb_k_mean_60s': 0.3105027767514247, 'dist_vwap_bps': None, 'hl_range_pct': None, 'oc_change_pct': None, 'volume_rel_20': None, 'atr_pct': None, 'position_in_range': None, 'rsi': None, 'bb_position': None, 'ret_3': None, 'ret_10': None, 'session_bucket': 1.0}"
2026-04-06|CRCL|2026-04-06T11:08:00-04:00|short|12,2026-04-06,CRCL,2026-04-06T11:08:00-04:00,short,12,0.5012187957763672,True,next_bar_open_if_replayed,"{'pressure_k': 0.0, 'spread': 0.1700000000000017, 'depth_imb_k': 0.10190100654911266, 'micro_off': 1.4210854715202004e-14, 'spread_mean_10s': 0.17999999999994998, 'depth_imb_k_mean_10s': 0.10870768589980458, 'depth_imb_k_mean_60s': 0.13442349906067724, 'dist_vwap_bps': None, 'hl_range_pct': None, 'oc_change_pct': None, 'volume_rel_20': None, 'atr_pct': None, 'position_in_range': None, 'rsi': None, 'bb_position': None, 'ret_3': None, 'ret_10': None, 'session_bucket': 1.0}"
2026-04-06|CRCL|2026-04-06T11:09:00-04:00|short|12,2026-04-06,CRCL,2026-04-06T11:09:00-04:00,short,12,0.5726532340049744,True,next_bar_open_if_replayed,"{'pressure_k': 0.0, 'spread': 0.14000000000000057, 'depth_imb_k': -0.6502835003370284, 'micro_off': -0.023333333333340533, 'spread_mean_10s': 0.11900000000023284, 'depth_imb_k_mean_10s': -0.5431124346682168, 'depth_imb_k_mean_60s': -0.06749286519712332, 'dist_vwap_bps': None, 'hl_range_pct': None, 'oc_change_pct': None, 'volume_rel_20': None, 'atr_pct': None, 'position_in_range': None, 'rsi': None, 'bb_position': None, 'ret_3': None, 'ret_10': None, 'session_bucket': 1.0}"
2026-04-06|CRCL|2026-04-06T11:10:00-04:00|short|8,2026-04-06,CRCL,2026-04-06T11:10:00-04:00,short,8,0.4144195020198822,True,next_bar_open_if_replayed,"{'pressure_k': 0.0, 'spread': 0.25, 'depth_imb_k': -0.03723441867042795, 'micro_off': 0.0, 'spread_mean_10s': 0.24149999999992816, 'depth_imb_k_mean_10s': -0.31776101899405373, 'depth_imb_k_mean_60s': -0.47983181145993725, 'dist_vwap_bps': None, 'hl_range_pct': None, 'oc_change_pct': None, 'volume_rel_20': None, 'atr_pct': None, 'position_in_range': None, 'rsi': None, 'bb_position': None, 'ret_3': None, 'ret_10': None, 'session_bucket': 1.0}"
2026-04-06|CRCL|2026-04-06T11:11:00-04:00|short|12,2026-04-06,CRCL,2026-04-06T11:11:00-04:00,short,12,0.5264787673950195,True,next_bar_open_if_replayed,"{'pressure_k': 0.0, 'spread': 0.1599999999999966, 'depth_imb_k': -0.29896558954406727, 'micro_off': 0.026666666666670835, 'spread_mean_10s': 0.17175000000008822, 'depth_imb_k_mean_10s': -0.2899634242127604, 'depth_imb_k_mean_60s': -0.20350280972091467, 'dist_vwap_bps': None, 'hl_range_pct': None, 'oc_change_pct': None, 'volume_rel_20': None, 'atr_pct': None, 'position_in_range': None, 'rsi': None, 'bb_position': None, 'ret_3': None, 'ret_10': None, 'session_bucket': 1.0}"
2026-04-06|CRCL|2026-04-06T11:12:00-04:00|short|12,2026-04-06,CRCL,2026-04-06T11:12:00-04:00,short,12,0.46985185146331787,True,next_bar_open_if_replayed,"{'pressure_k': 0.0, 'spread': 0.09000000000000341, 'depth_imb_k': -0.22086992164714414, 'micro_off': 0.015000000000000568, 'spread_mean_10s': 0.1334999999999127, 'depth_imb_k_mean_10s': -0.2772751270874778, 'depth_imb_k_mean_60s': -0.36214815663979566, 'dist_vwap_bps': None, 'hl_range_pct': None, 'oc_change_pct': None, 'volume_rel_20': None, 'atr_pct': None, 'position_in_range': None, 'rsi': None, 'bb_position': None, 'ret_3': None, 'ret_10': None, 'session_bucket': 1.0}"
2026-04-06|CRCL|2026-04-06T11:13:00-04:00|short|12,2026-04-06,CRCL,2026-04-06T11:13:00-04:00,short,12,0.4923090934753418,True,next_bar_open_if_replayed,"{'pressure_k': 0.0, 'spread': 0.1600000000000108, 'depth_imb_k': -0.4482488510486402, 'micro_off': 0.04799999999998761, 'spread_mean_10s': 0.1875, 'depth_imb_k_mean_10s': -0.4809799649911156, 'depth_imb_k_mean_60s': -0.47194403219180636, 'dist_vwap_bps': None, 'hl_range_pct': None, 'oc_change_pct': None, 'volume_rel_20': None, 'atr_pct': None, 'position_in_range': None, 'rsi': None, 'bb_position': None, 'ret_3': None, 'ret_10': None, 'session_bucket': 1.0}"
2026-04-06|CRCL|2026-04-06T11:14:00-04:00|short|12,2026-04-06,CRCL,2026-04-06T11:14:00-04:00,short,12,0.4777865707874298,True,next_bar_open_if_replayed,"{'pressure_k': 0.0, 'spread': 0.1599999999999966, 'depth_imb_k': -0.30730933541712485, 'micro_off': -0.026666666666656624, 'spread_mean_10s': 0.16794871794858268, 'depth_imb_k_mean_10s': -0.3038172693757308, 'depth_imb_k_mean_60s': -0.30879598573433154, 'dist_vwap_bps': None, 'hl_range_pct': None, 'oc_change_pct': None, 'volume_rel_20': None, 'atr_pct': None, 'position_in_range': None, 'rsi': None, 'bb_position': None, 'ret_3': None, 'ret_10': None, 'session_bucket': 1.0}"
2026-04-06|CRCL|2026-04-06T11:15:00-04:00|short|12,2026-04-06,CRCL,2026-04-06T11:15:00-04:00,short,12,0.3925148844718933,True,next_bar_open_if_replayed,"{'pressure_k': 0.0, 'spread': 0.3499999999999943, 'depth_imb_k': -0.34763844121788445, 'micro_off': -0.05833333333333712, 'spread_mean_10s': 0.3470000000002983, 'depth_imb_k_mean_10s': -0.31849901411004566, 'depth_imb_k_mean_60s': -0.3791922735753694, 'dist_vwap_bps': None, 'hl_range_pct': None, 'oc_change_pct': None, 'volume_rel_20': None, 'atr_pct': None, 'position_in_range': None, 'rsi': None, 'bb_position': None, 'ret_3': None, 'ret_10': None, 'session_bucket': 1.0}"
2026-04-06|CRCL|2026-04-06T11:16:00-04:00|short|3,2026-04-06,CRCL,2026-04-06T11:16:00-04:00,short,3,0.4063921272754669,True,next_bar_open_if_replayed,"{'pressure_k': 0.0, 'spread': 0.21000000000000796, 'depth_imb_k': 0.291391358988518, 'micro_off': 0.0, 'spread_mean_10s': 0.1262500000001637, 'depth_imb_k_mean_10s': 0.203216794631237, 'depth_imb_k_mean_60s': 0.0691059404146294, 'dist_vwap_bps': None, 'hl_range_pct': None, 'oc_change_pct': None, 'volume_rel_20': None, 'atr_pct': None, 'position_in_range': None, 'rsi': None, 'bb_position': None, 'ret_3': None, 'ret_10': None, 'session_bucket': 1.0}"
2026-04-06|CRCL|2026-04-06T11:17:00-04:00|short|12,2026-04-06,CRCL,2026-04-06T11:17:00-04:00,short,12,0.512723982334137,True,next_bar_open_if_replayed,"{'pressure_k': 0.0, 'spread': 0.14000000000000057, 'depth_imb_k': -0.521937031857833, 'micro_off': -0.013999999999995794, 'spread_mean_10s': 0.11125000000004093, 'depth_imb_k_mean_10s': -0.5561805846698235, 'depth_imb_k_mean_60s': -0.061236325660978044, 'dist_vwap_bps': None, 'hl_range_pct': None, 'oc_change_pct': None, 'volume_rel_20': None, 'atr_pct': None, 'position_in_range': None, 'rsi': None, 'bb_position': None, 'ret_3': None, 'ret_10': None, 'session_bucket': 1.0}"
2026-04-06|CRCL|2026-04-06T11:18:00-04:00|short|3,2026-04-06,CRCL,2026-04-06T11:18:00-04:00,short,3,0.37973329424858093,True,next_bar_open_if_replayed,"{'pressure_k': 0.0, 'spread': 0.21999999999999886, 'depth_imb_k': 0.04127057657848937, 'micro_off': 0.03666666666667595, 'spread_mean_10s': 0.3042857142858598, 'depth_imb_k_mean_10s': 0.03756055959461589, 'depth_imb_k_mean_60s': -0.27985102526619765, 'dist_vwap_bps': None, 'hl_range_pct': None, 'oc_change_pct': None, 'volume_rel_20': None, 'atr_pct': None, 'position_in_range': None, 'rsi': None, 'bb_position': None, 'ret_3': None, 'ret_10': None, 'session_bucket': 1.0}"
2026-04-06|CRCL|2026-04-06T11:19:00-04:00|short|12,2026-04-06,CRCL,2026-04-06T11:19:00-04:00,short,12,0.4506690800189972,True,next_bar_open_if_replayed,"{'pressure_k': 0.0, 'spread': 0.13000000000000966, 'depth_imb_k': 0.3431836927064923, 'micro_off': 1.4210854715202004e-14, 'spread_mean_10s': 0.13000000000010914, 'depth_imb_k_mean_10s': 0.2727072356951794, 'depth_imb_k_mean_60s': 0.1994895508273484, 'dist_vwap_bps': None, 'hl_range_pct': None, 'oc_change_pct': None, 'volume_rel_20': None, 'atr_pct': None, 'position_in_range': None, 'rsi': None, 'bb_position': None, 'ret_3': None, 'ret_10': None, 'session_bucket': 1.0}"
2026-04-06|CRCL|2026-04-06T11:20:00-04:00|short|8,2026-04-06,CRCL,2026-04-06T11:20:00-04:00,short,8,0.40590110421180725,True,next_bar_open_if_replayed,"{'pressure_k': 0.0, 'spread': 0.1600000000000108, 'depth_imb_k': 0.3978197690121976, 'micro_off': 0.026666666666656624, 'spread_mean_10s': 0.15149999999966896, 'depth_imb_k_mean_10s': 0.33703163733841845, 'depth_imb_k_mean_60s': 0.34586804777798, 'dist_vwap_bps': None, 'hl_range_pct': None, 'oc_change_pct': None, 'volume_rel_20': None, 'atr_pct': None, 'position_in_range': None, 'rsi': None, 'bb_position': None, 'ret_3': None, 'ret_10': None, 'session_bucket': 1.0}"
2026-04-06|CRCL|2026-04-06T11:21:00-04:00|short|8,2026-04-06,CRCL,2026-04-06T11:21:00-04:00,short,8,0.47011712193489075,True,next_bar_open_if_replayed,"{'pressure_k': 0.0, 'spread': 0.12000000000000455, 'depth_imb_k': 0.9591319042269342, 'micro_off': 0.0, 'spread_mean_10s': 0.11958333333310141, 'depth_imb_k_mean_10s': 0.5848671316029291, 'depth_imb_k_mean_60s': 0.5848671316029291, 'dist_vwap_bps': None, 'hl_range_pct': None, 'oc_change_pct': None, 'volume_rel_20': None, 'atr_pct': None, 'position_in_range': None, 'rsi': None, 'bb_position': None, 'ret_3': None, 'ret_10': None, 'session_bucket': 1.0}"
2026-04-06|CRCL|2026-04-06T11:22:00-04:00|long|12,2026-04-06,CRCL,2026-04-06T11:22:00-04:00,long,12,0.4875463843345642,True,next_bar_open_if_replayed,"{'pressure_k': 0.0, 'spread': 0.15000000000000568, 'depth_imb_k': 0.5295868895975814, 'micro_off': 0.037499999999994316, 'spread_mean_10s': 0.1891999999998734, 'depth_imb_k_mean_10s': 0.3604120485841304, 'depth_imb_k_mean_60s': 0.4503921825884446, 'dist_vwap_bps': None, 'hl_range_pct': None, 'oc_change_pct': None, 'volume_rel_20': None, 'atr_pct': None, 'position_in_range': None, 'rsi': None, 'bb_position': None, 'ret_3': None, 'ret_10': None, 'session_bucket': 1.0}"
2026-04-06|CRCL|2026-04-06T11:23:00-04:00|long|8,2026-04-06,CRCL,2026-04-06T11:23:00-04:00,long,8,0.4195699393749237,True,next_bar_open_if_replayed,"{'pressure_k': 0.0, 'spread': 0.14000000000000057, 'depth_imb_k': 0.2539045482773643, 'micro_off': 0.023333333333340533, 'spread_mean_10s': 0.20574999999978444, 'depth_imb_k_mean_10s': 0.12884782404275938, 'depth_imb_k_mean_60s': -0.0013854866373998148, 'dist_vwap_bps': None, 'hl_range_pct': None, 'oc_change_pct': None, 'volume_rel_20': None, 'atr_pct': None, 'position_in_range': None, 'rsi': None, 'bb_position': None, 'ret_3': None, 'ret_10': None, 'session_bucket': 1.0}"
2026-04-06|CRCL|2026-04-06T11:24:00-04:00|short|12,2026-04-06,CRCL,2026-04-06T11:24:00-04:00,short,12,0.42255961894989014,True,next_bar_open_if_replayed,"{'pressure_k': 0.0, 'spread': 0.1599999999999966, 'depth_imb_k': 0.47338490767402475, 'micro_off': 0.026666666666656624, 'spread_mean_10s': 0.17499999999990906, 'depth_imb_k_mean_10s': 0.4479074220229677, 'depth_imb_k_mean_60s': 0.28877310612445956, 'dist_vwap_bps': None, 'hl_range_pct': None, 'oc_change_pct': None, 'volume_rel_20': None, 'atr_pct': None, 'position_in_range': None, 'rsi': None, 'bb_position': None, 'ret_3': None, 'ret_10': None, 'session_bucket': 1.0}"
2026-04-06|CRCL|2026-04-06T11:25:00-04:00|short|12,2026-04-06,CRCL,2026-04-06T11:25:00-04:00,short,12,0.3779335916042328,True,next_bar_open_if_replayed,"{'pressure_k': 0.0, 'spread': 0.23000000000000398, 'depth_imb_k': 0.10012988375001008, 'micro_off': 0.03833333333332689, 'spread_mean_10s': 0.1709999999999127, 'depth_imb_k_mean_10s': 0.3487041225980988, 'depth_imb_k_mean_60s': 0.4330122838895264, 'dist_vwap_bps': None, 'hl_range_pct': None, 'oc_change_pct': None, 'volume_rel_20': None, 'atr_pct': None, 'position_in_range': None, 'rsi': None, 'bb_position': None, 'ret_3': None, 'ret_10': None, 'session_bucket': 1.0}"
2026-04-06|CRCL|2026-04-06T11:26:00-04:00|short|12,2026-04-06,CRCL,2026-04-06T11:26:00-04:00,short,12,0.4034375846385956,True,next_bar_open_if_replayed,"{'pressure_k': 0.0, 'spread': 0.21999999999999886, 'depth_imb_k': 0.04330311494197657, 'micro_off': 0.0, 'spread_mean_10s': 0.22899999999963255, 'depth_imb_k_mean_10s': 0.0856880803889453, 'depth_imb_k_mean_60s': 0.05442042103729428, 'dist_vwap_bps': None, 'hl_range_pct': None, 'oc_change_pct': None, 'volume_rel_20': None, 'atr_pct': None, 'position_in_range': None, 'rsi': None, 'bb_position': None, 'ret_3': None, 'ret_10': None, 'session_bucket': 1.0}"
2026-04-06|CRCL|2026-04-06T11:27:00-04:00|short|12,2026-04-06,CRCL,2026-04-06T11:27:00-04:00,short,12,0.5377642512321472,True,next_bar_open_if_replayed,"{'pressure_k': 0.0, 'spread': 0.0800000000000125, 'depth_imb_k': -0.2820636534385608, 'micro_off': 0.017142857142857792, 'spread_mean_10s': 0.08650000000006912, 'depth_imb_k_mean_10s': -0.26078787671744974, 'depth_imb_k_mean_60s': -0.2915949837940967, 'dist_vwap_bps': None, 'hl_range_pct': None, 'oc_change_pct': None, 'volume_rel_20': None, 'atr_pct': None, 'position_in_range': None, 'rsi': None, 'bb_position': None, 'ret_3': None, 'ret_10': None, 'session_bucket': 1.0}"
2026-04-06|CRCL|2026-04-06T11:28:00-04:00|short|8,2026-04-06,CRCL,2026-04-06T11:28:00-04:00,short,8,0.45892271399497986,True,next_bar_open_if_replayed,"{'pressure_k': 0.0, 'spread': 0.14000000000000057, 'depth_imb_k': -0.33491926117585863, 'micro_off': 0.0, 'spread_mean_10s': 0.13600000000010368, 'depth_imb_k_mean_10s': -0.3269641794291488, 'depth_imb_k_mean_60s': -0.34912005549884384, 'dist_vwap_bps': None, 'hl_range_pct': None, 'oc_change_pct': None, 'volume_rel_20': None, 'atr_pct': None, 'position_in_range': None, 'rsi': None, 'bb_position': None, 'ret_3': None, 'ret_10': None, 'session_bucket': 1.0}"
2026-04-06|CRCL|2026-04-06T11:29:00-04:00|short|12,2026-04-06,CRCL,2026-04-06T11:29:00-04:00,short,12,0.44986552000045776,True,next_bar_open_if_replayed,"{'pressure_k': 0.0, 'spread': 0.18999999999999773, 'depth_imb_k': -0.46012710173071836, 'micro_off': -0.019000000000005457, 'spread_mean_10s': 0.1864999999996826, 'depth_imb_k_mean_10s': -0.41882412679810843, 'depth_imb_k_mean_60s': -0.37929113565469647, 'dist_vwap_bps': None, 'hl_range_pct': None, 'oc_change_pct': None, 'volume_rel_20': None, 'atr_pct': None, 'position_in_range': None, 'rsi': None, 'bb_position': None, 'ret_3': None, 'ret_10': None, 'session_bucket': 1.0}"
2026-04-06|CRCL|2026-04-06T11:30:00-04:00|short|12,2026-04-06,CRCL,2026-04-06T11:30:00-04:00,short,12,0.4188632667064667,True,next_bar_open_if_replayed,"{'pressure_k': 0.0, 'spread': 0.21999999999999886, 'depth_imb_k': -0.5338535010425776, 'micro_off': -0.03666666666667595, 'spread_mean_10s': 0.22179487179476917, 'depth_imb_k_mean_10s': -0.3650790952186841, 'depth_imb_k_mean_60s': -0.37522066932328296, 'dist_vwap_bps': None, 'hl_range_pct': None, 'oc_change_pct': None, 'volume_rel_20': None, 'atr_pct': None, 'position_in_range': None, 'rsi': None, 'bb_position': None, 'ret_3': None, 'ret_10': None, 'session_bucket': 1.0}"
2026-04-06|CRCL|2026-04-06T11:31:00-04:00|long|8,2026-04-06,CRCL,2026-04-06T11:31:00-04:00,long,8,0.368290513753891,True,next_bar_open_if_replayed,"{'pressure_k': 0.0, 'spread': 0.2400000000000091, 'depth_imb_k': -0.3625738809541259, 'micro_off': -0.060000000000002274, 'spread_mean_10s': 0.23999999999978172, 'depth_imb_k_mean_10s': -0.3625518546937201, 'depth_imb_k_mean_60s': -0.3217176211875445, 'dist_vwap_bps': None, 'hl_range_pct': None, 'oc_change_pct': None, 'volume_rel_20': None, 'atr_pct': None, 'position_in_range': None, 'rsi': None, 'bb_position': None, 'ret_3': None, 'ret_10': None, 'session_bucket': 1.0}"
2026-04-06|CRCL|2026-04-06T11:32:00-04:00|long|8,2026-04-06,CRCL,2026-04-06T11:32:00-04:00,long,8,0.39968904852867126,True,next_bar_open_if_replayed,"{'pressure_k': 0.0, 'spread': 0.12000000000000455, 'depth_imb_k': -0.2633647024621718, 'micro_off': 0.0, 'spread_mean_10s': 0.11999999999989086, 'depth_imb_k_mean_10s': -0.30628009928680056, 'depth_imb_k_mean_60s': -0.33820416464155934, 'dist_vwap_bps': None, 'hl_range_pct': None, 'oc_change_pct': None, 'volume_rel_20': None, 'atr_pct': None, 'position_in_range': None, 'rsi': None, 'bb_position': None, 'ret_3': None, 'ret_10': None, 'session_bucket': 1.0}"
2026-04-06|CRCL|2026-04-06T11:33:00-04:00|long|12,2026-04-06,CRCL,2026-04-06T11:33:00-04:00,long,12,0.40726158022880554,True,next_bar_open_if_replayed,"{'pressure_k': 0.0, 'spread': 0.18000000000000682, 'depth_imb_k': -0.17962282676778793, 'micro_off': 0.0, 'spread_mean_10s': 0.18000000000029104, 'depth_imb_k_mean_10s': -0.18634037557427519, 'depth_imb_k_mean_60s': -0.19068170145467545, 'dist_vwap_bps': None, 'hl_range_pct': None, 'oc_change_pct': None, 'volume_rel_20': None, 'atr_pct': None, 'position_in_range': None, 'rsi': None, 'bb_position': None, 'ret_3': None, 'ret_10': None, 'session_bucket': 1.0}"
2026-04-06|CRCL|2026-04-06T11:34:00-04:00|long|8,2026-04-06,CRCL,2026-04-06T11:34:00-04:00,long,8,0.4500562846660614,True,next_bar_open_if_replayed,"{'pressure_k': 0.0, 'spread': 0.12000000000000455, 'depth_imb_k': -0.25240279843453023, 'micro_off': 0.0, 'spread_mean_10s': 0.13200000000001638, 'depth_imb_k_mean_10s': -0.16851913435979213, 'depth_imb_k_mean_60s': -0.14257513294224475, 'dist_vwap_bps': None, 'hl_range_pct': None, 'oc_change_pct': None, 'volume_rel_20': None, 'atr_pct': None, 'position_in_range': None, 'rsi': None, 'bb_position': None, 'ret_3': None, 'ret_10': None, 'session_bucket': 1.0}"
2026-04-06|CRCL|2026-04-06T11:35:00-04:00|short|12,2026-04-06,CRCL,2026-04-06T11:35:00-04:00,short,12,0.4287077784538269,True,next_bar_open_if_replayed,"{'pressure_k': 0.0, 'spread': 0.11999999999999034, 'depth_imb_k': -0.43017344267555824, 'micro_off': -0.029999999999986926, 'spread_mean_10s': 0.12153846153838598, 'depth_imb_k_mean_10s': -0.4029423752002598, 'depth_imb_k_mean_60s': -0.26844198061920904, 'dist_vwap_bps': None, 'hl_range_pct': None, 'oc_change_pct': None, 'volume_rel_20': None, 'atr_pct': None, 'position_in_range': None, 'rsi': None, 'bb_position': None, 'ret_3': None, 'ret_10': None, 'session_bucket': 1.0}"
2026-04-06|CRCL|2026-04-06T11:36:00-04:00|short|12,2026-04-06,CRCL,2026-04-06T11:36:00-04:00,short,12,0.39313966035842896,True,next_bar_open_if_replayed,"{'pressure_k': 0.0, 'spread': 0.18999999999999773, 'depth_imb_k': -0.19728257452526468, 'micro_off': 0.03166666666666629, 'spread_mean_10s': 0.15474999999978536, 'depth_imb_k_mean_10s': -0.2715134128618274, 'depth_imb_k_mean_60s': -0.4144447218162009, 'dist_vwap_bps': None, 'hl_range_pct': None, 'oc_change_pct': None, 'volume_rel_20': None, 'atr_pct': None, 'position_in_range': None, 'rsi': None, 'bb_position': None, 'ret_3': None, 'ret_10': None, 'session_bucket': 1.0}"
2026-04-06|CRCL|2026-04-06T11:37:00-04:00|long|8,2026-04-06,CRCL,2026-04-06T11:37:00-04:00,long,8,0.3958818316459656,True,next_bar_open_if_replayed,"{'pressure_k': 0.0, 'spread': 0.1599999999999966, 'depth_imb_k': -0.45051885080363707, 'micro_off': -0.026666666666670835, 'spread_mean_10s': 0.1315000000000964, 'depth_imb_k_mean_10s': -0.3574106327889467, 'depth_imb_k_mean_60s': -0.31880441289606004, 'dist_vwap_bps': None, 'hl_range_pct': None, 'oc_change_pct': None, 'volume_rel_20': None, 'atr_pct': None, 'position_in_range': None, 'rsi': None, 'bb_position': None, 'ret_3': None, 'ret_10': None, 'session_bucket': 1.0}"
2026-04-06|CRCL|2026-04-06T11:38:00-04:00|short|12,2026-04-06,CRCL,2026-04-06T11:38:00-04:00,short,12,0.40569403767585754,True,next_bar_open_if_replayed,"{'pressure_k': 0.0, 'spread': 0.10999999999999943, 'depth_imb_k': -0.12494463352123233, 'micro_off': 0.02750000000000341, 'spread_mean_10s': 0.11674999999981991, 'depth_imb_k_mean_10s': -0.11007719645552924, 'depth_imb_k_mean_60s': -0.17910227717783905, 'dist_vwap_bps': None, 'hl_range_pct': None, 'oc_change_pct': None, 'volume_rel_20': None, 'atr_pct': None, 'position_in_range': None, 'rsi': None, 'bb_position': None, 'ret_3': None, 'ret_10': None, 'session_bucket': 1.0}"
2026-04-06|CRCL|2026-04-06T11:39:00-04:00|short|12,2026-04-06,CRCL,2026-04-06T11:39:00-04:00,short,12,0.37007957696914673,True,next_bar_open_if_replayed,"{'pressure_k': 0.0, 'spread': 0.15000000000000568, 'depth_imb_k': -0.16233493054192188, 'micro_off': 0.025000000000005684, 'spread_mean_10s': 0.13550000000002455, 'depth_imb_k_mean_10s': -0.15688731413725918, 'depth_imb_k_mean_60s': -0.10907773926421122, 'dist_vwap_bps': None, 'hl_range_pct': None, 'oc_change_pct': None, 'volume_rel_20': None, 'atr_pct': None, 'position_in_range': None, 'rsi': None, 'bb_position': None, 'ret_3': None, 'ret_10': None, 'session_bucket': 1.0}"
2026-04-06|CRCL|2026-04-06T11:40:00-04:00|long|8,2026-04-06,CRCL,2026-04-06T11:40:00-04:00,long,8,0.4106287360191345,True,next_bar_open_if_replayed,"{'pressure_k': 0.0, 'spread': 0.12000000000000455, 'depth_imb_k': -0.2571501051719217, 'micro_off': 0.0, 'spread_mean_10s': 0.1584999999999809, 'depth_imb_k_mean_10s': -0.21265048207289966, 'depth_imb_k_mean_60s': -0.16428632626828418, 'dist_vwap_bps': None, 'hl_range_pct': None, 'oc_change_pct': None, 'volume_rel_20': None, 'atr_pct': None, 'position_in_range': None, 'rsi': None, 'bb_position': None, 'ret_3': None, 'ret_10': None, 'session_bucket': 1.0}"
2026-04-06|CRCL|2026-04-06T11:41:00-04:00|long|8,2026-04-06,CRCL,2026-04-06T11:41:00-04:00,long,8,0.3826424181461334,True,next_bar_open_if_replayed,"{'pressure_k': 0.0, 'spread': 0.21999999999999886, 'depth_imb_k': -0.3630261565248911, 'micro_off': 0.03666666666666174, 'spread_mean_10s': 0.16825000000010276, 'depth_imb_k_mean_10s': -0.38063572536690343, 'depth_imb_k_mean_60s': -0.3019430268958237, 'dist_vwap_bps': None, 'hl_range_pct': None, 'oc_change_pct': None, 'volume_rel_20': None, 'atr_pct': None, 'position_in_range': None, 'rsi': None, 'bb_position': None, 'ret_3': None, 'ret_10': None, 'session_bucket': 1.0}"
2026-04-06|CRCL|2026-04-06T11:42:00-04:00|short|12,2026-04-06,CRCL,2026-04-06T11:42:00-04:00,short,12,0.45509466528892517,True,next_bar_open_if_replayed,"{'pressure_k': 0.0, 'spread': 0.14000000000000057, 'depth_imb_k': -0.39548045438007845, 'micro_off': 0.0, 'spread_mean_10s': 0.15179487179475706, 'depth_imb_k_mean_10s': -0.39816709269681294, 'depth_imb_k_mean_60s': -0.3742131709998433, 'dist_vwap_bps': None, 'hl_range_pct': None, 'oc_change_pct': None, 'volume_rel_20': None, 'atr_pct': None, 'position_in_range': None, 'rsi': None, 'bb_position': None, 'ret_3': None, 'ret_10': None, 'session_bucket': 1.0}"
2026-04-06|CRCL|2026-04-06T11:43:00-04:00|long|8,2026-04-06,CRCL,2026-04-06T11:43:00-04:00,long,8,0.3893759846687317,True,next_bar_open_if_replayed,"{'pressure_k': 0.0, 'spread': 0.19999999999998863, 'depth_imb_k': -0.4095936393644154, 'micro_off': 0.0, 'spread_mean_10s': 0.17871794871786198, 'depth_imb_k_mean_10s': -0.39280611844679486, 'depth_imb_k_mean_60s': -0.3357792091489792, 'dist_vwap_bps': None, 'hl_range_pct': None, 'oc_change_pct': None, 'volume_rel_20': None, 'atr_pct': None, 'position_in_range': None, 'rsi': None, 'bb_position': None, 'ret_3': None, 'ret_10': None, 'session_bucket': 1.0}"
2026-04-06|CRCL|2026-04-06T11:44:00-04:00|short|12,2026-04-06,CRCL,2026-04-06T11:44:00-04:00,short,12,0.4111560583114624,True,next_bar_open_if_replayed,"{'pressure_k': 0.0, 'spread': 0.13000000000000966, 'depth_imb_k': -0.2266441888052327, 'micro_off': 0.021666666666675383, 'spread_mean_10s': 0.13849999999993087, 'depth_imb_k_mean_10s': -0.27249099763596407, 'depth_imb_k_mean_60s': -0.3632860533195526, 'dist_vwap_bps': None, 'hl_range_pct': None, 'oc_change_pct': None, 'volume_rel_20': None, 'atr_pct': None, 'position_in_range': None, 'rsi': None, 'bb_position': None, 'ret_3': None, 'ret_10': None, 'session_bucket': 1.0}"
2026-04-06|CRCL|2026-04-06T11:45:00-04:00|short|12,2026-04-06,CRCL,2026-04-06T11:45:00-04:00,short,12,0.3796933591365814,True,next_bar_open_if_replayed,"{'pressure_k': 0.0, 'spread': 0.10999999999999943, 'depth_imb_k': -0.01948435707476658, 'micro_off': 0.0, 'spread_mean_10s': 0.11549999999979263, 'depth_imb_k_mean_10s': -0.05352797948917214, 'depth_imb_k_mean_60s': -0.2066487365376087, 'dist_vwap_bps': None, 'hl_range_pct': None, 'oc_change_pct': None, 'volume_rel_20': None, 'atr_pct': None, 'position_in_range': None, 'rsi': None, 'bb_position': None, 'ret_3': None, 'ret_10': None, 'session_bucket': 1.0}"
2026-04-06|CRCL|2026-04-06T11:46:00-04:00|short|12,2026-04-06,CRCL,2026-04-06T11:46:00-04:00,short,12,0.4648791253566742,True,next_bar_open_if_replayed,"{'pressure_k': 0.0, 'spread': 0.10999999999999943, 'depth_imb_k': -0.3913694689255217, 'micro_off': 0.01833333333331666, 'spread_mean_10s': 0.10299999999992906, 'depth_imb_k_mean_10s': -0.4082652945531436, 'depth_imb_k_mean_60s': -0.34071725887402854, 'dist_vwap_bps': None, 'hl_range_pct': None, 'oc_change_pct': None, 'volume_rel_20': None, 'atr_pct': None, 'position_in_range': None, 'rsi': None, 'bb_position': None, 'ret_3': None, 'ret_10': None, 'session_bucket': 1.0}"
2026-04-06|CRCL|2026-04-06T11:47:00-04:00|short|12,2026-04-06,CRCL,2026-04-06T11:47:00-04:00,short,12,0.4750266671180725,True,next_bar_open_if_replayed,"{'pressure_k': 0.0, 'spread': 0.1599999999999966, 'depth_imb_k': 0.314094222312946, 'micro_off': 0.0, 'spread_mean_10s': 0.15650000000005093, 'depth_imb_k_mean_10s': 0.3558789210501345, 'depth_imb_k_mean_60s': -0.023130230655525833, 'dist_vwap_bps': None, 'hl_range_pct': None, 'oc_change_pct': None, 'volume_rel_20': None, 'atr_pct': None, 'position_in_range': None, 'rsi': None, 'bb_position': None, 'ret_3': None, 'ret_10': None, 'session_bucket': 1.0}"
2026-04-06|CRCL|2026-04-06T11:48:00-04:00|short|12,2026-04-06,CRCL,2026-04-06T11:48:00-04:00,short,12,0.46935898065567017,True,next_bar_open_if_replayed,"{'pressure_k': 0.0, 'spread': 0.09999999999999432, 'depth_imb_k': 0.2244082727190624, 'micro_off': 0.0, 'spread_mean_10s': 0.11224999999988086, 'depth_imb_k_mean_10s': 0.2737938912884033, 'depth_imb_k_mean_60s': 0.3238393544901467, 'dist_vwap_bps': None, 'hl_range_pct': None, 'oc_change_pct': None, 'volume_rel_20': None, 'atr_pct': None, 'position_in_range': None, 'rsi': None, 'bb_position': None, 'ret_3': None, 'ret_10': None, 'session_bucket': 1.0}"
2026-04-06|CRCL|2026-04-06T11:49:00-04:00|short|8,2026-04-06,CRCL,2026-04-06T11:49:00-04:00,short,8,0.4533967971801758,True,next_bar_open_if_replayed,"{'pressure_k': 0.0, 'spread': 0.0, 'depth_imb_k': 0.3832813099407458, 'micro_off': 0.0, 'spread_mean_10s': 0.0760000000002492, 'depth_imb_k_mean_10s': 0.31213192821044233, 'depth_imb_k_mean_60s': 0.2020449682206013, 'dist_vwap_bps': None, 'hl_range_pct': None, 'oc_change_pct': None, 'volume_rel_20': None, 'atr_pct': None, 'position_in_range': None, 'rsi': None, 'bb_position': None, 'ret_3': None, 'ret_10': None, 'session_bucket': 1.0}"
2026-04-06|CRCL|2026-04-06T11:50:00-04:00|short|12,2026-04-06,CRCL,2026-04-06T11:50:00-04:00,short,12,0.4233764410018921,True,next_bar_open_if_replayed,"{'pressure_k': 0.0, 'spread': 0.01999999999999602, 'depth_imb_k': 0.07186751680563169, 'micro_off': 0.005384615384627978, 'spread_mean_10s': 0.06725000000014916, 'depth_imb_k_mean_10s': 0.002579612020917921, 'depth_imb_k_mean_60s': -0.06311547846008257, 'dist_vwap_bps': None, 'hl_range_pct': None, 'oc_change_pct': None, 'volume_rel_20': None, 'atr_pct': None, 'position_in_range': None, 'rsi': None, 'bb_position': None, 'ret_3': None, 'ret_10': None, 'session_bucket': 1.0}"
2026-04-06|CRCL|2026-04-06T11:51:00-04:00|short|12,2026-04-06,CRCL,2026-04-06T11:51:00-04:00,short,12,0.4460521340370178,True,next_bar_open_if_replayed,"{'pressure_k': 0.0, 'spread': 0.14000000000000057, 'depth_imb_k': -0.41651093363807207, 'micro_off': -0.0544444444444423, 'spread_mean_10s': 0.1360000000002401, 'depth_imb_k_mean_10s': -0.4164494108800568, 'depth_imb_k_mean_60s': -0.42276032407899766, 'dist_vwap_bps': None, 'hl_range_pct': None, 'oc_change_pct': None, 'volume_rel_20': None, 'atr_pct': None, 'position_in_range': None, 'rsi': None, 'bb_position': None, 'ret_3': None, 'ret_10': None, 'session_bucket': 1.0}"
2026-04-06|CRCL|2026-04-06T11:52:00-04:00|short|12,2026-04-06,CRCL,2026-04-06T11:52:00-04:00,short,12,0.48149633407592773,True,next_bar_open_if_replayed,"{'pressure_k': 0.0, 'spread': 0.18000000000000682, 'depth_imb_k': -0.288383446814717, 'micro_off': -0.045000000000001705, 'spread_mean_10s': 0.1492500000000291, 'depth_imb_k_mean_10s': -0.3144099026104641, 'depth_imb_k_mean_60s': -0.37089900143496285, 'dist_vwap_bps': None, 'hl_range_pct': None, 'oc_change_pct': None, 'volume_rel_20': None, 'atr_pct': None, 'position_in_range': None, 'rsi': None, 'bb_position': None, 'ret_3': None, 'ret_10': None, 'session_bucket': 1.0}"
2026-04-06|CRCL|2026-04-06T11:53:00-04:00|long|12,2026-04-06,CRCL,2026-04-06T11:53:00-04:00,long,12,0.410016268491745,True,next_bar_open_if_replayed,"{'pressure_k': 0.0, 'spread': 0.1599999999999966, 'depth_imb_k': 0.29358239643029005, 'micro_off': -0.026666666666670835, 'spread_mean_10s': 0.16249999999990905, 'depth_imb_k_mean_10s': -0.019311775960545674, 'depth_imb_k_mean_60s': -0.1252336903515135, 'dist_vwap_bps': None, 'hl_range_pct': None, 'oc_change_pct': None, 'volume_rel_20': None, 'atr_pct': None, 'position_in_range': None, 'rsi': None, 'bb_position': None, 'ret_3': None, 'ret_10': None, 'session_bucket': 1.0}"
2026-04-06|CRCL|2026-04-06T11:54:00-04:00|long|8,2026-04-06,CRCL,2026-04-06T11:54:00-04:00,long,8,0.45187512040138245,True,next_bar_open_if_replayed,"{'pressure_k': 0.0, 'spread': 0.06999999999999318, 'depth_imb_k': -0.08597772077421206, 'micro_off': 0.0, 'spread_mean_10s': 0.154137931034272, 'depth_imb_k_mean_10s': -0.05562327239421989, 'depth_imb_k_mean_60s': 0.07156993636554601, 'dist_vwap_bps': None, 'hl_range_pct': None, 'oc_change_pct': None, 'volume_rel_20': None, 'atr_pct': None, 'position_in_range': None, 'rsi': None, 'bb_position': None, 'ret_3': None, 'ret_10': None, 'session_bucket': 1.0}"
2026-04-06|CRCL|2026-04-06T11:55:00-04:00|short|12,2026-04-06,CRCL,2026-04-06T11:55:00-04:00,short,12,0.41166436672210693,True,next_bar_open_if_replayed,"{'pressure_k': 0.0, 'spread': 0.10999999999999943, 'depth_imb_k': 0.07468123861566485, 'micro_off': 0.02750000000000341, 'spread_mean_10s': 0.10999999999967258, 'depth_imb_k_mean_10s': 0.056206955967570596, 'depth_imb_k_mean_60s': -0.015519136465600776, 'dist_vwap_bps': None, 'hl_range_pct': None, 'oc_change_pct': None, 'volume_rel_20': None, 'atr_pct': None, 'position_in_range': None, 'rsi': None, 'bb_position': None, 'ret_3': None, 'ret_10': None, 'session_bucket': 1.0}"
2026-04-06|CRCL|2026-04-06T11:56:00-04:00|long|8,2026-04-06,CRCL,2026-04-06T11:56:00-04:00,long,8,0.39950963854789734,True,next_bar_open_if_replayed,"{'pressure_k': 0.0, 'spread': 0.21000000000000796, 'depth_imb_k': -0.13617141852849504, 'micro_off': -0.021000000000000796, 'spread_mean_10s': 0.21524999999994635, 'depth_imb_k_mean_10s': -0.21641163413022468, 'depth_imb_k_mean_60s': -0.17102802425530125, 'dist_vwap_bps': None, 'hl_range_pct': None, 'oc_change_pct': None, 'volume_rel_20': None, 'atr_pct': None, 'position_in_range': None, 'rsi': None, 'bb_position': None, 'ret_3': None, 'ret_10': None, 'session_bucket': 1.0}"
2026-04-06|CRCL|2026-04-06T11:57:00-04:00|long|8,2026-04-06,CRCL,2026-04-06T11:57:00-04:00,long,8,0.4220374822616577,True,next_bar_open_if_replayed,"{'pressure_k': 0.0, 'spread': 0.18999999999999773, 'depth_imb_k': -0.3573389893463764, 'micro_off': -0.06333333333333258, 'spread_mean_10s': 0.17424999999998364, 'depth_imb_k_mean_10s': -0.31554918768918017, 'depth_imb_k_mean_60s': -0.22689832166920668, 'dist_vwap_bps': None, 'hl_range_pct': None, 'oc_change_pct': None, 'volume_rel_20': None, 'atr_pct': None, 'position_in_range': None, 'rsi': None, 'bb_position': None, 'ret_3': None, 'ret_10': None, 'session_bucket': 1.0}"
2026-04-06|CRCL|2026-04-06T11:58:00-04:00|long|8,2026-04-06,CRCL,2026-04-06T11:58:00-04:00,long,8,0.41007891297340393,True,next_bar_open_if_replayed,"{'pressure_k': 0.0, 'spread': 0.1700000000000017, 'depth_imb_k': 0.13871201492422258, 'micro_off': -1.4210854715202004e-14, 'spread_mean_10s': 0.1065000000002783, 'depth_imb_k_mean_10s': -0.09972158181020632, 'depth_imb_k_mean_60s': -0.19755328948041792, 'dist_vwap_bps': None, 'hl_range_pct': None, 'oc_change_pct': None, 'volume_rel_20': None, 'atr_pct': None, 'position_in_range': None, 'rsi': None, 'bb_position': None, 'ret_3': None, 'ret_10': None, 'session_bucket': 1.0}"
2026-04-06|CRCL|2026-04-06T11:59:00-04:00|long|8,2026-04-06,CRCL,2026-04-06T11:59:00-04:00,long,8,0.39425018429756165,True,next_bar_open_if_replayed,"{'pressure_k': 0.0, 'spread': 0.23999999999999488, 'depth_imb_k': 0.09076993802793751, 'micro_off': -0.03999999999999204, 'spread_mean_10s': 0.21024999999999636, 'depth_imb_k_mean_10s': 0.16255592831981858, 'depth_imb_k_mean_60s': 0.12500755919559522, 'dist_vwap_bps': None, 'hl_range_pct': None, 'oc_change_pct': None, 'volume_rel_20': None, 'atr_pct': None, 'position_in_range': None, 'rsi': None, 'bb_position': None, 'ret_3': None, 'ret_10': None, 'session_bucket': 1.0}"
2026-04-06|CRCL|2026-04-06T12:00:00-04:00|short|12,2026-04-06,CRCL,2026-04-06T12:00:00-04:00,short,12,0.38936132192611694,True,next_bar_open_if_replayed,"{'pressure_k': 0.0, 'spread': 0.1599999999999966, 'depth_imb_k': 0.3127574004860233, 'micro_off': 0.015999999999991132, 'spread_mean_10s': 0.15999999999985448, 'depth_imb_k_mean_10s': 0.20145843552024872, 'depth_imb_k_mean_60s': 0.11713449713485591, 'dist_vwap_bps': None, 'hl_range_pct': None, 'oc_change_pct': None, 'volume_rel_20': None, 'atr_pct': None, 'position_in_range': None, 'rsi': None, 'bb_position': None, 'ret_3': None, 'ret_10': None, 'session_bucket': 1.0}"
2026-04-06|CRCL|2026-04-06T12:01:00-04:00|short|12,2026-04-06,CRCL,2026-04-06T12:01:00-04:00,short,12,0.4807802140712738,True,next_bar_open_if_replayed,"{'pressure_k': 0.0, 'spread': 0.12000000000000455, 'depth_imb_k': 0.10821667292227342, 'micro_off': 0.0, 'spread_mean_10s': 0.14538461538452396, 'depth_imb_k_mean_10s': 0.056963353076788244, 'depth_imb_k_mean_60s': 0.1518131513984437, 'dist_vwap_bps': None, 'hl_range_pct': None, 'oc_change_pct': None, 'volume_rel_20': None, 'atr_pct': None, 'position_in_range': None, 'rsi': None, 'bb_position': None, 'ret_3': None, 'ret_10': None, 'session_bucket': 1.0}"
2026-04-06|CRCL|2026-04-06T12:02:00-04:00|short|12,2026-04-06,CRCL,2026-04-06T12:02:00-04:00,short,12,0.44991761445999146,True,next_bar_open_if_replayed,"{'pressure_k': 0.0, 'spread': 0.1700000000000017, 'depth_imb_k': 0.03154934397750142, 'micro_off': 0.0, 'spread_mean_10s': 0.16225000000004003, 'depth_imb_k_mean_10s': 0.2088880751454326, 'depth_imb_k_mean_60s': 0.2638895720945273, 'dist_vwap_bps': None, 'hl_range_pct': None, 'oc_change_pct': None, 'volume_rel_20': None, 'atr_pct': None, 'position_in_range': None, 'rsi': None, 'bb_position': None, 'ret_3': None, 'ret_10': None, 'session_bucket': 1.0}"
2026-04-06|CRCL|2026-04-06T12:03:00-04:00|long|8,2026-04-06,CRCL,2026-04-06T12:03:00-04:00,long,8,0.4924391210079193,True,next_bar_open_if_replayed,"{'pressure_k': 0.0, 'spread': 0.030000000000001137, 'depth_imb_k': 0.5099456289620554, 'micro_off': 0.013571428571424349, 'spread_mean_10s': 0.07249999999989995, 'depth_imb_k_mean_10s': 0.3757354739294101, 'depth_imb_k_mean_60s': 0.20911359913287425, 'dist_vwap_bps': None, 'hl_range_pct': None, 'oc_change_pct': None, 'volume_rel_20': None, 'atr_pct': None, 'position_in_range': None, 'rsi': None, 'bb_position': None, 'ret_3': None, 'ret_10': None, 'session_bucket': 1.0}"
2026-04-06|CRCL|2026-04-06T12:04:00-04:00|long|8,2026-04-06,CRCL,2026-04-06T12:04:00-04:00,long,8,0.39737972617149353,True,next_bar_open_if_replayed,"{'pressure_k': 0.0, 'spread': 0.12999999999999545, 'depth_imb_k': 0.2919803444492152, 'micro_off': 0.0, 'spread_mean_10s': 0.13000000000010914, 'depth_imb_k_mean_10s': 0.19757475197689134, 'depth_imb_k_mean_60s': 0.31812255090827674, 'dist_vwap_bps': None, 'hl_range_pct': None, 'oc_change_pct': None, 'volume_rel_20': None, 'atr_pct': None, 'position_in_range': None, 'rsi': None, 'bb_position': None, 'ret_3': None, 'ret_10': None, 'session_bucket': 1.0}"
2026-04-06|CRCL|2026-04-06T12:05:00-04:00|long|8,2026-04-06,CRCL,2026-04-06T12:05:00-04:00,long,8,0.435655802488327,True,next_bar_open_if_replayed,"{'pressure_k': 0.0, 'spread': 0.10000000000000853, 'depth_imb_k': 0.47561251306977137, 'micro_off': 1.4210854715202004e-14, 'spread_mean_10s': 0.10250000000005458, 'depth_imb_k_mean_10s': 0.46877712657330906, 'depth_imb_k_mean_60s': 0.31774585027787133, 'dist_vwap_bps': None, 'hl_range_pct': None, 'oc_change_pct': None, 'volume_rel_20': None, 'atr_pct': None, 'position_in_range': None, 'rsi': None, 'bb_position': None, 'ret_3': None, 'ret_10': None, 'session_bucket': 1.0}"
2026-04-06|CRCL|2026-04-06T12:06:00-04:00|long|8,2026-04-06,CRCL,2026-04-06T12:06:00-04:00,long,8,0.3697335422039032,True,next_bar_open_if_replayed,"{'pressure_k': 0.0, 'spread': 0.14000000000000057, 'depth_imb_k': 0.34886554338816955, 'micro_off': -0.023333333333326323, 'spread_mean_10s': 0.1387500000000273, 'depth_imb_k_mean_10s': 0.38700193915270803, 'depth_imb_k_mean_60s': 0.3121602208387054, 'dist_vwap_bps': None, 'hl_range_pct': None, 'oc_change_pct': None, 'volume_rel_20': None, 'atr_pct': None, 'position_in_range': None, 'rsi': None, 'bb_position': None, 'ret_3': None, 'ret_10': None, 'session_bucket': 1.0}"
2026-04-06|CRCL|2026-04-06T12:07:00-04:00|long|8,2026-04-06,CRCL,2026-04-06T12:07:00-04:00,long,8,0.40531125664711,True,next_bar_open_if_replayed,"{'pressure_k': 0.0, 'spread': 0.18000000000000682, 'depth_imb_k': 0.31601147125779777, 'micro_off': 0.030000000000001137, 'spread_mean_10s': 0.10175000000008368, 'depth_imb_k_mean_10s': 0.19387936563896346, 'depth_imb_k_mean_60s': 0.3221106637937383, 'dist_vwap_bps': None, 'hl_range_pct': None, 'oc_change_pct': None, 'volume_rel_20': None, 'atr_pct': None, 'position_in_range': None, 'rsi': None, 'bb_position': None, 'ret_3': None, 'ret_10': None, 'session_bucket': 1.0}"
2026-04-06|CRCL|2026-04-06T12:08:00-04:00|long|8,2026-04-06,CRCL,2026-04-06T12:08:00-04:00,long,8,0.404156893491745,True,next_bar_open_if_replayed,"{'pressure_k': 0.0, 'spread': 0.14000000000000057, 'depth_imb_k': 0.2425815934363818, 'micro_off': 0.03499999999999659, 'spread_mean_10s': 0.1117500000000291, 'depth_imb_k_mean_10s': 0.2596697618777398, 'depth_imb_k_mean_60s': 0.24959110856710118, 'dist_vwap_bps': None, 'hl_range_pct': None, 'oc_change_pct': None, 'volume_rel_20': None, 'atr_pct': None, 'position_in_range': None, 'rsi': None, 'bb_position': None, 'ret_3': None, 'ret_10': None, 'session_bucket': 1.0}"
2026-04-06|CRCL|2026-04-06T12:09:00-04:00|long|8,2026-04-06,CRCL,2026-04-06T12:09:00-04:00,long,8,0.4439084827899933,True,next_bar_open_if_replayed,"{'pressure_k': 0.0, 'spread': 0.06999999999999318, 'depth_imb_k': 0.3473839262293428, 'micro_off': 0.0, 'spread_mean_10s': 0.07799999999988358, 'depth_imb_k_mean_10s': 0.23177740925484613, 'depth_imb_k_mean_60s': 0.19390211111025765, 'dist_vwap_bps': None, 'hl_range_pct': None, 'oc_change_pct': None, 'volume_rel_20': None, 'atr_pct': None, 'position_in_range': None, 'rsi': None, 'bb_position': None, 'ret_3': None, 'ret_10': None, 'session_bucket': 1.0}"
2026-04-06|CRCL|2026-04-06T12:10:00-04:00|long|8,2026-04-06,CRCL,2026-04-06T12:10:00-04:00,long,8,0.4421693980693817,True,next_bar_open_if_replayed,"{'pressure_k': 0.0, 'spread': 0.0799999999999983, 'depth_imb_k': -0.5090803126258452, 'micro_off': 0.02400000000000091, 'spread_mean_10s': 0.1237500000000864, 'depth_imb_k_mean_10s': 0.29685106818202484, 'depth_imb_k_mean_60s': 0.3879806236298353, 'dist_vwap_bps': None, 'hl_range_pct': None, 'oc_change_pct': None, 'volume_rel_20': None, 'atr_pct': None, 'position_in_range': None, 'rsi': None, 'bb_position': None, 'ret_3': None, 'ret_10': None, 'session_bucket': 1.0}"
2026-04-06|CRCL|2026-04-06T12:11:00-04:00|long|8,2026-04-06,CRCL,2026-04-06T12:11:00-04:00,long,8,0.47104406356811523,True,next_bar_open_if_replayed,"{'pressure_k': 0.0, 'spread': 0.04000000000000625, 'depth_imb_k': -0.6822636344081816, 'micro_off': -0.006666666666660603, 'spread_mean_10s': 0.0649999999998272, 'depth_imb_k_mean_10s': -0.6717968399903157, 'depth_imb_k_mean_60s': -0.20645514335121204, 'dist_vwap_bps': None, 'hl_range_pct': None, 'oc_change_pct': None, 'volume_rel_20': None, 'atr_pct': None, 'position_in_range': None, 'rsi': None, 'bb_position': None, 'ret_3': None, 'ret_10': None, 'session_bucket': 1.0}"
2026-04-06|CRCL|2026-04-06T12:12:00-04:00|short|5,2026-04-06,CRCL,2026-04-06T12:12:00-04:00,short,5,0.44371679425239563,True,next_bar_open_if_replayed,"{'pressure_k': 0.0, 'spread': 0.15000000000000568, 'depth_imb_k': -0.5634382762340989, 'micro_off': 0.0, 'spread_mean_10s': 0.1504999999996471, 'depth_imb_k_mean_10s': -0.562929623618811, 'depth_imb_k_mean_60s': -0.5866274021945757, 'dist_vwap_bps': None, 'hl_range_pct': None, 'oc_change_pct': None, 'volume_rel_20': None, 'atr_pct': None, 'position_in_range': None, 'rsi': None, 'bb_position': None, 'ret_3': None, 'ret_10': None, 'session_bucket': 1.0}"
2026-04-06|CRCL|2026-04-06T12:13:00-04:00|short|8,2026-04-06,CRCL,2026-04-06T12:13:00-04:00,short,8,0.4326735734939575,True,next_bar_open_if_replayed,"{'pressure_k': 0.0, 'spread': 0.09000000000000341, 'depth_imb_k': -0.5375243033052495, 'micro_off': 0.0, 'spread_mean_10s': 0.08599999999992178, 'depth_imb_k_mean_10s': -0.6216070073788842, 'depth_imb_k_mean_60s': -0.5734908292709499, 'dist_vwap_bps': None, 'hl_range_pct': None, 'oc_change_pct': None, 'volume_rel_20': None, 'atr_pct': None, 'position_in_range': None, 'rsi': None, 'bb_position': None, 'ret_3': None, 'ret_10': None, 'session_bucket': 1.0}"
2026-04-06|CRCL|2026-04-06T12:14:00-04:00|long|8,2026-04-06,CRCL,2026-04-06T12:14:00-04:00,long,8,0.4206223487854004,True,next_bar_open_if_replayed,"{'pressure_k': 0.0, 'spread': 0.0799999999999983, 'depth_imb_k': 0.3128755499060148, 'micro_off': 0.013333333333321207, 'spread_mean_10s': 0.08700000000008004, 'depth_imb_k_mean_10s': 0.027343942624179364, 'depth_imb_k_mean_60s': -0.47921107309898403, 'dist_vwap_bps': None, 'hl_range_pct': None, 'oc_change_pct': None, 'volume_rel_20': None, 'atr_pct': None, 'position_in_range': None, 'rsi': None, 'bb_position': None, 'ret_3': None, 'ret_10': None, 'session_bucket': 1.0}"
2026-04-06|CRCL|2026-04-06T12:15:00-04:00|short|8,2026-04-06,CRCL,2026-04-06T12:15:00-04:00,short,8,0.39138245582580566,True,next_bar_open_if_replayed,"{'pressure_k': 0.0, 'spread': 0.09999999999999432, 'depth_imb_k': -0.1577203501021408, 'micro_off': 0.0, 'spread_mean_10s': 0.09550000000012915, 'depth_imb_k_mean_10s': -0.08815335400367985, 'depth_imb_k_mean_60s': 0.008987165997903463, 'dist_vwap_bps': None, 'hl_range_pct': None, 'oc_change_pct': None, 'volume_rel_20': None, 'atr_pct': None, 'position_in_range': None, 'rsi': None, 'bb_position': None, 'ret_3': None, 'ret_10': None, 'session_bucket': 1.0}"
2026-04-06|CRCL|2026-04-06T12:16:00-04:00|short|12,2026-04-06,CRCL,2026-04-06T12:16:00-04:00,short,12,0.4655334949493408,True,next_bar_open_if_replayed,"{'pressure_k': 0.0, 'spread': 0.18999999999999773, 'depth_imb_k': -0.2189254040569538, 'micro_off': 0.04749999999999943, 'spread_mean_10s': 0.1629999999998745, 'depth_imb_k_mean_10s': -0.1449295330011296, 'depth_imb_k_mean_60s': 0.021323231270890815, 'dist_vwap_bps': None, 'hl_range_pct': None, 'oc_change_pct': None, 'volume_rel_20': None, 'atr_pct': None, 'position_in_range': None, 'rsi': None, 'bb_position': None, 'ret_3': None, 'ret_10': None, 'session_bucket': 1.0}"
2026-04-06|CRCL|2026-04-06T12:17:00-04:00|short|12,2026-04-06,CRCL,2026-04-06T12:17:00-04:00,short,12,0.4815948009490967,True,next_bar_open_if_replayed,"{'pressure_k': 0.0, 'spread': 0.14000000000000057, 'depth_imb_k': -0.18860126603770946, 'micro_off': -0.023333333333340533, 'spread_mean_10s': 0.13350000000018553, 'depth_imb_k_mean_10s': -0.25602585558528973, 'depth_imb_k_mean_60s': -0.14927286764125824, 'dist_vwap_bps': None, 'hl_range_pct': None, 'oc_change_pct': None, 'volume_rel_20': None, 'atr_pct': None, 'position_in_range': None, 'rsi': None, 'bb_position': None, 'ret_3': None, 'ret_10': None, 'session_bucket': 1.0}"
2026-04-06|CRCL|2026-04-06T12:18:00-04:00|short|12,2026-04-06,CRCL,2026-04-06T12:18:00-04:00,short,12,0.4868347644805908,True,next_bar_open_if_replayed,"{'pressure_k': 0.0, 'spread': 0.12999999999999545, 'depth_imb_k': -0.23138777417664233, 'micro_off': 0.0, 'spread_mean_10s': 0.10175000000015189, 'depth_imb_k_mean_10s': 0.03362750171359039, 'depth_imb_k_mean_60s': -0.15618572631868088, 'dist_vwap_bps': None, 'hl_range_pct': None, 'oc_change_pct': None, 'volume_rel_20': None, 'atr_pct': None, 'position_in_range': None, 'rsi': None, 'bb_position': None, 'ret_3': None, 'ret_10': None, 'session_bucket': 1.0}"
2026-04-06|CRCL|2026-04-06T12:19:00-04:00|short|12,2026-04-06,CRCL,2026-04-06T12:19:00-04:00,short,12,0.46660250425338745,True,next_bar_open_if_replayed,"{'pressure_k': 0.0, 'spread': 0.1599999999999966, 'depth_imb_k': -0.3989528199874794, 'micro_off': -0.026666666666670835, 'spread_mean_10s': 0.11032258064522231, 'depth_imb_k_mean_10s': -0.38141721602155043, 'depth_imb_k_mean_60s': -0.2634588091812856, 'dist_vwap_bps': None, 'hl_range_pct': None, 'oc_change_pct': None, 'volume_rel_20': None, 'atr_pct': None, 'position_in_range': None, 'rsi': None, 'bb_position': None, 'ret_3': None, 'ret_10': None, 'session_bucket': 1.0}"
2026-04-06|CRCL|2026-04-06T12:20:00-04:00|short|12,2026-04-06,CRCL,2026-04-06T12:20:00-04:00,short,12,0.4570578634738922,True,next_bar_open_if_replayed,"{'pressure_k': 0.0, 'spread': 0.10999999999999943, 'depth_imb_k': -0.215013883638165, 'micro_off': 0.0, 'spread_mean_10s': 0.12775000000006004, 'depth_imb_k_mean_10s': -0.29917230230787484, 'depth_imb_k_mean_60s': -0.27410600519633666, 'dist_vwap_bps': None, 'hl_range_pct': None, 'oc_change_pct': None, 'volume_rel_20': None, 'atr_pct': None, 'position_in_range': None, 'rsi': None, 'bb_position': None, 'ret_3': None, 'ret_10': None, 'session_bucket': 1.0}"
2026-04-06|CRCL|2026-04-06T12:21:00-04:00|short|12,2026-04-06,CRCL,2026-04-06T12:21:00-04:00,short,12,0.4706926941871643,True,next_bar_open_if_replayed,"{'pressure_k': 0.0, 'spread': 0.1799999999999926, 'depth_imb_k': 0.13915315935123812, 'micro_off': -0.030000000000001137, 'spread_mean_10s': 0.17675000000008367, 'depth_imb_k_mean_10s': 0.16850038460441966, 'depth_imb_k_mean_60s': 0.1109116692970594, 'dist_vwap_bps': None, 'hl_range_pct': None, 'oc_change_pct': None, 'volume_rel_20': None, 'atr_pct': None, 'position_in_range': None, 'rsi': None, 'bb_position': None, 'ret_3': None, 'ret_10': None, 'session_bucket': 1.0}"
2026-04-06|CRCL|2026-04-06T12:22:00-04:00|short|12,2026-04-06,CRCL,2026-04-06T12:22:00-04:00,short,12,0.4580286145210266,True,next_bar_open_if_replayed,"{'pressure_k': 0.0, 'spread': 0.15000000000000568, 'depth_imb_k': 0.037550779994199784, 'micro_off': 0.0, 'spread_mean_10s': 0.13324999999972534, 'depth_imb_k_mean_10s': -0.019157927043579548, 'depth_imb_k_mean_60s': 0.05794169973922249, 'dist_vwap_bps': None, 'hl_range_pct': None, 'oc_change_pct': None, 'volume_rel_20': None, 'atr_pct': None, 'position_in_range': None, 'rsi': None, 'bb_position': None, 'ret_3': None, 'ret_10': None, 'session_bucket': 1.0}"
2026-04-06|CRCL|2026-04-06T12:23:00-04:00|short|12,2026-04-06,CRCL,2026-04-06T12:23:00-04:00,short,12,0.4159385859966278,True,next_bar_open_if_replayed,"{'pressure_k': 0.0, 'spread': 0.12000000000000455, 'depth_imb_k': 0.139370996282207, 'micro_off': 0.0, 'spread_mean_10s': 0.12199999999993452, 'depth_imb_k_mean_10s': 0.10417419769885328, 'depth_imb_k_mean_60s': 0.04686240575661081, 'dist_vwap_bps': None, 'hl_range_pct': None, 'oc_change_pct': None, 'volume_rel_20': None, 'atr_pct': None, 'position_in_range': None, 'rsi': None, 'bb_position': None, 'ret_3': None, 'ret_10': None, 'session_bucket': 1.0}"
2026-04-06|CRCL|2026-04-06T12:24:00-04:00|short|12,2026-04-06,CRCL,2026-04-06T12:24:00-04:00,short,12,0.4495607614517212,True,next_bar_open_if_replayed,"{'pressure_k': 0.0, 'spread': 0.10999999999999943, 'depth_imb_k': 0.23253649316199945, 'micro_off': 0.0, 'spread_mean_10s': 0.10075000000031195, 'depth_imb_k_mean_10s': 0.2528699170960408, 'depth_imb_k_mean_60s': 0.17271454605080597, 'dist_vwap_bps': None, 'hl_range_pct': None, 'oc_change_pct': None, 'volume_rel_20': None, 'atr_pct': None, 'position_in_range': None, 'rsi': None, 'bb_position': None, 'ret_3': None, 'ret_10': None, 'session_bucket': 1.0}"
2026-04-06|CRCL|2026-04-06T12:25:00-04:00|short|8,2026-04-06,CRCL,2026-04-06T12:25:00-04:00,short,8,0.3577863872051239,True,next_bar_open_if_replayed,"{'pressure_k': 0.0, 'spread': 0.12000000000000455, 'depth_imb_k': 0.45486443381180225, 'micro_off': 0.034285714285715585, 'spread_mean_10s': 0.13800000000028376, 'depth_imb_k_mean_10s': 0.3737772082682113, 'depth_imb_k_mean_60s': 0.3208983942580246, 'dist_vwap_bps': None, 'hl_range_pct': None, 'oc_change_pct': None, 'volume_rel_20': None, 'atr_pct': None, 'position_in_range': None, 'rsi': None, 'bb_position': None, 'ret_3': None, 'ret_10': None, 'session_bucket': 1.0}"
2026-04-06|CRCL|2026-04-06T12:26:00-04:00|long|8,2026-04-06,CRCL,2026-04-06T12:26:00-04:00,long,8,0.47399190068244934,True,next_bar_open_if_replayed,"{'pressure_k': 0.0, 'spread': 0.0799999999999983, 'depth_imb_k': 0.3304977183487212, 'micro_off': 0.013333333333335418, 'spread_mean_10s': 0.08800000000010186, 'depth_imb_k_mean_10s': 0.28768504006643525, 'depth_imb_k_mean_60s': 0.38870027493125237, 'dist_vwap_bps': None, 'hl_range_pct': None, 'oc_change_pct': None, 'volume_rel_20': None, 'atr_pct': None, 'position_in_range': None, 'rsi': None, 'bb_position': None, 'ret_3': None, 'ret_10': None, 'session_bucket': 1.0}"
2026-04-06|CRCL|2026-04-06T12:27:00-04:00|long|8,2026-04-06,CRCL,2026-04-06T12:27:00-04:00,long,8,0.3969140648841858,True,next_bar_open_if_replayed,"{'pressure_k': 0.0, 'spread': 0.14000000000000057, 'depth_imb_k': 0.37172099733982594, 'micro_off': -0.0350000000000108, 'spread_mean_10s': 0.1435000000000855, 'depth_imb_k_mean_10s': 0.3935264716083907, 'depth_imb_k_mean_60s': 0.33575551857628816, 'dist_vwap_bps': None, 'hl_range_pct': None, 'oc_change_pct': None, 'volume_rel_20': None, 'atr_pct': None, 'position_in_range': None, 'rsi': None, 'bb_position': None, 'ret_3': None, 'ret_10': None, 'session_bucket': 1.0}"
2026-04-06|CRCL|2026-04-06T12:28:00-04:00|short|12,2026-04-06,CRCL,2026-04-06T12:28:00-04:00,short,12,0.46208348870277405,True,next_bar_open_if_replayed,"{'pressure_k': 0.0, 'spread': 0.09000000000000341, 'depth_imb_k': 0.312826670232713, 'micro_off': 0.0, 'spread_mean_10s': 0.09850000000033106, 'depth_imb_k_mean_10s': 0.44457228559965645, 'depth_imb_k_mean_60s': 0.48453354039305246, 'dist_vwap_bps': None, 'hl_range_pct': None, 'oc_change_pct': None, 'volume_rel_20': None, 'atr_pct': None, 'position_in_range': None, 'rsi': None, 'bb_position': None, 'ret_3': None, 'ret_10': None, 'session_bucket': 1.0}"
2026-04-06|CRCL|2026-04-06T12:29:00-04:00|long|8,2026-04-06,CRCL,2026-04-06T12:29:00-04:00,long,8,0.36260277032852173,True,next_bar_open_if_replayed,"{'pressure_k': 0.0, 'spread': 0.09999999999999432, 'depth_imb_k': 0.1701636400627906, 'micro_off': -0.0318181818181813, 'spread_mean_10s': 0.1000000000003638, 'depth_imb_k_mean_10s': 0.02925890508508928, 'depth_imb_k_mean_60s': 0.05062598061705722, 'dist_vwap_bps': None, 'hl_range_pct': None, 'oc_change_pct': None, 'volume_rel_20': None, 'atr_pct': None, 'position_in_range': None, 'rsi': None, 'bb_position': None, 'ret_3': None, 'ret_10': None, 'session_bucket': 1.0}"
2026-04-06|CRCL|2026-04-06T12:30:00-04:00|long|12,2026-04-06,CRCL,2026-04-06T12:30:00-04:00,long,12,0.3828917443752289,True,next_bar_open_if_replayed,"{'pressure_k': 0.0, 'spread': 0.10999999999999943, 'depth_imb_k': 0.5177938296797305, 'micro_off': 1.4210854715202004e-14, 'spread_mean_10s': 0.11449999999990723, 'depth_imb_k_mean_10s': 0.53617764708099, 'depth_imb_k_mean_60s': 0.30126666184331913, 'dist_vwap_bps': None, 'hl_range_pct': None, 'oc_change_pct': None, 'volume_rel_20': None, 'atr_pct': None, 'position_in_range': None, 'rsi': None, 'bb_position': None, 'ret_3': None, 'ret_10': None, 'session_bucket': 1.0}"
2026-04-06|CRCL|2026-04-06T12:31:00-04:00|long|8,2026-04-06,CRCL,2026-04-06T12:31:00-04:00,long,8,0.4362296164035797,True,next_bar_open_if_replayed,"{'pressure_k': 0.0, 'spread': 0.09000000000000341, 'depth_imb_k': 0.07919301843305689, 'micro_off': 0.0, 'spread_mean_10s': 0.09786885245915476, 'depth_imb_k_mean_10s': 0.1660103025654235, 'depth_imb_k_mean_60s': 0.4589581761097791, 'dist_vwap_bps': None, 'hl_range_pct': None, 'oc_change_pct': None, 'volume_rel_20': None, 'atr_pct': None, 'position_in_range': None, 'rsi': None, 'bb_position': None, 'ret_3': None, 'ret_10': None, 'session_bucket': 2.0}"
2026-04-06|CRCL|2026-04-06T12:32:00-04:00|long|8,2026-04-06,CRCL,2026-04-06T12:32:00-04:00,long,8,0.3893527388572693,True,next_bar_open_if_replayed,"{'pressure_k': 0.0, 'spread': 0.12999999999999545, 'depth_imb_k': 0.09689255446959119, 'micro_off': -0.021666666666661172, 'spread_mean_10s': 0.125, 'depth_imb_k_mean_10s': 0.3068198585456116, 'depth_imb_k_mean_60s': 0.4487910759514263, 'dist_vwap_bps': None, 'hl_range_pct': None, 'oc_change_pct': None, 'volume_rel_20': None, 'atr_pct': None, 'position_in_range': None, 'rsi': None, 'bb_position': None, 'ret_3': None, 'ret_10': None, 'session_bucket': 2.0}"
2026-04-06|CRCL|2026-04-06T12:33:00-04:00|short|12,2026-04-06,CRCL,2026-04-06T12:33:00-04:00,short,12,0.38499781489372253,True,next_bar_open_if_replayed,"{'pressure_k': 0.0, 'spread': 0.12000000000000455, 'depth_imb_k': 0.16012757038196396, 'micro_off': 0.01999999999999602, 'spread_mean_10s': 0.1315000000000282, 'depth_imb_k_mean_10s': 0.1822019254709744, 'depth_imb_k_mean_60s': 0.14412722282853768, 'dist_vwap_bps': None, 'hl_range_pct': None, 'oc_change_pct': None, 'volume_rel_20': None, 'atr_pct': None, 'position_in_range': None, 'rsi': None, 'bb_position': None, 'ret_3': None, 'ret_10': None, 'session_bucket': 2.0}"
2026-04-06|CRCL|2026-04-06T12:34:00-04:00|short|12,2026-04-06,CRCL,2026-04-06T12:34:00-04:00,short,12,0.4122353792190552,True,next_bar_open_if_replayed,"{'pressure_k': 0.0, 'spread': 0.13000000000000966, 'depth_imb_k': 0.018656752264845183, 'micro_off': 1.4210854715202004e-14, 'spread_mean_10s': 0.10600000000031287, 'depth_imb_k_mean_10s': 0.02139216342393411, 'depth_imb_k_mean_60s': 0.0733942272845478, 'dist_vwap_bps': None, 'hl_range_pct': None, 'oc_change_pct': None, 'volume_rel_20': None, 'atr_pct': None, 'position_in_range': None, 'rsi': None, 'bb_position': None, 'ret_3': None, 'ret_10': None, 'session_bucket': 2.0}"
2026-04-06|CRCL|2026-04-06T12:35:00-04:00|long|8,2026-04-06,CRCL,2026-04-06T12:35:00-04:00,long,8,0.45928117632865906,True,next_bar_open_if_replayed,"{'pressure_k': 0.0, 'spread': 0.10000000000000853, 'depth_imb_k': 0.46404567951162207, 'micro_off': -0.01666666666666572, 'spread_mean_10s': 0.08750000000013643, 'depth_imb_k_mean_10s': 0.08406955259478081, 'depth_imb_k_mean_60s': 0.017720093833236385, 'dist_vwap_bps': None, 'hl_range_pct': None, 'oc_change_pct': None, 'volume_rel_20': None, 'atr_pct': None, 'position_in_range': None, 'rsi': None, 'bb_position': None, 'ret_3': None, 'ret_10': None, 'session_bucket': 2.0}"
2026-04-06|CRCL|2026-04-06T12:36:00-04:00|short|12,2026-04-06,CRCL,2026-04-06T12:36:00-04:00,short,12,0.46175897121429443,True,next_bar_open_if_replayed,"{'pressure_k': 0.0, 'spread': 0.11999999999999034, 'depth_imb_k': 0.3429614155403156, 'micro_off': 1.4210854715202004e-14, 'spread_mean_10s': 0.16125000000001818, 'depth_imb_k_mean_10s': 0.41096657885063903, 'depth_imb_k_mean_60s': 0.4168972728297825, 'dist_vwap_bps': None, 'hl_range_pct': None, 'oc_change_pct': None, 'volume_rel_20': None, 'atr_pct': None, 'position_in_range': None, 'rsi': None, 'bb_position': None, 'ret_3': None, 'ret_10': None, 'session_bucket': 2.0}"
2026-04-06|CRCL|2026-04-06T12:37:00-04:00|short|12,2026-04-06,CRCL,2026-04-06T12:37:00-04:00,short,12,0.46563032269477844,True,next_bar_open_if_replayed,"{'pressure_k': 0.0, 'spread': 0.0799999999999983, 'depth_imb_k': -0.037548980972704496, 'micro_off': 0.0, 'spread_mean_10s': 0.091538461538594, 'depth_imb_k_mean_10s': 0.06695175059972733, 'depth_imb_k_mean_60s': 0.21511873466591136, 'dist_vwap_bps': None, 'hl_range_pct': None, 'oc_change_pct': None, 'volume_rel_20': None, 'atr_pct': None, 'position_in_range': None, 'rsi': None, 'bb_position': None, 'ret_3': None, 'ret_10': None, 'session_bucket': 2.0}"
2026-04-06|CRCL|2026-04-06T12:38:00-04:00|short|12,2026-04-06,CRCL,2026-04-06T12:38:00-04:00,short,12,0.4898236393928528,True,next_bar_open_if_replayed,"{'pressure_k': 0.0, 'spread': 0.10000000000000853, 'depth_imb_k': -0.20285628947182047, 'micro_off': -0.024999999999991473, 'spread_mean_10s': 0.10849999999988995, 'depth_imb_k_mean_10s': -0.009972390251948581, 'depth_imb_k_mean_60s': 0.0025977899423070398, 'dist_vwap_bps': None, 'hl_range_pct': None, 'oc_change_pct': None, 'volume_rel_20': None, 'atr_pct': None, 'position_in_range': None, 'rsi': None, 'bb_position': None, 'ret_3': None, 'ret_10': None, 'session_bucket': 2.0}"
2026-04-06|CRCL|2026-04-06T12:39:00-04:00|short|12,2026-04-06,CRCL,2026-04-06T12:39:00-04:00,short,12,0.46107789874076843,True,next_bar_open_if_replayed,"{'pressure_k': 0.0, 'spread': 0.09999999999999432, 'depth_imb_k': 0.022102903324015388, 'micro_off': -0.01666666666666572, 'spread_mean_10s': 0.10600000000017644, 'depth_imb_k_mean_10s': 0.0043981591211149865, 'depth_imb_k_mean_60s': 0.09917171605149272, 'dist_vwap_bps': None, 'hl_range_pct': None, 'oc_change_pct': None, 'volume_rel_20': None, 'atr_pct': None, 'position_in_range': None, 'rsi': None, 'bb_position': None, 'ret_3': None, 'ret_10': None, 'session_bucket': 2.0}"
2026-04-06|CRCL|2026-04-06T12:40:00-04:00|long|8,2026-04-06,CRCL,2026-04-06T12:40:00-04:00,long,8,0.42359796166419983,True,next_bar_open_if_replayed,"{'pressure_k': 0.0, 'spread': 0.09999999999999432, 'depth_imb_k': -0.03119586192440244, 'micro_off': -0.01666666666666572, 'spread_mean_10s': 0.12274999999997363, 'depth_imb_k_mean_10s': 0.008969500450336908, 'depth_imb_k_mean_60s': 0.021517809403049492, 'dist_vwap_bps': None, 'hl_range_pct': None, 'oc_change_pct': None, 'volume_rel_20': None, 'atr_pct': None, 'position_in_range': None, 'rsi': None, 'bb_position': None, 'ret_3': None, 'ret_10': None, 'session_bucket': 2.0}"
2026-04-06|CRCL|2026-04-06T12:41:00-04:00|short|12,2026-04-06,CRCL,2026-04-06T12:41:00-04:00,short,12,0.41023269295692444,True,next_bar_open_if_replayed,"{'pressure_k': 0.0, 'spread': 0.09000000000000341, 'depth_imb_k': -0.002691191208487404, 'micro_off': 0.027000000000001023, 'spread_mean_10s': 0.09000000000014552, 'depth_imb_k_mean_10s': 0.005905195813681985, 'depth_imb_k_mean_60s': -0.10564131373145465, 'dist_vwap_bps': None, 'hl_range_pct': None, 'oc_change_pct': None, 'volume_rel_20': None, 'atr_pct': None, 'position_in_range': None, 'rsi': None, 'bb_position': None, 'ret_3': None, 'ret_10': None, 'session_bucket': 2.0}"
2026-04-06|CRCL|2026-04-06T12:42:00-04:00|short|12,2026-04-06,CRCL,2026-04-06T12:42:00-04:00,short,12,0.4255808889865875,True,next_bar_open_if_replayed,"{'pressure_k': 0.0, 'spread': 0.10999999999999943, 'depth_imb_k': -0.14526458567211878, 'micro_off': 0.02750000000000341, 'spread_mean_10s': 0.10999999999967258, 'depth_imb_k_mean_10s': -0.16031107906599118, 'depth_imb_k_mean_60s': -0.18937938178108116, 'dist_vwap_bps': None, 'hl_range_pct': None, 'oc_change_pct': None, 'volume_rel_20': None, 'atr_pct': None, 'position_in_range': None, 'rsi': None, 'bb_position': None, 'ret_3': None, 'ret_10': None, 'session_bucket': 2.0}"
2026-04-06|CRCL|2026-04-06T12:43:00-04:00|short|12,2026-04-06,CRCL,2026-04-06T12:43:00-04:00,short,12,0.47917303442955017,True,next_bar_open_if_replayed,"{'pressure_k': 0.0, 'spread': 0.0799999999999983, 'depth_imb_k': -0.2747082513217851, 'micro_off': -0.026666666666670835, 'spread_mean_10s': 0.09500000000025466, 'depth_imb_k_mean_10s': -0.1872229629128242, 'depth_imb_k_mean_60s': -0.16399246135835072, 'dist_vwap_bps': None, 'hl_range_pct': None, 'oc_change_pct': None, 'volume_rel_20': None, 'atr_pct': None, 'position_in_range': None, 'rsi': None, 'bb_position': None, 'ret_3': None, 'ret_10': None, 'session_bucket': 2.0}"
2026-04-06|CRCL|2026-04-06T12:44:00-04:00|short|12,2026-04-06,CRCL,2026-04-06T12:44:00-04:00,short,12,0.49710705876350403,True,next_bar_open_if_replayed,"{'pressure_k': 0.0, 'spread': 0.14000000000000057, 'depth_imb_k': -0.4377724411554676, 'micro_off': 0.023333333333340533, 'spread_mean_10s': 0.12046511627903424, 'depth_imb_k_mean_10s': -0.4354469388314672, 'depth_imb_k_mean_60s': -0.28578658868461837, 'dist_vwap_bps': None, 'hl_range_pct': None, 'oc_change_pct': None, 'volume_rel_20': None, 'atr_pct': None, 'position_in_range': None, 'rsi': None, 'bb_position': None, 'ret_3': None, 'ret_10': None, 'session_bucket': 2.0}"
2026-04-06|CRCL|2026-04-06T12:45:00-04:00|long|8,2026-04-06,CRCL,2026-04-06T12:45:00-04:00,long,8,0.360607773065567,True,next_bar_open_if_replayed,"{'pressure_k': 0.0, 'spread': 0.19999999999998863, 'depth_imb_k': 0.09644459077979349, 'micro_off': -0.04999999999999716, 'spread_mean_10s': 0.14675000000011096, 'depth_imb_k_mean_10s': 0.0813846019187963, 'depth_imb_k_mean_60s': -0.17486621372092015, 'dist_vwap_bps': None, 'hl_range_pct': None, 'oc_change_pct': None, 'volume_rel_20': None, 'atr_pct': None, 'position_in_range': None, 'rsi': None, 'bb_position': None, 'ret_3': None, 'ret_10': None, 'session_bucket': 2.0}"
2026-04-06|CRCL|2026-04-06T12:46:00-04:00|short|12,2026-04-06,CRCL,2026-04-06T12:46:00-04:00,short,12,0.39751625061035156,True,next_bar_open_if_replayed,"{'pressure_k': 0.0, 'spread': 0.14999999999999147, 'depth_imb_k': -0.1766862135722087, 'micro_off': -0.024999999999991473, 'spread_mean_10s': 0.1499999999996362, 'depth_imb_k_mean_10s': -0.15904893661404457, 'depth_imb_k_mean_60s': -0.1502838543595899, 'dist_vwap_bps': None, 'hl_range_pct': None, 'oc_change_pct': None, 'volume_rel_20': None, 'atr_pct': None, 'position_in_range': None, 'rsi': None, 'bb_position': None, 'ret_3': None, 'ret_10': None, 'session_bucket': 2.0}"
2026-04-06|CRCL|2026-04-06T12:47:00-04:00|short|12,2026-04-06,CRCL,2026-04-06T12:47:00-04:00,short,12,0.3926279544830322,True,next_bar_open_if_replayed,"{'pressure_k': 0.0, 'spread': 0.06999999999999318, 'depth_imb_k': -0.2703939122414713, 'micro_off': -0.011666666666670267, 'spread_mean_10s': 0.08818181818192401, 'depth_imb_k_mean_10s': -0.24256385682042492, 'depth_imb_k_mean_60s': -0.19919474076600074, 'dist_vwap_bps': None, 'hl_range_pct': None, 'oc_change_pct': None, 'volume_rel_20': None, 'atr_pct': None, 'position_in_range': None, 'rsi': None, 'bb_position': None, 'ret_3': None, 'ret_10': None, 'session_bucket': 2.0}"
2026-04-06|CRCL|2026-04-06T12:48:00-04:00|short|12,2026-04-06,CRCL,2026-04-06T12:48:00-04:00,short,12,0.41874825954437256,True,next_bar_open_if_replayed,"{'pressure_k': 0.0, 'spread': 0.15000000000000568, 'depth_imb_k': 0.17475072427705596, 'micro_off': -0.037499999999994316, 'spread_mean_10s': 0.1534999999997126, 'depth_imb_k_mean_10s': 0.2013466348292468, 'depth_imb_k_mean_60s': 0.2517427484282703, 'dist_vwap_bps': None, 'hl_range_pct': None, 'oc_change_pct': None, 'volume_rel_20': None, 'atr_pct': None, 'position_in_range': None, 'rsi': None, 'bb_position': None, 'ret_3': None, 'ret_10': None, 'session_bucket': 2.0}"
2026-04-06|CRCL|2026-04-06T12:49:00-04:00|short|3,2026-04-06,CRCL,2026-04-06T12:49:00-04:00,short,3,0.4324452877044678,True,next_bar_open_if_replayed,"{'pressure_k': 0.0, 'spread': 0.15000000000000568, 'depth_imb_k': 0.14762162701757084, 'micro_off': 0.015000000000000568, 'spread_mean_10s': 0.1519512195118739, 'depth_imb_k_mean_10s': 0.1889041566929203, 'depth_imb_k_mean_60s': 0.2900799579049505, 'dist_vwap_bps': None, 'hl_range_pct': None, 'oc_change_pct': None, 'volume_rel_20': None, 'atr_pct': None, 'position_in_range': None, 'rsi': None, 'bb_position': None, 'ret_3': None, 'ret_10': None, 'session_bucket': 2.0}"
2026-04-06|CRCL|2026-04-06T12:50:00-04:00|short|12,2026-04-06,CRCL,2026-04-06T12:50:00-04:00,short,12,0.44265463948249817,True,next_bar_open_if_replayed,"{'pressure_k': 0.0, 'spread': 0.12000000000000455, 'depth_imb_k': -0.03365988280841268, 'micro_off': 0.01999999999999602, 'spread_mean_10s': 0.12000000000080036, 'depth_imb_k_mean_10s': -0.02259217030666605, 'depth_imb_k_mean_60s': 0.028690312722592554, 'dist_vwap_bps': None, 'hl_range_pct': None, 'oc_change_pct': None, 'volume_rel_20': None, 'atr_pct': None, 'position_in_range': None, 'rsi': None, 'bb_position': None, 'ret_3': None, 'ret_10': None, 'session_bucket': 2.0}"
2026-04-06|CRCL|2026-04-06T12:51:00-04:00|short|12,2026-04-06,CRCL,2026-04-06T12:51:00-04:00,short,12,0.5037485361099243,True,next_bar_open_if_replayed,"{'pressure_k': 0.0, 'spread': 0.04000000000000625, 'depth_imb_k': -0.07140562893965552, 'micro_off': 0.013333333333335418, 'spread_mean_10s': 0.04675000000061118, 'depth_imb_k_mean_10s': -0.057755633568433495, 'depth_imb_k_mean_60s': 0.04275655592950955, 'dist_vwap_bps': None, 'hl_range_pct': None, 'oc_change_pct': None, 'volume_rel_20': None, 'atr_pct': None, 'position_in_range': None, 'rsi': None, 'bb_position': None, 'ret_3': None, 'ret_10': None, 'session_bucket': 2.0}"
2026-04-06|CRCL|2026-04-06T12:52:00-04:00|short|12,2026-04-06,CRCL,2026-04-06T12:52:00-04:00,short,12,0.5212019085884094,True,next_bar_open_if_replayed,"{'pressure_k': 0.0, 'spread': 0.1799999999999926, 'depth_imb_k': -0.20294499451525908, 'micro_off': 0.030000000000015348, 'spread_mean_10s': 0.18066666666697226, 'depth_imb_k_mean_10s': -0.19934353545268096, 'depth_imb_k_mean_60s': -0.07919075196250394, 'dist_vwap_bps': None, 'hl_range_pct': None, 'oc_change_pct': None, 'volume_rel_20': None, 'atr_pct': None, 'position_in_range': None, 'rsi': None, 'bb_position': None, 'ret_3': None, 'ret_10': None, 'session_bucket': 2.0}"
2026-04-06|CRCL|2026-04-06T12:53:00-04:00|short|12,2026-04-06,CRCL,2026-04-06T12:53:00-04:00,short,12,0.48912447690963745,True,next_bar_open_if_replayed,"{'pressure_k': 0.0, 'spread': 0.12999999999999545, 'depth_imb_k': -0.16897406281888827, 'micro_off': 0.03249999999999886, 'spread_mean_10s': 0.15899999999983266, 'depth_imb_k_mean_10s': -0.29879818528100943, 'depth_imb_k_mean_60s': -0.23727525960749177, 'dist_vwap_bps': None, 'hl_range_pct': None, 'oc_change_pct': None, 'volume_rel_20': None, 'atr_pct': None, 'position_in_range': None, 'rsi': None, 'bb_position': None, 'ret_3': None, 'ret_10': None, 'session_bucket': 2.0}"
2026-04-06|CRCL|2026-04-06T12:54:00-04:00|short|12,2026-04-06,CRCL,2026-04-06T12:54:00-04:00,short,12,0.5039946436882019,True,next_bar_open_if_replayed,"{'pressure_k': 0.0, 'spread': 0.18000000000000682, 'depth_imb_k': -0.2708774436919779, 'micro_off': -0.030000000000001137, 'spread_mean_10s': 0.17425000000016552, 'depth_imb_k_mean_10s': -0.2387909866172322, 'depth_imb_k_mean_60s': -0.2300905451231775, 'dist_vwap_bps': None, 'hl_range_pct': None, 'oc_change_pct': None, 'volume_rel_20': None, 'atr_pct': None, 'position_in_range': None, 'rsi': None, 'bb_position': None, 'ret_3': None, 'ret_10': None, 'session_bucket': 2.0}"
2026-04-06|CRCL|2026-04-06T12:55:00-04:00|short|12,2026-04-06,CRCL,2026-04-06T12:55:00-04:00,short,12,0.4053105115890503,True,next_bar_open_if_replayed,"{'pressure_k': 0.0, 'spread': 0.04999999999999716, 'depth_imb_k': -0.0634222289851429, 'micro_off': -0.020454545454555273, 'spread_mean_10s': 0.09599999999963985, 'depth_imb_k_mean_10s': -0.2100700717671316, 'depth_imb_k_mean_60s': -0.21468383779966432, 'dist_vwap_bps': None, 'hl_range_pct': None, 'oc_change_pct': None, 'volume_rel_20': None, 'atr_pct': None, 'position_in_range': None, 'rsi': None, 'bb_position': None, 'ret_3': None, 'ret_10': None, 'session_bucket': 2.0}"
2026-04-06|CRCL|2026-04-06T12:56:00-04:00|short|3,2026-04-06,CRCL,2026-04-06T12:56:00-04:00,short,3,0.4140864610671997,True,next_bar_open_if_replayed,"{'pressure_k': 0.0, 'spread': 0.15000000000000568, 'depth_imb_k': 0.40907480143699565, 'micro_off': 0.037499999999994316, 'spread_mean_10s': 0.15099999999965802, 'depth_imb_k_mean_10s': 0.38146437403187294, 'depth_imb_k_mean_60s': 0.24938326753787438, 'dist_vwap_bps': None, 'hl_range_pct': None, 'oc_change_pct': None, 'volume_rel_20': None, 'atr_pct': None, 'position_in_range': None, 'rsi': None, 'bb_position': None, 'ret_3': None, 'ret_10': None, 'session_bucket': 2.0}"
2026-04-06|CRCL|2026-04-06T12:57:00-04:00|short|3,2026-04-06,CRCL,2026-04-06T12:57:00-04:00,short,3,0.46317556500434875,True,next_bar_open_if_replayed,"{'pressure_k': 0.0, 'spread': 0.14000000000000057, 'depth_imb_k': 0.13936177955392057, 'micro_off': 0.029999999999986926, 'spread_mean_10s': 0.1321951219506889, 'depth_imb_k_mean_10s': 0.13852957675614405, 'depth_imb_k_mean_60s': 0.1661859085150733, 'dist_vwap_bps': None, 'hl_range_pct': None, 'oc_change_pct': None, 'volume_rel_20': None, 'atr_pct': None, 'position_in_range': None, 'rsi': None, 'bb_position': None, 'ret_3': None, 'ret_10': None, 'session_bucket': 2.0}"
2026-04-06|CRCL|2026-04-06T12:58:00-04:00|short|3,2026-04-06,CRCL,2026-04-06T12:58:00-04:00,short,3,0.4559081494808197,True,next_bar_open_if_replayed,"{'pressure_k': 0.0, 'spread': 0.14000000000000057, 'depth_imb_k': 0.01763364452431961, 'micro_off': 0.023333333333340533, 'spread_mean_10s': 0.10850000000018553, 'depth_imb_k_mean_10s': 0.13812203394828657, 'depth_imb_k_mean_60s': 0.2914911328654166, 'dist_vwap_bps': None, 'hl_range_pct': None, 'oc_change_pct': None, 'volume_rel_20': None, 'atr_pct': None, 'position_in_range': None, 'rsi': None, 'bb_position': None, 'ret_3': None, 'ret_10': None, 'session_bucket': 2.0}"
2026-04-06|CRCL|2026-04-06T12:59:00-04:00|short|12,2026-04-06,CRCL,2026-04-06T12:59:00-04:00,short,12,0.4328311085700989,True,next_bar_open_if_replayed,"{'pressure_k': 0.0, 'spread': 0.09999999999999432, 'depth_imb_k': -0.1751942262551761, 'micro_off': -0.01666666666666572, 'spread_mean_10s': 0.1000000000003638, 'depth_imb_k_mean_10s': -0.1599977476641925, 'depth_imb_k_mean_60s': 0.015596815293301454, 'dist_vwap_bps': None, 'hl_range_pct': None, 'oc_change_pct': None, 'volume_rel_20': None, 'atr_pct': None, 'position_in_range': None, 'rsi': None, 'bb_position': None, 'ret_3': None, 'ret_10': None, 'session_bucket': 2.0}"
2026-04-06|CRCL|2026-04-06T13:00:00-04:00|short|12,2026-04-06,CRCL,2026-04-06T13:00:00-04:00,short,12,0.4337286949157715,True,next_bar_open_if_replayed,"{'pressure_k': 0.0, 'spread': 0.12000000000000455, 'depth_imb_k': 0.2679068807812661, 'micro_off': -0.030000000000001137, 'spread_mean_10s': 0.12100000000073123, 'depth_imb_k_mean_10s': 0.027366022036108006, 'depth_imb_k_mean_60s': -0.08753977655007743, 'dist_vwap_bps': None, 'hl_range_pct': None, 'oc_change_pct': None, 'volume_rel_20': None, 'atr_pct': None, 'position_in_range': None, 'rsi': None, 'bb_position': None, 'ret_3': None, 'ret_10': None, 'session_bucket': 2.0}"
2026-04-06|CRCL|2026-04-06T13:01:00-04:00|short|3,2026-04-06,CRCL,2026-04-06T13:01:00-04:00,short,3,0.3866771459579468,True,next_bar_open_if_replayed,"{'pressure_k': 0.0, 'spread': 0.09999999999999432, 'depth_imb_k': 0.3312628442974835, 'micro_off': -0.01666666666666572, 'spread_mean_10s': 0.14800000000032015, 'depth_imb_k_mean_10s': 0.09080241323410973, 'depth_imb_k_mean_60s': 0.10735948724090183, 'dist_vwap_bps': None, 'hl_range_pct': None, 'oc_change_pct': None, 'volume_rel_20': None, 'atr_pct': None, 'position_in_range': None, 'rsi': None, 'bb_position': None, 'ret_3': None, 'ret_10': None, 'session_bucket': 2.0}"
2026-04-06|CRCL|2026-04-06T13:02:00-04:00|short|5,2026-04-06,CRCL,2026-04-06T13:02:00-04:00,short,5,0.4080086052417755,True,next_bar_open_if_replayed,"{'pressure_k': 0.0, 'spread': 0.10999999999999943, 'depth_imb_k': -0.07666089895778842, 'micro_off': 0.013750000000001705, 'spread_mean_10s': 0.12625000000030012, 'depth_imb_k_mean_10s': -0.08824903226627612, 'depth_imb_k_mean_60s': -0.03640514108712492, 'dist_vwap_bps': None, 'hl_range_pct': None, 'oc_change_pct': None, 'volume_rel_20': None, 'atr_pct': None, 'position_in_range': None, 'rsi': None, 'bb_position': None, 'ret_3': None, 'ret_10': None, 'session_bucket': 2.0}"
2026-04-06|CRCL|2026-04-06T13:03:00-04:00|short|12,2026-04-06,CRCL,2026-04-06T13:03:00-04:00,short,12,0.4080108404159546,True,next_bar_open_if_replayed,"{'pressure_k': 0.0, 'spread': 0.09999999999999432, 'depth_imb_k': 0.40755977383474706, 'micro_off': -0.01666666666666572, 'spread_mean_10s': 0.1000000000003638, 'depth_imb_k_mean_10s': 0.2745434378282367, 'depth_imb_k_mean_60s': 0.062068830386167256, 'dist_vwap_bps': None, 'hl_range_pct': None, 'oc_change_pct': None, 'volume_rel_20': None, 'atr_pct': None, 'position_in_range': None, 'rsi': None, 'bb_position': None, 'ret_3': None, 'ret_10': None, 'session_bucket': 2.0}"
2026-04-06|CRCL|2026-04-06T13:04:00-04:00|short|12,2026-04-06,CRCL,2026-04-06T13:04:00-04:00,short,12,0.4156270921230316,True,next_bar_open_if_replayed,"{'pressure_k': 0.0, 'spread': 0.09999999999999432, 'depth_imb_k': 0.1880572611569859, 'micro_off': -0.01666666666666572, 'spread_mean_10s': 0.10744680851116464, 'depth_imb_k_mean_10s': 0.19631503685345608, 'depth_imb_k_mean_60s': 0.23453634339566254, 'dist_vwap_bps': None, 'hl_range_pct': None, 'oc_change_pct': None, 'volume_rel_20': None, 'atr_pct': None, 'position_in_range': None, 'rsi': None, 'bb_position': None, 'ret_3': None, 'ret_10': None, 'session_bucket': 2.0}"
2026-04-06|CRCL|2026-04-06T13:05:00-04:00|long|8,2026-04-06,CRCL,2026-04-06T13:05:00-04:00,long,8,0.4002515375614166,True,next_bar_open_if_replayed,"{'pressure_k': 0.0, 'spread': 0.14000000000000057, 'depth_imb_k': 0.16555659979024503, 'micro_off': -0.023333333333340533, 'spread_mean_10s': 0.13999999999941792, 'depth_imb_k_mean_10s': 0.23477080928296346, 'depth_imb_k_mean_60s': 0.30440518090504365, 'dist_vwap_bps': None, 'hl_range_pct': None, 'oc_change_pct': None, 'volume_rel_20': None, 'atr_pct': None, 'position_in_range': None, 'rsi': None, 'bb_position': None, 'ret_3': None, 'ret_10': None, 'session_bucket': 2.0}"
2026-04-06|CRCL|2026-04-06T13:06:00-04:00|short|12,2026-04-06,CRCL,2026-04-06T13:06:00-04:00,short,12,0.39782169461250305,True,next_bar_open_if_replayed,"{'pressure_k': 0.0, 'spread': 0.10999999999999943, 'depth_imb_k': 0.5428423643904635, 'micro_off': 0.0, 'spread_mean_10s': 0.11000000000058208, 'depth_imb_k_mean_10s': 0.503577809822275, 'depth_imb_k_mean_60s': 0.395236208104288, 'dist_vwap_bps': None, 'hl_range_pct': None, 'oc_change_pct': None, 'volume_rel_20': None, 'atr_pct': None, 'position_in_range': None, 'rsi': None, 'bb_position': None, 'ret_3': None, 'ret_10': None, 'session_bucket': 2.0}"
2026-04-06|CRCL|2026-04-06T13:07:00-04:00|long|8,2026-04-06,CRCL,2026-04-06T13:07:00-04:00,long,8,0.3997235596179962,True,next_bar_open_if_replayed,"{'pressure_k': 0.0, 'spread': 0.15000000000000568, 'depth_imb_k': 0.2753165611715263, 'micro_off': 0.0, 'spread_mean_10s': 0.15999999999985448, 'depth_imb_k_mean_10s': 0.27283587999049813, 'depth_imb_k_mean_60s': 0.38055627097002237, 'dist_vwap_bps': None, 'hl_range_pct': None, 'oc_change_pct': None, 'volume_rel_20': None, 'atr_pct': None, 'position_in_range': None, 'rsi': None, 'bb_position': None, 'ret_3': None, 'ret_10': None, 'session_bucket': 2.0}"
2026-04-06|CRCL|2026-04-06T13:08:00-04:00|short|12,2026-04-06,CRCL,2026-04-06T13:08:00-04:00,short,12,0.48605605959892273,True,next_bar_open_if_replayed,"{'pressure_k': 0.0, 'spread': 0.0799999999999983, 'depth_imb_k': 0.0518288820381643, 'micro_off': 0.0, 'spread_mean_10s': 0.12205128205086788, 'depth_imb_k_mean_10s': -0.0874014106976714, 'depth_imb_k_mean_60s': 0.2110346558461041, 'dist_vwap_bps': None, 'hl_range_pct': None, 'oc_change_pct': None, 'volume_rel_20': None, 'atr_pct': None, 'position_in_range': None, 'rsi': None, 'bb_position': None, 'ret_3': None, 'ret_10': None, 'session_bucket': 2.0}"
2026-04-06|CRCL|2026-04-06T13:09:00-04:00|short|12,2026-04-06,CRCL,2026-04-06T13:09:00-04:00,short,12,0.4416287839412689,True,next_bar_open_if_replayed,"{'pressure_k': 0.0, 'spread': 0.05999999999998806, 'depth_imb_k': 0.40634503510035214, 'micro_off': 0.009999999999990905, 'spread_mean_10s': 0.1075000000005275, 'depth_imb_k_mean_10s': 0.4048229307163183, 'depth_imb_k_mean_60s': 0.1720093590332263, 'dist_vwap_bps': None, 'hl_range_pct': None, 'oc_change_pct': None, 'volume_rel_20': None, 'atr_pct': None, 'position_in_range': None, 'rsi': None, 'bb_position': None, 'ret_3': None, 'ret_10': None, 'session_bucket': 2.0}"
2026-04-06|CRCL|2026-04-06T13:10:00-04:00|short|12,2026-04-06,CRCL,2026-04-06T13:10:00-04:00,short,12,0.41090962290763855,True,next_bar_open_if_replayed,"{'pressure_k': 0.0, 'spread': 0.13000000000000966, 'depth_imb_k': 0.5226524322035622, 'micro_off': 0.021666666666675383, 'spread_mean_10s': 0.09333333333275871, 'depth_imb_k_mean_10s': 0.5043628522905167, 'depth_imb_k_mean_60s': 0.3981203793828517, 'dist_vwap_bps': None, 'hl_range_pct': None, 'oc_change_pct': None, 'volume_rel_20': None, 'atr_pct': None, 'position_in_range': None, 'rsi': None, 'bb_position': None, 'ret_3': None, 'ret_10': None, 'session_bucket': 2.0}"
2026-04-06|CRCL|2026-04-06T13:11:00-04:00|short|12,2026-04-06,CRCL,2026-04-06T13:11:00-04:00,short,12,0.402776837348938,True,next_bar_open_if_replayed,"{'pressure_k': 0.0, 'spread': 0.14999999999999147, 'depth_imb_k': 0.41922023057777386, 'micro_off': 0.0, 'spread_mean_10s': 0.15277777777747462, 'depth_imb_k_mean_10s': 0.41708996022996164, 'depth_imb_k_mean_60s': 0.45143280517788753, 'dist_vwap_bps': None, 'hl_range_pct': None, 'oc_change_pct': None, 'volume_rel_20': None, 'atr_pct': None, 'position_in_range': None, 'rsi': None, 'bb_position': None, 'ret_3': None, 'ret_10': None, 'session_bucket': 2.0}"
2026-04-06|CRCL|2026-04-06T13:12:00-04:00|short|12,2026-04-06,CRCL,2026-04-06T13:12:00-04:00,short,12,0.4545780122280121,True,next_bar_open_if_replayed,"{'pressure_k': 0.0, 'spread': 0.09999999999999432, 'depth_imb_k': 0.4580233605528566, 'micro_off': 0.040909090909096335, 'spread_mean_10s': 0.07974358974365131, 'depth_imb_k_mean_10s': 0.54827105295388, 'depth_imb_k_mean_60s': 0.4913472171222296, 'dist_vwap_bps': None, 'hl_range_pct': None, 'oc_change_pct': None, 'volume_rel_20': None, 'atr_pct': None, 'position_in_range': None, 'rsi': None, 'bb_position': None, 'ret_3': None, 'ret_10': None, 'session_bucket': 2.0}"
2026-04-06|CRCL|2026-04-06T13:13:00-04:00|short|8,2026-04-06,CRCL,2026-04-06T13:13:00-04:00,short,8,0.4557662606239319,True,next_bar_open_if_replayed,"{'pressure_k': 0.0, 'spread': 0.12000000000000455, 'depth_imb_k': 0.7787141518135964, 'micro_off': -0.030000000000001137, 'spread_mean_10s': 0.12435897435907697, 'depth_imb_k_mean_10s': 0.7794370588912665, 'depth_imb_k_mean_60s': 0.4356022087086656, 'dist_vwap_bps': None, 'hl_range_pct': None, 'oc_change_pct': None, 'volume_rel_20': None, 'atr_pct': None, 'position_in_range': None, 'rsi': None, 'bb_position': None, 'ret_3': None, 'ret_10': None, 'session_bucket': 2.0}"
2026-04-06|CRCL|2026-04-06T13:14:00-04:00|short|8,2026-04-06,CRCL,2026-04-06T13:14:00-04:00,short,8,0.4907875061035156,True,next_bar_open_if_replayed,"{'pressure_k': 0.0, 'spread': 0.10999999999999943, 'depth_imb_k': 0.7348098648006903, 'micro_off': -0.01833333333333087, 'spread_mean_10s': 0.11000000000058208, 'depth_imb_k_mean_10s': 0.7585338984777706, 'depth_imb_k_mean_60s': 0.5305515735132037, 'dist_vwap_bps': None, 'hl_range_pct': None, 'oc_change_pct': None, 'volume_rel_20': None, 'atr_pct': None, 'position_in_range': None, 'rsi': None, 'bb_position': None, 'ret_3': None, 'ret_10': None, 'session_bucket': 2.0}"
2026-04-06|CRCL|2026-04-06T13:15:00-04:00|short|3,2026-04-06,CRCL,2026-04-06T13:15:00-04:00,short,3,0.4529191553592682,True,next_bar_open_if_replayed,"{'pressure_k': 0.0, 'spread': 0.1700000000000017, 'depth_imb_k': 0.8173893069752789, 'micro_off': 0.04250000000000398, 'spread_mean_10s': 0.17538461538480568, 'depth_imb_k_mean_10s': 0.8056121735328011, 'depth_imb_k_mean_60s': 0.7873218802484412, 'dist_vwap_bps': None, 'hl_range_pct': None, 'oc_change_pct': None, 'volume_rel_20': None, 'atr_pct': None, 'position_in_range': None, 'rsi': None, 'bb_position': None, 'ret_3': None, 'ret_10': None, 'session_bucket': 2.0}"
2026-04-06|CRCL|2026-04-06T13:16:00-04:00|short|8,2026-04-06,CRCL,2026-04-06T13:16:00-04:00,short,8,0.4968404173851013,True,next_bar_open_if_replayed,"{'pressure_k': 0.0, 'spread': 0.1599999999999966, 'depth_imb_k': 0.580264843720071, 'micro_off': 0.026666666666670835, 'spread_mean_10s': 0.16547945205471878, 'depth_imb_k_mean_10s': 0.6562684009296945, 'depth_imb_k_mean_60s': 0.7328597662217309, 'dist_vwap_bps': None, 'hl_range_pct': None, 'oc_change_pct': None, 'volume_rel_20': None, 'atr_pct': None, 'position_in_range': None, 'rsi': None, 'bb_position': None, 'ret_3': None, 'ret_10': None, 'session_bucket': 2.0}"
2026-04-06|CRCL|2026-04-06T13:17:00-04:00|short|12,2026-04-06,CRCL,2026-04-06T13:17:00-04:00,short,12,0.5634627938270569,True,next_bar_open_if_replayed,"{'pressure_k': 0.0, 'spread': 0.11999999999999034, 'depth_imb_k': 0.7351467126881339, 'micro_off': -0.029999999999986926, 'spread_mean_10s': 0.14499999999987687, 'depth_imb_k_mean_10s': 0.7641124515595703, 'depth_imb_k_mean_60s': 0.6745771064379307, 'dist_vwap_bps': None, 'hl_range_pct': None, 'oc_change_pct': None, 'volume_rel_20': None, 'atr_pct': None, 'position_in_range': None, 'rsi': None, 'bb_position': None, 'ret_3': None, 'ret_10': None, 'session_bucket': 2.0}"
2026-04-06|CRCL|2026-04-06T13:18:00-04:00|short|8,2026-04-06,CRCL,2026-04-06T13:18:00-04:00,short,8,0.5439456105232239,True,next_bar_open_if_replayed,"{'pressure_k': 0.0, 'spread': 0.14000000000000057, 'depth_imb_k': 0.6681225322805607, 'micro_off': 0.023333333333326323, 'spread_mean_10s': 0.1582499999998163, 'depth_imb_k_mean_10s': 0.666252333439013, 'depth_imb_k_mean_60s': 0.7123647606685132, 'dist_vwap_bps': None, 'hl_range_pct': None, 'oc_change_pct': None, 'volume_rel_20': None, 'atr_pct': None, 'position_in_range': None, 'rsi': None, 'bb_position': None, 'ret_3': None, 'ret_10': None, 'session_bucket': 2.0}"
2026-04-06|CRCL|2026-04-06T13:19:00-04:00|short|12,2026-04-06,CRCL,2026-04-06T13:19:00-04:00,short,12,0.5573117136955261,True,next_bar_open_if_replayed,"{'pressure_k': 0.0, 'spread': 0.04999999999999716, 'depth_imb_k': 0.6508925732975521, 'micro_off': 1.4210854715202004e-14, 'spread_mean_10s': 0.07124999999973625, 'depth_imb_k_mean_10s': 0.641072859323117, 'depth_imb_k_mean_60s': 0.6502754705576675, 'dist_vwap_bps': None, 'hl_range_pct': None, 'oc_change_pct': None, 'volume_rel_20': None, 'atr_pct': None, 'position_in_range': None, 'rsi': None, 'bb_position': None, 'ret_3': None, 'ret_10': None, 'session_bucket': 2.0}"
2026-04-06|CRCL|2026-04-06T13:20:00-04:00|short|12,2026-04-06,CRCL,2026-04-06T13:20:00-04:00,short,12,0.5459811091423035,True,next_bar_open_if_replayed,"{'pressure_k': 0.0, 'spread': 0.14999999999999147, 'depth_imb_k': 0.6319892982268326, 'micro_off': -0.024999999999991473, 'spread_mean_10s': 0.14600000000000363, 'depth_imb_k_mean_10s': 0.611746320607017, 'depth_imb_k_mean_60s': 0.6210912018853513, 'dist_vwap_bps': None, 'hl_range_pct': None, 'oc_change_pct': None, 'volume_rel_20': None, 'atr_pct': None, 'position_in_range': None, 'rsi': None, 'bb_position': None, 'ret_3': None, 'ret_10': None, 'session_bucket': 2.0}"
2026-04-06|CRCL|2026-04-06T13:21:00-04:00|short|12,2026-04-06,CRCL,2026-04-06T13:21:00-04:00,short,12,0.5601764917373657,True,next_bar_open_if_replayed,"{'pressure_k': 0.0, 'spread': 0.14000000000000057, 'depth_imb_k': 0.5421015612566037, 'micro_off': 0.023333333333340533, 'spread_mean_10s': 0.11282051282045685, 'depth_imb_k_mean_10s': 0.5626338773299372, 'depth_imb_k_mean_60s': 0.6152681410315346, 'dist_vwap_bps': None, 'hl_range_pct': None, 'oc_change_pct': None, 'volume_rel_20': None, 'atr_pct': None, 'position_in_range': None, 'rsi': None, 'bb_position': None, 'ret_3': None, 'ret_10': None, 'session_bucket': 2.0}"
2026-04-06|CRCL|2026-04-06T13:22:00-04:00|short|12,2026-04-06,CRCL,2026-04-06T13:22:00-04:00,short,12,0.5051528215408325,True,next_bar_open_if_replayed,"{'pressure_k': 0.0, 'spread': 0.14999999999999147, 'depth_imb_k': 0.29895644335556043, 'micro_off': 0.0, 'spread_mean_10s': 0.1469230769227859, 'depth_imb_k_mean_10s': 0.3159040607018707, 'depth_imb_k_mean_60s': 0.27845701541696194, 'dist_vwap_bps': None, 'hl_range_pct': None, 'oc_change_pct': None, 'volume_rel_20': None, 'atr_pct': None, 'position_in_range': None, 'rsi': None, 'bb_position': None, 'ret_3': None, 'ret_10': None, 'session_bucket': 2.0}"
2026-04-06|CRCL|2026-04-06T13:23:00-04:00|short|12,2026-04-06,CRCL,2026-04-06T13:23:00-04:00,short,12,0.39609771966934204,True,next_bar_open_if_replayed,"{'pressure_k': 0.0, 'spread': 0.20000000000000284, 'depth_imb_k': 0.07042690181734122, 'micro_off': 0.0714285714285694, 'spread_mean_10s': 0.2469999999997526, 'depth_imb_k_mean_10s': 0.05788603257540785, 'depth_imb_k_mean_60s': 0.10540917177146147, 'dist_vwap_bps': None, 'hl_range_pct': None, 'oc_change_pct': None, 'volume_rel_20': None, 'atr_pct': None, 'position_in_range': None, 'rsi': None, 'bb_position': None, 'ret_3': None, 'ret_10': None, 'session_bucket': 2.0}"
2026-04-06|CRCL|2026-04-06T13:24:00-04:00|short|12,2026-04-06,CRCL,2026-04-06T13:24:00-04:00,short,12,0.4587746262550354,True,next_bar_open_if_replayed,"{'pressure_k': 0.0, 'spread': 0.12999999999999545, 'depth_imb_k': -0.19575890943385443, 'micro_off': -0.021666666666675383, 'spread_mean_10s': 0.13049999999921055, 'depth_imb_k_mean_10s': -0.18536753819273882, 'depth_imb_k_mean_60s': -0.08143723743201024, 'dist_vwap_bps': None, 'hl_range_pct': None, 'oc_change_pct': None, 'volume_rel_20': None, 'atr_pct': None, 'position_in_range': None, 'rsi': None, 'bb_position': None, 'ret_3': None, 'ret_10': None, 'session_bucket': 2.0}"
2026-04-06|CRCL|2026-04-06T13:25:00-04:00|short|3,2026-04-06,CRCL,2026-04-06T13:25:00-04:00,short,3,0.4270755648612976,True,next_bar_open_if_replayed,"{'pressure_k': 0.0, 'spread': 0.14000000000000057, 'depth_imb_k': 0.41522134134380084, 'micro_off': 0.030000000000001137, 'spread_mean_10s': 0.1687179487179935, 'depth_imb_k_mean_10s': 0.33641335530767674, 'depth_imb_k_mean_60s': 0.02972522394793584, 'dist_vwap_bps': None, 'hl_range_pct': None, 'oc_change_pct': None, 'volume_rel_20': None, 'atr_pct': None, 'position_in_range': None, 'rsi': None, 'bb_position': None, 'ret_3': None, 'ret_10': None, 'session_bucket': 2.0}"
2026-04-06|CRCL|2026-04-06T13:26:00-04:00|short|3,2026-04-06,CRCL,2026-04-06T13:26:00-04:00,short,3,0.4403935670852661,True,next_bar_open_if_replayed,"{'pressure_k': 0.0, 'spread': 0.10999999999999943, 'depth_imb_k': 0.38512671375155794, 'micro_off': 0.045000000000001705, 'spread_mean_10s': 0.11350000000056752, 'depth_imb_k_mean_10s': 0.3761165115657235, 'depth_imb_k_mean_60s': 0.37625899644996497, 'dist_vwap_bps': None, 'hl_range_pct': None, 'oc_change_pct': None, 'volume_rel_20': None, 'atr_pct': None, 'position_in_range': None, 'rsi': None, 'bb_position': None, 'ret_3': None, 'ret_10': None, 'session_bucket': 2.0}"
2026-04-06|CRCL|2026-04-06T13:27:00-04:00|short|12,2026-04-06,CRCL,2026-04-06T13:27:00-04:00,short,12,0.4490857422351837,True,next_bar_open_if_replayed,"{'pressure_k': 0.0, 'spread': 0.07000000000000739, 'depth_imb_k': 0.28810894239641827, 'micro_off': 0.024500000000003297, 'spread_mean_10s': 0.06999999999970896, 'depth_imb_k_mean_10s': 0.39011465698434333, 'depth_imb_k_mean_60s': 0.426331792449893, 'dist_vwap_bps': None, 'hl_range_pct': None, 'oc_change_pct': None, 'volume_rel_20': None, 'atr_pct': None, 'position_in_range': None, 'rsi': None, 'bb_position': None, 'ret_3': None, 'ret_10': None, 'session_bucket': 2.0}"
2026-04-06|CRCL|2026-04-06T13:28:00-04:00|short|12,2026-04-06,CRCL,2026-04-06T13:28:00-04:00,short,12,0.4012053906917572,True,next_bar_open_if_replayed,"{'pressure_k': 0.0, 'spread': 0.18999999999999773, 'depth_imb_k': 0.26262562072753354, 'micro_off': -0.03166666666666629, 'spread_mean_10s': 0.12175000000024738, 'depth_imb_k_mean_10s': 0.3134317187676018, 'depth_imb_k_mean_60s': 0.3344707708687845, 'dist_vwap_bps': None, 'hl_range_pct': None, 'oc_change_pct': None, 'volume_rel_20': None, 'atr_pct': None, 'position_in_range': None, 'rsi': None, 'bb_position': None, 'ret_3': None, 'ret_10': None, 'session_bucket': 2.0}"
2026-04-06|CRCL|2026-04-06T13:29:00-04:00|short|12,2026-04-06,CRCL,2026-04-06T13:29:00-04:00,short,12,0.45156601071357727,True,next_bar_open_if_replayed,"{'pressure_k': 0.0, 'spread': 0.12999999999999545, 'depth_imb_k': 0.3298259105904253, 'micro_off': 0.0, 'spread_mean_10s': 0.1294999999992797, 'depth_imb_k_mean_10s': 0.3279926036626783, 'depth_imb_k_mean_60s': 0.2131061484411104, 'dist_vwap_bps': None, 'hl_range_pct': None, 'oc_change_pct': None, 'volume_rel_20': None, 'atr_pct': None, 'position_in_range': None, 'rsi': None, 'bb_position': None, 'ret_3': None, 'ret_10': None, 'session_bucket': 2.0}"
2026-04-06|CRCL|2026-04-06T13:30:00-04:00|short|12,2026-04-06,CRCL,2026-04-06T13:30:00-04:00,short,12,0.4453579783439636,True,next_bar_open_if_replayed,"{'pressure_k': 0.0, 'spread': 0.09000000000000341, 'depth_imb_k': 0.47935975763696037, 'micro_off': 0.033749999999997726, 'spread_mean_10s': 0.1000000000003638, 'depth_imb_k_mean_10s': 0.42432239970304264, 'depth_imb_k_mean_60s': 0.32634675438306165, 'dist_vwap_bps': None, 'hl_range_pct': None, 'oc_change_pct': None, 'volume_rel_20': None, 'atr_pct': None, 'position_in_range': None, 'rsi': None, 'bb_position': None, 'ret_3': None, 'ret_10': None, 'session_bucket': 2.0}"
2026-04-06|CRCL|2026-04-06T13:31:00-04:00|short|12,2026-04-06,CRCL,2026-04-06T13:31:00-04:00,short,12,0.4713878035545349,True,next_bar_open_if_replayed,"{'pressure_k': 0.0, 'spread': 0.14999999999999147, 'depth_imb_k': -0.0984464795137884, 'micro_off': 0.0, 'spread_mean_10s': 0.16806451612882806, 'depth_imb_k_mean_10s': 0.02409884145254686, 'depth_imb_k_mean_60s': 0.2576119404865757, 'dist_vwap_bps': None, 'hl_range_pct': None, 'oc_change_pct': None, 'volume_rel_20': None, 'atr_pct': None, 'position_in_range': None, 'rsi': None, 'bb_position': None, 'ret_3': None, 'ret_10': None, 'session_bucket': 2.0}"
2026-04-06|CRCL|2026-04-06T13:32:00-04:00|short|12,2026-04-06,CRCL,2026-04-06T13:32:00-04:00,short,12,0.4588022530078888,True,next_bar_open_if_replayed,"{'pressure_k': 0.0, 'spread': 0.19999999999998863, 'depth_imb_k': 0.055430124474964426, 'micro_off': -0.03333333333333144, 'spread_mean_10s': 0.2000000000007276, 'depth_imb_k_mean_10s': -0.08359607310478338, 'depth_imb_k_mean_60s': -0.08254099646497466, 'dist_vwap_bps': None, 'hl_range_pct': None, 'oc_change_pct': None, 'volume_rel_20': None, 'atr_pct': None, 'position_in_range': None, 'rsi': None, 'bb_position': None, 'ret_3': None, 'ret_10': None, 'session_bucket': 2.0}"
2026-04-06|CRCL|2026-04-06T13:33:00-04:00|short|12,2026-04-06,CRCL,2026-04-06T13:33:00-04:00,short,12,0.4619057774543762,True,next_bar_open_if_replayed,"{'pressure_k': 0.0, 'spread': 0.10999999999999943, 'depth_imb_k': 0.34908139702477514, 'micro_off': -1.4210854715202004e-14, 'spread_mean_10s': 0.11600000000016734, 'depth_imb_k_mean_10s': 0.22465303753028856, 'depth_imb_k_mean_60s': 0.31915562636799816, 'dist_vwap_bps': None, 'hl_range_pct': None, 'oc_change_pct': None, 'volume_rel_20': None, 'atr_pct': None, 'position_in_range': None, 'rsi': None, 'bb_position': None, 'ret_3': None, 'ret_10': None, 'session_bucket': 2.0}"
2026-04-06|CRCL|2026-04-06T13:34:00-04:00|long|8,2026-04-06,CRCL,2026-04-06T13:34:00-04:00,long,8,0.46754494309425354,True,next_bar_open_if_replayed,"{'pressure_k': 0.0, 'spread': 0.1700000000000017, 'depth_imb_k': 0.5954727632148004, 'micro_off': 0.04722222222223138, 'spread_mean_10s': 0.21349999999974897, 'depth_imb_k_mean_10s': 0.2882937757910421, 'depth_imb_k_mean_60s': 0.2566176482297048, 'dist_vwap_bps': None, 'hl_range_pct': None, 'oc_change_pct': None, 'volume_rel_20': None, 'atr_pct': None, 'position_in_range': None, 'rsi': None, 'bb_position': None, 'ret_3': None, 'ret_10': None, 'session_bucket': 2.0}"
2026-04-06|CRCL|2026-04-06T13:35:00-04:00|short|12,2026-04-06,CRCL,2026-04-06T13:35:00-04:00,short,12,0.44341546297073364,True,next_bar_open_if_replayed,"{'pressure_k': 0.0, 'spread': 0.21000000000000796, 'depth_imb_k': -0.2263337719880718, 'micro_off': 0.07874999999999943, 'spread_mean_10s': 0.17799999999988358, 'depth_imb_k_mean_10s': -0.2261740213338216, 'depth_imb_k_mean_60s': 0.0032737048908056936, 'dist_vwap_bps': None, 'hl_range_pct': None, 'oc_change_pct': None, 'volume_rel_20': None, 'atr_pct': None, 'position_in_range': None, 'rsi': None, 'bb_position': None, 'ret_3': None, 'ret_10': None, 'session_bucket': 2.0}"
2026-04-06|CRCL|2026-04-06T13:36:00-04:00|short|12,2026-04-06,CRCL,2026-04-06T13:36:00-04:00,short,12,0.4575839340686798,True,next_bar_open_if_replayed,"{'pressure_k': 0.0, 'spread': 0.10999999999999943, 'depth_imb_k': -0.06990451206462163, 'micro_off': 0.0, 'spread_mean_10s': 0.17609756097572687, 'depth_imb_k_mean_10s': -0.043482485620926624, 'depth_imb_k_mean_60s': -0.1604043843664941, 'dist_vwap_bps': None, 'hl_range_pct': None, 'oc_change_pct': None, 'volume_rel_20': None, 'atr_pct': None, 'position_in_range': None, 'rsi': None, 'bb_position': None, 'ret_3': None, 'ret_10': None, 'session_bucket': 2.0}"
2026-04-06|CRCL|2026-04-06T13:37:00-04:00|long|5,2026-04-06,CRCL,2026-04-06T13:37:00-04:00,long,5,0.36351367831230164,True,next_bar_open_if_replayed,"{'pressure_k': 0.0, 'spread': 0.14000000000000057, 'depth_imb_k': 0.6692496295298397, 'micro_off': 0.052499999999994884, 'spread_mean_10s': 0.1576923076921118, 'depth_imb_k_mean_10s': 0.6101378245479122, 'depth_imb_k_mean_60s': 0.22937238839932744, 'dist_vwap_bps': None, 'hl_range_pct': None, 'oc_change_pct': None, 'volume_rel_20': None, 'atr_pct': None, 'position_in_range': None, 'rsi': None, 'bb_position': None, 'ret_3': None, 'ret_10': None, 'session_bucket': 2.0}"
2026-04-06|CRCL|2026-04-06T13:38:00-04:00|short|8,2026-04-06,CRCL,2026-04-06T13:38:00-04:00,short,8,0.438173770904541,True,next_bar_open_if_replayed,"{'pressure_k': 0.0, 'spread': 0.14000000000000057, 'depth_imb_k': -0.002984423760919039, 'micro_off': 0.023333333333326323, 'spread_mean_10s': 0.14649999999955982, 'depth_imb_k_mean_10s': 0.4324744470652668, 'depth_imb_k_mean_60s': 0.5492115281342386, 'dist_vwap_bps': None, 'hl_range_pct': None, 'oc_change_pct': None, 'volume_rel_20': None, 'atr_pct': None, 'position_in_range': None, 'rsi': None, 'bb_position': None, 'ret_3': None, 'ret_10': None, 'session_bucket': 2.0}"
2026-04-06|CRCL|2026-04-06T13:39:00-04:00|short|12,2026-04-06,CRCL,2026-04-06T13:39:00-04:00,short,12,0.4693513512611389,True,next_bar_open_if_replayed,"{'pressure_k': 0.0, 'spread': 0.14999999999999147, 'depth_imb_k': 0.05705075442772869, 'micro_off': 0.0, 'spread_mean_10s': 0.16124999999988177, 'depth_imb_k_mean_10s': 0.24606363712162463, 'depth_imb_k_mean_60s': 0.13315978470271347, 'dist_vwap_bps': None, 'hl_range_pct': None, 'oc_change_pct': None, 'volume_rel_20': None, 'atr_pct': None, 'position_in_range': None, 'rsi': None, 'bb_position': None, 'ret_3': None, 'ret_10': None, 'session_bucket': 2.0}"
2026-04-06|CRCL|2026-04-06T13:40:00-04:00|short|12,2026-04-06,CRCL,2026-04-06T13:40:00-04:00,short,12,0.44819962978363037,True,next_bar_open_if_replayed,"{'pressure_k': 0.0, 'spread': 0.14000000000000057, 'depth_imb_k': 0.12094229443980994, 'micro_off': -1.4210854715202004e-14, 'spread_mean_10s': 0.12600000000038564, 'depth_imb_k_mean_10s': 0.5462830340722604, 'depth_imb_k_mean_60s': 0.5793484009878718, 'dist_vwap_bps': None, 'hl_range_pct': None, 'oc_change_pct': None, 'volume_rel_20': None, 'atr_pct': None, 'position_in_range': None, 'rsi': None, 'bb_position': None, 'ret_3': None, 'ret_10': None, 'session_bucket': 2.0}"
2026-04-06|CRCL|2026-04-06T13:41:00-04:00|long|8,2026-04-06,CRCL,2026-04-06T13:41:00-04:00,long,8,0.4811241924762726,True,next_bar_open_if_replayed,"{'pressure_k': 0.0, 'spread': 0.18999999999999773, 'depth_imb_k': 0.03264630418057978, 'micro_off': 0.06333333333333258, 'spread_mean_10s': 0.18825000000047112, 'depth_imb_k_mean_10s': 0.12154727137065749, 'depth_imb_k_mean_60s': 0.3767101575734739, 'dist_vwap_bps': None, 'hl_range_pct': None, 'oc_change_pct': None, 'volume_rel_20': None, 'atr_pct': None, 'position_in_range': None, 'rsi': None, 'bb_position': None, 'ret_3': None, 'ret_10': None, 'session_bucket': 2.0}"
2026-04-06|CRCL|2026-04-06T13:42:00-04:00|long|8,2026-04-06,CRCL,2026-04-06T13:42:00-04:00,long,8,0.38549020886421204,True,next_bar_open_if_replayed,"{'pressure_k': 0.0, 'spread': 0.1700000000000017, 'depth_imb_k': -0.11183775428470578, 'micro_off': -0.028333333333321775, 'spread_mean_10s': 0.1635555555556089, 'depth_imb_k_mean_10s': -0.041741533823792705, 'depth_imb_k_mean_60s': -0.03378870494475284, 'dist_vwap_bps': None, 'hl_range_pct': None, 'oc_change_pct': None, 'volume_rel_20': None, 'atr_pct': None, 'position_in_range': None, 'rsi': None, 'bb_position': None, 'ret_3': None, 'ret_10': None, 'session_bucket': 2.0}"
2026-04-06|CRCL|2026-04-06T13:43:00-04:00|short|12,2026-04-06,CRCL,2026-04-06T13:43:00-04:00,short,12,0.45163387060165405,True,next_bar_open_if_replayed,"{'pressure_k': 0.0, 'spread': 0.18000000000000682, 'depth_imb_k': -0.17541344597047515, 'micro_off': 0.0, 'spread_mean_10s': 0.16846153846181083, 'depth_imb_k_mean_10s': -0.19152860476953038, 'depth_imb_k_mean_60s': -0.014870320725512066, 'dist_vwap_bps': None, 'hl_range_pct': None, 'oc_change_pct': None, 'volume_rel_20': None, 'atr_pct': None, 'position_in_range': None, 'rsi': None, 'bb_position': None, 'ret_3': None, 'ret_10': None, 'session_bucket': 2.0}"
2026-04-06|CRCL|2026-04-06T13:44:00-04:00|short|12,2026-04-06,CRCL,2026-04-06T13:44:00-04:00,short,12,0.4600946307182312,True,next_bar_open_if_replayed,"{'pressure_k': 0.0, 'spread': 0.09000000000000341, 'depth_imb_k': -0.17450346909591652, 'micro_off': -0.015000000000000568, 'spread_mean_10s': 0.08450000000002547, 'depth_imb_k_mean_10s': -0.16306201121710587, 'depth_imb_k_mean_60s': -0.11326036261230549, 'dist_vwap_bps': None, 'hl_range_pct': None, 'oc_change_pct': None, 'volume_rel_20': None, 'atr_pct': None, 'position_in_range': None, 'rsi': None, 'bb_position': None, 'ret_3': None, 'ret_10': None, 'session_bucket': 2.0}"
2026-04-06|CRCL|2026-04-06T13:45:00-04:00|short|12,2026-04-06,CRCL,2026-04-06T13:45:00-04:00,short,12,0.4272201657295227,True,next_bar_open_if_replayed,"{'pressure_k': 0.0, 'spread': 0.1599999999999966, 'depth_imb_k': 0.054463296103674654, 'micro_off': 0.04800000000000182, 'spread_mean_10s': 0.16900000000005094, 'depth_imb_k_mean_10s': 0.04936283167696161, 'depth_imb_k_mean_60s': -0.15310750137858822, 'dist_vwap_bps': None, 'hl_range_pct': None, 'oc_change_pct': None, 'volume_rel_20': None, 'atr_pct': None, 'position_in_range': None, 'rsi': None, 'bb_position': None, 'ret_3': None, 'ret_10': None, 'session_bucket': 2.0}"
2026-04-06|CRCL|2026-04-06T13:46:00-04:00|short|12,2026-04-06,CRCL,2026-04-06T13:46:00-04:00,short,12,0.4357779622077942,True,next_bar_open_if_replayed,"{'pressure_k': 0.0, 'spread': 0.23000000000000398, 'depth_imb_k': 0.6421658753409435, 'micro_off': 0.03833333333332689, 'spread_mean_10s': 0.24449999999987995, 'depth_imb_k_mean_10s': 0.6195056505534907, 'depth_imb_k_mean_60s': 0.5160503952938447, 'dist_vwap_bps': None, 'hl_range_pct': None, 'oc_change_pct': None, 'volume_rel_20': None, 'atr_pct': None, 'position_in_range': None, 'rsi': None, 'bb_position': None, 'ret_3': None, 'ret_10': None, 'session_bucket': 2.0}"
2026-04-06|CRCL|2026-04-06T13:47:00-04:00|short|8,2026-04-06,CRCL,2026-04-06T13:47:00-04:00,short,8,0.46510398387908936,True,next_bar_open_if_replayed,"{'pressure_k': 0.0, 'spread': 0.14000000000000057, 'depth_imb_k': -0.33703853034696385, 'micro_off': 1.4210854715202004e-14, 'spread_mean_10s': 0.17225000000012186, 'depth_imb_k_mean_10s': 0.029666458433746358, 'depth_imb_k_mean_60s': 0.432503951531897, 'dist_vwap_bps': None, 'hl_range_pct': None, 'oc_change_pct': None, 'volume_rel_20': None, 'atr_pct': None, 'position_in_range': None, 'rsi': None, 'bb_position': None, 'ret_3': None, 'ret_10': None, 'session_bucket': 2.0}"
2026-04-06|CRCL|2026-04-06T13:48:00-04:00|short|12,2026-04-06,CRCL,2026-04-06T13:48:00-04:00,short,12,0.417517751455307,True,next_bar_open_if_replayed,"{'pressure_k': 0.0, 'spread': 0.27000000000001023, 'depth_imb_k': 0.43837648272475016, 'micro_off': -0.10124999999999318, 'spread_mean_10s': 0.27000000000043656, 'depth_imb_k_mean_10s': 0.4352240349908243, 'depth_imb_k_mean_60s': 0.4218835768045545, 'dist_vwap_bps': None, 'hl_range_pct': None, 'oc_change_pct': None, 'volume_rel_20': None, 'atr_pct': None, 'position_in_range': None, 'rsi': None, 'bb_position': None, 'ret_3': None, 'ret_10': None, 'session_bucket': 2.0}"
2026-04-06|CRCL|2026-04-06T13:49:00-04:00|short|12,2026-04-06,CRCL,2026-04-06T13:49:00-04:00,short,12,0.5567740201950073,True,next_bar_open_if_replayed,"{'pressure_k': 0.0, 'spread': 0.10999999999999943, 'depth_imb_k': 0.5177816437172995, 'micro_off': 0.0, 'spread_mean_10s': 0.11000000000058208, 'depth_imb_k_mean_10s': 0.5207180818869469, 'depth_imb_k_mean_60s': 0.5091566801979853, 'dist_vwap_bps': None, 'hl_range_pct': None, 'oc_change_pct': None, 'volume_rel_20': None, 'atr_pct': None, 'position_in_range': None, 'rsi': None, 'bb_position': None, 'ret_3': None, 'ret_10': None, 'session_bucket': 2.0}"
2026-04-06|CRCL|2026-04-06T13:50:00-04:00|short|12,2026-04-06,CRCL,2026-04-06T13:50:00-04:00,short,12,0.4334540367126465,True,next_bar_open_if_replayed,"{'pressure_k': 0.0, 'spread': 0.12999999999999545, 'depth_imb_k': 0.740961982523129, 'micro_off': 0.0, 'spread_mean_10s': 0.13099999999922146, 'depth_imb_k_mean_10s': 0.6940856125627619, 'depth_imb_k_mean_60s': 0.40626790362938486, 'dist_vwap_bps': None, 'hl_range_pct': None, 'oc_change_pct': None, 'volume_rel_20': None, 'atr_pct': None, 'position_in_range': None, 'rsi': None, 'bb_position': None, 'ret_3': None, 'ret_10': None, 'session_bucket': 2.0}"
2026-04-06|CRCL|2026-04-06T13:51:00-04:00|long|8,2026-04-06,CRCL,2026-04-06T13:51:00-04:00,long,8,0.49086713790893555,True,next_bar_open_if_replayed,"{'pressure_k': 0.0, 'spread': 0.14999999999999147, 'depth_imb_k': -0.1670760614117415, 'micro_off': -0.025000000000005684, 'spread_mean_10s': 0.153076923076813, 'depth_imb_k_mean_10s': -0.06803610910991992, 'depth_imb_k_mean_60s': 0.5715402590329585, 'dist_vwap_bps': None, 'hl_range_pct': None, 'oc_change_pct': None, 'volume_rel_20': None, 'atr_pct': None, 'position_in_range': None, 'rsi': None, 'bb_position': None, 'ret_3': None, 'ret_10': None, 'session_bucket': 2.0}"
2026-04-06|CRCL|2026-04-06T13:52:00-04:00|short|12,2026-04-06,CRCL,2026-04-06T13:52:00-04:00,short,12,0.44347062706947327,True,next_bar_open_if_replayed,"{'pressure_k': 0.0, 'spread': 0.0799999999999983, 'depth_imb_k': 0.7562936736164008, 'micro_off': 0.013333333333335418, 'spread_mean_10s': 0.07999999999992724, 'depth_imb_k_mean_10s': 0.7180779268911094, 'depth_imb_k_mean_60s': 0.6195677160165076, 'dist_vwap_bps': None, 'hl_range_pct': None, 'oc_change_pct': None, 'volume_rel_20': None, 'atr_pct': None, 'position_in_range': None, 'rsi': None, 'bb_position': None, 'ret_3': None, 'ret_10': None, 'session_bucket': 2.0}"
2026-04-06|CRCL|2026-04-06T13:53:00-04:00|short|8,2026-04-06,CRCL,2026-04-06T13:53:00-04:00,short,8,0.49398720264434814,True,next_bar_open_if_replayed,"{'pressure_k': 0.0, 'spread': 0.20000000000000284, 'depth_imb_k': 0.8382774349044624, 'micro_off': -1.4210854715202004e-14, 'spread_mean_10s': 0.08324324324319211, 'depth_imb_k_mean_10s': 0.8608215669427028, 'depth_imb_k_mean_60s': 0.8466662723320779, 'dist_vwap_bps': None, 'hl_range_pct': None, 'oc_change_pct': None, 'volume_rel_20': None, 'atr_pct': None, 'position_in_range': None, 'rsi': None, 'bb_position': None, 'ret_3': None, 'ret_10': None, 'session_bucket': 2.0}"
2026-04-06|CRCL|2026-04-06T13:54:00-04:00|short|8,2026-04-06,CRCL,2026-04-06T13:54:00-04:00,short,8,0.4990425705909729,True,next_bar_open_if_replayed,"{'pressure_k': 0.0, 'spread': 0.1700000000000017, 'depth_imb_k': 0.9100305426098264, 'micro_off': 1.4210854715202004e-14, 'spread_mean_10s': 0.14473684210574184, 'depth_imb_k_mean_10s': 0.9106654710622503, 'depth_imb_k_mean_60s': 0.8942821077912937, 'dist_vwap_bps': None, 'hl_range_pct': None, 'oc_change_pct': None, 'volume_rel_20': None, 'atr_pct': None, 'position_in_range': None, 'rsi': None, 'bb_position': None, 'ret_3': None, 'ret_10': None, 'session_bucket': 2.0}"
2026-04-06|CRCL|2026-04-06T13:55:00-04:00|short|8,2026-04-06,CRCL,2026-04-06T13:55:00-04:00,short,8,0.4486987888813019,True,next_bar_open_if_replayed,"{'pressure_k': 0.0, 'spread': 0.14000000000000057, 'depth_imb_k': 0.9347410872328907, 'micro_off': 0.023333333333326323, 'spread_mean_10s': 0.1441025641020716, 'depth_imb_k_mean_10s': 0.9320941963741438, 'depth_imb_k_mean_60s': 0.921896829260718, 'dist_vwap_bps': None, 'hl_range_pct': None, 'oc_change_pct': None, 'volume_rel_20': None, 'atr_pct': None, 'position_in_range': None, 'rsi': None, 'bb_position': None, 'ret_3': None, 'ret_10': None, 'session_bucket': 2.0}"
2026-04-06|CRCL|2026-04-06T13:56:00-04:00|short|8,2026-04-06,CRCL,2026-04-06T13:56:00-04:00,short,8,0.44910895824432373,True,next_bar_open_if_replayed,"{'pressure_k': 0.0, 'spread': 0.09000000000000341, 'depth_imb_k': 0.9396507908401251, 'micro_off': 0.0, 'spread_mean_10s': 0.09000000000014552, 'depth_imb_k_mean_10s': 0.9417870336595419, 'depth_imb_k_mean_60s': 0.9323278058449679, 'dist_vwap_bps': None, 'hl_range_pct': None, 'oc_change_pct': None, 'volume_rel_20': None, 'atr_pct': None, 'position_in_range': None, 'rsi': None, 'bb_position': None, 'ret_3': None, 'ret_10': None, 'session_bucket': 2.0}"
2026-04-06|CRCL|2026-04-06T13:57:00-04:00|short|12,2026-04-06,CRCL,2026-04-06T13:57:00-04:00,short,12,0.43515118956565857,True,next_bar_open_if_replayed,"{'pressure_k': 0.0, 'spread': 0.0799999999999983, 'depth_imb_k': 0.9435943796776051, 'micro_off': 0.01999999999999602, 'spread_mean_10s': 0.07999999999992724, 'depth_imb_k_mean_10s': 0.9371677018481591, 'depth_imb_k_mean_60s': 0.8173474000355005, 'dist_vwap_bps': None, 'hl_range_pct': None, 'oc_change_pct': None, 'volume_rel_20': None, 'atr_pct': None, 'position_in_range': None, 'rsi': None, 'bb_position': None, 'ret_3': None, 'ret_10': None, 'session_bucket': 2.0}"
2026-04-06|CRCL|2026-04-06T13:58:00-04:00|short|12,2026-04-06,CRCL,2026-04-06T13:58:00-04:00,short,12,0.5032895803451538,True,next_bar_open_if_replayed,"{'pressure_k': 0.0, 'spread': 0.12999999999999545, 'depth_imb_k': -0.2311865177873822, 'micro_off': 0.0, 'spread_mean_10s': 0.13724999999935789, 'depth_imb_k_mean_10s': 0.598908498801029, 'depth_imb_k_mean_60s': 0.8753667414972186, 'dist_vwap_bps': None, 'hl_range_pct': None, 'oc_change_pct': None, 'volume_rel_20': None, 'atr_pct': None, 'position_in_range': None, 'rsi': None, 'bb_position': None, 'ret_3': None, 'ret_10': None, 'session_bucket': 2.0}"
2026-04-06|CRCL|2026-04-06T13:59:00-04:00|short|8,2026-04-06,CRCL,2026-04-06T13:59:00-04:00,short,8,0.4641928970813751,True,next_bar_open_if_replayed,"{'pressure_k': 0.0, 'spread': 0.14000000000000057, 'depth_imb_k': 0.8798954907337188, 'micro_off': 1.4210854715202004e-14, 'spread_mean_10s': 0.16374999999993634, 'depth_imb_k_mean_10s': 0.8780166206613217, 'depth_imb_k_mean_60s': 0.7245960271262212, 'dist_vwap_bps': None, 'hl_range_pct': None, 'oc_change_pct': None, 'volume_rel_20': None, 'atr_pct': None, 'position_in_range': None, 'rsi': None, 'bb_position': None, 'ret_3': None, 'ret_10': None, 'session_bucket': 2.0}"
2026-04-06|CRCL|2026-04-06T14:00:00-04:00|short|8,2026-04-06,CRCL,2026-04-06T14:00:00-04:00,short,8,0.40753093361854553,True,next_bar_open_if_replayed,"{'pressure_k': 0.0, 'spread': 0.1599999999999966, 'depth_imb_k': 0.557464456325167, 'micro_off': 0.03999999999999204, 'spread_mean_10s': 0.1834999999997308, 'depth_imb_k_mean_10s': 0.6142528195888645, 'depth_imb_k_mean_60s': 0.8447175604490671, 'dist_vwap_bps': None, 'hl_range_pct': None, 'oc_change_pct': None, 'volume_rel_20': None, 'atr_pct': None, 'position_in_range': None, 'rsi': None, 'bb_position': None, 'ret_3': None, 'ret_10': None, 'session_bucket': 2.0}"
2026-04-06|CRCL|2026-04-06T14:01:00-04:00|short|12,2026-04-06,CRCL,2026-04-06T14:01:00-04:00,short,12,0.45306485891342163,True,next_bar_open_if_replayed,"{'pressure_k': 0.0, 'spread': 0.12000000000000455, 'depth_imb_k': 0.565429773806929, 'micro_off': 0.0, 'spread_mean_10s': 0.13174999999973808, 'depth_imb_k_mean_10s': 0.5667193699853896, 'depth_imb_k_mean_60s': 0.5629034237448246, 'dist_vwap_bps': None, 'hl_range_pct': None, 'oc_change_pct': None, 'volume_rel_20': None, 'atr_pct': None, 'position_in_range': None, 'rsi': None, 'bb_position': None, 'ret_3': None, 'ret_10': None, 'session_bucket': 2.0}"
2026-04-06|CRCL|2026-04-06T14:02:00-04:00|long|8,2026-04-06,CRCL,2026-04-06T14:02:00-04:00,long,8,0.38850969076156616,True,next_bar_open_if_replayed,"{'pressure_k': 0.0, 'spread': 0.10999999999999943, 'depth_imb_k': 0.45151620591332625, 'micro_off': 0.053888888888891984, 'spread_mean_10s': 0.12374999999988176, 'depth_imb_k_mean_10s': 0.5356003336064077, 'depth_imb_k_mean_60s': 0.5508457474971544, 'dist_vwap_bps': None, 'hl_range_pct': None, 'oc_change_pct': None, 'volume_rel_20': None, 'atr_pct': None, 'position_in_range': None, 'rsi': None, 'bb_position': None, 'ret_3': None, 'ret_10': None, 'session_bucket': 2.0}"
2026-04-06|CRCL|2026-04-06T14:03:00-04:00|long|8,2026-04-06,CRCL,2026-04-06T14:03:00-04:00,long,8,0.3524957597255707,True,next_bar_open_if_replayed,"{'pressure_k': 0.0, 'spread': 0.09999999999999432, 'depth_imb_k': -0.09005882424929733, 'micro_off': 0.01666666666666572, 'spread_mean_10s': 0.0965000000002874, 'depth_imb_k_mean_10s': -0.09712920757700658, 'depth_imb_k_mean_60s': 0.14673783761453627, 'dist_vwap_bps': None, 'hl_range_pct': None, 'oc_change_pct': None, 'volume_rel_20': None, 'atr_pct': None, 'position_in_range': None, 'rsi': None, 'bb_position': None, 'ret_3': None, 'ret_10': None, 'session_bucket': 2.0}"
2026-04-06|CRCL|2026-04-06T14:04:00-04:00|long|12,2026-04-06,CRCL,2026-04-06T14:04:00-04:00,long,12,0.4369141161441803,True,next_bar_open_if_replayed,"{'pressure_k': 0.0, 'spread': 0.12000000000000455, 'depth_imb_k': 0.7278378244746601, 'micro_off': 0.0, 'spread_mean_10s': 0.12824999999988904, 'depth_imb_k_mean_10s': -0.07731013929764004, 'depth_imb_k_mean_60s': -0.08254437493988921, 'dist_vwap_bps': None, 'hl_range_pct': None, 'oc_change_pct': None, 'volume_rel_20': None, 'atr_pct': None, 'position_in_range': None, 'rsi': None, 'bb_position': None, 'ret_3': None, 'ret_10': None, 'session_bucket': 2.0}"
2026-04-06|CRCL|2026-04-06T14:05:00-04:00|long|8,2026-04-06,CRCL,2026-04-06T14:05:00-04:00,long,8,0.4802858829498291,True,next_bar_open_if_replayed,"{'pressure_k': 0.0, 'spread': 0.1700000000000017, 'depth_imb_k': -0.060131956921739456, 'micro_off': 0.0, 'spread_mean_10s': 0.13999999999996363, 'depth_imb_k_mean_10s': 0.04075668266750654, 'depth_imb_k_mean_60s': 0.31720966712793863, 'dist_vwap_bps': None, 'hl_range_pct': None, 'oc_change_pct': None, 'volume_rel_20': None, 'atr_pct': None, 'position_in_range': None, 'rsi': None, 'bb_position': None, 'ret_3': None, 'ret_10': None, 'session_bucket': 2.0}"
2026-04-06|CRCL|2026-04-06T14:06:00-04:00|short|12,2026-04-06,CRCL,2026-04-06T14:06:00-04:00,short,12,0.42255476117134094,True,next_bar_open_if_replayed,"{'pressure_k': 0.0, 'spread': 0.1699999999999875, 'depth_imb_k': -0.7026755598318126, 'micro_off': -0.028333333333335986, 'spread_mean_10s': 0.16149999999988723, 'depth_imb_k_mean_10s': -0.7192265866577372, 'depth_imb_k_mean_60s': -0.2457733125690753, 'dist_vwap_bps': None, 'hl_range_pct': None, 'oc_change_pct': None, 'volume_rel_20': None, 'atr_pct': None, 'position_in_range': None, 'rsi': None, 'bb_position': None, 'ret_3': None, 'ret_10': None, 'session_bucket': 2.0}"
2026-04-06|CRCL|2026-04-06T14:07:00-04:00|short|12,2026-04-06,CRCL,2026-04-06T14:07:00-04:00,short,12,0.4220447242259979,True,next_bar_open_if_replayed,"{'pressure_k': 0.0, 'spread': 0.10999999999999943, 'depth_imb_k': -0.08764278033616157, 'micro_off': -1.4210854715202004e-14, 'spread_mean_10s': 0.14424999999987448, 'depth_imb_k_mean_10s': -0.05984534245217219, 'depth_imb_k_mean_60s': -0.0386153751315174, 'dist_vwap_bps': None, 'hl_range_pct': None, 'oc_change_pct': None, 'volume_rel_20': None, 'atr_pct': None, 'position_in_range': None, 'rsi': None, 'bb_position': None, 'ret_3': None, 'ret_10': None, 'session_bucket': 2.0}"
2026-04-06|CRCL|2026-04-06T14:08:00-04:00|short|12,2026-04-06,CRCL,2026-04-06T14:08:00-04:00,short,12,0.5374153256416321,True,next_bar_open_if_replayed,"{'pressure_k': 0.0, 'spread': 0.030000000000001137, 'depth_imb_k': 0.501688418637492, 'micro_off': 0.014702970297022944, 'spread_mean_10s': 0.041000000000531146, 'depth_imb_k_mean_10s': 0.6027529831610992, 'depth_imb_k_mean_60s': 0.4532901209805161, 'dist_vwap_bps': None, 'hl_range_pct': None, 'oc_change_pct': None, 'volume_rel_20': None, 'atr_pct': None, 'position_in_range': None, 'rsi': None, 'bb_position': None, 'ret_3': None, 'ret_10': None, 'session_bucket': 2.0}"
2026-04-06|CRCL|2026-04-06T14:09:00-04:00|short|12,2026-04-06,CRCL,2026-04-06T14:09:00-04:00,short,12,0.428020179271698,True,next_bar_open_if_replayed,"{'pressure_k': 0.0, 'spread': 0.12000000000000455, 'depth_imb_k': 0.2223002696942646, 'micro_off': 0.030000000000001137, 'spread_mean_10s': 0.11300000000064755, 'depth_imb_k_mean_10s': 0.22672434397667302, 'depth_imb_k_mean_60s': 0.2321093556800095, 'dist_vwap_bps': None, 'hl_range_pct': None, 'oc_change_pct': None, 'volume_rel_20': None, 'atr_pct': None, 'position_in_range': None, 'rsi': None, 'bb_position': None, 'ret_3': None, 'ret_10': None, 'session_bucket': 2.0}"
2026-04-06|CRCL|2026-04-06T14:10:00-04:00|short|12,2026-04-06,CRCL,2026-04-06T14:10:00-04:00,short,12,0.4712667167186737,True,next_bar_open_if_replayed,"{'pressure_k': 0.0, 'spread': 0.09999999999999432, 'depth_imb_k': 0.7223600298427839, 'micro_off': 0.024999999999991473, 'spread_mean_10s': 0.10625000000031833, 'depth_imb_k_mean_10s': 0.6846457281722792, 'depth_imb_k_mean_60s': 0.31156923252750224, 'dist_vwap_bps': None, 'hl_range_pct': None, 'oc_change_pct': None, 'volume_rel_20': None, 'atr_pct': None, 'position_in_range': None, 'rsi': None, 'bb_position': None, 'ret_3': None, 'ret_10': None, 'session_bucket': 2.0}"
2026-04-06|CRCL|2026-04-06T14:11:00-04:00|short|12,2026-04-06,CRCL,2026-04-06T14:11:00-04:00,short,12,0.44400519132614136,True,next_bar_open_if_replayed,"{'pressure_k': 0.0, 'spread': 0.09000000000000341, 'depth_imb_k': 0.2302218715756076, 'micro_off': 0.015000000000000568, 'spread_mean_10s': 0.09525000000026011, 'depth_imb_k_mean_10s': 0.24197114652550908, 'depth_imb_k_mean_60s': 0.27292426700504646, 'dist_vwap_bps': None, 'hl_range_pct': None, 'oc_change_pct': None, 'volume_rel_20': None, 'atr_pct': None, 'position_in_range': None, 'rsi': None, 'bb_position': None, 'ret_3': None, 'ret_10': None, 'session_bucket': 2.0}"
2026-04-06|CRCL|2026-04-06T14:12:00-04:00|short|12,2026-04-06,CRCL,2026-04-06T14:12:00-04:00,short,12,0.440128356218338,True,next_bar_open_if_replayed,"{'pressure_k': 0.0, 'spread': 0.1600000000000108, 'depth_imb_k': -0.20582393290783726, 'micro_off': 0.011428571428581336, 'spread_mean_10s': 0.13299999999981083, 'depth_imb_k_mean_10s': -0.1791093745938383, 'depth_imb_k_mean_60s': 0.10575196695180306, 'dist_vwap_bps': None, 'hl_range_pct': None, 'oc_change_pct': None, 'volume_rel_20': None, 'atr_pct': None, 'position_in_range': None, 'rsi': None, 'bb_position': None, 'ret_3': None, 'ret_10': None, 'session_bucket': 2.0}"
2026-04-06|CRCL|2026-04-06T14:13:00-04:00|short|12,2026-04-06,CRCL,2026-04-06T14:13:00-04:00,short,12,0.5037926435470581,True,next_bar_open_if_replayed,"{'pressure_k': 0.0, 'spread': 0.10999999999999943, 'depth_imb_k': -0.8230976244210101, 'micro_off': 0.01833333333333087, 'spread_mean_10s': 0.11050000000059298, 'depth_imb_k_mean_10s': -0.7315991088117698, 'depth_imb_k_mean_60s': -0.47641556004520796, 'dist_vwap_bps': None, 'hl_range_pct': None, 'oc_change_pct': None, 'volume_rel_20': None, 'atr_pct': None, 'position_in_range': None, 'rsi': None, 'bb_position': None, 'ret_3': None, 'ret_10': None, 'session_bucket': 2.0}"
2026-04-06|CRCL|2026-04-06T14:14:00-04:00|short|5,2026-04-06,CRCL,2026-04-06T14:14:00-04:00,short,5,0.44902732968330383,True,next_bar_open_if_replayed,"{'pressure_k': 0.0, 'spread': 0.10000000000000853, 'depth_imb_k': -0.8744117320380934, 'micro_off': -0.040476190476184115, 'spread_mean_10s': 0.1000000000003638, 'depth_imb_k_mean_10s': -0.8610565022416422, 'depth_imb_k_mean_60s': -0.8164212762171338, 'dist_vwap_bps': None, 'hl_range_pct': None, 'oc_change_pct': None, 'volume_rel_20': None, 'atr_pct': None, 'position_in_range': None, 'rsi': None, 'bb_position': None, 'ret_3': None, 'ret_10': None, 'session_bucket': 2.0}"
2026-04-06|CRCL|2026-04-06T14:15:00-04:00|short|5,2026-04-06,CRCL,2026-04-06T14:15:00-04:00,short,5,0.3783409595489502,True,next_bar_open_if_replayed,"{'pressure_k': 0.0, 'spread': 0.09999999999999432, 'depth_imb_k': -0.8460819974583659, 'micro_off': 0.0, 'spread_mean_10s': 0.1000000000003638, 'depth_imb_k_mean_10s': -0.8480005020028102, 'depth_imb_k_mean_60s': -0.8461848102862364, 'dist_vwap_bps': None, 'hl_range_pct': None, 'oc_change_pct': None, 'volume_rel_20': None, 'atr_pct': None, 'position_in_range': None, 'rsi': None, 'bb_position': None, 'ret_3': None, 'ret_10': None, 'session_bucket': 2.0}"
2026-04-06|CRCL|2026-04-06T14:16:00-04:00|short|5,2026-04-06,CRCL,2026-04-06T14:16:00-04:00,short,5,0.39139610528945923,True,next_bar_open_if_replayed,"{'pressure_k': 0.0, 'spread': 0.12000000000000455, 'depth_imb_k': -0.8599089678242586, 'micro_off': -0.030000000000001137, 'spread_mean_10s': 0.1327499999997599, 'depth_imb_k_mean_10s': -0.8567170099019791, 'depth_imb_k_mean_60s': -0.8634873211550025, 'dist_vwap_bps': None, 'hl_range_pct': None, 'oc_change_pct': None, 'volume_rel_20': None, 'atr_pct': None, 'position_in_range': None, 'rsi': None, 'bb_position': None, 'ret_3': None, 'ret_10': None, 'session_bucket': 2.0}"
2026-04-06|CRCL|2026-04-06T14:17:00-04:00|short|12,2026-04-06,CRCL,2026-04-06T14:17:00-04:00,short,12,0.4114510118961334,True,next_bar_open_if_replayed,"{'pressure_k': 0.0, 'spread': 0.10000000000000853, 'depth_imb_k': -0.8618104354144963, 'micro_off': 0.0, 'spread_mean_10s': 0.1000000000003638, 'depth_imb_k_mean_10s': -0.8566903790946457, 'depth_imb_k_mean_60s': -0.8506732464486442, 'dist_vwap_bps': None, 'hl_range_pct': None, 'oc_change_pct': None, 'volume_rel_20': None, 'atr_pct': None, 'position_in_range': None, 'rsi': None, 'bb_position': None, 'ret_3': None, 'ret_10': None, 'session_bucket': 2.0}"
2026-04-06|CRCL|2026-04-06T14:18:00-04:00|short|5,2026-04-06,CRCL,2026-04-06T14:18:00-04:00,short,5,0.3904166519641876,True,next_bar_open_if_replayed,"{'pressure_k': 0.0, 'spread': 0.10999999999999943, 'depth_imb_k': -0.8377187508077947, 'micro_off': 0.0, 'spread_mean_10s': 0.11750000000065483, 'depth_imb_k_mean_10s': -0.8589402657698315, 'depth_imb_k_mean_60s': -0.8442506208773338, 'dist_vwap_bps': None, 'hl_range_pct': None, 'oc_change_pct': None, 'volume_rel_20': None, 'atr_pct': None, 'position_in_range': None, 'rsi': None, 'bb_position': None, 'ret_3': None, 'ret_10': None, 'session_bucket': 2.0}"
2026-04-06|CRCL|2026-04-06T14:19:00-04:00|short|12,2026-04-06,CRCL,2026-04-06T14:19:00-04:00,short,12,0.38681814074516296,True,next_bar_open_if_replayed,"{'pressure_k': 0.0, 'spread': 0.14000000000000057, 'depth_imb_k': -0.6296200963385012, 'micro_off': 0.06125000000000114, 'spread_mean_10s': 0.13674999999993814, 'depth_imb_k_mean_10s': -0.7498266048773189, 'depth_imb_k_mean_60s': -0.8278184992241778, 'dist_vwap_bps': None, 'hl_range_pct': None, 'oc_change_pct': None, 'volume_rel_20': None, 'atr_pct': None, 'position_in_range': None, 'rsi': None, 'bb_position': None, 'ret_3': None, 'ret_10': None, 'session_bucket': 2.0}"
2026-04-06|CRCL|2026-04-06T14:20:00-04:00|short|5,2026-04-06,CRCL,2026-04-06T14:20:00-04:00,short,5,0.35806286334991455,True,next_bar_open_if_replayed,"{'pressure_k': 0.0, 'spread': 0.12000000000000455, 'depth_imb_k': -0.8456702001384675, 'micro_off': 0.0, 'spread_mean_10s': 0.1272499999996853, 'depth_imb_k_mean_10s': -0.8354233910789958, 'depth_imb_k_mean_60s': -0.7594270035346689, 'dist_vwap_bps': None, 'hl_range_pct': None, 'oc_change_pct': None, 'volume_rel_20': None, 'atr_pct': None, 'position_in_range': None, 'rsi': None, 'bb_position': None, 'ret_3': None, 'ret_10': None, 'session_bucket': 2.0}"
2026-04-06|CRCL|2026-04-06T14:21:00-04:00|short|12,2026-04-06,CRCL,2026-04-06T14:21:00-04:00,short,12,0.40739017724990845,True,next_bar_open_if_replayed,"{'pressure_k': 0.0, 'spread': 0.12000000000000455, 'depth_imb_k': -0.1953232462173315, 'micro_off': 0.012000000000000455, 'spread_mean_10s': 0.1278048780485977, 'depth_imb_k_mean_10s': -0.20781190031035604, 'depth_imb_k_mean_60s': -0.7411988887597903, 'dist_vwap_bps': None, 'hl_range_pct': None, 'oc_change_pct': None, 'volume_rel_20': None, 'atr_pct': None, 'position_in_range': None, 'rsi': None, 'bb_position': None, 'ret_3': None, 'ret_10': None, 'session_bucket': 2.0}"
2026-04-06|CRCL|2026-04-06T14:22:00-04:00|short|12,2026-04-06,CRCL,2026-04-06T14:22:00-04:00,short,12,0.45736488699913025,True,next_bar_open_if_replayed,"{'pressure_k': 0.0, 'spread': 0.06999999999999318, 'depth_imb_k': -0.2782164681976423, 'micro_off': 0.0, 'spread_mean_10s': 0.06999999999970896, 'depth_imb_k_mean_10s': -0.27819045057291303, 'depth_imb_k_mean_60s': -0.21313978851547383, 'dist_vwap_bps': None, 'hl_range_pct': None, 'oc_change_pct': None, 'volume_rel_20': None, 'atr_pct': None, 'position_in_range': None, 'rsi': None, 'bb_position': None, 'ret_3': None, 'ret_10': None, 'session_bucket': 2.0}"
2026-04-06|CRCL|2026-04-06T14:23:00-04:00|short|12,2026-04-06,CRCL,2026-04-06T14:23:00-04:00,short,12,0.42525437474250793,True,next_bar_open_if_replayed,"{'pressure_k': 0.0, 'spread': 0.03999999999999204, 'depth_imb_k': -0.09399892741344276, 'micro_off': -0.006666666666674814, 'spread_mean_10s': 0.08850000000029468, 'depth_imb_k_mean_10s': 0.017151645997546438, 'depth_imb_k_mean_60s': -0.14601248253974117, 'dist_vwap_bps': None, 'hl_range_pct': None, 'oc_change_pct': None, 'volume_rel_20': None, 'atr_pct': None, 'position_in_range': None, 'rsi': None, 'bb_position': None, 'ret_3': None, 'ret_10': None, 'session_bucket': 2.0}"
2026-04-06|CRCL|2026-04-06T14:24:00-04:00|short|12,2026-04-06,CRCL,2026-04-06T14:24:00-04:00,short,12,0.4032827913761139,True,next_bar_open_if_replayed,"{'pressure_k': 0.0, 'spread': 0.060000000000002274, 'depth_imb_k': -0.002900183655763749, 'micro_off': 0.018000000000000682, 'spread_mean_10s': 0.06649999999963256, 'depth_imb_k_mean_10s': -0.023503330939888656, 'depth_imb_k_mean_60s': -0.09131690060361836, 'dist_vwap_bps': None, 'hl_range_pct': None, 'oc_change_pct': None, 'volume_rel_20': None, 'atr_pct': None, 'position_in_range': None, 'rsi': None, 'bb_position': None, 'ret_3': None, 'ret_10': None, 'session_bucket': 2.0}"
2026-04-06|CRCL|2026-04-06T14:25:00-04:00|short|12,2026-04-06,CRCL,2026-04-06T14:25:00-04:00,short,12,0.43600133061408997,True,next_bar_open_if_replayed,"{'pressure_k': 0.0, 'spread': 0.10999999999999943, 'depth_imb_k': -0.3733799604307554, 'micro_off': -0.01833333333333087, 'spread_mean_10s': 0.10500000000034301, 'depth_imb_k_mean_10s': -0.17156975880595837, 'depth_imb_k_mean_60s': -0.08505404550796557, 'dist_vwap_bps': None, 'hl_range_pct': None, 'oc_change_pct': None, 'volume_rel_20': None, 'atr_pct': None, 'position_in_range': None, 'rsi': None, 'bb_position': None, 'ret_3': None, 'ret_10': None, 'session_bucket': 2.0}"
2026-04-06|CRCL|2026-04-06T14:26:00-04:00|short|12,2026-04-06,CRCL,2026-04-06T14:26:00-04:00,short,12,0.4345177114009857,True,next_bar_open_if_replayed,"{'pressure_k': 0.0, 'spread': 0.1700000000000017, 'depth_imb_k': 0.20934255486383113, 'micro_off': -0.028333333333335986, 'spread_mean_10s': 0.13249999999975443, 'depth_imb_k_mean_10s': 0.009749250613913319, 'depth_imb_k_mean_60s': -0.09103795552388882, 'dist_vwap_bps': None, 'hl_range_pct': None, 'oc_change_pct': None, 'volume_rel_20': None, 'atr_pct': None, 'position_in_range': None, 'rsi': None, 'bb_position': None, 'ret_3': None, 'ret_10': None, 'session_bucket': 2.0}"
2026-04-06|CRCL|2026-04-06T14:27:00-04:00|short|12,2026-04-06,CRCL,2026-04-06T14:27:00-04:00,short,12,0.5129488110542297,True,next_bar_open_if_replayed,"{'pressure_k': 0.0, 'spread': 0.0799999999999983, 'depth_imb_k': -0.08355510780293024, 'micro_off': -1.4210854715202004e-14, 'spread_mean_10s': 0.1107500000001437, 'depth_imb_k_mean_10s': 0.02565472525988639, 'depth_imb_k_mean_60s': 0.10640583634968181, 'dist_vwap_bps': None, 'hl_range_pct': None, 'oc_change_pct': None, 'volume_rel_20': None, 'atr_pct': None, 'position_in_range': None, 'rsi': None, 'bb_position': None, 'ret_3': None, 'ret_10': None, 'session_bucket': 2.0}"
2026-04-06|CRCL|2026-04-06T14:28:00-04:00|short|12,2026-04-06,CRCL,2026-04-06T14:28:00-04:00,short,12,0.42826762795448303,True,next_bar_open_if_replayed,"{'pressure_k': 0.0, 'spread': 0.09999999999999432, 'depth_imb_k': -0.33518725977904174, 'micro_off': 0.0, 'spread_mean_10s': 0.10950000000057117, 'depth_imb_k_mean_10s': -0.1723845848734186, 'depth_imb_k_mean_60s': -0.3061717565093417, 'dist_vwap_bps': None, 'hl_range_pct': None, 'oc_change_pct': None, 'volume_rel_20': None, 'atr_pct': None, 'position_in_range': None, 'rsi': None, 'bb_position': None, 'ret_3': None, 'ret_10': None, 'session_bucket': 2.0}"
2026-04-06|CRCL|2026-04-06T14:29:00-04:00|short|12,2026-04-06,CRCL,2026-04-06T14:29:00-04:00,short,12,0.46701252460479736,True,next_bar_open_if_replayed,"{'pressure_k': 0.0, 'spread': 0.04000000000000625, 'depth_imb_k': -0.06957157845090622, 'micro_off': -0.008571428571428896, 'spread_mean_10s': 0.040000000000873115, 'depth_imb_k_mean_10s': -0.03233991080761936, 'depth_imb_k_mean_60s': -0.06864360209720251, 'dist_vwap_bps': None, 'hl_range_pct': None, 'oc_change_pct': None, 'volume_rel_20': None, 'atr_pct': None, 'position_in_range': None, 'rsi': None, 'bb_position': None, 'ret_3': None, 'ret_10': None, 'session_bucket': 2.0}"
2026-04-06|CRCL|2026-04-06T14:30:00-04:00|short|12,2026-04-06,CRCL,2026-04-06T14:30:00-04:00,short,12,0.49672991037368774,True,next_bar_open_if_replayed,"{'pressure_k': 0.0, 'spread': 0.12000000000000455, 'depth_imb_k': -0.02925070566390692, 'micro_off': 0.0, 'spread_mean_10s': 0.07333333333311505, 'depth_imb_k_mean_10s': -0.1830752951541982, 'depth_imb_k_mean_60s': -0.06477212241425033, 'dist_vwap_bps': None, 'hl_range_pct': None, 'oc_change_pct': None, 'volume_rel_20': None, 'atr_pct': None, 'position_in_range': None, 'rsi': None, 'bb_position': None, 'ret_3': None, 'ret_10': None, 'session_bucket': 2.0}"
2026-04-06|CRCL|2026-04-06T14:31:00-04:00|short|12,2026-04-06,CRCL,2026-04-06T14:31:00-04:00,short,12,0.4829491376876831,True,next_bar_open_if_replayed,"{'pressure_k': 0.0, 'spread': 0.10999999999999943, 'depth_imb_k': -0.11428571428571428, 'micro_off': -0.01833333333333087, 'spread_mean_10s': 0.10500000000047294, 'depth_imb_k_mean_10s': -0.10609060047129333, 'depth_imb_k_mean_60s': -0.07737841355966826, 'dist_vwap_bps': None, 'hl_range_pct': None, 'oc_change_pct': None, 'volume_rel_20': None, 'atr_pct': None, 'position_in_range': None, 'rsi': None, 'bb_position': None, 'ret_3': None, 'ret_10': None, 'session_bucket': 2.0}"
2026-04-06|CRCL|2026-04-06T14:32:00-04:00|short|12,2026-04-06,CRCL,2026-04-06T14:32:00-04:00,short,12,0.4006117880344391,True,next_bar_open_if_replayed,"{'pressure_k': 0.0, 'spread': 0.11999999999999034, 'depth_imb_k': -0.02584035887382891, 'micro_off': 0.011999999999986244, 'spread_mean_10s': 0.12875000000040018, 'depth_imb_k_mean_10s': 0.054281966208094445, 'depth_imb_k_mean_60s': -0.008070741432662645, 'dist_vwap_bps': None, 'hl_range_pct': None, 'oc_change_pct': None, 'volume_rel_20': None, 'atr_pct': None, 'position_in_range': None, 'rsi': None, 'bb_position': None, 'ret_3': None, 'ret_10': None, 'session_bucket': 2.0}"
2026-04-06|CRCL|2026-04-06T14:33:00-04:00|short|12,2026-04-06,CRCL,2026-04-06T14:33:00-04:00,short,12,0.43553435802459717,True,next_bar_open_if_replayed,"{'pressure_k': 0.0, 'spread': 0.10999999999999943, 'depth_imb_k': -0.04829357455109928, 'micro_off': -0.01833333333334508, 'spread_mean_10s': 0.11000000000058208, 'depth_imb_k_mean_10s': -0.05650149260830517, 'depth_imb_k_mean_60s': 0.0025020143667829195, 'dist_vwap_bps': None, 'hl_range_pct': None, 'oc_change_pct': None, 'volume_rel_20': None, 'atr_pct': None, 'position_in_range': None, 'rsi': None, 'bb_position': None, 'ret_3': None, 'ret_10': None, 'session_bucket': 2.0}"
2026-04-06|CRCL|2026-04-06T14:34:00-04:00|short|12,2026-04-06,CRCL,2026-04-06T14:34:00-04:00,short,12,0.46958377957344055,True,next_bar_open_if_replayed,"{'pressure_k': 0.0, 'spread': 0.09000000000000341, 'depth_imb_k': -0.048386898362172255, 'micro_off': 0.009000000000000341, 'spread_mean_10s': 0.09974358974394794, 'depth_imb_k_mean_10s': -0.07749078023481068, 'depth_imb_k_mean_60s': 0.02496530652187355, 'dist_vwap_bps': None, 'hl_range_pct': None, 'oc_change_pct': None, 'volume_rel_20': None, 'atr_pct': None, 'position_in_range': None, 'rsi': None, 'bb_position': None, 'ret_3': None, 'ret_10': None, 'session_bucket': 2.0}"
2026-04-06|CRCL|2026-04-06T14:35:00-04:00|short|12,2026-04-06,CRCL,2026-04-06T14:35:00-04:00,short,12,0.3581196069717407,True,next_bar_open_if_replayed,"{'pressure_k': 0.0, 'spread': 0.1699999999999875, 'depth_imb_k': 0.37256518137025896, 'micro_off': 0.0, 'spread_mean_10s': 0.21692307692277468, 'depth_imb_k_mean_10s': 0.39134319253239713, 'depth_imb_k_mean_60s': 0.29138767671029103, 'dist_vwap_bps': None, 'hl_range_pct': None, 'oc_change_pct': None, 'volume_rel_20': None, 'atr_pct': None, 'position_in_range': None, 'rsi': None, 'bb_position': None, 'ret_3': None, 'ret_10': None, 'session_bucket': 2.0}"
2026-04-06|CRCL|2026-04-06T14:36:00-04:00|short|12,2026-04-06,CRCL,2026-04-06T14:36:00-04:00,short,12,0.5149253606796265,True,next_bar_open_if_replayed,"{'pressure_k': 0.0, 'spread': 0.0799999999999983, 'depth_imb_k': -0.2920281106280227, 'micro_off': 0.0, 'spread_mean_10s': 0.0884615384616504, 'depth_imb_k_mean_10s': -0.25968899241099325, 'depth_imb_k_mean_60s': -0.06946669167708584, 'dist_vwap_bps': None, 'hl_range_pct': None, 'oc_change_pct': None, 'volume_rel_20': None, 'atr_pct': None, 'position_in_range': None, 'rsi': None, 'bb_position': None, 'ret_3': None, 'ret_10': None, 'session_bucket': 2.0}"
2026-04-06|CRCL|2026-04-06T14:37:00-04:00|short|12,2026-04-06,CRCL,2026-04-06T14:37:00-04:00,short,12,0.47880181670188904,True,next_bar_open_if_replayed,"{'pressure_k': 0.0, 'spread': 0.12000000000000455, 'depth_imb_k': 0.37009662822584133, 'micro_off': 0.01999999999999602, 'spread_mean_10s': 0.11250000000063665, 'depth_imb_k_mean_10s': 0.37172316048901166, 'depth_imb_k_mean_60s': 0.30806505514192495, 'dist_vwap_bps': None, 'hl_range_pct': None, 'oc_change_pct': None, 'volume_rel_20': None, 'atr_pct': None, 'position_in_range': None, 'rsi': None, 'bb_position': None, 'ret_3': None, 'ret_10': None, 'session_bucket': 2.0}"
2026-04-06|CRCL|2026-04-06T14:38:00-04:00|short|12,2026-04-06,CRCL,2026-04-06T14:38:00-04:00,short,12,0.3694966733455658,True,next_bar_open_if_replayed,"{'pressure_k': 0.0, 'spread': 0.12000000000000455, 'depth_imb_k': 0.2551820693585757, 'micro_off': 0.0, 'spread_mean_10s': 0.11820512820570282, 'depth_imb_k_mean_10s': 0.3162177294321002, 'depth_imb_k_mean_60s': 0.42002716053474465, 'dist_vwap_bps': None, 'hl_range_pct': None, 'oc_change_pct': None, 'volume_rel_20': None, 'atr_pct': None, 'position_in_range': None, 'rsi': None, 'bb_position': None, 'ret_3': None, 'ret_10': None, 'session_bucket': 2.0}"
2026-04-06|CRCL|2026-04-06T14:39:00-04:00|long|8,2026-04-06,CRCL,2026-04-06T14:39:00-04:00,long,8,0.41356775164604187,True,next_bar_open_if_replayed,"{'pressure_k': 0.0, 'spread': 0.09000000000000341, 'depth_imb_k': 0.19736546577193903, 'micro_off': 0.03857142857143003, 'spread_mean_10s': 0.13717948717917003, 'depth_imb_k_mean_10s': 0.3834493715485223, 'depth_imb_k_mean_60s': 0.29843410316563607, 'dist_vwap_bps': None, 'hl_range_pct': None, 'oc_change_pct': None, 'volume_rel_20': None, 'atr_pct': None, 'position_in_range': None, 'rsi': None, 'bb_position': None, 'ret_3': None, 'ret_10': None, 'session_bucket': 2.0}"
2026-04-06|CRCL|2026-04-06T14:40:00-04:00|short|5,2026-04-06,CRCL,2026-04-06T14:40:00-04:00,short,5,0.3882698714733124,True,next_bar_open_if_replayed,"{'pressure_k': 0.0, 'spread': 0.09999999999999432, 'depth_imb_k': -0.002443554386327919, 'micro_off': -0.01666666666666572, 'spread_mean_10s': 0.10127272727305271, 'depth_imb_k_mean_10s': 0.055710998887761064, 'depth_imb_k_mean_60s': 0.04287738857037054, 'dist_vwap_bps': None, 'hl_range_pct': None, 'oc_change_pct': None, 'volume_rel_20': None, 'atr_pct': None, 'position_in_range': None, 'rsi': None, 'bb_position': None, 'ret_3': None, 'ret_10': None, 'session_bucket': 2.0}"
2026-04-06|CRCL|2026-04-06T14:41:00-04:00|long|12,2026-04-06,CRCL,2026-04-06T14:41:00-04:00,long,12,0.466931015253067,True,next_bar_open_if_replayed,"{'pressure_k': 0.0, 'spread': 0.0799999999999983, 'depth_imb_k': 0.620207721005915, 'micro_off': -0.026666666666656624, 'spread_mean_10s': 0.08692307692315528, 'depth_imb_k_mean_10s': 0.2797691725976246, 'depth_imb_k_mean_60s': -0.005545371350261524, 'dist_vwap_bps': None, 'hl_range_pct': None, 'oc_change_pct': None, 'volume_rel_20': None, 'atr_pct': None, 'position_in_range': None, 'rsi': None, 'bb_position': None, 'ret_3': None, 'ret_10': None, 'session_bucket': 2.0}"
2026-04-06|CRCL|2026-04-06T14:42:00-04:00|short|12,2026-04-06,CRCL,2026-04-06T14:42:00-04:00,short,12,0.42233604192733765,True,next_bar_open_if_replayed,"{'pressure_k': 0.0, 'spread': 0.0799999999999983, 'depth_imb_k': 0.5390310216704652, 'micro_off': 0.013333333333335418, 'spread_mean_10s': 0.07999999999992724, 'depth_imb_k_mean_10s': 0.5371280456914633, 'depth_imb_k_mean_60s': 0.5864366912649966, 'dist_vwap_bps': None, 'hl_range_pct': None, 'oc_change_pct': None, 'volume_rel_20': None, 'atr_pct': None, 'position_in_range': None, 'rsi': None, 'bb_position': None, 'ret_3': None, 'ret_10': None, 'session_bucket': 2.0}"
2026-04-06|CRCL|2026-04-06T14:43:00-04:00|long|8,2026-04-06,CRCL,2026-04-06T14:43:00-04:00,long,8,0.3875608742237091,True,next_bar_open_if_replayed,"{'pressure_k': 0.0, 'spread': 0.060000000000002274, 'depth_imb_k': -0.5428790216326392, 'micro_off': 0.0, 'spread_mean_10s': 0.05999999999949068, 'depth_imb_k_mean_10s': -0.5100655798495154, 'depth_imb_k_mean_60s': 0.05399876167268175, 'dist_vwap_bps': None, 'hl_range_pct': None, 'oc_change_pct': None, 'volume_rel_20': None, 'atr_pct': None, 'position_in_range': None, 'rsi': None, 'bb_position': None, 'ret_3': None, 'ret_10': None, 'session_bucket': 2.0}"
2026-04-06|CRCL|2026-04-06T14:44:00-04:00|short|12,2026-04-06,CRCL,2026-04-06T14:44:00-04:00,short,12,0.4948267638683319,True,next_bar_open_if_replayed,"{'pressure_k': 0.0, 'spread': 0.0799999999999983, 'depth_imb_k': -0.25238853503184716, 'micro_off': -0.013333333333335418, 'spread_mean_10s': 0.08205128205125407, 'depth_imb_k_mean_10s': -0.2762923717705351, 'depth_imb_k_mean_60s': -0.43335307127273526, 'dist_vwap_bps': None, 'hl_range_pct': None, 'oc_change_pct': None, 'volume_rel_20': None, 'atr_pct': None, 'position_in_range': None, 'rsi': None, 'bb_position': None, 'ret_3': None, 'ret_10': None, 'session_bucket': 2.0}"
2026-04-06|CRCL|2026-04-06T14:45:00-04:00|short|12,2026-04-06,CRCL,2026-04-06T14:45:00-04:00,short,12,0.3913014531135559,True,next_bar_open_if_replayed,"{'pressure_k': 0.0, 'spread': 0.04999999999999716, 'depth_imb_k': -0.0028317954717039474, 'micro_off': 0.008333333333339965, 'spread_mean_10s': 0.06793103448242242, 'depth_imb_k_mean_10s': -0.021257189987989415, 'depth_imb_k_mean_60s': -0.2926981423995274, 'dist_vwap_bps': None, 'hl_range_pct': None, 'oc_change_pct': None, 'volume_rel_20': None, 'atr_pct': None, 'position_in_range': None, 'rsi': None, 'bb_position': None, 'ret_3': None, 'ret_10': None, 'session_bucket': 2.0}"
2026-04-06|CRCL|2026-04-06T14:46:00-04:00|short|12,2026-04-06,CRCL,2026-04-06T14:46:00-04:00,short,12,0.43392983078956604,True,next_bar_open_if_replayed,"{'pressure_k': 0.0, 'spread': 0.12999999999999545, 'depth_imb_k': -0.06971587971479758, 'micro_off': 0.0, 'spread_mean_10s': 0.12374999999988176, 'depth_imb_k_mean_10s': -0.1427327658329091, 'depth_imb_k_mean_60s': -0.25881716254587195, 'dist_vwap_bps': None, 'hl_range_pct': None, 'oc_change_pct': None, 'volume_rel_20': None, 'atr_pct': None, 'position_in_range': None, 'rsi': None, 'bb_position': None, 'ret_3': None, 'ret_10': None, 'session_bucket': 2.0}"
2026-04-06|CRCL|2026-04-06T14:47:00-04:00|short|5,2026-04-06,CRCL,2026-04-06T14:47:00-04:00,short,5,0.41610950231552124,True,next_bar_open_if_replayed,"{'pressure_k': 0.0, 'spread': 0.0799999999999983, 'depth_imb_k': -0.06711781954038609, 'micro_off': 0.0, 'spread_mean_10s': 0.12615384615310177, 'depth_imb_k_mean_10s': -0.044989752307092436, 'depth_imb_k_mean_60s': -0.10036751424329522, 'dist_vwap_bps': None, 'hl_range_pct': None, 'oc_change_pct': None, 'volume_rel_20': None, 'atr_pct': None, 'position_in_range': None, 'rsi': None, 'bb_position': None, 'ret_3': None, 'ret_10': None, 'session_bucket': 2.0}"
2026-04-06|CRCL|2026-04-06T14:48:00-04:00|short|12,2026-04-06,CRCL,2026-04-06T14:48:00-04:00,short,12,0.41658544540405273,True,next_bar_open_if_replayed,"{'pressure_k': 0.0, 'spread': 0.09000000000000341, 'depth_imb_k': 0.679145633817883, 'micro_off': 0.0, 'spread_mean_10s': 0.09384615384638331, 'depth_imb_k_mean_10s': 0.20968864729644712, 'depth_imb_k_mean_60s': 0.07208035924411521, 'dist_vwap_bps': None, 'hl_range_pct': None, 'oc_change_pct': None, 'volume_rel_20': None, 'atr_pct': None, 'position_in_range': None, 'rsi': None, 'bb_position': None, 'ret_3': None, 'ret_10': None, 'session_bucket': 2.0}"
2026-04-06|CRCL|2026-04-06T14:49:00-04:00|short|8,2026-04-06,CRCL,2026-04-06T14:49:00-04:00,short,8,0.3728794455528259,True,next_bar_open_if_replayed,"{'pressure_k': 0.0, 'spread': 0.0799999999999983, 'depth_imb_k': 0.7275211581982205, 'micro_off': 0.013333333333335418, 'spread_mean_10s': 0.0999999999996362, 'depth_imb_k_mean_10s': 0.6501613271301835, 'depth_imb_k_mean_60s': 0.6803499052970341, 'dist_vwap_bps': None, 'hl_range_pct': None, 'oc_change_pct': None, 'volume_rel_20': None, 'atr_pct': None, 'position_in_range': None, 'rsi': None, 'bb_position': None, 'ret_3': None, 'ret_10': None, 'session_bucket': 2.0}"
2026-04-06|CRCL|2026-04-06T14:50:00-04:00|short|8,2026-04-06,CRCL,2026-04-06T14:50:00-04:00,short,8,0.39353957772254944,True,next_bar_open_if_replayed,"{'pressure_k': 0.0, 'spread': 0.09999999999999432, 'depth_imb_k': 0.6822362599437327, 'micro_off': -0.024999999999991473, 'spread_mean_10s': 0.07399999999979627, 'depth_imb_k_mean_10s': 0.7024082031058526, 'depth_imb_k_mean_60s': 0.73309790516224, 'dist_vwap_bps': None, 'hl_range_pct': None, 'oc_change_pct': None, 'volume_rel_20': None, 'atr_pct': None, 'position_in_range': None, 'rsi': None, 'bb_position': None, 'ret_3': None, 'ret_10': None, 'session_bucket': 2.0}"
2026-04-06|CRCL|2026-04-06T14:51:00-04:00|short|12,2026-04-06,CRCL,2026-04-06T14:51:00-04:00,short,12,0.3281414210796356,True,next_bar_open_if_replayed,"{'pressure_k': 0.0, 'spread': 0.0799999999999983, 'depth_imb_k': 0.6408662009157307, 'micro_off': -0.028571428571410706, 'spread_mean_10s': 0.08625000000006366, 'depth_imb_k_mean_10s': 0.647549086044387, 'depth_imb_k_mean_60s': 0.6489635219600938, 'dist_vwap_bps': None, 'hl_range_pct': None, 'oc_change_pct': None, 'volume_rel_20': None, 'atr_pct': None, 'position_in_range': None, 'rsi': None, 'bb_position': None, 'ret_3': None, 'ret_10': None, 'session_bucket': 2.0}"
2026-04-06|CRCL|2026-04-06T14:52:00-04:00|short|12,2026-04-06,CRCL,2026-04-06T14:52:00-04:00,short,12,0.37517404556274414,True,next_bar_open_if_replayed,"{'pressure_k': 0.0, 'spread': 0.14000000000000057, 'depth_imb_k': 0.7561225913466756, 'micro_off': 0.03499999999998238, 'spread_mean_10s': 0.08307692307654435, 'depth_imb_k_mean_10s': 0.6730341035549128, 'depth_imb_k_mean_60s': 0.6642358113962816, 'dist_vwap_bps': None, 'hl_range_pct': None, 'oc_change_pct': None, 'volume_rel_20': None, 'atr_pct': None, 'position_in_range': None, 'rsi': None, 'bb_position': None, 'ret_3': None, 'ret_10': None, 'session_bucket': 2.0}"
2026-04-06|CRCL|2026-04-06T14:53:00-04:00|short|12,2026-04-06,CRCL,2026-04-06T14:53:00-04:00,short,12,0.4677789509296417,True,next_bar_open_if_replayed,"{'pressure_k': 0.0, 'spread': 0.1699999999999875, 'depth_imb_k': 0.642913205861631, 'micro_off': 0.028333333333335986, 'spread_mean_10s': 0.1366666666661051, 'depth_imb_k_mean_10s': 0.5903878344395428, 'depth_imb_k_mean_60s': 0.6364844555168129, 'dist_vwap_bps': None, 'hl_range_pct': None, 'oc_change_pct': None, 'volume_rel_20': None, 'atr_pct': None, 'position_in_range': None, 'rsi': None, 'bb_position': None, 'ret_3': None, 'ret_10': None, 'session_bucket': 2.0}"
2026-04-06|CRCL|2026-04-06T14:54:00-04:00|short|8,2026-04-06,CRCL,2026-04-06T14:54:00-04:00,short,8,0.46700775623321533,True,next_bar_open_if_replayed,"{'pressure_k': 0.0, 'spread': 0.12000000000000455, 'depth_imb_k': 0.691348936894711, 'micro_off': -0.04285714285714448, 'spread_mean_10s': 0.10871794871850281, 'depth_imb_k_mean_10s': 0.6866951196520625, 'depth_imb_k_mean_60s': 0.6437081433075938, 'dist_vwap_bps': None, 'hl_range_pct': None, 'oc_change_pct': None, 'volume_rel_20': None, 'atr_pct': None, 'position_in_range': None, 'rsi': None, 'bb_position': None, 'ret_3': None, 'ret_10': None, 'session_bucket': 2.0}"
2026-04-06|CRCL|2026-04-06T14:55:00-04:00|short|12,2026-04-06,CRCL,2026-04-06T14:55:00-04:00,short,12,0.42015373706817627,True,next_bar_open_if_replayed,"{'pressure_k': 0.0, 'spread': 0.12999999999999545, 'depth_imb_k': 0.7432145836643028, 'micro_off': -0.021666666666661172, 'spread_mean_10s': 0.1357499999999618, 'depth_imb_k_mean_10s': 0.7599156627059529, 'depth_imb_k_mean_60s': 0.7054452329829528, 'dist_vwap_bps': None, 'hl_range_pct': None, 'oc_change_pct': None, 'volume_rel_20': None, 'atr_pct': None, 'position_in_range': None, 'rsi': None, 'bb_position': None, 'ret_3': None, 'ret_10': None, 'session_bucket': 2.0}"
2026-04-06|CRCL|2026-04-06T14:56:00-04:00|short|8,2026-04-06,CRCL,2026-04-06T14:56:00-04:00,short,8,0.398156076669693,True,next_bar_open_if_replayed,"{'pressure_k': 0.0, 'spread': 0.09000000000000341, 'depth_imb_k': 0.7888590571165098, 'micro_off': 0.0, 'spread_mean_10s': 0.10128205128230314, 'depth_imb_k_mean_10s': 0.7890989963367969, 'depth_imb_k_mean_60s': 0.7567460442804482, 'dist_vwap_bps': None, 'hl_range_pct': None, 'oc_change_pct': None, 'volume_rel_20': None, 'atr_pct': None, 'position_in_range': None, 'rsi': None, 'bb_position': None, 'ret_3': None, 'ret_10': None, 'session_bucket': 2.0}"
2026-04-06|CRCL|2026-04-06T14:57:00-04:00|short|8,2026-04-06,CRCL,2026-04-06T14:57:00-04:00,short,8,0.4033757150173187,True,next_bar_open_if_replayed,"{'pressure_k': 0.0, 'spread': 0.0799999999999983, 'depth_imb_k': 0.7716259923033082, 'micro_off': 1.4210854715202004e-14, 'spread_mean_10s': 0.08067796610163695, 'depth_imb_k_mean_10s': 0.772152586888096, 'depth_imb_k_mean_60s': 0.7716965457533833, 'dist_vwap_bps': None, 'hl_range_pct': None, 'oc_change_pct': None, 'volume_rel_20': None, 'atr_pct': None, 'position_in_range': None, 'rsi': None, 'bb_position': None, 'ret_3': None, 'ret_10': None, 'session_bucket': 2.0}"
2026-04-06|CRCL|2026-04-06T14:58:00-04:00|short|12,2026-04-06,CRCL,2026-04-06T14:58:00-04:00,short,12,0.5349592566490173,True,next_bar_open_if_replayed,"{'pressure_k': 0.0, 'spread': 0.09000000000000341, 'depth_imb_k': -0.396850848863365, 'micro_off': -0.022499999999993747, 'spread_mean_10s': 0.08411764705862665, 'depth_imb_k_mean_10s': 0.5351442072503286, 'depth_imb_k_mean_60s': 0.7102270185768617, 'dist_vwap_bps': None, 'hl_range_pct': None, 'oc_change_pct': None, 'volume_rel_20': None, 'atr_pct': None, 'position_in_range': None, 'rsi': None, 'bb_position': None, 'ret_3': None, 'ret_10': None, 'session_bucket': 2.0}"
2026-04-06|CRCL|2026-04-06T14:59:00-04:00|short|12,2026-04-06,CRCL,2026-04-06T14:59:00-04:00,short,12,0.4343189299106598,True,next_bar_open_if_replayed,"{'pressure_k': 0.0, 'spread': 0.060000000000002274, 'depth_imb_k': -0.373173396879881, 'micro_off': 0.0, 'spread_mean_10s': 0.05999999999949068, 'depth_imb_k_mean_10s': -0.16154109976771452, 'depth_imb_k_mean_60s': 0.27890363534493384, 'dist_vwap_bps': None, 'hl_range_pct': None, 'oc_change_pct': None, 'volume_rel_20': None, 'atr_pct': None, 'position_in_range': None, 'rsi': None, 'bb_position': None, 'ret_3': None, 'ret_10': None, 'session_bucket': 2.0}"
2026-04-06|CRCL|2026-04-06T15:00:00-04:00|long|8,2026-04-06,CRCL,2026-04-06T15:00:00-04:00,long,8,0.5172629952430725,True,next_bar_open_if_replayed,"{'pressure_k': 0.0, 'spread': 0.010000000000005116, 'depth_imb_k': -0.21558571566079507, 'micro_off': -0.0033333333333445125, 'spread_mean_10s': 0.04826086956540087, 'depth_imb_k_mean_10s': -0.23207019627615527, 'depth_imb_k_mean_60s': -0.11493146082027443, 'dist_vwap_bps': None, 'hl_range_pct': None, 'oc_change_pct': None, 'volume_rel_20': None, 'atr_pct': None, 'position_in_range': None, 'rsi': None, 'bb_position': None, 'ret_3': None, 'ret_10': None, 'session_bucket': 2.0}"
2026-04-06|CRCL|2026-04-06T15:01:00-04:00|long|8,2026-04-06,CRCL,2026-04-06T15:01:00-04:00,long,8,0.39599576592445374,True,next_bar_open_if_replayed,"{'pressure_k': 0.0, 'spread': 0.0799999999999983, 'depth_imb_k': -0.12164884416127822, 'micro_off': 1.4210854715202004e-14, 'spread_mean_10s': 0.08875000000011823, 'depth_imb_k_mean_10s': -0.12227996120598164, 'depth_imb_k_mean_60s': -0.14904878090021273, 'dist_vwap_bps': None, 'hl_range_pct': None, 'oc_change_pct': None, 'volume_rel_20': None, 'atr_pct': None, 'position_in_range': None, 'rsi': None, 'bb_position': None, 'ret_3': None, 'ret_10': None, 'session_bucket': 2.0}"
2026-04-06|CRCL|2026-04-06T15:02:00-04:00|long|8,2026-04-06,CRCL,2026-04-06T15:02:00-04:00,long,8,0.37516987323760986,True,next_bar_open_if_replayed,"{'pressure_k': 0.0, 'spread': 0.10999999999999943, 'depth_imb_k': -0.21578975753700122, 'micro_off': 0.0, 'spread_mean_10s': 0.11777777777789443, 'depth_imb_k_mean_10s': 0.5567767012739173, 'depth_imb_k_mean_60s': 0.39599857074829536, 'dist_vwap_bps': None, 'hl_range_pct': None, 'oc_change_pct': None, 'volume_rel_20': None, 'atr_pct': None, 'position_in_range': None, 'rsi': None, 'bb_position': None, 'ret_3': None, 'ret_10': None, 'session_bucket': 2.0}"
2026-04-06|CRCL|2026-04-06T15:03:00-04:00|long|8,2026-04-06,CRCL,2026-04-06T15:03:00-04:00,long,8,0.4442134201526642,True,next_bar_open_if_replayed,"{'pressure_k': 0.0, 'spread': 0.06999999999999318, 'depth_imb_k': -0.12689599407028065, 'micro_off': 0.0, 'spread_mean_10s': 0.05615384615325288, 'depth_imb_k_mean_10s': 0.16383407206680764, 'depth_imb_k_mean_60s': 0.02169706520385911, 'dist_vwap_bps': None, 'hl_range_pct': None, 'oc_change_pct': None, 'volume_rel_20': None, 'atr_pct': None, 'position_in_range': None, 'rsi': None, 'bb_position': None, 'ret_3': None, 'ret_10': None, 'session_bucket': 2.0}"
2026-04-06|CRCL|2026-04-06T15:04:00-04:00|short|12,2026-04-06,CRCL,2026-04-06T15:04:00-04:00,short,12,0.4405878186225891,True,next_bar_open_if_replayed,"{'pressure_k': 0.0, 'spread': 0.0799999999999983, 'depth_imb_k': -0.41021549262285234, 'micro_off': 0.013333333333335418, 'spread_mean_10s': 0.07999999999992724, 'depth_imb_k_mean_10s': -0.4425876340700275, 'depth_imb_k_mean_60s': -0.37901055636270126, 'dist_vwap_bps': None, 'hl_range_pct': None, 'oc_change_pct': None, 'volume_rel_20': None, 'atr_pct': None, 'position_in_range': None, 'rsi': None, 'bb_position': None, 'ret_3': None, 'ret_10': None, 'session_bucket': 2.0}"
2026-04-06|CRCL|2026-04-06T15:05:00-04:00|long|8,2026-04-06,CRCL,2026-04-06T15:05:00-04:00,long,8,0.4758356809616089,True,next_bar_open_if_replayed,"{'pressure_k': 0.0, 'spread': 0.10000000000000853, 'depth_imb_k': -0.5133847490195046, 'micro_off': 0.0, 'spread_mean_10s': 0.10875000000055479, 'depth_imb_k_mean_10s': 0.18158711517222628, 'depth_imb_k_mean_60s': -0.1276811382431016, 'dist_vwap_bps': None, 'hl_range_pct': None, 'oc_change_pct': None, 'volume_rel_20': None, 'atr_pct': None, 'position_in_range': None, 'rsi': None, 'bb_position': None, 'ret_3': None, 'ret_10': None, 'session_bucket': 2.0}"
2026-04-06|CRCL|2026-04-06T15:06:00-04:00|short|5,2026-04-06,CRCL,2026-04-06T15:06:00-04:00,short,5,0.452131450176239,True,next_bar_open_if_replayed,"{'pressure_k': 0.0, 'spread': 0.07000000000000739, 'depth_imb_k': -0.5011021327685521, 'micro_off': -0.017500000000012506, 'spread_mean_10s': 0.08049999999993815, 'depth_imb_k_mean_10s': -0.3323392957169631, 'depth_imb_k_mean_60s': -0.1437963743363172, 'dist_vwap_bps': None, 'hl_range_pct': None, 'oc_change_pct': None, 'volume_rel_20': None, 'atr_pct': None, 'position_in_range': None, 'rsi': None, 'bb_position': None, 'ret_3': None, 'ret_10': None, 'session_bucket': 2.0}"
2026-04-06|CRCL|2026-04-06T15:07:00-04:00|short|5,2026-04-06,CRCL,2026-04-06T15:07:00-04:00,short,5,0.39852386713027954,True,next_bar_open_if_replayed,"{'pressure_k': 0.0, 'spread': 0.09000000000000341, 'depth_imb_k': -0.43687950327057806, 'micro_off': 0.0, 'spread_mean_10s': 0.09000000000014552, 'depth_imb_k_mean_10s': -0.4161863017558062, 'depth_imb_k_mean_60s': -0.3907001004695995, 'dist_vwap_bps': None, 'hl_range_pct': None, 'oc_change_pct': None, 'volume_rel_20': None, 'atr_pct': None, 'position_in_range': None, 'rsi': None, 'bb_position': None, 'ret_3': None, 'ret_10': None, 'session_bucket': 2.0}"
2026-04-06|CRCL|2026-04-06T15:08:00-04:00|short|12,2026-04-06,CRCL,2026-04-06T15:08:00-04:00,short,12,0.44272929430007935,True,next_bar_open_if_replayed,"{'pressure_k': 0.0, 'spread': 0.06999999999999318, 'depth_imb_k': -0.4157760841054057, 'micro_off': -0.017499999999998295, 'spread_mean_10s': 0.07099999999973079, 'depth_imb_k_mean_10s': -0.06323039279760678, 'depth_imb_k_mean_60s': -0.2831549107744932, 'dist_vwap_bps': None, 'hl_range_pct': None, 'oc_change_pct': None, 'volume_rel_20': None, 'atr_pct': None, 'position_in_range': None, 'rsi': None, 'bb_position': None, 'ret_3': None, 'ret_10': None, 'session_bucket': 2.0}"
2026-04-06|CRCL|2026-04-06T15:09:00-04:00|long|12,2026-04-06,CRCL,2026-04-06T15:09:00-04:00,long,12,0.38949644565582275,True,next_bar_open_if_replayed,"{'pressure_k': 0.0, 'spread': 0.06999999999999318, 'depth_imb_k': 0.5338485147178891, 'micro_off': -0.021000000000000796, 'spread_mean_10s': 0.0725641025638675, 'depth_imb_k_mean_10s': 0.42720856298252, 'depth_imb_k_mean_60s': 0.19921713959047144, 'dist_vwap_bps': None, 'hl_range_pct': None, 'oc_change_pct': None, 'volume_rel_20': None, 'atr_pct': None, 'position_in_range': None, 'rsi': None, 'bb_position': None, 'ret_3': None, 'ret_10': None, 'session_bucket': 2.0}"
2026-04-06|CRCL|2026-04-06T15:10:00-04:00|short|12,2026-04-06,CRCL,2026-04-06T15:10:00-04:00,short,12,0.47897472977638245,True,next_bar_open_if_replayed,"{'pressure_k': 0.0, 'spread': 0.0799999999999983, 'depth_imb_k': 0.5761508515592478, 'micro_off': 1.4210854715202004e-14, 'spread_mean_10s': 0.08076923076912816, 'depth_imb_k_mean_10s': 0.5765103481881292, 'depth_imb_k_mean_60s': 0.6236835768288617, 'dist_vwap_bps': None, 'hl_range_pct': None, 'oc_change_pct': None, 'volume_rel_20': None, 'atr_pct': None, 'position_in_range': None, 'rsi': None, 'bb_position': None, 'ret_3': None, 'ret_10': None, 'session_bucket': 2.0}"
2026-04-06|CRCL|2026-04-06T15:11:00-04:00|short|12,2026-04-06,CRCL,2026-04-06T15:11:00-04:00,short,12,0.4706539809703827,True,next_bar_open_if_replayed,"{'pressure_k': 0.0, 'spread': 0.07000000000000739, 'depth_imb_k': 0.5086087065612847, 'micro_off': -0.011666666666670267, 'spread_mean_10s': 0.06999999999970896, 'depth_imb_k_mean_10s': 0.5987346979245194, 'depth_imb_k_mean_60s': 0.7115706462190015, 'dist_vwap_bps': None, 'hl_range_pct': None, 'oc_change_pct': None, 'volume_rel_20': None, 'atr_pct': None, 'position_in_range': None, 'rsi': None, 'bb_position': None, 'ret_3': None, 'ret_10': None, 'session_bucket': 2.0}"
2026-04-06|CRCL|2026-04-06T15:12:00-04:00|short|8,2026-04-06,CRCL,2026-04-06T15:12:00-04:00,short,8,0.3706609904766083,True,next_bar_open_if_replayed,"{'pressure_k': 0.0, 'spread': 0.06999999999999318, 'depth_imb_k': 0.5494739012303863, 'micro_off': 0.007000000000005002, 'spread_mean_10s': 0.06999999999970896, 'depth_imb_k_mean_10s': 0.5447635333438484, 'depth_imb_k_mean_60s': 0.595414254418682, 'dist_vwap_bps': None, 'hl_range_pct': None, 'oc_change_pct': None, 'volume_rel_20': None, 'atr_pct': None, 'position_in_range': None, 'rsi': None, 'bb_position': None, 'ret_3': None, 'ret_10': None, 'session_bucket': 2.0}"
2026-04-06|CRCL|2026-04-06T15:13:00-04:00|short|12,2026-04-06,CRCL,2026-04-06T15:13:00-04:00,short,12,0.4552132189273834,True,next_bar_open_if_replayed,"{'pressure_k': 0.0, 'spread': 0.05000000000001137, 'depth_imb_k': 0.5842318455187767, 'micro_off': -0.008333333333325754, 'spread_mean_10s': 0.07923076923067968, 'depth_imb_k_mean_10s': 0.5847957662609844, 'depth_imb_k_mean_60s': 0.5614933855473629, 'dist_vwap_bps': None, 'hl_range_pct': None, 'oc_change_pct': None, 'volume_rel_20': None, 'atr_pct': None, 'position_in_range': None, 'rsi': None, 'bb_position': None, 'ret_3': None, 'ret_10': None, 'session_bucket': 2.0}"
2026-04-06|CRCL|2026-04-06T15:14:00-04:00|short|12,2026-04-06,CRCL,2026-04-06T15:14:00-04:00,short,12,0.45487305521965027,True,next_bar_open_if_replayed,"{'pressure_k': 0.0, 'spread': 0.0799999999999983, 'depth_imb_k': 0.7216533213882199, 'micro_off': 0.013333333333349628, 'spread_mean_10s': 0.07999999999992724, 'depth_imb_k_mean_10s': 0.7196760294974979, 'depth_imb_k_mean_60s': 0.5468370042289503, 'dist_vwap_bps': None, 'hl_range_pct': None, 'oc_change_pct': None, 'volume_rel_20': None, 'atr_pct': None, 'position_in_range': None, 'rsi': None, 'bb_position': None, 'ret_3': None, 'ret_10': None, 'session_bucket': 2.0}"
2026-04-06|CRCL|2026-04-06T15:15:00-04:00|short|12,2026-04-06,CRCL,2026-04-06T15:15:00-04:00,short,12,0.4585297703742981,True,next_bar_open_if_replayed,"{'pressure_k': 0.0, 'spread': 0.060000000000002274, 'depth_imb_k': 0.10245225533179758, 'micro_off': 0.0, 'spread_mean_10s': 0.06666666666630287, 'depth_imb_k_mean_10s': -0.003965212123276638, 'depth_imb_k_mean_60s': 0.03290905834379264, 'dist_vwap_bps': None, 'hl_range_pct': None, 'oc_change_pct': None, 'volume_rel_20': None, 'atr_pct': None, 'position_in_range': None, 'rsi': None, 'bb_position': None, 'ret_3': None, 'ret_10': None, 'session_bucket': 2.0}"
2026-04-06|CRCL|2026-04-06T15:16:00-04:00|short|8,2026-04-06,CRCL,2026-04-06T15:16:00-04:00,short,8,0.46803197264671326,True,next_bar_open_if_replayed,"{'pressure_k': 0.0, 'spread': 0.12000000000000455, 'depth_imb_k': 0.8402332160847975, 'micro_off': 0.0, 'spread_mean_10s': 0.12230769230798334, 'depth_imb_k_mean_10s': 0.8334832289351769, 'depth_imb_k_mean_60s': 0.5579178964595418, 'dist_vwap_bps': None, 'hl_range_pct': None, 'oc_change_pct': None, 'volume_rel_20': None, 'atr_pct': None, 'position_in_range': None, 'rsi': None, 'bb_position': None, 'ret_3': None, 'ret_10': None, 'session_bucket': 2.0}"
2026-04-06|CRCL|2026-04-06T15:17:00-04:00|short|8,2026-04-06,CRCL,2026-04-06T15:17:00-04:00,short,8,0.47132983803749084,True,next_bar_open_if_replayed,"{'pressure_k': 0.0, 'spread': 0.09000000000000341, 'depth_imb_k': 0.42112352656379576, 'micro_off': 0.0, 'spread_mean_10s': 0.08850000000011278, 'depth_imb_k_mean_10s': 0.7952829290207774, 'depth_imb_k_mean_60s': 0.8241537845888514, 'dist_vwap_bps': None, 'hl_range_pct': None, 'oc_change_pct': None, 'volume_rel_20': None, 'atr_pct': None, 'position_in_range': None, 'rsi': None, 'bb_position': None, 'ret_3': None, 'ret_10': None, 'session_bucket': 2.0}"
2026-04-06|CRCL|2026-04-06T15:18:00-04:00|short|8,2026-04-06,CRCL,2026-04-06T15:18:00-04:00,short,8,0.4752258062362671,True,next_bar_open_if_replayed,"{'pressure_k': 0.0, 'spread': 0.09999999999999432, 'depth_imb_k': 0.8022607093472593, 'micro_off': 0.0, 'spread_mean_10s': 0.09900000000006912, 'depth_imb_k_mean_10s': 0.798041032192009, 'depth_imb_k_mean_60s': 0.8057415063574815, 'dist_vwap_bps': None, 'hl_range_pct': None, 'oc_change_pct': None, 'volume_rel_20': None, 'atr_pct': None, 'position_in_range': None, 'rsi': None, 'bb_position': None, 'ret_3': None, 'ret_10': None, 'session_bucket': 2.0}"
2026-04-06|CRCL|2026-04-06T15:19:00-04:00|long|8,2026-04-06,CRCL,2026-04-06T15:19:00-04:00,long,8,0.40614476799964905,True,next_bar_open_if_replayed,"{'pressure_k': 0.0, 'spread': 0.09000000000000341, 'depth_imb_k': 0.7645018379663729, 'micro_off': 0.009000000000000341, 'spread_mean_10s': 0.08538461538466016, 'depth_imb_k_mean_10s': 0.6072160275447086, 'depth_imb_k_mean_60s': 0.6489760179510564, 'dist_vwap_bps': None, 'hl_range_pct': None, 'oc_change_pct': None, 'volume_rel_20': None, 'atr_pct': None, 'position_in_range': None, 'rsi': None, 'bb_position': None, 'ret_3': None, 'ret_10': None, 'session_bucket': 2.0}"
2026-04-06|CRCL|2026-04-06T15:20:00-04:00|long|8,2026-04-06,CRCL,2026-04-06T15:20:00-04:00,long,8,0.3868744373321533,True,next_bar_open_if_replayed,"{'pressure_k': 0.0, 'spread': 0.060000000000002274, 'depth_imb_k': -0.0010859686686486238, 'micro_off': 0.0, 'spread_mean_10s': 0.05571428571368285, 'depth_imb_k_mean_10s': 0.0582248365733557, 'depth_imb_k_mean_60s': 0.5329917090186551, 'dist_vwap_bps': None, 'hl_range_pct': None, 'oc_change_pct': None, 'volume_rel_20': None, 'atr_pct': None, 'position_in_range': None, 'rsi': None, 'bb_position': None, 'ret_3': None, 'ret_10': None, 'session_bucket': 2.0}"
2026-04-06|CRCL|2026-04-06T15:21:00-04:00|short|12,2026-04-06,CRCL,2026-04-06T15:21:00-04:00,short,12,0.388810932636261,True,next_bar_open_if_replayed,"{'pressure_k': 0.0, 'spread': 0.060000000000002274, 'depth_imb_k': -0.07243030219061254, 'micro_off': 0.0, 'spread_mean_10s': 0.0624999999996362, 'depth_imb_k_mean_10s': -0.1145470582515145, 'depth_imb_k_mean_60s': -0.08073665798000419, 'dist_vwap_bps': None, 'hl_range_pct': None, 'oc_change_pct': None, 'volume_rel_20': None, 'atr_pct': None, 'position_in_range': None, 'rsi': None, 'bb_position': None, 'ret_3': None, 'ret_10': None, 'session_bucket': 2.0}"
2026-04-06|CRCL|2026-04-06T15:22:00-04:00|long|8,2026-04-06,CRCL,2026-04-06T15:22:00-04:00,long,8,0.43443140387535095,True,next_bar_open_if_replayed,"{'pressure_k': 0.0, 'spread': 0.04999999999999716, 'depth_imb_k': 0.7859887920276775, 'micro_off': -1.4210854715202004e-14, 'spread_mean_10s': 0.055499999999847206, 'depth_imb_k_mean_10s': 0.7880868029681096, 'depth_imb_k_mean_60s': 0.07514825865166434, 'dist_vwap_bps': None, 'hl_range_pct': None, 'oc_change_pct': None, 'volume_rel_20': None, 'atr_pct': None, 'position_in_range': None, 'rsi': None, 'bb_position': None, 'ret_3': None, 'ret_10': None, 'session_bucket': 2.0}"
2026-04-06|CRCL|2026-04-06T15:23:00-04:00|short|8,2026-04-06,CRCL,2026-04-06T15:23:00-04:00,short,8,0.3834977447986603,True,next_bar_open_if_replayed,"{'pressure_k': 0.0, 'spread': 0.09000000000000341, 'depth_imb_k': 0.8055229824489408, 'micro_off': 0.022500000000007958, 'spread_mean_10s': 0.09000000000014552, 'depth_imb_k_mean_10s': 0.7945249460243303, 'depth_imb_k_mean_60s': 0.6978513368722807, 'dist_vwap_bps': None, 'hl_range_pct': None, 'oc_change_pct': None, 'volume_rel_20': None, 'atr_pct': None, 'position_in_range': None, 'rsi': None, 'bb_position': None, 'ret_3': None, 'ret_10': None, 'session_bucket': 2.0}"
2026-04-06|CRCL|2026-04-06T15:24:00-04:00|short|8,2026-04-06,CRCL,2026-04-06T15:24:00-04:00,short,8,0.4178640842437744,True,next_bar_open_if_replayed,"{'pressure_k': 0.0, 'spread': 0.030000000000001137, 'depth_imb_k': 0.7647130468467844, 'micro_off': 0.007499999999993179, 'spread_mean_10s': 0.030000000000654836, 'depth_imb_k_mean_10s': 0.786663581102357, 'depth_imb_k_mean_60s': 0.8063574007014859, 'dist_vwap_bps': None, 'hl_range_pct': None, 'oc_change_pct': None, 'volume_rel_20': None, 'atr_pct': None, 'position_in_range': None, 'rsi': None, 'bb_position': None, 'ret_3': None, 'ret_10': None, 'session_bucket': 2.0}"
2026-04-06|CRCL|2026-04-06T15:25:00-04:00|short|8,2026-04-06,CRCL,2026-04-06T15:25:00-04:00,short,8,0.3467463254928589,True,next_bar_open_if_replayed,"{'pressure_k': 0.0, 'spread': 0.04999999999999716, 'depth_imb_k': 0.7912043265419977, 'micro_off': 0.012499999999988631, 'spread_mean_10s': 0.049999999999272404, 'depth_imb_k_mean_10s': 0.7833394455089546, 'depth_imb_k_mean_60s': 0.6330995279340126, 'dist_vwap_bps': None, 'hl_range_pct': None, 'oc_change_pct': None, 'volume_rel_20': None, 'atr_pct': None, 'position_in_range': None, 'rsi': None, 'bb_position': None, 'ret_3': None, 'ret_10': None, 'session_bucket': 2.0}"
2026-04-06|CRCL|2026-04-06T15:26:00-04:00|short|8,2026-04-06,CRCL,2026-04-06T15:26:00-04:00,short,8,0.4585554599761963,True,next_bar_open_if_replayed,"{'pressure_k': 0.0, 'spread': 0.030000000000001137, 'depth_imb_k': 0.7943928420711616, 'micro_off': 0.0, 'spread_mean_10s': 0.030000000000654836, 'depth_imb_k_mean_10s': 0.7930166375133012, 'depth_imb_k_mean_60s': 0.7784906654147319, 'dist_vwap_bps': None, 'hl_range_pct': None, 'oc_change_pct': None, 'volume_rel_20': None, 'atr_pct': None, 'position_in_range': None, 'rsi': None, 'bb_position': None, 'ret_3': None, 'ret_10': None, 'session_bucket': 2.0}"
2026-04-06|CRCL|2026-04-06T15:27:00-04:00|short|12,2026-04-06,CRCL,2026-04-06T15:27:00-04:00,short,12,0.3789351284503937,True,next_bar_open_if_replayed,"{'pressure_k': 0.0, 'spread': 0.12000000000000455, 'depth_imb_k': 0.09190901983856095, 'micro_off': 0.0, 'spread_mean_10s': 0.12179487179496508, 'depth_imb_k_mean_10s': 0.11102312262391933, 'depth_imb_k_mean_60s': 0.5685438012820425, 'dist_vwap_bps': None, 'hl_range_pct': None, 'oc_change_pct': None, 'volume_rel_20': None, 'atr_pct': None, 'position_in_range': None, 'rsi': None, 'bb_position': None, 'ret_3': None, 'ret_10': None, 'session_bucket': 2.0}"
2026-04-06|CRCL|2026-04-06T15:28:00-04:00|short|8,2026-04-06,CRCL,2026-04-06T15:28:00-04:00,short,8,0.3095351755619049,True,next_bar_open_if_replayed,"{'pressure_k': 0.0, 'spread': 0.06999999999999318, 'depth_imb_k': 0.10731519218513189, 'micro_off': 0.0, 'spread_mean_10s': 0.053064516128371556, 'depth_imb_k_mean_10s': 0.0985915618260503, 'depth_imb_k_mean_60s': 0.09383361822360667, 'dist_vwap_bps': None, 'hl_range_pct': None, 'oc_change_pct': None, 'volume_rel_20': None, 'atr_pct': None, 'position_in_range': None, 'rsi': None, 'bb_position': None, 'ret_3': None, 'ret_10': None, 'session_bucket': 2.0}"
2026-04-06|CRCL|2026-04-06T15:29:00-04:00|long|5,2026-04-06,CRCL,2026-04-06T15:29:00-04:00,long,5,0.44487738609313965,True,next_bar_open_if_replayed,"{'pressure_k': 0.0, 'spread': 0.03999999999999204, 'depth_imb_k': 0.07962624058562687, 'micro_off': -0.01953488372092238, 'spread_mean_10s': 0.0452631578954855, 'depth_imb_k_mean_10s': -0.04225955711595625, 'depth_imb_k_mean_60s': -0.013198990777936077, 'dist_vwap_bps': None, 'hl_range_pct': None, 'oc_change_pct': None, 'volume_rel_20': None, 'atr_pct': None, 'position_in_range': None, 'rsi': None, 'bb_position': None, 'ret_3': None, 'ret_10': None, 'session_bucket': 2.0}"
2026-04-06|CRCL|2026-04-06T15:30:00-04:00|long|5,2026-04-06,CRCL,2026-04-06T15:30:00-04:00,long,5,0.34164947271347046,True,next_bar_open_if_replayed,"{'pressure_k': 0.0, 'spread': 0.04999999999999716, 'depth_imb_k': 0.06632209899896131, 'micro_off': -0.008333333333325754, 'spread_mean_10s': 0.04500000000007276, 'depth_imb_k_mean_10s': 0.07664537583225509, 'depth_imb_k_mean_60s': 0.09355007689971899, 'dist_vwap_bps': None, 'hl_range_pct': None, 'oc_change_pct': None, 'volume_rel_20': None, 'atr_pct': None, 'position_in_range': None, 'rsi': None, 'bb_position': None, 'ret_3': None, 'ret_10': None, 'session_bucket': 2.0}"
2026-04-06|CRCL|2026-04-06T15:31:00-04:00|short|12,2026-04-06,CRCL,2026-04-06T15:31:00-04:00,short,12,0.34738636016845703,True,next_bar_open_if_replayed,"{'pressure_k': 0.0, 'spread': 0.04999999999999716, 'depth_imb_k': 0.07147802153733157, 'micro_off': 0.0, 'spread_mean_10s': 0.050512820512197396, 'depth_imb_k_mean_10s': 0.07746397829207406, 'depth_imb_k_mean_60s': 0.08420280922197576, 'dist_vwap_bps': None, 'hl_range_pct': None, 'oc_change_pct': None, 'volume_rel_20': None, 'atr_pct': None, 'position_in_range': None, 'rsi': None, 'bb_position': None, 'ret_3': None, 'ret_10': None, 'session_bucket': 3.0}"
2026-04-06|CRCL|2026-04-06T15:32:00-04:00|short|12,2026-04-06,CRCL,2026-04-06T15:32:00-04:00,short,12,0.4264490306377411,True,next_bar_open_if_replayed,"{'pressure_k': 0.0, 'spread': 0.060000000000002274, 'depth_imb_k': 0.12037091762639737, 'micro_off': 0.015000000000000568, 'spread_mean_10s': 0.06076923076873824, 'depth_imb_k_mean_10s': 0.008502337690445599, 'depth_imb_k_mean_60s': -0.0604345011578284, 'dist_vwap_bps': None, 'hl_range_pct': None, 'oc_change_pct': None, 'volume_rel_20': None, 'atr_pct': None, 'position_in_range': None, 'rsi': None, 'bb_position': None, 'ret_3': None, 'ret_10': None, 'session_bucket': 3.0}"
2026-04-06|CRCL|2026-04-06T15:33:00-04:00|short|12,2026-04-06,CRCL,2026-04-06T15:33:00-04:00,short,12,0.40194767713546753,True,next_bar_open_if_replayed,"{'pressure_k': 0.0, 'spread': 0.07000000000000739, 'depth_imb_k': 0.06626685082002516, 'micro_off': -0.011666666666670267, 'spread_mean_10s': 0.07138888888862817, 'depth_imb_k_mean_10s': 0.09328451138445518, 'depth_imb_k_mean_60s': 0.08278503522026934, 'dist_vwap_bps': None, 'hl_range_pct': None, 'oc_change_pct': None, 'volume_rel_20': None, 'atr_pct': None, 'position_in_range': None, 'rsi': None, 'bb_position': None, 'ret_3': None, 'ret_10': None, 'session_bucket': 3.0}"
2026-04-06|CRCL|2026-04-06T15:34:00-04:00|short|12,2026-04-06,CRCL,2026-04-06T15:34:00-04:00,short,12,0.44506651163101196,True,next_bar_open_if_replayed,"{'pressure_k': 0.0, 'spread': 0.10999999999999943, 'depth_imb_k': 0.3645288096802221, 'micro_off': -0.01833333333334508, 'spread_mean_10s': 0.09150000000017826, 'depth_imb_k_mean_10s': 0.1573506561646809, 'depth_imb_k_mean_60s': -0.21479052876407081, 'dist_vwap_bps': None, 'hl_range_pct': None, 'oc_change_pct': None, 'volume_rel_20': None, 'atr_pct': None, 'position_in_range': None, 'rsi': None, 'bb_position': None, 'ret_3': None, 'ret_10': None, 'session_bucket': 3.0}"
2026-04-06|CRCL|2026-04-06T15:35:00-04:00|short|12,2026-04-06,CRCL,2026-04-06T15:35:00-04:00,short,12,0.38255876302719116,True,next_bar_open_if_replayed,"{'pressure_k': 0.0, 'spread': 0.07000000000000739, 'depth_imb_k': -0.6938940647671409, 'micro_off': 0.011666666666656056, 'spread_mean_10s': 0.06999999999970896, 'depth_imb_k_mean_10s': -0.6832217797465546, 'depth_imb_k_mean_60s': -0.49924348891044373, 'dist_vwap_bps': None, 'hl_range_pct': None, 'oc_change_pct': None, 'volume_rel_20': None, 'atr_pct': None, 'position_in_range': None, 'rsi': None, 'bb_position': None, 'ret_3': None, 'ret_10': None, 'session_bucket': 3.0}"
2026-04-06|CRCL|2026-04-06T15:36:00-04:00|short|12,2026-04-06,CRCL,2026-04-06T15:36:00-04:00,short,12,0.3780497610569,True,next_bar_open_if_replayed,"{'pressure_k': 0.0, 'spread': 0.0799999999999983, 'depth_imb_k': -0.6867637769500057, 'micro_off': 0.0, 'spread_mean_10s': 0.07999999999992724, 'depth_imb_k_mean_10s': -0.6860858088069178, 'depth_imb_k_mean_60s': -0.6838884741287584, 'dist_vwap_bps': None, 'hl_range_pct': None, 'oc_change_pct': None, 'volume_rel_20': None, 'atr_pct': None, 'position_in_range': None, 'rsi': None, 'bb_position': None, 'ret_3': None, 'ret_10': None, 'session_bucket': 3.0}"
2026-04-06|CRCL|2026-04-06T15:37:00-04:00|short|12,2026-04-06,CRCL,2026-04-06T15:37:00-04:00,short,12,0.3861427903175354,True,next_bar_open_if_replayed,"{'pressure_k': 0.0, 'spread': 0.05999999999998806, 'depth_imb_k': -0.6801986593199278, 'micro_off': -0.009999999999990905, 'spread_mean_10s': 0.05025641025568826, 'depth_imb_k_mean_10s': -0.6531018801411287, 'depth_imb_k_mean_60s': -0.6274077954856356, 'dist_vwap_bps': None, 'hl_range_pct': None, 'oc_change_pct': None, 'volume_rel_20': None, 'atr_pct': None, 'position_in_range': None, 'rsi': None, 'bb_position': None, 'ret_3': None, 'ret_10': None, 'session_bucket': 3.0}"
2026-04-06|CRCL|2026-04-06T15:38:00-04:00|short|12,2026-04-06,CRCL,2026-04-06T15:38:00-04:00,short,12,0.3795226216316223,True,next_bar_open_if_replayed,"{'pressure_k': 0.0, 'spread': 0.030000000000001137, 'depth_imb_k': -0.15106227742080724, 'micro_off': -0.0030000000000001137, 'spread_mean_10s': 0.030000000000654836, 'depth_imb_k_mean_10s': -0.18448052070479481, 'depth_imb_k_mean_60s': 0.012932777414379358, 'dist_vwap_bps': None, 'hl_range_pct': None, 'oc_change_pct': None, 'volume_rel_20': None, 'atr_pct': None, 'position_in_range': None, 'rsi': None, 'bb_position': None, 'ret_3': None, 'ret_10': None, 'session_bucket': 3.0}"
2026-04-06|CRCL|2026-04-06T15:39:00-04:00|short|12,2026-04-06,CRCL,2026-04-06T15:39:00-04:00,short,12,0.37460073828697205,True,next_bar_open_if_replayed,"{'pressure_k': 0.0, 'spread': 0.06999999999999318, 'depth_imb_k': -0.03358643939632629, 'micro_off': -0.011666666666670267, 'spread_mean_10s': 0.06699999999964348, 'depth_imb_k_mean_10s': -0.06702357106082672, 'depth_imb_k_mean_60s': -0.27287941964896567, 'dist_vwap_bps': None, 'hl_range_pct': None, 'oc_change_pct': None, 'volume_rel_20': None, 'atr_pct': None, 'position_in_range': None, 'rsi': None, 'bb_position': None, 'ret_3': None, 'ret_10': None, 'session_bucket': 3.0}"
2026-04-06|CRCL|2026-04-06T15:40:00-04:00|short|5,2026-04-06,CRCL,2026-04-06T15:40:00-04:00,short,5,0.40290555357933044,True,next_bar_open_if_replayed,"{'pressure_k': 0.0, 'spread': 0.030000000000001137, 'depth_imb_k': -0.1385764284118592, 'micro_off': -0.0049999999999954525, 'spread_mean_10s': 0.05693333333307237, 'depth_imb_k_mean_10s': -0.4229675528548857, 'depth_imb_k_mean_60s': -0.2111317413328878, 'dist_vwap_bps': None, 'hl_range_pct': None, 'oc_change_pct': None, 'volume_rel_20': None, 'atr_pct': None, 'position_in_range': None, 'rsi': None, 'bb_position': None, 'ret_3': None, 'ret_10': None, 'session_bucket': 3.0}"
2026-04-06|CRCL|2026-04-06T15:41:00-04:00|short|12,2026-04-06,CRCL,2026-04-06T15:41:00-04:00,short,12,0.3710939884185791,True,next_bar_open_if_replayed,"{'pressure_k': 0.0, 'spread': 0.0799999999999983, 'depth_imb_k': -0.1496260554885404, 'micro_off': -0.013333333333321207, 'spread_mean_10s': 0.0837500000000091, 'depth_imb_k_mean_10s': -0.16790359587921558, 'depth_imb_k_mean_60s': -0.28318050980373916, 'dist_vwap_bps': None, 'hl_range_pct': None, 'oc_change_pct': None, 'volume_rel_20': None, 'atr_pct': None, 'position_in_range': None, 'rsi': None, 'bb_position': None, 'ret_3': None, 'ret_10': None, 'session_bucket': 3.0}"
2026-04-06|CRCL|2026-04-06T15:42:00-04:00|short|5,2026-04-06,CRCL,2026-04-06T15:42:00-04:00,short,5,0.39842942357063293,True,next_bar_open_if_replayed,"{'pressure_k': 0.0, 'spread': 0.030000000000001137, 'depth_imb_k': -0.11298287662969606, 'micro_off': 0.0, 'spread_mean_10s': 0.04238095238057819, 'depth_imb_k_mean_10s': -0.16475908083945492, 'depth_imb_k_mean_60s': -0.1792925267081928, 'dist_vwap_bps': None, 'hl_range_pct': None, 'oc_change_pct': None, 'volume_rel_20': None, 'atr_pct': None, 'position_in_range': None, 'rsi': None, 'bb_position': None, 'ret_3': None, 'ret_10': None, 'session_bucket': 3.0}"
2026-04-06|CRCL|2026-04-06T15:43:00-04:00|short|12,2026-04-06,CRCL,2026-04-06T15:43:00-04:00,short,12,0.40732288360595703,True,next_bar_open_if_replayed,"{'pressure_k': 0.0, 'spread': 0.05999999999998806, 'depth_imb_k': -0.09944451654217398, 'micro_off': -1.4210854715202004e-14, 'spread_mean_10s': 0.05999999999949068, 'depth_imb_k_mean_10s': -0.0893755410615995, 'depth_imb_k_mean_60s': -0.10391670464376312, 'dist_vwap_bps': None, 'hl_range_pct': None, 'oc_change_pct': None, 'volume_rel_20': None, 'atr_pct': None, 'position_in_range': None, 'rsi': None, 'bb_position': None, 'ret_3': None, 'ret_10': None, 'session_bucket': 3.0}"
