tree
version=v4
num_class=1
num_tree_per_iteration=1
label_index=0
max_feature_idx=30
objective=binary sigmoid:1
feature_names=returns returns_5 returns_10 returns_20 range_pct body_pct upper_wick lower_wick volume_ratio volume_ratio_20 volatility_5 volatility_20 atr time_since_open time_to_close price_position fvg_up fvg_down fvg_size_pct displacement_up displacement_down order_block_bull order_block_bear liquidity_grab_high liquidity_grab_low bos_up bos_down pressure_ratio distance_from_vwap volume_momentum pv_divergence
feature_infos=[-0.43937239069596734:0.8125] [-0.50375939849624063:0.81693911260465901] [-0.505:0.94454545454545458] [-0.50877192982456143:0.94542974079126885] [0:0.52760736196319002] [0:0.47697756788665868] [0:0.18679549114331714] [0:0.52085889570552135] [0.0012890097649869525:4.9860575842579715] [0.0015508648785711571:19.183070586564408] [0:0.3644225928580585] [0.0002232871760048879:0.1821218430546396] [0.0025000000000001371:9.9736928571428543] [0:383] [7:390] [0:0.99999999963369957] [0:1] [0:1] [0:0.67896890343698857] [0:1] [0:1] [0:1] [0:1] [0:1] [0:1] [0:1] [0:1] [0:66543980] [-0.4800279030421879:0.80881421621797578] [-0.99899334412002649:2533.1999999999998] [-2533.190811742053:1.7096606315920009]
tree_sizes=3400 3431 3432 3444 3447 3449 3460 3480 3458 3490 3495 3470 3490 3506 3479 3499 3486 3495 3478 3481 3472 3476 3485 3499 3478 3475 3497 3499 3487 3490 3460 3479 3480 3488 3475 3490 3508 3476 3482 3472 3498 3502 3463 3486 3472 3465 3488 3479 3508 3492 3467 3450 3493 3475 3490 3491 3435 3497 3519 3500 3464 3479 3508 3459 3506 3487 3470 3489 3500 3480 3499 3501 3487 3523 3486 3480 3506 3486 3498 3477 3417 3486 3488 3451 3460 3482 3474 3477 3433 3488 3470 3483 3468 3492 3461 3467 3494 3492 3484 3447 3461 3467

Tree=0
num_leaves=31
num_cat=0
split_feature=10 4 11 11 13 4 3 3 13 12 4 12 13 28 6 29 13 28 13 11 29 12 11 12 12 13 11 10 6 6
split_gain=11459.2 3519.99 1164.1 792.345 657.645 725.738 441.471 483.805 413.376 358.653 288.715 273.184 257.489 235.841 227.732 190.062 186.668 172.525 169.593 187.164 164.266 163.737 159.364 207.452 156.714 155.543 153.73 147.255 145.123 138.572
threshold=0.0040006205380438671 0.015525595114425266 0.0048156734842849727 0.0030869651018485306 239.50000000000003 0.0084632813020369246 0.10133151983151979 -0.09986964281894721 269.50000000000006 0.062857142857144832 0.0062476288272989471 0.10831428571428554 241.50000000000003 -0.041162629491872292 0.0049219061095499448 2.3632025572570661 227.50000000000003 -0.029682999288225771 319.50000000000006 0.0082923761618030525 0.81888778338483192 0.022214285714285745 0.011295578106560076 0.024642857142856873 0.095242857142857101 240.50000000000003 0.0050582006099719494 0.0069551309523613524 0.001545595054095721 0.001039807449947399
decision_type=2 2 2 2 2 2 2 2 2 2 2 2 2 2 2 2 2 2 2 2 2 2 2 2 2 2 2 2 2 2
left_child=3 2 25 -1 22 8 7 14 11 -8 12 -6 16 -7 -3 -11 -5 -12 24 26 -10 -18 28 -24 -15 -2 -20 -9 -4 -29
right_child=1 6 4 10 5 13 9 27 20 15 17 -13 -14 18 -16 -17 21 -19 19 -21 -22 -23 23 -25 -26 -27 -28 29 -30 -31
leaf_value=-4.2939847543699035 -4.0295520614958393 -3.3472408614113212 -3.945594366013164 -4.1279034062913835 -3.9745404786468779 -3.3371382731206838 -1.5306934894691442 -3.9331171556615345 -3.9099752581751841 -2.9266870800633678 -3.3032435520338788 -4.1706163389168669 -4.2466661597996955 -3.7646786300200006 -2.5191824897128852 -3.7377198391042623 -2.6493335414116457 -4.1212413298489858 -2.9336661532633612 -3.3906851770837445 -4.1373537366790591 -3.8328262246250397 -2.6193493750709305 -3.7467022209874901 -3.9806271636010115 -4.212415602119016 -3.9460714568688524 -3.7813045917978005 -3.582098897033803 -3.5392576901943009
leaf_weight=2545.8158749267459 13.201411999762056 2.4179428294301029 25.930352412164215 21.400183662772182 21.455768555402756 1.8204052336513985 0.36130180209875051 4.516272526234391 35.39368038251996 2.2233957052230839 0.65312248840927978 103.24893806129694 412.18977130204439 10.116450458765028 1.2645563073456285 1.0700091831386087 0.33350935578346197 49.373280879110098 0.402990471571682 3.0293766483664513 10.241516467183827 2.3623579367995262 0.41688669472933071 19.301853965967894 49.553931780159473 97.62096768245101 5.3917345851659775 9.0881299450993556 3.0710653178393832 16.925599806010723
leaf_count=183202 950 174 1866 1540 1544 131 26 325 2547 160 47 7430 29662 728 91 77 24 3553 29 218 737 170 30 1389 3566 7025 388 654 221 1218
internal_value=-4.24828 -4.00924 -4.05283 -4.28281 -4.00006 -4.03398 -3.54847 -3.60427 -4.08976 -3.02613 -4.22433 -4.13688 -4.23738 -3.89883 -3.06289 -3.19019 -4.07851 -4.11056 -3.91376 -3.70917 -3.961 -3.68641 -3.83254 -3.72287 -3.94402 -4.19063 -3.87566 -3.66957 -3.9071 -3.62382
internal_weight=3470.19 438.065 400.197 3032.13 289.375 240.655 37.8672 34.2125 170.34 3.65471 486.312 124.705 436.286 70.3149 3.6825 3.2934 24.0961 50.0264 68.4945 8.8241 45.6352 2.69587 48.7202 19.7187 59.6704 110.822 5.79473 30.53 29.0014 26.0137
internal_count=249722 31524 28799 218198 20824 17318 2725 2462 12258 263 34996 8974 31396 5060 265 237 1734 3600 4929 635 3284 194 3506 1419 4294 7975 417 2197 2087 1872
is_linear=0
shrinkage=1


Tree=1
num_leaves=31
num_cat=0
split_feature=5 13 7 6 5 18 28 6 3 28 28 6 28 7 5 2 27 13 0 28 12 28 27 1 13 6 3 12 18 9
split_gain=4038.98 2215.82 1303.41 584.737 363.724 360.237 315.925 284.784 211.792 183.193 181.163 167.431 150.263 140.701 111.874 97.2634 92.523 92.2468 130.156 91.6678 93.5675 90.4337 117.455 88.7797 83.5522 97.6768 83.1421 82.2864 80.6394 79.6366
threshold=0.0050611027051698258 241.50000000000003 0.0022993933174132145 0.0028275358491911162 0.0077694458035960524 0.0051999708412057638 -0.011603858362632532 0.001985519258374696 0.033925586389230052 -0.020828675146670018 0.0091676162172377989 0.001896477613771501 -0.041162629491872292 0.0040175424141563861 0.017857142857142804 -0.05428214364953942 18898.500000000004 325.50000000000006 0.0051838150787533186 0.017785167031727767 0.08410714285714263 0.028123417511791638 26.039222567793033 -0.0090194313484335247 258.50000000000006 0.0029604022879977303 -0.032887657048522027 0.20981428571428498 0.00065628517124550047 0.75775684608930127
decision_type=2 2 2 2 2 2 2 2 2 2 2 2 2 2 2 2 2 2 2 2 2 2 2 2 2 2 2 2 2 2
left_child=1 5 3 6 8 -1 -3 13 12 29 23 14 27 -4 16 -16 28 21 -19 -15 -21 -10 -23 -8 -14 -26 -7 -2 -6 -5
right_child=4 2 7 9 11 26 10 -9 17 -11 -12 -13 24 19 15 -17 -18 18 -20 20 -22 22 -24 -25 25 -27 -28 -29 -30 -31
leaf_value=0.12999937329968528 0.81824633417782078 0.075940136340979181 0.056574856810417067 0.76521222629372321 0.24981550115172577 0.49785142429073387 0.025645295948458498 0.26876796110188045 0.196931345243544 0.099028746811292465 0.025238451052017039 0.33437617254690644 0.15204886984332577 0.160400082328087 0.61821619503733927 0.27767563599160028 0.54180115037653787 1.0840538549372041 0.26033216230681389 1.010825192103435 0.31205147721888571 0.37432478659776269 1.2832524803647181 -0.040910762991282303 0.03953550117337401 0.2711157045316468 0.2817276146820063 0.22544380882157819 0.13248094101231048 0.28843451931590008
leaf_weight=117.69254332408309 1.0919324010610574 63.140579964034259 73.140726872719824 1.3475271910428994 23.087202941998839 5.2821463774889699 51.054163307882845 29.367317260242999 14.119430420920258 57.390639213845134 111.86957972403616 43.980132823809981 40.152687872759998 21.295798035338525 2.6127142850309601 10.61803446896374 1.7712649684399355 0.83676550723612209 1.1233913619071243 0.61213378142565433 2.2036969717592001 2.5806698715314265 0.41219983249902714 2694.2958239428699 54.780416009947658 4.9661058522760859 28.245209783315659 1.2619175296276806 40.036658568307757 2.5020558936521411
leaf_count=6839 39 4331 5069 70 1123 251 3567 1540 811 3735 7827 1570 2360 1287 92 411 96 39 53 32 125 111 21 200778 3543 262 1483 44 2085 128
internal_value=-0.00104212 -0.0157148 -0.024808 -0.0314804 0.195419 0.171189 -0.0346868 0.132311 0.134105 0.121426 -0.0371315 0.256341 0.105574 0.0911053 0.212412 0.344923 0.185396 0.287067 0.611968 0.195851 0.463958 0.249851 0.499509 -0.039673 0.0962703 0.0587844 0.315777 0.50044 0.175395 0.455328
internal_weight=3502.87 3259.44 3108.22 2981.6 243.432 151.22 2920.36 126.62 121.326 61.2402 2857.22 122.106 102.253 97.2524 78.1259 13.2307 64.8951 19.0725 1.96016 24.1116 2.81583 17.1123 2.99287 2745.35 99.8992 59.7465 33.5274 2.35385 63.1239 3.84958
internal_count=249722 237062 228489 220436 12660 8573 216503 8053 7283 3933 212172 5377 6248 6513 3807 503 3304 1035 92 1444 157 943 132 204345 6165 3805 1734 83 3208 198
is_linear=0
shrinkage=0.05


Tree=2
num_leaves=31
num_cat=0
split_feature=10 10 10 29 13 13 0 1 6 0 7 13 13 0 6 1 13 19 1 1 6 13 14 7 28 13 12 9 6 1
split_gain=6652.4 456.245 339.895 165.118 142.931 141.86 126.614 125.57 113.36 101.781 99.2067 94.3436 101.622 95.9196 111.863 84.3028 77.9885 74.9454 72.2961 65.1624 67.8383 63.3732 71.0801 63.0073 62.8429 62.3179 65.0919 80.9669 57.4328 64.6184
threshold=0.0040006205380438671 0.0027333719856434341 0.006602075598593383 1.2596392605294719 244.50000000000003 240.50000000000003 -0.0076517037549851388 -0.023041126156725652 0.001985519258374696 0.016372296735288065 0.0022993933174132145 240.50000000000003 233.50000000000003 -0.0002761159692916681 0.0007119411674569229 -0.014874022443877586 320.50000000000006 1.0000000180025095e-35 0.010747246761088404 0.011503617136521706 0.0029604022879977303 182.50000000000003 132.50000000000003 0.0027275207062440435 -0.015110552632659155 309.50000000000006 0.18416785714285619 0.5149649011011429 0.0010131712259372819 -0.019239544611230838
decision_type=2 2 2 2 2 2 2 2 2 2 2 2 2 2 2 2 2 2 2 2 2 2 2 2 2 2 2 2 2 2
left_child=1 4 10 8 -1 17 -5 16 -4 23 11 12 -2 -14 -15 -6 -7 -3 24 -17 -21 -11 -23 -8 -9 -10 -27 -28 -13 -30
right_child=2 5 3 6 15 7 9 18 25 21 -12 28 13 14 -16 19 -18 -19 -20 20 -22 22 -24 -25 -26 26 27 -29 29 -31
leaf_value=0.048946175635593642 0.13542684121765625 0.12419255104575022 0.17656879570918407 0.22097957549421571 0.16512245094484193 0.24838687058881975 0.068486456179368382 0.1130433320806542 0.23276875850584766 0.45513969586221975 0.16532088194057282 0.052158319181966784 0.097558555008221734 0.45063986739953577 1.3647134095134172 -0.0439596103850321 1.0332156089312854 0.57734425955571211 0.1005304613571622 0.034625056648433551 0.4705296812651838 0.36326079395458155 0.079790863102988885 0.15784421551483624 -0.0015471290689181866 0.2362008090245179 0.96833915039579288 0.40640689368128946 0.32913885765042067 0.098107788316640548
leaf_weight=43.054220585152507 31.596518380567431 20.821593108586971 152.22373516019434 31.890591547824442 4.8588281078264108 1.3355903411284078 75.242603380233049 12.499391789548097 61.838824391365051 2.7602967377752057 49.879326459020376 118.40979443956167 1.3450231738388541 1.5928105600178235 0.42375332675874222 2461.1916313795373 0.41485446412116278 0.95424281712621351 20.482022801414132 12.886184372939166 0.95897067245096046 3.4799830652773363 6.0665840078145266 26.737266342155635 279.65492554940283 5.3750135777518135 0.73493589088320721 5.0170267783105373 3.1548426337540141 74.456820304505527
leaf_count=2568 1369 1127 6845 1096 297 70 3960 749 2036 83 2477 7318 63 66 19 190684 18 46 1335 909 58 93 184 1114 20337 176 23 152 149 4301
internal_value=-0.00121331 -0.0340838 0.142879 0.174268 -0.0413746 0.0206346 0.132887 0.0120862 0.20113 0.108306 0.101373 0.0875642 0.163233 0.424592 0.64272 -0.0429427 0.434391 0.14405 0.00972177 -0.0433511 0.0648175 0.244134 0.183123 0.0919144 0.00335545 0.25237 0.361302 0.478206 0.0740696 0.107499
internal_weight=3511.34 2859.11 652.226 371.367 2522.95 336.163 146.177 314.387 225.19 114.287 280.859 230.98 34.9581 3.36159 2.01656 2479.9 1.75044 21.7758 312.636 2475.04 13.8452 12.3069 9.54657 101.98 292.154 72.9658 11.127 5.75196 196.021 77.6117
internal_count=249722 218198 31524 15762 194516 23682 6530 22509 9232 5434 15762 13285 1517 148 85 191948 88 1173 22421 191651 967 360 277 5074 21086 2387 351 175 11768 4450
is_linear=0
shrinkage=0.05


Tree=3
num_leaves=31
num_cat=0
split_feature=11 4 13 13 11 13 11 4 11 13 27 4 12 12 4 11 8 12 18 18 30 13 12 11 12 30 12 27 12 15
split_gain=5219.86 814.116 458.941 363.59 234.475 203.174 90.0378 89.0494 87.7443 76.2005 77.4603 73.2446 72.5103 99.6405 73.8279 82.6849 70.953 69.2858 68.1915 65.3245 64.704 61.3086 53.0271 138.293 61.5194 56.2851 52.1498 52.6134 51.9296 51.2748
threshold=0.0036929317180210744 0.0070022410193455471 240.50000000000003 269.50000000000006 0.0047121989698141499 253.50000000000003 0.0022911875723355423 0.0040575718230187975 0.0065128669162487678 259.50000000000006 0.43657073375698802 0.0067911714770797953 0.095242857142857101 0.069642857142857381 0.012318008460641071 0.007032872632654028 0.63900622250739858 0.10972142857142804 0.0054163848391750183 0.0079063022377278795 -0.73965423171355338 252.50000000000003 0.0332857142857143 0.011784175178464171 0.10073214285714284 0.77942542123921055 1.0241428571428599 0.45926916673257412 0.58857500000000085 0.60227271700671958
decision_type=2 2 2 2 2 2 2 2 2 2 2 2 2 2 2 2 2 2 2 2 2 2 2 2 2 2 2 2 2 2
left_child=5 2 18 7 -5 11 -7 17 -3 12 -11 -1 13 -10 -14 29 -9 19 -2 -4 -6 -21 23 -12 -24 26 27 -26 -22 -16
right_child=1 8 3 4 20 6 -8 16 9 10 22 -13 14 -15 15 -17 -18 -19 -20 21 28 -23 24 -25 25 -27 -28 -29 -30 -31
leaf_value=0.0215303557691933 0.11579255358543171 0.10682719861471211 0.033638181841870181 0.035068860160263664 0.06838460876596679 -0.048944971674246329 -0.023752813423856246 0.099176342858221495 0.13161125015314828 0.12099346273677891 0.14312299015053176 0.18446137516081443 0.096720377740314084 0.33244642907277844 0.65898875979627314 0.15585534123675279 0.021028769327113103 -0.022962814463776789 0.19186634734666419 0.90774867004881576 0.18928057681094901 0.062283966650897075 0.14711699370671411 0.97176680710625307 0.65435217085984032 0.60464999114821671 -0.052171133203058273 0.23994884535823247 0.034092572102998805 0.10915273612977559
leaf_weight=71.06820965744555 85.524856742471457 96.399788205511868 56.255294964648783 74.572251053526998 17.187730466015637 1929.9942042287439 434.53238779306412 39.304477031342685 13.600347798317673 25.391290262341499 1.2806963082402938 7.6392135787755242 80.067280252464116 11.313034383580087 1.3364011347293843 85.074013248085976 111.28102374169976 180.01313662249595 44.934977304190397 0.41712528094649215 65.322993604466319 0.44124284945428371 23.17661939188838 0.82970625162124623 0.77832851186394592 1.0666597951203574 1.5060717612504948 48.085441390052438 5.875483699142932 0.62106058001518238
leaf_count=4386 3514 4247 3796 5161 1043 157366 33228 2282 407 758 40 390 3490 340 41 2103 6918 12765 1437 19 3469 23 579 19 21 39 50 1438 332 21
internal_value=-0.00133053 0.0906717 0.0576731 0.0376963 0.100364 -0.0416848 -0.0443154 0.0113564 0.148226 0.161794 0.196692 0.0373442 0.143235 0.222809 0.13137 0.163248 0.0414261 -0.00773913 0.141995 0.0402435 0.155455 0.473139 0.221744 0.468905 0.214753 0.245229 0.237618 0.24655 0.176474 0.484538
internal_weight=3514.89 1071.66 681.131 550.671 162.958 2443.23 2364.53 387.712 390.527 294.127 102.115 78.7074 192.012 24.9134 167.099 87.0315 150.586 237.127 130.46 57.1137 88.3862 0.858368 76.7235 2.1104 74.6131 51.4365 50.3698 48.8638 71.1985 1.95746
internal_count=249722 54352 40759 35808 10005 195370 190594 25803 13593 9346 2944 4776 6402 747 5655 2165 9200 16603 4951 3838 4844 42 2186 59 2127 1548 1509 1459 3801 62
is_linear=0
shrinkage=0.05


Tree=4
num_leaves=31
num_cat=0
split_feature=10 11 11 12 4 12 13 13 4 11 13 4 4 13 2 27 2 4 9 27 0 29 12 13 14 10 9 8 18 13
split_gain=4624.24 555.16 430.435 104.196 94.5056 133.634 115.002 99.7516 94.2272 92.0784 83.3439 50.5366 49.6898 47.2254 64.481 45.6981 43.5764 65.963 42.1664 63.4932 44.3567 46.5055 42.1444 41.833 40.7044 40.1817 49.1043 42.474 39.5865 37.8748
threshold=0.0033716680255148038 0.0048156734842849727 0.003046844552723181 0.054503571428570909 0.0093641825388773355 0.14493571428571453 274.50000000000006 239.50000000000003 0.0046301674069956162 0.0076229332893819621 240.50000000000003 0.0040575718230187975 0.0070022410193455471 251.50000000000003 -0.016503667723570366 0.036812112810317245 0.033052746219851221 0.0075054113086625296 1.0049953291490847 0.49626122507395415 -0.0033250845670761971 1.0545713778659955 0.1032071428571424 243.50000000000003 62.500000000000007 0.0056177334270000852 0.38606183046909565 1.3475560416158416 0.0050125156641604466 255.50000000000003
decision_type=2 2 2 2 2 2 2 2 2 2 2 2 2 2 2 2 2 2 2 2 2 2 2 2 2 2 2 2 2 2
left_child=2 10 23 -4 5 9 7 18 -5 16 -2 -9 -12 -13 -15 -10 -3 22 -7 -20 -21 -22 -18 28 25 26 -11 -27 -1 -16
right_child=1 4 3 8 -6 6 -8 11 15 24 12 13 -14 14 29 -17 17 -19 19 20 21 -23 -24 -25 -26 27 -28 -29 -30 -31
leaf_value=0.00054542211422334232 0.09644311929174737 0.089935097599523575 0.069428970483180169 -0.015893607882353861 0.13490359551696993 0.10696340163590817 0.15025377821746755 -0.0023330214803289977 0.14353131223052307 0.92236235401429545 -0.0014100244602696526 0.035254454050321855 0.060599419370724522 0.23920982346500239 0.14104754655776786 0.030349698400880316 0.040124263912998892 0.78984534517643068 0.089521554122123981 0.76638589621766839 0.55919370576336425 0.12274451377188376 0.52903241432945103 -0.046740444977548493 0.15545109166840712 0.16599900108535046 0.23439930040465884 0.58848488394100862 0.25416342761680322 0.033356986633959855
leaf_weight=25.295455666258935 33.785057444125414 98.743470226414502 61.47589798271656 269.91832269821316 292.01244657114148 33.681229116395116 40.875622788444161 47.40668751206249 9.9997806996107084 0.51358027756214031 155.96407479327172 75.864013202488422 40.747035595588386 7.0562975900247684 13.015855125151573 82.470232690684497 1.6372468061745165 0.53465486131608475 3.1765152104198924 0.67217276431620154 1.0637603905051949 1.4319483973085878 0.60317019000649441 2097.0386300114915 91.915804063901305 3.8987281955778599 0.52402765862643719 0.70201011560857285 1.6382535668089975 21.905602157115936
leaf_count=1553 1299 4168 3989 19826 7184 1006 1561 2949 487 23 10510 3803 2094 316 687 5078 62 18 95 20 32 44 28 178264 3273 125 20 21 84 1103
internal_value=-0.00142307 0.0916236 -0.0367645 0.00923989 0.112799 0.0983009 0.0736663 0.0584157 -0.000970637 0.128761 0.0238948 0.0412617 0.0114347 0.0587995 0.101351 0.0425892 0.0954268 0.290834 0.129237 0.247482 0.405872 0.308775 0.171749 -0.0459452 0.16345 0.293853 0.574917 0.230465 0.0159718 0.0734952
internal_weight=3515.57 967.731 2547.84 423.864 737.235 445.222 246.15 205.274 362.388 199.073 230.496 165.248 196.711 117.842 41.9778 92.47 101.519 2.77507 40.0256 6.3444 3.16788 2.49571 2.24042 2123.97 97.5542 5.63835 1.03761 4.60074 26.9337 34.9215
internal_count=249722 40441 209281 29380 26538 19354 11616 10055 25391 7738 13903 8858 12604 5909 2106 5565 4276 108 1197 191 96 76 90 179901 3462 189 43 146 1637 1790
is_linear=0
shrinkage=0.05


Tree=5
num_leaves=31
num_cat=0
split_feature=10 11 11 4 4 12 12 13 13 13 11 18 7 13 11 2 10 12 12 11 11 8 27 12 12 9 8 2 13 2
split_gain=4245.36 424.788 413.922 98.7146 95.1379 93.1928 87.3515 81.6754 71.7733 88.8415 66.7322 41.138 39.9529 38.8445 38.4635 37.7063 40.2429 64.1704 37.1998 36.2636 35.1841 48.2946 35.0406 33.628 35.6772 36.773 45.2759 84.8491 33.5953 45.3801
threshold=0.0033716680255148038 0.0030869651018485306 0.0047121989698141499 0.0067911714770797953 0.0046301674069956162 0.10194642857142915 0.035057142857142301 240.50000000000003 273.50000000000006 217.50000000000003 0.0060431442449318078 0.0092300592808206433 0.0017509174078599837 360.50000000000006 0.0033314594830160123 -0.010060208883981901 0.0036187680382309836 0.27511785714285791 1.6265214285714327 0.0022911875723355423 0.012890202600785768 0.65789616440188847 0.036812112810317245 0.35020357142857117 0.95285000000000009 0.73949633409972937 0.71574696068123134 0.016710643265082429 160.50000000000003 0.0064704432426162537
decision_type=2 2 2 2 2 2 2 2 2 2 2 2 2 2 2 2 2 2 2 2 2 2 2 2 2 2 2 2 2 2
left_child=1 11 7 5 6 10 -3 -2 9 -7 -4 19 -12 20 -9 -10 17 -17 28 -1 21 -14 -6 -18 25 26 27 -25 29 -5
right_child=2 4 3 18 22 8 -8 14 15 -11 12 -13 13 -15 -16 16 23 -19 -20 -21 -22 -23 -24 24 -26 -27 -28 -29 -30 -31
leaf_value=-0.048241203395727426 0.093151459966835382 0.086067210723358198 0.062354107799879016 0.11122004267376402 0.12734735754937151 0.10779555446518635 -0.011759361436512912 -0.018742725984794775 0.054271150730085274 0.031845054093364598 0.12818275362190928 0.30284015416214422 0.018160994923792206 0.6376363965256937 0.027986526185101224 0.82990281729603232 0.1098176011239443 0.10256443647559321 0.050671818255050162 -0.028335106303600168 0.50883606227185929 0.28754398903984385 0.040046060456068851 0.026202573592820175 -0.051332120556772887 0.15700901253208779 0.64098485242209435 0.76929422557324001 0.11541496098309034 0.23340682310300737
leaf_weight=1778.5839583463967 35.565748354420066 24.777362906374037 41.753505365923047 15.821384200826289 13.139665751717983 51.567041551694274 288.70823321677744 70.295938390307128 12.28407741896808 151.98071141447872 84.060450714081526 0.84704519063234229 2.8583486508578044 0.58030513208359469 117.88390870019794 0.56759551167488342 17.349777597002689 0.65113313868641853 20.711721172556281 262.56633732281625 0.89199869707226742 3.9811256974935532 91.770729568786919 1.2838004846125834 0.90724408254027356 2.8774990513920784 1.2274717371910808 0.54818511381745327 399.05258896294981 14.621912052854894
leaf_count=158706 1258 1477 1679 343 583 1361 21167 4954 448 8081 2650 34 93 20 7059 30 633 34 560 22058 30 146 5404 46 37 107 45 19 10314 264
internal_value=-0.000219491 -0.0361318 0.0839857 0.100334 0.00976551 0.0813993 -0.00402732 0.0236636 0.062823 0.0510864 0.114811 -0.045536 0.138523 0.243096 0.0105305 0.126196 0.160963 0.441306 0.116121 -0.0456806 0.213483 0.174964 0.0509802 0.146841 0.240695 0.285321 0.406002 0.248558 0.119277 0.169906
internal_weight=3509.72 2460.39 1049.32 825.578 418.396 375.37 313.486 223.746 241.245 203.548 134.126 2042 92.3722 8.31178 188.18 37.6968 25.4127 1.21873 450.208 2041.15 7.73147 6.83947 104.91 24.194 6.8442 5.93696 3.05946 1.83199 429.496 30.4433
internal_count=249640 209429 40211 26940 28631 15459 22644 13271 10841 9442 4618 180798 2939 289 12013 1399 951 64 11481 180764 269 239 5987 887 254 217 110 65 10921 607
is_linear=0
shrinkage=0.05


Tree=6
num_leaves=31
num_cat=0
split_feature=10 4 4 13 13 10 9 18 7 7 2 6 12 6 13 28 3 2 12 5 28 28 2 28 3 4 28 29 10 27
split_gain=3660.66 270.973 186.492 139.462 132.179 64.5504 64.3507 49.0307 45.17 44.5133 41.2854 41.0412 40.3784 39.823 37.9981 46.3198 45.3936 44.9946 36.4884 36.4009 36.3436 43.6653 36.1278 32.3554 32.1671 31.973 30.576 30.3 29.8798 31.4487
threshold=0.0033716680255148038 0.004484107803100588 0.0067911714770797953 239.50000000000003 242.50000000000003 0.0024908012862373662 0.86205920241460088 0.0051999708412057638 0.0037248903146905156 0.0014688623438623186 -0.025879657084594717 0.0021552756407504149 0.065739285714286042 0.00076357250170364435 227.50000000000003 -0.0060442554637095232 0.042092037179290227 0.019529795283389721 0.14307500000000065 1.0000000180025095e-35 -0.024004450722532836 0.028123417511791638 -0.029403280961378338 0.016248183012132152 0.013639890876023021 0.005555555555555633 0.012969806485807311 -0.33842166823875292 0.014006403818566089 0.54811623668319498
decision_type=2 2 2 2 2 2 2 2 2 2 2 2 2 2 2 2 2 2 2 2 2 2 2 2 2 2 2 2 2 2
left_child=1 4 3 14 7 -6 9 -1 11 19 12 20 -3 -12 22 -16 17 28 -11 -5 -4 -22 25 -8 -25 -2 -15 -19 29 -17
right_child=2 10 8 6 5 -7 23 -9 -10 18 13 -13 -14 26 15 16 -18 27 -20 -21 21 -23 -24 24 -26 -27 -28 -29 -30 -31
leaf_value=0.019893545835823593 0.12706525762671647 0.51687243828466078 0.12584946701495467 0.091936502622751992 -0.0451598811281749 -0.014975511677014088 0.0090327790853353667 0.17095914613805252 0.1179992569963107 0.14879466200811853 -0.0080969967002852469 0.1040951078571411 0.097914884349779976 0.03078898461222733 0.043892880801767627 0.12449645776155874 -0.023458985470994693 0.30066702392722888 0.061724611974553159 0.035034050018077321 0.057117256108851669 0.13908757321066567 0.074110528146332483 0.49947502331982047 0.072295366743397302 0.36130330446216052 0.1300282963840502 0.71722174021979823 -0.052292080692588609 0.3248383131800498
leaf_weight=47.897874400950968 20.562242120504383 0.61588435340672631 27.363633066415787 33.858914750628173 1944.9819015851244 194.86890385393053 159.80873216409236 6.0496788555756202 148.98493050411344 20.469021743163466 80.748965512029827 173.23739781230688 8.6863744482398015 83.267972426488996 5.7221953533589867 3.3925695028156007 1.7125337086617936 0.99189026094973087 29.193879930302501 165.39790468104184 182.45863336790353 17.834677223116159 119.47360854968429 0.45405819546431203 14.965677179396151 1.5679159816354502 8.5594893740490061 0.77973506227135547 0.97991944849491197 4.6351250447332859
leaf_count=2551 433 26 583 1606 178896 15882 8792 193 3038 873 5583 3960 387 5453 151 91 40 25 1394 8903 5898 342 3187 22 675 32 458 20 24 122
internal_value=-0.000321804 -0.0356002 0.0735949 0.0539177 -0.0404624 -0.0424111 0.0389188 0.036834 0.0944918 0.0552591 0.0230469 0.0857557 0.125653 0.0175162 0.0937239 0.161703 0.215669 0.25366 0.0976113 0.0447033 0.0718002 0.0644161 0.08498 0.0157067 0.0848743 0.143661 0.0400394 0.484003 0.208356 0.240172
internal_weight=3509.52 2375.68 1133.85 583.966 2193.8 2139.85 424.148 53.9476 549.879 248.92 181.879 400.894 9.30226 172.576 159.818 18.214 12.4918 10.7792 49.6629 199.257 227.657 200.293 141.604 175.228 15.4197 22.1302 91.8275 1.77163 9.00761 8.02769
internal_count=249640 209429 40211 26390 197522 194778 22265 2744 13821 12776 11907 10783 413 11494 4125 473 322 282 2267 10509 6823 6240 3652 9489 697 465 5911 45 237 213
is_linear=0
shrinkage=0.05


Tree=7
num_leaves=31
num_cat=0
split_feature=11 10 11 13 11 13 28 28 13 12 2 28 3 12 13 28 11 14 11 18 18 7 13 3 14 7 7 12 14 11
split_gain=3296.73 325.208 171.265 125.424 93.0061 80.9895 50.819 50.6526 52.1001 66.6811 52.6767 46.3993 45.8134 44.1353 44.0785 44.839 56.6917 76.1755 69.8333 43.8064 38.442 36.8903 35.2613 34.2822 39.1096 34.0077 47.3278 33.8045 73.8822 33.5246
threshold=0.0036929317180210744 0.0033716680255148038 0.0022911875723355423 276.50000000000006 0.0047121989698141499 251.50000000000003 -0.029682999288225771 0.019833294179342709 272.50000000000006 0.099642857142856103 -0.010445002060366025 -0.0065616626074413579 0.045519049282026665 0.040714285714286126 241.50000000000003 -0.011603858362632532 0.011295578106560076 138.50000000000003 0.012350785026408044 0.0029585798816568823 0.0079063022377278795 0.0019010571232966893 291.50000000000006 -0.028777531991027724 254.50000000000003 0.00054224543840453263 0.0013434841021047635 0.061435714285715752 147.50000000000003 0.0041389018946056564
decision_type=2 2 2 2 2 2 2 2 2 2 2 2 2 2 2 2 2 2 2 2 2 2 2 2 2 2 2 2 2 2
left_child=2 3 20 14 12 11 -6 8 9 21 -10 27 13 -3 29 16 -16 18 -18 -12 -1 23 -7 24 -8 -20 -27 28 -4 -2
right_child=1 4 5 -5 6 22 7 -9 10 -11 19 -13 -14 -15 15 -17 17 -19 25 -21 -22 -23 -24 -25 -26 26 -28 -29 -30 -31
leaf_value=-0.047927093072332116 0.18940509823323085 0.10063459049531626 0.86705644596626541 0.076273822813772998 0.10978032110000446 -0.036731237470102179 0.11262302595064895 0.098102010530285277 0.050732210613997811 0.0483108096356814 0.11970655606918873 0.02098413475235664 0.42218810407966301 0.014375058011799125 0.009486454377067903 -0.016754975639306776 0.95617040133342257 0.017335916332819435 0.011121253262558565 0.047124603143057865 0.19649464725447452 0.14657033541085482 -0.0072004481309012325 0.065103679301449321 0.33813720583587992 0.79175475201066858 0.20546344007817954 0.068393730216175327 0.17666061999742277 0.033847099430899662
leaf_weight=1634.9452995331958 3.9278639461845151 17.437903028912842 0.43571167159825419 65.230642789974809 104.85387891344726 190.63127102423459 11.796309318393467 162.32923634257168 62.493912512436509 382.68590784072876 111.21924054156989 46.324605589732528 0.73907235637307067 99.117327903397381 14.870842079631986 200.19487864244729 0.44653022009879295 2.9216795638203621 0.80624039657413993 25.567202903330326 1.6102509004995216 23.832499217242002 215.19694124255329 83.972381590865552 2.2968853451311579 0.53370851930230834 0.9694775277748704 6.6882801558822393 3.5028772689402103 29.298161948099732
leaf_count=159253 138 820 25 3998 1776 15845 302 3253 1652 13335 3001 2371 30 4880 868 14940 22 162 50 658 48 544 17552 2375 44 28 38 329 128 1175
internal_value=-0.000396829 0.0588087 -0.0400923 0.0144303 0.0718244 -0.0132363 0.0769044 0.0729247 0.0671182 0.0585693 0.0887642 0.0425999 0.0297687 0.0272804 -0.00145387 -0.0095353 0.0608028 0.19521 0.383781 0.10614 -0.0476866 0.0907746 -0.0210721 0.0772148 0.149377 0.273109 0.413627 0.136827 0.253037 0.0522366
internal_weight=3506.88 1407.54 2099.34 319.2 1088.34 462.78 971.047 866.194 703.864 504.584 199.28 56.9515 117.294 116.555 253.969 220.743 20.5485 5.67764 2.75596 136.786 1636.56 121.898 405.828 98.0656 14.0932 2.30943 1.50319 10.6269 3.93859 33.226
internal_count=249640 54089 195551 21419 32670 36250 26940 25164 21911 16600 5311 2853 5730 5700 17421 16108 1168 300 138 3659 159301 3265 33397 2721 346 116 66 482 153 1313
is_linear=0
shrinkage=0.05


Tree=8
num_leaves=31
num_cat=0
split_feature=11 10 11 13 13 11 13 4 4 12 11 20 8 13 12 13 13 14 4 12 10 11 14 28 25 9 14 28 4 7
split_gain=2950.26 345.716 110.686 79.8799 67.7177 47.5743 46.1574 53.4709 45.9798 51.8777 42.3863 36.9418 35.7029 34.4806 33.8114 33.3899 32.3308 40.4409 40.836 31.9118 34.2317 31.2342 30.766 27.9954 34.5346 41.2871 51.3979 29.7419 27.66 27.4131
threshold=0.0030869651018485306 0.0033716680255148038 0.0047121989698141499 240.50000000000003 276.50000000000006 0.0038276440152936065 241.50000000000003 0.0046301674069956162 0.0058046230627024501 0.14493571428571453 0.0022911875723355423 1.0000000180025095e-35 1.2928414549429428 231.50000000000003 0.044142857142857171 58.500000000000007 160.50000000000003 337.50000000000006 0.0072279679851701964 1.6265214285714327 0.0015402760204437421 0.007433508425376067 67.500000000000014 0.012969806485807311 1.0000000180025095e-35 0.84685040687443103 80.500000000000014 -0.024004450722532836 0.00990972916859959 0.0031143362622252399
decision_type=2 2 2 2 2 2 2 2 2 2 2 2 2 2 2 2 2 2 2 2 2 2 2 2 2 2 2 2 2 2
left_child=3 4 14 11 6 -6 -2 -8 9 21 19 13 -13 -1 15 -3 17 18 -10 -5 -21 -4 -23 27 25 -25 -27 -7 -9 -30
right_child=1 2 8 10 5 23 7 28 16 -11 -12 12 -14 -15 -16 -17 -18 -19 -20 20 -22 22 -24 24 -26 26 -28 -29 29 -31
leaf_value=-0.003504852784028829 0.04516936128136681 0.58327581626707925 0.050974594831315057 -0.048426152944674353 0.0089606320762594029 0.28187453332548479 -0.024811300931016595 0.019864864069478277 0.30390988838604649 0.03491375152673059 -0.027123763321718054 0.35825639319717695 -0.051139511483597369 0.14416329230016686 0.015645915527526897 0.065908561257585374 0.07316804534153136 0.011104416211976493 0.12128397509496243 0.78057060808710022 -0.050522720743322626 0.19125726102525298 0.082750330901757541 0.14828537906655986 0.037211725196857337 0.84239815579861588 0.15450384693776806 0.055337000877552604 0.04664820631996322 0.33291937616327294
leaf_weight=28.36503551248461 41.798806320875883 0.31473788619041343 99.21618193667382 1544.3461120231077 60.317625812254846 1.4877004269510496 191.64533761702478 62.044544578529894 3.3480664137750855 180.67788200825453 279.05714868288487 1.5855956654995673 0.80186339374631632 4.5932767987251273 148.9487183066085 34.087805552408099 600.86238346900791 7.6325210370123378 35.69600535556674 0.24064985290169616 0.25538499187678099 6.965741788968443 105.09615607373416 1.7546926140785211 2.2571400236338377 0.61537014693021752 0.48600451834499836 55.504772253334522 2.0155019406229253 1.4293035250157116
leaf_count=1529 1591 8 3225 158272 4429 42 15567 3441 58 7207 24618 57 41 192 7729 1574 13094 126 508 24 25 157 2565 87 99 25 22 3212 67 49
internal_value=-0.000466913 0.0483245 0.0617828 -0.0436151 0.00926622 0.0405884 -0.00356125 -0.0114827 0.0681006 0.0545843 -0.0450578 0.0308328 0.220755 0.0170751 0.0259649 0.0706418 0.076282 0.116367 0.136944 -0.0482974 0.35268 0.0714059 0.0894951 0.0713055 0.183381 0.298898 0.53885 0.0612504 0.0275216 0.165427
internal_weight=3503.45 1644.2 1222.85 1859.25 421.357 122.423 298.933 257.135 1039.49 391.956 1823.9 35.3458 2.38746 32.9583 183.351 34.4025 647.539 46.6766 39.0441 1544.84 0.496035 211.278 112.062 62.1057 5.11321 2.85607 1.10137 56.9925 65.4894 3.44481
internal_count=249640 64882 36251 184758 28631 7916 20715 19124 26940 13154 182939 1819 98 1721 9311 1582 13786 692 566 158321 49 5947 2722 3487 233 134 47 3254 3557 116
is_linear=0
shrinkage=0.05


Tree=9
num_leaves=31
num_cat=0
split_feature=11 10 11 13 13 13 3 7 1 12 4 3 13 4 11 1 12 13 13 12 28 11 6 13 12 10 3 27 13 13
split_gain=2657.27 280.716 88.9131 76.2175 58.1656 57.9383 49.0854 59.4074 80.7311 42.3075 55.5466 46.6415 40.4902 48.5815 37.9731 37.5312 42.9926 37.4252 51.3994 45.0005 44.4022 37.271 34.5354 33.661 31.0066 31.7921 43.8592 28.7062 28.635 41.4228
threshold=0.0030869651018485306 0.0033716680255148038 0.0060431442449318078 242.50000000000003 322.50000000000006 276.50000000000006 -0.030729184804047512 0.001097864352230214 -0.008195336864580181 0.1070678571428567 0.010508963639267364 -0.09986964281894721 241.50000000000003 0.0046301674069956162 0.0036929317180210744 -0.0057982580832117705 0.051500000000001787 240.50000000000003 219.50000000000003 0.054503571428570909 0.028123417511791638 0.0022911875723355423 0.00084149129846655625 345.50000000000006 0.073571428571428468 0.0083703855058075271 0.0019636893888768108 2.1638184177711652 251.50000000000003 217.50000000000003
decision_type=2 2 2 2 2 2 2 2 2 2 2 2 2 2 2 2 2 2 2 2 2 2 2 2 2 2 2 2 2 2
left_child=3 5 17 15 9 12 7 -5 -9 -4 11 -11 -2 -14 -7 16 -1 18 -3 23 22 -8 -21 -19 -20 26 -26 -28 29 -13
right_child=1 2 4 6 -6 14 21 8 -10 10 -12 28 13 -15 -16 -17 -18 19 24 20 -22 -23 -24 -25 25 -27 27 -29 -30 -31
leaf_value=0.24629099371721397 0.041092913037221901 0.039246369656939201 0.078101917594675371 -0.00067195718722733058 0.10592693262291045 0.0043308518542353961 -0.048265118035757809 1.1391072396650188 -0.050614168135257903 0.12185800821298749 0.071684610158675735 0.060489624089948513 -0.024163154143542066 0.025379661921052149 0.059741891229717785 0.0033600221291059298 -0.014865145697542957 0.083482736456506182 0.078310651274071913 -0.0015181419924547334 0.25726919917837499 -0.027986874133271999 0.035842210913098478 -0.0077313402104752047 0.13520552389801371 0.063723624847508084 0.55328019190455024 0.25519858466225925 0.057031681763403952 0.012999135388476163
leaf_weight=3.6897283419966689 43.598873257637024 46.448508150875568 235.68191610835493 0.99947320669889339 75.711144821718335 52.688295491971076 1471.0240397965536 0.33597585931420326 0.24772790167480707 16.837587123736739 240.44229448586702 63.866267938166857 187.06473782658577 67.278794544748962 74.832723715342581 34.819666706956923 2.7508131777867675 51.08502038102597 11.80872509814799 128.40358664561063 1.9294684026390303 267.85523342527449 119.35184506140649 12.61144153960049 3.447433937340973 3.0024794917553663 1.4844799749553206 1.7715969067066906 114.25880230031908 163.3704511737451
leaf_count=135 1591 1197 4525 79 1243 3918 158145 20 21 375 3660 1256 15567 3557 3998 1837 136 2106 262 5965 39 24385 4731 579 76 63 32 30 3821 6291
internal_value=-0.000520227 0.0438685 0.0554723 -0.0432959 0.0639642 0.0086444 -0.0448881 0.233393 0.634181 0.0601568 0.0530935 0.0406189 -0.00342669 -0.0110581 0.0368475 0.0238693 0.134749 0.0352046 0.0688397 0.0279101 0.0183403 -0.0451415 0.0164796 0.065423 0.132729 0.198937 0.259499 0.391097 0.0366133 0.0263466
internal_weight=3498.7 1716.98 1291.51 1781.72 910.168 425.463 1740.46 1.58318 0.583704 834.457 598.775 358.333 297.942 254.344 127.521 41.2602 6.44054 381.345 67.9632 313.381 249.685 1738.88 247.755 63.6965 21.5147 9.70599 6.70351 3.25608 341.496 227.237
internal_count=249640 64882 36251 184758 21171 28631 182650 120 41 19928 15403 11743 20715 19124 7916 2108 271 15080 1660 13420 10735 182530 10696 2685 463 201 138 62 11368 7547
is_linear=0
shrinkage=0.05


Tree=10
num_leaves=31
num_cat=0
split_feature=11 10 11 13 11 13 7 12 4 12 13 7 28 15 12 12 12 28 27 13 12 13 4 27 10 28 13 4 24 4
split_gain=2392.34 202.202 93.082 81.914 49.9335 47.6944 46.3093 58.8069 44.1759 48.5126 34.6913 32.7626 38.0814 33.9229 31.3258 27.9888 27.5267 32.5084 77.9071 27.2912 26.4654 26.1323 25.1424 49.8646 23.6471 23.4491 92.6576 23.2433 22.7747 21.6001
threshold=0.0031804094982683605 0.0027333719856434341 0.0060431442449318078 243.50000000000003 0.0020775170080837742 319.50000000000006 0.0037248903146905156 0.14663571428571395 0.0046301674069956162 0.036307142857142878 217.50000000000003 0.0017144972438171385 0.028123417511791638 0.17948717756958302 0.041314285714285671 0.16321428571428612 0.015885714285714156 0.0013320054957793484 0.36861736889916374 369.50000000000006 0.041314285714285671 244.50000000000003 0.0058046230627024501 0.30429346176126537 0.0028012562406394752 0.007616992024055462 194.50000000000003 0.0040575718230187975 1.0000000180025095e-35 0.0051270413778972306
decision_type=2 2 2 2 2 2 2 2 2 2 2 2 2 2 2 2 2 2 2 2 2 2 2 2 2 2 2 2 2 2
left_child=3 8 11 14 -5 6 7 -4 9 -2 15 20 13 28 22 -9 17 -6 -19 -20 24 25 -1 -24 -3 -11 -27 -12 -13 -22
right_child=1 2 5 4 16 -7 -8 10 -10 21 27 12 -14 -15 -16 -17 -18 18 19 -21 29 -23 23 -25 -26 26 -28 -29 -30 -31
leaf_value=0.053449782360730426 0.063710658791821084 0.31976781176461277 0.064090705810160922 -0.049185910443409614 -0.013190926046661703 0.090160838959589346 0.07592562327403822 -0.036964585449845537 0.037218914061574938 0.0075398881228649507 0.0036952468235697208 0.14751773141806229 0.2986456650903504 0.037503037769784094 -0.0086402537298549808 0.075059588712527783 -0.030417110566463998 0.88030425297478276 0.0097214511169330248 0.48159066470315681 0.0034578636749803522 -0.022990291281974738 0.53055216813886896 0.031160007067928187 0.047684387282758083 0.020345440887855757 0.57587807653578948 0.035433036894194761 -0.0035461772023481219 0.030830919418036885
leaf_weight=15.253109094686808 20.440360986627638 0.8092105109244575 304.55680471658707 1304.4017689358443 4.0151995383203021 91.741734303534031 170.44773890543729 6.0505714956670991 65.532845925539732 13.581025414168836 71.051062536425889 12.510276180692015 1.5560286119580258 88.810468014329672 30.511827552691102 71.044641707092524 377.44732947647572 0.37600018922239575 1.6586624663323166 0.37585706915706385 167.9146574260667 179.07079728599638 0.85838741157203857 1.1967695700004695 60.73305743932724 3.4896009098738423 0.95627635903656472 306.7185670658946 3.1165582612156859 126.25997595395893
leaf_count=706 1064 46 6589 147349 384 1454 2664 111 3252 549 3720 408 25 3175 1591 1160 36333 36 154 37 8372 14886 30 41 2259 144 35 8496 121 4613
internal_value=-0.00101114 0.039956 0.0473461 -0.0426932 -0.0445211 0.0557664 0.052373 0.0470868 0.00123127 -0.00960993 0.0357017 0.0287148 0.0531147 0.0494564 0.0218393 0.0662677 -0.0286701 0.0739472 0.219093 0.0968946 0.0214443 -0.0172138 0.07557 0.239744 0.051262 0.0401675 0.139837 0.0294638 0.11739 0.0152064
internal_weight=3502.49 1766.39 1483.32 1736.09 1688.27 1021.61 929.869 759.422 283.071 217.538 454.865 461.71 105.993 104.437 47.8201 77.0952 383.873 6.42572 2.41052 2.03452 355.717 197.098 17.3083 2.05516 61.5423 18.0269 4.44588 377.77 15.6268 294.175
internal_count=249804 63143 43213 186661 184293 24194 22740 20076 19930 16678 13487 19019 3729 3704 2368 1271 36944 611 227 191 15290 15614 777 71 2305 728 179 12216 529 12985
is_linear=0
shrinkage=0.05


Tree=11
num_leaves=31
num_cat=0
split_feature=10 4 10 14 1 1 28 2 6 9 14 14 14 2 14 12 10 18 6 27 30 4 3 1 27 12 3 25 12 3
split_gain=1995.87 151.263 125.652 93.2719 58.431 63.7452 44.7629 37.7703 30.6937 29.8332 33.5782 33.1543 33.8032 43.9901 31.6636 28.8396 27.7156 25.6983 23.4371 23.1306 22.3164 32.1163 29.6069 21.2232 20.7854 20.6357 20.5352 20.1577 20.0368 19.6174
threshold=0.0028377102406430504 0.0044216904061327054 0.0060621018642161781 145.50000000000003 0.013587216864328623 -0.0099999999999999516 0.0071374125571628377 0.013222216973339586 0.0021552756407504149 1.3110944060548928 159.50000000000003 244.50000000000003 265.50000000000006 -1.0000000180025095e-35 151.50000000000003 0.030828571428571906 0.0018376320286662938 0.0059414756635535063 0.0013283833575188657 3.0819963440078921 -0.4331670244229105 0.010508963639267364 -0.049367072043375253 -0.019239544611230838 0.071757976140965476 0.076800000000000937 -0.037859337333914993 1.0000000180025095e-35 0.01463571428571415 0.010233655653196451
decision_type=2 2 2 2 2 2 2 2 2 2 2 2 2 2 2 2 2 2 2 2 2 2 2 2 2 2 2 2 2 2
left_child=1 3 4 16 5 6 -2 -8 15 17 14 -12 13 -13 18 29 -1 -5 -11 -10 21 22 -4 -3 -9 -24 -17 -21 -25 -7
right_child=2 23 20 9 -6 8 7 24 19 10 11 12 -14 -15 -16 26 -18 -19 -20 27 -22 -23 25 28 -26 -27 -28 -29 -30 -31
leaf_value=-0.046269648183099032 0.04851046932724834 0.1377874709985023 0.083782443403729479 -0.002258501537574354 0.069697890153856731 0.06809509682564989 0.40390060174843073 0.25941301611644862 0.028340874144240708 -0.051033637498493101 -0.051098134253536209 0.83550068094473784 0.067150350269944814 0.081078596746252451 0.48888493125495985 0.041404100082840817 -0.030444536634387856 0.1351760901652006 0.4856425190703253 0.13148711461106558 0.059047429841506419 0.056423628358755501 0.054889212802179677 0.1997317090311502 -0.052477532307476343 0.01287906787023565 0.0017653239005521182 0.0093758303973419492 0.0090724540857693992 -0.012344643688740747
leaf_weight=1304.5793821588159 108.03794859815389 3.3922038199380031 21.60042023845017 38.793480335734785 64.103996166959405 31.138772695325315 1.6409862982109182 0.95982264727354083 75.074654517695308 0.74783787131309443 3.2336330329999328 0.39473433326929808 1.6917134104296563 0.37851030565798316 1.0132566988468168 35.405574613250792 351.14716069959104 3.7282501719892016 0.27944997418671846 11.167461836710574 473.33009074255824 217.05262026935816 37.053454375825822 1.3928791936486948 1.204610815271735 138.47250131051987 423.45756243821234 4.8462518975138655 129.08870424889028 10.017968653701244
leaf_count=150391 3517 82 561 1848 1855 1430 37 19 2647 45 170 19 89 21 32 1391 35961 87 17 403 8872 2960 837 79 35 4482 22674 160 8658 425
internal_value=-0.00102624 -0.0368604 0.0388211 -0.0408765 0.0239998 0.0198324 0.0544471 0.22299 0.013283 0.0262257 0.116521 0.0541987 0.192331 0.466204 0.290566 0.00842008 -0.0429135 0.00979159 0.0949567 0.0399776 0.0516308 0.0431549 0.028545 0.0143176 0.085831 0.0217474 0.00482383 0.0945324 0.0111077 0.0485152
internal_weight=3494.43 1839.86 1654.56 1705.99 767.056 702.952 111.843 3.80542 591.108 50.2609 7.73914 5.69859 2.46496 0.773245 2.04054 500.02 1655.73 42.5217 1.02729 91.0884 887.509 414.179 197.126 133.874 2.16443 175.526 458.863 16.0137 130.482 41.1567
internal_count=249804 197499 52305 188680 34593 32738 3608 91 29130 2328 393 299 129 40 94 25920 186352 1935 62 3210 17712 8840 5880 8819 54 5319 24065 563 8737 1855
is_linear=0
shrinkage=0.05


Tree=12
num_leaves=31
num_cat=0
split_feature=11 10 14 11 7 11 4 14 14 9 14 28 12 6 1 29 11 3 12 3 29 6 14 11 3 28 12 3 29 12
split_gain=2009.48 142.862 70.5342 70.416 44.5167 42.8836 37.9701 45.2915 36.5145 41.1563 30.5642 35.4812 31.4023 32.8297 30.5958 29.7983 29.2605 29.0603 28.2552 24.595 24.3214 23.9847 26.0329 23.0206 22.4922 31.225 22.1887 42.8237 67.0029 20.3275
threshold=0.0030869651018485306 0.0027333719856434341 147.50000000000003 0.0044009740242313472 0.0037248903146905156 0.0020775170080837742 0.0066067870307911121 92.500000000000014 145.50000000000003 1.3495340967911318 70.500000000000014 0.02288869087271574 0.091957142857143501 0.0021552756407504149 -0.002997202125734066 -0.74311274640574909 0.0082923761618030525 0.045519049282026665 0.048057142857143277 0.015275606267932786 -0.13354523635234042 0.001270854978939811 250.50000000000003 0.0068570715360581859 -0.0012925184728430625 0.0039301099422734652 0.015885714285714156 0.010233655653196451 -0.27078796803120125 0.01463571428571415
decision_type=2 2 2 2 2 2 2 2 2 2 2 2 2 2 2 2 2 2 2 2 2 2 2 2 2 2 2 2 2 2
left_child=2 6 5 17 10 -1 7 29 -9 -10 23 12 16 14 -14 -8 -12 18 19 -3 -15 22 -11 -5 25 -4 27 -7 -29 -2
right_child=1 3 24 4 -6 26 15 8 9 21 11 -13 13 20 -16 -17 -18 -19 -20 -21 -22 -23 -24 -25 -26 -27 -28 28 -30 -31
leaf_value=-0.04902638308001233 0.20545556180776448 0.060074011635230684 0.048817848259359385 0.041183013654264654 0.063438135718303271 0.0033552800620480481 0.34830023212821248 -0.022283605542422313 0.013299874947324628 0.031092622068014622 0.03408249670327556 0.061471800080228206 0.033888427653910168 0.067135111412161802 0.0083225254114947713 0.050484909482242525 0.069256034445979886 0.27203779162463138 0.0021132656318805618 -0.033722379271192364 0.030678413358657869 0.44914298685215742 0.31567017577234618 0.083675606045676587 -0.012696875002923998 0.45130160846373135 -0.030766853106082126 0.79569723523450309 0.022061781653903566 0.032295326605615286
leaf_weight=1191.4678311031312 1.7551553593948472 42.419185751117766 19.430432680062953 63.261931487359107 233.19220948498696 5.5560721568763247 0.8711361419409539 186.81756208371371 25.409909500740472 2.3432709435001011 144.2854883344844 126.29740768484771 221.83041353616863 75.137247359380126 247.69573530647904 23.439106618054211 100.18155086878687 1.0788186881691206 169.81934028770775 8.3676407989114505 116.96164634544402 0.69822746887803067 1.2231116462498901 64.239566637203097 24.559134991839528 0.4941430501639833 336.68182093929499 0.47253228630870581 0.68643998634070136 49.315845249220729
leaf_count=147399 102 1725 898 1669 3385 502 25 15681 921 70 3763 2078 6520 1659 8846 857 1699 30 9011 346 2503 21 37 874 1200 12 34607 34 50 3280
internal_value=-0.00103029 0.0335201 -0.0427407 0.039339 0.0435041 -0.0445396 0.00132783 -0.00410812 -0.0140996 0.037423 0.0394965 0.0366441 0.0331835 0.0275254 0.0204013 0.0611569 0.0484965 0.0131649 0.011899 0.0446201 0.044938 0.181157 0.12869 0.0625922 0.019327 0.0587997 -0.0289719 0.061024 0.337486 0.0382463
internal_weight=3485.99 1906.64 1579.35 1614.77 1393.08 1534.86 291.873 267.563 216.492 29.6745 1159.89 1032.39 906.092 661.625 469.526 24.3102 244.467 221.685 220.606 50.7868 192.099 4.26461 3.56638 127.501 44.4837 19.9246 343.397 6.71504 1.15897 51.071
internal_count=249804 65102 184702 44108 32996 182592 20994 20112 16730 1049 29611 27068 24990 19528 15366 882 5462 11112 11082 2071 4162 128 107 2543 2110 910 35193 586 84 3382
is_linear=0
shrinkage=0.05


Tree=13
num_leaves=31
num_cat=0
split_feature=11 10 13 11 11 7 4 4 19 14 10 13 28 8 13 6 19 1 13 4 14 11 2 1 7 18 8 9 10 7
split_gain=1836.84 121.174 68.0417 58.6362 43.7466 35.976 34.8231 30.2018 35.3926 28.8449 56.6963 24.5431 28.7781 22.7239 22.3694 21.0261 28.3946 24.1165 19.6884 18.7863 18.7706 18.7566 18.6568 18.3498 28.9077 18.2592 18.244 29.2418 36.1765 31.4396
threshold=0.0030869651018485306 0.0027333719856434341 242.50000000000003 0.0044009740242313472 0.0020775170080837742 0.0037248903146905156 0.0046301674069956162 0.00066640645087479044 1.0000000180025095e-35 67.500000000000014 0.00089656487375437308 319.50000000000006 0.02288869087271574 0.33987463167717163 255.50000000000003 0.0021552756407504149 1.0000000180025095e-35 -0.0024698305805206928 297.50000000000006 0.0044216904061327054 263.50000000000006 0.0078153288326611031 0.072900386568996459 -0.014874022443877586 0.00013067625014947688 0.011411675898281707 1.5972113707492983 0.47861500034652982 0.0047592741218058605 0.0017509174078599837
decision_type=2 2 2 2 2 2 2 2 2 2 2 2 2 2 2 2 2 2 2 2 2 2 2 2 2 2 2 2 2 2
left_child=2 6 -1 13 -4 11 7 8 9 10 -2 12 15 -3 -15 17 -17 20 23 -6 -5 26 -14 24 -9 -11 27 -13 29 -29
right_child=1 3 4 5 19 -7 -8 18 -10 25 -12 21 22 14 -16 16 -18 -19 -20 -21 -22 -23 -24 -25 -26 -27 -28 28 -30 -31
leaf_value=0.01794465646654652 0.73438631346287719 0.051762407371770708 -0.048938259970496535 0.031964104926047308 -0.033712418960742382 0.057243754370326617 0.031238640655256007 0.47149037485474965 0.39476582974116275 0.0046331482001786767 0.092739430751171623 0.0055169328640622926 0.066510512211675712 0.034087846453892547 -0.0043703420570007107 0.041175523743245485 0.18944304392460615 0.017027132418223508 0.017156195230656465 -0.0021181768638740815 0.072840648412806339 0.080364267299194075 0.023670272491690358 -0.025758933942491492 -0.050827596788835278 0.28531091255335617 -0.013972879288549921 0.17227505314961539 0.041718693038364695 0.016092888921602683
leaf_weight=45.318436198867857 0.38206597790121977 31.413943919353187 1135.3492945609614 302.07527120783925 277.30188880767673 245.17487100604922 72.556684454903007 0.47762682382017263 0.67176423501223226 27.627152113243941 3.4803840182721615 23.200097858905792 98.556501633487642 51.601521850563586 141.47967615164816 242.039311776869 3.2727820221334687 354.54112843610346 35.320190605707467 56.665324093773961 30.963403550907969 50.695078460499644 34.24426182359457 150.66400537639856 0.59477550163865089 0.59184972196817298 12.468205122277139 12.663059506565334 30.946211844682693 4.3219691161066285
leaf_count=2110 25 1363 147399 8385 30200 3385 3390 20 27 1489 207 609 1638 1838 7911 4860 48 11223 2435 4993 474 580 440 13350 38 13 269 358 627 100
internal_value=-0.00103388 0.0308981 -0.0423979 0.0360978 -0.0442591 0.0397908 0.00120382 -0.00871032 0.0355814 0.0280603 0.15621 0.0362249 0.0336865 0.0123242 0.00590772 0.0305865 0.0431536 0.0261028 -0.0164657 -0.0283517 0.0357645 0.0563684 0.0554636 -0.024292 0.181803 0.0105199 0.0418171 0.0515963 0.0739 0.132533
internal_weight=3476.66 1962.02 1514.63 1669.66 1469.32 1445.16 292.366 219.81 32.7532 32.0815 3.86245 1199.99 1065.69 224.495 193.081 932.892 245.312 687.58 187.057 333.967 333.039 134.295 132.801 151.736 1.0724 28.219 83.5995 71.1313 47.9312 16.985
internal_count=249804 65102 184702 44108 182592 32996 20994 17604 1761 1734 232 29611 27068 11112 9749 24990 4908 20082 15843 35193 8859 2543 2078 13408 58 1502 1963 1694 1085 458
is_linear=0
shrinkage=0.05


Tree=14
num_leaves=31
num_cat=0
split_feature=11 4 13 13 12 11 0 16 13 11 11 11 13 3 12 12 5 3 12 3 11 13 7 4 12 3 13 28 11 13
split_gain=1682.31 100.246 78.0559 65.8215 50.7731 44.6254 34.7976 36.7981 23.9954 29.5916 22.4251 22.3645 29.1902 25.9924 30.5527 20.8476 20.6278 19.9343 19.8458 25.5168 67.4978 19.4614 20.167 21.0158 20.2933 19.7325 18.2887 30.751 18.0073 17.7759
threshold=0.0030869651018485306 0.0046301674069956162 240.50000000000003 242.50000000000003 0.055132142857142907 0.0020775170080837742 0.0061447346212327733 1.0000000180025095e-35 288.50000000000006 0.010415754975535494 0.0093991174452114495 0.0044009740242313472 255.50000000000003 -0.026882657919360727 0.12212857142856977 0.040714285714286126 0.0043112051483811887 0.015275606267932786 0.015885714285714156 0.002985367376257098 0.0022302113677244461 310.50000000000006 0.0037248903146905156 0.026248694727648989 0.32735357142857124 0.055482960779621567 227.50000000000003 -0.0026663482481663944 0.019846536179586625 299.50000000000006
decision_type=2 2 2 2 2 2 2 2 2 2 2 2 2 2 2 2 2 2 2 2 2 2 2 2 2 2 2 2 2 2
left_child=3 2 26 15 -4 -5 8 10 9 -6 -8 12 13 14 -3 16 17 -1 19 -7 -21 22 23 24 25 29 -2 -28 -23 -13
right_child=1 11 4 5 6 18 7 -9 -10 -11 -12 21 -14 -15 -16 -17 -18 -19 -20 20 -22 28 -24 -25 -26 -27 27 -29 -30 -31
leaf_value=0.030534482863677687 0.032360383775433876 0.39235569853596242 0.034560282578989798 -0.048847800710419567 -0.018228822232332357 -0.026127282031708256 0.077379821032915921 0.021441306072597262 0.017096420904292812 0.018818398388121445 0.41958199509883026 0.037406211882904918 0.00478956524863728 0.046587764253303472 0.053003175875953538 -0.011113297895549927 0.21551491134876286 0.35267596091485925 -0.029561283535873818 0.73328105081120565 0.066624860665823446 0.052315647997463723 0.050181153886163447 0.065847465846838385 0.019582513476349591 0.075318470581549113 0.0081932293966672128 0.10344653094705353 0.13643830073728344 -0.0073285979669816372
leaf_weight=16.413868227973587 216.41964017786086 1.2348936460912256 112.01500538829714 1081.9277805588208 273.75102090556175 4.0919294105842701 0.76824097894132082 3.3648388739675283 98.384765779599547 67.116053882986307 1.2704917499795554 327.54923196136951 98.310673890635371 27.366122117266059 1.432859090156853 27.323925477452576 1.8570324536412943 0.49470151960849662 317.74040644429624 0.44615526497364077 2.5485786022618413 162.88722750730813 223.4341683536768 45.131988983601332 254.09327425155789 32.11443258356303 13.003708226606248 24.318961832672358 6.6200905032455912 23.821542304009199
leaf_count=670 4244 31 5040 147399 19165 396 22 92 5006 3837 31 7321 4878 904 50 1378 43 19 34607 30 160 2588 3115 393 6653 541 257 393 62 479
internal_value=-0.00103148 0.0285463 0.014951 -0.0420419 0.0044745 -0.0439683 -0.00310453 0.123005 -0.0046559 -0.0109343 0.290632 0.0376973 0.0179693 0.0611107 0.210088 0.0167547 0.0573324 0.0399595 -0.0277156 0.0550393 0.165943 0.0400512 0.0371424 0.0328752 0.0305412 0.0378023 0.0379349 0.070259 0.055601 0.0343734
internal_weight=3467.25 2014.41 810.413 1452.84 556.67 1406.75 444.655 5.40357 439.252 340.867 2.03873 1204 128.345 30.0339 2.66775 46.0895 18.7656 16.9086 324.827 7.08666 2.99473 1075.65 906.145 682.71 637.578 383.485 253.742 37.3227 169.507 351.371
internal_count=249804 65102 38087 184702 33193 182592 28153 145 28008 23002 53 27015 5863 985 81 2110 732 689 35193 586 190 21152 18502 15387 14994 8341 4894 650 2650 7800
is_linear=0
shrinkage=0.05


Tree=15
num_leaves=31
num_cat=0
split_feature=10 4 10 13 1 1 12 28 7 1 10 16 4 30 12 18 30 3 10 15 29 10 7 18 0 12 1 7 13 15
split_gain=1343.91 142.007 67.8888 50.8937 29.8035 30.138 28.8021 26.0628 25.9727 22.62 22.2776 22.2014 24.1537 24.1414 33.7299 22.1848 25.3022 23.5866 22.2951 28.4535 22.9292 35.0993 22.1864 21.0641 21.0424 23.1173 32.7384 20.6904 31.233 20.4117
threshold=0.0027333719856434341 0.0044216904061327054 0.0040006205380438671 244.50000000000003 -0.010643824682711021 0.007903422320129418 0.032678571428571439 -0.015110552632659155 0.0022993933174132145 -0.016653914890817963 0.0016228497350650435 1.0000000180025095e-35 0.00990972916859959 -0.2291395733645232 1.0241428571428599 0.0051999708412057638 -0.14842542188654148 0.045519049282026665 0.0096686553420874764 0.96142847986395363 -0.60581871361544437 0.0078369189833840166 0.0017144972438171385 0.0056497494337930014 -0.003456420312178909 0.58857500000000085 -0.0021648324344533672 0.0020479020844180753 239.50000000000003 0.050858719305679097
decision_type=2 2 2 2 2 2 2 2 2 2 2 2 2 2 2 2 2 2 2 2 2 2 2 2 2 2 2 2 2 2
left_child=1 3 4 -1 -2 6 -6 24 -8 23 -9 13 -13 27 15 17 -17 22 19 20 21 -19 -15 -3 -5 -26 -27 28 -4 -22
right_child=2 9 11 7 5 -7 8 10 -10 -11 -12 12 -14 14 -16 16 -18 18 -20 -21 29 -23 -24 -25 25 26 -28 -29 -30 -31
leaf_value=0.0087784513795540996 0.04906770879833916 0.070395555295056242 0.048383661438830938 0.38620725812085133 0.04622155753915793 0.036250698587998405 -0.012470216219520934 -0.046089700023011236 0.037427779869422001 0.010750567338890947 -0.032091105835613025 0.0090833101479892205 0.037659607545649537 0.029618476216862994 0.00084444791251285598 0.22931391345787719 0.066171578181492538 0.093018524368820021 0.036249865239767927 0.23793012686171722 0.22289620335388149 0.31991320712316529 0.053445053747778359 0.33074420190684062 -0.010081470495418791 0.086741578102393357 0.75025335582665953 0.040014959175427529 0.011774913247435542 0.049056138341282564
leaf_weight=52.087236880324781 41.867703570052981 5.6282458351925007 75.106552494689822 0.45752516575157631 27.966550204437226 61.90012403531 241.31893644435331 979.93318792711943 29.23874440882355 118.92183639900759 400.3131109746173 187.22778490372002 122.21394340693951 299.66815778706223 46.051709815859795 2.4655666174367061 65.90084595233202 6.8182948632165772 32.090697251260281 3.0747857112437478 1.7940233517438198 2.2725824639201164 144.9654564158991 0.90133132785558689 4.9038229612633577 0.72796314675360918 0.24967013206332911 209.65600894298404 259.77318759914488 28.726084297522902
leaf_count=2247 1498 139 1068 30 1482 2788 16496 135680 1316 7892 48241 4467 1609 7760 1054 37 985 150 374 50 30 38 2601 12 349 62 18 3406 7331 519
internal_value=-0.00100997 -0.0352936 0.027361 -0.0397424 0.00913758 0.0044992 -0.00208459 -0.0415651 -0.00707782 0.0157255 -0.0420297 0.0322884 0.0203695 0.0354184 0.0420518 0.0452804 0.0720551 0.0417562 0.0677378 0.0914102 0.0800366 0.149739 0.0373867 0.106334 0.0595872 0.0341791 0.256191 0.0276972 0.0199855 0.0592748
internal_weight=3454.22 1564.12 1890.1 1438.67 402.292 360.424 298.524 1386.59 270.558 125.451 1380.25 1487.81 309.442 1178.36 633.828 587.776 68.3664 519.41 74.7765 42.6858 39.611 9.09088 444.634 6.52958 6.33898 5.88146 0.977633 544.536 334.88 30.5201
internal_count=249729 194670 55059 186627 23580 22082 19294 184380 17812 8043 183921 31479 6076 25403 13598 12544 1022 11522 1161 787 737 188 10361 151 459 429 80 11805 8399 549
is_linear=0
shrinkage=0.05


Tree=16
num_leaves=31
num_cat=0
split_feature=11 4 4 13 11 1 2 12 11 13 27 11 13 9 4 12 0 0 13 12 29 11 13 6 4 12 1 3 11 13
split_gain=1431.34 74.0734 66.5668 53.2911 32.309 29.9834 26.0524 25.958 35.4768 36.5809 25.3285 23.5892 23.0714 22.8373 27.6628 20.8379 20.2443 20.0977 32.7834 19.145 19.6929 18.6883 27.7751 22.3782 18.0616 25.5112 17.2676 46.1597 21.5329 17.1145
threshold=0.0029643598708325122 0.0046301674069956162 0.0001407855863466679 252.50000000000003 0.0020950112775423697 -0.0057982580832117705 0.021448336528455906 0.13785714285714298 0.0039802474003354784 267.50000000000006 3454.5000000000005 0.010415754975535494 280.50000000000006 0.28763167627760017 0.0058046230627024501 1.6265214285714327 -0.00011042402961486396 -0.00035841638486883148 332.50000000000006 0.023871428571428578 -0.91475997706273471 0.0078153288326611031 259.50000000000006 0.00045878161998606049 1.0000000180025095e-35 0.10073214285714284 0.0090861418697850711 0.00019386184172764945 0.012890202600785768 154.50000000000003
decision_type=2 2 2 2 2 2 2 2 2 2 2 2 2 2 2 2 2 2 2 2 2 2 2 2 2 2 2 2 2 2
left_child=3 2 24 5 15 13 -6 8 -4 26 -8 12 -9 19 -15 -5 17 -11 -19 -1 -21 23 -23 -3 -2 -26 -10 28 -28 -25
right_child=1 21 7 4 6 -7 10 11 9 16 -12 -13 -14 14 -16 -17 -18 18 -20 20 -22 22 -24 29 25 -27 27 -29 -30 -31
leaf_value=0.00044528460410455951 0.033005550762564631 0.011346669874564851 -0.011809046936218353 -0.048378403231635662 -0.029532320878490843 -0.011389940338534925 0.043786415578944332 -0.022589164691616211 0.00032686533620312694 0.072056768847870434 0.62002324456323343 0.018433864903506125 0.015241141015847882 -0.031220252894606029 0.18599067521200985 0.47496564976885342 0.029409837659464168 0.1144519657499169 0.61498338076404579 0.070643645421839971 0.37634505135515961 0.030581317338653075 0.051632146454227507 0.090118062316588185 0.047405465691047331 0.29627817748942442 0.11136396692277083 0.010839516640389854 0.32785086108854294 0.030324362901055803
leaf_weight=0.91945798881351803 239.98354604654014 195.66961631085724 90.448106076568365 993.76319303130731 265.15296874847263 42.664595294743776 0.5290252985432734 179.97327110916376 104.84266874287277 34.252559025771916 0.29818708542734385 73.231402965262532 51.932205848395824 4.9470908455550671 2.0829648273065686 0.19023999571800132 42.986202190630138 1.2025859421119083 0.44938436150550831 0.80779344867914971 1.514512312598526 504.82940458972007 227.22455593198538 12.402357015758751 2.973994384519755 1.5750606255605815 4.2743465444073108 21.202423444017768 1.5707234051078556 341.11126698926091
leaf_count=18 5482 5958 6333 148109 30657 2505 40 13302 4883 1219 25 3470 3110 262 61 16 1553 45 15 19 45 9186 2661 184 88 51 137 561 32 9702
internal_value=-0.000999811 0.0242902 0.0128543 -0.0420715 -0.0441363 0.00707395 -0.0286583 0.00397335 0.0143854 0.0256257 0.251504 -0.00630537 -0.0141176 0.0837648 0.0331381 -0.0482782 0.0525581 0.0802721 0.250611 0.193553 0.27001 0.031885 0.0371154 0.0249131 0.0348764 0.133575 0.00951598 0.0451352 0.16954 0.0324221
internal_weight=3445.01 2132.14 850.898 1312.87 1259.93 52.9364 265.98 606.366 301.229 210.781 0.827212 305.137 231.905 10.2718 7.03006 993.953 78.8907 35.9045 1.65197 3.24176 2.32231 1281.24 732.054 549.183 244.533 4.54906 131.89 27.0475 5.84507 353.514
internal_count=249729 67972 40281 181757 178847 2910 30722 34660 14778 8445 65 19882 16412 405 323 148125 2832 1279 60 82 64 27691 11847 15844 5621 139 5613 730 169 9886
is_linear=0
shrinkage=0.05


Tree=17
num_leaves=31
num_cat=0
split_feature=11 10 13 11 18 13 11 10 1 12 1 13 28 1 11 3 30 12 1 3 9 2 6 27 28 13 11 1 6 10
split_gain=1319.35 71.0892 51.8518 38.9826 34.5363 36.0083 32.9427 31.6435 25.0123 25.9569 24.714 20.8466 20.9956 24.6941 20.7973 22.9592 20.7253 20.7319 20.7106 18.9079 47.4965 18.5732 17.1423 19.0091 18.4024 23.4745 59.6521 65.1244 24.5294 20.0776
threshold=0.0029643598708325122 0.0033716680255148038 252.50000000000003 0.0082923761618030525 0.0056497494337930014 286.50000000000006 0.0020950112775423697 0.012652713092426675 0.01249706112111826 0.1937785714285718 -0.0057982580832117705 259.50000000000006 -0.01227182388049518 0.0086594637709057638 0.004058359161716223 0.045519049282026665 -2.6700544439059786 0.70603214285714511 -0.019239544611230838 -0.0044052863436123127 0.76653735556897484 0.021448336528455906 0.0034844373007922478 5579.0000000000009 -0.013060449581112488 251.50000000000003 0.010415754975535494 -0.0036517332603387405 0.00074770449447279471 0.002573818819879958
decision_type=2 2 2 2 2 2 2 2 2 2 2 2 2 2 2 2 2 2 2 2 2 2 2 2 2 2 2 2 2 2
left_child=2 4 10 7 5 8 -4 14 22 19 -1 12 -5 -14 15 -3 -16 -18 -7 20 -10 -8 24 -24 25 -2 -27 28 -28 -30
right_child=1 3 6 11 -6 18 21 -9 9 -11 -12 -13 13 -15 16 -17 17 -19 -20 -21 -22 -23 23 -25 -26 26 27 -29 29 -31
leaf_value=0.07282632099691734 -0.017750541314635566 0.0034076613552981292 -0.048161758004449204 0.042480022846675292 0.086384524057269541 0.1809947756972321 -0.028903010001285319 -0.015136078646848858 0.035155005385664205 0.0011164890326622221 -0.010941626143967374 0.047165692550507024 0.012477077120139809 0.036178891229621313 0.0063826514106217523 0.34041930603804471 0.032974187392938267 -0.010700696828473839 0.022929484756131144 0.099292439614451611 0.71810597701361212 0.17759636628647474 0.034667003327176038 0.30234039017798803 -0.014962154797596392 0.0068412701261474362 -0.018876779584650543 0.63669725744253258 0.44319461784742037 0.11811621066397196
leaf_weight=11.126198691315947 14.705109725706281 137.40009563136846 947.73726926604286 221.22186859883368 12.774424901232122 2.1071032397449008 257.57439390337095 61.489224869757891 0.57830160297453381 7.6243503205478191 42.204072261694819 237.84437068551779 234.04750719573349 207.16222674679011 108.87944152671844 0.50723268277943034 471.17035902105272 28.83438984118402 125.60353884333745 4.6428905911743623 0.45478327013552189 1.0935243098065246 10.945564131252464 0.70605518482625562 272.61026714323089 10.288699491880832 1.4737334111705425 0.79798610135912795 0.80320269986987103 1.1623385082930324
leaf_count=405 610 6443 148125 3234 329 39 30657 1436 28 359 2505 2772 5032 3451 2541 10 11232 919 7340 203 19 65 402 25 20898 526 50 27 21 26
internal_value=-0.000990983 0.0225854 -0.0417125 0.0273118 0.00530371 0.00302483 -0.0438453 0.0193411 -0.00577308 0.0613842 0.00653473 0.034468 0.029909 0.0236058 0.0221799 0.00464721 0.0261509 0.0304555 0.0255374 0.14234 0.335803 -0.02803 -0.0086223 0.0508873 -0.0109195 0.0267827 0.0718651 0.229753 0.135333 0.250957
internal_weight=3435.57 2175.84 1259.74 1708.56 467.278 454.504 1206.41 808.281 326.793 13.3003 53.3303 900.276 662.432 441.21 746.792 137.907 608.884 500.005 127.711 5.67598 1.03308 258.668 313.493 11.6516 301.841 29.2311 14.526 4.23726 3.43927 1.96554
internal_count=249729 67972 181757 37070 30902 30573 178847 22581 23194 609 2910 14489 11717 8483 21145 6453 14692 12151 7379 250 47 30722 22585 427 22158 1260 650 124 97 47
is_linear=0
shrinkage=0.05


Tree=18
num_leaves=31
num_cat=0
split_feature=11 4 4 13 11 13 13 11 12 11 3 12 5 3 0 3 0 5 12 14 13 12 14 2 27 29 1 3 3 1
split_gain=1217.28 57.5698 62.4136 50.6216 33.5649 26.0461 35.5911 40.2006 23.2255 20.5257 26.1118 31.6787 20.6478 20.4722 22.1867 19.455 16.6144 43.8569 34.1351 16.2231 21.4911 15.8842 17.3836 15.5645 15.4925 23.7415 18.1351 15.3751 15.9492 22.3578
threshold=0.0029643598708325122 0.0041154757148964697 0.0001407855863466679 252.50000000000003 0.0020950112775423697 240.50000000000003 266.50000000000006 0.0039802474003354784 0.052142857142858191 0.0042216216625890141 -0.028777531991027724 0.055132142857142907 0.0027210884353741529 -0.0015083554979507527 0.0035771420625756449 -0.049367072043375253 -0.0023695938759139552 0.0023130300693909216 0.42395714285714503 263.50000000000006 145.50000000000003 0.052771428571428539 10.500000000000002 0.017988789244592466 17.233787819424496 0.40253886700774394 0.01249706112111826 0.024907888740329013 0.026433935367086828 0.0086594637709057638
decision_type=2 2 2 2 2 2 2 2 2 2 2 2 2 2 2 2 2 2 2 2 2 2 2 2 2 2 2 2 2 2
left_child=3 2 -2 8 -5 -4 15 -8 13 10 11 -3 -11 14 19 16 17 18 -7 20 -1 -12 -23 -6 -25 26 -26 -24 29 -29
right_child=1 9 5 4 23 6 7 -9 -10 12 21 -13 -14 -15 -16 -17 -18 -19 -20 -21 -22 22 27 24 25 -27 -28 28 -30 -31
leaf_value=0.31306197752091447 0.030340229820539352 0.36903653138779502 0.025232187246621431 -0.048041135445721736 -0.028731104684669953 0.1400840753129762 -0.013257852320639 0.032094184726016127 -0.024739703418815456 0.040068712568460257 0.04078258316889799 0.060894231699992987 0.025387698772462403 -0.0059812400080840565 0.39130826541448366 -0.021111883961435852 0.016752131119671179 -0.05115539816997472 0.73624723789508284 -0.022870259730666524 0.076965829419892356 0.25310262662675426 -0.010244127431903678 -0.018549751779446896 0.68780095603262748 0.018982298683184497 0.13647392200841479 0.022014946100974007 0.030299236466023977 0.43793804961636157
leaf_weight=1.0946067385375489 257.01724132150412 0.94565372075885346 87.323321678675711 903.72274925047532 248.78436695085838 0.52239895891398136 90.765158620197326 105.84270166046917 28.512434734497219 318.60390884894878 24.841653013601899 7.0688973823562264 964.5876095443964 12.006140016950665 0.56348279304802495 227.95613969024271 13.25820606946945 1.0639986731112001 0.44434487260878086 3.3890258520841607 8.0704156602732819 0.65756948012858529 106.13859589444473 1.5564942415803664 0.33835596544668056 0.71339902793988585 0.26674418523907661 0.68380623776465543 8.5249956650659424 0.61253086756914854
leaf_count=38 5621 26 1733 148125 30500 24 7097 3954 1921 7550 1006 257 17085 528 18 16739 797 58 20 125 280 37 5554 133 27 45 17 36 354 24
internal_value=-0.000981353 0.021029 0.0101382 -0.0413396 -0.043544 0.000289012 -0.00466292 0.0111572 0.00614535 0.0269902 0.00945506 0.0972526 0.0290329 0.0411963 0.0843767 -0.0174498 0.0371511 0.170331 0.414099 0.0706002 0.105164 0.00448078 -0.00325217 -0.0273944 0.0882766 0.214386 0.444761 -0.00470587 0.0551458 0.218542
internal_weight=3425.88 2216.86 784.194 1209.02 1155.38 527.176 439.853 196.608 53.6361 1432.67 149.474 8.01455 1283.19 25.1237 13.1175 243.245 15.2889 2.03074 0.966744 12.554 9.16502 141.459 116.617 251.659 2.87499 1.3185 0.6051 115.96 9.82133 1.29634
internal_count=249729 67972 36043 181757 178847 30422 28689 11051 2910 31929 7294 283 24635 989 461 17638 899 102 44 443 318 7011 6005 30722 222 89 44 5968 414 60
is_linear=0
shrinkage=0.05


Tree=19
num_leaves=31
num_cat=0
split_feature=10 4 10 13 6 12 3 1 0 1 10 12 8 27 28 4 16 13 30 13 28 18 13 28 3 12 12 30 7 0
split_gain=953.646 104.05 54.4011 51.4738 28.7361 26.1685 23.0189 21.9874 29.7065 19.6496 19.4742 23.6669 57.3617 88.8932 18.5551 17.6795 27.5479 25.3098 30.4521 18.7976 19.9322 17.391 17.273 23.5698 18.2048 18.7461 18.5514 22.4582 19.1556 21.006
threshold=0.0025174558022169461 0.0044216904061327054 0.0035478223374092025 244.50000000000003 0.0034844373007922478 0.058828571428570987 -0.025339044869186807 0.01249706112111826 -0.0012626986706096297 -0.0075622250982979025 0.0014092129889560448 0.012985714285714029 0.14337063177040485 0.87080471974647533 -0.0166369339250566 0.010508963639267364 1.0000000180025095e-35 239.50000000000003 -0.2291395733645232 230.50000000000003 -0.0071795865575817368 0.020318381827815781 246.50000000000003 -0.041162629491872292 0.045519049282026665 0.31681785714285332 0.092985714285714047 0.40848555723355523 0.0031143362622252399 -0.00032860507245724419
decision_type=2 2 2 2 2 2 2 2 2 2 2 2 2 2 2 2 2 2 2 2 2 2 2 2 2 2 2 2 2 2
left_child=1 3 4 -1 6 -3 -2 -8 -9 -7 -5 12 13 -12 -13 16 17 19 -19 21 -21 -4 -20 -24 -25 26 -26 -28 29 -29
right_child=2 5 15 10 -6 9 7 8 -10 -11 11 14 -14 -15 -16 -17 -18 18 22 20 -22 -23 23 24 25 -27 27 28 -30 -31
leaf_value=0.011042773933779464 0.032087809248591989 0.068284146208046528 0.029044676224293728 -0.0462342279818296 0.065392114299023946 0.046285912402053889 -0.0098554383369465412 0.36223069092991639 0.034912826318402743 -0.011107053840167589 1.1802699416035374 0.083536402789648426 0.0092458270726807085 -0.050794553303686651 -0.034808359315857747 0.030474830377442731 0.0044102808070334417 0.0070887859701446775 0.0021414018085351974 0.013030747007562033 0.11223542261612246 0.084900616580738941 0.13882352974174669 0.026229709629215687 0.037055569841167847 0.031479034538905826 0.077949693144759913 0.44834224476656337 0.077124365511744342 0.1864938597930193
leaf_weight=49.285253696143627 44.564931788016111 17.887292601633817 174.07286672666669 710.2889944515191 16.91173208039254 19.235577994026244 276.64094791235402 0.7243504691869046 16.113955585286021 66.37165654823184 0.28427210683003012 3.338209663052111 3.3311223215423524 0.30286913784220815 423.57188722817227 571.12861203216016 234.36331991991028 306.49425459327176 57.990101384930313 7.3935760334134129 16.064626343548298 15.148288965225218 5.040373917669057 340.34422058658674 7.0131889646872905 22.455954860895872 6.0340489745140058 1.2974420990794897 1.5053625572472809 1.869604205712676
leaf_count=2065 2018 1116 2665 117962 505 891 21362 29 604 4555 25 190 355 29 60593 6282 5644 9621 1763 114 212 157 53 10038 96 588 106 35 20 36
internal_value=-0.000969593 -0.0348056 0.0196507 -0.0389864 0.00178736 0.0132815 -0.00139467 -0.006479 0.0489934 0.0017889 -0.0411471 -0.0327603 0.0895633 0.545241 -0.033883 0.0232366 0.0197832 0.0235256 0.0192086 0.0387501 0.080968 0.0335163 0.0275834 0.03141 0.0299872 0.0618184 0.100267 0.141673 0.223968 0.293765
internal_weight=3417.07 1293.9 2123.17 1190.4 354.956 103.495 338.044 293.479 16.8383 85.6072 1141.12 430.828 3.91826 0.587141 426.91 1768.22 1197.09 962.724 750.045 212.679 23.4582 189.221 443.55 385.56 380.52 40.1756 17.7196 10.7065 4.67241 3.16705
internal_count=249729 187781 61948 181219 24518 6562 24013 21995 633 5446 179154 61192 409 54 60783 37430 31148 25504 22356 3148 326 2822 12735 10972 10919 881 293 197 91 71
is_linear=0
shrinkage=0.05


Tree=20
num_leaves=31
num_cat=0
split_feature=11 13 10 11 11 12 12 10 30 3 2 3 13 3 13 28 27 2 10 27 10 11 28 10 27 12 3 11 12 28
split_gain=1025.4 55.1259 40.9707 37.9151 34.8819 31.139 26.6065 24.8568 25.6433 28.014 24.324 20.7452 19.9455 21.3532 25.0979 35.8973 33.7554 55.5723 51.1162 58.939 20.0192 35.2275 19.5544 28.7842 18.9434 17.3857 21.7737 24.9901 16.6927 16.4599
threshold=0.0029643598708325122 240.50000000000003 0.0021844830041566998 0.0044009740242313472 0.0020437953083991245 0.048057142857143277 0.12514285714285758 0.0022692367592915359 0.43794601456303522 0.00082473255513693122 0.013222216973339586 -0.032887657048522027 310.50000000000006 -0.012972845104003315 359.50000000000006 -0.00018741009569410035 1.3931013287032397 -0.0061924114059631599 0.0013306581659930916 0.71868248916360178 0.00089656487375437308 0.0033841338793142496 0.016248183012132152 0.0033173966900734747 18898.500000000004 0.012985714285714029 0.010233655653196451 0.0022302113677244461 0.11249285714285719 -0.024004450722532836
decision_type=2 2 2 2 2 2 2 2 2 2 2 2 2 2 2 2 2 2 2 2 2 2 2 2 2 2 2 2 2 2
left_child=1 -1 6 5 -3 7 10 8 9 -4 12 -9 -2 -14 15 16 17 -15 -19 -20 21 -17 25 -24 -22 26 -6 -28 -12 -5
right_child=2 4 3 29 22 -7 -8 11 -10 -11 28 -13 13 14 -16 20 -18 18 19 -21 24 -23 23 -25 -26 -27 27 -29 -30 -31
leaf_value=0.017748568558362206 -0.0058239591998230896 -0.048128845322152766 0.74255400795774784 0.034800683447132906 0.0026313752586894553 -0.0052563815087979223 -0.020818013825688358 0.29590182973651624 -0.050902236920901282 0.10607465581972163 0.074040780571741516 0.025728082683426308 -0.04044151011385997 0.061270999311016629 -0.036456447888848928 -0.051062485136652451 0.019337773524872103 0.8629169490348535 0.063130086492653115 0.74166018489700858 -0.013647972582424129 0.63899165843229966 0.037654135757612603 0.57645792536169116 0.35747843257453904 -0.029872873989254756 0.51396282419101358 0.036216660891893501 0.29342182234997122 0.020614241889009025
leaf_weight=38.726844964548945 59.292481541167945 811.74539509788156 0.37800654489546903 235.98514023330063 2.8087362744845445 236.99323480669409 108.32213265448809 0.71761362347751756 0.3998313769698143 0.31858452083542943 5.9706927100196472 71.783885007724166 4.6606783261522677 1.33705268939957 3.4021025570109478 0.37800611183047106 1.4233115422539411 0.60187262762337956 0.87690079398453213 0.50397424586117268 5.3491542325355113 0.36213634256273508 1.1276252432726313 0.31771607324480999 0.36745908809825767 262.48080635769293 0.52597228717058875 0.57075248751789331 1.0144160864874718 1530.8334685498849
leaf_count=1660 4211 145229 24 2729 261 13158 9383 20 26 22 321 2705 258 91 217 25 93 40 58 27 343 17 80 11 28 33902 11 30 58 33923
internal_value=-0.00167154 -0.0408637 0.0176255 0.0196769 -0.0429663 0.00356613 -0.00435749 0.0319756 0.268265 0.451461 0.016487 0.0284022 0.00853632 0.0527388 0.0824802 0.118609 0.22305 0.310388 0.478378 0.310771 0.0418869 0.286567 -0.0273196 0.156094 0.0102077 -0.0283148 0.0764037 0.265336 0.105901 0.0225091
internal_weight=3389.58 1118.3 2271.27 2077.41 1079.58 310.591 193.862 73.5979 1.09642 0.696591 85.5402 72.5015 78.5551 19.2626 14.602 11.1999 4.74311 3.3198 1.98275 1.38088 6.45676 0.740142 267.832 1.44534 5.71661 266.386 3.90546 1.09672 6.98511 1766.82
internal_count=248961 181184 67777 52607 179524 15955 15170 2797 72 46 5787 2725 5408 1197 939 722 309 216 125 85 413 42 34295 91 371 34204 302 41 379 36652
is_linear=0
shrinkage=0.05


Tree=21
num_leaves=31
num_cat=0
split_feature=11 13 4 12 11 10 11 13 4 4 10 13 3 12 7 7 5 29 12 28 13 3 13 3 8 27 10 29 1 2
split_gain=950.311 53.2242 36.8971 41.3211 35.5037 29.4958 30.2812 22.3546 34.6579 35.6716 21.8264 20.1909 72.1314 19.4548 32.141 27.1369 21.3563 19.2261 19.2181 18.0423 19.5217 17.8384 17.0667 16.6271 16.4129 25.0243 40.2419 15.7071 15.3692 18.491
threshold=0.0029643598708325122 239.50000000000003 0.0067911714770797953 0.034521428571429071 0.0020437953083991245 0.0027333719856434341 0.0055899442818111459 231.50000000000003 0.0012317302512240157 0.002624059409605313 0.025143550627858641 276.50000000000006 0.055482960779621567 0.018928571428571409 0.00075188535256400489 0.0010429901023846578 0.001281258090752403 -0.8621606883063816 0.27089285714285749 -0.011603858362632532 244.50000000000003 0.017321769149627578 321.50000000000006 -0.030729184804047512 0.20514080332075177 1.1080414719302738 0.00210285817730008 4.5016243497640849 -0.004804610908201056 0.0051335212933257832
decision_type=2 2 2 2 2 2 2 2 2 2 2 2 2 2 2 2 2 2 2 2 2 2 2 2 2 2 2 2 2 2
left_child=1 7 3 10 -3 11 -7 17 -9 -10 21 19 24 14 -6 -16 -17 28 -8 -5 -21 -2 -20 -15 25 -13 -27 -18 -1 -30
right_child=2 4 -4 5 13 6 18 8 9 -11 -12 12 -14 23 15 16 27 -19 22 20 -22 -23 -24 -25 -26 26 -28 -29 29 -31
leaf_value=0.18849400836587382 0.046015244925347309 -0.047950598395054889 0.023470668250487742 0.031213464571355716 -0.0031437021337074942 -0.00051810763362460826 0.024962773138213112 -0.026756892615014485 0.47551120784616857 0.074135323498282626 0.26278271496343736 0.01724328799184199 0.79469449442727591 0.12955584231993025 0.68522272109819904 -0.0018176144474463043 0.16764993245893262 -0.01383269523955322 0.0028401836717151623 0.021919254174176003 -0.028405669219086077 -0.0047340789499683974 0.089610918869578504 -0.030456540021122809 0.0075480264342325052 0.053242345755347524 0.74314860165092345 0.63840443644734257 -0.051488757766989225 0.1789095317310303
leaf_weight=2.244682440534234 95.910721611231565 774.94883011002094 1036.5256947139278 18.062517139129341 8.2462509763427061 310.78265009727329 400.39049320109189 1.9392831679433573 1.0429942235350611 1.1796174198389051 1.0788494609296311 1.4683717093430453 0.29552630893885989 1.6340848961845029 0.27039389824494664 1.016609212849289 0.45633361255750049 26.520766142755747 181.27555996924639 22.351587329991162 139.79309452045709 21.130306749138981 5.8497530389577141 250.40873853163794 69.273134250193834 0.47978686913847912 0.37780911661684513 0.28967131394892931 2.6382791139185424 1.2999293142929671
leaf_count=33 2890 145259 15213 936 795 13760 8594 65 38 34 10 98 14 92 12 91 31 1256 6153 755 13895 555 79 33292 4769 32 24 18 122 46
internal_value=-0.00162787 -0.0404704 0.0164725 0.0107542 -0.0425686 0.00786254 0.0121039 0.0185675 0.12771 0.262487 0.0389166 -0.00725037 0.0151522 -0.0266693 0.0407559 0.218821 0.147272 0.00467787 0.0187806 -0.016188 -0.0214684 0.0368531 0.00555274 -0.0294191 0.0119346 0.142578 0.357177 0.350442 0.0840767 0.0245614
internal_weight=3379.18 1074.14 2305.05 1268.52 1037.27 1150.4 898.298 36.8656 4.16189 2.22261 118.12 252.102 71.8946 262.322 10.2793 2.03301 1.76261 32.7037 587.516 180.207 162.145 117.041 187.125 252.043 71.5991 2.32597 0.857596 0.746005 6.18289 3.93821
internal_count=248961 181184 67777 52564 179590 49109 28586 1594 137 72 3455 20523 4937 34331 947 152 140 1457 14826 15586 14650 3445 6232 33384 4923 154 56 49 201 168
is_linear=0
shrinkage=0.05


Tree=22
num_leaves=31
num_cat=0
split_feature=10 10 4 13 3 28 12 1 29 4 10 10 12 8 4 10 12 3 29 12 3 12 14 3 4 29 13 13 4 12
split_gain=718.308 60.9383 55.9912 43.3703 38.3786 32.9427 23.4094 24.5567 23.4197 23.3941 21.9385 51.5752 20.7686 24.6056 20.4873 20.1816 24.8094 46.5241 20.0547 19.2446 19.1918 30.9922 46.4996 17.7104 17.1199 20.7572 25.9277 28.2357 20.2681 19.8478
threshold=0.0022260429491704858 0.0035478223374092025 0.0044216904061327054 244.50000000000003 -0.025339044869186807 0.010981776869416184 0.017924999999999785 -0.0026933676941202074 -0.74311274640574909 0.0017749378771742613 0.0026677287718488785 0.0031693948757533451 0.012985714285714029 0.14337063177040485 0.0023167954510576317 0.002362992412070409 0.14493571428571453 0.049806745996430542 -0.64773055322275863 0.034521428571429071 0.026433935367086828 0.053321428571428527 122.50000000000001 0.012276611838884068 0.010508963639267364 -0.39356758596232105 239.50000000000003 226.50000000000003 0.0040575718230187975 0.95285000000000009
decision_type=2 2 2 2 2 2 2 2 2 2 2 2 2 2 2 2 2 2 2 2 2 2 2 2 2 2 2 2 2 2
left_child=2 4 3 -1 6 19 -2 8 10 15 -8 -12 13 18 -14 -7 20 -18 -5 -6 21 22 -17 -15 25 29 27 -27 -28 -3
right_child=1 24 -4 12 5 9 7 -9 -10 -11 11 -13 14 23 -16 16 17 -19 -20 -21 -22 -23 -24 -25 -26 26 28 -29 -30 -31
leaf_value=0.010615993768658566 0.2916813782927884 0.025644000393258332 0.0071522960036208049 0.097378676433583 0.019597830461075206 0.40479850246937876 0.045297501964309955 -0.0043336571408125798 0.04818940381741954 0.016300260176850344 0.68182986483644559 0.030363867836134074 -0.046004971450739028 -0.026057986579513061 -0.028543694702257406 0.08258539399447129 -0.050805879506078414 0.54217535890625779 0.47837037545563232 -0.016974166513176448 -0.05219505425613518 -0.051719063013679317 0.63444116344612245 0.23830417837992415 0.02503153921964887 0.018965046947990404 -0.010090305891879115 0.077436743657584614 0.010541337728194088 -0.02291175800345626
leaf_weight=42.385196305811405 0.8717686552554359 431.89088942762464 70.875417572911829 1.3023180188611148 40.556012183893472 0.54809827916324039 1.0271959835663431 27.513023014646024 31.60063961846754 37.436284388881177 0.61342054326087214 0.60191472060978413 711.31874523451552 8.1937132682651246 219.92250515380874 1.1074696863070133 0.58755589136853792 0.7568788081407547 0.47007678356021543 318.17647927813232 2.7079338813200593 1.3030380033887921 0.58247855957597483 0.68662158027291376 599.50394506752491 129.04210929945111 158.06878349091858 24.579124271869659 482.0836657397449 22.124199249781668
leaf_count=1753 22 9468 4629 78 2844 34 43 1417 1229 1758 25 20 132634 1348 34835 42 44 21 39 28613 89 67 19 33 6252 1843 6451 302 12348 661
internal_value=-0.00158252 0.0140114 -0.03577 -0.0388608 -0.00214635 -0.00777956 0.0344044 0.0307489 0.0592696 0.0325313 0.215406 0.359181 -0.0410872 0.0283309 -0.0418813 0.112552 0.0898161 0.283026 0.198426 -0.0128396 0.0442519 0.131513 0.272795 -0.00561768 0.0180873 0.0147509 0.00987367 0.0283204 0.0054469 0.0232779
internal_weight=3368.44 2313.28 1055.15 984.279 465.99 403.762 62.228 61.3562 33.8432 45.0297 2.24253 1.21534 941.894 10.6527 931.241 7.59345 7.04535 1.34443 1.77239 358.732 5.70092 2.99299 1.68995 8.88033 1847.29 1247.79 793.774 153.621 640.152 454.015
internal_count=248961 73612 175349 170720 36287 33531 2756 2734 1317 2074 88 45 168967 1498 167469 316 282 65 117 31457 217 128 61 1381 37325 31073 20944 2145 18799 10129
is_linear=0
shrinkage=0.05


Tree=23
num_leaves=31
num_cat=0
split_feature=11 13 11 4 12 10 13 7 8 13 18 4 9 1 3 4 12 8 13 3 3 27 27 28 2 8 2 2 1 27
split_gain=828.888 49.5955 36.2558 28.8068 42.5087 29.3394 25.8541 21.7904 17.0988 16.5782 16.5168 16.9891 16.8521 21.9075 16.4042 16.226 28.0162 23.144 34.5192 28.9709 15.6518 15.2966 46.8073 14.4089 14.8142 47.1576 31.754 14.3187 16.1264 18.3742
threshold=0.0029643598708325122 240.50000000000003 0.0020437953083991245 0.0044216904061327054 0.065739285714286042 0.025143550627858641 241.50000000000003 0.0015165440620264509 0.25627683163837112 268.50000000000006 1.0000000180025095e-35 0.0077821011673151206 0.59622487009044411 -0.0099999999999999516 -0.049367072043375253 0.0042327474938748822 0.024642857142856873 1.6514758490619721 343.50000000000006 0.0007523511090080649 0.055482960779621567 56954.000000000007 82538.500000000015 -0.0023138825703460848 -0.0032838704370346523 0.55506028954793274 -0.0027945885640111019 0.029556937470154868 0.013587216864328623 0.45926916673257412
decision_type=2 2 2 2 2 2 2 2 2 2 2 2 2 2 2 2 2 2 2 2 2 2 2 2 2 2 2 2 2 2
left_child=1 -1 -3 4 5 -2 -6 8 -8 14 20 12 13 -12 -10 -4 17 18 19 -17 -5 23 -23 24 -18 -26 -27 28 29 -22
right_child=3 2 15 10 6 -7 7 -9 9 -11 11 -13 -14 -15 -16 16 21 -19 -20 -21 27 22 -24 -25 25 26 -28 -29 -30 -31
leaf_value=0.01449131337711706 0.021447056842203389 -0.047780129265857556 -0.032046387161388017 0.020448823285863782 0.014446462402328173 0.14482029792044662 0.01807415576874254 0.020291298646940292 0.028006185717512618 -0.00083509605388541015 0.098803398122232822 0.018039231481977083 -0.0090955298845697592 0.0093465670553831651 -0.029726407906615605 0.80963174221274059 0.00011256648317800238 -0.0076899981739287195 0.024601215146160468 0.20541846677478587 0.11512998105871074 0.64295820111278434 0.011800221964130615 -0.037786371788063926 0.80369299403906058 0.4950694652542118 -0.0064368108843068615 0.027527039224558937 0.11458453405972212 0.022269868956852484
leaf_weight=40.473560301586986 269.15517280250788 708.89098062645644 198.50624693138525 795.82544735446572 200.48536949511617 4.9067726656794539 39.96134882979095 59.313425186555833 13.235250711441038 104.59727941453457 8.4404379799962026 393.42984339036047 137.50410497654229 36.18248384911567 174.90681427298114 0.40562766091898017 15.646331629715862 1.156419313047081 0.65913405222818255 0.38831339683383703 6.9898318182677057 0.35997604066505928 1.5966854128055272 27.495742258150134 0.23415209120139069 0.36660293349996242 2.270309645216912 80.711318315006793 11.326392104849218 22.393779644742608
leaf_count=1660 8766 145229 29082 16088 3421 46 1700 3608 751 6139 165 5401 4786 1116 14139 22 1563 83 40 23 105 22 137 2998 27 41 257 1003 118 425
internal_value=-0.00153598 -0.0397237 -0.0420142 0.0146245 0.00737313 0.0236559 -0.000158503 -0.00762783 -0.0126052 -0.0167932 0.0188339 0.0121945 -0.000431274 0.0262674 -0.0256651 -0.0256047 -0.000323198 0.159226 0.292064 0.514113 0.023 -0.00900245 0.127917 -0.0148248 0.0192699 0.123671 0.0632863 0.0397213 0.0638977 0.0443596
internal_weight=3357.82 998.45 957.977 2359.37 866.561 274.062 592.499 392.014 332.701 292.739 1492.8 575.557 182.127 44.6229 188.142 249.086 50.5793 2.60949 1.45308 0.793941 917.247 47.9698 1.95666 46.0131 18.5174 2.87106 2.63691 121.421 40.71 29.3836
internal_count=248961 181184 179524 67777 38570 8812 29758 26337 22729 21029 29207 11468 6067 1281 14890 34295 5213 168 85 45 17739 5045 159 4886 1888 325 298 1651 648 530
is_linear=0
shrinkage=0.05


Tree=24
num_leaves=31
num_cat=0
split_feature=11 11 11 12 10 18 13 12 12 13 18 3 12 7 27 13 6 10 13 11 12 8 11 10 9 10 7 28 3 12
split_gain=770.141 49.6995 25.6828 31.5839 30.2582 23.9044 22.2073 28.5957 74.5562 18.103 18.0494 17.5406 16.0191 18.7722 15.8104 18.3474 19.4751 19.1986 27.5914 42.4228 38.6402 17.7957 21.835 21.7868 27.4915 16.5692 19.9843 16.8766 14.6443 18.1442
threshold=0.0029643598708325122 0.0020437953083991245 0.0044009740242313472 0.054503571428570909 0.0022692367592915359 0.0044052863436124185 274.50000000000006 0.12357142857142912 0.11249285714285719 239.50000000000003 0.015592335813571379 -0.032887657048522027 0.018928571428571409 0.00075188535256400489 0.49626122507395415 271.50000000000006 0.0031110088436795366 0.0032677555137688562 285.50000000000006 0.0057493602952516645 0.070392857142857215 1.1572448961282709 0.0053092274286735746 0.0030383610468139167 0.73056960073887578 0.002605993018205272 0.0011248780006718609 0.0033946749561329067 -0.049367072043375253 0.27927142857142845
decision_type=2 2 2 2 2 2 2 2 2 2 2 2 2 2 2 2 2 2 2 2 2 2 2 2 2 2 2 2 2 2
left_child=1 5 3 11 6 -1 10 8 -8 -3 -4 -2 13 -11 -6 16 28 18 19 -17 -21 22 23 25 -25 26 27 -20 -16 -30
right_child=2 9 4 -5 14 -7 7 -9 -10 12 -12 -13 -14 -15 15 17 -18 -19 21 20 -22 -23 -24 24 -26 -27 -28 -29 29 -31
leaf_value=-0.047128588317694779 0.17092258664207469 0.021374350409115467 -0.020139388402615629 -0.0069168920168163981 0.011275690181107858 0.068296890207116462 0.056686998799378246 -0.033246529498579848 0.58639410229107847 -0.003486723656911995 0.31357421676520653 0.021295434163538102 -0.027772413394313696 0.14789996447548009 0.032252765207646472 0.062658633422359861 0.031222566048068737 0.027209949799482949 0.15984637666513371 0.65689239362822471 0.19236193878947677 -0.026441309393130677 0.013393511781587625 0.16193041571128886 0.59237711236758606 0.006708889965628584 -0.051731022397278281 0.53704015211523182 0.016810033862926146 -0.0015713747556616066
leaf_weight=687.9935703300871 1.9920592671260227 23.024381821043789 95.712900131940842 282.42474347352982 647.33686823677272 4.5149720003828397 11.47707294113934 8.2415840644389373 0.70509184245020229 8.2735563800670189 0.40690948069095512 116.906929675024 233.82670921180397 2.7213089070282868 84.403813264332712 3.066489843651655 183.61726541537791 357.06811821646988 0.70959680434316552 0.70467692427337159 1.2273914758116005 5.8176052775233975 6.1192127643153071 1.1710008829832075 0.54291551560163487 2.5658262940123677 0.52406134456396092 0.50945847481489182 359.55420756712556 214.24825060740113
leaf_count=145748 43 859 8382 17600 11857 246 439 394 27 795 6 4787 33384 152 1624 137 2258 5110 28 22 39 177 202 44 16 95 20 18 8065 6387
internal_value=-0.00149131 -0.0393021 0.0137207 0.0021842 0.0160522 -0.046376 -0.00866581 0.0386833 0.0873459 -0.0210127 -0.0187267 0.0238023 -0.024999 0.0339826 0.0175934 0.0209405 0.0168238 0.0300596 0.0743801 0.17828 0.361789 0.0454626 0.0799138 0.147498 0.298283 0.0875226 0.206478 0.31748 0.0128071 0.00994672
internal_weight=3347.41 960.354 2387.05 401.324 1985.73 692.509 116.544 20.4237 12.1822 267.846 96.1198 118.899 244.822 10.9949 1869.19 1221.85 841.824 380.026 22.9582 4.99856 1.93207 17.9597 12.1421 6.02286 1.71392 4.30894 1.74312 1.21906 658.206 573.802
internal_count=248961 181184 67777 22430 45347 145994 9248 860 466 35190 8388 4830 34331 947 36099 24242 18334 5908 798 198 61 600 423 221 60 161 66 46 16076 14452
is_linear=0
shrinkage=0.05


Tree=25
num_leaves=31
num_cat=0
split_feature=11 13 11 10 13 14 5 11 7 9 0 1 18 1 13 10 6 15 2 10 14 13 10 28 28 9 6 18 15 3
split_gain=735.946 50.6732 34.9698 31.1059 22.2645 22.7055 29.7687 22.2387 20.4169 19.6306 19.1653 16.4936 15.5019 15.2163 18.4294 21.1941 47.8486 18.1543 15.0632 16.2167 17.4995 20.64 14.339 16.0181 16.2306 13.7229 15.3933 15.2006 15.1253 17.7347
threshold=0.0029643598708325122 242.50000000000003 0.0019070763646817776 0.0021844830041566998 321.50000000000006 66.500000000000014 0.0014941455382974983 0.0078153288326611031 0.0015165440620264509 2.3979776210711372 -0.0090493855332154909 0.00633071920687689 0.015592335813571379 0.0017090741085588059 342.50000000000006 0.0010685239997690929 6.2644222369150602e-06 0.89285713435374559 -0.0045768401134025352 0.0016469638031709761 19.500000000000004 354.50000000000006 0.011509764943924593 -0.029682999288225771 -0.0063761145638219991 3.3167126511681007 0.0025125628140704177 0.0017030794331774986 0.59615382322487009 -0.032887657048522027
decision_type=2 2 2 2 2 2 2 2 2 2 2 2 2 2 2 2 2 2 2 2 2 2 2 2 2 2 2 2 2 2
left_child=1 -1 -3 4 12 9 -7 8 25 13 -4 -11 -2 14 -6 16 -16 18 19 -17 -21 -22 -9 -24 -25 26 27 -5 -28 -30
right_child=3 2 10 7 5 6 -8 22 -10 11 -12 -13 -14 -15 15 17 -18 -19 -20 20 21 -23 23 24 -26 -27 28 -29 29 -31
leaf_value=0.012496584428919525 -0.013449207063658318 -0.048326219732756318 0.47559647530353477 -0.0016818289612369525 -0.023232117682220568 0.01599924357567914 0.4766806751992918 0.014931459083328665 0.020759917837179249 0.044179053404701539 -0.027191388926624434 0.44558087260526069 0.28371434540765156 -0.034366656903342355 0.54116205401049977 -0.050961448349713959 -0.051160187178963895 0.30211005063381674 -0.036754718272594418 0.45752698611988329 0.32281811427808232 -0.051138994844964161 0.042055536481496181 0.0049812737615344688 0.027552626415182208 -0.025657817017423881 0.0087201814724223985 0.014938689176871864 0.20376372097827644 0.040651147139316238
leaf_weight=45.506407259963453 164.6223197192885 605.99367893766612 0.18966404441743989 410.56350015662611 5.3546919487416842 0.74462780263274797 0.662806143052876 653.70438348501921 305.58888362068683 0.52351912949234136 275.46058540837839 0.50065586809068918 0.4400414302945127 8.9045887687243503 0.75794988358393112 0.96731886686757595 0.61972680641338229 0.70068353181704868 3.4594623618759179 0.49142361897975195 0.65969066042453028 0.83731822203844786 120.34830476716161 110.728511210531 283.7182613927871 33.870838434435427 62.176248970907182 206.88670559506863 1.7357269432395686 41.74525377061218
leaf_count=1898 13748 137072 9 17244 316 46 32 12775 7671 27 42954 13 5 545 27 65 41 23 215 29 25 51 1045 1595 3527 784 1432 5607 29 960
internal_value=-0.00107356 -0.0389545 -0.0416101 0.0134315 -0.00597571 0.0378144 0.232949 0.0150864 0.00985154 0.0262637 -0.0268454 0.2404 -0.012657 0.0166248 0.0494129 0.0952113 0.274715 0.0604584 0.0340647 0.116953 0.198639 0.113654 0.0198467 0.0260882 0.0212164 0.00544788 0.00690489 0.00388715 0.0245403 0.0471625
internal_weight=3348.46 927.15 881.644 2421.31 190.247 25.1845 1.40743 2231.07 1062.57 23.777 275.65 1.02417 165.062 22.7529 13.8483 8.49357 1.37768 7.1159 6.41521 2.95575 1.98843 1.49701 1168.5 514.795 394.447 756.978 723.107 617.45 105.657 43.481
internal_count=249810 181933 180035 67877 15208 1455 78 52669 33727 1377 42963 40 13753 1337 792 476 68 408 385 170 105 76 18942 6167 5122 26056 25272 22851 2421 989
is_linear=0
shrinkage=0.05


Tree=26
num_leaves=31
num_cat=0
split_feature=10 4 10 13 3 12 7 7 8 10 1 4 6 13 18 1 12 10 28 13 13 1 7 9 28 28 10 12 10 8
split_gain=552.411 55.7612 45.1936 37.088 22.7265 22.6319 23.4335 85.0004 22.2992 23.9475 21.8001 20.2255 20.1417 19.0601 18.8374 18.271 17.8828 15.5473 15.3309 16.0848 22.3692 23.0878 18.1145 17.5762 15.6646 19.1008 15.6507 20.105 16.8346 15.1181
threshold=0.0021844830041566998 0.0050360545384118046 0.0035478223374092025 241.50000000000003 -0.023853418970312897 0.017924999999999785 0.00075188535256400489 0.00085352689595199268 0.056906329551324679 0.0018821983640969623 0.01249706112111826 0.0024953524094647531 0.0034844373007922478 231.50000000000003 0.0062184702770787369 0.010127747991394711 0.017924999999999785 0.0019473110171039482 -0.029682999288225771 239.50000000000003 212.50000000000003 0.01925682401022866 0.00093283914222713836 0.089920687752741355 -0.0043192944567967172 0.041531763879764094 0.012652713092426675 0.55519999999999758 0.0043888846084624003 0.42693056075644226
decision_type=2 2 2 2 2 2 2 2 2 2 2 2 2 2 2 2 2 2 2 2 2 2 2 2 2 2 2 2 2 2
left_child=1 3 4 13 16 6 8 -8 9 -5 12 -7 14 -1 -6 -14 -2 -15 26 20 21 -20 -21 -22 -25 -26 28 -28 -4 -23
right_child=2 -3 18 5 10 11 7 -9 -10 -11 -12 -13 15 17 -16 -17 -18 -19 19 22 23 29 -24 24 25 -27 27 -29 -30 -31
leaf_value=-0.0041948694458932697 0.20270971147174782 0.021206289230775541 0.087109927676236085 0.59991890019830207 -0.013978060478599411 -0.045235553694099873 1.09619840122039 0.061465307577239482 -0.016409032502751563 -0.053034745888496194 0.038627062592519627 -0.026163628616399034 0.0297391701425141 0.059020289702498542 0.06037117665201383 0.2297755824385051 0.020047191631936787 0.29016640506150587 0.0075145315275989069 0.0048325811468227856 -0.016440382992121257 0.010648452893126104 0.016350022956999766 0.020477041973003745 0.079800634604505385 -0.015517536495159785 0.029433442729348711 0.081743017100004922 0.0035393176424706701 0.055589086772947306
leaf_weight=37.902799495495856 1.3657026272267092 43.090888364706188 6.5851077102124682 0.30706073204056039 359.36624427698553 617.02153461286798 0.21802063053473775 2.213778359349817 23.014900668524206 0.25875169085338712 24.692080620210618 179.4380092038773 14.585406124126164 4.3386697629466644 8.7262380644679052 1.2384492158889759 70.952146975789219 0.87403101194649924 221.21152176521719 665.06515286117792 10.360256919637321 29.822072427719831 701.47483870340511 24.96339256875217 45.391086721792817 5.9440650902688494 94.827876778319478 22.781870221719146 70.98559956625104 50.239631842821836
leaf_count=1555 25 2294 82 31 33624 135949 37 263 4207 11 819 29691 477 112 248 29 3060 22 2983 17456 138 334 13304 327 543 62 812 201 688 426
internal_value=-0.00104632 -0.0343066 0.0113881 -0.0370702 -0.00233943 -0.0394398 0.00645462 0.154233 -0.0087853 0.301317 -0.00691206 -0.0409388 -0.00984096 0.00813366 -0.0122155 0.045395 0.0234967 0.0977773 0.0147743 0.0132955 0.0222809 0.0158416 0.0107447 0.0446677 0.0529653 0.0687638 0.0280676 0.0395662 0.0106338 0.0388492
internal_weight=3339.26 908.678 2430.58 865.588 480.926 822.472 26.0125 2.4318 23.5807 0.565812 408.608 796.46 383.916 43.1155 368.092 15.8239 72.3178 5.2127 1949.65 1754.47 387.932 301.273 1366.54 86.6588 76.2985 51.3352 195.18 117.61 77.5707 80.0617
internal_count=249810 174172 75638 171878 38282 170189 4549 300 4249 42 35197 165640 34378 1689 33872 506 3085 134 37356 35573 4813 3743 30760 1070 932 605 1783 1013 770 760
is_linear=0
shrinkage=0.05


Tree=27
num_leaves=31
num_cat=0
split_feature=11 11 10 12 13 13 11 12 10 1 27 7 12 28 12 11 12 4 10 3 14 2 9 2 4 4 29 6 30 30
split_gain=643.234 50.1751 23.1357 20.9125 20.4162 19.3764 17.6288 18.3226 25.7588 16.9795 20.9231 16.7449 16.2459 15.9564 24.2066 17.5614 15.4558 18.9864 18.4906 14.8236 14.8054 17.2234 14.9958 18.8452 16.5928 13.8178 35.3896 13.551 13.5375 15.1837
threshold=0.0029643598708325122 0.0020775170080837742 0.0021844830041566998 1.6265214285714327 245.50000000000003 321.50000000000006 0.0078153288326611031 0.27927142857142845 0.011509764943924593 -0.013425361447768234 0.99252973274619605 0.0015165440620264509 0.040714285714286126 -0.024004450722532836 0.40634285714285723 0.010043604542845192 0.023060714285714341 0.0035807263237396529 0.0015866993806260452 -0.013430779163703109 66.500000000000014 -0.0020532863551245835 1.6439859761187083 0.0063092667377424591 0.0001407855863466679 0.0080961274375244748 -0.20087075150371783 0.0024278228274629194 0.31768002728843059 0.64921135114954376
decision_type=2 2 2 2 2 2 2 2 2 2 2 2 2 2 2 2 2 2 2 2 2 2 2 2 2 2 2 2 2 2
left_child=1 3 5 4 19 25 11 -8 -9 10 -3 12 -4 14 -10 -16 17 -11 -19 -1 22 -22 24 -24 -7 -2 -27 -14 -20 -30
right_child=2 9 6 -5 -6 20 7 8 13 16 -12 -13 27 -15 15 -17 -18 18 28 -21 21 -23 23 -25 -26 26 -28 -29 29 -31
leaf_value=0.22788635088748879 -0.014049269266167955 0.045123675493982676 0.021301771227305588 0.48190894134791445 -0.047463778987830552 0.10691595212956305 0.022874284319441149 0.00024125618923034206 -0.015294615883611105 -0.0078726703719472473 0.42009421502629696 0.018448776310297465 -0.0018438579446726135 0.015350196902499575 0.1879726289647341 0.055609471871083088 -0.024042791123338243 0.30226060860851811 0.00044226183590589702 -0.0040232673193475836 0.36216870124986195 0.04456026424514082 0.017300905443789785 0.2868424317410963 -0.0090404905413843505 0.29612956044789646 -0.0099904120817646616 0.017150481251061733 0.38898053695948209 0.026205544051710619
leaf_weight=0.71523259207606571 155.16558056278154 3.0540628130547698 124.16732772998512 0.18777621909975906 601.37829760042951 3.7359153986908593 688.22485111281276 281.62052904162556 12.467083526775239 12.604066605679693 0.42362754605710495 314.75437291618437 526.78586443467066 174.40020237676799 2.6708810776472083 40.570597905665636 222.42746751615778 0.97965261526405711 2.809358967468143 18.828498126938939 0.72453151503577817 1.0389114273712028 1.4504691809415811 1.1727935448288915 17.709607677999884 1.2891753092408178 3.5275250663980833 114.26728345965967 0.5651538139209149 0.58906861627474427
leaf_count=30 13628 197 3294 18 147448 136 9705 6410 139 1226 18 7671 20186 2287 40 361 31745 34 153 1023 31 47 71 36 1134 30 95 2576 26 15
internal_value=-0.00101885 -0.0381286 0.0119929 -0.0456698 -0.0458293 -0.00497226 0.0133756 0.0175466 0.0103815 -0.0188891 0.0907999 0.00874116 0.00474818 0.0227917 0.0460878 0.0637851 -0.0204787 0.0246987 0.107748 0.00446382 0.0352089 0.175053 0.0249629 0.137806 0.0111597 -0.0114603 0.0719417 0.00154187 0.0596716 0.203835
internal_weight=3330.31 864.562 2465.74 621.11 620.922 185.815 2279.93 1199.95 511.729 243.452 3.47769 1079.97 765.22 230.109 55.7086 43.2415 239.975 17.5473 4.94323 19.5437 25.8322 1.76344 24.0688 2.62326 21.4455 159.982 4.8167 641.053 3.96358 1.15422
internal_count=249810 181933 67877 148519 148501 15208 52669 18942 9237 33414 215 33727 26056 2827 540 401 33199 1454 228 1053 1455 78 1377 107 1270 13753 125 22762 194 41
is_linear=0
shrinkage=0.05


Tree=28
num_leaves=31
num_cat=0
split_feature=11 11 14 10 12 3 4 14 28 12 9 7 1 7 15 12 15 9 11 12 10 1 3 14 30 10 1 12 18 12
split_gain=598.72 45.8241 27.7675 20.3989 17.3027 16.6627 16.15 16.8848 20.6976 15.4201 16.2243 14.5279 15.9115 17.9999 49.8648 14.7409 13.1171 14.1349 12.8972 16.8104 17.3576 30.4971 19.1858 14.8182 15.744 13.1533 17.0735 19.5139 19.0106 19.9811
threshold=0.0023340507450033726 0.0031804094982683605 144.50000000000003 0.0021844830041566998 0.11919285714285317 -0.030729184804047512 0.0042327474938748822 10.500000000000002 -0.0044168069584806071 1.6265214285714327 0.91515384399367095 0.0014038207322846434 -0.0067856071388411867 0.0027275207062440435 0.26095824052410749 0.025357142857143206 0.99999994606231934 1.2438022455296431 0.0078153288326611031 0.1070678571428567 0.0024646919009001195 -0.0038160455243602116 -0.019218980515876779 42.500000000000007 0.75299542528927088 0.0089956410116525439 0.014984486351188988 0.48535714285714354 0.0028011204481792921 0.44277857142857108
decision_type=2 2 2 2 2 2 2 2 2 2 2 2 2 2 2 2 2 2 2 2 2 2 2 2 2 2 2 2 2 2
left_child=2 6 5 4 16 -1 -2 8 -8 -7 -11 -9 13 14 -13 -14 -3 -18 25 20 21 22 -20 24 -22 26 -5 28 29 -28
right_child=1 3 -4 18 -6 9 7 11 -10 10 -12 12 15 -15 -16 -17 17 -19 19 -21 23 -23 -24 -25 -26 -27 27 -29 -30 -31
leaf_value=0.37673223365838793 -0.020225932711853023 0.010317684980084792 0.0073965028116807418 0.0089356075368126897 -0.019582340419102777 -0.045576056340534729 0.52837251294344356 -0.0098053703335351013 0.037408798478294536 -0.050724506417099247 0.4872077109896038 0.10559733122373877 0.17809352305532214 0.0029475839609031849 0.66347747350924358 0.0016304921840921639 0.079153510322545195 0.49789805715244029 0.53710046744408746 0.012862079555422385 0.08689584844572977 0.0062677470474145824 0.15374986546580602 0.022338228581199673 -0.041381955664607784 -0.0044196725321797147 0.050733659107878165 -0.030745977592880426 0.00028328932101513211 0.21871676675671292
leaf_weight=0.23391191568225522 162.19356520054862 73.087877215351909 26.113163771107793 797.04629721818492 92.648519656155258 644.88785781571642 0.34536017570644617 42.301765017677099 0.56724850786849756 0.28190151927992602 0.27879064716398716 2.216852063778791 1.2990128342062224 1.8174281679093836 0.4888771935366093 13.305194643791763 0.76785971969365963 0.27323960606008768 0.59235753770917654 886.74547569919378 16.146057495847348 1.7187951169908036 0.72689596656709932 307.00134859140962 2.8079213555902234 158.09526993799955 54.111734333448112 10.796976175159214 20.841578334569931 1.8300965540111054
leaf_count=23 20392 4566 1360 25879 8755 159861 29 3696 48 27 23 145 47 85 24 1121 56 17 13 15170 127 79 28 3499 26 3019 1088 232 343 32
internal_value=-0.000991434 0.00969726 -0.043151 0.0116979 -0.00517668 -0.0451953 -0.0119124 0.00971683 0.223205 -0.0453482 0.216749 0.00654518 0.0427058 0.12465 0.206396 0.0173265 0.0128279 0.189054 0.0129441 0.0164433 0.0260959 0.145056 0.325878 0.0249871 0.0678922 0.00886417 0.0112382 0.0321933 0.0410435 0.0562291
internal_weight=3321.57 2649.77 671.796 2425.24 166.777 645.682 224.535 62.3417 0.912609 645.449 0.560692 61.4291 19.1274 4.52316 2.70573 14.6042 74.129 1.0411 2258.46 1215.74 328.993 3.03805 1.31925 325.955 18.954 1042.72 884.627 87.5804 76.7834 55.9418
internal_count=249810 88516 161294 62929 13394 159934 25587 5195 77 159911 50 5118 1422 254 169 1168 4639 73 49535 18942 3772 120 41 3652 153 30593 27574 1695 1463 1120
is_linear=0
shrinkage=0.05


Tree=29
num_leaves=31
num_cat=0
split_feature=11 11 13 27 6 12 13 13 28 12 11 4 12 4 11 6 12 28 15 9 14 12 13 8 13 13 4 11 11 2
split_gain=560.46 44.5798 25.699 18.7336 14.1495 21.5451 22.22 27.6775 32.5192 17.4446 15.1812 13.7338 16.3562 13.5906 13.5753 17.499 13.3103 13.2483 13.1385 12.8095 16.335 16.4505 16.7275 14.2691 12.4343 15.1558 36.635 12.4299 13.0486 11.9814
threshold=0.0022911875723355423 0.0031804094982683605 245.50000000000003 0.094672769325385708 0.0049219061095499448 0.14307500000000065 241.50000000000003 287.50000000000006 -0.0049532873165350896 0.16525357142857192 0.0057493602952516645 0.0031792878358152111 0.025357142857143206 0.019009273935710714 0.023167822723696271 0.00020631318341241743 1.6265214285714327 -0.0085159689883671369 0.53846149704140867 1.1948318436454468 10.500000000000002 0.17535714285714429 329.50000000000006 1.1837870006989741 239.50000000000003 231.50000000000003 0.0012317302512240157 0.012890202600785768 0.023167822723696271 -0.029403280961378338
decision_type=2 2 2 2 2 2 2 2 2 2 2 2 2 2 2 2 2 2 2 2 2 2 2 2 2 2 2 2 2 2
left_child=2 11 3 -1 5 10 9 8 14 -7 -3 24 -13 -10 -8 -16 -4 -5 -15 20 -9 -22 23 27 25 -2 -27 29 -29 -23
right_child=1 4 16 17 -6 6 7 19 13 -11 -12 12 -14 18 15 -17 -18 -19 -20 -21 21 22 -24 -25 -26 26 -28 28 -30 -31
leaf_value=0.06723880946063604 -0.0042861244636421391 0.0075208386524280735 -0.045671099467093669 0.21579980789187381 0.022226405785336162 -0.020764808491356871 0.006528000941437951 0.1459326280467311 -0.01374620027205627 0.023937411358416497 0.019821892863290756 0.072640178424684482 -0.0038382349814368635 0.099151524747643813 0.10969574760637094 0.019171565023491339 0.18176665758585209 -0.032893134351145673 0.0037369636198258472 -0.0027952883059308271 -0.016148008750789738 -0.017464147582720645 0.0045944992801530615 -0.014968140806423639 -0.029375669148157729 -0.025583001911690623 0.33937837091511081 -0.036642850304883477 0.085862210225859867 0.061645075916480302
leaf_weight=8.3914665756747144 17.684897115454081 417.62426809361205 605.01554493210278 0.55414597876370386 251.84755222499371 24.486845238134265 242.48517529573292 2.700977621600031 411.6988694248721 200.7233526930213 627.97406174987555 7.5287422225810579 97.897485355380923 5.0547455549240139 7.3592450059950378 19.442729189991951 0.64397024922072788 15.930915386881676 12.604787677526472 61.198521445505321 24.126775038428605 5.166843317449092 47.658369694836438 10.067763289436696 109.32290950510651 1.7287939693778747 1.1417180597782133 7.6861939802765828 3.0308070424944162 64.972480282187462
leaf_count=368 646 15318 157974 18 2376 376 7407 39 18237 2839 10554 366 10374 42 76 234 42 911 102 1284 682 87 1023 280 16124 40 18 117 26 1830
internal_value=-0.000965037 0.009003 -0.0433835 0.00642369 0.0110012 0.00971382 0.00499246 0.00156423 -0.00336084 0.019077 0.0149087 -0.0117841 0.00162327 -0.0119038 0.0102603 0.0440276 -0.0454293 -0.0245333 0.0310478 0.0167485 0.0239793 0.0219549 0.0285884 0.041165 -0.0226673 0.013011 0.119577 0.0481544 -0.00199797 0.0558175
internal_weight=3313.75 2683.21 630.536 24.8765 2447.91 2196.06 1150.46 925.254 698.646 225.21 1045.6 235.305 105.426 429.358 269.287 26.802 605.66 16.4851 17.6595 226.609 165.41 162.709 138.582 90.9241 129.878 20.5554 2.87051 80.8563 10.717 70.1393
internal_count=249810 90497 159313 1297 62929 60553 34681 31466 26098 3215 25872 27568 10740 18381 7717 310 158016 929 144 5368 4084 4045 3363 2340 16828 704 58 2060 143 1917
is_linear=0
shrinkage=0.05


Tree=30
num_leaves=31
num_cat=0
split_feature=11 11 3 12 7 11 7 12 3 28 12 3 3 10 12 13 29 10 28 28 10 15 29 27 27 29 3 7 12 13
split_gain=539.26 33.2752 28.86 29.3032 27.5285 32.4139 21.4522 19.8036 18.9687 22.4185 18.9203 20.3263 18.6012 18.5612 21.689 16.2741 14.3722 21.4721 22.2958 59.0021 85.7326 26.4086 15.2224 14.3332 20.0124 15.2116 13.551 22.1265 21.8368 12.6476
threshold=0.0022911875723355423 0.0036929317180210744 -0.032887657048522027 0.13460714285714157 0.00045055192610947453 0.0030039114535563966 0.0022993933174132145 0.048057142857143277 0.0077701027812483456 0.0091676162172377989 1.6265214285714327 0.001107716948311799 -0.030729184804047512 0.0058255257513109065 0.53932857142856638 243.50000000000003 0.56641772247039057 0.0021221564473579619 -0.00060678019642815067 -0.0026663482481663944 0.0032191031683567821 0.17510547692009434 0.28096181048885022 1.4614421091746996 2.6206914128905443 3.6707331881164564 -0.015507665300550253 0.0031143362622252399 0.1794357142857142 376.50000000000006
decision_type=2 2 2 2 2 2 2 2 2 2 2 2 2 2 2 2 2 2 2 2 2 2 2 2 2 2 2 2 2 2
left_child=10 2 3 4 -2 -6 7 -4 9 16 12 -12 -1 29 23 -14 17 -8 19 21 -21 -19 -20 -15 -25 -26 27 28 -23 -9
right_child=1 -3 6 -5 5 -7 8 13 -10 -11 11 -13 15 14 -16 -17 -18 18 22 20 -22 26 -24 24 25 -27 -28 -29 -30 -31
leaf_value=0.42826843878209009 0.036279946762630057 0.011269764464397205 0.010299010749736685 -0.051440371937418454 0.092859921843204324 0.55466151047507983 -0.030494824480560484 -0.020891488598474842 -0.02802255944333179 0.42101816671117398 0.45473810306046902 -0.051709556092931833 -0.003147995278784468 -0.022000716403770281 0.33141817545344449 -0.045445005065736101 0.012985029469203669 0.46733434085215797 -0.051007548100451411 1.1396707329283513 0.1455076941698692 0.075401202884282731 0.26673972265929946 0.300191544382027 -0.051574841132026678 0.22524700385987623 -0.0053173272072086324 -0.051416294567398761 0.5784205645595607 0.065611176297600771
leaf_weight=0.20876548206433554 1.1256471029482775 2321.900245343335 91.652430314105004 1.4953695884905753 0.65510921971872427 0.90476817823946476 2.4803884127177387 241.44186243135482 8.5477472064085287 0.42216138821095128 0.39520865911617775 0.39727660361677408 23.673464163206518 4.9375098645687068 0.65303693525493223 577.62457854603417 10.746789588127283 0.48160293791443542 1.878850612323727 0.37802621070295561 0.50863548461347818 0.39440504973754709 0.47152278851717699 0.99358890857547555 1.6344109242781999 0.71265443041920651 2.1809239494614263 0.5640778224915266 0.47631647158414125 4.3008938711136571
leaf_count=19 42 54200 6721 70 19 30 254 26726 507 17 23 19 1180 173 28 157774 566 18 132 35 30 21 28 35 67 23 133 27 30 466
internal_value=-0.000511856 0.00902493 -0.00469023 0.125951 0.224728 0.360716 -0.00614344 -0.00963157 0.0347633 0.0603392 -0.0432942 0.200854 -0.0436159 -0.0168042 0.0540012 -0.0437797 0.0529339 0.0966764 0.139684 0.19955 0.569367 0.119522 0.0127377 0.0321167 0.112103 0.0324783 0.0731943 0.192534 0.350571 -0.0193776
internal_weight=3304.24 2701.94 380.039 4.18089 2.68552 1.55988 375.858 346.326 29.5314 20.9837 602.299 0.792485 601.507 254.674 8.9312 601.298 20.5615 9.81475 7.33436 4.98399 0.886662 4.09733 2.35037 8.27816 3.34065 2.34707 3.61572 1.4348 0.870722 245.743
internal_count=249413 90398 36198 161 91 49 36037 34239 1798 1291 159015 42 158973 27518 326 158954 1274 708 454 294 65 229 160 298 125 90 211 78 51 27192
is_linear=0
shrinkage=0.05


Tree=31
num_leaves=31
num_cat=0
split_feature=11 4 6 11 12 10 13 12 16 28 7 0 30 13 13 1 6 6 4 6 11 4 14 13 18 30 3 18 10 14
split_gain=504.656 32.6929 37.456 22.3472 16.8344 16.0668 15.7388 15.1637 14.52 14.0518 20.9482 19.5041 26.2642 16.7208 27.1586 22.561 29.4575 40.9966 15.7221 14.0255 13.7824 13.0202 12.3614 21.748 17.945 25.831 12.2033 12.0821 14.1848 14.0171
threshold=0.0022911875723355423 0.0044216904061327054 9.3568234280489197e-05 0.0031323580137208222 0.035714285714285622 0.025143550627858641 243.50000000000003 1.6265214285714327 1.0000000180025095e-35 -0.0096020595662732692 0.00080773631937271185 -0.003758566603261126 0.14577494644444536 251.50000000000003 252.50000000000003 -0.0038160455243602116 0.0011379231867908147 0.0018074386680336275 0.0020100502512562031 0.0018509664658274386 0.010415754975535494 0.0042327474938748822 337.50000000000006 107.50000000000001 0.0045415227037550205 -1.1704252985859089 -0.030729184804047512 0.00093918270275082725 0.0049033396594214225 52.500000000000007
decision_type=2 2 2 2 2 2 2 2 2 2 2 2 2 2 2 2 2 2 2 2 2 2 2 2 2 2 2 2 2 2
left_child=6 2 3 -2 5 27 -1 26 22 10 11 12 -4 21 -15 18 20 -18 -16 -10 -17 -12 23 24 -3 -26 -8 -5 29 -29
right_child=1 8 9 4 -6 -7 7 -9 19 -11 13 -13 -14 14 15 16 17 -19 -20 -21 -22 -23 -24 -25 25 -27 -28 28 -30 -31
leaf_value=-0.0029996487824454875 -0.016493838904643773 0.034450806238267094 -0.0014378995446227079 0.011000769435057093 0.0082801344028026122 0.19108871570149732 0.26583919071124096 0.15147018071888141 -0.0045791183012517693 -0.01485372705309909 -0.025057867379818296 -0.020460652513978904 0.30351480402323228 0.39714940670226972 0.34605284648723633 -0.016596582943557172 0.65367875980089252 0.09501141219764575 0.01652596432103004 0.017581439709185128 0.31101276624013358 0.18005075515407723 -0.033357766968658921 0.014671170824955993 0.02093835740529507 0.21309999883569863 -0.045216617678502477 -0.016755409150915678 0.011989345740086142 0.080969681773913116
leaf_weight=23.603844506200403 76.8907724567689 16.483664007857445 1.9038606137037271 50.136589671485126 478.23940488696098 1.5387190431356419 0.31549186632037063 0.98344845604151387 205.15573905222118 327.67209607595578 7.5114606842398661 36.347686260938644 1.1222480749711392 0.66810669330879946 0.37751196511089702 1.439892549067735 0.63747389521449782 0.67726327432319522 8.790323934517799 109.51307349512354 0.41314825415611256 0.8625835608690976 13.061948953196405 1326.5002359687351 3.0966141801327467 4.0180486366152754 552.15962259797379 4.27365832962096 18.969751112163067 25.948634590022266
leaf_count=1180 9108 170 61 1317 14281 10 19 42 5021 28855 320 1733 34 28 23 94 30 23 467 1570 14 29 128 25996 29 34 157774 149 266 608
internal_value=-0.000511959 0.00849137 0.00154644 0.00883253 0.0121952 0.0307578 -0.0429845 -0.0446898 0.0128145 -0.0107588 0.0113275 -0.0103068 0.111655 0.0511738 0.0866593 0.0698429 0.184877 0.365891 0.0300952 0.00313334 0.0564462 -0.00393028 0.0150493 0.0155176 0.063096 0.129463 -0.045039 0.028274 0.045879 0.0671506
internal_weight=3299.31 2722.25 1044.42 655.998 579.107 100.867 577.062 553.459 1677.83 388.424 60.7516 39.3738 3.02611 21.3778 13.0037 12.3356 3.16778 1.31474 9.16784 314.669 1.85304 8.37404 1363.16 1350.1 23.5983 7.11466 552.475 99.3286 49.192 30.2223
internal_count=249413 90398 57450 25739 16631 2350 159015 157835 32948 31711 2856 1828 95 1028 679 651 161 53 490 6591 108 349 26357 26229 233 63 157793 2340 1023 757
is_linear=0
shrinkage=0.05


Tree=32
num_leaves=31
num_cat=0
split_feature=11 4 6 11 13 12 12 10 28 0 13 1 14 12 15 6 6 2 3 3 27 4 10 0 15 1 17 11 3 12
split_gain=472.472 29.0654 33.9689 20.1028 15.5815 14.5294 12.9603 12.7974 12.5914 12.7174 13.8635 17.1925 19.7763 19.1508 11.9082 11.8011 22.4527 20.5294 18.0679 11.6291 12.6247 17.9113 24.1965 11.4953 11.3733 12.425 12.0703 14.8721 10.7383 15.2056
threshold=0.0022911875723355423 0.0044216904061327054 9.3568234280489197e-05 0.0031323580137208222 243.50000000000003 0.035714285714285622 1.6265214285714327 0.025143550627858641 -0.0096020595662732692 -0.0048829118451170763 248.50000000000003 -0.0038160455243602116 28.500000000000004 1.1068107142857151 0.94999995250001179 0.001095777460775814 0.0018074386680336275 -0.019229544808941231 -0.044691998456800823 0.021062790091882725 3.6087367472420984 0.0038498372872862634 0.0032191031683567821 0.0048504940511756587 0.19999998000000027 -0.001707295958117194 1.0000000180025095e-35 0.0063525160674210348 0.063287560461070771 0.20428571428571174
decision_type=2 2 2 2 2 2 2 2 2 2 2 2 2 2 2 2 2 2 2 2 2 2 2 2 2 2 2 2 2 2
left_child=4 2 3 -2 -1 7 -6 19 9 -4 -11 -12 -13 15 28 -14 17 -17 -19 20 21 -5 -23 -7 -25 -26 -27 -28 -3 -30
right_child=1 14 8 5 6 23 -8 -9 -10 10 11 12 13 -15 -16 16 -18 18 -20 -21 -22 22 -24 24 25 26 27 -29 29 -31
leaf_value=-0.002857886852987344 -0.01592694934858278 0.012175276761680245 0.14236360827070813 0.018094644386733055 -0.044795334453744839 0.0044711489962517273 0.12464714927636017 0.16497865007947271 -0.01431814195341366 -0.026169512338961299 0.0028200906305010359 0.40646187995304184 -0.010387832975037878 0.32310596944138115 -0.00034473314821755407 0.40773266800699254 -0.028973787490450095 0.29525274365254461 0.010952781544877581 -0.015049189777976146 0.066715489939217637 0.38119558802779663 0.0033522185089585564 0.11348268777597321 -0.016526930983543197 0.025189061066964297 -0.023264475426542943 0.15946870887333869 0.057854305160763481 0.017689568383304016
leaf_weight=23.537684017326683 75.677662455011159 1390.03629307542 1.7716701496392477 64.183384952135384 528.33509604632854 405.88659664569423 1.130939324852078 1.6887737289071072 323.05264071421698 21.108012129552662 27.453992672264576 0.4355026837438335 4.8675276017747784 0.66366500221192914 173.99479112308472 0.75949706323444877 2.1227343915961683 0.85911674052476938 1.5989481606520708 14.62837261520326 21.17635475192219 0.80596994515508302 0.89336634427309036 3.5174102932214728 16.618050837889314 50.347153656184673 1.5919966883957375 3.704324608668685 30.83869047369808 99.896833277307451
leaf_count=1180 9108 27869 32 1505 157793 13239 42 10 28855 772 1491 17 303 24 3577 23 85 22 87 308 480 23 24 37 222 721 23 39 260 1242
internal_value=-0.000506249 0.00800169 0.00144507 0.00832234 -0.0426638 0.0114591 -0.0444334 0.0284675 -0.0103668 0.0103419 0.00643505 0.0241905 0.0760789 0.0628441 0.0120461 0.0459231 0.0972488 0.180522 0.110318 0.0262004 0.0331314 0.0223367 0.182558 0.0078087 0.0256853 0.0214117 0.0327421 0.104542 0.0134638 0.0271639
internal_weight=3293.18 2740.18 1045.41 660.719 553.004 585.042 529.466 103.376 384.693 61.6407 59.869 38.761 11.307 10.8715 1694.77 10.2078 5.3403 3.21756 2.45806 101.687 87.0591 65.8827 1.69934 481.666 75.7789 72.2615 55.6435 5.29632 1520.77 130.736
internal_count=249413 90398 57450 25739 159015 16631 157835 2350 31711 2856 2824 2052 561 544 32948 520 217 132 109 2340 2032 1552 47 14281 1042 1005 783 62 29371 1502
is_linear=0
shrinkage=0.05


Tree=33
num_leaves=31
num_cat=0
split_feature=11 4 6 11 11 8 12 12 12 16 8 12 8 12 0 14 15 11 12 12 6 6 11 27 8 6 11 13 12 14
split_gain=442.434 25.8738 30.741 18.0879 15.5773 12.305 23.8584 22.8491 12.9058 12.1536 12.6398 16.0745 13.6913 12.7828 16.6648 18.6588 28.3645 19.2961 12.9678 12.0549 11.9834 11.874 11.7618 20.9554 12.5155 18.6308 11.7337 19.079 12.5231 24.2609
threshold=0.0022911875723355423 0.0044216904061327054 9.3568234280489197e-05 0.0031804094982683605 0.0018936928842952312 0.35787137462447433 0.01463571428571415 0.010714285714285425 1.6265214285714327 1.0000000180025095e-35 1.0517394453192688 1.1068107142857151 0.88522999273663749 0.62999285714285758 -0.011174650984651478 78.500000000000014 0.39999997333333104 0.010866086212898843 0.57091428571428804 0.65427142857142795 8.5892205440770363e-05 0.0018509664658274386 0.0030869651018485306 56954.000000000007 1.0572487652878786 0.0026108069217347959 0.010043604542845192 282.50000000000006 0.62999285714285758 69.500000000000014
decision_type=2 2 2 2 2 2 2 2 2 2 2 2 2 2 2 2 2 2 2 2 2 2 2 2 2 2 2 2 2 2
left_child=4 2 3 -2 -1 6 7 -6 -7 10 11 12 13 18 -15 16 -16 19 -3 -17 -19 -11 23 24 25 -23 27 -4 -29 -30
right_child=1 9 26 -5 5 8 -8 -9 -10 21 -12 -13 -14 14 15 17 -18 20 -20 -21 -22 22 -24 -25 -26 -27 -28 28 29 -31
leaf_value=-0.046392459130842632 -0.014685601204163063 0.014504718228227916 -0.023555181063209047 0.010856591382950953 -0.05098671275012339 -0.032706140015087322 -0.00015138756549076487 0.40273962328663393 0.14832555055384505 -0.0046366384536059586 0.0077475553833257806 -0.0066199407064230541 0.031772922412676499 0.11757422876495519 0.3480734454520108 0.10626491087297377 0.043269781783466764 0.12932623671881369 -0.031030369145005239 -0.025957779757078678 0.034872483675421236 -0.050903001737265252 0.013104287159287617 0.4579581284522477 -0.019820903243722952 0.46962952839195476 0.010941340688394575 -0.0024315876828051031 0.20695568597759981 0.0031253407094555745
leaf_weight=432.92556188395247 78.600603608880192 489.78240943234414 194.48647774476558 586.5649904999882 0.43804163415916153 85.128357032546774 9.8517859275452775 0.75696669286116958 0.99602105375379224 205.40752921439707 584.96029974939302 64.139814647845924 173.37388571351767 5.7912885956466189 1.1202677348628634 1.8847747296094919 2.39509844686836 3.7868491066619745 16.151150413788855 20.186172497924417 29.652148636989295 0.31131281983107317 109.40009529702365 0.39132474455982436 1.5112256738357244 0.38385894522070885 57.021248366683722 122.69552700221539 2.1335511361248782 4.6232547704130411
leaf_count=136603 9372 8766 17502 16367 41 20481 1823 32 35 5021 11331 1271 3482 45 31 51 43 61 294 541 441 25 1398 16 105 26 2776 10807 191 435
internal_value=-0.000498142 0.00754605 0.00135183 0.00783835 -0.0423318 -0.0242402 0.0254404 0.236422 -0.0306125 0.0113341 0.0133457 0.0173972 0.0194674 0.0157294 0.036635 0.0286936 0.140404 0.0216192 0.0130511 -0.0146665 0.045569 0.00250434 0.0156011 0.120752 0.0609459 0.236524 -0.0099738 -0.0136554 0.00121786 0.0674875
internal_weight=3286.85 2756.76 1046.13 665.166 530.097 97.1712 11.0468 1.19501 86.1244 1710.63 1393.22 808.264 744.124 570.75 64.8166 59.0253 3.51537 55.5099 505.934 22.0709 33.439 317.405 111.998 2.59772 2.2064 0.695172 380.96 323.939 129.452 6.75681
internal_count=249413 90398 57450 25739 159015 22412 1896 73 20516 32948 26357 15026 13755 10273 1213 1168 74 1094 9060 592 502 6591 1570 172 156 51 31711 28935 11433 626
is_linear=0
shrinkage=0.05


Tree=34
num_leaves=31
num_cat=0
split_feature=11 11 10 13 13 13 13 29 12 18 3 10 3 10 1 14 11 8 14 12 28 2 7 4 12 7 10 8 15 30
split_gain=414.462 23.4937 20.3543 18.5832 45.317 15.9839 15.3639 19.5497 34.5462 16.3282 19.4271 21.3991 15.1927 14.234 19.7118 40.2559 49.7035 58.4186 20.4291 57.0613 26.1802 83.11 18.4735 17.8576 17.3328 19.61 24.2553 20.5497 51.5735 29.1014
threshold=0.0022911875723355423 0.0047121989698141499 0.0022919708204634077 291.50000000000006 257.50000000000006 243.50000000000003 323.50000000000006 -0.96646458818793002 0.034521428571429071 0.0017241379310344602 0.026433935367086828 0.0040860139173821584 0.042092037179290227 0.0029942929376444035 0.0086594637709057638 83.500000000000014 0.002775566898868325 1.1137585210054037 69.500000000000014 0.62999285714285758 -0.0063761145638219991 -0.0073686491912486321 0.00053116870745181246 0.00068138457345325064 0.17742142857142876 0.0010159899595737888 0.002047888723100261 1.5648250551579195 0.42519166356630406 -0.20875585116001491
decision_type=2 2 2 2 2 2 2 2 2 2 2 2 2 2 2 2 2 2 2 2 2 2 2 2 2 2 2 2 2 2
left_child=5 3 -3 4 -2 -1 7 8 -5 13 11 -11 -8 14 18 16 17 -16 19 20 21 -9 -18 -22 25 -20 -27 29 -29 -28
right_child=1 2 -4 6 -6 -7 12 9 -10 10 -12 -13 -14 -15 15 -17 22 -19 24 -21 23 -23 -24 -25 -26 26 27 28 -30 -31
leaf_value=-0.00097935031668452922 0.010357235205419757 -0.011686817520946078 0.010836587714323243 -0.051598168392899504 -0.023740536373989523 -0.043913885638715414 -0.0041091227800199468 0.034714903887508967 0.61756969927688754 0.078581354669660028 0.23923821527763783 -0.020885977164742543 0.12913606737787559 -0.0086906241755609747 1.1931517039824999 -0.027422607684802255 -0.051121552665355285 0.14633887239441154 0.0050290594582850226 0.79399966477682726 0.32398061315906246 1.2251723061991777 0.27945680094177855 -0.033246628960826259 -0.034008746943343875 3.7537340413036054e-05 -0.050963754897137975 -0.050958952938738214 0.77176783159483187 0.22009215601023105
leaf_weight=22.690478113014251 180.55320876743644 105.60092375380918 2000.562648431398 0.39835973782464762 211.68907918268815 485.57545641460456 144.36111381137744 0.58222019579261541 0.37390348641201854 16.19522156147287 1.3647745610214759 8.1174808088690025 2.1714739445596924 48.075737654231489 0.28139652637764756 2.1111670625396073 0.70573510555550445 0.25319628044962883 20.630408415105197 0.29584395047277201 0.39958918187767212 0.19595473259687457 1.0534264827147124 2.8101778537966311 15.042321042623369 3.9194705062545818 1.542265922296792 0.34487797738984216 0.42548681702464819 2.7664876100607216
leaf_count=1180 7047 8649 33686 19 19743 157835 10984 51 26 1262 37 307 38 2703 35 165 43 21 2490 22 28 24 46 294 1825 427 122 29 37 238
internal_value=-0.00049037 0.00711793 0.00970729 -0.00106254 -0.00804498 -0.0419972 0.00891787 0.0215818 0.27239 0.0200581 0.0556755 0.0453714 -0.00213456 0.0110419 0.0288203 0.130131 0.275143 0.697355 0.0197044 0.124007 0.074304 0.334488 0.146836 0.0112252 0.00970227 0.0318939 0.0934849 0.165597 0.403448 0.123071
internal_weight=3281.09 2772.82 2106.16 666.66 392.242 508.266 274.418 127.886 0.772263 127.113 25.6775 24.3127 146.533 101.436 53.36 4.40492 2.29375 0.534593 48.9551 4.28379 3.98794 0.778175 1.75916 3.20977 44.6713 29.629 8.99859 5.07912 0.770365 4.30875
internal_count=249413 90398 42335 48063 26790 159015 21273 10251 45 10206 1606 1569 11022 8600 5897 310 145 56 5587 419 397 75 89 322 5168 3343 853 426 66 360
is_linear=0
shrinkage=0.05


Tree=35
num_leaves=31
num_cat=0
split_feature=10 12 1 10 8 27 0 1 6 7 7 0 12 10 0 27 8 1 12 6 0 5 15 27 18 6 15 9 13 13
split_gain=295.935 27.2286 31.244 25.4594 23.6544 20.5301 48.0391 19.8397 17.632 19.8646 14.5923 19.5652 19.5319 17.7579 27.9795 16.9052 14.63 27.9886 12.501 47.9384 12.663 21.8431 15.1887 12.3905 11.9204 10.7306 10.9024 16.1184 10.7155 21.3516
threshold=0.0018376320286662938 0.01463571428571415 -0.0054855367582513628 0.0033716680255148038 0.083384986650500786 0.071757976140965476 0.0028694404591104177 0.01249706112111826 0.0007256626595810409 0.0067049505555336298 0.00093283914222713836 -0.0076517037549851388 0.031432142857143457 0.0018530797814505855 -0.0011843476616034685 0.084185598105761691 0.31086870212168721 -0.010643824682711021 0.017924999999999785 0.00077934739531099369 0.0013966993807231767 0.0038567213520850014 0.29708664617243302 0.76283138329549549 0.020318381827815781 1.4326750192449306e-05 0.99999975031178312 0.53230714960896131 322.50000000000006 311.50000000000006
decision_type=2 2 2 2 2 2 2 2 2 2 2 2 2 2 2 2 2 2 2 2 2 2 2 2 2 2 2 2 2 2
left_child=1 2 -1 7 23 6 -3 10 -7 18 12 -12 13 14 -2 -16 17 -13 19 -10 21 -20 -22 -4 -5 26 27 -9 29 -15
right_child=3 5 4 24 -6 8 -8 25 9 -11 11 16 -14 28 15 -17 -18 -19 20 -21 22 -23 -24 -25 -26 -27 -28 -29 -30 -31
leaf_value=0.42234646262935716 1.1395776867403191 -0.0098146594147473145 0.65352770563044071 0.0081031810062239338 0.0093152719108670363 -0.042900600287702505 0.63410918615891187 0.34863645032477814 1.0129555259664524 0.34395828597795014 0.2253713810238642 0.53907302259038958 -0.015812084723796801 0.021200289137231054 1.0872255882055515 0.059241147234422808 0.003193558145306679 0.060305347708972085 -0.031965462862220233 -0.050509492924417546 0.45218062053739383 0.35337027884189398 0.012218270404683981 0.13866186796085375 0.027662096416868315 0.018269891997801435 0.058604485634095961 0.022661552288450647 -0.014049982351382329 0.16970858966307839
leaf_weight=0.51615614723414083 0.084015642292797565 56.79066689289175 0.21293898532166977 2091.0642045051791 10.766684466507284 397.64529610704631 0.29112998442724247 0.8721365001983965 0.14088678732514281 0.37480161245912214 1.0172169618308533 0.33819978497922454 303.58908769232221 22.744448259705681 0.043948289006947472 0.44441028241999447 159.4538425959181 3.1342510101385406 81.310128855286166 0.4275589263997972 0.19851063052192586 0.36943970248103042 16.63102197367698 0.25896388408727944 80.914927132427692 19.006390437250957 6.2984358905814588 0.67097763996571302 17.238877131370828 2.7085263645276418
leaf_count=28 14 9994 20 39519 2060 119676 10 26 16 7 10 14 37398 1278 7 64 12887 259 19564 80 26 15 2655 25 671 644 224 26 2030 311
internal_value=-0.000447896 -0.0333329 0.0419712 0.00642048 0.0245017 -0.0349301 -0.0065305 -0.00332088 -0.0381913 -0.0193617 -0.0055229 0.00676942 -0.011333 0.0200973 0.296749 0.151751 0.0054046 0.106935 -0.0207361 0.213066 -0.0220853 -0.0302226 0.0174078 0.370987 0.00883183 0.0385737 0.0877863 0.206896 0.0163882 0.0370035
internal_weight=3275.56 565.934 11.7547 2709.62 11.2386 554.179 57.0818 537.645 497.098 99.4523 510.797 163.944 346.853 43.2642 0.572374 0.488359 162.926 3.47245 99.0775 0.568446 98.5091 81.6796 16.8295 0.471903 2171.98 26.8479 7.84155 1.54311 42.6919 25.453
internal_count=249558 154176 2133 95382 2105 152043 10004 55192 142039 22363 54272 13170 41102 3704 85 71 13160 273 22356 96 22260 19579 2681 45 40190 920 276 52 3619 1589
is_linear=0
shrinkage=0.05


Tree=36
num_leaves=31
num_cat=0
split_feature=11 13 11 12 1 7 27 3 12 11 11 27 3 13 13 28 4 12 8 11 13 3 11 1 12 30 30 10 28 0
split_gain=359.377 23.5515 20.1513 19.3913 18.3539 16.1006 16.4017 15.0382 14.0133 20.0482 25.0622 33.9776 14.8371 12.7251 19.7701 37.0473 21.4708 19.1768 16.7055 16.0381 15.6625 14.179 17.7811 18.457 13.9141 14.8448 13.3487 12.9098 19.0265 12.6519
threshold=0.0022911875723355423 244.50000000000003 0.0036929317180210744 0.044142857142857171 -0.0070310930594615897 0.0013649719468685616 2.3093967167790614 0.013192298200057297 0.012985714285714029 0.0015457718214094232 0.0016902199032308187 0.85054660518396996 -0.012564116124296863 261.50000000000006 242.50000000000003 -0.01227182388049518 0.0030577583015314537 0.18892500000000015 1.713270581182621 0.023167822723696271 245.50000000000003 0.055482960779621567 0.007433508425376067 -0.0075622250982979025 0.51104999999999945 0.93050962845241225 0.60086278218675404 0.0011592354606247846 -0.00092108312853863335 -0.00055894545745183144
decision_type=2 2 2 2 2 2 2 2 2 2 2 2 2 2 2 2 2 2 2 2 2 2 2 2 2 2 2 2 2 2
left_child=1 7 3 29 5 -5 -7 -1 9 -3 11 -11 -12 14 -4 20 -17 21 19 -15 -16 -18 -23 -24 25 -22 -25 28 -20 -2
right_child=2 8 13 4 -6 6 -8 -9 -10 10 12 -13 -14 18 15 16 17 -19 27 -21 24 22 23 26 -26 -27 -28 -29 -30 -31
leaf_value=0.0028841288294650384 -0.0076051438408717481 -0.050192530935945917 0.011180957435562904 -0.00092259577868117467 -0.016421105563095367 0.048060959620170693 0.26330578595765519 0.30449323732380912 -0.044298109845329489 0.96069990585369858 0.51743103395076795 -0.050176159732815001 0.039837253032907131 0.014097964886274312 -0.0029938769335925717 -0.025667716015279503 0.0067029985763917728 -0.008700243445400855 -0.051915619459078757 0.058464705300743047 0.015752735832724383 0.16633428504366174 0.21332828860733322 -0.00024154560324785672 0.054134265417991004 0.19211209632336765 0.13606595171746602 -0.0076600970658563007 0.34854692877331556 0.030949798927600022
leaf_weight=22.805802931543443 34.847448083106428 3.235308584291487 732.54143986385316 34.67926410259679 238.62302778894082 12.942787627223876 0.95000571571290571 0.42091106483712692 443.97799257328734 0.19755499251186881 0.17602372844703573 0.14351250091567636 2.1354079525917764 770.29236834309995 52.938226343598217 113.74184418981895 151.46317660436034 326.73305746400729 0.56581571884453297 20.922705573029816 85.211243736092001 2.8817957453429726 1.2998837027698815 13.88402284868061 39.20952088246122 1.2101606316864479 2.0630226898938409 105.42565698362887 0.62337946705520042 54.644866683054715
leaf_count=1218 2289 1024 9524 2717 26853 708 27 17 156444 25 29 44 268 16116 885 9320 3970 9784 23 157 1513 33 18 183 722 21 24 1883 24 3695
internal_value=-0.000443166 -0.040747 0.00637224 -0.0043857 -0.0107184 0.0172978 0.0627797 0.00834984 -0.0432819 0.0333487 0.135246 0.535349 0.0762077 0.00804608 0.00526301 -0.00022009 -0.00606616 -0.00159214 0.0127676 0.0152712 0.019818 0.0119426 0.0513692 0.0321597 0.0294305 0.0182223 0.0173922 -0.00581221 0.158008 0.0159369
internal_weight=3270.79 473.093 2797.69 376.687 287.195 48.5721 13.8928 23.2267 449.866 5.88781 2.6525 0.341067 2.31143 2421.01 1523.18 790.636 612.067 498.325 897.83 791.215 178.569 171.592 20.1287 17.2469 125.631 86.4214 15.947 106.615 1.1892 89.4923
internal_count=249558 159069 90489 36289 30305 3452 735 1235 157834 1390 366 69 297 54200 35997 26473 23332 14012 18203 16273 3141 4228 258 225 2256 1534 207 1930 47 5984
is_linear=0
shrinkage=0.05


Tree=37
num_leaves=31
num_cat=0
split_feature=11 13 11 12 3 10 12 11 15 0 9 13 3 11 3 1 1 7 11 13 14 28 3 10 3 6 15 3 7 7
split_gain=336.606 22.9363 18.1501 20.3085 16.1243 14.5802 12.9954 15.3587 12.8333 12.288 11.7614 11.2396 22.4248 13.5043 40.3886 11.4624 14.5218 15.6971 15.2683 14.8102 28.4337 33.8902 43.1516 15.7329 12.113 11.403 22.1817 12.9482 11.7066 12.2568
threshold=0.0022911875723355423 244.50000000000003 0.004058359161716223 0.054503571428570909 -0.035253671830233695 0.0018821983640969623 0.012985714285714029 0.0015457718214094232 0.92857136224490922 -0.0020360839384173652 0.38045070378567486 377.50000000000006 -0.019218980515876779 0.0025591408232425086 0.0081522855930563649 0.007903422320129418 -0.0067856071388411867 0.0013649719468685616 0.0031323580137208222 293.50000000000006 66.500000000000014 -0.0079121546239721719 -0.017536290718680122 0.0047592741218058605 0.024907888740329013 0.00070472163495424072 0.92473385223810645 0.045519049282026665 0.0010159899595737888 0.0015923566878981732
decision_type=2 2 2 2 2 2 2 2 2 2 2 2 2 2 2 2 2 2 2 2 2 2 2 2 2 2 2 2 2 2
left_child=1 -1 3 4 -2 -4 7 -3 9 -9 -10 15 -13 14 -14 16 17 -5 19 23 -21 22 -22 -19 -17 27 28 -26 -27 -30
right_child=2 6 5 11 -6 -7 -8 8 10 -11 -12 12 13 -15 -16 24 -18 18 -20 20 21 -23 -24 -25 25 26 -28 -29 29 -31
leaf_value=0.0078232349047895697 0.16210756743311011 -0.050183167389930762 -0.012638796203781772 -0.010511274726359371 0.010545759722722063 0.0086195336485445483 -0.044027845623989079 0.3562194043386302 0.36464352459582089 -0.022905337763617712 0.047879504477802676 0.3445931952879277 0.032256374487862984 -0.020185848874977454 0.94831061390306981 -0.00028132701150995754 -0.0207333711837406 -0.013436667513703619 0.015104048815081705 0.028725779959208327 0.25971268858725377 0.045520616059156638 1.0002580667261165 0.26526531980488061 -0.036882064636317567 -0.027619019555820142 0.3122906226508142 0.23098612208391911 0.3180114640060886 0.057130393967738606
leaf_weight=23.423740050755441 1.7754583563655604 3.0780804140958926 83.668864320963621 42.919912278652191 151.21182710072026 2241.1930799437687 424.85275324736722 0.2455206278245895 0.71360171143896856 1.6503952676430347 0.49722817749716341 0.63108491152524937 0.60483980970457096 3.2583972504362464 0.15020682523027062 38.137419020291418 218.02964674122632 2.6249267668463321 14.166976668406276 1.2421196391806009 0.48098697606474161 0.51901837904006221 0.33283611014485359 0.62740303296595801 3.3366138720884906 1.9857348841615019 1.0984948561526833 0.52166720759123553 0.67084898799657855 1.3690225998871026
leaf_count=1235 22 1024 7172 3086 9690 42115 156444 35 35 237 59 28 88 279 25 2551 24121 208 527 85 31 50 20 15 175 87 41 8 21 44
internal_value=-0.000437704 -0.0403618 0.00601795 -0.00277289 0.0123047 0.00785447 -0.0429803 0.0289751 0.107403 0.0261912 0.234564 -0.00970592 0.0675304 0.0239642 0.214494 -0.0107994 -0.0146269 0.00653495 0.0431266 0.111253 0.200837 0.361233 0.56258 0.0403274 0.0120218 0.0642583 0.113143 -0.000664369 0.0588002 0.142926
internal_weight=3265.02 454.461 2810.56 485.695 152.987 2324.86 431.038 6.18483 3.10675 1.89592 1.21083 332.708 4.64453 4.01344 0.755047 328.064 280.944 62.9142 19.9943 5.82729 2.57496 1.33284 0.813823 3.25233 47.1198 8.98238 5.1241 3.85828 4.02561 2.03987
internal_count=249558 159069 90489 41202 9712 49287 157834 1390 366 272 94 31490 420 392 113 31070 28143 4022 936 409 186 101 51 223 2927 376 193 183 152 65
is_linear=0
shrinkage=0.05


Tree=38
num_leaves=31
num_cat=0
split_feature=11 13 11 13 13 13 28 14 27 12 12 12 12 6 8 30 15 14 3 27 12 11 27 13 9 13 28 12 6 4
split_gain=315.128 22.3617 16.5842 16.8991 28.7069 14.1317 24.5201 20.5549 69.1337 70.5529 29.609 14.6777 30.9148 28.1729 72.7152 18.7274 13.8967 13.627 12.8184 12.7729 12.2802 12.7113 11.5783 11.223 19.2837 17.4054 33.016 16.7934 18.863 14.8035
threshold=0.0022911875723355423 244.50000000000003 0.0036929317180210744 253.50000000000003 292.50000000000006 323.50000000000006 0.017785167031727767 68.500000000000014 0.17104458026745642 0.11107142857142933 0.70603214285714511 0.044142857142857171 0.037485714285714351 0.00043681395552960426 0.52813488975925094 -3.080735631497205 0.49999991666668148 273.50000000000006 -0.032887657048522027 0.13025535863390139 0.012985714285714029 0.0015457718214094232 1.1932732768216214 261.50000000000006 2.0907003443814767 242.50000000000003 -0.0092230993917220543 0.17135714285714218 0.00074074074074079079 0.0030577583015314537
decision_type=2 2 2 2 2 2 2 2 2 2 2 2 2 2 2 2 2 2 2 2 2 2 2 2 2 2 2 2 2 2
left_child=1 19 3 17 -5 6 7 8 9 -6 -10 12 -9 16 -15 -16 -14 -2 -13 -1 21 -3 -17 25 -25 -4 -27 29 -29 -28
right_child=2 20 23 4 5 -7 -8 11 10 -11 -12 18 13 14 15 22 -18 -19 -20 -21 -22 -23 -24 24 -26 26 27 28 -30 -31
leaf_value=0.054594974010028489 0.023937268706920645 -0.050174256567814018 0.010070815363547897 -0.02797805359907346 -0.051594655678867167 -0.0094440316425859205 0.32397380054167785 0.011170400334272024 -0.021734865779900393 0.7997377889525541 0.53663182417167321 0.19707355567470083 -0.050765255910713819 1.2522260226768487 0.63341829310266895 -0.050809267659444324 0.18518665705083173 -0.038007434915019796 -0.0044934374722100899 -0.021284753808198772 -0.043747681290221455 0.09170824359206331 0.27356381263709573 0.013852554222101923 -0.01160297614871097 0.015519801348649524 -0.017825212815554391 -0.02718390153715532 -0.0039865417289747648 0.012538073544315992
leaf_weight=8.9123844671994465 70.533759142737836 2.9284675959497681 743.14504222199321 124.00520613742992 0.39063190948217996 92.809759099502116 0.65586051438003679 11.255159839522092 3.4464567564427857 0.64553074771538377 0.25498974695801724 0.80017029726877709 1.2259929692372673 0.19185795355588187 0.219194184988737 0.49977361457422353 1.2709317118860779 10.156812946312128 55.210459667257965 14.682712872512637 406.6560326796025 3.4247086218092591 0.6119550634175539 830.21156480675563 81.722442400641739 227.43972663767636 54.808753134217113 148.55260469391942 213.69914198946208 150.01960773766041
leaf_count=386 2807 1024 9524 16117 25 9092 15 890 339 28 12 30 113 16 16 51 128 317 6255 849 156444 366 38 16966 1237 4534 3697 7741 6972 3529
internal_value=-0.000433238 -0.0399654 0.0056791 -0.00412497 -0.00969646 0.00367914 0.019563 0.0169368 0.117787 0.478787 0.0167306 0.0102344 0.0536799 0.172706 0.342207 0.211024 0.069334 0.0161401 -0.00161384 0.00737668 -0.04267 0.0263082 0.127743 0.0071767 0.0115714 0.00457038 -0.000574386 -0.00702931 -0.0134993 0.00441335
internal_weight=3260.39 436.604 2823.78 374.185 293.494 169.489 76.679 76.0231 4.73761 1.03616 3.70145 71.2855 15.2749 4.01971 1.52278 1.33092 2.49692 80.6906 56.0106 23.5951 413.009 6.35318 1.11173 2449.6 911.934 1537.66 794.52 567.08 362.252 204.828
internal_count=249558 159069 90489 36289 33165 17048 7956 7941 404 53 351 7537 1252 362 121 105 241 3124 6285 1235 157834 1390 89 54200 18203 35997 26473 21939 14713 7226
is_linear=0
shrinkage=0.05


Tree=39
num_leaves=31
num_cat=0
split_feature=11 13 11 12 3 10 12 3 27 30 3 1 11 15 8 12 8 3 30 15 11 11 8 3 15 16 27 10 30 20
split_gain=294.901 21.7708 15.2283 17.699 12.6838 12.5816 11.7375 11.4449 11.0897 10.97 11.7922 12.3596 10.8371 10.3434 12.2659 14.0431 13.7515 14.2856 17.5957 11.4245 13.7184 27.0239 12.9991 11.3056 14.5182 10.7553 9.70508 12.2456 9.69064 9.61175
threshold=0.0022911875723355423 244.50000000000003 0.004058359161716223 0.054503571428570909 -0.035253671830233695 0.0018821983640969623 0.012985714285714029 -0.030729184804047512 0.13025535863390139 0.82837764489322485 -0.023853418970312897 -0.014874022443877586 0.0015457718214094232 0.20197431749089054 1.3380216879936071 0.015885714285714156 0.76619385254681316 0.0033169692790846477 -1.7281798537504491 0.24137930618312639 0.0026164141869709713 0.0024289220123580842 0.21831419867814433 0.010833051229970582 0.87804876799522391 1.0000000180025095e-35 1.2079032451816982 0.0010131572926847395 0.2500364152362558 1.0000000180025095e-35
decision_type=2 2 2 2 2 2 2 2 2 2 2 2 2 2 2 2 2 2 2 2 2 2 2 2 2 2 2 2 2 2
left_child=1 8 3 4 -2 -4 12 -8 -1 13 -11 -12 -3 -6 15 16 17 18 -15 20 21 -17 -22 24 26 -20 27 -16 -14 -21
right_child=2 6 5 -5 9 -7 7 -9 -10 10 11 -13 28 14 23 19 -18 -19 25 29 22 -23 -24 -25 -26 -27 -28 -29 -30 -31
leaf_value=0.049246991270774726 0.13706726898447166 -0.050165780339147939 -0.012147706293720383 -0.0092871264929183916 -0.017489116323917708 0.0077169750965286853 0.24989979076205593 -0.043707868190491064 -0.020637877744787689 0.25179521562964852 0.21551889719577796 0.027958441966899485 -0.018066473737711693 0.53346059149809 0.28402512827287224 0.86246458332214981 -0.051509721263867131 0.029046576446767371 0.079213247233816259 -0.012360404964644904 0.40927869735787648 -0.050629919395225015 -0.010708293639527256 -0.0100655142318307 0.11821809440446773 0.34685615814309306 -0.018363286012791052 0.048296002154552792 0.14679202190385554 0.27538840995075481
leaf_weight=9.3735331096686441 1.9756927760317911 2.7861032525543115 82.611963861156255 328.9274088582024 38.679911862127483 2268.9024839997292 0.33219174761325021 389.01077368110418 14.393269554711877 0.65693264687434094 0.92039295285940781 19.222255099099126 1.4930598223581912 0.34185060346499119 0.59182182792574689 0.16429806966334481 1.699581278953701 2.4326559565961361 1.5156343500129872 55.667058108374476 0.21672589704394329 0.15988977486267686 1.2290747300721703 8.2319367080926877 6.9621231998316935 0.49892920069396485 5.9944376032799473 7.9731483007781208 2.2120363980066031 0.29173288913443585
leaf_count=386 22 1024 7172 31490 2448 42115 20 156424 849 24 13 958 207 17 28 23 90 88 85 4069 8 22 89 408 366 21 415 511 159 7
internal_value=-0.000432422 -0.0395549 0.00535622 -0.00271698 0.0111874 0.0070191 -0.0423456 -0.0434574 0.00692444 0.00956668 0.0433277 0.0365288 0.0243357 0.00427296 0.0132306 0.000934524 0.0706763 0.114039 0.201781 -0.00690438 0.118162 0.412125 0.0522479 0.0397694 0.0588311 0.145498 0.030433 0.0645844 0.0803582 -0.0108603
internal_weight=3255.47 419.601 2835.87 484.353 155.426 2351.51 395.834 389.343 23.7668 153.45 20.7996 20.1426 6.4912 132.651 93.9709 64.2174 6.48865 4.78907 2.35641 57.7288 1.76999 0.324188 1.4458 29.7535 21.5215 2.01456 14.5594 8.56497 3.7051 55.9588
internal_count=249558 159069 90489 41202 9712 49287 157834 156444 1235 9690 995 971 1390 8695 6247 4519 301 211 123 4218 142 45 97 1728 1320 106 954 539 366 4076
is_linear=0
shrinkage=0.05


Tree=40
num_leaves=31
num_cat=0
split_feature=10 4 7 14 28 30 0 12 2 30 18 3 15 10 2 16 14 15 10 18 15 12 14 12 7 28 14 0 27 12
split_gain=192.834 39.6413 19.6275 18.9136 17.8758 17.477 17.1579 14.5817 22.5354 16.4437 25.4074 24.6296 21.5674 13.7811 13.6359 12.8071 12.6414 13.5406 16.3795 14.999 13.9111 23.3176 12.4039 16.2573 11.7009 11.6632 11.3987 10.8964 11.6107 12.5584
threshold=0.0018234531296961703 0.0028367995662652991 0.00093283914222713836 153.50000000000003 0.010981776869416184 0.80787884260918164 0.0048504940511756587 0.01463571428571415 -0.011837270393611264 0.42617992522990955 0.0014475620650659805 0.010525580471926867 0.99741660627672235 0.0035478223374092025 0.072900386568996459 1.0000000180025095e-35 141.50000000000003 0.07042253455002552 0.0056177334270000852 0.0029585798816568823 0.047142138797320453 0.70603214285714511 147.50000000000003 0.065739285714286042 0.00061312078479457599 -0.0051835093039991629 127.50000000000001 -0.0061627009568177562 253.50000000000003 0.030828571428571906
decision_type=2 2 2 2 2 2 2 2 2 2 2 2 2 2 2 2 2 2 2 2 2 2 2 2 2 2 2 2 2 2
left_child=1 3 4 7 5 13 -7 8 -1 -10 11 -11 -12 22 -6 -15 17 18 20 -19 -4 26 -2 24 27 -20 -22 -24 -29 -30
right_child=2 -3 16 -5 14 6 -8 -9 9 10 12 -13 -14 15 -16 -17 -18 19 25 -21 21 -23 23 -25 -26 -27 -28 28 29 -31
leaf_value=0.64590643174215467 -0.017338856933233039 -0.00035198363805390723 0.18292228892534898 0.0020201958723324903 0.013335751266237454 0.0065509003640245398 0.055294943259743705 -0.041793484402983076 -0.050526001570816992 -0.0030472710165253009 0.94168351032633879 0.39634091110069064 0.16958243138873999 0.002169328013813436 -0.018776726366121876 -0.014159800311950533 0.0019427033907964493 0.013986626130662975 0.0020783954339424907 -0.0078667443340892425 -0.020815905277972814 0.27691398995871008 0.15830389349563176 -0.024594677652355415 0.21214431853124294 0.10284496102312729 0.1163862233443803 0.0057435568011835903 0.21918644084708916 0.031316678595136975
leaf_weight=0.14327701600268383 279.23280436499044 89.836207256652415 3.1365554668009263 28.553241834975779 323.86357780057006 127.82905185222626 21.022476082900539 355.77805088274181 4.5855834423564357 3.0566608938388535 0.15118020982481528 0.44181265938095737 0.22513851895928383 595.80602621892467 36.815840857569128 150.3873015679419 429.0965156275779 634.19432689924724 17.538530677556995 89.612058378523216 4.5701399289537221 1.0576563314534722 1.5717531200498402 18.001883167773485 0.92675289604812761 3.4338150117546311 2.2636322816833854 18.494547469541434 1.422987177036702 2.3728088196367025
leaf_count=6 38425 15300 45 1160 6063 4308 294 135077 1266 654 30 12 17 12719 361 3151 6998 20665 165 1458 118 23 18 614 21 39 38 503 23 63
internal_value=-0.00116115 -0.0303165 0.00393373 -0.0371673 0.000281467 -0.00261579 0.0134351 -0.0402381 0.0240816 0.013551 0.0893822 0.0473904 0.479762 -0.00485241 0.0100579 -0.00112163 0.00879687 0.0126882 0.0445168 0.011281 0.0938476 0.0584436 -0.0134974 0.0115703 0.0378336 0.018577 0.0246312 0.0310638 0.0220917 0.101746
internal_weight=3245.42 482.771 2762.65 392.935 1577.75 1217.07 148.852 364.382 8.60365 8.46038 3.87479 3.49847 0.376319 1068.22 360.679 746.193 1184.9 755.807 32.0003 723.806 11.028 7.89143 322.024 42.7907 24.7888 20.9723 6.83377 23.8621 22.2903 3.7958
internal_count=249634 153522 96112 138222 66563 60139 4602 137062 1985 1979 713 666 47 55537 6424 15870 29549 22551 428 22123 224 179 39667 1242 628 204 156 607 589 86
is_linear=0
shrinkage=0.05


Tree=41
num_leaves=31
num_cat=0
split_feature=11 18 11 13 9 13 13 18 12 18 12 4 11 12 4 28 2 13 28 12 13 14 11 4 29 27 4 3 3 14
split_gain=272.516 16.785 15.9644 18.7205 16.1372 13.8508 23.4464 12.6654 13.5558 13.0482 12.2279 12.2266 12.7242 12.6465 16.7472 15.3317 28.811 11.175 30.6159 14.1027 16.2269 38.4735 19.0393 11.7518 28.5509 12.6423 30.1787 76.2204 17.4664 12.7879
threshold=0.0020775170080837742 0.0044052863436124185 0.0036929317180210744 261.50000000000006 2.0907003443814767 254.50000000000003 286.50000000000006 0.0062184702770787369 0.1070678571428567 0.00053559329995641637 0.010714285714285425 0.0033843456288553684 0.011295578106560076 0.087871428571428517 0.0030879239216726946 0.0048859197871221121 -0.0013104654146890435 323.50000000000006 0.02288869087271574 0.017924999999999785 340.50000000000006 54.500000000000007 0.0026474476839462762 0.0016029186998246551 -0.93005349671125914 8737.5000000000018 0.0022986454484449259 0.010833051229970582 0.0083448368213023833 68.500000000000014
decision_type=2 2 2 2 2 2 2 2 2 2 2 2 2 2 2 2 2 2 2 2 2 2 2 2 2 2 2 2 2 2
left_child=1 -1 5 7 -5 -2 -7 9 -9 11 -3 12 13 14 -4 16 -16 18 23 20 21 22 -19 -8 -25 28 27 -27 29 -26
right_child=2 10 3 4 -6 6 17 8 -10 -11 -12 -13 -14 -15 15 -17 -18 19 -20 -21 -22 -23 -24 24 25 26 -28 -29 -30 -31
leaf_value=-0.044093604813337628 0.01244544487706499 0.31321046871378155 -0.0011931513396505069 0.013059323523200606 -0.010835940193555826 -0.028358093255508546 -0.02623151685514374 0.023493172384298218 0.0012933306001081161 -0.00808831311041492 0.025680335255200533 0.0064853146777829745 0.011060123559902423 -0.024835250536622097 0.047639827152520867 -0.052176093875171352 0.4724305548568169 0.66960636894233205 0.58192134459786526 -0.018297002737208194 0.0070766477039904052 0.024322512109783777 0.19055644712582964 0.55307438046801283 0.11059467975700643 -0.050367656075932389 0.053022406721799989 1.2386205047825942 -0.031484929824175542 0.018300036482006066
leaf_weight=345.00115036428906 87.524019429925829 0.40333056496456166 53.365990588907152 848.66389009635895 77.071911145467311 112.89921682653949 18.44459611736238 130.58415465429425 145.25570925418288 359.35257640201598 4.4429322509095073 688.0380499153398 69.324056229554117 104.54501138813794 0.99252599384635698 0.76404776796698559 0.66768095316365283 0.41567257931455914 0.23454948142170806 92.495534236775711 8.9581255454104376 1.9587281444109974 0.4139712150208652 0.24830485647544165 3.9997547925449899 0.2808317041490217 3.7729072677902877 0.19385296129621565 18.160837059374899 60.853558345232159
leaf_count=148178 3586 7 1669 17034 1197 17306 2784 1250 1439 8393 260 13502 2065 7612 35 31 31 28 3 11683 550 118 30 23 359 58 321 19 2015 8048
internal_value=-0.00111738 -0.0427956 0.00392885 0.00544198 0.0110699 -0.0051996 -0.00997603 0.00208695 0.0118029 -1.16706e-05 0.0496101 0.00315099 -0.00683835 -0.0145771 0.00464558 0.133176 0.218477 -0.000113807 0.0113023 -0.0117432 0.0398635 0.145197 0.430573 0.0100392 0.017684 0.0161605 0.100295 0.476033 0.0118556 0.0239922
internal_weight=3239.33 349.847 2889.48 2478.63 925.736 410.854 323.33 1552.89 275.84 1277.05 4.84626 917.697 229.659 160.335 55.7902 2.42425 1.66021 210.431 106.189 104.242 11.7465 2.78837 0.829644 105.955 87.51 87.2617 4.24759 0.474685 83.0142 64.8533
internal_count=249634 148445 101189 54258 18231 46931 43345 36027 2689 33338 267 24945 11443 9378 1766 97 66 26039 13630 12409 726 176 58 13627 10843 10820 398 77 10422 8407
is_linear=0
shrinkage=0.05


Tree=42
num_leaves=31
num_cat=0
split_feature=10 4 13 7 12 1 29 3 13 13 1 10 1 14 1 5 14 3 13 2 12 13 9 15 3 8 10 27 13 29
split_gain=167.13 37.837 18.2381 16.7666 14.0419 17.9768 13.327 14.3817 13.2558 25.4023 27.276 14.0973 12.2847 16.3366 11.2985 23.511 12.2602 11.0819 17.0287 11.455 22.154 10.8413 12.2743 11.4205 13.1936 23.1656 25.1045 11.0608 12.86 10.923
threshold=0.0018234531296961703 0.0028367995662652991 241.50000000000003 0.00093283914222713836 0.01463571428571415 -0.0054855367582513628 -0.72665234116995137 0.0025829891718349711 239.50000000000003 227.50000000000003 -0.0067856071388411867 0.0025174558022169461 -0.0028129121429950605 153.50000000000003 0.011503617136521706 0.0013369123592739723 108.50000000000001 0.036413637049100285 322.50000000000006 -0.017704848094891753 0.26248571428571288 248.50000000000003 1.2875525475822494 0.07042253455002552 -0.020263377582286853 1.2513382562196202 0.0058255257513109065 0.24657217932869555 265.50000000000006 -0.12677886822867598
decision_type=2 2 2 2 2 2 2 2 2 2 2 2 2 2 2 2 2 2 2 2 2 2 2 2 2 2 2 2 2 2
left_child=1 2 -1 8 5 -4 7 -7 9 -2 -11 14 13 -12 -10 16 -16 -13 19 20 -19 22 -5 24 29 27 -27 -26 -29 -23
right_child=3 -3 4 21 -6 6 -8 -9 11 10 12 17 -14 -15 15 -17 -18 18 -20 -21 -22 23 -24 -25 25 26 -28 28 -30 -31
leaf_value=0.0012512202853702285 0.002588045155409236 0.0001030414574437267 0.37379415887154549 -0.010231421854343704 -0.041214327274328451 -0.012610326499601128 -0.033573995772264907 0.22567586745119861 -0.020749271928617318 -0.01706996762255315 0.22721642003276751 -0.0029024808025259756 0.045676192117610308 0.064873799668142051 0.38840280395734894 0.00085902185266984636 0.055908560555284738 0.26346547175045604 0.053969090520038149 0.0023236568928953548 0.0048137904747556732 0.077640914833225091 0.007637739276521012 0.010251004600307886 -0.01812991469208906 0.34076794639317837 0.069841550114489767 0.16697964956475278 0.026445768871538669 -0.010987297037399039
leaf_weight=29.798360920511186 401.14511971734464 88.980863379314542 0.35112191969528694 144.65721663134173 328.280743092997 1.2932963150087737 5.7499447246082118 1.240672296611592 132.66390947625041 17.219872735440731 2.2864050175994626 833.54889462608844 39.109725943766534 4.8091987958177924 0.6807766999118019 4.7422090105246753 0.46773526119068265 1.2450599893927567 20.816552059724927 118.26440178789198 2.4706653486937284 4.6696440279483822 286.30245617218316 733.66835434595123 4.7089453761000168 1.5169824259355658 1.9595356173813341 2.6751866033300757 4.1580920075066388 13.605689026415346
leaf_count=1198 5232 15300 20 2638 135044 270 1590 100 25691 194 26 31930 427 63 35 250 37 16 200 2420 42 42 4360 22123 75 37 19 34 60 161
internal_value=-0.00108039 -0.0291457 -0.0362427 0.00352437 -0.0395588 0.0233791 0.00852644 0.104058 0.000141125 0.00723706 0.0366406 -0.0028157 0.0566576 0.117185 -0.0177406 0.0500176 0.252993 -0.000697683 0.0121724 0.00503959 0.0914824 0.0079852 0.00163972 0.0115508 0.040192 0.0749123 0.188061 0.0408321 0.0814639 0.0116586
internal_weight=3233.09 455.695 366.714 2777.39 336.916 8.63504 8.28391 2.53397 1579.47 464.57 63.4252 1114.9 46.2053 7.0956 138.555 5.89072 1.14851 976.346 142.797 121.98 3.71573 1197.92 430.96 766.962 33.2941 15.0187 3.47652 11.5422 6.83328 18.2753
internal_count=249634 153522 138222 96112 137024 1980 1960 370 66563 5942 710 60621 516 89 26013 322 72 34608 2678 2478 58 29549 6998 22551 428 225 56 169 94 203
is_linear=0
shrinkage=0.05


Tree=43
num_leaves=31
num_cat=0
split_feature=11 18 7 11 13 13 13 1 6 27 12 12 10 9 29 15 4 27 0 29 1 1 9 27 5 0 11 13 11 2
split_gain=244.987 15.5932 13.7361 21.3766 14.3271 16.0862 20.6188 23.0895 17.4671 15.3498 12.8882 12.7594 12.7235 12.3328 12.8118 17.8872 37.9065 13.6777 16.8573 14.9837 19.4279 27.7475 18.2378 13.6161 13.05 20.2229 18.7372 41.3416 11.6098 23.8214
threshold=0.0020775170080837742 0.0044052863436124185 0.00093283914222713836 0.0036929317180210744 266.50000000000006 239.50000000000003 227.50000000000003 -0.0067856071388411867 0.0057009877546435155 0.82999224236771219 0.12667857142857084 0.048057142857143277 0.0040860139173821584 0.78926062240112438 -0.23899177548852316 0.055467200928964337 0.0034634134885761707 12894.500000000002 0.0012587259705757472 -0.71844451496095429 0.0037766184907996885 0.0025263894688477566 0.37453616025573383 1.150386409973287 0.00044434570095533383 0.00084579919755267696 0.0057493602952516645 289.50000000000006 0.016224559361499063 -0.014585800717395068
decision_type=2 2 2 2 2 2 2 2 2 2 2 2 2 2 2 2 2 2 2 2 2 2 2 2 2 2 2 2 2 2
left_child=1 -1 3 11 5 6 -5 -8 10 -6 28 -2 13 14 17 16 -16 19 -19 20 21 22 23 -11 25 -17 -26 -28 -7 -30
right_child=2 -3 -4 4 9 8 7 -9 -10 12 -12 -13 -14 -15 15 24 -18 18 -20 -21 -22 -23 -24 -25 26 -27 27 -29 29 -31
leaf_value=-0.043602712609165921 0.0032455462820542426 0.044930140321091251 0.0075344617263292044 0.0026610611290359427 -1.543330564318853e-05 -0.0012764370108340178 -0.018032246093374633 0.054189649508813026 0.027307828856315459 0.20212723368622909 -0.014561877020142664 -0.019309875999203897 0.011831252132176484 0.011274908691171603 0.022906066339409267 0.058192045528383245 0.58231646817569749 0.013911014642719139 0.34996214150535182 -0.005984162633360106 -0.014619748254438245 0.37807294148691184 0.26526905665389772 -0.0090719650498073227 0.015106193083056463 0.356016137048494 0.40653954221767574 0.0084700253558448926 0.14134558076705264 0.00017553868031216843
leaf_weight=319.6787840789184 93.396938599413261 5.0521403856109819 1246.0941273127683 379.90377045236528 182.00038278009742 150.19185229763389 15.075180765241383 41.619574021548033 36.231318654492497 0.97999477572739291 317.79979050485417 190.77076234784909 166.60729516390711 27.390388615895063 0.67106583807617315 1.3639404582791024 0.55185774154961109 0.74900594912469276 0.74373160488903522 15.238888433668764 4.0185583597049117 0.93010364565998305 1.0983799938112495 3.4488801131956279 8.2481795162893814 0.97917796578258265 1.0808265656232827 1.6448650816455481 4.4814946949481955 8.9686126969754678
leaf_count=148178 7872 267 32825 4572 4003 5077 164 408 386 32 13595 26887 2567 965 27 60 21 25 25 634 140 33 34 116 376 30 25 53 46 191
internal_value=-0.00103938 -0.0422253 0.00356885 0.000585167 0.00317035 -0.000210214 0.00685861 0.0349858 -0.00617196 0.0108927 -0.00869151 -0.0118966 0.019314 0.0373459 0.0544511 0.092341 0.275346 0.0342024 0.181343 0.025661 0.0716938 0.125409 0.0828914 0.0376609 0.0755353 0.182651 0.0526641 0.166318 0.00270898 0.0472125
internal_weight=3227.01 324.731 2902.28 1656.18 1372.02 954.272 436.599 56.6948 517.673 417.746 481.442 284.168 235.745 69.1378 41.7475 14.5399 1.22292 27.2075 1.49274 25.7148 10.4759 6.45736 5.52725 4.42887 13.317 2.34312 10.9739 2.72569 163.642 13.4501
internal_count=249634 148445 101189 68364 33605 24439 5144 572 19295 9166 18909 34759 5163 2596 1631 592 48 1039 50 989 355 215 182 148 544 90 454 78 5314 237
is_linear=0
shrinkage=0.05


Tree=44
num_leaves=31
num_cat=0
split_feature=11 13 7 11 13 18 6 27 3 11 10 13 9 9 29 9 5 8 8 3 7 8 10 27 3 5 9 4 13 2
split_gain=230.417 15.1666 12.341 19.4131 12.6572 14.6535 14.5064 13.3529 11.82 11.3619 10.5795 9.52487 12.1136 10.0325 9.78392 10.3325 10.7387 12.4423 9.67549 8.9575 10.5162 17.5723 17.326 10.1131 13.0652 29.83 25.9856 13.0702 13.3899 9.37485
threshold=0.0020775170080837742 245.50000000000003 0.00093283914222713836 0.0036929317180210744 266.50000000000006 0.0059414756635535063 0.0057009877546435155 0.81052824418059777 -0.013430779163703109 0.023167822723696271 0.0040860139173821584 248.50000000000003 1.2875525475822494 1.3110944060548928 -0.64773055322275863 0.5149649011011429 0.00330290380987731 0.57577578855865974 1.8992052098045609 0.0085328469595913354 0.0010159899595737888 0.31086870212168721 0.0038338492222698057 4.3564939818233466 -0.0085261710262641271 0.0050611027051698258 0.65043885172137617 0.0062476288272989471 273.50000000000006 -0.016503667723570366
decision_type=2 2 2 2 2 2 2 2 2 2 2 2 2 2 2 2 2 2 2 2 2 2 2 2 2 2 2 2 2 2
left_child=1 8 3 -2 5 6 -5 9 -1 -6 -9 12 14 -14 15 -4 -17 -18 19 20 21 -13 29 24 27 26 -26 -24 -29 -23
right_child=2 -3 11 4 7 -7 -8 10 -10 -11 -12 18 13 -15 -16 16 17 -19 -20 -21 -22 22 23 -25 25 -27 -28 28 -30 -31
leaf_value=0.18496253511166127 -0.01143937525845439 -0.044660668607867798 -0.01794106730868145 -0.0056191073592720244 -0.0018387178864149485 0.010901248260415844 0.021877056937801134 0.033865708601244736 -0.006747336121767724 0.092656476024879614 0.011036414212534344 0.26227189726299754 0.099455079988501671 0.0061387329096066652 -0.017009833090049453 0.0079456063498145636 0.16193736847996015 0.025835812082923949 -0.0077457546652359753 0.0052881871096540599 0.014817045678723799 0.12959363178091404 -0.052121876648645628 -0.053951909055223846 0.17103161042133808 -0.0048863477899252772 0.59222328621703635 0.21371982427824526 0.031857361233596608 -0.02597274508921776
leaf_weight=0.84226029459387319 280.90193420485593 292.82262508699205 13.124824773985894 675.24255368392915 176.39455522084609 226.41194147989154 51.636541681364179 72.36015201639384 17.711898327805102 3.2394689060747615 169.91448770929128 0.94870872329920786 2.9092144728638223 289.45798919256777 117.34882292337716 9.7387001058086771 3.1791570186614981 3.5592446345835924 67.957000895636156 300.43784585199319 426.29334179218858 1.1007811997551495 1.6540937079116691 1.0868236878886808 0.89239173755049639 1.030682476237416 0.62104181107133627 1.8548686448484657 2.227650280110538 8.0552948429249209
leaf_count=27 34759 147381 240 21644 3916 2305 490 2621 1037 30 2599 37 57 4398 2188 286 39 44 1969 7815 14499 50 59 21 25 22 26 27 30 993
internal_value=-0.00100335 -0.0418829 0.0033715 0.000538504 0.00298514 -0.000206057 -0.00366582 0.0101956 0.00195527 -0.000134618 0.0178548 0.00711446 0.00118102 0.00706728 -0.01053 0.0151574 0.0415219 0.0900481 0.0103161 0.011961 0.0164584 0.0523913 0.041642 0.0894497 0.108271 0.20258 0.343869 0.066446 0.114486 -0.00726991
internal_weight=3220.96 311.377 2909.58 1656.1 1375.2 953.291 726.879 421.909 18.5542 179.634 242.275 1253.48 439.318 292.367 146.951 29.6019 16.4771 6.7384 814.161 746.204 445.766 19.4723 18.5236 9.36755 8.28073 2.54412 1.51343 5.73661 4.08252 9.15608
internal_count=249634 148445 101189 68364 33605 24439 22134 9166 1064 3946 5220 32825 7252 4455 2797 609 369 83 25573 23604 15789 1290 1253 210 189 73 51 116 57 1043
is_linear=0
shrinkage=0.05


Tree=45
num_leaves=31
num_cat=0
split_feature=11 12 10 9 12 13 5 12 12 27 27 13 11 13 13 11 14 13 28 10 28 2 13 2 0 10 28 28 2 27
split_gain=214.503 21.9218 13.7469 13.4706 12.0289 11.7545 14.2096 10.6391 33.2034 10.5647 12.29 16.3369 11.1255 12.2093 26.8185 26.0182 22.2175 24.4577 25.5849 28.3263 14.6216 22.4159 12.0354 11.85 10.7255 10.5429 10.4332 11.9556 11.6903 14.3398
threshold=0.0020437953083991245 0.010714285714285425 0.0060621018642161781 0.2551936177837551 0.73546071428571513 243.50000000000003 0.0060428549923464961 0.032678571428571439 0.029642857142856641 0.71868248916360178 0.72696140680438825 241.50000000000003 0.014968079232782703 239.50000000000003 224.50000000000003 0.013459491474796277 240.50000000000003 101.50000000000001 -0.00034044470628542416 0.0045044348963188732 -0.0076677487247613181 -0.0045768401134025352 133.50000000000003 0.0069819931077036443 1.0000000180025095e-35 0.0010285531999696799 0.02288869087271574 -0.013060449581112488 -0.01131963383331641 0.71043171535745819
decision_type=2 2 2 2 2 2 2 2 2 2 2 2 2 2 2 2 2 2 2 2 2 2 2 2 2 2 2 2 2 2
left_child=1 3 4 25 9 7 -7 8 -3 -2 11 -11 13 14 15 16 -12 -18 19 20 -19 -22 -20 -24 -16 -1 27 28 -6 -30
right_child=2 5 -4 -5 26 6 -8 -9 -10 10 12 -13 -14 -15 24 -17 17 18 22 -21 21 -23 23 -25 -26 -27 -28 -29 29 -31
leaf_value=-0.050428298887578264 -0.0029710693403953436 0.0019941047960711413 0.0074969817174720208 -0.0048709141615131644 0.0032750188353027829 -0.044995138741381675 0.67081763701849606 -0.032414398847906589 0.32649191317358106 0.363969015052166 -0.02056418729604069 0.055185062732574834 -0.022259541799990446 0.0043673947341713419 0.11695310029818565 0.18260653709822028 -0.014516479968568858 0.14041103946414565 -0.040835301832517733 0.023151483658799661 0.50034306116601135 0.17274607012672952 -0.00039535641477518325 0.18333592142989 0.041864285651366365 0.25457699704973952 0.05822901397385976 -0.023638149153644736 0.22017484152591296 -0.012607260394337289
leaf_weight=0.36406941106542889 597.27698700851761 5.3574072648771134 1417.883825273253 2.0694143762812018 20.15320758824237 274.18680235487409 0.069347657263277962 10.573328081052749 0.92432424193248142 0.47687595337629218 38.044956902973354 4.2095888634212315 34.738921098876745 649.207993096672 8.859056035056712 2.0980707779526702 11.455510337837042 2.0475252736359835 3.8825486926361901 2.5328943803906441 0.99441259354352984 1.0995691670104859 1.8484891355037691 1.6708364002406595 10.267088905908166 1.2774854537565259 4.849104782100766 104.74621190130711 1.4590357025153928 1.2104363944381473
leaf_count=96 32241 186 17551 519 471 145189 19 688 38 6 875 313 876 43275 123 26 247 34 99 32 25 24 35 24 130 57 83 6428 39 27
internal_value=-0.000137255 -0.040784 0.00396528 0.0799735 0.000633874 -0.0423234 -0.0448141 -0.00179533 0.0497423 0.0020241 0.00588157 0.0866057 0.00538946 0.00669802 0.0245405 0.00936648 0.00364945 0.0397302 0.0838771 0.154865 0.235419 0.328319 0.0198664 0.086833 0.0766447 0.186932 -0.0137569 -0.0164932 0.0162989 0.114623
internal_weight=3215.84 294.822 2921.01 3.71097 1503.13 291.111 274.256 16.8551 6.28173 1370.71 773.434 4.68646 768.748 734.009 84.801 65.6748 63.5767 25.5318 14.0763 6.6744 4.14151 2.09398 7.40187 3.51933 19.1261 1.64155 132.418 127.569 22.8227 2.66947
internal_count=249776 146792 102984 672 85433 146120 145208 912 224 78385 46144 319 45825 44949 1674 1421 1395 520 273 115 83 49 158 59 253 153 7048 6965 537 66
is_linear=0
shrinkage=0.05


Tree=46
num_leaves=31
num_cat=0
split_feature=11 12 11 13 3 13 13 12 8 13 4 12 13 11 13 7 13 13 11 18 4 30 27 16 11 28 5 18 12 12
split_gain=201.414 19.9004 12.3602 12.1379 13.4553 20.6864 13.1939 12.3171 12.0464 11.5555 11.4903 18.9727 12.331 11.9965 27.142 12.1952 10.8456 15.293 21.8351 23.4793 19.4657 12.0143 11.3353 29.5824 20.1062 52.4036 9.92474 9.41418 10.7107 9.41233
threshold=0.0020437953083991245 0.010714285714285425 0.0078153288326611031 259.50000000000006 0.055482960779621567 358.50000000000006 340.50000000000006 0.21535714285714241 0.14337063177040485 243.50000000000003 0.0044216904061327054 0.040714285714286126 240.50000000000003 0.0025034091800713583 225.50000000000003 0.0022993933174132145 286.50000000000006 299.50000000000006 0.0054474204662031409 0.00052712550235741351 0.0035807263237396529 -12.223516435691606 0.071757976140965476 1.0000000180025095e-35 0.0022706240949012893 -0.003615120417954996 0.0031193894853668853 0.0014475620650659805 0.049814285714285596 0.053928571428570729
decision_type=2 2 2 2 2 2 2 2 2 2 2 2 2 2 2 2 2 2 2 2 2 2 2 2 2 2 2 2 2 2
left_child=1 8 10 -4 -5 6 7 -6 -1 -3 11 -2 13 14 27 -15 29 18 21 20 -20 -18 23 24 25 -23 -12 -13 -29 -14
right_child=2 9 3 4 5 -7 -8 -9 -10 -11 26 12 16 15 -16 -17 17 -19 19 -21 -22 22 -24 -25 -26 -27 -28 28 -30 -31
leaf_value=0.2104075595507805 0.010708769857721755 -0.0018675726264752248 0.0043233088417954403 0.010739966832123832 0.062441273897242161 -0.051553459751731083 0.10289389921801009 0.0098298090833465607 0.016250640491387341 -0.044568923749096406 0.012656619645529783 -0.033077598737132299 0.012973565789972162 -6.9005891288572522e-05 0.29374698018451523 0.1143664757667926 0.36264311696784063 -0.010498013477961646 0.29779001070721878 -0.053675742187486546 0.036382460340798485 -0.050156896831118895 0.0025123912586388023 0.71527035624635482 -0.0098352901983240447 1.904525942282961 0.00084946691441809658 0.2917575534453774 0.0096435083001234125 -0.022071375724295312
leaf_weight=1.1145145604386919 170.25842478661798 16.861764352302998 1023.0623263735324 316.62435766868293 21.804642019793391 5.968862358480691 8.7084652781486493 22.712537355720997 2.8211076635634527 262.30431458260864 266.52650189353153 2.8009383259341112 20.911431677872315 117.32872468885034 1.1518284445628522 2.3752644192427388 0.24187991768121619 145.54964350373484 1.9896495137363666 1.2339223595336077 1.1091515514999626 0.10397470882162452 31.841460231225938 0.19568849354982365 1.2214118591509757 0.0511599057354023 535.71308685606346 0.57323130965232827 0.8144672941416502 228.7069204733707
leaf_count=47 8475 912 18758 3281 164 33 48 190 625 145208 7541 174 1859 2212 30 42 26 15788 39 24 19 34 4486 17 147 20 13992 7 38 25540
internal_value=-0.000142921 -0.0404157 0.00374887 0.00714618 0.0148306 0.0367112 0.0466094 0.0355991 0.0712332 -0.0419897 0.00064412 -0.00390199 -0.00835846 0.00547286 0.078794 0.00220172 -0.0123513 -0.00312453 0.0251265 0.130777 0.204225 0.0115253 0.00898361 0.140041 0.0582671 0.594454 0.00477213 0.0196843 0.126179 -0.0191355
internal_weight=3212.68 283.102 2929.58 1398.88 375.819 59.1945 53.2256 44.5172 3.93562 279.166 1530.7 728.459 558.201 125.044 5.34047 119.704 433.156 183.538 37.9883 4.33272 3.0988 33.6556 33.4137 1.57223 1.37655 0.155135 802.24 4.18864 1.3877 249.618
internal_count=249776 146792 102984 22474 3716 435 402 354 672 146120 80510 58977 50502 2503 249 2254 47999 20600 4812 82 58 4730 4704 218 201 54 21533 219 45 27399
is_linear=0
shrinkage=0.05


Tree=47
num_leaves=31
num_cat=0
split_feature=11 14 10 14 14 19 4 14 10 29 20 8 6 29 18 2 14 3 3 3 11 10 9 10 2 2 18 8 14 14
split_gain=188.968 15.7634 11.6628 9.84897 19.098 13.9527 11.6872 15.5025 10.7869 9.25912 14.3235 23.8691 9.09151 21.3166 8.98794 11.1613 13.2026 8.95443 10.4256 12.5886 13.6674 9.26654 9.11979 12.6298 9.08645 8.50789 11.9534 11.608 11.182 13.005
threshold=0.0020437953083991245 146.50000000000003 0.0060621018642161781 149.50000000000003 165.50000000000003 1.0000000180025095e-35 0.0027434842249656971 102.50000000000001 0.002573818819879958 -0.76900398977984141 1.0000000180025095e-35 0.53912606037846544 0.0022160817525737962 -0.45888628649949365 0.0084849456200180497 0.00057450353340737792 238.50000000000003 -0.015507665300550253 0.0081522855930563649 0.0064752439090817191 0.011784175178464171 0.0026677287718488785 0.26365345720319494 0.0021626574864239815 0.026398274186456353 0.015693132963832793 0.015592335813571379 2.4318427201780404 240.50000000000003 244.50000000000003
decision_type=2 2 2 2 2 2 2 2 2 2 2 2 2 2 2 2 2 2 2 2 2 2 2 2 2 2 2 2 2 2
left_child=1 -1 3 6 17 25 7 12 -9 10 -8 -12 -2 -14 15 -7 -17 -5 19 20 21 -19 -20 -24 -25 26 28 -27 -6 -30
right_child=2 -3 -4 4 5 14 9 8 -10 -11 11 -13 13 -15 -16 16 -18 18 22 -21 -22 -23 23 24 -26 27 -28 -29 29 -31
leaf_value=-0.043248977789210323 0.00079084576662096374 0.0049635201744701665 0.0067754831244519328 -0.010526924382347697 -0.018697790081752208 -0.054297984302303974 0.018204096823156178 -0.034720342880328603 -0.0084690247469726958 0.00034920604144405139 0.34500226292888192 -0.053562233080768518 0.42309423249538441 -0.05105514619899381 -0.030931933025205357 0.052499541163801178 0.20555709911142683 -0.020639267824955922 -0.057109991256542925 0.16400249000208467 0.18438256783295581 0.058726841327167094 0.15345829069926384 -0.0075288712869506823 0.10169682379509171 0.018843367323731802 0.10575291535731449 0.15850433973845024 0.10248119536396492 0.0035131585646299653
leaf_weight=253.73030321951956 147.9678974946728 18.167854802217335 1430.6806272361428 8.5495920497924072 84.11098559293896 1.1146700624376515 44.068143791519105 73.38652259123046 83.836485878331587 921.55336613138206 0.87393562821671256 0.65883658803068101 0.41886567045003176 0.54607666772790153 1.9596262909471986 3.2627006396651268 2.4797799279913306 4.6392058581113913 3.4950795546174076 2.8565075704827896 1.8304175250232209 17.74687622860074 1.8879745230078686 9.540155843831597 2.3788659349083892 16.279695095494393 2.4064834490418425 1.6374558266252268 3.5030568977817884 63.315599717199802
leaf_count=145850 15858 942 17551 118 1854 20 1716 13770 5396 44258 24 25 11 50 25 53 36 120 42 36 21 209 30 106 17 264 27 25 60 1262
internal_value=-0.000149324 -0.0400275 0.00354249 0.000471807 0.00992336 0.00216268 -0.00125767 -0.00977169 -0.0207223 0.00143747 0.0234303 0.173686 0.00178845 0.154765 0.0635025 0.0904898 0.118595 0.0363282 0.0453556 0.0647301 0.0530203 0.0422793 0.0150397 0.0333035 0.014271 -0.00099533 -0.00480488 0.031607 -0.00656766 0.00870169
internal_weight=3208.88 271.898 2936.99 1506.3 232.995 180.07 1273.31 306.156 157.223 967.154 45.6009 1.53277 148.933 0.964942 8.81678 6.85715 5.74248 52.9247 44.3751 27.073 24.2165 22.3861 17.3021 13.807 11.919 171.253 153.336 17.9172 150.93 66.8187
internal_count=249776 146792 102984 85433 4325 3626 81108 35085 19166 46023 1765 49 15919 61 134 109 89 699 581 386 350 329 195 153 123 3492 3203 289 3176 1322
is_linear=0
shrinkage=0.05


Tree=48
num_leaves=31
num_cat=0
split_feature=11 12 13 10 1 1 12 13 12 10 1 9 13 7 27 28 0 11 7 1 8 13 28 13 14 10 7 0 1 14
split_gain=177.21 18.671 11.4523 10.4771 14.3455 18.0732 14.9383 11.9849 23.8968 26.459 71.3639 34.0596 11.4536 10.2587 14.4413 12.5008 13.7258 13.9304 23.107 12.9542 11.5997 11.1839 10.81 12.3889 22.184 10.2182 23.1811 15.4027 12.9011 24.9943
threshold=0.0020437953083991245 0.010714285714285425 1.0000000180025095e-35 0.0060621018642161781 0.007903422320129418 -0.010643824682711021 0.035714285714285622 370.50000000000006 0.29746428571428657 0.002362992412070409 -0.0034956355817931657 1.0049953291490847 240.50000000000003 0.00081666133668939652 0.71868248916360178 -0.00064500060309983424 0.0033069097307032451 0.0060431442449318078 0.0009897055182091117 0.0057729683964428133 1.06268417006781 275.50000000000006 0.019833294179342709 258.50000000000006 143.50000000000003 0.0049033396594214225 0.0006436884881382488 -0.00099361836778005786 1.0000000180025095e-35 139.50000000000003
decision_type=2 2 2 2 2 2 2 2 2 2 2 2 2 2 2 2 2 2 2 2 2 2 2 2 2 2 2 2 2 2
left_child=1 -1 -3 4 5 -2 -7 12 -9 10 -10 -11 -8 14 -14 16 20 19 -19 -18 -15 25 -17 24 -24 -16 28 -28 29 -27
right_child=3 2 -4 -5 -6 6 7 8 9 11 -12 -13 13 15 21 22 17 18 -20 -21 -22 -23 23 -25 -26 26 27 -29 -30 -31
leaf_value=0.066832612974807845 0.011885655355222685 0.54458403788287379 -0.041481878790291707 0.0064041666199882406 0.010711844437030245 0.010944430000273547 0.006870269689745529 0.0085820917908868786 1.0754952078624915 -0.055648526080994513 0.053973923184894759 0.36048339705590793 -0.026750953429551239 0.011418659378622862 -0.023286139271577674 -0.016063012397095108 -0.015753325541260545 0.29801520978642765 0.058953509304479949 0.24579736591651044 -0.016104116071823563 0.003827700309834552 0.26924836391116996 -0.00030189056001702784 -0.052609859400724428 -0.022737399110143091 0.32975106831511686 0.046585148191146314 -0.046202756547111895 0.1643613891248108
leaf_weight=4.0555704322177908 199.69079549703747 0.083383530378340676 257.15635451395065 1437.7633070489392 277.19097187917214 135.12314453185536 115.59548723883927 17.980916102416817 0.26620738208293915 1.5550035615451636 0.47790733375586514 0.71911721141077567 166.22373036900535 98.763162797549739 111.70183483243454 161.79014557809569 8.121248027542606 1.1407719152048219 8.8715693559497577 0.50271467864513475 62.514276767149568 113.55222613131627 1.3797485018149012 4.3077485486865044 0.87480808934196819 5.0283267777413156 0.91600464284420002 1.0094813816249359 8.182243117131291 2.767395949922502
leaf_count=672 4679 1 146119 17551 8844 6429 2579 1529 18 74 77 25 16223 5782 11392 10828 320 31 175 15 3955 11827 29 50 27 142 24 29 246 84
internal_value=-0.000151307 -0.0396137 -0.0412919 0.00335117 0.000436988 -0.00188032 -0.00455083 -0.00689222 0.030435 0.160622 0.419424 0.0759397 -0.00778984 -0.0100266 -0.0153928 -0.00371857 0.0054449 0.0460717 0.0861914 -0.000506811 0.000750296 -0.00762839 -0.0135113 0.049399 0.144362 -0.0176655 0.0174022 0.181295 -0.00234825 0.0436806
internal_weight=3205.31 261.295 257.24 2944.01 1506.25 1229.06 1029.37 894.242 20.9992 3.01824 0.744115 2.27412 873.243 757.647 409.381 348.266 179.914 18.6363 10.0123 8.62396 161.277 243.158 168.352 6.56231 2.25456 129.605 17.9035 1.92549 15.978 7.79572
internal_count=249776 146792 146120 102984 85433 76589 71910 65481 1723 194 95 99 63758 61179 39967 21212 10278 541 206 335 9737 23744 10934 106 56 11917 525 53 472 226
is_linear=0
shrinkage=0.05


Tree=49
num_leaves=31
num_cat=0
split_feature=11 12 13 11 3 12 27 27 12 11 15 27 13 10 27 12 12 3 12 8 11 10 0 10 4 28 14 15 3 0
split_gain=166.138 17.1638 11.6065 9.87412 18.2633 16.343 13.4495 12.3966 11.2774 17.8197 13.1072 19.4547 15.8191 10.4947 10.1706 9.75265 21.4979 12.5313 9.20569 9.16415 10.1397 15.0019 17.9912 15.8963 13.5725 15.4101 43.6595 38.9491 28.928 12.8986
threshold=0.0020437953083991245 0.010714285714285425 243.50000000000003 0.010415754975535494 0.055482960779621567 0.73546071428571513 0.52595849746466172 0.036812112810317245 0.0332857142857143 0.023167822723696271 0.026105126061387617 1.0810590923757484 233.50000000000003 0.0012384724854523038 2.3466339173421997 0.032678571428571439 0.029642857142856641 -0.0096876573514602087 0.017924999999999785 0.33987463167717163 0.013459491474796277 0.0083703855058075271 0.016372296735288065 0.017784944860684843 0.0066067870307911121 -0.015110552632659155 138.50000000000003 0.12865588115529683 -0.049367072043375253 -0.0024332500434052769
decision_type=2 2 2 2 2 2 2 2 2 2 2 2 2 2 2 2 2 2 2 2 2 2 2 2 2 2 2 2 2 2
left_child=1 -1 15 4 5 6 7 -2 9 10 -5 -12 -13 18 -6 16 17 -3 -8 -10 21 22 24 29 25 26 27 -21 -29 -23
right_child=3 2 -4 8 14 -7 13 -9 19 -11 11 12 -14 -15 -16 -17 -18 -19 -20 20 -22 23 -24 -25 -26 -27 -28 28 -30 -31
leaf_value=0.060094549607031124 0.0060242550732835225 0.13780855760231944 -0.043797136668932625 0.13442451329392827 0.050336014043485158 -0.018401338601289972 0.070959079867485605 -0.0088983262670639836 0.019475372012616787 -0.049137784205365902 -0.0074847248580178277 -0.014259263373729961 0.12174136517274288 0.0054480908993016983 0.0071739499367240375 -0.031169567546492128 0.23869417552117553 -0.041178871712982637 -0.031686711238028055 0.020513847058565269 0.00023398569702205485 0.058017718042884837 0.22878054347257959 0.0032683893462144816 -0.017610209689182622 0.0018667324418384747 -0.013011781787797008 0.38617753342669875 0.075815403211351259 0.020035643540936204
leaf_weight=4.2786290347576132 201.47950085019693 1.3071634657680986 230.5975099975476 4.1709872949868503 28.486719547770917 109.54574567626696 2.3630400635302093 450.03997746109962 116.04364738473669 5.0828291587531558 11.509861632250251 2.9120725989341727 8.0454071061685664 1146.761599120684 26.20223511941731 9.9305240106768888 1.2005229592323301 3.8820999739691642 28.879279236658476 2.6390623906627289 516.27354647498578 38.182178406044841 0.8528563603758802 63.518622616305947 67.172185940667987 55.096718360669911 8.4631556388922018 2.1554644722491507 1.1520901722833512 53.915396140888333
leaf_count=672 5921 34 145208 37 314 5933 130 21065 1594 39 83 19 46 50656 303 688 38 152 4985 43 6765 318 6 847 874 2282 189 36 23 476
internal_value=-0.000157454 -0.0391928 -0.0409132 0.00316539 0.00116138 0.00035771 0.00148094 -0.00428358 0.00733962 0.0366541 0.053024 0.0379122 0.0855977 0.00466913 0.0296565 -0.0001651 0.0480197 0.00390765 -0.023923 0.00633484 0.00445094 0.0118776 -0.000154101 0.022511 -0.00158262 0.0139067 0.0599423 0.16377 0.278072 0.0357824
internal_weight=3202.14 251.196 246.918 2950.94 1993.76 1939.07 1829.52 651.519 957.186 31.7212 26.6383 22.4673 10.9575 1178 54.689 16.3203 6.38979 5.18926 31.2423 925.465 809.421 293.148 137.532 155.616 136.679 69.5065 14.4098 5.94662 3.30755 92.0976
internal_count=249776 146792 146120 102984 89307 88690 82757 26986 13677 224 185 148 65 55771 617 912 224 186 5115 13453 11859 5094 3453 1641 3447 2573 291 102 59 794
is_linear=0
shrinkage=0.05


Tree=50
num_leaves=31
num_cat=0
split_feature=11 11 13 13 13 12 3 12 13 27 27 9 14 10 15 13 11 10 28 20 3 28 12 10 12 6 13 28 1 14
split_gain=160.305 21.1841 17.2755 14.0893 20.2999 12.5759 10.1076 12.7621 10.0038 10.1049 18.1015 18.9867 12.4702 11.7172 10.1445 9.7692 14.5651 9.92165 17.5878 9.6281 9.31232 43.8938 8.9962 14.5615 13.4758 39.7889 12.2812 18.8848 10.1836 27.6692
threshold=0.0018936928842952312 0.0036929317180210744 242.50000000000003 254.50000000000003 286.50000000000006 0.032678571428571439 -0.013430779163703109 0.029642857142856641 124.50000000000001 3.0165046792011401 2.3093967167790614 0.84200425588226036 246.50000000000003 0.0054127113443206516 0.89690719800193242 309.50000000000006 0.023167822723696271 0.00088933616558993273 -0.00037536076515403419 1.0000000180025095e-35 0.011863070702264113 0.0099929168534397348 0.017924999999999785 0.0018530797814505855 0.017057142857143139 0.00063982041106441638 323.50000000000006 0.017785167031727767 -0.010643824682711021 68.500000000000014
decision_type=2 2 2 2 2 2 2 2 2 2 2 2 2 2 2 2 2 2 2 2 2 2 2 2 2 2 2 2 2 2
left_child=2 3 5 8 -5 6 -1 -8 19 10 20 14 -11 -13 -12 -3 17 18 -17 -2 21 -10 23 24 -6 -26 27 28 29 -24
right_child=1 15 -4 4 22 -7 7 -9 9 12 11 13 -14 -15 -16 16 -18 -19 -20 -21 -22 -23 26 -25 25 -27 -28 -29 -30 -31
leaf_value=0.24477599230809799 -0.04795389544963212 0.0031323516472625498 -0.045065274221475264 -0.02979015280972569 0.068241413922624589 -0.036075815799034516 0.004356861273291511 0.1815273629994999 0.022756624771911586 -0.02100755181186198 0.18377761306561702 -0.05184016210355015 0.14143348434252739 0.19283117008105577 0.47328213485526593 -0.052245406403092588 0.08243666896187607 0.0097515288371507192 0.24747365817074846 0.072219777445881025 -0.032460621547538725 0.4583319889241545 0.25592617498202558 -0.0032414180575382548 0.0780065070619093 1.0814654708199662 -0.019669456414180525 0.21013558231156956 -0.0013639508837587772 0.010575527793282628
leaf_weight=0.67089596576988686 11.507869766093787 2154.1981270886026 206.40254314814229 111.20212831173558 6.1116688171168816 6.6109144147485495 4.9749140902422351 1.2774260006844995 48.082504115649499 21.752295447397049 0.8416676756460213 1.243927392177284 1.2493221536278714 0.80663205869495858 0.47244379797484726 0.8458795286715034 7.1235199701040974 399.18399284873158 1.1616520425304759 1.9489956386387355 7.328698410303331 0.58542663883417745 1.4442188919056196 12.017814902006647 0.38852548948489118 0.13246989506296813 96.695421642623842 1.1082004969939578 101.40623614285141 5.6236034308094531
leaf_count=14 407 47685 136045 20780 451 470 175 34 2030 939 43 83 23 15 17 34 46 6496 32 32 342 11 39 760 67 14 15418 22 16906 370
internal_value=-0.000276307 0.00274979 -0.0414769 -0.00749333 -0.0123147 0.0132471 0.0603449 0.0405549 0.00941978 0.01595 0.0268518 0.13949 -0.0121846 0.0444066 0.287859 0.00447642 0.0115675 0.0103091 0.121186 -0.0305488 0.0200837 0.0279962 -0.00367503 0.0295801 0.0890499 0.333149 -0.00668178 0.00477856 0.00268058 0.0607098
internal_weight=3214.4 2994.46 219.937 431.95 336.13 13.5342 6.92324 6.25234 95.8198 82.3629 59.3613 3.36467 23.0016 2.05056 1.31411 2562.51 408.315 401.192 2.00753 13.4569 55.9966 48.6679 224.928 18.6505 6.63266 0.520995 206.278 109.582 108.474 7.06782
internal_count=249800 113062 136738 58769 54827 693 223 209 3942 3503 2541 158 962 98 60 54293 6608 6562 66 439 2383 2041 34047 1292 532 81 32755 17337 17315 409
is_linear=0
shrinkage=0.05


Tree=51
num_leaves=31
num_cat=0
split_feature=11 11 13 12 1 12 4 13 11 30 13 28 2 11 3 5 4 9 5 1 28 28 28 30 14 12 3 1 3 30
split_gain=150.754 19.6806 16.713 11.3842 11.1721 10.9232 9.70084 9.38193 12.84 11.5656 10.328 17.8463 13.0396 35.0266 32.3746 22.5675 15.2179 14.7513 16.2125 15.3866 14.4262 13.1748 24.97 10.7323 9.94128 11.7267 13.0824 14.367 15.5841 14.2007
threshold=0.0018936928842952312 0.0029242143676350006 242.50000000000003 0.017924999999999785 -0.013425361447768234 0.032678571428571439 0.00990972916859959 309.50000000000006 0.023167822723696271 -2.1594166676478483 313.50000000000006 -0.0048408431099185604 0.0024841763176742808 0.0043102504729012241 -0.010796989182952519 0.0026362038664322972 0.004484107803100588 1.1493490709496346 0.0044389103186875086 0.0029292247324401726 0.0025935922995946009 0.0012940318064798796 0.002761219591709435 0.64266589491339632 234.50000000000003 0.39844999999999792 0.002260648849435221 -0.0061636326488827544 -0.011791701239823369 -0.85554532547537532
decision_type=2 2 2 2 2 2 2 2 2 2 2 2 2 2 2 2 2 2 2 2 2 2 2 2 2 2 2 2 2 2
left_child=2 3 5 -2 6 -1 -5 24 9 -9 11 23 13 14 -13 21 -14 18 19 -18 -15 -16 -23 -11 -3 -26 27 29 -29 -27
right_child=1 7 -4 4 -6 -7 -8 8 -10 10 -12 12 16 20 15 -17 17 -19 -20 -21 -22 22 -24 -25 25 26 -28 28 -30 -31
leaf_value=0.0539795774096819 0.028298161529832451 0.0011907451121394329 -0.04482693624763065 0.040087828185861117 -0.016982105954550915 -0.035505212628818769 0.29127850382512127 -0.010671675683150833 0.075491946378077351 -0.031280331272417014 0.0096963516066282101 0.67831270513988451 -0.040768509927496172 -0.021600872748450208 -0.050923062823863378 0.45088512537068637 0.044464854119852827 -0.024486679275668912 0.028411774597374241 0.24679629831374214 0.15308377071465823 0.56311916969274589 -0.050836637219117464 0.084155770945650687 0.0067558177564685622 0.17983005975136956 0.011425631754851596 -0.020781016675397321 0.12121472490029046 0.05799655042574442
leaf_weight=7.3173101209104043 16.224317771848291 2029.1969706267118 197.35406703839544 3.6813238874310619 194.72308412368875 6.3870188929140568 0.42917324695736159 64.332163295708597 7.3827882111072531 10.399423244409261 376.11350831924938 0.41063563944771919 4.3618796467781058 3.1843709964305162 0.79675458883866956 0.59750740462914098 1.460152112878857 2.9614870799705386 3.5258919997140765 2.6357874749228358 1.8794880658388136 0.32556729344651103 0.33706842130050063 2.4969488936476401 227.6768226120621 4.0521519593894482 25.729735620319843 6.5238556433469057 2.745450070127843 5.8369911666959542
leaf_count=223 1150 54774 136045 196 42727 470 7 1379 46 246 8865 20 191 84 58 33 23 48 49 41 27 20 26 43 2645 32 192 68 24 48
internal_value=-0.000274211 0.00259933 -0.0411193 -0.011974 -0.0152601 0.0122744 0.0663144 0.0037247 0.0100586 0.00904336 0.0121256 0.0379556 0.0648571 0.118505 0.272973 0.192052 0.0378222 0.0702131 0.107009 0.174668 0.0432346 0.0860802 0.250813 -0.00893001 0.00239504 0.0113608 0.0347178 0.0659991 0.0212763 0.107919
internal_weight=3211.08 3000.02 211.058 215.058 198.834 13.7043 4.1105 2784.96 483.201 475.819 411.486 35.373 22.4766 7.53139 2.46753 2.0569 14.9452 10.5833 7.62183 4.09594 5.06386 1.45939 0.662636 12.8964 2301.76 272.565 44.8882 19.1584 9.26931 9.88914
internal_count=249800 113062 136738 44080 42930 693 203 68982 11199 11153 9774 909 620 268 157 137 352 161 113 64 111 104 46 289 57783 3009 364 172 92 80
is_linear=0
shrinkage=0.05


Tree=52
num_leaves=31
num_cat=0
split_feature=11 11 13 13 13 16 28 29 10 3 0 13 3 0 15 20 13 27 10 2 10 3 28 2 29 8 11 29 19 9
split_gain=141.723 18.1787 16.2129 12.7365 18.8864 10.2416 15.6223 15.2337 15.6083 15.339 9.91426 9.10621 8.92452 9.14936 16.8032 8.76273 8.30509 21.5734 8.00433 7.97657 18.5512 9.66271 9.66319 15.7318 32.0687 17.8701 8.45633 16.8887 18.2035 8.67548
threshold=0.0018936928842952312 0.0036929317180210744 242.50000000000003 254.50000000000003 286.50000000000006 1.0000000180025095e-35 0.0047723911762102261 -0.91475997706273471 0.0052311158799530954 -0.012564116124296863 0.0016114124274275723 124.50000000000001 -0.0012167287824095261 0.0025412434421540069 0.28562947426872226 1.0000000180025095e-35 145.50000000000003 0.1775061808101753 0.00034521386688332443 0.023739333179632841 0.0042772372064616157 0.0089545205171128756 0.0078856639862756213 0.01096067494132136 1.4294386410950832 0.57577578855865974 0.0024780141326933894 -0.29531308114306959 1.0000000180025095e-35 0.78457804204572568
decision_type=2 2 2 2 2 2 2 2 2 2 2 2 2 2 2 2 2 2 2 2 2 2 2 2 2 2 2 2 2 2
left_child=2 3 -1 11 -5 18 7 8 9 -7 -11 15 13 16 -15 -2 17 -13 -3 21 -21 22 -6 24 25 -24 27 28 29 -23
right_child=1 5 -4 4 19 6 -8 -9 -10 10 -12 12 -14 14 -16 -17 -18 -19 -20 20 -22 26 23 -25 -26 -27 -28 -29 -30 -31
leaf_value=0.011510764799143963 -0.047658337781714626 0.14921141226682971 -0.04457934501751136 -0.029007897680754808 -0.0009006710029783949 0.0040262382149053822 0.005197588941988805 -0.016456304991131755 0.015411303600108967 0.12570126210902766 0.41296114907311243 -0.053153566967331256 -0.00068181941418843102 0.37682445542486037 0.064349973638855265 0.064611571756298086 0.013569396141570733 0.20763755868938227 0.0055092378163410574 -0.0070394986614231471 0.26199092842191229 0.029593676790339224 0.35333165942699368 -0.010108522588641733 0.51028656909783909 -0.050867275008266627 -0.036088868961270969 -0.0367949861318339 0.47164504386102435 0.21454699260414911
leaf_weight=13.827165132854132 10.998132820241151 0.96948352828621764 188.74565497867297 107.21372405753937 167.14718630199786 0.87600176734849844 284.94660246511921 195.2795102451928 12.455230761319397 0.56323549104854354 0.64357541035860777 1.3713401947170489 43.479356485768221 0.46460436098277469 5.8152594065759331 2.0642152689397326 30.32078256609384 1.8803247986361382 2082.3361689569429 2.0273979741614307 0.9368970040231942 3.9709180346690118 0.37102957454044272 2.4484312320128083 0.53426123689860094 1.0397437234641982 36.88088114396669 7.2860285616479796 0.28346860734745849 0.75449896883219469
leaf_count=693 407 46 136045 20780 27583 25 4728 4434 142 24 18 31 2000 12 181 32 1253 26 44876 62 19 720 38 222 33 109 3299 1754 25 183
internal_value=-0.000271274 0.0024572 -0.0407508 -0.0070947 -0.0117539 0.00404033 -0.0024264 -0.0127803 0.036597 0.163288 0.278893 0.0088992 0.0149836 0.0320748 0.0874678 -0.0299166 0.0217133 0.0976529 0.00557611 -0.00348383 0.0779904 -0.00457806 0.00102331 0.0742202 0.180374 0.055436 -0.0241174 0.0117932 0.0824707 0.0591248
internal_weight=3207.93 3005.36 202.573 427.288 330.894 2578.07 494.764 209.818 14.538 2.08281 1.20681 96.394 83.3317 39.8523 6.27986 13.0623 33.5724 3.25166 2083.31 223.681 2.96429 220.716 171.541 4.39347 1.94503 1.41077 49.1758 12.2949 5.00889 4.72542
internal_count=249800 113062 136738 58769 54827 54293 9371 4643 209 67 42 3942 3503 1503 193 439 1310 57 44922 34047 81 33966 27985 402 180 147 5981 2682 928 903
is_linear=0
shrinkage=0.05


Tree=53
num_leaves=31
num_cat=0
split_feature=11 11 13 12 1 28 12 7 7 2 13 29 13 11 2 9 11 12 14 12 11 27 13 13 12 11 11 7 12 28
split_gain=133.167 16.8449 15.7706 10.0093 10.0591 10.6848 9.52541 8.57591 22.9633 8.37161 8.23769 11.4764 8.88978 13.3099 21.3452 21.5251 17.3495 13.404 17.0025 27.7804 13.5363 12.5 16.1907 17.3399 17.0232 14.178 16.7861 12.2255 12.0867 21.4701
threshold=0.0018936928842952312 0.0029242143676350006 242.50000000000003 0.017924999999999785 -0.011417564950541024 -0.020828675146670018 0.032678571428571439 0.00075188535256400489 0.00079904753538890129 0.017988789244592466 309.50000000000006 2.1797210785298256 238.50000000000003 0.017687831928674552 0.015693132963832793 0.14364491052400366 0.014968079232782703 0.053928571428570729 257.50000000000006 0.10073214285714284 0.0055899442818111459 2.5715784534965436 182.50000000000003 200.50000000000003 0.11644999999999965 0.0090689782117241765 0.0078153288326611031 8.58258594894495e-05 0.1178571428571434 -0.0067546984134771526
decision_type=2 2 2 2 2 2 2 2 2 2 2 2 2 2 2 2 2 2 2 2 2 2 2 2 2 2 2 2 2 2
left_child=2 3 6 7 -5 -6 -1 9 -9 -2 12 -12 13 14 -3 16 -16 -17 20 -20 -19 25 24 -24 -23 26 -22 -25 -14 -30
right_child=1 10 -4 4 5 -7 -8 8 -10 -11 11 -13 28 -15 15 17 -18 18 19 -21 21 22 23 27 -26 -27 -28 -29 29 -31
leaf_value=0.047931959838338652 -0.0010825660672983677 0.005289014177825309 -0.044322244521444142 0.041143311494149827 0.55025155134470816 -0.017064756763428304 -0.035115698619445877 0.45271301518747653 0.050227196179174496 0.2628790365386483 0.012226489773831447 -0.010501163962862065 0.0063200771364009551 -0.00584841326522746 -0.011793097037891768 0.0025755376443423548 0.10145152030589527 0.14093749142111087 0.088862514101072987 -0.048019333092235078 0.023769971911421984 0.051861344413467514 -0.056589925655678698 0.027457066650298147 0.19246600960717639 0.0033164480173435576 0.17513314193889606 0.15678002017827508 0.006147225425299001 -0.0079509893073521042
leaf_weight=7.7267755409702641 12.235743548255414 344.46194756403565 180.55594108812511 7.7999864357989273 0.083032581955193474 186.48799632152077 6.2421380244195461 0.39183967048302193 3.7072177795926109 0.30793730914592821 424.28455354296602 63.910509810084477 554.9488168687094 145.72983428649604 34.122287837788463 14.658386535942553 3.7542505133897057 5.9922300949692717 6.4222783334553233 8.7662231326103193 4.2446308098733452 3.5107051208615321 2.9227057024836522 3.9432936944067478 5.5651100352406502 13.582559091970323 3.2221025452017784 3.4059817939996719 432.18501268536784 719.84812826407142
leaf_count=223 978 4629 136045 516 3 42411 470 8 162 2 9832 1367 15241 1244 366 150 33 72 60 79 44 32 32 35 39 120 31 25 9090 26461
internal_value=-0.000267916 0.00232281 -0.0403624 -0.0113001 -0.0144866 -0.0168123 0.0108213 0.0259151 0.0887019 0.00539748 0.00334965 0.00925117 0.00210311 0.00731476 0.0114979 0.03024 -0.000568506 0.0455466 0.0557757 0.00985954 0.0708093 0.060407 0.0894174 0.0464239 0.138077 0.0337416 0.0890874 0.0873911 0.000258089 -0.00266205
internal_weight=3205.02 3010.5 194.525 211.014 194.371 186.571 13.9689 16.6427 4.09906 12.5437 2799.48 488.195 2311.29 604.305 458.575 114.113 37.8765 76.2362 61.5778 15.1885 46.3893 40.3971 19.3478 10.272 9.07582 21.0493 7.46673 7.34928 1706.98 1152.03
internal_count=249800 113062 136738 44080 42930 42414 693 1150 170 980 68982 11199 57783 6991 5747 1118 399 719 569 139 430 358 163 92 71 195 75 60 50792 35551
is_linear=0
shrinkage=0.05


Tree=54
num_leaves=31
num_cat=0
split_feature=11 11 13 12 1 12 7 12 16 5 12 15 3 29 15 6 3 11 12 30 12 3 8 12 7 13 3 12 10 3
split_gain=125.139 15.5617 15.3034 11.9655 12.0651 10.0438 9.85828 33.1415 9.29106 11.4862 10.234 11.7401 10.5848 11.1007 11.4926 9.12103 9.55588 8.83063 20.1364 8.76564 9.11398 8.62851 8.62834 9.10813 8.41644 8.27903 8.22982 14.7226 8.33183 7.89289
threshold=0.0018936928842952312 0.0036929317180210744 242.50000000000003 0.048571428571429189 -0.013425361447768234 0.11107142857142933 1.0000000180025095e-35 0.2882000000000034 1.0000000180025095e-35 0.012860106698280986 0.32735357142857124 0.081291947467388534 -0.0024600020196120505 -0.74311274640574909 0.9999999287238418 0.0044247787610619182 -0.032887657048522027 0.012350785026408044 0.076032142857142798 -47.763639676569802 0.032678571428571439 -0.0018981155774655532 0.083384986650500786 0.010714285714285425 0.0021636278071704581 321.50000000000006 -0.035253671830233695 0.090942857142857617 0.0058255257513109065 0.01589304928931368
decision_type=2 2 2 2 2 2 2 2 2 2 2 2 2 2 2 2 2 2 2 2 2 2 2 2 2 2 2 2 2 2
left_child=2 3 19 15 5 -5 7 -7 -3 10 12 -12 13 14 17 16 -2 -10 -19 -1 -21 -14 23 -4 25 -8 27 -6 -28 -24
right_child=1 8 22 4 26 6 24 -9 9 -11 11 -13 21 -15 -16 -17 -18 18 -20 20 -22 -23 29 -25 -26 -27 28 -29 -30 -31
leaf_value=0.27570506835464598 0.14492283582418708 0.0051029130224155735 0.19318837714061934 -0.017237847854494916 0.20842126204731892 0.0034289996813730676 -0.035718820511636343 0.4969673450052926 -0.011389407106723265 0.015567716654458288 0.12338259574492903 -0.023355564194324843 0.11470571257921368 -0.020911764649355145 0.15176860598657005 0.13709357182732981 0.0033684661330041091 0.16292433729211186 -0.0073437406931027866 0.039551384008480066 -0.042637804288373493 0.0042724260471185783 -0.045965297978663992 -0.050093994903309805 0.13320325827088822 0.12233017513190295 -0.016851894606933548 -0.052412351058352083 0.028845676729598403 0.090394192979336693
leaf_weight=0.30407039076089759 1.2036874508485187 2096.890331031289 0.78389839851297327 5.4001781848492083 1.122070875950157 0.90325100999325492 3.1588982816319913 0.54562228498980403 18.380933605600156 74.605454862117767 1.3851990792900313 85.420511624310166 1.7841656319797028 99.215160441119224 1.4549271878786374 1.3147204774431873 125.37480836489704 2.6814059321768573 4.9271371564827859 7.864307018928228 5.9062042287550867 205.21854543546215 170.15732624789234 0.75551540858577937 1.856500595808029 1.1231999653391538 269.36647442518733 1.0446903086267409 10.358132244087754 1.067879179609007
leaf_count=13 20 44922 20 212 25 36 151 21 321 541 17 2302 46 2167 34 42 12213 26 55 219 461 3862 134719 536 37 34 45620 42 316 770
internal_value=-0.00026337 0.00219753 -0.039971 -0.00669725 -0.0122369 0.0348814 0.0719759 0.189288 0.00364834 -0.00251252 -0.00572057 -0.021014 -0.00174183 -0.0131267 0.0150175 0.0060754 0.00471457 0.00736201 0.0526622 0.0101637 0.00430025 0.00522426 -0.0440554 0.07379 0.0442872 0.00573764 -0.0144078 0.082662 -0.0151597 -0.0451149
internal_weight=3201.58 3014.74 186.839 422.772 294.879 12.9877 7.58747 1.44887 2591.96 495.073 420.468 86.8057 333.662 126.66 27.4444 127.893 126.578 25.9895 7.60854 14.0746 13.7705 207.003 172.765 1.53941 6.1386 4.2821 281.891 2.16676 279.725 171.225
internal_count=249800 113062 136738 58769 46494 491 279 57 54293 9371 8830 2319 6511 2603 436 12275 12233 402 81 693 680 3908 136045 556 222 185 46003 67 45936 135489
is_linear=0
shrinkage=0.05


Tree=55
num_leaves=31
num_cat=0
split_feature=11 12 7 7 14 11 1 30 8 3 6 30 5 12 3 14 18 14 14 13 14 13 13 12 3 14 30 6 15 1
split_gain=105.399 18.1642 15.1117 85.6903 13.1621 13.0031 8.73294 81.4477 8.67691 12.3041 8.22715 8.04173 10.4403 8.15614 8.22588 11.0963 7.97658 7.85555 33.1525 12.3124 10.6136 10.8651 8.31013 9.96066 10.9584 8.79226 7.83887 7.76523 39.9601 94.4902
threshold=0.0020950112775423697 0.017924999999999785 0.0007687790295040686 0.00077626161543017122 373.50000000000006 0.0029643598708325122 0.010747246761088404 -7.7853842252698433 0.14337063177040485 -0.012564116124296863 0.0012896314561058775 -0.9841830812645721 0.017857142857142804 1.3763321428571416 -0.075668164590656492 137.50000000000003 0.0079063022377278795 206.50000000000003 216.50000000000003 286.50000000000006 263.50000000000006 150.50000000000003 323.50000000000006 0.017924999999999785 0.0043407592075911392 19.500000000000004 -47.763639676569802 0.0023503853352031087 0.67647054844290888 0.0048932948103959104
decision_type=2 2 2 2 2 2 2 2 2 2 2 2 2 2 2 2 2 2 2 2 2 2 2 2 2 2 2 2 2 2
left_child=1 2 8 -4 6 17 16 -8 9 -1 -5 12 -7 -13 15 -15 27 19 -19 -2 21 -20 -21 24 -24 -26 -25 -3 -29 -30
right_child=5 4 3 10 -6 11 7 -9 -10 -11 -12 13 -14 14 -16 -17 -18 18 20 22 -22 -23 23 26 25 -27 -28 28 29 -31
leaf_value=0.50301067630340934 -0.03025854979758846 -0.041756826214053834 1.3428100295478995 -0.050570754319353178 0.30546638885455846 -0.0032296815906210433 2.2252298699548976 -0.051797637955356669 -0.010951858429957899 0.065577551352070024 0.42649671135033729 0.00507111508417962 0.015619127249787224 -0.036697492443362477 -0.020954124672606135 0.046903210586142448 0.052794814914864596 0.30909943924918776 0.12081281851804733 0.010674851418951626 -0.043641420753133688 -0.029808969113416229 -0.028109187410532394 0.38412352872773214 -0.051350191743746769 0.11937545602973379 -0.029323861616428415 -0.018574779944911295 2.3325287442074765 -0.050613128913736274
leaf_weight=0.17857860191725183 68.245159097015858 190.7115276476834 0.14327320223674256 0.67923555138986558 0.27737810369580884 763.2464320869185 0.043947261059656739 0.36914971470832725 9.3441635662456957 1.6106554146390379 0.10424010560382158 1875.4625060686376 81.290772043168545 6.0507314298301962 57.230944635812193 11.537465085741131 2.3037039674818507 0.96694561187177797 2.8249199688434583 53.940611519385129 5.6315087787806988 2.0780207309871912 4.1581299055833352 0.11497017019428213 0.95147083862684656 3.6358774225227535 40.463850825326517 1.5475079106399778 0.062951847678050288 0.12259460031054914
leaf_count=6 12772 144527 6 233 9 16656 13 98 3816 205 6 48688 519 84 1826 180 33 34 62 10269 244 88 362 12 57 123 8379 453 25 46
internal_value=-0.000586002 -0.0350411 0.0245114 0.218503 -0.0387159 0.00181487 -0.0392051 0.190444 0.00836347 0.109237 0.0129023 0.00266035 -0.00141539 0.00442529 -0.0117634 0.0181427 -0.0396922 -0.0110967 0.0289059 -0.0137793 0.00318724 0.0569746 -0.0028886 -0.0177215 0.0306781 0.0839649 -0.0281525 -0.0407994 0.0645609 0.757935
internal_weight=3185.33 207.499 12.0601 0.926749 195.439 2977.83 195.161 0.413097 11.1334 1.78923 0.783476 2794.82 844.537 1950.28 74.8191 17.5882 194.748 183.011 11.5014 171.51 10.5344 4.90294 103.265 49.3243 8.74548 4.58735 40.5788 192.445 1.73305 0.185546
internal_count=249831 149476 4272 245 145204 100355 145195 111 4027 211 239 67953 17175 50778 2090 264 145084 32402 428 31974 394 150 19202 8933 542 180 8391 145051 524 71
is_linear=0
shrinkage=0.05


Tree=56
num_leaves=31
num_cat=0
split_feature=10 4 9 15 10 28 2 3 9 14 27 14 14 27 13 29 30 27 15 4 5 0 25 18 12 9 4 14 12 12
split_gain=70.9324 15.7676 22.0497 24.193 18.0693 20.3301 40.7377 17.5761 14.7908 9.02521 10.9792 8.81271 11.1232 11.6445 8.5479 14.8343 14.9125 23.911 16.4272 15.8537 37.5429 12.7523 8.5835 11.9832 13.9454 13.0856 9.82906 8.68486 8.26349 24.8132
threshold=0.00098981349829833031 0.0044216904061327054 0.62902050989488345 0.99999964599010027 0.001283708145373623 0.0033225666067085561 0.0011953085200490101 0.0081522855930563649 1.6213737538622424 385.50000000000006 0.90299396624450989 337.50000000000006 240.50000000000003 11.697412935323385 241.50000000000003 1.87342564736941 -2.0786511083429997 7.2016491920771886 0.9999999000499602 0.0029970423928938959 0.0032363649780818723 0.0038957354359906442 1.0000000180025095e-35 0.0015515903801396928 0.079378571428571701 0.93828523629083294 0.0024953524094647531 182.50000000000003 0.10073214285714284 0.068871428571428389
decision_type=2 2 2 2 2 2 2 2 2 2 2 2 2 2 2 2 2 2 2 2 2 2 2 2 2 2 2 2 2 2
left_child=-1 2 9 -4 5 -3 -7 8 -8 -2 -11 12 -6 28 22 -16 18 -18 19 -17 21 -21 26 24 27 -25 -5 -24 29 -14
right_child=1 4 3 14 11 6 7 -9 -10 10 -12 -13 13 -15 15 16 17 -19 -20 20 -22 -23 23 25 -26 -27 -28 -29 -30 -31
leaf_value=-0.039336923399330148 0.0014146661837738303 0.02352282263682275 -0.015462350373708517 -0.015567662046988305 0.0029691348927538557 0.72789185551463687 0.095096765735424901 -0.051281966955349569 0.45718263726450908 0.14437568582830904 0.0041509177120692851 -0.030896901635617598 0.0072993275321043454 -0.036402328805225814 -0.025056993559182651 0.026661512534619781 -0.051054114896613517 0.6192531945157812 -0.034453749982515047 0.78535766384781358 -0.051482617532804226 0.312425291303701 0.11663618777821688 0.11826417685590287 0.027900075349460901 -0.010819658655427569 0.13168039104106924 0.29303618498155748 0.017371239734136314 0.11638679842702493
leaf_weight=113.81325332459528 711.80114702717401 4.6268174349097526 435.34308639529627 7.2850691778585315 1772.6684871100588 0.32076545245945487 0.66764388862065993 0.85169159807264794 0.48832693905569613 2.4546255655586711 3.2364967092871666 18.518115570768714 11.908784670755269 7.5248535629361859 15.017542333574967 1.2841310231015088 0.24050723237451066 0.29775032959878445 2.9616931835189462 0.29853842419106491 0.44889894092921168 0.27277535642497241 1.3682400640100252 3.0941930748522264 1.7928761448711155 5.371874138712883 1.3421098971739409 1.4239059742540119 46.496835351921618 9.2710375040769559
leaf_count=72660 57198 294 79440 155 34150 16 40 71 18 22 32 177 112 60 3732 289 65 26 529 32 40 8 17 33 31 80 29 25 373 77
internal_value=-0.000576553 0.000861018 -0.00362582 -0.0119471 0.00372396 0.0841649 0.204667 0.121071 0.248056 0.0019161 0.064631 0.0034242 0.00376814 0.0226024 0.0240604 0.00118029 0.0690644 0.319743 0.0434418 0.143558 0.290695 0.559555 0.0460365 0.0716166 0.13672 0.0363581 0.00733937 0.206595 0.0291631 0.0550502
internal_weight=3182.49 3068.68 1195.34 477.843 1873.34 6.95525 2.32843 2.00766 1.15597 717.492 5.69112 1866.39 1847.87 75.2015 42.5001 20.8218 5.80429 0.538258 5.26604 2.30434 1.02021 0.571314 21.6783 13.0511 4.58502 8.46607 8.62718 2.79215 67.6767 21.1798
internal_count=249831 177171 141783 84531 35388 439 145 129 58 57252 54 34949 34772 622 5091 4721 989 91 898 369 80 40 370 186 73 113 184 42 562 189
is_linear=0
shrinkage=0.05


Tree=57
num_leaves=31
num_cat=0
split_feature=11 12 11 3 29 3 10 7 12 1 1 12 12 5 3 14 14 22 8 13 7 12 10 13 30 5 12 3 10 11
split_gain=95.7 19.2158 14.8927 14.3602 60.4187 9.90989 10.5229 9.53989 10.4767 11.523 10.7978 8.96188 90.3482 8.81906 10.6261 8.54398 15.6578 8.98766 17.0143 7.96853 7.80814 48.112 7.77628 7.61745 7.24664 9.21402 7.38585 7.48269 17.0368 6.78555
threshold=0.0018936928842952312 0.012985714285714029 0.0029643598708325122 0.015275606267932786 10.378594269154865 -0.012564116124296863 0.0011014223955102737 0.00068248081778975785 0.024642857142856873 -0.0067856071388411867 -0.0013529687292712642 0.063600000000000087 0.058828571428570987 0.001281258090752403 0.0059311299543364235 206.50000000000003 216.50000000000003 1.0000000180025095e-35 2.2754148050477627 243.50000000000003 0.00068917987594762818 0.063600000000000087 0.0024397543114464937 248.50000000000003 -0.9841830812645721 0.017857142857142804 1.3763321428571416 -0.075668164590656492 0.010462397552387976 0.0090689782117241765
decision_type=2 2 2 2 2 2 2 2 2 2 2 2 2 2 2 2 2 2 2 2 2 2 2 2 2 2 2 2 2 2
left_child=1 5 7 19 11 -1 -7 15 10 -10 -9 12 -5 -12 22 17 -17 -2 23 -3 21 -11 -15 -19 25 -4 -26 28 -28 -29
right_child=2 3 24 4 -6 6 -8 8 9 20 13 -13 -14 14 -16 16 -18 18 -20 -21 -22 -23 -24 -25 26 -27 27 29 -30 -31
leaf_value=0.2332920831523628 -0.024580846409350994 -0.0021305583511814275 -0.0031327590932697189 0.037352728654230671 1.7151754095820051 -0.050635504760001018 0.10036383832499224 -0.052210483238863348 0.042894775267653618 1.4166776384080448 0.027201435192773227 -0.050101898855017347 2.5398603304816652 0.3403549687261368 0.03548074674774862 0.18849192155418185 0.0015766041134185436 0.23530519904676805 0.60666139684086839 -0.04474018875096461 -0.014013270164514853 -0.050198707578375794 0.12460879665320451 -0.050399827328655847 0.0047346787259641282 0.014494616847293232 -0.0094481297861024518 0.0072925158312059958 0.10749071759280127 -0.031236174237025949
leaf_weight=0.68867874331772316 122.13874280126765 11.835799367632715 761.68311586440541 0.54736493865493574 0.056627574493177124 2.1599162138300008 2.4768977733328938 1.5489420513622461 11.413341497769578 0.068168196012264981 2.3305331451119846 0.88050295680295676 0.038611020427197218 0.87985797622241102 1.0571105689741669 1.2392578786239017 11.684206553734837 0.34369846805930027 0.15202134533319611 150.4189876007149 53.490323413396254 0.31058634212240577 0.79508377751335502 0.72631835099309683 1884.1265387544408 82.126588992774487 13.866731370333584 15.950452220160512 4.0169124305248252 40.301579370629042
leaf_count=39 30182 690 16656 273 15 907 344 121 1295 14 150 619 27 26 29 38 446 5 15 133847 12511 100 21 164 48688 519 233 807 31 1019
internal_value=-0.000558172 -0.0371582 0.00149787 -0.0401975 0.112614 0.0563114 0.0300255 -0.0114048 0.00333196 -0.00274224 0.0633089 0.0507319 0.202248 0.098653 0.159604 -0.0191788 0.0195003 -0.0232309 0.111693 -0.041632 -0.0124114 0.21381 0.237942 0.041371 0.00245646 -0.00141712 0.00412557 -0.0113546 0.0168179 -0.0203112
internal_weight=3179.35 169.103 3010.25 163.778 1.52311 5.32549 4.63681 208.178 71.8939 65.2824 6.61153 1.46648 0.585976 5.06259 2.73205 136.284 12.9235 123.361 1.22204 162.255 53.8691 0.378755 1.67494 1.07002 2802.07 843.81 1958.26 74.1357 17.8836 56.252
internal_count=249831 136761 113070 135471 934 1290 1251 45117 14267 13920 347 919 300 226 76 30850 484 30366 184 134537 12625 114 47 169 67953 17175 50778 2090 264 1826
is_linear=0
shrinkage=0.05


Tree=58
num_leaves=31
num_cat=0
split_feature=11 12 11 18 3 9 11 11 11 14 18 18 12 14 18 12 14 15 8 29 14 11 4 28 15 15 14 1 14 2
split_gain=90.2732 17.7413 13.6736 11.1516 7.89911 16.3841 9.10668 29.0103 7.81537 7.71552 6.90924 11.1521 11.9707 11.4105 11.6147 9.16129 8.68632 11.5634 10.8663 8.16327 10.9624 10.0294 21.7214 15.7222 9.98363 9.65962 9.35874 14.8602 14.0573 14.7943
threshold=0.0018936928842952312 0.012985714285714029 0.0029643598708325122 0.0079063022377278795 0.01589304928931368 3.5648419561271951 0.0014569545686120178 0.0014105073668190143 0.0012932411218568929 373.50000000000006 0.0062184702770787369 0.00077434342453167797 0.034521428571429071 69.500000000000014 0.0015515903801396928 0.019821428571428882 63.500000000000007 0.17510547692009434 0.67155897654327923 2.3632025572570661 145.50000000000003 0.0068570715360581859 0.0052222895461351065 -0.001343146977046196 0.89285713435374559 0.58509668273917603 100.50000000000001 -0.004804610908201056 90.500000000000014 0.01145527116845191
decision_type=2 2 2 2 2 2 2 2 2 2 2 2 2 2 2 2 2 2 2 2 2 2 2 2 2 2 2 2 2 2
left_child=1 8 9 4 -3 6 7 -6 -1 -2 11 19 15 16 -15 -13 -14 18 -18 25 -21 22 -22 -24 -25 26 28 -28 -4 -30
right_child=2 3 10 -5 5 -7 -8 -9 -10 -11 -12 12 13 14 -16 -17 17 -19 -20 20 21 -23 23 24 -26 -27 27 -29 29 -31
leaf_value=-0.029313334969743806 -0.011424820730330295 -0.042661031023481413 0.0044795576556653461 0.068267173260107589 -0.050178436408507825 0.52878333271875877 -0.050579050809618289 0.96663471342560836 0.095135904624515835 0.22087960232623358 0.0084672612389632921 -0.017310302316192128 0.0040335978088569492 -0.024404244073530784 -0.0054960070626735823 0.02717008344000478 -0.016077281291630118 0.012314027254488791 0.15865447374917363 -0.016492793813101446 -0.019498644411734489 -0.0038343862355916334 0.077144542181417863 -0.010304690494790783 0.074789656396688442 0.0096102481174074189 0.0050622781016182693 -0.010745367187530974 0.024364836514451184 0.11193321663018854
leaf_weight=1.947759671951643 205.53603128052782 153.74159138195682 222.28784970194101 2.350261613726615 0.2448175287572657 0.17142337444238354 1.2131205551559103 0.098318160278722644 3.5808382127434015 0.3580522108823051 394.02131382143125 15.366434137336908 52.170304593164474 103.78386792936362 373.51001157565042 46.929526793770492 1.2025367505848388 7.3612036178819835 3.4209833322092891 112.69922217470594 21.267441078089178 154.34206611663103 18.091871263459325 13.567192991264166 4.6208639349788418 621.90662986808456 332.97800744138658 268.60156181547791 33.360567909665406 5.6384473461657754
leaf_count=948 45111 134677 5113 31 156 20 549 38 342 6 3959 343 1238 3566 8462 1019 21 172 50 3105 727 2248 283 234 82 18117 7528 10722 890 74
internal_value=-0.000546383 -0.036748 0.00141625 -0.0398321 -0.0414663 0.0648503 0.0137475 0.241168 0.0512917 -0.0110208 0.00232848 0.00132611 -0.00455821 -0.00694632 -0.00960746 0.0161982 0.0128517 0.0512375 0.113208 0.00328958 -0.00389337 0.00280799 0.0206228 0.0441422 0.0113144 0.00485986 0.00143604 -0.00199574 0.00933727 0.0370254
internal_weight=3176.37 163.348 3013.02 157.82 155.469 1.72768 1.55626 0.343136 5.5286 205.894 2807.13 2413.11 603.745 541.449 477.294 62.296 64.155 11.9847 4.62352 1809.36 324.589 211.889 57.5474 36.2799 18.1881 1484.77 862.866 601.58 261.287 38.999
internal_count=249831 136761 113070 135471 135440 763 743 194 1290 45117 67953 63994 14871 13509 12028 1362 1481 243 71 49123 6679 3574 1326 599 316 42444 24327 18250 6077 964
is_linear=0
shrinkage=0.05


Tree=59
num_leaves=31
num_cat=0
split_feature=4 9 13 25 7 3 2 2 3 12 14 9 12 18 3 28 15 13 2 30 28 4 5 28 13 2 14 14 4 9
split_gain=26.3934 25.9416 19.0041 19.0958 16.5639 13.8285 10.8826 14.3623 10.7346 9.58203 9.09856 9.15783 8.99469 9.10292 9.99656 8.76768 15.465 12.1139 11.2218 8.85967 8.5716 10.1567 11.895 8.49957 10.5595 11.5971 8.20132 9.21958 8.15442 8.12215
threshold=0.0044216904061327054 0.59622487009044411 240.50000000000003 1.0000000180025095e-35 0.0010838891112000565 0.0074107819792000882 0.010102202347630819 -0.0087665688253595869 0.063287560461070771 0.23026071428571579 381.50000000000006 0.089920687752741355 0.11504999999999935 0.0010908014297755064 0.010833051229970582 -0.001798798429992932 0.22826086212192478 235.50000000000003 0.0064704432426162537 -0.85554532547537532 0.016248183012132152 0.0019226649496754467 0.00061187767581034923 0.012969806485807311 248.50000000000003 0.029556937470154868 337.50000000000006 240.50000000000003 0.0028367995662652991 0.73056960073887578
decision_type=2 2 2 2 2 2 2 2 2 2 2 2 2 2 2 2 2 2 2 2 2 2 2 2 2 2 2 2 2 2
left_child=1 6 3 15 20 29 7 -1 10 -9 11 -8 13 14 -5 -3 17 18 -17 -20 28 22 -22 -7 -25 -26 27 -2 -4 -6
right_child=26 2 4 12 5 23 8 9 -10 -11 -12 -13 -14 -15 -16 16 -18 -19 19 -21 21 -23 -24 24 25 -27 -28 -29 -30 -31
leaf_value=0.0079442715325265811 0.0028323045729752735 -0.020021871960227238 -0.032026948402148883 0.21994897466276472 0.04372056026490348 -0.038481155487147346 -0.0062948560741887044 -0.0055463514150011946 -0.017068452633267499 -0.02755638508443118 0.12383501597828417 0.022146783254886091 -0.003667680375835309 0.048278707467751814 0.054364412577005965 0.0017555390496808783 -0.0064824330061171252 0.16494688769359239 0.21769570251229009 0.040118339053528927 0.033807913917368038 -0.0064539437942696433 0.27073540733777451 -0.040601667712828027 0.036356025421124712 0.26593730940305726 -0.030174052976778772 0.020526189046739411 -0.015767250355155055 0.0022762432856686917
leaf_weight=186.44737086445093 1793.3779917323263 43.797871608287096 199.03396268381039 1.9753602724522372 14.687511977273969 31.13339308463037 38.108319431776181 303.53257945587393 28.843791426625103 59.072387208230793 1.939350053668021 109.99046485358849 4.6867877058684817 7.9273607628419995 1.6924165850505231 6.9572940091602486 32.371892670169473 2.2349765533581367 1.2727713268250229 1.5673734182491896 1.6733129732310765 8.7050848818616924 0.77515863277949382 4.481607979629187 4.4684617388993502 0.62728464603424061 18.193897061049938 76.773170860484242 125.87645779689774 60.588002145232167
leaf_count=5617 34851 822 100427 37 2131 3633 573 52227 341 13049 20 3704 58 115 25 167 672 26 18 24 35 342 32 170 201 19 177 628 19537 10153
internal_value=-0.000527448 -0.0060568 -0.0141834 0.00503501 -0.0186254 -0.00233369 0.000156275 -0.00333325 0.0108669 -0.00913203 0.0162373 0.0148283 0.0547858 0.0784129 0.143544 -0.00414888 0.0115073 0.0599068 0.0359452 0.119697 -0.0242481 0.0188507 0.108816 -0.0258098 0.0153814 0.0646174 0.00323366 0.00355867 -0.0257276 0.0103627
internal_weight=3172.81 1284.47 556.534 104.484 452.05 115.986 727.934 549.052 178.882 362.605 150.038 148.099 16.2819 11.5951 3.66778 88.2022 44.4043 12.0324 9.79744 2.84014 336.064 11.1536 2.44847 40.7107 9.57735 5.09575 1888.35 1870.15 324.91 75.2755
internal_count=249831 214175 138644 1964 136680 16307 75531 70893 4638 65276 4297 4277 235 177 62 1729 907 235 209 42 120373 409 67 4023 390 220 35656 35479 119964 12284
is_linear=0
shrinkage=0.05


Tree=60
num_leaves=31
num_cat=0
split_feature=11 12 4 12 27 27 13 14 9 11 0 4 30 1 1 5 1 11 11 0 2 9 8 8 27 1 27 9 7 9
split_gain=98.1199 8.86246 7.77978 13.2112 12.8138 29.7976 27.6914 13.1341 12.3693 12.085 11.7041 16.2792 9.72556 11.9199 10.8925 13.4496 10.7873 20.7556 12.9601 14.2735 11.0356 8.72559 8.69434 18.0363 19.3574 34.2405 13.3898 11.3517 12.5557 28.4809
threshold=0.0020437953083991245 0.010714285714285425 0.0044216904061327054 0.072828571428571603 0.71868248916360178 0.73523027519602968 252.50000000000003 322.50000000000006 0.62902050989488345 0.0047121989698141499 0.0019655765478969749 0.00089852042888043863 0.81757226721741694 0.028646613770203281 -0.0010173651665776327 0.0031193894853668853 -0.002997202125734066 0.0049296773709164871 0.0025591408232425086 0.0031785764643207375 0.0061602230426129898 0.075099497060411344 0.61998191229498689 0.7114681605300226 0.93545194543241539 -0.0010924178501623969 4.8389426658912145 0.56270700887370662 0.00054707089240673421 0.51035489132229361
decision_type=2 2 2 2 2 2 2 2 2 2 2 2 2 2 2 2 2 2 2 2 2 2 2 2 2 2 2 2 2 2
left_child=1 -1 3 4 -2 6 -6 12 -5 21 11 -8 13 22 16 -16 18 20 -14 -20 -18 -9 -7 24 25 -24 -25 28 -26 -30
right_child=2 -3 -4 8 5 7 10 9 -10 -11 -12 -13 14 -15 15 -17 17 -19 19 -21 -22 -23 23 26 27 -27 -28 -29 29 -31
leaf_value=0.033824712153993561 -0.0039800937787482348 -0.039026381329437504 0.0034885534013054964 -0.00045932349359850862 0.67530486090252739 -0.010655643974082241 0.33578981129918234 0.056857952912383061 -0.014200004016632215 0.03493277803795581 0.3953275015143996 -0.051471895910784243 0.19975831277600431 0.080135014539792854 0.007237483706435616 0.19174295435141389 -0.051853839564098017 0.26636131059934054 -0.0036066779672626124 0.16059323551228832 0.21323241726797268 0.26205342182250979 0.60186035608029709 -0.011726582768684954 0.055837911192762706 0.029375870338118577 0.030093596222913927 -0.022702570502506368 0.10615500781742077 0.68857485061910317
leaf_weight=4.280792496749199 208.56802326289471 168.39852651057299 1892.0774298061151 393.95783184526954 0.27382581355050106 77.204388332087547 0.38653493882156886 0.8770266100764269 280.32478583499324 4.7281159069389105 0.33522625104524184 0.91082849469967186 1.1501436783000816 4.9880426153540602 30.520932161482055 1.0207437796052534 1.3338774588191875 1.7158767376095054 8.3407960869371873 1.5731234233826388 0.55636882269754995 1.2658597249537704 0.45864444086328149 50.416205305722542 4.8458749433048052 0.6066760979592789 30.853173658717424 3.3618709620786831 0.94402225886005886 0.26992154587060213
leaf_count=676 9498 145727 33850 21158 5 3674 20 11 26629 46 18 91 49 45 974 32 100 34 164 13 16 31 36 4439 247 43 1555 282 66 26
internal_value=-0.000568921 -0.0372204 0.00153801 -0.00178148 0.00498493 0.0131523 0.210003 0.0114993 -0.00617184 0.0795743 0.13196 0.0639084 0.00937475 0.0039582 0.0297635 0.0132084 0.065358 0.140459 0.0408802 0.0224483 0.0261708 0.178072 0.00170931 0.0121133 0.0738243 0.275843 0.00415006 0.0509818 0.0918604 0.235657
internal_weight=3176.55 172.679 3003.87 1111.79 437.506 228.938 1.90642 227.032 674.283 6.871 1.63259 1.29736 220.161 173.949 46.2119 31.5417 14.6702 3.60612 11.0641 9.91392 1.89025 2.14289 168.961 91.7564 10.487 1.06532 81.2694 9.42169 6.05982 1.21394
internal_count=249555 146403 103152 69302 21515 12017 134 11883 47787 88 129 111 11795 10413 1382 1006 376 150 226 177 116 42 10368 6694 700 79 5994 621 339 92
is_linear=0
shrinkage=0.05


Tree=61
num_leaves=31
num_cat=0
split_feature=11 12 15 3 3 11 11 28 18 10 13 11 30 18 10 3 8 11 10 12 7 8 3 27 10 10 9 5 13 13
split_gain=91.947 8.34989 6.8472 9.59025 6.81887 9.1587 20.125 28.9692 7.99835 6.46359 9.26947 11.6579 8.9516 7.70306 7.13822 8.49318 6.73642 6.25945 6.15134 5.73455 8.32528 8.96668 8.59501 12.5021 10.4236 9.51096 8.91011 7.96478 8.75751 24.5953
threshold=0.0020437953083991245 0.010714285714285425 0.92857136224490922 -0.010488532875275456 0.015275606267932786 0.0014569545686120178 0.0014105073668190143 0.0081749658043073058 0.0044052863436124185 0.00098981349829833031 321.50000000000006 0.0047121989698141499 0.68046180707887338 0.015592335813571379 0.00026444254115899325 0.0026633813561218749 0.74090958443373844 0.002210009323306976 0.0040860139173821584 0.035714285714285622 0.0067049505555336298 1.6708730090388879 0.013639890876023021 0.18886388921195493 0.015609760023445834 0.0010845251244751223 0.45955887452228245 0.0044389103186875086 266.50000000000006 260.50000000000006
decision_type=2 2 2 2 2 2 2 2 2 2 2 2 2 2 2 2 2 2 2 2 2 2 2 2 2 2 2 2 2 2
left_child=1 2 -1 -4 18 6 -6 -8 -7 10 13 12 -12 14 15 -2 17 -14 -3 20 22 -22 23 25 -24 26 -11 28 29 -25
right_child=9 4 3 -5 5 8 7 -9 -10 19 11 -13 16 -15 -16 -17 -18 -19 -20 -21 21 -23 24 27 -26 -27 -28 -29 -30 -31
leaf_value=-0.0096060581778618717 -0.05141500990457324 -0.040210276394189816 0.71973914338612355 0.095971286820349069 -0.050162880268865756 -0.050407976062351235 1.0412792742970653 -0.050891093525204212 0.20408286443402926 -0.052141022352233168 -0.028308999586362488 0.22016212088426559 0.20599171382130133 0.18051363470999215 -0.04502826558149544 0.22993432580721046 0.27504941633107499 -0.051332754981806575 0.28073584728205003 0.0010240431425371486 0.12123035049136793 0.0039681023503271113 -0.016936982535556141 0.035455834742047158 0.079211583262248794 -0.0089199707962582045 0.26104616494095384 -0.0015097022978632288 0.017025319685096157 0.18906750489400304
leaf_weight=3.0693899587495244 0.54559777595569403 159.1682027032366 0.064805911853909381 1.2535828801337627 0.30343076790450085 1.7817724803462627 0.13729253178462386 0.10885284014511853 0.37345357472077001 0.35571944038383563 4.3214759196853256 0.72853655274957407 0.37343541113659717 0.4059707447886457 22.897809080546722 0.52765032113529742 0.45244910067412991 0.64367395010776818 0.14943527430295844 2726.9380694557913 3.3795429803431025 3.149574488401413 46.583655900205486 31.881899075699039 3.0004102289676657 60.425913901533931 0.62807629734743387 30.444405421614647 66.439891646616161 2.8377559279324478
leaf_count=543 38 144494 2 131 225 947 20 23 9 21 690 15 29 3 3677 28 21 82 9 90932 22 28 1147 497 19 1625 26 478 3652 122
internal_value=-0.000550948 -0.0367296 0.0313294 0.126633 -0.0385727 0.0401505 0.222352 0.558289 -0.00631028 0.00145124 -0.0213002 0.0316567 0.00794197 -0.0354634 -0.0391212 0.0869072 0.114544 0.0431449 -0.0399092 0.00168744 0.00894893 0.0646643 0.00744944 0.0122195 -0.0111189 -0.00640922 0.147804 0.0209122 0.0276601 0.048011
internal_weight=3173.37 166.41 4.38778 1.31839 162.022 2.7048 0.549576 0.246145 2.15523 3006.96 30.8966 6.51957 5.79103 24.377 23.9711 1.07325 1.46956 1.01711 159.318 2976.06 249.127 6.52912 242.598 193.014 49.5841 61.4097 0.983796 131.604 101.16 34.7197
internal_count=249555 146403 676 133 145727 1224 268 43 956 103152 4583 837 822 3746 3743 66 132 111 144503 98569 7637 50 7587 6421 1166 1672 47 4749 4271 619
is_linear=0
shrinkage=0.05


Tree=62
num_leaves=31
num_cat=0
split_feature=11 12 11 3 11 6 6 0 3 11 13 1 13 13 12 15 12 1 10 3 3 11 27 0 13 29 9 1 1 6
split_gain=86.3175 8.36881 11.8646 7.24062 11.348 7.11268 13.0815 16.1507 10.1525 9.00585 10.7476 11.8716 10.1633 17.1648 13.2933 11.5326 13.3064 9.91814 11.9091 9.42098 10.0419 16.7914 9.70532 8.74272 8.44819 8.21524 8.98109 10.4362 8.22962 16.3966
threshold=0.0020437953083991245 0.070392857142857215 0.0012167374415285686 0.015275606267932786 0.0014569545686120178 0.00080540738127981182 0.00031154247599313401 -0.016479059432888184 -0.028777531991027724 0.0078153288326611031 259.50000000000006 0.01249706112111826 240.50000000000003 219.50000000000003 0.058828571428570987 0.9999999287238418 0.076032142857142798 -0.0057982580832117705 0.0078369189833840166 0.010233655653196451 0.0019636893888768108 0.0044009740242313472 0.54811623668319498 0.0026111665924687393 53.500000000000007 1.2984559353359164 3.9036921963215732 -0.013425361447768234 -0.012306780107412983 0.000177533176862107
decision_type=2 2 2 2 2 2 2 2 2 2 2 2 2 2 2 2 2 2 2 2 2 2 2 2 2 2 2 2 2 2
left_child=1 2 -1 -4 -5 6 9 8 -8 12 11 -11 13 -2 -14 19 -17 18 25 20 23 22 -22 -15 -7 28 -27 -28 29 -16
right_child=5 -3 3 4 -6 24 7 -9 -10 10 -12 -13 14 15 17 16 -18 -19 -20 -21 21 -23 -24 -25 -26 26 27 -29 -30 -31
leaf_value=-0.047367227649396576 -0.0022740863342506773 -0.046672747988567242 -0.010703494159630459 0.33217849571227093 0.023336565732545628 -0.043956042413511871 0.13653223670038261 -0.012011596586031644 7.3738154316584377e-05 -0.0023354458856672546 0.018767822929156894 0.01514857521779989 0.0036449029877678447 0.028109421947179521 0.03002184970840123 0.027334031146973237 0.14657149001555345 -0.018373476662797584 -0.032299253486228065 -0.020888960360436346 -0.040677405788494748 0.17168009987586649 0.079644519124478466 -0.046202014422342473 0.0043697187948393825 -0.034524014175421912 -0.0094856506798823535 0.23635104328151391 0.0063985913280852061 0.17607667338062086
leaf_weight=30.736677444190718 153.11327133141458 87.603859605849721 40.513207393698394 0.38910890219267358 1.2624149988405404 9.1045350069180113 2.9984821006655693 288.57768008660059 2.499096304178237 361.06497701769695 125.19563729129732 132.79711793130264 204.71745288616512 25.640999921597544 16.076364055275921 5.3270334163680655 4.1724252663552761 224.19988100999035 20.584658327512443 11.169209143146871 2.797030399553476 3.0735424179583788 4.1813753983005881 4.6804864816367617 1353.458581951214 13.970742997713385 1.1474841786548493 0.69208013347815622 36.683559214463457 2.1824582829140118
leaf_count=31340 2849 87122 27537 55 349 96 20 18726 22 6603 1443 1512 11348 367 437 63 50 19220 429 150 46 38 57 60 36394 670 27 27 2429 69
internal_value=-0.000530831 -0.0362576 -0.0237421 -0.00652011 0.0961016 0.0013742 -0.000836125 -0.0103943 0.0745008 0.00124063 0.00568297 0.00236592 -0.00250396 0.00666377 -0.00627773 0.0290828 0.0797064 -0.0127154 0.00117301 0.0197527 0.0309961 0.0743054 0.031418 0.0166386 0.00404681 0.0109114 -0.0208495 0.0830029 0.0200509 0.0474796
internal_weight=3170.61 160.505 72.9014 42.1647 1.65152 3010.11 1647.54 294.075 5.49758 1353.47 619.058 493.862 734.41 214.155 520.255 61.0421 9.49946 315.537 91.3373 51.5426 40.3734 10.0519 6.97841 30.3215 1362.56 70.7527 15.8103 1.83956 54.9424 18.2588
internal_count=249555 146403 59281 27941 404 103152 66662 18768 42 47894 9558 8115 38336 3680 34656 831 113 23308 4088 718 568 141 103 427 36490 3659 724 54 2935 506
is_linear=0
shrinkage=0.05


Tree=63
num_leaves=31
num_cat=0
split_feature=11 11 6 6 0 11 13 1 13 13 15 11 1 3 27 11 14 27 27 13 5 3 8 27 27 27 6 7 27 29
split_gain=80.8629 7.33005 6.53226 15.6936 13.6021 8.12817 9.51109 10.5912 9.17546 15.0226 9.38708 11.5219 16.9345 8.2954 8.29309 10.6836 7.99788 7.15921 7.15331 6.75982 17.3678 14.8233 6.53672 6.47889 9.62095 13.439 6.43889 9.16866 8.8093 9.20642
threshold=0.0020437953083991245 0.0012167374415285686 0.00070472163495424072 0.00031154247599313401 -0.016479059432888184 0.0078153288326611031 259.50000000000006 0.01249706112111826 240.50000000000003 219.50000000000003 0.9999999287238418 0.003628408189558546 0.01925682401022866 0.010233655653196451 0.23469964909261024 0.0061986550367212232 343.50000000000006 39670.000000000007 1659.0000000000002 252.50000000000003 0.003960463882485314 0.021062790091882725 3.0015033640090176 4.0507860191131213 1.0295682972855376 1.7103300643626218 0.00071880069251764459 0.00021586751385056245 0.5036417234256394 -0.25798038264768991
decision_type=2 2 2 2 2 2 2 2 2 2 2 2 2 2 2 2 2 2 2 2 2 2 2 2 2 2 2 2 2 2
left_child=1 -1 3 5 -5 8 7 18 9 -2 13 -12 -13 14 -11 23 26 22 -7 -9 21 -21 -8 24 -16 -26 27 -4 29 -29
right_child=2 -3 16 4 -6 6 17 19 -10 10 11 12 -14 -15 15 -17 -18 -19 -20 20 -22 -23 -24 -25 25 -27 -28 28 -30 -31
leaf_value=-0.048739884099576539 -0.0021646195027819528 -0.026639898077823382 0.12176345827060001 0.075176445102114228 -0.014454070696703347 -0.00049019179734219548 0.01812147547221879 0.01144508749230312 -0.0060084274661847516 0.0060155567044451993 -0.018266128404993465 0.16395634259207673 0.0095508136260217934 -0.0201764566679449 0.047426858308853244 -0.015782037874333202 -0.047333561145784762 0.10870194182775297 -0.030861284773654588 0.074822846262565176 0.0085085016433478228 0.32817047052095244 -0.046892094565957269 0.02876894873936028 0.26596390978017148 0.088400173463003551 0.0037781133150144898 0.30010918427242195 -0.038558884572388777 0.038206281538582854
leaf_weight=63.818316393299028 152.82120387256145 91.050264637218788 2.7926915913121757 4.3117901012301436 231.25988590798806 339.86006518779323 120.75386623898521 126.48161415802315 517.30687006074004 20.399869023822248 2.6569596864283067 4.5012964271008968 2.9327330216765404 10.99009732250124 5.3040618086233788 4.6757789067924014 7.6177668450400224 2.1199187310412517 20.560592402238399 1.554915772750973 5.315520646981895 0.91837016120553006 3.9941493682563296 6.0081979027017942 1.5568817164748905 3.3770097438246012 1406.6095123597188 0.42397850309498641 3.425300441798754 1.6086951786419375
leaf_count=71520 2849 74883 169 31 15342 6280 1381 1388 34656 290 42 44 27 150 79 53 81 18 323 31 70 23 44 80 25 41 39320 24 221 70
internal_value=-0.00051173 -0.0357469 0.00129988 -0.000902716 -0.0128135 0.00116941 0.00537488 0.00224266 -0.00239897 0.00627664 0.0269488 0.0711024 0.103043 0.0184315 0.0286999 0.0508182 0.00376134 0.0175882 -0.00222274 0.0142291 0.0594382 0.168895 0.0160399 0.0699862 0.0941748 0.14443 0.00403644 0.0480778 0.010375 0.0928344
internal_weight=3167.01 154.869 3012.14 1589.66 235.572 1354.09 621.559 494.691 732.531 215.224 62.4029 10.091 7.43403 52.3119 41.3218 20.9219 1422.48 126.868 360.421 134.27 7.78881 2.47329 124.748 16.2462 10.238 4.93389 1414.86 8.25067 5.45797 2.03267
internal_count=249555 146403 103152 63267 15373 47894 9558 8115 38336 3680 831 113 71 718 568 278 39885 1443 6603 1512 124 54 1425 225 145 66 39804 484 315 94
is_linear=0
shrinkage=0.05


Tree=64
num_leaves=31
num_cat=0
split_feature=11 12 11 3 12 11 13 11 13 12 8 10 12 27 3 3 0 7 7 10 12 11 8 11 11 3 12 27 15 10
split_gain=75.6558 8.74259 11.6867 6.14287 7.5325 8.1482 6.09009 11.3608 11.6999 11.2342 9.06256 8.88728 9.06991 9.35081 9.25889 8.39574 9.37935 9.54218 10.7123 12.0233 8.36087 8.6125 8.75863 8.24614 9.72644 19.3235 23.8058 10.5792 11.3056 13.0596
threshold=0.0020437953083991245 0.070392857142857215 0.0012167374415285686 0.015275606267932786 0.060785714285713846 0.0014569545686120178 286.50000000000006 0.0030869651018485306 244.50000000000003 0.087871428571428517 2.6505314714459751 0.020566443018225886 0.057578571428571861 2.0351894987185886 0.014162806857045187 -0.063219883902429927 0.0061447346212327733 0.0055662750923837394 0.0037248903146905156 0.0089956410116525439 0.80248571428571036 0.023167822723696271 0.14337063177040485 0.014223252103703643 0.011295578106560076 -0.063219883902429927 0.23026071428571579 0.22891864590103303 0.48517988540985285 0.012652713092426675
decision_type=2 2 2 2 2 2 2 2 2 2 2 2 2 2 2 2 2 2 2 2 2 2 2 2 2 2 2 2 2 2
left_child=1 2 -1 -4 -5 -6 7 8 -2 11 20 -9 13 14 -13 16 17 18 -11 -20 21 22 -8 24 -24 26 -26 -27 -29 -30
right_child=6 -3 3 4 5 -7 10 9 -10 15 -12 12 -14 -15 -16 -17 -18 -19 19 -21 -22 -23 23 -25 25 27 -28 28 29 -31
leaf_value=-0.047020788050676263 0.0039502604468324501 -0.046373210449126255 -0.0091910296551400098 -0.0046396899541829061 0.38752212590503865 0.059713827344812447 -0.021020923609757353 0.0050929129952305523 -0.031466180184483515 0.013394193426308341 -0.02518206531023591 -0.0033156767191572564 0.01050511417632894 0.12104878092677485 0.099447090734147967 -0.003066768566084272 -0.014137670497270381 -0.013706774788553214 0.0032594336156631467 0.090917236028337664 -0.025597125247055614 0.044769920409305608 0.0065672258077644754 -0.015244820638921365 0.20158566213574636 0.12014333245511842 0.029146341274752064 -0.032515077695771208 0.0040587975165486297 0.092376378764567502
leaf_weight=27.965770574402995 39.48502857517451 80.700518323283177 39.094626434496604 0.99586352275218704 0.33791611308697611 0.43180127709638327 29.402379432576708 502.78383015166037 56.956751258927397 118.86476105591282 24.52402106532827 6.0480496361851674 21.399099044501781 4.5607346370816222 3.4378941506147385 1314.7744911934715 38.990024019032717 27.459758432582021 6.4409303814172771 9.9625514782965165 20.869488457450643 14.405885731801389 691.17846003384329 40.2771608652547 3.390282601118086 2.2195119298994532 4.8858775608241558 11.449090505950155 14.483347824774684 5.8871974498033515
leaf_count=31340 1402 87122 27537 345 8 51 1030 10153 14328 1701 811 40 148 28 23 36856 300 186 71 75 839 82 34404 338 22 20 40 97 118 40
internal_value=-0.000492846 -0.0352079 -0.0221163 -0.00507109 0.0861552 0.203626 0.00122931 -0.000194201 -0.016966 0.000593013 0.00477776 0.00679885 0.0309968 0.0622145 0.0339276 -0.00160954 0.00788847 0.013166 0.0186212 0.0564978 0.00565407 0.00645178 0.0057645 0.00678232 0.00799186 0.0312618 0.0997851 0.0146013 0.00723939 0.0295831
internal_weight=3163.66 149.526 68.826 40.8602 1.76558 0.769717 3014.14 2151.16 96.4418 2054.72 862.973 538.23 35.4458 14.0467 9.48594 1516.49 201.718 162.728 135.268 16.4035 838.449 817.579 803.173 773.771 733.494 42.3153 8.27616 34.0391 31.8196 20.3705
internal_count=249555 146403 59281 27941 404 59 103152 65311 15730 49581 37841 10392 239 91 63 39189 2333 2033 1847 146 37030 36191 36109 35079 34741 337 62 275 255 158
is_linear=0
shrinkage=0.05


Tree=65
num_leaves=31
num_cat=0
split_feature=11 18 27 11 3 27 12 11 29 1 1 10 2 3 2 28 1 1 9 9 6 1 1 12 13 12 12 27 15 10
split_gain=69.668 11.7399 9.09842 9.7279 16.9821 12.735 11.079 10.2124 19.1771 11.2813 9.9756 9.58714 17.9382 15.1132 27.5783 12.6339 11.0517 19.7763 10.829 10.7504 8.86663 14.9728 62.1319 83.7686 113.686 11.5679 27.926 51.5704 9.44751 8.61032
threshold=0.0018796291943301011 0.0028011204481792921 0.63849166722417061 0.011295578106560076 0.063287560461070771 0.036812112810317245 0.25131071428571677 0.0019226415418817742 -0.94719228988500503 -0.0067856071388411867 0.013587216864328623 0.0045044348963188732 -0.0063291139240506103 0.045519049282026665 -0.020982818445014036 -0.00072296370457929462 -0.004369850117294626 -0.0050594802732955571 3.9036921963215732 1.3897299219648718 0.0014066829818019653 0.00066803492644751394 0.0010434243159359593 0.15382857142857151 293.50000000000006 0.061435714285715752 0.049814285714285596 1.9224478728236092 0.84883720189966561 0.0052311158799530954
decision_type=2 2 2 2 2 2 2 2 2 2 2 2 2 2 2 2 2 2 2 2 2 2 2 2 2 2 2 2 2 2
left_child=1 20 3 4 5 7 -6 8 -2 -10 -7 12 13 16 -15 -16 17 19 -14 -5 -1 -22 23 -23 -25 26 -24 -28 -29 -13
right_child=2 -3 -4 11 6 10 -8 -9 9 -11 -12 29 18 14 15 -17 -18 -19 -20 -21 21 22 25 24 -26 -27 27 28 -30 -31
leaf_value=-0.042139205987334338 1.2825433319719166 0.036262238807752853 0.0037429148166197284 0.064016490112565688 0.0083261496001054858 -0.0074868461924131853 0.14237834358423895 0.0040300359404834892 0.31826466630091887 -0.051232494143166621 -0.033901173921178605 -0.031895696796958181 -0.0099755467727399329 0.35426639506817659 -0.052567912921317489 0.16322967997700638 -0.02659957984891145 0.25629820390101699 0.21803054875772895 -0.015817991617214925 -0.050497375688720494 -0.050093007658179048 -0.050323697060242034 0.75754631636245573 4.3561123063634462 -0.050215236981000479 2.2016317833788026 -0.050167483254568261 0.74423516392952249 0.0035247317463461235
leaf_weight=117.00819847075036 0.037468754453584552 5.3311464535654514 1811.2635765539017 14.863730694167325 2.9718512780964366 578.38187649048632 3.2020177370868623 228.60204597923439 0.39711332484148443 0.43053357885219057 38.098175989929587 18.243730984628201 27.491479689721022 1.097280574962497 1.3331910683773462 1.3805921166203903 5.5407817396335295 1.1284589665010596 0.53081161621957917 5.8869071635417631 2.4387578057358033 0.096659505798015632 0.3292348168324678 0.061772497254423797 0.034043261141050607 1.1373696193913927 0.044407466717530042 0.09291504044085741 0.062669500708580017 288.14142727479339
leaf_count=131423 2 1150 70947 297 29 30574 32 6795 66 123 821 271 1001 17 51 34 175 37 8 109 1783 97 218 15 38 902 27 75 1 2750
internal_value=-2.30727e-05 -0.036357 0.00149597 -0.00184607 -0.00477341 -0.00537642 0.077851 0.00467892 0.176144 0.126056 -0.00911924 0.00497612 0.0233867 0.049446 0.142742 0.0572155 0.0364788 0.0524531 -0.00565655 0.0413676 -0.0395485 0.0309844 0.137873 0.988438 2.03611 0.0396418 0.232755 0.69877 0.269818 0.00141562
internal_weight=3155.66 126.637 3029.02 1217.76 852.121 845.947 6.17387 229.467 0.865116 0.827647 616.48 365.638 59.2532 31.2309 3.81106 2.71378 27.4199 21.8791 28.0223 20.7506 121.306 4.29783 1.85907 0.192475 0.0958158 1.6666 0.529227 0.199992 0.155585 306.385
internal_count=249868 135729 114139 43192 38442 38381 61 6986 191 189 31395 4750 1729 720 102 85 618 443 1009 406 134579 3156 1373 150 53 1223 321 103 76 3021
is_linear=0
shrinkage=0.05


Tree=66
num_leaves=31
num_cat=0
split_feature=11 13 12 7 2 7 6 13 6 10 1 12 1 8 12 1 0 14 7 9 6 1 27 2 7 4 2 11 29 14
split_gain=67.7175 11.0365 10.0804 9.73004 9.81048 8.04402 8.26363 10.2899 11.335 21.4033 25.9947 18.7903 11.1827 11.0394 11.3303 28.2039 67.5796 20.2681 10.0015 14.9816 17.336 25.7723 12.6591 19.1874 13.2659 24.4674 10.4034 11.9563 9.73176 9.58586
threshold=0.0018796291943301011 243.50000000000003 0.032678571428571439 0.0007687790295040686 0.017988789244592466 5.6729549622533533e-05 0.00077934739531099369 297.50000000000006 0.00080540738127981182 0.0019981353222789078 -1.0000000180025095e-35 0.46321428571428064 -0.0038160455243602116 0.19035159353048223 0.046932142857142665 0.0022306098376811971 0.0022246151325528989 86.500000000000014 0.00056285527790128414 1.1948318436454468 0.0026108069217347959 0.0048932948103959104 0.31112566030877392 -0.0024005219175596277 0.00013534568310416347 0.005555555555555633 0.010102202347630819 0.0042216216625890141 2.3632025572570661 21.500000000000004
decision_type=2 2 2 2 2 2 2 2 2 2 2 2 2 2 2 2 2 2 2 2 2 2 2 2 2 2 2 2 2 2
left_child=1 2 -1 4 5 -2 -7 8 9 10 11 -8 -9 -14 15 16 17 -15 19 20 22 29 23 -16 25 -24 28 -28 -26 -22
right_child=3 -3 -4 -5 -6 6 7 12 -10 -11 -12 -13 13 14 18 -17 -18 -19 -20 -21 21 -23 24 -25 26 -27 27 -29 -30 -31
leaf_value=0.052279010735665647 -0.00087640809572131278 -0.040974560427134259 -0.041479948568416199 0.0044689539222939325 0.0064817733333829425 -0.018003739688108998 1.205618193968788 -0.016760862322748447 -0.011807172416077028 0.020151226401833585 -0.050273111587766928 0.33563006999744399 0.3795489785701488 -0.050830351126140566 0.62336333449319303 -0.051557504263320501 1.1186847074686233 0.46269383344918147 -0.023126437573996492 -0.0336209250991766 0.23999667107890932 0.29243934059208948 0.0091985320741733347 -0.050533293796568339 -0.032774132552944535 0.45569702650875732 -0.05107999791979289 0.18903241625444134 0.24174408838639627 -0.0042246063657027134
leaf_weight=6.3962018960155529 970.49574766744627 112.93511217192281 5.1952996819745749 1402.1771955471486 330.37915252614766 161.29617406032048 0.11939895938849077 15.788354319811331 118.76111157145351 1.3944425580557434 0.16901018575299431 0.12925126682966948 0.23048699717037635 0.56339581951033613 0.22218491393141448 0.9486474212608299 0.2135394609067589 0.2915946290595457 8.0459068798809295 4.9750041143852277 0.50499428971670512 1.8506708901841191 0.8313011199934397 0.20134295767639798 7.6595762399956566 0.48631537333130836 0.81913980259560082 1.4123799931257961 0.33704746223520476 1.9661328408401457
leaf_count=194 38617 135011 524 41012 5738 18100 30 853 6916 108 47 12 9 97 24 88 11 16 607 486 9 36 139 37 945 9 79 21 17 76
internal_value=-6.89341e-05 -0.0362058 0.0102563 0.0014151 -0.00121177 -0.00316742 -0.00992107 -0.00215728 -0.00991348 0.114195 0.428179 0.753388 0.0175941 0.0347809 0.0322444 0.146866 0.323028 0.124307 0.0243565 0.0423213 0.0655127 0.151349 0.0345195 0.302996 0.0246711 0.173995 0.00543473 0.100893 -0.0212035 0.0456839
internal_weight=3156.8 124.527 11.5915 3032.27 1630.09 1299.71 329.217 167.921 120.573 1.8121 0.41766 0.24865 47.348 31.5597 31.3292 2.01718 1.06853 0.85499 29.312 21.2661 16.2911 4.3218 11.9693 0.423528 11.5458 1.31762 10.2281 2.23152 7.99662 2.47113
internal_count=249868 135729 718 114139 73127 67389 28772 10672 7113 197 89 42 3559 2706 2697 212 124 113 2485 1878 1392 121 1271 61 1210 148 1062 100 962 85
is_linear=0
shrinkage=0.05


Tree=67
num_leaves=31
num_cat=0
split_feature=11 18 7 28 14 13 13 4 11 10 18 12 9 12 29 30 13 15 30 7 11 15 28 28 7 15 11 2 15 1
split_gain=63.3993 10.8598 8.80741 9.80237 11.4625 14.0374 8.43837 8.89243 12.7213 17.8285 16.7178 10.0709 8.71108 7.52501 7.37501 7.0995 10.1748 13.7122 10.3562 8.52383 7.40759 21.911 21.6064 94.5768 13.3319 7.20821 6.85787 17.4392 6.60161 12.6829
threshold=0.0018796291943301011 0.0028011204481792921 0.0007687790295040686 0.012969806485807311 240.50000000000003 47.500000000000007 148.50000000000003 0.00026293443777493814 0.0066764129301731118 0.0033173966900734747 0.00051973575650263257 0.047492857142857232 0.55380608003820808 0.51104999999999945 -0.28292638583622415 -0.2291395733645232 246.50000000000003 0.026105126061387617 -0.138375823287713 0.0095990933831447082 0.0019977264276997055 0.99999994606231934 -0.0054468643809795405 -0.0060442554637095232 0.00077626161543017122 0.40405241663010233 0.0038276440152936065 -0.016503667723570366 0.83249993062501526 0.023137996351573879
decision_type=2 2 2 2 2 2 2 2 2 2 2 2 2 2 2 2 2 2 2 2 2 2 2 2 2 2 2 2 2 2
left_child=1 -1 3 4 -2 -6 13 8 -8 10 -10 14 -9 -5 -11 20 18 -18 -17 -19 21 22 23 -4 -24 -21 27 -20 29 -14
right_child=2 -3 15 6 5 -7 7 12 9 11 -12 -13 28 -15 -16 16 17 19 26 25 -22 -23 24 -25 -26 -27 -28 -29 -30 -31
leaf_value=-0.038996239101621241 -0.0047096099651922109 0.033013062638782863 -0.050078081982739026 -0.014489064819979093 -0.021340783005854555 0.019468752682432838 -0.014492257451977634 -0.014244279505369099 0.34477982450208289 0.041386614326909772 0.071290789081805014 0.022322218058534734 0.038730803940863145 0.036485148552942291 0.14397106773025964 0.056800830866206166 0.16078434804521116 0.011149809144543939 0.22591789992206579 0.020402774098480733 0.00033149916084470026 1.3214505478755985 0.36481299126803007 3.0433880820802219 -0.0502880789045837 -0.047547979028026689 -0.010869194299624131 0.0064163176562920133 0.0027061216659164532 -0.013120909678342257
leaf_weight=114.61289199558087 1164.5591409297194 5.4864353809971353 0.10483851947356015 63.895901734009385 26.566104873083532 101.88682121131569 14.837635902687905 44.413837129948661 0.87751830602064673 3.9729155264794827 1.5383631307631729 42.503785967826843 41.896943769301288 8.1653519179671985 3.1341564469039431 6.4748001680709413 1.5136934965848912 572.16187917295611 1.0699964091181753 5.9195001348853138 682.39455445198109 0.036449842329602578 0.23330636700848018 0.032326287240721174 1.1316920713288707 11.455879800021647 118.62668198719621 5.8638440450886256 93.676282976521179 16.41316738165915
leaf_count=134579 66334 1150 71 630 351 1402 253 939 23 38 31 425 688 66 23 96 9 20821 22 38 17081 20 12 24 683 72 1826 237 1729 195
internal_value=-7.66734e-05 -0.0357067 0.00133309 -0.00117052 -0.0031461 0.0110287 0.00644731 0.010597 0.0263462 0.037993 0.17063 0.0315341 0.00523524 -0.00871311 0.0866255 0.00423051 0.00768469 0.010488 -0.0048642 0.0101021 0.000578585 0.110165 0.0807728 0.678974 0.0206612 -0.0243983 -0.0080441 0.0402887 0.0109276 0.0241356
internal_weight=3155.46 120.099 3035.36 1628.34 1293.01 128.453 335.326 263.265 66.8644 52.0267 2.41588 49.6109 196.4 72.0613 7.10707 1407.02 723.086 591.051 132.035 589.537 683.933 1.53861 1.50216 0.137165 1.365 17.3754 125.561 6.93384 151.986 58.3101
internal_count=249868 135729 114139 73127 68087 1753 5040 4344 793 540 54 486 3551 696 61 41012 23121 20940 2181 20931 17891 810 790 95 695 110 2085 259 2612 883
is_linear=0
shrinkage=0.05


Tree=68
num_leaves=31
num_cat=0
split_feature=10 7 13 10 12 15 28 15 8 30 1 4 12 28 4 10 6 4 9 2 20 10 8 2 28 0 4 4 30 7
split_gain=37.7127 10.2454 10.7091 9.63615 8.88546 8.74389 10.9277 9.43011 18.0247 13.7814 10.5893 9.33328 15.8362 27.4406 8.47828 13.3075 17.7083 18.7627 67.8482 15.8317 20.4557 11.1687 33.8974 9.57634 25.1237 49.1317 25.2253 45.8599 73.8552 14.7671
threshold=0.00098981349829833031 0.0007687790295040686 241.50000000000003 0.0024908012862373662 0.01463571428571415 0.68731802567376354 -0.024004450722532836 0.79674479573454493 0.96615890779073965 -4.4552850977849063 -0.0049292774539925191 0.0005250091900529005 0.082124999999999573 0.0073643912700345161 0.0028367995662652991 0.0016347445938741658 0.0013283833575188657 0.0028875361765733948 0.73490142838052164 -0.015500991708702226 1.0000000180025095e-35 0.0016228497350650435 0.76619385254681316 -0.0042860949766734815 -0.00080297577984951628 0.002118489309281713 0.0037565740045078315 0.0032106027155834244 -0.11985126039580583 0.00031405544244867881
decision_type=2 2 2 2 2 2 2 2 2 2 2 2 2 2 2 2 2 2 2 2 2 2 2 2 2 2 2 2 2 2
left_child=-1 2 5 4 -4 -2 -7 8 9 -8 -11 12 -12 -14 -6 16 21 18 -18 20 -19 -16 -23 -21 25 26 27 -25 -29 -26
right_child=1 -3 3 -5 14 6 7 -9 -10 10 11 -13 13 -15 15 -17 17 19 -20 23 -22 22 -24 24 29 -27 -28 28 -30 -31
leaf_value=-0.033208721298285573 -0.0011851618590054283 0.0039422801774377523 0.034984340725704437 -0.0024782630930207882 -0.024518651448714245 -0.034940094022703032 0.25592711236828847 0.0097605305152018342 -0.0071314427616247338 -0.055400705263674445 0.029419273742373148 0.032059287800827577 0.33200547746156073 0.082618209458735242 -0.020610525811125477 -0.015677228710901849 1.6196842175768891 0.60846508644608421 -0.051273286333857387 -0.050917606245585938 0.06690283205730152 1.1413632589455454 -0.050336031677696791 -0.051163321687764884 -0.035007421987743752 1.3097320985896261 -0.051038697521846726 -0.050239535229379788 1.9982539896049465 0.13811878937981187
leaf_weight=83.663198954134714 355.04598499415442 1413.5698617622838 8.7109791573602688 874.53469794749981 125.51769102580147 11.972177376970647 0.95731546171010151 177.03839613683522 12.23995108483359 1.7546461131423772 3.558738348074252 7.1397561002522698 1.6773285735398529 3.2215200830250978 9.9977462607203051 54.925718445447274 0.089816308522130295 0.3033445063047101 0.18772211438044906 1.7764471229747858 0.41008402686566114 0.083910204761196705 0.20658271730644628 0.18402432976290484 2.9629900339059541 0.11019544542068616 0.47914101759670302 0.080105958215426654 0.097619685286190361 2.1080206293845549
leaf_count=72685 4849 49765 932 31632 71768 121 12 2369 144 22 61 112 24 34 3616 10197 23 36 46 291 13 22 74 66 503 10 68 31 26 316
internal_value=-8.72265e-05 0.000815119 -0.00185203 -0.00477992 -0.0144464 0.00366517 0.0115085 0.0141874 0.0398417 0.0712438 0.0610547 0.0741555 0.109693 0.168007 -0.0166045 -0.00318134 0.0327949 0.0849124 0.489478 0.0717213 0.297171 -0.0117304 0.293892 0.0510966 0.0811896 0.317007 0.186914 0.502085 1.07494 0.0369612
internal_weight=3154.61 3070.94 1657.37 1082.77 208.232 574.606 219.56 207.588 30.5493 18.3093 17.352 15.5973 8.45759 4.89885 199.521 74.0035 19.0778 8.78951 0.277538 8.51197 0.713429 10.2882 0.290493 7.79854 6.0221 0.951086 0.840891 0.36175 0.177726 5.07101
internal_count=249868 177183 127418 119670 88038 7748 2899 2778 409 265 253 231 119 58 87106 15338 5141 1429 69 1360 49 3712 96 1311 1020 201 191 123 57 819
is_linear=0
shrinkage=0.05


Tree=69
num_leaves=31
num_cat=0
split_feature=11 13 7 11 13 13 12 13 3 10 18 1 3 9 3 2 11 15 4 8 6 3 9 15 15 3 13 7 0 2
split_gain=56.9602 11.7545 7.11713 8.54969 10.5829 15.0772 14.9216 14.2101 11.9081 9.88863 12.8532 9.83381 15.1874 15.9641 9.8034 9.59723 9.23843 14.2591 12.3 9.05767 10.2136 12.423 23.4189 18.3086 16.6622 24.2163 13.8304 9.09075 8.88027 9.88308
threshold=0.0018936928842952312 243.50000000000003 0.0007687790295040686 0.0055899442818111459 238.50000000000003 221.50000000000003 0.061435714285715752 266.50000000000006 -0.015507665300550253 0.002314877914601107 0.030333701386332988 -0.004471970330240104 -0.032887657048522027 0.77112025394742612 0.024907888740329013 -0.016503667723570366 0.0035623191886491059 0.23684209279778068 0.0066067870307911121 1.2673391494025628 0.0025125628140704177 0.013192298200057297 0.79387763435798953 0.75093857935687713 0.43925227487120239 -0.010488532875275456 319.50000000000006 0.00047310217053995345 -0.011174650984651478 -0.0032089851584436442
decision_type=2 2 2 2 2 2 2 2 2 2 2 2 2 2 2 2 2 2 2 2 2 2 2 2 2 2 2 2 2 2
left_child=1 -1 3 4 5 -2 -7 15 -8 10 -5 -9 13 -13 -10 16 17 18 -6 20 28 22 -22 24 25 -24 -25 -26 -14 -30
right_child=2 -3 -4 9 7 6 8 11 14 -11 -12 12 19 -15 -16 -17 -18 -19 -20 -21 21 -23 23 26 27 -27 -28 -29 29 -31
leaf_value=0.012433035033371037 -0.0029372662366209529 -0.040079869733243803 0.0037962820737840902 -0.02200874789862137 -0.051410239095248389 0.013225619568435296 -0.054691544809611373 -0.018567305910702433 0.12733473646745047 0.0028358653922387878 0.33437267798525461 0.033785120903132425 0.26853219742848183 0.2982056168178423 -0.026468051372807302 -0.029175102365150363 -0.0024998716605342444 0.34227004014056672 0.24478698469017149 -0.01724123661160349 -0.0033099510842977487 -0.019954694022066788 0.62039415797969599 0.38226724676063312 -0.033325138023727705 0.10315414581160123 0.13636975461138157 0.17610176039992784 -0.020277216811747902 0.0071633010600802884
leaf_weight=11.885354798752813 96.737602086737752 103.06443344627041 1416.0760796249378 48.843775910325348 1.1505774933611967 21.845344050321728 1.3073350861668576 88.654075047234073 7.7734051737934333 972.39603012008592 0.25431723147630592 1.7200393921229982 0.30972523987293143 0.85433038417249907 1.1953941807150839 106.67089440865675 12.013378296047447 0.50537183904089023 0.50404136022552837 61.708222301094793 6.0944915260188299 5.9328848038567221 0.2974025069270283 1.031087508890778 2.4756133625051011 0.94636368216015376 1.2838247139006851 0.65534371382091183 43.184541278053075 136.62738220015308
leaf_count=732 2180 136018 40780 4671 83 303 24 7552 133 15168 2 50 5 26 9 9894 490 22 14 6884 263 170 16 26 114 55 21 34 5842 18287
internal_value=-0.000100916 -0.0346502 0.00120589 -0.00105428 -0.00578359 0.00691809 0.0365987 -0.00924669 0.0862858 0.00173044 -0.0201628 -0.00416517 0.000687377 0.121536 0.106835 -0.0240389 0.0146171 0.109818 0.0388194 -0.000506682 0.00468677 0.0398407 0.0675907 0.132184 0.0720126 0.226834 0.245895 0.0105102 0.00103381 0.000573047
internal_weight=3154 114.95 3039.05 1622.97 601.479 128.859 32.1215 472.62 10.2761 1021.49 49.0981 351.775 263.121 2.57437 8.9688 120.844 14.1734 2.15999 1.65462 260.547 198.839 18.717 12.7841 6.68964 4.37472 1.24377 2.31491 3.13096 180.122 179.812
internal_count=249868 136750 113118 72338 52497 2649 469 49848 166 19841 4673 39345 31793 76 142 10503 609 119 97 31717 24833 699 529 266 219 71 47 148 24134 24129
is_linear=0
shrinkage=0.05


Tree=70
num_leaves=31
num_cat=0
split_feature=10 4 12 18 14 3 1 10 7 3 6 0 1 12 1 12 15 13 14 29 8 7 5 16 10 12 10 12 13 7
split_gain=31.4206 12.8543 8.78478 8.26569 9.41581 7.59046 12.5116 12.2713 15.6305 19.0443 41.9643 20.7169 10.8209 14.3033 21.5752 12.8628 11.4689 15.441 11.3479 11.7062 10.1643 9.66603 9.39069 10.5083 9.36958 18.1091 13.8377 13.5515 13.1172 13.8599
threshold=0.00098981349829833031 0.019009273935710714 0.017924999999999785 0.002702573508528251 68.500000000000014 -0.049367072043375253 0.0067756558171472312 0.0013991963754808867 0.00033215760433716286 0.0059311299543364235 0.00080540738127981182 0.0019229991110156777 -0.0010547182444632928 0.034521428571429071 0.0043300754743934586 0.033928571428571315 0.65624999145507812 302.50000000000006 53.500000000000007 -0.58485155324693328 1.7817745354770116 0.0024503235228689967 0.0057528736734814229 1.0000000180025095e-35 0.0083703855058075271 1.6265214285714327 0.0043888846084624003 0.028328571428571359 251.50000000000003 0.00054224543840453263
decision_type=2 2 2 2 2 2 2 2 2 2 2 2 2 2 2 2 2 2 2 2 2 2 2 2 2 2 2 2 2 2
left_child=1 2 -1 -4 -5 22 12 8 -8 10 -10 -12 20 14 15 -14 18 -18 19 -17 -7 -16 23 24 26 27 28 -26 -2 -30
right_child=5 -3 3 4 -6 6 7 -9 9 -11 11 -13 13 -15 21 16 17 -19 -20 -21 -22 -23 -24 -25 25 -27 -28 -29 29 -31
leaf_value=0.023327543637297783 -0.0066877412107474435 0.63015746603203937 -0.040578826207503416 0.34789091918285575 0.021014607759463167 0.0012395221011492299 -0.026960352525595047 0.003375781697457822 0.023723992640285855 0.049627550494617173 0.28918457719019958 0.86828983427254114 0.020842175302625974 -0.01130799096935154 -0.048845021375551495 0.65026493640916239 0.36499288165964094 -0.052561720866732921 -0.015363861515267333 -0.050596299681737268 -0.013372442004033992 0.055062370431623077 -0.0020572761650996083 -0.019230130372656917 0.15276925563858784 0.11866777584675003 -0.01135201313626494 0.020364308801002883 -0.010110949288724372 0.066812228627864206
leaf_weight=6.4401318699819958 18.987256022170186 0.073221219936384752 70.261463068076409 0.24883155332645346 1.9219292660127392 1009.9744226360344 2.1000137815135522 885.07984727853909 0.67327753419522218 1.9551058288197962 0.29343593347584829 0.32602304307511076 58.524195073288865 574.23201779142255 16.698556618415754 0.14196400257060304 0.83123528264695756 0.30178953043650836 1.2872976157232185 0.10266392654739265 134.91282916639466 2.584608574747107 175.9597104229033 21.870823772624135 1.9792218208312977 5.314333537593483 51.031952815130353 81.871996186673641 7.9704617070965496 22.071344105061144
leaf_count=2597 554 3 70213 33 93 62874 509 18064 153 286 37 22 7735 74930 1184 6 29 102 85 53 6112 33 1362 331 11 66 728 812 322 599
internal_value=-0.000872781 -0.0320195 -0.0326343 -0.03761 0.058484 -7.36793e-05 -0.00101567 0.00383204 0.0793444 0.14808 0.296977 0.593969 -0.00341429 -0.0085414 0.0112004 0.0257341 0.133164 0.253774 0.043959 0.356132 -0.000482343 -0.0349179 0.00647306 0.0135835 0.0173761 0.0291623 0.0068733 0.0234896 0.0258431 0.0464036
internal_weight=3156.02 78.9456 78.8724 72.4322 2.17076 3077.08 2690.02 890.428 5.34786 3.24784 1.29274 0.619459 1799.59 654.704 80.4723 61.1891 2.66495 1.13302 1.53193 0.244628 1144.89 19.2832 387.057 211.097 189.227 89.1656 100.061 83.8512 49.0291 30.0418
internal_count=249938 72939 72936 70339 126 176999 172214 19071 1007 498 212 59 153143 84157 9227 8010 275 131 144 59 68986 1217 4785 3423 3092 889 2203 823 1475 921
is_linear=0
shrinkage=0.05


Tree=71
num_leaves=31
num_cat=0
split_feature=10 6 12 3 28 1 10 2 1 27 2 9 15 30 29 29 13 10 2 4 9 3 2 12 15 27 13 12 13 15
split_gain=29.3825 36.4943 8.32333 7.32188 7.0085 11.3306 11.8699 17.0407 10.4642 21.2339 24.5054 16.1348 16.1418 11.205 10.2742 10.4917 16.6285 19.2092 20.3869 13.9998 13.674 15.5454 9.90241 9.40555 10.4005 9.10979 10.1258 13.4866 83.5002 172.097
threshold=0.00098981349829833031 0.0096010254535711225 0.017924999999999785 -0.012564116124296863 -0.024004450722532836 0.0067756558171472312 0.0013991963754808867 -0.0068170546597348105 -0.0010547182444632928 0.11392585543352569 0.010102202347630819 0.19012649942181856 0.4999999500000073 -2.6700544439059786 0.040178508525749675 0.016139954009092853 321.50000000000006 0.0046291536157656177 -0.0093756972065081583 0.0053255649905826347 1.9527167717243497 -0.063219883902429927 -0.0084958164501495719 0.066457142857143034 0.62499984375002116 1.4959932585728313 298.50000000000006 0.064292857142858179 363.50000000000006 0.87804876799522391
decision_type=2 2 2 2 2 2 2 2 2 2 2 2 2 2 2 2 2 2 2 2 2 2 2 2 2 2 2 2 2 2
left_child=1 2 3 -1 22 8 7 -7 14 10 -10 -12 -13 -14 15 -6 20 18 -18 -20 21 -17 -2 24 -11 -26 -27 -28 -29 -30
right_child=4 -3 -4 -5 5 6 -8 -9 9 23 11 12 13 -15 -16 16 17 -19 19 -21 -22 -23 -24 -25 25 26 27 28 29 -31
leaf_value=0.18433705878940013 0.0088693898084196456 1.812389003016206 -0.037150068961816399 0.0045789008085964453 0.0033688506501100657 0.35753807577281482 0.0031269836652669542 0.048714466702154284 0.0052107419563903537 -0.014164271626741502 0.015102838229224437 0.24719878022737021 -0.055719377403831753 0.13236330425191034 -0.0051703007153185918 0.29146056548627935 0.55241639131073395 0.022963353185875647 -0.050600830187240445 0.37643532990851847 0.1966481953605308 -0.016071868736440689 -0.028883355108545145 -0.014422728878007343 -0.0080726232510524767 0.043560296603994637 -0.004583328631165672 -0.050472846119843408 4.5233113366851709 -0.050813753718104621
leaf_weight=0.62613956502173085 313.95789503725246 0.026826804503797486 69.906595325155649 5.9454596990835844 573.98654694727156 0.48638973059132684 923.84401266579516 5.472870316298212 39.737552814651281 77.816322796803433 4.1839076502947119 2.3028735565021634 1.0900395293720069 2.894858343526721 553.33427441521781 0.4332874007523041 0.49519341217819601 1.2020156830549238 0.42612697003642031 0.34920764237176627 0.98582901852205473 7.961377158877438 18.3865866381675 453.64244548138231 38.446195752942003 29.53516125830356 24.852435690583665 0.38947888440452416 0.032798011554405093 0.055126279941760004
leaf_count=33 2770 1 70341 2564 35990 24 18558 992 1443 10378 69 34 18 48 32880 8 31 11 199 13 16 496 195 57694 6023 2430 6468 167 22 22
internal_value=-0.000837884 -0.0314459 -0.0320927 0.0217062 -7.66878e-05 -0.000907253 0.00358071 0.0739204 -0.00320746 -0.00814074 0.0231423 0.0911882 0.141816 0.0809147 -0.000284407 0.00433039 0.0508933 0.166245 0.301799 0.141735 0.0204886 -0.0001987 0.00678076 -0.0106548 -0.000666306 0.0105902 0.0236681 0.000473333 0.263711 1.65545
internal_weight=3152.81 76.505 76.4782 6.5716 3076.3 2743.96 929.803 5.95926 1814.15 674.979 50.2092 10.4717 6.28777 3.9849 1139.17 585.84 11.853 2.47254 1.27053 0.775335 9.38049 8.39466 332.344 624.77 171.128 93.3112 54.865 25.3298 0.477403 0.0879243
internal_count=249938 72939 72938 2597 176999 174034 19574 1016 154460 84816 1612 169 100 66 69644 36764 774 254 243 212 520 504 2965 83204 25510 15132 9109 6679 211 44
is_linear=0
shrinkage=0.05


Tree=72
num_leaves=31
num_cat=0
split_feature=11 11 22 5 18 3 13 28 13 3 5 5 2 2 27 28 3 11 14 5 18 14 29 10 3 3 11 18 10 28
split_gain=45.9463 8.26641 8.20471 11.2242 8.41237 7.46241 7.58668 7.97195 13.0589 17.7986 18.7603 6.52428 6.14592 8.22146 5.87892 13.5259 27.3487 9.99592 10.8137 12.3051 23.7098 7.51518 6.91199 10.584 5.82345 5.52236 6.41066 5.46536 5.30514 4.78611
threshold=0.0015653853004523601 0.0029643598708325122 1.0000000180025095e-35 0.0060428549923464961 0.015592335813571379 0.01589304928931368 267.50000000000006 -0.0027262262276873421 234.50000000000003 -0.0045064094100641374 0.00018721157718033806 0.0063694267515923874 -0.0016765233281300638 -0.0015088142851812367 8737.5000000000018 0.0095598839736321887 0.0060644853343901914 0.0024536597395294715 69.500000000000014 0.0020576131687243151 0.00095953160907018785 78.500000000000014 10.378594269154865 0.0019307901080025845 -0.012564116124296863 -0.030729184804047512 0.0024780141326933894 0.0037775988571780582 0.0049033396594214225 0.017785167031727767
decision_type=2 2 2 2 2 2 2 2 2 2 2 2 2 2 2 2 2 2 2 2 2 2 2 2 2 2 2 2 2 2
left_child=5 2 4 12 14 6 7 8 -1 24 -11 -12 28 -14 25 22 -17 18 -18 20 21 -20 -16 -24 -10 26 -2 -21 -4 -27
right_child=1 -3 3 -5 -6 -7 -8 -9 9 10 11 -13 13 -15 15 16 17 -19 19 27 -22 -23 23 -25 -26 29 -28 -29 -30 -31
leaf_value=5.466316031965456e-05 0.17439671371490792 0.00085791909725704005 -0.052798597453438539 0.26069943874328194 0.13594041299759149 0.098381221114758069 -0.045168948049719077 -0.030579614764339187 0.25406150810580835 1.26080201426284 -0.050207237279676555 0.62020188475224369 0.42276017715874242 -0.050173241192910473 -0.041589638789296779 0.64866936331586478 -0.050871324504019537 -0.022355043921974467 0.34440501945705726 -0.050995196042438101 0.75707678619528629 -0.050768545227502793 0.28225636846051844 -0.053377935990089879 -0.050533181954472463 -0.013797887202429067 -0.010458137085940844 0.21519134953629238 0.13556894158994823 0.13980155645107983
leaf_weight=1.7139544384554031 0.84895469481125374 2846.8169828222599 1.6182983571779925 0.62662524031475175 0.98019544035196204 0.98346083733485912 70.865578290191479 4.5912195607670574 0.31829201889922853 0.076173331704921798 0.071104930713772774 0.074119500815868378 0.20547038567019626 0.16624625487020139 5.3282709590857831 0.21372148138470981 0.53696539805969301 1.7016139456536619 0.24985013838158898 0.41750698117539287 0.24640246812487021 0.23204969125799835 0.44554313668049861 0.49678448255872354 0.30950758920516819 208.7496607475332 1.047959341201931 0.35834608296863735 0.48605460673570622 0.50839334959164162
leaf_count=55 38 67888 305 27 10 308 107420 1412 42 6 68 1 5 79 1968 22 110 146 16 60 15 51 26 29 206 69534 57 4 3 27
internal_value=-0.000840123 0.000128029 -0.00908788 0.0716585 -0.0102146 -0.0384896 -0.0402149 0.00885611 0.0794949 0.239831 0.625293 0.291956 0.0238174 0.211246 -0.0108617 0.0261614 0.0985517 0.0671383 0.141746 0.210508 0.358113 0.154117 -0.0195134 0.105314 0.103895 -0.0126549 0.0722728 0.0719494 -0.00929025 -0.0134247
internal_weight=3151.29 3072.28 225.465 3.10269 222.362 79.0034 78.0199 7.15437 2.56315 0.849197 0.221398 0.145224 2.47607 0.371717 221.382 10.2271 3.95646 3.74273 2.04112 1.50416 0.728302 0.4819 6.2706 0.942328 0.6278 211.155 1.89691 0.775853 2.10435 209.258
internal_count=249938 140420 72532 419 72113 109518 109210 1790 378 323 75 69 392 84 72103 2447 424 402 256 146 82 67 2023 55 248 69656 95 64 308 69561
is_linear=0
shrinkage=0.05


Tree=73
num_leaves=31
num_cat=0
split_feature=11 11 12 12 25 10 10 7 12 10 10 12 15 12 12 14 13 7 13 4 29 2 3 2 8 13 11 15 3 10
split_gain=43.3482 7.64921 11.2228 9.68545 11.8483 12.5956 9.11194 8.78656 9.6328 10.2688 10.2743 18.776 27.9489 14.9473 18.3014 11.0907 13.3958 12.0382 9.44241 12.0896 11.572 9.77933 11.6407 9.96157 9.32697 8.67842 10.4689 9.41824 15.6865 22.4357
threshold=0.0015653853004523601 0.0082923761618030525 0.076800000000000937 0.071214285714285966 1.0000000180025095e-35 0.0083703855058075271 0.0083703855058075271 0.00093283914222713836 0.053321428571428527 0.0012201356519966871 0.0013306581659930916 0.097425000000000206 0.99999991670136701 0.086928571428572618 0.089971428571429771 75.500000000000014 316.50000000000006 0.00065487884741323411 249.50000000000003 0.0050360545384118046 19.556456923321111 0.033052746219851221 0.055482960779621567 -0.05428214364953942 0.69392305678287858 282.50000000000006 0.0061986550367212232 0.055467200928964337 -0.012186355029281169 0.0073658435859296385
decision_type=2 2 2 2 2 2 2 2 2 2 2 2 2 2 2 2 2 2 2 2 2 2 2 2 2 2 2 2 2 2
left_child=-1 6 3 -3 -5 -6 7 8 -2 -10 11 12 13 15 -15 16 -11 -18 19 -12 24 23 -23 -20 -21 26 -25 28 -27 -30
right_child=1 2 -4 4 5 -7 -8 -9 9 10 18 -13 -14 14 -16 -17 17 -19 21 20 -22 22 -24 25 -26 27 -28 -29 29 -31
leaf_value=-0.038089095907885291 0.0036812536585566439 0.0090621151268585245 0.00085473824522489287 0.024795982265224906 0.20376976827982451 0.045908821625605278 -0.010857927889029024 0.0043225288410675957 -0.038768014020052637 1.0610242367051699 -0.0062901569942323144 -0.00047082856554455613 1.02205008950113 0.96742632073266965 0.22537467474572526 -0.050311525135080575 -0.050229357292329593 0.46125271870781975 0.52627432337944735 -0.0044677742698533271 -0.053787360464387479 0.094626750780043289 -0.038587357475070382 -0.027652909925624282 0.045625168918689799 -0.023197991437347954 -0.00086234148946043418 -0.0097377010856520216 0.03853565168357187 0.39979866996880542
leaf_weight=76.075926112767775 291.9297303041094 202.6242231731303 1159.0712490901351 23.442787278443578 2.0722014685161403 3.2381942942738533 254.91733864229172 555.012032971601 25.05194793024566 0.044957771839108096 96.905913258728106 4.9947227138327435 0.093163622019346692 0.098240364110097178 0.5388461563270539 0.96288807678502053 0.28237591421930119 0.19412280421238393 0.085981063544749214 12.977949101012198 4.367623731493949 4.601653467398136 2.5479012569412589 128.81669425044674 32.721279718331061 13.420661351527086 50.863142072455958 179.48984108766308 20.279205214174002 0.43907090276479621
leaf_count=109518 22613 2028 18398 240 26 23 4035 28733 10936 12 3941 1985 27 32 102 380 186 31 1 265 89 65 25 16660 649 828 2367 23152 2586 5
internal_value=-0.000805323 0.000117957 0.00286174 0.0129157 0.0400721 0.107509 -0.00215072 -0.000594972 -0.00372592 -0.00745558 -0.00604148 0.0532591 0.17444 0.137217 0.339801 0.0502666 0.235988 0.158145 -0.00682231 0.00401745 0.0239681 -0.0107998 0.047153 -0.011853 0.0313995 -0.0119706 -0.0200691 -0.00515913 0.0189133 0.0461917
internal_weight=3148.16 3072.09 1390.45 231.377 28.7532 5.3104 1681.64 1426.72 871.708 579.778 554.726 7.20932 2.21459 2.12143 0.637087 1.48434 0.521456 0.476499 547.517 146.973 50.0669 400.544 7.14955 393.395 45.6992 393.309 179.68 213.629 34.1389 20.7183
internal_count=249938 140420 20715 2317 289 49 119705 115670 86937 64324 53388 2755 770 743 134 609 229 217 50633 4944 1003 45689 90 45599 914 45598 19027 26571 3419 2591
is_linear=0
shrinkage=0.05


Tree=74
num_leaves=31
num_cat=0
split_feature=11 11 12 10 10 3 9 3 4 2 6 4 6 29 1 28 3 4 3 27 2 28 11 11 12 29 27 0 12 3
split_gain=40.9578 8.96259 10.9223 12.379 11.2523 7.66045 9.36161 7.64341 10.6239 8.00412 9.40831 13.776 9.473 22.1861 10.5504 25.4338 11.5805 43.5878 97.0909 22.2597 18.0844 12.892 18.7659 22.7445 10.1376 10.9235 7.21301 6.70978 6.68537 15.3905
threshold=0.0014007099810647056 0.0026783675915468623 0.017924999999999785 1.0000000180025095e-35 0.0018530797814505855 -0.012564116124296863 2.143439732744127 -0.030729184804047512 0.0028367995662652991 -0.0027259859864685594 0.0013495276653172222 0.0029142201738386413 0.0013689007371287835 10.378594269154865 0.0035431750644995268 0.0084707170493380016 -0.0037905068090474665 0.0032435816685295132 -0.0050833783787658229 0.21767565223567312 -0.0018935948684447033 0.0020303998487371995 0.0017024730924246028 0.0016568804513155063 0.053321428571428527 1.6858520747398553 26.039222567793033 -0.00012690025459904938 0.89367857142857299 0.00082473255513693122
decision_type=2 2 2 2 2 2 2 2 2 2 2 2 2 2 2 2 2 2 2 2 2 2 2 2 2 2 2 2 2 2
left_child=5 2 4 -4 26 6 -1 8 -5 -9 28 -12 13 -13 15 16 17 18 20 -19 -14 -18 23 27 25 -24 -2 -23 -11 -30
right_child=1 -3 3 7 -6 -7 -8 9 -10 10 11 12 14 -15 -16 -17 21 19 -20 -21 -22 22 24 -25 -26 -27 -28 -29 29 -31
leaf_value=-0.050796727535003694 0.077630581942650406 0.0006942165064255019 0.6384756564848113 0.31392118478784248 -0.02323926064959286 -0.044378290662248542 0.25720350282548277 -0.030700613599182511 0.018460383150482224 -0.015560722901252551 -0.051110360109465104 -0.050206781630674283 1.1567274224284774 0.92883296869623944 -0.0017489525143415303 0.84601758359957635 -0.050762213364768674 0.62554404037701694 2.6780973036558939 -0.050352248835308422 -0.050414778709820189 0.4159629752452918 0.44347477344429642 1.1807101746746287 -0.017067042901450762 0.047618418980595753 -0.050909768358495193 -0.051416596898559465 0.23217435003202747 -0.050246771328296226
leaf_weight=0.51779425941640411 8.7183485476416553 2901.7197721980046 0.072551565244792893 0.40883395913988252 6.4449997313204213 58.047515202080831 0.47124108835123479 58.542571847618092 1.189283187035471 90.825484146072995 3.8871407576370975 0.13415846589486946 0.041408716992009431 0.10175481997430325 4.9140981988166459 0.11157193570397783 1.8947170826722866 0.14767986116930842 0.054978475149253248 0.6955174685572274 0.12374043033923954 0.2120255253976211 0.30135636235354502 0.081074801506474614 1.3938319008448159 0.41324686515145004 1.2475563299376506 0.1203949723276313 0.8842816868564104 1.0614023503731003
leaf_count=563 894 75740 10 21 672 92040 53 25509 43 48940 1892 55 16 2 920 29 516 22 23 191 45 20 23 13 358 20 230 67 424 587
internal_value=-0.000773654 1.56126e-05 -0.0106847 -0.0144963 0.0282447 -0.0420273 0.0959547 -0.014779 0.0940458 -0.0158271 -0.00771967 0.0295476 0.058736 0.372076 0.0516997 0.0986727 0.0834568 0.231592 0.858129 0.0680261 0.252258 0.0477928 0.121837 0.429824 0.0614359 0.214556 0.0615396 0.246689 -0.0135962 0.078109
internal_weight=3144.78 3085.74 184.024 167.613 16.4109 59.0366 0.989035 167.541 1.59812 165.942 107.4 14.6287 10.7416 0.235913 10.5056 5.59154 5.47997 1.06332 0.220128 0.843197 0.165149 4.41665 2.52193 0.413495 2.10844 0.714603 9.9659 0.33242 92.7712 1.94568
internal_count=249938 157282 81542 79746 1796 92656 616 79736 64 79672 54163 4212 2320 57 2263 1343 1314 297 84 213 61 1017 501 100 401 43 1124 87 49951 1011
is_linear=0
shrinkage=0.05


Tree=75
num_leaves=31
num_cat=0
split_feature=11 6 6 12 30 4 30 6 10 1 30 30 9 11 6 5 15 1 9 12 0 4 2 15 27 20 30 30 3 12
split_gain=43.5704 8.34489 7.97188 8.23566 8.70915 7.3775 8.28188 8.8681 12.7158 20.7437 23.4769 29.2385 14.868 21.6926 38.0514 24.608 18.3636 12.0544 11.7834 9.22193 19.8471 11.3614 9.08151 10.6745 10.2558 10.0203 8.87031 9.38698 11.7581 8.16734
threshold=0.0014007099810647056 0.00083145678256730355 0.00031154247599313401 0.017924999999999785 -0.71935525475389339 0.002516394167017546 -0.93151452983297378 0.001081741820731975 0.002362992412070409 -0.0078683444998504642 -0.83118661474818312 -0.8805966567892155 0.48780936330944685 0.0032825797116424996 0.00093093073854064211 0.0017646140586257302 0.93212079721107244 -0.0095169875337254278 0.91515384399367095 0.052771428571428539 0.0026929542531367594 0.0026954177897574949 -0.015500991708702226 0.95774646538385133 3.9537029310346639 1.0000000180025095e-35 -0.065875938804455567 0.024066857796053057 0.004141726979404404 1.3763321428571416
decision_type=2 2 2 2 2 2 2 2 2 2 2 2 2 2 2 2 2 2 2 2 2 2 2 2 2 2 2 2 2 2
left_child=-1 2 -2 4 -4 -3 -7 8 9 17 11 -11 13 -12 -15 -16 19 -8 -19 20 21 -14 25 -24 -25 26 -10 -28 -29 -9
right_child=1 5 3 -5 -6 6 7 29 22 10 12 -13 16 14 15 -17 -18 18 -20 -21 -22 -23 23 24 -26 -27 27 28 -30 -31
leaf_value=-0.0433219466856965 0.00031150325399860901 -0.015500444916782369 -0.051575562413849731 -0.0090530858155964313 0.19756190350736999 -0.00086709115468138268 0.10801354576817862 0.0070474368326410063 -0.029510917066795345 -0.050353257317406287 -0.050380167575293289 1.4341305662589603 0.60413927205163365 -0.050565911785381515 1.0304937290075091 0.24047612474272434 0.34967730407539416 0.18441045962076538 0.56291249603882532 -0.028036334084728401 0.72262911084073922 -0.050757250822236123 6.6483261700793367e-05 0.17865758936129353 0.0032704411596297701 0.17053280457968348 0.18771085663611992 0.022177401779219813 0.18638534373933904 -0.015352538814953055
leaf_weight=56.412823069957085 1397.6756948338007 47.206664714089129 0.54904803715180606 313.74195501615759 0.97140475723426678 453.45905697142007 0.93736247753258795 746.49693750648294 3.9244901291094729 0.065346315212082118 0.51685056375572258 0.06736402667593111 0.076394343574065604 0.29940304881893098 0.23114376165904105 0.17185646807774901 0.37332222657278169 0.41875509603414574 0.40400425007101148 6.6395981579553336 0.12906766525702551 0.49752008094219491 52.061571740312502 1.6936447303742164 1.6412512473762033 1.5060726292431361 1.2359506059437979 9.0783019135706109 1.2389285108074535 43.03976851166226
leaf_count=92315 78083 10405 61 34393 78 10078 61 18786 83 23 131 17 29 35 20 23 17 25 19 1505 12 113 2026 22 23 15 22 187 24 930
internal_value=0.000223602 0.00101954 -0.00130849 -0.00849051 0.107596 0.00392308 0.00461447 0.00746256 0.022988 0.0735233 0.0430333 0.703174 0.0332285 0.195481 0.376393 0.693597 0.00758958 0.230603 0.370268 -0.00980335 0.162405 0.0364167 0.015428 0.0056215 0.0923417 0.0474143 0.0354341 0.0574952 0.0418961 0.00582635
internal_weight=3142.76 3086.35 1712.94 315.262 1.52045 1373.41 1326.2 872.745 83.2082 10.828 9.06787 0.13271 8.93516 1.21925 0.702403 0.403 7.7159 1.76012 0.822759 7.34258 0.702982 0.573914 72.3802 55.3965 3.3349 16.9837 15.4777 11.5532 10.3172 789.537
internal_count=249561 157246 112615 34532 139 44631 34226 24148 4432 2030 1925 40 1885 209 78 43 1676 105 44 1659 154 142 2402 2071 45 331 316 233 211 19716
is_linear=0
shrinkage=0.05


Tree=76
num_leaves=31
num_cat=0
split_feature=11 11 12 0 6 16 3 30 4 7 6 12 9 0 7 0 1 27 9 13 1 9 3 30 6 12 13 13 13 9
split_gain=41.063 7.50842 10.8771 11.6789 8.90586 7.82464 8.76173 7.68197 9.11667 19.3533 13.0734 13.7512 11.0903 23.4399 11.8784 10.33 14.5335 14.6106 16.919 9.05202 7.67875 7.364 7.16873 15.9214 7.88569 7.99836 7.7266 8.75056 10.099 9.30906
threshold=0.0014007099810647056 0.0020437953083991245 0.070392857142857215 -0.0056624509689143778 0.0040297278915877683 1.0000000180025095e-35 -0.0024600020196120505 -0.73965423171355338 0.0024953524094647531 0.0023712723563625248 8.9885620593223997e-05 0.038071428571428034 0.90975726386777434 -0.00075498893277087243 0.00091214521372879264 0.0061447346212327733 0.010127747991394711 26.039222567793033 0.13081753484333769 154.50000000000003 0.01925682401022866 4.3949495613287137 -0.00077399380804948892 -10.261497839019588 0.0025125628140704177 0.030828571428571906 33.500000000000007 127.50000000000001 238.50000000000003 0.14364491052400366
decision_type=2 2 2 2 2 2 2 2 2 2 2 2 2 2 2 2 2 2 2 2 2 2 2 2 2 2 2 2 2 2
left_child=-1 2 -2 -4 -5 7 20 19 9 10 15 12 14 -14 -12 -9 17 18 -17 -3 -7 -10 23 -8 25 -25 -24 -28 29 -29
right_child=1 5 3 4 -6 6 22 8 21 -11 11 -13 13 -15 -16 16 -18 -19 -20 -21 -22 -23 26 24 -26 -27 27 28 -30 -31
leaf_value=-0.043001091091897814 0.0049559711329568365 0.015560783496010592 0.55774292348279297 -0.042029784626444994 0.19721209928381128 -0.015338843813164346 0.25007036997530185 -0.00025975919108113369 0.0063958894208648344 0.36599718549503707 0.0039478177774752432 -0.027072380703596539 0.4445214104374115 -0.050716679973482427 0.36495401202749872 0.12023915827761292 -0.0077867212502112622 0.19798108388774271 -0.029517156614822151 -0.0032348588072814068 0.01712805910949855 0.10692431551439406 0.045953434079895716 0.09877337894842958 0.16629761705029331 -0.0089577085935850561 -0.027945057547634003 -0.014897542998175185 -0.0043742610003800224 0.026131012422989753
leaf_weight=54.051946394349216 30.030867209483404 70.392399584874511 0.082224243204111924 30.25360991089838 0.39405945152975519 186.61913871415891 0.82278530369512637 304.53901750937803 1264.821924982476 0.35672669089399178 4.4759828719543284 70.659746294026263 0.50225226976908743 0.45572004839777935 0.24008322786539782 3.9322374965995568 8.9362395554780942 2.0828109160065651 3.6243413779884577 711.821109362063 20.181030227802694 1.824324995279311 8.6786446422338468 2.1252193944528672 0.88699867436662394 9.1009270231006649 29.33707457408309 18.106721688061953 244.90837984869722 58.468458024784923
leaf_count=92315 19907 776 21 34276 21 6154 23 12952 38113 9 416 11577 29 78 24 41 88 17 39 21270 189 30 88 61 20 606 301 221 9234 665
internal_value=0.00020274 0.000958812 -0.016444 -0.0373571 -0.0389537 0.00130803 -0.00391796 0.00254425 0.00446295 -0.00211961 -0.00244836 -0.0210587 0.053831 0.20893 0.0223257 0.00194821 0.0381469 0.0807298 0.0484119 -0.00154341 -0.0121705 0.00654068 0.000664384 0.0372336 0.0227767 0.0114368 -0.000651494 -0.00180441 0.00058106 0.0164295
internal_weight=3142.71 3088.66 60.7608 30.7299 30.6477 3027.9 579.235 2448.66 1666.45 399.805 399.448 76.3338 5.67404 0.957972 4.71607 323.115 18.5756 9.63939 7.55658 782.214 206.8 1266.65 372.435 12.9359 12.1131 11.2261 359.499 350.821 321.484 76.5752
internal_count=249561 157246 54225 34318 34297 103021 17562 85459 63413 25270 25261 12124 547 107 440 13137 185 97 80 22046 6343 38143 11219 710 687 667 10509 10421 10120 886
is_linear=0
shrinkage=0.05


Tree=77
num_leaves=31
num_cat=0
split_feature=11 11 12 18 30 9 13 4 12 7 10 8 8 11 9 29 7 1 27 3 12 1 12 28 13 14 12 11 28 27
split_gain=38.697 6.90026 10.4533 8.37329 7.06727 8.74116 8.5029 7.10714 11.8315 11.1787 10.5721 8.16243 9.71754 11.306 12.4328 7.91115 21.7239 7.67171 8.39755 7.85791 12.7101 22.2495 21.7122 31.8674 11.7515 34.8493 10.4775 10.3856 18.7168 17.3213
threshold=0.0014007099810647056 0.0020437953083991245 0.017924999999999785 0.0044052863436124185 -0.9841830812645721 1.1493490709496346 154.50000000000003 0.0024953524094647531 0.26248571428571288 0.0023712723563625248 0.017784944860684843 1.2202333677455897 2.5301099320715674 0.002775566898868325 1.4510772601295774 0.97054275034909687 0.0011109653826934147 -0.035994213137366275 0.90299396624450989 0.036413637049100285 0.15382857142857151 0.0095720990206248375 0.13460714285714157 0.0061469107103613802 204.50000000000003 212.50000000000003 0.14307500000000065 0.0063525160674210348 0.007616992024055462 1.4783275493008998
decision_type=2 2 2 2 2 2 2 2 2 2 2 2 2 2 2 2 2 2 2 2 2 2 2 2 2 2 2 2 2 2
left_child=-1 2 -2 -4 5 -3 -7 8 9 -6 -10 15 -13 14 -14 17 -17 18 -9 -19 21 22 -21 -24 25 -22 -25 28 -26 -30
right_child=1 4 3 -5 7 6 -8 11 10 -11 -12 12 13 -15 -16 16 -18 19 -20 20 24 -23 23 26 27 -27 -28 -29 29 -31
leaf_value=-0.04266929976503326 0.041851564375001246 -0.010590902495865084 -0.02842098744739166 0.056706445370640582 0.00039549201936486637 0.020650176303776011 -0.0010870204093085373 -0.0049254021519446346 -0.031207512858628963 0.23234236406800682 0.020424615726672198 -0.0049961761806133695 0.40314900541274024 0.023897522623602813 0.039109659622636052 -0.055545091052061735 0.20647726928769858 0.0048520893488130865 -0.064761836483808802 0.052469064092327322 0.17251784433537695 0.0079944423992866134 -0.013636136959365254 0.44562310621287743 0.26324869840683313 0.0118846704195202 0.20757422095441391 -0.00057696027944966692 -0.05531347338962557 0.076222236542715857
leaf_weight=51.805627343710512 6.9241835191496639 242.365123017109 49.796364765963517 3.06655317347031 487.66326038842089 48.556255091913044 612.25269722111989 36.41492853872478 54.517750051163603 0.52001815289258857 12.118033815175293 287.87698542687576 0.42325110500678675 16.245434379670769 0.52602248848415911 1.4743029801174992 1.7068848761264233 981.73556486971211 6.9889203421771517 24.578166805207733 4.1622426509857204 35.342038050759584 1.1320282642263912 0.89848890434950568 0.93142075045034189 17.885359467938542 0.95200926531106234 142.06898498395458 3.8688268112018687 7.088726110290736
leaf_count=92315 1114 7827 52921 190 23881 452 15757 276 6816 10 129 9459 10 255 48 37 29 34045 77 334 26 307 20 19 22 109 29 2819 77 151
internal_value=0.000186542 0.000905026 -0.0159162 -0.0234828 0.0012369 -0.00246874 0.000510229 0.00281032 -0.00205503 0.000642564 -0.021818 0.00452716 -0.00281525 0.0336982 0.201423 0.00629476 0.0850445 0.00609658 -0.0145603 0.0068311 0.0149633 0.0342544 0.0679285 0.195326 0.00806889 0.0422097 0.323156 0.00317975 0.0480711 0.0297804
internal_weight=3141.89 3090.08 59.7871 52.8629 3030.29 903.174 660.809 2127.12 554.819 488.183 66.6358 1572.3 305.072 17.1947 0.949274 1267.23 3.18119 1264.05 43.4038 1220.64 238.908 62.9027 27.5607 2.98253 176.006 22.0476 1.8505 153.958 11.889 10.9576
internal_count=249561 157246 54225 53111 103021 24036 16209 78985 30836 23891 6945 48149 9772 313 58 38377 66 38311 353 37958 3913 709 402 68 3204 135 48 3069 250 228
is_linear=0
shrinkage=0.05


Tree=78
num_leaves=31
num_cat=0
split_feature=11 11 12 6 0 30 9 13 10 28 12 13 2 15 5 3 6 3 13 7 6 1 15 10 12 3 28 12 11 12
split_gain=36.7649 8.17658 13.0997 7.48526 6.50676 6.35559 7.97202 7.57613 6.95232 13.735 8.19663 7.61849 11.5923 9.44773 7.42225 12.126 6.78985 8.0767 7.94492 7.87966 11.7075 9.22075 12.0993 9.21465 7.61031 9.17954 15.072 15.7438 12.7659 13.9063
threshold=0.0012675410501146219 0.0020437953083991245 0.070392857142857215 0.0040297278915877683 -0.0056624509689143778 -0.9841830812645721 1.1493490709496346 154.50000000000003 0.0024646919009001195 0.0013320054957793484 0.58857500000000085 127.50000000000001 0.019529795283389721 0.39999997333333104 0.0067581233299180855 0.033925586389230052 0.00070472163495424072 -0.025339044869186807 369.50000000000006 0.0024503235228689967 9.3568234280489197e-05 -0.013425361447768234 0.10648148049555045 0.025143550627858641 1.3763321428571416 0.074948097006539829 0.00086396127931046257 0.76804999999999846 0.012350785026408044 0.65427142857142795
decision_type=2 2 2 2 2 2 2 2 2 2 2 2 2 2 2 2 2 2 2 2 2 2 2 2 2 2 2 2 2 2
left_child=-1 2 -2 4 -4 6 -3 8 9 -8 11 14 13 -13 15 -10 19 18 -18 20 -7 -21 -23 -24 25 28 27 -27 -19 -30
right_child=1 5 3 -5 -6 16 7 -9 10 -11 -12 12 -14 -15 -16 -17 17 24 -20 21 -22 22 23 -25 -26 26 -28 -29 29 -31
leaf_value=-0.047720215295800048 0.0051226254538638862 -0.010150604025301851 0.29180250141691405 0.16355132921212337 -0.042709434090005494 0.0010749912022071128 0.13667559650518313 -0.0010335699456926733 -0.016199819350323857 -0.06001586613567516 0.07048848982000451 0.034512174413005553 0.084299095360419601 -0.05937695196244578 -0.041951938274858665 0.1082146254317677 -0.0026091593137044342 0.01043843783811556 0.071802232555422188 -0.015866846527605751 -0.01255041330894145 0.18896925076122592 0.011905584844309463 0.091004150493541977 -0.018053748506150852 0.047707417959147312 0.019512676550932324 0.21705372015377875 -0.02108603837735 0.03446630809594263
leaf_weight=39.569276685564546 35.121258768427651 240.28841608040966 0.14601252286229183 0.45224258257076044 33.152182327787159 790.77451179653872 3.0758866108953944 611.73286638385616 7.3562984699383396 1.2475418820977209 5.5362849943339816 7.2637557741254586 6.2883393913507453 4.2454046448692679 11.486838888376949 2.6690404266119003 266.93845894315746 536.89164136664476 3.6360215898603192 28.579052759334445 196.91080271149985 0.99559545516967674 136.10445539164357 3.784358710050582 25.882663616910577 4.4094762173481277 57.097906967159361 1.9926742846146224 63.781914829742163 13.681937418878077
leaf_count=77389 25732 7827 21 25 43373 28566 50 15757 100 24 32 65 34 39 87 21 4556 22380 37 302 17820 9 2814 27 827 39 548 27 792 241
internal_value=0.000170881 0.000781876 -0.0162538 -0.0384984 -0.0412426 0.00116876 -0.00235144 0.000484149 0.0193666 0.0799195 0.0135289 0.00550688 0.029707 -0.000120876 -0.0145144 0.016923 0.00265711 0.00573255 -0.00160921 6.76116e-05 -0.00164145 0.0100286 0.0152816 0.0140454 0.00855532 0.00957134 0.0276695 0.100417 0.0077007 -0.0112742
internal_weight=3141.09 3101.52 68.8717 33.7504 33.2982 3032.65 901.191 660.902 49.1694 4.32343 44.846 39.3097 17.7975 11.5092 21.5122 10.0253 2131.46 974.313 270.574 1157.15 987.685 169.463 140.884 139.889 703.738 677.856 63.5001 6.40215 614.355 77.4639
internal_count=249561 172172 69151 43419 43394 103021 24036 16209 452 74 378 346 138 104 208 121 78985 29447 4593 49538 46386 3152 2850 2841 24854 24027 614 66 23413 1033
is_linear=0
shrinkage=0.05


Tree=79
num_leaves=31
num_cat=0
split_feature=11 11 12 16 28 13 6 0 12 12 13 6 29 13 12 21 11 7 8 15 8 12 8 5 7 0 8 29 14 0
split_gain=35.0118 8.21118 13.5144 6.89651 10.6978 9.25172 9.43184 9.02753 7.66141 11.8797 13.7577 18.025 7.55019 8.23952 10.7175 7.53455 7.36099 8.04076 7.05045 7.10563 8.27137 6.729 6.68223 6.65491 7.2007 6.46325 6.35114 10.1123 14.7222 10.4789
threshold=0.0012167374415285686 0.0020437953083991245 0.070392857142857215 1.0000000180025095e-35 -0.001524977235051605 242.50000000000003 0.0024278228274629194 0.0031785764643207375 0.053321428571428527 0.051500000000001787 290.50000000000006 0.00083145678256730355 -0.88653365326501588 297.50000000000006 0.043571428571428587 1.0000000180025095e-35 0.017687831928674552 0.0010159899595737888 0.12457783331201257 0.9999999918015986 1.8072112984039774 0.27089285714285749 0.44803070782921389 0.0054916228565528068 0.00036100535867009017 0.0030660987721876647 0.19035159353048223 -0.7514999079021818 118.50000000000001 0.0029645253470560466
decision_type=2 2 2 2 2 2 2 2 2 2 2 2 2 2 2 2 2 2 2 2 2 2 2 2 2 2 2 2 2 2
left_child=-1 2 -2 -3 12 6 15 -8 9 25 11 -11 13 22 -15 18 17 -9 -6 20 21 -20 -5 -4 -25 26 -7 28 -28 -29
right_child=1 3 23 4 5 8 7 16 -10 10 -12 -13 -14 14 -16 -17 -18 -19 19 -21 -22 -23 -24 24 -26 -27 27 29 -30 -31
leaf_value=-0.050108031763518017 0.0048983413435850489 0.0022616470031315778 -0.041380965263639706 -0.012111910685368051 -0.032402402220248698 -0.052424288267892263 0.12475952916105255 0.014784521667665217 -0.0097653279212143174 0.064698678942408411 0.01677124052271128 0.41633661991603815 -0.018972386065511798 0.0018802415156306271 0.2516366140527409 0.04802829972973529 -0.015811515367786879 0.087719208538837343 0.016017754517633365 0.057003103143188155 -0.0237058113126319 -0.027699240392842633 0.069771625104742649 -0.051850409310378112 0.32602424296901666 -0.007974806638556738 0.063864273460415483 0.0096993290544303244 0.33094238260718467 0.19557777045468838
leaf_weight=34.264603214163799 36.973952220287174 2457.1964399336139 33.763468627439579 12.16716136748437 13.743556926958261 2.1936714265029904 2.6923526916652945 8.5786886811256426 210.08136873703916 0.85227418050635539 2.1205466799438 0.63669236842542887 137.31892551318742 0.90837345412000903 0.81485260440967977 9.2943197386339289 6.730754315853118 6.7541421838104716 67.104333890136331 6.3350086249411097 23.298860532231629 10.131079662591217 3.1331349434331051 0.24631799478083749 0.25825259275734425 35.038369532674551 2.503525970969354 13.604555402067485 0.64993632596451778 0.80297493794933039
leaf_count=71511 27962 85459 47023 165 161 111 32 75 8968 44 71 16 4037 33 20 86 39 46 903 61 299 133 47 31 13 1031 120 1005 21 38
internal_value=0.000157687 0.000712219 -0.0160668 0.00110612 -0.0038106 0.000299409 0.0100404 0.0383251 -0.00531197 0.0107073 0.0985683 0.215061 -0.0150787 0.0163298 0.119981 0.00465025 0.0277777 0.0469124 0.00130757 0.00564273 0.00240634 0.0102833 0.00465588 -0.0386874 0.141556 0.00491943 0.0277896 0.0378097 0.11891 0.0200589
internal_weight=3140.19 3105.93 71.242 3034.69 577.489 423.147 154.663 24.7559 268.484 58.4025 3.60951 1.48897 154.342 17.0235 1.72323 129.907 22.0636 15.3328 120.613 106.869 100.534 77.2354 15.3003 34.268 0.504571 54.793 19.7547 17.561 3.15346 14.4075
internal_count=249561 178050 75029 103021 17562 13260 1835 192 11425 2457 131 60 4302 265 53 1643 160 121 1557 1396 1335 1036 212 47067 44 2326 1295 1184 141 1043
is_linear=0
shrinkage=0.05


Tree=80
num_leaves=31
num_cat=0
split_feature=11 3 12 28 10 1 13 13 28 12 2 8 15 14 9 13 14 9 13 29 27 9 9 29 27 14 12 12 27 3
split_gain=31.0569 6.73517 14.5452 25.2395 10.3309 10.894 10.2169 14.6945 10.1867 9.08413 8.89759 8.85096 10.162 8.38188 8.42758 7.71772 12.4349 9.47341 12.9101 7.56231 9.01387 8.27273 7.19988 11.126 11.5941 7.41903 11.4226 9.78983 12.2383 8.268
threshold=0.0012167374415285686 0.049806745996430542 0.20713928571428578 0.028123417511791638 0.002142987067404433 -0.0059793195682900082 204.50000000000003 176.50000000000003 0.012277225330608097 0.25854999999999867 0.0094065172989906704 1.235068400252439 0.61323973554068922 85.500000000000014 0.059512949499801737 160.50000000000003 239.50000000000003 1.3362716981054235 114.50000000000001 -0.59188355127383041 4.2520458562225425 0.68795862516502104 0.42399405354622843 -0.67879847874937349 2.2353853726945738 42.500000000000007 0.039185714285714275 0.097425000000000206 0.8204807122058061 0.063287560461070771
decision_type=2 2 2 2 2 2 2 2 2 2 2 2 2 2 2 2 2 2 2 2 2 2 2 2 2 2 2 2 2 2
left_child=-1 -2 3 4 5 -3 7 15 -7 -8 -5 12 -9 -12 -15 16 -4 -18 -19 20 -16 -21 23 24 -6 -24 -27 28 -28 -29
right_child=1 2 6 10 22 8 9 11 -10 -11 13 -13 -14 14 19 -17 17 18 -20 21 -22 -23 25 -25 -26 26 27 29 -30 -31
leaf_value=-0.048754093540305979 -0.00062637157382603196 0.41725848334469906 0.079837595556181418 -0.047931537512937349 -0.010991305975883891 -0.050865080252086636 -0.038907771403557036 0.038587418607187715 0.17985316227403642 -0.0030794571295516293 -0.042055600900020536 0.012307348876149904 0.16048209535386554 -0.029052335123859331 0.094819720439874244 -0.040872697144522067 -0.018601938940061347 0.08705653865722697 -0.019651347311568954 -0.024242708075032048 0.0057182541679886871 0.025359919314454471 0.10471269661509658 -0.060535244949791039 0.14463305837486412 0.16452683256324474 0.058691896925121806 0.029186636311956105 -0.027805774339234993 0.08709835569167064
leaf_weight=32.703362321888562 2737.0291022533202 0.31706494698300991 6.0186758190393439 8.4343523364514095 3.0934013109654188 0.71555428882129435 20.028887412743643 3.1967392414808256 1.4436510573141275 151.61513469880447 7.9003640599548808 4.2978669032454491 3.6759608760476112 10.135360408574341 6.5855439323931915 7.7421231493353835 20.741475209593773 6.179680183529852 5.236263781785965 11.987578518688677 4.9886013492941856 28.132819827646017 4.9957328140735617 4.2576786824502033 1.9520175065845249 1.778359431773423 6.7250039149075773 13.735041486565025 10.433955899905412 11.179878143593667
leaf_count=71466 173257 9 39 88 32 74 322 20 34 2738 49 24 21 88 52 47 189 37 27 107 40 199 28 52 18 16 57 184 99 117
internal_value=-0.000283569 0.00022702 0.00658239 0.0193517 0.0435619 0.143581 -0.00116586 0.0171575 0.103394 -0.00726021 0.000573383 0.0685887 0.103785 0.00644038 0.012637 0.00464577 0.0138769 0.00153154 0.0381118 0.0208107 0.0564159 0.0105391 0.0393028 -0.00101191 0.0492181 0.0469807 0.0404038 0.0351574 0.00609472 0.0551729
internal_weight=3137.26 3104.55 367.525 138.792 60.6273 2.47627 228.733 57.0888 2.15921 171.644 78.1646 11.1706 6.8727 69.7303 61.8299 45.9182 38.1761 32.1574 11.4159 51.6945 11.5741 40.1204 58.1511 9.3031 5.04542 48.848 43.8522 42.0739 17.159 24.9149
internal_count=249530 178064 4807 1343 720 117 3464 404 108 3060 623 65 41 535 486 339 292 253 64 398 92 306 603 102 50 501 473 457 156 301
is_linear=0
shrinkage=0.05


Tree=81
num_leaves=31
num_cat=0
split_feature=11 11 13 13 13 18 27 13 12 6 10 12 1 28 2 11 18 30 30 1 8 27 28 2 12 11 15 4 11 1
split_gain=29.4876 6.39667 8.38939 11.9079 7.1553 9.71206 18.5722 32.5952 17.1167 12.9257 11.8643 9.55059 12.8993 12.6101 18.1307 10.8005 8.72822 9.6736 20.1589 40.9697 28.0006 30.9192 30.1975 77.9098 22.4047 36.4854 97.4591 26.2561 16.6837 157.548
threshold=0.0012167374415285686 0.0047121989698141499 257.50000000000006 292.50000000000006 323.50000000000006 0.0015151515151515279 3454.5000000000005 295.50000000000006 0.010714285714285425 0.0044247787610619182 0.0030827583220266064 0.19893928571428585 -0.012306780107412983 0.011590445927456084 0.013941764533072833 0.0023799550373636391 0.00023254011456667908 0.56682583077595705 0.37888904142083879 -0.00076888434890265412 1.0793713524314448 0.63849166722417061 -0.003615120417954996 -0.0030753158126092246 0.054503571428570909 0.0032825797116424996 0.23255812871823642 0.0042918454935622187 0.0012506881992320471 0.0029292247324401726
decision_type=2 2 2 2 2 2 2 2 2 2 2 2 2 2 2 2 2 2 2 2 2 2 2 2 2 2 2 2 2 2
left_child=-1 2 -2 -4 5 10 9 -8 -9 -7 11 13 -13 16 -15 -16 17 18 28 20 21 -20 -22 -24 25 26 -23 -26 29 -5
right_child=1 -3 3 4 -6 6 7 8 -10 -11 -12 12 -14 14 15 -17 -18 -19 19 -21 22 24 23 -25 27 -27 -28 -29 -30 -31
leaf_value=-0.048671056482983796 0.0045437004719208708 0.0015127708838942806 -0.016494734079995407 -0.050024479173393178 -0.0079474478570751052 0.014257715481742306 0.49791968709925594 0.57608893862366772 0.041703499313734432 0.28718703954705771 -0.019374891673759314 0.22665231716074719 -0.02194596949638257 0.33746646236247119 0.25403616729205208 -0.019136011216357607 -0.024715734856194074 -0.020511695077532852 0.055390656998890057 -0.012170586422501066 -0.050481822024835726 0.33604233265333566 2.1495588480225498 0.2872769987256189 -0.050396793342429781 0.29618607365169097 2.5985249605931515 0.82985053768264716 0.020253265370690485 4.4400852246158378
leaf_weight=31.160155517980456 218.27708515804261 2336.7663788760547 207.42412923675147 0.1590825933089971 185.53717257996323 29.571987400355287 0.54237277671927531 0.15922946156933937 2.5432732242334168 0.4402623875066628 47.828458803938702 0.53517108852975326 20.898042280605296 0.75269547163043116 0.48074602126143862 1.4628472237382082 9.6263411702529975 8.1950177145190519 1.3706733927829198 2.5547483474656465 0.096328248386271298 0.1288428634579758 0.090890462568495423 0.14698457764461625 0.33441288053290918 0.28467430267482996 0.075484552857233211 0.1134561609942466 27.833594692696352 0.022271167574217543
leaf_count=71466 8772 42296 44011 329 48442 3656 25 6 209 9 2685 20 8699 36 12 55 4457 2678 482 1078 28 37 16 40 173 6 25 6 9731 45
internal_value=-0.000273792 0.000212014 -0.0037484 -0.00704401 -0.0013085 0.00657494 0.0305474 0.144182 0.0731891 0.0182614 9.27053e-05 0.0124806 -0.0157387 0.0237377 0.129119 0.0484329 0.0181699 0.0281401 0.0401451 0.130593 0.268655 0.206706 0.696393 0.998842 0.428085 0.662087 1.17187 0.172591 0.0233678 0.501384
internal_weight=3135.41 3104.25 767.486 549.209 341.785 156.248 33.2571 3.24488 2.7025 30.0122 122.991 75.1623 21.4332 53.7291 2.69629 1.94359 51.0328 41.4065 33.2114 5.1965 2.64175 2.30754 0.334203 0.237875 0.936871 0.489002 0.204327 0.447869 28.0149 0.181354
internal_count=249530 178064 135768 126996 82985 34543 3905 240 215 3665 30638 27953 8719 19234 103 67 19131 14674 11996 1891 813 729 84 56 247 68 62 179 10105 374
is_linear=0
shrinkage=0.05


Tree=82
num_leaves=31
num_cat=0
split_feature=11 11 12 11 12 29 30 13 12 13 15 14 2 13 1 27 27 18 12 1 27 15 15 15 1 13 7 4 10 10
split_gain=27.9631 6.46005 9.52693 23.9681 9.67927 7.55829 6.75072 6.51588 8.27637 9.74336 22.2232 70.3262 15.0037 13.487 9.03842 8.8475 18.5729 98.5531 10.1205 8.58756 22.1537 28.0625 50.5302 12.7402 8.78891 34.9002 106.968 20.3983 8.9273 16.6887
threshold=0.0012339856889201568 0.0029242143676350006 1.6265214285714327 0.0021320380395855893 0.015885714285714156 -0.29531308114306959 0.32365652856441873 323.50000000000006 0.20981428571428498 286.50000000000006 0.99999997436226162 96.500000000000014 0.021448336528455906 251.50000000000003 -0.013425361447768234 8737.5000000000018 12894.500000000002 0.0022883295194507081 0.1794357142857142 -0.0017515151172547425 3.9537029310346639 0.21999999560000605 0.1428571387755109 0.79999989333334065 -0.0018852287321351466 291.50000000000006 2.4239796854898418e-05 0.0003550821130494866 0.0040006205380438671 0.0041774059292111589
decision_type=2 2 2 2 2 2 2 2 2 2 2 2 2 2 2 2 2 2 2 2 2 2 2 2 2 2 2 2 2 2
left_child=-1 2 4 -4 5 6 -2 8 9 13 15 12 -12 14 -6 19 17 -17 -18 20 23 22 -22 24 28 26 -26 -27 -11 -30
right_child=1 -3 3 -5 7 -7 -8 -9 -10 10 11 -13 -14 -15 -16 16 18 -19 -20 -21 21 -23 -24 -25 25 27 -28 -29 29 -31
leaf_value=-0.047138421137598502 0.20818885784958671 0.00082455053213224903 0.44440623254484468 -0.050533191334191818 0.10984463628540744 -0.0049366874420023032 0.047376650567560012 -0.025189427914978718 -0.02517786795515152 0.012095736030201776 -0.050268976063492822 2.3541003978200914 0.89286001952427285 -0.037876333086213798 0.0018569708435238787 -0.05087523165185398 0.020804006346203704 2.1242053176110809 0.2783080311846089 -0.008255456331933364 -0.050142027306135629 -0.050989809256646215 1.7823011520856138 0.73480850082506433 3.8533955328758931 1.0770373933257102 -0.050188466428888294 -0.050256957722716079 0.38947611259219939 -0.050695833020394002
leaf_weight=31.556005809921771 0.71107035857858303 2866.8657679780154 0.40351838991045841 0.62112693802919239 2.0462922651786348 8.9553206062992086 7.9374554940150119 60.801642345788423 41.295967395766638 16.760811260784987 0.20844639823189837 0.041592703055357561 0.052863840013742447 28.273878772568423 36.510281536553521 0.21271394146606271 2.6659808331460231 0.068962717603426427 0.44530445590498846 27.984323131968271 0.069676860905018567 0.13560409267665818 0.081773277226602659 0.063671502342912301 0.025617991370380788 0.0443438685615547 0.055721888842526823 0.42220019793603569 0.44620995689183374 0.4161819233559072
leaf_count=73514 18 68898 26 111 31 936 628 40875 21362 7772 131 25 1 16228 2026 103 658 9 55 15601 43 48 10 15 20 19 34 273 21 39
internal_value=-0.000308262 0.000167728 -0.00775216 0.14438 -0.00841063 0.0272598 0.0605984 -0.0112762 -0.00593323 0.000857414 0.017503 0.444482 0.140529 -0.0116465 0.00758814 0.0149111 0.0928581 0.481648 0.0576594 0.00922425 0.0356341 0.471466 0.939259 0.0287731 0.0262992 0.223517 1.17925 0.0568896 0.0201679 0.177053
internal_weight=3136.18 3104.62 237.759 1.02465 236.734 17.6038 8.64853 219.13 158.328 117.032 50.202 0.302903 0.26131 66.8305 38.5566 49.8991 3.39296 0.281677 3.11129 46.5061 18.5218 0.287054 0.15145 18.2348 18.1711 0.547884 0.0813399 0.466544 17.6232 0.862392
internal_count=249530 176016 107118 137 106981 1582 646 105399 64524 43162 24877 157 132 18285 2057 24720 825 112 713 23895 8294 101 53 8193 8178 346 54 292 7832 60
is_linear=0
shrinkage=0.05


Tree=83
num_leaves=31
num_cat=0
split_feature=10 12 3 12 28 13 13 18 12 12 28 13 6 2 6 6 13 12 2 18 9 28 15 6 6 13 1 2 2 9
split_gain=16.6197 8.12572 5.80854 12.4278 20.5983 9.14211 12.6503 10.9653 8.46125 8.10503 21.1857 13.7962 8.72651 13.0697 11.865 10.1386 8.92092 10.3058 8.09172 8.01099 8.86042 8.55322 8.28825 19.4774 8.22028 7.69598 7.44869 10.2042 8.0975 7.39787
threshold=0.00098981349829833031 0.012985714285714029 0.049806745996430542 0.20713928571428578 0.028123417511791638 204.50000000000003 176.50000000000003 0.0022246941045606155 0.25854999999999867 0.11107142857142933 -0.0067546984134771526 247.50000000000003 0.001699235344095193 0.013222216973339586 0.0049219061095499448 0.00096525096525091627 253.50000000000003 0.13298571428571856 0.0094065172989906704 0.00050276520864755102 1.537414228274695 0.041531763879764094 0.95404409134069879 0.00031884789632445875 0.0029604022879977303 304.50000000000006 -0.013425361447768234 -0.020982818445014036 0.017988789244592466 0.059512949499801737
decision_type=2 2 2 2 2 2 2 2 2 2 2 2 2 2 2 2 2 2 2 2 2 2 2 2 2 2 2 2 2 2
left_child=1 -1 -2 4 9 6 -5 -8 -7 10 -4 -11 15 -14 -15 16 17 -13 -6 20 21 22 26 -24 -21 29 -10 -28 -29 -20
right_child=2 -3 3 5 18 8 7 -9 19 11 -12 12 13 14 -16 -17 -18 -19 25 24 -22 -23 23 -25 -26 -27 27 28 -30 -31
leaf_value=0.050019394641639382 -0.00061571227097636453 -0.030692203352546688 0.19270278286046752 0.0043923091277864364 -0.046969929630783447 -0.038013432706228076 0.10404157481087165 0.0049871273498426974 0.067211689689392992 0.015064936516099366 0.015118208736661483 0.30674243807201429 0.028141603344462279 0.24923605117267136 0.098725675789504863 -0.055336954107829767 0.04507379088745897 0.075143285298143403 -0.02781781481139017 -0.034657113817318445 -0.015219491316170872 -0.044122714462816626 0.014097553792288395 0.24734666773818012 0.016210743497704985 -0.040823601817925041 0.13632439894847209 -0.016609217091454936 0.022589775455422109 0.019510140743174035
leaf_weight=3.2983543822192578 2708.0829593042727 57.152340558561264 1.7668214961886395 45.921582801267505 7.9862280320376149 19.393371668411419 6.7439080700278264 4.770116001367569 6.1678085457533589 10.174193270970138 33.970165462233126 0.82148969359695723 2.2524868482723823 2.5568574331700802 2.6838362030684948 1.6766809532418845 4.7814062964171171 1.1566547648981211 9.8070544786751253 30.948228704743087 38.331601241137832 5.705094125121831 2.8130658166483036 1.3126599891111252 10.683987282216547 7.7479143030941477 1.5364953083917487 23.210851527517661 30.469553088536486 52.232749130576849
leaf_count=882 172024 71887 15 334 85 316 36 29 60 115 338 10 34 25 16 37 78 34 87 526 602 43 61 28 87 49 20 750 526 396
internal_value=-0.00032542 -0.0262884 0.000184862 0.00608227 0.0178306 -0.00111148 0.0161422 0.0630046 -0.00692118 0.0393683 0.0238979 0.060548 0.0895983 0.128866 0.172157 0.0547204 0.0820198 0.171322 0.000705212 -0.00293265 0.00416282 0.0145953 0.0197089 0.0883092 -0.021603 0.00616097 0.0150982 0.00927702 0.00564054 0.0120287
internal_weight=3136.16 60.4507 3075.71 367.623 139.615 228.008 57.4356 11.514 170.573 61.8406 35.737 26.1036 15.9294 7.49318 5.24069 8.43623 6.75955 1.97814 77.7739 151.179 109.547 71.2155 65.5104 4.12573 41.6322 69.7877 61.3847 55.2169 53.6804 62.0398
internal_count=249530 72769 176761 4737 1319 3418 399 65 3019 702 353 349 234 75 41 159 122 44 617 2703 2090 1488 1445 89 613 532 1356 1296 1276 483
is_linear=0
shrinkage=0.05


Tree=84
num_leaves=31
num_cat=0
split_feature=11 11 12 12 10 15 9 5 7 7 5 10 8 15 15 9 8 13 5 5 8 0 15 12 30 5 12 3 11 29
split_gain=26.0132 6.49643 8.34569 7.62956 13.2034 10.8748 7.36135 6.54051 7.1919 17.951 17.9543 10.3783 11.8641 50.2027 7.54468 14.2978 7.21805 6.9917 6.6053 45.2795 13.8705 10.5417 8.37844 6.96615 8.15926 6.53774 6.51084 6.50971 8.60966 8.16599
threshold=0.0012167374415285686 0.0029242143676350006 0.015885714285714156 1.6265214285714327 0.0015174082161762182 0.40405241663010233 1.6945031286626853 0.00043143533758892776 0.0011109653826934147 0.0011379245881871403 0.0011940298507462481 0.002337759754632011 1.1022462069663346 0.0084033609561335997 0.9999999791861619 1.779885731321724 1.0250845168441829 241.50000000000003 0.0018264840182647473 0.0017646140586257302 0.73658891821985539 0.0006715240238560628 0.142381867756844 0.29268928571428737 -6.2996645078892977 0.0012302886532957048 0.044642857142857532 0.0017455467833769058 0.0028461772751281083 0.016139954009092853
decision_type=2 2 2 2 2 2 2 2 2 2 2 2 2 2 2 2 2 2 2 2 2 2 2 2 2 2 2 2 2 2
left_child=-1 2 -2 6 5 -5 -4 -8 11 10 -10 12 13 -9 17 -16 -15 25 19 20 -11 22 -22 24 -23 -14 -12 -19 29 -29
right_child=1 -3 3 4 -6 -7 7 8 9 18 26 -13 14 16 15 -17 -18 27 -20 -21 21 23 -24 -25 -26 -27 -28 28 -30 -31
leaf_value=-0.048465472686329336 0.024914725833583978 0.00077668210603024307 -0.0150862650908382 0.52451586386016824 -0.050490160007117063 0.095176439737935895 -0.051100084612054487 3.0035155751260758 0.99708591282750025 0.85722079035938781 0.50316710556629118 -0.039812287383886036 -0.061272403968017669 -0.050273268672560226 1.1748736953579255 -0.050076209360541774 0.36452065139362005 -0.050231528000696968 0.0111677007852633 1.3378824444500728 0.39662362916052996 0.21896606513673258 -0.050547097442789402 0.42662506193208816 -0.050385058346896106 0.14069500429500142 -0.050437295941425792 0.28187351516611109 0.5364757469581819 0.0099000932075755874
leaf_weight=27.79961866690428 18.010529134364333 2867.9527043269482 185.4650545931072 0.25992202572524437 0.60143858031369746 0.34096162219066173 3.8484081814531228 0.016373965132521984 0.095297461724839105 0.05505843902937968 0.089709588210098445 8.8143916836124827 0.51675538159906631 0.18713365573785268 0.040751768741757455 0.057340736384503543 0.23861374967964366 3.8899981336726324 6.4925171138893347 0.072022149164695182 0.11165958730271119 0.71650145860621695 1.6929233052069319 0.20876112685073156 0.4627428761741611 1.7839152500964699 0.13017979334108531 0.29669763348647382 0.085213881451636442 3.9546795127680525
leaf_count=71466 1612 68898 96932 17 93 27 1645 15 27 8 9 1512 12 101 4 67 60 3258 623 19 22 44 605 37 173 64 35 99 18 2028
internal_value=-0.000313645 0.000117261 -0.00781107 -0.0104838 0.115126 0.280894 -0.0111724 0.0102668 0.0181366 0.0524327 0.423853 0.00066692 0.0329055 0.286689 0.0223456 0.45882 0.182202 0.0182785 0.0405019 0.0978729 0.0703736 0.0568039 -0.0228782 0.160401 0.113271 0.095331 0.17542 -0.00327019 0.038855 0.0288807
internal_weight=3134.29 3106.49 238.536 220.525 1.20232 0.600884 219.323 33.8576 30.0092 10.1274 0.315187 19.8819 11.0675 0.442121 10.6254 0.0980925 0.425747 10.5273 9.81219 3.31967 3.24765 3.19259 1.80458 1.38801 1.17924 2.30067 0.219889 8.22659 4.33659 4.25138
internal_count=249530 178064 109166 107554 137 44 107417 10485 8840 1602 71 7238 5726 176 5550 71 161 5479 1531 908 889 881 627 254 217 76 44 5403 2145 2127
is_linear=0
shrinkage=0.05


Tree=85
num_leaves=31
num_cat=0
split_feature=11 16 18 0 28 11 30 11 2 29 2 12 0 14 13 29 9 13 11 28 18 19 2 28 10 10 5 12 8 13
split_gain=24.9052 5.72109 10.2688 9.39792 11.2607 11.0493 8.43014 19.8654 7.60818 8.55371 7.20837 9.36385 8.30027 8.12991 7.87474 14.0092 9.48524 7.74507 8.69451 6.97427 12.9354 10.3046 8.05927 6.86572 13.3392 31.9739 10.1714 6.75675 7.18438 6.39991
threshold=0.0012675410501146219 1.0000000180025095e-35 0.013175095146570193 -0.016479059432888184 0.019833294179342709 0.007032872632654028 -2.6700544439059786 0.013459491474796277 -0.0027945885640111019 -0.87438316148215112 -0.0033555648245049414 0.053321428571428527 0.016372296735288065 136.50000000000003 238.50000000000003 -0.96646458818793002 0.075099497060411344 235.50000000000003 0.0060431442449318078 0.0088138991586647949 0.0068995269405849611 1.0000000180025095e-35 -0.00039076237799501307 -0.0042217183778961295 0.0027001006449459456 0.0022260429491704858 0.012860106698280986 0.13298571428571856 1.1321874682899413 21.500000000000004
decision_type=2 2 2 2 2 2 2 2 2 2 2 2 2 2 2 2 2 2 2 2 2 2 2 2 2 2 2 2 2 2
left_child=-1 2 -2 -4 5 8 -7 -8 9 -5 12 -12 -3 -14 16 -16 29 18 19 21 -21 22 -18 24 25 -17 -26 -20 -29 -13
right_child=1 10 3 4 -6 6 7 -9 -10 -11 11 14 13 -15 15 23 17 -19 27 20 -22 -23 -24 -25 26 -27 -28 28 -30 -31
leaf_value=-0.044353808642531634 0.000321201895633473 -0.017314677100252359 0.0068095648626208746 0.12622572812610586 -0.015042403387569563 0.0174611260433769 0.20453507317677683 0.057559585614043909 -0.055687590271865095 -0.0055188685469390458 0.011908474820280309 0.033723539805587538 0.079058614221391932 -0.0012751605944581693 0.20077084117013771 -0.050522158506457505 0.095172260920138307 0.094501829222878447 -0.015905468018546209 0.14592927754669827 0.00037166079796330205 0.18310767113190426 -0.028935120543212352 -0.012700004312506312 -0.020486201324006848 0.52884294652619412 0.12094461281416309 0.042157443440765371 -0.0046991682300039179 -0.044872813777367189
leaf_weight=32.118706284905784 2423.7522696765081 144.89394976769108 63.433526445180178 2.0815708711743355 6.6413395404815665 3.2519729584455517 3.5791379138827271 6.4280955046415329 2.6889939326793018 3.0188862271606922 103.99773443627055 3.2706573083996764 4.3494010902941218 11.415164116770027 0.78346682846313243 0.5327426590374652 1.6685230880975712 2.8821481671184292 27.232346139848232 3.6623591855168334 2.6170233450829983 0.83164696721360076 6.0556007730774573 221.33720332142548 5.7712710284395143 0.43063630926189944 1.6303755939006803 15.733540212735532 17.041196491569281 12.446576120797543
leaf_count=77641 142597 5383 452 17 51 28 28 42 33 41 6446 35 28 90 25 112 40 26 259 44 29 13 170 15527 131 30 11 152 126 143
internal_value=-0.000551186 -9.78587e-05 0.000940703 0.0174185 0.041722 0.0596325 0.087399 0.110126 0.0123684 0.048248 -0.00453538 -0.00114497 -0.013566 0.0208887 -0.00533581 -0.0102996 0.00690798 0.0140716 0.0109743 0.045249 0.085266 0.0158792 -0.00212612 -0.0110195 0.0334461 0.208458 0.010667 0.00250076 0.0177944 -0.0285174
internal_weight=3135.58 3103.46 2514.88 91.1235 27.69 21.0487 13.2592 10.0072 7.78945 5.10046 588.584 427.925 160.659 15.7646 323.927 230.486 93.4416 77.7244 74.8422 14.8352 6.27938 8.55577 7.72412 229.702 8.36503 0.963379 7.40165 60.0071 32.7747 15.7172
internal_count=249750 172109 143289 692 240 189 98 70 91 58 28820 23319 5501 118 16873 15836 1037 859 833 296 73 223 210 15811 284 142 142 537 278 178
is_linear=0
shrinkage=0.05


Tree=86
num_leaves=31
num_cat=0
split_feature=11 16 18 4 12 14 27 12 13 1 30 11 4 1 10 12 12 11 5 13 11 13 9 27 13 10 5 4 29 9
split_gain=23.5399 5.21335 9.12268 7.55961 10.4023 8.96378 32.3098 25.9773 31.7116 9.73705 19.3927 8.03548 12.1723 18.1103 12.5018 8.60484 11.2708 11.591 10.6922 9.95997 19.0501 8.80892 8.34993 8.27359 7.98614 15.0729 7.8004 8.15635 7.64024 10.1813
threshold=0.0012675410501146219 1.0000000180025095e-35 0.013175095146570193 0.0033843456288553684 0.13785714285714298 13.500000000000002 0.036812112810317245 0.62999285714285758 379.50000000000006 -0.0051941385704986623 -0.31742289413139058 0.013459491474796277 0.0037105751391466328 0.0082645054986992834 0.0019981353222789078 0.60895357142857531 1.3763321428571416 0.023167822723696271 0.00067285948342279121 315.50000000000006 0.023167822723696271 204.50000000000003 0.76203094476568256 1.60830073774927 245.50000000000003 0.010462397552387976 0.0054916228565528068 0.00990972916859959 1.2212317354362812 2.4843635928321297
decision_type=2 2 2 2 2 2 2 2 2 2 2 2 2 2 2 2 2 2 2 2 2 2 2 2 2 2 2 2 2 2
left_child=-1 2 3 4 -2 6 -6 9 -9 10 -8 -5 13 14 -13 19 21 -18 -19 -14 -21 22 -17 -24 26 -26 27 -20 29 -23
right_child=1 -3 -4 11 5 -7 7 8 -10 -11 -12 12 15 -15 -16 16 17 18 24 20 -22 28 23 -25 25 -27 -28 -29 -30 -31
leaf_value=-0.044060556041708943 0.00014855451041803619 -0.0043438005534082291 0.016340544164315542 0.003890255424532172 1.8675466144526967 -0.013765820903395768 1.4574784662636051 1.5717373424036549 -0.050730113470140753 -0.05028204215182145 -0.050412079188274977 0.26678564265977139 -0.013702741113845394 0.24264629523690232 -0.0053120121675381592 -0.0065538192080564252 -0.047026473536531666 0.11614597020923841 -0.053876243289075615 -0.00071743844429279292 0.12663048444523231 0.014342298127023777 0.10851891357017417 0.021162690688213109 -0.0079454623148682048 0.10407834954771339 -0.049471749484498131 0.082998043043942926 -0.015460446760516416 0.13447469473814117
leaf_weight=30.750533143436769 455.36577561852755 586.26173933429527 92.062959969043732 1347.4160982018802 0.026070456340675174 220.97318121397984 0.033161037281388417 0.061641561100259423 0.058887971215881407 0.88257925622747269 0.05972692958312098 0.47092584893107314 230.62820773245767 1.1808256693184374 4.0755800269544125 4.7910347860306493 17.732604011427611 1.9627103656530369 1.8273186255246461 14.911410763859751 3.6568326205015174 51.094224288593978 6.5461416617035848 4.6258530765771866 11.314700379967688 4.087486093863844 11.945925578474997 2.6916274130344391 24.127724204212427 1.8267563227564085
leaf_count=77641 56307 28820 692 39052 20 41846 16 19 23 778 28 32 2387 35 124 31 349 26 31 94 18 692 31 23 178 33 84 20 296 24
internal_value=-0.000528985 -9.7548e-05 0.000891714 0.000305061 -0.0041784 -0.01305 0.127913 0.0865327 0.779037 0.000966359 0.487905 0.00204377 -0.00418402 0.0681835 0.0228718 -0.00523659 0.00446729 -0.0142829 0.00288042 -0.0108664 0.0243625 0.0148617 0.0486672 0.0723484 -0.00409567 0.0217838 -0.0283048 0.0276504 0.00785783 0.0184891
internal_weight=3133.45 3102.7 2516.44 2424.38 677.461 222.095 1.12207 1.096 0.12053 0.975467 0.092888 1746.91 399.498 5.72733 4.54651 393.771 144.574 51.5624 33.8298 249.196 18.5682 93.0117 15.963 11.172 31.8671 15.4022 16.4649 4.51895 77.0487 52.921
internal_count=249750 172109 143289 142597 99037 42730 884 864 42 822 44 43560 4508 191 156 4317 1818 721 372 2499 112 1097 85 54 346 211 135 51 1012 716
is_linear=0
shrinkage=0.05


Tree=87
num_leaves=31
num_cat=0
split_feature=11 16 18 0 1 8 13 4 0 12 25 30 0 30 11 8 10 10 12 5 9 10 4 9 2 5 5 9 28 8
split_gain=22.2396 4.70151 8.15267 8.00731 12.3492 9.00806 9.03071 6.87344 17.5692 8.93426 8.43696 9.71528 14.5959 13.7452 8.76692 13.0657 9.95657 33.9467 9.50459 9.41553 10.7814 7.8002 14.3158 22.5588 12.6006 11.3906 11.432 20.7494 9.47787 10.6373
threshold=0.0012675410501146219 1.0000000180025095e-35 0.013175095146570193 -0.016479059432888184 0.0016275023855512052 1.7817745354770116 121.50000000000001 0.0033843456288553684 0.0076660581861581764 0.13785714285714298 1.0000000180025095e-35 -3.2430648851790003 0.00096149768197539853 -5.7209728122278554 0.007032872632654028 0.29037058584223391 0.0041774059292111589 0.0035478223374092025 0.068871428571428389 0.00097277391126067479 0.20994292638306269 0.0014619840038613897 0.0035034767875543539 0.39740341204385921 0.033052746219851221 0.0036780294924820835 0.0045732850678439334 1.0394810566190609 0.0042808379347315057 0.89825182334112552
decision_type=2 2 2 2 2 2 2 2 2 2 2 2 2 2 2 2 2 2 2 2 2 2 2 2 2 2 2 2 2 2
left_child=-1 2 7 -4 5 6 -5 8 9 10 -2 12 13 -12 15 16 17 19 -16 -13 -21 22 23 -9 25 -24 27 -27 -25 -30
right_child=1 -3 3 4 -6 -7 -8 21 -10 -11 11 14 -14 -15 18 -17 -18 -19 -20 20 -22 -23 24 28 -26 26 -28 -29 29 -31
leaf_value=-0.043757138903429145 -0.0028174187907265874 -0.0041410657851789767 0.005568374079787353 0.002008347376297407 -0.0084658429961407249 -0.0025155192035398182 0.099498394272514931 0.5297386961281203 0.047004129600001679 -0.013626385105166856 0.16634356003856299 -0.051408425249974923 0.048926295221557066 0.6539643989519347 0.14674135709697 -0.02981746677222373 -0.018694104943462905 0.56450452346789137 0.015833990531070919 0.38914152960934673 -0.051522747682231508 0.0015290504640433323 -0.0013571379229809681 -0.0030661011823288997 0.2808959851639708 0.0029344180598130866 -0.0009369023189727552 0.32991105022127443 0.61480403628885527 0.10309727108230222
leaf_weight=29.448581649892731 420.39345021301415 584.26758043983136 64.297128368169069 2.9846169501543107 9.7243005670607072 4.3284609839320174 11.637953253462909 0.34227990120416762 16.469049146398902 215.67249328663456 0.45205965865170583 0.91660268564010328 1.8445924241386817 0.21243209601380231 2.3397144498303524 11.087645094201433 1.3694053022190926 0.40445072483271349 3.4037268315441906 0.33590226015076041 0.23655360389966518 1724.2531668400334 19.445860522479059 1.0483812130696604 0.45016112364828487 0.90895734378136639 1.6645058668218551 1.0407049165223723 0.14994412712985639 0.31475384492659941
leaf_count=77641 53051 28820 452 23 85 38 94 15 162 42686 35 138 163 33 31 2572 26 13 75 19 33 40601 2383 331 17 61 37 50 19 46
internal_value=-0.000510827 -0.000100271 0.000837441 0.0153677 0.0373401 0.0608444 0.0795997 0.000280308 -0.00400516 -0.00528057 -0.00121742 0.0285408 0.121307 0.322232 0.0169573 -0.00393619 0.0840105 0.158287 0.0691619 0.0479528 0.207048 0.00193397 0.0294591 0.163171 0.0189069 0.0137926 0.0953049 0.17747 0.0802483 0.26821
internal_weight=3131.45 3102 2517.73 92.9725 28.6753 18.951 14.6226 2424.76 675.138 658.669 442.997 22.6031 2.50908 0.664492 20.094 14.3506 3.26291 1.89351 5.74344 1.48906 0.572456 1749.62 25.3655 1.85536 23.5102 23.06 3.61417 1.94966 1.51308 0.464698
internal_count=249750 172109 143289 692 240 155 117 142597 99037 98875 56189 3138 231 68 2907 2801 229 203 106 190 52 43560 2959 411 2548 2531 148 111 396 65
is_linear=0
shrinkage=0.05


Tree=88
num_leaves=31
num_cat=0
split_feature=11 3 5 29 5 4 10 27 1 13 5 11 30 10 4 27 10 4 1 18 4 13 10 9 5 8 27 11 18 13
split_gain=21.0058 4.4259 8.7282 7.9007 9.14955 14.3495 7.74173 11.0559 9.78003 11.8771 7.53344 8.8823 8.45222 7.60127 7.77153 7.1825 7.14713 9.66249 11.1446 15.3887 6.71887 6.31143 6.13339 7.42207 6.749 7.36539 6.12025 8.06953 9.96693 5.98526
threshold=0.0012675410501146219 -0.049367072043375253 0.0044389103186875086 1.748519503721325 0.0035161744022502981 0.011313685845380306 0.012652713092426675 3.0819963440078921 -0.051147738514266343 290.50000000000006 0.0072007667678303982 0.010415754975535494 0.17244665776277832 0.015609760023445834 0.026248694727648989 0.15207002941244355 0.0043888846084624003 0.0070022410193455471 -0.0090194313484335247 0.00056860585025088112 0.026248694727648989 243.50000000000003 0.020566443018225886 1.4199178082424957 0.00052356020942413478 1.6918107477097599 0.79167063667159676 0.014968079232782703 0.0068995269405849611 220.50000000000003
decision_type=2 2 2 2 2 2 2 2 2 2 2 2 2 2 2 2 2 2 2 2 2 2 2 2 2 2 2 2 2 2
left_child=-1 2 3 15 22 21 16 8 29 10 -10 -12 13 -13 -15 -2 17 -4 -19 -20 -11 -6 -5 -24 -25 -26 -18 28 -28 -8
right_child=1 -3 6 4 5 -7 7 -9 9 20 11 12 -14 14 -16 -17 26 18 19 -21 -22 -23 23 24 25 -27 27 -29 -30 -31
leaf_value=-0.043443330743584946 -0.015504310159383203 -0.00082692368431346974 -0.044154025008990128 0.0015982538131488278 0.1020123772797662 0.20693179723423066 0.039208775347998548 -0.037034695227497791 -0.025755900000672051 0.041480311557808514 -0.047058802335211064 0.0052504349120925881 0.0024950999951890568 0.12863800856601101 0.045821794450640954 0.012741948405512453 -0.027562997199961803 0.0076413998561219391 0.2036351334761852 0.0028741295158235835 0.12758425449719735 -0.027126920456291299 0.11948967363653556 -0.055641765643245647 0.027703471792297641 0.15030773090447441 0.0079727305693137202 -0.025366688932939835 0.11652656562596264 -0.0099350536501559283
leaf_weight=28.209653563535539 27.448767605237663 2702.4442503479368 4.3394101914018384 16.030074300710115 1.8688850626349442 1.8374772518873213 7.2788275405764571 12.504115972667931 8.1024405993521196 5.000783756375311 3.4099248647689846 4.3547723963856724 9.8585453480482084 5.1239323578774911 6.3353285789489746 124.97546738479286 55.632952563464642 7.3555589951574794 2.1055872477591033 1.7460470572113989 4.142353430390358 1.9162276852875946 2.8088209759443989 1.9613594580441702 8.1366290766745788 1.4420703686773766 13.140987655147912 15.600221594795583 2.520010318607091 41.633089762181044
leaf_count=77641 366 167227 107 246 24 13 39 85 65 29 25 29 59 34 34 2203 514 67 26 33 20 40 37 31 116 18 131 156 19 316
internal_value=-0.000492184 -0.000101466 0.00481689 0.0126312 0.033698 0.0922885 -0.00218842 0.0071684 0.0129718 0.0294351 0.0168815 0.0287604 0.038831 0.0614829 0.0828525 0.00765532 -0.0120296 0.0191935 0.0437216 0.112625 0.0804902 0.0366351 0.0228539 0.0466001 0.0288589 0.0461615 -0.0176159 8.61046e-05 0.0254401 -0.00262171
internal_weight=3129.26 3101.05 398.611 188.426 36.0015 5.62259 210.185 107.744 95.24 46.3281 37.1849 29.0825 25.6726 15.814 11.4593 152.424 102.441 15.5466 11.2072 3.85163 9.14314 3.78511 30.379 14.3489 11.5401 9.5787 86.8942 31.2612 15.661 48.9119
internal_count=249750 172109 4882 3094 525 77 1788 735 650 295 246 181 156 97 68 2569 1053 233 126 59 49 64 448 202 165 134 820 306 150 355
is_linear=0
shrinkage=0.05


Tree=89
num_leaves=31
num_cat=0
split_feature=10 27 14 2 10 16 14 29 10 27 8 6 6 8 12 28 28 0 18 15 15 4 5 8 14 15 28 27 10 0
split_gain=11.3984 8.52828 9.57137 14.9288 10.4609 7.88229 7.27605 7.75175 6.85036 5.86058 26.8055 5.90181 12.8159 5.76934 5.45554 9.87986 6.11532 6.45082 5.01756 4.20239 8.99376 9.88832 17.8341 8.30346 7.72696 7.06002 7.39965 10.2229 8.34038 8.85175
threshold=0.0010364565305299223 0.056389470673261353 68.500000000000014 0.010102202347630819 0.00068073719803337057 1.0000000180025095e-35 64.500000000000014 -0.67879847874937349 1.0000000180025095e-35 0.036812112810317245 0.23102847770145704 0.0012896314561058775 0.0013086667401019413 0.78315200796130846 0.028328571428571359 0.0099929168534397348 0.005522585396997781 0.00075429976887497762 0.030333701386332988 0.61323973554068922 0.62654172718256074 0.0072279679851701964 0.0036780294924820835 1.0572487652878786 121.50000000000001 0.40951393363098204 -0.024004450722532836 0.96840706903680041 0.0063184933945545372 0.0022797482420984232
decision_type=2 2 2 2 2 2 2 2 2 2 2 2 2 2 2 2 2 2 2 2 2 2 2 2 2 2 2 2 2 2
left_child=1 2 3 4 -1 6 7 13 -4 11 -11 -10 -13 -6 15 16 -3 -18 -16 25 21 -21 23 -23 -24 -2 27 -27 -29 -30
right_child=19 14 8 -5 5 -7 -8 -9 9 10 -12 12 -14 -15 18 -17 17 -19 -20 20 -22 22 24 -25 -26 26 -28 28 29 -31
leaf_value=-0.051024173662037979 0.00018208028629613908 -0.018022393497197635 0.18444774163368052 0.93525792360433968 -0.050420575460399721 0.423643761209273 0.28535563210174258 -0.013843656755243525 -0.040537609614518202 1.6347692991851657 -0.050631532070390443 0.45075028111855842 0.0026721159584227835 0.3090532269944995 -0.039835893788373149 0.54710563452239003 0.18796055418078847 -0.053508062115548295 0.23393580532584579 0.0054968042645242125 0.0015220413917665357 0.22921701337568834 0.09143437892340435 0.073303890972571298 -0.0079319553290301114 -0.0067182299698622166 -0.0087631718735812821 0.13031115565996987 -0.017504870177458543 0.089740132861686639
leaf_weight=1.1839729468338189 1373.684862088412 6.6902177423471576 0.42391512967878853 0.050638499436899909 0.15355318455840494 0.2092912082443944 0.43678678749711242 1.2086937684216539 8.1374798839969973 0.029666254034965145 0.11521150605403818 0.19514470733702249 0.87565260255360045 0.40870036371052265 40.743150397960562 0.083615948271471896 0.79342194471973904 0.4246063660539221 0.16805168986320396 17.812807381269526 1223.2139440607571 1.9239712208509439 2.9640346397645754 1.5354687813669441 5.7553799971938133 16.103663982823495 411.40595542357187 2.8122049123048765 4.3549141176044941 3.4469320811331272
leaf_count=2143 74192 6626 19 3 140 57 80 1092 2349 14 73 10 135 25 65752 16 85 81 1 1726 67664 21 33 22 61 141 27107 26 33 23
internal_value=-0.000471288 -0.0216386 0.0136551 0.0827269 0.0707383 0.130383 0.102582 0.0575032 -0.0121425 -0.0210526 0.294484 -0.0260171 0.084331 0.21088 -0.0313302 0.00645471 0.000738271 0.103784 -0.0387113 -4.08184e-05 0.00218529 0.0292361 0.0639572 0.160015 0.0258461 -0.00158059 -0.00710724 0.0183911 0.0564872 0.029877
internal_weight=3127.35 62.3318 13.4287 3.65164 3.601 2.41703 2.20773 1.77095 9.77707 9.35315 0.144878 9.20828 1.0708 0.562254 48.9031 7.99186 7.90825 1.21803 40.9112 3065.01 1253.21 29.9917 12.1789 3.45944 8.71941 1811.81 438.124 26.7177 10.6141 7.80185
internal_count=249750 78701 6140 3540 3537 1394 1337 1257 2600 2581 87 2494 145 165 72561 6808 6792 166 65753 171049 69527 1863 137 43 94 101522 27330 223 82 56
is_linear=0
shrinkage=0.05


Tree=90
num_leaves=31
num_cat=0
split_feature=11 11 12 12 12 8 14 12 3 28 15 10 16 6 15 27 12 0 3 13 12 10 5 7 2 2 2 0 12 28
split_gain=22.7811 5.40994 6.80665 7.19879 10.8906 10.4162 9.43379 8.59295 10.1285 16.2636 7.98164 6.56207 6.51603 9.23409 6.96212 8.25993 6.50595 6.33358 11.0798 11.5978 17.6539 14.7723 8.24177 11.5899 9.12434 13.1635 9.64515 7.99373 6.76515 6.60625
threshold=0.0013726137745512779 0.0047121989698141499 0.018928571428571409 0.034521428571429071 0.033928571428571315 0.48134076514164814 130.50000000000003 0.04523214285714295 0.011863070702264113 -0.001343146977046196 0.99999981916288438 0.025143550627858641 1.0000000180025095e-35 0.0026108069217347959 0.66312754153534315 0.40563828904111726 0.04640357142857101 -0.0022422071130279715 0.015275606267932786 321.50000000000006 0.026860714285714241 0.003428760198258165 0.0050611027051698258 0.0048543689320389265 0.0038035373364289087 0.0068129637644883676 -0.029403280961378338 -0.0061627009568177562 0.023060714285714341 -0.0053140251565458136
decision_type=2 2 2 2 2 2 2 2 2 2 2 2 2 2 2 2 2 2 2 2 2 2 2 2 2 2 2 2 2 2
left_child=-1 -2 -3 4 11 -6 -7 8 -5 -10 -11 17 -9 16 -15 -16 -14 27 19 22 -21 -22 23 24 26 -26 -19 29 -28 -4
right_child=1 2 3 7 5 6 -8 12 9 10 -12 -13 13 14 15 -17 -18 18 -20 20 21 -23 -24 -25 25 -27 28 -29 -30 -31
leaf_value=-0.041794440677685535 -0.0041356221565477273 -0.025672509311265607 -0.010883028833942923 -0.025711648820757972 0.0038530543555913804 0.069509320522382054 0.24125601309543404 0.0023950284130026403 0.13731681748078248 -0.017607694720530791 0.041849952524705636 0.096587782337656122 0.066849572869631127 -0.014515237837013764 0.11131928527499509 0.015281410024591411 -0.0095491369331292611 0.11595155681825697 -0.017591353839888128 0.0016906599176215468 0.030381902013297508 0.21065115448560739 -0.028973932383455876 0.16841218036399405 0.17119593980775655 0.025593792160852433 0.044073803969275897 -0.042386117354587902 -0.031970666108114797 0.055942838413989671
leaf_weight=33.657211293844739 748.37252186518162 24.12579371035099 11.208572510629894 63.513917474076152 2.5081977155059567 1.9805828970856967 1.3408583528362212 1747.1591521431692 2.2964386511594084 20.295363971032206 7.8189248768612734 2.1447968930006018 2.812924805097281 20.886472770944238 2.3310303948819628 56.636919704731554 298.08096298202872 1.6651074662804628 16.065222603268921 3.802844822406767 1.784631537273526 3.1288906447589397 7.3445453699678174 1.4507062956690777 2.2050495259463778 5.2437698217108846 4.0356498886831167 11.943526956252752 10.624368340708314 5.5195370130240944
leaf_count=89600 117797 303 87 948 36 30 17 32941 33 292 84 10 35 234 24 493 5883 15 221 42 36 36 64 9 31 65 45 163 183 50
internal_value=-0.000881098 -0.000435216 0.000748261 0.00102351 0.0145768 0.0807637 0.138843 0.00045012 -0.0143502 0.00937849 -0.0010718 0.0102005 0.0011034 -0.00482357 0.0102913 0.0190778 -0.00883492 0.00804663 0.0176394 0.0313486 0.082575 0.145176 0.0176391 0.0312111 0.022839 0.0686959 0.00191546 -0.0111415 -0.0110369 0.0111666
internal_weight=3121.98 3088.33 2339.95 2315.83 93.9969 5.82964 3.32144 2221.83 93.9246 30.4107 28.1143 88.1672 2127.91 380.748 79.8544 58.968 300.894 86.0224 57.3508 41.2856 8.71637 4.91352 32.5692 25.2247 23.7739 7.44882 16.3251 28.6716 14.66 16.7281
internal_count=249807 160207 42410 42107 1140 83 47 40967 1357 409 376 1057 39610 6669 751 517 5918 1047 747 526 114 72 412 348 339 96 243 300 228 137
is_linear=0
shrinkage=0.05


Tree=91
num_leaves=31
num_cat=0
split_feature=10 5 9 18 14 18 18 4 2 15 12 23 3 30 10 0 0 0 30 0 10 12 8 12 9 12 1 12 8 18
split_gain=11.2611 6.33447 5.17507 5.14797 7.37545 7.17599 6.1182 9.20926 8.74375 8.16434 7.73129 10.1212 10.0165 12.9386 15.1414 7.94702 7.23951 13.8758 15.3785 43.0028 8.27483 10.5117 11.8865 9.83466 9.8385 10.5874 9.33709 8.26017 8.23186 8.22257
threshold=0.00098981349829833031 0.00330290380987731 1.5990096187897092 1.0000000180025095e-35 385.50000000000006 0.0079063022377278795 0.0062184702770787369 0.0075054113086625296 -0.05428214364953942 0.96907214996280067 0.032117857142857288 1.0000000180025095e-35 0.0023390293127135702 -1.1359812537714362 0.0027669486101435299 0.0030660987721876647 -0.001459447267773528 -0.0013475093315699069 0.24381688933684384 -0.0014026730712802247 0.0025174558022169461 0.017924999999999785 0.32084278123669724 0.018928571428571409 1.3232424628676933 0.025357142857143206 -0.0090194313484335247 0.022214285714285745 0.26857462457913323 0.0010433901237990437
decision_type=2 2 2 2 2 2 2 2 2 2 2 2 2 2 2 2 2 2 2 2 2 2 2 2 2 2 2 2 2 2
left_child=1 -1 -3 -2 6 -6 7 10 -9 -10 11 15 13 -13 -15 16 -5 18 19 -18 21 22 28 29 26 -26 -25 -28 -19 -22
right_child=3 2 -4 4 5 -7 -8 8 9 -11 -12 12 -14 14 -16 -17 17 20 -20 -21 23 -23 -24 24 25 -27 27 -29 -30 -31
leaf_value=-0.027185230727022267 0.0012099201684662767 -0.051994336209178732 0.11924644889379832 -0.010322900898955172 0.11337948880475959 0.010450165235047985 0.0016519308606153733 -0.030651795157886488 0.0069987939041624442 -0.020124145051815472 -0.012351480272945428 0.060536601605033574 -0.051537525468738278 0.17610088925754858 0.80116695391655213 -0.028835015398048221 -0.051120367085142261 0.080390185387987562 0.068898806170859236 1.2905699361850547 0.11716857223471942 -0.04486638571506453 -0.0028437909321048526 0.16128590099883292 0.27452711276562597 0.021413201436431648 0.10341361685165683 0.0046806317033937983 0.32015639869005946 -0.055097764620194833
leaf_weight=50.773453655972844 1852.718264320225 0.65485947599518057 1.352322346094297 21.783806078019552 2.6144891865551463 4.8061641789972782 412.65129513602005 19.841719660907984 232.6344773574383 31.502295969519764 438.50270326182363 0.43794611623161472 0.42358689743559808 0.21633491298416518 0.17546588741242886 15.337050599075154 0.12825312945642509 1.0948119859676859 0.40645316292648204 0.11176634009461395 0.86196312640095385 7.8302363088296261 3.781826019694563 1.6011688423459407 1.0600296554621298 0.67698944534640748 2.9196359039633517 7.7190494684618898 0.531905366340652 3.5275983230094425
leaf_count=72978 114701 44 21 1837 26 35 4170 190 3263 482 47192 52 57 46 4 618 39 94 54 40 28 2713 596 29 32 32 60 235 26 113
internal_value=-0.000842229 -0.0237412 0.0633777 -0.000448014 -0.00297994 0.0467148 -0.00328578 -0.00585486 0.00135933 0.00376397 -0.00987874 0.00547401 0.146294 0.247287 0.456033 0.00292986 0.0119458 0.0269867 0.256299 0.573645 0.0222962 -0.00783789 0.0457702 0.0440173 0.0645215 0.175878 0.0487184 0.0317765 0.158789 -0.0212704
internal_weight=3118.68 52.7806 2.00718 3065.9 1213.18 7.42065 1205.76 793.107 283.978 264.137 509.129 70.6259 1.25333 0.829747 0.391801 69.3725 54.0355 32.2517 0.646473 0.240019 31.6052 13.2388 5.40854 18.3664 13.9769 1.73702 12.2399 10.6387 1.62672 4.38956
internal_count=249807 73043 65 176764 62063 61 62002 57832 3935 3745 53897 6705 159 102 50 6546 5928 4091 133 79 3958 3429 716 529 388 64 324 295 120 141
is_linear=0
shrinkage=0.05


Tree=92
num_leaves=31
num_cat=0
split_feature=11 3 14 14 12 14 1 5 12 6 8 4 29 30 8 14 14 14 2 27 1 0 28 30 29 11 1 5 8 30
split_gain=21.0673 4.88843 12.786 12.988 7.94342 7.69988 8.07872 14.6519 13.8338 8.76572 11.728 6.93391 8.0694 6.67721 8.05566 6.57263 10.3064 6.52795 6.60531 6.46027 9.06706 10.606 10.1176 9.21122 7.61226 10.9969 6.74301 7.75602 15.2557 18.6595
threshold=0.0013726137745512779 -0.09986964281894721 74.500000000000014 88.500000000000014 2.1555392857142905 356.50000000000006 -0.0029324318869153316 0.0057528736734814229 0.95285000000000009 0.0027143649121957746 0.78740871725230488 0.010508963639267364 -0.94719228988500503 -0.065875938804455567 0.84639990993007908 208.50000000000003 145.50000000000003 385.50000000000006 0.072900386568996459 0.63849166722417061 -0.010643824682711021 0.0055882357775289835 -0.014007154560238407 0.94755647620734729 -0.047467654372069394 0.0013820503457098205 -0.023041126156725652 0.0016116625786246849 1.3099632804646917 -0.46146011154955907
decision_type=2 2 2 2 2 2 2 2 2 2 2 2 2 2 2 2 2 2 2 2 2 2 2 2 2 2 2 2 2 2
left_child=-1 2 -2 -4 17 6 7 8 11 10 -10 12 -5 -14 -15 16 -9 19 -19 20 21 22 -3 26 -22 -26 -24 -28 29 -29
right_child=1 4 3 5 -6 -7 -8 15 9 -11 -12 -13 13 14 -16 -17 -18 18 -20 -21 24 -23 23 -25 25 -27 27 28 -30 -31
leaf_value=-0.041265956385652336 0.11782626002856474 -0.0022201719597048958 -0.05558782795967581 -0.062944566725634574 -0.025505048343004894 -0.04795802769833752 -0.0080673094167901353 0.018399661731653204 0.15567271983797301 0.1504114953094523 -0.030560176597297619 -0.013499413017859563 0.014774793413704843 0.055381420865550958 0.15848320310463004 0.060805968705086436 -0.030943150960522154 0.089935588665308278 -0.0036947628881237749 0.0012548592727606046 -0.0020878196184763447 -0.021767613123309573 -0.0055403214897518354 0.1332048548414104 0.29919602347728907 -0.012875448004741301 0.00027431183035886355 0.084801306848346802 -0.0037573057662825997 0.023104445270719698
leaf_weight=31.846232308598701 2.6519876420497885 250.3830728502362 7.8017900064587584 1.5545993000268925 32.190900275716558 5.2824409846216431 30.648514283820987 26.561631351709366 1.4261202234774812 4.569633262231946 2.0759668722748756 6.8211823403835288 6.0422943746671107 7.5516586573794537 2.52904994180426 4.7217170149087897 17.591765370219946 4.0022429358214131 3.5584094822406769 1760.8315680215601 353.090910523606 43.271340891718864 40.290352873504162 1.5916466730996024 0.28253372051403758 334.4038749182364 42.658015567576513 17.026384033699287 28.858310091891326 43.731494361825753
leaf_count=89600 16 3224 52 11 907 41 307 161 21 39 33 38 65 62 33 22 99 37 27 99375 25908 436 621 28 175 25275 1179 431 646 938
internal_value=-0.000807034 -0.000389244 0.00918369 0.00688203 -0.000803196 0.0110343 0.0138143 0.0220485 0.048027 0.104797 0.0452776 0.0293227 0.0458464 0.0563361 0.0812476 0.00473634 -0.00125969 -0.000531247 0.0458686 -0.000651536 -0.00355641 0.00181379 0.00421733 0.0134725 -0.0072091 -0.012612 0.0123681 0.017823 0.0261763 0.040394
internal_weight=3115.85 3084 127.83 125.178 2956.17 117.377 112.094 81.4456 32.5705 8.07172 3.50209 24.4988 17.6776 16.123 10.0807 48.8751 44.1534 2923.98 7.56065 2916.42 1155.59 467.811 424.539 174.156 687.777 334.686 172.565 132.274 89.6162 60.7579
internal_count=249807 160207 1000 984 159207 932 891 584 302 93 54 209 171 160 95 282 260 158300 64 158236 58861 7503 7067 3843 51358 25450 3815 3194 2015 1369
is_linear=0
shrinkage=0.05


Tree=93
num_leaves=31
num_cat=0
split_feature=11 11 29 29 11 15 15 28 5 1 5 7 0 27 3 12 14 7 25 10 11 28 28 5 10 14 10 14 15 27
split_gain=19.8571 4.73952 6.29745 6.18042 6.06344 7.44008 12.614 15.4508 8.12982 15.4945 22.1787 8.62486 11.8211 9.06686 7.40895 7.08909 12.3835 7.29678 7.05182 13.8186 12.8612 6.91871 7.08515 6.9025 7.8557 5.98443 17.7523 22.7896 19.3256 32.7768
threshold=0.0013726137745512779 0.0047121989698141499 2.6956092188112897 3.2747251105308548 0.0090689782117241765 0.93548385336456252 0.84201103066834837 -0.0081932992987342138 0.0041841004184099877 -0.051147738514266343 0.0035161744022502981 0.0040175424141563861 -0.0032013017602491862 3454.5000000000005 0.029692981396914123 0.58857500000000085 230.50000000000003 0.0055662750923837394 1.0000000180025095e-35 0.0054127113443206516 0.005181380004823685 -0.0096020595662732692 -0.014007154560238407 0.0024456787576667047 0.025143550627858641 127.50000000000001 0.0029942929376444035 97.500000000000014 0.60869559924383487 0.67787344160327423
decision_type=2 2 2 2 2 2 2 2 2 2 2 2 2 2 2 2 2 2 2 2 2 2 2 2 2 2 2 2 2 2
left_child=-1 -2 25 -4 14 6 8 -8 9 10 21 13 -13 -11 18 17 -17 -10 -5 20 -20 22 23 24 -6 26 27 -3 -29 -30
right_child=1 2 3 4 5 -7 7 -9 15 11 -12 12 -14 -15 -16 16 -18 -19 19 -21 -22 -23 -24 -25 -26 -27 -28 28 29 -31
leaf_value=-0.040860001936863122 -0.0038503075970736538 0.0079303264745044476 -0.022857850210506628 -0.0093096067764827928 -0.030347509221170091 -0.018798776077204198 0.1886270703347328 0.028099004190450722 0.00784113204781825 -0.015247903906537887 0.20684928518301443 0.11276454657227397 0.0082703835083648269 0.094759257042402081 -0.031299571323818824 -0.037462091591124423 0.078576598380185034 -0.027952591134191979 0.19356193111987358 -0.0090819414593706436 0.039330512564158385 -0.055053982946037798 0.15397430520165781 -0.055608100905733419 0.09217241616661459 -0.0002075872999194501 0.0034385279753134873 0.036776270158309608 0.38650092010148779 0.095457213555852141
leaf_weight=30.586518242314924 743.81341155373957 31.430170407984406 41.707231271546334 122.21838784147985 1.8301943838596306 35.468215486500412 1.5892413980327571 26.386555478908122 69.318883591331542 35.852069877786562 2.2327255867421618 3.7293462455272666 9.8685630857944471 1.9763269452378143 32.606879978673533 27.391517924144868 2.5098772235214701 17.918849967420101 1.8101940569467867 12.257089807651935 5.3364830720238388 1.8132247403264035 1.4332293756306178 1.7178704030811784 4.5881339106708765 1157.6250809612684 669.05207200348377 11.667242582188921 1.1400162936188269 6.3874512556940317
leaf_count=89600 117797 915 751 2396 24 423 18 359 657 731 30 30 103 32 630 287 14 118 40 149 116 30 22 27 58 26260 7454 448 49 239
internal_value=-0.000771556 -0.000373796 0.000731817 -0.0045006 -0.00267704 0.00238359 0.00595855 0.0372182 0.00115829 0.015333 0.0627616 0.00277603 0.0369288 -0.00950063 -0.00981142 -0.00671224 -0.027722 0.000489011 -0.00486401 0.0231374 0.0783961 0.0344986 0.0514671 0.03341 0.0572357 0.00201828 0.00559866 0.0341467 0.0770745 0.139535
internal_weight=3113.26 3082.68 2338.86 461.561 419.854 245.625 210.157 27.9758 182.181 65.0417 13.6154 51.4263 13.5979 37.8284 174.229 117.139 29.9014 87.2377 141.622 19.4038 7.14668 11.3827 9.56943 8.1362 6.41833 1877.3 719.677 50.6249 19.1947 7.52747
internal_count=249807 160207 42410 7045 6294 2963 2540 377 2163 1087 191 896 133 763 3331 1076 301 775 2701 305 156 161 131 109 82 35365 9105 1651 736 288
is_linear=0
shrinkage=0.05


Tree=94
num_leaves=31
num_cat=0
split_feature=11 11 12 12 12 30 11 12 3 28 15 2 1 9 30 30 8 9 3 12 10 13 13 15 12 28 4 13 4 10
split_gain=18.7066 4.27808 6.21306 6.26767 9.11836 9.93825 8.42619 7.81733 9.3623 13.1278 7.13762 5.90844 5.61806 8.57893 5.57209 6.43 7.1443 5.96966 8.79071 11.0672 9.89138 6.54921 19.0795 6.33155 5.88784 13.1295 9.34246 17.3109 20.6293 8.63599
threshold=0.0013726137745512779 0.0047121989698141499 0.018928571428571409 0.034521428571429071 0.0332857142857143 0.21287270160498825 0.0066764129301731118 0.04523214285714295 0.011863070702264113 -0.001343146977046196 0.99999981916288438 0.044668138456241409 -0.0034157453517837939 0.48780936330944685 -2.6700544439059786 -5.2221631384704787 1.398371577540197 2.8104740076477088 -0.025339044869186807 0.45321428571428518 0.012652713092426675 269.50000000000006 284.50000000000006 0.9833333196759334 1.6265214285714327 -0.0092230993917220543 0.0053255649905826347 250.50000000000003 0.004484107803100588 0.0083703855058075271
decision_type=2 2 2 2 2 2 2 2 2 2 2 2 2 2 2 2 2 2 2 2 2 2 2 2 2 2 2 2 2 2
left_child=-1 11 -3 4 -4 -6 -7 8 -5 -10 12 -2 13 -11 15 -9 -17 18 19 20 -18 -20 -23 -19 -16 26 27 -26 -29 -28
right_child=1 2 3 7 5 6 -8 14 9 10 -12 -13 -14 -15 24 16 17 23 21 -21 -22 22 -24 -25 25 -27 29 28 -30 -31
leaf_value=-0.040442323385625575 -0.0038126955393600506 -0.024806742953876984 0.008243016229273625 -0.024932591053466329 0.01090293342239354 0.17029687231432514 0.036036753513022178 -0.00021086736247137003 0.11787952984879209 0.11842588814567534 0.038802536879354872 0.13704986330442567 -0.027965306220331429 -0.054916101801617406 0.0028280870226280418 -0.024155413630532113 -0.013651182668745675 -0.032562167696407011 -0.018288499846629672 0.1756797473346477 0.15556303648784747 0.15850611326391684 -0.0080848950083996299 0.07646261957757261 -0.052030252932487302 -0.030925758139445914 -0.027185432159873586 0.047694396862305109 0.3906561901526347 0.047362169866464507
leaf_weight=29.387765523424605 740.44559238784132 23.655841113068163 84.988614088855684 62.205759773030877 5.1562679004855436 2.6545668747276068 2.0877114259637892 296.34784796624444 2.5323557481169727 1.7279399773106043 8.0408119577914459 0.745174840092658 17.077933826018125 1.2161549031734464 1657.1588525730185 70.442129223607481 3.6311843409202984 15.588397444225849 16.692850039806221 1.6850972913671283 1.1331145465373991 2.310591232031582 6.7095997487194836 1.4560684449970711 1.1057767556048959 37.050553395180032 8.8925100117921811 0.98753823805600383 0.78860021196305752 6.8989447206258765
leaf_count=89600 117792 303 1003 948 74 39 24 4337 33 30 84 5 243 19 31715 1334 82 228 325 25 9 32 79 24 39 1141 134 32 18 56
internal_value=-0.000739309 -0.000360657 0.000687811 0.000948151 0.0135327 0.0589498 0.111191 0.00041067 -0.0137949 0.0088502 -0.000988475 -0.00367108 -0.0169685 0.0468213 0.00102991 -0.00416075 -0.0139439 0.000674505 0.0133525 0.0655469 0.0265938 0.000260928 0.0345887 -0.0232484 0.00229053 -0.0136957 0.0204912 0.103278 0.199968 0.0053828
internal_weight=3110.8 3081.41 2340.22 2316.57 94.8872 9.89855 4.74228 2221.68 92.801 30.5952 28.0628 741.191 20.022 2.94409 2128.88 415.997 119.649 49.2069 32.1624 6.4494 4.7643 25.713 9.02019 17.0445 1712.88 55.7239 18.6734 2.88192 1.77614 15.7915
internal_count=249807 160207 42410 42107 1140 137 63 40967 1357 409 376 117797 292 49 39610 6475 2138 804 552 116 91 436 111 252 33135 1420 279 89 50 190
is_linear=0
shrinkage=0.05


Tree=95
num_leaves=31
num_cat=0
split_feature=10 4 4 2 18 10 3 14 4 8 18 4 8 4 9 15 8 6 7 4 30 6 15 27 3 8 14 28 14 27
split_gain=10.5488 8.11915 15.6377 8.23703 5.54749 11.4048 7.9091 9.10748 12.4287 14.6726 20.4581 9.54665 7.4886 7.21397 14.0865 12.9568 15.8152 8.21693 13.8807 13.4977 17.9854 27.5494 19.1428 18.5524 32.7327 31.4826 28.6745 11.6458 10.3553 8.84126
threshold=0.0012026186430926964 0.0034634134885761707 0.0035034767875543539 -0.0042860949766734815 0.0062184702770787369 0.0042772372064616157 0.0027432154667147439 71.500000000000014 0.0018016010381093348 1.1700406165707877 0.0092300592808206433 0.0047039091903124195 0.35787137462447433 0.0044216904061327054 0.58371926770073934 0.64285705102035984 0.20514080332075177 0.0014066829818019653 0.00035274737350608553 0.0036188178528347311 0.58675677105486412 0.0024278228274629194 0.35353534639323586 2.2353853726945738 1.0000000180025095e-35 0.48717524258188066 120.50000000000001 -0.0092230993917220543 385.50000000000006 0.99252973274619605
decision_type=2 2 2 2 2 2 2 2 2 2 2 2 2 2 2 2 2 2 2 2 2 2 2 2 2 2 2 2 2 2
left_child=1 -1 3 -3 13 6 7 -6 12 10 11 -10 -9 14 17 16 -16 28 29 20 21 22 -20 24 27 -26 -27 -24 -2 -19
right_child=4 2 -4 -5 5 -7 -8 8 9 -11 -12 -13 -14 -15 15 -17 -18 18 19 -21 -22 -23 23 -25 25 26 -28 -29 -30 -31
leaf_value=-0.024999705050149462 -0.0012497641517318814 0.36205928999133041 0.0050831237186105991 -0.050289434860043017 -0.05206676698943935 0.0028340252700880999 0.0050254436579333104 0.076110991214916213 0.41693216269731564 0.057989560512574569 0.012844293017737998 0.19875727816607119 -0.021721712079808622 0.0011466847079816258 0.40847941813574296 -0.00048117250768745575 -0.019144108007529269 -0.029778289249387642 0.0025793935990985552 0.012702710338492147 0.0083869107972485979 0.63234455850824423 0.27151869783164706 0.040248602472887474 1.0311915645709431 0.63464367183849024 -0.05184428907816712 -0.051174985328625737 0.10110416186057024 0.033335987187594354
leaf_weight=69.480291986343218 483.19138118869159 0.4789887145452667 13.558017751754958 0.16209546770551142 1.9084227342391411 375.09300772147253 15.521224679716395 3.1929978586267698 0.74473048583604295 7.4208733467385173 1.17004614835605 1.5345409438014028 5.0490219297353178 1671.5836266129336 0.21641341550275583 162.54608869673393 240.08183310624736 12.758557762455895 1.7899101558723503 8.2117564326035772 3.1076379396254197 0.29213577421614889 0.60223422851413488 1.0640852987417018 0.23075736523605872 0.36413185496348888 0.261250395065872 0.52188283306895777 2.4838161505758753 9.8192904822353722
leaf_count=96631 39593 31 1656 79 82 3478 282 37 24 152 13 34 69 32622 8 28140 44705 733 158 329 186 14 10 69 14 30 22 53 22 620
internal_value=-0.000448091 -0.017959 0.0164931 0.257799 3.85979e-05 0.00543169 0.0320961 0.0520845 0.0624843 0.097594 0.182799 0.270044 0.0161791 -0.000815529 -0.00435176 -0.011384 -0.018759 0.00104731 0.0231212 0.0580614 0.103297 0.160833 0.132339 0.208631 0.29911 0.532045 0.347867 0.121705 -0.000726311 -0.00232938
internal_weight=3094.44 83.6794 14.1991 0.641084 3010.76 411.635 36.5419 21.0206 19.1122 10.8702 3.44932 2.27927 8.24202 2599.13 927.543 402.844 240.298 524.699 39.0236 16.4458 8.23403 5.12639 4.83425 3.04434 1.98026 0.85614 0.625382 1.12412 485.675 22.5778
internal_count=249896 98397 1766 110 151499 4171 693 411 329 223 71 58 106 147328 114706 72853 44713 41853 2238 885 556 370 356 198 129 66 52 63 39615 1353
is_linear=0
shrinkage=0.05


Tree=96
num_leaves=31
num_cat=0
split_feature=11 12 3 8 28 10 6 11 3 8 12 14 29 11 28 11 11 18 29 3 3 10 6 13 30 27 4 29 28 14
split_gain=17.6419 7.87444 9.43942 10.4866 9.06631 16.5182 11.9378 10.3641 15.0061 11.5777 11.5472 14.1058 18.068 14.8719 10.2899 21.1905 16.6706 51.5925 22.4326 51.3014 11.5603 11.73 18.7964 10.9287 10.478 10.1943 14.7744 16.1025 54.8148 11.9065
threshold=0.0012675410501146219 0.31180714285714378 0.036413637049100285 1.8072112984039774 -0.00064500060309983424 0.0041774059292111589 0.003732489628819446 0.0050582006099719494 0.021062790091882725 0.14337063177040485 0.39844999999999792 234.50000000000003 0.99735319018035928 0.023167822723696271 -0.0014338835896410451 0.0047121989698141499 0.0021697293945599078 0.0016268980477223082 -0.57775614245258333 -0.0051989802758963246 -0.028777531991027724 0.002573818819879958 0.00040816326530613455 323.50000000000006 0.57995345327202286 1.4262373299696727 0.0077821011673151206 -0.76900398977984141 -0.0055824689077356949 17.500000000000004
decision_type=2 2 2 2 2 2 2 2 2 2 2 2 2 2 2 2 2 2 2 2 2 2 2 2 2 2 2 2 2 2
left_child=-1 2 -2 -4 7 6 -6 8 9 -3 -9 -12 -13 -14 20 16 17 18 19 -16 21 22 -11 -23 -21 -22 27 28 -27 -29
right_child=1 4 3 -5 5 -7 -8 10 -10 14 11 12 13 -15 15 -17 -18 -19 -20 24 25 23 -24 -25 -26 26 -28 29 -30 -31
leaf_value=-0.045775232670174165 0.00015388208116956026 0.3641183573388172 0.013286711296606801 -0.013375389218036472 -0.029343299251575691 -0.0032191886371922031 0.028474245374093616 -0.020601283794896504 0.45519462741083716 0.38765324516928318 -0.00078412991026638424 0.0023465650964720952 0.15446534767285949 0.011510958912974862 3.8063793139752571 0.31871840970569026 -0.00097421695052428881 3.0390459156069491 0.086747744546271641 0.98463876537958572 -0.0079856041603133792 0.013759890680522644 0.019552145085172827 0.21947657169915133 -0.050041456143660817 1.8575048079544794 0.22151713614878346 0.36420000272596698 -0.050381967712819734 0.0071836712071740409
leaf_weight=21.306445190683007 1885.3511662165402 0.2405474960396522 265.78158983541653 42.821394827682525 112.63340360802249 326.57275346806273 9.6963513982482237 69.398487010039389 0.19672720087692042 0.6811341227730725 273.38014286616817 10.849635422229769 4.9573187604546538 2.8741311989724636 0.012965169647941366 0.80496041290462006 3.9993878970853984 0.016185943240998313 0.71941628228523691 0.048201430588960426 43.425149732589489 5.272767769638449 0.7065318786771968 0.73568772338330735 0.049695200985297561 0.052409121650271118 1.0922039984725405 0.24010844333679315 0.13365867306128976 8.5280917599739023
leaf_count=77465 128360 38 3647 479 16730 4908 220 1393 7 39 5612 97 36 19 15 28 522 22 778 1 7540 158 54 19 84 11 25 39 49 1501
internal_value=-0.000434754 -0.000120212 0.00148077 0.00958711 -0.00412386 -0.00908936 -0.0247604 0.0010791 0.0191483 0.0178633 -0.00226799 0.0020883 0.0441236 0.102001 0.0166112 0.0811532 0.0416905 0.243273 0.188771 0.85083 0.0106192 0.0692088 0.200234 0.0389483 0.459405 0.00251521 0.0479042 0.0267277 0.487006 0.0169602
internal_weight=3092.58 3071.27 2193.95 308.603 877.318 448.903 122.33 428.416 66.9558 66.7591 361.46 292.061 18.6811 7.83145 66.5186 5.65081 4.84585 0.846464 0.830278 0.110862 60.8677 7.39612 1.38767 6.00846 0.0978966 53.4716 10.0465 8.95427 0.186068 8.7682
internal_count=249896 172431 132486 4126 39945 21858 16950 18087 10930 10923 7157 5764 152 55 10885 1450 1422 900 878 100 9435 270 93 177 85 9165 1625 1600 60 1540
is_linear=0
shrinkage=0.05


Tree=97
num_leaves=31
num_cat=0
split_feature=11 12 11 12 28 13 4 13 12 11 9 11 9 12 8 5 15 28 5 28 11 8 10 5 9 10 5 30 8 11
split_gain=16.689 7.30521 8.95141 13.0246 8.28436 10.5445 15.4773 11.0629 9.98657 11.0482 9.65502 18.6533 16.1476 11.3145 10.6338 14.5513 16.079 22.7497 35.7935 17.7193 17.7563 17.702 9.49853 8.9891 8.99321 11.5466 18.0609 12.0213 8.92322 8.78156
threshold=0.0012675410501146219 0.31180714285714378 0.0022911875723355423 0.017924999999999785 -0.01227182388049518 265.50000000000006 0.0060858793339212108 350.50000000000006 0.84851071428571412 0.0031804094982683605 0.9438884134081561 0.019846536179586625 0.93828523629083294 0.35020357142857117 0.61076943681874696 0.0024113939374809565 0.18317843917272159 -0.00080297577984951628 0.0021378012748976024 -0.0012973636693287543 0.0065128669162487678 0.6437015333366245 0.011509764943924593 0.0022804381378503575 2.6854787833428779 0.0029942929376444035 0.002110827987131142 -2.3414229618385209 0.81683619656847839 0.012350785026408044
decision_type=2 2 2 2 2 2 2 2 2 2 2 2 2 2 2 2 2 2 2 2 2 2 2 2 2 2 2 2 2 2
left_child=-1 2 3 -2 23 6 -6 8 9 -7 12 -12 13 -11 -15 16 -16 18 19 20 21 -18 -17 24 25 26 27 -3 -8 -26
right_child=1 4 -4 -5 5 7 28 -9 -10 10 11 -13 -14 14 15 22 17 -19 -20 -21 -22 -23 -24 -25 29 -27 -28 -29 -30 -31
leaf_value=-0.045544355095012416 0.033227400804226086 0.31523371802861966 0.0020483006025073442 -0.022399712645656666 -0.023198093121849603 -0.019499239327946529 0.0077554822557074302 -0.030939728805083118 -0.024203018357208381 -0.014550825966422848 -0.0089321710453592173 0.09352722668622046 0.24810072009575973 -0.0074210725239279799 -0.053118770915052828 0.013879643485079189 0.38103163598729239 0.053199657168663074 0.46738771777205079 0.38099461413093583 0.29212157464117483 0.0057987411402337791 0.11185354727580553 -0.0020991521251679112 0.013500957169379241 0.0046010428865098513 0.36583973767199907 0.036017237898060432 -0.010777712920014806 0.13259572517017612
leaf_weight=20.367499362837407 12.282087908941319 0.40533874672837455 2110.44703369739 73.463324794458458 166.93430980335688 25.70592941265204 102.80772249493748 22.269329446338816 23.482711946970085 15.082155417883767 50.894615007564425 4.8669227212667456 0.81645654793828626 13.003328296123071 2.2384379829745766 30.525789133273065 0.34610517229884896 14.044832969782874 0.86251827143132676 0.57657609321177083 0.85948885930702079 3.4215606348589063 2.6920298263430587 153.33923581134877 2.8883129912428549 48.94782132608816 0.47783182101557109 7.8711614482453998 176.36052287311759 3.3351279255002737
leaf_count=77465 1713 14 63844 66929 11658 12925 1467 2266 2620 366 1087 24 16 373 108 631 16 363 25 22 13 173 15 1900 54 777 24 397 2575 36
internal_value=-0.000433544 -0.000134384 0.00140487 -0.0144317 -0.00399757 -0.00679354 -0.0111544 0.00239628 0.00631547 0.0106343 0.0161582 1.05876e-05 0.0268178 0.0246581 0.0332821 0.042807 0.0740004 0.0881492 0.169066 0.119619 0.0870498 0.0402684 0.0218196 0.0044675 0.020219 0.01406 0.0669479 0.0496918 -0.0039526 0.0773236
internal_weight=3091.62 3071.25 2196.19 85.7454 875.056 657.791 446.103 211.689 189.419 165.937 140.231 55.7615 84.4693 83.6528 68.5707 55.5673 22.3495 20.1111 6.06625 5.20373 4.62715 3.76767 33.2178 217.265 63.9256 57.7022 8.75433 8.2765 279.168 6.22344
internal_count=249896 172431 132486 68642 39945 36743 15700 21043 18777 16157 3232 1111 2121 2105 1739 1366 720 612 249 224 202 189 646 3202 1302 1212 435 411 4042 90
is_linear=0
shrinkage=0.05


Tree=98
num_leaves=31
num_cat=0
split_feature=11 12 3 8 26 15 6 13 4 12 1 13 13 2 3 13 11 9 9 27 18 4 13 3 1 30 9 9 13 13
split_gain=15.7935 6.66633 8.36726 9.39158 9.84388 9.00606 8.06084 7.59082 11.1318 8.35382 8.70212 7.62606 10.3619 11.1098 9.98508 7.62709 11.9509 9.57865 19.0396 11.799 11.338 10.1054 17.0667 8.46813 8.01223 9.37557 8.54801 7.5149 10.5908 9.9108
threshold=0.0012675410501146219 0.31180714285714378 0.036413637049100285 1.8072112984039774 1.0000000180025095e-35 0.27499998624999789 0.00026189312427419756 158.50000000000003 0.0024953524094647531 0.41499642857142921 -0.0016663662010656941 176.50000000000003 198.50000000000003 -0.025879657084594717 0.042092037179290227 266.50000000000006 0.010415754975535494 0.9438884134081561 0.93828523629083294 0.63849166722417061 0.015592335813571379 0.002516394167017546 370.50000000000006 0.031694167178341955 0.010747246761088404 0.098469598748460688 2.4843635928321297 1.3232424628676933 318.50000000000006 313.50000000000006
decision_type=2 2 2 2 2 2 2 2 2 2 2 2 2 2 2 2 2 2 2 2 2 2 2 2 2 2 2 2 2 2
left_child=-1 2 27 4 5 -4 -6 9 -9 -3 -11 -10 13 -13 -15 16 -14 18 21 -20 23 22 -17 24 -19 26 -26 -2 29 -29
right_child=1 7 3 -5 6 -7 -8 8 11 10 -12 12 15 14 -16 17 -18 20 19 -21 -22 -23 -24 -25 25 -27 -28 28 -30 -31
leaf_value=-0.045304904409881892 -0.0017778407933133401 -0.02016794143739567 -0.015284693356839886 -0.012909109657754948 0.08871535407477793 0.01374438661844809 0.0043514482937882593 -0.028993165946704386 -0.038087779555406015 0.046727164379426409 0.0041402405702455798 0.15168946043757298 -0.016543231309182851 -0.029237460132642397 0.070705346061054414 0.069618053494876445 -0.00077192109926446434 -0.0091233078804618725 0.36666963259546592 0.069901486842231422 0.10506660428771356 0.0096116370895572099 0.73272567114616538 -0.033257965968763993 0.0039235012136944565 0.13633682549340928 0.16268598252461386 0.007295565496946506 -0.012288748035297293 0.057751118646197475
leaf_weight=19.474012406804832 1401.2038558243366 14.739198084920643 30.296373083256185 42.496560943080112 7.4435798136983049 226.2272175187245 4.5696796234697104 46.127956353768241 15.786995338276027 21.342263363301754 27.389490162953734 1.9703743383288372 203.91613409278216 4.8945842357352358 5.1064156219363213 0.40816920300130632 292.29339193133637 58.540805172611726 0.58994174032704794 0.77480266598286107 2.1753002777695647 133.39544425078202 0.127294995036209 28.72924786771182 10.548084162641313 1.9097668729955319 0.92193329939618784 404.29442024588934 71.814913864654955 9.9727129759266955
leaf_count=77465 103448 145 439 479 109 3026 73 13649 138 169 211 11 8786 61 26 81 5241 4670 20 32 11 6099 8 284 248 28 27 15463 8563 886
internal_value=-0.000419146 -0.000134422 0.00133274 0.00893131 0.0123876 0.0103159 0.0566245 -0.00383448 -0.00514203 0.0128154 0.0227914 -0.00369836 -0.0029709 0.0431722 0.0217924 -0.00372314 -0.0072531 0.00363279 0.0123752 0.198186 -0.00787033 0.0104818 0.227258 -0.0103112 -0.00114492 0.0337631 0.0166845 8.04642e-05 0.00543731 0.00851019
internal_weight=3089.48 3070.01 2198.32 311.033 268.537 256.524 12.0133 871.688 808.217 63.471 48.7318 762.089 746.302 11.9714 10.001 734.33 496.21 238.121 135.296 1.36474 102.825 133.931 0.535464 100.65 71.9206 13.3798 11.47 1887.29 486.082 414.267
internal_count=249896 172431 132486 4126 3647 3465 182 39945 39420 525 380 25771 25633 98 87 25535 14027 11508 6240 52 5268 6188 89 5257 4973 303 275 128360 24912 16349
is_linear=0
shrinkage=0.05


Tree=99
num_leaves=31
num_cat=0
split_feature=4 9 13 2 14 14 8 8 9 7 1 28 8 13 27 14 8 29 29 8 6 0 0 15 13 28 0 2 18 8
split_gain=6.78052 14.5469 12.1639 14.3698 7.37353 11.0377 8.26445 6.99086 8.5712 8.32431 7.98928 9.93042 11.0653 9.08694 8.31053 7.71853 7.61312 9.15905 11.1986 9.01844 7.97753 14.9197 7.42184 14.2338 30.0864 8.79844 7.18593 10.3954 15.6001 7.09865
threshold=0.0044216904061327054 0.58371926770073934 240.50000000000003 -0.01131963383331641 337.50000000000006 240.50000000000003 0.20514080332075177 1.0149520372952245 3.1182253874064587 0.0011109653826934147 0.0075887720170915171 0.0033225666067085561 1.7351471482633196 283.50000000000006 2.3466339173421997 62.500000000000007 1.2928414549429428 0.51879796795480793 0.41544459754675861 3.298200461301152 0.001201102263311865 0.0013094408229025192 -0.001625354675227064 0.66312754153534315 276.50000000000006 -0.020828675146670018 0.0045715102069970879 0.0030579396376276828 0.00029034599632468672 2.0546046269459608
decision_type=2 2 2 2 2 2 2 2 2 2 2 2 2 2 2 2 2 2 2 2 2 2 2 2 2 2 2 2 2 2
left_child=1 -1 3 -3 5 6 -2 8 -4 10 26 12 13 -12 -14 -15 17 18 20 -18 -13 -22 23 29 -25 -24 -9 -28 -29 -11
right_child=4 2 7 -5 -6 -7 -8 9 -10 22 11 16 14 15 -16 -17 19 -19 -20 -21 21 -23 25 24 -26 -27 27 28 -30 -31
leaf_value=0.0012190987246716045 -0.027652270781781802 -0.031208085779419421 -0.021326104994398253 0.014344311934830437 -0.030918782093024608 0.019928374300790742 0.0013107227000492135 -0.021060011624304011 0.4354290668684786 0.002750450944777663 -0.051512779058665907 0.01069850860858854 0.083710884251505704 -0.052186512861040917 0.40812801147814065 0.25384552063693999 -0.045014257779963658 -0.022653041334420122 0.35201624470326992 0.19933810087790574 0.023227913258752654 0.39834632915429019 0.14847797564867701 0.56249450568627413 0.019306524883379226 -0.0019996304090387318 -0.05147007800026341 0.399999746018042 0.044236179191285703 0.13096862641853332
leaf_weight=686.25728423136752 24.970530653139576 21.880119973560795 191.44763966013852 82.940512533765286 17.47485149698332 79.657458439236507 1806.854140871088 106.60788295351085 0.10276555665768583 5.496675581613089 1.1716988996486213 2.3470030687894905 0.36268651275895525 0.30205015742103558 0.43318323028506711 0.64815644867485389 7.613700330592108 3.3191631632507779 0.37073534142109554 0.39731053408468131 0.66077256976859622 0.44263880414655432 0.99607703275978465 0.40738268708810188 0.68117482849629596 39.223198721258086 1.1206540723796927 0.43975115782814089 1.0295545645640229 1.3432921193743821
leaf_count=73005 343 318 64768 1660 177 618 34501 64193 8 696 91 227 15 30 27 29 756 283 31 23 38 25 27 23 39 7654 73 10 51 157
internal_value=-0.000403011 -0.00342736 -0.0101861 0.00483576 0.00141265 0.00170822 0.000915913 -0.0144769 -0.0210811 -0.00726535 -0.0139648 0.0168319 0.101298 0.0416659 0.260288 0.156565 0.000565701 0.0381072 0.0908853 -0.0328955 0.0628276 0.173708 0.0104431 0.054657 0.22259 0.00172712 -0.0190608 0.0632302 0.150713 0.027931
internal_weight=3087 1158.04 471.786 104.821 1928.96 1911.48 1831.82 366.965 191.55 175.415 127.267 18.0691 2.91778 2.12191 0.79587 0.950207 15.1513 7.14031 3.82115 8.01101 3.45041 1.10341 48.1478 7.92853 1.08856 40.2193 109.198 2.58996 1.46931 6.83997
internal_count=249896 214257 141252 1978 35639 35462 34844 139274 64776 74498 65902 1575 192 150 42 59 1383 604 321 779 290 63 8596 915 62 7681 64327 134 61 853
is_linear=0
shrinkage=0.05


Tree=100
num_leaves=31
num_cat=0
split_feature=11 14 3 13 8 9 3 0 15 7 11 8 27 2 11 11 13 29 27 27 15 4 3 15 3 14 9 27 11 5
split_gain=13.2408 7.98361 7.85074 10.3494 7.45449 9.19867 10.4476 7.13894 6.46507 7.80138 8.68841 7.83119 6.68202 5.27811 5.2673 13.711 10.1727 11.134 17.851 15.5474 14.3609 12.214 10.2328 10.0744 9.69493 9.09463 8.76935 8.21327 7.34011 7.22716
threshold=0.0018936928842952312 337.50000000000006 -0.09986964281894721 315.50000000000006 0.14337063177040485 0.19012649942181856 -0.0044052863436123127 0.0016810875126366256 0.96491224684514199 0.0016816791657409927 0.030799007092953936 0.3748058838608731 0.19474332025039601 0.006636950077524629 0.014223252103703643 0.011295578106560076 231.50000000000003 -0.80682075954170129 2.0070654158572929 253.50000000000003 0.23255812871823642 0.0080961274375244748 0.031694167178341955 0.93939084496121195 0.016547697371203322 319.50000000000006 0.075099497060411344 0.71868248916360178 0.011784175178464171 0.00033193551603434606
decision_type=2 2 2 2 2 2 2 2 2 2 2 2 2 2 2 2 2 2 2 2 2 2 2 2 2 2 2 2 2 2
left_child=4 2 3 8 5 7 -7 -1 9 10 -2 -12 -11 -3 15 25 17 26 20 21 28 -20 -21 -22 -18 -4 -17 -27 -19 -30
right_child=1 13 14 -5 -6 6 -8 -9 -10 12 11 -13 -14 -15 -16 16 24 18 19 22 23 -23 -24 -25 -26 27 -28 -29 29 -31
leaf_value=-0.0313491412077362 0.010835708567793605 -0.030722991580371836 -0.00039147578568638234 0.11072332767284887 -0.026432198160498785 0.59199699944228523 0.093224236326413634 0.15833604916787325 -0.047902481786166601 -0.034389237530875048 0.12729286004281665 0.039141589717247405 0.0086148072125253224 0.00037174238981969567 -0.0047065185743175066 -0.059698290251301717 0.014505874125845586 -0.0054714187325469107 0.21764071848406125 0.10371541212337028 -0.032691835075191293 0.087030691136816177 -0.025278614885444535 0.051046871912745317 -0.0062849437670297924 -0.00022093294639961383 0.021973470111014616 0.085330490531697528 0.12224654571353158 0.043013175034184933
leaf_weight=1.9791694491577798 35.96182698244229 33.540464129764587 2094.6446855331596 2.6625538803637019 60.355328155099414 0.15493159372999799 0.32571621448732901 0.66192346419848025 4.4760101391002527 11.191812388598917 2.8828872125595835 19.986685789190233 46.827845860272646 23.009575872682035 434.99660105956718 5.405757561326026 147.79887497611344 3.6720457151532164 2.8960490301251394 2.7076435796916485 12.884029055014254 4.6866555139422417 3.5572836622595787 4.9800493009388438 90.346877473406494 5.3446594784036261 8.3846192583441717 5.9050344787538052 4.866282641887663 7.0438635423779488
leaf_count=1433 299 445 100368 14 134952 43 191 40 44 69 21 160 334 257 5680 46 2606 31 25 23 112 29 25 46 1745 96 66 75 43 53
internal_value=6.43265e-05 0.000539243 0.000894292 0.0132098 -0.0225354 0.0528054 0.253998 0.0161907 0.0110699 0.0133288 0.0261587 0.0502537 0.00031946 -0.0180709 0.000356639 0.00127237 0.0112874 0.0294903 0.0410173 0.0887576 0.0212516 0.136914 0.0304714 -0.00934762 0.00661833 -0.000150674 -0.0100414 0.0446855 0.0563319 0.0753866
internal_weight=3084.14 3020.66 2964.11 123.99 63.4771 3.12174 0.480648 2.64109 121.327 116.851 58.8314 22.8696 58.0197 56.55 2840.12 2405.12 299.23 61.0843 47.2939 13.8476 33.4463 7.5827 6.26493 17.8641 238.146 2105.89 13.7904 11.2497 15.5822 11.9101
internal_count=249371 112712 112010 941 136659 1707 234 1473 927 883 480 181 403 702 111069 105389 4850 499 387 102 285 54 48 158 4351 100539 112 171 127 96
is_linear=0
shrinkage=0.05


Tree=101
num_leaves=31
num_cat=0
split_feature=11 12 14 3 10 4 14 14 12 10 28 3 29 12 14 10 15 14 14 12 11 3 29 10 28 7 11 10 14 10
split_gain=12.2545 11.5201 7.29786 7.02282 6.93811 11.8925 11.4419 8.22954 6.86887 10.0744 6.77862 12.73 6.6185 6.39515 6.13953 6.00771 6.52059 5.93941 6.22085 5.87699 17.3914 8.3677 12.5044 12.7365 9.34214 8.82026 5.78355 5.55993 8.53592 5.35211
threshold=0.0018936928842952312 0.066457142857143034 337.50000000000006 -0.09986964281894721 0.012652713092426675 0.015525595114425266 138.50000000000003 206.50000000000003 1.1068107142857151 0.025143550627858641 0.041531763879764094 0.063287560461070771 19.556456923321111 0.052142857142858191 74.500000000000014 0.0041774059292111589 0.047142138797320453 121.50000000000001 129.50000000000003 1.6265214285714327 0.0021320380395855893 -0.030729184804047512 8.9641170728836226 0.0031252725754249856 -0.013060449581112488 0.0024503235228689967 0.012890202600785768 0.0032677555137688562 136.50000000000003 0.00099715225882268991
decision_type=2 2 2 2 2 2 2 2 2 2 2 2 2 2 2 2 2 2 2 2 2 2 2 2 2 2 2 2 2 2
left_child=1 29 3 4 14 8 -7 -8 9 -6 13 -12 -10 26 -2 16 -16 -17 -19 -5 -21 22 23 24 -22 -24 -4 -18 -29 -1
right_child=2 -3 10 19 5 6 7 -9 12 -11 11 -13 -14 -15 15 17 27 18 -20 20 21 -23 25 -25 -26 -27 -28 28 -30 -31
leaf_value=-0.03382864929336625 0.08982068648072114 -0.043805029750528218 0.021253702231302116 0.00065867375512873626 0.075155526142864165 0.045205266402012972 -0.021647145400280787 0.044940962394558803 0.16047669204578763 0.0050279637642708895 0.099821029071349959 -0.011625314901341534 0.039564968792947297 -0.043278662597218048 0.09591312047584899 -0.06210835440769602 -0.036142341043385019 0.071213394733690066 -0.010431089765305388 0.23203063282351866 0.16963343840198458 -0.031916778320192719 0.19610384189204561 -0.031665743470924344 -0.012369064943603382 0.016900018510096145 -0.053085019468755934 0.1393617144654189 -0.024797903301062886 0.012099125906753648
leaf_weight=8.8002263745293039 1.8048291876912106 30.563372877033544 9.1222604438662511 2784.7502548093616 9.6931095756590402 13.871093600988386 25.29894702881575 5.6822130829095832 2.5063411742448798 10.858113128691912 3.1369062885642061 13.989201046526432 2.0636673159897327 25.90226939227432 2.804187046363948 5.1877584010362616 3.7057178053073585 2.4965949654579154 35.62989392131567 0.69959489349275727 1.5422171177342536 38.074536773958243 1.394759759306907 11.628347015008329 1.2988985592965061 1.3524383846670387 3.6686116699129334 1.5235232766717675 1.6489415010437367 22.720205349309254
leaf_count=28074 10 83882 121 109287 60 63 125 25 23 76 29 151 21 370 30 38 78 16 329 21 32 1292 24 278 118 17 31 22 25 24703
internal_value=5.71558e-05 -0.0219322 0.000509003 0.000846143 0.012456 0.0228902 0.00746363 -0.00943431 0.0504332 0.0381041 -0.0174023 0.00878777 0.105877 -0.0289943 -0.000866842 -0.00395526 0.0316509 -0.0119146 -0.00508485 0.000336198 -0.0157024 -0.0188369 0.010089 -0.00847819 0.0864257 0.107882 -6.77448e-05 0.00545162 0.054037 -0.000723504
internal_weight=3083.42 62.0838 3021.34 2965.52 124.775 69.9735 44.8523 30.9812 25.1212 20.5512 55.8192 17.1261 4.57001 38.6931 54.8014 52.9966 9.68237 43.3142 38.1265 2840.74 55.9908 55.2912 17.2167 14.4695 2.84112 2.7472 12.7909 6.87818 3.17246 31.5204
internal_count=249371 136659 112712 112010 941 393 213 150 180 136 702 180 44 522 548 538 155 383 345 111069 1782 1761 469 428 150 41 152 125 47 52777
is_linear=0
shrinkage=0.05


end of trees

feature_importances:
atr=344
time_since_open=322
volatility_20=315
volatility_5=206
returns_20=193
range_pct=144
distance_from_vwap=142
returns_5=135
time_to_close=133
pressure_ratio=122
lower_wick=105
volume_ratio_20=102
volume_ratio=101
returns_10=98
upper_wick=98
price_position=96
fvg_size_pct=76
returns=75
volume_momentum=73
pv_divergence=72
body_pct=63
fvg_up=18
displacement_down=7
bos_up=7
displacement_up=6
order_block_bear=2
fvg_down=1
order_block_bull=1
liquidity_grab_high=1
liquidity_grab_low=1
bos_down=1

parameters:
[boosting: gbdt]
[objective: binary]
[metric: auc]
[tree_learner: serial]
[device_type: cpu]
[data_sample_strategy: bagging]
[data: ]
[valid: ]
[num_iterations: 500]
[learning_rate: 0.05]
[num_leaves: 31]
[num_threads: 0]
[seed: 0]
[deterministic: 0]
[force_col_wise: 0]
[force_row_wise: 0]
[histogram_pool_size: -1]
[max_depth: -1]
[min_data_in_leaf: 20]
[min_sum_hessian_in_leaf: 0.001]
[bagging_fraction: 0.8]
[pos_bagging_fraction: 1]
[neg_bagging_fraction: 1]
[bagging_freq: 5]
[bagging_seed: 3]
[bagging_by_query: 0]
[feature_fraction: 0.8]
[feature_fraction_bynode: 1]
[feature_fraction_seed: 2]
[extra_trees: 0]
[extra_seed: 6]
[early_stopping_round: 0]
[early_stopping_min_delta: 0]
[first_metric_only: 0]
[max_delta_step: 0]
[lambda_l1: 0]
[lambda_l2: 0]
[linear_lambda: 0]
[min_gain_to_split: 0]
[drop_rate: 0.1]
[max_drop: 50]
[skip_drop: 0.5]
[xgboost_dart_mode: 0]
[uniform_drop: 0]
[drop_seed: 4]
[top_rate: 0.2]
[other_rate: 0.1]
[min_data_per_group: 100]
[max_cat_threshold: 32]
[cat_l2: 10]
[cat_smooth: 10]
[max_cat_to_onehot: 4]
[top_k: 20]
[monotone_constraints: ]
[monotone_constraints_method: basic]
[monotone_penalty: 0]
[feature_contri: ]
[forcedsplits_filename: ]
[refit_decay_rate: 0.9]
[cegb_tradeoff: 1]
[cegb_penalty_split: 0]
[cegb_penalty_feature_lazy: ]
[cegb_penalty_feature_coupled: ]
[path_smooth: 0]
[interaction_constraints: ]
[verbosity: -1]
[saved_feature_importance_type: 0]
[use_quantized_grad: 0]
[num_grad_quant_bins: 4]
[quant_train_renew_leaf: 0]
[stochastic_rounding: 1]
[linear_tree: 0]
[max_bin: 255]
[max_bin_by_feature: ]
[min_data_in_bin: 3]
[bin_construct_sample_cnt: 200000]
[data_random_seed: 1]
[is_enable_sparse: 1]
[enable_bundle: 1]
[use_missing: 1]
[zero_as_missing: 0]
[feature_pre_filter: 1]
[pre_partition: 0]
[two_round: 0]
[header: 0]
[label_column: ]
[weight_column: ]
[group_column: ]
[ignore_column: ]
[categorical_feature: ]
[forcedbins_filename: ]
[precise_float_parser: 0]
[parser_config_file: ]
[objective_seed: 5]
[num_class: 1]
[is_unbalance: 0]
[scale_pos_weight: 1]
[sigmoid: 1]
[boost_from_average: 1]
[reg_sqrt: 0]
[alpha: 0.9]
[fair_c: 1]
[poisson_max_delta_step: 0.7]
[tweedie_variance_power: 1.5]
[lambdarank_truncation_level: 30]
[lambdarank_norm: 1]
[label_gain: ]
[lambdarank_position_bias_regularization: 0]
[eval_at: ]
[multi_error_top_k: 1]
[auc_mu_weights: ]
[num_machines: 1]
[local_listen_port: 12400]
[time_out: 120]
[machine_list_filename: ]
[machines: ]
[gpu_platform_id: -1]
[gpu_device_id: -1]
[gpu_use_dp: 0]
[num_gpu: 1]

end of parameters

pandas_categorical:[]
