tree
version=v4
num_class=1
num_tree_per_iteration=1
label_index=0
max_feature_idx=30
objective=binary sigmoid:1
feature_names=returns returns_5 returns_10 returns_20 range_pct body_pct upper_wick lower_wick volume_ratio volume_ratio_20 volatility_5 volatility_20 atr time_since_open time_to_close price_position fvg_up fvg_down fvg_size_pct displacement_up displacement_down order_block_bull order_block_bear liquidity_grab_high liquidity_grab_low bos_up bos_down pressure_ratio distance_from_vwap volume_momentum pv_divergence
feature_infos=[-0.50125313283208017:0.8125] [-0.50375939849624063:0.81693911260465901] [-0.505:0.85465116279069764] [-0.51127819548872178:0.85063752276867022] [0:0.52760736196319002] [0:0.16327827191867855] [0:0.21666666666666665] [0:0.52085889570552135] [0.0012890097649869525:4.9860575842579715] [0.0015508648785711571:19.183070586564408] [0:0.36424767499664445] [0.00020745394087963776:0.1821218430546396] [0.0043571428571432336:10.105899999999995] [0:383] [7:390] [0:0.99999999931341776] [0:1] [0:1] [0:0.98492462311557805] [0:1] [0:1] [0:1] [0:1] [0:1] [0:1] [0:1] [0:1] [0:66543980] [-0.49635409927398544:0.80881421621797578] [-0.99899334412002649:2022.7425742574258] [-2022.757067011049:1.7096606315920009]
tree_sizes=3398 3448 3455 3450 3446 3456 3460 3451 3457 3441 3464 3463 3463 3477 3459 3491 3486 3465 3477 3482 3467 3485 3460 3466 3479 3449 3480 3489 3500 3477 3500 3467 3455 3457 3464 3488 3494 3457 3495

Tree=0
num_leaves=31
num_cat=0
split_feature=10 4 11 4 11 12 11 14 6 10 6 28 11 12 10 28 12 29 29 2 12 29 4 3 7 12 29 11 13 2
split_gain=8961.6 2525.03 1377.88 641.568 591.147 800.311 560.295 419.06 337.729 239.264 223.414 220.703 214.428 206.354 186.061 182.45 181.547 169.35 157.034 158.809 154.441 163.579 164.378 139.568 187.234 131.637 126.521 122.568 122.106 117.652
threshold=0.0052454420430047355 0.015001442585112526 0.0036674432717124935 0.007098873876472297 0.0083778698046353215 0.11137857142857223 0.029798089973257152 69.500000000000014 0.0031069085306823139 0.0027559844618296804 0.0047883606048982202 -0.040807175092374727 0.004944996163329665 0.60394285714285612 0.011659996822026552 -0.029687444426907798 0.82478214285714058 1.0082759477794885 4.3530152143845102 -0.034090639000784288 0.90615714285714855 0.85303930744999945 0.024581114577652483 -0.097482364255309803 0.0032740845446480359 0.034907142857143289 -0.34666789238213874 0.0044573085830109842 240.50000000000003 0.047521099338337154
decision_type=2 2 2 2 2 2 2 2 2 2 2 2 2 2 2 2 2 2 2 2 2 2 2 2 2 2 2 2 2 2
left_child=2 4 28 9 12 15 8 10 14 -4 -7 23 -2 -8 -3 -6 -15 29 19 26 21 22 -10 -9 -25 -11 -16 -5 -1 -14
right_child=1 6 3 27 5 7 13 11 20 25 -12 -13 17 16 18 -17 -18 -19 -20 -21 -22 -23 -24 24 -26 -27 -28 -29 -30 -31
leaf_value=-4.1883099458531197 -4.2141335263135584 -3.9962014406697959 -4.2798682490412467 -4.2063159423661771 -3.336064127647802 -3.5437423626204141 -3.433946556820028 -3.3503230936090764 -3.3672756407739448 -4.0348777208915552 -2.0377940787045516 -4.07556714617946 -4.0216554863599629 -1.7590694354285956 -3.8221652399639985 -3.7520386531600605 -2.8752019100520725 -4.1707725548445156 -3.8967699698702174 -3.60898656900167 -4.0503918171119002 -3.5493509869821591 -2.7588400611413695 -4.1143534056119488 -2.8475625160115285 -4.2100253813284629 -2.6245828013907673 -4.0020397192913846 -4.3199615379948009 -3.2060370811434682
leaf_weight=17.758751559071243 40.129638900049031 6.0593455433845582 188.57007938809693 9.1701702643185836 3.0296727716922787 1.8529695076867931 1.1767032640054815 1.6906656092032788 3.2325526447966659 11.496526142582296 0.28403182234615076 68.208213337697089 47.108706534840167 0.48691169545054425 0.29755714721977711 20.287987310439348 1.4472097614780066 27.010073772631586 3.2596032945439219 3.6247870661318267 0.90619676653295833 5.8564656702801585 1.6906656092032788 2.123476005159318 0.33813312184065569 160.43740365095437 0.85209546703845418 36.856510280631483 2139.9498508553952 0.44633572082966466
leaf_count=1313 2967 448 13942 678 224 137 87 125 239 850 21 5043 3483 36 22 1500 107 1997 241 268 67 433 125 157 25 11862 63 2725 158218 33
internal_value=-4.27555 -3.98431 -4.30297 -4.21853 -4.04393 -3.95363 -3.54573 -4.03364 -3.62222 -4.24097 -3.34358 -4.05402 -4.12094 -2.91185 -3.78701 -3.69799 -2.59422 -4.07079 -3.62924 -3.44659 -3.42347 -3.37077 -3.15833 -3.70011 -3.94034 -4.19831 -2.93455 -4.04274 -4.31888 -4.014
internal_weight=2805.64 241.4 2564.24 406.531 212.51 97.8151 28.8901 74.4975 25.7793 360.504 2.137 72.3605 114.695 3.11082 14.0934 23.3177 1.93412 74.5651 8.03404 4.77444 11.6859 10.7797 4.92322 4.15227 2.46161 171.934 1.14965 46.0267 2157.71 47.555
internal_count=207436 17848 189588 30057 15712 7232 2136 5508 1906 26654 158 5350 8480 230 1042 1724 143 5513 594 353 864 797 364 307 182 12712 85 3403 159531 3516
is_linear=0
shrinkage=1


Tree=1
num_leaves=31
num_cat=0
split_feature=5 13 7 6 5 18 6 28 6 28 7 28 13 6 3 12 12 8 28 1 0 0 28 1 6 1 18 7 3 12
split_gain=3248.56 1526.31 1100.03 543.731 365.804 279.07 257.121 249.773 210.74 173.6 145.087 142.965 140.746 139.301 120.424 106.409 100.939 100.223 76.9811 75.5849 97.7308 73.1349 72.4881 70.2687 67.5406 61.2382 59.6903 59.1926 65.8166 80.9413
threshold=0.00479394376688383 240.50000000000003 0.0024097538134604077 0.0022541907493089119 0.0092243669142687956 0.0051303246190950351 0.0018108911656533283 -0.011430253526101735 0.002139252542220338 0.010808489597145731 0.003942596253536255 -0.017055551834869506 216.50000000000003 0.0066039253071294912 0.030779894544747947 0.036124999999999942 0.035521428571429155 1.3412217991340667 0.0082361749040660969 -0.0084848484848484822 -0.010828794790249006 0.0036697247706422025 0.02837981199494537 -0.012577962486282844 0.0031069085306823139 -0.019343881842375617 0.0064385991592274842 0.00093230531826290553 -0.074769985434356798 0.44150714285714221
decision_type=2 2 2 2 2 2 2 2 2 2 2 2 2 2 2 2 2 2 2 2 2 2 2 2 2 2 2 2 2 2
left_child=1 5 3 7 8 12 10 27 11 19 -4 -2 -1 26 -13 17 -12 -8 -10 -9 -21 -18 24 -16 -6 -15 -5 -3 29 -29
right_child=4 2 6 13 22 -7 15 9 18 -11 16 14 -14 25 23 -17 21 -19 -20 20 -22 -23 -24 -25 -26 -27 -28 28 -30 -31
leaf_value=0.095847426442414049 0.26413745456512516 0.03095672918624065 0.047554449643452443 0.069111557180627364 0.22465013061484318 0.34786658663847314 1.3660194534261756 0.020419427906077675 0.20463491614131649 0.043114873720813802 0.87505181303774526 0.066747583120169499 0.28324607104463229 0.60081728087324149 0.5787368746532574 0.25309423234797412 0.15150068664611119 0.22889735378021472 0.3826754946873076 0.78396054509498914 -0.040716598272249264 0.45861307335999557 0.3984247736205947 0.1817760502416472 0.34249543930058807 0.23046424450757641 0.59584510328824269 0.92911629438588195 0.10966593117111229 0.16698720821462704
leaf_weight=41.890966462902725 13.639798855409024 42.20993101876229 55.436062688007951 87.152274798601866 42.922519648447633 23.056230225600302 0.42335733771324413 52.004060964100063 17.003481933847073 66.042724804021418 0.54000960104167717 85.076926312409341 13.16918301116675 1.4554809490218756 1.1911121001467133 25.958339923992753 19.022482876665894 0.35732354316860437 9.4432045388966781 0.35931524075567622 2164.3748846212402 2.1584821306169024 10.861833228729664 17.406370248645544 16.963761998340487 4.7878386331722131 0.54119089152663846 0.56127686426043755 18.700793446972966 0.91846255213022232
leaf_count=2581 745 2887 3874 6003 2101 1221 20 3721 892 4557 35 5671 822 58 68 1388 1183 20 460 20 165401 121 358 1038 514 249 33 37 1296 62
internal_value=-0.000562273 -0.0158721 -0.0225593 -0.0293464 0.186511 0.201824 0.136777 -0.0340711 0.140706 -0.0367687 0.0904726 0.111963 0.140669 0.0886085 0.0919425 0.270392 0.200008 0.84555 0.268207 -0.0391487 -0.0405797 0.182797 0.279586 0.2072 0.258032 0.316803 0.0723622 0.0646314 0.135066 0.456069
internal_weight=2835.63 2621.12 2543 2439.11 214.509 78.1164 103.896 2345.17 143.761 2282.78 77.157 117.314 55.0601 93.9368 103.674 26.739 21.721 0.780681 26.4467 2216.74 2164.73 21.181 70.7481 18.5975 59.8863 6.24332 87.6935 62.3905 20.1805 1.47974
internal_count=207436 195589 190965 184324 11847 4624 6641 177981 8874 173699 5213 7522 3403 6343 6777 1428 1339 40 1352 169142 165421 1304 2973 1106 2615 307 6036 4282 1395 99
is_linear=0
shrinkage=0.05


Tree=2
num_leaves=31
num_cat=0
split_feature=10 10 10 7 28 13 13 5 7 1 18 28 7 1 8 9 9 28 1 13 14 10 28 7 12 18 8 27 13 12
split_gain=5266.38 362.029 322.639 119.572 113.487 107.896 189.976 124.704 90.1485 82.2516 78.3733 76.8812 69.9702 67.9174 67.8629 90.7944 71.9236 60.7722 59.7211 58.6604 94.7253 86.0389 66.4458 51.2393 51.178 49.4968 49.2286 48.7025 47.9988 47.3783
threshold=0.0038285203131871851 0.0066240405475587886 0.0025048712380129636 0.003457063069357618 0.016699959067603354 249.50000000000003 240.50000000000003 0.0067279298500658724 0.0090502162265364491 -0.019343881842375617 0.0061419012574897196 -0.0095296796890796832 0.0054059898999345825 0.010434675861185629 0.5664628407784934 0.48009067259937338 1.6345398016286821 0.0058185751736885066 -0.011678670054841798 240.50000000000003 162.50000000000003 0.0048022011396838997 0.0052880221935456681 0.003457063069357618 0.11137857142857223 0.0061419012574897196 0.48180787395107555 0.28955978099758073 242.50000000000003 0.095814285714284089
decision_type=2 2 2 2 2 2 2 2 2 2 2 2 2 2 2 2 2 2 2 2 2 2 2 2 2 2 2 2 2 2
left_child=2 4 10 9 11 6 -3 8 -8 -4 18 -2 19 25 15 17 -16 -7 -1 20 21 22 -13 -18 -14 -11 -19 -25 -20 -9
right_child=1 5 3 -5 -6 14 7 29 -10 13 -12 12 24 -15 16 -17 23 26 28 -21 -22 -23 -24 27 -26 -27 -28 -29 -30 -31
leaf_value=0.074675364154650856 0.13536638119450436 0.20997581939285245 0.26397459941146278 0.17121034612194277 0.20346726396983017 0.15875701577882839 0.056559137603259438 0.34238825694952502 0.42954696822593585 -0.0060567172027844651 0.26691220617953226 1.0963965493059209 0.52382762637683677 0.089665148443794709 0.25799556408964547 0.050530840389273315 0.12549702455156997 0.29232581206126806 0.033163794433337494 0.054820268474790872 0.10086993150904931 0.17701742796070993 0.29678189739298971 0.031773617726133081 0.13460272781309593 0.16887210302750003 0.71709299876622834 0.32148598512849302 -0.044256335797852132 0.16266272602156651
leaf_weight=10.762309081852434 54.179130925796926 70.571872945874929 3.0158689729869357 11.027644137851892 21.403651715256274 14.512314293533565 66.929892680607736 4.3137682341039207 1.6601613536477078 321.40301292017102 2.0451059723272911 0.65362844243645601 1.3906005881726735 20.644777350127697 67.408891239203513 14.22902916651219 22.310304081998769 5.3855658248066893 20.23383520077914 162.79000947345048 10.535012803971766 1.3149203034117816 0.43119540438055992 1.7996315713971833 2.1507301311939955 4.0953685957938424 0.78103405609726895 7.4802326075732708 1893.7827752856538 24.453899821266532
leaf_count=746 3004 2522 163 622 1091 682 3721 161 50 23798 121 33 58 1366 2631 696 1001 259 1241 10500 569 64 21 71 98 250 38 233 150713 913
internal_value=-0.000758815 0.137157 -0.0343291 0.00910701 0.0932754 0.174207 0.147513 0.102235 0.065587 0.00398723 -0.0424488 0.0831724 0.0673979 0.00172201 0.207684 0.147741 0.228821 0.214631 -0.0427775 0.0629634 0.165449 0.448952 0.778566 0.166566 0.287443 -0.00385579 0.346125 0.265302 -0.0434379 0.189613
internal_weight=2843.7 556.685 2287.01 360.187 254.849 301.837 167.93 97.3577 68.5901 349.159 1926.82 233.445 179.266 346.143 133.907 34.9079 98.9991 20.6789 1924.78 175.725 12.9348 2.39974 1.08482 31.5902 3.54133 325.498 6.1666 9.27986 1914.02 28.7677
internal_count=207436 28416 179020 26199 15438 12978 7367 4845 3771 25577 152821 14347 11343 25414 5611 1675 3936 979 152700 11187 687 118 54 1305 156 24048 297 304 151954 1074
is_linear=0
shrinkage=0.05


Tree=3
num_leaves=31
num_cat=0
split_feature=11 4 11 13 13 12 11 4 11 1 12 11 2 4 12 30 11 13 7 4 7 13 1 2 27 15 18 30 13 6
split_gain=4256.68 644.293 323.391 322.273 232.172 95.0456 91.0003 88.0333 81.3773 83.1831 76.4807 75.7143 70.8736 67.6599 64.0303 84.2709 57.4079 82.3119 71.607 55.3791 53.8953 53.2886 50.4954 47.2482 46.1416 52.0852 45.4364 70.0319 54.1612 45.2609
threshold=0.0044573085830109842 0.0061977127398223043 0.0028493179679606137 240.50000000000003 321.50000000000006 0.12392142857143083 0.0086015561710008695 0.0040533488526281391 0.013344773352949734 0.0075841657663374704 0.035521428571429155 0.0096986335689790686 0.0006001200480191261 0.012028452959373723 0.095814285714284089 -0.28740649157766029 0.0079347103002713939 329.50000000000006 0.0016924251067678552 0.0035714285714286325 0.0047655724030069907 250.50000000000003 0.013875681807716702 -0.0048648472162902126 0.55084637224576383 0.66666661111113068 0.011184832568725314 0.47455054729398022 259.50000000000006 0.00099072337818798006
decision_type=2 2 2 2 2 2 2 2 2 2 2 2 2 2 2 2 2 2 2 2 2 2 2 2 2 2 2 2 2 2
left_child=2 3 -1 -2 5 8 -6 -7 26 24 -4 12 -8 14 16 -16 20 -18 -19 -13 -3 23 -23 -12 25 -10 28 -28 -5 -22
right_child=1 13 10 4 6 7 11 -9 9 -11 21 19 -14 -15 15 -17 17 18 -20 -21 29 22 -24 -25 -26 -27 27 -29 -30 -31
leaf_value=-0.046379179322301338 0.15689733935990277 0.10472330206718337 0.083568855231806058 0.0082015450405645025 0.14013000123283628 -0.013233325546725783 1.2900282324975612 0.049312469423248212 0.18602217502169999 0.49858085773999883 0.13115082743285827 0.030820393065978363 0.41622712354815139 0.17841566677534954 0.077869187311508603 0.1516103444367094 0.21573045460563464 0.81225979756272015 0.23904048724394464 0.51534557578537088 0.22674501716349749 -0.011533902897589727 0.12272015336740388 0.01291962658073177 -0.0048367041974541232 0.77384760507170536 0.65430225203115899 -0.051484199363284792 0.092335561451398401 0.77208310204862474
leaf_weight=1756.5238467352465 70.747341403737664 17.641318068839613 30.133088506758213 38.120557833462954 28.526813921518627 145.23414033930749 0.4100861139595503 91.831155449151993 3.371473626233636 2.0004089483991265 13.451330594718454 1.2155456505715849 0.53455108311027288 140.91104822605848 69.718371976166964 87.203517151996493 16.25147378072143 1.1575981751084321 1.0292232260107992 1.1454557646065948 1.2579007185995568 255.29229344427586 7.2014250261709085 22.727315582334995 3.2554903142154217 0.42426126357167948 0.77912930212914833 0.64032690040767193 38.395112826488912 0.54546843841671933
leaf_count=145602 2700 841 2043 2559 1729 10205 21 5684 170 88 793 47 21 3592 3244 3933 515 41 29 37 49 18979 450 1417 205 22 30 25 2349 16
internal_value=-0.000898677 0.100206 -0.0378602 0.0594309 0.0400552 0.0273977 0.168908 0.0109948 0.0721007 0.214006 0.00764955 0.417253 0.795562 0.152023 0.132933 0.118848 0.191275 0.254483 0.542475 0.265891 0.131338 -9.96065e-06 -0.00785069 0.0568783 0.133273 0.251725 0.0556194 0.335917 0.0504195 0.391694
internal_weight=2847.68 762.348 2085.33 426.632 355.885 324.052 31.8325 237.065 86.9868 9.05163 328.805 3.30564 0.944637 335.716 194.805 156.922 37.883 18.4383 2.18682 2.361 19.4447 298.672 262.494 36.1786 7.05123 3.79573 77.9351 1.41946 76.5157 1.80337
internal_count=207436 38152 169284 25892 23192 21337 1855 15889 5448 485 23682 126 42 12260 8668 7177 1491 585 70 84 906 21639 19429 2210 397 192 4963 55 4908 65
is_linear=0
shrinkage=0.05


Tree=4
num_leaves=31
num_cat=0
split_feature=10 11 11 4 12 4 12 13 1 4 4 13 14 14 13 11 30 0 10 6 12 29 15 14 2 18 8 5 4 6
split_gain=3659.69 482.549 376.328 116.07 113.064 96.496 93.2364 73.0422 62.7306 49.3468 45.36 46.9749 44.4744 87.4035 41.5377 38.988 36.636 37.567 38.9803 37.0905 44.6278 36.0481 45.6879 40.0778 35.3461 34.5635 35.4766 37.4535 43.4667 38.9943
threshold=0.0033957114764168812 0.0047374108849636823 0.002958380536528742 0.0088133323509753114 0.14299285714285737 0.0044436157992144313 0.035521428571429155 257.50000000000006 -0.019343881842375617 0.01326156851347896 0.0046352907061499504 216.50000000000003 147.50000000000003 167.50000000000003 250.50000000000003 0.0077067321554149726 -0.27641302047143895 0.00023746764516718868 0.012968362989363729 0.0019363550386120041 0.12242857142857388 0.95581194966393013 0.020613145512805794 107.50000000000001 -0.0025266412071098805 0.0051303246190950351 0.24867945132853284 0.0038602089762047711 0.00052019865514643334 0.00015859834308854735
decision_type=2 2 2 2 2 2 2 2 2 2 2 2 2 2 2 2 2 2 2 2 2 2 2 2 2 2 2 2 2 2
left_child=2 7 9 4 15 6 12 24 21 -1 11 -6 -4 -14 -12 16 -3 18 25 -19 -21 22 -7 -24 -2 26 -18 28 -28 -30
right_child=1 3 5 -5 10 8 -8 -9 -10 -11 14 -13 13 -15 -16 -17 17 19 -20 20 -22 -23 23 -25 -26 -27 27 -29 29 -31
leaf_value=-0.04649626120118576 0.12942840505695674 0.051802732391344322 0.067112715580786284 0.13883071080573414 0.12716707993995699 0.074778693358138901 -0.015148277108167697 0.002804423335345307 0.042124093785335708 0.45152161489924514 0.051027106616728893 0.025071354405235453 0.74021586474695811 0.10582464951518958 0.11189362546524834 0.14880426362961055 0.032813769713414716 0.051368809909643459 -0.051559780557121619 0.15274778762437208 0.70647411525768034 0.0039857326661185992 0.85665144929141523 0.31894337696543806 0.036930579613739266 0.33932656225785068 0.05183717144346367 0.044746382753797109 0.41302328452945836 0.20279013064859364
leaf_weight=1672.8140854174271 18.548024035058916 26.226726054213941 17.814945910125974 244.18496544286609 13.415152397006748 0.79208059608936299 260.31803636718541 142.68628006801009 103.76786656491458 0.49755197949707408 44.515457281842828 70.344355708919466 0.75815937574952785 1.9126733671873806 75.690046648494899 85.898207079619169 4.1684006135910847 17.541336080990735 1.8510810248553742 1.7166619664058083 0.46175468899309624 0.90382339246571053 0.60567543655633904 0.80995355919003487 23.304855749942362 3.1972292801365247 2.4263559412211171 3.1286411862820378 3.7709021950140578 5.3137766364961863
leaf_count=145236 940 1303 1233 6333 457 31 19956 9524 6574 28 2117 3973 35 100 3424 2782 199 798 67 82 19 38 24 31 1308 113 112 148 194 257
internal_value=-0.00101727 0.0906015 -0.0360641 0.112226 0.0941638 0.00832379 -0.00706597 0.0198411 0.0487572 -0.0463482 0.0696704 0.0414233 0.095638 0.285907 0.0893531 0.12625 0.0984944 0.126596 0.168805 0.075534 0.27012 0.269968 0.37886 0.549001 0.077923 0.187342 0.161505 0.198148 0.239842 0.290054
internal_weight=2849.39 788.39 2060.99 603.851 359.666 387.683 280.804 184.539 106.879 1673.31 203.965 83.7595 20.4858 2.67083 120.206 155.701 69.8029 43.5761 23.8564 19.7198 2.17842 3.11153 2.20771 1.41563 41.8529 22.0053 18.8081 14.6397 11.511 9.08468
internal_count=207436 34150 173286 22378 16045 28022 21324 11772 6698 145264 9971 4430 1368 135 5541 6074 3292 1989 1090 899 101 124 86 55 2248 1023 910 711 563 451
is_linear=0
shrinkage=0.05


Tree=5
num_leaves=31
num_cat=0
split_feature=11 10 11 4 12 11 10 12 11 13 2 13 12 1 4 7 4 4 4 13 13 13 10 18 13 9 27 2 13 13
split_gain=3176.27 437.149 153.021 128.672 78.2662 74.2411 60.2206 57.4696 53.3134 46.3346 43.7612 39.9354 50.3643 38.53 38.0865 37.6287 41.3841 34.411 34.1695 37.1314 45.2876 33.1489 111.997 33.5193 32.0486 88.2895 44.646 48.2041 40.515 91.0412
threshold=0.0039257610590734439 0.0033957114764168812 0.0027254561009905603 0.0088133323509753114 0.14839285714285874 0.0054679634840860344 0.0025048712380129636 0.017678571428572355 0.016699627956929742 240.50000000000003 -0.0045402351955327594 108.50000000000001 0.16663928571428627 0.008197021272000617 0.0061977127398223043 0.0016924251067678552 0.0028036054582221566 0.0045697225419447035 0.0084452141418404538 305.50000000000006 300.50000000000006 353.50000000000006 0.001356622453028034 0.0061419012574897196 239.50000000000003 1.3082943752959131 991.00000000000011 0.0046594736482760144 274.50000000000006 300.50000000000006
decision_type=2 2 2 2 2 2 2 2 2 2 2 2 2 2 2 2 2 2 2 2 2 2 2 2 2 2 2 2 2 2
left_child=2 6 9 4 5 -3 7 10 14 -1 -2 12 -8 -13 24 -7 -17 -4 -11 20 -20 23 -23 -9 25 26 -6 -28 -26 -30
right_child=1 3 17 -5 8 15 11 21 -10 18 -12 13 -14 -15 -16 16 -18 -19 19 -21 -22 22 -24 -25 28 -27 27 -29 29 -31
leaf_value=0.043152017955210023 0.73644923946130114 0.04919872812127897 -0.017314708588768973 0.11653403592316935 0.029678653141425912 0.10483562874882379 0.08430883117106891 -0.013686466215349483 0.11406646958927209 -0.047369680191524391 0.097398816314376038 0.027240424077410803 0.76566000887679642 0.1117209047002103 0.074025346567175618 0.57390782613984315 0.16523080048672925 0.021361590101596162 0.12839603539157546 -0.050861432473033902 0.87048312003393657 0.93113703394169878 0.022858360171070524 0.23068179339696959 -0.0018483171129089115 0.52660205238185609 0.069846501494952362 0.64738321390043652 0.22959305107682143 0.0297605556953306
leaf_weight=14.347348219715057 0.44454534351825714 60.782605034299195 202.2727940781042 284.12059346586466 11.068395240232347 130.73366630077362 0.73877050913870224 147.13886804878712 32.299864900298417 1550.6356324739754 0.67414269316941389 87.01274876203388 0.42855031974613667 15.97447768691927 73.768697730265558 0.63973351381719368 19.546549711376429 80.357994663529098 0.55771976243704446 0.92870988510549068 0.32563177216798067 0.40734917763620559 2.0345686031505466 1.4167968071997155 74.320551191456616 1.1240699999034394 0.82360320910811313 0.64365490712225437 6.593302557244896 42.049925224855542
leaf_count=843 27 3036 15789 6720 380 4336 38 10962 1292 141272 40 5436 22 869 3041 29 638 5404 35 59 22 28 137 51 4152 39 29 20 366 2192
internal_value=-0.00142906 0.0706155 -0.0401811 0.0901405 0.0736373 0.0958553 0.014349 -0.00570702 0.0542563 -0.0462895 0.351345 0.0436405 0.334449 0.0403443 0.0450741 0.114646 0.178182 -0.00631821 -0.0471161 0.169879 0.401953 -0.0083523 0.174373 -0.0113559 0.0294421 0.102099 0.0640343 0.3232 0.0213708 0.0568467
internal_weight=2844.21 994.786 1849.43 738.515 454.395 211.703 256.271 152.116 242.692 1566.8 1.11869 104.155 1.16732 102.987 210.392 150.92 20.1863 282.631 1552.45 1.81206 0.883352 150.998 2.44192 148.556 136.624 13.6597 12.5357 1.46726 122.964 48.6432
internal_count=207304 43880 163424 26270 19550 8039 17610 11245 11511 142231 67 6365 60 6305 10219 5003 667 21193 141388 116 57 11178 165 11013 7178 468 429 49 6710 2558
is_linear=0
shrinkage=0.05


Tree=6
num_leaves=31
num_cat=0
split_feature=10 4 4 13 13 10 4 9 5 18 3 28 28 2 18 28 6 15 4 7 9 3 4 8 12 14 28 3 3 8
split_gain=2715.95 212.469 180.978 86.7562 82.9381 55.0349 51.7784 66.1537 46.0484 37.0163 34.4295 49.4005 48.6549 33.0939 31.6269 30.8718 30.6381 53.3036 80.8403 42.3897 30.5463 55.1568 30.0904 29.2669 28.2009 62.9021 41.0274 30.0696 29.5539 39.0515
threshold=0.0033957114764168812 0.0044436157992144313 0.0088133323509753114 241.50000000000003 239.50000000000003 0.0025048712380129636 0.0046352907061499504 0.1609288941928749 0.0023041474654378323 0.0076972763706707513 -0.050533579311514303 -0.013617100702290169 -0.015663820083390453 -0.055023563286713088 0.0053429553366527117 0.039668404231419326 0.0036749255902813259 0.74999997321429313 0.0075783398714578615 0.003457063069357618 0.37530351670109718 0.037866991509130872 0.0073217111011800286 0.055229393497918715 0.037471428571428357 339.50000000000006 0.0091291457844727506 -0.0016776106787150245 0.037866991509130872 0.21023251183229455
decision_type=2 2 2 2 2 2 2 2 2 2 2 2 2 2 2 2 2 2 2 2 2 2 2 2 2 2 2 2 2 2
left_child=1 3 4 14 24 -5 7 23 20 15 11 12 13 -3 -1 -9 -12 19 -19 -18 21 -8 -15 -6 25 26 27 -2 29 -28
right_child=2 10 -4 5 6 -7 8 9 -10 -11 16 -13 -14 22 -16 -17 17 18 -20 -21 -22 -23 -24 -25 -26 -27 28 -29 -30 -31
leaf_value=0.027631412332444923 0.14506699031472237 -0.051321238508967165 0.099485567633308333 -0.044836125065049186 -0.010882075727519133 -0.015278409806794378 0.14938211549239067 0.012217659945497806 0.046784694238323973 0.13614488822690116 0.0071128162695416721 -0.0014607494432174982 0.60763080048072626 0.066417750595675049 0.19942990205434816 0.28600822409341137 0.028156958711032354 0.84770875023274339 0.02560639111681693 0.41945497496096396 0.084777100461281549 0.64101899854365163 0.46536555779597821 0.12344588326282846 0.083090313586392892 0.5664056899116453 0.065323835871258312 -0.037913651286285682 0.0086138264902606339 0.46934433926849395
leaf_weight=26.075564270839099 6.0771005190908891 1.1513861911371355 322.57914631348103 1550.0726033449173 4.9285996826365617 175.29335472453386 4.7004223242402068 197.63418478611857 186.44154454022646 6.3642678363248697 149.25935871526599 4.0414761239662758 0.75905334018170822 0.85128343850374233 2.9856450278311959 1.0349829662591208 10.098002635873851 0.55629373434930929 0.64661219157278538 0.74305519089102823 65.290960700251162 0.64929796941578377 1.0626416429877279 22.875249050557613 90.43116014264524 0.88765670731663782 0.85076268762350249 3.5607470721006358 0.81809846684336651 2.013874938711524
leaf_count=1464 162 53 7124 146024 215 14277 148 11410 8360 184 10287 235 39 46 101 37 571 28 23 26 2690 19 31 1066 2447 18 23 118 19 59
internal_value=-0.0014721 -0.0352301 0.0693315 -0.0403901 0.0529714 -0.0418331 0.0443409 0.0272608 0.0598103 0.0174464 0.018284 0.120431 0.249242 0.160495 0.0452814 0.013644 0.0133029 0.0900152 0.405794 0.0549769 0.0941886 0.209052 0.28792 0.0996345 0.0933791 0.158864 0.131707 0.077464 0.273661 0.349355
internal_weight=2840.73 1923.6 917.138 1754.43 594.559 1725.37 489.92 232.837 257.082 205.033 169.169 7.86584 3.82436 3.06531 29.0612 198.669 161.303 12.044 1.20291 10.8411 70.6407 5.34972 1.91393 27.8038 104.639 14.2082 13.3206 9.63785 3.68274 2.86464
internal_count=207304 173205 34099 161866 26975 160301 24129 12912 11217 11631 11339 404 169 130 1565 11447 10935 648 51 597 2857 167 77 1281 2846 399 381 280 101 82
is_linear=0
shrinkage=0.05


Tree=7
num_leaves=31
num_cat=0
split_feature=11 10 11 11 12 7 13 3 11 27 13 12 18 11 3 13 12 0 12 18 7 5 27 13 12 13 2 2 8 8
split_gain=2515.73 262.372 127.034 93.5107 55.4064 46.314 51.4803 58.1573 44.4035 61.0714 41.3498 39.9019 37.2229 33.1006 31.9214 42.3803 71.0576 57.5 31.6009 33.7459 30.645 36.0614 28.455 27.5546 32.4529 38.457 28.383 27.2133 42.3133 41.7895
threshold=0.0037918742917770394 0.0027243949625534417 0.0027254561009905603 0.0047374108849636823 0.14299285714285737 0.0029753018808865474 320.50000000000006 -0.056169797219425992 0.0093917634024521298 17240.500000000004 240.50000000000003 0.03355000000000017 0.00060868483255393743 0.0064134295896564998 -0.028279181708784625 299.50000000000006 0.056428571428571696 -0.0041972717733473322 0.07656785714285673 0.0058733231256757916 0.0013647729514643144 0.0027695834578193349 3.0517792464943283 250.50000000000003 0.063271428571428381 246.50000000000003 0.027573088301412366 -0.0069238537798784741 0.65823158958543293 1.1245284277964733
decision_type=2 2 2 2 2 2 2 2 2 2 2 2 2 2 2 2 2 2 2 2 2 2 2 2 2 2 2 2 2 2
left_child=2 18 10 -3 8 6 -6 -8 20 11 -1 -10 -11 -9 15 16 -4 -18 -2 -20 -5 22 27 24 25 -16 -25 -22 -29 -30
right_child=1 3 14 4 5 -7 7 13 9 12 -12 -13 -14 -15 23 -17 17 -19 19 -21 21 -23 -24 26 -26 -27 -28 28 29 -31
leaf_value=0.034745501837466324 0.046972857498415933 0.024747414678276129 0.88808620478468425 0.058983433462035807 0.04763445944204827 0.088579950454537093 0.51064935651924781 0.047065665602187987 0.17803971349454906 0.5214093346033456 -0.046761436293701816 0.094065462619642104 0.19439077168736751 0.14352952147733244 0.095503178786342055 -0.032205415215901263 0.61205217120611044 0.02481716234954174 -0.010805712864193198 0.21371681294377554 0.097791208143218941 0.060734437522069931 0.047383852151386574 -0.016845740890696435 0.0020941317860180496 0.5490001768199877 0.29876595823251473 0.07540663881050598 0.38866929711029963 0.16944835548586112
leaf_weight=15.732346901670097 31.155400425195694 117.987235089764 0.37276243232190553 130.24990752246231 351.43167740851641 124.42273907642812 0.8831430971622457 16.223906423896551 15.892825737595556 1.3053974676877254 1424.7933537298813 128.72323697712272 2.609956294298172 19.68080710619688 7.1543166898191002 2.6823474615812302 0.52782219462096747 1.9827700583264227 150.26278454996645 1.6924092797562469 6.9980912497267189 22.976064058020711 5.4929720284417263 223.22452324908227 17.870599046349525 0.50016586761921633 0.71462901961058278 3.5291748726740471 4.4130267640575749 4.2845444949343801
leaf_count=843 2085 6160 24 4449 13083 2767 15 626 259 27 141388 2696 41 433 327 175 28 133 11444 49 218 633 167 17767 1008 34 38 116 129 142
internal_value=-0.00149348 0.0559353 -0.0401128 0.0664262 0.0722866 0.0620334 0.0535254 0.109801 0.0883864 0.108569 -0.0458713 0.103294 0.30342 0.0999414 -0.00758609 0.110843 0.24392 0.148276 0.0011002 -0.00830508 0.0715394 0.105829 0.147747 -0.0102283 0.038992 0.125136 -0.0158386 0.176422 0.221428 0.280678
internal_weight=2835.77 1140.22 1695.56 957.105 839.117 512.642 388.22 36.7879 326.475 148.531 1440.53 144.616 3.91535 35.9047 255.03 5.5657 2.88335 2.51059 183.111 151.955 177.944 47.6939 24.7178 249.464 25.5251 7.65448 223.939 19.2248 12.2267 8.69757
internal_count=207304 45539 161765 31961 25801 16924 14157 1074 8877 3023 142231 2955 68 1059 19534 360 185 161 13578 11493 5854 1405 772 19174 1369 361 17805 605 387 271
is_linear=0
shrinkage=0.05


Tree=8
num_leaves=31
num_cat=0
split_feature=11 10 11 4 12 13 11 4 12 14 9 4 13 10 13 12 4 11 13 12 2 2 2 9 14 28 14 12 4 0
split_gain=2243.47 211.179 127.379 74.348 61.1082 41.4786 41.0247 36.0648 35.5133 40.075 69.1806 35.1521 32.6702 103.771 29.276 26.0197 25.4569 25.37 32.0011 25.2533 59.4026 26.4787 23.7884 37.3363 23.0283 50.2449 34.9663 25.9979 22.7052 29.3062
threshold=0.0037918742917770394 0.0027243949625534417 0.0023338168516954523 0.0088133323509753114 0.14299285714285737 252.50000000000003 0.0056222239064902552 0.0040533488526281391 0.06178928571428674 142.50000000000003 0.92281569642363181 0.0045697225419447035 321.50000000000006 0.00094227729617865402 207.50000000000003 1.6842285714285645 0.010345772348231063 0.0043704525729947588 320.50000000000006 0.38689999999999769 0.0068387730541374933 -0.0083284374394708687 -0.018508497880281801 1.7618721345710175 224.50000000000003 0.0052880221935456681 196.50000000000003 0.45073214285714419 0.00027580916786211165 0.0035258670572494437
decision_type=2 2 2 2 2 2 2 2 2 2 2 2 2 2 2 2 2 2 2 2 2 2 2 2 2 2 2 2 2 2
left_child=2 11 15 4 6 8 -3 14 9 10 -4 12 28 -14 24 -1 -7 -9 -19 -15 21 -21 23 -10 25 -6 -27 -26 29 -2
right_child=1 3 5 -5 7 16 -8 17 22 -11 -12 -13 13 19 -16 -17 -18 18 -20 20 -22 -23 -24 -25 27 26 -28 -29 -30 -31
leaf_value=-0.047598852795865107 0.033325767096030454 0.039266046661953109 0.041832728306975847 0.077085939763176889 0.02969118206569088 -0.021132433992846589 0.078989971327958375 -0.0059684353742189625 -0.051193871392075041 0.08037823797383091 0.8971856991059437 0.041434193341986343 0.60817305949613032 -0.0088634121063431402 0.0015273215592375199 0.38907859280045276 0.13232995366532135 0.044541432226835626 0.10574946214108071 0.4940651490701285 0.76379811490593985 -0.050679610345079722 -0.010561678329484084 0.41617778421374257 -0.0095836209297557474 0.11755604404605065 0.48854872022673396 0.16532937592732341 -0.024488816507739708 0.48246061034519433
leaf_weight=1243.2575711691752 11.842627261765298 97.155448032543063 0.53785973973572154 372.91627402976155 3.6583518255502012 347.70437550637871 196.3493946781382 21.099613718688488 0.85408488288522011 10.628438636660574 0.42175725102424622 41.601135618984699 0.83379053696989913 8.3427129993215186 98.885113321244717 0.34122444409876962 2.7235164362937203 186.92288581654429 24.108665958978236 0.27535614650696505 0.36833190266042937 1.1748825442045916 23.476499722339213 0.85516724549233913 9.3497184664010984 1.172354254871607 1.3859857600182293 2.7490006927400819 118.53269326128066 0.37469085864722806
leaf_count=129248 704 4452 33 6983 97 30351 5307 1148 41 467 20 2332 38 589 5406 34 126 7369 836 21 28 92 1411 34 245 25 33 60 9755 19
internal_value=-0.0015073 0.0504107 -0.0396817 0.0593254 0.0490224 -0.0146384 0.0658406 0.0348919 0.0358792 0.108318 0.417765 0.0010221 -0.0108385 0.0719392 0.0122822 -0.047479 -0.0199397 0.0463073 0.051534 0.0279382 0.196766 0.0527508 0.00255011 0.18264 0.0703476 0.148561 0.318542 0.0301591 -0.0177995 0.0471002
internal_weight=2829.9 1199.1 1630.8 1015.75 642.837 387.202 293.505 349.332 36.7738 11.5881 0.959617 183.346 141.745 10.9951 117.201 1243.6 350.428 232.131 211.032 10.1613 1.81857 1.45024 25.1858 1.70925 18.3154 6.21669 2.55834 12.0987 130.75 12.2173
internal_count=207304 45539 161765 31961 24978 32483 9759 15219 2006 520 53 13578 11246 768 5866 129282 30477 9353 8205 730 141 113 1486 75 460 155 58 305 10478 723
is_linear=0
shrinkage=0.05


Tree=9
num_leaves=31
num_cat=0
split_feature=11 10 11 11 4 12 3 13 13 3 12 1 4 13 12 3 4 13 28 10 7 11 8 6 14 8 12 11 14 14
split_gain=2010.65 173.297 127.115 60.803 44.6793 62.6174 40.4746 36.7367 34.7587 39.9925 77.0098 33.0949 30.3862 30.3033 27.7642 37.0904 37.8086 40.4646 32.9312 26.0636 25.2643 24.2592 29.9088 24.2534 24.0313 36.528 24.0112 38.8612 23.8128 29.0703
threshold=0.0037918742917770394 0.0027243949625534417 0.0023338168516954523 0.0047374108849636823 0.0061977127398223043 0.13642857142857046 -0.026522011208470805 252.50000000000003 269.50000000000006 0.037866991509130872 0.103628571428571 -0.010958501961386478 0.0010766357062848115 108.50000000000001 0.047864285714285637 -0.013606563258131253 0.0052653766717206596 241.50000000000003 -0.012800168961286528 0.010564255063487538 0.0009866688520651938 0.0045451249450983618 0.14538736537024749 0.00037537558441291455 58.500000000000007 0.36326654235833072 0.11945714285714336 0.0077067321554149726 196.50000000000003 222.50000000000003
decision_type=2 2 2 2 2 2 2 2 2 2 2 2 2 2 2 2 2 2 2 2 2 2 2 2 2 2 2 2 2 2
left_child=2 11 -1 12 5 6 13 14 -8 20 -11 26 21 19 -4 16 -16 -18 -19 -5 -10 22 -3 24 25 -24 27 -2 -7 -30
right_child=1 3 7 4 -6 28 8 -9 9 10 -12 -13 -14 -15 15 -17 17 18 -20 -21 -22 -23 23 -25 -26 -27 -28 -29 29 -31
leaf_value=-0.047312506692512836 0.10853996231728374 -0.0087007345500115726 0.11424420997703065 0.40412224803833663 0.067068095946678244 0.02038634450230593 0.036821474144316364 -0.019328318241048446 0.050031678323358302 0.11779069598637036 0.56462867176652898 -0.0043681659118591093 0.011043762052292724 0.092699916964035914 0.025944223056700817 -0.017776065419996333 0.0081745673744090305 0.183137487232401 0.67044422445967378 0.15327358713621686 0.13799205602728465 -0.036365611387658418 0.63357123182394615 0.52904992591921707 0.11416153533064098 0.049918229509806983 0.040703913579534429 0.54305095288524441 0.1893782711230832 0.044780600119806786
leaf_weight=1187.0447169868276 2.1900948146358119 3.5197685053572085 8.1392907872796041 1.418816016986965 543.02483876608312 186.96229141671211 103.52764363959432 343.69305421318859 33.861109054647386 4.6843221466988316 1.2141729705035684 173.43993927724659 108.55961726140231 37.015817338600755 3.8854436613619354 24.049469425342977 0.83211779687553677 0.63652041368186485 0.7613995065912601 3.8328712396323681 10.756741402670739 3.3032527510076752 0.58426403719931463 0.43004824966192323 7.8402845244854689 0.49535710923373699 7.5921183153986931 0.67261917237192381 4.5358799099922207 14.874008273705838
leaf_count=129282 112 153 307 25 11148 8742 2851 30477 1163 114 29 13056 5482 904 196 1431 29 17 26 52 322 135 30 18 316 26 383 27 97 354
internal_value=-0.00151301 0.0456786 -0.0392393 0.0533816 0.0577094 0.045089 0.0653047 -0.0141519 0.0534123 0.0874133 0.20977 0.000839577 0.0205691 0.108646 0.0322945 0.0101823 0.12013 0.284232 0.448557 0.221044 0.0712377 0.0845068 0.115531 0.162298 0.144616 0.365777 0.0872332 0.210632 0.0258588 0.0785715
internal_weight=2823.38 1254.34 1569.04 1070.44 945.709 402.684 196.311 381.997 154.044 50.5163 5.8985 183.895 124.733 42.2675 38.3042 30.165 6.11548 2.23004 1.39792 5.25169 44.6179 16.173 12.8697 9.34995 8.91991 1.07962 10.4548 2.86271 206.372 19.4099
internal_count=207304 45539 161765 31961 25801 14653 5460 32483 4479 1628 143 13578 6160 981 2006 1699 268 72 43 77 1485 678 543 390 372 56 522 139 9193 451
is_linear=0
shrinkage=0.05


Tree=10
num_leaves=31
num_cat=0
split_feature=11 4 10 12 11 11 18 12 11 12 13 13 28 1 13 1 27 15 28 18 6 2 30 0 1 7 15 11 12 13
split_gain=1893.83 212.431 102.46 68.3636 50.5786 50.2255 35.447 34.5775 32.6203 30.3906 31.6742 77.8735 31.4072 29.8371 27.9549 26.9937 63.0046 26.3217 39.6671 34.539 45.5405 56.8994 63.4907 34.1681 25.4171 33.7539 31.7264 32.9753 26.8914 24.9973
threshold=0.0030706335926189133 0.007098873876472297 0.0035607073729088255 0.035521428571429155 0.0023338168516954523 0.0047374108849636823 0.0099854231859727687 1.6842285714285645 0.0044573085830109842 0.074999999999998027 274.50000000000006 299.50000000000006 0.004611270406952815 0.011807292604155696 315.50000000000006 -0.0078125000000000538 0.83219976271327645 0.57999997679999582 -0.018828197965421043 0.00096690647802299306 0.0015654784390314309 -0.0067426293030339304 0.45042520924926877 -0.00041771094402665016 0.00089612838082620005 0.0029753018808865474 0.9705881782007012 0.007120737716016348 0.13792142857142919 238.50000000000003
decision_type=2 2 2 2 2 2 2 2 2 2 2 2 2 2 2 2 2 2 2 2 2 2 2 2 2 2 2 2 2 2
left_child=4 2 3 -2 6 -4 7 -1 -3 -7 29 17 14 -5 -13 16 -16 18 -12 20 21 -20 -23 -22 25 28 -26 -28 -14 -11
right_child=1 8 5 13 -6 9 -8 -9 -10 10 11 12 24 -15 15 -17 -18 -19 19 -21 23 22 -24 -25 26 -27 27 -29 -30 -31
leaf_value=-0.047802603784579956 0.081513095461761109 0.017018391585578271 0.0081679999147364398 -0.0057856927656663379 -0.021442258271606597 0.06824155578375353 0.3108954009349354 0.38748199122050836 0.065831250883251508 0.053123144531547352 -0.016560030875617551 -0.013169419462820573 0.32521831770076681 0.06666047545562373 0.092909132106068923 0.017769574784486507 0.59294417133383459 0.085734717732890764 0.2149553545560049 0.10927448876537503 0.39087675457163018 0.8747248884297808 0.25529593302155978 -0.051734819710544493 0.037702594223200291 0.49806420704570131 -0.051544889483579132 0.32922089150290507 0.060977364284125292 0.015757493180830719
leaf_weight=1133.7227181335911 25.98542555142194 36.570544183254242 112.21926970779896 325.6474430533126 224.64287217147648 111.14540577679873 0.68984298501163621 0.45641712937503953 533.93615330010653 64.328627480193973 1.3949379697442044 28.612911734730005 1.3222181126475359 14.860908046364782 6.5132008772343424 11.449748411774634 0.69741109013557423 5.4207086730748406 1.3129535969346751 2.166023151949048 0.78969201259315014 1.1331979036331179 0.65152695775032032 0.97360541112720944 18.973375990986828 0.72699974477291096 0.80024857446551267 1.9643606096506117 3.5424311719834805 147.1391175724566
leaf_count=129442 1390 1681 6152 24167 21037 2548 25 33 10013 1263 37 1081 31 822 184 389 20 161 46 62 23 37 22 32 646 21 29 57 126 5922
internal_value=-0.000651042 0.0388862 0.0236157 0.00334164 -0.0431187 0.0378152 -0.0474095 -0.0476274 0.0627023 0.0459089 0.0376327 0.0627578 0.0425482 -0.0026239 0.0178812 0.0654928 0.141273 0.171675 0.226989 0.275336 0.349333 0.464798 0.648598 0.146489 0.0852158 0.180289 0.0607602 0.219004 0.132798 0.0271241
internal_weight=2819.79 1460.28 889.772 366.494 1359.51 523.278 1134.87 1134.18 570.507 411.059 299.913 88.4456 74.6029 340.508 47.2733 18.6604 7.21061 13.8426 8.42194 7.027 4.86098 3.09768 1.78472 1.7633 27.3296 5.59165 21.738 2.76461 4.86465 211.468
internal_count=207499 56962 45268 26379 150537 18889 129500 129475 11694 12737 10189 3004 2584 24989 1674 593 204 420 259 222 160 105 59 55 910 178 732 86 157 7185
is_linear=0
shrinkage=0.05


Tree=11
num_leaves=31
num_cat=0
split_feature=10 4 4 14 10 14 4 5 9 18 28 12 3 29 8 27 15 2 12 14 14 3 12 1 25 9 9 3 1 14
split_gain=1584.36 158.568 102.822 64.5348 48.5679 37.362 36.3011 44.3197 41.7583 33.6447 29.5226 27.6724 48.4534 58.3076 39.6589 60.0982 74.8891 25.7448 34.8695 28.6981 24.6755 27.8904 28.515 23.2674 34.2726 28.7932 26.3106 22.895 59.5181 22.2899
threshold=0.0032027097460550972 0.0044436157992144313 0.0097783527140851336 145.50000000000003 0.0023195648302333821 150.50000000000003 0.0046352907061499504 0.0023041474654378323 0.1609288941928749 0.0053429553366527117 -0.011430253526101735 0.013514285714285687 0.012611114788338098 -0.27965196809339177 0.14538736537024749 1.0231048639291793 0.48992435269636564 -0.016202075903792908 0.058442857142857844 115.50000000000001 134.50000000000003 0.059372768562980356 0.18783571428571416 0.01106648093345053 1.0000000180025095e-35 0.63912320981642967 1.8545016529990059 -0.04604728306388161 0.0093625853255793218 157.50000000000003
decision_type=2 2 2 2 2 2 2 2 2 2 2 2 2 2 2 2 2 2 2 2 2 2 2 2 2 2 2 2 2 2
left_child=1 3 5 4 11 6 8 -8 -2 -5 -3 12 14 -14 15 16 -1 18 19 -9 21 -4 -23 -12 25 -25 -27 28 -6 -7
right_child=2 10 20 9 27 29 7 17 -10 -11 23 -13 13 -15 -16 -17 -18 -19 -20 -21 -22 22 -24 24 -26 26 -28 -29 -30 -31
leaf_value=0.15960893592844608 0.062703568465560536 0.069786448713580945 0.066882258028043789 0.014744754794538281 0.036103891055072931 0.11525348346274418 0.064349913808383202 0.11103808149205237 0.0067308303369764946 0.18144495764837054 -0.0016052406835695744 -0.044796827958535047 1.1575262672977835 -0.050514705813193422 -0.015172543392302354 -0.050568863975717943 1.4795598985292999 0.018616118664227056 0.044121848937582718 0.39336388327299371 0.0497245896229788 0.18125141074320186 0.084290744313693794 0.50029830254490948 0.019945927542296557 0.073748573454294836 0.47696314438898724 -0.019730139858851772 0.65421106714724597 0.048755531172913952
leaf_weight=0.23781278915703019 38.294775024987757 21.001692664809525 172.99649534467608 26.57735015265644 4.6023592865094534 13.920445868745444 108.79473221953958 3.3499291026964775 256.60417257156223 3.4158234298229209 116.72612330876291 1203.2170897377655 0.20693664718419313 0.19308422226458866 9.9152469253167492 0.49369672685861588 0.1960443127900362 221.23866864480078 64.368242305703461 1.2308151768520472 179.35815100930631 11.304986909031866 23.029167924076319 0.63405339233577018 11.235929386690259 2.7947432361543183 0.47305457200855006 184.68118606694043 0.42546219471842039 133.02840053848922
leaf_count=24 1371 1003 2857 1451 313 268 3235 90 13614 80 8479 139566 20 20 1140 52 19 8190 1921 26 2636 120 299 26 577 121 20 17205 25 2731
internal_value=-0.000689552 -0.033682 0.0419655 -0.0388419 -0.040392 0.032152 0.0273016 0.0371337 0.0139993 0.0337297 0.0147275 -0.0440673 0.0340121 0.574423 0.0140749 0.32672 0.756047 0.0269301 0.0536074 0.186897 0.0633044 0.075052 0.116216 0.00595835 0.0642805 0.191948 0.132119 -0.0168641 0.0884091 0.0550549
internal_weight=2814.55 1587.03 1227.52 1434.16 1404.17 840.83 693.881 398.982 294.899 29.9932 152.866 1214.46 11.2428 0.400021 10.8428 0.927554 0.433857 290.188 68.949 4.58074 386.689 207.331 34.3342 131.864 15.1378 3.90185 3.2678 189.709 5.02782 146.949
internal_count=207499 170141 37358 159915 158384 31446 28447 13462 14985 1531 10226 140841 1275 40 1235 95 43 10227 2037 116 5912 3276 419 9223 744 167 141 17543 338 2999
is_linear=0
shrinkage=0.05


Tree=12
num_leaves=31
num_cat=0
split_feature=11 4 10 11 11 3 12 12 9 14 18 12 11 3 4 14 12 12 2 27 2 2 10 27 11 14 14 14 12 9
split_gain=1589.5 140.899 73.6436 51.3266 47.2584 46.3079 41.0276 34.7323 31.3588 25.3623 25.2206 24.3367 23.5708 44.5185 21.9611 21.5463 53.6459 40.5288 31.9905 43.2181 23.8824 21.0999 22.269 31.4617 27.2096 25.5346 23.98 70.9593 21.8898 20.6715
threshold=0.0030706335926189133 0.007098873876472297 0.0027243949625534417 0.0023338168516954523 0.0047374108849636823 -0.039466406244875733 0.016546428571428712 0.047864285714285637 0.97445243062248055 115.50000000000001 0.0076972763706707513 1.6842285714285645 0.0044573085830109842 0.04814794382079058 0.0097783527140851336 89.500000000000014 0.19258571428571439 0.38035714285714184 -0.0025906735751294869 0.85258332910146661 0.01462714772410856 0.0068387730541374933 0.0049343467729167281 19.536232375094482 0.0040664086025241682 125.50000000000001 37.500000000000007 46.500000000000007 0.024285714285714594 0.96241951746972587
decision_type=2 2 2 2 2 2 2 2 2 2 2 2 2 2 2 2 2 2 2 2 2 2 2 2 2 2 2 2 2 2
left_child=3 2 6 10 7 -5 -2 21 9 15 11 -1 13 -3 -7 29 -17 18 19 -18 -20 22 23 24 26 28 -4 -28 -25 -6
right_child=1 12 4 5 8 14 -8 -9 -10 -11 -12 -13 -14 -15 -16 16 17 -19 20 -21 -22 -23 -24 25 -26 -27 27 -29 -30 -31
leaf_value=-0.047572895188620457 0.15937788425065777 0.0077028752903722719 -0.024794490560744023 0.4721271973559576 0.049691188031948767 -0.023176045169601849 -0.0065918149413831881 -0.0043580027602101766 0.017160524287587301 0.035152820610013409 0.16769856695520216 0.26023122626317752 0.05389149755842542 0.51137725076937535 0.12427919066781086 0.062570938192048967 0.29430577759656013 0.076925038613365776 0.084712486947615573 0.82216524090791809 0.41911572755630361 -0.0083522395843529228 -0.0043285756356294999 0.39395297172661969 0.0029202659513210046 0.59436282566601217 0.81866816406839049 0.13815402065944818 -0.051134192217003285 0.33285049237344166
leaf_weight=1039.0091159185395 3.7860833182930937 38.052209044806659 1.9242572225630379 0.47629072517156501 92.516771025024354 213.53449154086411 225.47497325390577 142.68556872289628 149.12977371085435 246.32869645487517 1.3647732632234681 0.64257108420133491 589.5774096287787 0.44382988475263019 2.5552868163213125 20.812210234813396 1.0103647951036694 2.7094276621937752 1.4512902703136199 0.62927320413291443 0.84466792456805695 10.456899155862628 6.3422448048368087 0.56190316285937913 6.4037875989451996 0.54101690277457226 0.40252278465777447 7.9253577450290322 0.54338216874748468 0.64906281605362792
leaf_count=129427 171 1667 131 19 2986 20923 18307 8672 5432 7279 40 33 10013 14 95 549 30 81 35 21 15 480 244 32 255 16 26 460 27 19
internal_value=-0.000719424 0.0331474 0.0207176 -0.0424935 0.0288353 -0.0203469 -0.00385094 0.00660321 0.0364941 0.0443513 -0.0471007 -0.0473827 0.0514164 0.0135099 -0.0214324 0.0631359 0.102062 0.225748 0.328204 0.496892 0.207737 0.0511601 0.0764118 0.104391 0.0837805 0.312906 0.134288 0.171046 0.175138 0.0516639
internal_weight=2808.79 1551.2 923.13 1257.58 693.868 216.566 229.261 177.787 516.082 366.952 1041.02 1039.65 628.073 38.496 216.09 120.623 27.4572 6.64502 3.9356 1.63964 2.29596 35.1014 24.6445 18.3022 16.6559 1.6463 10.2521 8.32788 1.10529 93.1658
internal_count=207499 56962 45268 150537 26790 21037 18478 10343 16447 11015 129500 129460 11694 1681 21018 3736 731 182 101 51 50 1671 1191 947 872 75 617 486 59 3005
is_linear=0
shrinkage=0.05


Tree=13
num_leaves=31
num_cat=0
split_feature=11 10 11 4 28 13 1 13 4 13 10 11 13 11 14 13 1 11 28 28 6 18 1 11 9 4 11 10 16 18
split_gain=1453.82 131.524 71.0775 41.4214 36.158 35.6209 35.2179 34.6996 29.4557 29.424 28.4091 34.5337 27.1225 26.7409 41.9828 107.433 72.6734 117.978 163.674 26.7166 22.6173 22.5659 27.5706 21.2334 21.1955 20.5859 20.553 34.3453 20.2633 21.2292
threshold=0.0029224580872862214 0.0033957114764168812 0.0044573085830109842 0.0084452141418404538 -0.0099426114620743567 323.50000000000006 0.011807292604155696 242.50000000000003 0.012028452959373723 244.50000000000003 0.0044423378923011134 0.0059076967987305882 259.50000000000006 0.010438299623826955 138.50000000000003 259.50000000000006 -0.0081165363897102698 0.01394258462876744 -0.012025979961781738 0.0098771068792566034 0.0039581890296192948 0.0053429553366527117 -0.0063611555997165605 0.0023338168516954523 0.039977823694319972 0.0038599877188271155 0.020305692514557643 0.0032027097460550972 1.0000000180025095e-35 0.0032995008101367003
decision_type=2 2 2 2 2 2 2 2 2 2 2 2 2 2 2 2 2 2 2 2 2 2 2 2 2 2 2 2 2 2
left_child=3 4 -3 7 13 8 9 21 28 -6 11 -7 24 -2 15 16 -15 18 -18 20 25 -1 -23 -9 -11 -13 -26 -28 29 -4
right_child=1 2 5 -5 6 10 -8 23 -10 12 -12 19 -14 14 -16 -17 17 -19 -20 -21 -22 22 -24 -25 26 -27 27 -29 -30 -31
leaf_value=0.001567190292822732 0.022839265934251334 0.0054778701562439459 0.03360332019453724 0.10191806453910662 0.054771323970198793 0.063453890469979499 0.058613997171923227 -0.047842648064165993 0.05316901153499648 0.52261526085061005 0.05685356536794639 0.24273267361817141 0.0025366840611527543 0.15637902870709505 0.00068541545188237156 0.016148950680224771 1.5267823056891014 0.1487711339180072 0.20246847371488635 0.32399841360730069 0.38460844387946841 0.46363173339543595 0.07261866820323859 -0.028318036480846371 -0.03207451422519577 0.031183426358892083 0.025855818698693651 0.51400911107823666 0.016151025740940513 0.060962919401090478
leaf_weight=16.183737962506715 43.166095709428191 149.06822248548269 467.68949583731592 4.8861200353130689 19.245206224732101 11.275194657966496 23.151394025422633 981.745057717897 263.25036351755261 0.17441538814455171 109.90821384824812 1.6942647248506526 192.16923661250621 1.6763185309246185 5.7343608653172851 4.4085688143968582 0.57016690541058779 0.7496405178681016 0.39491053763776818 2.7735740505158901 0.79899458587169636 0.58192655257880721 2.0010228576138607 162.26586194057018 112.52716554887593 3.5796150527894497 1.9510796330869191 0.44194336794316758 135.20938056334853 83.5705850655213
leaf_count=1003 2494 7931 13229 221 784 372 1036 128745 3070 13 1951 46 14763 60 260 209 24 37 29 52 14 18 53 17251 8874 82 120 17 3188 1553
internal_value=-0.000742814 0.0296872 0.0378418 -0.0433566 0.00502808 0.0423099 -0.000977916 -0.043967 0.0389495 -0.00520333 0.0668534 0.121475 -0.00895979 0.0420661 0.103389 0.178898 0.390483 0.619345 0.984872 0.195424 0.136703 0.0234711 0.160712 -0.0450733 -0.028155 0.0991449 -0.0289909 0.116008 0.0334966 0.037751
internal_weight=2802.84 1635.18 1228.82 1167.66 406.361 1079.75 349.66 1162.78 949.72 326.509 130.03 20.1216 307.264 56.7001 13.534 7.79961 3.39104 1.71472 0.965077 8.84645 6.07287 18.7667 2.58295 1144.01 115.095 5.27388 114.92 2.39302 686.469 551.26
internal_count=207499 60208 31488 147291 28720 23557 25607 147070 21040 24571 2517 566 23787 3113 619 359 150 90 53 194 142 1074 71 145996 9024 128 9011 137 17970 14782
is_linear=0
shrinkage=0.05


Tree=14
num_leaves=31
num_cat=0
split_feature=11 4 12 11 4 13 2 28 28 3 3 13 4 14 11 1 12 11 14 12 8 27 0 4 9 12 17 12 2 7
split_gain=1332.83 111.364 59.619 53.778 36.9733 33.3189 28.7276 25.5085 29.7009 23.9746 22.1638 21.8795 30.0289 23.1481 21.6578 20.1941 19.7774 18.5713 22.8954 21.7317 21.9803 21.6324 26.5204 69.5307 18.4669 26.0661 23.3081 17.5084 32.7437 19.1654
threshold=0.0029224580872862214 0.0068746454642973605 0.035521428571429155 0.011304632689466554 0.0084452141418404538 242.50000000000003 -0.055023563286713088 -0.011430253526101735 0.007695853053723019 0.013489714406343613 0.010849329953880551 323.50000000000006 0.00094428706326721127 27.500000000000004 0.0023338168516954523 0.0060436189192862875 1.6842285714285645 0.0044573085830109842 22.500000000000004 0.07749285714285721 0.5664628407784934 3.4823608913607544 0.0012871420413673731 0.0053611251976588723 0.077069703981884286 0.11668214285714183 1.0000000180025095e-35 0.055771428571428396 0.0015045652464296124 0.0028516535559725323
decision_type=2 2 2 2 2 2 2 2 2 2 2 2 2 2 2 2 2 2 2 2 2 2 2 2 2 2 2 2 2 2
left_child=4 2 6 7 5 -1 -2 24 10 -8 -9 27 13 -13 16 -15 -7 -14 -19 -20 -21 22 -22 -24 25 -4 -27 28 -10 -30
right_child=1 -3 3 -5 -6 14 9 8 11 -11 -12 12 17 15 -16 -17 -18 18 19 20 21 -23 23 -25 -26 26 -28 -29 29 -31
leaf_value=0.021572590115256779 0.31405243549064632 0.042595271285272587 0.038658460458814478 0.036508580288220696 0.08777944864191449 -0.047912340336940196 0.068270393654111458 0.0016650540813087308 0.36572670139831698 0.0053061925808928472 -0.025151269028313102 0.051271163286319227 0.0021726732275758271 0.13766996419571548 -0.027679506738950279 0.54057045470414644 0.20281578178645676 0.28564851293856114 -0.053154745616380374 -0.05280589464270579 0.1092430954414037 0.0030834525465656001 0.70910502928605235 0.088645067279133238 0.022910095918351352 0.090152595838104879 0.38701058713863096 0.0057941896806685458 0.032281256770567056 0.29771320866554118
leaf_weight=19.232404797337949 1.0699312295764674 702.52931856736541 5.4125937167555076 187.00440163351595 5.3754762187600127 935.77004266669974 63.639123653993011 332.8160779569298 0.83635028451681392 19.828957047313452 100.26534790825099 0.96329105272889437 12.269354704767467 0.52700879611074902 157.82282017637044 0.7587993610650301 0.78716883435845275 1.3221764732152212 2.8595191380009046 1.701895447447894 2.7885395009070635 1.819172905758023 0.78802130185067643 1.0574423670768736 98.655857210047543 1.4040548000484705 1.2498126355931163 120.74920670501888 14.745895033702251 0.71294575091451484
leaf_count=1074 10 12498 112 6230 221 128712 2332 20494 28 636 6651 32 849 19 17251 26 33 22 67 47 87 61 26 25 3833 41 26 5560 477 19
internal_value=-0.000770951 0.0274178 0.0164845 0.0126759 -0.0430362 -0.0436677 0.0566124 0.00634249 0.0023175 0.0533124 -0.00454336 0.0204463 0.0617146 0.236596 -0.0448142 0.375435 -0.0477016 0.0457298 0.0890489 0.0654494 0.107037 0.149192 0.20655 0.353584 0.0288574 0.101595 0.229955 0.0123594 0.0610085 0.0445227
internal_weight=2796.76 1677.78 975.246 890.708 1118.99 1113.61 84.538 703.703 596.981 83.4681 433.081 163.9 26.8552 2.2491 1094.38 1.28581 936.557 24.6061 12.3368 11.0146 8.15507 6.45318 4.634 1.84546 106.722 8.06646 2.65387 137.044 16.2952 15.4588
internal_count=207499 60208 47710 44732 147291 147070 2978 38502 34490 2968 27145 7345 1261 77 145996 45 128745 1184 335 313 246 199 138 51 4012 179 67 6084 524 496
is_linear=0
shrinkage=0.05


Tree=15
num_leaves=31
num_cat=0
split_feature=10 4 10 13 28 28 4 19 2 12 13 1 14 30 7 4 9 10 13 28 28 28 7 12 7 3 10 1 14 0
split_gain=1062.7 113.979 54.5036 39.3191 35.9784 35.1835 33.5585 31.8818 29.7556 35.4158 34.3872 28.2172 28.1662 37.2814 103.012 26.44 26.3361 36.7029 25.2713 24.8694 31.7893 24.5998 20.8395 20.2226 19.1761 20.7244 21.7051 18.4776 18.3045 17.6781
threshold=0.0027559844618296804 0.0032914028716012757 0.0038285203131871851 242.50000000000003 -0.029687444426907798 -0.018828197965421043 0.0004576328668594459 1.0000000180025095e-35 0.017581577604508961 0.19763571428571478 313.50000000000006 0.010434675861185629 143.50000000000003 0.25376652947372502 0.0015567108180271369 0.007098873876472297 0.70559853316645016 0.0024338332654341541 279.50000000000006 0.020341203456957061 -0.029687444426907798 -0.011430253526101735 0.0015341292309502803 0.081785714285714642 0.002339053760195066 -0.074769985434356798 0.0032917736143087358 -0.013715099996024714 149.50000000000003 -0.0088318579817435166
decision_type=2 2 2 2 2 2 2 2 2 2 2 2 2 2 2 2 2 2 2 2 2 2 2 2 2 2 2 2 2 2
left_child=1 3 5 28 -3 -2 7 27 21 10 12 24 13 15 -15 18 17 -11 -10 20 -4 -6 23 -22 25 26 -8 -7 -1 -27
right_child=2 4 19 -5 8 6 11 -9 9 16 -12 -13 -14 14 -16 -17 -18 -19 -20 -21 22 -23 -24 -25 -26 29 -28 -29 -30 -31
leaf_value=0.37888758592248828 0.085994656354399679 0.34083058899599855 0.052026828106953263 -0.043680236794346107 0.045544843290852538 0.3139019731660897 -0.05162853704143671 0.47525931799955051 -0.0054678850519893768 0.00012914470091786139 -0.018829426584511283 0.045610437791655356 -0.051020986681658331 0.1733379094132696 1.4038422768854364 0.53341308021694112 -0.02635711387797441 0.48354178720781182 0.46329765136993467 0.048093426312621063 0.033454058385835268 -0.014142555400525156 0.035414589088144287 0.013471698858017637 0.030875690405643863 0.31697301032892783 0.25645936158083404 0.048770528753894732 0.014292663638244621 -0.013676513173456887
leaf_weight=0.34904967434704559 13.70203459728509 0.76168682053685088 124.45521575585008 1020.4836188727058 19.084156792145222 0.68362687155604973 0.94407368823885862 0.4723990811035027 1.1015696460381152 0.98109357990324386 1.5415618610568342 29.715920573100448 0.57413004711270321 0.44593141227960575 0.27495553810149431 0.51178730092942704 8.0988789373077434 0.65465048793703318 0.38905643299221981 187.66385762579739 182.34847780689597 180.85961283836514 318.77560697030276 414.25466545112431 30.768635543994606 0.40502283815294404 1.4492890834808347 16.966030722483993 25.046477024443448 209.08713685907423
leaf_count=30 405 26 1440 138694 1101 23 40 13 76 71 90 1107 36 31 17 15 506 38 29 2748 4821 18132 6926 12547 1267 10 39 905 1160 14951
internal_value=-0.00134117 -0.0353313 0.0266455 -0.0421509 -0.00220003 0.00769886 0.00400577 0.0698898 -0.00341803 0.0655572 0.176109 -0.000377795 0.267244 0.334341 0.642668 0.22334 0.0106028 0.193598 0.116881 0.0313408 0.0283173 -0.00844554 0.0250938 0.0195792 -0.00600961 -0.0113658 0.134933 0.0590399 0.0193039 -0.0130373
internal_weight=2792.85 1261.16 1531.69 1045.88 215.279 304.194 290.492 18.1221 214.517 14.5736 4.83899 272.37 3.29743 2.7233 0.720887 2.00241 9.73462 1.63574 1.49063 1227.5 1039.83 199.944 915.379 596.603 242.654 211.886 2.39336 17.6497 25.3955 209.492
internal_count=207294 160052 47242 139884 20168 18760 18355 941 20142 909 294 17414 204 168 48 120 615 109 105 28482 25734 19233 24294 17368 16307 15040 79 928 1190 14961
is_linear=0
shrinkage=0.05


Tree=16
num_leaves=31
num_cat=0
split_feature=11 4 4 11 6 12 11 13 13 3 1 13 11 29 3 27 2 11 1 27 12 3 13 8 12 12 5 3 6 3
split_gain=1118.07 69.8504 61.0131 41.1585 30.717 28.3731 22.4049 25.6685 22.1919 31.6375 23.8574 19.4234 33.5979 24.2688 36.0584 24.1411 67.8082 18.8697 18.8464 18.0698 17.2401 50.1156 75.0862 28.2769 17.0517 16.1544 28.1783 14.59 16.964 14.4779
threshold=0.0030706335926189133 0.0046352907061499504 0.00054174807075017741 0.0023338168516954523 0.0018108911656533283 0.05515357142857092 0.010070291146981341 279.50000000000006 203.50000000000003 0.0092490305769474829 -0.0058224599896733445 299.50000000000006 0.0039950276215665942 -0.39436106635034623 -0.0063570866438347187 0.75498919563744038 0.0029571700330175425 0.0042140097133028962 -0.0092938989722283188 1.7340075842099847 0.013514285714285687 0.010008805476505069 363.50000000000006 0.082794152814845742 1.6842285714285645 0.50323571428571634 0.0023041474654378323 -0.097482364255309803 0.0054845310081166497 -0.030044134733385627
decision_type=2 2 2 2 2 2 2 2 2 2 2 2 2 2 2 2 2 2 2 2 2 2 2 2 2 2 2 2 2 2
left_child=3 2 -2 8 17 -4 7 -7 9 10 -1 12 25 -14 -15 -16 -17 -3 -5 -18 21 23 -23 -10 29 -9 -27 28 -6 -22
right_child=1 4 5 18 27 6 -8 11 20 -11 -12 -13 13 14 15 16 19 -19 -20 -21 24 22 -24 -25 -26 26 -28 -29 -30 -31
leaf_value=0.28562787651114507 0.034800366932414055 -0.0010238174513352413 0.030326978294694579 0.03708971628248639 0.041790168091391126 -0.021551296205917475 0.01854638179079221 -0.038372673948155578 0.37247167068575271 0.49634612395823424 -0.016330688787316992 -0.00065434019798689413 0.017564057184468861 0.043174093355959148 0.063510624304498359 0.74247156385859592 0.43307739899162634 0.027550064733835984 -0.025093930165821926 0.076728343016106815 0.31673213675478096 -0.050658334851350323 1.3159646242774925 -0.025594565787188991 0.16930112815933795 0.0073597535903749279 0.54833871334415951 0.039274093720342219 0.11490515948988066 -0.047878645959597774
leaf_weight=0.73817590996623028 194.65733678732067 64.867425747215748 72.849032784812152 13.017224769107996 17.87093455158174 188.30421898979694 89.332513889297843 8.16393566504121 0.4722822988405796 0.36520708817988623 5.745722201652824 108.91275132447481 3.6134204650297761 2.6335839675739408 0.86893324553966378 0.81822279747575555 0.51457267813384522 528.69564334116876 190.5257165376097 1.1525839287787674 0.27234865864738722 0.22309869248420078 0.18291270406916738 8.056622536852954 0.90572428330778976 0.86231568455695995 0.33392145950347185 413.59490102436393 14.266639709472654 851.98302910523489
leaf_count=20 4886 3548 3233 967 201 12810 4125 700 39 18 334 7263 161 112 39 35 17 11730 20275 50 33 24 17 1127 32 74 29 7846 110 127439
internal_value=-0.00132363 0.0237497 0.0112004 -0.0413553 0.0318763 0.00159701 -0.00356426 -0.00981136 -0.0460959 0.0435504 0.0180466 0.00747655 0.0541795 0.119895 0.181647 0.290366 0.369679 0.0244274 -0.0211171 0.186717 -0.0468081 0.0222846 0.565021 -0.00355192 -0.0475317 -0.0132288 0.15837 0.0417957 0.0742477 -0.0477621
internal_weight=2784.8 1712.31 673.017 1072.49 1039.3 478.36 405.511 316.178 868.945 6.84911 6.4839 127.874 18.9615 9.60132 5.9879 3.35431 2.48538 593.563 203.543 1.66716 862.096 8.93492 0.406011 8.5289 853.161 9.36017 1.19624 445.732 32.1376 852.255
internal_count=207294 56969 33534 150325 23435 28648 25415 21290 129083 372 354 8480 1217 414 253 141 102 15278 21242 67 128711 1207 41 1166 127504 803 103 8157 311 127472
is_linear=0
shrinkage=0.05


Tree=17
num_leaves=31
num_cat=0
split_feature=11 10 11 13 12 11 1 13 10 27 3 3 12 13 13 9 1 9 13 2 10 13 27 6 28 9 13 12 3 12
split_gain=1031.12 63.1747 42.8671 32.2862 28.4156 27.1724 26.385 24.773 24.2301 30.7567 23.8771 24.2703 23.2065 21.8836 24.9741 24.3538 22.9365 22.4443 22.0125 29.8045 25.8496 20.7449 21.1251 19.3557 19.1607 18.5521 20.8963 26.5624 18.551 18.3071
threshold=0.002958380536528742 0.0028895329028294351 0.0044573085830109842 203.50000000000003 0.047257142857143879 0.0023338168516954523 -0.015094738521680194 321.50000000000006 0.0014571225667518223 0.38057427880399203 -0.04604728306388161 0.068241514128309824 0.086507142857142491 269.50000000000006 300.50000000000006 1.2402634029190123 -0.052109359877139487 1.2011005985924117 240.50000000000003 0.027573088301412366 0.007854793638847014 295.50000000000006 0.75498919563744038 0.0019788503483813406 0.020341203456957061 2.1655991301469837 259.50000000000006 0.23004285714285647 -0.0020800416016640839 0.045357142857143991
decision_type=2 2 2 2 2 2 2 2 2 2 2 2 2 2 2 2 2 2 2 2 2 2 2 2 2 2 2 2 2 2
left_child=3 6 29 4 8 -5 -2 10 -1 28 -4 12 -12 18 15 17 -16 21 19 -14 -21 -15 -23 -20 -17 26 -13 -28 -10 -3
right_child=1 2 7 5 -6 -7 -8 -9 9 -11 11 25 13 14 16 24 -18 -19 23 20 -22 22 -24 -25 -26 -27 27 -29 -30 -31
leaf_value=-0.051190859596655813 0.092487579057399724 0.036716569087252335 0.041336578511672564 -0.046629384864942169 -0.030390844733546259 -0.02436055976754746 -0.002032431584659392 0.047091090504691784 0.15957925435287909 0.076130908636512618 0.03376792767730382 0.036860393390253855 0.014605572171273083 0.049863834386442402 0.29780380783917054 -0.030265140223416167 0.01252038140446176 0.28157351945391429 -0.007221192296115158 0.24172380173405239 0.064262897480439285 0.038896069410692333 0.20664313216891081 0.019977574096471842 0.11995863327998491 0.0088064925926784401 0.14800865559182264 0.053770486716577186 0.50201521692909012 -0.0031739233819816168
leaf_weight=1.5664558755233864 7.578563939779996 35.035632274113595 216.28810336627066 823.47311793267727 7.2495457725599408 164.31961553357542 286.52923708874732 166.39421093650162 0.70439940970391035 2.7313840622082353 211.66250228136778 58.635471847839653 63.147691048681736 46.328192818909883 0.70884663611650367 12.420355973765252 116.3186160242185 1.1954443007707585 207.34526266902685 2.3668709024786976 15.427583202719687 3.1718942392617455 4.5968794487416744 95.555500087328255 2.5601586289703837 28.896256916224957 11.481967907398937 21.439742027781904 0.90189436450600602 160.62494008149952
leaf_count=91 258 1435 3571 128711 405 18521 22048 2969 21 101 3923 976 1057 1005 11 233 2927 25 6666 39 198 52 83 1914 32 362 114 381 28 9137
internal_value=-0.00130562 0.0215706 0.0257725 -0.0418887 0.0359296 -0.042925 0.000403158 0.0290899 0.117363 0.178232 0.0264145 0.0228414 0.0196263 0.0143855 0.0283964 0.0519575 0.0142484 0.0672786 0.00754878 0.0307115 0.0878673 0.062543 0.138154 0.00135915 -0.00459201 0.0437352 0.054759 0.0866375 0.351849 0.003969
internal_weight=2776.66 1775.71 1481.6 1000.95 13.1537 987.793 294.108 1285.94 5.90413 4.33768 1119.55 903.259 782.806 571.143 187.3 70.2729 117.027 55.2924 383.843 80.9421 17.7945 54.097 7.76877 302.901 14.9805 120.453 91.5572 32.9217 1.60629 195.661
internal_count=207294 59416 37110 147878 646 147232 22306 26538 241 150 23569 19998 18165 14242 4368 1430 2938 1165 9874 1294 237 1140 135 8580 265 1833 1471 495 49 10572
is_linear=0
shrinkage=0.05


Tree=18
num_leaves=31
num_cat=0
split_feature=11 4 4 11 12 7 15 12 3 11 11 14 3 0 5 11 12 13 11 17 5 0 16 29 1 27 5 12 5 2
split_gain=952.928 59.9934 51.6935 31.8102 23.8466 27.2376 22.7358 22.137 32.9704 31.5468 34.14 21.7329 20.193 22.3232 20.1688 29.4149 27.0074 22.4586 17.6627 16.6456 15.6401 14.4001 18.0885 14.2618 18.4805 16.4255 21.0674 34.8842 20.4809 17.4485
threshold=0.002958380536528742 0.0046352907061499504 0.0010025085679474688 0.0020653295091878766 0.05515357142857092 0.001728066161389954 0.9999999375195231 0.017678571428572355 0.004306324294871878 0.0022369508678690463 0.0028493179679606137 374.50000000000006 -0.034297246437770317 -0.0088318579817435166 0.0029454575479487231 0.0079347103002713939 0.089585714285716142 343.50000000000006 0.0026133791483859384 1.0000000180025095e-35 0.017187225973342751 0.0056363192180939334 1.0000000180025095e-35 -0.72042452102131749 0.0085567137916254827 0.18923127260153211 0.00054102351816472105 0.043571428571428601 0.0031018690337643101 -0.0061344350480134749
decision_type=2 2 2 2 2 2 2 2 2 2 2 2 2 2 2 2 2 2 2 2 2 2 2 2 2 2 2 2 2 2
left_child=3 2 21 11 6 -6 23 8 -5 -10 19 -1 18 -14 -3 -16 17 -17 -9 -11 -18 -2 -23 24 25 -4 27 -27 29 -28
right_child=1 14 4 7 5 -7 -8 12 9 10 -12 -13 13 -15 15 16 20 -19 -20 -21 -22 22 -24 -25 -26 26 28 -29 -30 -31
leaf_value=-0.047025579362202814 0.022388711841402089 0.038926575849249793 -0.014592491711230372 -0.015481226504692839 -0.01046383747799468 0.027550356254871667 0.37131876074520787 0.4562599225801573 0.53272395058448618 -0.05053599045638496 0.7327937927453827 0.50213954541096351 0.26994013454712285 -0.030248986203124502 0.011533137338652109 0.048107288493077091 0.020997064169527738 0.14108005924719744 0.027340232356335672 0.43763880569930108 0.047736779461220652 0.10510619291306791 0.033018163037568181 0.012584574544857183 -0.052678829637331483 0.092411479789314577 0.17872996767567448 0.63844447129504411 0.25560169037527758 -0.0030742641596990155
leaf_weight=712.63928233645856 190.6805158238858 283.30702795833349 2.6041366392746559 4.2826225212775162 350.60806474369019 54.437758083455265 0.47258235234767099 0.39360379893332609 0.59787857811898026 1.1933756428770719 0.19147716835141171 0.18020284920930763 0.62091326713561912 239.63590587908402 316.89763873629272 88.412028657272458 336.27145983465016 7.0105193816125384 0.61510998336598277 0.20454841852188099 65.304566666483879 12.531984714791177 28.473051385954022 58.822729791514575 2.5638229632750145 0.69215953629463711 1.9462449019774766 0.50658343732357025 1.6207134071737526 4.0998202720657018
leaf_count=116894 5646 7227 94 519 22830 3066 20 23 33 136 17 6 20 30184 9500 937 5747 63 30 16 523 206 427 2712 70 28 67 19 48 186
internal_value=-0.00128054 0.020108 0.00878384 -0.0415227 -0.000604869 -0.00535477 0.0256321 -0.0260883 0.0651829 0.223121 0.106659 -0.0468867 -0.0285359 -0.0294732 0.0274365 0.023437 0.0310272 0.0549378 0.194706 0.0208952 0.0253455 0.0281692 0.0550498 0.0233898 0.0686811 0.0958087 0.128238 0.323163 0.0977602 0.055449
internal_weight=2767.82 1807.26 710.06 960.555 478.375 405.046 73.3288 247.735 6.4699 2.18728 1.5894 712.819 241.266 240.257 1097.2 813.896 496.999 95.4225 1.00871 1.39792 401.576 231.686 41.005 72.8562 14.0335 11.4697 8.86552 1.19874 7.66678 6.04607
internal_count=207294 59416 35419 147878 29140 25896 3244 30978 721 202 169 116900 30257 30204 23997 16770 7270 1000 53 152 6270 6279 633 3224 512 442 348 47 301 253
is_linear=0
shrinkage=0.05


Tree=19
num_leaves=31
num_cat=0
split_feature=10 4 13 7 10 12 1 1 1 1 6 3 28 13 12 10 13 27 13 30 5 28 6 12 30 6 15 27 14 3
split_gain=757.398 105.328 37.3803 32.5722 28.4052 29.841 24.3105 18.8135 17.6713 17.355 17.2714 16.8343 16.4191 18.8861 20.7027 22.6051 18.4201 27.2942 26.1467 15.887 17.9411 16.8585 15.7714 22.0275 18.6301 33.183 15.4224 28.0322 30.4683 15.0127
threshold=0.0027243949625534417 0.0032914028716012757 242.50000000000003 0.002339053760195066 0.0038285203131871851 0.031428571428571909 -0.015094738521680194 0.010434675861185629 -0.010293952101985969 0.01989373097305203 0.0018923483190094179 -0.056169797219425992 -0.012025979961781738 240.50000000000003 0.081785714285714642 0.026153866867599771 273.50000000000006 121185.00000000001 300.50000000000006 0.27787978637961847 0.0019883568686381533 -0.0076714871393740872 0.0013161104298051454 0.017678571428572355 -9.7758567852441107 0.0016179085417382007 0.62264149768600918 12.211127654937149 49.500000000000007 -0.074769985434356798
decision_type=2 2 2 2 2 2 2 2 2 2 2 2 2 2 2 2 2 2 2 2 2 2 2 2 2 2 2 2 2 2
left_child=1 2 -1 4 5 -2 -3 8 -7 11 12 19 -6 -14 15 -15 -16 18 -18 20 -8 29 23 26 25 -24 -13 28 -28 -22
right_child=3 6 -4 -5 10 7 9 -9 -10 -11 -12 22 13 14 16 -17 17 -19 -20 -21 21 -23 24 -25 -26 -27 27 -29 -30 -31
leaf_value=0.018748596960189233 0.058815838324003361 0.094591301971015757 -0.042632223089509313 0.032205499339525261 0.029091061978453764 0.031071386466382762 -0.010504792932709667 0.037200968533604391 -0.012424968372344464 0.17804025041089916 0.030890532859032829 0.00056285997820153288 0.028493264801828896 0.02203318063113649 -0.01267447086234001 0.27093165262579672 0.052339750744363846 0.19624213237095844 -0.0019932481746352455 -0.028013581218048918 0.50536309436958271 0.02016464559215269 0.55660526504829055 -0.020544697255159342 0.0071195002515505191 0.065928538112883031 0.11134284996809046 -0.051089027186666941 0.79323594045702706 0.19392157783114036
leaf_weight=25.533038841560483 21.257060576695949 6.4335706788115194 868.40213998127729 413.16257599554956 177.61109387129545 26.38235291140154 1.2360439775511616 26.322877022437751 203.21789223421365 1.2981958556920279 266.16145375091583 0.96079558925703112 124.98563411086798 115.7301203655079 154.85429124440998 0.91947326809167762 28.386807390488684 1.9967704955488432 100.66287243552506 2.1629728898406029 0.6257372293621305 0.70341976266354311 0.41124138981103842 126.38272698363289 59.520935459528118 2.1249813744798303 0.30467153992503859 0.40375004895031452 0.35433316649869084 1.0139449806883929
leaf_count=1169 1146 211 138263 6981 3320 1017 79 973 14905 38 4922 70 2047 3332 5109 11 862 41 3384 124 17 44 35 13759 5186 135 25 33 18 38
internal_value=-0.00125574 -0.0334819 -0.040879 0.0200365 0.0160094 0.00189136 -0.0010576 -0.0028368 -0.00742699 -0.00417331 0.0200382 -0.00537893 0.015942 0.0115149 0.0062434 0.0239951 -0.000999415 0.0127967 0.00995828 0.0789704 0.143624 0.22493 -0.0079219 -0.0179243 0.0127746 0.14549 0.145737 0.276984 0.477983 0.312774
internal_weight=2759.52 1097.87 893.935 1661.65 1248.49 277.18 203.937 255.923 229.6 197.504 971.309 196.206 705.147 527.536 402.55 116.65 285.901 131.046 129.05 5.74212 3.57915 2.3431 190.463 128.406 62.0572 2.53622 2.02355 1.06275 0.659005 1.63968
internal_count=207294 159244 139432 48050 41069 18041 19812 16895 15922 19601 23028 19563 18106 14786 12739 3343 9396 4287 4246 302 178 99 19261 13905 5356 170 146 76 43 55
is_linear=0
shrinkage=0.05


Tree=20
num_leaves=31
num_cat=0
split_feature=11 10 28 11 12 12 3 28 10 28 11 3 6 13 11 13 13 3 12 28 15 12 7 3 12 7 5 6 12 15
split_gain=803.173 43.0142 33.9816 33.0088 29.4305 25.4278 34.1961 39.359 40.4394 22.8202 51.6083 20.5142 19.8465 19.7939 18.6005 17.3404 29.7087 42.2364 17.5247 15.97 15.6233 25.8185 15.603 16.1953 19.7376 23.765 28.1504 60.5405 64.0105 19.3739
threshold=0.0029224580872862214 0.0038285203131871851 -0.014549141088860998 0.0020653295091878766 0.036785714285714401 0.013514285714285687 0.004306324294871878 0.00471207367959938 0.0020667829177949313 0.014315103393802439 0.0028493179679606137 0.014986631248066764 0.0029761904761904661 241.50000000000003 0.0045451249450983618 251.50000000000003 266.50000000000006 -0.050533579311514303 0.017678571428572355 0.020341203456957061 0.9090908264462747 0.24643571428571831 0.0012886597938144438 -0.0016776106787150245 0.40104285714285842 0.0015567108180271369 0.0012181506879093097 0.00090415913200724083 0.26023928571428617 0.11403508571868561
decision_type=2 2 2 2 2 2 2 2 2 2 2 2 2 2 2 2 2 2 2 2 2 2 2 2 2 2 2 2 2 2
left_child=3 2 15 13 11 6 -5 8 -8 -7 -11 -4 22 -1 19 -2 17 -17 -18 -3 -21 -22 -6 24 25 26 -24 29 -29 -28
right_child=1 14 4 5 12 9 7 -9 -10 10 -12 -13 -14 -15 -16 16 18 -19 -20 20 21 -23 23 -25 -26 -27 27 28 -30 -31
leaf_value=0.02774192499225055 -0.0047368096312652621 0.0013833724509979568 0.055908033895239066 -0.05047076558849789 -0.012781842631400697 -0.028024856897916551 1.0544419787233277 0.11257818693880069 0.16024507572449503 0.051091926529008548 0.88131351630971722 -0.032986402775888511 0.033919071879254879 -0.047721695641034928 0.023630850761685099 0.24770256870519858 0.31622503058730578 0.041233380153902065 0.027516837908522076 -0.05272749916175179 0.071741509782063062 0.43116097355692207 0.0218901595377144 -0.0079270827400746945 -0.010950303914391064 0.032735355285843946 0.41243614397624484 0.90972475150290255 0.077821077415797787 0.044517472088002996
leaf_weight=8.8083712426014227 12.634317739866672 132.36182934977114 35.725986927747726 1.6468146503902965 280.64017417794093 222.58319194708019 0.27129590092226852 1.198622692376375 0.23679948877543211 1.475789101794361 0.2143759112805127 7.9307232117280355 32.974913877435029 644.01921006152406 1211.348760583438 4.5977639006450772 0.53754586912691849 5.369817676022647 23.693180222064257 1.006508290767669 1.6161568965762856 0.7232534922659396 2.7573763728141776 62.131402882747352 18.607075380161405 26.152309057302773 0.43142183031886894 0.57233354914933432 0.38797987252473831 2.0970662608742714
leaf_count=501 456 5989 1578 205 21402 29647 22 50 20 157 11 321 1195 116053 21115 88 9 232 883 27 49 19 249 3609 1073 1470 23 33 22 158
internal_value=-0.00162934 0.0169581 0.00470163 -0.0409868 0.000657903 -0.0245915 0.112071 0.268908 0.637699 -0.026635 0.156395 0.0397594 -0.00334218 -0.0467035 0.0216643 0.0453187 0.0638114 0.136472 0.0339217 0.00411045 0.111991 0.18286 -0.00646243 0.00921308 0.030092 0.0536634 0.141288 0.235654 0.573624 0.107293
internal_weight=2744.75 1864.3 517.241 880.454 470.409 227.627 3.35353 1.70672 0.508095 224.273 1.69017 43.6567 426.752 652.828 1347.06 46.8326 34.1983 9.96758 24.2307 135.708 3.34592 2.33941 393.777 113.137 51.0056 32.3985 6.24618 3.4888 0.960313 2.52849
internal_count=206666 60000 32801 146666 31133 30112 297 92 42 29815 168 1899 29234 116554 27199 1668 1212 320 892 6084 95 68 28039 6637 3028 1955 485 236 55 181
is_linear=0
shrinkage=0.05


Tree=21
num_leaves=31
num_cat=0
split_feature=11 10 4 28 11 12 4 12 3 27 14 11 13 13 29 3 14 2 7 9 13 12 12 3 13 29 7 5 7 12
split_gain=745.099 37.7298 35.4893 31.2605 28.282 26.0026 25.4404 23.1029 18.047 17.6798 24.9139 16.4312 20.5478 20.0675 23.3784 16.3311 28.0883 23.0835 16.909 20.4834 63.3559 15.8804 15.7413 15.4507 15.4064 15.085 19.0161 17.0616 14.8873 22.3923
threshold=0.0029224580872862214 0.0038285203131871851 0.0097783527140851336 -0.024368216535970714 0.0020653295091878766 0.036785714285714401 0.0032258064516130021 0.019674999999999953 0.014986631248066764 1.8243414409854026 101.50000000000001 0.0079347103002713939 345.50000000000006 333.50000000000006 0.60529609247179328 0.0012158727628103219 10.500000000000002 0.039860745839948593 0.0012886597938144438 0.32339782290749625 260.50000000000006 1.6842285714285645 0.083757142857145098 0.10884937384815986 241.50000000000003 0.13395232674573868 0.0013065846431544075 0.0020127312295209507 0.00093230531826290553 2.2107821428571461
decision_type=2 2 2 2 2 2 2 2 2 2 2 2 2 2 2 2 2 2 2 2 2 2 2 2 2 2 2 2 2 2
left_child=2 3 4 -2 21 8 23 -6 -5 -4 -11 12 13 28 -15 16 -8 18 -18 20 -20 24 -13 -7 -1 26 -21 -28 -3 -30
right_child=1 11 9 5 7 6 15 -9 -10 10 -12 22 -14 14 -16 -17 17 -19 19 25 -22 -23 -24 -25 -26 -27 27 -29 29 -31
leaf_value=0.020653139121270852 0.082715736579611995 0.0066481291851592074 0.025597173000201884 0.051351877956374796 0.055385463491425528 -0.017062965638580681 0.35814499656018539 -0.029111819819251462 -0.032338415024395127 0.42439291988460887 0.019832061287670864 0.037629649679489764 -0.015444632950046869 0.082866197773656475 -0.016141576376006564 -0.0043359014506391567 0.002410300589603905 0.36581966333786969 0.61761569888964807 0.3176044293122498 -0.051268289509839242 0.35475235913351355 0.020982787870094461 0.16741413746840494 -0.047825891932808451 0.0053107052911653746 0.08249209154502303 0.0095646227120388949 0.023441381333625645 0.2200827934132967
leaf_weight=8.3248485056683403 12.433195459656416 271.57892685662955 2.5347761213779441 39.645194787532091 8.4121312922798079 177.99638129165396 0.61085057258605857 210.92188183637336 7.6912895515561095 0.83771205507218816 0.69733398407697678 182.13805235736072 55.234253222122788 22.103834993205968 8.1646902030333859 134.60496345069259 82.659878079779446 0.47650439292192359 0.59794260188937076 0.67661532294005056 0.8678206829354167 0.24618014320731063 644.56012703850865 1.1423025792464603 613.84249977441505 27.823220631107688 17.881690718233585 14.54239536076784 185.76463002245873 1.4591044206172217
leaf_count=484 321 7868 75 1628 838 15362 38 29181 321 22 24 1937 1612 611 213 7385 4856 9 30 28 46 9 10244 53 116033 1248 896 580 4687 27
internal_value=-0.00159038 0.0158604 -0.040598 0.00438754 -0.0413101 0.00246752 -0.00116457 -0.0258711 0.0377538 0.106696 0.240611 0.0202089 0.013463 0.0167278 0.0561597 0.00822942 0.0198032 0.018383 0.0172416 0.0368916 0.221596 -0.0467507 0.0246504 -0.0158866 -0.0469096 0.0324478 0.0552582 0.0497837 0.0141263 0.0249739
internal_weight=2736.47 1890.65 845.817 519.65 841.748 507.217 459.881 219.334 47.3365 4.06982 1.53505 1371 544.305 489.071 30.2685 280.742 146.137 145.526 145.05 62.3897 1.46576 622.414 826.698 179.139 622.167 60.9239 33.1007 32.4241 458.803 187.224
internal_count=206666 60000 146666 32801 146545 32480 30531 30019 1949 121 46 27199 15018 13406 824 15116 7731 7693 7684 2828 76 116526 12181 15415 116517 2752 1504 1476 12582 4714
is_linear=0
shrinkage=0.05


Tree=22
num_leaves=31
num_cat=0
split_feature=10 10 4 28 12 8 10 10 27 4 4 1 13 28 14 5 6 12 4 14 5 8 10 13 2 10 6 14 0 8
split_gain=568.324 63.6287 44.9864 44.3419 35.4164 35.7923 39.9844 27.7493 37.5398 21.9198 33.4938 21.0963 18.9063 20.5854 26.5635 18.7616 17.346 16.9997 29.2221 37.5849 16.6292 17.5301 23.8364 36.8048 15.7712 15.4644 15.1647 29.053 17.771 20.2045
threshold=0.0021201090672476122 0.0038285203131871851 0.0044436157992144313 -0.014549141088860998 0.013514285714285687 0.31608443739936848 0.0014677194718808867 0.0018754033906629988 0.8730733172056222 0.0004576328668594459 0.0031953369691302505 -0.011678670054841798 244.50000000000003 0.0023626252543780838 211.50000000000003 0.00073236498412257423 0.0011370137147080795 0.064014285714287272 0.0045033268725687145 57.500000000000007 0.00015399257017243131 1.1752731655721675 0.0023881805323183129 288.50000000000006 0.001818976702738784 0.0025832579789543098 0.001166272242540189 136.50000000000003 -0.0028860591653103169 0.81553227383798121
decision_type=2 2 2 2 2 2 2 2 2 2 2 2 2 2 2 2 2 2 2 2 2 2 2 2 2 2 2 2 2 2
left_child=2 3 4 25 5 6 15 8 -8 11 -11 -5 13 -6 24 -1 -3 18 19 -4 21 22 23 -12 -15 -2 27 28 -18 -30
right_child=1 16 17 9 12 -7 7 -9 -10 10 20 -13 -14 14 -16 -17 26 -19 -20 -21 -22 -23 -24 -25 -26 -27 -28 -29 29 -31
leaf_value=-0.021670581205716896 0.10839512266155889 0.013901907984047094 0.1081655244129443 0.26762442710491341 -0.02718211765198851 -0.013214170584763827 0.99263173109294423 0.12868807634317733 0.28953004754223172 -0.0271906548757633 0.08329618329842757 0.026888929971766125 -0.042285809925224509 0.4125787358280647 -0.0096218679499961018 0.38436794719518058 -0.00029182367070238607 -0.0021694045589055236 0.053902220781025315 1.0041294119444812 -0.00084255250193354897 -0.014395266224018412 0.08679153769707787 0.84277813764201026 0.13105754409211279 0.032276917691102296 0.024342589259916777 -0.052965444538384809 0.40652724097039078 0.1344299359144607
leaf_weight=1.6711399205960322 8.3137093172408623 804.68359311949462 0.30581715330481429 0.93800809327513235 14.333910455927255 6.6383010479621589 0.33511801995336987 0.5459053460508585 0.43792897881940007 162.08689573220909 0.37118956539779713 30.53491139318794 729.07731931935996 0.64501497708260958 3.5886939251795411 0.34286503167822946 0.93773863464593921 37.835684875492007 7.0879323212429881 0.18963058339431882 268.41035843733698 3.7955835089087486 4.6885309340432286 0.2797329411841929 2.1750936908647418 33.803018604405224 599.25303022097796 1.8851024787873027 1.1964847045019262 1.5873808842152355
leaf_count=187 311 18145 24 30 716 927 20 25 26 18567 24 1931 131985 22 165 25 18 2890 529 21 18402 153 220 21 83 1001 10080 51 29 38
internal_value=-0.00154621 0.0132224 -0.0368122 -0.00185131 -0.0397018 0.0539095 0.187601 0.401602 0.594327 -0.00624564 -0.00913136 0.0340637 -0.0409466 0.00612388 0.080616 0.0474536 0.0187108 0.0115253 0.079852 0.451092 0.00141529 0.0677565 0.126155 0.409682 0.195447 0.0473024 0.0251084 0.106957 0.187962 0.251375
internal_weight=2727.98 1922.77 805.21 513.222 759.791 9.97126 3.33296 1.31895 0.773047 471.105 439.632 31.4729 749.82 20.7427 6.4088 2.014 1409.54 45.4191 7.58338 0.495448 277.545 9.13504 5.33945 0.650923 2.82011 42.1167 604.86 5.60671 3.7216 2.78387
internal_count=206666 69021 137645 40660 134181 1210 283 71 46 39348 37387 1961 132971 986 270 212 28361 3464 574 45 18820 418 265 45 105 1312 10216 136 85 67
is_linear=0
shrinkage=0.05


Tree=23
num_leaves=31
num_cat=0
split_feature=11 11 10 14 10 12 12 11 27 1 13 4 27 1 11 28 3 12 14 3 13 14 3 11 27 13 30 11 2 12
split_gain=654.258 37.0733 31.3295 41.2193 47.2559 43.231 27.7383 26.6828 25.4878 28.6526 22.5637 20.5885 24.1945 20.425 23.8922 23.7377 17.9372 17.27 21.4837 45.4467 18.9217 26.5208 103.025 101.506 17.9667 16.0799 15.4898 17.3063 15.3477 18.6896
threshold=0.0027254561009905603 0.0039257610590734439 0.0021201090672476122 42.500000000000007 0.00089390949742097 0.015178571428571741 0.013514285714285687 0.0015477576076410005 0.32253182471198322 -0.0051031523470144715 241.50000000000003 0.0092768425388544875 14.716920378028908 -0.0017211423434926318 0.0018134158808836636 0.0032313405775522617 -0.028279181708784625 0.044214285714284686 8.5000000000000018 -0.0060645659264634269 350.50000000000006 47.500000000000007 -0.0080357432163455905 0.0031078631397340188 2721.5000000000005 377.50000000000006 -0.84079087596684887 0.0093917634024521298 0.027573088301412366 0.21892857142857106
decision_type=2 2 2 2 2 2 2 2 2 2 2 2 2 2 2 2 2 2 2 2 2 2 2 2 2 2 2 2 2 2
left_child=6 16 3 4 -3 -6 7 -1 13 -10 -8 -12 -13 -9 -15 -16 -2 20 19 -19 21 22 23 -18 -24 26 27 -4 -20 -30
right_child=1 2 25 -5 5 -7 10 8 9 -11 11 12 -14 14 15 -17 17 18 28 -21 -22 -23 24 -25 -26 -27 -28 -29 29 -31
leaf_value=-0.050368248402436144 0.064072937230642404 0.52610627853369862 0.0019590750451437592 -0.017543422314701108 0.53474934383688077 -0.011903955631927657 0.012869021814112501 0.024948873885958192 0.81232483847317971 0.01399024949404745 -0.044514502459333055 0.010932860371356616 0.39334862077572708 0.69520883887732277 -0.050899159149672038 0.46999614451018257 0.11150948252491495 0.57758683556881907 -0.014435228845315047 -0.050650881257505664 -0.036984870630448523 0.026718709164770395 -0.051409985511891756 1.391581538036446 0.32070003840968159 -0.046860101836026499 0.021780904015254038 0.020069260490681029 -0.051636457279418638 0.26116324656439871
leaf_weight=4.5890321033075434 9.4502332303673011 0.69129334017634336 255.33215887844563 94.379456096328795 0.42236901819705996 2.5166242886334658 17.847156575415283 0.6169035113416611 0.11584270326420698 3.7728387918323278 712.4824096779339 1.5877623520791524 0.55930048041045655 0.40067488327622391 0.40640809061005712 0.47357594175264239 0.30775771941989694 0.47741052368655801 213.21715830359608 0.72507006116211303 10.630209214519708 33.179092440754175 1.6709562214091414 0.31174062378704548 0.40253302175551642 9.51850693579763 1069.3003269378096 272.91880732681602 0.83829497545957465 1.1096592694520948
leaf_count=803 413 18 6586 8092 5 129 936 61 14 360 139432 61 11 14 39 11 28 37 17904 64 690 1887 101 12 19 167 24654 4054 35 29
internal_value=-0.00150489 0.0135246 0.0162606 -0.011184 0.154147 0.0666568 -0.0415119 0.0396693 0.111078 0.0377724 -0.0426618 -0.0440486 0.11055 0.261302 0.375155 0.229428 -0.00360654 -0.00603963 -0.011981 0.198773 0.0216046 0.0389668 0.189871 0.75566 0.0208289 0.0179344 0.0183204 0.0113156 -0.0131588 0.126551
internal_weight=2720.25 1977.4 1705.08 98.0097 3.63029 2.93899 742.852 10.3753 5.78624 3.88868 732.477 714.629 2.14706 1.89756 1.28066 0.879984 272.32 262.87 216.368 1.20248 46.5023 35.8721 2.69299 0.619498 2.07349 1607.07 1597.55 528.251 215.165 1.94795
internal_count=206666 64924 43705 8244 152 134 141742 1302 499 374 140440 139504 72 125 64 50 21219 20806 18069 101 2737 2047 160 40 120 35461 35294 10640 17968 64
is_linear=0
shrinkage=0.05


Tree=24
num_leaves=31
num_cat=0
split_feature=11 11 10 13 12 13 11 10 12 11 27 3 12 13 13 3 13 3 13 1 28 29 27 13 12 12 3 6 27 11
split_gain=609.203 33.129 27.8982 32.301 25.6404 21.9494 21.4519 20.4756 25.0821 15.8018 15.612 15.4177 15.054 16.3511 15.6856 59.5104 14.7653 28.3534 14.6506 14.6451 14.1211 14.0995 21.0998 17.8213 14.0347 14.0033 21.3257 19.1364 19.3833 15.6418
threshold=0.0027254561009905603 0.0039257610590734439 0.0021201090672476122 347.50000000000006 0.013514285714285687 241.50000000000003 0.0015477576076410005 0.00089390949742097 0.015178571428571741 0.0020653295091878766 0.32253182471198322 -0.028279181708784625 0.044214285714284686 350.50000000000006 379.50000000000006 -0.019163602557608236 342.50000000000006 -0.0080357432163455905 377.50000000000006 0.010434675861185629 0.010808489597145731 -0.89804783776735764 1.7556852970240746 256.50000000000006 0.62288214285714472 0.083757142857145098 -0.063507542061450414 0.0007736706374739346 511168.50000000006 0.011732262073429109
decision_type=2 2 2 2 2 2 2 2 2 2 2 2 2 2 2 2 2 2 2 2 2 2 2 2 2 2 2 2 2 2
left_child=4 11 3 -3 6 -6 -1 -5 -9 -7 -8 -2 13 16 19 -16 21 -18 25 -14 -19 22 -13 -24 -17 29 -27 28 -28 -4
right_child=1 2 18 7 5 9 10 8 -10 -11 -12 12 14 -15 15 24 17 20 -20 -21 -22 -23 23 -25 -26 26 27 -29 -30 -31
leaf_value=-0.050350361653236059 0.057320476744934346 -0.016958336516085359 0.019854720359717824 0.31053142161896008 0.012074648122485316 -0.047801113854867121 0.19484877130482067 0.34535306827965639 -0.011439126763554339 -0.029463737153505226 0.033676523192082364 0.033782465287521747 -0.017335979958181352 -0.036436983523750771 0.64700737791387208 -0.028555713740422473 0.31060328221727102 -0.051273921450777339 -0.046213812481200156 0.028165764955812602 0.25539005610269777 0.013888977223574947 0.10978867472930881 0.50511194270923077 0.37983636958553468 0.032078515361418522 0.00392923819851663 0.018095128571439086 0.14255350103963424 0.043306532919901775
leaf_weight=4.3667338662780804 10.019546487834303 92.794983176514506 311.24972642399371 1.0965932570397843 18.064452143386006 533.50295612821355 2.3811768433079123 0.614127337932587 2.4886714490130544 150.65837142756209 4.0718260486610234 2.3265476343221922 191.56009338190779 10.259996108710764 0.42966458853334222 2.2488809861242767 1.3645881242118778 1.6449686475098126 9.1777192698791605 19.482262980658561 0.48638696409761895 30.550192735157911 0.60511800833046414 0.53903844021260738 0.23208314226940263 150.59161544684321 483.20133893564343 581.94958399701864 2.5349061237648121 92.151601160876453
leaf_count=803 413 8092 6339 18 936 114999 125 5 129 24505 374 109 16749 690 24 184 40 104 167 1096 16 1735 13 30 16 2052 13433 12499 48 923
internal_value=-0.00147014 0.0126794 0.0152317 -0.0108202 -0.0411497 -0.0423267 0.0352345 0.124815 0.0591796 -0.0437631 0.0931496 -0.00354885 -0.00587905 0.0194968 -0.0115456 0.103734 0.0347934 0.132645 0.0167811 -0.0131355 0.0187085 0.0247382 0.120237 0.296035 0.00964755 0.0171376 0.014464 0.0119796 0.00465268 0.025212
internal_weight=2712.65 1999.6 1727.85 96.9944 713.046 702.226 10.8197 4.19939 3.1028 684.161 6.453 271.749 261.73 47.7768 213.953 2.91063 37.5168 3.49594 1630.86 211.042 2.13136 34.0209 3.4707 1.14416 2.48096 1621.68 1218.28 1067.69 485.736 403.401
internal_count=206666 64924 43705 8244 141742 140440 1302 152 134 139504 499 21219 20806 2737 18069 224 2047 160 35461 17845 120 1887 152 43 200 35294 28032 25980 13481 7262
is_linear=0
shrinkage=0.05


Tree=25
num_leaves=31
num_cat=0
split_feature=11 11 11 10 14 13 1 2 28 13 13 3 28 13 27 13 13 11 11 7 11 9 10 10 3 8 8 9 29 1
split_gain=566.676 37.5335 28.76 25.305 23.4351 18.7857 16.9391 36.6925 16.928 20.5101 17.3975 24.616 22.7436 32.8732 28.9143 26.8647 30.3081 27.7381 22.926 30.1741 25.2575 17.8138 17.6281 17.4979 16.4205 15.5691 17.3579 15.177 14.4731 14.1462
threshold=0.0029224580872862214 0.0020653295091878766 0.0047374108849636823 0.0023195648302333821 36.500000000000007 245.50000000000003 -0.013715099996024714 -0.011815751081090007 -0.029687444426907798 315.50000000000006 259.50000000000006 -0.011976171977457426 -0.012025979961781738 251.50000000000003 0.67139155526064609 239.50000000000003 224.50000000000003 0.0057688925720605043 0.012783289815597737 0.0017605633802816672 0.010070291146981341 0.51249709252103393 0.002556016595094664 0.021358729872386194 -0.0096021689098476064 1.1305140897691697 0.58638527767214377 2.7490937217963185 -0.92843828434799203 -0.0031044951551791318
decision_type=2 2 2 2 2 2 2 2 2 2 2 2 2 2 2 2 2 2 2 2 2 2 2 2 2 2 2 2 2 2
left_child=1 5 -2 4 24 28 7 27 9 -5 12 -12 13 -10 22 16 23 21 19 20 -16 -18 -15 -14 -4 26 -25 -3 -1 -20
right_child=2 6 3 8 -6 -7 -8 -9 10 -11 11 -13 15 14 18 -17 17 -19 29 -21 -22 -23 -24 25 -26 -27 -28 -29 -30 -31
leaf_value=0.20716341239006947 0.00070917223158594627 -0.05088138770411911 0.34955149891849274 0.027887278724345956 -0.013483683153645896 -0.047338925025574553 -0.022294531054619704 0.63647739625795419 0.01627300474118681 0.099048936745770824 0.0075041901701182884 0.028455865670335118 0.0026616849251456668 0.25037755578025406 0.0065688728427493268 -0.0016501240857725566 0.066428998391054025 0.049890744899367498 0.18193931992045537 0.42467929398394672 0.27051729912367145 0.27991635928899961 0.03108860635464409 0.03834034663631268 0.041782019041851609 -0.00172973640861698 0.13388317115340062 0.2310193193955398 0.0019983033886636771 -0.032091139225981655
leaf_weight=0.94656569557264347 403.47544874995947 1.4960552575066692 0.74069816153496493 144.36603000387549 89.280387978069484 516.87435038341209 200.02191859530285 0.29109024442732234 110.85571537166834 10.889203852042554 210.86377268750221 418.28156042378396 100.71359834447503 0.9688696051016511 1.6872518323361858 391.62382800970227 1.6560364179313207 22.078843215480447 1.2752545233815911 1.3552157599478958 1.9582625105977056 2.383479842916131 16.940539996139705 14.472143512219192 1.0445656888186921 11.796135202050207 7.079146731644868 0.70126088708639134 9.3554295585490745 1.9563931990414856
leaf_count=29 24481 119 13 1424 7597 116405 29980 29 1996 97 4281 7382 1409 18 43 10282 25 260 26 20 23 29 321 157 31 93 60 21 604 31
internal_value=-0.00134417 -0.038978 0.0126114 0.0156813 -0.00989695 -0.0460064 -0.0206816 0.108968 0.0172624 0.0328784 0.0154229 0.0214337 0.00993261 0.0281669 0.0786035 0.00540554 0.022656 0.0719308 0.156163 0.223239 0.148354 0.192395 0.0429518 0.0130561 0.169474 0.0444485 0.0697242 0.0390856 0.0208492 0.0523683
internal_weight=2697.43 729.687 1967.74 1564.27 91.0657 527.176 202.51 2.48841 1473.2 155.255 1317.95 629.145 688.801 136.998 26.1418 551.803 160.179 26.1184 8.23238 5.00073 3.64551 4.03952 17.9094 134.061 1.78526 33.3474 21.5513 2.19732 10.302 3.23165
internal_count=207286 147187 60099 35618 7641 117038 30149 169 27977 1521 26456 11663 14793 2478 482 12315 2033 314 143 86 66 54 339 1719 44 310 217 140 633 57
is_linear=0
shrinkage=0.05


Tree=26
num_leaves=31
num_cat=0
split_feature=10 10 4 28 1 14 7 10 1 12 13 3 28 13 3 27 13 8 27 0 12 0 4 30 13 30 9 3 1 10
split_gain=433.745 45.5845 38.4501 29.879 19.3479 20.7246 17.5175 19.1157 22.0073 17.0997 15.4884 15.9505 15.1443 15.667 14.829 19.5204 46.4672 23.3671 21.9979 16.8041 18.3958 27.0532 23.8548 14.671 14.5603 13.2618 17.2371 25.2206 13.2373 12.3495
threshold=0.0021201090672476122 0.0033957114764168812 0.0027816411682893166 -0.0074486572468970462 0.008197021272000617 246.50000000000003 0.0013647729514643144 0.0021389323946068434 0.006400637722734471 0.013514285714285687 242.50000000000003 0.0057450708322253083 -0.029687444426907798 315.50000000000006 -0.030044134733385627 0.52095432564340138 378.50000000000006 0.74397864909393108 0.56513128550538494 -0.0012571141957125607 0.03355000000000017 -0.00071577348263796015 0.0025181869054280884 0.62238825617075166 232.50000000000003 0.86015775445010101 0.67696618547527743 0.013053039516034317 -0.010958501961386478 0.0016743526881773457
decision_type=2 2 2 2 2 2 2 2 2 2 2 2 2 2 2 2 2 2 2 2 2 2 2 2 2 2 2 2 2 2
left_child=2 3 9 14 5 6 -5 8 -8 -1 11 -11 13 -3 -2 -16 17 18 -17 24 -21 22 -22 -7 -20 26 -13 -28 29 -4
right_child=1 12 28 4 -6 23 7 -9 -10 10 -12 25 -14 -15 15 16 -18 -19 19 20 21 -23 -24 -25 -26 -27 27 -29 -30 -31
leaf_value=0.024890447746636499 0.047327449262508661 0.024922449557308261 0.1131312753646192 -0.025753015772932764 0.017374072928279995 0.017919404977681762 0.10109014036979427 0.0021827412505443229 0.70166630656645124 -0.027864188780893275 -0.043826775824993398 -0.021080287013120737 0.012778608069910994 0.087864258987104274 -0.019912521010750542 0.49534835407889211 0.58600920354681274 -0.008153185524065484 0.35846247062324466 0.51535907750412668 0.13494405820766911 0.034731343836080973 0.83087137053356441 0.20105005021663064 -0.051157593919302517 0.30457197754554632 -0.0001754809011592104 0.37837619944837608 -0.015960348297002387 -0.0079874782919660495
leaf_weight=9.6476479740813357 34.429067846853286 144.06352838128805 3.9440009170211834 202.32457901258022 48.421687721274793 2.8671717615798107 0.65921128075569768 55.269871454685926 0.19845659425482154 12.727106998674573 528.15776454843581 3.2210206650197497 1441.1712409481406 10.615119632333515 29.94880797341466 0.36570848105475384 0.39212412247434336 10.460478514898567 0.24324852228164706 0.35293328063562546 0.26946619851514753 1.7513201525434847 0.22675633896142244 1.7680422160774467 2.006182786077261 0.55933174118399609 0.96150733809918143 0.81120590772479773 136.83259956166148 4.5125952148810029
leaf_count=1119 1145 1368 259 23697 2585 111 79 4205 8 654 115936 125 32502 88 2045 28 23 792 7 22 29 153 13 51 172 15 40 25 19743 247
internal_value=-0.00130606 0.0106219 -0.0351117 -0.00465622 -0.0116716 -0.0170175 -0.0188969 0.00581764 0.240058 -0.0410957 -0.0422607 0.00298676 0.0143743 0.029242 0.0225093 0.00394081 0.0483999 0.0349521 0.121404 0.093207 0.179768 0.127069 0.452958 0.0877722 -0.00686219 0.0736943 0.0478344 0.173052 -0.0122084 0.0485001
internal_weight=2689.18 1987.81 701.375 391.955 311.509 263.087 258.452 56.1275 0.857668 556.086 546.438 18.2802 1595.85 154.679 80.4461 46.017 16.0682 15.6761 5.21562 4.84991 2.60048 2.24754 0.496223 4.63521 2.24943 5.55307 4.99373 1.77271 145.289 8.4566
internal_count=207286 69123 138163 35165 30736 28151 27989 4292 87 117914 116795 859 33958 1456 4429 3284 1239 1216 424 396 217 195 42 162 179 205 190 65 20249 506
is_linear=0
shrinkage=0.05


Tree=27
num_leaves=31
num_cat=0
split_feature=11 11 13 10 14 13 13 12 12 21 5 6 8 11 16 30 30 28 14 9 29 3 13 3 11 13 12 28 13 12
split_gain=497.046 46.9617 20.0699 19.5627 18.9963 17.0936 18.8517 16.298 15.8268 15.7599 16.0086 30.7438 19.4394 14.9107 14.9093 16.1244 14.7499 14.5608 14.0375 13.6865 15.8406 13.3464 13.212 15.6616 25.967 72.3313 13.1765 12.9978 22.8824 13.561
threshold=0.0023338168516954523 0.0047374108849636823 245.50000000000003 0.0023195648302333821 36.500000000000007 255.50000000000003 287.50000000000006 0.013514285714285687 1.6842285714285645 1.0000000180025095e-35 0.0051288501337422264 0.0031069085306823139 0.60658407897532662 0.0015477576076410005 1.0000000180025095e-35 -0.2222432317382397 0.39723917883339016 0.015439667136231674 143.50000000000003 5.071243440987014 -0.92843828434799203 -0.030044134733385627 323.50000000000006 0.023240183470660151 0.0026953693508729834 354.50000000000006 0.092657142857143771 -0.012800168961286528 269.50000000000006 0.79047857142857947
decision_type=2 2 2 2 2 2 2 2 2 2 2 2 2 2 2 2 2 2 2 2 2 2 2 2 2 2 2 2 2 2
left_child=2 5 19 4 -3 9 -7 13 21 10 -2 12 16 -4 15 26 -12 -16 -14 20 -1 -9 -8 -24 25 -25 -5 -17 -29 -30
right_child=1 3 7 14 -6 6 22 8 -10 -11 11 -13 18 -15 17 27 -18 -19 -20 -21 -22 -23 23 24 -26 -27 -28 28 29 -31
leaf_value=0.14467612116083139 0.0058037284567034756 0.1429253452392045 -0.050297697207590225 0.02473955615088775 -0.012391689003551018 -0.022037445181722324 0.01188489314053948 0.29056325099255592 0.15630231431669414 0.19550145132293856 0.068821349342238755 0.30024325043338407 0.11366592192464094 0.081365854702963925 -0.0030306293486685441 0.034291585776677326 0.31660832990192472 0.019874294243612919 -0.035860328026100105 0.2284175659087242 -0.017164530733222355 -0.046884242161449007 -0.013807472594047774 -0.050405548324174293 0.031941055131232084 1.3408243466782346 0.006730750969005413 0.0091307311473941798 0.035926449882808596 -0.00049348622240199386
leaf_weight=1.7375508854165662 82.284257307648659 2.0143952947109929 3.8806664240546507 136.10892748273909 86.702588209416717 145.76715062651783 129.64052648190409 0.29317978024482627 0.96192400716245074 1.2072428599931289 1.6378265293315046 1.269161645323037 2.1116957254707795 4.8226093151606619 190.54668394755572 183.00147518515587 0.94833101425319899 109.12040309701115 6.1146357264369726 0.7147083133459099 11.644703630823638 525.77291330229491 151.57460335548967 0.26684586051851411 11.364491759333758 0.14375738985836506 400.28448580205441 275.28362543135881 185.26675802934915 29.650134431198239
leaf_count=43 4038 44 787 1954 7597 13131 10845 33 34 31 46 24 76 370 3736 2613 27 1322 179 34 784 127204 13386 35 542 19 7719 6567 3394 672
internal_value=-0.00126773 0.00966217 -0.0436554 0.0139529 -0.00886508 -0.00316992 -0.00734378 -0.045205 -0.0463257 0.0159914 0.0136949 0.0674394 0.0401131 0.022659 0.0152942 0.0177677 0.159684 0.00530994 0.002523 0.0152344 0.00384885 -0.0466962 -3.34538e-05 -0.00949231 0.0460546 0.436682 0.0113005 0.0229208 0.0186758 0.0309019
internal_weight=2682.14 2132.31 549.828 1597.98 88.717 534.331 438.757 535.731 527.028 95.5732 94.3659 12.0817 10.8125 8.70328 1509.26 1209.6 2.58616 299.667 8.22633 14.097 13.3823 526.066 292.99 163.35 11.7751 0.410603 536.393 673.202 490.201 214.917
internal_count=207286 77997 129289 35618 7641 42379 37958 128428 127271 4421 4390 352 328 1157 27977 22919 73 5058 255 861 827 127237 24827 13982 596 54 9673 13246 10633 4066
is_linear=0
shrinkage=0.05


Tree=28
num_leaves=31
num_cat=0
split_feature=11 11 14 10 12 14 14 14 14 14 2 12 28 10 3 12 10 10 9 12 18 18 12 11 3 29 28 14 2 28
split_gain=465.569 41.8654 19.4391 17.3769 15.722 15.5017 15.2849 17.4627 13.5319 18.3408 18.243 22.2177 25.0644 26.2012 17.6243 20.3183 20.4425 21.4768 16.5506 13.5013 13.4996 20.2187 28.5926 12.8573 12.5953 13.1173 12.2511 12.1673 12.2919 12.079
threshold=0.0023338168516954523 0.0047374108849636823 144.50000000000003 0.0023195648302333821 0.013514285714285687 36.500000000000007 134.50000000000003 102.50000000000001 136.50000000000003 147.50000000000003 -0.0078689753176920379 0.11534285714285671 -0.0046869074692509581 0.0069669990279033053 -0.097482364255309803 0.71039285714285849 0.0044423378923011134 0.012968362989363729 1.5908106442429049 1.6842285714285645 0.001936703329487246 0.0022941821267229373 0.092657142857143771 0.0015477576076410005 0.013053039516034317 -0.92843828434799203 0.014315103393802439 64.500000000000014 0.012075153289191622 0.0058185751736885066
decision_type=2 2 2 2 2 2 2 2 2 2 2 2 2 2 2 2 2 2 2 2 2 2 2 2 2 2 2 2 2 2
left_child=2 6 4 5 23 -3 7 26 14 10 11 12 18 -14 15 16 -5 -18 -10 -6 -11 22 -22 -1 25 -4 27 -2 -29 -16
right_child=1 3 24 8 19 -7 -8 -9 9 20 -12 -13 13 -15 29 -17 17 -19 -20 -21 21 -23 -24 -25 -26 -27 -28 28 -30 -31
leaf_value=-0.050283194319149654 -0.012437798135422985 0.12086684132305661 0.12829490264841276 0.20079760942001657 -0.046520088112712729 -0.011916908837048075 0.014888214572508121 -0.021398530451669052 -0.0064451911429096523 0.0075159091743950846 -0.010353479253071575 0.0055247844481748597 0.31808098049008704 0.065055344439645571 0.012366415265106276 -0.0048151050328529305 0.0018766845152498796 0.1092987934809313 0.094558577055370935 0.12782479176896025 0.33107825542240438 0.024021991495329052 0.043107586716762243 0.071824635342276164 0.27168791847779789 -0.01372811090050859 0.044803398264022097 0.013304642141505483 -0.039041945589166314 0.025032573176463447
leaf_weight=3.6924418509006482 144.91703356523067 2.2558862920850506 1.8818706963211287 3.1016509998589816 502.27531323814765 85.675794151611626 97.046530982013792 142.69289980316535 10.186653835698968 193.33874737657607 176.31781535036862 125.36413934826851 1.748705799691378 2.4658528044819832 491.85255183372647 9.7719597993418557 8.2712955884635466 10.635980635881422 6.7389024049043647 1.1129038985818613 1.2959171030670398 178.96473161689937 2.5742262788116932 5.1800684910267591 0.45949840452522117 11.947858230210837 14.459321017842738 121.46644532913342 12.355315363965927 304.9157764967531
leaf_count=787 12893 44 41 43 127237 7597 4421 13131 170 2910 4643 2819 38 30 10017 116 86 69 65 34 19 2046 51 370 15 805 582 10553 799 4855
internal_value=-0.00123225 0.00909451 -0.0433672 0.0131034 -0.0449717 -0.00851034 -0.00305758 -0.00705302 0.0143476 0.00922401 0.000481132 0.0135206 0.0609369 0.170041 0.01867 0.0551833 0.0818226 0.0623052 0.0337694 -0.0461346 0.0167269 0.0264671 0.139535 0.0210074 0.0141542 0.00559757 -7.13854e-05 -0.00239922 0.00847166 0.0172136
internal_weight=2674.96 2148.41 526.55 1615.48 512.261 87.9317 532.938 435.891 1527.54 698.996 322.822 146.504 21.1401 4.21456 828.549 31.7809 22.0089 18.9073 16.9256 503.388 376.174 182.835 3.87014 8.87251 14.2892 13.8297 293.198 278.739 133.822 796.768
internal_count=207286 77997 129289 35618 128428 7641 42379 37958 27977 12791 7765 3122 303 68 15186 314 198 155 235 127271 5026 2116 70 1157 861 846 24827 24245 11352 14872
is_linear=0
shrinkage=0.05


Tree=29
num_leaves=31
num_cat=0
split_feature=11 11 13 12 4 12 11 14 27 13 27 14 12 13 12 13 6 28 0 6 8 0 27 12 28 13 13 8 9 12
split_gain=436.253 37.8511 18.8352 15.1882 14.6019 25.6292 21.3437 20.1303 26.6057 14.725 15.16 33.0644 14.1461 13.4072 15.275 24.5714 20.8982 16.0676 13.391 12.9155 12.7884 16.8408 21.5581 11.8342 11.5303 18.6313 25.1208 13.7334 14.0707 15.1379
threshold=0.0023338168516954523 0.0037918742917770394 245.50000000000003 0.013514285714285687 0.0061977127398223043 0.15000000000000038 0.020305692514557643 24.500000000000004 1.2722402027414854 239.50000000000003 1.1707549582859276 162.50000000000003 1.6842285714285645 254.50000000000003 0.0655500000000004 248.50000000000003 0.00048216007714560781 -0.0059480849613682699 -0.0061544143060731629 0.002026361634799015 1.4352232859883409 0.0044182299377526499 511168.50000000006 1.6842285714285645 -0.012025979961781738 276.50000000000006 299.50000000000006 0.49391695094143551 1.4802694933262648 0.45073214285714419
decision_type=2 2 2 2 2 2 2 2 2 2 2 2 2 2 2 2 2 2 2 2 2 2 2 2 2 2 2 2 2 2
left_child=2 13 -1 -4 5 -3 7 8 -7 10 18 -12 20 14 15 -2 17 -17 -9 -10 21 -6 -23 -5 27 -26 -27 -11 29 -29
right_child=1 4 3 23 12 6 -8 9 19 24 11 -13 -14 -15 -16 16 -18 -19 -20 -21 -22 22 -24 -25 25 26 -28 28 -30 -31
leaf_value=0.013205608801529663 0.032478905771780572 0.014680695244055367 0.019521711655394416 -0.046336884692649717 0.025689301914636462 0.00041681720548385101 0.038028242176255452 0.085675710825646956 0.43511724143997288 -0.03439996831435669 0.24202355678174078 0.031084027229734863 -0.012633201902989225 -0.011285022122425374 -0.0064945218307676765 0.27975855020128287 0.47295317109619361 -0.051624879682961734 -0.020375134542862508 0.11751092863039095 0.0068399237534408535 0.0065397975750408127 0.10129364661331615 0.10756968581823197 -0.025254831475648627 0.060827747863378037 -0.0083587690712621961 0.0074506205984100921 -0.026111956505744733 0.071790725275558701
leaf_weight=14.442404870875178 17.0350117944181 459.33174592256546 9.028231530915944 479.62105378624983 467.03802696429193 1.9157626735977822 29.928855624049902 3.5587858557701137 0.71912773326039292 14.05452891718596 2.1893667671829453 12.264582115225492 42.620713488198817 278.92150824237615 26.708766221534461 0.7413498191162945 0.57077039312571276 0.72205981239676398 18.196406659670174 0.57685449905693531 238.76670765969902 221.60254246369004 6.1699760872870675 1.2522720880806435 164.34719857573509 15.321272992994635 91.311599320732057 19.980042953975499 11.670229810290037 16.853495066054165
leaf_count=861 522 12937 1157 127237 6674 81 724 50 32 463 32 220 598 30329 1611 11 21 48 373 12 3246 2957 62 34 10274 483 4585 696 393 563
internal_value=-0.00119458 0.00856911 -0.0430707 -0.0447298 0.0113487 0.00660728 -0.00259721 -0.00585728 0.11878 -0.00693991 0.0233438 0.0630354 0.0155366 -0.00716893 0.0179101 0.0520918 0.216338 0.116251 -0.00302699 0.293748 0.0168226 0.0202531 0.00910652 -0.0459361 -0.0102275 -0.0146943 0.00158212 0.00912078 0.0217314 0.03689
internal_weight=2667.46 2163.12 504.344 489.902 1838.42 862.22 402.888 372.959 3.21174 369.748 36.2091 14.4539 976.198 324.699 45.778 19.0692 2.03418 1.46341 21.7552 1.29598 933.577 694.811 227.773 480.873 333.538 270.98 106.633 62.5583 48.5038 36.8335
internal_count=207286 77997 129289 128428 45455 31918 18981 18257 125 18132 675 252 13537 32542 2213 602 80 59 423 44 12939 9693 3019 127271 17457 15342 5068 2115 1652 1259
is_linear=0
shrinkage=0.05


Tree=30
num_leaves=31
num_cat=0
split_feature=11 11 11 28 14 27 14 14 12 3 12 6 7 28 3 3 11 10 1 13 13 28 6 1 13 14 0 3 13 11
split_gain=432.258 22.446 21.0991 16.4651 18.3397 34.7083 14.6882 17.231 15.2856 17.4373 13.0684 17.7193 25.332 14.4914 16.5841 15.2972 14.2557 17.1811 36.7112 14.3677 32.1709 19.0951 17.6672 27.5502 15.8838 31.5047 36.5279 21.4272 14.7018 18.153
threshold=0.0026677697635994328 0.0018639308603053686 0.0037918742917770394 -0.0066108672798030786 11.500000000000002 0.62439459326906321 246.50000000000003 263.50000000000006 0.013514285714285687 0.004306324294871878 0.081785714285714642 0.0019788503483813406 0.003942596253536255 0.023469407037267642 0.041103446702683406 0.037866991509130872 0.020305692514557643 0.0016743526881773457 -0.0026147950520411518 274.50000000000006 300.50000000000006 -0.012800168961286528 0.00051948051948057011 0.012767083769120171 251.50000000000003 135.50000000000003 0.00037221421008326599 0.0081972272595993729 239.50000000000003 0.0056222239064902552
decision_type=2 2 2 2 2 2 2 2 2 2 2 2 2 2 2 2 2 2 2 2 2 2 2 2 2 2 2 2 2 2
left_child=1 -1 3 4 5 -2 8 -8 9 -3 -4 12 13 16 15 -15 19 18 -18 21 -21 24 -22 -24 27 -26 -27 -12 29 -23
right_child=2 6 10 -5 -6 -7 7 -9 -10 -11 11 -13 -14 14 -16 -17 17 -19 -20 20 22 28 23 -25 25 26 -28 -29 -30 -31
leaf_value=-0.04640250162000447 -0.0027125925692734116 -0.050985971049827439 0.019127299284277671 -0.010680563532249089 0.015190565300282644 0.45608828849505634 0.34853598627333932 0.031226286588416131 -0.029578793805232796 0.13067486445647675 -0.0031014529287592928 0.017439344168282477 0.027499569853219049 0.042104494466086689 0.0097558780775499412 0.15720958063774962 0.61551496836091957 0.019753075235193582 -0.050680715920124422 0.042489135596206207 -0.015203289875563139 0.070973359786577553 0.0033660612295581 0.079089468291210344 0.010607806609641625 0.068608711937884412 0.32815108360269979 0.2197274824952368 -0.017606731727344515 -0.0045313614934727907
leaf_weight=378.58080508280545 1.0280053499154735 2.2532466468401244 458.21423228690401 191.71804781630635 53.133044496178627 0.68815738335251797 0.49975054617971126 2.9734656251966953 170.7095495313406 3.1927472096867859 74.082028713077307 461.34626485360786 114.83823736943305 15.716957294382157 58.602430103346705 3.5357978818938127 0.37472018785774708 64.297800146043301 0.46144538279622693 52.268911922816187 110.04958337498829 10.475448338314889 88.294196187518537 13.903108533471821 17.725762457586828 5.2825445691123596 1.8236510986462233 1.0947968661785115 280.04679364431649 33.157769926823676
leaf_count=105376 57 225 8905 17414 3635 25 23 120 34559 100 1561 7383 1550 226 865 58 19 976 39 1321 3929 269 3211 300 416 112 41 17 13818 537
internal_value=-0.000365188 -0.0394961 0.00997649 -0.00376962 0.0203867 0.18126 -0.0249405 0.076883 -0.0269481 0.0555138 0.0117932 0.00940543 0.00548757 0.00244638 0.0229828 0.0632437 0.000324004 0.0226815 0.247869 -0.00179199 0.00735131 -0.0075003 -0.00130189 0.0136676 0.0115959 0.0462667 0.135215 0.000143595 -0.0134005 0.0135958
internal_weight=2670.37 558.21 2112.16 246.567 54.8492 1.71616 179.629 3.47322 176.156 5.44599 1865.59 1407.38 946.032 831.194 77.8552 19.2528 753.339 65.134 0.836166 688.205 264.516 423.689 212.247 102.197 100.009 24.832 7.1062 75.1768 323.68 43.6332
internal_count=207087 140403 66684 21131 3717 82 35027 143 34884 325 45553 36648 29265 27715 1149 284 26566 1034 58 25532 8761 16771 7440 3511 2147 569 153 1578 14624 806
is_linear=0
shrinkage=0.05


Tree=31
num_leaves=31
num_cat=0
split_feature=11 11 4 12 3 15 12 28 15 13 30 3 28 30 13 13 12 3 18 6 12 13 3 11 10 13 10 3 28 13
split_gain=402.642 22.6144 22.112 23.4218 18.3527 20.006 17.2908 15.7584 15.4943 14.3858 14.2637 14.6235 20.649 19.4689 13.4157 13.3816 13.283 14.1713 13.2106 13.1102 12.858 22.9717 19.3636 14.9991 27.1189 47.6651 34.4787 33.809 50.0021 19.1184
threshold=0.0026677697635994328 0.0018639308603053686 0.0045697225419447035 0.11405000000000041 -0.023633339443298203 0.9987056307985811 0.074999999999998027 0.00085800228198439044 0.75999996959999583 310.50000000000006 -3.3328846659386309 1.0000000180025095e-35 0.0038900941190583615 -5.4612355351410615 240.50000000000003 26.500000000000004 0.013514285714285687 0.004306324294871878 1.0000000180025095e-35 0.0039581890296192948 0.38035714285714184 320.50000000000006 0.041103446702683406 0.0033807789339381426 0.0029249748102378168 367.50000000000006 0.0028547984767840532 -0.012356443967591167 -0.0091597997399892016 381.50000000000006
decision_type=2 2 2 2 2 2 2 2 2 2 2 2 2 2 2 2 2 2 2 2 2 2 2 2 2 2 2 2 2 2
left_child=1 -1 3 4 6 -6 9 -8 -9 -2 11 -7 -13 -14 -5 -3 17 -17 -4 20 -16 -22 23 29 25 26 27 28 -25 -23
right_child=2 15 18 14 5 10 7 8 -10 -11 -12 12 13 -15 19 16 -18 -19 -20 -21 21 22 -24 24 -26 -27 -28 -29 -30 -31
leaf_value=-0.046212226164147704 0.06656956468568076 0.34157789737205624 0.0173656130858473 0.013866013171495814 0.00057676055478048615 -0.053145908865169449 -0.007332596833526734 0.014149185134465243 0.35340604334910214 -0.0040629164258953743 0.024357896594882581 0.40578616168952353 0.0097240250025294427 0.23029336260114608 -0.018676816133790276 -0.050940370557043958 -0.027369593526454024 0.11201728698605845 0.0071593621515584948 0.24386222055101803 -0.00650086122515237 -0.03251889910133917 0.45995618788894554 0.057983108504550289 0.02284378524075352 0.93381590819175431 0.69344388066934703 0.022533126382706908 0.86753439477243122 0.48096234143135935
leaf_weight=361.5630652634427 36.75088282302022 0.24951501935720344 805.09152970323339 70.649832664057612 274.19918469991535 1.1583650461398054 24.806594481691722 0.74430127488449105 0.61434166040271521 8.9678956395946425 54.568847885821015 0.65441588452085842 2.3577355765737589 1.7378532616421583 194.65516122570261 2.145224842708557 169.30274944077246 3.5286338259465992 523.02011618390679 0.50702487956732412 111.00990261137486 5.5814518267288866 0.29192356672137876 0.45835605729371309 6.71343126706779 0.20303647033870209 0.26859661750495423 2.729481968097387 0.32668467471376184 0.18736244086176146
leaf_count=105376 678 2 15387 1204 12631 52 599 29 22 224 1609 27 65 39 14257 225 34700 100 10467 17 8034 706 8 28 304 16 14 233 26 8
internal_value=-0.000369913 -0.0390678 0.00939048 0.00282441 0.0112413 0.00631793 0.0341634 0.00174837 0.167552 0.0527148 0.032348 0.106143 0.144988 0.103317 -0.00587001 -0.0243259 -0.0248477 0.0504048 0.0133463 -0.0101878 -0.0105873 0.00173695 0.056299 0.0491437 0.0841814 0.187485 0.147431 0.105702 0.394868 -0.0158418
internal_weight=2665.04 536.789 2128.25 800.143 406.56 334.676 71.884 26.1652 1.35864 45.7188 60.4772 5.90837 4.75 4.09559 393.582 175.226 174.977 5.67386 1328.11 322.932 322.425 127.77 16.7603 16.4684 10.6996 3.98616 3.78312 3.51452 0.785041 5.76881
internal_count=207087 140403 66684 40830 15975 14423 1552 650 51 902 1792 183 131 104 24855 35027 35025 325 25854 23651 23634 9377 1343 1335 621 317 301 287 54 714
is_linear=0
shrinkage=0.05


Tree=32
num_leaves=31
num_cat=0
split_feature=11 11 13 28 13 10 12 12 10 13 13 12 13 13 13 28 2 11 23 12 0 28 10 12 4 28 12 12 0 11
split_gain=375.302 31.5395 17.0842 16.2985 11.7556 16.1905 16.2524 16.4893 16.8399 40.937 20.4277 25.6527 21.0364 16.2069 18.0926 30.4908 15.0457 14.9196 14.5496 14.1921 15.1537 12.628 12.4708 15.1972 14.8851 12.716 12.7323 15.1593 27.4047 12.3767
threshold=0.0023338168516954523 0.0037918742917770394 245.50000000000003 -0.0066108672798030786 327.50000000000006 0.00092617624203878617 0.30190714285714476 0.8643000000000004 0.0020839814416889224 359.50000000000006 346.50000000000006 0.71039285714285849 340.50000000000006 365.50000000000006 373.50000000000006 0.011953234994570938 0.01462714772410856 0.0065943891423918613 1.0000000180025095e-35 0.48050714285714263 0.0002222469190683585 -0.015663820083390453 0.0066240405475587886 0.15178928571428713 0.0027565436747014047 0.011328561814218785 0.27177499999999816 0.22417500000000198 5.9037261087135924e-05 0.0077067321554149726
decision_type=2 2 2 2 2 2 2 2 2 2 2 2 2 2 2 2 2 2 2 2 2 2 2 2 2 2 2 2 2 2
left_child=2 3 -1 -2 22 -6 29 8 9 -8 11 12 18 -12 15 21 -13 19 -10 -14 -21 -15 23 -3 25 -25 27 -27 -29 -7
right_child=1 4 -4 -5 5 6 7 -9 10 -11 13 16 17 14 -16 -17 -18 -19 -20 20 -22 -23 -24 24 -26 26 -28 28 -30 -31
leaf_value=0.011940764363456185 0.015530743324333636 0.012978465807182463 -0.044087670847960586 -0.01232355584139961 0.16107382083404817 0.00053226507498947793 0.061850059440655109 -0.013628944421579451 0.013349103615763792 0.71790356725135795 -0.017987235092448962 0.29570607740041804 -0.052160721373433652 0.16591544529059218 -0.0033348783086836879 0.34890080337312235 0.080672795107820827 0.23495454299379431 0.14406619414838501 0.29162044879738619 0.005405485980139204 -0.027277465331101321 0.013143244939458829 -0.032250764500891198 0.0023779783449556866 0.028257614113499543 -0.028880615157134804 0.45057183616525648 0.014502739549812292 0.030763578882178701
leaf_weight=14.049909289693458 66.326256395317614 318.69123175693676 430.26863034092821 252.25339988339692 2.0598208401352158 95.728790918365121 0.88517169235274085 11.034663632977752 14.416511915624151 0.32511670887470245 14.230330571532251 2.0049465922638769 1.3376888465136283 1.5347099751234052 4.6001860303804278 1.2395645808428524 1.3688536435365675 2.5083672553300858 2.4975480968132606 1.0154139259830115 0.84923691488802422 1.8844700753688797 891.02451746445149 55.850332944188267 411.301735016983 3.0778536605648679 4.3492910489439964 0.69547399831935741 0.74757674941793084 52.38051835168153
leaf_count=871 5079 10347 128197 27387 32 2555 59 227 298 19 288 48 43 11 77 21 16 21 41 25 17 44 12097 4776 13645 118 233 29 33 433
internal_value=-0.000375368 0.00803309 -0.042316 -0.00652447 0.010477 0.0215768 0.0202075 0.0417609 0.0538167 0.238084 0.0493102 0.0798447 0.0606655 0.0155138 0.0670026 0.136456 0.208461 0.14364 0.0326509 0.0721133 0.161267 0.0594378 0.00908177 0.0045281 -0.00112932 -0.0234184 0.0321938 0.0909499 0.224665 0.0112239
internal_weight=2660.54 2216.22 444.319 318.58 1897.64 211.902 209.842 61.7328 50.6981 1.21029 49.4878 25.9986 22.6248 23.4893 9.25893 4.65874 3.3738 5.71071 16.9141 3.20234 1.86465 3.41918 1685.74 794.713 476.022 64.7205 8.8702 4.5209 1.44305 148.109
internal_count=207087 78019 129068 32466 45553 4275 4243 1255 1028 78 950 509 445 441 153 76 64 106 339 85 42 55 41278 29181 18834 5189 413 180 62 2988
is_linear=0
shrinkage=0.05


Tree=33
num_leaves=31
num_cat=0
split_feature=11 11 13 4 21 15 12 1 15 12 9 9 11 29 27 12 27 1 1 8 5 13 11 9 13 12 11 6 30 27
split_gain=351.172 28.1573 16.6276 12.6453 12.9917 19.8488 12.2598 11.7047 13.3551 11.5561 14.8735 37.3154 13.6849 13.514 18.1737 17.871 24.365 30.2303 21.3381 12.2983 12.2523 12.5812 14.2638 17.5892 11.7278 18.3421 37.2072 31.6897 11.5711 11.498
threshold=0.0023338168516954523 0.0037918742917770394 245.50000000000003 0.0044436157992144313 1.0000000180025095e-35 0.99999991680510114 0.013514285714285687 -0.0078125000000000538 0.51515150110194508 0.046060714285713657 2.2873988128419143 2.5204418072264358 0.0024873650105554802 -0.76420948890392115 1.3333509657528038 0.03355000000000017 991.00000000000011 -0.0024480842351774497 0.0049970623725119631 0.68020751938242396 0.0041572511753898084 249.50000000000003 0.003284897059250023 1.0321612921522494 376.50000000000006 0.2079999999999996 0.0025608979409076685 0.00055200711939289322 0.65791752131949566 0.13096943405369399
decision_type=2 2 2 2 2 2 2 2 2 2 2 2 2 2 2 2 2 2 2 2 2 2 2 2 2 2 2 2 2 2
left_child=2 3 29 4 9 -6 -4 8 -5 10 13 -12 -13 14 -2 19 17 -17 -19 -16 21 22 23 28 -11 -26 27 -27 -15 -1
right_child=1 -3 6 7 5 -7 -8 -9 -10 24 11 12 -14 20 15 16 -18 18 -20 -21 -22 -23 -24 -25 25 26 -28 -29 -30 -31
leaf_value=0.075505347057808869 -0.0092327081612265504 0.0098566317267783331 0.014425708609067068 0.034252244413357322 -0.051769969510661498 0.42898578973501417 -0.045081316795690878 -0.0010179473649905583 0.32718381166403576 -0.022587132437334442 0.48629818088778204 0.38853296327967413 -0.023156112937662537 0.0037060446886076821 0.0174615833606446 0.74825999121844977 -0.05220374898532909 0.038108837017956997 0.6136079771687325 0.30856160806927146 0.3241064822237007 -0.030320394269252728 -0.053229209054164506 0.3086365687767017 -0.016422892433902596 1.4411814506463909 0.092094491442082274 0.28957536637817904 0.23192337570589219 -0.02025851082069377
leaf_weight=4.6689717411063603 5.9207264236174506 1913.1756156519987 8.8453674316406232 23.113578563090417 0.44374084891751309 0.41594417206943035 403.02916663046926 78.772875802591443 0.39575741812586684 159.32248142268509 0.55776012688875143 0.22782669076696027 1.7708568735979495 2.6861654538661237 2.8878475469537084 0.37450488889589895 0.45793772256001819 0.56313239317387331 0.22558980947360396 0.41496211057528842 0.26621400425210495 29.342249233275652 2.3155904710292816 0.8227589540183543 2.920019913930445 0.10057418281212438 1.3926722351461647 0.14712659083306789 0.70019373483955849 9.5367543362081033
leaf_count=227 438 45553 1193 1163 46 28 127004 5934 17 20418 40 36 136 85 168 15 28 62 18 20 19 3180 47 16 370 20 117 28 17 644
internal_value=-0.000376768 0.00757109 -0.041969 -0.00624193 -0.0131462 0.180836 -0.0438034 0.00822226 0.0391835 -0.0139276 0.00723527 0.124685 0.0237717 0.000843894 0.0497947 0.120771 0.256732 0.378354 0.202713 0.0540351 -0.0138478 -0.0163562 0.0464423 0.101275 -0.0203242 0.0587344 0.192522 0.757163 0.0508943 0.011216
internal_weight=2655.81 2229.73 426.08 316.559 214.277 0.859685 411.875 102.282 23.5093 213.417 49.5343 2.55644 1.99868 46.9779 10.8447 4.92397 1.62116 1.16323 0.788722 3.30281 36.1332 35.867 6.52471 4.20912 163.883 4.56039 1.64037 0.247701 3.38636 14.2057
internal_count=207087 78019 129068 32466 25352 74 128197 7114 1180 25278 4325 212 172 4113 749 311 123 95 80 188 3364 3345 165 118 20953 535 165 48 102 871
is_linear=0
shrinkage=0.05


Tree=34
num_leaves=31
num_cat=0
split_feature=11 11 13 28 7 9 7 15 10 2 1 7 1 30 14 8 9 29 9 12 29 10 29 13 3 12 6 28 3 11
split_gain=328.642 25.5232 16.1599 14.1949 12.4969 15.5286 15.8974 13.1448 27.8648 103.658 16.0706 19.3791 26.9556 21.8419 15.4875 13.8937 38.6061 22.7721 24.0729 11.9316 11.193 11.1743 26.6729 11.0424 10.9138 10.677 14.2207 11.8348 23.9453 77.5607
threshold=0.0023338168516954523 0.0037918742917770394 245.50000000000003 -0.0066108672798030786 0.00064766839378235829 0.48009067259937338 0.002339053760195066 0.13668929517506764 0.0012533906241259673 -0.0104957439691003 -0.0038492205357519289 0.0016623012192219999 -0.016901307203692036 -0.59472877214218645 89.500000000000014 1.0409481452345963 1.1213976330123432 0.072817675096707571 2.0603096073870235 0.013514285714285687 -0.24937081917421619 0.0018198396724999658 -0.64925316825327817 373.50000000000006 -0.030044134733385627 0.047864285714285637 0.0042956488256276305 0.0082361749040660969 0.0044079390667602922 0.0029945406589427267
decision_type=2 2 2 2 2 2 2 2 2 2 2 2 2 2 2 2 2 2 2 2 2 2 2 2 2 2 2 2 2 2
left_child=2 3 -1 4 -2 6 21 8 9 -7 11 24 -13 -14 -12 16 -9 -18 -19 20 -4 22 -6 -23 -10 26 -5 -27 29 -29
right_child=1 -3 19 25 5 7 -8 15 10 -11 14 12 13 -15 -16 -17 17 18 -20 -21 -22 23 -24 -25 -26 27 -28 28 -30 -31
leaf_value=0.010497838064100014 -0.0045421590054929815 0.0092872781117209965 0.062223318408408307 0.0055989671206831118 0.64757102616009798 -0.050738868615120482 0.5345473999302407 -0.012027374222627547 0.15230720551922045 1.4641187511876668 0.51765438342955938 -0.0054312810241918417 0.18769584315807225 0.68593678442257211 0.066129027577028252 -0.045481082527728874 0.48676842244926599 -0.051140277697650852 0.42177026205995438 -0.044840954545413404 -0.050605265060509136 -0.011532915024299949 -0.050457259150108097 0.35698077616973289 -0.027243551001361728 -0.022628744109727802 0.29266713788714321 0.68391025754145529 0.00078010929217111398 -0.05071669519320017
leaf_weight=14.352061914745716 38.270576894748956 1928.5321120438166 5.0927125974558294 54.320619990583509 0.28334364341571927 0.35757354460656643 0.25601365324109782 6.2984254765324312 0.9783997265621992 0.16505428450182336 0.35112730879336496 1.0248545072972772 0.62594615714624513 0.33914190344512463 0.41363698709756136 8.2646149550564569 0.64964993949979533 0.75365302665159084 0.41854104213416576 385.37700745114125 3.8673068529460561 1.2782201627269385 0.26471502287313686 0.2417236529290675 6.2700136909261355 161.14243813697249 0.43486315384507079 0.5446199369616832 30.025324033107609 1.0558499987237153
leaf_count=871 2969 45553 512 4632 15 33 13 532 38 20 25 26 29 19 23 591 31 54 7 127004 681 123 35 4 492 19906 16 70 2676 87
internal_value=-0.000380074 0.00713187 -0.041618 -0.00606305 0.0142605 0.0388748 0.162877 0.0281659 0.0717653 0.427678 0.0531701 0.034936 0.173146 0.362783 0.273439 0.000157344 0.046607 0.249316 0.117716 -0.0435148 0.0135245 0.116865 0.31042 0.0470735 -0.00300757 -0.0116057 0.00787884 -0.0171403 0.0108249 0.199268
internal_weight=2652.25 2243.56 408.689 315.029 67.5052 29.2346 2.32402 26.9106 10.5257 0.522628 10.0031 9.23836 1.98994 0.965088 0.764764 16.3849 8.12027 1.82184 1.17219 394.337 8.96002 2.068 0.548059 1.51994 7.24841 247.524 54.7555 192.768 31.6258 1.60047
internal_count=207087 78019 129068 32466 5079 2110 190 1920 705 53 652 604 74 48 48 1215 624 92 61 128197 1193 177 50 127 530 27387 4648 22739 2833 157
is_linear=0
shrinkage=0.05


Tree=35
num_leaves=31
num_cat=0
split_feature=10 10 12 6 10 15 22 27 12 7 13 6 14 18 15 27 12 5 9 7 8 27 0 1 1 7 30 10 29 7
split_gain=239.355 29.9938 28.965 22.1589 30.6449 57.5861 20.859 19.6777 18.0521 17.114 14.9051 17.2233 15.7373 20.4793 19.5805 15.7203 15.1162 13.3838 13.2673 12.208 15.4712 22.8874 35.3743 53.5066 70.35 28.3321 20.6401 25.7198 12.0985 11.7291
threshold=0.0025048712380129636 0.0011065192946148519 0.017678571428572355 0.0012624662754795867 0.0011228635288880659 0.79999996444444932 1.0000000180025095e-35 0.038721278775796085 0.083757142857145098 0.002339053760195066 239.50000000000003 0.0020817714518598959 171.50000000000003 0.031293636172639937 0.5517240998811056 511168.50000000006 0.5436607142857145 0.0067279298500658724 0.31640517170577337 0.00036421669052845858 0.82753191830083173 1.1288195128097134 0.00060344203009177211 0.0055480219418678764 0.0033451159975017579 0.000830989035661226 -0.1931564617465483 0.0019692497274944915 46.748469601677158 0.0032740845446480359
decision_type=2 2 2 2 2 2 2 2 2 2 2 2 2 2 2 2 2 2 2 2 2 2 2 2 2 2 2 2 2 2
left_child=1 -1 -3 7 5 8 19 28 -5 10 12 15 14 16 -2 18 -14 -9 -12 -6 21 -21 26 24 25 -24 27 -23 29 -4
right_child=9 2 3 4 6 -7 -8 17 -10 -11 11 -13 13 -15 -16 -17 -18 -19 -20 20 -22 22 23 -25 -26 -27 -28 -29 -30 -31
leaf_value=-0.041497881133133685 0.011590459838817284 0.048480858397865027 0.0027659882390194341 0.59482885086924797 -0.024992860112193691 1.4576216109178661 0.39431425811106335 -0.030532527360474678 -0.050458770064503146 0.016581048937984476 0.013300642748437896 0.013262525789083627 0.0026253584486718474 0.062178147646856287 0.070561852625817462 0.10128828623483209 0.063223181478386736 0.21286519651016841 -0.0031976485969696503 0.0071441412814648156 -0.0010451100267648567 -0.050601973361943602 -0.050377526146665741 0.024321517013533939 1.4411342868857147 0.64542408161558629 -0.0079102510991641492 0.66638946162723878 0.36819833348001274 0.14655850382813507
leaf_weight=218.17000741069205 29.215739590115845 15.463674787664784 26.54513293621131 0.15494243823923071 29.218702690675855 0.099433734314516187 0.33612241130322118 311.67794642224908 0.36068365606479347 505.09027807484381 145.81168656470254 333.87498563737608 191.177361051552 17.562161825597286 27.163251956924796 3.8104614536277941 10.876781967468558 0.56581502291373809 741.68000244931318 5.9831120274029654 28.860298034036532 0.22693185345269773 0.24695403780788161 0.66214132285676897 0.20108545827679336 0.35895367921330035 2.324933699099347 0.27867444162257016 0.23833435215055843 1.4982257722876955
leaf_count=67132 371 1455 2892 33 4541 10 22 72370 71 7264 4900 6371 2682 145 350 71 104 19 32281 609 3027 38 43 50 26 30 278 28 14 45
internal_value=0.000109159 -0.0264258 -0.0186942 -0.0212288 0.00454065 0.355903 0.00139487 -0.0264741 0.143446 0.00861978 0.00594109 0.00357641 0.0164382 0.0103888 0.0400027 -5.19327e-05 0.0058874 -0.0300915 -0.000487039 -0.000537046 0.0177182 0.0703805 0.158376 0.357443 0.630771 0.361831 0.0550537 0.344581 0.013463 0.0104482
internal_weight=2649.73 643.472 425.302 409.838 69.313 0.61506 68.6979 340.525 0.515626 2006.26 1501.17 1225.18 275.995 219.616 56.379 891.302 202.054 312.244 887.492 68.3618 39.1431 10.2828 4.29967 1.46913 0.806993 0.605908 2.83054 0.505606 28.2817 28.0434
internal_count=207272 152733 85601 84146 8806 114 8692 75340 104 54539 47275 43623 3652 2931 721 37252 2786 72389 37181 8670 4129 1102 493 149 99 73 344 66 2951 2937
is_linear=0
shrinkage=0.05


Tree=36
num_leaves=31
num_cat=0
split_feature=11 4 12 3 28 11 12 1 7 12 8 12 10 3 8 12 5 13 28 13 3 4 13 3 14 11 10 30 11 2
split_gain=307.459 23.0622 30.7451 18.6925 17.3376 16.0733 14.8398 14.6558 33.1277 14.8526 14.6472 20.0759 14.7016 13.7058 20.9833 17.5808 13.1058 16.3947 12.5457 13.0095 30.5132 12.316 12.2444 15.6971 11.5085 11.3328 14.8454 24.3359 18.5833 22.1615
threshold=0.0023338168516954523 0.0044436157992144313 0.068571428571429283 -0.023633339443298203 -0.0040027706568420635 0.011304632689466554 1.6842285714285645 0.010434675861185629 0.0016322089227420766 0.013514285714285687 1.4712849378772459 0.045357142857143991 0.026153866867599771 0.068241514128309824 1.4977874508675708 0.17667142857143051 1.5743834809943177e-05 268.50000000000006 -0.0044797568331999089 249.50000000000003 -0.0074854752439666985 0.0042100883639776456 245.50000000000003 0.013053039516034317 70.500000000000014 0.0059076967987305882 0.0037561649072314876 0.83627269279514993 0.0086015561710008695 0.010312934828836997
decision_type=2 2 2 2 2 2 2 2 2 2 2 2 2 2 2 2 2 2 2 2 2 2 2 2 2 2 2 2 2 2
left_child=6 2 3 10 -5 16 7 9 -9 -1 12 -12 -2 -3 15 -15 -4 -18 -7 20 -20 -22 23 -11 -21 -6 27 28 29 -27
right_child=1 13 5 4 25 18 -8 8 -10 22 11 -13 -14 14 -16 -17 17 -19 19 24 21 -23 -24 -25 -26 26 -28 -29 -30 -31
leaf_value=0.019405584510058482 0.025613438063734412 0.0093696346223687676 0.0075272772769063622 -0.014511035134037729 0.0068976991247262469 -0.0088279485656697076 0.15335881258541664 0.023886876207954419 0.72403629393287627 -0.0073034321581280526 0.039133790522361732 0.25017285704536329 0.14371807320922861 0.078004619810598724 -0.017028016608137773 0.025919420403484078 -0.026460404900393222 -0.0048310882748745978 0.18415528961717764 0.12968253484624268 0.022684770619016501 0.17915430254387243 -0.04593107651710799 0.3055641287436377 -0.007559922267507577 0.1611558918166236 0.0223298971381003 0.28660218301630058 -0.036649411192012538 -0.051940583237163919
leaf_weight=9.4302833713591081 34.699073521886021 1278.2407697848976 79.149413737934083 59.727107381913811 109.65089536830783 60.081131855491549 0.97520401701331039 1.3296813154593099 0.19353706156834949 13.391601818148043 2.6454925234429529 1.9631763901561496 2.8514680936932555 19.561380857601762 23.498918769881129 94.31805111374706 165.23149651801214 186.49810576951131 3.3463017288595429 1.5990286450833071 41.690901742316782 1.2967440197244275 355.90783222415484 0.41327475570142347 34.149247908964753 4.8854914652183634 53.672874184325337 1.3274173364043225 3.3736273171380162 1.6261956458911297
leaf_count=1163 699 26833 2585 2984 7551 1362 31 247 29 816 54 49 16 159 226 1209 12714 17965 71 17 726 45 126967 8 1597 184 683 48 176 58
internal_value=7.91915e-05 0.00707431 0.000561351 0.0142573 0.00874146 -0.00604526 -0.0414376 -0.0419366 0.112846 -0.0425585 0.0449067 0.129031 0.0345819 0.0109825 0.0259896 0.0348662 -0.0108553 -0.0149919 0.00853323 0.021241 0.0387255 0.0274048 -0.044139 0.00206284 -0.00142104 0.0166986 0.0332611 0.0855866 0.0585939 0.107938
internal_weight=2646.73 2265.08 849.465 276.423 234.264 573.042 381.641 380.666 1.52322 379.143 42.1592 4.60867 37.5505 1415.62 137.378 113.879 430.879 351.73 142.163 82.0822 46.3339 42.9876 369.713 13.8049 35.7483 174.537 64.8856 11.2127 9.88531 6.51169
internal_count=207272 78011 49584 12502 11684 37082 129261 129230 276 128954 818 103 715 28427 1594 1368 33264 30679 3818 2456 842 771 127791 824 1614 8700 1149 466 418 242
is_linear=0
shrinkage=0.05


Tree=37
num_leaves=31
num_cat=0
split_feature=11 4 12 15 9 4 4 2 3 9 13 12 1 30 10 12 13 15 3 3 12 1 2 4 3 12 9 9 1 2
split_gain=287.812 20.5834 27.8484 18.7539 14.8521 14.0608 20.0441 17.6112 28.151 22.7616 14.515 13.5077 13.5745 24.1634 14.1703 13.5693 12.0489 12.232 15.7224 11.994 11.6222 17.5966 14.5408 11.5685 11.5178 10.8831 16.282 23.0703 13.352 19.8075
threshold=0.0023338168516954523 0.0044436157992144313 0.12692499999999998 0.99999967099577936 0.58554888096584146 0.0030247284815942519 0.0031674924788267418 0.017581577604508961 0.030779894544747947 2.2873988128419143 299.50000000000006 0.013514285714285687 0.010434675861185629 -9.7758567852441107 0.0032027097460550972 1.6842285714285645 245.50000000000003 0.22222221457965516 0.0071430058965984431 0.068241514128309824 1.4541035714285777 -0.019343881842375617 -0.023877161174981284 0.0055716673013919684 -0.034297246437770317 0.034907142857143289 0.507792711596183 0.51697727651242797 0.0040486689828053155 0.0090090090090090297
decision_type=2 2 2 2 2 2 2 2 2 2 2 2 2 2 2 2 2 2 2 2 2 2 2 2 2 2 2 2 2 2
left_child=11 2 3 4 25 -5 10 9 -9 -8 -7 -1 15 -14 -15 16 17 18 -13 -3 21 -21 -23 -22 -18 26 28 -28 29 -2
right_child=1 19 -4 5 -6 6 7 8 -10 -11 -12 12 13 14 -16 -17 24 -19 -20 20 23 22 -24 -25 -26 -27 27 -29 -30 -31
leaf_value=0.017030496118392663 0.025860121163577263 0.0088329944585719498 -0.0097486930317601927 0.023852894143868007 -0.0085797608845992121 0.38156525063041052 -0.020962123245127938 0.34810992511602756 -0.053880321069275587 0.32318272270254 0.045983012181856339 0.033615870694857428 0.55828423073000699 -0.050782123944571184 0.37554874959415718 0.1340214942602598 0.5348539031433921 -0.03425585162221477 0.32283369800507544 0.10251976965614035 0.12157925960652052 0.14796042698434628 0.022157219811703072 -0.026690555151721557 -0.045873465062612542 0.0058363828020975977 0.35543481386226577 0.067019193461320806 -0.022876875113258109 0.15141547535951944
leaf_weight=9.7353004335891438 39.939992436673492 1287.8495520898141 371.78919362137094 63.171514882706106 143.7899943315424 0.91891699377447167 4.8878760393708944 1.1222761445678768 0.71169889997690905 0.53283989196643222 0.49623320065438747 4.6083184012677512 0.24537246907129873 1.1671421998180438 0.23397867707535613 1.0752647966146458 0.0854030498303463 8.6867757898289693 0.52325830562040199 7.7607173919677725 1.4356893869116927 2.3448136858642092 112.44497119169682 15.722293045371769 339.93353919289075 201.42220800323412 0.85177939990535279 3.7278752941638231 12.523857708554713 3.4093692018650463
leaf_count=1165 1451 26833 27352 1775 9759 38 326 36 16 27 27 240 17 240 18 30 8 573 11 56 40 22 1275 201 126959 8179 21 154 324 99
internal_value=5.78737e-05 0.00667564 0.000512125 0.00850126 0.00433131 0.0320476 0.091757 0.0581794 0.192112 0.0128663 0.263891 -0.0410776 -0.0426642 0.10057 0.0204125 -0.0433286 -0.0438676 0.00190074 0.0631069 0.0103425 0.0242573 0.0296534 0.024727 -0.0142841 -0.0457276 0.0114205 0.0300262 0.120662 0.0225972 0.0357349
internal_weight=2643.15 2276.85 849.296 477.506 405.665 71.8414 8.66984 7.25469 1.83398 5.42072 1.41515 366.294 356.559 1.64649 1.40112 354.913 353.837 13.8184 5.13158 1427.56 139.708 122.551 114.79 17.158 340.019 261.875 60.4529 4.57965 55.8732 43.3494
internal_count=207272 78011 49584 22232 19987 2245 470 405 52 353 65 129261 128096 275 258 127821 127791 824 251 28427 1594 1353 1297 241 126967 10228 2049 175 1874 1550
is_linear=0
shrinkage=0.05


Tree=38
num_leaves=31
num_cat=0
split_feature=11 11 13 3 13 12 28 13 13 2 3 4 10 10 11 12 13 4 12 12 10 4 0 13 5 27 27 27 8 13
split_gain=269.501 18.4587 15.9606 18.4106 19.9929 20.0648 29.6523 16.1453 17.1902 16.5545 13.7524 24.0524 17.9911 39.2277 15.7523 13.0481 12.4627 15.1703 12.265 12.1545 13.4018 13.3359 16.3002 15.2234 14.2853 11.8422 20.5457 31.8839 18.3553 15.4269
threshold=0.0023338168516954523 0.0037918742917770394 255.50000000000003 -0.012730272888458181 219.50000000000003 0.068571428571429283 -0.0099426114620743567 291.50000000000006 323.50000000000006 0.027573088301412366 0.008808103456747542 0.0032576518205831842 0.0011228635288880659 0.00099824036835606598 0.0023544139156754132 0.013514285714285687 245.50000000000003 0.0092768425388544875 0.047864285714285637 0.034907142857143289 0.021358729872386194 0.0040533488526281391 0.0046584116593786371 328.50000000000006 0.00011824157001402048 1.0360151254364294 3.7245729454130148 3.4823608913607544 0.2362116291198311 311.50000000000006
decision_type=2 2 2 2 2 2 2 2 2 2 2 2 2 2 2 2 2 2 2 2 2 2 2 2 2 2 2 2 2 2
left_child=15 2 3 4 -2 6 -6 -4 9 10 11 -9 13 -13 -12 -1 -17 -18 -5 20 -3 22 23 24 -21 28 27 29 -14 -27
right_child=1 19 7 18 5 -7 -8 8 -10 -11 14 12 25 -15 -16 16 17 -19 -20 21 -22 -23 -24 -25 -26 26 -28 -29 -30 -31
leaf_value=0.015938558271857136 -0.025850452752010023 0.020446696212850349 -0.026926326366828651 0.043805382851328997 0.080680049590919789 0.059288845722856691 0.39277985329308474 -0.0066954574022127875 -0.013553272698077729 0.28336932940592735 0.38785021445948653 0.03475032029067425 0.54308067498737256 0.72165870226697881 -0.031130294609994998 0.0033571370433540535 -0.044787692810255429 0.21728924589702286 -0.017181599036279704 0.0057665957929415017 0.12664442769886999 0.0097199499663937414 0.023826235142529711 0.027742700971838355 -0.013186606109317057 0.16422348315820687 -0.008787159698363493 0.65779241172466485 0.01788395155437714 0.011719746335776281
leaf_weight=9.878332995111121 3.7259382819756857 125.53143902681768 90.81090836180374 12.318843594286589 1.7685853857547047 6.2065370525233448 1.3359063067473451 25.096058746799827 105.77072392217815 0.58536991709843178 0.22767245816066761 0.58115508314222353 0.16828764323145406 0.32356086000800133 15.301299720071254 14.28970033302903 326.9379161472898 0.55310819391161103 24.92193277971819 163.10234765848145 3.0428055748343459 1325.6098524569534 64.306325104087591 36.840177033096552 254.61666372418404 5.3290329966694099 3.5415923134423783 0.28225312149152149 14.547507161740212 2.4074255381710827
leaf_count=1165 106 2088 11136 290 23 245 26 3398 11709 12 28 55 10 29 1535 843 127226 27 1643 3580 17 22729 865 1248 14958 461 294 24 1252 250
internal_value=3.85255e-05 0.00630114 -0.00493341 0.020894 0.0720312 0.1112 0.214981 -0.00983407 -0.000921887 0.0186132 0.0163276 0.0286004 0.061189 0.280415 -0.0249876 -0.0407133 -0.0423507 -0.0443451 0.00299223 0.00809618 0.0229599 0.00706006 0.000264499 -0.00306877 -0.00578615 0.0536408 0.0915123 0.135811 0.02389 0.116767
internal_weight=2639.96 2288.3 315.251 50.2777 13.037 9.31103 3.10449 264.973 174.162 68.3912 67.8058 52.2769 27.1808 0.904716 15.529 351.659 341.781 327.491 37.2408 1973.05 128.574 1844.48 518.866 454.559 417.719 26.2761 11.5603 8.01871 14.7158 7.73646
internal_count=207272 78011 32526 2333 400 294 49 30193 19057 7348 7336 5773 2375 84 1563 129261 128096 127253 1933 45485 2105 43380 20651 19786 18538 2291 1029 735 1262 711
is_linear=0
shrinkage=0.05


end of trees

feature_importances:
atr=144
time_since_open=144
volatility_20=129
volatility_5=80
returns_20=76
range_pct=73
distance_from_vwap=68
time_to_close=57
returns_5=53
pressure_ratio=41
lower_wick=38
returns_10=37
volume_ratio_20=36
upper_wick=35
volume_ratio=28
body_pct=22
fvg_size_pct=21
returns=20
price_position=19
volume_momentum=19
pv_divergence=19
fvg_up=3
fvg_down=2
order_block_bull=2
displacement_up=1
order_block_bear=1
liquidity_grab_high=1
bos_up=1

parameters:
[boosting: gbdt]
[objective: binary]
[metric: auc]
[tree_learner: serial]
[device_type: cpu]
[data_sample_strategy: bagging]
[data: ]
[valid: ]
[num_iterations: 500]
[learning_rate: 0.05]
[num_leaves: 31]
[num_threads: 0]
[seed: 0]
[deterministic: 0]
[force_col_wise: 0]
[force_row_wise: 0]
[histogram_pool_size: -1]
[max_depth: -1]
[min_data_in_leaf: 20]
[min_sum_hessian_in_leaf: 0.001]
[bagging_fraction: 0.8]
[pos_bagging_fraction: 1]
[neg_bagging_fraction: 1]
[bagging_freq: 5]
[bagging_seed: 3]
[bagging_by_query: 0]
[feature_fraction: 0.8]
[feature_fraction_bynode: 1]
[feature_fraction_seed: 2]
[extra_trees: 0]
[extra_seed: 6]
[early_stopping_round: 0]
[early_stopping_min_delta: 0]
[first_metric_only: 0]
[max_delta_step: 0]
[lambda_l1: 0]
[lambda_l2: 0]
[linear_lambda: 0]
[min_gain_to_split: 0]
[drop_rate: 0.1]
[max_drop: 50]
[skip_drop: 0.5]
[xgboost_dart_mode: 0]
[uniform_drop: 0]
[drop_seed: 4]
[top_rate: 0.2]
[other_rate: 0.1]
[min_data_per_group: 100]
[max_cat_threshold: 32]
[cat_l2: 10]
[cat_smooth: 10]
[max_cat_to_onehot: 4]
[top_k: 20]
[monotone_constraints: ]
[monotone_constraints_method: basic]
[monotone_penalty: 0]
[feature_contri: ]
[forcedsplits_filename: ]
[refit_decay_rate: 0.9]
[cegb_tradeoff: 1]
[cegb_penalty_split: 0]
[cegb_penalty_feature_lazy: ]
[cegb_penalty_feature_coupled: ]
[path_smooth: 0]
[interaction_constraints: ]
[verbosity: -1]
[saved_feature_importance_type: 0]
[use_quantized_grad: 0]
[num_grad_quant_bins: 4]
[quant_train_renew_leaf: 0]
[stochastic_rounding: 1]
[linear_tree: 0]
[max_bin: 255]
[max_bin_by_feature: ]
[min_data_in_bin: 3]
[bin_construct_sample_cnt: 200000]
[data_random_seed: 1]
[is_enable_sparse: 1]
[enable_bundle: 1]
[use_missing: 1]
[zero_as_missing: 0]
[feature_pre_filter: 1]
[pre_partition: 0]
[two_round: 0]
[header: 0]
[label_column: ]
[weight_column: ]
[group_column: ]
[ignore_column: ]
[categorical_feature: ]
[forcedbins_filename: ]
[precise_float_parser: 0]
[parser_config_file: ]
[objective_seed: 5]
[num_class: 1]
[is_unbalance: 0]
[scale_pos_weight: 1]
[sigmoid: 1]
[boost_from_average: 1]
[reg_sqrt: 0]
[alpha: 0.9]
[fair_c: 1]
[poisson_max_delta_step: 0.7]
[tweedie_variance_power: 1.5]
[lambdarank_truncation_level: 30]
[lambdarank_norm: 1]
[label_gain: ]
[lambdarank_position_bias_regularization: 0]
[eval_at: ]
[multi_error_top_k: 1]
[auc_mu_weights: ]
[num_machines: 1]
[local_listen_port: 12400]
[time_out: 120]
[machine_list_filename: ]
[machines: ]
[gpu_platform_id: -1]
[gpu_device_id: -1]
[gpu_use_dp: 0]
[num_gpu: 1]

end of parameters

pandas_categorical:[]
