tree
version=v4
num_class=1
num_tree_per_iteration=1
label_index=0
max_feature_idx=30
objective=binary sigmoid:1
feature_names=returns returns_5 returns_10 returns_20 range_pct body_pct upper_wick lower_wick volume_ratio volume_ratio_20 volatility_5 volatility_20 atr time_since_open time_to_close price_position fvg_up fvg_down fvg_size_pct displacement_up displacement_down order_block_bull order_block_bear liquidity_grab_high liquidity_grab_low bos_up bos_down pressure_ratio distance_from_vwap volume_momentum pv_divergence
feature_infos=[-0.047038079023001611:0.045162865393345131] [-0.29947841350775284:0.27220243213364448] [-0.30685286616214402:0.28527284874923864] [-0.30777903043968435:0.30060896844436247] [0:0.059554140127388459] [0:0.049044585987261122] [0:0.053261353517364163] [0:0.026781002638522445] [0.0075588983727241134:4.8695839719527534] [0.0052960025901097694:17.694178211825271] [2.7951445901687556e-05:0.1348645450879174] [0.00023158300922300492:0.067595329203160387] [0.010357142857142574:16.689607142857149] [241:383] [7:149] [0:0.99999999965385944] [0:1] [0:1] [0:0.036568701448674537] [0:1] [0:1] [0:1] [0:1] [0:1] [0:1] [0:1] [0:1] [0:19119563] [-0.15811310058997513:0.11921113330103437] [-0.99793491780229293:619.08688783570301] [-619.20464506384303:1.0395228564484813]
tree_sizes=3383 3428 3436 3407 3429 3432 3429 3442 3454 3456 3451 3467 3464 3478 3469 3459 3426 3452 3456 3454 3483 3453 3461 3490 3475 3468 3480 3471 3475 3498 3473 3484 3472 3452 3476 3430 3470 3489 3457 3481 3493 3477 3463 3457 3471 3470 3489 3476 3479 3484 3501 3500 3504 3514 3465 3486 3464

Tree=0
num_leaves=31
num_cat=0
split_feature=4 10 4 21 28 15 13 14 13 28 28 15 28 11 3 2 28 13 13 14 3 14 2 3 14 13 10 3 11 10
split_gain=6812.3 1281.15 982.629 730.66 538.274 436.609 513.132 3350.07 503.706 475.29 411.764 407.604 324.102 295.223 277.851 444.993 261.581 386.976 1370.78 1330.63 1257.51 544.034 355.343 267.104 234.235 870.714 226.124 212.187 209.852 208.139
threshold=0.0072206659077660275 0.0027568996106375337 0.012556344907507337 1.0000000180025095e-35 -0.021329808242214147 0.87179484944118124 281.50000000000006 115.50000000000001 306.50000000000006 -0.030709064669990103 -0.017163094775801625 0.9619306343036782 0.0085647330588885708 0.0078232123948073738 -0.055288909708880833 -0.031980388134334452 0.011168815785373183 256.50000000000006 281.50000000000006 116.50000000000001 0.029369243941755666 125.50000000000001 0.022169240309032671 -0.012929632201199024 83.500000000000014 309.50000000000006 0.026440893941645883 -0.042265735345734294 0.006145056947814951 0.0047075374585191856
decision_type=2 2 2 2 2 2 2 2 2 2 2 2 2 2 2 2 2 2 2 2 2 2 2 2 2 2 2 2 2 2
left_child=1 -1 4 5 14 8 7 -7 -4 -10 -3 -5 -12 -11 15 -2 28 -18 19 20 -19 -21 23 -23 25 -17 -8 -9 -6 -26
right_child=2 10 3 11 16 6 26 27 9 13 12 -13 -14 -15 -16 24 17 18 -20 21 -22 22 -24 -25 29 -27 -28 -29 -30 -31
leaf_value=-4.780203272668933 -4.1074845746243183 -4.4141204558984759 -4.3872269209664037 -3.4468350445088669 -4.6288769819933195 1.0321448206806263 -4.3037459833473735 -2.9020942500939357 -2.1762672868326676 -4.3819203146098333 -4.7067863500703142 -0.29119013948901618 -4.5699443653751306 -3.5236711007736252 -4.4216718386971703 0.13634884764271593 -4.6551179848855693 -4.5132588219349392 -4.4208985155323308 -4.5238416533139763 0.52582535765919758 -2.2950973648887238 -2.0611506487158708 -4.6518939130003281 -4.6287880644894299 -3.8947330310278199 -3.0779778791403238 -4.3317728845402472 -4.4478395950759371 -2.9272733801468895
leaf_weight=1636.687916982919 4.4653024524450302 15.010285936295984 13.885373203083882 0.22326512262225051 31.2399429269135 0.3950075246393675 2.6705943513661627 0.31772344373166594 0.42076888494193543 1.9578633829951275 244.20052142813802 0.1889166422188282 52.587523497641087 2.0523217041045427 3.7955070845782739 0.22326512262225129 6.646430958062413 0.18032952211797182 12.580130947753785 1.1249127332121136 0.39500752463936806 0.18032952211797237 0.54957568645477295 0.36065904423594453 0.30913632363080978 0.33489768393337727 0.43794312514364708 1.4168748166412108 32.828560145571828 0.42935600504279137
leaf_count=190598 520 1748 1617 26 3638 46 311 37 49 228 28438 22 6124 239 442 26 774 21 1465 131 46 21 64 42 36 39 51 165 3823 50
internal_value=-4.74002 -4.76251 -4.37376 -4.08747 -4.4455 -4.12399 -3.72145 -3.12355 -4.23911 -3.77495 -4.66962 -2.0005 -4.68254 -3.94269 -4.08951 -3.8707 -4.48502 -4.33634 -4.1985 -3.19601 -1.05359 -3.75238 -2.95662 -3.8663 -3.0553 -2.2823 -4.13105 -4.0699 -4.53611 -3.63954
internal_weight=2068.1 1948.49 119.61 23.9667 95.6433 23.5545 5.23814 2.12961 18.3163 4.43095 311.798 0.412182 296.788 4.01019 9.55746 5.76196 86.0859 22.0174 15.3709 2.79081 0.575337 2.21548 1.09056 0.540989 1.29666 0.558163 3.10854 1.7346 64.0685 0.738492
internal_count=240837 226908 13929 2791 11138 2743 610 248 2133 516 36310 48 34562 467 1113 671 10025 2564 1790 325 67 258 127 63 151 65 362 202 7461 86
is_linear=0
shrinkage=1


Tree=1
num_leaves=31
num_cat=0
split_feature=6 5 28 1 7 3 13 13 3 0 29 7 3 28 3 28 1 3 3 15 9 5 2 12 13 28 29 6 7 13
split_gain=1908.28 1098.19 408.262 430.494 339.636 272.853 222.846 384.962 1369.15 879.596 318.923 182.963 163.27 159.294 127.375 121.884 100.907 138.329 94.0957 134.741 90.433 134.127 89.4299 90.0818 130.904 91.1066 89.2707 96.8313 90.4388 88.1322
threshold=0.001679645747442371 0.0037662485619717376 -0.018940636301428202 0.0098400522050738921 0.0024100463313272962 0.020513156450689633 273.50000000000006 279.50000000000006 0.042375850178537851 0.0036026393287329488 -0.22478830630893279 0.0010122550491512658 -0.023072560072224853 0.0089181505844139839 -0.050041593383426224 -0.015651814548429819 0.012228270119181041 0.0038853574414804419 -0.11307006148530295 0.37094752320261104 1.2465021984362363 0.0063585546699067123 0.084034714620698572 0.75197499999999973 301.50000000000006 0.011777950307528645 1.0901419738658373 0.0033719151928841748 0.0037918641632949655 257.50000000000006
decision_type=2 2 2 2 2 2 2 2 2 2 2 2 2 2 2 2 2 2 2 2 2 2 2 2 2 2 2 2 2 2
left_child=1 4 -2 5 13 12 -7 8 9 10 -8 14 18 15 -3 -1 -6 29 19 -4 21 -20 26 24 -24 -25 27 -5 -28 -18
right_child=2 11 3 22 16 6 7 -9 -10 -11 -12 -13 -14 -15 -16 -17 17 -19 20 -21 -22 -23 23 25 -26 -27 28 -29 -30 -31
leaf_value=0.12104003324768312 0.30294079082093595 0.20991528842061152 0.056840513389430095 0.21252206141317698 0.059504463969562472 0.044453018802723759 4.8182469132335477 0.17858051319245949 0.29940920876836052 0.37301546206282959 2.3861619252181043 0.16079652897888352 0.006155921216489983 0.046353050114029543 0.040106345139842681 -0.041244585257671676 0.05884965052898148 0.13558302565306565 0.14289778294009889 0.74604825301538291 0.0041800057859143333 0.70688420051885714 0.47337336694764087 1.1608131149797287 1.6345507890513558 0.22660687427943094 0.10336985437292699 0.4317887496870853 0.43987507206009746 0.87029670266114989
leaf_weight=11.657119018957017 29.029474623501301 12.327910253778098 1.3947012126445764 15.491342278197409 54.546765750274062 14.728154644370077 0.29782099649310101 15.492162990383802 3.9605792816728354 0.30782158020883799 0.24624169059098033 67.840481742285192 106.86741565912962 55.258632447570562 105.9883541315794 1547.1673832368106 0.45728386100381513 5.3629711382091045 17.577766952104874 1.4427224518731234 12.787367390468715 1.1214445084333409 0.76275140233337768 0.28890152368694577 0.35599577333778143 2.7001406811177731 18.243551651947204 7.459757841192185 2.2420807825401416 1.2474678400903938
leaf_count=1159 1685 884 116 1238 6019 1549 34 1528 38 9 27 5549 12254 6126 10166 186225 48 497 1892 110 1239 76 56 24 27 184 1241 548 183 106
internal_value=-0.00237463 -0.0198766 0.126527 0.103641 -0.0326756 0.0676184 0.19252 0.299922 0.690541 2.50899 3.71749 0.0953344 0.0366275 -0.0370736 0.0577995 -0.040031 0.0825371 0.260297 0.1315 0.407277 0.106649 0.176722 0.237158 0.460148 0.842871 0.316901 0.21607 0.28379 0.140199 0.652634
internal_weight=2114.65 1861.85 252.798 223.769 1675.7 176.224 35.0328 20.3046 4.81246 0.851884 0.544063 186.157 141.191 1614.08 118.316 1558.82 61.6145 7.06772 34.324 2.83742 31.4866 18.6992 47.5445 4.10779 1.11875 2.98904 43.4367 22.9511 20.4856 1.70475
internal_count=240837 216779 24058 22373 200180 18872 3185 1636 108 70 61 16599 15687 193510 11050 187384 6670 651 3433 226 3207 1968 3501 291 83 208 3210 1786 1424 154
is_linear=0
shrinkage=0.05


Tree=2
num_leaves=31
num_cat=0
split_feature=10 6 1 10 7 28 5 13 7 30 1 0 13 28 13 10 28 6 9 10 7 1 7 1 0 5 14 27 28 13
split_gain=3065.37 246.202 237.385 160.643 133.938 101.037 97.493 71.9155 95.1061 64.095 63.2581 82.7586 154.944 61.1351 57.1842 165.78 54.2897 53.4106 73.5915 55.2822 53.3512 57.6775 51.0945 69.948 109.86 87.9605 70.1782 49.4463 46.9622 56.4499
threshold=0.0032828812088946612 0.0016285239514199515 0.011264254833800226 0.0021365628383396267 0.0037918641632949655 -0.017163094775801625 0.0037662485619717376 249.50000000000003 0.0033672587943678763 -0.92818478641494495 0.017968136737195332 0.0029300275895415289 272.50000000000006 -0.017163094775801625 259.50000000000006 0.0093387429267146084 0.0058373722680113678 0.00054980442684675497 0.89092023781024021 0.0043401221792230982 0.00074337927901573148 0.022135022297957167 0.00065505656887100618 0.010512292215476672 0.0079312178023509556 0.0063585546699067123 124.50000000000001 210376.50000000003 -0.018940636301428202 307.50000000000006
decision_type=2 2 2 2 2 2 2 2 2 2 2 2 2 2 2 2 2 2 2 2 2 2 2 2 2 2 2 2 2 2
left_child=2 4 3 -1 6 -5 13 -3 14 -6 -4 12 -12 -2 15 20 -7 27 19 -19 21 -9 -21 -24 25 26 -25 -8 29 -16
right_child=1 7 10 5 9 16 17 8 -10 -11 11 -13 -14 -15 28 -17 -18 18 -20 22 -22 -23 23 24 -26 -27 -28 -29 -30 -31
leaf_value=-0.043875361152308966 0.17268194345080035 0.099334935805027391 0.089518040124774767 0.1713039234133607 0.098689662093762731 -0.018552171273837147 0.071451392232317112 0.086465988527117565 0.28130578670673595 0.26777571289698687 1.6972641898512035 0.20819090573868332 0.18792671406974537 0.029979929001076589 0.1377495714025157 1.0386911620848955 0.035943482256554464 0.090509436139756538 0.096429405952954489 0.17236332742935587 0.31376514979703413 0.80615833534002079 0.2862617800006757 1.1276849568483851 0.051808560954331201 1.7253515647037945 0.11067608646336091 0.47846963258694902 0.13186733062626591 0.31809537869795312
leaf_weight=1320.9859064109623 8.0583401853218657 38.654640906490386 16.243592745624486 7.9434113567695013 9.4910501101985592 266.50983734987676 75.617157550528646 6.5276107648387516 18.710692042484879 13.687218055129049 0.28606555424630542 3.6280971923843026 0.41921974066644907 109.3673024745658 9.3058815039694327 0.64184086956083852 55.161026244983077 6.0258512720465687 34.90886097215116 6.6778896106407029 6.9859327739104629 0.29079128708690394 5.7378404997289181 0.38189802039414622 0.47373582795262337 0.28150666784495115 0.30517390463501215 0.75362090207636256 86.257641140371561 8.1295358603820187
leaf_count=165141 611 3101 1527 603 692 31537 5648 488 995 959 26 183 38 12020 460 30 5873 573 2531 483 524 13 383 31 17 20 17 45 6053 215
internal_value=-0.00286404 0.113395 -0.0339796 -0.0360836 0.0835844 -0.00485695 0.0728662 0.159557 0.176568 0.198538 0.134798 0.304531 0.800118 0.0397729 0.15998 0.253178 -0.0092071 0.102493 0.140162 0.21694 0.216655 0.117159 0.271916 0.364505 0.675773 0.980957 0.675964 0.0754678 0.146996 0.221839
internal_weight=2118.45 447.272 1671.18 1650.6 271.767 329.614 248.589 175.505 136.85 23.1783 20.577 4.33338 0.705285 117.426 118.139 14.4462 321.671 131.164 54.7928 19.8839 13.8043 6.8184 13.858 7.18015 1.44231 0.968579 0.687072 76.3708 103.693 17.4354
internal_count=240837 35909 204928 203154 24030 38013 22379 11879 8778 1651 1774 247 64 12631 7783 1055 37410 9748 4055 1524 1025 501 951 468 85 68 48 5693 6728 675
is_linear=0
shrinkage=0.05


Tree=3
num_leaves=31
num_cat=0
split_feature=4 11 11 4 18 13 11 12 13 13 14 7 14 12 8 8 11 1 12 14 11 12 14 13 2 5 24 6 1 4
split_gain=2685.1 406.398 322.583 123.476 88.8128 104.373 65.548 62.5618 61.0108 59.0721 94.834 80.4852 59.7098 54.2552 77.6817 61.8589 51.1032 51.0326 65.4558 101.416 49.1598 48.8014 48.8858 47.1095 79.9415 68.8145 75.6199 70.1224 63.4903 60.2567
threshold=0.0049484498980721598 0.0046876572378923989 0.0025566478057455475 0.0031731640979147375 2.9013279598756198e-05 250.50000000000003 0.003048927010485771 1.3599642857142837 273.50000000000006 252.50000000000003 80.500000000000014 0.0016396104157097725 81.500000000000014 1.5684142857142864 0.80629194111714864 1.0926562747881134 0.029324629061597 -0.017902736066744081 0.42892857142857216 72.500000000000014 0.002634244197707893 2.3258214285714325 115.50000000000001 255.50000000000003 -0.013699296707376627 0.001074261226476814 1.0000000180025095e-35 0.0018686046768890171 0.0067318428335559908 0.0072206659077660275
decision_type=2 2 2 2 2 2 2 2 2 2 2 2 2 2 2 2 2 2 2 2 2 2 2 2 2 2 2 2 2 2
left_child=2 6 -1 -4 5 -3 -2 -5 -8 -9 -11 16 -13 14 -14 -16 20 18 19 -10 -12 -15 -23 24 25 29 -27 -28 -25 -7
right_child=1 4 3 7 -6 23 8 9 17 10 11 12 13 21 15 -17 -18 -19 -20 -21 -22 22 -24 28 -26 26 27 -29 -30 -31
leaf_value=-0.045860061487219654 -0.007030098355591272 0.094195292023469629 -0.023634118103107876 0.018349658241215032 0.098309163299797275 1.193806455632179 -0.013545868388790717 -0.019995309729279279 1.3925168601076887 0.031433906890576631 0.74369105409855762 1.1476373746451602 1.2099755300601214 0.068482694768355806 -0.050501874786869877 1.0725377534422138 0.92254226955428131 0.075676757973042685 0.14696926146553418 0.11226755322317983 0.1103541281608582 1.0040076663191073 0.27710182577961234 0.13962796404572531 0.17760461009540421 0.21832983618586083 1.0134171265746892 0.10720938969332693 0.21036965129664612 0.39021129307998548
leaf_weight=1232.9328979449347 58.403853248339146 54.83751618117094 193.11177954124287 174.44496004935354 112.68059926945716 0.48205487057566543 21.208423525560647 9.8233014936558885 0.31178157869726364 15.259274907875808 0.31480926321819147 0.25037327222526018 0.39666123082861338 1.6809988152235749 0.3936315979808569 0.17809426877647638 0.20553483627736646 68.105289805214852 1.5139298718422649 0.30700836330652237 11.46203797450289 0.33189662359654881 0.76306931907311082 88.006863374263048 10.715976587962357 3.334450273308903 0.65750753134489048 0.31610021367669106 49.58901726687327 0.4520161934196949
leaf_count=160467 6163 4052 23394 19194 6222 35 1955 988 23 1669 37 24 40 180 42 20 21 5609 109 27 1092 33 79 5574 852 190 43 18 2668 17
internal_value=-0.00290729 0.102339 -0.0331 0.00540128 0.134071 0.153408 0.0343493 0.0314196 0.0607769 0.0869484 0.12058 0.205721 0.400082 0.350095 0.672339 0.299328 0.140925 0.0832187 0.32406 0.75733 0.127284 0.237681 0.497435 0.174555 0.255876 0.415879 0.331525 0.7192 0.165123 0.80493
internal_weight=2112.47 470.922 1641.55 408.616 321.072 208.392 149.85 215.505 91.4464 41.0597 31.2364 15.9771 3.99473 3.74435 0.968387 0.571726 11.9824 70.238 2.13272 0.61879 11.7768 2.77596 1.09497 153.554 15.9581 5.24213 4.30806 0.973608 137.596 0.934071
internal_count=240837 33557 207280 46813 19671 13449 13886 23419 7723 4225 3237 1568 418 394 102 62 1150 5768 159 50 1129 292 112 9397 1155 303 251 61 8242 52
is_linear=0
shrinkage=0.05


Tree=4
num_leaves=31
num_cat=0
split_feature=4 11 11 4 13 18 11 1 13 13 1 13 10 10 13 12 27 0 15 13 2 27 14 12 18 10 11 29 6 27
split_gain=2274.73 311.922 285.614 108.427 61.6786 57.1643 53.9452 53.654 75.5149 76.595 78.2786 65.0862 53.0145 51.5198 48.4093 43.4749 39.527 45.5213 51.1391 36.0683 41.6163 41.5284 43.862 121.22 35.7617 35.2941 34.9873 45.3194 43.0924 39.6906
threshold=0.0049484498980721598 0.0025566478057455475 0.0046876572378923989 0.0031731640979147375 250.50000000000003 2.9013279598756198e-05 0.003048927010485771 0.012228270119181041 245.50000000000003 264.50000000000006 0.01518822341390791 253.50000000000003 0.0030668692963562011 0.0031485101089167218 273.50000000000006 1.3967285714285702 11.214141841907724 0.0030244200639427681 0.89583329600693806 279.50000000000006 0.014542733041376989 1.0738922568581282 113.50000000000001 1.1455000000000048 0.0047852649728154012 0.0029188589153364562 0.015584514294613673 -0.49012378849906746 0.0037969568943900882 0.050073383417853987
decision_type=2 2 2 2 2 2 2 2 2 2 2 2 2 2 2 2 2 2 2 2 2 2 2 2 2 2 2 2 2 2
left_child=1 -1 6 -3 26 12 -2 15 -9 10 -10 -12 -6 -13 -8 -5 -7 18 -18 21 24 22 23 -16 -21 -17 -4 28 -28 -29
right_child=2 3 4 7 5 16 14 8 9 -11 11 13 -14 -15 19 25 17 -19 -20 20 -22 -23 -24 -25 -26 -27 27 29 -30 -31
leaf_value=-0.045629235944155168 -0.0067246439635217569 -0.022992715775036504 0.052133912066018945 0.010517301834556977 0.066609797837967763 0.083091504444511757 -0.013041454251133292 -0.050627312672308133 0.12012938243425247 0.11529246326693127 0.087662649552325569 0.57225666612498471 0.15061359387627307 1.2682420122170854 0.25079436587230819 0.014407768483205938 0.23092984602567826 0.16388155129324133 1.1695075671056354 0.028425034719377525 0.14177559574512968 0.042744685552268236 0.14541984251046958 1.2397512916792 0.17020336887456533 0.10902559399859141 0.19422093888281086 0.28471299659937577 0.60133182777863414 0.069597304773900692
leaf_weight=1178.5871106581762 58.014098116196692 188.68797869468108 55.847528222948313 167.32751675648615 21.304125248454511 88.38438868522644 20.934412583243102 4.6923162480816236 1.1715263295918696 8.4330572029575688 0.36179233156144608 0.64052056428045012 158.63538439758122 0.45462377648800611 1.5530299954116324 17.269344709813595 0.35429142508655598 7.9954744260758162 0.24582622013986111 49.317990135401487 12.697424721904097 3.8027762528508902 3.124017558991909 0.38708695210516442 4.8886123811826101 22.95900459960103 4.2749924343079355 2.3825623216107514 0.76655672024935473 21.441398690454662
leaf_count=160467 6163 23394 3875 18340 1615 4347 1955 415 106 711 35 26 7782 25 94 1823 23 285 17 4342 807 188 123 27 187 1938 259 127 47 1294
internal_value=-0.00293721 -0.032538 0.0882459 0.00491166 0.112569 0.12399 0.0313936 0.0284898 0.117449 0.188747 0.424417 0.669096 0.140668 0.861179 0.0542609 0.0217376 0.0930462 0.195405 0.615399 0.0728556 0.060297 0.167615 0.261383 0.448108 0.0412113 0.0684078 0.0752353 0.119931 0.256121 0.0911104
internal_weight=2106.94 1590.58 516.352 411.998 361.633 276.919 154.719 223.31 15.7538 11.0615 2.62846 1.45694 179.94 1.09514 96.7054 207.556 96.98 8.59559 0.600118 75.7709 66.904 8.86691 5.06413 1.94012 54.2066 40.2283 84.713 28.8655 5.04155 23.824
internal_count=240837 207280 33557 46813 19671 14069 13886 23419 1318 903 192 86 9397 51 7723 22101 4672 325 40 5768 5336 432 244 121 4529 3761 5602 1727 306 1421
is_linear=0
shrinkage=0.05


Tree=5
num_leaves=31
num_cat=0
split_feature=4 11 11 4 12 0 4 9 1 10 11 13 2 11 29 13 29 4 29 11 13 13 18 7 8 6 12 12 2 5
split_gain=1979.24 272.292 219.112 80.7915 57.1325 52.1894 50.5477 49.7483 51.8271 63.812 43.7982 40.448 68.18 45.1291 41.3599 40.4213 40.1522 58.0917 56.048 42.7909 38.6581 48.933 38.2502 37.3922 36.8673 48.9224 42.2541 59.2012 46.3564 35.2057
threshold=0.0048873386422982256 0.0029052704226966422 0.0046876572378923989 0.0034580017618032065 3.2759142857142849 -0.0055487419969189591 0.0083961220755179155 0.88170153792377559 0.01518822341390791 0.0070325824256177042 0.0032123478931864722 309.50000000000006 0.053256355203420432 0.01470071065804307 0.063087649738485477 340.50000000000006 -0.36434284788311028 0.0067105412130929786 0.048934784272108074 0.0069420154804937578 274.50000000000006 279.50000000000006 0.0022928990191422387 0.0037918641632949655 0.99248980347114257 0.0017371163867978101 1.0127214285714328 0.60308571428571722 0.0022043020814540575 0.0025502951645344552
decision_type=2 2 2 2 2 2 2 2 2 2 2 2 2 2 2 2 2 2 2 2 2 2 2 2 2 2 2 2 2 2
left_child=1 4 10 5 -1 -3 7 8 23 16 -2 13 14 -8 15 -13 -10 18 19 -18 -12 22 -22 -4 -16 26 27 -26 -29 -27
right_child=2 3 6 -5 -6 -7 11 -9 9 -11 20 12 -14 -15 24 -17 17 -19 -20 -21 21 -23 -24 -25 25 29 -28 28 -30 -31
leaf_value=-0.043720273308127069 -0.0010364681380877372 0.8876874613494703 0.08393769627564876 0.034289324546604945 0.28872526729330966 -0.016121392995483454 0.08071997071901843 0.056330699721553912 0.13007350397848697 0.047871067592883849 -0.0085065366399595926 0.22199238676912364 0.50473460197177922 0.13630360051102819 0.0015071946097334039 0.052747488997273599 0.55399979133088262 0.26872941971444275 0.187010930374989 1.2192051956178949 0.24308079100967786 0.054361294744851768 -0.050484770566999251 0.21568383104604522 0.18302021072298902 0.30444883067440465 0.086510653233049628 0.36188637661077949 0.88940940035740068 0.020451885066753717
leaf_weight=1197.9843329465948 71.67582334112376 0.15986932907253404 74.453465389553457 154.54543581837788 1.2937517156824458 175.18172285426408 96.83443074952811 110.24928065482527 1.9273729110136626 3.4878662703558803 21.185363030526787 19.253378881141547 1.3455964680761088 58.626532140187919 7.0330411372706321 4.319393469952046 0.49536555074155175 2.6039359048008919 0.42009489051997662 0.47221785224974155 6.095156777650117 64.957676650490612 1.3565436024218795 5.8057034527882925 2.9310337817296412 1.2641589334234575 3.1491011800244451 1.1996574960649011 0.63789576478302468 7.978440341539681
leaf_count=169182 7528 15 4695 15266 130 21401 3799 6926 90 174 1872 712 37 2150 242 199 23 63 23 21 267 4849 63 312 138 53 119 40 31 248
internal_value=-0.00265853 -0.0322958 0.0768845 0.00793302 -0.0433616 -0.0152973 0.0967045 0.0788245 0.106482 0.217517 0.0283766 0.114178 0.153734 0.101681 0.143846 0.190981 0.317483 0.407975 0.669266 0.878646 0.0509014 0.0682828 0.189639 0.0934678 0.0979198 0.137434 0.228647 0.322512 0.545013 0.0592956
internal_weight=2098.92 1529.17 569.759 329.887 1199.28 175.342 404.488 199.915 89.666 9.40685 165.271 204.573 49.1117 155.461 47.7661 23.5728 5.91899 3.99161 1.38768 0.967583 93.5947 72.4094 7.4517 80.2592 24.1933 17.1603 7.91769 4.76859 1.83755 9.2426
internal_count=240668 205994 34674 36682 169312 21416 20095 12327 5401 394 14579 7768 1819 5949 1782 911 220 130 67 44 7051 5179 330 5007 871 629 328 209 71 301
is_linear=0
shrinkage=0.05


Tree=6
num_leaves=31
num_cat=0
split_feature=4 4 10 3 28 28 17 2 7 9 15 28 10 14 13 14 7 8 3 12 9 9 3 5 3 5 2 9 28 9
split_gain=1749.09 216.623 138.31 104.14 69.5835 60.4276 50.121 51.0292 42.5537 48.9429 79.3174 40.7041 37.7794 50.066 88.2968 37.511 35.8623 44.7629 71.5942 34.2277 44.7044 79.6797 48.3699 68.5075 51.1883 60.8263 31.5773 33.5008 35.524 31.1717
threshold=0.004011313511002825 0.0058348013694930244 0.002507358331153022 -0.050041593383426224 -0.017163094775801625 0.0061407795159801023 1.0000000180025095e-35 -0.010970997271899095 0.001054643956624944 0.88170153792377559 0.11475409726328258 -0.010883482471641169 0.0070325824256177042 83.500000000000014 310.50000000000006 120.50000000000001 0.0018151964951441679 0.86297337986732603 -0.068159141698360667 2.3258214285714325 0.6809034853828676 0.66657919848344671 -0.045838821442324422 0.00099909799307373631 0.020513156450689633 0.0022624434389140577 0.011224778299056106 1.5338930540113396 -0.024529106552347652 0.88170153792377559
decision_type=2 2 2 2 2 2 2 2 2 2 2 2 2 2 2 2 2 2 2 2 2 2 2 2 2 2 2 2 2 2
left_child=2 3 -1 8 26 -5 7 -6 -2 10 -10 12 13 14 -9 -14 -12 -18 -19 -4 21 22 23 -21 -24 -26 27 -3 -29 -13
right_child=1 4 19 5 6 -7 -8 11 9 -11 16 29 15 -15 -16 -17 17 18 -20 20 -22 -23 24 -25 25 -27 -28 28 -30 -31
leaf_value=-0.043671641801629454 0.056670946036147807 0.1382713455692221 -0.0021089336668006875 -0.00085185584115001075 0.036676043303572804 0.052226933931406684 0.023223847336144982 0.72803564404057042 0.78858469367271145 0.091333251168739665 0.054373043085827716 0.10689740457743567 0.25007859853530778 -0.051088640509720354 0.09813077251877679 0.73474136173388882 0.19183210367890979 0.25477012946975464 1.0782738660119127 1.1171819774865579 -0.0032425646611670164 1.1800121951579221 -0.050504345898055358 0.090249073731821769 0.18995566223909258 1.1146547723830815 0.49469479187074966 0.11654998918633404 0.016850120655290166 0.070124743281548552
leaf_weight=1146.476235980168 11.600834096781911 57.832259043119848 175.19522411841899 186.72331017861143 65.529399239923805 75.222140570636839 51.839497656095773 0.76949988119304125 0.71459583286195805 5.9727204693481326 1.9026527432724831 87.94695514626801 1.3199267042800782 2.095428230240941 2.0082805873826146 0.5723366132006048 2.0600096061825757 0.65359625499695539 0.44269218575209357 0.299610886722803 5.2743860934861004 0.20315322699025262 2.249477616511284 0.35462760552763939 1.0393658410757778 0.21455101761966933 0.54898300766944785 22.877688907086849 14.659668664447961 167.18104660417885
leaf_count=168768 746 1865 20208 19783 3627 6077 3487 33 40 391 149 4376 41 116 120 25 141 43 28 24 489 20 242 30 100 20 20 693 662 8304
internal_value=-0.00264495 0.0578495 -0.0372008 0.0234093 0.0785269 0.0143906 0.0689047 0.0761371 0.124596 0.191679 0.295487 0.0860108 0.207059 0.133433 0.272627 0.39667 0.225835 0.329195 0.587309 0.00293699 0.0946865 0.213132 0.165888 0.560537 0.0921893 0.348176 0.116573 0.114397 0.0776137 0.0828009
internal_weight=2091.78 760.474 1331.31 285.293 475.181 261.945 379.262 327.423 23.3471 11.7463 5.77355 261.893 6.76547 4.87321 2.77778 1.89226 5.05895 3.1563 1.09629 184.83 9.63517 4.36079 4.15763 0.654238 3.50339 1.25392 95.9186 95.3696 37.5374 255.128
internal_count=240668 50767 189901 27398 23369 25860 20129 16642 1538 792 401 13015 335 269 153 66 361 212 71 21133 925 436 416 54 362 120 3240 3220 1355 12680
is_linear=0
shrinkage=0.05


Tree=7
num_leaves=31
num_cat=0
split_feature=11 10 3 3 13 14 12 15 27 28 14 27 30 13 15 14 11 13 11 3 28 13 2 27 11 27 13 13 3 13
split_gain=1558.9 235.742 85.1349 83.5857 130.174 247.911 643.988 252.98 359.246 77.9228 76.2126 118.571 64.0206 61.5973 72.6763 248.253 285.103 55.0183 54.7989 63.5107 49.6365 41.0799 42.6543 45.3521 35.9017 35.5862 36.7989 49.936 104.751 75.5918
threshold=0.003007988480005924 0.0033881295089722989 -0.076121215926945526 0.013639585404524925 279.50000000000006 113.50000000000001 1.7442035714285689 0.54780708049271676 1.3392087742933156 0.0089181505844139839 115.50000000000001 0.1888334542293196 0.51048293001809852 259.50000000000006 0.42929168109597066 56.500000000000007 0.003786753464676666 250.50000000000003 0.0047927217412498816 0.024271405032506025 -0.017163094775801625 364.50000000000006 -0.010970997271899095 1.0000000180025095e-35 0.0021738301897799863 61710.000000000007 307.50000000000006 281.50000000000006 -0.045838821442324422 263.50000000000006
decision_type=2 2 2 2 2 2 2 2 2 2 2 2 2 2 2 2 2 2 2 2 2 2 2 2 2 2 2 2 2 2
left_child=3 9 -3 24 5 6 7 8 -5 20 11 -7 -13 -11 15 16 -15 -4 19 -19 21 22 -2 -24 -1 26 27 28 -20 -30
right_child=1 2 17 4 -6 10 -8 -9 -10 13 -12 12 -14 14 -16 -17 -18 18 25 -21 -22 -23 23 -25 -26 -27 -28 -29 29 -31
leaf_value=-0.047394091272658034 0.041068940869229825 0.11791061590255686 0.027791712828824311 0.30269796326357673 -0.027301729950515254 6.4731637964126678 3.2799411991673377 0.031179321506481689 3.2224299649856953 -0.019914911554821793 -0.015449824419728506 0.15519531538537909 0.74328838588190427 -0.050586735647520142 0.077783627970571825 0.087233472397169026 2.1026586215418646 0.019210238125908229 0.21823976401595624 0.11731486935972411 -0.0060057657797043217 0.58936608089246378 0.64901431836044521 0.12962339471266618 -0.024641684285828136 0.17586751529361122 0.097744962714937544 0.037909870219223964 0.021957868363797466 0.13838547208668739
leaf_weight=920.58199197147042 14.837602624669675 68.942611591890454 112.28010971006006 0.28237833827733938 36.771628891583532 0.0076645347289735479 0.21016762312501658 1.4123716712929306 0.16805136296898127 16.008993001189083 8.6143848677165789 2.9507191930897538 0.5488507063128053 0.26223566196858827 40.088190063368529 2.176623631734401 0.37152700033038855 89.810572297312319 13.47244836296886 20.209301562048495 236.7812648168765 0.38982653897255559 0.60459825024008829 1.3787007899954913 213.61141019687057 9.1089213453233224 112.52444953471422 99.518961071968079 38.560596476309001 21.835867092944682
leaf_count=143012 796 2142 7311 30 4746 1 18 121 23 1444 955 109 35 24 2719 208 32 7256 587 751 26833 20 24 80 28848 228 5235 4466 2031 583
internal_value=-0.00263006 0.0470138 0.0657175 -0.0402942 0.0223456 0.150959 0.656249 0.360235 1.39202 0.0119698 0.0645471 0.261034 0.247428 0.0637811 0.095015 0.340808 1.2117 0.0587618 0.0673469 0.0372309 -4.65875e-05 0.0819384 0.0701787 0.287957 -0.043109 0.0785778 0.0754782 0.0610276 0.0921727 0.0640514
internal_weight=2084.32 899.163 586.264 1185.16 50.9662 14.1946 2.07297 1.8628 0.45043 312.9 12.1216 3.50723 3.49957 58.9076 42.8986 2.81039 0.633763 517.321 405.041 110.02 253.992 17.2107 16.8209 1.9833 1134.19 295.021 285.912 173.388 73.8689 60.3965
internal_count=240668 62770 30590 177898 6038 1292 192 174 53 32180 1100 145 144 4427 2983 264 56 28448 21137 8007 27753 920 900 104 171860 13130 12902 7667 3201 2614
is_linear=0
shrinkage=0.05


Tree=8
num_leaves=31
num_cat=0
split_feature=11 4 4 11 28 28 13 13 13 28 11 10 10 6 28 2 12 5 9 6 7 30 8 28 12 2 12 6 7 12
split_gain=1409.51 258.342 70.8911 70.3313 44.9848 64.4615 65.6811 48.2515 142.843 71.4274 56.708 50.354 42.1501 35.9183 34.2463 31.258 28.5667 27.7826 27.5762 27.0877 25.6709 44.6239 36.2025 23.7825 33.5332 40.9756 28.6876 33.1391 22.0766 21.3457
threshold=0.003007988480005924 0.0039707469617351132 0.0083961220755179155 0.0021263479968392477 -0.018940636301428202 0.0048433745269434768 256.50000000000006 339.50000000000006 335.50000000000006 0.015321823304271462 0.0042723236802666336 0.0038836424748883679 0.0025325667031320712 0.0015318754931330247 0.00495307311321552 0.005059756743913236 3.2759142857142849 0.0049221987967480391 0.88170153792377559 0.0045248303331523613 0.00033307369776084365 -0.35271343687453649 0.92164856778349413 -0.012040310554915463 0.40064642857142935 -0.0071846442363012733 1.0319785714285723 0.0015318754931330247 0.0029357798323281213 1.0319785714285723
decision_type=2 2 2 2 2 2 2 2 2 2 2 2 2 2 2 2 2 2 2 2 2 2 2 2 2 2 2 2 2 2
left_child=3 12 4 -1 17 18 -7 8 14 10 -10 -12 -2 -11 15 -8 -5 20 23 -9 21 22 -3 24 -6 -26 -27 -28 -25 -4
right_child=1 2 29 16 5 6 7 19 9 13 11 -13 -14 -15 -16 -17 -18 -19 -20 -21 -22 -23 -24 28 25 26 27 -29 -30 -31
leaf_value=-0.046819175281534259 -0.027298070370722901 0.18895782288805538 0.089177087983736525 -0.019200410178976054 0.21666878459720706 0.0075174336868465974 0.11479508970200546 -0.0068157093703443868 0.02384237136037657 0.47208635844093827 0.76897802026345707 0.17030115808438945 0.016642398147512637 1.0530472081806048 0.081250465490174215 0.8495856462981648 0.12994291885675693 0.0026075771237862233 0.0037107496621577871 0.31431824668406649 0.092390602973999314 0.11043842297140515 0.65258144337656443 0.020752529098589712 0.013826373277213731 0.038463139517894429 0.14207184936818493 0.60667974015142812 0.09171263096839638 0.061532129267974835
leaf_weight=880.1320025883615 107.17342608980834 0.83235235419124343 154.90668195020407 259.89009581273422 4.1113215833902386 39.397829640191048 0.3023003414273252 16.97379634343088 1.3123514661565421 0.57133260648697592 0.72962646838277556 0.67723721452057362 111.20909794559702 0.49790603201836348 97.844766790978611 0.27768437564373016 3.2508073807694009 7.3712809626013032 107.80000038817525 0.68308544158935447 33.101825747638941 3.5109844347462049 0.85213131550699472 92.482813355512917 11.545737731270492 1.1113471323624229 0.77554796822369076 0.759822903200984 12.434529218822716 127.1332599343732
leaf_count=142851 14543 36 5098 34889 286 2652 27 1085 70 21 22 33 11053 23 5198 22 158 284 8212 31 1141 141 34 7271 690 61 43 38 737 3918
internal_value=-0.0027853 0.0426987 0.0571827 -0.0400382 0.0445459 0.0390518 0.0635248 0.0819328 0.0951176 0.396396 0.260255 0.480786 -0.00492183 0.742619 0.0835212 0.466597 -0.0173579 0.091499 0.0221798 0.00560788 0.108608 0.211937 0.423492 0.0383375 0.0909282 0.0545032 0.231947 0.371997 0.0291625 0.0767158
internal_weight=2079.65 936.38 717.998 1143.27 435.958 390.289 159.268 119.87 102.213 3.78845 2.71922 1.40686 218.383 1.06924 98.4248 0.579985 263.141 45.6686 231.021 17.6569 38.2973 5.19547 1.68448 123.221 18.3038 14.1925 2.64672 1.53537 104.917 282.04
internal_count=240668 62770 37174 177898 28158 26522 9184 6532 5416 169 125 55 25596 44 5247 49 35047 1636 17338 1116 1352 211 70 9126 1118 832 142 81 8008 9016
is_linear=0
shrinkage=0.05


Tree=9
num_leaves=31
num_cat=0
split_feature=11 4 11 4 28 28 13 13 13 15 3 13 13 29 12 3 28 10 13 13 3 6 12 2 10 4 1 2 29 15
split_gain=1273.24 216.478 70.4738 68.8512 40.3744 57.2345 66.4516 45.8497 66.1705 92.3124 36.1509 49.2839 67.945 61.9817 45.2495 35.9131 35.0828 32.3423 31.16 41.655 155.663 103.571 156.267 28.7532 49.8499 45.5814 41.3779 67.1101 36.2764 28.2731
threshold=0.003007988480005924 0.0034580017618032065 0.0021263479968392477 0.0083961220755179155 -0.018940636301428202 0.0042698457895503231 256.50000000000006 339.50000000000006 335.50000000000006 0.24254896079268196 0.012674894224173562 279.50000000000006 274.50000000000006 -0.85149970827240939 0.57164285714285834 -0.031618753641043044 0.014161902518044859 0.0034963137009014901 272.50000000000006 279.50000000000006 0.0085561956762155739 0.0018001666112648898 0.63784285714285927 -0.024479517913469136 0.0061948164051986833 0.0047004754217994885 -0.011531985616666405 -0.017983131136228677 -0.020421633402890712 0.9999999957491984
decision_type=2 2 2 2 2 2 2 2 2 2 2 2 2 2 2 2 2 2 2 2 2 2 2 2 2 2 2 2 2 2
left_child=2 29 -1 4 -3 15 -7 8 -8 -10 -4 12 -12 -14 -15 23 -11 -18 -17 20 -20 22 -22 -6 26 -26 27 -25 -29 -2
right_child=1 3 10 -5 5 6 7 -9 9 16 11 -13 13 14 -16 18 17 -19 19 -21 21 -23 -24 24 25 -27 -28 28 -30 -31
leaf_value=-0.046637749548695623 -0.015575216880342475 0.080178986362722818 -0.024885493259331756 0.068453099525580374 0.0065814559097089644 0.0017982976964321887 0.07289365339623366 0.00048409909165881198 0.60035378223566904 0.029422151248028897 -0.0217877839150608 -0.01803646090741971 3.498869341430785 -0.003253533799170494 0.24802713262480572 -0.021668610729121563 0.45433708309039206 0.060540035745238752 -0.0038896712487749181 0.012605454104048936 0.12886503230525903 0.16114704315850503 1.2390339934364394 0.64445186550569522 0.69285973981230697 0.17401416887630936 0.038292778681993676 0.27745516825194255 -0.051188078532035157 0.30050096216261835
leaf_weight=840.38322437414899 159.51295327581465 51.696792035363615 217.78353437036276 299.77116437535733 26.95290714269504 46.549565639346838 123.17970317788422 20.39434162247926 1.373583395499735 3.0239063473418355 7.0787840150296715 24.695136743132025 0.014087562914936735 2.4598508919589204 6.5946229915134609 63.769735986366868 1.2754273172467949 0.88192545063793648 7.4631073540076596 115.27782915439457 0.55683331191539787 1.6251956787891684 0.73587798979133368 0.71825895039364684 0.47064647357910772 4.2080908976495266 38.612962788436562 1.6675670370459559 1.6913268384523679 0.71065809391438861
leaf_count=142851 19971 1755 30975 9016 1788 3287 6578 1352 34 132 754 3108 2 109 99 5562 28 22 604 9483 44 24 33 31 34 163 2574 81 102 72
internal_value=-0.00274316 0.0389401 -0.0396138 0.0494218 0.0382819 0.0335777 0.0539921 0.0701755 0.081131 0.235928 -0.0167901 0.0263767 0.0943004 0.184917 0.179761 0.0183547 0.139317 0.293353 0.00679796 0.0212443 0.117176 0.426823 0.760831 0.0478101 0.0712692 0.226206 0.0542885 0.205777 0.111971 -0.0141733
internal_weight=2071.13 972.12 1099.01 811.897 512.126 460.429 196.678 150.129 129.735 6.55484 258.626 40.8425 16.1473 9.06856 9.05447 263.75 5.18126 2.15735 189.429 125.659 10.381 2.91791 1.29271 74.3218 47.3689 4.67874 42.6901 4.07715 3.35889 160.224
internal_count=240668 62770 177898 42727 33711 31956 11433 8146 6794 216 35047 4072 964 210 208 20523 182 50 15750 10188 705 101 77 4773 2985 197 2788 214 183 20043
is_linear=0
shrinkage=0.05


Tree=10
num_leaves=31
num_cat=0
split_feature=11 4 10 11 28 12 13 10 13 13 12 13 1 13 13 1 29 2 11 12 28 2 17 1 13 13 13 13 13 10
split_gain=1139.23 212.143 68.8258 54.2898 45.0568 40.6069 37.8361 51 36.9871 71.8716 79.8513 105.026 35.8834 35.3961 37.2681 85.5459 41.7942 31.0963 28.5677 33.0259 28.4305 34.6337 48.3825 54.5526 41.013 34.8447 42.1698 34.8456 27.8577 27.8372
threshold=0.0027474526308082091 0.0058348013694930244 0.0033881295089722989 0.0020651852893929933 0.0092914510084159806 1.3252392857142887 242.50000000000003 0.002954689124610757 279.50000000000006 273.50000000000006 1.5684142857142864 275.50000000000006 -0.010769423483879379 260.50000000000006 276.50000000000006 -0.0012308639126985541 -0.46165322023387184 0.024794811537801168 0.0046876572378923989 0.90684285714285562 -0.018940636301428202 -0.028026751763842391 1.0000000180025095e-35 -0.017902736066744081 312.50000000000006 307.50000000000006 254.50000000000003 251.50000000000003 250.50000000000003 0.0047075374585191856
decision_type=2 2 2 2 2 2 2 2 2 2 2 2 2 2 2 2 2 2 2 2 2 2 2 2 2 2 2 2 2 2
left_child=3 2 4 6 12 29 7 -1 9 -7 11 -11 -2 -6 15 -15 -17 -18 -3 -20 21 22 -4 -24 25 26 27 -23 -22 -5
right_child=1 18 20 5 13 8 -8 -9 -10 10 -12 -13 -14 14 -16 16 17 -19 19 -21 28 24 23 -25 -26 -27 -28 -29 -30 -31
leaf_value=-0.050368257834481671 0.068019096679956856 0.029693278802224044 0.017203993037263842 -0.026863899593427051 -0.030823259798918021 -0.050448528496290071 -0.047295391355752614 1.0665016167033958 -0.0092335965695606037 0.17481670290356088 0.18281738397907801 1.597828276529716 -0.018530308369190725 1.0305385232608582 0.039752157535718625 0.36832487440792949 -0.0044653584649262217 0.27233033470020435 0.072856800886708067 0.046311038921765746 -0.012655598155735796 0.16026912037492602 0.035878983896958754 0.75093125940372218 -0.051506117595339768 0.56945294282572578 0.012643513375586042 0.60310514870871001 0.035973687676034538 0.22800659607157364
leaf_weight=0.2381535260938098 12.615226259455083 96.77638071635738 11.651358862407506 195.04221063153818 12.560912176035343 3.262846205383541 782.31365636456758 0.17906535509973764 10.93257827637717 0.2784290863201021 4.3839994058944285 0.24267790326848626 236.28079699818045 0.2774481470696627 25.167727308813483 1.4899739283137021 3.8642255715094498 1.3759971819818018 233.4262938676402 235.24789701681584 36.858184724114835 0.94342873059213095 0.57396575808525085 0.49831215012818642 1.2637770455330608 0.80371704511344422 1.5570847010239957 0.83952183835208416 146.52950302045792 1.0772546110674728
leaf_count=34 1134 5856 480 29029 1253 430 139458 23 1548 19 152 31 28988 21 1908 68 282 38 7861 7743 3176 38 27 17 52 21 58 27 11018 119
internal_value=-0.00258075 0.0334997 0.00960311 -0.0409263 -0.00583992 -0.0186861 -0.0470415 0.428979 0.050907 0.131403 0.25237 0.837509 -0.0141436 0.0403585 0.0681471 0.170126 0.134657 0.0682167 0.0544254 0.0595323 0.0321051 0.0918329 0.0467823 0.36818 0.197835 0.273879 0.202755 0.368783 0.0261999 -0.0254639
internal_weight=2058.55 1060.6 495.151 997.951 293.632 215.22 782.731 0.417219 19.1005 8.16795 4.90511 0.521107 248.896 44.7363 32.1754 7.00764 6.7302 5.24022 565.451 468.674 201.519 18.1312 12.7236 1.07228 5.40753 4.14375 3.34004 1.78295 183.388 196.119
internal_count=240909 70066 48606 170843 33692 31328 139515 57 2180 632 202 50 30122 3570 2317 409 388 320 21460 15604 14914 720 524 44 196 144 123 65 14194 29148
is_linear=0
shrinkage=0.05


Tree=11
num_leaves=31
num_cat=0
split_feature=10 4 4 1 1 12 28 28 3 14 9 14 14 14 14 3 1 3 4 1 14 14 2 6 18 29 15 27 4 3
split_gain=1028.13 143.886 85.2342 40.2245 37.153 67.8698 32.1597 41.5031 30.1131 29.5469 67.6681 27.9259 27.0927 42.4775 106.084 129.023 43.1364 29.8584 25.934 25.6416 28.2897 207.793 123.282 140.833 24.4188 38.2915 32.9527 29.9188 29.6311 33.7225
threshold=0.0026941199006305463 0.004142546666715455 0.0056517570823501435 -0.015483542989495334 0.011264254833800226 2.9317646428571469 0.0077160243011846824 -0.010883482471641169 0.003981646286626562 26.500000000000004 0.69905080684487297 45.500000000000007 132.50000000000003 110.50000000000001 115.50000000000001 0.036252536030044864 0.01518822341390791 0.020513156450689633 0.0022406784401464044 0.0067318428335559908 66.500000000000014 63.500000000000007 -0.00017812142077078261 0.0012491483079718041 0.00048009636980401326 0.96599777129859477 0.8124999898437496 2.7521414497352832 0.0095045999424378299 -0.076121215926945526
decision_type=2 2 2 2 2 2 2 2 2 2 2 2 2 2 2 2 2 2 2 2 2 2 2 2 2 2 2 2 2 2
left_child=1 4 6 -3 18 -6 7 9 -5 10 -2 -4 13 -8 15 17 -16 -15 -1 -9 21 -21 -23 -24 25 26 -13 -28 29 -26
right_child=2 3 11 8 5 -7 12 19 -10 -11 -12 24 -14 14 16 -17 -18 -19 -20 20 -22 22 23 -25 28 -27 27 -29 -30 -31
leaf_value=-0.047876516162704996 0.81275715033670548 0.15245511165445932 0.0097958352154973744 -0.013394506113406132 0.055247965886964769 0.8768157053681318 0.037688391334554761 -0.0084113253291859987 0.032885949937208378 0.043509580916147095 -0.050592374597975068 0.079234158488220116 -0.0037913934085369071 -0.050992958085677199 0.013351196642682315 0.99689384232416778 0.23017978853666202 0.35584817047930845 -0.030777484243820374 0.012515498448051715 0.016818322020280149 0.095760010164854026 0.59551237721061623 2.2015094664567023 0.12776978652586812 0.0347629388080948 -0.004429403094187127 0.071201186124837237 0.054323540593668201 0.0037008501144078216
leaf_weight=641.40070647513494 0.40531889023259182 4.8969483603723338 43.53517383383587 80.867654264904559 3.7595816263929001 0.26939215091988433 43.825885569676757 181.10367918526754 62.16861681593582 49.524896957911551 0.51576749933883548 196.45413862587884 21.278533840551972 0.6980544682592148 8.5376900224946422 0.71244756598025549 3.1364240483380845 1.274136174470186 338.92976386891678 4.7550783837214139 19.220574931241572 0.34152954118326306 0.30958819203078736 0.24416988575831056 5.9278569780290118 113.19748213514686 25.343197550624609 27.015985146164894 99.374932223930955 71.992440836504102
leaf_count=118529 33 263 2192 9095 366 19 2784 19271 5352 2956 52 6768 1654 47 528 18 56 33 56198 480 1648 31 33 18 182 4225 886 743 2628 3821
internal_value=-0.00254482 -0.0344325 0.0367555 0.0115448 -0.0413421 0.110181 0.0166939 0.00808125 0.00672062 0.0487281 0.32932 0.0483167 0.0444863 0.0621417 0.136778 0.420182 0.0716054 0.211847 -0.0419649 -0.00187373 0.0457313 0.144083 0.84287 1.30365 0.0514263 0.0588719 0.0698403 0.034594 0.0362234 0.0131395
internal_weight=2051.02 1132.29 918.725 147.933 984.359 4.02897 335.884 256.421 143.036 50.446 0.921086 582.841 79.4632 58.1846 14.3588 2.68464 11.6741 1.97219 980.33 205.975 24.8709 5.65037 0.895288 0.553758 539.306 362.011 248.813 52.3592 177.295 77.9203
internal_count=240909 189822 51087 14710 175112 385 29642 24522 14447 3041 85 21445 5120 3466 682 98 584 80 174727 21481 2210 562 82 51 19253 12622 8397 1629 6631 4003
is_linear=0
shrinkage=0.05


Tree=12
num_leaves=31
num_cat=0
split_feature=11 4 11 3 14 28 3 14 14 14 12 6 11 3 2 0 4 28 28 6 6 28 14 7 0 29 28 28 12 9
split_gain=958.614 152.878 54.3701 43.0922 95.2826 93.3262 178.838 171.218 57.5812 38.7311 55.89 37.2219 35.4889 31.5805 30.4292 28.2875 45.6752 27.986 27.8969 27.8948 56.9559 38.4399 24.1095 21.7345 39.3136 26.749 25.8079 23.8726 41.5573 27.7884
threshold=0.0027474526308082091 0.0045901950627406591 0.0020651852893929933 0.010866227564719779 110.50000000000001 0.0021873964168473647 0.013639585404524925 115.50000000000001 115.50000000000001 126.50000000000001 3.2759142857142849 0.0015789273366104348 0.0046876572378923989 -0.039035798685151717 0.0093016786401960445 0.0011927213022409069 0.003860300364100983 0.0014075502292766719 0.0089181505844139839 0.0012977265500440191 0.00060205169454572566 0.0064667209318764688 145.50000000000003 0.0062119455581558696 -0.0022842604127251693 1.0252663274560621 -0.017163094775801625 0.024513250941045738 0.64656428571429114 2.1548231985087547
decision_type=2 2 2 2 2 2 2 2 2 2 2 2 2 2 2 2 2 2 2 2 2 2 2 2 2 2 2 2 2 2
left_child=2 9 22 -4 -5 6 7 -6 19 10 11 18 17 -11 -12 -16 -17 -3 -2 20 -7 -22 -1 25 -25 26 -14 -27 29 -29
right_child=1 12 3 4 5 8 -8 -9 -10 13 14 -13 23 -15 15 16 -18 -19 -20 -21 21 -23 -24 24 -26 27 -28 28 -30 -31
leaf_value=-0.047061873907906934 -0.011266461661611396 -0.0011007286537269639 -0.028335329899214553 -0.031078272478678649 2.4801935039000713 0.092685401440036161 0.13192229611257431 0.26812030803192954 -0.033256406454844109 0.032054425439604746 0.083117737938236458 0.049594875128127408 0.073465931453201891 -0.035666987722010692 0.14144704121059293 0.21967017543126693 0.91480350380637521 0.039775050143015162 0.042975305006993592 0.061010234826465976 0.29127621048369784 0.72376284315555584 0.19803610407052796 0.1686787065765705 0.045797313808270637 0.019050196390622311 0.044065110198459434 0.048212042153492979 0.022210663778130066 0.23330133649097223
leaf_weight=715.90740292565897 141.44416898442432 80.026889734901488 170.4084310750477 23.30909224646166 0.19753172667696961 2.5515530775301141 0.7303401124663651 0.15700519271194935 5.1569931712001562 21.08693669596687 3.9235625821165732 43.634232226759195 96.470157848671079 93.755109900608659 1.0378352222032847 0.55152797326445568 0.41346904542297125 87.833593674004078 28.47671908698976 2.9642189797013998 1.5433228854089978 0.77017406374216069 1.0047478284686793 10.008624115958812 18.614723910577595 138.98368672188371 329.85294884629548 3.3134737405926007 14.363982799462972 5.2266081161797047
leaf_count=139416 17686 6254 27086 3325 19 91 22 24 652 1764 275 3801 2160 11494 66 32 16 5048 2138 45 26 38 99 197 438 5272 12787 102 411 125
internal_value=-0.00252085 0.028608 -0.0401912 -0.017671 0.0309454 0.133689 0.579201 1.50059 0.0964706 0.000294731 0.012605 0.00840183 0.040671 -0.0232322 0.164065 0.322641 0.517512 0.0202877 -0.00217619 0.181919 0.255588 0.435253 -0.0467184 0.046218 0.0887648 0.0441476 0.050718 0.0268447 0.0741422 0.161488
internal_weight=2043.72 1119.02 924.701 207.789 37.3802 14.0711 1.08488 0.354537 12.9863 334.324 219.482 213.555 784.695 114.842 5.92639 2.00283 0.964997 167.86 169.921 7.82927 4.86505 2.3135 716.912 616.834 28.6233 588.211 426.323 161.888 22.9041 8.54008
internal_count=240909 70066 170843 31328 4242 917 65 43 852 37272 24014 23625 32794 13258 389 114 48 11302 19824 200 155 64 139515 21492 635 20857 14947 5910 638 227
is_linear=0
shrinkage=0.05


Tree=13
num_leaves=31
num_cat=0
split_feature=11 4 11 10 1 11 28 13 13 9 2 10 9 8 13 13 10 13 28 2 9 28 11 1 7 27 13 13 10 13
split_gain=880.863 130.311 53.394 39.6536 36.9156 34.7463 33.5496 22.0647 64.8475 48.6165 35.5961 48.8842 72.2581 21.1131 21.0053 78.1528 28.6315 27.125 24.937 27.3128 21.0008 33.3679 34.1627 25.9665 37.8889 20.4607 39.1684 19.7688 22.4791 39.3662
threshold=0.0027474526308082091 0.0042813575852708955 0.0020651852893929933 0.0027568996106375337 0.013504106509089621 0.0046876572378923989 0.0014075502292766719 274.50000000000006 279.50000000000006 0.49052550567147363 0.0077395101117507812 0.0033352597288533064 0.75828343385036712 0.76353593781428475 281.50000000000006 273.50000000000006 0.0047075374585191856 304.50000000000006 -0.00011381884560888511 1.0000000180025095e-35 0.62658359170952649 -0.012747082596327909 0.0058021028104980566 0.0065218352532259169 0.0012081688652319162 0.13138185682460538 378.50000000000006 250.50000000000003 0.0033352597288533064 281.50000000000006
decision_type=2 2 2 2 2 2 2 2 2 2 2 2 2 2 2 2 2 2 2 2 2 2 2 2 2 2 2 2 2 2
left_child=2 3 -1 4 -2 6 25 -8 9 -9 11 12 -11 -5 15 -4 -16 -18 -17 -20 21 22 -15 -23 -25 26 -3 -7 -29 -30
right_child=1 5 14 13 -6 27 7 8 -10 10 -12 -13 -14 20 16 18 17 -19 19 -21 -22 23 -24 24 -26 -27 -28 28 29 -31
leaf_value=-0.046538274172043544 -0.023464087666660461 0.045254582440949022 -0.04853113672009348 -0.002133857768660105 0.18953751449262554 0.025712453798168861 -0.0052606379125774184 0.59913186405303243 0.034326064274742295 0.021413897430689229 0.060274219417299151 0.12086842194173411 0.83914501328344859 0.027690144874606526 -0.028455950847540171 -0.0037986277317785485 0.55121292324351512 -0.050600833102114773 0.22334013787159904 0.072738652110513599 0.023340952514851271 0.029401900516552421 0.51647862690426194 0.066845910411193185 0.52866193711072917 -0.013272152231265405 0.63224238442892344 0.0221106259066748 0.076465895084077029 0.042010349949667847
leaf_weight=684.55377167603001 146.37098970543593 9.8143147691152954 27.683850358705968 74.137960448861122 2.0628218720667055 149.58192309783772 23.438654968049377 0.64561813883483221 69.36245787050575 0.42933389358222507 4.622460559476167 1.8306473018601535 0.72862341580912471 0.60233848867937811 150.85319420415908 7.4898367412388351 0.41540582850575347 0.3408770589157939 3.8248067265376475 14.141820025630294 56.452932014595717 9.041973499581216 0.87937412224709988 1.2488871896639455 0.68924774508923281 79.566644085105509 0.29267101315781552 80.593821811489761 111.56378218717873 322.63407153915614
leaf_count=139515 20928 673 4421 6797 109 6482 1529 16 4023 18 125 64 38 32 24462 1115 37 30 196 1067 4999 857 39 81 40 6557 22 4334 2970 9333
internal_value=-0.00249346 0.0264711 -0.0398379 -0.00239958 -0.020504 0.0363125 0.0175016 0.0372554 0.0500939 0.182556 0.147219 0.281697 0.535956 0.0163858 -0.0174361 0.00961436 -0.0269175 0.279959 0.0728475 0.104799 0.0363091 0.0950559 0.317779 0.0650006 0.231079 -0.00475992 0.0622522 0.0417128 0.046362 0.0508634
internal_weight=2035.9 1146.59 889.304 291.487 148.434 855.105 190.731 101.058 77.6191 8.25668 7.61107 2.9886 1.15796 143.053 204.75 53.1403 151.609 0.756283 25.4565 17.9666 68.9148 12.4618 1.48171 10.9801 1.93813 89.6736 10.107 664.374 514.792 434.198
internal_count=240909 70066 170843 33882 21037 36184 13065 5813 4284 261 245 120 56 12845 31328 6799 24529 67 2378 1263 6048 1049 71 978 121 7252 695 23119 16637 12303
is_linear=0
shrinkage=0.05


Tree=14
num_leaves=31
num_cat=0
split_feature=11 4 11 4 3 13 13 12 15 3 28 2 1 28 13 9 15 13 12 11 13 13 1 4 13 12 5 12 4 28
split_gain=809.315 112.955 53.0666 40.8904 34.845 63.5809 45.8751 35.9236 42.8034 27.8211 21.9758 26.4105 32.5753 22.492 21.4528 30.1345 41.852 20.7043 21.526 20.7773 20.6259 19.9109 33.3193 21.6128 20.0316 20.7508 17.9326 17.9126 31.5805 17.215
threshold=0.0027474526308082091 0.0058348013694930244 0.0020651852893929933 0.0030241386093750587 0.010866227564719779 290.50000000000006 273.50000000000006 0.56450714285714165 0.15789472853186282 0.10636437917068277 -0.017163094775801625 -0.028026751763842391 -0.015483542989495334 0.0092914510084159806 241.50000000000003 0.54851281887286107 0.65034964125385986 312.50000000000006 0.62010357142856842 0.011633612119249301 244.50000000000003 257.50000000000006 -0.0049975827585010393 0.004142546666715455 339.50000000000006 0.33525000000000055 0.0033376712286580811 0.90684285714285562 0.010029365606348749 0.0013253154963496691
decision_type=2 2 2 2 2 2 2 2 2 2 2 2 2 2 2 2 2 2 2 2 2 2 2 2 2 2 2 2 2 2
left_child=2 3 20 9 -4 6 -6 -8 -9 14 11 -5 -13 26 15 16 -2 18 19 -14 -1 -15 23 -23 25 -24 -12 28 29 -3
right_child=1 27 4 10 5 -7 7 8 -10 -11 13 12 17 21 -16 -17 -18 -19 -20 -21 -22 22 24 -25 -26 -27 -28 -29 -30 -31
leaf_value=0.16400267534042465 0.78665437381650516 0.021331375954883793 -0.027161819566557451 0.014164202572677878 -0.05036784052849691 -0.035582397722650941 0.027352223875256196 0.7016626862569102 0.17123628270140198 0.47657457793380936 0.010637256324136127 0.23817659232783642 0.089249473738900686 -0.010472620454976697 -0.020552874410632565 -0.05057328179694516 -0.050562961575939029 -0.037375595756298424 0.039824954357731868 0.34129327481446647 -0.046725806208509191 0.44502969529001962 -0.0071444690016380739 0.12017569324157798 -0.032778283483496352 0.066666245007334451 -0.022043420695375581 0.029520619389783856 0.066640504396201714 0.048895093102787307
leaf_weight=1.163269172888248 0.35807325970381387 113.97802283521742 161.88322011940181 18.948657904285938 4.3117515426129129 20.290004521142691 4.9693314083851865 0.39738988084718485 8.8626503115519863 0.28438806673511763 213.35206800187007 3.433370769955217 1.7689537317492052 19.794967917259783 127.09791311342269 0.65133165242150426 0.25598808936774731 3.5687144598923615 4.8169796988368034 1.5204841038212178 652.57217534445226 0.79917626362293903 12.144176499918101 1.4248723350465295 8.2321795714087767 44.103363596368581 52.257344996090978 309.68208428146318 121.31879704724997 112.6155283683911
leaf_count=99 22 4955 27086 704 644 3042 348 15 193 25 20123 105 68 1500 17924 63 24 171 134 36 139416 20 661 41 536 1976 4473 9602 2765 4138
internal_value=-0.00243695 0.0245355 -0.0394464 0.00699525 -0.0169585 0.025578 0.0925073 0.135801 0.193999 -0.0174189 0.0151286 0.0534808 0.102791 0.0114191 -0.0185133 0.186342 0.437638 0.0629768 0.107155 0.205752 -0.0463508 0.0335634 0.0466315 0.236907 0.0400685 0.0507301 0.00420749 0.0382674 0.046053 0.0350304
internal_weight=2026.86 1172.41 854.45 514.813 200.714 38.8311 18.5411 14.2294 9.26004 128.648 386.165 34.0572 15.1085 352.108 128.363 1.26539 0.614061 11.6751 8.10642 3.28944 653.735 86.4987 66.7038 2.22405 64.4797 56.2475 265.609 657.594 347.912 226.594
internal_count=240909 70066 170843 48606 31328 4242 1200 556 208 18058 30548 1218 514 29330 18033 109 46 409 238 104 139515 4734 3234 61 3173 2637 24596 21460 11858 9093
is_linear=0
shrinkage=0.05


Tree=15
num_leaves=31
num_cat=0
split_feature=10 4 13 4 3 18 13 13 3 3 2 13 13 3 9 3 13 13 18 3 13 9 12 1 1 1 3 2 3 13
split_gain=733.618 87.3571 57.7259 38.9393 41.6499 35.0757 37.3436 120.564 149.415 57.6988 42.4409 46.323 42.3079 38.6647 36.3095 31.5335 71.2415 30.2312 35.8132 28.7053 40.629 48.3797 46.0742 83.6036 35.9921 28.3715 37.66 34.5861 34.0902 35.0908
threshold=0.002507358331153022 0.0028599704455415137 340.50000000000006 0.0095045999424378299 -0.076121215926945526 0.00036010082823186175 273.50000000000006 279.50000000000006 0.0068027210884352715 0.042375850178537851 0.0046411637066188236 276.50000000000006 307.50000000000006 0.024271405032506025 0.81704825195430686 -0.029540241467627567 250.50000000000003 312.50000000000006 0.0029148825744332875 -0.016572347880903445 360.50000000000006 0.70258738285821087 0.51034999999999864 -0.00032607126174061246 -0.0055544901663821524 -0.017902736066744081 -0.018928281574513369 0.011224778299056106 0.010866227564719779 334.50000000000006
decision_type=2 2 2 2 2 2 2 2 2 2 2 2 2 2 2 2 2 2 2 2 2 2 2 2 2 2 2 2 2 2
left_child=1 -1 3 4 17 6 15 8 -8 10 11 -10 -9 -12 -11 16 -6 18 -2 20 -4 22 23 -22 -24 26 -14 -27 -29 -30
right_child=2 -3 19 -5 5 -7 7 12 9 14 13 -13 25 -15 -16 -17 -18 -19 -20 -21 21 -23 24 -25 -26 27 -28 28 29 -31
leaf_value=-0.044767373244303722 0.069468481989239217 -0.011417104065939184 -0.0054381002994956205 0.046086383064827159 -0.0098945525237993034 -0.0031573919751707348 -0.030737056561396865 0.0019841202598474199 0.097409272016492174 0.56761860683841869 -0.023851514690152936 0.33330623825874534 0.25909912354303766 0.18230018555162694 0.23674976800679637 -0.0037789575148618527 0.10041286842964954 -0.019834498760125382 0.27071651244552375 -0.020773135606115947 0.11470249623238815 0.050193046692195813 0.47543107571282511 0.94846720123159278 -0.051423721144517848 0.023161061572580448 -0.006662526804534036 0.14758290420921968 0.025809219490901952 0.16529993123410966
leaf_weight=661.40510467160493 47.937640023883432 279.25831012707204 19.263996465597305 263.82932365406305 32.534052321687341 132.37131679942831 9.946363352704795 107.98656985908747 3.2960090134292894 1.5909283980727189 3.988115940243004 5.6459125950932503 3.3547185081988573 5.2933326093479991 1.7317607589066026 140.66534547321498 26.609085816890001 9.2001718897372466 2.3175206556916228 91.26339519303292 0.60312565788626671 6.8946501896716654 0.4737728890031575 0.59953129291534268 1.026544432621449 107.05496229883283 2.2119430294260374 12.010372394230215 27.109075604472309 5.4080429025925687
leaf_count=143642 1235 39544 973 5841 1624 8729 942 6933 96 23 207 110 62 66 19 10016 1125 301 55 8663 39 294 21 29 62 8208 77 511 1143 135
internal_value=-0.00263953 -0.0348666 0.0256335 0.0297543 0.0234938 0.0197117 0.0258096 0.0370646 0.129556 0.203553 0.168615 0.246354 0.0260786 0.0937195 0.395172 0.0091008 0.0397339 0.0634941 0.0787491 -0.00702809 0.0364351 0.120482 0.299771 0.530339 0.114947 0.0426354 0.153497 0.0385641 0.0755969 0.0490084
internal_weight=2012.88 940.663 1072.22 952.093 688.263 628.808 496.437 296.628 31.4924 21.5461 18.2234 8.94192 265.136 9.28145 3.32269 199.808 59.1431 59.4553 50.2552 120.125 28.8616 9.59762 2.70297 1.20266 1.50032 157.149 5.56666 151.582 44.5275 32.5171
internal_count=240725 183186 57539 47458 41617 40026 31297 18532 1463 521 479 206 17069 273 42 12765 2749 1591 1290 10081 1418 445 151 68 83 10136 139 9997 1789 1278
is_linear=0
shrinkage=0.05


Tree=16
num_leaves=31
num_cat=0
split_feature=11 4 3 13 13 11 3 13 13 3 11 13 12 11 12 3 12 3 13 2 2 1 13 3 13 13 13 8 13 4
split_gain=685.776 85.3049 54.6808 67.0919 37.8678 29.9483 34.0725 29.0991 27.5221 49.4114 48.0811 28.8784 23.822 25.6658 45.9634 41.3624 23.2177 22.9894 47.7596 28.8203 40.4234 66.0316 89.6732 23.3964 34.0018 58.6048 47.9213 75.6639 32.7904 26.5468
threshold=0.0027474526308082091 0.003860300364100983 0.012674894224173562 279.50000000000006 274.50000000000006 0.0046876572378923989 0.022874431416735178 250.50000000000003 274.50000000000006 0.045878468636728738 0.0039478660704387143 279.50000000000006 0.25385357142856996 0.0021574465661600155 0.58702142857143269 0.017619707476629113 0.93968489285714962 -0.045838821442324422 257.50000000000006 -0.004947664704652909 -0.052178392461555971 -0.017902736066744081 297.50000000000006 0.020513156450689633 259.50000000000006 281.50000000000006 274.50000000000006 1.0266224421713892 294.50000000000006 0.0078370155214342232
decision_type=2 2 2 2 2 2 2 2 2 2 2 2 2 2 2 2 2 2 2 2 2 2 2 2 2 2 2 2 2 2
left_child=2 -2 -1 4 -4 6 -3 -7 -8 11 -11 16 -6 14 15 -14 -10 18 -9 20 21 -19 -23 -21 -25 26 -26 29 -27 -28
right_child=1 5 3 -5 12 7 8 17 9 10 -12 -13 13 -15 -16 -17 -18 19 -20 23 -22 22 -24 24 25 28 27 -29 -30 -31
leaf_value=-0.041971910562400114 -0.0063912336156319721 0.0026605036832090595 -0.014432384227951066 -0.034406831501038744 -0.010213787523627029 0.013838067850911382 -0.035053382957763599 0.093996235934377753 0.037966675704776576 0.54658140259113375 0.11849700814529972 0.030135085331661277 0.32256190184991151 0.13512978671532175 0.1319780554907197 1.0967911568638935 0.24041017398140899 0.0017627630442391331 0.035870195630739017 0.058796757914782539 0.005348700579318251 0.67664137362428656 0.0031433552807519092 -0.030527191825641814 0.053267785690172646 -0.04864786640952487 0.56062646646080416 0.10574253415032067 0.032061752974358225 0.25075867336089569
leaf_weight=746.91252853069454 228.40698682144284 187.28630362497643 6.0104902484454241 28.295718340203166 2.2044493407011023 165.67756347171962 7.245836501941084 50.226625048089772 2.4662024388089803 1.0198324872180813 1.8382156081497667 24.590942389331758 0.39790100092068215 8.3786483546718937 1.0137614137493072 0.30453676264733076 3.3267995771020651 2.9823861699551344 119.22874549869448 104.61134351743385 119.85866874083877 1.0972893191501487 0.89927288331091393 21.086018024012446 16.484594175592068 13.969731991179286 1.4612414669245466 7.048436002805829 126.91119094006717 1.3116045445203779
leaf_count=164598 28769 14305 851 5074 133 6990 329 1198 31 24 36 940 24 118 31 24 26 38 2784 3925 4805 26 21 1133 293 372 24 63 3721 19
internal_value=-0.00257641 0.0211279 -0.0386933 0.013851 0.088428 0.0275377 0.0116519 0.0323438 0.053244 0.0724904 0.27125 0.0537942 0.138694 0.171212 0.347369 0.658223 0.154226 0.0375654 0.0530988 0.0312641 0.0111476 0.150746 0.373291 0.0398384 0.0293044 0.0368505 0.105358 0.192788 0.0240586 0.414054
internal_weight=2002.55 1209.04 793.518 46.6055 18.3098 980.629 227.774 752.855 40.4878 33.242 2.85805 30.3839 12.2993 10.0948 1.7162 0.702438 5.793 587.177 169.455 417.722 124.838 4.97895 1.99656 292.884 188.273 167.187 26.3059 9.82128 140.881 2.77285
internal_count=240725 69872 170853 6255 1181 41103 15691 25412 1386 1057 60 997 330 197 79 48 57 18422 3982 14440 4890 85 47 9550 5625 4492 399 106 4093 43
is_linear=0
shrinkage=0.05


Tree=17
num_leaves=31
num_cat=0
split_feature=11 10 3 13 13 13 13 3 6 2 7 14 2 1 1 13 13 13 14 25 12 2 12 3 13 11 10 15 12 10
split_gain=633.155 83.9337 51.9854 73.109 39.8986 37.128 33.2996 85.7077 49.2264 77.6064 88.0854 31.6767 27.652 30.2819 29.1795 26.1799 30.5501 25.4301 88.4188 84.0596 23.6083 24.3634 23.3528 23.2452 56.5802 35.9631 51.604 38.2197 22.8957 26.3012
threshold=0.0027474526308082091 0.0033881295089722989 0.010866227564719779 279.50000000000006 273.50000000000006 274.50000000000006 279.50000000000006 0.017619707476629113 0.0016285239514199515 0.010002349999203354 0.0020358016830638432 146.50000000000003 0.01174606760104824 0.022135022297957167 -0.010769423483879379 344.50000000000006 250.50000000000003 326.50000000000006 61.500000000000007 1.0000000180025095e-35 0.25385357142856996 0.0087129948598259083 0.38240000000000107 -0.045838821442324422 257.50000000000006 0.021641015834464154 0.0065619663333346305 0.49152541539787004 0.26209285714285363 0.0024152630224722068
decision_type=2 2 2 2 2 2 2 2 2 2 2 2 2 2 2 2 2 2 2 2 2 2 2 2 2 2 2 2 2 2
left_child=2 5 -1 4 11 -2 7 -7 9 10 -9 -4 13 14 -8 16 -3 -14 28 -20 -6 22 -22 24 25 26 -18 -28 29 -19
right_child=1 15 3 -5 20 6 12 8 -10 -11 -12 -13 17 -15 -16 -17 23 18 19 -21 21 -23 -24 -25 -26 -27 27 -29 -30 -31
leaf_value=-0.042222659305589758 -0.018615954013018222 0.01257209733816262 -0.05030094102096562 -0.035480133892221731 -0.018505927014142269 -0.016363746306588885 0.058399863444377566 1.0055250075318716 0.097519384340843798 0.09178272111354939 0.25286641218262079 0.75870580442638047 0.012272917850009562 0.42224174981680784 -0.0089715304255600786 -0.0039266678170990967 0.091209845677911558 0.34164023227692281 0.044450258239409984 0.90134410487017791 0.37379025828509932 0.041067653603427096 0.15311837949740087 0.030533092682597768 0.033601295295863448 0.032540923869817273 0.32031991504646629 0.099074763177183403 0.030303902178502647 0.063394228283100554
leaf_weight=699.43661790248007 153.83721370901912 175.12632790161297 5.9636620492674437 40.530980173964053 2.7623834912665215 8.5525489305146021 17.923825682606548 0.75596282491460376 3.3022618079558015 1.2701519005931912 0.80021580727770925 0.12350318673998106 27.510973596479744 0.42162706516683002 155.54839850310236 57.695774307008833 23.337618895806376 1.398884995374835 0.52466301899403223 0.62970505747944117 1.3931264607235778 4.2590599223040035 8.5996881481260044 452.12112223030999 110.41598785948008 13.798870898783205 5.1475573293864709 3.1443814430385828 13.615316482260821 2.1617291830480099
leaf_count=161324 15820 8016 1099 7894 206 784 1067 30 26 27 13 9 1793 12 17592 2958 537 99 40 33 56 99 166 17554 2349 206 62 38 699 117
internal_value=-0.00251213 0.0196988 -0.0382863 0.00498137 0.0759703 0.000470538 0.0129962 0.0859026 0.228617 0.38179 0.618494 -0.0338869 0.00812508 -0.000981804 -0.00201046 0.0285779 0.0309728 0.0426711 0.088294 0.511884 0.115274 0.141204 0.183883 0.0362731 0.0529256 0.0998943 0.129278 0.236422 0.0598252 0.172711
internal_weight=1992.11 1229.04 763.069 63.6324 23.1014 388.253 234.416 14.6811 6.12859 2.82633 1.55618 6.08717 219.735 173.894 173.472 840.788 783.092 45.8413 18.3303 1.15437 17.0143 14.2519 9.99281 607.966 155.844 45.4284 31.6296 8.29194 17.1759 3.56061
internal_count=240725 69872 170853 9529 1635 38152 22332 880 96 70 43 1108 21452 18671 18659 31720 28762 2781 988 73 527 321 222 20746 3192 843 637 100 915 216
is_linear=0
shrinkage=0.05


Tree=18
num_leaves=31
num_cat=0
split_feature=11 4 11 3 13 4 13 27 1 13 14 11 12 11 2 15 7 15 13 12 3 2 12 4 29 3 27 13 13 13
split_gain=585.915 77.6294 37.1409 34.2536 51.0986 32.4339 26.5457 21.9839 21.8692 28.2956 33.4565 104.921 104.536 46.3353 27.8828 22.4323 48.4511 20.099 18.1667 18.1492 17.1348 16.7541 15.7266 15.1154 16.7954 17.3783 15.0803 16.3508 36.0904 39.2071
threshold=0.0025566478057455475 0.0056517570823501435 0.0016817060295685187 0.0087660958512858506 279.50000000000006 0.0028599704455415137 273.50000000000006 0.14650697714846539 -0.010769423483879379 305.50000000000006 67.500000000000014 0.0033540081824132697 0.4605464285714268 0.0073512550198496038 -0.015368217427008833 0.021926095206807463 0.00057011836161694526 0.15057754994216291 241.50000000000003 0.92359285714286854 0.018488836447116522 -0.0032447785310633077 0.92359285714286854 0.017008153851206385 0.99478502957567005 0.029369243941755666 0.18351594195452228 339.50000000000006 324.50000000000006 329.50000000000006
decision_type=2 2 2 2 2 2 2 2 2 2 2 2 2 2 2 2 2 2 2 2 2 2 2 2 2 2 2 2 2 2
left_child=2 5 -1 -4 6 18 7 -5 9 22 20 12 -12 14 -13 -16 -17 -8 -2 -18 -11 -19 -7 24 -3 -26 -10 28 -28 -30
right_child=1 23 3 4 -6 8 17 -9 26 10 11 13 -14 -15 15 16 19 21 -20 -21 -22 -23 -24 -25 25 -27 27 -29 29 -31
leaf_value=-0.048591240132724214 0.15691743005264003 0.030492329878814357 -0.033773969683810294 0.54172063954480199 -0.024819285015811068 -0.014068133042766693 0.30878307921332221 -0.0397463089474904 -0.036498103389982384 -0.012504731701940894 0.23827176628786217 0.073779254269382186 1.5899945959129127 0.017571982501821345 0.045127645496098365 0.89132514117951001 0.53509717080012054 0.48135581511849779 -0.02182290513603188 0.17304134300974175 0.33475751628422945 0.087489101315204459 0.057808892853227413 0.052952305874190059 0.0023632268182751381 0.034913688951476111 0.0055949956640502342 -0.019347605621972082 0.12438691578946642 0.018859382026386776
leaf_weight=434.24076540162787 1.4385324697941531 509.11394438799471 203.3882198035717 0.1683219275437321 33.401832626666874 20.060480852145702 1.2302176225930441 4.7429878741968423 20.308833992108703 6.4493943741545108 0.34619468683376808 1.5844814884476361 0.24372891196981072 5.6760110133327544 0.50939219677820657 0.42407251521945033 0.51054691290482868 0.27636976353824039 120.64515279373154 1.0748510174453256 0.3759303856641053 11.713392822071908 12.261865866370497 55.27826838567853 125.93605943396688 60.801457160152495 265.65109098516405 47.854624414350837 13.95212521124631 23.844180395361036
leaf_count=111114 93 16008 44851 14 6765 1290 25 927 2086 476 37 66 20 233 19 23 28 10 18574 28 8 429 583 912 4615 1755 21693 4971 1186 1886
internal_value=-0.00245559 0.0173737 -0.0396977 -0.0245483 0.0118633 0.00297473 0.0794408 -0.0198181 0.00955293 0.0407668 0.092588 0.149173 0.796741 0.11011 0.238114 0.341487 0.416613 0.116316 -0.0197168 0.289634 0.00662204 0.0965679 0.0131993 0.0277869 0.0257878 0.0129616 0.0053937 0.00781548 0.0120992 0.0578138
internal_weight=1983.5 1294.34 689.162 254.921 51.5331 543.211 18.1313 4.91131 421.128 49.517 17.1946 10.3693 0.589924 9.77936 4.10334 2.51886 2.00947 13.22 122.084 1.5854 6.82532 11.9898 32.3223 751.13 695.851 186.738 371.611 351.302 303.447 37.7963
internal_count=240725 76590 164135 53021 8170 53300 1405 941 34633 2811 938 454 57 397 164 98 79 464 18667 56 484 439 1873 23290 22378 6370 31822 29736 24765 3072
is_linear=0
shrinkage=0.05


Tree=19
num_leaves=31
num_cat=0
split_feature=4 10 10 13 13 28 2 13 3 13 10 3 13 13 3 3 2 2 7 1 2 3 6 10 2 15 3 2 12 7
split_gain=540.441 77.0309 35.5334 27.6329 22.0926 26.7377 29.7467 50.6833 28.2645 27.3583 29.6385 45.089 24.4281 80.1341 96.9824 61.1787 24.7081 22.6084 27.8208 22.1978 53.4962 27.9178 22.659 21.8394 20.9986 20.8995 20.6841 25.2182 31.4104 24.5488
threshold=0.0030241386093750587 0.0025325667031320712 0.0027568996106375337 340.50000000000006 250.50000000000003 -0.014498889705119583 0.010777885422146307 334.50000000000006 0.018488836447116522 255.50000000000003 0.0054010600410662581 -0.11307006148530295 280.50000000000006 274.50000000000006 0.0062425079221828392 -0.039035798685151717 -0.00012968085464054588 -0.0010631703824511283 0.00054570259208730737 -0.0070709661845614327 -0.011412556121363103 -0.061151134970444325 0.0012175337083169101 0.0076531806973345416 0.00017483128802087136 0.84615382988166032 0.031493621052569372 0.0045496375804928721 0.21344999999999995 0.00080536574509081093
decision_type=2 2 2 2 2 2 2 2 2 2 2 2 2 2 2 2 2 2 2 2 2 2 2 2 2 2 2 2 2 2
left_child=2 -2 -1 4 -3 9 12 -8 -9 10 -6 -12 13 15 -15 16 17 18 -7 20 -11 -22 -23 -17 -25 -18 27 28 -16 -28
right_child=1 3 -4 -5 5 6 7 8 -10 19 11 -13 -14 14 26 23 25 -19 -20 -21 21 22 -24 24 -26 -27 29 -29 -30 -31
leaf_value=-0.042602837639665575 -0.0087102791198936293 0.0095380471243198747 -0.0039343232485253418 -0.002474065003285392 0.048417148404280831 -0.013511821207468048 0.032093833219220651 -0.013256403205327338 0.17560443747792615 0.038203349410798851 0.010501916548146214 0.23326341567095651 0.0040695543006950144 -0.029421164883203305 0.47665153216833406 -0.018697057555173497 -0.027343072544752385 0.30533186962677489 0.12102021840251179 0.0001374081488935231 0.05483887292086044 0.075649676556803491 0.30462591509014147 0.20821427535167061 -0.048233634422528836 0.10141826851903119 0.13918487884041814 0.051910458363113254 0.1569732628181717 0.35504937896051847
leaf_weight=606.24404919613153 247.71826230059378 187.65770044689998 65.864794940222055 101.93656042823568 13.850365186110141 5.1506315665319589 242.79734051320702 2.4933648784644893 9.6417366880923492 90.436684596352279 3.376678466796875 6.9410161077976209 214.9624735894613 9.318149368278684 0.84480167552829044 74.891918367706239 9.6173345008864981 1.2576291589066411 15.135549838654695 29.482688664924353 3.3257874809205532 1.5092548783868531 3.8027008296921849 2.1062132464721794 1.2853899477049706 4.6873594829812637 2.5505265295505515 5.6291627725586286 8.4964260030537826 2.7234108857810497
leaf_count=152073 34986 8308 8039 7235 221 193 6583 83 169 2027 28 70 12690 797 28 5098 274 35 410 711 48 37 69 49 29 105 18 129 156 27
internal_value=-0.00239371 0.0163831 -0.0388134 0.0222701 0.0249141 0.0286795 0.0240199 0.037078 0.1368 0.0473998 0.0962072 0.16036 0.0147383 0.0306985 0.104064 0.0116953 0.0657914 0.099616 0.0868627 0.0382242 0.0495581 0.168442 0.239568 -0.013077 0.111023 0.0148494 0.165505 0.135507 0.185884 0.250655
internal_weight=1975.74 1303.63 672.109 1055.91 953.972 766.315 613.589 254.932 12.1351 152.725 24.1681 10.3177 358.657 143.695 29.5625 114.132 35.8485 21.5438 20.2862 128.557 99.0744 8.63774 5.31196 78.2835 3.3916 14.3047 20.2443 14.9704 9.34123 5.27394
internal_count=240725 80613 160112 45627 38392 30084 26873 6835 252 3211 319 98 20038 7348 1155 6193 1017 638 603 2892 2181 154 106 5176 78 379 358 313 184 45
is_linear=0
shrinkage=0.05


Tree=20
num_leaves=31
num_cat=0
split_feature=11 10 11 3 13 13 10 11 13 13 3 6 28 28 3 12 12 7 2 7 3 3 3 10 11 6 8 5 13 6
split_gain=546.5 58.5595 44.63 34.5277 52.3378 30.4234 23.1614 37.7446 18.9911 23.3937 63.9937 30.5668 21.9609 21.8795 21.5796 18.8729 18.6799 18.3696 17.7342 16.8586 21.8812 27.8509 17.9949 19.2999 22.9536 18.4277 15.5465 15.4005 24.8745 20.4893
threshold=0.0027474526308082091 0.0032828812088946612 0.0016817060295685187 0.0087660958512858506 279.50000000000006 273.50000000000006 0.0048544913878988709 0.0025298974984326269 274.50000000000006 279.50000000000006 0.019463846158229717 0.0016538845390794128 0.011777950307528645 0.018453584822561174 -0.033807400596412955 0.56450714285714165 0.21107142857142974 0.0015690218759445615 0.01174606760104824 0.0062119455581558696 -0.0097704734277105337 0.0022483363801587557 -0.076121215926945526 0.0041321247926591788 0.016471742852173638 0.00085070182900895961 0.94056054001982348 0.0078566542894959041 281.50000000000006 0.0041055037810418821
decision_type=2 2 2 2 2 2 2 2 2 2 2 2 2 2 2 2 2 2 2 2 2 2 2 2 2 2 2 2 2 2
left_child=2 8 -1 6 5 -5 -4 -8 13 10 -10 12 -12 14 17 -7 -3 -2 -11 22 -21 -22 23 -18 -25 -24 -23 -27 29 -29
right_child=1 16 3 4 -6 15 7 -9 9 18 11 -13 -14 -15 -16 -17 19 -19 -20 20 21 26 25 24 -26 27 -28 28 -30 -31
leaf_value=-0.048548068572884739 -0.012166075055693309 -0.003652472191663383 -0.032876286757945745 -0.026449151529975137 -0.025722367090426187 0.041201258851331565 0.73658816581611386 0.022653866551667737 -0.019121616106884683 -0.0021613227265814923 0.34820132667162712 0.051472784995752412 0.10687053514981203 0.053067914146182539 -0.030473013457539666 0.14596353696510528 -0.012686832496929288 0.066136013682357039 0.033092388089614434 0.02324387430774999 0.32024497687336179 0.14333088234577615 0.011383146593697123 0.09519579729260938 0.037899022777656916 0.024096152833331996 0.042159088488829495 0.072019930007114985 0.028165655089728587 0.20498402694937862
leaf_weight=395.76952102663927 20.407214534468949 55.000145366415381 221.64878984028473 6.2451457274146405 38.691605515079573 7.4125683438032892 0.25402995385229488 0.68257044162601233 9.0574590633623284 162.72184900427237 2.7979138856753698 2.7007097620517015 1.4216723712161181 11.445878305006771 99.89332216558978 10.234775283373891 13.268745962530373 11.833505494054405 45.689755141735077 19.445759074762464 1.3321476168930555 6.286919066682457 258.81374745862558 23.002285038121045 72.802544703707099 377.88654458383098 9.5879657622426731 21.162716620601717 47.289417729713023 3.3569136820733538
leaf_count=110562 1673 3023 50099 1173 7821 341 21 65 774 17884 37 21 21 352 12630 202 309 641 2684 343 21 106 12019 369 1269 14050 145 464 852 75
internal_value=-0.00150647 0.0177806 -0.0376823 -0.0226024 0.0102085 0.0683952 -0.0318278 0.216291 0.000951123 0.0100374 0.0683445 0.182822 0.266892 -0.013249 -0.0189936 0.101959 0.0245915 0.0165736 0.00556729 0.02641 0.0595845 0.100653 0.0249228 0.0438285 0.0516557 0.0220123 0.0822261 0.0281297 0.0493557 0.0902237
internal_weight=1958.14 1277.21 680.939 285.169 62.5841 23.8925 222.585 0.9366 367.969 224.389 15.9778 6.9203 4.21959 143.58 132.134 17.6473 909.236 32.2407 208.412 854.236 36.6528 17.207 817.583 109.074 95.8048 708.509 15.8749 449.696 71.809 24.5196
internal_count=240046 69762 170284 59722 9537 1716 50185 86 36717 21421 853 79 58 15296 14944 543 33045 2314 20568 30022 615 272 29407 1947 1638 27460 251 15441 1391 539
is_linear=0
shrinkage=0.05


Tree=21
num_leaves=31
num_cat=0
split_feature=11 4 10 11 3 13 4 29 1 2 28 3 15 2 28 13 13 3 13 13 14 6 12 3 10 13 14 12 12 0
split_gain=506.252 61.2063 35.9831 31.5028 27.4859 37.6285 26.2526 25.0828 29.3141 21.6981 21.1628 21.1585 19.6978 18.09 24.3213 21.995 23.7663 36.7442 16.6662 18.3429 15.8754 18.5488 14.9645 14.6683 14.4274 23.5197 19.0257 19.0064 28.1354 25.341
threshold=0.0025566478057455475 0.0030241386093750587 0.0048544913878988709 0.0016817060295685187 0.0087660958512858506 279.50000000000006 0.0081049397103721294 0.99478502957567005 0.01518822341390791 0.00040386778998302569 0.016725038142112288 0.039059756901716487 0.93059226487126812 0.01174606760104824 -0.018940636301428202 273.50000000000006 278.50000000000006 0.036252536030044864 335.50000000000006 251.50000000000003 124.50000000000001 0.003563002090808523 0.55025000000000401 0.10636437917068277 0.0070325824256177042 246.50000000000003 24.500000000000004 1.0980678571428617 0.58702142857143269 -0.0055487419969189591
decision_type=2 2 2 2 2 2 2 2 2 2 2 2 2 2 2 2 2 2 2 2 2 2 2 2 2 2 2 2 2 2
left_child=2 23 3 -1 -5 9 7 8 12 -6 -7 18 13 14 -3 -15 17 -17 19 -10 21 -21 -22 -2 25 27 -26 28 -8 -30
right_child=1 6 -4 4 5 10 24 -9 11 -11 -12 -13 -14 15 -16 16 -18 -19 -20 20 22 -23 -24 -25 26 -27 -28 -29 29 -31
leaf_value=-0.048458052856473921 -0.017453707491202248 0.042423071751439008 0.33219876686949912 -0.034012707263282968 0.160006619866773 -0.029174087992759709 0.042732725626187983 -0.006581739157284207 -0.013137742723809348 0.03369724234087889 0.52335827632182708 0.0029418323548704053 -0.016660456759550645 0.0035199208828214064 0.0080042854588002442 -0.043953838011845381 0.044690583338085677 0.25955899040120251 -0.052700006687965074 0.049017828639699682 0.25309272668189747 0.23137084719526591 0.1162176107790856 0.25801793026279196 0.19435262013097607 0.015197485619660346 0.035725243287746976 0.013304284537016185 0.44717879652699671 0.14831888043826461
leaf_weight=377.14954407839105 132.31564799789339 59.70648508798331 0.65178823284804721 185.08215900301002 4.4487378615886 30.841545110102746 3.1710973326116783 128.17737598065287 3.9274815749377039 14.42431290168315 0.17427933542057772 13.254804914817212 46.206978409085423 34.280478357803077 365.65990900294855 1.4657079838216294 63.874405113514513 3.1195371635258198 2.2732299081981173 13.201444174163045 2.5625726496800771 1.5592523384839285 9.0460616359487158 0.48501613084226747 1.9049514718353737 198.59985970752314 245.26843584794551 4.5697658248245716 1.101057415828109 1.99350637383759
leaf_count=110562 20866 1302 30 44867 179 6737 113 7852 215 1229 22 411 3195 2150 26993 66 2760 25 80 370 42 28 103 29 24 4610 4953 138 31 64
internal_value=-0.00147255 0.0157678 -0.0391095 -0.0395049 -0.0251343 0.00780382 0.0193185 0.0135534 0.0177151 0.0634708 -0.0260694 0.0561998 0.0146444 0.0173834 0.0128355 0.036213 0.0525837 0.162539 0.0778738 0.0876711 0.102686 0.0682808 0.146432 -0.0164476 0.0287666 0.0191112 0.0369478 0.0908456 0.147399 0.254654
internal_weight=1950.5 1337.73 612.772 612.121 234.971 49.8889 1204.92 748.316 620.138 18.8731 31.0158 45.8248 574.314 528.107 425.366 102.74 68.4597 4.58525 32.57 30.2968 26.3693 14.7607 11.6086 132.801 456.609 209.435 247.173 10.8354 6.26566 3.09456
internal_count=240046 76420 163626 163596 53034 8167 55525 45592 37740 1408 6759 1249 36491 33296 28295 5001 2851 91 838 758 543 398 145 20895 9933 4956 4977 346 208 95
is_linear=0
shrinkage=0.05


Tree=22
num_leaves=31
num_cat=0
split_feature=4 10 10 1 12 3 29 13 13 1 12 14 1 3 2 28 6 13 10 13 13 3 13 14 0 28 3 3 8 12
split_gain=466.648 56.2179 32.5974 23.2732 32.5488 26.4794 20.7264 17.758 58.395 27.1161 20.3543 17.5433 17.2641 17.1939 20.556 16.3057 17.1956 16.1328 16.7843 31.8029 24.8684 15.7926 15.6177 40.9112 59.0153 50.7321 33.9794 55.0404 22.2629 13.9598
threshold=0.0030241386093750587 0.0032828812088946612 0.001867920150574003 -0.011531985616666405 0.82964285714286401 0.0085561956762155739 0.44543122463849055 272.50000000000006 279.50000000000006 0.012228270119181041 0.33160714285713971 147.50000000000003 0.0045750997318526618 -0.013841620119954266 -0.052178392461555971 0.0026179925422866145 0.0020748248431513897 344.50000000000006 0.0058973433003598934 364.50000000000006 370.50000000000006 0.10636437917068277 324.50000000000006 60.500000000000007 0.0018191053311773511 0.0044483187794321357 -0.014796475424903975 -0.015900852452888577 1.1076813827904104 0.38704642857142452
decision_type=2 2 2 2 2 2 2 2 2 2 2 2 2 2 2 2 2 2 2 2 2 2 2 2 2 2 2 2 2 2
left_child=2 3 -1 4 -2 12 7 9 10 11 -9 -7 -5 14 -6 -12 -17 -3 -19 -20 -21 -4 -14 26 25 29 27 28 -24 -25
right_child=1 17 21 5 13 6 -8 8 -10 -11 15 -13 22 -15 -16 16 -18 18 19 20 -22 -23 23 24 -26 -27 -28 -29 -30 -31
leaf_value=-0.044881160665565509 -0.0049818543113629363 0.023630655327398668 -0.019024527481692526 -0.020668505086257404 -0.0028293052386583217 -0.034738285971870668 -0.017383135731591816 0.0052537231770890293 0.013647091415542129 0.074842499994545716 0.26993008220509657 0.427181644569328 -0.0072032349821627281 0.007437699015052643 0.17832075957565174 0.15950878427358861 0.029334989679778746 -0.018665828025388641 -0.0011068924846344527 0.33824993660584568 0.079893803330491009 0.27448914304790906 -0.050646667537294479 0.47423249819654023 0.049744262034555106 1.0031076193717039 -0.0029246584039896452 0.92133862535883082 0.47200865245881696 -0.050504798143431909
leaf_weight=447.6695811401587 15.405079357093202 860.50017387187108 152.4555551414378 189.14199611311778 2.0015985369682303 25.180323581211272 40.309411408379674 3.2726726136170354 57.247003739466891 7.951423871330916 2.1636194856837383 0.20724240317940612 35.883936637081206 3.4089268185198298 7.1965981735847881 8.5687310968060029 3.6039495528675607 45.490970257204026 13.351508068852128 1.2782699558883894 3.4327778024598956 0.45966774970292945 0.70456336159259081 0.2845881890971208 1.4779373621568082 0.37933952012099326 13.625384562881663 0.2572171967476613 0.28663742728531361 0.22852420946583152
leaf_count=130753 988 28031 28783 29970 51 2633 3612 127 5276 149 43 3 3219 221 286 175 35 2864 405 35 68 19 66 20 121 27 1994 24 19 29
internal_value=-0.00143734 0.014948 -0.0380731 -0.000248617 0.0437755 -0.00340443 0.0132198 0.0246213 0.0381397 -0.00573163 0.117765 -0.0309676 -0.0135946 0.103354 0.138901 0.14345 0.120968 0.0218352 -0.00247465 0.0383032 0.149995 -0.0181422 0.0115894 0.0506955 0.243613 0.564667 0.0199509 0.269618 0.100496 0.240531
internal_weight=1943.43 1342.84 600.585 418.787 28.0122 390.775 148.504 108.195 74.856 33.339 17.609 25.3876 242.27 12.6071 9.1982 14.3363 12.1727 924.054 63.5535 18.0626 4.71105 152.915 53.1281 17.2442 2.37039 0.892452 14.8738 1.24842 0.991201 0.513112
internal_count=240046 80491 159555 49088 1546 47542 12053 8441 5656 2785 380 2636 35489 558 337 253 210 31403 3372 508 103 28802 5519 2300 197 76 2103 109 85 49
is_linear=0
shrinkage=0.05


Tree=23
num_leaves=31
num_cat=0
split_feature=11 4 11 3 13 4 18 30 2 27 4 8 28 18 18 1 11 12 10 10 10 9 28 15 3 7 4 4 10 1
split_gain=440.066 46.9747 34.5207 24.8828 29.884 20.5976 27.0634 22.2512 17.1059 16.425 16.1792 29.7313 15.4969 13.945 46.8754 13.4632 45.272 14.785 13.748 13.0767 26.1338 50.7041 14.5329 23.5085 12.6455 13.0889 24.0666 12.641 12.3784 12.2795
threshold=0.0025566478057455475 0.0030241386093750587 0.0016817060295685187 0.0087660958512858506 279.50000000000006 0.0081049397103721294 0.00030426345595211383 -1.0473038542549193 -0.0016493798971938809 6.2534902757981063 0.0064305311868398341 0.36482119108598804 0.0012395783584605799 0.0026155555248235287 0.0027905079232233552 -0.017902736066744081 0.0036499248413566047 0.84473214285713905 0.0043401221792230982 0.0015847719618661716 0.0016882790518484418 0.86394529786961571 0.002237959685624488 0.86467263808380412 0.033805311471510675 0.0029357798323281213 0.0050141448414611203 0.0050836846335738477 0.001699928093883879 0.022135022297957167
decision_type=2 2 2 2 2 2 2 2 2 2 2 2 2 2 2 2 2 2 2 2 2 2 2 2 2 2 2 2 2 2
left_child=2 28 -1 10 8 6 7 -3 -5 -9 -4 -12 -11 -13 -15 16 -8 -18 29 -14 21 -21 23 -22 25 -6 -27 -19 -2 -17
right_child=1 5 3 4 24 -7 15 9 -10 12 11 13 19 14 -16 18 17 27 -20 20 22 -23 -24 -25 -26 26 -28 -29 -30 -31
leaf_value=-0.048280832750684691 -0.03938966571450072 -0.0052016956559882256 -0.034389957995276881 0.15905927593422201 -0.031245212025717298 0.025109182016183937 0.48926310626274738 0.018401130845131612 0.034905807549223164 -0.023423072063221976 0.62859125125296433 -0.01903641299253411 -0.014360126564357515 1.0616572915604976 0.06158840650513539 -0.022505972757307428 -0.040528088820173891 0.27033095936650547 0.013858842986967643 -0.050589131267528314 0.46525922320485746 0.94358712428377212 0.067562508483173744 -0.051036183053913137 0.31500938277562129 0.60997848189356885 -0.050523060128485023 0.049399517969228625 -0.0050082935890454552 0.11311668493315737
leaf_weight=344.78192204982042 36.84118191478774 98.2327940328978 170.67783423722722 3.3393458400387344 28.956684318138294 475.34785682428628 0.55329139949753781 478.29480221308768 16.399100568611175 5.361953468527644 0.2203759215772142 3.1732717766426504 4.0117269577458528 0.13488742616027571 0.89217530516907573 102.40025401674211 4.5531025440432114 0.77598575223237265 41.095696241594851 0.26198902260512369 0.57903143344447272 0.25123539986088872 22.86720340885222 0.3560561640188098 0.27350698783993621 0.22718674736097355 0.35097085405141115 3.9087829729542136 90.461274859728292 1.6966574927791942
leaf_count=110562 7753 5744 44327 84 6649 9933 20 27850 1324 343 12 413 312 19 123 8097 208 36 1823 26 31 16 913 23 27 43 43 120 13142 30
internal_value=-0.001409 0.0139666 -0.0383436 -0.023092 0.00819073 0.0169348 0.0118569 0.0165957 0.0559101 0.0207779 -0.0319439 0.0624946 0.0545219 0.0327936 0.192931 -0.00680147 0.0499472 0.0236349 -0.0106284 0.0692758 0.0830746 0.436083 0.0754631 0.268668 -0.023408 -0.0265419 0.209021 0.0859946 -0.0149582 -0.0202955
internal_weight=1937.28 1367.85 569.427 224.645 49.5468 1240.55 765.201 610.217 19.7384 511.984 175.099 4.42071 33.6892 4.20033 1.02706 154.984 9.79116 9.23787 145.193 28.3272 24.3155 0.513224 23.8023 0.935088 29.8083 29.5348 0.578158 4.68477 127.302 104.097
internal_count=240046 76420 163626 53064 8170 55525 45592 35258 1408 29514 44894 567 1664 555 142 10334 384 364 9950 1321 1009 42 967 54 6762 6735 86 156 20895 8127
is_linear=0
shrinkage=0.05


Tree=24
num_leaves=31
num_cat=0
split_feature=11 10 11 3 13 6 3 1 30 30 13 9 29 3 12 6 18 7 10 13 1 12 11 30 12 28 12 27 7 30
split_gain=408.662 40.3315 34.545 23.3879 26.5297 21.8391 21.5595 19.7484 17.2119 34.293 17.2644 15.1791 15.7284 20.6 18.2551 20.746 15.1668 14.784 14.5082 14.2073 15.7508 14.1571 13.8508 11.9479 11.7449 12.5885 11.1866 19.261 25.5304 25.7309
threshold=0.0025566478057455475 0.0020840352177618738 0.0016817060295685187 0.0087660958512858506 279.50000000000006 0.00085996173918015016 -0.076121215926945526 0.017968136737195332 -0.61635527305653015 -0.46365880707654705 257.50000000000006 0.80079161709682822 -0.18632106560367198 0.039059756901716487 0.5950178571428536 7.0100058126732251e-05 0.0022603125316305326 0.00086229104953901509 0.0048544913878988709 273.50000000000006 0.0051805963443031242 0.56450714285714165 0.015584514294613673 -0.16621733491461685 0.17910714285714216 0.0029108618157249778 0.89108214285716014 0.074253580731757529 0.00068807118556298366 -15.066296118326793
decision_type=2 2 2 2 2 2 2 2 2 2 2 2 2 2 2 2 2 2 2 2 2 2 2 2 2 2 2 2 2 2
left_child=2 17 -1 18 19 6 8 -8 -3 -10 -11 12 13 14 16 -16 -9 -2 -4 -5 21 -21 -14 -23 25 -7 -26 28 29 -28
right_child=1 5 3 4 -6 24 7 11 9 10 -12 -13 22 -15 15 -17 -18 -19 -20 20 -22 23 -24 -25 26 -27 27 -29 -30 -31
leaf_value=-0.048180437567775708 -0.027865512278615268 -0.014278561344917047 -0.032443062462694253 -0.021087879355785159 -0.02284335957011269 -0.040248357789413956 0.00016041809534896126 -0.020927358569279686 0.32438251786443906 0.084062196919391707 0.0073347860019163953 0.018869200115923693 -0.019641899928797515 -0.052213603653992684 0.36710784874715574 0.1111611242735155 0.27721895985171202 0.0048171730748103828 0.16821597056371851 0.036464390207784442 -0.048679668482520283 -0.022373892115208793 0.22494680535094924 0.16601883512236712 0.028500400287382755 0.022918833124802643 0.47401766986176846 0.013539827610669145 0.027488720343163738 0.11903099015474781
leaf_weight=328.63310666265897 73.425699905026704 10.181276203133164 168.87693377165124 5.0533832956571159 29.193947750143707 15.811979527119549 378.32559786411002 1.5197248226031663 1.1855565812438751 16.592637275811288 13.135354340542106 43.098162521608174 4.0902616814710182 1.2043037246912716 1.7624632627703252 1.4374485043808816 0.59299475606530894 65.44019713695161 0.90564388409256835 5.6172248232178372 2.1830448014661661 0.96705992845818389 0.67422806844115246 6.4870834434404969 373.4176267166622 15.737457431387154 0.5682695461437105 347.37049008859321 13.105187975335864 5.0187826021574464
leaf_count=110562 11879 207 44867 939 6762 1243 24967 79 23 324 305 1293 147 53 39 23 11 7847 27 221 112 28 14 108 15284 780 11 11480 292 119
internal_value=-0.00137776 0.0130943 -0.037925 -0.0225556 0.00768553 0.0159454 0.00749706 0.00421014 0.0421065 0.0606767 0.0501601 0.0323846 0.084017 0.134497 0.176822 0.252133 0.0627559 -0.0124639 -0.0313727 0.051573 0.0756437 0.0964069 0.0149701 0.141578 0.0211369 -0.00873937 0.0224115 0.0162003 0.0656425 0.155137
internal_weight=1931.61 1383.7 547.917 219.284 49.5017 1244.83 473.8 432.705 41.0948 30.9135 29.728 54.3796 11.2814 6.51694 5.31263 3.19991 2.11272 138.866 169.783 20.3078 15.2544 13.0714 4.76449 7.45414 771.03 31.5494 739.48 366.063 18.6922 5.58705
internal_count=240046 76420 163626 53064 8170 56694 27485 26626 859 652 629 1659 366 205 152 62 90 19726 44894 1408 469 357 161 136 29209 2023 27186 11902 422 130
is_linear=0
shrinkage=0.05


Tree=25
num_leaves=31
num_cat=0
split_feature=11 1 28 11 2 27 7 3 2 8 3 14 18 13 13 3 3 11 13 27 28 3 2 29 3 2 28 29 13 10
split_gain=373.2 36.2058 50.5274 31.6388 25.682 30.8247 25.6334 20.6194 18.8553 18.4501 17.6494 66.286 17.0515 17.8965 61.3741 58.5014 31.8171 29.6824 23.9244 25.1242 23.5202 69.7306 20.434 31.1223 17.862 21.4331 17.6877 16.5544 14.7434 14.4755
threshold=0.0025566478057455475 0.0067318428335559908 -0.014498889705119583 0.0016817060295685187 -0.010970997271899095 0.074253580731757529 0.00042250881487163001 0.017619707476629113 -0.0081867365013119069 0.46005038338344079 -0.024460574011831101 27.500000000000004 0.00033231175344028213 273.50000000000006 279.50000000000006 0.0068027210884352715 -0.036264921865224058 0.021641015834464154 245.50000000000003 92394.500000000015 -0.010390283441666016 -0.013841620119954266 0.0093016786401960445 -0.41226307433948328 0.031493621052569372 0.0073483406341648969 0.0027282706039814084 1.514958685670122 275.50000000000006 0.0083608891210321615
decision_type=2 2 2 2 2 2 2 2 2 2 2 2 2 2 2 2 2 2 2 2 2 2 2 2 2 2 2 2 2 2
left_child=3 2 4 -1 -2 8 -4 10 -6 -3 11 -5 13 16 15 -15 -8 27 19 20 21 -18 -19 -24 25 28 -25 -16 -17 -20
right_child=1 9 6 7 5 -7 12 -9 -10 -11 -12 -13 -14 14 17 24 18 22 29 -21 -22 -23 23 26 -26 -27 -28 -29 -30 -31
leaf_value=-0.048243225134001956 0.019319854050074293 -0.016060164926948159 -0.016213635632431073 1.038791447895723 0.35303416989657543 0.049385912874676204 0.032921199620321653 0.033860609329827381 0.11912764442162081 0.026061455685261477 -0.028648711061227107 0.0018515103058041134 -0.01397161437171883 -0.042981739105857807 0.0092165043609784957 0.0072361533198588143 0.035434157038363466 0.039763920046487371 -0.031562728357798622 0.42145755095704945 -0.0040044619626045507 0.65482096513223798 0.0063682423782454867 0.43285490316218911 0.19550334028236244 -0.037442730317395527 0.16493246302627959 -0.03734123493855375 0.15755143851575282 0.081365983539160872
leaf_weight=314.38489734777249 247.17457644455135 27.807610228424892 201.97150026494637 0.18360348744317778 1.3700171848759057 21.213287834543735 40.950470592826605 14.708466714015229 2.3214873904362348 399.3323360378854 196.14056564727798 0.95969822560437024 97.253208855632693 6.2910446606110808 201.28273084131069 2.031152916140857 2.3126070606522267 8.9762410954572243 90.347817534115165 0.4235074217431255 10.620879547204819 0.56551968399435182 1.6613006079569457 1.1227309945970767 7.107115658465772 2.417507854755967 1.3649238026700912 21.09370474005118 8.2862688819877786 2.9297043289989224
leaf_count=110932 5882 1405 19369 26 32 511 1857 1481 42 13517 51280 212 6105 629 15766 61 142 208 8794 32 718 21 38 19 59 71 26 1384 122 69
internal_value=-0.00225746 0.0111688 0.00587887 -0.0381771 0.024196 0.0725906 -0.00115025 -0.0232491 0.205937 0.0233193 -0.0275069 0.168374 0.00485003 0.00931693 0.0171798 0.0898768 -0.00456892 0.00911275 -0.0188902 0.0422495 0.0303525 0.157137 0.0821786 0.173942 0.132 0.0965607 0.285852 0.00480023 0.127959 -0.0280158
internal_weight=1934.61 1408.23 981.089 526.377 272.079 24.9048 709.01 211.992 3.6915 427.14 197.284 1.1433 507.038 409.785 261.635 26.1331 148.151 235.502 107.2 13.9225 13.499 2.87813 13.1252 4.14896 19.842 12.7349 2.48765 222.376 10.3174 93.2775
internal_count=240810 76879 61957 163931 6467 585 55490 52999 74 14922 51518 238 36121 30016 18383 942 11633 17441 9776 913 881 163 291 83 313 254 45 17150 183 8863
is_linear=0
shrinkage=0.05


Tree=26
num_leaves=31
num_cat=0
split_feature=4 10 12 3 29 10 12 4 13 13 13 13 0 10 7 28 3 13 3 1 13 13 10 7 3 10 7 9 10 12
split_gain=344.88 33.2005 26.5479 36.3961 26.1258 22.5821 17.4516 18.5011 16.088 31.1259 45.691 50.5863 48.782 41.6828 34.1351 26.6071 25.5036 40.8379 43.6107 35.9609 21.2348 22.7499 21.1251 20.5962 20.5877 18.6569 18.4859 23.4802 18.4657 21.6629
threshold=0.0030241386093750587 0.0032828812088946612 2.9317646428571469 0.085897655174901902 0.33812585208108342 0.0026941199006305463 1.0319785714285723 0.0044850584426609835 250.50000000000003 281.50000000000006 295.50000000000006 297.50000000000006 -0.0067731741377199386 0.0070325824256177042 0.0022853286268379389 0.031784515457966837 -0.024460574011831101 273.50000000000006 0.027489129186570097 0.01518822341390791 307.50000000000006 344.50000000000006 0.014413348422992942 0.00092406228943775492 -0.11307006148530295 0.0050137627729382453 0.0029357798323281213 1.7736245544487905 0.010654975040490587 1.4338107142857179
decision_type=2 2 2 2 2 2 2 2 2 2 2 2 2 2 2 2 2 2 2 2 2 2 2 2 2 2 2 2 2 2
left_child=2 4 5 -4 6 -1 7 -2 -3 13 -11 12 -12 16 -14 20 23 19 -19 -18 22 -22 -13 -10 -25 -21 27 -17 -15 -30
right_child=1 8 3 -5 -6 -7 -8 -9 9 10 11 15 14 28 -16 26 17 18 -20 25 21 -23 -24 24 -26 -27 -28 -29 29 -31
leaf_value=-0.041827613510641085 -0.01516106166487965 0.0030370932749533086 0.052570162530075348 0.77350195328680449 -0.01969603619317942 -0.010210224276309443 0.026249894788093104 0.015207238029046909 0.015084641670483996 -0.041217700291221709 0.47896812080753581 -0.01471027321272568 0.010500965412983771 0.073143798514605257 0.32495909444629389 0.053383265471062695 -0.024918311158818745 0.0098890757863421934 0.13502021528461894 0.11101664173950952 0.027059328016692308 -0.0058011441633322169 0.019710589636690624 0.0066484231356132868 0.089842027378209025 -0.014993824467831188 0.018387261436240313 0.21761366435681828 0.31703193814450903 0.054407052661237326
leaf_weight=454.38784404681064 105.40697809681296 198.8847904894501 4.6714906527195117 0.18188412161543954 129.88933311123401 64.489614154212177 85.553821526700631 95.675754404393956 27.458386960439384 36.483900716062635 1.0275340965017674 108.19850333873183 3.1739953770302227 33.027106327004731 1.1852874513715503 4.8389257714152318 63.401784678921103 17.27964989934117 11.662801524624227 8.3540046047419292 268.78892859211192 65.507620838470757 75.805466793477535 9.6504945866763574 32.414583864621818 4.5303800217807284 7.0067976955324403 3.9553799591958523 1.7528237365186208 1.4223950356245039
leaf_count=150962 17671 7444 533 17 17398 8574 6673 7458 631 1332 12 3440 123 394 21 91 3119 745 106 100 7966 3356 1656 110 659 54 75 50 24 16
internal_value=-0.00218819 0.0107417 -0.0368093 0.0795877 -0.00109392 -0.037898 0.00733563 -0.000711736 0.0157425 0.0189537 0.0129356 0.0165978 0.169053 0.0353849 0.096002 0.0150602 0.0252689 0.00974292 0.0603126 -0.00944286 0.0131116 0.0206201 -0.000529658 0.0487685 0.0707559 0.0667091 0.0789754 0.127249 0.0842161 0.199385
internal_weight=1926.07 1402.34 523.731 4.85337 416.526 518.877 286.637 201.083 985.812 786.927 575.972 539.488 5.38682 210.954 4.35928 534.102 174.752 105.229 28.9425 76.2862 518.301 334.297 184.004 69.5235 42.0651 12.8844 15.8011 8.79431 36.2023 3.17522
internal_count=240810 80724 160086 550 49200 159536 31802 25129 31524 24080 18122 16790 156 5958 144 16634 5524 4124 851 3273 16418 11322 5096 1400 769 154 216 141 434 40
is_linear=0
shrinkage=0.05


Tree=27
num_leaves=31
num_cat=0
split_feature=11 4 12 28 1 28 8 2 13 8 13 6 3 1 6 1 14 13 13 13 0 3 3 13 10 28 2 5 6 12
split_gain=327.745 51.1563 22.5447 17.9844 16.5859 19.6564 18.8992 16.8121 23.3777 19.2467 19.6987 15.8286 16.354 23.2345 16.9635 17.6395 18.5957 14.6908 27.0344 26.7117 26.0754 25.4775 21.428 29.6886 31.5003 18.4586 24.5066 26.6514 31.0025 53.9349
threshold=0.0021263479968392477 0.0042813575852708955 0.77685714285714835 0.010618794300912711 0.0093109822112711366 -0.014498889705119583 1.2146996084400803 -0.010970997271899095 305.50000000000006 0.70387506162065661 309.50000000000006 0.00098284487036887666 0.016042242966716861 -0.0015484220817278402 0.0014445969939308589 0.0054589724117904978 62.500000000000007 329.50000000000006 274.50000000000006 279.50000000000006 -0.0043049556216335208 0.0089956092872175448 0.074180546393301752 313.50000000000006 0.0035517699722437128 -0.0066284716191636747 -0.016609784998649842 6.0866125014558143e-05 0.0018305432411887502 1.1455000000000048
decision_type=2 2 2 2 2 2 2 2 2 2 2 2 2 2 2 2 2 2 2 2 2 2 2 2 2 2 2 2 2 2
left_child=11 2 3 -2 5 7 -7 -3 -9 -10 -11 -1 -13 -14 15 16 -15 18 20 21 -4 -20 25 24 -24 26 -21 -28 -29 -30
right_child=1 4 17 -5 -6 6 -8 8 9 10 -12 12 13 14 -16 -17 -18 -19 19 22 -22 -23 23 -25 -26 -27 27 28 29 -31
leaf_value=-0.04646108270348779 -0.020895421635895636 0.017148646024665509 0.28385565352038272 0.023548595313381306 0.023220993949882848 0.0094516950489629253 -0.012981677529314792 0.0073670861706313824 -0.027107403078711678 0.21688355044855509 0.07922324843623646 -0.022540759442398972 0.79313285122850385 -0.050188428993503433 -0.053291761002199949 -0.051212828886094311 0.52190819454239845 -0.026336191390382575 -0.030907176724160459 -0.013419823596612104 -0.014318753617726178 0.14822278571699138 0.64906625536477325 -0.051148955817374268 0.11256318594691139 -0.0011675335225735132 0.69826992364114915 0.06257043303268793 0.90406911099866605 0.15154021634321255
leaf_weight=346.61842485144734 222.38481508730911 235.54861940117553 0.74378352193161745 25.357347289565951 328.55524385906756 427.35944577003829 120.31661887117662 11.057218538597228 2.2486738339066497 4.2947215102612954 6.580668690148741 45.196024478180334 0.11850135424174402 0.19562567793764107 1.2194224689155815 0.39496096060611308 0.51855543069541454 24.455616440391168 2.5611604496370992 5.1490797204896808 51.596122054383159 8.8236995418556017 0.49907232867553719 0.75948122330009926 0.60558201000094414 36.313786995131522 0.2003144721966218 5.6412353217601776 0.31405946030281462 0.98447870789095759
leaf_count=127913 37912 4849 38 2053 7994 20811 7488 216 37 48 122 14986 17 55 138 63 33 3704 400 341 6130 113 24 48 24 4487 30 652 26 58
internal_value=-0.00211782 0.00840436 -0.00731125 -0.0163464 0.0137499 0.00989589 0.0045234 0.0212245 0.0609273 0.106053 0.133586 -0.0427468 -0.0157244 0.110171 0.0754147 0.216918 0.365202 0.00883322 0.0163652 0.0387447 -0.0100815 0.107925 0.0231383 0.189498 0.35495 0.0167576 0.0697255 0.129686 0.113274 0.333544
internal_weight=1916.61 1522.35 386.39 247.742 1135.96 807.406 547.676 259.73 24.1813 13.1241 10.8754 394.262 47.6431 2.44707 2.32856 1.10914 0.714181 138.647 114.192 61.852 52.3399 11.3849 50.4671 1.86414 1.10465 48.603 12.2892 7.14009 6.93977 1.29854
internal_count=240810 97605 56040 39965 41565 33571 28299 5272 423 207 170 143205 15292 306 289 151 88 16075 12371 6203 6168 513 5690 96 48 5594 1107 766 736 84
is_linear=0
shrinkage=0.05


Tree=28
num_leaves=31
num_cat=0
split_feature=11 4 12 28 1 3 14 14 3 14 14 14 10 2 3 14 3 14 11 1 28 10 2 1 14 9 3 1 14 14
split_gain=307.292 45.8768 20.4011 16.4573 14.4926 17.8376 22.8659 44.6082 52.1033 21.6254 38.5814 30.4113 21.0124 18.2065 21.6576 32.4115 121.336 76.2414 23.0267 35.8051 19.4818 25.7848 17.1664 19.8696 27.0541 21.8551 33.5313 21.6458 24.6341 22.7611
threshold=0.0021263479968392477 0.0042813575852708955 0.77685714285714835 0.010618794300912711 0.0088634491175753078 -0.031618753641043044 118.50000000000001 108.50000000000001 0.025739936484514562 94.500000000000014 92.500000000000014 93.500000000000014 0.0052018389292039753 0.012344917027466542 0.010545898234751052 71.500000000000014 0.0016411535007999636 73.500000000000014 0.0032123478931864722 0.0071927704794604317 -0.0061106863491710763 0.0065619663333346305 -0.037031865300089888 -0.0070709661845614327 132.50000000000003 1.5939378359257528 -0.055288909708880833 -0.017902736066744081 82.500000000000014 79.500000000000014
decision_type=2 2 2 2 2 2 2 2 2 2 2 2 2 2 2 2 2 2 2 2 2 2 2 2 2 2 2 2 2 2
left_child=-1 2 3 -2 5 22 7 9 -9 10 13 12 -12 -7 15 18 -17 -18 19 -15 21 -16 -3 25 -25 26 -24 28 -28 -29
right_child=1 4 -4 -5 -6 6 -8 8 -10 -11 11 -13 -14 14 20 16 17 -19 -20 -21 -22 -23 23 24 -26 -27 27 29 -30 -31
leaf_value=-0.042428042503891719 -0.020267781245897211 0.0064248581029713054 0.0081995803503479518 0.02189402070005465 0.021511644954490421 -0.0027608713295916086 -0.015138592330985809 0.018237232657826282 0.13474383635268491 -0.04015907546740935 0.011188757972408404 0.0055756540936013439 0.30801122373830869 -0.050602633013996839 -0.025658205125310748 -0.026021004347139096 1.0690290211375768 0.26031938151767881 0.0050064403104731446 0.6668738875875575 0.0075073020152540823 0.23386998461704614 0.030774159616671078 -0.013830348669720683 0.043354604448932493 -0.010708257718788982 0.22110265977262411 0.0076697590505797322 0.057447381376808306 0.12389736182939773
leaf_weight=377.93700496898964 217.92329652188346 156.71041688602418 139.23417735821567 25.895547620486468 343.42246630555019 212.34220639080741 126.24944540252909 28.573859062278643 14.44883675733581 26.492959851166233 0.78672231780365054 2.5544048806186765 2.4625795166939497 0.34733909927308371 1.6697383616119617 1.7810705378651621 0.53505725320428588 0.64007894322276115 6.1257153591141105 0.34821464633569121 53.477062019053847 2.2422425746917725 43.175479743629694 45.466111178975552 37.943614058662206 13.856827670708297 6.2389699816703779 8.1704876557923907 3.6415087599307299 8.6948295007459802
leaf_count=143205 37912 3455 16075 2053 8379 12716 7349 1604 167 1671 63 103 28 33 37 46 17 25 223 27 1609 36 591 1321 1000 400 76 242 113 234
internal_value=-0.00205044 0.00791409 -0.00707005 -0.0157899 0.0129121 0.00924335 0.00313613 0.00963836 0.0573651 0.00305307 0.00706557 0.134663 0.236144 0.00441613 0.0271057 0.0958917 0.234176 0.628537 0.0359621 0.308587 0.0153865 0.123096 0.0183142 0.0294585 0.0121834 0.0466576 0.0580262 0.102019 0.160787 0.0675903
internal_weight=1909.39 1531.45 383.053 243.819 1148.4 804.976 481.078 354.828 43.0227 311.805 285.312 5.80371 3.2493 279.509 67.1665 9.77748 2.95621 1.17514 6.82127 0.695554 57.389 3.91198 323.898 167.188 83.4097 83.7781 69.9213 26.7458 9.88048 16.8653
internal_count=240810 97605 56040 39965 41565 33186 25754 18405 1771 16634 14963 194 91 14769 2053 371 88 42 283 60 1682 73 7432 3977 2321 1656 1256 665 189 476
is_linear=0
shrinkage=0.05


Tree=29
num_leaves=31
num_cat=0
split_feature=11 4 12 11 8 6 12 13 17 2 4 9 28 30 28 13 9 12 14 4 13 13 11 27 6 16 4 11 28 2
split_gain=287.836 41.8397 18.3416 16.624 18.0088 16.4761 15.8623 15.3591 14.1831 13.9852 13.8759 17.5564 13.4734 33.9402 14.1108 16.3285 19.2309 14.4451 63.8098 12.9429 18.6698 13.934 22.1336 26.1614 15.6903 12.6538 12.3065 16.5098 12.2858 12.8827
threshold=0.0021263479968392477 0.0030241386093750587 0.20222142857143008 0.0029729474519854661 0.44561208237864564 0.00098284487036887666 2.9317646428571469 241.50000000000003 1.0000000180025095e-35 -0.083789553760551569 0.017008153851206385 0.89092023781024021 -0.012040310554915463 0.46421970413279928 0.0059872853460270518 276.50000000000006 0.86827088634727378 0.03302142857142832 68.500000000000014 0.008708518710049757 328.50000000000006 307.50000000000006 0.011633612119249301 5.460769888042492 0.0014067332726467473 1.0000000180025095e-35 0.0054683027867202813 0.0019907811136146659 -0.013562101124200858 -0.0086782979970401724
decision_type=2 2 2 2 2 2 2 2 2 2 2 2 2 2 2 2 2 2 2 2 2 2 2 2 2 2 2 2 2 2
left_child=5 6 -3 -4 -5 7 9 -1 10 -2 11 19 13 -7 17 16 -16 18 -14 25 21 -21 23 24 -23 -6 -17 -28 29 -10
right_child=1 2 3 4 8 12 -8 -9 28 -11 -12 -13 14 -15 15 26 -18 -19 -20 20 -22 22 -24 -25 -26 -27 27 -29 -30 -31
leaf_value=0.34291112905750593 0.36263511187162772 -0.010977266601900319 -0.0085011353121068802 -0.013083737720787343 0.022723264237875976 -0.050252048931616888 0.0692825061701485 -0.046411526872965896 0.009202522524451898 -0.019899075413804618 0.044082165786009868 0.0097115943740943254 -0.050125363187985911 1.2036729063882108 0.45850718090915343 -0.032242153491424112 0.080463836969711086 -0.027647470992385265 1.9521848238624888 0.032671120921458956 -0.011516697167391057 0.037422055218615503 0.029708580813090402 0.31857674486465848 0.14180127913367183 -0.007470574699764209 0.73528920330128189 -0.050499765055486846 -0.012659915271428094 0.084240822084652556
leaf_weight=0.25353294447995622 0.23929018434137006 94.468666089465842 93.045066719176248 60.705729007720947 283.13150366116315 0.16713528311811288 5.2182391365058711 317.09106571343727 67.500156833790243 157.78860243386589 45.447264390066266 521.29201971646398 0.1957193969283243 0.079697741894051433 0.48827132862061162 2.7523177259135996 1.0815466970670966 39.936096018645912 0.049942288314923644 40.599134019576013 14.056806840002535 6.3066702224314275 13.135209288448094 1.4650779031217087 8.3900005016475898 39.546335583552718 0.12729551317170251 0.14076202176511288 80.836818072013557 6.2493701707571736
leaf_count=19 8 8195 13352 2571 13067 43 490 127894 1454 31945 590 18271 79 12 43 799 75 14178 20 592 278 96 161 19 113 2070 24 19 4198 135
internal_value=-0.00199187 0.00744558 0.0102846 0.0118517 0.0134449 -0.0420848 -0.0164876 -0.0461005 0.0148726 -0.0193198 0.017107 0.0157858 -0.0137779 0.354617 -0.0158089 0.0672414 0.198049 -0.0252962 0.356938 0.0235729 0.0410614 0.0516353 0.0779156 0.117095 0.0970098 0.0190228 -0.000744968 0.322657 0.000803671 0.0155611
internal_weight=1901.79 1539.42 1376.18 1281.71 1188.66 362.363 163.246 317.345 1127.96 158.028 973.37 927.923 45.0188 0.246833 44.772 4.59019 1.56982 40.1818 0.245662 406.631 83.9529 69.8961 29.297 16.1617 14.6967 322.678 3.02038 0.268058 154.586 73.7495
internal_count=240810 97605 65162 56967 43615 143205 32443 127913 41044 31953 35257 34667 15292 55 15237 960 118 14277 99 16396 1259 981 389 228 209 15137 842 43 5787 1589
is_linear=0
shrinkage=0.05


Tree=30
num_leaves=31
num_cat=0
split_feature=11 10 6 6 13 1 1 13 15 27 10 28 11 13 27 12 13 13 3 12 3 13 10 7 11 11 13 13 13 15
split_gain=274.25 36.7905 26.7022 20.2705 15.7708 15.7014 13.8003 18.798 20.7748 14.0317 15.3121 13.8562 14.3912 15.02 18.8216 28.2324 13.4868 78.6111 56.8646 34.435 32.9088 20.7625 25.1819 20.9374 16.7664 26.4955 16.7167 31.7447 32.0249 69.1854
threshold=0.0021263479968392477 0.0016394431374570698 0.0018686046768890171 0.00099382376594767141 242.50000000000003 -0.012515087334667939 0.013504106509089621 313.50000000000006 0.9999999957491984 1.4315007962292292 0.0065619663333346305 -0.015651814548429819 0.0032123478931864722 333.50000000000006 0.1715725085985518 0.70631428571428667 274.50000000000006 280.50000000000006 0.0089956092872175448 0.51692857142857263 -0.031618753641043044 251.50000000000003 0.0058973433003598934 0.0014619883040934932 0.021641015834464154 0.015584514294613673 317.50000000000006 329.50000000000006 327.50000000000006 0.63191149910944089
decision_type=2 2 2 2 2 2 2 2 2 2 2 2 2 2 2 2 2 2 2 2 2 2 2 2 2 2 2 2 2 2
left_child=3 -2 6 4 -1 -5 11 -8 9 10 -9 12 -3 -14 15 -15 20 18 -18 -20 21 -13 23 -23 25 -24 -19 28 -28 -30
right_child=1 2 -4 5 -6 -7 7 8 -10 -11 -12 16 13 14 -16 -17 17 26 19 -21 -22 22 24 -25 -26 -27 27 -29 29 -31
leaf_value=0.22238211084448106 -0.022781276969974503 0.15050617948410505 0.018522733135399157 0.81242436941418605 -0.046861207487885186 -0.01112370787696821 0.0088617148704593276 0.28564600960495867 0.21328783208796542 0.033060768053144195 0.0062821821519406969 -0.016632299655032018 0.0099723863281337768 0.02907156073838741 0.031171380368932508 0.37438092116730259 -0.015884841300173574 -0.014904770108885633 0.023848247553166488 0.1397112317573985 -0.024559214373695473 -0.015021471178953333 0.08962609543617428 0.06820975062377331 0.020176301088334143 0.33135817386235128 0.019997425808025399 -0.0077244324290045817 0.0038695674417331249 0.27879991006668664
leaf_weight=0.5448622009716918 94.728997787693515 1.9612324668560166 515.20147009054199 0.057952808449043824 302.48646642989479 43.88081254134886 115.01942293089814 1.1788877099752455 1.8774208617396642 28.847279346548021 0.8399870954453944 25.267676160903648 129.56530770892277 1.2048547705635413 5.734971537720412 1.1635844679549334 14.299477303167803 176.56029968243092 9.1628311357926595 21.367320888442919 148.58327109599486 17.056208227993924 3.0684573389589778 13.565525364596395 2.5268675638362765 1.797652863897383 62.919885485665873 144.3632705505006 5.4678622104693186 3.9351055871229619
leaf_count=32 18218 134 15872 12 128014 14935 3280 29 47 647 17 1215 2997 30 145 21 1721 14342 272 265 14641 982 47 496 37 27 5253 15902 545 302
internal_value=-0.00159955 0.00740973 0.00937868 -0.0417752 -0.0463771 -0.0100375 0.00435269 0.018377 0.0518015 0.0419791 0.169412 0.00172814 0.0160186 0.0141026 0.0801413 0.198718 -0.00134193 0.00366697 0.0663987 0.104938 -0.0116989 0.0184964 0.0418458 0.0218502 0.124667 0.178927 -0.00348436 0.00582122 0.0328596 0.118927
internal_weight=1894.24 1547.27 1452.54 346.97 303.031 43.9388 937.335 147.763 32.7436 30.8662 2.01887 789.572 139.63 137.669 8.10341 2.36844 649.942 438.076 44.8296 30.5302 211.866 63.2824 38.0147 30.6217 7.39298 4.86611 393.246 216.686 72.3229 9.40297
internal_count=240477 97484 79266 142993 128046 14947 63394 4020 740 693 46 59374 3327 3193 196 51 56047 38602 2258 537 17445 2804 1589 1478 111 74 36344 22002 6100 847
is_linear=0
shrinkage=0.05


Tree=31
num_leaves=31
num_cat=0
split_feature=11 4 6 6 13 12 12 1 15 6 10 3 7 15 13 3 14 3 13 11 10 7 1 4 14 15 28 1 12 13
split_gain=256.927 42.8067 20.4477 20.2092 18.2692 14.909 41.5236 58.7213 118.216 36.5495 35.0077 21.4833 15.5058 12.8047 12.7267 12.2221 31.4788 42.1313 16.6995 54.673 28.2625 44.6657 11.966 27.9717 70.1345 11.9998 11.8361 13.1919 13.5987 11.7351
threshold=0.0021263479968392477 0.0023739161369492607 0.0018686046768890171 0.00099382376594767141 241.50000000000003 0.80312499999999842 0.89108214285716014 -0.0015905429694348381 0.39936840573432392 0.0012031820473416054 0.0031082160984139489 -0.024460574011831101 0.0014046216094356862 0.95833329340275808 242.50000000000003 0.0031564445796276046 8.5000000000000018 0.0066616775390498937 297.50000000000006 0.00095504047044978285 0.00060255907394558123 0.00030584914646818948 0.013504106509089621 0.0026690488779047027 86.500000000000014 0.97272725504132163 0.005183545736781754 0.0035067463008633397 0.16477499999999984 307.50000000000006
decision_type=2 2 2 2 2 2 2 2 2 2 2 2 2 2 2 2 2 2 2 2 2 2 2 2 2 2 2 2 2 2
left_child=3 4 22 14 -2 15 7 8 9 -7 11 -8 -9 29 -1 -5 17 -17 19 -18 21 -21 25 24 -24 -3 -22 28 -28 -4
right_child=1 2 13 5 -6 6 10 12 -10 -11 -12 -13 -14 -15 -16 16 18 -19 -20 20 26 -23 23 -25 -26 -27 27 -29 -30 -31
leaf_value=0.17255652724465298 0.14493674513510979 0.0034802658220643838 0.010596576179482583 -0.043774165526393211 -0.030152241960595627 1.0222648157376468 0.55372669605519453 -0.050147776678588774 2.616056406575642 -0.050165855893874435 0.92135401291781371 -0.026464161984403385 0.81239013748415889 0.098224786974491468 -0.046697145255708797 1.9112599338047827 1.5702537241428298 -0.050137859469115614 -0.028361788493352497 -0.050122316110161137 -0.050591853275047872 1.9791783057261012 0.89650928244466399 0.015630765714228268 0.01243616810720982 -0.024692547207907912 0.75490642281854348 0.020562213154129691 0.19291320431895198 0.026173236278410856
leaf_weight=0.66337353037670155 1.5162852085195471 741.69214013405144 345.48601465765387 23.518713887315243 85.451738476520404 0.13982223928906024 0.16440371144562949 0.51522673713043232 0.074986626859754324 0.18399565131403506 0.10290686972439278 5.4048780286684632 0.057966821594163775 4.7830202151089898 288.71978017804213 0.050984238972886398 0.061698645120485618 0.059133992530405521 9.1724841643590462 0.060292338952422031 1.7063116552308204 0.049277800135314465 0.31673408579081186 148.5267825066112 0.76898753107525408 39.82625778997317 0.12420393619686398 1.2809804950375108 0.80715388106182218 186.01646837824956
leaf_count=32 83 54219 10632 8727 18986 38 9 185 14 62 20 1718 18 69 128014 20 14 22 3264 25 543 19 28 3728 63 3025 34 153 62 6651
internal_value=-0.00155389 0.00698387 0.00900386 -0.0414164 -0.0270996 -0.00965563 0.0592911 0.361244 0.827158 0.412902 0.00754785 -0.00933708 0.0370803 0.016781 -0.0461945 -0.0220731 0.0160933 0.85798 0.00910313 0.0931259 0.0705013 0.86253 0.00452458 0.0174792 0.270344 0.00204458 0.0483553 0.12467 0.267859 0.0160481
internal_weight=1887.3 1554.38 1467.42 332.919 86.968 43.5354 6.64419 0.971998 0.398805 0.323818 5.67219 5.56928 0.573194 536.286 289.383 36.8912 13.3725 0.110118 13.2624 4.08992 4.02822 0.10957 931.131 149.613 1.08572 781.518 3.91865 2.21234 0.931358 531.502
internal_count=240477 97484 78415 142993 19069 14947 2064 317 114 100 1747 1727 203 17352 128046 12883 4156 42 4114 850 836 44 61063 3819 91 57244 792 249 96 17283
is_linear=0
shrinkage=0.05


Tree=32
num_leaves=31
num_cat=0
split_feature=11 4 6 6 13 13 12 13 13 1 3 11 27 12 28 12 29 15 18 10 13 3 27 28 27 13 13 3 11 3
split_gain=242.196 39.1352 19.1384 18.0199 15.2311 11.0389 15.1442 14.3312 46.5984 55.9942 55.4447 50.3624 54.6556 93.3933 30.0433 25.9127 24.4955 24.4795 30.888 14.6173 24.2738 21.4049 18.1114 14.1849 20.986 13.4311 50.7791 37.8714 30.0753 15.9252
threshold=0.0021263479968392477 0.0023739161369492607 0.00099382376594767141 0.0018686046768890171 241.50000000000003 251.50000000000003 0.68427217857142775 324.50000000000006 329.50000000000006 0.0036595277839936995 0.016042242966716861 0.0038643606741683499 2.8696403184152 0.47230357142857476 0.0064667209318764688 0.19187142857142983 -0.14230650686276466 0.99999999267828155 0.0014760034915977307 0.0042371677304343667 257.50000000000006 -0.027735424236956293 1.4315007962292292 0.0044483187794321357 3.7472798153740636 280.50000000000006 274.50000000000006 0.0089956092872175448 0.010209220946543704 -0.015900852452888577
decision_type=2 2 2 2 2 2 2 2 2 2 2 2 2 2 2 2 2 2 2 2 2 2 2 2 2 2 2 2 2 2
left_child=2 4 -1 5 -2 -3 7 19 9 -9 11 12 14 15 -11 -14 -17 -10 -19 -7 21 22 -21 -13 -25 26 28 -28 -8 -30
right_child=1 3 -4 -5 -6 6 25 8 17 10 -12 23 13 -15 -16 16 -18 18 -20 20 -22 -23 -24 24 -26 -27 27 -29 29 -31
leaf_value=-0.046004896875493806 0.12055600005439465 -0.0082613224424538511 -0.010602668892093312 0.015718851133569571 -0.029527824608975208 -0.016415444811170885 -0.016725554194361524 0.012318961801925352 -0.00096875457861788608 -0.050550685346805305 -0.0099442688981570895 -0.052101955946394218 0.74661593560243988 1.3426921073561284 0.44157520949327633 0.53943230118620089 -0.051078346559056069 0.73725322142774885 -0.051083369321845144 0.065034155345658845 -0.00086997366876124702 -0.026502049980484617 0.22125099677437665 0.35764087980737619 0.0093756540275441395 0.0073800003531485194 -0.025577188941720154 0.11809755981066079 0.057711420434104314 -0.0096557425023686486
leaf_weight=276.3919806079939 1.72561626555398 147.91553284577094 44.293267301982269 543.62676434940659 82.959753450471908 160.15037186839618 49.943699209485203 10.231443200027572 98.952311229659244 0.63278736197389596 2.3519889414310455 0.79430941585451398 0.37560251913964726 0.35855559352785338 0.60819357982836664 0.33763045608066011 0.36598703800700616 0.25343365455046196 0.24376631667837501 5.2393934046849591 96.33868347061798 3.5745763666927806 2.8726849760860205 0.9719073027372358 0.7794870138168335 279.48518212325871 5.8343446324579444 21.446442948188633 32.816618304233998 11.973383661359547
leaf_count=128046 83 7531 14947 17352 18986 17269 3855 1082 10464 79 79 32 24 21 33 23 39 20 21 84 3123 128 44 24 17 14730 591 243 699 808
internal_value=-0.0015335 0.00658674 -0.0411151 0.00848017 -0.0264696 0.00427077 0.00662636 -0.000452971 0.0141276 0.0886146 0.191646 0.2824 0.433735 0.64356 0.190636 0.411284 0.232278 0.000789666 0.350749 -0.00682821 0.0073851 0.0754356 0.120354 0.123155 0.20264 0.0134224 0.0272631 0.0873709 0.00995365 0.0397026
internal_weight=1883.85 1563.16 320.685 1478.48 84.6854 934.848 786.933 385.433 117.257 17.8079 7.57645 5.22446 2.67876 1.43778 1.24098 1.07922 0.703617 99.4495 0.4972 268.176 108.025 11.6867 8.11208 2.5457 1.75139 401.5 122.014 27.2808 94.7337 44.79
internal_count=240477 97484 142993 78415 19069 61063 53532 32606 11958 1453 371 292 219 107 112 86 62 10505 41 20648 3379 256 128 73 41 20926 6196 834 5362 1507
is_linear=0
shrinkage=0.05


Tree=33
num_leaves=31
num_cat=0
split_feature=11 4 6 6 13 13 12 30 9 4 14 7 11 1 4 13 15 15 12 10 10 15 27 9 15 13 13 8 10 1
split_gain=226.725 35.7432 19.0866 16.016 12.9815 11.2253 11.0287 18.8773 35.0061 13.8545 35.4372 13.4254 40.3898 10.4986 16.0031 39.359 11.4083 11.1366 11.8265 15.7475 13.9631 10.3578 12.9029 10.0396 14.0461 13.9181 23.631 30.1017 13.8342 16.1228
threshold=0.0021263479968392477 0.0023739161369492607 0.00099382376594767141 0.0018686046768890171 241.50000000000003 242.50000000000003 0.80312499999999842 -3.4033223818846499 1.5939378359257528 0.0014384779334413061 98.500000000000014 0.0016396104157097725 0.0017036740157675126 0.013504106509089621 0.0026690488779047027 313.50000000000006 0.97272725504132163 0.9999999957491984 1.0319785714285723 0.0050137627729382453 0.014413348422992942 0.95833329340275808 3.7472798153740636 0.81304491319684846 0.878787866804419 307.50000000000006 310.50000000000006 0.81684323873389142 0.0083608891210321615 0.0077791963369128201
decision_type=2 2 2 2 2 2 2 2 2 2 2 2 2 2 2 2 2 2 2 2 2 2 2 2 2 2 2 2 2 2
left_child=2 4 5 13 -2 -1 -4 8 -8 10 -9 -11 -13 16 15 -15 -3 -16 19 -19 -21 23 -23 24 25 -5 27 -27 29 -25
right_child=1 3 6 21 -6 -7 7 9 -10 11 -12 12 -14 14 17 -17 -18 18 -20 20 -22 22 -24 28 -26 26 -28 -29 -30 -31
leaf_value=0.14860629874650189 0.10268349638917898 0.0030498175317695132 -0.021648283757011843 0.0074430102516296658 -0.0288984178413173 -0.046350681859345898 1.0046945068840984 -0.050149130161555269 0.082415998541481933 -0.013741978563983287 1.3085673165991714 0.93967139619963658 0.028063057589265358 0.034064151435795324 0.010948513524938547 0.62758068567418379 -0.024575152337054013 0.35596502710973543 0.031378051092152463 -0.042866222204644602 0.22722830392690435 0.20811926636107572 0.034547794953225817 -0.0079780144844119865 0.092457243793910279 0.046546610213569789 0.025301111863787962 0.22316845640506258 0.020898931031284387 0.021542500090384786
leaf_weight=0.74042604025453229 1.9190800576470781 745.53282794123515 36.257375644054264 89.908086597919464 80.589130515698344 263.29634683206677 0.14210283057764161 0.13817202718928356 0.37282075290568173 6.0910442229360342 0.073525281623005867 0.15146781061775971 0.61423924146220088 1.1595249862875778 141.50368627300486 0.36797593906521786 39.345139729557559 0.72323452495038365 6.3888404173776507 1.032566745765507 0.89176816213875998 1.50989419966936 3.6810318967327476 148.52821212401614 7.1574826133437446 7.3773015725892019 69.367435939842835 3.5844807794783264 152.2767674936913 67.16889770841226
leaf_count=32 83 54219 12883 3112 18986 128014 27 54 59 1802 6 33 83 78 3524 13 3025 17 139 28 20 22 47 6481 100 160 2714 61 3023 1632
internal_value=-0.0014985 0.00619496 -0.0407311 0.00797175 -0.0258379 -0.045804 -0.0101792 0.0446562 0.336936 0.0233641 0.421751 0.0110642 0.208392 0.00399469 0.016019 0.177043 0.00166501 0.0143852 0.0682006 0.157057 0.0823 0.0147399 0.0850348 0.0140708 0.0238415 0.0209566 0.0360816 0.104302 0.00936058 0.00121479
internal_weight=1877.89 1570.01 307.878 1487.51 82.5082 264.037 43.8407 7.58337 0.514924 7.06845 0.211697 6.85675 0.765707 936.946 152.068 1.5275 784.878 150.54 9.03641 2.64757 1.92433 550.56 5.19093 545.369 177.395 170.237 80.3292 10.9618 367.974 215.697
internal_count=240477 97484 142993 78415 19069 128046 14947 2064 86 1978 60 1918 116 61063 3819 91 57244 3728 204 65 48 17352 69 17283 6147 6047 2935 221 11136 8113
is_linear=0
shrinkage=0.05


Tree=34
num_leaves=31
num_cat=0
split_feature=11 4 6 10 13 13 3 7 1 3 18 2 18 2 3 13 7 2 9 8 3 2 13 28 9 13 13 13 28 10
split_gain=212.736 32.6867 18.823 14.6101 13.8034 41.0842 41.6242 19.1275 16.8493 24.6146 35.1083 22.9894 16.9127 15.8265 15.1072 28.3557 27.5482 28.1882 16.4141 18.5949 14.5722 13.669 13.4815 12.936 12.5434 11.478 33.1379 29.8407 24.1271 22.263
threshold=0.0021263479968392477 0.0023739161369492607 0.00099382376594767141 0.0038836424748883679 274.50000000000006 279.50000000000006 0.0030694269957861624 0.0011800711634918078 -0.017902736066744081 -0.013841620119954266 0.0012086326675988018 -0.024479517913469136 0.00030994545404350343 0.028149262223976183 0.059871514281128031 313.50000000000006 0.0028246799492603033 0.037560554132892505 0.97026614692931512 0.65612536751531847 -0.021946368547602121 0.0015507322060859254 250.50000000000003 -0.017163094775801625 0.97570980104761229 281.50000000000006 295.50000000000006 297.50000000000006 -0.021329808242214147 0.010654975040490587
decision_type=2 2 2 2 2 2 2 2 2 2 2 2 2 2 2 2 2 2 2 2 2 2 2 2 2 2 2 2 2 2
left_child=2 23 -1 4 13 6 -6 -8 9 10 24 -12 14 20 -10 16 17 18 19 -16 -3 -9 -5 -2 -7 29 -27 28 -28 -24
right_child=1 3 -4 22 5 8 7 21 12 -11 11 -13 -14 -15 15 -17 -18 -19 -20 -21 -22 -23 25 -25 -26 26 27 -29 -30 -31
leaf_value=-0.045599060600571173 0.086840089504990947 0.0033099406719930922 -0.010037998722841023 -2.8718561446775243e-05 -0.03988033145342762 0.12651532961305167 0.11035267804361504 0.10397031790375103 0.00298792048309876 -0.052692338572022546 0.10882448382701314 0.38833070916080925 -0.020226171954241735 0.029665629131420481 0.32957369994835156 -0.023467039177369243 0.34315239465541419 -0.03360372908368852 0.36704607666849554 -0.051236266870423923 -0.026743680324925963 -0.010695883294904436 0.023295119357917254 -0.028793888305370021 -0.03669310068907871 -0.03944337480109137 0.20151415003106368 0.012683281711453588 0.018709517522243421 0.14852333160640074
leaf_weight=252.27391443355009 2.4960917786229393 66.510007636388764 43.650432233465835 199.37948465440422 9.135726416949181 1.9512795209884641 20.308088337769735 4.0002318206243199 245.06647560745478 3.3138073533773404 1.4950270121917131 1.448405369184911 84.221067686099559 22.566036106320098 0.52234590053558194 5.2289840830489993 1.2627737931907175 2.5480397311039269 0.95011634752154339 0.82984238443896174 102.48334516398609 7.4196412530727684 168.20154120866209 77.936728479107842 2.9678069795481861 30.590610900428146 3.8103744089603424 503.75732456101105 3.4295381698757401 3.6256053838878861
leaf_count=128046 154 3689 14947 7087 1161 24 478 87 25530 105 22 24 8695 979 22 261 33 74 31 46 11731 178 3997 18915 70 934 30 12983 101 43
internal_value=-0.00145219 0.00584555 -0.0403536 0.00751387 0.00133972 0.00670769 0.0541621 0.0812406 0.00119567 0.0616045 0.109777 0.246364 -0.000786395 -0.00966385 0.00559888 0.0620133 0.135131 0.0809729 0.207779 0.0958694 -0.0149156 0.0294702 0.0114656 -0.0252054 0.0280476 0.014678 0.0111057 0.0141318 0.11492 0.0259375
internal_weight=1873.38 1577.46 295.924 1497.02 584.229 392.67 40.8637 31.728 351.806 11.1763 7.86252 2.94343 340.63 191.559 256.409 11.3421 6.11312 4.85034 2.3023 1.35219 168.993 11.4199 912.794 80.4328 4.91909 713.415 541.588 510.997 7.23991 171.827
internal_count=240477 97484 142993 78415 53240 36841 1904 743 34937 245 140 46 34692 16399 25997 467 206 173 99 68 15420 265 25175 19069 94 18088 14048 13114 131 4040
is_linear=0
shrinkage=0.05


Tree=35
num_leaves=31
num_cat=0
split_feature=10 7 13 13 1 13 13 13 7 12 29 1 10 6 1 0 12 9 15 29 29 7 5 12 12 8 8 1 8 8
split_gain=179.929 24.8846 19.6874 18.7169 17.422 19.3242 34.5269 61.5127 46.632 39.0802 33.5126 29.1218 26.5066 32.6307 25.1255 23.9922 24.0067 21.7076 20.4622 17.8882 15.8285 14.4299 14.199 13.681 12.3589 15.7281 34.7773 12.3187 12.1823 23.9367
threshold=0.001867920150574003 0.0011151379983273025 341.50000000000006 316.50000000000006 0.0050551394463073116 318.50000000000006 324.50000000000006 329.50000000000006 0.0011412424480421789 1.0127214285714328 -0.64077343187096292 0.01518822341390791 0.0036819627212547001 0.00099382376594767141 0.0088634491175753078 0.0048582661448971507 0.18972142857142976 0.62284710959915335 0.69061443035362957 -0.25148748967340195 0.86396504031881716 0.0029357798323281213 0.0022913022577861534 0.75197499999999973 0.81579496428571596 0.54276155467029408 0.52571500987042208 -0.017902736066744081 0.46005038338344079 0.49434861982181716
decision_type=2 2 2 2 2 2 2 2 2 2 2 2 2 2 2 2 2 2 2 2 2 2 2 2 2 2 2 2 2 2
left_child=1 -1 3 -2 -5 11 -7 8 9 10 -8 12 -6 14 -14 16 -12 -18 -19 -20 -9 23 -21 -15 -3 26 28 -4 -26 -30
right_child=2 24 27 4 5 6 7 20 -10 -11 15 -13 13 21 -16 -17 17 18 19 22 -22 -23 -24 -25 25 -27 -28 -29 29 -31
leaf_value=-0.039128575641991625 0.0050163383190934907 -0.019614792652370566 0.044403325372194699 0.0098367752500184737 0.018320061146860422 -0.0172060787608177 0.6031687773244343 -0.0064769482781553631 0.032826408615932411 0.030066244163238016 0.56878824099914149 -0.027375223052037691 0.17988455283690999 0.16992864499384602 0.54900993560513611 0.040391563743919501 0.070330201864084826 0.56637839647432453 0.45430675449008168 0.27065611657419358 0.072934514934549069 0.25275916312411223 0.040504813592724037 -0.055586551893704421 -0.050598670210055409 0.016288378450731625 0.89282022570352826 -0.014518709408568857 0.69921892637193317 -0.050397299429236792
leaf_weight=302.97528433776461 1089.0636333542643 46.268511776579544 9.44453869294375 156.71200558112469 2.8610339886508864 27.855997189413756 0.59296589065343042 27.659804207505658 8.6394154645968211 2.9698200155980876 0.56275365629699337 3.4716814290732136 0.86046470608562209 1.3399615623056891 0.99304622504860163 1.5993994844611732 1.6056257251184431 0.56495897588320065 0.7865745506715015 1.8042207849212011 8.1162483899388445 1.4422813057899473 1.0661561090964822 1.3501673052087424 0.58744779939297831 19.077737015206367 0.15883816848509003 145.94952629425097 0.20005208754446357 0.22771317977458239
leaf_count=133466 54049 12855 123 13832 189 960 26 1255 223 101 34 48 31 29 22 41 69 18 27 53 328 14 49 23 126 2932 19 19600 36 43
internal_value=-0.00180052 -0.0330486 0.00591065 0.00786167 0.0201167 0.0368729 0.0282796 0.0509185 0.120692 0.186401 0.240497 0.0953473 0.143506 0.203339 0.377649 0.213581 0.256928 0.226813 0.286324 0.243059 0.0115385 0.125156 0.18517 0.0567433 -0.00535638 0.0272193 0.204841 -0.0109375 0.0972013 0.300174
internal_weight=1866.81 369.496 1497.31 1341.92 252.855 96.1426 83.8239 55.9679 20.1919 11.5525 8.58266 12.3186 8.84696 5.98592 1.85351 7.98969 6.39029 5.82754 4.22191 3.65695 35.7761 4.13241 2.87038 2.69013 66.5203 20.2518 1.17405 155.394 1.01521 0.427765
internal_count=240621 149477 91144 71421 17372 3540 3184 2224 641 418 317 356 308 119 53 291 250 216 147 129 1583 66 102 52 16011 3156 224 19723 205 79
is_linear=0
shrinkage=0.05


Tree=36
num_leaves=31
num_cat=0
split_feature=11 10 7 8 3 1 10 2 28 30 13 13 3 3 2 1 13 13 13 12 12 0 3 13 14 3 4 13 14 11
split_gain=189.018 27.247 16.9892 13.1798 13.7781 13.3091 21.8568 21.354 17.8155 21.2912 19.0154 74.5925 58.0068 53.0165 38.199 24.5828 21.6666 18.0726 26.8424 41.9956 41.2375 22.9206 18.9038 23.2297 46.6535 57.3996 33.7763 56.5367 30.3799 21.4781
threshold=0.0020651852893929933 0.0016164208574771968 0.0051150468426011926 0.3850925199742799 0.10636437917068277 0.011264254833800226 0.0028517327949301057 -0.037031865300089888 -0.015651814548429819 -1.6140569511221428 273.50000000000006 279.50000000000006 0.0062425079221828392 -0.027735424236956293 0.011224778299056106 0.0033626070271343127 275.50000000000006 342.50000000000006 335.50000000000006 0.16883214285714288 0.1496428571428586 -0.0020805376111437397 0.013639585404524925 314.50000000000006 71.500000000000014 -1.0000000180025095e-35 0.0027752658986760601 327.50000000000006 72.500000000000014 0.021641015834464154
decision_type=2 2 2 2 2 2 2 2 2 2 2 2 2 2 2 2 2 2 2 2 2 2 2 2 2 2 2 2 2 2
left_child=-1 2 -2 4 -3 8 7 -7 -5 -10 13 12 -12 -11 -13 -14 -17 18 22 20 -20 -21 23 -16 26 -26 27 -25 -27 -24
right_child=1 3 -4 5 -6 6 -8 -9 9 10 11 14 15 -15 17 16 -18 -19 19 21 -22 -23 29 24 25 28 -28 -29 -30 -31
leaf_value=-0.040844956436206392 -0.024009450161142479 -0.020238249574037241 0.28617324837304381 0.015833760947670479 0.14881784852371174 0.40348007366722005 0.01209365506503113 0.052097373639364335 -0.022295668951892392 0.023763501897472662 -0.028776643688628707 -0.0059132292481999214 0.1125365682058338 -0.025641934539941319 -0.0087245464309514478 -0.079989873085365745 0.067870182242422902 -0.023007769216961335 0.080539592834871651 0.21088125855830248 0.80549771834214168 0.043280853364740413 0.0010989709794898398 -0.050609612557573617 0.059824410231791372 0.54815941173330207 0.020800199011882223 0.85071665965463961 0.18829820763717067 0.096042080122039686
leaf_weight=265.06334743706975 86.746015091659501 58.296135026263073 0.44370510964654286 272.03443825757131 1.2306663040071715 0.4389449423179056 295.28411713661626 28.877807177603245 87.029927559196949 84.481455917935818 13.611881558084859 351.37616670317948 32.24271730449982 151.99354720651172 7.9999330027494606 3.2623931395355603 10.29919323325157 15.816029183100907 0.37885719886980851 2.587833186145871 0.40676709660328925 9.6348919414449465 59.162689750082791 0.36483321432024496 2.6023757122457027 1.4087740844115608 11.429788618581368 0.33258937485516071 1.0047860220074651 6.6236561853438607
leaf_count=139231 18975 4465 27 5171 29 15 6281 993 6100 3362 1688 34563 506 14183 416 134 179 1083 34 41 14 245 2188 46 73 23 385 25 25 121
internal_value=-0.001742 0.00474651 -0.0224309 0.00631556 -0.0167432 0.00726174 0.0161818 0.0573584 0.00469048 0.00114109 0.00380034 0.00905628 0.061849 -0.00799168 0.00239837 0.0887806 0.0323008 0.0267859 0.0343629 0.101542 0.455896 0.0787657 0.0247522 0.0616289 0.0944596 0.222714 0.0414124 0.379218 0.398346 0.0106583
internal_weight=1862.47 1597.4 87.1897 1510.21 59.5268 1450.69 324.601 29.3168 1126.09 854.051 767.021 530.546 59.4162 236.475 471.13 45.8043 13.5616 119.754 103.938 13.0083 0.785624 12.2227 90.9294 25.1431 17.1431 5.01594 12.1272 0.697423 2.41356 65.7863
internal_count=240621 101390 19002 82388 4494 77894 7289 1008 70605 65434 59334 41789 2507 17545 39282 819 313 4719 3636 334 48 286 3302 993 577 121 456 71 48 2309
is_linear=0
shrinkage=0.05


Tree=37
num_leaves=31
num_cat=0
split_feature=11 4 1 15 13 13 3 3 2 1 13 13 13 13 13 10 3 12 11 28 10 12 2 13 14 11 13 14 10 10
split_gain=177.755 24.3902 11.4224 14.1259 13.7672 57.8193 52.4172 42.7247 24.9741 18.3672 30.534 18.2588 16.1178 15.8562 20.0753 16.9633 43.3376 19.2647 15.9444 15.4853 14.8988 31.0375 14.1882 25.5978 34.6853 17.4851 21.018 40.8911 18.4219 15.9758
threshold=0.0019907811136146659 0.0022406784401464044 0.011264254833800226 0.94099725787296185 273.50000000000006 279.50000000000006 0.0062425079221828392 -0.031618753641043044 0.012344917027466542 0.00084444583602549816 275.50000000000006 348.50000000000006 302.50000000000006 250.50000000000003 256.50000000000006 0.0042371677304343667 -0.11307006148530295 3.2759142857142849 0.024836861074071594 -0.015651814548429819 0.0076531806973345416 3.2759142857142849 -0.014472229109678379 307.50000000000006 80.500000000000014 0.0035845257099177083 320.50000000000006 78.500000000000014 0.014413348422992942 0.0050137627729382453
decision_type=2 2 2 2 2 2 2 2 2 2 2 2 2 2 2 2 2 2 2 2 2 2 2 2 2 2 2 2 2 2
left_child=-1 -2 3 4 7 6 -6 13 19 -8 -11 12 -10 18 15 -15 -17 -18 -3 22 -9 -22 25 -24 -25 26 27 -7 -27 -29
right_child=1 2 -4 -5 5 8 9 20 11 10 -12 -13 -14 14 -16 16 17 -19 -20 -21 21 -23 23 24 -26 28 -28 29 -30 -31
leaf_value=-0.041597233924325058 -0.023958718666896417 -0.0068534945261976348 0.013651804891767694 -0.020497434767179672 -0.025551441236592323 0.38225371718216955 0.10993696415278487 -0.025576714186719071 -0.05080062323753555 -0.05260330775300423 0.079695836202464967 -0.040889974909258497 0.036360314255597305 0.012561177167735183 -0.011766115437406313 -0.02226921678441731 0.1058007008258126 -0.023677591199054909 0.061309937727461954 -0.0052726317403016983 0.0043401782716173147 0.28356625619790415 -0.035347237254667235 0.02603458232314354 0.17428441451816271 -0.0069453463018056844 -0.031739073380102047 -0.025064626519080264 0.03693584037567936 0.32275248870443735
leaf_weight=242.57175069057848 72.846383787808008 93.878093651728705 345.77412869548425 59.114157157018781 15.729971682187168 1.359809325076639 24.512296364060603 164.0086248278385 5.6051559378392986 5.7041247771121588 18.525151246692985 9.4539182044099999 98.709833396365866 30.954574133269489 24.388895644340664 11.314412643201647 27.427875093184415 3.2089200681075445 9.4420534931123239 403.88240827084519 23.630660382099453 1.0389653472229827 6.4813758064992752 10.528695730492474 6.3100363481789818 102.68670382816344 2.1572811009828001 1.8830117129255088 31.17990914080292 0.40033046714961518
leaf_count=134424 19889 2960 7878 5349 1951 34 375 16198 299 191 270 618 3127 1222 899 100 324 55 166 40308 1004 23 119 254 52 1809 102 105 504 12
internal_value=-0.00169253 0.00431177 0.00564966 0.00333135 0.00457308 0.00855449 0.0538099 -0.00304736 0.0042678 0.0794215 0.0485496 0.0256468 0.0316769 0.0130165 0.0275021 0.0406384 0.0613557 0.0922391 -0.000624286 -2.28917e-05 -0.0201275 0.0160998 0.012986 0.0490886 0.0815888 0.00695793 0.0919471 0.165187 0.00327536 0.0359169
internal_weight=1854.71 1612.14 1539.29 1193.52 1134.4 745.11 64.4715 389.293 680.638 48.7416 24.2293 113.769 104.315 200.615 97.2947 72.9058 41.9512 30.6368 103.32 566.87 188.678 24.6696 162.987 23.3201 16.8387 139.667 5.80043 3.64315 133.867 2.28334
internal_count=240621 106197 86308 78430 73081 50130 2787 22951 47343 836 461 4044 3426 5726 2600 1701 479 379 3126 43299 17225 1027 2991 425 306 2566 253 151 2313 117
is_linear=0
shrinkage=0.05


Tree=38
num_leaves=31
num_cat=0
split_feature=11 10 12 7 11 3 13 13 27 30 8 14 8 11 27 3 28 13 11 13 11 5 3 12 4 2 13 8 8 13
split_gain=167.102 23.4857 12.47 12.0443 11.0437 13.7836 12.2496 14.4594 35.4735 43.197 41.9757 13.1535 12.1624 11.3919 11.7308 11.2039 13.7497 10.9808 16.0983 49.0441 57.3551 41.8684 24.9423 23.6435 32.1092 23.0407 21.462 23.7061 50.6465 19.6734
threshold=0.0019759760344860498 0.0016164208574771968 0.17488928571428633 0.0051150468426011926 0.003048927010485771 0.029369243941755666 329.50000000000006 324.50000000000006 1.8370557817969486 0.49292074413951198 0.50073729297603264 63.500000000000007 0.39485911486407682 0.0022442503781106614 2.9368438046748842 0.050097118297069095 -0.0064537985168428178 316.50000000000006 0.013168671402036546 319.50000000000006 0.0058021028104980566 0.0023525607295722764 -0.012173970891084461 1.2264924642857182 0.0028178263797886483 0.044551241661906167 333.50000000000006 1.3864483044443601 1.5693972326460175 317.50000000000006
decision_type=2 2 2 2 2 2 2 2 2 2 2 2 2 2 2 2 2 2 2 2 2 2 2 2 2 2 2 2 2 2
left_child=-1 3 -3 -2 5 6 7 -4 -9 -10 -11 -12 15 -7 -15 -6 -17 -14 19 20 21 -19 -22 24 26 -25 27 -21 -29 -23
right_child=1 2 4 -5 12 13 -8 8 9 10 11 -13 17 14 -16 16 -18 18 -20 23 22 29 -24 25 -26 -27 -28 28 -30 -31
leaf_value=-0.041481098900479574 -0.022362953262720135 -0.013124018412807149 -0.0049275084551094264 0.20631989489618996 -0.024669627611763237 0.2696071368400379 -0.028525374378590537 -0.022263144551133644 0.090196878354412327 -0.052481844371286113 0.48693535818460792 0.96643590959858072 0.0064027254471745905 0.10027709673443273 -0.055161770953575232 0.33033391659834305 0.025722466269252051 0.064911908939787974 -0.029062885996388284 0.17649467103343297 -0.044726826149976674 0.091295858189712295 0.081628873853697867 -0.016652451885126218 0.018914810955340332 0.15143963191163659 0.032925361333750819 1.2858993432732362 -0.050304608224661179 0.33643520367883034
leaf_weight=230.31678436999209 88.739101528306492 84.891665798146278 81.351936315535568 0.57953757303766806 45.447278084931895 0.62949383654631574 52.745910699246451 5.3333193535217998 3.0389078649459411 0.24152582371607412 0.278140077018179 0.29441288998350501 936.50633863150142 3.3874958963133395 1.891592060215771 0.39143841667100776 6.9125505951233199 3.7878685668110865 17.604054634459317 3.2740217866376038 6.466325760353361 1.0329301957972346 9.8623761958442593 66.259310967056081 186.0409447948914 2.1033623591065398 2.9969974365085363 0.14957484835758794 0.13485093507915735 3.9416781701147556
leaf_count=133472 21275 10159 13383 28 2785 25 11135 962 258 20 22 18 34115 86 72 14 273 268 478 378 341 40 444 2673 7225 18 493 18 27 116
internal_value=-0.00163635 0.00404132 0.005499 -0.0208792 0.00659527 -0.00628545 -0.00937162 0.00178701 0.0612493 0.176848 0.50031 0.7335 0.00808161 0.0685546 0.0445806 -0.0154319 0.0420473 0.00908178 0.0173443 0.0202003 0.0869682 0.190163 0.0315908 0.0137806 0.0227471 -0.0114806 0.131506 0.214532 0.652383 0.285534
internal_weight=1846.63 1616.31 1527 89.3186 1442.1 149.193 143.284 90.5382 9.18631 3.85299 0.814079 0.572553 1292.91 5.90858 5.27909 52.7513 7.30399 1240.16 303.654 286.05 25.0912 8.76248 16.3287 260.959 192.596 68.3627 6.55545 3.55845 0.284426 4.97461
internal_count=240621 107149 85846 21303 75687 25981 25798 14663 1280 318 60 40 49706 183 158 3072 287 46634 12519 12041 1209 424 785 10832 8141 2691 916 423 45 156
is_linear=0
shrinkage=0.05


Tree=39
num_leaves=31
num_cat=0
split_feature=11 10 12 1 10 14 3 13 13 3 1 2 13 10 11 3 13 13 12 13 27 3 5 12 12 12 5 2 27 12
split_gain=156.921 21.4246 11.2405 10.2117 19.6557 16.0232 12.9094 30.8443 48.7867 43.2095 20.676 19.2685 17.9625 14.9692 13.3984 15.3859 16.958 50.0576 20.5856 24.0581 30.2062 20.5681 15.0541 14.9691 13.1553 12.1809 12.0566 11.7699 24.1009 14.6729
threshold=0.0019759760344860498 0.0016164208574771968 0.17488928571428633 0.011264254833800226 0.0028517327949301057 142.50000000000003 -0.039035798685151717 273.50000000000006 279.50000000000006 0.0083602592231135659 0.0033626070271343127 0.0087129948598259083 275.50000000000006 0.0083608891210321615 0.021641015834464154 0.011870993948188803 329.50000000000006 327.50000000000006 1.0127214285714328 318.50000000000006 0.85584666728242642 -0.0097704734277105337 0.0023525607295722764 2.2042821428571502 4.7930250000000045 0.17698214285714445 0.0018502259487039251 -0.010970997271899095 1.0000000180025095e-35 0.32171071428571457
decision_type=2 2 2 2 2 2 2 2 2 2 2 2 2 2 2 2 2 2 2 2 2 2 2 2 2 2 2 2 2 2
left_child=-1 -2 -3 6 5 -5 27 13 9 -9 -11 -10 -12 25 15 16 17 18 -13 20 -20 -22 -23 -16 -15 -8 -19 29 -29 -4
right_child=1 2 3 4 -6 -7 7 8 11 10 12 14 -14 24 23 -17 -18 26 19 -21 21 22 -24 -25 -26 -27 -28 28 -30 -31
leaf_value=-0.041109897934743803 -0.020258711689803914 -0.012621955987249512 0.052985605261986493 0.04658007466208796 0.010054872013413037 0.28005480313673531 0.30852940807652568 -0.024805725099102359 -0.0051620570483053851 0.094537245234583567 -0.07991573750570681 -0.0032535889517939531 0.052803731229175102 0.012071155612293015 0.013647340568223032 0.0022902746025390483 -0.0071502246388272673 0.35291572910160918 -0.052318202452867391 -0.0093878803378003688 0.0030029250017510755 0.13915677122527859 0.35701581685852041 0.14864373677724391 0.23081564763308793 -0.022467774263594524 0.16431161524819418 0.13929811291497671 0.02164710762227666 0.0034755889998919522
leaf_weight=221.01290324307047 87.53337611455936 83.881289573153481 15.962174480780957 29.291297056945044 305.63553972030059 0.75377877801656623 0.27839830750599404 15.264336965978144 357.65990821144078 32.061775628942996 3.3012230044696471 14.026887749787425 11.194333137478678 26.989380564540628 4.2956229443661851 102.44427189219277 13.370927053154444 1.3501820629462593 1.3087392614688704 3.4998788218945265 0.85548470402136434 1.2517651083180683 2.1633447045460343 3.9341629948467016 0.70529238693416019 173.56052460987121 2.2752720478456467 4.5956045091152182 82.432208097539842 239.49813440907747
leaf_count=133472 21303 10159 393 905 6535 38 37 1861 33581 395 121 858 158 1130 68 4207 1141 36 60 140 26 43 39 68 18 16258 52 58 2558 4903
internal_value=-0.00158665 0.00380085 0.00517388 0.00620338 0.0138483 0.0524376 0.00390032 0.000315244 0.00625742 0.0481979 0.0721329 0.0011578 0.0225782 -0.0164987 0.0161493 0.0125679 0.0388229 0.0618182 0.0347157 0.0933761 0.157839 0.222243 0.277162 0.078181 0.0176419 -0.0219377 0.234551 0.0119792 0.0278598 0.00656917
internal_weight=1842.39 1621.38 1533.84 1449.96 335.681 30.0451 1114.28 771.792 570.258 61.8217 46.5573 508.436 14.4956 201.534 150.777 142.547 40.1025 26.7316 23.1061 9.07921 5.57933 4.27059 3.41511 8.22979 27.6947 173.839 3.62545 342.488 87.0278 255.46
internal_count=240621 107149 85846 75687 7478 943 68209 60297 42854 2535 674 40319 279 17443 6738 6602 2395 1254 1166 308 168 108 82 136 1148 16295 88 7912 2616 5296
is_linear=0
shrinkage=0.05


Tree=40
num_leaves=31
num_cat=0
split_feature=4 4 18 10 2 3 30 30 6 28 12 7 5 4 0 14 28 4 30 2 6 6 28 6 7 30 2 0 5 7
split_gain=135.857 21.0672 18.747 15.0195 21.7014 12.6379 16.4516 17.8921 18.0423 11.309 11.248 10.3892 35.7211 20.2525 10.4773 10.1566 16.7375 19.7848 16.2669 11.7619 9.96125 12.8902 9.07983 23.7188 10.5201 8.89755 14.7823 8.67799 8.39771 12.3551
threshold=0.0022406784401464044 0.0056517570823501435 0.0003268283598331967 0.0030668692963562011 -0.083789553760551569 0.10636437917068277 -2.251189889593352 0.5795703871412371 0.00116144018583042 -0.018940636301428202 0.78992857142857642 0.0011941182941773386 4.6157751943579362e-05 0.0021930067984679211 -0.0055487419969189591 52.500000000000007 -0.012040310554915463 0.004011313511002825 0.37299948717785802 -0.019762376049882398 0.00076258534333427841 0.0011480222283421374 -0.012747082596327909 0.00030568578319927473 0.00056379972102093949 0.20201848169686801 -0.083789553760551569 -0.0045461132058488554 0.0028261411109453192 0.0011282401367824671
decision_type=2 2 2 2 2 2 2 2 2 2 2 2 2 2 2 2 2 2 2 2 2 2 2 2 2 2 2 2 2 2
left_child=3 2 5 4 -1 10 -7 -8 -9 20 -2 14 -13 -14 -5 16 17 18 -12 25 -4 -22 23 -16 -25 26 -17 -11 29 -3
right_child=1 28 9 11 -6 6 7 8 -10 27 15 12 13 -15 22 19 -18 -19 -20 -21 21 -23 -24 24 -26 -27 -28 -29 -30 -31
leaf_value=1.0510256792306534 -0.00698317158346283 0.039295781024698079 -0.013478726813171331 0.29683063458952952 -0.042515638077726667 0.35091891151227506 -0.0039971363555949503 0.38670463436581226 0.020893961833329578 0.032085376788968632 0.070902486409699303 0.80904941098681127 -0.050668290981817347 0.54574932501474815 -0.051938077395446307 0.14280611131249041 -0.032537407047373249 -0.011635944012730409 0.51106434530274736 0.017270848864554652 0.27779147836351409 0.027769726168521525 -0.02638847238360972 0.13862408873062707 0.48721646343589592 -0.047934789775495153 -0.0088627028850105025 -0.02927589394983144 0.0049349765556654657 0.010334242191552042
leaf_weight=0.045378673821686699 312.58933824568521 45.114797729998827 2.4885894912295035 0.28382325544953424 207.05825647048187 0.48640218004584301 4.1403801417909554 0.68124209763482191 0.66717985738068819 6.1073991076555094 0.39950732141733469 0.17453851271420617 0.94128754106350221 0.16769545176066458 1.307009299285711 1.7904674876481319 24.663538951193914 1.2454557558521626 0.44228140311315656 160.4386084782891 0.89780444581992958 1.2106947249267248 12.481990579282863 0.52488939836621273 0.36829468421638012 13.002892549382521 15.638364591170104 101.87401218572631 713.37080447142944 200.41248265793547
leaf_count=3 51377 1271 80 6 120020 12 190 23 20 579 29 29 125 24 78 45 4210 63 16 13193 20 26 1984 33 18 705 718 21964 18713 5168
internal_value=-0.00210439 0.0029721 -0.00398646 -0.0386442 -0.042276 -9.18622e-05 0.072218 0.0475204 0.205707 -0.0225355 -0.000906758 0.00764461 0.144163 0.0395193 -0.00406356 0.00782136 -0.0210319 0.114921 0.302166 0.0118652 0.0542691 0.13423 -0.00988018 0.0837735 0.282362 -0.0166339 0.00671827 -0.0258053 0.00768007 0.0156558
internal_weight=1831.02 1607.66 648.764 223.353 207.104 536.186 5.9752 5.4888 1.34842 112.578 530.21 16.2495 1.28352 1.10898 14.966 217.621 26.7508 2.08724 0.841789 190.87 4.59709 2.1085 14.6822 2.20019 0.893184 30.4317 17.4288 107.981 958.898 245.527
internal_count=240742 118422 93270 122320 120023 70601 245 233 43 22669 70356 2297 178 149 2119 18979 4318 108 45 14661 126 46 2113 129 51 1468 763 22543 25152 6439
is_linear=0
shrinkage=0.05


Tree=41
num_leaves=31
num_cat=0
split_feature=11 4 4 18 9 3 14 12 28 11 1 29 14 2 3 27 11 2 13 13 11 12 12 3 2 28 11 3 0 4
split_gain=139.292 26.8683 11.5543 14.2695 12.1278 12.0936 22.2579 21.615 18.5753 17.2109 44.5225 101.414 24.128 18.1874 11.753 17.2076 12.2707 11.6795 11.2508 23.1779 23.9864 60.8364 18.2468 15.6238 14.3024 11.103 15.7025 26.4228 24.6437 32.1685
threshold=0.0016817060295685187 0.0023906547136754381 0.0056517570823501435 0.0003268283598331967 0.85060673782646801 -0.016572347880903445 17.500000000000004 0.40953571428571228 0.0014075502292766719 0.003007988480005924 1.0000000180025095e-35 -0.4964811761145439 45.500000000000007 -0.012425734559297462 0.059871514281128031 0.1888334542293196 0.019165118268773897 -0.024479517913469136 262.50000000000006 280.50000000000006 0.0019079686043122388 0.13332500000000028 0.45508339285714278 0.011190431486150511 0.024794811537801168 0.00068965717068517778 0.005471883724960055 -0.055288909708880833 -0.0016043867141588561 0.0054683027867202813
decision_type=2 2 2 2 2 2 2 2 2 2 2 2 2 2 2 2 2 2 2 2 2 2 2 2 2 2 2 2 2 2
left_child=-1 -2 3 4 5 6 7 -3 -7 10 12 -12 13 -8 -6 16 -16 -11 -10 20 21 -20 -22 24 -24 26 -19 -28 -29 -30
right_child=1 2 -4 -5 14 8 9 -9 18 17 11 -13 -14 -15 15 -17 -18 25 19 -21 22 -23 23 -25 -26 -27 27 28 29 -31
leaf_value=-0.046367081921530898 -0.02247211640717697 0.44915180799033511 0.0072933064396028527 -0.01911176572694985 -0.010027028873826151 -0.016082899914610382 0.47471592400937218 -0.050853805664702073 -0.021513000031451564 -0.027522365011040592 1.4382034961269503 0.070476459278091139 -0.05033028567499527 -0.050249732346072988 0.071209062730499137 0.023458342436115279 0.46422945799563425 -0.0069837841727234456 2.1180811083200957 0.0058317884458042608 -0.012153136379185032 0.22546514313193364 -0.024509740190664629 0.097429271224722391 0.37747263047654556 -0.016688750390111608 0.01348911472362866 -0.021044048722489224 0.1140384959830088 0.46964248842405026
leaf_weight=161.43969367688987 102.88623564841691 0.59686732082627614 964.10828848159872 96.959655235288665 205.18906156299636 81.716637465870008 0.46901549270842224 0.33885696309152991 18.289756725775078 11.92599120736122 0.20153793913777918 0.41381901910062868 1.856638185912743 0.25451880495529611 0.40747631737030943 13.66201099869795 0.38743041758425534 14.159535363549365 0.046119707985783687 74.00391608371865 8.2243405752815324 0.53505410836078227 4.5345109483459991 17.157497526844963 0.23262780904769886 11.869014011695979 17.798681354150169 3.2782051917165456 12.400485609425244 0.67035188991576511
leaf_count=110941 35834 40 24925 14999 23941 13183 23 33 1917 630 37 82 406 64 24 729 20 1227 17 7525 699 87 500 410 6 700 676 243 805 19
internal_value=-0.00202379 0.00227687 0.00390737 -0.00155536 0.00184495 0.00872571 0.0257255 0.268083 0.00239596 0.0227137 0.136263 0.518426 0.0451189 0.290048 -0.00695699 0.0366164 0.262764 0.0176813 0.0146703 0.020989 0.0574902 0.375656 0.051357 0.0751809 -0.00489372 0.02664 0.0372858 0.0556424 0.101533 0.132276
internal_weight=1826.01 1664.57 1561.69 597.58 500.62 280.974 76.2335 0.935724 204.74 75.2978 3.19553 0.615357 2.58017 0.723534 219.646 14.4569 0.794907 72.1023 123.024 104.734 30.7302 0.581174 30.149 21.9246 4.76714 60.1763 48.3073 34.1477 16.349 13.0708
internal_count=240742 129801 93967 69042 54043 29329 4985 73 24344 4912 612 119 493 87 24714 773 44 4300 11161 9244 1719 104 1615 916 506 3670 2970 1743 1067 824
is_linear=0
shrinkage=0.05


Tree=42
num_leaves=31
num_cat=0
split_feature=4 10 2 13 13 3 3 12 15 3 13 16 9 14 10 17 14 13 3 6 13 8 3 7 12 3 8 9 5 4
split_gain=120.141 18.6638 14.1438 10.8892 16.7483 27.3491 17.4915 26.8625 16.846 14.5349 28.0294 35.6695 23.1695 21.7927 26.3327 12.6095 10.6768 114.862 73.1351 10.3851 17.2163 16.6139 9.31021 14.8212 8.80044 8.7037 14.0318 9.76102 9.29294 9.67169
threshold=0.0021930067984679211 0.0020840352177618738 -0.010172493037584716 339.50000000000006 335.50000000000006 0.019463846158229717 -0.023072560072224853 0.81579496428571596 0.2962962853223316 -0.010550628522211556 360.50000000000006 1.0000000180025095e-35 0.30891945261130016 16.500000000000004 0.0056256068588549941 1.0000000180025095e-35 72.500000000000014 320.50000000000006 -0.015900852452888577 0.0041055037810418821 349.50000000000006 1.0092681039040137 -0.011144382428654785 2.0587781415837298e-05 0.51692857142857263 0.066200879270880933 0.65163115392751225 1.5146289750346169 0.00084452021552806965 0.0045362175019583425
decision_type=2 2 2 2 2 2 2 2 2 2 2 2 2 2 2 2 2 2 2 2 2 2 2 2 2 2 2 2 2 2
left_child=2 25 16 4 -3 6 7 24 -7 10 12 15 -5 -13 -15 -12 17 18 -1 -11 21 -21 -14 -24 -6 28 -27 -28 -2 -30
right_child=1 3 -4 9 5 8 -8 -9 -10 19 11 13 22 14 -16 -17 -18 -19 -20 20 -22 -23 23 -25 -26 26 27 -29 29 -31
leaf_value=0.43817783290013212 0.0056593523525622653 0.005054330961144428 -0.041185338194018352 0.39750866999088885 0.1331821786838516 0.1743602703591027 -0.021943227923890668 -0.014499888948377901 0.056190391236478378 -0.024788978310878021 0.062432318556512004 0.57606870798644971 -0.025121222181946519 -0.050797812790569025 0.49205639591393685 -0.03827821040459007 -0.0018017841029277677 -0.013701877388006121 2.4584570061590494 0.28045418826930851 -0.034261456923382526 -0.00038625276648771278 0.58640390348784166 0.03726448964816078 0.36515738550835075 0.20890135110038141 -0.034960045632789163 0.14665047816525964 -0.029173118077318618 -0.00068494478044161362
leaf_weight=0.10224961687345058 45.575551547110081 1255.4439376656665 192.75247093627695 0.33431830070913093 0.80304805818013958 4.5233912304975084 15.020811172318645 2.2694754246622324 9.0498739602044207 85.209576340974309 14.364171491353778 0.47755522932857164 30.707134487223815 0.57208139437716454 0.366513148881495 3.9662517628166816 7.06551503832452 1.3705197460949419 0.079724215785970887 1.1934432564303272 2.6484432984143496 0.94249446783214796 0.15689115878194471 0.56670437753200531 0.83288642298430204 1.1152184540405858 3.081912950379774 0.97359454003162671 96.192367417737842 43.160769456415437
leaf_count=18 12630 52900 117622 23 26 41 1430 47 158 10237 883 29 1807 63 8 249 1376 558 25 24 85 24 17 65 14 54 300 43 35715 4271
internal_value=-0.00196088 0.0025678 -0.0383834 0.00452519 0.00597171 0.0414096 0.0025665 0.0968347 0.0955714 -0.00864055 0.0125403 0.0593195 -0.0165398 0.301091 0.161182 0.040641 0.0242855 0.143011 1.32328 -0.0207642 0.0509162 0.156532 -0.0209439 0.15633 0.251285 -0.0121508 0.0518312 0.00863869 -0.0139398 -0.0203497
internal_weight=1820.92 1619.55 201.37 1429.45 1287.94 32.4995 18.9262 3.90541 13.5733 141.506 51.5116 19.7466 31.765 1.41615 0.938595 18.3304 8.61801 1.55249 0.181974 89.994 4.78438 2.13594 31.4307 0.723596 1.63593 190.099 5.17073 4.05551 184.929 139.353
internal_count=240742 121143 119599 68130 54616 1716 1517 87 199 13514 3144 1232 1912 100 71 1132 1977 601 43 10370 133 48 1889 82 40 53013 397 343 52616 39986
is_linear=0
shrinkage=0.05


Tree=43
num_leaves=31
num_cat=0
split_feature=11 4 12 10 29 1 18 27 27 9 13 2 11 12 1 15 7 29 29 0 27 30 9 15 29 13 4 13 13 11
split_gain=126.222 22.8365 9.15608 8.96665 22.0224 21.8782 18.2126 14.1002 15.7517 13.6369 12.3392 14.9489 15.6531 11.3067 11.0923 30.8012 28.794 21.7155 23.0828 10.1961 10.1263 10.6735 10.9084 16.1162 9.65117 14.1989 8.86925 9.4648 26.0956 66.5592
threshold=0.0016817060295685187 0.0030241386093750587 2.9317646428571469 0.0070325824256177042 0.99478502957567005 0.017968136737195332 0.0003268283598331967 0.46788069913604574 1.399087389538554 1.3870458764068236 245.50000000000003 0.064333797566275566 0.019165118268773897 2.3258214285714325 -0.0042333073571899074 0.34374999758300656 0.0015690218759445615 -0.45603228448980027 -0.28929900198897313 0.0061486118847815527 4.634013735931414 -0.58320407744037173 0.64445341743054674 0.85714283673469926 -0.24618550711056816 313.50000000000006 0.0043808384016985049 317.50000000000006 319.50000000000006 0.0040994690296808182
decision_type=2 2 2 2 2 2 2 2 2 2 2 2 2 2 2 2 2 2 2 2 2 2 2 2 2 2 2 2 2 2
left_child=-1 2 -2 4 5 6 10 -5 -9 13 11 14 -13 20 -3 16 -16 19 -19 -17 24 -22 -23 -24 25 -7 -8 -28 29 -29
right_child=1 3 -4 7 -6 9 26 8 -10 -11 -12 12 -14 -15 15 17 -18 18 -20 -21 21 22 23 -25 -26 -27 27 28 -30 -31
leaf_value=-0.046042882828807787 -0.016702009691710706 -0.019205380112553318 0.047964783717207547 -0.0037297412447053688 -0.018334543261349596 0.00050112683309183755 -0.036344752606243008 0.028770795663136429 0.0060501595079966372 -0.014711343494132481 0.0052765442979224135 0.4347112482238088 0.04517942842779224 -0.02236738984122149 0.13867633673190713 -0.037914531702102509 0.74376708425120408 0.52067143768864199 0.03545963303527621 0.2533231192359362 0.17916079528167436 0.11920924274066778 0.14734072046217225 0.026011320086599517 -0.022139906254268624 0.15249610177586553 -0.014932938171149721 0.55473789671282325 -0.0012508570967191049 0.045561077559772775
leaf_weight=148.69912503729574 176.18361006036866 4.5051111751236013 5.6492907550418741 130.70556291099638 122.82670275331475 3.7647853260859847 29.450428133131936 134.04628976434469 177.02127026300877 11.905402900651096 648.03638465236872 0.51416079141199478 0.51745939580723643 5.5228812098503104 0.52427928941324253 3.6633472647517911 0.31457517528906465 0.43435232480987906 0.56259723589755717 0.32737916335463513 2.081090295687317 6.3501719040796223 3.2290135789662626 17.961218626238406 7.1457291813567263 2.5960282832384109 114.87872230599169 0.73749339370988209 51.646881704451516 4.9472182616591454
leaf_count=110941 54918 194 539 3002 9585 42 5779 2546 4047 213 39154 21 22 81 31 232 20 13 35 10 28 61 35 202 106 29 5224 41 3459 132
internal_value=-0.00190213 0.00203282 -0.0146929 0.00407915 0.00155334 0.00420386 0.00216088 0.0100507 0.015841 0.0332533 0.00618226 0.0578343 0.239323 0.0449908 0.0397126 0.0852684 0.365589 0.0381226 0.246857 -0.0140229 0.0536165 0.0699765 0.061726 0.0444998 0.017737 0.0625346 -0.0109884 -0.00665212 0.00994065 0.111618
internal_weight=1816.75 1668.05 181.833 1486.22 1044.44 921.617 861.06 441.773 311.068 60.5563 659.4 11.3633 1.03162 48.6509 10.3316 5.82653 0.838854 4.98768 0.99695 3.99073 43.128 29.6215 27.5404 21.1902 13.5065 6.36081 201.661 172.21 57.3316 5.68471
internal_count=240742 129801 55457 74344 64749 55164 54367 9595 6593 797 39732 578 43 584 535 341 51 290 48 242 503 326 298 237 177 71 14635 8856 3632 173
is_linear=0
shrinkage=0.05


Tree=44
num_leaves=31
num_cat=0
split_feature=11 4 4 9 11 9 3 3 11 13 13 5 14 5 29 7 11 14 11 29 11 4 2 13 15 9 8 8 8 10
split_gain=119.439 21.1809 9.0661 11.9574 10.8198 9.51224 9.13733 15.1118 13.5201 17.635 23.7283 13.0192 13.6257 13.247 17.8589 10.8162 10.6027 19.8911 9.83491 16.6488 16.4453 12.2651 10.6229 11.2351 9.26418 16.8291 18.0734 16.729 8.44232 12.3293
threshold=0.0016817060295685187 0.0023906547136754381 0.0056517570823501435 0.85060673782646801 0.011633612119249301 1.0530359396059878 -0.016572347880903445 0.0054930379626951806 0.0065455238248886992 279.50000000000006 273.50000000000006 0.0030107349362919729 17.500000000000004 0.001020891631051582 -0.083664800772664735 0.001315611811440082 0.0063473401690029739 130.50000000000003 0.003007988480005924 -0.38048087290126975 0.0029052704226966422 0.0025547200284725155 -0.002293577981651362 363.50000000000006 0.15384615304291743 0.4118998495717911 0.36482119108598804 0.51372018815036402 1.1759152748182091 0.0029188589153364562
decision_type=2 2 2 2 2 2 2 2 2 2 2 2 2 2 2 2 2 2 2 2 2 2 2 2 2 2 2 2 2 2
left_child=-1 -2 3 6 -5 -6 11 -8 9 10 16 12 13 -3 -15 -12 -9 -18 19 20 22 -21 23 -14 25 26 -20 -28 -26 -30
right_child=1 2 -4 4 5 -7 7 8 -10 -11 15 -13 18 14 -16 -17 17 -19 24 21 -22 -23 -24 -25 28 -27 27 -29 29 -31
leaf_value=-0.045849877450328848 -0.020769660512954764 0.026821624065457191 0.006272491840996236 -0.013983062071442332 -0.020865152454813241 0.028523381986410051 -0.015195250838553595 -0.0063953273817450558 -0.014139999723911934 0.0021668264634592308 0.097031720881399941 -0.020321224116677441 -0.0038719922811477135 0.64489353521540682 0.10305392532629963 0.022783428430842301 0.54532355044633929 -0.050454735934690367 -0.051926669576708717 0.59361876695158877 0.58638106571904636 -0.05032211999016295 0.40397535944745783 0.2654514406414461 0.0049670487574156545 0.033862461301377218 0.49929994457304461 0.15183439472968949 -0.012723363081791037 0.20264083256550891
leaf_weight=142.02759231603704 96.95145678834524 0.59626865293830522 977.57249265955761 221.16001525998581 14.262252038344739 30.809968577232212 99.324945300468244 17.175845872028734 40.333880177233368 57.644122988916934 17.764278127579022 17.434183837031014 1.0712364367209377 0.28739435877650976 0.32297439780086279 6.7760446288157246 0.25130682438611884 0.31658489489927888 0.57699873251840772 0.077666379278524711 0.23519132798537601 1.5441090665990485 0.32959388580638971 0.60644628445152204 47.640131911728531 14.62103681033477 0.54222485702484824 0.95921501843258739 1.310173187637701 1.3486152505502103
leaf_count=110941 35834 30 24925 30540 715 1449 18069 1999 3250 6521 391 1055 200 21 22 136 12 43 26 27 21 353 28 13 3198 675 22 34 150 42
internal_value=-0.00183183 0.00191209 0.00331017 -0.00155422 -0.00943264 0.0128953 0.00481938 -0.00027288 0.0102942 0.0201566 0.0446813 0.0184506 0.0278298 0.194437 0.358181 0.0765304 0.000632627 0.213193 0.0249928 0.102554 0.190814 -0.019484 0.144465 0.0934826 0.0205193 0.0527871 0.185915 0.277317 0.00980629 0.0965157
internal_weight=1811.87 1669.85 1572.9 595.323 266.232 45.0722 329.09 239.587 140.262 99.9282 42.2841 89.5035 72.0693 1.20664 0.610369 24.5403 17.7437 0.567892 70.8626 3.86424 2.24247 1.62178 2.00728 1.67768 66.9984 16.6995 2.07844 1.50144 50.2989 2.65879
internal_count=240742 129801 93967 69042 32704 2164 36338 30421 12352 9102 2581 5917 4862 73 43 527 2054 55 4789 642 262 380 241 213 4147 757 82 56 3390 192
is_linear=0
shrinkage=0.05


Tree=45
num_leaves=31
num_cat=0
split_feature=11 10 12 28 2 13 13 13 12 7 27 28 15 28 2 12 10 15 7 12 11 10 7 13 13 11 2 12 6 6
split_gain=119.952 21.2499 12.36 12.0572 13.9371 11.6885 23.2502 23.2657 28.5704 26.6088 21.2713 21.0465 19.6215 30.2157 21.1498 19.9095 18.4648 44.181 17.7508 14.5738 14.4573 21.7457 12.8519 12.7853 28.6765 43.1967 36.4042 16.5512 15.9649 11.2864
threshold=0.0018336574815379341 0.001881970704920969 1.0319785714285723 -0.014498889705119583 -0.004947664704652909 342.50000000000006 324.50000000000006 329.50000000000006 1.0127214285714328 0.00078116120233022294 1.0358331809036037 0.014161902518044859 0.30909090347106627 0.0043609720005746309 0.037560554132892505 0.84473214285713905 0.0019854285103885739 0.17647058131488166 0.00053007892061595187 0.34258214285714195 0.0027474526308082091 0.0045770786321290245 0.00070149444890350258 318.50000000000006 317.50000000000006 0.0067569002537568252 0.0039324378249311351 1.6807642857142857 0.00023674008899783299 0.0020272472027378667
decision_type=2 2 2 2 2 2 2 2 2 2 2 2 2 2 2 2 2 2 2 2 2 2 2 2 2 2 2 2 2 2
left_child=-1 2 -2 -3 -5 6 23 8 9 10 22 20 13 16 -14 18 17 -9 -15 -20 29 -22 -8 24 -6 26 -26 -27 -28 -12
right_child=1 3 -4 4 5 -7 7 12 -10 -11 11 -13 14 15 -16 -17 -18 -19 19 -21 21 -23 -24 -25 25 27 28 -29 -30 -31
leaf_value=-0.042117377131761086 -0.022766134363110081 0.013970710438847671 0.013139265770870271 -0.00626873284735308 0.0049050364268288273 -0.011928322389971687 -0.0028570049570127961 -0.050233610015380896 -0.0084701447651116847 0.039244921178872579 -0.013677058865750097 -0.053251533198508484 -0.0082852924603894536 0.35028082178432302 0.10073216549195214 0.01789971233402491 -0.021608876271283856 1.5843686628848739 0.038844793715029954 0.24639344036891406 0.26907771794924001 0.074599245772884307 0.3853207944104402 -0.019844626157932973 -0.051208795939924695 -0.029926660494355131 0.52251888845982941 0.16050353082798682 0.22525814431431446 0.23838284660032452
leaf_weight=156.97364965092856 110.30428116442636 319.09130471618846 30.622488334774971 301.42133134207688 639.15468055778183 81.288902633823454 3.0793831573100792 0.12746079079806616 11.208288867142981 15.042337225051595 1.3250774974003396 0.9693758077919491 56.945228476892225 1.3540247122291473 4.8259603306651107 2.2966513610444963 6.7840118450112641 0.06118019693531096 1.8035787680419164 1.5927576234098522 5.8994862379040569 1.9003997333347795 0.22909236536361266 49.995994321652688 1.1898433482274393 6.2557294564321637 0.51891479664482165 1.3955856282263992 3.4861210224917158 0.66798847704194475
leaf_count=123300 31538 6201 5220 21477 32263 10472 334 40 478 659 238 21 3844 40 38 30 863 23 23 28 203 36 26 2800 134 233 23 33 73 14
internal_value=-0.000339137 0.00360952 -0.0149641 0.00533168 0.00303605 0.00615442 0.00795116 0.0286767 0.0593619 0.0854766 0.1349 0.168986 0.0123519 0.0657532 0.000231849 0.138768 -0.0080408 0.479902 0.197205 0.136178 0.190985 0.221694 0.024022 0.00452309 0.00639163 0.0803563 0.191629 0.00480745 0.263773 0.0708024
internal_weight=1817.81 1660.84 140.927 1519.91 1200.82 899.398 818.109 116.112 40.3214 29.1131 14.0708 10.7623 75.7909 14.0197 61.7712 7.04701 6.97265 0.188641 4.75036 3.39634 9.79295 7.79989 3.30848 701.997 652.001 12.8462 5.19488 7.65132 4.00504 1.99307
internal_count=240705 117405 36758 80647 74446 52969 42497 6938 2009 1531 872 512 4929 1047 3882 121 926 63 91 51 491 239 360 35559 32759 496 230 266 96 252
is_linear=0
shrinkage=0.05


Tree=46
num_leaves=31
num_cat=0
split_feature=11 4 1 8 0 13 28 2 3 8 1 12 8 1 0 13 15 28 1 12 7 15 8 13 2 13 18 0 13 13
split_gain=112.673 16.2782 15.4628 11.8364 15.2076 11.7331 11.4649 14.5313 13.9387 14.1799 13.3623 15.9401 13.4172 13.3171 17.8122 12.5894 16.4968 12.2016 12.1701 12.5141 10.5796 14.7594 10.5262 10.3296 10.9363 10.2235 9.97613 15.6142 10.0088 50.0059
threshold=0.0018336574815379341 0.0022406784401464044 -0.011531985616666405 1.9259338139939561 0.010097100972719654 241.50000000000003 -0.010883482471641169 -0.0086782979970401724 0.036252536030044864 0.69613014699758147 0.0050551394463073116 0.84473214285713905 0.56953800619022343 -0.0064313001401662398 0.0043067058750406737 241.50000000000003 0.83495145293304451 0.016725038142112288 -0.0090397703246381505 0.41420000000000085 0.0010122550491512658 0.1362466872651053 1.1349360244518372 253.50000000000003 -0.064689628780357764 252.50000000000003 0.0003491274742567076 0.010097100972719654 268.50000000000006 279.50000000000006
decision_type=2 2 2 2 2 2 2 2 2 2 2 2 2 2 2 2 2 2 2 2 2 2 2 2 2 2 2 2 2 2
left_child=2 5 -1 6 -5 -2 7 8 -3 -10 26 12 15 14 18 16 -12 -13 20 -20 -9 -22 25 -14 -25 -21 28 -28 -8 -30
right_child=1 3 -4 4 -6 -7 10 13 9 -11 11 17 23 -15 -16 -17 -18 -19 19 22 21 -23 -24 24 -26 -27 27 -29 29 -31
leaf_value=0.73930960406566337 0.10171266154798986 0.0079580950825981437 -0.042101455366401433 -0.02766555951960066 0.049328828946569786 -0.023588044269715735 -0.01050198427700025 -0.01072327575589945 0.26928260537934845 0.052243653123693591 0.30540066814266947 0.0073756201534506743 -0.0052104139691742258 0.011851808587567129 0.21689840434029373 -0.020311030542895875 -0.051792011357997783 -0.015942694522310241 -0.052226591484114286 0.40071675642929794 0.11935283137279883 -0.0072132636016319102 0.042515498021119591 0.21703607492649879 0.023356983908287176 0.16585588054221131 -0.018495816475356235 0.061883708479953531 0.048504038998071569 -0.0029888273760621809
leaf_weight=0.063336004037409022 1.9208453642204393 343.31683586200234 150.45610720687546 50.187014646362513 7.352956134825944 68.297205291921273 135.06979045295157 7.2961513963528075 0.91571675729937752 4.2235819483175874 0.69209254346787819 156.6504379484104 34.981525804731064 22.223469399265014 1.8068052325397719 31.237419429817237 0.60653300117701292 87.399350981926546 0.75405423901975055 0.65672276820987541 5.8027954108547402 3.8196182227693498 1.0420024697668848 0.73122274223714967 225.82626896793954 1.5737436537165193 124.34045187768061 6.3503886116668573 56.573095216997899 283.01713980606291
leaf_count=31 76 9101 123269 3521 106 24775 11150 164 22 100 24 5849 1478 606 18 1629 29 1797 44 9 93 62 35 13 9733 49 12844 121 3741 30216
internal_value=-0.000345424 0.00340044 -0.0417727 0.00443803 -0.0178265 -0.0201604 0.00527159 0.0126339 0.00918161 0.0909155 0.00273849 0.00847118 0.0163106 0.0393808 0.0662704 -0.0139695 0.138571 -0.000975158 0.0532766 0.131402 0.0346832 0.0691124 0.173715 0.0200775 0.0239821 0.235007 -0.00235757 -0.0145901 0.00101048 0.00558948
internal_weight=1815.18 1664.67 150.519 1594.45 57.54 70.2181 1536.91 393.431 348.456 5.1393 1143.48 538.125 294.075 44.9754 22.7519 32.536 1.29863 244.05 20.9451 4.02652 16.9186 9.62241 3.27247 261.539 226.557 2.23047 605.351 130.691 474.66 339.59
internal_count=240705 117405 123300 92554 3627 24851 88927 10303 9223 122 78624 20552 12906 1080 474 1682 53 7646 456 137 319 155 93 11224 9746 58 58072 12965 45107 33957
is_linear=0
shrinkage=0.05


Tree=47
num_leaves=31
num_cat=0
split_feature=11 10 8 14 0 8 11 3 14 14 14 10 5 10 5 2 3 5 29 11 14 11 9 10 11 7 7 6 7 9
split_gain=106.221 18.6843 9.68777 15.316 13.6816 10.8963 10.2743 16.7636 13.8658 12.8568 12.6352 12.5697 9.84292 17.0495 19.3186 25.975 12.01 10.603 32.0403 31.636 9.65321 19.1475 20.7722 16.2902 33.6248 10.4827 10.445 16.6386 16.4114 12.2723
threshold=0.0016817060295685187 0.001881970704920969 0.45293982500333169 148.50000000000003 -0.0055487419969189591 0.39485911486407682 0.0031720033366142253 0.029369243941755666 139.50000000000003 60.500000000000007 143.50000000000003 0.010654975040490587 0.0060372079213743312 0.0048544913878988709 0.0063585546699067123 0.0018058043715639684 0.015361283407291816 0.00056313000171151137 0.42023247785087897 0.0028428096061463848 145.50000000000003 0.012124498075811308 0.55994107818439987 0.0026099659053614066 0.01470071065804307 0.0012684797876679154 0.00095200560357982091 0.0017071673481849723 0.00057011836161694526 2.3667858242663748
decision_type=2 2 2 2 2 2 2 2 2 2 2 2 2 2 2 2 2 2 2 2 2 2 2 2 2 2 2 2 2 2
left_child=-1 -2 3 -3 -5 -6 7 9 -8 -4 11 -10 16 14 15 -14 -11 18 -18 -20 21 25 -23 24 -24 -12 27 -25 29 -29
right_child=1 2 6 4 5 -7 8 -9 10 12 20 -13 13 -15 -16 -17 17 -19 19 -21 -22 22 23 26 -26 -27 -28 28 -30 -31
leaf_value=-0.044857938002274139 -0.013802829539410809 -0.015487574859799206 -0.026768421617970398 0.26706814683959068 -0.0076441600905139883 0.17486536150887308 0.0095781207937213828 0.069687704926039568 -0.025742251716508041 -0.0086283992405458698 -0.046681668558822526 0.092563348952637625 0.50675039506738706 0.35633245685705317 -0.03193361812163089 -0.051075692070930073 0.041424791632315709 0.023463769759663793 1.0173931395543925 0.15246611072526692 -0.0042671560324565481 0.33577160860264699 0.52304914577528627 -0.0044638210896449744 -0.051673256063334928 0.025365955084678222 0.012328223931050021 0.041036963876369272 0.31557287541869061 0.26657316714910284
leaf_weight=124.78537039028015 151.50995834171772 90.998094323440455 63.159622960258275 0.77531407214701165 3.2069570510648182 1.0977347735315559 1047.8981401971541 7.0530131936538956 67.519889062270522 83.358804245246574 10.513828655006366 2.3224192839115849 0.44769231695681799 0.49045847263187159 2.4077774039469659 0.39090461260639131 1.5510445019463066 13.553761501796542 0.18730000837240357 0.24273014441132545 104.97643549414352 0.63714651763439434 0.52018163888715452 3.1010955660603967 0.49827952450141311 9.7123678505886328 14.428778763860462 2.6496604885905986 1.0837904606014488 0.78092946298420418
leaf_count=110866 45563 7240 15046 15 127 38 35391 220 3263 16443 692 34 35 24 165 28 115 835 35 12 3461 9 30 97 27 427 356 64 30 17
internal_value=-0.000343809 0.0029487 0.00460153 -0.0107708 0.073721 0.0388974 0.00562755 -0.00580763 0.00718797 -0.00901934 -0.00426206 -0.0218083 0.00190359 0.081561 0.0400488 0.246725 -0.00110637 0.0392563 0.147303 0.529186 0.00396797 0.0236486 0.0541451 0.0463647 0.241868 -0.0120853 0.0373323 0.0847066 0.145961 0.0923774
internal_weight=1811.86 1687.07 1535.56 96.0781 5.08001 4.30469 1439.49 172.843 1266.64 165.79 218.745 69.8423 102.63 3.73683 3.24637 0.838597 98.8936 15.5348 1.98107 0.43003 148.902 43.9261 23.6999 23.0627 1.01846 20.2262 22.0443 7.61548 4.51438 3.43059
internal_count=240705 129839 84276 7420 180 165 76856 32958 43898 32738 8507 3297 17692 252 228 63 17440 997 162 47 5210 1749 630 621 57 1119 564 208 111 81
is_linear=0
shrinkage=0.05


Tree=48
num_leaves=31
num_cat=0
split_feature=11 10 28 1 11 2 9 13 13 14 28 8 13 13 13 28 11 0 2 27 0 11 2 10 8 18 27 3 12 9
split_gain=100.146 16.9432 10.1643 11.8971 18.3443 33.7932 43.4597 14.1227 15.5691 13.2147 30.28 16.8791 12.1949 28.7293 17.1664 15.2623 11.884 11.8696 17.9311 18.1234 12.3334 11.4531 12.7666 11.5287 21.9394 11.5389 13.0882 25.1633 12.3273 11.9192
threshold=0.0016817060295685187 0.001881970704920969 -0.017163094775801625 0.0088634491175753078 0.0024165304464140607 0.0057844942184657197 0.8551618151230137 255.50000000000003 265.50000000000006 126.50000000000001 0.016725038142112288 0.92544581888404098 276.50000000000006 281.50000000000006 287.50000000000006 0.0014517735763582222 0.0056370719327998153 0.0010745232835492893 0.012963657863130808 5.460769888042492 0.0079312178023509556 0.029324629061597 -0.043249657071722951 0.0058973433003598934 0.62998649250694949 0.00041760035707630024 1.0000000180025095e-35 -0.013841620119954266 0.40492142857142838 1.1163841800244449
decision_type=2 2 2 2 2 2 2 2 2 2 2 2 2 2 2 2 2 2 2 2 2 2 2 2 2 2 2 2 2 2
left_child=-1 -2 -3 21 5 6 -5 -6 9 10 -9 -12 15 -14 -15 -10 -11 -18 19 20 -19 22 -4 25 -25 -24 27 28 -27 -30
right_child=1 2 3 4 7 -7 -8 8 12 16 11 -13 13 14 -16 -17 17 18 -20 -21 -22 -23 23 24 -26 26 -28 -29 29 -31
leaf_value=-0.044616684280523858 -0.013290306454338744 0.013021996727929464 -0.031249341080590604 1.1934259041837052 -0.0088553786678995626 0.065748856741838002 0.14360283485534453 -0.055188094668270474 0.21945809272679609 -0.025813550809284949 0.29589566518743338 0.097207165293143424 0.092882349185726035 -0.046190289548157848 0.010783734003657501 -0.049667294336994558 -0.011630108459778549 0.025296287196255225 0.028312069201174073 0.21818893561898278 0.18728200247838883 0.030730529448454415 -0.00029056523659202349 -0.020976632161633757 0.022152929321998808 0.022592248145826319 -0.019878082958470676 -0.051363264373966204 0.15146230553493101 0.45418777955327105
leaf_weight=119.32536724768579 149.53645278420299 276.48613113118336 35.887179206358269 0.16049945075064842 93.138368492946029 2.8080837751040235 0.2555353157222271 2.0002771115396163 0.5498356893658628 7.9925991578493258 1.8227091412991283 2.5846824804320931 10.291342519223688 13.980871532112358 243.26667713257484 12.577534697949885 7.9820280729327342 4.6090451593045163 17.497164490632713 2.8938610162585974 1.5771873984485862 27.473690818063915 487.74050610873383 39.338194101117551 117.73048344114795 0.65822106157429505 126.08575741422828 2.0369470276636994 0.72253805561922468 0.59120618947781622
leaf_count=110866 45563 4496 1297 22 3171 345 35 78 25 218 21 28 156 282 5485 393 139 98 141 48 13 508 48746 1704 3252 44 13300 175 25 31
internal_value=-0.000346889 0.00277835 0.00433789 0.00243872 0.00924273 0.128056 0.548608 0.00833662 0.0131944 0.039212 0.106152 0.179376 0.00865583 0.0109645 0.00768731 -0.0383951 0.0291317 0.0418391 0.0578976 0.114908 0.0665947 -0.00101894 -0.00209477 -0.000744568 0.011351 -0.00381956 -0.0170502 0.0718904 0.199206 0.287694
internal_weight=1809.6 1690.28 1540.74 1264.25 425.988 3.22412 0.416035 422.764 329.626 48.9596 6.40767 4.40739 280.666 267.539 257.248 13.1274 42.5519 34.5593 26.5773 9.08009 6.18623 838.265 810.791 774.904 157.069 617.835 130.095 4.00891 1.97197 1.31374
internal_count=240705 129839 84276 79780 10698 402 57 10296 7125 784 127 49 6341 5923 5767 418 657 439 300 159 111 69082 68574 67277 4956 62321 13575 275 100 56
is_linear=0
shrinkage=0.05


Tree=49
num_leaves=31
num_cat=0
split_feature=11 4 8 0 28 7 12 15 28 13 13 13 13 3 27 13 15 13 3 13 5 4 11 11 28 11 11 10 13 13
split_gain=94.4237 16.6371 11.1568 13.2913 9.58107 12.1751 13.8507 21.0371 11.6537 14.614 16.1081 13.2859 31.8252 31.1159 20.7091 15.7684 16.3266 20.5574 36.3404 20.0716 15.9186 20.7944 25.8437 14.5964 14.5332 14.0077 11.9765 11.0213 12.4799 13.8424
threshold=0.0016817060295685187 0.0023739161369492607 1.9259338139939561 0.010097100972719654 -0.010883482471641169 0.0037918641632949655 0.1570035714285711 0.73333328444442492 0.0042698457895503231 256.50000000000006 370.50000000000006 281.50000000000006 274.50000000000006 0.019463846158229717 6.2534902757981063 324.50000000000006 0.29999999571428887 329.50000000000006 0.014169774900485101 327.50000000000006 0.0016055977015816967 0.004011313511002825 0.0035845257099177083 0.0050497926806800635 0.010137017760413881 0.003786753464676666 0.017524432702763937 0.017016250931383859 309.50000000000006 319.50000000000006
decision_type=2 2 2 2 2 2 2 2 2 2 2 2 2 2 2 2 2 2 2 2 2 2 2 2 2 2 2 2 2 2
left_child=-1 -2 4 -4 -3 8 7 -7 26 -10 11 12 14 -14 -11 27 25 18 19 -18 21 22 -21 -16 -25 -17 -6 28 -13 -30
right_child=1 2 3 -5 5 6 -8 -9 9 10 -12 15 13 -15 23 16 17 -19 -20 20 -22 -23 -24 24 -26 -27 -28 -29 29 -31
leaf_value=-0.044366006318364876 -0.018362804407105828 0.011247101217460873 -0.027309152045893893 0.044455071276052215 -0.0077355179538557348 0.012796659397151987 0.015489489778372008 0.42445800119781141 -0.011890864475208669 -0.010348683068751372 -0.051124714093073113 -0.021757215995799037 -0.0050130498280916962 0.091017359114268684 -0.014205953772437949 -0.050900796323885535 0.05441493135495843 0.00037247805438566013 -0.0090469496377269427 0.22062582686505455 0.1311661295807858 0.04917183984955048 0.73453798529764081 0.19129049293440711 0.053301567244423781 0.099347446947564949 0.018319181994994639 0.025027492892623709 0.017222521641514815 -0.027499829928675425
leaf_weight=114.13115568424109 89.461108484654687 400.75874190160539 49.478325256495737 7.4194383919239035 437.92984717048239 0.76186183607205638 120.09393354982603 0.52365837781690061 97.940001314505935 54.032715492066927 10.699723871541208 81.944915056112222 12.144145548925733 27.621254763216712 7.0321032364154261 1.8344968961318944 7.4083757828921097 72.138676198665053 12.49580264627002 0.54463570320513077 4.53565330686979 0.47581090871244669 0.44411807041615248 2.2067167402710792 14.102931131143121 10.048019354930146 49.045638399664313 30.307695872150362 64.992696915287524 23.57944305264391
leaf_count=110866 35434 10273 3738 106 51682 33 2309 24 4995 2837 1186 3770 620 285 403 214 272 5404 416 35 130 14 11 67 130 159 1394 500 2330 1068
internal_value=-0.000347639 0.00262155 0.00379299 -0.0179511 0.00459342 0.00226435 0.017237 0.180487 0.000488722 0.00557163 0.00947112 0.0109864 0.0253364 0.0616902 0.00665293 0.00557701 0.0208006 0.0140923 0.0522992 0.109469 0.177444 0.320763 0.45146 0.0460092 0.0719716 0.0761512 -0.00511142 -0.00275594 -0.00769416 0.00531665
internal_weight=1806.13 1692 1602.54 56.8978 1545.64 1144.88 121.379 1.28552 1023.51 536.53 438.59 427.89 117.14 39.7654 77.3745 310.75 109.926 98.0431 25.9044 13.4086 6.00022 1.46456 0.988754 23.3418 16.3096 11.8825 486.975 200.825 170.517 88.5721
internal_count=240705 129839 94405 3844 90561 80288 2366 57 77922 24846 19851 18665 4342 905 3437 14323 6655 6282 878 462 190 60 46 600 197 373 53076 7668 7168 3398
is_linear=0
shrinkage=0.05


Tree=50
num_leaves=31
num_cat=0
split_feature=11 4 13 28 27 13 13 3 11 7 15 7 12 11 6 30 4 27 15 12 28 11 12 12 28 12 18 3 6 10
split_gain=85.3439 13.2364 11.3267 8.37191 12.4773 10.6657 33.7869 40.8517 14.5114 14.134 13.0975 13.8856 11.0428 30.0441 11.6792 14.2452 10.8485 146.229 18.0319 15.1239 10.7111 15.4544 22.1523 9.62965 15.4203 17.8375 9.62369 12.4249 9.63801 13.4355
threshold=0.0016817060295685187 0.0019521067138354342 241.50000000000003 -0.014498889705119583 1.4965607928820863 273.50000000000006 280.50000000000006 0.017619707476629113 0.0067569002537568252 0.00018345257750869927 0.097560973230210249 0.0011800711634918078 0.12428571428571546 0.0024832123368227019 0.0016285239514199515 0.43075589435860262 0.002010527060782951 1.3682629647581823 0.92369476984242216 1.5684142857142864 0.0092914510084159806 0.0073512550198496038 0.37786000000000142 0.82964285714286401 0.0082556171818786214 1.8169178571428579 0.0009397459275426735 -0.08764577449322912 0.00093255699969093677 0.0042371677304343667
decision_type=2 2 2 2 2 2 2 2 2 2 2 2 2 2 2 2 2 2 2 2 2 2 2 2 2 2 2 2 2 2
left_child=-1 2 -2 -3 5 8 7 10 -5 -8 11 12 13 -7 -14 -16 17 18 19 -11 23 22 -22 -10 -25 -26 27 28 -18 -30
right_child=1 3 -4 4 -6 6 9 -9 20 16 -12 -13 14 -15 15 -17 26 -19 -20 -21 21 -23 -24 24 25 -27 -28 -29 29 -31
leaf_value=-0.044107496325809827 0.092842133889645698 0.0093110939526605107 -0.027889556740003398 -0.030759014680772412 0.0058198605198616152 1.1342394056142415 -0.024485904352458683 0.079234210429239241 -0.012985087147184188 -0.050218141611329273 -0.026897707596688414 0.48208482978036482 -0.0074379704565981433 -0.050538660671918048 0.020122869162323878 0.3929855379682009 -0.053245878846568839 2.6574451100977812 0.97205533966235425 0.74851623012748492 0.36410515428043227 -0.034392225144812875 -0.0092370285342331156 0.012714500120710556 0.034038404494340091 0.34652539802763149 -0.019603023347322134 0.00082647384324495551 0.21742282960425907 0.050287422467239676
leaf_weight=109.2062798688421 2.0205999738536766 337.43785579339601 50.379011218785308 76.39186141313985 592.06485016306397 0.08443112159148114 73.661246769945137 28.045662349788472 46.409865459194407 1.1153375064022828 20.10179423505906 0.18766142474487413 4.200486404937692 0.14610193273983896 0.60042063042055793 0.44676558789797127 1.5911372434347848 0.055400069802999385 0.04890394746325899 0.062591088353656121 0.59970459877513249 35.003706978634 1.1773700590711085 59.026274933712557 1.1613462173845608 0.75264115957543243 57.880631235893816 287.70182177086826 1.4802314268890766 6.4068250982090831
leaf_count=110860 66 6545 22250 9974 38258 35 9644 264 2756 496 2238 19 464 21 36 14 53 28 10 19 26 1361 63 2626 56 30 4709 27815 49 85
internal_value=-0.00127178 0.00150239 -0.023234 0.00229572 0.000469712 -0.0040276 0.000126335 0.0374767 -0.0131411 -0.00454791 -0.00797242 0.0591722 0.0446849 0.383378 0.0298059 0.179199 -0.000426443 0.144748 0.0312819 -0.00777613 -0.00380336 -0.0270896 0.116754 0.00417506 0.0172436 0.156918 -0.000950711 0.00268213 0.0590089 0.0816552
internal_weight=1795.45 1686.24 52.3996 1633.84 1296.41 704.34 483.817 53.8133 220.523 430.004 25.7677 5.66587 5.47821 0.230533 5.24767 1.04719 356.343 1.28223 1.22683 1.17793 144.131 36.7808 1.77707 107.35 60.9403 1.91399 355.061 297.18 9.47819 7.88706
internal_count=240870 130010 22316 107694 101149 62891 45999 3091 16892 42908 2827 589 570 56 514 50 33264 553 525 515 6918 1450 89 5468 2712 86 32711 28002 187 134
is_linear=0
shrinkage=0.05


Tree=51
num_leaves=31
num_cat=0
split_feature=11 4 11 4 5 28 22 6 6 8 1 12 13 3 8 13 11 28 2 2 30 1 5 13 13 3 13 3 1 2
split_gain=80.539 12.7634 9.86976 85.8268 35.8651 19.0158 9.55681 16.7245 15.2481 21.7058 23.2968 11.739 11.4937 9.54436 9.25506 10.439 10.1415 9.53247 14.583 12.3321 12.9239 20.2415 15.5173 11.9392 30.1913 19.5651 17.7024 14.1293 14.7903 13.8134
threshold=0.0016817060295685187 0.0023739161369492607 0.0017036740157675126 0.0062939400144719779 0.00024668815716528524 -0.008326433333324194 1.0000000180025095e-35 0.00031036623215394214 0.001027682867854646 0.99248980347114257 -0.0090397703246381505 0.20222142857143008 245.50000000000003 -0.068159141698360667 1.1349360244518372 242.50000000000003 0.0025821930755653985 -0.014498889705119583 -0.004947664704652909 -0.0047382531720378531 -0.034967368001307501 -0.0078909141082085781 0.0039434544889223374 273.50000000000006 279.50000000000006 0.016042242966716861 295.50000000000006 -0.031618753641043044 0.012228270119181041 0.0025707801773930954
decision_type=2 2 2 2 2 2 2 2 2 2 2 2 2 2 2 2 2 2 2 2 2 2 2 2 2 2 2 2 2 2
left_child=-1 13 3 4 -3 -6 14 12 9 10 -9 -11 -8 -2 15 -4 -16 -17 -19 20 -20 -22 -23 27 25 29 -26 -21 -29 -25
right_child=1 2 6 -5 5 -7 7 8 -10 11 -12 -13 -14 -15 16 17 -18 18 19 23 21 22 -24 24 26 -27 -28 28 -30 -31
leaf_value=-0.043837181776571553 0.10667902790154474 1.0011624659634755 -0.020491775820536011 2.3929327821933453 0.94277935938022361 -0.050148296218432344 0.2586530767175283 0.90414364933921409 0.027210520879699957 0.53151002219681576 0.1712873565251738 0.097564294972188326 -0.056332236070163161 -0.019384769762221907 -0.030490787526242576 0.014453353824872601 -0.001982441097381269 -0.0080441668732369239 -0.05099829261030106 0.019814275287931653 0.60774145213164976 0.051502114140007584 0.37124523380628927 0.044895732392067594 -0.029381573615664999 0.070406752056200075 0.0090398107868361419 -0.024000478076448829 0.0092371142914495809 -0.042732618932654537
leaf_weight=104.5048225033679 1.5280860138591368 0.095109340851194157 40.767891890136525 0.040927683934569248 0.050358152016997226 1.1352673642104489 0.31840395554900025 0.20895115844905376 2.4714314310112968 0.17020617285743389 0.22544428601395372 1.8475059361662713 3.2029661962296814 86.080977087141946 33.832034803577699 225.34066022688057 400.39369902550243 225.52336116228253 1.0413719506468626 45.888047779910266 0.22763560898602042 1.9286549766547971 0.47238677507266391 10.012120733037593 32.505611869390123 32.232174815610051 385.78832526912447 92.817866778117605 52.34649561275728 8.164830604917368
leaf_count=110860 101 39 1453 6 26 666 5 8 104 17 42 105 317 35208 10600 4204 17494 17042 143 1209 21 231 30 855 3418 343 25218 9009 1403 693
internal_value=-0.00124292 0.0013962 0.00241429 0.138993 0.0669653 -0.00797478 0.00230131 0.0553504 0.114857 0.203194 0.523803 0.13417 -0.0278511 -0.017186 0.00201942 0.00435888 -0.00420363 0.00526807 0.00293969 0.00667351 0.098074 0.15713 0.114409 0.00616508 0.0104594 0.0470145 0.00605409 -0.00437003 -0.012015 0.00553431
internal_weight=1791.16 1686.66 1599.05 1.32166 1.28073 1.18563 1597.73 8.44491 4.92354 2.45211 0.434395 2.01771 3.52137 87.6091 1589.28 1155.06 434.226 1114.29 888.949 663.426 3.67005 2.62868 2.40104 659.755 468.703 50.4091 418.294 191.052 145.164 18.177
internal_count=240870 130010 94701 737 731 692 93964 598 276 172 50 122 322 35309 93366 65272 28094 63819 59615 42573 425 282 261 42148 30527 1891 28636 11621 10412 1548
is_linear=0
shrinkage=0.05


Tree=52
num_leaves=31
num_cat=0
split_feature=11 4 0 28 2 13 13 3 13 7 11 3 27 3 10 2 15 18 15 13 3 2 0 1 2 18 9 9 3 10
split_gain=76.0158 11.9232 9.7932 7.75091 13.9908 13.4677 44.7091 38.5668 24.9936 21.144 16.7295 29.5889 16.226 19.5979 14.6599 17.2385 19.7522 14.5914 13.0649 12.6023 12.1174 21.8897 15.8772 11.7176 11.2955 11.4146 29.0212 11.0995 10.974 13.9372
threshold=0.0016817060295685187 0.001621541012475217 -0.0037475583608971292 -0.014498889705119583 -0.004947664704652909 274.50000000000006 281.50000000000006 0.016781532372756373 287.50000000000006 0.00053007892061595187 0.003089905357928642 -0.018928281574513369 5.460769888042492 -0.031618753641043044 0.0058973433003598934 -7.7644273027699371e-05 0.41666659722222771 0.00072846781477424244 0.017677669372494084 265.50000000000006 0.045878468636728738 0.0077395101117507812 0.0012431988968498733 -0.039271356450257859 0.0045496375804928721 0.002093425969776607 0.81704825195430686 0.91422394916261618 0.000399027518940609 0.0028187591193800316
decision_type=2 2 2 2 2 2 2 2 2 2 2 2 2 2 2 2 2 2 2 2 2 2 2 2 2 2 2 2 2 2
left_child=-1 2 -2 -3 -5 12 7 10 -8 -10 11 -7 13 14 27 16 -16 18 -11 -14 21 -9 -23 -15 25 28 -27 -6 -13 -30
right_child=1 3 -4 4 5 6 8 20 9 17 -12 24 19 23 15 -17 -18 -19 -20 -21 -22 22 -24 -25 -26 26 -28 -29 29 -31
leaf_value=-0.043556669787568857 0.15421820593362334 0.0085707031502064591 -0.033920553100726218 -0.0089534444462560821 0.015645856614138941 0.84269653597598393 -0.047763763453261429 0.10340343015838838 -0.010069192733113019 0.40310311744430766 -0.044843313050815799 -0.034860473210371036 0.026467095716420187 0.31109540371344979 0.25515357052371029 0.026017906629872124 0.026649665233841879 -0.01037653781448683 0.01470300855500942 -0.049007594445038112 0.13129826891799579 -0.036366504155581729 0.060840055436161722 -0.018673952472780371 -0.034341446083748443 0.80986225296231762 0.053921081855112574 -0.044698609648012366 0.026669571991407327 0.16857032748850662
leaf_weight=100.03231260570465 0.70802160946186887 342.83264176826924 29.976289042271674 320.56484885630198 29.627827409422025 0.11185049614869669 23.658970810938627 16.667398363468237 172.19600306963548 0.21664978563785453 12.082681423053144 3.2509455953259021 51.558494289172813 0.26973894238471885 2.0602081678807749 10.460011077113446 1.7482707193121312 68.088510230765678 345.55704604357015 6.1953924358822396 7.7866887114942065 6.8037000987678793 10.9797779568471 199.38721641979646 5.2192947260336942 0.17427108692936677 0.46770675561856478 10.258722550468518 5.1206578075652942 2.6135858836350963
leaf_count=110860 26 6603 13712 29760 1102 15 2708 185 22180 2 634 1025 1927 2 24 121 23 3995 25614 546 81 105 134 17485 772 24 55 387 640 123
internal_value=-0.00120793 0.00130371 -0.0295794 0.00187596 0.000128094 0.00306113 0.00700064 0.0444704 0.00262027 0.00465425 0.00011551 0.0321484 -0.00554952 -0.0109925 0.0156848 0.0591799 0.15026 0.0107802 0.0149464 0.0183708 0.0749671 0.062235 0.0236502 -0.0182284 0.0267668 0.0541976 0.259129 0.000125408 0.0422213 0.0746212
internal_weight=1786.68 1686.64 30.6843 1655.96 1313.13 992.562 680.996 71.2786 609.717 586.058 29.041 16.9583 311.566 253.812 54.155 14.2685 3.80848 413.862 345.774 57.7539 42.2376 34.4509 17.7835 199.657 16.8465 11.6272 0.641978 39.8865 10.9852 7.73424
internal_count=240870 130010 13738 116272 109669 79909 58292 3793 54499 51791 3288 2654 21617 19144 1657 168 47 29611 25616 2473 505 424 239 17487 2639 1867 79 1489 1788 763
is_linear=0
shrinkage=0.05


Tree=53
num_leaves=31
num_cat=0
split_feature=11 4 0 22 15 12 12 7 18 4 5 0 13 13 13 28 2 7 28 11 27 13 2 2 28 13 13 7 11 11
split_gain=71.7624 11.0715 8.2772 7.86078 9.75502 10.2623 17.2416 9.23947 8.51954 10.1329 14.0826 38.9187 9.84013 22.705 20.5758 17.4632 12.1893 14.1529 11.9438 11.7483 15.8112 11.2215 16.4234 11.7833 18.3563 27.9063 27.6613 24.6259 21.307 19.7641
threshold=0.0016817060295685187 0.001621541012475217 -0.0037475583608971292 1.0000000180025095e-35 0.25925924005484291 0.67439642857142812 0.80312499999999842 0.00024859646589352218 0.0003491274742567076 0.004330861986794097 0.00011459926458025689 -0.00053458487642582531 273.50000000000006 279.50000000000006 287.50000000000006 -0.0011904921048289053 0.0017033986636522116 5.4921419040705745e-05 0.0047405893978319999 0.011633612119249301 61710.000000000007 342.50000000000006 -0.028026751763842391 -0.012425734559297462 -0.0066284716191636747 311.50000000000006 307.50000000000006 0.00018754688672166533 0.0053247126574722031 0.0080787997755563338
decision_type=2 2 2 2 2 2 2 2 2 2 2 2 2 2 2 2 2 2 2 2 2 2 2 2 2 2 2 2 2 2
left_child=-1 2 -2 8 5 -5 -7 -8 12 10 11 -10 19 15 -15 -14 17 18 -17 20 -3 23 -23 -16 25 26 -25 -28 -29 -30
right_child=1 3 -4 4 -6 6 7 -9 9 -11 -12 -13 13 14 21 16 -18 -19 -20 -21 -22 22 -24 24 -26 -27 27 28 29 -31
leaf_value=-0.043265712869634855 0.13037396202703774 -0.013909921931098305 -0.033343093258993144 -0.021374012349501349 0.23425602354294811 0.3227511356087695 0.16091254655075121 -0.012763800306568977 0.87595157377732635 -0.0019296384170396702 -0.029599234259905013 -0.050506012047807539 -0.026708171082843891 -0.038484150459568794 -0.0027150028465174735 0.1439366258239396 0.030530978598495948 0.064106224493552341 0.44374922825017871 0.0061317464938714858 0.043981320387543328 0.086145926430067965 -0.011624417029482961 0.01686932425998712 0.0088960888720385975 0.0043614741814591495 0.28300035634360937 -0.069081879493845408 0.18017690640402609 0.058043876272317899
leaf_weight=95.777624879498035 0.79315092996694403 208.10399566916749 28.995742917992175 4.1786238645436207 0.65504134155344296 0.66608581237960596 1.1464912884403022 2.3061287780292332 0.16188268177211285 352.49809380795341 46.448169409413822 0.37815958901774038 9.7576589185046014 27.114417991251685 166.9710696300026 1.6890275618061452 39.01047871937044 14.5252900312189 0.41351395659148682 198.74214045866393 12.503140343003905 4.4592185588553539 116.81039596989285 12.574388275039384 387.31970647885464 29.445487708901055 1.9264835241483549 1.7842383360257361 6.1992623228579742 7.1133289558347315
leaf_count=110860 26 19291 13712 390 36 38 49 115 31 13774 12064 79 1358 3930 5091 100 1469 514 7 5919 527 46 18811 798 29075 2361 57 146 76 120
internal_value=-0.00116597 0.00122747 -0.028984 0.00177129 0.048497 0.0338321 0.0898413 0.0449079 0.00151715 -0.00483702 -0.0266477 0.227208 0.00355363 0.0067169 0.00428958 0.0349898 0.0458101 0.0816565 0.202902 -0.00268552 -0.0106289 0.00586837 -0.00802929 0.00861625 0.0128549 0.0388247 0.0731107 0.114654 0.0931713 0.114917
internal_weight=1780.47 1684.69 29.7889 1654.9 8.95237 8.29733 4.11871 3.45262 1645.95 399.486 46.9882 0.540042 1246.46 827.114 761.718 65.396 55.6383 16.6278 2.10254 419.349 220.607 734.604 121.27 613.334 446.363 59.0432 29.5977 17.0233 15.0968 13.3126
internal_count=240870 130010 13738 116272 628 592 202 164 115644 25948 12174 110 89696 63959 60511 3448 2090 621 107 25737 19818 56581 18857 37724 32633 3558 1197 399 342 196
is_linear=0
shrinkage=0.05


Tree=54
num_leaves=31
num_cat=0
split_feature=11 6 1 6 1 10 5 5 12 9 6 6 15 11 7 1 8 9 13 12 7 0 10 7 3 11 10 15 29 14
split_gain=67.7279 9.15589 17.1678 13.1688 20.4221 32.3134 94.4677 13.0583 11.812 11.0197 11.4393 12.7339 10.715 8.80143 30.699 24.1014 14.871 8.62474 8.18968 7.58244 15.0837 8.58335 16.3504 8.23231 21.5026 7.89108 14.0615 7.41722 15.9393 14.071
threshold=0.0016817060295685187 0.00057277164650226407 0.0098400522050738921 0.00057847703870064803 -0.0024179144748658894 0.0023283579450156383 0.0022913022577861534 0.0043558284887241332 0.80312499999999842 0.87248582680276476 0.0005182764430033905 0.00054980442684675497 0.24254896079268196 0.0017149277066827295 0.0016396104157097725 -0.010085918833354633 0.50709695178709424 1.0400773411889845 303.50000000000006 0.93968489285714962 0.0062119455581558696 0.0068951606229490378 0.014413348422992942 0.0010443864229765763 0.033805311471510675 0.0022255373261040527 0.0022475646756511878 0.54285711183672236 -0.22478830630893279 142.50000000000003
decision_type=2 2 2 2 2 2 2 2 2 2 2 2 2 2 2 2 2 2 2 2 2 2 2 2 2 2 2 2 2 2
left_child=-1 2 8 4 5 6 -3 -7 -2 10 27 -12 -6 14 15 -5 18 -11 -17 20 21 25 23 -23 -25 26 -19 28 -4 -30
right_child=1 3 9 13 12 7 -8 -9 -10 17 11 -13 -14 -15 -16 16 -18 19 -20 -21 -22 22 -24 24 -26 -27 -28 -29 29 -31
leaf_value=-0.042964073246391947 -0.016584303341330292 -0.050754152626708716 -0.052369545432486266 1.2792465441266552 0.5590372750392526 -0.051302896216985833 1.9623092708401453 0.30242722243430575 0.0010463176397787048 -0.037657822178795333 0.22268951419394709 -0.0085818589391968448 -0.025262807216658328 0.0030706543757023832 0.54286598447496515 0.58009679430357552 -0.050415539024965164 -0.050216432097686683 -0.050089624676807748 -0.012557708406343852 0.15369277841043816 -0.013790920791125445 0.20443570231700564 0.2151660051967339 -0.051817225837432104 -0.0073269693981471602 0.58578074128077473 0.023264787333534272 0.53647216024141109 0.087612960742422419
leaf_weight=91.730180263461079 230.78383129823487 0.14096011733636293 0.55779542960226536 0.037602836964652275 0.082040515844709172 0.48554056638386078 0.099356295890174806 0.56393685657531023 161.46918094146531 11.746397132752461 1.6105550790671253 0.94409259490203101 1.7990554504794998 1183.4794235064182 0.33564307400956739 0.1579364676726972 1.6975099752889944 0.19618190568872762 0.076539209811016917 22.272365257027559 2.1426275465637437 4.9043118804693204 1.5366802066564558 1.6218716707080605 1.4096270799636839 18.935895951231942 0.15602971147745848 34.101660928456113 0.34009756217710563 0.35880164941772819
leaf_count=110860 43335 41 28 5 20 40 15 22 13604 374 37 26 234 68259 39 22 943 63 53 635 31 97 25 23 25 773 11 1189 20 21
internal_value=-0.00112513 0.00115384 -0.00455943 0.00353288 0.105292 0.258533 0.781526 0.138774 -0.00932674 0.0136249 0.0350433 0.137221 0.000220358 0.00326077 0.100865 0.0255419 0.00114066 0.00111709 0.374387 0.0096824 0.0257111 0.0161767 0.055154 0.0262473 0.0910205 -0.0029653 0.23153 0.0276609 0.146955 0.306036
internal_weight=1775.77 1684.04 495.088 1188.96 3.17089 1.28979 0.240316 1.04948 392.253 102.835 37.913 2.55465 1.8811 1185.78 2.30523 1.96959 1.93199 64.922 0.234476 53.1756 30.9032 28.7606 9.47249 7.93581 3.0315 19.2881 0.352212 35.3584 1.25669 0.698899
internal_count=240870 130010 60317 69693 372 118 56 62 56939 3378 1321 63 254 69321 1062 1023 1018 2057 75 1683 1048 1017 170 145 48 847 74 1258 69 41
is_linear=0
shrinkage=0.05


Tree=55
num_leaves=31
num_cat=0
split_feature=11 7 12 21 1 30 13 7 11 3 8 8 18 13 14 22 15 13 12 14 28 3 1 11 1 28 28 13 6 15
split_gain=62.2819 10.4852 10.359 10.3579 9.73691 34.7943 9.68669 9.24695 8.70601 10.382 8.41813 8.65034 8.30929 8.04922 8.59998 7.61831 7.69699 7.72867 7.61717 27.4624 12.0349 43.9771 14.3158 47.76 13.5841 8.90955 8.31994 10.0153 11.4928 8.76655
threshold=0.0016817060295685187 0.0011537069434208308 0.20446428571428146 1.0000000180025095e-35 -0.009525010104107055 0.27184794384900651 241.50000000000003 0.0011941182941773386 0.0022255373261040527 0.010866227564719779 0.39485911486407682 1.884513379448894 0.0047852649728154012 278.50000000000006 115.50000000000001 1.0000000180025095e-35 0.9958631680820621 300.50000000000006 0.21551785714285596 13.500000000000002 0.0019968859756632914 0.02163074698819856 -0.0024179144748658894 0.0058021028104980566 0.0080974417253467674 0.0016728413303535403 -0.024529106552347652 253.50000000000003 0.0045248303331523613 0.090909085399450376
decision_type=2 2 2 2 2 2 2 2 2 2 2 2 2 2 2 2 2 2 2 2 2 2 2 2 2 2 2 2 2 2
left_child=4 2 -2 7 5 -1 -6 -3 9 -4 -9 -12 -5 14 -11 16 -13 -18 19 -10 21 22 -21 24 25 -24 27 28 -20 -30
right_child=1 3 8 12 6 -7 -8 10 18 13 11 15 -14 -15 -16 -17 17 -19 26 20 -22 -23 23 -25 -26 -27 -28 -29 29 -31
leaf_value=-0.050076211284455829 -0.019082632502649917 0.040001072130147468 -0.03555986792623244 -0.031052919371630312 0.44885123182479802 2.191857937366561 -0.043193966848686448 -0.0232325929040012 0.57999884906321353 0.10312265925500258 0.0065892287130916959 -0.028722180929648147 -0.20756239242958041 -0.024638966891471541 -0.055090923070945645 0.086179365666894228 0.25225937554328454 -0.053106150053354652 0.026020826847832086 -0.030141019734425453 -0.051163747825250294 0.90676877353409258 -0.050460611905130341 0.8399876525582658 0.32321047029127448 0.43419396248532866 -0.0017413613562995854 -0.00056600713097037928 0.17763433848285137 0.03771779228731785
leaf_weight=0.0772610233980221 87.943005590001121 18.853577838162892 33.966909588780254 2.1390674462309103 0.10013869812246312 0.022301749850157648 87.558184876688756 26.325962158618495 0.23760245996527274 3.8394011855125409 767.91778402449563 31.175540606374852 0.96870762854814518 4.5087720912415534 1.1064362418837843 1.6287014032714058 0.49241142999380727 0.35774770902935416 20.213618680834774 2.3176481500267982 2.6310332895955071 0.1566279565449803 1.2153103384189305 0.22436701925471414 0.39018924231640983 0.10285203426610667 637.33085459587164 30.876107018906623 2.4705553501844397 2.0471870750188828
leaf_count=64 20477 1600 19097 90 18 15 110699 1386 26 69 34694 1683 9 1769 218 31 23 21 312 266 319 22 250 21 7 11 47209 402 22 23
internal_value=-0.00100666 0.00113656 -0.00285498 0.00504223 -0.0420706 0.45211 -0.0426319 0.00537664 -0.00093588 -0.022661 0.00458814 0.00550185 -0.0860717 0.0236798 0.0677286 -0.0193096 -0.0246743 0.123761 0.000411335 0.051305 0.0334564 0.0839757 0.0536554 0.154141 0.0640651 -0.0126446 -0.000123032 0.018425 0.0421346 0.114232
internal_weight=1769.2 1681.44 831.578 849.86 87.7579 0.0995628 87.6583 846.752 743.635 43.4215 827.898 801.572 3.10778 9.45461 4.94584 33.6544 32.0257 0.850159 700.214 7.27563 7.03803 4.40699 4.25037 1.93272 1.70835 1.31816 692.938 55.6075 24.7314 4.51774
internal_count=240853 130057 90520 39537 110796 79 110717 39438 70043 21153 37838 36452 99 2056 287 1758 1727 44 48890 922 896 577 555 289 268 261 47968 759 357 45
is_linear=0
shrinkage=0.05


Tree=56
num_leaves=31
num_cat=0
split_feature=4 10 5 4 6 12 18 8 12 13 18 5 4 15 15 2 3 12 10 12 8 2 8 12 8 9 2 2 27 14
split_gain=55.0371 13.5849 8.22117 19.0177 30.7293 14.386 7.92017 10.4701 11.1086 33.6205 9.7926 11.6373 10.0201 11.0215 9.99446 12.6848 18.8639 9.26461 8.42585 13.4144 10.5848 9.76766 10.3662 9.05405 8.38377 8.73361 8.28452 8.62621 17.707 9.35675
threshold=0.0021930067984679211 0.0026941199006305463 1.8830184189390835e-05 0.0014761511261113648 0.00028566564427177211 0.29044285714285428 0.010149844687905347 1.9259338139939561 0.03302142857142832 297.50000000000006 0.00054592266584160495 8.0614588236470707e-05 0.004330861986794097 0.029850745377604574 1.0000000180025095e-35 0.0022657201535318809 0.013639585404524925 0.89108214285716014 0.0031082160984139489 1.6807642857142857 0.48772740337523152 -0.0045321391577139982 1.6633122412579111 0.31196428571428525 0.7993343043209864 0.58972378822645799 -0.024479517913469136 0.019890764296336409 2.446581591769577 18.500000000000004
decision_type=2 2 2 2 2 2 2 2 2 2 2 2 2 2 2 2 2 2 2 2 2 2 2 2 2 2 2 2 2 2
left_child=1 -1 3 -3 -5 -6 7 8 9 -2 -10 -12 -13 14 -14 18 -17 -18 19 21 -20 22 -16 -23 25 26 -15 29 -29 -28
right_child=6 2 -4 4 5 -7 -8 -9 10 -11 11 12 13 24 15 16 17 -19 20 -21 -22 23 -24 -25 -26 -27 27 28 -30 -31
leaf_value=-0.038490080291767856 1.1660311054136223 0.0050010973368120456 -0.00512487055940237 0.95063927516978208 0.49804137121584263 -0.05141824756593364 0.03484458899717726 -0.020682834218314364 0.0039538454843141774 -0.050172488794148429 0.32491696504189127 -0.030035849921408043 -0.012889153470501125 0.082478295122936529 -0.036911881643363224 0.35677116233566875 0.15740116537621759 -0.05226650098143433 0.18921894014252102 0.2548862941403584 0.0061541503545746523 0.51594226970881274 0.27550550694047587 0.10651736617195642 -0.0015177688296839789 -0.035239858770597599 0.22936585075600169 -0.053341539496105254 0.17370156977016607 -0.030341913793892207
leaf_weight=113.61886797222542 0.082142984727396562 1.6919900235952838 16.335788873780984 0.14977024076506484 0.18224965967237949 0.34394619264639914 17.654309052973986 53.003184810921084 1221.1462787571945 0.18435447389492765 0.2660941585781974 38.116724067309406 14.378253689734263 2.8866089414805201 2.3531027320423168 0.73386081273201798 1.1675451970659199 0.96015268424525846 0.8227438058238502 0.96219425310846407 19.60902244283352 0.17632041010074972 0.29928497876971949 0.57663592742756009 197.12696847942425 43.210647594998591 0.35495745833032089 1.6732407659292214 1.7641696305945513 15.115053702786097
leaf_count=115922 17 196 3403 13 28 39 248 6079 89000 146 33 13512 679 56 199 32 31 38 22 23 464 28 18 37 8138 1608 27 50 24 743
internal_value=-0.000974525 -0.03199 0.007496 0.0945634 0.318744 0.138889 0.00153617 0.00117251 0.00191319 0.3247 0.00185818 -0.00561254 -0.00586949 -0.00284112 0.0209253 0.0385022 0.13818 0.0627858 0.0270006 0.090037 0.0135258 0.0434582 -0.00165993 0.202393 -0.00665264 -0.0222241 0.00358189 -0.00846328 0.063183 -0.024383
internal_weight=1766.95 132.323 18.7037 2.36796 0.675966 0.526196 1634.62 1616.97 1563.97 0.266497 1563.7 342.554 342.287 304.171 42.0391 27.6609 2.86156 2.1277 24.7993 4.36754 20.4318 3.40534 2.65239 0.752956 262.132 65.0047 21.794 18.9074 3.43741 15.47
internal_count=240853 119601 3679 276 80 67 121252 121004 114925 163 114762 25762 25729 12217 1571 892 101 69 791 305 486 282 217 65 10646 2508 900 844 74 770
is_linear=0
shrinkage=0.05


end of trees

feature_importances:
time_since_open=282
returns_20=155
volatility_20=145
atr=121
volatility_5=104
distance_from_vwap=102
returns_10=94
range_pct=91
returns_5=85
time_to_close=73
lower_wick=64
upper_wick=58
price_position=51
volume_ratio=48
volume_ratio_20=45
pressure_ratio=40
body_pct=32
volume_momentum=31
returns=29
fvg_size_pct=27
pv_divergence=20
fvg_down=4
order_block_bear=3
fvg_up=2
order_block_bull=2
liquidity_grab_low=1
bos_up=1

parameters:
[boosting: gbdt]
[objective: binary]
[metric: auc]
[tree_learner: serial]
[device_type: cpu]
[data_sample_strategy: bagging]
[data: ]
[valid: ]
[num_iterations: 500]
[learning_rate: 0.05]
[num_leaves: 31]
[num_threads: 0]
[seed: 0]
[deterministic: 0]
[force_col_wise: 0]
[force_row_wise: 0]
[histogram_pool_size: -1]
[max_depth: -1]
[min_data_in_leaf: 20]
[min_sum_hessian_in_leaf: 0.001]
[bagging_fraction: 0.8]
[pos_bagging_fraction: 1]
[neg_bagging_fraction: 1]
[bagging_freq: 5]
[bagging_seed: 3]
[bagging_by_query: 0]
[feature_fraction: 0.8]
[feature_fraction_bynode: 1]
[feature_fraction_seed: 2]
[extra_trees: 0]
[extra_seed: 6]
[early_stopping_round: 0]
[early_stopping_min_delta: 0]
[first_metric_only: 0]
[max_delta_step: 0]
[lambda_l1: 0]
[lambda_l2: 0]
[linear_lambda: 0]
[min_gain_to_split: 0]
[drop_rate: 0.1]
[max_drop: 50]
[skip_drop: 0.5]
[xgboost_dart_mode: 0]
[uniform_drop: 0]
[drop_seed: 4]
[top_rate: 0.2]
[other_rate: 0.1]
[min_data_per_group: 100]
[max_cat_threshold: 32]
[cat_l2: 10]
[cat_smooth: 10]
[max_cat_to_onehot: 4]
[top_k: 20]
[monotone_constraints: ]
[monotone_constraints_method: basic]
[monotone_penalty: 0]
[feature_contri: ]
[forcedsplits_filename: ]
[refit_decay_rate: 0.9]
[cegb_tradeoff: 1]
[cegb_penalty_split: 0]
[cegb_penalty_feature_lazy: ]
[cegb_penalty_feature_coupled: ]
[path_smooth: 0]
[interaction_constraints: ]
[verbosity: -1]
[saved_feature_importance_type: 0]
[use_quantized_grad: 0]
[num_grad_quant_bins: 4]
[quant_train_renew_leaf: 0]
[stochastic_rounding: 1]
[linear_tree: 0]
[max_bin: 255]
[max_bin_by_feature: ]
[min_data_in_bin: 3]
[bin_construct_sample_cnt: 200000]
[data_random_seed: 1]
[is_enable_sparse: 1]
[enable_bundle: 1]
[use_missing: 1]
[zero_as_missing: 0]
[feature_pre_filter: 1]
[pre_partition: 0]
[two_round: 0]
[header: 0]
[label_column: ]
[weight_column: ]
[group_column: ]
[ignore_column: ]
[categorical_feature: ]
[forcedbins_filename: ]
[precise_float_parser: 0]
[parser_config_file: ]
[objective_seed: 5]
[num_class: 1]
[is_unbalance: 0]
[scale_pos_weight: 1]
[sigmoid: 1]
[boost_from_average: 1]
[reg_sqrt: 0]
[alpha: 0.9]
[fair_c: 1]
[poisson_max_delta_step: 0.7]
[tweedie_variance_power: 1.5]
[lambdarank_truncation_level: 30]
[lambdarank_norm: 1]
[label_gain: ]
[lambdarank_position_bias_regularization: 0]
[eval_at: ]
[multi_error_top_k: 1]
[auc_mu_weights: ]
[num_machines: 1]
[local_listen_port: 12400]
[time_out: 120]
[machine_list_filename: ]
[machines: ]
[gpu_platform_id: -1]
[gpu_device_id: -1]
[gpu_use_dp: 0]
[num_gpu: 1]

end of parameters

pandas_categorical:[]
