tree
version=v4
num_class=1
num_tree_per_iteration=1
label_index=0
max_feature_idx=30
objective=binary sigmoid:1
feature_names=returns returns_5 returns_10 returns_20 range_pct body_pct upper_wick lower_wick volume_ratio volume_ratio_20 volatility_5 volatility_20 atr time_since_open time_to_close price_position fvg_up fvg_down fvg_size_pct displacement_up displacement_down order_block_bull order_block_bear liquidity_grab_high liquidity_grab_low bos_up bos_down pressure_ratio distance_from_vwap volume_momentum pv_divergence
feature_infos=[-0.072086870962801752:0.03817018459954391] [-0.41097373883223542:0.29123073625966844] [-0.41734447874186054:0.27672955974842761] [-0.42302138796137534:0.32974176615841388] [0:0.10313391280727956] [0:0.077684829301379155] [0:0.032373663751214851] [0:0.097650414233328847] [0.0094778667509143703:4.8336139450100264] [0.0091364363125615768:17.397427935776776] [1.9528239969586537e-05:0.18840894429181493] [0.00012085252845317843:0.093004821541031846] [0.0093857142857134736:14.123821428571432] [241:383] [7:149] [0:0.99999999973781772] [0:1] [0:1] [0:0.074971738638932917] [0:1] [0:1] [0:1] [0:1] [0:1] [0:1] [0:1] [0:1] [0:18207692] [-0.12155582296937181:0.22592121730524209] [-0.99903813714441581:709.92562929061785] [-709.84769406794578:1.0054270341910052]
tree_sizes=3394 3402 3398 3393 3406 3435 3447 3425 3453 3443 3429 3429 3451 3445 3442 3445 3422 3444 3442 3466 3468 3480 3470 3478 3463 3440 3481 3439 3471 3450 3442 3466 3476 3455 3462 3462 3462 3477 3479 3483 3474 3459 3477 3480 3479 3473 3463 3473 3475 3470 3482 3488 3487 3457 3469 3452 3505 3480 3463 3429 3453 3482 3440 3424 3489 3490 3445 3468 3451 3485 3494 3468 3520 3487 3478 3466 3473 3477 3500 3506 3477 3493 3472 3465 3460 3452 3449 3472 3506 3468 3475 3464 3472 3492 3520 3458

Tree=0
num_leaves=31
num_cat=0
split_feature=4 10 4 3 28 3 28 12 10 15 7 13 7 11 13 10 13 3 14 11 11 0 3 11 13 15 16 28 7 15
split_gain=5005.88 1016.33 999.332 433.645 334.669 304.961 322.965 303.525 293.545 472.26 318.432 270.963 271.476 229.231 253.137 229.017 228.61 702.393 455.871 219.514 212.709 185.683 170.136 199.748 164.281 236.105 367.609 235.389 231.002 231.77
threshold=0.0082742803701931957 0.0036436687838839873 0.013476019392037304 -0.10458015425100535 0.025279486414489943 -0.10458015425100535 -0.017035124737992836 1.7379928571428607 0.018290898182170761 0.17077975204850881 0.0022361282714540571 312.50000000000006 0.00078702672820723271 0.0043326859315722232 267.50000000000006 0.0070710373541475477 275.50000000000006 0.030459955001136633 117.50000000000001 0.0030559220859667337 0.01322060083060997 -0.002862528734623337 0.081376803763684627 0.011644705275247027 255.50000000000003 0.44642855947066185 1.0000000180025095e-35 -0.026552258139722892 0.0017014280528837315 0.68228636039331814
decision_type=2 2 2 2 2 2 2 2 2 2 2 2 2 2 2 2 2 2 2 2 2 2 2 2 2 2 2 2 2 2
left_child=1 19 5 7 15 6 11 8 10 -10 -4 12 -2 -3 -15 -5 17 -16 -19 -1 -6 -12 -7 -24 -17 27 28 -26 -27 -30
right_child=2 13 3 4 20 22 -8 -9 9 -11 21 -13 -14 14 16 24 -18 18 -20 -21 -22 -23 23 -25 25 26 -28 -29 29 -31
leaf_value=-5.2774372555110194 -0.72762063484274275 -5.2006104847850558 -4.7972850860558598 -4.8949724862590172 -2.2867602938008691 -4.8467551270931741 -4.735140902273451 -4.3227057302420615 -2.8498524659767703 1.3395532950118518 -0.55243640349914358 -5.2824106497766303 -3.3904209512656243 -5.0725979666812702 -4.797285086055858 -4.404271971142828 -4.8812176534658622 0.23589263754711798 -3.7566125058161459 -5.2007628402384016 -3.9309894365544813 -3.4805156988137771 -2.4032958911729261 -4.4919567326089576 -2.4794629482788535 -0.12243874474664018 -4.7259430913910414 -4.7519462483249457 -1.2281470101102112 -4.4224153322716315
leaf_weight=723.85170818120241 0.1427069054916501 20.782353792339563 0.20613219682127215 1.5486341966316093 0.31712645664811123 18.477901540696624 0.63953835424036387 0.36469542514532804 0.18499043304473162 0.10570881888270378 0.10570881888270378 0.11099425982683897 0.2906992519274354 32.648168711923063 1.0306609841063608 2.5052990075200801 10.967289959080516 0.12685058265924443 0.16384866926819086 107.16760058328509 0.51797321252524853 0.11099425982683897 0.12156514171510879 1.9608985902741549 0.1427069054916501 0.11627970077097416 0.17970499210059643 0.56554218102246501 0.11099425982683897 0.11627970077097416
leaf_count=136952 27 3932 39 293 60 3496 121 69 35 20 20 21 55 6177 195 474 2075 24 31 20276 98 21 23 371 27 22 34 107 21 22
internal_value=-5.23169 -5.25258 -4.58449 -4.07387 -4.23675 -4.75354 -3.97322 -3.14929 -2.54954 -1.32643 -3.39042 -3.07815 -2.51365 -5.0633 -4.99979 -4.38372 -4.80636 -4.18506 -2.01443 -5.26755 -3.3066 -2.05218 -4.79847 -4.37003 -4.17184 -3.69899 -2.89353 -4.29406 -1.93504 -2.86242
internal_weight=925.682 896.738 28.9431 7.19877 6.12054 21.7443 1.18394 1.07823 0.713535 0.290699 0.422835 0.5444 0.433406 65.7192 44.9368 5.28544 12.2887 1.32136 0.290699 831.019 0.8351 0.216703 20.5604 2.08246 3.73681 1.23151 0.523259 0.708249 0.343554 0.227274
internal_count=175138 169662 5476 1362 1158 4114 224 204 135 55 80 103 82 12434 8502 1000 2325 250 55 157228 158 41 3890 394 707 233 99 134 65 43
is_linear=0
shrinkage=1


Tree=1
num_leaves=31
num_cat=0
split_feature=7 5 6 3 13 13 2 3 6 15 15 29 2 12 6 9 0 18 3 13 8 8 15 0 15 29 2 3 27 28
split_gain=891.26 512.079 245.971 168.423 166.915 159.412 110.25 111.875 84.0595 81.6803 80.5514 84.8668 69.0247 64.8697 121.902 71.6769 124.048 62.2653 60.7149 60.2244 97.0275 127.925 116.641 173.984 64.9079 68.4225 53.7194 53.6162 103.486 82.9788
threshold=0.0016338820839069967 0.0042542355482649138 0.0032142552834790541 0.10966378511163423 313.50000000000006 251.50000000000003 -0.012851265805681243 0.037626929651701564 0.00079469090721747044 0.24421449433619427 0.7374999907812505 -0.13457429201978308 0.046380285035761755 0.40048214285714029 0.0037848482295875017 0.64277075591924582 -0.0054305701296142308 0.006826928417203176 0.015625549904976447 246.50000000000003 1.0827023766841053 0.88381552905800442 0.53427336210170762 -0.00040244881363593604 0.96079754692933805 18.241092544834967 0.018202917026876157 -0.011327802822957421 6.0041473838494808 -0.0059010827277800257
decision_type=2 2 2 2 2 2 2 2 2 2 2 2 2 2 2 2 2 2 2 2 2 2 2 2 2 2 2 2 2 2
left_child=1 2 3 18 9 12 10 17 -3 -5 -7 -12 -2 14 15 16 -10 -8 -1 24 21 22 23 -21 -14 -26 -16 28 -4 -30
right_child=5 8 27 4 -6 6 7 -9 13 -11 11 -13 19 -15 26 -17 -18 -19 -20 20 -22 -23 -24 -25 25 -27 -28 -29 29 -31
leaf_value=-0.039523887403364835 0.19294047820741039 0.057359909729016834 0.25222975221390692 1.5290207904623019 2.3727696474945783 0.18851101217562483 0.029445726582608762 0.19407625627470881 2.0917926867120964 0.12516250101904733 1.1576346903850623 0.20082739583889794 0.20565623209087547 0.14170502221225342 0.71658397606868407 0.19988529574792169 0.34850514225841983 1.1442719021681496 0.015291785823650412 2.5619248291330172 -0.050508533061508071 2.0037632699532293 0.070605984730437693 0.24185320026212298 1.1472873551139802 0.2158315236120748 1.8935716119474346 0.1005494036816602 2.1087836252952541 0.34210669801785815
leaf_weight=726.62544352607802 24.657174727413807 29.785982157569379 5.0010372051037839 0.12663606693968077 0.12380794063210487 13.267991299275305 50.856293892022222 13.498037236277012 0.14004352316260338 0.56988868536427617 0.45522619457915425 0.47210046928376037 3.5135573963634661 26.728159036487341 0.2607480683363973 4.5663460502400994 0.3760879416950037 0.12555746268480916 54.289911925327033 0.15312269376590848 0.33083724463358521 0.21907045785337687 0.41314843157306314 0.17110032588243462 0.41708705155178893 0.37390255462378263 0.15432171523571014 8.5422336943447572 0.13894419698044658 0.12741473177447904
leaf_count=142291 2978 4331 532 21 19 1178 8576 1058 19 94 56 37 408 2126 31 597 58 16 9370 23 40 32 55 25 36 28 19 1043 20 21
internal_value=-0.00336615 -0.0204784 -0.0312656 -0.0349609 0.681096 0.131358 0.0938514 0.0660798 0.117911 0.3804 0.219999 0.670526 0.228909 0.173878 0.330297 0.263013 0.821517 0.0321913 -0.0357131 0.387512 0.687571 0.942876 0.62769 1.33757 0.297779 0.706986 1.15418 0.177913 0.303376 1.26368
internal_weight=966.481 857.557 795.545 781.736 0.820333 108.924 78.6752 64.4799 62.0117 0.696525 14.1953 0.927327 30.249 32.2257 5.49755 5.08248 0.516131 50.9819 780.915 5.59183 1.28728 0.956442 0.737371 0.324223 4.30455 0.79099 0.41507 13.8096 5.2674 0.266359
internal_count=175138 160592 153411 151795 134 14546 10921 9650 7181 115 1271 93 3625 2850 724 674 77 8592 151661 647 175 135 103 48 472 64 50 1616 573 41
is_linear=0
shrinkage=0.05


Tree=2
num_leaves=31
num_cat=0
split_feature=10 10 10 28 14 1 12 6 12 9 9 15 9 7 5 6 7 8 5 12 28 9 27 27 10 1 12 7 1 7
split_gain=1493.84 98.2373 81.0491 56.6829 65.9249 169.882 51.5426 50.6444 101.721 69.3188 162.235 51.2031 72.476 50.5503 88.433 62.203 50.1136 54.5328 64.0514 48.795 47.2413 62.2835 71.2218 65.8632 84.2642 99.7031 49.9004 46.1931 119.382 45.5233
threshold=0.003493627747114154 0.0022523886812691597 0.0043924781577211981 0.015466073815912874 81.500000000000014 0.01049100973918793 0.041710714285714399 0.0023990077894543251 0.41892857142857515 0.74335602902145925 0.65774617840758276 0.92062577434824566 3.1758196985944545 0.0067914088258921789 0.0014482860555911645 0.00093482916389324195 0.00238561293611511 0.4340686034204923 0.00094751927622822158 2.217795571428574 -0.0099935509699414816 0.88610327733653371 0.15068204549190886 1.5626432940136274 0.0064645939117641453 0.003478488076254727 0.50442857142857545 0.0035422542067706105 -0.0089026408221162794 0.0013570332626427456
decision_type=2 2 2 2 2 2 2 2 2 2 2 2 2 2 2 2 2 2 2 2 2 2 2 2 2 2 2 2 2 2
left_child=1 27 3 -2 5 -5 -3 13 9 10 -9 29 -13 20 15 -15 -8 18 -18 -6 21 22 26 -24 25 -25 -4 -1 -29 -10
right_child=2 6 7 4 19 -7 16 8 11 -11 -12 12 -14 14 -16 -17 17 -19 -20 -21 -22 -23 23 24 -26 -27 -28 28 -30 -31
leaf_value=-0.042187723222978542 0.047263107541932553 0.91924950808174966 0.27365945279677412 1.9186673246975277 0.085776318482129688 0.093830902897492185 -0.0031677113814213504 0.38236678153287562 0.085658724454281243 0.2862358194624714 1.7654820303718048 0.16063383021928204 0.86390889312518593 1.5514851161409169 0.20986508993860131 0.3776778791766815 0.21434707736690278 0.094724198539394469 1.7190806763749944 0.87601650296330758 0.091293023676097457 0.12853048632323788 0.17999930799790437 1.8529243076313222 0.26724881621646251 0.25204778157813934 1.4294651859042726 1.5044048290774241 0.084241332443826533 0.19331817413303959
leaf_weight=657.34608439076692 38.826443090103567 0.1547184819355597 0.15431592380628245 0.20313910022377912 2.0534966327250008 0.34269047435373068 113.3542974004522 0.92189397243782767 18.983349449932575 6.4594333511777222 0.27533788373693824 0.93788706557825097 0.60114855645224452 0.21844913111999531 4.3102068570442498 0.23351109307259321 0.18892928445711632 9.1854846631176752 0.11303203925490379 0.21587860351428378 66.868617701344192 17.328449858818203 3.9782628766261041 0.23639372177422024 0.62906717089936137 0.16524767503142357 0.236506930552423 0.16079557733610306 1.8567034360021342 20.339627059176564
leaf_count=133491 5856 31 23 25 189 32 21374 83 1121 522 32 54 43 21 173 23 32 1334 18 28 7362 1303 394 30 81 19 32 23 288 1101
internal_value=-0.00361989 -0.0338023 0.124353 0.0629712 0.279612 0.772973 0.0072201 0.142243 0.183757 0.351005 0.700454 0.152418 0.435334 0.120897 0.279636 0.945022 0.0060714 0.116459 0.777608 0.160949 0.11246 0.174735 0.323009 0.272286 0.628487 1.19427 0.973097 -0.0414546 0.197429 0.141345
internal_weight=966.879 782.36 184.519 41.6416 2.8152 0.54583 122.996 142.878 48.5187 7.65667 1.19723 40.862 1.53904 94.359 4.76217 0.45196 122.842 9.48745 0.301961 2.26938 89.5969 22.7282 5.39979 5.00897 1.03071 0.401641 0.390823 659.364 2.0175 39.323
internal_count=175138 156591 18547 6130 274 57 22789 12417 2956 637 115 2319 97 9461 217 44 22758 1384 50 217 9244 1882 579 524 130 49 55 133802 311 2222
is_linear=0
shrinkage=0.05


Tree=3
num_leaves=31
num_cat=0
split_feature=11 4 2 12 4 5 11 1 15 5 13 14 12 11 12 1 27 14 2 13 15 15 11 15 8 8 7 5 14 8
split_gain=1349.53 262.702 81.8889 74.95 71.1651 103.034 73.3348 53.7448 81.5579 53.7969 51.2583 53.9056 59.8532 116.48 217.622 56.907 66.514 80.4785 65.6021 50.6648 43.5106 46.964 69.9513 58.4355 58.2216 65.3307 121.597 47.37 41.9842 53.8966
threshold=0.0034780720965156349 0.0033046061797379731 -0.057696630466121383 0.91647857142857203 0.0054529752607731562 0.0016568483063328923 0.004747709971756834 -0.012225634066597933 0.18279756953026144 0.0034245029598326073 266.50000000000006 117.50000000000001 0.36088214285714421 0.0042190996088301257 0.27659642857142391 -0.0047095342896319994 0.46299000560392584 113.50000000000001 -0.030211090600780584 321.50000000000006 0.30864191974037353 0.15971441090291916 0.0084492957535426457 0.19090908743803528 0.61850382924390157 1.0730360558072289 0.0038702528084811677 0.0010633548650781331 81.500000000000014 0.88762023299329751
decision_type=2 2 2 2 2 2 2 2 2 2 2 2 2 2 2 2 2 2 2 2 2 2 2 2 2 2 2 2 2 2
left_child=7 2 3 -2 10 6 -6 8 -1 -10 -3 15 13 14 -13 16 18 -18 -12 -7 21 -8 23 -23 -24 26 27 -26 29 -22
right_child=1 4 -4 -5 5 19 20 -9 9 -11 11 12 -14 -15 -16 -17 17 -19 -20 -21 28 22 24 -25 25 -27 -28 -29 -30 -31
leaf_value=0.03629797540044969 1.3338158831320002 0.03441385845413502 -0.013639940717782573 -0.050655440248354347 -0.0082438319882900297 0.10503838372590797 0.22470007307341786 -0.042735523445002775 0.33347480168512367 1.3104268438442199 0.80545933099448563 0.26032031676283668 0.20844025923001375 0.10722221349489805 3.0054868949854248 0.057274317151084268 0.36422604110444351 1.5337837326034713 0.019004155180982349 0.20762336036466922 0.63470750226535422 0.92147883044940926 0.10434601046808722 0.084541901716166407 0.22341650832929671 0.31068893461601377 1.6577128931941205 1.1082221987770466 0.17539216092307458 0.1205125507616111
leaf_weight=2.3091471241787072 0.21661787899210949 41.260861796326935 55.876811570022255 0.17815405922010541 2.6916852230206159 124.57286824751645 2.5356954606249955 679.42716677393764 0.3906306349672376 0.22042838111519814 0.29208259936422143 0.1609775298275048 2.1244851043447852 0.31705742795020342 0.13090015621855855 18.455539204645902 2.1696774028241639 0.15778428595513094 2.8768340158276322 13.323153889738022 1.2281056740321212 0.2569489944726232 0.32122353091835965 1.1074685030616818 0.36398687586188294 0.41347940312698472 0.46803051792085171 0.25883785542100668 10.007981927134095 0.87108955765143026
leaf_count=395 19 6430 9880 23 287 9073 204 142937 55 24 36 29 320 44 24 2361 282 20 435 1016 84 20 28 100 30 30 27 26 825 74
internal_value=-0.00376043 0.0881125 -0.00857009 0.709027 0.112146 0.130506 0.235025 -0.0418156 0.172227 0.685892 0.0693389 0.12334 0.333702 0.770723 1.49146 0.0993332 0.240557 0.443513 0.0914926 0.11495 0.271744 0.385315 0.512986 0.242155 0.715405 0.845885 1.04875 0.59113 0.218035 0.421335
internal_weight=964.986 282.638 56.2716 0.394772 226.367 158.421 20.5245 682.347 2.92021 0.611059 67.9462 26.6853 2.73342 0.608935 0.291878 23.9519 5.49638 2.32746 3.16892 137.896 17.8328 5.72567 3.18998 1.36442 1.82556 1.50433 1.09086 0.622825 12.1072 2.0992
internal_count=175138 31727 9922 42 21805 11824 1735 143411 474 79 9981 3551 417 97 53 3134 773 302 471 10089 1448 465 261 120 141 113 83 56 983 158
is_linear=0
shrinkage=0.05


Tree=4
num_leaves=31
num_cat=0
split_feature=11 4 4 11 5 27 1 13 12 4 9 11 4 11 15 8 14 12 13 10 6 13 29 27 6 14 4 11 9 5
split_gain=1154.04 194.763 56.3624 47.4316 56.7572 53.0071 41.1413 39.438 40.0455 59.0357 42.4683 38.0539 42.1251 37.2604 35.6053 32.551 32.449 98.3974 173.798 36.2838 33.0147 31.6935 33.2472 31.4811 29.1668 29.8165 28.4428 35.2899 41.4261 65.4676
threshold=0.0034780720965156349 0.0033046061797379731 0.0054529752607731562 0.004747709971756834 0.0054189074621101485 18.686536729693991 -0.012225634066597933 317.50000000000006 1.9964714285714305 0.013476019392037304 0.91074029841392579 0.0049070348826344744 0.0087185056465979936 0.019740383980121231 0.62068963376930875 1.0587643825677329 53.500000000000007 0.17076403571428656 362.50000000000006 0.00538255656152238 0.0041748257066209849 308.50000000000006 -0.14119541093013474 0.20511299333140862 0.00015662462900496539 144.50000000000003 0.0092310600866750726 0.012368060718478407 0.6728269809010049 0.0028605508108178576
decision_type=2 2 2 2 2 2 2 2 2 2 2 2 2 2 2 2 2 2 2 2 2 2 2 2 2 2 2 2 2 2
left_child=6 13 14 -4 21 7 -1 11 -9 10 -10 12 -6 -2 16 -15 17 18 -3 -19 -18 -5 26 -24 25 -7 27 -23 -29 -30
right_child=1 2 3 4 5 24 -8 8 9 -11 -12 -13 -14 15 -16 -17 20 19 -20 -21 -22 22 23 -25 -26 -27 -28 28 29 -31
leaf_value=0.12467768118657196 -0.013995094987591401 2.3737588632719029 0.038538385334729808 0.13515525322530172 -0.050470649438268692 0.23965464763188354 -0.042400822225349785 0.13643041417594404 0.43048524377870101 0.021958545583441354 1.2338975420457481 0.061299044798121753 0.82008919968699567 0.13811138395581943 0.018241488047783382 0.81213593988058475 0.074947216905247346 0.018200346807084364 0.16482394854937027 0.62596579196677693 0.73307848719296098 0.12124411769164996 0.011145558274638949 0.34553489228373957 0.18599497761273587 0.8138445407295084 -0.013312207296676046 0.10512244475287397 0.30696013407317202 1.20608245052364
leaf_weight=3.7054445301182559 55.019624299369752 0.14438038598746006 20.554059201851487 64.202335093170404 0.2328703491948535 0.51298187393695016 651.26541197951883 7.1069665076211077 0.4151236326433716 0.47051694244146347 0.27243211772292852 64.552184133790433 0.34456800948828459 0.79317442467436083 31.937741260044277 0.23137513641268015 40.451270703691989 1.4565233048051593 0.2323473165743053 0.2953740800730883 0.19145750813186069 3.4820336773991585 0.80665356898680141 5.5232948828488588 4.9985524429939687 0.4042710904031992 2.0223583625629544 0.64170500589534618 0.55647857114672661 0.31823337636888027
leaf_count=474 9801 20 2169 4949 26 29 142937 295 28 9 21 3142 32 104 4138 17 5532 207 34 24 26 274 69 381 197 22 67 56 30 28
internal_value=-0.00391342 0.0758768 0.0946174 0.109958 0.119316 0.0895754 -0.0414556 0.0779703 0.180858 0.453503 0.748824 0.0649138 0.469008 -0.00843175 0.0581867 0.290327 0.0880142 0.278313 1.0114 0.120671 0.0780475 0.149731 0.219825 0.302922 0.233554 0.492724 0.144904 0.208918 0.410237 0.634074
internal_weight=963.142 308.171 252.127 177.418 156.864 79.3105 654.971 73.3947 8.26504 1.15807 0.687556 65.1296 0.577438 56.0442 74.7091 1.02455 42.7714 2.12863 0.376728 1.7519 40.6427 77.5531 13.3508 6.32995 5.91581 0.917253 7.02081 4.99845 1.51642 0.874712
internal_count=175138 31727 21805 11824 9655 3801 143411 3553 353 58 49 3200 58 9922 9981 121 5843 285 54 231 5558 5854 905 450 248 51 455 388 114 58
is_linear=0
shrinkage=0.05


Tree=5
num_leaves=31
num_cat=0
split_feature=11 4 1 4 11 1 13 11 29 10 9 8 2 17 18 1 11 2 27 13 29 11 0 13 0 4 4 12 27 27
split_gain=989.227 167.716 49.2381 45.1203 55.7168 48.4309 37.362 44.4537 55.185 64.187 41.3118 211.906 33.5083 28.6711 40.4811 27.2539 38.7882 28.2865 26.8108 54.5534 58.1762 26.7765 38.4744 26.3381 43.4413 39.1494 38.0188 31.6693 31.9632 42.7861
threshold=0.0034780720965156349 0.0055636642242926455 -0.012225634066597933 0.0032087645114858292 0.019740383980121231 -0.0033601328783492419 325.50000000000006 0.0051985390662717844 -0.23980756624295077 0.0051237840768212075 0.52838729665465023 0.81517310538997823 0.001068760146019976 1.0000000180025095e-35 0.006826928417203176 -0.013893460810481094 0.0039023136188780245 -0.078237031874417592 0.048274950057822695 292.50000000000006 1.7761875829401834 0.0026091149177384682 -0.0090972045830101083 243.50000000000003 0.00020406428030728121 0.013476019392037304 0.010722493306909399 2.5059714285714327 0.17038024110333561 0.2226219622711966
decision_type=2 2 2 2 2 2 2 2 2 2 2 2 2 2 2 2 2 2 2 2 2 2 2 2 2 2 2 2 2 2
left_child=2 3 18 4 -2 -6 15 10 9 12 11 -8 -9 23 -15 16 -5 -18 19 20 -1 -4 -23 24 27 26 -25 28 -3 -30
right_child=1 13 21 6 5 -7 7 8 -10 -11 -12 -13 -14 14 -16 -17 17 -19 -20 -21 -22 22 -24 25 -26 -27 -28 -29 29 -31
leaf_value=0.21685450271125975 -0.020705792791699634 0.063250650120207613 -0.045782932780241314 0.74164293857222452 0.82924622891004818 0.12352498353896182 0.057559274992949008 -0.05176834044276684 0.10851874940577194 1.2382241017687348 0.016639195897212005 1.9594398269999092 0.74954966844697235 0.026554403339141643 0.17976504886121472 0.027027664305490418 0.56295195448858404 0.08446824950142312 0.028800170034596465 -0.05053243810950088 1.023293224489668 0.98776600686715688 -0.012486445785460334 0.098197444959940428 0.10115036353616887 0.050572211317848462 0.18251359663807409 0.5748173233553916 0.74761253910461156 0.23570101559609188
leaf_weight=0.56111387582495698 51.222295165527612 2.6141602620482445 563.55527706351131 0.25250481581315298 0.34040479082614183 0.85052153607830294 0.92313285917043575 0.27351592434570193 0.93244440574198939 0.31025138031691313 4.4347539809532464 0.17407778277993202 0.24943845206871629 25.877628606744114 5.1732602138072243 71.047235536389053 0.32592911459505547 5.9034522059373558 2.5131665263324976 0.68021676456555724 0.37183431116864085 0.096289528533815338 60.896862356923521 82.776112892664969 16.485280434135348 35.469717060215771 15.944880602881311 0.63908214867115098 0.43815165571868409 5.9672684147953987
leaf_count=81 9327 157 130274 34 27 76 121 23 65 22 528 20 17 1764 183 9336 30 627 272 94 21 9 12616 6399 841 713 826 38 29 385
internal_value=-0.00449181 0.0658083 -0.0412396 0.023627 -0.0128452 0.325243 0.0461626 0.154321 0.372755 0.668464 0.084603 0.359302 0.330444 0.096056 0.0520802 0.0359819 0.134128 0.109503 0.130911 0.289991 0.538267 -0.042377 -0.0109074 0.104573 0.150484 0.0956277 0.111816 0.234687 0.210587 0.270717
internal_weight=957.3 328.626 628.675 137.24 52.4132 1.19093 84.8267 7.29761 1.76565 0.833206 5.53196 1.09721 0.522954 191.386 31.0509 77.5291 6.48189 6.22938 4.12633 1.61316 0.932948 624.548 60.9932 160.335 26.1439 134.191 98.721 9.65866 9.01958 6.40542
internal_count=174955 31588 143367 20253 9430 103 10823 796 127 62 669 141 40 11335 1947 10027 691 657 468 196 102 142899 12625 9388 1450 7938 7225 609 571 414
is_linear=0
shrinkage=0.05


Tree=6
num_leaves=31
num_cat=0
split_feature=10 4 4 13 28 12 3 27 28 10 6 9 2 29 29 6 7 14 8 4 3 12 6 8 12 10 3 12 28 3
split_gain=809.078 101.88 58.5074 33.2727 29.4585 27.7537 26.2842 41.5186 77.6748 57.5876 23.8651 37.5971 22.096 28.171 37.1966 53.0103 21.3262 34.3602 20.0824 50.6445 19.6712 19.6491 22.1849 20.7011 27.5591 18.8021 27.3217 26.1512 19.6808 64.9406
threshold=0.0034240433295482041 0.0036327665596368299 0.0062474011910644981 242.50000000000003 -0.011341712828202047 0.23911428571428597 -0.057882284170762126 0.39709499972369128 -0.00905489022001057 0.0029020625445468577 0.00084607599961550469 1.5439251784871304 -0.024867915592379993 -0.5309322434186472 -0.66338233978775796 0.00085609897895936877 7.5468851199308754e-05 30.500000000000004 1.535236516689501 0.0049645992478017488 0.081376803763684627 0.79037142857143505 0.00014657373006384344 0.66533924462409366 1.3438750000000035 0.0022956700610411904 -0.10458015425100535 0.037496428571428868 -0.012268579845642372 0.013331195522500396
decision_type=2 2 2 2 2 2 2 2 2 2 2 2 2 2 2 2 2 2 2 2 2 2 2 2 2 2 2 2 2 2
left_child=1 3 4 -1 18 -4 7 8 10 -10 11 -3 13 14 -5 -16 17 -7 -2 -20 -6 -22 -23 24 -24 26 -14 -27 29 -28
right_child=2 6 5 12 20 16 -8 -9 9 -11 -12 -13 25 -15 15 -17 -18 -19 19 -21 21 22 23 -25 -26 27 28 -29 -30 -31
leaf_value=0.79868969243643928 0.095548596739416083 0.11525041899245668 0.0055311001308946664 0.072758708829006882 0.020611597716657961 0.54999951254690083 0.0053108187410226548 -0.0037524826805492005 1.57093346077061 0.26817376101265689 0.059435110465935061 1.0182405586177132 0.64338978682976744 -0.012310409980740761 1.3449629356033146 -0.050283025635498961 0.098859317944293701 0.037523873738770086 -0.0505756318982453 0.91138154976430141 -0.052182045875047628 0.5233827855644595 0.71069984214380399 0.063265358791295828 0.082795677589035749 0.67358945307516027 0.040389637136725817 -0.01538848011869213 -0.045801362406046757 1.3151867024606625
leaf_weight=0.11779758799821038 11.917673615273085 0.30024385405704412 9.8900711666792613 0.40633211238309741 76.02922980254516 0.33220368251204746 105.50713762687519 3.012403339613229 0.18503537774085899 0.15663795545697212 1.5071504889056084 0.18711100844666362 0.14403813891112704 1.3157107098959375 0.17916900198906693 0.10979372635483742 141.2916262364015 21.192093261051923 0.28897846909239966 0.25986096821725368 1.1147690443322051 0.43488664459437165 0.32769881840795312 2.155933940783143 0.37441218551248312 0.13809629809111257 1.1032710690051306 51.617892938200384 521.3250398687087 0.10984889790415753
leaf_count=27 1032 29 660 77 9360 22 18148 324 26 17 78 18 10 243 31 20 6725 1082 33 25 76 33 19 110 34 13 232 11055 125377 19
internal_value=-0.00446921 -0.0331058 0.069645 -0.0415461 0.0376493 0.0868564 0.0107925 0.118926 0.277115 0.973692 0.157786 0.461937 -0.0417178 0.12373 0.381161 0.814828 0.0917964 0.0454334 0.109167 0.404886 0.0265651 0.129258 0.190682 0.140058 0.37586 -0.042297 -0.0451435 -0.0135501 -0.0453333 0.155823
internal_weight=953.032 687.423 265.609 576.567 92.9034 172.706 110.856 5.34858 2.33618 0.341673 1.99451 0.487355 576.449 2.01101 0.695295 0.288963 162.816 21.5243 12.4665 0.548839 80.4369 4.4077 3.29293 2.85804 0.702111 574.438 522.682 51.756 522.538 1.21312
internal_count=174955 155744 19211 137104 10722 8489 18640 492 168 43 125 47 137077 371 128 51 7829 1104 1090 58 9632 272 196 163 53 136706 125638 11068 125628 251
is_linear=0
shrinkage=0.05


Tree=7
num_leaves=31
num_cat=0
split_feature=11 10 11 7 27 2 13 2 27 8 18 12 0 29 2 15 11 9 9 11 27 9 5 15 27 3 30 30 9 12
split_gain=789.9 81.3038 42.8815 34.9162 38.8959 34.2043 33.3692 68.5353 31.3528 37.3766 44.3756 30.0674 29.6199 47.9708 36.9148 28.9475 27.3717 26.2379 45.554 24.0397 25.7674 23.3378 23.274 39.4214 53.2129 73.4277 29.1086 22.7648 23.3592 21.8127
threshold=0.0034780720965156349 0.0045427096558868013 0.0026091149177384682 0.0032939894094204821 0.51268699176924504 0.038533927963083754 266.50000000000006 -0.078237031874417592 0.14402728694519362 1.6781779259851468 0.0034289677016759025 1.1125499999999928 -0.0013973711302338596 0.18361452760116506 0.0049629743537952251 0.21487603128201913 0.0063267270256045982 2.3770411559857938 2.5629974434929461 0.014028839396524972 0.38193658458675134 2.3039029970677025 5.6767112924350318e-05 0.46484897231890848 0.61129533594469543 0.0044567616823673059 0.52694361774789955 -12.896631854129895 0.26174248553580953 0.23911428571428597
decision_type=2 2 2 2 2 2 2 2 2 2 2 2 2 2 2 2 2 2 2 2 2 2 2 2 2 2 2 2 2 2
left_child=2 3 -1 6 12 -6 19 -8 9 27 -11 -7 13 14 15 -5 -15 -9 -19 -2 -21 -22 23 24 -10 26 -26 -4 -29 -3
right_child=1 29 8 4 5 11 7 17 22 10 -12 -13 -14 16 -16 -17 -18 18 -20 20 21 -23 -24 -25 25 -27 -28 28 -30 -31
leaf_value=-0.04528833056748368 -0.011194068242166448 0.01300762714529006 0.70382638299152123 0.65637847220774004 -0.0040038096566770249 0.033615074316681197 0.82157817685591861 0.041171030230917345 -0.050262847637048282 0.19450159189116265 1.0029402073354632 0.53906931606431863 0.085942150520625135 0.4220604965114273 0.94983431957330744 0.068839546672933558 -0.025916905163438919 0.72576208909941009 0.031417356045335645 0.16619743009646756 0.0032768720579592018 0.35547056892086165 -0.017190914714707461 -0.050234918495551978 -0.050270459653954408 2.0524402192361224 0.94128160402270566 0.675976379374158 0.013362920921202868 0.07827656050168566
leaf_weight=518.86533251823857 74.982501398772001 13.710853471886365 0.13174631819128979 0.42341501265764259 7.3030425268225354 0.58817194681614615 0.2863015802577128 53.126955006737262 0.28959113080054411 0.60008010827004898 0.23669581627473235 0.58870929758995771 2.5216184090822926 0.52782580908387877 0.39876529574394226 0.41523121250793338 0.96324479812756181 0.38545873668044706 0.61011537490412593 4.0260531050153068 10.719314923044291 0.49195293709635812 57.425889174453914 0.82655675429850817 0.14506135554984212 0.095117132645100355 0.15113056497648358 0.13770071370527048 3.902843376621604 192.85157483024523
leaf_count=130416 12013 1043 2 17 531 35 14 6120 59 62 11 17 144 28 16 26 28 28 74 280 1162 39 11871 181 30 21 22 31 661 9973
internal_value=-0.00440695 0.0532799 -0.0405272 0.0263255 0.102525 0.0363077 0.0190916 0.0500182 -0.00189271 0.1182 0.423182 0.286458 0.20948 0.323651 0.55379 0.365476 0.132663 0.0459367 0.300248 0.000440713 0.0576952 0.0187312 -0.0121 0.181835 0.463549 0.843799 0.455664 0.057034 0.0359446 0.0739442
internal_weight=947.729 364.921 582.808 158.359 13.73 8.47992 144.629 54.4088 63.9424 5.00907 0.836776 1.17688 5.2501 2.72848 1.23741 0.838646 1.49107 54.1225 0.995574 90.2198 15.2373 11.2113 58.9333 1.50746 0.6809 0.391309 0.296192 4.17229 4.04054 206.562
internal_count=174955 31588 143367 20572 842 583 19730 6236 12951 767 73 52 259 115 59 43 56 6222 102 13494 1481 1201 12184 313 132 73 52 694 692 11016
is_linear=0
shrinkage=0.05


Tree=8
num_leaves=31
num_cat=0
split_feature=11 4 11 0 4 11 11 28 12 9 5 12 23 6 13 12 18 6 28 2 28 11 5 5 5 28 7 4 7 9
split_gain=711.215 98.5669 37.5602 31.9278 28.6061 24.9361 24.7287 23.1474 22.769 21.1042 24.9202 20.9611 24.3026 31.542 23.0527 20.9968 20.9187 29.225 20.5734 20.2279 25.5906 40.1701 20.2145 20.1126 33.8157 19.2322 18.6441 30.2543 31.1716 26.7047
threshold=0.0031050800981234899 0.0062474011910644981 0.030425640876495984 -0.0032029965448685522 0.0032087645114858292 0.019740383980121231 0.0023457508414924692 -0.0062537482523281809 0.23911428571428597 0.64277075591924582 0.0022196227895671986 0.65839285714285423 1.0000000180025095e-35 0.00085609897895936877 242.50000000000003 3.0009142857142863 0.002209175981380897 0.0020465401276789485 0.0027426640096891576 -0.0099151109545912424 0.00025928739426963639 0.0099730612468072119 0.0065453801025593698 0.0023155826773981485 0.0018917503817514106 -0.020423588983883179 0.0025637037980145009 0.0082742803701931957 0.0043205790765155549 0.82183715476818453
decision_type=2 2 2 2 2 2 2 2 2 2 2 2 2 2 2 2 2 2 2 2 2 2 2 2 2 2 2 2 2 2
left_child=6 2 4 -4 5 -2 -1 -7 -3 10 -6 12 19 -14 -13 -16 22 18 -18 20 23 -22 26 24 -10 -8 -17 28 -28 -29
right_child=1 8 3 -5 9 7 25 -9 11 -11 -12 14 13 -15 15 16 17 -19 -20 -21 21 -23 -24 -25 -26 -27 27 29 -30 -31
leaf_value=-0.046129138716660675 -0.016686906454356689 0.00093725665158464618 0.616477463673898 0.12879870128099255 0.10021127375292116 0.36399357217253797 0.49911361360046719 -0.05095750823884803 0.14482317707811901 0.016833674936316718 0.020477381440567481 0.11882398036060515 0.58239888029476661 0.1573884945247942 0.044054752672216035 0.042596685288632308 -0.051474029238305241 0.51014885764831053 0.29958160523614885 0.061687903777909503 0.6480082862984905 0.1090434841550986 0.0052963253877436898 0.086138538233329176 0.51793563601580839 -0.015757367729169604 0.16601873406869933 -0.056097873993015163 0.75847950512678741 0.21265965728430275
leaf_weight=467.62379942974076 58.351272117346525 11.462385351769624 0.37370285950601134 3.2929221219383171 19.810092292260379 0.83524418203160167 0.18183897854760189 0.56237225513905176 4.490025145467377 90.271031700540334 19.392483094707131 15.232705107424406 0.47332574706524511 5.6181036913767457 94.513994625769556 3.8075680625624972 0.818526144139468 0.71172212436795224 0.85149897541850805 37.328952386509627 0.57213695254176744 0.87359362933784723 5.4019802059046915 22.55565240746364 0.70224338117986906 70.696595804998651 0.4571805684827267 1.3042616834864018 0.43161092791706324 3.1725917579606175
leaf_count=123457 10923 738 18 166 2254 27 21 51 140 10267 2369 559 29 282 4417 190 42 27 35 1848 34 35 142 881 35 15798 25 33 17 95
internal_value=-0.00434586 0.045829 0.0200015 0.178503 0.0169301 -0.0116878 -0.0419577 0.197026 0.0694644 0.0301366 0.060769 0.0734052 0.0948237 0.190413 0.0611303 0.0532464 0.104478 0.241858 0.127519 0.0860706 0.117248 0.322335 0.0820288 0.106562 0.195286 -0.0144365 0.127215 0.187263 0.453727 0.134361
internal_weight=942.171 403.669 192.889 3.66662 189.222 59.7489 538.502 1.39762 210.78 129.474 39.2026 199.318 72.614 6.09143 126.704 111.471 16.9569 2.38175 1.67003 66.5226 29.1937 1.44573 14.5752 27.7479 5.19227 70.8784 9.17321 5.36564 0.888791 4.47685
internal_count=174955 35679 26075 184 25891 11001 139276 78 9604 14890 4623 8866 3284 311 5582 5023 606 104 77 2973 1125 69 502 1056 175 15819 360 170 42 128
is_linear=0
shrinkage=0.05


Tree=9
num_leaves=31
num_cat=0
split_feature=11 4 1 4 1 10 29 28 14 13 7 11 11 12 10 2 7 4 12 4 28 13 13 17 11 4 8 13 6 7
split_gain=643.372 81.0291 33.1382 31.5805 25.3085 23.9011 21.5668 20.2073 23.6104 36.4408 22.0401 19.5853 23.1974 67.3144 60.9615 18.308 18.0871 49.6414 17.8234 17.8163 28.1354 17.607 13.8831 13.6372 17.8412 17.9428 16.6725 17.2197 18.9242 26.0113
threshold=0.003010231432629538 0.0033046061797379731 -0.012225634066597933 0.0066055510549943063 -0.011062954811804413 0.001477488022812515 -0.30623231252054806 0.014094151088116269 82.500000000000014 312.50000000000006 0.0043205790765155549 0.0095984039364186077 0.011644705275247027 1.2398964285714265 0.0056807691413534511 -0.057696630466121383 0.00021224863672868172 0.0052443594102138226 0.23911428571428597 0.0039889456094328261 0.017294215433557931 317.50000000000006 242.50000000000003 1.0000000180025095e-35 0.0032192546820630796 0.013476019392037304 0.88381552905800442 246.50000000000003 0.0017331022530329282 0.0023077608820319937
decision_type=2 2 2 2 2 2 2 2 2 2 2 2 2 2 2 2 2 2 2 2 2 2 2 2 2 2 2 2 2 2
left_child=2 15 5 4 11 -1 7 10 9 -9 -6 -3 13 -13 -15 -2 17 -10 22 20 -18 23 -5 -20 -25 -26 -27 28 29 -28
right_child=1 3 -4 18 6 -7 -8 8 16 -11 -12 12 -14 14 -16 -17 19 -19 21 -21 -22 -23 -24 24 25 26 27 -29 -30 -31
leaf_value=0.61433724284310998 0.17733413094875788 0.046342142240684267 -0.043182203061561952 0.11264035539762358 0.037467861322406988 0.080587134118841608 0.0096111675273313976 0.67287763087749652 -0.050433997559625292 0.14416097805014946 0.38759313226332509 0.093744706562418581 0.095467313418245034 0.13202353302449416 1.1104195172849083 -0.013372697759921734 0.7916689126217672 0.96611522960703755 0.066818124741179166 -0.040439412633011568 -0.050484570500935737 0.10555848590437254 -0.030606829272061653 0.31109380194183678 -0.0058590417899925694 -0.057374289774621973 0.11648724687677821 0.039737244001342521 0.092954637977713583 0.523371008325764
leaf_weight=0.22565245954319779 1.2832581349648524 12.824085207190366 506.65934629295953 2.1302155284211031 40.993519832380116 2.9744316143915057 83.775522547308356 0.48282396653666992 0.3083013724535707 1.0027127792127428 0.45445847138762374 1.3842024155892425 5.7568732253275812 0.27037533000111569 0.38722024578601122 65.196942873299122 0.17812522267922792 0.19672957248985767 146.05465111928061 2.1113894544541836 0.22376588778570294 24.89574034884572 8.2115172795020026 0.55049341730773704 18.233105340506885 1.867368628270923 0.79056706838309609 4.3194153988733888 2.2716819057241082 0.78066098317503929
leaf_count=33 45 1071 137647 116 4591 259 9524 28 40 45 28 117 356 21 26 12201 23 21 5790 171 27 944 535 37 1015 52 21 96 52 23
internal_value=-0.00425208 0.0410296 -0.0421692 0.0503843 0.0328891 0.118224 0.0247099 0.0522366 0.152821 0.316003 0.0413068 0.08434 0.146823 0.291623 0.708145 -0.00969151 0.0725077 0.345552 0.0629038 0.0176407 0.322773 0.0662173 -0.00110042 0.0606164 0.0291796 0.0236885 0.0774034 0.108238 0.185232 0.318646
internal_weight=936.795 426.936 509.859 360.456 150.35 3.20008 129.727 45.9518 4.50385 1.48554 41.448 20.6228 7.79867 2.0418 0.657596 66.4802 3.01831 0.505031 210.105 2.51328 0.401891 199.764 10.3417 174.868 28.8133 28.2628 10.0297 8.16233 3.84291 1.57123
internal_count=174955 37016 137939 24770 16089 292 14498 4974 355 73 4619 1591 520 164 47 12246 282 61 8681 221 50 8030 651 7086 1296 1259 244 192 96 44
is_linear=0
shrinkage=0.05


Tree=10
num_leaves=31
num_cat=0
split_feature=11 4 1 11 13 7 18 29 12 27 15 27 11 4 2 18 2 10 2 1 17 7 10 28 0 29 10 30 2 6
split_gain=596.768 73.4549 39.5217 22.1987 34.8861 24.9138 20.8668 21.6115 22.2525 19.2102 23.9594 20.7516 19.1388 26.1317 22.0109 24.4059 18.4014 17.9717 44.7223 33.9758 17.2809 16.572 62.9346 53.2037 35.0938 15.643 25.6413 18.9829 14.3223 14.6033
threshold=0.003010231432629538 0.0032087645114858292 -0.012225634066597933 0.004747709971756834 320.50000000000006 0.0010522623640827468 0.006826928417203176 -0.15905581247487635 0.73528096428571199 0.25169489898477887 0.20306840227599091 187212.00000000003 0.0099730612468072119 0.0059374120562910087 -0.0082257002797594386 0.0011474323684742013 -0.057696630466121383 0.002473713289583498 -0.016447836509809573 -0.013893460810481094 1.0000000180025095e-35 0.0010917685274946514 0.002751324565694466 0.002431525100553323 0.0062349849618864592 0.12360474467693817 0.012422588536580376 0.63558566404366423 -0.011438217174212338 0.0030236371683769257
decision_type=2 2 2 2 2 2 2 2 2 2 2 2 2 2 2 2 2 2 2 2 2 2 2 2 2 2 2 2 2 2
left_child=2 16 17 -3 5 25 21 -8 -9 -6 12 20 13 -11 15 -15 -2 18 19 -1 28 22 23 -7 -24 26 27 -5 29 -12
right_child=1 3 -4 4 9 6 7 8 -10 10 11 -13 -14 14 -16 -17 -18 -19 -20 -21 -22 -23 24 -25 -26 -27 -28 -29 -30 -31
leaf_value=0.84149118213022156 0.15156281332943417 0.02288941846178022 -0.042766260768292028 0.055444307807324192 -0.0081914511848186055 1.4510242108855176 0.40220799336872903 0.26873091844197539 0.034140783931554126 0.40268664997418774 0.25686804814556824 0.31254647528555513 0.47715019243510781 0.06806887565699192 -0.051388202615598733 0.49987320751162745 -0.01646226214920091 0.033694046067298263 -0.050630102175103608 0.1873799465878476 -0.1453942070900921 0.053988018979189416 0.010887537792581153 0.21948115977956273 0.57318519515490396 0.0090290183726211663 0.24310810217178846 -0.026141072844941229 0.074450557247214708 0.052771083971194212
leaf_weight=0.39197974186390638 1.674664532765745 77.733994232490659 485.54093701392412 41.347341747488827 3.2746799914166358 0.16648318897932712 0.76909640058875073 1.5451752608641971 2.9234521430917084 0.98651590431109371 2.4236410837620634 1.0733286449685682 0.65557527262717474 0.82604266982525609 1.2457039216533301 0.54191531240940094 60.35702716326341 2.2919324738904834 0.64341700403019719 0.4022363293915987 0.77008582977577944 163.49510357668623 2.0745016401633625 0.18531095422804356 0.3203308107331394 52.835515280254185 1.6264575934037555 8.6154335658065957 15.136510534677649 1.372887340839952
leaf_count=27 43 8766 137713 3091 136 21 23 42 59 35 90 27 15 27 57 16 11527 173 73 23 32 8218 150 29 17 3287 76 746 534 28
internal_value=-0.00343353 0.0385393 -0.0415208 0.0467354 0.0528287 0.0474053 0.0591301 0.157393 0.115258 0.10569 0.120588 0.0984492 0.228671 0.183424 0.100664 0.239128 -0.0119261 0.120622 0.259205 0.510212 0.0867863 0.0560342 0.177832 0.802297 0.0861 0.0281515 0.047736 0.041376 0.09623 0.183063
internal_weight=933.247 443.977 489.271 381.945 304.211 275.904 171.479 5.23772 4.46863 28.3069 25.0322 20.7765 4.25575 3.60018 2.61366 1.36796 62.0317 3.72957 1.43763 0.794216 19.7031 166.242 2.74663 0.351794 2.39483 104.425 51.5892 49.9628 18.933 3.79653
internal_count=175101 37092 138009 25522 16756 15759 8559 124 101 997 861 711 150 135 100 43 11570 296 123 50 684 8435 217 50 167 7200 3913 3837 652 118
is_linear=0
shrinkage=0.05


Tree=11
num_leaves=31
num_cat=0
split_feature=10 10 4 3 14 12 14 15 2 6 5 29 27 12 2 10 28 12 12 30 2 28 3 6 17 8 3 14 3 3
split_gain=490.538 61.2022 43.7889 31.078 27.2487 24.8749 25.3521 23.6295 27.7168 29.1662 74.584 21.0641 19.8187 17.592 16.9689 16.4752 14.6433 22.8304 26.665 26.4879 23.8681 22.341 21.1952 19.9878 19.4971 22.421 33.716 18.8662 16.6976 17.0435
threshold=0.002394861808745269 0.0043924781577211981 0.0039402910996349612 0.060457559488807384 80.500000000000014 1.7379928571428607 139.50000000000003 0.61593265000971631 -0.0040808849581383524 0.0011642132832179815 0.0019921912311014456 -0.24548865426774433 55835.500000000007 1.9964714285714305 0.038533927963083754 0.002473713289583498 -0.0042190268026743956 0.64895714285714201 0.55320714285714512 -0.21261079598612623 0.018202917026876157 -0.0047687337306394351 -0.031711046850673656 0.0048606212142577416 1.0000000180025095e-35 0.16392962051985357 0.023638289433833951 140.50000000000003 -0.00034482503309307683 -0.0093471182719864748
decision_type=2 2 2 2 2 2 2 2 2 2 2 2 2 2 2 2 2 2 2 2 2 2 2 2 2 2 2 2 2 2
left_child=2 3 -1 12 7 -6 -7 8 -5 10 -10 -8 -2 14 15 -14 17 18 19 -3 23 -19 -23 -21 25 26 -18 -24 29 -20
right_child=1 16 -4 4 5 6 11 -9 9 -11 -12 -13 13 -15 -16 -17 24 21 28 20 -22 22 27 -25 -26 -27 -28 -29 -30 -31
leaf_value=-0.042363650540403336 0.0026166022951902655 0.03414351094000493 0.010338065888814203 0.0075502116745023475 -0.022937163636756151 -0.012948407170497625 0.11790857669020949 0.041030895728648466 0.091149943938135039 0.23538541647810521 1.1552967545699913 0.48058112500442979 0.46882756710181966 0.53655918177587558 0.36718596997886466 -0.020455364203149012 0.046359181608674624 0.039772208839488198 0.16456437489822054 0.091658075432870009 0.46600666804500207 -0.051094874820857776 0.17430066936321442 0.29832430958878575 -0.019360335182073876 0.043735885784649292 0.68874862115445001 0.5902229092942276 -0.051308873999376385 0.43965887980659119
leaf_weight=447.27731622150168 152.2443093652837 21.334073134232312 43.223232203396037 0.82357135787606273 6.6527856881730241 1.2865276746451857 0.87062118528410792 2.0865336051210761 0.32700611557811443 1.7098018797114489 0.33165871165692806 0.74121573241427519 0.19212271855212737 0.2553820190951227 0.4704564451240002 1.6466024483088402 0.51591295143589277 63.47354533476755 8.4238479561172408 14.611639529000966 0.48018726520240385 0.47407910041511048 0.65409750025719293 1.2717774119228131 12.704993277322499 142.37257049558684 0.33812772016972303 0.46752403397113085 0.83066560607403417 0.60336297517642279
leaf_count=130548 23564 992 7476 38 476 92 30 88 15 47 26 23 20 21 17 183 64 2357 298 640 17 26 36 26 808 7049 36 24 41 23
internal_value=-0.00337294 0.0350735 -0.0377195 0.0115622 0.080708 0.0303224 0.152572 0.171877 0.257407 0.344287 0.626982 0.284686 0.00493852 0.142778 0.099228 0.0306683 0.0499248 0.0636627 0.0899955 0.0708497 0.118705 0.0444175 0.229197 0.108206 0.0400023 0.0452681 0.300691 0.347669 0.163211 0.182951
internal_weight=928.696 438.195 490.501 169.639 14.8297 9.55115 2.89836 5.27857 3.19204 2.36847 0.658665 1.61184 154.809 2.56456 2.30918 1.83873 268.556 112.625 47.5556 37.6977 16.3636 65.0692 1.5957 15.8834 155.932 143.227 0.854041 1.12162 9.85788 9.02721
internal_count=175101 37077 138024 24640 835 621 145 214 126 88 41 53 23805 241 220 203 12437 4480 2037 1675 683 2443 86 666 7957 7149 100 60 362 321
is_linear=0
shrinkage=0.05


Tree=12
num_leaves=31
num_cat=0
split_feature=11 10 4 11 14 27 9 14 18 18 27 12 3 28 27 9 11 7 14 4 7 7 2 4 29 28 2 28 10 9
split_gain=508.201 56.7353 30.0285 23.6848 19.4943 16.1526 27.2704 16.3188 22.1266 20.6189 47.3733 20.9221 51.0894 15.1119 15.3276 40.8374 14.7043 33.3246 35.1055 18.8287 14.1737 19.3338 19.4802 18.5193 17.6694 19.7497 18.5329 34.6857 46.4259 25.6401
threshold=0.0026091149177384682 0.0043924781577211981 0.0029722589167767181 0.0061079227541028366 123.50000000000001 4.3791314612459447 2.3770411559857938 113.50000000000001 0.00086437969849336696 0.00029756369764077044 1.7162920657802057 0.13416428571428188 0.0057727889513362616 -0.020423588983883179 4.1767507566613284 0.74724837009995027 0.0039023136188780245 0.00025832450741831672 120.50000000000001 0.0034798995938063793 0.0010522623640827468 0.0011051227839089677 0.0028079765001720607 0.0052443594102138226 0.64475819909016885 -0.0086428317493537441 0.013419867083347416 0.010697820272326762 0.002473713289583498 0.61299603882186926
decision_type=2 2 2 2 2 2 2 2 2 2 2 2 2 2 2 2 2 2 2 2 2 2 2 2 2 2 2 2 2 2
left_child=-1 2 -2 4 5 7 -7 13 9 11 -11 12 -9 -4 -15 -16 -13 18 -18 -19 -5 23 -23 -22 25 -24 27 -27 -29 -30
right_child=1 -3 3 20 -6 6 -8 8 -10 10 -12 16 -14 14 15 -17 17 19 -20 -21 21 22 24 -25 -26 26 -28 28 29 -31
leaf_value=-0.043866188177509931 -0.020636241777859894 0.04564512522659564 0.21482346441347053 0.017978370749633262 -0.030127459349971311 -0.058911988962980125 0.30001436690150507 -0.050354204903426028 -0.050801698100400784 0.086614179454186258 1.0850451804131607 0.033312859834189378 1.3958703005598974 0.0089323603088188163 0.99710955054666595 -0.050361194649515162 0.13692624347321419 0.50073150734271188 0.96559665711450793 0.067184494364455297 0.10110316945421888 0.020841188053424976 0.4586767920768462 0.45493792076022949 -0.032024821416476029 0.11114291702577267 0.064021957938342547 0.95430025105323579 -0.05203379866771967 0.48928808287433712
leaf_weight=420.6561956286896 53.955118112033233 279.05539892893285 0.93442846834659476 31.172929647844285 27.034396360395476 9.4635869543999398 0.56054762843996364 0.14848765940405151 2.6422273893840602 0.36505226604640562 0.17612546938471496 5.8998130627442134 0.10372196137905121 45.09792299172841 0.14319163816980918 0.26572313299402595 0.26650862907990847 0.27213497646153006 0.24557173671200871 3.1400655838660896 0.98261682270094641 20.171764493454248 0.39178811619058862 0.59294657502323389 2.5937831648625425 4.5721677266992655 11.852905706968157 0.29846602305769898 0.41634931648150086 0.46091426257044077
leaf_count=130496 12110 12338 47 3288 4048 1171 52 29 366 65 24 919 19 6633 22 43 25 39 17 234 90 1611 19 43 226 374 667 30 27 29
internal_value=-0.00330533 0.0305969 0.0118685 0.0221688 0.00591491 0.0198896 -0.0388409 0.0297507 0.0786732 0.110894 0.411552 0.0947461 0.54441 0.0157826 0.0116955 0.316437 0.0832021 0.158206 0.534321 0.101761 0.0435644 0.062405 0.0557615 0.234265 0.0899785 0.107566 0.0997507 0.173428 0.415641 0.232377
internal_weight=923.933 503.277 224.221 170.266 96.7595 69.7251 10.0241 59.701 13.2597 10.6175 0.541178 10.0763 0.25221 46.4413 45.5068 0.408915 9.82409 3.92428 0.51208 3.4122 73.5066 42.3337 40.7581 1.57556 20.5864 17.9926 17.6008 5.7479 1.17573 0.877264
internal_count=175101 44605 32267 20157 13753 9705 1223 8482 1737 1371 89 1282 48 6745 6698 65 1234 315 42 273 6404 3116 2983 133 1372 1146 1127 460 86 56
is_linear=0
shrinkage=0.05


Tree=13
num_leaves=31
num_cat=0
split_feature=11 10 4 11 13 13 29 27 9 1 9 6 27 10 4 29 29 10 2 8 18 14 10 8 4 14 2 8 9 13
split_gain=466.132 48.6763 26.2814 20.0652 17.2843 14.3655 24.8662 14.1897 21.0027 13.8467 12.4754 28.1779 24.6979 17.8731 46.4455 17.5707 25.1756 18.6913 26.0176 12.2341 16.7857 19.9702 19.385 18.6186 12.937 12.7387 12.0498 12.0177 98.5964 11.8935
threshold=0.0026091149177384682 0.0043924781577211981 0.0029722589167767181 0.0061079227541028366 266.50000000000006 242.50000000000003 0.30127856135023762 4.3791314612459447 2.3770411559857938 0.01049100973918793 0.55214380594591517 0.0011204877405315069 3.4022050437106244 0.0018344060200196869 0.0042624116264071048 -0.2844891879002161 -0.22842823697662271 0.0032954657132221346 -0.0033429624841637691 0.7627036601767635 0.00021308331557637325 59.500000000000007 0.0056807691413534511 0.55731838625982444 0.00027687792643332917 54.500000000000007 -0.030211090600780584 0.25366506495148766 0.3350858163988289 276.50000000000006
decision_type=2 2 2 2 2 2 2 2 2 2 2 2 2 2 2 2 2 2 2 2 2 2 2 2 2 2 2 2 2 2
left_child=5 2 27 4 -4 6 -1 10 -9 -10 11 -6 13 14 -13 -15 -17 -18 -19 20 21 22 -3 -24 -23 -25 -12 28 -2 -28
right_child=1 19 3 -5 7 -7 -8 8 9 -11 26 12 -14 15 -16 16 17 18 -20 -21 -22 24 23 25 -26 -27 29 -29 -30 -31
leaf_value=0.60022305034972478 0.0037942840633974871 -0.0037124199900385349 -0.029503077931523486 0.039351725832983422 0.012273593922286599 -0.044058444982357427 0.011420554153302448 -0.058914737794448682 -0.050563960036948956 0.40154153846914187 0.21536068487750282 -0.050526844568074485 0.59969880232584893 0.023326573079410572 0.75206832873962937 0.81159923465570127 -0.050838929427718726 0.71688359129436663 -0.050584881392703819 0.049523223499849688 -0.014065056353077383 0.25855626171781998 0.34447867641700564 0.044560362210080272 0.02890104195687089 0.2565435602085232 0.057439251062736535 -0.024733003305228929 1.3813387167545048 -0.0012524406678677596
leaf_weight=0.23051726818084606 1.8494399606715877 2.0854527265764764 26.246419308939949 76.784927780739963 7.8028283636085671 401.67895556334406 0.80723125324584544 9.0016373943071777 0.2792540732771166 0.4303518058732152 0.74187451228499313 0.34854052704758931 0.30723036872223008 2.6754723847843707 0.37333644740283489 0.17399513372220099 0.50624430552124999 0.26045082812197506 0.1917170756496489 184.59304418135434 19.240254909265786 0.61805782467126746 1.2518001981079576 2.0848881155252461 78.415831519290805 1.07366282120347 11.227745603537185 50.876253379276022 0.13970639999024559 37.332100374158472
leaf_count=37 404 146 4048 6404 1010 130318 141 1171 32 20 26 62 24 284 33 23 59 25 19 6937 1126 26 33 64 3991 15 1374 11675 31 5543
internal_value=-0.0032486 0.0281716 0.0108693 0.0202172 0.00520957 -0.0435784 0.142212 0.0179248 -0.0382696 0.223623 0.026735 0.0710517 0.16587 0.136446 0.364555 0.093202 0.258293 0.157842 0.391481 0.0417778 0.0281312 0.0376235 0.121897 0.181292 0.030697 0.116618 0.0153732 -0.0200192 0.100545 0.0123179
internal_weight=919.629 516.913 227.55 174.684 97.8992 402.717 1.03775 71.6528 9.71124 0.709606 61.9415 12.6398 4.83699 4.52976 0.721877 3.80788 1.13241 0.958412 0.452168 289.363 104.77 85.5297 6.4958 4.41035 79.0339 3.15855 49.3017 52.8654 1.98915 48.5598
internal_count=175101 44605 32267 20157 13753 130496 178 9705 1223 52 8482 1539 529 505 95 410 126 103 44 12338 5401 4275 258 112 4017 79 6943 12110 435 6917
is_linear=0
shrinkage=0.05


Tree=14
num_leaves=31
num_cat=0
split_feature=11 4 8 11 2 13 27 12 13 7 28 11 7 11 28 2 11 12 12 12 28 2 5 11 13 13 12 8 11 4
split_gain=428.873 40.8919 18.5407 18.4636 27.2491 33.3247 19.9049 17.1085 15.3701 17.0415 15.0624 38.1683 58.9348 14.0046 42.6433 47.9741 52.5846 12.1395 22.4572 12.0969 19.1084 18.2191 12.0294 12.0268 13.3973 11.8955 23.9117 10.6779 11.5444 12.3414
threshold=0.0026091149177384682 0.0036327665596368299 0.71300951346786079 0.0043326859315722232 -0.021092789022035704 244.50000000000003 0.11032717755040523 0.61935714285714238 320.50000000000006 0.0010522623640827468 0.014094151088116269 0.009164485748483395 0.00017781051749934417 0.0028439700554290927 0.0092322510585039538 -0.01089296750838775 0.0027045542258552955 0.23911428571428597 0.25269285714285677 0.68881428571428882 -0.0054256531394887104 0.0069523905779663728 6.3240307269416749e-05 0.019740383980121231 253.50000000000003 242.50000000000003 0.65839285714285423 0.16392962051985357 0.01322060083060997 0.0041511221335814559
decision_type=2 2 2 2 2 2 2 2 2 2 2 2 2 2 2 2 2 2 2 2 2 2 2 2 2 2 2 2 2 2
left_child=25 2 10 4 5 -3 7 -7 9 22 13 -12 -13 14 15 16 -2 -10 -19 -17 -21 -22 -5 -15 -25 26 -1 -24 -29 -30
right_child=1 3 -4 8 -6 6 -8 -9 17 -11 11 12 -14 23 -16 19 -18 18 -20 20 21 -23 27 24 -26 -27 -28 28 29 -31
leaf_value=0.0005570379830200817 1.37263057337987 0.56850188290473558 -0.021620871005502171 0.27385456964276239 0.0023075040987932624 0.30731341797651618 -0.050961196007561077 0.009339858125678736 0.0051240562628338321 0.042556511846164158 0.012311965347450913 1.1683320186423227 0.15643024187977206 -0.0010272771314683213 0.91201569481099254 -0.033078449635190535 0.156137566191033 0.28135811482696294 0.071088055927380184 0.75250066741975985 -0.050187179743105326 0.53925859458969849 0.24806956253832763 0.2624451253855582 -0.051275823791089407 -0.043778636529559267 0.54822916878453387 0.0043344071233808621 0.15219826708064743 0.030785067609881089
leaf_weight=0.97973375883884617 0.14053791458718468 0.40336839947849457 56.618098244769499 0.4596002153120925 68.23208475462161 1.2288950243964798 1.4771657576784489 0.79230273235589255 6.563214849215 202.06072417227551 1.5859728138893836 0.20510028256103385 0.48215719731524587 34.972170197404921 0.15585460048168887 2.91576713649556 0.24146251892670989 1.3242336465045799 30.901193860918283 0.12457675253972411 0.57751202792860556 0.16958938748575747 0.50018195481970806 0.91393394814804085 0.54219418670982122 384.47006049472839 0.25019661150872707 72.397717109881341 2.2052496843971303 41.126699126791209
leaf_count=154 27 23 11305 21 8958 34 128 32 292 8446 198 24 45 6178 35 767 41 23 921 31 160 39 22 22 40 130318 24 5016 175 1602
internal_value=-0.0031812 0.0260392 -0.00281914 0.0327317 0.00965621 0.138168 0.0885493 0.190509 0.0373872 0.0337709 0.0219217 0.147181 0.458415 0.0149347 0.0999962 0.0696428 0.603685 0.0671052 0.0797286 0.0157795 0.179209 0.0836149 0.0185575 0.00483498 0.14563 -0.043282 0.111966 0.017548 0.0165517 0.036964
internal_weight=915.018 529.318 99.6449 429.673 72.1338 3.90173 3.49836 2.0212 357.539 318.75 43.0268 2.27323 0.687257 40.7536 4.3253 4.16945 0.382 38.7886 32.2254 3.78745 0.871678 0.747101 116.689 36.4283 1.45613 385.7 1.22993 116.23 115.73 43.3319
internal_count=175101 44605 18912 25693 9175 217 194 66 16518 15282 7607 267 69 7340 1100 1065 68 1236 944 997 230 199 6836 6240 62 130496 178 6815 6793 1777
is_linear=0
shrinkage=0.05


Tree=15
num_leaves=31
num_cat=0
split_feature=4 10 12 4 28 3 2 18 30 9 3 12 7 7 4 0 2 12 27 15 10 18 18 8 8 10 27 27 8 27
split_gain=359.02 45.7981 48.5023 33.545 21.4313 25.2291 20.2335 43.9743 31.0685 16.5907 25.9695 20.35 26.0219 19.5488 20.2902 34.754 31.5456 16.8055 15.1282 25.1534 17.689 13.9231 20.3183 16.1553 16.0298 15.2555 20.3365 36.447 14.0967 18.0854
threshold=0.0036327665596368299 0.002343029422204592 0.037496428571428868 0.0066055510549943063 -0.017035124737992836 -0.10458015425100535 -0.016447836509809573 0.0018545395445706263 0.84332343032755308 0.6352661606708081 0.054228129583427383 0.28165000000000218 0.0023077608820319937 0.00058548009367678691 0.0037584485464316566 -0.0027605209971183205 -0.0072334218691114107 0.23447857142856984 0.099374469029769388 0.091843184826624 0.032719527243169032 0.006826928417203176 0.00010185892776621377 1.4559839014361304 0.9479532985157284 0.003241560412562882 0.79212868150923721 0.54788016463857192 0.83064451332287825 1.6561151205946396
decision_type=2 2 2 2 2 2 2 2 2 2 2 2 2 2 2 2 2 2 2 2 2 2 2 2 2 2 2 2 2 2
left_child=1 6 -3 4 5 -2 7 8 -1 13 -11 12 17 -6 15 -15 -17 -12 19 -7 -20 22 24 -23 25 26 27 -5 29 -27
right_child=3 2 -4 21 9 18 -8 -9 -10 10 11 -13 -14 14 -16 16 -18 -19 20 -21 -22 23 -24 -25 -26 28 -28 -29 -30 -31
leaf_value=0.008277830624100195 0.26648406831121052 0.85658657342020872 -0.0008157081819246038 0.16125894757357773 -0.0096319046639118475 0.021419089179308633 -0.043156875059360229 0.90653457039832119 0.87287702078272766 -0.0079251681334979191 0.27130004688817627 0.045158107426791834 -0.051868738255900985 0.92206594785930529 0.045232537084829133 0.46628570059583163 0.03776941961307103 0.83910984044616943 -0.0027245815527206269 0.3539832731732766 0.35167789267759209 0.12393942285841275 0.01374594017184954 0.02527035082731029 0.030084395784913329 0.024600255420151141 0.040617163331479841 0.68228629362341564 0.090469386555923473 0.079202521290185776
leaf_weight=2.5507519005332142 1.556448278017341 0.16531435493379731 73.34208112815395 1.8714913106523448 17.067684001289308 1.3568700246978536 364.29678304446861 0.1562716825865208 0.10831588273867954 124.25092956586741 0.31020264327526348 16.235634443815798 0.33552687056362629 0.15416342648677561 29.965150277130306 0.57511101569980461 1.6960703390650436 0.22471086867153645 7.0731806939002126 0.97866201703436662 0.37053206935524929 10.088938276749106 69.072109069908038 7.0456495378166428 85.339844440575689 42.506185090169311 2.1598790197167546 0.4089983315207063 21.773284289520234 23.57684810156934
leaf_count=464 52 11 14177 97 2074 82 126292 14 21 17786 27 878 14 18 2831 36 232 16 391 38 11 239 3283 145 2869 1353 153 31 667 708
internal_value=-0.00255415 -0.0349118 0.00111255 0.0280415 0.0127155 0.0795097 -0.042125 0.0914017 0.0434969 0.00874748 2.66895e-05 0.0577855 0.293313 0.0336725 0.0564911 0.195591 0.146279 0.50983 0.0497512 0.160774 0.0149168 0.0397839 0.036757 0.0833672 0.0457046 0.0601474 0.150568 0.254703 0.0555774 0.044081
internal_weight=906.614 440.62 73.5074 465.994 202.151 11.3357 367.112 2.81534 2.65907 190.815 141.357 17.1061 0.87044 49.4582 32.3905 2.42534 2.27118 0.534914 9.77924 2.33553 7.44371 263.843 246.709 17.1346 177.637 92.2967 4.44037 2.28049 87.8563 66.083
internal_count=175010 140979 14188 34031 24486 574 126791 499 485 23912 18721 935 57 5191 3117 286 268 43 522 120 402 9545 9161 384 5878 3009 281 128 2728 2061
is_linear=0
shrinkage=0.05


Tree=16
num_leaves=31
num_cat=0
split_feature=11 4 3 1 8 3 11 11 27 3 27 12 12 9 6 8 13 1 5 9 4 12 12 4 8 3 8 0 27 26
split_gain=373.349 39.8794 39.5969 19.2321 16.2269 22.5433 15.1943 30.8852 28.117 21.4049 84.1574 35.2674 28.9878 84.3245 22.9195 31.6394 20.4777 25.8197 24.061 18.8131 18.5836 21.3921 17.6994 19.1131 26.5787 23.6241 19.3798 17.8932 16.4573 18.0647
threshold=0.003010231432629538 0.0032087645114858292 0.035035741459217958 -0.012225634066597933 0.25366506495148766 0.044426032370902709 0.0081089144726600292 0.010422128801542448 0.5614487300947274 0.037626929651701564 55835.500000000007 0.82312142857142701 0.22527857142856891 1.3959445594451194 0.00095645245464338468 0.64855063081748376 265.50000000000006 0.012594265451581712 0.00045073500626617721 2.8098583850375127 0.0047289708595530935 0.4480107142857202 2.5059714285714327 0.0068159402347327874 0.86481164000853583 0.023638289433833951 0.83064451332287825 0.0029843868819846579 0.46299000560392584 1.0000000180025095e-35
decision_type=2 2 2 2 2 2 2 2 2 2 2 2 2 2 2 2 2 2 2 2 2 2 2 2 2 2 2 2 2 2
left_child=2 4 3 -1 5 -2 16 8 -8 10 12 -11 13 -10 -13 -16 -3 20 -19 -17 21 28 23 -14 25 26 27 -25 -18 -30
right_child=1 6 -4 -5 -6 -7 7 -9 9 11 -12 14 22 -15 15 19 17 18 -20 -21 -22 -23 -24 24 -26 -27 -28 -29 29 -31
leaf_value=0.068489533071479022 0.042351203131589805 0.00083967091156553371 0.96072840148843586 -0.040913114203017686 -0.02060345465228311 0.42829939291015684 0.016396167881831344 0.029251180535276561 -0.051026205691690765 -0.0049689439267112875 0.71828800681974392 0.011121490968678953 0.052257457678859955 1.018407557664905 0.5513240185177396 0.1131044134227472 0.00590080625906727 0.37269782944660018 0.075407068676892716 0.43913204454033539 0.009878721073228269 0.018979188701154798 -0.05221398155759991 0.041325439342768978 0.089214615735635994 0.46295354563375435 0.39410111091852584 0.29359034880508006 0.11657505971786356 0.41461414185269485
leaf_weight=4.0595262232236555 4.116651297081261 80.920301635982469 0.098918849369510009 384.23879510001279 54.887773107504472 0.41664933506399382 16.427992171607912 191.01479297596961 0.42198702413589373 10.513588047586383 0.58464345335960288 2.2389421048574141 7.7111461958848002 0.32728520641103387 0.58081375015899528 3.3848163890652363 3.4502989368047556 0.70646787714213388 18.585699661867693 0.5090181017294525 75.321486341301352 17.987758384551853 1.759173922240733 2.0255426606163374 6.7734623346477747 0.96944939717650402 0.88526112399995316 1.0765288677066562 10.274838753743094 0.53488985891454
leaf_count=284 513 6909 26 137501 11090 31 892 6990 31 466 34 126 625 20 35 129 350 37 711 21 4697 2044 97 55 211 33 20 35 946 51
internal_value=-0.00251073 0.0254286 -0.0395145 -0.0397693 -0.0130944 0.0778232 0.0304596 0.0388366 0.071422 0.0941565 0.126232 0.0521989 0.110463 0.416107 0.141725 0.207073 0.0204933 0.0330296 0.0862937 0.155724 0.0234769 0.0552384 0.0996606 0.113403 0.153599 0.24158 0.187756 0.12887 0.100976 0.131323
internal_weight=902.804 514.407 388.397 388.298 59.4211 4.5333 454.986 247.204 56.1897 39.7617 22.5345 17.2272 21.9498 0.749272 6.71359 4.47465 207.782 126.861 19.2922 3.89383 107.569 32.2478 21.2006 19.4414 11.7302 4.95678 3.98733 3.10207 14.26 10.8097
internal_count=175010 37199 137811 137785 11634 544 25565 9820 2830 1938 1161 777 1127 51 311 185 15745 8836 748 150 8088 3391 1076 979 354 143 110 90 1347 997
is_linear=0
shrinkage=0.05


Tree=17
num_leaves=31
num_cat=0
split_feature=11 10 28 11 2 27 15 9 7 30 30 27 3 6 6 18 13 2 9 27 28 1 9 28 2 2 28 7 27 6
split_gain=343.08 31.6709 20.6407 19.6844 29.7057 47.9397 49.2847 21.5533 18.7322 16.1721 18.0535 13.2734 12.9229 20.9927 16.5946 15.3864 13.9319 12.2774 18.9349 23.4653 30.7426 74.0641 36.2164 16.9653 15.8026 14.9061 13.486 13.4429 12.7669 15.7506
threshold=0.0026091149177384682 0.0045427096558868013 0.011312674251682484 0.009164485748483395 0.015380061516788614 0.85910524057254534 0.62499996875000952 1.4557207909806944 0.0017369576508959761 0.021571491641591337 0.1581162300830842 1.2375893044414816 -0.066141474101212891 0.0032142552834790541 0.0041748257066209849 0.0016239412594433158 267.50000000000006 -0.00022817505780364786 0.60933956533424094 0.44136593285999065 0.0042082673034263543 0.0012349753699841817 0.55214380594591517 -0.0086428317493537441 0.0030595387368321796 0.0017971548850909127 -0.014918310393935008 0.0038702528084811677 0.11032717755040523 0.00084607599961550469
decision_type=2 2 2 2 2 2 2 2 2 2 2 2 2 2 2 2 2 2 2 2 2 2 2 2 2 2 2 2 2 2
left_child=-1 2 8 -4 5 6 -5 9 12 -7 -11 17 13 15 -15 -2 -14 26 19 -19 21 22 25 -20 -22 -21 28 -25 29 -10
right_child=1 -3 3 4 -6 7 -8 -9 11 10 -12 -13 16 14 -16 -17 -18 18 23 20 24 -23 -24 27 -26 -27 -28 -29 -30 -31
leaf_value=-0.04194312130700617 -0.021321310326299917 0.032375851398165706 0.0097294245968566357 0.18939400015260963 0.033640993330560386 -0.051655375953651966 1.0075708486681039 0.34748660935790043 0.25265381497516437 0.40795435792143242 0.079746204934492554 -0.007661967198862839 -0.024457024804324434 0.43135011695422459 0.045039787483045712 0.17462369367789146 0.0058335955675055109 -0.0034146839600471129 0.27973750968641403 0.45981184806165354 0.4581381316501123 1.2623114653117993 0.80103250963350758 0.000418855804369123 -0.051113121191242339 -0.050743825851241542 -0.0016877225475824898 0.13231792474900617 0.014866265965923012 0.042078629349292587
leaf_weight=341.54727781680413 4.4906456016469738 309.08523167064413 17.938372974749655 0.41545296204276283 9.5671749126631749 1.5873440299183132 0.33046700060367584 0.86463703541085113 1.7767256079241627 0.54207794042304192 1.8452247446402905 18.283570007653907 74.84900097316131 0.62135963700711705 0.50305882841348648 1.2895659836940465 77.024835532298312 1.0409322050400072 0.75146447960287233 0.1955682020634415 0.19630839489400376 0.22851636540144682 0.23463065386749804 7.6752196487504971 0.68008522666059434 0.53146214201115072 17.087822720408443 2.581461155321449 3.7193132005631924 1.7753504877910016
leaf_count=130276 369 11679 1761 27 458 108 23 22 41 22 105 1869 12816 34 17 42 12343 95 26 16 16 28 20 764 65 54 1605 80 182 47
internal_value=-0.00247877 0.0216895 0.00840454 0.0451721 0.0871315 0.178758 0.551873 0.121247 0.00275972 0.072031 0.154271 0.0274135 -0.00605327 0.0608466 0.258517 0.022394 -0.00909473 0.0440817 0.0811853 0.190179 0.287692 0.453178 0.260906 0.0504173 0.062957 0.0865936 0.0225809 0.033616 0.0796125 0.147407
internal_weight=899.26 557.713 248.628 33.0908 15.1524 5.5852 0.74592 4.83928 215.537 3.97465 2.3873 56.7584 158.778 6.90463 1.12442 5.78021 151.874 38.4749 14.1156 3.1075 2.06657 1.19018 0.961661 11.0081 0.876394 0.72703 24.3592 10.2567 7.27139 3.55208
internal_count=175010 44734 33055 2526 765 307 50 257 30529 235 127 4908 25621 462 51 411 25159 3039 1164 294 199 118 90 870 81 70 1875 844 270 88
is_linear=0
shrinkage=0.05


Tree=18
num_leaves=31
num_cat=0
split_feature=11 4 29 4 5 2 18 3 11 11 27 15 17 3 27 1 5 3 27 12 12 5 3 7 1 13 12 12 30 27
split_gain=316.65 34.8103 16.9281 14.3212 20.2223 16.5675 13.708 13.9355 13.6613 27.3932 17.752 29.5478 26.6661 13.2456 17.0969 25.5958 31.9308 22.8567 32.6756 15.2617 17.3393 27.0573 14.5597 18.4507 12.4944 21.9958 15.7167 12.3087 25.655 12.1695
threshold=0.0026091149177384682 0.0054529752607731562 0.098825641460831962 0.0032406701485546787 0.0028605508108178576 -0.016447836509809573 0.002209175981380897 0.030459955001136633 0.0081089144726600292 0.010422128801542448 0.5614487300947274 0.018182369041647998 1.0000000180025095e-35 0.060457559488807384 4.4907805241562153 0.026224796866068604 0.0017174658571610364 0.035035741459217958 55835.500000000007 2.5059714285714327 1.8561214285714283 0.0054189074621101485 0.048763079584488785 0.0029373081026610949 0.012594265451581712 265.50000000000006 0.20797142857142784 0.4480107142857202 -0.083081438623221912 3.9888895781895362
decision_type=2 2 2 2 2 2 2 2 2 2 2 2 2 2 2 2 2 2 2 2 2 2 2 2 2 2 2 2 2 2
left_child=-1 2 3 5 27 6 7 -2 24 10 11 12 -10 14 15 19 -17 18 -16 20 22 -22 -12 -24 -3 -26 -27 28 -5 -30
right_child=1 8 -4 4 -6 -7 -8 -9 9 -11 13 -13 -14 -15 17 16 -18 -19 -20 -21 21 -23 23 -25 25 26 -28 -29 29 -31
leaf_value=-0.041588179935179576 0.044716563688227962 0.0090035039662723342 -0.014104644940061443 0.59592882879202635 -0.012955995737478208 -0.016667982534409466 0.50116034127661058 0.48515167995086173 0.62502709553943669 0.02822647442672746 0.081121328456550623 8.441191608638324e-05 0.054689983377203155 0.0078586099051292796 0.052619669322074548 0.52377961818091445 0.16963541271648697 -0.035890052356155271 0.394417687169204 -0.054724805983181579 0.53114810818591496 0.04210507251905523 0.099083891584850092 0.43993190135940241 -0.0012044008813237347 -0.06527330988311883 0.098253786806712526 0.026269238671423487 0.079043514836825132 -0.050848276429237463
leaf_weight=327.59343931567855 5.4668117198161772 102.8072342236992 78.367922560311854 0.2314988633152123 23.554161020321772 44.876503936713561 0.18105529341846693 0.18569755693897594 0.36962235160171886 166.96792845381424 13.564982377924037 11.798904846422372 0.46000154875218868 4.3511642487719646 3.2189077008515579 0.7808867497369637 3.4420038312673569 4.5370631432160735 0.89328321069478978 1.4943042621016491 0.60027036909013876 0.53483443055301905 0.96870783809572347 0.67278909683227539 14.140109322965147 1.6216179435141409 15.647285685176028 45.35990530368872 18.922372827073563 1.9931646694894869
leaf_count=130276 605 6304 11273 21 2745 10032 13 16 19 4627 467 454 25 92 83 24 96 116 20 55 25 23 38 10 637 73 449 4279 1863 250
internal_value=-0.00243994 0.0201383 0.00452058 0.0148893 0.0268562 -0.00636391 0.0729033 0.0591858 0.0299484 0.0377721 0.0711942 0.0203648 0.308792 0.0895032 0.101072 0.124433 0.235123 0.0414913 0.126868 0.0982261 0.112212 0.300723 0.0981407 0.238785 0.0174357 0.0450357 0.0828979 0.0409562 0.0724593 0.0666654
internal_weight=895.604 568.011 219.139 140.771 90.0611 50.7101 5.83356 5.65251 348.872 214.656 47.6877 12.6285 0.829624 35.0592 30.708 22.0588 4.22289 8.64925 4.11219 17.8359 16.3416 1.1351 15.2065 1.6415 134.216 31.409 17.2689 66.5069 21.147 20.9155
internal_count=175010 44734 31097 19824 9158 10666 634 621 13637 6174 1547 498 44 1049 957 738 120 219 103 618 563 48 515 48 7463 1159 522 6413 2134 2113
is_linear=0
shrinkage=0.05


Tree=19
num_leaves=31
num_cat=0
split_feature=4 10 4 12 2 8 18 3 28 1 3 1 30 5 10 28 8 8 3 6 30 13 0 2 12 27 10 18 18 8
split_gain=257.347 31.4609 25.436 21.3995 20.1014 18.6827 17.0148 15.8715 13.6384 19.3699 20.0973 13.1285 12.8838 15.02 19.1415 14.1487 19.8861 34.6695 27.1185 12.13 11.9387 10.6095 10.5375 17.8222 21.9352 10.4392 10.1184 10.0986 15.0445 11.083
threshold=0.0033046061797379731 0.002343029422204592 0.0066055510549943063 0.037496428571428868 -0.016447836509809573 0.28387547490698489 0.002209175981380897 -0.10458015425100535 -0.014918310393935008 0.0057398479295079916 -0.10458015425100535 -0.012225634066597933 -0.099556666999546781 0.0029127060284489296 0.0090207893791242159 0.013020103985850245 1.4559839014361304 1.5065995986195218 0.060457559488807384 0.0012672637951065889 0.19839055785101831 242.50000000000003 0.00025142838986802479 0.022589669802969285 0.53847142857142993 0.76608124802894551 0.0013389698383237346 0.006826928417203176 0.00010185892776621377 0.9479532985157284
decision_type=2 2 2 2 2 2 2 2 2 2 2 2 2 2 2 2 2 2 2 2 2 2 2 2 2 2 2 2 2 2
left_child=1 4 8 -3 5 -1 -7 -6 9 10 20 -12 15 26 -15 -10 19 -18 -19 -17 -2 -9 -21 24 -24 -25 -14 28 29 -4
right_child=2 3 27 -5 7 6 -8 21 12 -11 11 -13 13 14 -16 16 17 18 -20 22 -22 -23 23 25 -26 -27 -28 -29 -30 -31
leaf_value=0.64955775321760734 0.04661070701462975 0.39922651859871361 0.045437257797980912 -0.0029761136747146273 0.36328390168966995 0.029294841596086342 0.55327018821909613 0.49449459050930211 -0.017872609077919203 0.36065406620191187 0.053356007854121638 -0.042430843128732042 -0.050444191867497545 -0.015304163145938417 0.21212440419805911 -0.037452989732171586 0.72402719028202556 0.0027419666382021649 0.48144853238502761 -0.023348103700206329 0.27366756422091026 -0.043279160125128759 0.70623512012509682 0.26011307352735136 0.14309380870747274 -0.0053729659442026539 0.029672594295781198 0.06422963311243296 0.0079186802853286609 0.021727495282827223
leaf_weight=0.1426847896073008 1.0132500901818322 0.33271266520023246 104.55381702212617 55.066418869188055 0.24043790157884259 2.471408976009116 0.16529577830806363 0.09174205968156357 79.736760879168287 0.48475128831341763 10.273311414290221 5.4882133256178323 4.1334503192920229 41.463816095609218 0.94629267510026593 5.6981544350273889 0.25804272945970241 1.4013978794682769 0.37501517217606295 1.8034897434990851 1.3506422191858289 299.27010937104933 0.26412564306519959 0.48054383322596583 0.50076891924254596 1.613616097718477 84.638660808326676 19.566440095659345 74.666678425157443 93.246089857304469
leaf_count=12 36 11 3009 11861 7 417 9 11 13298 23 440 407 953 5684 49 423 22 111 19 127 28 122520 28 23 25 89 8832 384 3283 2869
internal_value=-0.00238651 -0.0352002 0.0196005 -0.00056059 -0.0415465 0.092299 0.062143 -0.0427882 0.00761054 0.0487344 0.0403924 0.0200027 0.00418343 0.0142481 -0.0102296 -0.0101472 0.0395493 0.182468 0.103801 0.0114854 0.176343 -0.0431144 0.0712936 0.130994 0.337552 0.0555477 0.0259422 0.0295331 0.0270415 0.0342601
internal_weight=891.738 357.781 533.957 55.3991 302.382 2.77939 2.6367 299.602 241.924 18.6102 18.1254 15.7615 223.314 131.182 42.4101 92.1319 12.3952 2.03446 1.77641 10.3607 2.36389 299.362 4.66254 2.85905 0.764895 2.09416 88.7721 292.033 272.467 197.8
internal_count=175010 134848 40162 11872 122976 438 426 122538 30617 934 911 847 29683 15518 5733 14165 867 152 130 715 64 122531 292 165 53 112 9785 9545 9161 5878
is_linear=0
shrinkage=0.05


Tree=20
num_leaves=31
num_cat=0
split_feature=11 10 30 13 11 30 15 27 27 12 10 3 7 6 8 30 30 3 13 30 11 12 3 15 23 11 11 28 12 2
split_gain=247.737 22.9263 11.8565 11.4275 15.2851 23.8367 17.0638 15.2564 24.9314 82.9656 12.6619 58.9518 12.5034 14.681 13.9349 26.4109 32.4484 14.6956 10.8756 26.6794 17.0515 14.6553 46.4427 43.1365 13.7987 10.6289 19.8373 36.0021 16.8129 29.9017
threshold=0.0023033884377740709 0.0045427096558868013 0.70479836604735313 268.50000000000006 0.0033441653962485783 -8.3360515461743301 0.20306840227599091 0.087432933361344861 0.048274950057822695 0.82312142857142701 0.00058839171355216989 0.012407266408743236 0.001028306293357154 0.0032142552834790541 0.90753292386496442 0.14656906607653494 -0.13322971013697024 -0.066141474101212891 280.50000000000006 -2.7538894939454979 0.0050554175243228182 0.96034642857143493 -0.014392225093025899 0.92716801748415001 1.0000000180025095e-35 0.010422128801542448 0.0095984039364186077 0.017294215433557931 0.54572499999999746 0.046380285035761755
decision_type=2 2 2 2 2 2 2 2 2 2 2 2 2 2 2 2 2 2 2 2 2 2 2 2 2 2 2 2 2 2
left_child=-1 3 25 12 5 6 -5 8 -7 -10 11 -9 13 -2 15 16 -15 -17 19 -6 21 -21 -23 24 -24 26 -3 28 -28 -30
right_child=1 2 -4 4 18 7 -8 10 9 -11 -12 -13 -14 14 -16 17 -18 -19 -20 20 -22 22 23 -25 -26 -27 27 -29 29 -31
leaf_value=-0.042788335597388039 -0.027740217059639624 0.028200371293303148 -0.021251979230705594 0.68876416235782512 0.4826208196326473 0.053683620718181724 0.10238460429060647 -0.050137197592305387 -0.050220998509383032 1.9656464237570657 -0.018284324149124006 1.8028496160622662 0.0089626348060198695 0.098330485456755032 -0.013822214620045995 0.2924118631651203 0.8238169366474587 -0.050764604277884408 0.018545519656658582 0.055943507799600868 -0.059021093592825459 0.77552822471052607 -0.050592950290396614 0.87692405494398074 0.36202427618021105 0.015549841329783093 0.21498368228859951 -0.043347699539098734 0.044627747898491284 0.31508632870590153
leaf_weight=279.53211656655185 65.616014189086854 147.50413719192147 14.526707943761719 0.20253444369882245 0.37390013760886986 3.6712748669087882 0.32023673271760345 0.20977212721481819 0.16251946659758676 0.074409159133210778 53.195896362653002 0.053965559229254723 64.169549168553203 0.33468103082850575 2.6697471886873245 0.434528198093176 0.2856903863139445 1.1058866740204389 70.36287607671693 9.8700819923542422 2.6797950270120046 0.30240270821377646 1.2408222160302087 0.16165213799104106 0.24216558877378691 154.61425482248887 4.0003250776790065 3.9145075324922791 6.3400764032267034 1.218346962239593
leaf_count=121624 12063 6619 689 23 25 552 50 79 45 20 14635 17 6102 25 201 15 16 92 5876 900 139 26 143 16 22 3983 122 66 248 31
internal_value=-0.00381052 0.0140552 0.0229205 0.00345412 0.0132901 -0.00653652 0.329563 -0.00959927 0.0857651 0.582877 -0.0165709 0.329018 -0.00700354 -0.0215471 0.0625781 0.156974 0.432428 0.0460404 0.0267563 0.0656067 0.0548512 0.0806743 0.206041 0.101329 0.0167857 0.024941 0.0338502 0.0877092 0.132093 0.0882231
internal_weight=889.391 609.859 332.118 277.74 143.124 57.8906 0.522771 57.3678 3.9082 0.236929 53.4596 0.263738 134.616 70.4465 4.83053 2.16079 0.620371 1.54041 85.2337 14.8708 14.4969 11.8171 1.94704 1.64464 1.48299 317.592 162.977 15.4733 11.5587 7.55842
internal_count=174464 52840 11758 41082 22568 15421 73 15348 617 65 14731 96 18514 12412 349 148 41 107 7147 1271 1246 1107 207 181 165 11069 7086 467 401 279
is_linear=0
shrinkage=0.05


Tree=21
num_leaves=31
num_cat=0
split_feature=11 4 29 28 28 4 29 1 12 15 15 12 5 11 15 14 10 7 27 19 13 11 29 4 5 12 27 15 1 1
split_gain=230.635 23.0132 11.827 11.3671 9.54556 28.9834 23.5122 13.0913 36.0459 21.888 10.4794 13.3041 9.24161 14.3356 24.9974 8.80087 30.0684 15.6275 42.9064 9.65319 8.90929 8.42373 19.0939 48.6035 84.8516 10.8637 13.742 12.118 11.3353 26.9509
threshold=0.0023033884377740709 0.0036327665596368299 -0.74832149503821943 -0.011341712828202047 0.0066907220164675665 0.00031376732601328658 -0.73839964477072473 -0.0002533054900007436 0.21005714285714208 0.7582168376827394 0.15580736455632863 0.62856785714285923 1.7600831251275804e-05 0.0059090813247793987 0.38998907813068179 68.500000000000014 0.0045427096558868013 1.0000000180025095e-35 4.3791314612459447 1.0000000180025095e-35 322.50000000000006 0.0038055032304569318 -0.65595535869839605 0.0039889456094328261 0.0023155826773981485 0.4796178571428576 0.21653235315720518 0.022727272210731338 -0.00048987123326416071 -0.0010051212998847257
decision_type=2 2 2 2 2 2 2 2 2 2 2 2 2 2 2 2 2 2 2 2 2 2 2 2 2 2 2 2 2 2
left_child=-1 3 -3 -2 -5 6 -6 8 -7 10 11 -10 13 -4 -15 16 17 18 -9 20 -19 22 23 24 -14 26 27 -23 29 -28
right_child=1 2 12 4 5 7 -8 15 9 -11 -12 -13 21 14 -16 -17 -18 19 -20 -21 -22 25 -24 -25 -26 -27 28 -29 -30 -31
leaf_value=-0.042464194507033905 0.049149116412391787 -0.026530181837363959 -0.052321852329860842 -0.01978309369909349 -0.050413204076586129 0.82810134384363721 0.72727833779488893 -0.050184865456477414 -0.051149175971928619 0.66649915843639351 -0.050399370261505289 0.60884630412153529 1.5656908638995877 0.37365041628864876 0.017276252047689511 -0.015172435551282702 0.93210618879494567 0.42594671737163747 1.5593354738264376 0.51475225908718836 -0.050408560976412414 0.099518223988824095 -0.0036902536306460173 0.028328297736070481 -0.050304413392149576 0.015783455675902416 0.052061101390623948 -0.024338255848867847 0.025806911849749106 0.27772144262979775
leaf_weight=267.87819590698928 8.1864203708246333 14.741592740640042 0.94771597045473699 81.752265652874485 0.15643447544425726 0.17075682478026166 0.25662501901388424 0.12413835781626348 0.1540998292621224 0.13950232486240555 1.2665064877364782 0.15134921367280185 0.15469818143173952 0.92572162486612786 1.0504067735746501 16.534742732765153 0.10178320575505484 0.10459606070071448 0.062130212783813477 0.088426443515345343 1.5944468625821171 2.2743926276452866 58.556902616517618 1.1977318155113605 0.17104478855617344 305.4403213863261 44.695976241491735 14.994309765286742 60.368115646764636 1.3634920502081502
leaf_count=121624 826 925 68 20246 29 35 25 39 26 26 240 15 28 15 37 2845 15 10 19 11 400 107 9143 158 35 12418 1746 646 2627 80
internal_value=-0.00371684 0.013086 0.017599 -0.0075515 -0.0120731 0.0180774 0.43275 0.00971898 0.135382 0.0662671 0.0129999 0.275877 0.0189208 0.107549 0.184221 -0.00299036 0.0940588 0.0508417 0.486674 0.00542459 -0.0210833 0.0183912 0.000856271 0.175608 0.717146 0.0208461 0.0333471 -0.00802561 0.0400602 0.0587413
internal_weight=885.605 617.727 506.882 110.844 102.658 20.9055 0.413059 20.4925 1.88221 1.71146 1.57196 0.305449 492.141 2.92384 1.97613 18.6103 2.07552 1.97374 0.186269 1.78747 1.69904 489.217 60.0804 1.52347 0.325743 429.137 123.696 17.2687 106.428 46.0595
internal_count=174464 52840 28033 24807 23981 3735 54 3681 342 307 281 41 27108 120 52 3339 494 479 58 421 410 26988 9364 221 63 17624 5206 753 4453 1826
is_linear=0
shrinkage=0.05


Tree=22
num_leaves=31
num_cat=0
split_feature=4 10 13 12 2 3 8 8 1 28 28 4 6 8 8 28 3 4 6 28 12 5 0 10 0 4 28 12 2 0
split_gain=178.799 32.4969 19.34 16.7734 15.4736 15.0067 12.3845 13.8402 24.004 41.7878 10.7507 16.4143 17.1103 14.5379 17.4496 19.378 51.4948 20.3615 10.3878 12.177 11.4542 16.7189 13.2822 14.6472 14.6448 16.2613 13.0881 24.7874 29.8224 23.8417
threshold=0.0036327665596368299 0.002343029422204592 242.50000000000003 0.037496428571428868 -0.012851265805681243 0.026623715838308696 0.70506967178116964 0.6971239551078211 -0.0003968988977325893 0.0031567667177572105 0.0066907220164675665 0.00031376732601328658 0.0023990077894543251 0.55731838625982444 0.61850382924390157 0.010697820272326762 0.028352661106812119 0.0018685896445036548 0.0048606212142577416 -0.0086428317493537441 0.62856785714285923 4.3448981696131864e-05 -0.00065521735019019578 0.0060266998569563244 -0.0054305701296142308 0.0098710315713702573 -0.0095080329571993957 0.28683571428571525 -0.0082257002797594386 -0.0040375152529675265
decision_type=2 2 2 2 2 2 2 2 2 2 2 2 2 2 2 2 2 2 2 2 2 2 2 2 2 2 2 2 2 2
left_child=1 2 -1 -3 5 -4 7 10 -9 -10 -5 -12 13 -13 15 16 17 -15 19 20 22 -22 24 -24 -2 26 -26 -28 29 -29
right_child=18 3 4 6 -6 -7 -8 8 9 -11 11 12 -14 14 -16 -17 -18 -19 -20 -21 21 -23 23 -25 25 -27 27 28 -30 -31
leaf_value=0.45583853811797426 0.024478072445114164 0.32112976382033964 0.03052358660699871 -0.0017393115987572021 -0.040864419203213466 0.48914306618939618 -0.023664297662019308 -0.050342214267279931 1.0632138060325904 -0.050274338708264692 0.3391393286811179 -0.018859754330018231 0.54489988668698774 0.70681072796774425 0.027446941932805294 0.05372957340415685 1.2793129606433762 -0.050416983776754645 0.035752807258682497 0.0074602914917544678 0.34341699485954713 0.01042898317031799 -0.037071772523951663 0.048612504950974918 0.062020825795006743 0.23416708008979487 -0.050729891527154992 0.57787668654172175 0.78319207044509087 -0.050902411793917274
leaf_weight=0.19737959047779341 16.968216427369043 0.40180069208145042 4.8880483706016085 26.157785865478218 275.27250962611288 0.18512454605661322 35.447837091283873 0.3493051566183567 0.179515226976945 0.15879206988029182 0.50888199009932389 4.686685515800491 0.16789168864488591 0.13152863970026396 1.6821493320167062 0.47287131589837372 0.15038559725508094 0.27312401379458606 52.794416105374694 346.14658490917645 0.37892022868618269 72.751566429389641 9.2954544893000293 10.762191344052551 18.083652622997764 1.7194140539504577 0.55183027894236392 0.23833100567571819 0.29974678764119744 0.41029100911691785
leaf_count=16 504 10 982 5154 125321 20 7847 75 30 35 31 590 16 12 220 48 19 49 1037 27539 18 2799 505 262 1099 30 81 20 35 60
internal_value=-0.00361776 -0.0312836 -0.0389214 -0.00100582 -0.0392697 0.047259 -0.00284524 0.0182892 0.24039 0.540573 0.0138278 0.0642643 0.0457732 0.034444 0.126626 0.288929 0.48931 0.195713 0.0147068 0.0123804 0.0253354 0.0121543 0.0418612 0.00890324 0.0591341 0.0867378 0.0737939 0.215709 0.370742 0.180137
internal_weight=881.712 351.312 280.543 70.7686 280.346 5.07317 70.3668 34.9189 0.687612 0.338307 34.2313 8.07352 7.56464 7.39674 2.71006 1.02791 0.555038 0.404653 530.401 477.606 131.46 73.1305 58.3291 20.0576 38.2715 21.3033 19.5839 1.5002 0.948369 0.648622
internal_count=174464 140475 126339 14136 126323 1002 14126 6279 140 65 6139 985 954 938 348 128 80 61 33989 32952 5413 2817 2596 767 1829 1325 1295 196 115 80
is_linear=0
shrinkage=0.05


Tree=23
num_leaves=31
num_cat=0
split_feature=11 4 30 2 5 7 1 30 30 3 11 12 11 28 9 4 13 28 5 1 2 4 2 9 11 30 5 13 3 28
split_gain=203.136 18.0908 11.8409 10.3903 12.723 27.6552 14.3112 12.7381 15.3053 14.1818 17.0645 62.1216 14.5333 10.6605 15.156 12.3811 16.5087 70.4249 46.0846 21.6821 53.4532 11.6446 9.64246 9.45433 8.76325 24.1369 18.251 13.7945 9.85798 12.3755
threshold=0.0023033884377740709 0.0036327665596368299 0.6879207738581905 -0.0079480721351380384 0.0028083027564561242 0.00039439192871909307 -0.013893460810481094 0.58870769343468876 0.60177103901317197 -0.0078965612716486149 0.0029662580158990939 0.57630000000000403 0.015161964132871453 0.0066907220164675665 0.68777335925257421 0.0032722355200509238 325.50000000000006 0.0073401290810290853 0.00090656179576039731 -0.0013800932018875332 0.0067628203644473093 0.00071183062528184539 -0.036520177565920957 0.16644419338123476 0.0038055032304569318 0.65703172363226769 0.0017174658571610364 311.50000000000006 -0.031711046850673656 -0.00905489022001057
decision_type=2 2 2 2 2 2 2 2 2 2 2 2 2 2 2 2 2 2 2 2 2 2 2 2 2 2 2 2 2 2
left_child=-1 3 24 4 7 6 -6 22 -9 -10 11 -11 -12 -5 15 16 19 18 -18 20 -15 23 -2 -21 25 -3 -27 -28 29 -26
right_child=1 2 -4 13 5 -7 -8 8 9 10 12 -13 -14 14 -16 -17 17 -19 -20 21 -22 -23 -24 -25 28 26 27 -29 -30 -31
leaf_value=-0.041845194659874296 0.065442913547493098 -0.0043340425342954497 -0.018368127405368979 -0.025667139913530243 0.32258794029806365 0.72578724602086986 -0.05043943527376589 0.41676208293296269 0.0055485651795727092 -0.050274773778985551 0.006732873155879374 1.6142741889890067 0.39619009960194118 0.87515290523373146 -0.024278301815442899 -0.050971641409714191 0.369373197516702 0.026504822582030144 1.7949567364222323 -0.051174433480895509 -0.050364563576070331 0.0075418664919029684 -0.025711209571456502 0.28675144568333655 0.018760606002125362 0.6846513655381804 -0.050972053953169762 0.47613081962676473 0.02476895454218456 -0.013266339514026698
leaf_weight=247.95944862789474 3.6495954578276786 59.321467580739409 24.643884332617745 62.862801684765145 0.39264072943478812 0.19288125168532122 0.74494503089226682 0.31996010057628055 3.4906960041262209 0.14836209942586709 0.8598075744230298 0.090087050339207053 0.33205329230986536 0.26989987539127369 11.600999295711516 2.0437952510546884 0.11887914850376535 0.64932356588542461 0.10836923494935036 0.28874662145972496 0.36970066488720477 5.6768747204914689 14.147499460494148 0.73091614828445017 95.604919605888426 0.20375902019441028 0.36027509905397892 0.18936441512778401 296.33346470771357 44.064992352388799
leaf_count=121624 241 9185 1480 17104 16 12 132 34 462 43 143 18 12 37 2089 232 22 124 18 33 66 1054 2871 44 2487 13 45 18 12667 2138
internal_value=-0.0035109 0.0115815 0.0154601 -0.00693278 0.0218395 0.172178 0.0783119 0.0131573 0.0816695 0.059882 0.192484 0.578599 0.115236 -0.0152087 0.0148701 0.0591504 0.0865551 0.291635 1.0492 0.0620508 0.340187 0.0354854 -0.00701851 0.191058 0.0171406 -0.000762375 0.280465 0.130628 0.0196074 0.0086563
internal_weight=877.77 629.811 520.722 109.089 24.3685 1.33047 1.13759 23.0381 5.24097 4.92101 1.43031 0.238449 1.19186 84.7203 21.8575 10.2565 8.21271 0.876572 0.227248 7.33614 0.639601 6.69654 17.7971 1.01966 496.078 60.0749 0.753399 0.54964 436.003 139.67
internal_count=174464 52840 28033 24807 3984 160 148 3824 712 678 216 61 155 20823 3719 1630 1398 164 40 1234 103 1131 3112 77 26553 9261 76 63 17292 4625
is_linear=0
shrinkage=0.05


Tree=24
num_leaves=31
num_cat=0
split_feature=11 10 13 11 29 9 3 27 29 10 7 6 3 8 8 29 30 30 12 1 27 26 11 12 6 9 3 12 9 13
split_gain=189.422 15.7171 9.57753 11.612 15.8841 16.3732 11.3719 10.9051 15.2115 25.2794 10.4675 11.5153 9.11091 8.88364 12.8073 14.3379 8.54564 8.52777 12.7855 12.0845 10.5843 8.99157 10.701 16.7608 8.67434 8.45589 13.7998 31.9174 8.45288 16.881
threshold=0.0023033884377740709 0.0045427096558868013 268.50000000000006 0.0033441653962485783 8.4066787038374517 3.8063594350220362 -0.01512151688623453 0.087432933361344861 1.7761875829401834 0.0023185238894913845 0.001028306293357154 0.0032142552834790541 0.037626929651701564 0.90753292386496442 0.79297270082189464 -0.12870660637539891 0.70479836604735313 -0.24050717185919754 0.76098928571428626 -0.00048987123326416071 18.686536729693991 1.0000000180025095e-35 0.0032192546820630796 0.51744285714285765 0.0026041447906341771 0.61299603882186926 0.015625549904976447 0.14785714285714163 1.8219467230353208 271.50000000000006
decision_type=2 2 2 2 2 2 2 2 2 2 2 2 2 2 2 2 2 2 2 2 2 2 2 2 2 2 2 2 2 2
left_child=-1 2 10 4 7 6 -6 8 -4 -10 11 -2 25 14 -13 -16 17 24 19 21 -21 22 23 -19 -3 26 -9 -28 -5 -30
right_child=1 16 3 28 5 -7 -8 12 9 -11 -12 13 -14 -15 15 -17 -18 18 -20 20 -22 -23 -24 -25 -26 -27 27 -29 29 -31
leaf_value=-0.041488902982676719 -0.027124281034340694 0.0044942621980645827 0.016170258410881787 0.017769588397647196 0.17902728986991689 -0.055068060457996441 0.704822224643886 -0.0013472024899403206 0.45471615644815205 -0.051984001224076148 0.0066321929651754711 0.014410806571276011 0.47109403724366805 -0.015062630121695017 0.040486555600047006 0.38398527662979398 -0.02024311641601503 0.081508102410320152 0.014049235968203939 0.017780770914713497 0.1556283341327736 0.010618303991676728 0.071564733202597458 0.63334002348810015 0.026716902871740063 -0.030645166778290728 0.78589742712786648 0.071420396835209246 0.36201684603366568 0.054155515282852597
leaf_weight=237.84128631372005 63.765692297136411 122.21764851524495 3.5831449693068853 83.679747880669311 0.21323151746764779 0.29568475158885121 0.19862470333464344 15.261588403256612 0.5712892103474585 0.43250847165472806 66.520950898062438 1.5086373896338039 0.095814252272247269 2.7571572433225811 0.54561655386351049 0.68542283307760932 14.119752983096985 0.36974546196870761 75.142161133000627 35.041952506639063 1.4501554802991439 6.4338644021190694 28.762277327943593 0.21916257939301431 68.537286690436304 35.715079706627876 0.17904121126048167 1.2312705027870832 0.48038004478439589 6.092898559756577
leaf_count=121624 12063 4896 561 6839 9 22 40 4357 34 22 6102 91 9 201 37 20 689 35 2435 1184 26 166 843 21 1463 10077 20 270 17 291
internal_value=-0.00342057 0.0108132 0.00205679 0.0108537 -0.00664887 0.228802 0.432601 -0.00956795 0.0643634 0.236393 -0.00753351 -0.0211385 -0.0160295 0.0482993 0.112065 0.231741 0.0178675 0.0194588 0.0284906 0.0435045 0.0232587 0.0641503 0.0758847 0.286873 0.0124787 -0.0169204 0.0124812 0.162124 0.0220583 0.0766542
internal_weight=873.949 636.108 283.814 148.03 57.7773 0.707541 0.411856 57.0697 4.58694 1.0038 135.783 69.2625 52.4828 5.49683 2.73968 1.23104 352.294 338.174 147.419 72.2772 36.4921 35.785 29.3512 0.588908 190.755 52.387 16.6719 1.41031 90.253 6.57328
internal_count=174464 52840 41082 22568 15421 71 49 15350 617 56 18514 12412 14733 349 148 57 11758 11069 4710 2275 1210 1065 899 56 6359 14724 4647 290 7147 308
is_linear=0
shrinkage=0.05


Tree=25
num_leaves=31
num_cat=0
split_feature=11 28 28 15 1 3 6 2 15 15 29 29 2 6 6 8 7 11 15 5 5 13 2 15 28 0 15 13 7 9
split_gain=210.958 18.6208 13.62 10.3943 15.6877 10.4347 20.5204 21.2054 9.78371 15.4211 9.70013 12.4089 16.2651 18.6009 12.2013 11.226 13.4887 9.57999 16.5862 25.1575 14.6167 11.0025 10.1083 12.7298 11.0625 9.98429 11.6913 9.9549 10.2909 12.6665
threshold=0.0022021546160667731 -0.00905489022001057 0.014094151088116269 0.69565212854441882 0.0049658542375424783 0.0075538432400104058 0.0023150111101595907 -0.030211090600780584 0.7662418813102615 0.78225202337193711 0.066975175402772771 0.05113794702759434 -0.0034163418330417357 0.0020465401276789485 0.00010938764799919009 0.80789230518989019 0.00083800053089712876 0.0095984039364186077 0.60223190692072537 0.0021574190035085739 0.005722083993489965 242.50000000000003 -0.0037348918448737996 0.21487603128201913 -0.0095080329571993957 -0.0054305701296142308 0.046609578301914263 323.50000000000006 0.0010783997477900062 1.3824464493107096
decision_type=2 2 2 2 2 2 2 2 2 2 2 2 2 2 2 2 2 2 2 2 2 2 2 2 2 2 2 2 2 2
left_child=-1 3 10 4 17 6 7 -6 -5 -10 11 -3 13 14 -13 16 -14 -2 20 -20 22 -22 24 -24 25 26 -19 28 29 -27
right_child=1 2 -4 8 5 -7 -8 -9 9 -11 -12 12 15 -15 -16 -17 -18 18 19 -21 21 -23 23 -25 -26 27 -28 -29 -30 -31
leaf_value=-0.044465812864857845 0.013024276730255075 0.0081778671373352648 0.022714187484609103 -0.086948537861479158 0.12581273946532198 0.016607612696414392 0.06984947171689572 0.55906754924243496 0.23563409248980338 -0.011397541755283356 -0.0065735824231697966 0.53569663473280105 0.45173036028298724 0.72614162075971511 0.046392381353077251 -0.05085779612849009 0.018082127069913558 0.045072916413638218 -0.076839269835985033 0.2838984060034922 0.065358759607291136 -0.0054888218467315005 0.042896471830321595 0.22956646774592937 0.21669233763467355 0.027516724480668015 0.32577648952210225 0.22382208156203032 0.017427281840453814 0.12653341773106905
leaf_weight=221.75326465652324 67.753659085603431 208.99216311064083 107.74546577315778 3.7085895095951837 0.55748031800612785 1.4840059857815502 1.6836269758641718 0.57240710407495454 0.70315755857154716 6.221582529367879 164.14696328446735 0.17025201604701612 0.29809740977361743 0.19289669068530202 0.50624816690105945 1.3416427983902393 0.45005810703150928 0.84334104135632404 0.70074054272845332 1.5576003086753187 6.9094113726168862 26.48944940418005 1.9119860948994749 1.7485007774084804 0.92559706117026408 7.3589309966191632 0.6622153278440237 0.70494976919144292 28.405754235573113 5.7562031613197178
leaf_count=118655 4374 26944 3426 124 18 27 23 23 22 236 18705 17 49 13 65 189 24 20 28 41 120 461 56 48 42 322 22 8 747 157
internal_value=-0.00235089 0.0120059 0.00704102 0.0264198 0.0296796 0.123885 0.180469 0.345302 -0.0214119 0.0136867 0.00255093 0.00961746 0.111289 0.293031 0.169534 0.0356803 0.190866 0.0270114 0.0382966 0.171965 0.0346025 0.00916782 0.0521839 0.132063 0.0456363 0.0420158 0.16854 0.0375046 0.0343413 0.0709749
internal_weight=872.256 650.503 483.844 166.659 156.026 4.29752 2.81351 1.12989 10.6333 6.92474 376.098 211.951 2.9592 0.869397 0.6765 2.0898 0.748156 151.728 83.9747 2.25834 81.7163 33.3989 48.3175 3.66049 44.657 43.7314 1.50556 42.2258 41.5209 13.1151
internal_count=175006 56351 49432 6919 6537 91 64 41 382 258 46006 27301 357 95 82 262 73 6446 2072 69 2003 581 1422 104 1318 1276 42 1234 1226 479
is_linear=0
shrinkage=0.05


Tree=26
num_leaves=31
num_cat=0
split_feature=4 10 9 9 10 3 29 0 30 28 28 29 30 6 4 1 12 28 14 9 5 28 0 29 13 10 5 4 27 10
split_gain=154.343 22.6197 17.6986 20.6726 34.2872 59.3047 140.45 44.8459 21.2565 15.6156 11.9455 12.24 10.4539 10.3692 9.78604 14.4706 9.54691 27.2523 27.1011 9.79128 23.6319 9.45495 13.7193 13.7524 9.28384 8.87282 15.2271 8.78663 28.4957 8.66561
threshold=0.0029722589167767181 0.0025017629311274762 0.51281900897009192 0.47389374384281507 0.0029443365362406245 0.0018340495305010365 -0.12255009364818258 0.00049944555608538732 -1.0192215264881372 -0.00905489022001057 0.014094151088116269 0.08292902896816369 0.65703172363226769 0.0011642132832179815 0.0064187656774584859 -0.0045897443176072241 0.098132142857141155 -0.0046493143322808008 91.500000000000014 0.46061091283370165 0.0016014521315550233 0.0092322510585039538 0.0021331874782440923 -0.87757718264184825 241.50000000000003 0.0025297754894048952 9.2816039411112747e-05 0.003058899444845508 0.14402728694519362 0.0013389698383237346
decision_type=2 2 2 2 2 2 2 2 2 2 2 2 2 2 2 2 2 2 2 2 2 2 2 2 2 2 2 2 2 2
left_child=1 24 3 8 5 6 7 -5 -3 27 11 29 -6 -7 15 16 17 -13 -19 20 -18 25 23 -23 -1 26 -10 28 -2 -11
right_child=9 2 -4 4 12 13 -8 -9 21 10 -12 14 -14 -15 -16 -17 19 18 -20 -21 -22 22 -24 -25 -26 -27 -28 -29 -30 -31
leaf_value=0.43408006848645614 1.0205782231406222 0.34398688232462621 -0.025978688841682918 -0.050164875625894612 -0.050281110205907503 -0.050314994791414651 3.1337108930942676 1.5550115813002598 0.6296153778754251 -0.050450439128938963 0.021256337845392853 -0.050350109846811757 0.53344650994491505 0.60525366433011807 0.0043133095380604265 -0.032766306026488078 0.61567854964208846 -0.050134415972460669 1.1310559531402378 0.0052402308680949763 -0.050865692822560593 0.44289188156171877 0.405416589415104 0.0064130373966594933 -0.040409581543606403 -0.016902240947656536 -0.050165373402598495 0.024089066162720607 0.059950271606734933 0.012749530147237301
leaf_weight=0.10313642770051856 0.093359308084472015 0.50365155632607539 21.330718026729301 0.14430580218322575 0.73296467470936477 0.29006173810921609 0.062815843150018535 0.062297419412061572 0.14548680977895756 5.5950162935769177 106.78621209715493 0.33990964596159756 0.085664410376921296 0.076154637848958373 76.931059914408252 59.351364628411829 0.22361917258240538 0.07867224968504416 0.12687574012670666 16.814063667901792 0.32806835183873773 0.20262163016013812 0.32700867531821121 1.650371045107021 226.21960561606102 9.6425568242557329 0.18991779559291899 163.04341547528747 0.44596667343284935 177.26311271334998
leaf_count=8 15 42 4974 51 165 78 19 19 5 1619 3131 103 22 11 3241 12777 8 33 17 2648 34 21 21 142 119752 1910 63 6118 75 17884
internal_value=-0.00228131 -0.0343766 0.00276242 0.0461936 0.224734 0.500254 1.06333 0.433847 0.0256871 0.0115503 0.00668325 0.00206614 0.0108023 0.0860104 -0.00831002 -0.0208792 0.0185105 0.224481 0.678962 0.0120409 0.219309 0.0125013 0.106834 0.0541413 -0.0401934 -0.00810861 0.2447 0.0247555 0.226238 0.0108158
internal_weight=869.19 261.769 35.4466 14.1159 1.45426 0.635635 0.269419 0.206603 12.6616 607.421 443.838 337.052 0.818629 0.366216 154.194 77.2626 17.9112 0.545458 0.205548 17.3658 0.551688 12.158 2.18 1.85299 226.323 9.97796 0.335405 163.583 0.539326 182.858
internal_count=175006 127303 7543 2569 365 178 89 70 2204 47703 41495 38364 187 89 18861 15620 2843 153 50 2690 42 2162 184 163 119760 1978 68 6208 90 19503
is_linear=0
shrinkage=0.05


Tree=27
num_leaves=31
num_cat=0
split_feature=11 28 6 3 11 3 0 10 14 13 9 1 27 13 27 8 27 4 9 11 30 6 13 30 3 0 11 4 10 27
split_gain=187.122 14.2296 12.0537 10.5472 14.8609 37.5892 16.7894 14.7611 34.8675 15.7408 15.8273 13.4349 14.2362 11.3503 12.2475 15.1681 11.1358 10.3679 12.4552 11.1034 17.9934 11.2117 10.3025 26.3291 68.1927 14.6387 15.1909 17.0364 13.9486 34.4353
threshold=0.0022021546160667731 -0.0099935509699414816 0.00092463378515886924 -0.024073758549664644 0.0057475181177981957 -0.016778890730165859 -0.0008657834336856517 0.0019274123498973668 134.50000000000003 323.50000000000006 0.73922558645376868 -0.021668276393513815 0.9002916065615908 305.50000000000006 0.27678214998258494 1.0441827853037253 0.11032717755040523 0.010722493306909399 0.91074029841392579 0.0049070348826344744 -0.58333303878963327 0.00065966661985250173 321.50000000000006 0.73936507560154507 -0.0036167717383185911 -0.00027987994119033072 0.004747709971756834 0.011784742572644669 0.0045427096558868013 1.8949430377429139
decision_type=2 2 2 2 2 2 2 2 2 2 2 2 2 2 2 2 2 2 2 2 2 2 2 2 2 2 2 2 2 2
left_child=-1 3 17 -2 -5 6 -6 8 -7 10 -9 -12 13 14 16 -16 -13 -3 -19 20 -20 -21 -4 25 -25 -24 -27 28 29 -28
right_child=1 2 22 4 5 7 -8 9 -10 -11 11 12 -14 -15 15 -17 -18 18 19 21 -22 -23 23 24 -26 26 27 -29 -30 -31
leaf_value=-0.044012160733309179 0.016341126848149961 -0.0060383659311454181 0.0096487608381743903 0.013713799893391105 0.12153859083557564 -0.051304246101232888 0.41950487914354773 -0.028104970868242291 0.61468979572079663 0.21257005061605519 -0.035364383289538621 0.19836731963043661 -0.036988271123304564 -0.051783383627440352 0.14205372387149154 0.39271352545677052 0.0020192929263557597 -0.039943661223518771 0.046047680075187086 0.049603284592679354 0.34871591376403471 -0.041204441194272107 -0.0052535806502286564 1.6850266263060469 -0.05032462581656022 0.01029801871791864 0.3954869830862307 0.014054881690924457 0.087570607006954515 0.061893889291119678
leaf_weight=205.07821920001879 121.75854973855894 199.40580111218151 234.32363295473624 18.500857614562847 0.85367600666359056 0.41302191000432031 1.0595169970765734 6.6790679527912351 0.37492393865250051 1.2913641147315491 2.261767303571113 1.3274183904286379 1.4575694943778215 0.70566506031900633 1.5109060094691815 1.0049719568341968 1.5835992326028643 5.7410344853997257 1.4337727297097447 16.743931743316356 0.74681170517578976 4.2649039141833773 14.567519410047678 0.086437994963489473 0.16406021732836862 9.6976180253550428 1.4479739386588319 4.700881326571106 6.2230331185273826 1.6609693104401229
leaf_count=118655 3653 30138 16436 1543 25 36 35 269 22 20 48 32 46 28 38 35 53 130 43 307 22 71 1328 23 41 1645 53 43 129 59
internal_value=-0.00227995 0.0106483 0.00649632 0.0235911 0.0462116 0.0755067 0.286551 0.0538107 0.265592 0.0444476 0.0313142 0.0715973 0.103471 0.136854 0.161383 0.24218 0.0915536 -0.00198013 0.0259916 0.0423153 0.149706 0.0311688 0.0135893 0.0375426 0.548483 0.0342007 0.0584207 0.0916765 0.130778 0.217263
internal_weight=867.069 661.991 501.208 160.783 39.0243 20.5235 1.91319 18.6103 0.787946 17.8223 16.531 9.8519 7.59013 6.13256 5.4269 2.51588 2.91102 228.336 28.9305 23.1894 2.18058 21.0088 272.872 38.5485 0.250498 38.298 23.7305 14.0329 9.33198 3.10894
internal_count=175006 56351 50468 5883 2230 687 60 627 58 569 549 280 232 186 158 73 85 30711 573 443 65 378 19757 3321 64 3257 1929 284 241 112
is_linear=0
shrinkage=0.05


Tree=28
num_leaves=31
num_cat=0
split_feature=11 28 28 14 15 15 12 4 9 14 0 4 3 14 14 14 15 23 2 1 1 3 11 11 4 0 1 30 2 10
split_gain=175.004 12.6353 14.1437 9.64621 8.62966 25.7334 23.7412 8.22565 11.6035 9.56826 8.86366 22.7645 37.5706 19.3616 44.3855 13.5445 23.6049 10.4683 8.18455 8.02572 30.761 11.5845 12.3413 19.8217 15.2472 10.8565 8.17922 13.0929 19.0242 9.70432
threshold=0.0022021546160667731 -0.0044301331774150481 0.007110032321085911 147.50000000000003 0.71669053111759828 0.77777775617285994 0.44288571428571649 0.0017344865324929845 0.6352661606708081 124.50000000000001 -0.002297716833059515 0.0038938765679973502 0.015625549904976447 78.500000000000014 65.500000000000014 120.50000000000001 0.23583497152199348 1.0000000180025095e-35 -0.0051310248723404608 -0.0012730423884645401 -0.0014180328661491657 0.081376803763684627 0.0042190996088301257 0.0039902141344919572 0.0018411262906790971 0.009235847701847379 0.012594265451581712 -10.124074309385305 0.016637242695259683 0.0056807691413534511
decision_type=2 2 2 2 2 2 2 2 2 2 2 2 2 2 2 2 2 2 2 2 2 2 2 2 2 2 2 2 2 2
left_child=-1 -2 3 7 -5 6 -6 -3 9 10 11 12 13 14 18 17 -17 -13 -9 20 21 22 23 24 -4 -24 27 28 -21 -28
right_child=1 2 19 4 5 -7 -8 8 -10 -11 -12 15 -14 -15 -16 16 -18 -19 -20 26 -22 -23 25 -25 -26 -27 29 -29 -30 -31
leaf_value=-0.043734574248549679 0.018904897144001346 -0.046216641824186215 0.43849499604602582 0.013233628883254123 0.047868553155720972 0.001361598210422111 0.51068972459000195 0.48243750730656176 -0.01258661894127041 -0.011571436177113982 0.016538940075194145 -0.017336789809374219 0.83795820955789135 0.0020925242415807412 0.99624066963263869 -0.054754510791482892 0.53621318210915392 0.20730910957449786 -0.050443410003746685 0.43950264797433203 0.42261799023724178 0.093546385861648013 -0.02522514210256251 0.55747658431082625 -0.050665888634891236 0.19164288541107166 0.04770162028316937 -0.0031562239400882361 -0.051393353546209442 0.011884234722556161
leaf_weight=196.28374332259409 248.37971105030738 12.269459082395768 0.20265190582723025 6.8541022827848774 0.49998476216569565 1.867729300400242 0.6215347689576447 0.09359425725415349 130.24488085880876 24.064990446786396 32.188924431218766 5.0640865804161876 0.22505017044022668 0.92228524340316653 0.19096645107492805 0.3359087377320974 0.34000496985390782 0.57774986303411413 0.31313136545941034 0.40690820291638274 0.52731563244014878 5.6204476915299884 9.5406060018576646 0.24627497047185898 0.74474104354158044 0.61423446610570032 24.564804770401679 78.065641997964121 0.38325512455776334 82.167315285652876
leaf_count=118655 14808 4183 13 292 21 96 21 15 16723 3486 4889 380 31 185 33 22 20 32 75 21 38 105 471 17 96 15 1170 6781 25 2287
internal_value=-0.00222756 0.00996625 0.00467708 -0.00420852 0.0441509 0.115042 0.304359 -0.00651001 -0.00400603 0.0133701 0.0282818 0.0751626 0.235022 0.14575 0.367424 0.0310079 0.24252 0.00566798 0.0721813 0.0141573 0.0465298 0.0348427 0.00576921 0.157851 0.053968 -0.0121075 0.0111054 -0.00110648 0.201402 0.0201277
internal_weight=864.422 668.138 419.759 216.674 9.84335 2.98925 1.12152 206.831 194.562 64.3167 40.2517 8.06278 1.74503 1.51998 0.597692 6.31775 0.675914 5.64184 0.406726 203.084 17.4963 16.969 11.3485 1.19367 0.947393 10.1548 185.588 78.8558 0.790163 106.732
internal_count=175006 56351 41543 30504 430 138 42 30074 25891 9168 5682 793 339 308 123 454 42 412 90 11039 755 717 612 126 109 486 10284 6827 46 3457
is_linear=0
shrinkage=0.05


Tree=29
num_leaves=31
num_cat=0
split_feature=11 4 28 9 12 24 15 15 15 15 8 28 2 27 11 6 0 13 13 15 28 8 12 12 11 27 4 8 8 9
split_gain=163.77 11.6616 8.54361 11.0321 8.89754 14.4104 7.36818 9.22715 10.9428 9.13604 15.7113 11.978 7.19198 9.08265 18.3496 7.14279 8.18433 11.8683 35.685 27.3917 45.5968 17.355 16.155 27.204 11.6171 38.4899 9.75987 8.6995 18.4786 23.6956
threshold=0.0022021546160667731 0.0024420148817773614 -0.00905489022001057 0.14267815916084894 3.8478535714285975 1.0000000180025095e-35 0.69565212854441882 0.7662418813102615 0.78225202337193711 0.60223190692072537 0.49434428490889687 -0.0099935509699414816 -0.024867915592379993 2.1856276854798526 0.0067869566823696992 0.00092463378515886924 -0.00081047153602603606 344.50000000000006 350.50000000000006 0.82389610461772067 0.0066907220164675665 0.58685680137838958 0.14785714285714163 0.13416428571428188 0.0022619049985245893 0.25169489898477887 0.0066055510549943063 1.7221466351264967 1.581870396276998 2.3770411559857938
decision_type=2 2 2 2 2 2 2 2 2 2 2 2 2 2 2 2 2 2 2 2 2 2 2 2 2 2 2 2 2 2
left_child=-1 12 4 -4 6 -6 9 -8 -9 -3 -11 -12 13 -2 -15 -5 24 -18 19 21 -21 -19 23 -20 25 -17 -26 28 -28 -30
right_child=1 2 3 15 5 -7 7 8 -10 10 11 -13 -14 14 -16 16 17 18 22 20 -22 -23 -24 -25 26 -27 27 -29 29 -31
leaf_value=-0.043446749272605667 0.0082946780374879275 0.018802321494449065 0.23839012957818784 -0.00021357732829061532 0.036740822151275589 0.21726868843964323 -0.08846848579003587 0.17675370487934727 -0.012353316496074226 0.30842298333129747 0.021441363016963678 0.25029813955986197 -0.019820538681029731 0.57020688247972862 0.043461119824892598 1.2952596339242179 0.015243949466257983 0.38457179219399362 -0.051258800829124797 0.84310888883632629 0.16577994241483585 0.041250268092815234 -0.0048752118978626045 0.77294190179373756 -0.020976741605917865 -0.050147239630868458 0.013582642261443852 -0.059706320939959326 -0.05130651149069252 0.36860503879687323
leaf_weight=187.91695215296932 2.1171629428863521 152.55077967466787 0.51678610686212678 187.76521178008988 4.6105869659222654 1.4540296299383042 3.4943269940558803 0.87085185479372729 6.2925682140048593 0.6843537287786593 4.2047560357023031 0.66171575593762089 43.759228886221536 0.24119259417057026 0.52569116023369133 0.074322683620265617 166.19822964060586 0.45626028417609621 0.22279824840370377 0.39056932402309008 0.68294222885742784 1.904946146532893 7.8484430611133575 0.18181872495915741 35.965825280640274 0.18668758543208241 44.716024964349344 3.7824009803589425 0.56486137560568639 0.82907369220629334
leaf_count=118655 181 5626 39 19640 113 27 109 20 214 17 121 34 13055 21 55 27 10689 20 31 17 40 99 631 11 3938 79 1331 117 30 19
internal_value=-0.00217208 0.00933984 0.0111338 0.00750547 0.0205208 0.0800235 0.0183825 -0.0218569 0.0106363 0.021095 0.084105 0.05256 -0.0147801 0.0616973 0.209128 0.00724135 0.0125434 0.0186688 0.0673701 0.202798 0.412209 0.107591 0.0110083 0.319104 -0.000109062 0.332957 -0.00112159 0.0131914 0.0191712 0.198445
internal_weight=861.671 673.754 627.111 452.287 174.824 6.06462 168.759 10.6577 7.16342 158.102 5.55083 4.86647 46.6433 2.88405 0.766884 451.77 264.005 177.886 11.6878 3.43472 1.07351 2.36121 8.25306 0.404617 86.1192 0.26101 85.8582 49.8924 46.11 1.39394
internal_count=175006 56351 43039 36758 6281 140 6141 343 234 5798 172 155 13312 257 76 36719 17079 11538 849 176 57 119 673 42 5541 106 5435 1497 1380 49
is_linear=0
shrinkage=0.05


Tree=30
num_leaves=31
num_cat=0
split_feature=11 11 11 12 12 22 14 10 29 3 3 14 10 11 27 13 27 13 8 13 12 28 10 29 29 13 8 29 5 29
split_gain=146.87 13.7936 14.534 34.161 50.9425 33.7786 14.9956 13.847 9.9978 10.1939 15.3686 13.3632 8.40826 47.7221 12.1136 8.28416 13.169 12.3728 12.2436 10.5706 17.0286 15.0688 13.06 17.0776 25.1857 15.1561 15.0702 13.6365 11.7974 11.6497
threshold=0.0023457508414924692 0.0043326859315722232 0.0023699649203307561 1.0767214285714257 1.2398964285714265 1.0000000180025095e-35 148.50000000000003 0.0013291102579071172 7.0818875491071731 0.006892452410840467 -0.0062447630258563583 121.50000000000001 0.0014168168596997886 0.015161964132871453 9.1304071805112752 264.50000000000006 0.18799369750835698 256.50000000000006 0.59144049743511473 279.50000000000006 1.2896071428571465 0.025279486414489943 0.0049021053059656013 -0.20548970398164854 -0.33897352265702024 274.50000000000006 0.9479532985157284 -0.076694028513666898 0.0065453801025593698 0.51365755791985301
decision_type=2 2 2 2 2 2 2 2 2 2 2 2 2 2 2 2 2 2 2 2 2 2 2 2 2 2 2 2 2 2
left_child=-1 2 3 5 -5 6 -2 -3 -4 10 -10 -12 13 14 -9 17 -17 18 -14 20 22 -22 26 24 25 -24 28 -25 29 -18
right_child=1 7 8 4 -6 -7 -8 12 9 -11 11 -13 15 -15 -16 16 19 -19 -20 -21 21 -23 23 27 -26 -27 -28 -29 -30 -31
leaf_value=-0.040156965119162155 -0.018406896033414836 -0.045578156367953732 -0.008318194589457208 1.6423751388900003 -0.050255179399086948 0.96657138070491566 0.79309286319582739 -0.050397626687061103 0.049664433795782052 -0.051001026969569145 0.53654174311753522 0.13482871847757666 -0.0088408720967606581 0.63562902409992927 0.30940280994447034 -0.017385749462845556 0.039135999354369649 -0.016569623715862524 0.018249892165027589 0.021070537601779377 -0.067944177191336247 0.080043011205201547 0.031127877690090719 -0.080815927011585673 0.40073295492597982 0.28877658485451152 -0.052262678510365118 0.097528287619525811 0.35848767072260124 0.32145178068515845
leaf_weight=190.87124586116988 1.5701655519660551 9.7487481024581921 138.18980179703794 0.088594006490893551 0.089218197390437126 0.098050477448850759 0.059069734066724666 1.4852325976826244 2.6518825290258974 1.3764543887227771 0.33995336550287847 0.52943899878300726 51.844819470774382 0.36327762552537013 0.27766559133306135 19.087471153587103 4.3641493669711107 40.975657292408869 213.28665033285506 151.79064902616665 4.502582808956503 2.7836276348680258 1.7489750506356365 1.2521537709981192 1.0994267566129554 0.84730788506567467 3.3820489190984517 7.4425194449722758 0.3629778092727064 0.39880536380223919
leaf_count=123347 622 2157 25080 20 31 6 1 317 119 132 35 36 3114 18 37 585 252 3293 10203 4774 171 19 52 29 31 15 223 154 9 26
internal_value=-0.0015153 0.00962544 -0.0040034 0.13319 0.793089 0.0652577 0.0110149 0.0134473 -0.00583002 0.064374 0.109474 0.291908 0.0145816 0.113804 0.0062728 0.014164 0.0221039 0.00900062 0.0129525 0.0262921 0.0544131 -0.0114071 0.0773612 0.110115 0.200151 0.115213 0.0296616 0.0718442 0.0837145 0.0627745
internal_weight=852.909 662.037 144.993 1.9051 0.177812 1.72729 1.62924 517.045 143.088 4.89773 3.52127 0.869392 507.296 2.12618 1.7629 505.17 199.063 306.107 265.131 179.975 28.1846 7.28621 20.8984 12.3904 3.69571 2.59628 8.50798 8.69467 5.12593 4.76295
internal_count=174908 51561 26082 680 51 629 623 25479 25402 322 190 71 23322 372 354 22950 6340 16610 13317 5755 981 190 791 281 98 67 510 183 287 278
is_linear=0
shrinkage=0.05


Tree=31
num_leaves=31
num_cat=0
split_feature=11 4 11 5 3 6 11 10 10 11 4 1 15 15 12 7 15 11 3 7 11 1 10 28 10 30 7 13 5 23
split_gain=136.853 14.23 9.60262 16.1942 15.9475 18.0706 11.7617 10.9045 9.46171 23.605 12.7088 8.99865 13.5358 10.8511 9.21964 16.3356 19.9414 8.53066 7.6947 10.1255 25.8382 14.9936 17.7395 9.76817 13.9543 10.8681 9.75073 17.8613 17.3738 12.7434
threshold=0.0023457508414924692 0.001828377396806233 0.0023699649203307561 0.0024192773601376897 0.0099998480289352782 0.00081932834591249453 0.0043326859315722232 0.0013291102579071172 0.0014168168596997886 0.015161964132871453 0.0055636642242926455 -0.012225634066597933 0.026785713807386185 0.13333332444441665 0.32321428571428668 0.0021053401426761316 0.18711550627731208 0.0038055032304569318 -0.029025397573191 0.00063536326016898445 0.030425640876495984 0.00027069093986054066 0.0070710373541475477 -0.00905489022001057 0.0078693351899377564 -2.0653418600238522 0.0017369576508959761 320.50000000000006 2.78413882095414e-05 1.0000000180025095e-35
decision_type=2 2 2 2 2 2 2 2 2 2 2 2 2 2 2 2 2 2 2 2 2 2 2 2 2 2 2 2 2 2
left_child=-1 -2 3 -3 5 -5 11 -8 9 10 -9 12 17 -14 -15 16 -16 -4 -10 20 23 -22 -23 24 -20 -26 27 28 -21 -28
right_child=1 2 6 4 -6 -7 7 8 18 -11 -12 -13 13 14 15 -17 -18 -19 19 26 21 22 -24 -25 25 -27 29 -29 -30 -31
leaf_value=-0.039746727883062494 -0.032168730923319656 -0.0072819671450246957 0.069974392118707818 -0.050267103936927321 0.82955790235603633 0.4256428179861142 -0.050779226937252592 -0.050424155480552957 0.00528086969161799 0.40290486932393083 0.33622188218150728 -0.007744064843039535 -0.051835261401065896 -0.053016374563545555 0.51131959421636963 0.03106351666989221 0.085902176317629919 0.24380535892143229 0.02035234754226346 0.26133249006898723 0.031366690930223672 0.40234448269204315 0.084449506168079988 -0.0070829945643799104 0.030809429776315622 0.30933376457341744 0.010518201333934492 0.087887783856254856 0.024665349288131227 0.058102602324950438
leaf_weight=183.38944732793607 20.328106810338795 1.141345644835382 2.3604577905498441 0.38475694844964881 0.11361164518166333 0.41418158425949514 6.5302587575279167 1.204779731575399 173.17882554209791 0.54652261128649104 0.25805015023797739 119.00994107685983 4.5272012010682356 1.6141875083558259 0.44375078799203016 3.4525145862717181 0.72636790946125984 1.0068175543565301 6.8635383751243335 0.78318193019367655 1.6743679540231817 0.8619422181509433 0.89403752982616425 77.117979764239863 0.60609692661091685 0.82968981703743316 131.7024675454013 14.198060965631155 78.622941171284765 15.752938099671153
leaf_count=123347 5589 371 127 114 32 21 1237 236 6403 17 14 21646 285 69 25 81 41 44 368 39 33 22 19 5178 30 33 4023 389 4639 436
internal_value=-0.00149291 0.0090225 0.010317 0.118258 0.275273 0.196452 0.0099732 0.0134182 0.0142482 0.122531 0.017782 -0.00326485 0.0344579 0.00708799 0.0498594 0.0857828 0.247236 0.12195 0.0138157 0.0182959 0.00386736 0.138417 0.240492 -0.00153614 0.0500057 0.191759 0.0236138 0.0362352 0.0269996 0.0156017
internal_weight=850.538 667.149 646.821 2.0539 0.91255 0.798939 644.767 511.626 505.095 2.00935 1.46283 133.141 14.1313 10.764 6.23682 4.62263 1.17012 3.36728 503.086 329.907 88.8477 3.43035 1.75598 85.4173 8.29933 1.43579 241.06 93.6042 79.4061 147.455
internal_count=174908 51561 45972 538 167 135 45434 23116 21879 267 250 22318 672 501 216 147 66 171 21612 15209 5683 74 41 5609 431 63 9526 5067 4678 4459
is_linear=0
shrinkage=0.05


Tree=32
num_leaves=31
num_cat=0
split_feature=11 4 2 11 10 11 5 10 6 29 4 3 15 10 15 4 3 18 4 15 15 12 13 18 29 29 2 5 6 13
split_gain=127.618 13.086 9.38411 8.56049 10.4687 8.96029 10.1747 10.1056 10.6278 8.02322 9.51209 23.9395 8.80728 6.97137 16.4473 20.8387 6.78777 7.78843 8.73503 9.98076 12.775 18.5563 8.23413 8.09646 12.8688 18.0053 40.9118 14.6785 7.83097 8.01525
threshold=0.0023457508414924692 0.0017344865324929845 0.046380285035761755 0.0043326859315722232 0.0013291102579071172 0.0023699649203307561 0.0024192773601376897 0.0018646011598129058 0.0011347991565167726 7.0818875491071731 0.0027681358570984227 -0.0010006340409921541 0.018182369041647998 0.0014168168596997886 0.022727272210731338 0.007306643629864485 -0.029025397573191 0.00021308331557637325 0.010722493306909399 0.47422679434582576 0.19491525175954211 0.89551785714285936 339.50000000000006 4.6689482627710101e-05 -0.311644444873864 0.0071253591601061492 0.0021154542951059567 0.0090765762283019514 0.00045640783176939965 305.50000000000006
decision_type=2 2 2 2 2 2 2 2 2 2 2 2 2 2 2 2 2 2 2 2 2 2 2 2 2 2 2 2 2 2
left_child=-1 2 -2 5 -5 6 -3 -8 -9 -7 11 -11 -12 14 -6 -16 -15 23 28 20 22 -22 -20 -18 -25 26 -26 -27 -19 -30
right_child=1 3 -4 4 13 9 7 8 -10 10 12 -13 -14 16 15 -17 17 18 19 -21 21 -23 -24 24 25 27 -28 -29 29 -31
leaf_value=-0.039324449404044906 -0.042575861747983286 -0.0087086242250395893 0.13645820816319423 -0.050720749782018293 0.4481431322071579 -0.0056858912336335103 0.45138746461884705 -0.050260736605777935 0.29724690513745128 0.96319329414923249 0.24208300406362576 -0.050297251263778854 0.02037775545467306 0.0049334639668997121 0.002569656463857766 0.6158720768047381 0.020379150081649852 -0.035653550427367717 0.0082296674997397855 0.005670637863395462 0.056435193177005717 0.31830937726860126 0.17513091074857989 -0.051204033358158541 -0.051106718903913821 0.017802167334517675 0.82843175205726838 0.382312442934162 -0.0090071599194388122 0.052474030634524708
leaf_weight=176.27184292126913 16.418992516235452 1.1809214561944821 0.76606635912321408 6.4588047843426457 0.29608179279603009 128.88404539949261 0.29665248142555334 0.4652779238531366 0.41738723148591816 0.098663934506475925 0.49862639070488501 0.14230323245283116 4.4076132429763675 174.07921564322896 1.8404258133377878 0.14977497421205033 251.09351581288502 18.517169814324006 6.0764895463362318 24.175659595057368 1.8239748654887082 1.0752450842410324 0.84130473621189583 0.99594603641890023 0.24726021592505221 1.4418884993065146 0.28415920399129391 0.34162137657403935 21.618119098711762 7.0234698897693297
leaf_count=123347 4808 390 30 1324 13 22453 32 121 14 20 12 29 248 6437 259 5 11412 1417 139 398 47 25 17 83 21 101 21 6 1381 298
internal_value=-0.00145853 0.00847469 -0.034595 0.0096051 0.0125376 -0.00154054 0.095034 0.198918 0.114066 -0.00324118 0.0579734 0.364676 0.0429099 0.0133358 0.100451 0.0487245 0.0129449 0.0171011 0.00361378 0.0229354 0.065452 0.153557 0.0285273 0.0214034 0.099082 0.163739 0.419198 0.0876221 -0.0103135 0.00606921
internal_weight=848.229 671.957 17.1851 654.772 518.38 136.391 2.36024 1.17932 0.882665 134.031 5.14721 0.240967 4.90624 511.921 2.28628 1.9902 509.635 335.556 81.1514 33.9927 9.81701 2.89922 6.91779 254.404 3.31088 2.31493 0.531419 1.78351 47.1588 28.6416
internal_count=174908 51561 4838 46723 23404 23319 557 167 135 22762 309 49 260 22080 277 264 21803 15366 3722 626 228 72 156 11644 232 149 42 107 3096 1679
is_linear=0
shrinkage=0.05


Tree=33
num_leaves=31
num_cat=0
split_feature=11 4 0 11 11 10 9 9 0 9 12 8 12 11 10 27 14 6 12 9 12 12 14 8 4 30 8 13 13 6
split_gain=119.033 11.3291 12.511 20.1209 8.58931 9.70257 8.12203 8.50782 7.65032 6.23187 8.60343 14.2392 38.1967 15.4924 37.3195 36.0569 15.3347 14.638 21.3344 20.1582 9.99781 14.846 10.0058 21.2275 9.41494 7.72403 7.10906 7.01021 6.96506 6.7546
threshold=0.0022619049985245893 0.0017344865324929845 0.0021331874782440923 0.0028075875929092736 0.0043326859315722232 0.0013291102579071172 3.4318830277194023 3.8063594350220362 -0.004971266036397747 0.55591989546261578 0.41892857142857515 0.99418629721293195 0.54572499999999746 0.0031602185067689747 0.0040139450813276743 0.85910524057254534 138.50000000000003 0.00089392175574439924 0.45878214285714292 0.5440796594771643 0.46355357142857051 0.45878214285714292 44.500000000000007 0.72082532780179143 0.0019517715607530164 0.6722136431426452 1.0072709205539228 340.50000000000006 265.50000000000006 0.0017331022530329282
decision_type=2 2 2 2 2 2 2 2 2 2 2 2 2 2 2 2 2 2 2 2 2 2 2 2 2 2 2 2 2 2
left_child=-1 2 -2 -4 6 -6 9 8 -8 10 29 13 -13 14 16 -16 17 -12 -19 24 21 -15 23 -22 -20 -26 -14 28 -11 -3
right_child=1 4 3 -5 5 -7 7 -9 -10 27 11 12 26 20 15 -17 -18 18 19 -21 22 -23 -24 -25 25 -27 -28 -29 -30 -31
leaf_value=-0.039706514488092849 -0.041937829104216201 -0.027147876036108853 0.72876106935966301 0.053280530934469106 -0.050687426925812497 0.012498357073191378 0.33188596389703745 0.023771119304136543 0.053633943243080962 -0.029730061305491252 -0.024011137371220334 0.76523813430978926 0.38583479013562133 0.047916127414292103 0.90502740244954405 0.10841149619052692 0.50927998808220165 0.78403751088653406 0.35655894407149341 0.69418417589450976 -0.050602599860481323 0.61463694078857134 -0.039924643039470714 0.50855903908912392 -0.050362016822911151 0.157763956430932 -0.051254388762291263 -0.041088464773233684 0.0030448510559875474 0.087130337749413186
leaf_weight=163.75668098137248 16.544897136045623 11.888186029973442 0.12827837269287456 0.7842537306714803 6.147742449771612 517.61254067206755 0.5115376990288496 2.4485229892889038 0.47772259404882733 21.085560882580467 3.7576960886363002 0.24472306552342971 0.1137323749717325 0.50754230236634512 0.26156443613581348 0.31086731771938503 0.17736380407586683 0.11986031290143762 0.24233971524518061 0.13430093007627864 0.46753945713862677 0.14962950954213738 8.6076618565712106 0.26646850374527276 1.2176494804443789 0.70326036715414364 0.5110069231595844 15.318689656560307 70.10315678268671 1.4508460528450076
leaf_count=120587 5207 2439 38 77 1324 22080 6 155 48 3678 1043 34 5 75 32 40 20 34 35 33 65 12 1103 12 333 78 95 2995 13007 218
internal_value=-0.00142481 0.00776313 -0.0319971 0.148236 0.00880716 0.0117567 -0.00214321 0.073768 0.197516 -0.00403922 0.0156393 0.0383974 0.235734 0.0282591 0.0857434 0.472414 0.0508999 0.0377341 0.133713 0.0997862 -0.0115528 0.176951 -0.0248137 0.152391 0.0628842 0.0258346 0.0283167 -0.00979127 -0.00453369 -0.0147182
internal_weight=846.052 682.295 17.4574 0.912532 664.838 523.76 141.077 3.43778 0.98926 137.64 31.1322 17.7932 0.869462 16.9237 6.9249 0.572432 6.35247 6.17511 2.41741 2.29755 9.99884 0.657172 9.34167 0.734008 2.16325 1.92091 0.624739 106.507 91.1887 13.339
internal_count=174908 54321 5322 115 48999 23404 25595 209 54 25386 5706 3049 134 2915 1648 72 1576 1556 513 479 1267 87 1180 77 446 411 100 19680 16685 2657
is_linear=0
shrinkage=0.05


Tree=34
num_leaves=31
num_cat=0
split_feature=11 4 2 11 10 29 13 8 6 9 30 15 1 1 30 4 7 12 9 1 7 12 28 3 4 28 11 11 14 13
split_gain=111.082 10.4422 8.07035 7.84637 7.81132 6.65635 7.31621 14.6247 12.7306 12.5827 6.63692 12.0259 7.22952 11.4171 15.0987 10.5248 17.9972 16.9113 13.5322 9.97878 13.0737 16.5215 13.2549 13.2836 16.7647 23.3191 26.2855 10.8944 9.92571 9.73423
threshold=0.0022619049985245893 0.0017344865324929845 0.046380285035761755 0.0038055032304569318 0.0013291102579071172 -0.62711012204575556 308.50000000000006 0.47527829752638689 0.0006800896207087042 0.36094835426757022 -0.075283078177282345 0.97872336260752113 0.012594265451581712 0.00029724248754336996 -0.059508364850288702 0.0087185056465979936 0.00022572567304911985 1.9964714285714305 0.56329279464147519 -0.0038653139565729684 0.00053569363196187656 0.46355357142857051 -0.0070983339833939271 0.030459955001136633 0.0056813933938708412 0.0017117772780349549 0.0055628798134382904 0.0041005826918978769 119.50000000000001 250.50000000000003
decision_type=2 2 2 2 2 2 2 2 2 2 2 2 2 2 2 2 2 2 2 2 2 2 2 2 2 2 2 2 2 2
left_child=-1 2 -2 -3 -5 6 -6 8 -8 -10 -7 12 13 14 -12 16 17 18 -14 29 -21 22 -22 24 25 27 -27 -24 -17 -16
right_child=1 3 -4 4 5 10 7 -9 9 -11 11 -13 15 -15 19 28 -18 -19 -20 20 21 -23 23 -25 -26 26 -28 -29 -30 -31
leaf_value=-0.039284143350592375 -0.039287362402382175 -0.0041395898225869126 0.12076170691073713 -0.043140506945660878 -0.015615226331942206 0.0077901559182005494 -0.051211371037473585 0.0022246023817371202 0.11436323320431768 0.45530046769914378 0.16108648423661207 -0.039402301441141242 0.36300772757187749 0.002450150962046994 0.04337665519464437 0.062277447390161 0.050120299014457019 0.4657545181866854 0.055259213541650302 -0.0051354954923350845 0.0020847102612782391 0.038411234531729038 0.43392762698779963 0.01782158870983112 0.091089905618152708 0.25319596390214649 0.75609327769217671 0.10770583495406397 -0.029520342369826813 0.0043904979545540427
leaf_weight=157.40307746385224 16.124265414080586 107.07879567006603 0.82808733219280739 6.6748387583065769 38.603724469430745 282.40730082825758 0.43870383128523727 5.6644956711679697 0.60206560487858929 0.49158788099884987 2.0809430305380365 8.4133202508091909 0.47917242674157323 72.273339494131505 22.11755943368189 5.3251156415790302 11.865927267586811 0.48113331501372147 1.4033237104304133 9.434983807615934 1.8419028085190801 20.751562651712447 0.30688670626841696 1.4231978410389272 2.3742397013120353 0.65059369313530602 0.43261144682765007 1.5412973579950628 6.5873237149789929 57.991880996152759
leaf_count=120587 5292 22430 30 1491 2490 11367 35 215 33 15 86 436 17 4135 824 78 448 15 74 864 96 1054 19 95 67 43 29 109 134 2300
internal_value=-0.00139886 0.0072852 -0.0314693 0.00826615 0.0106271 0.0112726 -0.00698674 0.0392962 0.176335 0.267612 0.0129118 0.0192618 0.0215117 0.018173 0.0275683 0.0461892 0.0752169 0.201207 0.133594 0.0252308 0.0460587 0.0625313 0.120931 0.153463 0.189848 0.269836 0.454044 0.161874 0.0115152 0.0151543
internal_weight=844.093 686.69 16.9524 669.738 562.659 555.984 45.8006 7.19685 1.53236 1.09365 510.184 227.776 219.363 193.221 120.948 26.142 14.2296 2.36363 1.8825 118.867 38.7573 29.3223 8.57073 6.72883 5.30563 2.93139 1.08321 1.84818 11.9124 80.1094
internal_count=174908 54321 5322 48999 26569 25078 2788 298 83 48 22290 10923 10487 9721 5586 766 554 106 91 5500 2376 1512 458 362 267 200 72 128 212 3124
is_linear=0
shrinkage=0.05


Tree=35
num_leaves=31
num_cat=0
split_feature=10 10 27 12 10 27 12 5 6 6 0 12 8 29 30 13 9 6 27 9 6 1 8 29 13 12 12 0 7 13
split_gain=79.6795 11.8231 12.3201 17.0276 20.1028 20.4736 54.6561 118.136 16.5628 57.1638 11.6913 69.0928 33.6641 11.7333 62.1358 10.194 8.91756 16.5075 9.27534 8.39888 13.1732 10.585 19.3022 9.71173 11.2896 8.52281 8.31909 18.8074 8.23612 8.0241
threshold=0.0013389698383237346 0.002394861808745269 0.6392637280400516 0.20585714285714324 0.0018646011598129058 0.61129533594469543 0.27402857142857534 0.0015661620112623336 0.00095645245464338468 0.0010260672544797882 0.0023145411232594619 0.24798571428571342 0.50038007027441656 4.1113471531808221 -4.881808566416594 242.50000000000003 3.4318830277194023 0.0041748257066209849 1.0251655418612666 0.48751298850201474 0.001435298484285982 0.0023126835420279605 0.4340686034204923 -0.59395048270263173 255.50000000000003 0.20797142857142784 0.037496428571428868 -0.0024338190582686155 0.0043205790765155549 241.50000000000003
decision_type=2 2 2 2 2 2 2 2 2 2 2 2 2 2 2 2 2 2 2 2 2 2 2 2 2 2 2 2 2 2
left_child=15 2 3 -2 5 10 7 -7 -8 -10 13 -12 -13 19 -15 -1 26 18 -18 20 21 -5 -23 -22 -25 -21 27 -4 -6 -28
right_child=1 -3 16 4 28 6 8 -9 9 -11 11 12 -14 14 -16 -17 17 -19 -20 25 23 22 -24 24 -26 -27 29 -29 -30 -31
leaf_value=0.47950356873441563 -0.050420492275669505 0.0071422898300545186 0.68031266219553821 0.044081291416047573 -0.01944628441472138 -0.05008582025161467 -0.050290159158155857 3.3530074904694289 1.9783830028266678 -0.050608540842036989 2.1563804690907333 1.7695905788989323 -0.050315163815997967 0.062538474715856843 1.3552715489414799 -0.040442826338503497 0.49694767477668089 0.62305015360733107 -0.050395798867975121 0.50156349935231614 0.54587838177962245 -0.050100028557847669 1.6320234365281507 0.44605562329707882 -0.051005087034152047 0.014657262680860761 0.39978977344158523 -0.050344348233268089 0.15211074049960691 -0.025899011513805959
leaf_weight=0.094343551900236799 9.2700587599538249 600.69342242716812 0.13612089294474572 3.1402803760720559 17.429159977706153 0.060521139646879329 0.37269530969206244 0.044073399272747338 0.049285836634226143 0.11740843148436397 0.045319744618608548 0.027476637624204159 0.3378770484123379 0.72124556021299213 0.10670527233742078 118.08942730328999 0.091296343598513796 0.14766661752946675 0.50857081764843315 0.09047619765624304 0.25031917949672788 0.040010182536207028 0.029723932966589928 0.19848779821768392 0.26912416832055897 13.493239769712089 0.11086582648567755 0.24951046821661194 0.72884890926070411 74.520763257751241
leaf_count=16 5341 37153 9 1196 4756 41 202 17 15 42 21 13 130 135 38 88189 28 5 212 32 23 24 16 5 46 4810 13 158 24 32200
internal_value=-0.00196503 0.00425441 -0.00989658 0.0102667 0.0252478 0.0606456 0.337848 1.38389 0.135007 0.549295 0.0511251 0.314967 0.0865519 0.0452169 0.229144 -0.0400278 -0.0223574 0.149483 0.0329067 0.0365208 0.100915 0.0576113 0.666899 0.294532 0.159983 0.0179004 -0.0240698 0.207564 -0.0125601 -0.0252666
internal_weight=841.464 723.281 122.587 46.8223 37.5523 19.3943 0.643984 0.104595 0.53939 0.166694 18.7503 0.410673 0.365354 18.3396 0.827951 118.184 75.7648 0.747534 0.599867 17.5117 3.92795 3.21001 0.0697341 0.717931 0.467612 13.5837 75.0173 0.385631 18.158 74.6316
internal_count=174910 86705 49552 16927 11586 6806 317 58 259 57 6489 164 143 6325 173 88205 32625 245 240 6152 1310 1236 40 74 51 4842 32380 167 4780 32213
is_linear=0
shrinkage=0.05


Tree=36
num_leaves=31
num_cat=0
split_feature=11 10 30 30 28 12 11 27 13 14 1 3 3 11 30 30 28 28 6 3 28 7 13 3 13 7 14 10 3 5
split_gain=83.9368 10.4301 5.75298 6.24636 23.0944 17.1659 5.71675 28.426 5.33752 12.8403 17.9422 10.3839 18.1112 16.8367 22.1827 5.03412 7.80013 8.56278 9.5028 14.2099 19.7402 7.92474 7.8886 11.1849 8.0063 21.0212 13.0634 19.4089 16.183 15.4976
threshold=0.0022619049985245893 0.0012573907501448576 0.75912547836523003 0.74921709779023338 -0.0033513632370887427 0.57630000000000403 0.0022816789541464867 5.795142007831144 350.50000000000006 42.500000000000007 0.011396189793184132 0.0087361056860119097 -0.013760859189060946 0.0032817201725461945 -1.0000000180025095e-35 -0.21261079598612623 0.013020103985850245 -0.001963786075412879 0.0048606212142577416 0.01706819290407036 0.0051295625375979972 0.0026749402098813339 307.50000000000006 -0.029025397573191 262.50000000000006 0.0018505894869427335 110.50000000000001 0.018290898182170761 -0.10458015425100535 0.0049167251885252278
decision_type=2 2 2 2 2 2 2 2 2 2 2 2 2 2 2 2 2 2 2 2 2 2 2 2 2 2 2 2 2 2
left_child=-1 6 3 8 5 -5 7 -2 9 10 11 12 -3 -14 -15 16 17 22 -19 20 -20 -21 23 24 -11 26 27 -26 -29 -30
right_child=1 2 -4 4 -6 -7 -8 -9 -10 15 -12 -13 13 14 -16 -17 -18 18 19 21 -22 -23 -24 -25 25 -27 -28 28 29 -31
leaf_value=-0.036212945535462088 -0.050079083270293923 -0.054573361928862099 -0.018999470116941877 -0.051067173491201261 -0.051993804366939358 0.43339866659213772 -0.04001997752019943 1.6800733748800671 -0.01486290191397735 -0.0098773716315528615 0.39491674293231188 -0.052742998990616269 -0.050237447534321023 0.1040308236304955 0.52948699054817838 0.011342966306345972 0.016802412960677759 -0.019464320456322109 0.042325242981134825 -0.051529105079555465 0.35778251273290257 0.070320671525974043 -0.027468144917083399 0.031251873759842889 -0.03682140716522897 -0.021437567349861898 0.26363660299441138 0.015227627006117878 0.35500763666982493 0.10296244156136132
leaf_weight=147.64416748832446 0.13298767025116731 0.96927570761181447 21.909000944462605 0.26068149961065534 1.155501247383653 0.61234665743540972 14.319001985248176 0.02889928815420717 27.312321777455509 59.1412894485984 0.44156266166828562 1.3667849996127186 0.43390240310691242 0.62624844256788492 0.59979645581915952 330.31942454120144 70.669653320102952 80.588015109184198 1.5489622729364776 3.4679063139483333 0.72946370812132943 2.16891248524189 15.776690772850996 41.022610911400989 2.7906732033006874 9.4996547193732095 0.94226099690422405 1.7094528563320635 1.1008484382182362 1.3674875814467666
leaf_count=120601 89 50 2236 24 132 36 4746 20 2746 1840 7 146 141 30 27 26512 1945 8429 43 69 20 30 1116 3533 93 146 38 18 25 22
internal_value=-0.00198355 0.00530892 0.00620502 0.007046 0.0946494 0.28874 -0.0366796 0.258779 0.00677453 0.00771664 0.0924675 0.0590465 0.11716 0.217438 0.312169 0.00711281 0.0023361 -0.00227201 -0.0143296 0.0379484 0.143322 -0.00464424 0.00573048 0.0101852 -0.00110398 0.0286983 0.0889044 0.0652775 0.133477 0.215372
internal_weight=840.656 693.012 678.531 656.622 2.02853 0.873028 14.4809 0.161887 654.593 627.281 4.43757 3.99601 2.62922 1.65995 1.22604 622.843 292.524 221.854 88.5033 7.91524 2.27843 5.63682 133.351 117.574 76.5517 17.4104 7.91072 6.96846 4.17779 2.46834
internal_count=174910 54309 49454 47218 192 60 4855 109 47026 44280 401 394 248 198 57 43879 17367 15422 8591 162 63 99 6831 5715 2182 342 196 158 65 47
is_linear=0
shrinkage=0.05


Tree=37
num_leaves=31
num_cat=0
split_feature=11 10 11 7 12 13 9 30 4 12 11 15 13 2 2 28 11 11 14 3 1 13 10 10 9 7 11 2 9 28
split_gain=78.282 9.74417 5.40336 9.61322 8.72722 9.51246 11.3381 18.5895 9.91665 8.33745 19.2209 22.4507 11.3687 26.4155 10.097 15.4293 9.7228 13.7524 32.5712 14.8245 11.8218 13.2769 17.1716 25.7577 17.4757 9.13237 8.13235 7.88236 8.00085 13.0491
threshold=0.0022619049985245893 0.0012573907501448576 0.0081089144726600292 0.0067914088258921789 1.4028571428571441 318.50000000000006 0.66902246855537151 -0.067292368662137322 0.010722493306909399 1.1125499999999928 0.0024917333155651789 0.065789472529999463 264.50000000000006 0.025374674714085502 -0.0016577935452175006 -0.00046699129051919734 0.0049070348826344744 0.0046002675516316508 100.50000000000001 0.028352661106812119 0.012594265451581712 275.50000000000006 0.003493627747114154 0.0025017629311274762 0.75129110859809811 0.00027574796635879123 0.0067869566823696992 0.046380285035761755 0.62051120808036131 -0.011341712828202047
decision_type=2 2 2 2 2 2 2 2 2 2 2 2 2 2 2 2 2 2 2 2 2 2 2 2 2 2 2 2 2 2
left_child=-1 -2 3 4 9 -6 7 -7 -8 25 11 -11 -12 16 15 -13 17 19 -19 20 21 22 23 -14 -25 -3 -27 28 29 -28
right_child=1 2 -4 -5 5 6 8 -9 -10 10 12 14 13 -15 -16 -17 -18 18 -20 -21 -22 -23 -24 24 -26 26 27 -29 -30 -31
leaf_value=-0.035699600532402329 -0.036235669836692012 -0.014971747754812352 0.010276631284459522 0.055257498357180718 -0.038686707239752836 0.36825564372338165 -0.052075029846017154 0.040373450270353738 0.066737654798757803 1.0022357152618753 -0.017380684283104752 -0.050205668725759017 -0.050375320388319246 0.39236831250662679 -0.050329597447798094 0.60709011061643148 -0.036108997720884606 0.59615171751163698 -0.05132345583642009 0.48923366503008936 0.28258249496166038 -0.028308224526411414 -0.050773994880590249 0.16656320684260309 0.74214175887088718 0.010397625316676196 0.22933540195753288 0.1078702679096329 -0.036456082137329496 0.0014908277686639772
leaf_weight=142.41233747720253 14.0469379350543 68.450545924017206 341.70659398683347 8.0817546909674984 27.295231584110297 0.47509482956957061 6.918223624583332 4.7975170684512696 2.3537266505882144 0.094736017170364728 8.9058922103140521 0.14739268971607089 0.34773141867480795 0.56290202727541405 0.2770732780918479 0.22645641176495701 2.9468597767408937 0.38597722025588144 0.39099412085488439 0.18487006309442211 0.44837493170052756 4.370570536586456 0.66254077921621501 0.22694380045868456 0.31481107976287603 171.18699007574469 0.70922502875328053 1.2009985686745484 22.971065611345693 5.5148372254334452
leaf_count=120601 4855 10382 11781 181 2159 21 451 282 33 10 842 56 75 25 83 11 145 22 21 14 29 598 61 23 23 20392 24 32 1265 413
internal_value=-0.00192318 0.00498599 0.00583482 0.00137661 6.64606e-05 -0.0212835 0.0113764 0.0699177 -0.0219139 0.00314114 0.033887 0.283082 0.024478 0.0588599 0.178415 0.347947 0.0405974 0.0714236 0.270324 0.0478508 0.035043 0.0163028 0.141929 0.285466 0.501029 0.000807688 0.00616583 -0.0176671 -0.0228313 0.0274535
internal_weight=838.615 696.203 682.156 340.449 332.368 41.8398 14.5446 5.27261 9.27195 290.528 20.4941 0.745658 19.7485 10.8426 0.650922 0.373849 10.2797 7.33281 0.776971 6.55584 6.37097 5.9226 1.55203 0.889486 0.541755 270.034 201.583 30.3961 29.1951 6.22406
internal_count=174910 54309 49454 37673 37492 2946 787 303 484 34546 2038 160 1878 1036 150 67 1011 866 43 823 809 780 182 121 46 32508 22126 1734 1702 437
is_linear=0
shrinkage=0.05


Tree=38
num_leaves=31
num_cat=0
split_feature=11 10 11 12 12 13 2 13 11 10 11 7 9 7 12 27 9 6 15 28 2 10 2 12 7 0 28 27 18 10
split_gain=73.2246 9.54763 26.3566 12.059 30.372 37.2273 17.4354 8.64965 22.4196 7.72938 5.89359 8.60698 8.70198 11.1541 11.1181 8.37022 8.18255 11.3068 25.1767 9.15346 9.49976 14.3562 11.6398 39.8482 8.14286 8.97519 7.54 19.0207 7.3781 7.24811
threshold=0.0019635232614664253 0.0023185238894913845 0.0012810861923956537 0.13752142857143115 0.12604642857142831 291.50000000000006 0.0083287838865807613 242.50000000000003 0.0010528173130721797 0.0011389193638743787 0.0081089144726600292 0.00025463650684573875 0.66902246855537151 0.0067914088258921789 1.3438750000000035 5.6035476218083238 2.2369787762364335 0.0041748257066209849 0.55737704004299904 0.017294215433557931 -0.0019162974942366071 0.002473713289583498 -0.0066100828768129718 0.32929285714285889 0.00026191723415406161 0.0019333025296750519 0.013020103985850245 0.071362763187046457 0.0034289677016759025 0.001197008499267253
decision_type=2 2 2 2 2 2 2 2 2 2 2 2 2 2 2 2 2 2 2 2 2 2 2 2 2 2 2 2 2 2
left_child=1 7 -3 4 6 -6 -4 8 -1 -2 11 -11 15 14 16 24 -14 19 -19 20 21 22 28 -24 25 -13 27 -15 -18 -26
right_child=9 2 3 -5 5 -7 -8 -9 -10 10 -12 12 13 26 -16 -17 17 18 -20 -21 -22 -23 23 -25 29 -27 -28 -29 -30 -31
leaf_value=0.74521004611260522 -0.034559159810969124 0.74643286699133704 -0.0038023505566390468 -0.035972734984004551 1.3402119373574024 -0.050072022805941543 0.95397620335030453 -0.041453351427483909 -0.050948272304801437 -0.013730737641183006 0.009590643343859416 -0.050706135160736722 -0.0035620254047292392 0.25625767758683776 -0.033631981204331807 -0.051618278291810961 0.032719608027119471 -0.041142817586907805 0.25076345003246969 0.13110233989372042 -0.030920041020392038 0.013617855635399786 1.1231181502527827 -0.050337900527367856 0.25483814518321085 0.3624270620092187 0.13899937257298053 -0.012665228508292745 0.28338010012442538 0.01927844893376485
leaf_weight=0.12559832038823415 12.615233761142006 0.12524128751829167 1.037454758537933 3.5309019063133746 0.10760341282002617 0.08714515995234251 0.049797040876001009 116.18153249670286 0.29874937073327601 82.537726482260041 344.94548366905656 0.20782354625407506 131.7403171302285 0.77130893245339294 26.483545251074247 4.104278474696911 0.93081197375431635 1.3460523064713918 1.6370253087952731 1.5816638725809742 9.3059853521408513 9.2747635422274453 0.12772597197909696 0.1668564525898546 0.32790613255929102 0.35779113601893187 2.1092093242332339 4.4571041420567781 0.42881548532750458 79.534420582465827
leaf_count=12 5659 16 396 2287 19 61 29 105970 48 15105 11920 45 18338 13 1822 735 107 26 34 39 848 433 33 50 180 15 17 124 6 10523
internal_value=-0.00186752 -0.0377465 0.0303507 0.0117169 0.143064 0.718094 0.0400647 -0.0406303 0.184698 0.00423168 0.00492839 0.000428997 0.00468051 -0.00124764 -0.00367103 0.0180303 0.00139779 0.0277452 0.119047 0.0152611 0.00620642 0.0378195 0.173512 0.458453 0.0215845 0.21063 0.0591993 0.027007 0.111776 0.0202456
internal_weight=836.536 121.544 4.93814 4.8129 1.282 0.194749 1.08725 116.606 0.424348 714.992 702.377 357.431 274.893 190.361 183.024 84.5322 156.54 24.7997 2.98308 21.8166 20.235 10.929 1.65421 0.294582 80.4279 0.565615 7.33762 5.22841 1.35963 79.8623
internal_count=174910 108838 2808 2792 505 80 425 106030 60 66072 60413 48493 33388 21890 21736 11498 19914 1576 60 1516 1477 629 196 83 10763 60 154 137 113 10703
is_linear=0
shrinkage=0.05


Tree=39
num_leaves=31
num_cat=0
split_feature=11 10 12 13 15 30 12 10 13 12 12 13 12 10 11 11 8 5 12 13 1 1 10 12 10 12 10 2 10 29
split_gain=68.7788 8.61342 15.9217 24.8672 28.2658 95.0983 9.78173 7.18492 6.59394 17.0796 5.91819 8.37976 11.6961 6.86644 16.2903 15.0383 53.9741 77.5846 12.4236 12.0488 11.1323 11.7119 21.9933 10.6757 8.95001 8.20507 11.3113 29.1702 10.3052 23.3794
threshold=0.0019635232614664253 0.0023185238894913845 0.13752142857143115 302.50000000000006 0.61194028480730878 0.069609515356358967 0.039582142857143621 0.0012573907501448576 242.50000000000003 0.10116071428571619 0.19363214285714192 242.50000000000003 0.084357142857141423 0.0018344060200196869 0.014028839396524972 0.0019930630300058383 0.55217862291840003 0.00098800916176085946 0.48572499999999613 255.50000000000003 -0.0036837028185472405 -0.0037747827929096585 0.0016716892623203472 0.22767857142857248 0.002394861808745269 0.69952142857142674 0.0012834856383094526 -0.0088339722865266018 0.0018060336431311378 0.45825013650635865
decision_type=2 2 2 2 2 2 2 2 2 2 2 2 2 2 2 2 2 2 2 2 2 2 2 2 2 2 2 2 2 2
left_child=1 8 3 4 6 -6 -3 -2 9 -1 11 12 -9 14 15 16 17 -12 19 -16 21 25 -23 -18 -15 26 27 -17 -28 -30
right_child=7 2 -4 -5 5 -7 -8 10 -10 -11 13 -13 -14 24 18 20 23 -19 -20 -21 -22 22 -24 -25 -26 -27 28 -29 29 -31
leaf_value=0.56219146498476058 -0.02886213568010015 0.4203510690777188 -0.035769957357399899 -0.050689230852241231 -0.050182851225365178 2.5474828630661497 0.054946602829985126 0.29702379589235289 -0.041087487374644655 -0.051059146731365607 3.7173796426009269 -0.022514528164753501 0.023307051976938064 -0.017082342453378963 0.39729332646012783 -0.051318139075387861 0.62541216619211548 -0.050068762507720591 0.068228404327969436 0.059889779721059022 -0.0079616328879372113 -0.050386061686606004 0.97579831160444241 -0.050059261236278074 0.0062800988055622675 -0.019586693585378661 0.050534201248367029 1.1772680093995229 -0.050963849714518866 0.69814437790695183
leaf_weight=0.16273324377834697 16.268171392148361 0.31365186721086391 3.4800784972030669 0.80946613312698901 0.090376361855305731 0.057743839453905821 0.44019057578407228 0.42667432897724111 111.47480451292358 0.37557206745259464 0.026543257292359068 35.130223607760854 4.5757098066387698 44.119709998019971 0.66391751379705854 0.1187187087489292 0.073876142036169767 0.028166282922029495 3.191879699472338 0.43992573372088373 23.141997217666358 0.11281108332332124 0.097201272030360997 0.28096957015804946 578.7646618358558 3.1313102272106335 6.068486743955873 0.081467230338601371 0.21773855504579831 0.19966723711695522
leaf_count=7 7455 3 2301 313 42 21 128 24 105970 53 24 6909 220 10262 24 20 27 23 136 26 7083 35 12 241 31712 550 1178 30 57 24
internal_value=-0.00181603 -0.0373264 0.0256348 0.150498 0.331052 0.962503 0.206981 0.00398739 -0.0402445 0.134331 0.00474985 -0.013893 0.0466535 0.00588216 0.0265523 0.0148237 0.31595 1.77777 0.118232 0.262825 0.0111056 0.0551105 0.424569 0.0905687 0.00462531 0.0472071 0.0784888 0.448665 0.0670634 0.307374
internal_weight=834.364 117.205 5.19151 1.71143 0.901963 0.14812 0.753842 717.16 112.013 0.538305 700.892 40.1326 5.00238 660.759 37.8747 33.579 0.409555 0.0547095 4.29572 1.10384 33.1694 10.0274 0.210012 0.354846 622.884 9.81739 6.68608 0.200186 6.48589 0.417406
internal_count=174910 108838 2808 507 194 63 131 66072 106030 60 58617 7153 244 51464 9490 9304 315 47 186 50 8989 1906 47 268 41974 1859 1309 50 1259 81
is_linear=0
shrinkage=0.05


Tree=40
num_leaves=31
num_cat=0
split_feature=4 4 12 0 15 0 12 6 4 28 3 28 12 6 4 12 6 30 15 12 14 12 0 10 27 28 3 12 14 7
split_gain=60.9052 12.3818 13.3073 12.1289 10.7383 14.7244 13.436 8.42827 9.68006 13.0837 24.9452 12.1254 17.2626 11.0632 9.17654 33.3663 9.5354 10.6323 7.93602 80.7823 7.50199 17.5333 7.30878 6.61253 6.60274 6.0398 6.83236 6.15775 8.79594 5.72281
threshold=0.0018143251754074287 0.0039402910996349612 0.41892857142857515 0.0021331874782440923 0.7374999907812505 0.0023810121828407031 0.4235035714285687 0.00094583512805280015 0.0022571605969981074 -0.0055672128102965219 -0.0056717551055007745 0.014094151088116269 1.0417892857142872 0.0013899251831498624 0.002222571698114803 0.51744285714285765 0.001001242081749065 -0.28127523168412605 0.042857142244898984 0.4689357142857114 147.50000000000003 0.085832142857143426 -0.00096787719770380354 0.032719527243169032 334527.00000000006 -0.013413914000899484 -0.024073758549664644 0.037496428571428868 91.500000000000014 0.00025463650684573875
decision_type=2 2 2 2 2 2 2 2 2 2 2 2 2 2 2 2 2 2 2 2 2 2 2 2 2 2 2 2 2 2
left_child=3 2 25 20 5 6 -5 23 9 10 22 18 13 -13 16 -16 17 -11 19 -10 -1 -22 -9 -4 29 26 -2 28 -27 -20
right_child=1 -3 7 4 -6 -7 -8 8 11 14 -12 12 -14 -15 15 -17 -18 -19 24 -21 21 -23 -24 -25 -26 27 -28 -29 -30 -31
leaf_value=-0.041915450291949125 -0.021422265342876959 0.0070340845504597129 -0.0088435467485029045 0.25972735387644913 -0.050440147040776297 0.084024670239953358 1.0134351044338847 0.64085567892673778 0.93261329399292858 0.88504171849918611 1.120811771439056 0.065945586653994234 -0.051366794318668307 0.39098794934011355 1.1875855678356713 -0.050173384989669029 -0.022746182678986974 0.14304022735207167 -0.042355015521239714 -0.05087486131186171 0.39194318548766804 -0.051246285521068115 0.088202466476354907 0.20168037463104979 0.37606350537193445 -0.050557107100908119 0.1310285270273491 -0.028112111145129223 0.24964572014349287 0.012911151079805276
leaf_weight=96.066427069134079 1.6576151413610207 568.58482275658753 52.577498087892309 0.15945676679257192 0.64638312917668372 0.59420343907549977 0.093977887998335063 0.072264747926965356 0.25340954959393158 0.053465869161300361 0.085394173511304294 0.42722116375807562 0.70697382814250875 0.67601441324222833 0.080747451749630161 0.16716481826733798 1.7950324442936105 0.4976645903661846 6.1076150372391629 1.185917373280972 0.33323758514597901 0.67561448737978935 0.34752066747751087 0.37566170375794072 0.11726037436164816 0.49205917958170076 1.320341586950234 73.285654951527249 0.48401391785591841 20.098061601514928
leaf_count=84446 148 29320 15424 33 271 50 19 17 31 34 26 43 51 39 28 76 843 99 1630 258 7 62 86 5 39 337 76 37696 48 3792
internal_value=-0.00141958 0.00355243 -0.00860253 -0.0383152 0.103064 0.220122 0.539215 0.00497191 0.0249429 0.109012 0.341808 0.0161322 0.141515 0.265117 0.0636769 0.352977 0.0331074 0.215023 0.00795677 0.122279 -0.0404911 0.0951452 0.18334 -0.00735004 0.00170567 -0.0236506 0.0461701 -0.0264505 0.0983071 3.05651e-05
internal_weight=830.019 731.449 162.865 98.5693 1.49402 0.847638 0.253435 85.6249 32.6717 3.09925 0.50518 29.5725 1.81021 1.10324 2.59408 0.247912 2.34616 0.55113 27.7623 1.43933 97.0753 1.00885 0.419785 52.9532 26.3229 77.2397 2.97796 74.2617 0.976073 26.2057
internal_count=175034 90146 60826 84888 373 102 52 22521 7092 1209 129 5883 133 82 1080 104 976 133 5750 289 84515 69 103 15429 5461 38305 224 38081 385 5422
is_linear=0
shrinkage=0.05


Tree=41
num_leaves=31
num_cat=0
split_feature=11 4 12 8 6 2 8 9 9 6 29 6 14 0 2 12 4 1 14 11 27 8 3 5 13 27 29 4 1 8
split_gain=71.4525 6.53727 9.61938 9.00341 8.32992 18.8518 8.52068 8.90183 9.89432 7.80366 11.1102 22.0869 8.88146 8.55931 6.5504 17.6883 18.4815 8.53617 17.1404 9.55189 8.48087 11.6049 7.64171 20.9563 5.92135 13.6725 28.3453 7.01749 35.5646 5.81729
threshold=0.002222698893429628 0.0036327665596368299 0.42829285714285709 0.70506967178116964 0.0021075298386887438 0.0092508211122998025 0.6971239551078211 0.58265293169796362 0.50420223949089693 0.0014856705240516032 1.7083178608034819 0.0015982185232092556 107.50000000000001 0.0032278961962544099 -0.0055160072492414494 0.52445714285713974 0.0034436498956126765 -0.0040480927792522761 142.50000000000003 0.015161964132871453 67.356362417371272 0.64855063081748376 -0.057882284170762126 0.0014026971159109829 279.50000000000006 807036.50000000012 0.60983831155969837 0.00010522444023779399 0.001105082819511827 0.32203501734902501
decision_type=2 2 2 2 2 2 2 2 2 2 2 2 2 2 2 2 2 2 2 2 2 2 2 2 2 2 2 2 2 2
left_child=24 2 -2 4 6 -6 14 8 -8 -5 13 -12 -13 -11 15 16 17 -4 19 -19 22 -22 23 -16 25 27 -27 28 -1 -24
right_child=1 -3 3 9 5 -7 7 -9 -10 10 11 12 -14 -15 20 -17 -18 18 -20 -21 21 -23 29 -25 -26 26 -28 -29 -30 -31
leaf_value=-0.050277673088891431 -0.024163877828152922 0.0068426203549975407 0.031746700686311663 -0.0219082498404446 -0.050667696808346811 0.34381766423858973 -0.050242872282936918 -0.050409981040225794 0.41068992623585854 -0.00033253199098136479 0.65236794534613152 0.49074642753349906 -0.050417781663495288 0.27877637295759899 -0.05056478179809281 0.013476111471083827 0.59708824053324505 -0.0504155607394303 0.61929540498925983 0.35151118395885295 0.048344861893113759 0.5251322734677677 0.042131210033850015 0.73706910783379542 -0.040226078529204706 -0.050070957597907799 2.1353899282212718 -0.011825012565527678 2.1552169786776676 -0.028791092378734281
leaf_weight=0.09431346296332499 45.116779708303511 593.7808053487679 1.0903009778121486 29.423507561092265 0.58351584698539116 0.62964818789623678 0.159781439229845 0.29623993893619627 0.42907761316746473 4.8826203022617838 0.21290286758448917 0.092422420508228242 0.42198124877177179 0.29105679341591884 0.25215339707211981 7.9842207193141803 0.23124134994577605 0.3745932673337028 0.22321143466979265 0.24417728930711746 0.48381509864702721 0.17335111100692302 3.6729673526715443 0.12697939621284604 110.47454386326717 0.042209406616167011 0.022878389398101717 12.994985932076814 0.022672955645248294 13.586143611930309
leaf_count=67 13175 28654 101 7506 82 31 45 64 31 980 19 27 83 5 36 957 17 90 13 3 83 21 579 19 108226 36 17 10989 22 3056
internal_value=-0.0013901 0.00476071 -0.00637792 0.00580509 0.025686 0.154075 0.0203752 0.173152 0.28562 -0.0113839 0.0410928 0.224076 0.0468127 0.0153694 0.0156211 0.0478393 0.174652 0.124098 0.243686 0.108192 -0.00224912 0.174115 -0.00882009 0.21323 -0.0364472 -0.00476599 0.71812 -0.00835439 0.377166 -0.0136979
internal_weight=828.415 704.763 110.983 65.8659 30.5414 1.21316 29.3283 0.885099 0.588859 35.3245 5.90098 0.727307 0.514404 5.17368 28.4432 10.1477 2.16352 1.93228 0.841982 0.618771 18.2954 0.657166 17.6382 0.379133 123.652 13.1771 0.0650878 13.112 0.116986 17.2591
internal_count=175034 55677 27023 13848 5228 113 5115 140 76 8620 1114 129 110 985 4975 1181 224 207 106 93 3794 104 3690 55 119357 11131 53 11078 89 3635
is_linear=0
shrinkage=0.05


Tree=42
num_leaves=31
num_cat=0
split_feature=4 13 14 1 2 9 15 4 15 13 10 15 14 13 2 9 12 2 12 29 26 8 2 2 8 3 10 6 15 1
split_gain=54.2171 10.4707 8.70385 15.369 10.7065 12.049 8.52235 8.02979 11.5644 7.87052 11.6493 7.53396 11.7019 20.0259 12.6162 8.7261 13.1385 28.2158 7.07252 6.72037 6.2028 7.45372 10.2626 9.84916 11.5829 9.10948 8.9311 28.6613 7.69644 12.3347
threshold=0.0018143251754074287 349.50000000000006 42.500000000000007 0.0086204861917424953 -0.0067974074681410581 0.56329279464147519 0.41791044308309272 0.0054529752607731562 0.96079754692933805 247.50000000000003 0.00047387545420927383 0.94736834626037092 53.500000000000007 339.50000000000006 0.07786734529278018 0.52040894226219958 0.44288571428571649 0.0023909254921913319 0.037496428571428868 0.058905633693186472 1.0000000180025095e-35 0.4817438940988375 -0.0039899506422863542 -0.0050143551552262458 1.1490882109049958 0.022297850289552782 0.00087655758002818339 0.0011204877405315069 0.065789472529999463 -0.0024259590810166705
decision_type=2 2 2 2 2 2 2 2 2 2 2 2 2 2 2 2 2 2 2 2 2 2 2 2 2 2 2 2 2 2
left_child=9 2 3 4 5 -2 -7 8 11 10 -1 18 13 -13 15 16 17 -14 -4 -20 -21 22 -22 24 26 28 27 -23 29 -26
right_child=1 -3 7 -5 -6 6 -8 -9 -10 -11 -12 12 14 -15 -16 -17 -18 -19 19 20 21 23 -24 -25 25 -27 -28 -29 -30 -31
leaf_value=0.6812394582025828 0.40927796836056984 -0.021710457146106976 0.15907593155169353 0.28337224644186404 -0.032002795582410287 -0.055522395242335855 0.20859063344267206 0.0083489085294959058 -0.047047444840727107 -0.040560544516865443 0.021213338118586372 0.93491846219719776 1.3083609869471973 -0.050442134129709854 0.42694354089500186 -0.0056075406130201809 0.061665822095311719 -0.050199568318096237 0.004692582915186253 -0.017888694528222178 -0.051138482353253516 -0.050122127929980248 0.36308852961415383 -0.050324411389691515 -0.014025230122280772 0.30848419941236371 -0.050690246374283023 1.8441776058808441 0.12332128397544649 0.65410001274993834
leaf_weight=0.068077478441409212 0.32053762610303271 39.994360327953473 0.68449468561448057 0.72929185593966384 2.4228678208310148 0.66867932921741136 0.56226308079203591 428.71059111761861 13.958464765455572 88.286065002786927 3.7144527553464286 0.1012804398778816 0.073572182853240853 0.10504177521215752 0.20730814477428783 3.2222027560928836 0.42051832273136824 0.079534495831467211 149.57698408537544 78.911666002357379 0.25842123379698023 0.082065232680177735 0.3548493271227916 4.4808051608852102 2.5631306186551228 0.41421247273683537 3.1439631902612746 0.026389248610939831 2.7735448348685168 0.070993534405716097
leaf_count=5 19 13934 177 21 756 76 16 14031 4602 84452 431 25 23 50 5 769 42 39 30214 20650 40 61 22 2376 684 29 770 10 668 37
internal_value=-0.00136425 0.00316707 0.00459883 0.0723839 0.0336676 0.136222 0.0651177 0.00413689 -0.00276815 -0.0375346 0.0330924 -0.000271411 0.0660486 0.433256 0.0471226 0.0263788 0.206054 0.602628 -0.00141865 -0.00187138 -0.0124195 0.0180417 0.188541 0.0103278 0.0402773 0.0824997 -0.0353015 0.410801 0.0651899 0.00398173
internal_weight=826.987 734.918 694.924 4.70364 3.97435 1.55148 1.23094 690.22 261.509 92.0686 3.78253 247.551 4.20946 0.206322 4.00314 3.79583 0.573625 0.153107 243.342 242.657 93.08 14.1684 0.613271 13.5551 9.0743 5.82188 3.25242 0.108454 5.40767 2.63412
internal_count=175034 90146 76212 888 867 111 92 75324 61293 84888 436 56691 953 75 878 873 104 62 55738 55561 25347 4697 62 4635 2259 1418 841 71 1389 721
is_linear=0
shrinkage=0.05


Tree=43
num_leaves=31
num_cat=0
split_feature=11 13 12 2 0 30 4 12 8 6 12 15 11 5 4 7 0 6 2 8 6 11 29 27 0 13 27 7 15 11
split_gain=63.5443 5.81215 15.2061 14.5606 29.503 6.28299 5.48029 8.82451 7.77612 6.86963 8.52754 23.4149 6.68695 22.8294 7.11272 15.7528 7.23521 6.07464 11.3786 6.31524 6.23983 8.14305 5.64048 5.61853 15.7302 11.2868 10.2235 9.47653 6.7483 8.58525
threshold=0.002222698893429628 298.50000000000006 0.04357857142857189 0.0037677469829030534 0.00066599167522540814 -1.0480742550699376 0.0036327665596368299 0.42829285714285709 0.70506967178116964 0.0014856705240516032 0.4480107142857202 0.084210525429361485 0.0023033884377740709 0.00093704678424931835 0.0022571605969981074 0.00030594405594408828 0.0032278961962544099 0.0021075298386887438 0.0092508211122998025 0.6971239551078211 0.00067302322870414365 0.0026716450681226376 -0.87757718264184825 4.4907805241562153 0.0062349849618864592 302.50000000000006 55835.500000000007 0.00045756119881042867 0.96428567984697189 0.017697895485238996
decision_type=2 2 2 2 2 2 2 2 2 2 2 2 2 2 2 2 2 2 2 2 2 2 2 2 2 2 2 2 2 2
left_child=1 2 3 5 -5 -1 7 -2 17 -10 11 -11 13 -12 15 -14 -16 19 -19 -9 -21 -22 -8 28 26 27 -25 -26 -24 -30
right_child=6 -3 -4 4 -6 -7 22 8 9 10 12 -13 14 -15 16 -17 -18 18 -20 20 21 -23 23 24 25 -27 -28 -29 29 -31
leaf_value=0.20934875599351496 -0.023382814835928481 -0.042045777928019237 -0.023477489507391022 -0.050051723288946914 2.5093687226450938 -0.05005065597440949 -0.058053669009272071 0.014557574568571444 -0.021009935061892485 0.89404720096958834 -0.050102259110159378 -0.050290964359617767 -0.050364017554397657 1.5568366272586323 -0.011980910999268301 0.63273155903654277 0.22702393391225151 -0.050636925083759735 0.24067326168411107 -0.050279090013988365 0.51757022260772667 0.12568796681916836 0.0098036390781374196 -0.02950111812426506 -0.0066867161985294495 -0.033177268212807594 0.018057545846651018 0.064083258725826153 -0.035702712619994269 0.046227077282343244
leaf_weight=0.73462096555158485 43.797058497555554 87.207167078449856 27.93339347030269 0.026578288991004118 0.019535659230314195 0.34216408751672389 3.3995007746852925 28.81258359190543 28.587586745386943 0.10567180532961984 0.076314174802973755 0.17327880545053631 0.20079297828488041 0.031113194650970399 5.0473863669903949 0.14559595892205834 0.33784325956366945 0.55474160448647925 0.8470552465878427 0.30067701847292372 0.17508648138027638 0.5457821924937889 483.02995392400771 49.249544656137004 6.7901384863071206 6.2930141529068342 14.664830381632781 15.593477759975938 16.305315343081023 3.9774793460965148
leaf_count=79 13175 92949 25919 27 19 364 188 4975 7506 4 46 43 64 14 924 14 5 82 31 78 19 43 23396 2511 174 127 773 253 1133 99
internal_value=-0.00133057 -0.0355928 -0.0162253 0.164181 1.03422 0.126921 0.00428749 -0.00598509 0.00557014 -0.010719 0.0373672 0.307442 0.0244648 0.415301 0.0171394 0.236758 0.0030131 0.0236687 0.125391 0.0188892 0.141061 0.220869 0.00616851 0.00653488 -0.00478463 0.0259826 -0.018589 0.042615 0.00861726 -0.0196362
internal_weight=825.305 116.263 29.0563 1.1229 0.0461139 1.07679 709.042 109.739 65.9415 34.7056 6.118 0.278951 5.83905 0.107427 5.73162 0.346389 5.38523 31.2359 1.4018 29.8341 1.02155 0.720869 599.303 595.904 92.591 28.6766 63.9144 22.3836 503.313 20.2828
internal_count=175034 119357 26408 489 46 443 55677 27023 13848 8620 1114 47 1067 60 1007 78 929 5228 113 5115 140 62 28654 28466 3838 554 3284 427 24628 1232
is_linear=0
shrinkage=0.05


Tree=44
num_leaves=31
num_cat=0
split_feature=11 10 10 18 11 4 9 2 10 11 2 13 14 3 10 9 13 9 18 3 6 27 29 10 7 9 29 9 5 15
split_gain=59.7102 8.10579 7.32219 56.2629 6.81547 5.61559 5.8627 5.58438 12.8129 20.3886 40.6829 14.9135 30.3326 33.1674 37.0303 9.50936 7.55056 7.43083 11.1321 7.08395 6.4005 10.7765 14.6152 9.77477 8.41055 5.45832 10.3303 10.1494 9.81337 10.0138
threshold=0.0019635232614664253 0.0023185238894913845 0.002343029422204592 0.0018545395445706263 0.0013649136573887666 0.0039402910996349612 1.6291901331382859 -0.0057906548244889824 0.0017912876269086182 0.0019930630300058383 -0.0064326033184594058 290.50000000000006 108.50000000000001 -0.0017478263650817503 0.001477488022812515 1.4886319739825489 254.50000000000003 0.59404768473384861 0.0015629768010450857 -0.10458015425100535 0.0019907973795751681 0.52695126560618677 1.2701114759730998 0.0010314013500518102 0.0005463745171187381 1.7024837298634143 0.69971108114727221 1.8916173020908753 0.0011584196839061192 0.74152541534997518
decision_type=2 2 2 2 2 2 2 2 2 2 2 2 2 2 2 2 2 2 2 2 2 2 2 2 2 2 2 2 2 2
left_child=1 -1 3 -3 -4 6 7 8 9 10 -2 12 13 -11 -15 16 17 -14 -19 -9 -21 22 23 -22 -25 26 -7 28 29 -27
right_child=5 2 4 -5 -6 25 -8 19 -10 11 -12 -13 15 14 -16 -17 -18 18 -20 20 21 -23 -24 24 -26 27 -28 -29 -30 -31
leaf_value=-0.041040026715862078 -0.05004911543434401 -0.050619796622972273 0.15510534919594227 1.6572873669104493 -0.015984948459344169 0.0062557681566084216 -0.039325304448132703 0.14769080663109957 -0.0012712434985033827 0.11378902143521941 1.6848973451591354 -0.050318320333401924 0.17543546549793074 1.1305096333524132 0.26940646139933322 0.58465308163599672 -0.03069387886800198 -0.050430115736594221 0.55386497174519345 -0.013154255409805277 0.693090509985681 0.0029523035413736485 0.63625305161692935 -0.050795577950035253 0.21633861512718644 0.071259488287769804 -0.01535905614942245 0.0086604338797007328 0.026944381173465912 0.24926809719324874
leaf_weight=94.039260815479793 0.081744627561420202 0.27419721276964892 0.67420867457985867 0.058510477188974619 4.2598868303466588 326.45737887767609 11.472093563002998 0.71902539953589339 31.787978177249897 0.84808708151103929 0.057597279956097647 2.3385145658394322 1.2870041702408346 0.21145911910570958 0.30482199008110911 0.078698273806366958 2.458224547910504 0.97765733266714938 0.082654660451225936 89.734031854197383 0.067269201099405929 4.4976927383686416 0.14549154532141972 0.6333052370464427 0.55101092532277107 3.9639068194665041 66.545215697493404 160.73422021220904 17.3809897324536 0.98671795381233085
leaf_count=106223 85 169 45 14 2581 17378 2615 22 4875 127 22 994 128 35 17 23 787 242 9 28135 26 710 17 114 49 114 3963 4652 815 48
internal_value=-0.0013006 -0.0376594 0.0227022 0.249735 0.00739331 0.00368371 -0.00499177 -0.00211386 0.0134613 0.0671275 0.667095 0.0573919 0.097702 0.306135 0.622098 0.0394782 0.0305501 0.0946879 -0.00332341 -0.00866323 -0.00983884 0.0406305 0.16193 0.106792 0.0734904 0.0059176 0.00259584 0.0130487 0.0446337 0.106739
internal_weight=823.709 99.3061 5.2668 0.332708 4.9341 724.403 148.334 136.862 40.5144 8.72646 0.139342 8.58712 6.24861 1.36437 0.516281 4.88424 4.80554 2.34732 1.06031 96.3478 95.6288 5.89477 1.39708 1.25159 1.18432 576.068 393.003 183.066 22.3316 4.95062
internal_count=175034 109032 2809 183 2626 66002 39032 36417 7344 2469 107 2362 1368 179 52 1189 1166 379 251 29073 29051 916 206 189 163 26970 21341 5629 977 162
is_linear=0
shrinkage=0.05


Tree=45
num_leaves=31
num_cat=0
split_feature=11 11 27 12 12 27 15 15 10 11 2 30 10 27 0 0 6 5 27 0 18 18 10 14 30 13 30 14 12 9
split_gain=52.8821 8.72773 7.53238 8.07212 22.0614 40.2534 14.1374 26.9447 14.8306 27.7799 40.2346 16.7725 18.0455 9.52897 9.1551 9.52873 16.498 63.9578 79.0645 14.7155 6.70492 9.68995 6.08765 7.6317 43.7979 5.4266 10.533 29.0227 56.3909 5.24635
threshold=0.0017124101691228272 0.003010231432629538 0.81056946441234123 0.41892857142857515 0.4235035714285687 0.35995313203612461 0.68228636039331814 0.68697211122008806 0.0013012590999275182 0.0019776665293420375 0.0028706824537122482 0.49762785227877115 0.0040139450813276743 0.69180630585545011 -0.001826426258863034 -0.0024338190582686155 1.0000000180025095e-35 0.0018917503817514106 0.19986030796817164 -0.0023620753123872458 0.0018545395445706263 0.0022471723072018013 0.0013389698383237346 51.500000000000007 -2.4863093651069401 279.50000000000006 0.80232853145415761 115.50000000000001 0.40499285714285654 1.7876916952489277
decision_type=2 2 2 2 2 2 2 2 2 2 2 2 2 2 2 2 2 2 2 2 2 2 2 2 2 2 2 2 2 2
left_child=25 2 3 -2 5 -5 14 -8 9 10 -9 -10 13 -13 15 29 17 18 -17 -18 -16 -22 23 24 -3 26 -1 28 -28 -6
right_child=1 22 -4 4 6 -7 7 8 11 -11 -12 12 -14 -15 20 16 19 -19 -20 -21 21 -23 -24 -25 -26 -27 27 -29 -30 -31
leaf_value=-0.011119128357843511 -0.020578462790205327 1.2563860685437147 -0.028176846784295408 1.604864873130935 -0.024422888037344992 0.15679534413315147 0.92391711066023463 -0.050049347950173753 -0.050539005266512504 -0.050103289643003868 2.2519732332221714 -0.050347192803635227 0.81380677362543974 0.30536565339911936 -0.03527315117064482 2.9046592241526201 0.30874485287109232 0.093953047478529506 -0.050070945724607512 -0.050223132112217378 0.80358744391184356 -0.05030794699324577 0.0036248890950302116 -0.045245527254404311 -0.050655817629162436 -0.044955635930392486 -0.050135298095998738 -0.050728893255676588 2.4341591544440302 0.078832978741009183
leaf_weight=6.3097013981896444 19.946614769054577 0.07643776061013341 44.553901607403532 0.060421395697633495 3.5409525745781139 0.23328271368518472 0.10235200612805728 0.033727521193214094 1.3334262964781376 0.089242024230770767 0.043412754719611257 0.34696701425127674 0.11539394780993462 0.41163572814548388 9.4797137205023283 0.050756997719878849 0.41119093395536754 0.33090012561297044 0.040871460398193449 0.93398122134385619 0.058561734331306847 0.076788893318735063 648.28184453689028 9.5873732999898476 0.39687925227917631 75.662506299209781 0.052814730850513913 0.19291159597923979 0.040251099271699786 1.8850791882141491
leaf_count=5883 10594 5 24392 34 1032 49 16 37 568 62 10 133 5 37 4361 14 48 83 33 414 21 21 34058 3016 92 89469 47 129 19 161
internal_value=-0.00312595 0.00108855 -0.0140811 0.00180788 0.0246149 0.454695 0.018065 0.129604 0.0953549 0.550569 1.24548 0.0610436 0.231281 0.142671 0.00163385 0.044295 0.145115 0.417663 1.58668 0.0595059 -0.030284 0.319144 0.00302592 -0.0355696 0.160423 -0.0411639 0.00233261 0.299127 1.02433 0.0114496
internal_weight=824.68 742.422 84.0792 39.5253 19.5787 0.293704 19.285 2.47616 2.37381 0.166382 0.0771403 2.20742 0.873997 0.758603 16.8088 7.19373 1.7677 0.422529 0.0916285 1.34517 9.61506 0.135351 658.343 10.0607 0.473317 82.2582 6.59568 0.285977 0.0930658 5.42603
internal_count=174843 79296 42125 17733 7139 83 7056 868 852 109 47 743 175 170 6188 1785 592 130 47 462 4403 42 37171 3113 97 95547 6078 195 66 1193
is_linear=0
shrinkage=0.05


Tree=46
num_leaves=31
num_cat=0
split_feature=11 11 3 27 30 8 4 3 15 11 27 15 15 30 27 1 12 30 3 18 5 7 7 14 28 30 11 12 13 12
split_gain=50.0007 8.55694 9.22431 7.0122 6.50506 9.28218 9.30323 11.0845 13.0506 9.52403 9.45872 6.08736 28.9551 22.9901 8.60836 8.47049 7.6925 5.55347 18.5848 5.15429 11.6699 11.8202 15.8657 10.5115 17.5447 18.1015 12.6253 9.52219 9.93036 14.0096
threshold=0.0017124101691228272 0.003010231432629538 0.037626929651701564 0.81056946441234123 -1.4252419300311423 1.1099473624780243 0.004322382477609776 -0.0081230729269696749 0.19090908743803528 0.0024917333155651789 0.21653235315720518 0.72928371306024731 0.7374999907812505 -0.6531080381546911 0.68401118813661566 -0.0028152463969477455 0.49185357142857411 -1.4726054615513984 -0.019092352242722595 0.0001141999482806667 0.0090765762283019514 0.0006290195264875212 0.00073147809340503233 142.50000000000003 -0.0046493143322808008 -0.28127523168412605 0.0084492957535426457 1.2896071428571465 254.50000000000003 1.3438750000000035
decision_type=2 2 2 2 2 2 2 2 2 2 2 2 2 2 2 2 2 2 2 2 2 2 2 2 2 2 2 2 2 2
left_child=-1 2 3 4 5 6 7 8 -2 10 -10 -6 13 -13 -14 -15 -16 -7 -19 -3 27 -22 -23 -24 -25 26 -26 -21 -29 -30
right_child=1 19 -4 -5 11 17 -8 -9 9 -11 -12 12 14 15 16 -17 -18 18 -20 20 21 22 23 24 25 -27 -28 28 29 -31
leaf_value=-0.040826742381179761 0.12844869358941599 0.0054333985489900408 0.48085826569927931 -0.028650119454558816 -0.017022228840084089 -0.0070207484829230482 -0.0041035285191645321 0.02728998088853081 0.35493965148383327 0.21550273530133507 0.94843313576426513 1.3287036075130549 -0.050213050615726076 0.68273474178670468 -0.050182170047243714 -0.050135706212249713 0.18506985269502008 1.2469570766573173 -0.050168132185557601 -0.02146376333972895 -0.01534726148923078 0.22389265195087682 0.0013154449630205407 -0.0013981591282761297 0.19494511501253592 0.28189404017673486 0.028162525095212887 -0.018044733349057523 0.19288046220638161 0.024133851285504646
leaf_weight=79.251814912597183 0.52219219872495171 492.85689131286927 0.094020521733908846 43.263267108239233 29.047978399321437 4.6729794611455873 0.94049924530554552 0.61069326143478897 0.121555688790977 0.18232191179413348 0.14994806959293783 0.072436084039509296 2.1262034842511643 0.067882873467169702 0.52734019851777691 0.094055156398098361 1.01886644779006 0.038518217159435153 0.097548235266003647 88.282999079208821 18.326542236842215 1.080109598115089 15.692662456072869 5.7952478583902121 1.6010123398154972 1.3366749212145785 3.8958011716604233 15.279718690086158 1.3441313456278283 14.482157382997682
leaf_count=95547 66 28031 9 24384 14192 1370 116 267 10 12 32 7 1117 2 297 55 131 5 53 6902 376 24 252 87 26 21 55 705 68 624
internal_value=-0.00307275 0.000950897 -0.0141148 -0.0146717 0.000337848 0.0429186 0.120502 0.194359 0.298895 0.495017 0.682719 -0.00914131 0.0494555 0.588276 0.0150678 0.257077 0.104836 0.00214781 0.317027 0.00286039 -0.00472785 0.0161694 0.0358143 0.0286415 0.0625972 0.116869 0.0767399 -0.0130819 0.0107069 0.0384656
internal_weight=822.874 743.622 83.6483 83.5543 40.291 7.33626 2.52721 1.58671 0.976018 0.453826 0.271504 32.9548 3.90678 0.234374 3.67241 0.161938 1.54621 4.80905 0.136066 659.974 167.117 47.7281 29.4015 28.3214 12.6287 6.83349 5.49681 119.389 31.106 15.8263
internal_count=174843 79296 42125 42116 17732 1931 503 387 120 54 42 15801 1609 64 1545 57 428 1428 58 37171 9140 841 465 441 189 102 81 8299 1397 692
is_linear=0
shrinkage=0.05


Tree=47
num_leaves=31
num_cat=0
split_feature=11 4 0 18 0 7 3 18 18 8 15 11 11 6 0 3 3 6 5 15 9 6 4 14 7 7 8 8 4 9
split_gain=47.1151 8.08901 7.58091 7.28511 7.8019 5.43039 10.5023 7.51698 11.9801 8.40062 19.1887 7.50855 9.92145 13.0728 9.11698 7.07639 11.3742 8.71542 6.3167 5.80481 6.21873 6.36975 5.48684 9.84163 9.05101 8.42214 9.50191 7.05902 6.19911 6.63852
threshold=0.0017124101691228272 0.001695517064008554 0.0021331874782440923 0.001297293290659314 0.0022520467064324205 0.00014797824740026035 0.10966378511163423 0.0001141999482806667 9.8163318661065988e-05 0.19261147521068653 0.67391301417769367 0.023310232750711899 0.017697895485238996 0.00081932834591249453 -0.0025952789339552247 -0.066141474101212891 -0.07906595837320389 0.0030236371683769257 0.011253668068423343 0.95412842286007082 5.5530043370351772 0.0028614747480764798 0.013476019392037304 140.50000000000003 0.0067914088258921789 0.0067914088258921789 1.5201468083934833 0.73627772829433058 0.016684414307791506 2.3039029970677025
decision_type=2 2 2 2 2 2 2 2 2 2 2 2 2 2 2 2 2 2 2 2 2 2 2 2 2 2 2 2 2 2
left_child=-1 2 -2 -4 -5 6 7 8 9 10 -3 12 15 -14 -15 16 -11 -18 19 22 21 -21 -7 24 27 26 28 -24 29 -25
right_child=1 5 3 4 -6 18 -8 -9 -10 11 -12 -13 13 14 -16 -17 17 -19 -20 20 -22 -23 23 25 -26 -27 -28 -29 -30 -31
leaf_value=-0.04042939559894812 -0.03806684257367942 -0.051477266624995556 -0.01054711474606829 0.49758648633140767 0.089856959982050302 0.005238466025396963 0.08633330695294994 -0.026930489651371986 0.34456061348191014 -0.052827017732682439 0.3118971972298577 -0.085332817356660484 0.30874209153782062 0.21073168581146817 -0.020524450430654761 -0.0081237419147794348 0.055812865631224555 0.3587293964138325 0.023014873154881335 -0.023924239860732551 0.085465511907317201 0.16523834537736273 -0.11595474441496344 0.036476501203214121 0.004299380057577816 -0.033519142445040763 0.10322374579044412 -0.036760328108225118 0.082195227137613402 -0.047432633997696108
leaf_weight=76.109051639097743 19.106792023754682 0.7829293226241123 0.75942895980551728 0.18085946945939213 0.33399378694593906 484.68042164994404 2.8453056272119275 43.781790359527804 0.25127893063472484 0.72598561504855752 0.67786658415570855 2.7239071661606422 0.55448536295443718 0.56996030639857131 1.6896015279926353 54.514545770303812 0.46640433534048387 0.48373345844447613 39.151838777586818 33.981859730149154 1.4160831868648518 0.45093821734189887 3.4112912365235415 4.6003582309931534 12.194358391454445 6.5923481876961878 3.7529340218752614 16.065466686384752 2.4886710382997981 4.8341588787734509
leaf_count=95547 11159 69 137 6 54 47649 69 6024 33 24 28 54 24 18 63 8859 31 10 516 3748 31 6 36 69 169 85 50 181 30 64
internal_value=-0.00295933 0.000873395 -0.0301917 0.0878888 0.233086 0.00174828 -0.00847828 -0.0109942 3.69351e-06 -0.00136647 0.117143 -0.00417097 -0.000424194 0.0911938 0.0378085 -0.00501245 0.0961797 0.210034 0.00358266 0.00225829 -0.0172237 -0.0214469 0.00355495 -0.0115724 -0.0294811 0.013898 0.0338385 -0.050631 0.0119989 -0.00651776
internal_weight=820.179 744.07 20.3811 1.27428 0.514853 723.689 110.068 107.222 63.4407 63.1894 1.4608 61.7286 59.0047 2.81405 2.25956 56.1907 1.67612 0.950138 613.621 574.469 35.8489 34.4328 538.62 53.9396 31.6711 22.2685 15.6761 19.4768 11.9232 9.43452
internal_count=174843 79296 11356 197 60 67940 15306 15237 9213 9180 97 9083 9029 105 81 8924 65 41 52634 52118 3785 3754 48333 684 386 298 213 217 163 133
is_linear=0
shrinkage=0.05


Tree=48
num_leaves=31
num_cat=0
split_feature=11 11 27 3 12 8 12 14 13 11 13 10 8 13 9 11 10 1 13 1 2 28 0 12 1 27 14 12 10 12
split_gain=44.4063 7.70641 5.97752 7.22054 5.88954 9.79652 15.1943 12.9105 43.3038 6.59691 6.37618 5.63827 8.39845 11.3476 5.5416 7.57047 8.57838 6.45839 5.44619 5.3798 19.7644 27.7538 17.4356 47.5358 17.5012 6.16286 25.8331 5.556 5.23799 5.1426
threshold=0.0017124101691228272 0.003010231432629538 0.81056946441234123 0.037626929651701564 0.41892857142857515 0.58202131826401149 0.4235035714285687 21.500000000000004 370.50000000000006 0.0028075875929092736 278.50000000000006 0.0013389698383237346 2.2680572718869931 338.50000000000006 0.29715120273011092 0.0017361859068016367 0.0025587005696917392 0.0061344173863301385 279.50000000000006 0.0023126835420279605 -0.00051797612629667078 0.001552575141001438 -0.00070484435455758765 0.12439435714285783 0.0023589164883096596 0.1365772841902646 111.50000000000001 0.047117857142856837 0.0016223420068873255 0.60143214285714319
decision_type=2 2 2 2 2 2 2 2 2 2 2 2 2 2 2 2 2 2 2 2 2 2 2 2 2 2 2 2 2 2
left_child=18 2 4 14 -2 6 -6 8 -8 28 -11 12 -3 -14 15 16 -4 -17 19 25 21 -21 23 -22 -25 26 -1 -28 -9 -19
right_child=1 11 3 -5 5 -7 7 9 -10 10 -12 -13 13 -15 -16 17 -18 29 -20 20 22 -23 -24 24 -26 -27 27 -29 -30 -31
leaf_value=1.5253690472694474 -0.019734527452178272 -0.045087665835222016 -0.050136121228530776 0.35638880091028263 0.41767849577346772 0.00011062194306566359 1.5345883559549163 0.077439525013655711 -0.050248386717724226 0.23724596696275402 -0.050533525794908142 0.003166693721737618 -0.050523189683135253 0.46996774135319647 -0.032633877034122065 -0.0066301011451211124 0.91524481559356818 -0.050458557352460243 -0.044235393933357972 -0.050049874203320424 3.0742447329373817 1.3427713263369982 -0.050341219161601794 1.1060490953505135 -0.050450780733025016 -0.039478962938030326 0.33501566089478418 -0.050091898690035712 -0.050683788789961243 0.35176768876509246
leaf_weight=0.031737660290672376 19.358962704893202 9.3060951213119516 0.041496765799819868 0.12256574258208175 0.31470287317643197 16.217876586713828 0.06305267778225232 1.4185253913747149 0.13622000598115847 0.67722033115569491 0.26890578074380755 653.09267759602517 0.23381122259888876 0.18966114521026611 39.259002471517306 2.1563067108509135 0.051658348180353642 0.11757378804031748 66.749497655197047 0.071451905823778472 0.016003662371076532 0.071612821950111538 1.0883299399865787 0.043162371963262558 0.13511946209473535 4.4328600627486594 0.12762922857655212 0.35184983571525663 1.8227485890965907 0.24517782387556508
leaf_count=37 10594 3042 39 8 19 5931 6 351 80 43 54 34058 68 3 23153 1107 3 64 89469 85 20 7 1011 1 79 4457 14 367 655 18
internal_value=-0.00283664 0.000812325 -0.0136209 -0.0268201 0.000140496 0.0185331 0.0820834 0.0580076 0.451216 0.0392953 0.155454 0.00260383 -0.0351782 0.18259 -0.0279418 0.0425754 0.485207 0.0262068 -0.04002 0.00415361 0.0897239 0.647144 0.0275485 0.463864 0.22954 -0.0205215 0.143862 0.0524172 0.00538866 0.2214
internal_weight=818.213 745.094 82.272 41.9938 40.2782 20.9193 4.70138 4.38667 0.199273 4.1874 0.946126 662.822 9.72957 0.423472 41.8712 2.61221 0.0931551 2.51906 73.1193 6.36976 1.42568 0.143065 1.28262 0.194285 0.178282 4.94408 0.511217 0.479479 3.24127 0.362752
internal_count=174843 79296 42125 24392 17733 7139 1208 1189 86 1103 97 37171 3113 71 24384 1231 42 1189 95547 6078 1203 92 1111 100 80 4875 418 381 1006 82
is_linear=0
shrinkage=0.05


Tree=49
num_leaves=31
num_cat=0
split_feature=11 4 0 27 12 27 12 5 30 30 7 4 15 8 4 14 12 7 11 5 12 7 8 7 18 15 18 6 10 14
split_gain=42.2759 7.4214 6.49848 5.03989 8.07698 7.79543 8.22279 7.61235 7.75659 10.1246 11.1908 9.9709 18.9314 6.733 6.0334 5.63777 16.9114 21.6866 8.20222 5.80421 8.63644 5.93179 6.68796 6.41068 5.26519 7.54835 6.27108 6.19232 6.49331 8.24779
threshold=0.0017124101691228272 0.001695517064008554 0.0021331874782440923 2.7017402700455748 0.12281071428571522 18.686536729693991 0.085832142857143426 3.6571094989763931e-05 0.082574696829784758 0.20982895442198704 0.0012096181927479205 0.0020744198790881431 0.40909089669422855 1.3984018356877839 0.004322382477609776 55.500000000000007 0.80694642857142573 0.00052443801712103897 0.0059090813247793987 0.0051586470216062261 0.33611071428571349 0.00015875535799335711 0.88762023299329751 7.5468851199308754e-05 0.006826928417203176 0.97142854367346121 0.0049185372001231452 0.0022424516438924917 0.032719527243169032 140.50000000000003
decision_type=2 2 2 2 2 2 2 2 2 2 2 2 2 2 2 2 2 2 2 2 2 2 2 2 2 2 2 2 2 2
left_child=-1 2 -2 4 -3 -5 13 8 -6 14 11 12 -11 -7 -10 16 -8 -18 -17 21 -21 22 23 -20 25 26 -9 28 29 -26
right_child=1 3 -4 5 7 6 15 24 9 10 -12 -13 -14 -15 -16 18 17 -19 19 20 -22 -23 -24 -25 27 -27 -28 -29 -30 -31
leaf_value=-0.039712053102856443 -0.037503653542264141 -0.044997399524165628 0.074469292094414455 -0.012372188989092538 -0.027179228468697039 -0.050465328007563419 -0.0063416029975822651 0.0048173961753284304 0.0742641864008564 -0.05041829079271657 -0.013574191359876595 0.11617306050842933 0.99622402246991593 0.44029463879913716 0.32611809281865667 -0.040896620340260648 0.61073386611063851 0.058147466772465552 0.042802011497883097 0.13197799117457695 0.023726110700025643 -0.020661265024793332 -0.056024784442139763 0.24404576534082031 0.033819434347457988 -0.03424640275730461 -0.034146273092424399 -0.023248685443640508 -0.022221598712265499 0.12785692315942535
leaf_weight=70.660075801773928 18.263209666765764 8.3388322325190511 1.3947161842370395 124.04933622211684 1.8689176967018273 0.10707582929171522 1.5570601334329688 504.32156838412629 0.37809534231200792 0.078926559479441827 2.2511700064060278 1.1245830924017353 0.095457229588646442 0.20124052814207971 0.64084044517949224 7.4729673051042473 0.30101887433556829 0.43289529206231236 1.0111394417472213 2.0959225553087917 15.237270669080315 11.943915375508366 0.77863802155479778 0.65019900538027275 6.8652919358573872 13.218311002652625 10.542598459636791 3.9805096089839926 2.6271789483726016 3.5309643396176398
leaf_count=95547 11159 2874 197 11605 269 42 337 47884 49 25 146 67 19 13 7 1335 20 35 46 34 206 534 53 10 131 1707 352 50 26 64
internal_value=-0.00274951 0.000754532 -0.0295593 0.00157568 0.00384347 -0.00608028 0.0125969 0.00458192 0.058633 0.0937334 0.0538587 0.170723 0.522511 0.269858 0.232663 0.0106848 0.0869237 0.284794 0.00622799 0.0173312 0.0368159 -0.00614871 0.0648916 0.121563 0.00394353 0.00306173 0.00401956 0.031329 0.0480103 0.0657581
internal_weight=816.02 745.36 19.6579 725.702 559.863 165.839 41.7893 551.524 6.43799 4.56907 3.55014 1.29897 0.174384 0.308316 1.01894 41.481 2.29097 0.733914 39.1901 31.7171 17.3332 14.3839 2.43998 1.66134 545.086 528.082 514.864 17.0039 13.0234 10.3963
internal_count=174843 79296 11356 67940 53670 14270 2665 50796 582 313 257 111 44 55 56 2610 392 55 2218 883 240 643 109 56 50214 49943 48236 271 221 195
is_linear=0
shrinkage=0.05


Tree=50
num_leaves=31
num_cat=0
split_feature=11 12 1 4 13 11 14 10 12 18 12 30 9 13 15 12 20 0 3 1 13 1 13 13 14 28 15 13 11 27
split_gain=36.0108 7.28832 132.66 48.375 6.23167 28.0583 180.932 7.36826 8.04331 29.1297 7.55266 18.3692 79.8457 186.596 23.755 9.42339 22.2523 39.8083 19.1708 42.8751 8.68164 34.2381 6.71517 9.71479 5.69832 5.00742 10.371 6.27519 14.7627 13.0854
threshold=0.0019776665293420375 0.029685714285714381 0.0035503341150315841 0.00010522444023779399 326.50000000000006 0.0004338416283035874 67.500000000000014 0.0023185238894913845 0.98483928571428303 0.0012385389551298781 0.37974642857142987 -2.7538894939454979 0.9537572933414874 308.50000000000006 0.069491525247059469 0.40950357142857491 1.0000000180025095e-35 -0.0019666436321637555 -0.010581064956683315 -0.0016902973173170686 278.50000000000006 0.0037892945989512765 287.50000000000006 289.50000000000006 147.50000000000003 0.0088442970515243795 0.86972008932862677 316.50000000000006 0.0050554175243228182 1.7162920657802057
decision_type=2 2 2 2 2 2 2 2 2 2 2 2 2 2 2 2 2 2 2 2 2 2 2 2 2 2 2 2 2 2
left_child=1 2 3 -1 5 6 -3 10 22 -10 24 12 13 -12 -14 16 18 -18 19 -13 21 -20 -9 -24 -7 26 -2 -28 -29 -30
right_child=25 4 -4 -5 -6 7 -8 8 9 -11 11 15 14 -15 -16 -17 17 -19 20 -21 -22 -23 23 -25 -26 -27 27 28 29 -31
leaf_value=2.420739670993536 0.0014376919747467881 5.2313662309132045 3.4682912463247244 -0.050099070560896401 -0.04774564743067964 -0.046129100965171359 -0.05006197116396402 -0.050641491810407974 -0.050072390589997733 1.9763699338917844 -0.050047798300475066 -0.050042510679180398 1.2907197352341777 7.1483203090501064 -0.050074522577640973 -0.02686604629807789 -0.050044618913056282 3.3578993185592547 0.11933714361396769 3.279181264667328 -0.050036491375823312 2.1228448531480044 0.41044168547102172 0.054886331308127645 0.10885586935991338 0.0087251845871405796 -0.033771599358966627 -0.035709817346963532 0.16492640713612991 -0.020806531713491616
leaf_weight=0.020236587326507016 495.98443759250222 0.018934377527329072 0.028421711118426174 0.93850238498998806 43.30435777065577 25.388102255237758 0.11296718812081963 1.366397069650702 0.063071334094274678 0.024670812301337719 0.02557934058131639 0.027158896438777447 0.037285329308360815 0.013892062415834516 0.28976969310315326 6.3302760060178116 0.020601278403773904 0.014671498152892926 0.29089517664397024 0.015018536592833587 0.70317738346057013 0.023010757751762867 0.21529873996041704 1.7840161510976029 0.60725849447771807 193.24196973274229 34.782729734957684 6.4848309716908243 2.2718300907872622 1.6277664171066133
leaf_count=31 49443 29 31 1331 62312 34908 152 686 54 12 32 33 27 20 339 7315 24 17 230 20 991 27 41 936 40 8480 5535 1935 66 75
internal_value=-0.0016864 -0.0331839 0.101852 0.00205417 -0.0348362 -0.0198776 0.708083 -0.022456 0.0471093 0.519711 -0.0295665 0.0136141 0.359154 2.48344 0.10278 -0.0034435 0.132022 1.36747 0.090882 1.13543 0.0475658 0.266204 0.0347889 0.0931748 -0.0425086 0.00181608 -0.000651113 -0.0235885 0.01052 0.0873979
internal_weight=816.057 81.6636 0.987161 0.958739 80.6764 37.3721 0.131902 37.2402 3.45345 0.0877421 33.7867 7.79134 0.366526 0.0394714 0.327055 7.42481 1.09453 0.0352728 1.05926 0.0421774 1.01708 0.313906 3.36571 1.99931 25.9954 734.394 541.152 45.1672 10.3844 3.8996
internal_count=175172 109638 1393 1362 108245 45933 181 45752 1729 66 44023 9075 418 52 366 8657 1342 41 1301 53 1248 257 1663 977 34948 65534 57054 7611 2076 141
is_linear=0
shrinkage=0.05


Tree=51
num_leaves=31
num_cat=0
split_feature=11 13 12 1 13 13 13 18 28 12 8 4 7 28 16 14 30 14 0 4 0 12 12 28 1 14 11 11 30 5
split_gain=47.7916 7.70848 9.23468 5.89836 4.69217 13.7393 11.0267 13.0748 12.6287 9.65526 9.24954 26.6779 9.20775 13.1635 10.8796 16.906 16.4508 9.35487 10.294 9.14742 8.94103 10.2026 11.0943 17.5424 40.9069 49.0579 81.7725 13.8175 8.91221 14.73
threshold=0.0019776665293420375 298.50000000000006 0.037496428571428868 0.0035503341150315841 266.50000000000006 256.50000000000006 281.50000000000006 0.00077873694179142548 0.02007734265645586 1.4028571428571441 0.90753292386496442 0.0087185056465979936 0.0010652913317751006 -0.011341712828202047 1.0000000180025095e-35 125.50000000000001 0.43535113350964977 128.50000000000003 -0.0036440264904750159 0.013476019392037304 0.003858230351533654 0.20797142857142784 0.22767857142857248 -0.0038370669822615096 -0.00016848491418819386 73.500000000000014 0.003010231432629538 0.0024426270656998307 0.1581162300830842 0.011253668068423343
decision_type=2 2 2 2 2 2 2 2 2 2 2 2 2 2 2 2 2 2 2 2 2 2 2 2 2 2 2 2 2 2
left_child=1 2 3 -1 5 -2 7 8 9 10 11 -6 -7 17 -15 -16 -17 -14 -19 20 21 -8 23 -23 25 27 -27 -25 -24 -30
right_child=4 -3 -4 -5 6 12 19 -9 -10 -11 -12 -13 13 14 15 16 -18 18 -20 -21 -22 22 28 24 -26 26 -28 -29 29 -31
leaf_value=0.068820079263491249 0.0022421643951748365 -0.045425453411878973 -0.018095761811962083 0.35211245096388899 0.042176257975179432 -0.041318980398893673 -0.024818402074393772 -0.020323931030967607 0.10241225078478594 -0.045236125679040437 0.0093424303631177655 0.28620024471960681 0.14802658258990362 -0.030318697193137734 0.42574535751447257 -0.051173242791607121 0.30431157276467719 0.13162623927336672 -0.023578506211746966 -0.020293087468539625 -0.01690681868357171 -0.051880216243017967 0.021407460842479659 0.34349391529516954 -0.0053264446720941291 -0.050138916753519294 1.3839289852281955 0.017954818013884384 -0.0021630610714854391 0.41261987357410235
leaf_weight=0.75396237306995573 316.17175590764964 67.448823649669066 19.848207907634787 0.24294385383836925 23.045409620041031 33.325672840874176 19.668982546660118 13.671380632848011 6.0518767563626161 4.3491480704396954 22.173187045787927 1.1772344224154938 1.9838291612686578 24.083992555621084 0.31411983445286695 1.4399154545972122 0.42048959422390897 1.4930839054286478 3.7556430340046063 41.251266478793696 38.458029259229079 1.6775272537488488 94.348204239679035 0.62320439907489367 2.1130378184025167 0.16784522245870892 0.24378373264335096 0.68340554286260158 82.375547004921827 0.21460083313286205
leaf_count=257 17297 87573 21795 13 3704 6505 4975 1490 59 365 3276 26 87 2342 24 149 36 35 130 528 2160 229 11556 76 510 94 19 65 9793 4
internal_value=-0.00245436 -0.0372124 -0.0106374 0.137858 0.00171945 -0.00211135 0.00588402 0.0235743 0.0341409 0.0259988 0.0326763 0.054036 -0.0227119 -0.00419663 -0.020648 0.0864602 0.0291736 0.0555317 0.020572 0.00146071 0.00519083 0.00939551 0.013084 0.082961 0.142001 0.32318 0.799176 0.173225 0.0109084 -0.0010853
internal_weight=823.576 88.2939 20.8451 0.996906 735.282 382.989 352.294 70.4682 56.7969 50.745 46.3958 24.2226 66.8167 33.4911 26.2585 2.17452 1.86041 7.23256 5.24873 281.825 240.574 202.116 182.447 5.5088 3.83128 1.71824 0.411629 1.30661 176.938 82.5901
internal_count=175172 109638 22065 270 65534 26605 38929 8920 7430 7371 7006 3730 9308 2803 2551 209 185 252 165 30009 29481 27321 22346 993 764 254 113 141 21353 9797
is_linear=0
shrinkage=0.05


Tree=52
num_leaves=31
num_cat=0
split_feature=11 13 10 14 1 28 3 3 3 29 29 11 10 18 28 15 18 6 13 1 10 0 4 11 13 8 27 29 1 1
split_gain=44.6957 7.55799 5.32037 5.88737 5.3486 12.5656 25.1733 13.0098 14.973 12.4021 57.4984 5.23138 5.22284 5.04188 4.57304 9.43142 6.18107 10.4365 6.66599 6.68837 11.3176 19.6825 23.322 8.10072 11.9593 8.79309 13.4245 6.72245 5.97462 18.5342
threshold=0.0019776665293420375 298.50000000000006 0.0023185238894913845 102.50000000000001 0.0023126835420279605 0.0025831836791099395 0.0083154455574264725 0.00046884298579252809 0.00053297802411933503 -0.36124483936286028 -0.39998312702274158 0.0017734719623167588 0.002343029422204592 0.0014643381142107723 0.0088442970515243795 0.86972008932862677 0.0049185372001231452 0.0012860981468499958 261.50000000000006 0.0055664193215895228 0.0014369443050984624 0.00090911452306852169 0.0026104985470825595 0.004747709971756834 275.50000000000006 0.97650899614322284 1.7162920657802057 -0.44407148059485479 -0.0003968988977325893 -0.00054579506775187514
decision_type=2 2 2 2 2 2 2 2 2 2 2 2 2 2 2 2 2 2 2 2 2 2 2 2 2 2 2 2 2 2
left_child=1 2 4 11 -1 6 7 -6 -9 10 -10 -4 13 -5 15 -2 18 -18 -17 -20 21 22 -21 -22 27 -26 -27 -25 29 -16
right_child=14 -3 3 12 5 -7 -8 8 9 -11 -12 -13 -14 -15 28 16 17 -19 19 20 23 -23 -24 24 25 26 -28 -29 -30 -31
leaf_value=-0.035672041011853083 0.0011914252134196225 -0.045042664512343733 0.18911991924589994 -0.051207116509050257 -0.050210733082861538 -0.050189838520207343 1.5092707142647996 1.1314650131413311 0.1774507109372383 0.02462852130292988 1.9835590806731618 -0.050373634143865337 -0.050552616602582437 0.50076053465832737 0.025655784164214074 -0.052733247682860376 -0.0084253817213524717 0.20465165414234768 -0.041531710301208696 0.14474205877473886 -0.042906556232538126 0.012579970436947155 0.93087695143399296 0.043142256120403316 -0.050986501374651452 0.20501277976521509 -0.021250988831891662 0.315816815914927 0.0054443199700285778 0.28888328522547896
leaf_weight=13.519379152508924 498.06548725673929 64.690951325115748 0.97739186923718013 0.076417076110374071 0.85561576334293876 2.3749316274770536 0.032061793841421493 0.042259520676452555 0.42557260004105046 0.61790667049353931 0.049156379478517809 0.29739876126404852 1.2375608744914641 0.090212784300092608 16.421140215941708 16.390166547556873 2.2443838504841547 0.77246038708835829 10.618922507739628 0.24742272176081204 6.315679051098412 0.77477485314011574 0.15248717536451295 0.38681913493201137 2.9279863198753446 1.1344546307809653 1.5529256563168017 0.54380913719069202 177.43357529462082 0.6971201574197029
leaf_count=16791 49443 87573 110 35 996 2585 26 10 162 502 19 156 668 5 556 2030 112 21 3172 75 1618 306 25 9 122 23 65 33 7902 22
internal_value=-0.00237732 -0.0366442 -0.0102648 0.0554551 -0.0200915 0.0278084 0.119395 0.0970077 0.207998 0.172281 0.364466 0.133248 -0.0151689 0.247626 0.00158982 -0.000770118 -0.0229428 0.0461328 -0.0280198 -0.011591 0.0110601 0.159622 0.444498 -0.00250846 0.0364683 0.00895555 0.0742643 0.202479 0.00816589 0.0363754
internal_weight=821.966 85.2868 20.5959 2.67898 17.9169 4.3975 2.02257 1.99051 1.1349 1.09264 0.474729 1.27479 1.40419 0.16663 736.68 542.128 44.0623 3.01684 41.0454 24.6553 14.0364 1.17468 0.39991 12.8617 6.54599 5.61537 2.68738 0.930628 194.552 17.1183
internal_count=175172 109638 22065 974 21091 4300 1715 1689 693 683 181 266 708 40 65534 57054 7611 133 7478 5448 2276 406 100 1870 252 210 88 42 8480 578
is_linear=0
shrinkage=0.05


Tree=53
num_leaves=31
num_cat=0
split_feature=11 13 12 4 12 1 0 11 28 15 13 2 9 11 2 12 15 30 13 14 30 1 4 2 11 11 28 5 9 29
split_gain=42.1567 7.17346 7.17455 4.64391 4.49645 17.4535 5.69775 4.45349 4.11001 8.84461 6.73045 5.78859 10.0917 12.1729 17.639 6.63262 13.3218 8.09399 8.13185 7.52667 6.98579 6.00828 6.21341 6.53305 7.80194 11.6299 10.0027 9.78481 20.0374 18.5745
threshold=0.0019776665293420375 298.50000000000006 0.04357857142857189 0.0013285088334070367 0.96034642857143493 -0.0058111968422565044 0.0029843868819846579 0.00090579304457736383 0.0088442970515243795 0.85954747516714336 261.50000000000006 0.016637242695259683 1.9319500679625403 0.0075202974831167693 0.0022234407494944324 2.217795571428574 0.81249997460936696 0.33676354785949963 301.50000000000006 88.500000000000014 0.46923019055871962 -0.0072614623821547477 0.0092310600866750726 0.0051828820587482846 0.0084492957535426457 0.015161964132871453 0.017294215433557931 0.0021574190035085739 0.7192156544730185 -0.014877526084615953
decision_type=2 2 2 2 2 2 2 2 2 2 2 2 2 2 2 2 2 2 2 2 2 2 2 2 2 2 2 2 2 2
left_child=1 2 3 -1 -4 -6 -7 -5 9 -2 -11 12 21 -14 -15 -13 20 18 -18 -19 -17 -10 23 -23 -25 26 27 -26 -29 -30
right_child=8 -3 4 7 5 6 -8 -9 11 10 -12 15 13 14 -16 16 17 19 -20 -21 -22 22 -24 24 25 -27 -28 28 29 -31
leaf_value=-0.052952252121001214 0.0012159158562975647 -0.044645918348062343 -0.023634562779396261 0.32192844782925434 1.0640977314324727 -0.050170146874644245 0.32795274869260915 0.089312629237045138 0.1131494019313528 -0.04469601976713021 -0.00600587467359299 -0.0016746718972653022 0.0036605997186616337 0.028203403157784242 0.29866171179450568 -0.04803257514374934 0.065917800673677862 0.21613320000448746 -0.043862440017664851 0.037768698767829754 0.070670528569704502 -0.024567240604086306 -0.025141170020786131 0.01211841507829515 0.072487458586919323 0.0019664702883234993 -0.017751105229611538 -0.050922605977736547 0.45737226042286938 0.14373863416889293
leaf_weight=0.42042769317049788 494.92365028487984 62.069125568552408 18.320525399933107 0.26308440754655726 0.044867357122711837 0.42354803322814305 0.13026914186775684 0.94432395708281547 1.5181860267184664 18.77063707675552 28.019234592502471 124.740439673129 2.0223080447758539 1.1505861412733795 1.2663853866979478 5.8852807604707804 7.5491829214151931 1.4451977116987103 2.172259931685403 1.001219965983182 1.5701312385499475 6.413641359016764 9.0103760249912721 19.345989641034979 2.6191990126389992 4.3009964590892196 1.2576806468423454 0.56195594370365176 0.87917987816035759 1.0194921661168332
leaf_count=329 48896 87573 21071 22 28 480 10 125 24 2237 5921 4220 171 22 28 131 114 18 57 28 46 405 215 2494 165 175 47 45 25 50
internal_value=-0.00229921 -0.036169 -0.0105616 0.0901638 -0.0192282 0.115613 0.0387721 0.139998 0.00149524 -0.00074849 -0.0215272 0.00770513 0.0221203 0.0941761 0.169912 0.00257608 0.0295971 0.0618445 0.0413874 0.143136 -0.0230334 0.0153038 0.0120324 0.0212348 0.0310317 0.0654254 0.108492 0.139748 0.211343 0.288967
internal_weight=820.059 82.6162 20.547 1.62784 18.9192 0.598685 0.553817 1.20741 737.443 541.714 46.7899 195.73 51.366 4.43928 2.41697 144.364 19.6233 12.1679 9.72144 2.44642 7.45541 46.9267 45.4085 36.3981 29.9845 10.6385 6.33751 5.07983 2.46063 1.89867
internal_count=175172 109638 22065 476 21589 518 490 147 65534 57054 8158 8480 3866 221 50 4614 394 217 171 46 177 3645 3621 3406 3001 507 332 285 120 75
is_linear=0
shrinkage=0.05


Tree=54
num_leaves=31
num_cat=0
split_feature=11 13 12 0 3 8 15 12 14 8 0 6 15 15 7 7 10 12 10 12 11 3 1 3 1 11 14 0 0 30
split_gain=39.4949 6.98121 6.2337 4.05711 6.40474 9.79416 8.28127 12.7531 7.49176 6.29139 6.71651 6.22286 6.46453 10.2113 6.66772 8.46393 5.99249 10.0525 11.663 20.0568 34.4721 24.0493 12.5696 5.85052 6.84396 6.4978 15.3647 31.7491 6.23384 27.5905
threshold=0.0019776665293420375 298.50000000000006 0.04357857142857189 0.00036413961338555017 0.015625549904976447 0.38422209426224241 0.95035459981891313 1.3438750000000035 72.500000000000014 0.23611788952119286 0.0011375399071660299 0.00086559389214449685 0.11428571281633086 0.10714284948980282 0.00050908936662488399 0.00017421113279087212 0.002751324565694466 0.96034642857143493 0.002473713289583498 1.2398964285714265 0.0084492957535426457 0.011258236279775182 0.01425581081258598 0.0033770584596801716 0.020384370067200511 0.0019930630300058383 39.500000000000007 -0.00090499994711806797 0.00032407557476443754 -1.6938233838394077
decision_type=2 2 2 2 2 2 2 2 2 2 2 2 2 2 2 2 2 2 2 2 2 2 2 2 2 2 2 2 2 2
left_child=1 2 -1 4 23 -6 -7 8 -8 10 -5 -11 13 14 15 -13 17 -14 -19 20 21 -20 -21 25 -25 26 27 -2 -27 -30
right_child=3 -3 -4 9 5 6 7 -9 -10 11 -12 12 16 -15 -16 -17 -18 18 19 22 -22 -23 -24 24 -26 28 -28 -29 29 -31
leaf_value=0.080898128481517895 -0.050075858228508179 -0.04423526419210054 -0.018705964960329731 -0.052251796502993421 -0.041700839245371414 0.014842006154393066 0.21565509716018469 0.28617644016627691 -0.052173763363079564 -0.012717178338313798 0.086745347818952379 0.037135665703122378 0.0023853288351290171 0.17836006064702692 -0.010297131676607486 0.30116038044310078 -0.0034504320955432502 0.027111585592562767 0.35764695527832635 -0.014930856944444883 -0.05100556150792665 1.1337302482105533 0.25617196625092403 -0.016224508933714729 -0.32586281346237 0.0020554092393526729 0.092860142272678928 2.624891523970506 0.87130208504504381 0.045217446679875761
leaf_weight=1.715715624566658 0.027284845185931772 59.57640241907211 18.602888918248937 1.1368188419728529 7.6753099985071449 134.04727484320756 0.36339064023923062 0.7172483893809839 0.92758363712346181 117.58737927040784 3.6905482985894196 1.0695669187698502 20.584535953297749 1.2477174674859268 4.3742298036231659 0.42382787680253375 177.14680298336316 5.6588281545555201 0.24417035689111832 1.3206824683584271 0.27073566429316998 0.16885209572501481 0.63223484251648177 39.298244154488202 0.1792729664593925 217.09825496328995 0.67691193451173604 0.018691725854295238 0.1083584834705108 1.5040556229068884
leaf_count=476 24 87573 21589 157 634 7324 6 14 71 16446 246 44 4381 34 116 30 6497 694 30 113 20 18 10 7426 9 20721 235 17 6 211
internal_value=-0.00220999 -0.0356038 -0.0102953 0.00140421 0.00478809 0.0132518 0.0163519 0.117134 0.0232162 -0.00265619 0.0540123 -0.00348333 0.00161085 0.0484671 0.0208461 0.112066 -7.37726e-06 0.0211119 0.0675803 0.154434 0.387492 0.674926 0.0728356 8.95704e-05 -0.0176306 0.00327755 0.152936 1.03743 0.00278289 0.100733
internal_weight=818.094 79.895 20.3186 738.199 402.642 143.731 136.055 2.00822 1.29097 335.557 4.82737 330.73 213.142 7.11534 5.86762 1.49339 206.027 28.88 8.2955 2.63668 0.683758 0.413022 1.95292 258.911 39.4775 219.434 0.722889 0.0459766 218.711 1.61241
internal_count=175172 109638 22065 65534 36698 8049 7415 91 77 28836 403 28433 11987 224 190 74 11763 5266 885 191 68 48 123 28649 7435 21214 276 41 20938 217
is_linear=0
shrinkage=0.05


Tree=55
num_leaves=31
num_cat=0
split_feature=11 13 12 13 27 3 28 13 7 12 5 1 15 0 15 30 13 12 3 27 3 14 11 6 30 8 11 11 0 11
split_gain=40.3376 7.52203 5.58491 14.5884 23.681 17.174 19.0827 14.6404 26.735 6.35086 4.29529 5.9584 6.51712 5.95508 5.79032 8.97081 8.49902 8.0817 8.43983 7.33457 11.252 10.7861 6.16327 6.13002 5.35527 5.32073 5.2742 5.36501 4.83682 10.5559
threshold=0.0022021546160667731 279.50000000000006 0.37974642857142987 271.50000000000006 187212.00000000003 0.00059476120396662069 0.0020041064534009217 274.50000000000006 0.00043913095988344251 0.43778214285714567 0.011253668068423343 -0.053602568734868732 0.96428567984697189 -0.0025092644687085271 0.031080764365765141 -30.491570439839894 249.50000000000003 0.85825714285714449 0.081376803763684627 0.54788016463857192 -0.022159745911805358 147.50000000000003 0.011644705275247027 0.00022935779816514091 -0.37409455532033004 3.2394329563113566 0.0063267270256045982 0.0099730612468072119 -0.0060998626910943035 0.030425640876495984
decision_type=2 2 2 2 2 2 2 2 2 2 2 2 2 2 2 2 2 2 2 2 2 2 2 2 2 2 2 2 2 2
left_child=1 2 -1 -4 5 -5 7 8 -7 -9 11 -2 28 -14 23 -16 19 18 26 22 21 24 -17 -12 -21 -15 -18 -28 29 -13
right_child=10 -3 3 4 -6 6 -8 9 -10 -11 14 12 13 25 15 16 17 -19 -20 20 -22 -23 -24 -25 -26 -27 27 -29 -30 -31
leaf_value=-0.023557391068346312 -0.019723155918402659 -0.03929227812584047 -0.050187922780552702 -0.050265591461728987 1.4561475001859239 1.2218305181100537 -0.050110971674407367 0.30237134125467441 0.23960228707979001 -0.051167467976003571 -0.01997211589556323 -0.0035048944263098209 0.31442704302288971 -0.022334339261299709 -0.05179565035687636 0.088011171011840875 0.076375781698381662 -0.042910602775751587 0.09490165599174688 0.27953275757008317 0.031777332601900701 0.028291398090863486 -0.035754710751092961 0.074674022657478287 0.12662452482338807 0.13835232708099046 -0.066271636881918936 0.013569570373497129 0.0052096575963969027 -0.080550547187973429
leaf_weight=7.299324927851556 31.301688547246158 74.822852785116993 2.0919229696737602 0.98270225315354842 0.033174061332829186 0.11779765185201518 0.45025545405223955 0.55261903651989996 0.16819536645198241 0.16494212119141594 2.2495951745659095 50.701566138654016 0.13373222947120567 33.697977514297236 5.3683174028992644 1.3622276037931431 1.8642493654042507 8.0031139226630312 2.9703448787331572 1.194614712148905 6.9556667152792206 1.3541619181632993 3.8453376423567533 7.1427544057369232 1.0997511800378554 0.5231695810216469 3.3420049697160703 5.6801375076174736 556.08820691885194 4.8729873038828364
leaf_count=7474 567 107665 1943 782 6 33 428 50 43 114 37 1538 1 3550 76 22 39 126 22 20 86 23 58 78 20 18 36 53 50072 63
internal_value=-0.00118153 -0.033428 0.00356552 0.0469666 0.12926 0.111194 0.220333 0.341671 0.644172 0.221105 0.00264888 0.00158159 0.00261388 -0.0185764 0.0164361 0.0086741 0.0172912 -0.00290704 0.0201975 0.0452154 0.0690796 0.140194 -0.00337925 0.052005 0.20624 -0.0198778 -0.000185517 -0.0160054 0.00380406 -0.0102605
internal_weight=816.435 86.6838 11.8609 4.56161 2.46969 2.43651 1.45381 1.00355 0.285993 0.717561 729.752 677.319 646.018 34.3549 52.4323 43.0399 37.6716 21.8599 13.8567 15.8118 10.6042 3.64853 5.20757 9.39235 2.29437 34.2211 10.8864 9.02214 611.663 55.5746
internal_count=175043 118538 10873 3399 1456 1450 668 240 76 164 56505 55809 55242 3569 696 581 505 276 150 229 149 63 80 115 40 3568 128 89 51673 1601
is_linear=0
shrinkage=0.05


Tree=56
num_leaves=31
num_cat=0
split_feature=10 13 1 5 12 4 9 2 30 16 0 4 3 6 6 28 10 9 27 27 2 28 0 3 3 27 29 27 27 3
split_gain=33.2275 4.8553 4.83148 5.84281 5.51863 4.33398 9.07509 9.50058 8.83795 8.02343 7.28621 7.283 7.00559 7.45579 14.0578 25.1748 14.3264 8.69217 6.95558 15.8692 15.961 7.68191 9.87703 9.22673 11.2171 9.44196 16.9463 6.59134 10.7125 11.7533
threshold=0.0011803005546807963 375.50000000000006 0.0071492734550064893 0.0014326647564469992 0.62856785714285923 0.0070466568739997052 0.63914921619251974 0.0062541705264710376 0.65703172363226769 1.0000000180025095e-35 -0.0025092644687085271 0.0018545587896256839 0.030459955001136633 0.00019265966848657997 0.00022256356884352787 0.0078854553000986035 0.0011888235533253318 0.22894452947065913 4.6040793371623758 4.2803235775807762 0.0089032921606866395 -0.0044301331774150481 -0.0024338190582686155 -0.0023128965631669658 -0.0018779958261394001 0.59713068723965446 -0.49557333252748303 0.72358281389953671 0.34442190803281902 -0.07906595837320389
decision_type=2 2 2 2 2 2 2 2 2 2 2 2 2 2 2 2 2 2 2 2 2 2 2 2 2 2 2 2 2 2
left_child=2 5 -1 4 -4 6 7 12 18 11 -11 -8 13 -2 15 16 -15 -18 19 21 -21 -9 -23 25 -25 26 -24 28 -7 -30
right_child=1 -3 3 -5 -6 27 9 8 -10 10 -12 -13 -14 14 -16 -17 17 -19 -20 20 -22 22 23 24 -26 -27 -28 -29 29 -31
leaf_value=-0.041280159602171934 -0.016567795350132142 -0.042915079369457362 -0.050210358955722061 -0.050270084544553409 0.24738355738467999 0.0094919327809775585 -0.044713709697467317 0.19764023021680777 -0.014336481292241085 0.35326970581243755 -0.034811909270099521 -0.0022383994625343323 -0.033351989519729362 0.938461050023218 0.011784014126091209 0.9338435173223486 0.58585780954212796 0.040450158158941429 -0.016512552535031338 0.51865821947858437 0.10963967357657747 -0.051290116571162281 0.32258030596707366 0.43732535062257533 0.064497986029521476 -0.051443718983488901 -0.051824792580117844 0.011691337794924261 -0.066973891465268234 -0.00827232099080304
leaf_weight=53.117546705761924 26.141989407362416 6.0888360380195072 0.22865901223849394 0.70320558064850047 0.48880226939218119 80.900144988670945 10.552400354004929 0.79228198062629118 8.6664113790611719 0.12150278687477367 26.448967355652712 231.31177508982364 13.103447017027063 0.050461565668228014 60.743297029461246 0.10154121817322437 0.078402441577054449 1.0702356074471024 4.1952216152567408 0.34774822485633083 0.75931311893509701 2.6639135840814623 0.53031309496145695 0.20437088387553615 15.7117757645319 3.5420453999540769 0.70269098383142814 206.9295498598367 10.319793025963007 49.086328483826946
leaf_count=75186 10562 3384 152 347 38 1848 10623 38 1127 1 8875 37965 1074 8 13693 12 21 484 669 23 46 211 28 20 1947 392 67 4769 149 1284
internal_value=-0.00114633 0.00155491 -0.0388463 0.0521518 0.152539 0.00191351 -0.0015818 0.00876795 0.0300461 -0.00695671 -0.0330373 -0.00409157 0.000760814 0.0058296 0.0152667 0.177915 0.113902 0.077678 0.0431069 0.0530108 0.23812 0.0445243 0.0393301 0.0509971 0.0692853 -0.00996099 0.109206 0.00601887 -0.00234712 -0.0184697
internal_weight=815.703 761.165 54.5382 1.42067 0.717461 755.076 407.84 139.405 38.1161 268.435 26.5705 241.864 101.289 88.1859 62.0439 1.30064 1.1991 1.14864 29.4497 25.2545 1.10706 24.1474 23.3551 20.6912 15.9161 4.77505 1.233 347.236 140.306 59.4061
internal_count=175043 99320 75723 537 190 95936 87886 30422 4568 57464 8876 48588 25854 24780 14218 525 513 505 3441 2772 69 2703 2665 2454 1967 487 95 8050 3281 1433
is_linear=0
shrinkage=0.05


Tree=57
num_leaves=31
num_cat=0
split_feature=11 13 10 29 1 8 1 5 3 11 3 12 13 13 13 10 9 29 8 1 14 7 4 10 29 11 1 11 12 11
split_gain=35.8746 6.62353 4.02677 4.74076 5.0968 4.92094 4.35249 4.87733 3.73648 7.29661 6.93334 6.06401 5.00657 4.53353 3.63288 3.62111 6.19314 19.381 10.4128 7.04502 11.8297 12.5917 10.0608 17.9368 6.49282 9.62965 8.93119 9.21269 11.6634 9.0575
threshold=0.0017124101691228272 279.50000000000006 0.0011389193638743787 -0.82807669415227048 0.01049100973918793 0.58685680137838958 0.0071492734550064893 0.0014326647564469992 0.0021070212914314772 0.0014742974932022642 0.0025313480086724964 0.38765357142857132 273.50000000000006 242.50000000000003 375.50000000000006 0.0015518687819940432 2.2369787762364335 0.4072921537106034 1.3049361715914143 -0.0045897443176072241 99.500000000000014 0.00066248418345181816 0.0019517715607530164 0.001508280688023309 -1.0000000180025095e-35 0.0017245622221942489 0.016589943076366191 0.0036379885944268827 3.0009142857142863 0.0031050800981234899
decision_type=2 2 2 2 2 2 2 2 2 2 2 2 2 2 2 2 2 2 2 2 2 2 2 2 2 2 2 2 2 2
left_child=1 8 6 4 -4 -6 -2 -8 13 -10 -11 -12 -13 -1 15 16 19 -18 -19 20 -5 22 23 -22 26 -26 27 28 29 -21
right_child=2 -3 3 14 5 -7 7 -9 9 10 11 12 -14 -15 -16 -17 17 18 -20 24 21 -23 -24 -25 25 -27 -28 -29 -30 -31
leaf_value=0.094698205564199833 -0.036752798119295708 -0.044232964033605375 -0.043872914840968849 -0.050998759145765252 -0.016447673934329492 0.14575218996871675 0.1450055349521841 -0.050281719424321247 -0.050201303222332794 0.36627470592197042 -0.050251168374168799 -0.050424737788330593 0.22022432945809012 -0.050252208465795971 -0.040789820642252193 0.0024289410821432904 0.50819657415954467 0.53742183060035886 -0.050742731620644965 0.020497172539476104 0.22968193465264528 0.014847251147422441 0.13239179701220957 1.0052327419010993 0.45075907369406987 -0.044622358313502093 0.53435930287733491 -0.038571878320176924 0.72550593647786454 0.16452837795431469
leaf_weight=0.65798164741136078 11.004880431428317 53.228545172314625 9.8416324027348292 1.7122480385587611 1.2636858458863565 0.74228940659668285 0.73425292130559572 0.56632291624555364 1.0753156976425091 0.23769633180927474 0.58565402880776651 0.22514950524782762 0.70877075794851407 2.9940326691139489 4.745228610263438 700.56235408294015 0.26720286870840826 0.084543041710276157 0.68463557882932946 5.4092897865339218 0.35140263522043858 2.1899984438787214 2.067700446175877 0.094629142549820244 0.099532503169025399 6.8185243870248087 0.085148572921753707 4.1399381966330111 0.064424751792102941 1.3674671202898023
leaf_count=37 8101 89743 1516 627 56 28 128 233 1279 66 595 184 96 3799 1259 57729 30 7 281 3668 79 309 260 20 58 3658 3 978 15 201
internal_value=-0.00111305 -0.0384206 0.00183801 0.0023081 -0.0290671 0.0435726 -0.0265301 0.0599696 0.00928947 0.0523852 0.11516 0.0758802 0.154976 -0.0241366 0.00281679 0.00310181 0.0216335 0.141344 0.0139044 0.0165489 0.0615299 0.102493 0.17885 0.394221 0.000501777 -0.0374951 0.0242555 0.0203001 0.0559264 0.0495609
internal_weight=814.61 59.7131 754.897 742.592 11.8476 2.00598 12.3055 1.30058 6.4846 2.83259 1.75727 1.51957 0.93392 3.65201 730.744 725.999 25.4367 1.03638 0.769179 24.4003 6.41598 4.70373 2.51373 0.446032 17.9843 6.91806 11.0663 10.9811 6.84118 6.77676
internal_count=175043 95799 79244 70782 1600 84 8462 361 6056 2220 941 875 280 3836 69182 67923 10194 318 288 9876 1295 668 359 99 8581 3716 4865 4862 3884 3869
is_linear=0
shrinkage=0.05


Tree=58
num_leaves=31
num_cat=0
split_feature=11 14 10 29 28 1 15 4 29 14 27 27 9 29 12 27 9 9 9 12 18 8 27 28 29 11 3 18 4 27
split_gain=33.6599 6.3174 3.73253 4.38701 4.86029 3.95451 3.75913 4.14674 3.62778 3.39391 3.38326 3.36818 6.84846 8.73133 7.38722 6.63332 13.1805 6.71149 7.78566 11.3258 11.0681 10.3683 8.85261 8.16937 14.8341 14.1271 19.0577 12.1242 9.71981 8.54059
threshold=0.0017124101691228272 110.50000000000001 0.0011389193638743787 -0.82807669415227048 -0.017035124737992836 0.0071492734550064893 0.89705881033735013 0.0027931652560004971 -0.87757718264184825 14.500000000000002 37677.000000000007 3.5555255052258019 2.1744258453352967 2.7738957906562987 0.087275535714286145 1.8473863436837143 4.3560318700318597 3.1758196985944545 1.6534291027113126 0.4480107142857202 0.0084459758031000271 0.56234337760626218 1.9206455804676175 0.0092322510585039538 -0.18799598922890023 0.0027723862078079978 0.035035741459217958 0.0021724995432412329 0.011784742572644669 2.4184796911424229
decision_type=2 2 2 2 2 2 2 2 2 2 2 2 2 2 2 2 2 2 2 2 2 2 2 2 2 2 2 2 2 2
left_child=1 -1 5 4 -4 8 7 -7 -2 -5 -6 15 13 -13 -14 -11 17 18 20 21 23 -20 -23 24 -17 26 27 -25 29 -27
right_child=2 -3 3 9 10 6 -8 -9 -10 11 -12 12 14 -15 -16 16 -18 -19 19 -21 -22 22 -24 25 -26 28 -28 -29 -30 -31
leaf_value=-0.043836816190037382 0.15824169018044032 0.0085695880219153735 0.068671337818838066 -0.040323965302399151 -0.043807128966485663 0.266518761311409 -0.050231822192481804 0.034946548340078487 -0.040631625949414121 0.0022302202661739694 0.13994242104858076 -0.0055441557449727608 0.25205898507032914 -0.050052893510330647 0.011371882318467098 0.023100930801522476 0.13260898108666483 -0.045188481671065234 0.47381840071908976 0.022320126527932568 0.33698530074446709 0.32574015683009011 0.07580027718796839 0.028520144335603417 -0.034674917605102926 0.070778013600994616 0.83462477153449388 0.49693667975591177 -0.043286264137112444 0.0046254636579041667
leaf_weight=51.078690891125007 0.23449391560279664 6.4800957889528936 1.1595664964988817 4.5646418690739656 10.123566368041789 0.30729861964937188 0.5243738331773784 0.5212009375100024 10.378758602921151 500.47212875381229 0.25686483480967659 80.88436545082368 0.32145795045653258 12.756477415736297 38.527654006000375 22.874859779432878 2.3886488983407608 4.6052506527630603 0.18976483400911348 13.59232476109173 0.25639988109469314 0.38663139048730943 4.2332389296789188 0.58888039592420938 21.600932194618512 10.080887313466524 0.11268870532512665 0.1804821640253067 4.4278276842087498 9.45532293547876
leaf_count=89743 87 6056 29 1259 1553 21 258 82 8014 47844 18 8508 21 703 1170 3353 54 150 5 582 6 25 409 178 3917 439 5 16 62 476
internal_value=-0.00107834 -0.0379368 0.00172789 0.00217343 -0.028415 -0.0259754 0.0545319 0.120839 -0.0362376 0.00265533 -0.0392602 0.00292483 -0.00428543 -0.0116075 0.0133635 0.00452916 0.0166435 0.0136517 0.0167316 0.0456538 0.00908236 0.111596 0.0967174 0.00786955 -0.00495955 0.0308343 0.227352 0.138404 0.023601 0.0387609
internal_weight=813.566 57.5588 756.007 744.041 11.54 11.9661 1.35287 0.8285 10.6133 732.501 10.3804 727.936 132.49 93.6408 38.8491 595.446 94.9741 92.5855 87.9802 18.402 69.5783 4.80964 4.61987 69.3219 44.4758 24.8461 0.882051 0.769363 23.964 19.5362
internal_count=175043 95799 79244 70782 1600 8462 361 103 8101 69182 1571 67923 10402 9211 1191 57521 9677 9623 9473 1021 8452 439 434 8446 7270 1176 199 194 977 915
is_linear=0
shrinkage=0.05


Tree=59
num_leaves=31
num_cat=0
split_feature=4 28 12 4 13 4 12 12 13 5 15 3 9 9 12 6 30 6 14 9 3 9 3 12 13 15 15 4 13 12
split_gain=24.6382 7.88826 8.0816 8.16414 6.23174 5.407 4.7716 7.2278 4.78609 3.84838 7.40681 5.39163 7.93388 6.28247 5.18468 9.24875 8.61177 7.16514 5.8061 6.90773 5.64804 7.60641 6.39513 10.7496 13.8276 7.2849 6.84341 5.15894 6.39771 7.34247
threshold=0.0017726555933195796 0.008504295162823694 0.10620714285714226 0.00071183062528184539 242.50000000000003 0.0011625168788611979 0.037496428571428868 0.1308785714285727 298.50000000000006 0.011253668068423343 0.96428567984697189 0.10966378511163423 2.4660166641978174 5.5530043370351772 1.1941999999999993 0.00056657223796032798 -0.29282433303199357 3.9693565735607382e-05 142.50000000000003 3.4318830277194023 0.081376803763684627 2.0639455755158078 -0.013196118668288069 0.55320714285714512 273.50000000000006 0.43220338433639954 0.14814814266122769 0.013476019392037304 245.50000000000003 0.91647857142857203
decision_type=2 2 2 2 2 2 2 2 2 2 2 2 2 2 2 2 2 2 2 2 2 2 2 2 2 2 2 2 2 2
left_child=1 4 -3 -4 5 -1 8 -8 -2 10 27 13 -13 -12 20 16 17 -16 -17 -20 22 -22 23 -11 25 26 -25 -9 29 -29
right_child=6 2 3 -5 -6 -7 7 9 -10 14 11 12 -14 -15 15 18 -18 -19 19 -21 21 -23 -24 24 -26 -27 -28 28 -30 -31
leaf_value=-0.053773456613319094 0.16534507327254735 0.52291840103181519 0.12064678276357199 -0.050755877555608099 -0.038549738300394563 0.17775515150418203 -0.031102661361236156 0.0035510567851603893 -0.050400918997141234 -0.009161428370290799 -0.031777785196004264 0.11202894671680562 -0.055483560019394688 0.095267235871530687 0.016250683670726768 -0.077945855230803218 -0.022151858767128729 0.16475910568851621 0.039153492699988274 -0.073656489802655878 0.13427678119965084 0.0081259774883041137 -0.0065189724470395768 0.11883020536514728 -0.008915349785333735 0.20804149334350816 -0.014063284381732648 0.042217006297028313 -0.024557229955745271 -0.018406039674333973
leaf_weight=0.42220644024200626 0.85146155068650731 0.087139251030748155 1.3728883510921153 1.4064315149735191 55.18372898089001 0.62612362252548337 16.891870201798156 590.94209134005359 0.36823121964698657 6.9970687571913066 30.399235080694783 1.7228842144832008 1.1986212152987716 1.0052743063715741 1.5108144301921131 4.7116994839161617 2.9129005484282997 1.7564471140503881 3.6153669953346252 2.1723948325961828 2.5855979807674876 2.2216465640813112 14.584666286595164 3.7726011294871551 3.508085997775197 1.5667990762740371 1.3034322671592233 9.561308510834353 36.899816005723551 10.45749325212091
leaf_count=30 44 26 68 393 82076 21 10558 74222 374 81 5733 33 19 34 24 68 43 24 49 33 19 29 192 41 38 30 20 124 467 130
internal_value=-0.00104344 -0.0321312 0.0487768 0.0339111 -0.0362556 0.0845089 0.00139478 0.00123458 0.10021 0.00197734 0.000967094 -0.021667 0.0433027 -0.027711 0.0149271 -0.00817152 0.0403576 0.0960873 -0.0367366 -0.00318892 0.0254711 0.0759768 0.0178199 0.0385205 0.0713878 0.113796 0.0847056 0.00216633 -0.0122102 0.0105485
internal_weight=812.616 59.0985 2.86646 2.77932 56.2321 1.04833 753.518 752.298 1.21969 735.406 682.187 34.326 2.92151 31.4045 53.2195 16.6796 6.18016 3.26726 10.4995 5.78776 36.5399 4.80724 31.7327 17.148 10.1509 6.64283 5.07603 647.861 56.9186 20.0188
internal_count=175043 82614 487 461 82127 51 92429 92011 418 81453 80762 5819 52 5767 691 241 91 48 150 82 450 48 402 210 129 91 61 74943 721 254
is_linear=0
shrinkage=0.05


Tree=60
num_leaves=31
num_cat=0
split_feature=11 13 12 1 29 27 8 5 5 29 12 13 5 27 14 29 29 4 5 28 2 13 28 8 28 13 9 27 12 12
split_gain=31.1529 6.35462 7.76841 6.25728 12.2505 8.065 10.941 10.848 10.0356 8.46853 14.081 10.7314 10.7415 8.20117 7.86755 11.5247 11.0723 7.80396 6.01163 5.83233 8.23382 7.44479 8.19385 18.2751 8.78099 6.61567 6.5826 19.1825 6.48497 9.96593
threshold=0.0019776665293420375 302.50000000000006 0.037496428571428868 0.012594265451581712 2.5091164812683808 2.4184796911424229 0.71669474560037072 0.0019653715838577365 0.0016568483063328923 -0.41091916026724135 0.74793928571428803 241.50000000000003 0.0032148368004621952 67.356362417371272 125.50000000000001 0.51365755791985301 0.044211055712862664 0.0056813933938708412 0.0060814597376057091 -0.0037495501877635442 0.0048528466760972009 308.50000000000006 0.0012890070783735583 0.50038007027441656 0.0010378307262493816 242.50000000000003 0.14267815916084894 0.51974758619648964 0.27168571428571459 0.64895714285714201
decision_type=2 2 2 2 2 2 2 2 2 2 2 2 2 2 2 2 2 2 2 2 2 2 2 2 2 2 2 2 2 2
left_child=1 2 -1 19 5 6 7 8 17 10 -8 -11 -13 -7 15 16 -14 -5 -17 28 25 26 23 -23 -25 -21 27 -22 -2 -30
right_child=3 -3 -4 4 -6 13 9 -9 -10 11 -12 12 14 -15 -16 18 -18 -19 -20 20 21 22 -24 24 -26 -27 -28 -29 29 -31
leaf_value=0.099453174085440119 -0.01649662952137965 -0.044218402414343515 -0.019288659845023218 -0.0092104134003409034 -0.0042411606858729451 0.0014529855922170984 0.030084267735697445 -0.039335065855291396 0.29152861848058509 0.20096984933145598 0.25874377563801426 -0.02067973149506229 0.082223841904232653 0.045162640860733211 0.019558736116034845 0.11098383684880603 0.2776012242330983 0.13843784598455397 -0.056117114836363481 0.041014700447466544 0.67737858030515719 0.38364592505484518 0.012300445677277972 0.020503381723804351 0.24657544905947765 -0.016515185137147 -0.0052979146801487888 -0.050559692710426964 0.018900755616389361 -0.0010285534237445902
leaf_weight=1.4878435987338914 32.36122456076555 45.903670229570707 18.5584607476776 2.7165321167558449 71.995047710661311 40.731029561778996 1.2642236319370597 5.8503854088485241 0.43739607324823726 1.164089118130504 1.4403589745052157 4.4482327291043466 1.4433817034587249 14.570437169051727 3.7249299705727026 1.079780175816268 1.4573055105865931 1.3346401192247865 1.0731906928122041 5.1932474398054174 0.13716427434701373 0.45640492136590083 43.603035212843679 3.388129284488969 0.49188436422264192 132.37342636979884 115.88517880236031 0.26602812163764611 107.27094187907642 151.07543729781173
leaf_count=337 4055 84369 24716 179 2037 1290 31 240 27 37 35 154 26 508 108 16 25 22 24 149 16 29 4696 248 32 25495 11714 54 6999 7183
internal_value=-0.0010202 -0.0339619 -0.0104756 0.0018872 0.0108407 0.0239645 0.0461284 0.00552595 0.0639976 0.0706838 0.15186 0.0554279 0.0426188 0.0129693 0.074693 0.115331 0.180381 0.0394316 0.0276891 -0.000450984 -0.00531975 0.00223897 0.0188194 0.0843675 0.0491634 -0.0143434 -0.00459623 0.197082 0.00460346 0.00724652
internal_weight=813.183 65.95 20.0463 747.233 154.731 82.7359 27.4344 10.339 4.48857 17.0955 2.70458 14.3909 13.2268 55.3015 8.77859 5.05366 2.90069 4.05117 2.15297 592.502 301.794 164.228 47.9395 4.33642 3.88001 137.567 116.288 0.403192 290.708 258.346
internal_count=174851 109422 25053 65429 4759 2722 924 468 228 456 66 390 353 1798 199 91 51 201 40 60670 42433 16789 5005 309 280 25644 11784 70 18237 14182
is_linear=0
shrinkage=0.05


Tree=61
num_leaves=31
num_cat=0
split_feature=11 13 12 11 5 5 8 0 0 7 27 30 10 0 8 11 30 15 17 12 10 27 11 5 9 30 9 10 12 8
split_gain=29.0481 6.20707 6.8541 5.26041 6.67965 13.8241 23.0835 8.10802 7.20031 34.8895 6.77245 5.93166 8.22867 10.9803 9.55936 8.15897 6.15964 13.4285 7.15631 6.14823 5.85397 14.2861 5.82432 6.66492 11.4005 77.7852 14.1371 5.68076 5.77824 17.6889
threshold=0.0019776665293420375 302.50000000000006 0.04357857142857189 0.003010231432629538 0.0004643631809051585 0.00043782837127842513 0.36552676550800794 0.00015446109420746981 0.00019290124174586867 0.0018937978456118863 0.80089721069357622 -1.4252419300311423 0.002394861808745269 -0.0060998626910943035 1.0730360558072289 0.0028828354998393802 0.64255706218864184 0.52965033153026242 1.0000000180025095e-35 0.55320714285714512 0.00068166314339117089 0.95502542576486193 0.0026397076300308697 0.00026512306180524758 0.93706633533691941 0.2497685286640848 0.94259215450552514 0.002473713289583498 1.2398964285714265 1.2334843122298942
decision_type=2 2 2 2 2 2 2 2 2 2 2 2 2 2 2 2 2 2 2 2 2 2 2 2 2 2 2 2 2 2
left_child=1 2 -1 4 5 7 -7 -2 9 -9 11 12 13 -6 -15 -16 18 -18 -13 -19 21 -12 23 -10 -25 26 -26 28 -20 -30
right_child=3 -3 -4 -5 10 6 -8 8 22 -11 20 16 -14 14 15 -17 17 19 27 -21 -22 -23 -24 24 25 -27 -28 -29 29 -31
leaf_value=0.075160001999874645 -0.028959961206628949 -0.043808142663012806 -0.02025489676061043 0.0030830795444888224 0.77050795015039142 0.90692039417079617 0.11850639203118135 -0.05010122087122304 0.0096214372517254513 1.1742323944792961 0.9139133653027085 -0.043361841298173665 -0.012641269487591967 0.20169798002784264 -0.050641356102731877 0.22004134202485029 -0.050452220865088375 -0.050151092666607881 0.046935155478953057 0.225365867525678 -0.040793702015913348 0.04205685707482798 -0.050615247582718619 0.081453588055881765 0.83840013883067577 2.5137204000303406 -0.050163120730838007 -0.050364847529082928 -0.050193731053412231 1.3054415939460577
leaf_weight=2.1063627147523247 6.6155848166090401 44.063624548143707 17.683308372768806 681.39507718762616 0.060681253671646451 0.10408937797183249 0.85900076560210437 0.20252172643085931 1.6021060393541122 0.081647005281411111 0.051742161507720819 13.712874296470551 3.1714288737275638 1.1268763964180863 1.2203079968458039 0.36067045584786672 1.4062948930077248 0.25073808594606806 3.8032153686508532 1.052181077247951 25.796447245345917 0.51108407677384093 1.216571567696519 1.0734267073567023 0.05608703551115457 0.039003513869829476 0.22171661525499076 1.7946479254169387 0.069229017593897768 0.036883677938021719
leaf_count=592 3362 84369 24461 37250 1 13 276 147 859 24 6 5886 418 112 490 34 554 143 1165 69 12869 192 375 464 2 22 153 497 31 15
internal_value=-0.000990596 -0.0333609 -0.0100992 0.00177311 -0.0116502 0.021998 0.203717 0.00624343 0.0580767 0.301673 -0.0191135 -0.00202044 0.0423433 0.105329 0.0904233 0.0111098 -0.0139303 0.0566955 -0.0237847 0.172344 -0.0373132 0.122209 0.0416301 0.0791335 0.159239 0.422798 0.129233 0.0232806 0.0570889 0.421011
internal_weight=811.745 63.8533 19.7897 747.892 66.4971 12.0718 0.96309 11.1087 4.49308 0.284169 54.4253 28.066 5.93996 2.76854 2.70785 1.58098 22.1261 2.70921 19.4169 1.30292 26.3593 0.562826 4.20891 2.99234 1.39023 0.316807 0.277804 5.70398 3.90933 0.106113
internal_count=174851 109422 25053 65429 28179 5697 289 5408 2046 171 22482 9415 1055 637 636 524 8360 766 7594 212 13067 198 1875 1500 641 177 155 1708 1211 46
is_linear=0
shrinkage=0.05


Tree=62
num_leaves=31
num_cat=0
split_feature=11 1 29 15 11 27 8 5 5 11 28 27 11 27 6 10 5 10 28 29 12 8 13 13 28 0 7 7 11 10
split_gain=27.1259 5.29097 10.7709 8.59979 9.69136 6.70372 8.95165 9.52924 8.94633 7.49796 11.4318 7.65907 7.15965 7.81591 9.61014 7.05997 6.92301 10.4859 10.9196 10.2538 6.90064 7.58315 8.33664 9.587 11.6562 17.8882 9.89655 6.52602 6.12882 5.69159
threshold=0.0022021546160667731 0.012594265451581712 2.5091164812683808 0.95744680002264826 0.023310232750711899 2.4184796911424229 0.71669474560037072 0.0019653715838577365 0.0016976194152444732 0.017697895485238996 -0.0099935509699414816 80552.500000000015 0.0055628798134382904 334527.00000000006 0.0011347991565167726 0.023407117095622848 0.00094751927622822158 0.0056807691413534511 0.017294215433557931 -0.38403537184997272 0.29750000000000026 0.7743092394561637 241.50000000000003 307.50000000000006 0.0088442970515243795 -0.0005307086189355047 0.0010652913317751006 0.0038702528084811677 0.0049070348826344744 0.0031839523916581038
decision_type=2 2 2 2 2 2 2 2 2 2 2 2 2 2 2 2 2 2 2 2 2 2 2 2 2 2 2 2 2 2
left_child=-1 3 5 -2 -5 6 7 8 27 10 -7 15 -13 14 -14 16 17 18 19 -12 -8 -22 -23 24 25 -24 -27 -3 -26 -15
right_child=1 2 -4 4 -6 9 20 -9 -10 -11 11 12 13 29 -16 -17 -18 -19 -20 -21 21 22 23 -25 28 26 -28 -29 -30 -31
leaf_value=-0.030358204633202247 0.00072952043563324171 0.001880898251355596 -0.0041773673200419872 -0.045500013140337081 0.10169052656149813 0.2203714002933925 -0.020429286759504162 -0.038693869066588338 0.26296223675105707 -0.02112007372625016 0.24037246225990894 -0.024350667514439789 0.017351692203399421 -0.020369285627756986 0.24520885914898882 0.13715711866041377 -0.0063511187806182604 -0.0042511393294542487 0.30958759127730939 -0.051404217741710494 0.17412581613843398 0.18770745764435073 -0.052379665003708713 0.12622257721268137 0.079893967027994769 0.34023605820107417 0.10758453586987604 0.15279161880478817 -0.035394487462602091 0.08827336309114947
leaf_weight=71.660143000364769 566.01493788167136 3.3235327242873627 71.915506948542316 15.966113491042053 1.2025474063120771 0.71564896544441481 2.1678309900453341 5.6722274369094521 0.47630146052688349 13.019735263194887 0.49086431716568735 2.0255374193657172 0.71306456578895483 1.8671615257626397 1.3182074408978222 1.01675105979666 27.107460189959966 2.6907138037495315 0.68070489959791292 0.77892331511248181 1.7102523245848704 1.2180842449888576 1.0983833405189218 3.1828193711116901 1.4754119669087229 0.76408150838687827 1.1377327842637894 0.91323660127818573 5.271655194927007 3.4019681429490447
leaf_count=118369 48686 194 2032 3049 20 17 79 239 22 306 13 172 34 56 34 23 912 92 17 68 37 29 35 46 36 31 22 11 138 32
internal_value=-0.00098611 0.00186077 0.0100349 -0.000327943 -0.0351903 0.0221682 0.04194 0.00496423 0.0575072 0.0121058 0.0222115 0.0188423 0.0588205 0.0818968 0.165221 0.0074634 0.00330996 0.0597365 0.148008 0.0613885 0.0632425 0.0746804 0.0626593 0.050879 0.0262768 0.108272 0.201056 0.0344097 -0.0101838 0.0497749
internal_weight=810.998 739.337 156.154 583.184 17.1687 84.2383 28.4115 10.3853 4.71307 55.8267 42.807 42.0914 9.32594 7.3004 2.03127 32.7654 31.7487 4.64121 1.95049 1.26979 18.0263 15.8584 14.1482 12.9301 9.74726 3.0002 1.90181 4.23677 6.74707 5.26913
internal_count=174851 56482 4727 51755 3069 2695 919 466 227 1776 1470 1453 328 156 68 1125 1102 190 98 81 453 374 337 308 262 88 53 205 174 88
is_linear=0
shrinkage=0.05


Tree=63
num_leaves=31
num_cat=0
split_feature=11 13 1 29 15 11 27 8 5 9 29 5 11 13 11 6 27 1 23 8 27 7 13 5 29 7 8 29 13 30
split_gain=25.2812 6.23046 4.88 9.41893 8.44797 8.75778 5.67514 7.44699 8.41296 6.98544 12.7662 13.071 6.66667 6.53017 6.44588 7.43749 7.48291 8.22808 5.85976 7.39927 5.66319 6.65033 13.6893 7.24139 7.04677 5.87633 5.46816 5.43637 5.30786 7.49155
threshold=0.0019776665293420375 302.50000000000006 0.012594265451581712 2.5091164812683808 0.95744680002264826 0.023310232750711899 2.4184796911424229 0.71669474560037072 0.0019653715838577365 0.83493598417908443 1.0009709073648669 0.0016763613431005082 0.017697895485238996 313.50000000000006 0.014028839396524972 0.0011642132832179815 3.4022050437106244 0.020384370067200511 1.0000000180025095e-35 1.1551994357637674 2.256642334667474 0.0024681899650493473 243.50000000000003 0.0026216699013492752 1.1570084291130454 8.9813637206869493e-05 0.87625977374169295 0.15813032683995001 308.50000000000006 0.27721901034968605
decision_type=2 2 2 2 2 2 2 2 2 2 2 2 2 2 2 2 2 2 2 2 2 2 2 2 2 2 2 2 2 2
left_child=1 -1 4 6 -2 -6 7 8 9 10 11 13 14 -4 18 -16 -17 -18 -8 -20 21 23 -23 -9 25 -25 -27 -28 29 -24
right_child=2 -3 3 -5 5 -7 12 20 -10 -11 -12 -13 -14 -15 15 16 17 -19 19 -21 -22 22 28 24 -26 26 27 -29 -30 -31
leaf_value=-0.0084682832047133696 0.0004989496596120715 -0.043081999765811875 -0.0427026706625349 -0.003986298654618632 -0.045330296867133545 0.090715857524547569 0.004404064727047294 -0.052219672449564214 -0.038005656229025297 -0.024355575038983932 0.31997890574903143 0.30775122235214536 -0.020424744263816009 0.17738582455171259 -0.016787411858019807 -0.0027202847803326873 0.092538035286898954 0.29143013651184452 0.026804283700958539 0.14373722763375155 0.14464741901464112 0.24635654480156274 -0.053070011065944035 -0.024014470576325213 -0.054640876116884597 0.15149633126447754 -0.020509262419217744 0.099272402182637318 0.14192758202972566 0.096079831912838976
leaf_weight=19.006848391989479 575.28822980410769 41.140726544137578 1.6953567634336679 71.690377472492401 15.824419136362851 1.2785104978829611 31.14661401102785 2.3272052451502594 5.4948372326325625 1.8654164724284781 0.53615102497860778 0.41562468372285355 12.795630834996699 0.42065564915537823 1.4227864169515658 0.86443561129272017 1.3151245894841852 0.86007292754948128 6.0839059915742828 1.7397272266680373 1.6862274883314956 1.1541892706882197 1.6908824974671008 1.4672844284214059 1.4427936458960173 2.1564151855418459 1.5508738467469814 2.4337980028940365 1.2475651139393447 1.6768194045871494
leaf_count=25053 56911 84369 98 2037 3739 20 1132 110 240 94 19 12 306 5 59 16 36 18 184 47 37 16 42 42 44 39 43 43 17 23
internal_value=-0.000955129 -0.0321439 0.00154754 0.00937963 -0.000530569 -0.0351603 0.020588 0.0384457 0.00454735 0.0519449 0.0983406 0.051402 0.0112946 0.00105013 0.0206394 0.0775619 0.121725 0.17118 0.0141213 0.0528065 0.0572145 0.0486168 0.0923448 0.0264443 0.0466701 0.065882 0.0873609 0.0526522 0.0538294 0.0211935
internal_weight=809.72 60.1476 749.572 157.181 592.391 17.1029 85.4904 29.2621 10.428 4.9332 3.06779 2.53164 56.2283 2.11601 43.4327 4.46242 3.03963 2.1752 38.9702 7.82363 18.8341 17.1478 5.76946 11.3784 9.05117 7.60837 6.14109 3.98467 4.61527 3.3677
internal_count=174851 109422 65429 4759 60670 3759 2722 924 468 228 134 115 1798 103 1492 129 70 54 1363 231 456 419 98 321 211 167 125 86 82 65
is_linear=0
shrinkage=0.05


Tree=64
num_leaves=31
num_cat=0
split_feature=11 13 12 30 10 15 15 7 7 28 28 11 30 12 15 11 29 1 29 8 29 30 12 8 27 1 1 18 12 29
split_gain=23.5134 6.08916 6.20325 5.34744 7.5602 5.90102 36.8776 7.71938 6.51632 4.81932 5.53381 4.73455 5.41917 12.389 8.24158 7.88554 6.97356 7.43596 7.09668 6.86091 5.4966 6.58197 5.25856 5.28086 4.92575 4.89993 4.80982 5.91332 4.6741 4.55196
threshold=0.0019776665293420375 302.50000000000006 0.04357857142857189 0.036094127081556467 0.001239486087791226 0.46032276481804829 0.46484897231890848 0.00035608678432253306 0.00028739761459984384 0.0020041064534009217 -3.3189202751223258e-05 0.003010231432629538 0.57574285284793547 0.55320714285714512 0.33333333068782328 0.0019930630300058383 1.4391757176459496 -0.0011370455777112152 1.489513656338773 0.70506967178116964 -0.779080482651895 0.75912547836523003 0.38368928571428695 1.1929683771029411 807036.50000000012 -0.0084157383748637554 -0.013893460810481094 0.00028422500487784572 0.96034642857143493 -0.66338233978775796
decision_type=2 2 2 2 2 2 2 2 2 2 2 2 2 2 2 2 2 2 2 2 2 2 2 2 2 2 2 2 2 2
left_child=1 2 -1 -4 -5 28 -7 8 9 10 -8 12 16 15 -15 -14 26 18 -18 20 -16 -22 -20 25 -19 -24 27 -2 -6 -13
right_child=11 -3 3 4 5 6 7 -9 -10 -11 -12 29 13 14 19 -17 17 24 22 -21 21 -23 23 -25 -26 -27 -28 -29 -30 -31
leaf_value=0.071829247102595278 -0.051837755069861935 -0.042637438948314337 -0.05010656279723328 -0.050054623608272168 -0.050263997306601464 2.0342092921166555 -0.050560895491712693 -0.050272665940193785 0.28938375718667397 -0.050321560159875225 0.16850968739596089 -0.012706948162121923 0.17212036363931685 -0.050506716900103603 -0.050387034275791248 -0.050318518061065923 0.29259126279983011 -0.050369656101481232 -0.027634269841329273 -0.050264348606711078 0.14313886917501503 0.43757819868490117 0.050836891734821636 0.010739295572822849 0.21800818096369579 0.19209994143334388 -0.029124953710800389 0.14146211331748329 0.21176587926612786 0.0037647987410101315
leaf_weight=2.1502089040295713 0.69174780335742869 39.532101187069202 7.4038007244817008 3.5883729831257352 1.8391467333713083 0.023988605971681287 0.37044574940228026 1.0100423834810497 0.43377807829529036 0.55357581781572651 1.29946432786528 44.88602745521348 0.43572495100670305 0.95070992090040807 0.3338704944471832 4.6547202792135067 0.28878255159361277 3.5738389180041836 2.027047281851992 0.54324091429589305 2.7013290697359489 0.20414742297725741 1.2748401259304958 2.0888162524206564 0.17955957003869105 1.1839765384211203 43.540287071897183 0.92430705041624606 0.18754618373350229 639.69233481306583
leaf_count=592 53 84369 12042 7044 2435 27 476 1209 145 602 406 3578 85 325 134 2543 42 1746 575 232 358 27 50 364 10 100 21507 28 75 33672
internal_value=-0.000923642 -0.031485 -0.008109 -0.0183952 0.00683323 0.0425337 0.0801708 0.067389 0.112113 0.0775294 0.119912 0.0014552 -0.0113769 0.0228659 0.0810957 -0.0312785 -0.0174083 0.0190541 0.0499984 0.114172 0.141749 0.163827 0.0393429 0.0691971 -0.0375307 0.118858 -0.0259811 0.0587206 -0.0260163 0.00268479
internal_weight=808.568 58.3925 18.8604 16.7102 9.30636 5.71799 3.69129 3.66731 2.65726 2.22349 1.66991 750.175 65.5969 9.82374 4.7333 5.09045 55.7732 10.6169 6.86346 3.78259 3.23935 2.90548 6.57468 4.54763 3.7534 2.45882 45.1563 1.61605 2.02669 684.578
internal_count=174851 109422 25053 24461 12419 5375 2865 2838 1629 1484 882 65429 28179 3704 1076 2628 24475 2887 1131 751 519 385 1089 514 1756 150 21588 81 2510 37250
is_linear=0
shrinkage=0.05


Tree=65
num_leaves=31
num_cat=0
split_feature=11 27 9 29 12 1 5 10 2 11 6 12 30 3 28 10 29 3 11 28 2 3 10 28 5 11 13 13 4 28
split_gain=22.1468 7.57617 7.75315 5.92339 6.21722 14.1374 20.8201 7.38665 7.03338 7.92923 6.08228 5.87012 10.4131 7.57487 9.34449 9.44499 16.6022 10.6197 10.0027 11.0868 13.0985 17.2743 37.914 102.469 15.1947 13.1856 10.6907 22.2457 19.819 9.93667
threshold=0.0015829657438741478 3.5555255052258019 3.1758196985944545 0.066975175402772771 3.8478535714285975 -0.0089026408221162794 0.0051586470216062261 0.0056807691413534511 0.046380285035761755 0.023310232750711899 6.6863577735482904e-06 0.51070000000000004 -0.044278718237117924 -0.0044875959345271324 0.010697820272326762 0.0078693351899377564 -0.32770214270971609 0.035035741459217958 0.015161964132871453 -0.00088973773565961302 -0.00077293856220866919 -0.00153780524824465 0.0014471532649758243 0.00079382115125197601 0.00030644296350330864 0.0053853013257869255 248.50000000000003 255.50000000000003 0.0032406701485546787 -0.00085446055764091535
decision_type=2 2 2 2 2 2 2 2 2 2 2 2 2 2 2 2 2 2 2 2 2 2 2 2 2 2 2 2 2 2
left_child=-1 3 -3 4 11 6 7 -6 10 -10 -7 13 -13 -2 15 17 -17 18 19 -15 21 22 23 -21 -24 -22 -27 28 -28 -23
right_child=1 2 -4 -5 5 8 -8 -9 9 -11 -12 12 -14 14 -16 16 -18 -19 -20 20 25 29 24 -25 -26 26 27 -29 -30 -31
leaf_value=-0.036108059728118001 0.000473116482338212 -0.014264404351678096 0.01757092570896129 -0.001433812409496221 0.12599306774110827 0.10492975746205711 0.30184103289286129 -0.027709462590207734 0.14928980286762389 -0.0032765377461639704 -0.02954088332800256 0.077759433082379426 -0.0002568040502452026 -0.00088502397607620746 -0.012397218343695452 0.016922597171511237 0.20830022461759212 -0.030822279238547547 0.22517674730855217 -0.050052142070480969 0.016330710075981296 0.42720691085391771 0.69233507599696831 4.0886808472407559 0.075815354019894671 -0.050762524105201601 -0.050224640867805141 0.090290363070776147 0.57302427388039079 0.075876579179297299
leaf_weight=41.31379507415113 50.132867734821048 116.71060406221659 22.873014969547512 286.79820335833938 1.5952785252593451 0.94891199993435105 1.1207696814090011 1.5326688699424265 1.6598444273695343 1.749027522280812 7.3885785741149448 4.3743930781201916 192.35109977200045 15.47174773545702 13.142020763712933 2.5137914675287902 2.0634835441596797 6.644061538623645 0.69317590072750945 0.039254869945580029 20.288922965031833 0.20854138911818143 0.13404247770085931 0.024159820255590603 0.39281978309736587 0.89484227425418694 0.17366673349170003 3.5606342784594744 0.48040112247690558 5.7611148746800565
leaf_count=87731 8180 13667 594 30306 34 38 22 24 27 22 236 317 17156 4571 637 43 37 615 10 66 8448 31 19 9 121 108 69 140 34 1701
internal_value=-0.000454013 0.00147977 -0.00904767 0.00384172 0.00835359 0.0387738 0.116934 0.0506801 0.0105029 0.0710109 -0.0142364 0.00682993 0.00147797 0.0154164 0.0257514 0.0341995 0.103198 0.0284328 0.0366138 0.033858 0.0506779 0.113664 0.371692 1.52673 0.232668 0.0344099 0.106198 0.139524 0.407541 0.0881498
internal_weight=803.036 761.722 139.584 622.138 335.34 15.9951 4.24872 3.12795 11.7464 3.40887 8.33749 319.345 196.725 122.62 72.4867 59.3447 4.57728 54.7674 48.1233 47.4301 31.9584 6.55993 0.590277 0.0634147 0.526862 25.3985 5.10954 4.2147 0.654068 5.96966
internal_count=175013 87282 14261 73021 42715 403 80 58 323 49 274 42312 17473 24839 16659 16022 80 15942 15327 15317 10746 1947 215 75 140 8799 351 243 103 1732
is_linear=0
shrinkage=0.05


Tree=66
num_leaves=31
num_cat=0
split_feature=11 27 9 0 12 29 4 4 11 6 15 9 11 9 15 8 12 9 4 10 9 27 2 8 15 8 8 8 6 12
split_gain=20.5889 6.75454 7.0312 7.07395 8.3179 5.08774 5.52688 7.25818 7.89486 8.3388 7.93569 6.00697 7.29438 6.90672 5.94111 5.81563 5.36398 12.5121 12.2166 9.39976 8.50557 7.77451 8.23265 5.78447 5.182 11.6625 7.72578 7.25035 17.4248 19.7833
threshold=0.0015829657438741478 3.5555255052258019 3.1758196985944545 -2.819602520043318e-05 0.91647857142857203 0.066975175402772771 0.0054529752607731562 0.0055636642242926455 0.015161964132871453 0.0032142552834790541 0.022727272210731338 0.46061091283370165 0.023310232750711899 0.44186224881980801 0.87664238154644336 0.6139747185929828 3.8478535714285975 1.0709552480791382 0.0098710315713702573 0.0051237840768212075 1.1410200761366336 0.22835386730221846 0.046380285035761755 1.4806758963037263 0.065789472529999463 1.4200742744872998 0.96009638546874931 1.0072709205539228 0.00016452877197472131 0.31128928571428566
decision_type=2 2 2 2 2 2 2 2 2 2 2 2 2 2 2 2 2 2 2 2 2 2 2 2 2 2 2 2 2 2
left_child=-1 5 -3 4 -4 16 11 8 9 10 -8 12 13 -7 -12 -15 23 19 20 21 -19 -18 -23 24 25 26 -2 28 29 -28
right_child=1 2 3 -5 -6 6 7 -9 -10 -11 14 -13 -14 15 -16 -17 17 18 -20 -21 -22 22 -24 -25 -26 -27 27 -29 -30 -31
leaf_value=-0.035490448703775851 -0.034021984983252637 -0.013708538426159026 0.0022414868791214072 0.0085462807413289339 0.21948536138376587 -0.005414566189151389 0.24989976149130586 0.0018495394662465623 0.2643974852723105 0.3051585298507577 -0.050893166698874892 -0.015373638690164155 0.48122424108460954 0.19310542525302854 0.15141101935282397 -0.051708780902735486 0.19310574993756469 0.14245638631739219 0.16136850477139983 -0.046196237307297022 -0.034786194002143937 -0.01186404631815112 0.15975706597020273 -0.039334461412677851 0.0093305946302204845 0.31079298688201118 0.78761970944169335 -1.688726058531661e-05 0.019162830857497377 0.11898889705787097
leaf_weight=39.96558655120316 19.463821143872345 115.40495917573571 0.86621809488861135 21.402033705904614 0.89676854619756341 3.1403187534597228 0.32522124255774576 199.26718447374878 0.47383490949869145 0.27895013615488995 1.952886007842608 79.193264957080828 0.09336034208536137 0.96990801469655685 0.44574276806088153 0.32349435143987648 0.79626481584273445 0.99149801908060853 3.1162633132189512 5.1427126140333712 2.1330783236771822 3.4343482914264314 0.87727241264656175 6.8072882150881915 285.05223030335037 0.27633163370774028 0.17806933866813679 8.3819235965202079 1.3613342324388211 0.29210121385403909
leaf_count=87731 2918 13667 32 548 14 830 13 6276 17 15 197 22789 3 60 22 84 20 14 33 113 52 162 9 1126 37108 34 30 908 145 43
internal_value=-0.000507069 0.00132453 -0.00866246 0.0164764 0.112746 0.00353958 -0.00136375 0.00309914 0.0747215 0.044791 0.0181267 -0.0121714 0.0438452 0.0346354 -0.0132985 0.131875 0.00769155 0.0355036 0.0913195 0.00152133 0.0214568 0.0495642 0.0230552 0.00626632 0.00725175 -0.0125315 -0.015542 0.0196754 0.109798 0.372222
internal_weight=803.304 763.339 138.57 23.165 1.76299 624.769 286.464 202.744 3.47664 3.0028 2.72385 83.7203 4.52708 4.43372 2.39863 1.2934 338.305 16.4914 6.24084 10.2506 3.12458 5.10789 4.31162 321.813 315.006 29.9536 29.6772 10.2134 1.8315 0.470171
internal_count=175013 87282 14261 594 46 73021 30306 6540 264 247 232 23766 977 974 219 144 42715 403 99 304 66 191 171 42312 41186 4078 4044 1126 218 73
is_linear=0
shrinkage=0.05


Tree=67
num_leaves=31
num_cat=0
split_feature=11 1 1 8 28 9 28 1 15 4 0 15 6 8 4 28 10 2 12 11 4 11 1 8 8 6 13 15 18 7
split_gain=19.2712 6.48178 10.073 23.3303 26.4959 27.3972 8.17379 8.67145 11.023 9.78563 13.4206 7.75255 7.47876 12.1049 6.90025 6.69728 6.18323 5.97078 12.8051 9.4016 43.6752 76.689 9.97345 8.4651 8.60531 19.3097 7.55778 7.41918 16.5627 6.46909
threshold=0.0015122684669337083 0.0028269362389763413 0.0027152452492380523 0.75120563096648663 0.00075653633917555476 0.50031553802762441 -0.010606161711592434 0.0046988435036783302 0.67391301417769367 0.0058005492178095286 0.0016875282558579399 0.88372320040857588 0.0021075298386887438 0.96415746387096168 0.00031376732601328658 -0.026552258139722892 0.002343029422204592 0.0048528466760972009 0.22767857142857248 0.0031602185067689747 0.0042047974763895412 0.0028439700554290927 -0.0022252785466828624 1.2409337270612262 1.2126504534514932 0.00033773901820782597 357.50000000000006 0.87664238154644336 0.0015629768010450857 0.00067607941679964677
decision_type=2 2 2 2 2 2 2 2 2 2 2 2 2 2 2 2 2 2 2 2 2 2 2 2 2 2 2 2 2 2
left_child=16 2 11 4 5 -4 7 -3 12 10 -10 17 13 -9 -8 -13 -1 27 19 20 22 -22 -19 24 29 -26 -21 -2 -29 -20
right_child=1 6 3 -5 -6 -7 14 8 9 -11 -12 15 -14 -15 -16 -17 -18 18 23 26 21 -23 -24 -25 25 -27 -28 28 -30 -31
leaf_value=-0.039466319313231246 0.0020791304336860278 -0.041547821177579124 -0.051019929086585591 -0.023423212086467624 0.026203173354697545 0.67524459028582096 0.099881127154597765 0.29297259948005977 -0.051970734088022941 -0.035746687852266042 0.30751317737183248 -0.40702812066046223 0.051448747307807498 0.062211025478579533 -0.0067698104523211096 -0.033839472286145318 0.096718896037312097 0.21639919365918059 -0.0096603513275172904 0.01173002563338005 0.1157243324999371 1.4649265899998876 -0.050152572732148029 -0.032073524162850559 0.54363089369931394 0.025901470066236755 0.1603183036532802 0.038043261807291957 0.64522866457356409 0.024132354568522325
leaf_weight=35.170533994678408 360.08791730951634 2.776964657707139 0.1779743357910768 1.7511588638881219 0.63517471172963269 0.4802721870073583 1.5246469534758933 1.1431904141791149 0.48964616202283628 3.5246693738736212 0.55268511711619794 0.12162807025015254 2.3800245421007276 1.1300756046548484 287.87283078432665 10.394105460844001 0.85371156939072435 0.54805271662189592 19.194154812168563 3.8036886915797368 0.29143149725859974 0.16492524207569659 0.97568727078032602 9.9000772558501904 0.25066859950311382 0.63972299115266651 1.1042226939462123 0.51799472252605383 0.14340643695322797 54.024043057870585
leaf_count=82683 52130 77 50 462 153 32 163 19 22 66 20 3 32 22 26930 3129 227 80 2833 403 66 21 974 1158 23 64 25 142 13 2991
internal_value=-0.000498935 0.00118057 0.00488121 0.0955294 0.256579 0.47888 -0.00453142 0.0359094 0.059238 0.00405418 0.138642 0.00428405 0.113398 0.178257 -0.00620794 -0.0381559 -0.036239 0.00527218 0.0167251 0.0822645 0.174231 0.60332 0.0457197 0.0113514 0.0171525 0.171656 0.0451607 0.00238644 0.169695 0.0152736
internal_weight=802.625 766.601 465.206 3.04458 1.29342 0.658247 301.395 11.9973 9.22029 4.567 1.04233 462.162 4.65329 2.27327 289.397 10.5157 36.0242 451.646 90.8967 6.88801 1.9801 0.456357 1.52374 84.0087 74.1086 0.890392 4.90791 360.749 0.661401 73.2182
internal_count=175013 92103 64752 697 235 82 27351 258 181 108 42 64055 73 41 27093 3132 82910 60923 8638 1569 1141 87 1054 7069 5911 87 428 52285 155 5824
is_linear=0
shrinkage=0.05


Tree=68
num_leaves=31
num_cat=0
split_feature=10 15 15 1 2 18 6 12 8 2 12 12 12 7 7 0 14 10 0 10 1 2 12 28 28 9 9 5 8 13
split_gain=15.5036 5.69496 6.92157 6.46497 5.77319 12.2652 7.94647 7.47664 11.4857 8.97988 10.0992 6.46807 6.18118 7.27462 11.813 5.95871 5.59611 5.58 11.0479 21.6536 5.52647 7.65139 11.9432 12.3849 8.95083 5.01457 7.51985 9.05469 17.5694 6.02997
threshold=0.0011389193638743787 0.85707658717272694 0.86972008932862677 0.012594265451581712 0.018202917026876157 0.0045782263812029671 0.00087503679137498046 1.2398964285714265 2.2680572718869931 0.07786734529278018 1.9964714285714305 0.82312142857142701 0.26455357142857244 0.0023077608820319937 0.0031082609564060883 -0.004971266036397747 145.50000000000003 0.0056807691413534511 0.0030985290186825725 0.0042561295721063302 0.01425581081258598 0.0099876594841203942 0.61935714285714238 0.010143410851141661 -0.014918310393935008 0.61668248306776308 0.73098810838984218 6.8904346586031348e-05 0.33364693010550417 241.50000000000003
decision_type=2 2 2 2 2 2 2 2 2 2 2 2 2 2 2 2 2 2 2 2 2 2 2 2 2 2 2 2 2 2
left_child=-1 25 -3 -4 5 16 11 12 9 -9 -11 -7 13 -6 -15 -14 20 18 19 -17 21 24 -23 -24 -5 -2 27 28 -27 -29
right_child=1 2 3 4 7 6 -8 8 -10 10 -12 -13 15 14 -16 17 -18 -19 -20 -21 -22 22 23 -25 -26 26 -28 29 -30 -31
leaf_value=-0.032332163431274083 0.011265267348986531 -0.04933440984090634 -0.01850485761459908 0.21964950515002243 -0.0040411988991126161 0.1480668933830864 0.19840571366904614 -0.016855873319447837 0.18664874254737421 0.12946310733667096 0.009106239967950085 -0.0532121062963712 0.15362797941489365 0.25840764967367985 0.015388734395870809 -0.021227891015311355 0.19238121773615066 -0.032685161271324169 -0.025770175986146105 0.27565592414401247 -0.014464124549843679 -0.0070241840401281709 0.47118143724517314 0.10827499036210367 -0.052410809716317668 1.0757475795373903 0.002984902335005331 0.16889371067681813 0.068274625556784416 -0.021153640565858833
leaf_weight=36.536885040288325 144.44067357253516 9.4052354860759788 53.935180086729815 0.36059942282736335 4.8582184408442108 0.74308086093515091 1.5602775448933242 9.8424484664574319 1.0247233975678671 2.8670033365488043 4.4455235796049237 0.86230633989907801 0.48171726986765762 0.80133808683604035 1.3300429936498401 1.5022705068113267 0.40816022641956884 31.890415991656482 5.5385472888010554 1.0389380196575073 10.542981346079612 0.8652855464024467 0.38044648105278611 0.61533613130450249 1.8707394649973146 0.044327619107206284 415.85811089802883 0.42050495999865134 1.8212943706312215 56.165149452222977
leaf_count=72604 26229 1448 15571 6 224 27 31 239 13 36 59 27 8 20 32 83 34 763 190 23 468 70 24 35 116 4 46501 10 361 9757
internal_value=-0.000512067 0.00100585 -0.00783451 -0.00500132 0.00368665 0.0285955 0.118051 -0.0032253 0.0240385 0.0143253 0.0562942 0.0399533 -0.0136729 0.0297451 0.106757 -0.021175 0.00977115 -0.0232817 0.0138333 0.100149 0.00467842 0.053994 0.128854 0.246926 -0.00844403 0.00310855 0.000624598 -0.0161681 0.0922124 -0.0197413
internal_weight=802.458 765.921 147.171 137.766 83.8304 18.2092 3.16566 65.6212 18.1797 17.155 7.31253 1.60539 47.4415 6.9896 2.13138 40.4519 15.0435 39.9702 8.07976 2.54121 14.6354 4.09241 1.86107 0.995783 2.23134 618.75 474.309 58.4513 1.86562 56.5857
internal_count=175013 102409 19547 18099 2528 838 85 1690 347 334 95 54 1343 276 52 1067 753 1059 296 106 719 251 129 59 122 82862 56633 10132 365 9767
is_linear=0
shrinkage=0.05


Tree=69
num_leaves=31
num_cat=0
split_feature=11 1 1 8 9 7 5 15 12 1 10 10 13 4 5 2 12 8 3 3 2 13 15 13 13 7 5 10 15 8
split_gain=17.2533 5.62244 7.82144 14.7309 10.5236 9.84557 9.71977 6.88203 6.26887 6.19251 9.71132 5.60487 5.88058 5.58083 5.70528 5.10365 9.42566 7.64711 6.63319 7.29431 6.84436 11.0946 6.7293 6.24857 14.6151 33.5513 49.5048 6.72731 6.42111 6.23627
threshold=0.0015122684669337083 0.0028269362389763413 0.0027152452492380523 0.75120563096648663 0.50031553802762441 0.00028739761459984384 0.0038759689922480763 0.88372320040857588 0.19570357142857048 0.0031945508287170026 0.018290898182170761 0.002343029422204592 242.50000000000003 0.00031376732601328658 0.00027539990375506532 0.0048528466760972009 0.22767857142857248 1.2409337270612262 -0.0022393848119911515 -0.0021698031653324952 0.0055442250957803427 250.50000000000003 0.39999997333332099 279.50000000000006 314.50000000000006 5.2887109398059625e-05 0.0036798279870937927 0.0047162682148863674 0.30434780623818275 1.2126504534514932
decision_type=2 2 2 2 2 2 2 2 2 2 2 2 2 2 2 2 2 2 2 2 2 2 2 2 2 2 2 2 2 2
left_child=11 2 7 4 -4 -6 -7 15 -3 10 -10 12 -1 -11 -15 -2 18 29 -17 -20 21 -21 -23 27 25 26 -25 -22 -27 -18
right_child=1 8 3 -5 5 6 -8 -9 9 13 -12 -13 -14 14 -16 16 17 -19 19 20 23 22 -24 24 -26 28 -28 -29 -30 -31
leaf_value=0.12452641007511096 0.0021417216947523889 -0.035920908160694189 -0.050718027060425067 -0.02267967479208928 -0.050822972536653646 0.21408169155928414 0.53819194825655747 -0.037033267298923749 -0.055249005272237355 0.092093592399357091 0.43838790421604695 0.089088875199671513 -0.041351313015235341 -0.034792481456849357 -0.00042525479093007769 -0.051096425141557392 0.014188087572357198 -0.031439465015769344 0.55578062977589171 0.91716569651330271 -0.050588118920596559 0.24979927978926822 -0.050422355653953248 -0.050085184560670432 0.0211113540115885 0.29180670002991232 2.5016691384410006 0.12463854266476378 0.045888084267189246 0.13722287127983082
leaf_weight=0.54319279419723798 362.10193138057366 14.899302388570502 0.36487916662008446 1.7086129387898834 0.22077494347468007 0.73717565528932005 0.33709590567741543 10.039380161615552 7.1253011633234555 1.5849132924922731 0.10104586929082859 0.88176140369614486 32.632482715678634 12.655962077376897 263.58844737632899 1.0032154534710569 74.204853809176711 9.6235357480181829 0.081919991614995413 0.051612853654659285 1.7967029289284258 0.65037105433293618 0.26177562068914995 0.036917076271493321 1.8163956312928347 0.56847303104586877 0.039177425438538194 0.7879711566492914 0.49795259922393598 1.0444288181606669
leaf_count=42 52285 4526 114 462 42 71 8 3132 1625 125 1 227 82641 1829 19245 201 5824 1158 3 6 373 83 191 41 464 27 4 17 159 87
internal_value=-0.000504648 0.00103978 0.004465 0.0803793 0.186461 0.253286 0.315784 0.00391459 -0.00430408 -0.00265153 -0.0483465 -0.0353285 -0.0386354 -0.001463 -0.00199977 0.00481895 0.0153032 0.0105285 0.0686771 0.0869126 0.0810101 0.203993 0.163639 0.0596293 0.109243 0.249356 1.26369 0.00283198 0.176978 0.0158958
internal_weight=801.988 767.93 467.975 3.36854 1.65993 1.29505 1.07427 464.607 299.955 285.056 7.22635 34.0574 33.1757 277.829 276.244 454.567 92.4653 84.8728 7.59248 6.58927 6.50735 0.96376 0.912147 5.54359 2.95892 1.14252 0.0760945 2.58467 1.06643 75.2493
internal_count=175013 92103 64752 697 235 121 79 64055 27351 22825 1626 82910 82683 21199 21074 60923 8638 7069 1569 1368 1365 280 274 1085 695 231 45 390 186 5911
is_linear=0
shrinkage=0.05


Tree=70
num_leaves=31
num_cat=0
split_feature=10 29 1 1 30 8 13 15 13 30 7 6 3 6 5 3 7 1 17 7 6 30 12 18 10 30 6 6 10 30
split_gain=16.8968 4.50416 4.36347 10.2748 6.96461 7.04224 6.31351 6.57789 8.41819 9.35482 13.5453 6.5283 12.0682 9.4334 25.5831 10.8154 26.9573 8.01082 13.7538 25.9369 11.0771 32.3324 11.669 8.97976 8.39968 8.12014 9.81233 14.6912 12.6311 7.57152
threshold=0.0011803005546807963 -0.85886291620827337 1.0000000180025095e-35 0.012594265451581712 -0.23100619308307521 1.4806758963037263 340.50000000000006 0.058035713508448009 313.50000000000006 -0.14133527296222823 0.00042105708344626532 0.00016795428116515775 -0.10458015425100535 0.00022256356884352787 0.0071539372942078577 0.022297850289552782 0.0016015030575426061 -0.00063418840358470108 1.0000000180025095e-35 0.0020491407148719976 0.00033773901820782597 0.049389598087757565 0.13752142857143115 0.00060336280929156646 0.0051237840768212075 -0.059508364850288702 0.0020465401276789485 0.0022424516438924917 0.0064645939117641453 0.37016948811441974
decision_type=2 2 2 2 2 2 2 2 2 2 2 2 2 2 2 2 2 2 2 2 2 2 2 2 2 2 2 2 2 2
left_child=-1 -2 4 -4 -3 6 7 8 -6 10 -10 12 -9 14 15 -13 29 25 20 23 21 -19 -23 -20 -22 26 -15 -28 -29 -17
right_child=1 2 3 -5 5 -7 -8 11 9 -11 -12 13 -14 17 -16 16 -18 18 19 -21 24 22 -24 -25 -26 -27 27 28 -30 -31
leaf_value=-0.034188464728450225 -0.036997613465424566 -0.0034300170236897035 -0.01044268292219145 0.0064646758721843669 -0.021759895616651738 -0.044896921591232576 -0.016507192333342975 0.15159986677800913 0.048270142142172297 0.021149452049745325 0.48884581804199956 -0.029424129943409306 -0.0093809227758383552 0.0173501485430839 0.423347267743654 0.54926982354780174 -0.053724059160901554 1.1468289388394746 0.33684359605530734 0.80071240208528394 -0.0074250743437155112 0.31547817242772941 -0.051607408375509249 -0.050952637817738761 0.10457307406578131 0.012428297695366582 0.29369607438037049 -6.3672237413265408e-05 0.1618899753750867 0.21846028384470775
leaf_weight=37.100071790657239 7.9855341735819811 165.28141885093646 209.12192728038644 157.56492245793925 23.044548719422895 5.6910119973472311 18.553951907728333 1.2110983328893805 0.47449607760063361 5.090351823862874 0.27589305400033481 1.9282420400995759 30.075526114582317 8.0899619354458974 0.525133991613984 0.33190337242558576 0.76426945463754237 0.083494955732017817 0.2561286089767244 0.17509229853749275 5.503356548899319 0.40014661673922092 0.47168894077185541 0.35783385563991033 2.4059897535480559 117.81194994205725 0.85716210212558408 2.8079661233350635 2.1075429469347 0.36121020361315459
leaf_count=75749 1489 17770 44428 4726 2804 1032 6358 22 64 856 10 656 5829 1135 15 17 23 30 56 7 1284 48 144 64 56 10302 33 118 27 23
internal_value=-0.00123043 0.000358361 0.000750034 -0.00317761 0.00439673 0.0100296 0.0114253 0.0139483 -0.00817079 0.0454448 0.210255 0.0175677 -0.00314939 0.0220304 0.0986336 0.0482682 0.151062 0.0199107 0.0638747 0.263912 0.0460692 0.206891 0.116874 0.110826 0.0266443 0.0166875 0.0528845 0.102683 0.0693746 0.376871
internal_weight=806.71 769.61 761.624 366.687 394.937 229.656 223.965 205.411 28.8853 5.84074 0.750389 176.526 31.2866 145.239 3.91076 3.38563 1.45738 141.328 9.65373 0.789055 8.86468 0.955331 0.871836 0.613962 7.90935 131.675 13.8626 5.77267 4.91551 0.693114
internal_count=175175 99426 97937 49154 48783 31013 29981 23623 3734 930 74 19889 5851 14038 734 719 63 13304 1689 127 1562 222 192 120 1340 11615 1313 178 145 40
is_linear=0
shrinkage=0.05


Tree=71
num_leaves=31
num_cat=0
split_feature=10 28 1 1 12 27 10 10 13 6 2 28 28 2 12 27 12 17 13 28 9 8 27 27 27 10 4 1 6 6
split_gain=15.7673 5.54374 6.56887 8.94769 10.3608 11.4916 11.811 10.3516 9.1216 7.32064 12.5289 7.25105 10.7931 11.635 8.68865 23.6232 6.5787 6.25369 6.71558 17.519 12.568 20.3077 8.26356 6.25157 7.61111 6.19798 6.07253 8.3732 6.51093 12.1249
threshold=0.0011803005546807963 -0.0044301331774150481 0.012594265451581712 0.00073359090548319472 0.22767857142857248 0.839148515244445 0.0023185238894913845 0.0040139450813276743 267.50000000000006 6.6863577735482904e-06 -0.010354713768134348 0.0021420714203228262 0.0046846207055943941 0.025374674714085502 0.21433928571428473 0.43434336316946248 0.088817857142857101 1.0000000180025095e-35 321.50000000000006 0.010143410851141661 1.0238323069022253 1.2262243327289315 807036.50000000012 3.0504921188815386 1.1811558974001095 0.0090207893791242159 0.0021891419811309576 -0.003139080485746681 0.0002855841947172133 0.00029197080291968458
decision_type=2 2 2 2 2 2 2 2 2 2 2 2 2 2 2 2 2 2 2 2 2 2 2 2 2 2 2 2 2 2
left_child=-1 -2 3 4 5 11 -7 8 -8 -10 -11 -3 13 14 -13 -16 -9 18 -4 20 -20 -22 25 24 -12 -21 -6 -28 -29 -30
right_child=1 2 17 -5 26 6 7 16 9 10 23 12 -14 -15 15 -17 -18 -19 19 22 21 -23 -24 -25 -26 -27 27 28 29 -31
leaf_value=-0.033578682625517081 0.0057147890297328738 -0.028391059690199501 0.0046717723876641797 -0.015280162376521911 -0.04126566590972388 -0.0083687526082601715 -0.050507617395392716 0.20321584816440669 -0.050552784086667128 0.97696972943849214 0.21910567626058497 0.07616132494737099 -0.051036911064189561 0.85403058204323534 -0.050716664605014977 1.0076267170816406 -0.025749743977236134 -0.035902940286084921 0.085716252504842508 -0.040751899546170103 0.56435807176503328 0.067088163739885173 0.094933629745045336 0.4426997553681421 0.08624622820249872 0.070784322960233556 -0.01189789985728075 -0.016628453503854682 0.28429525840248598 0.020775827939362383
leaf_weight=35.915425116952974 293.8217793267977 7.9734015631547681 130.38549205078743 163.35822390910471 10.010607892094411 3.4545175463717879 0.56654969108058129 0.37657202780246768 0.37692183884792019 0.048629573779180535 2.3239576383784879 1.5537443356006408 1.2521073234383946 0.055264759343117364 0.11954399110982183 0.094332131091505289 1.8795606005005536 8.5761451986618322 2.4003042593249115 5.7614390682720096 0.40505337464855973 0.41635280923219398 2.1434857569402084 0.20102774375118304 2.0105473820585757 1.5890773944556711 73.403390496358043 13.278437979199223 0.44115459691965853 41.456477949803229
leaf_count=75749 19817 6975 3936 37054 9114 4567 122 7 163 4 186 578 218 8 26 26 109 358 66 176 23 24 25 39 276 9 5992 3202 47 6279
internal_value=-0.00119651 0.00031443 -0.00301968 -0.00703742 0.00133246 0.0329745 0.0685733 0.102721 0.139559 0.161264 0.17868 -0.00323624 0.0619898 0.139626 0.11729 0.416076 0.012467 0.0055689 0.00805433 0.0427387 0.143487 0.312303 0.00855077 0.170121 0.157479 -0.0166394 -0.00375589 -0.000835555 0.0138812 0.0235505
internal_weight=805.65 769.734 475.912 324.235 160.877 22.2867 11.2383 7.78377 5.52763 4.96108 4.58416 11.0484 3.07499 1.82289 1.76762 0.213876 2.25613 151.677 143.101 12.7157 3.22171 0.821406 9.494 4.53553 4.33451 7.35052 138.59 128.579 55.1761 41.8976
internal_count=175175 99426 79609 74992 37938 13304 5473 906 790 668 505 7831 856 638 630 52 116 4617 4259 323 113 47 210 501 462 185 24634 15520 9528 6326
is_linear=0
shrinkage=0.05


Tree=72
num_leaves=31
num_cat=0
split_feature=10 11 2 28 13 2 3 6 18 28 2 13 13 0 15 15 28 6 0 11 5 30 28 28 7 6 27 6 7 10
split_gain=14.7081 6.0838 5.60905 8.53366 11.8925 5.82879 6.11914 13.1546 7.12183 5.20562 6.78785 8.83168 10.0477 7.13653 8.46694 6.07763 8.50227 12.8632 30.6048 11.343 14.2439 7.07187 5.92668 5.69986 7.91303 12.6315 9.79079 6.466 5.44696 6.28635
threshold=0.0011803005546807963 0.0026091149177384682 0.0011575063671576127 -3.3189202751223258e-05 290.50000000000006 1.0000000180025095e-35 -0.0096162136983687901 0.00015662462900496539 0.0010637632608469676 -0.0044301331774150481 0.0011996410029543327 308.50000000000006 303.50000000000006 -0.004971266036397747 0.15217390973534597 0.79792222169435545 -0.0023582606156234511 0.001001242081749065 0.0019785432254556539 0.009164485748483395 0.0041134854569138098 -30.491570439839894 0.00035530788240323855 -0.0047687337306394351 0.0011184466022116102 0.00019574636575559772 0.81987899071163695 0.0021686308415828043 0.0018072907774041626 0.0051237840768212075
decision_type=2 2 2 2 2 2 2 2 2 2 2 2 2 2 2 2 2 2 2 2 2 2 2 2 2 2 2 2 2 2
left_child=-1 2 3 5 -5 -2 7 -7 -8 23 -11 12 15 -13 -15 16 17 18 19 20 21 -12 -18 28 -25 26 -26 -27 29 -3
right_child=1 9 -4 4 -6 6 8 -9 -10 10 11 13 -14 14 -16 -17 22 -19 -20 -21 -22 -23 -24 24 25 27 -28 -29 -30 -31
leaf_value=-0.032960876899675501 -0.024121642641900452 0.0011983624742283026 -0.036818638536513397 0.1022181406133051 -0.018156919510042068 1.0571610678527914 -0.050159504919708858 0.1332081233342258 0.15650987627444177 -0.013304765337998559 0.41968912056884211 -0.036714156356430466 -0.037587376223977502 0.093434983847747552 0.017017008272145664 0.0085878784493851976 -0.044544669515571261 -0.019493071955125924 0.58242211124563092 -0.052793620336763492 0.29286135478799741 -0.0098131366255836943 -0.0070624113932103499 -0.0026545529546074666 0.072269692181065756 -0.018974999254584263 0.39663321781781169 0.14530204523164897 -0.0024192326796221028 0.021141887185129677
leaf_weight=34.788041575928219 24.669050197175242 74.896767704456579 20.060428018012317 4.0306205843517073 4.1793755181133747 0.045149669313105156 1.1121356692456164 0.26245908951386809 0.66676617885241274 100.94161542708753 0.10494246333837587 5.7385831973515442 19.269915955199394 3.8433598482515654 63.720058911072556 109.5165250179125 11.692824268713592 3.8474885602481663 0.31532581383362401 1.238974960055202 0.86829155916348089 1.1048380387946957 107.55665653664619 3.3688825474237083 0.40230734599754248 1.5134570664959031 0.55165345687419176 0.99134582327678789 119.43606294086203 83.634953368222341
leaf_count=75749 24815 6567 23075 1913 5626 30 1656 95 216 9997 1 145 864 215 3879 5988 1103 193 25 70 35 156 7219 349 25 102 18 18 2903 2128
internal_value=-0.00116045 0.000277056 -0.015743 -0.0036515 0.0409401 -0.0173345 0.0629105 0.268822 0.0273041 0.00151072 -0.00196338 0.00151823 -0.00287074 0.0168173 0.0213641 -3.90019e-05 -0.00749415 0.0442166 0.111699 0.0669512 0.138345 0.0274441 -0.0107377 0.00675317 0.0518865 0.10501 0.259842 0.0460422 0.00564458 0.0117198
internal_weight=804.369 769.581 55.026 34.9656 8.21 26.7556 2.08651 0.307609 1.7789 714.555 429.759 328.818 255.516 73.302 67.5634 236.246 126.729 7.47986 3.63237 3.31705 2.07807 1.20978 119.249 284.795 6.82765 3.45876 0.953961 2.5048 277.968 158.532
internal_count=175175 99426 57426 34351 7539 26812 1997 125 1872 42000 29890 19893 15654 4239 4094 14790 8802 480 287 262 192 157 8322 12110 512 163 43 120 11598 8695
is_linear=0
shrinkage=0.05


Tree=73
num_leaves=31
num_cat=0
split_feature=10 11 2 4 30 11 2 12 15 12 11 22 9 13 12 3 29 8 12 4 8 2 7 14 2 4 4 10 6 29
split_gain=13.7134 5.60868 5.31212 4.51565 6.09648 9.07374 6.29176 6.62892 4.68466 18.9479 5.39976 4.61335 4.56459 4.29972 4.26852 4.8291 3.76418 3.76094 4.60664 9.15915 3.99724 12.4704 8.53891 7.32192 8.51728 6.00095 7.83039 5.1216 4.97138 3.81388
threshold=0.0011803005546807963 0.0026091149177384682 0.0011575063671576127 0.0040405043154885766 -1.4726054615513984 0.0022021546160667731 -0.0025421252721586902 0.79037142857143505 1.0000000180025095e-35 0.46355357142857051 0.0013649136573887666 1.0000000180025095e-35 1.5850545578554385 241.50000000000003 1.0121142857142862 0.0013545517658118957 -0.85886291620827337 2.063984945693516 1.9964714285714305 0.016684414307791506 1.8270652430264807 -0.013742030468233355 0.00015875535799335711 122.50000000000001 0.010871743306771988 0.0068159402347327874 0.0051476686097321868 0.014862749052123826 0.0041748257066209849 0.18361452760116506
decision_type=2 2 2 2 2 2 2 2 2 2 2 2 2 2 2 2 2 2 2 2 2 2 2 2 2 2 2 2 2 2
left_child=-1 2 3 4 5 8 -6 11 9 -2 -10 13 -7 -8 15 -9 -3 20 -19 -20 29 25 23 24 -23 26 -22 -27 -24 -18
right_child=1 16 -4 -5 6 12 7 14 10 -11 -12 -13 -14 -15 -16 -17 17 18 19 -21 21 22 28 -25 -26 27 -28 -29 -30 -31
leaf_value=-0.032335624720582386 -0.050053776531037854 -0.034906759064078717 -0.036254813704574937 -0.042739103552355884 -0.030994642566298358 0.183292731641297 0.26123691815612676 0.21933360982976491 0.069521123009299482 1.2265575893001497 -0.061330349707912117 0.28205792413078823 -0.050137912462006363 -0.0044786985147312773 0.012436517004851943 -0.050111739123051981 0.005185792837109085 -0.024418887922616029 0.13980712151378047 -0.055912449610283049 0.065582850103490034 -0.050959250882009678 -0.052545388756949779 -0.05112302433757239 0.25414407324708338 0.011207028200861334 0.29648410583484097 0.13646926897788897 0.052837507024245528 -0.00244191720997437
leaf_weight=33.715159877989208 0.11297712259693371 7.0613273248891337 19.371376636991045 6.0769271944009224 12.171942045650214 1.4389056919608263 0.15476427972316464 0.90222954613272921 1.3739613734651359 0.039133989572292194 1.8500117828953078 0.1470502422598664 0.24509600916644547 9.3565611843077914 0.70786514293286007 0.20386363108991645 383.66187323670601 22.375661830999892 1.2806250290013841 1.1210200041532516 0.76078743219841161 0.31924287369474569 5.5879619077313691 0.57911794749088574 0.8068963359692134 2.2429028400219981 0.70968083338811994 1.2827161960303781 1.3993800098542122 286.06806554930517
leaf_count=75749 235 707 23075 2967 13582 202 1 269 1085 17 1588 29 129 13642 431 174 24975 1038 37 16 36 55 475 71 24 55 18 14 34 14445
internal_value=-0.00112391 0.000243777 -0.0152709 -0.00358394 0.0047055 0.0545159 -0.00595437 0.0206129 0.00722809 0.278383 -0.00556535 0.00414165 0.149318 -0.000155086 0.108314 0.169672 0.0014184 0.0017806 -0.0173557 0.0484508 0.00247438 0.0292214 -0.00695863 0.0933544 0.167652 0.0921704 0.177021 0.0567808 -0.03144 0.0019277
internal_weight=803.125 769.41 54.1527 34.7813 28.7044 5.06009 23.6443 11.4723 3.37608 0.152111 3.22397 9.65838 1.684 9.51133 1.81396 1.10609 715.257 708.196 24.7773 2.40165 683.419 13.6887 8.6926 1.70526 1.12614 4.99609 1.47047 3.52562 6.98734 669.73
internal_count=175175 99426 57426 34351 31384 3256 28128 14546 2925 252 2673 13672 331 13643 874 443 42000 41293 1091 53 40202 782 659 150 79 123 54 69 509 39420
is_linear=0
shrinkage=0.05


Tree=74
num_leaves=31
num_cat=0
split_feature=10 11 2 28 7 29 4 10 10 28 3 0 10 12 3 12 9 9 27 2 30 27 4 5 11 4 6 27 9 0
split_gain=12.7831 5.19804 5.00816 7.32665 6.6793 5.07975 4.85908 7.39218 4.90784 4.60907 6.24977 7.63279 5.22074 8.68097 8.60562 8.16543 6.87816 6.02929 6.15566 5.44356 8.46973 10.6844 5.95891 7.72581 12.8314 8.30544 6.59565 5.23849 6.11513 4.7563
threshold=0.0011803005546807963 0.0026091149177384682 0.0011575063671576127 -3.3189202751223258e-05 0.00076274418544518285 1.7083178608034819 0.0030874694397097558 0.0017232011854232511 0.0017368786770049986 -0.0044301331774150481 -0.0056717551055007745 0.009235847701847379 0.0017634672161468471 0.69952142857142674 0.054228129583427383 0.31712500000000132 0.41745047692866716 0.74724837009995027 0.86895702838205635 0.0024486986816103511 -0.37409455532033004 0.23383376975392947 0.0044445370524717502 0.0029682731266754319 0.010975034995335245 0.0068159402347327874 0.00019574636575559772 0.51974758619648964 1.092699892710961 0.00013311738741483839
decision_type=2 2 2 2 2 2 2 2 2 2 2 2 2 2 2 2 2 2 2 2 2 2 2 2 2 2 2 2 2 2
left_child=-1 2 3 5 -5 -2 7 -7 -9 12 11 -11 13 14 15 -3 29 -18 -19 -14 -21 -22 -23 24 -24 -26 -25 -28 -29 -17
right_child=1 9 -4 4 -6 6 -8 8 -10 10 -12 -13 19 -15 -16 16 17 18 -20 20 21 22 23 26 25 -27 27 28 -30 -31
leaf_value=-0.031703534196003268 -0.02738429126987095 -0.028316425010594351 -0.035680690454518903 0.0051533136529122118 0.09881962964844429 -0.055971667960799103 -0.030168016787792424 0.47280814096462742 0.10448120657811577 -0.01922910457683067 0.00097189668512152817 0.034721262081188885 0.0028366685154046934 -0.036674056552704719 0.35743210438923567 0.12545010943234061 -0.052565444553853882 0.051480037070202822 0.19612845686935051 -0.024274800999727713 -0.032230950600425502 -0.02153622990438589 0.24203864888503565 0.12601643157352449 -0.024519512254661729 0.15104397669581826 -0.055497925854142593 0.0095429960770905924 0.16494231106601892 0.34152762328588804
leaf_weight=32.694153930598986 21.131968647125181 2.1289345001568982 18.715670251491247 5.6581766967137792 2.8680280172557104 0.82140238050487768 2.0300712788884994 0.094807881658198645 1.9633876039297318 73.879259157052729 348.30941973946756 7.1943464120849958 253.92757845425513 2.8095184422563753 0.24385539605282325 0.80130059481598415 0.96543372236192215 3.0236483126645912 0.97193141002207983 5.5277094561606672 3.3219322990626088 1.602413568412884 1.6737453355453888 1.9141204748302696 1.3094657650217416 1.3873851876705883 1.6614189865067599 2.1775395623408262 0.89255046704784025 0.3733339412137866
leaf_count=75749 24134 396 23075 5905 1634 1130 935 22 591 6492 23244 154 10351 317 10 50 143 192 48 156 91 115 33 44 30 14 38 48 19 15
internal_value=-0.00108279 0.000218416 -0.014848 -0.00356874 0.0366606 -0.0167401 0.0290742 0.070839 0.121448 0.00133948 -0.0019384 -0.0144416 0.00624843 0.0395302 0.0646931 0.0560556 0.0853308 0.059571 0.086666 0.00488065 0.0290569 0.0475507 0.0685537 0.0816582 0.133291 0.0657985 0.0477013 0.0160191 0.0547214 0.194126
internal_weight=802.075 769.38 53.2835 34.5678 8.5262 26.0416 4.90967 2.8796 2.0582 716.097 429.383 81.0736 286.714 11.318 8.50844 8.26458 6.13565 4.96101 3.99558 275.396 21.4683 15.9406 12.6186 11.0162 4.3706 2.69685 6.64563 4.73151 3.07009 1.17463
internal_count=175175 99426 57426 34351 7539 26812 2678 1743 613 42000 29890 6646 12110 1171 854 844 448 383 240 10939 588 432 341 226 77 44 149 105 67 65
is_linear=0
shrinkage=0.05


Tree=75
num_leaves=31
num_cat=0
split_feature=11 30 12 11 9 1 24 1 2 12 12 27 12 9 27 30 6 7 7 11 10 3 30 10 8 12 12 11 4 3
split_gain=12.8861 6.25036 4.81201 4.44131 28.5711 118.123 23.3761 32.3341 4.38096 13.0171 6.00329 7.79174 22.1204 14.9126 7.69505 7.523 9.77394 6.46755 7.18925 7.57826 5.85542 5.58717 5.5373 7.14972 6.95197 5.90853 6.66628 5.49607 11.7389 6.29685
threshold=0.001851008841986913 -30.491570439839894 0.13579285714285816 0.00052019098254941023 0.20179616949920517 0.00064838712842063561 1.0000000180025095e-35 -0.00094146077457141198 -0.021092789022035704 0.15677499999999867 0.82312142857142701 1.3212950012620313 0.73528096428571199 1.7024837298634143 1.3985648675392812 0.55669213874500234 7.3164882505123672e-05 0.0050957478073364853 0.0021053401426761316 0.019740383980121231 0.0090207893791242159 -0.034692159784722391 -3.0858512293597897 0.023407117095622848 1.8932009380061252 0.27402857142857534 0.74793928571428803 0.030425640876495984 0.0041511221335814559 0.10966378511163423
decision_type=2 2 2 2 2 2 2 2 2 2 2 2 2 2 2 2 2 2 2 2 2 2 2 2 2 2 2 2 2 2
left_child=3 -2 -3 4 5 -1 -6 -8 9 20 11 22 14 -14 -13 17 -17 18 19 -16 -4 -10 24 25 -11 -24 -27 -23 -29 -30
right_child=1 2 8 -5 6 -7 7 -9 21 10 -12 12 13 -15 15 16 -18 -19 -20 -21 -22 27 23 -25 -26 26 -28 28 29 -31
leaf_value=-0.050058588716459608 -0.022112103635181984 -0.026517721318930529 0.095498241542436357 -0.032685414264823957 -0.051331609947593074 7.4405474446186437 0.9479990362611197 -0.051779220768836266 -0.015826571847624153 -0.028165075845763738 -0.0019923825626851203 0.17173876044940167 0.057151574701336888 0.33699489816473838 0.0028922922406784454 0.27316759635091403 0.047540268366597027 0.091372951956052481 -0.06364547132514474 0.14344747142022987 0.34083586168477087 0.00032932498248781108 -0.037151766959945202 0.10880656666326881 0.06935977985644165 0.02803322132327149 -0.045667281345711901 0.15688336751922799 0.1075520549236049 0.0057700372851363056
leaf_weight=0.024881265184375834 29.825480462692212 15.277805896621429 0.67067730694543459 38.073832571622916 1.8095142202946592 0.0066750180849339804 0.14998821233166382 0.17549556707672298 52.19332096260041 14.809648822061719 76.598675211309455 0.88364704546984896 0.89834118937142093 1.0127546391449866 9.5812347554601782 0.61019354104064349 2.2493099888088182 2.0290960948914281 3.7372177909128359 1.0656556896865357 0.38156939670443535 478.29742018177058 5.0888133299304164 2.0536311045289031 2.0845387622248372 30.519744605349842 3.4111193020362398 1.6130140540190065 1.6854635700583465 15.43878055526875
leaf_count=65 608 4853 37 99816 3115 16 83 185 2922 354 2070 31 33 21 361 22 78 30 102 10 16 58442 260 33 24 852 118 29 18 242
internal_value=-0.00115657 0.000318503 0.00124485 -0.0287229 0.0409113 1.53441 0.0188367 0.408935 0.00184486 0.00919087 0.00801341 0.0175896 0.0428746 0.20545 0.0274603 0.0208452 0.0956872 0.00780621 -0.00398215 0.0169606 0.184463 -0.000264214 0.00796392 0.0178749 -0.0161317 0.0130891 0.020624 0.00136998 0.0279343 0.015788
internal_weight=792.258 752.017 722.192 40.2404 2.16655 0.0315563 2.135 0.325484 706.914 157.686 156.634 80.0349 22.0675 1.9111 20.1564 19.2727 2.8595 16.4132 14.3841 10.6469 1.05225 549.228 57.9675 41.0733 16.8942 39.0197 33.9309 497.035 18.7373 17.1242
internal_count=174846 71566 70958 103280 3464 81 3383 268 66105 4452 4399 2329 688 54 634 603 100 503 473 371 53 61653 1641 1263 378 1230 970 58731 289 260
is_linear=0
shrinkage=0.05


Tree=76
num_leaves=31
num_cat=0
split_feature=11 30 13 18 14 18 11 12 3 13 13 1 3 27 5 30 29 7 3 12 27 1 9 9 0 12 12 30 30 12
split_gain=17.1195 5.66782 4.60777 4.25215 6.90086 6.83485 5.1789 6.22415 6.37031 5.80744 15.4117 9.75333 12.1195 17.8596 11.408 14.201 8.76327 10.1661 9.46304 11.9316 14.2502 18.6788 8.6754 17.1384 10.5038 8.94367 14.4764 8.36198 16.5573 10.6841
threshold=0.0017124101691228272 -30.491570439839894 326.50000000000006 0.006826928417203176 147.50000000000003 1.0000000180025095e-35 0.0030559220859667337 0.40048214285714029 0.037626929651701564 265.50000000000006 281.50000000000006 -0.012225634066597933 0.0023185874339580752 0.2226219622711966 0.0060814597376057091 0.069609515356358967 -0.46095178496930683 0.0067914088258921789 -0.0083360503954301151 0.93802857142857077 0.94366505264464873 -0.0058111968422565044 0.56717699080577721 0.60189539393389113 -0.0029641874902762151 0.29750000000000026 0.36088214285714421 0.27721901034968605 0.29894847828993754 0.4796178571428576
decision_type=2 2 2 2 2 2 2 2 2 2 2 2 2 2 2 2 2 2 2 2 2 2 2 2 2 2 2 2 2 2
left_child=2 -2 -1 5 -5 6 7 8 -3 11 16 12 -8 -14 15 -15 17 -11 19 22 21 -21 -18 -24 -25 -26 -27 -20 -29 -30
right_child=1 3 -4 4 -6 -7 9 -9 -10 10 -12 -13 13 14 -16 -17 18 -19 27 20 -22 -23 23 24 25 26 -28 28 29 -31
leaf_value=-0.017301660995041542 -0.021360094287648429 -0.033472861215732119 -0.052462000547104717 0.0096420156848262099 0.080065515608399321 -0.0086757712507720738 0.0067369953362312182 0.0033226446824199717 0.30930640933680525 -0.023688645349628019 0.0039416928103524693 -0.0060515914451424466 -0.022097603193103787 0.28917746621164075 -0.017214042054338571 0.1003584181906543 -0.052405354541204131 0.27399676265411937 0.016116781385341613 0.083114178149258977 -0.050798754857237893 0.43050179530082711 0.37858164942057487 -0.059776046561884413 -0.051679673030833553 0.25317931493164986 0.064214271323913205 0.28758052400057615 0.14751511925509178 -0.01013542717707238
leaf_weight=19.026496014455915 29.349652845528908 22.809295112616386 18.261399846072891 21.426834704354409 4.1528405994176856 162.29580483213067 54.516599911497906 29.358201849478064 0.13635142147540946 7.4072644723346448 181.40039198723389 195.38101144548273 3.7972336879465711 1.3018888775259254 1.3527539502829311 4.2351986402645707 1.4272507941350321 0.29835040867328633 21.348209932621106 0.72910388337913912 0.4545629295753314 0.82458063401281756 0.45757183316163708 1.4027892989106465 0.90593971475027579 1.4306645047618074 3.4761983068892732 0.85447206883691151 1.7022062949836252 2.9152743732556701
leaf_count=37570 612 17690 58091 315 49 20414 1458 13424 2 545 8136 14270 106 32 28 86 91 2 1191 30 43 30 15 39 68 25 177 35 96 176
internal_value=-0.00144666 0.000182188 -0.0345211 0.00105092 0.0210752 0.000321492 0.00302598 -0.0119259 -0.0314359 0.00462978 0.0104757 -0.000463455 0.0162812 0.0649681 0.112953 0.144754 0.0364487 -0.0121627 0.0463245 0.0851307 0.19544 0.267482 0.0607881 0.0818427 0.0630252 0.0926606 0.11931 0.0302514 0.085396 0.0479815
internal_weight=794.436 757.148 37.2879 727.799 25.5797 702.219 539.923 52.3038 22.9456 487.62 227.035 260.585 65.2037 10.6871 6.88984 5.53709 45.6344 7.70561 37.9288 11.1087 2.00825 1.55368 9.10041 7.67316 7.21559 5.8128 4.90686 26.8202 5.47195 4.61748
internal_count=174846 79185 95661 78573 364 78209 57795 31116 17692 26679 10699 15980 1710 252 146 118 2563 547 2016 518 103 60 415 324 309 270 202 1498 307 272
is_linear=0
shrinkage=0.05


Tree=77
num_leaves=31
num_cat=0
split_feature=11 30 13 8 9 29 27 10 30 30 29 0 30 18 0 7 27 15 27 27 3 13 11 29 13 10 9 28 15 28
split_gain=15.9614 5.18602 4.57706 4.29863 3.98889 8.92853 7.03344 6.6828 9.73788 6.72212 6.51568 6.21042 11.3805 25.1971 5.90414 13.7768 10.176 14.194 7.64873 10.19 5.65881 5.65631 8.94498 7.72644 7.40458 9.20809 7.81605 9.98029 8.13842 11.8828
threshold=0.0017124101691228272 -30.491570439839894 326.50000000000006 0.98976569862867259 2.2369787762364335 -0.47833250004455374 4.4907805241562153 0.0019789783468887362 -0.3863511722448808 0.46337323869404939 2.7738957906562987 0.0050589548290000961 -1.6316665775027535 4.6689482627710101e-05 0.0072741092992887344 0.00045327980314707414 0.54788016463857192 0.50457609917552049 18.686536729693991 1.3070614394931972 0.060457559488807384 265.50000000000006 0.0075202974831167693 -0.92608276510850451 303.50000000000006 0.0017232011854232511 1.7876916952489277 -0.026552258139722892 0.12499999739583896 0.008168048501435073
decision_type=2 2 2 2 2 2 2 2 2 2 2 2 2 2 2 2 2 2 2 2 2 2 2 2 2 2 2 2 2 2
left_child=2 3 -1 -2 6 -6 21 8 -7 14 11 -8 13 -13 -9 -16 -17 -18 19 -19 -20 22 -3 -24 25 -23 28 -28 29 -27
right_child=1 4 -4 -5 5 7 10 9 -10 -11 -12 12 -14 -15 15 16 17 18 20 -21 -22 24 23 -25 -26 26 27 -29 -30 -31
leaf_value=-0.016694997956156997 -0.055157435670304039 -0.017970519863145958 -0.052294039607596515 -0.0098514536951131021 -0.063602303928428208 0.050063569741957387 -0.018307425787911606 0.0032734718344861963 0.3096397378461086 0.16992092747006315 -0.053287865337864997 0.4327791839822635 0.0049045165790301756 -0.010693964167764407 -0.040068333107894281 -0.032980425554287415 0.21134397827884338 0.13886006574728701 0.1514485503167404 -0.024675510625497509 0.048856235965966263 0.05310391867801241 0.17550220569925201 0.0016305840687832294 -0.00035505956652588503 -0.032712316129595152 0.39973194557868968 0.055599957907955778 0.013546574419451394 0.29260277681979396
leaf_weight=18.739442057922133 6.8680095359450233 80.076304227783112 17.425185368527309 22.025975045457017 4.002998711745021 3.076663653046126 46.589698768832022 82.853170567250345 0.40938114505843159 0.65426376927643914 9.7747797170886752 0.51409437460824736 13.466395073628517 0.84968081535771489 4.8075723062502247 2.5925549315288654 1.6743403244763602 1.2354960571974496 2.5308098271489143 4.1594163933768868 2.8665209114551544 14.519483196956569 0.64135152683593233 170.10610782011645 178.82229283213383 14.729915866628286 0.21993442624807347 5.0095192804583339 81.447596946003614 0.28615861013531763
leaf_count=37570 179 12489 58091 433 143 844 7734 2870 50 12 634 13 408 35 94 43 24 18 22 63 23 6785 37 8030 24666 2187 3 422 10917 7
internal_value=-0.00139673 0.000153962 -0.0338477 -0.0206205 0.000978587 0.00971077 -0.000590285 0.0124571 0.0805467 0.0101609 -0.0153715 -0.00933718 0.0188433 0.15648 0.00914336 0.0336234 0.0571492 0.0758926 0.0548783 0.012776 0.0969618 0.00133758 -0.00418255 0.00228367 0.00603051 0.0158563 0.0105382 0.0700731 0.0073107 -0.0265128
internal_weight=792.975 756.81 36.1646 28.894 727.917 110.863 617.053 106.86 3.48604 103.374 71.1946 61.4199 14.8302 1.36378 102.72 19.8667 15.0591 12.4666 10.7922 5.39491 5.39733 545.859 250.824 170.747 295.035 116.213 101.693 5.22945 96.4637 15.0161
internal_count=174846 79185 95661 612 78573 4206 74367 4063 894 3169 8824 8190 456 48 3157 287 193 150 126 81 45 65543 20556 8067 44987 20321 13536 425 13111 2194
is_linear=0
shrinkage=0.05


Tree=78
num_leaves=31
num_cat=0
split_feature=11 30 13 8 12 1 1 7 10 11 27 6 13 3 15 29 13 2 27 13 13 13 12 11 10 29 29 15 0 0
split_gain=14.875 4.75042 4.5406 4.16632 3.92204 7.26465 7.53205 23.6725 6.37852 5.16746 5.44297 13.0828 6.38689 10.4674 13.2175 6.1543 5.46244 5.5133 5.27053 4.39235 11.8036 10.3895 9.96275 10.117 7.30573 7.0229 15.8291 21.1398 6.98596 11.7838
threshold=0.0017124101691228272 -30.491570439839894 326.50000000000006 0.98976569862867259 0.19166071428571438 0.0035503341150315841 0.003478488076254727 0.00015121729925900518 0.0022736055436146786 0.0017490196768810095 1.0000000180025095e-35 0.0010650005338424435 338.50000000000006 -0.0022393848119911515 0.039062499389651749 -0.33344514798232 340.50000000000006 0.0035373136080675276 807036.50000000012 265.50000000000006 253.50000000000003 303.50000000000006 0.20797142857142784 0.0061079227541028366 0.0017232011854232511 -0.46095178496930683 -0.45541565968585285 0.62949418827798553 -0.0054305701296142308 -0.0034865526532203979
decision_type=2 2 2 2 2 2 2 2 2 2 2 2 2 2 2 2 2 2 2 2 2 2 2 2 2 2 2 2 2 2
left_child=2 3 -1 -2 5 6 8 -8 -3 -10 11 -11 18 -14 -15 -16 -17 -18 -12 20 22 24 23 -6 -21 -26 27 -27 -23 -30
right_child=1 4 -4 -5 19 -7 7 -9 9 10 12 -13 13 14 15 16 17 -19 -20 21 -22 28 -24 -25 25 26 -28 -29 29 -31
leaf_value=-0.016101019414127792 -0.054827647860674469 -0.039068640593504678 -0.052119443604172561 -0.0094266336755181156 -0.054131688232841348 -0.048570674953703902 1.6018948245937636 -0.050743385129977142 0.19202165808341709 -0.051841480779432104 -0.016682416717758896 0.35599160345104092 -0.052454109631848413 0.53047952353511607 -0.014675483288185347 0.3594808479473714 0.00081509198638241194 0.17669284755294096 0.28511474156733901 0.048760828052766075 -0.017783541038379057 -0.025510839163021711 0.0021987035567704416 0.15026415878462226 -0.016703787681542206 -0.051249955766422807 0.015598414761509909 0.53718580073291111 0.040989553113973926 -0.0022839209681117687
leaf_weight=18.466311913405661 6.5713625198113759 8.4352058900694882 16.629493576532695 21.871700420655543 0.8379025087342592 11.159159956761867 0.030262035230406492 0.07630520046222955 0.39404289438971574 0.42311986722052353 13.81298816204071 0.36737558082677424 1.6030289181508122 0.17150888062315006 1.1164048045175152 0.23233159910887513 0.77403885062085453 1.0500683074642436 0.14619624800980169 15.355810914596075 89.643492711504223 26.362351767311338 256.44905842709704 2.1818677983246744 17.977621360390913 0.27970447228290041 107.40615700071794 0.33596008404856548 17.520941990980646 154.06875089873211
leaf_count=37570 179 6828 58091 433 96 2741 15 35 55 22 2183 18 228 21 75 9 114 73 3 6329 10559 646 12424 81 2552 43 10563 20 1150 21690
internal_value=-0.00134587 0.000130119 -0.0331677 -0.0199159 0.000913092 -0.0143494 -0.00101228 0.418558 -0.00257969 0.0127401 0.00915355 0.137695 0.00377914 0.0525939 0.102946 0.0798355 0.131144 0.102061 -0.0135217 0.0017953 -0.00214207 0.00584644 0.00326188 0.09355 0.0162001 0.0122319 0.0170475 0.269852 -0.001547 0.00213471
internal_weight=791.751 756.655 35.0958 28.4431 728.212 39.792 28.6329 0.106567 28.5263 20.0911 19.6971 0.790495 18.9066 4.94738 3.34435 3.17284 2.05644 1.82411 13.9592 688.42 349.112 339.307 259.469 3.01977 141.355 125.999 108.022 0.615665 197.952 171.59
internal_count=174846 79185 95661 612 78573 12420 9679 50 9629 2801 2746 40 2706 520 292 271 196 187 2186 66153 23160 42993 12601 177 19507 13178 10626 63 23486 22840
is_linear=0
shrinkage=0.05


Tree=79
num_leaves=31
num_cat=0
split_feature=11 30 13 12 15 12 0 12 28 6 15 13 13 13 12 14 6 0 0 5 28 28 12 14 0 9 5 11 21 6
split_gain=13.9128 4.39829 4.23822 4.07339 6.00982 5.5159 8.44773 5.65569 12.6027 7.27469 4.50833 4.25318 10.7843 9.0489 8.50325 10.8124 10.2205 6.61159 10.1613 12.949 9.79457 15.8121 11.1377 7.37773 6.5775 6.54987 6.2619 6.03248 10.2705 9.33271
threshold=0.001851008841986913 -30.491570439839894 326.50000000000006 0.19166071428571438 0.39999997333332099 0.13579285714285816 0.0032278961962544099 0.14261428571428605 -0.012268579845642372 6.6863577735482904e-06 0.38095236281182693 265.50000000000006 253.50000000000003 303.50000000000006 0.22527857142856891 140.50000000000003 9.3551933067970055e-05 -0.0054305701296142308 -0.0034865526532203979 0.005722083993489965 -0.014918310393935008 0.0096755801574105113 0.98483928571428303 81.500000000000014 -0.0090972045830101083 0.94259215450552514 0.00081157149097858339 0.0081089144726600292 1.0000000180025095e-35 0.0041748257066209849
decision_type=2 2 2 2 2 2 2 2 2 2 2 2 2 2 2 2 2 2 2 2 2 2 2 2 2 2 2 2 2 2
left_child=2 -2 -1 4 5 10 7 8 -7 -10 -3 12 14 -13 15 16 -5 24 19 20 23 -22 -23 -19 -15 -14 -18 28 29 -16
right_child=1 3 -4 11 -6 6 -8 -9 9 -11 -12 13 25 17 27 -17 26 18 -20 -21 21 22 -24 -25 -26 -27 -28 -29 -30 -31
leaf_value=-0.015802533383107942 -0.019223649346535913 -0.044220870648515757 -0.048896378856097461 0.59409787037516659 -0.034703199721210221 0.36493914006512901 0.21649228633117681 0.0021976535402768354 0.21364657029699052 -0.053216147539527831 0.095185656476136943 0.015470750706298712 -0.0090062153240085176 0.0068646869132618533 -0.017697111517230451 0.033661772642480679 0.35555946195473997 0.036230944086981236 -0.0017426656332252704 0.22406195689924316 -0.023339860790826752 0.032429577988510913 0.22346729838385301 0.17495674326114968 -0.044741081783052215 -0.039973049490784063 0.045540347053042059 0.0066209361870813374 0.20654038202536654 0.045883573885623773
leaf_weight=22.083313253126107 28.010225686390186 6.086018496775071 17.217228618566878 0.15426189283607428 19.127886962742195 0.3583892174065112 0.55338034930173385 9.7277237647795101 0.36593520516180145 0.84524943155702204 0.64103362403693598 141.74084485284402 65.060745437222067 10.120445834472777 65.395282302546548 4.5287274219444953 0.24181955715175718 2.1449031803058509 151.68114515152411 0.88864665920846064 9.9954652712331136 2.0553879294311641 1.2133383275941012 1.7325601344928143 15.836416976177132 23.152191736910027 0.49896376143442467 182.42820026626578 0.54124137666076322 6.3303146336693308
leaf_count=42259 608 1904 61021 22 5959 15 16 1917 38 174 72 17579 7959 152 6148 234 30 53 18606 25 923 38 18 17 491 2450 50 5910 23 135
internal_value=-0.00129998 0.000216726 -0.0303007 0.000969413 -0.0150306 0.00522448 0.0257513 0.0164082 0.104481 0.0274111 -0.0309366 0.00184918 -0.00202633 0.00585015 0.00309697 0.0650462 0.223844 -0.00111895 0.0024755 0.0379611 0.0283134 0.00787866 0.103342 0.0982175 -0.0246203 -0.0171337 0.146742 0.00177775 -0.0104482 -0.0120856
internal_weight=790.757 751.457 39.3005 723.447 37.7056 18.5777 11.8507 11.2973 1.56957 1.21118 6.72705 685.741 348.332 337.409 260.119 5.42377 0.895045 195.668 169.711 18.0303 17.1417 13.2642 3.26873 3.87746 25.9569 88.2129 0.740783 254.695 72.2668 71.7256
internal_count=174846 71566 103280 70958 10095 4136 2160 2144 227 212 1976 60863 22961 37902 12552 336 102 20323 19680 1074 1049 979 56 70 643 10409 80 12216 6306 6283
is_linear=0
shrinkage=0.05


Tree=80
num_leaves=31
num_cat=0
split_feature=4 12 11 7 7 9 13 13 7 13 11 12 27 27 15 28 3 11 10 12 11 15 15 1 7 2 12 15 29 4
split_gain=15.5401 5.55664 6.01943 4.06347 51.0222 76.956 3.93739 10.9971 10.8497 8.10183 7.25173 6.78652 6.33819 9.39598 16.4175 26.0678 12.7744 15.0407 13.8792 12.5805 12.3696 10.5793 11.6105 6.25274 6.1853 6.0462 7.84917 6.6556 6.16638 5.99862
threshold=0.0017726555933195796 0.037496428571428868 0.0015122684669337083 0.001317669267351866 0.0013372687242721576 0.6840318325253899 267.50000000000006 279.50000000000006 0.0050957478073364853 256.50000000000006 0.001522369898466302 0.24581428571428535 0.44830424619225268 1.0633547519313546 0.39999997333332099 0.0092322510585039538 -0.0041882584234402267 0.0034780720965156349 0.0031839523916581038 0.25964285714285351 0.0053853013257869255 0.94736834626037092 0.95412842286007082 0.01049100973918793 0.00088349556412716348 0.032984199339558658 1.4028571428571441 0.79347825483223366 3.79296205630355 0.0068159402347327874
decision_type=2 2 2 2 2 2 2 2 2 2 2 2 2 2 2 2 2 2 2 2 2 2 2 2 2 2 2 2 2 2
left_child=3 -2 -3 -1 5 -5 9 8 10 -4 -8 -12 -13 14 19 16 17 -16 -19 -14 -18 25 -23 -24 -20 26 27 28 -15 -11
right_child=1 2 6 4 -6 -7 7 -9 -10 29 11 12 13 21 15 -17 20 18 24 -21 -22 22 23 -25 -26 -27 -28 -29 -30 -31
leaf_value=-0.033057211412514498 0.098560810858406456 -0.051385183729297824 -3.0953651543392589e-05 6.5858604657988824 -0.050069693599875745 -0.050049265120135779 0.44110901182467482 -0.00018274542008810254 0.10415133600077363 -0.0077740265651689705 -0.031971368140461379 -0.011220873244926294 0.35559893290112998 0.019622967075056362 0.047916354553963682 -0.09536881984843143 0.046137017325192271 0.47908269938639397 0.30652218637949802 -0.0092725932377668973 0.26668746560261852 0.46940388872432054 -0.050513895405634605 0.10669929659817484 0.11590864920048911 0.093743372489093313 -0.097017335490357223 -0.035807769024519646 0.235095317842555 -0.038697190225861058
leaf_weight=40.184445519014844 1.4252093628456339 5.7135377132508429 319.53781725271256 0.0075347686070007516 0.19300134903460275 0.010398531347163953 0.10086051933467288 292.32979670331406 3.8434782926924518 42.883644981455291 6.3778501691704141 11.015791103098307 0.24495371890952711 11.976040271518297 0.94752591536962372 1.3601357417064717 3.5488562919781534 0.65643993229605291 0.82747709844261386 6.6429064122203272 0.77447762270458032 0.19228237093193401 0.82129255618201602 2.7507498885388486 0.87628814671188593 1.616051036864518 2.1561008645221582 6.8764524617872658 0.34150612528901625 24.72482969367411
leaf_count=82360 427 18026 15832 13 318 27 31 40695 42 8146 2036 1419 26 1520 202 55 534 28 19 811 13 39 302 98 24 10 141 806 30 782
internal_value=-0.0016985 -7.26035e-05 -0.00026025 -0.0319083 0.186972 2.73806 0.000132667 0.00392582 0.0227077 -0.00335804 0.0174996 0.0167876 0.0225866 0.0313268 0.0617903 0.106289 0.142231 0.216191 0.283746 0.00370337 0.0856462 0.0132303 0.0909259 0.0705525 0.208485 0.000495356 -0.00656286 0.00359808 0.025597 -0.0190828
internal_weight=790.958 750.562 749.137 40.3954 0.210935 0.0179333 743.424 356.277 63.9475 387.146 60.104 60.0032 53.6253 42.6095 15.8791 8.9912 7.63107 3.30773 2.36021 6.88786 4.32333 26.7305 3.76432 3.57204 1.70377 22.9662 21.3501 19.194 12.3175 67.6085
internal_count=174812 92094 91667 82718 358 40 73641 48881 8186 24760 8144 8113 6077 4658 1712 875 820 273 71 837 547 2946 439 400 43 2507 2497 2356 1550 8928
is_linear=0
shrinkage=0.05


Tree=81
num_leaves=31
num_cat=0
split_feature=4 12 11 5 4 1 4 5 4 2 7 13 13 13 11 11 7 12 15 2 27 12 1 1 15 15 6 27 27 27
split_gain=17.7188 4.80281 5.71874 4.78893 32.3528 108.116 4.70861 15.8946 5.69479 4.55974 4.03204 3.59511 10.3187 7.63772 9.21724 10.7528 10.0582 7.94616 11.2784 7.27831 6.64907 10.602 6.10409 12.2732 11.8182 10.3035 13.7693 7.61577 14.7446 8.74811
threshold=0.0017726555933195796 0.037496428571428868 0.0015122684669337083 0.0012204592451840151 0.0012401750380123093 -0.0021277727703493117 0.001451348718253588 0.0014482860555911645 0.0014404987026327134 0.046380285035761755 0.00035189583883167753 264.50000000000006 256.50000000000006 279.50000000000006 0.0084492957535426457 0.0063267270256045982 0.0043205790765155549 1.4028571428571441 0.94736834626037092 0.032984199339558658 0.11032717755040523 1.0121142857142862 -0.0020373635667015884 -0.00087859666335521325 0.78225202337193711 0.09574467932321952 0.00086559389214449685 1.0130384905302627 0.91058059966251326 0.92170531454827376
decision_type=2 2 2 2 2 2 2 2 2 2 2 2 2 2 2 2 2 2 2 2 2 2 2 2 2 2 2 2 2 2
left_child=3 -2 -3 9 5 -5 7 8 -6 -1 -8 12 -4 14 15 16 17 19 -19 22 21 -14 -13 24 25 26 -24 28 -25 -30
right_child=1 2 11 4 6 -7 10 -9 -10 -11 -12 13 20 -15 -16 -17 -18 18 -20 -21 -22 -23 23 27 -26 -27 -28 -29 29 -31
leaf_value=-0.040822307528066308 0.089726673192239093 -0.05134895213457933 -2.9406839725775561e-05 7.1053451839593409 -0.050070785083524742 -0.050051928786486725 -0.050377224175769231 0.9899997292753222 0.20558980725170489 0.095100080410659357 0.17910127459713393 -0.0033146916746855902 -0.0070344302205202188 -0.00017363346467783917 0.080948785162496761 -0.057712357640518533 0.10657649951518935 -0.071933356703411361 0.21270894255037415 0.18548641361727478 -0.028545497396003691 0.21187118038660957 0.12821091106457269 0.023530618798972367 0.38627942022154627 0.058738122775888968 0.76579382694086373 0.0039224334517185015 0.37018414604142141 0.12048298804910032
leaf_weight=37.634908023275784 1.4855979615531385 5.438624228045227 319.52965066075558 0.0069876605266472316 0.52421823552867897 0.0215906512603391 2.0688094078941508 0.048005121148889884 0.3726584142568754 0.62730274861678381 0.21093372894392803 23.458640075376024 2.138196743355365 292.28814453110681 5.3018104503862551 5.052211618050932 3.0526848922017953 4.3139701286563641 0.37854303201311257 0.64578859927132626 48.536922690371284 0.74612573138438154 0.27452938520582293 6.553926131455226 0.33994965814054001 4.3348407630692236 0.12244971474865451 24.593966380081838 0.46598547874600615 1.4185581338824702
leaf_count=76862 427 18026 15832 7 1414 66 4045 22 93 26 183 3281 268 40695 49 141 62 387 34 8 6383 42 68 1231 21 764 25 4133 21 196
internal_value=-0.00184483 -8.58264e-05 -0.000263968 -0.0336422 0.0245968 1.69951 0.0097529 0.103602 0.0561579 -0.0385939 -0.0291447 0.00010969 -0.00337475 0.00357874 0.0172359 0.0127323 0.01782 0.01377 -0.0489714 0.0185027 -0.0241626 0.0495928 0.0167511 0.0291045 0.101524 0.0810659 0.324876 0.0179853 0.0589717 0.182226
internal_weight=791.987 750.471 748.986 41.5154 3.2532 0.0285783 3.22462 0.944882 0.896877 38.2622 2.27974 743.547 370.951 372.596 80.3079 75.006 69.9538 66.9011 4.69251 62.2086 51.4212 2.88432 61.5628 38.1042 5.07177 4.73182 0.396979 33.0324 8.43847 1.88454
internal_count=174812 92094 91667 82718 5830 73 5757 1529 1507 76888 4228 73641 22525 51116 10421 10372 10231 10169 421 9748 6693 310 9740 6459 878 857 93 5581 1448 217
is_linear=0
shrinkage=0.05


Tree=82
num_leaves=31
num_cat=0
split_feature=4 5 4 28 7 12 11 2 29 10 29 27 4 15 15 27 8 11 3 2 5 5 28 15 7 11 12 10 28 10
split_gain=19.5998 4.38137 6.04755 5.20929 4.62023 4.17186 5.43414 4.1197 3.42707 4.6755 8.39774 6.61853 7.28224 8.26689 15.8489 7.15738 6.63668 11.4911 8.60619 6.0749 5.98867 6.32223 6.23627 6.73804 5.84867 7.84028 8.00547 6.45417 6.4843 5.94454
threshold=0.0017726555933195796 0.0013426662869834916 0.001451348718253588 0.010143410851141661 0.00035189583883167753 0.037496428571428868 0.0015122684669337083 0.046380285035761755 0.16629858418739277 0.0060266998569563244 0.14047436833135798 2.4184796911424229 0.0040405043154885766 0.3947368317175089 0.27338129348894513 0.5614487300947274 0.66953622227740428 0.01322060083060997 0.017912743380028021 0.020204610470278776 0.0039934041087006577 0.0023470301047684105 -0.00905489022001057 0.77777775617285994 0.0038702528084811677 0.009164485748483395 0.57630000000000403 0.0049021053059656013 0.0075844624588834826 0.0018495729202674543
decision_type=2 2 2 2 2 2 2 2 2 2 2 2 2 2 2 2 2 2 2 2 2 2 2 2 2 2 2 2 2 2
left_child=1 7 3 -3 -4 -2 -7 -1 9 24 11 12 13 14 -11 -14 17 18 -17 -20 21 -13 -23 -24 29 -26 -27 28 -28 -8
right_child=5 2 4 -5 -6 6 8 -9 -10 10 -12 20 15 -15 -16 16 -18 -19 19 -21 -22 22 23 -25 25 26 27 -29 -30 -31
leaf_value=-0.041480024383747885 0.082085080200594351 0.10238187510957003 -0.050313678200277934 0.514185074699825 0.22018254743710719 -0.051312471135794062 0.016944761615778906 0.083255816922696207 -0.0036511096541506035 0.056884907268860689 0.109967047228679 -0.021345366649248992 -0.0091565516217625934 0.012876513431648945 0.31866030221933478 -0.014524149003802535 0.032878605777258943 -0.059885828548718704 0.15114158478253559 0.027722033312270352 -0.043421539002163473 0.18225116833479355 -0.057360226210291368 0.088635099766006947 -0.0080959967621155818 -0.05669660275235499 0.056581645398935468 0.0052342888048475637 0.15167258113395118 -0.0049521144755444828
leaf_weight=38.548397302001831 1.5411865600326553 0.61346379328460843 1.4737059036124263 0.087785392999649048 0.17680243305221655 5.1769655556272474 35.611864356978913 0.67351251875515927 335.46045685729769 2.0510819554328914 2.143562886863946 6.0190667691640574 26.79066038550809 3.11162826907821 0.80519001279026259 4.9434836283326131 40.328049397561699 5.9695830089040092 1.8325009169057009 2.1868918789550662 9.953705096151678 0.82296654861420382 1.3484537177719178 1.9093392915092406 10.360592270910276 1.5282998280599702 5.1724594244733435 3.183033999055624 2.7437544148415327 239.08734734037716
leaf_count=79135 427 554 2982 1 18 18026 14847 28 30282 60 38 168 499 137 26 126 733 143 30 54 196 13 42 38 371 28 87 51 42 25630
internal_value=-0.00194601 -0.0353634 0.0309244 0.153933 -0.0213381 -9.38379e-05 -0.000263038 -0.0393381 9.24827e-05 0.00317122 0.0119688 0.010025 0.0159311 0.069258 0.13068 0.0120525 0.0223347 -0.00614106 0.0296548 0.0839908 -0.015898 0.0112274 0.0592717 0.0282053 -8.6005e-05 0.0241407 0.0505902 0.0653629 0.0895401 -0.00211341
internal_weight=791.656 41.5737 2.35176 0.701249 1.65051 750.082 748.541 39.2219 743.364 407.904 110.216 108.073 88.0191 5.9679 2.85627 82.0512 55.2605 14.9325 8.96288 4.01939 20.0535 10.0998 4.08076 3.25779 297.687 22.9881 12.6275 11.0992 7.91621 274.699
internal_count=174812 82718 3555 555 3000 92094 91667 79163 73641 43359 2303 2265 1808 223 86 1585 1086 353 210 84 457 261 93 80 41056 579 208 180 129 40477
is_linear=0
shrinkage=0.05


Tree=83
num_leaves=31
num_cat=0
split_feature=4 5 4 7 2 12 4 18 15 15 9 0 15 3 6 6 1 4 26 13 7 12 4 10 29 28 13 6 29 29
split_gain=18.3212 4.0659 4.78547 3.84801 3.74163 3.63848 3.54106 3.41293 5.9691 5.41912 5.0367 4.67092 7.62938 5.00988 6.28593 10.3146 5.08696 8.53933 7.46864 8.05124 7.11307 6.71295 12.9925 6.46633 7.44979 6.42516 5.93117 6.57852 13.1779 4.75354
threshold=0.0017726555933195796 0.0013426662869834916 0.001451348718253588 0.00035189583883167753 0.046380285035761755 0.037496428571428868 0.0014404987026327134 0.0053473312752077016 0.97142854367346121 0.99999999417334007 1.7024837298634143 -0.0054305701296142308 0.86972008932862677 -0.07906595837320389 0.00036289298291250282 3.9693565735607382e-05 0.0026074511439529995 0.0092310600866750726 1.0000000180025095e-35 319.50000000000006 0.0017014280528837315 0.17267857142856766 0.0070466568739997052 0.023407117095622848 0.098825641460831962 -0.010606161711592434 273.50000000000006 0.0023150111101595907 1.0302111414186359 2.2782210061192143
decision_type=2 2 2 2 2 2 2 2 2 2 2 2 2 2 2 2 2 2 2 2 2 2 2 2 2 2 2 2 2 2
left_child=1 4 6 -4 -1 -2 -3 8 11 -9 -11 12 13 14 15 -7 17 21 19 23 26 22 -15 24 -19 -18 -20 28 -28 -27
right_child=5 2 3 -5 -6 7 -8 9 -10 10 -12 -13 -14 16 -16 -17 25 18 20 -21 -22 -23 -24 -25 -26 29 27 -29 -30 -31
leaf_value=-0.040848450837195745 0.075393009863281568 -0.050084853556499609 -0.050298937673720207 0.18397852055282538 0.075305286346791692 -0.058009354867666042 0.19220071883722198 0.0090411183455496088 -0.022736547212791735 0.014146967150538063 0.15184180448748857 0.0015053499992770522 0.11563334779231918 0.32294442502787979 -0.049772392285297617 0.11838053823583659 0.080284679506274048 0.046152634461910202 -0.014278266757094763 0.12502643911322575 -0.04277785482055154 -0.030947758594192604 -0.053485559197658711 0.1204675465361659 -0.045940909593123372 -0.055907751555074908 0.032107563866084168 -0.025186697067839488 0.27302041593702336 -0.008132398799418409
leaf_weight=37.221075860259589 1.5926881237828627 0.20339004248671644 1.4022328864084554 0.2003112306119873 0.70648070122115214 1.7340740915387898 0.58329975508968346 37.335681173717603 30.403004215593683 1.329082936746999 1.3274215453420763 590.39450373414729 1.1754209734499443 0.39857790328096854 14.893146054819224 1.587545841000974 1.3361188117414737 5.9570932760834676 3.8752412076573819 2.6530180443078288 6.6166235730051994 16.962144798540976 0.53949751774780452 1.6153536941856135 3.4781032792525366 10.773504312383013 1.5336142666637904 1.1190552730113266 0.90118430089205492 10.076017841696737
leaf_count=79135 427 481 2982 18 28 29 74 738 5950 32 14 82566 19 36 179 24 18 103 118 37 138 920 36 24 92 271 38 20 22 243
internal_value=-0.00186525 -0.0346996 0.028564 -0.0210152 -0.0386848 -9.92924e-05 0.12956 -0.000260032 -0.00106271 0.0139506 0.0829513 -9.02651e-05 -0.0108904 -0.0126186 -0.0359008 0.026295 -0.00636703 0.00317827 0.020547 0.0468085 -0.00507483 -0.023747 0.106455 0.0280299 0.0122041 -0.0260076 0.0285049 0.075157 0.121276 -0.0328192
internal_weight=789.925 40.3168 2.38923 1.60254 37.9276 749.608 0.78669 748.015 708.023 39.9922 2.6565 677.62 87.2253 86.0499 18.2148 3.32162 67.8351 45.6495 27.7493 13.7036 14.0457 17.9002 0.938075 11.0506 9.4352 22.1856 7.4291 3.55385 2.4348 20.8495
internal_count=174812 82718 3555 3000 79163 92094 555 91667 90883 784 46 84933 2367 2348 232 53 2116 1584 592 256 336 992 72 219 195 532 198 80 60 514
is_linear=0
shrinkage=0.05


Tree=84
num_leaves=31
num_cat=0
split_feature=10 27 11 11 15 27 6 12 15 27 10 30 7 11 5 11 3 13 14 0 27 27 27 0 15 27 2 3 2 27
split_gain=14.9018 3.81918 5.17851 5.73405 5.55181 6.69715 12.2335 10.1226 5.61613 5.26705 4.1213 4.117 3.91535 6.61173 13.0563 11.1915 6.67037 9.19333 7.60299 10.3443 8.0505 13.9464 6.29075 6.05826 16.5906 9.19129 8.15993 5.71069 8.77524 11.7579
threshold=0.00092755561819021315 187212.00000000003 0.0055628798134382904 0.023310232750711899 0.91666665937499681 334527.00000000006 0.00145916614768255 0.46355357142857051 0.77419352341310155 807036.50000000012 0.0009935928984324651 0.16973678256036653 0.00023232176584138018 0.0084492957535426457 0.0065453801025593698 0.0050554175243228182 0.01631044442007901 290.50000000000006 126.50000000000001 -0.003344593445810284 1.5626432940136274 1.7366200934599978 3.1865048101465754 0.0030985290186825725 0.29032257284079999 2.0322864461145111 0.014271818766839807 -0.0090847536384190391 -0.0066100828768129718 0.86895702838205635
decision_type=2 2 2 2 2 2 2 2 2 2 2 2 2 2 2 2 2 2 2 2 2 2 2 2 2 2 2 2 2 2
left_child=-1 12 10 4 8 6 11 -7 -4 -9 -3 -6 13 15 22 16 27 18 19 -18 -21 -22 23 -15 -25 -26 -27 28 -2 -30
right_child=1 2 3 -5 5 7 -8 9 -10 -11 -12 -13 -14 14 -16 -17 17 -19 -20 20 21 -23 -24 24 25 26 -28 -29 29 -31
leaf_value=-0.044059350137867118 -0.013555376756151634 0.18660679645652217 0.070192023876156542 -0.027412647286208881 -0.051914029821727763 0.15141121611089375 0.33630434955902405 0.051446093736254341 -0.028589105345021106 -0.06487048660776619 -0.044802664606684216 0.15790564442429866 0.00048120167825437465 0.022368952045990161 -0.02557971424687356 -0.042647264709806842 0.39318581741644892 -0.051103829694557359 0.015516525748505301 -0.050651926695378338 0.61460758199638821 0.10938619202394656 -0.021834820905936567 0.31122686359137924 0.015382274439717744 0.029694241809468599 0.27674500828496501 -0.021826001775570307 0.12336312244471639 -0.027650528965700638
leaf_weight=20.310179047606653 9.8902192055684264 0.20336937450338455 2.3971801851876098 3.2227600365877143 0.47151861642487325 1.7707199333235619 0.63638034183532 2.6568111017113551 3.5994480743538588 1.5358769104350356 3.5680989932734519 0.46371239307336509 608.19224432934425 18.933005605067599 20.412603965494782 28.856971764180344 0.33480858185794238 2.0507335009169765 2.8119816629041452 0.66836765129119102 0.15000350133050222 1.528278532598051 5.6370570845901957 0.68479117378592391 4.3486103548202664 0.61125377821736016 0.7375119193457067 36.561759868636727 3.3611704523646031 2.0907190618599998
leaf_count=53007 1955 57 41 65 28 43 12 47 113 54 716 12 74923 1199 445 2638 15 444 433 139 17 173 303 19 227 41 20 35437 1176 1013
internal_value=-0.0017859 -0.000668515 0.0206092 0.0325247 0.0467996 0.0753705 0.167193 0.0511715 0.0108991 0.00883669 -0.0323243 0.0521201 -0.0012525 -0.00880193 0.00546189 -0.0170988 -0.00469725 0.0392337 0.0729572 0.133194 0.0960995 0.154542 0.0259334 0.0365702 0.078699 0.0507506 0.164783 -0.0110826 0.0145201 0.0654516
internal_weight=788.698 768.388 20.5259 16.7544 13.5316 7.53502 1.57161 5.96341 5.99663 4.19269 3.77147 0.935231 747.862 139.67 51.3648 88.305 59.448 7.54417 5.49344 2.68146 2.34665 1.67828 30.9522 25.3152 6.38217 5.69738 1.34877 51.9039 15.3421 5.45189
internal_count=174812 121805 1188 415 350 196 52 144 154 101 773 40 120617 45694 2254 43440 40802 1221 777 344 329 190 1809 1506 307 288 61 39581 4144 2189
is_linear=0
shrinkage=0.05


Tree=85
num_leaves=31
num_cat=0
split_feature=11 10 28 10 28 7 2 0 13 11 11 14 9 5 7 15 29 3 9 7 29 28 6 6 29 5 3 13 13 15
split_gain=9.76013 4.80025 4.22655 5.93497 8.46338 14.719 7.81824 7.66657 7.24037 13.7915 13.8547 5.91447 5.71818 7.26723 8.19835 5.92463 9.95125 6.57334 9.77431 8.70337 11.4271 10.4603 5.57157 9.26469 9.47475 6.30243 5.97724 5.54289 9.53462 15.3309
threshold=0.0014742974932022642 0.002049187038524919 -0.0099935509699414816 0.00538255656152238 -0.013413914000899484 0.0050957478073364853 0.018202917026876157 0.0072741092992887344 303.50000000000006 0.017697895485238996 0.016337970691581008 82.500000000000014 0.80882228546976231 0.0013426662869834916 0.0029373081026610949 0.52965033153026242 -0.46095178496930683 -0.031711046850673656 2.9799000421009221 0.0018072907774041626 1.394646670052746 -0.020423588983883179 0.00065966661985250173 0.0012860981468499958 13.048623687069904 0.0022519075058894272 -0.013760859189060946 313.50000000000006 259.50000000000006 0.87664238154644336
decision_type=2 2 2 2 2 2 2 2 2 2 2 2 2 2 2 2 2 2 2 2 2 2 2 2 2 2 2 2 2 2
left_child=1 -1 3 6 8 7 27 22 12 10 11 -10 13 -5 -15 17 -17 -14 19 20 21 -19 -6 25 -25 -24 -27 28 -2 -30
right_child=2 -3 -4 4 5 -7 -8 -9 9 -11 -12 -13 15 14 -16 16 -18 18 -20 -21 -22 -23 23 24 -26 26 -28 -29 29 -31
leaf_value=-0.03769280751815466 -0.02118399276857473 0.058735924814133825 -0.002398415910476721 0.095267333824263639 -0.02680382402046599 0.15972855064462699 0.087928762222471257 0.11934247744690414 0.030983350191321063 -0.017161384920965955 0.20680313705804718 0.12932297356961839 -0.0075072525993596434 -0.021627145026189329 0.10605195958940224 0.058546010608997973 -0.098737643824773777 -0.00067712179056976475 0.18406424217993789 -0.044275703237356627 -0.053250473505796397 0.21714859933293129 0.21433093399100511 -0.01592056962471531 0.12642652498525855 -0.014374994621972205 0.13658627719197414 -0.036456665473736015 0.016126811689693269 0.33588044633758712
leaf_weight=23.105706405345703 28.318231916462537 1.3669497484224837 568.85978618550871 3.2985902014188451 5.2662059906870224 2.3317073127254835 2.1729131648316971 2.0083838663995257 10.320280345156787 8.7549462132155877 1.4966493062675006 1.7948852032423026 55.434278070926666 5.8012807941995561 1.6051325872540472 1.3665399048477409 3.808090914040803 0.87850794009864364 1.0462544932961462 2.9399932269006968 1.2058842284604905 1.4790549427270883 0.93244771566241924 7.2993318019434792 1.3919034097343681 1.279306430369616 1.3451719284057613 13.999537558018345 25.391335193984563 0.38048298819921811
leaf_count=78980 1357 788 89009 56 172 37 24 39 133 104 18 28 940 129 23 19 70 18 18 48 37 38 31 172 31 35 13 941 1657 14
internal_value=-0.00122569 -0.0323067 -0.00022775 0.00615871 0.0127774 0.0409953 -0.00543576 0.0268143 0.00668544 0.0317946 0.0632824 0.0455526 -0.000435837 0.0335367 0.00604372 -0.00577157 -0.0572015 -0.00154619 0.0422234 0.0194044 0.0719432 0.135979 0.0162041 0.0346957 0.00687635 0.102671 0.0629999 -0.00841526 -0.00115761 0.0208475
internal_weight=786.68 24.4727 762.207 193.347 123.085 21.8545 70.2625 19.5228 101.23 22.3668 13.6118 12.1152 78.8636 10.705 7.40641 68.1586 5.17463 62.984 7.54969 6.50344 3.56345 2.35756 17.5144 12.2482 8.69124 3.55693 2.62448 68.0896 54.0901 25.7718
internal_count=174979 79768 95211 6202 2209 530 3993 493 1679 283 179 161 1396 208 152 1188 89 1099 159 141 93 56 454 282 203 79 48 3969 3028 1671
is_linear=0
shrinkage=0.05


Tree=86
num_leaves=31
num_cat=0
split_feature=4 28 6 13 14 12 21 28 12 14 12 7 15 24 30 11 6 11 23 10 12 7 13 27 9 15 1 11 6 29
split_gain=11.5268 4.98105 5.87426 4.35107 4.16799 3.95931 3.72364 3.4892 5.50532 7.5335 5.87393 7.62584 11.2725 10.3064 6.44146 5.81167 6.53272 5.48583 5.8189 5.36082 9.55982 14.6301 12.6811 8.05966 7.04021 13.0115 6.3208 8.5856 6.60703 5.66604
threshold=0.0017726555933195796 0.008504295162823694 1.7135468218992665e-05 241.50000000000003 13.500000000000002 0.23678571428571718 1.0000000180025095e-35 -0.0099935509699414816 3.8478535714285975 83.500000000000014 0.64895714285714201 0.0050957478073364853 0.17882949641933552 1.0000000180025095e-35 -0.91193896104963057 0.019740383980121231 0.0012860981468499958 0.023310232750711899 1.0000000180025095e-35 0.0060266998569563244 0.49797500000000289 0.00080321285140557493 304.50000000000006 0.087432933361344861 1.1658818591973532 0.022727272210731338 -0.0089026408221162794 0.0059090813247793987 0.0006877283485733943 0.32288983647693831
decision_type=2 2 2 2 2 2 2 2 2 2 2 2 2 2 2 2 2 2 2 2 2 2 2 2 2 2 2 2 2 2
left_child=1 3 5 -1 -2 -3 -5 8 10 -10 11 17 -13 14 -14 -11 -17 18 19 23 22 24 -21 26 -22 -26 28 -28 29 -6
right_child=4 2 -4 6 7 -7 -8 -9 9 15 -12 12 13 -15 -16 16 -18 -19 -20 20 21 -23 -24 -25 25 -27 27 -29 -30 -31
leaf_value=0.097817862458844954 -0.051345327051094104 0.24337429267360014 -0.059088341316796515 -0.035568014646755804 -0.02244034837321493 0.053876999347355493 0.17213817626506675 -0.0015238909969346539 0.16719441728684448 -0.026170522043100327 -0.003830690061874675 -0.028480609794120412 0.18600377699314136 0.01011644192934856 0.073510375646426984 -0.009203785227226138 0.12362819869875688 -0.042795945163794091 0.15681020589094419 -0.014857320779430336 0.069922259021373459 0.016736090576725364 0.066665608573411486 -0.016996932037889888 0.054261921430646225 0.30542108177560551 0.03311519006760999 0.34858970367764364 -0.025230659984916803 0.10599697417116827
leaf_weight=0.63342326635029067 3.896348426322219 0.3314845435234014 1.0854795812629161 36.700376400782261 1.2246040908939901 1.6364010486286131 0.21705498774826892 549.28272826052853 1.1238834094256152 2.8885269975289702 97.76183250095346 3.1060956269502631 2.41776119172573 3.0079162800684571 2.6865340354852369 1.5942866094410422 2.2068876093253493 4.9054788793437174 0.68594230199232598 17.626206194050614 1.9601513557136039 6.2896358976140618 6.5401747403666368 26.423936016639345 0.88076584320515428 1.2440022868104277 0.51495365102891622 0.37107512378133833 3.5978606135904556 2.8737878892861772
leaf_count=25 2607 34 311 81806 86 137 259 83868 18 58 2770 33 25 29 24 29 31 56 13 430 22 118 66 1713 20 24 79 12 185 91
internal_value=-0.0011809 -0.0271237 0.03429 -0.0321174 0.000232834 0.0857973 -0.0343468 0.000503965 0.0063074 0.0474139 0.00456293 0.0140651 0.0525183 0.0835321 0.126795 0.0272906 0.0679159 0.00832394 0.0118944 0.0104651 0.0244401 0.0645867 0.00720532 -0.0033241 0.138263 0.20131 0.0387731 0.165238 0.0242138 0.0676198
internal_weight=785.716 40.6042 3.05337 37.5509 745.111 1.96789 36.9174 741.215 191.932 7.81358 184.119 86.3569 11.2183 8.11221 5.1043 6.6897 3.80117 75.1386 70.2331 69.5472 34.5409 10.3746 24.1664 35.0062 4.08492 2.12477 8.58228 0.886029 7.69625 4.09839
internal_count=174979 82572 482 82090 92407 171 82065 89800 5932 136 5796 3026 111 78 49 118 60 2915 2859 2846 680 184 496 2166 66 44 453 91 362 177
is_linear=0
shrinkage=0.05


Tree=87
num_leaves=31
num_cat=0
split_feature=4 0 8 1 13 11 13 4 12 11 15 1 10 9 10 12 12 4 13 30 4 11 30 9 15 30 27 27 0 27
split_gain=10.6799 7.90031 5.15197 4.47126 3.95531 3.69807 3.94408 3.5099 3.21919 5.12903 3.0608 6.04669 10.1613 7.88837 7.28914 6.23435 6.96778 6.61276 4.075 4.57442 6.20687 5.05613 3.64875 6.26265 3.54125 3.26976 3.1455 4.73485 14.1426 5.13695
threshold=0.0017726555933195796 0.0011375399071660299 0.74385932432332535 0.020384370067200511 376.50000000000006 0.0027723862078079978 319.50000000000006 0.00027687792643332917 0.037496428571428868 0.0016556448389304448 0.93052640660947772 0.020384370067200511 0.0051237840768212075 0.94826392843326979 0.0043924781577211981 1.8561214285714283 0.27402857142857534 0.010722493306909399 245.50000000000003 -2.3684449344603249 0.0092310600866750726 0.019740383980121231 -0.067292368662137322 4.3560318700318597 0.98717946186720529 -1.1803273062196216 124910.50000000001 4.4907805241562153 0.0062349849618864592 4.3791314612459447
decision_type=2 2 2 2 2 2 2 2 2 2 2 2 2 2 2 2 2 2 2 2 2 2 2 2 2 2 2 2 2 2
left_child=1 3 5 -1 8 6 -3 -5 -2 -10 26 -12 13 -13 -15 16 17 -14 19 21 -21 -18 23 -17 -20 -26 27 29 -29 -11
right_child=4 2 -4 7 -6 -7 -8 -9 9 10 11 12 15 14 -16 22 18 -19 24 20 -22 -23 -24 -25 25 -27 -28 28 -30 -31
leaf_value=-0.037800563818120934 0.071178372420530336 0.13879424127553996 -0.052094096121738348 0.12621318561670278 -0.051282841423979854 0.0002309591964806399 -0.050124907472504393 -0.051297786385259947 -0.043610289189188606 0.0022934382209317092 -0.023585559251203772 -0.051782122579111925 -0.027355163108959593 0.044480010198946381 0.17990024976393204 0.11480732597325005 -0.040108894868922017 0.10014769489677018 -0.06659769695238614 -0.020850249240849109 0.13183453752392302 0.055777220497790728 -0.017662611344454675 -0.0062695218385374037 0.052212472224476648 -0.056131105705774335 0.026655763421955966 -0.024762091127053257 0.040946716358625367 0.069720436002883399
leaf_weight=33.92190570247476 1.6061115924967442 1.7432246360694987 1.2265520072105571 0.75337787671014556 3.7107234232535111 1.26025155550451 0.32829941745148961 0.44176453212276101 6.5868357047584132 588.59400062421628 36.100162257134798 1.0477804215624917 1.8161779642105127 2.3363416600041091 1.7291038716211913 2.5754644945263863 7.7709180489182472 2.3107283487915993 7.7838965579867345 1.4152491088025283 1.2566165123134849 1.6703354101628063 1.943399192765354 1.8246866147965191 1.4201890341937544 1.3663918636739252 12.481670131513964 44.779175723670051 10.021464674267916 2.8383589284203472
leaf_count=76769 381 953 3447 9 2607 216 1118 60 21851 54280 6628 42 98 62 26 40 222 27 143 60 14 20 28 18 31 33 742 4664 178 212
internal_value=-0.00113618 -0.0264132 0.0355149 -0.0344517 0.000209987 0.0677671 0.108854 0.0605992 0.000467753 0.000314212 0.000708879 -0.00890655 0.00494117 0.0705485 0.102077 -0.0051772 -0.0157238 0.044036 -0.0265961 -0.00679917 0.0509596 -0.0231448 0.039397 0.0645983 -0.0492821 -0.000913487 0.00179444 0.00131426 -0.0127458 0.00261703
internal_weight=784.661 39.6754 4.55833 35.117 744.986 3.33178 2.07152 1.19514 741.275 739.669 733.082 74.3674 38.2673 5.11323 4.06545 33.1541 26.8105 4.12691 22.6836 12.1131 2.67187 9.44125 6.34355 4.40015 10.5705 2.78658 658.715 646.233 54.8006 591.432
internal_count=174979 82572 5734 76838 92407 2287 2071 69 89800 89419 67568 7492 864 130 88 734 648 125 523 316 74 242 86 58 207 64 60076 59334 4842 54492
is_linear=0
shrinkage=0.05


Tree=88
num_leaves=31
num_cat=0
split_feature=4 18 13 5 5 16 1 13 24 11 3 4 28 27 9 28 27 8 4 18 18 10 9 28 6 28 3 4 28 29
split_gain=9.90989 4.39121 4.93884 5.05601 4.62529 4.08726 3.79787 3.75447 3.37994 18.0584 9.63928 3.17986 3.02174 4.12641 7.62603 6.07003 5.69295 9.78843 13.353 10.6582 32.1563 9.25919 12.7834 8.85297 16.3093 8.45019 13.6461 6.49639 6.06198 5.84286
threshold=0.0017726555933195796 0.0010199658318078887 242.50000000000003 0.0013426662869834916 0.00064850843060968409 1.0000000180025095e-35 0.035192372364570408 376.50000000000006 1.0000000180025095e-35 0.0004338416283035874 -0.0028571842887284977 0.001451348718253588 -0.0099935509699414816 0.18799369750835698 3.1758196985944545 -0.00905489022001057 0.29589104298445418 0.64855063081748376 0.010722493306909399 0.0014275840741565201 0.0017107761836588145 0.0015864482462019009 0.42240957943485086 -0.0048857473573081225 0.002718581505203977 -0.0062537482523281809 -0.00073645762424962003 0.0018545587896256839 0.008168048501435073 -0.82807669415227048
decision_type=2 2 2 2 2 2 2 2 2 2 2 2 2 2 2 2 2 2 2 2 2 2 2 2 2 2 2 2 2 2
left_child=1 2 -1 6 5 -3 8 12 -4 10 -10 -5 -2 14 -14 -16 17 18 19 23 -21 22 -19 24 -15 26 -24 28 -25 -18
right_child=7 4 3 11 -6 -7 -8 -9 9 -11 -12 -13 13 16 15 -17 29 21 -20 20 -22 -23 25 27 -26 -27 -28 -29 -30 -31
leaf_value=0.057687285084182777 0.0058190362459498686 -0.054767525585492319 -0.045265354014755121 0.1208971548981761 -0.053037206988549114 0.1330279622102398 0.085689477334496555 -0.05122312483138626 0.48430998283593879 -0.051315213130417675 -0.052931612631536652 -0.0092952642886482747 -0.027726057053792504 0.044516356348540134 0.18083015906653732 0.016327383510272565 -0.051238355487060364 0.38505180378376452 0.37056855960079121 0.64942972073961391 -0.050787337933376066 -0.004743799740743561 0.084596615961314736 -0.05028171890701752 0.3867003501473234 -0.018060569443126562 0.61200039487753022 -0.016735734060980133 0.65516860986087555 -0.0010526295331115116
leaf_weight=1.5319134916644532 192.93506417455501 0.37879342392261528 30.097068815215607 0.79927916852466196 0.89207776602415823 1.2323410874814726 0.60248189861886103 3.5337606260291059 0.27886051221867092 1.6700796009245094 0.11917301551147774 1.1350120574352329 30.98998456163099 1.5301035530719671 0.6217414482962339 5.7182529222918665 5.8718346488021771 0.33032988538616637 0.35450850799679745 0.28384407903649833 0.38820537101128139 23.078599788117572 0.66260339353175368 0.053604374217683382 0.45081783086061467 1.4949638318794309 0.15050771890673842 4.0696270898770308 0.070507314405404031 472.07760386953305
leaf_count=67 5932 332 71092 444 1836 383 14 2607 22 5812 98 2472 6571 188 12 364 935 42 9 20 64 2586 204 43 9 1718 15 619 2 70467
internal_value=-0.00109035 -0.0257467 -0.0301715 -0.03405 0.0383016 0.0888754 -0.038687 0.00019226 -0.0410167 0.0208143 0.323457 0.0445023 0.000437411 -0.00145662 -0.0175043 0.0324596 -0.000283987 0.0198281 0.0713528 0.0558601 0.244953 0.00540027 0.0941323 0.0352791 0.122391 0.0524961 0.18222 -0.00586811 0.350482 -0.00166918
internal_weight=783.404 38.7371 36.2339 34.702 2.50321 1.61113 32.7677 744.666 32.1652 2.06811 0.398034 1.93429 741.133 548.198 37.33 6.33999 510.868 32.9182 7.20122 6.84671 0.672049 25.717 2.6384 6.17466 1.98092 2.30807 0.813111 4.19374 0.124112 477.949
internal_count=174979 82572 80021 79954 2551 715 77038 92407 77024 5932 120 2916 89800 83868 6947 376 76921 5519 954 945 84 4565 1979 861 197 1937 219 664 45 71402
is_linear=0
shrinkage=0.05


Tree=89
num_leaves=31
num_cat=0
split_feature=4 0 8 14 10 28 5 7 28 14 0 29 10 28 7 29 8 14 29 8 29 23 15 27 2 8 24 0 12 8
split_gain=9.22831 6.84429 4.21166 3.56328 3.32911 3.25552 4.0053 3.04147 6.61592 6.12811 6.35463 6.34108 8.28481 7.63893 8.12604 6.82693 5.56422 5.48614 7.89515 11.0547 7.02784 5.42205 5.40051 8.51579 5.38408 5.26323 5.23192 12.2149 5.16655 5.06842
threshold=0.0017726555933195796 0.0011375399071660299 0.74385932432332535 13.500000000000002 0.0060266998569563244 -0.0086428317493537441 0.0012204592451840151 0.0035422542067706105 0.017294215433557931 136.50000000000003 -0.0071479518129245459 3.5306080675906109 0.00538255656152238 -0.0099935509699414816 0.0050957478073364853 2.9345141065830727 0.91550714650549236 141.50000000000003 0.4072921537106034 1.1732171837789946 -0.25705932350037292 1.0000000180025095e-35 0.74609374781418325 0.91058059966251326 0.016637242695259683 0.57728080789423886 1.0000000180025095e-35 -0.0090972045830101083 1.1941999999999993 0.9398664950548441
decision_type=2 2 2 2 2 2 2 2 2 2 2 2 2 2 2 2 2 2 2 2 2 2 2 2 2 2 2 2 2 2
left_child=1 4 -3 -2 5 6 -1 26 9 10 -9 12 15 14 16 -12 -14 18 19 24 -19 -10 -15 -24 -11 -22 -5 -28 -25 -27
right_child=3 2 -4 7 -6 -7 -8 8 21 17 11 -13 13 22 -16 -17 -18 20 -20 -21 25 -23 23 28 -26 29 27 -29 -30 -31
leaf_value=-0.061812098752355799 -0.051166065774656835 0.058897899892364963 -0.05191713800690187 0.00026879523550871778 0.025213985370337994 -0.034281286831535376 -0.27321778357030885 -0.044833389929599392 -0.028722303975378206 0.019716759586182301 -0.015219222308975247 -0.036359785392200389 -0.053771158365234079 -0.016770516522240056 0.10822598365757814 0.14503717975883182 0.079742431222628141 -0.026594617742827079 -0.03750978097950218 0.20736954465418564 -0.027483773583444324 0.030580753519896749 0.17657038096175728 0.076581986132530935 0.11643721601855408 0.060812916554805974 0.16636020692398557 -0.020840145250052719 -0.056209201409733268 0.018286715337126325
leaf_weight=0.79003395330801385 3.3650711627560659 3.5005722850619341 1.1355692865326998 569.73670482539455 2.2792113609611979 29.796955982645159 0.31273874388716649 6.6390484487637869 18.601383867207918 4.1948776841163617 17.128309264429848 6.9240224946115623 1.6862636096775552 6.9002304910682124 5.6905281078070402 0.6913852805737396 1.4525644313544033 7.4323288862360632 1.7173718055710194 1.4147342001087961 3.9051249707117668 4.8617163002490988 1.0752320345491169 1.5077724093571307 2.1900311843492091 11.212261014443358 0.88850495032966037 45.256630674601183 1.4245536085218189 18.678685770253651
leaf_count=345 2607 2287 3447 78744 181 76271 41 76 260 85 777 120 31 116 50 14 23 156 46 30 112 59 18 28 26 195 12 8483 23 316
internal_value=-0.00105472 -0.0251505 0.031755 0.00016904 -0.033102 -0.0374035 -0.121765 0.000402099 0.00750221 0.0130156 0.000796961 0.00760758 0.0157135 0.0380273 0.0726012 -0.00900144 0.00801531 0.0253244 0.0595423 0.0809118 0.0174257 -0.0164343 0.0100413 0.0562061 0.052892 0.0271065 -0.00104273 -0.0172357 0.0120707 0.0342385
internal_weight=782.39 37.8151 4.63614 744.575 33.1789 30.8997 1.10277 741.21 125.328 101.865 51.1199 44.4809 37.5568 19.7371 8.82936 17.8197 3.13883 50.7454 9.51701 7.79964 41.2284 23.4631 10.9078 4.00756 6.38491 33.7961 615.882 46.1451 2.93233 29.8909
internal_count=174979 82572 5734 92407 76838 76657 386 89800 2561 2242 1276 1200 1080 289 104 791 54 966 187 141 779 319 185 69 111 623 87239 8495 51 511
is_linear=0
shrinkage=0.05


Tree=90
num_leaves=31
num_cat=0
split_feature=10 27 11 15 27 8 23 15 8 4 10 29 3 15 12 5 15 7 7 29 3 27 6 16 12 15 28 10 10 27
split_gain=8.20923 3.51959 7.31655 4.3455 4.25708 9.1693 11.2971 17.6804 13.3982 13.8105 9.91816 11.2808 4.02098 3.87581 9.64774 15.7857 14.8735 6.87616 8.45335 6.07755 5.92149 5.69078 7.21525 6.65874 5.16331 4.02428 6.20773 13.6463 11.9155 3.99479
threshold=0.0011389193638743787 18.686536729693991 0.0055628798134382904 0.97872336260752113 6.2280940140001517 1.1490882109049958 1.0000000180025095e-35 0.84946235189039809 1.2055379570669567 0.010722493306909399 0.0014168168596997886 -0.43873123047783957 -0.10458015425100535 0.94736834626037092 1.2896071428571465 0.0041134854569138098 0.95412842286007082 0.0011339975501052995 0.0011051227839089677 0.74047354437664958 -0.10458015425100535 2.256642334667474 0.00060791028777460409 1.0000000180025095e-35 2.5059714285714327 0.93052640660947772 -0.0024142493036954393 0.0041299979361495431 0.0031839523916581038 5.2607583918644796
decision_type=2 2 2 2 2 2 2 2 2 2 2 2 2 2 2 2 2 2 2 2 2 2 2 2 2 2 2 2 2 2
left_child=-1 3 -3 4 13 -6 10 -8 -9 -10 11 -7 -5 25 17 16 -16 18 20 -18 -15 -22 -23 -24 -17 -2 27 28 -27 -19
right_child=1 2 -4 12 5 6 7 8 9 -11 -12 -13 -14 14 15 24 19 29 -20 -21 21 22 23 -25 -26 26 -28 -29 -30 -31
leaf_value=-0.029704398112708946 -0.00056371731146915302 -0.033796658313607536 0.022261782247505094 0.09871426345972048 -0.042001271267028573 0.97208617031156397 -0.052040105850203168 0.63094645108298097 -0.051063164823183751 0.41131346341157926 -0.016369495746186867 0.14176599074624827 -0.027666432284318612 0.37758444047073786 0.41658738289512337 -0.036658253387695398 -0.00089103994054245874 -0.059773048766288001 0.51660678831439311 0.20479767156707124 -0.016939094093242377 -0.014946252008049506 0.044166978072068333 0.24010384070505864 0.078995241677478914 -0.050250704650205848 -0.043664906506557868 -0.052136066110557405 0.50600290726271735 0.056226663769522345
leaf_weight=25.899104107877065 629.65869832834869 6.976646015114965 35.125204008130822 0.64870724361390131 17.533369158889403 0.048801500335684977 0.6535072844562817 0.21858750504907221 0.32586614602769259 0.32016124576330185 7.429959932793281 0.25284780618676261 21.121168556943303 0.11629726551473218 0.53125545426155341 2.0902887075208132 0.68433910893509142 4.9815944224101258 0.087864142304169834 0.75570438418071717 4.6436771015141867 1.3801637245633176 0.90354891261085846 0.83370094565907493 1.7927244718885047 0.15006228379206799 9.9301397619419696 0.72259330074302852 0.26858540007378906 0.87213745590997849
leaf_count=72524 87251 1806 879 19 2375 5 93 11 66 3 671 185 4927 3 30 80 70 405 18 15 1236 753 24 24 32 61 1473 27 17 40
internal_value=-0.00202753 -0.00107313 0.0129724 -0.00190723 -0.00121049 -0.0207522 0.0195265 0.144228 0.292574 0.178084 -0.00495889 0.276097 -0.0239005 -0.000417966 0.0214418 0.0752371 0.190469 -0.00134819 0.0288876 0.10705 0.0234476 0.018141 0.070396 0.138196 0.0167371 -0.00108916 -0.0309724 0.0794671 0.306616 -0.0424905
internal_weight=776.957 751.058 42.1019 708.956 687.186 26.7831 9.24973 1.51812 0.864615 0.646027 7.73161 0.301649 21.7699 660.403 19.6733 5.85431 1.9713 13.819 7.96525 1.44004 7.87739 7.76109 3.11741 1.73725 3.88301 640.73 11.0714 1.14124 0.418648 5.85373
internal_count=175123 102599 2685 99914 94968 3409 1034 173 80 69 861 190 4946 91559 2730 227 115 2503 2058 85 2040 2037 801 48 112 88829 1578 105 78 445
is_linear=0
shrinkage=0.05


Tree=91
num_leaves=31
num_cat=0
split_feature=10 18 10 12 5 27 15 27 8 23 15 10 6 18 3 4 13 10 27 15 27 12 4 8 7 0 1 9 8 30
split_gain=7.62566 4.12383 4.58791 3.50102 4.01168 3.16088 4.01234 3.98029 8.4476 8.69794 11.5256 6.77569 6.10748 4.54777 5.42775 5.42453 9.92225 6.08786 6.68895 9.18081 6.49571 8.12363 6.32578 5.14792 5.02562 5.76089 4.59507 4.52241 7.66716 4.38655
threshold=0.0011389193638743787 0.0016239412594433158 0.00063561812676465543 0.029685714285714381 0.0013869625520110129 18.686536729693991 0.97872336260752113 6.2280940140001517 1.1490882109049958 1.0000000180025095e-35 0.84946235189039809 0.0014168168596997886 0.002718581505203977 0.0084459758031000271 0.060457559488807384 0.013476019392037304 249.50000000000003 0.018290898182170761 2.0322864461145111 0.18279756953026144 1.3985648675392812 1.1941999999999993 0.016684414307791506 2.063984945693516 0.0020491407148719976 -0.0090972045830101083 -0.0079950397725701543 1.5850545578554385 1.0255625545812828 0.24430268522788787
decision_type=2 2 2 2 2 2 2 2 2 2 2 2 2 2 2 2 2 2 2 2 2 2 2 2 2 2 2 2 2 2
left_child=1 3 -3 4 -1 6 7 13 -9 11 -11 29 -12 15 26 23 17 18 19 -17 24 22 -22 -2 25 -19 -15 -21 -29 -10
right_child=5 2 -4 -5 -6 -7 -8 8 9 10 12 -13 -14 14 -16 16 -18 20 -20 27 21 -23 -24 -25 -26 -27 -28 28 -30 -31
leaf_value=-0.01800393795363715 0.0013547258820491564 0.21457462390634896 -0.050190121393658117 -0.036372680199635861 0.18039239935793683 0.01221578177178795 -0.023184534510974381 -0.041338726299077089 -0.050209245287417971 -0.051940945621875789 0.065823733647253607 -0.015756763574339326 0.30996448507705876 0.020783520102365689 -0.036449315189799859 -0.019652115223376305 -0.028833204089835213 0.08140817728344249 -0.037682779863071267 0.0016770601655698256 0.012637006556757114 -0.036073494899432838 0.15367421352177812 -0.032578884631079698 -0.053564915194173092 -0.036111104460395275 0.090119338006715496 0.1551970929720829 0.045240030511442951 0.30958468151370055
leaf_weight=0.69156720124738658 558.97879988129716 0.36032728508871414 0.29971630161162466 23.47777868949197 0.40344336093403399 42.436064320791047 21.340193678057403 16.938843609459585 0.12326745671452766 0.62279217725154001 0.4117709945712702 7.3354044344159774 0.67788157984614372 7.0161586478352538 2.5792767237871876 3.3634494971483928 44.37139886355726 1.7897253260016439 2.7348871657159171 1.5243818601593373 1.5306033231317988 2.389350788667798 1.6543456315994263 11.404691848932996 8.4193764217197877 2.4988188445568111 3.6237121121957889 3.0250163674354553 3.3311775028705597 0.27085685853671748
leaf_count=1197 87878 69 673 70543 42 2685 4946 2375 178 93 72 671 8 77 25 54 575 25 46 21 22 31 19 2519 119 33 42 31 42 12
internal_value=-0.0019479 -0.028984 0.0943488 -0.0322968 0.0550928 -0.00103878 -0.00183328 -0.00116968 -0.0202144 0.0176824 0.119639 -0.00490564 0.217706 -0.000408716 0.0286232 -0.00100186 -0.0134921 0.00760779 0.0324471 0.0495049 -0.0113848 0.033615 0.0858954 0.000676231 -0.0311239 0.0129329 0.0443978 0.0790212 0.0975704 0.197054
internal_weight=775.625 25.2328 0.660044 24.5728 1.09501 750.392 707.956 686.616 26.3808 9.44197 1.71244 7.72953 1.08965 660.235 13.2191 647.016 76.6325 32.2611 13.9789 11.244 18.2822 5.5743 3.18495 570.383 12.7079 4.28854 10.6399 7.88058 6.35619 0.394124
internal_count=175123 72524 742 71782 1239 102599 99914 94968 3409 1034 173 861 80 91559 144 91415 1018 443 194 148 249 72 41 90397 177 58 119 94 73 190
is_linear=0
shrinkage=0.05


Tree=92
num_leaves=31
num_cat=0
split_feature=4 0 6 14 29 8 12 3 11 28 3 1 11 2 4 7 11 1 15 30 4 8 30 1 8 5 0 5 15 15
split_gain=6.35645 7.35716 8.71261 4.63051 4.49767 4.99253 8.97067 6.91901 13.188 10.8023 7.9417 7.14412 7.04186 6.7838 8.43675 10.0846 7.03247 6.90113 5.80307 5.43557 5.41615 5.87243 6.75276 4.90768 4.82329 7.61948 7.39541 9.51571 7.11952 9.70668
threshold=0.0017726555933195796 0.0011375399071660299 0.0010260672544797882 147.50000000000003 -0.64126968818144092 0.63611162404850019 1.0767214285714257 0.0023872214291579268 0.030425640876495984 0.02007734265645586 -0.00047543126707211275 -0.0016902973173170686 0.030425640876495984 -0.044599034971284028 0.0098710315713702573 0.00034767658654467117 0.016337970691581008 0.012594265451581712 0.31795973083687984 0.58205933543094768 0.0068159402347327874 0.59144049743511473 0.60177103901317197 -0.0054497807732588046 0.55217862291840003 0.0016393442622951687 0.0014521534304289265 0.00055551632549695506 0.51041774823986497 0.50457609917552049
decision_type=2 2 2 2 2 2 2 2 2 2 2 2 2 2 2 2 2 2 2 2 2 2 2 2 2 2 2 2 2 2
left_child=1 3 -3 -1 24 6 7 8 9 10 13 18 -9 14 15 -6 -16 -15 -12 -13 21 -8 -23 -20 25 26 28 -28 29 -2
right_child=4 2 -4 -5 5 -7 20 12 -10 -11 11 19 -14 17 16 -17 -18 -19 23 -21 -22 22 -24 -25 -26 -27 27 -29 -30 -31
leaf_value=-0.035254611830059228 0.034069362618128145 0.01953225299150034 0.31864774230819509 0.063287827706181507 0.11315560196742343 0.0021140773894014349 -0.031471455955818288 -0.020063798815747314 -0.28349942269345713 0.34068012311449647 0.055941364994505041 -0.051960602037014962 0.11856958750170504 -0.0077121816524428248 0.19637035167229411 -0.030865575227429318 0.044397455108981243 0.14488529799693231 0.45746061112535624 0.14895852220167446 -0.055480358670422315 0.01597813653400262 0.24889122109201353 0.17918466069689776 -0.027531605906548101 -0.023179483913622529 0.35384736135286227 0.069808272229971241 -0.050843654070248462 0.36315227290194202
leaf_weight=29.731809300486933 4.9734776670884475 4.4056510754671754 0.25769006252812676 1.2419229670194898 1.706296950578684 572.69966068525537 13.671436873526547 35.541790597308136 0.37188113294541736 0.25394183723255892 0.85490992478298755 1.1201448053616321 0.94022367335855861 29.92895962973126 1.3808310106396677 4.2255555931478739 1.6964583080261944 0.75971771555486967 0.19586792826885357 0.48124395497143257 13.676004531967918 4.9359988442010936 0.33213538321433578 0.82915289830998495 31.175138665559643 12.343372129471389 0.36533076615887683 1.5287601447053019 2.7254861678666202 0.23465052306710266
leaf_count=77144 690 5753 29 74 36 73164 954 4868 8 8 224 655 9 4613 22 125 23 36 8 65 359 287 22 84 3816 1318 14 143 565 7
internal_value=-0.00186317 -0.0224884 0.036061 -0.0313035 -0.000868479 0.00021963 -0.00938998 -0.000406996 0.0129881 0.0155267 0.0136144 0.0860249 -0.0164909 0.00726438 0.0454123 0.0105621 0.11259 -0.00393453 0.152132 0.00841894 -0.0315026 -0.0141886 0.0306624 0.23236 -0.0148528 0.00297513 0.0358247 0.124594 0.0146318 0.0488961
internal_weight=774.586 35.6371 4.66334 30.9737 738.948 685.602 112.903 80.287 43.805 43.4331 43.1791 3.48132 36.482 39.6978 9.00914 5.93185 3.07729 30.6887 1.87993 1.60139 32.6156 18.9396 5.26813 1.02502 53.3462 22.1711 9.82771 1.89409 7.93361 5.20813
internal_count=175123 83000 5782 77218 92123 85570 12406 10784 5907 5899 5891 1036 4877 4855 206 161 45 4649 316 720 1622 1263 309 92 6553 2737 1419 157 1262 697
is_linear=0
shrinkage=0.05


Tree=93
num_leaves=31
num_cat=0
split_feature=10 30 12 29 29 5 0 28 28 6 15 15 3 10 12 30 30 14 14 27 27 2 27 1 1 7 1 27 11 3
split_gain=6.83387 3.24654 4.78781 3.19071 3.08336 4.28746 6.36512 5.54436 19.5997 6.45005 5.16868 20.5287 25.2939 4.65369 8.70884 4.28753 3.9479 3.32624 3.81172 4.94097 3.96969 4.83592 3.22743 5.39447 3.97877 3.10217 3.58422 3.38073 3.07508 7.60881
threshold=0.0011389193638743787 0.19839055785101831 3.0009142857142863 -0.19390579152654616 -0.64126968818144092 0.0016393442622951687 0.00087128041931039412 -0.0037495501877635442 -0.00401791865560193 0.0015117555075887721 0.34465767948654308 0.3947368317175089 -0.0054114929628624733 0.0060266998569563244 0.50442857142857545 0.76968038785962023 0.67996891136776316 143.50000000000003 69.500000000000014 0.048274950057822695 2.51033985706604 -0.0017095676671605162 0.19389210335192911 -0.0076018028288400976 -0.0066742337156865386 1.0000000180025095e-35 0.0023126835420279605 1.6183092246649624 0.0029662580158990939 0.035035741459217958
decision_type=2 2 2 2 2 2 2 2 2 2 2 2 2 2 2 2 2 2 2 2 2 2 2 2 2 2 2 2 2 2
left_child=1 3 -3 -1 5 6 7 8 22 -10 -8 12 -12 -7 15 -15 28 18 -13 -20 21 -21 23 -2 -25 26 -9 -28 29 -6
right_child=4 2 -4 -5 16 13 10 25 9 -11 11 17 -14 14 -16 -17 -18 -19 19 20 -22 -23 -24 24 -26 -27 27 -29 -30 -31
leaf_value=0.18437645522585278 -0.011142415006119387 -0.052414741019899937 0.19976624239793203 -0.014308940672134418 -0.011637448699184755 -0.038704164373040917 -0.032050849764814586 -0.05034730669853358 0.13008498527865983 0.47477363375111098 0.89986835870877957 -0.051608500907868407 -0.050377141564713138 0.10841188651634703 -0.028262997490698327 -0.011823800204656849 0.24731921688357028 -0.052029082093686667 0.40978754934443568 0.091143436328137539 0.12195812528847219 -0.05072298053928545 -0.023999355524445654 0.31783841933859874 0.066854102092320788 -0.048384058906729581 0.14641961399872641 -0.050654763391348979 0.0010043204755465246 0.21682652296816007
leaf_weight=0.20526861033431565 1.1473521806765345 10.801621143909866 0.19155167124699879 12.95554623179487 65.369809627714858 20.346724135553817 1.9030510990414748 0.91848112347361244 0.26136842882261113 0.28232596334419213 0.15762459737015888 0.69332458471762937 0.12601709521550208 2.2494365200400339 7.4337411057204008 1.1060028085485099 0.16129602491855521 0.8083880265476181 0.1072609107941388 1.2707413804746459 1.8169329308002486 1.139246634134907 4.9209743381798035 0.26576435255992681 0.38907472885330208 9.0011852834941219 0.70711929177923571 0.31435937419882976 625.74236570304492 0.36647904734127124
leaf_count=205 80 29767 17 42535 60499 2774 240 1201 91 8 19 407 53 39 250 43 1 80 8 142 195 368 779 10 101 2996 98 228 31875 14
internal_value=-0.00178676 -0.0279636 -0.0480206 -0.0112101 -0.000942614 -0.0120817 0.00281078 -0.0135384 0.0203166 0.309073 0.0399167 0.0622971 0.477691 -0.024628 0.00191754 0.0687804 -1.87062e-05 0.0421078 0.0572443 0.0746572 0.066153 0.0240805 -0.00303475 0.0542102 0.168715 -0.0360241 0.0213248 0.0857701 -7.64009e-05 -0.0103638
internal_weight=773.16 24.154 10.9932 13.1608 749.006 57.3665 26.2306 18.208 7.26686 0.543694 8.02259 6.11954 0.283642 31.1359 10.7892 3.35544 691.64 5.83589 5.02751 4.33418 4.22692 2.40999 6.72317 1.80219 0.654839 10.9411 1.93996 1.02148 691.479 65.7363
internal_count=175123 72524 29784 42740 102599 10210 7104 5592 1069 99 1512 1272 72 3106 332 82 92389 1200 1120 713 705 510 970 191 111 4523 1527 326 92388 60513
is_linear=0
shrinkage=0.05


Tree=94
num_leaves=31
num_cat=0
split_feature=10 30 12 27 27 1 27 1 1 2 15 15 14 15 1 10 28 8 12 30 4 30 13 12 11 3 11 12 12 4
split_gain=6.34657 3.15919 4.08264 3.14557 7.71528 4.56454 4.68123 6.19433 3.96739 3.46461 3.39104 3.02645 3.74277 2.9802 3.70279 2.93755 5.59008 2.87017 8.90931 6.13422 5.24448 4.84331 9.89806 13.1147 7.07776 4.60412 9.17037 6.53274 11.7581 10.5601
threshold=0.0011389193638743787 0.19839055785101831 3.0009142857142863 0.9002916065615908 0.88979856601386753 -0.0023739497161210372 0.1365772841902646 -0.0022252785466828624 0.0035503341150315841 -0.0057906548244889824 0.19491525175954211 0.19090908743803528 110.50000000000001 0.99999999114416871 0.035192372364570408 0.00034181788362656082 -0.0023582606156234511 0.63611162404850019 1.4028571428571441 0.6216095915686165 0.0015354591747822582 0.58870769343468876 252.50000000000003 0.39191785714285698 0.010422128801542448 0.0028261031242521333 0.030425640876495984 0.45327857142857458 0.69952142857142674 0.016684414307791506
decision_type=2 2 2 2 2 2 2 2 2 2 2 2 2 2 2 2 2 2 2 2 2 2 2 2 2 2 2 2 2 2
left_child=1 3 -3 4 5 -1 10 -8 15 -6 11 12 -7 17 -15 16 -9 18 25 20 -19 -22 23 -23 -25 26 27 -2 29 -29
right_child=13 2 -4 -5 9 6 7 8 -10 -11 -12 -13 -14 14 -16 -17 -18 19 -20 -21 21 22 -24 24 -26 -27 -28 28 -30 -31
leaf_value=-0.051035936699755161 -0.0073317599720588156 -0.052090148529298566 0.16723319328650676 -0.036339108370512199 0.62455507902582186 -0.050433555248555417 0.2053922254494229 0.42069432270424545 0.22120819538203765 -0.050020200559778183 -0.050234096593726664 0.46669883280538188 0.2545175837183648 -0.053914364167823192 0.015335842874850176 -0.036593893832937582 -0.050405893334665344 -0.049471640033159327 -0.031980797361542294 -0.021639005191119037 0.0019703849959761374 0.29796860586813217 -0.0025508183298288932 0.13142592969111452 -0.020896825436626312 -0.011417258658325047 -0.17511950716250038 0.048005979945421523 -0.0037361857430122008 0.2988894873107964
leaf_weight=2.2809108116998686 29.10952265142987 10.337246833252717 0.21663013432407829 6.2545841711616958 0.073667543627379928 0.14726631719531891 0.37641668023570707 0.10504017769562779 0.17746668530162413 0.025665625456895103 0.16018047538818792 0.095688876637723297 0.3176391058950685 5.6406638656480919 2.9345525330863893 2.8485052439864376 0.15722046914015742 4.8798324518065774 28.378955999010941 28.501072572224075 548.09878941751231 0.69127428100909893 5.9220395238517085 1.5561422280152331 1.4955263668671248 55.340903687283571 0.67488083615898986 16.700472548232941 17.782393616093032 0.43024019896984
leaf_count=5424 9546 29767 17 23152 5 712 339 45 54 143 695 11 44 1019 42 11336 780 9956 1491 4073 62532 22 682 63 47 9073 15 2239 1793 6
internal_value=-0.00171423 -0.027258 -0.0475883 -0.0107788 0.0128507 0.00633298 0.0361712 0.0132611 -0.00873291 0.450259 0.152654 0.210626 0.157919 -0.000909335 -0.030216 -0.0218509 0.138278 -0.000569524 -0.00678595 0.000991221 0.00213757 0.00258909 0.037676 0.101322 0.0567774 -0.000829499 0.00822705 0.0101598 0.0247437 0.054307
internal_weight=771.711 23.5741 10.5539 13.0203 6.76567 6.66633 4.38542 3.66465 3.28823 0.0993332 0.720775 0.560594 0.464905 748.137 8.57522 3.11077 0.262261 739.562 148.417 591.145 562.644 557.764 9.66498 3.74294 3.05167 120.038 64.6975 64.0226 34.9131 17.1307
internal_count=175123 72524 29784 42740 19588 19440 14016 12554 12215 148 1462 767 756 102599 1061 12161 825 101538 24163 77375 73302 63346 814 132 110 22672 13599 13584 4038 2245
is_linear=0
shrinkage=0.05


Tree=95
num_leaves=31
num_cat=0
split_feature=4 0 7 3 6 27 27 30 27 7 8 30 8 6 6 15 30 15 0 2 6 6 9 8 10 3 30 8 4 3
split_gain=8.43268 4.63745 4.46409 5.32018 4.86934 8.4816 4.48929 4.28384 5.8002 7.5699 7.98883 7.30166 24.3109 37.4323 9.40856 19.2723 12.706 8.05505 7.02753 12.0696 10.1584 10.2423 7.78775 7.20722 6.72162 6.17537 5.77563 5.742 5.22029 6.77725
threshold=0.0018545587896256839 0.0016875282558579399 0.00014797824740026035 0.081376803763684627 0.00081932834591249453 2.0021360005480431 1.8239528911001344 0.33102776536450401 0.35995313203612461 1.6820716538261578e-05 0.89175833887300693 -0.067292368662137322 1.7710096116107013 0.00047536141738592947 0.0020465401276789485 0.11428571281633086 0.014531107429126335 0.95412842286007082 -0.0012813771401396499 -0.044599034971284028 0.0007221482886844967 0.00053919271651658833 0.43246527656491324 1.2262243327289315 0.0064645939117641453 0.040772560143778953 0.32020591961732298 0.84566166970559642 0.0058005492178095286 0.060457559488807384
decision_type=2 2 2 2 2 2 2 2 2 2 2 2 2 2 2 2 2 2 2 2 2 2 2 2 2 2 2 2 2 2
left_child=1 -1 3 7 5 -5 -6 8 9 10 -2 -10 14 -14 17 -16 27 -13 22 -20 21 23 -12 -21 -19 -11 -18 -17 29 -9
right_child=2 -3 -4 4 6 -7 -8 28 11 25 18 12 13 -15 15 16 26 24 19 20 -22 -23 -24 -25 -26 -27 -28 -29 -30 -31
leaf_value=-0.028558198047994206 -0.0069609434299342981 0.040410881222447861 0.0027493109132874123 -0.0027453377453740338 0.061205885465551328 0.20956427515812281 -0.038873817119110532 -0.017532439819131742 -0.024298884939823667 -0.059225432856530473 0.50675470991412597 -0.028127423762615067 1.6122720389341343 -0.050307198243504103 0.37254554965900222 0.35015166723868241 -0.036637338123916077 0.046035447311346428 0.56906810629519433 -0.050712454866052727 0.028605592497785451 0.65625292312642336 0.03665250092837502 0.35146110984516904 0.32132048884495401 0.25632750850666014 0.15556664072749468 0.10021915743304753 -0.05498878618090039 0.13077997736569766
leaf_weight=33.626121625180531 5.9638966300335623 2.6277750320587066 632.84390067695495 0.93868160853162297 2.1026706534903497 0.94297572784125805 2.3989749667234719 16.150849579782523 39.883749476983212 3.390324495194363 0.08939462354464911 11.28985484278383 0.060130722471511855 0.077474914265621919 0.47106517810607229 0.36802811926463608 2.8910000693213083 1.3519775569875481 0.15999972075223912 0.20552034110005291 1.1478848283004479 0.14066194237966556 6.0749942520196782 0.24324652511859313 0.26524620712734748 0.16247562994249154 0.45195746273384418 0.61186413808900397 10.755740555934606 0.80883713252842326
leaf_count=85609 834 1423 66269 24 43 24 60 5306 8633 845 8 3292 38 47 37 15 234 509 2 77 235 23 1035 19 5 9 12 36 446 48
internal_value=-1.29831e-05 -0.0235591 0.0011371 -0.00818908 0.036106 0.103652 0.00787234 -0.0109338 -0.00474799 0.0203983 0.0369122 -0.0124059 0.0141846 0.676204 0.00903812 0.0688519 0.0357582 -0.0131778 0.0693688 0.153515 0.115244 0.283968 0.0434698 0.167279 0.0911859 -0.0447947 -0.010652 0.194089 -0.0277401 -0.0104592
internal_weight=778.497 36.2539 742.243 109.399 6.3833 1.88166 4.50165 103.016 75.3007 17.5784 14.0256 57.7223 17.8386 0.137606 17.701 4.79391 4.32285 12.9071 8.0617 1.89731 1.73731 0.589429 6.16439 0.448767 1.61722 3.5528 3.34296 0.979892 27.7154 16.9597
internal_count=175197 87032 88165 21896 151 48 103 21745 15945 3087 2233 12858 4225 85 4140 334 297 3806 1399 356 354 119 1043 96 514 854 246 51 5800 5354
is_linear=0
shrinkage=0.05


end of trees

feature_importances:
volatility_20=251
atr=240
time_since_open=185
volatility_5=174
pressure_ratio=167
range_pct=163
price_position=151
distance_from_vwap=142
returns_20=134
volume_ratio=129
returns_5=121
volume_ratio_20=118
upper_wick=116
lower_wick=114
returns_10=113
volume_momentum=106
pv_divergence=105
body_pct=94
returns=91
time_to_close=79
fvg_size_pct=50
liquidity_grab_high=9
fvg_down=8
fvg_up=5
liquidity_grab_low=5
bos_down=4
order_block_bull=2
order_block_bear=2
displacement_up=1
displacement_down=1

parameters:
[boosting: gbdt]
[objective: binary]
[metric: auc]
[tree_learner: serial]
[device_type: cpu]
[data_sample_strategy: bagging]
[data: ]
[valid: ]
[num_iterations: 500]
[learning_rate: 0.05]
[num_leaves: 31]
[num_threads: 0]
[seed: 0]
[deterministic: 0]
[force_col_wise: 0]
[force_row_wise: 0]
[histogram_pool_size: -1]
[max_depth: -1]
[min_data_in_leaf: 20]
[min_sum_hessian_in_leaf: 0.001]
[bagging_fraction: 0.8]
[pos_bagging_fraction: 1]
[neg_bagging_fraction: 1]
[bagging_freq: 5]
[bagging_seed: 3]
[bagging_by_query: 0]
[feature_fraction: 0.8]
[feature_fraction_bynode: 1]
[feature_fraction_seed: 2]
[extra_trees: 0]
[extra_seed: 6]
[early_stopping_round: 0]
[early_stopping_min_delta: 0]
[first_metric_only: 0]
[max_delta_step: 0]
[lambda_l1: 0]
[lambda_l2: 0]
[linear_lambda: 0]
[min_gain_to_split: 0]
[drop_rate: 0.1]
[max_drop: 50]
[skip_drop: 0.5]
[xgboost_dart_mode: 0]
[uniform_drop: 0]
[drop_seed: 4]
[top_rate: 0.2]
[other_rate: 0.1]
[min_data_per_group: 100]
[max_cat_threshold: 32]
[cat_l2: 10]
[cat_smooth: 10]
[max_cat_to_onehot: 4]
[top_k: 20]
[monotone_constraints: ]
[monotone_constraints_method: basic]
[monotone_penalty: 0]
[feature_contri: ]
[forcedsplits_filename: ]
[refit_decay_rate: 0.9]
[cegb_tradeoff: 1]
[cegb_penalty_split: 0]
[cegb_penalty_feature_lazy: ]
[cegb_penalty_feature_coupled: ]
[path_smooth: 0]
[interaction_constraints: ]
[verbosity: -1]
[saved_feature_importance_type: 0]
[use_quantized_grad: 0]
[num_grad_quant_bins: 4]
[quant_train_renew_leaf: 0]
[stochastic_rounding: 1]
[linear_tree: 0]
[max_bin: 255]
[max_bin_by_feature: ]
[min_data_in_bin: 3]
[bin_construct_sample_cnt: 200000]
[data_random_seed: 1]
[is_enable_sparse: 1]
[enable_bundle: 1]
[use_missing: 1]
[zero_as_missing: 0]
[feature_pre_filter: 1]
[pre_partition: 0]
[two_round: 0]
[header: 0]
[label_column: ]
[weight_column: ]
[group_column: ]
[ignore_column: ]
[categorical_feature: ]
[forcedbins_filename: ]
[precise_float_parser: 0]
[parser_config_file: ]
[objective_seed: 5]
[num_class: 1]
[is_unbalance: 0]
[scale_pos_weight: 1]
[sigmoid: 1]
[boost_from_average: 1]
[reg_sqrt: 0]
[alpha: 0.9]
[fair_c: 1]
[poisson_max_delta_step: 0.7]
[tweedie_variance_power: 1.5]
[lambdarank_truncation_level: 30]
[lambdarank_norm: 1]
[label_gain: ]
[lambdarank_position_bias_regularization: 0]
[eval_at: ]
[multi_error_top_k: 1]
[auc_mu_weights: ]
[num_machines: 1]
[local_listen_port: 12400]
[time_out: 120]
[machine_list_filename: ]
[machines: ]
[gpu_platform_id: -1]
[gpu_device_id: -1]
[gpu_use_dp: 0]
[num_gpu: 1]

end of parameters

pandas_categorical:[]
