tree
version=v4
num_class=1
num_tree_per_iteration=1
label_index=0
max_feature_idx=30
objective=binary sigmoid:1
feature_names=returns returns_5 returns_10 returns_20 range_pct body_pct upper_wick lower_wick volume_ratio volume_ratio_20 volatility_5 volatility_20 atr time_since_open time_to_close price_position fvg_up fvg_down fvg_size_pct displacement_up displacement_down order_block_bull order_block_bear liquidity_grab_high liquidity_grab_low bos_up bos_down pressure_ratio distance_from_vwap volume_momentum pv_divergence
feature_infos=[-0.072086870962801752:0.04917557251908411] [-0.32847601700060713:0.29123073625966844] [-0.34194528875379937:0.28744417789260024] [-0.34367553824668906:0.32974176615841388] [0:0.078498756500113079] [0:0.077684829301379155] [0:0.031557667568064371] [0:0.032970356926799858] [0.0077067097235578794:4.8739573987306022] [0.0052960025901097694:17.417879820534836] [2.0326042883284517e-05:0.13627564269911535] [0.00020988347746018674:0.067735810268135868] [0.0099999999999997868:16.689607142857149] [241:383] [7:149] [0:0.99999999973781772] [0:1] [0:1] [0:0.074971738638932917] [0:1] [0:1] [0:1] [0:1] [0:1] [0:1] [0:1] [0:1] [0:16530502] [-0.15811310058997513:0.22592121730524209] [-0.99793491780229293:641.49152542372883] [-641.5517879393235:1.0395228564484813]
tree_sizes=3394 3414 3415 3415 3437 3434 3433 3442 3433 3444 3460 3468 3454 3455 3449 3461 3449 3452 3460 3452 3453 3430 3475 3440 3460 3449 3470 3456 3439 3460 3488 3472 3459 3472 3490 3468 3470 3452

Tree=0
num_leaves=31
num_cat=0
split_feature=4 4 3 11 7 28 6 11 0 12 28 2 2 6 7 6 10 10 7 28 7 14 28 13 13 10 11 12 11 13
split_gain=5096.78 1536.93 680.835 414.976 337.734 302.138 248.131 247.85 229.585 317.358 216.728 209.228 183.42 179.901 169.213 165.245 234.362 162.755 223.776 159.807 158.826 155.773 153.788 153.382 152.588 202.47 126.566 144.56 122.434 121.345
threshold=0.010385926672086829 0.0054195442369416669 -0.093523690250257016 0.0042179367315937728 0.0017548708091007917 0.023201770486620581 0.0046320205723643362 0.0033026480839622526 0.010252076194841033 1.9561928571428628 -0.017819113944321667 -0.064603948245203865 -0.090744461859279299 0.0066030673636791664 0.003648906034052012 0.0025510578098641157 0.036544518738101155 0.021723453821532568 0.00076103500761032044 -0.029568442122393141 0.00082381411227448395 88.500000000000014 -0.017819113944321667 361.50000000000006 326.50000000000006 0.0048132784648737556 0.013368611917662736 0.70766428571428475 0.026661401687223148 323.50000000000006
decision_type=2 2 2 2 2 2 2 2 2 2 2 2 2 2 2 2 2 2 2 2 2 2 2 2 2 2 2 2 2 2
left_child=1 7 4 -3 -2 10 20 -1 9 13 23 17 22 14 28 -12 -17 -5 -19 -16 -7 -18 -9 -4 -14 -26 -8 -28 -6 -13
right_child=2 3 5 11 8 6 26 12 -10 -11 15 29 24 -15 19 16 21 18 -20 -21 -22 -23 -24 -25 25 -27 27 -29 -30 -31
leaf_value=-4.8643445638153811 -4.0605266551472203 -4.796946622432599 -4.0329410154723808 -4.4519865496295292 -3.1087604336462378 -4.704535806863924 -2.1511893715214123 -2.6826811728857973 -1.27802426927994 -4.0641993484283763 -4.5080114220182361 -4.6336460849014811 -4.8207174531865791 -1.5304235566466127 -2.835311375646886 -4.2608317453951017 -2.2333420021086501 -2.3549278953777586 -4.0691516052820642 -4.643348100835639 -3.767640179075979 -4.2395092410489559 -4.5281388165121088 -2.6062054081339205 -4.7400584228455127 -4.302660996900368 -4.4023742956131322 -2.5119763408503628 -1.3170425166023252 -4.4638913741802106
leaf_weight=833.71569445449859 1.4247196512296825 32.505894165486097 3.5339414812624521 2.1649371236562724 0.19898319151252486 0.61286822985857714 0.29449512343853701 0.18306453619152308 0.16714588087052096 0.68450217880308617 9.8695662990212458 53.192186755128205 152.17438554111868 0.2546984851360321 0.27061714045703389 6.0968449879437676 0.24673915747553099 0.23877982981502988 0.93920066393911839 0.22286117449402831 1.7271741023287175 0.15918655321002007 0.29449512343853612 0.19898319151252497 21.935907032340769 3.0086258556693783 0.21490184683352709 0.19102386385202408 0.18306453619152308 13.124931312166153
leaf_count=104747 179 4084 444 272 25 77 37 23 21 86 1240 6683 19119 32 34 766 31 30 118 28 217 20 37 25 2756 378 27 24 23 1649
internal_value=-4.81792 -4.83425 -4.1333 -4.64943 -3.47335 -4.23044 -3.7659 -4.85292 -3.05124 -3.21456 -4.30069 -4.58059 -4.79929 -2.69999 -3.04023 -4.37907 -4.18338 -4.19464 -3.72167 -3.65184 -4.01302 -3.02007 -3.82071 -3.95689 -4.80193 -4.6873 -2.94029 -3.51278 -2.25023 -4.60005
internal_weight=1140.03 1113.48 26.5523 102.166 3.40659 23.1457 3.04046 1011.31 1.98187 1.81473 20.1053 69.66 177.596 1.13022 0.875526 16.3723 6.50277 3.34292 1.17798 0.493478 2.34004 0.405926 0.47756 3.73292 177.119 24.9445 0.700421 0.405926 0.382048 66.3171
internal_count=143232 139896 3336 12836 428 2908 382 127060 249 228 2526 8752 22313 142 110 2057 817 420 148 62 294 51 60 469 22253 3134 88 51 48 8332
is_linear=0
shrinkage=1


Tree=1
num_leaves=31
num_cat=0
split_feature=5 28 7 6 6 7 6 1 8 28 7 7 7 3 5 3 2 12 2 29 12 27 15 12 5 2 12 2 9 6
split_gain=1350.67 801.299 374.256 183.931 141.794 97.1385 91.0103 84.1246 98.236 74.6789 93.7008 71.4134 125.588 70.3857 63.7409 108.436 60.4852 59.6472 59.4522 53.8821 48.7848 47.4919 75.1257 59.3208 49.7187 47.1884 91.695 44.2536 43.7399 42.7421
threshold=0.0045091695557915841 -0.013749549873768053 0.0019354340530009543 0.0031636514237960152 0.0010777125868295493 0.00096228053717861304 0.00054194356178612437 0.062552159404168931 0.89700571053966216 -0.023178235418512241 0.003648906034052012 0.00061514802013779024 0.00042465364769977135 0.033605982514582695 0.0013453460207138097 -0.067885535413472406 -0.049040862926763233 0.55230714285714566 0.017810510822093732 0.47455228513428011 0.23842142857142692 0.17711511572377395 0.08536585209695853 0.69662142857143106 0.0039268919948418695 -0.015630122046522418 0.68606785714285545 -0.090744461859279299 1.1390415613032985 0.0011451583659632893
decision_type=2 2 2 2 2 2 2 2 2 2 2 2 2 2 2 2 2 2 2 2 2 2 2 2 2 2 2 2 2 2
left_child=1 9 3 13 5 16 -4 -7 -9 11 -11 12 17 -3 15 -12 -2 -1 27 -17 -6 22 -13 -24 -23 26 -15 -8 -19 -22
right_child=4 2 6 -5 20 7 18 8 -10 10 14 21 -14 25 -16 19 -18 28 -20 -21 29 24 23 -25 -26 -27 -28 -29 -30 -31
leaf_value=0.073022568349882952 0.31906775638921558 -0.040021043770853776 0.014046085892331429 0.13875475111726115 0.040708362811900267 0.16656114498320126 0.56137417151493851 0.062655162270086481 1.0485935753691773 0.138706090370698 1.5555307781051957 0.2378086967931605 1.2714198222647659 1.4942001484634726 0.27037030820077551 0.86690137443627102 0.036546080479088708 1.001213169307027 0.21705002608603757 -0.050593915010661787 0.48916305381946795 0.1667048922765221 1.4699283059714112 0.46466850778136487 0.62675205913750531 0.029498913341599133 -0.050416420692294864 0.082492723692656533 0.35993527204852988 0.23138904292923096
leaf_weight=0.80283067515120121 2.0227503208443549 911.22804479766637 29.469304421916604 15.038263267837463 3.2671460602432481 24.705613631755117 0.49011326953768986 0.44119238387793192 0.59117929730564356 15.837601989507677 0.3112968048080802 0.86054734047502257 0.52889275457710017 0.16185284033417957 1.5530189108103511 0.32700078934431021 29.86990883667022 0.47492423281073548 13.053434967994688 0.31337279547005892 1.6669832468032826 5.4137548971921206 0.29593109199777246 0.29112513642758131 0.65875636227428902 30.657679120078683 0.23644711542874575 30.767535354476422 0.60417424701154232 45.537685547955334
leaf_count=70 127 118548 3572 1538 272 2035 36 38 39 1707 26 56 37 20 124 33 3271 36 1195 29 148 254 24 28 25 3768 29 3350 18 2779
internal_value=-0.00198651 -0.0191661 -0.0263669 -0.0347296 0.166369 0.11278 0.0821412 0.18504 0.627245 0.24344 0.183648 0.353877 0.590684 -0.0374983 0.46782 0.790037 0.0544646 0.399371 0.127428 0.417916 0.22756 0.277961 0.535312 0.971413 0.216612 0.036524 0.577253 0.0900015 0.642169 0.240492
internal_weight=1167.48 1059.38 1031.1 957.322 108.102 57.6306 73.7804 25.738 1.03237 28.2732 18.3423 9.93094 2.41082 942.284 2.50469 0.95167 31.8927 1.88193 44.3111 0.640374 50.4718 7.52011 1.4476 0.587056 6.07251 31.056 0.3983 31.2576 1.0791 47.2047
internal_count=143232 134523 132056 123903 8709 5510 8153 2112 77 2467 1919 548 161 122365 212 88 3398 124 4581 62 3199 387 108 52 279 3817 49 3386 54 2927
is_linear=0
shrinkage=0.05


Tree=2
num_leaves=31
num_cat=0
split_feature=10 6 28 7 0 10 29 13 10 13 12 10 28 15 12 30 12 1 8 29 28 16 7 5 13 0 9 9 13 30
split_gain=2068.64 180.845 121.929 95.8143 79.496 73.0222 70.0767 64.8037 81.9124 69.1744 58.7629 55.6545 54.6665 90.278 64.6754 88.3692 70.3686 64.7338 62.5406 52.9199 50.4951 45.2141 63.1747 49.4212 42.3178 60.2904 86.7629 93.7879 65.7069 50.1917
threshold=0.0034987513820454084 0.0020273744441748737 -0.012174095339426953 0.0034416588135162407 0.010252076194841033 0.0024964974038974683 0.30259567053698083 306.50000000000006 0.0051278089944555563 319.50000000000006 0.24077500000000188 0.026754219644159076 -0.0044778372614084801 0.78048779694625658 0.69662142857143106 0.57080004463311462 0.35770357142857284 -0.0047097746601078563 0.85881049819381805 -0.58830958210165107 0.023201770486620581 1.0000000180025095e-35 0.0019354340530009543 0.012610974203489909 313.50000000000006 -0.0022756985659854729 0.59464596414685567 0.49909198341695249 332.50000000000006 0.11509401550998478
decision_type=2 2 2 2 2 2 2 2 2 2 2 2 2 2 2 2 2 2 2 2 2 2 2 2 2 2 2 2 2 2
left_child=2 3 -1 4 7 -4 -6 11 -9 -10 -3 -2 14 -14 15 16 -11 18 -18 -13 -15 22 -8 -23 -12 26 27 -26 29 -28
right_child=1 10 5 -5 6 -7 21 8 9 12 24 19 13 20 -16 -17 17 -19 -20 -21 -22 23 -24 -25 25 -27 28 -29 -30 -31
leaf_value=0.089887588608368346 0.016628787715106477 0.013418652796189773 -0.043936586502292777 0.19114307506379402 0.045540670148534912 -0.0005270740395779943 1.0726323825139019 0.065134185380879242 0.090296451480251061 0.18112338806954448 0.17512104129324324 0.75255400605248535 0.037312368770595211 0.3384584248314928 0.16766650333606686 1.2769081568918026 1.330448516128127 0.16136754609253495 0.57126474080788869 0.1370743962359342 1.0718563269761185 0.57467793167626746 0.27140995658798872 0.077968957024295224 0.24441573554669505 0.20648714800296158 0.61227273669297844 1.3363447119915788 0.11138464323816542 0.10327673894412868
leaf_weight=18.824625281151384 52.52313217241317 4.6488121137954286 799.08993849251419 22.597460585646331 2.0109457839280358 110.24331542057917 0.53394619002938304 44.508114736527205 11.283879308030011 1.5090962951071567 60.808709659148008 0.37066424824297417 4.5488304593600315 1.9276816272176804 2.2884204578585923 0.33896414237096895 0.43438827991485573 0.47169502498581994 0.72242800751700997 6.0440920437686136 0.26723479200154532 0.87921868823468696 0.45624583214521408 1.1634669248014688 0.33884913194924848 15.265490120742468 1.9535052469000223 0.46861116774380207 2.1290759346447885 0.64399798400700081
leaf_count=1842 5454 398 107914 1504 111 13794 35 4919 967 116 3413 13 393 168 177 27 31 39 41 325 20 65 16 74 26 1072 100 35 104 39
internal_value=-0.00216859 0.128307 -0.0360664 0.095993 0.0797388 -0.0386738 0.274419 0.0720216 0.105169 0.18006 0.186329 0.0336088 0.261034 0.16439 0.374085 0.509958 0.427102 0.655043 0.856341 0.172639 0.427751 0.426176 0.703457 0.291764 0.196179 0.257742 0.399126 0.878119 0.317298 0.486078
internal_weight=1169.29 241.137 928.158 154.88 132.282 909.333 5.04382 127.239 68.3007 23.7926 86.2571 58.9379 12.5087 6.74375 5.76499 3.47657 3.13761 1.62851 1.15682 6.41476 2.19492 3.03288 0.990192 2.04269 81.6082 20.7995 5.53404 0.80746 4.72658 2.5975
internal_count=143232 19682 123550 14495 12991 121708 301 12690 6898 1979 5187 5792 1012 581 431 254 227 111 72 338 188 190 51 139 4789 1376 304 61 243 139
is_linear=0
shrinkage=0.05


Tree=3
num_leaves=31
num_cat=0
split_feature=4 11 11 13 11 11 13 5 4 12 2 30 27 1 27 18 8 7 27 1 14 6 8 2 1 27 12 6 4 15
split_gain=1794.23 223.587 184.355 99.6476 105.319 61.8625 53.2233 63.81 64.6922 54.7309 45.2145 40.0562 39.5892 38.7981 38.0376 38.0303 37.8483 47.9323 73.1451 36.7003 60.9656 36.275 34.4708 44.318 125.457 100.273 118.405 47.084 42.8416 72.2501
threshold=0.0054195442369416669 0.0033026480839622526 0.0046159043625565348 325.50000000000006 0.0045041711414978381 0.014987714171041822 319.50000000000006 0.0013884428836236078 0.0069317548701190853 0.23842142857142692 -0.010303426828298433 0.65085588470655253 862775.00000000012 -0.015532624707944529 0.043558682353762736 0.0011461471830701952 0.92890522018734722 0.0011703490976470398 0.40908293093001424 -0.015532624707944529 55.500000000000007 0.0031636514237960152 0.703632331058205 -0.0078636098482839905 -0.00028060027056708842 0.56854868937462932 0.69662142857143106 0.0011045996798521853 0.0043142487747245706 0.7845479164622281
decision_type=2 2 2 2 2 2 2 2 2 2 2 2 2 2 2 2 2 2 2 2 2 2 2 2 2 2 2 2 2 2
left_child=1 13 14 5 -5 -3 7 16 -9 -8 11 15 -11 -1 19 -7 17 18 -4 20 -2 22 -6 -24 25 27 -27 -25 29 -26
right_child=2 3 6 4 21 10 9 8 -10 12 -12 -13 -14 -15 -16 -17 -18 -19 -20 -21 -22 -23 23 24 28 26 -28 -29 -30 -31
leaf_value=0.60390756229174469 0.040808058228552962 -0.012514288499065957 1.2337314859744 0.038662245376459438 0.082838719243369552 0.10823154283856216 0.0058599243993714099 0.047592500322964915 0.13274067986310942 0.2050739470806236 0.026453505626703001 0.57612172489532909 0.58285485978080087 -0.046767606429558767 0.02241266947147522 0.5331437062731158 0.13186933289938935 0.23854535186861653 0.34321256267514322 0.064663375110384946 0.77255477012735851 0.71004000166783521 0.073033566380636405 -0.050583996253348834 0.028656589402130974 1.8136148516705544 0.37869622995759511 0.91331637368426577 0.017489629843453033 0.77518558929007264
leaf_weight=0.22916971100494166 0.53581894561648391 138.49945064261556 0.31141288205981499 22.979000198654834 2.9923226973041857 4.638301833998411 3.5211609397083512 27.92149646114558 110.93520776927471 33.262295141816139 9.7541350899264199 0.63797110272571433 0.70825118478387494 738.11778697930276 47.924979717470706 0.59402935206890095 7.8669512029737225 9.2992291059344989 0.88845815509557724 1.7356289853341866 0.60722065158188343 0.39432043768465597 1.6121773961931456 0.3252907758578647 0.63135475944727903 0.37550367042422295 0.2329563582316041 0.20751240849494934 1.4673459427431224 0.66598826460540295
leaf_count=25 29 17453 23 2527 248 314 252 2447 5416 1846 1160 56 34 104722 4813 21 457 571 66 174 44 29 129 31 64 38 23 23 133 64
internal_value=-0.0023104 -0.034223 0.117838 0.0147705 0.095232 -0.00187465 0.139969 0.127204 0.115619 0.193501 0.0924381 0.202079 0.21295 -0.0465656 0.033016 0.156472 0.214789 0.276921 0.574337 0.209544 0.429536 0.241212 0.219489 0.293591 0.384626 0.825672 1.26424 0.324829 0.202562 0.411886
internal_weight=1169.87 924.355 245.518 186.008 31.8838 154.124 194.714 157.223 138.857 37.4917 15.6244 5.8703 33.9705 738.347 50.8036 5.23233 18.3661 10.4991 1.19987 2.87867 1.14304 8.90477 8.51045 5.51813 3.90595 1.14126 0.60846 0.532803 2.76469 1.29734
internal_count=143232 127060 16172 22313 3309 19004 11112 8980 7863 2132 1551 391 1880 104747 5060 335 1117 660 89 247 73 782 753 505 376 115 61 54 261 128
is_linear=0
shrinkage=0.05


Tree=4
num_leaves=31
num_cat=0
split_feature=4 11 11 4 13 11 13 11 10 1 12 5 4 13 27 1 10 15 6 6 10 12 13 13 15 4 11 13 2 30
split_gain=1503.64 169.218 168.409 62.2724 43.2093 35.0301 52.8622 47.1616 33.0643 33.2351 54.1524 30.7335 30.1758 34.6236 34.4457 29.8552 29.631 29.0611 28.4932 25.4897 24.5422 59.6753 23.7032 25.6364 27.6416 23.1793 33.0752 28.4236 33.05 42.8947
threshold=0.0050078913543932938 0.0031142877622887142 0.0035847292389052684 0.0031836516694195363 306.50000000000006 0.0051679820619879744 319.50000000000006 0.010087766416650309 0.0033858239654318404 -0.0086441457996481712 1.8630648928571392 0.00068245452086123195 0.010385926672086829 306.50000000000006 0.89490186791095905 -0.015532624707944529 0.021723453821532568 0.42424242214098146 0.0015260429886654111 0.0038474448491918303 0.0037678822664081778 0.59924642857142685 282.50000000000006 251.50000000000003 0.071428563775496626 0.0067706402426078944 0.0068565193665041362 280.50000000000006 -0.018425530659946784 -3.0254348988840607
decision_type=2 2 2 2 2 2 2 2 2 2 2 2 2 2 2 2 2 2 2 2 2 2 2 2 2 2 2 2 2 2
left_child=1 15 12 16 -5 17 7 25 9 10 -6 18 -2 14 -14 -1 -3 -4 -9 -13 21 -21 23 24 -22 -7 27 -27 29 -29
right_child=2 3 5 4 8 6 -8 11 -10 -11 -12 19 13 -15 -16 -17 -18 -19 -20 20 22 -23 -24 -25 -26 26 -28 28 -30 -31
leaf_value=0.45436134590868965 -0.01439832526642173 -0.026413496079462064 0.11081512241448575 -0.011569725939232632 0.10792739607465479 0.023556155755720648 0.1715731754552311 0.42535901715105295 0.10466868157919967 0.014362720218990155 0.74127796597378603 0.10167931157140926 0.57677025650221059 -0.050854137814362294 -0.050824935323091729 -0.047348949756139513 0.19177639035942073 0.029907365499531324 0.17474738098425791 0.82950171315773447 0.41960520888183983 0.12173779153481296 0.12490446275541672 0.49943289332776186 0.12727683162534129 0.036205330235857119 0.057070125439952817 0.016213814240182724 0.13742526772298627 0.4560832024130812
leaf_weight=0.2966479416936626 36.048330188263208 89.5572814270854 21.0163564523682 32.096981928218156 3.153477873653173 19.550235076341778 36.584624025505036 1.3614107212051729 24.750887840054929 33.168030336499214 0.37794542731717218 84.169671401847154 0.71670790668576845 0.81415153387933958 0.31460386794060469 685.17074432037771 1.5835421765223134 23.519001493696123 6.7949147988110781 0.45381024293601402 1.0494667608290935 0.86644692998379469 25.674103571102023 0.81068155448883761 3.5240498818457127 3.4295279821380964 24.006149674765766 0.74462588969618115 5.8418939784169188 2.1676724730059496
leaf_count=17 4185 11587 1584 3883 329 1788 1660 66 2277 4089 32 4415 39 52 20 101940 74 1893 299 24 23 50 607 22 101 217 1422 45 381 111
internal_value=-0.00242919 -0.0356867 0.0942093 0.0067917 0.0354492 0.108481 0.11677 0.105659 0.0600084 0.0298885 0.175711 0.122748 -0.00430288 0.192896 0.385321 -0.0471318 -0.0226225 0.068088 0.216578 0.116182 0.153883 0.365017 0.144908 0.240291 0.194356 0.0674248 0.0911232 0.15822 0.20602 0.343616
internal_weight=1169.61 870.156 299.458 184.688 93.5473 261.565 217.029 180.445 61.4503 36.6995 3.53142 124.705 37.8938 1.84546 1.03131 685.467 91.1408 44.5354 8.15633 116.548 32.3786 1.32026 31.0583 5.3842 4.57352 55.7401 36.1899 12.1837 8.75419 2.9123
internal_count=143232 124228 19004 22271 10610 14708 11231 9571 6727 4450 361 5607 4296 111 59 101957 11661 3477 365 5242 827 74 753 146 124 3964 2176 754 537 156
is_linear=0
shrinkage=0.05


Tree=5
num_leaves=31
num_cat=0
split_feature=4 11 11 4 4 13 11 15 8 2 27 11 13 13 5 15 15 7 29 7 9 9 10 27 7 18 6 12 12 11
split_gain=1261.41 175.908 139.13 72.7164 37.5904 44.7586 27.5565 28.3408 32.3223 27.4415 33.402 33.4287 31.966 29.9247 29.6333 29.5996 27.294 48.4803 27.2325 27.1621 25.1545 63.9436 43.0424 62.4388 34.7636 24.8771 28.8946 49.71 36.3552 24.8659
threshold=0.0050078913543932938 0.0030296041756735265 0.004838329945114025 0.0031836516694195363 0.0069317548701190853 324.50000000000006 0.0033560294515991803 0.42424242214098146 2.6049706943237818 -0.03621198475277642 6.1405036299425602 0.0061740976628864514 306.50000000000006 316.50000000000006 0.002252525853455538 0.52857141346937231 0.40149648798308407 0.00098425196850394545 1.0000000180025095e-35 0.0016349673832759333 0.81004626872624019 0.72018240590585869 0.0063568383522186996 0.87382905251236898 0.0020250713605130511 0.0015688662664989567 0.0010146425604912767 0.61617142857143292 1.2097357142857128 0.014987714171041822
decision_type=2 2 2 2 2 2 2 2 2 2 2 2 2 2 2 2 2 2 2 2 2 2 2 2 2 2 2 2 2 2
left_child=1 -1 6 29 5 -4 -2 16 -9 10 11 12 -6 14 -11 25 -8 -18 -5 -12 21 22 -7 -24 -23 -15 -27 -28 -29 -3
right_child=2 3 4 18 9 20 7 8 -10 13 19 -13 -14 15 -16 -17 17 -19 -20 -21 -22 24 23 -25 -26 26 27 28 -30 -31
leaf_value=-0.046543420694884402 -0.013890089174678705 -0.030318380659434836 0.049079055632784335 0.059440597331097522 0.61859614063665447 0.062192980439636163 0.076390810740205484 0.00053309139093393417 0.59232464925730732 0.14796286500683437 0.50145240131408597 0.12206450720548326 0.11536286356271362 0.057911849615864798 0.069875471544818643 0.1771123499522137 0.82435565332839755 0.050324276936861791 0.0063871946160745617 0.20506822096806465 0.039877399526834702 0.76579753935102735 0.7656224747255741 0.11285261465956667 0.19186718409632328 0.081689222285954613 0.080838328729084682 0.83447932511705702 0.27717026002157902 0.083693789519805939
leaf_weight=647.81937835877761 31.423907112330198 87.139453993178904 54.923367640003562 58.572850895114243 0.67139197979122289 3.9662386104464513 21.183573780115697 21.432286579161886 0.23324135504662891 14.429885233752428 0.99018573481589456 51.20537275262177 0.59542476758360863 14.800774818286301 76.880457272753119 19.992357437498868 0.34282571543007989 0.49350740481168032 41.203228681348264 3.5247550765052438 2.7423773659393191 0.73433546815067507 0.61180552281439282 0.91302504017949104 0.41180193424224854 2.9902829220518461 1.1309604868292811 0.56434413418173768 0.60777193307876587 5.0600539259612551
leaf_count=101005 3643 11679 4173 6355 27 216 1552 1855 17 615 34 1365 17 583 3521 789 27 35 4664 67 144 38 25 40 23 130 44 22 23 453
internal_value=-0.00161717 -0.0340862 0.0815665 0.00795073 0.0993261 0.0663178 0.0218185 0.0475045 0.00690405 0.110593 0.13957 0.128342 0.382068 0.0980257 0.0822157 0.134038 0.0874516 0.367612 0.0375318 0.270069 0.167262 0.219894 0.148991 0.374763 0.559587 0.0911823 0.18421 0.317321 0.5455 -0.0240612
internal_weight=1167.59 839.795 327.796 191.976 252.687 64.303 75.1093 43.6854 21.6655 188.384 56.9871 52.4722 1.26682 131.397 91.3103 40.0865 22.0199 0.836333 99.7761 4.51494 9.37958 6.63721 5.49107 1.52483 1.14614 20.0941 5.29336 2.30308 1.17212 92.1995
internal_count=143181 124156 19025 23151 11896 4659 7129 3486 1872 7237 1510 1409 44 5727 4136 1591 1614 62 11019 101 486 342 281 65 61 802 219 89 45 12132
is_linear=0
shrinkage=0.05


Tree=6
num_leaves=31
num_cat=0
split_feature=4 10 10 4 2 12 3 27 28 5 4 29 28 2 5 2 2 8 8 2 10 3 4 7 20 5 5 10 4 15
split_gain=1105.24 149.045 51.8475 51.0367 32.5256 35.1383 67.074 68.6173 28.7502 28.2048 33.0471 26.8157 27.6193 53.0073 55.7612 26.5222 26.4435 25.4252 28.9078 24.1971 29.7852 26.9431 23.2321 26.2345 22.8314 22.6684 20.8104 20.264 36.2767 20.2147
threshold=0.0038880008517167158 0.0046753458681729051 0.0036943119150912528 0.0066087022423889363 0.019317518528524594 0.41343571428571485 0.092071590684926777 1.6347263980977986 -0.012889241942273779 0.0026857654431512658 0.0034375439987287724 0.13089889978975291 0.012898020322335639 0.010272228923597694 0.0030203042439717089 -0.014605390358622903 -0.03621198475277642 0.9490364406220273 0.83674110886052133 0.055734057244565156 0.0021352403143819827 -0.023372317260029692 0.004065888161356097 0.0010535031771324161 1.0000000180025095e-35 0.00056369785794813457 0.00053401144344775793 0.0051278089944555563 0.0057128529679485243 0.22727271694217863
decision_type=2 2 2 2 2 2 2 2 2 2 2 2 2 2 2 2 2 2 2 2 2 2 2 2 2 2 2 2 2 2
left_child=2 3 8 11 16 6 7 -6 9 -1 -11 12 -2 14 -14 22 17 18 -5 20 -7 -22 23 -3 25 26 27 28 -17 -29
right_child=1 15 -4 4 5 19 -8 -9 -10 10 -12 -13 13 -15 -16 24 -18 -19 -20 -21 21 -23 -24 -25 -26 -27 -28 29 -30 -31
leaf_value=0.031898289403843962 0.021803075949883018 0.12498275527108578 0.022216165635091031 0.18143851059350133 0.66368875301994434 0.55465887155188454 0.87917748746295032 0.014912991573233723 -0.043865191187513274 0.90041766064943174 0.099689456422936293 -0.014657048307361295 0.19488405849032794 0.080992732710651966 1.1416757087044143 0.087078649905290781 0.036919541102363569 0.071496493154118324 0.61151033636001739 -0.052917032398880216 0.47829100146908482 0.08429293082870383 0.10417020971029217 0.8516401483530025 0.38867221942171465 0.066002283380803203 0.42691605973100843 0.37463008408806875 0.63870646986593027 0.067705117646941496
leaf_weight=5.4471727767959228 76.600526101421565 0.28256255341693659 31.985549991484731 1.5017822263762348 0.55962165631353844 0.41285421606153061 0.42789882328361262 1.4998200656846163 681.45842197956517 0.21029375307261933 0.33273667888715863 57.206720725167543 0.40722557436674733 5.3200392522849143 0.25158882839605212 0.72246517427265267 45.912613124586642 3.5513719003647566 0.52813341096043576 2.0673035029321909 0.47121757920831342 5.4805865185335287 102.15129722515121 0.22163646994158626 0.56844905111938615 131.80169773846865 0.62692594807595092 0.58701306115835894 0.50733229145407677 6.2303269538097084
leaf_count=545 8371 23 3545 64 29 27 14 89 108833 20 32 6989 36 513 22 47 3062 117 24 99 18 280 3408 19 28 6544 31 30 25 297
internal_value=-0.00167615 0.0601754 -0.0400112 0.0284397 0.0660334 0.144417 0.30956 0.191208 -0.0429065 0.0661544 0.409779 0.0116544 0.0298816 0.133383 0.556446 0.0865068 0.0494121 0.152178 0.293332 0.0957015 0.143974 0.115487 0.105841 0.444408 0.0724346 0.0711549 0.149449 0.127832 0.314643 0.0941332
internal_weight=1165.33 445.899 719.434 202.199 62.4132 10.9193 2.48734 2.05944 687.449 5.9902 0.54303 139.786 82.5794 5.97885 0.658814 243.7 51.4939 5.58129 2.02992 8.43196 6.36466 5.9518 102.655 0.504199 141.044 140.476 8.67406 8.04714 1.2298 6.81734
internal_count=143181 30206 112975 19754 3823 556 132 118 109430 597 52 15931 8942 571 58 10452 3267 205 88 424 325 298 3450 42 7002 6974 430 399 72 327
is_linear=0
shrinkage=0.05


Tree=7
num_leaves=31
num_cat=0
split_feature=11 10 11 13 11 11 28 29 13 11 12 12 12 12 2 10 12 12 28 13 15 15 12 11 8 27 28 27 18 18
split_gain=1008.79 124.874 44.7916 35.7723 40.7581 34.954 49.4036 50.2125 43.4433 29.535 33.6377 53.2249 25.0497 25.7022 37.0696 23.8753 33.6721 38.984 72.3109 22.8979 22.4714 21.7735 23.619 85.6737 97.1812 23.9537 21.7539 42.311 25.0328 27.1237
threshold=0.0033026480839622526 0.0027244403750363304 0.0051679820619879744 319.50000000000006 0.010087766416650309 0.013368611917662736 -0.0075000581212305651 -0.56293967300325476 319.50000000000006 0.0044090551805193124 1.9561928571428628 2.4020857142857084 0.16029285714286043 2.9037142857142872 0.0020134010242560678 0.0039231233614341688 0.57441785714285454 0.68606785714285545 -0.0032699316164622664 300.50000000000006 0.45833329513891558 0.30252465586488547 1.2796142857142894 0.0037320645243364586 0.93694400368630659 0.53451956064239747 -0.01482132142278182 2.4761020554692363 0.0077194193905546771 0.0096164089578737039
decision_type=2 2 2 2 2 2 2 2 2 2 2 2 2 2 2 2 2 2 2 2 2 2 2 2 2 2 2 2 2 2
left_child=15 5 19 4 -4 8 7 -7 -2 -10 -11 -12 -5 -14 -15 -1 -17 18 -18 -3 21 -21 -23 24 -24 -25 27 -6 -28 -30
right_child=1 2 3 12 26 6 -8 -9 9 10 11 -13 13 14 -16 16 17 -19 -20 20 -22 22 23 25 -26 -27 28 -29 29 -31
leaf_value=-0.044918203694309156 -0.027339659210369707 -0.026461699535671037 0.036611328200275954 0.38600371815530632 0.086826977866839017 0.58129638369738179 0.010768648122861562 0.13866050007663583 0.009327755387490741 0.088444254421550739 0.84901267047796947 0.055259389978984802 0.096995957143923339 0.10340175904994596 0.52673097586895368 -0.043136408774172304 0.91218425857783814 0.057279760466389884 0.039714914981340402 0.046298888858929056 0.013986695646924459 0.095456501903639634 0.28486761414312112 0.39095628285322398 1.712786344170953 -0.050960218438522199 0.062104850298919684 0.2161440590181023 0.40507937524389875 0.10113519741236204
leaf_weight=631.1366371139884 71.445371636655182 14.440317288041113 90.589539562817663 0.79867694387212296 48.111276927404106 0.78959469450637687 8.138191548176108 3.3978267996571949 18.351142733823512 8.6065272367559338 0.38889766065403897 0.46219470724463463 52.449990242253989 1.2886250321753316 0.863766181282699 6.8052211389876884 0.41536872740834951 3.7054264768958092 0.55456248112022866 27.166366454679519 35.473333897534758 8.1850017332471889 0.29814298124983807 0.45245671505108453 0.19848071970045567 0.95150431338697672 116.81110341008753 7.2827843539416781 1.0947554400190704 2.2274796012789011
leaf_count=105839 9477 1455 6678 31 1163 40 846 203 2114 699 28 23 1778 47 31 802 39 403 67 1848 2932 598 29 28 18 64 5682 117 41 61
internal_value=-0.0017161 0.0500406 0.0628401 0.0714589 0.0638492 0.00315981 0.0825736 0.222125 -0.00670198 0.0463197 0.118097 0.417957 0.108011 0.103945 0.273286 -0.0436184 0.0278392 0.131148 0.413346 0.0310491 0.0424684 0.0695902 0.132327 0.291115 0.85555 0.0914569 0.0779067 0.103829 0.065954 0.201292
internal_weight=1162.88 520.263 408.684 321.518 266.117 111.58 12.3256 4.18742 99.2541 27.8088 9.45762 0.851092 55.4011 54.6024 2.15239 642.617 11.4806 4.67536 0.969931 87.1656 72.7253 37.252 10.0856 1.90058 0.496624 1.40396 175.527 55.3941 120.133 3.32224
internal_count=143181 36031 22601 15629 13742 13430 1089 243 12341 2864 750 51 1887 1856 78 107150 1311 509 106 6972 5517 2585 737 139 47 92 7064 1280 5784 102
is_linear=0
shrinkage=0.05


Tree=8
num_leaves=31
num_cat=0
split_feature=11 4 4 13 11 11 11 11 4 7 0 13 6 11 6 10 4 0 12 6 10 9 5 11 13 9 12 9 4 9
split_gain=906.402 167.892 36.7871 45.055 26.8511 25.3788 23.7777 23.0311 25.8393 32.7395 22.2295 26.8194 65.0616 20.3555 27.2432 29.243 19.877 27.082 46.0458 18.854 17.7384 28.399 52.2249 37.4754 28.0091 22.749 25.8897 17.3865 20.854 17.0331
threshold=0.0033026480839622526 0.0036138620920116936 0.0069317548701190853 323.50000000000006 0.014987714171041822 0.004838329945114025 0.0025666593123410846 0.0051679820619879744 0.004065888161356097 0.0019354340530009543 -0.0020581705725726258 325.50000000000006 0.00093820417674973019 0.020199209677889178 0.0035635380034703414 0.0051278089944555563 0.003845119681388507 -0.00066731992459062573 0.55230714285714566 0.00024186157038778256 0.0031762698221974783 0.72773183116133688 0.0021936683129289568 0.0040467787500537492 336.50000000000006 1.0822579884909835 0.51623571428571435 0.70483686245412536 0.0041636088470934666 0.88458517715068685
decision_type=2 2 2 2 2 2 2 2 2 2 2 2 2 2 2 2 2 2 2 2 2 2 2 2 2 2 2 2 2 2
left_child=6 4 3 13 -2 -4 -1 10 9 -9 11 12 -5 -3 27 -16 17 18 -12 -7 21 22 -13 -24 -25 -22 -27 -15 -29 -30
right_child=1 2 5 7 -6 19 -8 8 -10 -11 16 20 -14 14 15 -17 -18 -19 -20 -21 25 -23 23 24 -26 26 -28 28 29 -31
leaf_value=-0.0469614397298782 -0.020400048587058205 0.018257643503480896 0.023085058889952881 0.035766798563819743 0.073984511565099706 0.038773647991128389 -0.016834654521956097 0.16563162318377067 0.11452700706818425 0.74502620089452476 0.85586433377346693 0.91946279510694406 0.88291093291821321 -0.036323888457127987 0.037104951364403706 0.52103862061895334 0.019534400033108454 0.072453684724186312 -0.050598721840798888 0.08098562865162813 -0.0039880543866259366 0.072614499675925523 -0.050502543341887078 0.76196809319479586 0.11370941132706143 0.48633251268937489 0.024375689059107811 0.32119711322132288 0.21105383092459259 0.033288093531894873
leaf_weight=541.23044279264286 93.254630186129361 114.28255797689781 25.499226059764624 0.57324541872367163 8.1976976874284428 30.336240042932332 74.511123310308903 0.69205213245004304 13.786884826608 0.37644070666283369 0.33088272158056531 0.30872412025928309 0.37485584709793329 3.3843885557726017 0.56573816016316303 0.69647967908531427 23.406739106867462 1.6233894149772847 0.24297307152301073 206.64274690952152 5.3028613505885005 2.8310113241896033 0.7184674823656676 0.3684568926692009 0.30418654624372721 0.5580891231074927 0.66432220954447985 0.92711091972887416 1.7083877492696027 6.3794407872483134
leaf_count=95864 12524 9968 1494 45 665 1183 11286 43 502 14 28 16 29 240 29 22 1786 144 22 6054 351 244 74 19 26 37 48 44 100 280
internal_value=-0.00176093 0.0452449 0.0585352 0.0411535 -0.0127735 0.070482 -0.0433158 0.0801742 0.132885 0.369758 0.0593534 0.115494 0.370707 0.0251531 0.0828352 0.304135 0.0330321 0.17682 0.472064 0.075582 0.093609 0.169613 0.33116 0.2006 0.468809 0.0408354 0.235281 0.0603075 0.0965848 0.0708375
internal_weight=1160.08 544.338 442.886 180.408 101.452 262.478 615.742 52.4636 14.8554 1.06849 37.6082 12.0042 0.948101 127.944 13.6615 1.26222 25.604 2.19725 0.573856 236.979 11.0561 4.53085 1.69984 1.39111 0.672643 6.52527 1.22241 12.3993 9.01494 8.08783
internal_count=143181 36031 22842 14111 13189 8731 107150 3428 559 57 2869 889 74 10683 715 51 1980 194 50 7237 815 379 135 119 45 436 85 664 424 380
is_linear=0
shrinkage=0.05


Tree=9
num_leaves=31
num_cat=0
split_feature=11 4 4 13 11 3 28 28 15 13 29 8 29 29 8 4 8 2 13 11 11 3 11 10 2 7 15 27 27 7
split_gain=818.299 142.508 36.4739 31.2475 23.918 22.41 21.8115 33.8731 26.5951 25.7308 25.1981 24.2826 37.1716 48.3151 75.8167 25.9211 54.3957 20.7174 26.1583 19.9043 17.1475 19.4029 16.3323 39.7432 50.26 16.8624 15.6639 20.9926 28.6605 29.2957
threshold=0.0033026480839622526 0.0031836516694195363 0.0069317548701190853 323.50000000000006 0.0025666593123410846 0.12418566667881149 -0.0082563310009676691 0.010879965716078077 0.91304347054190305 241.50000000000003 -0.19393178020213955 0.9490364406220273 -0.44169379244418627 -0.37232051468660621 0.71885651738563194 0.0060557059197683507 0.76353563482261289 0.041485325852570594 317.50000000000006 0.004838329945114025 0.0051679820619879744 -0.044008289501253843 0.014000966109848545 0.0025493601557719544 -0.013725592139736285 0.00060331641804985939 0.57142853061224075 0.56854868937462932 0.8437071360176579 0.0010194751843147366
decision_type=2 2 2 2 2 2 2 2 2 2 2 2 2 2 2 2 2 2 2 2 2 2 2 2 2 2 2 2 2 2
left_child=4 5 3 6 -1 -2 8 -8 9 -3 11 12 15 14 -14 -9 -17 18 -15 -4 21 -5 -11 24 25 -24 27 -23 29 -29
right_child=1 2 19 20 -6 -7 7 10 -10 22 -12 -13 13 17 -16 16 -18 -19 -20 -21 -22 26 23 -25 -26 -27 -28 28 -30 -31
leaf_value=-0.04679018561718986 -0.022673739197998283 0.38222982090693985 0.021444706917322046 0.31328209640215876 -0.016267348744816775 0.56533720821933897 -0.0034327299863203941 0.020380185800268794 0.46834401858816288 0.021089645021014673 0.023530749621871974 -0.025592475505175384 1.011432632515971 -0.050732575248929206 0.081063527231006793 0.030445094355447823 0.81405213780743024 0.44005641863771094 0.50002723416118089 0.067342282719438221 0.10707830944881964 0.024026275289157698 0.34330772959555489 0.054476073814604342 0.71815559497686055 0.0011235787927122791 0.007384665825791871 0.077401542766427675 0.056097963109279038 0.31941917721692581
leaf_weight=516.67171942442656 78.218914417549968 0.57695615105330844 26.062134058214724 0.68243477214127679 73.2859215461649 0.16237199492752452 84.730938978958875 3.5168235395103684 0.38516635028645296 24.326987767126411 14.817147544119505 1.9905941621400414 0.51775696547701988 1.034438475966456 0.37945971172302961 0.61300021223723877 0.34673640131950378 0.50905221374705423 0.27234885748475779 252.23800573591143 17.545625420287251 13.280285496730359 0.62587610725313403 11.943748358637093 0.52017833478748698 0.8476110901683569 17.189671683125198 2.3332817866466931 8.3808638756163401 2.6942478027194738
leaf_count=95864 10733 40 1494 24 11286 16 8206 296 29 1933 1236 163 39 85 32 34 19 33 21 7237 604 907 11 430 36 36 1428 163 582 164
internal_value=-0.00177951 0.041128 0.0511726 0.0354445 -0.0429986 -0.0214556 0.0229503 0.0114193 0.054912 0.0508122 0.0638596 0.128952 0.171741 0.317778 0.617952 0.0832331 0.313549 0.169461 0.0640518 0.0630441 0.0652092 0.0487234 0.0458151 0.0889719 0.295631 0.146469 0.0446088 0.0685841 0.112716 0.207099
internal_weight=1156.7 566.743 488.361 210.061 589.958 78.3813 147.955 108.728 39.2265 38.8414 23.9974 9.18021 7.18962 2.71306 0.897217 4.47656 0.959737 1.81584 1.30679 278.3 62.1064 44.5608 38.2644 13.9374 1.99367 1.47349 43.8784 26.6887 13.4084 5.02753
internal_count=143181 36031 25282 16551 107150 10749 12679 10164 2515 2486 1958 722 559 210 71 349 53 139 106 8731 3872 3268 2446 513 83 47 3244 1816 909 327
is_linear=0
shrinkage=0.05


Tree=10
num_leaves=31
num_cat=0
split_feature=11 4 11 4 13 13 11 29 4 27 4 1 15 12 28 2 10 11 11 13 28 6 10 29 0 13 28 7 11 11
split_gain=761.782 116.115 30.7504 23.2235 31.2939 18.4149 24.0647 23.1889 25.225 18.3685 23.9276 17.7283 43.7523 16.7602 16.5851 20.5729 22.535 16.4821 32.0704 46.1302 20.9255 30.5903 18.7058 29.1902 36.781 27.4855 16.6878 17.6603 16.0302 18.3042
threshold=0.0034612222506237721 0.0038029904619089677 0.0025666593123410846 0.0069317548701190853 343.50000000000006 325.50000000000006 0.014987714171041822 -0.78969358514853016 0.0023923444976076303 0.51376744649212136 0.0038880008517167158 -0.012483506607876503 0.36474786182023661 0.25044642857142013 -0.010910699665557794 -0.027892000973000538 0.0026036931538095049 0.010087766416650309 0.010478572993976686 312.50000000000006 0.0054235007015924633 0.0024675599884197391 0.0032232904173799285 0.0069944455704799022 -0.0019585205962227565 308.50000000000006 0.0022283449464021994 0.0019788531674460028 0.0068565193665041362 0.004838329945114025
decision_type=2 2 2 2 2 2 2 2 2 2 2 2 2 2 2 2 2 2 2 2 2 2 2 2 2 2 2 2 2 2
left_child=2 5 -1 4 13 6 -2 8 -8 -6 -11 12 -4 -3 15 -9 -17 28 19 20 21 -19 23 24 25 -20 -26 -28 29 -5
right_child=1 3 11 17 9 -7 7 14 -10 10 -12 -13 -14 -15 -16 16 -18 18 22 -21 -22 -23 -24 -25 26 -27 27 -29 -30 -31
leaf_value=-0.047625876448054376 -0.026316097190031904 -0.025514181126864183 0.045153260039315468 0.022655142185697658 0.012179196526810767 0.045465495494474047 0.61157068117880897 0.023330001485621234 0.058548853201160891 0.46400423840256066 0.10728572916007739 -0.019925642107217992 0.72256912191589184 0.032103846775109537 -0.011800704773359635 0.49357069613159399 0.047581659956901771 0.010557818246506203 0.69056185076804844 0.45310668886148869 -0.024729745301919719 0.44690267196232569 0.060813556937248769 0.047182879258051064 -0.051859201978623828 0.26055585494953298 0.042041123204163887 0.45696250630005708 0.023743457045082815 0.075604335226814548
leaf_weight=493.26082011824474 81.024749749805778 13.85478512663394 3.1152775730006392 23.590321057476103 5.4976557213813093 13.438447664957492 0.37588577345013519 1.7196246702224018 0.45676891040056944 0.48463242873549717 15.673915486317126 83.699395013507456 0.25810681888833631 141.76073041418567 6.4332375675439826 0.64137566369026788 0.50723488349467516 0.8051509149372571 0.6061745332553985 1.2847405802458522 1.6643742546439169 0.80151650123298168 149.1179699357599 3.8459369195625186 0.92821834702044625 0.96037443727254868 0.53585996199399211 0.49183542747050524 54.144549078308046 52.974768857471645
leaf_count=95862 11512 1184 263 1299 294 1170 18 34 33 28 794 12602 13 10079 614 24 33 31 22 32 53 23 3405 127 35 37 25 22 1830 1707
internal_value=-0.00240104 0.0384607 -0.0427902 0.0490842 0.0348109 -0.00917561 -0.0172307 0.0554094 0.3082 0.0911247 0.117985 -0.0153963 0.0969842 0.026974 0.0327799 0.132771 0.296619 0.0577568 0.0684634 0.199234 0.0995221 0.228237 0.0646563 0.142424 0.246411 0.426946 0.101815 0.240615 0.0445655 0.0592903
internal_weight=1153.95 573.621 580.334 469.024 177.272 104.597 91.1589 10.1341 0.832655 21.6562 16.1585 87.0728 3.37338 155.616 9.30147 2.86824 1.14861 291.752 161.042 4.55578 3.27104 1.60667 156.486 7.3684 3.52246 1.56655 1.95591 1.0277 130.71 76.5651
internal_count=143205 34465 108740 21027 12379 13438 12268 756 51 1116 822 12878 276 11263 705 91 57 8648 3812 139 107 54 3673 268 141 59 82 47 4836 3006
is_linear=0
shrinkage=0.05


Tree=11
num_leaves=31
num_cat=0
split_feature=4 10 10 1 4 6 2 14 1 27 8 1 12 14 4 3 2 2 28 5 9 10 28 5 28 6 6 3 3 12
split_gain=668.856 64.6761 40.1262 35.8159 24.5933 21.9741 21.7948 21.1353 20.9532 42.5353 17.9804 16.9391 16.5162 29.9692 26.9889 26.5136 34.7383 36.2054 23.8276 23.529 29.7755 37.5226 16.838 16.1517 15.2617 20.3789 27.4384 15.212 14.6244 31.1881
threshold=0.0038029904619089677 0.0046753458681729051 0.0032232904173799285 0.017554035598602028 0.0067706402426078944 0.0021333850530126709 -0.020138387848517066 26.500000000000004 -0.0067215900745148929 0.40908293093001424 0.71885651738563194 -0.022213769000934077 1.6269285714285686 72.500000000000014 0.0038880008517167158 -0.0018283987398035049 -0.0076291695259728667 -0.0069970433611787333 0.0072964873366672062 0.0024120225824249037 0.57936188154689805 0.0036943119150912528 -0.023178235418512241 1.0000000180025095e-35 0.029894066988409861 0.00089005365100021589 0.00047553378775079584 0.12418566667881149 0.0038020320472843543 0.35390357142857126
decision_type=2 2 2 2 2 2 2 2 2 2 2 2 2 2 2 2 2 2 2 2 2 2 2 2 2 2 2 2 2 2
left_child=2 4 3 6 12 24 8 -6 9 10 -1 -9 18 14 -14 16 -16 -18 22 20 -19 -22 -2 -20 -3 26 -26 -8 -13 -30
right_child=1 5 -4 -5 7 -7 27 11 -10 -11 -12 28 13 -15 15 -17 17 19 23 -21 21 -23 -24 -25 25 -27 -28 -29 29 -31
leaf_value=0.30506485676450468 0.12437239071248606 0.036092911437316168 0.0062041718802123141 0.85914603212605134 -0.052424389391921823 0.065508732981699333 -0.044620663116088088 0.14056681477844538 -0.012051350233328666 0.70787445018227935 -0.052305070429740079 0.019068287923806743 0.55511720872672909 -0.0065728423956098866 0.015780330661436762 -0.001572460896276438 0.8025523134303042 0.73112035603107861 0.5209225233266096 0.061715210095258335 0.013273972641941488 0.57707854974217387 -0.013589628725671619 0.038840463831278149 0.099385930035755188 0.0075728696178774023 0.36283543076660174 0.34191551532804743 0.16767156755418855 0.041228945007949942
leaf_weight=0.55983237875625469 2.2573006795719257 168.94845892954618 44.395423634909093 0.1099401842802753 5.658417271450161 147.38768535247073 539.65623074863106 4.620500677265226 3.8985244096256784 0.32899957196786989 0.94794640503823757 34.210424939636141 0.33001183159649627 12.194430655334143 2.248019653838127 4.0662394859828046 0.29206539876758997 0.38349415222182992 0.17490595253184693 1.3174202335067091 0.77633822383359052 0.47607000917196274 109.30241089593619 26.212740274611861 3.9027777193114144 3.3119083428755403 1.3234958127140997 0.25465475209057231 6.113070031162354 24.116743108723313
leaf_count=41 82 6835 5098 15 290 3597 106029 96 525 24 72 1663 32 965 174 374 14 25 15 103 66 17 12803 2580 89 89 36 19 331 1106
internal_value=-0.00237197 0.0367898 -0.0395081 -0.0432266 0.0167936 0.0512389 -0.0434084 0.040478 0.0535474 0.192779 0.080385 0.0480898 0.00573535 0.0458811 0.110559 0.0952125 0.166853 0.271498 -0.000691611 0.218981 0.345629 0.227589 -0.0107981 0.0420359 0.039389 0.104609 0.166102 -0.0444383 0.041459 0.0667982
internal_weight=1149.78 559.625 590.152 545.756 234.751 324.874 545.646 74.7192 5.7353 1.83678 1.50778 69.0607 160.031 22.0841 9.88966 9.55965 5.49341 3.24539 137.947 2.95332 1.6359 1.25241 111.56 26.3876 177.487 8.53818 5.22627 539.911 64.4402 30.2298
internal_count=143205 31382 111823 106725 20736 10646 106710 3486 662 137 113 3196 17250 1770 805 773 399 225 15480 211 108 83 12885 2595 7049 214 125 106048 3100 1437
is_linear=0
shrinkage=0.05


Tree=12
num_leaves=31
num_cat=0
split_feature=11 4 11 14 11 7 7 12 28 9 14 3 3 2 7 1 14 3 10 1 1 4 1 10 27 28 7 12 14 7
split_gain=639.872 82.0891 30.8987 28.1923 22.4301 17.5574 16.2665 25.625 15.5039 21.0451 17.0929 14.6766 23.6842 19.9304 16.2501 14.2091 14.8888 17.582 13.9477 15.9512 13.4959 13.4638 33.3896 15.8888 19.2383 18.0042 13.4894 12.4808 12.8359 14.1085
threshold=0.0034612222506237721 0.0039310031455557825 0.0025666593123410846 70.500000000000014 0.014987714171041822 0.0010074068392242686 1.0000000180025095e-35 1.2097357142857128 -0.010417086285103209 5.5997637401911575 96.500000000000014 -0.023372317260029692 -0.02210991580605148 -0.024885363267038715 0.00025331419449017134 -0.012483506607876503 85.500000000000014 -0.027813956250656632 0.0036221980393442818 -0.01377322085184368 -0.0011135857461023744 0.0038029904619089677 0.00091241928210938916 0.0039231233614341688 1.5266409904744145 -0.0020832089990441929 0.0013220736489010505 0.2455357142857138 125.50000000000001 0.0016349673832759333
decision_type=2 2 2 2 2 2 2 2 2 2 2 2 2 2 2 2 2 2 2 2 2 2 2 2 2 2 2 2 2 2
left_child=2 3 -1 18 -5 8 7 -6 9 11 -10 -3 -13 14 -14 16 -4 -18 19 -2 -15 23 -23 24 25 -20 -27 -7 29 -29
right_child=1 5 15 4 6 27 -8 -9 10 -11 -12 12 13 20 -16 -17 17 -19 21 -21 -22 22 -24 -25 -26 26 -28 28 -30 -31
leaf_value=-0.047361041230976307 0.46248520175665053 0.033974098786191752 -0.02322979567513786 -0.029644984959912715 0.054621304521283588 0.008251261858559086 0.018890621059210876 0.45105233973209286 0.029080654678766762 0.29977519267302427 -0.015423704291677826 0.43010570868843101 0.030663354571524762 0.02943578488988477 0.35213811894511005 -0.018891301403688041 0.4851767012753192 0.10337292642308758 0.61936754422180607 0.0069594309803721194 0.23940072448902494 -0.051195228225046935 0.40811249130721194 0.026647253997655926 -0.050625344996447136 -0.050666331555368087 0.49395114238080007 0.07723439522901962 0.026901442893804584 0.048935324918603335
leaf_weight=451.61171411629766 0.19471515156328578 39.141574145760387 1.8161769448779517 74.775970895309001 1.2999410722404707 18.295412195380777 9.8222467792220396 0.59385166224092234 100.64116499759257 0.84441359341144462 27.462316575460136 0.51833479851484199 0.60854220762848754 7.3941633044742021 1.1103568766266105 80.959353330545127 0.37124089337885369 1.6057254127226768 0.37302688229829073 14.761277626734229 0.85369186941534358 0.66617772635072448 0.97447080351412296 5.7043874212540686 0.43260547798126936 0.29853380192071 0.18363421363756061 56.637298668269068 47.441321059130132 198.06454307865351
leaf_count=95862 13 1134 172 11077 69 1002 720 27 5137 15 1799 20 26 341 35 12602 12 92 31 1705 34 35 30 341 41 29 17 2461 2054 6272
internal_value=-0.00233875 0.0327296 -0.0421622 -0.00635191 -0.0195662 0.0413508 0.0447601 0.178933 0.0287874 0.0522588 0.01954 0.0480473 0.100583 0.0834461 0.238326 -0.0144599 0.0801226 0.175069 0.0421004 0.01289 0.0511681 0.092706 0.221613 0.0624593 0.221091 0.35854 0.156752 0.0483522 0.0507804 0.0552281
internal_weight=1145.46 609.094 536.364 110.081 86.492 499.013 11.716 1.89379 178.575 50.4711 128.103 49.6267 10.4851 9.96675 1.7189 84.7525 3.79314 1.97697 23.5888 14.956 8.24786 8.63284 1.64065 6.99219 1.2878 0.855195 0.482168 320.439 302.143 254.702
internal_count=143205 34465 108740 14135 11893 20330 816 96 8541 1605 6936 1590 456 436 61 12878 276 104 2242 1718 375 524 65 459 118 77 46 11789 10787 8733
is_linear=0
shrinkage=0.05


Tree=13
num_leaves=31
num_cat=0
split_feature=11 4 11 13 11 6 23 10 7 18 28 6 6 8 26 6 27 7 29 14 4 27 30 4 11 6 8 29 10 29
split_gain=585.203 70.1549 30.9345 24.6663 20.2351 14.7521 15.4023 22.6943 13.6257 14.117 12.6648 12.651 12.274 18.6172 73.0414 16.0529 24.5994 31.8368 42.8323 86.4378 17.428 13.4517 11.9889 16.7184 11.8217 18.7485 24.4844 26.7206 40.85 15.5756
threshold=0.0034612222506237721 0.0039310031455557825 0.0025666593123410846 319.50000000000006 0.014987714171041822 0.00042861735240596704 1.0000000180025095e-35 0.0046753458681729051 0.0034416588135162407 0.0028855217345095728 -0.010910699665557794 1.0000000180025095e-35 0.001205986681188977 0.65627617475703881 1.0000000180025095e-35 0.001629001397376068 1.0983025408550178 0.00031321615569779857 -0.28958011662880667 73.500000000000014 0.003018865056361755 353727.00000000006 0.80186167577482859 0.0020217486752922625 0.010087766416650309 0.00047095992426524232 1.1403551433846923 -0.30087563040540666 0.0039231233614341688 20.619861858457316
decision_type=2 2 2 2 2 2 2 2 2 2 2 2 2 2 2 2 2 2 2 2 2 2 2 2 2 2 2 2 2 2
left_child=2 3 -1 4 -2 6 8 -8 -3 -10 -6 -11 -4 14 15 16 17 -14 19 20 -19 -15 -12 -24 25 26 27 -7 -29 -26
right_child=1 5 12 -5 10 24 7 -9 9 11 22 -13 13 21 -16 -17 -18 18 -20 -21 -22 -23 23 -25 29 -27 -28 28 -30 -31
leaf_value=-0.047211677608086901 -0.029019648396049376 0.0094081282415779538 -0.025731750004008104 0.037782975083108988 0.1123360478863233 -0.00023720732116793884 -0.050789759736495979 0.34267792386385981 0.040576912120223282 0.28561421971239792 -0.0163464213647606 0.044020387660934947 -0.050324800620826574 -0.0078807993285323116 1.1341859343261464 -0.025466483829772971 -0.050348612683680342 0.79473177432603825 0.10799894102953154 1.9853296018009587 -0.05034874298781912 0.37086577951811378 0.39294483616038411 -0.050689197124260524 0.056386749140888315 0.031688048343187419 -0.051763447169434963 0.69150071200744634 0.18317849602070571 0.016599903070282678
leaf_weight=430.91158484574407 72.623176496941596 81.479200966190547 60.701457629911602 24.685403590090573 4.0870093507692209 0.97415238851681385 0.62596133770421036 0.88402521144598722 19.070140244439248 1.1815990572795265 7.2745879092253727 1.0008359458297489 0.35043317638337945 18.746894634328786 0.16882431274279941 1.9987474195659158 0.67998974723741401 0.11834009923040856 0.31461639888584625 0.12277453020215034 0.12593009555712342 0.23740311805158754 0.44650837779045094 0.40498106833547354 173.2362992586568 206.81990875303745 1.207464415580034 0.53861176269128863 1.48472982365638 28.669201741926372
leaf_count=95862 11077 4329 9672 2242 110 62 49 35 667 31 662 19 59 2614 23 271 110 21 37 16 19 36 12 32 5047 9448 64 36 64 479
internal_value=-0.0022947 0.030147 -0.0418125 -0.00620591 -0.0190057 0.0378454 0.0210382 0.179567 0.0187081 0.0543626 0.0405409 0.174822 -0.0139712 0.0172518 0.117057 0.0707823 0.183147 0.336984 0.536094 0.90304 0.359062 -0.00314448 0.0044316 0.181946 0.0420883 0.0338131 0.138334 0.214909 0.318493 0.0507373
internal_weight=1141.17 626.694 514.477 109.522 84.8363 517.172 104.242 1.50999 102.732 21.2526 12.2131 2.18244 83.5654 22.864 3.87966 3.71083 1.71208 1.03209 0.681661 0.367045 0.24427 18.9843 8.12608 0.851489 412.93 211.025 4.20496 2.99749 2.02334 201.906
internal_count=143205 34465 108740 14135 11893 20330 5130 84 5046 717 816 50 12878 3206 556 533 262 152 93 56 40 2650 706 44 15200 9674 226 162 100 5526
is_linear=0
shrinkage=0.05


Tree=14
num_leaves=31
num_cat=0
split_feature=11 4 11 13 11 5 7 15 28 8 13 13 5 13 2 28 7 0 3 27 7 13 28 12 8 27 0 13 12 4
split_gain=537.165 59.9865 30.5963 20.264 15.143 23.0147 14.5654 12.3025 12.2663 20.9941 14.9426 12.3065 15.5193 12.4957 36.1092 12.5506 16.6517 11.5136 33.9044 46.9869 19.6746 12.6479 11.4534 11.2308 12.4964 11.456 14.5427 12.6633 12.4988 11.8915
threshold=0.0034612222506237721 0.0038880008517167158 0.0025666593123410846 326.50000000000006 0.012721247466787584 0.0031848572533525106 0.0010074068392242686 0.31578945983378653 -0.010417086285103209 2.8172199140620124 353.50000000000006 374.50000000000006 0.0024473938121290194 369.50000000000006 0.0098828420905978671 -0.0072674807238128419 0.0008401066650949242 -0.010410650407675024 -0.040996003740239255 0.083960715325055515 0.0015321871049781774 315.50000000000006 0.029894066988409861 0.2455357142857138 1.9461282186751137 0.18837228504509798 0.010252076194841033 264.50000000000006 3.2979249999999865 0.0044813255626336979
decision_type=2 2 2 2 2 2 2 2 2 2 2 2 2 2 2 2 2 2 2 2 2 2 2 2 2 2 2 2 2 2
left_child=2 3 -1 4 22 7 8 -6 9 -3 -10 12 -12 15 -15 -14 -17 18 -8 -20 21 -21 -2 24 -19 26 28 -27 29 -25
right_child=1 6 -4 -5 5 -7 17 -9 10 -11 11 -13 13 14 -16 16 -18 23 19 20 -22 -23 -24 25 -26 27 -28 -29 -30 -31
leaf_value=-0.047056622458141933 -0.026581398151539183 0.039553294855849574 -0.013781868252283159 0.045299484789969785 0.068106312559648538 0.3748751890319213 0.022834443872251604 -0.021812785005771437 0.01069526894259477 0.28734699219815579 -0.051658696552996687 -0.029601531789066562 0.26945735869201215 0.076511034124010377 0.64752630904311381 0.025195358310338086 0.28506884242163938 -0.0057114957048450907 0.42278102606801315 0.13097338215393101 0.051436295417617531 0.39467193971645204 0.2840449273200078 0.11562223380281454 0.2468116582820612 0.01884125367431139 0.21725714640705265 0.049175799696118946 0.15678647205536655 -0.00043211076496547246
leaf_weight=411.21281649498269 73.579532723873854 53.936109195463359 83.034128502942622 15.983254648279397 6.8303064601495835 0.46548288129270154 11.808011703193189 8.5850375476293248 125.33707366324961 0.8685492966324081 1.3581856759265045 2.2635894119739524 0.92465082742273708 0.77995971031486966 0.42922089342027903 3.8006472680717716 0.73574790358543385 18.369061284698549 1.3648464139550904 1.0910856593400238 5.1273917518556118 0.77963685989379872 0.29795588599517842 2.348679508548229 0.50333976093679567 40.583604629617184 0.88077995367348094 225.95760279893875 1.435435184277593 36.66081163007766
leaf_count=95862 11413 1607 12878 1174 420 19 152 846 6611 13 65 101 25 34 21 155 24 976 30 30 102 14 27 142 26 1785 13 7519 44 1077
internal_value=-0.00227035 0.027854 -0.0414664 -0.00657035 -0.0158068 0.0284885 0.0346282 0.018029 0.0235175 0.0434804 0.015451 0.0733668 0.102398 0.133767 0.279203 0.101565 0.0673437 0.0407273 0.0773884 0.154415 0.102076 0.240872 -0.0253286 0.0384641 0.00102347 0.0407592 0.0162642 0.0445571 0.0118871 0.00655528
internal_weight=1137.33 643.086 494.247 105.742 89.7583 15.8808 537.344 15.4153 190.434 54.8047 135.629 10.292 8.02841 6.67023 1.20918 5.46105 4.5364 346.91 20.171 8.36296 6.99811 1.87072 73.8775 326.739 18.8724 307.867 41.3257 266.541 40.4449 39.0095
internal_count=143205 34465 108740 13899 12725 1285 20566 1266 8656 1620 7036 425 324 259 55 204 179 11910 328 176 146 44 11440 11582 1002 10580 1276 9304 1263 1219
is_linear=0
shrinkage=0.05


Tree=15
num_leaves=31
num_cat=0
split_feature=4 10 10 28 13 12 28 14 15 8 15 27 1 1 8 3 10 12 13 15 0 12 7 8 12 15 12 10 3 12
split_gain=453.628 41.8041 37.0402 19.5789 23.7577 18.6589 18.6551 18.2851 43.7635 18.2248 17.1175 20.3126 17.3593 17.0214 15.3005 14.5566 29.8233 28.6073 45.4517 16.3078 18.1399 30.3417 14.4392 13.9516 13.609 19.2964 13.4227 15.4114 13.2964 17.0103
threshold=0.0036865144429729332 0.0036943119150912528 0.0026036931538095049 -0.013749549873768053 274.50000000000006 0.45231428571428728 -0.010910699665557794 29.500000000000004 0.19512195040367933 0.75983586055509067 0.08536585209695853 1.0000000180025095e-35 -0.037607399095608778 0.017554035598602028 1.3123986283222149 -0.02210991580605148 0.0040093119436789065 0.57441785714285454 303.50000000000006 0.8617308599261958 0.00058798791817360485 1.2097357142857128 0.0028648398716872802 0.69590659867685833 1.6269285714285686 0.038461536242587746 0.62592500000000129 0.026754219644159076 0.037851237272533041 0.39528214285714219
decision_type=2 2 2 2 2 2 2 2 2 2 2 2 2 2 2 2 2 2 2 2 2 2 2 2 2 2 2 2 2 2
left_child=1 6 14 -4 -5 -3 7 8 -1 15 -6 22 26 -8 24 16 -7 18 -18 -17 21 -21 -12 -22 -2 -26 27 -13 -14 -30
right_child=2 5 3 4 10 9 13 -9 -10 -11 11 12 28 -15 -16 19 17 -19 -20 20 23 -23 -24 -25 25 -27 -28 -29 29 -31
leaf_value=0.065266664491092766 -9.0790105945736752e-05 -0.031798312077968231 0.047981266248648492 -0.00034918159008242406 -0.0088067533646897962 0.56703611083346139 -0.042179308983730297 0.011920865035652983 1.1166869960755703 -0.018702644990039895 0.083853363676567386 0.058336734341938978 0.024256096523592459 0.39222648422295836 -0.036720341840650907 0.011420142217912916 0.95302867374098976 0.062432438846211774 0.080435034842487027 0.11530106761695424 -0.050739196402114287 0.89750811911179973 0.33934845344565034 0.41239452988495273 0.26314907699246076 0.039246023842507236 0.06891836981714744 0.33402506661491982 0.095650301411434338 0.037786707818427349
leaf_weight=0.43063554959371586 52.880312265362591 10.615665039513262 136.48937767604366 70.257693443913013 24.403113489970565 0.40467186691239732 458.85575580177829 8.6911888341419381 0.12850113213062286 6.2018279288895419 1.4500585431233042 0.90774968359619235 207.91378297749907 0.2256096862256517 24.840096979402006 6.4454285688698283 0.24911707267165173 3.5369364689104259 0.37219979194924235 0.30172439990565159 0.6652445150539279 0.21044572070240974 0.89388023689389218 0.21521860407665372 1.090559307951479 8.1798846074379963 7.9267068523913622 1.1480457140132783 14.949063858482985 84.462897711899132
leaf_count=54 6376 1274 2916 3877 1464 38 106095 942 16 635 57 32 10996 14 3408 750 31 181 26 40 70 13 31 15 32 569 153 20 480 2566
internal_value=-0.00114618 -0.0369293 0.0267686 0.0315572 0.0261465 0.0210949 -0.0405493 0.0297512 0.306905 0.0512783 0.0315571 0.0346386 0.0335553 -0.0419658 -0.0035513 0.0862763 0.157276 0.117399 0.430302 0.0449441 0.200101 0.436702 0.181289 0.0624683 0.00970554 0.0655856 0.0984449 0.212293 0.0314475 0.0464879
internal_weight=1135.34 497.55 637.793 550.802 414.313 29.2185 468.332 9.25033 0.559137 18.6028 344.055 319.652 317.308 459.081 86.9909 12.401 4.56293 4.15825 0.621317 7.83806 1.39263 0.51217 2.34394 0.880463 62.1508 9.27044 9.9825 2.0558 307.326 99.412
internal_count=143171 110194 32977 22592 19676 3073 107121 1012 70 1799 15799 14335 14247 106109 10385 1164 276 238 57 888 138 53 88 85 6977 601 205 52 14042 3046
is_linear=0
shrinkage=0.05


Tree=16
num_leaves=31
num_cat=0
split_feature=11 4 2 12 13 1 3 2 27 11 29 13 11 27 13 6 12 1 12 4 11 11 6 27 27 2 11 2 9 27
split_gain=461.666 51.5545 20.506 33.922 18.527 17.9571 27.3059 26.9402 20.2026 17.877 17.1739 40.7354 17.1174 16.9923 15.3178 14.9188 14.6094 12.5394 22.4951 17.5218 11.5531 18.4667 28.1079 18.0818 19.0119 16.3621 14.4223 14.0566 14.7083 19.2083
threshold=0.0028801079542913224 0.0033066369394699389 -0.014605390358622903 1.5078321428571442 293.50000000000006 -0.010751609856129161 0.015821629722200029 0.047872282039518217 0.52084662863977582 0.020199209677889178 0.058659473210588516 310.50000000000006 0.020199209677889178 17.407409504577462 376.50000000000006 0.00026627612886954207 0.32338571428571489 0.062552159404168931 1.2097357142857128 0.011933223486939117 0.004838329945114025 0.0064979135679519668 0.0066030673636791664 199691.00000000003 2.1902277077049344 0.021132149805353721 0.010087766416650309 0.03606638967227583 0.66389828383521932 0.15959217004113388
decision_type=2 2 2 2 2 2 2 2 2 2 2 2 2 2 2 2 2 2 2 2 2 2 2 2 2 2 2 2 2 2
left_child=2 9 3 14 5 6 12 8 -8 -2 -11 -12 13 -3 -1 -6 -15 -7 -19 -20 -17 22 23 24 -22 -25 27 28 29 -23
right_child=1 4 -4 -5 15 17 7 -9 -10 10 11 -13 -14 16 -16 20 -18 18 19 -21 21 26 -24 25 -26 -27 -28 -29 -30 -31
leaf_value=-0.015244646027652818 -0.016772281262506825 -0.0077045847951646143 -0.044657335226910302 0.47045734543002615 0.012487924795318191 -0.0081059824537735338 0.10997579589738271 -0.052568995107821676 0.3901146321906595 0.045244015430740019 -0.053051492656201495 0.7382255682517741 0.081319465622853748 0.43065070878878331 0.42879711871358012 0.019078689235696823 0.038333693458023163 -0.015492909198795052 0.35688928607620118 0.053095250490347516 0.064262457622486543 0.26667980078510906 0.23801436465137604 0.37835645387220757 -0.0012388365118425019 0.079462844981156064 0.040963501530742748 0.066694133210791456 -0.0067355120804944244 0.03392500683236388
leaf_weight=2.8204866398591548 87.17675564205274 21.859751636628065 405.37464651092887 0.47339495643973339 82.582565570715815 75.84938246384263 1.2383465268649159 0.97857171203941096 1.3399691609665749 2.6534969704225655 0.33440410858020175 0.31667978409677744 9.4761322848498803 0.41483433311805029 0.20858019776642311 84.453300318680704 0.55448384024202824 2.7185146743431678 0.97342939861118771 0.92628737352788448 60.048154960386455 0.93584228400141256 2.1841018870472899 0.81276732124388118 13.584252082277088 1.0486170640215275 191.94809760013595 11.540549581870435 50.462437747977674 16.778711911290884
leaf_count=403 13924 795 101000 26 4440 5240 63 35 38 100 20 22 97 21 27 6179 23 81 30 18 1952 41 34 28 540 19 4887 422 1954 712
internal_value=-0.00115184 0.0228568 -0.0436165 0.0768469 0.0279052 0.00987883 0.0393052 0.170792 0.255566 -0.0124452 0.101706 0.331817 0.0248281 0.00137911 0.0153319 0.0319662 0.206232 -0.00323563 0.0767546 0.208762 0.0356743 0.0396863 0.0611848 0.0560689 0.0521783 0.209974 0.0335392 0.0156626 0.00702433 0.0462212
internal_weight=1132.07 723.19 408.877 3.50246 632.709 116.33 35.8621 3.55689 2.57832 90.4813 3.30458 0.651084 32.3052 22.8291 3.02907 516.379 0.969318 80.4676 4.61823 1.89972 433.797 349.344 77.6779 75.4938 73.6324 1.86138 271.666 79.7175 68.177 17.7146
internal_count=143171 41715 101456 456 27649 6441 1072 136 101 14066 142 42 936 839 430 21208 44 5369 129 48 16768 10589 2573 2539 2492 47 8016 3129 2707 753
is_linear=0
shrinkage=0.05


Tree=17
num_leaves=31
num_cat=0
split_feature=11 10 6 2 7 13 2 18 28 11 0 1 29 15 27 3 1 12 7 13 1 2 9 6 12 29 14 2 29 6
split_gain=426.606 39.607 23.5824 18.5236 23.5661 17.37 16.0182 26.0402 14.4172 15.4681 12.9967 12.7338 39.2032 34.213 18.2358 12.728 12.4478 18.3544 11.7781 30.3384 11.761 12.2471 11.1846 11.1539 16.107 18.0225 10.7836 16.0812 10.5309 13.6895
threshold=0.0028801079542913224 0.0023008071805871704 0.00044261636859000943 -0.014605390358622903 0.0026598483142459052 293.50000000000006 -0.020138387848517066 0.0020217552293195404 -0.029568442122393141 0.020199209677889178 -0.010410650407675024 0.010439189671792583 -0.33922845000794338 0.97752807890419124 10686.000000000002 0.04696746947722797 0.062552159404168931 1.2097357142857128 1.0000000180025095e-35 361.50000000000006 0.062552159404168931 -0.013002737244608207 0.5071087081030563 0.00012133009434820136 0.48489642857143017 -0.40917385676608176 43.500000000000007 0.014409455114638427 1.4106583793185943 0.00022519986519733981
decision_type=2 2 2 2 2 2 2 2 2 2 2 2 2 2 2 2 2 2 2 2 2 2 2 2 2 2 2 2 2 2
left_child=3 6 20 4 18 8 7 15 9 -4 -10 -8 13 14 -13 23 -12 -18 19 -1 21 -3 -23 24 -2 -26 27 -14 -22 -30
right_child=1 2 5 -5 -6 -7 11 -9 10 -11 16 12 26 -15 -16 -17 17 -19 -20 -21 28 22 -24 -25 25 -27 -28 -29 29 -31
leaf_value=-0.050801536762461685 -0.051601191834239113 0.025766114100552795 -0.036502332192298655 -0.044396879953130991 0.34738889466717365 0.035206111764127156 -0.020392724855823507 0.29666227459881028 0.10581004680799982 0.11554409398905269 -0.0040799608187025334 0.503274313372438 0.43368245828304225 0.76030993261126967 0.019268206452052024 0.28831267030956842 -0.0070907782432207897 0.21174471585789789 -0.033461690574479286 0.72751006380034589 0.24596950713999222 -0.042094864906073663 0.0027949730532512442 -0.025043729203602955 0.56479791372991184 0.10128624650524475 -0.051209987583776706 -0.051778741143682784 -0.0058842279753916066 0.19400616557128184
leaf_weight=0.35829572146758426 0.7405056725256125 47.131800043396652 2.3134196833707374 387.81007774849422 0.62518939515575755 409.46104974905029 80.790901447180659 0.99436621787026513 3.0439236285164943 6.0399420894682407 74.189527190290391 0.27047380199655868 0.3083542687818398 0.30803553899750113 0.69382950430735946 0.4320977060124277 2.2163015361875291 1.6879017781466243 2.5877713863737881 0.19246157258749008 0.82693956606089969 17.086347508244216 73.850666324142367 5.5649044066667557 0.32001841720193624 0.60845775250345469 3.4853929304517806 0.38182128919288516 3.0193248298019171 1.1957424292340872
leaf_count=47 77 1980 37 101000 31 15360 11590 31 55 48 4443 20 19 24 47 5 67 36 365 13 20 1723 5228 460 19 41 269 28 62 26
internal_value=-0.00115188 0.0212565 0.0257128 -0.0433255 0.0670636 0.0308447 -0.00889381 0.0559293 0.0108895 0.0734356 0.00445017 -0.0154035 0.0585848 0.301566 0.155025 0.0247035 0.000499382 0.0875182 0.0112233 0.221179 0.0078204 0.00508128 -0.00563947 0.00895745 0.122328 0.261045 -0.015454 0.165114 0.0828275 0.0508213
internal_weight=1128.54 736.962 642.063 391.574 3.76372 498.952 94.8992 8.66035 89.491 8.35336 81.1377 86.2388 5.44791 1.27234 0.964303 7.66598 78.0937 3.9042 3.13853 0.550757 143.111 138.069 90.937 7.23389 1.66898 0.928476 4.17557 0.690176 5.04201 4.21507
internal_count=143171 41715 29085 101456 456 20046 12630 633 4686 85 4601 11997 407 91 67 602 4546 103 425 60 9039 8931 6951 597 137 60 316 47 108 88
is_linear=0
shrinkage=0.05


Tree=18
num_leaves=31
num_cat=0
split_feature=11 4 2 12 11 13 11 0 0 11 2 2 18 30 2 12 3 18 7 15 13 18 13 12 4 1 11 4 7 30
split_gain=394.803 41.4255 16.6999 17.5948 15.1873 13.2342 14.0739 17.7713 25.2087 19.8988 11.5888 16.1281 15.454 21.7425 25.8591 12.9278 12.3998 12.9275 11.303 10.6061 11.2202 12.9455 15.7876 15.9679 15.7221 20.9604 20.7089 10.689 10.5366 13.448
threshold=0.0028801079542913224 0.0032138761537883749 -0.014605390358622903 1.5078321428571442 0.020199209677889178 293.50000000000006 0.0094226779556168885 -0.00039068858905150211 -0.00068496982137217211 0.014987714171041822 -0.014605390358622903 -0.018425530659946784 0.0023352902212989014 -1.6588619478691589 -0.016947237816599899 0.26744285714285637 -0.044008289501253843 1.0000000180025095e-35 0.00081632653061229534 0.36474786182023661 316.50000000000006 0.00053675203139859026 333.50000000000006 0.46818396428571268 0.0045425392156879614 -0.0086441457996481712 0.0060118007734692386 0.0071252118121011817 0.00077698959713340377 0.0069952554426372946
decision_type=2 2 2 2 2 2 2 2 2 2 2 2 2 2 2 2 2 2 2 2 2 2 2 2 2 2 2 2 2 2
left_child=2 4 3 -1 -2 6 -3 8 -8 -10 11 15 19 -14 -15 -7 -12 -18 -16 20 -13 22 24 27 -22 26 -26 -24 29 -6
right_child=1 5 -4 -5 28 10 7 -9 9 -11 16 12 13 14 18 -17 17 -19 -20 -21 21 -23 23 -25 25 -27 -28 -29 -30 -31
leaf_value=0.0088192294865912114 -0.017729842757693175 -0.0090884573845453707 -0.044126957170254881 0.27874196309921218 0.33986927131770428 -0.029240580060275547 0.041981728401434888 -0.0029280608879900449 0.092730697483645819 0.49809904506705138 -0.01177128368934883 0.015201301081815867 -0.052180042611585188 0.44616068934395897 -0.051477194075735228 0.035260011555610316 0.030713890040977965 0.0089467268536815095 0.2307612864851723 0.010672015417746171 0.020794122432341418 -0.0022674766159329813 0.26888233301468889 -0.025305875860194921 0.0094231758410596271 0.49876215777022365 0.3633036735128532 0.021453300082471316 -0.053137724767131869 0.075395398981548581
leaf_weight=3.3356291819363824 80.551174085587263 56.910890478640795 371.09663279424421 0.73715506028383959 0.63608006760478009 8.1862205523066205 31.576356801204383 29.368957992177457 0.68045265180989989 0.54538149107247591 25.140400171279907 3.7127809650264743 0.78122620936483178 1.0032730521634226 0.5938552217558013 152.23685305239633 243.8113876725547 94.706562136765569 0.8809792548418045 6.9443801795132449 0.68725417880341266 1.7512325989082453 1.2355664074420931 1.8259701868519185 0.81499176891520664 0.81478405045345392 0.83901011943817139 0.67492630425840605 0.96876965882256616 1.967046435922384
leaf_count=430 13272 4512 101000 26 25 294 998 1074 25 23 962 158 26 34 29 3465 11360 4718 25 281 40 66 47 74 33 28 21 18 51 56
internal_value=-0.00114697 0.0198042 -0.0430218 0.057674 -0.0132561 0.0239818 0.00887755 0.0253235 0.050618 0.273082 0.0272722 0.0375353 0.0771191 0.177822 0.250331 0.0319686 0.022108 0.0246241 0.117115 0.0601134 0.0878995 0.119126 0.149969 0.0804219 0.232307 0.291187 0.188933 0.181472 0.0876319 0.14002
internal_weight=1125.02 749.847 375.169 4.07278 84.1231 665.724 119.082 62.1711 32.8022 1.22583 546.642 182.983 22.5602 3.25933 2.47811 160.423 363.658 338.518 1.47483 19.3009 12.3565 8.64374 6.8925 3.73646 3.15604 2.46879 1.654 1.91049 3.5719 2.60313
internal_count=143171 41715 101456 456 13404 28311 6632 2120 1046 48 21679 4639 880 114 88 3759 17040 16078 54 766 485 327 261 139 122 82 54 65 132 81
is_linear=0
shrinkage=0.05


Tree=19
num_leaves=31
num_cat=0
split_feature=4 10 10 6 2 13 30 8 6 8 10 1 4 6 7 7 1 15 6 5 6 13 0 8 13 28 14 4 28 15
split_gain=325.187 38.6931 22.6115 17.2066 15.801 22.2638 44.7883 14.7332 16.6631 13.3443 13.2346 12.7266 11.9349 10.8294 23.4243 21.9508 33.4607 30.294 10.4087 9.63408 29.5582 23.8276 25.3576 11.2089 36.9056 43.765 18.6796 14.0596 22.1093 13.3122
threshold=0.0036865144429729332 0.0020984667758696092 0.0026036931538095049 0.0005139359232465907 -0.022268317416491209 249.50000000000003 0.59016990252416701 0.71136853046619941 0.00035765379113019281 1.3123986283222149 0.018183224879902943 0.062552159404168931 0.00026787593527206964 0.0005469770142237264 0.0013046093400335926 0.0028648398716872802 0.0016039097250928338 0.29411761245673801 0.00022519986519733981 0.00012249705392477321 0.00043816368182662992 374.50000000000006 -0.0010128147842624611 0.25428259030046713 320.50000000000006 0.0023318397448661488 54.500000000000007 0.0032452201686815562 0.013783777089009111 0.063699311009489987
decision_type=2 2 2 2 2 2 2 2 2 2 2 2 2 2 2 2 2 2 2 2 2 2 2 2 2 2 2 2 2 2
left_child=1 4 9 11 5 6 -1 8 10 -2 -3 -4 -12 14 -5 16 17 -16 -13 20 -10 22 -22 24 -21 26 -26 -25 29 -29
right_child=2 7 3 13 -6 -7 -8 -9 19 -11 12 18 -14 -15 15 -17 -18 -19 -20 23 21 -23 -24 27 25 -27 -28 28 -30 -31
leaf_value=0.059143751137186 0.0082727349630954562 -0.034344583329086062 0.0048241964647455478 -0.01374394903077762 -0.04428432436071128 -0.0050423616729651406 0.95932401082925767 -0.025820881812477759 0.9839222072748447 -0.035962546390013277 0.26614335991872645 0.031496070158107618 -0.0048769303464638982 0.027384845471647754 0.23271534639010577 0.048615142375778901 0.027837087541404983 0.78193009034749683 0.17685325962366272 0.031327264173024554 0.53740770086209366 0.78457750488715094 0.012502420079406544 -0.0060611009549846467 -0.050567794794351355 1.4924438165039993 0.74245100366416106 0.34249696120805129 0.4389331774165946 0.036335590164791091
leaf_weight=0.4568886505439872 63.324871877674013 18.494743240764368 129.47015236085281 2.5953055089339605 329.28380666160956 1.9731215443462131 0.19808971928432584 54.598779427120462 0.096689960919323581 23.330119567457587 0.72065482195466646 3.4475873922929159 0.93099213438108563 460.79157586884685 0.52714085718616865 1.4487062199041245 0.62198621407151211 0.47943989094346762 1.9160591438412664 1.544906052295121 0.25467956205830056 0.11966334609314788 2.3824431663379073 16.572093954775486 0.1808147863484918 0.097229940351098776 0.12600590358488262 0.38128417497500677 0.40764532983303059 5.1600243865977973
leaf_count=84 6977 3542 7066 142 92046 190 35 10062 19 3408 7 69 47 15168 24 42 29 18 34 152 26 16 392 2840 30 20 16 39 26 605
internal_value=-0.00113851 -0.0350305 0.0202416 0.0236827 -0.0433097 0.0788041 0.331392 -0.00810797 0.012265 -0.00363673 -0.0222341 0.0079508 0.113376 0.0282301 0.0968935 0.190203 0.316153 0.494309 0.0834221 0.0377022 0.124646 0.094508 0.063195 0.0275637 0.142598 0.568048 0.275111 0.0176086 0.0835458 0.0574018
internal_weight=1121.93 433.981 687.953 601.298 331.912 2.6281 0.654978 102.069 47.4699 86.655 20.1464 134.834 1.65165 466.464 5.67258 3.07727 1.62857 1.00658 5.36365 27.3235 2.85348 2.75679 2.63712 24.47 1.94896 0.404051 0.306821 22.521 5.94895 5.54131
internal_count=143171 110194 32977 22592 92355 309 119 17839 7777 10385 3596 7169 54 15423 255 113 71 42 103 4181 453 434 418 3728 218 66 46 3510 670 644
is_linear=0
shrinkage=0.05


Tree=20
num_leaves=31
num_cat=0
split_feature=11 10 7 15 7 15 28 13 12 15 8 10 10 11 2 13 11 14 3 30 12 28 8 12 12 27 11 15 12 27
split_gain=344.288 26.6628 17.3004 21.256 15.9939 15.9216 13.6195 20.4749 27.5492 15.9643 27.5366 24.7756 12.8696 12.5936 19.0385 15.6818 15.4386 22.872 20.3506 16.1514 28.498 13.9125 13.6121 13.8887 13.3124 12.2223 11.867 11.8139 11.0627 19.0763
threshold=0.0030296041756735265 0.0034428249079268398 0.0032643185515532159 0.17647057785468054 0.0010194751843147366 0.42857142040818663 0.008388734755951999 342.50000000000006 0.844653571428572 0.74999990624997304 0.92084740210218119 0.0024964974038974683 0.0033858239654318404 0.020199209677889178 -0.012384409912006953 300.50000000000006 0.022623786894630984 84.500000000000014 -0.093523690250257016 -0.029277241022911456 1.3999499999999971 0.029894066988409861 1.3304881705951945 0.95058214285714182 0.20556428571428476 7.7721347610825537 0.014987714171041822 0.056573089147149404 0.21392142857142918 1.3060305759119231
decision_type=2 2 2 2 2 2 2 2 2 2 2 2 2 2 2 2 2 2 2 2 2 2 2 2 2 2 2 2 2 2
left_child=2 4 -1 -4 5 26 -6 25 9 -9 -11 -12 -5 15 -15 -3 17 18 -16 20 -20 -21 -18 -24 -17 -8 -2 -26 29 -29
right_child=1 13 3 12 6 -7 7 8 -10 10 11 -13 -14 14 16 24 22 -19 19 21 -22 -23 23 -25 27 -27 -28 28 -30 -31
leaf_value=-0.043349252680726522 -0.0015984920208963614 -0.0013944587942286788 0.51637719408808858 -0.051001546452585901 0.0071917397682252741 -0.030552905212888448 0.059527951632618738 0.046669579334130427 -0.051830547221785733 0.68366949594907989 0.4647752739683173 -0.051572509169459137 0.20185358604987347 0.056282093294888494 -0.063801810954224214 -0.018757724433890149 -0.015288059963628404 -0.012575341970752496 0.53198729702175696 0.045278027110602546 0.11513600538170549 0.30590031178687083 -0.027167902906990723 0.11315652582784697 -0.0028637840878763194 -0.042394736160634237 0.066964144451730781 0.026558641280938045 0.027723818558816407 0.342841905270378
leaf_weight=356.64262636913918 45.474277591798455 77.859324725344777 0.26102291606366579 1.4123653809074315 73.239815951790661 54.818983047269285 11.260118406731637 0.50895730918273274 0.87703967420384277 0.47409456921741344 0.48118308279663324 0.44918358651921153 0.78176276804879297 61.629191083833575 0.99750594049692143 17.877753841690719 30.287749830633402 4.5540003646165133 0.77001527510583379 2.0179786393418895 0.87695721816271544 0.68617706559598435 2.8392657209187737 4.6532575637102127 33.238245811779052 3.9814230990596107 7.3281538072042158 1.2774447700940066 312.31356075312942 0.76059032417833794
leaf_count=103146 5585 4106 3 223 6248 7451 838 32 53 14 19 25 45 746 26 924 675 107 21 69 19 9 37 73 918 222 299 56 10655 33
internal_value=-0.00216571 0.0170776 -0.0424387 0.0898336 0.00137899 -0.0116784 0.0167754 0.0557008 0.18022 0.286583 0.373524 0.215481 0.0390902 0.0227274 0.0379277 0.0189795 0.014205 0.0697763 0.139893 0.186591 0.310028 0.111411 -0.000360807 0.0599811 0.0233199 0.0329035 0.00791693 0.0254841 0.0284815 0.144595
internal_weight=1110.63 751.532 359.098 2.45515 198.893 107.621 91.2718 18.032 2.79046 1.91342 1.40446 0.930367 2.19413 552.639 109.312 443.327 47.6829 9.90263 5.34863 4.35113 1.64697 2.70416 37.7803 7.49252 365.468 15.2415 52.8024 347.59 314.352 2.03804
internal_count=142677 39260 103417 271 20786 13335 7451 1203 143 90 58 44 268 18474 1782 16692 1036 251 144 118 40 78 785 110 12586 1060 5884 11662 10744 89
is_linear=0
shrinkage=0.05


Tree=21
num_leaves=31
num_cat=0
split_feature=11 4 7 15 11 2 3 13 11 7 5 28 13 9 13 2 28 15 27 7 15 13 11 12 12 8 1 29 12 28
split_gain=319.849 31.0378 15.4921 15.017 10.9931 19.3313 15.8398 14.3326 19.6854 22.7805 15.6495 14.1406 12.4269 10.3879 17.9192 25.7598 23.3195 20.8207 15.3267 12.8328 11.5581 9.66404 9.19082 9.40301 21.4037 12.2009 9.10313 13.9311 9.98384 15.1122
threshold=0.0030296041756735265 0.0032138761537883749 0.0032643185515532159 0.17247356360846747 0.020199209677889178 -0.012384409912006953 -0.093523690250257016 308.50000000000006 0.022623786894630984 0.0017878269063048391 0.0069317491372111522 0.008388734755951999 265.50000000000006 2.0186497883110106 254.50000000000003 -0.049040862926763233 -0.029568442122393141 0.88617884737921726 2.7131163136413012 0.0025728730069007233 0.022222221728402446 379.50000000000006 0.0075201964696522969 0.33637500000000037 0.32953571428571476 3.2235355962060255 0.013474273328303312 -0.50946381687408993 1.7798000000000038 -0.029568442122393141
decision_type=2 2 2 2 2 2 2 2 2 2 2 2 2 2 2 2 2 2 2 2 2 2 2 2 2 2 2 2 2 2
left_child=2 -2 -1 -4 12 13 -7 -8 9 10 -9 -11 22 14 15 16 -6 26 20 -20 -15 -14 23 24 25 -3 27 -16 29 -29
right_child=1 4 3 -5 5 6 7 8 -10 11 -12 -13 21 18 17 -17 -18 -19 19 -21 -22 -23 -24 -25 -26 -27 -28 28 -30 -31
leaf_value=-0.043039096081436683 -0.01459376978603865 -0.0058531545383906751 0.53469418204397601 0.047369518981094809 0.2091237468663501 -0.045180302377673037 0.0019193487388118496 -0.051748306168058082 0.025893534536037474 0.39953492857784273 0.23139948257912218 0.15315054097781364 0.020143482974008083 0.071495615731764148 -0.056748527208917536 0.34068591690717059 -0.05742417125095866 0.18690592226765404 0.16654713926094175 0.035086918599174587 -0.013652845637634907 -0.05364952114991161 0.010777935610212414 -0.041622090969175712 0.42592421813475068 0.34969703498589882 0.14510286557268834 0.019373157143118436 0.0025020372220158128 0.11417992704145966
leaf_weight=341.63274004706182 74.9250343949534 7.7078051669523138 0.16888473182916586 2.4716228228062391 1.7441008761525152 10.268145559821276 27.595764339901507 1.5950508308596938 11.471408859360961 0.99350389698520336 0.70309965312480915 1.4071615682914851 477.6309101479128 5.2660877183079782 3.5444952417165068 1.3855514554306854 1.5496088033542039 2.7542130611836901 3.1613325700163832 4.4973807632923126 16.387570833787322 4.4783831425011149 54.303287615999579 21.128941823262721 0.31435424927622069 0.24908209033310402 2.048838321119546 7.7471537888050159 7.8184969816356888 9.188652434386313
leaf_count=103146 12233 625 2 269 14 250 544 73 357 26 16 21 19882 50 70 30 31 39 31 37 149 202 2500 1678 23 10 23 63 134 149
internal_value=-0.0021098 0.015964 -0.0421066 0.0785384 0.019297 0.0329676 0.0107096 0.0238222 0.0612013 0.147399 0.0348784 0.255116 0.0163705 0.0508931 0.0682225 0.159809 0.0837196 0.0552759 0.0285571 0.0893505 0.00705494 0.019458 -0.00141301 -0.0239302 0.021264 0.00527697 0.0433298 0.0359614 0.0492362 0.0708113
internal_weight=1106.14 761.865 344.273 2.64051 686.94 121.128 54.0341 43.766 16.1702 4.69882 2.29815 2.40067 565.813 67.0935 37.7811 4.67926 3.29371 33.1018 29.3124 7.65871 21.6537 482.109 83.7035 29.4002 8.27124 7.95689 30.3476 28.2988 24.7543 16.9358
internal_count=142677 39260 103417 271 27027 2107 1287 1037 493 136 89 47 24920 820 553 75 45 478 267 68 199 20084 4836 2336 658 635 439 416 346 212
is_linear=0
shrinkage=0.05


Tree=22
num_leaves=31
num_cat=0
split_feature=4 10 4 29 28 8 4 28 2 3 28 3 6 2 13 0 8 5 5 3 5 6 2 1 8 12 6 4 28 29
split_gain=257.83 33.6853 21.3633 12.1429 11.2955 25.3496 63.3141 11.5591 10.62 9.9435 9.51519 16.2074 9.97039 9.19979 8.73451 8.65904 8.00644 7.88136 15.4129 10.483 29.8802 7.69157 10.304 11.4266 9.58522 16.4444 11.7709 9.05751 10.7366 13.1696
threshold=0.0036497340654558421 0.0022154379153911893 0.0055130660631501939 0.40802636059989944 0.008388734755951999 1.5343545904968923 0.0032138761537883749 -0.012174095339426953 -0.014605390358622903 0.033605982514582695 -0.023178235418512241 -0.047852874435763908 0.00015841061351791878 -0.013002737244608207 305.50000000000006 -0.0036073227732783537 1.2864648348323984 0.0010074459972617175 0.00096378396414454487 0.005798377371238673 0.00060975609756093192 0.0020273744441748737 0.066799068693999777 0.062552159404168931 1.4416836983484991 0.82847857142858128 0.0046320205723643362 0.009337494280665614 0.0075321524803102597 0.25998100158004517
decision_type=2 2 2 2 2 2 2 2 2 2 2 2 2 2 2 2 2 2 2 2 2 2 2 2 2 2 2 2 2 2
left_child=1 8 3 10 7 17 -7 -3 9 15 11 -2 13 16 -14 -1 -12 18 19 20 -6 27 23 -23 -24 -26 -27 28 -4 -30
right_child=2 4 21 -5 5 6 -8 -9 -10 -11 12 -13 14 -15 -16 -17 -18 -19 -20 -21 -22 22 24 -25 25 26 -28 -29 29 -31
leaf_value=0.27164212119234066 0.0075764530975792263 0.040303496783955457 0.00060245384399764507 -0.020345543107105363 -0.050591988305973792 -0.050337643456582162 1.2121099974848428 -0.020981781127682852 -0.044090346342785552 0.23487280703156013 0.017711525366707306 0.27201831843038526 -0.016414564235424606 -0.039410512232647271 0.019804338084156908 -0.01135962659669898 0.23143010452726018 -0.019644870171873684 0.53839642651096087 0.029611725253216793 0.78180598153878322 0.029855182649007102 -0.015210853272281104 0.14393833911832341 -0.058969846360828131 0.22070604148646283 0.038380184137672108 0.026350954397367128 0.052572107469997992 -0.0004506259904752788
leaf_weight=0.28561161132529367 1.5606279810890558 8.7047335889656079 127.64104602253065 48.829002890968695 0.26854713493957749 0.26632645702920932 0.15837281523272395 66.260349935153499 295.84663818962872 0.51027703937143076 3.5468133934773531 0.92157719843089481 20.447462211363018 17.780254519777372 89.53387928660959 5.0388547445181748 0.49999977089464653 4.818346340674907 0.16979645891115058 4.303957941243425 0.18012230098247528 214.52623866312206 22.93176832981408 2.2175899241119614 1.9377737548202265 1.634970773011446 1.9304010923951864 111.99996034009382 25.798008918762207 21.44613362243399
leaf_count=4 39 599 6020 5931 33 48 19 13028 93491 7 231 25 2306 2263 7048 718 25 666 21 561 18 4788 338 36 29 25 19 2333 1002 1006
internal_value=-0.00204925 -0.0349348 0.0157372 0.00100692 -0.00715872 0.0423004 0.420436 -0.0138655 -0.0427729 0.0240276 0.00877082 0.105757 0.00694439 -0.0239242 0.0130706 0.00382097 0.0441173 0.0258136 0.0703108 0.0535876 0.283582 0.0208068 0.0273098 0.0310224 -0.000989801 0.0582697 0.121989 0.0152493 0.00813956 0.0285028
internal_weight=1102 386.812 715.184 183.12 85.1306 10.1655 0.424699 74.9651 301.681 5.83474 134.291 2.48221 131.808 21.8271 109.981 5.32447 4.04681 9.74077 4.92242 4.75263 0.448669 532.064 245.179 216.744 28.4349 5.50315 3.56537 286.885 174.885 47.2441
internal_count=142677 109213 33464 17868 14993 1366 67 13627 94220 729 11937 64 11873 2519 9354 722 256 1299 633 612 51 15596 5235 4824 411 73 44 10361 8028 2008
is_linear=0
shrinkage=0.05


Tree=23
num_leaves=31
num_cat=0
split_feature=11 4 7 10 8 10 8 12 9 28 2 1 8 7 2 28 1 4 27 8 27 8 15 3 8 15 30 4 9 3
split_gain=280.271 24.3086 15.7694 9.65205 11.8848 9.44642 13.752 11.9658 12.4296 10.9883 17.998 19.0318 11.5009 16.6818 13.7648 9.80618 14.6206 9.55566 8.50933 12.359 17.8952 14.6774 13.8622 18.3748 10.8909 16.9254 12.4858 10.2424 37.2579 8.52094
threshold=0.0029150044912094552 0.0032138761537883749 0.0029825032652633521 0.0033858239654318404 0.99524988554648064 0.0048132784648737556 0.36735633567156728 0.19928214285713866 2.699360387471879 0.01210910410371439 0.012900566235529156 -0.00070397537279998079 0.89700571053966216 0.00091333941538365238 0.0095251470018589152 0.016109309828334879 0.0079792561445586347 0.013070549676049923 1.2639141222311869 0.53622413456021356 0.25008095933074243 0.5305347308793551 0.052890669891983412 0.002326966271890774 0.48282996937999473 0.25591706333732839 0.67363788121740653 0.0032753025256299349 1.0537064880077063 0.12418566667881149
decision_type=2 2 2 2 2 2 2 2 2 2 2 2 2 2 2 2 2 2 2 2 2 2 2 2 2 2 2 2 2 2
left_child=2 -2 -1 -4 -5 9 -7 8 -8 18 11 -11 13 14 -13 -14 -17 -10 19 20 24 22 23 -22 26 -26 -3 28 -20 -29
right_child=1 5 3 4 -6 6 7 -9 17 10 -12 12 15 -15 -16 16 -18 -19 27 -21 21 -23 -24 -25 25 -27 -28 29 -30 -31
leaf_value=-0.043497730218320423 -0.013090288309913137 -0.017081496619492684 -0.0030880244229746345 0.020563249824407367 0.32034583459177979 -0.025920516217335616 -0.052490557236945061 0.024519677121210198 0.010323547979848408 0.33344710363939484 0.016503954463821326 0.14839040589303507 -0.033992220604765096 0.036572522314775695 0.45308940520521968 -0.051766850711185308 0.2377733320917611 0.23196707241519224 0.010805236841450946 0.0081260708581772159 -0.051429584172488753 0.29942272604039166 -0.027456453615138876 0.42074736828945425 0.11506172576595607 0.46162277468778679 0.1916466999891448 -0.011822692975782307 0.8196888297156939 0.16380246852934169
leaf_weight=306.10674631013535 75.790251069702208 1.4620928298681959 2.0166779228020455 0.66002575308084466 0.66243128664791584 14.836598189081995 9.3578447126783413 402.36562670953572 1.6176433064974838 0.77717978972941626 33.214941659010947 0.98845620267093026 2.8526736563071609 1.6857731458730993 0.59302824409678578 0.75522431824356306 1.0315039861015973 0.69530114345252503 0.81761155440471966 152.70204927586019 0.40216351067647327 0.42698690155521024 6.3319951358716935 0.42250046180561185 0.88832209352403857 0.58386248024180532 1.4048940925858913 75.69153996463865 0.17237238842062652 0.69700379204004903
leaf_count=101325 13024 100 332 38 23 642 420 9414 73 32 1396 30 166 73 28 37 37 15 130 9023 28 23 466 23 31 32 52 5608 25 31
internal_value=-0.00199315 0.0138313 -0.0423189 0.0657511 0.170727 0.0166939 0.0213772 0.023072 -0.0268372 0.00961923 0.0332599 0.0973502 0.0741432 0.146002 0.262647 0.0235375 0.115389 0.0769525 0.00552624 0.0119542 0.0609825 0.0146471 -0.00234345 0.190481 0.141964 0.252506 0.0852005 -0.0081493 0.151645 -0.0102202
internal_weight=1098.01 788.565 309.446 3.33913 1.32246 712.775 428.873 414.036 11.6708 283.902 41.8988 8.68384 7.90666 3.26726 1.58148 4.6394 1.78673 2.31294 242.003 164.625 11.9228 7.58365 7.15666 0.824664 4.33917 1.47218 2.86699 77.3785 0.989984 76.3885
internal_count=142677 40959 101718 393 61 27935 10564 9922 508 17371 1799 403 371 131 58 240 74 88 15572 9778 755 540 517 51 215 63 152 5794 155 5639
is_linear=0
shrinkage=0.05


Tree=24
num_leaves=31
num_cat=0
split_feature=11 10 3 29 1 13 1 29 6 3 27 10 13 11 7 7 6 28 18 11 13 12 11 9 10 28 12 12 12 8
split_gain=261.208 21.4504 13.1014 12.6351 23.4712 15.5566 14.6393 26.4553 14.713 12.2797 15.2694 43.4085 17.411 20.4958 12.0045 20.2108 10.8814 15.3604 14.7599 10.6651 14.8526 19.9798 13.2138 15.1595 16.7521 17.1628 12.9592 10.6689 11.4957 13.0397
threshold=0.0028464639369870175 0.0027587777509637339 -0.023372317260029692 -0.23345216139887517 0.0068129646042116585 357.50000000000006 -0.00060378919112941121 -0.23942201383435177 0.0006115218539551237 -0.0093609200144347243 4.9322487669891713 0.0016000154812974975 308.50000000000006 0.0075201964696522969 0.0011703490976470398 0.0017548708091007917 0.0021920210434019705 0.012898020322335639 0.0019617452285038239 0.020199209677889178 277.50000000000006 0.085057142857142831 0.022623786894630984 1.5576446151393817 0.0049610052802983784 0.023201770486620581 1.69861289285715 1.0171827857142812 2.0699892857142821 1.66145079679702
decision_type=2 2 2 2 2 2 2 2 2 2 2 2 2 2 2 2 2 2 2 2 2 2 2 2 2 2 2 2 2 2
left_child=2 3 -1 4 6 9 7 8 -2 -6 11 -11 13 -13 -12 -16 17 18 -10 20 21 -3 23 24 25 -21 -25 -24 -29 -30
right_child=1 19 -4 -5 5 -7 -8 -9 16 10 14 12 -14 -15 15 -17 -18 -19 -20 22 -22 -23 27 26 -26 -27 -28 28 29 -31
leaf_value=0.062822032631663721 -0.022981945387866212 0.53562423028941331 -0.043567009343434188 -0.01817294938457845 -0.026892659554405153 0.37351264039539311 -0.030359202971161233 0.52643485612142882 0.051042058673950924 0.9094943868326979 -0.051762553029765374 0.068630407350086284 0.0016795237697769475 0.57095151805753397 0.38083249438459832 0.0022252480438516172 -0.025707744453988192 0.41306815918510953 0.31891078703213949 -0.018473241576305865 0.017094969696820502 -0.0065398701047265683 -0.0024150817751782314 0.054883323459228972 0.13099750581550865 0.26293206746572068 -0.058985456135484442 0.056069704479692464 0.0045014579096699188 0.11222464741550518
leaf_weight=2.923108475515618 12.079342664917936 0.17026357399299641 288.34672176395543 79.338045030366629 2.0375304548069835 0.47040375019423653 22.083726164419204 0.25926878489553828 12.188010391546412 0.20825640647672017 1.5076065456960352 0.41153826937079407 0.95602416596375406 0.4008734212256968 0.57432292960584141 0.91258850647136569 3.7485015362035474 0.32003675354644734 0.53691029362380582 4.2073803781531778 454.96712959790602 86.616825821343809 31.931984968483448 7.653031397610901 10.093571559526024 0.62192152626812447 3.7099402341991663 29.322084469720721 32.549982083961368 3.074595045298337
leaf_count=322 1782 11 100264 9754 189 35 3498 24 1363 21 150 40 103 20 27 49 219 11 30 144 17762 5044 467 95 160 7 55 400 600 31
internal_value=-0.00193844 0.012775 -0.0424993 -0.00516146 0.0124262 0.0951657 0.000343568 0.023618 0.0191028 0.076484 0.118855 0.226711 0.146304 0.316494 0.0476584 0.148463 0.0493739 0.0709488 0.0623444 0.0164985 0.0134791 -0.00547622 0.0297793 0.0612201 0.0943539 0.0177664 0.0177059 0.0212485 0.0328831 0.0137986
internal_weight=1094.22 802.952 291.27 138.033 58.6949 7.47914 51.2158 29.1321 28.8728 7.00874 4.97121 1.97669 1.76844 0.812412 2.99452 1.48691 16.7935 13.045 12.7249 664.919 541.754 86.7871 123.164 26.2858 14.9229 4.8293 11.363 96.8786 64.9467 35.6246
internal_count=142677 42091 100586 17315 7561 634 6927 3429 3405 599 410 184 163 60 226 76 1623 1404 1393 24776 22817 5055 1959 461 311 151 150 1498 1031 631
is_linear=0
shrinkage=0.05


Tree=25
num_leaves=31
num_cat=0
split_feature=11 10 5 13 1 14 3 28 28 3 1 11 2 10 10 7 15 13 27 7 28 27 7 27 7 8 1 15 5 1
split_gain=261.107 26.5703 15.4201 17.6548 12.8276 25.1429 19.2364 26.7103 13.7129 33.8167 13.6262 13.7742 12.796 12.6574 12.5256 9.35682 23.4052 10.7691 8.78469 10.4119 8.62414 25.3144 10.9328 9.80163 9.90642 8.43143 16.0961 7.86978 7.77591 7.61177
threshold=0.0025666593123410846 0.0026036931538095049 0.010261309968216019 296.50000000000006 0.010439189671792583 47.500000000000007 0.014056810675953215 0.011449417688399615 0.0025910694162540903 -0.011571431830093791 0.00029595521166725375 0.012721247466787584 0.0053817125798842911 0.0018362213542511116 0.0045448510984060575 0.0034416588135162407 0.34718572427494016 241.50000000000003 2.3875824632735294 0.00014931853435466786 0.014791548080607456 3.9364752847416224 0.0021768418346990877 5.5351461596757465 0.0014604631754642496 0.6266908271255115 -0.0069567831582766351 0.98121358709081929 0.00031720428463576788 0.013474273328303312
decision_type=2 2 2 2 2 2 2 2 2 2 2 2 2 2 2 2 2 2 2 2 2 2 2 2 2 2 2 2 2 2
left_child=15 4 3 14 10 6 7 -6 9 -7 11 -2 -13 -14 -3 17 -17 -1 25 -20 21 -21 -23 -22 -25 26 -4 -5 -29 -27
right_child=1 2 18 27 5 8 -8 -9 -10 -11 -12 12 13 -15 -16 16 -18 -19 19 20 23 22 -24 24 -26 29 -28 28 -30 -31
leaf_value=0.49834395064633752 -0.0077414168316941138 -0.027964596388779753 0.18418260988914276 0.019150636269278595 0.15943663743597691 -0.05106446247480511 0.032548471794512465 0.63346670305152397 -0.02299240120178557 0.61744347721623516 -0.031784889863622864 0.027249233373538975 0.31786195008455165 0.064756535203652196 0.0080053544858439424 0.5085268495234232 -0.050457568286954781 -0.045281843701556662 -0.012269605858374858 0.26868034561363441 -0.035450414842680585 0.13009269000608711 -0.016850914034260076 0.15891685722041865 0.022711346257388212 0.01307502748176816 0.0016129846594547404 0.21013657381165982 -0.023992256282973103 0.060172843055170983
leaf_weight=0.091132407076655819 61.279236826114357 36.416620402596891 2.385138176381588 505.68418969935738 0.93342193565331244 0.51491896435618401 1.1434879216831175 0.43597038043662906 6.5937464418821037 0.299031197791919 50.593998678028584 10.160228851251302 0.8097593192942435 1.2665083557367323 72.15934997308068 0.26744095282629032 0.62464135815389454 257.32253434066661 3.2868347279727486 2.1579679902642948 2.3707374166697264 2.8366295266896486 2.2858544420450926 2.5159681253135204 2.8439256716519594 41.791685812175274 2.4446615763008586 0.36372467549517651 14.190774121554567 10.79461192153394
leaf_count=19 9332 3500 33 19735 57 34 65 13 474 23 8697 500 42 70 2969 17 106 95644 65 36 36 39 30 38 32 578 41 11 713 143
internal_value=-0.000574772 0.0129647 0.0168467 0.0142799 -0.00744085 0.0472702 0.183938 0.310353 0.000909154 0.194534 -0.0118141 0.00192988 0.0503628 0.163469 -0.00405905 -0.0445292 0.117123 -0.0450894 0.0381643 0.0683333 0.0859821 0.125035 0.0645207 0.0492037 0.0866471 0.0285497 0.0917728 0.0181073 -0.0181413 0.022743
internal_weight=1096.86 838.559 704.529 628.815 134.03 9.92058 2.51288 1.36939 7.4077 0.81395 124.11 73.5157 12.2365 2.07627 108.576 258.306 0.892082 257.414 75.714 18.2979 15.0111 7.28045 5.12248 7.73063 5.35989 57.4161 4.8298 520.239 14.5545 52.5863
internal_count=143092 47306 27999 26928 19307 666 135 70 531 57 18641 9944 612 112 6469 95786 123 95663 1071 276 211 105 69 106 70 795 74 20459 724 721
is_linear=0
shrinkage=0.05


Tree=26
num_leaves=31
num_cat=0
split_feature=4 10 10 18 7 1 28 6 8 27 7 3 28 6 6 8 28 4 5 5 13 5 0 0 8 28 30 28 1 3
split_gain=222.666 18.6132 18.5497 13.2605 12.3406 12.25 20.3613 14.8407 14.2205 22.9341 15.2459 17.389 36.3098 27.4909 32.1418 28.3244 22.1319 20.4474 19.523 12.1237 11.8352 11.8307 14.1881 18.4809 11.7593 21.517 11.6914 10.1546 9.88812 19.8962
threshold=0.0033066369394699389 0.0026036931538095049 0.0036943119150912528 0.0045493802732059661 0.00098425196850394545 0.010439189671792583 0.016109309828334879 0.0033551468446156559 0.83674110886052133 1.221006579593414 0.001031045633160321 -0.03151121940450801 -0.01482132142278182 0.001451493127171297 0.0021920210434019705 0.59174150934670788 0.0015000764814254929 0.0033685025354700401 0.0011828276928774618 0.010261309968216019 296.50000000000006 0.00020889910173380616 0.00013951542128132213 0.00029495262684331452 0.79681593959882091 0.00089749870698507849 0.16929612334847824 -0.010910699665557794 -0.011536525392154605 0.018956972179954183
decision_type=2 2 2 2 2 2 2 2 2 2 2 2 2 2 2 2 2 2 2 2 2 2 2 2 2 2 2 2 2 2
left_child=2 4 3 27 -2 8 7 26 9 10 -6 -12 -13 17 15 -15 18 -14 -17 20 28 22 -4 -24 -19 -26 -7 -1 29 -3
right_child=1 19 21 -5 5 6 -8 -9 -10 -11 11 12 13 14 -16 16 -18 24 -20 -21 -22 -23 23 -25 25 -27 -28 -29 -30 -31
leaf_value=0.020525100440702021 -0.024929028590204735 0.0089997591881461475 -0.0024435377414971844 0.63567738205547342 0.43663582842408355 0.010041223010612528 -0.036890910931822452 0.42741591233823339 -0.016872072151931171 -0.041267590796908865 -0.051856358363691062 0.68155784701189848 0.57152326489332272 0.045015030421874901 -0.051065187702815151 -0.050439150848498253 0.74536077489679187 -0.037478331089558829 0.53709929053928718 0.03516119505847598 0.017308030944224742 -0.0083352408212440873 0.45258052857979197 0.090818782159173689 -0.050542231931466591 0.56306489552230732 0.19122392124174037 -0.041335337470585508 -0.01182811253500618 0.1455208704811381
leaf_weight=6.7935067815706125 47.554074093699455 26.899367589037869 1.9357291276101052 0.072657364653422429 0.30737792304716904 1.5911705801263445 2.5383241223171353 0.41417373344302166 33.079247842077166 5.1769226291216901 1.9850347740575651 0.27271853759884557 0.16082981298677879 0.4953188071958724 0.68970744358375657 0.24277148372493662 0.50028617866337299 3.5451538653578609 0.33856838545762002 77.846169211901724 504.60938951489516 17.619209019932896 0.49541927105747152 1.2283742893487213 0.34462831635028113 0.24404048942960799 2.0216021174564958 282.57739424868487 69.899779452010989 2.9626995408907524
leaf_count=810 8380 745 205 6 34 137 96 10 4435 669 107 14 39 29 56 40 26 439 15 1072 18176 1988 38 78 54 25 72 100806 4406 85
internal_value=-0.000583632 0.013617 -0.0364011 -0.0397135 -0.00635977 0.0100087 0.0740167 0.143926 0.00113984 0.0427958 0.0904803 0.0784155 0.116255 0.0927581 0.233635 0.358155 0.501554 0.0184052 0.291739 0.0165891 0.014197 0.00865588 0.0904617 0.194789 -0.00311433 0.203837 0.111426 -0.0398831 -0.00153927 0.0225444
internal_weight=1094.44 783.719 310.722 289.444 101.502 53.9479 6.56527 4.02695 47.3826 14.3034 9.12644 8.81906 6.83402 6.5613 2.26665 1.57694 1.08163 4.29465 0.58134 682.217 604.371 21.2787 3.65952 1.72379 4.13382 0.588669 3.61277 289.371 99.7618 29.8621
internal_count=143092 39161 103931 101622 14677 6297 315 219 5982 1547 878 844 737 723 166 110 81 557 55 24484 23412 2309 321 116 518 79 209 101616 5236 830
is_linear=0
shrinkage=0.05


Tree=27
num_leaves=31
num_cat=0
split_feature=11 4 8 14 9 11 5 11 13 4 5 11 8 3 11 13 7 29 11 5 8 10 0 11 5 28 27 29 28 10
split_gain=230.016 26.7892 13.1372 15.0046 33.4035 13.2213 12.6848 11.2139 10.6837 11.4323 29.3147 50.8987 15.1212 11.6109 8.59514 8.09148 7.92117 14.5754 7.83186 11.0679 9.07517 12.4137 23.2207 11.332 14.1167 9.69753 8.17912 7.99929 11.214 7.9353
threshold=0.0025666593123410846 0.0029131971422993804 0.25428259030046713 69.500000000000014 0.27806415788205902 0.0044090551805193124 0.010261309968216019 0.011278098942282445 296.50000000000006 0.0029908889778694522 0.0024120225824249037 0.0030296041756735265 0.36735633567156728 0.033605982514582695 0.0029519702146915761 340.50000000000006 0.0034416588135162407 9.3963185492379768 0.008112359850483088 0.0017156871239781201 1.0956541975416167 0.0022777365269002125 0.00072316543784478615 0.010882286904025748 0.0013160865779070806 -0.0050325888144934511 0.50046212663018719 -0.24497523055440271 -0.0099645459535203044 0.0055305630467284471
decision_type=2 2 2 2 2 2 2 2 2 2 2 2 2 2 2 2 2 2 2 2 2 2 2 2 2 2 2 2 2 2
left_child=16 2 3 4 5 -2 8 -5 18 10 12 -12 -10 -14 -11 -8 -1 -18 -3 20 21 22 27 24 25 -23 -25 28 -20 -21
right_child=1 6 -4 7 -6 -7 15 -9 9 14 11 -13 13 -15 -16 -17 17 -19 19 29 -22 23 -24 26 -26 -27 -28 -29 -30 -31
leaf_value=-0.044647252658966755 -0.05046981169657732 -0.016358327679451889 -0.025159410508560628 -0.036644269419847102 0.91091312326410212 0.43039477332680653 0.03704492884523073 0.12497994377278637 0.49782171565097494 -0.023448906593263485 1.1948817559158582 -0.05027075575007222 -0.026300631449406683 0.23984518441936717 0.015210005486663378 -0.029571878176815131 0.0075814227430621439 0.50327073345443296 0.43748461134706595 -0.028255692442751668 -0.02324618116285895 0.18870443265257136 0.57577721278613136 0.085606017098642961 0.3366153080843875 -0.014738015177521865 -0.018325057177073344 -0.051534192397752504 0.050540267502674943 0.01311070780886439
leaf_weight=237.13442711252719 0.46182030020281573 51.584970206022263 62.355196362128481 3.0214288963470608 0.15598258702084422 0.2070240187458694 75.081392779946327 1.6644111557397989 0.18215206544846285 14.749744977103544 0.16025671549141396 0.16822948795743287 2.0676838518120353 0.51109006348997343 570.2318463162519 4.8528986116871229 0.84288941579870769 0.17996368231251836 0.30599181633442629 18.517160910647362 3.8418718627654007 1.0285853962413973 0.31907015480101097 2.8391819694079441 0.64399421354755748 1.3605788019485761 5.6804703706875443 0.52266203891486185 0.48247729707509279 31.005252829287201
leaf_count=95663 83 5016 12953 500 19 14 1011 41 19 2997 19 34 367 47 21515 63 114 9 10 1066 184 39 31 90 37 77 232 44 38 760
internal_value=-0.000596968 0.0115204 -0.0186197 0.05538 0.252029 0.0983698 0.0141223 0.0207647 0.0119855 0.0147419 0.110672 0.557195 0.057546 0.0264471 0.0142353 0.0330005 -0.0440484 0.0947944 -0.00173582 0.00959899 0.0443763 0.0640833 0.193246 0.0458573 0.128851 0.0728482 0.0163101 0.100155 0.200707 -0.0023568
internal_weight=1092.16 854.003 67.8659 5.51067 0.824827 0.668844 786.138 4.68584 706.203 588.071 3.08941 0.328486 2.76093 2.57877 584.982 79.9343 238.157 1.02285 118.132 66.5473 17.0249 13.183 1.6302 11.5528 3.03316 2.38916 8.51965 1.31113 0.788469 49.5224
internal_count=143092 47306 13610 657 116 97 33696 541 32622 24998 486 53 433 414 24512 1074 95786 123 7624 2608 782 598 123 475 153 116 322 92 48 1826
is_linear=0
shrinkage=0.05


Tree=28
num_leaves=31
num_cat=0
split_feature=11 4 4 15 12 17 28 3 2 14 3 10 4 4 11 30 3 14 10 7 11 12 14 12 12 9 7 3 0 1
split_gain=214.852 24.5862 8.73472 10.2754 12.4316 9.83913 9.46546 9.0825 11.8448 13.4262 21.3435 11.7535 9.92277 8.67259 10.9507 8.13291 7.95875 10.3963 12.1728 15.6903 13.6101 11.6393 9.53903 8.55507 11.4337 16.7072 22.9633 14.0906 23.645 17.2749
threshold=0.0025666593123410846 0.0036138620920116936 0.017446062809377227 0.20710821988220038 2.9037142857142872 1.0000000180025095e-35 -0.01482132142278182 -0.017834423110118899 -0.022268317416491209 59.500000000000007 0.019855556998438443 0.0039231233614341688 0.011065491516753944 0.00020135167889689712 0.0068565193665041362 -2.1165672397609212 -0.00010095403628107567 70.500000000000014 0.0067435793948907629 0.0015321871049781774 0.0058725481990105329 0.45768571428572058 37.500000000000007 0.35390357142857126 0.32027499999999859 1.20143989513698 1.0000000180025095e-35 0.021818354296654244 -0.00096829920457142105 -0.0027985278578901425
decision_type=2 2 2 2 2 2 2 2 2 2 2 2 2 2 2 2 2 2 2 2 2 2 2 2 2 2 2 2 2 2
left_child=-1 13 6 -4 5 -5 7 -3 9 -9 11 -11 -13 14 -2 -10 17 18 -8 20 22 -22 -20 24 -18 26 -26 -28 29 -29
right_child=1 2 3 4 -6 -7 16 8 15 10 -12 12 -14 -15 -16 -17 23 -19 19 -21 21 -23 -24 -25 25 -27 27 28 -30 -31
leaf_value=-0.043773694776226141 -0.050314674759427282 0.019442022587251945 0.0046669288927191077 0.051824010082875217 -0.028500229254105825 0.14535030730237661 0.0082434740491741133 -0.053721047937892875 0.19437841520019908 0.33659944818580884 0.019739026541793464 0.067390912124257782 0.25210926973339054 -0.012912429881639993 0.20490077590325423 0.0039921544068325602 0.020232805565946987 -0.0066182372980922825 -0.054755138242553618 -9.3291172219687335e-05 0.29468538621831242 0.10489248378497099 0.11994476465670734 0.010342738283162664 0.36256071522491418 -1.8033188938499444e-05 0.008945545516018066 0.10396978413851901 0.057435813448902077 0.44326230378335291
leaf_weight=227.9609950396698 0.71477560233324666 130.13794248690829 19.587231878191233 26.466043010354046 4.378791105002164 3.146403979510068 80.825529885245487 1.169395269826057 0.60428179427981454 1.1540322424843905 2.6719135362654924 1.657492693513632 1.2951082587242124 109.28639826644212 1.0202327142469583 7.8203292121179375 55.997906968696043 132.95108812791295 1.4272891450673326 5.4455101396888494 1.4125354904681446 1.8868814371526239 1.7266139425337312 255.80508467345499 0.84394866111688127 5.0445710667408994 3.238348342012614 0.63913389621302485 2.667300338158384 0.90828614821657516
leaf_count=95786 161 2342 180 288 40 37 4352 24 12 30 48 40 16 19534 44 194 3017 5886 24 90 18 31 32 10333 48 171 173 22 83 36
internal_value=-0.000606493 0.0108103 0.0140573 0.033512 0.0501338 0.0617614 0.0125625 0.0238577 0.0589556 0.10274 0.129732 0.201298 0.148414 -0.0111516 0.099759 0.0176482 0.00955817 0.00234405 0.0151944 0.0624105 0.115153 0.186146 0.0408849 0.0145653 0.0301432 0.0717395 0.115368 0.087377 0.147639 0.303124
internal_weight=1089.89 861.93 750.909 53.5785 33.9912 29.6124 697.331 146.51 16.3726 7.94794 6.77855 4.10663 2.9526 111.021 1.73501 8.42461 550.82 225.675 92.7244 11.8988 6.45332 3.29942 3.1539 325.145 69.3395 13.3416 8.29702 7.45307 4.21472 1.54742
internal_count=143092 47306 27567 545 365 325 27022 2706 364 158 134 86 56 19739 205 206 24316 10433 4547 195 105 49 56 13883 3550 533 362 314 141 58
is_linear=0
shrinkage=0.05


Tree=29
num_leaves=31
num_cat=0
split_feature=11 4 8 6 14 11 13 4 26 6 4 2 13 12 12 0 28 13 11 11 11 27 27 11 14 28 12 12 6 11
split_gain=200.794 22.3313 11.0661 10.0688 14.8921 9.55401 12.4711 10.1287 11.2883 15.3013 9.82735 36.9928 9.1558 8.96557 9.16158 10.7956 8.79254 8.58927 23.6108 11.346 10.26 17.2133 9.77218 12.4771 12.074 9.75008 9.26634 9.02544 8.04098 11.6734
threshold=0.0025666593123410846 0.0029131971422993804 0.25428259030046713 0.00088110426350643289 68.500000000000014 0.0045041711414978381 319.50000000000006 0.017446062809377227 1.0000000180025095e-35 0.00092831807803471814 0.0032138761537883749 0.007610173885776895 378.50000000000006 0.25044642857142013 0.28290357142857053 -0.0070377762726193107 -0.01482132142278182 315.50000000000006 0.0078932646814550318 0.020199209677889178 0.0066766697400267357 0.18272187751444954 1.9206613244322281 0.032490297677375199 135.50000000000003 -0.023178235418512241 1.2796142857142894 0.53733928571428591 0.0046320205723643362 0.0091387060677308053
decision_type=2 2 2 2 2 2 2 2 2 2 2 2 2 2 2 2 2 2 2 2 2 2 2 2 2 2 2 2 2 2
left_child=-1 2 3 -2 -5 -3 7 13 -9 -10 11 -8 28 -7 15 -15 17 19 -19 20 21 -16 24 -24 25 -21 -26 -23 29 -12
right_child=1 5 -4 4 -6 6 10 8 9 -11 12 -13 -14 14 16 -17 -18 18 -20 22 -22 27 23 -25 26 -27 -28 -29 -30 -31
leaf_value=-0.043484941845483058 0.012338168673458536 0.00059172572192091018 -0.024176632784287128 0.4112125602206681 0.052788919214281832 -0.022367485253169835 -0.050960062722211465 0.045172347018883563 0.091244794198210744 -0.060384733860141739 0.027400025754082846 0.54697842745212288 -0.055081341739446912 0.22259929860998198 0.12495928599191797 0.041430659902241804 0.0051318351193595903 0.30102867390218246 0.039393231596053901 -0.016587231491582768 -0.0039065895113941191 0.10066887726809884 0.15545235272014252 0.012463988561504314 0.15605889181355839 0.045634247053614165 0.034924496361176713 -0.053931645567624843 -0.0064786197943361616 0.080536425496912714
leaf_weight=218.24722106126137 4.4271807055920354 140.16851612413302 60.089458834147081 0.43019473436288513 0.88802414503879845 21.886497071012855 0.68078705295920261 37.602896953001618 2.2885686177760345 6.0945930816233158 128.12404719414189 0.41717747179791331 3.3965060794726005 0.90527064166963001 4.3825879376381618 8.9696312977466714 317.93040165421553 0.98215631209313681 7.066036504227668 13.520247779786589 53.184686172287911 1.2933604326099155 3.677844211459159 2.6071238312870264 2.8669380135834208 11.783166879788043 3.5135984793305397 3.495198568329215 15.317960208281873 11.242958649992941
leaf_count=95786 553 13226 12953 17 87 1337 64 389 27 55 2887 28 83 19 73 409 12977 28 137 132 1108 41 32 22 20 144 30 82 186 160
internal_value=-0.00060755 0.0101581 -0.0178379 0.0484566 0.169759 0.0124523 0.0149589 0.0111059 0.0334756 -0.0189905 0.0271595 0.17623 0.0261242 0.00886018 0.0104271 0.0580391 0.00932423 0.0216233 0.0713218 0.0176365 0.00451559 0.0533569 0.0391847 0.0961381 0.0278871 0.0123878 0.0893533 -0.012175 0.0279072 0.0316866
internal_weight=1087.48 869.234 65.8349 5.7454 1.31822 803.399 663.23 504.051 45.9861 8.38316 159.179 1.09796 158.081 458.065 436.178 9.8749 426.303 108.373 8.04819 100.325 62.3558 9.17115 37.9689 6.28497 31.684 25.3034 6.38054 4.78856 154.685 139.367
internal_count=143092 47306 13610 657 104 33696 20470 17062 471 82 3408 92 3316 16591 15254 428 14826 1849 165 1684 1304 196 380 54 326 276 50 123 3233 3047
is_linear=0
shrinkage=0.05


Tree=30
num_leaves=31
num_cat=0
split_feature=11 10 13 3 1 10 28 27 3 13 29 29 0 28 5 5 15 8 10 28 11 10 1 3 5 3 1 0 1 10
split_gain=181.829 17.1145 13.2896 15.5764 10.9303 9.94952 12.746 15.1117 15.1854 12.0674 10.1597 11.1047 16.0451 43.7802 13.4368 16.0648 14.943 13.5232 24.6824 21.6488 13.2001 62.8061 12.1347 17.367 17.8436 21.4308 11.4077 18.4536 18.8586 14.9583
threshold=0.002810868889349834 0.0013066621850817801 242.50000000000003 -0.0025696901181517791 -0.022213769000934077 0.0051278089944555563 0.011449417688399615 1.3207937038665494 0.12418566667881149 257.50000000000006 0.35903330276556839 0.058659473210588516 -0.0022756985659854729 0.0052965636243903708 0.0018167019372413204 0.00087191971784705922 0.40149648798308407 0.36735633567156728 0.0023961299346098247 -0.0021346114081679034 0.0032535124971351252 0.0040093119436789065 -0.011536525392154605 -0.047852874435763908 0.0069317491372111522 -0.024755562269286376 -0.0037321257330747977 -0.0023987105220802936 -0.0036466880283136933 0.0044225081665325945
decision_type=2 2 2 2 2 2 2 2 2 2 2 2 2 2 2 2 2 2 2 2 2 2 2 2 2 2 2 2 2 2
left_child=2 4 3 -1 -2 6 7 10 -9 -8 11 14 13 22 15 26 17 18 -17 -20 21 -18 23 -13 25 -25 -3 -28 -29 -30
right_child=1 5 -4 -5 -6 -7 9 8 -10 -11 -12 12 -14 -15 -16 16 20 -19 19 -21 -22 -23 -24 24 -26 -27 27 28 29 -31
leaf_value=0.69053281153953028 0.52707321126031215 -0.031279340963306916 -0.040962756674329283 -0.05065718213375825 -0.038269218442139048 0.015887801070494367 -0.053413580093930303 -0.01741929335859246 0.16540565029514423 0.033090947976157505 -0.010602780339495917 0.010854325741163767 0.0063664958495113491 0.43132190946119053 -0.0047662474251967749 0.096620839134491196 0.0013970882140160493 0.071895115490666989 0.26760246041275398 1.1491683970388433 -0.013710164540131024 0.99172389676438566 0.018515958160386231 0.51590368225583261 0.025837741983100133 0.17283184015112821 0.56195778584852796 0.39792282010131141 -0.0034222278194970882 0.14271053528261013
leaf_weight=0.13491772511042655 0.085864402353766134 14.168897981522607 226.93944615568034 0.14935032185166974 19.979294691467658 453.39084518072195 4.3605323764495543 97.178668229840696 1.1492154970765103 53.443438018672168 54.512276484165341 2.5417841542512178 16.354801221052185 0.82720037898980159 82.68271553167142 0.6380510984454365 0.9666956563014526 16.496505178045481 0.15718401945196092 0.12504016561433673 9.1670320746488851 0.19187448499724269 8.4457944736350328 0.61320578865706954 1.2166842008009551 1.7666855179704719 0.16200557723641296 0.3322360385209312 12.559007600182666 2.0348950836341819
leaf_count=20 1 1116 100258 21 3773 10659 281 9265 39 2323 3899 36 1399 32 4910 45 213 1328 22 19 840 23 473 17 24 62 7 30 1769 92
internal_value=-0.000776466 0.00978288 -0.0405348 0.301122 -0.03585 0.0108788 0.00493515 0.00107959 -0.0152825 0.0265653 0.00819965 0.0141779 0.0408616 0.0774683 0.00810958 0.0267871 0.0540465 0.0823012 0.268837 0.658183 0.00638757 0.165408 0.0573981 0.110896 0.181598 0.261228 0.000938987 0.0311944 0.0254336 0.0169537
internal_weight=1082.77 855.548 227.224 0.284268 20.0652 835.483 382.092 324.288 98.3279 57.804 225.961 171.448 31.7662 15.4114 139.682 56.9994 27.7424 17.4168 0.920275 0.282224 10.3256 1.15857 14.5842 6.13836 3.59658 2.37989 29.257 15.0881 14.9261 14.5939
internal_count=142996 42697 100299 41 3774 38923 28264 25660 9304 2604 16356 12457 2043 644 10414 5504 2490 1414 86 41 1076 236 612 139 103 79 3014 1898 1891 1861
is_linear=0
shrinkage=0.05


Tree=31
num_leaves=31
num_cat=0
split_feature=11 4 0 15 10 0 6 15 12 1 28 3 7 0 30 14 10 12 12 5 15 1 28 14 6 28 30 1 7 12
split_gain=170.46 19.3693 8.7473 12.2923 10.75 10.0871 15.2393 13.3377 8.68257 8.39057 8.71369 11.1957 9.85448 14.976 37.2937 10.4658 8.74153 8.21776 12.7487 15.9238 11.5381 11.0623 9.96146 10.3671 8.51749 14.2574 8.07253 15.7525 13.5334 17.6154
threshold=0.0022108867555719653 0.0032138761537883749 0.0012501387961679768 0.052890669891983412 0.0032232904173799285 0.0011999314364072868 0.001629001397376068 0.59915321225578755 0.30209285714285583 -0.0067215900745148929 0.008388734755951999 0.12418566667881149 0.0011562653690304668 -0.00077603137557330493 -0.059210599007602387 128.50000000000003 0.00066629174481247966 2.0699892857142821 1.9561928571428628 0.0080823696398805208 0.46739129418714875 -0.028250911434256672 0.0080747878099960962 70.500000000000014 0.00051961487380028544 0.01997314521034672 -2.0287379561555299 -0.015532624707944529 0.002071595993227301 0.97152500000000031
decision_type=2 2 2 2 2 2 2 2 2 2 2 2 2 2 2 2 2 2 2 2 2 2 2 2 2 2 2 2 2 2
left_child=-1 9 3 -3 -4 8 -7 -8 -5 -2 11 -11 16 14 -14 -15 -12 18 26 20 21 -20 23 -22 25 -19 -10 28 29 -28
right_child=1 2 4 5 -6 6 7 -9 17 10 12 -13 13 15 -16 -17 -18 24 19 -21 22 -23 -24 -25 -26 -27 27 -29 -30 -31
leaf_value=-0.045357949713099553 0.02188269447199305 -0.0030222694444301331 -0.016283980758318488 -0.00093739981532591941 0.0082487779926557619 -0.011862525235408681 0.35008210243850946 0.037155692843963889 0.0069923271959647362 -0.026699718829367974 0.46814764679571647 0.55904886495725314 -0.050429696822795161 0.026246882552634937 1.0584034710200034 0.38213848892883306 -0.010959333423106675 0.026348659480218018 0.18854626530539287 0.29496310179000446 0.40038631863504676 -0.051995304907278911 0.030274634888962756 0.12052743611132306 -0.0056077134704303339 0.23791559914720142 0.065192329408710448 0.021742847417938679 0.039043828886365428 0.21753123682991216
leaf_weight=178.95194838941097 14.252297885250298 80.823001129785553 53.596668401965871 54.17590647819452 267.61585958045907 1.2590156982187175 0.86450030980631687 0.5618005262222141 64.655330596491694 69.559656078694388 0.096461761742828389 0.081673011183737709 0.17256194376386702 1.9385568632278594 0.1352754472754899 0.23121277871541668 7.3106619708705693 11.137707279296588 0.59853036515414748 0.85528232902288426 0.5497481073252859 2.3730828666593871 1.1003906470723448 0.83133576903492212 48.216385024832562 0.85763448616489846 6.0834318511188048 188.04369930736721 21.142490339465439 2.7579165012575686
leaf_count=86778 1884 2960 5681 3664 7860 90 36 33 1873 18445 30 2 26 297 23 37 1363 394 8 15 20 103 27 28 1252 22 155 9527 295 68
internal_value=-0.000781222 0.00806376 0.0105599 0.0147852 0.00415531 0.0183296 0.114916 0.226825 0.0176866 -0.0134459 -0.0197774 -0.0260128 0.0241533 0.110474 0.436834 0.064171 -0.00472 0.020576 0.0240771 0.0943766 0.0629159 -0.00354639 0.142506 0.231927 0.0037721 0.0414751 0.0225083 0.0271095 0.0607664 0.112712
internal_weight=1080.83 901.878 808.1 486.887 321.213 406.064 2.68532 1.4263 403.379 93.7784 79.5261 69.6413 9.88473 2.47761 0.307837 2.16977 7.40712 349.203 288.991 6.30837 5.45309 2.97161 2.48147 1.38108 60.2117 11.9953 282.683 218.028 29.9838 8.84135
internal_count=142996 56218 34111 20570 13541 17610 159 69 17451 22107 20223 18447 1776 383 49 334 1393 13787 12119 201 186 111 75 48 1668 416 11918 10045 518 223
is_linear=0
shrinkage=0.05


Tree=32
num_leaves=31
num_cat=0
split_feature=11 4 13 10 3 28 1 27 28 27 12 1 0 2 1 12 12 15 12 2 5 0 12 3 18 5 15 28 15 0
split_gain=160.002 17.531 8.33805 8.2765 9.28879 15.4448 21.3155 15.383 14.2122 14.8438 11.0418 9.4396 9.22152 9.36391 10.709 10.9525 9.69085 9.2599 9.18916 9.52274 22.2594 28.4977 11.5795 12.5921 9.14261 9.23614 14.1053 23.7277 25.829 8.47157
threshold=0.0022108867555719653 0.0032138761537883749 241.50000000000003 0.0051278089944555563 0.0055420312556074833 -0.011505472540621144 -0.0055642650560370202 0.40908293093001424 0.01997314521034672 1.3501235972677019 0.99391071428571431 -0.022213769000934077 0.0042678826185463823 -0.041575475197773597 0.013474273328303312 0.65495000000000159 0.53002857142856852 0.04568181714359381 1.2442785714285685 0.0037177770599771125 0.0012599673186298589 0.00072316543784478615 1.2796142857142894 -0.027813956250656632 0.0017588784669163181 0.0058699609012241903 0.12121212067646171 -0.012889241942273779 0.074626863443990221 0.0048414751103574858
decision_type=2 2 2 2 2 2 2 2 2 2 2 2 2 2 2 2 2 2 2 2 2 2 2 2 2 2 2 2 2 2
left_child=2 -2 -1 4 8 6 11 -8 9 18 -9 -6 17 14 15 16 -14 -5 -3 22 21 -21 23 -20 -24 26 27 -26 -29 -15
right_child=1 3 -4 12 5 -7 7 10 -10 -11 -12 -13 13 29 -16 -17 -18 -19 19 20 -22 -23 24 -25 25 -27 -28 28 -30 -31
leaf_value=0.3768706817841041 -0.013025901081662645 -0.0038700953323517057 -0.045422507377901565 -0.0033586239897352779 0.13876872740354415 0.0096298937090669723 0.40316974724309207 -0.051620720740544461 0.12450248805098192 -0.026291847312972235 0.28726657093984359 0.0051447782560743519 0.043288574879182903 -0.054124707780814463 0.13654775918762085 0.0011259558668822239 0.1944139011288484 0.022067877161179292 0.26566735687398868 0.066216142389428453 0.007422632295179349 0.45175493807104933 -0.0036378951805886221 0.0036071264828169596 0.07778050611457607 0.001853638953081378 -0.013570349424143271 0.10188918083032139 0.70222853151610143 0.00025183582552517193
leaf_weight=0.11696971207857032 92.651971669867635 104.26623197831213 170.93199545273092 40.945953811053187 1.7728625256568182 149.03913642675616 0.76255927234887877 0.52693714387714863 2.17124837078154 54.920691801700741 0.44196661654859781 5.1932951910421261 4.3213852159678998 7.7618353385478249 2.1502929534763089 18.238414886407554 1.4058950729668138 285.3289365156088 0.93525320943444967 1.2216701654251658 3.384282793616876 0.78876933967694629 29.237898429855704 0.89903141791000851 1.4011920928023758 3.3166291420347989 1.2554319188930092 0.32738027605228071 0.39574478194117546 92.804313050117344
leaf_count=13 22107 7867 86765 710 21 9896 14 25 44 4468 16 152 54 223 24 208 22 6699 28 41 182 16 1362 52 25 75 61 31 14 1781
internal_value=-0.000773931 0.00758379 -0.0451337 0.00992615 0.00429267 0.0134095 0.0781752 0.235178 -0.00273866 -0.00410398 0.102963 0.0391516 0.0144316 0.00298235 0.0296579 0.0200673 0.0803858 0.018877 0.00416149 0.0235628 0.0857032 0.217477 0.0146868 0.137225 0.00843184 0.061131 0.119301 0.197826 0.430437 -0.00394502
internal_weight=1078.92 907.867 171.049 815.215 362.258 157.737 8.69762 1.73146 204.521 202.35 0.968904 6.96616 452.957 126.682 26.116 23.9657 5.72728 326.275 147.43 43.1633 5.39472 2.01044 37.7686 1.83428 35.9343 6.69638 3.37975 2.12432 0.723125 100.566
internal_count=142996 56218 86778 34111 24390 10124 228 55 14266 14222 41 173 9721 2312 308 284 76 7409 9754 1887 239 57 1648 80 1568 206 131 70 45 2004
is_linear=0
shrinkage=0.05


Tree=33
num_leaves=31
num_cat=0
split_feature=11 4 5 10 9 30 0 7 0 9 13 14 1 7 10 30 11 7 8 13 0 30 12 30 0 0 1 7 27 9
split_gain=150.252 16.2124 10.5207 13.9475 12.4879 23.5664 26.6311 60.6786 22.0269 8.80482 7.93079 7.89695 8.15764 7.77197 6.72955 9.6776 8.3744 41.1836 75.0468 15.891 8.2553 10.35 13.2205 13.3878 11.2689 18.0428 13.3084 15.3115 14.7316 12.9872
threshold=0.0022108867555719653 0.0025548629493936229 0.00017161158106039675 0.0021740352005335697 0.53859624716306997 0.54088867525204354 0.00013951542128132213 0.00039354584809125236 -0.00073878570635949037 0.39242196071992891 378.50000000000006 82.500000000000014 -0.01377322085184368 0.005386040257261567 0.0051278089944555563 -0.68022940848606139 0.0023717211751050748 0.002071595993227301 1.1237010410178108 373.50000000000006 0.0040558026572216086 -0.39988491219016425 2.0699892857142821 0.7597140453695187 -0.0014594675811755995 -0.0012853268965648532 -0.0078600132292780383 0.00053401169005171892 0.85309738011888669 0.67126802929951712
decision_type=2 2 2 2 2 2 2 2 2 2 2 2 2 2 2 2 2 2 2 2 2 2 2 2 2 2 2 2 2 2
left_child=13 2 3 -2 5 6 8 -8 -5 -3 14 -7 -13 -1 15 16 17 19 -19 -11 21 -16 23 24 -23 -26 29 -28 -29 -27
right_child=1 9 -4 4 -6 11 7 -9 -10 10 -12 12 -14 -15 20 -17 -18 18 -20 -21 -22 22 -24 -25 25 26 27 28 -30 -31
leaf_value=-0.045202455374720243 -0.038342753391018419 -0.017171663986003793 -0.029268508003621935 0.53363891351743786 -0.022848426397063117 -0.060050715079359121 1.6027193946862939 0.19209070471597778 -0.050400976051675518 -0.050146886114571798 -0.045438855562703218 0.24751830017793847 0.006771572622593822 0.34981780842431365 0.010296445424649801 0.0089740586991226747 -0.015209281068148809 1.5794230149780319 -0.050685488953956317 0.78012035252591505 0.003693535953545378 0.026189013580732043 -0.003082274686455598 -0.039219991820707394 0.20894261751521018 -0.012842382762114189 0.11617073822069601 -0.041050825647269709 0.041992255681482932 0.11428475461909599
leaf_weight=163.41533207800239 4.2154578290646878 31.395965253352188 45.219584271893837 0.25650193472392857 1.7733689171727745 0.92367726913653347 0.1209335548337549 0.20625107316300273 0.43559925397858046 1.3420429402030993 6.446106029325164 0.70935135427862406 0.69822092959657289 0.12461309297941525 172.27121777273715 305.00829831277952 63.305730546242557 0.12264235503971566 0.16640638583339751 0.060216962709091493 129.6941812899895 68.821189514361322 27.388086075894535 5.7311738999560466 1.8989051529206324 2.4328632359392932 4.7308219545520869 7.4519356717355576 18.848664969671518 11.531196709722279
leaf_count=86766 1360 2437 12156 30 361 131 18 39 91 523 602 13 91 12 4177 23191 5321 17 41 21 2366 1348 581 177 48 69 162 193 457 197
internal_value=-0.000765158 0.00713891 -0.0192903 0.0290227 0.0844445 0.141232 0.341775 0.713485 0.166052 0.00881824 0.00980461 0.0535498 0.128097 -0.0449015 0.0102385 0.00524121 -0.0122758 0.0975262 0.640964 -0.0144929 0.0143401 0.0186402 0.0282978 0.0353745 0.039069 0.0579714 0.0516001 0.0333589 0.0184631 0.0921363
internal_weight=1076.75 913.207 54.5589 9.33936 5.1239 3.35054 1.01929 0.327185 0.692101 858.648 827.252 2.33125 1.40757 163.54 820.806 370.005 64.997 1.69131 0.289049 1.40226 450.8 321.106 148.835 121.447 115.716 46.8944 44.9955 31.0314 26.3006 13.9641
internal_count=142996 56218 14290 2134 774 413 178 57 121 41928 39491 235 104 86778 38889 29114 5923 602 58 544 9775 7409 3232 2651 2474 1126 1078 812 650 266
is_linear=0
shrinkage=0.05


Tree=34
num_leaves=31
num_cat=0
split_feature=11 4 11 10 9 13 18 12 8 12 12 3 15 28 9 29 9 4 11 3 13 9 11 11 8 7 3 3 2 29
split_gain=141.008 14.9766 8.51359 7.95636 7.92865 7.33246 7.05173 9.11654 12.2281 9.63767 9.61432 11.8992 17.1556 20.7693 24.1175 10.5646 9.87937 12.3039 10.6048 43.6107 78.7918 8.99904 8.65787 8.27486 26.2851 28.5755 8.13531 14.048 13.0425 12.5914
threshold=0.0022108867555719653 0.0025548629493936229 0.026661401687223148 0.018183224879902943 0.39242196071992891 378.50000000000006 1.0000000180025095e-35 0.19550714285714224 3.2235355962060255 2.0699892857142821 1.8630648928571392 0.028109360331726955 0.46739129418714875 -0.0049138446543243904 1.1390415613032985 -0.59495441378438885 0.76761456998859046 0.0054195442369416669 0.0022688768556165576 -0.0099194281334551975 354.50000000000006 0.75979057278981765 0.022623786894630984 0.0047244771082493153 0.51360546385071082 0.0013991827127097039 -0.0029290885960219777 0.0071469861811831467 -0.024885363267038715 -0.30087563040540666
decision_type=2 2 2 2 2 2 2 2 2 2 2 2 2 2 2 2 2 2 2 2 2 2 2 2 2 2 2 2 2 2
left_child=-1 2 3 -2 -3 6 7 8 -6 10 16 12 -12 -14 15 -15 26 18 19 20 -18 -8 -13 24 25 -19 -9 28 -28 -30
right_child=1 4 -4 -5 5 -7 21 9 -10 -11 11 22 13 14 -16 -17 17 23 -20 -21 -22 -23 -24 -25 -26 -27 27 -29 29 -31
leaf_value=-0.044660707356450807 -0.024930642450804941 -0.016580388621492376 0.22447449701054803 0.064703029372655638 -0.020974275974726043 -0.04501373319386489 -0.01686166513156968 0.013545047621633534 0.31795219573633421 -0.00079160936657123634 0.037446260029833194 -0.052755684516453683 0.36893268479528668 0.32758428506753878 0.35305091685085654 -0.0076654939507017784 -0.050123896420895875 0.55919389739110492 -0.0097014631143177085 -0.050146808539266591 2.2430028532325532 0.0072667627226618908 0.073820878458078595 0.018927848609128349 -0.022471477151683392 0.025653034779100921 0.320674548141552 0.025523247151954476 0.11215317770679532 0.026824874753448438
leaf_weight=156.39286175032612 50.724512207671069 30.902606205898337 0.35686988104134698 2.6028188904747358 24.296060784021396 6.1881855363026252 48.477817454375327 66.731192116742022 0.26907334243878622 93.685871730442159 7.7229268751107174 3.6444099505897602 0.9486345660407095 0.26288082078099284 0.74076723703183223 2.2152214192319666 0.087684505037032068 0.40960032446310168 70.380620273179375 0.44042183831334014 0.065398860955610871 190.49463118228596 2.1467615608125925 214.92039893101901 23.709724061191082 0.64794174674898386 0.52976413816213863 57.744929059990682 8.5122598160523957 8.7857317262096295
leaf_count=86778 14199 2437 9 82 2507 602 3426 3608 11 2529 247 126 36 9 34 133 37 24 7528 181 14 8133 28 4102 1364 33 9 3201 755 814
internal_value=-0.000772707 0.00669891 -0.0189269 -0.0205558 0.00828939 0.00921084 0.00961616 0.0125558 -0.0172619 0.0138537 0.016769 0.0529394 0.0815648 0.163322 0.102727 0.0278983 0.0153571 0.0103594 -0.00792664 0.202541 0.929525 0.00237208 -0.00583431 0.0157741 -0.0115929 0.232301 0.0262674 0.0375013 0.0762987 0.0688145
internal_weight=1075.04 918.646 53.6842 53.3273 864.962 834.059 827.871 588.898 24.5651 564.333 470.647 17.6816 11.8904 4.1675 3.21887 2.4781 452.966 310.662 70.9741 0.593505 0.153083 238.972 5.79117 239.688 24.7673 1.05754 142.304 75.5727 17.8278 17.298
internal_count=142996 56218 14290 14281 41928 39491 38889 27330 2518 24812 22283 613 459 212 176 142 21670 13283 7760 232 51 11559 154 5523 1421 57 8387 4779 1578 1569
is_linear=0
shrinkage=0.05


Tree=35
num_leaves=31
num_cat=0
split_feature=10 1 13 6 6 7 13 10 7 27 14 7 27 13 5 15 18 5 10 10 13 13 7 15 9 29 12 5 5 30
split_gain=100.432 15.7929 16.2141 13.826 18.6047 12.0845 11.6704 11.6489 11.2894 12.7636 11.6765 14.0729 10.2712 16.2279 8.59528 9.6406 9.86089 12.3809 8.15123 63.0223 7.99195 12.3953 13.4234 7.73558 7.23669 6.96916 7.96428 6.71322 12.1407 7.70439
threshold=0.0023008071805871704 -0.0072417885453971978 241.50000000000003 0.00053098016418300618 0.0005469770142237264 0.0013220736489010505 246.50000000000003 0.0034987513820454084 0.0013046093400335926 0.12430093317977108 58.500000000000007 0.0024263824708743724 0.87382905251236898 249.50000000000003 0.012610974203489909 0.96680803932395643 0.0033177435477165602 0.0033049253615686047 0.00050465400608602534 0.00047101241262301083 277.50000000000006 283.50000000000006 0.00098425196850394545 0.92668464643812143 0.82332794278298149 0.69063972471971347 0.69662142857143106 0.0013160865779070806 0.0014194464158977277 -0.60755022094933187
decision_type=2 2 2 2 2 2 2 2 2 2 2 2 2 2 2 2 2 2 2 2 2 2 2 2 2 2 2 2 2 2
left_child=1 12 -3 7 8 -4 -7 -2 9 -5 -10 -12 24 -14 15 -6 17 -17 19 -8 -9 22 -22 25 27 26 -16 -1 -29 -30
right_child=3 2 5 4 14 6 18 20 10 -11 11 -13 13 -15 23 16 -18 -19 -20 -21 21 -23 -24 -25 -26 -27 -28 28 29 -31
leaf_value=-0.030184346112210353 -0.025544400585117338 0.79302788072564445 -0.038800822670827961 0.36609254466332969 0.0067239882742419991 0.32256300498197427 -0.050173540156237199 -0.024232758109611605 0.0066472042798779649 -0.024935989163049985 0.37787000848843832 0.11639379380060916 0.72790314584694116 -0.050314857102996692 0.069746590261461128 0.16317443838146284 0.14266239283677859 -0.0020788343434836737 -0.011480951530839502 1.803334793337497 0.48325831394446078 0.0057464884622646798 0.044373847946350138 -0.011128644299713863 -0.019295389514133829 0.062855225099615122 -0.032999320299174649 0.45460253023725894 0.24299363150192593 0.039814374196965922
leaf_weight=2.3477457839762845 52.392224019044079 0.059269072022288039 196.0565855181776 0.23468923161271904 566.08474028226919 0.26775772345717896 0.30574953428003837 24.562956646783277 0.78855293849483166 1.883588100550696 0.9257909270236272 1.1585602643899617 0.12780421250499685 0.14077618857845664 3.0838023424148586 1.3842015254776905 2.476896277628839 6.2560587502084672 32.623252301011235 0.053954093949869275 0.28088205493986507 124.53895822702907 0.45879597309976816 7.5836706459522238 10.528813495533539 18.616660207509995 4.8560555223375559 0.19745165843050916 0.50797112134750921 5.7250245180912316
leaf_count=415 8927 6 94670 7 22561 30 138 1430 22 199 36 26 7 36 34 53 38 124 6990 30 31 4914 19 97 1380 189 57 31 44 484
internal_value=-0.00237512 -0.030181 -0.0338601 0.00609153 0.00981912 -0.0340738 -0.00620199 -0.00525035 0.105961 0.018387 0.170531 0.232532 0.0129272 0.320001 0.00903291 0.0075886 0.0559664 0.0278604 -0.00887092 0.227845 0.00184549 0.00695856 0.211034 0.0334092 0.00865547 0.0461278 0.00690669 0.0421805 0.0686008 0.0563729
internal_weight=1066.51 248.942 229.367 817.567 615.333 229.307 33.2507 202.234 4.99118 2.11828 2.8729 2.08435 19.5756 0.26858 610.342 576.202 10.1172 7.64026 32.983 0.359704 149.842 125.279 0.739678 34.1402 19.307 26.5565 7.93986 8.77819 6.43045 6.233
internal_count=143025 104261 101864 38764 23443 101858 7188 15321 290 206 84 62 2397 43 23153 22776 215 177 7158 168 6394 4964 50 377 2354 280 91 974 559 528
is_linear=0
shrinkage=0.05


Tree=36
num_leaves=31
num_cat=0
split_feature=11 4 3 28 13 11 12 1 11 7 30 11 2 12 1 28 27 12 28 10 5 10 7 12 12 2 7 8 14 3
split_gain=108.752 12.749 13.938 23.5135 9.39341 23.9561 14.4367 11.3105 18.249 39.3901 12.351 13.2298 30.9321 42.8661 14.8729 11.1342 15.819 17.3417 10.7956 10.199 67.0222 8.84726 17.0451 8.6991 24.0113 14.6074 14.5629 11.7685 11.3764 16.0827
threshold=0.0023090989023124872 0.0046038607608328798 0.12418566667881149 0.0033937669115107713 319.50000000000006 0.0040467787500537492 0.13299999999999992 -0.0016644049043575413 0.0023288947775505497 0.0013606242677393291 0.2322190830400819 0.0031572686142516131 0.004813367109413381 0.25044642857142013 -0.0018794512557937513 0.013783777089009111 8.356659742576209 0.81357142857142872 0.0019410192415454455 0.00060382564027042804 0.0012599673186298589 0.0040093119436789065 0.003648906034052012 0.30209285714285583 0.47359642857142764 -0.0028466277639307975 0.00015300501920227234 1.049749422495361 66.500000000000014 -0.018783061103906092
decision_type=2 2 2 2 2 2 2 2 2 2 2 2 2 2 2 2 2 2 2 2 2 2 2 2 2 2 2 2 2 2
left_child=21 2 4 -4 7 19 -7 8 9 -2 -10 12 14 -14 18 -9 -17 -18 -12 20 -6 -1 -23 -8 25 -25 -27 -28 -26 -30
right_child=1 -3 3 -5 5 6 23 15 10 -11 11 -13 13 -15 -16 16 17 -19 -20 -21 -22 22 -24 24 28 26 27 -29 29 -31
leaf_value=-0.042164314938568349 -0.050111094688983907 0.007450600355064666 0.40845166007468486 -0.0017175107526781993 -0.050154746909814266 0.34709338271546308 -0.014865720051701538 -0.037901753221755791 -0.024660577563660212 1.4865127238917288 0.00036037468154237522 0.012064466249408452 1.460219546984824 0.19207652674719325 0.49938894966673708 -0.0096792715618723799 0.043858123363878836 0.38704430462373179 0.60950238278084434 -0.016979540367839628 1.9447732153040118 -0.050298277327058133 0.61767657499394368 0.049613040095031036 -0.0046071693849789076 -0.051546256270096374 0.28593381103781795 0.065982439295354078 0.2481676380820925 0.029615340324013237
leaf_weight=151.03135144652333 0.11623483384027977 702.46262166788802 0.54187595564871915 0.98371476586908102 0.26298689935356279 0.37690871232189493 6.6699926748406169 59.362563242320903 27.644914445234463 0.065043048933148384 1.8007513910997661 24.16912999516353 0.099217658163979539 0.20293241471517831 0.18114380899351368 6.9902942233020422 1.05367553117685 0.56575204781256605 0.075797912781126908 53.470330146607012 0.050127100315876305 0.26672691688872774 0.14877258241176605 3.2768310701940209 13.308440967230128 0.52341094450094106 2.4957815103698526 0.80407039890997101 1.1595925209112463 3.0711265860591075
leaf_count=89505 55 20796 20 46 104 32 380 11271 3699 8 441 2607 12 32 20 578 101 35 30 11934 18 67 2 120 610 40 101 37 63 261
internal_value=-0.00229399 0.00422316 -0.00660776 0.143971 -0.00771327 0.00500471 0.0394922 -0.0165993 0.000402502 0.501234 -0.00127339 0.0230976 0.136097 0.608499 0.0667297 -0.030195 0.0229418 0.163751 0.0249649 -0.0153134 0.269218 -0.0415305 0.188875 0.0357892 0.0495018 0.12708 0.193474 0.232339 0.0180973 0.0895181
internal_weight=1063.23 911.785 209.323 1.52559 207.797 85.4696 31.6862 122.327 54.3552 0.181278 54.1739 26.529 2.35984 0.30215 2.05769 67.9723 8.60972 1.61943 1.87655 53.7834 0.313114 151.447 0.415499 31.3092 24.6393 7.10009 3.82326 3.29985 17.5392 4.23072
internal_count=143025 53451 32655 66 32589 13700 1644 18889 6904 63 6841 3142 535 44 491 11985 714 136 471 12056 122 89574 69 1612 1232 298 178 138 934 324
is_linear=0
shrinkage=0.05


Tree=37
num_leaves=31
num_cat=0
split_feature=11 2 0 4 3 6 13 11 1 28 30 30 0 12 12 1 9 13 1 2 30 12 9 3 10 3 12 13 7 10
split_gain=102.155 11.0548 13.2772 10.1056 10.7555 18.8835 10.7942 18.2309 9.62191 9.67179 9.30184 15.2621 27.2526 8.81026 12.1068 14.3395 13.3998 13.184 15.4287 14.2561 16.6132 11.6866 9.90223 11.2565 10.8903 8.57861 10.3074 8.51305 8.0955 8.03903
threshold=0.0025666593123410846 -0.014605390358622903 0.0012501387961679768 0.0046038607608328798 0.12418566667881149 0.0012744811960618029 319.50000000000006 0.0040467787500537492 -0.0024560412664462179 0.013783777089009111 0.26037453891169859 0.27158048979315635 -0.0010128147842624611 0.69662142857143106 0.31714285714285834 -0.0037321257330747977 0.72380503948639763 334.50000000000006 -0.0022524443605612672 0.014409455114638427 0.59664251053004247 0.13299999999999992 1.1390415613032985 -0.017834423110118899 0.0032747137165452089 -0.0077619329683391016 0.34675000000000072 323.50000000000006 0.0023566969486395746 0.00060382564027042804
decision_type=2 2 2 2 2 2 2 2 2 2 2 2 2 2 2 2 2 2 2 2 2 2 2 2 2 2 2 2 2 2
left_child=1 2 -1 4 6 -6 8 29 10 -10 -2 12 -12 14 21 -16 17 18 -17 20 -20 -9 23 24 27 -19 -27 -15 -23 -8
right_child=3 -3 -4 -5 5 -7 7 13 9 -11 11 -13 -14 22 15 16 -18 25 19 -21 -22 28 -24 -25 -26 26 -28 -29 -30 -31
leaf_value=0.015501225943271994 -0.020192876641939507 -0.040354824188779358 0.3550796063355478 0.0071253536579151226 -0.051391642985223744 0.27655406400343652 0.21875221231387637 0.23403465077410865 -0.035570943940644896 0.020262643329927547 0.78839229309375969 0.018476161136551691 -0.050907797321568665 0.30930523061208626 0.017338961229996376 0.56768681029506529 0.016782692241495874 0.19802692392148302 0.051081776341737273 0.43887700863998469 0.36334860862838675 -0.028756927263322674 0.20322312451837227 -0.03535696053968488 0.00017311317918099084 0.20210695284839725 -0.05427159294143951 0.042278481590546119 0.14374595037043458 -0.014951132863584066
leaf_weight=1.3858243041904632 25.182456837268546 158.7607067375211 0.3633147976361214 703.15899247745983 0.85259851068258175 0.90476587042212486 0.37102382257580657 0.5258104251697685 60.098978931084275 8.905680191004647 0.1787076173350215 22.49077915539965 0.21081688208505767 0.68077551852911644 4.7210150090977541 0.32285677362233345 2.0350106479600072 1.1724892142228784 1.4553092136047787 0.50530311791226257 0.60217412700876582 6.3414535520132631 0.58900727215223092 8.8937167711555922 1.8870509187690911 0.56722102733328927 1.2693310920149086 0.5315210442058742 0.76183621445670713 44.725562018575147
leaf_count=232 3064 95555 11 20017 41 25 62 32 11111 716 19 2363 26 26 159 17 98 29 101 11 37 371 35 548 64 12 44 30 30 8139
internal_value=-0.00223143 -0.0389775 0.0860353 0.00432244 -0.00569313 0.117449 -0.00680275 0.00761194 -0.0164019 -0.0283651 0.000773915 0.0238503 0.33415 0.0359368 0.0563289 0.0863297 0.127404 0.165594 0.241952 0.200916 0.142475 0.00658112 0.00306874 -0.00676131 0.0752952 0.0923667 0.0249112 0.19223 -0.0102558 -0.0130284
internal_weight=1060.45 160.51 1.74914 899.942 196.783 1.75736 195.026 77.9585 117.067 69.0047 48.0628 22.8803 0.389524 32.8619 20.2798 12.6507 7.9297 5.89468 2.88564 2.56279 2.05748 7.6291 12.5821 11.9931 3.09935 3.00904 1.83655 1.2123 7.10329 45.0966
internal_count=143025 95798 243 47227 27210 66 27144 9845 17299 11827 5472 2408 45 1644 941 508 349 251 166 149 138 433 703 668 120 85 56 56 401 8201
is_linear=0
shrinkage=0.05


end of trees

feature_importances:
volatility_20=115
atr=91
time_since_open=85
range_pct=74
volatility_5=74
distance_from_vwap=73
lower_wick=70
returns_5=56
returns_10=55
returns_20=53
upper_wick=51
volume_ratio=48
pressure_ratio=47
price_position=45
body_pct=42
returns=34
volume_momentum=30
volume_ratio_20=29
time_to_close=25
pv_divergence=23
fvg_size_pct=14
bos_down=2
fvg_up=1
fvg_down=1
displacement_down=1
liquidity_grab_high=1

parameters:
[boosting: gbdt]
[objective: binary]
[metric: auc]
[tree_learner: serial]
[device_type: cpu]
[data_sample_strategy: bagging]
[data: ]
[valid: ]
[num_iterations: 500]
[learning_rate: 0.05]
[num_leaves: 31]
[num_threads: 0]
[seed: 0]
[deterministic: 0]
[force_col_wise: 0]
[force_row_wise: 0]
[histogram_pool_size: -1]
[max_depth: -1]
[min_data_in_leaf: 20]
[min_sum_hessian_in_leaf: 0.001]
[bagging_fraction: 0.8]
[pos_bagging_fraction: 1]
[neg_bagging_fraction: 1]
[bagging_freq: 5]
[bagging_seed: 3]
[bagging_by_query: 0]
[feature_fraction: 0.8]
[feature_fraction_bynode: 1]
[feature_fraction_seed: 2]
[extra_trees: 0]
[extra_seed: 6]
[early_stopping_round: 0]
[early_stopping_min_delta: 0]
[first_metric_only: 0]
[max_delta_step: 0]
[lambda_l1: 0]
[lambda_l2: 0]
[linear_lambda: 0]
[min_gain_to_split: 0]
[drop_rate: 0.1]
[max_drop: 50]
[skip_drop: 0.5]
[xgboost_dart_mode: 0]
[uniform_drop: 0]
[drop_seed: 4]
[top_rate: 0.2]
[other_rate: 0.1]
[min_data_per_group: 100]
[max_cat_threshold: 32]
[cat_l2: 10]
[cat_smooth: 10]
[max_cat_to_onehot: 4]
[top_k: 20]
[monotone_constraints: ]
[monotone_constraints_method: basic]
[monotone_penalty: 0]
[feature_contri: ]
[forcedsplits_filename: ]
[refit_decay_rate: 0.9]
[cegb_tradeoff: 1]
[cegb_penalty_split: 0]
[cegb_penalty_feature_lazy: ]
[cegb_penalty_feature_coupled: ]
[path_smooth: 0]
[interaction_constraints: ]
[verbosity: -1]
[saved_feature_importance_type: 0]
[use_quantized_grad: 0]
[num_grad_quant_bins: 4]
[quant_train_renew_leaf: 0]
[stochastic_rounding: 1]
[linear_tree: 0]
[max_bin: 255]
[max_bin_by_feature: ]
[min_data_in_bin: 3]
[bin_construct_sample_cnt: 200000]
[data_random_seed: 1]
[is_enable_sparse: 1]
[enable_bundle: 1]
[use_missing: 1]
[zero_as_missing: 0]
[feature_pre_filter: 1]
[pre_partition: 0]
[two_round: 0]
[header: 0]
[label_column: ]
[weight_column: ]
[group_column: ]
[ignore_column: ]
[categorical_feature: ]
[forcedbins_filename: ]
[precise_float_parser: 0]
[parser_config_file: ]
[objective_seed: 5]
[num_class: 1]
[is_unbalance: 0]
[scale_pos_weight: 1]
[sigmoid: 1]
[boost_from_average: 1]
[reg_sqrt: 0]
[alpha: 0.9]
[fair_c: 1]
[poisson_max_delta_step: 0.7]
[tweedie_variance_power: 1.5]
[lambdarank_truncation_level: 30]
[lambdarank_norm: 1]
[label_gain: ]
[lambdarank_position_bias_regularization: 0]
[eval_at: ]
[multi_error_top_k: 1]
[auc_mu_weights: ]
[num_machines: 1]
[local_listen_port: 12400]
[time_out: 120]
[machine_list_filename: ]
[machines: ]
[gpu_platform_id: -1]
[gpu_device_id: -1]
[gpu_use_dp: 0]
[num_gpu: 1]

end of parameters

pandas_categorical:[]
