tree
version=v4
num_class=1
num_tree_per_iteration=1
label_index=0
max_feature_idx=30
objective=binary sigmoid:1
feature_names=returns returns_5 returns_10 returns_20 range_pct body_pct upper_wick lower_wick volume_ratio volume_ratio_20 volatility_5 volatility_20 atr time_since_open time_to_close price_position fvg_up fvg_down fvg_size_pct displacement_up displacement_down order_block_bull order_block_bear liquidity_grab_high liquidity_grab_low bos_up bos_down pressure_ratio distance_from_vwap volume_momentum pv_divergence
feature_infos=[-0.072086870962801752:0.04917557251908411] [-0.32847601700060713:0.29123073625966844] [-0.34194528875379937:0.28744417789260024] [-0.34367553824668906:0.32974176615841388] [0:0.078498756500113079] [0:0.077684829301379155] [0:0.031557667568064371] [0:0.032970356926799858] [0.0077067097235578794:4.8739573987306022] [0.0052960025901097694:17.417879820534836] [2.0326042883284517e-05:0.13627564269911535] [0.00020988347746018674:0.067735810268135868] [0.0099999999999997868:16.689607142857149] [241:383] [7:149] [0:0.99999999973781772] [0:1] [0:1] [0:0.074971738638932917] [0:1] [0:1] [0:1] [0:1] [0:1] [0:1] [0:1] [0:1] [0:16530502] [-0.15811310058997513:0.22592121730524209] [-0.99793491780229293:641.49152542372883] [-641.5517879393235:1.0395228564484813]
tree_sizes=3389 3393 3410 3414 3413 3412 3421 3415 3452 3451 3460 3461 3461 3455 3441 3444 3471 3445 3449 3469 3444 3474 3470 3448 3461 3460 3471 3451 3478 3457 3466 3457 3464 3462 3453 3465 3440 3465 3467 3445 3485 3441

Tree=0
num_leaves=31
num_cat=0
split_feature=4 11 10 12 3 4 28 14 11 28 28 3 28 7 6 13 4 14 3 14 29 12 28 10 11 29 28 11 29 28
split_gain=5319.71 1345.54 697.223 562.429 482.881 449.146 358.477 290.553 356.518 455.333 289.957 253.862 326.03 248.56 387.708 219.218 200.356 175.252 173.893 491.362 368.6 170.615 171.86 166.568 165.285 164.468 151.861 140.135 124.729 122.352
threshold=0.0077653923489824318 0.017948883060475419 0.0032747137165452089 0.76957499999999868 0.092071590684926777 0.014710007644929558 0.023201770486620581 65.500000000000014 0.0077175030022562331 -0.0082563310009676691 -0.017819113944321667 -0.078910387649695976 -0.012174095339426953 0.0017548708091007917 0.0013674560153210862 311.50000000000006 0.017446062809377227 24.500000000000004 -0.12874644272613692 132.50000000000003 0.058659473210588516 0.79847142857142883 0.01997314521034672 0.018183224879902943 0.026661401687223148 0.53454123346620153 0.023201770486620581 0.0050613438018778474 0.16596089407840967 -0.010910699665557794
decision_type=2 2 2 2 2 2 2 2 2 2 2 2 2 2 2 2 2 2 2 2 2 2 2 2 2 2 2 2 2 2
left_child=2 5 -1 4 11 10 27 8 28 -10 17 12 16 25 -15 -14 -3 -2 19 -5 -21 22 -9 -24 -16 -6 -12 -4 -7 -29
right_child=1 3 6 18 13 7 -8 21 9 -11 26 -13 15 14 24 -17 -18 -19 -20 20 -22 -23 23 -25 -26 -27 -28 29 -30 -31
leaf_value=-4.9456810190469769 -2.6721531306729442 -4.255047793806412 -4.8878362345463708 -4.1605189556099162 -4.6294561333297848 -3.0375163578355528 -4.238534734727522 -4.2426038050475459 -0.062415793797190311 -3.4744710281584101 -4.6827688021086535 -4.5619629263416162 -0.50280896939497755 -3.9280892240444225 0.11881596570807851 -3.2430331731145339 -2.5248292487525474 -4.2858929418971652 -4.2697264093911187 -1.0410672951255915 -3.7467508576218016 -4.6840651745199153 -4.0542837597420309 -2.2569676452608984 -1.8618717801107176 -2.3867131094521694 -4.2619456539279721 -4.6224027891760651 -4.6013339637513813 -4.8087781447796072
leaf_weight=880.67978471657261 0.17516815289854903 0.64228322729468346 50.857153724879026 1.6349027603864672 0.15327213378623117 0.18246682593598851 2.6494183125905684 1.9633430470712485 0.15327213378623128 0.27005090238526464 30.41357054701075 0.63498455425724221 0.14597346074879169 0.14597346074879169 0.19706417201086879 0.14597346074879169 0.22625886416062713 4.2551263808272779 5.6126795657910407 0.25545355631038535 0.24815488327294588 1.6567987794987855 0.27734957542270411 0.2408562102355063 0.22625886416062713 0.17516815289855003 2.3063806798309079 10.802036095410584 0.42332303617149591 47.653036261443049
leaf_count=120663 24 88 6968 224 21 25 363 269 21 37 4167 87 20 20 27 20 31 583 769 35 34 227 38 33 31 24 316 1480 58 6529
internal_value=-4.90474 -4.41551 -4.93074 -3.90726 -3.2848 -4.54095 -4.81321 -4.10419 -3.35235 -2.23907 -4.60171 -3.75822 -3.31843 -2.33798 -1.70605 -1.87292 -3.80432 -4.22209 -4.12354 -3.73987 -2.3743 -4.29116 -4.02883 -3.21891 -0.939827 -3.43333 -4.65311 -4.82714 -4.1303 -4.77434
internal_weight=1045.4 52.7621 992.641 10.4444 2.69321 42.3177 111.962 5.16746 1.02911 0.423323 37.1502 1.79547 1.16049 0.897737 0.569296 0.291947 0.868542 4.43029 7.75119 2.13851 0.503608 4.13835 2.48155 0.518206 0.423323 0.32844 32.72 109.312 0.60579 58.4551
internal_count=143232 7229 136003 1431 369 5798 15340 708 141 58 5090 246 159 123 78 40 119 607 1062 293 69 567 340 71 58 45 4483 14977 83 8009
is_linear=0
shrinkage=1


Tree=1
num_leaves=31
num_cat=0
split_feature=6 5 7 28 2 2 9 2 7 13 27 7 1 28 2 9 7 12 28 29 5 13 0 8 27 8 29 8 15 28
split_gain=1244.57 580.263 227.015 160.345 224.428 204.443 134.782 133.033 113.942 110.952 94.2048 83.1429 81.02 73.6658 73.424 81.2672 80.6096 71.6949 64.5801 61.7667 58.3619 56.121 52.4899 48.7967 70.3013 113.467 121.663 74.6118 48.2494 67.2524
threshold=0.0017519199491678151 0.004133277425022972 0.0023566969486395746 -0.011505472540621144 -0.0059661181417695599 0.014409455114638427 0.99313041561610904 0.019317518528524594 0.00085858947542337991 348.50000000000006 1.221006579593414 0.0014842921899090881 0.0065668462434415051 -0.013749549873768053 0.086351452997365144 0.43701907453854044 0.003648906034052012 2.9037142857142872 -0.010910699665557794 1.4554439190964015 0.0061541803356298429 308.50000000000006 -0.0070377762726193107 1.3872551712429841 4.2337361974420729 1.217044869666706 0.53454123346620153 0.74866759568224406 0.95652171833650934 0.029894066988409861
decision_type=2 2 2 2 2 2 2 2 2 2 2 2 2 2 2 2 2 2 2 2 2 2 2 2 2 2 2 2 2 2
left_child=1 2 13 4 -2 11 10 18 20 14 -6 -5 -10 -1 15 -9 -16 -15 -4 -19 -3 -7 -8 24 25 -23 -27 -26 29 -14
right_child=3 8 7 5 6 21 22 9 12 -11 -12 -13 28 17 16 -17 -18 19 -20 -21 -22 23 -24 -25 27 26 -28 -29 -30 -31
leaf_value=0.11262641502450262 0.22131632891876019 -0.0029678405243955455 0.19023680367481741 0.026380102150250564 0.13401241469733938 0.17472085452887232 1.0003542485433254 1.1709894564326742 0.11623752239729966 1.4512861390359522 1.3830923002841551 0.15094449908990404 0.3178020072125034 -0.041114622547268082 1.2985922934336411 0.15636030432800477 0.27644999542701126 0.12698648965852904 0.0056421214372216625 1.0831978147860015 0.11701673071385021 0.22728600261321566 2.0233274384530286 0.077876073340139337 1.4119711300208442 1.8217191304024389 0.18276660761622102 0.51040464539032993 0.16156836187388682 0.99984324892176035
leaf_weight=7.9734166399575761 25.732240875251595 23.198226789943874 5.9660919350571957 45.679262568708509 0.54174370691180118 26.067862578202039 0.23787154257297516 0.20466587180271645 25.321088900789618 0.19976603239774693 0.20925623225048184 18.954828015528619 7.1198124731890839 827.54342795908451 0.33293055463582266 5.522136359475553 0.45855994569137692 3.9465498616918913 23.01871046051383 0.17643335461616505 17.997772563248873 5.4512541093863529 0.2652013972401619 1.7295646541751919 0.27350437873974431 0.24036040296778072 0.21408376563340425 1.4258053833618758 5.9290599296800792 0.38076096586883057
leaf_count=999 1746 3097 592 5873 53 1912 20 22 2333 23 20 1644 583 117182 25 596 38 530 3041 24 1666 425 25 128 29 28 19 137 393 29
internal_value=-0.0020495 -0.0216009 -0.0333776 0.144989 0.253148 0.115811 0.9063 0.0901042 0.107344 0.29058 0.482052 0.0629103 0.16889 -0.0386283 0.255008 0.192621 0.706401 -0.0400784 0.0436382 0.167905 0.0494512 0.212392 1.53963 0.317594 0.372111 0.290565 1.04963 0.655512 0.268164 0.352425
internal_weight=1082.31 955.289 875.343 127.023 26.9863 100.037 1.25407 35.7029 79.9467 6.71806 0.751 64.6341 38.7507 839.64 6.51829 5.7268 0.791491 831.666 28.9848 4.12298 41.196 35.4024 0.503073 9.33457 7.60501 5.9057 0.454444 1.69931 13.4296 7.50057
internal_count=143232 131173 123072 12059 1864 10195 118 4337 8101 704 73 7517 3338 118735 681 618 63 117736 3633 554 4763 2678 45 766 638 472 47 166 1005 612
is_linear=0
shrinkage=0.05


Tree=2
num_leaves=31
num_cat=0
split_feature=10 6 7 1 1 12 5 13 13 6 7 12 9 28 28 10 15 29 7 12 7 30 28 30 12 27 28 7 7 28
split_gain=1801.54 140.698 109.343 81.7094 80.2812 82.2815 73.1476 49.7294 48.1898 45.7007 80.3568 38.0643 47.0524 35.9952 43.228 34.0413 39.4344 47.4175 61.357 63.3141 122.457 39.4062 34.1182 40.3917 32.0048 51.7691 36.1968 31.8607 46.8445 31.0319
threshold=0.0032747137165452089 0.0018203531897601972 0.0012678523334652618 0.0092584308792090803 -0.017984279177894465 1.6269285714285686 0.010261309968216019 352.50000000000006 247.50000000000003 0.0017194785262963192 0.0024263824708743724 0.32027499999999859 1.1306024254454141 -0.01482132142278182 0.016109309828334879 0.0051278089944555563 0.14634146266111578 0.058659473210588516 0.0026598483142459052 0.55978214285715022 0.00072940524312014015 -1.0440889825616575 0.01997314521034672 0.43898920859558282 2.4020857142857084 6.1405036299425602 0.0046334979574657554 0.00093318402388955092 0.0010074068392242686 0.023201770486620581
decision_type=2 2 2 2 2 2 2 2 2 2 2 2 2 2 2 2 2 2 2 2 2 2 2 2 2 2 2 2 2 2
left_child=3 2 6 4 5 -1 13 27 -3 -5 11 12 -11 -2 -15 21 17 18 19 20 -17 -10 -23 -24 -6 -26 -27 -8 -29 -4
right_child=1 8 29 9 24 -7 7 -9 15 10 -12 -13 -14 14 -16 16 -18 -19 -20 -21 -22 22 23 -25 25 26 -28 28 -30 -31
leaf_value=0.11018778769924786 0.1371955804968715 0.069271739215677114 0.11968617331471382 0.025088075913161697 -0.041720028129962505 0.90080517493726031 0.12074046774151198 0.75915329622135574 -0.03916333954054943 0.93177888170944145 0.85559760601310841 0.05226504510868403 0.14634079479480508 0.0065340400023540983 0.14623487965378876 1.4595057552755657 0.17661537647912112 0.21943737583529543 1.00969989100213 0.21001977374469505 0.1000396090704227 0.12980136131919132 0.20198965888673059 0.65024595176885469 0.034923883303725603 0.20384709596047373 1.2217433261283182 0.85859291521237102 0.16816384352636185 0.23534854679057587
leaf_weight=1.5239464021287847 7.146373617462813 12.298649741336702 66.201629331335425 12.417556383181365 805.35381763707846 0.41972228046506632 6.1207839772105208 0.36989079136401404 3.0956162475049522 0.30538753978908006 0.44131751591339696 2.7698636632412672 0.50762736611068249 61.206179613247514 6.0882292077876619 0.33106487244367588 47.154902349226177 8.2177135059609991 0.42409243714064349 1.8580827028490601 0.33153075492009521 21.315776648931209 1.8525898810476058 0.68962454423308361 6.4363706135191014 0.19652658468112338 0.15719773853197694 0.38407393079251029 0.6817753417417407 6.3559136968106023
leaf_count=112 614 777 6210 1626 118338 27 313 20 281 33 36 263 53 7612 520 27 2636 436 25 105 30 1867 79 25 791 22 18 19 42 275
internal_value=-0.00227499 0.114787 0.0851103 -0.0378117 -0.0400405 0.280916 0.0455494 0.193772 0.161797 0.0725428 0.218975 0.140559 0.44137 0.0305033 0.019173 0.175142 0.19662 0.281127 0.453277 0.359662 0.779295 0.128673 0.15045 0.323588 -0.0408086 0.0672892 0.656208 0.164672 0.416957 0.129818
internal_weight=1082.65 252.124 154.555 830.529 814.088 1.94367 81.9973 7.55652 97.5696 16.4418 4.0242 3.58288 0.813015 74.4408 67.2944 85.271 58.3174 11.1625 2.94477 2.52068 0.662596 26.9536 23.858 2.54221 812.144 6.79009 0.353724 7.18663 1.06585 72.5575
internal_count=143232 21913 15625 121319 119308 139 9140 394 6288 2011 385 349 86 8746 8132 5511 3259 623 187 162 57 2252 1971 104 119169 831 40 374 61 6485
is_linear=0
shrinkage=0.05


Tree=3
num_leaves=31
num_cat=0
split_feature=4 11 11 12 11 12 8 9 9 8 12 4 11 13 18 27 12 30 30 13 11 27 2 1 9 30 7 13 4 5
split_gain=1623.77 194.29 131.605 65.1382 64.0083 63.5024 62.4282 108.306 62.0568 65.9453 80.3218 79.7849 61.156 53.6072 51.7238 48.4841 50.4733 45.0785 69.0041 44.8539 43.6907 52.8608 41.6518 92.9161 78.3841 96.9797 42.935 42.0996 40.0829 49.4823
threshold=0.0056114874559404521 0.0033026480839622526 0.0046159043625565348 0.23162689285714108 0.016895171655248873 2.9037142857142872 0.90098495909805265 0.66389828383521932 0.98723129814741284 0.62246970544756663 0.17497142857142736 0.0061858404519040252 0.0025124235739168912 323.50000000000006 2.9366291314078135e-05 0.17148160208622401 0.19746428571428584 -1.2619863376027434 -3.6915159825828492 306.50000000000006 0.0077175030022562331 4.2337361974420729 -0.011786879064648812 -0.0026794813235245791 0.60597595055585474 0.55233970635685059 0.00031737732709335276 378.50000000000006 0.0097941211491557219 0.0065128658948809147
decision_type=2 2 2 2 2 2 2 2 2 2 2 2 2 2 2 2 2 2 2 2 2 2 2 2 2 2 2 2 2 2
left_child=1 5 -2 8 13 -1 7 -7 9 -4 -11 -12 -9 -3 -5 16 -10 18 -6 -20 21 -13 23 27 25 -25 -26 -15 -16 -30
right_child=2 4 3 14 17 6 -8 12 15 10 11 20 -14 22 28 -17 -18 -19 19 -21 -22 -23 -24 24 26 -27 -28 -29 29 -31
leaf_value=-0.046015265047348028 0.037894905831306544 -0.0072980913008860449 -0.05063525429587399 0.15022923903156507 0.037961851240958508 -0.050507218064142781 -0.050578842020289283 1.8970750678101949 0.17566805734066243 0.043809651330178001 1.504872646393433 0.20955334593907071 0.56088606822929943 0.053336543156746963 0.039340057570969228 0.093445963732112169 0.98875778853162055 0.09772572848465394 1.2174038884057552 0.33156420047355484 1.0296768831137646 1.0095306852371733 0.041975417019516598 1.9632276143193896 0.95805028290091399 0.42372227078121849 -0.050396830234215789 0.88075825281373721 0.27765502755182653 0.10157250293528444
leaf_weight=683.57521953852847 40.690692580770701 135.63943070825189 0.50019648438319508 116.28430195059627 0.56404575426131487 0.29126145038753637 0.60710615757852793 0.17970601702108979 0.44068034412339319 0.53024274343624744 0.28928681649267662 0.76835145521908976 0.1635848032310605 3.3711500628851359 22.116047031711787 3.6994964689947665 0.33668882818892598 9.1022040098905546 0.31519627477973589 0.26141696376726031 0.41653943341225375 0.28239479288458824 25.429373023100197 0.1986418934538986 0.14874521223828197 0.21090936288237572 0.36343068350106478 0.1610773866996168 4.641971710138022 28.401043951511383
leaf_count=104943 4493 18063 44 6831 50 33 65 20 31 58 30 67 20 402 1855 251 24 1002 17 27 36 9 3387 24 20 27 48 20 196 1139
internal_value=-0.00237448 -0.0333305 0.119049 0.137528 0.0135637 -0.0453664 0.311882 0.658665 0.284182 0.469406 0.583155 0.745963 1.26035 0.00605784 0.131314 0.168873 0.527828 0.134858 0.431163 0.815794 0.596338 0.424552 0.06668 0.207728 0.654788 1.17042 0.242475 0.0910688 0.0914388 0.126309
internal_weight=1079.98 860.582 219.398 178.707 175.766 684.817 1.24166 0.634552 7.26388 2.78701 2.28682 1.75657 0.343291 165.523 171.443 4.47687 0.777369 10.2429 1.14066 0.576613 1.46729 1.05075 29.8833 4.45395 0.921727 0.409551 0.512176 3.53223 55.1591 33.043
internal_count=143232 128168 15064 10571 23087 105081 138 73 550 244 200 142 40 21991 10021 306 55 1096 94 44 112 76 3928 541 119 51 68 422 3190 1335
is_linear=0
shrinkage=0.05


Tree=4
num_leaves=31
num_cat=0
split_feature=4 11 11 10 2 14 18 13 11 12 15 1 29 11 11 5 14 13 14 4 0 15 12 8 8 12 12 5 2 12
split_gain=1357.99 185.442 98.931 67.5809 47.6813 38.9241 37.2071 43.2278 46.4684 60.874 76.6753 56.2198 72.0864 42.1244 57.3374 128.868 48.7261 43.7127 66.059 38.9156 70.2302 69.6067 74.0212 68.1923 59.8742 48.2196 74.6772 36.4947 35.2558 34.4194
threshold=0.0056114874559404521 0.0033026480839622526 0.0036543222035570811 0.0032747137165452089 0.066799068693999777 8.5000000000000018 0.00025369825613573595 310.50000000000006 0.0063384599633355921 0.26500000000000085 0.30252465586488547 0.0087669335688771461 -0.37232051468660621 0.008378227133871631 0.008112359850483088 0.004133277425022972 78.500000000000014 348.50000000000006 69.500000000000014 0.014710007644929558 0.0080941327955321735 0.49166665847224195 1.9561928571428628 0.97366940960234971 0.77479848602651014 0.60737225000000461 1.9561928571428628 0.0080823696398805208 0.025741207373923495 2.9037142857142872
decision_type=2 2 2 2 2 2 2 2 2 2 2 2 2 2 2 2 2 2 2 2 2 2 2 2 2 2 2 2 2 2
left_child=1 29 28 4 5 -3 7 -4 11 10 -10 27 -13 14 17 -16 -15 18 19 20 21 22 23 24 -11 -23 -27 -9 -2 -1
right_child=2 3 6 -5 -6 -7 -8 8 9 13 -12 12 -14 16 15 -17 -18 -19 -20 -21 -22 25 -24 -25 -26 26 -28 -29 -30 -31
leaf_value=-0.045799840159417848 0.00074600203568638782 0.50049160529556513 0.10519987491556973 0.048344891462977033 0.41485218672241952 -0.018347923753577577 0.081393751020468669 0.037228696738078736 0.88553824979285878 0.6528832511179965 0.24899683720654806 0.76180790614552529 0.17916841619162902 0.11762683266253943 1.3113798705727129 0.11085016988366043 0.3416884217859355 -0.01944960667801825 0.058637654033268927 0.091338275626288337 1.1494017742330274 -0.050817384438024173 0.060477572963002782 0.29769342652363984 1.4937880564350787 0.94035288297556474 -0.05081663256902938 0.30374551678189998 0.64131427020362997 0.15208180290856316
leaf_weight=653.21915187453851 24.391054351814095 0.36275978060439129 94.135627227369696 75.253225597552955 0.64456553803756733 103.04221791494638 67.889822055120021 15.294232190120971 0.6935700131580228 0.42606231663375804 1.4881971036083994 0.61457461537793268 3.8980909707024685 21.114492003805939 0.40377448592335063 0.50075381435453892 2.7414681399241081 1.4748543505556879 2.2795992791652679 0.90679939743131388 0.33302860055118788 1.0325293932110069 0.44355564936995495 0.43032251158729196 0.42070430517196655 0.4033785918727516 0.35930602252483368 1.4022222394123662 0.21671098144724865 2.2049369914457193
leaf_count=104943 2804 36 5006 7898 75 15078 3896 1280 33 28 70 41 231 945 30 18 141 57 168 17 15 72 25 28 24 26 26 66 17 138
internal_value=-0.00251087 -0.0328078 0.101436 0.01225 -0.0138554 -0.0165278 0.112131 0.125969 0.160475 0.195497 0.451349 0.101933 0.258517 0.178719 0.268277 0.646757 0.143375 0.228048 0.279933 0.386009 0.455434 0.3897 0.616944 0.810215 1.07068 0.171895 0.473406 0.0596116 0.00638724 -0.0451341
internal_weight=1078.02 834.727 243.295 179.303 104.05 103.405 218.687 150.797 56.6615 35.4524 2.18177 21.2091 4.51267 33.2706 9.41467 0.904528 23.856 8.51014 7.03529 4.75569 3.84889 3.51586 1.72064 1.27709 0.846767 1.79521 0.762685 16.6965 24.6078 655.424
internal_count=143232 128168 15064 23087 15189 15114 12243 8347 3341 1723 103 1618 272 1620 534 48 1086 486 429 261 244 229 105 80 52 124 52 1346 2821 105081
is_linear=0
shrinkage=0.05


Tree=5
num_leaves=31
num_cat=0
split_feature=4 11 10 11 8 4 7 10 13 1 29 11 10 15 27 9 13 10 11 13 12 13 2 6 27 12 4 12 15 10
split_gain=1171.34 121.264 103.541 41.5656 42.481 39.5412 44.782 37.3693 30.5782 30.9139 55.9893 30.1036 43.3394 52.2587 29.6891 27.2714 31.7629 28.2737 27.2595 50.96 50.2855 28.7896 60.1881 26.8189 36.4505 39.1572 25.1513 27.4783 58.422 36.9454
threshold=0.0046038607608328798 0.0036543222035570811 0.0026614534494579186 0.016895171655248873 0.27017300042301767 0.0067706402426078944 0.0010899646759103124 0.0027908603117183461 319.50000000000006 -0.017984279177894465 0.70988585303753471 0.022623786894630984 0.00783149111284763 0.61230767092340332 0.38628622074201585 0.91492359736330475 334.50000000000006 0.0057714084255894174 0.0037320645243364586 370.50000000000006 0.30209285714285583 318.50000000000006 0.021132149805353721 0.0005469770142237264 0.50046212663018719 0.62592500000000129 0.014710007644929558 1.9561928571428628 0.92999998605 0.036544518738101155
decision_type=2 2 2 2 2 2 2 2 2 2 2 2 2 2 2 2 2 2 2 2 2 2 2 2 2 2 2 2 2 2
left_child=2 -2 -1 18 -5 6 -3 -6 26 10 15 -8 -13 -14 -11 16 -10 -17 -4 21 -21 -20 -23 -16 25 -25 -7 29 -29 -28
right_child=1 5 3 4 7 8 11 -9 9 14 -12 12 13 -15 23 17 -18 -19 19 20 -22 22 -24 24 -26 -27 27 28 -30 -31
leaf_value=-0.044339681177448804 0.0019436276077553901 0.017683245521834586 -0.027963730736503718 0.68775863976962304 0.67442432819412446 0.079166174099777706 0.081527711921990903 0.075758563495507775 0.19045235117433149 0.02004420737541775 0.049621328496357642 0.1291140476887743 0.17772624828411382 0.9739678289411895 0.049344132024896958 0.45454792903661795 0.63404918137955191 0.14973138184209103 -1.6793675806311716e-05 0.81152628222561107 0.053925482804679903 0.066761000398749812 0.6850356935741243 0.1881408998754337 0.14662408860236306 0.72345363492134573 0.14397026746156985 0.17285214108557434 0.70095508592804112 0.019036758598764414
leaf_weight=644.67306812247261 46.749957442749292 35.778833705466241 42.416915056295693 0.33825554233044286 0.27588791633024801 118.25996719300747 42.662850277498364 4.7248524436727166 0.61899074725806524 6.5052105030044904 2.9900591773912311 2.2200167169794436 0.43702274840325106 0.38992784637957811 6.7851665103808072 1.0843131886795165 1.1593498941510914 2.5494679594412446 42.592546829022467 0.40555639611557026 0.47622297704219818 11.503648555837568 0.40757577214390117 0.83037856360897666 23.2726030042395 0.58038245141506195 21.600968486629426 4.2035456718876949 0.59822516236454237 8.150340345688166
leaf_count=107470 6080 3534 6463 20 33 5713 3749 389 25 384 78 154 26 19 419 38 27 34 4959 30 46 1329 33 40 1153 31 572 175 26 132
internal_value=-0.00236618 0.0765011 -0.0368979 0.00961592 0.145468 0.0889195 0.0595785 0.108787 0.100923 0.136484 0.22327 0.0923716 0.244204 0.553174 0.117282 0.319206 0.479646 0.240688 0.00219983 0.0253005 0.402368 0.0192002 0.087917 0.137383 0.161584 0.408367 0.0901308 0.127658 0.238645 0.109745
internal_weight=1075.24 327.428 747.815 103.141 5.339 280.678 81.4887 5.00074 199.189 46.3759 8.40218 45.7098 3.04697 0.826951 37.9737 5.41212 1.77834 3.63378 97.8025 55.3856 0.881779 54.5038 11.9112 31.4685 24.6834 1.41076 152.813 34.5531 4.80177 29.7513
internal_count=143181 22409 120772 13302 442 16329 7482 422 8847 2229 202 3948 199 45 2027 124 52 72 12860 6397 76 6321 1362 1643 1224 71 6618 905 201 704
is_linear=0
shrinkage=0.05


Tree=6
num_leaves=31
num_cat=0
split_feature=4 10 10 6 6 28 13 10 28 3 15 12 3 9 18 13 6 28 2 2 7 3 27 12 12 10 2 15 7 8
split_gain=1025.55 89.7488 89.5533 41.985 33.312 30.3383 42.5499 31.6268 27.0605 26.538 34.6575 25.7655 38.0715 37.1031 25.63 25.141 47.6895 23.9727 39.2805 36.3719 34.8184 29.5163 51.0937 49.03 181.971 73.6482 49.4475 56.0047 33.6338 31.7934
threshold=0.0043683362986445219 0.0044225081665325945 0.0026614534494579186 0.0033551468446156559 0.001501106634244153 -0.012174095339426953 363.50000000000006 0.0027244403750363304 0.01774322854497817 -0.029545204642209718 0.40149648798308407 0.49732142857142597 0.092071590684926777 1.0822579884909835 0.0066761584031729557 245.50000000000003 0.00094853826231464848 -0.017819113944321667 -0.024885363267038715 -0.0089415598882816565 0.0024263824708743724 0.0099536670817925738 4.3310818723095892 0.56715714285714014 0.47359642857142764 0.0085754649833365559 -0.0069970433611787333 0.70617970216345738 0.0015321871049781774 1.0309533671063176
decision_type=2 2 2 2 2 2 2 2 2 2 2 2 2 2 2 2 2 2 2 2 2 2 2 2 2 2 2 2 2 2
left_child=2 4 15 5 14 6 7 -4 9 10 -6 12 13 -10 -2 16 -1 19 -19 -3 -21 22 28 24 26 -26 27 -24 -20 -30
right_child=1 17 3 -5 8 -7 -8 -9 11 -11 -12 -13 -14 -15 -16 -17 -18 18 21 20 -22 -23 23 -25 25 -27 -28 -29 29 -31
leaf_value=0.051790257683501685 0.012142161210368161 0.10786035929208115 0.55588422122623393 0.58345433580802619 0.1858964905033621 -0.0033341940574879644 0.73042553510529817 0.055978457603798853 0.151337444681234 0.031798064232097488 0.014001724392337326 0.075381104072112917 -0.022237026698184399 0.62570354133244654 0.38820628098723287 -0.045044981482142303 1.1438572963730089 0.025072710349851052 0.055899313294722877 0.12536614850644179 0.52848471890445969 0.071994892454709719 0.20232427707742093 0.12665644702853368 0.58693670170695833 1.5706994746098319 -0.05227755662675683 1.0271581165610071 0.18862714860137508 0.058507445577904132
leaf_weight=0.48973062913864751 84.116467676125467 40.991873501800001 0.32947737537324062 0.31539895990863343 7.2760559520684165 85.858621140010655 0.25592089537531215 7.9632377605885267 0.72337427083402805 37.87965344125405 4.911839444655925 3.1330511933192611 0.67770628165453661 0.9583025430329144 0.45552285201847453 609.2243936797604 0.12560938019305468 30.446221445687115 22.226873304694891 1.1149887545034283 1.0309128537774084 103.29559932742268 0.79034233372658536 3.8005400118418038 0.39167279750108708 0.3699414050206542 1.1814897777512661 0.27824401296675205 13.768389959819617 7.1233134805224827
leaf_count=81 9485 1307 28 30 413 11439 25 704 22 3536 280 145 13 37 33 106205 20 1443 1590 33 22 4808 62 193 23 20 67 18 769 330
internal_value=-0.0023956 0.0653862 -0.037697 0.00753361 0.0339269 0.00560956 0.0954365 0.0758402 0.0640039 0.0524465 0.116621 0.169358 0.294152 0.421655 0.0141677 -0.0447223 0.274714 0.0848229 0.0769451 0.118365 0.319028 0.0872522 0.118816 0.246066 0.396752 1.06478 0.170635 0.417099 0.0987121 0.144261
internal_weight=1071.5 366.942 704.562 94.7227 140.132 94.4073 8.54864 8.29272 55.56 50.0675 12.1879 5.49243 2.35938 1.68168 84.572 609.84 0.61534 226.81 183.673 43.1378 2.1459 153.226 49.9308 6.81223 3.01169 0.761614 2.25008 1.06859 43.1186 20.8917
internal_count=143181 24649 118532 12226 13964 12196 757 732 4446 4229 693 217 72 59 9518 106306 101 10685 9323 1362 55 7880 3072 383 190 43 147 80 2689 1099
is_linear=0
shrinkage=0.05


Tree=7
num_leaves=31
num_cat=0
split_feature=10 11 11 8 13 13 11 7 11 12 11 12 11 5 18 14 10 2 12 2 3 12 27 12 13 27 29 30 27 14
split_gain=898.043 90.5807 74.387 37.3708 36.6265 26.1479 28.7726 27.4644 35.727 27.4625 42.5023 37.5569 35.5729 29.11 27.7818 32.5063 25.8775 25.281 30.0225 25.2733 22.9727 22.9471 22.8037 22.342 45.9187 29.239 23.0918 29.9063 22.2029 26.3507
threshold=0.0030466001574620126 0.0037320645243364586 0.002652314908080333 0.59174150934670788 245.50000000000003 319.50000000000006 0.022623786894630984 0.005386040257261567 0.013368611917662736 0.2361535714285711 0.0086250486813295134 0.23388514285714243 0.0049526741034254243 0.0016216623748282132 0.0045493802732059661 34.500000000000007 0.0094808622298747126 0.011655726668899915 2.0699892857142821 0.014409455114638427 -0.0066608924967690433 0.68606785714285545 4.7971115569381606 2.2197250000000035 247.50000000000003 0.47324518311386982 -0.28958011662880667 -5.8812992357619471 1.4750133498406264 88.500000000000014
decision_type=2 2 2 2 2 2 2 2 2 2 2 2 2 2 2 2 2 2 2 2 2 2 2 2 2 2 2 2 2 2
left_child=2 -2 4 -3 -1 6 7 -5 21 10 11 -7 14 -14 -11 -16 -8 -4 -19 -20 -15 22 28 -18 -25 -26 -27 -28 29 -9
right_child=1 3 17 5 -6 9 16 8 -10 12 -12 -13 13 20 15 -17 23 18 19 -21 -22 -23 -24 24 25 26 27 -29 -30 -31
leaf_value=0.56826243458787817 -0.0064260407978105607 0.030314085797461955 -0.01596905775874799 0.049234102578456666 -0.046458427171639879 0.12835572679733009 0.067977966806668996 0.50280625977084514 0.04275704214470339 0.018883046337866201 0.55033682242375204 0.65449070755184691 0.20825271698266881 0.13596981994655927 0.68627461992932515 0.090656698739220373 0.10950365170195038 0.019191294141515672 0.63043544916478567 0.14057461018053874 0.055659436358091223 0.10117440058819749 0.52863495877876776 0.60955035919082412 -0.017375863046003501 0.011981210758600404 0.18860478713212273 0.53217848787831523 -0.051167275996972933 0.11795946614531444
leaf_weight=0.24242690997198124 47.679461920168251 57.314675325993448 129.71405152883381 146.96654824027792 522.74768684618175 8.3015368944033927 31.779543756041676 0.90130907855927833 5.687702588737011 18.574851915240291 0.71740507055074054 0.35363247105851847 6.9161303071305147 17.961873229127374 0.33899014350026735 0.70646463986486197 17.117211636155847 23.764325554016981 0.29372813273221199 2.5419641989283264 17.658642926719043 2.2977069299668074 0.85903614666312922 0.68041697144508262 1.4484883481636641 0.78721347730606783 1.6565001364797356 1.0254764128476384 0.54772483743727196 0.87815936747938395
leaf_count=31 6092 4037 19663 9244 95656 499 817 35 156 1456 13 16 362 563 17 46 296 2873 36 163 740 113 25 23 45 29 48 27 27 33
internal_value=-0.00243265 0.0581306 -0.0371279 0.0671444 -0.0461735 0.074573 0.0657761 0.054979 0.130556 0.100723 0.180507 0.149853 0.0886929 0.114382 0.0329983 0.283787 0.0971078 -0.0068633 0.0375406 0.191316 0.0961565 0.221617 0.308472 0.137862 0.224571 0.171305 0.250085 0.319973 0.227203 0.312886
internal_weight=1068.46 389.157 679.304 341.477 522.99 284.163 212.633 158.138 11.1716 71.5295 9.37257 8.65517 62.157 42.5366 19.6203 1.04545 54.4949 156.314 26.6 2.83569 35.6205 5.48394 3.18623 22.7153 5.5981 4.91768 3.46919 2.68198 2.32719 1.77947
internal_count=143181 24759 118422 18667 95687 14630 10918 9633 389 3712 528 515 3184 1665 1519 63 1285 22735 3072 199 1303 233 120 468 172 149 104 75 95 68
is_linear=0
shrinkage=0.05


Tree=8
num_leaves=31
num_cat=0
split_feature=4 11 10 28 6 11 13 13 28 11 29 11 12 10 7 7 29 9 12 10 30 6 2 29 2 30 10 8 7 8
split_gain=817.535 96.3988 70.9551 29.8605 32.092 28.2569 25.2341 22.3809 26.0533 33.5346 25.0836 29.5123 34.0868 23.8806 48.5283 26.1994 30.7202 21.9124 20.2984 20.1519 22.772 19.8016 22.6476 51.7917 18.9624 28.9563 37.3095 80.1303 20.1389 28.5049
threshold=0.0041149998866559625 0.0036543222035570811 0.0026614534494579186 -0.017819113944321667 0.00012495290600750749 0.016895171655248873 244.50000000000003 324.50000000000006 0.0059814736393000176 0.022623786894630984 0.11427029873472917 0.003805697753778398 0.3501500000000009 0.0017641621687165302 0.0012851748435372254 0.0018606275389383426 -0.32847087885004778 0.91492359736330475 2.9037142857142872 0.0023961299346098247 0.28266088382486954 0.0024675599884197391 -0.013002737244608207 -0.15849154845774763 -0.0044194328420913412 0.55870079840994591 0.0040093119436789065 0.73035340689277162 0.0042438034961590375 0.66041466203504295
decision_type=2 2 2 2 2 2 2 2 2 2 2 2 2 2 2 2 2 2 2 2 2 2 2 2 2 2 2 2 2 2
left_child=2 -2 6 17 -5 21 -1 8 9 10 11 12 -6 14 -9 -15 24 -3 -8 -11 -21 -4 23 -23 -17 26 27 -26 29 -28
right_child=1 3 5 4 7 -7 18 13 -10 19 -12 -13 -14 15 -16 16 -18 -19 -20 20 -22 22 -24 -25 25 -27 28 -29 -30 -31
leaf_value=0.59191625689059979 -0.0052637035623992199 0.14855050875220124 -0.0077845164083548803 0.011197380565694255 0.9247013630639378 0.11978775339166843 -0.045710610462120937 0.80668931018051093 0.072108007593060242 0.38601207646763563 -0.0039120287364806357 0.04479641900075066 0.10243351283674616 0.053435997308932816 0.088546109039499443 0.086476773802314388 0.090556130663917933 0.076938084628810355 0.087308355006569818 0.12967236694519332 0.02439000717021092 0.035027808757753402 0.028857682959502685 0.81235094325985246 1.0478026917887422 0.01096417912426316 0.037371949426441307 0.15052519997409328 0.015133743885922701 0.47480583577094282
leaf_weight=0.15554824937134881 64.178614153061062 13.773483044467865 78.484132470563054 37.097223035059869 0.2050801832228889 4.9605693579651406 548.60840404033661 0.34995390381663927 99.505992856342345 0.57044815411791461 43.402376973070204 45.200599445495754 0.32700976077467203 29.007569992914796 0.71764959348365664 1.8066805461421607 17.048744154628366 47.592095498926938 2.8830458479933432 12.056840160861613 8.9476288477890176 0.55870170937851071 1.8790052286349226 0.3476131237111989 0.50024264678359331 0.80751053616404522 0.55368451867252622 0.49506003735587001 0.71534045226871956 1.1375947883352635
leaf_count=11 8877 483 10460 2561 22 330 104481 40 4352 38 2850 3343 38 1781 74 92 788 1342 249 343 206 28 175 29 28 51 19 33 16 41
internal_value=-0.00242353 0.0512108 -0.0382425 0.0612282 0.0547366 0.00393636 -0.0448356 0.0608697 0.0535412 0.0368534 0.0233148 0.0491543 0.419355 0.0898604 0.323949 0.0850611 0.124834 0.0930115 -0.0450152 0.092787 0.0848235 -0.00313504 0.127877 0.333167 0.221974 0.280129 0.34402 0.6015 0.237534 0.3316
internal_weight=1063.87 425.997 637.877 361.819 300.453 86.23 551.647 263.356 210.216 110.71 89.1351 45.7327 0.53209 53.14 1.0676 52.0724 23.0649 61.3656 551.491 21.5749 21.0045 81.2695 2.78532 0.906315 6.01611 4.20943 3.40192 0.995303 2.40662 1.69128
internal_count=143181 27418 115763 18541 16716 11022 104741 14155 11192 6840 6253 3403 60 2963 114 2849 1068 1825 104730 587 549 10692 232 57 280 188 137 61 76 60
is_linear=0
shrinkage=0.05


Tree=9
num_leaves=31
num_cat=0
split_feature=4 11 10 4 7 3 11 3 28 1 28 1 10 12 8 11 12 13 11 2 2 6 11 12 2 13 7 27 11 13
split_gain=733.4 89.0455 56.9539 25.4578 27.3732 23.1954 26.712 23.408 22.3217 46.0775 35.8959 26.965 24.3343 43.1004 20.0246 18.68 21.4607 20.3995 27.7651 59.8076 26.6221 22.3195 27.3227 19.322 18.3374 17.5567 25.5491 30.9303 34.7884 25.3127
threshold=0.0039310031455557825 0.0036543222035570811 0.0026614534494579186 0.0067706402426078944 0.00024419022615458104 0.040581287218310676 0.0047244771082493153 -0.093523690250257016 0.0061360626216674478 -0.0057365390828472132 -0.010417086285103209 0.0014493715107768426 0.0024709533140574069 1.3999499999999971 2.3399999005386092 0.0037320645243364586 2.9037142857142872 318.50000000000006 0.0055970502244025609 -0.013002737244608207 0.019317518528524594 0.0023867474251702951 0.004838329945114025 0.15855046428571387 1.0000000180025095e-35 324.50000000000006 0.0027529747368972989 1.277510055402187 0.0049526741034254243 358.50000000000006
decision_type=2 2 2 2 2 2 2 2 2 2 2 2 2 2 2 2 2 2 2 2 2 2 2 2 2 2 2 2 2 2
left_child=2 -2 -1 4 -3 7 -7 -6 10 -10 -8 -11 13 -13 -5 16 -4 21 23 -20 -21 -17 -23 24 -19 -9 -27 -28 29 -29
right_child=1 3 15 14 5 6 8 25 9 11 -12 12 -14 -15 -16 17 -18 18 19 20 -22 22 -24 -25 -26 26 27 28 -30 -31
leaf_value=-0.044881854613917332 -0.0062980560449387313 -0.014351408758713789 -0.033050662115999135 0.065907185840010693 0.14796497992843602 0.52296925379689019 0.39360658312373409 0.01285682783376761 0.60878204124954871 -0.051080122608608829 -0.021876707527979385 0.13676681420446143 0.10047648322494403 0.65835017920037675 -0.019955961613698295 -0.0050131832785455382 0.34630011130026372 0.099504883980904471 0.76708290653355271 0.056610803773174845 0.64286692088710118 0.61054440039781632 0.087627580979281056 0.013813030322061024 0.70869693631075537 0.038457065909384032 0.051910063291031289 -0.0508861248035479 0.57314185172239507 0.4060162736334193
leaf_weight=520.31084714317694 71.369491115678102 22.002029877156019 31.848580188117921 250.84731127042323 4.2624403126537791 0.34799294220283883 0.56198462052270759 56.517979976255447 0.45462628547103179 2.5621261112391904 6.9336749929934767 1.3320060316473235 13.412362577393649 0.56368283927440632 6.9792453665286294 35.052865775767714 0.3772374652326097 0.32964705210178902 0.42724781716242466 1.8627082458697262 0.21611247863620509 0.30223666457459231 1.4399309116415677 6.9441400994546711 0.19756174692884088 17.773903270252053 2.4288440323434761 0.69101013103500031 0.79948468506336201 0.54003321286290884
leaf_count=103377 10236 2041 5201 8633 224 17 31 4882 32 200 620 129 704 40 214 3841 26 24 25 188 12 23 90 705 21 1361 172 58 36 18
internal_value=-0.00241862 0.0450403 -0.0388759 0.0544591 0.0365273 0.0467802 0.0878272 0.033841 0.0819626 0.111695 0.00927402 0.0990493 0.124177 0.29186 0.0635829 0.000681646 -0.02861 0.0208633 0.0842751 0.228292 0.117558 0.00366843 0.178345 0.0359684 0.327788 0.027664 0.0653044 0.172311 0.31633 0.149547
internal_weight=1059.69 460.38 599.309 389.011 131.184 109.182 26.1685 83.0137 25.8205 18.3248 7.49566 17.8702 15.3081 1.89569 257.827 78.9983 32.2258 46.7725 9.97742 2.50607 2.07882 36.795 1.74217 7.47135 0.527209 78.7513 22.2333 4.45937 2.03053 1.23104
internal_count=143181 29648 113533 19412 10565 8524 1773 6751 1756 1105 651 1073 873 169 8847 10156 5227 4929 975 225 200 3954 113 750 45 6527 1645 284 112 76
is_linear=0
shrinkage=0.05


Tree=10
num_leaves=31
num_cat=0
split_feature=4 11 10 12 6 28 1 10 15 15 18 18 15 12 11 10 10 13 10 1 27 6 10 28 15 27 2 1 7 12
split_gain=666.722 73.0475 47.3739 26.0397 24.3208 24.1385 28.8046 22.3422 33.7315 22.0221 19.3995 22.2586 23.383 17.5598 35.5311 26.8174 40.543 39.4638 22.9161 17.271 22.5441 16.9005 18.6504 16.6615 27.1468 15.9644 15.8955 18.7845 17.9521 23.597
threshold=0.0039749690227207689 0.0036543222035570811 0.0026614534494579186 2.9037142857142872 0.00015117272135835638 -0.01482132142278182 0.0028413318033531092 0.0094808622298747126 0.69354837031737271 0.99584205014285931 0.00023715725414707434 0.00021777003484320869 0.65317533601929001 1.7798000000000038 0.014000966109848545 0.0043101614460675204 0.003328591448747063 310.50000000000006 0.0023459978841372298 -0.017984279177894465 0.06756686783194879 0.00049063801357271213 0.0094808622298747126 -0.023178235418512241 0.17647057785468054 2.0593180456901519 -0.022268317416491209 -0.017984279177894465 0.00089444531963729027 0.70766428571428475
decision_type=2 2 2 2 2 2 2 2 2 2 2 2 2 2 2 2 2 2 2 2 2 2 2 2 2 2 2 2 2 2
left_child=2 19 3 -1 -3 6 21 8 -8 10 11 12 13 26 -15 16 18 -18 -16 20 -2 -6 25 24 -4 -23 -7 28 -28 -30
right_child=1 4 23 -5 5 9 7 -9 -10 -11 -12 -13 -14 14 15 -17 17 -19 -20 -21 -22 22 -24 -25 -26 -27 27 -29 29 -31
leaf_value=-0.045718775913041562 0.52638593679703438 0.01648490250138674 0.045543700057601028 0.10543204966266106 -0.005111025992610453 -0.025332048123233308 0.52207402769408306 0.092159922290393284 0.12342508632111281 0.40070916847428689 0.023381559338312295 0.35419262797249262 0.069707691164899652 0.013013857228161506 0.39639994676469437 0.10014796194089669 0.90640928546717425 0.24803230582331662 -0.051182751350306421 -0.0096506991144625215 -0.050659914197347361 0.096451028189409177 0.047256261465666423 -0.0065433896189071462 0.5717925881041096 0.32285219595540876 -0.051125290953221707 0.028911947488301934 0.34101264939607595 0.023760298533594324
leaf_weight=497.08229070622474 0.34598610457032819 50.897139251232147 1.0340244602411974 2.8658394110389045 6.6617276216857126 13.084636826068161 1.043358746916055 2.2079218477010727 1.0798018444329498 0.43837602995335956 70.504558680579066 0.6145853316411366 103.17913484107703 11.659394401591273 0.4461435531266027 9.3310994086787087 0.41771413944661606 0.50012163165956736 0.79660700634121895 67.465918472968042 0.33136637648567557 37.265994246117771 27.705682925879955 79.384797480423003 0.32118175644427527 0.79525296483188768 0.82204311806708519 64.49102253979072 1.5188069567084315 0.9544504852965473
leaf_count=103520 20 3114 65 225 237 732 31 32 22 9 3522 34 4490 737 24 318 22 21 52 9774 28 1166 669 10247 21 26 46 3922 45 34
internal_value=-0.00318467 0.0407788 -0.0391132 -0.0448523 0.0488114 0.0534393 0.0782673 0.203521 0.319328 0.0466026 0.0460449 0.0537337 0.0528425 0.036114 0.0745092 0.136902 0.295635 0.547665 0.109498 -0.00712848 0.24409 0.0707774 0.0784644 -0.00357571 0.170264 0.101181 0.0251225 0.0348617 0.151301 0.218582
internal_weight=1055.25 474.559 580.688 499.948 406.416 355.518 76.7597 4.33108 2.12316 278.759 278.32 207.816 207.201 104.022 23.1511 11.4917 2.16059 0.917836 1.24275 68.1433 0.677352 72.4287 65.7669 80.74 1.35521 38.0612 80.871 67.7863 3.2953 2.47326
internal_count=143205 29127 114078 103745 19305 16191 2183 85 53 14008 13999 10477 10443 5953 1174 437 119 43 76 9822 48 2098 1861 10333 86 1192 4779 4047 125 79
is_linear=0
shrinkage=0.05


Tree=11
num_leaves=31
num_cat=0
split_feature=4 10 10 12 28 15 30 18 6 5 29 10 30 2 27 27 12 12 12 18 2 10 30 2 15 28 28 9 14 2
split_gain=603.497 46.6818 44.6908 23.2455 22.3293 25.7468 22.7866 19.5206 19.5011 26.2951 36.8354 21.5466 47.0345 16.5346 30.1714 18.9647 34.5525 16.998 16.3843 15.9606 15.5026 20.0925 18.928 15.2937 19.1748 19.5391 16.9493 14.4986 15.8494 25.5821
threshold=0.0039749690227207689 0.0026614534494579186 0.0030865221555023792 2.9037142857142872 -0.010417086285103209 0.65317533601929001 -0.76115889859344199 0.0096164089578737039 0.00287011128680882 0.0002392821539199178 -0.2508304096336213 0.0033858239654318404 -0.16775048487073782 0.0066394845507525843 0.45896591729847175 2.0593180456901519 2.2197250000000035 0.31714285714285834 0.17864642857142701 1.0000000180025095e-35 -0.010775912956872856 0.0027244403750363304 0.61668540400272776 -0.013725592139736285 0.66292419440309946 0.0017147763178240586 0.013783777089009111 0.56843526386997512 63.500000000000007 -0.0068040533376380044
decision_type=2 2 2 2 2 2 2 2 2 2 2 2 2 2 2 2 2 2 2 2 2 2 2 2 2 2 2 2 2 2
left_child=1 3 -2 -1 6 27 7 -4 19 10 -10 12 -11 15 -15 -8 17 -17 -13 23 21 22 -3 -7 25 -25 -27 28 29 -6
right_child=2 20 4 -5 5 8 13 -9 9 11 -12 18 -14 14 -16 16 -18 -19 -20 -21 -22 -23 -24 24 -26 26 -28 -29 -30 -31
leaf_value=-0.045498144904122267 0.0064938552217556362 0.14003140818199164 0.02737931236267406 0.090479791101862272 -0.025957319797724667 -0.017909619989053584 0.066771063560108243 0.2100886977302821 0.63367676284693164 -0.050959186449457849 0.094163294251100538 0.30910740531260233 0.72662633321009162 0.068091350851782223 0.33094671103800577 0.30413609259494101 0.45161817731534359 0.047500775620048979 0.063508734059697536 0.014970273959480227 -0.015260540274909057 0.026592207567617199 0.71778786960369767 0.61046707146605406 0.057653936335508242 -0.050746941268046866 0.42172029248782883 0.012820287701250759 0.026925182708991316 0.18250678698433756
leaf_weight=475.07511886069551 95.006092574913055 0.52326990291476505 41.079858443699777 3.1639142241328946 2.1041289754211903 6.7400297056883565 65.059062973596156 1.5158244464546431 0.51086300611495972 0.39241977175697684 0.83101874403655418 0.69274435983970661 0.38553411792963643 2.7640875922515979 1.8043268797919152 0.83059450332075302 0.88974190037697543 2.8908737432211637 34.410374535713345 39.760798405855894 62.414421538822353 17.380975141189992 0.19443509029224515 0.30248251138254889 68.739453591872007 0.47515680640935898 0.31610575318336487 105.70767785748467 13.321712022181599 4.8962134909816113
leaf_count=103520 11286 58 1412 225 116 266 2064 38 24 27 35 31 19 50 38 19 20 94 993 2038 8603 1659 13 25 3107 38 10 6227 858 292
internal_value=-0.00312227 -0.0386687 0.037294 -0.0445985 0.0446755 0.0370044 0.0630325 0.0338813 0.0507504 0.0822505 0.29956 0.0741236 0.334392 0.0797585 0.171908 0.0737161 0.171702 0.104779 0.0683555 0.0406714 -0.00344592 0.0372975 0.296553 0.0540168 0.0609588 0.268665 0.138002 0.0202561 0.0589342 0.119848
internal_weight=1050.18 558.752 491.427 478.239 396.421 279.587 116.834 42.5957 153.557 37.223 1.34188 35.8811 0.777954 74.2387 4.56841 69.6703 4.61121 3.72147 35.1031 116.334 80.5131 18.0987 0.717705 76.5732 69.8332 1.09375 0.791263 126.03 20.3221 7.00034
internal_count=143205 114078 29127 103745 17841 14106 3735 1450 6613 1129 59 1070 46 2285 88 2197 133 113 1024 5484 10333 1730 71 3446 3180 73 48 7493 1266 408
is_linear=0
shrinkage=0.05


Tree=12
num_leaves=31
num_cat=0
split_feature=11 4 12 14 4 3 2 29 12 2 28 7 14 11 1 29 6 7 4 27 12 7 0 10 14 11 12 2 11 2
split_gain=550.83 79.2743 25.3396 24.3655 22.5279 21.1629 21.0672 21.6731 41.7166 19.2632 19.0543 19.6623 18.5769 23.8684 17.8729 19.4924 17.8963 17.0851 20.6195 28.0219 20.3526 17.9114 17.3022 15.7227 19.1318 24.2939 61.4174 15.5969 18.3873 15.5145
threshold=0.0033026480839622526 0.0039749690227207689 2.9037142857142872 76.500000000000014 0.0050078913543932938 0.069555623730114383 -0.0050574282044688048 0.73006749259875281 0.79847142857142883 0.023382661943320952 -0.01482132142278182 0.00069471606344924505 143.50000000000003 0.0013388451004601621 0.0042530881893460002 -0.32282846156420941 0.00046221400508431688 0.00032163855566980906 0.0052466007906921954 0.58254460819252707 0.8949821428571455 0.00021826076801073388 -0.0023987105220802936 0.0026614534494579186 41.500000000000007 0.0043127531055747875 0.844653571428572 -0.024885363267038715 0.032490297677375199 -0.006618686078439572
decision_type=2 2 2 2 2 2 2 2 2 2 2 2 2 2 2 2 2 2 2 2 2 2 2 2 2 2 2 2 2 2
left_child=2 5 4 29 12 23 -7 -8 -9 -6 14 -12 -1 -14 16 -16 -3 18 19 22 21 -20 -18 24 25 -2 -27 28 -13 -4
right_child=1 10 3 -5 9 6 7 8 -10 -11 11 27 13 -15 15 -17 17 -19 20 -21 -22 -23 -24 -25 -26 26 -28 -29 -30 -31
leaf_value=-0.045552525828644906 0.029365282976463764 0.0089139712251066136 0.2791630820390269 0.35633330792618034 -0.0012350540679010769 0.54297849795731845 0.012051685283983017 -0.051131018329570947 0.64582730235034669 0.5287493393945808 0.015000035451560638 -0.0079520491364620301 0.6437993014522404 0.031743433460078511 0.26888023367013819 0.060834722185217599 0.71562601344819443 0.054982165025051578 0.11980350592345496 -0.050893899666901977 0.028199318214360426 0.34366430683048532 0.26589228104943163 0.0057402514464190415 -0.040342688623423377 -0.050450937580271527 1.2586056349276546 0.045952476998901259 0.11808469477866029 -0.051810232202073307
leaf_weight=459.91958918608725 1.2544685876928259 17.221224880311638 0.45327395526692327 0.7313589323312043 26.41705902339891 0.25272833695635188 3.1720567010343066 0.43207384785637248 0.4267653739079833 0.17257205117493768 93.557217041496187 25.004436493385587 0.2158304825425138 0.60801731655374169 2.0861524045467377 2.4458843953907481 0.39079956198111176 63.38446548441425 4.4540067212656123 0.36936624953523278 5.3536554351449013 1.1177825424820182 0.47234914870932587 51.321325169876218 45.318250959273428 0.21676755603402842 0.15273448312655091 233.50651403749362 3.2724871868267646 1.6178203118033698
leaf_count=103380 220 642 28 32 3412 28 320 40 16 15 6025 1185 14 81 32 35 22 1635 112 25 123 21 23 5589 9028 32 18 10919 62 91
internal_value=-0.00305387 0.0310493 -0.041683 0.108236 -0.0425451 -0.00864529 0.100144 0.0723792 0.295194 0.00220465 0.0400423 0.0346742 -0.0451276 0.192089 0.0596473 0.156601 0.0549106 0.0653963 0.119689 0.313555 0.0978191 0.164713 0.469514 -0.0133878 -0.0343002 0.134322 0.49065 0.0417055 0.00663418 0.0206257
internal_weight=1045.32 555.184 490.136 2.80245 487.333 102.547 4.28362 4.0309 0.858839 26.5896 452.636 355.341 460.743 0.823848 97.2957 4.53204 92.7637 75.5424 12.158 1.23251 10.9254 5.57179 0.863149 98.2635 46.9422 1.62397 0.369502 261.783 28.2769 2.07109
internal_count=143205 36152 107053 151 106902 15291 404 376 56 3427 20861 18191 103475 95 2670 67 2603 1961 326 70 256 133 45 14887 9298 270 50 12166 1247 119
is_linear=0
shrinkage=0.05


Tree=13
num_leaves=31
num_cat=0
split_feature=11 4 11 13 1 10 28 7 6 6 10 10 2 1 2 8 11 8 11 18 14 29 9 4 27 11 27 6 20 13
split_gain=504.802 68.2707 24.0833 18.3136 25.6309 17.1241 15.4175 16.4016 14.2622 28.7398 13.7897 15.3263 17.3725 13.1211 12.943 19.0507 15.3324 19.5708 12.9235 22.301 20.3013 28.2216 22.0729 16.2717 16.6466 15.5254 15.1948 14.5064 14.2184 12.6946
threshold=0.0033026480839622526 0.0039749690227207689 0.0021524930485861409 242.50000000000003 -0.0057365390828472132 0.0025232357656267937 -0.01482132142278182 0.00069471606344924505 0.00049063801357271213 0.0005469770142237264 0.0094808622298747126 0.0072411951399253835 -0.0043208144302688814 -0.0012608360329973143 -0.024885363267038715 1.2462224262200754 0.032490297677375199 0.96135898185554025 0.012157064833508464 0.0039471243025414292 135.50000000000003 -0.17027439686423076 0.74763737682972731 0.0082886992840119755 0.17711511572377395 0.0071684164384133407 0.15959217004113388 0.0022529667274375047 1.0000000180025095e-35 246.50000000000003
decision_type=2 2 2 2 2 2 2 2 2 2 2 2 2 2 2 2 2 2 2 2 2 2 2 2 2 2 2 2 2 2
left_child=2 5 29 4 -4 -2 8 -8 13 -10 11 18 -13 -3 16 -16 -9 -18 19 20 22 -22 23 24 -11 27 -21 -26 -24 -1
right_child=1 6 3 -5 -6 -7 7 14 9 10 -12 12 -14 -15 15 -17 17 -19 -20 26 21 -23 28 -25 25 -27 -28 -29 -30 -31
leaf_value=0.16725611424601786 -0.032026299487657117 0.0041361915929338583 0.7374285557522704 -0.022470934925693607 -0.050498842300672302 0.0093773462486284823 0.01404957047751592 -0.0076040521982855651 0.31946239660603992 0.41181950779860088 0.034655664949567892 0.10423366894389492 0.29195306847183056 0.18631004565102915 0.04902012436715452 0.014238366536999584 0.028479102323423541 0.28782677692044772 0.023078733022025261 0.091200333515872409 0.028088880871841932 0.50145254339461909 0.0083453805916082445 0.022797357976744356 -0.051413969591820756 0.29881951000631685 0.40425971639399888 0.21847478425735428 0.14594888776758164 -0.048112995960972516
leaf_weight=0.68553123995661636 43.823946494143456 17.57780583109707 0.19023803295567632 113.01234045717865 0.22562181344255705 58.055844490882009 94.857487192377448 24.845480217132721 1.0764112453907717 0.75402996223420915 33.388389088213444 9.4282984184101206 1.4178344048559655 1.0472992197610427 193.37452709488571 49.432117433287203 2.5068168621510263 1.0247853994369505 13.939066244754938 0.69533059932291397 0.62678456958383322 0.63272598199546226 13.201416114345191 1.9132192172110078 1.1318381889723248 1.1286167148500679 0.87579071614891291 0.88890830799937237 2.188513151369988 356.31435493892059
leaf_count=42 8922 636 18 21826 25 6369 6025 1185 38 30 691 158 13 36 8718 2201 41 21 353 19 24 25 437 33 54 29 27 19 48 85142
internal_value=-0.00298836 0.0286586 -0.0413226 -0.0212522 0.309944 -0.00843258 0.0367338 0.0319451 0.0539338 0.062779 0.0594182 0.0763527 0.128773 0.0143799 0.0382047 0.041939 0.00625245 0.103736 0.0613813 0.0835929 0.0708569 0.265887 0.0592735 0.142249 0.200797 0.150273 0.265709 0.0673077 0.0279132 -0.0476994
internal_weight=1040.26 569.833 470.428 113.428 0.41586 101.88 467.953 366.041 101.912 83.2872 82.2108 48.8224 10.8461 18.6251 271.184 242.807 28.3771 3.5316 37.9762 24.0372 22.4661 1.25951 21.2065 5.81661 3.90339 3.14936 1.57112 2.02075 15.3899 357
internal_count=143205 36152 107053 21869 43 15291 20861 18191 2670 1998 1960 1269 171 672 12166 10919 1247 62 1098 745 699 49 650 165 132 102 46 73 485 85184
is_linear=0
shrinkage=0.05


Tree=14
num_leaves=31
num_cat=0
split_feature=11 4 3 11 12 11 28 9 4 3 12 1 7 13 8 13 28 1 7 14 15 28 12 11 8 5 8 12 5 27
split_gain=463.466 58.9287 25.4594 24.2879 24.9351 29.0726 16.0278 15.8148 15.5492 17.3481 17.4675 54.1999 129.812 12.8609 57.4593 27.3774 11.2366 12.8707 12.868 16.5008 25.6152 12.662 12.5503 17.2971 30.8709 43 15.2495 29.267 25.507 22.4736
threshold=0.0033026480839622526 0.0042119214609574046 0.069555623730114383 0.0021524930485861409 2.9037142857142872 0.0023940373611216824 -0.010910699665557794 0.70114373424835763 0.0050078913543932938 0.029794296398542922 0.15855046428571387 0.0063444730604587116 0.00088508871375961404 308.50000000000006 0.74510962804203207 311.50000000000006 -0.01482132142278182 0.0025135627668597675 0.00079960671207021238 12.500000000000002 0.37499992968749252 0.029894066988409861 0.33292499999999903 0.0034612222506237721 0.99524988554648064 0.0030699959066721682 0.71136853046619941 0.30812857142857003 0.0021936683129289568 0.22690061850529344
decision_type=2 2 2 2 2 2 2 2 2 2 2 2 2 2 2 2 2 2 2 2 2 2 2 2 2 2 2 2 2 2
left_child=3 2 6 -1 8 -6 -2 -4 -5 10 11 -10 -13 -9 -15 -16 17 -3 19 20 -18 -21 23 24 25 -20 27 29 -29 -25
right_child=1 16 7 4 5 -7 -8 13 9 -11 -12 12 -14 14 15 -17 18 -19 22 21 -22 -23 -24 26 -26 -27 -28 28 -30 -31
leaf_value=-0.047568439432395478 0.036251913715898865 0.044017252662388706 0.006708613555189734 -0.033570340271395362 0.44069545452170927 0.036612925139798178 -0.018833817141906857 0.073119692352419274 0.012644560424292788 0.3518831376464957 -0.0067753118596837122 -0.051098154709472557 1.7262289545232818 1.1569414352036995 0.47706183929338852 0.0056773444087544261 0.59805697277301728 0.11333813385877263 0.12372062951503048 0.0086375273707572902 0.034599450896248302 0.080209801059415248 0.031196430733442748 0.25129173301953966 -0.05052580624529817 1.044294444987401 0.039580660381703832 0.50449871411199287 0.091981662178211257 0.035718730341346261
leaf_weight=340.51686338102445 15.379628628958015 97.853253832086921 2.5899182641878715 86.978105161339045 0.60196761088445727 1.7084355144761501 93.385223580989987 1.5504142008721831 1.585730835795409 0.37256860267370839 19.451642327941954 0.26237181853502978 0.1688518007285893 0.16560636367648829 0.47336604865267851 0.88184454757720232 0.3081985292956223 7.1878385990858069 0.28555396338924666 94.9524238971062 0.5837395372800529 6.6096624601632348 218.46334964875132 1.4689187938347439 0.40641363710165024 0.22823996329680085 32.696763204410672 0.80879771802574285 0.69822396151721478 6.8324543945491314
leaf_count=85184 1355 2499 242 18968 15 111 14756 78 207 33 2487 27 21 16 38 87 22 101 25 5921 38 142 8883 57 45 19 1435 37 36 320
internal_value=-0.00291256 0.0265097 -0.00566384 -0.0409446 -0.0206481 0.141895 -0.0110446 0.0977132 -0.0240992 0.0136179 0.0077476 0.147808 0.64484 0.174456 0.277764 0.170329 0.034353 0.0487608 0.0301992 0.0151759 0.229295 0.0132955 0.0360765 0.0606267 0.275095 0.532662 0.0559837 0.110664 0.313374 0.0738641
internal_weight=1035.46 583.81 114.426 451.647 111.13 2.3104 108.765 5.66115 108.819 21.8412 21.4686 2.01695 0.431224 3.07123 1.52082 1.35521 469.384 105.041 364.343 102.454 0.891938 101.562 261.889 43.4254 0.920208 0.513794 42.5052 9.80839 1.50702 8.30137
internal_count=143205 36152 16572 107053 21869 126 16111 461 21743 2775 2742 255 48 219 141 125 19580 2600 16980 6123 60 6063 10857 1974 89 44 1885 450 73 377
is_linear=0
shrinkage=0.05


Tree=15
num_leaves=31
num_cat=0
split_feature=10 4 4 12 3 4 18 3 13 8 3 4 14 30 2 12 9 28 2 12 10 8 12 28 14 1 9 15 7 12
split_gain=422.073 59.6461 24.8019 17.7444 24.3844 16.956 17.8115 15.0855 20.7128 28.38 17.9152 16.7666 21.5042 17.9827 23.0892 21.2768 16.0809 14.4915 20.0942 17.114 24.8801 34.7825 16.6118 14.4272 16.234 24.2759 14.0085 20.3783 15.9794 40.06
threshold=0.0030466001574620126 0.0039310031455557825 0.0029374737725555654 1.7798000000000038 0.092071590684926777 0.0097941211491557219 0.00053105668663971418 0.04696746947722797 245.50000000000003 1.0084284355057969 -0.093523690250257016 0.0080135968988739956 78.500000000000014 0.57726780543768486 -0.020138387848517066 2.2197250000000035 0.84637798557092825 0.016109309828334879 -0.024885363267038715 0.844653571428572 0.0039231233614341688 0.89700571053966216 0.67543571428570925 -0.011505472540621144 40.500000000000007 -0.0021085164847287059 0.46033510151516022 0.71428570408162273 7.3723788568344858e-05 1.3570678571428603
decision_type=2 2 2 2 2 2 2 2 2 2 2 2 2 2 2 2 2 2 2 2 2 2 2 2 2 2 2 2 2 2
left_child=1 3 -2 23 -5 6 7 10 9 -9 11 12 -4 14 -14 -16 -12 18 -10 20 21 -19 -22 24 25 -1 27 -20 29 -28
right_child=2 -3 5 4 -6 -7 -8 8 17 -11 16 -13 13 -15 15 -17 -18 19 26 -21 22 -23 -24 -25 -26 -27 28 -29 -30 -31
leaf_value=0.098153915702905742 -0.017714645228208318 0.0011247738994398201 0.020908207391828304 0.012940760097349359 0.48997031389204626 0.045105286946105737 0.00047558008548455219 0.079839028736573642 0.32588875730428096 0.3996042877888043 0.036018448481639175 0.021976847408333628 0.072223338184916136 0.38122171652190945 0.50087105405252186 0.10434666972374157 0.0065092471478603439 0.51179116610040232 0.063988763490192849 0.030958468719052321 0.050725179499352763 0.086996063706754834 0.20347423953548338 -0.044696922085013316 -2.2443624281247643e-05 0.74262217173818645 -0.05134883792026064 0.45506026290921864 -0.010575206214676038 0.4983636535098353
leaf_weight=0.65771638252772391 25.870100771076977 97.940586231183261 3.4321793336421269 8.5835999990813399 0.27652361895889122 172.57720419950783 57.637613743077964 2.2814349681138988 0.52688322961330669 0.99717657826840866 88.156019838992506 8.3007395099848491 3.4826499409973621 0.9231990985572337 0.72264976333826758 0.63608247227966785 96.928880447056144 0.88550967071205633 2.1239805407822163 11.222025018651037 7.8572276076301915 1.0571928843855856 2.3012148095294833 408.61333713470958 3.9577089608646929 0.18785540852695604 0.84309213561937457 0.39507953729480494 20.177183432038873 0.54608880914747715
leaf_count=97 3303 11342 128 1196 14 3774 3964 96 14 38 5526 120 103 31 23 19 5965 28 106 314 216 27 48 104942 665 5 49 23 963 32
internal_value=-0.00234417 -0.0340301 0.0299841 -0.0421838 0.0278288 0.0325335 0.0255671 0.0312654 0.0555099 0.177094 0.0251362 0.0734953 0.119994 0.17899 0.140426 0.315241 0.0205645 0.0471939 0.0204321 0.0754349 0.11668 0.280623 0.0853278 -0.0436842 0.0424656 0.241331 0.0137501 0.125323 0.000717837 0.164744
internal_weight=1030.1 520.217 509.881 422.277 8.86012 484.011 311.434 253.796 51.2141 3.27861 202.582 17.4975 9.19676 5.76458 4.84138 1.35873 185.085 47.9355 24.6123 23.3232 12.1011 1.9427 10.1584 413.417 4.80328 0.845572 24.0854 2.51906 21.5664 1.38918
internal_count=143171 118261 24910 106919 1210 21607 17833 13869 1954 134 11915 424 304 176 145 42 11491 1820 1187 633 319 55 264 105709 767 102 1173 129 1044 81
is_linear=0
shrinkage=0.05


Tree=16
num_leaves=31
num_cat=0
split_feature=11 4 11 13 2 13 4 11 13 8 13 11 11 12 11 1 2 5 3 30 6 1 6 5 8 30 0 13 11 9
split_gain=404.734 44.4396 21.7919 20.4364 23.1733 15.3038 14.8713 13.649 13.1622 19.3381 13.1557 25.6136 15.8722 12.1701 18.2389 12.1333 22.0464 22.4566 11.6271 35.8155 11.4476 14.5728 13.6018 10.7681 10.3294 22.0219 11.4981 10.2922 13.4919 10.256
threshold=0.0033026480839622526 0.0041636088470934666 0.0021524930485861409 246.50000000000003 -0.0017489624802545232 319.50000000000006 0.0097941211491557219 0.016895171655248873 313.50000000000006 1.1403551433846923 326.50000000000006 0.0075201964696522969 0.014000966109848545 2.9037142857142872 0.0024866580864542245 0.0092584308792090803 -0.0039394588091769536 0.00069103676458563332 -0.023372317260029692 0.3481813378551018 0.0024675599884197391 -0.0090585384998085865 0.0027449932079720864 1.0000000180025095e-35 1.9461282186751137 -1.2619863376027434 -0.0039291678229355633 242.50000000000003 0.0025666593123410846 0.37536241884519689
decision_type=2 2 2 2 2 2 2 2 2 2 2 2 2 2 2 2 2 2 2 2 2 2 2 2 2 2 2 2 2 2
left_child=2 5 3 4 -1 7 10 20 9 29 12 15 -3 27 -15 -12 -17 -18 19 -5 -2 22 -22 -7 26 -26 -14 28 -4 -9
right_child=1 6 13 18 -6 23 -8 8 -10 -11 11 -13 24 14 -16 16 17 -19 -20 -21 21 -23 -24 -25 25 -27 -28 -29 -30 -31
leaf_value=-0.051114901998700196 -0.02544525397242316 0.0096220793557957023 0.39740770825182042 -0.050276712020823039 0.50379666090400466 0.21845137601624229 0.041528686161812545 0.23448644340558575 -0.050920098950200991 0.35326130676703815 0.023118887488799558 0.14753241654365934 -0.010255375816160681 0.26088928695152569 -0.018301838758214273 0.33736564914004097 0.22462354327310902 0.032469756874304735 -0.047769329574244408 1.1410874116289811 0.38864682492594377 -0.005208602432579733 0.039222364637756767 0.02393417529803487 0.010804285818153304 0.42922454249633812 0.04334356615523749 -0.024568270550201297 -0.050896548223832508 0.027702456651930635
leaf_weight=0.39509472530335188 74.128552169539034 169.22140771476552 0.33353649592026968 0.25391889037564297 0.35917415376752515 0.73319972911849873 182.39520250912756 0.69629741040989568 2.4015469020232558 0.61601365450769652 51.331382645759732 5.3831040281802407 11.92201112071052 0.94952087057754342 1.5236591859720645 0.76737083587795574 1.7851456180214853 10.256209277547894 309.84113956638612 0.083938187221065164 0.56652684463188074 2.1914023580029598 0.54780222568660975 24.021109117660671 0.79625826235860586 0.5197086976841081 62.253554254304618 104.89222166431136 0.33780665276572108 4.3190609347075224
leaf_count=25 12302 9820 20 52 15 66 3782 43 215 38 3039 108 428 26 95 23 37 399 84936 18 19 214 22 3128 30 20 2087 21871 26 267
internal_value=-0.00229786 0.0237978 -0.0400959 -0.0468175 0.213128 -0.00492306 0.0301721 -0.0149498 0.0470872 0.0888833 0.0235802 0.0427741 0.0181272 -0.0207506 0.0888872 0.033982 0.0775164 0.0609568 -0.0474497 0.245709 -0.0213855 0.069652 0.21687 0.0296956 0.0371923 0.176049 0.0347288 -0.0233193 0.17183 0.0564109
internal_weight=1025.82 606.853 418.97 310.933 0.754269 110.222 496.631 85.4672 8.03292 5.63137 314.236 69.5232 244.713 108.037 2.47318 64.1401 12.8087 12.0414 310.179 0.337857 77.4343 3.30573 1.11433 24.7543 75.4915 1.31597 74.1756 105.564 0.671343 5.01536
internal_count=143171 36087 107084 85046 40 16314 19773 13120 563 348 15991 3606 12385 22038 121 3498 459 436 85006 70 12557 255 41 3194 2565 50 2515 21917 46 310
is_linear=0
shrinkage=0.05


Tree=17
num_leaves=31
num_cat=0
split_feature=11 10 11 28 14 13 13 29 27 3 11 2 12 30 7 11 12 6 12 15 11 30 9 12 12 9 10 12 12 0
split_gain=373.066 44.6698 21.9059 21.8433 35.2043 17.7257 16.2982 16.2041 15.2418 18.3194 25.1242 14.4456 14.0801 12.6981 21.2384 10.7249 10.6315 10.503 19.4351 19.8034 16.9392 14.8347 15.1633 17.2124 13.8603 12.8438 11.8873 24.374 10.4955 13.6765
threshold=0.0033026480839622526 0.0030067154541393989 0.0021524930485861409 -0.010910699665557794 24.500000000000004 356.50000000000006 246.50000000000003 -0.60806307909960056 0.50719213042888167 0.0012537361499409541 0.0037320645243364586 -0.027892000973000538 1.5646000000000038 0.60991437623559286 0.0019788531674460028 0.0060118007734692386 0.23162689285714108 0.0053048834445299058 4.0704964285714258 0.04568181714359381 0.010882286904025748 0.47185802357382067 0.81470740151383836 0.4280964285714271 0.86218571428571333 2.986530176083138 0.012112654483643853 0.45768571428572058 2.9037142857142872 0.00060403633978012305
decision_type=2 2 2 2 2 2 2 2 2 2 2 2 2 2 2 2 2 2 2 2 2 2 2 2 2 2 2 2 2 2
left_child=2 5 3 4 -1 12 16 -3 9 11 -11 -7 -2 17 -15 -14 -5 -9 19 24 21 22 23 -21 -19 -22 -24 -28 -4 -30
right_child=1 7 28 6 -6 8 -8 13 -10 10 -12 -13 15 14 -16 -17 -18 18 -20 20 25 -23 26 -25 -26 -27 27 -29 29 -31
leaf_value=0.87949533413581527 -0.020064719496323574 0.00035998300625556326 -0.022694395232510371 -0.051432715222335737 0.039998373294914756 0.32502667387099043 -0.047979852623536906 0.028493416958108676 0.00068013037935425041 0.79128836391533397 0.16069967887818024 0.031411260088523248 -0.032267475282474881 0.38034254786935101 0.018222115458322294 0.050883858995749758 0.29565666772082572 0.21993690589429013 0.20169075933124853 0.039381291220507778 -0.017831250801152203 0.27696568654031978 -0.0066361489796256936 0.32106518316278804 0.032164443625371526 0.066235596139502598 0.30184771052713982 0.01843868314060881 -0.051540960907622814 0.17688228368269943
leaf_weight=0.16127217491157253 86.543746776878834 46.467744763474911 103.17526631196961 0.35947138583287497 0.55343443411402404 0.5163324251770981 295.27617171779275 417.22138518933207 3.8442840473726392 0.23756557004526246 0.47137308912351727 2.2201367332600048 5.4083097442053285 0.69424514425918349 0.9715470802038908 13.703719301614909 0.57117920508608222 2.6198241394013158 2.1454354468733063 1.0520958779379701 15.022911579348149 0.89736147969961244 5.7126128720119578 1.1192657127976415 1.572740141302347 6.513238636776804 1.1259368211030962 2.3256441410630941 1.1576815047301345 1.5100149353966115
leaf_count=24 13188 2401 21917 17 109 5 84873 17450 339 30 30 139 628 29 19 1099 23 33 35 22 243 14 135 26 29 105 27 61 69 52
internal_value=-0.00224553 0.0221439 -0.0396932 -0.0466553 0.229429 -0.00628431 -0.0473214 0.0284962 0.0691258 0.145496 0.37201 0.0868123 -0.0114872 0.0313446 0.169142 0.0273537 0.161591 0.0308427 0.0552818 0.0470073 0.0342826 0.0812694 0.0657774 0.18458 0.149499 0.00759332 0.0376284 0.110889 -0.0201626 0.0777551
internal_weight=1021.17 618.407 402.764 296.922 0.714707 112.945 296.207 505.462 7.28969 3.44541 0.708939 2.73647 105.656 458.994 1.66579 19.112 0.930651 457.328 40.1071 37.9616 33.7691 12.2329 11.3356 2.17136 4.19256 21.5362 9.16419 3.45158 105.843 2.6677
internal_count=143171 36087 107084 85046 133 15458 84913 20629 543 204 60 144 14915 18228 48 1727 40 18180 730 695 633 285 271 48 62 348 223 88 22038 121
is_linear=0
shrinkage=0.05


Tree=18
num_leaves=31
num_cat=0
split_feature=11 4 11 4 3 2 13 13 11 30 12 13 27 7 29 3 3 11 14 15 27 12 12 5 4 12 0 13 14 29
split_gain=344.045 35.6565 22.0186 18.0495 16.0451 15.031 13.7456 13.2827 19.4563 16.4469 15.9685 19.4437 22.1616 16.9506 15.7419 16.321 15.6749 21.1893 24.0183 15.1254 15.1059 14.375 13.9945 13.8902 13.7385 23.0383 12.5754 12.5563 14.037 12.4228
threshold=0.0033026480839622526 0.002492278937732963 0.0021524930485861409 0.0082886992840119755 -0.093523690250257016 -0.090744461859279299 246.50000000000003 320.50000000000006 0.0064979135679519668 0.28266088382486954 0.71865714285714299 347.50000000000006 0.043558682353762736 0.0024983090315229598 -0.38827060155538218 -0.044008289501253843 0.043501378110771156 0.0064979135679519668 121.50000000000001 0.14634146266111578 0.92783440088431679 0.70766428571428475 1.5646000000000038 0.00076998587643631582 0.0027496168619273575 0.33637500000000037 -0.0039291678229355633 311.50000000000006 79.500000000000014 -0.60806307909960056
decision_type=2 2 2 2 2 2 2 2 2 2 2 2 2 2 2 2 2 2 2 2 2 2 2 2 2 2 2 2 2 2
left_child=2 5 6 4 26 -2 -1 16 10 22 14 -12 -13 -14 15 -9 19 18 -18 -6 -11 -16 -10 -15 25 -17 -3 28 -28 -5
right_child=1 3 -4 29 7 -7 -8 8 9 20 11 12 13 23 21 24 17 -19 -20 -21 -22 -23 -24 -25 -26 -27 27 -29 -30 -31
leaf_value=0.132255916491992 0.36740431364552573 -0.051763522327522883 -0.019566478096736846 -0.011720830084019397 0.0272068673424351 -0.031454271510151101 -0.047165826184209558 0.45124363407764811 -0.01185034347895962 0.21521449918925045 -0.033064175411844657 0.34076276937201611 -0.010024384312015133 0.00029167006694638301 0.017000792100621581 0.056194613586991342 0.36201298413475824 0.022605502970718963 -0.051892600270713997 -0.01038364225200563 0.060290297027737888 0.31566107422428935 0.17371243981335138 0.25771359900900537 0.062746359474947014 0.62734062669198665 0.31647585333441186 0.015430649640103829 0.09827307313029103 0.035857529733784858
leaf_weight=1.0715152258053411 0.2378393467515697 1.9698470449075092 103.73692985484377 14.518818518146871 34.356886125169694 34.390503307804465 282.49023946351372 0.29380551772192021 4.7015251019038242 3.4128349656239152 22.183611212298278 0.62806685129180451 6.0980382082052511 0.88508880091831121 36.464756897184998 0.44098164374008675 0.965261717326938 65.219298571813852 0.55031624576076865 121.02718478254974 2.9193626153282821 0.40739699872210522 1.2961660758592186 1.2846105908975003 13.018274405971168 0.29445806238800287 0.81314349733292868 4.4522712021134785 7.8753483546897769 249.22896956838667
leaf_count=40 7 75 22038 355 2640 6550 85006 8 133 76 1814 22 476 28 2650 37 44 3533 29 10619 94 26 30 45 850 30 24 185 199 5508
internal_value=-0.00219255 0.0206079 -0.039277 0.0234769 0.0157118 -0.0287148 -0.0464878 0.0133083 0.0290275 0.0875877 0.0202221 -0.00802043 0.0544316 0.0326801 0.0374602 0.0825009 0.00663264 0.0269004 0.211721 -0.00207203 0.143789 0.0203007 0.0282518 0.152703 0.0746239 0.284872 0.066047 0.0837072 0.118694 0.0332384
internal_weight=1017.23 629.935 387.299 595.306 331.559 34.6283 283.562 316.448 94.329 12.3299 81.9991 31.0794 8.8958 8.26774 50.9197 14.0475 222.119 66.7349 1.51558 155.384 6.3322 36.8722 5.99769 2.1697 13.7537 0.73544 15.1106 13.1408 8.68849 263.748
internal_count=143171 36087 107084 29530 23667 6557 85046 23184 6319 333 5986 2385 571 549 3601 925 16865 3606 73 13259 170 2676 163 73 917 67 483 408 223 5863
is_linear=0
shrinkage=0.05


Tree=19
num_leaves=31
num_cat=0
split_feature=4 10 3 2 5 15 3 4 10 28 14 3 14 1 2 1 3 6 27 2 6 10 10 30 30 15 12 6 27 30
split_gain=302.435 50.1206 18.0525 13.8016 13.2921 22.2961 12.4256 11.3826 22.8367 13.4194 15.917 14.874 11.0315 21.4248 24.7732 20.3142 16.4931 23.7187 10.8958 14.2282 13.5131 10.0044 15.1763 14.8069 16.6718 19.7551 24.9869 14.7262 13.8612 27.7122
threshold=0.003018865056361755 0.0030466001574620126 0.069555623730114383 -0.012384409912006953 9.149691426474855e-05 0.12846111059942109 -0.03151121940450801 0.0043142487747245706 0.00033315832551580573 -0.011505472540621144 24.500000000000004 0.043501378110771156 16.500000000000004 -0.0059160615928390827 -0.010303426828298433 -0.0075432662020663002 -0.011193388017085025 0.00075475271229754194 3.3611357537005548 -0.0047325444692183352 0.0007856040310820282 0.0053176348221210352 0.0055305630467284471 0.52341756201384748 -2.698654179311553 0.94662670720431519 0.43731785714285315 0.0012567264628095644 5.3693328012428827 -0.4247202802406666
decision_type=2 2 2 2 2 2 2 2 2 2 2 2 2 2 2 2 2 2 2 2 2 2 2 2 2 2 2 2 2 2
left_child=2 7 3 4 5 6 -1 8 -2 10 -10 -12 13 14 -9 -16 17 -15 19 -4 -20 27 -23 24 -24 -26 -27 -3 29 -28
right_child=1 21 18 -5 -6 -7 -8 12 9 -11 11 -13 -14 16 15 -17 -18 -19 20 -21 -22 22 23 -25 25 26 28 -29 -30 -31
leaf_value=0.58082643278871371 1.1427649635733437 0.0024220054762896974 0.37231054031744809 -0.043456983393245052 -0.0084481954406488546 -0.05037069169878218 0.16948339884104702 0.070688859469991747 0.39501909211093089 -0.030293136080355609 0.0093056902679209599 0.45844168887200348 -0.00018607630602233817 0.67450099489836601 0.26283999749686343 0.89527680196459503 -0.050970872542306971 -0.052236271478398988 0.057073328772204036 -0.050922046466873351 0.45790619154015766 0.082315862084138353 0.01713504093662228 -0.0029888110993288451 0.036448753013096406 0.00096506657254236789 0.26090570119458145 0.02931980513953146 0.24264171412321955 0.048817038270592153
leaf_weight=0.3151480695232749 0.041913107037543251 102.21905697928742 0.23618042236194048 325.80783135024831 10.623149545397608 0.70120641496032476 0.43978922860696801 0.76919653685763478 0.33604869106784407 62.169787435792387 3.271265289979056 0.19534495240077365 76.247183928731829 0.20682785520330105 0.31838119775056839 0.21119812643155478 2.2404127274639896 0.24558553006500006 0.45757931424304832 1.2472920343279827 0.38903528405353427 13.275806551799176 115.28108589397743 34.830578523222357 144.4125068532303 4.6554938550107172 2.1285539139062157 101.32875929726288 2.5148849198594689 5.5720815286040297
leaf_count=15 12 7451 16 96467 1613 114 31 43 32 14694 418 8 7799 27 32 19 275 24 33 125 15 522 3518 1057 3909 105 58 4563 53 123
internal_value=-0.00213924 0.017296 -0.0405548 -0.0415112 0.0109706 0.152638 0.341198 -0.00859639 -0.0239748 -0.024716 0.0664644 0.0346147 0.00405578 0.0850834 0.251882 0.515058 0.00463503 0.280003 0.0981401 0.0164599 0.241264 0.0244923 0.0299679 0.0277217 0.0316176 0.0420993 0.0969721 0.0158121 0.140725 0.107441
internal_weight=1012.69 672.472 340.217 337.887 12.0793 1.45614 0.754937 146.253 66.0144 65.9724 3.80266 3.46661 80.2388 3.9916 1.29878 0.529579 2.69283 0.452413 2.33009 1.48347 0.846615 526.219 322.671 309.395 274.565 159.284 14.871 203.548 10.2155 7.70064
internal_count=143171 44742 98429 98240 1773 160 46 23383 15164 15152 458 426 8219 420 94 51 326 51 189 141 48 21359 9345 8823 7766 4248 339 12014 234 181
is_linear=0
shrinkage=0.05


Tree=20
num_leaves=31
num_cat=0
split_feature=11 10 10 11 12 7 28 6 8 30 13 12 3 12 10 10 11 3 12 11 10 13 14 14 30 7 7 10 13 11
split_gain=281.284 25.0656 18.8169 24.648 39.1598 43.9137 17.0621 13.497 16.946 12.7344 11.1332 16.174 16.8294 14.9718 20.0016 73.1903 25.1351 22.8687 13.3597 11.5934 18.0111 10.8241 10.4432 10.418 27.7852 14.6525 14.2351 12.1065 13.2302 10.4136
threshold=0.0029886435205683927 0.0030466001574620126 0.0043101614460675204 0.0027127666558362435 0.39062142857142851 0.00041601423694559295 -0.002514886425261275 0.0033551468446156559 0.87007159038193793 -1.1466759882776341 323.50000000000006 0.2625571428571441 -0.03151121940450801 0.18047857142857487 0.0019426851083229504 0.0018805045778829577 0.0042179367315937728 0.029794296398542922 1.5646000000000038 0.0030728190647613708 0.0026930073249470986 345.50000000000006 65.500000000000014 58.500000000000007 -0.2420173242865262 0.00081632653061229534 0.00053401169005171892 0.0057714084255894174 318.50000000000006 0.0091387060677308053
decision_type=2 2 2 2 2 2 2 2 2 2 2 2 2 2 2 2 2 2 2 2 2 2 2 2 2 2 2 2 2 2
left_child=2 10 -1 4 -4 -6 -7 -3 -9 -10 18 13 -13 19 15 16 -15 22 -2 20 -12 23 -16 24 -11 26 -25 28 -27 -28
right_child=1 7 3 -5 5 6 -8 8 9 21 11 12 -14 14 17 -17 -18 -19 -20 -21 -22 -23 -24 25 -26 27 29 -29 -30 -31
leaf_value=-0.04117291139189988 -0.022696300776301085 0.016530940059879907 -0.050445780432299449 -0.050518258764376017 1.0749691706285645 0.52162306568231376 -0.050630258473039494 0.012337310742712151 0.027141438800292239 0.33333826092803664 -0.050205838972393738 0.13698471129130874 -0.012581533194193847 0.0093548515229219097 -0.0046967103627994855 1.3785395862766843 0.46169034207821175 0.41821803193286738 0.026619031363253776 -0.01403927661685247 0.78015338896964792 -0.0074928055324861159 0.32555372012484596 0.083097186502852652 0.053829585084919099 0.054361636002323244 0.090437550395445931 0.010766958304864719 0.1966158544348835 0.29107920381689734
leaf_weight=335.67423232784495 73.527958792867139 426.81038592895493 0.62602718640118771 1.5437011276371775 0.2221293430775404 0.26038651959970593 0.26063622487708926 45.277660324238241 29.328137555159628 1.4179991753771903 0.14310966688208093 2.0446581360884037 23.468533295672387 0.83372486731968798 2.8030719384551057 0.13994021690450598 0.48622027970850468 0.41687629232183088 16.887311427621171 3.9319853452034295 0.12011931836605072 3.9376718262210479 0.26172973378561426 7.4720773780718464 2.3839032347314051 6.7102950420230645 1.0337251815944912 11.16675152722746 2.1607818081974983 1.7272771894931791
leaf_count=102482 12577 19126 84 202 31 14 30 1047 615 30 37 79 3021 167 323 19 27 9 1556 474 11 94 21 143 42 148 30 168 35 35
internal_value=-0.00298251 0.0159176 -0.0400749 0.0864588 0.240896 0.48632 0.235359 0.0205936 0.0359907 0.0518949 -0.0042503 0.0198477 -0.000595113 0.0769316 0.135905 0.291253 0.175979 0.0707668 -0.0134854 0.00746668 0.328712 0.0709942 0.0235062 0.0800646 0.158078 0.0702664 0.118945 0.045407 0.0890114 0.215959
internal_weight=1003.08 664.492 338.587 2.91288 1.36918 0.743152 0.521023 539.427 112.616 67.3386 125.065 34.65 25.5132 9.13678 4.94156 1.45989 1.31995 3.48168 90.4153 4.19521 0.263229 38.0105 3.0648 34.0728 3.8019 30.2709 10.2331 20.0378 8.87108 2.761
internal_count=142677 39834 102843 361 159 75 44 21513 2387 1340 18321 4188 3100 1088 566 213 194 353 14133 522 48 725 344 631 72 559 208 351 183 65
is_linear=0
shrinkage=0.05


Tree=21
num_leaves=31
num_cat=0
split_feature=11 4 4 6 10 11 12 15 29 10 29 12 14 28 9 1 2 11 8 6 28 12 6 10 6 7 5 12 5 6
split_gain=261.163 30.7933 17.0783 14.5659 13.475 16.867 17.3348 15.2761 12.8619 13.3645 13.96 14.9373 16.2327 12.4113 11.9305 16.6451 10.7044 14.6546 16.6998 18.556 14.0597 12.5195 13.7309 21.2835 29.5111 18.6433 20.7093 39.4868 15.5175 14.7023
threshold=0.0029886435205683927 0.0029131971422993804 0.0021003084829930465 0.00014120062514061916 0.0043101614460675204 0.0027127666558362435 0.39062142857142851 0.46739129418714875 1.0250082661521993 0.0053176348221210352 -0.54459522263299553 0.66548896428571946 27.500000000000004 0.004945518247977055 2.8311273063250435 -0.01377322085184368 0.019317518528524594 0.0077175030022562331 0.99082687111794676 0.00026252924351051916 -0.010910699665557794 0.64541210714285835 0.0012224938875305728 0.0017641621687165302 0.0035635380034703414 0.00074475650393444621 0.0013593604824273279 0.31714285714285834 0.0023138746057231145 0.0013295220374805381
decision_type=2 2 2 2 2 2 2 2 2 2 2 2 2 2 2 2 2 2 2 2 2 2 2 2 2 2 2 2 2 2
left_child=2 -2 -1 -3 -4 6 -6 -8 9 16 -11 -12 -13 -10 -14 -16 20 18 19 -18 -5 22 -22 24 25 -24 -27 -28 -25 -30
right_child=1 3 4 8 5 -7 7 -9 13 10 11 12 14 -15 15 -17 17 -19 -20 -21 21 -23 23 28 -26 26 27 -29 29 -31
leaf_value=-0.048885587944894768 -0.021535673927252787 -0.002374172731450715 -0.027997395579817248 0.035614052716914466 -0.050426401394596754 -0.050504957265739205 0.061915611540330463 0.43606771017517909 -0.0041842369533423912 0.0044644433243014288 0.025275674224002329 0.22795465954828809 0.051583108261862465 0.024027127253988253 0.3086575138018548 0.03516237446784793 0.45601378738153875 0.017393331696749496 0.017879330366286087 0.10545131776000882 -0.0056449034060793079 -0.011514703890401448 -0.050670109231935739 -0.0024579654592630259 0.79424381704211577 0.056863898728496481 0.72486960364149766 0.060523504623458305 0.2324146224677977 0.051948056567098194
leaf_weight=197.5526899069082 53.452417595311999 76.734816897194833 124.94375984277576 47.525702610844746 0.5387557884678239 1.4055863246321676 0.44167142082005717 0.71353390859439969 84.539117762586102 28.059195170179009 62.872288207989186 1.385787488427012 70.174352569505572 72.35142947291024 1.0906635932624342 1.1355342352762807 0.39364180481061595 27.170376184396446 6.9095983630977562 9.1932225718628597 29.513759262859821 65.74129251902923 0.94711207668296982 17.729020583909005 0.17752666724845756 0.92394089768640675 0.44958335207775235 0.44510881323367357 1.2345871073193837 13.143304665107278
leaf_count=67929 10388 5003 34588 1830 74 188 26 38 3479 849 1439 24 1681 2321 16 33 32 1084 284 372 3046 5476 163 1388 17 126 16 33 94 640
internal_value=-0.00290187 0.014877 -0.0396665 0.0180171 -0.0254426 0.07754 0.183787 0.293018 0.0208981 0.0258023 0.0365879 0.0431836 0.0584428 0.00882568 0.0551982 0.169154 0.0177815 0.0399632 0.0771367 0.119846 0.0123347 0.00384414 0.019483 0.0406419 0.169328 0.129216 0.222897 0.394358 0.0288451 0.0674442
internal_weight=998.889 673.293 325.596 619.841 128.043 3.09955 1.69396 1.15521 543.106 386.216 164.718 136.659 73.7863 156.891 72.4006 2.2262 221.498 43.6668 16.4965 9.58686 177.831 130.305 64.5639 35.0502 2.94327 2.76575 1.81863 0.894692 32.1069 14.3779
internal_count=142677 39834 102843 29446 34914 326 138 64 24443 18643 4042 3193 1754 5800 1730 49 14601 1772 688 404 12829 10999 5523 2477 355 338 175 49 2122 734
is_linear=0
shrinkage=0.05


Tree=22
num_leaves=31
num_cat=0
split_feature=4 10 2 8 8 0 6 10 6 5 29 28 1 28 0 1 6 1 10 14 6 2 1 3 24 28 29 3 27 10
split_gain=239.491 28.9405 14.3078 11.7841 20.9302 26.9177 15.9106 11.3089 10.5531 17.5688 14.0382 12.4858 12.256 13.2764 13.3851 11.6093 10.47 10.1396 9.97785 14.8686 21.6345 11.7372 22.8066 11.1795 10.961 10.3438 10.3471 21.6006 10.3258 14.8557
threshold=0.0029131971422993804 0.0030466001574620126 0.014409455114638427 0.77830684404547823 0.71885651738563194 -0.0027021880090315471 0.0019818665239018864 0.0015655690821675535 0.00082542624311611023 1.0000000180025095e-35 1.0250082661521993 0.006866258482892215 0.005939141338135224 0.012898020322335639 -0.00052475192181528063 0.062552159404168931 0.00050813094195761952 0.012216606357957628 0.0053176348221210352 23.500000000000004 0.00024997708545115372 -0.0069970433611787333 -0.028250911434256672 0.0076880724491937844 1.0000000180025095e-35 -0.013749549873768053 -0.39849579051674883 -0.027813956250656632 1.1790023039363733 0.00783149111284763
decision_type=2 2 2 2 2 2 2 2 2 2 2 2 2 2 2 2 2 2 2 2 2 2 2 2 2 2 2 2 2 2
left_child=7 2 16 4 17 -6 -7 -1 9 -3 15 -12 13 14 -13 -10 -2 -4 -11 20 -20 25 -23 -24 -25 26 27 -21 -28 -30
right_child=1 8 3 -5 5 6 -8 -9 10 18 11 12 -14 -15 -16 -17 -18 -19 19 21 -22 22 23 24 -26 -27 28 -29 29 -31
leaf_value=-0.047446055393538147 -0.032050510934725787 0.35174629804966034 0.0020555527372677841 0.0082107634946600588 0.85649884429517753 0.01966432937412679 0.37412266808678246 -0.026398277787143182 0.02893313793926458 -0.0057778438067787328 -0.004737501227524637 0.40960719755462105 0.021904081577842058 -0.052051373534415038 0.11847135931890831 0.18098395366396913 -0.002152683276184301 0.19073574676083141 0.34266947434516809 0.036277578676197873 0.028065978173115121 0.32059706305367031 0.070010322463237074 0.010274119109323528 0.16763160176184971 -0.035048461920201598 -0.017191369505712099 0.37817777634418465 0.27275974591343827 0.026969216298697692
leaf_weight=199.82643120456487 45.790640633087605 0.3712108307518055 3.7316292067989734 16.003239515703171 0.16533404914662231 0.7062019787263123 0.57384178647771478 93.764046804513782 254.98819892690517 78.475112018873915 69.885617139283568 0.54176939837634597 49.383789650164545 0.72735908068716515 1.4552407232113171 1.2615706166252483 81.225060014985502 0.87995592644438136 0.85738479625433628 2.2567707095295195 1.5068968348205087 0.6667314600199451 11.534134408924727 41.273213021922857 1.1371488356962789 17.10408726753667 13.634113198146226 0.58086766116321342 0.76388881728053037 3.1488999463617802
leaf_count=70986 10095 16 352 1252 14 83 18 24899 8549 5813 2443 22 1285 23 50 21 13442 35 25 63 39 12 414 1420 41 787 343 18 14 103
internal_value=-0.00281468 0.0130708 -0.00647572 0.0306929 0.0900934 0.256115 0.178567 -0.040724 0.0183539 0.00813648 0.0230355 0.00907489 0.0275996 0.13084 0.197454 0.0296817 -0.0129312 0.0380584 0.00739893 0.0183454 0.142154 0.0151671 0.0299559 0.0263637 0.0144933 -0.00637628 0.0176817 0.106265 0.00335629 0.0749546
internal_weight=994.22 700.63 149.076 22.0602 6.05696 1.44538 1.28004 293.59 551.554 173.31 378.244 121.994 52.1082 2.72437 1.99701 256.25 127.016 4.61159 172.939 94.4641 2.36428 92.0999 54.6112 53.9445 42.4104 37.4886 20.3845 2.83764 17.5469 3.91279
internal_count=142677 46792 25291 1754 502 115 101 95885 21501 9108 12393 3823 1380 95 72 8570 23537 387 9092 3279 64 3215 1887 1875 1461 1328 541 81 460 117
is_linear=0
shrinkage=0.05


Tree=23
num_leaves=31
num_cat=0
split_feature=11 4 13 3 27 5 28 11 4 9 9 2 12 2 3 30 8 12 30 10 28 10 1 8 2 12 9 12 18 18
split_gain=229.085 26.3486 18.4804 15.1696 13.5728 23.5712 12.6415 14.5753 26.4093 31.5629 20.1937 43.871 13.5119 12.6729 12.2907 11.8238 10.65 10.4017 26.67 23.4993 18.0721 28.4532 20.1338 14.5719 29.7485 9.84917 35.3187 88.3107 9.82457 13.4115
threshold=0.002652314908080333 0.0053329230971289948 246.50000000000003 0.069555623730114383 1.1512689244486027 0.00016510349493406855 -0.0079942084046930352 0.0019213601135649597 0.0034375439987287724 0.67518137433966896 1.4637227786553939 -0.011255784358352281 2.9037142857142872 -0.0059661181417695599 -0.12874644272613692 0.18669161564645945 0.94070230875108185 0.24077500000000188 0.10886378083626071 0.0018805045778829577 -0.001832561269219939 0.0053176348221210352 0.00026649008377310773 0.96952430461428196 0.021132149805353721 0.16029285714286043 0.63102537734331809 0.1196214285714302 0.00025369825613573595 0.00022773066420736675
decision_type=2 2 2 2 2 2 2 2 2 2 2 2 2 2 2 2 2 2 2 2 2 2 2 2 2 2 2 2 2 2
left_child=2 3 -1 14 -5 -6 7 8 13 -10 -11 -12 -8 -4 15 16 -2 18 -3 -20 21 22 -21 -22 -25 26 27 -9 29 -19
right_child=1 17 6 4 5 -7 12 25 9 10 11 -13 -14 -15 -16 -17 -18 28 19 20 23 -23 -24 24 -26 -27 -28 -29 -30 -31
leaf_value=0.10223062935413624 0.36078277807614667 0.016150503820035741 -0.050154769206272404 -0.015719455888761818 0.35489531569064559 0.060095013082953244 -0.04525192144051552 -0.05019276532770283 0.85874963638651458 -0.050251444273782767 -0.050304539276755426 1.2371475233320868 0.080171771374720327 0.62079586366448236 -0.0067504579953762524 -0.011415204430294217 0.079024638940323341 0.020753593111035643 0.43931656896605847 0.0110985189091302 -0.0026004786462876231 0.33258139415478932 0.36774840634350819 0.023522858968307789 0.45285288650844269 -0.050333998894633636 -0.050259640394456344 2.2013112471017235 0.0049304739768729622 0.20772458969204421
leaf_weight=2.2261422674637279 0.60502967471256786 27.201069701462984 1.2651298583950847 5.51060423743911 0.73508413066156109 8.7400538525544089 265.45666113169864 0.12576541467569757 0.21945523563772429 0.4130854606628418 0.15312978439033031 0.11651759478263557 2.164842107333242 0.07452344894409102 206.25339167937636 1.1876975113991646 0.75250475527718663 320.37348072696477 0.50561198918148775 2.3197585237212475 5.1343854716978958 1.6736363694071767 0.47709896741434921 1.2606272976845501 0.59340974502265442 4.738761343061924 0.59234293620102108 0.066623288672417402 127.94906714791432 0.96199092082679172
leaf_count=96 18 1035 446 321 34 384 95181 36 18 104 33 31 70 28 29154 48 26 9354 18 101 176 33 24 56 16 1056 141 22 4582 35
internal_value=-0.0027247 0.0122926 -0.0412527 -0.00191534 0.0466769 0.0829657 -0.0424125 0.0204771 0.128001 0.33712 0.169449 0.506018 -0.0442373 -0.0128305 -0.00540287 0.103799 0.204599 0.018802 0.0435148 0.105727 0.0910075 0.169516 0.0719373 0.0407859 0.160936 -0.0231639 0.140908 0.729492 0.0166478 0.0213133
internal_weight=989.847 712.235 277.613 223.784 14.9857 9.47514 275.387 7.76533 2.24184 0.902188 0.682733 0.269647 267.622 1.33965 208.799 2.54523 1.35753 488.45 39.1656 11.9645 11.4589 4.47049 2.79686 6.98842 1.85404 5.52349 0.784732 0.192389 449.285 321.335
internal_count=142677 45415 97262 29985 739 418 97166 1915 660 186 168 64 95251 474 29246 92 44 15430 1459 424 406 158 125 248 72 1255 199 58 13971 9389
is_linear=0
shrinkage=0.05


Tree=24
num_leaves=31
num_cat=0
split_feature=11 10 10 12 28 6 27 12 18 7 12 11 27 12 12 3 12 6 6 30 29 1 27 25 6 8 29 3 9 29
split_gain=214.295 17.7879 16.9806 11.2976 11.554 13.8776 25.3237 51.676 20.9637 10.6687 15.4232 14.5607 60.746 72.3893 164.284 35.0073 18.9625 23.4561 28.807 18.3949 60.441 12.4157 13.2066 13.0027 10.6004 13.3831 10.4527 9.77391 9.73286 9.06456
threshold=0.002652314908080333 0.0030466001574620126 0.0043101614460675204 2.9037142857142872 -0.0079942084046930352 0.00068933031568929517 0.043558682353762736 0.16029285714286043 0.00045365601431743795 0.00023635325554363448 0.22477857142857466 0.0028801079542913224 1.8455871032420921 0.13999999999999907 0.15103721428571457 -0.00046804195473210125 0.20556428571428476 0.00061738308831615397 0.0006752194463200597 0.31537386705780768 -0.19393178020213955 0.011244687926096121 3.5881767153644391 1.0000000180025095e-35 0.0033551468446156559 0.87007159038193793 0.28050368909653772 0.12418566667881149 0.84637798557092825 0.51952337917834457
decision_type=2 2 2 2 2 2 2 2 2 2 2 2 2 2 2 2 2 2 2 2 2 2 2 2 2 2 2 2 2 2
left_child=2 9 3 4 5 -1 7 -7 -9 -2 11 12 -11 -14 -15 -16 -13 -18 -19 20 -20 -12 23 -23 -3 27 -27 -26 -22 -4
right_child=1 24 29 -5 -6 6 -8 8 -10 10 21 16 13 14 15 -17 17 18 19 -21 28 22 -24 -25 25 26 -28 -29 -30 -31
leaf_value=-0.040092481358529219 -0.03014307731322647 0.011931642110350287 -0.050939777911709443 0.065674153599934268 -0.044856848855039669 1.1059033906604085 0.020437362562542898 -0.050305047409803155 0.64574846309510692 -0.050201738559258635 -0.011131691274729528 0.0018404078654754284 -0.051264274180553161 2.5493389084757401 0.95927014835188196 -0.050222811014499928 -0.050490280626721167 0.8816430856423948 1.0142891793935751 -0.055095724758900878 0.25366402569855601 0.44492987400850287 0.031291612082384353 0.055398684576027368 0.014196328126741545 0.064787687864470839 0.02633053202783165 -0.07461669248375348 -0.050610416409971194 0.18875724205356617
leaf_weight=4.8705487640108895 31.29882106743753 457.49621975515038 0.58109876699745555 2.4157445812597862 254.36049420805648 0.17287856852635775 2.790666084503755 0.43849038099870086 0.14359980076551437 1.2192915689665853 83.476747402688488 12.424373438581823 0.33476994605734933 0.11537820240482688 0.1484890035353601 0.20368001144379377 1.0640714142937207 0.16066147014498744 0.23443794529885043 0.56323018949478854 0.64203462307341375 0.40281499130651166 7.7559407076332718 0.45761492708697915 44.552320067305118 29.849212470464408 43.301133259665221 3.3293049773201338 0.44495537644252181 1.2277845931239424
leaf_count=1181 6306 20429 62 78 95145 24 571 108 24 331 12960 1925 53 23 25 54 230 20 15 51 39 25 430 28 1010 509 850 45 57 69
internal_value=-0.00266422 0.0115323 -0.0409189 -0.0419602 -0.0429497 0.0146883 0.0899393 0.346846 0.121409 -0.00439559 0.00295395 0.045904 0.172129 0.510008 0.911886 0.375421 0.0294767 0.139905 0.238957 0.18417 0.286152 -0.00523346 0.0519095 0.23776 0.0154128 0.0285715 0.0420231 0.00802098 0.12911 0.111755
internal_weight=986.477 719.476 267.001 265.192 262.777 8.41618 3.54563 0.754969 0.58209 140.947 109.648 17.5554 2.02161 0.802317 0.467547 0.352169 15.5338 3.10939 2.04532 1.88466 1.32143 92.0931 8.61637 0.86043 578.528 121.032 73.1503 47.8816 1.08699 1.80888
internal_count=142677 45415 97262 97131 97053 1908 727 156 132 22572 16266 2823 486 155 102 79 2337 412 182 162 111 13443 483 53 22843 2414 1359 1055 96 131
is_linear=0
shrinkage=0.05


Tree=25
num_leaves=31
num_cat=0
split_feature=11 10 6 10 13 1 11 9 6 2 9 28 11 2 15 13 9 6 5 15 6 18 18 0 3 11 9 27 15 1
split_gain=203.085 29.5385 12.5934 19.3813 22.9041 15.626 12.2938 17.0638 10.581 12.2705 13.4731 10.4267 20.3281 71.0882 8.43974 8.19837 21.0899 10.1051 64.4744 9.69802 9.68577 8.15071 11.2297 15.7688 9.09882 19.7126 14.4035 10.4234 18.8048 29.8155
threshold=0.0021524930485861409 0.0030466001574620126 0.00287011128680882 0.0032232904173799285 290.50000000000006 0.0063444730604587116 0.032490297677375199 0.84637798557092825 0.00044261636859000943 0.055734057244565156 1.3209448895299578 0.0054235007015924633 0.0022506129372536956 0.0057641305277744701 0.95652171833650934 375.50000000000006 0.31043848809632385 0.00068226782762063844 0.0031848572533525106 0.11413043385219483 0.0018573619384751742 0.00025369825613573595 0.00021777003484320869 -0.0029799395696845639 0.04696746947722797 0.0055970502244025609 0.89937139868229632 0.56854868937462932 0.82222220851853545 -0.0025666098587610038
decision_type=2 2 2 2 2 2 2 2 2 2 2 2 2 2 2 2 2 2 2 2 2 2 2 2 2 2 2 2 2 2
left_child=-1 6 21 4 -4 -6 8 -8 9 -2 -11 15 13 -13 -5 -10 -17 18 -18 20 -19 22 24 -24 -3 26 -26 28 29 -27
right_child=1 2 3 14 5 -7 7 -9 11 10 -12 12 -14 -15 -16 16 17 19 -20 -21 -22 -23 23 -25 25 27 -28 -29 -30 -31
leaf_value=-0.04682906675601449 -0.029639146372859235 0.0085161177646514204 0.47714161818607581 0.022696815425592272 -0.013365749959307616 0.27182221957801583 -0.074058792431797013 0.21694104437780981 -0.014282750009062321 -0.050925506407705039 0.42334505346370088 1.0023208736860594 0.015295490789546347 0.01117964476518587 0.14651182609864752 1.2119304175615977 -0.050305612460542021 0.021696129738333743 1.3396654800264736 -0.051381489488898327 0.34105222828458609 -0.0012790113395694386 0.29143429964987133 -0.0024494312187142205 0.32807578157043249 0.0243130884850601 0.065754422656924119 0.014525757646812616 -0.02253566389505373 0.20462876092199156
leaf_weight=211.11738197458908 61.278987003257498 246.31591652124189 0.47258618194609825 149.99198839068413 1.3085160846821966 0.75886933645233501 0.79976524063385968 1.3611440663225947 80.554582241689786 0.28586574923246999 0.31448203092440963 0.23627781961113459 30.894161626463756 0.77204728662036359 1.3890759572386731 0.039613363798707169 0.36781563051044974 0.63788542337715648 0.10790378064848483 1.8677861089818177 0.37818561238236725 125.14604593464173 0.87013653665781021 0.960055716568603 0.91731755249202196 5.2271638344973317 1.2182408915832637 55.29041974619031 4.3491320163011542 4.0834512994624665
leaf_count=85081 14209 13185 19 3178 73 19 30 24 14905 29 16 25 3840 146 16 10 94 66 17 309 16 5693 20 51 21 193 20 1557 91 139
internal_value=-0.00333551 0.0084639 0.0138055 0.0261312 0.163104 0.0913174 -0.0093012 0.10924 -0.0107424 -0.0274353 0.197513 -0.00182667 0.022506 0.243431 0.0238329 -0.0110731 0.0649894 0.0514657 0.264971 0.016246 0.140562 0.00953622 0.013776 0.137273 0.0130639 0.0288224 0.178433 0.0241886 0.0633005 0.103396
internal_weight=989.313 778.195 598.299 153.921 2.53997 2.06739 179.897 2.16091 177.736 61.8793 0.600348 115.856 31.9025 1.00833 151.381 83.9538 3.39919 3.35958 0.475719 2.88386 1.01607 444.378 319.232 1.83019 317.402 71.0857 2.13556 68.9502 13.6597 9.31062
internal_count=143092 58011 24275 3305 111 92 33736 54 33682 14254 45 19428 4011 171 3194 15417 512 502 111 391 82 20970 15277 71 15206 2021 41 1980 423 332
is_linear=0
shrinkage=0.05


Tree=26
num_leaves=31
num_cat=0
split_feature=4 10 3 10 0 4 18 4 6 14 10 3 9 3 30 27 3 10 12 6 9 1 12 12 6 27 4 8 9 30
split_gain=179.766 21.4337 17.0138 13.2645 11.6156 11.0329 10.4822 11.7572 10.3295 9.97355 9.00542 12.2524 8.46917 9.60535 15.6782 42.382 14.6931 16.8286 14.8242 15.2175 11.5241 9.99525 11.2516 10.0104 8.83261 8.67006 8.62159 8.43609 8.36393 8.83149
threshold=0.003018865056361755 0.0030466001574620126 0.069555623730114383 0.0026614534494579186 -0.0012037282901594668 0.0039310031455557825 0.00025369825613573595 0.0089402070591235987 0.00016218627119882914 135.50000000000003 0.0028224508952224957 -0.12874644272613692 1.4012856655640578 0.015821629722200029 0.77974423888085542 1.5266409904744145 0.017263247686619135 0.0023961299346098247 2.9037142857142872 0.0011045996798521853 1.3466624437793444 -0.015532624707944529 1.0413107142857105 0.23162689285714108 0.0012567264628095644 1.0000000180025095e-35 0.0061858404519040252 0.72667423962522038 1.2748960033729897 0.13956518747470517
decision_type=2 2 2 2 2 2 2 2 2 2 2 2 2 2 2 2 2 2 2 2 2 2 2 2 2 2 2 2 2 2
left_child=2 5 3 -1 -4 -2 -3 -8 -7 -6 11 -10 13 14 21 -16 17 -15 20 -20 25 22 -13 24 26 -18 -23 -14 29 -26
right_child=1 6 4 -5 9 8 7 -9 10 -11 -12 12 27 16 15 -17 18 -19 19 -21 -22 23 -24 -25 28 -27 -28 -29 -30 -31
leaf_value=-0.044077664198476835 -0.029207010499280567 0.017830367756533114 0.35079415935762576 -0.010395457646303771 0.0047706148439437754 -0.037203675797322866 -0.014752309700759548 0.014027995034573202 0.16071233932124879 0.33862475899896061 -0.028889486055682631 -0.013256624413563787 0.21531495514323828 0.060578209620538483 -0.05048368149362531 1.0221028121371019 0.21385098575794137 0.52870320474651122 0.35826120121814475 0.024079363047930194 0.27341016335352047 -0.036518927639759467 0.20344308419929791 -0.01764520731920027 0.0033743139490456154 0.010656641204895435 0.1573147708661114 -0.025276012801979456 0.39850474007914183 0.15928940164683969
leaf_weight=227.94303831807338 42.310110567836091 433.97539430833422 0.37192733259871635 33.529732691822574 1.7745663633104407 14.73709064023569 59.556599850300699 87.799106775317341 1.4237772617489088 0.25597396958619345 13.647356284549458 1.1160157264675867 0.37318094191141327 0.43590159225277503 0.26970026269554992 0.13985969009809196 0.54814951866864881 0.34308999800123274 0.72302968613803276 0.64414823660627007 0.46187467034906227 3.4495444479398492 1.2930548619478939 25.57658039429225 1.7856610503513373 12.417645341018213 0.68811613461002696 15.402198102092369 0.22246056236326683 1.8483566523063926
leaf_count=92551 12028 15358 27 5619 146 2431 3962 1886 24 14 1192 45 17 41 36 23 27 27 20 26 37 616 30 3526 207 1074 29 1918 36 119
internal_value=-0.00322997 0.00969015 -0.0385415 -0.0397585 0.0939096 -0.00788357 0.013918 0.00239589 0.00136529 0.0468569 0.00822915 0.0155535 0.0125025 0.0222437 0.00818035 0.315791 0.0551038 0.266754 0.0439598 0.200811 0.0279895 0.0046788 0.103056 -0.00238083 0.0464563 0.019247 -0.0042833 -0.0195846 0.100895 0.0826768
internal_weight=985.063 721.188 263.875 261.473 2.40247 139.857 581.331 147.356 97.5468 2.03054 82.8097 69.1623 67.7386 51.9632 36.3893 0.40956 15.5738 0.778992 14.7948 1.36718 13.4277 35.9798 2.40907 33.5707 7.99414 12.9658 4.13766 15.7754 3.85648 3.63402
internal_count=143092 44735 98357 98170 187 23529 21206 5848 11501 160 9070 7878 7854 5919 4667 59 1252 68 1184 46 1138 4608 75 4533 1007 1101 645 1935 362 326
is_linear=0
shrinkage=0.05


Tree=27
num_leaves=31
num_cat=0
split_feature=11 4 3 2 9 12 13 30 5 14 9 4 6 27 1 3 5 29 11 27 9 0 8 0 28 2 28 30 12 10
split_gain=181.573 27.1695 16.0959 13.4278 17.877 14.4734 12.7125 15.5051 16.3913 13.7289 14.6578 33.111 19.6387 23.4971 13.14 11.5266 19.7929 10.8301 10.2876 14.2786 19.7706 23.4058 10.2435 20.5786 9.85157 10.336 9.11549 8.96126 13.9798 12.6807
threshold=0.0021524930485861409 0.0058153936362339122 0.069555623730114383 -0.011786879064648812 0.84156960811737425 2.9037142857142872 318.50000000000006 0.79026474708588268 6.5432895364372928e-05 100.50000000000001 0.34481516013364905 0.0044228942972289898 0.0017862148184920579 0.99713943719027054 0.003488095179583151 0.012225505564633867 0.0029140177955465116 -0.69535466182846706 0.003521949487808164 0.52084662863977582 0.7839301774678753 0.0013325644465690403 0.68428454595001564 0.0013325644465690403 0.0012122293603824546 -0.0050574282044688048 -0.023178235418512241 -2.1165672397609212 2.4020857142857084 0.0085754649833365559
decision_type=2 2 2 2 2 2 2 2 2 2 2 2 2 2 2 2 2 2 2 2 2 2 2 2 2 2 2 2 2 2
left_child=-1 2 3 4 6 -5 9 8 -8 -2 11 -11 26 -14 18 -7 22 -3 -10 20 21 -20 23 -17 -4 -26 -12 28 -19 -29
right_child=1 17 24 5 -6 15 7 -9 14 10 12 -13 13 -15 -16 16 -18 27 19 -21 -22 -23 -24 -25 25 -27 -28 29 -30 -31
leaf_value=-0.046516230726097806 -0.014554215725139924 -0.024243639038490167 -0.051198602476245796 -0.015471018356610064 -0.012732197411507377 -0.013284405776941744 0.36066979789306952 0.43169859821325884 -0.050827500157886819 0.085732182415314065 0.20705479878393254 0.75573275406330931 0.056723327817566227 0.49540108846276421 0.2915915057117941 -0.051038709966615241 0.37522031699948155 -0.00080321303700226225 0.032401103229508919 0.0011231697210727387 0.48246898834883978 0.31958267486886205 0.01226474568454042 0.35582693667830945 0.24194532208629627 0.043477269723992684 -0.050839548090564513 0.015678286463769352 0.05004904160662265 0.039541450539213457
leaf_weight=193.45227464335039 12.223842706531292 17.005838969256729 2.7161233667284277 214.83436246146448 31.215443095192313 3.8708129483275098 0.47451796755194386 0.30995584488846439 2.1221551208291167 0.72526510222814877 0.38667317526414979 0.24726948142051697 0.91890561603941001 0.4571017399430275 0.58054534834809679 0.54084822395816423 0.58539892034605134 114.22634017141536 2.9238637182861571 3.6819917550310493 0.37476303125731636 0.93682218831963826 2.8694479698315263 0.73058967478573322 0.6809001760557355 17.944800520082932 3.0087719634175305 264.64930742653087 15.328836641274391 70.500835933722556
leaf_count=85081 1111 559 155 37529 2839 266 25 21 361 84 18 10 45 24 27 39 33 3092 165 168 26 32 127 24 30 743 401 8550 307 1200
internal_value=-0.00311649 0.00755061 -0.00411722 -0.00726397 0.0136135 -0.0129253 0.0416123 0.0829003 0.0731558 0.0154059 0.0791642 0.256082 0.0431043 0.20245 0.0603094 0.0506897 0.103084 0.014947 0.0469353 0.0731392 0.135745 0.102088 0.0646123 0.182753 0.0377601 0.0507327 -0.0214705 0.0163811 0.00521357 0.020698
internal_weight=980.525 787.072 305.361 284.019 60.5879 223.431 29.3724 11.4046 11.0947 17.9678 5.74399 0.972535 4.77145 1.37601 10.6201 8.5971 4.72628 481.711 10.0396 7.91744 4.23545 3.86069 4.14089 1.27144 21.3418 18.6257 3.39545 464.705 129.555 335.15
internal_count=143092 58011 44303 43375 5357 38018 2518 825 804 1693 582 94 488 69 779 489 223 13708 752 391 223 197 190 63 928 773 419 13149 3399 9750
is_linear=0
shrinkage=0.05


Tree=28
num_leaves=31
num_cat=0
split_feature=11 4 7 4 11 11 14 11 9 3 28 14 10 10 0 29 9 29 4 0 14 4 7 10 30 12 28 10 12 9
split_gain=171.049 24.3688 15.1729 16.4507 35.7981 13.8028 13.0434 22.5561 25.965 14.9254 12.6018 12.5363 11.0603 19.235 17.7496 11.2917 17.3865 9.73059 8.44745 9.19471 32.552 15.8197 36.3326 8.18725 7.83829 12.0351 12.0446 10.9105 17.4461 14.9281
threshold=0.0021524930485861409 0.0058153936362339122 0.0031208594155667413 0.0037641154328732621 0.0045041711414978381 0.016895171655248873 78.500000000000014 0.017948883060475419 0.40303152882872695 -0.078910387649695976 0.010879965716078077 86.500000000000014 0.0034428249079268398 0.0036221980393442818 0.00043706863942094559 0.91315705489532406 0.69722005547338961 -0.69535466182846706 0.002492278937732963 -0.0022756985659854729 146.50000000000003 0.0023923444976076303 0.00030029466424501343 0.00033315832551580573 -2.1165672397609212 1.2796142857142894 -0.029568442122393141 0.0085754649833365559 0.4280964285714271 0.49909198341695249
decision_type=2 2 2 2 2 2 2 2 2 2 2 2 2 2 2 2 2 2 2 2 2 2 2 2 2 2 2 2 2 2
left_child=-1 2 5 4 -4 18 -7 8 -8 -10 -11 -9 -5 -14 -15 16 -16 -3 19 20 21 -2 -23 -20 25 26 -19 -26 -29 -30
right_child=1 17 3 12 -6 6 7 11 9 10 -12 -13 13 14 15 -17 -18 24 23 -21 -22 22 -24 -25 27 -27 -28 28 29 -31
leaf_value=-0.046338819926766625 -0.050310192500894114 -0.023521521816337543 0.98831939397484236 -0.027749766318948682 -0.050625879733210005 -0.016550665916126039 0.40887759716238881 0.068468361894160293 0.3254190609916523 -0.051003152914365184 0.23732337344504673 -0.033425763505541384 0.29646934752473081 -0.018788569856383046 0.00023078775791717052 -0.053202096221826478 0.26279393370059706 0.055392977964889047 0.44468545756150135 -0.031443100872646138 0.9877176114640277 -0.050253895790885184 1.3365666261078755 -0.0056301275766382237 0.014700569472491251 0.029109051466060777 -0.010012780491033817 -0.014091427342790497 -0.066164066757204945 0.05403545659528685
leaf_weight=184.70449410565197 0.99836658313870319 16.660455275792629 0.14440804929472406 4.2024242584593585 0.19469568761996925 9.8116874950937945 0.86103097139857654 7.2252803153824043 0.52896438795141953 1.4229432865977281 0.51653901813551772 5.1847995417192578 0.85287534398957987 4.5171517925336939 0.94776823930442411 0.67117207078263152 1.8834616523236034 7.6694017276167861 0.10098317987285454 49.927784380270168 0.096303808037191518 0.13693662919104099 0.072090704692527652 213.96295862994157 268.0478337216191 36.867735983338207 85.607452278956771 13.755858539603649 2.7082794625312081 55.880629213526845
leaf_count=85081 230 559 27 426 21 555 25 193 20 95 15 233 31 191 32 24 52 114 15 14061 11 34 15 27997 8550 866 2419 268 52 880
internal_value=-0.00301323 0.00709777 -0.00400426 0.0479875 0.391811 -0.00640214 0.0286957 0.0569013 0.172461 0.0899948 0.0257864 0.0258981 0.0390702 0.0707195 0.0467111 0.131188 0.1749 0.0140311 -0.0097825 -0.0280203 0.103065 0.0325034 0.428042 -0.00541769 0.0153608 0.00492412 -0.00463499 0.0193511 0.0365818 0.0484792
internal_weight=976.163 791.458 304.261 13.414 0.339104 290.847 25.5512 15.7396 3.32948 2.46845 1.93948 12.4101 13.0749 8.87243 8.01955 3.5024 2.83123 487.198 265.295 51.2315 1.3037 1.20739 0.209027 214.064 470.537 130.145 93.2769 340.393 72.3448 58.5889
internal_count=143092 58011 44303 804 48 43499 1136 581 155 130 110 426 756 330 299 108 84 13708 42363 14351 290 279 49 28012 13149 3399 2533 9750 1200 932
is_linear=0
shrinkage=0.05


Tree=29
num_leaves=31
num_cat=0
split_feature=11 4 11 4 8 28 29 15 15 9 12 29 2 29 30 29 17 12 4 6 15 6 15 2 14 15 15 6 6 0
split_gain=161.135 21.9007 11.8331 9.3779 9.70239 9.16205 9.01794 12.0512 9.37585 10.1598 15.1221 8.75002 7.80039 11.3768 15.8725 12.4498 10.8262 10.6134 14.0132 17.8515 8.44075 8.6623 8.41893 9.01797 12.5959 8.3233 9.89862 11.1027 8.12577 15.216
threshold=0.0021524930485861409 0.0058153936362339122 0.014987714171041822 0.002492278937732963 1.0451317577103452 0.016109309828334879 0.86371449974277037 0.76470587110729493 0.7999999679999702 1.0055463718871038 0.49107582142857203 -0.69535466182846706 -0.011255784358352281 -0.26215036497810218 0.29373582962523331 -0.28958011662880667 1.0000000180025095e-35 0.3264285714285669 0.0066087022423889363 0.00028116047173827065 0.01801801774747341 0.0013295220374805381 0.038461536242587746 0.03606638967227583 118.50000000000001 0.11102399056434221 0.12846111059942109 0.0021333850530126709 0.0013674560153210862 -0.010410650407675024
decision_type=2 2 2 2 2 2 2 2 2 2 2 2 2 2 2 2 2 2 2 2 2 2 2 2 2 2 2 2 2 2
left_child=-1 2 3 -2 5 -5 7 -7 -9 -10 -11 -3 -13 14 15 -14 20 18 19 -16 21 -15 23 24 -18 -22 27 -27 -19 -30
right_child=1 11 -4 4 -6 6 -8 8 9 10 -12 12 13 16 17 -17 22 28 -20 -21 25 -23 -24 -25 -26 26 -28 -29 29 -31
leaf_value=-0.046154237805345166 -0.027194265614353716 -0.022807135598220327 0.023010387698573265 0.00030097124199324193 -0.019685922104144875 -0.02995183015025021 -0.051412456670462195 0.26507500757117286 0.039693980236209236 0.40087803564602709 0.080876083935342791 0.0060042503800659119 0.22288926253224159 0.022897893990584024 0.39262500472091283 0.069138687391457551 -0.016731976392435895 -0.00318164744275377 0.038336268573388801 0.10113505689196925 -0.044203206140340401 0.28637155924590707 -0.028652731402896366 0.20242192632039213 0.25273132612778798 0.026309732610144406 0.017794453198386507 0.33892239852998296 0.22390802688882028 0.029518155866970021
leaf_weight=176.38151443540119 49.405502238078043 16.331697259098291 35.996347996406257 144.39477839553729 62.587630498223007 2.2988059842027706 1.8883819149341423 0.78522806987166394 4.2139667717274278 0.54743856610730279 1.133828447666019 174.61041268426925 1.7647423469461498 0.66124352300539502 0.66252659354358856 5.1853986578062168 3.7142648282460895 22.745506837032735 8.3001310117542726 2.5350104402750731 5.4111771895550183 0.59058401174843311 22.557180923875421 0.75484789349138726 0.49101205449551333 0.64081734279170521 191.47829309944063 0.51012490503489971 1.0390023104846466 32.364884817972779
leaf_count=85081 14267 559 1768 18013 9742 126 95 27 190 19 56 4267 39 25 27 138 167 798 207 85 169 23 972 11 23 28 5396 14 10 750
internal_value=-0.00291715 0.00666834 -0.00390192 -0.0075267 -0.00306636 0.00363313 0.0479063 0.0687935 0.102773 0.0811545 0.185072 0.0131789 0.0144135 0.0192852 0.0362236 0.108178 0.0137142 0.0288309 0.0725972 0.161531 0.0177733 0.147199 -0.0156839 0.0432943 0.0147308 0.0169552 0.0186732 0.164867 0.0198689 0.0355645
internal_weight=971.982 795.601 303.252 267.256 217.85 155.262 10.8676 8.97927 6.68046 5.89523 1.68127 492.349 476.017 301.407 74.5972 6.95014 226.81 67.6471 11.4977 3.19754 199.292 1.25183 27.5173 4.96012 4.20528 198.04 192.629 1.15094 56.1494 33.4039
internal_count=143092 58011 44303 42535 28268 18526 513 418 292 265 75 13708 13149 8882 2054 177 6828 1877 319 112 5655 48 1173 201 190 5607 5438 42 1558 760
is_linear=0
shrinkage=0.05


Tree=30
num_leaves=31
num_cat=0
split_feature=11 11 18 28 6 5 6 3 12 10 12 13 13 12 10 28 15 8 29 14 12 8 8 1 27 3 3 18 3 7
split_gain=150.252 13.9913 14.0672 13.5183 12.819 21.8686 17.3691 12.5927 12.2336 9.50117 9.27817 9.26571 47.6858 65.2579 53.496 18.5268 15.8612 14.1727 34.3261 28.2625 24.4994 12.8652 12.2918 14.1514 12.6377 13.948 11.0741 10.1586 9.91401 13.6079
threshold=0.0021524930485861409 0.0036543222035570811 0.0066761584031729557 -0.0079942084046930352 0.00077827870692866782 0.002252525853455538 0.0010911219721532687 0.050379297212964309 1.3175678571428551 0.00031022013145302099 2.9037142857142872 266.50000000000006 277.50000000000006 1.2796142857142894 0.0051278089944555563 0.029894066988409861 0.92321984700238369 1.0845584977027831 -0.21098825174495181 116.50000000000001 0.53002857142856852 1.9918306749742138 0.46948738354935876 0.0079792561445586347 0.23830930337873993 0.12418566667881149 -0.093523690250257016 0.0096164089578737039 0.017263247686619135 0.0015321871049781774
decision_type=2 2 2 2 2 2 2 2 2 2 2 2 2 2 2 2 2 2 2 2 2 2 2 2 2 2 2 2 2 2
left_child=3 2 7 4 -1 8 -7 9 -6 -2 -11 15 13 17 -15 -3 -17 18 -13 -20 -21 22 -14 24 25 27 -26 -24 29 -25
right_child=1 11 -4 -5 5 6 -8 -9 -10 10 -12 12 21 14 -16 16 -18 -19 19 20 -22 -23 23 28 26 -27 -28 -29 -30 -31
leaf_value=-0.024589642698602508 0.50160622701118762 -0.0051274946411934584 0.26182504095918008 -0.046201040446566352 -0.050307949177073402 0.90632112663801312 0.20180032358350877 0.34829085998845932 0.36398974877622625 -0.013423699857152522 0.062589901728988623 -0.022358605371339189 -0.014700001683692697 0.15960474765442767 0.91360462938300246 0.20612650116380402 0.022433706954166369 -0.028247219199343993 0.59017349664309104 -0.051204048723473485 0.37009462394765097 -0.032689213448390937 0.023459488748528504 0.01688629114975131 0.032783717549549174 0.22510511791214427 0.00090923008549627653 0.1613300484411842 0.018813982821373278 0.068982440407074533
leaf_weight=1.9473742513218888 0.090585382888092592 127.4376767736394 0.47971007786691089 165.51545162289403 0.71467468212358631 0.15666453121230006 0.19811400561593473 0.24540306627750297 0.23736346792429686 110.65041201352142 4.165517925284802 1.7136313563678411 37.169014526065439 0.47488324576988805 0.46617301926016808 1.9149500289931882 3.0418115984648466 1.8928196437191216 0.54496250161901061 0.67254963866434969 0.70870430301874876 15.855204426916314 62.395329899154603 22.6556231752038 30.762247518403456 0.89566070679575105 238.6528620631434 1.3653162792325009 105.61230050818995 28.059518412221223
leaf_count=667 24 8358 34 84121 231 22 30 2 10 25083 171 134 2475 36 18 32 41 99 29 43 31 679 2471 969 567 18 13293 16 2639 653
internal_value=-0.00135517 0.00771056 -0.00837235 -0.0442168 0.0567043 0.177846 0.512905 -0.00949796 0.0529853 -0.0102621 -0.0106659 0.0104362 0.0132952 0.148196 0.533115 -0.00143869 0.0933999 0.0827253 0.140434 0.28526 0.164959 0.0116882 0.0130219 0.015123 0.00931279 0.0291642 0.00454871 0.0264117 0.0275394 0.0457099
internal_weight=966.693 797.923 115.632 168.77 3.25419 1.30682 0.354779 115.152 0.952038 114.907 114.816 682.291 549.897 6.47372 0.941056 132.394 4.95676 5.53267 3.63985 1.92622 1.38125 543.423 527.568 490.399 334.071 64.6563 269.415 63.7606 156.327 50.7151
internal_count=142996 57915 25314 85081 960 293 52 25280 241 25278 25254 32601 24170 390 54 8431 73 336 237 103 74 23780 23101 20626 16365 2505 13860 2487 4261 1622
is_linear=0
shrinkage=0.05


Tree=31
num_leaves=31
num_cat=0
split_feature=11 4 28 0 18 3 13 4 3 6 20 12 11 5 12 0 11 26 12 12 12 28 3 1 13 6 28 12 12 11
split_gain=141.047 13.951 12.2753 10.7086 10.2411 22.3184 13.8033 9.5221 11.706 9.30521 14.7722 8.34552 7.93945 9.82086 9.33939 8.45408 8.2754 6.99649 11.2548 8.10739 10.1551 6.77185 12.4004 11.9986 10.6502 12.6577 10.3774 10.1746 13.5588 11.9447
threshold=0.0021524930485861409 0.0021003084829930465 -0.0079942084046930352 0.0018408070848717764 0.0016895622553558774 -0.027813956250656632 329.50000000000006 0.017446062809377227 0.12418566667881149 0.00097924010967496609 1.0000000180025095e-35 1.3175678571428551 0.0097309785012401548 0.010261309968216019 0.45231428571428728 0.010252076194841033 0.010882286904025748 1.0000000180025095e-35 0.95058214285714182 1.9561928571428628 0.49107582142857203 -0.010910699665557794 0.028109360331726955 0.0061305193295316815 315.50000000000006 0.00033531729403754557 -0.012889241942273779 2.9037142857142872 0.56715714285714014 0.022623786894630984
decision_type=2 2 2 2 2 2 2 2 2 2 2 2 2 2 2 2 2 2 2 2 2 2 2 2 2 2 2 2 2 2
left_child=2 4 3 9 -2 -6 -7 21 12 -1 11 -11 13 -9 -15 -16 -14 19 -19 20 -18 22 -3 27 25 -24 -27 28 -23 -29
right_child=1 7 -4 -5 5 6 -8 8 -10 10 -12 -13 16 14 15 -17 17 18 -20 -21 -22 23 24 -25 -26 26 -28 29 -30 -31
leaf_value=-0.02706956835280035 -0.028720390903372719 0.01270950587572495 -0.046010774009800234 0.65873453305323082 0.78919470780433665 -0.050404862332775996 0.72646045193679321 0.15338125275296852 0.093407413093035074 -0.050409783708615125 0.45244598573158329 0.2645266275675906 -0.075058252348134305 -0.054545859151506663 0.020547542628703352 0.15792758755233208 0.048810447687823076 0.11625454516111525 -0.022757736187540668 0.0704494355853931 -0.03718267249299792 0.0065069643961436349 0.25736494876037835 0.012891861118329443 -0.028082817870812512 0.033965128459760685 0.19227396239249472 0.0022184830504374175 -0.01527878385815549 0.076681991941729852
leaf_weight=2.1550127537921071 32.240111391292885 169.47938444418833 158.07803913066164 0.070496081956662127 0.11883722408674657 0.51093483436852594 0.064383522141724825 2.1931790206581336 6.4291807934641829 0.66406800295226254 0.29665637947618961 0.30787660204805434 2.7335198204964426 2.1519641233608127 3.0686760395765305 1.7633426468819378 4.8208244331181147 3.8003883082419625 2.3603343982249498 3.581732837483286 11.927321551367639 139.8544282708317 1.1231294679455439 238.32058862340637 1.9676201073452828 4.1669920384883872 1.3773492448963232 14.481361541431399 145.95270011643879 8.5741928303614241
leaf_count=733 9705 5294 84121 17 10 115 25 31 60 184 16 10 36 36 43 25 42 37 32 51 153 16939 31 10163 50 68 31 655 14112 171
internal_value=-0.00133707 0.00723882 -0.0439618 0.0487363 -0.0246292 0.165387 0.0365337 0.00860164 0.0309644 0.0361757 0.143613 0.0493506 0.0205102 0.0610805 0.0320954 0.0706815 0.00777 0.0163169 0.0629953 0.00217158 -0.0124302 0.0072194 0.0156874 0.00446296 0.0741346 0.1043 0.0732929 -0.00204084 -0.00461833 0.0299109
internal_weight=964.635 803.062 161.572 3.49411 32.9343 0.694156 0.575318 770.128 44.8305 3.42361 1.2686 0.971945 38.4013 9.17716 6.98398 4.83202 29.2241 26.4906 6.16072 20.3299 16.7481 725.298 178.114 547.183 8.63509 6.66747 5.54434 308.863 285.807 23.0556
internal_count=142996 57915 85081 960 9855 150 140 48060 546 943 210 194 486 135 104 68 351 315 69 246 195 47514 5474 42040 180 130 99 31877 31051 826
is_linear=0
shrinkage=0.05


Tree=32
num_leaves=31
num_cat=0
split_feature=11 4 28 1 0 4 3 6 20 6 11 11 10 5 5 27 26 2 12 28 3 18 4 12 6 0 15 10 29 12
split_gain=132.528 12.788 11.379 9.3034 9.29308 8.28795 9.73754 7.04819 7.38532 6.99422 8.1362 8.55463 7.27742 11.5904 7.74347 10.189 8.77615 6.57444 13.6119 6.55923 56.2255 6.49433 10.3606 9.39907 10.5546 12.1212 18.7064 13.1461 19.0494 19.4111
threshold=0.0021524930485861409 0.0021003084829930465 -0.0079942084046930352 -0.028250911434256672 0.0022277733890868627 0.017446062809377227 0.12418566667881149 0.00097924010967496609 1.0000000180025095e-35 0.00032113682448753334 0.0097309785012401548 0.010882286904025748 0.036544518738101155 0.0074603288949535483 0.0089242618109014373 1.972440689506733 1.0000000180025095e-35 -0.0059661181417695599 0.30812857142857003 0.011449417688399615 0.0099536670817925738 0.00054313057373811676 0.0089402070591235987 1.8630648928571392 0.0012744811960618029 -0.0070377762726193107 0.18008335806510914 0.0055305630467284471 1.6167274939172751 0.28815714285714328
decision_type=2 2 2 2 2 2 2 2 2 2 2 2 2 2 2 2 2 2 2 2 2 2 2 2 2 2 2 2 2 2
left_child=2 3 4 -2 7 21 9 17 -9 -7 -11 -12 14 -14 -13 16 -16 -1 -19 -5 -21 -3 -23 24 25 -24 -27 -28 29 -29
right_child=1 5 -4 19 -6 6 -8 8 -10 10 11 12 13 -15 15 -17 -18 18 -20 20 -22 22 23 -25 -26 26 27 28 -30 -31
leaf_value=-0.050265136862899643 0.11347721203249282 0.0092845509502776282 -0.045812837220070166 -0.034863730318801314 0.57846935298788182 -0.040504940947466241 0.084076298259131321 0.042550679273368107 0.28785438077935555 0.06993074464660877 -0.074916625740259604 -0.024237481841942934 0.084620937912468525 -0.050552573652857313 -0.00050754294612164765 0.14800407788422601 0.098625406648069042 -0.050285418400485685 0.98253732325542631 1.0309496477126421 -0.019261450974704785 -0.01397892153673116 0.0077007304163764084 -0.027225409887250397 -0.00089963936514050489 0.25290441616120612 -0.022590730541164998 -0.05455865829521378 0.0083199532666439289 0.18781967052044121
leaf_weight=1.9807062085019431 1.1844107746146608 572.16696630208753 151.001982419868 29.301154914777729 0.079374014399945625 4.3653602078557006 6.7759841568768016 1.0260815673973409 0.4377270450349896 8.2664200235158187 2.5003264620900181 3.397997284308075 2.1391937173902988 6.1304568536579609 5.9026180822402221 2.6420055758208045 3.5907287746667862 0.093526644865050357 0.048415363999083638 0.13868176285177369 1.5727683163713662 85.283482507569715 14.080156116746366 12.720295544713734 29.731401504017413 1.3055552891455597 3.9333961848169556 1.000813702121375 4.532623334787786 4.7302592126652598
leaf_count=694 54 37129 84121 9564 7 67 60 199 16 113 34 43 19 69 69 35 37 27 17 27 210 8749 379 283 582 34 130 18 111 99
internal_value=-0.00129979 0.00682254 -0.0436998 -0.0240539 0.0433419 0.00810496 0.0287581 0.0314986 0.115905 0.0191309 0.0266615 0.0130631 0.0223048 -0.0155859 0.042477 0.0611576 0.0369881 -0.0267089 0.302003 -0.0293064 0.065839 0.0068108 -0.00218627 0.0117753 0.0201393 0.0412839 0.0717856 0.05513 0.0849152 0.145493
internal_weight=962.061 807.393 154.668 32.197 3.66583 775.196 45.7111 3.58646 1.46381 38.9351 34.5697 26.3033 23.803 8.26965 15.5333 12.1354 9.49335 2.12265 0.141942 31.0126 1.71145 729.485 157.318 72.0345 59.3142 29.5828 15.5026 14.1971 10.2637 5.73107
internal_count=142996 57915 85081 9855 960 48060 546 953 215 486 419 306 272 88 184 141 106 738 44 9801 237 47514 10385 1636 1353 771 392 358 228 117
is_linear=0
shrinkage=0.05


Tree=33
num_leaves=31
num_cat=0
split_feature=11 4 8 13 13 11 4 12 13 10 11 7 12 10 12 0 0 12 1 4 10 14 13 7 0 12 12 13 13 11
split_gain=124.512 11.7789 8.21306 8.30705 11.198 27.7659 31.843 34.4979 31.592 37.8268 88.9519 30.9572 24.9341 20.3587 24.0538 17.2134 14.6581 11.8298 11.4019 14.068 10.4749 9.79786 16.5236 10.1945 9.76848 9.85673 39.3463 50.5836 28.3842 15.4442
threshold=0.0021524930485861409 0.0021003084829930465 1.9461282186751137 266.50000000000006 299.50000000000006 0.0043127531055747875 0.0040188005964271285 1.3175678571428551 294.50000000000006 0.0021352403143819827 0.002622021793658598 0.00091333941538365238 0.28020357142856928 0.0072411951399253835 0.47911071428571522 -0.0020581705725726258 0.00063692577205753953 3.2979249999999865 0.0079792561445586347 0.0089402070591235987 0.0035587262252821865 18.500000000000004 356.50000000000006 0.003648906034052012 0.0020163117584600658 0.23162689285714108 0.20966428571428611 375.50000000000006 327.50000000000006 0.0033026480839622526
decision_type=2 2 2 2 2 2 2 2 2 2 2 2 2 2 2 2 2 2 2 2 2 2 2 2 2 2 2 2 2 2
left_child=-1 -2 3 -3 5 8 7 12 17 10 -10 -12 -7 14 20 -16 -17 -5 19 24 -8 -20 -23 -24 25 26 -6 28 29 -28
right_child=1 2 -4 4 18 6 13 -9 9 -11 11 -13 -14 -15 15 16 -18 -19 21 -21 -22 22 23 -25 -26 -27 27 -29 -30 -31
leaf_value=-0.043424031450888245 -0.023540068439043424 -0.0030210769452985765 -0.018700484843596047 -0.028399470234073694 -0.00079455049340087917 0.64232968308152694 0.18348678971604265 1.0091585431540433 -0.051781448362878561 0.0080684328109879213 1.6754459183098342 0.64103872762969027 -0.05058973581029013 -0.036112771313163837 0.38141544202964733 -0.053409587319303876 0.20637251036731097 0.29569766532801073 -0.053997553495753983 0.018381469704208214 -0.051856448221914576 0.018656331277896929 0.059644656605584816 0.19169244277322181 -0.018037078682899731 -0.00023807738317036713 -0.050273075861955424 0.90439184234188197 -0.00033906552281048479 0.257306708174381
leaf_weight=148.1237047003815 31.522028733277693 127.03203429514542 28.521435551578179 13.577688282355666 21.628096844069663 0.21516579110175271 0.63459872640669202 0.18866375181823969 0.31904864241368958 0.85428441688418388 0.14483120036311448 0.14448949112556875 0.32734028319828212 2.548008787445724 1.0363721549510945 0.71016170503571752 2.3068252122029662 0.28751850919798094 4.3603691626340142 134.48348933830857 1.8545524282380936 170.67576685361564 5.6000402348581693 1.9778882618993519 66.412149464478716 187.99832961033098 0.47585402871482019 0.2093662645202129 2.8948694716673344 2.8672626519110054
leaf_count=85081 9855 7662 1779 2613 2954 13 28 16 66 152 28 17 44 54 32 22 65 11 197 2459 69 5322 284 22 5793 17701 120 33 339 165
internal_value=-0.00126699 0.00642504 0.00763557 0.00863475 0.0110048 0.0436902 0.109321 0.426767 0.00163568 0.222645 0.523957 1.15885 0.224232 0.0837882 0.130484 0.205613 0.145223 -0.0216788 0.00963383 0.00507085 0.00814333 0.0200526 0.021864 0.09411 -0.00126595 0.0038888 0.0315231 0.139935 0.114278 0.213526
internal_weight=959.932 811.809 780.287 751.765 624.733 25.1495 9.82169 0.73117 15.3279 1.46265 0.608369 0.289321 0.542506 9.09052 6.54251 4.05336 3.01699 13.8652 599.583 416.969 2.48915 182.614 178.254 7.57793 282.486 216.074 28.0754 6.44735 6.23799 3.34312
internal_count=142996 57915 48060 46281 38619 3230 343 73 2887 263 111 45 57 270 216 119 87 2624 35389 29564 97 5825 5628 306 27105 21312 3611 657 624 285
is_linear=0
shrinkage=0.05


Tree=34
num_leaves=31
num_cat=0
split_feature=11 28 11 12 30 13 13 11 7 3 6 28 8 15 15 30 15 7 13 28 14 28 2 7 29 15 29 9 9 9
split_gain=116.687 11.0374 10.875 10.6488 9.64953 8.47427 19.3501 25.7363 17.7241 15.8293 13.0319 12.6177 12.1931 12.1401 9.2314 8.74934 18.7624 8.83252 12.1567 9.98821 8.64552 12.8409 12.9971 8.22423 17.8071 18.1463 15.5677 19.0903 16.1002 10.4817
threshold=0.0021524930485861409 -0.0079942084046930352 0.0033026480839622526 2.9037142857142872 0.70470892222428916 266.50000000000006 276.50000000000006 0.0044090551805193124 0.003648906034052012 0.0084890398872418133 0.0011451583659632893 0.029894066988409861 1.9918306749742138 0.62162160482103002 0.92321984700238369 0.69652906509439483 0.26428571064504719 0.0015079429809109013 373.50000000000006 -0.029568442122393141 13.500000000000002 -0.0035673478621861122 -0.0078636098482839905 0.0019354340530009543 -0.21645870712590923 0.067164178603244903 -0.27876391510496906 0.71636084348967599 0.54597432271206203 2.0186497883110106
decision_type=2 2 2 2 2 2 2 2 2 2 2 2 2 2 2 2 2 2 2 2 2 2 2 2 2 2 2 2 2 2
left_child=1 -1 3 -2 5 11 7 -7 9 10 -9 -4 15 -11 -13 17 -17 19 23 -8 21 22 -21 24 25 -19 29 28 -28 -27
right_child=2 -3 4 -5 -6 6 12 8 -10 13 -12 14 -14 -15 -16 16 -18 18 -20 20 -22 -23 -24 -25 -26 26 27 -29 -30 -31
leaf_value=0.042068555175443313 -0.014370939607175632 -0.045403320963059393 -0.0056351434399784213 0.070376750461772219 -0.017958530158306885 -0.02216719078429899 0.050290271602141584 -0.051465883403151114 -0.061178360524835655 0.44104077172334971 0.18633298087765346 0.15319557648398952 -0.03247743865811166 0.19718557732830952 0.018751496206027833 0.40683175571905594 0.037506794805525538 0.39319893651506049 -0.047272810455329911 0.066103445019388904 0.0016359134559808812 -0.010077142419289219 0.31621852277582141 0.015359590002276883 0.015029856470302444 0.040013923052272055 0.099726928275317178 0.027596334663699481 0.42282548113404839 0.24133640808465751
leaf_weight=3.7030285055516279 83.841282278299332 138.16484857804608 122.23046995955519 3.8781264564022413 34.097704562824219 3.4841497545130533 11.641615636879576 0.88368698651902411 0.8358017848804592 0.80757773341611061 1.6554321190342305 2.1450816784054032 15.865363945718853 1.3868870418518779 3.1543429903686047 0.43370614317245726 1.6604375396855173 0.44298760220408695 6.9941767544951281 1.4436218256596478 245.97621755930595 2.3999782293103626 0.81130613409914065 221.04606716078706 31.411454308778048 14.367803336353974 0.65158941270783299 1.2102827986236659 0.94440592499449849 0.6769915842451163
leaf_count=960 21813 84121 7926 133 2715 372 185 42 16 20 44 28 729 35 40 20 92 5 175 33 15443 130 26 5801 1325 656 21 37 36 17
internal_value=-0.00126531 -0.0431201 0.0060081 -0.0106242 0.00801038 0.00928525 0.0119044 0.0844161 0.151093 0.188574 0.103572 -0.00236039 0.0107279 0.286926 0.0731713 0.0119923 0.113996 0.0115968 0.0178106 0.00501634 0.0029134 0.0704189 0.156093 0.0194919 0.0378688 0.0770838 0.0692392 0.177352 0.290916 0.0490731
internal_weight=958.246 141.868 816.379 87.7194 728.659 694.561 567.032 9.05354 5.56939 4.73358 2.53912 127.53 557.978 2.19446 5.29942 542.113 2.09414 540.018 277.746 262.273 250.631 4.65491 2.25493 270.752 49.7055 18.2941 17.8511 2.80628 1.596 15.0448
internal_count=142996 85081 57915 21946 35969 33254 25260 529 157 141 86 7994 24731 55 68 24002 112 23890 8073 15817 15632 189 59 7898 2097 772 767 94 57 673
is_linear=0
shrinkage=0.05


Tree=35
num_leaves=31
num_cat=0
split_feature=10 10 6 6 8 15 29 30 13 10 7 7 0 29 10 14 14 0 0 14 1 29 29 27 8 6 6 6 6 13
split_gain=90.5576 20.5704 13.7766 8.68511 8.18746 18.4061 19.0088 38.3332 10.556 17.042 10.3815 7.43352 7.06249 13.7125 7.61152 6.4104 17.2032 60.1575 6.33502 22.3056 5.8139 8.76084 12.845 7.57859 8.7019 7.39467 11.1767 9.89618 7.1578 7.4624
threshold=0.0015437748991689705 0.0030466001574620126 0.00041042759717083816 0.00090800896343155879 0.79681593959882091 0.91999998773333524 -0.015131968659025328 -0.20310387437821234 246.50000000000003 0.0022154379153911893 0.0013220736489010505 0.004704845534017006 -0.0010580921311104106 -0.7586078596117477 0.0002536818600247327 115.50000000000001 113.50000000000001 0.00077911066818969765 0.0042678826185463823 140.50000000000003 0.062552159404168931 3.0555075907511933 2.3465524510927285 2.7131163136413012 1.1010267744806732 0.00049686149171449478 0.00025437218248526079 0.0066030673636791664 0.00041486890142710585 244.50000000000003
decision_type=2 2 2 2 2 2 2 2 2 2 2 2 2 2 2 2 2 2 2 2 2 2 2 2 2 2 2 2 2 2
left_child=3 2 18 11 5 8 10 -8 9 -4 -7 -1 13 -5 -15 16 -10 -18 -2 -20 28 22 23 24 -22 26 -23 -27 -3 -30
right_child=1 20 4 12 -6 6 7 -9 15 -11 -12 -13 -14 14 -16 -17 17 -19 19 -21 21 25 -24 -25 -26 27 -28 -29 29 -31
leaf_value=-0.045362912937005534 -0.035568141383464223 -0.0037176535935385942 0.40225975914584811 0.43747451935368853 -0.010301495691007585 -0.050394317250398279 -0.050308435192347706 0.99240090207606735 0.012662206433368932 -0.051313446117770889 0.26413786155102437 0.33242171398078746 -0.027217041112544957 0.46046659201307716 0.013281888128162759 -0.050335897075103754 -0.050373165397206571 2.0051490626170732 0.0080938028349662652 0.64574217886592677 -0.074607506012191835 0.010826816289939393 0.19251410586583889 0.11599687961823116 0.078161150997874518 -0.0068467127803857435 0.16369481075648651 0.074484080748879786 -0.015818879024064338 0.011360906181476864
leaf_weight=115.1274242689833 53.317230719840154 121.34137910464779 0.43765805452130635 0.20456635497976083 73.639562286320142 0.58808645268436499 0.1632632011314854 0.19156701699830492 27.347258940106265 0.39310356974601746 0.4736276485491544 0.13035796745680173 19.191749109420925 0.09679469466209667 5.6219171625562012 4.2147027003811663 0.13260644569527258 0.048654830316081643 3.1723406149540092 0.14334591617807735 1.9980809222906821 2.9999252818524829 1.7818424962460993 2.0634162556380033 1.7473061382770536 24.108416135422889 1.9881124934181569 4.4270410276949397 26.728035452309996 457.85264037665911
leaf_count=68077 19097 7296 26 39 14156 137 44 23 6591 38 34 11 7384 1 1110 1026 44 19 441 8 33 53 22 24 16 344 31 43 1114 15743
internal_value=-0.00205018 0.00436546 -0.0114359 -0.03913 -0.000932325 0.0193657 0.195804 0.512633 0.011693 0.187636 0.0899176 -0.0449356 -0.0124869 0.0352394 0.0208509 0.00708832 0.0158801 0.501378 -0.0313979 0.035661 0.00837695 0.026572 0.0750765 0.0390527 -0.00333754 0.0155892 0.0717563 0.00577109 0.00714235 0.00986175
internal_weight=951.672 811.299 164.263 140.373 107.63 33.9905 1.41654 0.35483 32.574 0.830762 1.06171 115.258 25.115 5.92328 5.71871 31.7432 27.5285 0.181261 56.6329 3.31569 647.036 41.1141 7.59065 5.8088 3.74539 33.5235 4.98804 28.5355 605.922 484.581
internal_count=143025 66403 41684 76622 22138 7982 238 67 7744 64 171 68088 8534 1150 1111 7680 6654 63 19546 449 24719 566 95 73 49 471 84 387 24153 16857
is_linear=0
shrinkage=0.05


Tree=36
num_leaves=31
num_cat=0
split_feature=4 11 5 14 30 30 12 10 3 30 14 27 3 12 12 10 0 0 2 30 11 11 8 27 12 8 4 27 12 4
split_gain=99.436 19.3217 10.0159 25.7356 57.2695 18.8893 10.3498 13.0091 9.45345 18.7698 26.6742 15.0315 8.47327 16.1306 10.1841 8.46876 10.8547 8.04795 7.12603 8.90778 8.74471 18.2401 19.3763 14.1587 18.4638 12.9555 10.0208 8.73998 16.7077 11.7872
threshold=0.002492278937732963 0.0036543222035570811 0.00012249705392477321 31.500000000000004 0.37545299884706784 -1.6021578349083447 0.18428753571428508 0.002323094216751967 -0.010531127747812117 0.70470892222428916 24.500000000000004 1.5430232246286655 0.029794296398542922 0.26744285714285637 0.24320714285714426 0.013759243051072061 -0.0022756985659854729 0.00092983251393241606 0.066799068693999777 0.82770239866212536 0.012721247466787584 0.010882286904025748 0.94470534179853038 5.0681271548519851 0.81357142857142872 1.9461282186751137 0.0082886992840119755 0.82395737052351758 4.0704964285714258 0.011933223486939117
decision_type=2 2 2 2 2 2 2 2 2 2 2 2 2 2 2 2 2 2 2 2 2 2 2 2 2 2 2 2 2 2
left_child=15 2 3 4 5 -2 7 -5 9 -4 -11 -12 -10 14 -14 -1 -17 -18 19 -3 21 -20 -23 24 -22 26 -26 29 -29 -28
right_child=1 18 8 6 -6 -7 -8 -9 12 10 11 -13 13 -15 -16 16 17 -19 20 -21 23 22 -24 -25 25 -27 27 28 -30 -31
leaf_value=-0.040719811345439096 1.0114668674661353 0.007277881467088099 0.0024602693267250283 -0.05014334687870442 1.1661801816902044 -0.050393190634795484 -0.050403842637877727 0.58459772193640969 -0.026795690923315803 0.78212359530980202 -0.050503130429109838 0.47277039034795298 0.043796887179505271 -0.050974507528570426 0.34571112764192202 0.38321020928800364 -0.0510703652104951 0.15598662672273869 -0.034789032203461877 -0.043457809372046942 -0.036986437846229472 0.25663613439049099 0.04719307813479303 0.063080073490939928 -0.013577554027179873 0.18724623236639115 0.16485087442083379 -0.015162054278596078 0.16256709892102231 0.033069203007172233
leaf_weight=148.39330069918651 0.047095760237425566 608.34626250737347 24.914767743204724 0.16626313456799868 0.16433660814072937 0.37826788192614857 1.7176648268941788 0.15689728851430118 83.969478823011741 0.17960996855981548 0.48732402932364494 0.1910441773943603 0.51735339721199058 1.318615280324593 0.60706487181596458 0.22806775942444835 1.3695943611674004 0.71392184635624278 2.3859323132783166 8.7761279912665469 16.952987397089601 1.9186458364129064 2.6016796627081931 13.292957886122165 11.729802705813205 1.2328728982247401 2.9714391306042698 7.691974248737095 1.5968365259468553 3.955777496099472
leaf_count=85377 18 25178 4591 70 30 105 434 17 25091 17 96 35 43 138 10 11 112 29 46 540 245 39 37 167 276 17 51 132 18 55
internal_value=-0.00199054 0.00504186 -0.0139371 0.0825035 0.373444 0.0671747 -0.00156412 0.258029 -0.0161984 0.0103785 0.240316 0.0968628 -0.0241251 0.0676666 0.206798 -0.0392405 0.0557256 0.0198782 0.0082302 0.00655637 0.023803 0.0770563 0.136091 0.017614 0.00451282 0.0286241 0.0216263 0.0470908 0.0153913 0.0895971
internal_weight=948.974 798.269 114.816 2.63053 0.5897 0.425364 2.04083 0.32316 112.185 25.7727 0.857978 0.678368 86.4125 2.44303 1.12442 150.705 2.31158 2.08352 683.453 617.122 66.3309 6.90626 4.52033 59.4246 46.1317 29.1787 27.9458 16.216 9.28881 6.92722
internal_count=143025 57496 30695 674 153 123 521 87 30021 4739 148 131 25282 191 53 85529 152 141 26801 25718 1083 122 76 961 794 549 532 256 150 106
is_linear=0
shrinkage=0.05


Tree=37
num_leaves=31
num_cat=0
split_feature=11 4 13 2 9 11 28 9 2 13 30 3 30 12 11 14 12 15 6 4 6 4 9 10 28 1 13 3 11 3
split_gain=93.6733 16.1446 13.2896 12.3656 16.126 20.8392 14.2567 11.4535 10.0859 27.5416 58.7495 81.6114 17.4498 17.2894 46.8285 10.7086 17.6966 17.673 15.6252 9.66258 11.7195 34.4816 9.63388 9.07234 12.1219 36.6186 10.3668 21.7592 48.9989 36.155
threshold=0.0021524930485861409 0.0058153936362339122 246.50000000000003 -0.011786879064648812 0.81004626872624019 0.0022688768556165576 0.003262741352707006 1.4323870933962979 0.0043271273609422076 337.50000000000006 0.60991437623559286 0.014056810675953215 -5.8812992357619471 0.20132857142856994 0.003805697753778398 77.500000000000014 1.5646000000000038 0.65789472241458913 0.00089920280481772688 0.0054195442369416669 9.7445941872915652e-05 0.0023377490815985852 0.11235840074146541 0.0057714084255894174 0.0020347269797205149 0.005939141338135224 375.50000000000006 -0.011193388017085025 0.0024162775203725537 -0.013752308770254627
decision_type=2 2 2 2 2 2 2 2 2 2 2 2 2 2 2 2 2 2 2 2 2 2 2 2 2 2 2 2 2 2
left_child=2 3 7 4 5 -2 23 -1 9 12 13 -12 -8 14 -11 -14 -17 18 -18 20 21 -15 -10 26 -25 -26 -5 28 29 -28
right_child=1 -3 -4 6 -6 -7 8 -9 22 10 11 -13 15 19 -16 16 17 -19 -20 -21 -22 -23 -24 24 25 -27 27 -29 -30 -31
leaf_value=0.27973963114113071 0.46029779781208752 0.0095819878345492961 -0.043407259587779419 -0.028793235628080234 -0.0096395042813948121 0.036366395844515897 0.48667301148860953 -0.051565696774231021 0.19676682565168233 -0.050302041590960168 -0.050373614318899224 1.430058535415617 -0.043848972346738221 1.147030423339743 0.67255656655988849 -0.0050878801038652865 0.658310800013863 0.057082202436068867 0.17964594628526859 0.30174389471208685 -0.050559079021628643 -0.050294744452684018 -0.0054704387283508139 0.0010622536729527029 0.46973120269233848 -0.050980575934815246 0.26448152152968535 -0.020327717464944706 0.051177911397742228 1.3642340919301359
leaf_weight=0.59475462976843008 0.292647756170484 520.02750361198559 125.75846431218088 109.76459049771074 33.557189453276806 30.744508700212464 0.18574559828266757 0.46468520956113935 0.5926086159888645 0.49096729734446842 0.17231074138544489 0.20248841168358922 7.3396038077771646 0.083527954062447729 0.41211558599025011 5.4711025828728452 0.28137144236825395 1.2637748944107441 0.43264196114614606 0.28296651202253986 2.0343817152315751 0.21467867284081876 93.321793189039454 6.6155241043306869 0.57371044810861327 0.82051981240510941 0.1586410301970318 3.2227328665321684 0.96823114901781082 0.14129779580980517
leaf_count=24 36 13619 85061 23717 3002 2365 24 24 57 127 50 22 1277 32 12 1044 21 62 27 22 421 57 10597 413 28 67 30 674 94 19
internal_value=-0.00193181 0.00425535 -0.0419216 -0.00498901 0.0143867 0.0403636 -0.0103137 0.134424 0.00250764 0.0358667 0.154338 0.749442 0.00506325 0.090948 0.279569 -0.000985841 0.0412484 0.169427 0.368274 0.025822 -0.00765012 0.285077 -0.0041943 -0.0221406 0.0293001 0.163287 -0.0257468 0.0487123 0.22416 0.782563
internal_weight=946.487 819.669 126.818 299.642 64.5943 31.0372 235.047 1.05944 112.782 18.8677 3.89344 0.374799 14.9742 3.51864 0.903083 14.7885 7.44889 1.97779 0.714013 2.61555 2.33259 0.298207 93.9144 122.265 8.00975 1.39423 114.255 4.4909 1.26817 0.299939
internal_count=143025 57916 85109 44297 5403 2401 38894 48 13852 3198 743 72 2455 671 139 2431 1154 110 48 532 510 89 10654 25042 508 95 24534 817 143 49
is_linear=0
shrinkage=0.05


Tree=38
num_leaves=31
num_cat=0
split_feature=4 11 3 6 30 14 9 10 14 12 0 10 9 2 3 9 18 28 3 30 28 3 27 2 6 2 4 13 7 4
split_gain=88.2424 16.4064 8.50453 10.7492 10.1095 10.7232 13.6033 9.78444 9.17706 45.8566 19.0671 7.4228 10.1848 7.21515 8.27169 35.2061 7.33026 7.13929 16.281 8.6797 6.96732 11.4756 12.8394 18.5838 37.553 16.6711 10.8373 8.04098 9.85012 13.4694
threshold=0.002492278937732963 0.0036543222035570811 -0.010531127747812117 0.00057578358937334555 0.70470892222428916 61.500000000000007 0.46033510151516022 0.0072411951399253835 8.5000000000000018 0.13299999999999992 -0.0049261083743842851 0.013759243051072061 0.16575781076595489 -0.014605390358622903 -0.029545204642209718 0.72773183116133688 0.0066761584031729557 0.011449417688399615 0.009671255776341094 -2.5636932891238335 0.0055535444799457269 -0.0049667171843503768 0.91616335788449421 0.0073820963237298818 0.00084225883291051641 0.001695163916005993 0.0097941211491557219 303.50000000000006 0.00071475992083865709 0.0041636088470934666
decision_type=2 2 2 2 2 2 2 2 2 2 2 2 2 2 2 2 2 2 2 2 2 2 2 2 2 2 2 2 2 2
left_child=11 2 4 7 13 6 -6 -4 9 -5 -11 17 -13 -2 15 -15 -16 -1 -19 -20 27 -22 23 24 -23 -26 -24 28 -10 -30
right_child=1 -3 3 8 5 -7 -8 -9 20 10 -12 12 -14 14 16 -17 -18 18 19 -21 21 22 26 -25 25 -27 -28 -29 29 -31
leaf_value=-0.041328139387071 -0.042926603583129358 0.007368826364293893 -0.042359501940278162 1.401013293942847 0.47930053030184977 -0.050513267419442467 0.064720246976958204 0.45656401224963439 -0.03692800681077027 0.99151933497955713 -0.050277780003127298 0.19573963342683712 -0.021755906205160564 0.79202490084929722 0.011343803169433257 -0.050556282534635191 0.43413570735358686 0.35500653199122145 0.42093283972648471 -0.050349386968244716 0.36670867467770929 1.1232476094967283 -0.013050200370810578 0.037712437787670652 0.57643377126592854 -0.050367880286849291 0.29844561610633646 -0.034397412172149304 0.16806516983958958 -0.0079565794238938992
leaf_weight=136.13717374939006 6.0987292976351517 691.54378196201287 37.331486397772096 0.068908901885150864 0.3748648976907123 0.42589077923912555 0.41905073274392635 0.098526377230881645 3.7110292684519646 0.047899039927870035 0.52864015579689294 0.78788630757480804 1.6988959214650092 0.17765797162429109 18.948089860845357 0.41028400731738657 0.10307714994996686 0.36856584367342193 0.10522657656110812 1.3653967584250493 0.23674443969503123 0.12777659751008963 11.385686417459507 1.6386751264799384 0.1589984311722219 0.31875321257393807 0.28624565433710891 25.023862980306149 2.0305292226839811 2.3384419044014066
leaf_count=85023 672 26801 13350 28 31 78 43 7 1159 2 163 23 129 16 3956 53 6 35 7 312 11 24 2092 221 12 77 20 7820 535 319
internal_value=-0.00189888 0.00449041 -0.0132365 -0.0209706 0.0112452 0.151894 0.260474 -0.0410462 -0.0052838 0.181976 0.036275 -0.0384631 0.0471531 0.00457934 0.0193318 0.204046 0.0136313 -0.0400062 0.057846 -0.016628 -0.00784146 0.0215207 0.0156483 0.125176 0.361869 0.158235 -0.00541099 -0.0203947 0.0229721 0.0738515
internal_weight=944.297 803.834 112.29 85.3322 26.9576 1.21981 0.793916 37.43 47.9022 0.645448 0.576539 140.463 2.48678 25.7378 19.6391 0.587942 19.0512 137.976 1.83919 1.47062 47.2567 14.1529 13.9161 2.2442 0.605528 0.477752 11.6719 33.1039 8.08 4.36897
internal_count=143025 57496 30695 25840 4855 152 74 13357 12483 193 165 85529 152 4703 4031 69 3962 85377 354 319 12290 2457 2446 334 113 89 2112 9833 2013 854
is_linear=0
shrinkage=0.05


Tree=39
num_leaves=31
num_cat=0
split_feature=11 11 13 2 29 29 12 11 11 12 11 5 8 24 8 13 11 27 30 14 13 15 2 11 11 27 12 8 8 15
split_gain=83.5231 13.9884 12.1362 7.41442 9.87604 8.55127 8.98761 7.62898 8.6594 8.4493 7.93299 8.80166 7.16924 7.13527 7.46331 11.4734 7.3994 9.44158 7.8467 9.53575 17.8299 7.1126 6.96295 6.76574 14.1265 12.5591 17.214 11.6439 10.7224 9.82107
threshold=0.0020661070366961233 0.0036543222035570811 246.50000000000003 0.066799068693999777 -0.8269677266102845 2.3465524510927285 0.088571428571427455 0.022623786894630984 0.026661401687223148 1.3999499999999971 0.016895171655248873 0.012610974203489909 1.4660817851171022 1.0000000180025095e-35 1.1645985456432466 321.50000000000006 0.0070081580575834081 0.65503604135414462 -0.13224515669515782 60.500000000000007 338.50000000000006 0.059999998999992817 -0.0099203804175079773 0.012721247466787584 0.010882286904025748 5.0681271548519851 0.81357142857142872 0.94470534179853038 1.1010267744806732 0.94029550133663353
decision_type=2 2 2 2 2 2 2 2 2 2 2 2 2 2 2 2 2 2 2 2 2 2 2 2 2 2 2 2 2 2
left_child=2 -2 -1 4 -3 13 -7 10 9 -9 11 -8 -10 -6 15 21 18 -18 19 20 -17 -15 -4 24 -5 26 -25 -26 -28 -30
right_child=1 3 22 23 5 6 7 8 12 -11 -12 -13 -14 14 -16 16 17 -19 -20 -21 -22 -23 -24 25 27 -27 28 -29 29 -31
leaf_value=0.12179634927145894 -0.012852563857165706 -0.044318105267578525 0.032565543052467512 -0.03436909939650773 0.010047420482796561 0.25510631055294758 -0.012471286694633276 0.1734393688935871 -0.021919970514987158 0.021377140727843576 -0.052691790528826769 0.038227636521678904 0.073672513677884049 0.074326687720992476 -0.044379373247864298 0.29330938780050986 0.023713619790524325 0.18916756890947231 -0.015577095355375492 -0.052794932598841882 0.016884480134321873 -0.025313108198037365 -0.045930097173077777 -0.03646128891423045 0.19429693489940136 0.057661245519372899 0.0067673904378042736 0.042550002619821559 0.09715498311883336 -0.030199887705455505
leaf_weight=1.1163020827807475 111.30314195656683 10.180405444232745 2.9006013073958448 2.3545495895668855 467.4944621741306 0.32683457341045041 85.344886801438406 1.7367270924150935 7.3402931392192823 1.9272612296044827 10.757722153561188 9.5150874722748977 2.6766143515706062 1.9307109049987072 11.837041101884095 1.0002215590793637 1.8314439374953502 1.6293354714289305 6.4822772345505646 0.98309913603588928 1.3997088461183009 24.756124546518549 108.61573237506673 16.910119978245348 2.3834356125444174 14.159692915156482 21.162130231037739 2.6919188462197781 7.4123036628589016 1.9022992830723522
leaf_count=42 28041 894 877 47 23902 36 3753 24 99 29 221 158 31 72 644 28 17 24 262 44 44 1298 81380 256 40 170 421 37 104 30
internal_value=-0.00184537 0.00364088 -0.0422463 0.00619721 0.00454111 0.00531957 -0.00673249 -0.00744983 0.0276817 0.0934545 -0.0120005 -0.00738585 0.00362326 0.00809563 -0.0095023 0.000815399 0.0387044 0.101609 0.0166371 0.0783632 0.13209 -0.0181045 -0.0438884 0.0217831 0.066853 0.0163422 0.00399564 0.113812 0.0264433 0.0711456
internal_weight=942.062 829.43 112.633 718.127 649.15 638.97 119.625 119.299 13.6809 3.66399 105.618 94.86 10.0169 519.344 51.85 40.0129 13.3261 3.46078 9.86531 3.38303 2.39993 26.6868 111.516 68.9765 7.4299 61.5465 47.3869 5.07535 30.4767 9.3146
internal_count=143025 60726 82299 32685 31580 30686 4351 4315 183 53 4132 3911 130 26335 2433 1789 419 41 378 116 72 1370 82257 1105 124 981 811 77 555 134
is_linear=0
shrinkage=0.05


Tree=40
num_leaves=31
num_cat=0
split_feature=4 10 12 6 12 10 10 28 12 3 14 14 3 3 5 3 0 10 7 14 28 30 18 27 7 0 10 10 27 30
split_gain=79.2304 10.4081 12.8257 11.4949 11.9695 9.47059 12.4578 17.3561 11.0649 11.8915 8.33023 19.9167 26.8319 50.1062 12.6545 10.9622 8.2802 17.4154 45.8511 7.97599 17.7552 12.5892 16.9096 9.94488 23.5899 16.646 14.3773 15.1006 15.2902 10.5335
threshold=0.0022675296245113722 0.0032747137165452089 1.3175678571428551 0.00057578358937334555 0.32027499999999859 0.0016593105448546458 0.0016721408614410462 0.0066655148454454255 0.45231428571428728 -0.0011390919873284775 32.500000000000007 29.500000000000004 -0.0010672447651427495 0.0022491189207581867 0.00012249705392477321 -0.040996003740239255 0.0015162921318753189 0.0017101406384462936 0.00048313846748482237 76.500000000000014 -0.011505472540621144 0.37545299884706784 0.0014953885342122908 1.3655670939480737 0.0013419251626847961 -0.0028838379083664374 0.0027908603117183461 0.0015883411673928683 1.822225811074917 -1.2619863376027434
decision_type=2 2 2 2 2 2 2 2 2 2 2 2 2 2 2 2 2 2 2 2 2 2 2 2 2 2 2 2 2 2
left_child=5 2 3 -2 -5 -1 7 8 -7 -10 11 15 -13 -14 -15 -6 -8 18 -18 20 21 22 -4 -21 25 -25 27 -27 -29 -30
right_child=1 -3 19 4 10 6 16 -9 9 -11 -12 12 13 14 -16 -17 17 -19 -20 23 -22 -23 -24 24 -26 26 -28 28 29 -31
leaf_value=-0.047754055868320787 -0.029256880161609523 0.0079927400898326603 -0.03634509968326257 0.020329363038016066 0.59487093727903928 -0.05009983177505533 -0.028786292572052237 1.239447741736631 0.71957415375149791 -0.050099985462964208 -0.021900861852654496 -0.05094320517687187 1.2284876729987675 0.50135594716187926 -0.050212598834681169 -0.0053302403277188711 -0.05008182174901385 0.028812716864419486 1.703237999084015 0.0079080416565236577 -0.027296045182093588 0.25179345116499879 0.26418510481241997 0.54596045901803913 -0.0058772159193972405 -0.0037175035056388759 -0.014327418137276905 -0.050831700194474999 0.051625609800121909 0.32332626492340411
leaf_weight=85.566767972544767 57.737398053635843 627.03761501377448 1.8627180027542669 39.177036363398656 0.076987132430076488 0.30505758570507424 27.526318863034252 0.038768774480558932 0.12921821721829474 0.082048698794096708 53.997207442531362 0.45266837964300066 0.1561579785775391 0.17944730294402689 0.24729383760131896 6.4255134939448899 0.10782059305347447 3.0969206991139799 0.057000545784831047 10.32389194937423 14.708128996891899 0.96667743148282159 0.625135086942464 0.25137232360430051 4.5516315570566803 0.88180672889575218 1.3021569140255449 0.4114793909247968 0.42884528543800193 2.1210866875480856
leaf_count=65501 20061 20748 113 8452 1 207 11785 14 23 46 9370 114 36 8 103 1613 71 1146 9 860 2195 34 25 22 206 84 96 54 15 138
internal_value=-0.000621913 0.00484374 -0.00518517 -0.0114704 -0.00127359 -0.0391411 -0.0156278 0.219134 0.142523 0.42066 -0.0150273 0.0342097 0.237867 0.462152 0.181725 0.00177591 -0.0198604 0.0554662 0.556274 0.020726 -0.00333762 0.0986686 0.0391706 0.0422854 0.0779604 0.148669 0.12926 0.17791 0.231993 0.277632
internal_weight=940.832 823.922 196.885 158.45 100.712 116.91 31.3432 0.555093 0.516325 0.211267 61.5353 7.53807 1.03557 0.582899 0.426741 6.5025 30.7881 3.26174 0.164821 38.4349 18.1627 3.45453 2.48785 20.2723 9.94838 5.39675 5.14538 3.84322 2.96141 2.54993
internal_count=143150 64348 43600 39758 19697 78802 13301 290 276 69 11245 1875 261 147 111 1614 13011 1226 80 3842 2367 172 138 1475 615 409 387 291 207 153
is_linear=0
shrinkage=0.05


Tree=41
num_leaves=31
num_cat=0
split_feature=11 4 8 2 2 18 13 14 0 5 27 1 6 6 27 11 13 5 28 8 5 5 1 8 3 30 13 4 8 2
split_gain=81.8024 9.26401 9.03627 8.24296 8.22716 9.39561 7.89778 7.43608 9.19884 7.29006 8.26652 7.20642 7.41657 9.63473 16.4893 19.578 10.5811 12.5984 16.5665 18.6988 48.46 12.63 11.2178 9.48699 9.27914 9.24722 9.38308 14.9729 9.82758 9.61618
threshold=0.0021524930485861409 0.0067706402426078944 1.4660817851171022 -0.0099203804175079773 -0.016947237816599899 0.00047661723467288261 372.50000000000006 24.500000000000004 0.0022859236194098247 0.0019041088486910552 6.1405036299425602 -0.028250911434256672 0.0020814498674128538 0.0024675599884197391 1.4118448410162223 0.0063384599633355921 303.50000000000006 0.0053725001681985051 0.0064763747742097215 0.81497762380676575 0.0038324941989045769 0.0024861135112054364 0.062552159404168931 0.90482514011794957 0.00052734232295958982 -2.0287379561555299 303.50000000000006 0.0075288878646638377 0.6310897231141458 0.055734057244565156
decision_type=2 2 2 2 2 2 2 2 2 2 2 2 2 2 2 2 2 2 2 2 2 2 2 2 2 2 2 2 2 2
left_child=3 2 -2 7 -3 6 9 -1 -9 10 -6 -11 25 14 23 -16 17 18 -15 20 -20 -21 -23 -14 -19 26 29 -28 -29 -13
right_child=1 4 -4 -5 5 -7 -8 8 -10 11 -12 12 13 16 15 -17 -18 24 19 21 -22 22 -24 -25 -26 -27 27 28 -30 -31
leaf_value=0.12683178893286459 0.0011393463304951864 -0.00011661243687726119 -0.028218166699235377 -0.043913934905052028 0.010724139980487702 0.00061438970658664598 -0.053390893319964716 -0.050352927064206132 0.43697221340082165 0.097768237291715576 -0.057291797546170503 -0.0097629292459417445 0.17137317773737987 -0.0020831205596730114 0.16213817410720127 -0.043913134101879393 0.01144187223585769 0.13525216916597585 0.023590101324097088 0.22004099761474155 0.45648603837386564 -0.019579013915090867 0.12466719750313691 0.059584579619481548 -0.0040697667975477855 0.005681395731408587 0.29054261679972548 0.20239117239355542 0.021917123164112724 0.068125065873122392
leaf_weight=1.3434524192707606 352.36328872083686 147.86654017725959 28.317938178661279 105.1833956153132 34.98738749185577 88.919795883819461 3.6082879132591179 1.8899986637989057 0.10206502676010121 3.402863258495926 5.1211379901505998 8.9693338065408224 4.3041895246133191 3.7429542080499258 1.5714747034944592 4.3271397668868303 39.027364119421691 1.3694847002625454 1.3131159599870428 1.2770247589796779 1.2734219431877134 2.9952146355062723 2.4506276808679104 3.3948204815387726 9.3861890221014601 68.993448096327484 0.87616279860958357 0.98046618420630682 3.2704347027465701 7.0994428340345612
leaf_count=204 43279 2828 4783 84172 696 2612 115 774 11 29 83 257 70 102 30 72 664 18 32 24 22 70 31 67 140 1723 35 25 75 107
internal_value=-0.000632341 0.00469793 -0.00104449 -0.04146 0.00955008 0.0142728 0.0199549 0.035924 -0.0253844 0.0212143 0.00203973 0.0257375 0.0242665 0.0357254 0.0738864 0.0109819 0.0274673 0.053737 0.0867541 0.122472 0.236716 0.0785182 0.0453317 0.122081 0.0136696 0.0145554 0.0434407 0.102335 0.0635433 0.0246492
internal_weight=939.728 831.21 380.681 108.519 450.528 302.662 213.742 3.33552 1.99206 210.134 40.1085 170.025 166.622 76.433 13.5976 5.89861 62.8354 23.808 13.0524 9.3094 2.58654 6.72287 5.44584 7.69901 10.7557 90.1893 21.1958 5.12706 4.2509 16.0688
internal_count=143150 57989 48062 85161 9927 7099 4487 989 785 4372 779 3593 3564 1342 239 102 1103 439 281 179 54 125 101 137 158 2222 499 135 100 364
is_linear=0
shrinkage=0.05


end of trees

feature_importances:
atr=127
volatility_20=123
volatility_5=94
range_pct=73
time_since_open=73
upper_wick=71
distance_from_vwap=70
returns_20=64
returns_10=63
lower_wick=49
volume_ratio=49
pressure_ratio=48
time_to_close=47
pv_divergence=46
volume_ratio_20=45
volume_momentum=43
returns_5=40
price_position=40
body_pct=32
returns=31
fvg_size_pct=23
displacement_down=3
liquidity_grab_low=2
bos_down=2
fvg_down=1
bos_up=1

parameters:
[boosting: gbdt]
[objective: binary]
[metric: auc]
[tree_learner: serial]
[device_type: cpu]
[data_sample_strategy: bagging]
[data: ]
[valid: ]
[num_iterations: 500]
[learning_rate: 0.05]
[num_leaves: 31]
[num_threads: 0]
[seed: 0]
[deterministic: 0]
[force_col_wise: 0]
[force_row_wise: 0]
[histogram_pool_size: -1]
[max_depth: -1]
[min_data_in_leaf: 20]
[min_sum_hessian_in_leaf: 0.001]
[bagging_fraction: 0.8]
[pos_bagging_fraction: 1]
[neg_bagging_fraction: 1]
[bagging_freq: 5]
[bagging_seed: 3]
[bagging_by_query: 0]
[feature_fraction: 0.8]
[feature_fraction_bynode: 1]
[feature_fraction_seed: 2]
[extra_trees: 0]
[extra_seed: 6]
[early_stopping_round: 0]
[early_stopping_min_delta: 0]
[first_metric_only: 0]
[max_delta_step: 0]
[lambda_l1: 0]
[lambda_l2: 0]
[linear_lambda: 0]
[min_gain_to_split: 0]
[drop_rate: 0.1]
[max_drop: 50]
[skip_drop: 0.5]
[xgboost_dart_mode: 0]
[uniform_drop: 0]
[drop_seed: 4]
[top_rate: 0.2]
[other_rate: 0.1]
[min_data_per_group: 100]
[max_cat_threshold: 32]
[cat_l2: 10]
[cat_smooth: 10]
[max_cat_to_onehot: 4]
[top_k: 20]
[monotone_constraints: ]
[monotone_constraints_method: basic]
[monotone_penalty: 0]
[feature_contri: ]
[forcedsplits_filename: ]
[refit_decay_rate: 0.9]
[cegb_tradeoff: 1]
[cegb_penalty_split: 0]
[cegb_penalty_feature_lazy: ]
[cegb_penalty_feature_coupled: ]
[path_smooth: 0]
[interaction_constraints: ]
[verbosity: -1]
[saved_feature_importance_type: 0]
[use_quantized_grad: 0]
[num_grad_quant_bins: 4]
[quant_train_renew_leaf: 0]
[stochastic_rounding: 1]
[linear_tree: 0]
[max_bin: 255]
[max_bin_by_feature: ]
[min_data_in_bin: 3]
[bin_construct_sample_cnt: 200000]
[data_random_seed: 1]
[is_enable_sparse: 1]
[enable_bundle: 1]
[use_missing: 1]
[zero_as_missing: 0]
[feature_pre_filter: 1]
[pre_partition: 0]
[two_round: 0]
[header: 0]
[label_column: ]
[weight_column: ]
[group_column: ]
[ignore_column: ]
[categorical_feature: ]
[forcedbins_filename: ]
[precise_float_parser: 0]
[parser_config_file: ]
[objective_seed: 5]
[num_class: 1]
[is_unbalance: 0]
[scale_pos_weight: 1]
[sigmoid: 1]
[boost_from_average: 1]
[reg_sqrt: 0]
[alpha: 0.9]
[fair_c: 1]
[poisson_max_delta_step: 0.7]
[tweedie_variance_power: 1.5]
[lambdarank_truncation_level: 30]
[lambdarank_norm: 1]
[label_gain: ]
[lambdarank_position_bias_regularization: 0]
[eval_at: ]
[multi_error_top_k: 1]
[auc_mu_weights: ]
[num_machines: 1]
[local_listen_port: 12400]
[time_out: 120]
[machine_list_filename: ]
[machines: ]
[gpu_platform_id: -1]
[gpu_device_id: -1]
[gpu_use_dp: 0]
[num_gpu: 1]

end of parameters

pandas_categorical:[]
