signal_timestamp,entry_timestamp,exit_timestamp,symbol,side,shares,entry_price,exit_price,hold_bars,gross_pnl,fee,spread,net_pnl,oos_month
2023-08-03 13:25:00,2023-08-03 13:26:00,2023-08-03 13:37:00,AAOI,SHORT,265,7.54,7.67,10,-34.449999999999974,1.855,0.99905,-37.30404999999997,2023-08
2023-08-03 13:26:00,2023-08-03 13:27:00,2023-08-03 13:38:00,AAOI,SHORT,262,7.6,7.5962,10,0.9956000000000067,1.834,0.9955999999999999,-1.8339999999999934,2023-08
2023-08-03 13:27:00,2023-08-03 13:28:00,2023-08-03 13:39:00,AAOI,SHORT,264,7.54,7.5917,10,-13.64880000000008,1.848,0.9952799999999999,-16.49208000000008,2023-08
2023-08-03 13:28:00,2023-08-03 13:30:00,2023-08-03 13:40:00,AAOI,SHORT,265,7.4999,7.56,10,-15.926499999999834,1.855,0.9937367500000001,-18.775236749999834,2023-08
2023-08-11 10:09:00,2023-08-11 10:10:00,2023-08-11 10:25:00,ACHR,LONG,281,7.04,7.11,10,19.67000000000008,1.967,0.98912,16.71388000000008,2023-08
2023-08-11 10:14:00,2023-08-11 10:18:00,2023-08-11 10:32:00,ACHR,LONG,280,7.1,7.16,10,16.80000000000014,1.96,0.994,13.846000000000139,2023-08
2023-08-11 10:18:00,2023-08-11 10:19:00,2023-08-11 10:33:00,ACHR,LONG,279,7.12,7.1,10,-5.580000000000129,1.953,0.99324,-8.52624000000013,2023-08
2023-08-11 11:56:00,2023-08-11 11:57:00,2023-08-11 12:07:00,ACHR,LONG,280,7.1,6.87,10,-64.39999999999986,1.96,0.994,-67.35399999999986,2023-08
2023-08-11 12:29:00,2023-08-11 12:30:00,2023-08-11 12:40:00,ACHR,LONG,279,7.08,7.03,10,-13.94999999999995,1.953,0.98766,-16.890659999999947,2023-08
2023-08-11 12:32:00,2023-08-11 12:33:00,2023-08-11 12:43:00,ACHR,LONG,279,7.07,7.04,10,-8.370000000000068,1.953,0.9862650000000001,-11.309265000000067,2023-08
2023-08-11 12:35:00,2023-08-11 12:36:00,2023-08-11 12:46:00,ACHR,LONG,281,7.01,7.01,10,0.0,1.967,0.984905,-2.951905,2023-08
2023-08-11 12:36:00,2023-08-11 12:37:00,2023-08-11 12:47:00,ACHR,LONG,279,7.05,7.03,10,-5.579999999999881,1.953,0.983475,-8.51647499999988,2023-08
2023-08-11 12:37:00,2023-08-11 12:38:00,2023-08-11 12:48:00,ACHR,LONG,278,7.06,7.03,10,-8.339999999999822,1.946,0.98134,-11.267339999999821,2023-08
2023-08-11 12:38:00,2023-08-11 12:39:00,2023-08-11 12:49:00,ACHR,LONG,279,7.04,7.02,10,-5.580000000000129,1.953,0.9820800000000001,-8.515080000000129,2023-08
2023-08-11 12:43:00,2023-08-11 12:44:00,2023-08-11 12:54:00,ACHR,LONG,278,7.06,7.05,10,-2.7799999999999407,1.946,0.98134,-5.707339999999941,2023-08
2023-08-11 12:44:00,2023-08-11 12:45:00,2023-08-11 12:55:00,ACHR,LONG,279,7.03,7.04,10,2.7899999999999405,1.953,0.980685,-0.14368500000005957,2023-08
2023-08-11 12:45:00,2023-08-11 12:46:00,2023-08-11 12:56:00,ACHR,LONG,280,7.01,7.0485,10,10.779999999999994,1.96,0.9814,7.838599999999993,2023-08
2023-08-11 12:46:00,2023-08-11 12:47:00,2023-08-11 12:57:00,ACHR,LONG,279,7.03,6.96,10,-19.53000000000008,1.953,0.980685,-22.46368500000008,2023-08
2023-08-11 12:47:00,2023-08-11 12:48:00,2023-08-11 12:58:00,ACHR,LONG,278,7.03,6.87,10,-44.48000000000004,1.946,0.9771700000000001,-47.40317000000004,2023-08
2023-08-11 13:01:00,2023-08-11 13:02:00,2023-08-11 13:12:00,ACHR,LONG,283,6.88,6.98,10,28.30000000000015,1.981,0.97352,25.345480000000148,2023-08
2023-08-11 13:02:00,2023-08-11 13:03:00,2023-08-11 13:13:00,ACHR,LONG,283,6.89,6.95,10,16.98000000000014,1.981,0.974935,14.024065000000139,2023-08
2023-08-11 13:29:00,2023-08-11 13:30:00,2023-08-11 13:40:00,ACHR,SHORT,291,6.715,6.2,10,149.8649999999999,2.037,0.9770325000000001,146.85096749999988,2023-08
2023-08-11 13:38:00,2023-08-11 13:39:00,2023-08-11 13:49:00,ACHR,LONG,311,6.3899,6.1091,10,-87.32880000000004,2.177,0.99362945,-90.49942945000005,2023-08
2023-08-11 13:39:00,2023-08-11 13:40:00,2023-08-11 13:50:00,ACHR,LONG,317,6.2,6.14,10,-19.02000000000016,2.219,0.9827,-22.221700000000162,2023-08
2023-08-11 13:41:00,2023-08-11 13:42:00,2023-08-11 13:52:00,ACHR,LONG,322,6.095,5.8993,10,-63.01539999999985,2.254,0.981295,-66.25069499999985,2023-08
2023-08-11 13:48:00,2023-08-11 13:49:00,2023-08-11 13:59:00,ACHR,LONG,319,6.1091,5.9092,10,-63.76809999999985,2.233,0.97440145,-66.97550144999985,2023-08
2023-08-11 13:55:00,2023-08-11 13:56:00,2023-08-11 14:06:00,ACHR,LONG,331,5.84,5.905,10,21.51500000000013,2.317,0.96652,18.23148000000013,2023-08
2023-08-11 13:57:00,2023-08-11 13:58:00,2023-08-11 14:08:00,ACHR,LONG,332,5.8401,5.86,10,6.606800000000231,2.324,0.9694566,3.313343400000231,2023-08
2023-08-11 13:58:00,2023-08-11 13:59:00,2023-08-11 14:09:00,ACHR,LONG,328,5.9092,5.8516,10,-18.89279999999996,2.2960000000000003,0.9691088000000001,-22.15790879999996,2023-08
2023-08-11 14:01:00,2023-08-11 14:02:00,2023-08-11 14:12:00,ACHR,SHORT,328,5.9099,5.8415,10,22.43520000000015,2.2960000000000003,0.9692236000000001,19.169976400000152,2023-08
2023-08-11 14:21:00,2023-08-11 14:22:00,2023-08-11 14:32:00,ACHR,LONG,309,6.2738,5.98,10,-90.78419999999974,2.1630000000000003,0.9693020999999999,-93.91650209999973,2023-08
2023-08-11 14:22:00,2023-08-11 14:23:00,2023-08-11 14:33:00,ACHR,LONG,307,6.26,6.01,10,-76.75,2.149,0.96091,-79.85991,2023-08
2023-08-11 14:24:00,2023-08-11 14:25:00,2023-08-11 14:35:00,ACHR,LONG,311,6.125,5.9912,10,-41.611799999999974,2.177,0.9524375,-44.741237499999976,2023-08
2023-08-11 14:25:00,2023-08-11 14:26:00,2023-08-11 14:36:00,ACHR,LONG,308,6.1599,6.015,10,-44.62920000000021,2.156,0.9486246000000002,-47.73382460000021,2023-08
2023-08-11 14:27:00,2023-08-11 14:28:00,2023-08-11 14:38:00,ACHR,LONG,311,6.065,6.065,10,0.0,2.177,0.9431075000000001,-3.1201075,2023-08
2023-08-11 14:33:00,2023-08-11 14:34:00,2023-08-11 14:44:00,ACHR,SHORT,315,5.995,5.875,10,37.80000000000003,2.205,0.9442125,34.650787500000035,2023-08
2023-08-11 14:36:00,2023-08-11 14:37:00,2023-08-11 14:47:00,ACHR,SHORT,315,6.0,5.91,10,28.349999999999955,2.205,0.9450000000000001,25.199999999999953,2023-08
2023-08-11 14:40:00,2023-08-11 14:41:00,2023-08-11 14:51:00,ACHR,SHORT,320,5.93,5.835,10,30.39999999999992,2.24,0.9488,27.21119999999992,2023-08
2023-08-11 15:08:00,2023-08-11 15:09:00,2023-08-11 15:19:00,ACHR,LONG,334,5.69,5.685,10,-1.670000000000261,2.338,0.95023,-4.9582300000002615,2023-08
2023-08-18 13:09:00,2023-08-18 13:10:00,2023-08-18 13:23:00,ACHR,LONG,320,5.94,5.96,10,6.399999999999864,2.24,0.9504000000000001,3.2095999999998632,2023-08
2023-08-18 13:52:00,2023-08-18 13:53:00,2023-08-18 14:03:00,ACHR,LONG,283,6.7256,6.47,10,-72.33480000000007,1.981,0.9516724000000001,-75.26747240000007,2023-08
2023-08-17 13:30:00,2023-08-17 13:31:00,2023-08-17 13:41:00,ADBE,SHORT,3,520.54,516.245,10,12.884999999999877,0.7,0.78081,11.404189999999877,2023-08
2023-08-24 11:10:00,2023-08-24 11:11:00,2023-08-24 11:23:00,AMC,LONG,104,18.12,18.5,10,39.5199999999999,0.728,0.9422400000000001,37.8497599999999,2023-08
2023-08-24 13:09:00,2023-08-24 13:10:00,2023-08-24 13:20:00,AMC,SHORT,110,17.13,16.46,10,73.69999999999979,0.77,0.94215,71.9878499999998,2023-08
2023-08-24 13:35:00,2023-08-24 13:36:00,2023-08-24 13:46:00,AMC,LONG,123,15.56,14.555,10,-123.6150000000001,0.861,0.9569400000000001,-125.4329400000001,2023-08
2023-08-24 13:37:00,2023-08-24 13:38:00,2023-08-24 13:48:00,AMC,LONG,120,15.7199,14.28,10,-172.78800000000018,0.84,0.9431940000000001,-174.5711940000002,2023-08
2023-08-24 13:43:00,2023-08-24 13:44:00,2023-08-24 13:54:00,AMC,LONG,126,14.69,14.0899,10,-75.61259999999993,0.882,0.9254699999999999,-77.42006999999994,2023-08
2023-08-24 13:59:00,2023-08-24 14:00:00,2023-08-24 14:10:00,AMC,LONG,126,14.54,14.5,10,-5.039999999999893,0.882,0.91602,-6.838019999999892,2023-08
2023-08-24 14:02:00,2023-08-24 14:03:00,2023-08-24 14:13:00,AMC,LONG,124,14.735,14.57,10,-20.459999999999894,0.868,0.91357,-22.241569999999893,2023-08
2023-08-01 09:30:00,2023-08-01 09:31:00,2023-08-01 09:41:00,AMSC,SHORT,88,20.7,21.39,10,-60.72000000000011,0.7,0.9107999999999999,-62.33080000000012,2023-08
2023-08-01 09:31:00,2023-08-01 09:32:00,2023-08-01 09:42:00,AMSC,SHORT,88,20.56,21.32,10,-66.88000000000014,0.7,0.90464,-68.48464000000014,2023-08
2023-08-01 09:32:00,2023-08-01 09:33:00,2023-08-01 09:43:00,AMSC,SHORT,86,20.91,21.66,10,-64.5,0.7,0.89913,-66.09913,2023-08
2023-08-01 09:33:00,2023-08-01 09:34:00,2023-08-01 09:44:00,AMSC,SHORT,84,21.18,21.6,10,-35.28000000000014,0.7,0.88956,-36.86956000000015,2023-08
2023-08-01 09:34:00,2023-08-01 09:35:00,2023-08-01 09:45:00,AMSC,SHORT,81,21.95,21.29,10,53.46000000000001,0.7,0.8889750000000001,51.871025,2023-08
2023-08-01 09:35:00,2023-08-01 09:36:00,2023-08-01 09:46:00,AMSC,SHORT,83,21.64,21.6,10,3.3199999999999292,0.7,0.8980600000000001,1.721939999999929,2023-08
2023-08-01 09:36:00,2023-08-01 09:37:00,2023-08-01 09:47:00,AMSC,SHORT,82,21.91,22.05,10,-11.480000000000047,0.7,0.89831,-13.078310000000046,2023-08
2023-08-01 09:37:00,2023-08-01 09:38:00,2023-08-01 09:48:00,AMSC,SHORT,80,22.19,21.9,10,23.200000000000216,0.7,0.8876000000000001,21.612400000000218,2023-08
2023-08-01 09:38:00,2023-08-01 09:39:00,2023-08-01 09:49:00,AMSC,SHORT,81,22.0,22.0,10,0.0,0.7,0.891,-1.591,2023-08
2023-08-01 09:39:00,2023-08-01 09:40:00,2023-08-01 09:50:00,AMSC,SHORT,85,21.1,22.48,10,-117.29999999999991,0.7,0.8967500000000002,-118.89674999999991,2023-08
2023-08-01 09:40:00,2023-08-01 09:41:00,2023-08-01 09:51:00,AMSC,SHORT,82,21.39,22.1,10,-58.22000000000007,0.7,0.87699,-59.79699000000007,2023-08
2023-08-01 09:41:00,2023-08-01 09:42:00,2023-08-01 09:52:00,AMSC,SHORT,82,21.32,21.59,10,-22.139999999999965,0.7,0.87412,-23.714119999999966,2023-08
2023-08-01 09:42:00,2023-08-01 09:43:00,2023-08-01 09:53:00,AMSC,SHORT,81,21.66,21.6,10,4.859999999999896,0.7,0.8772300000000001,3.2827699999998963,2023-08
2023-08-01 09:43:00,2023-08-01 09:44:00,2023-08-01 09:54:00,AMSC,SHORT,81,21.6,21.75,10,-12.149999999999885,0.7,0.8748000000000001,-13.724799999999885,2023-08
2023-08-01 09:44:00,2023-08-01 09:45:00,2023-08-01 09:55:00,AMSC,SHORT,82,21.29,21.34,10,-4.100000000000058,0.7,0.87289,-5.672890000000058,2023-08
2023-08-01 09:45:00,2023-08-01 09:46:00,2023-08-01 09:56:00,AMSC,SHORT,81,21.6,21.93,10,-26.729999999999862,0.7,0.8748000000000001,-28.30479999999986,2023-08
2023-08-01 09:46:00,2023-08-01 09:47:00,2023-08-01 09:57:00,AMSC,SHORT,79,22.05,21.7,10,27.650000000000112,0.7,0.870975,26.07902500000011,2023-08
2023-08-01 09:47:00,2023-08-01 09:48:00,2023-08-01 09:58:00,AMSC,SHORT,80,21.9,21.52,10,30.39999999999992,0.7,0.876,28.82399999999992,2023-08
2023-08-01 09:48:00,2023-08-01 09:49:00,2023-08-01 09:59:00,AMSC,SHORT,80,22.0,21.63,10,29.60000000000008,0.7,0.88,28.02000000000008,2023-08
2023-08-01 09:49:00,2023-08-01 09:50:00,2023-08-01 10:00:00,AMSC,SHORT,78,22.48,21.33,10,89.70000000000016,0.7,0.87672,88.12328000000015,2023-08
2023-08-01 09:50:00,2023-08-01 09:51:00,2023-08-01 10:01:00,AMSC,SHORT,80,22.1,21.09,10,80.80000000000013,0.7,0.884,79.21600000000012,2023-08
2023-08-01 09:51:00,2023-08-01 09:52:00,2023-08-01 10:02:00,AMSC,SHORT,83,21.59,20.98,10,50.62999999999995,0.7,0.895985,49.03401499999995,2023-08
2023-08-01 09:52:00,2023-08-01 09:53:00,2023-08-01 10:03:00,AMSC,SHORT,83,21.6,20.87,10,60.59000000000003,0.7,0.8964000000000001,58.99360000000003,2023-08
2023-08-01 09:53:00,2023-08-01 09:54:00,2023-08-01 10:04:00,AMSC,SHORT,83,21.75,21.1,10,53.94999999999988,0.7,0.902625,52.34737499999988,2023-08
2023-08-01 09:54:00,2023-08-01 09:55:00,2023-08-01 10:05:00,AMSC,SHORT,85,21.34,21.2,10,11.900000000000048,0.7,0.90695,10.293050000000049,2023-08
2023-08-01 09:55:00,2023-08-01 09:56:00,2023-08-01 10:06:00,AMSC,SHORT,83,21.93,21.28,10,53.94999999999988,0.7,0.9100950000000001,52.33990499999988,2023-08
2023-08-01 09:56:00,2023-08-01 09:57:00,2023-08-01 10:07:00,AMSC,SHORT,84,21.7,21.67,10,2.519999999999797,0.7,0.9114,0.9085999999997971,2023-08
2023-08-01 09:57:00,2023-08-01 09:58:00,2023-08-01 10:08:00,AMSC,SHORT,85,21.52,21.56,10,-3.3999999999999275,0.7,0.9146000000000001,-5.014599999999928,2023-08
2023-08-01 09:58:00,2023-08-01 09:59:00,2023-08-01 10:09:00,AMSC,SHORT,85,21.63,21.75,10,-10.200000000000085,0.7,0.919275,-11.819275000000085,2023-08
2023-08-01 09:59:00,2023-08-01 10:00:00,2023-08-01 10:10:00,AMSC,SHORT,86,21.33,21.05,10,24.079999999999792,0.7,0.91719,22.46280999999979,2023-08
2023-08-01 10:00:00,2023-08-01 10:01:00,2023-08-01 10:11:00,AMSC,SHORT,87,21.09,21.23,10,-12.18000000000005,0.7,0.917415,-13.797415000000049,2023-08
2023-08-01 10:01:00,2023-08-01 10:02:00,2023-08-01 10:12:00,AMSC,SHORT,87,20.98,21.25,10,-23.489999999999963,0.7,0.91263,-25.102629999999962,2023-08
2023-08-01 10:02:00,2023-08-01 10:03:00,2023-08-01 10:13:00,AMSC,SHORT,88,20.87,21.27,10,-35.199999999999875,0.7,0.9182800000000001,-36.81827999999988,2023-08
2023-08-01 10:03:00,2023-08-01 10:04:00,2023-08-01 10:14:00,AMSC,SHORT,86,21.1,21.08,10,1.7200000000002689,0.7,0.9073000000000001,0.11270000000026881,2023-08
2023-08-01 10:04:00,2023-08-01 10:05:00,2023-08-01 10:15:00,AMSC,SHORT,86,21.2,21.18,10,1.7199999999999633,0.7,0.9116000000000001,0.1083999999999633,2023-08
2023-08-01 10:05:00,2023-08-01 10:06:00,2023-08-01 10:16:00,AMSC,SHORT,86,21.28,21.2,10,6.880000000000159,0.7,0.9150400000000001,5.264960000000158,2023-08
2023-08-01 10:06:00,2023-08-01 10:07:00,2023-08-01 10:17:00,AMSC,SHORT,84,21.67,21.36,10,26.04000000000019,0.7,0.9101400000000002,24.42986000000019,2023-08
2023-08-01 10:07:00,2023-08-01 10:08:00,2023-08-01 10:18:00,AMSC,SHORT,85,21.56,21.49,10,5.950000000000024,0.7,0.9163,4.333700000000024,2023-08
2023-08-01 10:08:00,2023-08-01 10:09:00,2023-08-01 10:19:00,AMSC,SHORT,84,21.75,21.28,10,39.479999999999905,0.7,0.9135,37.8664999999999,2023-08
2023-08-01 10:09:00,2023-08-01 10:10:00,2023-08-01 10:20:00,AMSC,SHORT,87,21.05,21.4,10,-30.449999999999815,0.7,0.9156750000000001,-32.065674999999814,2023-08
2023-08-01 10:10:00,2023-08-01 10:11:00,2023-08-01 10:21:00,AMSC,SHORT,86,21.23,21.35,10,-10.320000000000086,0.7,0.91289,-11.932890000000086,2023-08
2023-08-01 10:11:00,2023-08-01 10:12:00,2023-08-01 10:22:00,AMSC,SHORT,86,21.25,21.08,10,14.620000000000147,0.7,0.9137500000000001,13.006250000000147,2023-08
2023-08-01 10:12:00,2023-08-01 10:13:00,2023-08-01 10:23:00,AMSC,SHORT,86,21.27,21.01,10,22.35999999999983,0.7,0.91461,20.74538999999983,2023-08
2023-08-01 10:13:00,2023-08-01 10:14:00,2023-08-01 10:24:00,AMSC,SHORT,87,21.08,20.92,10,13.919999999999703,0.7,0.9169799999999999,12.303019999999703,2023-08
2023-08-01 10:14:00,2023-08-01 10:15:00,2023-08-01 10:25:00,AMSC,SHORT,87,21.18,20.79,10,33.93000000000005,0.7,0.9213300000000001,32.30867000000005,2023-08
2023-08-01 10:15:00,2023-08-01 10:16:00,2023-08-01 10:26:00,AMSC,SHORT,87,21.2,20.7,10,43.5,0.7,0.9221999999999999,41.8778,2023-08
2023-08-01 10:17:00,2023-08-01 10:18:00,2023-08-01 10:28:00,AMSC,SHORT,86,21.49,20.64,10,73.09999999999982,0.7,0.92407,71.47592999999982,2023-08
2023-08-01 10:18:00,2023-08-01 10:19:00,2023-08-01 10:29:00,AMSC,SHORT,88,21.28,20.59,10,60.72000000000011,0.7,0.93632,59.08368000000011,2023-08
2023-08-01 10:19:00,2023-08-01 10:20:00,2023-08-01 10:30:00,AMSC,SHORT,88,21.4,20.88,10,45.75999999999996,0.7,0.9415999999999999,44.11839999999996,2023-08
2023-08-01 10:20:00,2023-08-01 10:21:00,2023-08-01 10:31:00,AMSC,SHORT,88,21.35,20.84,10,44.88000000000014,0.7,0.9394000000000001,43.240600000000136,2023-08
2023-08-01 10:21:00,2023-08-01 10:22:00,2023-08-01 10:32:00,AMSC,SHORT,90,21.08,21.13,10,-4.500000000000064,0.7,0.9485999999999999,-6.148600000000064,2023-08
2023-08-01 10:22:00,2023-08-01 10:23:00,2023-08-01 10:33:00,AMSC,SHORT,90,21.01,21.05,10,-3.5999999999999233,0.7,0.94545,-5.245449999999924,2023-08
2023-08-01 10:23:00,2023-08-01 10:24:00,2023-08-01 10:34:00,AMSC,SHORT,90,20.92,21.14,10,-19.799999999999898,0.7,0.9414000000000001,-21.4413999999999,2023-08
2023-08-01 10:24:00,2023-08-01 10:25:00,2023-08-01 10:35:00,AMSC,SHORT,91,20.79,21.48,10,-62.79000000000012,0.7,0.9459449999999999,-64.43594500000012,2023-08
2023-08-01 10:28:00,2023-08-01 10:29:00,2023-08-01 10:39:00,AMSC,SHORT,91,20.59,20.81,10,-20.019999999999897,0.7,0.936845,-21.656844999999898,2023-08
2023-08-01 10:29:00,2023-08-01 10:30:00,2023-08-01 10:40:00,AMSC,SHORT,90,20.88,20.84,10,3.5999999999999233,0.7,0.9395999999999999,1.960399999999923,2023-08
2023-08-01 10:30:00,2023-08-01 10:31:00,2023-08-01 10:41:00,AMSC,SHORT,90,20.84,20.86,10,-1.7999999999999616,0.7,0.9378,-3.437799999999962,2023-08
2023-08-01 10:31:00,2023-08-01 10:32:00,2023-08-01 10:42:00,AMSC,SHORT,88,21.13,20.75,10,33.43999999999991,0.7,0.9297199999999999,31.81027999999991,2023-08
2023-08-01 10:32:00,2023-08-01 10:33:00,2023-08-01 10:43:00,AMSC,SHORT,89,21.05,20.85,10,17.799999999999937,0.7,0.936725,16.16327499999994,2023-08
2023-08-01 10:33:00,2023-08-01 10:34:00,2023-08-01 10:44:00,AMSC,SHORT,89,21.14,20.87,10,24.029999999999962,0.7,0.9407300000000001,22.389269999999964,2023-08
2023-08-01 10:34:00,2023-08-01 10:35:00,2023-08-01 10:45:00,AMSC,SHORT,88,21.48,20.97,10,44.88000000000014,0.7,0.9451200000000001,43.23488000000013,2023-08
2023-08-01 10:35:00,2023-08-01 10:36:00,2023-08-01 10:46:00,AMSC,SHORT,89,21.19,20.4,10,70.31000000000024,0.7,0.9429550000000001,68.66704500000024,2023-08
2023-08-01 10:36:00,2023-08-01 10:37:00,2023-08-01 10:47:00,AMSC,SHORT,91,20.94,20.49,10,40.95000000000026,0.7,0.9527700000000001,39.297230000000255,2023-08
2023-08-01 10:37:00,2023-08-01 10:38:00,2023-08-01 10:48:00,AMSC,SHORT,91,21.0,20.65,10,31.85000000000013,0.7,0.9555,30.19450000000013,2023-08
2023-08-01 10:38:00,2023-08-01 10:39:00,2023-08-01 10:49:00,AMSC,SHORT,92,20.81,20.61,10,18.399999999999935,0.7,0.95726,16.742739999999934,2023-08
2023-08-01 10:39:00,2023-08-01 10:40:00,2023-08-01 10:50:00,AMSC,SHORT,92,20.84,20.03,10,74.51999999999988,0.7,0.95864,72.86135999999988,2023-08
2023-08-01 10:40:00,2023-08-01 10:41:00,2023-08-01 10:51:00,AMSC,SHORT,93,20.86,19.21,10,153.44999999999987,0.7,0.96999,151.7800099999999,2023-08
2023-08-01 10:41:00,2023-08-01 10:42:00,2023-08-01 10:52:00,AMSC,SHORT,95,20.75,19.42,10,126.34999999999984,0.7,0.985625,124.66437499999984,2023-08
2023-08-01 10:43:00,2023-08-01 10:44:00,2023-08-01 10:54:00,AMSC,SHORT,95,20.87,19.54,10,126.35000000000018,0.7,0.991325,124.65867500000017,2023-08
2023-08-01 10:46:00,2023-08-01 10:47:00,2023-08-01 10:57:00,AMSC,SHORT,98,20.49,20.19,10,29.39999999999972,0.7,1.0040099999999998,27.69598999999972,2023-08
2023-08-01 10:47:00,2023-08-01 10:48:00,2023-08-01 10:58:00,AMSC,SHORT,98,20.65,20.0,10,63.69999999999986,0.7,1.01185,61.988149999999855,2023-08
2023-08-01 10:48:00,2023-08-01 10:49:00,2023-08-01 10:59:00,AMSC,SHORT,99,20.61,19.88,10,72.27000000000004,0.7,1.020195,70.54980500000003,2023-08
2023-08-01 10:49:00,2023-08-01 10:50:00,2023-08-01 11:00:00,AMSC,SHORT,102,20.03,19.66,10,37.7400000000001,0.714,1.02153,36.004470000000104,2023-08
2023-08-01 10:50:00,2023-08-01 10:51:00,2023-08-01 11:01:00,AMSC,SHORT,107,19.21,19.05,10,17.120000000000015,0.749,1.027735,15.343265000000017,2023-08
2023-08-01 10:51:00,2023-08-01 10:52:00,2023-08-01 11:02:00,AMSC,SHORT,106,19.42,19.15,10,28.62000000000033,0.742,1.02926,26.84874000000033,2023-08
2023-08-01 10:52:00,2023-08-01 10:53:00,2023-08-01 11:03:00,AMSC,SHORT,106,19.46,19.39,10,7.42000000000003,0.742,1.0313800000000002,5.64662000000003,2023-08
2023-08-01 10:53:00,2023-08-01 10:54:00,2023-08-01 11:04:00,AMSC,SHORT,106,19.54,19.52,10,2.119999999999955,0.742,1.03562,0.34237999999995483,2023-08
2023-08-01 10:54:00,2023-08-01 10:55:00,2023-08-01 11:05:00,AMSC,SHORT,104,19.83,19.5,10,34.31999999999982,0.728,1.0311599999999999,32.56083999999982,2023-08
2023-08-01 10:55:00,2023-08-01 10:56:00,2023-08-01 11:06:00,AMSC,SHORT,103,20.1,19.46,10,65.92000000000006,0.721,1.03515,64.16385000000005,2023-08
2023-08-01 10:56:00,2023-08-01 10:57:00,2023-08-01 11:07:00,AMSC,SHORT,103,20.19,19.7,10,50.470000000000205,0.721,1.0397850000000002,48.709215000000206,2023-08
2023-08-01 10:57:00,2023-08-01 10:58:00,2023-08-01 11:08:00,AMSC,SHORT,105,20.0,19.41,10,61.94999999999999,0.735,1.05,60.16499999999999,2023-08
2023-08-01 10:58:00,2023-08-01 10:59:00,2023-08-01 11:09:00,AMSC,SHORT,106,19.88,19.46,10,44.519999999999804,0.742,1.05364,42.724359999999805,2023-08
2023-08-01 10:59:00,2023-08-01 11:00:00,2023-08-01 11:10:00,AMSC,SHORT,108,19.66,19.52,10,15.120000000000061,0.756,1.0616400000000001,13.30236000000006,2023-08
2023-08-01 11:00:00,2023-08-01 11:01:00,2023-08-01 11:11:00,AMSC,SHORT,111,19.05,19.23,10,-19.97999999999997,0.777,1.0572750000000002,-21.81427499999997,2023-08
2023-08-01 11:01:00,2023-08-01 11:02:00,2023-08-01 11:12:00,AMSC,SHORT,110,19.15,18.92,10,25.299999999999656,0.77,1.05325,23.476749999999658,2023-08
2023-08-01 11:02:00,2023-08-01 11:03:00,2023-08-01 11:13:00,AMSC,SHORT,109,19.39,19.0,10,42.51000000000006,0.763,1.056755,40.69024500000006,2023-08
2023-08-01 11:03:00,2023-08-01 11:04:00,2023-08-01 11:14:00,AMSC,SHORT,109,19.52,19.05,10,51.229999999999876,0.763,1.06384,49.40315999999988,2023-08
2023-08-01 11:04:00,2023-08-01 11:05:00,2023-08-01 11:15:00,AMSC,SHORT,110,19.5,18.77,10,80.30000000000004,0.77,1.0725,78.45750000000004,2023-08
2023-08-01 11:05:00,2023-08-01 11:06:00,2023-08-01 11:16:00,AMSC,SHORT,111,19.46,18.74,10,79.92000000000027,0.777,1.08003,78.06297000000028,2023-08
2023-08-01 11:06:00,2023-08-01 11:07:00,2023-08-01 11:17:00,AMSC,SHORT,110,19.7,18.67,10,113.29999999999973,0.77,1.0835000000000001,111.44649999999973,2023-08
2023-08-01 11:07:00,2023-08-01 11:08:00,2023-08-01 11:18:00,AMSC,SHORT,113,19.41,18.34,10,120.91000000000003,0.791,1.096665,119.02233500000003,2023-08
2023-08-01 11:08:00,2023-08-01 11:09:00,2023-08-01 11:19:00,AMSC,SHORT,114,19.46,17.71,10,199.5,0.798,1.10922,197.59278,2023-08
2023-08-01 11:09:00,2023-08-01 11:10:00,2023-08-01 11:20:00,AMSC,SHORT,116,19.52,17.06,10,285.3600000000001,0.812,1.13216,283.4158400000001,2023-08
2023-08-01 11:10:00,2023-08-01 11:11:00,2023-08-01 11:21:00,AMSC,SHORT,120,19.23,16.9,10,279.60000000000025,0.84,1.1538,277.6062000000003,2023-08
2023-08-01 11:11:00,2023-08-01 11:12:00,2023-08-01 11:22:00,AMSC,SHORT,125,18.92,16.9,10,252.5000000000004,0.875,1.1825,250.4425000000004,2023-08
2023-08-01 11:12:00,2023-08-01 11:13:00,2023-08-01 11:23:00,AMSC,SHORT,127,19.0,16.87,10,270.5099999999999,0.889,1.2065000000000001,268.41449999999986,2023-08
2023-08-01 11:13:00,2023-08-01 11:14:00,2023-08-01 11:24:00,AMSC,SHORT,130,19.05,17.2,10,240.50000000000017,0.91,1.23825,238.35175000000018,2023-08
2023-08-01 11:14:00,2023-08-01 11:15:00,2023-08-01 11:25:00,AMSC,SHORT,134,18.77,17.29,10,198.32000000000005,0.9380000000000001,1.25759,196.12441000000007,2023-08
2023-08-01 11:15:00,2023-08-01 11:16:00,2023-08-01 11:26:00,AMSC,SHORT,136,18.74,17.34,10,190.3999999999998,0.9520000000000001,1.27432,188.17367999999982,2023-08
2023-08-01 11:16:00,2023-08-01 11:17:00,2023-08-01 11:27:00,AMSC,SHORT,139,18.67,17.16,10,209.8900000000002,0.973,1.297565,207.6194350000002,2023-08
2023-08-01 11:17:00,2023-08-01 11:18:00,2023-08-01 11:28:00,AMSC,SHORT,144,18.34,16.9,10,207.36000000000018,1.008,1.32048,205.03152000000017,2023-08
2023-08-01 11:18:00,2023-08-01 11:19:00,2023-08-01 11:29:00,AMSC,SHORT,151,17.71,16.36,10,203.85000000000022,1.057,1.337105,201.45589500000023,2023-08
2023-08-01 11:19:00,2023-08-01 11:20:00,2023-08-01 11:30:00,AMSC,SHORT,159,17.06,16.46,10,95.39999999999966,1.113,1.35627,92.93072999999967,2023-08
2023-08-01 11:20:00,2023-08-01 11:21:00,2023-08-01 11:31:00,AMSC,SHORT,162,16.9,16.54,10,58.31999999999991,1.1340000000000001,1.3688999999999998,55.81709999999991,2023-08
2023-08-01 11:21:00,2023-08-01 11:22:00,2023-08-01 11:32:00,AMSC,SHORT,163,16.9,16.75,10,24.44999999999977,1.141,1.3773499999999999,21.93164999999977,2023-08
2023-08-01 11:22:00,2023-08-01 11:23:00,2023-08-01 11:33:00,AMSC,SHORT,163,16.87,16.44,10,70.08999999999995,1.141,1.374905,67.57409499999994,2023-08
2023-08-01 11:23:00,2023-08-01 11:24:00,2023-08-01 11:34:00,AMSC,SHORT,161,17.2,16.47,10,117.53000000000007,1.127,1.3845999999999998,115.01840000000007,2023-08
2023-08-01 11:24:00,2023-08-01 11:25:00,2023-08-01 11:35:00,AMSC,SHORT,161,17.29,16.45,10,135.23999999999998,1.127,1.391845,132.72115499999998,2023-08
2023-08-01 11:25:00,2023-08-01 11:26:00,2023-08-01 11:36:00,AMSC,SHORT,162,17.34,16.29,10,170.1000000000001,1.1340000000000001,1.40454,167.56146000000012,2023-08
2023-08-01 11:26:00,2023-08-01 11:27:00,2023-08-01 11:37:00,AMSC,SHORT,166,17.16,16.22,10,156.04000000000022,1.162,1.42428,153.4537200000002,2023-08
2023-08-01 11:27:00,2023-08-01 11:28:00,2023-08-01 11:38:00,AMSC,SHORT,170,16.9,16.17,10,124.09999999999947,1.19,1.4364999999999999,121.47349999999948,2023-08
2023-08-01 11:28:00,2023-08-01 11:29:00,2023-08-01 11:39:00,AMSC,SHORT,178,16.36,16.19,10,30.25999999999967,1.246,1.45604,27.55795999999967,2023-08
2023-08-01 11:29:00,2023-08-01 11:30:00,2023-08-01 11:40:00,AMSC,SHORT,177,16.46,16.5,10,-7.079999999999849,1.239,1.4567100000000002,-9.775709999999851,2023-08
2023-08-01 11:30:00,2023-08-01 11:31:00,2023-08-01 11:41:00,AMSC,SHORT,176,16.54,16.6,10,-10.5600000000004,1.232,1.45552,-13.2475200000004,2023-08
2023-08-01 11:31:00,2023-08-01 11:32:00,2023-08-01 11:42:00,AMSC,SHORT,173,16.75,16.67,10,13.839999999999705,1.211,1.4488750000000001,11.180124999999705,2023-08
2023-08-01 11:32:00,2023-08-01 11:33:00,2023-08-01 11:43:00,AMSC,SHORT,177,16.44,16.66,10,-38.9399999999998,1.239,1.4549400000000001,-41.6339399999998,2023-08
2023-08-01 11:33:00,2023-08-01 11:34:00,2023-08-01 11:44:00,AMSC,SHORT,176,16.47,16.6,10,-22.88000000000045,1.232,1.44936,-25.561360000000448,2023-08
2023-08-01 11:34:00,2023-08-01 11:35:00,2023-08-01 11:45:00,AMSC,SHORT,176,16.45,17.17,10,-126.72000000000043,1.232,1.4476,-129.39960000000042,2023-08
2023-08-01 11:35:00,2023-08-01 11:36:00,2023-08-01 11:46:00,AMSC,SHORT,176,16.29,17.24,10,-167.19999999999987,1.232,1.43352,-169.86551999999986,2023-08
2023-08-01 11:36:00,2023-08-01 11:37:00,2023-08-01 11:47:00,AMSC,SHORT,175,16.22,17.5,10,-224.0000000000002,1.225,1.4192500000000001,-226.6442500000002,2023-08
2023-08-01 11:37:00,2023-08-01 11:38:00,2023-08-01 11:48:00,AMSC,SHORT,173,16.17,17.5,10,-230.0899999999997,1.211,1.398705,-232.6997049999997,2023-08
2023-08-01 11:40:00,2023-08-01 11:41:00,2023-08-01 11:51:00,AMSC,SHORT,165,16.6,17.23,10,-103.94999999999983,1.155,1.3695000000000002,-106.47449999999984,2023-08
2023-08-01 11:41:00,2023-08-01 11:42:00,2023-08-01 11:52:00,AMSC,SHORT,163,16.67,17.11,10,-71.71999999999963,1.141,1.3586050000000003,-74.21960499999963,2023-08
2023-08-01 11:42:00,2023-08-01 11:43:00,2023-08-01 11:53:00,AMSC,SHORT,162,16.66,17.19,10,-85.86000000000018,1.1340000000000001,1.34946,-88.34346000000018,2023-08
2023-08-01 11:43:00,2023-08-01 11:44:00,2023-08-01 11:54:00,AMSC,SHORT,162,16.6,17.25,10,-105.29999999999977,1.1340000000000001,1.3446000000000002,-107.77859999999977,2023-08
2023-08-01 11:44:00,2023-08-01 11:45:00,2023-08-01 11:55:00,AMSC,SHORT,155,17.17,17.44,10,-41.84999999999994,1.085,1.3306750000000003,-44.26567499999994,2023-08
2023-08-01 11:45:00,2023-08-01 11:46:00,2023-08-01 11:56:00,AMSC,SHORT,154,17.24,17.29,10,-7.700000000000109,1.078,1.3274799999999998,-10.105480000000108,2023-08
2023-08-01 11:46:00,2023-08-01 11:47:00,2023-08-01 11:57:00,AMSC,SHORT,152,17.5,16.98,10,79.03999999999994,1.064,1.33,76.64599999999994,2023-08
2023-08-01 11:47:00,2023-08-01 11:48:00,2023-08-01 11:58:00,AMSC,SHORT,153,17.5,16.82,10,104.03999999999996,1.071,1.33875,101.63024999999996,2023-08
2023-08-01 11:48:00,2023-08-01 11:49:00,2023-08-01 11:59:00,AMSC,SHORT,155,17.38,16.65,10,113.15000000000006,1.085,1.3469499999999999,110.71805000000006,2023-08
2023-08-01 11:49:00,2023-08-01 11:50:00,2023-08-01 12:00:00,AMSC,SHORT,156,17.35,16.81,10,84.24000000000042,1.092,1.3533000000000002,81.79470000000042,2023-08
2023-08-01 11:50:00,2023-08-01 11:51:00,2023-08-01 12:01:00,AMSC,SHORT,158,17.23,16.63,10,94.80000000000022,1.106,1.36117,92.33283000000023,2023-08
2023-08-01 11:51:00,2023-08-01 11:52:00,2023-08-01 12:02:00,AMSC,SHORT,161,17.11,16.94,10,27.369999999999703,1.127,1.377355,24.865644999999702,2023-08
2023-08-01 11:52:00,2023-08-01 11:53:00,2023-08-01 12:03:00,AMSC,SHORT,160,17.19,16.8985,10,46.64000000000044,1.12,1.3752,44.144800000000444,2023-08
2023-08-01 11:54:00,2023-08-01 11:55:00,2023-08-01 12:05:00,AMSC,SHORT,158,17.44,16.61,10,131.1400000000003,1.106,1.37776,128.6562400000003,2023-08
2023-08-01 11:55:00,2023-08-01 11:56:00,2023-08-01 12:06:00,AMSC,SHORT,161,17.29,16.4,10,143.29000000000008,1.127,1.391845,140.77115500000008,2023-08
2023-08-01 11:56:00,2023-08-01 11:57:00,2023-08-01 12:07:00,AMSC,SHORT,166,16.98,16.2,10,129.4800000000002,1.162,1.4093400000000003,126.90866000000018,2023-08
2023-08-01 11:57:00,2023-08-01 11:58:00,2023-08-01 12:08:00,AMSC,SHORT,169,16.82,19.6,10,-469.82000000000016,1.183,1.42129,-472.42429000000016,2023-08
2023-08-01 11:58:00,2023-08-01 11:59:00,2023-08-01 12:09:00,AMSC,SHORT,165,16.65,15.92,10,120.44999999999978,1.155,1.3736249999999999,117.92137499999977,2023-08
2023-08-01 11:59:00,2023-08-01 12:00:00,2023-08-01 12:10:00,AMSC,SHORT,165,16.81,15.71,10,181.49999999999966,1.155,1.3868249999999998,178.95817499999967,2023-08
2023-08-01 12:00:00,2023-08-01 12:01:00,2023-08-01 12:11:00,AMSC,SHORT,169,16.63,15.6,10,174.06999999999988,1.183,1.405235,171.48176499999988,2023-08
2023-08-01 12:01:00,2023-08-01 12:02:00,2023-08-01 12:12:00,AMSC,SHORT,168,16.94,15.15,10,300.72000000000014,1.176,1.42296,298.12104000000016,2023-08
2023-08-01 12:02:00,2023-08-01 12:03:00,2023-08-01 12:13:00,AMSC,SHORT,172,16.8985,14.96,10,333.42199999999957,1.204,1.453271,330.7647289999996,2023-08
2023-08-01 12:03:00,2023-08-01 12:04:00,2023-08-01 12:14:00,AMSC,SHORT,176,16.84,15.19,10,290.4000000000001,1.232,1.4819200000000001,287.68608000000006,2023-08
2023-08-01 12:04:00,2023-08-01 12:05:00,2023-08-01 12:15:00,AMSC,SHORT,182,16.61,14.83,10,323.95999999999987,1.274,1.5115100000000001,321.1744899999999,2023-08
2023-08-01 12:05:00,2023-08-01 12:06:00,2023-08-01 12:16:00,AMSC,SHORT,188,16.4,15.24,10,218.0799999999997,1.316,1.5415999999999999,215.2223999999997,2023-08
2023-08-01 12:06:00,2023-08-01 12:07:00,2023-08-01 12:17:00,AMSC,SHORT,193,16.2,15.55,10,125.44999999999973,1.351,1.5633,122.53569999999974,2023-08
2023-08-01 12:07:00,2023-08-01 12:08:00,2023-08-01 12:18:00,AMSC,SHORT,161,19.6,15.83,10,606.9700000000003,1.127,1.5778000000000003,604.2652000000003,2023-08
2023-08-01 12:08:00,2023-08-01 12:09:00,2023-08-01 12:19:00,AMSC,SHORT,206,15.92,15.69,10,47.38000000000009,1.442,1.63976,44.298240000000085,2023-08
2023-08-01 12:09:00,2023-08-01 12:10:00,2023-08-01 12:20:00,AMSC,SHORT,209,15.71,15.56,10,31.350000000000072,1.463,1.6416950000000001,28.245305000000073,2023-08
2023-08-01 12:10:00,2023-08-01 12:11:00,2023-08-01 12:21:00,AMSC,SHORT,211,15.6,15.89,10,-61.1900000000002,1.477,1.6458,-64.3128000000002,2023-08
2023-08-01 12:11:00,2023-08-01 12:12:00,2023-08-01 12:22:00,AMSC,SHORT,217,15.15,15.82,10,-145.39,1.5190000000000001,1.6437750000000002,-148.552775,2023-08
2023-08-01 12:12:00,2023-08-01 12:13:00,2023-08-01 12:23:00,AMSC,SHORT,217,14.96,16.13,10,-253.8899999999996,1.5190000000000001,1.6231600000000002,-257.0321599999996,2023-08
2023-08-01 12:13:00,2023-08-01 12:14:00,2023-08-01 12:24:00,AMSC,SHORT,211,15.19,16.39,10,-253.20000000000022,1.477,1.6025449999999999,-256.2795450000002,2023-08
2023-08-01 12:14:00,2023-08-01 12:15:00,2023-08-01 12:25:00,AMSC,SHORT,212,14.83,16.25,10,-301.03999999999996,1.484,1.5719800000000002,-304.09597999999994,2023-08
2023-08-01 12:15:00,2023-08-01 12:16:00,2023-08-01 12:26:00,AMSC,SHORT,203,15.24,16.38,10,-231.41999999999976,1.421,1.5468600000000001,-234.38785999999976,2023-08
2023-08-01 12:16:00,2023-08-01 12:17:00,2023-08-01 12:27:00,AMSC,SHORT,195,15.55,16.38,10,-161.84999999999968,1.365,1.516125,-164.73112499999968,2023-08
2023-08-01 12:17:00,2023-08-01 12:18:00,2023-08-01 12:28:00,AMSC,SHORT,190,15.83,16.04,10,-39.89999999999982,1.33,1.50385,-42.73384999999982,2023-08
2023-08-01 12:18:00,2023-08-01 12:19:00,2023-08-01 12:29:00,AMSC,SHORT,191,15.69,15.66,10,5.729999999999878,1.337,1.498395,2.894604999999878,2023-08
2023-08-01 12:19:00,2023-08-01 12:20:00,2023-08-01 12:30:00,AMSC,SHORT,193,15.56,16.0,10,-84.9199999999999,1.351,1.50154,-87.7725399999999,2023-08
2023-08-01 12:20:00,2023-08-01 12:21:00,2023-08-01 12:31:00,AMSC,SHORT,188,15.89,16.07,10,-33.83999999999995,1.316,1.4936600000000002,-36.64965999999995,2023-08
2023-08-01 12:21:00,2023-08-01 12:22:00,2023-08-01 12:32:00,AMSC,SHORT,188,15.82,15.96,10,-26.320000000000107,1.316,1.48708,-29.123080000000105,2023-08
2023-08-01 12:22:00,2023-08-01 12:23:00,2023-08-01 12:33:00,AMSC,SHORT,184,16.13,15.7201,10,75.42159999999974,1.288,1.48396,72.64963999999975,2023-08
2023-08-01 12:23:00,2023-08-01 12:24:00,2023-08-01 12:34:00,AMSC,SHORT,182,16.39,15.8,10,107.37999999999997,1.274,1.49149,104.61450999999997,2023-08
2023-08-01 12:24:00,2023-08-01 12:25:00,2023-08-01 12:35:00,AMSC,SHORT,185,16.25,15.47,10,144.29999999999987,1.295,1.503125,141.50187499999987,2023-08
2023-08-01 12:25:00,2023-08-01 12:26:00,2023-08-01 12:36:00,AMSC,SHORT,185,16.38,15.75,10,116.54999999999981,1.295,1.51515,113.7398499999998,2023-08
2023-08-01 12:26:00,2023-08-01 12:27:00,2023-08-01 12:37:00,AMSC,SHORT,186,16.38,15.62,10,141.35999999999996,1.302,1.52334,138.53465999999997,2023-08
2023-08-01 12:27:00,2023-08-01 12:28:00,2023-08-01 12:38:00,AMSC,SHORT,192,16.04,15.63,10,78.71999999999969,1.344,1.5398399999999999,75.8361599999997,2023-08
2023-08-01 12:28:00,2023-08-01 12:29:00,2023-08-01 12:39:00,AMSC,SHORT,198,15.66,15.36,10,59.40000000000014,1.3860000000000001,1.55034,56.46366000000014,2023-08
2023-08-01 12:29:00,2023-08-01 12:30:00,2023-08-01 12:40:00,AMSC,SHORT,194,16.0,15.22,10,151.31999999999988,1.358,1.552,148.40999999999988,2023-08
2023-08-01 12:30:00,2023-08-01 12:31:00,2023-08-01 12:41:00,AMSC,SHORT,195,16.07,15.44,10,122.85000000000015,1.365,1.5668250000000001,119.91817500000016,2023-08
2023-08-01 12:31:00,2023-08-01 12:32:00,2023-08-01 12:42:00,AMSC,SHORT,198,15.96,15.39,10,112.86000000000006,1.3860000000000001,1.5800400000000003,109.89396000000006,2023-08
2023-08-01 12:32:00,2023-08-01 12:33:00,2023-08-01 12:43:00,AMSC,SHORT,203,15.7201,15.31,10,83.25029999999998,1.421,1.59559015,80.23370984999997,2023-08
2023-08-01 12:33:00,2023-08-01 12:34:00,2023-08-01 12:44:00,AMSC,SHORT,203,15.8,15.3985,10,81.50450000000008,1.421,1.6037000000000001,78.47980000000007,2023-08
2023-08-01 12:34:00,2023-08-01 12:35:00,2023-08-01 12:45:00,AMSC,SHORT,208,15.47,15.5,10,-6.239999999999867,1.456,1.60888,-9.304879999999866,2023-08
2023-08-01 12:35:00,2023-08-01 12:36:00,2023-08-01 12:46:00,AMSC,SHORT,204,15.75,15.44,10,63.2400000000001,1.428,1.6065,60.20550000000011,2023-08
2023-08-01 12:36:00,2023-08-01 12:37:00,2023-08-01 12:47:00,AMSC,SHORT,207,15.62,15.57,10,10.34999999999978,1.449,1.6166699999999998,7.2843299999997795,2023-08
2023-08-01 12:37:00,2023-08-01 12:38:00,2023-08-01 12:48:00,AMSC,SHORT,207,15.63,15.73,10,-20.699999999999925,1.449,1.6177050000000002,-23.766704999999927,2023-08
2023-08-01 12:38:00,2023-08-01 12:39:00,2023-08-01 12:49:00,AMSC,SHORT,210,15.36,15.82,10,-96.60000000000018,1.47,1.6128,-99.68280000000019,2023-08
2023-08-01 12:39:00,2023-08-01 12:40:00,2023-08-01 12:50:00,AMSC,SHORT,210,15.22,15.9,10,-142.79999999999995,1.47,1.5981,-145.86809999999994,2023-08
2023-08-01 12:40:00,2023-08-01 12:41:00,2023-08-01 12:51:00,AMSC,SHORT,206,15.44,15.8,10,-74.16000000000025,1.442,1.59032,-77.19232000000025,2023-08
2023-08-01 12:41:00,2023-08-01 12:42:00,2023-08-01 12:52:00,AMSC,SHORT,205,15.39,15.57,10,-36.89999999999994,1.435,1.5774750000000002,-39.912474999999944,2023-08
2023-08-01 12:42:00,2023-08-01 12:43:00,2023-08-01 12:53:00,AMSC,SHORT,206,15.31,15.22,10,18.53999999999997,1.442,1.5769300000000002,15.52106999999997,2023-08
2023-08-01 12:43:00,2023-08-01 12:44:00,2023-08-01 12:54:00,AMSC,SHORT,205,15.3985,15.28,10,24.292500000000192,1.435,1.57834625,21.279153750000194,2023-08
2023-08-01 12:44:00,2023-08-01 12:45:00,2023-08-01 12:55:00,AMSC,SHORT,204,15.5,15.47,10,6.1199999999998695,1.428,1.581,3.1109999999998696,2023-08
2023-08-01 12:45:00,2023-08-01 12:46:00,2023-08-01 12:56:00,AMSC,SHORT,205,15.44,15.7999,10,-73.77949999999993,1.435,1.5826,-76.79709999999993,2023-08
2023-08-01 12:46:00,2023-08-01 12:47:00,2023-08-01 12:57:00,AMSC,SHORT,202,15.57,15.7,10,-26.2599999999998,1.414,1.57257,-29.2465699999998,2023-08
2023-08-01 12:47:00,2023-08-01 12:48:00,2023-08-01 12:58:00,AMSC,SHORT,199,15.73,15.9,10,-33.829999999999984,1.393,1.565135,-36.78813499999998,2023-08
2023-08-01 12:48:00,2023-08-01 12:49:00,2023-08-01 12:59:00,AMSC,SHORT,198,15.82,15.89,10,-13.860000000000056,1.3860000000000001,1.5661800000000001,-16.812180000000055,2023-08
2023-08-01 12:49:00,2023-08-01 12:50:00,2023-08-01 13:00:00,AMSC,SHORT,197,15.9,15.8998,10,0.039399999999908175,1.379,1.5661500000000002,-2.9057500000000918,2023-08
2023-08-01 12:50:00,2023-08-01 12:51:00,2023-08-01 13:01:00,AMSC,SHORT,198,15.8,16.1,10,-59.40000000000014,1.3860000000000001,1.5642,-62.35020000000014,2023-08
2023-08-01 12:51:00,2023-08-01 12:52:00,2023-08-01 13:02:00,AMSC,SHORT,200,15.57,16.19,10,-124.0000000000002,1.4000000000000001,1.557,-126.9570000000002,2023-08
2023-08-01 12:52:00,2023-08-01 12:53:00,2023-08-01 13:03:00,AMSC,SHORT,203,15.22,16.16,10,-190.8199999999999,1.421,1.5448300000000001,-193.7858299999999,2023-08
2023-08-01 12:53:00,2023-08-01 12:54:00,2023-08-01 13:04:00,AMSC,SHORT,200,15.28,16.2,10,-184.0,1.4000000000000001,1.528,-186.928,2023-08
2023-08-01 12:54:00,2023-08-01 12:55:00,2023-08-01 13:05:00,AMSC,SHORT,195,15.47,16.2,10,-142.34999999999974,1.365,1.5083250000000001,-145.22332499999976,2023-08
2023-08-01 12:55:00,2023-08-01 12:56:00,2023-08-01 13:06:00,AMSC,SHORT,189,15.7999,15.94,10,-26.478900000000063,1.323,1.49309055,-29.294990550000065,2023-08
2023-08-01 12:56:00,2023-08-01 12:57:00,2023-08-01 13:07:00,AMSC,SHORT,190,15.7,15.97,10,-51.30000000000025,1.33,1.4915,-54.12150000000025,2023-08
2023-08-01 13:01:00,2023-08-01 13:02:00,2023-08-01 13:12:00,AMSC,SHORT,183,16.19,15.67,10,95.16000000000025,1.281,1.4813850000000002,92.39761500000024,2023-08
2023-08-01 13:02:00,2023-08-01 13:03:00,2023-08-01 13:13:00,AMSC,SHORT,185,16.16,15.3,10,159.0999999999999,1.295,1.4948,156.31019999999992,2023-08
2023-08-01 13:03:00,2023-08-01 13:04:00,2023-08-01 13:14:00,AMSC,SHORT,186,16.2,14.9,10,241.7999999999998,1.302,1.5066,238.99139999999983,2023-08
2023-08-01 13:05:00,2023-08-01 13:06:00,2023-08-01 13:16:00,AMSC,SHORT,192,15.94,15.22,10,138.23999999999978,1.344,1.53024,135.3657599999998,2023-08
2023-08-01 13:06:00,2023-08-01 13:07:00,2023-08-01 13:17:00,AMSC,SHORT,194,15.97,15.29,10,131.9200000000003,1.358,1.54909,129.0129100000003,2023-08
2023-08-01 13:25:00,2023-08-01 13:26:00,2023-08-01 13:36:00,AMSC,SHORT,192,16.26,15.6938,10,108.71040000000039,1.344,1.5609600000000001,105.8054400000004,2023-08
2023-08-01 13:27:00,2023-08-01 13:28:00,2023-08-01 13:38:00,AMSC,SHORT,198,15.86,15.235,10,123.75,1.3860000000000001,1.5701399999999999,120.79386000000001,2023-08
2023-08-01 13:28:00,2023-08-01 13:29:00,2023-08-01 13:39:00,AMSC,SHORT,198,16.0,15.32,10,134.63999999999993,1.3860000000000001,1.584,131.66999999999993,2023-08
2023-08-01 13:29:00,2023-08-01 13:30:00,2023-08-01 13:40:00,AMSC,SHORT,197,16.21,15.37,10,165.48000000000033,1.379,1.5966850000000001,162.50431500000033,2023-08
2023-08-01 13:48:00,2023-08-01 13:49:00,2023-08-01 13:59:00,AMSC,SHORT,215,15.0,14.2201,10,167.6784999999999,1.5050000000000001,1.6125,164.5609999999999,2023-08
2023-08-01 13:49:00,2023-08-01 13:50:00,2023-08-01 14:00:00,AMSC,SHORT,218,14.8999,13.709,10,259.6162000000002,1.526,1.6240891000000002,256.4661109000002,2023-08
2023-08-01 14:09:00,2023-08-01 14:10:00,2023-08-01 14:20:00,AMSC,SHORT,239,13.86,14.42,10,-133.84000000000012,1.673,1.65627,-137.16927000000013,2023-08
2023-08-01 14:10:00,2023-08-01 14:11:00,2023-08-01 14:21:00,AMSC,SHORT,237,13.8501,14.59,10,-175.35630000000012,1.659,1.64123685,-178.65653685000012,2023-08
2023-08-01 14:11:00,2023-08-01 14:12:00,2023-08-01 14:22:00,AMSC,SHORT,226,14.33,14.5366,10,-46.69159999999998,1.582,1.61929,-49.89288999999998,2023-08
2023-08-01 14:15:00,2023-08-01 14:16:00,2023-08-01 14:26:00,AMSC,SHORT,230,14.03,14.94,10,-209.30000000000004,1.61,1.6134499999999998,-212.52345000000005,2023-08
2023-08-01 14:22:00,2023-08-01 14:23:00,2023-08-01 14:33:00,AMSC,SHORT,213,14.969,14.83,10,29.60699999999986,1.491,1.5941985,26.52180149999986,2023-08
2023-08-01 14:27:00,2023-08-01 14:28:00,2023-08-01 14:38:00,AMSC,SHORT,216,14.78,14.355,10,91.79999999999977,1.512,1.59624,88.69175999999977,2023-08
2023-08-01 14:28:00,2023-08-01 14:29:00,2023-08-01 14:39:00,AMSC,SHORT,216,14.8933,14.39,10,108.71279999999987,1.512,1.6084764,105.59232359999987,2023-08
2023-08-01 14:29:00,2023-08-01 14:30:00,2023-08-01 14:40:00,AMSC,SHORT,215,15.0276,14.38,10,139.23399999999975,1.5050000000000001,1.615467,136.11353299999976,2023-08
2023-08-01 14:30:00,2023-08-01 14:31:00,2023-08-01 14:41:00,AMSC,SHORT,213,15.3019,14.535,10,163.34969999999993,1.491,1.6296523500000002,160.22904764999993,2023-08
2023-08-01 14:31:00,2023-08-01 14:32:00,2023-08-01 14:42:00,AMSC,SHORT,225,14.63,14.4884,10,31.86000000000009,1.575,1.645875,28.63912500000009,2023-08
2023-08-01 14:34:00,2023-08-01 14:35:00,2023-08-01 14:45:00,AMSC,SHORT,231,14.27,14.37,10,-23.099999999999916,1.617,1.648185,-26.36518499999992,2023-08
2023-08-01 14:39:00,2023-08-01 14:40:00,2023-08-01 14:50:00,AMSC,SHORT,229,14.38,14.3512,10,6.595200000000087,1.603,1.64651,3.3456900000000873,2023-08
2023-08-01 14:42:00,2023-08-01 14:43:00,2023-08-01 14:53:00,AMSC,SHORT,226,14.555,14.6,10,-10.169999999999984,1.582,1.644715,-13.396714999999984,2023-08
2023-08-01 14:45:00,2023-08-01 14:46:00,2023-08-01 14:56:00,AMSC,SHORT,229,14.3594,14.475,10,-26.47239999999973,1.603,1.6441513,-29.719551299999733,2023-08
2023-08-01 14:46:00,2023-08-01 14:47:00,2023-08-01 14:57:00,AMSC,SHORT,229,14.3742,14.489,10,-26.289200000000157,1.603,1.6458459,-29.53804590000016,2023-08
2023-08-01 14:47:00,2023-08-01 14:48:00,2023-08-01 14:58:00,AMSC,SHORT,230,14.2801,14.5,10,-50.5770000000002,1.61,1.6422115,-53.8292115000002,2023-08
2023-08-01 14:50:00,2023-08-01 14:51:00,2023-08-01 15:01:00,AMSC,SHORT,229,14.25,14.7897,10,-123.59129999999996,1.603,1.631625,-126.82592499999996,2023-08
2023-08-01 15:53:00,2023-08-02 09:30:00,2023-08-02 09:42:00,AMSC,SHORT,197,16.44,16.71,10,-53.18999999999991,1.379,1.6193400000000002,-56.18833999999991,2023-08
2023-08-02 12:07:00,2023-08-02 12:08:00,2023-08-02 12:18:00,AMSC,SHORT,202,16.03,15.58,10,90.90000000000022,1.414,1.6190300000000002,87.86697000000022,2023-08
2023-08-02 12:08:00,2023-08-02 12:09:00,2023-08-02 12:19:00,AMSC,SHORT,201,16.1484,15.6,10,110.22839999999982,1.407,1.6229141999999999,107.19848579999983,2023-08
2023-08-02 12:10:00,2023-08-02 12:11:00,2023-08-02 12:21:00,AMSC,LONG,203,16.15,15.6,10,-111.64999999999978,1.421,1.639225,-114.71022499999978,2023-08
2023-08-02 12:11:00,2023-08-02 12:12:00,2023-08-02 12:22:00,AMSC,LONG,201,16.16,15.52,10,-128.6400000000001,1.407,1.62408,-131.6710800000001,2023-08
2023-08-02 12:13:00,2023-08-02 12:14:00,2023-08-02 12:24:00,AMSC,LONG,201,16.0016,15.54,10,-92.78160000000014,1.407,1.6081607999999998,-95.79676080000013,2023-08
2023-08-02 12:15:00,2023-08-02 12:16:00,2023-08-02 12:26:00,AMSC,LONG,205,15.65,15.58,10,-14.350000000000058,1.435,1.604125,-17.38912500000006,2023-08
2023-08-02 12:17:00,2023-08-02 12:18:00,2023-08-02 12:28:00,AMSC,LONG,205,15.58,15.55,10,-6.149999999999869,1.435,1.59695,-9.181949999999869,2023-08
2023-08-02 12:18:00,2023-08-02 12:19:00,2023-08-02 12:29:00,AMSC,LONG,205,15.6,15.3515,10,-50.94249999999999,1.435,1.599,-53.97649999999999,2023-08
2023-08-02 12:19:00,2023-08-02 12:20:00,2023-08-02 12:30:00,AMSC,LONG,204,15.6,15.3,10,-61.19999999999978,1.428,1.5912000000000002,-64.21919999999977,2023-08
2023-08-02 12:20:00,2023-08-02 12:21:00,2023-08-02 12:31:00,AMSC,LONG,203,15.6,15.37,10,-46.69000000000008,1.421,1.5834,-49.69440000000008,2023-08
2023-08-02 12:31:00,2023-08-02 12:32:00,2023-08-02 12:42:00,AMSC,LONG,207,15.3,15.15,10,-31.050000000000075,1.449,1.5835500000000002,-34.082550000000076,2023-08
2023-08-02 12:33:00,2023-08-02 12:34:00,2023-08-02 12:44:00,AMSC,LONG,204,15.5,15.2,10,-61.200000000000145,1.428,1.581,-64.20900000000015,2023-08
2023-08-02 12:39:00,2023-08-02 12:40:00,2023-08-02 12:50:00,AMSC,LONG,209,15.01,15.3515,10,71.37349999999998,1.463,1.568545,68.34195499999998,2023-08
2023-08-02 12:41:00,2023-08-02 12:42:00,2023-08-02 12:52:00,AMSC,LONG,208,15.15,15.2315,10,16.952000000000027,1.456,1.5756000000000001,13.920400000000027,2023-08
2023-08-02 12:42:00,2023-08-02 12:43:00,2023-08-02 12:53:00,AMSC,LONG,207,15.24,15.28,10,8.279999999999824,1.449,1.57734,5.253659999999824,2023-08
2023-08-02 14:27:00,2023-08-02 14:28:00,2023-08-02 14:38:00,AMSC,LONG,253,12.49,12.8701,10,96.16530000000014,1.7710000000000001,1.5799850000000002,92.81431500000015,2023-08
2023-08-02 15:17:00,2023-08-02 15:18:00,2023-08-02 15:28:00,AMSC,LONG,265,11.99,11.64,10,-92.7499999999999,1.855,1.588675,-96.1936749999999,2023-08
2023-08-02 15:19:00,2023-08-02 15:20:00,2023-08-02 15:30:00,AMSC,LONG,273,11.6,11.61,10,2.729999999999942,1.911,1.5834,-0.7644000000000581,2023-08
2023-08-02 15:21:00,2023-08-02 15:22:00,2023-08-02 15:32:00,AMSC,LONG,272,11.62,11.59,10,-8.159999999999826,1.9040000000000001,1.58032,-11.644319999999826,2023-08
2023-08-07 10:24:00,2023-08-07 10:25:00,2023-08-07 10:39:00,AMSC,LONG,305,10.36,10.35,10,-3.049999999999935,2.1350000000000002,1.5798999999999999,-6.764899999999935,2023-08
2023-08-07 13:34:00,2023-08-07 13:35:00,2023-08-07 13:45:00,AMSC,LONG,316,10.0,9.4191,10,-183.56439999999992,2.212,1.58,-187.35639999999992,2023-08
2023-08-07 13:35:00,2023-08-07 13:36:00,2023-08-07 13:46:00,AMSC,LONG,307,10.18,9.3,10,-270.1599999999997,2.149,1.56263,-273.8716299999997,2023-08
2023-08-02 13:27:00,2023-08-02 13:29:00,2023-08-02 13:39:00,APLD,SHORT,346,8.86,8.83,10,10.379999999999779,2.422,1.53278,6.425219999999778,2023-08
2023-08-16 13:25:00,2023-08-16 13:27:00,2023-08-16 13:37:00,ARHS,LONG,287,10.68,11.0,10,91.84000000000009,2.009,1.53258,88.29842000000009,2023-08
2023-08-16 13:28:00,2023-08-16 13:29:00,2023-08-16 13:39:00,ARHS,LONG,291,10.59,10.96,10,107.67000000000029,2.037,1.540845,104.09215500000028,2023-08
2023-08-02 11:00:00,2023-08-02 11:04:00,2023-08-02 12:10:00,ASAN,SHORT,130,23.88,24.0,10,-15.60000000000013,0.91,1.5522,-18.06220000000013,2023-08
2023-08-23 13:16:00,2023-08-23 13:17:00,2023-08-23 13:35:00,ASO,SHORT,61,50.52,49.31,10,73.81000000000006,0.7,1.5408600000000001,71.56914000000006,2023-08
2023-08-23 13:17:00,2023-08-23 13:19:00,2023-08-23 13:36:00,ASO,SHORT,61,50.66,48.845,10,110.71499999999986,0.7,1.54513,108.46986999999986,2023-08
2023-08-23 13:19:00,2023-08-23 13:21:00,2023-08-23 13:37:00,ASO,SHORT,61,50.74,49.4592,10,78.12879999999996,0.7,1.5475700000000001,75.88122999999996,2023-08
2023-08-23 13:21:00,2023-08-23 13:25:00,2023-08-23 13:38:00,ASO,SHORT,62,50.51,49.34,10,72.53999999999967,0.7,1.56581,70.27418999999966,2023-08
2023-08-23 13:25:00,2023-08-23 13:27:00,2023-08-23 13:39:00,ASO,SHORT,63,50.22,49.27,10,59.84999999999973,0.7,1.58193,57.56806999999973,2023-08
2023-08-23 13:27:00,2023-08-23 13:30:00,2023-08-23 13:40:00,ASO,SHORT,63,50.395,49.59,10,50.71499999999998,0.7,1.5874425,48.42755749999998,2023-08
2023-08-23 13:30:00,2023-08-23 13:31:00,2023-08-23 13:41:00,ASO,SHORT,64,49.77,49.66,10,7.040000000000418,0.7,1.59264,4.747360000000418,2023-08
2023-08-25 13:32:00,2023-08-25 13:33:00,2023-08-25 13:43:00,ASO,SHORT,62,51.015,51.035,10,-1.2399999999997533,0.7,1.581465,-3.521464999999753,2023-08
2023-08-02 10:46:00,2023-08-02 11:02:00,2023-08-02 12:46:00,BE,SHORT,184,17.34,17.25,10,16.559999999999974,1.288,1.59528,13.676719999999973,2023-08
2023-08-02 11:02:00,2023-08-02 11:03:00,2023-08-02 12:47:00,BE,SHORT,183,17.4,17.24,10,29.280000000000026,1.281,1.5920999999999998,26.40690000000003,2023-08
2023-08-02 12:01:00,2023-08-02 12:40:00,2023-08-02 13:31:00,BE,SHORT,185,17.25,16.728,10,96.56999999999971,1.295,1.595625,93.67937499999971,2023-08
2023-08-02 12:40:00,2023-08-02 12:46:00,2023-08-02 13:32:00,BE,SHORT,186,17.25,16.85,10,74.39999999999974,1.302,1.60425,71.49374999999974,2023-08
2023-08-02 12:46:00,2023-08-02 12:47:00,2023-08-02 13:33:00,BE,SHORT,187,17.24,16.86,10,71.05999999999982,1.309,1.61194,68.13905999999982,2023-08
2023-08-02 12:47:00,2023-08-02 13:06:00,2023-08-02 13:34:00,BE,SHORT,188,17.24,16.8699,10,69.57879999999948,1.316,1.62056,66.64223999999948,2023-08
2023-08-02 13:06:00,2023-08-02 13:20:00,2023-08-02 13:35:00,BE,SHORT,189,17.22,16.88,10,64.25999999999998,1.323,1.62729,61.309709999999974,2023-08
2023-08-02 11:07:00,2023-08-02 11:11:00,2023-08-02 13:10:00,BMBL,SHORT,175,18.7,18.5,10,34.99999999999987,1.225,1.63625,32.138749999999874,2023-08
2023-08-02 11:11:00,2023-08-02 12:00:00,2023-08-02 13:12:00,BMBL,SHORT,173,18.9362,18.04,10,155.04260000000005,1.211,1.6379812999999999,152.19361870000003,2023-08
2023-08-02 12:00:00,2023-08-02 12:36:00,2023-08-02 13:20:00,BMBL,SHORT,176,18.78,18.42,10,63.3599999999999,1.232,1.65264,60.4753599999999,2023-08
2023-08-02 12:36:00,2023-08-02 12:39:00,2023-08-02 13:21:00,BMBL,SHORT,177,18.76,18.42,10,60.17999999999998,1.239,1.6602600000000003,57.28073999999998,2023-08
2023-08-02 12:39:00,2023-08-02 12:42:00,2023-08-02 13:25:00,BMBL,SHORT,177,18.78,18.44,10,60.17999999999998,1.239,1.6620300000000003,57.27896999999998,2023-08
2023-08-02 12:42:00,2023-08-02 12:53:00,2023-08-02 13:30:00,BMBL,SHORT,176,18.97,18.32,10,114.39999999999975,1.232,1.66936,111.49863999999975,2023-08
2023-08-02 13:10:00,2023-08-02 13:12:00,2023-08-02 13:36:00,BMBL,SHORT,186,18.04,18.15,10,-20.459999999999894,1.302,1.67772,-23.439719999999895,2023-08
2023-08-02 13:12:00,2023-08-02 13:20:00,2023-08-02 13:37:00,BMBL,SHORT,182,18.42,18.19,10,41.86000000000008,1.274,1.6762200000000003,38.909780000000076,2023-08
2023-08-02 13:20:00,2023-08-02 13:21:00,2023-08-02 13:38:00,BMBL,SHORT,183,18.42,18.18,10,43.920000000000364,1.281,1.6854300000000002,40.95357000000037,2023-08
2023-08-02 13:21:00,2023-08-02 13:25:00,2023-08-02 13:39:00,BMBL,SHORT,183,18.44,18.265,10,32.025000000000134,1.281,1.6872600000000002,29.056740000000133,2023-08
2023-08-02 13:25:00,2023-08-02 13:30:00,2023-08-02 13:40:00,BMBL,SHORT,184,18.32,18.2399,10,14.738400000000297,1.288,1.68544,11.764960000000297,2023-08
2023-08-07 13:45:00,2023-08-07 13:46:00,2023-08-07 13:56:00,BYND,LONG,227,14.891,14.97,10,17.933000000000142,1.589,1.6901285000000001,14.653871500000143,2023-08
2023-08-16 15:27:00,2023-08-16 15:28:00,2023-08-16 15:38:00,COIN,SHORT,42,79.15,79.1708,10,-0.8735999999997546,0.7,1.66215,-3.2357499999997543,2023-08
2023-08-02 11:22:00,2023-08-02 12:00:00,2023-08-02 13:44:00,CSTL,SHORT,205,16.54,16.575,10,-7.175000000000029,1.435,1.69535,-10.305350000000029,2023-08
2023-08-02 12:00:00,2023-08-02 13:30:00,2023-08-02 13:45:00,CSTL,SHORT,206,16.44,16.52,10,-16.47999999999965,1.442,1.6933200000000002,-19.61531999999965,2023-08
2023-08-17 13:23:00,2023-08-17 13:30:00,2023-08-17 14:12:00,DBD,SHORT,178,19.0,19.26,10,-46.28000000000028,1.246,1.691,-49.21700000000028,2023-08
2023-08-18 14:05:00,2023-08-18 14:06:00,2023-08-18 14:23:00,DBD,SHORT,168,20.0,19.875,10,21.0,1.176,1.68,18.144000000000002,2023-08
2023-08-31 13:30:00,2023-08-31 13:31:00,2023-08-31 13:41:00,DG,SHORT,25,134.8756,131.98,10,72.39000000000004,0.7,1.685945,70.00405500000004,2023-08
2023-08-02 10:22:00,2023-08-02 11:14:00,2023-08-02 13:38:00,DOCN,SHORT,71,47.65,47.14,10,36.20999999999986,0.7,1.691575,33.818424999999856,2023-08
2023-08-02 11:00:00,2023-08-02 11:55:00,2023-08-02 12:16:00,DRVN,SHORT,157,21.55,20.99,10,87.92000000000036,1.099,1.691675,85.12932500000035,2023-08
2023-08-02 11:55:00,2023-08-02 11:57:00,2023-08-02 12:17:00,DRVN,SHORT,160,21.35,20.54,10,129.60000000000036,1.12,1.708,126.77200000000036,2023-08
2023-08-02 11:57:00,2023-08-02 11:58:00,2023-08-02 12:18:00,DRVN,SHORT,162,21.25,19.51,10,281.87999999999977,1.1340000000000001,1.72125,279.02474999999976,2023-08
2023-08-02 11:58:00,2023-08-02 12:00:00,2023-08-02 12:31:00,DRVN,SHORT,170,20.55,19.87,10,115.59999999999995,1.19,1.74675,112.66324999999995,2023-08
2023-08-02 12:00:00,2023-08-02 12:01:00,2023-08-02 12:32:00,DRVN,SHORT,172,20.45,19.79,10,113.52000000000002,1.204,1.7587000000000002,110.55730000000003,2023-08
2023-08-02 12:01:00,2023-08-02 12:04:00,2023-08-02 12:33:00,DRVN,SHORT,170,20.81,20.0312,10,132.39600000000007,1.19,1.76885,129.4371500000001,2023-08
2023-08-02 12:04:00,2023-08-02 12:10:00,2023-08-02 12:34:00,DRVN,SHORT,171,20.79,20.25,10,92.33999999999986,1.197,1.777545,89.36545499999986,2023-08
2023-08-02 12:10:00,2023-08-02 12:12:00,2023-08-02 12:48:00,DRVN,SHORT,179,20.0,20.0,10,0.0,1.2530000000000001,1.79,-3.043,2023-08
2023-08-02 12:12:00,2023-08-02 12:14:00,2023-08-02 13:07:00,DRVN,SHORT,178,20.06,20.0,10,10.679999999999772,1.246,1.78534,7.648659999999772,2023-08
2023-08-02 12:14:00,2023-08-02 12:15:00,2023-08-02 13:11:00,DRVN,SHORT,170,20.99,19.75,10,210.79999999999973,1.19,1.78415,207.82584999999972,2023-08
2023-08-02 12:15:00,2023-08-02 12:16:00,2023-08-02 13:12:00,DRVN,SHORT,172,20.99,19.63,10,233.9199999999999,1.204,1.80514,230.9108599999999,2023-08
2023-08-02 12:16:00,2023-08-02 12:17:00,2023-08-02 13:13:00,DRVN,SHORT,178,20.54,19.366,10,208.97199999999992,1.246,1.82806,205.89793999999992,2023-08
2023-08-02 12:17:00,2023-08-02 12:18:00,2023-08-02 13:25:00,DRVN,SHORT,190,19.51,18.76,10,142.5,1.33,1.85345,139.31654999999998,2023-08
2023-08-02 12:18:00,2023-08-02 12:31:00,2023-08-02 13:28:00,DRVN,SHORT,188,19.87,18.9,10,182.36000000000047,1.316,1.8677800000000002,179.17622000000046,2023-08
2023-08-02 12:31:00,2023-08-02 12:32:00,2023-08-02 13:30:00,DRVN,SHORT,191,19.79,18.0,10,341.8899999999998,1.337,1.889945,338.6630549999998,2023-08
2023-08-02 12:32:00,2023-08-02 12:33:00,2023-08-02 13:31:00,DRVN,SHORT,192,20.0312,17.27,10,530.1503999999998,1.344,1.9229952,526.8834047999998,2023-08
2023-08-02 12:33:00,2023-08-02 12:34:00,2023-08-02 13:32:00,DRVN,SHORT,195,20.25,17.54,10,528.4500000000002,1.365,1.974375,525.1106250000001,2023-08
2023-08-02 12:34:00,2023-08-02 12:48:00,2023-08-02 13:33:00,DRVN,SHORT,202,20.0,16.89,10,628.2199999999999,1.414,2.02,624.786,2023-08
2023-08-02 12:48:00,2023-08-02 13:07:00,2023-08-02 13:34:00,DRVN,SHORT,209,20.0,16.73,10,683.43,1.463,2.09,679.877,2023-08
2023-08-02 13:07:00,2023-08-02 13:11:00,2023-08-02 13:35:00,DRVN,SHORT,218,19.75,16.7,10,664.9000000000002,1.526,2.15275,661.2212500000003,2023-08
2023-08-02 13:11:00,2023-08-02 13:12:00,2023-08-02 13:36:00,DRVN,SHORT,226,19.63,16.6,10,684.7799999999994,1.582,2.21819,680.9798099999994,2023-08
2023-08-02 13:12:00,2023-08-02 13:13:00,2023-08-02 13:37:00,DRVN,SHORT,236,19.366,16.5,10,676.376,1.6520000000000001,2.285188,672.438812,2023-08
2023-08-02 13:13:00,2023-08-02 13:25:00,2023-08-02 13:38:00,DRVN,SHORT,251,18.76,16.7,10,517.0600000000006,1.7570000000000001,2.3543800000000004,512.9486200000007,2023-08
2023-08-02 13:25:00,2023-08-02 13:28:00,2023-08-02 13:39:00,DRVN,SHORT,255,18.9,16.99,10,487.05,1.7850000000000001,2.40975,482.85525,2023-08
2023-08-02 13:28:00,2023-08-02 13:30:00,2023-08-02 13:40:00,DRVN,SHORT,273,18.0,16.58,10,387.6600000000005,1.911,2.457,383.2920000000005,2023-08
2023-08-02 13:30:00,2023-08-02 13:31:00,2023-08-02 13:41:00,DRVN,SHORT,289,17.27,16.545,10,209.52499999999938,2.023,2.4955149999999997,205.00648499999937,2023-08
2023-08-10 11:53:00,2023-08-10 12:00:00,2023-08-10 13:30:00,FLNC,SHORT,168,29.9699,29.97,10,-0.016799999999960846,1.176,2.5174716,-3.7102715999999605,2023-08
2023-08-10 13:23:00,2023-08-10 13:25:00,2023-08-10 13:38:00,FLNC,SHORT,168,29.84,28.24,10,268.80000000000024,1.176,2.50656,265.1174400000003,2023-08
2023-08-10 13:27:00,2023-08-10 13:30:00,2023-08-10 13:40:00,FLNC,SHORT,169,29.97,28.55,10,239.97999999999968,1.183,2.5324649999999997,236.26453499999968,2023-08
2023-08-04 13:41:00,2023-08-04 13:42:00,2023-08-04 13:52:00,FTNT,LONG,90,57.0175,56.94,10,-6.975000000000051,0.7,2.5657875,-10.240787500000051,2023-08
2023-08-04 13:42:00,2023-08-04 13:43:00,2023-08-04 13:53:00,FTNT,LONG,89,57.16,57.2077,10,4.24530000000054,0.7,2.5436199999999998,1.0016800000005404,2023-08
2023-08-04 13:44:00,2023-08-04 13:45:00,2023-08-04 13:55:00,FTNT,LONG,89,57.1257,57.12,10,-0.5073000000003987,0.7,2.5420936500000004,-3.749393650000399,2023-08
2023-08-04 13:45:00,2023-08-04 13:46:00,2023-08-04 13:56:00,FTNT,LONG,89,57.1475,57.105,10,-3.782500000000354,0.7,2.5430637500000004,-7.025563750000355,2023-08
2023-08-02 12:05:00,2023-08-02 12:19:00,2023-08-02 13:38:00,GH,SHORT,138,36.99,36.94,10,6.900000000000588,0.966,2.55231,3.3816900000005883,2023-08
2023-08-02 12:19:00,2023-08-02 12:28:00,2023-08-02 13:39:00,GH,SHORT,134,38.25,37.07,10,158.11999999999995,0.9380000000000001,2.56275,154.61924999999997,2023-08
2023-08-02 12:28:00,2023-08-02 13:30:00,2023-08-02 13:40:00,GH,SHORT,140,36.9,36.96,10,-8.400000000000318,0.98,2.583,-11.963000000000319,2023-08
2023-08-02 13:30:00,2023-08-02 13:31:00,2023-08-02 13:41:00,GNRC,SHORT,41,124.915,132.925,10,-328.4100000000002,0.7,2.5607575000000002,-331.6707575000002,2023-08
2023-08-08 12:00:00,2023-08-08 13:12:00,2023-08-08 13:38:00,GRPN,SHORT,652,7.81,7.7,10,71.71999999999963,4.564,2.54606,64.60993999999964,2023-08
2023-08-08 13:25:00,2023-08-08 13:30:00,2023-08-08 13:40:00,GRPN,SHORT,649,7.865,7.66,10,133.04500000000004,4.543,2.5521925000000003,125.94980750000003,2023-08
2023-08-21 13:28:00,2023-08-21 13:30:00,2023-08-21 13:40:00,GRPN,SHORT,457,11.235,11.2501,10,-6.900700000000153,3.1990000000000003,2.5671975,-12.666897500000154,2023-08
2023-08-29 13:27:00,2023-08-29 13:28:00,2023-08-29 13:40:00,GRPN,SHORT,418,12.28,11.73,10,229.89999999999955,2.926,2.56652,224.40747999999957,2023-08
2023-08-29 13:28:00,2023-08-29 13:30:00,2023-08-29 13:41:00,GRPN,SHORT,442,11.69,11.85,10,-70.72000000000006,3.094,2.58349,-76.39749000000005,2023-08
2023-08-18 13:30:00,2023-08-18 13:31:00,2023-08-18 13:41:00,KEYS,SHORT,40,127.51,135.21,10,-308.0000000000001,0.7,2.5502000000000002,-311.2502000000001,2023-08
2023-08-18 13:31:00,2023-08-18 13:32:00,2023-08-18 13:42:00,KEYS,SHORT,39,128.51,135.37,10,-267.54000000000053,0.7,2.5059449999999996,-270.7459450000005,2023-08
2023-08-09 13:46:00,2023-08-09 13:47:00,2023-08-09 13:57:00,SMCI,LONG,181,27.814,27.6495,10,-29.774500000000057,1.2670000000000001,2.517167,-33.55866700000006,2023-08
2023-08-09 13:47:00,2023-08-09 13:48:00,2023-08-09 13:58:00,SMCI,LONG,181,27.755,27.5319,10,-40.381099999999776,1.2670000000000001,2.5118275,-44.15992749999978,2023-08
2023-08-09 13:48:00,2023-08-09 13:49:00,2023-08-09 13:59:00,SMCI,LONG,182,27.5026,27.4,10,-18.67320000000045,1.274,2.5027366000000004,-22.44993660000045,2023-08
2023-08-09 13:49:00,2023-08-09 13:50:00,2023-08-09 14:00:00,SMCI,LONG,183,27.428,27.5765,10,27.17549999999973,1.281,2.5096620000000005,23.384837999999732,2023-08
2023-08-23 15:27:00,2023-08-23 15:28:00,2023-08-23 15:38:00,WSM,SHORT,71,70.12,70.4045,10,-20.19949999999959,0.7,2.4892600000000003,-23.38875999999959,2023-08
2023-09-28 13:31:00,2023-09-28 13:32:00,2023-09-28 13:42:00,ACAD,LONG,89,22.37,22.7542,10,34.19379999999999,0.7,0.995465,32.49833499999998,2023-09
2023-09-28 13:32:00,2023-09-28 13:33:00,2023-09-28 13:43:00,ACAD,LONG,90,22.1401,22.52,10,34.19099999999993,0.7,0.9963045,32.49469549999993,2023-09
2023-09-28 13:33:00,2023-09-28 13:34:00,2023-09-28 13:44:00,ACAD,LONG,92,21.79,22.62,10,76.36000000000017,0.7,1.00234,74.65766000000016,2023-09
2023-09-28 13:34:00,2023-09-28 13:35:00,2023-09-28 13:45:00,ACAD,LONG,93,21.655,22.33,10,62.774999999999736,0.7,1.0069575000000002,61.068042499999734,2023-09
2023-09-11 11:38:00,2023-09-11 11:39:00,2023-09-11 11:52:00,AMC,LONG,279,7.31,7.29,10,-5.579999999999881,1.953,1.019745,-8.55274499999988,2023-09
2023-09-11 12:37:00,2023-09-11 12:38:00,2023-09-11 12:48:00,AMC,LONG,278,7.32,7.39,10,19.45999999999983,1.946,1.01748,16.49651999999983,2023-09
2023-09-11 13:33:00,2023-09-11 13:34:00,2023-09-11 13:44:00,AMC,LONG,272,7.485,7.3599,10,-34.02720000000018,1.9040000000000001,1.01796,-36.949160000000184,2023-09
2023-09-11 13:34:00,2023-09-11 13:35:00,2023-09-11 13:45:00,AMC,LONG,269,7.545,7.3435,10,-54.20350000000006,1.883,1.0148025,-57.10130250000007,2023-09
2023-09-11 13:35:00,2023-09-11 13:36:00,2023-09-11 13:46:00,AMC,LONG,269,7.51,7.3,10,-56.48999999999999,1.883,1.010095,-59.38309499999999,2023-09
2023-09-11 13:36:00,2023-09-11 13:37:00,2023-09-11 13:47:00,AMC,LONG,271,7.4099,7.3271,10,-22.438800000000178,1.897,1.0040414500000001,-25.339841450000176,2023-09
2023-09-11 13:37:00,2023-09-11 13:38:00,2023-09-11 13:48:00,AMC,LONG,270,7.418,7.3266,10,-24.67800000000004,1.8900000000000001,1.00143,-27.56943000000004,2023-09
2023-09-11 13:38:00,2023-09-11 13:39:00,2023-09-11 13:49:00,AMC,LONG,269,7.41,7.3498,10,-16.19380000000001,1.883,0.996645,-19.07344500000001,2023-09
2023-09-11 13:50:00,2023-09-11 13:51:00,2023-09-11 14:01:00,AMC,SHORT,271,7.35,7.355,10,-1.3550000000002118,1.897,0.995925,-4.247925000000212,2023-09
2023-09-27 14:02:00,2023-09-27 14:03:00,2023-09-27 14:13:00,APA,SHORT,47,42.01,42.095,10,-3.99500000000004,0.7,0.987235,-5.68223500000004,2023-09
2023-09-11 09:37:00,2023-09-11 09:38:00,2023-09-11 09:52:00,CRNX,SHORT,93,21.33,20.65,10,63.239999999999974,0.7,0.991845,61.54815499999997,2023-09
2023-09-11 10:23:00,2023-09-11 10:24:00,2023-09-11 10:34:00,CRNX,LONG,92,21.8,22.73,10,85.55999999999997,0.7,1.0028000000000001,83.85719999999998,2023-09
2023-09-11 10:26:00,2023-09-11 10:27:00,2023-09-11 10:37:00,CRNX,SHORT,92,21.85,24.06,10,-203.31999999999977,0.7,1.0051,-205.02509999999975,2023-09
2023-09-11 10:47:00,2023-09-11 10:48:00,2023-09-11 10:58:00,CRNX,SHORT,70,28.09,27.5,10,41.29999999999999,0.7,0.98315,39.616849999999985,2023-09
2023-09-11 11:09:00,2023-09-11 11:10:00,2023-09-11 11:20:00,CRNX,LONG,77,25.8,26.24,10,33.879999999999825,0.7,0.9933000000000001,32.186699999999824,2023-09
2023-09-11 11:10:00,2023-09-11 11:11:00,2023-09-11 11:21:00,CRNX,LONG,77,25.9,26.0,10,7.700000000000109,0.7,0.99715,6.002850000000109,2023-09
2023-09-11 13:33:00,2023-09-11 13:34:00,2023-09-11 13:44:00,CRNX,LONG,75,26.314,28.025,10,128.32499999999987,0.7,0.986775,126.63822499999988,2023-09
2023-09-11 13:34:00,2023-09-11 13:35:00,2023-09-11 13:45:00,CRNX,LONG,75,26.75,27.885,10,85.12500000000011,0.7,1.003125,83.42187500000011,2023-09
2023-09-11 13:35:00,2023-09-11 13:36:00,2023-09-11 13:46:00,CRNX,LONG,76,26.535,28.2063,10,127.0187999999999,0.7,1.0083300000000002,125.3104699999999,2023-09
2023-09-11 13:36:00,2023-09-11 13:37:00,2023-09-11 13:47:00,CRNX,LONG,75,27.25,27.6,10,26.250000000000107,0.7,1.021875,24.528125000000106,2023-09
2023-09-11 13:38:00,2023-09-11 13:39:00,2023-09-11 13:49:00,CRNX,SHORT,71,28.9167,28.0,10,65.08569999999992,0.7,1.02654285,63.359157149999916,2023-09
2023-09-11 13:57:00,2023-09-11 13:58:00,2023-09-11 14:08:00,CRNX,SHORT,76,27.3,27.312,10,-0.9120000000000346,0.7,1.0374,-2.6494000000000346,2023-09
2023-09-07 12:13:00,2023-09-07 12:24:00,2023-09-07 12:38:00,DBI,SHORT,173,12.0,11.21,10,136.66999999999985,1.211,1.038,134.42099999999982,2023-09
2023-09-07 12:24:00,2023-09-07 12:25:00,2023-09-07 12:39:00,DBI,SHORT,179,11.74,11.7873,10,-8.466699999999982,1.2530000000000001,1.05073,-10.770429999999982,2023-09
2023-09-07 12:25:00,2023-09-07 12:27:00,2023-09-07 12:40:00,DBI,SHORT,175,12.01,11.79,10,38.500000000000114,1.225,1.050875,36.224125000000114,2023-09
2023-09-07 12:27:00,2023-09-07 12:29:00,2023-09-07 12:42:00,DBI,SHORT,174,12.1,11.28,10,142.68000000000006,1.218,1.0527,140.4093000000001,2023-09
2023-09-07 12:30:00,2023-09-07 12:31:00,2023-09-07 12:45:00,DBI,SHORT,185,11.57,11.77,10,-36.99999999999987,1.295,1.0702250000000002,-39.365224999999874,2023-09
2023-09-07 12:33:00,2023-09-07 12:34:00,2023-09-07 12:50:00,DBI,SHORT,177,12.0,11.8,10,35.39999999999988,1.239,1.062,33.09899999999988,2023-09
2023-09-07 12:34:00,2023-09-07 12:35:00,2023-09-07 12:51:00,DBI,SHORT,176,12.1,11.65,10,79.19999999999987,1.232,1.0648,76.90319999999987,2023-09
2023-09-07 12:38:00,2023-09-07 12:39:00,2023-09-07 12:56:00,DBI,SHORT,182,11.7873,11.98,10,-35.071400000000054,1.274,1.0726442999999999,-37.418044300000055,2023-09
2023-09-07 12:40:00,2023-09-07 12:42:00,2023-09-07 13:00:00,DBI,SHORT,190,11.28,12.18,10,-171.00000000000006,1.33,1.0715999999999999,-173.40160000000006,2023-09
2023-09-07 12:42:00,2023-09-07 12:44:00,2023-09-07 13:01:00,DBI,SHORT,177,11.89,12.2,10,-54.86999999999978,1.239,1.0522650000000002,-57.16126499999977,2023-09
2023-09-07 13:19:00,2023-09-07 13:20:00,2023-09-07 13:32:00,DBI,SHORT,169,12.42,12.5,10,-13.520000000000012,1.183,1.04949,-15.752490000000012,2023-09
2023-09-07 13:25:00,2023-09-07 13:26:00,2023-09-07 13:36:00,DBI,SHORT,174,12.04,12.15,10,-19.14000000000021,1.218,1.04748,-21.40548000000021,2023-09
2023-09-07 13:26:00,2023-09-07 13:27:00,2023-09-07 13:37:00,DBI,SHORT,167,12.5,12.3,10,33.39999999999988,1.169,1.04375,31.18724999999988,2023-09
2023-09-07 13:27:00,2023-09-07 13:28:00,2023-09-07 13:38:00,DBI,SHORT,160,13.11,12.16,10,151.9999999999999,1.12,1.0488,149.83119999999988,2023-09
2023-09-07 13:28:00,2023-09-07 13:29:00,2023-09-07 13:39:00,DBI,SHORT,163,13.0,12.44,10,91.28000000000009,1.141,1.0595,89.07950000000008,2023-09
2023-09-07 13:29:00,2023-09-07 13:30:00,2023-09-07 13:40:00,DBI,SHORT,162,13.21,12.25,10,155.52000000000015,1.1340000000000001,1.07001,153.31599000000017,2023-09
2023-09-07 13:33:00,2023-09-07 13:34:00,2023-09-07 13:44:00,DBI,LONG,180,12.06,11.81,10,-45.0,1.26,1.0854000000000001,-47.3454,2023-09
2023-09-07 13:34:00,2023-09-07 13:35:00,2023-09-07 13:45:00,DBI,LONG,179,12.09,12.045,10,-8.054999999999987,1.2530000000000001,1.082055,-10.390054999999988,2023-09
2023-09-07 13:35:00,2023-09-07 13:36:00,2023-09-07 13:46:00,DBI,LONG,178,12.15,11.9997,10,-26.75339999999994,1.246,1.0813500000000003,-29.080749999999938,2023-09
2023-09-07 13:36:00,2023-09-07 13:37:00,2023-09-07 13:47:00,DBI,LONG,175,12.3,11.995,10,-53.37500000000026,1.225,1.07625,-55.676250000000266,2023-09
2023-09-07 13:43:00,2023-09-07 13:44:00,2023-09-07 13:54:00,DBI,SHORT,182,11.81,12.2,10,-70.97999999999978,1.274,1.07471,-73.32870999999977,2023-09
2023-09-07 13:50:00,2023-09-07 13:51:00,2023-09-07 14:01:00,DBI,SHORT,177,12.03,12.12,10,-15.929999999999975,1.239,1.064655,-18.233654999999974,2023-09
2023-09-07 14:47:00,2023-09-07 14:48:00,2023-09-07 14:58:00,DBI,LONG,167,12.74,12.75,10,1.6699999999999644,1.169,1.06379,-0.5627900000000357,2023-09
2023-09-29 13:24:00,2023-09-29 13:27:00,2023-09-29 13:37:00,EAT,SHORT,63,33.57,32.31,10,79.37999999999988,0.7,1.057455,77.62254499999987,2023-09
2023-09-21 13:22:00,2023-09-21 13:26:00,2023-09-21 13:39:00,FSLY,SHORT,113,18.99,18.96,10,3.389999999999727,0.791,1.072935,1.5260649999997271,2023-09
2023-09-13 13:38:00,2023-09-13 13:39:00,2023-09-13 13:49:00,GCT,LONG,179,11.9887,12.41,10,75.41270000000009,1.2530000000000001,1.07298865,73.08671135000009,2023-09
2023-09-13 13:39:00,2023-09-13 13:40:00,2023-09-13 13:50:00,GCT,LONG,180,11.96,12.54,10,104.3999999999997,1.26,1.0764,102.06359999999968,2023-09
2023-09-13 13:40:00,2023-09-13 13:41:00,2023-09-13 13:51:00,GCT,LONG,181,12.0462,12.53,10,87.56779999999976,1.2670000000000001,1.0901811000000001,85.21061889999977,2023-09
2023-09-28 13:58:00,2023-09-28 13:59:00,2023-09-28 14:09:00,GCT,LONG,262,8.39,8.09,10,-78.6000000000002,1.834,1.0990900000000001,-81.5330900000002,2023-09
2023-09-28 13:59:00,2023-09-28 14:00:00,2023-09-28 14:10:00,GCT,LONG,259,8.4159,7.99,10,-110.3081000000001,1.813,1.08985905,-113.2109590500001,2023-09
2023-09-28 14:10:00,2023-09-28 14:11:00,2023-09-28 14:21:00,GCT,LONG,275,7.85,7.58,10,-74.24999999999989,1.925,1.079375,-77.25437499999988,2023-09
2023-09-28 14:18:00,2023-09-28 14:19:00,2023-09-28 14:29:00,GCT,SHORT,278,7.715,7.47,10,68.11000000000003,1.946,1.072385,65.09161500000003,2023-09
2023-09-01 12:00:00,2023-09-01 12:26:00,2023-09-01 13:37:00,GRPN,SHORT,174,12.4,12.215,10,32.19000000000008,1.218,1.0788,29.893200000000082,2023-09
2023-09-01 12:56:00,2023-09-01 13:24:00,2023-09-01 13:40:00,GRPN,SHORT,176,12.3,12.19,10,19.360000000000213,1.232,1.0824,17.045600000000213,2023-09
2023-09-01 13:24:00,2023-09-01 13:28:00,2023-09-01 13:42:00,GRPN,SHORT,176,12.3,12.16,10,24.6400000000001,1.232,1.0824,22.3256000000001,2023-09
2023-09-01 13:28:00,2023-09-01 13:30:00,2023-09-01 13:43:00,GRPN,SHORT,175,12.3512,12.1604,10,33.39000000000021,1.225,1.08073,31.084270000000206,2023-09
2023-09-05 13:17:00,2023-09-05 13:18:00,2023-09-05 13:40:00,GRPN,SHORT,182,11.95,11.56,10,70.97999999999978,1.274,1.08745,68.61854999999977,2023-09
2023-09-28 13:30:00,2023-09-28 13:31:00,2023-09-28 13:41:00,WDAY,SHORT,10,206.49,208.69,10,-21.999999999999886,0.7,1.03245,-23.732449999999886,2023-09
2023-10-17 13:30:00,2023-10-17 13:31:00,2023-10-17 13:41:00,AAOI,LONG,265,7.54,7.78,10,63.60000000000006,1.855,0.99905,60.745950000000065,2023-10
2023-10-30 13:18:00,2023-10-30 13:19:00,2023-10-30 13:33:00,AEHR,SHORT,70,28.38,27.0646,10,92.07800000000003,0.7,0.9933,90.38470000000002,2023-10
2023-10-30 13:19:00,2023-10-30 13:20:00,2023-10-30 13:34:00,AEHR,SHORT,71,28.2,27.0,10,85.19999999999995,0.7,1.0011,83.49889999999995,2023-10
2023-10-30 13:20:00,2023-10-30 13:21:00,2023-10-30 13:35:00,AEHR,SHORT,72,28.32,26.99,10,95.76000000000013,0.7,1.01952,94.04048000000013,2023-10
2023-10-30 13:21:00,2023-10-30 13:23:00,2023-10-30 13:36:00,AEHR,SHORT,72,28.33,26.54,10,128.87999999999994,0.7,1.01988,127.16011999999995,2023-10
2023-10-30 13:23:00,2023-10-30 13:24:00,2023-10-30 13:37:00,AEHR,SHORT,73,28.59,26.49,10,153.3000000000001,0.7,1.043535,151.55646500000012,2023-10
2023-10-30 13:41:00,2023-10-30 13:42:00,2023-10-30 13:52:00,AEHR,SHORT,81,25.88,24.14,10,140.93999999999988,0.7,1.0481399999999998,139.1918599999999,2023-10
2023-10-30 13:42:00,2023-10-30 13:43:00,2023-10-30 13:53:00,AEHR,SHORT,84,25.4005,23.97,10,120.16200000000018,0.7,1.0668210000000002,118.39517900000017,2023-10
2023-10-30 13:44:00,2023-10-30 13:45:00,2023-10-30 13:55:00,AEHR,SHORT,87,24.835,23.84,10,86.56500000000008,0.7,1.0803225,84.78467750000009,2023-10
2023-10-30 13:46:00,2023-10-30 13:47:00,2023-10-30 13:57:00,AEHR,SHORT,89,24.5,23.9711,10,47.07210000000001,0.7,1.09025,45.28185000000001,2023-10
2023-10-12 13:21:00,2023-10-12 13:22:00,2023-10-12 13:34:00,AKRO,LONG,150,14.6,15.2671,10,100.06499999999994,1.05,1.095,97.91999999999994,2023-10
2023-10-12 13:22:00,2023-10-12 13:23:00,2023-10-12 13:35:00,AKRO,LONG,150,14.74,15.16,10,62.999999999999986,1.05,1.1055,60.84449999999999,2023-10
2023-10-12 13:24:00,2023-10-12 13:25:00,2023-10-12 13:37:00,AKRO,LONG,151,14.76,15.07,10,46.81000000000007,1.057,1.11438,44.638620000000074,2023-10
2023-10-23 13:45:00,2023-10-23 13:46:00,2023-10-23 13:56:00,ARQT,SHORT,921,2.43,2.48,10,-46.049999999999834,6.447,1.119015,-53.616014999999834,2023-10
2023-10-23 13:46:00,2023-10-23 13:47:00,2023-10-23 13:57:00,ARQT,SHORT,900,2.475,2.485,10,-8.999999999999808,6.3,1.11375,-16.41374999999981,2023-10
2023-10-23 13:54:00,2023-10-23 13:55:00,2023-10-23 14:05:00,ARQT,SHORT,901,2.47,2.485,10,-13.514999999999713,6.307,1.1127350000000003,-20.934734999999712,2023-10
2023-10-23 13:55:00,2023-10-23 13:56:00,2023-10-23 14:06:00,ARQT,SHORT,895,2.48,2.485,10,-4.474999999999905,6.265000000000001,1.1098,-11.849799999999906,2023-10
2023-10-23 13:56:00,2023-10-23 13:57:00,2023-10-23 14:07:00,ARQT,SHORT,893,2.485,2.505,10,-17.860000000000017,6.251,1.1095525,-25.220552500000018,2023-10
2023-10-23 13:57:00,2023-10-23 13:58:00,2023-10-23 14:08:00,ARQT,SHORT,894,2.475,2.505,10,-26.819999999999826,6.258,1.106325,-34.18432499999982,2023-10
2023-10-23 13:58:00,2023-10-23 13:59:00,2023-10-23 14:09:00,ARQT,SHORT,891,2.475,2.485,10,-8.90999999999981,6.237,1.1026125,-16.24961249999981,2023-10
2023-10-23 14:06:00,2023-10-23 14:07:00,2023-10-23 14:17:00,ARQT,SHORT,879,2.505,2.48,10,21.974999999999923,6.1530000000000005,1.1009475,14.721052499999923,2023-10
2023-10-23 14:08:00,2023-10-23 14:09:00,2023-10-23 14:19:00,ARQT,SHORT,888,2.485,2.5,10,-13.32000000000011,6.216,1.10334,-20.63934000000011,2023-10
2023-10-23 13:23:00,2023-10-23 13:25:00,2023-10-23 13:37:00,ASAN,SHORT,125,17.5,17.51,10,-1.2500000000001954,0.875,1.09375,-3.2187500000001954,2023-10
2023-10-23 13:25:00,2023-10-23 13:28:00,2023-10-23 13:38:00,ASAN,SHORT,125,17.5,17.61,10,-13.749999999999929,0.875,1.09375,-15.718749999999929,2023-10
2023-10-03 13:14:00,2023-10-03 13:15:00,2023-10-03 13:25:00,BHVN,SHORT,95,22.91,22.78,10,12.349999999999905,0.7,1.088225,10.561774999999907,2023-10
2023-10-03 13:15:00,2023-10-03 13:16:00,2023-10-03 13:26:00,BHVN,SHORT,96,22.9,22.9,10,0.0,0.7,1.0991999999999997,-1.7991999999999997,2023-10
2023-10-03 13:16:00,2023-10-03 13:17:00,2023-10-03 13:27:00,BHVN,SHORT,97,22.66,23.0,10,-32.97999999999999,0.7,1.09901,-34.77900999999999,2023-10
2023-10-06 13:22:00,2023-10-06 13:30:00,2023-10-06 13:40:00,BHVN,SHORT,91,24.09,24.105,10,-1.3650000000000517,0.7,1.096095,-3.161095000000052,2023-10
2023-10-25 13:37:00,2023-10-25 13:38:00,2023-10-25 13:48:00,CHX,SHORT,73,29.82,30.73,10,-66.43,0.7,1.08843,-68.21843000000001,2023-10
2023-10-25 13:39:00,2023-10-25 13:40:00,2023-10-25 13:50:00,CHX,SHORT,72,30.12,30.12,10,0.0,0.7,1.08432,-1.78432,2023-10
2023-10-10 12:27:00,2023-10-10 12:28:00,2023-10-10 12:43:00,ETNB,LONG,194,11.21,11.1,10,-21.340000000000234,1.358,1.0873700000000002,-23.785370000000235,2023-10
2023-10-10 14:05:00,2023-10-10 14:06:00,2023-10-10 14:16:00,ETNB,LONG,212,10.25,9.75,10,-106.0,1.484,1.0865,-108.5705,2023-10
2023-11-02 13:25:00,2023-11-02 13:27:00,2023-11-02 13:39:00,ACMR,SHORT,140,14.2,14.4,10,-28.00000000000015,0.98,0.994,-29.97400000000015,2023-11
2023-11-02 13:27:00,2023-11-02 13:30:00,2023-11-02 13:40:00,ACMR,SHORT,140,14.24,14.45,10,-29.39999999999987,0.98,0.9968000000000001,-31.37679999999987,2023-11
2023-11-02 09:43:00,2023-11-02 10:08:00,2023-11-02 12:12:00,ARR,SHORT,126,15.76,15.33,10,54.179999999999964,0.882,0.99288,52.30511999999997,2023-11
2023-11-01 13:29:00,2023-11-01 13:30:00,2023-11-01 13:40:00,ATEC,SHORT,216,9.22,9.02,10,43.20000000000023,1.512,0.9957600000000001,40.69224000000023,2023-11
2023-11-07 13:23:00,2023-11-07 13:41:00,2023-11-07 14:23:00,ATEC,SHORT,170,11.75,11.03,10,122.4000000000001,1.19,0.99875,120.2112500000001,2023-11
2023-11-13 13:17:00,2023-11-13 13:18:00,2023-11-13 14:24:00,BE,SHORT,191,10.58,10.44,10,26.74000000000011,1.337,1.01039,24.392610000000108,2023-11
2023-11-15 13:00:00,2023-11-15 13:22:00,2023-11-15 14:32:00,CDLX,SHORT,230,8.82,8.68,10,32.20000000000013,1.61,1.0143,29.575700000000133,2023-11
2023-11-01 13:36:00,2023-11-01 13:37:00,2023-11-01 13:48:00,CYTK,SHORT,58,34.835,34.23,10,35.09000000000023,0.7,1.010215,33.379785000000226,2023-11
2023-11-02 12:36:00,2023-11-02 12:37:00,2023-11-02 13:34:00,DOCN,SHORT,96,21.25,20.98,10,25.91999999999996,0.7,1.02,24.19999999999996,2023-11
2023-11-02 12:37:00,2023-11-02 12:44:00,2023-11-02 13:35:00,DOCN,SHORT,99,20.55,21.05,10,-49.5,0.7,1.017225,-51.217225000000006,2023-11
2023-11-01 13:20:00,2023-11-01 13:29:00,2023-11-01 13:39:00,EAT,SHORT,56,36.17,34.53,10,91.84000000000003,0.7,1.01276,90.12724000000003,2023-11
2023-11-15 15:09:00,2023-11-15 15:10:00,2023-11-15 15:20:00,GH,LONG,96,21.3,21.49,10,18.23999999999978,0.7,1.0224000000000002,16.51759999999978,2023-11
2023-11-15 15:10:00,2023-11-15 15:11:00,2023-11-15 15:21:00,GH,LONG,96,21.39,21.37,10,-1.919999999999959,0.7,1.02672,-3.6467199999999593,2023-11
2023-11-02 13:55:00,2023-11-02 13:56:00,2023-11-02 14:06:00,SMCI,LONG,86,23.944,23.95,10,0.5160000000000196,0.7,1.0295919999999998,-1.2135919999999802,2023-11
2023-12-11 13:16:00,2023-12-11 13:22:00,2023-12-11 13:33:00,ALT,SHORT,305,6.55,6.66,10,-33.5500000000001,2.1350000000000002,0.9988750000000001,-36.68387500000009,2023-12
2023-12-11 13:22:00,2023-12-11 13:24:00,2023-12-11 13:34:00,ALT,SHORT,304,6.55,6.64,10,-27.359999999999957,2.128,0.9956,-30.483599999999957,2023-12
2023-12-11 13:24:00,2023-12-11 13:25:00,2023-12-11 13:35:00,ALT,SHORT,301,6.5858,6.64,10,-16.314199999999943,2.107,0.9911629000000001,-19.41236289999994,2023-12
2023-12-18 13:24:00,2023-12-18 13:25:00,2023-12-18 13:35:00,ALT,SHORT,254,7.78,7.7,10,20.320000000000018,1.778,0.98806,17.55394000000002,2023-12
2023-12-18 13:25:00,2023-12-18 13:26:00,2023-12-18 13:36:00,ALT,SHORT,255,7.7594,7.68,10,20.24700000000015,1.7850000000000001,0.9893235000000001,17.472676500000148,2023-12
2023-12-18 13:26:00,2023-12-18 13:27:00,2023-12-18 13:37:00,ALT,SHORT,256,7.7591,7.7,10,15.129599999999982,1.792,0.9931648000000001,12.344435199999982,2023-12
2023-12-18 13:27:00,2023-12-18 13:28:00,2023-12-18 13:38:00,ALT,SHORT,256,7.76,7.7,10,15.3599999999999,1.792,0.9932799999999999,12.5747199999999,2023-12
2023-12-18 13:28:00,2023-12-18 13:29:00,2023-12-18 13:39:00,ALT,LONG,259,7.7,7.701,10,0.25899999999985646,1.813,0.99715,-2.5511500000001437,2023-12
2023-12-18 14:59:00,2023-12-18 15:00:00,2023-12-18 15:10:00,ALT,LONG,247,8.05,8.02,10,-7.410000000000281,1.729,0.9941750000000001,-10.13317500000028,2023-12
2023-12-08 13:21:00,2023-12-08 13:34:00,2023-12-08 14:31:00,BEAM,SHORT,72,27.65,27.0,10,46.7999999999999,0.7,0.9954,45.1045999999999,2023-12
2023-12-11 13:26:00,2023-12-11 14:23:00,2023-12-11 14:34:00,BEAM,SHORT,75,26.38,25.91,10,35.249999999999915,0.7,0.9892500000000001,33.56074999999991,2023-12
2023-12-11 11:43:00,2023-12-11 11:46:00,2023-12-11 12:28:00,BMEA,SHORT,133,15.0,15.0,10,0.0,0.931,0.9975,-1.9285,2023-12
2023-12-11 12:00:00,2023-12-11 12:02:00,2023-12-11 12:32:00,BMEA,SHORT,127,15.75,15.2,10,69.8500000000001,0.889,1.000125,67.9608750000001,2023-12
2023-12-11 12:10:00,2023-12-11 12:11:00,2023-12-11 12:46:00,BMEA,SHORT,133,15.15,14.82,10,43.89000000000001,0.931,1.0074750000000001,41.95152500000001,2023-12
2023-12-11 14:31:00,2023-12-11 14:32:00,2023-12-11 14:42:00,BMEA,LONG,188,10.755,10.96,10,38.54000000000001,1.316,1.0109700000000001,36.21303000000001,2023-12
2023-12-11 14:32:00,2023-12-11 14:33:00,2023-12-11 14:43:00,BMEA,LONG,189,10.755,11.125,10,69.92999999999985,1.323,1.0163475000000002,67.59065249999986,2023-12
2023-12-11 14:33:00,2023-12-11 14:34:00,2023-12-11 14:44:00,BMEA,LONG,190,10.75,11.2268,10,90.59200000000016,1.33,1.02125,88.24075000000016,2023-12
2023-12-11 14:34:00,2023-12-11 14:35:00,2023-12-11 14:45:00,BMEA,LONG,192,10.765,11.6864,10,176.90880000000004,1.344,1.0334400000000001,174.53136000000003,2023-12
2023-12-19 14:52:00,2023-12-19 14:53:00,2023-12-19 15:03:00,BXMT,SHORT,93,22.46,22.495,10,-3.255000000000013,0.7,1.0443900000000002,-4.999390000000013,2023-12
2023-12-01 13:26:00,2023-12-01 14:04:00,2023-12-01 14:38:00,CABA,LONG,132,15.9,15.47,10,-56.75999999999996,0.924,1.0494,-58.73339999999996,2023-12
2023-12-18 09:30:00,2023-12-18 09:31:00,2023-12-18 09:42:00,CCCC,SHORT,416,5.02,4.97,10,20.799999999999926,2.912,1.04416,16.843839999999926,2023-12
2023-12-18 09:31:00,2023-12-18 09:32:00,2023-12-18 09:44:00,CCCC,SHORT,416,5.03,4.98,10,20.799999999999926,2.912,1.04624,16.841759999999926,2023-12
2023-12-18 09:32:00,2023-12-18 09:33:00,2023-12-18 09:47:00,CCCC,SHORT,411,5.1,4.99,10,45.209999999999766,2.8770000000000002,1.04805,41.28494999999977,2023-12
2023-12-18 09:33:00,2023-12-18 09:35:00,2023-12-18 09:49:00,CCCC,SHORT,413,5.09,5.0,10,37.169999999999945,2.891,1.051085,33.227914999999946,2023-12
2023-12-18 09:35:00,2023-12-18 09:36:00,2023-12-18 09:51:00,CCCC,SHORT,417,5.06,5.0,10,25.019999999999836,2.919,1.05501,21.045989999999836,2023-12
2023-12-18 09:36:00,2023-12-18 09:37:00,2023-12-18 09:52:00,CCCC,SHORT,418,5.05,4.98,10,29.25999999999975,2.926,1.05545,25.278549999999747,2023-12
2023-12-18 09:37:00,2023-12-18 09:38:00,2023-12-18 09:54:00,CCCC,SHORT,420,5.04,5.02,10,8.400000000000194,2.94,1.0584,4.401600000000195,2023-12
2023-12-18 09:38:00,2023-12-18 09:39:00,2023-12-18 09:55:00,CCCC,SHORT,420,5.04,5.05,10,-4.1999999999999105,2.94,1.0584,-8.19839999999991,2023-12
2023-12-18 09:59:00,2023-12-18 10:01:00,2023-12-18 10:17:00,CCCC,SHORT,424,5.0,5.0,10,0.0,2.968,1.06,-4.0280000000000005,2023-12
2023-12-18 13:15:00,2023-12-18 13:16:00,2023-12-18 13:26:00,CCCC,SHORT,441,4.7999,4.9,10,-44.14410000000013,3.087,1.0583779500000001,-48.28947795000013,2023-12
2023-12-18 13:20:00,2023-12-18 13:21:00,2023-12-18 13:31:00,CCCC,SHORT,435,4.84,4.92,10,-34.80000000000003,3.045,1.0527,-38.897700000000036,2023-12
2023-12-18 13:21:00,2023-12-18 13:22:00,2023-12-18 13:32:00,CCCC,SHORT,434,4.84,4.95,10,-47.74000000000014,3.0380000000000003,1.05028,-51.828280000000134,2023-12
2023-12-18 13:22:00,2023-12-18 13:23:00,2023-12-18 13:33:00,CCCC,SHORT,432,4.84,4.95,10,-47.52000000000014,3.024,1.0454400000000001,-51.58944000000014,2023-12
2023-12-18 13:23:00,2023-12-18 13:24:00,2023-12-18 13:34:00,CCCC,SHORT,423,4.91,4.99,10,-33.84000000000003,2.961,1.038465,-37.83946500000003,2023-12
2023-12-18 14:36:00,2023-12-18 14:37:00,2023-12-18 14:47:00,CCCC,SHORT,442,4.6888,4.669,10,8.751600000000018,3.094,1.0362248,4.621375200000018,2023-12
2023-12-18 14:37:00,2023-12-18 14:38:00,2023-12-18 14:48:00,CCCC,SHORT,446,4.65,4.6599,10,-4.415400000000009,3.122,1.03695,-8.57435000000001,2023-12
2023-12-18 14:44:00,2023-12-18 14:45:00,2023-12-18 14:55:00,CCCC,SHORT,433,4.7808,4.3515,10,185.8869000000002,3.031,1.0350432,181.8208568000002,2023-12
2023-12-18 14:53:00,2023-12-18 14:54:00,2023-12-18 15:04:00,CCCC,SHORT,487,4.33,4.47,10,-68.17999999999985,3.4090000000000003,1.054355,-72.64335499999986,2023-12
2023-12-11 14:30:00,2023-12-11 14:31:00,2023-12-11 14:41:00,CI,LONG,7,296.2875,292.64,10,-25.532500000000255,0.7,1.0370062500000001,-27.269506250000255,2023-12
2023-12-04 13:02:00,2023-12-04 13:03:00,2023-12-04 13:35:00,CMA,SHORT,42,49.55,48.61,10,39.479999999999905,0.7,1.04055,37.7394499999999,2023-12
2023-12-04 13:15:00,2023-12-04 13:16:00,2023-12-04 14:08:00,CMA,SHORT,42,49.34,48.25,10,45.78000000000014,0.7,1.03614,44.04386000000014,2023-12
2023-12-04 13:16:00,2023-12-04 13:19:00,2023-12-04 14:17:00,CMA,SHORT,42,49.29,48.04,10,52.5,0.7,1.0350899999999998,50.76491,2023-12
2023-12-04 13:19:00,2023-12-04 13:23:00,2023-12-04 14:20:00,CMA,SHORT,42,49.29,48.02,10,53.33999999999983,0.7,1.0350899999999998,51.60490999999983,2023-12
2023-12-04 13:23:00,2023-12-04 13:25:00,2023-12-04 14:27:00,CMA,SHORT,43,49.19,47.98,10,52.03000000000004,0.7,1.057585,50.27241500000003,2023-12
2023-12-04 13:25:00,2023-12-04 13:32:00,2023-12-04 14:30:00,CMA,SHORT,43,48.78,47.72,10,45.5800000000001,0.7,1.04877,43.8312300000001,2023-12
2023-12-11 09:48:00,2023-12-11 14:28:00,2023-12-11 14:39:00,CRDO,SHORT,117,18.32,17.87,10,52.64999999999992,0.8190000000000001,1.07172,50.75927999999992,2023-12
2023-12-14 15:10:00,2023-12-14 15:11:00,2023-12-14 15:21:00,CRDO,SHORT,113,18.97,18.8722,10,11.051399999999937,0.791,1.071805,9.188594999999937,2023-12
2023-12-04 12:30:00,2023-12-04 12:31:00,2023-12-04 12:41:00,EYPT,SHORT,86,25.06,31.98,10,-595.1200000000001,0.7,1.07758,-596.8975800000002,2023-12
2023-12-04 12:37:00,2023-12-04 12:38:00,2023-12-04 12:48:00,EYPT,SHORT,66,30.5,33.8,10,-217.7999999999998,0.7,1.0065,-219.5064999999998,2023-12
2023-12-04 12:44:00,2023-12-04 12:45:00,2023-12-04 12:55:00,EYPT,LONG,62,32.0,33.74,10,107.88000000000012,0.7,0.992,106.18800000000012,2023-12
2023-12-04 12:46:00,2023-12-04 12:47:00,2023-12-04 12:57:00,EYPT,LONG,62,32.09,32.7,10,37.819999999999965,0.7,0.9947900000000001,36.12520999999996,2023-12
2023-12-04 12:53:00,2023-12-04 12:54:00,2023-12-04 13:04:00,EYPT,LONG,58,34.69,30.15,10,-263.31999999999994,0.7,1.00601,-265.0260099999999,2023-12
2023-12-04 12:54:00,2023-12-04 12:55:00,2023-12-04 13:05:00,EYPT,SHORT,58,33.74,30.25,10,202.42000000000013,0.7,0.9784600000000001,200.74154000000013,2023-12
2023-12-04 12:57:00,2023-12-04 12:58:00,2023-12-04 13:08:00,EYPT,LONG,59,33.74,30.11,10,-214.17000000000016,0.7,0.99533,-215.86533000000014,2023-12
2023-12-04 12:59:00,2023-12-04 13:00:00,2023-12-04 13:10:00,EYPT,LONG,59,33.07,28.73,10,-256.06,0.7,0.9755650000000001,-257.735565,2023-12
2023-12-04 13:00:00,2023-12-04 13:01:00,2023-12-04 13:11:00,EYPT,SHORT,56,33.7,30.27,10,192.08000000000018,0.7,0.9436000000000001,190.4364000000002,2023-12
2023-12-04 13:08:00,2023-12-04 13:09:00,2023-12-04 13:19:00,EYPT,LONG,67,29.0,25.4,10,-241.2000000000001,0.7,0.9715,-242.87150000000008,2023-12
2023-12-04 13:30:00,2023-12-04 13:31:00,2023-12-04 13:41:00,EYPT,SHORT,67,28.41,25.75,10,178.22,0.7,0.951735,176.568265,2023-12
2023-12-04 13:31:00,2023-12-04 13:32:00,2023-12-04 13:42:00,EYPT,SHORT,71,27.0,27.0,10,0.0,0.7,0.9585,-1.6585,2023-12
2023-12-04 13:35:00,2023-12-04 13:36:00,2023-12-04 13:46:00,EYPT,SHORT,73,26.25,26.039,10,15.402999999999892,0.7,0.958125,13.744874999999892,2023-12
2023-12-04 14:33:00,2023-12-04 14:34:00,2023-12-04 14:44:00,EYPT,SHORT,88,21.895,19.75,10,188.75999999999996,0.7,0.96338,187.09661999999997,2023-12
2023-12-04 14:34:00,2023-12-04 14:35:00,2023-12-04 14:45:00,EYPT,SHORT,96,20.6,20.725,10,-12.0,0.7,0.9888000000000001,-13.688799999999999,2023-12
2023-12-04 14:51:00,2023-12-04 14:52:00,2023-12-04 15:02:00,EYPT,SHORT,97,20.335,20.13,10,19.88500000000018,0.7,0.9862475,18.19875250000018,2023-12
2023-12-04 14:53:00,2023-12-04 14:54:00,2023-12-04 15:04:00,EYPT,SHORT,96,20.53,20.31,10,21.120000000000232,0.7,0.9854400000000001,19.434560000000232,2023-12
2023-12-04 14:55:00,2023-12-04 14:56:00,2023-12-04 15:06:00,EYPT,SHORT,98,20.054,19.92,10,13.131999999999685,0.7,0.982646,11.449353999999685,2023-12
2023-12-04 14:58:00,2023-12-04 14:59:00,2023-12-04 15:09:00,EYPT,SHORT,97,20.345,19.48,10,83.90499999999984,0.7,0.9867325,82.21826749999984,2023-12
2023-12-04 14:59:00,2023-12-04 15:00:00,2023-12-04 15:10:00,EYPT,SHORT,99,20.155,19.33,10,81.67500000000028,0.7,0.9976725000000001,79.97732750000029,2023-12
2023-12-04 15:09:00,2023-12-04 15:10:00,2023-12-04 15:20:00,EYPT,SHORT,104,19.33,18.91,10,43.67999999999981,0.728,1.0051599999999998,41.94683999999981,2023-12
2023-12-04 15:12:00,2023-12-04 15:13:00,2023-12-04 15:23:00,EYPT,SHORT,101,19.9205,18.82,10,111.15050000000002,0.707,1.0059852500000002,109.43751475000003,2023-12
2023-12-04 15:13:00,2023-12-04 15:14:00,2023-12-04 15:24:00,EYPT,SHORT,102,19.99,19.24,10,76.5,0.714,1.01949,74.76651,2023-12
2023-12-04 15:14:00,2023-12-04 15:15:00,2023-12-04 15:25:00,EYPT,SHORT,105,19.5901,19.45,10,14.710500000000035,0.735,1.02848025,12.947019750000036,2023-12
2023-12-04 15:15:00,2023-12-04 15:16:00,2023-12-04 15:26:00,EYPT,SHORT,106,19.3978,19.79,10,-41.57319999999989,0.742,1.0280834,-43.34328339999989,2023-12
2023-12-04 15:25:00,2023-12-04 15:26:00,2023-12-04 15:36:00,EYPT,SHORT,103,19.79,19.9116,10,-12.524800000000084,0.721,1.019185,-14.264985000000085,2023-12
2023-12-04 15:26:00,2023-12-04 15:27:00,2023-12-04 15:37:00,EYPT,SHORT,103,19.899,19.94,10,-4.223000000000038,0.721,1.0247985000000002,-5.968798500000038,2023-12
2023-12-04 15:27:00,2023-12-04 15:28:00,2023-12-04 15:38:00,EYPT,SHORT,102,19.99,20.0,10,-1.0200000000001594,0.714,1.01949,-2.753490000000159,2023-12
2023-12-04 15:28:00,2023-12-04 15:29:00,2023-12-04 15:39:00,EYPT,SHORT,103,19.89,20.0,10,-11.329999999999941,0.721,1.024335,-13.075334999999942,2023-12
2023-12-04 15:29:00,2023-12-04 15:30:00,2023-12-04 15:40:00,EYPT,SHORT,103,19.795,19.88,10,-8.754999999999722,0.721,1.0194425,-10.495442499999722,2023-12
2023-12-04 15:30:00,2023-12-04 15:31:00,2023-12-04 15:41:00,EYPT,SHORT,104,19.6399,19.6,10,4.149599999999936,0.728,1.0212748,2.4003251999999358,2023-12
2023-12-20 14:30:00,2023-12-20 14:31:00,2023-12-20 14:41:00,FDX,LONG,8,249.47,252.2,10,21.839999999999918,0.7,0.99788,20.14211999999992,2023-12
2023-12-13 14:39:00,2023-12-13 14:40:00,2023-12-13 14:50:00,MRNA,SHORT,27,74.18,74.72,10,-14.579999999999785,0.7,1.00143,-16.281429999999784,2023-12
2023-12-13 14:40:00,2023-12-13 14:41:00,2023-12-13 14:51:00,MRNA,SHORT,27,73.97,74.54,10,-15.3900000000002,0.7,0.998595,-17.0885950000002,2023-12
2023-12-13 14:41:00,2023-12-13 14:42:00,2023-12-13 14:52:00,MRNA,SHORT,27,74.35,74.405,10,-1.4850000000001842,0.7,1.003725,-3.1887250000001846,2023-12
2023-12-13 14:42:00,2023-12-13 14:43:00,2023-12-13 14:53:00,MRNA,SHORT,27,73.615,74.02,10,-10.93500000000003,0.7,0.9938024999999999,-12.62880250000003,2023-12
2023-12-13 14:43:00,2023-12-13 14:44:00,2023-12-13 14:54:00,MRNA,SHORT,27,74.07,74.465,10,-10.665000000000276,0.7,0.999945,-12.364945000000276,2023-12
2023-12-13 14:44:00,2023-12-13 14:45:00,2023-12-13 14:55:00,MRNA,SHORT,27,73.995,74.13,10,-3.6449999999997544,0.7,0.9989325000000001,-5.343932499999755,2023-12
2023-12-13 14:45:00,2023-12-13 14:46:00,2023-12-13 14:56:00,MRNA,SHORT,27,74.33,74.28,10,1.3499999999999233,0.7,1.003455,-0.3534550000000767,2023-12
2023-12-13 14:46:00,2023-12-13 14:47:00,2023-12-13 14:57:00,MRNA,SHORT,27,74.6,74.0165,10,15.754500000000021,0.7,1.0070999999999999,14.047400000000023,2023-12
2023-12-13 14:52:00,2023-12-13 14:53:00,2023-12-13 15:03:00,MRNA,SHORT,27,74.02,74.6343,10,-16.586100000000002,0.7,0.99927,-18.28537,2023-12
2023-12-13 14:53:00,2023-12-13 14:54:00,2023-12-13 15:04:00,MRNA,SHORT,27,74.465,74.58,10,-3.104999999999862,0.7,1.0052775,-4.810277499999862,2023-12
2023-12-13 14:55:00,2023-12-13 14:56:00,2023-12-13 15:06:00,MRNA,SHORT,27,74.28,74.35,10,-1.8899999999998158,0.7,1.00278,-3.592779999999816,2023-12
2023-12-13 14:56:00,2023-12-13 14:57:00,2023-12-13 15:07:00,MRNA,SHORT,27,74.0165,74.405,10,-10.489500000000206,0.7,0.9992227499999999,-12.188722750000204,2023-12
2023-12-13 14:57:00,2023-12-13 14:58:00,2023-12-13 15:08:00,MRNA,SHORT,27,73.82,74.34,10,-14.040000000000276,0.7,0.99657,-15.736570000000276,2023-12
2023-12-13 14:58:00,2023-12-13 14:59:00,2023-12-13 15:09:00,MRNA,SHORT,27,74.23,74.28,10,-1.3499999999999233,0.7,1.002105,-3.0521049999999237,2023-12
2023-12-13 14:59:00,2023-12-13 15:00:00,2023-12-13 15:10:00,MRNA,SHORT,27,73.9706,74.24,10,-7.2737999999997385,0.7,0.9986031000000001,-8.972403099999738,2023-12
2023-12-13 15:00:00,2023-12-13 15:01:00,2023-12-13 15:11:00,MRNA,SHORT,27,74.3251,74.305,10,0.5426999999999822,0.7,1.00338885,-1.1606888500000179,2023-12
2023-12-13 15:01:00,2023-12-13 15:02:00,2023-12-13 15:12:00,MRNA,SHORT,27,74.326,74.24,10,2.32199999999996,0.7,1.003401,0.6185989999999602,2023-12
2023-12-13 15:02:00,2023-12-13 15:03:00,2023-12-13 15:13:00,MRNA,SHORT,27,74.6343,74.45,10,4.976099999999818,0.7,1.00756305,3.2685369499998176,2023-12
2023-12-13 15:06:00,2023-12-13 15:07:00,2023-12-13 15:17:00,MRNA,SHORT,27,74.405,74.2696,10,3.655800000000113,0.7,1.0044675,1.9513325000001127,2023-12
2023-12-13 15:07:00,2023-12-13 15:08:00,2023-12-13 15:18:00,MRNA,SHORT,27,74.34,74.1715,10,4.549500000000236,0.7,1.00359,2.845910000000236,2023-12
2023-12-13 15:08:00,2023-12-13 15:09:00,2023-12-13 15:19:00,MRNA,SHORT,27,74.28,74.23,10,1.3499999999999233,0.7,1.00278,-0.3527800000000767,2023-12
2023-12-13 15:09:00,2023-12-13 15:10:00,2023-12-13 15:20:00,MRNA,SHORT,27,74.24,74.05,10,5.129999999999939,0.7,1.00224,3.4277599999999384,2023-12
2023-12-13 15:10:00,2023-12-13 15:11:00,2023-12-13 15:21:00,MRNA,SHORT,27,74.305,73.88,10,11.475000000000307,0.7,1.0031175,9.771882500000308,2023-12
2023-12-13 15:11:00,2023-12-13 15:12:00,2023-12-13 15:22:00,MRNA,SHORT,27,74.24,74.0,10,6.479999999999862,0.7,1.00224,4.777759999999862,2023-12
2023-12-13 15:12:00,2023-12-13 15:13:00,2023-12-13 15:23:00,MRNA,SHORT,27,74.45,74.0825,10,9.922500000000184,0.7,1.0050750000000002,8.217425000000185,2023-12
2023-12-13 15:14:00,2023-12-13 15:15:00,2023-12-13 15:25:00,MRNA,SHORT,27,74.264,74.05,10,5.777999999999963,0.7,1.002564,4.0754359999999625,2023-12
2023-12-13 15:15:00,2023-12-13 15:16:00,2023-12-13 15:26:00,MRNA,SHORT,27,74.29,74.065,10,6.07500000000023,0.7,1.002915,4.37208500000023,2023-12
2024-02-01 14:30:00,2024-02-01 14:31:00,2024-02-01 14:41:00,CTVA,LONG,36,55.08,52.84,10,-80.63999999999982,0.7,0.99144,-82.33143999999982,2024-02
2024-02-01 14:31:00,2024-02-01 14:32:00,2024-02-01 14:42:00,CTVA,LONG,36,53.86,52.64,10,-43.91999999999996,0.7,0.96948,-45.58947999999996,2024-02
2024-02-01 14:32:00,2024-02-01 14:33:00,2024-02-01 14:43:00,CTVA,LONG,37,53.36,52.96,10,-14.799999999999947,0.7,0.98716,-16.487159999999946,2024-02
2024-02-01 14:33:00,2024-02-01 14:34:00,2024-02-01 14:44:00,CTVA,LONG,36,53.5,52.7,10,-28.799999999999898,0.7,0.963,-30.462999999999898,2024-02
2024-02-01 14:34:00,2024-02-01 14:35:00,2024-02-01 14:45:00,CTVA,LONG,36,53.24,52.75,10,-17.64000000000007,0.7,0.9583200000000001,-19.29832000000007,2024-02
2024-02-01 14:35:00,2024-02-01 14:36:00,2024-02-01 14:46:00,CTVA,LONG,37,52.665,52.54,10,-4.625,0.7,0.9743025000000001,-6.2993025000000005,2024-02
2024-02-01 14:38:00,2024-02-01 14:39:00,2024-02-01 14:49:00,CTVA,LONG,36,52.99,52.74,10,-9.0,0.7,0.9538200000000001,-10.65382,2024-02
2024-02-01 14:39:00,2024-02-01 14:40:00,2024-02-01 14:50:00,CTVA,LONG,37,52.62,52.685,10,2.4050000000001788,0.7,0.97347,0.7315300000001789,2024-02
2024-02-01 14:40:00,2024-02-01 14:41:00,2024-02-01 14:51:00,CTVA,LONG,37,52.84,52.71,10,-4.810000000000095,0.7,0.9775400000000001,-6.487540000000095,2024-02
2024-02-05 14:30:00,2024-02-05 14:31:00,2024-02-05 14:41:00,EL,LONG,12,155.25,152.84,10,-28.91999999999996,0.7,0.9315,-30.551499999999958,2024-02
2024-02-05 14:31:00,2024-02-05 14:32:00,2024-02-05 14:42:00,EL,LONG,12,156.0,153.33,10,-32.03999999999985,0.7,0.936,-33.67599999999985,2024-02
2024-02-05 14:32:00,2024-02-05 14:33:00,2024-02-05 14:43:00,EL,LONG,12,156.465,151.65,10,-57.77999999999997,0.7,0.93879,-59.41878999999997,2024-02
2024-02-07 14:35:00,2024-02-07 14:36:00,2024-02-07 14:46:00,ENPH,LONG,15,121.4199,118.75,10,-40.048499999999976,0.7,0.91064925,-41.65914924999998,2024-02
2024-02-16 15:35:00,2024-02-16 15:36:00,2024-02-16 15:46:00,SMCI,LONG,22,86.9,89.814,10,64.10799999999972,0.7,0.9559000000000001,62.45209999999972,2024-02
2024-02-16 15:36:00,2024-02-16 15:37:00,2024-02-16 15:47:00,SMCI,LONG,21,88.1731,89.4332,10,26.46209999999988,0.7,0.9258175500000001,24.836282449999878,2024-02
2024-02-23 14:57:00,2024-02-23 14:58:00,2024-02-23 15:08:00,SMCI,LONG,22,86.701,87.669,10,21.296000000000078,0.7,0.9537109999999999,19.64228900000008,2024-02
2024-02-23 14:59:00,2024-02-23 15:00:00,2024-02-23 15:10:00,SMCI,LONG,22,87.391,86.917,10,-10.428000000000083,0.7,0.9613010000000001,-12.089301000000082,2024-02
2024-02-22 14:30:00,2024-02-22 14:31:00,2024-02-22 14:41:00,SNPS,LONG,3,609.3801,594.81,10,-43.710300000000075,0.7,0.91407015,-45.32437015000008,2024-02
2024-02-22 14:32:00,2024-02-22 14:33:00,2024-02-22 14:43:00,SNPS,LONG,3,593.93,588.72,10,-15.629999999999768,0.7,0.890895,-17.220894999999768,2024-02
2024-02-22 14:35:00,2024-02-22 14:36:00,2024-02-22 14:46:00,SNPS,LONG,3,598.0,596.06,10,-5.820000000000164,0.7,0.897,-7.417000000000164,2024-02
2024-02-16 14:38:00,2024-02-16 14:39:00,2024-02-16 14:49:00,TTD,LONG,21,91.5816,88.43,10,-66.18359999999974,0.7,0.9616067999999999,-67.84520679999974,2024-02
2024-03-15 13:31:00,2024-03-15 13:32:00,2024-03-15 13:42:00,ADBE,LONG,3,502.982,498.3784,10,-13.810800000000086,0.7,0.7544730000000001,-15.265273000000086,2024-03
2024-03-15 13:33:00,2024-03-15 13:34:00,2024-03-15 13:44:00,ADBE,LONG,3,502.6098,496.994,10,-16.847399999999936,0.7,0.7539147,-18.301314699999935,2024-03
2024-03-01 14:35:00,2024-03-01 14:36:00,2024-03-01 14:46:00,DELL,LONG,16,122.63,120.5,10,-34.07999999999993,0.7,0.98104,-35.76103999999993,2024-03
2024-03-12 15:39:00,2024-03-12 15:40:00,2024-03-12 15:50:00,HPE,LONG,106,18.59,18.565,10,-2.6499999999998494,0.742,0.98527,-4.377269999999849,2024-03
2024-03-12 15:40:00,2024-03-12 15:41:00,2024-03-12 15:51:00,HPE,LONG,106,18.575,18.585,10,1.0600000000001657,0.742,0.9844749999999999,-0.6664749999998342,2024-03
2024-03-12 15:41:00,2024-03-12 15:42:00,2024-03-12 15:52:00,HPE,LONG,106,18.5699,18.585,10,1.6006000000000355,0.742,0.9842047,-0.1256046999999645,2024-03
2024-03-15 13:30:00,2024-03-15 13:31:00,2024-03-15 13:41:00,JBL,LONG,15,127.755,133.08,10,79.87500000000026,0.7,0.9581624999999999,78.21683750000025,2024-03
2024-03-15 13:31:00,2024-03-15 13:32:00,2024-03-15 13:42:00,JBL,LONG,15,128.54,133.25,10,70.65000000000012,0.7,0.96405,68.98595000000012,2024-03
2024-03-15 13:32:00,2024-03-15 13:33:00,2024-03-15 13:43:00,JBL,LONG,15,127.49,131.21,10,55.800000000000196,0.7,0.956175,54.14382500000019,2024-03
2024-03-15 13:33:00,2024-03-15 13:34:00,2024-03-15 13:44:00,JBL,LONG,15,127.6,131.14,10,53.09999999999988,0.7,0.9570000000000001,51.44299999999988,2024-03
2024-03-22 13:31:00,2024-03-22 13:32:00,2024-03-22 13:42:00,LULU,LONG,4,411.18,405.448,10,-22.92800000000011,0.7,0.82236,-24.45036000000011,2024-03
2024-03-15 13:30:00,2024-03-15 13:31:00,2024-03-15 13:41:00,NOW,LONG,2,757.0,755.56,10,-2.880000000000109,0.7,0.757,-4.337000000000109,2024-03
2024-03-15 13:30:00,2024-03-15 13:31:00,2024-03-15 13:41:00,PLD,SHORT,15,129.37,128.58,10,11.84999999999988,0.7,0.9702750000000001,10.17972499999988,2024-03
2024-03-15 13:31:00,2024-03-15 13:32:00,2024-03-15 13:42:00,PLD,SHORT,15,129.24,128.33,10,13.649999999999949,0.7,0.9693,11.980699999999949,2024-03
2024-03-08 15:34:00,2024-03-08 15:35:00,2024-03-08 15:45:00,PLTR,LONG,75,26.8137,26.69,10,-9.27749999999996,0.7,1.00551375,-10.98301374999996,2024-03
2024-04-12 13:30:00,2024-04-12 13:31:00,2024-04-12 13:41:00,NCLH,SHORT,111,17.9,17.9016,10,-0.17759999999998044,0.777,0.9934499999999999,-1.9480499999999803,2024-04
2024-04-24 13:31:00,2024-04-24 13:32:00,2024-04-24 13:42:00,TSLA,SHORT,12,162.0875,160.145,10,23.309999999999945,0.7,0.9725250000000001,21.637474999999945,2024-04
2024-05-30 13:30:00,2024-05-30 13:31:00,2024-05-30 13:41:00,A,LONG,15,130.65,129.91,10,-11.100000000000136,0.7,0.979875,-12.779875000000136,2024-05
2024-05-30 13:34:00,2024-05-30 13:35:00,2024-05-30 13:45:00,A,LONG,15,128.51,129.96,10,21.750000000000256,0.7,0.9638249999999999,20.086175000000257,2024-05
2024-05-30 13:35:00,2024-05-30 13:36:00,2024-05-30 13:46:00,A,LONG,15,131.505,129.04,10,-36.97500000000005,0.7,0.9862875,-38.66128750000006,2024-05
2024-05-01 13:30:00,2024-05-01 13:31:00,2024-05-01 13:41:00,AMD,LONG,13,147.41,149.87,10,31.980000000000103,0.7,0.9581649999999999,30.321835000000103,2024-05
2024-05-30 13:30:00,2024-05-30 13:31:00,2024-05-30 13:41:00,BBY,SHORT,25,79.525,80.66,10,-28.374999999999773,0.7,0.9940625000000002,-30.069062499999774,2024-05
2024-05-30 13:38:00,2024-05-30 13:39:00,2024-05-30 13:49:00,BBY,LONG,24,80.09,79.955,10,-3.240000000000123,0.7,0.96108,-4.901080000000123,2024-05
2024-05-07 13:30:00,2024-05-07 13:31:00,2024-05-07 13:41:00,BLDR,LONG,11,177.99,174.34,10,-40.15000000000006,0.7,0.9789450000000001,-41.82894500000007,2024-05
2024-05-07 13:31:00,2024-05-07 13:32:00,2024-05-07 13:42:00,BLDR,LONG,11,177.49,175.02,10,-27.169999999999987,0.7,0.976195,-28.846194999999987,2024-05
2024-05-02 13:30:00,2024-05-02 13:31:00,2024-05-02 13:41:00,CHRW,LONG,24,80.48,82.18,10,40.80000000000007,0.7,0.9657600000000001,39.13424000000006,2024-05
2024-05-02 13:32:00,2024-05-02 13:33:00,2024-05-02 13:43:00,CHRW,LONG,24,81.715,82.705,10,23.759999999999877,0.7,0.98058,22.079419999999878,2024-05
2024-05-02 13:33:00,2024-05-02 13:34:00,2024-05-02 13:44:00,CHRW,LONG,24,82.315,83.12,10,19.320000000000164,0.7,0.98778,17.632220000000164,2024-05
2024-05-02 13:34:00,2024-05-02 13:35:00,2024-05-02 13:45:00,CHRW,LONG,24,81.22,83.88,10,63.83999999999992,0.7,0.9746400000000001,62.165359999999914,2024-05
2024-05-02 13:35:00,2024-05-02 13:36:00,2024-05-02 13:46:00,CHRW,LONG,24,81.155,83.97,10,67.55999999999995,0.7,0.9738600000000001,65.88613999999994,2024-05
2024-05-02 13:37:00,2024-05-02 13:38:00,2024-05-02 13:48:00,CHRW,LONG,24,82.0,84.14,10,51.360000000000014,0.7,0.984,49.67600000000001,2024-05
2024-05-24 13:30:00,2024-05-24 13:32:00,2024-05-24 13:42:00,DECK,SHORT,12,167.8333,170.5392,10,-32.47079999999983,0.7,1.0069998,-34.17779979999983,2024-05
2024-05-24 13:32:00,2024-05-24 13:33:00,2024-05-24 13:43:00,DECK,SHORT,12,167.0,169.4383,10,-29.259599999999978,0.7,1.002,-30.961599999999976,2024-05
2024-05-24 13:34:00,2024-05-24 13:35:00,2024-05-24 13:45:00,DECK,SHORT,12,167.88,169.335,10,-17.46000000000015,0.7,1.00728,-19.16728000000015,2024-05
2024-05-24 13:35:00,2024-05-24 13:36:00,2024-05-24 13:46:00,DECK,SHORT,12,167.755,170.0633,10,-27.699600000000032,0.7,1.00653,-29.406130000000033,2024-05
2024-05-31 13:30:00,2024-05-31 13:31:00,2024-05-31 13:41:00,DELL,LONG,14,141.0001,138.4108,10,-36.25020000000012,0.7,0.9870007000000001,-37.937200700000126,2024-05
2024-05-31 13:31:00,2024-05-31 13:32:00,2024-05-31 13:42:00,DELL,LONG,14,139.6977,138.34,10,-19.007799999999918,0.7,0.9778839,-20.685683899999916,2024-05
2024-05-31 13:32:00,2024-05-31 13:33:00,2024-05-31 13:43:00,DELL,LONG,14,139.0399,138.6886,10,-4.918199999999729,0.7,0.9732793,-6.591479299999729,2024-05
2024-05-31 13:33:00,2024-05-31 13:34:00,2024-05-31 13:44:00,DELL,LONG,14,139.52,138.2499,10,-17.78140000000019,0.7,0.9766400000000002,-19.45804000000019,2024-05
2024-05-14 13:32:00,2024-05-14 13:33:00,2024-05-14 13:43:00,ENPH,SHORT,16,121.1512,117.845,10,52.899200000000064,0.7,0.9692096,51.22999040000006,2024-05
2024-05-23 13:30:00,2024-05-23 13:31:00,2024-05-23 13:41:00,HAS,LONG,32,60.805,60.32,10,-15.519999999999982,0.7,0.97288,-17.19287999999998,2024-05
2024-05-02 13:31:00,2024-05-02 13:32:00,2024-05-02 13:42:00,HWM,LONG,26,76.3,76.94,10,16.640000000000015,0.7,0.9919,14.948100000000016,2024-05
2024-05-02 13:32:00,2024-05-02 13:33:00,2024-05-02 13:43:00,HWM,LONG,26,76.7299,77.0153,10,7.420399999999887,0.7,0.9974887,5.722911299999887,2024-05
2024-05-02 13:33:00,2024-05-02 13:34:00,2024-05-02 13:44:00,HWM,LONG,26,76.175,76.115,10,-1.5600000000000591,0.7,0.990275,-3.2502750000000593,2024-05
2024-05-02 13:34:00,2024-05-02 13:35:00,2024-05-02 13:45:00,HWM,LONG,26,76.797,77.13,10,8.657999999999959,0.7,0.998361,6.959638999999958,2024-05
2024-05-02 13:35:00,2024-05-02 13:36:00,2024-05-02 13:46:00,HWM,LONG,26,76.34,77.0905,10,19.513000000000062,0.7,0.9924200000000001,17.820580000000064,2024-05
2024-05-02 13:36:00,2024-05-02 13:37:00,2024-05-02 13:47:00,HWM,LONG,26,76.565,77.37,10,20.930000000000177,0.7,0.995345,19.234655000000178,2024-05
2024-05-20 13:30:00,2024-05-20 13:31:00,2024-05-20 13:41:00,JBL,LONG,17,113.7425,114.69,10,16.107499999999845,0.7,0.9668112500000001,14.440688749999847,2024-05
2024-05-31 13:30:00,2024-05-31 13:31:00,2024-05-31 13:41:00,NTAP,LONG,17,117.655,120.36,10,45.98499999999997,0.7,1.0000675,44.28493249999997,2024-05
2024-05-01 14:22:00,2024-05-01 14:23:00,2024-05-01 14:33:00,SMCI,LONG,27,72.6463,71.874,10,-20.852100000000036,0.7,0.98072505,-22.532825050000035,2024-05
2024-05-22 13:30:00,2024-05-22 13:31:00,2024-05-22 13:41:00,WSM,SHORT,11,173.43,169.2975,10,45.457499999999925,0.7,0.9538650000000001,43.80363499999992,2024-05
2024-05-22 13:36:00,2024-05-22 13:37:00,2024-05-22 13:47:00,WSM,SHORT,11,169.495,170.3809,10,-9.744899999999916,0.7,0.9322225000000001,-11.377122499999915,2024-05
2024-06-03 13:30:00,2024-06-03 13:31:00,2024-06-03 13:41:00,ADSK,SHORT,9,219.275,220.117,10,-7.577999999999861,0.7,0.9867375,-9.26473749999986,2024-06
2024-06-03 13:31:00,2024-06-03 13:32:00,2024-06-03 13:42:00,ADSK,SHORT,9,220.76,219.745,10,9.134999999999877,0.7,0.99342,7.4415799999998775,2024-06
2024-06-03 13:32:00,2024-06-03 13:33:00,2024-06-03 13:43:00,ADSK,SHORT,9,220.255,220.14,10,1.0350000000000819,0.7,0.9911475000000001,-0.6561474999999182,2024-06
2024-06-03 13:33:00,2024-06-03 13:34:00,2024-06-03 13:44:00,ADSK,SHORT,9,220.0,219.5195,10,4.324500000000057,0.7,0.99,2.634500000000057,2024-06
2024-06-03 13:35:00,2024-06-03 13:36:00,2024-06-03 13:46:00,ADSK,LONG,9,219.015,220.075,10,9.54000000000002,0.7,0.9855674999999999,7.854432500000021,2024-06
2024-06-03 13:36:00,2024-06-03 13:37:00,2024-06-03 13:47:00,ADSK,LONG,9,219.005,220.43,10,12.825000000000102,0.7,0.9855225000000001,11.139477500000103,2024-06
2024-06-03 13:39:00,2024-06-03 13:40:00,2024-06-03 13:50:00,ADSK,LONG,9,220.04,220.78,10,6.660000000000082,0.7,0.99018,4.969820000000082,2024-06
2024-06-20 13:44:00,2024-06-20 13:45:00,2024-06-20 13:55:00,JBL,SHORT,17,117.08,119.34,10,-38.42000000000009,0.7,0.99518,-40.11518000000009,2024-06
2024-06-03 13:30:00,2024-06-03 13:31:00,2024-06-03 13:41:00,TER,SHORT,13,144.9,142.99,10,24.829999999999956,0.7,0.9418500000000001,23.188149999999958,2024-06
2024-06-03 13:31:00,2024-06-03 13:32:00,2024-06-03 13:42:00,TER,SHORT,13,145.4,142.8,10,33.799999999999926,0.7,0.9451,32.15489999999993,2024-06
2024-06-03 13:30:00,2024-06-03 13:31:00,2024-06-03 13:41:00,VLTO,SHORT,20,99.885,99.268,10,12.340000000000089,0.7,0.99885,10.641150000000088,2024-06
2024-07-31 13:31:00,2024-07-31 13:32:00,2024-07-31 13:42:00,CEG,LONG,10,191.76,187.44,10,-43.19999999999993,0.7,0.9588,-44.85879999999993,2024-07
2024-07-31 13:32:00,2024-07-31 13:33:00,2024-07-31 13:43:00,CEG,LONG,10,190.585,186.715,10,-38.700000000000045,0.7,0.9529250000000001,-40.35292500000005,2024-07
2024-07-19 13:32:00,2024-07-19 13:33:00,2024-07-19 13:43:00,CRWD,SHORT,6,298.345,301.3685,10,-18.140999999999735,0.7,0.8950350000000001,-19.736034999999735,2024-07
2024-07-19 13:33:00,2024-07-19 13:34:00,2024-07-19 13:44:00,CRWD,SHORT,6,298.62,306.43,10,-46.860000000000014,0.7,0.89586,-48.455860000000015,2024-07
2024-07-19 13:34:00,2024-07-19 13:35:00,2024-07-19 13:45:00,CRWD,SHORT,6,299.88,305.59,10,-34.25999999999988,0.7,0.89964,-35.85963999999988,2024-07
2024-07-19 13:36:00,2024-07-19 13:37:00,2024-07-19 13:47:00,CRWD,SHORT,6,299.0,303.69,10,-28.139999999999986,0.7,0.897,-29.736999999999984,2024-07
2024-07-19 13:37:00,2024-07-19 13:38:00,2024-07-19 13:48:00,CRWD,SHORT,6,300.55,306.39,10,-35.03999999999985,0.7,0.9016500000000001,-36.641649999999856,2024-07
2024-07-19 13:38:00,2024-07-19 13:39:00,2024-07-19 13:49:00,CRWD,SHORT,6,302.235,308.81,10,-39.44999999999993,0.7,0.9067050000000001,-41.05670499999994,2024-07
2024-07-19 13:39:00,2024-07-19 13:40:00,2024-07-19 13:50:00,CRWD,SHORT,6,302.9699,308.2025,10,-31.395599999999945,0.7,0.9089096999999999,-33.00450969999995,2024-07
2024-07-22 14:03:00,2024-07-22 14:04:00,2024-07-22 14:14:00,CRWD,SHORT,7,268.001,266.65,10,9.456999999999994,0.7,0.9380035,7.818996499999995,2024-07
2024-07-22 14:04:00,2024-07-22 14:05:00,2024-07-22 14:15:00,CRWD,SHORT,7,267.4699,267.025,10,3.114300000000128,0.7,0.93614465,1.4781553500001277,2024-07
2024-07-11 13:32:00,2024-07-11 13:33:00,2024-07-11 13:43:00,DAL,SHORT,45,42.36,43.3101,10,-42.75449999999996,0.7,0.9531000000000001,-44.40759999999996,2024-07
2024-07-31 13:39:00,2024-07-31 13:40:00,2024-07-31 13:50:00,DAY,SHORT,32,59.0,59.3,10,-9.599999999999909,0.7,0.9440000000000001,-11.24399999999991,2024-07
2024-07-15 13:30:00,2024-07-15 13:31:00,2024-07-15 13:41:00,FSLR,SHORT,8,214.0,215.161,10,-9.288000000000011,0.7,0.856,-10.84400000000001,2024-07
2024-07-15 13:31:00,2024-07-15 13:32:00,2024-07-15 13:42:00,FSLR,SHORT,8,215.75,215.82,10,-0.5599999999999454,0.7,0.863,-2.122999999999945,2024-07
2024-07-30 13:33:00,2024-07-30 13:34:00,2024-07-30 13:44:00,GLW,LONG,50,38.0425,38.225,10,9.125000000000227,0.7,0.9510624999999999,7.473937500000228,2024-07
2024-07-30 13:35:00,2024-07-30 13:36:00,2024-07-30 13:46:00,GLW,LONG,50,37.785,38.11,10,16.250000000000142,0.7,0.9446249999999999,14.605375000000143,2024-07
2024-07-23 13:30:00,2024-07-23 13:31:00,2024-07-23 13:41:00,HCA,SHORT,5,341.825,337.46,10,21.825000000000045,0.7,0.8545625,20.270437500000046,2024-07
2024-07-30 13:30:00,2024-07-30 13:31:00,2024-07-30 13:41:00,HWM,SHORT,21,91.7,92.21,10,-10.709999999999809,0.7,0.9628500000000001,-12.372849999999808,2024-07
2024-07-30 13:31:00,2024-07-30 13:32:00,2024-07-30 13:42:00,HWM,LONG,20,92.455,91.86,10,-11.899999999999977,0.7,0.92455,-13.524549999999977,2024-07
2024-07-30 13:40:00,2024-07-30 13:41:00,2024-07-30 13:51:00,HWM,LONG,20,92.21,93.46,10,25.0,0.7,0.9220999999999999,23.3779,2024-07
2024-07-24 13:44:00,2024-07-24 13:45:00,2024-07-24 13:55:00,LW,SHORT,31,62.15,62.01,10,4.340000000000018,0.7,0.963325,2.6766750000000172,2024-07
2024-07-26 13:31:00,2024-07-26 13:32:00,2024-07-26 13:42:00,MMM,LONG,16,114.46,117.58,10,49.92000000000007,0.7,0.9156799999999999,48.30432000000007,2024-07
2024-07-31 13:31:00,2024-07-31 13:32:00,2024-07-31 13:42:00,NVDA,LONG,17,111.4057,113.7,10,39.00310000000012,0.7,0.94694845,37.356151550000114,2024-07
2024-07-23 13:30:00,2024-07-23 13:31:00,2024-07-23 13:41:00,PNR,SHORT,22,85.83,85.44,10,8.580000000000013,0.7,0.94413,6.935870000000012,2024-07
2024-07-16 13:31:00,2024-07-16 13:32:00,2024-07-16 13:42:00,SCHW,SHORT,27,70.07,69.7569,10,8.45369999999977,0.7,0.9459449999999999,6.80775499999977,2024-07
2024-07-17 13:30:00,2024-07-17 13:31:00,2024-07-17 13:41:00,VST,LONG,24,80.695,80.72,10,0.6000000000001364,0.7,0.96834,-1.0683399999998635,2024-07
2024-07-26 13:30:00,2024-07-26 13:31:00,2024-07-26 13:41:00,VST,LONG,27,71.57,71.865,10,7.965000000000046,0.7,0.9661949999999999,6.298805000000046,2024-07
2024-07-17 14:02:00,2024-07-17 14:03:00,2024-07-17 14:13:00,WSM,LONG,12,156.09,156.32,10,2.759999999999877,0.7,0.9365399999999999,1.1234599999998771,2024-07
2024-07-17 14:03:00,2024-07-17 14:04:00,2024-07-17 14:14:00,WSM,LONG,12,156.04,156.58,10,6.480000000000246,0.7,0.9362400000000001,4.843760000000246,2024-07
2024-07-17 14:04:00,2024-07-17 14:05:00,2024-07-17 14:15:00,WSM,LONG,12,156.285,156.35,10,0.7799999999999727,0.7,0.93771,-0.8577100000000273,2024-07
2024-07-17 14:05:00,2024-07-17 14:06:00,2024-07-17 14:16:00,WSM,LONG,12,156.49,156.685,10,2.339999999999918,0.7,0.9389400000000001,0.7010599999999181,2024-07
2024-07-17 14:06:00,2024-07-17 14:07:00,2024-07-17 14:17:00,WSM,LONG,12,156.23,156.67,10,5.279999999999973,0.7,0.9373799999999999,3.6426199999999724,2024-07
2024-07-17 14:07:00,2024-07-17 14:08:00,2024-07-17 14:18:00,WSM,LONG,12,156.045,157.06,10,12.180000000000177,0.7,0.93627,10.543730000000178,2024-07
2024-07-17 14:08:00,2024-07-17 14:09:00,2024-07-17 14:19:00,WSM,LONG,12,155.7,156.9,10,14.400000000000205,0.7,0.9341999999999999,12.765800000000205,2024-07
2024-07-17 14:13:00,2024-07-17 14:14:00,2024-07-17 14:24:00,WSM,LONG,12,156.58,155.64,10,-11.280000000000314,0.7,0.9394800000000001,-12.919480000000313,2024-07
2024-07-17 14:14:00,2024-07-17 14:15:00,2024-07-17 14:25:00,WSM,LONG,12,156.35,155.98,10,-4.440000000000055,0.7,0.9380999999999999,-6.078100000000054,2024-07
2024-07-17 14:15:00,2024-07-17 14:16:00,2024-07-17 14:26:00,WSM,LONG,12,156.685,155.63,10,-12.660000000000082,0.7,0.94011,-14.300110000000082,2024-07
2024-07-17 14:21:00,2024-07-17 14:22:00,2024-07-17 14:32:00,WSM,LONG,12,155.795,155.42,10,-4.5,0.7,0.93477,-6.1347700000000005,2024-07
2024-07-17 14:22:00,2024-07-17 14:23:00,2024-07-17 14:33:00,WSM,LONG,12,155.9,155.13,10,-9.240000000000123,0.7,0.9354000000000001,-10.875400000000122,2024-07
2024-07-17 14:23:00,2024-07-17 14:24:00,2024-07-17 14:34:00,WSM,LONG,12,155.64,154.955,10,-8.219999999999686,0.7,0.9338399999999999,-9.853839999999686,2024-07
2024-07-17 14:24:00,2024-07-17 14:25:00,2024-07-17 14:35:00,WSM,LONG,12,155.98,154.945,10,-12.419999999999959,0.7,0.9358799999999999,-14.055879999999958,2024-07
2024-07-17 14:28:00,2024-07-17 14:29:00,2024-07-17 14:39:00,WSM,LONG,12,155.835,154.65,10,-14.220000000000027,0.7,0.93501,-15.855010000000027,2024-07
2024-07-17 14:30:00,2024-07-17 14:31:00,2024-07-17 14:41:00,WSM,LONG,12,155.45,155.335,10,-1.379999999999768,0.7,0.9327,-3.0126999999997683,2024-07
2024-07-17 14:31:00,2024-07-17 14:32:00,2024-07-17 14:42:00,WSM,LONG,12,155.42,155.5262,10,1.2744000000000142,0.7,0.93252,-0.3581199999999858,2024-07
2024-08-05 13:34:00,2024-08-05 13:35:00,2024-08-05 13:45:00,AAPL,LONG,9,204.68,209.14,10,40.139999999999816,0.7,0.9210600000000001,38.518939999999816,2024-08
2024-08-21 14:25:00,2024-08-21 14:26:00,2024-08-21 14:36:00,ADI,LONG,8,229.89,229.26,10,-5.039999999999964,0.7,0.9195599999999999,-6.6595599999999635,2024-08
2024-08-21 14:26:00,2024-08-21 14:27:00,2024-08-21 14:37:00,ADI,LONG,8,229.805,229.665,10,-1.1200000000001182,0.7,0.91922,-2.739220000000118,2024-08
2024-08-21 14:29:00,2024-08-21 14:30:00,2024-08-21 14:40:00,ADI,LONG,8,228.36,230.255,10,15.159999999999854,0.7,0.91344,13.546559999999856,2024-08
2024-08-01 13:30:00,2024-08-01 13:31:00,2024-08-01 13:41:00,AFL,LONG,19,104.5,102.72,10,-33.82000000000002,0.7,0.99275,-35.512750000000025,2024-08
2024-08-01 13:31:00,2024-08-01 13:32:00,2024-08-01 13:42:00,AFL,SHORT,19,104.0,101.91,10,39.710000000000065,0.7,0.988,38.02200000000006,2024-08
2024-08-01 13:32:00,2024-08-01 13:33:00,2024-08-01 13:43:00,AFL,SHORT,19,102.67,101.815,10,16.245000000000076,0.7,0.975365,14.569635000000076,2024-08
2024-08-02 13:36:00,2024-08-02 13:37:00,2024-08-02 13:47:00,ALB,SHORT,24,83.38,84.38,10,-24.0,0.7,1.00056,-25.70056,2024-08
2024-08-02 13:42:00,2024-08-02 13:43:00,2024-08-02 13:53:00,ALB,SHORT,23,85.165,85.11,10,1.2650000000001569,0.7,0.9793975,-0.4143974999998431,2024-08
2024-08-02 13:45:00,2024-08-02 13:46:00,2024-08-02 13:56:00,ALB,SHORT,23,84.176,84.6564,10,-11.04920000000007,0.7,0.968024,-12.71722400000007,2024-08
2024-08-05 13:31:00,2024-08-05 13:32:00,2024-08-05 13:42:00,AMAT,SHORT,11,173.485,175.11,10,-17.875,0.7,0.9541675000000001,-19.5291675,2024-08
2024-08-05 13:40:00,2024-08-05 13:41:00,2024-08-05 13:51:00,AMAT,SHORT,11,174.88,177.87,10,-32.8900000000001,0.7,0.9618399999999999,-34.551840000000105,2024-08
2024-08-05 14:00:00,2024-08-05 14:01:00,2024-08-05 14:11:00,AMAT,SHORT,10,182.72,178.85,10,38.700000000000045,0.7,0.9136000000000001,37.08640000000004,2024-08
2024-08-05 13:31:00,2024-08-05 13:32:00,2024-08-05 13:42:00,AMD,SHORT,16,124.66,128.18,10,-56.320000000000164,0.7,0.9972799999999999,-58.01728000000017,2024-08
2024-08-05 13:40:00,2024-08-05 13:41:00,2024-08-05 13:51:00,AMD,SHORT,15,127.68,130.2,10,-37.79999999999973,0.7,0.9576,-39.45759999999973,2024-08
2024-08-05 14:00:00,2024-08-05 14:01:00,2024-08-05 14:11:00,AMD,SHORT,14,133.8494,132.38,10,20.571600000000103,0.7,0.9369457999999999,18.934654200000104,2024-08
2024-08-05 13:31:00,2024-08-05 13:32:00,2024-08-05 13:42:00,AMZN,LONG,12,155.84,157.6725,10,21.990000000000123,0.7,0.93504,20.354960000000123,2024-08
2024-08-05 13:33:00,2024-08-05 13:34:00,2024-08-05 13:44:00,AMZN,SHORT,12,155.77,159.05,10,-39.360000000000014,0.7,0.9346200000000001,-40.99462000000002,2024-08
2024-08-05 13:34:00,2024-08-05 13:35:00,2024-08-05 13:45:00,AMZN,LONG,12,155.04,159.7054,10,55.984800000000064,0.7,0.9302400000000001,54.35456000000006,2024-08
2024-08-05 13:33:00,2024-08-05 13:34:00,2024-08-05 13:44:00,ANET,SHORT,26,75.3713,76.5625,10,-30.971199999999868,0.7,0.9798269000000001,-32.65102689999987,2024-08
2024-08-01 13:30:00,2024-08-01 13:31:00,2024-08-01 13:41:00,APTV,SHORT,25,78.98,76.96,10,50.500000000000256,0.7,0.9872500000000001,48.81275000000025,2024-08
2024-08-01 13:31:00,2024-08-01 13:32:00,2024-08-01 13:42:00,APTV,SHORT,25,79.635,76.79,10,71.12499999999997,0.7,0.9954375000000001,69.42956249999997,2024-08
2024-08-01 13:35:00,2024-08-01 13:36:00,2024-08-01 13:46:00,APTV,SHORT,25,79.2255,76.44,10,69.63749999999997,0.7,0.9903187499999999,67.94718124999997,2024-08
2024-08-05 13:31:00,2024-08-05 13:32:00,2024-08-05 13:42:00,AVGO,SHORT,15,132.06,134.765,10,-40.57499999999976,0.7,0.99045,-42.26544999999977,2024-08
2024-08-05 13:41:00,2024-08-05 13:42:00,2024-08-05 13:52:00,AVGO,SHORT,14,134.765,137.37,10,-36.470000000000255,0.7,0.9433549999999999,-38.113355000000254,2024-08
2024-08-05 14:00:00,2024-08-05 14:01:00,2024-08-05 14:11:00,AVGO,SHORT,14,140.572,137.415,10,44.19800000000015,0.7,0.984004,42.51399600000015,2024-08
2024-08-29 13:31:00,2024-08-29 13:32:00,2024-08-29 13:42:00,BBY,LONG,20,100.455,99.79,10,-13.29999999999984,0.7,1.00455,-15.00454999999984,2024-08
2024-08-29 13:32:00,2024-08-29 13:33:00,2024-08-29 13:43:00,BBY,LONG,20,98.17,99.84,10,33.400000000000034,0.7,0.9817,31.71830000000003,2024-08
2024-08-29 13:33:00,2024-08-29 13:34:00,2024-08-29 13:44:00,BBY,SHORT,20,99.47,100.08,10,-12.199999999999989,0.7,0.9947,-13.894699999999988,2024-08
2024-08-06 13:31:00,2024-08-06 13:32:00,2024-08-06 13:42:00,BLDR,SHORT,14,141.955,149.86,10,-110.67000000000002,0.7,0.993685,-112.36368500000002,2024-08
2024-08-06 13:40:00,2024-08-06 13:41:00,2024-08-06 13:51:00,BLDR,SHORT,13,150.01,152.54,10,-32.890000000000015,0.7,0.975065,-34.56506500000002,2024-08
2024-08-06 13:41:00,2024-08-06 13:42:00,2024-08-06 13:52:00,BLDR,SHORT,13,149.86,152.0,10,-27.819999999999823,0.7,0.9740900000000001,-29.494089999999822,2024-08
2024-08-06 13:53:00,2024-08-06 13:54:00,2024-08-06 14:04:00,BLDR,SHORT,13,151.855,155.13,10,-42.575000000000074,0.7,0.9870574999999999,-44.262057500000076,2024-08
2024-08-06 14:11:00,2024-08-06 14:12:00,2024-08-06 14:22:00,BLDR,SHORT,12,155.3,156.78,10,-17.759999999999877,0.7,0.9318000000000001,-19.391799999999876,2024-08
2024-08-06 14:12:00,2024-08-06 14:13:00,2024-08-06 14:23:00,BLDR,SHORT,12,154.76,157.0,10,-26.88000000000011,0.7,0.9285599999999999,-28.50856000000011,2024-08
2024-08-06 14:18:00,2024-08-06 14:19:00,2024-08-06 14:29:00,BLDR,SHORT,12,155.24,156.68,10,-17.279999999999973,0.7,0.93144,-18.91143999999997,2024-08
2024-08-06 14:19:00,2024-08-06 14:20:00,2024-08-06 14:30:00,BLDR,SHORT,12,155.82,156.275,10,-5.46000000000015,0.7,0.93492,-7.09492000000015,2024-08
2024-08-06 14:21:00,2024-08-06 14:22:00,2024-08-06 14:32:00,BLDR,SHORT,12,156.78,155.765,10,12.180000000000177,0.7,0.9406800000000001,10.539320000000178,2024-08
2024-08-06 14:22:00,2024-08-06 14:23:00,2024-08-06 14:33:00,BLDR,SHORT,12,157.0,155.525,10,17.699999999999932,0.7,0.9420000000000001,16.057999999999932,2024-08
2024-08-06 14:26:00,2024-08-06 14:27:00,2024-08-06 14:37:00,BLDR,SHORT,12,156.68,155.225,10,17.46000000000015,0.7,0.94008,15.81992000000015,2024-08
2024-08-06 14:27:00,2024-08-06 14:28:00,2024-08-06 14:38:00,BLDR,SHORT,12,157.12,156.27,10,10.199999999999932,0.7,0.94272,8.557279999999933,2024-08
2024-08-06 15:33:00,2024-08-06 15:34:00,2024-08-06 15:44:00,BLDR,SHORT,12,153.895,154.34,10,-5.339999999999918,0.7,0.9233700000000001,-6.963369999999919,2024-08
2024-08-02 13:30:00,2024-08-02 13:31:00,2024-08-02 13:41:00,C,SHORT,32,60.01,59.455,10,17.75999999999999,0.7,0.96016,16.099839999999993,2024-08
2024-08-05 13:30:00,2024-08-05 13:31:00,2024-08-05 13:41:00,C,SHORT,36,54.0,54.17,10,-6.120000000000061,0.7,0.972,-7.792000000000062,2024-08
2024-08-05 13:32:00,2024-08-05 13:33:00,2024-08-05 13:43:00,C,LONG,36,54.11,54.31,10,7.200000000000102,0.7,0.9739800000000001,5.526020000000102,2024-08
2024-08-02 13:31:00,2024-08-02 13:32:00,2024-08-02 13:42:00,CCL,SHORT,132,14.8892,15.08,10,-25.185599999999923,0.924,0.9826872000000001,-27.092287199999923,2024-08
2024-08-02 14:25:00,2024-08-02 14:26:00,2024-08-02 14:36:00,CCL,SHORT,132,14.7599,14.715,10,5.926800000000021,0.924,0.9741534000000001,4.028646600000021,2024-08
2024-08-06 13:30:00,2024-08-06 13:31:00,2024-08-06 13:41:00,CDNS,SHORT,7,258.06,254.395,10,25.654999999999944,0.7,0.9032100000000001,24.051789999999944,2024-08
2024-08-05 15:19:00,2024-08-05 15:20:00,2024-08-05 15:30:00,CEG,SHORT,11,169.6,170.08,10,-5.2800000000002,0.7,0.9328,-6.912800000000201,2024-08
2024-08-05 15:22:00,2024-08-05 15:23:00,2024-08-05 15:33:00,CEG,SHORT,11,169.795,170.03,10,-2.58500000000015,0.7,0.9338725,-4.21887250000015,2024-08
2024-08-05 15:24:00,2024-08-05 15:25:00,2024-08-05 15:35:00,CEG,SHORT,11,169.915,169.695,10,2.4199999999999875,0.7,0.9345325,0.7854674999999876,2024-08
2024-08-05 15:25:00,2024-08-05 15:26:00,2024-08-05 15:36:00,CEG,SHORT,11,170.025,170.24,10,-2.3650000000000375,0.7,0.9351375000000001,-4.000137500000037,2024-08
2024-08-05 15:26:00,2024-08-05 15:27:00,2024-08-05 15:37:00,CEG,SHORT,11,169.35,170.78,10,-15.730000000000075,0.7,0.931425,-17.361425000000075,2024-08
2024-08-06 13:30:00,2024-08-06 13:31:00,2024-08-06 13:41:00,CEG,SHORT,11,175.8,171.29,10,49.61000000000021,0.7,0.9669000000000001,47.94310000000021,2024-08
2024-08-01 13:32:00,2024-08-01 13:33:00,2024-08-01 13:43:00,CHRW,SHORT,19,101.48,104.01,10,-48.07000000000002,0.7,0.96406,-49.73406000000003,2024-08
2024-08-05 13:37:00,2024-08-05 13:38:00,2024-08-05 13:48:00,COIN,SHORT,11,176.18,181.42,10,-57.63999999999979,0.7,0.96899,-59.30898999999979,2024-08
2024-08-05 13:40:00,2024-08-05 13:41:00,2024-08-05 13:51:00,COIN,SHORT,11,170.73,180.2875,10,-105.13250000000005,0.7,0.939015,-106.77151500000005,2024-08
2024-08-05 13:41:00,2024-08-05 13:42:00,2024-08-05 13:52:00,COIN,SHORT,11,169.74,181.28,10,-126.93999999999991,0.7,0.9335700000000001,-128.5735699999999,2024-08
2024-08-05 13:42:00,2024-08-05 13:43:00,2024-08-05 13:53:00,COIN,SHORT,11,171.99,182.94,10,-120.44999999999987,0.7,0.945945,-122.09594499999987,2024-08
2024-08-05 13:45:00,2024-08-05 13:46:00,2024-08-05 13:56:00,COIN,SHORT,10,179.87,183.33,10,-34.60000000000008,0.7,0.8993500000000001,-36.19935000000008,2024-08
2024-08-05 13:46:00,2024-08-05 13:47:00,2024-08-05 13:57:00,COIN,SHORT,10,181.05,181.9,10,-8.499999999999943,0.7,0.90525,-10.105249999999943,2024-08
2024-08-05 13:51:00,2024-08-05 13:52:00,2024-08-05 14:02:00,COIN,SHORT,10,181.28,190.935,10,-96.55000000000001,0.7,0.9064,-98.15640000000002,2024-08
2024-08-05 14:00:00,2024-08-05 14:01:00,2024-08-05 14:11:00,COIN,SHORT,9,189.8,185.76,10,36.360000000000184,0.7,0.8541000000000001,34.80590000000018,2024-08
2024-08-05 14:01:00,2024-08-05 14:02:00,2024-08-05 14:12:00,COIN,SHORT,9,190.935,184.35,10,59.26500000000007,0.7,0.8592075,57.70579250000007,2024-08
2024-08-20 14:11:00,2024-08-20 14:12:00,2024-08-20 14:22:00,COIN,LONG,9,200.05,199.41,10,-5.760000000000133,0.7,0.900225,-7.360225000000133,2024-08
2024-08-05 14:00:00,2024-08-05 14:01:00,2024-08-05 14:11:00,CRWD,SHORT,8,221.46,217.98,10,27.840000000000146,0.7,0.8858400000000001,26.254160000000144,2024-08
2024-08-02 13:40:00,2024-08-02 13:41:00,2024-08-02 13:51:00,DASH,SHORT,15,117.655,117.495,10,2.399999999999949,0.7,0.8824125,0.8175874999999488,2024-08
2024-08-05 13:32:00,2024-08-05 13:33:00,2024-08-05 13:43:00,DASH,LONG,16,110.355,111.575,10,19.519999999999982,0.7,0.8828400000000001,17.93715999999998,2024-08
2024-08-05 13:30:00,2024-08-05 13:31:00,2024-08-05 13:41:00,DELL,LONG,20,90.61,92.17,10,31.200000000000045,0.7,0.9061,29.593900000000048,2024-08
2024-08-05 13:34:00,2024-08-05 13:35:00,2024-08-05 13:45:00,DELL,LONG,20,91.42,93.38,10,39.199999999999875,0.7,0.9142,37.58579999999987,2024-08
2024-08-05 14:00:00,2024-08-05 14:01:00,2024-08-05 14:11:00,DELL,SHORT,19,95.72,95.27,10,8.550000000000054,0.7,0.90934,6.940660000000054,2024-08
2024-08-15 13:30:00,2024-08-15 13:31:00,2024-08-15 13:41:00,DG,SHORT,15,121.92,123.41,10,-22.349999999999923,0.7,0.9144,-23.964399999999923,2024-08
2024-08-29 13:30:00,2024-08-29 13:31:00,2024-08-29 13:41:00,DG,SHORT,19,95.29,94.065,10,23.275000000000162,0.7,0.9052550000000001,21.669745000000162,2024-08
2024-08-29 13:42:00,2024-08-29 13:43:00,2024-08-29 13:53:00,DG,SHORT,20,93.0,91.715,10,25.699999999999932,0.7,0.93,24.069999999999933,2024-08
2024-08-29 13:34:00,2024-08-29 13:35:00,2024-08-29 13:45:00,DLTR,SHORT,21,87.42,87.69,10,-5.669999999999916,0.7,0.91791,-7.287909999999917,2024-08
2024-08-02 13:31:00,2024-08-02 13:32:00,2024-08-02 13:42:00,ENPH,SHORT,17,106.135,107.605,10,-24.98999999999998,0.7,0.9021475000000001,-26.59214749999998,2024-08
2024-08-05 14:00:00,2024-08-05 14:01:00,2024-08-05 14:11:00,ENPH,SHORT,18,103.24,101.82,10,25.56000000000003,0.7,0.92916,23.930840000000032,2024-08
2024-08-05 14:04:00,2024-08-05 14:05:00,2024-08-05 14:15:00,ENPH,SHORT,18,103.9478,101.7725,10,39.15540000000013,0.7,0.9355302000000001,37.51986980000012,2024-08
2024-08-05 14:22:00,2024-08-05 14:23:00,2024-08-05 14:33:00,ENPH,SHORT,18,101.96,102.85,10,-16.02000000000001,0.7,0.91764,-17.637640000000008,2024-08
2024-08-01 13:36:00,2024-08-01 13:37:00,2024-08-01 13:47:00,ETN,SHORT,6,298.3501,302.6,10,-25.49940000000015,0.7,0.8950503,-27.09445030000015,2024-08
2024-08-05 14:00:00,2024-08-05 14:01:00,2024-08-05 14:11:00,FSLR,SHORT,9,208.515,207.17,10,12.10499999999999,0.7,0.9383174999999999,10.46668249999999,2024-08
2024-08-05 13:37:00,2024-08-05 13:38:00,2024-08-05 13:48:00,GEV,SHORT,12,154.325,158.93,10,-55.26000000000022,0.7,0.9259499999999999,-56.88595000000022,2024-08
2024-08-05 14:00:00,2024-08-05 14:01:00,2024-08-05 14:11:00,GEV,SHORT,11,161.34,157.47,10,42.57000000000005,0.7,0.88737,40.98263000000005,2024-08
2024-08-05 13:31:00,2024-08-05 13:32:00,2024-08-05 13:42:00,GS,SHORT,4,440.2,442.25,10,-8.200000000000045,0.7,0.8804,-9.780400000000045,2024-08
2024-08-02 13:31:00,2024-08-02 13:32:00,2024-08-02 13:42:00,INTC,LONG,89,21.09,20.64,10,-40.04999999999994,0.7,0.938505,-41.68850499999994,2024-08
2024-08-02 13:32:00,2024-08-02 13:33:00,2024-08-02 13:43:00,INTC,LONG,89,21.015,20.5477,10,-41.58970000000014,0.7,0.9351675,-43.224867500000144,2024-08
2024-08-02 13:34:00,2024-08-02 13:35:00,2024-08-02 13:45:00,INTC,LONG,89,20.87,20.825,10,-4.005000000000152,0.7,0.9287150000000001,-5.633715000000152,2024-08
2024-08-05 13:34:00,2024-08-05 13:35:00,2024-08-05 13:45:00,INTC,LONG,92,20.17,19.625,10,-50.14000000000016,0.7,0.9278200000000001,-51.76782000000016,2024-08
2024-08-01 13:30:00,2024-08-01 13:31:00,2024-08-01 13:41:00,K,SHORT,30,60.26,61.16,10,-26.999999999999957,0.7,0.9039,-28.603899999999957,2024-08
2024-08-21 13:30:00,2024-08-21 13:31:00,2024-08-21 13:41:00,KEYS,SHORT,12,154.47,154.815,10,-4.139999999999986,0.7,0.92682,-5.766819999999987,2024-08
2024-08-21 13:31:00,2024-08-21 13:32:00,2024-08-21 13:42:00,KEYS,LONG,12,154.2281,155.7,10,17.66279999999972,0.7,0.9253686,16.037431399999722,2024-08
2024-08-21 13:32:00,2024-08-21 13:33:00,2024-08-21 13:43:00,KEYS,LONG,12,153.19,157.375,10,50.22000000000003,0.7,0.91914,48.600860000000026,2024-08
2024-08-21 13:33:00,2024-08-21 13:34:00,2024-08-21 13:44:00,KEYS,LONG,12,154.035,157.249,10,38.567999999999984,0.7,0.9242100000000001,36.94378999999998,2024-08
2024-08-08 13:30:00,2024-08-08 13:31:00,2024-08-08 13:41:00,LLY,SHORT,2,873.67,850.88,10,45.57999999999993,0.7,0.87367,44.00632999999993,2024-08
2024-08-01 13:31:00,2024-08-01 13:32:00,2024-08-01 13:42:00,LRCX,SHORT,21,85.836,87.366,10,-32.130000000000024,0.7,0.901278,-33.731278000000025,2024-08
2024-08-01 13:32:00,2024-08-01 13:33:00,2024-08-01 13:43:00,LRCX,SHORT,21,86.781,87.18,10,-8.379000000000019,0.7,0.9112005000000001,-9.990200500000018,2024-08
2024-08-01 13:33:00,2024-08-01 13:34:00,2024-08-01 13:44:00,LRCX,SHORT,21,86.725,87.352,10,-13.1670000000002,0.7,0.9106124999999999,-14.777612500000199,2024-08
2024-08-02 13:30:00,2024-08-02 13:31:00,2024-08-02 13:41:00,LRCX,SHORT,23,79.398,80.0205,10,-14.317500000000052,0.7,0.913077,-15.930577000000051,2024-08
2024-08-05 13:31:00,2024-08-05 13:32:00,2024-08-05 13:42:00,LRCX,SHORT,25,72.7795,73.497,10,-17.93750000000003,0.7,0.90974375,-19.54724375000003,2024-08
2024-08-05 13:31:00,2024-08-05 13:32:00,2024-08-05 13:42:00,META,SHORT,4,453.345,465.32,10,-47.899999999999864,0.7,0.9066900000000001,-49.506689999999864,2024-08
2024-08-01 13:32:00,2024-08-01 13:33:00,2024-08-01 13:43:00,MRNA,SHORT,19,95.214,97.27,10,-39.06399999999995,0.7,0.904533,-40.668532999999954,2024-08
2024-08-05 13:32:00,2024-08-05 13:33:00,2024-08-05 13:43:00,MRNA,SHORT,22,80.95,83.65,10,-59.40000000000006,0.7,0.8904500000000001,-60.99045000000007,2024-08
2024-08-05 13:33:00,2024-08-05 13:34:00,2024-08-05 13:44:00,MRNA,SHORT,22,81.89,83.27,10,-30.3599999999999,0.7,0.90079,-31.9607899999999,2024-08
2024-08-05 13:34:00,2024-08-05 13:35:00,2024-08-05 13:45:00,MRNA,SHORT,22,82.85,84.275,10,-31.35000000000025,0.7,0.9113499999999999,-32.96135000000025,2024-08
2024-08-05 13:35:00,2024-08-05 13:36:00,2024-08-05 13:46:00,MRNA,SHORT,21,83.87,84.25,10,-7.9799999999999045,0.7,0.8806350000000001,-9.560634999999904,2024-08
2024-08-05 13:36:00,2024-08-05 13:37:00,2024-08-05 13:47:00,MRNA,SHORT,21,83.185,85.45,10,-47.56500000000001,0.7,0.8734425,-49.13844250000002,2024-08
2024-08-05 13:40:00,2024-08-05 13:41:00,2024-08-05 13:51:00,MRNA,SHORT,21,82.785,84.69,10,-40.005000000000024,0.7,0.8692424999999999,-41.574242500000025,2024-08
2024-08-05 13:45:00,2024-08-05 13:46:00,2024-08-05 13:56:00,MRNA,SHORT,21,84.25,84.395,10,-3.0449999999999164,0.7,0.884625,-4.629624999999916,2024-08
2024-08-05 13:47:00,2024-08-05 13:48:00,2024-08-05 13:58:00,MRNA,SHORT,21,84.74,84.15,10,12.389999999999773,0.7,0.88977,10.800229999999774,2024-08
2024-08-05 13:48:00,2024-08-05 13:49:00,2024-08-05 13:59:00,MRNA,SHORT,21,84.855,83.775,10,22.679999999999964,0.7,0.8909775000000001,21.089022499999963,2024-08
2024-08-05 13:36:00,2024-08-05 13:37:00,2024-08-05 13:47:00,MU,SHORT,20,87.35,88.7,10,-27.00000000000017,0.7,0.8735,-28.57350000000017,2024-08
2024-08-02 13:32:00,2024-08-02 13:33:00,2024-08-02 13:43:00,NVDA,LONG,17,102.97,106.22,10,55.25,0.7,0.875245,53.674755,2024-08
2024-08-02 13:33:00,2024-08-02 13:34:00,2024-08-02 13:44:00,NVDA,LONG,17,103.2499,105.9414,10,45.75550000000008,0.7,0.87762415,44.17787585000008,2024-08
2024-08-02 13:36:00,2024-08-02 13:37:00,2024-08-02 13:47:00,NVDA,SHORT,17,105.6398,105.42,10,3.736599999999868,0.7,0.8979383,2.1386616999998678,2024-08
2024-08-05 13:32:00,2024-08-05 13:33:00,2024-08-05 13:43:00,NVDA,LONG,19,93.61,96.9639,10,63.72409999999992,0.7,0.889295,62.13480499999992,2024-08
2024-08-05 13:37:00,2024-08-05 13:38:00,2024-08-05 13:48:00,NVDA,SHORT,18,96.72,99.4301,10,-48.78179999999995,0.7,0.87048,-50.35227999999995,2024-08
2024-08-05 13:38:00,2024-08-05 13:39:00,2024-08-05 13:49:00,NVDA,SHORT,18,97.57,99.171,10,-28.81800000000024,0.7,0.8781299999999999,-30.396130000000237,2024-08
2024-08-05 13:39:00,2024-08-05 13:40:00,2024-08-05 13:50:00,NVDA,SHORT,19,95.12,98.895,10,-71.72499999999984,0.7,0.9036400000000001,-73.32863999999984,2024-08
2024-08-05 13:40:00,2024-08-05 13:41:00,2024-08-05 13:51:00,NVDA,SHORT,18,94.86,98.44,10,-64.43999999999997,0.7,0.85374,-65.99373999999997,2024-08
2024-08-05 13:41:00,2024-08-05 13:42:00,2024-08-05 13:52:00,NVDA,SHORT,18,96.1636,99.26,10,-55.73520000000005,0.7,0.8654724,-57.30067240000005,2024-08
2024-08-05 13:43:00,2024-08-05 13:44:00,2024-08-05 13:54:00,NVDA,SHORT,18,96.8599,98.93,10,-37.26180000000019,0.7,0.8717391,-38.833539100000195,2024-08
2024-08-05 13:44:00,2024-08-05 13:45:00,2024-08-05 13:55:00,NVDA,SHORT,18,97.91,99.2001,10,-23.221800000000172,0.7,0.8811899999999999,-24.80299000000017,2024-08
2024-08-05 13:45:00,2024-08-05 13:46:00,2024-08-05 13:56:00,NVDA,SHORT,17,98.55,99.48,10,-15.810000000000116,0.7,0.837675,-17.347675000000116,2024-08
2024-08-05 13:46:00,2024-08-05 13:47:00,2024-08-05 13:57:00,NVDA,SHORT,17,99.135,99.27,10,-2.2949999999998454,0.7,0.8426475000000001,-3.8376474999998456,2024-08
2024-08-05 13:47:00,2024-08-05 13:48:00,2024-08-05 13:58:00,NVDA,SHORT,17,99.4301,99.295,10,2.296699999999902,0.7,0.84515585,0.7515441499999018,2024-08
2024-08-05 13:48:00,2024-08-05 13:49:00,2024-08-05 13:59:00,NVDA,SHORT,17,99.171,99.47,10,-5.0829999999998705,0.7,0.8429535000000001,-6.625953499999871,2024-08
2024-08-05 13:49:00,2024-08-05 13:50:00,2024-08-05 14:00:00,NVDA,SHORT,17,98.895,100.98,10,-35.445000000000135,0.7,0.8406075,-36.985607500000135,2024-08
2024-08-05 13:52:00,2024-08-05 13:53:00,2024-08-05 14:03:00,NVDA,SHORT,17,98.57,101.33,10,-46.92000000000009,0.7,0.837845,-48.45784500000009,2024-08
2024-08-02 13:31:00,2024-08-02 13:32:00,2024-08-02 13:42:00,PLTR,SHORT,71,24.52,24.5,10,1.4199999999999697,0.7,0.87046,-0.15046000000003024,2024-08
2024-08-05 13:30:00,2024-08-05 13:31:00,2024-08-05 13:41:00,PLTR,SHORT,80,21.76,22.4152,10,-52.41599999999977,0.7,0.8704000000000001,-53.986399999999776,2024-08
2024-08-06 13:33:00,2024-08-06 13:34:00,2024-08-06 13:44:00,PLTR,LONG,64,26.8999,25.6491,10,-80.05119999999988,0.7,0.8607968,-81.61199679999989,2024-08
2024-08-05 13:31:00,2024-08-05 13:32:00,2024-08-05 13:42:00,QCOM,SHORT,11,152.65,154.79,10,-23.53999999999985,0.7,0.8395750000000001,-25.07957499999985,2024-08
2024-08-05 13:40:00,2024-08-05 13:41:00,2024-08-05 13:51:00,QCOM,SHORT,11,155.1,158.0,10,-31.900000000000063,0.7,0.85305,-33.45305000000007,2024-08
2024-08-05 13:44:00,2024-08-05 13:45:00,2024-08-05 13:55:00,QCOM,SHORT,10,156.94,157.16,10,-2.1999999999999886,0.7,0.7847000000000001,-3.6846999999999888,2024-08
2024-08-23 13:30:00,2024-08-23 13:31:00,2024-08-23 13:41:00,ROST,LONG,10,161.95,159.95,10,-20.0,0.7,0.80975,-21.50975,2024-08
2024-08-13 13:30:00,2024-08-13 13:31:00,2024-08-13 13:41:00,SBUX,SHORT,18,91.79,92.9799,10,-21.4181999999999,0.7,0.82611,-22.9443099999999,2024-08
2024-08-13 13:31:00,2024-08-13 13:32:00,2024-08-13 13:42:00,SBUX,SHORT,18,92.53,93.035,10,-9.089999999999918,0.7,0.83277,-10.622769999999917,2024-08
2024-08-13 13:32:00,2024-08-13 13:33:00,2024-08-13 13:43:00,SBUX,SHORT,18,93.21,92.728,10,8.675999999999988,0.7,0.83889,7.137109999999987,2024-08
2024-08-13 13:34:00,2024-08-13 13:35:00,2024-08-13 13:45:00,SBUX,SHORT,18,92.51,92.97,10,-8.279999999999887,0.7,0.83259,-9.812589999999886,2024-08
2024-08-13 13:37:00,2024-08-13 13:38:00,2024-08-13 13:48:00,SBUX,SHORT,18,92.86,93.41,10,-9.899999999999949,0.7,0.83574,-11.435739999999948,2024-08
2024-08-13 13:38:00,2024-08-13 13:39:00,2024-08-13 13:49:00,SBUX,SHORT,18,92.87,93.4725,10,-10.844999999999857,0.7,0.8358300000000001,-12.380829999999856,2024-08
2024-08-13 13:39:00,2024-08-13 13:40:00,2024-08-13 13:50:00,SBUX,SHORT,17,93.8933,93.63,10,4.476100000000017,0.7,0.79809305,2.9780069500000166,2024-08
2024-08-13 13:40:00,2024-08-13 13:41:00,2024-08-13 13:51:00,SBUX,SHORT,18,92.9799,93.47,10,-8.821799999999968,0.7,0.8368191,-10.358619099999967,2024-08
2024-08-13 13:41:00,2024-08-13 13:42:00,2024-08-13 13:52:00,SBUX,SHORT,18,93.035,93.575,10,-9.720000000000113,0.7,0.8373149999999999,-11.257315000000112,2024-08
2024-08-13 13:42:00,2024-08-13 13:43:00,2024-08-13 13:53:00,SBUX,SHORT,18,92.728,94.0,10,-22.8960000000001,0.7,0.834552,-24.430552000000098,2024-08
2024-08-13 13:44:00,2024-08-13 13:45:00,2024-08-13 13:55:00,SBUX,SHORT,18,92.97,93.29,10,-5.760000000000133,0.7,0.8367300000000001,-7.296730000000133,2024-08
2024-08-13 13:45:00,2024-08-13 13:46:00,2024-08-13 13:56:00,SBUX,SHORT,18,92.98,93.31,10,-5.939999999999969,0.7,0.8368200000000001,-7.47681999999997,2024-08
2024-08-13 13:47:00,2024-08-13 13:48:00,2024-08-13 13:58:00,SBUX,SHORT,17,93.41,93.465,10,-0.935000000000116,0.7,0.793985,-2.428985000000116,2024-08
2024-08-13 13:48:00,2024-08-13 13:49:00,2024-08-13 13:59:00,SBUX,SHORT,17,93.4725,93.695,10,-3.782499999999942,0.7,0.79451625,-5.277016249999942,2024-08
2024-08-05 13:45:00,2024-08-05 13:46:00,2024-08-05 13:56:00,SMCI,SHORT,29,57.624,58.5993,10,-28.283699999999918,0.7,0.8355480000000001,-29.819247999999916,2024-08
2024-08-07 13:32:00,2024-08-07 13:33:00,2024-08-07 13:43:00,SMCI,LONG,31,53.35,54.0996,10,23.23760000000003,0.7,0.8269250000000001,21.71067500000003,2024-08
2024-08-07 13:33:00,2024-08-07 13:34:00,2024-08-07 13:44:00,SMCI,LONG,31,53.4115,54.2,10,24.443500000000192,0.7,0.82787825,22.91562175000019,2024-08
2024-08-28 13:56:00,2024-08-28 13:57:00,2024-08-28 14:07:00,SMCI,SHORT,38,43.39,41.545,10,70.10999999999996,0.7,0.82441,68.58558999999995,2024-08
2024-08-28 14:30:00,2024-08-28 14:31:00,2024-08-28 14:41:00,SMCI,SHORT,40,42.044,41.6645,10,15.180000000000007,0.7,0.8408799999999998,13.639120000000007,2024-08
2024-08-28 14:57:00,2024-08-28 14:58:00,2024-08-28 15:08:00,SMCI,LONG,40,41.6355,40.883,10,-30.09999999999991,0.7,0.8327100000000001,-31.632709999999907,2024-08
2024-08-06 13:31:00,2024-08-06 13:32:00,2024-08-06 13:42:00,TAP,SHORT,30,54.62,53.76,10,25.799999999999983,0.7,0.8192999999999999,24.280699999999985,2024-08
2024-08-21 13:31:00,2024-08-21 13:32:00,2024-08-21 13:42:00,TGT,SHORT,10,165.3,166.275,10,-9.749999999999943,0.7,0.8265,-11.276499999999942,2024-08
2024-08-21 13:33:00,2024-08-21 13:34:00,2024-08-21 13:44:00,TJX,LONG,14,118.96,119.405,10,6.2300000000001035,0.7,0.8327199999999999,4.697280000000103,2024-08
2024-08-15 13:31:00,2024-08-15 13:32:00,2024-08-15 13:42:00,TPR,SHORT,41,40.88,39.39,10,61.09000000000008,0.7,0.8380400000000001,59.55196000000008,2024-08
2024-08-05 13:35:00,2024-08-05 13:36:00,2024-08-05 13:46:00,TSLA,SHORT,8,189.68,195.53,10,-46.799999999999955,0.7,0.7587200000000001,-48.258719999999954,2024-08
2024-08-05 13:47:00,2024-08-05 13:48:00,2024-08-05 13:58:00,TSLA,SHORT,8,196.64,197.5001,10,-6.880800000000136,0.7,0.7865599999999999,-8.367360000000136,2024-08
2024-08-05 13:48:00,2024-08-05 13:49:00,2024-08-05 13:59:00,TSLA,SHORT,8,197.01,197.652,10,-5.135999999999967,0.7,0.78804,-6.624039999999967,2024-08
2024-08-02 13:33:00,2024-08-02 13:34:00,2024-08-02 13:44:00,TTD,SHORT,20,82.39,84.195,10,-36.09999999999985,0.7,0.8239,-37.62389999999986,2024-08
2024-08-05 13:31:00,2024-08-05 13:32:00,2024-08-05 13:42:00,UAL,SHORT,44,37.77,37.5877,10,8.02120000000022,0.7,0.8309400000000001,6.49026000000022,2024-08
2024-08-05 13:31:00,2024-08-05 13:32:00,2024-08-05 13:42:00,VST,SHORT,24,68.2029,68.04,10,3.909599999999841,0.7,0.8184348,2.391165199999841,2024-08
2024-08-08 13:50:00,2024-08-08 13:51:00,2024-08-08 14:01:00,VST,SHORT,21,76.83,76.135,10,14.594999999999857,0.7,0.8067150000000001,13.088284999999857,2024-08
2024-08-02 13:30:00,2024-08-02 13:31:00,2024-08-02 13:41:00,WFC,SHORT,31,53.955,54.18,10,-6.975000000000044,0.7,0.8363025000000001,-8.511302500000044,2024-08
2024-08-15 13:30:00,2024-08-15 13:31:00,2024-08-15 13:41:00,WMT,LONG,22,73.98,73.38,10,-13.200000000000188,0.7,0.8137800000000001,-14.713780000000186,2024-08
2024-08-15 13:31:00,2024-08-15 13:32:00,2024-08-15 13:42:00,WMT,LONG,22,73.395,73.425,10,0.660000000000025,0.7,0.807345,-0.8473449999999749,2024-08
2024-09-11 13:30:00,2024-09-11 13:31:00,2024-09-11 13:41:00,ALB,SHORT,21,91.29,89.3,10,41.79000000000019,0.7,0.9585450000000001,40.13145500000019,2024-09
2024-09-11 13:31:00,2024-09-11 13:32:00,2024-09-11 13:42:00,ALB,SHORT,22,91.065,89.585,10,32.56000000000009,0.7,1.001715,30.858285000000087,2024-09
2024-09-20 13:30:00,2024-09-20 13:31:00,2024-09-20 13:41:00,CEG,SHORT,8,236.18,240.83,10,-37.200000000000045,0.7,0.94472,-38.844720000000045,2024-09
2024-09-04 13:30:00,2024-09-04 13:31:00,2024-09-04 13:41:00,CNC,SHORT,26,74.5,74.195,10,7.930000000000177,0.7,0.9685,6.2615000000001775,2024-09
2024-09-16 13:39:00,2024-09-16 13:40:00,2024-09-16 13:50:00,COIN,LONG,12,156.81,158.79,10,23.759999999999877,0.7,0.94086,22.119139999999877,2024-09
2024-09-04 13:30:00,2024-09-04 13:31:00,2024-09-04 13:41:00,DLTR,SHORT,28,71.62,65.961,10,158.45200000000017,0.7,1.00268,156.74932000000018,2024-09
2024-09-04 13:31:00,2024-09-04 13:32:00,2024-09-04 13:42:00,DLTR,SHORT,28,71.04,65.4,10,157.92000000000002,0.7,0.9945600000000001,156.22544000000002,2024-09
2024-09-04 13:32:00,2024-09-04 13:33:00,2024-09-04 13:43:00,DLTR,SHORT,29,70.09,65.09,10,145.0,0.7,1.016305,143.28369500000002,2024-09
2024-09-04 13:40:00,2024-09-04 13:41:00,2024-09-04 13:51:00,DLTR,LONG,31,65.961,65.34,10,-19.25099999999985,0.7,1.0223955,-20.973395499999846,2024-09
2024-09-26 13:31:00,2024-09-26 13:32:00,2024-09-26 13:42:00,EL,LONG,21,98.575,99.98,10,29.505000000000024,0.7,1.0350375,27.769962500000023,2024-09
2024-09-26 13:32:00,2024-09-26 13:33:00,2024-09-26 13:43:00,EL,LONG,21,99.0,100.205,10,25.304999999999964,0.7,1.0395,23.565499999999965,2024-09
2024-09-19 13:31:00,2024-09-19 13:32:00,2024-09-19 13:42:00,FSLR,LONG,8,246.7204,243.45,10,-26.163200000000188,0.7,0.9868816,-27.850081600000188,2024-09
2024-09-30 13:30:00,2024-09-30 13:31:00,2024-09-30 13:41:00,GM,LONG,45,45.855,45.085,10,-34.64999999999982,0.7,1.0317375,-36.38173749999982,2024-09
2024-09-25 13:31:00,2024-09-25 13:32:00,2024-09-25 13:42:00,GPN,LONG,20,100.48,99.015,10,-29.300000000000068,0.7,1.0048000000000001,-31.004800000000067,2024-09
2024-09-17 13:33:00,2024-09-17 13:34:00,2024-09-17 13:44:00,INTC,LONG,97,21.395,21.4,10,0.4849999999999035,0.7,1.0376575000000001,-1.2526575000000966,2024-09
2024-09-26 13:31:00,2024-09-26 13:32:00,2024-09-26 13:42:00,INTC,LONG,86,24.035,23.865,10,-14.620000000000147,0.7,1.0335050000000001,-16.353505000000148,2024-09
2024-09-26 13:34:00,2024-09-26 13:35:00,2024-09-26 13:45:00,JBL,LONG,16,123.8,129.62,10,93.12000000000012,0.7,0.9904,91.42960000000012,2024-09
2024-09-26 13:35:00,2024-09-26 13:36:00,2024-09-26 13:46:00,JBL,LONG,16,123.9,129.65,10,92.0,0.7,0.9912000000000001,90.30879999999999,2024-09
2024-09-26 13:42:00,2024-09-26 13:43:00,2024-09-26 13:53:00,JBL,SHORT,16,128.91,129.53,10,-9.920000000000073,0.7,1.03128,-11.651280000000073,2024-09
2024-09-26 13:32:00,2024-09-26 13:33:00,2024-09-26 13:43:00,LVS,LONG,44,47.94,47.589,10,-15.44399999999996,0.7,1.0546799999999998,-17.19867999999996,2024-09
2024-09-12 13:30:00,2024-09-12 13:31:00,2024-09-12 13:41:00,MRNA,SHORT,31,66.69,65.5,10,36.88999999999993,0.7,1.033695,35.156304999999925,2024-09
2024-09-12 13:35:00,2024-09-12 13:36:00,2024-09-12 13:46:00,MRNA,LONG,32,64.85,65.89,10,33.2800000000002,0.7,1.0375999999999999,31.542400000000196,2024-09
2024-09-12 13:36:00,2024-09-12 13:37:00,2024-09-12 13:47:00,MRNA,LONG,32,65.41,65.061,10,-11.167999999999665,0.7,1.04656,-12.914559999999664,2024-09
2024-09-26 13:30:00,2024-09-26 13:31:00,2024-09-26 13:41:00,NRG,LONG,23,91.51,91.7499,10,5.517699999999806,0.7,1.052365,3.765334999999806,2024-09
2024-09-10 13:31:00,2024-09-10 13:32:00,2024-09-10 13:42:00,ORCL,LONG,13,154.49,158.575,10,53.104999999999734,0.7,1.004185,51.40081499999973,2024-09
2024-09-10 13:33:00,2024-09-10 13:34:00,2024-09-10 13:44:00,ORCL,LONG,13,154.62,159.96,10,69.42000000000004,0.7,1.00503,67.71497000000004,2024-09
2024-09-10 13:34:00,2024-09-10 13:35:00,2024-09-10 13:45:00,ORCL,LONG,13,154.44,160.11,10,73.7100000000002,0.7,1.00386,72.0061400000002,2024-09
2024-09-09 13:30:00,2024-09-09 13:31:00,2024-09-09 13:41:00,PLTR,LONG,65,32.86,33.73,10,56.549999999999834,0.7,1.0679500000000002,54.78204999999983,2024-09
2024-09-09 13:31:00,2024-09-09 13:32:00,2024-09-09 13:42:00,PLTR,LONG,65,33.1196,33.71,10,38.37600000000016,0.7,1.076387,36.59961300000016,2024-09
2024-09-09 13:32:00,2024-09-09 13:33:00,2024-09-09 13:43:00,PLTR,LONG,65,33.245,33.745,10,32.5,0.7,1.0804624999999999,30.7195375,2024-09
2024-09-26 14:47:00,2024-09-26 14:48:00,2024-09-26 15:06:00,SMCI,LONG,50,43.632,41.0,10,-131.5999999999999,0.7,1.0908,-133.3907999999999,2024-09
2024-09-26 14:53:00,2024-09-26 14:54:00,2024-09-26 15:08:00,SMCI,LONG,51,42.0345,40.4079,10,-82.95660000000018,0.7,1.0718797500000001,-84.72847975000018,2024-09
2024-09-26 14:54:00,2024-09-26 14:55:00,2024-09-26 15:09:00,SMCI,LONG,52,41.3,40.75,10,-28.599999999999852,0.7,1.0738,-30.37379999999985,2024-09
2024-09-26 14:55:00,2024-09-26 14:56:00,2024-09-26 15:10:00,SMCI,LONG,52,40.664,40.2121,10,-23.498800000000102,0.7,1.0572640000000002,-25.2560640000001,2024-09
2024-09-26 14:56:00,2024-09-26 14:57:00,2024-09-26 15:11:00,SMCI,LONG,53,39.8,40.1,10,15.900000000000226,0.7,1.0546999999999997,14.145300000000226,2024-09
2024-09-26 14:57:00,2024-09-26 14:58:00,2024-09-26 15:12:00,SMCI,LONG,53,39.8,39.63,10,-9.009999999999714,0.7,1.0546999999999997,-10.764699999999713,2024-09
2024-09-26 15:03:00,2024-09-26 15:04:00,2024-09-26 15:14:00,SMCI,LONG,54,39.553,40.5,10,51.13800000000015,0.7,1.067931,49.37006900000014,2024-09
2024-09-26 15:04:00,2024-09-26 15:05:00,2024-09-26 15:15:00,SMCI,LONG,53,40.1662,40.726,10,29.66939999999977,0.7,1.0644043,27.90499569999977,2024-09
2024-09-26 15:11:00,2024-09-26 15:12:00,2024-09-26 15:22:00,SMCI,LONG,54,39.63,40.0404,10,22.161599999999765,0.7,1.07001,20.391589999999766,2024-09
2024-09-26 15:12:00,2024-09-26 15:13:00,2024-09-26 15:23:00,SMCI,LONG,54,39.5967,39.9498,10,19.067400000000262,0.7,1.0691108999999999,17.298289100000265,2024-09
2024-09-26 15:17:00,2024-09-26 15:18:00,2024-09-26 15:28:00,SMCI,SHORT,53,40.26,39.848,10,21.83599999999995,0.7,1.06689,20.06910999999995,2024-09
2024-09-26 15:19:00,2024-09-26 15:20:00,2024-09-26 15:30:00,SMCI,SHORT,53,40.4805,39.737,10,39.40549999999986,0.7,1.07273325,37.63276674999986,2024-09
2024-09-26 15:21:00,2024-09-26 15:22:00,2024-09-26 15:32:00,SMCI,SHORT,54,40.0404,40.0434,10,-0.16200000000000614,0.7,1.0810908,-1.943090800000006,2024-09
2024-09-20 13:30:00,2024-09-20 13:31:00,2024-09-20 13:41:00,VST,SHORT,21,99.905,101.33,10,-29.92499999999994,0.7,1.0490025,-31.67400249999994,2024-09
2024-10-31 13:30:00,2024-10-31 13:31:00,2024-10-31 13:41:00,ACGL,LONG,19,100.39,101.77,10,26.219999999999914,0.7,0.953705,24.566294999999915,2024-10
2024-10-31 13:30:00,2024-10-31 13:31:00,2024-10-31 13:41:00,AFL,LONG,19,105.2101,105.375,10,3.1331000000000557,0.7,0.99949595,1.4336040500000555,2024-10
2024-10-31 13:34:00,2024-10-31 13:35:00,2024-10-31 13:45:00,APTV,SHORT,32,61.47,59.33,10,68.48000000000002,0.7,0.98352,66.79648000000002,2024-10
2024-10-31 13:39:00,2024-10-31 13:40:00,2024-10-31 13:50:00,APTV,SHORT,33,60.455,59.09,10,45.04499999999983,0.7,0.9975075,43.34749249999983,2024-10
2024-10-31 13:47:00,2024-10-31 13:48:00,2024-10-31 13:58:00,APTV,SHORT,34,59.18,59.71,10,-18.02000000000004,0.7,1.00606,-19.72606000000004,2024-10
2024-10-31 13:53:00,2024-10-31 13:54:00,2024-10-31 14:04:00,APTV,LONG,34,59.5,59.52,10,0.6800000000001063,0.7,1.0115,-1.0314999999998937,2024-10
2024-10-21 13:33:00,2024-10-21 13:34:00,2024-10-21 13:44:00,BA,SHORT,12,161.696,162.13,10,-5.20799999999997,0.7,0.9701759999999999,-6.87817599999997,2024-10
2024-10-24 13:45:00,2024-10-24 13:46:00,2024-10-24 13:56:00,CARR,LONG,27,73.445,73.995,10,14.850000000000307,0.7,0.9915075,13.158492500000307,2024-10
2024-10-29 13:30:00,2024-10-29 13:31:00,2024-10-29 13:41:00,CDNS,SHORT,7,281.21,274.7108,10,45.494399999999814,0.7,0.984235,43.81016499999981,2024-10
2024-10-29 13:31:00,2024-10-29 13:32:00,2024-10-29 13:42:00,CDNS,SHORT,7,275.66,274.95,10,4.970000000000255,0.7,0.9648100000000001,3.3051900000002545,2024-10
2024-10-30 14:26:00,2024-10-30 14:27:00,2024-10-30 14:37:00,CMG,LONG,35,57.015,56.96,10,-1.92499999999999,0.7,0.9977625000000001,-3.6227624999999906,2024-10
2024-10-28 13:33:00,2024-10-28 13:34:00,2024-10-28 13:44:00,COIN,SHORT,9,215.43,215.3225,10,0.9675000000001432,0.7,0.969435,-0.7019349999998568,2024-10
2024-10-31 13:48:00,2024-10-31 13:49:00,2024-10-31 13:59:00,COIN,LONG,10,196.66,195.6011,10,-10.588999999999942,0.7,0.9833,-12.272299999999941,2024-10
2024-10-23 13:31:00,2024-10-23 13:32:00,2024-10-23 13:42:00,CSGP,LONG,28,70.74,70.38,10,-10.079999999999984,0.7,0.9903599999999999,-11.770359999999982,2024-10
2024-10-23 13:35:00,2024-10-23 13:36:00,2024-10-23 13:46:00,CSGP,LONG,28,70.41,69.25,10,-32.479999999999905,0.7,0.9857400000000001,-34.16573999999991,2024-10
2024-10-25 13:31:00,2024-10-25 13:32:00,2024-10-25 13:42:00,DECK,SHORT,12,167.84,171.615,10,-45.30000000000007,0.7,1.00704,-47.007040000000075,2024-10
2024-10-25 13:30:00,2024-10-25 13:31:00,2024-10-25 13:41:00,DLR,SHORT,10,184.69,190.69,10,-60.0,0.7,0.9234500000000001,-61.623450000000005,2024-10
2024-10-25 13:31:00,2024-10-25 13:32:00,2024-10-25 13:42:00,DLR,SHORT,10,186.035,190.255,10,-42.19999999999999,0.7,0.930175,-43.83017499999999,2024-10
2024-10-25 13:33:00,2024-10-25 13:34:00,2024-10-25 13:44:00,DLR,SHORT,10,189.95,190.585,10,-6.350000000000193,0.7,0.94975,-7.999750000000193,2024-10
2024-10-31 13:36:00,2024-10-31 13:37:00,2024-10-31 13:47:00,EBAY,LONG,34,56.92,56.92,10,0.0,0.7,0.9676400000000001,-1.66764,2024-10
2024-10-31 13:41:00,2024-10-31 13:42:00,2024-10-31 13:52:00,EBAY,LONG,34,57.415,56.82,10,-20.22999999999996,0.7,0.976055,-21.90605499999996,2024-10
2024-10-31 13:36:00,2024-10-31 13:37:00,2024-10-31 13:47:00,EL,SHORT,30,64.02,67.88,10,-115.79999999999998,0.7,0.9602999999999999,-117.46029999999999,2024-10
2024-10-31 13:39:00,2024-10-31 13:40:00,2024-10-31 13:50:00,EL,SHORT,30,65.25,68.59,10,-100.2000000000001,0.7,0.97875,-101.87875000000011,2024-10
2024-10-31 14:04:00,2024-10-31 14:05:00,2024-10-31 14:15:00,EL,SHORT,27,70.2564,70.935,10,-18.32220000000008,0.7,0.9484614,-19.97066140000008,2024-10
2024-10-17 13:39:00,2024-10-17 13:40:00,2024-10-17 13:50:00,ELV,SHORT,4,416.16,427.65,10,-45.95999999999981,0.7,0.8323200000000001,-47.492319999999815,2024-10
2024-10-23 13:38:00,2024-10-23 13:39:00,2024-10-23 13:49:00,ENPH,SHORT,24,79.79,79.5367,10,6.079200000000242,0.7,0.95748,4.421720000000241,2024-10
2024-10-23 13:42:00,2024-10-23 13:43:00,2024-10-23 13:53:00,ENPH,SHORT,24,78.8,80.32,10,-36.479999999999905,0.7,0.9455999999999999,-38.125599999999906,2024-10
2024-10-23 13:47:00,2024-10-23 13:48:00,2024-10-23 13:58:00,ENPH,SHORT,24,79.86,80.59,10,-17.520000000000095,0.7,0.95832,-19.178320000000095,2024-10
2024-10-23 13:49:00,2024-10-23 13:50:00,2024-10-23 14:00:00,ENPH,LONG,24,79.39,80.56,10,28.08000000000004,0.7,0.9526800000000001,26.42732000000004,2024-10
2024-10-02 14:14:00,2024-10-02 14:15:00,2024-10-02 14:25:00,EQT,LONG,52,36.8,36.605,10,-10.140000000000015,0.7,0.9568,-11.796800000000013,2024-10
2024-10-03 14:27:00,2024-10-03 14:28:00,2024-10-03 14:38:00,FCX,LONG,38,49.48,49.46,10,-0.7599999999998488,0.7,0.94012,-2.400119999999849,2024-10
2024-10-03 14:37:00,2024-10-03 14:38:00,2024-10-03 14:48:00,FCX,LONG,38,49.46,49.46,10,0.0,0.7,0.93974,-1.63974,2024-10
2024-10-10 13:48:00,2024-10-10 13:49:00,2024-10-10 13:59:00,FSLR,LONG,9,211.78,211.7004,10,-0.716399999999993,0.7,0.95301,-2.369409999999993,2024-10
2024-10-22 13:46:00,2024-10-22 13:47:00,2024-10-22 13:57:00,GM,SHORT,36,52.9391,52.6496,10,10.42200000000014,0.7,0.9529038000000001,8.76909620000014,2024-10
2024-10-22 13:47:00,2024-10-22 13:48:00,2024-10-22 13:58:00,GM,SHORT,36,52.6803,52.82,10,-5.029199999999918,0.7,0.9482454,-6.677445399999918,2024-10
2024-10-22 13:48:00,2024-10-22 13:49:00,2024-10-22 13:59:00,GM,SHORT,36,52.72,52.958,10,-8.567999999999984,0.7,0.94896,-10.216959999999983,2024-10
2024-10-02 13:38:00,2024-10-02 13:39:00,2024-10-02 13:49:00,HUM,SHORT,8,216.5,219.5,10,-24.0,0.7,0.866,-25.566,2024-10
2024-10-02 14:07:00,2024-10-02 14:08:00,2024-10-02 14:18:00,HUM,SHORT,8,227.3311,233.7101,10,-51.03200000000015,0.7,0.9093244,-52.64132440000016,2024-10
2024-10-02 14:09:00,2024-10-02 14:10:00,2024-10-02 14:20:00,HUM,SHORT,8,229.3801,234.25,10,-38.95920000000001,0.7,0.9175204,-40.57672040000001,2024-10
2024-10-31 13:32:00,2024-10-31 13:33:00,2024-10-31 13:43:00,ICE,LONG,12,156.44,157.3,10,10.320000000000164,0.7,0.93864,8.681360000000165,2024-10
2024-10-31 13:30:00,2024-10-31 13:31:00,2024-10-31 13:41:00,IP,SHORT,35,53.49,55.155,10,-58.27499999999997,0.7,0.9360750000000001,-59.911074999999975,2024-10
2024-10-31 13:32:00,2024-10-31 13:33:00,2024-10-31 13:43:00,IP,SHORT,34,54.17,55.685,10,-51.51000000000002,0.7,0.92089,-53.13089000000002,2024-10
2024-10-31 13:33:00,2024-10-31 13:34:00,2024-10-31 13:44:00,IP,SHORT,34,54.82,55.8,10,-33.319999999999894,0.7,0.9319400000000001,-34.951939999999894,2024-10
2024-10-31 13:34:00,2024-10-31 13:35:00,2024-10-31 13:45:00,IP,SHORT,33,54.895,55.6607,10,-25.268099999999848,0.7,0.9057675000000001,-26.873867499999847,2024-10
2024-10-30 13:42:00,2024-10-30 13:43:00,2024-10-30 13:53:00,LLY,SHORT,2,776.19,786.74,10,-21.09999999999991,0.7,0.77619,-22.576189999999908,2024-10
2024-10-24 14:16:00,2024-10-24 14:17:00,2024-10-24 14:27:00,LVS,LONG,35,51.95,51.99,10,1.3999999999999702,0.7,0.9091250000000001,-0.20912500000002987,2024-10
2024-10-31 13:30:00,2024-10-31 13:31:00,2024-10-31 13:41:00,NCLH,LONG,73,25.4,26.485,10,79.20500000000007,0.7,0.9270999999999999,77.57790000000007,2024-10
2024-10-23 14:16:00,2024-10-23 14:17:00,2024-10-23 14:27:00,ODFL,SHORT,9,187.3,189.37,10,-18.62999999999994,0.7,0.84285,-20.172849999999936,2024-10
2024-10-23 14:17:00,2024-10-23 14:18:00,2024-10-23 14:28:00,ODFL,SHORT,9,188.8299,189.44,10,-5.490899999999897,0.7,0.84973455,-7.040634549999897,2024-10
2024-10-23 14:18:00,2024-10-23 14:19:00,2024-10-23 14:29:00,ODFL,SHORT,9,186.64,190.14,10,-31.5,0.7,0.8398799999999998,-33.039880000000004,2024-10
2024-10-23 14:19:00,2024-10-23 14:20:00,2024-10-23 14:30:00,ODFL,SHORT,9,188.205,190.38,10,-19.574999999999847,0.7,0.8469225,-21.121922499999847,2024-10
2024-10-23 14:20:00,2024-10-23 14:21:00,2024-10-23 14:31:00,ODFL,SHORT,9,187.56,190.48,10,-26.279999999999887,0.7,0.84402,-27.824019999999887,2024-10
2024-10-23 14:21:00,2024-10-23 14:22:00,2024-10-23 14:32:00,ODFL,SHORT,9,190.41,190.045,10,3.285000000000082,0.7,0.8568450000000001,1.7281550000000816,2024-10
2024-10-23 14:22:00,2024-10-23 14:23:00,2024-10-23 14:33:00,ODFL,SHORT,9,189.55,189.885,10,-3.014999999999816,0.7,0.852975,-4.567974999999816,2024-10
2024-10-23 14:23:00,2024-10-23 14:24:00,2024-10-23 14:34:00,ODFL,SHORT,9,187.43,190.24,10,-25.29000000000002,0.7,0.843435,-26.83343500000002,2024-10
2024-10-23 14:24:00,2024-10-23 14:25:00,2024-10-23 14:35:00,ODFL,SHORT,9,188.4,190.0,10,-14.399999999999949,0.7,0.8478000000000001,-15.947799999999948,2024-10
2024-10-23 14:26:00,2024-10-23 14:27:00,2024-10-23 14:37:00,ODFL,SHORT,9,189.37,190.42,10,-9.449999999999847,0.7,0.852165,-11.002164999999845,2024-10
2024-10-08 13:47:00,2024-10-08 13:48:00,2024-10-08 13:58:00,PANW,LONG,10,176.1225,177.17,10,10.474999999999852,0.7,0.8806125,8.894387499999853,2024-10
2024-10-23 14:04:00,2024-10-23 14:05:00,2024-10-23 14:15:00,QCOM,LONG,10,168.56,169.18,10,6.2000000000000455,0.7,0.8428,4.657200000000046,2024-10
2024-10-23 14:55:00,2024-10-23 14:56:00,2024-10-23 15:06:00,QCOM,LONG,10,168.99,168.692,10,-2.980000000000018,0.7,0.8449500000000001,-4.524950000000018,2024-10
2024-10-30 13:35:00,2024-10-30 13:36:00,2024-10-30 13:46:00,SMCI,LONG,56,32.75,34.3197,10,87.90319999999986,0.7,0.917,86.28619999999985,2024-10
2024-10-30 13:37:00,2024-10-30 13:38:00,2024-10-30 13:48:00,SMCI,SHORT,57,32.475,34.515,10,-116.27999999999994,0.7,0.9255375,-117.90553749999995,2024-10
2024-10-30 13:45:00,2024-10-30 13:46:00,2024-10-30 13:56:00,SMCI,SHORT,53,34.3197,37.2545,10,-155.54440000000014,0.7,0.90947205,-157.15387205000013,2024-10
2024-10-30 13:46:00,2024-10-30 13:47:00,2024-10-30 13:57:00,SMCI,LONG,52,34.0,37.42,10,177.8400000000001,0.7,0.884,176.2560000000001,2024-10
2024-10-30 13:49:00,2024-10-30 13:50:00,2024-10-30 14:04:00,SMCI,SHORT,52,34.91,37.235,10,-120.90000000000015,0.7,0.9076599999999999,-122.50766000000016,2024-10
2024-10-30 13:56:00,2024-10-30 13:57:00,2024-10-30 14:11:00,SMCI,LONG,48,37.42,36.09,10,-63.83999999999992,0.7,0.8980800000000001,-65.43807999999991,2024-10
2024-10-30 13:57:00,2024-10-30 14:02:00,2024-10-30 14:12:00,SMCI,LONG,48,36.9001,36.17,10,-35.04480000000001,0.7,0.8856024,-36.630402400000015,2024-10
2024-10-30 14:30:00,2024-10-30 14:31:00,2024-10-30 14:41:00,SMCI,SHORT,50,35.57,34.6701,10,44.99500000000012,0.7,0.88925,43.40575000000012,2024-10
2024-10-31 13:43:00,2024-10-31 13:44:00,2024-10-31 13:54:00,SMCI,SHORT,62,29.0001,28.67,10,20.46619999999988,0.7,0.8990031,18.86719689999988,2024-10
2024-10-30 13:31:00,2024-10-30 13:32:00,2024-10-30 13:42:00,SW,LONG,37,47.85,48.18,10,12.209999999999937,0.7,0.885225,10.624774999999937,2024-10
2024-10-29 13:34:00,2024-10-29 13:35:00,2024-10-29 13:45:00,SWK,LONG,19,90.565,91.3292,10,14.519800000000046,0.7,0.8603675,12.959432500000046,2024-10
2024-10-29 13:35:00,2024-10-29 13:36:00,2024-10-29 13:46:00,SWK,LONG,20,89.48,90.83,10,26.999999999999886,0.7,0.8948,25.405199999999887,2024-10
2024-10-29 13:37:00,2024-10-29 13:38:00,2024-10-29 13:48:00,SWK,LONG,20,89.9,91.0487,10,22.97399999999982,0.7,0.899,21.37499999999982,2024-10
2024-10-29 13:38:00,2024-10-29 13:39:00,2024-10-29 13:49:00,SWK,SHORT,20,89.635,91.03,10,-27.89999999999992,0.7,0.8963500000000001,-29.49634999999992,2024-10
2024-10-29 13:39:00,2024-10-29 13:40:00,2024-10-29 13:50:00,SWK,LONG,20,90.6,91.35,10,15.0,0.7,0.906,13.394,2024-10
2024-10-29 13:40:00,2024-10-29 13:41:00,2024-10-29 13:51:00,SWK,LONG,20,90.7421,91.11,10,7.358000000000118,0.7,0.9074209999999999,5.750579000000117,2024-10
2024-10-29 13:41:00,2024-10-29 13:42:00,2024-10-29 13:52:00,SWK,LONG,19,91.6999,90.9,10,-15.198099999999883,0.7,0.87114905,-16.769249049999882,2024-10
2024-10-29 13:42:00,2024-10-29 13:43:00,2024-10-29 13:53:00,SWK,LONG,19,91.55,91.235,10,-5.984999999999957,0.7,0.8697250000000001,-7.554724999999957,2024-10
2024-10-29 13:45:00,2024-10-29 13:46:00,2024-10-29 13:56:00,SWK,LONG,19,90.83,91.24,10,7.789999999999935,0.7,0.862885,6.227114999999935,2024-10
2024-10-24 13:36:00,2024-10-24 13:37:00,2024-10-24 13:47:00,TER,LONG,15,113.52,113.5,10,-0.2999999999999403,0.7,0.8514,-1.8513999999999404,2024-10
2024-10-24 13:42:00,2024-10-24 13:43:00,2024-10-24 13:53:00,TER,LONG,16,112.93,114.43,10,24.0,0.7,0.90344,22.39656,2024-10
2024-10-24 13:45:00,2024-10-24 13:46:00,2024-10-24 13:56:00,TER,LONG,16,112.29,115.065,10,44.399999999999864,0.7,0.8983200000000001,42.80167999999986,2024-10
2024-10-24 13:30:00,2024-10-24 13:31:00,2024-10-24 13:41:00,TSLA,SHORT,7,243.7181,249.8246,10,-42.74550000000008,0.7,0.85301335,-44.29851335000008,2024-10
2024-10-24 13:34:00,2024-10-24 13:35:00,2024-10-24 13:45:00,TSLA,SHORT,7,248.81,249.512,10,-4.913999999999987,0.7,0.870835,-6.484834999999988,2024-10
2024-10-15 13:30:00,2024-10-15 13:31:00,2024-10-15 13:41:00,UNH,SHORT,3,550.06,550.25,10,-0.5700000000001637,0.7,0.82509,-2.0950900000001638,2024-10
2024-10-03 13:43:00,2024-10-03 13:44:00,2024-10-03 13:54:00,VST,SHORT,13,130.83,131.275,10,-5.784999999999911,0.7,0.8503950000000001,-7.335394999999911,2024-10
2024-11-11 14:31:00,2024-11-11 14:32:00,2024-11-11 14:42:00,ABBV,LONG,11,176.17,175.37,10,-8.799999999999812,0.7,0.968935,-10.468934999999812,2024-11
2024-11-11 14:33:00,2024-11-11 14:34:00,2024-11-11 14:44:00,ABBV,SHORT,11,175.55,175.34,10,2.3100000000000875,0.7,0.9655250000000001,0.6444750000000875,2024-11
2024-11-11 14:34:00,2024-11-11 14:35:00,2024-11-11 14:45:00,ABBV,SHORT,11,177.27,174.99,10,25.080000000000013,0.7,0.974985,23.405015000000013,2024-11
2024-11-05 14:30:00,2024-11-05 14:31:00,2024-11-05 14:41:00,ADM,LONG,39,50.9377,49.76,10,-45.93030000000006,0.7,0.9932851500000001,-47.62358515000006,2024-11
2024-11-05 14:32:00,2024-11-05 14:33:00,2024-11-05 14:43:00,ADM,SHORT,39,50.1854,49.69,10,19.32060000000014,0.7,0.9786153000000001,17.64198470000014,2024-11
2024-11-05 14:37:00,2024-11-05 14:38:00,2024-11-05 14:48:00,ADM,LONG,40,49.7,49.3,10,-16.000000000000227,0.7,0.994,-17.694000000000226,2024-11
2024-11-27 14:33:00,2024-11-27 14:34:00,2024-11-27 14:44:00,ADSK,SHORT,6,298.32,297.0,10,7.919999999999959,0.7,0.8949600000000001,6.325039999999959,2024-11
2024-11-08 14:31:00,2024-11-08 14:32:00,2024-11-08 14:42:00,AKAM,LONG,20,97.59,94.68,10,-58.19999999999993,0.7,0.9759000000000001,-59.87589999999994,2024-11
2024-11-08 14:32:00,2024-11-08 14:33:00,2024-11-08 14:43:00,AKAM,LONG,20,96.47,94.54,10,-38.59999999999985,0.7,0.9647000000000001,-40.264699999999856,2024-11
2024-11-08 14:34:00,2024-11-08 14:35:00,2024-11-08 14:45:00,AKAM,LONG,20,96.245,93.495,10,-55.0,0.7,0.96245,-56.66245,2024-11
2024-11-15 14:30:00,2024-11-15 14:31:00,2024-11-15 14:41:00,AMAT,SHORT,11,168.4,171.4235,10,-33.25849999999983,0.7,0.9262,-34.88469999999983,2024-11
2024-11-06 14:30:00,2024-11-06 14:31:00,2024-11-06 14:41:00,AMT,LONG,9,196.425,201.045,10,41.579999999999785,0.7,0.8839125,39.99608749999978,2024-11
2024-11-06 14:32:00,2024-11-06 14:33:00,2024-11-06 14:43:00,AMT,LONG,9,199.01,201.535,10,22.72500000000005,0.7,0.8955449999999999,21.129455000000053,2024-11
2024-11-06 14:33:00,2024-11-06 14:34:00,2024-11-06 14:44:00,AMT,LONG,9,200.775,201.48,10,6.344999999999857,0.7,0.9034875000000001,4.741512499999857,2024-11
2024-11-06 14:34:00,2024-11-06 14:35:00,2024-11-06 14:45:00,AMT,LONG,9,200.46,201.33,10,7.830000000000041,0.7,0.90207,6.227930000000041,2024-11
2024-11-01 14:55:00,2024-11-01 14:56:00,2024-11-01 15:06:00,AMZN,SHORT,9,199.76,199.64,10,1.080000000000041,0.7,0.8989199999999999,-0.518919999999959,2024-11
2024-11-06 14:30:00,2024-11-06 14:31:00,2024-11-06 14:41:00,BAC,SHORT,43,45.12,45.28,10,-6.880000000000159,0.7,0.9700799999999999,-8.55008000000016,2024-11
2024-11-25 14:36:00,2024-11-25 14:37:00,2024-11-25 14:48:00,BLDR,SHORT,10,185.985,187.581,10,-15.959999999999752,0.7,0.9299250000000001,-17.589924999999752,2024-11
2024-11-25 14:49:00,2024-11-25 14:50:00,2024-11-25 15:00:00,BLDR,SHORT,10,187.56,188.64,10,-10.79999999999984,0.7,0.9378,-12.43779999999984,2024-11
2024-11-25 15:33:00,2024-11-25 15:34:00,2024-11-25 15:44:00,BLDR,SHORT,10,193.16,192.65,10,5.099999999999909,0.7,0.9658,3.434199999999909,2024-11
2024-11-25 15:34:00,2024-11-25 15:35:00,2024-11-25 15:45:00,BLDR,SHORT,10,192.7724,192.43,10,3.423999999999978,0.7,0.9638620000000001,1.7601379999999778,2024-11
2024-11-25 15:36:00,2024-11-25 15:37:00,2024-11-25 15:47:00,BLDR,SHORT,10,193.455,193.0,10,4.550000000000125,0.7,0.9672750000000001,2.882725000000125,2024-11
2024-11-01 13:37:00,2024-11-01 13:38:00,2024-11-01 13:48:00,CAH,LONG,17,115.4699,115.16,10,-5.268299999999982,0.7,0.9814941500000001,-6.949794149999983,2024-11
2024-11-04 14:30:00,2024-11-04 14:31:00,2024-11-04 14:41:00,CEG,LONG,8,229.725,230.654,10,7.432000000000016,0.7,0.9189,5.813100000000016,2024-11
2024-11-04 14:31:00,2024-11-04 14:32:00,2024-11-04 14:42:00,CEG,SHORT,8,230.695,230.05,10,5.1599999999998545,0.7,0.92278,3.5372199999998544,2024-11
2024-11-04 14:32:00,2024-11-04 14:33:00,2024-11-04 14:43:00,CEG,SHORT,8,229.61,229.76,10,-1.199999999999818,0.7,0.91844,-2.818439999999818,2024-11
2024-11-04 14:33:00,2024-11-04 14:34:00,2024-11-04 14:44:00,CEG,LONG,8,229.125,229.5,10,3.0,0.7,0.9165,1.3834999999999997,2024-11
2024-11-04 14:44:00,2024-11-04 14:45:00,2024-11-04 14:55:00,CEG,LONG,8,230.775,228.79,10,-15.88000000000011,0.7,0.9231,-17.50310000000011,2024-11
2024-11-04 14:46:00,2024-11-04 14:47:00,2024-11-04 14:57:00,CEG,LONG,8,230.955,227.81,10,-25.160000000000082,0.7,0.9238200000000001,-26.78382000000008,2024-11
2024-11-06 14:30:00,2024-11-06 14:31:00,2024-11-06 14:41:00,COF,SHORT,10,194.99,193.635,10,13.550000000000182,0.7,0.9749500000000001,11.875050000000183,2024-11
2024-11-06 14:31:00,2024-11-06 14:32:00,2024-11-06 14:42:00,COF,SHORT,10,192.69,193.545,10,-8.549999999999898,0.7,0.96345,-10.213449999999897,2024-11
2024-11-07 14:33:00,2024-11-07 14:34:00,2024-11-07 14:44:00,COIN,LONG,7,248.13,244.17,10,-27.720000000000056,0.7,0.868455,-29.288455000000056,2024-11
2024-11-11 14:45:00,2024-11-11 14:46:00,2024-11-11 14:56:00,COIN,LONG,6,304.82,308.87,10,24.300000000000068,0.7,0.91446,22.685540000000067,2024-11
2024-11-14 14:34:00,2024-11-14 14:35:00,2024-11-14 14:45:00,COIN,LONG,6,290.77,279.804,10,-65.79600000000005,0.7,0.8723099999999999,-67.36831000000005,2024-11
2024-11-20 15:00:00,2024-11-20 15:01:00,2024-11-20 15:11:00,COIN,SHORT,5,329.36,316.785,10,62.87499999999994,0.7,0.8234000000000001,61.35159999999994,2024-11
2024-11-21 14:37:00,2024-11-21 14:38:00,2024-11-21 14:48:00,COIN,LONG,6,311.15,314.14,10,17.940000000000055,0.7,0.93345,16.306550000000055,2024-11
2024-11-21 15:40:00,2024-11-21 15:41:00,2024-11-21 15:51:00,COIN,LONG,6,290.2702,293.4,10,18.778799999999933,0.7,0.8708106,17.207989399999935,2024-11
2024-11-21 15:42:00,2024-11-21 15:43:00,2024-11-21 15:53:00,COIN,SHORT,6,293.9,293.8215,10,0.47099999999977626,0.7,0.8816999999999999,-1.1107000000002236,2024-11
2024-11-22 14:30:00,2024-11-22 14:31:00,2024-11-22 14:41:00,CPRT,SHORT,32,60.27,61.1,10,-26.559999999999945,0.7,0.9643200000000001,-28.224319999999945,2024-11
2024-11-06 14:30:00,2024-11-06 14:31:00,2024-11-06 14:41:00,CVS,SHORT,31,62.87,62.1224,10,23.175599999999953,0.7,0.974485,21.501114999999952,2024-11
2024-11-06 14:33:00,2024-11-06 14:34:00,2024-11-06 14:44:00,DHI,LONG,12,162.11,161.34,10,-9.240000000000123,0.7,0.9726600000000001,-10.912660000000121,2024-11
2024-11-14 14:32:00,2024-11-14 14:33:00,2024-11-14 14:43:00,DIS,SHORT,17,112.7,112.9501,10,-4.251700000000056,0.7,0.9579500000000001,-5.909650000000057,2024-11
2024-11-14 14:34:00,2024-11-14 14:35:00,2024-11-14 14:45:00,DIS,LONG,17,113.2102,113.0,10,-3.5734000000000066,0.7,0.9622867,-5.235686700000007,2024-11
2024-11-05 14:32:00,2024-11-05 14:33:00,2024-11-05 14:43:00,ENPH,LONG,22,85.31,85.81,10,11.0,0.7,0.9384100000000001,9.361590000000001,2024-11
2024-11-06 14:31:00,2024-11-06 14:32:00,2024-11-06 14:42:00,ENPH,SHORT,26,75.19,73.845,10,34.96999999999997,0.7,0.9774700000000001,33.29252999999997,2024-11
2024-11-06 14:32:00,2024-11-06 14:33:00,2024-11-06 14:43:00,ENPH,SHORT,25,75.9972,73.2,10,69.93000000000009,0.7,0.9499650000000001,68.28003500000008,2024-11
2024-11-06 14:48:00,2024-11-06 14:49:00,2024-11-06 14:59:00,ENPH,LONG,27,72.33,73.65,10,35.6400000000002,0.7,0.976455,33.963545000000195,2024-11
2024-11-06 14:49:00,2024-11-06 14:50:00,2024-11-06 15:00:00,ENPH,SHORT,27,72.0001,74.4209,10,-65.3616,0.7,0.97200135,-67.03360135,2024-11
2024-11-06 15:10:00,2024-11-06 15:11:00,2024-11-06 15:21:00,ENPH,SHORT,25,77.135,75.2,10,48.37500000000006,0.7,0.9641875000000001,46.71081250000005,2024-11
2024-11-04 14:32:00,2024-11-04 14:33:00,2024-11-04 14:43:00,FSLR,SHORT,9,214.42,217.71,10,-29.610000000000184,0.7,0.96489,-31.274890000000184,2024-11
2024-11-06 14:30:00,2024-11-06 14:31:00,2024-11-06 14:41:00,FSLR,LONG,10,184.06,181.5425,10,-25.175000000000125,0.7,0.9203,-26.795300000000125,2024-11
2024-11-06 14:31:00,2024-11-06 14:32:00,2024-11-06 14:42:00,FSLR,SHORT,10,181.2791,180.75,10,5.290999999999997,0.7,0.9063955,3.6846044999999967,2024-11
2024-11-06 14:32:00,2024-11-06 14:33:00,2024-11-06 14:43:00,FSLR,SHORT,10,180.64,177.305,10,33.349999999999795,0.7,0.9032,31.746799999999794,2024-11
2024-11-06 14:33:00,2024-11-06 14:34:00,2024-11-06 14:44:00,FSLR,SHORT,10,182.5,178.22,10,42.80000000000001,0.7,0.9125,41.18750000000001,2024-11
2024-11-06 14:34:00,2024-11-06 14:35:00,2024-11-06 14:45:00,FSLR,LONG,10,183.915,178.21,10,-57.04999999999984,0.7,0.9195749999999999,-58.669574999999845,2024-11
2024-11-06 14:44:00,2024-11-06 14:45:00,2024-11-06 14:55:00,FSLR,LONG,11,178.21,176.8237,10,-15.249300000000062,0.7,0.9801550000000001,-16.92945500000006,2024-11
2024-11-06 14:46:00,2024-11-06 14:47:00,2024-11-06 14:57:00,FSLR,SHORT,11,175.6999,178.5,10,-30.80109999999985,0.7,0.96634945,-32.46744944999985,2024-11
2024-11-06 14:48:00,2024-11-06 14:49:00,2024-11-06 14:59:00,FSLR,SHORT,11,175.71,181.38,10,-62.36999999999986,0.7,0.9664050000000001,-64.03640499999986,2024-11
2024-11-06 14:56:00,2024-11-06 14:57:00,2024-11-06 15:07:00,FSLR,SHORT,10,178.5,188.36,10,-98.60000000000014,0.7,0.8925000000000001,-100.19250000000014,2024-11
2024-11-06 15:01:00,2024-11-06 15:02:00,2024-11-06 15:12:00,FSLR,SHORT,10,185.79,188.485,10,-26.950000000000216,0.7,0.9289499999999999,-28.578950000000216,2024-11
2024-11-06 15:04:00,2024-11-06 15:05:00,2024-11-06 15:15:00,FSLR,SHORT,10,187.12,188.8803,10,-17.60300000000001,0.7,0.9356,-19.23860000000001,2024-11
2024-11-06 15:07:00,2024-11-06 15:08:00,2024-11-06 15:18:00,FSLR,SHORT,10,189.46,188.75,10,7.10000000000008,0.7,0.9473000000000001,5.452700000000079,2024-11
2024-11-07 14:32:00,2024-11-07 14:33:00,2024-11-07 14:43:00,GILD,SHORT,19,96.56,96.9861,10,-8.09589999999983,0.7,0.91732,-9.71321999999983,2024-11
2024-11-06 14:30:00,2024-11-06 14:31:00,2024-11-06 14:41:00,GS,SHORT,3,576.005,587.32,10,-33.945000000000164,0.7,0.8640074999999999,-35.509007500000166,2024-11
2024-11-05 14:31:00,2024-11-05 14:32:00,2024-11-05 14:42:00,HOLX,LONG,23,79.655,79.65,10,-0.11499999999989541,0.7,0.9160325,-1.7310324999998954,2024-11
2024-11-06 14:33:00,2024-11-06 14:35:00,2024-11-06 14:45:00,HUM,SHORT,6,285.5,282.17,10,19.979999999999905,0.7,0.8565,18.423499999999905,2024-11
2024-11-06 14:35:00,2024-11-06 14:36:00,2024-11-06 14:46:00,HUM,SHORT,6,285.5,282.5951,10,17.429399999999987,0.7,0.8565,15.872899999999987,2024-11
2024-11-06 14:36:00,2024-11-06 14:37:00,2024-11-06 14:47:00,HUM,SHORT,6,281.1301,284.62,10,-20.939399999999864,0.7,0.8433903,-22.482790299999863,2024-11
2024-11-11 14:34:00,2024-11-11 14:35:00,2024-11-11 14:45:00,HUM,SHORT,6,277.15,279.49,10,-14.040000000000191,0.7,0.8314499999999999,-15.57145000000019,2024-11
2024-11-11 14:35:00,2024-11-11 14:36:00,2024-11-11 14:46:00,HUM,SHORT,6,279.45,279.9899,10,-3.2393999999999323,0.7,0.8383499999999999,-4.777749999999933,2024-11
2024-11-11 14:36:00,2024-11-11 14:37:00,2024-11-11 14:47:00,HUM,SHORT,6,278.655,278.58,10,0.4499999999999318,0.7,0.835965,-1.0859650000000682,2024-11
2024-11-11 14:37:00,2024-11-11 14:38:00,2024-11-11 14:48:00,HUM,SHORT,6,278.5475,278.155,10,2.3550000000002456,0.7,0.8356425000000001,0.8193575000002455,2024-11
2024-11-11 14:38:00,2024-11-11 14:39:00,2024-11-11 14:49:00,HUM,SHORT,6,279.27,280.12,10,-5.100000000000136,0.7,0.8378099999999999,-6.637810000000137,2024-11
2024-11-11 14:39:00,2024-11-11 14:40:00,2024-11-11 14:50:00,HUM,SHORT,6,279.085,279.09,10,-0.029999999999972715,0.7,0.8372549999999999,-1.5672549999999725,2024-11
2024-11-11 14:51:00,2024-11-11 14:52:00,2024-11-11 15:02:00,HUM,SHORT,6,278.77,276.4,10,14.220000000000027,0.7,0.83631,12.683690000000029,2024-11
2024-11-19 14:30:00,2024-11-19 14:31:00,2024-11-19 14:41:00,INCY,SHORT,28,66.105,66.81,10,-19.739999999999952,0.7,0.92547,-21.365469999999952,2024-11
2024-11-19 14:32:00,2024-11-19 14:33:00,2024-11-19 14:43:00,INCY,SHORT,28,66.11,66.8,10,-19.319999999999936,0.7,0.92554,-20.945539999999937,2024-11
2024-11-19 14:33:00,2024-11-19 14:34:00,2024-11-19 14:44:00,INCY,SHORT,28,66.0,66.99,10,-27.719999999999857,0.7,0.924,-29.343999999999856,2024-11
2024-11-19 14:34:00,2024-11-19 14:35:00,2024-11-19 14:45:00,INCY,SHORT,28,66.15,66.78,10,-17.639999999999873,0.7,0.9261000000000001,-19.266099999999874,2024-11
2024-11-01 13:30:00,2024-11-01 13:31:00,2024-11-01 13:41:00,INTC,SHORT,83,22.6601,22.528,10,10.964300000000101,0.7,0.94039415,9.323905850000102,2024-11
2024-11-01 13:31:00,2024-11-01 13:32:00,2024-11-01 13:42:00,INTC,SHORT,84,22.435,22.73,10,-24.780000000000143,0.7,0.94227,-26.422270000000143,2024-11
2024-11-01 13:32:00,2024-11-01 13:33:00,2024-11-01 13:43:00,INTC,SHORT,84,22.22,22.72,10,-42.0,0.7,0.9332400000000001,-43.63324,2024-11
2024-11-01 13:35:00,2024-11-01 13:36:00,2024-11-01 13:46:00,INTC,SHORT,84,22.1399,22.6307,10,-41.22720000000001,0.7,0.9298758,-42.85707580000001,2024-11
2024-11-01 13:42:00,2024-11-01 13:43:00,2024-11-01 13:53:00,INTC,SHORT,82,22.72,22.7011,10,1.549799999999884,0.7,0.93152,-0.08172000000011603,2024-11
2024-11-19 14:32:00,2024-11-19 14:33:00,2024-11-19 14:43:00,INTU,SHORT,2,639.07,642.66,10,-7.179999999999836,0.7,0.63907,-8.519069999999836,2024-11
2024-11-01 15:38:00,2024-11-01 15:39:00,2024-11-01 15:49:00,IR,SHORT,19,96.51,96.48,10,0.5700000000000216,0.7,0.916845,-1.0468449999999785,2024-11
2024-11-06 14:30:00,2024-11-06 14:31:00,2024-11-06 14:41:00,JPM,SHORT,7,237.383,241.32,10,-27.558999999999884,0.7,0.8308405,-29.089840499999884,2024-11
2024-11-07 14:37:00,2024-11-07 14:38:00,2024-11-07 14:48:00,MRNA,LONG,35,52.37,53.58,10,42.35000000000003,0.7,0.9164749999999999,40.73352500000003,2024-11
2024-11-07 14:38:00,2024-11-07 14:39:00,2024-11-07 14:49:00,MRNA,LONG,35,53.1699,53.62,10,15.753499999999967,0.7,0.93047325,14.123026749999967,2024-11
2024-11-25 14:34:00,2024-11-25 14:35:00,2024-11-25 14:45:00,MRNA,SHORT,42,44.57,44.87,10,-12.59999999999988,0.7,0.9359700000000001,-14.23596999999988,2024-11
2024-11-26 14:31:00,2024-11-26 14:32:00,2024-11-26 14:42:00,MS,SHORT,14,131.115,129.75,10,19.110000000000127,0.7,0.9178050000000001,17.492195000000127,2024-11
2024-11-07 14:32:00,2024-11-07 14:33:00,2024-11-07 14:43:00,MTCH,LONG,59,31.7,31.22,10,-28.320000000000025,0.7,0.93515,-29.955150000000025,2024-11
2024-11-06 14:30:00,2024-11-06 14:31:00,2024-11-06 14:41:00,NEE,LONG,25,73.0,74.535,10,38.374999999999915,0.7,0.9125,36.76249999999991,2024-11
2024-11-06 14:32:00,2024-11-06 14:33:00,2024-11-06 14:43:00,NEE,LONG,25,73.5,74.37,10,21.750000000000114,0.7,0.9187500000000001,20.131250000000115,2024-11
2024-11-06 14:33:00,2024-11-06 14:34:00,2024-11-06 14:44:00,NEE,LONG,25,74.07,74.32,10,6.25,0.7,0.9258749999999999,4.624125,2024-11
2024-11-06 14:30:00,2024-11-06 14:31:00,2024-11-06 14:41:00,NUE,SHORT,11,164.01,164.96,10,-10.450000000000188,0.7,0.9020549999999999,-12.052055000000188,2024-11
2024-11-06 14:31:00,2024-11-06 14:32:00,2024-11-06 14:42:00,NUE,LONG,11,163.445,165.8536,10,26.494600000000077,0.7,0.8989475,24.89565250000008,2024-11
2024-11-06 14:33:00,2024-11-06 14:34:00,2024-11-06 14:44:00,NUE,SHORT,11,164.58,165.275,10,-7.644999999999925,0.7,0.90519,-9.250189999999924,2024-11
2024-11-06 14:34:00,2024-11-06 14:35:00,2024-11-06 14:45:00,NUE,SHORT,11,165.0,165.44,10,-4.839999999999975,0.7,0.9075,-6.447499999999975,2024-11
2024-11-21 14:37:00,2024-11-21 14:38:00,2024-11-21 14:48:00,NVDA,SHORT,12,145.64,148.2,10,-30.720000000000027,0.7,0.87384,-32.293840000000024,2024-11
2024-11-05 14:31:00,2024-11-05 14:32:00,2024-11-05 14:42:00,NXPI,LONG,8,217.6675,222.75,10,40.66000000000008,0.7,0.8706699999999999,39.08933000000008,2024-11
2024-11-05 14:30:00,2024-11-05 14:31:00,2024-11-05 14:41:00,PLTR,SHORT,39,47.152,49.05,10,-74.02199999999985,0.7,0.9194640000000001,-75.64146399999986,2024-11
2024-11-05 14:31:00,2024-11-05 14:32:00,2024-11-05 14:42:00,PLTR,SHORT,39,47.22,49.1974,10,-77.11860000000011,0.7,0.92079,-78.73939000000011,2024-11
2024-11-05 14:33:00,2024-11-05 14:34:00,2024-11-05 14:44:00,PLTR,SHORT,38,48.215,49.26,10,-39.709999999999795,0.7,0.916085,-41.3260849999998,2024-11
2024-11-05 14:34:00,2024-11-05 14:35:00,2024-11-05 14:45:00,PLTR,SHORT,38,48.3202,49.727,10,-53.458399999999884,0.7,0.9180838,-55.076483799999885,2024-11
2024-11-05 14:36:00,2024-11-05 14:37:00,2024-11-05 14:47:00,PLTR,SHORT,37,48.41,49.66,10,-46.25,0.7,0.895585,-47.845585,2024-11
2024-11-06 14:30:00,2024-11-06 14:31:00,2024-11-06 14:41:00,PLTR,SHORT,34,52.97,54.01,10,-35.35999999999997,0.7,0.90049,-36.96048999999997,2024-11
2024-11-01 13:33:00,2024-11-01 13:34:00,2024-11-01 13:44:00,SMCI,SHORT,63,28.55,28.255,10,18.585000000000107,0.7,0.899325,16.985675000000107,2024-11
2024-11-01 13:35:00,2024-11-01 13:36:00,2024-11-01 13:46:00,SMCI,SHORT,63,28.5497,27.7,10,53.53110000000014,0.7,0.8993155500000001,51.93178445000014,2024-11
2024-11-01 13:37:00,2024-11-01 13:38:00,2024-11-01 13:48:00,SMCI,SHORT,65,27.97,27.55,10,27.29999999999988,0.7,0.909025,25.69097499999988,2024-11
2024-11-01 13:38:00,2024-11-01 13:39:00,2024-11-01 13:49:00,SMCI,SHORT,65,27.9067,27.494,10,26.825500000000062,0.7,0.9069677500000001,25.218532250000063,2024-11
2024-11-01 13:54:00,2024-11-01 13:55:00,2024-11-01 14:05:00,SMCI,LONG,68,27.02,27.437725,10,28.405300000000054,0.7,0.9186799999999999,26.786620000000056,2024-11
2024-11-01 14:02:00,2024-11-01 14:03:00,2024-11-01 14:13:00,SMCI,SHORT,66,27.64,28.2996,10,-43.53360000000007,0.7,0.91212,-45.145720000000075,2024-11
2024-11-01 14:06:00,2024-11-01 14:07:00,2024-11-01 14:17:00,SMCI,SHORT,66,27.8,28.53,10,-48.18000000000003,0.7,0.9174,-49.79740000000003,2024-11
2024-11-01 14:13:00,2024-11-01 14:14:00,2024-11-01 14:24:00,SMCI,SHORT,64,28.36,28.325,10,2.240000000000009,0.7,0.90752,0.6324800000000091,2024-11
2024-11-04 14:31:00,2024-11-04 14:32:00,2024-11-04 14:42:00,SMCI,LONG,75,24.23,25.575,10,100.87499999999991,0.7,0.908625,99.26637499999991,2024-11
2024-11-04 14:32:00,2024-11-04 14:33:00,2024-11-04 14:43:00,SMCI,LONG,75,24.41,25.7029,10,96.96749999999996,0.7,0.915375,95.35212499999996,2024-11
2024-11-04 14:34:00,2024-11-04 14:35:00,2024-11-04 14:45:00,SMCI,LONG,75,24.75,25.99,10,92.99999999999989,0.7,0.928125,91.37187499999989,2024-11
2024-11-04 14:55:00,2024-11-04 14:56:00,2024-11-04 15:06:00,SMCI,SHORT,70,26.513973,27.1107,10,-41.770890000000094,0.7,0.9279890550000001,-43.398879055000094,2024-11
2024-11-04 15:06:00,2024-11-04 15:07:00,2024-11-04 15:17:00,SMCI,SHORT,69,27.135,27.31,10,-12.074999999999804,0.7,0.9361575000000001,-13.711157499999803,2024-11
2024-11-06 14:31:00,2024-11-06 14:32:00,2024-11-06 14:42:00,SMCI,LONG,86,21.595,21.1301,10,-39.98140000000001,0.7,0.928585,-41.60998500000001,2024-11
2024-11-06 14:33:00,2024-11-06 14:34:00,2024-11-06 14:44:00,SMCI,LONG,86,21.6321,20.9399,10,-59.529199999999975,0.7,0.9301803000000001,-61.15938029999998,2024-11
2024-11-06 14:34:00,2024-11-06 14:35:00,2024-11-06 14:45:00,SMCI,LONG,87,21.0415,20.705,10,-29.27550000000008,0.7,0.9153052500000001,-30.890805250000078,2024-11
2024-11-06 14:37:00,2024-11-06 14:38:00,2024-11-06 14:48:00,SMCI,LONG,85,21.4793,20.7193,10,-64.59999999999982,0.7,0.91287025,-66.21287024999982,2024-11
2024-11-06 14:47:00,2024-11-06 14:48:00,2024-11-06 14:58:00,SMCI,LONG,88,20.7193,20.815,10,8.421600000000069,0.7,0.9116492,6.809950800000069,2024-11
2024-11-06 15:07:00,2024-11-06 15:08:00,2024-11-06 15:18:00,SMCI,LONG,87,20.89,21.114479,10,19.529672999999892,0.7,0.908715,17.920957999999892,2024-11
2024-11-06 15:36:00,2024-11-06 15:37:00,2024-11-06 15:47:00,SMCI,LONG,88,20.755,20.62,10,-11.879999999999825,0.7,0.9132199999999999,-13.493219999999823,2024-11
2024-11-11 14:35:00,2024-11-11 14:36:00,2024-11-11 14:46:00,SMCI,LONG,83,21.95,21.666,10,-23.57199999999991,0.7,0.910925,-25.18292499999991,2024-11
2024-11-14 15:12:00,2024-11-14 15:13:00,2024-11-14 15:23:00,SMCI,SHORT,95,19.065,18.78,10,27.075000000000014,0.7,0.9055875000000001,25.469412500000015,2024-11
2024-11-14 15:16:00,2024-11-14 15:17:00,2024-11-14 15:27:00,SMCI,SHORT,96,19.03,19.02,10,0.9600000000001501,0.7,0.91344,-0.6534399999998499,2024-11
2024-11-18 14:32:00,2024-11-18 14:33:00,2024-11-18 14:43:00,SMCI,SHORT,85,21.38,22.05,10,-56.950000000000145,0.7,0.90865,-58.55865000000015,2024-11
2024-11-18 14:33:00,2024-11-18 14:34:00,2024-11-18 14:44:00,SMCI,SHORT,85,21.4,22.13,10,-62.05000000000004,0.7,0.9094999999999999,-63.659500000000044,2024-11
2024-11-18 14:34:00,2024-11-18 14:35:00,2024-11-18 14:45:00,SMCI,SHORT,83,21.59,22.4094,10,-68.01020000000014,0.7,0.895985,-69.60618500000014,2024-11
2024-11-18 14:35:00,2024-11-18 14:36:00,2024-11-18 14:46:00,SMCI,SHORT,82,21.8599,22.31,10,-36.90819999999992,0.7,0.8962559,-38.504455899999925,2024-11
2024-11-18 14:36:00,2024-11-18 14:37:00,2024-11-18 14:47:00,SMCI,SHORT,81,21.81,22.12,10,-25.110000000000184,0.7,0.883305,-26.693305000000183,2024-11
2024-11-18 14:37:00,2024-11-18 14:38:00,2024-11-18 14:48:00,SMCI,SHORT,79,22.32,21.9436,10,29.735600000000023,0.7,0.88164,28.153960000000023,2024-11
2024-11-18 14:38:00,2024-11-18 14:39:00,2024-11-18 14:49:00,SMCI,LONG,80,22.27,21.94,10,-26.399999999999864,0.7,0.8907999999999999,-27.99079999999986,2024-11
2024-11-18 14:39:00,2024-11-18 14:40:00,2024-11-18 14:50:00,SMCI,SHORT,81,21.885,22.1799,10,-23.88689999999987,0.7,0.8863425000000001,-25.47324249999987,2024-11
2024-11-18 14:40:00,2024-11-18 14:41:00,2024-11-18 14:51:00,SMCI,SHORT,80,21.97,21.89,10,6.399999999999864,0.7,0.8788,4.821199999999863,2024-11
2024-11-18 14:41:00,2024-11-18 14:42:00,2024-11-18 14:52:00,SMCI,SHORT,80,22.03,22.0201,10,0.7920000000001437,0.7,0.8812000000000001,-0.7891999999998563,2024-11
2024-11-18 14:42:00,2024-11-18 14:43:00,2024-11-18 14:53:00,SMCI,LONG,80,22.05,21.705,10,-27.600000000000193,0.7,0.882,-29.182000000000194,2024-11
2024-11-18 14:43:00,2024-11-18 14:44:00,2024-11-18 14:54:00,SMCI,LONG,80,22.13,21.755,10,-30.0,0.7,0.8852,-31.5852,2024-11
2024-11-18 14:44:00,2024-11-18 14:45:00,2024-11-18 14:55:00,SMCI,LONG,78,22.4094,21.7,10,-55.333200000000176,0.7,0.8739666000000001,-56.90716660000018,2024-11
2024-11-18 14:45:00,2024-11-18 14:46:00,2024-11-18 14:56:00,SMCI,LONG,78,22.31,21.3,10,-78.77999999999984,0.7,0.8700899999999999,-80.35008999999985,2024-11
2024-11-18 14:46:00,2024-11-18 14:47:00,2024-11-18 14:57:00,SMCI,LONG,78,22.12,21.3797,10,-57.7434000000001,0.7,0.8626800000000001,-59.3060800000001,2024-11
2024-11-18 14:47:00,2024-11-18 14:48:00,2024-11-18 14:58:00,SMCI,SHORT,78,21.9436,21.33,10,47.86080000000013,0.7,0.8558004,46.30499960000013,2024-11
2024-11-18 14:48:00,2024-11-18 14:49:00,2024-11-18 14:59:00,SMCI,LONG,79,21.94,20.94,10,-79.0,0.7,0.86663,-80.56663,2024-11
2024-11-18 14:49:00,2024-11-18 14:50:00,2024-11-18 15:00:00,SMCI,LONG,77,22.1799,20.79,10,-107.02230000000006,0.7,0.85392615,-108.57622615000007,2024-11
2024-11-18 14:50:00,2024-11-18 14:51:00,2024-11-18 15:01:00,SMCI,LONG,77,21.89,20.83,10,-81.62000000000018,0.7,0.842765,-83.16276500000018,2024-11
2024-11-18 14:51:00,2024-11-18 14:52:00,2024-11-18 15:02:00,SMCI,SHORT,76,22.0201,20.9399,10,82.09519999999983,0.7,0.8367638,80.55843619999983,2024-11
2024-11-18 14:52:00,2024-11-18 14:53:00,2024-11-18 15:03:00,SMCI,SHORT,78,21.705,20.815,10,69.41999999999976,0.7,0.8464949999999999,67.87350499999975,2024-11
2024-11-18 14:54:00,2024-11-18 14:55:00,2024-11-18 15:05:00,SMCI,LONG,78,21.7,20.8346,10,-67.50120000000008,0.7,0.8462999999999999,-69.04750000000008,2024-11
2024-11-18 14:55:00,2024-11-18 14:56:00,2024-11-18 15:06:00,SMCI,LONG,79,21.3,20.75,10,-43.45000000000006,0.7,0.84135,-44.99135000000006,2024-11
2024-11-18 14:59:00,2024-11-18 15:00:00,2024-11-18 15:10:00,SMCI,LONG,81,20.79,20.3997,10,-31.61429999999999,0.7,0.841995,-33.156294999999986,2024-11
2024-11-18 15:05:00,2024-11-18 15:06:00,2024-11-18 15:16:00,SMCI,LONG,81,20.75,20.54,10,-17.01000000000007,0.7,0.840375,-18.55037500000007,2024-11
2024-11-18 15:06:00,2024-11-18 15:07:00,2024-11-18 15:17:00,SMCI,LONG,81,20.6813,20.525,10,-12.660300000000134,0.7,0.83759265,-14.197892650000133,2024-11
2024-11-18 15:10:00,2024-11-18 15:11:00,2024-11-18 15:21:00,SMCI,LONG,82,20.315,20.358759,10,3.5882379999998264,0.7,0.8329150000000001,2.0553229999998264,2024-11
2024-11-18 15:13:00,2024-11-18 15:14:00,2024-11-18 15:24:00,SMCI,LONG,82,20.28,20.305,10,2.0499999999998835,0.7,0.83148,0.5185199999998835,2024-11
2024-11-19 14:30:00,2024-11-19 14:31:00,2024-11-19 14:41:00,SMCI,SHORT,63,26.51,26.226,10,17.892000000000156,0.7,0.8350650000000001,16.356935000000156,2024-11
2024-11-19 14:31:00,2024-11-19 14:32:00,2024-11-19 14:42:00,SMCI,SHORT,64,26.07,26.39,10,-20.480000000000018,0.7,0.83424,-22.01424000000002,2024-11
2024-11-19 14:32:00,2024-11-19 14:33:00,2024-11-19 14:43:00,SMCI,SHORT,63,26.43,26.01,10,26.459999999999884,0.7,0.832545,24.927454999999885,2024-11
2024-11-19 14:33:00,2024-11-19 14:34:00,2024-11-19 14:44:00,SMCI,SHORT,63,26.39,26.19,10,12.599999999999955,0.7,0.8312849999999999,11.068714999999957,2024-11
2024-11-19 14:35:00,2024-11-19 14:36:00,2024-11-19 14:46:00,SMCI,SHORT,65,25.83,26.3,10,-30.550000000000157,0.7,0.839475,-32.08947500000016,2024-11
2024-11-19 14:36:00,2024-11-19 14:37:00,2024-11-19 14:47:00,SMCI,SHORT,64,25.84,26.39,10,-35.200000000000045,0.7,0.8268800000000001,-36.72688000000005,2024-11
2024-11-19 14:46:00,2024-11-19 14:47:00,2024-11-19 14:57:00,SMCI,SHORT,63,26.39,27.9703,10,-99.55890000000008,0.7,0.8312849999999999,-101.09018500000008,2024-11
2024-11-19 14:47:00,2024-11-19 14:48:00,2024-11-19 14:58:00,SMCI,SHORT,61,26.89,27.99,10,-67.09999999999987,0.7,0.820145,-68.62014499999987,2024-11
2024-11-19 14:48:00,2024-11-19 14:49:00,2024-11-19 14:59:00,SMCI,SHORT,59,27.4101,27.82,10,-24.184100000000022,0.7,0.80859795,-25.69269795000002,2024-11
2024-11-19 14:49:00,2024-11-19 14:50:00,2024-11-19 15:00:00,SMCI,SHORT,58,27.68,27.44,10,13.91999999999991,0.7,0.80272,12.41727999999991,2024-11
2024-11-19 14:50:00,2024-11-19 14:51:00,2024-11-19 15:01:00,SMCI,SHORT,59,27.56,27.1203,10,25.942299999999907,0.7,0.81302,24.429279999999906,2024-11
2024-11-19 14:51:00,2024-11-19 14:52:00,2024-11-19 15:02:00,SMCI,SHORT,58,28.0742,27.095,10,56.79360000000013,0.7,0.8141518,55.27944820000013,2024-11
2024-11-19 14:52:00,2024-11-19 14:53:00,2024-11-19 15:03:00,SMCI,SHORT,57,28.43,27.29,10,64.98000000000003,0.7,0.8102550000000001,63.46974500000003,2024-11
2024-11-19 14:53:00,2024-11-19 14:54:00,2024-11-19 15:04:00,SMCI,SHORT,58,28.1299,27.49,10,37.11420000000005,0.7,0.8157671000000001,35.59843290000004,2024-11
2024-11-19 14:54:00,2024-11-19 14:55:00,2024-11-19 15:05:00,SMCI,SHORT,59,27.9,27.375,10,30.974999999999916,0.7,0.82305,29.45194999999992,2024-11
2024-11-19 14:55:00,2024-11-19 14:56:00,2024-11-19 15:06:00,SMCI,SHORT,60,27.48,27.8,10,-19.200000000000017,0.7,0.8244,-20.724400000000017,2024-11
2024-11-19 14:56:00,2024-11-19 14:57:00,2024-11-19 15:07:00,SMCI,SHORT,59,27.9703,27.66,10,18.307700000000093,0.7,0.8251238500000001,16.782576150000093,2024-11
2024-11-19 14:58:00,2024-11-19 14:59:00,2024-11-19 15:09:00,SMCI,SHORT,60,27.82,27.285,10,32.10000000000001,0.7,0.8346,30.56540000000001,2024-11
2024-11-19 14:59:00,2024-11-19 15:00:00,2024-11-19 15:10:00,SMCI,SHORT,61,27.44,27.0254,10,25.290600000000005,0.7,0.8369200000000001,23.753680000000006,2024-11
2024-11-19 15:00:00,2024-11-19 15:01:00,2024-11-19 15:11:00,SMCI,SHORT,62,27.1203,27.09,10,1.8786000000000271,0.7,0.8407293,0.33787070000002717,2024-11
2024-11-19 15:01:00,2024-11-19 15:02:00,2024-11-19 15:12:00,SMCI,SHORT,62,27.095,27.3123,10,-13.4726000000001,0.7,0.8399449999999999,-15.012545000000099,2024-11
2024-11-19 15:02:00,2024-11-19 15:03:00,2024-11-19 15:13:00,SMCI,LONG,61,27.29,27.03,10,-15.859999999999879,0.7,0.832345,-17.392344999999878,2024-11
2024-11-19 15:05:00,2024-11-19 15:06:00,2024-11-19 15:16:00,SMCI,SHORT,60,27.8,27.5172,10,16.968000000000103,0.7,0.834,15.434000000000104,2024-11
2024-11-19 15:07:00,2024-11-19 15:08:00,2024-11-19 15:18:00,SMCI,SHORT,61,27.45,27.105,10,21.04499999999993,0.7,0.837225,19.50777499999993,2024-11
2024-11-19 15:08:00,2024-11-19 15:09:00,2024-11-19 15:19:00,SMCI,SHORT,61,27.285,27.098,10,11.407000000000071,0.7,0.8321925,9.874807500000072,2024-11
2024-11-19 15:09:00,2024-11-19 15:10:00,2024-11-19 15:20:00,SMCI,SHORT,62,27.0254,26.6,10,26.374799999999986,0.7,0.8377874000000001,24.837012599999987,2024-11
2024-11-19 15:10:00,2024-11-19 15:11:00,2024-11-19 15:21:00,SMCI,SHORT,62,27.09,26.69,10,24.799999999999912,0.7,0.83979,23.260209999999912,2024-11
2024-11-19 15:11:00,2024-11-19 15:12:00,2024-11-19 15:22:00,SMCI,LONG,62,27.3123,26.825,10,-30.212600000000073,0.7,0.8466813,-31.759281300000072,2024-11
2024-11-19 15:13:00,2024-11-19 15:14:00,2024-11-19 15:24:00,SMCI,SHORT,62,27.17,27.13,10,2.4800000000001674,0.7,0.8422700000000001,0.9377300000001674,2024-11
2024-11-19 15:18:00,2024-11-19 15:19:00,2024-11-19 15:29:00,SMCI,SHORT,62,27.098,27.55,10,-28.024000000000107,0.7,0.8400380000000001,-29.564038000000107,2024-11
2024-11-19 15:20:00,2024-11-19 15:21:00,2024-11-19 15:31:00,SMCI,SHORT,63,26.69,27.42,10,-45.99000000000002,0.7,0.840735,-47.53073500000003,2024-11
2024-11-19 15:30:00,2024-11-19 15:31:00,2024-11-19 15:41:00,SMCI,SHORT,61,27.42,28.03,10,-37.209999999999965,0.7,0.8363100000000001,-38.746309999999966,2024-11
2024-11-21 14:31:00,2024-11-21 14:32:00,2024-11-21 14:42:00,SMCI,SHORT,59,27.9411,27.3638,10,34.060699999999855,0.7,0.82426245,32.53643754999985,2024-11
2024-11-22 14:30:00,2024-11-22 14:31:00,2024-11-22 14:41:00,SMCI,SHORT,54,30.7211,32.31,10,-85.80060000000013,0.7,0.8294697,-87.33006970000014,2024-11
2024-11-22 14:31:00,2024-11-22 14:32:00,2024-11-22 14:42:00,SMCI,SHORT,52,31.24,32.507,10,-65.88399999999997,0.7,0.8122400000000001,-67.39623999999998,2024-11
2024-11-22 14:32:00,2024-11-22 14:33:00,2024-11-22 14:43:00,SMCI,SHORT,52,31.2999,32.426,10,-58.55720000000005,0.7,0.8137974,-60.07099740000005,2024-11
2024-11-22 14:33:00,2024-11-22 14:34:00,2024-11-22 14:44:00,SMCI,SHORT,51,31.46,32.51,10,-53.549999999999855,0.7,0.80223,-55.05222999999986,2024-11
2024-11-22 14:35:00,2024-11-22 14:36:00,2024-11-22 14:46:00,SMCI,SHORT,50,32.235,32.49,10,-12.750000000000128,0.7,0.805875,-14.255875000000128,2024-11
2024-11-22 14:36:00,2024-11-22 14:37:00,2024-11-22 14:47:00,SMCI,SHORT,50,32.29,32.91,10,-30.999999999999872,0.7,0.80725,-32.50724999999987,2024-11
2024-11-22 14:40:00,2024-11-22 14:41:00,2024-11-22 14:51:00,SMCI,SHORT,49,32.31,33.5,10,-58.30999999999989,0.7,0.791595,-59.80159499999989,2024-11
2024-11-22 14:41:00,2024-11-22 14:42:00,2024-11-22 14:52:00,SMCI,SHORT,49,32.507,33.93,10,-69.72700000000009,0.7,0.7964214999999999,-71.22342150000009,2024-11
2024-11-22 14:42:00,2024-11-22 14:43:00,2024-11-22 14:53:00,SMCI,SHORT,48,32.426,34.13,10,-81.79200000000003,0.7,0.778224,-83.27022400000003,2024-11
2024-11-22 14:49:00,2024-11-22 14:50:00,2024-11-22 15:00:00,SMCI,LONG,47,33.2901,33.18,10,-5.174700000000129,0.7,0.78231735,-6.65701735000013,2024-11
2024-11-22 14:51:00,2024-11-22 14:52:00,2024-11-22 15:02:00,SMCI,LONG,46,33.93,33.215,10,-32.88999999999983,0.7,0.78039,-34.37038999999983,2024-11
2024-11-22 14:54:00,2024-11-22 14:55:00,2024-11-22 15:05:00,SMCI,LONG,46,33.7,33.51,10,-8.740000000000222,0.7,0.7751,-10.215100000000222,2024-11
2024-11-22 14:55:00,2024-11-22 14:56:00,2024-11-22 15:06:00,SMCI,LONG,46,33.39,33.4,10,0.4599999999999085,0.7,0.76797,-1.0079700000000915,2024-11
2024-11-22 14:56:00,2024-11-22 14:57:00,2024-11-22 15:07:00,SMCI,LONG,47,33.05,33.3338,10,13.338599999999971,0.7,0.776675,11.861924999999971,2024-11
2024-11-22 14:57:00,2024-11-22 14:58:00,2024-11-22 15:08:00,SMCI,LONG,47,32.8501,33.3325,10,22.672800000000258,0.7,0.7719773499999999,21.20082265000026,2024-11
2024-11-22 14:58:00,2024-11-22 14:59:00,2024-11-22 15:09:00,SMCI,LONG,47,33.22,33.15,10,-3.2900000000000134,0.7,0.78067,-4.770670000000013,2024-11
2024-11-22 15:02:00,2024-11-22 15:03:00,2024-11-22 15:13:00,SMCI,SHORT,47,33.2,32.86,10,15.98000000000016,0.7,0.7802000000000001,14.49980000000016,2024-11
2024-11-22 15:06:00,2024-11-22 15:07:00,2024-11-22 15:17:00,SMCI,SHORT,46,33.3338,32.95,10,17.65479999999971,0.7,0.7666774,16.188122599999712,2024-11
2024-11-22 15:09:00,2024-11-22 15:10:00,2024-11-22 15:20:00,SMCI,SHORT,47,33.1344,33.3297,10,-9.179100000000147,0.7,0.7786584000000001,-10.657758400000146,2024-11
2024-11-22 15:22:00,2024-11-22 15:23:00,2024-11-22 15:33:00,SMCI,SHORT,47,32.68,33.0294,10,-16.421800000000133,0.7,0.76798,-17.889780000000133,2024-11
2024-11-22 15:24:00,2024-11-22 15:25:00,2024-11-22 15:35:00,SMCI,SHORT,48,32.42,33.434,10,-48.6719999999998,0.7,0.7780800000000001,-50.150079999999804,2024-11
2024-11-22 15:25:00,2024-11-22 15:26:00,2024-11-22 15:36:00,SMCI,LONG,47,32.6,33.51,10,42.76999999999984,0.7,0.7661,41.303899999999835,2024-11
2024-11-22 15:28:00,2024-11-22 15:29:00,2024-11-22 15:39:00,SMCI,SHORT,47,32.7793,33.72,10,-44.21289999999998,0.7,0.77031355,-45.683213549999984,2024-11
2024-11-25 14:30:00,2024-11-25 14:31:00,2024-11-25 14:41:00,SMCI,SHORT,42,36.36,36.175,10,7.7700000000000955,0.7,0.76356,6.306440000000095,2024-11
2024-11-25 14:31:00,2024-11-25 14:32:00,2024-11-25 14:42:00,SMCI,SHORT,42,36.4401,36.2,10,10.084199999999925,0.7,0.7652421,8.618957899999925,2024-11
2024-11-25 14:34:00,2024-11-25 14:35:00,2024-11-25 14:45:00,SMCI,SHORT,41,37.1086,36.77,10,13.882599999999982,0.7,0.7607263000000001,12.421873699999983,2024-11
2024-11-25 14:35:00,2024-11-25 14:36:00,2024-11-25 14:46:00,SMCI,SHORT,42,36.72,36.77,10,-2.100000000000179,0.7,0.77112,-3.571120000000179,2024-11
2024-11-25 14:37:00,2024-11-25 14:38:00,2024-11-25 14:48:00,SMCI,SHORT,42,36.88,37.08,10,-8.399999999999821,0.7,0.7744800000000001,-9.87447999999982,2024-11
2024-11-25 14:58:00,2024-11-25 14:59:00,2024-11-25 15:09:00,SMCI,SHORT,41,37.7775,38.19,10,-16.912499999999767,0.7,0.7744387500000001,-18.386938749999768,2024-11
2024-11-25 14:59:00,2024-11-25 15:00:00,2024-11-25 15:10:00,SMCI,SHORT,40,38.13,38.19,10,-2.3999999999998067,0.7,0.7626000000000001,-3.862599999999807,2024-11
2024-11-25 15:01:00,2024-11-25 15:02:00,2024-11-25 15:12:00,SMCI,SHORT,40,37.775,37.9607,10,-7.428000000000168,0.7,0.7555000000000001,-8.883500000000167,2024-11
2024-11-25 15:08:00,2024-11-25 15:09:00,2024-11-25 15:19:00,SMCI,SHORT,40,38.19,38.73,10,-21.599999999999966,0.7,0.7637999999999999,-23.063799999999965,2024-11
2024-11-25 15:09:00,2024-11-25 15:10:00,2024-11-25 15:20:00,SMCI,SHORT,40,38.19,38.96,10,-30.800000000000125,0.7,0.7637999999999999,-32.263800000000124,2024-11
2024-11-25 15:21:00,2024-11-25 15:22:00,2024-11-25 15:32:00,SMCI,SHORT,40,38.32,37.85,10,18.799999999999955,0.7,0.7664,17.333599999999954,2024-11
2024-11-25 15:22:00,2024-11-25 15:23:00,2024-11-25 15:33:00,SMCI,SHORT,40,38.385,37.92,10,18.599999999999852,0.7,0.7676999999999999,17.13229999999985,2024-11
2024-11-25 15:24:00,2024-11-25 15:25:00,2024-11-25 15:35:00,SMCI,SHORT,40,37.88,37.655,10,9.000000000000057,0.7,0.7576,7.5424000000000575,2024-11
2024-11-25 15:39:00,2024-11-25 15:40:00,2024-11-25 15:50:00,SMCI,SHORT,40,38.05,38.34,10,-11.60000000000025,0.7,0.761,-13.061000000000249,2024-11
2024-11-26 15:37:00,2024-11-26 15:38:00,2024-11-26 15:48:00,SMCI,SHORT,44,34.83,34.7301,10,4.3955999999999165,0.7,0.76626,2.9293399999999163,2024-11
2024-11-26 15:40:00,2024-11-26 15:41:00,2024-11-26 15:51:00,SMCI,SHORT,44,34.969,34.7701,10,8.751600000000082,0.7,0.769318,7.282282000000082,2024-11
2024-11-26 15:42:00,2024-11-26 15:43:00,2024-11-26 15:53:00,SMCI,SHORT,44,34.6093,34.79,10,-7.950800000000072,0.7,0.7614046,-9.412204600000072,2024-11
2024-11-29 15:25:00,2024-11-29 15:26:00,2024-11-29 15:36:00,SMCI,SHORT,47,32.412,32.385,10,1.269000000000048,0.7,0.7616820000000001,-0.19268199999995195,2024-11
2024-11-29 15:31:00,2024-11-29 15:32:00,2024-11-29 15:42:00,SMCI,SHORT,47,32.3997,32.705,10,-14.349099999999787,0.7,0.7613929500000001,-15.810492949999785,2024-11
2024-11-29 15:32:00,2024-11-29 15:33:00,2024-11-29 15:43:00,SMCI,SHORT,47,32.4896,32.805,10,-14.82379999999985,0.7,0.7635056000000001,-16.287305599999847,2024-11
2024-11-06 14:30:00,2024-11-06 14:31:00,2024-11-06 14:41:00,SYF,SHORT,23,65.25,66.48,10,-28.29000000000009,0.7,0.750375,-29.740375000000093,2024-11
2024-11-06 14:31:00,2024-11-06 14:32:00,2024-11-06 14:42:00,SYF,SHORT,23,65.151,66.65,10,-34.47700000000022,0.7,0.7492365,-35.92623650000022,2024-11
2024-11-06 14:32:00,2024-11-06 14:33:00,2024-11-06 14:43:00,SYF,SHORT,23,64.99,66.595,10,-36.91500000000009,0.7,0.747385,-38.362385000000096,2024-11
2024-11-07 14:31:00,2024-11-07 14:32:00,2024-11-07 14:42:00,TAP,SHORT,27,54.8,57.07,10,-61.290000000000084,0.7,0.7398,-62.72980000000009,2024-11
2024-11-07 14:38:00,2024-11-07 14:39:00,2024-11-07 14:49:00,TAP,SHORT,26,57.17,57.635,10,-12.089999999999904,0.7,0.74321,-13.533209999999903,2024-11
2024-11-07 14:51:00,2024-11-07 14:52:00,2024-11-07 15:02:00,TAP,LONG,25,57.865,57.87,10,0.12499999999988631,0.7,0.7233125,-1.2983125000001137,2024-11
2024-11-14 14:30:00,2024-11-14 14:31:00,2024-11-14 14:41:00,TPR,SHORT,27,55.3,56.505,10,-32.535000000000146,0.7,0.7465499999999999,-33.98155000000015,2024-11
2024-11-14 14:31:00,2024-11-14 14:32:00,2024-11-14 14:42:00,TPR,SHORT,26,56.05,56.59,10,-14.040000000000163,0.7,0.72865,-15.468650000000162,2024-11
2024-11-06 14:32:00,2024-11-06 14:33:00,2024-11-06 14:43:00,TSLA,SHORT,5,288.7479,286.84,10,9.539500000000203,0.7,0.7218697500000001,8.117630250000204,2024-11
2024-11-06 14:34:00,2024-11-06 14:35:00,2024-11-06 14:45:00,TSLA,SHORT,5,286.248,286.0,10,1.2399999999999523,0.7,0.71562,-0.17562000000004774,2024-11
2024-11-06 14:36:00,2024-11-06 14:37:00,2024-11-06 14:47:00,TSLA,SHORT,5,289.0,285.6751,10,16.62450000000007,0.7,0.7225,15.20200000000007,2024-11
2024-11-11 14:34:00,2024-11-11 14:35:00,2024-11-11 14:45:00,TSLA,SHORT,4,344.43,341.1286,10,13.205600000000004,0.7,0.68886,11.816740000000005,2024-11
2024-11-11 14:36:00,2024-11-11 14:37:00,2024-11-11 14:47:00,TSLA,SHORT,4,346.96,345.34,10,6.480000000000018,0.7,0.69392,5.086080000000018,2024-11
2024-11-08 14:30:00,2024-11-08 14:31:00,2024-11-08 14:41:00,TTD,SHORT,12,117.41,119.55,10,-25.680000000000007,0.7,0.7044600000000001,-27.084460000000007,2024-11
2024-11-06 14:30:00,2024-11-06 14:31:00,2024-11-06 14:41:00,UAL,SHORT,17,85.9,86.17,10,-4.589999999999932,0.7,0.7301500000000001,-6.020149999999933,2024-11
2024-11-07 14:31:00,2024-11-07 14:32:00,2024-11-07 14:42:00,VST,SHORT,10,142.765,133.78,10,89.84999999999985,0.7,0.7138249999999999,88.43617499999985,2024-11
2024-11-07 14:52:00,2024-11-07 14:53:00,2024-11-07 15:03:00,VST,LONG,11,132.625,131.03,10,-17.544999999999987,0.7,0.7294375,-18.974437499999986,2024-11
2024-11-07 14:53:00,2024-11-07 14:54:00,2024-11-07 15:04:00,VST,LONG,11,132.545,131.4,10,-12.5949999999998,0.7,0.7289975,-14.0239974999998,2024-11
2024-11-07 15:36:00,2024-11-07 15:37:00,2024-11-07 15:47:00,VST,SHORT,10,138.285,139.3,10,-10.150000000000148,0.7,0.691425,-11.541425000000148,2024-11
2024-11-07 15:37:00,2024-11-07 15:38:00,2024-11-07 15:48:00,VST,SHORT,10,138.5,139.41,10,-9.099999999999966,0.7,0.6925,-10.492499999999966,2024-11
2024-11-20 14:30:00,2024-11-20 14:31:00,2024-11-20 14:41:00,WSM,SHORT,8,171.24,168.405,10,22.680000000000064,0.7,0.68496,21.295040000000064,2024-11
2024-11-20 14:31:00,2024-11-20 14:32:00,2024-11-20 14:42:00,WSM,SHORT,8,173.12,168.8,10,34.559999999999945,0.7,0.69248,33.16751999999994,2024-11
2024-11-05 14:32:00,2024-11-05 14:33:00,2024-11-05 14:43:00,WYNN,LONG,16,89.77,89.945,10,2.7999999999999545,0.7,0.71816,1.3818399999999542,2024-11
2024-11-05 14:34:00,2024-11-05 14:35:00,2024-11-05 14:45:00,WYNN,LONG,16,90.65,90.0671,10,-9.326400000000149,0.7,0.7252000000000001,-10.751600000000149,2024-11
2024-12-20 14:34:00,2024-12-20 14:35:00,2024-12-20 14:45:00,CCL,SHORT,77,25.7725,26.04,10,-20.59749999999987,0.7,0.9922412500000001,-22.289741249999867,2024-12
2024-12-19 14:30:00,2024-12-19 14:31:00,2024-12-19 14:41:00,CTAS,SHORT,10,191.7143,189.305,10,24.093000000000018,0.7,0.9585715,22.434428500000017,2024-12
2024-12-19 14:30:00,2024-12-19 14:31:00,2024-12-19 14:41:00,DHI,SHORT,14,136.075,139.37,10,-46.13000000000022,0.7,0.9525249999999998,-47.78252500000023,2024-12
2024-12-19 14:31:00,2024-12-19 14:32:00,2024-12-19 14:42:00,DHI,SHORT,14,138.98,139.11,10,-1.8200000000003342,0.7,0.97286,-3.4928600000003343,2024-12
2024-12-19 14:32:00,2024-12-19 14:33:00,2024-12-19 14:43:00,DRI,SHORT,11,179.05,183.43,10,-48.17999999999995,0.7,0.9847750000000001,-49.86477499999995,2024-12
2024-12-19 14:33:00,2024-12-19 14:34:00,2024-12-19 14:44:00,DRI,SHORT,11,179.475,183.915,10,-48.839999999999975,0.7,0.9871125,-50.52711249999998,2024-12
2024-12-11 15:32:00,2024-12-11 15:33:00,2024-12-11 15:43:00,HSY,SHORT,11,177.565,179.345,10,-19.580000000000013,0.7,0.9766075,-21.256607500000012,2024-12
2024-12-12 14:30:00,2024-12-12 14:31:00,2024-12-12 14:42:00,INCY,SHORT,27,71.24,71.15,10,2.4299999999997084,0.7,0.9617399999999999,0.7682599999997085,2024-12
2024-12-02 14:37:00,2024-12-02 14:38:00,2024-12-02 14:48:00,INTC,SHORT,79,24.5813,24.79,10,-16.487300000000026,0.7,0.97096135,-18.158261350000025,2024-12
2024-12-02 14:38:00,2024-12-02 14:39:00,2024-12-02 14:49:00,INTC,SHORT,79,24.5613,24.8387,10,-21.914600000000007,0.7,0.97017135,-23.584771350000008,2024-12
2024-12-19 14:31:00,2024-12-19 14:32:00,2024-12-19 14:42:00,LEN,SHORT,14,136.9942,134.9952,10,27.985999999999933,0.7,0.9589594000000001,26.327040599999933,2024-12
2024-12-06 14:40:00,2024-12-06 14:41:00,2024-12-06 14:51:00,LULU,LONG,4,402.39,402.82,10,1.7200000000000273,0.7,0.8047799999999999,0.2152200000000274,2024-12
2024-12-06 14:41:00,2024-12-06 14:42:00,2024-12-06 14:52:00,LULU,LONG,4,405.61,401.73,10,-15.519999999999982,0.7,0.81122,-17.03121999999998,2024-12
2024-12-06 14:42:00,2024-12-06 14:43:00,2024-12-06 14:53:00,LULU,LONG,4,405.8922,404.205,10,-6.748800000000074,0.7,0.8117844000000001,-8.260584400000074,2024-12
2024-12-19 14:30:00,2024-12-19 14:31:00,2024-12-19 14:41:00,PHM,SHORT,18,108.365,109.58,10,-21.87000000000006,0.7,0.975285,-23.54528500000006,2024-12
2024-12-19 14:33:00,2024-12-19 14:34:00,2024-12-19 14:44:00,PHM,SHORT,17,110.015,109.18,10,14.194999999999894,0.7,0.9351275000000001,12.559872499999894,2024-12
2024-12-19 14:34:00,2024-12-19 14:35:00,2024-12-19 14:45:00,PLTR,SHORT,25,76.0356,75.1999,10,20.89250000000007,0.7,0.9504450000000001,19.24205500000007,2024-12
2024-12-20 14:30:00,2024-12-20 14:31:00,2024-12-20 14:41:00,PLTR,SHORT,26,72.72,73.1199,10,-10.397400000000061,0.7,0.94536,-12.042760000000062,2024-12
2024-12-02 14:31:00,2024-12-02 14:32:00,2024-12-02 14:42:00,SMCI,SHORT,52,37.3,36.68,10,32.23999999999987,0.7,0.9698,30.57019999999987,2024-12
2024-12-02 14:32:00,2024-12-02 14:33:00,2024-12-02 14:43:00,SMCI,SHORT,52,37.16,36.6301,10,27.554799999999886,0.7,0.9661599999999999,25.88863999999989,2024-12
2024-12-02 14:33:00,2024-12-02 14:34:00,2024-12-02 14:44:00,SMCI,SHORT,53,36.8599,36.8998,10,-2.114699999999779,0.7,0.97678735,-3.791487349999779,2024-12
2024-12-02 14:34:00,2024-12-02 14:35:00,2024-12-02 14:45:00,SMCI,SHORT,53,37.08,36.693,10,20.511000000000024,0.7,0.98262,18.828380000000024,2024-12
2024-12-02 14:35:00,2024-12-02 14:36:00,2024-12-02 14:46:00,SMCI,SHORT,53,36.63,36.4,10,12.190000000000211,0.7,0.9706950000000001,10.519305000000212,2024-12
2024-12-02 14:36:00,2024-12-02 14:37:00,2024-12-02 14:47:00,SMCI,SHORT,53,37.04,36.4001,10,33.914699999999854,0.7,0.98156,32.23313999999985,2024-12
2024-12-02 14:37:00,2024-12-02 14:38:00,2024-12-02 14:48:00,SMCI,SHORT,53,37.14,35.81,10,70.48999999999991,0.7,0.98421,68.8057899999999,2024-12
2024-12-02 14:38:00,2024-12-02 14:39:00,2024-12-02 14:49:00,SMCI,SHORT,53,37.14,35.625,10,80.29500000000003,0.7,0.98421,78.61079000000002,2024-12
2024-12-02 14:41:00,2024-12-02 14:42:00,2024-12-02 14:52:00,SMCI,SHORT,54,36.68,36.09,10,31.8599999999998,0.7,0.99036,30.169639999999802,2024-12
2024-12-02 14:42:00,2024-12-02 14:43:00,2024-12-02 14:53:00,SMCI,SHORT,55,36.6301,36.44,10,10.455500000000058,0.7,1.00732775,8.748172250000058,2024-12
2024-12-02 14:45:00,2024-12-02 14:46:00,2024-12-02 14:56:00,SMCI,SHORT,55,36.4,36.82,10,-23.100000000000094,0.7,1.0010000000000001,-24.801000000000094,2024-12
2024-12-02 14:48:00,2024-12-02 14:49:00,2024-12-02 14:59:00,SMCI,SHORT,56,35.625,36.72,10,-61.319999999999936,0.7,0.9975,-63.01749999999994,2024-12
2024-12-02 14:49:00,2024-12-02 14:50:00,2024-12-02 15:00:00,SMCI,SHORT,55,35.8099,36.7906,10,-53.938499999999934,0.7,0.98477225,-55.623272249999935,2024-12
2024-12-02 14:50:00,2024-12-02 14:51:00,2024-12-02 15:01:00,SMCI,SHORT,55,35.77,36.7701,10,-55.00549999999979,0.7,0.9836750000000001,-56.68917499999979,2024-12
2024-12-02 14:52:00,2024-12-02 14:53:00,2024-12-02 15:03:00,SMCI,SHORT,54,36.44,37.26,10,-44.280000000000015,0.7,0.9838799999999999,-45.96388000000002,2024-12
2024-12-02 14:53:00,2024-12-02 14:54:00,2024-12-02 15:04:00,SMCI,SHORT,53,36.56,37.4496,10,-47.1487999999997,0.7,0.96884,-48.817639999999706,2024-12
2024-12-03 14:30:00,2024-12-03 14:31:00,2024-12-03 14:41:00,SMCI,SHORT,44,44.4,44.23,10,7.480000000000075,0.7,0.9768,5.803200000000075,2024-12
2024-12-03 14:32:00,2024-12-03 14:33:00,2024-12-03 14:43:00,SMCI,SHORT,43,44.9657,44.1,10,37.22509999999986,0.7,0.9667625499999999,35.55833744999986,2024-12
2024-12-03 14:35:00,2024-12-03 14:36:00,2024-12-03 14:46:00,SMCI,SHORT,44,43.7524,43.705,10,2.0856000000001416,0.7,0.9625528000000001,0.4230472000001415,2024-12
2024-12-03 14:36:00,2024-12-03 14:37:00,2024-12-03 14:47:00,SMCI,SHORT,46,42.7,43.9544,10,-57.702399999999855,0.7,0.9821000000000001,-59.38449999999986,2024-12
2024-12-03 14:37:00,2024-12-03 14:38:00,2024-12-03 14:48:00,SMCI,SHORT,45,43.38,43.96,10,-26.099999999999923,0.7,0.9760500000000001,-27.776049999999923,2024-12
2024-12-03 14:38:00,2024-12-03 14:39:00,2024-12-03 14:49:00,SMCI,SHORT,44,43.61,44.455,10,-37.17999999999995,0.7,0.9594199999999999,-38.839419999999954,2024-12
2024-12-03 14:39:00,2024-12-03 14:40:00,2024-12-03 14:50:00,SMCI,LONG,44,43.85,44.3324,10,21.22559999999993,0.7,0.9647000000000001,19.56089999999993,2024-12
2024-12-03 14:40:00,2024-12-03 14:41:00,2024-12-03 14:51:00,SMCI,LONG,43,44.23,44.48,10,10.75,0.7,0.9509449999999999,9.099055,2024-12
2024-12-03 14:41:00,2024-12-03 14:42:00,2024-12-03 14:52:00,SMCI,LONG,44,43.8653,44.59,10,31.88680000000025,0.7,0.9650365999999999,30.22176340000025,2024-12
2024-12-03 14:42:00,2024-12-03 14:43:00,2024-12-03 14:53:00,SMCI,SHORT,44,44.1,44.865,10,-33.660000000000025,0.7,0.9702000000000001,-35.330200000000026,2024-12
2024-12-03 14:43:00,2024-12-03 14:44:00,2024-12-03 14:54:00,SMCI,SHORT,44,44.1,45.33,10,-54.11999999999986,0.7,0.9702000000000001,-55.790199999999864,2024-12
2024-12-03 14:45:00,2024-12-03 14:46:00,2024-12-03 14:56:00,SMCI,SHORT,44,43.705,45.71,10,-88.22000000000011,0.7,0.96151,-89.88151000000012,2024-12
2024-12-03 14:49:00,2024-12-03 14:50:00,2024-12-03 15:00:00,SMCI,SHORT,43,44.3324,45.2701,10,-40.32109999999998,0.7,0.9531466000000001,-41.97424659999998,2024-12
2024-12-03 15:53:00,2024-12-06 14:30:00,2024-12-06 14:40:00,SMCI,LONG,45,42.09,41.74,10,-15.750000000000064,0.7,0.9470250000000001,-17.397025000000063,2024-12
2024-12-09 14:31:00,2024-12-09 14:32:00,2024-12-09 14:42:00,SMCI,SHORT,40,46.91,46.3154,10,23.783999999999992,0.7,0.9381999999999999,22.145799999999994,2024-12
2024-12-09 14:32:00,2024-12-09 14:33:00,2024-12-09 14:43:00,SMCI,SHORT,41,45.975,46.34,10,-14.965000000000082,0.7,0.9424875,-16.60748750000008,2024-12
2024-12-09 14:33:00,2024-12-09 14:34:00,2024-12-09 14:44:00,SMCI,SHORT,41,45.85,45.81,10,1.639999999999965,0.7,0.9399250000000001,7.49999999649642e-05,2024-12
2024-12-09 14:37:00,2024-12-09 14:38:00,2024-12-09 14:48:00,SMCI,SHORT,41,45.9512,45.9769,10,-1.0537000000000205,0.7,0.9419996,-2.6956996000000206,2024-12
2024-12-09 14:38:00,2024-12-09 14:39:00,2024-12-09 14:49:00,SMCI,SHORT,40,46.478,46.0062,10,18.87200000000007,0.7,0.92956,17.242440000000073,2024-12
2024-12-09 14:50:00,2024-12-09 14:51:00,2024-12-09 15:01:00,SMCI,SHORT,41,45.5924,45.35,10,9.938399999999852,0.7,0.9346441999999999,8.303755799999854,2024-12
2024-12-09 14:51:00,2024-12-09 14:52:00,2024-12-09 15:02:00,SMCI,SHORT,41,45.491,45.36,10,5.371000000000009,0.7,0.9325655,3.738434500000009,2024-12
2024-12-11 14:31:00,2024-12-11 14:32:00,2024-12-11 14:42:00,SMCI,SHORT,51,37.025,36.98,10,2.295000000000087,0.7,0.9441375,0.650862500000087,2024-12
2024-12-11 14:33:00,2024-12-11 14:34:00,2024-12-11 14:44:00,SMCI,SHORT,52,36.11,37.75,10,-85.28000000000003,0.7,0.93886,-86.91886000000004,2024-12
2024-12-11 14:34:00,2024-12-11 14:35:00,2024-12-11 14:45:00,SMCI,SHORT,51,36.57,37.9101,10,-68.34509999999997,0.7,0.932535,-69.97763499999998,2024-12
2024-12-11 14:35:00,2024-12-11 14:36:00,2024-12-11 14:46:00,SMCI,SHORT,51,36.5573,37.91,10,-68.98769999999993,0.7,0.93221115,-70.61991114999994,2024-12
2024-12-11 14:37:00,2024-12-11 14:38:00,2024-12-11 14:48:00,SMCI,SHORT,50,36.9275,37.99,10,-53.125,0.7,0.9231875,-54.7481875,2024-12
2024-12-11 14:38:00,2024-12-11 14:39:00,2024-12-11 14:49:00,SMCI,SHORT,50,36.69,37.642,10,-47.600000000000264,0.7,0.91725,-49.21725000000027,2024-12
2024-12-11 14:50:00,2024-12-11 14:51:00,2024-12-11 15:01:00,SMCI,LONG,48,37.915,37.705,10,-10.080000000000041,0.7,0.9099600000000001,-11.68996000000004,2024-12
2024-12-11 14:53:00,2024-12-11 14:54:00,2024-12-11 15:04:00,SMCI,LONG,48,37.83,37.0056,10,-39.57119999999986,0.7,0.90792,-41.17911999999986,2024-12
2024-12-16 14:30:00,2024-12-16 14:31:00,2024-12-16 14:41:00,SMCI,SHORT,56,32.6752,33.9576,10,-71.81440000000015,0.7,0.9149056,-73.42930560000015,2024-12
2024-12-16 14:33:00,2024-12-16 14:34:00,2024-12-16 14:44:00,SMCI,SHORT,55,33.06,33.94,10,-48.39999999999975,0.7,0.9091500000000001,-50.00914999999975,2024-12
2024-12-16 15:01:00,2024-12-16 15:02:00,2024-12-16 15:12:00,SMCI,LONG,51,35.0075,35.0698,10,3.1773000000000238,0.7,0.8926912499999999,1.5846087500000237,2024-12
2024-12-16 15:02:00,2024-12-16 15:03:00,2024-12-16 15:13:00,SMCI,LONG,51,35.11,34.76,10,-17.850000000000072,0.7,0.895305,-19.445305000000072,2024-12
2024-12-16 15:03:00,2024-12-16 15:04:00,2024-12-16 15:14:00,SMCI,LONG,51,34.875,34.969,10,4.794000000000061,0.7,0.8893125000000001,3.2046875000000608,2024-12
2024-12-16 15:08:00,2024-12-16 15:09:00,2024-12-16 15:19:00,SMCI,LONG,51,35.0992,34.59,10,-25.969199999999994,0.7,0.8950296000000001,-27.564229599999994,2024-12
2024-12-16 15:11:00,2024-12-16 15:12:00,2024-12-16 15:22:00,SMCI,LONG,51,35.0698,35.2469,10,9.032099999999787,0.7,0.8942799,7.437820099999787,2024-12
2024-12-19 14:30:00,2024-12-19 14:31:00,2024-12-19 14:41:00,TER,SHORT,14,128.2,127.34,10,12.039999999999793,0.7,0.8973999999999999,10.442599999999794,2024-12
2025-01-31 14:32:00,2025-01-31 14:33:00,2025-01-31 14:43:00,ABBV,LONG,10,189.13,189.88,10,7.5,0.7,0.94565,5.85435,2025-01
2025-01-28 14:30:00,2025-01-28 14:31:00,2025-01-28 14:41:00,ANET,LONG,19,102.7401,101.991,10,-14.232899999999972,0.7,0.97603095,-15.908930949999972,2025-01
2025-01-28 14:47:00,2025-01-28 14:48:00,2025-01-28 14:58:00,ANET,LONG,19,100.5801,101.4,10,15.578100000000077,0.7,0.95551095,13.922589050000077,2025-01
2025-01-28 14:48:00,2025-01-28 14:49:00,2025-01-28 14:59:00,ANET,LONG,19,100.62,101.26,10,12.16000000000001,0.7,0.9558900000000001,10.504110000000011,2025-01
2025-01-30 14:30:00,2025-01-30 14:31:00,2025-01-30 14:42:00,AOS,LONG,30,66.07,66.065,10,-0.14999999999986358,0.7,0.99105,-1.8410499999998635,2025-01
2025-01-13 14:47:00,2025-01-13 14:48:00,2025-01-13 14:58:00,CEG,LONG,6,286.625,290.86,10,25.410000000000082,0.7,0.8598750000000001,23.850125000000084,2025-01
2025-01-27 14:41:00,2025-01-27 14:42:00,2025-01-27 14:52:00,CEG,LONG,7,283.4006,287.36,10,27.715800000000115,0.7,0.9919021,26.023897900000115,2025-01
2025-01-28 14:35:00,2025-01-28 14:36:00,2025-01-28 14:46:00,CEG,LONG,7,268.5733,266.535,10,-14.268099999999947,0.7,0.9400065500000001,-15.908106549999946,2025-01
2025-01-28 14:36:00,2025-01-28 14:37:00,2025-01-28 14:47:00,CEG,LONG,7,265.87,265.42,10,-3.1499999999999204,0.7,0.9305450000000001,-4.780544999999921,2025-01
2025-01-28 14:37:00,2025-01-28 14:38:00,2025-01-28 14:48:00,CEG,LONG,7,265.26,267.24,10,13.860000000000127,0.7,0.92841,12.231590000000129,2025-01
2025-01-28 14:38:00,2025-01-28 14:39:00,2025-01-28 14:49:00,CEG,LONG,7,266.56,266.33,10,-1.6100000000001273,0.7,0.93296,-3.2429600000001275,2025-01
2025-01-23 14:34:00,2025-01-23 14:35:00,2025-01-23 14:45:00,GE,LONG,9,203.43,206.865,10,30.91500000000002,0.7,0.9154350000000001,29.299565000000023,2025-01
2025-01-28 14:47:00,2025-01-28 14:48:00,2025-01-28 14:58:00,GEV,LONG,6,324.35,328.71,10,26.15999999999974,0.7,0.9730500000000001,24.48694999999974,2025-01
2025-01-28 14:49:00,2025-01-28 14:50:00,2025-01-28 15:00:00,GEV,LONG,6,319.12,332.68,10,81.36000000000001,0.7,0.95736,79.70264000000002,2025-01
2025-01-28 14:32:00,2025-01-28 14:33:00,2025-01-28 14:43:00,LMT,LONG,4,476.17,475.755,10,-1.6600000000000819,0.7,0.9523400000000001,-3.312340000000082,2025-01
2025-01-28 14:33:00,2025-01-28 14:34:00,2025-01-28 14:44:00,LMT,LONG,4,476.52,473.5,10,-12.079999999999927,0.7,0.95304,-13.733039999999926,2025-01
2025-01-28 14:34:00,2025-01-28 14:35:00,2025-01-28 14:45:00,LMT,LONG,4,474.04,472.8,10,-4.960000000000036,0.7,0.94808,-6.608080000000037,2025-01
2025-01-06 15:15:00,2025-01-06 15:16:00,2025-01-06 15:26:00,MOS,LONG,78,25.935,25.96,10,1.9500000000001663,0.7,1.0114649999999998,0.23853500000016647,2025-01
2025-01-06 15:42:00,2025-01-06 15:43:00,2025-01-06 15:53:00,MOS,LONG,78,25.86,25.78,10,-6.239999999999867,0.7,1.00854,-7.948539999999867,2025-01
2025-01-27 14:35:00,2025-01-27 14:36:00,2025-01-27 14:46:00,NRG,LONG,20,101.19,99.74,10,-29.000000000000057,0.7,1.0119,-30.711900000000057,2025-01
2025-01-27 14:37:00,2025-01-27 14:38:00,2025-01-27 14:48:00,NRG,LONG,20,100.7,99.13,10,-31.400000000000148,0.7,1.0070000000000001,-33.10700000000015,2025-01
2025-01-27 14:38:00,2025-01-27 14:39:00,2025-01-27 14:49:00,NRG,LONG,20,100.57,98.84,10,-34.599999999999795,0.7,1.0057,-36.305699999999796,2025-01
2025-01-27 14:40:00,2025-01-27 14:41:00,2025-01-27 14:51:00,NRG,LONG,20,99.69,98.57,10,-22.40000000000009,0.7,0.9969,-24.09690000000009,2025-01
2025-01-27 14:43:00,2025-01-27 14:44:00,2025-01-27 14:54:00,NRG,LONG,20,99.46,97.3401,10,-42.39799999999974,0.7,0.9945999999999999,-44.09259999999974,2025-01
2025-01-27 14:44:00,2025-01-27 14:45:00,2025-01-27 14:55:00,NRG,LONG,20,99.665,97.75,10,-38.300000000000125,0.7,0.9966500000000001,-39.99665000000013,2025-01
2025-01-27 14:45:00,2025-01-27 14:46:00,2025-01-27 14:56:00,NRG,LONG,19,99.74,98.06,10,-31.91999999999986,0.7,0.94753,-33.56752999999986,2025-01
2025-01-27 14:50:00,2025-01-27 14:51:00,2025-01-27 15:01:00,NRG,LONG,20,98.57,99.455,10,17.700000000000102,0.7,0.9856999999999999,16.0143000000001,2025-01
2025-01-13 14:30:00,2025-01-13 14:31:00,2025-01-13 14:41:00,NVDA,SHORT,15,130.8364,130.44,10,5.945999999999998,0.7,0.9812730000000001,4.264726999999998,2025-01
2025-01-22 14:31:00,2025-01-22 14:32:00,2025-01-22 14:42:00,NVDA,SHORT,13,146.2118,146.1693,10,0.5525000000002365,0.7,0.9503767000000001,-1.0978766999997636,2025-01
2025-01-27 14:30:00,2025-01-27 14:31:00,2025-01-27 14:41:00,NVDA,LONG,15,126.02,125.6701,10,-5.248499999999865,0.7,0.94515,-6.893649999999865,2025-01
2025-01-27 14:31:00,2025-01-27 14:32:00,2025-01-27 14:42:00,NVDA,LONG,15,127.625,125.46,10,-32.475000000000094,0.7,0.9571875,-34.1321875000001,2025-01
2025-01-27 14:32:00,2025-01-27 14:33:00,2025-01-27 14:43:00,NVDA,LONG,15,127.234,126.81,10,-6.359999999999886,0.7,0.954255,-8.014254999999887,2025-01
2025-01-27 14:33:00,2025-01-27 14:34:00,2025-01-27 14:44:00,NVDA,LONG,15,127.51,126.8801,10,-9.448500000000095,0.7,0.9563250000000001,-11.104825000000094,2025-01
2025-01-27 14:34:00,2025-01-27 14:35:00,2025-01-27 14:45:00,NVDA,LONG,15,126.43,127.35,10,13.799999999999812,0.7,0.9482250000000001,12.151774999999812,2025-01
2025-01-27 14:35:00,2025-01-27 14:36:00,2025-01-27 14:46:00,NVDA,LONG,15,126.5,127.585,10,16.274999999999906,0.7,0.94875,14.626249999999906,2025-01
2025-01-27 14:36:00,2025-01-27 14:37:00,2025-01-27 14:47:00,NVDA,LONG,15,126.09,127.3644,10,19.116,0.7,0.945675,17.470325,2025-01
2025-01-27 14:37:00,2025-01-27 14:38:00,2025-01-27 14:48:00,NVDA,LONG,15,125.83,127.165,10,20.02500000000012,0.7,0.943725,18.38127500000012,2025-01
2025-01-27 14:38:00,2025-01-27 14:39:00,2025-01-27 14:49:00,NVDA,LONG,15,126.165,126.78,10,9.224999999999923,0.7,0.9462375000000001,7.5787624999999235,2025-01
2025-01-27 14:41:00,2025-01-27 14:42:00,2025-01-27 14:52:00,NVDA,LONG,15,125.46,127.155,10,25.42500000000011,0.7,0.94095,23.78405000000011,2025-01
2025-01-27 14:43:00,2025-01-27 14:44:00,2025-01-27 14:54:00,NVDA,LONG,15,126.8801,126.91,10,0.44849999999996726,0.7,0.95160075,-1.2031007500000328,2025-01
2025-01-27 14:45:00,2025-01-27 14:46:00,2025-01-27 14:56:00,NVDA,LONG,15,127.585,127.04,10,-8.174999999999812,0.7,0.9568875,-9.831887499999812,2025-01
2025-01-22 14:31:00,2025-01-22 14:32:00,2025-01-22 14:42:00,ORCL,LONG,10,185.885,182.04,10,-38.44999999999999,0.7,0.929425,-40.07942499999999,2025-01
2025-01-22 14:32:00,2025-01-22 14:33:00,2025-01-22 14:43:00,ORCL,LONG,10,184.72,180.885,10,-38.35000000000008,0.7,0.9236000000000001,-39.97360000000008,2025-01
2025-01-22 14:33:00,2025-01-22 14:34:00,2025-01-22 14:44:00,ORCL,LONG,10,185.49,181.71,10,-37.80000000000001,0.7,0.9274500000000001,-39.427450000000015,2025-01
2025-01-22 14:34:00,2025-01-22 14:35:00,2025-01-22 14:45:00,ORCL,LONG,10,183.9283,182.37,10,-15.583000000000027,0.7,0.9196415000000001,-17.202641500000027,2025-01
2025-01-22 14:35:00,2025-01-22 14:36:00,2025-01-22 14:46:00,ORCL,LONG,10,182.9058,183.376,10,4.702000000000055,0.7,0.914529,3.087471000000055,2025-01
2025-01-28 14:35:00,2025-01-28 14:36:00,2025-01-28 14:46:00,PWR,SHORT,6,296.9,295.03,10,11.220000000000027,0.7,0.8906999999999999,9.629300000000027,2025-01
2025-01-06 14:37:00,2025-01-06 14:38:00,2025-01-06 14:48:00,SMCI,LONG,52,37.72,38.0,10,14.56000000000006,0.7,0.98072,12.87928000000006,2025-01
2025-01-06 14:39:00,2025-01-06 14:40:00,2025-01-06 14:50:00,SMCI,LONG,51,38.28,38.0399,10,-12.245099999999908,0.7,0.97614,-13.921239999999909,2025-01
2025-01-06 14:40:00,2025-01-06 14:41:00,2025-01-06 14:51:00,SMCI,LONG,51,38.43,37.775,10,-33.40500000000006,0.7,0.9799650000000001,-35.08496500000006,2025-01
2025-01-06 14:43:00,2025-01-06 14:44:00,2025-01-06 14:54:00,SMCI,LONG,51,37.8,37.8646,10,3.294600000000294,0.7,0.9639,1.6307000000002938,2025-01
2025-01-06 14:44:00,2025-01-06 14:45:00,2025-01-06 14:55:00,SMCI,LONG,51,38.14,37.5999,10,-27.545100000000126,0.7,0.97257,-29.217670000000126,2025-01
2025-01-06 14:45:00,2025-01-06 14:46:00,2025-01-06 14:56:00,SMCI,LONG,51,38.19,37.75,10,-22.439999999999884,0.7,0.973845,-24.113844999999884,2025-01
2025-01-06 14:49:00,2025-01-06 14:50:00,2025-01-06 15:00:00,SMCI,LONG,51,38.0399,37.65,10,-19.884900000000222,0.7,0.9700174500000001,-21.55491745000022,2025-01
2025-01-27 14:37:00,2025-01-27 14:38:00,2025-01-27 14:48:00,SMCI,SHORT,64,30.37,30.615,10,-15.679999999999836,0.7,0.97184,-17.351839999999836,2025-01
2025-01-30 14:35:00,2025-01-30 14:36:00,2025-01-30 14:46:00,TER,SHORT,18,107.76,106.8376,10,16.603200000000186,0.7,0.96984,14.933360000000187,2025-01
2025-01-30 14:37:00,2025-01-30 14:38:00,2025-01-30 14:48:00,TER,SHORT,18,107.78,107.08,10,12.600000000000051,0.7,0.97002,10.929980000000052,2025-01
2025-01-30 14:38:00,2025-01-30 14:39:00,2025-01-30 14:49:00,TER,SHORT,17,109.0,107.2,10,30.59999999999995,0.7,0.9265,28.97349999999995,2025-01
2025-01-30 14:39:00,2025-01-30 14:40:00,2025-01-30 14:50:00,TER,SHORT,17,109.03,107.62,10,23.969999999999942,0.7,0.926755,22.343244999999943,2025-01
2025-01-30 14:41:00,2025-01-30 14:42:00,2025-01-30 14:52:00,TER,SHORT,18,107.58,107.36,10,3.9599999999999795,0.7,0.9682200000000001,2.2917799999999793,2025-01
2025-01-02 14:30:00,2025-01-02 14:31:00,2025-01-02 14:41:00,TSLA,LONG,5,386.32,383.02,10,-16.500000000000057,0.7,0.9658,-18.165800000000058,2025-01
2025-01-02 14:31:00,2025-01-02 14:32:00,2025-01-02 14:42:00,TSLA,LONG,5,385.65,384.465,10,-5.925000000000011,0.7,0.964125,-7.589125000000012,2025-01
2025-01-02 14:33:00,2025-01-02 14:34:00,2025-01-02 14:44:00,TSLA,LONG,5,381.85,384.62,10,13.849999999999909,0.7,0.9546250000000001,12.19537499999991,2025-01
2025-01-02 14:35:00,2025-01-02 14:36:00,2025-01-02 14:46:00,TSLA,LONG,5,375.78,385.46,10,48.400000000000034,0.7,0.9394499999999999,46.76055000000003,2025-01
2025-01-02 14:36:00,2025-01-02 14:37:00,2025-01-02 14:47:00,TSLA,LONG,5,377.733,384.765,10,35.15999999999991,0.7,0.9443325,33.51566749999991,2025-01
2025-01-02 14:37:00,2025-01-02 14:38:00,2025-01-02 14:48:00,TSLA,LONG,5,380.98,386.2,10,26.099999999999852,0.7,0.95245,24.447549999999854,2025-01
2025-01-02 14:38:00,2025-01-02 14:39:00,2025-01-02 14:49:00,TSLA,LONG,5,380.42,388.3434,10,39.61699999999979,0.7,0.9510500000000001,37.965949999999786,2025-01
2025-01-02 14:39:00,2025-01-02 14:40:00,2025-01-02 14:50:00,TSLA,LONG,5,383.3,387.485,10,20.92500000000001,0.7,0.95825,19.266750000000012,2025-01
2025-01-27 14:31:00,2025-01-27 14:32:00,2025-01-27 14:42:00,WMB,LONG,35,55.515,54.365,10,-40.24999999999995,0.7,0.9715125000000001,-41.921512499999956,2025-01
2025-01-27 15:25:00,2025-01-27 15:26:00,2025-01-27 15:36:00,WMB,LONG,36,54.56,54.11,10,-16.200000000000102,0.7,0.9820800000000001,-17.8820800000001,2025-01
2025-02-03 14:35:00,2025-02-03 14:36:00,2025-02-03 14:46:00,APTV,LONG,34,57.26,57.22,10,-1.359999999999971,0.7,0.97342,-3.033419999999971,2025-02
2025-02-04 14:31:00,2025-02-04 14:32:00,2025-02-04 14:42:00,BALL,LONG,38,52.525,51.715,10,-30.779999999999816,0.7,0.9979750000000001,-32.477974999999816,2025-02
2025-02-19 14:31:00,2025-02-19 14:32:00,2025-02-19 14:42:00,CDNS,LONG,7,274.88,277.025,10,15.014999999999873,0.7,0.9620799999999999,13.352919999999873,2025-02
2025-02-19 14:32:00,2025-02-19 14:33:00,2025-02-19 14:43:00,CDNS,LONG,7,273.3,276.83,10,24.70999999999981,0.7,0.9565500000000001,23.05344999999981,2025-02
2025-02-19 14:33:00,2025-02-19 14:34:00,2025-02-19 14:44:00,CDNS,LONG,7,274.245,276.96,10,19.004999999999825,0.7,0.9598575000000001,17.345142499999824,2025-02
2025-02-19 14:34:00,2025-02-19 14:35:00,2025-02-19 14:45:00,CDNS,LONG,7,276.48,276.015,10,-3.255000000000223,0.7,0.9676800000000001,-4.9226800000002235,2025-02
2025-02-19 14:35:00,2025-02-19 14:36:00,2025-02-19 14:46:00,CDNS,LONG,7,278.74,275.57,10,-22.19000000000011,0.7,0.9755900000000001,-23.86559000000011,2025-02
2025-02-19 14:36:00,2025-02-19 14:37:00,2025-02-19 14:47:00,CDNS,LONG,7,278.97,275.085,10,-27.195000000000334,0.7,0.9763950000000001,-28.871395000000334,2025-02
2025-02-19 14:37:00,2025-02-19 14:38:00,2025-02-19 14:48:00,CDNS,LONG,7,276.83,275.21,10,-11.340000000000032,0.7,0.968905,-13.00890500000003,2025-02
2025-02-19 14:38:00,2025-02-19 14:39:00,2025-02-19 14:49:00,CDNS,LONG,7,276.975,275.08,10,-13.26500000000027,0.7,0.9694125000000001,-14.93441250000027,2025-02
2025-02-04 14:40:00,2025-02-04 14:41:00,2025-02-04 14:51:00,CNC,LONG,32,60.225,61.137,10,29.18399999999997,0.7,0.9636,27.52039999999997,2025-02
2025-02-03 14:33:00,2025-02-03 14:34:00,2025-02-03 14:44:00,COIN,LONG,7,274.33,275.45,10,7.840000000000032,0.7,0.960155,6.179845000000031,2025-02
2025-02-03 14:34:00,2025-02-03 14:35:00,2025-02-03 14:45:00,COIN,LONG,7,275.7,274.5,10,-8.39999999999992,0.7,0.96495,-10.06494999999992,2025-02
2025-02-05 14:36:00,2025-02-05 14:37:00,2025-02-05 14:47:00,DAY,LONG,30,65.29,66.12,10,24.89999999999995,0.7,0.9793500000000002,23.22064999999995,2025-02
2025-02-13 14:32:00,2025-02-13 14:33:00,2025-02-13 14:43:00,DDOG,LONG,14,134.61,134.14,10,-6.580000000000382,0.7,0.9422700000000002,-8.222270000000382,2025-02
2025-02-13 14:36:00,2025-02-13 14:37:00,2025-02-13 14:47:00,DDOG,LONG,14,134.16,133.67,10,-6.860000000000127,0.7,0.9391200000000001,-8.499120000000127,2025-02
2025-02-13 14:38:00,2025-02-13 14:39:00,2025-02-13 14:49:00,DDOG,LONG,15,132.422,132.045,10,-5.655000000000143,0.7,0.993165,-7.348165000000144,2025-02
2025-02-13 14:30:00,2025-02-13 14:31:00,2025-02-13 14:41:00,DE,LONG,4,453.74,458.82,10,20.319999999999936,0.7,0.9074800000000001,18.712519999999937,2025-02
2025-02-03 14:34:00,2025-02-03 14:35:00,2025-02-03 14:45:00,DHR,LONG,9,218.4032,217.84,10,-5.068799999999953,0.7,0.9828144,-6.751614399999953,2025-02
2025-02-27 14:30:00,2025-02-27 14:31:00,2025-02-27 14:41:00,EBAY,SHORT,31,64.185,62.88,10,40.45499999999999,0.7,0.9948675000000001,38.76013249999999,2025-02
2025-02-04 14:33:00,2025-02-04 14:34:00,2025-02-04 14:44:00,EL,LONG,27,73.36,72.51,10,-22.949999999999847,0.7,0.99036,-24.640359999999845,2025-02
2025-02-04 14:35:00,2025-02-04 14:36:00,2025-02-04 14:46:00,EL,LONG,27,73.325,73.1801,10,-3.9123000000001866,0.7,0.9898875,-5.602187500000187,2025-02
2025-02-04 15:05:00,2025-02-04 15:06:00,2025-02-04 15:16:00,EL,LONG,28,70.32,68.595,10,-48.29999999999984,0.7,0.9844799999999999,-49.98447999999984,2025-02
2025-02-04 15:16:00,2025-02-04 15:17:00,2025-02-04 15:27:00,EL,LONG,28,68.808,67.54,10,-35.50400000000002,0.7,0.9633120000000002,-37.167312000000024,2025-02
2025-02-05 14:58:00,2025-02-05 14:59:00,2025-02-05 15:09:00,ENPH,SHORT,28,68.7999,66.91,10,52.91719999999992,0.7,0.9631986,51.25400139999992,2025-02
2025-02-11 14:30:00,2025-02-11 14:31:00,2025-02-11 14:41:00,FIS,SHORT,27,72.3681,70.085,10,61.64370000000012,0.7,0.97696935,59.96673065000012,2025-02
2025-02-14 14:30:00,2025-02-14 14:31:00,2025-02-14 14:41:00,GDDY,LONG,10,195.0,191.2162,10,-37.838000000000136,0.7,0.975,-39.51300000000014,2025-02
2025-02-14 14:35:00,2025-02-14 14:36:00,2025-02-14 14:46:00,GDDY,LONG,10,191.25,187.46,10,-37.89999999999992,0.7,0.95625,-39.55624999999992,2025-02
2025-02-14 14:36:00,2025-02-14 14:37:00,2025-02-14 14:47:00,GDDY,LONG,10,192.09,187.575,10,-45.15000000000015,0.7,0.96045,-46.81045000000015,2025-02
2025-02-14 14:38:00,2025-02-14 14:39:00,2025-02-14 14:49:00,GDDY,LONG,10,190.18,188.2695,10,-19.105000000000132,0.7,0.9509000000000001,-20.755900000000132,2025-02
2025-02-18 14:31:00,2025-02-18 14:32:00,2025-02-18 14:42:00,GIS,LONG,35,55.695,55.995,10,10.4999999999999,0.7,0.9746625000000001,8.8253374999999,2025-02
2025-02-05 14:34:00,2025-02-05 14:35:00,2025-02-05 14:45:00,GOOG,LONG,10,192.315,192.88,10,5.649999999999977,0.7,0.9615750000000001,3.9884249999999772,2025-02
2025-02-05 14:34:00,2025-02-05 14:35:00,2025-02-05 14:45:00,GOOGL,LONG,10,190.41,191.0802,10,6.701999999999941,0.7,0.95205,5.049949999999941,2025-02
2025-02-11 14:34:00,2025-02-11 14:35:00,2025-02-11 14:45:00,LDOS,LONG,14,133.86,136.42,10,35.839999999999634,0.7,0.9370200000000001,34.202979999999634,2025-02
2025-02-11 14:35:00,2025-02-11 14:36:00,2025-02-11 14:46:00,LDOS,LONG,14,136.0775,136.79,10,9.97500000000008,0.7,0.9525425,8.32245750000008,2025-02
2025-02-11 14:37:00,2025-02-11 14:38:00,2025-02-11 14:48:00,LDOS,LONG,14,135.12,138.36,10,45.36000000000013,0.7,0.94584,43.71416000000013,2025-02
2025-02-11 14:39:00,2025-02-11 14:40:00,2025-02-11 14:50:00,LDOS,LONG,14,137.59,137.91,10,4.4799999999999045,0.7,0.96313,2.8168699999999043,2025-02
2025-02-04 14:38:00,2025-02-04 14:39:00,2025-02-04 14:49:00,MRK,LONG,22,88.62,88.27,10,-7.700000000000188,0.7,0.97482,-9.374820000000186,2025-02
2025-02-05 14:37:00,2025-02-05 14:38:00,2025-02-05 14:48:00,MTCH,LONG,59,33.61,34.15,10,31.85999999999995,0.7,0.991495,30.16850499999995,2025-02
2025-02-27 15:15:00,2025-02-27 15:16:00,2025-02-27 15:26:00,NCLH,LONG,82,24.3,24.42,10,9.840000000000082,0.7,0.9963000000000001,8.143700000000083,2025-02
2025-02-03 14:31:00,2025-02-03 14:32:00,2025-02-03 14:42:00,NVDA,LONG,17,114.954,114.4601,10,-8.39629999999994,0.7,0.9771089999999999,-10.07340899999994,2025-02
2025-02-03 14:32:00,2025-02-03 14:33:00,2025-02-03 14:43:00,NVDA,LONG,17,114.35,114.62,10,4.590000000000174,0.7,0.9719749999999999,2.9180250000001737,2025-02
2025-02-03 14:38:00,2025-02-03 14:39:00,2025-02-03 14:49:00,NVDA,SHORT,17,114.08,113.565,10,8.75500000000001,0.7,0.96968,7.08532000000001,2025-02
2025-02-20 14:42:00,2025-02-20 14:43:00,2025-02-20 14:53:00,PLTR,LONG,19,103.62,99.7847,10,-72.87070000000007,0.7,0.9843900000000001,-74.55509000000008,2025-02
2025-02-20 14:44:00,2025-02-20 14:45:00,2025-02-20 14:55:00,PLTR,LONG,19,103.6199,98.925,10,-89.20310000000008,0.7,0.98438905,-90.88748905000008,2025-02
2025-02-03 14:30:00,2025-02-03 14:31:00,2025-02-03 14:41:00,SMCI,SHORT,72,26.957,26.44,10,37.22399999999996,0.7,0.970452,35.55354799999996,2025-02
2025-02-03 14:33:00,2025-02-03 14:34:00,2025-02-03 14:44:00,SMCI,LONG,74,26.55,26.5218,10,-2.0868000000001317,0.7,0.9823500000000001,-3.769150000000132,2025-02
2025-02-03 14:34:00,2025-02-03 14:35:00,2025-02-03 14:45:00,SMCI,LONG,73,26.645,26.325,10,-23.36000000000002,0.7,0.9725425000000001,-25.03254250000002,2025-02
2025-02-03 14:35:00,2025-02-03 14:36:00,2025-02-03 14:46:00,SMCI,LONG,74,26.39,26.225,10,-12.209999999999937,0.7,0.9764300000000001,-13.886429999999937,2025-02
2025-02-03 14:36:00,2025-02-03 14:37:00,2025-02-03 14:47:00,SMCI,LONG,74,26.315,26.345,10,2.2199999999998212,0.7,0.9736550000000002,0.5463449999998211,2025-02
2025-02-03 14:37:00,2025-02-03 14:38:00,2025-02-03 14:48:00,SMCI,LONG,73,26.65,26.365,10,-20.80500000000001,0.7,0.972725,-22.47772500000001,2025-02
2025-02-03 14:38:00,2025-02-03 14:39:00,2025-02-03 14:49:00,SMCI,LONG,73,26.71,26.32,10,-28.47000000000004,0.7,0.9749150000000001,-30.14491500000004,2025-02
2025-02-03 14:39:00,2025-02-03 14:40:00,2025-02-03 14:50:00,SMCI,LONG,73,26.4099,26.385,10,-1.8176999999999133,0.7,0.96396135,-3.4816613499999134,2025-02
2025-02-03 14:43:00,2025-02-03 14:44:00,2025-02-03 14:54:00,SMCI,LONG,73,26.5218,26.26,10,-19.111399999999808,0.7,0.9680457,-20.77944569999981,2025-02
2025-02-03 14:45:00,2025-02-03 14:46:00,2025-02-03 14:56:00,SMCI,LONG,74,26.225,26.385,10,11.84000000000001,0.7,0.9703250000000001,10.16967500000001,2025-02
2025-02-03 14:46:00,2025-02-03 14:47:00,2025-02-03 14:57:00,SMCI,LONG,74,26.345,26.25,10,-7.029999999999916,0.7,0.974765,-8.704764999999917,2025-02
2025-02-05 14:35:00,2025-02-05 14:36:00,2025-02-05 14:46:00,SMCI,LONG,64,30.27,29.986,10,-18.17599999999993,0.7,0.9686400000000001,-19.84463999999993,2025-02
2025-02-05 14:36:00,2025-02-05 14:37:00,2025-02-05 14:47:00,SMCI,LONG,64,30.315,29.91,10,-25.920000000000073,0.7,0.97008,-27.59008000000007,2025-02
2025-02-18 14:53:00,2025-02-18 14:54:00,2025-02-18 15:04:00,SMCI,LONG,35,53.88,54.3677,10,17.069499999999884,0.7,0.9429000000000001,15.426599999999885,2025-02
2025-02-18 14:54:00,2025-02-18 14:55:00,2025-02-18 15:05:00,SMCI,LONG,36,53.62,54.58,10,34.56000000000003,0.7,0.96516,32.89484000000003,2025-02
2025-02-24 14:30:00,2025-02-24 14:31:00,2025-02-24 14:41:00,SMCI,SHORT,35,54.686,54.58,10,3.7100000000000577,0.7,0.957005,2.0529950000000574,2025-02
2025-02-25 14:53:00,2025-02-25 14:54:00,2025-02-25 15:04:00,SMCI,LONG,41,47.325,47.66,10,13.734999999999744,0.7,0.9701625,12.064837499999744,2025-02
2025-02-26 14:30:00,2025-02-26 14:31:00,2025-02-26 14:41:00,SMCI,SHORT,35,54.805,52.4264,10,83.25099999999995,0.7,0.9590875,81.59191249999995,2025-02
2025-02-26 14:31:00,2025-02-26 14:32:00,2025-02-26 14:42:00,SMCI,SHORT,36,53.67,52.27,10,50.39999999999995,0.7,0.96606,48.73393999999995,2025-02
2025-02-26 14:32:00,2025-02-26 14:33:00,2025-02-26 14:43:00,SMCI,SHORT,37,52.95,52.88,10,2.5900000000000105,0.7,0.9795750000000001,0.9104250000000105,2025-02
2025-02-26 14:33:00,2025-02-26 14:34:00,2025-02-26 14:44:00,SMCI,SHORT,36,53.89,52.8,10,39.24000000000012,0.7,0.97002,37.56998000000012,2025-02
2025-02-26 14:34:00,2025-02-26 14:35:00,2025-02-26 14:45:00,SMCI,SHORT,36,53.9,53.1041,10,28.652399999999858,0.7,0.9702,26.98219999999986,2025-02
2025-02-27 14:30:00,2025-02-27 14:31:00,2025-02-27 14:41:00,SMCI,SHORT,40,49.22,46.3099,10,116.404,0.7,0.9844,114.7196,2025-02
2025-02-28 14:30:00,2025-02-28 14:31:00,2025-02-28 14:41:00,SMCI,SHORT,51,39.1298,40.07,10,-47.95019999999986,0.7,0.9978099000000001,-49.64800989999986,2025-02
2025-02-28 14:31:00,2025-02-28 14:32:00,2025-02-28 14:42:00,SMCI,SHORT,50,39.41,40.2001,10,-39.50500000000012,0.7,0.98525,-41.19025000000013,2025-02
2025-02-28 14:32:00,2025-02-28 14:33:00,2025-02-28 14:43:00,SMCI,SHORT,50,39.7,40.585,10,-44.2499999999999,0.7,0.9925000000000002,-45.9424999999999,2025-02
2025-02-28 14:33:00,2025-02-28 14:34:00,2025-02-28 14:44:00,SMCI,SHORT,49,40.29,40.4002,10,-5.399799999999949,0.7,0.987105,-7.086904999999949,2025-02
2025-02-28 14:34:00,2025-02-28 14:35:00,2025-02-28 14:45:00,SMCI,SHORT,49,40.13,40.36,10,-11.269999999999847,0.7,0.9831850000000001,-12.953184999999847,2025-02
2025-02-25 14:35:00,2025-02-25 14:36:00,2025-02-25 14:46:00,SRE,SHORT,28,70.13,70.175,10,-1.2600000000000477,0.7,0.9818199999999999,-2.941820000000048,2025-02
2025-02-25 14:38:00,2025-02-25 14:39:00,2025-02-25 14:49:00,SRE,SHORT,27,71.185,69.25,10,52.24500000000006,0.7,0.9609975000000001,50.58400250000006,2025-02
2025-02-12 14:34:00,2025-02-12 14:35:00,2025-02-12 14:45:00,SW,LONG,40,49.465,50.41,10,37.79999999999973,0.7,0.9893000000000001,36.110699999999724,2025-02
2025-02-12 14:35:00,2025-02-12 14:36:00,2025-02-12 14:46:00,SW,LONG,40,49.38,50.28,10,35.99999999999994,0.7,0.9876,34.31239999999994,2025-02
2025-02-06 14:30:00,2025-02-06 14:31:00,2025-02-06 14:41:00,SWKS,SHORT,30,65.37,64.075,10,38.85000000000005,0.7,0.9805500000000001,37.16945000000005,2025-02
2025-02-10 14:37:00,2025-02-10 14:38:00,2025-02-10 14:48:00,TECH,LONG,29,68.875,68.28,10,-17.254999999999967,0.7,0.9986875000000001,-18.953687499999965,2025-02
2025-02-10 14:39:00,2025-02-10 14:40:00,2025-02-10 14:50:00,TECH,LONG,29,67.96,68.36,10,11.600000000000165,0.7,0.98542,9.914580000000166,2025-02
2025-02-03 14:31:00,2025-02-03 14:32:00,2025-02-03 14:42:00,TSLA,LONG,5,388.1218,386.3093,10,-9.0625,0.7,0.9703045,-10.732804499999999,2025-02
2025-02-05 14:34:00,2025-02-05 14:35:00,2025-02-05 14:45:00,UBER,LONG,30,65.0,65.48,10,14.40000000000012,0.7,0.975,12.72500000000012,2025-02
2025-02-24 14:30:00,2025-02-24 14:31:00,2025-02-24 14:41:00,WDC,SHORT,38,52.22,50.825,10,53.00999999999985,0.7,0.99218,51.31781999999985,2025-02
2025-02-24 14:35:00,2025-02-24 14:36:00,2025-02-24 14:46:00,WDC,LONG,39,51.14,51.06,10,-3.1199999999999335,0.7,0.9972300000000001,-4.817229999999934,2025-02
2025-02-13 14:34:00,2025-02-13 14:35:00,2025-02-13 14:45:00,ZTS,LONG,12,157.565,157.85,10,3.419999999999959,0.7,0.94539,1.774609999999959,2025-02
2025-02-13 14:37:00,2025-02-13 14:38:00,2025-02-13 14:48:00,ZTS,LONG,12,158.165,156.2,10,-23.58000000000004,0.7,0.94899,-25.22899000000004,2025-02
2025-02-13 14:39:00,2025-02-13 14:40:00,2025-02-13 14:50:00,ZTS,LONG,12,155.34,156.99,10,19.800000000000068,0.7,0.93204,18.16796000000007,2025-02
2025-03-04 14:30:00,2025-03-04 14:31:00,2025-03-04 14:41:00,AMZN,SHORT,10,199.41,200.44,10,-10.300000000000011,0.7,0.99705,-11.99705000000001,2025-03
2025-03-07 14:33:00,2025-03-07 14:34:00,2025-03-07 14:44:00,AVGO,SHORT,10,189.51,190.245,10,-7.350000000000136,0.7,0.94755,-8.997550000000135,2025-03
2025-03-04 14:35:00,2025-03-04 14:36:00,2025-03-04 14:46:00,BBY,SHORT,26,74.935,75.4,10,-12.090000000000089,0.7,0.974155,-13.764155000000088,2025-03
2025-03-05 14:31:00,2025-03-05 14:32:00,2025-03-05 14:42:00,CARR,LONG,31,63.845,64.8,10,29.604999999999947,0.7,0.9895975,27.91540249999995,2025-03
2025-03-03 14:43:00,2025-03-03 14:44:00,2025-03-03 14:54:00,COIN,LONG,8,225.2616,221.57,10,-29.532799999999952,0.7,0.9010463999999999,-31.13384639999995,2025-03
2025-03-04 14:33:00,2025-03-04 14:34:00,2025-03-04 14:44:00,COIN,LONG,9,200.11,199.796553,10,-2.821023000000224,0.7,0.9004950000000002,-4.4215180000002245,2025-03
2025-03-10 13:30:00,2025-03-10 13:31:00,2025-03-10 13:41:00,DASH,SHORT,11,175.87,176.01,10,-1.53999999999985,0.7,0.9672850000000001,-3.20728499999985,2025-03
2025-03-10 13:32:00,2025-03-10 13:33:00,2025-03-10 13:43:00,DASH,SHORT,11,175.085,176.0,10,-10.064999999999912,0.7,0.9629675000000001,-11.727967499999911,2025-03
2025-03-04 14:32:00,2025-03-04 14:33:00,2025-03-04 14:43:00,DELL,LONG,21,93.825,93.84,10,0.31500000000001194,0.7,0.9851625,-1.3701624999999882,2025-03
2025-03-04 14:30:00,2025-03-04 14:31:00,2025-03-04 14:41:00,DLTR,SHORT,30,65.14,65.25,10,-3.299999999999983,0.7,0.9771000000000001,-4.977099999999983,2025-03
2025-03-04 14:35:00,2025-03-04 14:36:00,2025-03-04 14:46:00,DLTR,LONG,30,64.4,65.43,10,30.900000000000034,0.7,0.9660000000000001,29.234000000000034,2025-03
2025-03-04 14:36:00,2025-03-04 14:37:00,2025-03-04 14:47:00,DLTR,LONG,30,65.0,65.83,10,24.89999999999995,0.7,0.975,23.224999999999948,2025-03
2025-03-04 14:37:00,2025-03-04 14:38:00,2025-03-04 14:48:00,DLTR,LONG,30,65.465,66.18,10,21.450000000000102,0.7,0.981975,19.768025000000105,2025-03
2025-03-04 14:38:00,2025-03-04 14:39:00,2025-03-04 14:49:00,DLTR,LONG,30,65.815,66.15,10,10.050000000000239,0.7,0.9872249999999999,8.362775000000239,2025-03
2025-03-04 14:39:00,2025-03-04 14:40:00,2025-03-04 14:50:00,DLTR,LONG,30,65.68,65.495,10,-5.550000000000068,0.7,0.9852000000000001,-7.235200000000068,2025-03
2025-03-04 14:48:00,2025-03-04 14:49:00,2025-03-04 14:59:00,DLTR,LONG,30,66.15,64.88,10,-38.10000000000031,0.7,0.9922500000000002,-39.79225000000031,2025-03
2025-03-24 15:30:00,2025-03-24 15:31:00,2025-03-24 15:41:00,EXPE,LONG,11,175.06,175.445,10,4.2349999999999,0.7,0.9628300000000001,2.5721699999998995,2025-03
2025-03-06 14:31:00,2025-03-06 14:32:00,2025-03-06 14:42:00,GEV,LONG,6,301.435,298.6053,10,-16.978200000000015,0.7,0.9043050000000001,-18.582505000000015,2025-03
2025-03-24 14:21:00,2025-03-24 14:22:00,2025-03-24 14:32:00,GEV,LONG,5,345.755,346.75,10,4.975000000000023,0.7,0.8643875000000001,3.4106125000000223,2025-03
2025-03-24 14:58:00,2025-03-24 14:59:00,2025-03-24 15:09:00,GEV,LONG,5,349.62,348.75,10,-4.350000000000023,0.7,0.87405,-5.9240500000000225,2025-03
2025-03-27 13:30:00,2025-03-27 13:31:00,2025-03-27 13:41:00,GM,SHORT,41,47.4,46.645,10,30.954999999999814,0.7,0.9716999999999999,29.283299999999816,2025-03
2025-03-27 13:31:00,2025-03-27 13:32:00,2025-03-27 13:42:00,GM,SHORT,42,46.88,46.67,10,8.820000000000036,0.7,0.98448,7.135520000000037,2025-03
2025-03-10 14:06:00,2025-03-10 14:07:00,2025-03-10 14:17:00,GOOGL,LONG,11,166.8885,166.4,10,-5.373499999999865,0.7,0.91788675,-6.991386749999865,2025-03
2025-03-07 14:32:00,2025-03-07 14:33:00,2025-03-07 14:43:00,HPE,SHORT,131,15.145,15.255,10,-14.410000000000158,0.917,0.9919975,-16.318997500000158,2025-03
2025-03-04 14:31:00,2025-03-04 14:32:00,2025-03-04 14:42:00,HWM,LONG,15,128.18,127.23,10,-14.250000000000043,0.7,0.96135,-15.911350000000041,2025-03
2025-03-17 13:32:00,2025-03-17 13:33:00,2025-03-17 13:43:00,INCY,SHORT,33,59.98,59.625,10,11.714999999999897,0.7,0.9896699999999999,10.025329999999897,2025-03
2025-03-17 13:33:00,2025-03-17 13:34:00,2025-03-17 13:44:00,INCY,SHORT,33,59.79,59.69,10,3.300000000000047,0.7,0.9865349999999999,1.6134650000000468,2025-03
2025-03-03 14:30:00,2025-03-03 14:31:00,2025-03-03 14:41:00,INTC,SHORT,80,24.635,24.51,10,10.0,0.7,0.9854000000000002,8.3146,2025-03
2025-03-03 15:20:00,2025-03-03 15:21:00,2025-03-03 15:31:00,INTC,LONG,81,24.345,24.735,10,31.590000000000046,0.7,0.9859725,29.904027500000048,2025-03
2025-03-03 15:22:00,2025-03-03 15:23:00,2025-03-03 15:33:00,INTC,LONG,82,24.335,24.64,10,25.009999999999977,0.7,0.997735,23.31226499999998,2025-03
2025-03-03 15:23:00,2025-03-03 15:24:00,2025-03-03 15:34:00,INTC,LONG,82,24.225,24.595,10,30.33999999999979,0.7,0.993225,28.646774999999792,2025-03
2025-03-03 15:24:00,2025-03-03 15:25:00,2025-03-03 15:35:00,INTC,LONG,82,24.27,24.61,10,27.87999999999999,0.7,0.99507,26.18492999999999,2025-03
2025-03-03 15:30:00,2025-03-03 15:31:00,2025-03-03 15:41:00,INTC,LONG,81,24.735,24.595,10,-11.340000000000046,0.7,1.0017675,-13.041767500000045,2025-03
2025-03-12 13:31:00,2025-03-12 13:32:00,2025-03-12 13:42:00,INTC,SHORT,97,20.735,21.11,10,-36.375,0.7,1.0056475,-38.080647500000005,2025-03
2025-03-13 13:40:00,2025-03-13 13:41:00,2025-03-13 13:51:00,INTC,LONG,83,24.0787,23.845,10,-19.397100000000204,0.7,0.9992660500000001,-21.096366050000203,2025-03
2025-03-13 13:44:00,2025-03-13 13:45:00,2025-03-13 13:55:00,INTC,LONG,82,24.145,23.805,10,-27.87999999999999,0.7,0.989945,-29.569944999999986,2025-03
2025-03-13 13:45:00,2025-03-13 13:46:00,2025-03-13 13:56:00,INTC,LONG,83,23.979,23.7499,10,-19.015299999999915,0.7,0.9951285,-20.710428499999914,2025-03
2025-03-13 13:49:00,2025-03-13 13:50:00,2025-03-13 14:00:00,INTC,LONG,83,23.9312,23.905,10,-2.174599999999945,0.7,0.9931448,-3.867744799999945,2025-03
2025-03-12 14:41:00,2025-03-12 14:42:00,2025-03-12 14:52:00,JPM,LONG,8,228.6025,228.94,10,2.7000000000000455,0.7,0.91441,1.0855900000000454,2025-03
2025-03-03 14:45:00,2025-03-03 14:46:00,2025-03-03 14:56:00,MCHP,LONG,34,57.75,58.2975,10,18.61499999999998,0.7,0.98175,16.93324999999998,2025-03
2025-03-03 14:46:00,2025-03-03 14:47:00,2025-03-03 14:57:00,MCHP,LONG,34,57.86,58.07,10,7.140000000000029,0.7,0.98362,5.456380000000029,2025-03
2025-03-03 14:47:00,2025-03-03 14:48:00,2025-03-03 14:58:00,MCHP,LONG,34,57.84,58.165,10,11.049999999999855,0.7,0.9832800000000002,9.366719999999855,2025-03
2025-03-14 14:54:00,2025-03-14 14:55:00,2025-03-14 15:05:00,META,LONG,3,600.9,602.51,10,4.830000000000041,0.7,0.9013499999999999,3.228650000000041,2025-03
2025-03-05 14:30:00,2025-03-05 14:31:00,2025-03-05 14:41:00,MRNA,LONG,62,32.2,33.6343,10,88.92660000000002,0.7,0.9982000000000001,87.22840000000002,2025-03
2025-03-05 14:31:00,2025-03-05 14:32:00,2025-03-05 14:42:00,MRNA,LONG,63,31.905,33.791,10,118.81799999999973,0.7,1.0050075,117.11299249999972,2025-03
2025-03-05 14:32:00,2025-03-05 14:33:00,2025-03-05 14:43:00,MRNA,LONG,63,32.05,33.725,10,105.52500000000026,0.7,1.009575,103.81542500000026,2025-03
2025-03-05 14:33:00,2025-03-05 14:34:00,2025-03-05 14:44:00,MRNA,LONG,63,32.275,33.54,10,79.69500000000004,0.7,1.0166625,77.97833750000004,2025-03
2025-03-05 14:34:00,2025-03-05 14:35:00,2025-03-05 14:45:00,MRNA,LONG,64,32.295,33.8,10,96.31999999999971,0.7,1.0334400000000001,94.58655999999971,2025-03
2025-03-05 14:35:00,2025-03-05 14:36:00,2025-03-05 14:46:00,MRNA,LONG,63,32.83,33.93,10,69.3000000000001,0.7,1.034145,67.5658550000001,2025-03
2025-03-05 14:36:00,2025-03-05 14:37:00,2025-03-05 14:47:00,MRNA,LONG,64,32.7425,33.24,10,31.840000000000146,0.7,1.04776,30.092240000000146,2025-03
2025-03-05 14:37:00,2025-03-05 14:38:00,2025-03-05 14:48:00,MRNA,LONG,63,33.03,33.32,10,18.269999999999946,0.7,1.040445,16.529554999999945,2025-03
2025-03-05 14:38:00,2025-03-05 14:39:00,2025-03-05 14:49:00,MRNA,LONG,63,33.095,33.34,10,15.435000000000286,0.7,1.0424925,13.692507500000287,2025-03
2025-03-05 14:39:00,2025-03-05 14:40:00,2025-03-05 14:50:00,MRNA,LONG,63,33.31,33.31,10,0.0,0.7,1.0492650000000001,-1.749265,2025-03
2025-03-05 14:40:00,2025-03-05 14:41:00,2025-03-05 14:51:00,MRNA,LONG,62,33.6343,33.29,10,-21.34660000000025,0.7,1.0426633000000003,-23.08926330000025,2025-03
2025-03-05 14:41:00,2025-03-05 14:42:00,2025-03-05 14:52:00,MRNA,LONG,62,33.791,33.405,10,-23.931999999999732,0.7,1.047521,-25.67952099999973,2025-03
2025-03-05 14:42:00,2025-03-05 14:43:00,2025-03-05 14:53:00,MRNA,LONG,62,33.725,33.3,10,-26.350000000000264,0.7,1.0454750000000002,-28.095475000000263,2025-03
2025-03-05 14:43:00,2025-03-05 14:44:00,2025-03-05 14:54:00,MRNA,LONG,62,33.54,33.24,10,-18.599999999999824,0.7,1.03974,-20.33973999999982,2025-03
2025-03-05 14:44:00,2025-03-05 14:45:00,2025-03-05 14:55:00,MRNA,LONG,62,33.8,33.4191,10,-23.61579999999981,0.7,1.0478,-25.363599999999806,2025-03
2025-03-05 14:45:00,2025-03-05 14:46:00,2025-03-05 14:56:00,MRNA,LONG,61,33.93,32.9608,10,-59.121200000000044,0.7,1.034865,-60.856065000000044,2025-03
2025-03-05 14:46:00,2025-03-05 14:47:00,2025-03-05 14:57:00,MRNA,LONG,62,33.24,32.99,10,-15.5,0.7,1.03044,-17.230439999999998,2025-03
2025-03-05 14:47:00,2025-03-05 14:48:00,2025-03-05 14:58:00,MRNA,LONG,62,33.32,32.895,10,-26.349999999999824,0.7,1.03292,-28.082919999999824,2025-03
2025-03-05 14:48:00,2025-03-05 14:49:00,2025-03-05 14:59:00,MRNA,LONG,62,33.34,32.99,10,-21.700000000000088,0.7,1.0335400000000001,-23.433540000000086,2025-03
2025-03-05 14:49:00,2025-03-05 14:50:00,2025-03-05 15:00:00,MRNA,LONG,62,33.31,33.19,10,-7.440000000000282,0.7,1.0326100000000002,-9.172610000000281,2025-03
2025-03-05 15:30:00,2025-03-05 15:31:00,2025-03-05 15:41:00,MRNA,LONG,65,31.57,32.175,10,39.3249999999998,0.7,1.0260250000000002,37.5989749999998,2025-03
2025-03-05 15:31:00,2025-03-05 15:32:00,2025-03-05 15:42:00,MRNA,LONG,66,31.42,32.09,10,44.22000000000011,0.7,1.0368600000000001,42.48314000000011,2025-03
2025-03-04 14:30:00,2025-03-04 14:31:00,2025-03-04 14:41:00,NVDA,LONG,18,111.985,113.66,10,30.14999999999995,0.7,1.007865,28.44213499999995,2025-03
2025-03-04 14:31:00,2025-03-04 14:32:00,2025-03-04 14:42:00,NVDA,LONG,18,111.88,112.7296,10,15.29280000000017,0.7,1.00692,13.58588000000017,2025-03
2025-03-04 14:32:00,2025-03-04 14:33:00,2025-03-04 14:43:00,NVDA,LONG,18,112.97,112.96,10,-0.1800000000000921,0.7,1.0167300000000001,-1.8967300000000922,2025-03
2025-03-04 14:33:00,2025-03-04 14:34:00,2025-03-04 14:44:00,PLTR,LONG,25,82.015,81.245,10,-19.2499999999999,0.7,1.0251875,-20.9751874999999,2025-03
2025-03-04 14:42:00,2025-03-04 14:43:00,2025-03-04 14:53:00,PLTR,LONG,25,80.74,82.69,10,48.75000000000007,0.7,1.00925,47.04075000000007,2025-03
2025-03-04 14:43:00,2025-03-04 14:44:00,2025-03-04 14:54:00,PLTR,LONG,25,81.245,82.65,10,35.12500000000003,0.7,1.0155625,33.409437500000024,2025-03
2025-03-05 14:30:00,2025-03-05 14:31:00,2025-03-05 14:41:00,PLTR,SHORT,24,84.7591,85.16,10,-9.62159999999983,0.7,1.0171092000000002,-11.33870919999983,2025-03
2025-03-17 13:31:00,2025-03-17 13:32:00,2025-03-17 13:42:00,PLTR,SHORT,24,87.04,88.63,10,-38.15999999999974,0.7,1.04448,-39.904479999999744,2025-03
2025-03-04 14:30:00,2025-03-04 14:31:00,2025-03-04 14:41:00,SMCI,LONG,59,35.175,36.7142,10,90.81280000000007,0.7,1.0376625,89.07513750000007,2025-03
2025-03-04 14:31:00,2025-03-04 14:32:00,2025-03-04 14:42:00,SMCI,SHORT,59,35.17,36.06,10,-52.51000000000003,0.7,1.0375150000000002,-54.247515000000035,2025-03
2025-03-04 14:32:00,2025-03-04 14:33:00,2025-03-04 14:43:00,SMCI,SHORT,58,35.8597,36.19,10,-19.157400000000067,0.7,1.0399313,-20.897331300000065,2025-03
2025-03-04 14:33:00,2025-03-04 14:34:00,2025-03-04 14:44:00,SMCI,SHORT,57,36.37,36.4421,10,-4.109700000000345,0.7,1.0365449999999998,-5.846245000000344,2025-03
2025-03-04 14:34:00,2025-03-04 14:35:00,2025-03-04 14:45:00,SMCI,LONG,56,37.3579,36.4,10,-53.64240000000012,0.7,1.0460212000000002,-55.388421200000124,2025-03
2025-03-04 14:35:00,2025-03-04 14:36:00,2025-03-04 14:46:00,SMCI,LONG,55,37.24,36.97,10,-14.850000000000172,0.7,1.0241000000000002,-16.574100000000172,2025-03
2025-03-04 14:36:00,2025-03-04 14:37:00,2025-03-04 14:47:00,SMCI,LONG,56,37.115,36.93,10,-10.360000000000127,0.7,1.03922,-12.099220000000127,2025-03
2025-03-04 14:37:00,2025-03-04 14:38:00,2025-03-04 14:48:00,SMCI,LONG,55,37.49,37.06,10,-23.649999999999984,0.7,1.0309750000000002,-25.380974999999985,2025-03
2025-03-04 14:38:00,2025-03-04 14:39:00,2025-03-04 14:49:00,SMCI,LONG,56,36.555,36.88,10,18.20000000000016,0.7,1.02354,16.47646000000016,2025-03
2025-03-24 13:32:00,2025-03-24 13:33:00,2025-03-24 13:43:00,SMCI,SHORT,49,41.7481,40.815,10,45.721900000000154,0.7,1.02282845,43.99907155000015,2025-03
2025-03-04 14:32:00,2025-03-04 14:33:00,2025-03-04 14:43:00,SYF,LONG,37,55.61,55.28,10,-12.209999999999937,0.7,1.028785,-13.938784999999935,2025-03
2025-03-04 14:33:00,2025-03-04 14:34:00,2025-03-04 14:44:00,TGT,LONG,18,114.6914,114.625,10,-1.1952000000000282,0.7,1.0322226,-2.9274226000000283,2025-03
2025-03-04 14:34:00,2025-03-04 14:35:00,2025-03-04 14:45:00,TGT,LONG,18,114.26,114.775,10,9.27000000000001,0.7,1.0283400000000003,7.541660000000011,2025-03
2025-03-04 14:36:00,2025-03-04 14:37:00,2025-03-04 14:47:00,TGT,LONG,18,115.1559,114.89,10,-4.786200000000036,0.7,1.0364031,-6.522603100000037,2025-03
2025-03-04 14:30:00,2025-03-04 14:31:00,2025-03-04 14:41:00,TSLA,LONG,7,271.705,273.7286,10,14.165199999999913,0.7,0.9509675,12.514232499999913,2025-03
2025-03-04 14:31:00,2025-03-04 14:32:00,2025-03-04 14:42:00,TSLA,LONG,7,272.79,271.7468,10,-7.302400000000091,0.7,0.9547650000000001,-8.95716500000009,2025-03
2025-03-04 14:32:00,2025-03-04 14:33:00,2025-03-04 14:43:00,TSLA,LONG,7,273.68,271.5128,10,-15.170399999999859,0.7,0.9578800000000001,-16.828279999999857,2025-03
2025-03-04 14:33:00,2025-03-04 14:34:00,2025-03-04 14:44:00,TSLA,LONG,7,274.5,272.6634,10,-12.85619999999983,0.7,0.96075,-14.51694999999983,2025-03
2025-03-04 14:34:00,2025-03-04 14:35:00,2025-03-04 14:45:00,TSLA,LONG,7,274.11,271.83,10,-15.960000000000207,0.7,0.959385,-17.619385000000207,2025-03
2025-03-04 14:35:00,2025-03-04 14:36:00,2025-03-04 14:46:00,TSLA,LONG,7,277.0,272.77,10,-29.610000000000127,0.7,0.9695,-31.279500000000127,2025-03
2025-03-04 14:35:00,2025-03-04 14:36:00,2025-03-04 14:46:00,UAL,LONG,23,86.64,85.43,10,-27.829999999999856,0.7,0.99636,-29.526359999999855,2025-03
2025-03-04 14:31:00,2025-03-04 14:32:00,2025-03-04 14:42:00,UNG,LONG,88,23.4,23.59,10,16.720000000000113,0.7,1.0295999999999998,14.990400000000113,2025-03
2025-03-04 14:33:00,2025-03-04 14:34:00,2025-03-04 14:44:00,WFC,LONG,27,73.93,73.385,10,-14.715000000000046,0.7,0.9980550000000001,-16.413055000000046,2025-03
2025-03-18 15:28:00,2025-03-18 15:29:00,2025-03-18 15:39:00,WSM,LONG,11,173.22,173.82,10,6.5999999999999375,0.7,0.9527100000000001,4.947289999999938,2025-03
2025-03-04 14:33:00,2025-03-04 14:34:00,2025-03-04 14:44:00,XYZ,LONG,34,60.385,59.7652,10,-21.07319999999993,0.7,1.026545,-22.799744999999927,2025-03
2025-04-14 13:43:00,2025-04-14 13:44:00,2025-04-14 13:54:00,AAPL,LONG,9,207.0296,207.185,10,1.3986000000001297,0.7,0.9316332,-0.23303319999987027,2025-04
2025-04-08 13:32:00,2025-04-08 13:33:00,2025-04-08 13:43:00,AMD,SHORT,22,87.67,87.46,10,4.620000000000175,0.7,0.9643700000000001,2.9556300000001747,2025-04
2025-04-10 13:32:00,2025-04-10 13:33:00,2025-04-10 13:43:00,AMD,SHORT,21,92.225,90.27,10,41.054999999999964,0.7,0.9683625,39.38663749999996,2025-04
2025-04-16 13:31:00,2025-04-16 13:32:00,2025-04-16 13:42:00,AMD,SHORT,22,89.49,90.17,10,-14.96000000000015,0.7,0.98439,-16.64439000000015,2025-04
2025-04-04 13:30:00,2025-04-04 13:31:00,2025-04-04 13:41:00,AMZN,SHORT,11,168.75,171.3392,10,-28.481200000000058,0.7,0.928125,-30.10932500000006,2025-04
2025-04-07 13:30:00,2025-04-07 13:31:00,2025-04-07 13:41:00,ANET,SHORT,33,59.52,61.29,10,-58.40999999999987,0.7,0.9820800000000001,-60.092079999999875,2025-04
2025-04-07 13:31:00,2025-04-07 13:32:00,2025-04-07 13:42:00,ANET,SHORT,33,59.725,61.204,10,-48.806999999999974,0.7,0.9854625,-50.492462499999974,2025-04
2025-04-07 13:32:00,2025-04-07 13:33:00,2025-04-07 13:43:00,ANET,SHORT,32,61.77,61.11,10,21.12000000000012,0.7,0.9883200000000001,19.431680000000117,2025-04
2025-04-21 13:32:00,2025-04-21 13:33:00,2025-04-21 13:43:00,APA,LONG,130,15.22,15.47,10,32.5,0.91,0.9893000000000001,30.6007,2025-04
2025-04-03 13:37:00,2025-04-03 13:38:00,2025-04-03 13:48:00,APO,SHORT,16,122.635,123.9,10,-20.24000000000001,0.7,0.9810800000000001,-21.921080000000007,2025-04
2025-04-04 13:32:00,2025-04-04 13:33:00,2025-04-04 13:43:00,APO,SHORT,17,113.565,113.26,10,5.184999999999874,0.7,0.9653025000000001,3.5196974999998742,2025-04
2025-04-04 13:36:00,2025-04-04 13:37:00,2025-04-04 13:47:00,APO,SHORT,17,112.64,113.45,10,-13.770000000000039,0.7,0.9574400000000001,-15.427440000000038,2025-04
2025-04-04 13:37:00,2025-04-04 13:38:00,2025-04-04 13:48:00,APO,SHORT,17,112.71,113.525,10,-13.855000000000203,0.7,0.958035,-15.513035000000203,2025-04
2025-04-04 13:38:00,2025-04-04 13:39:00,2025-04-04 13:49:00,APO,SHORT,17,112.785,113.23,10,-7.565000000000126,0.7,0.9586725,-9.223672500000125,2025-04
2025-04-04 13:39:00,2025-04-04 13:40:00,2025-04-04 13:50:00,APO,SHORT,17,111.98,113.23,10,-21.25,0.7,0.9518300000000001,-22.90183,2025-04
2025-04-04 13:41:00,2025-04-04 13:42:00,2025-04-04 13:52:00,APO,SHORT,17,112.82,113.47,10,-11.050000000000097,0.7,0.9589699999999999,-12.708970000000097,2025-04
2025-04-04 15:05:00,2025-04-04 15:06:00,2025-04-04 15:16:00,APO,LONG,18,109.15,110.85,10,30.599999999999795,0.7,0.9823500000000001,28.917649999999796,2025-04
2025-04-04 15:06:00,2025-04-04 15:07:00,2025-04-04 15:17:00,APO,LONG,18,108.87,111.64,10,49.85999999999993,0.7,0.9798300000000001,48.180169999999926,2025-04
2025-04-07 13:32:00,2025-04-07 13:33:00,2025-04-07 13:43:00,APO,SHORT,18,104.5,104.47,10,0.5400000000000205,0.7,0.9405,-1.1004999999999794,2025-04
2025-04-07 13:33:00,2025-04-07 13:34:00,2025-04-07 13:44:00,APO,SHORT,18,104.93,104.45,10,8.640000000000072,0.7,0.9443700000000002,6.995630000000071,2025-04
2025-04-07 13:34:00,2025-04-07 13:35:00,2025-04-07 13:45:00,APO,SHORT,18,104.755,104.0,10,13.589999999999918,0.7,0.9427949999999999,11.947204999999919,2025-04
2025-04-15 13:32:00,2025-04-15 13:33:00,2025-04-15 13:43:00,APTV,LONG,40,49.545,49.4303,10,-4.587999999999965,0.7,0.9909000000000001,-6.2788999999999655,2025-04
2025-04-10 13:31:00,2025-04-10 13:32:00,2025-04-10 13:42:00,BAC,LONG,55,36.02,35.875,10,-7.975000000000172,0.7,0.99055,-9.665550000000172,2025-04
2025-04-10 13:32:00,2025-04-10 13:33:00,2025-04-10 13:43:00,BAC,LONG,55,35.985,35.85,10,-7.424999999999891,0.7,0.9895875,-9.11458749999989,2025-04
2025-04-15 13:31:00,2025-04-15 13:32:00,2025-04-15 13:42:00,BAC,LONG,51,38.445,38.33,10,-5.8650000000001015,0.7,0.9803475,-7.545347500000101,2025-04
2025-04-03 13:30:00,2025-04-03 13:31:00,2025-04-03 13:41:00,CCL,LONG,108,18.31,18.325,10,1.6200000000000614,0.756,0.98874,-0.12473999999993857,2025-04
2025-04-07 13:30:00,2025-04-07 13:31:00,2025-04-07 13:41:00,CCL,LONG,131,15.1188,15.36,10,31.597199999999894,0.917,0.9902814,29.689918599999892,2025-04
2025-04-07 13:31:00,2025-04-07 13:32:00,2025-04-07 13:42:00,CCL,LONG,129,15.29,15.26,10,-3.8699999999999175,0.903,0.986205,-5.759204999999918,2025-04
2025-04-07 13:32:00,2025-04-07 13:33:00,2025-04-07 13:43:00,CCL,LONG,129,15.375,15.3122,10,-8.10119999999991,0.903,0.9916875,-9.99588749999991,2025-04
2025-04-07 13:52:00,2025-04-07 13:53:00,2025-04-07 14:03:00,CCL,LONG,124,15.955,16.024,10,8.556000000000104,0.868,0.98921,6.698790000000104,2025-04
2025-04-07 13:55:00,2025-04-07 13:56:00,2025-04-07 14:06:00,CCL,LONG,124,15.9812,16.03,10,6.051200000000215,0.868,0.9908344,4.1923656000002145,2025-04
2025-04-07 14:01:00,2025-04-07 14:02:00,2025-04-07 14:12:00,CCL,LONG,124,16.0,16.83,10,102.91999999999979,0.868,0.992,101.05999999999979,2025-04
2025-04-08 13:30:00,2025-04-08 13:31:00,2025-04-08 13:41:00,CCL,LONG,113,17.745,17.485,10,-29.380000000000177,0.791,1.0025925,-31.173592500000176,2025-04
2025-04-08 13:31:00,2025-04-08 13:32:00,2025-04-08 13:42:00,CCL,LONG,113,17.655,17.615,10,-4.520000000000305,0.791,0.9975075000000001,-6.308507500000306,2025-04
2025-04-08 13:32:00,2025-04-08 13:33:00,2025-04-08 13:43:00,CCL,LONG,113,17.68,17.58,10,-11.30000000000016,0.791,0.99892,-13.089920000000161,2025-04
2025-04-08 13:33:00,2025-04-08 13:34:00,2025-04-08 13:44:00,CCL,LONG,113,17.66,17.48,10,-20.339999999999968,0.791,0.99779,-22.128789999999967,2025-04
2025-04-08 13:34:00,2025-04-08 13:35:00,2025-04-08 13:45:00,CCL,LONG,112,17.63,17.61,10,-2.2399999999999523,0.784,0.98728,-4.011279999999952,2025-04
2025-04-08 13:37:00,2025-04-08 13:38:00,2025-04-08 13:48:00,CCL,LONG,113,17.5,17.59,10,10.169999999999984,0.791,0.98875,8.390249999999984,2025-04
2025-04-08 13:44:00,2025-04-08 13:45:00,2025-04-08 13:55:00,CCL,LONG,113,17.61,17.625,10,1.6950000000000642,0.791,0.994965,-0.09096499999993579,2025-04
2025-04-14 13:30:00,2025-04-14 13:31:00,2025-04-14 13:41:00,CCL,LONG,109,18.27,18.03,10,-26.15999999999983,0.763,0.995715,-27.918714999999832,2025-04
2025-04-30 13:31:00,2025-04-30 13:32:00,2025-04-30 13:42:00,CCL,LONG,111,17.74,17.3793,10,-40.03769999999976,0.777,0.98457,-41.79926999999976,2025-04
2025-04-03 13:30:00,2025-04-03 13:31:00,2025-04-03 13:41:00,COF,SHORT,11,165.89,167.065,10,-12.925000000000125,0.7,0.912395,-14.537395000000124,2025-04
2025-04-03 13:31:00,2025-04-03 13:32:00,2025-04-03 13:42:00,COF,SHORT,11,166.09,166.49,10,-4.4000000000000625,0.7,0.9134950000000001,-6.013495000000063,2025-04
2025-04-03 13:32:00,2025-04-03 13:33:00,2025-04-03 13:43:00,COF,SHORT,11,167.23,166.26,10,10.669999999999987,0.7,0.919765,9.050234999999988,2025-04
2025-04-04 14:55:00,2025-04-04 14:56:00,2025-04-04 15:06:00,COIN,LONG,13,151.8701,154.7,10,36.78869999999975,0.7,0.98715565,35.10154434999975,2025-04
2025-04-04 15:14:00,2025-04-04 15:15:00,2025-04-04 15:25:00,COIN,LONG,12,157.3999,158.1275,10,8.731199999999944,0.7,0.9443994,7.086800599999945,2025-04
2025-04-03 13:30:00,2025-04-03 13:31:00,2025-04-03 13:41:00,DECK,SHORT,19,101.1026,101.84,10,-14.010600000000153,0.7,0.9604747,-15.671074700000153,2025-04
2025-04-03 13:31:00,2025-04-03 13:32:00,2025-04-03 13:42:00,DECK,SHORT,19,102.34,101.8,10,10.260000000000119,0.7,0.97223,8.58777000000012,2025-04
2025-04-03 13:30:00,2025-04-03 13:31:00,2025-04-03 13:41:00,DELL,SHORT,23,83.06,81.155,10,43.815000000000026,0.7,0.9551900000000001,42.15981000000002,2025-04
2025-04-03 13:30:00,2025-04-03 13:31:00,2025-04-03 13:41:00,DLTR,SHORT,28,69.0,70.39,10,-38.920000000000016,0.7,0.966,-40.58600000000002,2025-04
2025-04-03 13:31:00,2025-04-03 13:32:00,2025-04-03 13:42:00,DLTR,SHORT,28,68.535,69.9,10,-38.220000000000255,0.7,0.9594900000000001,-39.87949000000026,2025-04
2025-04-03 13:32:00,2025-04-03 13:33:00,2025-04-03 13:43:00,DLTR,SHORT,28,68.555,70.26,10,-47.73999999999995,0.7,0.9597700000000001,-49.399769999999954,2025-04
2025-04-03 13:33:00,2025-04-03 13:34:00,2025-04-03 13:44:00,DLTR,SHORT,28,69.5025,71.06,10,-43.61000000000013,0.7,0.973035,-45.28303500000013,2025-04
2025-04-03 13:34:00,2025-04-03 13:35:00,2025-04-03 13:45:00,DLTR,SHORT,28,69.52,70.735,10,-34.020000000000095,0.7,0.97328,-35.6932800000001,2025-04
2025-04-03 13:35:00,2025-04-03 13:36:00,2025-04-03 13:46:00,DLTR,SHORT,28,69.365,70.4825,10,-31.29000000000019,0.7,0.9711099999999999,-32.96111000000019,2025-04
2025-04-03 13:39:00,2025-04-03 13:40:00,2025-04-03 13:50:00,DLTR,SHORT,27,70.075,71.155,10,-29.159999999999954,0.7,0.9460125,-30.80601249999995,2025-04
2025-04-04 13:30:00,2025-04-04 13:31:00,2025-04-04 13:41:00,DLTR,SHORT,30,63.15,64.9,10,-52.50000000000021,0.7,0.94725,-54.14725000000021,2025-04
2025-04-04 13:31:00,2025-04-04 13:32:00,2025-04-04 13:42:00,DLTR,SHORT,30,63.46,64.98,10,-45.600000000000094,0.7,0.9519,-47.2519000000001,2025-04
2025-04-04 13:32:00,2025-04-04 13:33:00,2025-04-04 13:43:00,DLTR,SHORT,30,63.72,66.07,10,-70.49999999999983,0.7,0.9558,-72.15579999999983,2025-04
2025-04-04 13:33:00,2025-04-04 13:34:00,2025-04-04 13:44:00,DLTR,SHORT,29,64.66,65.835,10,-34.07499999999992,0.7,0.9375699999999999,-35.71256999999992,2025-04
2025-04-09 13:30:00,2025-04-09 13:31:00,2025-04-09 13:41:00,DVN,SHORT,72,26.185,26.58,10,-28.43999999999997,0.7,0.9426599999999999,-30.08265999999997,2025-04
2025-04-09 13:32:00,2025-04-09 13:33:00,2025-04-09 13:43:00,DVN,SHORT,71,26.235,26.415,10,-12.77999999999998,0.7,0.9313425,-14.411342499999979,2025-04
2025-04-09 13:33:00,2025-04-09 13:34:00,2025-04-09 13:44:00,DVN,SHORT,72,26.0401,26.251,10,-15.184800000000166,0.7,0.9374435999999999,-16.822243600000164,2025-04
2025-04-09 13:34:00,2025-04-09 13:35:00,2025-04-09 13:45:00,DVN,SHORT,72,26.12,26.14,10,-1.4399999999999693,0.7,0.94032,-3.0803199999999693,2025-04
2025-04-22 13:32:00,2025-04-22 13:33:00,2025-04-22 13:43:00,EFX,LONG,7,240.98,239.71,10,-8.889999999999873,0.7,0.84343,-10.433429999999872,2025-04
2025-04-22 13:33:00,2025-04-22 13:34:00,2025-04-22 13:44:00,EFX,LONG,7,240.0,238.69,10,-9.170000000000016,0.7,0.84,-10.710000000000015,2025-04
2025-04-17 13:30:00,2025-04-17 13:31:00,2025-04-17 13:41:00,ELV,LONG,4,397.03,406.5,10,37.88000000000011,0.7,0.79406,36.385940000000105,2025-04
2025-04-17 13:31:00,2025-04-17 13:32:00,2025-04-17 13:42:00,ELV,SHORT,4,408.53,407.105,10,5.699999999999818,0.7,0.81706,4.182939999999818,2025-04
2025-04-17 13:37:00,2025-04-17 13:38:00,2025-04-17 13:48:00,ELV,LONG,4,406.41,408.845,10,9.740000000000009,0.7,0.8128200000000001,8.22718000000001,2025-04
2025-04-09 13:30:00,2025-04-09 13:31:00,2025-04-09 13:41:00,ENPH,SHORT,39,48.2,49.16,10,-37.439999999999756,0.7,0.9399000000000001,-39.07989999999976,2025-04
2025-04-09 13:31:00,2025-04-09 13:32:00,2025-04-09 13:42:00,ENPH,SHORT,39,48.06,48.655,10,-23.204999999999956,0.7,0.9371700000000001,-24.842169999999953,2025-04
2025-04-09 13:34:00,2025-04-09 13:35:00,2025-04-09 13:45:00,ENPH,SHORT,39,47.975,48.08,10,-4.094999999999878,0.7,0.9355125000000001,-5.730512499999878,2025-04
2025-04-09 13:36:00,2025-04-09 13:37:00,2025-04-09 13:47:00,ENPH,SHORT,39,47.7,48.42,10,-28.079999999999956,0.7,0.9301500000000001,-29.710149999999956,2025-04
2025-04-09 13:38:00,2025-04-09 13:39:00,2025-04-09 13:49:00,ENPH,SHORT,38,48.285,48.5825,10,-11.305000000000248,0.7,0.917415,-12.922415000000248,2025-04
2025-04-23 13:34:00,2025-04-23 13:35:00,2025-04-23 13:45:00,ENPH,LONG,40,45.76,48.9001,10,125.60400000000016,0.7,0.9151999999999999,123.98880000000015,2025-04
2025-04-04 13:30:00,2025-04-04 13:31:00,2025-04-04 13:41:00,FCX,SHORT,61,30.9,30.27,10,38.429999999999936,0.7,0.9424499999999999,36.78754999999993,2025-04
2025-04-04 13:31:00,2025-04-04 13:32:00,2025-04-04 13:42:00,FCX,SHORT,61,30.88,30.175,10,43.004999999999896,0.7,0.9418399999999999,41.363159999999894,2025-04
2025-04-04 13:32:00,2025-04-04 13:33:00,2025-04-04 13:43:00,FCX,SHORT,61,30.925,30.27,10,39.95500000000007,0.7,0.9432125,38.311787500000065,2025-04
2025-04-04 13:33:00,2025-04-04 13:34:00,2025-04-04 13:44:00,FCX,SHORT,62,30.81,30.2101,10,37.19379999999988,0.7,0.95511,35.53868999999988,2025-04
2025-04-04 13:34:00,2025-04-04 13:35:00,2025-04-04 13:45:00,FCX,SHORT,62,30.63,30.0,10,39.05999999999994,0.7,0.94953,37.41046999999993,2025-04
2025-04-04 13:36:00,2025-04-04 13:37:00,2025-04-04 13:47:00,FCX,SHORT,62,30.72,30.115,10,37.510000000000026,0.7,0.9523199999999999,35.85768000000002,2025-04
2025-04-04 13:37:00,2025-04-04 13:38:00,2025-04-04 13:48:00,FCX,SHORT,63,30.57,30.095,10,29.92500000000009,0.7,0.9629550000000001,28.26204500000009,2025-04
2025-04-04 13:38:00,2025-04-04 13:39:00,2025-04-04 13:49:00,FCX,SHORT,63,30.65,30.03,10,39.05999999999984,0.7,0.965475,37.39452499999984,2025-04
2025-04-04 13:39:00,2025-04-04 13:40:00,2025-04-04 13:50:00,FCX,SHORT,64,30.35,30.07,10,17.920000000000073,0.7,0.9712000000000001,16.248800000000074,2025-04
2025-04-04 13:41:00,2025-04-04 13:42:00,2025-04-04 13:52:00,FCX,SHORT,64,30.175,29.875,10,19.200000000000045,0.7,0.9656,17.534400000000048,2025-04
2025-04-04 13:42:00,2025-04-04 13:43:00,2025-04-04 13:53:00,FCX,SHORT,64,30.27,30.07,10,12.799999999999955,0.7,0.9686400000000001,11.131359999999955,2025-04
2025-04-04 13:43:00,2025-04-04 13:44:00,2025-04-04 13:54:00,FCX,SHORT,64,30.2101,29.98,10,14.726400000000012,0.7,0.9667232,13.059676800000013,2025-04
2025-04-24 13:37:00,2025-04-24 13:38:00,2025-04-24 13:48:00,FI,SHORT,10,188.63,186.84,10,17.89999999999992,0.7,0.94315,16.256849999999922,2025-04
2025-04-24 13:41:00,2025-04-24 13:42:00,2025-04-24 13:52:00,FI,SHORT,10,186.065,185.205,10,8.599999999999852,0.7,0.9303250000000001,6.969674999999852,2025-04
2025-04-24 13:42:00,2025-04-24 13:43:00,2025-04-24 13:53:00,FI,SHORT,10,186.075,184.0,10,20.749999999999886,0.7,0.9303750000000001,19.119624999999886,2025-04
2025-04-24 13:43:00,2025-04-24 13:44:00,2025-04-24 13:54:00,FI,SHORT,10,185.365,183.0,10,23.65000000000009,0.7,0.926825,22.02317500000009,2025-04
2025-04-04 13:31:00,2025-04-04 13:32:00,2025-04-04 13:42:00,GEV,SHORT,7,276.42,266.08,10,72.38000000000022,0.7,0.96747,70.71253000000021,2025-04
2025-04-04 13:32:00,2025-04-04 13:33:00,2025-04-04 13:43:00,GEV,SHORT,7,275.98,265.92,10,70.42000000000002,0.7,0.9659300000000001,68.75407000000001,2025-04
2025-04-04 13:33:00,2025-04-04 13:34:00,2025-04-04 13:44:00,GEV,SHORT,7,275.945,266.055,10,69.2299999999999,0.7,0.9658075,67.5641924999999,2025-04
2025-04-04 13:34:00,2025-04-04 13:35:00,2025-04-04 13:45:00,GEV,SHORT,7,273.345,269.12,10,29.57500000000016,0.7,0.9567075000000002,27.91829250000016,2025-04
2025-04-04 13:36:00,2025-04-04 13:37:00,2025-04-04 13:47:00,GEV,SHORT,7,270.7252,271.68,10,-6.68360000000024,0.7,0.9475382,-8.33113820000024,2025-04
2025-04-09 13:31:00,2025-04-09 13:32:00,2025-04-09 13:42:00,GILD,SHORT,20,100.4,101.475,10,-21.499999999999773,0.7,1.004,-23.203999999999773,2025-04
2025-04-17 13:30:00,2025-04-17 13:31:00,2025-04-17 13:41:00,GPN,SHORT,26,75.89,73.01,10,74.87999999999988,0.7,0.9865700000000001,73.19342999999988,2025-04
2025-04-17 13:32:00,2025-04-17 13:33:00,2025-04-17 13:43:00,GPN,SHORT,27,72.845,73.15,10,-8.235000000000184,0.7,0.9834075000000001,-9.918407500000184,2025-04
2025-04-17 13:38:00,2025-04-17 13:39:00,2025-04-17 13:49:00,GPN,SHORT,27,73.0344,72.985,10,1.3338000000001529,0.7,0.9859644000000001,-0.35216439999984717,2025-04
2025-04-09 13:30:00,2025-04-09 13:31:00,2025-04-09 13:41:00,HAL,LONG,106,18.955,19.345,10,41.34000000000006,0.742,1.0046149999999998,39.59338500000006,2025-04
2025-04-09 13:31:00,2025-04-09 13:32:00,2025-04-09 13:42:00,HAL,LONG,107,19.0,19.37,10,39.5900000000001,0.749,1.0165,37.8245000000001,2025-04
2025-04-24 13:30:00,2025-04-24 13:31:00,2025-04-24 13:41:00,HAS,LONG,34,59.31,60.37,10,36.039999999999836,0.7,1.00827,34.33172999999983,2025-04
2025-04-17 13:30:00,2025-04-17 13:31:00,2025-04-17 13:41:00,HBAN,LONG,147,13.9155,13.71,10,-30.208499999999837,1.029,1.02278925,-32.260289249999836,2025-04
2025-04-17 13:31:00,2025-04-17 13:32:00,2025-04-17 13:42:00,HBAN,LONG,147,13.8,13.725,10,-11.025000000000157,1.029,1.0143,-13.068300000000157,2025-04
2025-04-14 13:31:00,2025-04-14 13:32:00,2025-04-14 13:42:00,HPE,LONG,138,14.725,14.505,10,-30.359999999999843,0.966,1.016025,-32.34202499999984,2025-04
2025-04-14 13:33:00,2025-04-14 13:34:00,2025-04-14 13:44:00,HPE,LONG,138,14.64,14.522,10,-16.284000000000045,0.966,1.0101600000000002,-18.260160000000045,2025-04
2025-04-14 13:48:00,2025-04-14 13:49:00,2025-04-14 13:59:00,HPE,LONG,139,14.49,14.5,10,1.3899999999999704,0.973,1.007055,-0.5900550000000296,2025-04
2025-04-17 13:30:00,2025-04-17 13:31:00,2025-04-17 13:41:00,HUM,SHORT,7,256.67,262.31,10,-39.479999999999905,0.7,0.8983450000000001,-41.078344999999906,2025-04
2025-04-17 13:31:00,2025-04-17 13:32:00,2025-04-17 13:42:00,HUM,SHORT,7,260.0,264.035,10,-28.245000000000175,0.7,0.91,-29.855000000000175,2025-04
2025-04-17 13:32:00,2025-04-17 13:33:00,2025-04-17 13:43:00,HUM,SHORT,7,260.76,261.45,10,-4.829999999999984,0.7,0.91266,-6.442659999999984,2025-04
2025-04-17 13:33:00,2025-04-17 13:34:00,2025-04-17 13:44:00,HUM,SHORT,7,262.0,261.48,10,3.6399999999998727,0.7,0.917,2.0229999999998727,2025-04
2025-04-17 13:34:00,2025-04-17 13:35:00,2025-04-17 13:45:00,HUM,SHORT,7,263.72,260.71,10,21.070000000000334,0.7,0.9230200000000001,19.446980000000334,2025-04
2025-04-03 13:30:00,2025-04-03 13:31:00,2025-04-03 13:41:00,INTC,LONG,93,21.681,21.731,10,4.650000000000066,0.7,1.0081665,2.941833500000066,2025-04
2025-04-04 14:05:00,2025-04-04 14:06:00,2025-04-04 14:16:00,INTC,LONG,97,20.78,20.555,10,-21.825000000000138,0.7,1.00783,-23.532830000000136,2025-04
2025-04-07 13:33:00,2025-04-07 13:34:00,2025-04-07 13:44:00,INTC,SHORT,105,19.07,18.725,10,36.22499999999988,0.735,1.0011750000000001,34.48882499999988,2025-04
2025-04-07 13:35:00,2025-04-07 13:36:00,2025-04-07 13:46:00,INTC,LONG,107,18.7811,18.87,10,9.512300000000259,0.749,1.00478885,7.758511150000259,2025-04
2025-04-07 13:40:00,2025-04-07 13:41:00,2025-04-07 13:51:00,INTC,LONG,108,18.605,19.1388,10,57.650399999999934,0.756,1.0046700000000002,55.889729999999936,2025-04
2025-04-07 13:41:00,2025-04-07 13:42:00,2025-04-07 13:52:00,INTC,LONG,109,18.62,19.315,10,75.75500000000002,0.763,1.01479,73.97721000000001,2025-04
2025-04-07 13:52:00,2025-04-07 13:53:00,2025-04-07 14:03:00,INTC,LONG,105,19.38,19.235,10,-15.224999999999955,0.735,1.01745,-16.977449999999955,2025-04
2025-04-07 13:55:00,2025-04-07 13:56:00,2025-04-07 14:06:00,INTC,LONG,105,19.395,19.44,10,4.725000000000179,0.735,1.0182375,2.971762500000179,2025-04
2025-04-07 14:00:00,2025-04-07 14:01:00,2025-04-07 14:11:00,INTC,LONG,104,19.475,19.925,10,46.799999999999926,0.728,1.0127000000000002,45.05929999999992,2025-04
2025-04-07 14:01:00,2025-04-07 14:02:00,2025-04-07 14:12:00,INTC,LONG,106,19.28,20.145,10,91.68999999999983,0.742,1.02184,89.92615999999983,2025-04
2025-04-07 14:02:00,2025-04-07 14:03:00,2025-04-07 14:13:00,INTC,LONG,107,19.235,20.4,10,124.65499999999992,0.749,1.0290725,122.87692749999992,2025-04
2025-04-07 14:03:00,2025-04-07 14:04:00,2025-04-07 14:14:00,INTC,LONG,108,19.2597,20.16,10,97.23240000000015,0.756,1.0400238,95.43637620000015,2025-04
2025-04-07 14:05:00,2025-04-07 14:06:00,2025-04-07 14:16:00,INTC,LONG,108,19.44,20.55,10,119.87999999999994,0.756,1.04976,118.07423999999993,2025-04
2025-04-07 14:08:00,2025-04-07 14:09:00,2025-04-07 14:19:00,INTC,LONG,109,19.45,20.2,10,81.75,0.763,1.060025,79.926975,2025-04
2025-04-07 14:09:00,2025-04-07 14:10:00,2025-04-07 14:20:00,INTC,LONG,109,19.75,19.805,10,5.994999999999969,0.763,1.076375,4.155624999999969,2025-04
2025-04-08 13:30:00,2025-04-08 13:31:00,2025-04-08 13:41:00,INTC,LONG,108,19.945,20.0,10,5.939999999999969,0.756,1.07703,4.106969999999969,2025-04
2025-04-08 13:31:00,2025-04-08 13:32:00,2025-04-08 13:42:00,INTC,LONG,108,19.925,20.03,10,11.340000000000046,0.756,1.07595,9.508050000000045,2025-04
2025-04-08 13:33:00,2025-04-08 13:34:00,2025-04-08 13:44:00,INTC,LONG,108,19.9501,19.99,10,4.309199999999933,0.756,1.0773054,2.4758945999999327,2025-04
2025-04-10 13:41:00,2025-04-10 13:42:00,2025-04-10 13:52:00,INTC,LONG,105,20.4,20.3038,10,-10.10099999999996,0.735,1.071,-11.90699999999996,2025-04
2025-04-11 13:30:00,2025-04-11 13:31:00,2025-04-11 13:41:00,INTC,LONG,115,18.655,18.3001,10,-40.813500000000076,0.805,1.0726625,-42.691162500000075,2025-04
2025-04-11 13:33:00,2025-04-11 13:34:00,2025-04-11 13:44:00,INTC,LONG,115,18.52,18.48,10,-4.599999999999902,0.805,1.0649,-6.469899999999901,2025-04
2025-04-11 13:35:00,2025-04-11 13:36:00,2025-04-11 13:46:00,INTC,LONG,116,18.42,18.72,10,34.79999999999967,0.812,1.0683600000000002,32.919639999999674,2025-04
2025-04-11 13:36:00,2025-04-11 13:37:00,2025-04-11 13:47:00,INTC,LONG,118,18.225,18.6776,10,53.40680000000004,0.8260000000000001,1.0752750000000002,51.50552500000004,2025-04
2025-04-11 13:37:00,2025-04-11 13:38:00,2025-04-11 13:48:00,INTC,LONG,118,18.225,18.6183,10,46.4094,0.8260000000000001,1.0752750000000002,44.508125,2025-04
2025-04-11 13:38:00,2025-04-11 13:39:00,2025-04-11 13:49:00,INTC,LONG,117,18.4591,18.545,10,10.05030000000027,0.8190000000000001,1.07985735,8.15144265000027,2025-04
2025-04-14 13:30:00,2025-04-14 13:31:00,2025-04-14 13:41:00,INTC,LONG,106,20.495,20.1702,10,-34.428799999999974,0.742,1.086235,-36.25703499999997,2025-04
2025-04-14 13:32:00,2025-04-14 13:33:00,2025-04-14 13:43:00,INTC,LONG,106,20.4388,20.155,10,-30.082799999999935,0.742,1.0832564,-31.908056399999936,2025-04
2025-04-23 13:30:00,2025-04-23 13:31:00,2025-04-23 13:41:00,INTC,LONG,105,20.445,20.555,10,11.54999999999994,0.735,1.0733625,9.74163749999994,2025-04
2025-04-23 13:31:00,2025-04-23 13:32:00,2025-04-23 13:42:00,INTC,LONG,105,20.59,20.495,10,-9.97499999999988,0.735,1.080975,-11.79097499999988,2025-04
2025-04-23 13:37:00,2025-04-23 13:38:00,2025-04-23 13:48:00,INTC,LONG,104,20.6,20.72,10,12.479999999999734,0.728,1.0712000000000002,10.680799999999735,2025-04
2025-04-23 13:38:00,2025-04-23 13:39:00,2025-04-23 13:49:00,INTC,LONG,105,20.525,20.755,10,24.150000000000045,0.735,1.0775625,22.337437500000046,2025-04
2025-04-23 13:45:00,2025-04-23 13:46:00,2025-04-23 13:56:00,INTC,LONG,104,20.705,20.605,10,-10.399999999999778,0.728,1.07666,-12.204659999999778,2025-04
2025-04-24 13:30:00,2025-04-24 13:31:00,2025-04-24 13:41:00,INTC,LONG,102,21.05,21.015,10,-3.5700000000000145,0.714,1.07355,-5.357550000000015,2025-04
2025-04-24 13:31:00,2025-04-24 13:32:00,2025-04-24 13:42:00,INTC,LONG,103,20.98,20.9899,10,1.019699999999819,0.721,1.08047,-0.7817700000001809,2025-04
2025-04-24 13:35:00,2025-04-24 13:36:00,2025-04-24 13:46:00,INTC,LONG,102,21.15,21.09,10,-6.1199999999998695,0.714,1.0786499999999999,-7.91264999999987,2025-04
2025-04-25 13:32:00,2025-04-25 13:33:00,2025-04-25 13:43:00,INTC,SHORT,109,19.8201,19.69,10,14.180899999999866,0.763,1.08019545,12.337704549999867,2025-04
2025-04-24 13:30:00,2025-04-24 13:31:00,2025-04-24 13:41:00,IPG,SHORT,90,24.03,24.77,10,-66.59999999999985,0.7,1.0813500000000003,-68.38134999999986,2025-04
2025-04-24 13:31:00,2025-04-24 13:32:00,2025-04-24 13:42:00,IPG,SHORT,88,24.185,24.74,10,-48.839999999999975,0.7,1.0641399999999999,-50.60413999999998,2025-04
2025-04-09 13:32:00,2025-04-09 13:33:00,2025-04-09 13:43:00,IQV,SHORT,15,139.22,140.25,10,-15.450000000000017,0.7,1.0441500000000001,-17.194150000000015,2025-04
2025-04-09 13:33:00,2025-04-09 13:34:00,2025-04-09 13:44:00,IQV,SHORT,15,137.05,139.475,10,-36.374999999999744,0.7,1.027875,-38.10287499999975,2025-04
2025-04-22 13:30:00,2025-04-22 13:31:00,2025-04-22 13:41:00,IVZ,LONG,158,13.4,13.685,10,45.03000000000002,1.106,1.0586000000000002,42.86540000000002,2025-04
2025-04-22 13:32:00,2025-04-22 13:33:00,2025-04-22 13:43:00,IVZ,LONG,157,13.575,13.69,10,18.055000000000035,1.099,1.0656375,15.890362500000036,2025-04
2025-04-22 13:33:00,2025-04-22 13:34:00,2025-04-22 13:44:00,IVZ,LONG,157,13.61,13.73,10,18.840000000000156,1.099,1.068385,16.672615000000157,2025-04
2025-04-22 13:34:00,2025-04-22 13:35:00,2025-04-22 13:45:00,IVZ,LONG,157,13.645,13.755,10,17.270000000000188,1.099,1.0711325,15.099867500000187,2025-04
2025-04-22 13:38:00,2025-04-22 13:39:00,2025-04-22 13:49:00,IVZ,LONG,158,13.56,13.7,10,22.11999999999981,1.106,1.07124,19.942759999999808,2025-04
2025-04-07 14:12:00,2025-04-07 14:13:00,2025-04-07 14:23:00,IWM,LONG,11,190.25,180.16,10,-110.99000000000004,0.7,1.046375,-112.73637500000004,2025-04
2025-04-17 13:30:00,2025-04-17 13:31:00,2025-04-17 13:41:00,KEY,LONG,146,14.56,14.44,10,-17.520000000000145,1.022,1.06288,-19.604880000000144,2025-04
2025-04-17 13:31:00,2025-04-17 13:32:00,2025-04-17 13:42:00,KEY,LONG,147,14.41,14.42,10,1.4699999999999687,1.029,1.059135,-0.6181350000000312,2025-04
2025-04-17 13:45:00,2025-04-17 13:46:00,2025-04-17 13:56:00,KEY,LONG,147,14.415,14.315,10,-14.699999999999948,1.029,1.0595024999999998,-16.788502499999947,2025-04
2025-04-03 13:38:00,2025-04-03 13:39:00,2025-04-03 13:49:00,KKR,SHORT,19,107.725,105.605,10,40.279999999999816,0.7,1.0233875,38.556612499999815,2025-04
2025-04-04 13:30:00,2025-04-04 13:31:00,2025-04-04 13:41:00,KKR,SHORT,22,94.22,92.93,10,28.379999999999825,0.7,1.0364200000000001,26.643579999999826,2025-04
2025-04-04 13:32:00,2025-04-04 13:33:00,2025-04-04 13:43:00,KKR,SHORT,22,94.0,93.435,10,12.42999999999995,0.7,1.034,10.69599999999995,2025-04
2025-04-04 13:33:00,2025-04-04 13:34:00,2025-04-04 13:44:00,KKR,SHORT,22,93.46,93.35,10,2.4199999999999875,0.7,1.02806,0.6919399999999876,2025-04
2025-04-04 13:34:00,2025-04-04 13:35:00,2025-04-04 13:45:00,KKR,SHORT,22,93.88,93.69,10,4.17999999999995,0.7,1.0326799999999998,2.4473199999999498,2025-04
2025-04-04 13:35:00,2025-04-04 13:36:00,2025-04-04 13:46:00,KKR,SHORT,22,93.92,94.3,10,-8.3599999999999,0.7,1.03312,-10.0931199999999,2025-04
2025-04-04 13:36:00,2025-04-04 13:37:00,2025-04-04 13:47:00,KKR,SHORT,22,93.585,94.01,10,-9.35000000000025,0.7,1.0294349999999999,-11.079435000000249,2025-04
2025-04-04 13:37:00,2025-04-04 13:38:00,2025-04-04 13:48:00,KKR,SHORT,22,94.16,93.88,10,6.160000000000025,0.7,1.03576,4.424240000000025,2025-04
2025-04-04 13:38:00,2025-04-04 13:39:00,2025-04-04 13:49:00,KKR,SHORT,22,94.31,93.45,10,18.919999999999987,0.7,1.0374100000000002,17.182589999999987,2025-04
2025-04-04 13:41:00,2025-04-04 13:42:00,2025-04-04 13:52:00,KKR,SHORT,23,92.7555,93.57,10,-18.733499999999893,0.7,1.06668825,-20.50018824999989,2025-04
2025-04-04 13:42:00,2025-04-04 13:43:00,2025-04-04 13:53:00,KKR,SHORT,22,93.435,93.3,10,2.9700000000001125,0.7,1.0277850000000002,1.2422150000001122,2025-04
2025-04-23 13:30:00,2025-04-23 13:31:00,2025-04-23 13:41:00,KLAC,SHORT,3,662.78,667.17,10,-13.169999999999959,0.7,0.99417,-14.864169999999959,2025-04
2025-04-03 13:32:00,2025-04-03 13:33:00,2025-04-03 13:43:00,LULU,LONG,8,253.28,250.56,10,-21.75999999999999,0.7,1.01312,-23.47311999999999,2025-04
2025-04-04 13:30:00,2025-04-04 13:31:00,2025-04-04 13:41:00,MS,SHORT,20,102.69,100.395,10,45.900000000000034,0.7,1.0269000000000001,44.173100000000034,2025-04
2025-04-09 13:32:00,2025-04-09 13:33:00,2025-04-09 13:43:00,MS,SHORT,21,99.9,99.325,10,12.07500000000006,0.7,1.04895,10.32605000000006,2025-04
2025-04-04 13:33:00,2025-04-04 13:34:00,2025-04-04 13:44:00,MU,SHORT,30,69.47,67.69,10,53.400000000000034,0.7,1.04205,51.65795000000003,2025-04
2025-04-04 13:34:00,2025-04-04 13:35:00,2025-04-04 13:45:00,MU,SHORT,30,69.4,67.7115,10,50.65500000000014,0.7,1.041,48.914000000000144,2025-04
2025-04-04 13:39:00,2025-04-04 13:40:00,2025-04-04 13:50:00,MU,SHORT,31,68.08,67.8005,10,8.664499999999961,0.7,1.05524,6.909259999999961,2025-04
2025-04-04 13:40:00,2025-04-04 13:41:00,2025-04-04 13:51:00,MU,SHORT,31,67.9982,67.78,10,6.7641999999998745,0.7,1.0539721,5.010227899999874,2025-04
2025-04-04 13:41:00,2025-04-04 13:42:00,2025-04-04 13:52:00,MU,SHORT,31,67.6399,67.79,10,-4.653100000000279,0.7,1.04841845,-6.401518450000279,2025-04
2025-04-04 13:42:00,2025-04-04 13:43:00,2025-04-04 13:53:00,MU,SHORT,31,67.76,67.77,10,-0.30999999999971806,0.7,1.05028,-2.060279999999718,2025-04
2025-04-04 13:43:00,2025-04-04 13:44:00,2025-04-04 13:54:00,MU,SHORT,31,67.69,67.35,10,10.540000000000106,0.7,1.0491949999999999,8.790805000000107,2025-04
2025-04-04 14:47:00,2025-04-04 14:48:00,2025-04-04 14:58:00,MU,LONG,33,64.84,65.56,10,23.759999999999962,0.7,1.0698600000000003,21.99013999999996,2025-04
2025-04-02 13:31:00,2025-04-02 13:32:00,2025-04-02 13:42:00,NCLH,LONG,114,18.89,18.93,10,4.559999999999903,0.798,1.07673,2.685269999999903,2025-04
2025-04-03 13:30:00,2025-04-03 13:31:00,2025-04-03 13:41:00,NKE,SHORT,37,57.0693,57.885,10,-30.180899999999987,0.7,1.0557820500000001,-31.936682049999987,2025-04
2025-04-03 13:31:00,2025-04-03 13:32:00,2025-04-03 13:42:00,NKE,SHORT,37,57.9249,57.73,10,7.211300000000151,0.7,1.07161065,5.43968935000015,2025-04
2025-04-03 13:32:00,2025-04-03 13:33:00,2025-04-03 13:43:00,NKE,SHORT,37,57.705,57.71,10,-0.18500000000009464,0.7,1.0675425,-1.9525425000000947,2025-04
2025-04-03 13:33:00,2025-04-03 13:34:00,2025-04-03 13:44:00,NKE,SHORT,37,58.012,57.8501,10,5.990300000000104,0.7,1.073222,4.217078000000104,2025-04
2025-04-03 13:34:00,2025-04-03 13:35:00,2025-04-03 13:45:00,NKE,SHORT,37,57.93,57.615,10,11.654999999999916,0.7,1.071705,9.883294999999917,2025-04
2025-04-03 13:35:00,2025-04-03 13:36:00,2025-04-03 13:46:00,NKE,SHORT,37,57.88,57.57,10,11.470000000000084,0.7,1.07078,9.699220000000086,2025-04
2025-04-04 13:30:00,2025-04-04 13:31:00,2025-04-04 13:41:00,NKE,SHORT,40,52.98,53.4,10,-16.800000000000068,0.7,1.0595999999999999,-18.559600000000067,2025-04
2025-04-04 13:33:00,2025-04-04 13:34:00,2025-04-04 13:44:00,NKE,SHORT,40,52.91,53.2147,10,-12.188000000000159,0.7,1.0581999999999998,-13.946200000000157,2025-04
2025-04-04 13:34:00,2025-04-04 13:35:00,2025-04-04 13:45:00,NKE,SHORT,40,52.65,53.22,10,-22.80000000000001,0.7,1.053,-24.55300000000001,2025-04
2025-04-04 13:35:00,2025-04-04 13:36:00,2025-04-04 13:46:00,NKE,SHORT,40,52.785,53.4041,10,-24.764000000000124,0.7,1.0556999999999999,-26.51970000000012,2025-04
2025-04-10 13:30:00,2025-04-10 13:31:00,2025-04-10 13:42:00,NOW,SHORT,2,800.4774,792.0,10,16.954799999999977,0.7,0.8004774,15.454322599999978,2025-04
2025-04-24 13:30:00,2025-04-24 13:31:00,2025-04-24 13:41:00,NOW,SHORT,2,917.0,920.0275,10,-6.055000000000064,0.7,0.917,-7.672000000000064,2025-04
2025-04-07 13:53:00,2025-04-07 13:54:00,2025-04-07 14:04:00,NVDA,SHORT,23,92.44,93.6742,10,-28.38660000000003,0.7,1.06306,-30.14966000000003,2025-04
2025-04-07 13:55:00,2025-04-07 13:56:00,2025-04-07 14:06:00,NVDA,SHORT,23,92.6,94.33,10,-39.79000000000009,0.7,1.0649,-41.554900000000096,2025-04
2025-04-07 13:56:00,2025-04-07 13:57:00,2025-04-07 14:07:00,NVDA,SHORT,22,93.3,93.5705,10,-5.950999999999965,0.7,1.0263,-7.677299999999965,2025-04
2025-04-07 13:58:00,2025-04-07 13:59:00,2025-04-07 14:09:00,NVDA,SHORT,22,93.9,94.1,10,-4.39999999999975,0.7,1.0329000000000002,-6.132899999999751,2025-04
2025-04-07 14:00:00,2025-04-07 14:01:00,2025-04-07 14:11:00,NVDA,SHORT,22,94.345,97.38,10,-66.76999999999992,0.7,1.037795,-68.50779499999993,2025-04
2025-04-07 14:02:00,2025-04-07 14:03:00,2025-04-07 14:13:00,NVDA,SHORT,22,93.1,101.37,10,-181.94000000000023,0.7,1.0241,-183.66410000000022,2025-04
2025-04-07 14:03:00,2025-04-07 14:04:00,2025-04-07 14:14:00,NVDA,SHORT,22,93.6742,99.21,10,-121.78759999999988,0.7,1.0304162,-123.51801619999989,2025-04
2025-04-07 14:04:00,2025-04-07 14:05:00,2025-04-07 14:15:00,NVDA,SHORT,21,94.381,99.81,10,-114.00900000000004,0.7,0.9910005000000001,-115.70000050000004,2025-04
2025-04-07 14:05:00,2025-04-07 14:06:00,2025-04-07 14:16:00,NVDA,SHORT,21,94.33,100.82,10,-136.2899999999999,0.7,0.990465,-137.9804649999999,2025-04
2025-04-07 14:10:00,2025-04-07 14:11:00,2025-04-07 14:21:00,NVDA,SHORT,20,97.38,96.48,10,17.99999999999983,0.7,0.9738,16.32619999999983,2025-04
2025-04-07 14:11:00,2025-04-07 14:12:00,2025-04-07 14:22:00,NVDA,SHORT,20,98.231,94.88,10,67.01999999999998,0.7,0.98231,65.33768999999998,2025-04
2025-04-07 14:12:00,2025-04-07 14:13:00,2025-04-07 14:23:00,NVDA,SHORT,19,101.37,93.67,10,146.30000000000007,0.7,0.9630150000000001,144.63698500000007,2025-04
2025-04-07 14:13:00,2025-04-07 14:14:00,2025-04-07 14:24:00,NVDA,SHORT,20,99.21,93.56,10,112.99999999999983,0.7,0.9921,111.30789999999983,2025-04
2025-04-07 14:14:00,2025-04-07 14:15:00,2025-04-07 14:25:00,NVDA,SHORT,20,99.81,94.2784,10,110.63199999999995,0.7,0.9981000000000001,108.93389999999995,2025-04
2025-04-07 14:15:00,2025-04-07 14:16:00,2025-04-07 14:26:00,NVDA,SHORT,20,100.82,94.94,10,117.59999999999991,0.7,1.0082,115.8917999999999,2025-04
2025-04-07 14:16:00,2025-04-07 14:17:00,2025-04-07 14:27:00,NVDA,SHORT,20,101.01,94.75,10,125.2000000000001,0.7,1.0101,123.4899000000001,2025-04
2025-04-07 14:17:00,2025-04-07 14:18:00,2025-04-07 14:28:00,NVDA,SHORT,21,97.785,93.6,10,87.88500000000005,0.7,1.0267425000000001,86.15825750000005,2025-04
2025-04-07 14:22:00,2025-04-07 14:23:00,2025-04-07 14:33:00,NVDA,SHORT,23,93.67,95.175,10,-34.614999999999895,0.7,1.077205,-36.3922049999999,2025-04
2025-04-07 14:25:00,2025-04-07 14:26:00,2025-04-07 14:36:00,NVDA,SHORT,22,94.94,92.97,10,43.339999999999975,0.7,1.04434,41.595659999999974,2025-04
2025-04-07 14:26:00,2025-04-07 14:27:00,2025-04-07 14:37:00,NVDA,SHORT,22,94.75,92.38,10,52.1400000000001,0.7,1.0422500000000001,50.397750000000094,2025-04
2025-04-07 14:28:00,2025-04-07 14:29:00,2025-04-07 14:39:00,NVDA,SHORT,23,93.48,92.21,10,29.210000000000235,0.7,1.07502,27.434980000000238,2025-04
2025-04-07 14:51:00,2025-04-07 14:52:00,2025-04-07 15:02:00,NVDA,SHORT,22,95.87,98.02,10,-47.29999999999981,0.7,1.0545700000000002,-49.05456999999981,2025-04
2025-04-07 14:53:00,2025-04-07 14:54:00,2025-04-07 15:04:00,NVDA,SHORT,22,97.54,98.1499,10,-13.417799999999914,0.7,1.07294,-15.190739999999913,2025-04
2025-04-07 14:54:00,2025-04-07 14:55:00,2025-04-07 15:05:00,NVDA,SHORT,22,97.36,96.98,10,8.3599999999999,0.7,1.0709600000000001,6.589039999999899,2025-04
2025-04-07 15:14:00,2025-04-07 15:15:00,2025-04-07 15:25:00,NVDA,SHORT,22,94.61,94.03,10,12.759999999999962,0.7,1.04071,11.019289999999963,2025-04
2025-04-08 13:35:00,2025-04-08 13:36:00,2025-04-08 13:46:00,NVDA,SHORT,20,103.54,104.73,10,-23.799999999999955,0.7,1.0354,-25.535399999999953,2025-04
2025-04-10 13:33:00,2025-04-10 13:34:00,2025-04-10 13:44:00,NVDA,LONG,19,109.81,108.9,10,-17.289999999999935,0.7,1.0431949999999999,-19.033194999999935,2025-04
2025-04-16 13:31:00,2025-04-16 13:32:00,2025-04-16 13:42:00,NVDA,SHORT,20,106.35,106.61,10,-5.200000000000102,0.7,1.0635000000000001,-6.963500000000103,2025-04
2025-04-07 13:30:00,2025-04-07 13:31:00,2025-04-07 13:41:00,ORCL,SHORT,17,122.795,119.95,10,48.36499999999998,0.7,1.0437575,46.62124249999998,2025-04
2025-04-07 13:31:00,2025-04-07 13:32:00,2025-04-07 13:42:00,ORCL,SHORT,17,121.965,119.25,10,46.15500000000006,0.7,1.0367025,44.41829750000006,2025-04
2025-04-07 13:32:00,2025-04-07 13:33:00,2025-04-07 13:43:00,ORCL,SHORT,17,122.4399,119.77,10,45.38829999999997,0.7,1.0407391499999998,43.64756084999997,2025-04
2025-04-03 13:30:00,2025-04-03 13:31:00,2025-04-03 13:41:00,PLTR,SHORT,26,83.13,84.62,10,-38.74000000000024,0.7,1.0806900000000002,-40.520690000000236,2025-04
2025-04-04 13:32:00,2025-04-04 13:33:00,2025-04-04 13:43:00,PLTR,SHORT,27,78.955,77.5423,10,38.142900000000026,0.7,1.0658925,36.377007500000026,2025-04
2025-04-07 13:30:00,2025-04-07 13:31:00,2025-04-07 13:41:00,PLTR,SHORT,31,68.76,67.72,10,32.240000000000194,0.7,1.06578,30.474220000000194,2025-04
2025-04-07 13:31:00,2025-04-07 13:32:00,2025-04-07 13:42:00,PLTR,SHORT,31,68.885,67.181,10,52.82400000000024,0.7,1.0677175,51.056282500000236,2025-04
2025-04-07 13:35:00,2025-04-07 13:36:00,2025-04-07 13:46:00,PLTR,SHORT,32,68.7,68.21,10,15.680000000000291,0.7,1.0992000000000002,13.880800000000292,2025-04
2025-04-07 13:38:00,2025-04-07 13:39:00,2025-04-07 13:49:00,PLTR,SHORT,31,68.86,69.035,10,-5.424999999999912,0.7,1.06733,-7.192329999999912,2025-04
2025-04-07 13:42:00,2025-04-07 13:43:00,2025-04-07 13:53:00,PLTR,SHORT,32,67.4973,71.02,10,-112.72640000000001,0.7,1.0799568,-114.50635680000002,2025-04
2025-04-07 14:12:00,2025-04-07 14:13:00,2025-04-07 14:27:00,PLTR,LONG,27,79.45,74.43,10,-135.5399999999999,0.7,1.072575,-137.3125749999999,2025-04
2025-04-07 14:13:00,2025-04-07 14:14:00,2025-04-07 14:28:00,PLTR,LONG,27,78.2616,73.285,10,-134.36820000000012,0.7,1.0565316,-136.1247316000001,2025-04
2025-04-07 14:18:00,2025-04-07 14:19:00,2025-04-07 14:33:00,PLTR,LONG,26,79.12,75.4,10,-96.71999999999997,0.7,1.02856,-98.44855999999997,2025-04
2025-04-07 14:22:00,2025-04-07 14:27:00,2025-04-07 14:37:00,PLTR,SHORT,28,74.43,72.45,10,55.44000000000011,0.7,1.04202,53.69798000000011,2025-04
2025-04-07 14:27:00,2025-04-07 14:28:00,2025-04-07 14:38:00,PLTR,SHORT,28,73.285,72.33,10,26.739999999999952,0.7,1.02599,25.014009999999953,2025-04
2025-04-07 14:28:00,2025-04-07 14:29:00,2025-04-07 14:39:00,PLTR,SHORT,28,73.14,72.39,10,21.0,0.7,1.02396,19.276040000000002,2025-04
2025-04-07 14:32:00,2025-04-07 14:33:00,2025-04-07 14:43:00,PLTR,SHORT,28,75.4,73.74,10,46.4800000000003,0.7,1.0556,44.7244000000003,2025-04
2025-04-07 14:33:00,2025-04-07 14:34:00,2025-04-07 14:44:00,PLTR,SHORT,28,73.98,74.77,10,-22.119999999999777,0.7,1.03572,-23.855719999999778,2025-04
2025-04-07 14:35:00,2025-04-07 14:36:00,2025-04-07 14:46:00,PLTR,SHORT,29,73.06,74.48,10,-41.18000000000005,0.7,1.0593700000000001,-42.93937000000005,2025-04
2025-04-14 13:43:00,2025-04-14 13:44:00,2025-04-14 13:54:00,PLTR,SHORT,22,93.6139,94.1401,10,-11.576400000000064,0.7,1.0297529,-13.306152900000063,2025-04
2025-04-22 13:31:00,2025-04-22 13:32:00,2025-04-22 13:42:00,PNR,SHORT,24,86.585,86.1,10,11.639999999999986,0.7,1.03902,9.900979999999986,2025-04
2025-04-22 13:32:00,2025-04-22 13:33:00,2025-04-22 13:43:00,PNR,SHORT,24,86.845,86.14,10,16.91999999999996,0.7,1.0421399999999998,15.17785999999996,2025-04
2025-04-07 14:13:00,2025-04-07 14:14:00,2025-04-07 14:24:00,QQQ,LONG,4,433.49,421.36,10,-48.51999999999998,0.7,0.8669800000000001,-50.08697999999998,2025-04
2025-04-03 13:32:00,2025-04-03 13:33:00,2025-04-03 13:43:00,RCL,SHORT,10,193.68,192.8,10,8.799999999999955,0.7,0.9684000000000001,7.131599999999955,2025-04
2025-04-07 13:31:00,2025-04-07 13:32:00,2025-04-07 13:42:00,RCL,SHORT,12,166.115,164.49,10,19.5,0.7,0.9966900000000001,17.80331,2025-04
2025-04-10 13:35:00,2025-04-10 13:36:00,2025-04-10 13:46:00,RCL,LONG,10,199.079,195.69,10,-33.8900000000001,0.7,0.995395,-35.585395000000105,2025-04
2025-04-17 13:30:00,2025-04-17 13:31:00,2025-04-17 13:41:00,RF,LONG,109,19.285,19.15,10,-14.71500000000017,0.763,1.0510325,-16.52903250000017,2025-04
2025-04-17 13:31:00,2025-04-17 13:32:00,2025-04-17 13:42:00,RF,LONG,110,19.04,19.21,10,18.700000000000188,0.77,1.0472000000000001,16.882800000000188,2025-04
2025-04-17 13:32:00,2025-04-17 13:33:00,2025-04-17 13:43:00,RF,LONG,110,19.16,19.256,10,10.56000000000001,0.77,1.0538,8.736200000000009,2025-04
2025-04-17 13:33:00,2025-04-17 13:34:00,2025-04-17 13:44:00,RF,LONG,109,19.32,19.435,10,12.53499999999983,0.763,1.05294,10.71905999999983,2025-04
2025-04-17 13:34:00,2025-04-17 13:35:00,2025-04-17 13:45:00,RF,LONG,109,19.31,19.48,10,18.530000000000186,0.763,1.052395,16.714605000000184,2025-04
2025-04-17 13:35:00,2025-04-17 13:36:00,2025-04-17 13:46:00,RF,LONG,109,19.3,19.55,10,27.25,0.763,1.0518500000000002,25.435149999999997,2025-04
2025-04-17 13:36:00,2025-04-17 13:37:00,2025-04-17 13:47:00,RF,LONG,109,19.355,19.49,10,14.714999999999783,0.763,1.0548475000000002,12.897152499999784,2025-04
2025-04-17 13:38:00,2025-04-17 13:39:00,2025-04-17 13:49:00,RF,LONG,110,19.145,19.34,10,21.45000000000003,0.77,1.052975,19.62702500000003,2025-04
2025-04-17 13:39:00,2025-04-17 13:40:00,2025-04-17 13:50:00,RF,LONG,110,19.215,19.35,10,14.850000000000172,0.77,1.0568250000000001,13.023175000000172,2025-04
2025-04-17 13:43:00,2025-04-17 13:44:00,2025-04-17 13:54:00,RF,LONG,109,19.435,19.21,10,-24.524999999999768,0.763,1.0592075,-26.34720749999977,2025-04
2025-04-17 13:44:00,2025-04-17 13:45:00,2025-04-17 13:55:00,RF,LONG,109,19.48,19.3,10,-19.61999999999997,0.763,1.06166,-21.44465999999997,2025-04
2025-04-17 13:45:00,2025-04-17 13:46:00,2025-04-17 13:56:00,RF,LONG,108,19.55,19.31,10,-25.920000000000215,0.756,1.0557,-27.731700000000217,2025-04
2025-04-17 13:49:00,2025-04-17 13:50:00,2025-04-17 14:00:00,RF,LONG,109,19.35,19.365,10,1.6349999999996747,0.763,1.054575,-0.18257500000032534,2025-04
2025-04-17 13:51:00,2025-04-17 13:52:00,2025-04-17 14:02:00,RF,LONG,110,19.21,19.34,10,14.29999999999989,0.77,1.0565499999999999,12.473449999999891,2025-04
2025-04-22 13:32:00,2025-04-22 13:33:00,2025-04-22 13:43:00,RTX,SHORT,18,115.6388,116.61,10,-17.48159999999993,0.7,1.0407492,-19.22234919999993,2025-04
2025-04-30 13:30:00,2025-04-30 13:31:00,2025-04-30 13:41:00,SBUX,SHORT,27,76.41,77.685,10,-34.42500000000015,0.7,1.0315349999999999,-36.156535000000154,2025-04
2025-04-30 13:34:00,2025-04-30 13:35:00,2025-04-30 13:45:00,SBUX,SHORT,27,77.13,77.33,10,-5.400000000000077,0.7,1.0412549999999998,-7.1412550000000765,2025-04
2025-04-03 13:30:00,2025-04-03 13:31:00,2025-04-03 13:41:00,SMCI,SHORT,66,31.86,32.48,10,-40.91999999999983,0.7,1.05138,-42.671379999999836,2025-04
2025-04-03 13:31:00,2025-04-03 13:32:00,2025-04-03 13:42:00,SMCI,SHORT,64,32.25,32.4107,10,-10.284799999999905,0.7,1.032,-12.016799999999904,2025-04
2025-04-04 13:37:00,2025-04-04 13:38:00,2025-04-04 13:48:00,SMCI,LONG,70,29.59,29.7295,10,9.765000000000121,0.7,1.0356500000000002,8.029350000000122,2025-04
2025-04-04 13:38:00,2025-04-04 13:39:00,2025-04-04 13:49:00,SMCI,LONG,71,29.4586,29.5037,10,3.2020999999998523,0.7,1.0457803,1.456319699999852,2025-04
2025-04-04 13:40:00,2025-04-04 13:41:00,2025-04-04 13:51:00,SMCI,LONG,71,29.265,29.57,10,21.65499999999998,0.7,1.0389075,19.91609249999998,2025-04
2025-04-04 13:41:00,2025-04-04 13:42:00,2025-04-04 13:52:00,SMCI,LONG,72,29.121,29.755,10,45.648000000000025,0.7,1.048356,43.89964400000002,2025-04
2025-04-04 13:42:00,2025-04-04 13:43:00,2025-04-04 13:53:00,SMCI,LONG,71,29.29,29.875,10,41.53500000000006,0.7,1.039795,39.79520500000006,2025-04
2025-04-04 13:43:00,2025-04-04 13:44:00,2025-04-04 13:54:00,SMCI,LONG,72,29.33,29.74,10,29.52000000000001,0.7,1.05588,27.764120000000013,2025-04
2025-04-04 14:50:00,2025-04-04 14:51:00,2025-04-04 15:01:00,SMCI,LONG,76,27.86,28.97,10,84.35999999999996,0.7,1.05868,82.60131999999996,2025-04
2025-04-04 15:07:00,2025-04-04 15:08:00,2025-04-04 15:18:00,SMCI,LONG,73,29.11,29.78,10,48.910000000000124,0.7,1.0625149999999999,47.147485000000124,2025-04
2025-04-04 15:15:00,2025-04-04 15:16:00,2025-04-04 15:26:00,SMCI,LONG,72,29.6401,29.6305,10,-0.6911999999999239,0.7,1.0670436,-2.458243599999924,2025-04
2025-04-23 13:30:00,2025-04-23 13:31:00,2025-04-23 13:41:00,SMCI,LONG,62,34.155,34.8,10,39.98999999999975,0.7,1.058805,38.23119499999975,2025-04
2025-04-23 13:31:00,2025-04-23 13:32:00,2025-04-23 13:42:00,SMCI,LONG,62,34.245,34.53,10,17.67000000000023,0.7,1.061595,15.90840500000023,2025-04
2025-04-23 13:34:00,2025-04-23 13:35:00,2025-04-23 13:45:00,SMCI,LONG,63,34.2395,34.7003,10,29.030399999999936,0.7,1.07854425,27.251855749999937,2025-04
2025-04-23 13:35:00,2025-04-23 13:36:00,2025-04-23 13:46:00,SMCI,LONG,63,34.13,34.64,10,32.129999999999875,0.7,1.0750950000000001,30.354904999999874,2025-04
2025-04-23 13:37:00,2025-04-23 13:38:00,2025-04-23 13:48:00,SMCI,LONG,62,34.6291,34.875,10,15.245799999999932,0.7,1.0735021,13.472297899999932,2025-04
2025-04-23 13:39:00,2025-04-23 13:40:00,2025-04-23 13:50:00,SMCI,LONG,62,34.8278,34.61,10,-13.503600000000247,0.7,1.0796618,-15.283261800000247,2025-04
2025-04-23 13:41:00,2025-04-23 13:42:00,2025-04-23 13:52:00,SMCI,LONG,62,34.53,34.56,10,1.8600000000000705,0.7,1.07043,0.08957000000007054,2025-04
2025-04-30 13:30:00,2025-04-30 13:31:00,2025-04-30 13:41:00,SMCI,SHORT,75,28.81,29.405,10,-44.625000000000185,0.7,1.080375,-46.40537500000019,2025-04
2025-04-30 13:31:00,2025-04-30 13:32:00,2025-04-30 13:42:00,SMCI,SHORT,73,29.585,29.22,10,26.645000000000145,0.7,1.0798524999999999,24.865147500000145,2025-04
2025-04-30 13:32:00,2025-04-30 13:33:00,2025-04-30 13:43:00,SMCI,SHORT,74,29.15,29.4357,10,-21.141800000000153,0.7,1.07855,-22.920350000000152,2025-04
2025-04-30 13:33:00,2025-04-30 13:34:00,2025-04-30 13:44:00,SMCI,SHORT,73,29.5,29.625,10,-9.125,0.7,1.07675,-10.90175,2025-04
2025-04-30 13:34:00,2025-04-30 13:35:00,2025-04-30 13:45:00,SMCI,SHORT,73,29.42,29.6544,10,-17.1111999999998,0.7,1.0738300000000003,-18.8850299999998,2025-04
2025-04-30 13:38:00,2025-04-30 13:39:00,2025-04-30 13:49:00,SMCI,SHORT,73,29.4,30.264,10,-63.07200000000006,0.7,1.0731,-64.84510000000006,2025-04
2025-04-30 13:39:00,2025-04-30 13:40:00,2025-04-30 13:50:00,SMCI,SHORT,73,29.25,30.035,10,-57.30500000000001,0.7,1.067625,-59.07262500000001,2025-04
2025-04-30 13:45:00,2025-04-30 13:46:00,2025-04-30 13:56:00,SMCI,LONG,71,29.8745,29.925,10,3.5854999999999677,0.7,1.06054475,1.8249552499999675,2025-04
2025-04-30 13:46:00,2025-04-30 13:47:00,2025-04-30 13:57:00,SMCI,LONG,71,29.88,29.9698,10,6.375800000000023,0.7,1.06074,4.615060000000023,2025-04
2025-04-30 13:48:00,2025-04-30 13:49:00,2025-04-30 13:59:00,SMCI,LONG,70,30.264,29.955,10,-21.630000000000074,0.7,1.05924,-23.389240000000072,2025-04
2025-04-30 13:49:00,2025-04-30 13:50:00,2025-04-30 14:00:00,SMCI,LONG,70,30.035,30.132,10,6.7900000000000915,0.7,1.0512249999999999,5.038775000000092,2025-04
2025-04-07 14:13:00,2025-04-07 14:14:00,2025-04-07 14:24:00,SPY,LONG,4,513.78,499.71,10,-56.27999999999997,0.7,1.02756,-58.00755999999998,2025-04
2025-04-09 13:30:00,2025-04-09 13:31:00,2025-04-09 13:41:00,TECH,SHORT,45,46.62,47.94,10,-59.40000000000001,0.7,1.04895,-61.14895000000001,2025-04
2025-04-09 13:31:00,2025-04-09 13:32:00,2025-04-09 13:42:00,TECH,SHORT,44,47.16,48.09,10,-40.9200000000003,0.7,1.03752,-42.657520000000304,2025-04
2025-04-09 13:34:00,2025-04-09 13:35:00,2025-04-09 13:45:00,TECH,SHORT,44,46.96,47.6937,10,-32.28279999999995,0.7,1.03312,-34.01591999999995,2025-04
2025-04-02 13:31:00,2025-04-02 13:32:00,2025-04-02 13:42:00,TSLA,SHORT,8,251.81,255.941,10,-33.048,0.7,1.0072400000000001,-34.75524000000001,2025-04
2025-04-02 13:33:00,2025-04-02 13:34:00,2025-04-02 13:44:00,TSLA,SHORT,8,254.4,258.77,10,-34.95999999999981,0.7,1.0176,-36.67759999999981,2025-04
2025-04-07 13:30:00,2025-04-07 13:31:00,2025-04-07 13:41:00,TSLA,SHORT,9,225.4288,217.35,10,72.70920000000001,0.7,1.0144296,70.99477040000001,2025-04
2025-04-07 13:33:00,2025-04-07 13:34:00,2025-04-07 13:44:00,TSLA,SHORT,9,224.39,216.065,10,74.9249999999999,0.7,1.009755,73.2152449999999,2025-04
2025-04-07 13:36:00,2025-04-07 13:37:00,2025-04-07 13:47:00,TSLA,SHORT,9,220.4475,219.875,10,5.152499999999918,0.7,0.99201375,3.460486249999918,2025-04
2025-04-07 13:37:00,2025-04-07 13:38:00,2025-04-07 13:48:00,TSLA,SHORT,9,217.8,221.8267,10,-36.24029999999979,0.7,0.9801000000000001,-37.920399999999795,2025-04
2025-04-07 13:38:00,2025-04-07 13:39:00,2025-04-07 13:49:00,TSLA,LONG,9,219.74,221.2,10,13.139999999999816,0.7,0.9888300000000001,11.451169999999816,2025-04
2025-04-07 13:40:00,2025-04-07 13:41:00,2025-04-07 13:51:00,TSLA,LONG,9,217.35,223.3501,10,54.00090000000003,0.7,0.9780749999999999,52.32282500000003,2025-04
2025-04-07 13:41:00,2025-04-07 13:42:00,2025-04-07 13:52:00,TSLA,SHORT,9,215.74,225.79,10,-90.44999999999985,0.7,0.9708300000000001,-92.12082999999986,2025-04
2025-04-07 13:43:00,2025-04-07 13:44:00,2025-04-07 13:54:00,TSLA,LONG,9,216.065,227.5,10,102.91500000000002,0.7,0.9722925,101.24270750000002,2025-04
2025-04-07 14:12:00,2025-04-07 14:13:00,2025-04-07 14:23:00,TSLA,LONG,8,248.85,230.205,10,-149.15999999999985,0.7,0.9954,-150.85539999999983,2025-04
2025-04-07 14:13:00,2025-04-07 14:14:00,2025-04-07 14:24:00,TSLA,LONG,8,244.5038,228.925,10,-124.63040000000001,0.7,0.9780152000000001,-126.30841520000001,2025-04
2025-04-07 14:18:00,2025-04-07 14:19:00,2025-04-07 14:29:00,TSLA,LONG,8,240.3,228.19,10,-96.88000000000011,0.7,0.9612,-98.54120000000012,2025-04
2025-04-21 13:32:00,2025-04-21 13:33:00,2025-04-21 13:43:00,TSLA,SHORT,8,230.84,228.26,10,20.6400000000001,0.7,0.9233600000000001,19.016640000000102,2025-04
2025-04-21 13:36:00,2025-04-21 13:37:00,2025-04-21 13:47:00,TSLA,SHORT,8,230.66,228.905,10,14.039999999999964,0.7,0.92264,12.417359999999965,2025-04
2025-04-21 13:37:00,2025-04-21 13:38:00,2025-04-21 13:48:00,TSLA,SHORT,8,228.57,229.02,10,-3.6000000000001364,0.7,0.91428,-5.214280000000136,2025-04
2025-04-03 13:32:00,2025-04-03 13:33:00,2025-04-03 13:43:00,TTD,SHORT,38,52.39,50.6,10,68.01999999999997,0.7,0.99541,66.32458999999996,2025-04
2025-04-03 13:35:00,2025-04-03 13:36:00,2025-04-03 13:46:00,TTD,SHORT,39,51.555,50.81,10,29.0549999999999,0.7,1.0053225000000001,27.3496774999999,2025-04
2025-04-03 13:36:00,2025-04-03 13:37:00,2025-04-03 13:47:00,TTD,SHORT,40,51.44,50.625,10,32.59999999999991,0.7,1.0288,30.87119999999991,2025-04
2025-04-03 13:37:00,2025-04-03 13:38:00,2025-04-03 13:48:00,TTD,SHORT,40,51.425,50.6585,10,30.660000000000025,0.7,1.0285,28.931500000000025,2025-04
2025-04-03 13:43:00,2025-04-03 13:44:00,2025-04-03 13:54:00,TTD,SHORT,40,50.65,50.68,10,-1.2000000000000455,0.7,1.0130000000000001,-2.9130000000000456,2025-04
2025-04-04 13:30:00,2025-04-04 13:31:00,2025-04-04 13:41:00,UAL,SHORT,37,55.83,54.3229,10,55.762700000000045,0.7,1.032855,54.029845000000044,2025-04
2025-04-04 13:31:00,2025-04-04 13:32:00,2025-04-04 13:42:00,UAL,SHORT,37,55.2727,54.1082,10,43.08650000000014,0.7,1.02254495,41.36395505000014,2025-04
2025-04-04 13:32:00,2025-04-04 13:33:00,2025-04-04 13:43:00,UAL,SHORT,38,54.51,54.3,10,7.980000000000032,0.7,1.03569,6.2443100000000324,2025-04
2025-04-04 13:34:00,2025-04-04 13:35:00,2025-04-04 13:45:00,UAL,SHORT,37,55.13,54.71,10,15.540000000000063,0.7,1.019905,13.820095000000064,2025-04
2025-04-04 13:35:00,2025-04-04 13:36:00,2025-04-04 13:46:00,UAL,SHORT,37,55.28,54.935,10,12.764999999999958,0.7,1.02268,11.04231999999996,2025-04
2025-04-04 13:36:00,2025-04-04 13:37:00,2025-04-04 13:47:00,UAL,SHORT,38,54.78,55.01,10,-8.739999999999881,0.7,1.0408199999999999,-10.48081999999988,2025-04
2025-04-04 13:39:00,2025-04-04 13:40:00,2025-04-04 13:50:00,UAL,SHORT,38,54.2716,55.045,10,-29.389200000000088,0.7,1.0311604,-31.120360400000088,2025-04
2025-04-04 13:41:00,2025-04-04 13:42:00,2025-04-04 13:52:00,UAL,SHORT,38,54.1082,55.1725,10,-40.44340000000011,0.7,1.0280558,-42.17145580000011,2025-04
2025-04-04 13:42:00,2025-04-04 13:43:00,2025-04-04 13:53:00,UAL,SHORT,38,54.3,55.15,10,-32.300000000000054,0.7,1.0317,-34.03170000000006,2025-04
2025-04-04 13:43:00,2025-04-04 13:44:00,2025-04-04 13:54:00,UAL,SHORT,38,54.47,54.67,10,-7.600000000000108,0.7,1.0349300000000001,-9.334930000000107,2025-04
2025-04-08 13:35:00,2025-04-08 13:36:00,2025-04-08 13:46:00,UNH,LONG,3,567.21,563.155,10,-12.165000000000191,0.7,0.8508150000000001,-13.715815000000191,2025-04
2025-04-17 13:30:00,2025-04-17 13:31:00,2025-04-17 13:41:00,UNH,SHORT,4,487.9815,479.2628,10,34.87479999999982,0.7,0.975963,33.19883699999982,2025-04
2025-04-03 13:31:00,2025-04-03 13:32:00,2025-04-03 13:42:00,VST,SHORT,17,118.28,117.0,10,21.76000000000002,0.7,1.00538,20.05462000000002,2025-04
2025-04-03 13:32:00,2025-04-03 13:33:00,2025-04-03 13:43:00,VST,SHORT,17,118.43,117.1583,10,21.618900000000167,0.7,1.006655,19.91224500000017,2025-04
2025-04-04 13:31:00,2025-04-04 13:32:00,2025-04-04 13:42:00,VST,SHORT,20,102.37,97.485,10,97.7000000000001,0.7,1.0237,95.9763000000001,2025-04
2025-04-04 13:38:00,2025-04-04 13:39:00,2025-04-04 13:49:00,VST,SHORT,21,98.7696,98.795,10,-0.5334000000000998,0.7,1.0370808,-2.2704808000001,2025-04
2025-04-04 13:39:00,2025-04-04 13:40:00,2025-04-04 13:50:00,VST,SHORT,21,97.955,99.525,10,-32.970000000000155,0.7,1.0285275,-34.69852750000016,2025-04
2025-04-04 13:41:00,2025-04-04 13:42:00,2025-04-04 13:52:00,VST,SHORT,21,97.485,98.6929,10,-25.365899999999897,0.7,1.0235925,-27.089492499999896,2025-04
2025-04-04 14:09:00,2025-04-04 14:10:00,2025-04-04 14:20:00,VST,LONG,22,93.13,93.44,10,6.82000000000005,0.7,1.02443,5.09557000000005,2025-04
2025-04-04 15:04:00,2025-04-04 15:05:00,2025-04-04 15:15:00,VST,LONG,21,97.5261,100.0,10,51.95190000000001,0.7,1.02402405,50.227875950000005,2025-04
2025-04-04 15:06:00,2025-04-04 15:07:00,2025-04-04 15:17:00,VST,LONG,21,96.785,99.935,10,66.15000000000012,0.7,1.0162425,64.43375750000011,2025-04
2025-04-03 13:30:00,2025-04-03 13:31:00,2025-04-03 13:41:00,WSM,SHORT,14,142.665,137.515,10,72.10000000000008,0.7,0.998655,70.40134500000008,2025-04
2025-04-03 13:31:00,2025-04-03 13:32:00,2025-04-03 13:42:00,WSM,SHORT,14,143.09,137.625,10,76.51000000000005,0.7,1.00163,74.80837000000004,2025-04
2025-04-03 13:32:00,2025-04-03 13:33:00,2025-04-03 13:43:00,WSM,SHORT,15,142.3,137.785,10,67.72500000000022,0.7,1.06725,65.95775000000022,2025-04
2025-04-03 13:34:00,2025-04-03 13:35:00,2025-04-03 13:45:00,WSM,SHORT,15,142.02,137.67,10,65.25000000000034,0.7,1.06515,63.484850000000336,2025-04
2025-04-03 13:43:00,2025-04-03 13:44:00,2025-04-03 13:54:00,WSM,SHORT,15,139.08,137.3,10,26.700000000000017,0.7,1.0431000000000001,24.95690000000002,2025-04
2025-05-01 13:45:00,2025-05-01 13:46:00,2025-05-01 13:56:00,ALGN,LONG,10,187.08,186.048,10,-10.320000000000107,0.7,0.9354000000000001,-11.955400000000106,2025-05
2025-05-01 13:30:00,2025-05-01 13:31:00,2025-05-01 13:41:00,APTV,LONG,35,56.4501,57.74,10,45.1465000000001,0.7,0.9878767500000001,43.4586232500001,2025-05
2025-05-01 13:31:00,2025-05-01 13:32:00,2025-05-01 13:42:00,APTV,LONG,34,57.495,57.88,10,13.090000000000174,0.7,0.977415,11.412585000000174,2025-05
2025-05-01 13:31:00,2025-05-01 13:32:00,2025-05-01 13:42:00,BDX,SHORT,10,182.63,184.38,10,-17.5,0.7,0.91315,-19.11315,2025-05
2025-05-01 13:40:00,2025-05-01 13:41:00,2025-05-01 13:51:00,BDX,LONG,10,184.5,184.425,10,-0.7499999999998863,0.7,0.9225,-2.3724999999998864,2025-05
2025-05-07 13:30:00,2025-05-07 13:31:00,2025-05-07 13:41:00,BG,SHORT,25,78.065,77.77,10,7.375000000000043,0.7,0.9758125,5.6991875000000425,2025-05
2025-05-01 13:30:00,2025-05-01 13:31:00,2025-05-01 13:41:00,EBAY,SHORT,29,68.745,70.005,10,-36.539999999999736,0.7,0.9968025,-38.23680249999974,2025-05
2025-05-13 13:31:00,2025-05-13 13:32:00,2025-05-13 13:42:00,ENPH,SHORT,44,44.9,46.3412,10,-63.41280000000009,0.7,0.9878,-65.1006000000001,2025-05
2025-05-22 13:45:00,2025-05-22 13:46:00,2025-05-22 13:56:00,ENPH,LONG,50,39.075,39.655,10,28.999999999999915,0.7,0.9768750000000002,27.323124999999916,2025-05
2025-05-06 13:30:00,2025-05-06 13:31:00,2025-05-06 13:41:00,EXPD,LONG,18,106.65,107.02,10,6.659999999999826,0.7,0.9598500000000001,5.000149999999826,2025-05
2025-05-02 13:30:00,2025-05-02 13:31:00,2025-05-02 13:41:00,GDDY,SHORT,11,174.47,178.0,10,-38.83000000000001,0.7,0.959585,-40.48958500000001,2025-05
2025-05-02 13:31:00,2025-05-02 13:32:00,2025-05-02 13:42:00,GDDY,SHORT,11,171.92,179.43,10,-82.61000000000021,0.7,0.94556,-84.25556000000022,2025-05
2025-05-02 13:32:00,2025-05-02 13:33:00,2025-05-02 13:43:00,GDDY,SHORT,11,176.335,179.588,10,-35.782999999999845,0.7,0.9698425,-37.452842499999846,2025-05
2025-05-29 13:30:00,2025-05-29 13:31:00,2025-05-29 13:41:00,HPQ,SHORT,78,24.92,25.105,10,-14.4299999999999,0.7,0.9718800000000001,-16.1018799999999,2025-05
2025-05-29 13:32:00,2025-05-29 13:33:00,2025-05-29 13:43:00,HPQ,SHORT,78,25.0,24.94,10,4.6799999999999,0.7,0.975,3.0049999999999,2025-05
2025-05-29 13:37:00,2025-05-29 13:38:00,2025-05-29 13:48:00,HPQ,LONG,77,25.135,24.9591,10,-13.544300000000167,0.7,0.9676975000000001,-15.211997500000166,2025-05
2025-05-15 13:46:00,2025-05-15 13:47:00,2025-05-15 13:57:00,HUM,LONG,8,218.26,217.84,10,-3.3599999999999,0.7,0.8730399999999999,-4.9330399999999,2025-05
2025-05-22 13:30:00,2025-05-22 13:31:00,2025-05-22 13:42:00,HUM,LONG,8,232.0,236.19,10,33.51999999999998,0.7,0.928,31.891999999999978,2025-05
2025-05-22 13:31:00,2025-05-22 13:33:00,2025-05-22 13:43:00,HUM,LONG,8,236.94,235.77,10,-9.3599999999999,0.7,0.94776,-11.0077599999999,2025-05
2025-05-19 13:58:00,2025-05-19 13:59:00,2025-05-19 14:09:00,LEN,LONG,17,109.7,110.1,10,6.799999999999855,0.7,0.9324500000000001,5.167549999999855,2025-05
2025-05-09 13:30:00,2025-05-09 13:31:00,2025-05-09 13:41:00,MCHP,LONG,34,56.21,55.45,10,-25.839999999999932,0.7,0.95557,-27.495569999999933,2025-05
2025-05-09 13:35:00,2025-05-09 13:36:00,2025-05-09 13:46:00,MCHP,LONG,35,54.91,55.45,10,18.90000000000022,0.7,0.960925,17.23907500000022,2025-05
2025-05-12 13:30:00,2025-05-12 13:31:00,2025-05-12 13:41:00,MU,LONG,21,92.9,92.9,10,0.0,0.7,0.97545,-1.67545,2025-05
2025-05-05 13:46:00,2025-05-05 13:47:00,2025-05-05 13:57:00,ON,LONG,51,38.13,38.55,10,21.419999999999725,0.7,0.972315,19.747684999999727,2025-05
2025-05-12 13:30:00,2025-05-12 13:31:00,2025-05-12 13:41:00,ON,LONG,43,44.98,44.82,10,-6.879999999999853,0.7,0.96707,-8.547069999999854,2025-05
2025-05-12 13:31:00,2025-05-12 13:32:00,2025-05-12 13:42:00,ON,LONG,43,44.75,44.66,10,-3.8700000000001467,0.7,0.962125,-5.532125000000147,2025-05
2025-05-12 13:33:00,2025-05-12 13:34:00,2025-05-12 13:44:00,ON,LONG,43,45.0,44.75,10,-10.75,0.7,0.9675,-12.417499999999999,2025-05
2025-05-01 13:30:00,2025-05-01 13:31:00,2025-05-01 13:41:00,PWR,LONG,5,325.67,317.215,10,-42.275000000000205,0.7,0.8141750000000001,-43.789175000000206,2025-05
2025-05-01 13:31:00,2025-05-01 13:32:00,2025-05-01 13:42:00,PWR,LONG,6,322.13,317.7,10,-26.58000000000004,0.7,0.96639,-28.24639000000004,2025-05
2025-05-01 13:32:00,2025-05-01 13:33:00,2025-05-01 13:43:00,PWR,LONG,6,319.98,316.49,10,-20.940000000000055,0.7,0.9599400000000001,-22.599940000000053,2025-05
2025-05-01 13:33:00,2025-05-01 13:34:00,2025-05-01 13:44:00,PWR,LONG,6,317.94,319.08,10,6.839999999999918,0.7,0.95382,5.186179999999918,2025-05
2025-05-23 13:31:00,2025-05-23 13:32:00,2025-05-23 13:42:00,ROST,SHORT,14,136.545,132.33,10,59.00999999999965,0.7,0.955815,57.354184999999646,2025-05
2025-05-14 13:50:00,2025-05-14 13:51:00,2025-05-14 14:01:00,SMCI,LONG,44,44.13,44.15,10,0.8799999999998249,0.7,0.9708600000000001,-0.7908600000001751,2025-05
2025-05-14 13:54:00,2025-05-14 13:55:00,2025-05-14 14:05:00,SMCI,LONG,44,43.3899,43.79,10,17.604400000000084,0.7,0.9545777999999999,15.949822200000085,2025-05
2025-05-14 13:55:00,2025-05-14 13:56:00,2025-05-14 14:06:00,SMCI,LONG,45,43.31,43.75,10,19.799999999999898,0.7,0.9744750000000001,18.125524999999897,2025-05
2025-05-23 13:45:00,2025-05-23 13:46:00,2025-05-23 13:56:00,SMCI,LONG,49,39.7,39.595,10,-5.145000000000195,0.7,0.9726500000000001,-6.817650000000195,2025-05
2025-05-23 13:47:00,2025-05-23 13:48:00,2025-05-23 13:58:00,SMCI,LONG,49,39.48,39.63,10,7.3500000000002785,0.7,0.9672599999999999,5.682740000000279,2025-05
2025-05-23 13:48:00,2025-05-23 13:49:00,2025-05-23 13:59:00,SMCI,LONG,49,39.54,39.6,10,2.9400000000001114,0.7,0.9687300000000001,1.2712700000001111,2025-05
2025-05-23 13:49:00,2025-05-23 13:50:00,2025-05-23 14:00:00,SMCI,LONG,49,39.6,39.61,10,0.4899999999999025,0.7,0.9702000000000001,-1.1802000000000974,2025-05
2025-05-09 13:46:00,2025-05-09 13:47:00,2025-05-09 13:57:00,TTD,LONG,26,74.065,74.83,10,19.890000000000015,0.7,0.9628450000000001,18.227155000000014,2025-05
2025-05-09 13:47:00,2025-05-09 13:48:00,2025-05-09 13:58:00,TTD,LONG,26,74.06,74.71,10,16.89999999999978,0.7,0.96278,15.237219999999779,2025-05
2025-05-09 13:48:00,2025-05-09 13:49:00,2025-05-09 13:59:00,TTD,LONG,26,74.06,74.98,10,23.920000000000044,0.7,0.96278,22.257220000000046,2025-05
2025-05-13 13:30:00,2025-05-13 13:31:00,2025-05-13 13:41:00,UNH,SHORT,5,336.0894,334.925,10,5.822000000000003,0.7,0.8402235000000001,4.281776500000002,2025-05
2025-05-15 13:30:00,2025-05-15 13:31:00,2025-05-15 13:41:00,UNH,SHORT,7,271.42,262.89,10,59.71000000000021,0.7,0.9499700000000001,58.060030000000204,2025-05
2025-05-15 13:37:00,2025-05-15 13:38:00,2025-05-15 13:48:00,UNH,LONG,7,257.5697,259.24,10,11.692099999999982,0.7,0.9014939500000001,10.090606049999982,2025-05
2025-05-15 13:38:00,2025-05-15 13:39:00,2025-05-15 13:49:00,UNH,LONG,7,259.42,259.0,10,-2.9400000000001114,0.7,0.90797,-4.547970000000111,2025-05
2025-05-15 13:40:00,2025-05-15 13:41:00,2025-05-15 13:51:00,UNH,LONG,7,262.89,258.53,10,-30.520000000000095,0.7,0.920115,-32.140115000000094,2025-05
2025-05-15 13:48:00,2025-05-15 13:49:00,2025-05-15 13:59:00,UNH,LONG,7,259.0,257.0054,10,-13.962199999999939,0.7,0.9065,-15.568699999999938,2025-05
2025-05-15 13:49:00,2025-05-15 13:50:00,2025-05-15 14:00:00,UNH,LONG,7,257.86,258.0,10,0.9799999999999045,0.7,0.90251,-0.6225100000000955,2025-05
2025-05-15 13:50:00,2025-05-15 13:51:00,2025-05-15 14:01:00,UNH,LONG,7,258.53,259.41,10,6.160000000000366,0.7,0.904855,4.5551450000003655,2025-05
2025-05-23 13:30:00,2025-05-23 13:31:00,2025-05-23 13:41:00,WDAY,SHORT,8,243.5,238.932,10,36.544000000000096,0.7,0.974,34.8700000000001,2025-05
2025-05-05 14:05:00,2025-05-05 14:06:00,2025-05-05 14:16:00,ZBH,LONG,21,93.8,93.405,10,-8.294999999999916,0.7,0.9849,-9.979899999999915,2025-05
2025-06-06 13:49:00,2025-06-06 13:50:00,2025-06-06 14:00:00,ALB,LONG,33,59.48,59.655,10,5.775000000000141,0.7,0.98142,4.0935800000001406,2025-06
2025-06-06 13:52:00,2025-06-06 13:53:00,2025-06-06 14:03:00,ALB,LONG,33,59.84,59.375,10,-15.345000000000113,0.7,0.98736,-17.03236000000011,2025-06
2025-06-06 13:53:00,2025-06-06 13:54:00,2025-06-06 14:04:00,ALB,LONG,33,59.91,59.55,10,-11.879999999999981,0.7,0.988515,-13.56851499999998,2025-06
2025-06-06 13:55:00,2025-06-06 13:56:00,2025-06-06 14:06:00,ALB,LONG,33,59.73,59.5,10,-7.589999999999897,0.7,0.985545,-9.275544999999896,2025-06
2025-06-06 14:04:00,2025-06-06 14:05:00,2025-06-06 14:15:00,ALB,LONG,33,59.345,59.745,10,13.199999999999953,0.7,0.9791925,11.520807499999954,2025-06
2025-06-06 14:05:00,2025-06-06 14:06:00,2025-06-06 14:16:00,ALB,LONG,33,59.5,59.7,10,6.600000000000094,0.7,0.98175,4.918250000000094,2025-06
2025-06-06 14:06:00,2025-06-06 14:07:00,2025-06-06 14:17:00,ALB,LONG,33,59.64,59.78,10,4.620000000000019,0.7,0.98406,2.9359400000000186,2025-06
2025-06-26 15:22:00,2025-06-26 15:23:00,2025-06-26 15:33:00,ALB,SHORT,31,63.665,64.21,10,-16.894999999999833,0.7,0.9868075000000001,-18.581807499999833,2025-06
2025-06-06 14:05:00,2025-06-06 14:06:00,2025-06-06 14:16:00,AVGO,LONG,7,251.12,252.46,10,9.380000000000024,0.7,0.8789200000000001,7.801080000000025,2025-06
2025-06-06 14:07:00,2025-06-06 14:08:00,2025-06-06 14:18:00,AVGO,LONG,7,252.14,252.15,10,0.07000000000013529,0.7,0.88249,-1.5124899999998647,2025-06
2025-06-06 14:08:00,2025-06-06 14:09:00,2025-06-06 14:19:00,AVGO,LONG,7,252.5952,251.72,10,-6.1264000000000465,0.7,0.8840832000000001,-7.710483200000047,2025-06
2025-06-03 15:03:00,2025-06-03 15:04:00,2025-06-03 15:14:00,CEG,LONG,6,313.97,315.77,10,10.799999999999727,0.7,0.9419100000000001,9.158089999999728,2025-06
2025-06-17 13:41:00,2025-06-17 13:42:00,2025-06-17 13:52:00,ENPH,LONG,58,34.27,35.49,10,70.75999999999993,0.7,0.9938300000000001,69.06616999999993,2025-06
2025-06-17 13:44:00,2025-06-17 13:45:00,2025-06-17 13:55:00,ENPH,LONG,58,34.165,35.195,10,59.740000000000066,0.7,0.990785,58.04921500000006,2025-06
2025-06-30 13:36:00,2025-06-30 13:37:00,2025-06-30 13:47:00,FTV,SHORT,39,51.08,50.51,10,22.23000000000001,0.7,0.99606,20.533940000000012,2025-06
2025-06-13 13:35:00,2025-06-13 13:36:00,2025-06-13 13:46:00,GEV,SHORT,4,482.6964,483.075,10,-1.5144000000000233,0.7,0.9653927999999999,-3.1797928000000235,2025-06
2025-06-13 13:50:00,2025-06-13 13:51:00,2025-06-13 14:01:00,GEV,SHORT,4,482.78,476.47,10,25.23999999999978,0.7,0.96556,23.574439999999782,2025-06
2025-06-13 13:52:00,2025-06-13 13:53:00,2025-06-13 14:03:00,GEV,SHORT,4,480.58,477.63,10,11.799999999999955,0.7,0.96116,10.138839999999956,2025-06
2025-06-13 13:56:00,2025-06-13 13:57:00,2025-06-13 14:07:00,GEV,SHORT,4,476.78,475.39,10,5.559999999999945,0.7,0.95356,3.9064399999999453,2025-06
2025-06-13 13:58:00,2025-06-13 13:59:00,2025-06-13 14:09:00,GEV,SHORT,4,476.82,476.645,10,0.7000000000000455,0.7,0.95364,-0.9536399999999545,2025-06
2025-06-13 14:27:00,2025-06-13 14:28:00,2025-06-13 14:38:00,GEV,SHORT,4,476.01,478.3972,10,-9.548800000000028,0.7,0.95202,-11.200820000000027,2025-06
2025-06-13 14:28:00,2025-06-13 14:29:00,2025-06-13 14:39:00,GEV,SHORT,4,476.295,478.985,10,-10.759999999999991,0.7,0.95259,-12.412589999999991,2025-06
2025-06-17 13:32:00,2025-06-17 13:33:00,2025-06-17 13:43:00,JBL,SHORT,10,197.99,193.625,10,43.65000000000009,0.7,0.9899500000000001,41.96005000000009,2025-06
2025-06-17 13:33:00,2025-06-17 13:34:00,2025-06-17 13:44:00,JBL,SHORT,10,199.01,194.35,10,46.599999999999966,0.7,0.99505,44.904949999999964,2025-06
2025-06-17 13:34:00,2025-06-17 13:35:00,2025-06-17 13:45:00,JBL,SHORT,10,200.22,195.23,10,49.90000000000009,0.7,1.0011,48.19890000000009,2025-06
2025-06-17 13:35:00,2025-06-17 13:36:00,2025-06-17 13:46:00,JBL,SHORT,10,198.27,194.94,10,33.300000000000125,0.7,0.9913500000000001,31.60865000000012,2025-06
2025-06-13 14:05:00,2025-06-13 14:06:00,2025-06-13 14:16:00,LMT,SHORT,4,482.26,485.1067,10,-11.386799999999994,0.7,0.96452,-13.051319999999993,2025-06
2025-06-13 14:13:00,2025-06-13 14:14:00,2025-06-13 14:24:00,LMT,SHORT,4,484.66,486.775,10,-8.459999999999809,0.7,0.9693200000000001,-10.129319999999808,2025-06
2025-06-13 14:14:00,2025-06-13 14:15:00,2025-06-13 14:25:00,LMT,SHORT,4,484.345,487.155,10,-11.239999999999782,0.7,0.96869,-12.908689999999782,2025-06
2025-06-13 14:16:00,2025-06-13 14:17:00,2025-06-13 14:27:00,LMT,SHORT,4,485.56,487.15,10,-6.3599999999999,0.7,0.97112,-8.0311199999999,2025-06
2025-06-13 14:17:00,2025-06-13 14:18:00,2025-06-13 14:28:00,LMT,SHORT,4,485.645,487.55,10,-7.620000000000118,0.7,0.97129,-9.291290000000117,2025-06
2025-06-13 14:18:00,2025-06-13 14:19:00,2025-06-13 14:29:00,LMT,SHORT,4,485.765,487.32,10,-6.220000000000027,0.7,0.97153,-7.891530000000028,2025-06
2025-06-13 14:58:00,2025-06-13 14:59:00,2025-06-13 15:09:00,LMT,SHORT,4,484.975,485.775,10,-3.199999999999818,0.7,0.9699500000000001,-4.869949999999818,2025-06
2025-06-13 15:08:00,2025-06-13 15:09:00,2025-06-13 15:19:00,LMT,SHORT,4,485.775,486.4228,10,-2.5912000000000717,0.7,0.97155,-4.2627500000000715,2025-06
2025-06-13 15:12:00,2025-06-13 15:13:00,2025-06-13 15:23:00,LMT,SHORT,4,485.86,485.66,10,0.7999999999999545,0.7,0.97172,-0.8717200000000455,2025-06
2025-06-06 13:45:00,2025-06-06 13:46:00,2025-06-06 13:56:00,LULU,LONG,7,269.93,267.62,10,-16.170000000000016,0.7,0.944755,-17.814755000000016,2025-06
2025-06-06 13:46:00,2025-06-06 13:47:00,2025-06-06 13:57:00,LULU,LONG,7,269.93,267.76,10,-15.190000000000111,0.7,0.944755,-16.83475500000011,2025-06
2025-06-06 14:06:00,2025-06-06 14:07:00,2025-06-06 14:17:00,LULU,LONG,7,265.9424,264.036,10,-13.344800000000134,0.7,0.9307984000000001,-14.975598400000134,2025-06
2025-06-02 13:31:00,2025-06-02 13:32:00,2025-06-02 13:42:00,LVS,SHORT,49,41.02,41.0,10,0.9800000000001532,0.7,1.00499,-0.7249899999998468,2025-06
2025-06-06 13:41:00,2025-06-06 13:42:00,2025-06-06 13:52:00,MOS,LONG,58,35.0,34.965,10,-2.029999999999802,0.7,1.0150000000000001,-3.7449999999998025,2025-06
2025-06-06 14:10:00,2025-06-06 14:11:00,2025-06-06 14:21:00,SMCI,LONG,48,41.83,41.89,10,2.880000000000109,0.7,1.00392,1.176080000000109,2025-06
2025-06-06 14:11:00,2025-06-06 14:12:00,2025-06-06 14:22:00,SMCI,LONG,48,41.94,41.91,10,-1.4400000000000546,0.7,1.00656,-3.1465600000000546,2025-06
2025-06-06 13:49:00,2025-06-06 13:50:00,2025-06-06 14:00:00,TSLA,LONG,6,297.5101,295.62,10,-11.340600000000109,0.7,0.8925303000000001,-12.933130300000109,2025-06
2025-06-06 13:56:00,2025-06-06 13:57:00,2025-06-06 14:07:00,TSLA,LONG,6,292.8,295.91,10,18.660000000000082,0.7,0.8784000000000001,17.081600000000083,2025-06
2025-06-06 14:06:00,2025-06-06 14:07:00,2025-06-06 14:17:00,TSLA,LONG,6,295.91,297.76,10,11.099999999999795,0.7,0.88773,9.512269999999797,2025-06
2025-06-06 14:07:00,2025-06-06 14:08:00,2025-06-06 14:18:00,TSLA,LONG,6,296.215,296.83,10,3.6900000000000546,0.7,0.888645,2.1013550000000545,2025-06
2025-06-06 14:08:00,2025-06-06 14:09:00,2025-06-06 14:19:00,TSLA,LONG,6,295.58,296.7001,10,6.720600000000218,0.7,0.88674,5.133860000000218,2025-06
2025-06-06 14:09:00,2025-06-06 14:10:00,2025-06-06 14:20:00,TSLA,LONG,6,295.715,297.06,10,8.070000000000164,0.7,0.887145,6.482855000000163,2025-06
2025-07-31 13:30:00,2025-07-31 13:31:00,2025-07-31 13:41:00,ALGN,SHORT,13,147.495,140.25,10,94.18500000000006,0.7,0.9587175,92.52628250000005,2025-07
2025-07-31 13:31:00,2025-07-31 13:32:00,2025-07-31 13:42:00,ALGN,SHORT,13,145.99,140.0182,10,77.63340000000002,0.7,0.9489350000000001,75.98446500000001,2025-07
2025-07-31 13:32:00,2025-07-31 13:33:00,2025-07-31 13:43:00,ALGN,SHORT,14,143.6846,140.57,10,43.60439999999994,0.7,1.0057922,41.89860779999994,2025-07
2025-07-31 13:33:00,2025-07-31 13:34:00,2025-07-31 13:44:00,ALGN,SHORT,14,143.6075,140.555,10,42.73499999999973,0.7,1.0052524999999999,41.02974749999973,2025-07
2025-07-31 13:30:00,2025-07-31 13:31:00,2025-07-31 13:41:00,BAX,SHORT,85,24.07,23.16,10,77.35000000000001,0.7,1.022975,75.627025,2025-07
2025-07-25 13:30:00,2025-07-25 13:31:00,2025-07-25 13:41:00,CHTR,SHORT,6,331.79,326.4701,10,31.91940000000011,0.7,0.9953700000000001,30.22403000000011,2025-07
2025-07-25 13:31:00,2025-07-25 13:32:00,2025-07-25 13:42:00,CHTR,SHORT,6,334.11,327.21,10,41.400000000000205,0.7,1.0023300000000002,39.6976700000002,2025-07
2025-07-02 13:31:00,2025-07-02 13:32:00,2025-07-02 13:42:00,CNC,SHORT,55,37.43,37.4,10,1.6500000000000625,0.7,1.029325,-0.07932499999993747,2025-07
2025-07-02 13:32:00,2025-07-02 13:33:00,2025-07-02 13:43:00,CNC,SHORT,56,36.64,37.135,10,-27.719999999999857,0.7,1.0259200000000002,-29.445919999999855,2025-07
2025-07-02 14:41:00,2025-07-02 14:42:00,2025-07-02 14:52:00,CNC,SHORT,59,34.7253,34.485,10,14.177699999999867,0.7,1.02439635,12.453303649999867,2025-07
2025-07-02 14:43:00,2025-07-02 14:44:00,2025-07-02 14:54:00,CNC,LONG,60,34.595,34.3593,10,-14.142000000000081,0.7,1.03785,-15.879850000000081,2025-07
2025-07-02 14:48:00,2025-07-02 14:49:00,2025-07-02 14:59:00,CNC,LONG,59,34.555,34.46,10,-5.604999999999933,0.7,1.0193725,-7.324372499999933,2025-07
2025-07-02 14:49:00,2025-07-02 14:50:00,2025-07-02 15:00:00,CNC,LONG,60,34.409,34.505,10,5.760000000000218,0.7,1.03227,4.0277300000002185,2025-07
2025-07-02 14:51:00,2025-07-02 14:52:00,2025-07-02 15:02:00,CNC,LONG,60,34.485,34.549,10,3.8400000000000034,0.7,1.03455,2.105450000000003,2025-07
2025-07-02 14:52:00,2025-07-02 14:53:00,2025-07-02 15:03:00,CNC,LONG,60,34.42,34.4192,10,-0.04800000000031446,0.7,1.0326000000000002,-1.7806000000003146,2025-07
2025-07-02 14:57:00,2025-07-02 14:58:00,2025-07-02 15:08:00,CNC,LONG,60,34.46,34.441,10,-1.139999999999901,0.7,1.0338,-2.873799999999901,2025-07
2025-07-08 13:42:00,2025-07-08 13:43:00,2025-07-08 13:53:00,DDOG,LONG,14,145.65,146.97,10,18.479999999999905,0.7,1.0195500000000002,16.760449999999906,2025-07
2025-07-24 13:30:00,2025-07-24 13:31:00,2025-07-24 13:41:00,DOW,SHORT,75,27.475,26.935,10,40.5000000000002,0.7,1.0303125,38.769687500000195,2025-07
2025-07-17 14:11:00,2025-07-17 14:12:00,2025-07-17 14:22:00,ELV,LONG,6,301.4908,304.45,10,17.75520000000006,0.7,0.9044723999999998,16.15072760000006,2025-07
2025-07-08 13:42:00,2025-07-08 13:43:00,2025-07-08 13:53:00,ENPH,LONG,51,40.785,40.61,10,-8.924999999999855,0.7,1.0400175,-10.665017499999854,2025-07
2025-07-08 13:43:00,2025-07-08 13:44:00,2025-07-08 13:54:00,ENPH,LONG,51,40.745,40.61,10,-6.8849999999998985,0.7,1.0389975,-8.623997499999899,2025-07
2025-07-08 13:44:00,2025-07-08 13:45:00,2025-07-08 13:55:00,ENPH,LONG,50,40.99,40.4549,10,-26.754999999999995,0.7,1.02475,-28.479749999999996,2025-07
2025-07-08 13:46:00,2025-07-08 13:47:00,2025-07-08 13:57:00,ENPH,LONG,51,40.695,40.5629,10,-6.737100000000062,0.7,1.0377225,-8.474822500000062,2025-07
2025-07-08 13:47:00,2025-07-08 13:48:00,2025-07-08 13:58:00,ENPH,LONG,51,40.54,40.55,10,0.5099999999998985,0.7,1.03377,-1.2237700000001015,2025-07
2025-07-08 13:48:00,2025-07-08 13:49:00,2025-07-08 13:59:00,ENPH,LONG,50,40.835,40.57,10,-13.250000000000028,0.7,1.020875,-14.970875000000028,2025-07
2025-07-08 13:49:00,2025-07-08 13:50:00,2025-07-08 14:00:00,ENPH,LONG,50,40.779,40.56,10,-10.95000000000006,0.7,1.0194750000000001,-12.669475000000059,2025-07
2025-07-08 13:50:00,2025-07-08 13:51:00,2025-07-08 14:01:00,ENPH,LONG,50,40.8,40.67,10,-6.499999999999773,0.7,1.02,-8.219999999999773,2025-07
2025-07-08 14:07:00,2025-07-08 14:08:00,2025-07-08 14:18:00,ENPH,LONG,51,40.37,40.475,10,5.355000000000203,0.7,1.0294349999999999,3.625565000000203,2025-07
2025-07-08 13:41:00,2025-07-08 13:42:00,2025-07-08 13:52:00,FSLR,LONG,12,169.93,170.0,10,0.8399999999999181,0.7,1.0195800000000002,-0.879580000000082,2025-07
2025-07-08 13:42:00,2025-07-08 13:43:00,2025-07-08 13:53:00,FSLR,LONG,12,170.045,170.32,10,3.300000000000068,0.7,1.02027,1.579730000000068,2025-07
2025-07-08 13:43:00,2025-07-08 13:44:00,2025-07-08 13:54:00,FSLR,LONG,12,170.357,170.22,10,-1.6440000000000055,0.7,1.022142,-3.3661420000000057,2025-07
2025-07-08 13:44:00,2025-07-08 13:45:00,2025-07-08 13:55:00,FSLR,LONG,12,172.29,169.08,10,-38.519999999999754,0.7,1.03374,-40.25373999999976,2025-07
2025-07-08 13:45:00,2025-07-08 13:46:00,2025-07-08 13:56:00,FSLR,LONG,12,171.28,169.08,10,-26.399999999999864,0.7,1.0276800000000001,-28.127679999999863,2025-07
2025-07-08 13:46:00,2025-07-08 13:47:00,2025-07-08 13:57:00,FSLR,LONG,12,170.33,169.25,10,-12.96000000000015,0.7,1.02198,-14.681980000000149,2025-07
2025-07-08 13:47:00,2025-07-08 13:48:00,2025-07-08 13:58:00,FSLR,LONG,12,170.0,169.62,10,-4.559999999999945,0.7,1.02,-6.279999999999946,2025-07
2025-07-08 13:48:00,2025-07-08 13:49:00,2025-07-08 13:59:00,FSLR,LONG,11,171.23,170.07,10,-12.759999999999962,0.7,0.941765,-14.401764999999962,2025-07
2025-07-08 13:49:00,2025-07-08 13:50:00,2025-07-08 14:00:00,FSLR,LONG,11,170.785,170.29,10,-5.44500000000005,0.7,0.9393175,-7.084317500000051,2025-07
2025-07-08 14:05:00,2025-07-08 14:06:00,2025-07-08 14:16:00,FSLR,LONG,11,170.965,170.315,10,-7.1500000000000625,0.7,0.9403075000000001,-8.790307500000063,2025-07
2025-07-22 13:37:00,2025-07-22 13:38:00,2025-07-22 13:48:00,IQV,SHORT,11,184.08,183.62,10,5.0600000000000875,0.7,1.01244,3.3475600000000876,2025-07
2025-07-22 13:38:00,2025-07-22 13:39:00,2025-07-22 13:49:00,IQV,SHORT,11,183.78,183.395,10,4.2349999999999,0.7,1.01079,2.5242099999998997,2025-07
2025-07-22 13:39:00,2025-07-22 13:40:00,2025-07-22 13:50:00,IQV,SHORT,11,183.54,183.465,10,0.8249999999998749,0.7,1.0094699999999999,-0.8844700000001249,2025-07
2025-07-22 14:15:00,2025-07-22 14:16:00,2025-07-22 14:26:00,IQV,SHORT,11,183.505,184.455,10,-10.450000000000188,0.7,1.0092775,-12.159277500000186,2025-07
2025-07-24 13:31:00,2025-07-24 13:32:00,2025-07-24 13:42:00,LKQ,SHORT,62,32.855,31.25,10,99.5099999999998,0.7,1.018505,97.7914949999998,2025-07
2025-07-22 13:31:00,2025-07-22 13:32:00,2025-07-22 13:42:00,LMT,SHORT,4,421.0,426.32,10,-21.279999999999973,0.7,0.842,-22.82199999999997,2025-07
2025-07-23 13:30:00,2025-07-23 13:31:00,2025-07-23 13:41:00,LW,SHORT,36,56.12,56.455,10,-12.06000000000003,0.7,1.01016,-13.770160000000029,2025-07
2025-07-23 13:31:00,2025-07-23 13:32:00,2025-07-23 13:42:00,LW,SHORT,37,55.5,56.58,10,-39.95999999999994,0.7,1.02675,-41.68674999999994,2025-07
2025-07-30 14:10:00,2025-07-30 14:11:00,2025-07-30 14:21:00,ODFL,LONG,13,147.99,149.68,10,21.96999999999997,0.7,0.9619350000000001,20.30806499999997,2025-07
2025-07-30 14:11:00,2025-07-30 14:12:00,2025-07-30 14:22:00,ODFL,LONG,13,148.815,148.555,10,-3.3799999999998818,0.7,0.9672975,-5.047297499999882,2025-07
2025-07-23 14:05:00,2025-07-23 14:06:00,2025-07-23 14:16:00,OTIS,LONG,22,90.425,90.975,10,12.099999999999937,0.7,0.994675,10.405324999999937,2025-07
2025-07-28 13:30:00,2025-07-28 13:31:00,2025-07-28 13:41:00,RVTY,SHORT,21,93.825,93.75,10,1.5750000000000597,0.7,0.9851625,-0.11016249999994032,2025-07
2025-07-28 13:31:00,2025-07-28 13:32:00,2025-07-28 13:42:00,RVTY,SHORT,21,94.52,93.9688,10,11.575199999999882,0.7,0.9924599999999999,9.882739999999883,2025-07
2025-07-01 14:44:00,2025-07-01 14:45:00,2025-07-01 14:55:00,TSLA,LONG,6,299.4,298.45,10,-5.699999999999932,0.7,0.8982,-7.298199999999932,2025-07
2025-07-01 14:46:00,2025-07-01 14:47:00,2025-07-01 14:57:00,TSLA,LONG,6,298.842,297.29,10,-9.311999999999784,0.7,0.8965259999999999,-10.908525999999783,2025-07
2025-08-07 13:45:00,2025-08-07 13:46:00,2025-08-07 13:56:00,ABNB,LONG,16,121.75,123.16,10,22.559999999999945,0.7,0.974,20.885999999999946,2025-08
2025-08-07 14:05:00,2025-08-07 14:06:00,2025-08-07 14:16:00,ALB,LONG,27,72.69,72.38,10,-8.370000000000061,0.7,0.9813149999999999,-10.051315000000061,2025-08
2025-08-15 13:31:00,2025-08-15 13:32:00,2025-08-15 13:42:00,AMAT,SHORT,12,165.3021,164.75,10,6.62519999999995,0.7,0.9918126,4.933387399999949,2025-08
2025-08-15 13:32:00,2025-08-15 13:33:00,2025-08-15 13:43:00,AMAT,SHORT,12,163.94,166.31,10,-28.440000000000055,0.7,0.98364,-30.123640000000055,2025-08
2025-08-15 13:33:00,2025-08-15 13:34:00,2025-08-15 13:44:00,AMAT,SHORT,12,164.1965,166.6,10,-28.8420000000001,0.7,0.9851789999999999,-30.527179000000096,2025-08
2025-08-07 14:07:00,2025-08-07 14:08:00,2025-08-07 14:18:00,AMD,LONG,11,171.62,171.89,10,2.9699999999998,0.7,0.9439100000000001,1.3260899999997995,2025-08
2025-08-07 14:08:00,2025-08-07 14:09:00,2025-08-07 14:19:00,AMD,LONG,11,171.2799,172.0786,10,8.785699999999963,0.7,0.94203945,7.1436605499999635,2025-08
2025-08-07 14:09:00,2025-08-07 14:10:00,2025-08-07 14:20:00,AMD,LONG,11,171.8025,172.53,10,8.002499999999912,0.7,0.9449137500000001,6.357586249999912,2025-08
2025-08-12 13:31:00,2025-08-12 13:32:00,2025-08-12 13:42:00,CAH,SHORT,14,138.9157,139.39,10,-6.640199999999993,0.7,0.9724098999999999,-8.312609899999993,2025-08
2025-08-07 13:30:00,2025-08-07 13:31:00,2025-08-07 13:41:00,CF,SHORT,23,83.99,81.045,10,67.73499999999984,0.7,0.965885,66.06911499999984,2025-08
2025-08-07 13:41:00,2025-08-07 13:42:00,2025-08-07 13:52:00,CF,LONG,24,80.865,80.385,10,-11.519999999999754,0.7,0.9703799999999999,-13.190379999999754,2025-08
2025-08-07 13:42:00,2025-08-07 13:43:00,2025-08-07 13:53:00,CF,LONG,24,81.115,80.56,10,-13.319999999999823,0.7,0.9733799999999999,-14.993379999999823,2025-08
2025-08-07 13:43:00,2025-08-07 13:44:00,2025-08-07 13:54:00,CF,LONG,24,80.955,80.595,10,-8.639999999999986,0.7,0.9714600000000001,-10.311459999999986,2025-08
2025-08-07 13:44:00,2025-08-07 13:45:00,2025-08-07 13:55:00,CF,LONG,24,80.91,80.83,10,-1.919999999999959,0.7,0.97092,-3.5909199999999593,2025-08
2025-08-07 13:49:00,2025-08-07 13:50:00,2025-08-07 14:00:00,CF,LONG,24,80.645,81.4,10,18.120000000000232,0.7,0.96774,16.452260000000233,2025-08
2025-08-07 13:50:00,2025-08-07 13:51:00,2025-08-07 14:01:00,CF,LONG,24,80.3,82.2573,10,46.975200000000086,0.7,0.9635999999999999,45.311600000000084,2025-08
2025-08-07 13:51:00,2025-08-07 13:52:00,2025-08-07 14:02:00,CF,LONG,24,80.385,82.465,10,49.91999999999996,0.7,0.9646200000000001,48.25537999999995,2025-08
2025-08-07 14:04:00,2025-08-07 14:05:00,2025-08-07 14:15:00,CF,LONG,24,81.305,82.2007,10,21.49679999999978,0.7,0.9756600000000001,19.82113999999978,2025-08
2025-08-07 14:08:00,2025-08-07 14:09:00,2025-08-07 14:19:00,CF,LONG,24,81.855,82.55,10,16.679999999999836,0.7,0.98226,14.997739999999837,2025-08
2025-08-07 14:05:00,2025-08-07 14:06:00,2025-08-07 14:16:00,COIN,LONG,6,314.35,315.316,10,5.795999999999708,0.7,0.94305,4.1529499999997075,2025-08
2025-08-07 14:06:00,2025-08-07 14:07:00,2025-08-07 14:17:00,COIN,LONG,6,313.96,314.89,10,5.580000000000041,0.7,0.9418799999999999,3.938120000000041,2025-08
2025-08-07 14:07:00,2025-08-07 14:08:00,2025-08-07 14:18:00,COIN,LONG,6,314.33,314.5196,10,1.1376000000002477,0.7,0.94299,-0.5053899999997522,2025-08
2025-08-07 14:08:00,2025-08-07 14:09:00,2025-08-07 14:19:00,COIN,LONG,6,313.53,314.165,10,3.8100000000002865,0.7,0.9405899999999999,2.1694100000002865,2025-08
2025-08-07 14:09:00,2025-08-07 14:10:00,2025-08-07 14:20:00,COIN,LONG,6,313.04,315.1,10,12.360000000000014,0.7,0.9391200000000002,10.720880000000014,2025-08
2025-08-07 14:08:00,2025-08-07 14:09:00,2025-08-07 14:19:00,DASH,LONG,7,261.66,261.9205,10,1.8234999999998536,0.7,0.9158100000000001,0.2076899999998535,2025-08
2025-08-07 14:11:00,2025-08-07 14:12:00,2025-08-07 14:22:00,DASH,LONG,7,260.25,263.0785,10,19.799500000000137,0.7,0.910875,18.188625000000137,2025-08
2025-08-05 13:30:00,2025-08-05 13:31:00,2025-08-05 13:41:00,DD,SHORT,27,75.26,72.91,10,63.45000000000023,0.7,1.01601,61.733990000000226,2025-08
2025-08-07 13:45:00,2025-08-07 13:46:00,2025-08-07 13:56:00,DDOG,LONG,14,144.385,145.883,10,20.972000000000264,0.7,1.010695,19.261305000000267,2025-08
2025-08-07 13:47:00,2025-08-07 13:48:00,2025-08-07 13:58:00,DDOG,LONG,14,145.545,145.7235,10,2.499000000000194,0.7,1.018815,0.7801850000001942,2025-08
2025-08-07 13:53:00,2025-08-07 13:54:00,2025-08-07 14:04:00,DDOG,LONG,14,144.97,141.66,10,-46.34000000000003,0.7,1.01479,-48.05479000000003,2025-08
2025-08-07 14:05:00,2025-08-07 14:06:00,2025-08-07 14:16:00,DDOG,LONG,14,142.36,142.24,10,-1.6800000000000637,0.7,0.9965200000000001,-3.376520000000064,2025-08
2025-08-07 14:07:00,2025-08-07 14:08:00,2025-08-07 14:18:00,DDOG,LONG,14,142.62,141.21,10,-19.739999999999952,0.7,0.99834,-21.43833999999995,2025-08
2025-08-07 14:08:00,2025-08-07 14:09:00,2025-08-07 14:19:00,DDOG,LONG,14,141.42,140.79,10,-8.819999999999936,0.7,0.9899399999999999,-10.509939999999936,2025-08
2025-08-07 14:09:00,2025-08-07 14:10:00,2025-08-07 14:20:00,DDOG,LONG,14,142.205,141.13,10,-15.050000000000239,0.7,0.9954350000000001,-16.74543500000024,2025-08
2025-08-07 14:25:00,2025-08-07 14:26:00,2025-08-07 14:36:00,DOW,LONG,94,21.505,21.4481,10,-5.348599999999891,0.7,1.010735,-7.059334999999891,2025-08
2025-08-07 14:26:00,2025-08-07 14:27:00,2025-08-07 14:37:00,DOW,LONG,94,21.465,21.435,10,-2.820000000000107,0.7,1.008855,-4.528855000000107,2025-08
2025-08-07 14:27:00,2025-08-07 14:28:00,2025-08-07 14:38:00,DOW,LONG,94,21.4497,21.44,10,-0.9117999999998787,0.7,1.0081359,-2.619935899999879,2025-08
2025-08-01 13:34:00,2025-08-01 13:35:00,2025-08-01 13:45:00,EMN,SHORT,32,63.11,60.0445,10,98.096,0.7,1.00976,96.38624,2025-08
2025-08-07 13:44:00,2025-08-07 13:45:00,2025-08-07 13:55:00,ENPH,LONG,65,31.315,31.545,10,14.950000000000028,0.7,1.0177375000000002,13.232262500000028,2025-08
2025-08-07 13:49:00,2025-08-07 13:50:00,2025-08-07 14:00:00,ENPH,LONG,64,31.6829,31.47,10,-13.625600000000077,0.7,1.0138528,-15.339452800000076,2025-08
2025-08-08 13:38:00,2025-08-08 13:39:00,2025-08-08 13:49:00,EXPE,LONG,10,195.995,194.72,10,-12.750000000000057,0.7,0.979975,-14.429975000000056,2025-08
2025-08-08 13:39:00,2025-08-08 13:40:00,2025-08-08 13:50:00,EXPE,LONG,10,196.905,194.27,10,-26.34999999999991,0.7,0.984525,-28.03452499999991,2025-08
2025-08-08 13:40:00,2025-08-08 13:41:00,2025-08-08 13:51:00,EXPE,LONG,10,197.295,194.68,10,-26.149999999999807,0.7,0.9864749999999999,-27.836474999999805,2025-08
2025-08-08 13:41:00,2025-08-08 13:42:00,2025-08-08 13:52:00,EXPE,LONG,10,198.98,195.375,10,-36.0499999999999,0.7,0.9949,-37.7448999999999,2025-08
2025-08-08 13:42:00,2025-08-08 13:43:00,2025-08-08 13:53:00,EXPE,LONG,10,197.23,197.7,10,4.699999999999989,0.7,0.98615,3.0138499999999886,2025-08
2025-08-08 13:43:00,2025-08-08 13:44:00,2025-08-08 13:54:00,EXPE,LONG,10,197.0812,197.3498,10,2.685999999999922,0.7,0.985406,1.0005939999999218,2025-08
2025-08-08 13:44:00,2025-08-08 13:45:00,2025-08-08 13:55:00,EXPE,LONG,10,197.04,197.23,10,1.8999999999999773,0.7,0.9852,0.21479999999997734,2025-08
2025-08-08 13:45:00,2025-08-08 13:46:00,2025-08-08 13:56:00,EXPE,LONG,10,195.585,199.59,10,40.049999999999955,0.7,0.977925,38.37207499999995,2025-08
2025-08-08 13:46:00,2025-08-08 13:47:00,2025-08-08 13:57:00,EXPE,LONG,10,196.1815,200.01,10,38.28499999999991,0.7,0.9809075,36.60409249999991,2025-08
2025-08-08 13:49:00,2025-08-08 13:50:00,2025-08-08 14:00:00,EXPE,LONG,10,194.27,198.68,10,44.099999999999966,0.7,0.97135,42.42864999999996,2025-08
2025-08-07 13:41:00,2025-08-07 13:42:00,2025-08-07 13:52:00,FTNT,LONG,28,72.195,70.46,10,-48.579999999999984,0.7,1.01073,-50.29072999999999,2025-08
2025-08-07 13:42:00,2025-08-07 13:43:00,2025-08-07 13:53:00,FTNT,LONG,28,72.3,70.375,10,-53.89999999999992,0.7,1.0122,-55.61219999999992,2025-08
2025-08-07 13:45:00,2025-08-07 13:46:00,2025-08-07 13:56:00,FTNT,LONG,27,72.865,70.286608,10,-69.61658399999983,0.7,0.9836774999999999,-71.30026149999983,2025-08
2025-08-07 13:47:00,2025-08-07 13:48:00,2025-08-07 13:58:00,FTNT,LONG,28,71.775,70.46,10,-36.820000000000334,0.7,1.0048500000000002,-38.524850000000335,2025-08
2025-08-07 13:54:00,2025-08-07 13:55:00,2025-08-07 14:05:00,FTNT,LONG,28,70.875,70.74,10,-3.7800000000001432,0.7,0.99225,-5.472250000000144,2025-08
2025-08-07 14:07:00,2025-08-07 14:08:00,2025-08-07 14:18:00,FTNT,LONG,27,71.695,71.745,10,1.350000000000307,0.7,0.9678825,-0.317882499999693,2025-08
2025-08-06 13:30:00,2025-08-06 13:31:00,2025-08-06 13:41:00,GPN,SHORT,23,86.54,84.45,10,48.07000000000008,0.7,0.99521,46.374790000000075,2025-08
2025-08-06 13:42:00,2025-08-06 13:43:00,2025-08-06 13:53:00,GPN,LONG,24,83.1975,82.105,10,-26.220000000000027,0.7,0.9983700000000001,-27.918370000000028,2025-08
2025-08-06 14:50:00,2025-08-06 14:51:00,2025-08-06 15:01:00,IFF,LONG,29,67.88,66.99,10,-25.810000000000016,0.7,0.98426,-27.494260000000015,2025-08
2025-08-06 14:51:00,2025-08-06 14:52:00,2025-08-06 15:02:00,IFF,LONG,29,67.95,66.87,10,-31.31999999999995,0.7,0.9852750000000001,-33.005274999999955,2025-08
2025-08-06 14:57:00,2025-08-06 14:58:00,2025-08-06 15:08:00,IFF,LONG,29,67.055,64.76,10,-66.55500000000005,0.7,0.9722975000000001,-68.22729750000005,2025-08
2025-08-06 14:58:00,2025-08-06 14:59:00,2025-08-06 15:09:00,IFF,LONG,29,66.97,65.38,10,-46.1100000000001,0.7,0.971065,-47.781065000000105,2025-08
2025-08-06 15:07:00,2025-08-06 15:08:00,2025-08-06 15:18:00,IFF,LONG,30,64.76,65.64,10,26.399999999999864,0.7,0.9714000000000002,24.728599999999865,2025-08
2025-08-06 15:08:00,2025-08-06 15:09:00,2025-08-06 15:19:00,IFF,LONG,30,65.38,65.645,10,7.950000000000017,0.7,0.9806999999999999,6.269300000000017,2025-08
2025-08-01 13:30:00,2025-08-01 13:31:00,2025-08-01 13:41:00,IR,LONG,25,78.53,76.99,10,-38.500000000000156,0.7,0.981625,-40.18162500000016,2025-08
2025-08-01 14:49:00,2025-08-01 14:50:00,2025-08-01 15:00:00,IR,LONG,26,73.915,75.0,10,28.209999999999837,0.7,0.9608950000000002,26.549104999999837,2025-08
2025-08-01 14:50:00,2025-08-01 14:51:00,2025-08-01 15:01:00,IR,LONG,26,74.065,74.57,10,13.129999999999882,0.7,0.9628450000000001,11.467154999999883,2025-08
2025-08-01 14:51:00,2025-08-01 14:52:00,2025-08-01 15:02:00,IR,LONG,26,74.175,74.87,10,18.070000000000192,0.7,0.964275,16.405725000000192,2025-08
2025-08-07 13:42:00,2025-08-07 13:43:00,2025-08-07 13:53:00,LLY,LONG,3,648.715,641.7,10,-21.04499999999996,0.7,0.9730725,-22.71807249999996,2025-08
2025-08-12 13:32:00,2025-08-12 13:33:00,2025-08-12 13:43:00,ON,LONG,40,48.26,48.5803,10,12.812000000000126,0.7,0.9652,11.146800000000127,2025-08
2025-08-14 13:32:00,2025-08-14 13:33:00,2025-08-14 13:43:00,SWK,LONG,26,74.38,73.845,10,-13.909999999999911,0.7,0.9669399999999999,-15.57693999999991,2025-08
2025-08-07 13:44:00,2025-08-07 13:45:00,2025-08-07 13:55:00,VST,LONG,9,204.2,210.1125,10,53.212500000000205,0.7,0.9189,51.5936000000002,2025-08
2025-08-07 13:45:00,2025-08-07 13:46:00,2025-08-07 13:56:00,VST,LONG,9,204.32,210.42,10,54.89999999999995,0.7,0.9194399999999999,53.280559999999944,2025-08
2025-08-07 13:49:00,2025-08-07 13:50:00,2025-08-07 14:00:00,VST,LONG,9,207.55,210.54,10,26.909999999999826,0.7,0.933975,25.276024999999827,2025-08
2025-08-07 13:50:00,2025-08-07 13:51:00,2025-08-07 14:01:00,VST,LONG,9,207.009,209.15,10,19.269000000000176,0.7,0.9315405,17.637459500000176,2025-08
2025-08-07 13:52:00,2025-08-07 13:53:00,2025-08-07 14:03:00,VST,LONG,9,209.08,208.48,10,-5.400000000000205,0.7,0.94086,-7.040860000000205,2025-08
2025-08-07 13:53:00,2025-08-07 13:54:00,2025-08-07 14:04:00,VST,LONG,9,209.2,208.51,10,-6.2099999999999795,0.7,0.9414,-7.8513999999999795,2025-08
2025-08-07 14:30:00,2025-08-07 14:31:00,2025-08-07 14:41:00,VST,SHORT,9,206.91,207.7848,10,-7.87319999999994,0.7,0.931095,-9.504294999999939,2025-08
2025-08-07 14:48:00,2025-08-07 14:49:00,2025-08-07 14:59:00,VST,LONG,9,210.1831,209.24,10,-8.487899999999883,0.7,0.94582395,-10.133723949999881,2025-08
2025-08-07 13:30:00,2025-08-07 13:31:00,2025-08-07 13:41:00,ZBH,SHORT,20,99.49,100.7425,10,-25.05000000000024,0.7,0.9949,-26.74490000000024,2025-08
2025-08-07 13:31:00,2025-08-07 13:32:00,2025-08-07 13:42:00,ZBH,SHORT,19,100.2495,99.96,10,5.500500000000073,0.7,0.95237025,3.8481297500000733,2025-08
2025-08-07 13:41:00,2025-08-07 13:42:00,2025-08-07 13:52:00,ZBH,LONG,19,99.96,100.385,10,8.075000000000216,0.7,0.9496199999999999,6.4253800000002155,2025-08
2025-08-07 13:45:00,2025-08-07 13:46:00,2025-08-07 13:56:00,ZBH,LONG,19,100.27,99.79,10,-9.119999999999806,0.7,0.952565,-10.772564999999805,2025-08
2025-09-08 14:08:00,2025-09-08 14:09:00,2025-09-08 14:19:00,AVGO,LONG,5,352.865,350.44,10,-12.125000000000057,0.7,0.8821625000000001,-13.707162500000056,2025-09
2025-09-05 14:55:00,2025-09-05 14:56:00,2025-09-05 15:06:00,COIN,LONG,6,295.57,293.8701,10,-10.199400000000082,0.7,0.8867100000000001,-11.786110000000082,2025-09
2025-09-05 14:58:00,2025-09-05 14:59:00,2025-09-05 15:09:00,COIN,LONG,6,294.175,294.76,10,3.509999999999877,0.7,0.8825250000000001,1.9274749999998768,2025-09
2025-09-05 14:59:00,2025-09-05 15:00:00,2025-09-05 15:10:00,COIN,LONG,6,294.3005,294.0001,10,-1.8024000000001479,0.7,0.8829015,-3.385301500000148,2025-09
2025-09-05 15:00:00,2025-09-05 15:01:00,2025-09-05 15:11:00,COIN,LONG,6,293.48,294.73,10,7.5,0.7,0.8804400000000001,5.91956,2025-09
2025-09-05 15:06:00,2025-09-05 15:07:00,2025-09-05 15:17:00,COIN,LONG,6,293.76,295.9,10,12.839999999999918,0.7,0.88128,11.258719999999919,2025-09
2025-09-05 15:07:00,2025-09-05 15:08:00,2025-09-05 15:18:00,COIN,LONG,6,294.74,295.6,10,5.160000000000082,0.7,0.88422,3.5757800000000817,2025-09
