sweep_id,entries,rejections,trades_per_day,avg_r_multiple,hit_rate,rejection_counts,reject_bigmove_prob,reject_probability,reject_score_margin,reject_tod_profile,reject_expected_r,reject_risk_budget,reject_capacity,reject_other,metric_total_return,metric_annualized_return,metric_volatility,metric_sharpe_ratio,metric_max_drawdown,metric_max_drawdown_duration,metric_total_commissions,metric_total_slippage,metric_fill_rate,metric_total_trades,metric_trades,metric_win_rate,metric_avg_R,metric_total_pnl,metric_fees_total,param_bigmove_policy.probability_threshold,param_prob_threshold_long,param_prob_threshold_short,param_score_margin,param_max_open_positions_global
0,24,17972,1.0909090909090908,0.0,0.0,"{'bigmove_prob': 13980, 'probability': 1913, 'score_margin': 716, 'tod_profile': 502, 'expected_r': 0, 'risk_budget': 782, 'capacity': 79, 'other': 0}",13980,1913,716,502,0,782,79,0,-3.0410671343794604e-05,-0.0003482850486272726,0.0002850322722705435,-71.38940754509838,-0.00012191967648836632,819,11.5,0.0,0.5,20,20,0.45,1.431966865452085,28.6393373090417,11.5,0.65,0.6,0.6,0.0,2
1,27,17967,1.2272727272727273,0.0,0.0,"{'bigmove_prob': 14613, 'probability': 1982, 'score_margin': 739, 'tod_profile': 507, 'expected_r': 0, 'risk_budget': 2, 'capacity': 124, 'other': 0}",14613,1982,739,507,0,2,124,0,-3.0400675369857133e-05,-0.0003481705856809292,0.00032606879619639885,-62.40453187499963,-8.652824679467042e-05,826,12.5,0.0,0.5,19,19,0.47368421052631576,1.9545286063792922,37.13604352120655,12.5,0.65,0.6,0.6,0.0,3
2,28,17966,1.2727272727272727,0.0,0.0,"{'bigmove_prob': 14003, 'probability': 1803, 'score_margin': 688, 'tod_profile': 508, 'expected_r': 0, 'risk_budget': 796, 'capacity': 168, 'other': 0}",14003,1803,688,508,0,796,168,0,-3.0195574360236677e-05,-0.00034582199089727705,0.000252640702888886,-80.53263689598577,-9.569815383514424e-05,826,12.5,0.0,0.5,16,16,0.5625,3.2263220879663326,51.62115340746132,12.5,0.65,0.6,0.6,0.0,5
3,24,17972,1.0909090909090908,0.0,0.0,"{'bigmove_prob': 13980, 'probability': 1913, 'score_margin': 716, 'tod_profile': 502, 'expected_r': 0, 'risk_budget': 782, 'capacity': 79, 'other': 0}",13980,1913,716,502,0,782,79,0,-3.0410671343794604e-05,-0.0003482850486272726,0.0002850322722705435,-71.38940754509838,-0.00012191967648836632,819,11.5,0.0,0.5,20,20,0.45,1.431966865452085,28.6393373090417,11.5,0.65,0.6,0.6,0.01,2
4,27,17967,1.2272727272727273,0.0,0.0,"{'bigmove_prob': 14613, 'probability': 1982, 'score_margin': 739, 'tod_profile': 507, 'expected_r': 0, 'risk_budget': 2, 'capacity': 124, 'other': 0}",14613,1982,739,507,0,2,124,0,-3.0400675369857133e-05,-0.0003481705856809292,0.00032606879619639885,-62.40453187499963,-8.652824679467042e-05,826,12.5,0.0,0.5,19,19,0.47368421052631576,1.9545286063792922,37.13604352120655,12.5,0.65,0.6,0.6,0.01,3
5,28,17966,1.2727272727272727,0.0,0.0,"{'bigmove_prob': 14003, 'probability': 1803, 'score_margin': 688, 'tod_profile': 508, 'expected_r': 0, 'risk_budget': 796, 'capacity': 168, 'other': 0}",14003,1803,688,508,0,796,168,0,-3.0195574360236677e-05,-0.00034582199089727705,0.000252640702888886,-80.53263689598577,-9.569815383514424e-05,826,12.5,0.0,0.5,16,16,0.5625,3.2263220879663326,51.62115340746132,12.5,0.65,0.6,0.6,0.01,5
6,24,17972,1.0909090909090908,0.0,0.0,"{'bigmove_prob': 13980, 'probability': 1913, 'score_margin': 716, 'tod_profile': 502, 'expected_r': 0, 'risk_budget': 782, 'capacity': 79, 'other': 0}",13980,1913,716,502,0,782,79,0,-3.0410671343794604e-05,-0.0003482850486272726,0.0002850322722705435,-71.38940754509838,-0.00012191967648836632,819,11.5,0.0,0.5,20,20,0.45,1.431966865452085,28.6393373090417,11.5,0.65,0.6,0.6,0.02,2
7,27,17967,1.2272727272727273,0.0,0.0,"{'bigmove_prob': 14613, 'probability': 1982, 'score_margin': 739, 'tod_profile': 507, 'expected_r': 0, 'risk_budget': 2, 'capacity': 124, 'other': 0}",14613,1982,739,507,0,2,124,0,-3.0400675369857133e-05,-0.0003481705856809292,0.00032606879619639885,-62.40453187499963,-8.652824679467042e-05,826,12.5,0.0,0.5,19,19,0.47368421052631576,1.9545286063792922,37.13604352120655,12.5,0.65,0.6,0.6,0.02,3
8,28,17966,1.2727272727272727,0.0,0.0,"{'bigmove_prob': 14003, 'probability': 1803, 'score_margin': 688, 'tod_profile': 508, 'expected_r': 0, 'risk_budget': 796, 'capacity': 168, 'other': 0}",14003,1803,688,508,0,796,168,0,-3.0195574360236677e-05,-0.00034582199089727705,0.000252640702888886,-80.53263689598577,-9.569815383514424e-05,826,12.5,0.0,0.5,16,16,0.5625,3.2263220879663326,51.62115340746132,12.5,0.65,0.6,0.6,0.02,5
9,24,17972,1.0909090909090908,0.0,0.0,"{'bigmove_prob': 13980, 'probability': 1913, 'score_margin': 716, 'tod_profile': 502, 'expected_r': 0, 'risk_budget': 782, 'capacity': 79, 'other': 0}",13980,1913,716,502,0,782,79,0,-3.0410671343794604e-05,-0.0003482850486272726,0.0002850322722705435,-71.38940754509838,-0.00012191967648836632,819,11.5,0.0,0.5,20,20,0.45,1.431966865452085,28.6393373090417,11.5,0.65,0.6,0.65,0.0,2
10,27,17967,1.2272727272727273,0.0,0.0,"{'bigmove_prob': 14613, 'probability': 1982, 'score_margin': 739, 'tod_profile': 507, 'expected_r': 0, 'risk_budget': 2, 'capacity': 124, 'other': 0}",14613,1982,739,507,0,2,124,0,-3.0400675369857133e-05,-0.0003481705856809292,0.00032606879619639885,-62.40453187499963,-8.652824679467042e-05,826,12.5,0.0,0.5,19,19,0.47368421052631576,1.9545286063792922,37.13604352120655,12.5,0.65,0.6,0.65,0.0,3
11,28,17966,1.2727272727272727,0.0,0.0,"{'bigmove_prob': 14003, 'probability': 1803, 'score_margin': 688, 'tod_profile': 508, 'expected_r': 0, 'risk_budget': 796, 'capacity': 168, 'other': 0}",14003,1803,688,508,0,796,168,0,-3.0195574360236677e-05,-0.00034582199089727705,0.000252640702888886,-80.53263689598577,-9.569815383514424e-05,826,12.5,0.0,0.5,16,16,0.5625,3.2263220879663326,51.62115340746132,12.5,0.65,0.6,0.65,0.0,5
12,24,17972,1.0909090909090908,0.0,0.0,"{'bigmove_prob': 13980, 'probability': 1913, 'score_margin': 716, 'tod_profile': 502, 'expected_r': 0, 'risk_budget': 782, 'capacity': 79, 'other': 0}",13980,1913,716,502,0,782,79,0,-3.0410671343794604e-05,-0.0003482850486272726,0.0002850322722705435,-71.38940754509838,-0.00012191967648836632,819,11.5,0.0,0.5,20,20,0.45,1.431966865452085,28.6393373090417,11.5,0.65,0.6,0.65,0.01,2
13,27,17967,1.2272727272727273,0.0,0.0,"{'bigmove_prob': 14613, 'probability': 1982, 'score_margin': 739, 'tod_profile': 507, 'expected_r': 0, 'risk_budget': 2, 'capacity': 124, 'other': 0}",14613,1982,739,507,0,2,124,0,-3.0400675369857133e-05,-0.0003481705856809292,0.00032606879619639885,-62.40453187499963,-8.652824679467042e-05,826,12.5,0.0,0.5,19,19,0.47368421052631576,1.9545286063792922,37.13604352120655,12.5,0.65,0.6,0.65,0.01,3
14,28,17966,1.2727272727272727,0.0,0.0,"{'bigmove_prob': 14003, 'probability': 1803, 'score_margin': 688, 'tod_profile': 508, 'expected_r': 0, 'risk_budget': 796, 'capacity': 168, 'other': 0}",14003,1803,688,508,0,796,168,0,-3.0195574360236677e-05,-0.00034582199089727705,0.000252640702888886,-80.53263689598577,-9.569815383514424e-05,826,12.5,0.0,0.5,16,16,0.5625,3.2263220879663326,51.62115340746132,12.5,0.65,0.6,0.65,0.01,5
15,24,17972,1.0909090909090908,0.0,0.0,"{'bigmove_prob': 13980, 'probability': 1913, 'score_margin': 716, 'tod_profile': 502, 'expected_r': 0, 'risk_budget': 782, 'capacity': 79, 'other': 0}",13980,1913,716,502,0,782,79,0,-3.0410671343794604e-05,-0.0003482850486272726,0.0002850322722705435,-71.38940754509838,-0.00012191967648836632,819,11.5,0.0,0.5,20,20,0.45,1.431966865452085,28.6393373090417,11.5,0.65,0.6,0.65,0.02,2
16,27,17967,1.2272727272727273,0.0,0.0,"{'bigmove_prob': 14613, 'probability': 1982, 'score_margin': 739, 'tod_profile': 507, 'expected_r': 0, 'risk_budget': 2, 'capacity': 124, 'other': 0}",14613,1982,739,507,0,2,124,0,-3.0400675369857133e-05,-0.0003481705856809292,0.00032606879619639885,-62.40453187499963,-8.652824679467042e-05,826,12.5,0.0,0.5,19,19,0.47368421052631576,1.9545286063792922,37.13604352120655,12.5,0.65,0.6,0.65,0.02,3
17,28,17966,1.2727272727272727,0.0,0.0,"{'bigmove_prob': 14003, 'probability': 1803, 'score_margin': 688, 'tod_profile': 508, 'expected_r': 0, 'risk_budget': 796, 'capacity': 168, 'other': 0}",14003,1803,688,508,0,796,168,0,-3.0195574360236677e-05,-0.00034582199089727705,0.000252640702888886,-80.53263689598577,-9.569815383514424e-05,826,12.5,0.0,0.5,16,16,0.5625,3.2263220879663326,51.62115340746132,12.5,0.65,0.6,0.65,0.02,5
18,24,17972,1.0909090909090908,0.0,0.0,"{'bigmove_prob': 13980, 'probability': 1913, 'score_margin': 716, 'tod_profile': 502, 'expected_r': 0, 'risk_budget': 782, 'capacity': 79, 'other': 0}",13980,1913,716,502,0,782,79,0,-3.0410671343794604e-05,-0.0003482850486272726,0.0002850322722705435,-71.38940754509838,-0.00012191967648836632,819,11.5,0.0,0.5,20,20,0.45,1.431966865452085,28.6393373090417,11.5,0.65,0.6,0.7,0.0,2
19,27,17967,1.2272727272727273,0.0,0.0,"{'bigmove_prob': 14613, 'probability': 1982, 'score_margin': 739, 'tod_profile': 507, 'expected_r': 0, 'risk_budget': 2, 'capacity': 124, 'other': 0}",14613,1982,739,507,0,2,124,0,-3.0400675369857133e-05,-0.0003481705856809292,0.00032606879619639885,-62.40453187499963,-8.652824679467042e-05,826,12.5,0.0,0.5,19,19,0.47368421052631576,1.9545286063792922,37.13604352120655,12.5,0.65,0.6,0.7,0.0,3
20,28,17966,1.2727272727272727,0.0,0.0,"{'bigmove_prob': 14003, 'probability': 1803, 'score_margin': 688, 'tod_profile': 508, 'expected_r': 0, 'risk_budget': 796, 'capacity': 168, 'other': 0}",14003,1803,688,508,0,796,168,0,-3.0195574360236677e-05,-0.00034582199089727705,0.000252640702888886,-80.53263689598577,-9.569815383514424e-05,826,12.5,0.0,0.5,16,16,0.5625,3.2263220879663326,51.62115340746132,12.5,0.65,0.6,0.7,0.0,5
21,24,17972,1.0909090909090908,0.0,0.0,"{'bigmove_prob': 13980, 'probability': 1913, 'score_margin': 716, 'tod_profile': 502, 'expected_r': 0, 'risk_budget': 782, 'capacity': 79, 'other': 0}",13980,1913,716,502,0,782,79,0,-3.0410671343794604e-05,-0.0003482850486272726,0.0002850322722705435,-71.38940754509838,-0.00012191967648836632,819,11.5,0.0,0.5,20,20,0.45,1.431966865452085,28.6393373090417,11.5,0.65,0.6,0.7,0.01,2
22,27,17967,1.2272727272727273,0.0,0.0,"{'bigmove_prob': 14613, 'probability': 1982, 'score_margin': 739, 'tod_profile': 507, 'expected_r': 0, 'risk_budget': 2, 'capacity': 124, 'other': 0}",14613,1982,739,507,0,2,124,0,-3.0400675369857133e-05,-0.0003481705856809292,0.00032606879619639885,-62.40453187499963,-8.652824679467042e-05,826,12.5,0.0,0.5,19,19,0.47368421052631576,1.9545286063792922,37.13604352120655,12.5,0.65,0.6,0.7,0.01,3
23,28,17966,1.2727272727272727,0.0,0.0,"{'bigmove_prob': 14003, 'probability': 1803, 'score_margin': 688, 'tod_profile': 508, 'expected_r': 0, 'risk_budget': 796, 'capacity': 168, 'other': 0}",14003,1803,688,508,0,796,168,0,-3.0195574360236677e-05,-0.00034582199089727705,0.000252640702888886,-80.53263689598577,-9.569815383514424e-05,826,12.5,0.0,0.5,16,16,0.5625,3.2263220879663326,51.62115340746132,12.5,0.65,0.6,0.7,0.01,5
24,24,17972,1.0909090909090908,0.0,0.0,"{'bigmove_prob': 13980, 'probability': 1913, 'score_margin': 716, 'tod_profile': 502, 'expected_r': 0, 'risk_budget': 782, 'capacity': 79, 'other': 0}",13980,1913,716,502,0,782,79,0,-3.0410671343794604e-05,-0.0003482850486272726,0.0002850322722705435,-71.38940754509838,-0.00012191967648836632,819,11.5,0.0,0.5,20,20,0.45,1.431966865452085,28.6393373090417,11.5,0.65,0.6,0.7,0.02,2
25,27,17967,1.2272727272727273,0.0,0.0,"{'bigmove_prob': 14613, 'probability': 1982, 'score_margin': 739, 'tod_profile': 507, 'expected_r': 0, 'risk_budget': 2, 'capacity': 124, 'other': 0}",14613,1982,739,507,0,2,124,0,-3.0400675369857133e-05,-0.0003481705856809292,0.00032606879619639885,-62.40453187499963,-8.652824679467042e-05,826,12.5,0.0,0.5,19,19,0.47368421052631576,1.9545286063792922,37.13604352120655,12.5,0.65,0.6,0.7,0.02,3
26,28,17966,1.2727272727272727,0.0,0.0,"{'bigmove_prob': 14003, 'probability': 1803, 'score_margin': 688, 'tod_profile': 508, 'expected_r': 0, 'risk_budget': 796, 'capacity': 168, 'other': 0}",14003,1803,688,508,0,796,168,0,-3.0195574360236677e-05,-0.00034582199089727705,0.000252640702888886,-80.53263689598577,-9.569815383514424e-05,826,12.5,0.0,0.5,16,16,0.5625,3.2263220879663326,51.62115340746132,12.5,0.65,0.6,0.7,0.02,5
27,24,17972,1.0909090909090908,0.0,0.0,"{'bigmove_prob': 13980, 'probability': 1913, 'score_margin': 716, 'tod_profile': 502, 'expected_r': 0, 'risk_budget': 782, 'capacity': 79, 'other': 0}",13980,1913,716,502,0,782,79,0,-3.0410671343794604e-05,-0.0003482850486272726,0.0002850322722705435,-71.38940754509838,-0.00012191967648836632,819,11.5,0.0,0.5,20,20,0.45,1.431966865452085,28.6393373090417,11.5,0.65,0.6,0.75,0.0,2
28,27,17967,1.2272727272727273,0.0,0.0,"{'bigmove_prob': 14613, 'probability': 1982, 'score_margin': 739, 'tod_profile': 507, 'expected_r': 0, 'risk_budget': 2, 'capacity': 124, 'other': 0}",14613,1982,739,507,0,2,124,0,-3.0400675369857133e-05,-0.0003481705856809292,0.00032606879619639885,-62.40453187499963,-8.652824679467042e-05,826,12.5,0.0,0.5,19,19,0.47368421052631576,1.9545286063792922,37.13604352120655,12.5,0.65,0.6,0.75,0.0,3
29,28,17966,1.2727272727272727,0.0,0.0,"{'bigmove_prob': 14003, 'probability': 1803, 'score_margin': 688, 'tod_profile': 508, 'expected_r': 0, 'risk_budget': 796, 'capacity': 168, 'other': 0}",14003,1803,688,508,0,796,168,0,-3.0195574360236677e-05,-0.00034582199089727705,0.000252640702888886,-80.53263689598577,-9.569815383514424e-05,826,12.5,0.0,0.5,16,16,0.5625,3.2263220879663326,51.62115340746132,12.5,0.65,0.6,0.75,0.0,5
30,24,17972,1.0909090909090908,0.0,0.0,"{'bigmove_prob': 13980, 'probability': 1913, 'score_margin': 716, 'tod_profile': 502, 'expected_r': 0, 'risk_budget': 782, 'capacity': 79, 'other': 0}",13980,1913,716,502,0,782,79,0,-3.0410671343794604e-05,-0.0003482850486272726,0.0002850322722705435,-71.38940754509838,-0.00012191967648836632,819,11.5,0.0,0.5,20,20,0.45,1.431966865452085,28.6393373090417,11.5,0.65,0.6,0.75,0.01,2
31,27,17967,1.2272727272727273,0.0,0.0,"{'bigmove_prob': 14613, 'probability': 1982, 'score_margin': 739, 'tod_profile': 507, 'expected_r': 0, 'risk_budget': 2, 'capacity': 124, 'other': 0}",14613,1982,739,507,0,2,124,0,-3.0400675369857133e-05,-0.0003481705856809292,0.00032606879619639885,-62.40453187499963,-8.652824679467042e-05,826,12.5,0.0,0.5,19,19,0.47368421052631576,1.9545286063792922,37.13604352120655,12.5,0.65,0.6,0.75,0.01,3
32,28,17966,1.2727272727272727,0.0,0.0,"{'bigmove_prob': 14003, 'probability': 1803, 'score_margin': 688, 'tod_profile': 508, 'expected_r': 0, 'risk_budget': 796, 'capacity': 168, 'other': 0}",14003,1803,688,508,0,796,168,0,-3.0195574360236677e-05,-0.00034582199089727705,0.000252640702888886,-80.53263689598577,-9.569815383514424e-05,826,12.5,0.0,0.5,16,16,0.5625,3.2263220879663326,51.62115340746132,12.5,0.65,0.6,0.75,0.01,5
33,24,17972,1.0909090909090908,0.0,0.0,"{'bigmove_prob': 13980, 'probability': 1913, 'score_margin': 716, 'tod_profile': 502, 'expected_r': 0, 'risk_budget': 782, 'capacity': 79, 'other': 0}",13980,1913,716,502,0,782,79,0,-3.0410671343794604e-05,-0.0003482850486272726,0.0002850322722705435,-71.38940754509838,-0.00012191967648836632,819,11.5,0.0,0.5,20,20,0.45,1.431966865452085,28.6393373090417,11.5,0.65,0.6,0.75,0.02,2
34,27,17967,1.2272727272727273,0.0,0.0,"{'bigmove_prob': 14613, 'probability': 1982, 'score_margin': 739, 'tod_profile': 507, 'expected_r': 0, 'risk_budget': 2, 'capacity': 124, 'other': 0}",14613,1982,739,507,0,2,124,0,-3.0400675369857133e-05,-0.0003481705856809292,0.00032606879619639885,-62.40453187499963,-8.652824679467042e-05,826,12.5,0.0,0.5,19,19,0.47368421052631576,1.9545286063792922,37.13604352120655,12.5,0.65,0.6,0.75,0.02,3
35,28,17966,1.2727272727272727,0.0,0.0,"{'bigmove_prob': 14003, 'probability': 1803, 'score_margin': 688, 'tod_profile': 508, 'expected_r': 0, 'risk_budget': 796, 'capacity': 168, 'other': 0}",14003,1803,688,508,0,796,168,0,-3.0195574360236677e-05,-0.00034582199089727705,0.000252640702888886,-80.53263689598577,-9.569815383514424e-05,826,12.5,0.0,0.5,16,16,0.5625,3.2263220879663326,51.62115340746132,12.5,0.65,0.6,0.75,0.02,5
36,24,17972,1.0909090909090908,0.0,0.0,"{'bigmove_prob': 13980, 'probability': 1913, 'score_margin': 716, 'tod_profile': 502, 'expected_r': 0, 'risk_budget': 782, 'capacity': 79, 'other': 0}",13980,1913,716,502,0,782,79,0,-3.0410671343794604e-05,-0.0003482850486272726,0.0002850322722705435,-71.38940754509838,-0.00012191967648836632,819,11.5,0.0,0.5,20,20,0.45,1.431966865452085,28.6393373090417,11.5,0.65,0.65,0.6,0.0,2
37,27,17967,1.2272727272727273,0.0,0.0,"{'bigmove_prob': 14613, 'probability': 1982, 'score_margin': 739, 'tod_profile': 507, 'expected_r': 0, 'risk_budget': 2, 'capacity': 124, 'other': 0}",14613,1982,739,507,0,2,124,0,-3.0400675369857133e-05,-0.0003481705856809292,0.00032606879619639885,-62.40453187499963,-8.652824679467042e-05,826,12.5,0.0,0.5,19,19,0.47368421052631576,1.9545286063792922,37.13604352120655,12.5,0.65,0.65,0.6,0.0,3
38,28,17966,1.2727272727272727,0.0,0.0,"{'bigmove_prob': 14003, 'probability': 1803, 'score_margin': 688, 'tod_profile': 508, 'expected_r': 0, 'risk_budget': 796, 'capacity': 168, 'other': 0}",14003,1803,688,508,0,796,168,0,-3.0195574360236677e-05,-0.00034582199089727705,0.000252640702888886,-80.53263689598577,-9.569815383514424e-05,826,12.5,0.0,0.5,16,16,0.5625,3.2263220879663326,51.62115340746132,12.5,0.65,0.65,0.6,0.0,5
39,24,17972,1.0909090909090908,0.0,0.0,"{'bigmove_prob': 13980, 'probability': 1913, 'score_margin': 716, 'tod_profile': 502, 'expected_r': 0, 'risk_budget': 782, 'capacity': 79, 'other': 0}",13980,1913,716,502,0,782,79,0,-3.0410671343794604e-05,-0.0003482850486272726,0.0002850322722705435,-71.38940754509838,-0.00012191967648836632,819,11.5,0.0,0.5,20,20,0.45,1.431966865452085,28.6393373090417,11.5,0.65,0.65,0.6,0.01,2
40,27,17967,1.2272727272727273,0.0,0.0,"{'bigmove_prob': 14613, 'probability': 1982, 'score_margin': 739, 'tod_profile': 507, 'expected_r': 0, 'risk_budget': 2, 'capacity': 124, 'other': 0}",14613,1982,739,507,0,2,124,0,-3.0400675369857133e-05,-0.0003481705856809292,0.00032606879619639885,-62.40453187499963,-8.652824679467042e-05,826,12.5,0.0,0.5,19,19,0.47368421052631576,1.9545286063792922,37.13604352120655,12.5,0.65,0.65,0.6,0.01,3
41,28,17966,1.2727272727272727,0.0,0.0,"{'bigmove_prob': 14003, 'probability': 1803, 'score_margin': 688, 'tod_profile': 508, 'expected_r': 0, 'risk_budget': 796, 'capacity': 168, 'other': 0}",14003,1803,688,508,0,796,168,0,-3.0195574360236677e-05,-0.00034582199089727705,0.000252640702888886,-80.53263689598577,-9.569815383514424e-05,826,12.5,0.0,0.5,16,16,0.5625,3.2263220879663326,51.62115340746132,12.5,0.65,0.65,0.6,0.01,5
42,24,17972,1.0909090909090908,0.0,0.0,"{'bigmove_prob': 13980, 'probability': 1913, 'score_margin': 716, 'tod_profile': 502, 'expected_r': 0, 'risk_budget': 782, 'capacity': 79, 'other': 0}",13980,1913,716,502,0,782,79,0,-3.0410671343794604e-05,-0.0003482850486272726,0.0002850322722705435,-71.38940754509838,-0.00012191967648836632,819,11.5,0.0,0.5,20,20,0.45,1.431966865452085,28.6393373090417,11.5,0.65,0.65,0.6,0.02,2
43,27,17967,1.2272727272727273,0.0,0.0,"{'bigmove_prob': 14613, 'probability': 1982, 'score_margin': 739, 'tod_profile': 507, 'expected_r': 0, 'risk_budget': 2, 'capacity': 124, 'other': 0}",14613,1982,739,507,0,2,124,0,-3.0400675369857133e-05,-0.0003481705856809292,0.00032606879619639885,-62.40453187499963,-8.652824679467042e-05,826,12.5,0.0,0.5,19,19,0.47368421052631576,1.9545286063792922,37.13604352120655,12.5,0.65,0.65,0.6,0.02,3
44,28,17966,1.2727272727272727,0.0,0.0,"{'bigmove_prob': 14003, 'probability': 1803, 'score_margin': 688, 'tod_profile': 508, 'expected_r': 0, 'risk_budget': 796, 'capacity': 168, 'other': 0}",14003,1803,688,508,0,796,168,0,-3.0195574360236677e-05,-0.00034582199089727705,0.000252640702888886,-80.53263689598577,-9.569815383514424e-05,826,12.5,0.0,0.5,16,16,0.5625,3.2263220879663326,51.62115340746132,12.5,0.65,0.65,0.6,0.02,5
45,24,17972,1.0909090909090908,0.0,0.0,"{'bigmove_prob': 13980, 'probability': 1913, 'score_margin': 716, 'tod_profile': 502, 'expected_r': 0, 'risk_budget': 782, 'capacity': 79, 'other': 0}",13980,1913,716,502,0,782,79,0,-3.0410671343794604e-05,-0.0003482850486272726,0.0002850322722705435,-71.38940754509838,-0.00012191967648836632,819,11.5,0.0,0.5,20,20,0.45,1.431966865452085,28.6393373090417,11.5,0.65,0.65,0.65,0.0,2
46,27,17967,1.2272727272727273,0.0,0.0,"{'bigmove_prob': 14613, 'probability': 1982, 'score_margin': 739, 'tod_profile': 507, 'expected_r': 0, 'risk_budget': 2, 'capacity': 124, 'other': 0}",14613,1982,739,507,0,2,124,0,-3.0400675369857133e-05,-0.0003481705856809292,0.00032606879619639885,-62.40453187499963,-8.652824679467042e-05,826,12.5,0.0,0.5,19,19,0.47368421052631576,1.9545286063792922,37.13604352120655,12.5,0.65,0.65,0.65,0.0,3
47,28,17966,1.2727272727272727,0.0,0.0,"{'bigmove_prob': 14003, 'probability': 1803, 'score_margin': 688, 'tod_profile': 508, 'expected_r': 0, 'risk_budget': 796, 'capacity': 168, 'other': 0}",14003,1803,688,508,0,796,168,0,-3.0195574360236677e-05,-0.00034582199089727705,0.000252640702888886,-80.53263689598577,-9.569815383514424e-05,826,12.5,0.0,0.5,16,16,0.5625,3.2263220879663326,51.62115340746132,12.5,0.65,0.65,0.65,0.0,5
48,24,17972,1.0909090909090908,0.0,0.0,"{'bigmove_prob': 13980, 'probability': 1913, 'score_margin': 716, 'tod_profile': 502, 'expected_r': 0, 'risk_budget': 782, 'capacity': 79, 'other': 0}",13980,1913,716,502,0,782,79,0,-3.0410671343794604e-05,-0.0003482850486272726,0.0002850322722705435,-71.38940754509838,-0.00012191967648836632,819,11.5,0.0,0.5,20,20,0.45,1.431966865452085,28.6393373090417,11.5,0.65,0.65,0.65,0.01,2
49,27,17967,1.2272727272727273,0.0,0.0,"{'bigmove_prob': 14613, 'probability': 1982, 'score_margin': 739, 'tod_profile': 507, 'expected_r': 0, 'risk_budget': 2, 'capacity': 124, 'other': 0}",14613,1982,739,507,0,2,124,0,-3.0400675369857133e-05,-0.0003481705856809292,0.00032606879619639885,-62.40453187499963,-8.652824679467042e-05,826,12.5,0.0,0.5,19,19,0.47368421052631576,1.9545286063792922,37.13604352120655,12.5,0.65,0.65,0.65,0.01,3
50,28,17966,1.2727272727272727,0.0,0.0,"{'bigmove_prob': 14003, 'probability': 1803, 'score_margin': 688, 'tod_profile': 508, 'expected_r': 0, 'risk_budget': 796, 'capacity': 168, 'other': 0}",14003,1803,688,508,0,796,168,0,-3.0195574360236677e-05,-0.00034582199089727705,0.000252640702888886,-80.53263689598577,-9.569815383514424e-05,826,12.5,0.0,0.5,16,16,0.5625,3.2263220879663326,51.62115340746132,12.5,0.65,0.65,0.65,0.01,5
51,24,17972,1.0909090909090908,0.0,0.0,"{'bigmove_prob': 13980, 'probability': 1913, 'score_margin': 716, 'tod_profile': 502, 'expected_r': 0, 'risk_budget': 782, 'capacity': 79, 'other': 0}",13980,1913,716,502,0,782,79,0,-3.0410671343794604e-05,-0.0003482850486272726,0.0002850322722705435,-71.38940754509838,-0.00012191967648836632,819,11.5,0.0,0.5,20,20,0.45,1.431966865452085,28.6393373090417,11.5,0.65,0.65,0.65,0.02,2
52,27,17967,1.2272727272727273,0.0,0.0,"{'bigmove_prob': 14613, 'probability': 1982, 'score_margin': 739, 'tod_profile': 507, 'expected_r': 0, 'risk_budget': 2, 'capacity': 124, 'other': 0}",14613,1982,739,507,0,2,124,0,-3.0400675369857133e-05,-0.0003481705856809292,0.00032606879619639885,-62.40453187499963,-8.652824679467042e-05,826,12.5,0.0,0.5,19,19,0.47368421052631576,1.9545286063792922,37.13604352120655,12.5,0.65,0.65,0.65,0.02,3
53,28,17966,1.2727272727272727,0.0,0.0,"{'bigmove_prob': 14003, 'probability': 1803, 'score_margin': 688, 'tod_profile': 508, 'expected_r': 0, 'risk_budget': 796, 'capacity': 168, 'other': 0}",14003,1803,688,508,0,796,168,0,-3.0195574360236677e-05,-0.00034582199089727705,0.000252640702888886,-80.53263689598577,-9.569815383514424e-05,826,12.5,0.0,0.5,16,16,0.5625,3.2263220879663326,51.62115340746132,12.5,0.65,0.65,0.65,0.02,5
54,24,17972,1.0909090909090908,0.0,0.0,"{'bigmove_prob': 13980, 'probability': 1913, 'score_margin': 716, 'tod_profile': 502, 'expected_r': 0, 'risk_budget': 782, 'capacity': 79, 'other': 0}",13980,1913,716,502,0,782,79,0,-3.0410671343794604e-05,-0.0003482850486272726,0.0002850322722705435,-71.38940754509838,-0.00012191967648836632,819,11.5,0.0,0.5,20,20,0.45,1.431966865452085,28.6393373090417,11.5,0.65,0.65,0.7,0.0,2
55,27,17967,1.2272727272727273,0.0,0.0,"{'bigmove_prob': 14613, 'probability': 1982, 'score_margin': 739, 'tod_profile': 507, 'expected_r': 0, 'risk_budget': 2, 'capacity': 124, 'other': 0}",14613,1982,739,507,0,2,124,0,-3.0400675369857133e-05,-0.0003481705856809292,0.00032606879619639885,-62.40453187499963,-8.652824679467042e-05,826,12.5,0.0,0.5,19,19,0.47368421052631576,1.9545286063792922,37.13604352120655,12.5,0.65,0.65,0.7,0.0,3
56,28,17966,1.2727272727272727,0.0,0.0,"{'bigmove_prob': 14003, 'probability': 1803, 'score_margin': 688, 'tod_profile': 508, 'expected_r': 0, 'risk_budget': 796, 'capacity': 168, 'other': 0}",14003,1803,688,508,0,796,168,0,-3.0195574360236677e-05,-0.00034582199089727705,0.000252640702888886,-80.53263689598577,-9.569815383514424e-05,826,12.5,0.0,0.5,16,16,0.5625,3.2263220879663326,51.62115340746132,12.5,0.65,0.65,0.7,0.0,5
57,24,17972,1.0909090909090908,0.0,0.0,"{'bigmove_prob': 13980, 'probability': 1913, 'score_margin': 716, 'tod_profile': 502, 'expected_r': 0, 'risk_budget': 782, 'capacity': 79, 'other': 0}",13980,1913,716,502,0,782,79,0,-3.0410671343794604e-05,-0.0003482850486272726,0.0002850322722705435,-71.38940754509838,-0.00012191967648836632,819,11.5,0.0,0.5,20,20,0.45,1.431966865452085,28.6393373090417,11.5,0.65,0.65,0.7,0.01,2
58,27,17967,1.2272727272727273,0.0,0.0,"{'bigmove_prob': 14613, 'probability': 1982, 'score_margin': 739, 'tod_profile': 507, 'expected_r': 0, 'risk_budget': 2, 'capacity': 124, 'other': 0}",14613,1982,739,507,0,2,124,0,-3.0400675369857133e-05,-0.0003481705856809292,0.00032606879619639885,-62.40453187499963,-8.652824679467042e-05,826,12.5,0.0,0.5,19,19,0.47368421052631576,1.9545286063792922,37.13604352120655,12.5,0.65,0.65,0.7,0.01,3
59,28,17966,1.2727272727272727,0.0,0.0,"{'bigmove_prob': 14003, 'probability': 1803, 'score_margin': 688, 'tod_profile': 508, 'expected_r': 0, 'risk_budget': 796, 'capacity': 168, 'other': 0}",14003,1803,688,508,0,796,168,0,-3.0195574360236677e-05,-0.00034582199089727705,0.000252640702888886,-80.53263689598577,-9.569815383514424e-05,826,12.5,0.0,0.5,16,16,0.5625,3.2263220879663326,51.62115340746132,12.5,0.65,0.65,0.7,0.01,5
60,24,17972,1.0909090909090908,0.0,0.0,"{'bigmove_prob': 13980, 'probability': 1913, 'score_margin': 716, 'tod_profile': 502, 'expected_r': 0, 'risk_budget': 782, 'capacity': 79, 'other': 0}",13980,1913,716,502,0,782,79,0,-3.0410671343794604e-05,-0.0003482850486272726,0.0002850322722705435,-71.38940754509838,-0.00012191967648836632,819,11.5,0.0,0.5,20,20,0.45,1.431966865452085,28.6393373090417,11.5,0.65,0.65,0.7,0.02,2
61,27,17967,1.2272727272727273,0.0,0.0,"{'bigmove_prob': 14613, 'probability': 1982, 'score_margin': 739, 'tod_profile': 507, 'expected_r': 0, 'risk_budget': 2, 'capacity': 124, 'other': 0}",14613,1982,739,507,0,2,124,0,-3.0400675369857133e-05,-0.0003481705856809292,0.00032606879619639885,-62.40453187499963,-8.652824679467042e-05,826,12.5,0.0,0.5,19,19,0.47368421052631576,1.9545286063792922,37.13604352120655,12.5,0.65,0.65,0.7,0.02,3
62,28,17966,1.2727272727272727,0.0,0.0,"{'bigmove_prob': 14003, 'probability': 1803, 'score_margin': 688, 'tod_profile': 508, 'expected_r': 0, 'risk_budget': 796, 'capacity': 168, 'other': 0}",14003,1803,688,508,0,796,168,0,-3.0195574360236677e-05,-0.00034582199089727705,0.000252640702888886,-80.53263689598577,-9.569815383514424e-05,826,12.5,0.0,0.5,16,16,0.5625,3.2263220879663326,51.62115340746132,12.5,0.65,0.65,0.7,0.02,5
63,24,17972,1.0909090909090908,0.0,0.0,"{'bigmove_prob': 13980, 'probability': 1913, 'score_margin': 716, 'tod_profile': 502, 'expected_r': 0, 'risk_budget': 782, 'capacity': 79, 'other': 0}",13980,1913,716,502,0,782,79,0,-3.0410671343794604e-05,-0.0003482850486272726,0.0002850322722705435,-71.38940754509838,-0.00012191967648836632,819,11.5,0.0,0.5,20,20,0.45,1.431966865452085,28.6393373090417,11.5,0.65,0.65,0.75,0.0,2
64,27,17967,1.2272727272727273,0.0,0.0,"{'bigmove_prob': 14613, 'probability': 1982, 'score_margin': 739, 'tod_profile': 507, 'expected_r': 0, 'risk_budget': 2, 'capacity': 124, 'other': 0}",14613,1982,739,507,0,2,124,0,-3.0400675369857133e-05,-0.0003481705856809292,0.00032606879619639885,-62.40453187499963,-8.652824679467042e-05,826,12.5,0.0,0.5,19,19,0.47368421052631576,1.9545286063792922,37.13604352120655,12.5,0.65,0.65,0.75,0.0,3
65,28,17966,1.2727272727272727,0.0,0.0,"{'bigmove_prob': 14003, 'probability': 1803, 'score_margin': 688, 'tod_profile': 508, 'expected_r': 0, 'risk_budget': 796, 'capacity': 168, 'other': 0}",14003,1803,688,508,0,796,168,0,-3.0195574360236677e-05,-0.00034582199089727705,0.000252640702888886,-80.53263689598577,-9.569815383514424e-05,826,12.5,0.0,0.5,16,16,0.5625,3.2263220879663326,51.62115340746132,12.5,0.65,0.65,0.75,0.0,5
66,24,17972,1.0909090909090908,0.0,0.0,"{'bigmove_prob': 13980, 'probability': 1913, 'score_margin': 716, 'tod_profile': 502, 'expected_r': 0, 'risk_budget': 782, 'capacity': 79, 'other': 0}",13980,1913,716,502,0,782,79,0,-3.0410671343794604e-05,-0.0003482850486272726,0.0002850322722705435,-71.38940754509838,-0.00012191967648836632,819,11.5,0.0,0.5,20,20,0.45,1.431966865452085,28.6393373090417,11.5,0.65,0.65,0.75,0.01,2
67,27,17967,1.2272727272727273,0.0,0.0,"{'bigmove_prob': 14613, 'probability': 1982, 'score_margin': 739, 'tod_profile': 507, 'expected_r': 0, 'risk_budget': 2, 'capacity': 124, 'other': 0}",14613,1982,739,507,0,2,124,0,-3.0400675369857133e-05,-0.0003481705856809292,0.00032606879619639885,-62.40453187499963,-8.652824679467042e-05,826,12.5,0.0,0.5,19,19,0.47368421052631576,1.9545286063792922,37.13604352120655,12.5,0.65,0.65,0.75,0.01,3
68,28,17966,1.2727272727272727,0.0,0.0,"{'bigmove_prob': 14003, 'probability': 1803, 'score_margin': 688, 'tod_profile': 508, 'expected_r': 0, 'risk_budget': 796, 'capacity': 168, 'other': 0}",14003,1803,688,508,0,796,168,0,-3.0195574360236677e-05,-0.00034582199089727705,0.000252640702888886,-80.53263689598577,-9.569815383514424e-05,826,12.5,0.0,0.5,16,16,0.5625,3.2263220879663326,51.62115340746132,12.5,0.65,0.65,0.75,0.01,5
69,24,17972,1.0909090909090908,0.0,0.0,"{'bigmove_prob': 13980, 'probability': 1913, 'score_margin': 716, 'tod_profile': 502, 'expected_r': 0, 'risk_budget': 782, 'capacity': 79, 'other': 0}",13980,1913,716,502,0,782,79,0,-3.0410671343794604e-05,-0.0003482850486272726,0.0002850322722705435,-71.38940754509838,-0.00012191967648836632,819,11.5,0.0,0.5,20,20,0.45,1.431966865452085,28.6393373090417,11.5,0.65,0.65,0.75,0.02,2
70,27,17967,1.2272727272727273,0.0,0.0,"{'bigmove_prob': 14613, 'probability': 1982, 'score_margin': 739, 'tod_profile': 507, 'expected_r': 0, 'risk_budget': 2, 'capacity': 124, 'other': 0}",14613,1982,739,507,0,2,124,0,-3.0400675369857133e-05,-0.0003481705856809292,0.00032606879619639885,-62.40453187499963,-8.652824679467042e-05,826,12.5,0.0,0.5,19,19,0.47368421052631576,1.9545286063792922,37.13604352120655,12.5,0.65,0.65,0.75,0.02,3
71,28,17966,1.2727272727272727,0.0,0.0,"{'bigmove_prob': 14003, 'probability': 1803, 'score_margin': 688, 'tod_profile': 508, 'expected_r': 0, 'risk_budget': 796, 'capacity': 168, 'other': 0}",14003,1803,688,508,0,796,168,0,-3.0195574360236677e-05,-0.00034582199089727705,0.000252640702888886,-80.53263689598577,-9.569815383514424e-05,826,12.5,0.0,0.5,16,16,0.5625,3.2263220879663326,51.62115340746132,12.5,0.65,0.65,0.75,0.02,5
72,24,17972,1.0909090909090908,0.0,0.0,"{'bigmove_prob': 13980, 'probability': 1913, 'score_margin': 716, 'tod_profile': 502, 'expected_r': 0, 'risk_budget': 782, 'capacity': 79, 'other': 0}",13980,1913,716,502,0,782,79,0,-3.0410671343794604e-05,-0.0003482850486272726,0.0002850322722705435,-71.38940754509838,-0.00012191967648836632,819,11.5,0.0,0.5,20,20,0.45,1.431966865452085,28.6393373090417,11.5,0.65,0.7,0.6,0.0,2
73,27,17967,1.2272727272727273,0.0,0.0,"{'bigmove_prob': 14613, 'probability': 1982, 'score_margin': 739, 'tod_profile': 507, 'expected_r': 0, 'risk_budget': 2, 'capacity': 124, 'other': 0}",14613,1982,739,507,0,2,124,0,-3.0400675369857133e-05,-0.0003481705856809292,0.00032606879619639885,-62.40453187499963,-8.652824679467042e-05,826,12.5,0.0,0.5,19,19,0.47368421052631576,1.9545286063792922,37.13604352120655,12.5,0.65,0.7,0.6,0.0,3
74,28,17966,1.2727272727272727,0.0,0.0,"{'bigmove_prob': 14003, 'probability': 1803, 'score_margin': 688, 'tod_profile': 508, 'expected_r': 0, 'risk_budget': 796, 'capacity': 168, 'other': 0}",14003,1803,688,508,0,796,168,0,-3.0195574360236677e-05,-0.00034582199089727705,0.000252640702888886,-80.53263689598577,-9.569815383514424e-05,826,12.5,0.0,0.5,16,16,0.5625,3.2263220879663326,51.62115340746132,12.5,0.65,0.7,0.6,0.0,5
75,24,17972,1.0909090909090908,0.0,0.0,"{'bigmove_prob': 13980, 'probability': 1913, 'score_margin': 716, 'tod_profile': 502, 'expected_r': 0, 'risk_budget': 782, 'capacity': 79, 'other': 0}",13980,1913,716,502,0,782,79,0,-3.0410671343794604e-05,-0.0003482850486272726,0.0002850322722705435,-71.38940754509838,-0.00012191967648836632,819,11.5,0.0,0.5,20,20,0.45,1.431966865452085,28.6393373090417,11.5,0.65,0.7,0.6,0.01,2
76,27,17967,1.2272727272727273,0.0,0.0,"{'bigmove_prob': 14613, 'probability': 1982, 'score_margin': 739, 'tod_profile': 507, 'expected_r': 0, 'risk_budget': 2, 'capacity': 124, 'other': 0}",14613,1982,739,507,0,2,124,0,-3.0400675369857133e-05,-0.0003481705856809292,0.00032606879619639885,-62.40453187499963,-8.652824679467042e-05,826,12.5,0.0,0.5,19,19,0.47368421052631576,1.9545286063792922,37.13604352120655,12.5,0.65,0.7,0.6,0.01,3
77,28,17966,1.2727272727272727,0.0,0.0,"{'bigmove_prob': 14003, 'probability': 1803, 'score_margin': 688, 'tod_profile': 508, 'expected_r': 0, 'risk_budget': 796, 'capacity': 168, 'other': 0}",14003,1803,688,508,0,796,168,0,-3.0195574360236677e-05,-0.00034582199089727705,0.000252640702888886,-80.53263689598577,-9.569815383514424e-05,826,12.5,0.0,0.5,16,16,0.5625,3.2263220879663326,51.62115340746132,12.5,0.65,0.7,0.6,0.01,5
78,24,17972,1.0909090909090908,0.0,0.0,"{'bigmove_prob': 13980, 'probability': 1913, 'score_margin': 716, 'tod_profile': 502, 'expected_r': 0, 'risk_budget': 782, 'capacity': 79, 'other': 0}",13980,1913,716,502,0,782,79,0,-3.0410671343794604e-05,-0.0003482850486272726,0.0002850322722705435,-71.38940754509838,-0.00012191967648836632,819,11.5,0.0,0.5,20,20,0.45,1.431966865452085,28.6393373090417,11.5,0.65,0.7,0.6,0.02,2
79,27,17967,1.2272727272727273,0.0,0.0,"{'bigmove_prob': 14613, 'probability': 1982, 'score_margin': 739, 'tod_profile': 507, 'expected_r': 0, 'risk_budget': 2, 'capacity': 124, 'other': 0}",14613,1982,739,507,0,2,124,0,-3.0400675369857133e-05,-0.0003481705856809292,0.00032606879619639885,-62.40453187499963,-8.652824679467042e-05,826,12.5,0.0,0.5,19,19,0.47368421052631576,1.9545286063792922,37.13604352120655,12.5,0.65,0.7,0.6,0.02,3
80,28,17966,1.2727272727272727,0.0,0.0,"{'bigmove_prob': 14003, 'probability': 1803, 'score_margin': 688, 'tod_profile': 508, 'expected_r': 0, 'risk_budget': 796, 'capacity': 168, 'other': 0}",14003,1803,688,508,0,796,168,0,-3.0195574360236677e-05,-0.00034582199089727705,0.000252640702888886,-80.53263689598577,-9.569815383514424e-05,826,12.5,0.0,0.5,16,16,0.5625,3.2263220879663326,51.62115340746132,12.5,0.65,0.7,0.6,0.02,5
81,24,17972,1.0909090909090908,0.0,0.0,"{'bigmove_prob': 13980, 'probability': 1913, 'score_margin': 716, 'tod_profile': 502, 'expected_r': 0, 'risk_budget': 782, 'capacity': 79, 'other': 0}",13980,1913,716,502,0,782,79,0,-3.0410671343794604e-05,-0.0003482850486272726,0.0002850322722705435,-71.38940754509838,-0.00012191967648836632,819,11.5,0.0,0.5,20,20,0.45,1.431966865452085,28.6393373090417,11.5,0.65,0.7,0.65,0.0,2
82,27,17967,1.2272727272727273,0.0,0.0,"{'bigmove_prob': 14613, 'probability': 1982, 'score_margin': 739, 'tod_profile': 507, 'expected_r': 0, 'risk_budget': 2, 'capacity': 124, 'other': 0}",14613,1982,739,507,0,2,124,0,-3.0400675369857133e-05,-0.0003481705856809292,0.00032606879619639885,-62.40453187499963,-8.652824679467042e-05,826,12.5,0.0,0.5,19,19,0.47368421052631576,1.9545286063792922,37.13604352120655,12.5,0.65,0.7,0.65,0.0,3
83,28,17966,1.2727272727272727,0.0,0.0,"{'bigmove_prob': 14003, 'probability': 1803, 'score_margin': 688, 'tod_profile': 508, 'expected_r': 0, 'risk_budget': 796, 'capacity': 168, 'other': 0}",14003,1803,688,508,0,796,168,0,-3.0195574360236677e-05,-0.00034582199089727705,0.000252640702888886,-80.53263689598577,-9.569815383514424e-05,826,12.5,0.0,0.5,16,16,0.5625,3.2263220879663326,51.62115340746132,12.5,0.65,0.7,0.65,0.0,5
84,24,17972,1.0909090909090908,0.0,0.0,"{'bigmove_prob': 13980, 'probability': 1913, 'score_margin': 716, 'tod_profile': 502, 'expected_r': 0, 'risk_budget': 782, 'capacity': 79, 'other': 0}",13980,1913,716,502,0,782,79,0,-3.0410671343794604e-05,-0.0003482850486272726,0.0002850322722705435,-71.38940754509838,-0.00012191967648836632,819,11.5,0.0,0.5,20,20,0.45,1.431966865452085,28.6393373090417,11.5,0.65,0.7,0.65,0.01,2
85,27,17967,1.2272727272727273,0.0,0.0,"{'bigmove_prob': 14613, 'probability': 1982, 'score_margin': 739, 'tod_profile': 507, 'expected_r': 0, 'risk_budget': 2, 'capacity': 124, 'other': 0}",14613,1982,739,507,0,2,124,0,-3.0400675369857133e-05,-0.0003481705856809292,0.00032606879619639885,-62.40453187499963,-8.652824679467042e-05,826,12.5,0.0,0.5,19,19,0.47368421052631576,1.9545286063792922,37.13604352120655,12.5,0.65,0.7,0.65,0.01,3
86,28,17966,1.2727272727272727,0.0,0.0,"{'bigmove_prob': 14003, 'probability': 1803, 'score_margin': 688, 'tod_profile': 508, 'expected_r': 0, 'risk_budget': 796, 'capacity': 168, 'other': 0}",14003,1803,688,508,0,796,168,0,-3.0195574360236677e-05,-0.00034582199089727705,0.000252640702888886,-80.53263689598577,-9.569815383514424e-05,826,12.5,0.0,0.5,16,16,0.5625,3.2263220879663326,51.62115340746132,12.5,0.65,0.7,0.65,0.01,5
87,24,17972,1.0909090909090908,0.0,0.0,"{'bigmove_prob': 13980, 'probability': 1913, 'score_margin': 716, 'tod_profile': 502, 'expected_r': 0, 'risk_budget': 782, 'capacity': 79, 'other': 0}",13980,1913,716,502,0,782,79,0,-3.0410671343794604e-05,-0.0003482850486272726,0.0002850322722705435,-71.38940754509838,-0.00012191967648836632,819,11.5,0.0,0.5,20,20,0.45,1.431966865452085,28.6393373090417,11.5,0.65,0.7,0.65,0.02,2
88,27,17967,1.2272727272727273,0.0,0.0,"{'bigmove_prob': 14613, 'probability': 1982, 'score_margin': 739, 'tod_profile': 507, 'expected_r': 0, 'risk_budget': 2, 'capacity': 124, 'other': 0}",14613,1982,739,507,0,2,124,0,-3.0400675369857133e-05,-0.0003481705856809292,0.00032606879619639885,-62.40453187499963,-8.652824679467042e-05,826,12.5,0.0,0.5,19,19,0.47368421052631576,1.9545286063792922,37.13604352120655,12.5,0.65,0.7,0.65,0.02,3
89,28,17966,1.2727272727272727,0.0,0.0,"{'bigmove_prob': 14003, 'probability': 1803, 'score_margin': 688, 'tod_profile': 508, 'expected_r': 0, 'risk_budget': 796, 'capacity': 168, 'other': 0}",14003,1803,688,508,0,796,168,0,-3.0195574360236677e-05,-0.00034582199089727705,0.000252640702888886,-80.53263689598577,-9.569815383514424e-05,826,12.5,0.0,0.5,16,16,0.5625,3.2263220879663326,51.62115340746132,12.5,0.65,0.7,0.65,0.02,5
90,24,17972,1.0909090909090908,0.0,0.0,"{'bigmove_prob': 13980, 'probability': 1913, 'score_margin': 716, 'tod_profile': 502, 'expected_r': 0, 'risk_budget': 782, 'capacity': 79, 'other': 0}",13980,1913,716,502,0,782,79,0,-3.0410671343794604e-05,-0.0003482850486272726,0.0002850322722705435,-71.38940754509838,-0.00012191967648836632,819,11.5,0.0,0.5,20,20,0.45,1.431966865452085,28.6393373090417,11.5,0.65,0.7,0.7,0.0,2
91,27,17967,1.2272727272727273,0.0,0.0,"{'bigmove_prob': 14613, 'probability': 1982, 'score_margin': 739, 'tod_profile': 507, 'expected_r': 0, 'risk_budget': 2, 'capacity': 124, 'other': 0}",14613,1982,739,507,0,2,124,0,-3.0400675369857133e-05,-0.0003481705856809292,0.00032606879619639885,-62.40453187499963,-8.652824679467042e-05,826,12.5,0.0,0.5,19,19,0.47368421052631576,1.9545286063792922,37.13604352120655,12.5,0.65,0.7,0.7,0.0,3
92,28,17966,1.2727272727272727,0.0,0.0,"{'bigmove_prob': 14003, 'probability': 1803, 'score_margin': 688, 'tod_profile': 508, 'expected_r': 0, 'risk_budget': 796, 'capacity': 168, 'other': 0}",14003,1803,688,508,0,796,168,0,-3.0195574360236677e-05,-0.00034582199089727705,0.000252640702888886,-80.53263689598577,-9.569815383514424e-05,826,12.5,0.0,0.5,16,16,0.5625,3.2263220879663326,51.62115340746132,12.5,0.65,0.7,0.7,0.0,5
93,24,17972,1.0909090909090908,0.0,0.0,"{'bigmove_prob': 13980, 'probability': 1913, 'score_margin': 716, 'tod_profile': 502, 'expected_r': 0, 'risk_budget': 782, 'capacity': 79, 'other': 0}",13980,1913,716,502,0,782,79,0,-3.0410671343794604e-05,-0.0003482850486272726,0.0002850322722705435,-71.38940754509838,-0.00012191967648836632,819,11.5,0.0,0.5,20,20,0.45,1.431966865452085,28.6393373090417,11.5,0.65,0.7,0.7,0.01,2
94,27,17967,1.2272727272727273,0.0,0.0,"{'bigmove_prob': 14613, 'probability': 1982, 'score_margin': 739, 'tod_profile': 507, 'expected_r': 0, 'risk_budget': 2, 'capacity': 124, 'other': 0}",14613,1982,739,507,0,2,124,0,-3.0400675369857133e-05,-0.0003481705856809292,0.00032606879619639885,-62.40453187499963,-8.652824679467042e-05,826,12.5,0.0,0.5,19,19,0.47368421052631576,1.9545286063792922,37.13604352120655,12.5,0.65,0.7,0.7,0.01,3
95,28,17966,1.2727272727272727,0.0,0.0,"{'bigmove_prob': 14003, 'probability': 1803, 'score_margin': 688, 'tod_profile': 508, 'expected_r': 0, 'risk_budget': 796, 'capacity': 168, 'other': 0}",14003,1803,688,508,0,796,168,0,-3.0195574360236677e-05,-0.00034582199089727705,0.000252640702888886,-80.53263689598577,-9.569815383514424e-05,826,12.5,0.0,0.5,16,16,0.5625,3.2263220879663326,51.62115340746132,12.5,0.65,0.7,0.7,0.01,5
96,24,17972,1.0909090909090908,0.0,0.0,"{'bigmove_prob': 13980, 'probability': 1913, 'score_margin': 716, 'tod_profile': 502, 'expected_r': 0, 'risk_budget': 782, 'capacity': 79, 'other': 0}",13980,1913,716,502,0,782,79,0,-3.0410671343794604e-05,-0.0003482850486272726,0.0002850322722705435,-71.38940754509838,-0.00012191967648836632,819,11.5,0.0,0.5,20,20,0.45,1.431966865452085,28.6393373090417,11.5,0.65,0.7,0.7,0.02,2
97,27,17967,1.2272727272727273,0.0,0.0,"{'bigmove_prob': 14613, 'probability': 1982, 'score_margin': 739, 'tod_profile': 507, 'expected_r': 0, 'risk_budget': 2, 'capacity': 124, 'other': 0}",14613,1982,739,507,0,2,124,0,-3.0400675369857133e-05,-0.0003481705856809292,0.00032606879619639885,-62.40453187499963,-8.652824679467042e-05,826,12.5,0.0,0.5,19,19,0.47368421052631576,1.9545286063792922,37.13604352120655,12.5,0.65,0.7,0.7,0.02,3
98,28,17966,1.2727272727272727,0.0,0.0,"{'bigmove_prob': 14003, 'probability': 1803, 'score_margin': 688, 'tod_profile': 508, 'expected_r': 0, 'risk_budget': 796, 'capacity': 168, 'other': 0}",14003,1803,688,508,0,796,168,0,-3.0195574360236677e-05,-0.00034582199089727705,0.000252640702888886,-80.53263689598577,-9.569815383514424e-05,826,12.5,0.0,0.5,16,16,0.5625,3.2263220879663326,51.62115340746132,12.5,0.65,0.7,0.7,0.02,5
99,24,17972,1.0909090909090908,0.0,0.0,"{'bigmove_prob': 13980, 'probability': 1913, 'score_margin': 716, 'tod_profile': 502, 'expected_r': 0, 'risk_budget': 782, 'capacity': 79, 'other': 0}",13980,1913,716,502,0,782,79,0,-3.0410671343794604e-05,-0.0003482850486272726,0.0002850322722705435,-71.38940754509838,-0.00012191967648836632,819,11.5,0.0,0.5,20,20,0.45,1.431966865452085,28.6393373090417,11.5,0.65,0.7,0.75,0.0,2
100,27,17967,1.2272727272727273,0.0,0.0,"{'bigmove_prob': 14613, 'probability': 1982, 'score_margin': 739, 'tod_profile': 507, 'expected_r': 0, 'risk_budget': 2, 'capacity': 124, 'other': 0}",14613,1982,739,507,0,2,124,0,-3.0400675369857133e-05,-0.0003481705856809292,0.00032606879619639885,-62.40453187499963,-8.652824679467042e-05,826,12.5,0.0,0.5,19,19,0.47368421052631576,1.9545286063792922,37.13604352120655,12.5,0.65,0.7,0.75,0.0,3
101,28,17966,1.2727272727272727,0.0,0.0,"{'bigmove_prob': 14003, 'probability': 1803, 'score_margin': 688, 'tod_profile': 508, 'expected_r': 0, 'risk_budget': 796, 'capacity': 168, 'other': 0}",14003,1803,688,508,0,796,168,0,-3.0195574360236677e-05,-0.00034582199089727705,0.000252640702888886,-80.53263689598577,-9.569815383514424e-05,826,12.5,0.0,0.5,16,16,0.5625,3.2263220879663326,51.62115340746132,12.5,0.65,0.7,0.75,0.0,5
102,24,17972,1.0909090909090908,0.0,0.0,"{'bigmove_prob': 13980, 'probability': 1913, 'score_margin': 716, 'tod_profile': 502, 'expected_r': 0, 'risk_budget': 782, 'capacity': 79, 'other': 0}",13980,1913,716,502,0,782,79,0,-3.0410671343794604e-05,-0.0003482850486272726,0.0002850322722705435,-71.38940754509838,-0.00012191967648836632,819,11.5,0.0,0.5,20,20,0.45,1.431966865452085,28.6393373090417,11.5,0.65,0.7,0.75,0.01,2
103,27,17967,1.2272727272727273,0.0,0.0,"{'bigmove_prob': 14613, 'probability': 1982, 'score_margin': 739, 'tod_profile': 507, 'expected_r': 0, 'risk_budget': 2, 'capacity': 124, 'other': 0}",14613,1982,739,507,0,2,124,0,-3.0400675369857133e-05,-0.0003481705856809292,0.00032606879619639885,-62.40453187499963,-8.652824679467042e-05,826,12.5,0.0,0.5,19,19,0.47368421052631576,1.9545286063792922,37.13604352120655,12.5,0.65,0.7,0.75,0.01,3
104,28,17966,1.2727272727272727,0.0,0.0,"{'bigmove_prob': 14003, 'probability': 1803, 'score_margin': 688, 'tod_profile': 508, 'expected_r': 0, 'risk_budget': 796, 'capacity': 168, 'other': 0}",14003,1803,688,508,0,796,168,0,-3.0195574360236677e-05,-0.00034582199089727705,0.000252640702888886,-80.53263689598577,-9.569815383514424e-05,826,12.5,0.0,0.5,16,16,0.5625,3.2263220879663326,51.62115340746132,12.5,0.65,0.7,0.75,0.01,5
105,24,17972,1.0909090909090908,0.0,0.0,"{'bigmove_prob': 13980, 'probability': 1913, 'score_margin': 716, 'tod_profile': 502, 'expected_r': 0, 'risk_budget': 782, 'capacity': 79, 'other': 0}",13980,1913,716,502,0,782,79,0,-3.0410671343794604e-05,-0.0003482850486272726,0.0002850322722705435,-71.38940754509838,-0.00012191967648836632,819,11.5,0.0,0.5,20,20,0.45,1.431966865452085,28.6393373090417,11.5,0.65,0.7,0.75,0.02,2
106,27,17967,1.2272727272727273,0.0,0.0,"{'bigmove_prob': 14613, 'probability': 1982, 'score_margin': 739, 'tod_profile': 507, 'expected_r': 0, 'risk_budget': 2, 'capacity': 124, 'other': 0}",14613,1982,739,507,0,2,124,0,-3.0400675369857133e-05,-0.0003481705856809292,0.00032606879619639885,-62.40453187499963,-8.652824679467042e-05,826,12.5,0.0,0.5,19,19,0.47368421052631576,1.9545286063792922,37.13604352120655,12.5,0.65,0.7,0.75,0.02,3
107,28,17966,1.2727272727272727,0.0,0.0,"{'bigmove_prob': 14003, 'probability': 1803, 'score_margin': 688, 'tod_profile': 508, 'expected_r': 0, 'risk_budget': 796, 'capacity': 168, 'other': 0}",14003,1803,688,508,0,796,168,0,-3.0195574360236677e-05,-0.00034582199089727705,0.000252640702888886,-80.53263689598577,-9.569815383514424e-05,826,12.5,0.0,0.5,16,16,0.5625,3.2263220879663326,51.62115340746132,12.5,0.65,0.7,0.75,0.02,5
108,24,17972,1.0909090909090908,0.0,0.0,"{'bigmove_prob': 13980, 'probability': 1913, 'score_margin': 716, 'tod_profile': 502, 'expected_r': 0, 'risk_budget': 782, 'capacity': 79, 'other': 0}",13980,1913,716,502,0,782,79,0,-3.0410671343794604e-05,-0.0003482850486272726,0.0002850322722705435,-71.38940754509838,-0.00012191967648836632,819,11.5,0.0,0.5,20,20,0.45,1.431966865452085,28.6393373090417,11.5,0.65,0.75,0.6,0.0,2
109,27,17967,1.2272727272727273,0.0,0.0,"{'bigmove_prob': 14613, 'probability': 1982, 'score_margin': 739, 'tod_profile': 507, 'expected_r': 0, 'risk_budget': 2, 'capacity': 124, 'other': 0}",14613,1982,739,507,0,2,124,0,-3.0400675369857133e-05,-0.0003481705856809292,0.00032606879619639885,-62.40453187499963,-8.652824679467042e-05,826,12.5,0.0,0.5,19,19,0.47368421052631576,1.9545286063792922,37.13604352120655,12.5,0.65,0.75,0.6,0.0,3
110,28,17966,1.2727272727272727,0.0,0.0,"{'bigmove_prob': 14003, 'probability': 1803, 'score_margin': 688, 'tod_profile': 508, 'expected_r': 0, 'risk_budget': 796, 'capacity': 168, 'other': 0}",14003,1803,688,508,0,796,168,0,-3.0195574360236677e-05,-0.00034582199089727705,0.000252640702888886,-80.53263689598577,-9.569815383514424e-05,826,12.5,0.0,0.5,16,16,0.5625,3.2263220879663326,51.62115340746132,12.5,0.65,0.75,0.6,0.0,5
111,24,17972,1.0909090909090908,0.0,0.0,"{'bigmove_prob': 13980, 'probability': 1913, 'score_margin': 716, 'tod_profile': 502, 'expected_r': 0, 'risk_budget': 782, 'capacity': 79, 'other': 0}",13980,1913,716,502,0,782,79,0,-3.0410671343794604e-05,-0.0003482850486272726,0.0002850322722705435,-71.38940754509838,-0.00012191967648836632,819,11.5,0.0,0.5,20,20,0.45,1.431966865452085,28.6393373090417,11.5,0.65,0.75,0.6,0.01,2
112,27,17967,1.2272727272727273,0.0,0.0,"{'bigmove_prob': 14613, 'probability': 1982, 'score_margin': 739, 'tod_profile': 507, 'expected_r': 0, 'risk_budget': 2, 'capacity': 124, 'other': 0}",14613,1982,739,507,0,2,124,0,-3.0400675369857133e-05,-0.0003481705856809292,0.00032606879619639885,-62.40453187499963,-8.652824679467042e-05,826,12.5,0.0,0.5,19,19,0.47368421052631576,1.9545286063792922,37.13604352120655,12.5,0.65,0.75,0.6,0.01,3
113,28,17966,1.2727272727272727,0.0,0.0,"{'bigmove_prob': 14003, 'probability': 1803, 'score_margin': 688, 'tod_profile': 508, 'expected_r': 0, 'risk_budget': 796, 'capacity': 168, 'other': 0}",14003,1803,688,508,0,796,168,0,-3.0195574360236677e-05,-0.00034582199089727705,0.000252640702888886,-80.53263689598577,-9.569815383514424e-05,826,12.5,0.0,0.5,16,16,0.5625,3.2263220879663326,51.62115340746132,12.5,0.65,0.75,0.6,0.01,5
114,24,17972,1.0909090909090908,0.0,0.0,"{'bigmove_prob': 13980, 'probability': 1913, 'score_margin': 716, 'tod_profile': 502, 'expected_r': 0, 'risk_budget': 782, 'capacity': 79, 'other': 0}",13980,1913,716,502,0,782,79,0,-3.0410671343794604e-05,-0.0003482850486272726,0.0002850322722705435,-71.38940754509838,-0.00012191967648836632,819,11.5,0.0,0.5,20,20,0.45,1.431966865452085,28.6393373090417,11.5,0.65,0.75,0.6,0.02,2
115,27,17967,1.2272727272727273,0.0,0.0,"{'bigmove_prob': 14613, 'probability': 1982, 'score_margin': 739, 'tod_profile': 507, 'expected_r': 0, 'risk_budget': 2, 'capacity': 124, 'other': 0}",14613,1982,739,507,0,2,124,0,-3.0400675369857133e-05,-0.0003481705856809292,0.00032606879619639885,-62.40453187499963,-8.652824679467042e-05,826,12.5,0.0,0.5,19,19,0.47368421052631576,1.9545286063792922,37.13604352120655,12.5,0.65,0.75,0.6,0.02,3
116,28,17966,1.2727272727272727,0.0,0.0,"{'bigmove_prob': 14003, 'probability': 1803, 'score_margin': 688, 'tod_profile': 508, 'expected_r': 0, 'risk_budget': 796, 'capacity': 168, 'other': 0}",14003,1803,688,508,0,796,168,0,-3.0195574360236677e-05,-0.00034582199089727705,0.000252640702888886,-80.53263689598577,-9.569815383514424e-05,826,12.5,0.0,0.5,16,16,0.5625,3.2263220879663326,51.62115340746132,12.5,0.65,0.75,0.6,0.02,5
117,24,17972,1.0909090909090908,0.0,0.0,"{'bigmove_prob': 13980, 'probability': 1913, 'score_margin': 716, 'tod_profile': 502, 'expected_r': 0, 'risk_budget': 782, 'capacity': 79, 'other': 0}",13980,1913,716,502,0,782,79,0,-3.0410671343794604e-05,-0.0003482850486272726,0.0002850322722705435,-71.38940754509838,-0.00012191967648836632,819,11.5,0.0,0.5,20,20,0.45,1.431966865452085,28.6393373090417,11.5,0.65,0.75,0.65,0.0,2
118,27,17967,1.2272727272727273,0.0,0.0,"{'bigmove_prob': 14613, 'probability': 1982, 'score_margin': 739, 'tod_profile': 507, 'expected_r': 0, 'risk_budget': 2, 'capacity': 124, 'other': 0}",14613,1982,739,507,0,2,124,0,-3.0400675369857133e-05,-0.0003481705856809292,0.00032606879619639885,-62.40453187499963,-8.652824679467042e-05,826,12.5,0.0,0.5,19,19,0.47368421052631576,1.9545286063792922,37.13604352120655,12.5,0.65,0.75,0.65,0.0,3
119,28,17966,1.2727272727272727,0.0,0.0,"{'bigmove_prob': 14003, 'probability': 1803, 'score_margin': 688, 'tod_profile': 508, 'expected_r': 0, 'risk_budget': 796, 'capacity': 168, 'other': 0}",14003,1803,688,508,0,796,168,0,-3.0195574360236677e-05,-0.00034582199089727705,0.000252640702888886,-80.53263689598577,-9.569815383514424e-05,826,12.5,0.0,0.5,16,16,0.5625,3.2263220879663326,51.62115340746132,12.5,0.65,0.75,0.65,0.0,5
120,24,17972,1.0909090909090908,0.0,0.0,"{'bigmove_prob': 13980, 'probability': 1913, 'score_margin': 716, 'tod_profile': 502, 'expected_r': 0, 'risk_budget': 782, 'capacity': 79, 'other': 0}",13980,1913,716,502,0,782,79,0,-3.0410671343794604e-05,-0.0003482850486272726,0.0002850322722705435,-71.38940754509838,-0.00012191967648836632,819,11.5,0.0,0.5,20,20,0.45,1.431966865452085,28.6393373090417,11.5,0.65,0.75,0.65,0.01,2
121,27,17967,1.2272727272727273,0.0,0.0,"{'bigmove_prob': 14613, 'probability': 1982, 'score_margin': 739, 'tod_profile': 507, 'expected_r': 0, 'risk_budget': 2, 'capacity': 124, 'other': 0}",14613,1982,739,507,0,2,124,0,-3.0400675369857133e-05,-0.0003481705856809292,0.00032606879619639885,-62.40453187499963,-8.652824679467042e-05,826,12.5,0.0,0.5,19,19,0.47368421052631576,1.9545286063792922,37.13604352120655,12.5,0.65,0.75,0.65,0.01,3
122,28,17966,1.2727272727272727,0.0,0.0,"{'bigmove_prob': 14003, 'probability': 1803, 'score_margin': 688, 'tod_profile': 508, 'expected_r': 0, 'risk_budget': 796, 'capacity': 168, 'other': 0}",14003,1803,688,508,0,796,168,0,-3.0195574360236677e-05,-0.00034582199089727705,0.000252640702888886,-80.53263689598577,-9.569815383514424e-05,826,12.5,0.0,0.5,16,16,0.5625,3.2263220879663326,51.62115340746132,12.5,0.65,0.75,0.65,0.01,5
123,24,17972,1.0909090909090908,0.0,0.0,"{'bigmove_prob': 13980, 'probability': 1913, 'score_margin': 716, 'tod_profile': 502, 'expected_r': 0, 'risk_budget': 782, 'capacity': 79, 'other': 0}",13980,1913,716,502,0,782,79,0,-3.0410671343794604e-05,-0.0003482850486272726,0.0002850322722705435,-71.38940754509838,-0.00012191967648836632,819,11.5,0.0,0.5,20,20,0.45,1.431966865452085,28.6393373090417,11.5,0.65,0.75,0.65,0.02,2
124,27,17967,1.2272727272727273,0.0,0.0,"{'bigmove_prob': 14613, 'probability': 1982, 'score_margin': 739, 'tod_profile': 507, 'expected_r': 0, 'risk_budget': 2, 'capacity': 124, 'other': 0}",14613,1982,739,507,0,2,124,0,-3.0400675369857133e-05,-0.0003481705856809292,0.00032606879619639885,-62.40453187499963,-8.652824679467042e-05,826,12.5,0.0,0.5,19,19,0.47368421052631576,1.9545286063792922,37.13604352120655,12.5,0.65,0.75,0.65,0.02,3
125,28,17966,1.2727272727272727,0.0,0.0,"{'bigmove_prob': 14003, 'probability': 1803, 'score_margin': 688, 'tod_profile': 508, 'expected_r': 0, 'risk_budget': 796, 'capacity': 168, 'other': 0}",14003,1803,688,508,0,796,168,0,-3.0195574360236677e-05,-0.00034582199089727705,0.000252640702888886,-80.53263689598577,-9.569815383514424e-05,826,12.5,0.0,0.5,16,16,0.5625,3.2263220879663326,51.62115340746132,12.5,0.65,0.75,0.65,0.02,5
126,24,17972,1.0909090909090908,0.0,0.0,"{'bigmove_prob': 13980, 'probability': 1913, 'score_margin': 716, 'tod_profile': 502, 'expected_r': 0, 'risk_budget': 782, 'capacity': 79, 'other': 0}",13980,1913,716,502,0,782,79,0,-3.0410671343794604e-05,-0.0003482850486272726,0.0002850322722705435,-71.38940754509838,-0.00012191967648836632,819,11.5,0.0,0.5,20,20,0.45,1.431966865452085,28.6393373090417,11.5,0.65,0.75,0.7,0.0,2
127,27,17967,1.2272727272727273,0.0,0.0,"{'bigmove_prob': 14613, 'probability': 1982, 'score_margin': 739, 'tod_profile': 507, 'expected_r': 0, 'risk_budget': 2, 'capacity': 124, 'other': 0}",14613,1982,739,507,0,2,124,0,-3.0400675369857133e-05,-0.0003481705856809292,0.00032606879619639885,-62.40453187499963,-8.652824679467042e-05,826,12.5,0.0,0.5,19,19,0.47368421052631576,1.9545286063792922,37.13604352120655,12.5,0.65,0.75,0.7,0.0,3
128,28,17966,1.2727272727272727,0.0,0.0,"{'bigmove_prob': 14003, 'probability': 1803, 'score_margin': 688, 'tod_profile': 508, 'expected_r': 0, 'risk_budget': 796, 'capacity': 168, 'other': 0}",14003,1803,688,508,0,796,168,0,-3.0195574360236677e-05,-0.00034582199089727705,0.000252640702888886,-80.53263689598577,-9.569815383514424e-05,826,12.5,0.0,0.5,16,16,0.5625,3.2263220879663326,51.62115340746132,12.5,0.65,0.75,0.7,0.0,5
129,24,17972,1.0909090909090908,0.0,0.0,"{'bigmove_prob': 13980, 'probability': 1913, 'score_margin': 716, 'tod_profile': 502, 'expected_r': 0, 'risk_budget': 782, 'capacity': 79, 'other': 0}",13980,1913,716,502,0,782,79,0,-3.0410671343794604e-05,-0.0003482850486272726,0.0002850322722705435,-71.38940754509838,-0.00012191967648836632,819,11.5,0.0,0.5,20,20,0.45,1.431966865452085,28.6393373090417,11.5,0.65,0.75,0.7,0.01,2
130,27,17967,1.2272727272727273,0.0,0.0,"{'bigmove_prob': 14613, 'probability': 1982, 'score_margin': 739, 'tod_profile': 507, 'expected_r': 0, 'risk_budget': 2, 'capacity': 124, 'other': 0}",14613,1982,739,507,0,2,124,0,-3.0400675369857133e-05,-0.0003481705856809292,0.00032606879619639885,-62.40453187499963,-8.652824679467042e-05,826,12.5,0.0,0.5,19,19,0.47368421052631576,1.9545286063792922,37.13604352120655,12.5,0.65,0.75,0.7,0.01,3
131,28,17966,1.2727272727272727,0.0,0.0,"{'bigmove_prob': 14003, 'probability': 1803, 'score_margin': 688, 'tod_profile': 508, 'expected_r': 0, 'risk_budget': 796, 'capacity': 168, 'other': 0}",14003,1803,688,508,0,796,168,0,-3.0195574360236677e-05,-0.00034582199089727705,0.000252640702888886,-80.53263689598577,-9.569815383514424e-05,826,12.5,0.0,0.5,16,16,0.5625,3.2263220879663326,51.62115340746132,12.5,0.65,0.75,0.7,0.01,5
132,24,17972,1.0909090909090908,0.0,0.0,"{'bigmove_prob': 13980, 'probability': 1913, 'score_margin': 716, 'tod_profile': 502, 'expected_r': 0, 'risk_budget': 782, 'capacity': 79, 'other': 0}",13980,1913,716,502,0,782,79,0,-3.0410671343794604e-05,-0.0003482850486272726,0.0002850322722705435,-71.38940754509838,-0.00012191967648836632,819,11.5,0.0,0.5,20,20,0.45,1.431966865452085,28.6393373090417,11.5,0.65,0.75,0.7,0.02,2
133,27,17967,1.2272727272727273,0.0,0.0,"{'bigmove_prob': 14613, 'probability': 1982, 'score_margin': 739, 'tod_profile': 507, 'expected_r': 0, 'risk_budget': 2, 'capacity': 124, 'other': 0}",14613,1982,739,507,0,2,124,0,-3.0400675369857133e-05,-0.0003481705856809292,0.00032606879619639885,-62.40453187499963,-8.652824679467042e-05,826,12.5,0.0,0.5,19,19,0.47368421052631576,1.9545286063792922,37.13604352120655,12.5,0.65,0.75,0.7,0.02,3
134,28,17966,1.2727272727272727,0.0,0.0,"{'bigmove_prob': 14003, 'probability': 1803, 'score_margin': 688, 'tod_profile': 508, 'expected_r': 0, 'risk_budget': 796, 'capacity': 168, 'other': 0}",14003,1803,688,508,0,796,168,0,-3.0195574360236677e-05,-0.00034582199089727705,0.000252640702888886,-80.53263689598577,-9.569815383514424e-05,826,12.5,0.0,0.5,16,16,0.5625,3.2263220879663326,51.62115340746132,12.5,0.65,0.75,0.7,0.02,5
135,24,17972,1.0909090909090908,0.0,0.0,"{'bigmove_prob': 13980, 'probability': 1913, 'score_margin': 716, 'tod_profile': 502, 'expected_r': 0, 'risk_budget': 782, 'capacity': 79, 'other': 0}",13980,1913,716,502,0,782,79,0,-3.0410671343794604e-05,-0.0003482850486272726,0.0002850322722705435,-71.38940754509838,-0.00012191967648836632,819,11.5,0.0,0.5,20,20,0.45,1.431966865452085,28.6393373090417,11.5,0.65,0.75,0.75,0.0,2
136,27,17967,1.2272727272727273,0.0,0.0,"{'bigmove_prob': 14613, 'probability': 1982, 'score_margin': 739, 'tod_profile': 507, 'expected_r': 0, 'risk_budget': 2, 'capacity': 124, 'other': 0}",14613,1982,739,507,0,2,124,0,-3.0400675369857133e-05,-0.0003481705856809292,0.00032606879619639885,-62.40453187499963,-8.652824679467042e-05,826,12.5,0.0,0.5,19,19,0.47368421052631576,1.9545286063792922,37.13604352120655,12.5,0.65,0.75,0.75,0.0,3
137,28,17966,1.2727272727272727,0.0,0.0,"{'bigmove_prob': 14003, 'probability': 1803, 'score_margin': 688, 'tod_profile': 508, 'expected_r': 0, 'risk_budget': 796, 'capacity': 168, 'other': 0}",14003,1803,688,508,0,796,168,0,-3.0195574360236677e-05,-0.00034582199089727705,0.000252640702888886,-80.53263689598577,-9.569815383514424e-05,826,12.5,0.0,0.5,16,16,0.5625,3.2263220879663326,51.62115340746132,12.5,0.65,0.75,0.75,0.0,5
138,24,17972,1.0909090909090908,0.0,0.0,"{'bigmove_prob': 13980, 'probability': 1913, 'score_margin': 716, 'tod_profile': 502, 'expected_r': 0, 'risk_budget': 782, 'capacity': 79, 'other': 0}",13980,1913,716,502,0,782,79,0,-3.0410671343794604e-05,-0.0003482850486272726,0.0002850322722705435,-71.38940754509838,-0.00012191967648836632,819,11.5,0.0,0.5,20,20,0.45,1.431966865452085,28.6393373090417,11.5,0.65,0.75,0.75,0.01,2
139,27,17967,1.2272727272727273,0.0,0.0,"{'bigmove_prob': 14613, 'probability': 1982, 'score_margin': 739, 'tod_profile': 507, 'expected_r': 0, 'risk_budget': 2, 'capacity': 124, 'other': 0}",14613,1982,739,507,0,2,124,0,-3.0400675369857133e-05,-0.0003481705856809292,0.00032606879619639885,-62.40453187499963,-8.652824679467042e-05,826,12.5,0.0,0.5,19,19,0.47368421052631576,1.9545286063792922,37.13604352120655,12.5,0.65,0.75,0.75,0.01,3
140,28,17966,1.2727272727272727,0.0,0.0,"{'bigmove_prob': 14003, 'probability': 1803, 'score_margin': 688, 'tod_profile': 508, 'expected_r': 0, 'risk_budget': 796, 'capacity': 168, 'other': 0}",14003,1803,688,508,0,796,168,0,-3.0195574360236677e-05,-0.00034582199089727705,0.000252640702888886,-80.53263689598577,-9.569815383514424e-05,826,12.5,0.0,0.5,16,16,0.5625,3.2263220879663326,51.62115340746132,12.5,0.65,0.75,0.75,0.01,5
141,24,17972,1.0909090909090908,0.0,0.0,"{'bigmove_prob': 13980, 'probability': 1913, 'score_margin': 716, 'tod_profile': 502, 'expected_r': 0, 'risk_budget': 782, 'capacity': 79, 'other': 0}",13980,1913,716,502,0,782,79,0,-3.0410671343794604e-05,-0.0003482850486272726,0.0002850322722705435,-71.38940754509838,-0.00012191967648836632,819,11.5,0.0,0.5,20,20,0.45,1.431966865452085,28.6393373090417,11.5,0.65,0.75,0.75,0.02,2
142,27,17967,1.2272727272727273,0.0,0.0,"{'bigmove_prob': 14613, 'probability': 1982, 'score_margin': 739, 'tod_profile': 507, 'expected_r': 0, 'risk_budget': 2, 'capacity': 124, 'other': 0}",14613,1982,739,507,0,2,124,0,-3.0400675369857133e-05,-0.0003481705856809292,0.00032606879619639885,-62.40453187499963,-8.652824679467042e-05,826,12.5,0.0,0.5,19,19,0.47368421052631576,1.9545286063792922,37.13604352120655,12.5,0.65,0.75,0.75,0.02,3
143,28,17966,1.2727272727272727,0.0,0.0,"{'bigmove_prob': 14003, 'probability': 1803, 'score_margin': 688, 'tod_profile': 508, 'expected_r': 0, 'risk_budget': 796, 'capacity': 168, 'other': 0}",14003,1803,688,508,0,796,168,0,-3.0195574360236677e-05,-0.00034582199089727705,0.000252640702888886,-80.53263689598577,-9.569815383514424e-05,826,12.5,0.0,0.5,16,16,0.5625,3.2263220879663326,51.62115340746132,12.5,0.65,0.75,0.75,0.02,5
144,24,17972,1.0909090909090908,0.0,0.0,"{'bigmove_prob': 14329, 'probability': 1654, 'score_margin': 626, 'tod_profile': 502, 'expected_r': 0, 'risk_budget': 782, 'capacity': 79, 'other': 0}",14329,1654,626,502,0,782,79,0,-3.0410671343794604e-05,-0.0003482850486272726,0.0002850322722705435,-71.38940754509838,-0.00012191967648836632,819,11.5,0.0,0.5,20,20,0.45,1.431966865452085,28.6393373090417,11.5,0.7,0.6,0.6,0.0,2
145,27,17967,1.2272727272727273,0.0,0.0,"{'bigmove_prob': 14977, 'probability': 1711, 'score_margin': 646, 'tod_profile': 507, 'expected_r': 0, 'risk_budget': 2, 'capacity': 124, 'other': 0}",14977,1711,646,507,0,2,124,0,-3.0400675369857133e-05,-0.0003481705856809292,0.00032606879619639885,-62.40453187499963,-8.652824679467042e-05,826,12.5,0.0,0.5,19,19,0.47368421052631576,1.9545286063792922,37.13604352120655,12.5,0.7,0.6,0.6,0.0,3
146,28,17966,1.2727272727272727,0.0,0.0,"{'bigmove_prob': 14328, 'probability': 1562, 'score_margin': 604, 'tod_profile': 508, 'expected_r': 0, 'risk_budget': 796, 'capacity': 168, 'other': 0}",14328,1562,604,508,0,796,168,0,-3.0195574360236677e-05,-0.00034582199089727705,0.000252640702888886,-80.53263689598577,-9.569815383514424e-05,826,12.5,0.0,0.5,16,16,0.5625,3.2263220879663326,51.62115340746132,12.5,0.7,0.6,0.6,0.0,5
147,24,17972,1.0909090909090908,0.0,0.0,"{'bigmove_prob': 14329, 'probability': 1654, 'score_margin': 626, 'tod_profile': 502, 'expected_r': 0, 'risk_budget': 782, 'capacity': 79, 'other': 0}",14329,1654,626,502,0,782,79,0,-3.0410671343794604e-05,-0.0003482850486272726,0.0002850322722705435,-71.38940754509838,-0.00012191967648836632,819,11.5,0.0,0.5,20,20,0.45,1.431966865452085,28.6393373090417,11.5,0.7,0.6,0.6,0.01,2
148,27,17967,1.2272727272727273,0.0,0.0,"{'bigmove_prob': 14977, 'probability': 1711, 'score_margin': 646, 'tod_profile': 507, 'expected_r': 0, 'risk_budget': 2, 'capacity': 124, 'other': 0}",14977,1711,646,507,0,2,124,0,-3.0400675369857133e-05,-0.0003481705856809292,0.00032606879619639885,-62.40453187499963,-8.652824679467042e-05,826,12.5,0.0,0.5,19,19,0.47368421052631576,1.9545286063792922,37.13604352120655,12.5,0.7,0.6,0.6,0.01,3
149,28,17966,1.2727272727272727,0.0,0.0,"{'bigmove_prob': 14328, 'probability': 1562, 'score_margin': 604, 'tod_profile': 508, 'expected_r': 0, 'risk_budget': 796, 'capacity': 168, 'other': 0}",14328,1562,604,508,0,796,168,0,-3.0195574360236677e-05,-0.00034582199089727705,0.000252640702888886,-80.53263689598577,-9.569815383514424e-05,826,12.5,0.0,0.5,16,16,0.5625,3.2263220879663326,51.62115340746132,12.5,0.7,0.6,0.6,0.01,5
150,24,17972,1.0909090909090908,0.0,0.0,"{'bigmove_prob': 14329, 'probability': 1654, 'score_margin': 626, 'tod_profile': 502, 'expected_r': 0, 'risk_budget': 782, 'capacity': 79, 'other': 0}",14329,1654,626,502,0,782,79,0,-3.0410671343794604e-05,-0.0003482850486272726,0.0002850322722705435,-71.38940754509838,-0.00012191967648836632,819,11.5,0.0,0.5,20,20,0.45,1.431966865452085,28.6393373090417,11.5,0.7,0.6,0.6,0.02,2
151,27,17967,1.2272727272727273,0.0,0.0,"{'bigmove_prob': 14977, 'probability': 1711, 'score_margin': 646, 'tod_profile': 507, 'expected_r': 0, 'risk_budget': 2, 'capacity': 124, 'other': 0}",14977,1711,646,507,0,2,124,0,-3.0400675369857133e-05,-0.0003481705856809292,0.00032606879619639885,-62.40453187499963,-8.652824679467042e-05,826,12.5,0.0,0.5,19,19,0.47368421052631576,1.9545286063792922,37.13604352120655,12.5,0.7,0.6,0.6,0.02,3
152,28,17966,1.2727272727272727,0.0,0.0,"{'bigmove_prob': 14328, 'probability': 1562, 'score_margin': 604, 'tod_profile': 508, 'expected_r': 0, 'risk_budget': 796, 'capacity': 168, 'other': 0}",14328,1562,604,508,0,796,168,0,-3.0195574360236677e-05,-0.00034582199089727705,0.000252640702888886,-80.53263689598577,-9.569815383514424e-05,826,12.5,0.0,0.5,16,16,0.5625,3.2263220879663326,51.62115340746132,12.5,0.7,0.6,0.6,0.02,5
153,24,17972,1.0909090909090908,0.0,0.0,"{'bigmove_prob': 14329, 'probability': 1654, 'score_margin': 626, 'tod_profile': 502, 'expected_r': 0, 'risk_budget': 782, 'capacity': 79, 'other': 0}",14329,1654,626,502,0,782,79,0,-3.0410671343794604e-05,-0.0003482850486272726,0.0002850322722705435,-71.38940754509838,-0.00012191967648836632,819,11.5,0.0,0.5,20,20,0.45,1.431966865452085,28.6393373090417,11.5,0.7,0.6,0.65,0.0,2
154,27,17967,1.2272727272727273,0.0,0.0,"{'bigmove_prob': 14977, 'probability': 1711, 'score_margin': 646, 'tod_profile': 507, 'expected_r': 0, 'risk_budget': 2, 'capacity': 124, 'other': 0}",14977,1711,646,507,0,2,124,0,-3.0400675369857133e-05,-0.0003481705856809292,0.00032606879619639885,-62.40453187499963,-8.652824679467042e-05,826,12.5,0.0,0.5,19,19,0.47368421052631576,1.9545286063792922,37.13604352120655,12.5,0.7,0.6,0.65,0.0,3
155,28,17966,1.2727272727272727,0.0,0.0,"{'bigmove_prob': 14328, 'probability': 1562, 'score_margin': 604, 'tod_profile': 508, 'expected_r': 0, 'risk_budget': 796, 'capacity': 168, 'other': 0}",14328,1562,604,508,0,796,168,0,-3.0195574360236677e-05,-0.00034582199089727705,0.000252640702888886,-80.53263689598577,-9.569815383514424e-05,826,12.5,0.0,0.5,16,16,0.5625,3.2263220879663326,51.62115340746132,12.5,0.7,0.6,0.65,0.0,5
156,24,17972,1.0909090909090908,0.0,0.0,"{'bigmove_prob': 14329, 'probability': 1654, 'score_margin': 626, 'tod_profile': 502, 'expected_r': 0, 'risk_budget': 782, 'capacity': 79, 'other': 0}",14329,1654,626,502,0,782,79,0,-3.0410671343794604e-05,-0.0003482850486272726,0.0002850322722705435,-71.38940754509838,-0.00012191967648836632,819,11.5,0.0,0.5,20,20,0.45,1.431966865452085,28.6393373090417,11.5,0.7,0.6,0.65,0.01,2
157,27,17967,1.2272727272727273,0.0,0.0,"{'bigmove_prob': 14977, 'probability': 1711, 'score_margin': 646, 'tod_profile': 507, 'expected_r': 0, 'risk_budget': 2, 'capacity': 124, 'other': 0}",14977,1711,646,507,0,2,124,0,-3.0400675369857133e-05,-0.0003481705856809292,0.00032606879619639885,-62.40453187499963,-8.652824679467042e-05,826,12.5,0.0,0.5,19,19,0.47368421052631576,1.9545286063792922,37.13604352120655,12.5,0.7,0.6,0.65,0.01,3
158,28,17966,1.2727272727272727,0.0,0.0,"{'bigmove_prob': 14328, 'probability': 1562, 'score_margin': 604, 'tod_profile': 508, 'expected_r': 0, 'risk_budget': 796, 'capacity': 168, 'other': 0}",14328,1562,604,508,0,796,168,0,-3.0195574360236677e-05,-0.00034582199089727705,0.000252640702888886,-80.53263689598577,-9.569815383514424e-05,826,12.5,0.0,0.5,16,16,0.5625,3.2263220879663326,51.62115340746132,12.5,0.7,0.6,0.65,0.01,5
159,24,17972,1.0909090909090908,0.0,0.0,"{'bigmove_prob': 14329, 'probability': 1654, 'score_margin': 626, 'tod_profile': 502, 'expected_r': 0, 'risk_budget': 782, 'capacity': 79, 'other': 0}",14329,1654,626,502,0,782,79,0,-3.0410671343794604e-05,-0.0003482850486272726,0.0002850322722705435,-71.38940754509838,-0.00012191967648836632,819,11.5,0.0,0.5,20,20,0.45,1.431966865452085,28.6393373090417,11.5,0.7,0.6,0.65,0.02,2
160,27,17967,1.2272727272727273,0.0,0.0,"{'bigmove_prob': 14977, 'probability': 1711, 'score_margin': 646, 'tod_profile': 507, 'expected_r': 0, 'risk_budget': 2, 'capacity': 124, 'other': 0}",14977,1711,646,507,0,2,124,0,-3.0400675369857133e-05,-0.0003481705856809292,0.00032606879619639885,-62.40453187499963,-8.652824679467042e-05,826,12.5,0.0,0.5,19,19,0.47368421052631576,1.9545286063792922,37.13604352120655,12.5,0.7,0.6,0.65,0.02,3
161,28,17966,1.2727272727272727,0.0,0.0,"{'bigmove_prob': 14328, 'probability': 1562, 'score_margin': 604, 'tod_profile': 508, 'expected_r': 0, 'risk_budget': 796, 'capacity': 168, 'other': 0}",14328,1562,604,508,0,796,168,0,-3.0195574360236677e-05,-0.00034582199089727705,0.000252640702888886,-80.53263689598577,-9.569815383514424e-05,826,12.5,0.0,0.5,16,16,0.5625,3.2263220879663326,51.62115340746132,12.5,0.7,0.6,0.65,0.02,5
162,24,17972,1.0909090909090908,0.0,0.0,"{'bigmove_prob': 14329, 'probability': 1654, 'score_margin': 626, 'tod_profile': 502, 'expected_r': 0, 'risk_budget': 782, 'capacity': 79, 'other': 0}",14329,1654,626,502,0,782,79,0,-3.0410671343794604e-05,-0.0003482850486272726,0.0002850322722705435,-71.38940754509838,-0.00012191967648836632,819,11.5,0.0,0.5,20,20,0.45,1.431966865452085,28.6393373090417,11.5,0.7,0.6,0.7,0.0,2
163,27,17967,1.2272727272727273,0.0,0.0,"{'bigmove_prob': 14977, 'probability': 1711, 'score_margin': 646, 'tod_profile': 507, 'expected_r': 0, 'risk_budget': 2, 'capacity': 124, 'other': 0}",14977,1711,646,507,0,2,124,0,-3.0400675369857133e-05,-0.0003481705856809292,0.00032606879619639885,-62.40453187499963,-8.652824679467042e-05,826,12.5,0.0,0.5,19,19,0.47368421052631576,1.9545286063792922,37.13604352120655,12.5,0.7,0.6,0.7,0.0,3
164,28,17966,1.2727272727272727,0.0,0.0,"{'bigmove_prob': 14328, 'probability': 1562, 'score_margin': 604, 'tod_profile': 508, 'expected_r': 0, 'risk_budget': 796, 'capacity': 168, 'other': 0}",14328,1562,604,508,0,796,168,0,-3.0195574360236677e-05,-0.00034582199089727705,0.000252640702888886,-80.53263689598577,-9.569815383514424e-05,826,12.5,0.0,0.5,16,16,0.5625,3.2263220879663326,51.62115340746132,12.5,0.7,0.6,0.7,0.0,5
165,24,17972,1.0909090909090908,0.0,0.0,"{'bigmove_prob': 14329, 'probability': 1654, 'score_margin': 626, 'tod_profile': 502, 'expected_r': 0, 'risk_budget': 782, 'capacity': 79, 'other': 0}",14329,1654,626,502,0,782,79,0,-3.0410671343794604e-05,-0.0003482850486272726,0.0002850322722705435,-71.38940754509838,-0.00012191967648836632,819,11.5,0.0,0.5,20,20,0.45,1.431966865452085,28.6393373090417,11.5,0.7,0.6,0.7,0.01,2
166,27,17967,1.2272727272727273,0.0,0.0,"{'bigmove_prob': 14977, 'probability': 1711, 'score_margin': 646, 'tod_profile': 507, 'expected_r': 0, 'risk_budget': 2, 'capacity': 124, 'other': 0}",14977,1711,646,507,0,2,124,0,-3.0400675369857133e-05,-0.0003481705856809292,0.00032606879619639885,-62.40453187499963,-8.652824679467042e-05,826,12.5,0.0,0.5,19,19,0.47368421052631576,1.9545286063792922,37.13604352120655,12.5,0.7,0.6,0.7,0.01,3
167,28,17966,1.2727272727272727,0.0,0.0,"{'bigmove_prob': 14328, 'probability': 1562, 'score_margin': 604, 'tod_profile': 508, 'expected_r': 0, 'risk_budget': 796, 'capacity': 168, 'other': 0}",14328,1562,604,508,0,796,168,0,-3.0195574360236677e-05,-0.00034582199089727705,0.000252640702888886,-80.53263689598577,-9.569815383514424e-05,826,12.5,0.0,0.5,16,16,0.5625,3.2263220879663326,51.62115340746132,12.5,0.7,0.6,0.7,0.01,5
168,24,17972,1.0909090909090908,0.0,0.0,"{'bigmove_prob': 14329, 'probability': 1654, 'score_margin': 626, 'tod_profile': 502, 'expected_r': 0, 'risk_budget': 782, 'capacity': 79, 'other': 0}",14329,1654,626,502,0,782,79,0,-3.0410671343794604e-05,-0.0003482850486272726,0.0002850322722705435,-71.38940754509838,-0.00012191967648836632,819,11.5,0.0,0.5,20,20,0.45,1.431966865452085,28.6393373090417,11.5,0.7,0.6,0.7,0.02,2
169,27,17967,1.2272727272727273,0.0,0.0,"{'bigmove_prob': 14977, 'probability': 1711, 'score_margin': 646, 'tod_profile': 507, 'expected_r': 0, 'risk_budget': 2, 'capacity': 124, 'other': 0}",14977,1711,646,507,0,2,124,0,-3.0400675369857133e-05,-0.0003481705856809292,0.00032606879619639885,-62.40453187499963,-8.652824679467042e-05,826,12.5,0.0,0.5,19,19,0.47368421052631576,1.9545286063792922,37.13604352120655,12.5,0.7,0.6,0.7,0.02,3
170,28,17966,1.2727272727272727,0.0,0.0,"{'bigmove_prob': 14328, 'probability': 1562, 'score_margin': 604, 'tod_profile': 508, 'expected_r': 0, 'risk_budget': 796, 'capacity': 168, 'other': 0}",14328,1562,604,508,0,796,168,0,-3.0195574360236677e-05,-0.00034582199089727705,0.000252640702888886,-80.53263689598577,-9.569815383514424e-05,826,12.5,0.0,0.5,16,16,0.5625,3.2263220879663326,51.62115340746132,12.5,0.7,0.6,0.7,0.02,5
171,24,17972,1.0909090909090908,0.0,0.0,"{'bigmove_prob': 14329, 'probability': 1654, 'score_margin': 626, 'tod_profile': 502, 'expected_r': 0, 'risk_budget': 782, 'capacity': 79, 'other': 0}",14329,1654,626,502,0,782,79,0,-3.0410671343794604e-05,-0.0003482850486272726,0.0002850322722705435,-71.38940754509838,-0.00012191967648836632,819,11.5,0.0,0.5,20,20,0.45,1.431966865452085,28.6393373090417,11.5,0.7,0.6,0.75,0.0,2
172,27,17967,1.2272727272727273,0.0,0.0,"{'bigmove_prob': 14977, 'probability': 1711, 'score_margin': 646, 'tod_profile': 507, 'expected_r': 0, 'risk_budget': 2, 'capacity': 124, 'other': 0}",14977,1711,646,507,0,2,124,0,-3.0400675369857133e-05,-0.0003481705856809292,0.00032606879619639885,-62.40453187499963,-8.652824679467042e-05,826,12.5,0.0,0.5,19,19,0.47368421052631576,1.9545286063792922,37.13604352120655,12.5,0.7,0.6,0.75,0.0,3
173,28,17966,1.2727272727272727,0.0,0.0,"{'bigmove_prob': 14328, 'probability': 1562, 'score_margin': 604, 'tod_profile': 508, 'expected_r': 0, 'risk_budget': 796, 'capacity': 168, 'other': 0}",14328,1562,604,508,0,796,168,0,-3.0195574360236677e-05,-0.00034582199089727705,0.000252640702888886,-80.53263689598577,-9.569815383514424e-05,826,12.5,0.0,0.5,16,16,0.5625,3.2263220879663326,51.62115340746132,12.5,0.7,0.6,0.75,0.0,5
174,24,17972,1.0909090909090908,0.0,0.0,"{'bigmove_prob': 14329, 'probability': 1654, 'score_margin': 626, 'tod_profile': 502, 'expected_r': 0, 'risk_budget': 782, 'capacity': 79, 'other': 0}",14329,1654,626,502,0,782,79,0,-3.0410671343794604e-05,-0.0003482850486272726,0.0002850322722705435,-71.38940754509838,-0.00012191967648836632,819,11.5,0.0,0.5,20,20,0.45,1.431966865452085,28.6393373090417,11.5,0.7,0.6,0.75,0.01,2
175,27,17967,1.2272727272727273,0.0,0.0,"{'bigmove_prob': 14977, 'probability': 1711, 'score_margin': 646, 'tod_profile': 507, 'expected_r': 0, 'risk_budget': 2, 'capacity': 124, 'other': 0}",14977,1711,646,507,0,2,124,0,-3.0400675369857133e-05,-0.0003481705856809292,0.00032606879619639885,-62.40453187499963,-8.652824679467042e-05,826,12.5,0.0,0.5,19,19,0.47368421052631576,1.9545286063792922,37.13604352120655,12.5,0.7,0.6,0.75,0.01,3
176,28,17966,1.2727272727272727,0.0,0.0,"{'bigmove_prob': 14328, 'probability': 1562, 'score_margin': 604, 'tod_profile': 508, 'expected_r': 0, 'risk_budget': 796, 'capacity': 168, 'other': 0}",14328,1562,604,508,0,796,168,0,-3.0195574360236677e-05,-0.00034582199089727705,0.000252640702888886,-80.53263689598577,-9.569815383514424e-05,826,12.5,0.0,0.5,16,16,0.5625,3.2263220879663326,51.62115340746132,12.5,0.7,0.6,0.75,0.01,5
177,24,17972,1.0909090909090908,0.0,0.0,"{'bigmove_prob': 14329, 'probability': 1654, 'score_margin': 626, 'tod_profile': 502, 'expected_r': 0, 'risk_budget': 782, 'capacity': 79, 'other': 0}",14329,1654,626,502,0,782,79,0,-3.0410671343794604e-05,-0.0003482850486272726,0.0002850322722705435,-71.38940754509838,-0.00012191967648836632,819,11.5,0.0,0.5,20,20,0.45,1.431966865452085,28.6393373090417,11.5,0.7,0.6,0.75,0.02,2
178,27,17967,1.2272727272727273,0.0,0.0,"{'bigmove_prob': 14977, 'probability': 1711, 'score_margin': 646, 'tod_profile': 507, 'expected_r': 0, 'risk_budget': 2, 'capacity': 124, 'other': 0}",14977,1711,646,507,0,2,124,0,-3.0400675369857133e-05,-0.0003481705856809292,0.00032606879619639885,-62.40453187499963,-8.652824679467042e-05,826,12.5,0.0,0.5,19,19,0.47368421052631576,1.9545286063792922,37.13604352120655,12.5,0.7,0.6,0.75,0.02,3
179,28,17966,1.2727272727272727,0.0,0.0,"{'bigmove_prob': 14328, 'probability': 1562, 'score_margin': 604, 'tod_profile': 508, 'expected_r': 0, 'risk_budget': 796, 'capacity': 168, 'other': 0}",14328,1562,604,508,0,796,168,0,-3.0195574360236677e-05,-0.00034582199089727705,0.000252640702888886,-80.53263689598577,-9.569815383514424e-05,826,12.5,0.0,0.5,16,16,0.5625,3.2263220879663326,51.62115340746132,12.5,0.7,0.6,0.75,0.02,5
180,24,17972,1.0909090909090908,0.0,0.0,"{'bigmove_prob': 14329, 'probability': 1654, 'score_margin': 626, 'tod_profile': 502, 'expected_r': 0, 'risk_budget': 782, 'capacity': 79, 'other': 0}",14329,1654,626,502,0,782,79,0,-3.0410671343794604e-05,-0.0003482850486272726,0.0002850322722705435,-71.38940754509838,-0.00012191967648836632,819,11.5,0.0,0.5,20,20,0.45,1.431966865452085,28.6393373090417,11.5,0.7,0.65,0.6,0.0,2
181,27,17967,1.2272727272727273,0.0,0.0,"{'bigmove_prob': 14977, 'probability': 1711, 'score_margin': 646, 'tod_profile': 507, 'expected_r': 0, 'risk_budget': 2, 'capacity': 124, 'other': 0}",14977,1711,646,507,0,2,124,0,-3.0400675369857133e-05,-0.0003481705856809292,0.00032606879619639885,-62.40453187499963,-8.652824679467042e-05,826,12.5,0.0,0.5,19,19,0.47368421052631576,1.9545286063792922,37.13604352120655,12.5,0.7,0.65,0.6,0.0,3
182,28,17966,1.2727272727272727,0.0,0.0,"{'bigmove_prob': 14328, 'probability': 1562, 'score_margin': 604, 'tod_profile': 508, 'expected_r': 0, 'risk_budget': 796, 'capacity': 168, 'other': 0}",14328,1562,604,508,0,796,168,0,-3.0195574360236677e-05,-0.00034582199089727705,0.000252640702888886,-80.53263689598577,-9.569815383514424e-05,826,12.5,0.0,0.5,16,16,0.5625,3.2263220879663326,51.62115340746132,12.5,0.7,0.65,0.6,0.0,5
183,24,17972,1.0909090909090908,0.0,0.0,"{'bigmove_prob': 14329, 'probability': 1654, 'score_margin': 626, 'tod_profile': 502, 'expected_r': 0, 'risk_budget': 782, 'capacity': 79, 'other': 0}",14329,1654,626,502,0,782,79,0,-3.0410671343794604e-05,-0.0003482850486272726,0.0002850322722705435,-71.38940754509838,-0.00012191967648836632,819,11.5,0.0,0.5,20,20,0.45,1.431966865452085,28.6393373090417,11.5,0.7,0.65,0.6,0.01,2
184,27,17967,1.2272727272727273,0.0,0.0,"{'bigmove_prob': 14977, 'probability': 1711, 'score_margin': 646, 'tod_profile': 507, 'expected_r': 0, 'risk_budget': 2, 'capacity': 124, 'other': 0}",14977,1711,646,507,0,2,124,0,-3.0400675369857133e-05,-0.0003481705856809292,0.00032606879619639885,-62.40453187499963,-8.652824679467042e-05,826,12.5,0.0,0.5,19,19,0.47368421052631576,1.9545286063792922,37.13604352120655,12.5,0.7,0.65,0.6,0.01,3
185,28,17966,1.2727272727272727,0.0,0.0,"{'bigmove_prob': 14328, 'probability': 1562, 'score_margin': 604, 'tod_profile': 508, 'expected_r': 0, 'risk_budget': 796, 'capacity': 168, 'other': 0}",14328,1562,604,508,0,796,168,0,-3.0195574360236677e-05,-0.00034582199089727705,0.000252640702888886,-80.53263689598577,-9.569815383514424e-05,826,12.5,0.0,0.5,16,16,0.5625,3.2263220879663326,51.62115340746132,12.5,0.7,0.65,0.6,0.01,5
186,24,17972,1.0909090909090908,0.0,0.0,"{'bigmove_prob': 14329, 'probability': 1654, 'score_margin': 626, 'tod_profile': 502, 'expected_r': 0, 'risk_budget': 782, 'capacity': 79, 'other': 0}",14329,1654,626,502,0,782,79,0,-3.0410671343794604e-05,-0.0003482850486272726,0.0002850322722705435,-71.38940754509838,-0.00012191967648836632,819,11.5,0.0,0.5,20,20,0.45,1.431966865452085,28.6393373090417,11.5,0.7,0.65,0.6,0.02,2
187,27,17967,1.2272727272727273,0.0,0.0,"{'bigmove_prob': 14977, 'probability': 1711, 'score_margin': 646, 'tod_profile': 507, 'expected_r': 0, 'risk_budget': 2, 'capacity': 124, 'other': 0}",14977,1711,646,507,0,2,124,0,-3.0400675369857133e-05,-0.0003481705856809292,0.00032606879619639885,-62.40453187499963,-8.652824679467042e-05,826,12.5,0.0,0.5,19,19,0.47368421052631576,1.9545286063792922,37.13604352120655,12.5,0.7,0.65,0.6,0.02,3
188,28,17966,1.2727272727272727,0.0,0.0,"{'bigmove_prob': 14328, 'probability': 1562, 'score_margin': 604, 'tod_profile': 508, 'expected_r': 0, 'risk_budget': 796, 'capacity': 168, 'other': 0}",14328,1562,604,508,0,796,168,0,-3.0195574360236677e-05,-0.00034582199089727705,0.000252640702888886,-80.53263689598577,-9.569815383514424e-05,826,12.5,0.0,0.5,16,16,0.5625,3.2263220879663326,51.62115340746132,12.5,0.7,0.65,0.6,0.02,5
189,24,17972,1.0909090909090908,0.0,0.0,"{'bigmove_prob': 14329, 'probability': 1654, 'score_margin': 626, 'tod_profile': 502, 'expected_r': 0, 'risk_budget': 782, 'capacity': 79, 'other': 0}",14329,1654,626,502,0,782,79,0,-3.0410671343794604e-05,-0.0003482850486272726,0.0002850322722705435,-71.38940754509838,-0.00012191967648836632,819,11.5,0.0,0.5,20,20,0.45,1.431966865452085,28.6393373090417,11.5,0.7,0.65,0.65,0.0,2
190,27,17967,1.2272727272727273,0.0,0.0,"{'bigmove_prob': 14977, 'probability': 1711, 'score_margin': 646, 'tod_profile': 507, 'expected_r': 0, 'risk_budget': 2, 'capacity': 124, 'other': 0}",14977,1711,646,507,0,2,124,0,-3.0400675369857133e-05,-0.0003481705856809292,0.00032606879619639885,-62.40453187499963,-8.652824679467042e-05,826,12.5,0.0,0.5,19,19,0.47368421052631576,1.9545286063792922,37.13604352120655,12.5,0.7,0.65,0.65,0.0,3
191,28,17966,1.2727272727272727,0.0,0.0,"{'bigmove_prob': 14328, 'probability': 1562, 'score_margin': 604, 'tod_profile': 508, 'expected_r': 0, 'risk_budget': 796, 'capacity': 168, 'other': 0}",14328,1562,604,508,0,796,168,0,-3.0195574360236677e-05,-0.00034582199089727705,0.000252640702888886,-80.53263689598577,-9.569815383514424e-05,826,12.5,0.0,0.5,16,16,0.5625,3.2263220879663326,51.62115340746132,12.5,0.7,0.65,0.65,0.0,5
192,24,17972,1.0909090909090908,0.0,0.0,"{'bigmove_prob': 14329, 'probability': 1654, 'score_margin': 626, 'tod_profile': 502, 'expected_r': 0, 'risk_budget': 782, 'capacity': 79, 'other': 0}",14329,1654,626,502,0,782,79,0,-3.0410671343794604e-05,-0.0003482850486272726,0.0002850322722705435,-71.38940754509838,-0.00012191967648836632,819,11.5,0.0,0.5,20,20,0.45,1.431966865452085,28.6393373090417,11.5,0.7,0.65,0.65,0.01,2
193,27,17967,1.2272727272727273,0.0,0.0,"{'bigmove_prob': 14977, 'probability': 1711, 'score_margin': 646, 'tod_profile': 507, 'expected_r': 0, 'risk_budget': 2, 'capacity': 124, 'other': 0}",14977,1711,646,507,0,2,124,0,-3.0400675369857133e-05,-0.0003481705856809292,0.00032606879619639885,-62.40453187499963,-8.652824679467042e-05,826,12.5,0.0,0.5,19,19,0.47368421052631576,1.9545286063792922,37.13604352120655,12.5,0.7,0.65,0.65,0.01,3
194,28,17966,1.2727272727272727,0.0,0.0,"{'bigmove_prob': 14328, 'probability': 1562, 'score_margin': 604, 'tod_profile': 508, 'expected_r': 0, 'risk_budget': 796, 'capacity': 168, 'other': 0}",14328,1562,604,508,0,796,168,0,-3.0195574360236677e-05,-0.00034582199089727705,0.000252640702888886,-80.53263689598577,-9.569815383514424e-05,826,12.5,0.0,0.5,16,16,0.5625,3.2263220879663326,51.62115340746132,12.5,0.7,0.65,0.65,0.01,5
195,24,17972,1.0909090909090908,0.0,0.0,"{'bigmove_prob': 14329, 'probability': 1654, 'score_margin': 626, 'tod_profile': 502, 'expected_r': 0, 'risk_budget': 782, 'capacity': 79, 'other': 0}",14329,1654,626,502,0,782,79,0,-3.0410671343794604e-05,-0.0003482850486272726,0.0002850322722705435,-71.38940754509838,-0.00012191967648836632,819,11.5,0.0,0.5,20,20,0.45,1.431966865452085,28.6393373090417,11.5,0.7,0.65,0.65,0.02,2
196,27,17967,1.2272727272727273,0.0,0.0,"{'bigmove_prob': 14977, 'probability': 1711, 'score_margin': 646, 'tod_profile': 507, 'expected_r': 0, 'risk_budget': 2, 'capacity': 124, 'other': 0}",14977,1711,646,507,0,2,124,0,-3.0400675369857133e-05,-0.0003481705856809292,0.00032606879619639885,-62.40453187499963,-8.652824679467042e-05,826,12.5,0.0,0.5,19,19,0.47368421052631576,1.9545286063792922,37.13604352120655,12.5,0.7,0.65,0.65,0.02,3
197,28,17966,1.2727272727272727,0.0,0.0,"{'bigmove_prob': 14328, 'probability': 1562, 'score_margin': 604, 'tod_profile': 508, 'expected_r': 0, 'risk_budget': 796, 'capacity': 168, 'other': 0}",14328,1562,604,508,0,796,168,0,-3.0195574360236677e-05,-0.00034582199089727705,0.000252640702888886,-80.53263689598577,-9.569815383514424e-05,826,12.5,0.0,0.5,16,16,0.5625,3.2263220879663326,51.62115340746132,12.5,0.7,0.65,0.65,0.02,5
198,24,17972,1.0909090909090908,0.0,0.0,"{'bigmove_prob': 14329, 'probability': 1654, 'score_margin': 626, 'tod_profile': 502, 'expected_r': 0, 'risk_budget': 782, 'capacity': 79, 'other': 0}",14329,1654,626,502,0,782,79,0,-3.0410671343794604e-05,-0.0003482850486272726,0.0002850322722705435,-71.38940754509838,-0.00012191967648836632,819,11.5,0.0,0.5,20,20,0.45,1.431966865452085,28.6393373090417,11.5,0.7,0.65,0.7,0.0,2
199,27,17967,1.2272727272727273,0.0,0.0,"{'bigmove_prob': 14977, 'probability': 1711, 'score_margin': 646, 'tod_profile': 507, 'expected_r': 0, 'risk_budget': 2, 'capacity': 124, 'other': 0}",14977,1711,646,507,0,2,124,0,-3.0400675369857133e-05,-0.0003481705856809292,0.00032606879619639885,-62.40453187499963,-8.652824679467042e-05,826,12.5,0.0,0.5,19,19,0.47368421052631576,1.9545286063792922,37.13604352120655,12.5,0.7,0.65,0.7,0.0,3
200,28,17966,1.2727272727272727,0.0,0.0,"{'bigmove_prob': 14328, 'probability': 1562, 'score_margin': 604, 'tod_profile': 508, 'expected_r': 0, 'risk_budget': 796, 'capacity': 168, 'other': 0}",14328,1562,604,508,0,796,168,0,-3.0195574360236677e-05,-0.00034582199089727705,0.000252640702888886,-80.53263689598577,-9.569815383514424e-05,826,12.5,0.0,0.5,16,16,0.5625,3.2263220879663326,51.62115340746132,12.5,0.7,0.65,0.7,0.0,5
201,24,17972,1.0909090909090908,0.0,0.0,"{'bigmove_prob': 14329, 'probability': 1654, 'score_margin': 626, 'tod_profile': 502, 'expected_r': 0, 'risk_budget': 782, 'capacity': 79, 'other': 0}",14329,1654,626,502,0,782,79,0,-3.0410671343794604e-05,-0.0003482850486272726,0.0002850322722705435,-71.38940754509838,-0.00012191967648836632,819,11.5,0.0,0.5,20,20,0.45,1.431966865452085,28.6393373090417,11.5,0.7,0.65,0.7,0.01,2
202,27,17967,1.2272727272727273,0.0,0.0,"{'bigmove_prob': 14977, 'probability': 1711, 'score_margin': 646, 'tod_profile': 507, 'expected_r': 0, 'risk_budget': 2, 'capacity': 124, 'other': 0}",14977,1711,646,507,0,2,124,0,-3.0400675369857133e-05,-0.0003481705856809292,0.00032606879619639885,-62.40453187499963,-8.652824679467042e-05,826,12.5,0.0,0.5,19,19,0.47368421052631576,1.9545286063792922,37.13604352120655,12.5,0.7,0.65,0.7,0.01,3
203,28,17966,1.2727272727272727,0.0,0.0,"{'bigmove_prob': 14328, 'probability': 1562, 'score_margin': 604, 'tod_profile': 508, 'expected_r': 0, 'risk_budget': 796, 'capacity': 168, 'other': 0}",14328,1562,604,508,0,796,168,0,-3.0195574360236677e-05,-0.00034582199089727705,0.000252640702888886,-80.53263689598577,-9.569815383514424e-05,826,12.5,0.0,0.5,16,16,0.5625,3.2263220879663326,51.62115340746132,12.5,0.7,0.65,0.7,0.01,5
204,24,17972,1.0909090909090908,0.0,0.0,"{'bigmove_prob': 14329, 'probability': 1654, 'score_margin': 626, 'tod_profile': 502, 'expected_r': 0, 'risk_budget': 782, 'capacity': 79, 'other': 0}",14329,1654,626,502,0,782,79,0,-3.0410671343794604e-05,-0.0003482850486272726,0.0002850322722705435,-71.38940754509838,-0.00012191967648836632,819,11.5,0.0,0.5,20,20,0.45,1.431966865452085,28.6393373090417,11.5,0.7,0.65,0.7,0.02,2
205,27,17967,1.2272727272727273,0.0,0.0,"{'bigmove_prob': 14977, 'probability': 1711, 'score_margin': 646, 'tod_profile': 507, 'expected_r': 0, 'risk_budget': 2, 'capacity': 124, 'other': 0}",14977,1711,646,507,0,2,124,0,-3.0400675369857133e-05,-0.0003481705856809292,0.00032606879619639885,-62.40453187499963,-8.652824679467042e-05,826,12.5,0.0,0.5,19,19,0.47368421052631576,1.9545286063792922,37.13604352120655,12.5,0.7,0.65,0.7,0.02,3
206,28,17966,1.2727272727272727,0.0,0.0,"{'bigmove_prob': 14328, 'probability': 1562, 'score_margin': 604, 'tod_profile': 508, 'expected_r': 0, 'risk_budget': 796, 'capacity': 168, 'other': 0}",14328,1562,604,508,0,796,168,0,-3.0195574360236677e-05,-0.00034582199089727705,0.000252640702888886,-80.53263689598577,-9.569815383514424e-05,826,12.5,0.0,0.5,16,16,0.5625,3.2263220879663326,51.62115340746132,12.5,0.7,0.65,0.7,0.02,5
207,24,17972,1.0909090909090908,0.0,0.0,"{'bigmove_prob': 14329, 'probability': 1654, 'score_margin': 626, 'tod_profile': 502, 'expected_r': 0, 'risk_budget': 782, 'capacity': 79, 'other': 0}",14329,1654,626,502,0,782,79,0,-3.0410671343794604e-05,-0.0003482850486272726,0.0002850322722705435,-71.38940754509838,-0.00012191967648836632,819,11.5,0.0,0.5,20,20,0.45,1.431966865452085,28.6393373090417,11.5,0.7,0.65,0.75,0.0,2
208,27,17967,1.2272727272727273,0.0,0.0,"{'bigmove_prob': 14977, 'probability': 1711, 'score_margin': 646, 'tod_profile': 507, 'expected_r': 0, 'risk_budget': 2, 'capacity': 124, 'other': 0}",14977,1711,646,507,0,2,124,0,-3.0400675369857133e-05,-0.0003481705856809292,0.00032606879619639885,-62.40453187499963,-8.652824679467042e-05,826,12.5,0.0,0.5,19,19,0.47368421052631576,1.9545286063792922,37.13604352120655,12.5,0.7,0.65,0.75,0.0,3
209,28,17966,1.2727272727272727,0.0,0.0,"{'bigmove_prob': 14328, 'probability': 1562, 'score_margin': 604, 'tod_profile': 508, 'expected_r': 0, 'risk_budget': 796, 'capacity': 168, 'other': 0}",14328,1562,604,508,0,796,168,0,-3.0195574360236677e-05,-0.00034582199089727705,0.000252640702888886,-80.53263689598577,-9.569815383514424e-05,826,12.5,0.0,0.5,16,16,0.5625,3.2263220879663326,51.62115340746132,12.5,0.7,0.65,0.75,0.0,5
210,24,17972,1.0909090909090908,0.0,0.0,"{'bigmove_prob': 14329, 'probability': 1654, 'score_margin': 626, 'tod_profile': 502, 'expected_r': 0, 'risk_budget': 782, 'capacity': 79, 'other': 0}",14329,1654,626,502,0,782,79,0,-3.0410671343794604e-05,-0.0003482850486272726,0.0002850322722705435,-71.38940754509838,-0.00012191967648836632,819,11.5,0.0,0.5,20,20,0.45,1.431966865452085,28.6393373090417,11.5,0.7,0.65,0.75,0.01,2
211,27,17967,1.2272727272727273,0.0,0.0,"{'bigmove_prob': 14977, 'probability': 1711, 'score_margin': 646, 'tod_profile': 507, 'expected_r': 0, 'risk_budget': 2, 'capacity': 124, 'other': 0}",14977,1711,646,507,0,2,124,0,-3.0400675369857133e-05,-0.0003481705856809292,0.00032606879619639885,-62.40453187499963,-8.652824679467042e-05,826,12.5,0.0,0.5,19,19,0.47368421052631576,1.9545286063792922,37.13604352120655,12.5,0.7,0.65,0.75,0.01,3
212,28,17966,1.2727272727272727,0.0,0.0,"{'bigmove_prob': 14328, 'probability': 1562, 'score_margin': 604, 'tod_profile': 508, 'expected_r': 0, 'risk_budget': 796, 'capacity': 168, 'other': 0}",14328,1562,604,508,0,796,168,0,-3.0195574360236677e-05,-0.00034582199089727705,0.000252640702888886,-80.53263689598577,-9.569815383514424e-05,826,12.5,0.0,0.5,16,16,0.5625,3.2263220879663326,51.62115340746132,12.5,0.7,0.65,0.75,0.01,5
213,24,17972,1.0909090909090908,0.0,0.0,"{'bigmove_prob': 14329, 'probability': 1654, 'score_margin': 626, 'tod_profile': 502, 'expected_r': 0, 'risk_budget': 782, 'capacity': 79, 'other': 0}",14329,1654,626,502,0,782,79,0,-3.0410671343794604e-05,-0.0003482850486272726,0.0002850322722705435,-71.38940754509838,-0.00012191967648836632,819,11.5,0.0,0.5,20,20,0.45,1.431966865452085,28.6393373090417,11.5,0.7,0.65,0.75,0.02,2
214,27,17967,1.2272727272727273,0.0,0.0,"{'bigmove_prob': 14977, 'probability': 1711, 'score_margin': 646, 'tod_profile': 507, 'expected_r': 0, 'risk_budget': 2, 'capacity': 124, 'other': 0}",14977,1711,646,507,0,2,124,0,-3.0400675369857133e-05,-0.0003481705856809292,0.00032606879619639885,-62.40453187499963,-8.652824679467042e-05,826,12.5,0.0,0.5,19,19,0.47368421052631576,1.9545286063792922,37.13604352120655,12.5,0.7,0.65,0.75,0.02,3
215,28,17966,1.2727272727272727,0.0,0.0,"{'bigmove_prob': 14328, 'probability': 1562, 'score_margin': 604, 'tod_profile': 508, 'expected_r': 0, 'risk_budget': 796, 'capacity': 168, 'other': 0}",14328,1562,604,508,0,796,168,0,-3.0195574360236677e-05,-0.00034582199089727705,0.000252640702888886,-80.53263689598577,-9.569815383514424e-05,826,12.5,0.0,0.5,16,16,0.5625,3.2263220879663326,51.62115340746132,12.5,0.7,0.65,0.75,0.02,5
216,24,17972,1.0909090909090908,0.0,0.0,"{'bigmove_prob': 14329, 'probability': 1654, 'score_margin': 626, 'tod_profile': 502, 'expected_r': 0, 'risk_budget': 782, 'capacity': 79, 'other': 0}",14329,1654,626,502,0,782,79,0,-3.0410671343794604e-05,-0.0003482850486272726,0.0002850322722705435,-71.38940754509838,-0.00012191967648836632,819,11.5,0.0,0.5,20,20,0.45,1.431966865452085,28.6393373090417,11.5,0.7,0.7,0.6,0.0,2
217,27,17967,1.2272727272727273,0.0,0.0,"{'bigmove_prob': 14977, 'probability': 1711, 'score_margin': 646, 'tod_profile': 507, 'expected_r': 0, 'risk_budget': 2, 'capacity': 124, 'other': 0}",14977,1711,646,507,0,2,124,0,-3.0400675369857133e-05,-0.0003481705856809292,0.00032606879619639885,-62.40453187499963,-8.652824679467042e-05,826,12.5,0.0,0.5,19,19,0.47368421052631576,1.9545286063792922,37.13604352120655,12.5,0.7,0.7,0.6,0.0,3
218,28,17966,1.2727272727272727,0.0,0.0,"{'bigmove_prob': 14328, 'probability': 1562, 'score_margin': 604, 'tod_profile': 508, 'expected_r': 0, 'risk_budget': 796, 'capacity': 168, 'other': 0}",14328,1562,604,508,0,796,168,0,-3.0195574360236677e-05,-0.00034582199089727705,0.000252640702888886,-80.53263689598577,-9.569815383514424e-05,826,12.5,0.0,0.5,16,16,0.5625,3.2263220879663326,51.62115340746132,12.5,0.7,0.7,0.6,0.0,5
219,24,17972,1.0909090909090908,0.0,0.0,"{'bigmove_prob': 14329, 'probability': 1654, 'score_margin': 626, 'tod_profile': 502, 'expected_r': 0, 'risk_budget': 782, 'capacity': 79, 'other': 0}",14329,1654,626,502,0,782,79,0,-3.0410671343794604e-05,-0.0003482850486272726,0.0002850322722705435,-71.38940754509838,-0.00012191967648836632,819,11.5,0.0,0.5,20,20,0.45,1.431966865452085,28.6393373090417,11.5,0.7,0.7,0.6,0.01,2
220,27,17967,1.2272727272727273,0.0,0.0,"{'bigmove_prob': 14977, 'probability': 1711, 'score_margin': 646, 'tod_profile': 507, 'expected_r': 0, 'risk_budget': 2, 'capacity': 124, 'other': 0}",14977,1711,646,507,0,2,124,0,-3.0400675369857133e-05,-0.0003481705856809292,0.00032606879619639885,-62.40453187499963,-8.652824679467042e-05,826,12.5,0.0,0.5,19,19,0.47368421052631576,1.9545286063792922,37.13604352120655,12.5,0.7,0.7,0.6,0.01,3
221,28,17966,1.2727272727272727,0.0,0.0,"{'bigmove_prob': 14328, 'probability': 1562, 'score_margin': 604, 'tod_profile': 508, 'expected_r': 0, 'risk_budget': 796, 'capacity': 168, 'other': 0}",14328,1562,604,508,0,796,168,0,-3.0195574360236677e-05,-0.00034582199089727705,0.000252640702888886,-80.53263689598577,-9.569815383514424e-05,826,12.5,0.0,0.5,16,16,0.5625,3.2263220879663326,51.62115340746132,12.5,0.7,0.7,0.6,0.01,5
222,24,17972,1.0909090909090908,0.0,0.0,"{'bigmove_prob': 14329, 'probability': 1654, 'score_margin': 626, 'tod_profile': 502, 'expected_r': 0, 'risk_budget': 782, 'capacity': 79, 'other': 0}",14329,1654,626,502,0,782,79,0,-3.0410671343794604e-05,-0.0003482850486272726,0.0002850322722705435,-71.38940754509838,-0.00012191967648836632,819,11.5,0.0,0.5,20,20,0.45,1.431966865452085,28.6393373090417,11.5,0.7,0.7,0.6,0.02,2
223,27,17967,1.2272727272727273,0.0,0.0,"{'bigmove_prob': 14977, 'probability': 1711, 'score_margin': 646, 'tod_profile': 507, 'expected_r': 0, 'risk_budget': 2, 'capacity': 124, 'other': 0}",14977,1711,646,507,0,2,124,0,-3.0400675369857133e-05,-0.0003481705856809292,0.00032606879619639885,-62.40453187499963,-8.652824679467042e-05,826,12.5,0.0,0.5,19,19,0.47368421052631576,1.9545286063792922,37.13604352120655,12.5,0.7,0.7,0.6,0.02,3
224,28,17966,1.2727272727272727,0.0,0.0,"{'bigmove_prob': 14328, 'probability': 1562, 'score_margin': 604, 'tod_profile': 508, 'expected_r': 0, 'risk_budget': 796, 'capacity': 168, 'other': 0}",14328,1562,604,508,0,796,168,0,-3.0195574360236677e-05,-0.00034582199089727705,0.000252640702888886,-80.53263689598577,-9.569815383514424e-05,826,12.5,0.0,0.5,16,16,0.5625,3.2263220879663326,51.62115340746132,12.5,0.7,0.7,0.6,0.02,5
225,24,17972,1.0909090909090908,0.0,0.0,"{'bigmove_prob': 14329, 'probability': 1654, 'score_margin': 626, 'tod_profile': 502, 'expected_r': 0, 'risk_budget': 782, 'capacity': 79, 'other': 0}",14329,1654,626,502,0,782,79,0,-3.0410671343794604e-05,-0.0003482850486272726,0.0002850322722705435,-71.38940754509838,-0.00012191967648836632,819,11.5,0.0,0.5,20,20,0.45,1.431966865452085,28.6393373090417,11.5,0.7,0.7,0.65,0.0,2
226,27,17967,1.2272727272727273,0.0,0.0,"{'bigmove_prob': 14977, 'probability': 1711, 'score_margin': 646, 'tod_profile': 507, 'expected_r': 0, 'risk_budget': 2, 'capacity': 124, 'other': 0}",14977,1711,646,507,0,2,124,0,-3.0400675369857133e-05,-0.0003481705856809292,0.00032606879619639885,-62.40453187499963,-8.652824679467042e-05,826,12.5,0.0,0.5,19,19,0.47368421052631576,1.9545286063792922,37.13604352120655,12.5,0.7,0.7,0.65,0.0,3
227,28,17966,1.2727272727272727,0.0,0.0,"{'bigmove_prob': 14328, 'probability': 1562, 'score_margin': 604, 'tod_profile': 508, 'expected_r': 0, 'risk_budget': 796, 'capacity': 168, 'other': 0}",14328,1562,604,508,0,796,168,0,-3.0195574360236677e-05,-0.00034582199089727705,0.000252640702888886,-80.53263689598577,-9.569815383514424e-05,826,12.5,0.0,0.5,16,16,0.5625,3.2263220879663326,51.62115340746132,12.5,0.7,0.7,0.65,0.0,5
228,24,17972,1.0909090909090908,0.0,0.0,"{'bigmove_prob': 14329, 'probability': 1654, 'score_margin': 626, 'tod_profile': 502, 'expected_r': 0, 'risk_budget': 782, 'capacity': 79, 'other': 0}",14329,1654,626,502,0,782,79,0,-3.0410671343794604e-05,-0.0003482850486272726,0.0002850322722705435,-71.38940754509838,-0.00012191967648836632,819,11.5,0.0,0.5,20,20,0.45,1.431966865452085,28.6393373090417,11.5,0.7,0.7,0.65,0.01,2
229,27,17967,1.2272727272727273,0.0,0.0,"{'bigmove_prob': 14977, 'probability': 1711, 'score_margin': 646, 'tod_profile': 507, 'expected_r': 0, 'risk_budget': 2, 'capacity': 124, 'other': 0}",14977,1711,646,507,0,2,124,0,-3.0400675369857133e-05,-0.0003481705856809292,0.00032606879619639885,-62.40453187499963,-8.652824679467042e-05,826,12.5,0.0,0.5,19,19,0.47368421052631576,1.9545286063792922,37.13604352120655,12.5,0.7,0.7,0.65,0.01,3
230,28,17966,1.2727272727272727,0.0,0.0,"{'bigmove_prob': 14328, 'probability': 1562, 'score_margin': 604, 'tod_profile': 508, 'expected_r': 0, 'risk_budget': 796, 'capacity': 168, 'other': 0}",14328,1562,604,508,0,796,168,0,-3.0195574360236677e-05,-0.00034582199089727705,0.000252640702888886,-80.53263689598577,-9.569815383514424e-05,826,12.5,0.0,0.5,16,16,0.5625,3.2263220879663326,51.62115340746132,12.5,0.7,0.7,0.65,0.01,5
231,24,17972,1.0909090909090908,0.0,0.0,"{'bigmove_prob': 14329, 'probability': 1654, 'score_margin': 626, 'tod_profile': 502, 'expected_r': 0, 'risk_budget': 782, 'capacity': 79, 'other': 0}",14329,1654,626,502,0,782,79,0,-3.0410671343794604e-05,-0.0003482850486272726,0.0002850322722705435,-71.38940754509838,-0.00012191967648836632,819,11.5,0.0,0.5,20,20,0.45,1.431966865452085,28.6393373090417,11.5,0.7,0.7,0.65,0.02,2
232,27,17967,1.2272727272727273,0.0,0.0,"{'bigmove_prob': 14977, 'probability': 1711, 'score_margin': 646, 'tod_profile': 507, 'expected_r': 0, 'risk_budget': 2, 'capacity': 124, 'other': 0}",14977,1711,646,507,0,2,124,0,-3.0400675369857133e-05,-0.0003481705856809292,0.00032606879619639885,-62.40453187499963,-8.652824679467042e-05,826,12.5,0.0,0.5,19,19,0.47368421052631576,1.9545286063792922,37.13604352120655,12.5,0.7,0.7,0.65,0.02,3
233,28,17966,1.2727272727272727,0.0,0.0,"{'bigmove_prob': 14328, 'probability': 1562, 'score_margin': 604, 'tod_profile': 508, 'expected_r': 0, 'risk_budget': 796, 'capacity': 168, 'other': 0}",14328,1562,604,508,0,796,168,0,-3.0195574360236677e-05,-0.00034582199089727705,0.000252640702888886,-80.53263689598577,-9.569815383514424e-05,826,12.5,0.0,0.5,16,16,0.5625,3.2263220879663326,51.62115340746132,12.5,0.7,0.7,0.65,0.02,5
234,24,17972,1.0909090909090908,0.0,0.0,"{'bigmove_prob': 14329, 'probability': 1654, 'score_margin': 626, 'tod_profile': 502, 'expected_r': 0, 'risk_budget': 782, 'capacity': 79, 'other': 0}",14329,1654,626,502,0,782,79,0,-3.0410671343794604e-05,-0.0003482850486272726,0.0002850322722705435,-71.38940754509838,-0.00012191967648836632,819,11.5,0.0,0.5,20,20,0.45,1.431966865452085,28.6393373090417,11.5,0.7,0.7,0.7,0.0,2
235,27,17967,1.2272727272727273,0.0,0.0,"{'bigmove_prob': 14977, 'probability': 1711, 'score_margin': 646, 'tod_profile': 507, 'expected_r': 0, 'risk_budget': 2, 'capacity': 124, 'other': 0}",14977,1711,646,507,0,2,124,0,-3.0400675369857133e-05,-0.0003481705856809292,0.00032606879619639885,-62.40453187499963,-8.652824679467042e-05,826,12.5,0.0,0.5,19,19,0.47368421052631576,1.9545286063792922,37.13604352120655,12.5,0.7,0.7,0.7,0.0,3
236,28,17966,1.2727272727272727,0.0,0.0,"{'bigmove_prob': 14328, 'probability': 1562, 'score_margin': 604, 'tod_profile': 508, 'expected_r': 0, 'risk_budget': 796, 'capacity': 168, 'other': 0}",14328,1562,604,508,0,796,168,0,-3.0195574360236677e-05,-0.00034582199089727705,0.000252640702888886,-80.53263689598577,-9.569815383514424e-05,826,12.5,0.0,0.5,16,16,0.5625,3.2263220879663326,51.62115340746132,12.5,0.7,0.7,0.7,0.0,5
237,24,17972,1.0909090909090908,0.0,0.0,"{'bigmove_prob': 14329, 'probability': 1654, 'score_margin': 626, 'tod_profile': 502, 'expected_r': 0, 'risk_budget': 782, 'capacity': 79, 'other': 0}",14329,1654,626,502,0,782,79,0,-3.0410671343794604e-05,-0.0003482850486272726,0.0002850322722705435,-71.38940754509838,-0.00012191967648836632,819,11.5,0.0,0.5,20,20,0.45,1.431966865452085,28.6393373090417,11.5,0.7,0.7,0.7,0.01,2
238,27,17967,1.2272727272727273,0.0,0.0,"{'bigmove_prob': 14977, 'probability': 1711, 'score_margin': 646, 'tod_profile': 507, 'expected_r': 0, 'risk_budget': 2, 'capacity': 124, 'other': 0}",14977,1711,646,507,0,2,124,0,-3.0400675369857133e-05,-0.0003481705856809292,0.00032606879619639885,-62.40453187499963,-8.652824679467042e-05,826,12.5,0.0,0.5,19,19,0.47368421052631576,1.9545286063792922,37.13604352120655,12.5,0.7,0.7,0.7,0.01,3
239,28,17966,1.2727272727272727,0.0,0.0,"{'bigmove_prob': 14328, 'probability': 1562, 'score_margin': 604, 'tod_profile': 508, 'expected_r': 0, 'risk_budget': 796, 'capacity': 168, 'other': 0}",14328,1562,604,508,0,796,168,0,-3.0195574360236677e-05,-0.00034582199089727705,0.000252640702888886,-80.53263689598577,-9.569815383514424e-05,826,12.5,0.0,0.5,16,16,0.5625,3.2263220879663326,51.62115340746132,12.5,0.7,0.7,0.7,0.01,5
240,24,17972,1.0909090909090908,0.0,0.0,"{'bigmove_prob': 14329, 'probability': 1654, 'score_margin': 626, 'tod_profile': 502, 'expected_r': 0, 'risk_budget': 782, 'capacity': 79, 'other': 0}",14329,1654,626,502,0,782,79,0,-3.0410671343794604e-05,-0.0003482850486272726,0.0002850322722705435,-71.38940754509838,-0.00012191967648836632,819,11.5,0.0,0.5,20,20,0.45,1.431966865452085,28.6393373090417,11.5,0.7,0.7,0.7,0.02,2
241,27,17967,1.2272727272727273,0.0,0.0,"{'bigmove_prob': 14977, 'probability': 1711, 'score_margin': 646, 'tod_profile': 507, 'expected_r': 0, 'risk_budget': 2, 'capacity': 124, 'other': 0}",14977,1711,646,507,0,2,124,0,-3.0400675369857133e-05,-0.0003481705856809292,0.00032606879619639885,-62.40453187499963,-8.652824679467042e-05,826,12.5,0.0,0.5,19,19,0.47368421052631576,1.9545286063792922,37.13604352120655,12.5,0.7,0.7,0.7,0.02,3
242,28,17966,1.2727272727272727,0.0,0.0,"{'bigmove_prob': 14328, 'probability': 1562, 'score_margin': 604, 'tod_profile': 508, 'expected_r': 0, 'risk_budget': 796, 'capacity': 168, 'other': 0}",14328,1562,604,508,0,796,168,0,-3.0195574360236677e-05,-0.00034582199089727705,0.000252640702888886,-80.53263689598577,-9.569815383514424e-05,826,12.5,0.0,0.5,16,16,0.5625,3.2263220879663326,51.62115340746132,12.5,0.7,0.7,0.7,0.02,5
243,24,17972,1.0909090909090908,0.0,0.0,"{'bigmove_prob': 14329, 'probability': 1654, 'score_margin': 626, 'tod_profile': 502, 'expected_r': 0, 'risk_budget': 782, 'capacity': 79, 'other': 0}",14329,1654,626,502,0,782,79,0,-3.0410671343794604e-05,-0.0003482850486272726,0.0002850322722705435,-71.38940754509838,-0.00012191967648836632,819,11.5,0.0,0.5,20,20,0.45,1.431966865452085,28.6393373090417,11.5,0.7,0.7,0.75,0.0,2
244,27,17967,1.2272727272727273,0.0,0.0,"{'bigmove_prob': 14977, 'probability': 1711, 'score_margin': 646, 'tod_profile': 507, 'expected_r': 0, 'risk_budget': 2, 'capacity': 124, 'other': 0}",14977,1711,646,507,0,2,124,0,-3.0400675369857133e-05,-0.0003481705856809292,0.00032606879619639885,-62.40453187499963,-8.652824679467042e-05,826,12.5,0.0,0.5,19,19,0.47368421052631576,1.9545286063792922,37.13604352120655,12.5,0.7,0.7,0.75,0.0,3
245,28,17966,1.2727272727272727,0.0,0.0,"{'bigmove_prob': 14328, 'probability': 1562, 'score_margin': 604, 'tod_profile': 508, 'expected_r': 0, 'risk_budget': 796, 'capacity': 168, 'other': 0}",14328,1562,604,508,0,796,168,0,-3.0195574360236677e-05,-0.00034582199089727705,0.000252640702888886,-80.53263689598577,-9.569815383514424e-05,826,12.5,0.0,0.5,16,16,0.5625,3.2263220879663326,51.62115340746132,12.5,0.7,0.7,0.75,0.0,5
246,24,17972,1.0909090909090908,0.0,0.0,"{'bigmove_prob': 14329, 'probability': 1654, 'score_margin': 626, 'tod_profile': 502, 'expected_r': 0, 'risk_budget': 782, 'capacity': 79, 'other': 0}",14329,1654,626,502,0,782,79,0,-3.0410671343794604e-05,-0.0003482850486272726,0.0002850322722705435,-71.38940754509838,-0.00012191967648836632,819,11.5,0.0,0.5,20,20,0.45,1.431966865452085,28.6393373090417,11.5,0.7,0.7,0.75,0.01,2
247,27,17967,1.2272727272727273,0.0,0.0,"{'bigmove_prob': 14977, 'probability': 1711, 'score_margin': 646, 'tod_profile': 507, 'expected_r': 0, 'risk_budget': 2, 'capacity': 124, 'other': 0}",14977,1711,646,507,0,2,124,0,-3.0400675369857133e-05,-0.0003481705856809292,0.00032606879619639885,-62.40453187499963,-8.652824679467042e-05,826,12.5,0.0,0.5,19,19,0.47368421052631576,1.9545286063792922,37.13604352120655,12.5,0.7,0.7,0.75,0.01,3
248,28,17966,1.2727272727272727,0.0,0.0,"{'bigmove_prob': 14328, 'probability': 1562, 'score_margin': 604, 'tod_profile': 508, 'expected_r': 0, 'risk_budget': 796, 'capacity': 168, 'other': 0}",14328,1562,604,508,0,796,168,0,-3.0195574360236677e-05,-0.00034582199089727705,0.000252640702888886,-80.53263689598577,-9.569815383514424e-05,826,12.5,0.0,0.5,16,16,0.5625,3.2263220879663326,51.62115340746132,12.5,0.7,0.7,0.75,0.01,5
249,24,17972,1.0909090909090908,0.0,0.0,"{'bigmove_prob': 14329, 'probability': 1654, 'score_margin': 626, 'tod_profile': 502, 'expected_r': 0, 'risk_budget': 782, 'capacity': 79, 'other': 0}",14329,1654,626,502,0,782,79,0,-3.0410671343794604e-05,-0.0003482850486272726,0.0002850322722705435,-71.38940754509838,-0.00012191967648836632,819,11.5,0.0,0.5,20,20,0.45,1.431966865452085,28.6393373090417,11.5,0.7,0.7,0.75,0.02,2
250,27,17967,1.2272727272727273,0.0,0.0,"{'bigmove_prob': 14977, 'probability': 1711, 'score_margin': 646, 'tod_profile': 507, 'expected_r': 0, 'risk_budget': 2, 'capacity': 124, 'other': 0}",14977,1711,646,507,0,2,124,0,-3.0400675369857133e-05,-0.0003481705856809292,0.00032606879619639885,-62.40453187499963,-8.652824679467042e-05,826,12.5,0.0,0.5,19,19,0.47368421052631576,1.9545286063792922,37.13604352120655,12.5,0.7,0.7,0.75,0.02,3
251,28,17966,1.2727272727272727,0.0,0.0,"{'bigmove_prob': 14328, 'probability': 1562, 'score_margin': 604, 'tod_profile': 508, 'expected_r': 0, 'risk_budget': 796, 'capacity': 168, 'other': 0}",14328,1562,604,508,0,796,168,0,-3.0195574360236677e-05,-0.00034582199089727705,0.000252640702888886,-80.53263689598577,-9.569815383514424e-05,826,12.5,0.0,0.5,16,16,0.5625,3.2263220879663326,51.62115340746132,12.5,0.7,0.7,0.75,0.02,5
252,24,17972,1.0909090909090908,0.0,0.0,"{'bigmove_prob': 14329, 'probability': 1654, 'score_margin': 626, 'tod_profile': 502, 'expected_r': 0, 'risk_budget': 782, 'capacity': 79, 'other': 0}",14329,1654,626,502,0,782,79,0,-3.0410671343794604e-05,-0.0003482850486272726,0.0002850322722705435,-71.38940754509838,-0.00012191967648836632,819,11.5,0.0,0.5,20,20,0.45,1.431966865452085,28.6393373090417,11.5,0.7,0.75,0.6,0.0,2
253,27,17967,1.2272727272727273,0.0,0.0,"{'bigmove_prob': 14977, 'probability': 1711, 'score_margin': 646, 'tod_profile': 507, 'expected_r': 0, 'risk_budget': 2, 'capacity': 124, 'other': 0}",14977,1711,646,507,0,2,124,0,-3.0400675369857133e-05,-0.0003481705856809292,0.00032606879619639885,-62.40453187499963,-8.652824679467042e-05,826,12.5,0.0,0.5,19,19,0.47368421052631576,1.9545286063792922,37.13604352120655,12.5,0.7,0.75,0.6,0.0,3
254,28,17966,1.2727272727272727,0.0,0.0,"{'bigmove_prob': 14328, 'probability': 1562, 'score_margin': 604, 'tod_profile': 508, 'expected_r': 0, 'risk_budget': 796, 'capacity': 168, 'other': 0}",14328,1562,604,508,0,796,168,0,-3.0195574360236677e-05,-0.00034582199089727705,0.000252640702888886,-80.53263689598577,-9.569815383514424e-05,826,12.5,0.0,0.5,16,16,0.5625,3.2263220879663326,51.62115340746132,12.5,0.7,0.75,0.6,0.0,5
255,24,17972,1.0909090909090908,0.0,0.0,"{'bigmove_prob': 14329, 'probability': 1654, 'score_margin': 626, 'tod_profile': 502, 'expected_r': 0, 'risk_budget': 782, 'capacity': 79, 'other': 0}",14329,1654,626,502,0,782,79,0,-3.0410671343794604e-05,-0.0003482850486272726,0.0002850322722705435,-71.38940754509838,-0.00012191967648836632,819,11.5,0.0,0.5,20,20,0.45,1.431966865452085,28.6393373090417,11.5,0.7,0.75,0.6,0.01,2
256,27,17967,1.2272727272727273,0.0,0.0,"{'bigmove_prob': 14977, 'probability': 1711, 'score_margin': 646, 'tod_profile': 507, 'expected_r': 0, 'risk_budget': 2, 'capacity': 124, 'other': 0}",14977,1711,646,507,0,2,124,0,-3.0400675369857133e-05,-0.0003481705856809292,0.00032606879619639885,-62.40453187499963,-8.652824679467042e-05,826,12.5,0.0,0.5,19,19,0.47368421052631576,1.9545286063792922,37.13604352120655,12.5,0.7,0.75,0.6,0.01,3
257,28,17966,1.2727272727272727,0.0,0.0,"{'bigmove_prob': 14328, 'probability': 1562, 'score_margin': 604, 'tod_profile': 508, 'expected_r': 0, 'risk_budget': 796, 'capacity': 168, 'other': 0}",14328,1562,604,508,0,796,168,0,-3.0195574360236677e-05,-0.00034582199089727705,0.000252640702888886,-80.53263689598577,-9.569815383514424e-05,826,12.5,0.0,0.5,16,16,0.5625,3.2263220879663326,51.62115340746132,12.5,0.7,0.75,0.6,0.01,5
258,24,17972,1.0909090909090908,0.0,0.0,"{'bigmove_prob': 14329, 'probability': 1654, 'score_margin': 626, 'tod_profile': 502, 'expected_r': 0, 'risk_budget': 782, 'capacity': 79, 'other': 0}",14329,1654,626,502,0,782,79,0,-3.0410671343794604e-05,-0.0003482850486272726,0.0002850322722705435,-71.38940754509838,-0.00012191967648836632,819,11.5,0.0,0.5,20,20,0.45,1.431966865452085,28.6393373090417,11.5,0.7,0.75,0.6,0.02,2
259,27,17967,1.2272727272727273,0.0,0.0,"{'bigmove_prob': 14977, 'probability': 1711, 'score_margin': 646, 'tod_profile': 507, 'expected_r': 0, 'risk_budget': 2, 'capacity': 124, 'other': 0}",14977,1711,646,507,0,2,124,0,-3.0400675369857133e-05,-0.0003481705856809292,0.00032606879619639885,-62.40453187499963,-8.652824679467042e-05,826,12.5,0.0,0.5,19,19,0.47368421052631576,1.9545286063792922,37.13604352120655,12.5,0.7,0.75,0.6,0.02,3
260,28,17966,1.2727272727272727,0.0,0.0,"{'bigmove_prob': 14328, 'probability': 1562, 'score_margin': 604, 'tod_profile': 508, 'expected_r': 0, 'risk_budget': 796, 'capacity': 168, 'other': 0}",14328,1562,604,508,0,796,168,0,-3.0195574360236677e-05,-0.00034582199089727705,0.000252640702888886,-80.53263689598577,-9.569815383514424e-05,826,12.5,0.0,0.5,16,16,0.5625,3.2263220879663326,51.62115340746132,12.5,0.7,0.75,0.6,0.02,5
261,24,17972,1.0909090909090908,0.0,0.0,"{'bigmove_prob': 14329, 'probability': 1654, 'score_margin': 626, 'tod_profile': 502, 'expected_r': 0, 'risk_budget': 782, 'capacity': 79, 'other': 0}",14329,1654,626,502,0,782,79,0,-3.0410671343794604e-05,-0.0003482850486272726,0.0002850322722705435,-71.38940754509838,-0.00012191967648836632,819,11.5,0.0,0.5,20,20,0.45,1.431966865452085,28.6393373090417,11.5,0.7,0.75,0.65,0.0,2
262,27,17967,1.2272727272727273,0.0,0.0,"{'bigmove_prob': 14977, 'probability': 1711, 'score_margin': 646, 'tod_profile': 507, 'expected_r': 0, 'risk_budget': 2, 'capacity': 124, 'other': 0}",14977,1711,646,507,0,2,124,0,-3.0400675369857133e-05,-0.0003481705856809292,0.00032606879619639885,-62.40453187499963,-8.652824679467042e-05,826,12.5,0.0,0.5,19,19,0.47368421052631576,1.9545286063792922,37.13604352120655,12.5,0.7,0.75,0.65,0.0,3
263,28,17966,1.2727272727272727,0.0,0.0,"{'bigmove_prob': 14328, 'probability': 1562, 'score_margin': 604, 'tod_profile': 508, 'expected_r': 0, 'risk_budget': 796, 'capacity': 168, 'other': 0}",14328,1562,604,508,0,796,168,0,-3.0195574360236677e-05,-0.00034582199089727705,0.000252640702888886,-80.53263689598577,-9.569815383514424e-05,826,12.5,0.0,0.5,16,16,0.5625,3.2263220879663326,51.62115340746132,12.5,0.7,0.75,0.65,0.0,5
264,24,17972,1.0909090909090908,0.0,0.0,"{'bigmove_prob': 14329, 'probability': 1654, 'score_margin': 626, 'tod_profile': 502, 'expected_r': 0, 'risk_budget': 782, 'capacity': 79, 'other': 0}",14329,1654,626,502,0,782,79,0,-3.0410671343794604e-05,-0.0003482850486272726,0.0002850322722705435,-71.38940754509838,-0.00012191967648836632,819,11.5,0.0,0.5,20,20,0.45,1.431966865452085,28.6393373090417,11.5,0.7,0.75,0.65,0.01,2
265,27,17967,1.2272727272727273,0.0,0.0,"{'bigmove_prob': 14977, 'probability': 1711, 'score_margin': 646, 'tod_profile': 507, 'expected_r': 0, 'risk_budget': 2, 'capacity': 124, 'other': 0}",14977,1711,646,507,0,2,124,0,-3.0400675369857133e-05,-0.0003481705856809292,0.00032606879619639885,-62.40453187499963,-8.652824679467042e-05,826,12.5,0.0,0.5,19,19,0.47368421052631576,1.9545286063792922,37.13604352120655,12.5,0.7,0.75,0.65,0.01,3
266,28,17966,1.2727272727272727,0.0,0.0,"{'bigmove_prob': 14328, 'probability': 1562, 'score_margin': 604, 'tod_profile': 508, 'expected_r': 0, 'risk_budget': 796, 'capacity': 168, 'other': 0}",14328,1562,604,508,0,796,168,0,-3.0195574360236677e-05,-0.00034582199089727705,0.000252640702888886,-80.53263689598577,-9.569815383514424e-05,826,12.5,0.0,0.5,16,16,0.5625,3.2263220879663326,51.62115340746132,12.5,0.7,0.75,0.65,0.01,5
267,24,17972,1.0909090909090908,0.0,0.0,"{'bigmove_prob': 14329, 'probability': 1654, 'score_margin': 626, 'tod_profile': 502, 'expected_r': 0, 'risk_budget': 782, 'capacity': 79, 'other': 0}",14329,1654,626,502,0,782,79,0,-3.0410671343794604e-05,-0.0003482850486272726,0.0002850322722705435,-71.38940754509838,-0.00012191967648836632,819,11.5,0.0,0.5,20,20,0.45,1.431966865452085,28.6393373090417,11.5,0.7,0.75,0.65,0.02,2
268,27,17967,1.2272727272727273,0.0,0.0,"{'bigmove_prob': 14977, 'probability': 1711, 'score_margin': 646, 'tod_profile': 507, 'expected_r': 0, 'risk_budget': 2, 'capacity': 124, 'other': 0}",14977,1711,646,507,0,2,124,0,-3.0400675369857133e-05,-0.0003481705856809292,0.00032606879619639885,-62.40453187499963,-8.652824679467042e-05,826,12.5,0.0,0.5,19,19,0.47368421052631576,1.9545286063792922,37.13604352120655,12.5,0.7,0.75,0.65,0.02,3
269,28,17966,1.2727272727272727,0.0,0.0,"{'bigmove_prob': 14328, 'probability': 1562, 'score_margin': 604, 'tod_profile': 508, 'expected_r': 0, 'risk_budget': 796, 'capacity': 168, 'other': 0}",14328,1562,604,508,0,796,168,0,-3.0195574360236677e-05,-0.00034582199089727705,0.000252640702888886,-80.53263689598577,-9.569815383514424e-05,826,12.5,0.0,0.5,16,16,0.5625,3.2263220879663326,51.62115340746132,12.5,0.7,0.75,0.65,0.02,5
270,24,17972,1.0909090909090908,0.0,0.0,"{'bigmove_prob': 14329, 'probability': 1654, 'score_margin': 626, 'tod_profile': 502, 'expected_r': 0, 'risk_budget': 782, 'capacity': 79, 'other': 0}",14329,1654,626,502,0,782,79,0,-3.0410671343794604e-05,-0.0003482850486272726,0.0002850322722705435,-71.38940754509838,-0.00012191967648836632,819,11.5,0.0,0.5,20,20,0.45,1.431966865452085,28.6393373090417,11.5,0.7,0.75,0.7,0.0,2
271,27,17967,1.2272727272727273,0.0,0.0,"{'bigmove_prob': 14977, 'probability': 1711, 'score_margin': 646, 'tod_profile': 507, 'expected_r': 0, 'risk_budget': 2, 'capacity': 124, 'other': 0}",14977,1711,646,507,0,2,124,0,-3.0400675369857133e-05,-0.0003481705856809292,0.00032606879619639885,-62.40453187499963,-8.652824679467042e-05,826,12.5,0.0,0.5,19,19,0.47368421052631576,1.9545286063792922,37.13604352120655,12.5,0.7,0.75,0.7,0.0,3
272,28,17966,1.2727272727272727,0.0,0.0,"{'bigmove_prob': 14328, 'probability': 1562, 'score_margin': 604, 'tod_profile': 508, 'expected_r': 0, 'risk_budget': 796, 'capacity': 168, 'other': 0}",14328,1562,604,508,0,796,168,0,-3.0195574360236677e-05,-0.00034582199089727705,0.000252640702888886,-80.53263689598577,-9.569815383514424e-05,826,12.5,0.0,0.5,16,16,0.5625,3.2263220879663326,51.62115340746132,12.5,0.7,0.75,0.7,0.0,5
273,24,17972,1.0909090909090908,0.0,0.0,"{'bigmove_prob': 14329, 'probability': 1654, 'score_margin': 626, 'tod_profile': 502, 'expected_r': 0, 'risk_budget': 782, 'capacity': 79, 'other': 0}",14329,1654,626,502,0,782,79,0,-3.0410671343794604e-05,-0.0003482850486272726,0.0002850322722705435,-71.38940754509838,-0.00012191967648836632,819,11.5,0.0,0.5,20,20,0.45,1.431966865452085,28.6393373090417,11.5,0.7,0.75,0.7,0.01,2
274,27,17967,1.2272727272727273,0.0,0.0,"{'bigmove_prob': 14977, 'probability': 1711, 'score_margin': 646, 'tod_profile': 507, 'expected_r': 0, 'risk_budget': 2, 'capacity': 124, 'other': 0}",14977,1711,646,507,0,2,124,0,-3.0400675369857133e-05,-0.0003481705856809292,0.00032606879619639885,-62.40453187499963,-8.652824679467042e-05,826,12.5,0.0,0.5,19,19,0.47368421052631576,1.9545286063792922,37.13604352120655,12.5,0.7,0.75,0.7,0.01,3
275,28,17966,1.2727272727272727,0.0,0.0,"{'bigmove_prob': 14328, 'probability': 1562, 'score_margin': 604, 'tod_profile': 508, 'expected_r': 0, 'risk_budget': 796, 'capacity': 168, 'other': 0}",14328,1562,604,508,0,796,168,0,-3.0195574360236677e-05,-0.00034582199089727705,0.000252640702888886,-80.53263689598577,-9.569815383514424e-05,826,12.5,0.0,0.5,16,16,0.5625,3.2263220879663326,51.62115340746132,12.5,0.7,0.75,0.7,0.01,5
276,24,17972,1.0909090909090908,0.0,0.0,"{'bigmove_prob': 14329, 'probability': 1654, 'score_margin': 626, 'tod_profile': 502, 'expected_r': 0, 'risk_budget': 782, 'capacity': 79, 'other': 0}",14329,1654,626,502,0,782,79,0,-3.0410671343794604e-05,-0.0003482850486272726,0.0002850322722705435,-71.38940754509838,-0.00012191967648836632,819,11.5,0.0,0.5,20,20,0.45,1.431966865452085,28.6393373090417,11.5,0.7,0.75,0.7,0.02,2
277,27,17967,1.2272727272727273,0.0,0.0,"{'bigmove_prob': 14977, 'probability': 1711, 'score_margin': 646, 'tod_profile': 507, 'expected_r': 0, 'risk_budget': 2, 'capacity': 124, 'other': 0}",14977,1711,646,507,0,2,124,0,-3.0400675369857133e-05,-0.0003481705856809292,0.00032606879619639885,-62.40453187499963,-8.652824679467042e-05,826,12.5,0.0,0.5,19,19,0.47368421052631576,1.9545286063792922,37.13604352120655,12.5,0.7,0.75,0.7,0.02,3
278,28,17966,1.2727272727272727,0.0,0.0,"{'bigmove_prob': 14328, 'probability': 1562, 'score_margin': 604, 'tod_profile': 508, 'expected_r': 0, 'risk_budget': 796, 'capacity': 168, 'other': 0}",14328,1562,604,508,0,796,168,0,-3.0195574360236677e-05,-0.00034582199089727705,0.000252640702888886,-80.53263689598577,-9.569815383514424e-05,826,12.5,0.0,0.5,16,16,0.5625,3.2263220879663326,51.62115340746132,12.5,0.7,0.75,0.7,0.02,5
279,24,17972,1.0909090909090908,0.0,0.0,"{'bigmove_prob': 14329, 'probability': 1654, 'score_margin': 626, 'tod_profile': 502, 'expected_r': 0, 'risk_budget': 782, 'capacity': 79, 'other': 0}",14329,1654,626,502,0,782,79,0,-3.0410671343794604e-05,-0.0003482850486272726,0.0002850322722705435,-71.38940754509838,-0.00012191967648836632,819,11.5,0.0,0.5,20,20,0.45,1.431966865452085,28.6393373090417,11.5,0.7,0.75,0.75,0.0,2
280,27,17967,1.2272727272727273,0.0,0.0,"{'bigmove_prob': 14977, 'probability': 1711, 'score_margin': 646, 'tod_profile': 507, 'expected_r': 0, 'risk_budget': 2, 'capacity': 124, 'other': 0}",14977,1711,646,507,0,2,124,0,-3.0400675369857133e-05,-0.0003481705856809292,0.00032606879619639885,-62.40453187499963,-8.652824679467042e-05,826,12.5,0.0,0.5,19,19,0.47368421052631576,1.9545286063792922,37.13604352120655,12.5,0.7,0.75,0.75,0.0,3
281,28,17966,1.2727272727272727,0.0,0.0,"{'bigmove_prob': 14328, 'probability': 1562, 'score_margin': 604, 'tod_profile': 508, 'expected_r': 0, 'risk_budget': 796, 'capacity': 168, 'other': 0}",14328,1562,604,508,0,796,168,0,-3.0195574360236677e-05,-0.00034582199089727705,0.000252640702888886,-80.53263689598577,-9.569815383514424e-05,826,12.5,0.0,0.5,16,16,0.5625,3.2263220879663326,51.62115340746132,12.5,0.7,0.75,0.75,0.0,5
282,24,17972,1.0909090909090908,0.0,0.0,"{'bigmove_prob': 14329, 'probability': 1654, 'score_margin': 626, 'tod_profile': 502, 'expected_r': 0, 'risk_budget': 782, 'capacity': 79, 'other': 0}",14329,1654,626,502,0,782,79,0,-3.0410671343794604e-05,-0.0003482850486272726,0.0002850322722705435,-71.38940754509838,-0.00012191967648836632,819,11.5,0.0,0.5,20,20,0.45,1.431966865452085,28.6393373090417,11.5,0.7,0.75,0.75,0.01,2
283,27,17967,1.2272727272727273,0.0,0.0,"{'bigmove_prob': 14977, 'probability': 1711, 'score_margin': 646, 'tod_profile': 507, 'expected_r': 0, 'risk_budget': 2, 'capacity': 124, 'other': 0}",14977,1711,646,507,0,2,124,0,-3.0400675369857133e-05,-0.0003481705856809292,0.00032606879619639885,-62.40453187499963,-8.652824679467042e-05,826,12.5,0.0,0.5,19,19,0.47368421052631576,1.9545286063792922,37.13604352120655,12.5,0.7,0.75,0.75,0.01,3
284,28,17966,1.2727272727272727,0.0,0.0,"{'bigmove_prob': 14328, 'probability': 1562, 'score_margin': 604, 'tod_profile': 508, 'expected_r': 0, 'risk_budget': 796, 'capacity': 168, 'other': 0}",14328,1562,604,508,0,796,168,0,-3.0195574360236677e-05,-0.00034582199089727705,0.000252640702888886,-80.53263689598577,-9.569815383514424e-05,826,12.5,0.0,0.5,16,16,0.5625,3.2263220879663326,51.62115340746132,12.5,0.7,0.75,0.75,0.01,5
285,24,17972,1.0909090909090908,0.0,0.0,"{'bigmove_prob': 14329, 'probability': 1654, 'score_margin': 626, 'tod_profile': 502, 'expected_r': 0, 'risk_budget': 782, 'capacity': 79, 'other': 0}",14329,1654,626,502,0,782,79,0,-3.0410671343794604e-05,-0.0003482850486272726,0.0002850322722705435,-71.38940754509838,-0.00012191967648836632,819,11.5,0.0,0.5,20,20,0.45,1.431966865452085,28.6393373090417,11.5,0.7,0.75,0.75,0.02,2
286,27,17967,1.2272727272727273,0.0,0.0,"{'bigmove_prob': 14977, 'probability': 1711, 'score_margin': 646, 'tod_profile': 507, 'expected_r': 0, 'risk_budget': 2, 'capacity': 124, 'other': 0}",14977,1711,646,507,0,2,124,0,-3.0400675369857133e-05,-0.0003481705856809292,0.00032606879619639885,-62.40453187499963,-8.652824679467042e-05,826,12.5,0.0,0.5,19,19,0.47368421052631576,1.9545286063792922,37.13604352120655,12.5,0.7,0.75,0.75,0.02,3
287,28,17966,1.2727272727272727,0.0,0.0,"{'bigmove_prob': 14328, 'probability': 1562, 'score_margin': 604, 'tod_profile': 508, 'expected_r': 0, 'risk_budget': 796, 'capacity': 168, 'other': 0}",14328,1562,604,508,0,796,168,0,-3.0195574360236677e-05,-0.00034582199089727705,0.000252640702888886,-80.53263689598577,-9.569815383514424e-05,826,12.5,0.0,0.5,16,16,0.5625,3.2263220879663326,51.62115340746132,12.5,0.7,0.75,0.75,0.02,5
288,24,17972,1.0909090909090908,0.0,0.0,"{'bigmove_prob': 14683, 'probability': 1404, 'score_margin': 522, 'tod_profile': 502, 'expected_r': 0, 'risk_budget': 782, 'capacity': 79, 'other': 0}",14683,1404,522,502,0,782,79,0,-3.0410671343794604e-05,-0.0003482850486272726,0.0002850322722705435,-71.38940754509838,-0.00012191967648836632,819,11.5,0.0,0.5,20,20,0.45,1.431966865452085,28.6393373090417,11.5,0.75,0.6,0.6,0.0,2
289,27,17967,1.2272727272727273,0.0,0.0,"{'bigmove_prob': 15347, 'probability': 1449, 'score_margin': 538, 'tod_profile': 507, 'expected_r': 0, 'risk_budget': 2, 'capacity': 124, 'other': 0}",15347,1449,538,507,0,2,124,0,-3.0400675369857133e-05,-0.0003481705856809292,0.00032606879619639885,-62.40453187499963,-8.652824679467042e-05,826,12.5,0.0,0.5,19,19,0.47368421052631576,1.9545286063792922,37.13604352120655,12.5,0.75,0.6,0.6,0.0,3
290,28,17966,1.2727272727272727,0.0,0.0,"{'bigmove_prob': 14672, 'probability': 1321, 'score_margin': 501, 'tod_profile': 508, 'expected_r': 0, 'risk_budget': 796, 'capacity': 168, 'other': 0}",14672,1321,501,508,0,796,168,0,-3.0195574360236677e-05,-0.00034582199089727705,0.000252640702888886,-80.53263689598577,-9.569815383514424e-05,826,12.5,0.0,0.5,16,16,0.5625,3.2263220879663326,51.62115340746132,12.5,0.75,0.6,0.6,0.0,5
291,24,17972,1.0909090909090908,0.0,0.0,"{'bigmove_prob': 14683, 'probability': 1404, 'score_margin': 522, 'tod_profile': 502, 'expected_r': 0, 'risk_budget': 782, 'capacity': 79, 'other': 0}",14683,1404,522,502,0,782,79,0,-3.0410671343794604e-05,-0.0003482850486272726,0.0002850322722705435,-71.38940754509838,-0.00012191967648836632,819,11.5,0.0,0.5,20,20,0.45,1.431966865452085,28.6393373090417,11.5,0.75,0.6,0.6,0.01,2
292,27,17967,1.2272727272727273,0.0,0.0,"{'bigmove_prob': 15347, 'probability': 1449, 'score_margin': 538, 'tod_profile': 507, 'expected_r': 0, 'risk_budget': 2, 'capacity': 124, 'other': 0}",15347,1449,538,507,0,2,124,0,-3.0400675369857133e-05,-0.0003481705856809292,0.00032606879619639885,-62.40453187499963,-8.652824679467042e-05,826,12.5,0.0,0.5,19,19,0.47368421052631576,1.9545286063792922,37.13604352120655,12.5,0.75,0.6,0.6,0.01,3
293,28,17966,1.2727272727272727,0.0,0.0,"{'bigmove_prob': 14672, 'probability': 1321, 'score_margin': 501, 'tod_profile': 508, 'expected_r': 0, 'risk_budget': 796, 'capacity': 168, 'other': 0}",14672,1321,501,508,0,796,168,0,-3.0195574360236677e-05,-0.00034582199089727705,0.000252640702888886,-80.53263689598577,-9.569815383514424e-05,826,12.5,0.0,0.5,16,16,0.5625,3.2263220879663326,51.62115340746132,12.5,0.75,0.6,0.6,0.01,5
294,24,17972,1.0909090909090908,0.0,0.0,"{'bigmove_prob': 14683, 'probability': 1404, 'score_margin': 522, 'tod_profile': 502, 'expected_r': 0, 'risk_budget': 782, 'capacity': 79, 'other': 0}",14683,1404,522,502,0,782,79,0,-3.0410671343794604e-05,-0.0003482850486272726,0.0002850322722705435,-71.38940754509838,-0.00012191967648836632,819,11.5,0.0,0.5,20,20,0.45,1.431966865452085,28.6393373090417,11.5,0.75,0.6,0.6,0.02,2
295,27,17967,1.2272727272727273,0.0,0.0,"{'bigmove_prob': 15347, 'probability': 1449, 'score_margin': 538, 'tod_profile': 507, 'expected_r': 0, 'risk_budget': 2, 'capacity': 124, 'other': 0}",15347,1449,538,507,0,2,124,0,-3.0400675369857133e-05,-0.0003481705856809292,0.00032606879619639885,-62.40453187499963,-8.652824679467042e-05,826,12.5,0.0,0.5,19,19,0.47368421052631576,1.9545286063792922,37.13604352120655,12.5,0.75,0.6,0.6,0.02,3
296,28,17966,1.2727272727272727,0.0,0.0,"{'bigmove_prob': 14672, 'probability': 1321, 'score_margin': 501, 'tod_profile': 508, 'expected_r': 0, 'risk_budget': 796, 'capacity': 168, 'other': 0}",14672,1321,501,508,0,796,168,0,-3.0195574360236677e-05,-0.00034582199089727705,0.000252640702888886,-80.53263689598577,-9.569815383514424e-05,826,12.5,0.0,0.5,16,16,0.5625,3.2263220879663326,51.62115340746132,12.5,0.75,0.6,0.6,0.02,5
297,24,17972,1.0909090909090908,0.0,0.0,"{'bigmove_prob': 14683, 'probability': 1404, 'score_margin': 522, 'tod_profile': 502, 'expected_r': 0, 'risk_budget': 782, 'capacity': 79, 'other': 0}",14683,1404,522,502,0,782,79,0,-3.0410671343794604e-05,-0.0003482850486272726,0.0002850322722705435,-71.38940754509838,-0.00012191967648836632,819,11.5,0.0,0.5,20,20,0.45,1.431966865452085,28.6393373090417,11.5,0.75,0.6,0.65,0.0,2
298,27,17967,1.2272727272727273,0.0,0.0,"{'bigmove_prob': 15347, 'probability': 1449, 'score_margin': 538, 'tod_profile': 507, 'expected_r': 0, 'risk_budget': 2, 'capacity': 124, 'other': 0}",15347,1449,538,507,0,2,124,0,-3.0400675369857133e-05,-0.0003481705856809292,0.00032606879619639885,-62.40453187499963,-8.652824679467042e-05,826,12.5,0.0,0.5,19,19,0.47368421052631576,1.9545286063792922,37.13604352120655,12.5,0.75,0.6,0.65,0.0,3
299,28,17966,1.2727272727272727,0.0,0.0,"{'bigmove_prob': 14672, 'probability': 1321, 'score_margin': 501, 'tod_profile': 508, 'expected_r': 0, 'risk_budget': 796, 'capacity': 168, 'other': 0}",14672,1321,501,508,0,796,168,0,-3.0195574360236677e-05,-0.00034582199089727705,0.000252640702888886,-80.53263689598577,-9.569815383514424e-05,826,12.5,0.0,0.5,16,16,0.5625,3.2263220879663326,51.62115340746132,12.5,0.75,0.6,0.65,0.0,5
300,24,17972,1.0909090909090908,0.0,0.0,"{'bigmove_prob': 14683, 'probability': 1404, 'score_margin': 522, 'tod_profile': 502, 'expected_r': 0, 'risk_budget': 782, 'capacity': 79, 'other': 0}",14683,1404,522,502,0,782,79,0,-3.0410671343794604e-05,-0.0003482850486272726,0.0002850322722705435,-71.38940754509838,-0.00012191967648836632,819,11.5,0.0,0.5,20,20,0.45,1.431966865452085,28.6393373090417,11.5,0.75,0.6,0.65,0.01,2
301,27,17967,1.2272727272727273,0.0,0.0,"{'bigmove_prob': 15347, 'probability': 1449, 'score_margin': 538, 'tod_profile': 507, 'expected_r': 0, 'risk_budget': 2, 'capacity': 124, 'other': 0}",15347,1449,538,507,0,2,124,0,-3.0400675369857133e-05,-0.0003481705856809292,0.00032606879619639885,-62.40453187499963,-8.652824679467042e-05,826,12.5,0.0,0.5,19,19,0.47368421052631576,1.9545286063792922,37.13604352120655,12.5,0.75,0.6,0.65,0.01,3
302,28,17966,1.2727272727272727,0.0,0.0,"{'bigmove_prob': 14672, 'probability': 1321, 'score_margin': 501, 'tod_profile': 508, 'expected_r': 0, 'risk_budget': 796, 'capacity': 168, 'other': 0}",14672,1321,501,508,0,796,168,0,-3.0195574360236677e-05,-0.00034582199089727705,0.000252640702888886,-80.53263689598577,-9.569815383514424e-05,826,12.5,0.0,0.5,16,16,0.5625,3.2263220879663326,51.62115340746132,12.5,0.75,0.6,0.65,0.01,5
303,24,17972,1.0909090909090908,0.0,0.0,"{'bigmove_prob': 14683, 'probability': 1404, 'score_margin': 522, 'tod_profile': 502, 'expected_r': 0, 'risk_budget': 782, 'capacity': 79, 'other': 0}",14683,1404,522,502,0,782,79,0,-3.0410671343794604e-05,-0.0003482850486272726,0.0002850322722705435,-71.38940754509838,-0.00012191967648836632,819,11.5,0.0,0.5,20,20,0.45,1.431966865452085,28.6393373090417,11.5,0.75,0.6,0.65,0.02,2
304,27,17967,1.2272727272727273,0.0,0.0,"{'bigmove_prob': 15347, 'probability': 1449, 'score_margin': 538, 'tod_profile': 507, 'expected_r': 0, 'risk_budget': 2, 'capacity': 124, 'other': 0}",15347,1449,538,507,0,2,124,0,-3.0400675369857133e-05,-0.0003481705856809292,0.00032606879619639885,-62.40453187499963,-8.652824679467042e-05,826,12.5,0.0,0.5,19,19,0.47368421052631576,1.9545286063792922,37.13604352120655,12.5,0.75,0.6,0.65,0.02,3
305,28,17966,1.2727272727272727,0.0,0.0,"{'bigmove_prob': 14672, 'probability': 1321, 'score_margin': 501, 'tod_profile': 508, 'expected_r': 0, 'risk_budget': 796, 'capacity': 168, 'other': 0}",14672,1321,501,508,0,796,168,0,-3.0195574360236677e-05,-0.00034582199089727705,0.000252640702888886,-80.53263689598577,-9.569815383514424e-05,826,12.5,0.0,0.5,16,16,0.5625,3.2263220879663326,51.62115340746132,12.5,0.75,0.6,0.65,0.02,5
306,24,17972,1.0909090909090908,0.0,0.0,"{'bigmove_prob': 14683, 'probability': 1404, 'score_margin': 522, 'tod_profile': 502, 'expected_r': 0, 'risk_budget': 782, 'capacity': 79, 'other': 0}",14683,1404,522,502,0,782,79,0,-3.0410671343794604e-05,-0.0003482850486272726,0.0002850322722705435,-71.38940754509838,-0.00012191967648836632,819,11.5,0.0,0.5,20,20,0.45,1.431966865452085,28.6393373090417,11.5,0.75,0.6,0.7,0.0,2
307,27,17967,1.2272727272727273,0.0,0.0,"{'bigmove_prob': 15347, 'probability': 1449, 'score_margin': 538, 'tod_profile': 507, 'expected_r': 0, 'risk_budget': 2, 'capacity': 124, 'other': 0}",15347,1449,538,507,0,2,124,0,-3.0400675369857133e-05,-0.0003481705856809292,0.00032606879619639885,-62.40453187499963,-8.652824679467042e-05,826,12.5,0.0,0.5,19,19,0.47368421052631576,1.9545286063792922,37.13604352120655,12.5,0.75,0.6,0.7,0.0,3
308,28,17966,1.2727272727272727,0.0,0.0,"{'bigmove_prob': 14672, 'probability': 1321, 'score_margin': 501, 'tod_profile': 508, 'expected_r': 0, 'risk_budget': 796, 'capacity': 168, 'other': 0}",14672,1321,501,508,0,796,168,0,-3.0195574360236677e-05,-0.00034582199089727705,0.000252640702888886,-80.53263689598577,-9.569815383514424e-05,826,12.5,0.0,0.5,16,16,0.5625,3.2263220879663326,51.62115340746132,12.5,0.75,0.6,0.7,0.0,5
309,24,17972,1.0909090909090908,0.0,0.0,"{'bigmove_prob': 14683, 'probability': 1404, 'score_margin': 522, 'tod_profile': 502, 'expected_r': 0, 'risk_budget': 782, 'capacity': 79, 'other': 0}",14683,1404,522,502,0,782,79,0,-3.0410671343794604e-05,-0.0003482850486272726,0.0002850322722705435,-71.38940754509838,-0.00012191967648836632,819,11.5,0.0,0.5,20,20,0.45,1.431966865452085,28.6393373090417,11.5,0.75,0.6,0.7,0.01,2
310,27,17967,1.2272727272727273,0.0,0.0,"{'bigmove_prob': 15347, 'probability': 1449, 'score_margin': 538, 'tod_profile': 507, 'expected_r': 0, 'risk_budget': 2, 'capacity': 124, 'other': 0}",15347,1449,538,507,0,2,124,0,-3.0400675369857133e-05,-0.0003481705856809292,0.00032606879619639885,-62.40453187499963,-8.652824679467042e-05,826,12.5,0.0,0.5,19,19,0.47368421052631576,1.9545286063792922,37.13604352120655,12.5,0.75,0.6,0.7,0.01,3
311,28,17966,1.2727272727272727,0.0,0.0,"{'bigmove_prob': 14672, 'probability': 1321, 'score_margin': 501, 'tod_profile': 508, 'expected_r': 0, 'risk_budget': 796, 'capacity': 168, 'other': 0}",14672,1321,501,508,0,796,168,0,-3.0195574360236677e-05,-0.00034582199089727705,0.000252640702888886,-80.53263689598577,-9.569815383514424e-05,826,12.5,0.0,0.5,16,16,0.5625,3.2263220879663326,51.62115340746132,12.5,0.75,0.6,0.7,0.01,5
312,24,17972,1.0909090909090908,0.0,0.0,"{'bigmove_prob': 14683, 'probability': 1404, 'score_margin': 522, 'tod_profile': 502, 'expected_r': 0, 'risk_budget': 782, 'capacity': 79, 'other': 0}",14683,1404,522,502,0,782,79,0,-3.0410671343794604e-05,-0.0003482850486272726,0.0002850322722705435,-71.38940754509838,-0.00012191967648836632,819,11.5,0.0,0.5,20,20,0.45,1.431966865452085,28.6393373090417,11.5,0.75,0.6,0.7,0.02,2
313,27,17967,1.2272727272727273,0.0,0.0,"{'bigmove_prob': 15347, 'probability': 1449, 'score_margin': 538, 'tod_profile': 507, 'expected_r': 0, 'risk_budget': 2, 'capacity': 124, 'other': 0}",15347,1449,538,507,0,2,124,0,-3.0400675369857133e-05,-0.0003481705856809292,0.00032606879619639885,-62.40453187499963,-8.652824679467042e-05,826,12.5,0.0,0.5,19,19,0.47368421052631576,1.9545286063792922,37.13604352120655,12.5,0.75,0.6,0.7,0.02,3
314,28,17966,1.2727272727272727,0.0,0.0,"{'bigmove_prob': 14672, 'probability': 1321, 'score_margin': 501, 'tod_profile': 508, 'expected_r': 0, 'risk_budget': 796, 'capacity': 168, 'other': 0}",14672,1321,501,508,0,796,168,0,-3.0195574360236677e-05,-0.00034582199089727705,0.000252640702888886,-80.53263689598577,-9.569815383514424e-05,826,12.5,0.0,0.5,16,16,0.5625,3.2263220879663326,51.62115340746132,12.5,0.75,0.6,0.7,0.02,5
315,24,17972,1.0909090909090908,0.0,0.0,"{'bigmove_prob': 14683, 'probability': 1404, 'score_margin': 522, 'tod_profile': 502, 'expected_r': 0, 'risk_budget': 782, 'capacity': 79, 'other': 0}",14683,1404,522,502,0,782,79,0,-3.0410671343794604e-05,-0.0003482850486272726,0.0002850322722705435,-71.38940754509838,-0.00012191967648836632,819,11.5,0.0,0.5,20,20,0.45,1.431966865452085,28.6393373090417,11.5,0.75,0.6,0.75,0.0,2
316,27,17967,1.2272727272727273,0.0,0.0,"{'bigmove_prob': 15347, 'probability': 1449, 'score_margin': 538, 'tod_profile': 507, 'expected_r': 0, 'risk_budget': 2, 'capacity': 124, 'other': 0}",15347,1449,538,507,0,2,124,0,-3.0400675369857133e-05,-0.0003481705856809292,0.00032606879619639885,-62.40453187499963,-8.652824679467042e-05,826,12.5,0.0,0.5,19,19,0.47368421052631576,1.9545286063792922,37.13604352120655,12.5,0.75,0.6,0.75,0.0,3
317,28,17966,1.2727272727272727,0.0,0.0,"{'bigmove_prob': 14672, 'probability': 1321, 'score_margin': 501, 'tod_profile': 508, 'expected_r': 0, 'risk_budget': 796, 'capacity': 168, 'other': 0}",14672,1321,501,508,0,796,168,0,-3.0195574360236677e-05,-0.00034582199089727705,0.000252640702888886,-80.53263689598577,-9.569815383514424e-05,826,12.5,0.0,0.5,16,16,0.5625,3.2263220879663326,51.62115340746132,12.5,0.75,0.6,0.75,0.0,5
318,24,17972,1.0909090909090908,0.0,0.0,"{'bigmove_prob': 14683, 'probability': 1404, 'score_margin': 522, 'tod_profile': 502, 'expected_r': 0, 'risk_budget': 782, 'capacity': 79, 'other': 0}",14683,1404,522,502,0,782,79,0,-3.0410671343794604e-05,-0.0003482850486272726,0.0002850322722705435,-71.38940754509838,-0.00012191967648836632,819,11.5,0.0,0.5,20,20,0.45,1.431966865452085,28.6393373090417,11.5,0.75,0.6,0.75,0.01,2
319,27,17967,1.2272727272727273,0.0,0.0,"{'bigmove_prob': 15347, 'probability': 1449, 'score_margin': 538, 'tod_profile': 507, 'expected_r': 0, 'risk_budget': 2, 'capacity': 124, 'other': 0}",15347,1449,538,507,0,2,124,0,-3.0400675369857133e-05,-0.0003481705856809292,0.00032606879619639885,-62.40453187499963,-8.652824679467042e-05,826,12.5,0.0,0.5,19,19,0.47368421052631576,1.9545286063792922,37.13604352120655,12.5,0.75,0.6,0.75,0.01,3
320,28,17966,1.2727272727272727,0.0,0.0,"{'bigmove_prob': 14672, 'probability': 1321, 'score_margin': 501, 'tod_profile': 508, 'expected_r': 0, 'risk_budget': 796, 'capacity': 168, 'other': 0}",14672,1321,501,508,0,796,168,0,-3.0195574360236677e-05,-0.00034582199089727705,0.000252640702888886,-80.53263689598577,-9.569815383514424e-05,826,12.5,0.0,0.5,16,16,0.5625,3.2263220879663326,51.62115340746132,12.5,0.75,0.6,0.75,0.01,5
321,24,17972,1.0909090909090908,0.0,0.0,"{'bigmove_prob': 14683, 'probability': 1404, 'score_margin': 522, 'tod_profile': 502, 'expected_r': 0, 'risk_budget': 782, 'capacity': 79, 'other': 0}",14683,1404,522,502,0,782,79,0,-3.0410671343794604e-05,-0.0003482850486272726,0.0002850322722705435,-71.38940754509838,-0.00012191967648836632,819,11.5,0.0,0.5,20,20,0.45,1.431966865452085,28.6393373090417,11.5,0.75,0.6,0.75,0.02,2
322,27,17967,1.2272727272727273,0.0,0.0,"{'bigmove_prob': 15347, 'probability': 1449, 'score_margin': 538, 'tod_profile': 507, 'expected_r': 0, 'risk_budget': 2, 'capacity': 124, 'other': 0}",15347,1449,538,507,0,2,124,0,-3.0400675369857133e-05,-0.0003481705856809292,0.00032606879619639885,-62.40453187499963,-8.652824679467042e-05,826,12.5,0.0,0.5,19,19,0.47368421052631576,1.9545286063792922,37.13604352120655,12.5,0.75,0.6,0.75,0.02,3
323,28,17966,1.2727272727272727,0.0,0.0,"{'bigmove_prob': 14672, 'probability': 1321, 'score_margin': 501, 'tod_profile': 508, 'expected_r': 0, 'risk_budget': 796, 'capacity': 168, 'other': 0}",14672,1321,501,508,0,796,168,0,-3.0195574360236677e-05,-0.00034582199089727705,0.000252640702888886,-80.53263689598577,-9.569815383514424e-05,826,12.5,0.0,0.5,16,16,0.5625,3.2263220879663326,51.62115340746132,12.5,0.75,0.6,0.75,0.02,5
324,24,17972,1.0909090909090908,0.0,0.0,"{'bigmove_prob': 14683, 'probability': 1404, 'score_margin': 522, 'tod_profile': 502, 'expected_r': 0, 'risk_budget': 782, 'capacity': 79, 'other': 0}",14683,1404,522,502,0,782,79,0,-3.0410671343794604e-05,-0.0003482850486272726,0.0002850322722705435,-71.38940754509838,-0.00012191967648836632,819,11.5,0.0,0.5,20,20,0.45,1.431966865452085,28.6393373090417,11.5,0.75,0.65,0.6,0.0,2
325,27,17967,1.2272727272727273,0.0,0.0,"{'bigmove_prob': 15347, 'probability': 1449, 'score_margin': 538, 'tod_profile': 507, 'expected_r': 0, 'risk_budget': 2, 'capacity': 124, 'other': 0}",15347,1449,538,507,0,2,124,0,-3.0400675369857133e-05,-0.0003481705856809292,0.00032606879619639885,-62.40453187499963,-8.652824679467042e-05,826,12.5,0.0,0.5,19,19,0.47368421052631576,1.9545286063792922,37.13604352120655,12.5,0.75,0.65,0.6,0.0,3
326,28,17966,1.2727272727272727,0.0,0.0,"{'bigmove_prob': 14672, 'probability': 1321, 'score_margin': 501, 'tod_profile': 508, 'expected_r': 0, 'risk_budget': 796, 'capacity': 168, 'other': 0}",14672,1321,501,508,0,796,168,0,-3.0195574360236677e-05,-0.00034582199089727705,0.000252640702888886,-80.53263689598577,-9.569815383514424e-05,826,12.5,0.0,0.5,16,16,0.5625,3.2263220879663326,51.62115340746132,12.5,0.75,0.65,0.6,0.0,5
327,24,17972,1.0909090909090908,0.0,0.0,"{'bigmove_prob': 14683, 'probability': 1404, 'score_margin': 522, 'tod_profile': 502, 'expected_r': 0, 'risk_budget': 782, 'capacity': 79, 'other': 0}",14683,1404,522,502,0,782,79,0,-3.0410671343794604e-05,-0.0003482850486272726,0.0002850322722705435,-71.38940754509838,-0.00012191967648836632,819,11.5,0.0,0.5,20,20,0.45,1.431966865452085,28.6393373090417,11.5,0.75,0.65,0.6,0.01,2
328,27,17967,1.2272727272727273,0.0,0.0,"{'bigmove_prob': 15347, 'probability': 1449, 'score_margin': 538, 'tod_profile': 507, 'expected_r': 0, 'risk_budget': 2, 'capacity': 124, 'other': 0}",15347,1449,538,507,0,2,124,0,-3.0400675369857133e-05,-0.0003481705856809292,0.00032606879619639885,-62.40453187499963,-8.652824679467042e-05,826,12.5,0.0,0.5,19,19,0.47368421052631576,1.9545286063792922,37.13604352120655,12.5,0.75,0.65,0.6,0.01,3
329,28,17966,1.2727272727272727,0.0,0.0,"{'bigmove_prob': 14672, 'probability': 1321, 'score_margin': 501, 'tod_profile': 508, 'expected_r': 0, 'risk_budget': 796, 'capacity': 168, 'other': 0}",14672,1321,501,508,0,796,168,0,-3.0195574360236677e-05,-0.00034582199089727705,0.000252640702888886,-80.53263689598577,-9.569815383514424e-05,826,12.5,0.0,0.5,16,16,0.5625,3.2263220879663326,51.62115340746132,12.5,0.75,0.65,0.6,0.01,5
330,24,17972,1.0909090909090908,0.0,0.0,"{'bigmove_prob': 14683, 'probability': 1404, 'score_margin': 522, 'tod_profile': 502, 'expected_r': 0, 'risk_budget': 782, 'capacity': 79, 'other': 0}",14683,1404,522,502,0,782,79,0,-3.0410671343794604e-05,-0.0003482850486272726,0.0002850322722705435,-71.38940754509838,-0.00012191967648836632,819,11.5,0.0,0.5,20,20,0.45,1.431966865452085,28.6393373090417,11.5,0.75,0.65,0.6,0.02,2
331,27,17967,1.2272727272727273,0.0,0.0,"{'bigmove_prob': 15347, 'probability': 1449, 'score_margin': 538, 'tod_profile': 507, 'expected_r': 0, 'risk_budget': 2, 'capacity': 124, 'other': 0}",15347,1449,538,507,0,2,124,0,-3.0400675369857133e-05,-0.0003481705856809292,0.00032606879619639885,-62.40453187499963,-8.652824679467042e-05,826,12.5,0.0,0.5,19,19,0.47368421052631576,1.9545286063792922,37.13604352120655,12.5,0.75,0.65,0.6,0.02,3
332,28,17966,1.2727272727272727,0.0,0.0,"{'bigmove_prob': 14672, 'probability': 1321, 'score_margin': 501, 'tod_profile': 508, 'expected_r': 0, 'risk_budget': 796, 'capacity': 168, 'other': 0}",14672,1321,501,508,0,796,168,0,-3.0195574360236677e-05,-0.00034582199089727705,0.000252640702888886,-80.53263689598577,-9.569815383514424e-05,826,12.5,0.0,0.5,16,16,0.5625,3.2263220879663326,51.62115340746132,12.5,0.75,0.65,0.6,0.02,5
333,24,17972,1.0909090909090908,0.0,0.0,"{'bigmove_prob': 14683, 'probability': 1404, 'score_margin': 522, 'tod_profile': 502, 'expected_r': 0, 'risk_budget': 782, 'capacity': 79, 'other': 0}",14683,1404,522,502,0,782,79,0,-3.0410671343794604e-05,-0.0003482850486272726,0.0002850322722705435,-71.38940754509838,-0.00012191967648836632,819,11.5,0.0,0.5,20,20,0.45,1.431966865452085,28.6393373090417,11.5,0.75,0.65,0.65,0.0,2
334,27,17967,1.2272727272727273,0.0,0.0,"{'bigmove_prob': 15347, 'probability': 1449, 'score_margin': 538, 'tod_profile': 507, 'expected_r': 0, 'risk_budget': 2, 'capacity': 124, 'other': 0}",15347,1449,538,507,0,2,124,0,-3.0400675369857133e-05,-0.0003481705856809292,0.00032606879619639885,-62.40453187499963,-8.652824679467042e-05,826,12.5,0.0,0.5,19,19,0.47368421052631576,1.9545286063792922,37.13604352120655,12.5,0.75,0.65,0.65,0.0,3
335,28,17966,1.2727272727272727,0.0,0.0,"{'bigmove_prob': 14672, 'probability': 1321, 'score_margin': 501, 'tod_profile': 508, 'expected_r': 0, 'risk_budget': 796, 'capacity': 168, 'other': 0}",14672,1321,501,508,0,796,168,0,-3.0195574360236677e-05,-0.00034582199089727705,0.000252640702888886,-80.53263689598577,-9.569815383514424e-05,826,12.5,0.0,0.5,16,16,0.5625,3.2263220879663326,51.62115340746132,12.5,0.75,0.65,0.65,0.0,5
336,24,17972,1.0909090909090908,0.0,0.0,"{'bigmove_prob': 14683, 'probability': 1404, 'score_margin': 522, 'tod_profile': 502, 'expected_r': 0, 'risk_budget': 782, 'capacity': 79, 'other': 0}",14683,1404,522,502,0,782,79,0,-3.0410671343794604e-05,-0.0003482850486272726,0.0002850322722705435,-71.38940754509838,-0.00012191967648836632,819,11.5,0.0,0.5,20,20,0.45,1.431966865452085,28.6393373090417,11.5,0.75,0.65,0.65,0.01,2
337,27,17967,1.2272727272727273,0.0,0.0,"{'bigmove_prob': 15347, 'probability': 1449, 'score_margin': 538, 'tod_profile': 507, 'expected_r': 0, 'risk_budget': 2, 'capacity': 124, 'other': 0}",15347,1449,538,507,0,2,124,0,-3.0400675369857133e-05,-0.0003481705856809292,0.00032606879619639885,-62.40453187499963,-8.652824679467042e-05,826,12.5,0.0,0.5,19,19,0.47368421052631576,1.9545286063792922,37.13604352120655,12.5,0.75,0.65,0.65,0.01,3
338,28,17966,1.2727272727272727,0.0,0.0,"{'bigmove_prob': 14672, 'probability': 1321, 'score_margin': 501, 'tod_profile': 508, 'expected_r': 0, 'risk_budget': 796, 'capacity': 168, 'other': 0}",14672,1321,501,508,0,796,168,0,-3.0195574360236677e-05,-0.00034582199089727705,0.000252640702888886,-80.53263689598577,-9.569815383514424e-05,826,12.5,0.0,0.5,16,16,0.5625,3.2263220879663326,51.62115340746132,12.5,0.75,0.65,0.65,0.01,5
339,24,17972,1.0909090909090908,0.0,0.0,"{'bigmove_prob': 14683, 'probability': 1404, 'score_margin': 522, 'tod_profile': 502, 'expected_r': 0, 'risk_budget': 782, 'capacity': 79, 'other': 0}",14683,1404,522,502,0,782,79,0,-3.0410671343794604e-05,-0.0003482850486272726,0.0002850322722705435,-71.38940754509838,-0.00012191967648836632,819,11.5,0.0,0.5,20,20,0.45,1.431966865452085,28.6393373090417,11.5,0.75,0.65,0.65,0.02,2
340,27,17967,1.2272727272727273,0.0,0.0,"{'bigmove_prob': 15347, 'probability': 1449, 'score_margin': 538, 'tod_profile': 507, 'expected_r': 0, 'risk_budget': 2, 'capacity': 124, 'other': 0}",15347,1449,538,507,0,2,124,0,-3.0400675369857133e-05,-0.0003481705856809292,0.00032606879619639885,-62.40453187499963,-8.652824679467042e-05,826,12.5,0.0,0.5,19,19,0.47368421052631576,1.9545286063792922,37.13604352120655,12.5,0.75,0.65,0.65,0.02,3
341,28,17966,1.2727272727272727,0.0,0.0,"{'bigmove_prob': 14672, 'probability': 1321, 'score_margin': 501, 'tod_profile': 508, 'expected_r': 0, 'risk_budget': 796, 'capacity': 168, 'other': 0}",14672,1321,501,508,0,796,168,0,-3.0195574360236677e-05,-0.00034582199089727705,0.000252640702888886,-80.53263689598577,-9.569815383514424e-05,826,12.5,0.0,0.5,16,16,0.5625,3.2263220879663326,51.62115340746132,12.5,0.75,0.65,0.65,0.02,5
342,24,17972,1.0909090909090908,0.0,0.0,"{'bigmove_prob': 14683, 'probability': 1404, 'score_margin': 522, 'tod_profile': 502, 'expected_r': 0, 'risk_budget': 782, 'capacity': 79, 'other': 0}",14683,1404,522,502,0,782,79,0,-3.0410671343794604e-05,-0.0003482850486272726,0.0002850322722705435,-71.38940754509838,-0.00012191967648836632,819,11.5,0.0,0.5,20,20,0.45,1.431966865452085,28.6393373090417,11.5,0.75,0.65,0.7,0.0,2
343,27,17967,1.2272727272727273,0.0,0.0,"{'bigmove_prob': 15347, 'probability': 1449, 'score_margin': 538, 'tod_profile': 507, 'expected_r': 0, 'risk_budget': 2, 'capacity': 124, 'other': 0}",15347,1449,538,507,0,2,124,0,-3.0400675369857133e-05,-0.0003481705856809292,0.00032606879619639885,-62.40453187499963,-8.652824679467042e-05,826,12.5,0.0,0.5,19,19,0.47368421052631576,1.9545286063792922,37.13604352120655,12.5,0.75,0.65,0.7,0.0,3
344,28,17966,1.2727272727272727,0.0,0.0,"{'bigmove_prob': 14672, 'probability': 1321, 'score_margin': 501, 'tod_profile': 508, 'expected_r': 0, 'risk_budget': 796, 'capacity': 168, 'other': 0}",14672,1321,501,508,0,796,168,0,-3.0195574360236677e-05,-0.00034582199089727705,0.000252640702888886,-80.53263689598577,-9.569815383514424e-05,826,12.5,0.0,0.5,16,16,0.5625,3.2263220879663326,51.62115340746132,12.5,0.75,0.65,0.7,0.0,5
345,24,17972,1.0909090909090908,0.0,0.0,"{'bigmove_prob': 14683, 'probability': 1404, 'score_margin': 522, 'tod_profile': 502, 'expected_r': 0, 'risk_budget': 782, 'capacity': 79, 'other': 0}",14683,1404,522,502,0,782,79,0,-3.0410671343794604e-05,-0.0003482850486272726,0.0002850322722705435,-71.38940754509838,-0.00012191967648836632,819,11.5,0.0,0.5,20,20,0.45,1.431966865452085,28.6393373090417,11.5,0.75,0.65,0.7,0.01,2
346,27,17967,1.2272727272727273,0.0,0.0,"{'bigmove_prob': 15347, 'probability': 1449, 'score_margin': 538, 'tod_profile': 507, 'expected_r': 0, 'risk_budget': 2, 'capacity': 124, 'other': 0}",15347,1449,538,507,0,2,124,0,-3.0400675369857133e-05,-0.0003481705856809292,0.00032606879619639885,-62.40453187499963,-8.652824679467042e-05,826,12.5,0.0,0.5,19,19,0.47368421052631576,1.9545286063792922,37.13604352120655,12.5,0.75,0.65,0.7,0.01,3
347,28,17966,1.2727272727272727,0.0,0.0,"{'bigmove_prob': 14672, 'probability': 1321, 'score_margin': 501, 'tod_profile': 508, 'expected_r': 0, 'risk_budget': 796, 'capacity': 168, 'other': 0}",14672,1321,501,508,0,796,168,0,-3.0195574360236677e-05,-0.00034582199089727705,0.000252640702888886,-80.53263689598577,-9.569815383514424e-05,826,12.5,0.0,0.5,16,16,0.5625,3.2263220879663326,51.62115340746132,12.5,0.75,0.65,0.7,0.01,5
348,24,17972,1.0909090909090908,0.0,0.0,"{'bigmove_prob': 14683, 'probability': 1404, 'score_margin': 522, 'tod_profile': 502, 'expected_r': 0, 'risk_budget': 782, 'capacity': 79, 'other': 0}",14683,1404,522,502,0,782,79,0,-3.0410671343794604e-05,-0.0003482850486272726,0.0002850322722705435,-71.38940754509838,-0.00012191967648836632,819,11.5,0.0,0.5,20,20,0.45,1.431966865452085,28.6393373090417,11.5,0.75,0.65,0.7,0.02,2
349,27,17967,1.2272727272727273,0.0,0.0,"{'bigmove_prob': 15347, 'probability': 1449, 'score_margin': 538, 'tod_profile': 507, 'expected_r': 0, 'risk_budget': 2, 'capacity': 124, 'other': 0}",15347,1449,538,507,0,2,124,0,-3.0400675369857133e-05,-0.0003481705856809292,0.00032606879619639885,-62.40453187499963,-8.652824679467042e-05,826,12.5,0.0,0.5,19,19,0.47368421052631576,1.9545286063792922,37.13604352120655,12.5,0.75,0.65,0.7,0.02,3
350,28,17966,1.2727272727272727,0.0,0.0,"{'bigmove_prob': 14672, 'probability': 1321, 'score_margin': 501, 'tod_profile': 508, 'expected_r': 0, 'risk_budget': 796, 'capacity': 168, 'other': 0}",14672,1321,501,508,0,796,168,0,-3.0195574360236677e-05,-0.00034582199089727705,0.000252640702888886,-80.53263689598577,-9.569815383514424e-05,826,12.5,0.0,0.5,16,16,0.5625,3.2263220879663326,51.62115340746132,12.5,0.75,0.65,0.7,0.02,5
351,24,17972,1.0909090909090908,0.0,0.0,"{'bigmove_prob': 14683, 'probability': 1404, 'score_margin': 522, 'tod_profile': 502, 'expected_r': 0, 'risk_budget': 782, 'capacity': 79, 'other': 0}",14683,1404,522,502,0,782,79,0,-3.0410671343794604e-05,-0.0003482850486272726,0.0002850322722705435,-71.38940754509838,-0.00012191967648836632,819,11.5,0.0,0.5,20,20,0.45,1.431966865452085,28.6393373090417,11.5,0.75,0.65,0.75,0.0,2
352,27,17967,1.2272727272727273,0.0,0.0,"{'bigmove_prob': 15347, 'probability': 1449, 'score_margin': 538, 'tod_profile': 507, 'expected_r': 0, 'risk_budget': 2, 'capacity': 124, 'other': 0}",15347,1449,538,507,0,2,124,0,-3.0400675369857133e-05,-0.0003481705856809292,0.00032606879619639885,-62.40453187499963,-8.652824679467042e-05,826,12.5,0.0,0.5,19,19,0.47368421052631576,1.9545286063792922,37.13604352120655,12.5,0.75,0.65,0.75,0.0,3
353,28,17966,1.2727272727272727,0.0,0.0,"{'bigmove_prob': 14672, 'probability': 1321, 'score_margin': 501, 'tod_profile': 508, 'expected_r': 0, 'risk_budget': 796, 'capacity': 168, 'other': 0}",14672,1321,501,508,0,796,168,0,-3.0195574360236677e-05,-0.00034582199089727705,0.000252640702888886,-80.53263689598577,-9.569815383514424e-05,826,12.5,0.0,0.5,16,16,0.5625,3.2263220879663326,51.62115340746132,12.5,0.75,0.65,0.75,0.0,5
354,24,17972,1.0909090909090908,0.0,0.0,"{'bigmove_prob': 14683, 'probability': 1404, 'score_margin': 522, 'tod_profile': 502, 'expected_r': 0, 'risk_budget': 782, 'capacity': 79, 'other': 0}",14683,1404,522,502,0,782,79,0,-3.0410671343794604e-05,-0.0003482850486272726,0.0002850322722705435,-71.38940754509838,-0.00012191967648836632,819,11.5,0.0,0.5,20,20,0.45,1.431966865452085,28.6393373090417,11.5,0.75,0.65,0.75,0.01,2
355,27,17967,1.2272727272727273,0.0,0.0,"{'bigmove_prob': 15347, 'probability': 1449, 'score_margin': 538, 'tod_profile': 507, 'expected_r': 0, 'risk_budget': 2, 'capacity': 124, 'other': 0}",15347,1449,538,507,0,2,124,0,-3.0400675369857133e-05,-0.0003481705856809292,0.00032606879619639885,-62.40453187499963,-8.652824679467042e-05,826,12.5,0.0,0.5,19,19,0.47368421052631576,1.9545286063792922,37.13604352120655,12.5,0.75,0.65,0.75,0.01,3
356,28,17966,1.2727272727272727,0.0,0.0,"{'bigmove_prob': 14672, 'probability': 1321, 'score_margin': 501, 'tod_profile': 508, 'expected_r': 0, 'risk_budget': 796, 'capacity': 168, 'other': 0}",14672,1321,501,508,0,796,168,0,-3.0195574360236677e-05,-0.00034582199089727705,0.000252640702888886,-80.53263689598577,-9.569815383514424e-05,826,12.5,0.0,0.5,16,16,0.5625,3.2263220879663326,51.62115340746132,12.5,0.75,0.65,0.75,0.01,5
357,24,17972,1.0909090909090908,0.0,0.0,"{'bigmove_prob': 14683, 'probability': 1404, 'score_margin': 522, 'tod_profile': 502, 'expected_r': 0, 'risk_budget': 782, 'capacity': 79, 'other': 0}",14683,1404,522,502,0,782,79,0,-3.0410671343794604e-05,-0.0003482850486272726,0.0002850322722705435,-71.38940754509838,-0.00012191967648836632,819,11.5,0.0,0.5,20,20,0.45,1.431966865452085,28.6393373090417,11.5,0.75,0.65,0.75,0.02,2
358,27,17967,1.2272727272727273,0.0,0.0,"{'bigmove_prob': 15347, 'probability': 1449, 'score_margin': 538, 'tod_profile': 507, 'expected_r': 0, 'risk_budget': 2, 'capacity': 124, 'other': 0}",15347,1449,538,507,0,2,124,0,-3.0400675369857133e-05,-0.0003481705856809292,0.00032606879619639885,-62.40453187499963,-8.652824679467042e-05,826,12.5,0.0,0.5,19,19,0.47368421052631576,1.9545286063792922,37.13604352120655,12.5,0.75,0.65,0.75,0.02,3
359,28,17966,1.2727272727272727,0.0,0.0,"{'bigmove_prob': 14672, 'probability': 1321, 'score_margin': 501, 'tod_profile': 508, 'expected_r': 0, 'risk_budget': 796, 'capacity': 168, 'other': 0}",14672,1321,501,508,0,796,168,0,-3.0195574360236677e-05,-0.00034582199089727705,0.000252640702888886,-80.53263689598577,-9.569815383514424e-05,826,12.5,0.0,0.5,16,16,0.5625,3.2263220879663326,51.62115340746132,12.5,0.75,0.65,0.75,0.02,5
360,24,17972,1.0909090909090908,0.0,0.0,"{'bigmove_prob': 14683, 'probability': 1404, 'score_margin': 522, 'tod_profile': 502, 'expected_r': 0, 'risk_budget': 782, 'capacity': 79, 'other': 0}",14683,1404,522,502,0,782,79,0,-3.0410671343794604e-05,-0.0003482850486272726,0.0002850322722705435,-71.38940754509838,-0.00012191967648836632,819,11.5,0.0,0.5,20,20,0.45,1.431966865452085,28.6393373090417,11.5,0.75,0.7,0.6,0.0,2
361,27,17967,1.2272727272727273,0.0,0.0,"{'bigmove_prob': 15347, 'probability': 1449, 'score_margin': 538, 'tod_profile': 507, 'expected_r': 0, 'risk_budget': 2, 'capacity': 124, 'other': 0}",15347,1449,538,507,0,2,124,0,-3.0400675369857133e-05,-0.0003481705856809292,0.00032606879619639885,-62.40453187499963,-8.652824679467042e-05,826,12.5,0.0,0.5,19,19,0.47368421052631576,1.9545286063792922,37.13604352120655,12.5,0.75,0.7,0.6,0.0,3
362,28,17966,1.2727272727272727,0.0,0.0,"{'bigmove_prob': 14672, 'probability': 1321, 'score_margin': 501, 'tod_profile': 508, 'expected_r': 0, 'risk_budget': 796, 'capacity': 168, 'other': 0}",14672,1321,501,508,0,796,168,0,-3.0195574360236677e-05,-0.00034582199089727705,0.000252640702888886,-80.53263689598577,-9.569815383514424e-05,826,12.5,0.0,0.5,16,16,0.5625,3.2263220879663326,51.62115340746132,12.5,0.75,0.7,0.6,0.0,5
363,24,17972,1.0909090909090908,0.0,0.0,"{'bigmove_prob': 14683, 'probability': 1404, 'score_margin': 522, 'tod_profile': 502, 'expected_r': 0, 'risk_budget': 782, 'capacity': 79, 'other': 0}",14683,1404,522,502,0,782,79,0,-3.0410671343794604e-05,-0.0003482850486272726,0.0002850322722705435,-71.38940754509838,-0.00012191967648836632,819,11.5,0.0,0.5,20,20,0.45,1.431966865452085,28.6393373090417,11.5,0.75,0.7,0.6,0.01,2
364,27,17967,1.2272727272727273,0.0,0.0,"{'bigmove_prob': 15347, 'probability': 1449, 'score_margin': 538, 'tod_profile': 507, 'expected_r': 0, 'risk_budget': 2, 'capacity': 124, 'other': 0}",15347,1449,538,507,0,2,124,0,-3.0400675369857133e-05,-0.0003481705856809292,0.00032606879619639885,-62.40453187499963,-8.652824679467042e-05,826,12.5,0.0,0.5,19,19,0.47368421052631576,1.9545286063792922,37.13604352120655,12.5,0.75,0.7,0.6,0.01,3
365,28,17966,1.2727272727272727,0.0,0.0,"{'bigmove_prob': 14672, 'probability': 1321, 'score_margin': 501, 'tod_profile': 508, 'expected_r': 0, 'risk_budget': 796, 'capacity': 168, 'other': 0}",14672,1321,501,508,0,796,168,0,-3.0195574360236677e-05,-0.00034582199089727705,0.000252640702888886,-80.53263689598577,-9.569815383514424e-05,826,12.5,0.0,0.5,16,16,0.5625,3.2263220879663326,51.62115340746132,12.5,0.75,0.7,0.6,0.01,5
366,24,17972,1.0909090909090908,0.0,0.0,"{'bigmove_prob': 14683, 'probability': 1404, 'score_margin': 522, 'tod_profile': 502, 'expected_r': 0, 'risk_budget': 782, 'capacity': 79, 'other': 0}",14683,1404,522,502,0,782,79,0,-3.0410671343794604e-05,-0.0003482850486272726,0.0002850322722705435,-71.38940754509838,-0.00012191967648836632,819,11.5,0.0,0.5,20,20,0.45,1.431966865452085,28.6393373090417,11.5,0.75,0.7,0.6,0.02,2
367,27,17967,1.2272727272727273,0.0,0.0,"{'bigmove_prob': 15347, 'probability': 1449, 'score_margin': 538, 'tod_profile': 507, 'expected_r': 0, 'risk_budget': 2, 'capacity': 124, 'other': 0}",15347,1449,538,507,0,2,124,0,-3.0400675369857133e-05,-0.0003481705856809292,0.00032606879619639885,-62.40453187499963,-8.652824679467042e-05,826,12.5,0.0,0.5,19,19,0.47368421052631576,1.9545286063792922,37.13604352120655,12.5,0.75,0.7,0.6,0.02,3
368,28,17966,1.2727272727272727,0.0,0.0,"{'bigmove_prob': 14672, 'probability': 1321, 'score_margin': 501, 'tod_profile': 508, 'expected_r': 0, 'risk_budget': 796, 'capacity': 168, 'other': 0}",14672,1321,501,508,0,796,168,0,-3.0195574360236677e-05,-0.00034582199089727705,0.000252640702888886,-80.53263689598577,-9.569815383514424e-05,826,12.5,0.0,0.5,16,16,0.5625,3.2263220879663326,51.62115340746132,12.5,0.75,0.7,0.6,0.02,5
369,24,17972,1.0909090909090908,0.0,0.0,"{'bigmove_prob': 14683, 'probability': 1404, 'score_margin': 522, 'tod_profile': 502, 'expected_r': 0, 'risk_budget': 782, 'capacity': 79, 'other': 0}",14683,1404,522,502,0,782,79,0,-3.0410671343794604e-05,-0.0003482850486272726,0.0002850322722705435,-71.38940754509838,-0.00012191967648836632,819,11.5,0.0,0.5,20,20,0.45,1.431966865452085,28.6393373090417,11.5,0.75,0.7,0.65,0.0,2
370,27,17967,1.2272727272727273,0.0,0.0,"{'bigmove_prob': 15347, 'probability': 1449, 'score_margin': 538, 'tod_profile': 507, 'expected_r': 0, 'risk_budget': 2, 'capacity': 124, 'other': 0}",15347,1449,538,507,0,2,124,0,-3.0400675369857133e-05,-0.0003481705856809292,0.00032606879619639885,-62.40453187499963,-8.652824679467042e-05,826,12.5,0.0,0.5,19,19,0.47368421052631576,1.9545286063792922,37.13604352120655,12.5,0.75,0.7,0.65,0.0,3
371,28,17966,1.2727272727272727,0.0,0.0,"{'bigmove_prob': 14672, 'probability': 1321, 'score_margin': 501, 'tod_profile': 508, 'expected_r': 0, 'risk_budget': 796, 'capacity': 168, 'other': 0}",14672,1321,501,508,0,796,168,0,-3.0195574360236677e-05,-0.00034582199089727705,0.000252640702888886,-80.53263689598577,-9.569815383514424e-05,826,12.5,0.0,0.5,16,16,0.5625,3.2263220879663326,51.62115340746132,12.5,0.75,0.7,0.65,0.0,5
372,24,17972,1.0909090909090908,0.0,0.0,"{'bigmove_prob': 14683, 'probability': 1404, 'score_margin': 522, 'tod_profile': 502, 'expected_r': 0, 'risk_budget': 782, 'capacity': 79, 'other': 0}",14683,1404,522,502,0,782,79,0,-3.0410671343794604e-05,-0.0003482850486272726,0.0002850322722705435,-71.38940754509838,-0.00012191967648836632,819,11.5,0.0,0.5,20,20,0.45,1.431966865452085,28.6393373090417,11.5,0.75,0.7,0.65,0.01,2
373,27,17967,1.2272727272727273,0.0,0.0,"{'bigmove_prob': 15347, 'probability': 1449, 'score_margin': 538, 'tod_profile': 507, 'expected_r': 0, 'risk_budget': 2, 'capacity': 124, 'other': 0}",15347,1449,538,507,0,2,124,0,-3.0400675369857133e-05,-0.0003481705856809292,0.00032606879619639885,-62.40453187499963,-8.652824679467042e-05,826,12.5,0.0,0.5,19,19,0.47368421052631576,1.9545286063792922,37.13604352120655,12.5,0.75,0.7,0.65,0.01,3
374,28,17966,1.2727272727272727,0.0,0.0,"{'bigmove_prob': 14672, 'probability': 1321, 'score_margin': 501, 'tod_profile': 508, 'expected_r': 0, 'risk_budget': 796, 'capacity': 168, 'other': 0}",14672,1321,501,508,0,796,168,0,-3.0195574360236677e-05,-0.00034582199089727705,0.000252640702888886,-80.53263689598577,-9.569815383514424e-05,826,12.5,0.0,0.5,16,16,0.5625,3.2263220879663326,51.62115340746132,12.5,0.75,0.7,0.65,0.01,5
375,24,17972,1.0909090909090908,0.0,0.0,"{'bigmove_prob': 14683, 'probability': 1404, 'score_margin': 522, 'tod_profile': 502, 'expected_r': 0, 'risk_budget': 782, 'capacity': 79, 'other': 0}",14683,1404,522,502,0,782,79,0,-3.0410671343794604e-05,-0.0003482850486272726,0.0002850322722705435,-71.38940754509838,-0.00012191967648836632,819,11.5,0.0,0.5,20,20,0.45,1.431966865452085,28.6393373090417,11.5,0.75,0.7,0.65,0.02,2
376,27,17967,1.2272727272727273,0.0,0.0,"{'bigmove_prob': 15347, 'probability': 1449, 'score_margin': 538, 'tod_profile': 507, 'expected_r': 0, 'risk_budget': 2, 'capacity': 124, 'other': 0}",15347,1449,538,507,0,2,124,0,-3.0400675369857133e-05,-0.0003481705856809292,0.00032606879619639885,-62.40453187499963,-8.652824679467042e-05,826,12.5,0.0,0.5,19,19,0.47368421052631576,1.9545286063792922,37.13604352120655,12.5,0.75,0.7,0.65,0.02,3
377,28,17966,1.2727272727272727,0.0,0.0,"{'bigmove_prob': 14672, 'probability': 1321, 'score_margin': 501, 'tod_profile': 508, 'expected_r': 0, 'risk_budget': 796, 'capacity': 168, 'other': 0}",14672,1321,501,508,0,796,168,0,-3.0195574360236677e-05,-0.00034582199089727705,0.000252640702888886,-80.53263689598577,-9.569815383514424e-05,826,12.5,0.0,0.5,16,16,0.5625,3.2263220879663326,51.62115340746132,12.5,0.75,0.7,0.65,0.02,5
378,24,17972,1.0909090909090908,0.0,0.0,"{'bigmove_prob': 14683, 'probability': 1404, 'score_margin': 522, 'tod_profile': 502, 'expected_r': 0, 'risk_budget': 782, 'capacity': 79, 'other': 0}",14683,1404,522,502,0,782,79,0,-3.0410671343794604e-05,-0.0003482850486272726,0.0002850322722705435,-71.38940754509838,-0.00012191967648836632,819,11.5,0.0,0.5,20,20,0.45,1.431966865452085,28.6393373090417,11.5,0.75,0.7,0.7,0.0,2
379,27,17967,1.2272727272727273,0.0,0.0,"{'bigmove_prob': 15347, 'probability': 1449, 'score_margin': 538, 'tod_profile': 507, 'expected_r': 0, 'risk_budget': 2, 'capacity': 124, 'other': 0}",15347,1449,538,507,0,2,124,0,-3.0400675369857133e-05,-0.0003481705856809292,0.00032606879619639885,-62.40453187499963,-8.652824679467042e-05,826,12.5,0.0,0.5,19,19,0.47368421052631576,1.9545286063792922,37.13604352120655,12.5,0.75,0.7,0.7,0.0,3
380,28,17966,1.2727272727272727,0.0,0.0,"{'bigmove_prob': 14672, 'probability': 1321, 'score_margin': 501, 'tod_profile': 508, 'expected_r': 0, 'risk_budget': 796, 'capacity': 168, 'other': 0}",14672,1321,501,508,0,796,168,0,-3.0195574360236677e-05,-0.00034582199089727705,0.000252640702888886,-80.53263689598577,-9.569815383514424e-05,826,12.5,0.0,0.5,16,16,0.5625,3.2263220879663326,51.62115340746132,12.5,0.75,0.7,0.7,0.0,5
381,24,17972,1.0909090909090908,0.0,0.0,"{'bigmove_prob': 14683, 'probability': 1404, 'score_margin': 522, 'tod_profile': 502, 'expected_r': 0, 'risk_budget': 782, 'capacity': 79, 'other': 0}",14683,1404,522,502,0,782,79,0,-3.0410671343794604e-05,-0.0003482850486272726,0.0002850322722705435,-71.38940754509838,-0.00012191967648836632,819,11.5,0.0,0.5,20,20,0.45,1.431966865452085,28.6393373090417,11.5,0.75,0.7,0.7,0.01,2
382,27,17967,1.2272727272727273,0.0,0.0,"{'bigmove_prob': 15347, 'probability': 1449, 'score_margin': 538, 'tod_profile': 507, 'expected_r': 0, 'risk_budget': 2, 'capacity': 124, 'other': 0}",15347,1449,538,507,0,2,124,0,-3.0400675369857133e-05,-0.0003481705856809292,0.00032606879619639885,-62.40453187499963,-8.652824679467042e-05,826,12.5,0.0,0.5,19,19,0.47368421052631576,1.9545286063792922,37.13604352120655,12.5,0.75,0.7,0.7,0.01,3
383,28,17966,1.2727272727272727,0.0,0.0,"{'bigmove_prob': 14672, 'probability': 1321, 'score_margin': 501, 'tod_profile': 508, 'expected_r': 0, 'risk_budget': 796, 'capacity': 168, 'other': 0}",14672,1321,501,508,0,796,168,0,-3.0195574360236677e-05,-0.00034582199089727705,0.000252640702888886,-80.53263689598577,-9.569815383514424e-05,826,12.5,0.0,0.5,16,16,0.5625,3.2263220879663326,51.62115340746132,12.5,0.75,0.7,0.7,0.01,5
384,24,17972,1.0909090909090908,0.0,0.0,"{'bigmove_prob': 14683, 'probability': 1404, 'score_margin': 522, 'tod_profile': 502, 'expected_r': 0, 'risk_budget': 782, 'capacity': 79, 'other': 0}",14683,1404,522,502,0,782,79,0,-3.0410671343794604e-05,-0.0003482850486272726,0.0002850322722705435,-71.38940754509838,-0.00012191967648836632,819,11.5,0.0,0.5,20,20,0.45,1.431966865452085,28.6393373090417,11.5,0.75,0.7,0.7,0.02,2
385,27,17967,1.2272727272727273,0.0,0.0,"{'bigmove_prob': 15347, 'probability': 1449, 'score_margin': 538, 'tod_profile': 507, 'expected_r': 0, 'risk_budget': 2, 'capacity': 124, 'other': 0}",15347,1449,538,507,0,2,124,0,-3.0400675369857133e-05,-0.0003481705856809292,0.00032606879619639885,-62.40453187499963,-8.652824679467042e-05,826,12.5,0.0,0.5,19,19,0.47368421052631576,1.9545286063792922,37.13604352120655,12.5,0.75,0.7,0.7,0.02,3
386,28,17966,1.2727272727272727,0.0,0.0,"{'bigmove_prob': 14672, 'probability': 1321, 'score_margin': 501, 'tod_profile': 508, 'expected_r': 0, 'risk_budget': 796, 'capacity': 168, 'other': 0}",14672,1321,501,508,0,796,168,0,-3.0195574360236677e-05,-0.00034582199089727705,0.000252640702888886,-80.53263689598577,-9.569815383514424e-05,826,12.5,0.0,0.5,16,16,0.5625,3.2263220879663326,51.62115340746132,12.5,0.75,0.7,0.7,0.02,5
387,24,17972,1.0909090909090908,0.0,0.0,"{'bigmove_prob': 14683, 'probability': 1404, 'score_margin': 522, 'tod_profile': 502, 'expected_r': 0, 'risk_budget': 782, 'capacity': 79, 'other': 0}",14683,1404,522,502,0,782,79,0,-3.0410671343794604e-05,-0.0003482850486272726,0.0002850322722705435,-71.38940754509838,-0.00012191967648836632,819,11.5,0.0,0.5,20,20,0.45,1.431966865452085,28.6393373090417,11.5,0.75,0.7,0.75,0.0,2
388,27,17967,1.2272727272727273,0.0,0.0,"{'bigmove_prob': 15347, 'probability': 1449, 'score_margin': 538, 'tod_profile': 507, 'expected_r': 0, 'risk_budget': 2, 'capacity': 124, 'other': 0}",15347,1449,538,507,0,2,124,0,-3.0400675369857133e-05,-0.0003481705856809292,0.00032606879619639885,-62.40453187499963,-8.652824679467042e-05,826,12.5,0.0,0.5,19,19,0.47368421052631576,1.9545286063792922,37.13604352120655,12.5,0.75,0.7,0.75,0.0,3
389,28,17966,1.2727272727272727,0.0,0.0,"{'bigmove_prob': 14672, 'probability': 1321, 'score_margin': 501, 'tod_profile': 508, 'expected_r': 0, 'risk_budget': 796, 'capacity': 168, 'other': 0}",14672,1321,501,508,0,796,168,0,-3.0195574360236677e-05,-0.00034582199089727705,0.000252640702888886,-80.53263689598577,-9.569815383514424e-05,826,12.5,0.0,0.5,16,16,0.5625,3.2263220879663326,51.62115340746132,12.5,0.75,0.7,0.75,0.0,5
390,24,17972,1.0909090909090908,0.0,0.0,"{'bigmove_prob': 14683, 'probability': 1404, 'score_margin': 522, 'tod_profile': 502, 'expected_r': 0, 'risk_budget': 782, 'capacity': 79, 'other': 0}",14683,1404,522,502,0,782,79,0,-3.0410671343794604e-05,-0.0003482850486272726,0.0002850322722705435,-71.38940754509838,-0.00012191967648836632,819,11.5,0.0,0.5,20,20,0.45,1.431966865452085,28.6393373090417,11.5,0.75,0.7,0.75,0.01,2
391,27,17967,1.2272727272727273,0.0,0.0,"{'bigmove_prob': 15347, 'probability': 1449, 'score_margin': 538, 'tod_profile': 507, 'expected_r': 0, 'risk_budget': 2, 'capacity': 124, 'other': 0}",15347,1449,538,507,0,2,124,0,-3.0400675369857133e-05,-0.0003481705856809292,0.00032606879619639885,-62.40453187499963,-8.652824679467042e-05,826,12.5,0.0,0.5,19,19,0.47368421052631576,1.9545286063792922,37.13604352120655,12.5,0.75,0.7,0.75,0.01,3
392,28,17966,1.2727272727272727,0.0,0.0,"{'bigmove_prob': 14672, 'probability': 1321, 'score_margin': 501, 'tod_profile': 508, 'expected_r': 0, 'risk_budget': 796, 'capacity': 168, 'other': 0}",14672,1321,501,508,0,796,168,0,-3.0195574360236677e-05,-0.00034582199089727705,0.000252640702888886,-80.53263689598577,-9.569815383514424e-05,826,12.5,0.0,0.5,16,16,0.5625,3.2263220879663326,51.62115340746132,12.5,0.75,0.7,0.75,0.01,5
393,24,17972,1.0909090909090908,0.0,0.0,"{'bigmove_prob': 14683, 'probability': 1404, 'score_margin': 522, 'tod_profile': 502, 'expected_r': 0, 'risk_budget': 782, 'capacity': 79, 'other': 0}",14683,1404,522,502,0,782,79,0,-3.0410671343794604e-05,-0.0003482850486272726,0.0002850322722705435,-71.38940754509838,-0.00012191967648836632,819,11.5,0.0,0.5,20,20,0.45,1.431966865452085,28.6393373090417,11.5,0.75,0.7,0.75,0.02,2
394,27,17967,1.2272727272727273,0.0,0.0,"{'bigmove_prob': 15347, 'probability': 1449, 'score_margin': 538, 'tod_profile': 507, 'expected_r': 0, 'risk_budget': 2, 'capacity': 124, 'other': 0}",15347,1449,538,507,0,2,124,0,-3.0400675369857133e-05,-0.0003481705856809292,0.00032606879619639885,-62.40453187499963,-8.652824679467042e-05,826,12.5,0.0,0.5,19,19,0.47368421052631576,1.9545286063792922,37.13604352120655,12.5,0.75,0.7,0.75,0.02,3
395,28,17966,1.2727272727272727,0.0,0.0,"{'bigmove_prob': 14672, 'probability': 1321, 'score_margin': 501, 'tod_profile': 508, 'expected_r': 0, 'risk_budget': 796, 'capacity': 168, 'other': 0}",14672,1321,501,508,0,796,168,0,-3.0195574360236677e-05,-0.00034582199089727705,0.000252640702888886,-80.53263689598577,-9.569815383514424e-05,826,12.5,0.0,0.5,16,16,0.5625,3.2263220879663326,51.62115340746132,12.5,0.75,0.7,0.75,0.02,5
396,24,17972,1.0909090909090908,0.0,0.0,"{'bigmove_prob': 14683, 'probability': 1404, 'score_margin': 522, 'tod_profile': 502, 'expected_r': 0, 'risk_budget': 782, 'capacity': 79, 'other': 0}",14683,1404,522,502,0,782,79,0,-3.0410671343794604e-05,-0.0003482850486272726,0.0002850322722705435,-71.38940754509838,-0.00012191967648836632,819,11.5,0.0,0.5,20,20,0.45,1.431966865452085,28.6393373090417,11.5,0.75,0.75,0.6,0.0,2
397,27,17967,1.2272727272727273,0.0,0.0,"{'bigmove_prob': 15347, 'probability': 1449, 'score_margin': 538, 'tod_profile': 507, 'expected_r': 0, 'risk_budget': 2, 'capacity': 124, 'other': 0}",15347,1449,538,507,0,2,124,0,-3.0400675369857133e-05,-0.0003481705856809292,0.00032606879619639885,-62.40453187499963,-8.652824679467042e-05,826,12.5,0.0,0.5,19,19,0.47368421052631576,1.9545286063792922,37.13604352120655,12.5,0.75,0.75,0.6,0.0,3
398,28,17966,1.2727272727272727,0.0,0.0,"{'bigmove_prob': 14672, 'probability': 1321, 'score_margin': 501, 'tod_profile': 508, 'expected_r': 0, 'risk_budget': 796, 'capacity': 168, 'other': 0}",14672,1321,501,508,0,796,168,0,-3.0195574360236677e-05,-0.00034582199089727705,0.000252640702888886,-80.53263689598577,-9.569815383514424e-05,826,12.5,0.0,0.5,16,16,0.5625,3.2263220879663326,51.62115340746132,12.5,0.75,0.75,0.6,0.0,5
399,24,17972,1.0909090909090908,0.0,0.0,"{'bigmove_prob': 14683, 'probability': 1404, 'score_margin': 522, 'tod_profile': 502, 'expected_r': 0, 'risk_budget': 782, 'capacity': 79, 'other': 0}",14683,1404,522,502,0,782,79,0,-3.0410671343794604e-05,-0.0003482850486272726,0.0002850322722705435,-71.38940754509838,-0.00012191967648836632,819,11.5,0.0,0.5,20,20,0.45,1.431966865452085,28.6393373090417,11.5,0.75,0.75,0.6,0.01,2
400,27,17967,1.2272727272727273,0.0,0.0,"{'bigmove_prob': 15347, 'probability': 1449, 'score_margin': 538, 'tod_profile': 507, 'expected_r': 0, 'risk_budget': 2, 'capacity': 124, 'other': 0}",15347,1449,538,507,0,2,124,0,-3.0400675369857133e-05,-0.0003481705856809292,0.00032606879619639885,-62.40453187499963,-8.652824679467042e-05,826,12.5,0.0,0.5,19,19,0.47368421052631576,1.9545286063792922,37.13604352120655,12.5,0.75,0.75,0.6,0.01,3
401,28,17966,1.2727272727272727,0.0,0.0,"{'bigmove_prob': 14672, 'probability': 1321, 'score_margin': 501, 'tod_profile': 508, 'expected_r': 0, 'risk_budget': 796, 'capacity': 168, 'other': 0}",14672,1321,501,508,0,796,168,0,-3.0195574360236677e-05,-0.00034582199089727705,0.000252640702888886,-80.53263689598577,-9.569815383514424e-05,826,12.5,0.0,0.5,16,16,0.5625,3.2263220879663326,51.62115340746132,12.5,0.75,0.75,0.6,0.01,5
402,24,17972,1.0909090909090908,0.0,0.0,"{'bigmove_prob': 14683, 'probability': 1404, 'score_margin': 522, 'tod_profile': 502, 'expected_r': 0, 'risk_budget': 782, 'capacity': 79, 'other': 0}",14683,1404,522,502,0,782,79,0,-3.0410671343794604e-05,-0.0003482850486272726,0.0002850322722705435,-71.38940754509838,-0.00012191967648836632,819,11.5,0.0,0.5,20,20,0.45,1.431966865452085,28.6393373090417,11.5,0.75,0.75,0.6,0.02,2
403,27,17967,1.2272727272727273,0.0,0.0,"{'bigmove_prob': 15347, 'probability': 1449, 'score_margin': 538, 'tod_profile': 507, 'expected_r': 0, 'risk_budget': 2, 'capacity': 124, 'other': 0}",15347,1449,538,507,0,2,124,0,-3.0400675369857133e-05,-0.0003481705856809292,0.00032606879619639885,-62.40453187499963,-8.652824679467042e-05,826,12.5,0.0,0.5,19,19,0.47368421052631576,1.9545286063792922,37.13604352120655,12.5,0.75,0.75,0.6,0.02,3
404,28,17966,1.2727272727272727,0.0,0.0,"{'bigmove_prob': 14672, 'probability': 1321, 'score_margin': 501, 'tod_profile': 508, 'expected_r': 0, 'risk_budget': 796, 'capacity': 168, 'other': 0}",14672,1321,501,508,0,796,168,0,-3.0195574360236677e-05,-0.00034582199089727705,0.000252640702888886,-80.53263689598577,-9.569815383514424e-05,826,12.5,0.0,0.5,16,16,0.5625,3.2263220879663326,51.62115340746132,12.5,0.75,0.75,0.6,0.02,5
405,24,17972,1.0909090909090908,0.0,0.0,"{'bigmove_prob': 14683, 'probability': 1404, 'score_margin': 522, 'tod_profile': 502, 'expected_r': 0, 'risk_budget': 782, 'capacity': 79, 'other': 0}",14683,1404,522,502,0,782,79,0,-3.0410671343794604e-05,-0.0003482850486272726,0.0002850322722705435,-71.38940754509838,-0.00012191967648836632,819,11.5,0.0,0.5,20,20,0.45,1.431966865452085,28.6393373090417,11.5,0.75,0.75,0.65,0.0,2
406,27,17967,1.2272727272727273,0.0,0.0,"{'bigmove_prob': 15347, 'probability': 1449, 'score_margin': 538, 'tod_profile': 507, 'expected_r': 0, 'risk_budget': 2, 'capacity': 124, 'other': 0}",15347,1449,538,507,0,2,124,0,-3.0400675369857133e-05,-0.0003481705856809292,0.00032606879619639885,-62.40453187499963,-8.652824679467042e-05,826,12.5,0.0,0.5,19,19,0.47368421052631576,1.9545286063792922,37.13604352120655,12.5,0.75,0.75,0.65,0.0,3
407,28,17966,1.2727272727272727,0.0,0.0,"{'bigmove_prob': 14672, 'probability': 1321, 'score_margin': 501, 'tod_profile': 508, 'expected_r': 0, 'risk_budget': 796, 'capacity': 168, 'other': 0}",14672,1321,501,508,0,796,168,0,-3.0195574360236677e-05,-0.00034582199089727705,0.000252640702888886,-80.53263689598577,-9.569815383514424e-05,826,12.5,0.0,0.5,16,16,0.5625,3.2263220879663326,51.62115340746132,12.5,0.75,0.75,0.65,0.0,5
408,24,17972,1.0909090909090908,0.0,0.0,"{'bigmove_prob': 14683, 'probability': 1404, 'score_margin': 522, 'tod_profile': 502, 'expected_r': 0, 'risk_budget': 782, 'capacity': 79, 'other': 0}",14683,1404,522,502,0,782,79,0,-3.0410671343794604e-05,-0.0003482850486272726,0.0002850322722705435,-71.38940754509838,-0.00012191967648836632,819,11.5,0.0,0.5,20,20,0.45,1.431966865452085,28.6393373090417,11.5,0.75,0.75,0.65,0.01,2
409,27,17967,1.2272727272727273,0.0,0.0,"{'bigmove_prob': 15347, 'probability': 1449, 'score_margin': 538, 'tod_profile': 507, 'expected_r': 0, 'risk_budget': 2, 'capacity': 124, 'other': 0}",15347,1449,538,507,0,2,124,0,-3.0400675369857133e-05,-0.0003481705856809292,0.00032606879619639885,-62.40453187499963,-8.652824679467042e-05,826,12.5,0.0,0.5,19,19,0.47368421052631576,1.9545286063792922,37.13604352120655,12.5,0.75,0.75,0.65,0.01,3
410,28,17966,1.2727272727272727,0.0,0.0,"{'bigmove_prob': 14672, 'probability': 1321, 'score_margin': 501, 'tod_profile': 508, 'expected_r': 0, 'risk_budget': 796, 'capacity': 168, 'other': 0}",14672,1321,501,508,0,796,168,0,-3.0195574360236677e-05,-0.00034582199089727705,0.000252640702888886,-80.53263689598577,-9.569815383514424e-05,826,12.5,0.0,0.5,16,16,0.5625,3.2263220879663326,51.62115340746132,12.5,0.75,0.75,0.65,0.01,5
411,24,17972,1.0909090909090908,0.0,0.0,"{'bigmove_prob': 14683, 'probability': 1404, 'score_margin': 522, 'tod_profile': 502, 'expected_r': 0, 'risk_budget': 782, 'capacity': 79, 'other': 0}",14683,1404,522,502,0,782,79,0,-3.0410671343794604e-05,-0.0003482850486272726,0.0002850322722705435,-71.38940754509838,-0.00012191967648836632,819,11.5,0.0,0.5,20,20,0.45,1.431966865452085,28.6393373090417,11.5,0.75,0.75,0.65,0.02,2
412,27,17967,1.2272727272727273,0.0,0.0,"{'bigmove_prob': 15347, 'probability': 1449, 'score_margin': 538, 'tod_profile': 507, 'expected_r': 0, 'risk_budget': 2, 'capacity': 124, 'other': 0}",15347,1449,538,507,0,2,124,0,-3.0400675369857133e-05,-0.0003481705856809292,0.00032606879619639885,-62.40453187499963,-8.652824679467042e-05,826,12.5,0.0,0.5,19,19,0.47368421052631576,1.9545286063792922,37.13604352120655,12.5,0.75,0.75,0.65,0.02,3
413,28,17966,1.2727272727272727,0.0,0.0,"{'bigmove_prob': 14672, 'probability': 1321, 'score_margin': 501, 'tod_profile': 508, 'expected_r': 0, 'risk_budget': 796, 'capacity': 168, 'other': 0}",14672,1321,501,508,0,796,168,0,-3.0195574360236677e-05,-0.00034582199089727705,0.000252640702888886,-80.53263689598577,-9.569815383514424e-05,826,12.5,0.0,0.5,16,16,0.5625,3.2263220879663326,51.62115340746132,12.5,0.75,0.75,0.65,0.02,5
414,24,17972,1.0909090909090908,0.0,0.0,"{'bigmove_prob': 14683, 'probability': 1404, 'score_margin': 522, 'tod_profile': 502, 'expected_r': 0, 'risk_budget': 782, 'capacity': 79, 'other': 0}",14683,1404,522,502,0,782,79,0,-3.0410671343794604e-05,-0.0003482850486272726,0.0002850322722705435,-71.38940754509838,-0.00012191967648836632,819,11.5,0.0,0.5,20,20,0.45,1.431966865452085,28.6393373090417,11.5,0.75,0.75,0.7,0.0,2
415,27,17967,1.2272727272727273,0.0,0.0,"{'bigmove_prob': 15347, 'probability': 1449, 'score_margin': 538, 'tod_profile': 507, 'expected_r': 0, 'risk_budget': 2, 'capacity': 124, 'other': 0}",15347,1449,538,507,0,2,124,0,-3.0400675369857133e-05,-0.0003481705856809292,0.00032606879619639885,-62.40453187499963,-8.652824679467042e-05,826,12.5,0.0,0.5,19,19,0.47368421052631576,1.9545286063792922,37.13604352120655,12.5,0.75,0.75,0.7,0.0,3
416,28,17966,1.2727272727272727,0.0,0.0,"{'bigmove_prob': 14672, 'probability': 1321, 'score_margin': 501, 'tod_profile': 508, 'expected_r': 0, 'risk_budget': 796, 'capacity': 168, 'other': 0}",14672,1321,501,508,0,796,168,0,-3.0195574360236677e-05,-0.00034582199089727705,0.000252640702888886,-80.53263689598577,-9.569815383514424e-05,826,12.5,0.0,0.5,16,16,0.5625,3.2263220879663326,51.62115340746132,12.5,0.75,0.75,0.7,0.0,5
417,24,17972,1.0909090909090908,0.0,0.0,"{'bigmove_prob': 14683, 'probability': 1404, 'score_margin': 522, 'tod_profile': 502, 'expected_r': 0, 'risk_budget': 782, 'capacity': 79, 'other': 0}",14683,1404,522,502,0,782,79,0,-3.0410671343794604e-05,-0.0003482850486272726,0.0002850322722705435,-71.38940754509838,-0.00012191967648836632,819,11.5,0.0,0.5,20,20,0.45,1.431966865452085,28.6393373090417,11.5,0.75,0.75,0.7,0.01,2
418,27,17967,1.2272727272727273,0.0,0.0,"{'bigmove_prob': 15347, 'probability': 1449, 'score_margin': 538, 'tod_profile': 507, 'expected_r': 0, 'risk_budget': 2, 'capacity': 124, 'other': 0}",15347,1449,538,507,0,2,124,0,-3.0400675369857133e-05,-0.0003481705856809292,0.00032606879619639885,-62.40453187499963,-8.652824679467042e-05,826,12.5,0.0,0.5,19,19,0.47368421052631576,1.9545286063792922,37.13604352120655,12.5,0.75,0.75,0.7,0.01,3
419,28,17966,1.2727272727272727,0.0,0.0,"{'bigmove_prob': 14672, 'probability': 1321, 'score_margin': 501, 'tod_profile': 508, 'expected_r': 0, 'risk_budget': 796, 'capacity': 168, 'other': 0}",14672,1321,501,508,0,796,168,0,-3.0195574360236677e-05,-0.00034582199089727705,0.000252640702888886,-80.53263689598577,-9.569815383514424e-05,826,12.5,0.0,0.5,16,16,0.5625,3.2263220879663326,51.62115340746132,12.5,0.75,0.75,0.7,0.01,5
420,24,17972,1.0909090909090908,0.0,0.0,"{'bigmove_prob': 14683, 'probability': 1404, 'score_margin': 522, 'tod_profile': 502, 'expected_r': 0, 'risk_budget': 782, 'capacity': 79, 'other': 0}",14683,1404,522,502,0,782,79,0,-3.0410671343794604e-05,-0.0003482850486272726,0.0002850322722705435,-71.38940754509838,-0.00012191967648836632,819,11.5,0.0,0.5,20,20,0.45,1.431966865452085,28.6393373090417,11.5,0.75,0.75,0.7,0.02,2
421,27,17967,1.2272727272727273,0.0,0.0,"{'bigmove_prob': 15347, 'probability': 1449, 'score_margin': 538, 'tod_profile': 507, 'expected_r': 0, 'risk_budget': 2, 'capacity': 124, 'other': 0}",15347,1449,538,507,0,2,124,0,-3.0400675369857133e-05,-0.0003481705856809292,0.00032606879619639885,-62.40453187499963,-8.652824679467042e-05,826,12.5,0.0,0.5,19,19,0.47368421052631576,1.9545286063792922,37.13604352120655,12.5,0.75,0.75,0.7,0.02,3
422,28,17966,1.2727272727272727,0.0,0.0,"{'bigmove_prob': 14672, 'probability': 1321, 'score_margin': 501, 'tod_profile': 508, 'expected_r': 0, 'risk_budget': 796, 'capacity': 168, 'other': 0}",14672,1321,501,508,0,796,168,0,-3.0195574360236677e-05,-0.00034582199089727705,0.000252640702888886,-80.53263689598577,-9.569815383514424e-05,826,12.5,0.0,0.5,16,16,0.5625,3.2263220879663326,51.62115340746132,12.5,0.75,0.75,0.7,0.02,5
423,24,17972,1.0909090909090908,0.0,0.0,"{'bigmove_prob': 14683, 'probability': 1404, 'score_margin': 522, 'tod_profile': 502, 'expected_r': 0, 'risk_budget': 782, 'capacity': 79, 'other': 0}",14683,1404,522,502,0,782,79,0,-3.0410671343794604e-05,-0.0003482850486272726,0.0002850322722705435,-71.38940754509838,-0.00012191967648836632,819,11.5,0.0,0.5,20,20,0.45,1.431966865452085,28.6393373090417,11.5,0.75,0.75,0.75,0.0,2
424,27,17967,1.2272727272727273,0.0,0.0,"{'bigmove_prob': 15347, 'probability': 1449, 'score_margin': 538, 'tod_profile': 507, 'expected_r': 0, 'risk_budget': 2, 'capacity': 124, 'other': 0}",15347,1449,538,507,0,2,124,0,-3.0400675369857133e-05,-0.0003481705856809292,0.00032606879619639885,-62.40453187499963,-8.652824679467042e-05,826,12.5,0.0,0.5,19,19,0.47368421052631576,1.9545286063792922,37.13604352120655,12.5,0.75,0.75,0.75,0.0,3
425,28,17966,1.2727272727272727,0.0,0.0,"{'bigmove_prob': 14672, 'probability': 1321, 'score_margin': 501, 'tod_profile': 508, 'expected_r': 0, 'risk_budget': 796, 'capacity': 168, 'other': 0}",14672,1321,501,508,0,796,168,0,-3.0195574360236677e-05,-0.00034582199089727705,0.000252640702888886,-80.53263689598577,-9.569815383514424e-05,826,12.5,0.0,0.5,16,16,0.5625,3.2263220879663326,51.62115340746132,12.5,0.75,0.75,0.75,0.0,5
426,24,17972,1.0909090909090908,0.0,0.0,"{'bigmove_prob': 14683, 'probability': 1404, 'score_margin': 522, 'tod_profile': 502, 'expected_r': 0, 'risk_budget': 782, 'capacity': 79, 'other': 0}",14683,1404,522,502,0,782,79,0,-3.0410671343794604e-05,-0.0003482850486272726,0.0002850322722705435,-71.38940754509838,-0.00012191967648836632,819,11.5,0.0,0.5,20,20,0.45,1.431966865452085,28.6393373090417,11.5,0.75,0.75,0.75,0.01,2
427,27,17967,1.2272727272727273,0.0,0.0,"{'bigmove_prob': 15347, 'probability': 1449, 'score_margin': 538, 'tod_profile': 507, 'expected_r': 0, 'risk_budget': 2, 'capacity': 124, 'other': 0}",15347,1449,538,507,0,2,124,0,-3.0400675369857133e-05,-0.0003481705856809292,0.00032606879619639885,-62.40453187499963,-8.652824679467042e-05,826,12.5,0.0,0.5,19,19,0.47368421052631576,1.9545286063792922,37.13604352120655,12.5,0.75,0.75,0.75,0.01,3
428,28,17966,1.2727272727272727,0.0,0.0,"{'bigmove_prob': 14672, 'probability': 1321, 'score_margin': 501, 'tod_profile': 508, 'expected_r': 0, 'risk_budget': 796, 'capacity': 168, 'other': 0}",14672,1321,501,508,0,796,168,0,-3.0195574360236677e-05,-0.00034582199089727705,0.000252640702888886,-80.53263689598577,-9.569815383514424e-05,826,12.5,0.0,0.5,16,16,0.5625,3.2263220879663326,51.62115340746132,12.5,0.75,0.75,0.75,0.01,5
429,24,17972,1.0909090909090908,0.0,0.0,"{'bigmove_prob': 14683, 'probability': 1404, 'score_margin': 522, 'tod_profile': 502, 'expected_r': 0, 'risk_budget': 782, 'capacity': 79, 'other': 0}",14683,1404,522,502,0,782,79,0,-3.0410671343794604e-05,-0.0003482850486272726,0.0002850322722705435,-71.38940754509838,-0.00012191967648836632,819,11.5,0.0,0.5,20,20,0.45,1.431966865452085,28.6393373090417,11.5,0.75,0.75,0.75,0.02,2
430,27,17967,1.2272727272727273,0.0,0.0,"{'bigmove_prob': 15347, 'probability': 1449, 'score_margin': 538, 'tod_profile': 507, 'expected_r': 0, 'risk_budget': 2, 'capacity': 124, 'other': 0}",15347,1449,538,507,0,2,124,0,-3.0400675369857133e-05,-0.0003481705856809292,0.00032606879619639885,-62.40453187499963,-8.652824679467042e-05,826,12.5,0.0,0.5,19,19,0.47368421052631576,1.9545286063792922,37.13604352120655,12.5,0.75,0.75,0.75,0.02,3
431,28,17966,1.2727272727272727,0.0,0.0,"{'bigmove_prob': 14672, 'probability': 1321, 'score_margin': 501, 'tod_profile': 508, 'expected_r': 0, 'risk_budget': 796, 'capacity': 168, 'other': 0}",14672,1321,501,508,0,796,168,0,-3.0195574360236677e-05,-0.00034582199089727705,0.000252640702888886,-80.53263689598577,-9.569815383514424e-05,826,12.5,0.0,0.5,16,16,0.5625,3.2263220879663326,51.62115340746132,12.5,0.75,0.75,0.75,0.02,5
432,24,17972,1.0909090909090908,0.0,0.0,"{'bigmove_prob': 15210, 'probability': 1043, 'score_margin': 361, 'tod_profile': 502, 'expected_r': 0, 'risk_budget': 780, 'capacity': 76, 'other': 0}",15210,1043,361,502,0,780,76,0,-3.0292170953405417e-05,-0.00034692811116421307,0.000354791261147975,-57.349011487286866,-0.00012160530708042723,819,11.5,0.0,0.5,20,20,0.55,1.3623918812013343,27.247837624026687,11.5,0.8,0.6,0.6,0.0,2
433,27,17967,1.2272727272727273,0.0,0.0,"{'bigmove_prob': 15884, 'probability': 1083, 'score_margin': 373, 'tod_profile': 507, 'expected_r': 0, 'risk_budget': 0, 'capacity': 120, 'other': 0}",15884,1083,373,507,0,0,120,0,-3.0312175212432457e-05,-0.00034715717827860093,0.000388705782587079,-52.34590811295783,-8.643974663724574e-05,826,12.5,0.0,0.5,19,19,0.47368421052631576,0.840239076641661,15.964542456191559,12.5,0.8,0.6,0.6,0.0,3
434,28,17966,1.2727272727272727,0.0,0.0,"{'bigmove_prob': 15178, 'probability': 981, 'score_margin': 341, 'tod_profile': 507, 'expected_r': 0, 'risk_budget': 796, 'capacity': 163, 'other': 0}",15178,981,341,507,0,796,163,0,-3.020617436710893e-05,-0.000345943370827162,0.00032852374389918433,-61.93142428411756,-9.570875384201649e-05,826,12.5,0.0,0.5,16,16,0.5625,3.3222220923588317,53.15555347774131,12.5,0.8,0.6,0.6,0.0,5
435,24,17972,1.0909090909090908,0.0,0.0,"{'bigmove_prob': 15210, 'probability': 1043, 'score_margin': 361, 'tod_profile': 502, 'expected_r': 0, 'risk_budget': 780, 'capacity': 76, 'other': 0}",15210,1043,361,502,0,780,76,0,-3.0292170953405417e-05,-0.00034692811116421307,0.000354791261147975,-57.349011487286866,-0.00012160530708042723,819,11.5,0.0,0.5,20,20,0.55,1.3623918812013343,27.247837624026687,11.5,0.8,0.6,0.6,0.01,2
436,27,17967,1.2272727272727273,0.0,0.0,"{'bigmove_prob': 15884, 'probability': 1083, 'score_margin': 373, 'tod_profile': 507, 'expected_r': 0, 'risk_budget': 0, 'capacity': 120, 'other': 0}",15884,1083,373,507,0,0,120,0,-3.0312175212432457e-05,-0.00034715717827860093,0.000388705782587079,-52.34590811295783,-8.643974663724574e-05,826,12.5,0.0,0.5,19,19,0.47368421052631576,0.840239076641661,15.964542456191559,12.5,0.8,0.6,0.6,0.01,3
437,28,17966,1.2727272727272727,0.0,0.0,"{'bigmove_prob': 15178, 'probability': 981, 'score_margin': 341, 'tod_profile': 507, 'expected_r': 0, 'risk_budget': 796, 'capacity': 163, 'other': 0}",15178,981,341,507,0,796,163,0,-3.020617436710893e-05,-0.000345943370827162,0.00032852374389918433,-61.93142428411756,-9.570875384201649e-05,826,12.5,0.0,0.5,16,16,0.5625,3.3222220923588317,53.15555347774131,12.5,0.8,0.6,0.6,0.01,5
438,24,17972,1.0909090909090908,0.0,0.0,"{'bigmove_prob': 15210, 'probability': 1043, 'score_margin': 361, 'tod_profile': 502, 'expected_r': 0, 'risk_budget': 780, 'capacity': 76, 'other': 0}",15210,1043,361,502,0,780,76,0,-3.0292170953405417e-05,-0.00034692811116421307,0.000354791261147975,-57.349011487286866,-0.00012160530708042723,819,11.5,0.0,0.5,20,20,0.55,1.3623918812013343,27.247837624026687,11.5,0.8,0.6,0.6,0.02,2
439,27,17967,1.2272727272727273,0.0,0.0,"{'bigmove_prob': 15884, 'probability': 1083, 'score_margin': 373, 'tod_profile': 507, 'expected_r': 0, 'risk_budget': 0, 'capacity': 120, 'other': 0}",15884,1083,373,507,0,0,120,0,-3.0312175212432457e-05,-0.00034715717827860093,0.000388705782587079,-52.34590811295783,-8.643974663724574e-05,826,12.5,0.0,0.5,19,19,0.47368421052631576,0.840239076641661,15.964542456191559,12.5,0.8,0.6,0.6,0.02,3
440,28,17966,1.2727272727272727,0.0,0.0,"{'bigmove_prob': 15178, 'probability': 981, 'score_margin': 341, 'tod_profile': 507, 'expected_r': 0, 'risk_budget': 796, 'capacity': 163, 'other': 0}",15178,981,341,507,0,796,163,0,-3.020617436710893e-05,-0.000345943370827162,0.00032852374389918433,-61.93142428411756,-9.570875384201649e-05,826,12.5,0.0,0.5,16,16,0.5625,3.3222220923588317,53.15555347774131,12.5,0.8,0.6,0.6,0.02,5
441,24,17972,1.0909090909090908,0.0,0.0,"{'bigmove_prob': 15210, 'probability': 1043, 'score_margin': 361, 'tod_profile': 502, 'expected_r': 0, 'risk_budget': 780, 'capacity': 76, 'other': 0}",15210,1043,361,502,0,780,76,0,-3.0292170953405417e-05,-0.00034692811116421307,0.000354791261147975,-57.349011487286866,-0.00012160530708042723,819,11.5,0.0,0.5,20,20,0.55,1.3623918812013343,27.247837624026687,11.5,0.8,0.6,0.65,0.0,2
442,27,17967,1.2272727272727273,0.0,0.0,"{'bigmove_prob': 15884, 'probability': 1083, 'score_margin': 373, 'tod_profile': 507, 'expected_r': 0, 'risk_budget': 0, 'capacity': 120, 'other': 0}",15884,1083,373,507,0,0,120,0,-3.0312175212432457e-05,-0.00034715717827860093,0.000388705782587079,-52.34590811295783,-8.643974663724574e-05,826,12.5,0.0,0.5,19,19,0.47368421052631576,0.840239076641661,15.964542456191559,12.5,0.8,0.6,0.65,0.0,3
443,28,17966,1.2727272727272727,0.0,0.0,"{'bigmove_prob': 15178, 'probability': 981, 'score_margin': 341, 'tod_profile': 507, 'expected_r': 0, 'risk_budget': 796, 'capacity': 163, 'other': 0}",15178,981,341,507,0,796,163,0,-3.020617436710893e-05,-0.000345943370827162,0.00032852374389918433,-61.93142428411756,-9.570875384201649e-05,826,12.5,0.0,0.5,16,16,0.5625,3.3222220923588317,53.15555347774131,12.5,0.8,0.6,0.65,0.0,5
444,24,17972,1.0909090909090908,0.0,0.0,"{'bigmove_prob': 15210, 'probability': 1043, 'score_margin': 361, 'tod_profile': 502, 'expected_r': 0, 'risk_budget': 780, 'capacity': 76, 'other': 0}",15210,1043,361,502,0,780,76,0,-3.0292170953405417e-05,-0.00034692811116421307,0.000354791261147975,-57.349011487286866,-0.00012160530708042723,819,11.5,0.0,0.5,20,20,0.55,1.3623918812013343,27.247837624026687,11.5,0.8,0.6,0.65,0.01,2
445,27,17967,1.2272727272727273,0.0,0.0,"{'bigmove_prob': 15884, 'probability': 1083, 'score_margin': 373, 'tod_profile': 507, 'expected_r': 0, 'risk_budget': 0, 'capacity': 120, 'other': 0}",15884,1083,373,507,0,0,120,0,-3.0312175212432457e-05,-0.00034715717827860093,0.000388705782587079,-52.34590811295783,-8.643974663724574e-05,826,12.5,0.0,0.5,19,19,0.47368421052631576,0.840239076641661,15.964542456191559,12.5,0.8,0.6,0.65,0.01,3
446,28,17966,1.2727272727272727,0.0,0.0,"{'bigmove_prob': 15178, 'probability': 981, 'score_margin': 341, 'tod_profile': 507, 'expected_r': 0, 'risk_budget': 796, 'capacity': 163, 'other': 0}",15178,981,341,507,0,796,163,0,-3.020617436710893e-05,-0.000345943370827162,0.00032852374389918433,-61.93142428411756,-9.570875384201649e-05,826,12.5,0.0,0.5,16,16,0.5625,3.3222220923588317,53.15555347774131,12.5,0.8,0.6,0.65,0.01,5
447,24,17972,1.0909090909090908,0.0,0.0,"{'bigmove_prob': 15210, 'probability': 1043, 'score_margin': 361, 'tod_profile': 502, 'expected_r': 0, 'risk_budget': 780, 'capacity': 76, 'other': 0}",15210,1043,361,502,0,780,76,0,-3.0292170953405417e-05,-0.00034692811116421307,0.000354791261147975,-57.349011487286866,-0.00012160530708042723,819,11.5,0.0,0.5,20,20,0.55,1.3623918812013343,27.247837624026687,11.5,0.8,0.6,0.65,0.02,2
448,27,17967,1.2272727272727273,0.0,0.0,"{'bigmove_prob': 15884, 'probability': 1083, 'score_margin': 373, 'tod_profile': 507, 'expected_r': 0, 'risk_budget': 0, 'capacity': 120, 'other': 0}",15884,1083,373,507,0,0,120,0,-3.0312175212432457e-05,-0.00034715717827860093,0.000388705782587079,-52.34590811295783,-8.643974663724574e-05,826,12.5,0.0,0.5,19,19,0.47368421052631576,0.840239076641661,15.964542456191559,12.5,0.8,0.6,0.65,0.02,3
449,28,17966,1.2727272727272727,0.0,0.0,"{'bigmove_prob': 15178, 'probability': 981, 'score_margin': 341, 'tod_profile': 507, 'expected_r': 0, 'risk_budget': 796, 'capacity': 163, 'other': 0}",15178,981,341,507,0,796,163,0,-3.020617436710893e-05,-0.000345943370827162,0.00032852374389918433,-61.93142428411756,-9.570875384201649e-05,826,12.5,0.0,0.5,16,16,0.5625,3.3222220923588317,53.15555347774131,12.5,0.8,0.6,0.65,0.02,5
450,24,17972,1.0909090909090908,0.0,0.0,"{'bigmove_prob': 15210, 'probability': 1043, 'score_margin': 361, 'tod_profile': 502, 'expected_r': 0, 'risk_budget': 780, 'capacity': 76, 'other': 0}",15210,1043,361,502,0,780,76,0,-3.0292170953405417e-05,-0.00034692811116421307,0.000354791261147975,-57.349011487286866,-0.00012160530708042723,819,11.5,0.0,0.5,20,20,0.55,1.3623918812013343,27.247837624026687,11.5,0.8,0.6,0.7,0.0,2
451,27,17967,1.2272727272727273,0.0,0.0,"{'bigmove_prob': 15884, 'probability': 1083, 'score_margin': 373, 'tod_profile': 507, 'expected_r': 0, 'risk_budget': 0, 'capacity': 120, 'other': 0}",15884,1083,373,507,0,0,120,0,-3.0312175212432457e-05,-0.00034715717827860093,0.000388705782587079,-52.34590811295783,-8.643974663724574e-05,826,12.5,0.0,0.5,19,19,0.47368421052631576,0.840239076641661,15.964542456191559,12.5,0.8,0.6,0.7,0.0,3
452,28,17966,1.2727272727272727,0.0,0.0,"{'bigmove_prob': 15178, 'probability': 981, 'score_margin': 341, 'tod_profile': 507, 'expected_r': 0, 'risk_budget': 796, 'capacity': 163, 'other': 0}",15178,981,341,507,0,796,163,0,-3.020617436710893e-05,-0.000345943370827162,0.00032852374389918433,-61.93142428411756,-9.570875384201649e-05,826,12.5,0.0,0.5,16,16,0.5625,3.3222220923588317,53.15555347774131,12.5,0.8,0.6,0.7,0.0,5
453,24,17972,1.0909090909090908,0.0,0.0,"{'bigmove_prob': 15210, 'probability': 1043, 'score_margin': 361, 'tod_profile': 502, 'expected_r': 0, 'risk_budget': 780, 'capacity': 76, 'other': 0}",15210,1043,361,502,0,780,76,0,-3.0292170953405417e-05,-0.00034692811116421307,0.000354791261147975,-57.349011487286866,-0.00012160530708042723,819,11.5,0.0,0.5,20,20,0.55,1.3623918812013343,27.247837624026687,11.5,0.8,0.6,0.7,0.01,2
454,27,17967,1.2272727272727273,0.0,0.0,"{'bigmove_prob': 15884, 'probability': 1083, 'score_margin': 373, 'tod_profile': 507, 'expected_r': 0, 'risk_budget': 0, 'capacity': 120, 'other': 0}",15884,1083,373,507,0,0,120,0,-3.0312175212432457e-05,-0.00034715717827860093,0.000388705782587079,-52.34590811295783,-8.643974663724574e-05,826,12.5,0.0,0.5,19,19,0.47368421052631576,0.840239076641661,15.964542456191559,12.5,0.8,0.6,0.7,0.01,3
455,28,17966,1.2727272727272727,0.0,0.0,"{'bigmove_prob': 15178, 'probability': 981, 'score_margin': 341, 'tod_profile': 507, 'expected_r': 0, 'risk_budget': 796, 'capacity': 163, 'other': 0}",15178,981,341,507,0,796,163,0,-3.020617436710893e-05,-0.000345943370827162,0.00032852374389918433,-61.93142428411756,-9.570875384201649e-05,826,12.5,0.0,0.5,16,16,0.5625,3.3222220923588317,53.15555347774131,12.5,0.8,0.6,0.7,0.01,5
456,24,17972,1.0909090909090908,0.0,0.0,"{'bigmove_prob': 15210, 'probability': 1043, 'score_margin': 361, 'tod_profile': 502, 'expected_r': 0, 'risk_budget': 780, 'capacity': 76, 'other': 0}",15210,1043,361,502,0,780,76,0,-3.0292170953405417e-05,-0.00034692811116421307,0.000354791261147975,-57.349011487286866,-0.00012160530708042723,819,11.5,0.0,0.5,20,20,0.55,1.3623918812013343,27.247837624026687,11.5,0.8,0.6,0.7,0.02,2
457,27,17967,1.2272727272727273,0.0,0.0,"{'bigmove_prob': 15884, 'probability': 1083, 'score_margin': 373, 'tod_profile': 507, 'expected_r': 0, 'risk_budget': 0, 'capacity': 120, 'other': 0}",15884,1083,373,507,0,0,120,0,-3.0312175212432457e-05,-0.00034715717827860093,0.000388705782587079,-52.34590811295783,-8.643974663724574e-05,826,12.5,0.0,0.5,19,19,0.47368421052631576,0.840239076641661,15.964542456191559,12.5,0.8,0.6,0.7,0.02,3
458,28,17966,1.2727272727272727,0.0,0.0,"{'bigmove_prob': 15178, 'probability': 981, 'score_margin': 341, 'tod_profile': 507, 'expected_r': 0, 'risk_budget': 796, 'capacity': 163, 'other': 0}",15178,981,341,507,0,796,163,0,-3.020617436710893e-05,-0.000345943370827162,0.00032852374389918433,-61.93142428411756,-9.570875384201649e-05,826,12.5,0.0,0.5,16,16,0.5625,3.3222220923588317,53.15555347774131,12.5,0.8,0.6,0.7,0.02,5
459,24,17972,1.0909090909090908,0.0,0.0,"{'bigmove_prob': 15210, 'probability': 1043, 'score_margin': 361, 'tod_profile': 502, 'expected_r': 0, 'risk_budget': 780, 'capacity': 76, 'other': 0}",15210,1043,361,502,0,780,76,0,-3.0292170953405417e-05,-0.00034692811116421307,0.000354791261147975,-57.349011487286866,-0.00012160530708042723,819,11.5,0.0,0.5,20,20,0.55,1.3623918812013343,27.247837624026687,11.5,0.8,0.6,0.75,0.0,2
460,27,17967,1.2272727272727273,0.0,0.0,"{'bigmove_prob': 15884, 'probability': 1083, 'score_margin': 373, 'tod_profile': 507, 'expected_r': 0, 'risk_budget': 0, 'capacity': 120, 'other': 0}",15884,1083,373,507,0,0,120,0,-3.0312175212432457e-05,-0.00034715717827860093,0.000388705782587079,-52.34590811295783,-8.643974663724574e-05,826,12.5,0.0,0.5,19,19,0.47368421052631576,0.840239076641661,15.964542456191559,12.5,0.8,0.6,0.75,0.0,3
461,28,17966,1.2727272727272727,0.0,0.0,"{'bigmove_prob': 15178, 'probability': 981, 'score_margin': 341, 'tod_profile': 507, 'expected_r': 0, 'risk_budget': 796, 'capacity': 163, 'other': 0}",15178,981,341,507,0,796,163,0,-3.020617436710893e-05,-0.000345943370827162,0.00032852374389918433,-61.93142428411756,-9.570875384201649e-05,826,12.5,0.0,0.5,16,16,0.5625,3.3222220923588317,53.15555347774131,12.5,0.8,0.6,0.75,0.0,5
462,24,17972,1.0909090909090908,0.0,0.0,"{'bigmove_prob': 15210, 'probability': 1043, 'score_margin': 361, 'tod_profile': 502, 'expected_r': 0, 'risk_budget': 780, 'capacity': 76, 'other': 0}",15210,1043,361,502,0,780,76,0,-3.0292170953405417e-05,-0.00034692811116421307,0.000354791261147975,-57.349011487286866,-0.00012160530708042723,819,11.5,0.0,0.5,20,20,0.55,1.3623918812013343,27.247837624026687,11.5,0.8,0.6,0.75,0.01,2
463,27,17967,1.2272727272727273,0.0,0.0,"{'bigmove_prob': 15884, 'probability': 1083, 'score_margin': 373, 'tod_profile': 507, 'expected_r': 0, 'risk_budget': 0, 'capacity': 120, 'other': 0}",15884,1083,373,507,0,0,120,0,-3.0312175212432457e-05,-0.00034715717827860093,0.000388705782587079,-52.34590811295783,-8.643974663724574e-05,826,12.5,0.0,0.5,19,19,0.47368421052631576,0.840239076641661,15.964542456191559,12.5,0.8,0.6,0.75,0.01,3
464,28,17966,1.2727272727272727,0.0,0.0,"{'bigmove_prob': 15178, 'probability': 981, 'score_margin': 341, 'tod_profile': 507, 'expected_r': 0, 'risk_budget': 796, 'capacity': 163, 'other': 0}",15178,981,341,507,0,796,163,0,-3.020617436710893e-05,-0.000345943370827162,0.00032852374389918433,-61.93142428411756,-9.570875384201649e-05,826,12.5,0.0,0.5,16,16,0.5625,3.3222220923588317,53.15555347774131,12.5,0.8,0.6,0.75,0.01,5
465,24,17972,1.0909090909090908,0.0,0.0,"{'bigmove_prob': 15210, 'probability': 1043, 'score_margin': 361, 'tod_profile': 502, 'expected_r': 0, 'risk_budget': 780, 'capacity': 76, 'other': 0}",15210,1043,361,502,0,780,76,0,-3.0292170953405417e-05,-0.00034692811116421307,0.000354791261147975,-57.349011487286866,-0.00012160530708042723,819,11.5,0.0,0.5,20,20,0.55,1.3623918812013343,27.247837624026687,11.5,0.8,0.6,0.75,0.02,2
466,27,17967,1.2272727272727273,0.0,0.0,"{'bigmove_prob': 15884, 'probability': 1083, 'score_margin': 373, 'tod_profile': 507, 'expected_r': 0, 'risk_budget': 0, 'capacity': 120, 'other': 0}",15884,1083,373,507,0,0,120,0,-3.0312175212432457e-05,-0.00034715717827860093,0.000388705782587079,-52.34590811295783,-8.643974663724574e-05,826,12.5,0.0,0.5,19,19,0.47368421052631576,0.840239076641661,15.964542456191559,12.5,0.8,0.6,0.75,0.02,3
467,28,17966,1.2727272727272727,0.0,0.0,"{'bigmove_prob': 15178, 'probability': 981, 'score_margin': 341, 'tod_profile': 507, 'expected_r': 0, 'risk_budget': 796, 'capacity': 163, 'other': 0}",15178,981,341,507,0,796,163,0,-3.020617436710893e-05,-0.000345943370827162,0.00032852374389918433,-61.93142428411756,-9.570875384201649e-05,826,12.5,0.0,0.5,16,16,0.5625,3.3222220923588317,53.15555347774131,12.5,0.8,0.6,0.75,0.02,5
468,24,17972,1.0909090909090908,0.0,0.0,"{'bigmove_prob': 15210, 'probability': 1043, 'score_margin': 361, 'tod_profile': 502, 'expected_r': 0, 'risk_budget': 780, 'capacity': 76, 'other': 0}",15210,1043,361,502,0,780,76,0,-3.0292170953405417e-05,-0.00034692811116421307,0.000354791261147975,-57.349011487286866,-0.00012160530708042723,819,11.5,0.0,0.5,20,20,0.55,1.3623918812013343,27.247837624026687,11.5,0.8,0.65,0.6,0.0,2
469,27,17967,1.2272727272727273,0.0,0.0,"{'bigmove_prob': 15884, 'probability': 1083, 'score_margin': 373, 'tod_profile': 507, 'expected_r': 0, 'risk_budget': 0, 'capacity': 120, 'other': 0}",15884,1083,373,507,0,0,120,0,-3.0312175212432457e-05,-0.00034715717827860093,0.000388705782587079,-52.34590811295783,-8.643974663724574e-05,826,12.5,0.0,0.5,19,19,0.47368421052631576,0.840239076641661,15.964542456191559,12.5,0.8,0.65,0.6,0.0,3
470,28,17966,1.2727272727272727,0.0,0.0,"{'bigmove_prob': 15178, 'probability': 981, 'score_margin': 341, 'tod_profile': 507, 'expected_r': 0, 'risk_budget': 796, 'capacity': 163, 'other': 0}",15178,981,341,507,0,796,163,0,-3.020617436710893e-05,-0.000345943370827162,0.00032852374389918433,-61.93142428411756,-9.570875384201649e-05,826,12.5,0.0,0.5,16,16,0.5625,3.3222220923588317,53.15555347774131,12.5,0.8,0.65,0.6,0.0,5
471,24,17972,1.0909090909090908,0.0,0.0,"{'bigmove_prob': 15210, 'probability': 1043, 'score_margin': 361, 'tod_profile': 502, 'expected_r': 0, 'risk_budget': 780, 'capacity': 76, 'other': 0}",15210,1043,361,502,0,780,76,0,-3.0292170953405417e-05,-0.00034692811116421307,0.000354791261147975,-57.349011487286866,-0.00012160530708042723,819,11.5,0.0,0.5,20,20,0.55,1.3623918812013343,27.247837624026687,11.5,0.8,0.65,0.6,0.01,2
472,27,17967,1.2272727272727273,0.0,0.0,"{'bigmove_prob': 15884, 'probability': 1083, 'score_margin': 373, 'tod_profile': 507, 'expected_r': 0, 'risk_budget': 0, 'capacity': 120, 'other': 0}",15884,1083,373,507,0,0,120,0,-3.0312175212432457e-05,-0.00034715717827860093,0.000388705782587079,-52.34590811295783,-8.643974663724574e-05,826,12.5,0.0,0.5,19,19,0.47368421052631576,0.840239076641661,15.964542456191559,12.5,0.8,0.65,0.6,0.01,3
473,28,17966,1.2727272727272727,0.0,0.0,"{'bigmove_prob': 15178, 'probability': 981, 'score_margin': 341, 'tod_profile': 507, 'expected_r': 0, 'risk_budget': 796, 'capacity': 163, 'other': 0}",15178,981,341,507,0,796,163,0,-3.020617436710893e-05,-0.000345943370827162,0.00032852374389918433,-61.93142428411756,-9.570875384201649e-05,826,12.5,0.0,0.5,16,16,0.5625,3.3222220923588317,53.15555347774131,12.5,0.8,0.65,0.6,0.01,5
474,24,17972,1.0909090909090908,0.0,0.0,"{'bigmove_prob': 15210, 'probability': 1043, 'score_margin': 361, 'tod_profile': 502, 'expected_r': 0, 'risk_budget': 780, 'capacity': 76, 'other': 0}",15210,1043,361,502,0,780,76,0,-3.0292170953405417e-05,-0.00034692811116421307,0.000354791261147975,-57.349011487286866,-0.00012160530708042723,819,11.5,0.0,0.5,20,20,0.55,1.3623918812013343,27.247837624026687,11.5,0.8,0.65,0.6,0.02,2
475,27,17967,1.2272727272727273,0.0,0.0,"{'bigmove_prob': 15884, 'probability': 1083, 'score_margin': 373, 'tod_profile': 507, 'expected_r': 0, 'risk_budget': 0, 'capacity': 120, 'other': 0}",15884,1083,373,507,0,0,120,0,-3.0312175212432457e-05,-0.00034715717827860093,0.000388705782587079,-52.34590811295783,-8.643974663724574e-05,826,12.5,0.0,0.5,19,19,0.47368421052631576,0.840239076641661,15.964542456191559,12.5,0.8,0.65,0.6,0.02,3
476,28,17966,1.2727272727272727,0.0,0.0,"{'bigmove_prob': 15178, 'probability': 981, 'score_margin': 341, 'tod_profile': 507, 'expected_r': 0, 'risk_budget': 796, 'capacity': 163, 'other': 0}",15178,981,341,507,0,796,163,0,-3.020617436710893e-05,-0.000345943370827162,0.00032852374389918433,-61.93142428411756,-9.570875384201649e-05,826,12.5,0.0,0.5,16,16,0.5625,3.3222220923588317,53.15555347774131,12.5,0.8,0.65,0.6,0.02,5
477,24,17972,1.0909090909090908,0.0,0.0,"{'bigmove_prob': 15210, 'probability': 1043, 'score_margin': 361, 'tod_profile': 502, 'expected_r': 0, 'risk_budget': 780, 'capacity': 76, 'other': 0}",15210,1043,361,502,0,780,76,0,-3.0292170953405417e-05,-0.00034692811116421307,0.000354791261147975,-57.349011487286866,-0.00012160530708042723,819,11.5,0.0,0.5,20,20,0.55,1.3623918812013343,27.247837624026687,11.5,0.8,0.65,0.65,0.0,2
478,27,17967,1.2272727272727273,0.0,0.0,"{'bigmove_prob': 15884, 'probability': 1083, 'score_margin': 373, 'tod_profile': 507, 'expected_r': 0, 'risk_budget': 0, 'capacity': 120, 'other': 0}",15884,1083,373,507,0,0,120,0,-3.0312175212432457e-05,-0.00034715717827860093,0.000388705782587079,-52.34590811295783,-8.643974663724574e-05,826,12.5,0.0,0.5,19,19,0.47368421052631576,0.840239076641661,15.964542456191559,12.5,0.8,0.65,0.65,0.0,3
479,28,17966,1.2727272727272727,0.0,0.0,"{'bigmove_prob': 15178, 'probability': 981, 'score_margin': 341, 'tod_profile': 507, 'expected_r': 0, 'risk_budget': 796, 'capacity': 163, 'other': 0}",15178,981,341,507,0,796,163,0,-3.020617436710893e-05,-0.000345943370827162,0.00032852374389918433,-61.93142428411756,-9.570875384201649e-05,826,12.5,0.0,0.5,16,16,0.5625,3.3222220923588317,53.15555347774131,12.5,0.8,0.65,0.65,0.0,5
480,24,17972,1.0909090909090908,0.0,0.0,"{'bigmove_prob': 15210, 'probability': 1043, 'score_margin': 361, 'tod_profile': 502, 'expected_r': 0, 'risk_budget': 780, 'capacity': 76, 'other': 0}",15210,1043,361,502,0,780,76,0,-3.0292170953405417e-05,-0.00034692811116421307,0.000354791261147975,-57.349011487286866,-0.00012160530708042723,819,11.5,0.0,0.5,20,20,0.55,1.3623918812013343,27.247837624026687,11.5,0.8,0.65,0.65,0.01,2
481,27,17967,1.2272727272727273,0.0,0.0,"{'bigmove_prob': 15884, 'probability': 1083, 'score_margin': 373, 'tod_profile': 507, 'expected_r': 0, 'risk_budget': 0, 'capacity': 120, 'other': 0}",15884,1083,373,507,0,0,120,0,-3.0312175212432457e-05,-0.00034715717827860093,0.000388705782587079,-52.34590811295783,-8.643974663724574e-05,826,12.5,0.0,0.5,19,19,0.47368421052631576,0.840239076641661,15.964542456191559,12.5,0.8,0.65,0.65,0.01,3
482,28,17966,1.2727272727272727,0.0,0.0,"{'bigmove_prob': 15178, 'probability': 981, 'score_margin': 341, 'tod_profile': 507, 'expected_r': 0, 'risk_budget': 796, 'capacity': 163, 'other': 0}",15178,981,341,507,0,796,163,0,-3.020617436710893e-05,-0.000345943370827162,0.00032852374389918433,-61.93142428411756,-9.570875384201649e-05,826,12.5,0.0,0.5,16,16,0.5625,3.3222220923588317,53.15555347774131,12.5,0.8,0.65,0.65,0.01,5
483,24,17972,1.0909090909090908,0.0,0.0,"{'bigmove_prob': 15210, 'probability': 1043, 'score_margin': 361, 'tod_profile': 502, 'expected_r': 0, 'risk_budget': 780, 'capacity': 76, 'other': 0}",15210,1043,361,502,0,780,76,0,-3.0292170953405417e-05,-0.00034692811116421307,0.000354791261147975,-57.349011487286866,-0.00012160530708042723,819,11.5,0.0,0.5,20,20,0.55,1.3623918812013343,27.247837624026687,11.5,0.8,0.65,0.65,0.02,2
484,27,17967,1.2272727272727273,0.0,0.0,"{'bigmove_prob': 15884, 'probability': 1083, 'score_margin': 373, 'tod_profile': 507, 'expected_r': 0, 'risk_budget': 0, 'capacity': 120, 'other': 0}",15884,1083,373,507,0,0,120,0,-3.0312175212432457e-05,-0.00034715717827860093,0.000388705782587079,-52.34590811295783,-8.643974663724574e-05,826,12.5,0.0,0.5,19,19,0.47368421052631576,0.840239076641661,15.964542456191559,12.5,0.8,0.65,0.65,0.02,3
485,28,17966,1.2727272727272727,0.0,0.0,"{'bigmove_prob': 15178, 'probability': 981, 'score_margin': 341, 'tod_profile': 507, 'expected_r': 0, 'risk_budget': 796, 'capacity': 163, 'other': 0}",15178,981,341,507,0,796,163,0,-3.020617436710893e-05,-0.000345943370827162,0.00032852374389918433,-61.93142428411756,-9.570875384201649e-05,826,12.5,0.0,0.5,16,16,0.5625,3.3222220923588317,53.15555347774131,12.5,0.8,0.65,0.65,0.02,5
486,24,17972,1.0909090909090908,0.0,0.0,"{'bigmove_prob': 15210, 'probability': 1043, 'score_margin': 361, 'tod_profile': 502, 'expected_r': 0, 'risk_budget': 780, 'capacity': 76, 'other': 0}",15210,1043,361,502,0,780,76,0,-3.0292170953405417e-05,-0.00034692811116421307,0.000354791261147975,-57.349011487286866,-0.00012160530708042723,819,11.5,0.0,0.5,20,20,0.55,1.3623918812013343,27.247837624026687,11.5,0.8,0.65,0.7,0.0,2
487,27,17967,1.2272727272727273,0.0,0.0,"{'bigmove_prob': 15884, 'probability': 1083, 'score_margin': 373, 'tod_profile': 507, 'expected_r': 0, 'risk_budget': 0, 'capacity': 120, 'other': 0}",15884,1083,373,507,0,0,120,0,-3.0312175212432457e-05,-0.00034715717827860093,0.000388705782587079,-52.34590811295783,-8.643974663724574e-05,826,12.5,0.0,0.5,19,19,0.47368421052631576,0.840239076641661,15.964542456191559,12.5,0.8,0.65,0.7,0.0,3
488,28,17966,1.2727272727272727,0.0,0.0,"{'bigmove_prob': 15178, 'probability': 981, 'score_margin': 341, 'tod_profile': 507, 'expected_r': 0, 'risk_budget': 796, 'capacity': 163, 'other': 0}",15178,981,341,507,0,796,163,0,-3.020617436710893e-05,-0.000345943370827162,0.00032852374389918433,-61.93142428411756,-9.570875384201649e-05,826,12.5,0.0,0.5,16,16,0.5625,3.3222220923588317,53.15555347774131,12.5,0.8,0.65,0.7,0.0,5
489,24,17972,1.0909090909090908,0.0,0.0,"{'bigmove_prob': 15210, 'probability': 1043, 'score_margin': 361, 'tod_profile': 502, 'expected_r': 0, 'risk_budget': 780, 'capacity': 76, 'other': 0}",15210,1043,361,502,0,780,76,0,-3.0292170953405417e-05,-0.00034692811116421307,0.000354791261147975,-57.349011487286866,-0.00012160530708042723,819,11.5,0.0,0.5,20,20,0.55,1.3623918812013343,27.247837624026687,11.5,0.8,0.65,0.7,0.01,2
490,27,17967,1.2272727272727273,0.0,0.0,"{'bigmove_prob': 15884, 'probability': 1083, 'score_margin': 373, 'tod_profile': 507, 'expected_r': 0, 'risk_budget': 0, 'capacity': 120, 'other': 0}",15884,1083,373,507,0,0,120,0,-3.0312175212432457e-05,-0.00034715717827860093,0.000388705782587079,-52.34590811295783,-8.643974663724574e-05,826,12.5,0.0,0.5,19,19,0.47368421052631576,0.840239076641661,15.964542456191559,12.5,0.8,0.65,0.7,0.01,3
491,28,17966,1.2727272727272727,0.0,0.0,"{'bigmove_prob': 15178, 'probability': 981, 'score_margin': 341, 'tod_profile': 507, 'expected_r': 0, 'risk_budget': 796, 'capacity': 163, 'other': 0}",15178,981,341,507,0,796,163,0,-3.020617436710893e-05,-0.000345943370827162,0.00032852374389918433,-61.93142428411756,-9.570875384201649e-05,826,12.5,0.0,0.5,16,16,0.5625,3.3222220923588317,53.15555347774131,12.5,0.8,0.65,0.7,0.01,5
492,24,17972,1.0909090909090908,0.0,0.0,"{'bigmove_prob': 15210, 'probability': 1043, 'score_margin': 361, 'tod_profile': 502, 'expected_r': 0, 'risk_budget': 780, 'capacity': 76, 'other': 0}",15210,1043,361,502,0,780,76,0,-3.0292170953405417e-05,-0.00034692811116421307,0.000354791261147975,-57.349011487286866,-0.00012160530708042723,819,11.5,0.0,0.5,20,20,0.55,1.3623918812013343,27.247837624026687,11.5,0.8,0.65,0.7,0.02,2
493,27,17967,1.2272727272727273,0.0,0.0,"{'bigmove_prob': 15884, 'probability': 1083, 'score_margin': 373, 'tod_profile': 507, 'expected_r': 0, 'risk_budget': 0, 'capacity': 120, 'other': 0}",15884,1083,373,507,0,0,120,0,-3.0312175212432457e-05,-0.00034715717827860093,0.000388705782587079,-52.34590811295783,-8.643974663724574e-05,826,12.5,0.0,0.5,19,19,0.47368421052631576,0.840239076641661,15.964542456191559,12.5,0.8,0.65,0.7,0.02,3
494,28,17966,1.2727272727272727,0.0,0.0,"{'bigmove_prob': 15178, 'probability': 981, 'score_margin': 341, 'tod_profile': 507, 'expected_r': 0, 'risk_budget': 796, 'capacity': 163, 'other': 0}",15178,981,341,507,0,796,163,0,-3.020617436710893e-05,-0.000345943370827162,0.00032852374389918433,-61.93142428411756,-9.570875384201649e-05,826,12.5,0.0,0.5,16,16,0.5625,3.3222220923588317,53.15555347774131,12.5,0.8,0.65,0.7,0.02,5
495,24,17972,1.0909090909090908,0.0,0.0,"{'bigmove_prob': 15210, 'probability': 1043, 'score_margin': 361, 'tod_profile': 502, 'expected_r': 0, 'risk_budget': 780, 'capacity': 76, 'other': 0}",15210,1043,361,502,0,780,76,0,-3.0292170953405417e-05,-0.00034692811116421307,0.000354791261147975,-57.349011487286866,-0.00012160530708042723,819,11.5,0.0,0.5,20,20,0.55,1.3623918812013343,27.247837624026687,11.5,0.8,0.65,0.75,0.0,2
496,27,17967,1.2272727272727273,0.0,0.0,"{'bigmove_prob': 15884, 'probability': 1083, 'score_margin': 373, 'tod_profile': 507, 'expected_r': 0, 'risk_budget': 0, 'capacity': 120, 'other': 0}",15884,1083,373,507,0,0,120,0,-3.0312175212432457e-05,-0.00034715717827860093,0.000388705782587079,-52.34590811295783,-8.643974663724574e-05,826,12.5,0.0,0.5,19,19,0.47368421052631576,0.840239076641661,15.964542456191559,12.5,0.8,0.65,0.75,0.0,3
497,28,17966,1.2727272727272727,0.0,0.0,"{'bigmove_prob': 15178, 'probability': 981, 'score_margin': 341, 'tod_profile': 507, 'expected_r': 0, 'risk_budget': 796, 'capacity': 163, 'other': 0}",15178,981,341,507,0,796,163,0,-3.020617436710893e-05,-0.000345943370827162,0.00032852374389918433,-61.93142428411756,-9.570875384201649e-05,826,12.5,0.0,0.5,16,16,0.5625,3.3222220923588317,53.15555347774131,12.5,0.8,0.65,0.75,0.0,5
498,24,17972,1.0909090909090908,0.0,0.0,"{'bigmove_prob': 15210, 'probability': 1043, 'score_margin': 361, 'tod_profile': 502, 'expected_r': 0, 'risk_budget': 780, 'capacity': 76, 'other': 0}",15210,1043,361,502,0,780,76,0,-3.0292170953405417e-05,-0.00034692811116421307,0.000354791261147975,-57.349011487286866,-0.00012160530708042723,819,11.5,0.0,0.5,20,20,0.55,1.3623918812013343,27.247837624026687,11.5,0.8,0.65,0.75,0.01,2
499,27,17967,1.2272727272727273,0.0,0.0,"{'bigmove_prob': 15884, 'probability': 1083, 'score_margin': 373, 'tod_profile': 507, 'expected_r': 0, 'risk_budget': 0, 'capacity': 120, 'other': 0}",15884,1083,373,507,0,0,120,0,-3.0312175212432457e-05,-0.00034715717827860093,0.000388705782587079,-52.34590811295783,-8.643974663724574e-05,826,12.5,0.0,0.5,19,19,0.47368421052631576,0.840239076641661,15.964542456191559,12.5,0.8,0.65,0.75,0.01,3
500,28,17966,1.2727272727272727,0.0,0.0,"{'bigmove_prob': 15178, 'probability': 981, 'score_margin': 341, 'tod_profile': 507, 'expected_r': 0, 'risk_budget': 796, 'capacity': 163, 'other': 0}",15178,981,341,507,0,796,163,0,-3.020617436710893e-05,-0.000345943370827162,0.00032852374389918433,-61.93142428411756,-9.570875384201649e-05,826,12.5,0.0,0.5,16,16,0.5625,3.3222220923588317,53.15555347774131,12.5,0.8,0.65,0.75,0.01,5
501,24,17972,1.0909090909090908,0.0,0.0,"{'bigmove_prob': 15210, 'probability': 1043, 'score_margin': 361, 'tod_profile': 502, 'expected_r': 0, 'risk_budget': 780, 'capacity': 76, 'other': 0}",15210,1043,361,502,0,780,76,0,-3.0292170953405417e-05,-0.00034692811116421307,0.000354791261147975,-57.349011487286866,-0.00012160530708042723,819,11.5,0.0,0.5,20,20,0.55,1.3623918812013343,27.247837624026687,11.5,0.8,0.65,0.75,0.02,2
502,27,17967,1.2272727272727273,0.0,0.0,"{'bigmove_prob': 15884, 'probability': 1083, 'score_margin': 373, 'tod_profile': 507, 'expected_r': 0, 'risk_budget': 0, 'capacity': 120, 'other': 0}",15884,1083,373,507,0,0,120,0,-3.0312175212432457e-05,-0.00034715717827860093,0.000388705782587079,-52.34590811295783,-8.643974663724574e-05,826,12.5,0.0,0.5,19,19,0.47368421052631576,0.840239076641661,15.964542456191559,12.5,0.8,0.65,0.75,0.02,3
503,28,17966,1.2727272727272727,0.0,0.0,"{'bigmove_prob': 15178, 'probability': 981, 'score_margin': 341, 'tod_profile': 507, 'expected_r': 0, 'risk_budget': 796, 'capacity': 163, 'other': 0}",15178,981,341,507,0,796,163,0,-3.020617436710893e-05,-0.000345943370827162,0.00032852374389918433,-61.93142428411756,-9.570875384201649e-05,826,12.5,0.0,0.5,16,16,0.5625,3.3222220923588317,53.15555347774131,12.5,0.8,0.65,0.75,0.02,5
504,24,17972,1.0909090909090908,0.0,0.0,"{'bigmove_prob': 15210, 'probability': 1043, 'score_margin': 361, 'tod_profile': 502, 'expected_r': 0, 'risk_budget': 780, 'capacity': 76, 'other': 0}",15210,1043,361,502,0,780,76,0,-3.0292170953405417e-05,-0.00034692811116421307,0.000354791261147975,-57.349011487286866,-0.00012160530708042723,819,11.5,0.0,0.5,20,20,0.55,1.3623918812013343,27.247837624026687,11.5,0.8,0.7,0.6,0.0,2
505,27,17967,1.2272727272727273,0.0,0.0,"{'bigmove_prob': 15884, 'probability': 1083, 'score_margin': 373, 'tod_profile': 507, 'expected_r': 0, 'risk_budget': 0, 'capacity': 120, 'other': 0}",15884,1083,373,507,0,0,120,0,-3.0312175212432457e-05,-0.00034715717827860093,0.000388705782587079,-52.34590811295783,-8.643974663724574e-05,826,12.5,0.0,0.5,19,19,0.47368421052631576,0.840239076641661,15.964542456191559,12.5,0.8,0.7,0.6,0.0,3
506,28,17966,1.2727272727272727,0.0,0.0,"{'bigmove_prob': 15178, 'probability': 981, 'score_margin': 341, 'tod_profile': 507, 'expected_r': 0, 'risk_budget': 796, 'capacity': 163, 'other': 0}",15178,981,341,507,0,796,163,0,-3.020617436710893e-05,-0.000345943370827162,0.00032852374389918433,-61.93142428411756,-9.570875384201649e-05,826,12.5,0.0,0.5,16,16,0.5625,3.3222220923588317,53.15555347774131,12.5,0.8,0.7,0.6,0.0,5
507,24,17972,1.0909090909090908,0.0,0.0,"{'bigmove_prob': 15210, 'probability': 1043, 'score_margin': 361, 'tod_profile': 502, 'expected_r': 0, 'risk_budget': 780, 'capacity': 76, 'other': 0}",15210,1043,361,502,0,780,76,0,-3.0292170953405417e-05,-0.00034692811116421307,0.000354791261147975,-57.349011487286866,-0.00012160530708042723,819,11.5,0.0,0.5,20,20,0.55,1.3623918812013343,27.247837624026687,11.5,0.8,0.7,0.6,0.01,2
508,27,17967,1.2272727272727273,0.0,0.0,"{'bigmove_prob': 15884, 'probability': 1083, 'score_margin': 373, 'tod_profile': 507, 'expected_r': 0, 'risk_budget': 0, 'capacity': 120, 'other': 0}",15884,1083,373,507,0,0,120,0,-3.0312175212432457e-05,-0.00034715717827860093,0.000388705782587079,-52.34590811295783,-8.643974663724574e-05,826,12.5,0.0,0.5,19,19,0.47368421052631576,0.840239076641661,15.964542456191559,12.5,0.8,0.7,0.6,0.01,3
509,28,17966,1.2727272727272727,0.0,0.0,"{'bigmove_prob': 15178, 'probability': 981, 'score_margin': 341, 'tod_profile': 507, 'expected_r': 0, 'risk_budget': 796, 'capacity': 163, 'other': 0}",15178,981,341,507,0,796,163,0,-3.020617436710893e-05,-0.000345943370827162,0.00032852374389918433,-61.93142428411756,-9.570875384201649e-05,826,12.5,0.0,0.5,16,16,0.5625,3.3222220923588317,53.15555347774131,12.5,0.8,0.7,0.6,0.01,5
510,24,17972,1.0909090909090908,0.0,0.0,"{'bigmove_prob': 15210, 'probability': 1043, 'score_margin': 361, 'tod_profile': 502, 'expected_r': 0, 'risk_budget': 780, 'capacity': 76, 'other': 0}",15210,1043,361,502,0,780,76,0,-3.0292170953405417e-05,-0.00034692811116421307,0.000354791261147975,-57.349011487286866,-0.00012160530708042723,819,11.5,0.0,0.5,20,20,0.55,1.3623918812013343,27.247837624026687,11.5,0.8,0.7,0.6,0.02,2
511,27,17967,1.2272727272727273,0.0,0.0,"{'bigmove_prob': 15884, 'probability': 1083, 'score_margin': 373, 'tod_profile': 507, 'expected_r': 0, 'risk_budget': 0, 'capacity': 120, 'other': 0}",15884,1083,373,507,0,0,120,0,-3.0312175212432457e-05,-0.00034715717827860093,0.000388705782587079,-52.34590811295783,-8.643974663724574e-05,826,12.5,0.0,0.5,19,19,0.47368421052631576,0.840239076641661,15.964542456191559,12.5,0.8,0.7,0.6,0.02,3
512,28,17966,1.2727272727272727,0.0,0.0,"{'bigmove_prob': 15178, 'probability': 981, 'score_margin': 341, 'tod_profile': 507, 'expected_r': 0, 'risk_budget': 796, 'capacity': 163, 'other': 0}",15178,981,341,507,0,796,163,0,-3.020617436710893e-05,-0.000345943370827162,0.00032852374389918433,-61.93142428411756,-9.570875384201649e-05,826,12.5,0.0,0.5,16,16,0.5625,3.3222220923588317,53.15555347774131,12.5,0.8,0.7,0.6,0.02,5
513,24,17972,1.0909090909090908,0.0,0.0,"{'bigmove_prob': 15210, 'probability': 1043, 'score_margin': 361, 'tod_profile': 502, 'expected_r': 0, 'risk_budget': 780, 'capacity': 76, 'other': 0}",15210,1043,361,502,0,780,76,0,-3.0292170953405417e-05,-0.00034692811116421307,0.000354791261147975,-57.349011487286866,-0.00012160530708042723,819,11.5,0.0,0.5,20,20,0.55,1.3623918812013343,27.247837624026687,11.5,0.8,0.7,0.65,0.0,2
514,27,17967,1.2272727272727273,0.0,0.0,"{'bigmove_prob': 15884, 'probability': 1083, 'score_margin': 373, 'tod_profile': 507, 'expected_r': 0, 'risk_budget': 0, 'capacity': 120, 'other': 0}",15884,1083,373,507,0,0,120,0,-3.0312175212432457e-05,-0.00034715717827860093,0.000388705782587079,-52.34590811295783,-8.643974663724574e-05,826,12.5,0.0,0.5,19,19,0.47368421052631576,0.840239076641661,15.964542456191559,12.5,0.8,0.7,0.65,0.0,3
515,28,17966,1.2727272727272727,0.0,0.0,"{'bigmove_prob': 15178, 'probability': 981, 'score_margin': 341, 'tod_profile': 507, 'expected_r': 0, 'risk_budget': 796, 'capacity': 163, 'other': 0}",15178,981,341,507,0,796,163,0,-3.020617436710893e-05,-0.000345943370827162,0.00032852374389918433,-61.93142428411756,-9.570875384201649e-05,826,12.5,0.0,0.5,16,16,0.5625,3.3222220923588317,53.15555347774131,12.5,0.8,0.7,0.65,0.0,5
516,24,17972,1.0909090909090908,0.0,0.0,"{'bigmove_prob': 15210, 'probability': 1043, 'score_margin': 361, 'tod_profile': 502, 'expected_r': 0, 'risk_budget': 780, 'capacity': 76, 'other': 0}",15210,1043,361,502,0,780,76,0,-3.0292170953405417e-05,-0.00034692811116421307,0.000354791261147975,-57.349011487286866,-0.00012160530708042723,819,11.5,0.0,0.5,20,20,0.55,1.3623918812013343,27.247837624026687,11.5,0.8,0.7,0.65,0.01,2
517,27,17967,1.2272727272727273,0.0,0.0,"{'bigmove_prob': 15884, 'probability': 1083, 'score_margin': 373, 'tod_profile': 507, 'expected_r': 0, 'risk_budget': 0, 'capacity': 120, 'other': 0}",15884,1083,373,507,0,0,120,0,-3.0312175212432457e-05,-0.00034715717827860093,0.000388705782587079,-52.34590811295783,-8.643974663724574e-05,826,12.5,0.0,0.5,19,19,0.47368421052631576,0.840239076641661,15.964542456191559,12.5,0.8,0.7,0.65,0.01,3
518,28,17966,1.2727272727272727,0.0,0.0,"{'bigmove_prob': 15178, 'probability': 981, 'score_margin': 341, 'tod_profile': 507, 'expected_r': 0, 'risk_budget': 796, 'capacity': 163, 'other': 0}",15178,981,341,507,0,796,163,0,-3.020617436710893e-05,-0.000345943370827162,0.00032852374389918433,-61.93142428411756,-9.570875384201649e-05,826,12.5,0.0,0.5,16,16,0.5625,3.3222220923588317,53.15555347774131,12.5,0.8,0.7,0.65,0.01,5
519,24,17972,1.0909090909090908,0.0,0.0,"{'bigmove_prob': 15210, 'probability': 1043, 'score_margin': 361, 'tod_profile': 502, 'expected_r': 0, 'risk_budget': 780, 'capacity': 76, 'other': 0}",15210,1043,361,502,0,780,76,0,-3.0292170953405417e-05,-0.00034692811116421307,0.000354791261147975,-57.349011487286866,-0.00012160530708042723,819,11.5,0.0,0.5,20,20,0.55,1.3623918812013343,27.247837624026687,11.5,0.8,0.7,0.65,0.02,2
520,27,17967,1.2272727272727273,0.0,0.0,"{'bigmove_prob': 15884, 'probability': 1083, 'score_margin': 373, 'tod_profile': 507, 'expected_r': 0, 'risk_budget': 0, 'capacity': 120, 'other': 0}",15884,1083,373,507,0,0,120,0,-3.0312175212432457e-05,-0.00034715717827860093,0.000388705782587079,-52.34590811295783,-8.643974663724574e-05,826,12.5,0.0,0.5,19,19,0.47368421052631576,0.840239076641661,15.964542456191559,12.5,0.8,0.7,0.65,0.02,3
521,28,17966,1.2727272727272727,0.0,0.0,"{'bigmove_prob': 15178, 'probability': 981, 'score_margin': 341, 'tod_profile': 507, 'expected_r': 0, 'risk_budget': 796, 'capacity': 163, 'other': 0}",15178,981,341,507,0,796,163,0,-3.020617436710893e-05,-0.000345943370827162,0.00032852374389918433,-61.93142428411756,-9.570875384201649e-05,826,12.5,0.0,0.5,16,16,0.5625,3.3222220923588317,53.15555347774131,12.5,0.8,0.7,0.65,0.02,5
522,24,17972,1.0909090909090908,0.0,0.0,"{'bigmove_prob': 15210, 'probability': 1043, 'score_margin': 361, 'tod_profile': 502, 'expected_r': 0, 'risk_budget': 780, 'capacity': 76, 'other': 0}",15210,1043,361,502,0,780,76,0,-3.0292170953405417e-05,-0.00034692811116421307,0.000354791261147975,-57.349011487286866,-0.00012160530708042723,819,11.5,0.0,0.5,20,20,0.55,1.3623918812013343,27.247837624026687,11.5,0.8,0.7,0.7,0.0,2
523,27,17967,1.2272727272727273,0.0,0.0,"{'bigmove_prob': 15884, 'probability': 1083, 'score_margin': 373, 'tod_profile': 507, 'expected_r': 0, 'risk_budget': 0, 'capacity': 120, 'other': 0}",15884,1083,373,507,0,0,120,0,-3.0312175212432457e-05,-0.00034715717827860093,0.000388705782587079,-52.34590811295783,-8.643974663724574e-05,826,12.5,0.0,0.5,19,19,0.47368421052631576,0.840239076641661,15.964542456191559,12.5,0.8,0.7,0.7,0.0,3
524,28,17966,1.2727272727272727,0.0,0.0,"{'bigmove_prob': 15178, 'probability': 981, 'score_margin': 341, 'tod_profile': 507, 'expected_r': 0, 'risk_budget': 796, 'capacity': 163, 'other': 0}",15178,981,341,507,0,796,163,0,-3.020617436710893e-05,-0.000345943370827162,0.00032852374389918433,-61.93142428411756,-9.570875384201649e-05,826,12.5,0.0,0.5,16,16,0.5625,3.3222220923588317,53.15555347774131,12.5,0.8,0.7,0.7,0.0,5
525,24,17972,1.0909090909090908,0.0,0.0,"{'bigmove_prob': 15210, 'probability': 1043, 'score_margin': 361, 'tod_profile': 502, 'expected_r': 0, 'risk_budget': 780, 'capacity': 76, 'other': 0}",15210,1043,361,502,0,780,76,0,-3.0292170953405417e-05,-0.00034692811116421307,0.000354791261147975,-57.349011487286866,-0.00012160530708042723,819,11.5,0.0,0.5,20,20,0.55,1.3623918812013343,27.247837624026687,11.5,0.8,0.7,0.7,0.01,2
526,27,17967,1.2272727272727273,0.0,0.0,"{'bigmove_prob': 15884, 'probability': 1083, 'score_margin': 373, 'tod_profile': 507, 'expected_r': 0, 'risk_budget': 0, 'capacity': 120, 'other': 0}",15884,1083,373,507,0,0,120,0,-3.0312175212432457e-05,-0.00034715717827860093,0.000388705782587079,-52.34590811295783,-8.643974663724574e-05,826,12.5,0.0,0.5,19,19,0.47368421052631576,0.840239076641661,15.964542456191559,12.5,0.8,0.7,0.7,0.01,3
527,28,17966,1.2727272727272727,0.0,0.0,"{'bigmove_prob': 15178, 'probability': 981, 'score_margin': 341, 'tod_profile': 507, 'expected_r': 0, 'risk_budget': 796, 'capacity': 163, 'other': 0}",15178,981,341,507,0,796,163,0,-3.020617436710893e-05,-0.000345943370827162,0.00032852374389918433,-61.93142428411756,-9.570875384201649e-05,826,12.5,0.0,0.5,16,16,0.5625,3.3222220923588317,53.15555347774131,12.5,0.8,0.7,0.7,0.01,5
528,24,17972,1.0909090909090908,0.0,0.0,"{'bigmove_prob': 15210, 'probability': 1043, 'score_margin': 361, 'tod_profile': 502, 'expected_r': 0, 'risk_budget': 780, 'capacity': 76, 'other': 0}",15210,1043,361,502,0,780,76,0,-3.0292170953405417e-05,-0.00034692811116421307,0.000354791261147975,-57.349011487286866,-0.00012160530708042723,819,11.5,0.0,0.5,20,20,0.55,1.3623918812013343,27.247837624026687,11.5,0.8,0.7,0.7,0.02,2
529,27,17967,1.2272727272727273,0.0,0.0,"{'bigmove_prob': 15884, 'probability': 1083, 'score_margin': 373, 'tod_profile': 507, 'expected_r': 0, 'risk_budget': 0, 'capacity': 120, 'other': 0}",15884,1083,373,507,0,0,120,0,-3.0312175212432457e-05,-0.00034715717827860093,0.000388705782587079,-52.34590811295783,-8.643974663724574e-05,826,12.5,0.0,0.5,19,19,0.47368421052631576,0.840239076641661,15.964542456191559,12.5,0.8,0.7,0.7,0.02,3
530,28,17966,1.2727272727272727,0.0,0.0,"{'bigmove_prob': 15178, 'probability': 981, 'score_margin': 341, 'tod_profile': 507, 'expected_r': 0, 'risk_budget': 796, 'capacity': 163, 'other': 0}",15178,981,341,507,0,796,163,0,-3.020617436710893e-05,-0.000345943370827162,0.00032852374389918433,-61.93142428411756,-9.570875384201649e-05,826,12.5,0.0,0.5,16,16,0.5625,3.3222220923588317,53.15555347774131,12.5,0.8,0.7,0.7,0.02,5
531,24,17972,1.0909090909090908,0.0,0.0,"{'bigmove_prob': 15210, 'probability': 1043, 'score_margin': 361, 'tod_profile': 502, 'expected_r': 0, 'risk_budget': 780, 'capacity': 76, 'other': 0}",15210,1043,361,502,0,780,76,0,-3.0292170953405417e-05,-0.00034692811116421307,0.000354791261147975,-57.349011487286866,-0.00012160530708042723,819,11.5,0.0,0.5,20,20,0.55,1.3623918812013343,27.247837624026687,11.5,0.8,0.7,0.75,0.0,2
532,27,17967,1.2272727272727273,0.0,0.0,"{'bigmove_prob': 15884, 'probability': 1083, 'score_margin': 373, 'tod_profile': 507, 'expected_r': 0, 'risk_budget': 0, 'capacity': 120, 'other': 0}",15884,1083,373,507,0,0,120,0,-3.0312175212432457e-05,-0.00034715717827860093,0.000388705782587079,-52.34590811295783,-8.643974663724574e-05,826,12.5,0.0,0.5,19,19,0.47368421052631576,0.840239076641661,15.964542456191559,12.5,0.8,0.7,0.75,0.0,3
533,28,17966,1.2727272727272727,0.0,0.0,"{'bigmove_prob': 15178, 'probability': 981, 'score_margin': 341, 'tod_profile': 507, 'expected_r': 0, 'risk_budget': 796, 'capacity': 163, 'other': 0}",15178,981,341,507,0,796,163,0,-3.020617436710893e-05,-0.000345943370827162,0.00032852374389918433,-61.93142428411756,-9.570875384201649e-05,826,12.5,0.0,0.5,16,16,0.5625,3.3222220923588317,53.15555347774131,12.5,0.8,0.7,0.75,0.0,5
534,24,17972,1.0909090909090908,0.0,0.0,"{'bigmove_prob': 15210, 'probability': 1043, 'score_margin': 361, 'tod_profile': 502, 'expected_r': 0, 'risk_budget': 780, 'capacity': 76, 'other': 0}",15210,1043,361,502,0,780,76,0,-3.0292170953405417e-05,-0.00034692811116421307,0.000354791261147975,-57.349011487286866,-0.00012160530708042723,819,11.5,0.0,0.5,20,20,0.55,1.3623918812013343,27.247837624026687,11.5,0.8,0.7,0.75,0.01,2
535,27,17967,1.2272727272727273,0.0,0.0,"{'bigmove_prob': 15884, 'probability': 1083, 'score_margin': 373, 'tod_profile': 507, 'expected_r': 0, 'risk_budget': 0, 'capacity': 120, 'other': 0}",15884,1083,373,507,0,0,120,0,-3.0312175212432457e-05,-0.00034715717827860093,0.000388705782587079,-52.34590811295783,-8.643974663724574e-05,826,12.5,0.0,0.5,19,19,0.47368421052631576,0.840239076641661,15.964542456191559,12.5,0.8,0.7,0.75,0.01,3
536,28,17966,1.2727272727272727,0.0,0.0,"{'bigmove_prob': 15178, 'probability': 981, 'score_margin': 341, 'tod_profile': 507, 'expected_r': 0, 'risk_budget': 796, 'capacity': 163, 'other': 0}",15178,981,341,507,0,796,163,0,-3.020617436710893e-05,-0.000345943370827162,0.00032852374389918433,-61.93142428411756,-9.570875384201649e-05,826,12.5,0.0,0.5,16,16,0.5625,3.3222220923588317,53.15555347774131,12.5,0.8,0.7,0.75,0.01,5
537,24,17972,1.0909090909090908,0.0,0.0,"{'bigmove_prob': 15210, 'probability': 1043, 'score_margin': 361, 'tod_profile': 502, 'expected_r': 0, 'risk_budget': 780, 'capacity': 76, 'other': 0}",15210,1043,361,502,0,780,76,0,-3.0292170953405417e-05,-0.00034692811116421307,0.000354791261147975,-57.349011487286866,-0.00012160530708042723,819,11.5,0.0,0.5,20,20,0.55,1.3623918812013343,27.247837624026687,11.5,0.8,0.7,0.75,0.02,2
538,27,17967,1.2272727272727273,0.0,0.0,"{'bigmove_prob': 15884, 'probability': 1083, 'score_margin': 373, 'tod_profile': 507, 'expected_r': 0, 'risk_budget': 0, 'capacity': 120, 'other': 0}",15884,1083,373,507,0,0,120,0,-3.0312175212432457e-05,-0.00034715717827860093,0.000388705782587079,-52.34590811295783,-8.643974663724574e-05,826,12.5,0.0,0.5,19,19,0.47368421052631576,0.840239076641661,15.964542456191559,12.5,0.8,0.7,0.75,0.02,3
539,28,17966,1.2727272727272727,0.0,0.0,"{'bigmove_prob': 15178, 'probability': 981, 'score_margin': 341, 'tod_profile': 507, 'expected_r': 0, 'risk_budget': 796, 'capacity': 163, 'other': 0}",15178,981,341,507,0,796,163,0,-3.020617436710893e-05,-0.000345943370827162,0.00032852374389918433,-61.93142428411756,-9.570875384201649e-05,826,12.5,0.0,0.5,16,16,0.5625,3.3222220923588317,53.15555347774131,12.5,0.8,0.7,0.75,0.02,5
540,24,17972,1.0909090909090908,0.0,0.0,"{'bigmove_prob': 15210, 'probability': 1043, 'score_margin': 361, 'tod_profile': 502, 'expected_r': 0, 'risk_budget': 780, 'capacity': 76, 'other': 0}",15210,1043,361,502,0,780,76,0,-3.0292170953405417e-05,-0.00034692811116421307,0.000354791261147975,-57.349011487286866,-0.00012160530708042723,819,11.5,0.0,0.5,20,20,0.55,1.3623918812013343,27.247837624026687,11.5,0.8,0.75,0.6,0.0,2
541,27,17967,1.2272727272727273,0.0,0.0,"{'bigmove_prob': 15884, 'probability': 1083, 'score_margin': 373, 'tod_profile': 507, 'expected_r': 0, 'risk_budget': 0, 'capacity': 120, 'other': 0}",15884,1083,373,507,0,0,120,0,-3.0312175212432457e-05,-0.00034715717827860093,0.000388705782587079,-52.34590811295783,-8.643974663724574e-05,826,12.5,0.0,0.5,19,19,0.47368421052631576,0.840239076641661,15.964542456191559,12.5,0.8,0.75,0.6,0.0,3
542,28,17966,1.2727272727272727,0.0,0.0,"{'bigmove_prob': 15178, 'probability': 981, 'score_margin': 341, 'tod_profile': 507, 'expected_r': 0, 'risk_budget': 796, 'capacity': 163, 'other': 0}",15178,981,341,507,0,796,163,0,-3.020617436710893e-05,-0.000345943370827162,0.00032852374389918433,-61.93142428411756,-9.570875384201649e-05,826,12.5,0.0,0.5,16,16,0.5625,3.3222220923588317,53.15555347774131,12.5,0.8,0.75,0.6,0.0,5
543,24,17972,1.0909090909090908,0.0,0.0,"{'bigmove_prob': 15210, 'probability': 1043, 'score_margin': 361, 'tod_profile': 502, 'expected_r': 0, 'risk_budget': 780, 'capacity': 76, 'other': 0}",15210,1043,361,502,0,780,76,0,-3.0292170953405417e-05,-0.00034692811116421307,0.000354791261147975,-57.349011487286866,-0.00012160530708042723,819,11.5,0.0,0.5,20,20,0.55,1.3623918812013343,27.247837624026687,11.5,0.8,0.75,0.6,0.01,2
544,27,17967,1.2272727272727273,0.0,0.0,"{'bigmove_prob': 15884, 'probability': 1083, 'score_margin': 373, 'tod_profile': 507, 'expected_r': 0, 'risk_budget': 0, 'capacity': 120, 'other': 0}",15884,1083,373,507,0,0,120,0,-3.0312175212432457e-05,-0.00034715717827860093,0.000388705782587079,-52.34590811295783,-8.643974663724574e-05,826,12.5,0.0,0.5,19,19,0.47368421052631576,0.840239076641661,15.964542456191559,12.5,0.8,0.75,0.6,0.01,3
545,28,17966,1.2727272727272727,0.0,0.0,"{'bigmove_prob': 15178, 'probability': 981, 'score_margin': 341, 'tod_profile': 507, 'expected_r': 0, 'risk_budget': 796, 'capacity': 163, 'other': 0}",15178,981,341,507,0,796,163,0,-3.020617436710893e-05,-0.000345943370827162,0.00032852374389918433,-61.93142428411756,-9.570875384201649e-05,826,12.5,0.0,0.5,16,16,0.5625,3.3222220923588317,53.15555347774131,12.5,0.8,0.75,0.6,0.01,5
546,24,17972,1.0909090909090908,0.0,0.0,"{'bigmove_prob': 15210, 'probability': 1043, 'score_margin': 361, 'tod_profile': 502, 'expected_r': 0, 'risk_budget': 780, 'capacity': 76, 'other': 0}",15210,1043,361,502,0,780,76,0,-3.0292170953405417e-05,-0.00034692811116421307,0.000354791261147975,-57.349011487286866,-0.00012160530708042723,819,11.5,0.0,0.5,20,20,0.55,1.3623918812013343,27.247837624026687,11.5,0.8,0.75,0.6,0.02,2
547,27,17967,1.2272727272727273,0.0,0.0,"{'bigmove_prob': 15884, 'probability': 1083, 'score_margin': 373, 'tod_profile': 507, 'expected_r': 0, 'risk_budget': 0, 'capacity': 120, 'other': 0}",15884,1083,373,507,0,0,120,0,-3.0312175212432457e-05,-0.00034715717827860093,0.000388705782587079,-52.34590811295783,-8.643974663724574e-05,826,12.5,0.0,0.5,19,19,0.47368421052631576,0.840239076641661,15.964542456191559,12.5,0.8,0.75,0.6,0.02,3
548,28,17966,1.2727272727272727,0.0,0.0,"{'bigmove_prob': 15178, 'probability': 981, 'score_margin': 341, 'tod_profile': 507, 'expected_r': 0, 'risk_budget': 796, 'capacity': 163, 'other': 0}",15178,981,341,507,0,796,163,0,-3.020617436710893e-05,-0.000345943370827162,0.00032852374389918433,-61.93142428411756,-9.570875384201649e-05,826,12.5,0.0,0.5,16,16,0.5625,3.3222220923588317,53.15555347774131,12.5,0.8,0.75,0.6,0.02,5
549,24,17972,1.0909090909090908,0.0,0.0,"{'bigmove_prob': 15210, 'probability': 1043, 'score_margin': 361, 'tod_profile': 502, 'expected_r': 0, 'risk_budget': 780, 'capacity': 76, 'other': 0}",15210,1043,361,502,0,780,76,0,-3.0292170953405417e-05,-0.00034692811116421307,0.000354791261147975,-57.349011487286866,-0.00012160530708042723,819,11.5,0.0,0.5,20,20,0.55,1.3623918812013343,27.247837624026687,11.5,0.8,0.75,0.65,0.0,2
550,27,17967,1.2272727272727273,0.0,0.0,"{'bigmove_prob': 15884, 'probability': 1083, 'score_margin': 373, 'tod_profile': 507, 'expected_r': 0, 'risk_budget': 0, 'capacity': 120, 'other': 0}",15884,1083,373,507,0,0,120,0,-3.0312175212432457e-05,-0.00034715717827860093,0.000388705782587079,-52.34590811295783,-8.643974663724574e-05,826,12.5,0.0,0.5,19,19,0.47368421052631576,0.840239076641661,15.964542456191559,12.5,0.8,0.75,0.65,0.0,3
551,28,17966,1.2727272727272727,0.0,0.0,"{'bigmove_prob': 15178, 'probability': 981, 'score_margin': 341, 'tod_profile': 507, 'expected_r': 0, 'risk_budget': 796, 'capacity': 163, 'other': 0}",15178,981,341,507,0,796,163,0,-3.020617436710893e-05,-0.000345943370827162,0.00032852374389918433,-61.93142428411756,-9.570875384201649e-05,826,12.5,0.0,0.5,16,16,0.5625,3.3222220923588317,53.15555347774131,12.5,0.8,0.75,0.65,0.0,5
552,24,17972,1.0909090909090908,0.0,0.0,"{'bigmove_prob': 15210, 'probability': 1043, 'score_margin': 361, 'tod_profile': 502, 'expected_r': 0, 'risk_budget': 780, 'capacity': 76, 'other': 0}",15210,1043,361,502,0,780,76,0,-3.0292170953405417e-05,-0.00034692811116421307,0.000354791261147975,-57.349011487286866,-0.00012160530708042723,819,11.5,0.0,0.5,20,20,0.55,1.3623918812013343,27.247837624026687,11.5,0.8,0.75,0.65,0.01,2
553,27,17967,1.2272727272727273,0.0,0.0,"{'bigmove_prob': 15884, 'probability': 1083, 'score_margin': 373, 'tod_profile': 507, 'expected_r': 0, 'risk_budget': 0, 'capacity': 120, 'other': 0}",15884,1083,373,507,0,0,120,0,-3.0312175212432457e-05,-0.00034715717827860093,0.000388705782587079,-52.34590811295783,-8.643974663724574e-05,826,12.5,0.0,0.5,19,19,0.47368421052631576,0.840239076641661,15.964542456191559,12.5,0.8,0.75,0.65,0.01,3
554,28,17966,1.2727272727272727,0.0,0.0,"{'bigmove_prob': 15178, 'probability': 981, 'score_margin': 341, 'tod_profile': 507, 'expected_r': 0, 'risk_budget': 796, 'capacity': 163, 'other': 0}",15178,981,341,507,0,796,163,0,-3.020617436710893e-05,-0.000345943370827162,0.00032852374389918433,-61.93142428411756,-9.570875384201649e-05,826,12.5,0.0,0.5,16,16,0.5625,3.3222220923588317,53.15555347774131,12.5,0.8,0.75,0.65,0.01,5
555,24,17972,1.0909090909090908,0.0,0.0,"{'bigmove_prob': 15210, 'probability': 1043, 'score_margin': 361, 'tod_profile': 502, 'expected_r': 0, 'risk_budget': 780, 'capacity': 76, 'other': 0}",15210,1043,361,502,0,780,76,0,-3.0292170953405417e-05,-0.00034692811116421307,0.000354791261147975,-57.349011487286866,-0.00012160530708042723,819,11.5,0.0,0.5,20,20,0.55,1.3623918812013343,27.247837624026687,11.5,0.8,0.75,0.65,0.02,2
556,27,17967,1.2272727272727273,0.0,0.0,"{'bigmove_prob': 15884, 'probability': 1083, 'score_margin': 373, 'tod_profile': 507, 'expected_r': 0, 'risk_budget': 0, 'capacity': 120, 'other': 0}",15884,1083,373,507,0,0,120,0,-3.0312175212432457e-05,-0.00034715717827860093,0.000388705782587079,-52.34590811295783,-8.643974663724574e-05,826,12.5,0.0,0.5,19,19,0.47368421052631576,0.840239076641661,15.964542456191559,12.5,0.8,0.75,0.65,0.02,3
557,28,17966,1.2727272727272727,0.0,0.0,"{'bigmove_prob': 15178, 'probability': 981, 'score_margin': 341, 'tod_profile': 507, 'expected_r': 0, 'risk_budget': 796, 'capacity': 163, 'other': 0}",15178,981,341,507,0,796,163,0,-3.020617436710893e-05,-0.000345943370827162,0.00032852374389918433,-61.93142428411756,-9.570875384201649e-05,826,12.5,0.0,0.5,16,16,0.5625,3.3222220923588317,53.15555347774131,12.5,0.8,0.75,0.65,0.02,5
558,24,17972,1.0909090909090908,0.0,0.0,"{'bigmove_prob': 15210, 'probability': 1043, 'score_margin': 361, 'tod_profile': 502, 'expected_r': 0, 'risk_budget': 780, 'capacity': 76, 'other': 0}",15210,1043,361,502,0,780,76,0,-3.0292170953405417e-05,-0.00034692811116421307,0.000354791261147975,-57.349011487286866,-0.00012160530708042723,819,11.5,0.0,0.5,20,20,0.55,1.3623918812013343,27.247837624026687,11.5,0.8,0.75,0.7,0.0,2
559,27,17967,1.2272727272727273,0.0,0.0,"{'bigmove_prob': 15884, 'probability': 1083, 'score_margin': 373, 'tod_profile': 507, 'expected_r': 0, 'risk_budget': 0, 'capacity': 120, 'other': 0}",15884,1083,373,507,0,0,120,0,-3.0312175212432457e-05,-0.00034715717827860093,0.000388705782587079,-52.34590811295783,-8.643974663724574e-05,826,12.5,0.0,0.5,19,19,0.47368421052631576,0.840239076641661,15.964542456191559,12.5,0.8,0.75,0.7,0.0,3
560,28,17966,1.2727272727272727,0.0,0.0,"{'bigmove_prob': 15178, 'probability': 981, 'score_margin': 341, 'tod_profile': 507, 'expected_r': 0, 'risk_budget': 796, 'capacity': 163, 'other': 0}",15178,981,341,507,0,796,163,0,-3.020617436710893e-05,-0.000345943370827162,0.00032852374389918433,-61.93142428411756,-9.570875384201649e-05,826,12.5,0.0,0.5,16,16,0.5625,3.3222220923588317,53.15555347774131,12.5,0.8,0.75,0.7,0.0,5
561,24,17972,1.0909090909090908,0.0,0.0,"{'bigmove_prob': 15210, 'probability': 1043, 'score_margin': 361, 'tod_profile': 502, 'expected_r': 0, 'risk_budget': 780, 'capacity': 76, 'other': 0}",15210,1043,361,502,0,780,76,0,-3.0292170953405417e-05,-0.00034692811116421307,0.000354791261147975,-57.349011487286866,-0.00012160530708042723,819,11.5,0.0,0.5,20,20,0.55,1.3623918812013343,27.247837624026687,11.5,0.8,0.75,0.7,0.01,2
562,27,17967,1.2272727272727273,0.0,0.0,"{'bigmove_prob': 15884, 'probability': 1083, 'score_margin': 373, 'tod_profile': 507, 'expected_r': 0, 'risk_budget': 0, 'capacity': 120, 'other': 0}",15884,1083,373,507,0,0,120,0,-3.0312175212432457e-05,-0.00034715717827860093,0.000388705782587079,-52.34590811295783,-8.643974663724574e-05,826,12.5,0.0,0.5,19,19,0.47368421052631576,0.840239076641661,15.964542456191559,12.5,0.8,0.75,0.7,0.01,3
563,28,17966,1.2727272727272727,0.0,0.0,"{'bigmove_prob': 15178, 'probability': 981, 'score_margin': 341, 'tod_profile': 507, 'expected_r': 0, 'risk_budget': 796, 'capacity': 163, 'other': 0}",15178,981,341,507,0,796,163,0,-3.020617436710893e-05,-0.000345943370827162,0.00032852374389918433,-61.93142428411756,-9.570875384201649e-05,826,12.5,0.0,0.5,16,16,0.5625,3.3222220923588317,53.15555347774131,12.5,0.8,0.75,0.7,0.01,5
564,24,17972,1.0909090909090908,0.0,0.0,"{'bigmove_prob': 15210, 'probability': 1043, 'score_margin': 361, 'tod_profile': 502, 'expected_r': 0, 'risk_budget': 780, 'capacity': 76, 'other': 0}",15210,1043,361,502,0,780,76,0,-3.0292170953405417e-05,-0.00034692811116421307,0.000354791261147975,-57.349011487286866,-0.00012160530708042723,819,11.5,0.0,0.5,20,20,0.55,1.3623918812013343,27.247837624026687,11.5,0.8,0.75,0.7,0.02,2
565,27,17967,1.2272727272727273,0.0,0.0,"{'bigmove_prob': 15884, 'probability': 1083, 'score_margin': 373, 'tod_profile': 507, 'expected_r': 0, 'risk_budget': 0, 'capacity': 120, 'other': 0}",15884,1083,373,507,0,0,120,0,-3.0312175212432457e-05,-0.00034715717827860093,0.000388705782587079,-52.34590811295783,-8.643974663724574e-05,826,12.5,0.0,0.5,19,19,0.47368421052631576,0.840239076641661,15.964542456191559,12.5,0.8,0.75,0.7,0.02,3
566,28,17966,1.2727272727272727,0.0,0.0,"{'bigmove_prob': 15178, 'probability': 981, 'score_margin': 341, 'tod_profile': 507, 'expected_r': 0, 'risk_budget': 796, 'capacity': 163, 'other': 0}",15178,981,341,507,0,796,163,0,-3.020617436710893e-05,-0.000345943370827162,0.00032852374389918433,-61.93142428411756,-9.570875384201649e-05,826,12.5,0.0,0.5,16,16,0.5625,3.3222220923588317,53.15555347774131,12.5,0.8,0.75,0.7,0.02,5
567,24,17972,1.0909090909090908,0.0,0.0,"{'bigmove_prob': 15210, 'probability': 1043, 'score_margin': 361, 'tod_profile': 502, 'expected_r': 0, 'risk_budget': 780, 'capacity': 76, 'other': 0}",15210,1043,361,502,0,780,76,0,-3.0292170953405417e-05,-0.00034692811116421307,0.000354791261147975,-57.349011487286866,-0.00012160530708042723,819,11.5,0.0,0.5,20,20,0.55,1.3623918812013343,27.247837624026687,11.5,0.8,0.75,0.75,0.0,2
568,27,17967,1.2272727272727273,0.0,0.0,"{'bigmove_prob': 15884, 'probability': 1083, 'score_margin': 373, 'tod_profile': 507, 'expected_r': 0, 'risk_budget': 0, 'capacity': 120, 'other': 0}",15884,1083,373,507,0,0,120,0,-3.0312175212432457e-05,-0.00034715717827860093,0.000388705782587079,-52.34590811295783,-8.643974663724574e-05,826,12.5,0.0,0.5,19,19,0.47368421052631576,0.840239076641661,15.964542456191559,12.5,0.8,0.75,0.75,0.0,3
569,28,17966,1.2727272727272727,0.0,0.0,"{'bigmove_prob': 15178, 'probability': 981, 'score_margin': 341, 'tod_profile': 507, 'expected_r': 0, 'risk_budget': 796, 'capacity': 163, 'other': 0}",15178,981,341,507,0,796,163,0,-3.020617436710893e-05,-0.000345943370827162,0.00032852374389918433,-61.93142428411756,-9.570875384201649e-05,826,12.5,0.0,0.5,16,16,0.5625,3.3222220923588317,53.15555347774131,12.5,0.8,0.75,0.75,0.0,5
570,24,17972,1.0909090909090908,0.0,0.0,"{'bigmove_prob': 15210, 'probability': 1043, 'score_margin': 361, 'tod_profile': 502, 'expected_r': 0, 'risk_budget': 780, 'capacity': 76, 'other': 0}",15210,1043,361,502,0,780,76,0,-3.0292170953405417e-05,-0.00034692811116421307,0.000354791261147975,-57.349011487286866,-0.00012160530708042723,819,11.5,0.0,0.5,20,20,0.55,1.3623918812013343,27.247837624026687,11.5,0.8,0.75,0.75,0.01,2
571,27,17967,1.2272727272727273,0.0,0.0,"{'bigmove_prob': 15884, 'probability': 1083, 'score_margin': 373, 'tod_profile': 507, 'expected_r': 0, 'risk_budget': 0, 'capacity': 120, 'other': 0}",15884,1083,373,507,0,0,120,0,-3.0312175212432457e-05,-0.00034715717827860093,0.000388705782587079,-52.34590811295783,-8.643974663724574e-05,826,12.5,0.0,0.5,19,19,0.47368421052631576,0.840239076641661,15.964542456191559,12.5,0.8,0.75,0.75,0.01,3
572,28,17966,1.2727272727272727,0.0,0.0,"{'bigmove_prob': 15178, 'probability': 981, 'score_margin': 341, 'tod_profile': 507, 'expected_r': 0, 'risk_budget': 796, 'capacity': 163, 'other': 0}",15178,981,341,507,0,796,163,0,-3.020617436710893e-05,-0.000345943370827162,0.00032852374389918433,-61.93142428411756,-9.570875384201649e-05,826,12.5,0.0,0.5,16,16,0.5625,3.3222220923588317,53.15555347774131,12.5,0.8,0.75,0.75,0.01,5
573,24,17972,1.0909090909090908,0.0,0.0,"{'bigmove_prob': 15210, 'probability': 1043, 'score_margin': 361, 'tod_profile': 502, 'expected_r': 0, 'risk_budget': 780, 'capacity': 76, 'other': 0}",15210,1043,361,502,0,780,76,0,-3.0292170953405417e-05,-0.00034692811116421307,0.000354791261147975,-57.349011487286866,-0.00012160530708042723,819,11.5,0.0,0.5,20,20,0.55,1.3623918812013343,27.247837624026687,11.5,0.8,0.75,0.75,0.02,2
574,27,17967,1.2272727272727273,0.0,0.0,"{'bigmove_prob': 15884, 'probability': 1083, 'score_margin': 373, 'tod_profile': 507, 'expected_r': 0, 'risk_budget': 0, 'capacity': 120, 'other': 0}",15884,1083,373,507,0,0,120,0,-3.0312175212432457e-05,-0.00034715717827860093,0.000388705782587079,-52.34590811295783,-8.643974663724574e-05,826,12.5,0.0,0.5,19,19,0.47368421052631576,0.840239076641661,15.964542456191559,12.5,0.8,0.75,0.75,0.02,3
575,28,17966,1.2727272727272727,0.0,0.0,"{'bigmove_prob': 15178, 'probability': 981, 'score_margin': 341, 'tod_profile': 507, 'expected_r': 0, 'risk_budget': 796, 'capacity': 163, 'other': 0}",15178,981,341,507,0,796,163,0,-3.020617436710893e-05,-0.000345943370827162,0.00032852374389918433,-61.93142428411756,-9.570875384201649e-05,826,12.5,0.0,0.5,16,16,0.5625,3.3222220923588317,53.15555347774131,12.5,0.8,0.75,0.75,0.02,5
