symbol,time,side,bid,ask,order_price,filled_at_order,filled_plus_1,filled_minus_1
NVDA,2026-01-23 09:26:35.776000-05:00,BUY,186.69,187.38,187.39,True,True,True
NVDA,2026-01-23 09:26:38.784000-05:00,BUY,186.71000000000004,187.36,187.37,True,True,True
NVDA,2026-01-23 09:26:40.836000-05:00,BUY,186.71000000000004,187.36,187.37,True,True,True
NVDA,2026-01-23 09:26:43.342000-05:00,BUY,186.68,187.32999999999998,187.34,True,True,True
NVDA,2026-01-23 09:26:45.547000-05:00,BUY,186.68,187.32999999999998,187.34,True,True,True
NVDA,2026-01-23 09:26:47.537000-05:00,BUY,186.63,187.3,187.31,True,True,True
NVDA,2026-01-23 09:26:49.612000-05:00,BUY,186.63,187.33000000000004,187.34,True,True,False
NVDA,2026-01-23 09:26:55.934000-05:00,BUY,186.64,187.33000000000004,187.34,True,True,False
NVDA,2026-01-23 09:27:00.235000-05:00,BUY,186.63,187.28999999999996,187.29999999999998,True,True,True
NVDA,2026-01-23 09:27:02.884000-05:00,BUY,186.64,187.31,187.32,True,True,True
NVDA,2026-01-23 09:27:06.713000-05:00,SELL,186.64,187.35000000000002,186.63,True,True,True
NVDA,2026-01-23 09:27:09.191000-05:00,SELL,186.64,187.35000000000002,186.63,True,True,True
NVDA,2026-01-23 09:27:11.245000-05:00,BUY,186.68,187.36,187.37,True,True,True
NVDA,2026-01-23 09:27:13.413000-05:00,BUY,186.68,187.36,187.37,True,True,True
NVDA,2026-01-23 09:27:21.179000-05:00,BUY,186.69,187.36,187.37,True,True,True
NVDA,2026-01-23 09:27:23.325000-05:00,BUY,186.66999999999996,187.36,187.37,True,True,True
NVDA,2026-01-23 09:27:26.623000-05:00,BUY,186.66999999999996,187.36,187.37,True,True,True
NVDA,2026-01-23 09:27:28.709000-05:00,BUY,186.69,187.36,187.37,True,True,True
NVDA,2026-01-23 09:27:30.797000-05:00,SELL,186.6,187.28,186.59,True,True,True
NVDA,2026-01-23 09:27:32.486000-05:00,SELL,186.6,187.28,186.59,True,True,True
NVDA,2026-01-23 09:27:34.611000-05:00,BUY,186.6,187.28,187.29,True,True,True
NVDA,2026-01-23 09:27:37.815000-05:00,SELL,186.59000000000003,187.25,186.58,True,True,True
NVDA,2026-01-23 09:27:43.089000-05:00,BUY,43.0,189.0,189.01,True,True,True
NVDA,2026-01-23 09:27:45.380000-05:00,SELL,187.08000000000004,189.0,187.07000000000002,True,True,True
NVDA,2026-01-23 09:27:49.550000-05:00,SELL,187.08000000000004,189.0,187.07000000000002,True,True,True
NVDA,2026-01-23 09:27:54.135000-05:00,SELL,186.93,187.39,186.92000000000002,True,True,True
NVDA,2026-01-23 09:27:57.750000-05:00,SELL,186.93,187.39,186.92000000000002,True,True,True
NVDA,2026-01-23 09:27:59.504000-05:00,SELL,186.93,187.39,186.92000000000002,True,True,True
NVDA,2026-01-23 09:28:06.099000-05:00,BUY,43.0,189.0,189.01,True,True,True
NVDA,2026-01-23 09:28:09.445000-05:00,BUY,43.0,189.0,189.01,True,True,True
NVDA,2026-01-23 09:28:11.588000-05:00,BUY,187.19,187.84999999999997,187.85999999999999,True,True,True
NVDA,2026-01-23 09:28:15.553000-05:00,BUY,187.16999999999996,187.86,187.87,True,True,True
NVDA,2026-01-23 09:28:18.642000-05:00,BUY,187.17000000000002,187.81,187.82,True,True,True
NVDA,2026-01-23 09:28:27.367000-05:00,BUY,187.17000000000002,187.81,187.82,True,True,True
NVDA,2026-01-23 09:28:29.454000-05:00,BUY,187.17000000000002,187.81,187.82,True,True,True
NVDA,2026-01-23 09:28:31.531000-05:00,BUY,187.2,187.83999999999997,187.85,True,True,True
NVDA,2026-01-23 09:28:35.192000-05:00,SELL,187.13,187.8,187.12,True,True,True
NVDA,2026-01-23 09:28:37.875000-05:00,BUY,187.13,187.8,187.81,True,True,True
NVDA,2026-01-23 09:28:39.943000-05:00,BUY,187.15000000000003,187.81,187.82,True,True,True
NVDA,2026-01-23 09:28:42.974000-05:00,SELL,187.17,187.83,187.16,True,True,True
NVDA,2026-01-23 09:28:49.020000-05:00,BUY,187.13,187.8,187.81,True,True,True
NVDA,2026-01-23 09:28:52.497000-05:00,BUY,187.13,187.8,187.81,True,True,True
NVDA,2026-01-23 09:28:57.171000-05:00,BUY,187.13,187.83000000000004,187.84,True,True,False
NVDA,2026-01-23 09:29:01.275000-05:00,SELL,187.21000000000004,187.89,187.20000000000002,True,True,True
NVDA,2026-01-23 09:29:03.410000-05:00,BUY,187.21000000000004,187.89,187.89999999999998,True,True,True
NVDA,2026-01-23 09:29:04.519000-05:00,BUY,187.21000000000004,187.89,187.89999999999998,True,True,True
NVDA,2026-01-23 09:29:06.085000-05:00,BUY,187.21000000000004,187.89,187.89999999999998,True,True,True
NVDA,2026-01-23 09:29:09.934000-05:00,BUY,187.18,187.88,187.89,True,True,True
NVDA,2026-01-23 09:29:13.557000-05:00,BUY,187.26,187.93,187.94,True,True,True
NVDA,2026-01-23 09:29:15.394000-05:00,BUY,187.26,187.93,187.94,True,True,True
NVDA,2026-01-23 09:29:17.512000-05:00,BUY,187.28000000000003,187.93,187.94,True,True,True
NVDA,2026-01-23 09:29:19.412000-05:00,BUY,187.28000000000003,187.93,187.94,True,True,True
NVDA,2026-01-23 09:29:20.749000-05:00,BUY,187.28000000000003,187.93,187.94,True,True,True
NVDA,2026-01-23 09:29:24.706000-05:00,BUY,187.23000000000002,187.89,187.89999999999998,True,True,True
NVDA,2026-01-23 09:29:27.005000-05:00,BUY,187.23000000000002,187.89,187.89999999999998,True,True,True
NVDA,2026-01-23 09:29:29.051000-05:00,SELL,187.13,187.89,187.12,True,True,True
NVDA,2026-01-23 09:29:30.226000-05:00,SELL,187.13,187.89,187.12,True,True,True
NVDA,2026-01-23 09:29:31.878000-05:00,SELL,187.13,187.89,187.12,True,True,True
NVDA,2026-01-23 09:29:34.965000-05:00,SELL,187.23000000000002,187.89,187.22,True,True,True
NVDA,2026-01-23 09:29:38.554000-05:00,SELL,187.23000000000002,187.89,187.22,True,True,True
NVDA,2026-01-23 09:29:43.970000-05:00,BUY,187.24,187.94,187.95,True,True,True
NVDA,2026-01-23 09:29:46.307000-05:00,BUY,187.24,187.94,187.95,True,True,True
NVDA,2026-01-23 09:29:50.238000-05:00,BUY,187.24,187.94,187.95,True,True,True
NVDA,2026-01-23 09:29:52.951000-05:00,BUY,187.2,187.90000000000003,187.91,True,True,False
NVDA,2026-01-23 09:29:56.172000-05:00,BUY,187.2,187.90000000000003,187.91,True,True,False
NVDA,2026-01-23 09:30:08.817000-05:00,SELL,186.0,187.68,185.99,True,True,True
NVDA,2026-01-23 09:30:16.912000-05:00,SELL,186.0,187.76999999999998,185.99,True,True,True
NVDA,2026-01-23 09:30:18.781000-05:00,SELL,186.0,187.76999999999998,185.99,True,True,True
NVDA,2026-01-23 09:30:41.147000-05:00,SELL,188.18,188.39,188.17000000000002,True,True,True
NVDA,2026-01-23 09:31:49.100000-05:00,SELL,189.49,189.58000000000004,189.43,True,True,True
NVDA,2026-01-23 09:31:52.428000-05:00,SELL,189.43,189.52000000000004,189.43,True,False,True
NVDA,2026-01-23 09:31:54.016000-05:00,SELL,189.46999999999997,189.57,189.43,True,True,True
NVDA,2026-01-23 09:32:04.477000-05:00,SELL,189.22,189.29,189.31,False,False,False
NVDA,2026-01-23 09:32:07.117000-05:00,BUY,189.06,189.11,189.39,True,True,True
NVDA,2026-01-23 09:32:10.266000-05:00,SELL,189.06,189.13,189.31,False,False,False
NVDA,2026-01-23 09:32:19.419000-05:00,BUY,188.68,188.74,188.78,True,True,True
NVDA,2026-01-23 09:32:21.915000-05:00,BUY,188.72999999999996,188.8,188.78,False,False,False
NVDA,2026-01-23 09:32:24.794000-05:00,BUY,188.82,188.93,188.78,False,False,False
NVDA,2026-01-23 09:32:31.181000-05:00,BUY,189.01,189.07,189.07999999999998,True,True,True
NVDA,2026-01-23 09:32:35.739000-05:00,BUY,189.01,189.07,189.07999999999998,True,True,True
NVDA,2026-01-23 09:32:46.725000-05:00,BUY,188.69,188.75,188.76,True,True,True
NVDA,2026-01-23 09:32:53.745000-05:00,SELL,188.25,188.28999999999996,188.24,True,True,True
NVDA,2026-01-23 09:32:57.110000-05:00,BUY,188.17,188.22,188.29999999999998,True,True,True
NVDA,2026-01-23 09:32:58.947000-05:00,BUY,188.27,188.34,188.29999999999998,False,False,False
NVDA,2026-01-23 09:33:01.338000-05:00,BUY,188.28,188.34,188.35,True,True,True
NVDA,2026-01-23 09:33:02.939000-05:00,BUY,188.29,188.35,188.35,True,True,False
NVDA,2026-01-23 09:33:06.834000-05:00,BUY,188.32,188.37,188.35,False,False,False
NVDA,2026-01-23 09:33:11.311000-05:00,SELL,188.32,188.41000000000003,188.36,False,False,False
NVDA,2026-01-23 09:33:13.717000-05:00,SELL,188.37,188.43,188.36,True,True,True
NVDA,2026-01-23 09:33:15.308000-05:00,SELL,188.37,188.44,188.36,True,True,True
NVDA,2026-01-23 09:33:19.936000-05:00,SELL,188.53,188.59,188.52,True,True,True
NVDA,2026-01-23 09:33:24.504000-05:00,BUY,188.4,188.46,188.47,True,True,True
NVDA,2026-01-23 09:33:27.401000-05:00,BUY,188.4,188.46,188.47,True,True,True
NVDA,2026-01-23 09:33:35.565000-05:00,SELL,188.25,188.34000000000003,188.31,False,False,False
NVDA,2026-01-23 09:33:37.113000-05:00,SELL,188.25,188.34000000000003,188.31,False,False,False
NVDA,2026-01-23 09:33:38.692000-05:00,SELL,188.25,188.34000000000003,188.31,False,False,False
NVDA,2026-01-23 09:33:43.374000-05:00,BUY,188.27000000000004,188.32,188.31,False,True,False
NVDA,2026-01-23 09:33:44.526000-05:00,SELL,188.24,188.3,188.23000000000002,True,True,True
NVDA,2026-01-23 09:33:50.324000-05:00,SELL,188.27000000000004,188.32,188.24,True,True,True
NVDA,2026-01-23 09:34:03.756000-05:00,BUY,188.16000000000003,188.2,188.20999999999998,True,True,True
NVDA,2026-01-23 09:34:06.313000-05:00,BUY,188.22,188.27,188.20999999999998,False,False,False
NVDA,2026-01-23 09:34:18.949000-05:00,SELL,188.16,188.22,188.15,True,True,True
NVDA,2026-01-23 09:34:29.439000-05:00,SELL,187.83000000000004,187.89,187.82000000000002,True,True,True
NVDA,2026-01-23 09:34:35.543000-05:00,SELL,187.6,187.66,187.63,False,False,False
NVDA,2026-01-23 09:34:37.076000-05:00,SELL,187.58000000000004,187.64,187.63,False,False,False
NVDA,2026-01-23 09:34:39.237000-05:00,SELL,187.53999999999996,187.61,187.63,False,False,False
NVDA,2026-01-23 09:34:48.123000-05:00,SELL,187.36,187.46000000000004,187.35000000000002,True,True,True
NVDA,2026-01-23 09:34:56.193000-05:00,BUY,187.29,187.33,187.34,True,True,True
NVDA,2026-01-23 09:35:03.897000-05:00,SELL,187.47,187.52,187.46,True,True,True
NVDA,2026-01-23 09:35:06.897000-05:00,SELL,187.54,187.6,187.46,True,True,True
NVDA,2026-01-23 09:35:08.515000-05:00,SELL,187.55,187.59999999999997,187.46,True,True,True
NVDA,2026-01-23 09:35:13.095000-05:00,BUY,187.67,187.71,187.72,True,True,True
NVDA,2026-01-23 09:35:16.196000-05:00,BUY,187.61,187.65999999999997,187.67,True,True,True
NVDA,2026-01-23 09:35:19.768000-05:00,BUY,187.75,187.8,187.81,True,True,True
NVDA,2026-01-23 09:35:26.705000-05:00,BUY,187.68,187.72999999999996,187.73999999999998,True,True,True
NVDA,2026-01-23 09:35:28.848000-05:00,BUY,187.68,187.72999999999996,187.73999999999998,True,True,True
NVDA,2026-01-23 09:35:30.370000-05:00,BUY,187.68,187.72999999999996,187.73999999999998,True,True,True
NVDA,2026-01-23 09:35:37.091000-05:00,BUY,187.8,187.87,187.88,True,True,True
NVDA,2026-01-23 09:35:42.963000-05:00,BUY,187.69,187.72999999999996,187.67,False,False,False
NVDA,2026-01-23 09:35:45.500000-05:00,SELL,187.73,187.78,187.61,True,True,True
NVDA,2026-01-23 09:35:51.797000-05:00,SELL,187.64,187.7,187.63,True,True,True
NVDA,2026-01-23 09:35:57.115000-05:00,SELL,187.65000000000003,187.7,187.64000000000001,True,True,True
NVDA,2026-01-23 09:36:04.804000-05:00,SELL,187.39,187.44,187.38,True,True,True
NVDA,2026-01-23 09:36:06.444000-05:00,SELL,187.39,187.44,187.38,True,True,True
NVDA,2026-01-23 09:36:08.213000-05:00,SELL,187.39,187.44,187.38,True,True,True
NVDA,2026-01-23 09:36:11.853000-05:00,SELL,187.09,187.16,187.08,True,True,True
NVDA,2026-01-23 09:36:13.374000-05:00,SELL,187.09,187.16,187.08,True,True,True
NVDA,2026-01-23 09:36:14.904000-05:00,SELL,187.09,187.16,187.08,True,True,True
NVDA,2026-01-23 09:36:24.771000-05:00,BUY,187.41,187.48,187.48999999999998,True,True,True
NVDA,2026-01-23 09:36:26.364000-05:00,BUY,187.46,187.53,187.48999999999998,False,False,False
NVDA,2026-01-23 09:36:28.422000-05:00,BUY,187.5,187.55,187.48999999999998,False,False,False
NVDA,2026-01-23 09:36:42.598000-05:00,BUY,187.81,187.84999999999997,187.85,True,True,False
NVDA,2026-01-23 09:36:46.920000-05:00,SELL,187.54,187.6,187.79000000000002,False,False,False
NVDA,2026-01-23 09:36:54.623000-05:00,SELL,187.65,187.71,187.63,True,True,True
NVDA,2026-01-23 09:36:56.116000-05:00,SELL,187.59,187.65,187.63,False,False,False
NVDA,2026-01-23 09:37:02.352000-05:00,SELL,187.53,187.6,187.52,True,True,True
NVDA,2026-01-23 09:37:25.848000-05:00,BUY,187.56,187.61,187.59,False,False,False
NVDA,2026-01-23 09:37:47.880000-05:00,SELL,187.07,187.12,187.04000000000002,True,True,True
NVDA,2026-01-23 09:37:49.404000-05:00,SELL,187.07,187.11,187.04000000000002,True,True,True
NVDA,2026-01-23 09:37:52.988000-05:00,SELL,187.08,187.15,187.04000000000002,True,True,True
NVDA,2026-01-23 09:38:11.735000-05:00,SELL,187.31,187.36,187.3,True,True,True
NVDA,2026-01-23 09:38:13.260000-05:00,SELL,187.31,187.34999999999997,187.3,True,True,True
NVDA,2026-01-23 09:38:23.200000-05:00,BUY,187.2,187.24,187.26999999999998,True,True,True
NVDA,2026-01-23 09:38:25.771000-05:00,BUY,187.23,187.27,187.26999999999998,False,True,False
NVDA,2026-01-23 09:38:27.279000-05:00,BUY,187.23,187.27,187.26999999999998,False,True,False
NVDA,2026-01-23 09:38:35.005000-05:00,BUY,187.06,187.09999999999997,187.13,True,True,True
NVDA,2026-01-23 09:38:37.961000-05:00,BUY,187.1,187.15,187.13,False,False,False
NVDA,2026-01-23 09:38:45.112000-05:00,BUY,187.18,187.21999999999997,187.20999999999998,False,True,False
NVDA,2026-01-23 09:38:50.731000-05:00,SELL,187.14,187.18,187.15,False,False,False
NVDA,2026-01-23 09:38:59.329000-05:00,SELL,187.1,187.15,187.10000000000002,False,False,True
NVDA,2026-01-23 09:39:04.100000-05:00,BUY,187.15000000000003,187.19,187.13,False,False,False
NVDA,2026-01-23 09:39:06.621000-05:00,BUY,187.22,187.28,187.13,False,False,False
NVDA,2026-01-23 09:39:15.880000-05:00,BUY,187.04,187.08,187.09,True,True,True
NVDA,2026-01-23 09:39:17.799000-05:00,BUY,187.01,187.03999999999996,187.09,True,True,True
NVDA,2026-01-23 09:39:20.415000-05:00,BUY,186.99,187.02999999999997,187.09,True,True,True
NVDA,2026-01-23 09:39:26.338000-05:00,SELL,186.95,186.99,186.96,False,False,False
NVDA,2026-01-23 09:39:31.303000-05:00,SELL,186.93,186.96999999999997,186.89000000000001,True,True,True
NVDA,2026-01-23 09:39:35.204000-05:00,BUY,186.94,186.97999999999996,186.98999999999998,True,True,True
NVDA,2026-01-23 09:39:43.173000-05:00,BUY,186.91000000000003,186.95,186.95,True,True,False
NVDA,2026-01-23 09:39:45.670000-05:00,BUY,187.0,187.05,186.95,False,False,False
NVDA,2026-01-23 09:39:54.175000-05:00,SELL,186.92,186.97,186.91,True,True,True
NVDA,2026-01-23 09:39:55.669000-05:00,SELL,186.93,186.97999999999996,186.91,True,True,True
NVDA,2026-01-23 09:40:01.166000-05:00,SELL,186.99,187.01,187.0,False,False,True
NVDA,2026-01-23 09:40:07.152000-05:00,SELL,186.83000000000004,186.88,186.82000000000002,True,True,True
NVDA,2026-01-23 09:40:08.711000-05:00,SELL,186.87,186.89999999999998,186.82000000000002,True,True,True
NVDA,2026-01-23 09:40:10.748000-05:00,BUY,186.90000000000003,186.94,186.95,True,True,True
NVDA,2026-01-23 09:40:12.655000-05:00,BUY,187.0,187.02999999999997,186.95,False,False,False
NVDA,2026-01-23 09:40:14.666000-05:00,SELL,186.91000000000003,186.95,186.91,True,False,True
NVDA,2026-01-23 09:40:16.867000-05:00,SELL,186.92,186.96,186.93,False,False,False
NVDA,2026-01-23 09:40:19.433000-05:00,BUY,186.92,186.96,186.97,True,True,True
NVDA,2026-01-23 09:40:21.024000-05:00,BUY,186.92,186.97,186.97,True,True,False
NVDA,2026-01-23 09:40:27.200000-05:00,BUY,187.08000000000004,187.12,187.1,False,False,False
NVDA,2026-01-23 09:40:29.650000-05:00,BUY,187.12,187.15999999999997,187.1,False,False,False
NVDA,2026-01-23 09:40:35.009000-05:00,SELL,187.2,187.22999999999996,187.14000000000001,True,True,True
NVDA,2026-01-23 09:40:40.466000-05:00,SELL,187.17,187.21,187.16,True,True,True
NVDA,2026-01-23 09:40:44.419000-05:00,SELL,187.22000000000003,187.26,187.22,True,False,True
NVDA,2026-01-23 09:40:46.498000-05:00,SELL,187.19,187.22999999999996,187.22,False,False,False
NVDA,2026-01-23 09:40:52.436000-05:00,SELL,187.31,187.36,187.3,True,True,True
NVDA,2026-01-23 09:40:57.479000-05:00,SELL,187.35000000000002,187.39,187.34,True,True,True
NVDA,2026-01-23 09:41:01.148000-05:00,SELL,187.45,187.47999999999996,187.44,True,True,True
NVDA,2026-01-23 09:41:11.027000-05:00,SELL,187.62,187.66999999999996,187.63,False,False,True
NVDA,2026-01-23 09:41:13.481000-05:00,SELL,187.62,187.66999999999996,187.63,False,False,True
NVDA,2026-01-23 09:41:18.914000-05:00,SELL,187.58000000000004,187.62,187.63,False,False,False
NVDA,2026-01-23 09:41:37.628000-05:00,BUY,187.67,187.73,187.7,False,False,False
NVDA,2026-01-23 09:41:43.158000-05:00,BUY,187.55,187.59999999999997,187.60999999999999,True,True,True
NVDA,2026-01-23 09:41:44.727000-05:00,BUY,187.52000000000004,187.57,187.60999999999999,True,True,True
NVDA,2026-01-23 09:41:47.186000-05:00,BUY,187.49,187.53999999999996,187.57,True,True,True
NVDA,2026-01-23 09:41:50.441000-05:00,BUY,187.5,187.56,187.57,True,True,True
NVDA,2026-01-23 09:41:52.763000-05:00,BUY,187.54,187.59,187.6,True,True,True
NVDA,2026-01-23 09:41:56.368000-05:00,BUY,187.61,187.69,187.67999999999998,False,False,False
NVDA,2026-01-23 09:42:04.038000-05:00,BUY,187.94,187.97999999999996,187.98999999999998,True,True,True
NVDA,2026-01-23 09:42:09.290000-05:00,BUY,187.8,187.86,187.87,True,True,True
NVDA,2026-01-23 09:42:10.836000-05:00,BUY,187.79,187.85,187.87,True,True,True
NVDA,2026-01-23 09:42:12.688000-05:00,BUY,187.78,187.83,187.87,True,True,True
NVDA,2026-01-23 09:42:16.744000-05:00,BUY,187.75,187.8,187.81,True,True,True
NVDA,2026-01-23 09:42:18.363000-05:00,BUY,187.76,187.8,187.81,True,True,True
NVDA,2026-01-23 09:42:20.346000-05:00,BUY,187.72,187.78,187.81,True,True,True
NVDA,2026-01-23 09:42:22.382000-05:00,SELL,187.76,187.81,187.75,True,True,True
NVDA,2026-01-23 09:42:24.018000-05:00,SELL,187.73,187.78,187.75,False,False,False
NVDA,2026-01-23 09:42:25.616000-05:00,SELL,187.74,187.78999999999996,187.75,False,False,True
NVDA,2026-01-23 09:42:27.707000-05:00,SELL,187.85,187.9,187.84,True,True,True
NVDA,2026-01-23 09:42:32.132000-05:00,BUY,187.99,188.05,188.04999999999998,False,True,False
NVDA,2026-01-23 09:42:33.707000-05:00,BUY,187.98,188.1,188.04999999999998,False,False,False
NVDA,2026-01-23 09:42:35.711000-05:00,SELL,187.98,188.04,187.9,True,True,True
NVDA,2026-01-23 09:42:37.531000-05:00,BUY,188.11,188.15999999999997,188.17,True,True,True
NVDA,2026-01-23 09:42:39.128000-05:00,BUY,188.12,188.18,188.17,False,False,False
NVDA,2026-01-23 09:42:41.036000-05:00,BUY,188.08000000000004,188.13,188.17,True,True,True
NVDA,2026-01-23 09:42:45.887000-05:00,SELL,188.06,188.11,188.05,True,True,True
NVDA,2026-01-23 09:42:50.781000-05:00,BUY,187.99,188.03999999999996,188.04999999999998,True,True,True
NVDA,2026-01-23 09:42:52.287000-05:00,BUY,188.05,188.11,188.04999999999998,False,False,False
NVDA,2026-01-23 09:42:58.954000-05:00,SELL,188.01,188.07,188.0,True,True,True
NVDA,2026-01-23 09:43:02.614000-05:00,SELL,188.05,188.09999999999997,188.03,True,True,True
NVDA,2026-01-23 09:43:11.085000-05:00,SELL,187.88,187.97000000000003,187.87,True,True,True
NVDA,2026-01-23 09:43:12.914000-05:00,SELL,187.93,187.97999999999996,187.87,True,True,True
NVDA,2026-01-23 09:43:15.420000-05:00,SELL,188.07,188.13,187.87,True,True,True
NVDA,2026-01-23 09:43:22.280000-05:00,SELL,187.94,187.99,187.86,True,True,True
NVDA,2026-01-23 09:43:28.118000-05:00,SELL,187.88,187.93,187.88,True,False,True
NVDA,2026-01-23 09:43:30.664000-05:00,BUY,187.83000000000004,187.89,187.95,True,True,True
NVDA,2026-01-23 09:43:39.742000-05:00,BUY,187.76,187.81,187.82,True,True,True
NVDA,2026-01-23 09:43:41.307000-05:00,BUY,187.69,187.77000000000004,187.82,True,True,True
NVDA,2026-01-23 09:43:42.837000-05:00,BUY,187.79,187.83,187.82,False,False,False
NVDA,2026-01-23 09:43:51.829000-05:00,BUY,187.73,187.79,187.79999999999998,True,True,True
NVDA,2026-01-23 09:43:53.891000-05:00,BUY,187.73,187.78,187.79999999999998,True,True,True
NVDA,2026-01-23 09:43:55.944000-05:00,BUY,187.55,187.62,187.79999999999998,True,True,True
NVDA,2026-01-23 09:44:02.621000-05:00,SELL,187.67000000000002,187.8,187.66,True,True,True
NVDA,2026-01-23 09:44:08.838000-05:00,BUY,187.67,187.77,187.81,True,True,True
NVDA,2026-01-23 09:44:10.432000-05:00,BUY,187.45,187.74,187.81,True,True,True
NVDA,2026-01-23 09:44:11.877000-05:00,BUY,187.45,187.72999999999996,187.81,True,True,True
NVDA,2026-01-23 09:44:13.441000-05:00,BUY,187.45,187.77000000000004,187.81,True,True,True
NVDA,2026-01-23 09:44:25.116000-05:00,SELL,187.5,187.69,187.65,False,False,False
NVDA,2026-01-23 09:44:27.416000-05:00,SELL,187.55,187.77000000000004,187.65,False,False,False
NVDA,2026-01-23 09:44:38.664000-05:00,SELL,187.60000000000002,187.87,187.56,True,True,True
NVDA,2026-01-23 09:44:40.027000-05:00,SELL,187.67,187.73,187.56,True,True,True
NVDA,2026-01-23 09:44:41.519000-05:00,SELL,187.38,187.68,187.56,False,False,False
NVDA,2026-01-23 09:44:48.889000-05:00,SELL,187.36,187.48000000000002,187.35000000000002,True,True,True
NVDA,2026-01-23 09:44:54.995000-05:00,SELL,187.36,187.78999999999996,187.35000000000002,True,True,True
NVDA,2026-01-23 09:44:56.584000-05:00,BUY,187.36,187.8,187.79999999999998,False,True,False
NVDA,2026-01-23 09:45:01.155000-05:00,BUY,187.58,187.9,188.19,True,True,True
NVDA,2026-01-23 09:45:02.717000-05:00,BUY,187.41,187.67,188.19,True,True,True
NVDA,2026-01-23 09:45:04.234000-05:00,BUY,187.41,187.72,188.19,True,True,True
NVDA,2026-01-23 09:45:06.832000-05:00,SELL,187.64,187.83000000000004,187.57000000000002,True,True,True
NVDA,2026-01-23 09:45:13.767000-05:00,BUY,187.59999999999997,187.8,188.01,True,True,True
NVDA,2026-01-23 09:45:19.165000-05:00,SELL,187.56,188.0,187.55,True,True,True
NVDA,2026-01-23 09:45:25.189000-05:00,SELL,187.67,188.1,187.66,True,True,True
NVDA,2026-01-23 09:45:35.216000-05:00,BUY,187.8,187.84999999999997,187.81,False,False,False
NVDA,2026-01-23 09:45:36.774000-05:00,BUY,187.74,187.87,187.81,False,False,False
NVDA,2026-01-23 09:45:41.909000-05:00,SELL,187.89,188.18,187.93,False,False,False
NVDA,2026-01-23 09:45:47.283000-05:00,SELL,187.94,187.97999999999996,187.92000000000002,True,True,True
NVDA,2026-01-23 09:45:48.755000-05:00,SELL,187.95,188.18,187.92000000000002,True,True,True
NVDA,2026-01-23 09:45:50.637000-05:00,SELL,187.9,187.97,187.92000000000002,False,False,False
NVDA,2026-01-23 09:46:01.687000-05:00,BUY,187.87,187.90999999999997,187.92,True,True,True
NVDA,2026-01-23 09:46:03.199000-05:00,BUY,187.89999999999998,188.11,187.92,False,False,False
NVDA,2026-01-23 09:46:04.698000-05:00,BUY,187.93,188.14,187.92,False,False,False
NVDA,2026-01-23 09:46:19.090000-05:00,BUY,188.15000000000003,188.19,188.29999999999998,True,True,True
NVDA,2026-01-23 09:46:21.283000-05:00,SELL,188.14,188.28999999999996,188.05,True,True,True
NVDA,2026-01-23 09:46:24.740000-05:00,SELL,188.15000000000003,188.3,188.05,True,True,True
NVDA,2026-01-23 09:46:38.951000-05:00,BUY,188.12,188.19,188.2,True,True,True
NVDA,2026-01-23 09:46:47.770000-05:00,BUY,188.04,188.08,188.2,True,True,True
NVDA,2026-01-23 09:46:51.727000-05:00,BUY,187.91,188.22,188.2,False,False,False
NVDA,2026-01-23 09:47:09.634000-05:00,BUY,187.54000000000002,187.81,187.82,True,True,True
NVDA,2026-01-23 09:47:17.706000-05:00,SELL,187.55,187.61,187.53,True,True,True
NVDA,2026-01-23 09:47:19.193000-05:00,SELL,187.54,187.6,187.53,True,True,True
NVDA,2026-01-23 09:47:20.795000-05:00,BUY,187.52000000000004,187.57,187.62,True,True,True
NVDA,2026-01-23 09:47:26.047000-05:00,SELL,187.42,187.65,187.41,True,True,True
NVDA,2026-01-23 09:47:28.600000-05:00,SELL,187.4,187.73,187.41,False,False,True
NVDA,2026-01-23 09:47:30.594000-05:00,SELL,187.37,187.72000000000003,187.34,True,True,True
NVDA,2026-01-23 09:47:32.049000-05:00,SELL,187.35,187.65,187.34,True,True,True
NVDA,2026-01-23 09:47:35.410000-05:00,BUY,187.25,187.61,187.57,False,False,False
NVDA,2026-01-23 09:47:36.906000-05:00,BUY,187.07,187.59999999999997,187.57,False,False,False
NVDA,2026-01-23 09:47:41.920000-05:00,SELL,187.23,187.58,187.25,False,False,False
NVDA,2026-01-23 09:47:49.348000-05:00,SELL,187.3,187.64,187.29000000000002,True,True,True
NVDA,2026-01-23 09:47:50.844000-05:00,SELL,187.3,187.64,187.29000000000002,True,True,True
NVDA,2026-01-23 09:47:52.335000-05:00,SELL,187.06,187.31,187.29000000000002,False,False,False
NVDA,2026-01-23 09:47:59.933000-05:00,SELL,187.26,187.34000000000003,187.27,False,False,False
NVDA,2026-01-23 09:48:01.608000-05:00,SELL,187.33999999999997,187.56,187.27,True,True,True
NVDA,2026-01-23 09:48:03.085000-05:00,SELL,187.33000000000004,187.36,187.27,True,True,True
NVDA,2026-01-23 09:48:09.443000-05:00,SELL,187.51,187.55,187.48000000000002,True,True,True
NVDA,2026-01-23 09:48:10.883000-05:00,BUY,187.51,187.55,187.54,False,False,False
NVDA,2026-01-23 09:48:17.428000-05:00,BUY,187.34000000000003,187.38,187.39,True,True,True
NVDA,2026-01-23 09:48:23.659000-05:00,BUY,187.31,187.37,187.39,True,True,True
NVDA,2026-01-23 09:48:25.095000-05:00,BUY,187.36,187.39,187.39,True,True,False
NVDA,2026-01-23 09:48:26.564000-05:00,BUY,187.31,187.34999999999997,187.39,True,True,True
NVDA,2026-01-23 09:48:29.943000-05:00,BUY,187.19,187.25,187.28,True,True,True
NVDA,2026-01-23 09:48:36.235000-05:00,BUY,187.26,187.3,187.31,True,True,True
NVDA,2026-01-23 09:48:44.202000-05:00,SELL,187.36,187.39999999999998,187.36,True,False,True
NVDA,2026-01-23 09:48:47.645000-05:00,SELL,187.46000000000004,187.5,187.45000000000002,True,True,True
NVDA,2026-01-23 09:48:49.116000-05:00,SELL,187.5,187.53999999999996,187.45000000000002,True,True,True
NVDA,2026-01-23 09:48:50.677000-05:00,SELL,187.44,187.49,187.45000000000002,False,False,False
NVDA,2026-01-23 09:48:58.264000-05:00,SELL,187.38,187.41999999999996,187.37,True,True,True
NVDA,2026-01-23 09:49:03.063000-05:00,BUY,187.43,187.46999999999997,187.48,True,True,True
NVDA,2026-01-23 09:49:11.201000-05:00,SELL,187.38,187.43,187.38,True,False,True
NVDA,2026-01-23 09:49:12.718000-05:00,SELL,187.36,187.39999999999998,187.38,False,False,False
NVDA,2026-01-23 09:49:19.383000-05:00,BUY,187.39,187.41999999999996,187.42999999999998,True,True,True
NVDA,2026-01-23 09:49:20.873000-05:00,BUY,187.37,187.40999999999997,187.42999999999998,True,True,True
NVDA,2026-01-23 09:49:22.300000-05:00,BUY,187.38,187.43,187.42999999999998,False,True,False
NVDA,2026-01-23 09:49:27.319000-05:00,SELL,187.35,187.42,187.34,True,True,True
NVDA,2026-01-23 09:49:30.758000-05:00,BUY,187.28000000000003,187.32,187.34,True,True,True
NVDA,2026-01-23 09:49:32.703000-05:00,BUY,187.32,187.37,187.38,True,True,True
NVDA,2026-01-23 09:49:41.212000-05:00,BUY,187.36,187.39999999999998,187.39,False,True,False
NVDA,2026-01-23 09:49:42.666000-05:00,SELL,187.40000000000003,187.44,187.33,True,True,True
NVDA,2026-01-23 09:49:55.084000-05:00,SELL,187.44,187.49,187.5,False,False,False
NVDA,2026-01-23 09:50:01.924000-05:00,SELL,187.48000000000002,187.51,187.48000000000002,True,False,True
NVDA,2026-01-23 09:50:03.404000-05:00,SELL,187.5,187.55,187.48000000000002,True,True,True
NVDA,2026-01-23 09:50:04.943000-05:00,SELL,187.45,187.49,187.48000000000002,False,False,False
NVDA,2026-01-23 09:50:16.500000-05:00,SELL,187.33000000000004,187.37,187.32000000000002,True,True,True
NVDA,2026-01-23 09:50:18.043000-05:00,SELL,187.35,187.4,187.32000000000002,True,True,True
NVDA,2026-01-23 09:50:19.601000-05:00,SELL,187.37,187.40999999999997,187.32000000000002,True,True,True
NVDA,2026-01-23 09:50:24.546000-05:00,BUY,187.52000000000004,187.55,187.51999999999998,False,False,False
NVDA,2026-01-23 09:50:26.036000-05:00,BUY,187.46000000000004,187.5,187.51999999999998,True,True,True
NVDA,2026-01-23 09:50:27.548000-05:00,BUY,187.53000000000003,187.57,187.51999999999998,False,False,False
NVDA,2026-01-23 09:50:32.596000-05:00,SELL,187.56,187.59999999999997,187.56,True,False,True
NVDA,2026-01-23 09:50:37.996000-05:00,BUY,187.49,187.52999999999997,187.53,True,True,False
NVDA,2026-01-23 09:50:39.490000-05:00,BUY,187.52000000000004,187.55,187.53,False,False,False
NVDA,2026-01-23 09:50:49.762000-05:00,SELL,187.37,187.43,187.37,True,False,True
NVDA,2026-01-23 09:50:57.824000-05:00,SELL,187.36,187.39999999999998,187.36,True,False,True
NVDA,2026-01-23 09:51:02.780000-05:00,BUY,187.43,187.45999999999998,187.47,True,True,True
NVDA,2026-01-23 09:51:18.274000-05:00,SELL,187.69,187.71999999999997,187.68,True,True,True
NVDA,2026-01-23 09:51:20.105000-05:00,SELL,187.69,187.75,187.68,True,True,True
NVDA,2026-01-23 09:51:21.575000-05:00,SELL,187.71000000000004,187.76,187.68,True,True,True
NVDA,2026-01-23 09:51:42.709000-05:00,BUY,187.97000000000003,188.01,188.01999999999998,True,True,True
NVDA,2026-01-23 09:51:50.322000-05:00,BUY,187.83000000000004,187.87,187.89999999999998,True,True,True
NVDA,2026-01-23 09:51:51.814000-05:00,BUY,187.89,187.93,187.89999999999998,False,False,False
NVDA,2026-01-23 09:51:53.254000-05:00,BUY,187.86,187.89999999999998,187.89999999999998,True,True,False
NVDA,2026-01-23 09:52:04.285000-05:00,BUY,187.76,187.8,187.82999999999998,True,True,True
NVDA,2026-01-23 09:52:05.749000-05:00,BUY,187.65999999999997,187.74,187.82999999999998,True,True,True
NVDA,2026-01-23 09:52:08.766000-05:00,BUY,187.63,187.66999999999996,187.82999999999998,True,True,True
NVDA,2026-01-23 09:52:18.942000-05:00,SELL,187.74,187.78999999999996,187.75,False,False,True
NVDA,2026-01-23 09:52:29.514000-05:00,SELL,187.83000000000004,187.86,187.82000000000002,True,True,True
NVDA,2026-01-23 09:52:31.577000-05:00,SELL,187.82,187.86,187.82000000000002,False,False,True
NVDA,2026-01-23 09:52:41.096000-05:00,SELL,187.93,187.97999999999996,187.92000000000002,True,True,True
NVDA,2026-01-23 09:52:54.975000-05:00,SELL,187.83000000000004,187.88,187.86,False,False,False
NVDA,2026-01-23 09:52:56.644000-05:00,SELL,187.84000000000003,187.89,187.86,False,False,False
NVDA,2026-01-23 09:52:58.372000-05:00,SELL,187.89,187.93,187.86,True,True,True
NVDA,2026-01-23 09:53:11.464000-05:00,BUY,187.87,187.89999999999998,187.92,True,True,True
NVDA,2026-01-23 09:53:22.985000-05:00,SELL,187.8,187.83999999999997,187.78,True,True,True
NVDA,2026-01-23 09:53:24.431000-05:00,SELL,187.84000000000003,187.87,187.78,True,True,True
NVDA,2026-01-23 09:53:26.907000-05:00,SELL,187.89,187.91999999999996,187.78,True,True,True
NVDA,2026-01-23 09:53:32.120000-05:00,BUY,187.86,187.89999999999998,187.89999999999998,True,True,False
NVDA,2026-01-23 09:53:43.405000-05:00,BUY,187.75,187.78999999999996,187.81,True,True,True
NVDA,2026-01-23 09:53:53.747000-05:00,BUY,187.81,187.82999999999998,187.84,True,True,True
NVDA,2026-01-23 09:54:01.626000-05:00,BUY,187.73000000000002,187.75,187.78,True,True,True
NVDA,2026-01-23 09:54:03.123000-05:00,BUY,187.7,187.74,187.78,True,True,True
NVDA,2026-01-23 09:54:04.643000-05:00,BUY,187.7,187.74,187.78,True,True,True
NVDA,2026-01-23 09:54:09.231000-05:00,SELL,187.62,187.65999999999997,187.63,False,False,True
NVDA,2026-01-23 09:54:10.633000-05:00,SELL,187.61,187.64,187.63,False,False,False
NVDA,2026-01-23 09:54:12.055000-05:00,SELL,187.60000000000002,187.64,187.63,False,False,False
NVDA,2026-01-23 09:54:21.554000-05:00,SELL,187.57,187.61,187.56,True,True,True
NVDA,2026-01-23 09:54:27.832000-05:00,BUY,187.59000000000003,187.61,187.64999999999998,True,True,True
NVDA,2026-01-23 09:54:32.852000-05:00,SELL,187.51,187.55,187.5,True,True,True
NVDA,2026-01-23 09:54:34.276000-05:00,BUY,187.52000000000004,187.56,187.56,True,True,False
NVDA,2026-01-23 09:54:39.355000-05:00,BUY,187.54000000000002,187.57,187.57999999999998,True,True,True
NVDA,2026-01-23 09:54:41.278000-05:00,BUY,187.57,187.61,187.57999999999998,False,False,False
NVDA,2026-01-23 09:54:46.056000-05:00,BUY,187.53000000000003,187.56,187.56,True,True,False
NVDA,2026-01-23 09:55:07.778000-05:00,BUY,187.42000000000002,187.45,187.45999999999998,True,True,True
NVDA,2026-01-23 09:55:09.216000-05:00,BUY,187.39,187.43,187.45999999999998,True,True,True
NVDA,2026-01-23 09:55:10.611000-05:00,BUY,187.44,187.46999999999997,187.45999999999998,False,True,False
NVDA,2026-01-23 09:55:19.755000-05:00,BUY,187.58000000000004,187.61,187.6,False,False,False
NVDA,2026-01-23 09:55:21.266000-05:00,BUY,187.57,187.61,187.6,False,False,False
NVDA,2026-01-23 09:55:23.871000-05:00,BUY,187.47000000000003,187.5,187.6,True,True,True
NVDA,2026-01-23 09:55:36.129000-05:00,SELL,187.67000000000002,187.7,187.66,True,True,True
NVDA,2026-01-23 09:55:37.924000-05:00,SELL,187.71000000000004,187.74,187.66,True,True,True
NVDA,2026-01-23 09:55:39.325000-05:00,SELL,187.7,187.75,187.66,True,True,True
NVDA,2026-01-23 09:55:42.687000-05:00,SELL,187.73000000000002,187.76,187.71,True,True,True
NVDA,2026-01-23 09:55:44.182000-05:00,SELL,187.72000000000003,187.76,187.71,True,True,True
NVDA,2026-01-23 09:55:56.041000-05:00,SELL,187.65000000000003,187.7,187.63,True,True,True
NVDA,2026-01-23 09:55:57.383000-05:00,BUY,187.64,187.68,187.69,True,True,True
NVDA,2026-01-23 09:56:07.588000-05:00,BUY,187.74,187.77999999999997,187.79999999999998,True,True,True
NVDA,2026-01-23 09:56:17.621000-05:00,BUY,187.95,187.97999999999996,187.79999999999998,False,False,False
NVDA,2026-01-23 09:56:19.066000-05:00,BUY,187.92,187.97,187.79999999999998,False,False,False
NVDA,2026-01-23 09:56:54.901000-05:00,SELL,187.84000000000003,187.89,187.83,True,True,True
NVDA,2026-01-23 09:57:05.101000-05:00,SELL,187.84,187.9,187.83,True,True,True
NVDA,2026-01-23 09:58:58.840000-05:00,SELL,187.85000000000002,188.26,187.86,False,False,True
NVDA,2026-01-23 09:59:09.117000-05:00,SELL,187.73000000000002,188.25,187.86,False,False,False
NVDA,2026-01-23 09:59:19.403000-05:00,SELL,187.82,188.09999999999997,187.86,False,False,False
NVDA,2026-01-23 09:59:29.662000-05:00,SELL,187.77000000000004,188.07,187.86,False,False,False
NVDA,2026-01-23 10:00:11.420000-05:00,BUY,188.04000000000002,188.3,188.20999999999998,False,False,False
NVDA,2026-01-23 10:00:21.642000-05:00,BUY,188.27000000000004,188.45,188.20999999999998,False,False,False
NVDA,2026-01-23 10:00:31.918000-05:00,BUY,187.93,188.47999999999996,188.20999999999998,False,False,False
NVDA,2026-01-23 10:01:33.892000-05:00,SELL,188.05,188.40000000000003,188.07000000000002,False,False,False
NVDA,2026-01-23 10:01:44.136000-05:00,SELL,188.01,188.28999999999996,188.07000000000002,False,False,False
NVDA,2026-01-23 10:01:54.379000-05:00,SELL,188.02000000000004,188.32,188.07000000000002,False,False,False
NVDA,2026-01-23 10:02:04.624000-05:00,SELL,188.04,188.1,188.07000000000002,False,False,False
NVDA,2026-01-23 10:03:23.418000-05:00,BUY,188.04000000000002,188.07,188.07,True,True,False
NVDA,2026-01-23 10:03:33.644000-05:00,BUY,188.01,188.03999999999996,188.07,True,True,True
NVDA,2026-01-23 10:04:35.653000-05:00,SELL,188.29000000000002,188.32,188.3,False,False,True
NVDA,2026-01-23 10:04:45.888000-05:00,SELL,188.31,188.33999999999997,188.3,True,True,True
NVDA,2026-01-23 10:04:56.109000-05:00,SELL,188.28000000000003,188.31,188.3,False,False,False
NVDA,2026-01-23 10:05:58.212000-05:00,BUY,187.89,187.93,187.94,True,True,True
NVDA,2026-01-23 10:06:14.803000-05:00,BUY,187.75,187.76999999999998,187.94,True,True,True
NVDA,2026-01-23 10:06:25.076000-05:00,BUY,187.76,187.78999999999996,187.94,True,True,True
NVDA,2026-01-23 10:07:27.068000-05:00,SELL,187.78000000000003,187.81,187.76000000000002,True,True,True
NVDA,2026-01-23 10:07:37.329000-05:00,SELL,187.83000000000004,187.86,187.76000000000002,True,True,True
NVDA,2026-01-23 10:08:49.615000-05:00,BUY,187.83000000000004,187.87,187.88,True,True,True
NVDA,2026-01-23 10:08:59.868000-05:00,BUY,187.85000000000002,187.87,187.88,True,True,True
NVDA,2026-01-23 10:09:10.121000-05:00,BUY,187.77000000000004,187.8,187.88,True,True,True
NVDA,2026-01-23 10:10:22.077000-05:00,SELL,187.83000000000004,187.87,187.82000000000002,True,True,True
NVDA,2026-01-23 10:10:32.263000-05:00,SELL,187.76,187.78999999999996,187.82000000000002,False,False,False
NVDA,2026-01-23 10:10:42.471000-05:00,SELL,187.78,187.83,187.82000000000002,False,False,False
NVDA,2026-01-23 10:11:33.918000-05:00,BUY,187.8,187.82,187.84,True,True,True
NVDA,2026-01-23 10:11:44.072000-05:00,BUY,187.73,187.77,187.84,True,True,True
NVDA,2026-01-23 10:12:35.506000-05:00,SELL,187.61,187.64,187.60000000000002,True,True,True
NVDA,2026-01-23 10:12:45.705000-05:00,SELL,187.63,187.65999999999997,187.60000000000002,True,True,True
NVDA,2026-01-23 10:12:55.857000-05:00,SELL,187.63,187.66999999999996,187.60000000000002,True,True,True
NVDA,2026-01-23 10:13:47.158000-05:00,SELL,187.46000000000004,187.49,187.48000000000002,False,False,False
NVDA,2026-01-23 10:13:57.326000-05:00,SELL,187.63,187.65999999999997,187.48000000000002,True,True,True
NVDA,2026-01-23 10:14:48.579000-05:00,BUY,187.63,187.65999999999997,187.69,True,True,True
NVDA,2026-01-23 10:14:58.726000-05:00,BUY,187.65000000000003,187.68,187.69,True,True,True
NVDA,2026-01-23 10:16:10.264000-05:00,SELL,187.68,187.7,187.66,True,True,True
NVDA,2026-01-23 10:16:20.405000-05:00,SELL,187.67000000000002,187.7,187.66,True,True,True
NVDA,2026-01-23 10:16:30.576000-05:00,SELL,187.65,187.67,187.66,False,False,True
NVDA,2026-01-23 10:16:51.386000-05:00,BUY,187.61,187.62,187.70999999999998,True,True,True
NVDA,2026-01-23 10:17:01.537000-05:00,BUY,187.52000000000004,187.55,187.70999999999998,True,True,True
NVDA,2026-01-23 10:18:13.775000-05:00,SELL,187.52000000000004,187.55,187.52,True,False,True
NVDA,2026-01-23 10:18:23.927000-05:00,SELL,187.56,187.59999999999997,187.52,True,True,True
NVDA,2026-01-23 10:18:34.075000-05:00,SELL,187.48000000000002,187.51,187.52,False,False,False
NVDA,2026-01-23 10:19:45.620000-05:00,BUY,187.44,187.46999999999997,187.48,True,True,True
NVDA,2026-01-23 10:19:55.771000-05:00,BUY,187.33999999999997,187.43,187.48,True,True,True
NVDA,2026-01-23 10:21:07.825000-05:00,BUY,187.53000000000003,187.56,187.54999999999998,False,False,False
NVDA,2026-01-23 10:21:17.970000-05:00,BUY,187.62,187.7,187.54999999999998,False,False,False
NVDA,2026-01-23 10:21:28.116000-05:00,BUY,187.64,187.68,187.54999999999998,False,False,False
NVDA,2026-01-23 10:22:39.680000-05:00,SELL,187.64,187.66999999999996,187.61,True,True,True
NVDA,2026-01-23 10:22:49.830000-05:00,SELL,187.55,187.57999999999998,187.61,False,False,False
NVDA,2026-01-23 10:23:51.227000-05:00,BUY,187.53000000000003,187.56,187.54,False,False,False
NVDA,2026-01-23 10:24:01.383000-05:00,BUY,187.51,187.55,187.54,False,False,False
NVDA,2026-01-23 10:24:11.527000-05:00,BUY,187.53000000000003,187.56,187.54,False,False,False
NVDA,2026-01-23 10:25:12.948000-05:00,BUY,187.52000000000004,187.55,187.59,True,True,True
NVDA,2026-01-23 10:26:05.254000-05:00,BUY,187.55,187.58999999999997,187.6,True,True,True
NVDA,2026-01-23 10:26:46.368000-05:00,SELL,187.60000000000002,187.63,187.62,False,False,False
NVDA,2026-01-23 10:26:56.524000-05:00,SELL,187.64,187.66999999999996,187.62,True,True,True
NVDA,2026-01-23 10:27:06.664000-05:00,SELL,187.53000000000003,187.57,187.62,False,False,False
NVDA,2026-01-23 10:27:37.637000-05:00,BUY,187.46000000000004,187.5,187.56,True,True,True
NVDA,2026-01-23 10:27:47.787000-05:00,BUY,187.65000000000003,187.68,187.56,False,False,False
NVDA,2026-01-23 10:27:57.940000-05:00,BUY,187.61,187.66999999999996,187.56,False,False,False
NVDA,2026-01-23 10:29:10.528000-05:00,SELL,187.68,187.70999999999998,187.67000000000002,True,True,True
NVDA,2026-01-23 10:29:20.679000-05:00,SELL,187.69,187.71999999999997,187.67000000000002,True,True,True
NVDA,2026-01-23 10:29:30.821000-05:00,SELL,187.64,187.66999999999996,187.67000000000002,False,False,False
NVDA,2026-01-23 10:30:42.357000-05:00,BUY,187.68,187.70999999999998,187.72,True,True,True
NVDA,2026-01-23 10:30:52.525000-05:00,BUY,187.61,187.64,187.72,True,True,True
NVDA,2026-01-23 10:31:54.538000-05:00,SELL,187.61,187.64,187.60000000000002,True,True,True
NVDA,2026-01-23 10:32:09.684000-05:00,SELL,187.58000000000004,187.62,187.60000000000002,False,False,False
NVDA,2026-01-23 10:32:19.824000-05:00,SELL,187.59000000000003,187.63,187.60000000000002,False,False,True
NVDA,2026-01-23 10:32:40.621000-05:00,BUY,187.56,187.57999999999998,187.59,True,True,True
NVDA,2026-01-23 10:32:50.763000-05:00,BUY,187.60000000000002,187.63,187.59,False,False,False
NVDA,2026-01-23 10:33:21.746000-05:00,SELL,187.56,187.57999999999998,187.54000000000002,True,True,True
NVDA,2026-01-23 10:33:31.901000-05:00,SELL,187.54000000000002,187.56,187.54000000000002,True,False,True
NVDA,2026-01-23 10:33:42.044000-05:00,SELL,187.53000000000003,187.55,187.54000000000002,False,False,True
NVDA,2026-01-23 10:34:33.302000-05:00,SELL,187.60000000000002,187.63,187.59,True,True,True
NVDA,2026-01-23 10:35:04.941000-05:00,SELL,187.62,187.64,187.61,True,True,True
NVDA,2026-01-23 10:36:17.134000-05:00,BUY,187.87,187.89999999999998,187.91,True,True,True
NVDA,2026-01-23 10:36:27.277000-05:00,BUY,187.90000000000003,187.93,187.91,False,False,False
NVDA,2026-01-23 10:37:50.228000-05:00,BUY,187.9,187.91,187.92,True,True,True
NVDA,2026-01-23 10:38:00.370000-05:00,BUY,187.81,187.82999999999998,187.92,True,True,True
NVDA,2026-01-23 10:38:10.520000-05:00,BUY,187.78000000000003,187.82,187.92,True,True,True
NVDA,2026-01-23 10:39:32.257000-05:00,SELL,187.63,187.65999999999997,187.63,True,False,True
NVDA,2026-01-23 10:39:42.404000-05:00,SELL,187.69,187.71999999999997,187.63,True,True,True
NVDA,2026-01-23 10:39:52.552000-05:00,SELL,187.69,187.71999999999997,187.63,True,True,True
NVDA,2026-01-23 10:40:33.672000-05:00,BUY,187.66000000000003,187.68,187.69,True,True,True
NVDA,2026-01-23 10:40:43.842000-05:00,BUY,187.58000000000004,187.61,187.69,True,True,True
NVDA,2026-01-23 10:40:53.992000-05:00,BUY,187.57,187.58999999999997,187.69,True,True,True
NVDA,2026-01-23 10:42:05.561000-05:00,SELL,187.61,187.64,187.59,True,True,True
NVDA,2026-01-23 10:42:15.709000-05:00,SELL,187.60000000000002,187.64,187.59,True,True,True
NVDA,2026-01-23 10:43:37.409000-05:00,SELL,187.69,187.71999999999997,187.68,True,True,True
NVDA,2026-01-23 10:43:47.556000-05:00,SELL,187.83,187.85,187.68,True,True,True
NVDA,2026-01-23 10:43:57.708000-05:00,SELL,187.76,187.83000000000004,187.68,True,True,True
NVDA,2026-01-23 10:44:39.844000-05:00,BUY,187.79000000000002,187.81,187.82,True,True,True
NVDA,2026-01-23 10:44:49.993000-05:00,BUY,187.76,187.77999999999997,187.82,True,True,True
NVDA,2026-01-23 10:48:20.354000-05:00,SELL,187.87,187.89999999999998,187.86,True,True,True
NVDA,2026-01-23 10:48:30.505000-05:00,SELL,187.91000000000003,187.93,187.86,True,True,True
NVDA,2026-01-23 10:48:40.656000-05:00,SELL,187.92,187.96,187.86,True,True,True
NVDA,2026-01-23 10:49:52.847000-05:00,BUY,187.98000000000002,188.01,188.01999999999998,True,True,True
NVDA,2026-01-23 10:50:02.999000-05:00,BUY,187.98000000000002,188.0,188.01999999999998,True,True,True
NVDA,2026-01-23 10:50:13.138000-05:00,BUY,188.0,188.01999999999998,188.01999999999998,True,True,False
NVDA,2026-01-23 10:51:35.408000-05:00,SELL,188.05,188.07,188.04000000000002,True,True,True
NVDA,2026-01-23 10:51:45.557000-05:00,SELL,188.0,188.01999999999998,188.04000000000002,False,False,False
NVDA,2026-01-23 10:52:36.782000-05:00,SELL,187.96,187.97,187.95000000000002,True,True,True
NVDA,2026-01-23 10:52:46.924000-05:00,SELL,187.95,187.96999999999997,187.95000000000002,False,False,True
NVDA,2026-01-23 10:52:57.062000-05:00,SELL,187.95,187.97999999999996,187.95000000000002,False,False,True
NVDA,2026-01-23 10:53:58.446000-05:00,SELL,187.94,187.95999999999998,187.92000000000002,True,True,True
NVDA,2026-01-23 10:54:49.910000-05:00,BUY,187.8,187.82,187.82,True,True,False
NVDA,2026-01-23 10:55:00.054000-05:00,BUY,187.8,187.82,187.82,True,True,False
NVDA,2026-01-23 10:56:28.015000-05:00,SELL,187.8,187.82,187.78,True,True,True
NVDA,2026-01-23 10:56:29.112000-05:00,SELL,187.79000000000002,187.82,187.78,True,True,True
NVDA,2026-01-23 10:56:30.253000-05:00,SELL,187.8,187.82999999999998,187.78,True,True,True
NVDA,2026-01-23 10:56:34.136000-05:00,SELL,187.8,187.82999999999998,187.79000000000002,True,True,True
NVDA,2026-01-23 10:56:35.224000-05:00,SELL,187.82,187.84999999999997,187.79000000000002,True,True,True
NVDA,2026-01-23 10:56:36.400000-05:00,SELL,187.83,187.85,187.79000000000002,True,True,True
NVDA,2026-01-23 10:56:43.593000-05:00,SELL,187.82,187.83999999999997,187.82000000000002,False,False,True
NVDA,2026-01-23 10:56:44.738000-05:00,SELL,187.79000000000002,187.81,187.82000000000002,False,False,False
NVDA,2026-01-23 10:56:49.769000-05:00,SELL,187.78000000000003,187.8,187.76000000000002,True,True,True
NVDA,2026-01-23 10:56:50.915000-05:00,SELL,187.78000000000003,187.8,187.76000000000002,True,True,True
NVDA,2026-01-23 10:56:52.085000-05:00,SELL,187.76,187.78999999999996,187.76000000000002,False,False,True
NVDA,2026-01-23 10:56:54.806000-05:00,SELL,187.75,187.77999999999997,187.74,True,True,True
NVDA,2026-01-23 10:56:56.023000-05:00,SELL,187.76,187.78999999999996,187.74,True,True,True
NVDA,2026-01-23 10:57:02.056000-05:00,SELL,187.76,187.78999999999996,187.75,True,True,True
NVDA,2026-01-23 10:57:08.147000-05:00,BUY,187.74,187.76,187.76999999999998,True,True,True
NVDA,2026-01-23 10:57:09.210000-05:00,SELL,187.74,187.76999999999998,187.73000000000002,True,True,True
NVDA,2026-01-23 10:57:16.432000-05:00,BUY,187.74,187.76999999999998,187.78,True,True,True
NVDA,2026-01-23 10:57:17.530000-05:00,BUY,187.75,187.76999999999998,187.78,True,True,True
NVDA,2026-01-23 10:57:23.661000-05:00,BUY,187.73000000000002,187.76,187.76999999999998,True,True,True
NVDA,2026-01-23 10:57:24.754000-05:00,SELL,187.74,187.76999999999998,187.72,True,True,True
NVDA,2026-01-23 10:57:28.562000-05:00,SELL,187.77,187.79,187.76000000000002,True,True,True
NVDA,2026-01-23 10:57:34.635000-05:00,BUY,187.74,187.76999999999998,187.78,True,True,True
NVDA,2026-01-23 10:57:39.643000-05:00,SELL,187.74,187.76,187.73000000000002,True,True,True
NVDA,2026-01-23 10:57:42.952000-05:00,BUY,187.75,187.76999999999998,187.78,True,True,True
NVDA,2026-01-23 10:57:44.045000-05:00,BUY,187.74,187.76,187.78,True,True,True
NVDA,2026-01-23 10:57:53.506000-05:00,SELL,187.76,187.78999999999996,187.76000000000002,False,False,True
NVDA,2026-01-23 10:57:54.605000-05:00,SELL,187.76,187.78999999999996,187.76000000000002,False,False,True
NVDA,2026-01-23 10:57:55.690000-05:00,SELL,187.76,187.82,187.76000000000002,False,False,True
NVDA,2026-01-23 10:57:59.499000-05:00,BUY,187.77000000000004,187.8,187.81,True,True,True
NVDA,2026-01-23 10:58:07.863000-05:00,SELL,187.74,187.76999999999998,187.73000000000002,True,True,True
NVDA,2026-01-23 10:58:08.956000-05:00,SELL,187.75,187.76999999999998,187.73000000000002,True,True,True
NVDA,2026-01-23 10:58:10.142000-05:00,SELL,187.74,187.76,187.73000000000002,True,True,True
NVDA,2026-01-23 10:58:15.179000-05:00,BUY,187.73000000000002,187.76,187.76,True,True,False
NVDA,2026-01-23 10:58:16.265000-05:00,BUY,187.72000000000003,187.75,187.76,True,True,True
NVDA,2026-01-23 10:58:17.368000-05:00,BUY,187.72000000000003,187.75,187.76,True,True,True
NVDA,2026-01-23 10:58:24.654000-05:00,BUY,187.78000000000003,187.81,187.82,True,True,True
NVDA,2026-01-23 10:58:25.765000-05:00,BUY,187.79000000000002,187.82,187.82,True,True,False
NVDA,2026-01-23 10:58:31.881000-05:00,SELL,187.75,187.77999999999997,187.74,True,True,True
NVDA,2026-01-23 10:58:33.027000-05:00,SELL,187.73000000000002,187.75,187.74,False,False,True
NVDA,2026-01-23 10:58:34.099000-05:00,SELL,187.73000000000002,187.75,187.74,False,False,True
NVDA,2026-01-23 10:58:41.234000-05:00,SELL,187.73000000000002,187.75,187.72,True,True,True
NVDA,2026-01-23 10:58:42.313000-05:00,SELL,187.72000000000003,187.74,187.72,True,False,True
NVDA,2026-01-23 10:58:47.355000-05:00,BUY,187.73000000000002,187.76,187.76999999999998,True,True,True
NVDA,2026-01-23 10:58:48.514000-05:00,BUY,187.73000000000002,187.76,187.76999999999998,True,True,True
NVDA,2026-01-23 10:58:51.318000-05:00,SELL,187.73000000000002,187.75,187.73000000000002,True,False,True
NVDA,2026-01-23 10:58:52.489000-05:00,BUY,187.73000000000002,187.76,187.78,True,True,True
NVDA,2026-01-23 10:59:06.355000-05:00,BUY,187.76,187.81,187.79,False,False,False
NVDA,2026-01-23 10:59:10.328000-05:00,BUY,187.78000000000003,187.82,187.81,False,True,False
NVDA,2026-01-23 10:59:15.307000-05:00,SELL,187.77000000000004,187.8,187.77,True,False,True
NVDA,2026-01-23 10:59:16.481000-05:00,SELL,187.78000000000003,187.8,187.77,True,True,True
NVDA,2026-01-23 10:59:20.326000-05:00,SELL,187.79000000000002,187.81,187.77,True,True,True
NVDA,2026-01-23 10:59:21.492000-05:00,SELL,187.8,187.82999999999998,187.77,True,True,True
NVDA,2026-01-23 10:59:22.621000-05:00,SELL,187.8,187.82999999999998,187.77,True,True,True
NVDA,2026-01-23 10:59:27.634000-05:00,BUY,187.81,187.83999999999997,187.85,True,True,True
NVDA,2026-01-23 10:59:28.790000-05:00,BUY,187.79000000000002,187.82,187.85,True,True,True
NVDA,2026-01-23 10:59:29.880000-05:00,BUY,187.78000000000003,187.8,187.85,True,True,True
NVDA,2026-01-23 10:59:34.788000-05:00,BUY,187.78000000000003,187.82,187.82999999999998,True,True,True
NVDA,2026-01-23 10:59:40.879000-05:00,BUY,187.74,187.76,187.76999999999998,True,True,True
NVDA,2026-01-23 10:59:43.632000-05:00,SELL,187.75,187.76999999999998,187.73000000000002,True,True,True
NVDA,2026-01-23 10:59:46.314000-05:00,SELL,187.73000000000002,187.76,187.72,True,True,True
NVDA,2026-01-23 10:59:47.411000-05:00,SELL,187.75,187.76999999999998,187.72,True,True,True
NVDA,2026-01-23 10:59:51.305000-05:00,SELL,187.77,187.79,187.76000000000002,True,True,True
NVDA,2026-01-23 10:59:52.436000-05:00,SELL,187.76,187.78999999999996,187.76000000000002,False,False,True
NVDA,2026-01-23 10:59:57.536000-05:00,SELL,187.75,187.77999999999997,187.74,True,True,True
NVDA,2026-01-23 10:59:58.637000-05:00,SELL,187.76,187.78999999999996,187.74,True,True,True
NVDA,2026-01-23 11:00:04.986000-05:00,SELL,187.77000000000004,187.8,187.75,True,True,True
NVDA,2026-01-23 11:00:06.103000-05:00,SELL,187.76,187.78999999999996,187.75,True,True,True
NVDA,2026-01-23 11:00:10.326000-05:00,BUY,187.78000000000003,187.8,187.82,True,True,True
NVDA,2026-01-23 11:00:18.941000-05:00,SELL,187.8,187.82,187.77,True,True,True
NVDA,2026-01-23 11:00:25.410000-05:00,BUY,187.81,187.83999999999997,187.85,True,True,True
NVDA,2026-01-23 11:00:26.496000-05:00,BUY,187.8,187.86,187.85,False,False,False
NVDA,2026-01-23 11:00:27.597000-05:00,BUY,187.8,187.82,187.85,True,True,True
NVDA,2026-01-23 11:00:32.729000-05:00,BUY,187.8,187.82999999999998,187.84,True,True,True
NVDA,2026-01-23 11:00:39.882000-05:00,BUY,187.86,187.89,187.89999999999998,True,True,True
NVDA,2026-01-23 11:00:40.971000-05:00,BUY,187.87,187.89,187.89999999999998,True,True,True
NVDA,2026-01-23 11:00:48.094000-05:00,SELL,187.8,187.82,187.79000000000002,True,True,True
NVDA,2026-01-23 11:00:49.217000-05:00,SELL,187.8,187.82999999999998,187.79000000000002,True,True,True
NVDA,2026-01-23 11:00:50.337000-05:00,SELL,187.76,187.77999999999997,187.79000000000002,False,False,False
NVDA,2026-01-23 11:00:56.946000-05:00,SELL,187.78000000000003,187.81,187.77,True,True,True
NVDA,2026-01-23 11:01:02.520000-05:00,SELL,187.76,187.77999999999997,187.75,True,True,True
NVDA,2026-01-23 11:01:06.333000-05:00,BUY,187.76,187.78999999999996,187.79999999999998,True,True,True
NVDA,2026-01-23 11:01:11.780000-05:00,BUY,187.74,187.76,187.78,True,True,True
NVDA,2026-01-23 11:01:12.937000-05:00,SELL,187.75,187.76999999999998,187.73000000000002,True,True,True
NVDA,2026-01-23 11:01:14.022000-05:00,BUY,187.75,187.76999999999998,187.78,True,True,True
NVDA,2026-01-23 11:01:20.165000-05:00,BUY,187.77000000000004,187.8,187.79999999999998,False,True,False
NVDA,2026-01-23 11:01:27.398000-05:00,BUY,187.73000000000002,187.76,187.76999999999998,True,True,True
NVDA,2026-01-23 11:01:32.359000-05:00,SELL,187.74,187.76,187.73000000000002,True,True,True
NVDA,2026-01-23 11:01:33.509000-05:00,SELL,187.74,187.76,187.73000000000002,True,True,True
NVDA,2026-01-23 11:01:34.594000-05:00,SELL,187.74,187.76,187.73000000000002,True,True,True
NVDA,2026-01-23 11:01:39.660000-05:00,BUY,187.73,187.77,187.78,True,True,True
NVDA,2026-01-23 11:01:40.742000-05:00,BUY,187.72000000000003,187.74,187.78,True,True,True
NVDA,2026-01-23 11:01:41.910000-05:00,BUY,187.72000000000003,187.75,187.78,True,True,True
NVDA,2026-01-23 11:01:59.362000-05:00,SELL,187.62,187.64999999999998,187.62,True,False,True
NVDA,2026-01-23 11:03:00.746000-05:00,SELL,187.60000000000002,187.63,187.59,True,True,True
NVDA,2026-01-23 11:03:10.895000-05:00,SELL,187.56,187.57999999999998,187.59,False,False,False
NVDA,2026-01-23 11:03:21.037000-05:00,SELL,187.56,187.57999999999998,187.59,False,False,False
NVDA,2026-01-23 11:04:42.735000-05:00,SELL,187.67000000000002,187.69,187.66,True,True,True
NVDA,2026-01-23 11:05:54.250000-05:00,SELL,187.31,187.32999999999998,187.3,True,True,True
NVDA,2026-01-23 11:07:05.769000-05:00,SELL,187.37,187.39,187.36,True,True,True
NVDA,2026-01-23 11:07:36.702000-05:00,SELL,187.35000000000002,187.39,187.34,True,True,True
NVDA,2026-01-23 11:12:03.918000-05:00,BUY,187.36,187.39,187.39999999999998,True,True,True
NVDA,2026-01-23 11:12:14.141000-05:00,BUY,187.35000000000002,187.37,187.39999999999998,True,True,True
NVDA,2026-01-23 11:12:24.280000-05:00,BUY,187.29000000000002,187.31,187.39999999999998,True,True,True
NVDA,2026-01-23 11:13:36.410000-05:00,SELL,187.46,187.48,187.44,True,True,True
NVDA,2026-01-23 11:13:46.533000-05:00,SELL,187.38,187.40999999999997,187.44,False,False,False
NVDA,2026-01-23 11:14:17.451000-05:00,BUY,187.48000000000002,187.5,187.5,True,True,False
NVDA,2026-01-23 11:14:27.603000-05:00,BUY,187.44,187.46999999999997,187.5,True,True,True
NVDA,2026-01-23 11:14:37.739000-05:00,BUY,187.49,187.51,187.5,False,True,False
NVDA,2026-01-23 11:15:49.266000-05:00,SELL,187.4,187.42,187.39000000000001,True,True,True
NVDA,2026-01-23 11:15:59.420000-05:00,SELL,187.39,187.41999999999996,187.39000000000001,False,False,True
NVDA,2026-01-23 11:16:30.356000-05:00,BUY,187.39,187.40999999999997,187.42,True,True,True
NVDA,2026-01-23 11:16:40.507000-05:00,BUY,187.34000000000003,187.37,187.42,True,True,True
NVDA,2026-01-23 11:16:50.647000-05:00,BUY,187.24,187.26999999999998,187.42,True,True,True
NVDA,2026-01-23 11:17:41.894000-05:00,SELL,187.14,187.15999999999997,187.14000000000001,False,False,True
NVDA,2026-01-23 11:17:52.037000-05:00,SELL,187.18,187.2,187.14000000000001,True,True,True
NVDA,2026-01-23 11:18:02.188000-05:00,SELL,187.15000000000003,187.18,187.14000000000001,True,True,True
NVDA,2026-01-23 11:18:53.411000-05:00,BUY,187.32,187.34999999999997,187.35999999999999,True,True,True
NVDA,2026-01-23 11:19:03.556000-05:00,BUY,187.28000000000003,187.3,187.35999999999999,True,True,True
NVDA,2026-01-23 11:24:51.583000-05:00,BUY,187.87,187.89,187.89,True,True,False
NVDA,2026-01-23 11:25:01.725000-05:00,BUY,187.88,187.89999999999998,187.89,False,True,False
NVDA,2026-01-23 11:25:11.871000-05:00,BUY,187.91000000000003,187.93,187.89,False,False,False
NVDA,2026-01-23 11:25:52.976000-05:00,SELL,187.89,187.90999999999997,187.87,True,True,True
NVDA,2026-01-23 11:26:03.129000-05:00,SELL,187.93,187.95999999999998,187.87,True,True,True
NVDA,2026-01-23 11:28:46.962000-05:00,SELL,187.65000000000003,187.7,187.63,True,True,True
NVDA,2026-01-23 11:28:57.113000-05:00,SELL,187.68,187.70999999999998,187.63,True,True,True
NVDA,2026-01-23 11:29:07.263000-05:00,SELL,187.69,187.71999999999997,187.63,True,True,True
NVDA,2026-01-23 11:30:08.641000-05:00,SELL,187.75,187.77999999999997,187.75,True,False,True
NVDA,2026-01-23 11:30:59.910000-05:00,SELL,187.69,187.71999999999997,187.67000000000002,True,True,True
NVDA,2026-01-23 11:31:51.159000-05:00,BUY,187.64,187.66999999999996,187.67999999999998,True,True,True
NVDA,2026-01-23 11:32:01.304000-05:00,BUY,187.58,187.6,187.67999999999998,True,True,True
NVDA,2026-01-23 11:32:11.446000-05:00,BUY,187.57,187.59999999999997,187.67999999999998,True,True,True
NVDA,2026-01-23 11:33:03.175000-05:00,SELL,187.49,187.51999999999998,187.48000000000002,True,True,True
NVDA,2026-01-23 11:33:13.322000-05:00,SELL,187.46000000000004,187.49,187.48000000000002,False,False,False
NVDA,2026-01-23 11:34:04.568000-05:00,BUY,187.46,187.48,187.48,True,True,False
NVDA,2026-01-23 11:34:14.727000-05:00,BUY,187.45,187.47999999999996,187.48,True,True,False
NVDA,2026-01-23 11:34:24.858000-05:00,BUY,187.44,187.45999999999998,187.48,True,True,True
NVDA,2026-01-23 11:35:05.933000-05:00,BUY,187.42000000000002,187.44,187.45999999999998,True,True,True
NVDA,2026-01-23 11:35:36.874000-05:00,SELL,187.42000000000002,187.45,187.41,True,True,True
NVDA,2026-01-23 11:35:47.017000-05:00,SELL,187.52,187.54,187.41,True,True,True
NVDA,2026-01-23 11:36:48.401000-05:00,SELL,187.61,187.63,187.61,True,False,True
NVDA,2026-01-23 11:36:58.548000-05:00,SELL,187.57,187.58999999999997,187.61,False,False,False
NVDA,2026-01-23 11:37:08.694000-05:00,SELL,187.63,187.65999999999997,187.61,True,True,True
NVDA,2026-01-23 11:37:18.843000-05:00,SELL,187.7,187.71999999999997,187.61,True,True,True
NVDA,2026-01-23 11:38:10.099000-05:00,BUY,187.76,187.77999999999997,187.78,True,True,False
NVDA,2026-01-23 11:38:20.237000-05:00,BUY,187.77,187.79,187.78,False,True,False
NVDA,2026-01-23 11:38:30.373000-05:00,SELL,187.83000000000004,187.86,187.74,True,True,True
NVDA,2026-01-23 11:39:01.294000-05:00,BUY,187.86,187.88,187.89,True,True,True
NVDA,2026-01-23 11:39:11.432000-05:00,SELL,187.89,187.91999999999996,187.85000000000002,True,True,True
NVDA,2026-01-23 11:39:52.476000-05:00,SELL,187.88,187.89999999999998,187.87,True,True,True
NVDA,2026-01-23 11:40:02.617000-05:00,SELL,187.87,187.89,187.87,True,False,True
NVDA,2026-01-23 11:40:43.691000-05:00,BUY,187.95,187.96999999999997,187.98,True,True,True
NVDA,2026-01-23 11:40:53.842000-05:00,BUY,187.9,187.91,187.98,True,True,True
NVDA,2026-01-23 11:41:03.965000-05:00,BUY,187.93,187.95,187.98,True,True,True
NVDA,2026-01-23 11:42:05.322000-05:00,SELL,188.01,188.01999999999998,188.0,True,True,True
NVDA,2026-01-23 11:42:15.456000-05:00,SELL,188.01,188.03999999999996,188.0,True,True,True
NVDA,2026-01-23 11:42:25.599000-05:00,SELL,187.96,187.98,188.0,False,False,False
NVDA,2026-01-23 11:43:06.652000-05:00,SELL,187.52000000000004,187.57,187.5,True,True,True
NVDA,2026-01-23 11:43:16.792000-05:00,SELL,187.52000000000004,187.55,187.5,True,True,True
NVDA,2026-01-23 11:43:47.723000-05:00,BUY,187.23000000000002,187.26,187.28,True,True,True
NVDA,2026-01-23 11:43:57.860000-05:00,BUY,187.35000000000002,187.36,187.28,False,False,False
NVDA,2026-01-23 11:49:49.715000-05:00,SELL,187.89,187.91999999999996,187.88,True,True,True
NVDA,2026-01-23 11:49:59.854000-05:00,SELL,187.88,187.89999999999998,187.88,True,False,True
NVDA,2026-01-23 11:52:03.038000-05:00,BUY,187.8,187.82,187.82999999999998,True,True,True
NVDA,2026-01-23 11:52:13.164000-05:00,BUY,187.76,187.77999999999997,187.82999999999998,True,True,True
NVDA,2026-01-23 11:52:23.278000-05:00,BUY,187.72000000000003,187.75,187.82999999999998,True,True,True
NVDA,2026-01-23 11:53:44.784000-05:00,SELL,187.68,187.70999999999998,187.68,True,False,True
NVDA,2026-01-23 11:53:54.902000-05:00,SELL,187.69,187.70999999999998,187.68,True,True,True
NVDA,2026-01-23 11:55:47.742000-05:00,BUY,187.54000000000002,187.57,187.59,True,True,True
NVDA,2026-01-23 11:55:57.865000-05:00,BUY,187.59000000000003,187.62,187.59,False,False,False
NVDA,2026-01-23 11:56:07.978000-05:00,BUY,187.59000000000003,187.62,187.59,False,False,False
NVDA,2026-01-23 11:57:29.447000-05:00,SELL,187.69,187.71999999999997,187.69,True,False,True
NVDA,2026-01-23 11:57:39.568000-05:00,SELL,187.72000000000003,187.74,187.69,True,True,True
NVDA,2026-01-23 11:58:40.809000-05:00,BUY,187.74,187.76,187.76,True,True,False
NVDA,2026-01-23 11:58:50.923000-05:00,BUY,187.74,187.76999999999998,187.76,False,True,False
NVDA,2026-01-23 11:59:01.035000-05:00,BUY,187.7,187.72999999999996,187.76,True,True,True
NVDA,2026-01-23 11:59:42.010000-05:00,SELL,187.73000000000002,187.76,187.72,True,True,True
NVDA,2026-01-23 11:59:52.131000-05:00,SELL,187.74,187.77999999999997,187.72,True,True,True
NVDA,2026-01-23 12:00:02.254000-05:00,SELL,187.75,187.76999999999998,187.72,True,True,True
NVDA,2026-01-23 12:01:14.069000-05:00,BUY,187.57,187.59999999999997,187.60999999999999,True,True,True
NVDA,2026-01-23 12:01:24.181000-05:00,BUY,187.61,187.64,187.60999999999999,False,False,False
NVDA,2026-01-23 12:04:28.353000-05:00,BUY,188.12,188.14,188.17999999999998,True,True,True
NVDA,2026-01-23 12:04:38.474000-05:00,BUY,188.14,188.15999999999997,188.17999999999998,True,True,True
NVDA,2026-01-23 12:04:48.591000-05:00,BUY,188.13,188.14999999999998,188.17999999999998,True,True,True
NVDA,2026-01-23 12:04:58.709000-05:00,SELL,188.12,188.14,188.13,False,False,True
NVDA,2026-01-23 12:05:49.817000-05:00,SELL,188.03000000000003,188.06,188.03,True,False,True
NVDA,2026-01-23 12:05:59.937000-05:00,SELL,188.03000000000003,188.05,188.03,True,False,True
NVDA,2026-01-23 12:07:11.259000-05:00,SELL,188.16000000000003,188.18,188.14000000000001,True,True,True
NVDA,2026-01-23 12:07:21.381000-05:00,SELL,188.19,188.20999999999998,188.14000000000001,True,True,True
NVDA,2026-01-23 12:07:31.533000-05:00,SELL,188.18,188.2,188.14000000000001,True,True,True
NVDA,2026-01-23 12:08:12.517000-05:00,BUY,188.03000000000003,188.06,188.07,True,True,True
NVDA,2026-01-23 12:08:22.636000-05:00,BUY,188.02000000000004,188.05,188.07,True,True,True
NVDA,2026-01-23 12:10:55.946000-05:00,SELL,187.92000000000002,187.95,187.91,True,True,True
NVDA,2026-01-23 12:11:06.070000-05:00,SELL,187.99,188.01,187.91,True,True,True
NVDA,2026-01-23 12:11:16.189000-05:00,SELL,187.98000000000002,188.01,187.91,True,True,True
NVDA,2026-01-23 12:12:07.291000-05:00,SELL,187.97000000000003,187.99,187.95000000000002,True,True,True
NVDA,2026-01-23 12:12:58.407000-05:00,BUY,188.01,188.03999999999996,188.04999999999998,True,True,True
NVDA,2026-01-23 12:13:08.544000-05:00,BUY,188.02,188.04,188.04999999999998,True,True,True
NVDA,2026-01-23 12:14:30.049000-05:00,SELL,188.09000000000003,188.11,188.08,True,True,True
NVDA,2026-01-23 12:14:40.162000-05:00,SELL,188.08,188.1,188.08,True,False,True
NVDA,2026-01-23 12:14:50.284000-05:00,SELL,188.09000000000003,188.11,188.08,True,True,True
NVDA,2026-01-23 12:15:41.385000-05:00,SELL,188.11,188.14999999999998,188.11,True,False,True
NVDA,2026-01-23 12:16:12.238000-05:00,BUY,188.06,188.07999999999998,188.09,True,True,True
NVDA,2026-01-23 12:16:22.352000-05:00,BUY,188.06,188.08999999999997,188.09,True,True,False
NVDA,2026-01-23 12:16:32.465000-05:00,BUY,188.01,188.05,188.09,True,True,True
NVDA,2026-01-23 12:17:23.586000-05:00,BUY,188.02,188.04,188.04999999999998,True,True,True
NVDA,2026-01-23 12:18:04.611000-05:00,SELL,187.95,187.97999999999996,187.94,True,True,True
NVDA,2026-01-23 12:18:14.747000-05:00,SELL,187.97000000000003,187.99,187.94,True,True,True
NVDA,2026-01-23 12:19:26.620000-05:00,BUY,187.8,187.82,187.82999999999998,True,True,True
NVDA,2026-01-23 12:19:36.738000-05:00,BUY,187.77,187.84,187.82999999999998,False,False,False
NVDA,2026-01-23 12:19:46.877000-05:00,BUY,187.84000000000003,187.87,187.82999999999998,False,False,False
NVDA,2026-01-23 12:20:17.741000-05:00,SELL,187.84000000000003,187.87,187.84,True,False,True
NVDA,2026-01-23 12:20:27.864000-05:00,SELL,187.83,187.85,187.84,False,False,True
NVDA,2026-01-23 12:20:37.982000-05:00,SELL,187.76,187.78999999999996,187.84,False,False,False
NVDA,2026-01-23 12:21:08.843000-05:00,BUY,187.72000000000003,187.75,187.76,True,True,True
NVDA,2026-01-23 12:21:18.969000-05:00,BUY,187.77000000000004,187.8,187.76,False,False,False
NVDA,2026-01-23 12:23:52.273000-05:00,SELL,187.64,187.66999999999996,187.64000000000001,False,False,True
NVDA,2026-01-23 12:24:02.393000-05:00,SELL,187.7,187.71999999999997,187.64000000000001,True,True,True
NVDA,2026-01-23 12:24:12.503000-05:00,SELL,187.75,187.76999999999998,187.64000000000001,True,True,True
NVDA,2026-01-23 12:25:23.864000-05:00,BUY,187.75,187.77999999999997,187.79,True,True,True
NVDA,2026-01-23 12:25:33.984000-05:00,BUY,187.73000000000002,187.76,187.79,True,True,True
NVDA,2026-01-23 12:25:44.088000-05:00,BUY,187.74,187.76,187.79,True,True,True
NVDA,2026-01-23 12:26:14.975000-05:00,SELL,187.66000000000003,187.68,187.66,True,False,True
NVDA,2026-01-23 12:26:25.096000-05:00,SELL,187.61,187.68,187.66,False,False,False
NVDA,2026-01-23 12:26:35.207000-05:00,SELL,187.65,187.67,187.66,False,False,True
NVDA,2026-01-23 12:27:46.511000-05:00,BUY,187.71000000000004,187.74,187.79,True,True,True
NVDA,2026-01-23 12:27:56.624000-05:00,BUY,187.69,187.70999999999998,187.79,True,True,True
NVDA,2026-01-23 12:28:06.737000-05:00,BUY,187.7,187.72999999999996,187.79,True,True,True
NVDA,2026-01-23 12:29:18.079000-05:00,SELL,187.79000000000002,187.82,187.78,True,True,True
NVDA,2026-01-23 12:29:28.193000-05:00,SELL,187.78000000000003,187.8,187.78,True,False,True
NVDA,2026-01-23 12:29:38.309000-05:00,SELL,187.74,187.76999999999998,187.78,False,False,False
NVDA,2026-01-23 12:30:49.605000-05:00,BUY,187.83000000000004,187.86,187.87,True,True,True
NVDA,2026-01-23 12:30:59.714000-05:00,BUY,187.83000000000004,187.86,187.87,True,True,True
NVDA,2026-01-23 12:31:40.696000-05:00,BUY,187.86,187.89,187.89999999999998,True,True,True
NVDA,2026-01-23 12:31:50.812000-05:00,BUY,187.93,187.97999999999996,187.89999999999998,False,False,False
NVDA,2026-01-23 12:32:01.188000-05:00,BUY,187.92,187.97,187.89999999999998,False,False,False
NVDA,2026-01-23 12:32:21.923000-05:00,SELL,187.96,187.98,187.93,True,True,True
NVDA,2026-01-23 12:32:32.045000-05:00,SELL,187.94,187.96999999999997,187.93,True,True,True
NVDA,2026-01-23 12:32:42.156000-05:00,SELL,187.97,187.98,187.93,True,True,True
NVDA,2026-01-23 12:33:13.010000-05:00,BUY,187.95,187.99,187.98,False,False,False
NVDA,2026-01-23 12:33:23.123000-05:00,BUY,187.86,187.89,187.98,True,True,True
NVDA,2026-01-23 12:33:33.239000-05:00,BUY,187.89,187.91999999999996,187.98,True,True,True
NVDA,2026-01-23 12:33:43.861000-05:00,SELL,187.94,187.96999999999997,187.93,True,True,True
NVDA,2026-01-23 12:33:53.959000-05:00,SELL,187.94,187.96999999999997,187.93,True,True,True
NVDA,2026-01-23 12:35:56.375000-05:00,SELL,187.94,187.96999999999997,187.93,True,True,True
NVDA,2026-01-23 12:36:06.484000-05:00,SELL,187.91000000000003,187.94,187.93,False,False,False
NVDA,2026-01-23 12:36:16.590000-05:00,SELL,187.96,187.98,187.93,True,True,True
NVDA,2026-01-23 12:36:57.548000-05:00,BUY,188.0,188.01999999999998,188.03,True,True,True
NVDA,2026-01-23 12:37:07.657000-05:00,BUY,187.95,187.97999999999996,188.03,True,True,True
NVDA,2026-01-23 12:39:50.999000-05:00,SELL,187.96000000000004,187.99,187.94,True,True,True
NVDA,2026-01-23 12:40:01.111000-05:00,SELL,187.99,188.01999999999998,187.94,True,True,True
NVDA,2026-01-23 12:40:11.225000-05:00,SELL,188.0,188.02999999999997,187.94,True,True,True
NVDA,2026-01-23 12:41:32.629000-05:00,SELL,187.83000000000004,187.87,187.82000000000002,True,True,True
NVDA,2026-01-23 12:42:23.708000-05:00,BUY,187.71,187.73,187.76,True,True,True
NVDA,2026-01-23 12:42:33.822000-05:00,BUY,187.77000000000004,187.8,187.76,False,False,False
NVDA,2026-01-23 12:43:55.816000-05:00,SELL,187.61,187.64,187.60000000000002,True,True,True
NVDA,2026-01-23 12:44:05.956000-05:00,SELL,187.62,187.64999999999998,187.60000000000002,True,True,True
NVDA,2026-01-23 12:44:16.074000-05:00,SELL,187.56,187.58999999999997,187.60000000000002,False,False,False
NVDA,2026-01-23 12:45:37.598000-05:00,BUY,187.62,187.64,187.64999999999998,True,True,True
NVDA,2026-01-23 12:45:47.713000-05:00,BUY,187.66000000000003,187.69,187.64999999999998,False,False,False
NVDA,2026-01-23 12:47:09.169000-05:00,SELL,187.49,187.51999999999998,187.48000000000002,True,True,True
NVDA,2026-01-23 12:47:19.283000-05:00,SELL,187.53000000000003,187.56,187.48000000000002,True,True,True
NVDA,2026-01-23 12:47:29.397000-05:00,SELL,187.58000000000004,187.61,187.48000000000002,True,True,True
NVDA,2026-01-23 12:48:40.771000-05:00,SELL,187.63,187.65999999999997,187.62,True,True,True
NVDA,2026-01-23 12:49:42.083000-05:00,BUY,187.61,187.64,187.64,True,True,False
NVDA,2026-01-23 12:49:52.195000-05:00,BUY,187.58,187.6,187.64,True,True,True
NVDA,2026-01-23 12:51:44.610000-05:00,SELL,187.31,187.34999999999997,187.31,True,False,True
NVDA,2026-01-23 12:51:54.732000-05:00,SELL,187.33000000000004,187.36,187.31,True,True,True
NVDA,2026-01-23 12:52:55.985000-05:00,BUY,187.16000000000003,187.19,187.20999999999998,True,True,True
NVDA,2026-01-23 12:53:06.131000-05:00,BUY,187.19,187.20999999999998,187.20999999999998,True,True,False
NVDA,2026-01-23 12:53:16.278000-05:00,BUY,187.24,187.27999999999997,187.20999999999998,False,False,False
NVDA,2026-01-23 12:54:37.813000-05:00,SELL,187.24,187.26999999999998,187.23000000000002,True,True,True
NVDA,2026-01-23 12:54:47.958000-05:00,SELL,187.29000000000002,187.32,187.23000000000002,True,True,True
NVDA,2026-01-23 12:54:58.079000-05:00,SELL,187.26,187.27999999999997,187.23000000000002,True,True,True
NVDA,2026-01-23 12:56:09.431000-05:00,BUY,187.49,187.51,187.54,True,True,True
NVDA,2026-01-23 12:56:19.548000-05:00,BUY,187.53000000000003,187.56,187.54,False,False,False
NVDA,2026-01-23 12:56:29.660000-05:00,BUY,187.49,187.51999999999998,187.54,True,True,True
NVDA,2026-01-23 13:00:24.328000-05:00,BUY,187.40000000000003,187.43,187.44,True,True,True
NVDA,2026-01-23 13:00:34.444000-05:00,BUY,187.35000000000002,187.38,187.44,True,True,True
NVDA,2026-01-23 13:00:44.558000-05:00,BUY,187.35000000000002,187.38,187.44,True,True,True
NVDA,2026-01-23 13:00:54.672000-05:00,BUY,187.32,187.33999999999997,187.44,True,True,True
NVDA,2026-01-23 13:02:16.087000-05:00,SELL,187.25,187.27999999999997,187.24,True,True,True
NVDA,2026-01-23 13:02:26.206000-05:00,SELL,187.29000000000002,187.32,187.24,True,True,True
NVDA,2026-01-23 13:02:36.327000-05:00,SELL,187.33000000000004,187.36,187.24,True,True,True
NVDA,2026-01-23 13:03:27.391000-05:00,BUY,187.52000000000004,187.57,187.57999999999998,True,True,True
NVDA,2026-01-23 13:03:37.502000-05:00,BUY,187.52,187.54,187.57999999999998,True,True,True
NVDA,2026-01-23 13:04:58.909000-05:00,BUY,187.36,187.39,187.39999999999998,True,True,True
NVDA,2026-01-23 13:05:09.010000-05:00,BUY,187.39,187.43,187.39999999999998,False,False,False
NVDA,2026-01-23 13:05:14.019000-05:00,BUY,187.32,187.33999999999997,187.39999999999998,True,True,True
NVDA,2026-01-23 13:05:23.588000-05:00,SELL,187.32,187.34999999999997,187.31,True,True,True
NVDA,2026-01-23 13:05:29.045000-05:00,BUY,187.32,187.33999999999997,187.35999999999999,True,True,True
NVDA,2026-01-23 13:05:34.566000-05:00,SELL,187.35000000000002,187.38,187.32000000000002,True,True,True
NVDA,2026-01-23 13:05:35.574000-05:00,SELL,187.34000000000003,187.38,187.32000000000002,True,True,True
NVDA,2026-01-23 13:05:40.133000-05:00,BUY,187.32,187.34999999999997,187.35999999999999,True,True,True
NVDA,2026-01-23 13:05:41.140000-05:00,BUY,187.33000000000004,187.37,187.35999999999999,False,False,False
NVDA,2026-01-23 13:05:47.613000-05:00,SELL,187.26,187.27999999999997,187.24,True,True,True
NVDA,2026-01-23 13:05:48.619000-05:00,SELL,187.28000000000003,187.3,187.24,True,True,True
NVDA,2026-01-23 13:05:49.605000-05:00,SELL,187.28000000000003,187.31,187.24,True,True,True
NVDA,2026-01-23 13:05:56.048000-05:00,BUY,187.27000000000004,187.3,187.31,True,True,True
NVDA,2026-01-23 13:05:57.046000-05:00,BUY,187.27000000000004,187.3,187.31,True,True,True
NVDA,2026-01-23 13:06:01.527000-05:00,BUY,187.26,187.27999999999997,187.31,True,True,True
NVDA,2026-01-23 13:06:07.076000-05:00,BUY,187.22000000000003,187.25,187.26,True,True,True
NVDA,2026-01-23 13:06:12.657000-05:00,SELL,187.27000000000004,187.3,187.26000000000002,True,True,True
NVDA,2026-01-23 13:06:13.654000-05:00,SELL,187.28000000000003,187.31,187.26000000000002,True,True,True
NVDA,2026-01-23 13:06:18.168000-05:00,SELL,187.31,187.33999999999997,187.3,True,True,True
NVDA,2026-01-23 13:06:19.142000-05:00,SELL,187.33000000000004,187.36,187.3,True,True,True
NVDA,2026-01-23 13:06:22.665000-05:00,SELL,187.31,187.33999999999997,187.3,True,True,True
NVDA,2026-01-23 13:06:23.667000-05:00,SELL,187.32,187.33999999999997,187.3,True,True,True
NVDA,2026-01-23 13:06:28.136000-05:00,SELL,187.31,187.33999999999997,187.3,True,True,True
NVDA,2026-01-23 13:06:29.135000-05:00,SELL,187.31,187.36,187.3,True,True,True
NVDA,2026-01-23 13:06:30.141000-05:00,SELL,187.28000000000003,187.32,187.3,False,False,False
NVDA,2026-01-23 13:06:33.662000-05:00,SELL,187.36,187.39,187.33,True,True,True
NVDA,2026-01-23 13:06:34.671000-05:00,BUY,187.36,187.39,187.39999999999998,True,True,True
NVDA,2026-01-23 13:06:38.246000-05:00,BUY,187.38,187.40999999999997,187.42,True,True,True
NVDA,2026-01-23 13:06:41.763000-05:00,BUY,187.4,187.42,187.42,True,True,False
NVDA,2026-01-23 13:06:45.251000-05:00,BUY,187.38,187.40999999999997,187.42,True,True,True
NVDA,2026-01-23 13:06:46.240000-05:00,BUY,187.38,187.40999999999997,187.42,True,True,True
NVDA,2026-01-23 13:06:47.244000-05:00,BUY,187.37,187.39,187.42,True,True,True
NVDA,2026-01-23 13:06:50.768000-05:00,BUY,187.39,187.41999999999996,187.42999999999998,True,True,True
NVDA,2026-01-23 13:06:53.275000-05:00,SELL,187.38,187.39999999999998,187.37,True,True,True
NVDA,2026-01-23 13:06:54.279000-05:00,SELL,187.35000000000002,187.38,187.37,False,False,False
NVDA,2026-01-23 13:07:01.871000-05:00,SELL,187.37,187.39999999999998,187.34,True,True,True
NVDA,2026-01-23 13:07:02.907000-05:00,SELL,187.38,187.40999999999997,187.34,True,True,True
NVDA,2026-01-23 13:07:06.495000-05:00,SELL,187.37,187.39999999999998,187.36,True,True,True
NVDA,2026-01-23 13:07:07.493000-05:00,SELL,187.36,187.38,187.36,True,False,True
NVDA,2026-01-23 13:07:08.491000-05:00,SELL,187.36,187.38,187.36,True,False,True
NVDA,2026-01-23 13:07:11.061000-05:00,BUY,187.35000000000002,187.38,187.38,True,True,False
NVDA,2026-01-23 13:07:15.610000-05:00,SELL,187.34000000000003,187.37,187.33,True,True,True
NVDA,2026-01-23 13:07:16.622000-05:00,BUY,187.32,187.34999999999997,187.37,True,True,True
NVDA,2026-01-23 13:07:20.157000-05:00,SELL,187.33,187.35,187.32000000000002,True,True,True
NVDA,2026-01-23 13:07:21.230000-05:00,BUY,187.33000000000004,187.36,187.37,True,True,True
NVDA,2026-01-23 13:07:24.786000-05:00,BUY,187.33000000000004,187.36,187.35999999999999,False,True,False
NVDA,2026-01-23 13:07:25.801000-05:00,BUY,187.32,187.34999999999997,187.35999999999999,True,True,True
NVDA,2026-01-23 13:07:29.391000-05:00,BUY,187.34000000000003,187.37,187.38,True,True,True
NVDA,2026-01-23 13:07:33.947000-05:00,BUY,187.34000000000003,187.37,187.39,True,True,True
NVDA,2026-01-23 13:07:36.444000-05:00,SELL,187.33000000000004,187.36,187.33,True,False,True
NVDA,2026-01-23 13:07:37.476000-05:00,SELL,187.36,187.38,187.33,True,True,True
NVDA,2026-01-23 13:07:44.573000-05:00,SELL,187.40000000000003,187.45,187.39000000000001,True,True,True
NVDA,2026-01-23 13:07:45.559000-05:00,SELL,187.43,187.46999999999997,187.39000000000001,True,True,True
NVDA,2026-01-23 13:07:46.579000-05:00,SELL,187.45,187.46999999999997,187.39000000000001,True,True,True
NVDA,2026-01-23 13:07:51.712000-05:00,SELL,187.44,187.46999999999997,187.44,True,False,True
NVDA,2026-01-23 13:07:52.700000-05:00,SELL,187.41000000000003,187.44,187.44,False,False,False
NVDA,2026-01-23 13:07:57.255000-05:00,SELL,187.44,187.47999999999996,187.43,True,True,True
NVDA,2026-01-23 13:07:58.287000-05:00,SELL,187.45,187.47999999999996,187.43,True,True,True
NVDA,2026-01-23 13:07:59.411000-05:00,SELL,187.44,187.46999999999997,187.43,True,True,True
NVDA,2026-01-23 13:08:05.296000-05:00,SELL,187.46000000000004,187.49,187.45000000000002,True,True,True
NVDA,2026-01-23 13:08:06.328000-05:00,SELL,187.48000000000002,187.5,187.45000000000002,True,True,True
NVDA,2026-01-23 13:08:07.334000-05:00,SELL,187.47000000000003,187.5,187.45000000000002,True,True,True
NVDA,2026-01-23 13:08:10.908000-05:00,BUY,187.47000000000003,187.5,187.51,True,True,True
NVDA,2026-01-23 13:08:11.903000-05:00,BUY,187.47000000000003,187.49,187.51,True,True,True
NVDA,2026-01-23 13:08:15.424000-05:00,SELL,187.52000000000004,187.55,187.47,True,True,True
NVDA,2026-01-23 13:08:18.986000-05:00,SELL,187.51,187.55,187.5,True,True,True
NVDA,2026-01-23 13:08:19.989000-05:00,SELL,187.51,187.52999999999997,187.5,True,True,True
NVDA,2026-01-23 13:09:01.560000-05:00,SELL,187.59000000000003,187.61,187.58,True,True,True
NVDA,2026-01-23 13:09:52.681000-05:00,SELL,187.63,187.64999999999998,187.62,True,True,True
NVDA,2026-01-23 13:10:33.680000-05:00,BUY,187.66000000000003,187.68,187.69,True,True,True
NVDA,2026-01-23 13:10:43.806000-05:00,BUY,187.63,187.64999999999998,187.69,True,True,True
NVDA,2026-01-23 13:10:53.945000-05:00,BUY,187.59000000000003,187.62,187.69,True,True,True
NVDA,2026-01-23 13:11:34.934000-05:00,SELL,187.72000000000003,187.74,187.71,True,True,True
NVDA,2026-01-23 13:11:45.055000-05:00,SELL,187.7,187.74,187.71,False,False,False
NVDA,2026-01-23 13:11:55.171000-05:00,SELL,187.67,187.72,187.71,False,False,False
NVDA,2026-01-23 13:13:16.653000-05:00,BUY,187.54000000000002,187.57,187.57,True,True,False
NVDA,2026-01-23 13:13:26.782000-05:00,BUY,187.55,187.58999999999997,187.57,False,False,False
NVDA,2026-01-23 13:15:29.255000-05:00,SELL,187.59000000000003,187.61,187.59,True,False,True
NVDA,2026-01-23 13:15:39.370000-05:00,SELL,187.59000000000003,187.62,187.59,True,False,True
NVDA,2026-01-23 13:15:49.509000-05:00,SELL,187.65,187.67,187.59,True,True,True
NVDA,2026-01-23 13:16:50.736000-05:00,BUY,187.76,187.77999999999997,187.79,True,True,True
NVDA,2026-01-23 13:17:00.849000-05:00,SELL,187.73000000000002,187.75,187.75,False,False,False
NVDA,2026-01-23 13:17:31.708000-05:00,BUY,187.75,187.76999999999998,187.76999999999998,True,True,False
NVDA,2026-01-23 13:17:41.839000-05:00,BUY,187.79000000000002,187.82,187.76999999999998,False,False,False
NVDA,2026-01-23 13:17:51.959000-05:00,BUY,187.76,187.76999999999998,187.76999999999998,True,True,False
NVDA,2026-01-23 13:19:23.550000-05:00,SELL,187.8,187.81,187.79000000000002,True,True,True
NVDA,2026-01-23 13:19:33.662000-05:00,SELL,187.79000000000002,187.82,187.79000000000002,True,False,True
NVDA,2026-01-23 13:20:34.886000-05:00,SELL,187.69,187.70999999999998,187.67000000000002,True,True,True
NVDA,2026-01-23 13:20:45.007000-05:00,SELL,187.74,187.76999999999998,187.67000000000002,True,True,True
NVDA,2026-01-23 13:20:55.127000-05:00,SELL,187.75,187.77999999999997,187.67000000000002,True,True,True
NVDA,2026-01-23 13:21:56.377000-05:00,BUY,187.88,187.89999999999998,187.92,True,True,True
NVDA,2026-01-23 13:22:06.497000-05:00,BUY,187.85000000000002,187.87,187.92,True,True,True
NVDA,2026-01-23 13:24:08.951000-05:00,SELL,187.73000000000002,187.76,187.73000000000002,True,False,True
NVDA,2026-01-23 13:24:19.072000-05:00,SELL,187.75,187.76999999999998,187.73000000000002,True,True,True
NVDA,2026-01-23 13:24:29.189000-05:00,SELL,187.72000000000003,187.75,187.73000000000002,False,False,True
NVDA,2026-01-23 13:25:30.445000-05:00,BUY,187.89,187.90999999999997,187.92,True,True,True
NVDA,2026-01-23 13:25:40.562000-05:00,BUY,187.88,187.89999999999998,187.92,True,True,True
NVDA,2026-01-23 13:28:13.416000-05:00,BUY,188.02,188.04,188.04999999999998,True,True,True
NVDA,2026-01-23 13:28:23.523000-05:00,BUY,187.98000000000002,188.0,188.04999999999998,True,True,True
NVDA,2026-01-23 13:28:33.630000-05:00,BUY,187.97000000000003,187.99,188.04999999999998,True,True,True
NVDA,2026-01-23 13:29:24.702000-05:00,SELL,187.91000000000003,187.93,187.9,True,True,True
NVDA,2026-01-23 13:29:34.816000-05:00,BUY,187.91000000000003,187.93,187.94,True,True,True
NVDA,2026-01-23 13:30:56.224000-05:00,SELL,187.8,187.82999999999998,187.78,True,True,True
NVDA,2026-01-23 13:31:06.337000-05:00,SELL,187.81,187.82999999999998,187.78,True,True,True
NVDA,2026-01-23 13:34:41.794000-05:00,SELL,187.46,187.58,187.57000000000002,False,False,False
NVDA,2026-01-23 13:34:51.924000-05:00,SELL,187.55,187.58999999999997,187.57000000000002,False,False,False
NVDA,2026-01-23 13:35:02.055000-05:00,SELL,187.59000000000003,187.63,187.57000000000002,True,True,True
NVDA,2026-01-23 13:35:43.046000-05:00,SELL,187.61,187.63,187.59,True,True,True
NVDA,2026-01-23 13:36:34.175000-05:00,SELL,187.65000000000003,187.68,187.64000000000001,True,True,True
NVDA,2026-01-23 13:37:15.172000-05:00,BUY,187.64,187.65999999999997,187.67999999999998,True,True,True
NVDA,2026-01-23 13:37:25.291000-05:00,BUY,187.61,187.64,187.67999999999998,True,True,True
NVDA,2026-01-23 13:37:46.048000-05:00,SELL,187.65000000000003,187.69,187.64000000000001,True,True,True
NVDA,2026-01-23 13:37:56.161000-05:00,SELL,187.74,187.76999999999998,187.64000000000001,True,True,True
NVDA,2026-01-23 13:38:06.284000-05:00,SELL,187.77000000000004,187.8,187.64000000000001,True,True,True
NVDA,2026-01-23 13:38:37.175000-05:00,BUY,187.84000000000003,187.86,187.87,True,True,True
NVDA,2026-01-23 13:38:47.296000-05:00,BUY,187.87,187.89999999999998,187.87,False,False,False
NVDA,2026-01-23 13:39:28.830000-05:00,BUY,187.95,187.97999999999996,187.98999999999998,True,True,True
NVDA,2026-01-23 13:39:38.942000-05:00,BUY,187.94,187.96999999999997,187.98999999999998,True,True,True
NVDA,2026-01-23 13:40:19.911000-05:00,SELL,187.94,187.96999999999997,187.93,True,True,True
NVDA,2026-01-23 13:40:30.030000-05:00,SELL,187.94,187.97999999999996,187.93,True,True,True
NVDA,2026-01-23 13:40:40.151000-05:00,SELL,187.93,187.95999999999998,187.93,True,False,True
NVDA,2026-01-23 13:41:51.484000-05:00,BUY,187.93,187.95999999999998,187.97,True,True,True
NVDA,2026-01-23 13:42:01.601000-05:00,BUY,187.97000000000003,187.99,187.97,False,False,False
NVDA,2026-01-23 13:42:11.720000-05:00,BUY,187.98000000000002,188.0,187.97,False,False,False
NVDA,2026-01-23 13:42:21.851000-05:00,BUY,187.97000000000003,187.99,187.97,False,False,False
NVDA,2026-01-23 13:43:02.819000-05:00,BUY,187.97000000000003,188.0,188.01,True,True,True
NVDA,2026-01-23 13:43:12.936000-05:00,BUY,187.99,188.01999999999998,188.01,False,True,False
NVDA,2026-01-23 13:44:34.383000-05:00,SELL,187.99,188.01,187.98000000000002,True,True,True
NVDA,2026-01-23 13:44:44.494000-05:00,SELL,188.0,188.01999999999998,187.98000000000002,True,True,True
NVDA,2026-01-23 13:45:35.583000-05:00,BUY,187.95,187.96999999999997,187.97,True,True,False
NVDA,2026-01-23 13:45:45.708000-05:00,BUY,187.95,187.96999999999997,187.97,True,True,False
NVDA,2026-01-23 13:45:55.827000-05:00,BUY,187.95,187.96999999999997,187.97,True,True,False
NVDA,2026-01-23 13:47:17.277000-05:00,SELL,187.98000000000002,188.0,187.96,True,True,True
NVDA,2026-01-23 13:47:27.392000-05:00,SELL,187.98000000000002,188.0,187.96,True,True,True
NVDA,2026-01-23 13:48:18.498000-05:00,BUY,188.05,188.07999999999998,188.07999999999998,True,True,False
NVDA,2026-01-23 13:48:28.616000-05:00,BUY,188.03000000000003,188.06,188.07999999999998,True,True,True
NVDA,2026-01-23 13:48:38.735000-05:00,BUY,188.04000000000002,188.06,188.07999999999998,True,True,True
NVDA,2026-01-23 13:49:50.074000-05:00,BUY,188.01,188.02999999999997,188.04,True,True,True
NVDA,2026-01-23 13:51:01.591000-05:00,SELL,188.0,188.01999999999998,188.01000000000002,False,False,False
NVDA,2026-01-23 13:51:11.716000-05:00,SELL,188.02,188.04,188.01000000000002,True,True,True
NVDA,2026-01-23 13:53:45.025000-05:00,SELL,188.01,188.02999999999997,188.01000000000002,False,False,True
NVDA,2026-01-23 13:53:55.144000-05:00,SELL,187.99,188.01,188.01000000000002,False,False,False
NVDA,2026-01-23 13:54:05.273000-05:00,SELL,188.03000000000003,188.05,188.01000000000002,True,True,True
NVDA,2026-01-23 13:55:16.637000-05:00,SELL,188.11,188.13,188.10000000000002,True,True,True
NVDA,2026-01-23 13:55:26.769000-05:00,SELL,188.10000000000002,188.11,188.10000000000002,True,False,True
NVDA,2026-01-23 13:56:07.766000-05:00,BUY,188.16,188.17,188.19,True,True,True
NVDA,2026-01-23 13:56:17.883000-05:00,BUY,188.19,188.20999999999998,188.19,False,False,False
NVDA,2026-01-23 13:56:28.006000-05:00,BUY,188.16000000000003,188.19,188.19,True,True,False
NVDA,2026-01-23 13:57:19.113000-05:00,SELL,188.10000000000002,188.12,188.09,True,True,True
NVDA,2026-01-23 13:57:29.241000-05:00,SELL,188.09000000000003,188.11,188.09,True,False,True
NVDA,2026-01-23 13:58:30.441000-05:00,SELL,188.04000000000002,188.07,188.03,True,True,True
NVDA,2026-01-23 13:58:40.558000-05:00,SELL,187.99,188.01,188.03,False,False,False
NVDA,2026-01-23 13:58:50.673000-05:00,SELL,187.99,188.03999999999996,188.03,False,False,False
NVDA,2026-01-23 13:59:41.787000-05:00,BUY,188.07,188.08999999999997,188.12,True,True,True
NVDA,2026-01-23 13:59:51.903000-05:00,BUY,188.07,188.08999999999997,188.12,True,True,True
NVDA,2026-01-23 14:00:53.129000-05:00,BUY,188.16000000000003,188.18,188.19,True,True,True
NVDA,2026-01-23 14:01:03.242000-05:00,BUY,188.22000000000003,188.24,188.19,False,False,False
NVDA,2026-01-23 14:01:13.649000-05:00,BUY,188.16000000000003,188.18,188.19,True,True,True
NVDA,2026-01-23 14:02:45.164000-05:00,SELL,188.14,188.15999999999997,188.13,True,True,True
NVDA,2026-01-23 14:02:55.278000-05:00,SELL,188.11,188.13,188.13,False,False,False
NVDA,2026-01-23 14:03:05.389000-05:00,BUY,188.12,188.14,188.17999999999998,True,True,True
NVDA,2026-01-23 14:03:46.362000-05:00,SELL,188.23000000000002,188.25,188.22,True,True,True
NVDA,2026-01-23 14:03:56.477000-05:00,SELL,188.21,188.22,188.22,False,False,True
NVDA,2026-01-23 14:04:27.371000-05:00,SELL,188.29000000000002,188.3,188.28,True,True,True
NVDA,2026-01-23 14:04:37.492000-05:00,SELL,188.24,188.25,188.28,False,False,False
NVDA,2026-01-23 14:04:47.592000-05:00,SELL,188.19,188.2,188.28,False,False,False
NVDA,2026-01-23 14:04:57.709000-05:00,SELL,188.17000000000002,188.18,188.28,False,False,False
NVDA,2026-01-23 14:05:28.549000-05:00,BUY,188.18,188.20999999999998,188.20999999999998,True,True,False
NVDA,2026-01-23 14:05:38.667000-05:00,BUY,188.2,188.20999999999998,188.20999999999998,True,True,False
NVDA,2026-01-23 14:05:48.780000-05:00,SELL,188.17000000000002,188.2,188.16,True,True,True
NVDA,2026-01-23 14:06:29.750000-05:00,BUY,188.25,188.27999999999997,188.29,True,True,True
NVDA,2026-01-23 14:06:39.862000-05:00,BUY,188.27,188.28,188.29,True,True,True
NVDA,2026-01-23 14:06:49.975000-05:00,SELL,188.25,188.26999999999998,188.24,True,True,True
NVDA,2026-01-23 14:07:31.463000-05:00,SELL,188.32,188.33999999999997,188.32000000000002,False,False,True
NVDA,2026-01-23 14:07:41.575000-05:00,SELL,188.33,188.34,188.32000000000002,True,True,True
NVDA,2026-01-23 14:07:51.688000-05:00,SELL,188.31,188.32999999999998,188.32000000000002,False,False,False
NVDA,2026-01-23 14:09:02.976000-05:00,SELL,188.35000000000002,188.37,188.34,True,True,True
NVDA,2026-01-23 14:09:13.091000-05:00,SELL,188.38,188.39999999999998,188.34,True,True,True
NVDA,2026-01-23 14:10:14.280000-05:00,BUY,188.25,188.26999999999998,188.28,True,True,True
NVDA,2026-01-23 14:10:24.403000-05:00,SELL,188.2,188.24,188.24,False,False,False
NVDA,2026-01-23 14:11:45.837000-05:00,SELL,188.17000000000002,188.18,188.15,True,True,True
NVDA,2026-01-23 14:11:55.948000-05:00,SELL,188.22000000000003,188.24,188.15,True,True,True
NVDA,2026-01-23 14:12:47.003000-05:00,SELL,188.2,188.21999999999997,188.19,True,True,True
NVDA,2026-01-23 14:13:48.204000-05:00,BUY,188.03000000000003,188.06,188.07999999999998,True,True,True
NVDA,2026-01-23 14:13:58.323000-05:00,BUY,188.02,188.04,188.07999999999998,True,True,True
NVDA,2026-01-23 14:15:10.114000-05:00,BUY,188.04000000000002,188.07,188.09,True,True,True
NVDA,2026-01-23 14:15:20.222000-05:00,BUY,188.03000000000003,188.05,188.09,True,True,True
NVDA,2026-01-23 14:15:30.330000-05:00,BUY,188.06,188.08999999999997,188.09,True,True,False
NVDA,2026-01-23 14:16:51.766000-05:00,SELL,188.04000000000002,188.07,188.03,True,True,True
NVDA,2026-01-23 14:17:01.872000-05:00,SELL,188.02,188.04,188.03,False,False,True
NVDA,2026-01-23 14:18:54.143000-05:00,SELL,187.88,187.90999999999997,187.85000000000002,True,True,True
NVDA,2026-01-23 14:19:04.250000-05:00,SELL,187.91000000000003,187.93,187.85000000000002,True,True,True
NVDA,2026-01-23 14:19:14.365000-05:00,SELL,187.9,187.91,187.85000000000002,True,True,True
NVDA,2026-01-23 14:20:15.552000-05:00,BUY,187.86,187.89,187.91,True,True,True
NVDA,2026-01-23 14:20:25.671000-05:00,SELL,187.88,187.89999999999998,187.87,True,True,True
NVDA,2026-01-23 14:21:47.078000-05:00,SELL,187.92000000000002,187.94,187.91,True,True,True
NVDA,2026-01-23 14:21:57.197000-05:00,SELL,187.95,187.96999999999997,187.91,True,True,True
NVDA,2026-01-23 14:22:38.180000-05:00,BUY,187.92000000000002,187.94,187.95,True,True,True
NVDA,2026-01-23 14:22:48.291000-05:00,BUY,187.93,187.95,187.95,True,True,False
NVDA,2026-01-23 14:24:41.135000-05:00,SELL,187.94,187.95999999999998,187.94,True,False,True
NVDA,2026-01-23 14:24:51.246000-05:00,SELL,187.97000000000003,187.99,187.94,True,True,True
NVDA,2026-01-23 14:25:01.362000-05:00,SELL,187.96,187.98,187.94,True,True,True
NVDA,2026-01-23 14:25:52.446000-05:00,BUY,187.91,187.92,187.92999999999998,True,True,True
NVDA,2026-01-23 14:26:02.566000-05:00,BUY,187.91000000000003,187.93,187.92999999999998,False,True,False
NVDA,2026-01-23 14:28:35.931000-05:00,BUY,187.93,187.95999999999998,187.95999999999998,True,True,False
NVDA,2026-01-23 14:28:46.037000-05:00,BUY,187.9,187.92,187.95999999999998,True,True,True
NVDA,2026-01-23 14:28:56.150000-05:00,BUY,187.86,187.89,187.95999999999998,True,True,True
NVDA,2026-01-23 14:29:47.285000-05:00,BUY,187.84000000000003,187.87,187.87,True,True,False
NVDA,2026-01-23 14:30:38.439000-05:00,BUY,187.88,187.90999999999997,187.89999999999998,False,True,False
NVDA,2026-01-23 14:31:29.525000-05:00,BUY,187.95,187.96999999999997,187.98,True,True,True
NVDA,2026-01-23 14:31:39.658000-05:00,BUY,187.96,187.98,187.98,True,True,False
NVDA,2026-01-23 14:33:01.509000-05:00,SELL,187.99,188.01999999999998,187.98000000000002,True,True,True
NVDA,2026-01-23 14:33:11.629000-05:00,SELL,187.97,187.98,187.98000000000002,False,False,False
NVDA,2026-01-23 14:34:22.943000-05:00,SELL,187.92,187.96,187.9,True,True,True
NVDA,2026-01-23 14:34:33.061000-05:00,SELL,187.91000000000003,187.93,187.9,True,True,True
NVDA,2026-01-23 14:35:44.418000-05:00,SELL,187.89,187.91999999999996,187.88,True,True,True
NVDA,2026-01-23 14:35:54.529000-05:00,SELL,187.87,187.91999999999996,187.88,False,False,True
NVDA,2026-01-23 14:36:04.664000-05:00,SELL,187.97000000000003,188.0,187.88,True,True,True
NVDA,2026-01-23 14:36:55.976000-05:00,BUY,187.8,187.83999999999997,187.85,True,True,True
NVDA,2026-01-23 14:37:06.100000-05:00,SELL,187.74,187.76999999999998,187.79000000000002,False,False,False
NVDA,2026-01-23 14:38:17.452000-05:00,SELL,187.60000000000002,187.63,187.59,True,True,True
NVDA,2026-01-23 14:39:41.047000-05:00,SELL,187.55,187.57,187.53,True,True,True
NVDA,2026-01-23 14:39:51.169000-05:00,SELL,187.61,187.63,187.53,True,True,True
NVDA,2026-01-23 14:40:54.577000-05:00,BUY,187.58,187.6,187.60999999999999,True,True,True
NVDA,2026-01-23 14:41:05.744000-05:00,BUY,187.55,187.57,187.60999999999999,True,True,True
NVDA,2026-01-23 14:43:39.115000-05:00,SELL,187.65,187.67,187.64000000000001,True,True,True
NVDA,2026-01-23 14:43:49.238000-05:00,SELL,187.74,187.76999999999998,187.64000000000001,True,True,True
NVDA,2026-01-23 14:43:59.348000-05:00,SELL,187.68,187.70999999999998,187.64000000000001,True,True,True
NVDA,2026-01-23 14:45:22.308000-05:00,SELL,187.62,187.64999999999998,187.61,True,True,True
NVDA,2026-01-23 14:46:03.308000-05:00,BUY,187.63,187.64999999999998,187.66,True,True,True
NVDA,2026-01-23 14:46:13.430000-05:00,BUY,187.65,187.67,187.66,False,True,False
NVDA,2026-01-23 14:50:57.377000-05:00,BUY,187.42000000000002,187.45,187.45999999999998,True,True,True
NVDA,2026-01-23 14:51:07.496000-05:00,BUY,187.44,187.45999999999998,187.45999999999998,True,True,False
NVDA,2026-01-23 14:51:17.614000-05:00,BUY,187.52000000000004,187.55,187.45999999999998,False,False,False
NVDA,2026-01-23 14:52:28.953000-05:00,SELL,187.39,187.40999999999997,187.39000000000001,False,False,True
NVDA,2026-01-23 14:52:39.078000-05:00,SELL,187.36,187.39,187.39000000000001,False,False,False
NVDA,2026-01-23 14:52:49.713000-05:00,SELL,187.36,187.38,187.35000000000002,True,True,True
NVDA,2026-01-23 14:54:31.926000-05:00,BUY,187.4,187.42,187.42999999999998,True,True,True
NVDA,2026-01-23 14:54:42.048000-05:00,BUY,187.41000000000003,187.44,187.42999999999998,False,False,False
NVDA,2026-01-23 14:54:52.172000-05:00,BUY,187.38,187.40999999999997,187.42999999999998,True,True,True
NVDA,2026-01-23 14:56:03.527000-05:00,SELL,187.43,187.45,187.43,True,False,True
NVDA,2026-01-23 14:56:13.650000-05:00,BUY,187.47000000000003,187.49,187.47,False,False,False
NVDA,2026-01-23 14:56:54.645000-05:00,SELL,187.42,187.48,187.41,True,True,True
NVDA,2026-01-23 14:57:04.773000-05:00,SELL,187.42000000000002,187.44,187.41,True,True,True
NVDA,2026-01-23 15:00:50.299000-05:00,SELL,187.55,187.57,187.56,False,False,True
NVDA,2026-01-23 15:01:00.433000-05:00,SELL,187.60000000000002,187.63,187.56,True,True,True
NVDA,2026-01-23 15:01:10.741000-05:00,SELL,187.64,187.65999999999997,187.56,True,True,True
NVDA,2026-01-23 15:02:22.065000-05:00,BUY,187.65000000000003,187.68,187.69,True,True,True
NVDA,2026-01-23 15:02:32.174000-05:00,BUY,187.63,187.64999999999998,187.69,True,True,True
NVDA,2026-01-23 15:02:42.288000-05:00,BUY,187.62,187.64,187.69,True,True,True
NVDA,2026-01-23 15:04:03.660000-05:00,SELL,187.48000000000002,187.51,187.47,True,True,True
NVDA,2026-01-23 15:04:13.776000-05:00,SELL,187.44,187.45999999999998,187.47,False,False,False
NVDA,2026-01-23 15:04:44.636000-05:00,SELL,187.45,187.46999999999997,187.44,True,True,True
NVDA,2026-01-23 15:04:54.736000-05:00,SELL,187.44,187.45999999999998,187.44,True,False,True
NVDA,2026-01-23 15:05:04.855000-05:00,SELL,187.48000000000002,187.5,187.44,True,True,True
NVDA,2026-01-23 15:05:15.471000-05:00,SELL,187.47000000000003,187.49,187.46,True,True,True
NVDA,2026-01-23 15:05:56.442000-05:00,SELL,187.46,187.48,187.45000000000002,True,True,True
NVDA,2026-01-23 15:06:06.555000-05:00,SELL,187.44,187.45,187.45000000000002,False,False,False
NVDA,2026-01-23 15:07:07.715000-05:00,BUY,187.5,187.51999999999998,187.51,False,True,False
NVDA,2026-01-23 15:07:17.832000-05:00,SELL,187.48000000000002,187.5,187.47,True,True,True
NVDA,2026-01-23 15:08:29.135000-05:00,SELL,187.36,187.38,187.35000000000002,True,True,True
NVDA,2026-01-23 15:09:40.436000-05:00,BUY,187.27,187.28,187.29,True,True,True
NVDA,2026-01-23 15:09:50.547000-05:00,BUY,187.25,187.26999999999998,187.29,True,True,True
NVDA,2026-01-23 15:13:14.831000-05:00,SELL,187.47000000000003,187.49,187.46,True,True,True
NVDA,2026-01-23 15:13:24.946000-05:00,SELL,187.48000000000002,187.49,187.46,True,True,True
NVDA,2026-01-23 15:13:35.062000-05:00,SELL,187.5,187.51999999999998,187.46,True,True,True
NVDA,2026-01-23 15:14:05.907000-05:00,BUY,187.47000000000003,187.49,187.5,True,True,True
NVDA,2026-01-23 15:14:16.022000-05:00,BUY,187.44,187.45999999999998,187.5,True,True,True
NVDA,2026-01-23 15:14:26.145000-05:00,BUY,187.51,187.52999999999997,187.5,False,False,False
NVDA,2026-01-23 15:15:27.323000-05:00,SELL,187.39,187.41999999999996,187.39000000000001,False,False,True
NVDA,2026-01-23 15:15:37.432000-05:00,SELL,187.39,187.44,187.39000000000001,False,False,True
NVDA,2026-01-23 15:15:47.545000-05:00,SELL,187.42000000000002,187.45,187.39000000000001,True,True,True
NVDA,2026-01-23 15:16:48.751000-05:00,BUY,187.46000000000004,187.49,187.48999999999998,False,True,False
NVDA,2026-01-23 15:16:58.864000-05:00,BUY,187.51,187.52999999999997,187.48999999999998,False,False,False
NVDA,2026-01-23 15:18:31.440000-05:00,BUY,187.51,187.52999999999997,187.54,True,True,True
NVDA,2026-01-23 15:18:41.545000-05:00,BUY,187.51,187.52999999999997,187.54,True,True,True
NVDA,2026-01-23 15:18:51.660000-05:00,BUY,187.53000000000003,187.55,187.54,False,False,False
NVDA,2026-01-23 15:19:22.506000-05:00,BUY,187.62,187.64,187.64,True,True,False
NVDA,2026-01-23 15:19:32.612000-05:00,BUY,187.61,187.63,187.64,True,True,True
NVDA,2026-01-23 15:19:53.348000-05:00,SELL,187.55,187.57,187.54000000000002,True,True,True
NVDA,2026-01-23 15:20:03.460000-05:00,SELL,187.58,187.6,187.54000000000002,True,True,True
NVDA,2026-01-23 15:20:13.571000-05:00,SELL,187.56,187.57999999999998,187.54000000000002,True,True,True
NVDA,2026-01-23 15:21:04.648000-05:00,BUY,187.57,187.58999999999997,187.6,True,True,True
NVDA,2026-01-23 15:21:14.761000-05:00,BUY,187.57,187.59999999999997,187.6,True,True,False
NVDA,2026-01-23 15:21:55.724000-05:00,BUY,187.55,187.57,187.57999999999998,True,True,True
NVDA,2026-01-23 15:22:05.830000-05:00,BUY,187.55,187.57,187.57999999999998,True,True,True
NVDA,2026-01-23 15:22:15.946000-05:00,BUY,187.58000000000004,187.61,187.57999999999998,False,False,False
NVDA,2026-01-23 15:23:37.392000-05:00,BUY,187.41000000000003,187.43,187.44,True,True,True
NVDA,2026-01-23 15:24:58.803000-05:00,SELL,187.36,187.38,187.35000000000002,True,True,True
NVDA,2026-01-23 15:25:08.913000-05:00,SELL,187.35000000000002,187.37,187.35000000000002,True,False,True
NVDA,2026-01-23 15:25:19.031000-05:00,SELL,187.31,187.32999999999998,187.35000000000002,False,False,False
NVDA,2026-01-23 15:26:40.446000-05:00,BUY,187.28000000000003,187.3,187.31,True,True,True
NVDA,2026-01-23 15:26:50.570000-05:00,BUY,187.28000000000003,187.31,187.31,True,True,False
NVDA,2026-01-23 15:27:42.162000-05:00,BUY,187.33,187.35,187.35999999999999,True,True,True
NVDA,2026-01-23 15:27:52.270000-05:00,BUY,187.34000000000003,187.36,187.35999999999999,False,True,False
NVDA,2026-01-23 15:28:02.384000-05:00,BUY,187.35000000000002,187.37,187.35999999999999,False,False,False
NVDA,2026-01-23 15:28:43.349000-05:00,SELL,187.29000000000002,187.31,187.28,True,True,True
NVDA,2026-01-23 15:28:53.449000-05:00,SELL,187.3,187.32,187.28,True,True,True
NVDA,2026-01-23 15:29:03.567000-05:00,SELL,187.29000000000002,187.31,187.28,True,True,True
NVDA,2026-01-23 15:30:24.998000-05:00,BUY,187.18,187.2,187.22,True,True,True
NVDA,2026-01-23 15:30:35.104000-05:00,BUY,187.2,187.21999999999997,187.22,True,True,False
NVDA,2026-01-23 15:30:45.473000-05:00,SELL,187.22000000000003,187.24,187.18,True,True,True
NVDA,2026-01-23 15:31:56.751000-05:00,BUY,187.19,187.25,187.26,True,True,True
NVDA,2026-01-23 15:34:30.083000-05:00,BUY,187.32,187.33999999999997,187.34,True,True,False
NVDA,2026-01-23 15:34:40.198000-05:00,BUY,187.27,187.29,187.34,True,True,True
NVDA,2026-01-23 15:34:50.311000-05:00,BUY,187.31,187.33999999999997,187.34,True,True,False
NVDA,2026-01-23 15:36:01.675000-05:00,SELL,187.34,187.35,187.33,True,True,True
NVDA,2026-01-23 15:36:11.795000-05:00,SELL,187.36,187.37,187.33,True,True,True
NVDA,2026-01-23 15:36:53.299000-05:00,BUY,187.33,187.34,187.35,True,True,True
NVDA,2026-01-23 15:37:03.420000-05:00,BUY,187.3,187.32,187.35,True,True,True
NVDA,2026-01-23 15:37:13.535000-05:00,BUY,187.29000000000002,187.31,187.35,True,True,True
NVDA,2026-01-23 15:38:34.998000-05:00,SELL,187.37,187.38,187.34,True,True,True
NVDA,2026-01-23 15:38:45.113000-05:00,SELL,187.32,187.32999999999998,187.34,False,False,False
NVDA,2026-01-23 15:39:56.468000-05:00,SELL,187.24,187.26,187.23000000000002,True,True,True
NVDA,2026-01-23 15:40:06.592000-05:00,SELL,187.28,187.29,187.23000000000002,True,True,True
NVDA,2026-01-23 15:40:16.706000-05:00,SELL,187.3,187.32,187.23000000000002,True,True,True
NVDA,2026-01-23 15:41:07.803000-05:00,BUY,187.47000000000003,187.49,187.5,True,True,True
NVDA,2026-01-23 15:41:17.927000-05:00,BUY,187.51,187.52999999999997,187.5,False,False,False
NVDA,2026-01-23 15:41:48.786000-05:00,BUY,187.46,187.48,187.48,True,True,False
NVDA,2026-01-23 15:41:58.909000-05:00,BUY,187.48000000000002,187.5,187.48,False,False,False
NVDA,2026-01-23 15:43:20.439000-05:00,SELL,187.54000000000002,187.57,187.53,True,True,True
NVDA,2026-01-23 15:43:30.553000-05:00,SELL,187.54000000000002,187.56,187.53,True,True,True
NVDA,2026-01-23 15:43:40.675000-05:00,SELL,187.56,187.57,187.53,True,True,True
NVDA,2026-01-23 15:44:31.810000-05:00,SELL,187.57,187.57999999999998,187.55,True,True,True
NVDA,2026-01-23 15:45:43.175000-05:00,BUY,187.60000000000002,187.62,187.60999999999999,False,False,False
NVDA,2026-01-23 15:45:53.287000-05:00,BUY,187.57,187.57999999999998,187.60999999999999,True,True,True
NVDA,2026-01-23 15:46:03.411000-05:00,BUY,187.57,187.57999999999998,187.60999999999999,True,True,True
NVDA,2026-01-23 15:47:04.639000-05:00,SELL,187.57,187.58999999999997,187.57000000000002,False,False,True
NVDA,2026-01-23 15:47:14.762000-05:00,SELL,187.60000000000002,187.61,187.57000000000002,True,True,True
NVDA,2026-01-23 15:48:05.887000-05:00,BUY,187.56,187.57999999999998,187.59,True,True,True
NVDA,2026-01-23 15:48:16.012000-05:00,BUY,187.59,187.6,187.59,False,True,False
NVDA,2026-01-23 15:48:26.138000-05:00,BUY,187.53000000000003,187.55,187.59,True,True,True
NVDA,2026-01-23 15:48:36.254000-05:00,BUY,187.52,187.53,187.59,True,True,True
INTC,2026-01-23 09:28:02.916000-05:00,SELL,46.93000000000001,48.0,46.92,True,True,True
INTC,2026-01-23 09:28:33.548000-05:00,SELL,46.900000000000006,48.0,46.89,True,True,True
INTC,2026-01-23 09:29:08.268000-05:00,SELL,46.900000000000006,48.0,46.89,True,True,True
INTC,2026-01-23 09:29:42.420000-05:00,SELL,46.900000000000006,48.0,46.89,True,True,True
INTC,2026-01-23 09:29:58.827000-05:00,BUY,46.03,48.0,48.01,True,True,True
INTC,2026-01-23 09:30:01.018000-05:00,BUY,46.03,48.0,48.01,True,True,True
INTC,2026-01-23 09:30:05.752000-05:00,BUY,46.03,48.0,48.01,True,True,True
INTC,2026-01-23 09:30:12.274000-05:00,BUY,46.5,49.0,49.01,True,True,True
INTC,2026-01-23 09:30:15.356000-05:00,BUY,46.5,49.0,49.01,True,True,True
INTC,2026-01-23 09:30:23.343000-05:00,BUY,47.05,49.0,49.01,True,True,True
INTC,2026-01-23 09:30:24.999000-05:00,SELL,47.05,49.0,47.04,True,True,True
INTC,2026-01-23 09:30:28.480000-05:00,SELL,47.05,49.0,47.04,True,True,True
INTC,2026-01-23 09:30:31.109000-05:00,BUY,47.05,49.0,49.01,True,True,True
INTC,2026-01-23 09:30:51.329000-05:00,BUY,47.0,47.28999999999999,47.3,True,True,True
INTC,2026-01-23 09:30:54.065000-05:00,BUY,47.0,49.0,47.3,False,False,False
INTC,2026-01-23 09:31:03.944000-05:00,BUY,47.25,47.370000000000005,47.3,False,False,False
INTC,2026-01-23 09:31:06.093000-05:00,BUY,47.0,47.2,47.129999999999995,False,False,False
INTC,2026-01-23 09:31:17.762000-05:00,BUY,47.010000000000005,47.08,47.129999999999995,True,True,True
INTC,2026-01-23 09:31:27.669000-05:00,BUY,46.78,46.84,47.129999999999995,True,True,True
INTC,2026-01-23 09:31:30.283000-05:00,SELL,46.760000000000005,46.83,46.75,True,True,True
INTC,2026-01-23 09:31:33.762000-05:00,SELL,46.790000000000006,46.83,46.71,True,True,True
INTC,2026-01-23 09:31:42.538000-05:00,SELL,46.74000000000001,46.81,46.730000000000004,True,True,True
INTC,2026-01-23 09:31:44.067000-05:00,SELL,46.67,46.739999999999995,46.730000000000004,False,False,False
INTC,2026-01-23 09:31:57.861000-05:00,SELL,46.8,46.85000000000001,46.81,False,False,False
INTC,2026-01-23 09:31:59.383000-05:00,BUY,46.75,46.83,46.879999999999995,True,True,True
INTC,2026-01-23 09:32:14.121000-05:00,SELL,46.620000000000005,46.69,46.63,False,False,True
INTC,2026-01-23 09:32:50.372000-05:00,SELL,46.47,46.52000000000001,46.46,True,True,True
INTC,2026-01-23 09:33:17.325000-05:00,SELL,46.32,46.37,46.31,True,True,True
INTC,2026-01-23 09:33:22.984000-05:00,SELL,46.26,46.29,46.25,True,True,True
INTC,2026-01-23 09:33:29.446000-05:00,BUY,46.31,46.349999999999994,46.36,True,True,True
INTC,2026-01-23 09:33:32.056000-05:00,BUY,46.31,46.349999999999994,46.36,True,True,True
INTC,2026-01-23 09:33:33.641000-05:00,BUY,46.31,46.349999999999994,46.36,True,True,True
INTC,2026-01-23 09:33:40.731000-05:00,SELL,46.24000000000001,46.28,46.25,False,False,True
INTC,2026-01-23 09:33:42.067000-05:00,SELL,46.23,46.29,46.25,False,False,False
INTC,2026-01-23 09:33:47.199000-05:00,SELL,46.38000000000001,46.45,46.22,True,True,True
INTC,2026-01-23 09:33:52.447000-05:00,BUY,46.269999999999996,46.3,46.43,True,True,True
INTC,2026-01-23 09:33:55.578000-05:00,BUY,46.27,46.32,46.43,True,True,True
INTC,2026-01-23 09:34:11.457000-05:00,BUY,46.16,46.19,46.169999999999995,False,False,False
INTC,2026-01-23 09:34:13.212000-05:00,SELL,46.14,46.16,46.11,True,True,True
INTC,2026-01-23 09:34:20.920000-05:00,SELL,46.379999999999995,46.44,46.39,False,False,False
INTC,2026-01-23 09:34:33.271000-05:00,SELL,46.44,46.47999999999999,46.46,False,False,False
INTC,2026-01-23 09:34:42.272000-05:00,SELL,46.33,46.38000000000001,46.31,True,True,True
INTC,2026-01-23 09:34:54.170000-05:00,BUY,46.38000000000001,46.42,46.43,True,True,True
INTC,2026-01-23 09:34:59.119000-05:00,SELL,46.48,46.52,46.43,True,True,True
INTC,2026-01-23 09:35:11.585000-05:00,BUY,46.28,46.31,46.32,True,True,True
INTC,2026-01-23 09:35:18.229000-05:00,BUY,46.269999999999996,46.33,46.339999999999996,True,True,True
INTC,2026-01-23 09:35:21.892000-05:00,BUY,46.24,46.32,46.33,True,True,True
INTC,2026-01-23 09:35:24.474000-05:00,BUY,46.24,46.32,46.33,True,True,True
INTC,2026-01-23 09:35:32.393000-05:00,BUY,46.39999999999999,46.45,46.47,True,True,True
INTC,2026-01-23 09:35:39.099000-05:00,SELL,46.36,46.42,46.38,False,False,False
INTC,2026-01-23 09:35:47.575000-05:00,BUY,46.3,46.35000000000001,46.35,False,True,False
INTC,2026-01-23 09:35:54.902000-05:00,BUY,46.35,46.4,46.29,False,False,False
INTC,2026-01-23 09:35:59.625000-05:00,BUY,46.3,46.33,46.339999999999996,True,True,True
INTC,2026-01-23 09:36:10.326000-05:00,BUY,46.36,46.41,46.419999999999995,True,True,True
INTC,2026-01-23 09:36:19.049000-05:00,SELL,46.28,46.31,46.29,False,False,True
INTC,2026-01-23 09:36:30.773000-05:00,SELL,46.39,46.44,46.38,True,True,True
INTC,2026-01-23 09:36:49.345000-05:00,BUY,46.74000000000001,46.78,46.8,True,True,True
INTC,2026-01-23 09:36:51.248000-05:00,BUY,46.69,46.72,46.8,True,True,True
INTC,2026-01-23 09:36:53.095000-05:00,BUY,46.72,46.75999999999999,46.8,True,True,True
INTC,2026-01-23 09:36:58.187000-05:00,SELL,46.77000000000001,46.81,46.760000000000005,True,True,True
INTC,2026-01-23 09:36:59.689000-05:00,SELL,46.78,46.83,46.760000000000005,True,True,True
INTC,2026-01-23 09:37:05.523000-05:00,BUY,46.92,46.959999999999994,47.0,True,True,True
INTC,2026-01-23 09:37:07.625000-05:00,SELL,46.93000000000001,46.97,46.93,True,False,True
INTC,2026-01-23 09:37:19.350000-05:00,BUY,46.620000000000005,46.66,46.669999999999995,True,True,True
INTC,2026-01-23 09:37:35.086000-05:00,BUY,46.91,46.93000000000001,46.96,True,True,True
INTC,2026-01-23 09:37:54.832000-05:00,SELL,46.91,46.94,46.910000000000004,False,False,True
INTC,2026-01-23 09:37:56.658000-05:00,SELL,46.95,46.980000000000004,46.910000000000004,True,True,True
INTC,2026-01-23 09:37:58.419000-05:00,SELL,46.96000000000001,47.0,46.910000000000004,True,True,True
INTC,2026-01-23 09:38:05.016000-05:00,SELL,46.94,46.97999999999999,46.910000000000004,True,True,True
INTC,2026-01-23 09:38:15.837000-05:00,BUY,46.96,46.99,46.989999999999995,False,True,False
INTC,2026-01-23 09:38:31.119000-05:00,BUY,46.84,46.86,46.86,True,True,False
INTC,2026-01-23 09:38:33.498000-05:00,SELL,46.94,46.95,46.79,True,True,True
INTC,2026-01-23 09:38:52.734000-05:00,BUY,47.05,47.08,47.07,False,True,False
INTC,2026-01-23 09:39:02.571000-05:00,BUY,47.03,47.120000000000005,47.129999999999995,True,True,False
INTC,2026-01-23 09:39:09.064000-05:00,BUY,46.900000000000006,46.94,46.94,True,True,False
INTC,2026-01-23 09:39:12.879000-05:00,BUY,46.81,46.849999999999994,46.94,True,True,True
INTC,2026-01-23 09:39:14.402000-05:00,BUY,46.81,46.849999999999994,46.94,True,True,True
INTC,2026-01-23 09:39:22.423000-05:00,SELL,46.900000000000006,46.94,46.85,True,True,True
INTC,2026-01-23 09:39:24.786000-05:00,SELL,46.95,46.980000000000004,46.85,True,True,True
INTC,2026-01-23 09:39:29.373000-05:00,SELL,46.92,46.97,46.940000000000005,False,False,False
INTC,2026-01-23 09:39:33.626000-05:00,SELL,46.89,46.94,46.88,True,True,True
INTC,2026-01-23 09:39:39.663000-05:00,BUY,46.900000000000006,46.94,46.94,True,True,False
INTC,2026-01-23 09:39:41.577000-05:00,BUY,46.91,46.96000000000001,46.94,False,False,False
INTC,2026-01-23 09:39:49.907000-05:00,SELL,46.82000000000001,46.86,46.81,True,True,True
INTC,2026-01-23 09:39:51.509000-05:00,BUY,46.86,46.89999999999999,46.87,False,False,False
INTC,2026-01-23 09:39:58.009000-05:00,SELL,46.900000000000006,46.94,46.89,True,True,True
INTC,2026-01-23 09:40:04.577000-05:00,SELL,47.07,47.12,47.06,True,True,True
INTC,2026-01-23 09:40:24.207000-05:00,BUY,47.2,47.239999999999995,47.26,True,True,True
INTC,2026-01-23 09:40:31.742000-05:00,SELL,47.32,47.38,47.300000000000004,True,True,True
INTC,2026-01-23 09:40:37.881000-05:00,BUY,47.42,47.47,47.48,True,True,True
INTC,2026-01-23 09:40:42.469000-05:00,SELL,47.46000000000001,47.5,47.46,True,False,True
INTC,2026-01-23 09:40:50.593000-05:00,BUY,47.36,47.39,47.44,True,True,True
INTC,2026-01-23 09:40:54.541000-05:00,SELL,47.39,47.42999999999999,47.38,True,True,True
INTC,2026-01-23 09:40:59.573000-05:00,SELL,47.36,47.39999999999999,47.370000000000005,False,False,False
INTC,2026-01-23 09:41:26.002000-05:00,SELL,47.13,47.18,47.120000000000005,True,True,True
INTC,2026-01-23 09:41:32.979000-05:00,SELL,46.96,47.01,47.120000000000005,False,False,False
INTC,2026-01-23 09:41:59.388000-05:00,BUY,47.23,47.26,47.26,True,True,False
INTC,2026-01-23 09:42:06.066000-05:00,BUY,47.260000000000005,47.3,47.309999999999995,True,True,True
INTC,2026-01-23 09:42:54.307000-05:00,SELL,47.11,47.14,47.06,True,True,True
INTC,2026-01-23 09:42:55.895000-05:00,SELL,47.05,47.09,47.06,False,False,False
INTC,2026-01-23 09:42:57.375000-05:00,SELL,47.040000000000006,47.08,47.06,False,False,False
INTC,2026-01-23 09:43:04.700000-05:00,BUY,47.07000000000001,47.11,47.12,True,True,True
INTC,2026-01-23 09:43:06.735000-05:00,BUY,47.11,47.17,47.12,False,False,False
INTC,2026-01-23 09:43:08.200000-05:00,BUY,47.120000000000005,47.16,47.12,False,False,False
INTC,2026-01-23 09:43:17.797000-05:00,SELL,46.96,47.01,46.96,True,False,True
INTC,2026-01-23 09:43:24.463000-05:00,BUY,46.86999999999999,46.92,46.94,True,True,True
INTC,2026-01-23 09:43:26.512000-05:00,SELL,46.790000000000006,46.83,46.86,False,False,False
INTC,2026-01-23 09:43:32.656000-05:00,BUY,46.76,46.82,46.83,True,True,True
INTC,2026-01-23 09:43:46.935000-05:00,SELL,46.870000000000005,46.91,46.86,True,True,True
INTC,2026-01-23 09:43:48.879000-05:00,SELL,46.86,46.89999999999999,46.86,True,False,True
INTC,2026-01-23 09:43:58.029000-05:00,BUY,46.82,46.87,46.83,False,False,False
INTC,2026-01-23 09:43:59.595000-05:00,BUY,46.709999999999994,46.92,46.83,False,False,False
INTC,2026-01-23 09:44:01.117000-05:00,BUY,46.71,46.93,46.83,False,False,False
INTC,2026-01-23 09:44:04.956000-05:00,SELL,46.76,46.93,46.910000000000004,False,False,False
INTC,2026-01-23 09:44:07.329000-05:00,BUY,46.75999999999999,46.94,46.949999999999996,True,True,True
INTC,2026-01-23 09:44:16.533000-05:00,BUY,46.870000000000005,46.97,46.98,True,True,True
INTC,2026-01-23 09:44:18.029000-05:00,SELL,46.86999999999999,46.92,46.86,True,False,True
INTC,2026-01-23 09:44:19.628000-05:00,BUY,46.870000000000005,46.91,46.98,True,True,True
INTC,2026-01-23 09:44:29.407000-05:00,SELL,46.709999999999994,46.8,46.7,True,False,True
INTC,2026-01-23 09:44:31.006000-05:00,BUY,46.709999999999994,46.8,46.809999999999995,True,True,True
INTC,2026-01-23 09:44:32.500000-05:00,BUY,46.71,46.77,46.809999999999995,True,True,True
INTC,2026-01-23 09:44:43.140000-05:00,BUY,46.66,46.75999999999999,46.79,True,True,True
INTC,2026-01-23 09:44:45.712000-05:00,BUY,46.66,46.8,46.79,False,True,False
INTC,2026-01-23 09:44:47.284000-05:00,BUY,46.66,46.8,46.79,False,True,False
INTC,2026-01-23 09:44:51.959000-05:00,SELL,46.599999999999994,46.72,46.59,True,False,True
INTC,2026-01-23 09:44:53.494000-05:00,SELL,46.6,46.71,46.59,True,True,True
INTC,2026-01-23 09:44:59.566000-05:00,SELL,46.71,46.73,46.7,True,True,True
INTC,2026-01-23 09:45:09.216000-05:00,SELL,46.599999999999994,46.72,46.59,True,False,True
INTC,2026-01-23 09:45:10.723000-05:00,SELL,46.599999999999994,46.72,46.59,True,False,True
INTC,2026-01-23 09:45:12.249000-05:00,SELL,46.599999999999994,46.72,46.59,True,False,True
INTC,2026-01-23 09:45:15.792000-05:00,SELL,46.629999999999995,46.66,46.59,True,True,True
INTC,2026-01-23 09:45:17.281000-05:00,SELL,46.629999999999995,46.66,46.59,True,True,True
INTC,2026-01-23 09:45:21.168000-05:00,SELL,46.69,46.75999999999999,46.68,True,True,True
INTC,2026-01-23 09:45:23.635000-05:00,SELL,46.66,46.8,46.68,False,False,False
INTC,2026-01-23 09:45:27.276000-05:00,BUY,46.65,46.85,46.82,False,False,False
INTC,2026-01-23 09:45:28.816000-05:00,BUY,46.74,46.85,46.82,False,False,False
INTC,2026-01-23 09:45:30.426000-05:00,BUY,46.629999999999995,46.84,46.82,False,False,False
INTC,2026-01-23 09:45:38.827000-05:00,BUY,46.62,46.77,46.78,True,True,True
INTC,2026-01-23 09:45:40.324000-05:00,BUY,46.62,46.77,46.78,True,True,True
INTC,2026-01-23 09:45:44.215000-05:00,BUY,46.67999999999999,46.86,46.82,False,False,False
INTC,2026-01-23 09:45:45.760000-05:00,BUY,46.68,46.85,46.82,False,False,False
INTC,2026-01-23 09:45:52.713000-05:00,BUY,46.63,46.74,46.76,True,True,True
INTC,2026-01-23 09:45:54.196000-05:00,SELL,46.63,46.74,46.660000000000004,False,False,False
INTC,2026-01-23 09:45:55.756000-05:00,BUY,46.629999999999995,46.72,46.76,True,True,True
INTC,2026-01-23 09:46:06.785000-05:00,BUY,46.629999999999995,46.72,46.73,True,True,True
INTC,2026-01-23 09:46:28.433000-05:00,SELL,46.61,46.730000000000004,46.64,False,False,False
INTC,2026-01-23 09:46:30.503000-05:00,SELL,46.61,46.82000000000001,46.64,False,False,False
INTC,2026-01-23 09:46:36.860000-05:00,SELL,46.69,46.75,46.64,True,True,True
INTC,2026-01-23 09:46:54.346000-05:00,SELL,46.5,46.59,46.49,True,True,True
INTC,2026-01-23 09:46:58.403000-05:00,BUY,46.5,46.650000000000006,46.6,False,False,False
INTC,2026-01-23 09:47:04.892000-05:00,SELL,46.59,46.66,46.49,True,True,True
INTC,2026-01-23 09:47:11.766000-05:00,BUY,46.5,46.59,46.6,True,True,True
INTC,2026-01-23 09:47:13.296000-05:00,BUY,46.5,46.75,46.6,False,False,False
INTC,2026-01-23 09:47:14.740000-05:00,BUY,46.5,46.64,46.6,False,False,False
INTC,2026-01-23 09:47:23.113000-05:00,BUY,46.620000000000005,46.72,46.73,True,True,True
INTC,2026-01-23 09:47:24.564000-05:00,BUY,46.62,46.68,46.73,True,True,True
INTC,2026-01-23 09:47:34.002000-05:00,SELL,46.55,46.67,46.54,True,True,True
INTC,2026-01-23 09:47:38.935000-05:00,SELL,46.59,46.72,46.580000000000005,True,True,True
INTC,2026-01-23 09:47:40.415000-05:00,SELL,46.59,46.64,46.580000000000005,True,True,True
INTC,2026-01-23 09:47:43.935000-05:00,BUY,46.5,46.61,46.62,True,True,True
INTC,2026-01-23 09:47:46.393000-05:00,BUY,46.5,46.629999999999995,46.62,False,True,False
INTC,2026-01-23 09:47:47.889000-05:00,BUY,46.58,46.59,46.62,True,True,True
INTC,2026-01-23 09:47:54.176000-05:00,BUY,46.5,46.599999999999994,46.61,True,True,True
INTC,2026-01-23 09:47:55.637000-05:00,BUY,46.56,46.599999999999994,46.61,True,True,True
INTC,2026-01-23 09:47:57.096000-05:00,BUY,46.56,46.599999999999994,46.61,True,True,True
INTC,2026-01-23 09:47:58.510000-05:00,BUY,46.56,46.61,46.61,True,True,False
INTC,2026-01-23 09:48:05.038000-05:00,BUY,46.5,46.55,46.559999999999995,True,True,True
INTC,2026-01-23 09:48:06.534000-05:00,SELL,46.540000000000006,46.55,46.49,True,True,True
INTC,2026-01-23 09:48:07.978000-05:00,BUY,46.53,46.53999999999999,46.559999999999995,True,True,True
INTC,2026-01-23 09:48:13.915000-05:00,SELL,46.53,46.55,46.510000000000005,True,True,True
INTC,2026-01-23 09:48:15.489000-05:00,SELL,46.5,46.53,46.510000000000005,False,False,False
INTC,2026-01-23 09:48:19.358000-05:00,SELL,46.52000000000001,46.53,46.510000000000005,True,True,True
INTC,2026-01-23 09:48:20.767000-05:00,SELL,46.47,46.49000000000001,46.510000000000005,False,False,False
INTC,2026-01-23 09:48:22.234000-05:00,BUY,46.47,46.49000000000001,46.54,True,True,True
INTC,2026-01-23 09:48:28.522000-05:00,SELL,46.45,46.480000000000004,46.440000000000005,True,True,True
INTC,2026-01-23 09:48:31.923000-05:00,SELL,46.42,46.45,46.410000000000004,True,True,True
INTC,2026-01-23 09:48:33.338000-05:00,SELL,46.39999999999999,46.42,46.410000000000004,False,False,False
INTC,2026-01-23 09:48:34.768000-05:00,SELL,46.39999999999999,46.42,46.410000000000004,False,False,False
INTC,2026-01-23 09:48:38.094000-05:00,SELL,46.45,46.489999999999995,46.45,True,False,True
INTC,2026-01-23 09:48:39.844000-05:00,SELL,46.45,46.47,46.45,True,False,True
INTC,2026-01-23 09:48:52.663000-05:00,SELL,46.36,46.39,46.35,True,True,True
INTC,2026-01-23 09:48:54.085000-05:00,BUY,46.33,46.36999999999999,46.4,True,True,True
INTC,2026-01-23 09:49:00.165000-05:00,BUY,46.36,46.38000000000001,46.39,True,True,False
INTC,2026-01-23 09:49:05.119000-05:00,BUY,46.31999999999999,46.34,46.35,True,True,True
INTC,2026-01-23 09:49:06.539000-05:00,BUY,46.3,46.33,46.35,True,True,True
INTC,2026-01-23 09:49:08.320000-05:00,BUY,46.3,46.31,46.35,True,True,True
INTC,2026-01-23 09:49:14.673000-05:00,SELL,46.28,46.31,46.28,True,False,True
INTC,2026-01-23 09:49:16.219000-05:00,SELL,46.29,46.32,46.28,True,True,True
INTC,2026-01-23 09:49:24.342000-05:00,SELL,46.28,46.33,46.27,True,True,True
INTC,2026-01-23 09:49:29.263000-05:00,SELL,46.28999999999999,46.31,46.28,True,False,True
INTC,2026-01-23 09:49:34.963000-05:00,SELL,46.29,46.32,46.300000000000004,False,False,False
INTC,2026-01-23 09:49:44.702000-05:00,BUY,46.25,46.28999999999999,46.3,True,True,True
INTC,2026-01-23 09:49:46.265000-05:00,BUY,46.28,46.28999999999999,46.3,True,True,True
INTC,2026-01-23 09:49:47.773000-05:00,SELL,46.29,46.32,46.24,True,True,True
INTC,2026-01-23 09:49:57.012000-05:00,SELL,46.24,46.27,46.24,True,False,True
INTC,2026-01-23 09:50:06.970000-05:00,BUY,46.25,46.25999999999999,46.29,True,True,True
INTC,2026-01-23 09:50:08.506000-05:00,BUY,46.23,46.26,46.29,True,True,True
INTC,2026-01-23 09:50:09.996000-05:00,BUY,46.26,46.29,46.29,True,True,False
INTC,2026-01-23 09:50:13.524000-05:00,BUY,46.3,46.33,46.339999999999996,True,True,True
INTC,2026-01-23 09:50:29.571000-05:00,BUY,46.27000000000001,46.31,46.32,True,True,True
INTC,2026-01-23 09:50:34.685000-05:00,BUY,46.3,46.34,46.35,True,True,True
INTC,2026-01-23 09:50:36.125000-05:00,BUY,46.260000000000005,46.3,46.35,True,True,True
INTC,2026-01-23 09:50:41.459000-05:00,SELL,46.22999999999999,46.25,46.21,True,True,True
INTC,2026-01-23 09:50:42.883000-05:00,BUY,46.22,46.24000000000001,46.269999999999996,True,True,True
INTC,2026-01-23 09:50:51.720000-05:00,SELL,46.31,46.34,46.260000000000005,True,True,True
INTC,2026-01-23 09:51:05.853000-05:00,SELL,46.21,46.23,46.2,True,True,True
INTC,2026-01-23 09:51:08.370000-05:00,SELL,46.19,46.22999999999999,46.2,False,False,False
INTC,2026-01-23 09:51:09.948000-05:00,SELL,46.2,46.230000000000004,46.2,True,False,True
INTC,2026-01-23 09:51:13.787000-05:00,BUY,46.2,46.230000000000004,46.25,True,True,True
INTC,2026-01-23 09:51:23.564000-05:00,BUY,46.2,46.230000000000004,46.23,False,True,False
INTC,2026-01-23 09:51:25.004000-05:00,BUY,46.17,46.209999999999994,46.23,True,True,True
INTC,2026-01-23 09:51:26.454000-05:00,BUY,46.18000000000001,46.19,46.23,True,True,True
INTC,2026-01-23 09:51:31.591000-05:00,SELL,46.16,46.17,46.15,True,True,True
INTC,2026-01-23 09:51:33.042000-05:00,SELL,46.16,46.19,46.15,True,True,True
INTC,2026-01-23 09:51:35.207000-05:00,SELL,46.16,46.2,46.15,True,True,True
INTC,2026-01-23 09:51:44.620000-05:00,SELL,46.08,46.11999999999999,46.11,False,False,False
INTC,2026-01-23 09:51:46.057000-05:00,SELL,46.06,46.11,46.11,False,False,False
INTC,2026-01-23 09:51:47.497000-05:00,SELL,46.05,46.07000000000001,46.11,False,False,False
INTC,2026-01-23 09:51:55.249000-05:00,SELL,46.0,46.02000000000001,45.99,True,True,True
INTC,2026-01-23 09:51:56.758000-05:00,BUY,46.0,46.02000000000001,46.03,True,True,False
INTC,2026-01-23 09:51:58.295000-05:00,BUY,45.9,45.93,46.03,True,True,True
INTC,2026-01-23 09:52:11.003000-05:00,BUY,45.75999999999999,45.78,45.79,True,True,True
INTC,2026-01-23 09:52:13.747000-05:00,SELL,45.76,45.77,45.75,True,True,True
INTC,2026-01-23 09:52:20.668000-05:00,BUY,45.71,45.73,45.739999999999995,True,True,True
INTC,2026-01-23 09:52:22.363000-05:00,SELL,45.73,45.76,45.7,True,True,True
INTC,2026-01-23 09:52:43.380000-05:00,BUY,45.83,45.86,45.87,True,True,True
INTC,2026-01-23 09:52:45.013000-05:00,BUY,45.81,45.83,45.87,True,True,True
INTC,2026-01-23 09:52:49.594000-05:00,BUY,45.79,45.82,45.87,True,True,True
INTC,2026-01-23 09:53:00.966000-05:00,BUY,45.84,45.879999999999995,45.879999999999995,True,True,False
INTC,2026-01-23 09:53:05.004000-05:00,SELL,45.77000000000001,45.81,45.760000000000005,True,True,True
INTC,2026-01-23 09:53:13.397000-05:00,SELL,45.74,45.76,45.7,True,True,True
INTC,2026-01-23 09:53:14.904000-05:00,SELL,45.78,45.8,45.7,True,True,True
INTC,2026-01-23 09:53:16.358000-05:00,SELL,45.76,45.79,45.7,True,True,True
INTC,2026-01-23 09:53:28.962000-05:00,BUY,45.82,45.85,45.86,True,True,True
INTC,2026-01-23 09:53:36.125000-05:00,SELL,45.769999999999996,45.8,45.760000000000005,True,False,True
INTC,2026-01-23 09:53:37.571000-05:00,SELL,45.75,45.75999999999999,45.760000000000005,False,False,False
INTC,2026-01-23 09:53:45.734000-05:00,SELL,45.769999999999996,45.8,45.760000000000005,True,False,True
INTC,2026-01-23 09:53:47.178000-05:00,SELL,45.75,45.78,45.760000000000005,False,False,False
INTC,2026-01-23 09:53:55.736000-05:00,SELL,45.72,45.75,45.71,True,True,True
INTC,2026-01-23 09:53:57.159000-05:00,SELL,45.7,45.72,45.71,False,False,True
INTC,2026-01-23 09:54:14.088000-05:00,BUY,45.7,45.709999999999994,45.72,True,True,True
INTC,2026-01-23 09:54:15.608000-05:00,BUY,45.67,45.709999999999994,45.72,True,True,True
INTC,2026-01-23 09:54:17.034000-05:00,BUY,45.69,45.71000000000001,45.72,True,True,False
INTC,2026-01-23 09:54:23.488000-05:00,BUY,45.7,45.709999999999994,45.72,True,True,True
INTC,2026-01-23 09:54:29.849000-05:00,SELL,45.69,45.72999999999999,45.690000000000005,False,False,True
INTC,2026-01-23 09:54:36.473000-05:00,BUY,45.75,45.8,45.809999999999995,True,True,True
INTC,2026-01-23 09:54:37.919000-05:00,SELL,45.74,45.79,45.74,True,False,True
INTC,2026-01-23 09:54:43.200000-05:00,BUY,45.69,45.72999999999999,45.76,True,True,True
INTC,2026-01-23 09:54:44.662000-05:00,BUY,45.7,45.730000000000004,45.76,True,True,True
INTC,2026-01-23 09:54:48.012000-05:00,SELL,45.69,45.72999999999999,45.68,True,True,True
INTC,2026-01-23 09:54:49.401000-05:00,BUY,45.69,45.72999999999999,45.739999999999995,True,True,True
INTC,2026-01-23 09:54:50.858000-05:00,SELL,45.71000000000001,45.75,45.68,True,True,True
INTC,2026-01-23 09:54:58.687000-05:00,SELL,45.71000000000001,45.75,45.690000000000005,True,True,True
INTC,2026-01-23 09:55:02.190000-05:00,BUY,45.67,45.709999999999994,45.72,True,True,True
INTC,2026-01-23 09:55:03.566000-05:00,BUY,45.73,45.76,45.72,False,False,False
INTC,2026-01-23 09:55:12.480000-05:00,SELL,45.7,45.739999999999995,45.690000000000005,True,True,True
INTC,2026-01-23 09:55:16.712000-05:00,SELL,45.8,45.83,45.78,True,True,True
INTC,2026-01-23 09:55:25.826000-05:00,SELL,45.67,45.72,45.730000000000004,False,False,False
INTC,2026-01-23 09:55:33.436000-05:00,SELL,45.67,45.709999999999994,45.64,True,True,True
INTC,2026-01-23 09:55:46.093000-05:00,BUY,45.8,45.84,45.87,True,True,True
INTC,2026-01-23 09:55:47.617000-05:00,BUY,45.85,45.88,45.87,False,False,False
INTC,2026-01-23 09:55:49.145000-05:00,BUY,45.85,45.87,45.87,True,True,False
INTC,2026-01-23 09:55:59.199000-05:00,BUY,45.87,45.9,45.93,True,True,True
INTC,2026-01-23 09:56:00.552000-05:00,BUY,45.87,45.9,45.93,True,True,True
INTC,2026-01-23 09:56:01.886000-05:00,BUY,45.870000000000005,45.91,45.93,True,True,True
INTC,2026-01-23 09:56:20.942000-05:00,SELL,45.89,45.92,45.88,True,True,True
INTC,2026-01-23 09:56:22.363000-05:00,SELL,45.870000000000005,45.91,45.88,False,False,True
INTC,2026-01-23 09:57:15.844000-05:00,SELL,45.59,45.61,45.580000000000005,True,True,True
INTC,2026-01-23 09:57:57.316000-05:00,BUY,45.72999999999999,45.75,45.78,True,True,True
INTC,2026-01-23 09:58:07.556000-05:00,BUY,45.63000000000001,45.92,45.78,False,False,False
INTC,2026-01-23 09:59:40.417000-05:00,BUY,45.58,45.7,45.71,True,True,True
INTC,2026-01-23 09:59:50.662000-05:00,BUY,45.55,46.0,45.71,False,False,False
INTC,2026-01-23 10:00:01.176000-05:00,BUY,45.68,45.79,45.71,False,False,False
INTC,2026-01-23 10:00:42.680000-05:00,BUY,45.75,45.870000000000005,45.879999999999995,True,True,False
INTC,2026-01-23 10:02:15.370000-05:00,SELL,45.68,45.71,45.68,True,False,True
INTC,2026-01-23 10:02:32.209000-05:00,SELL,45.66,45.69,45.68,False,False,False
INTC,2026-01-23 10:03:44.399000-05:00,SELL,45.6,45.62,45.59,True,True,True
INTC,2026-01-23 10:03:54.658000-05:00,SELL,45.72,45.75,45.59,True,True,True
INTC,2026-01-23 10:05:06.873000-05:00,BUY,45.379999999999995,45.41,45.419999999999995,True,True,True
INTC,2026-01-23 10:05:17.146000-05:00,BUY,45.5,45.52000000000001,45.419999999999995,False,False,False
INTC,2026-01-23 10:05:27.404000-05:00,BUY,45.49,45.51,45.419999999999995,False,False,False
INTC,2026-01-23 10:06:35.840000-05:00,BUY,45.68,45.71,45.699999999999996,False,False,False
INTC,2026-01-23 10:07:48.095000-05:00,SELL,45.64,45.66,45.63,True,True,True
INTC,2026-01-23 10:07:58.364000-05:00,SELL,45.58,45.61999999999999,45.63,False,False,False
INTC,2026-01-23 10:09:20.860000-05:00,SELL,45.50999999999999,45.53,45.5,True,False,True
INTC,2026-01-23 10:09:31.054000-05:00,SELL,45.53,45.56,45.5,True,True,True
INTC,2026-01-23 10:09:41.325000-05:00,SELL,45.58,45.59,45.5,True,True,True
INTC,2026-01-23 10:10:53.160000-05:00,SELL,45.74,45.76,45.730000000000004,True,True,True
INTC,2026-01-23 10:11:03.354000-05:00,SELL,45.7,45.709999999999994,45.730000000000004,False,False,False
INTC,2026-01-23 10:11:54.764000-05:00,BUY,45.61999999999999,45.64,45.66,True,True,True
INTC,2026-01-23 10:12:04.914000-05:00,SELL,45.59,45.61,45.63,False,False,False
INTC,2026-01-23 10:13:06.518000-05:00,BUY,45.47999999999999,45.5,45.51,True,True,True
INTC,2026-01-23 10:13:16.714000-05:00,BUY,45.49,45.51,45.51,True,True,False
INTC,2026-01-23 10:15:09.370000-05:00,SELL,45.69,45.71000000000001,45.68,True,True,True
INTC,2026-01-23 10:15:19.512000-05:00,SELL,45.66,45.68000000000001,45.68,False,False,False
INTC,2026-01-23 10:15:29.671000-05:00,SELL,45.57,45.6,45.68,False,False,False
INTC,2026-01-23 10:17:12.189000-05:00,BUY,45.45,45.459999999999994,45.47,True,True,True
INTC,2026-01-23 10:17:22.939000-05:00,BUY,45.400000000000006,45.41,45.47,True,True,True
INTC,2026-01-23 10:17:33.111000-05:00,SELL,45.36,45.38000000000001,45.440000000000005,False,False,False
INTC,2026-01-23 10:18:44.724000-05:00,BUY,45.71,45.73,45.75,True,True,True
INTC,2026-01-23 10:18:54.873000-05:00,BUY,45.59,45.61,45.75,True,True,True
INTC,2026-01-23 10:21:38.776000-05:00,SELL,45.72999999999999,45.75,45.72,True,False,True
INTC,2026-01-23 10:21:48.933000-05:00,SELL,45.64999999999999,45.67,45.72,False,False,False
INTC,2026-01-23 10:21:59.082000-05:00,SELL,45.68000000000001,45.69,45.72,False,False,False
INTC,2026-01-23 10:23:00.475000-05:00,BUY,45.73,45.76,45.769999999999996,True,True,True
INTC,2026-01-23 10:24:22.177000-05:00,SELL,45.72999999999999,45.75,45.730000000000004,False,False,True
INTC,2026-01-23 10:25:24.630000-05:00,BUY,45.75,45.77000000000001,45.8,True,True,True
INTC,2026-01-23 10:28:08.583000-05:00,BUY,45.87,45.9,45.9,True,True,False
INTC,2026-01-23 10:28:18.735000-05:00,BUY,45.91,45.92,45.9,False,False,False
INTC,2026-01-23 10:28:28.887000-05:00,BUY,45.96,45.98,45.9,False,False,False
INTC,2026-01-23 10:29:41.474000-05:00,SELL,46.11,46.13000000000001,46.120000000000005,False,False,False
INTC,2026-01-23 10:29:51.621000-05:00,SELL,46.13,46.15,46.120000000000005,True,True,True
INTC,2026-01-23 10:31:03.790000-05:00,BUY,46.08,46.09,46.1,True,True,True
INTC,2026-01-23 10:35:16.228000-05:00,BUY,46.31999999999999,46.34,46.339999999999996,False,True,False
INTC,2026-01-23 10:35:26.373000-05:00,BUY,46.290000000000006,46.3,46.339999999999996,True,True,True
INTC,2026-01-23 10:35:36.526000-05:00,BUY,46.28,46.3,46.339999999999996,True,True,True
INTC,2026-01-23 10:35:46.656000-05:00,SELL,46.23,46.24,46.31,False,False,False
INTC,2026-01-23 10:36:37.926000-05:00,SELL,46.06,46.09,46.050000000000004,True,True,True
INTC,2026-01-23 10:36:48.071000-05:00,SELL,46.06,46.06999999999999,46.050000000000004,True,True,True
INTC,2026-01-23 10:37:19.756000-05:00,SELL,46.13,46.15,46.120000000000005,True,True,True
INTC,2026-01-23 10:38:21.173000-05:00,SELL,46.14999999999999,46.17,46.14,True,False,True
INTC,2026-01-23 10:38:31.324000-05:00,SELL,46.22,46.22999999999999,46.14,True,True,True
INTC,2026-01-23 10:38:41.484000-05:00,SELL,46.25,46.27000000000001,46.14,True,True,True
INTC,2026-01-23 10:41:04.644000-05:00,BUY,46.36,46.38000000000001,46.39,True,True,False
INTC,2026-01-23 10:41:14.790000-05:00,BUY,46.35,46.38,46.39,True,True,True
INTC,2026-01-23 10:42:26.355000-05:00,BUY,46.3,46.31,46.32,True,True,True
INTC,2026-01-23 10:42:36.500000-05:00,BUY,46.33,46.35000000000001,46.32,False,False,False
INTC,2026-01-23 10:42:46.651000-05:00,BUY,46.31,46.31999999999999,46.32,True,True,False
INTC,2026-01-23 10:44:08.353000-05:00,SELL,46.45,46.459999999999994,46.440000000000005,True,True,True
INTC,2026-01-23 10:45:36.865000-05:00,BUY,46.57000000000001,46.58,46.589999999999996,True,True,True
INTC,2026-01-23 10:45:47.012000-05:00,BUY,46.64,46.64999999999999,46.589999999999996,False,False,False
INTC,2026-01-23 10:47:19.449000-05:00,SELL,46.41,46.43000000000001,46.4,True,True,True
INTC,2026-01-23 10:47:29.603000-05:00,SELL,46.42999999999999,46.45,46.4,True,True,True
INTC,2026-01-23 10:47:39.749000-05:00,SELL,46.34,46.349999999999994,46.4,False,False,False
INTC,2026-01-23 10:48:51.310000-05:00,BUY,46.33,46.35000000000001,46.36,True,True,False
INTC,2026-01-23 10:49:01.462000-05:00,BUY,46.33,46.35000000000001,46.36,True,True,False
INTC,2026-01-23 10:50:23.789000-05:00,BUY,46.43000000000001,46.44,46.449999999999996,True,True,True
INTC,2026-01-23 10:50:34.536000-05:00,BUY,46.39,46.42999999999999,46.449999999999996,True,True,True
INTC,2026-01-23 10:50:44.682000-05:00,BUY,46.34,46.370000000000005,46.449999999999996,True,True,True
INTC,2026-01-23 10:51:56.199000-05:00,SELL,46.03999999999999,46.06,46.03,True,False,True
INTC,2026-01-23 10:52:06.345000-05:00,SELL,46.02,46.04,46.03,False,False,True
INTC,2026-01-23 10:53:07.703000-05:00,SELL,46.03,46.03999999999999,46.010000000000005,True,True,True
INTC,2026-01-23 10:53:17.845000-05:00,SELL,45.96000000000001,45.97,46.010000000000005,False,False,False
INTC,2026-01-23 10:53:27.990000-05:00,SELL,45.98,45.99,46.010000000000005,False,False,False
INTC,2026-01-23 10:54:09.088000-05:00,BUY,46.02000000000001,46.03,46.04,True,True,True
INTC,2026-01-23 10:55:51.781000-05:00,SELL,45.91,45.92,45.9,True,True,True
INTC,2026-01-23 10:56:22.715000-05:00,BUY,46.00999999999999,46.03,46.04,True,True,True
INTC,2026-01-23 10:56:37.997000-05:00,BUY,46.040000000000006,46.05,46.059999999999995,True,True,True
INTC,2026-01-23 10:56:39.097000-05:00,SELL,46.040000000000006,46.05,46.03,True,True,True
INTC,2026-01-23 10:56:46.406000-05:00,SELL,46.040000000000006,46.05,46.02,True,True,True
INTC,2026-01-23 10:56:47.495000-05:00,SELL,46.040000000000006,46.05,46.02,True,True,True
INTC,2026-01-23 10:56:57.628000-05:00,BUY,46.06,46.06999999999999,46.08,True,True,True
INTC,2026-01-23 10:56:58.720000-05:00,BUY,46.06,46.06999999999999,46.08,True,True,True
INTC,2026-01-23 10:56:59.872000-05:00,BUY,46.09,46.099999999999994,46.08,False,False,False
INTC,2026-01-23 10:57:03.666000-05:00,BUY,46.06999999999999,46.09,46.089999999999996,False,True,False
INTC,2026-01-23 10:57:04.814000-05:00,BUY,46.09,46.099999999999994,46.089999999999996,False,True,False
INTC,2026-01-23 10:57:05.886000-05:00,BUY,46.08,46.09,46.089999999999996,False,True,False
INTC,2026-01-23 10:57:10.843000-05:00,BUY,46.06999999999999,46.09,46.1,True,True,True
INTC,2026-01-23 10:57:11.928000-05:00,BUY,46.06,46.06999999999999,46.1,True,True,True
INTC,2026-01-23 10:57:13.015000-05:00,BUY,46.05,46.07000000000001,46.1,True,True,True
INTC,2026-01-23 10:57:20.173000-05:00,BUY,46.00999999999999,46.03,46.03,True,True,False
INTC,2026-01-23 10:57:21.309000-05:00,SELL,46.0,46.00999999999999,45.99,True,True,True
INTC,2026-01-23 10:57:26.399000-05:00,SELL,45.95,45.97,45.95,True,False,True
INTC,2026-01-23 10:57:30.143000-05:00,SELL,45.94,45.96000000000001,45.93,True,True,True
INTC,2026-01-23 10:57:31.218000-05:00,SELL,45.92999999999999,45.95,45.93,False,False,True
INTC,2026-01-23 10:57:32.425000-05:00,SELL,45.89999999999999,45.92,45.93,False,False,False
INTC,2026-01-23 10:57:36.310000-05:00,BUY,45.84,45.89,45.9,True,True,True
INTC,2026-01-23 10:57:37.458000-05:00,BUY,45.84,45.900000000000006,45.9,False,True,False
INTC,2026-01-23 10:57:45.660000-05:00,SELL,45.95,45.959999999999994,45.93,True,True,True
INTC,2026-01-23 10:57:47.383000-05:00,BUY,45.95,45.97,45.97,True,True,False
INTC,2026-01-23 10:57:51.178000-05:00,BUY,45.870000000000005,45.91,45.919999999999995,True,True,True
INTC,2026-01-23 10:57:57.325000-05:00,BUY,45.82,45.85,45.93,True,True,True
INTC,2026-01-23 10:58:01.144000-05:00,BUY,45.83,45.84,45.839999999999996,False,True,False
INTC,2026-01-23 10:58:02.298000-05:00,BUY,45.82000000000001,45.83,45.839999999999996,True,True,True
INTC,2026-01-23 10:58:03.391000-05:00,BUY,45.8,45.83,45.839999999999996,True,True,True
INTC,2026-01-23 10:58:11.823000-05:00,SELL,45.8,45.81,45.79,True,True,True
INTC,2026-01-23 10:58:12.928000-05:00,SELL,45.78,45.81,45.79,False,False,True
INTC,2026-01-23 10:58:18.951000-05:00,SELL,45.7,45.72,45.690000000000005,True,True,True
INTC,2026-01-23 10:58:27.358000-05:00,SELL,45.67,45.69,45.67,True,False,True
INTC,2026-01-23 10:58:28.480000-05:00,SELL,45.7,45.75,45.67,True,True,True
INTC,2026-01-23 10:58:29.620000-05:00,SELL,45.72,45.74000000000001,45.67,True,True,True
INTC,2026-01-23 10:58:35.700000-05:00,SELL,45.72999999999999,45.75,45.690000000000005,True,True,True
INTC,2026-01-23 10:58:36.802000-05:00,SELL,45.72,45.74000000000001,45.690000000000005,True,True,True
INTC,2026-01-23 10:58:37.918000-05:00,SELL,45.72,45.74000000000001,45.690000000000005,True,True,True
INTC,2026-01-23 10:58:43.919000-05:00,BUY,45.7,45.739999999999995,45.75,True,True,True
INTC,2026-01-23 10:58:45.037000-05:00,BUY,45.74,45.76,45.75,False,True,False
INTC,2026-01-23 10:58:54.110000-05:00,SELL,45.78,45.8,45.77,True,True,True
INTC,2026-01-23 10:59:08.017000-05:00,BUY,45.75,45.75999999999999,45.769999999999996,True,True,True
INTC,2026-01-23 10:59:11.915000-05:00,SELL,45.74,45.76,45.730000000000004,True,True,True
INTC,2026-01-23 10:59:24.208000-05:00,SELL,45.75,45.77000000000001,45.77,False,False,False
INTC,2026-01-23 10:59:31.535000-05:00,BUY,45.75999999999999,45.78,45.8,True,True,True
INTC,2026-01-23 10:59:32.622000-05:00,BUY,45.77000000000001,45.78,45.8,True,True,True
INTC,2026-01-23 10:59:36.383000-05:00,BUY,45.77000000000001,45.78,45.79,True,True,True
INTC,2026-01-23 10:59:37.483000-05:00,BUY,45.78,45.78999999999999,45.79,True,True,False
INTC,2026-01-23 10:59:48.995000-05:00,BUY,45.790000000000006,45.8,45.809999999999995,True,True,True
INTC,2026-01-23 10:59:54.019000-05:00,SELL,45.78,45.8,45.77,True,True,True
INTC,2026-01-23 11:00:00.243000-05:00,BUY,45.75,45.75999999999999,45.769999999999996,True,True,True
INTC,2026-01-23 11:00:01.397000-05:00,BUY,45.75999999999999,45.78,45.769999999999996,False,False,False
INTC,2026-01-23 11:00:07.745000-05:00,SELL,45.77000000000001,45.78,45.760000000000005,True,True,True
INTC,2026-01-23 11:00:12.022000-05:00,SELL,45.78,45.8,45.77,True,True,True
INTC,2026-01-23 11:00:13.215000-05:00,SELL,45.790000000000006,45.8,45.77,True,True,True
INTC,2026-01-23 11:00:15.523000-05:00,SELL,45.78,45.8,45.77,True,True,True
INTC,2026-01-23 11:00:20.546000-05:00,SELL,45.769999999999996,45.8,45.760000000000005,True,False,True
INTC,2026-01-23 11:00:21.697000-05:00,SELL,45.8,45.81,45.760000000000005,True,True,True
INTC,2026-01-23 11:00:22.787000-05:00,SELL,45.8,45.82000000000001,45.760000000000005,True,True,True
INTC,2026-01-23 11:00:34.385000-05:00,SELL,45.83,45.84,45.82,True,True,True
INTC,2026-01-23 11:00:42.543000-05:00,BUY,45.85000000000001,45.86,45.87,True,True,True
INTC,2026-01-23 11:00:43.630000-05:00,BUY,45.84,45.86,45.87,True,True,True
INTC,2026-01-23 11:00:44.734000-05:00,BUY,45.85000000000001,45.86,45.87,True,True,True
INTC,2026-01-23 11:00:52.004000-05:00,BUY,45.89,45.91,45.919999999999995,True,True,True
INTC,2026-01-23 11:01:04.121000-05:00,SELL,45.88,45.9,45.870000000000005,True,True,True
INTC,2026-01-23 11:01:07.981000-05:00,BUY,45.89999999999999,45.92,45.919999999999995,False,True,False
INTC,2026-01-23 11:01:15.615000-05:00,SELL,45.89,45.89999999999999,45.88,True,True,True
INTC,2026-01-23 11:01:16.791000-05:00,SELL,45.89,45.89999999999999,45.88,True,True,True
INTC,2026-01-23 11:01:17.920000-05:00,SELL,45.88000000000001,45.89,45.88,True,False,True
INTC,2026-01-23 11:01:21.777000-05:00,BUY,45.88,45.9,45.91,True,True,True
INTC,2026-01-23 11:01:22.906000-05:00,BUY,45.88000000000001,45.89,45.91,True,True,True
INTC,2026-01-23 11:01:28.995000-05:00,SELL,45.89,45.91,45.88,True,True,True
INTC,2026-01-23 11:01:30.118000-05:00,SELL,45.89,45.91,45.88,True,True,True
INTC,2026-01-23 11:01:36.295000-05:00,BUY,45.89,45.89999999999999,45.91,True,True,True
INTC,2026-01-23 11:01:37.441000-05:00,SELL,45.89,45.89999999999999,45.88,True,True,True
INTC,2026-01-23 11:01:43.573000-05:00,SELL,45.91,45.92,45.9,True,True,True
INTC,2026-01-23 11:01:44.685000-05:00,SELL,45.91,45.92,45.9,True,True,True
INTC,2026-01-23 11:01:45.791000-05:00,SELL,45.91,45.92,45.9,True,True,True
INTC,2026-01-23 11:02:10.014000-05:00,BUY,45.86999999999999,45.89,45.9,True,True,True
INTC,2026-01-23 11:02:20.157000-05:00,BUY,45.91,45.93000000000001,45.9,False,False,False
INTC,2026-01-23 11:03:31.690000-05:00,BUY,46.0,46.03,45.98,False,False,False
INTC,2026-01-23 11:03:41.836000-05:00,BUY,46.05,46.07000000000001,45.98,False,False,False
INTC,2026-01-23 11:03:51.969000-05:00,BUY,46.05,46.06,45.98,False,False,False
INTC,2026-01-23 11:04:53.384000-05:00,BUY,46.00999999999999,46.03,46.04,True,True,True
INTC,2026-01-23 11:05:03.532000-05:00,BUY,46.0,46.02000000000001,46.04,True,True,True
INTC,2026-01-23 11:05:13.672000-05:00,BUY,45.95,45.989999999999995,46.04,True,True,True
INTC,2026-01-23 11:06:04.894000-05:00,SELL,45.92,45.92999999999999,45.910000000000004,True,True,True
INTC,2026-01-23 11:06:15.039000-05:00,SELL,45.88,45.9,45.910000000000004,False,False,False
INTC,2026-01-23 11:08:08.174000-05:00,SELL,45.76,45.77,45.730000000000004,True,True,True
INTC,2026-01-23 11:08:18.314000-05:00,SELL,45.78,45.78999999999999,45.730000000000004,True,True,True
INTC,2026-01-23 11:08:28.459000-05:00,SELL,45.78,45.8,45.730000000000004,True,True,True
INTC,2026-01-23 11:08:59.435000-05:00,SELL,45.790000000000006,45.8,45.78,True,True,True
INTC,2026-01-23 11:09:30.370000-05:00,SELL,45.83,45.85000000000001,45.830000000000005,False,False,True
INTC,2026-01-23 11:10:01.340000-05:00,BUY,45.84,45.86,45.85,False,True,False
INTC,2026-01-23 11:10:11.493000-05:00,BUY,45.85000000000001,45.86,45.85,False,True,False
INTC,2026-01-23 11:11:02.732000-05:00,SELL,45.88000000000001,45.89,45.870000000000005,True,True,True
INTC,2026-01-23 11:11:12.897000-05:00,SELL,45.95,45.959999999999994,45.870000000000005,True,True,True
INTC,2026-01-23 11:12:34.921000-05:00,BUY,46.02,46.04,46.05,True,True,True
INTC,2026-01-23 11:12:45.068000-05:00,BUY,46.00999999999999,46.03,46.05,True,True,True
INTC,2026-01-23 11:14:48.388000-05:00,SELL,45.91,45.93000000000001,45.89,True,True,True
INTC,2026-01-23 11:14:58.538000-05:00,SELL,45.99000000000001,46.0,45.89,True,True,True
INTC,2026-01-23 11:16:10.056000-05:00,SELL,45.8,45.81,45.79,True,True,True
INTC,2026-01-23 11:16:20.193000-05:00,SELL,45.81,45.83,45.79,True,True,True
INTC,2026-01-23 11:17:01.297000-05:00,BUY,45.88000000000001,45.89,45.91,True,True,True
INTC,2026-01-23 11:17:11.448000-05:00,BUY,45.89,45.89999999999999,45.91,True,True,True
INTC,2026-01-23 11:20:26.241000-05:00,SELL,45.89,45.91,45.89,True,False,True
INTC,2026-01-23 11:20:36.381000-05:00,SELL,45.89,45.89999999999999,45.89,True,False,True
INTC,2026-01-23 11:20:46.530000-05:00,SELL,45.86,45.86999999999999,45.89,False,False,False
INTC,2026-01-23 11:20:56.664000-05:00,SELL,45.81,45.81999999999999,45.89,False,False,False
INTC,2026-01-23 11:21:47.907000-05:00,BUY,45.83,45.84,45.85,True,True,True
INTC,2026-01-23 11:21:58.060000-05:00,BUY,45.86,45.86999999999999,45.85,False,False,False
INTC,2026-01-23 11:22:08.210000-05:00,SELL,45.85000000000001,45.86,45.82,True,True,True
INTC,2026-01-23 11:22:39.153000-05:00,BUY,45.78,45.8,45.809999999999995,True,True,True
INTC,2026-01-23 11:22:49.299000-05:00,BUY,45.83,45.84,45.809999999999995,False,False,False
INTC,2026-01-23 11:22:59.444000-05:00,BUY,45.8,45.82000000000001,45.809999999999995,False,False,False
INTC,2026-01-23 11:23:50.701000-05:00,SELL,45.88000000000001,45.89,45.870000000000005,True,True,True
INTC,2026-01-23 11:24:00.848000-05:00,SELL,45.87,45.88,45.870000000000005,False,False,True
INTC,2026-01-23 11:25:22.519000-05:00,SELL,45.81,45.84,45.84,False,False,False
INTC,2026-01-23 11:26:13.779000-05:00,BUY,45.87,45.88,45.89,True,True,True
INTC,2026-01-23 11:26:23.931000-05:00,BUY,45.88,45.9,45.89,False,True,False
INTC,2026-01-23 11:26:34.071000-05:00,BUY,45.83,45.85000000000001,45.89,True,True,True
INTC,2026-01-23 11:27:04.995000-05:00,SELL,45.78999999999999,45.81,45.78,True,False,True
INTC,2026-01-23 11:27:56.235000-05:00,SELL,45.81,45.83,45.800000000000004,True,True,True
INTC,2026-01-23 11:28:06.386000-05:00,SELL,45.78999999999999,45.81,45.800000000000004,False,False,False
INTC,2026-01-23 11:28:16.534000-05:00,SELL,45.81,45.81999999999999,45.800000000000004,True,True,True
INTC,2026-01-23 11:29:17.906000-05:00,SELL,45.790000000000006,45.8,45.78,True,True,True
INTC,2026-01-23 11:30:19.298000-05:00,BUY,45.81,45.84,45.85,True,True,True
INTC,2026-01-23 11:30:29.458000-05:00,SELL,45.75,45.77000000000001,45.800000000000004,False,False,False
INTC,2026-01-23 11:31:10.557000-05:00,SELL,45.71000000000001,45.72,45.7,True,True,True
INTC,2026-01-23 11:32:22.324000-05:00,BUY,45.72,45.72999999999999,45.739999999999995,True,True,True
INTC,2026-01-23 11:32:32.462000-05:00,BUY,45.73,45.74,45.739999999999995,False,True,False
INTC,2026-01-23 11:34:35.502000-05:00,SELL,45.76,45.77,45.75,True,True,True
INTC,2026-01-23 11:34:45.628000-05:00,SELL,45.75,45.75999999999999,45.75,True,False,True
INTC,2026-01-23 11:35:16.566000-05:00,BUY,45.78,45.78999999999999,45.8,True,True,True
INTC,2026-01-23 11:35:57.671000-05:00,SELL,45.89999999999999,45.92,45.9,False,False,True
INTC,2026-01-23 11:36:07.818000-05:00,SELL,45.88000000000001,45.89,45.9,False,False,False
INTC,2026-01-23 11:37:29.501000-05:00,BUY,45.85000000000001,45.86,45.879999999999995,True,True,True
INTC,2026-01-23 11:38:41.004000-05:00,BUY,45.86,45.86999999999999,45.879999999999995,True,True,True
INTC,2026-01-23 11:38:51.145000-05:00,BUY,45.86,45.88000000000001,45.879999999999995,False,True,False
INTC,2026-01-23 11:39:22.066000-05:00,SELL,45.86999999999999,45.89,45.86,True,False,True
INTC,2026-01-23 11:39:32.190000-05:00,SELL,45.89,45.89999999999999,45.86,True,True,True
INTC,2026-01-23 11:39:42.323000-05:00,SELL,45.89999999999999,45.92,45.86,True,True,True
INTC,2026-01-23 11:40:13.259000-05:00,SELL,45.82000000000001,45.83,45.81,True,True,True
INTC,2026-01-23 11:40:23.412000-05:00,SELL,45.790000000000006,45.8,45.81,False,False,False
INTC,2026-01-23 11:41:14.608000-05:00,BUY,45.75,45.75999999999999,45.769999999999996,True,True,True
INTC,2026-01-23 11:42:36.234000-05:00,BUY,45.62,45.63,45.64,True,True,True
INTC,2026-01-23 11:42:46.367000-05:00,BUY,45.6,45.62,45.64,True,True,True
INTC,2026-01-23 11:42:56.495000-05:00,BUY,45.57000000000001,45.61,45.64,True,True,True
INTC,2026-01-23 11:43:27.434000-05:00,SELL,45.55,45.57000000000001,45.54,True,True,True
INTC,2026-01-23 11:43:37.579000-05:00,SELL,45.5,45.52000000000001,45.54,False,False,False
INTC,2026-01-23 11:44:09.011000-05:00,BUY,45.57000000000001,45.58,45.589999999999996,True,True,True
INTC,2026-01-23 11:44:19.162000-05:00,BUY,45.55,45.57000000000001,45.589999999999996,True,True,True
INTC,2026-01-23 11:44:29.817000-05:00,SELL,45.47999999999999,45.5,45.480000000000004,False,False,True
INTC,2026-01-23 11:44:40.458000-05:00,SELL,45.5,45.50999999999999,45.49,True,True,True
INTC,2026-01-23 11:44:50.596000-05:00,SELL,45.47999999999999,45.5,45.49,False,False,False
INTC,2026-01-23 11:45:21.542000-05:00,BUY,45.41,45.42,45.43,True,True,True
INTC,2026-01-23 11:45:31.674000-05:00,BUY,45.38,45.4,45.43,True,True,True
INTC,2026-01-23 11:46:22.877000-05:00,BUY,45.42,45.42999999999999,45.44,True,True,True
INTC,2026-01-23 11:46:33.008000-05:00,BUY,45.43000000000001,45.44,45.44,True,True,False
INTC,2026-01-23 11:46:43.126000-05:00,BUY,45.46000000000001,45.47,45.44,False,False,False
INTC,2026-01-23 11:47:35.345000-05:00,BUY,45.540000000000006,45.55,45.55,True,True,False
INTC,2026-01-23 11:47:46.531000-05:00,BUY,45.52000000000001,45.53,45.55,True,True,True
INTC,2026-01-23 11:47:56.677000-05:00,BUY,45.52,45.54,45.55,True,True,True
INTC,2026-01-23 11:48:07.325000-05:00,SELL,45.53,45.53999999999999,45.52,True,True,True
INTC,2026-01-23 11:48:17.465000-05:00,SELL,45.52000000000001,45.53,45.52,True,False,True
INTC,2026-01-23 11:48:27.596000-05:00,SELL,45.55,45.56,45.52,True,True,True
INTC,2026-01-23 11:48:38.244000-05:00,BUY,45.53,45.55,45.559999999999995,True,True,True
INTC,2026-01-23 11:48:48.387000-05:00,BUY,45.53,45.53999999999999,45.559999999999995,True,True,True
INTC,2026-01-23 11:48:59.035000-05:00,BUY,45.50999999999999,45.53,45.55,True,True,True
INTC,2026-01-23 11:50:31.267000-05:00,BUY,45.58,45.59,45.6,True,True,True
INTC,2026-01-23 11:50:41.420000-05:00,BUY,45.53,45.53999999999999,45.6,True,True,True
INTC,2026-01-23 11:51:12.367000-05:00,SELL,45.46000000000001,45.47,45.45,True,True,True
INTC,2026-01-23 11:51:22.497000-05:00,SELL,45.41,45.42,45.45,False,False,False
INTC,2026-01-23 11:52:33.895000-05:00,BUY,45.33,45.36,45.37,True,True,True
INTC,2026-01-23 11:52:44.049000-05:00,BUY,45.34,45.349999999999994,45.37,True,True,True
INTC,2026-01-23 11:52:54.172000-05:00,BUY,45.36,45.36999999999999,45.37,True,True,False
INTC,2026-01-23 11:53:04.295000-05:00,BUY,45.36,45.36999999999999,45.37,True,True,False
INTC,2026-01-23 11:54:05.526000-05:00,BUY,45.32000000000001,45.33,45.35,True,True,True
INTC,2026-01-23 11:54:36.409000-05:00,SELL,45.36,45.36999999999999,45.35,True,True,True
INTC,2026-01-23 11:55:07.265000-05:00,SELL,45.28999999999999,45.31,45.28,True,False,True
INTC,2026-01-23 11:56:18.602000-05:00,BUY,45.35,45.37,45.379999999999995,True,True,True
INTC,2026-01-23 11:56:28.723000-05:00,BUY,45.35,45.37,45.379999999999995,True,True,True
INTC,2026-01-23 11:56:38.837000-05:00,BUY,45.38000000000001,45.39,45.379999999999995,False,False,False
INTC,2026-01-23 11:57:50.219000-05:00,SELL,45.34,45.36,45.330000000000005,True,True,True
INTC,2026-01-23 11:58:00.331000-05:00,SELL,45.36,45.36999999999999,45.330000000000005,True,True,True
INTC,2026-01-23 11:58:10.453000-05:00,SELL,45.36,45.36999999999999,45.330000000000005,True,True,True
INTC,2026-01-23 11:59:11.655000-05:00,SELL,45.32000000000001,45.33,45.31,True,True,True
INTC,2026-01-23 12:00:12.878000-05:00,BUY,45.36,45.38000000000001,45.39,True,True,False
INTC,2026-01-23 12:00:22.998000-05:00,BUY,45.42999999999999,45.45,45.39,False,False,False
INTC,2026-01-23 12:00:33.386000-05:00,BUY,45.38,45.4,45.39,False,True,False
INTC,2026-01-23 12:02:15.796000-05:00,BUY,45.37,45.38,45.39,True,True,True
INTC,2026-01-23 12:03:06.904000-05:00,SELL,45.35,45.37,45.34,True,True,True
INTC,2026-01-23 12:06:10.555000-05:00,SELL,45.24,45.26,45.24,True,False,True
INTC,2026-01-23 12:06:20.689000-05:00,SELL,45.22,45.22999999999999,45.24,False,False,False
INTC,2026-01-23 12:06:30.799000-05:00,SELL,45.22,45.24000000000001,45.24,False,False,False
INTC,2026-01-23 12:07:42.150000-05:00,BUY,45.31999999999999,45.34,45.339999999999996,False,True,False
INTC,2026-01-23 12:08:33.260000-05:00,BUY,45.28,45.3,45.309999999999995,True,True,True
INTC,2026-01-23 12:08:43.379000-05:00,BUY,45.28,45.31,45.309999999999995,False,True,False
INTC,2026-01-23 12:09:14.249000-05:00,SELL,45.290000000000006,45.3,45.28,True,True,True
INTC,2026-01-23 12:10:05.350000-05:00,BUY,45.31,45.31999999999999,45.33,True,True,True
INTC,2026-01-23 12:10:15.470000-05:00,BUY,45.31,45.31999999999999,45.33,True,True,True
INTC,2026-01-23 12:11:26.805000-05:00,SELL,45.36,45.36999999999999,45.35,True,True,True
INTC,2026-01-23 12:12:17.912000-05:00,BUY,45.32000000000001,45.33,45.339999999999996,True,True,True
INTC,2026-01-23 12:12:28.032000-05:00,BUY,45.3,45.31,45.339999999999996,True,True,True
INTC,2026-01-23 12:13:19.185000-05:00,SELL,45.31,45.31999999999999,45.32,False,False,True
INTC,2026-01-23 12:13:29.302000-05:00,SELL,45.33,45.34,45.32,True,True,True
INTC,2026-01-23 12:13:39.428000-05:00,SELL,45.34,45.36,45.32,True,True,True
INTC,2026-01-23 12:15:00.905000-05:00,BUY,45.42,45.42999999999999,45.44,True,True,True
INTC,2026-01-23 12:15:11.021000-05:00,BUY,45.42,45.42999999999999,45.44,True,True,True
INTC,2026-01-23 12:16:43.095000-05:00,SELL,45.400000000000006,45.41,45.39,True,True,True
INTC,2026-01-23 12:16:53.209000-05:00,SELL,45.36999999999999,45.39,45.39,False,False,False
INTC,2026-01-23 12:21:29.588000-05:00,SELL,45.290000000000006,45.3,45.28,True,True,True
INTC,2026-01-23 12:22:20.710000-05:00,BUY,45.290000000000006,45.3,45.309999999999995,True,True,True
INTC,2026-01-23 12:23:01.688000-05:00,BUY,45.25,45.25999999999999,45.269999999999996,True,True,True
INTC,2026-01-23 12:23:11.808000-05:00,BUY,45.24000000000001,45.25,45.269999999999996,True,True,True
INTC,2026-01-23 12:24:23.128000-05:00,SELL,45.23,45.26,45.22,True,True,True
INTC,2026-01-23 12:24:33.243000-05:00,SELL,45.23,45.24,45.22,True,True,True
INTC,2026-01-23 12:24:43.384000-05:00,SELL,45.24000000000001,45.25,45.22,True,True,True
INTC,2026-01-23 12:24:53.507000-05:00,SELL,45.27000000000001,45.28,45.22,True,True,True
INTC,2026-01-23 12:26:45.825000-05:00,BUY,45.23,45.24,45.25,True,True,True
INTC,2026-01-23 12:26:55.950000-05:00,BUY,45.24,45.26,45.25,False,True,False
INTC,2026-01-23 12:28:17.347000-05:00,SELL,45.26,45.27,45.25,True,True,True
INTC,2026-01-23 12:28:27.502000-05:00,SELL,45.26,45.27,45.25,True,True,True
INTC,2026-01-23 12:29:48.934000-05:00,BUY,45.32000000000001,45.33,45.33,True,True,False
INTC,2026-01-23 12:29:59.047000-05:00,BUY,45.33,45.35000000000001,45.33,False,False,False
INTC,2026-01-23 12:31:10.331000-05:00,SELL,45.36,45.36999999999999,45.34,True,True,True
INTC,2026-01-23 12:32:11.804000-05:00,SELL,45.34,45.349999999999994,45.32,True,True,True
INTC,2026-01-23 12:32:52.771000-05:00,BUY,45.34,45.36,45.37,True,True,True
INTC,2026-01-23 12:33:02.886000-05:00,BUY,45.33,45.34,45.37,True,True,True
INTC,2026-01-23 12:34:04.579000-05:00,SELL,45.22,45.24000000000001,45.21,True,True,True
INTC,2026-01-23 12:34:14.693000-05:00,SELL,45.22999999999999,45.25,45.21,True,True,True
INTC,2026-01-23 12:34:24.805000-05:00,SELL,45.3,45.31,45.21,True,True,True
INTC,2026-01-23 12:35:15.906000-05:00,BUY,45.31,45.31999999999999,45.33,True,True,True
INTC,2026-01-23 12:37:18.267000-05:00,SELL,45.31,45.31999999999999,45.300000000000004,True,True,True
INTC,2026-01-23 12:37:28.379000-05:00,SELL,45.32000000000001,45.33,45.300000000000004,True,True,True
INTC,2026-01-23 12:37:38.486000-05:00,SELL,45.34,45.349999999999994,45.300000000000004,True,True,True
INTC,2026-01-23 12:38:09.359000-05:00,BUY,45.35000000000001,45.36,45.37,True,True,True
INTC,2026-01-23 12:38:50.310000-05:00,BUY,45.36,45.36999999999999,45.379999999999995,True,True,True
INTC,2026-01-23 12:39:00.424000-05:00,BUY,45.31,45.33,45.379999999999995,True,True,True
INTC,2026-01-23 12:39:10.539000-05:00,BUY,45.31999999999999,45.34,45.379999999999995,True,True,True
INTC,2026-01-23 12:40:21.844000-05:00,SELL,45.34,45.349999999999994,45.330000000000005,True,True,True
INTC,2026-01-23 12:40:31.957000-05:00,SELL,45.3,45.31,45.330000000000005,False,False,False
INTC,2026-01-23 12:40:42.067000-05:00,SELL,45.34,45.349999999999994,45.330000000000005,True,True,True
INTC,2026-01-23 12:41:43.250000-05:00,BUY,45.3,45.32000000000001,45.33,True,True,False
INTC,2026-01-23 12:42:44.454000-05:00,SELL,45.25,45.27000000000001,45.24,True,True,True
INTC,2026-01-23 12:42:54.569000-05:00,SELL,45.24,45.26,45.24,True,False,True
INTC,2026-01-23 12:44:26.716000-05:00,SELL,45.23,45.24,45.22,True,True,True
INTC,2026-01-23 12:44:36.833000-05:00,SELL,45.21,45.24,45.22,False,False,True
INTC,2026-01-23 12:44:46.955000-05:00,SELL,45.25999999999999,45.28,45.22,True,True,True
INTC,2026-01-23 12:45:58.339000-05:00,BUY,45.25,45.27000000000001,45.28,True,True,False
INTC,2026-01-23 12:46:08.459000-05:00,BUY,45.27,45.29,45.28,False,True,False
INTC,2026-01-23 12:46:18.571000-05:00,SELL,45.27000000000001,45.28,45.24,True,True,True
INTC,2026-01-23 12:47:40.009000-05:00,SELL,45.150000000000006,45.16,45.14,True,True,True
INTC,2026-01-23 12:47:50.129000-05:00,SELL,45.16,45.17,45.14,True,True,True
INTC,2026-01-23 12:48:51.414000-05:00,SELL,45.2,45.209999999999994,45.190000000000005,True,True,True
INTC,2026-01-23 12:50:02.815000-05:00,BUY,45.21000000000001,45.22,45.23,True,True,True
INTC,2026-01-23 12:50:12.931000-05:00,BUY,45.21000000000001,45.22,45.23,True,True,True
INTC,2026-01-23 12:52:05.350000-05:00,BUY,45.08,45.09,45.1,True,True,True
INTC,2026-01-23 12:52:15.464000-05:00,BUY,45.09,45.099999999999994,45.1,True,True,False
INTC,2026-01-23 12:53:26.890000-05:00,SELL,45.11,45.11999999999999,45.1,True,True,True
INTC,2026-01-23 12:53:37.017000-05:00,SELL,45.11,45.11999999999999,45.1,True,True,True
INTC,2026-01-23 12:53:47.151000-05:00,SELL,45.08,45.10000000000001,45.1,False,False,False
INTC,2026-01-23 12:55:08.700000-05:00,BUY,45.04,45.07,45.08,True,True,True
INTC,2026-01-23 12:55:18.829000-05:00,BUY,45.03,45.03999999999999,45.08,True,True,True
INTC,2026-01-23 12:55:28.958000-05:00,BUY,45.02000000000001,45.03,45.08,True,True,True
INTC,2026-01-23 12:56:40.272000-05:00,SELL,45.040000000000006,45.05,45.03,True,True,True
INTC,2026-01-23 12:56:50.380000-05:00,SELL,45.040000000000006,45.05,45.03,True,True,True
INTC,2026-01-23 12:57:00.493000-05:00,SELL,45.040000000000006,45.05,45.03,True,True,True
INTC,2026-01-23 12:57:10.607000-05:00,BUY,45.06,45.06999999999999,45.059999999999995,False,True,False
INTC,2026-01-23 12:58:01.692000-05:00,BUY,45.03,45.03999999999999,45.05,True,True,True
INTC,2026-01-23 12:58:11.807000-05:00,BUY,45.040000000000006,45.05,45.05,True,True,False
INTC,2026-01-23 12:58:21.921000-05:00,BUY,45.03,45.03999999999999,45.05,True,True,True
INTC,2026-01-23 12:58:52.778000-05:00,BUY,45.01,45.02,45.03,True,True,True
INTC,2026-01-23 12:59:23.647000-05:00,BUY,45.01,45.02,45.03,True,True,True
INTC,2026-01-23 12:59:33.754000-05:00,BUY,45.01,45.02,45.03,True,True,True
INTC,2026-01-23 12:59:43.868000-05:00,BUY,45.01,45.02,45.03,True,True,True
INTC,2026-01-23 13:01:05.288000-05:00,SELL,45.02000000000001,45.03,45.010000000000005,True,True,True
INTC,2026-01-23 13:01:15.403000-05:00,SELL,45.00999999999999,45.03,45.010000000000005,False,False,True
INTC,2026-01-23 13:01:25.517000-05:00,SELL,45.0,45.02000000000001,45.010000000000005,False,False,False
INTC,2026-01-23 13:01:35.628000-05:00,BUY,45.01,45.02,45.04,True,True,True
INTC,2026-01-23 13:02:46.945000-05:00,BUY,44.91,44.92,44.93,True,True,True
INTC,2026-01-23 13:02:57.050000-05:00,BUY,44.83,44.84,44.93,True,True,True
INTC,2026-01-23 13:03:48.123000-05:00,SELL,44.88000000000001,44.89,44.870000000000005,True,True,True
INTC,2026-01-23 13:03:58.234000-05:00,SELL,44.89,44.91,44.870000000000005,True,True,True
INTC,2026-01-23 13:04:08.343000-05:00,SELL,44.87,44.88,44.870000000000005,False,False,True
INTC,2026-01-23 13:05:15.528000-05:00,BUY,44.81,44.83,44.839999999999996,True,True,True
INTC,2026-01-23 13:05:16.515000-05:00,BUY,44.82000000000001,44.83,44.839999999999996,True,True,True
INTC,2026-01-23 13:05:17.503000-05:00,SELL,44.83,44.84,44.81,True,True,True
INTC,2026-01-23 13:05:18.510000-05:00,BUY,44.81,44.81999999999999,44.839999999999996,True,True,True
INTC,2026-01-23 13:05:25.077000-05:00,SELL,44.82000000000001,44.83,44.81,True,True,True
INTC,2026-01-23 13:05:30.553000-05:00,BUY,44.82000000000001,44.83,44.839999999999996,True,True,True
INTC,2026-01-23 13:05:31.535000-05:00,SELL,44.82000000000001,44.83,44.81,True,True,True
INTC,2026-01-23 13:05:37.101000-05:00,BUY,44.85,44.87,44.87,True,True,False
INTC,2026-01-23 13:05:42.612000-05:00,BUY,44.83,44.84,44.85,True,True,True
INTC,2026-01-23 13:05:43.615000-05:00,BUY,44.83,44.84,44.85,True,True,True
INTC,2026-01-23 13:05:44.616000-05:00,SELL,44.83,44.84,44.82,True,True,True
INTC,2026-01-23 13:05:51.101000-05:00,BUY,44.8,44.82000000000001,44.83,True,True,False
INTC,2026-01-23 13:05:52.069000-05:00,BUY,44.8,44.82000000000001,44.83,True,True,False
INTC,2026-01-23 13:05:58.547000-05:00,BUY,44.8,44.82000000000001,44.83,True,True,False
INTC,2026-01-23 13:05:59.548000-05:00,BUY,44.8,44.81,44.83,True,True,True
INTC,2026-01-23 13:06:03.048000-05:00,BUY,44.78,44.78999999999999,44.8,True,True,True
INTC,2026-01-23 13:06:04.057000-05:00,BUY,44.89,44.89999999999999,44.8,False,False,False
INTC,2026-01-23 13:06:08.619000-05:00,SELL,44.95,44.980000000000004,44.92,True,True,True
INTC,2026-01-23 13:06:09.611000-05:00,SELL,44.97,44.97999999999999,44.92,True,True,True
INTC,2026-01-23 13:06:10.610000-05:00,SELL,44.97,44.97999999999999,44.92,True,True,True
INTC,2026-01-23 13:06:15.133000-05:00,BUY,44.94,44.96000000000001,44.98,True,True,True
INTC,2026-01-23 13:06:20.665000-05:00,BUY,45.0,45.00999999999999,45.019999999999996,True,True,True
INTC,2026-01-23 13:06:25.151000-05:00,BUY,45.03,45.03999999999999,45.04,True,True,False
INTC,2026-01-23 13:06:39.741000-05:00,BUY,45.05,45.06,45.08,True,True,True
INTC,2026-01-23 13:06:43.273000-05:00,SELL,45.040000000000006,45.05,45.03,True,True,True
INTC,2026-01-23 13:06:55.783000-05:00,BUY,45.02000000000001,45.03,45.04,True,True,True
INTC,2026-01-23 13:06:56.806000-05:00,BUY,45.02,45.04,45.04,True,True,False
INTC,2026-01-23 13:12:05.799000-05:00,BUY,45.11999999999999,45.14,45.11,False,False,False
INTC,2026-01-23 13:12:15.919000-05:00,BUY,45.13,45.15,45.11,False,False,False
INTC,2026-01-23 13:12:26.040000-05:00,BUY,45.12,45.13,45.11,False,False,False
INTC,2026-01-23 13:13:37.406000-05:00,SELL,45.07000000000001,45.08,45.06,True,True,True
INTC,2026-01-23 13:13:47.526000-05:00,SELL,45.05,45.06,45.06,False,False,False
INTC,2026-01-23 13:14:38.648000-05:00,SELL,45.02000000000001,45.03,45.010000000000005,True,True,True
INTC,2026-01-23 13:14:48.775000-05:00,SELL,45.040000000000006,45.05,45.010000000000005,True,True,True
INTC,2026-01-23 13:14:58.895000-05:00,SELL,45.01,45.02,45.010000000000005,False,False,True
INTC,2026-01-23 13:16:00.131000-05:00,BUY,45.040000000000006,45.05,45.059999999999995,True,True,True
INTC,2026-01-23 13:16:10.258000-05:00,BUY,45.00999999999999,45.03,45.059999999999995,True,True,True
INTC,2026-01-23 13:18:02.575000-05:00,SELL,45.03,45.05,45.02,True,True,True
INTC,2026-01-23 13:18:12.695000-05:00,SELL,45.06,45.06999999999999,45.02,True,True,True
INTC,2026-01-23 13:18:22.815000-05:00,SELL,45.03999999999999,45.06,45.02,True,True,True
INTC,2026-01-23 13:18:32.931000-05:00,BUY,45.03,45.03999999999999,45.059999999999995,True,True,True
INTC,2026-01-23 13:19:44.291000-05:00,SELL,45.03,45.05,45.02,True,True,True
INTC,2026-01-23 13:19:54.405000-05:00,SELL,45.03,45.03999999999999,45.02,True,True,True
INTC,2026-01-23 13:20:04.524000-05:00,SELL,45.05,45.06,45.02,True,True,True
INTC,2026-01-23 13:21:05.753000-05:00,BUY,45.040000000000006,45.05,45.059999999999995,True,True,True
INTC,2026-01-23 13:21:15.889000-05:00,BUY,45.02,45.04,45.059999999999995,True,True,True
INTC,2026-01-23 13:22:17.121000-05:00,SELL,44.900000000000006,44.91,44.89,True,True,True
INTC,2026-01-23 13:22:27.241000-05:00,SELL,44.92,44.92999999999999,44.89,True,True,True
INTC,2026-01-23 13:22:37.361000-05:00,SELL,44.89,44.89999999999999,44.89,True,False,True
INTC,2026-01-23 13:23:28.465000-05:00,SELL,44.95,44.959999999999994,44.940000000000005,True,True,True
INTC,2026-01-23 13:23:38.581000-05:00,SELL,44.96000000000001,44.97,44.940000000000005,True,True,True
INTC,2026-01-23 13:24:39.825000-05:00,SELL,44.92,44.92999999999999,44.910000000000004,True,True,True
INTC,2026-01-23 13:25:51.189000-05:00,BUY,44.94,44.95,44.96,True,True,True
INTC,2026-01-23 13:26:01.321000-05:00,BUY,44.91,44.92,44.96,True,True,True
INTC,2026-01-23 13:26:11.443000-05:00,BUY,44.92,44.92999999999999,44.96,True,True,True
INTC,2026-01-23 13:27:02.575000-05:00,SELL,44.93000000000001,44.94,44.910000000000004,True,True,True
INTC,2026-01-23 13:27:12.695000-05:00,SELL,44.94,44.95,44.910000000000004,True,True,True
INTC,2026-01-23 13:27:22.801000-05:00,SELL,44.95,44.959999999999994,44.910000000000004,True,True,True
INTC,2026-01-23 13:28:44.251000-05:00,BUY,44.89999999999999,44.92,44.93,True,True,True
INTC,2026-01-23 13:28:54.360000-05:00,BUY,44.91,44.92,44.93,True,True,True
INTC,2026-01-23 13:29:45.442000-05:00,SELL,44.88,44.9,44.870000000000005,True,True,True
INTC,2026-01-23 13:29:55.559000-05:00,SELL,44.88,44.9,44.870000000000005,True,True,True
INTC,2026-01-23 13:30:05.667000-05:00,SELL,44.88000000000001,44.89,44.870000000000005,True,True,True
INTC,2026-01-23 13:31:16.979000-05:00,BUY,44.82000000000001,44.83,44.82,False,True,False
INTC,2026-01-23 13:31:27.093000-05:00,BUY,44.85000000000001,44.86,44.82,False,False,False
INTC,2026-01-23 13:32:28.825000-05:00,SELL,44.98,44.99,44.940000000000005,True,True,True
INTC,2026-01-23 13:33:10.177000-05:00,BUY,45.0,45.00999999999999,45.03,True,True,True
INTC,2026-01-23 13:33:20.299000-05:00,BUY,44.96,44.99,45.03,True,True,True
INTC,2026-01-23 13:36:44.798000-05:00,SELL,44.83,44.85000000000001,44.82,True,True,True
INTC,2026-01-23 13:36:54.919000-05:00,SELL,44.82,44.85,44.82,True,False,True
INTC,2026-01-23 13:37:05.042000-05:00,SELL,44.86,44.86999999999999,44.82,True,True,True
INTC,2026-01-23 13:37:35.919000-05:00,BUY,44.8,44.81,44.82,True,True,True
INTC,2026-01-23 13:38:16.935000-05:00,SELL,44.82000000000001,44.83,44.81,True,True,True
INTC,2026-01-23 13:38:27.049000-05:00,SELL,44.85000000000001,44.86,44.81,True,True,True
INTC,2026-01-23 13:38:57.957000-05:00,SELL,44.84,44.86,44.830000000000005,True,True,True
INTC,2026-01-23 13:39:08.076000-05:00,SELL,44.87,44.88,44.830000000000005,True,True,True
INTC,2026-01-23 13:39:18.708000-05:00,BUY,44.85,44.87,44.879999999999995,True,True,True
INTC,2026-01-23 13:39:49.558000-05:00,SELL,44.81999999999999,44.84,44.81,True,False,True
INTC,2026-01-23 13:39:59.670000-05:00,SELL,44.94,44.95,44.81,True,True,True
INTC,2026-01-23 13:40:09.787000-05:00,SELL,44.92,44.92999999999999,44.81,True,True,True
INTC,2026-01-23 13:40:50.770000-05:00,BUY,44.88000000000001,44.89,44.9,True,True,True
INTC,2026-01-23 13:41:00.886000-05:00,BUY,44.86999999999999,44.89,44.9,True,True,True
INTC,2026-01-23 13:43:23.560000-05:00,BUY,44.81,44.81999999999999,44.83,True,True,True
INTC,2026-01-23 13:43:33.672000-05:00,BUY,44.81,44.83,44.83,True,True,False
INTC,2026-01-23 13:43:43.784000-05:00,BUY,44.82000000000001,44.83,44.83,True,True,False
INTC,2026-01-23 13:44:55.110000-05:00,SELL,44.8,44.81,44.79,True,True,True
INTC,2026-01-23 13:45:05.223000-05:00,SELL,44.81,44.81999999999999,44.79,True,True,True
INTC,2026-01-23 13:46:06.450000-05:00,SELL,44.74000000000001,44.75,44.730000000000004,True,True,True
INTC,2026-01-23 13:46:16.565000-05:00,SELL,44.76,44.77,44.730000000000004,True,True,True
INTC,2026-01-23 13:46:26.685000-05:00,SELL,44.74,44.76,44.730000000000004,True,True,True
INTC,2026-01-23 13:47:38.013000-05:00,BUY,44.74,44.76,44.769999999999996,True,True,True
INTC,2026-01-23 13:47:48.134000-05:00,BUY,44.75,44.75999999999999,44.769999999999996,True,True,True
INTC,2026-01-23 13:48:49.360000-05:00,BUY,44.8,44.82000000000001,44.83,True,True,False
INTC,2026-01-23 13:48:59.483000-05:00,BUY,44.78999999999999,44.81,44.83,True,True,True
INTC,2026-01-23 13:49:09.599000-05:00,BUY,44.77000000000001,44.78,44.83,True,True,True
INTC,2026-01-23 13:50:00.889000-05:00,SELL,44.78,44.78999999999999,44.760000000000005,True,True,True
INTC,2026-01-23 13:50:11.007000-05:00,SELL,44.76,44.77,44.760000000000005,False,False,True
INTC,2026-01-23 13:51:22.333000-05:00,SELL,44.74000000000001,44.75,44.730000000000004,True,True,True
INTC,2026-01-23 13:51:32.445000-05:00,SELL,44.74000000000001,44.75,44.730000000000004,True,True,True
INTC,2026-01-23 13:51:42.563000-05:00,SELL,44.74000000000001,44.75,44.730000000000004,True,True,True
INTC,2026-01-23 13:52:13.428000-05:00,BUY,44.73,44.74,44.75,True,True,True
INTC,2026-01-23 13:52:23.549000-05:00,BUY,44.74000000000001,44.75,44.75,True,True,False
INTC,2026-01-23 13:52:33.665000-05:00,BUY,44.74000000000001,44.75,44.75,True,True,False
INTC,2026-01-23 13:53:04.534000-05:00,SELL,44.73,44.74,44.72,True,True,True
INTC,2026-01-23 13:53:14.654000-05:00,SELL,44.7,44.709999999999994,44.72,False,False,False
INTC,2026-01-23 13:54:15.899000-05:00,SELL,44.8,44.81,44.79,True,True,True
INTC,2026-01-23 13:54:26.021000-05:00,SELL,44.8,44.81,44.79,True,True,True
INTC,2026-01-23 13:55:37.397000-05:00,SELL,44.790000000000006,44.8,44.78,True,True,True
INTC,2026-01-23 13:56:38.624000-05:00,SELL,44.77000000000001,44.78,44.760000000000005,True,True,True
INTC,2026-01-23 13:57:39.861000-05:00,SELL,44.77000000000001,44.78,44.75,True,True,True
INTC,2026-01-23 13:59:01.294000-05:00,SELL,44.78,44.78999999999999,44.77,True,True,True
INTC,2026-01-23 14:00:02.527000-05:00,SELL,44.650000000000006,44.66,44.64,True,True,True
INTC,2026-01-23 14:01:24.279000-05:00,BUY,44.62,44.63,44.64,True,True,True
INTC,2026-01-23 14:01:34.394000-05:00,BUY,44.62,44.63,44.64,True,True,True
INTC,2026-01-23 14:01:44.515000-05:00,BUY,44.60000000000001,44.61,44.64,True,True,True
INTC,2026-01-23 14:01:54.636000-05:00,BUY,44.60000000000001,44.61,44.64,True,True,True
INTC,2026-01-23 14:03:16.009000-05:00,SELL,44.69,44.71000000000001,44.68,True,True,True
INTC,2026-01-23 14:03:26.123000-05:00,SELL,44.72,44.74000000000001,44.68,True,True,True
INTC,2026-01-23 14:03:36.233000-05:00,BUY,44.72999999999999,44.75,44.72,False,False,False
INTC,2026-01-23 14:04:07.116000-05:00,SELL,44.72,44.74000000000001,44.71,True,True,True
INTC,2026-01-23 14:04:17.240000-05:00,SELL,44.72,44.74000000000001,44.71,True,True,True
INTC,2026-01-23 14:05:08.318000-05:00,BUY,44.61999999999999,44.64,44.66,True,True,True
INTC,2026-01-23 14:05:18.426000-05:00,BUY,44.61,44.63000000000001,44.66,True,True,True
INTC,2026-01-23 14:05:59.412000-05:00,SELL,44.63,44.65,44.620000000000005,True,True,True
INTC,2026-01-23 14:06:09.520000-05:00,SELL,44.61999999999999,44.64,44.620000000000005,False,False,True
INTC,2026-01-23 14:06:19.628000-05:00,SELL,44.62,44.63,44.620000000000005,False,False,True
INTC,2026-01-23 14:07:00.594000-05:00,BUY,44.66,44.67,44.68,True,True,True
INTC,2026-01-23 14:07:10.709000-05:00,BUY,44.63000000000001,44.64,44.68,True,True,True
INTC,2026-01-23 14:07:21.339000-05:00,BUY,44.66,44.67,44.68,True,True,True
INTC,2026-01-23 14:08:02.305000-05:00,SELL,44.62,44.63,44.61,True,True,True
INTC,2026-01-23 14:08:12.412000-05:00,SELL,44.63000000000001,44.64,44.61,True,True,True
INTC,2026-01-23 14:09:23.710000-05:00,BUY,44.67,44.67999999999999,44.69,True,True,True
INTC,2026-01-23 14:10:35.028000-05:00,SELL,44.69,44.7,44.68,True,True,True
INTC,2026-01-23 14:10:45.143000-05:00,SELL,44.71000000000001,44.72,44.68,True,True,True
INTC,2026-01-23 14:10:55.251000-05:00,SELL,44.69,44.7,44.68,True,True,True
INTC,2026-01-23 14:12:06.568000-05:00,SELL,44.69,44.7,44.68,True,True,True
INTC,2026-01-23 14:12:57.620000-05:00,BUY,44.68000000000001,44.69,44.699999999999996,True,True,True
INTC,2026-01-23 14:13:07.727000-05:00,BUY,44.67,44.67999999999999,44.699999999999996,True,True,True
INTC,2026-01-23 14:13:17.841000-05:00,SELL,44.68000000000001,44.69,44.67,True,True,True
INTC,2026-01-23 14:14:08.941000-05:00,SELL,44.68000000000001,44.69,44.67,True,True,True
INTC,2026-01-23 14:14:39.772000-05:00,BUY,44.69,44.7,44.71,True,True,True
INTC,2026-01-23 14:15:40.953000-05:00,BUY,44.64999999999999,44.67,44.68,True,True,True
INTC,2026-01-23 14:15:51.058000-05:00,BUY,44.650000000000006,44.66,44.68,True,True,True
INTC,2026-01-23 14:16:01.169000-05:00,BUY,44.66,44.67,44.68,True,True,True
INTC,2026-01-23 14:17:12.491000-05:00,SELL,44.7,44.709999999999994,44.68,True,True,True
INTC,2026-01-23 14:17:22.598000-05:00,SELL,44.61,44.63000000000001,44.68,False,False,False
INTC,2026-01-23 14:18:03.558000-05:00,BUY,44.60000000000001,44.61,44.62,True,True,True
INTC,2026-01-23 14:18:13.675000-05:00,BUY,44.6,44.62,44.62,True,True,False
INTC,2026-01-23 14:18:23.787000-05:00,BUY,44.62,44.63,44.62,False,False,False
INTC,2026-01-23 14:19:24.988000-05:00,SELL,44.7,44.709999999999994,44.690000000000005,True,True,True
INTC,2026-01-23 14:20:36.292000-05:00,BUY,44.67,44.69,44.699999999999996,True,True,True
INTC,2026-01-23 14:20:46.406000-05:00,BUY,44.67999999999999,44.7,44.699999999999996,False,True,False
INTC,2026-01-23 14:20:56.524000-05:00,BUY,44.69,44.71000000000001,44.699999999999996,False,False,False
INTC,2026-01-23 14:22:58.924000-05:00,SELL,44.81,44.81999999999999,44.800000000000004,True,True,True
INTC,2026-01-23 14:23:09.033000-05:00,SELL,44.81,44.81999999999999,44.800000000000004,True,True,True
INTC,2026-01-23 14:23:19.152000-05:00,SELL,44.81,44.83,44.800000000000004,True,True,True
INTC,2026-01-23 14:23:50.030000-05:00,BUY,44.8,44.81,44.82,True,True,True
INTC,2026-01-23 14:25:11.977000-05:00,SELL,44.83,44.85000000000001,44.82,True,True,True
INTC,2026-01-23 14:25:22.102000-05:00,SELL,44.77000000000001,44.78,44.82,False,False,False
INTC,2026-01-23 14:26:13.181000-05:00,SELL,44.71,44.74,44.7,True,True,True
INTC,2026-01-23 14:26:23.299000-05:00,SELL,44.75,44.77000000000001,44.7,True,True,True
INTC,2026-01-23 14:27:04.351000-05:00,BUY,44.769999999999996,44.8,44.809999999999995,True,True,True
INTC,2026-01-23 14:27:14.468000-05:00,BUY,44.75999999999999,44.78,44.809999999999995,True,True,True
INTC,2026-01-23 14:27:24.587000-05:00,BUY,44.75,44.77000000000001,44.809999999999995,True,True,True
INTC,2026-01-23 14:27:55.462000-05:00,SELL,44.75,44.75999999999999,44.730000000000004,True,True,True
INTC,2026-01-23 14:28:05.581000-05:00,SELL,44.75,44.77000000000001,44.730000000000004,True,True,True
INTC,2026-01-23 14:28:15.699000-05:00,SELL,44.790000000000006,44.8,44.730000000000004,True,True,True
INTC,2026-01-23 14:29:57.965000-05:00,BUY,44.67,44.69,44.71,True,True,True
INTC,2026-01-23 14:30:08.080000-05:00,SELL,44.64,44.64999999999999,44.67,False,False,False
INTC,2026-01-23 14:30:49.058000-05:00,SELL,44.63,44.65,44.620000000000005,True,True,True
INTC,2026-01-23 14:30:59.179000-05:00,BUY,44.64,44.66,44.66,True,True,False
INTC,2026-01-23 14:31:50.274000-05:00,BUY,44.68000000000001,44.69,44.69,True,True,False
INTC,2026-01-23 14:32:00.395000-05:00,BUY,44.7,44.709999999999994,44.69,False,False,False
INTC,2026-01-23 14:32:10.521000-05:00,BUY,44.68000000000001,44.69,44.69,True,True,False
INTC,2026-01-23 14:33:22.251000-05:00,SELL,44.69,44.7,44.7,False,False,False
INTC,2026-01-23 14:33:32.369000-05:00,SELL,44.66,44.67,44.7,False,False,False
INTC,2026-01-23 14:33:42.488000-05:00,SELL,44.62,44.63,44.7,False,False,False
INTC,2026-01-23 14:34:43.675000-05:00,BUY,44.56,44.56999999999999,44.58,True,True,True
INTC,2026-01-23 14:34:53.795000-05:00,BUY,44.56,44.56999999999999,44.58,True,True,True
INTC,2026-01-23 14:35:03.913000-05:00,SELL,44.58,44.60000000000001,44.550000000000004,True,True,True
INTC,2026-01-23 14:35:14.030000-05:00,BUY,44.6,44.62,44.58,False,False,False
INTC,2026-01-23 14:36:15.481000-05:00,BUY,44.650000000000006,44.66,44.669999999999995,True,True,True
INTC,2026-01-23 14:36:25.605000-05:00,BUY,44.63,44.65,44.669999999999995,True,True,True
INTC,2026-01-23 14:37:16.727000-05:00,SELL,44.64,44.64999999999999,44.620000000000005,True,True,True
INTC,2026-01-23 14:37:26.851000-05:00,SELL,44.64,44.64999999999999,44.620000000000005,True,True,True
INTC,2026-01-23 14:38:28.083000-05:00,SELL,44.53,44.53999999999999,44.52,True,True,True
INTC,2026-01-23 14:38:38.200000-05:00,SELL,44.540000000000006,44.55,44.52,True,True,True
INTC,2026-01-23 14:38:49.214000-05:00,SELL,44.53,44.53999999999999,44.52,True,True,True
INTC,2026-01-23 14:38:59.341000-05:00,BUY,44.53,44.53999999999999,44.55,True,True,True
INTC,2026-01-23 14:40:01.945000-05:00,SELL,44.540000000000006,44.55,44.53,True,True,True
INTC,2026-01-23 14:40:12.085000-05:00,SELL,44.52,44.54,44.53,False,False,True
INTC,2026-01-23 14:40:24.196000-05:00,SELL,44.540000000000006,44.55,44.53,True,True,True
INTC,2026-01-23 14:41:16.379000-05:00,BUY,44.540000000000006,44.55,44.57,True,True,True
INTC,2026-01-23 14:41:26.502000-05:00,BUY,44.57000000000001,44.58,44.57,False,True,False
INTC,2026-01-23 14:42:58.641000-05:00,SELL,44.58,44.59,44.57,True,True,True
INTC,2026-01-23 14:44:09.988000-05:00,SELL,44.63,44.65,44.620000000000005,True,True,True
INTC,2026-01-23 14:44:20.108000-05:00,SELL,44.69,44.7,44.620000000000005,True,True,True
INTC,2026-01-23 14:44:31.514000-05:00,SELL,44.71000000000001,44.72,44.620000000000005,True,True,True
INTC,2026-01-23 14:45:32.925000-05:00,SELL,44.67,44.67999999999999,44.660000000000004,True,True,True
INTC,2026-01-23 14:46:29.228000-05:00,BUY,44.64999999999999,44.67,44.68,True,True,True
INTC,2026-01-23 14:46:39.346000-05:00,BUY,44.72,44.72999999999999,44.68,False,False,False
INTC,2026-01-23 14:46:52.553000-05:00,BUY,44.7,44.709999999999994,44.68,False,False,False
INTC,2026-01-23 14:47:23.409000-05:00,SELL,44.69,44.7,44.68,True,True,True
INTC,2026-01-23 14:47:33.528000-05:00,SELL,44.71000000000001,44.72,44.68,True,True,True
INTC,2026-01-23 14:48:04.390000-05:00,BUY,44.69,44.71000000000001,44.72,True,True,False
INTC,2026-01-23 14:48:14.499000-05:00,BUY,44.7,44.709999999999994,44.72,True,True,True
INTC,2026-01-23 14:48:24.621000-05:00,BUY,44.7,44.709999999999994,44.72,True,True,True
INTC,2026-01-23 14:49:15.699000-05:00,BUY,44.71,44.73,44.739999999999995,True,True,True
INTC,2026-01-23 14:49:25.816000-05:00,BUY,44.69,44.71000000000001,44.739999999999995,True,True,True
INTC,2026-01-23 14:49:56.684000-05:00,SELL,44.64999999999999,44.67,44.64,True,False,True
INTC,2026-01-23 14:50:06.803000-05:00,SELL,44.650000000000006,44.66,44.64,True,True,True
INTC,2026-01-23 14:50:16.919000-05:00,SELL,44.66,44.67,44.64,True,True,True
INTC,2026-01-23 14:51:28.236000-05:00,BUY,44.67999999999999,44.7,44.71,True,True,True
INTC,2026-01-23 14:51:38.352000-05:00,BUY,44.67,44.67999999999999,44.71,True,True,True
INTC,2026-01-23 14:53:00.336000-05:00,SELL,44.64,44.64999999999999,44.63,True,True,True
INTC,2026-01-23 14:53:10.453000-05:00,SELL,44.64,44.66,44.63,True,True,True
INTC,2026-01-23 14:53:20.573000-05:00,SELL,44.63,44.65,44.63,True,False,True
INTC,2026-01-23 14:53:31.201000-05:00,BUY,44.62,44.63,44.64,True,True,True
INTC,2026-01-23 14:53:41.320000-05:00,BUY,44.63,44.65,44.64,False,True,False
INTC,2026-01-23 14:53:51.440000-05:00,BUY,44.61999999999999,44.64,44.64,True,True,False
INTC,2026-01-23 14:55:02.801000-05:00,SELL,44.63000000000001,44.64,44.620000000000005,True,True,True
INTC,2026-01-23 14:55:12.916000-05:00,SELL,44.63000000000001,44.64,44.620000000000005,True,True,True
INTC,2026-01-23 14:56:24.269000-05:00,SELL,44.61,44.61999999999999,44.6,True,True,True
INTC,2026-01-23 14:57:15.391000-05:00,BUY,44.61,44.61999999999999,44.62,True,True,False
INTC,2026-01-23 14:57:25.516000-05:00,BUY,44.61,44.61999999999999,44.62,True,True,False
INTC,2026-01-23 14:57:35.637000-05:00,BUY,44.6,44.62,44.62,True,True,False
INTC,2026-01-23 14:58:26.754000-05:00,SELL,44.650000000000006,44.66,44.64,True,True,True
INTC,2026-01-23 14:58:36.879000-05:00,SELL,44.64,44.64999999999999,44.64,True,False,True
INTC,2026-01-23 14:59:17.912000-05:00,BUY,44.650000000000006,44.66,44.66,True,True,False
INTC,2026-01-23 14:59:28.037000-05:00,BUY,44.64,44.64999999999999,44.66,True,True,True
INTC,2026-01-23 15:00:09.539000-05:00,SELL,44.66,44.67,44.65,True,True,True
INTC,2026-01-23 15:01:21.359000-05:00,BUY,44.56,44.56999999999999,44.589999999999996,True,True,True
INTC,2026-01-23 15:01:31.478000-05:00,BUY,44.55,44.56,44.589999999999996,True,True,True
INTC,2026-01-23 15:02:52.905000-05:00,SELL,44.55,44.58,44.56,False,False,False
INTC,2026-01-23 15:03:03.009000-05:00,SELL,44.56999999999999,44.59,44.56,True,False,True
INTC,2026-01-23 15:03:13.107000-05:00,SELL,44.59,44.599999999999994,44.56,True,True,True
INTC,2026-01-23 15:04:24.404000-05:00,BUY,44.61999999999999,44.64,44.65,True,True,True
INTC,2026-01-23 15:04:34.512000-05:00,BUY,44.61,44.61999999999999,44.65,True,True,True
INTC,2026-01-23 15:05:26.090000-05:00,SELL,44.64,44.64999999999999,44.63,True,True,True
INTC,2026-01-23 15:05:36.206000-05:00,SELL,44.64,44.64999999999999,44.63,True,True,True
INTC,2026-01-23 15:05:46.320000-05:00,SELL,44.63000000000001,44.64,44.63,True,False,True
INTC,2026-01-23 15:06:17.161000-05:00,BUY,44.64,44.64999999999999,44.66,True,True,True
INTC,2026-01-23 15:06:27.274000-05:00,BUY,44.61,44.63000000000001,44.66,True,True,True
INTC,2026-01-23 15:06:37.387000-05:00,SELL,44.64,44.64999999999999,44.63,True,True,True
INTC,2026-01-23 15:07:28.442000-05:00,BUY,44.64,44.64999999999999,44.64,False,True,False
INTC,2026-01-23 15:07:38.559000-05:00,BUY,44.53,44.55,44.64,True,True,True
INTC,2026-01-23 15:08:39.744000-05:00,SELL,44.48,44.49,44.47,True,True,True
INTC,2026-01-23 15:08:49.861000-05:00,SELL,44.45,44.47,44.47,False,False,False
INTC,2026-01-23 15:10:01.165000-05:00,SELL,44.48,44.49,44.47,True,True,True
INTC,2026-01-23 15:10:42.131000-05:00,BUY,44.50999999999999,44.53,44.54,True,True,True
INTC,2026-01-23 15:10:52.242000-05:00,BUY,44.51,44.52,44.54,True,True,True
INTC,2026-01-23 15:11:02.352000-05:00,BUY,44.52000000000001,44.53,44.54,True,True,True
INTC,2026-01-23 15:11:43.295000-05:00,SELL,44.56,44.56999999999999,44.550000000000004,True,True,True
INTC,2026-01-23 15:11:53.407000-05:00,SELL,44.57000000000001,44.58,44.550000000000004,True,True,True
INTC,2026-01-23 15:14:36.765000-05:00,SELL,44.74000000000001,44.75,44.730000000000004,True,True,True
INTC,2026-01-23 15:15:58.179000-05:00,BUY,44.73,44.74,44.75,True,True,True
INTC,2026-01-23 15:22:26.564000-05:00,SELL,44.81,44.81999999999999,44.800000000000004,True,True,True
INTC,2026-01-23 15:22:36.704000-05:00,SELL,44.8,44.82000000000001,44.800000000000004,False,False,True
INTC,2026-01-23 15:22:46.823000-05:00,SELL,44.8,44.81,44.800000000000004,False,False,True
INTC,2026-01-23 15:23:48.008000-05:00,BUY,44.8,44.81,44.82,True,True,True
INTC,2026-01-23 15:23:58.115000-05:00,BUY,44.87,44.88,44.82,False,False,False
INTC,2026-01-23 15:24:08.230000-05:00,BUY,44.86,44.86999999999999,44.82,False,False,False
INTC,2026-01-23 15:24:18.345000-05:00,BUY,44.89,44.89999999999999,44.82,False,False,False
INTC,2026-01-23 15:25:29.646000-05:00,SELL,44.94,44.95,44.93,True,True,True
INTC,2026-01-23 15:25:39.753000-05:00,BUY,45.02000000000001,45.03,44.96,False,False,False
INTC,2026-01-23 15:25:49.866000-05:00,BUY,45.02,45.04,44.96,False,False,False
INTC,2026-01-23 15:27:01.184000-05:00,SELL,45.08,45.09,45.07,True,True,True
INTC,2026-01-23 15:29:14.184000-05:00,SELL,45.01,45.02,45.0,True,True,True
INTC,2026-01-23 15:29:24.298000-05:00,SELL,45.02000000000001,45.03,45.0,True,True,True
INTC,2026-01-23 15:29:34.414000-05:00,SELL,45.040000000000006,45.05,45.0,True,True,True
INTC,2026-01-23 15:30:56.084000-05:00,SELL,45.14,45.14999999999999,45.13,True,True,True
INTC,2026-01-23 15:31:06.197000-05:00,SELL,45.14,45.14999999999999,45.13,True,True,True
INTC,2026-01-23 15:32:28.111000-05:00,BUY,45.22,45.24000000000001,45.25,True,True,False
INTC,2026-01-23 15:32:38.232000-05:00,BUY,45.22999999999999,45.25,45.25,True,True,False
INTC,2026-01-23 15:32:48.354000-05:00,BUY,45.27000000000001,45.28,45.25,False,False,False
INTC,2026-01-23 15:33:19.232000-05:00,SELL,45.27000000000001,45.28,45.230000000000004,True,True,True
INTC,2026-01-23 15:33:29.346000-05:00,SELL,45.24000000000001,45.25,45.230000000000004,True,True,True
INTC,2026-01-23 15:33:39.462000-05:00,SELL,45.23,45.24,45.230000000000004,False,False,True
INTC,2026-01-23 15:35:00.935000-05:00,BUY,45.290000000000006,45.3,45.309999999999995,True,True,True
INTC,2026-01-23 15:35:11.050000-05:00,BUY,45.26,45.27,45.309999999999995,True,True,True
INTC,2026-01-23 15:37:24.156000-05:00,BUY,45.26,45.27,45.28,True,True,True
INTC,2026-01-23 15:37:34.268000-05:00,BUY,45.24000000000001,45.25,45.28,True,True,True
INTC,2026-01-23 15:37:44.390000-05:00,BUY,45.23,45.24,45.28,True,True,True
INTC,2026-01-23 15:37:54.511000-05:00,BUY,45.22,45.22999999999999,45.28,True,True,True
INTC,2026-01-23 15:38:55.742000-05:00,SELL,45.12,45.13,45.1,True,True,True
INTC,2026-01-23 15:39:05.868000-05:00,SELL,45.12,45.13,45.1,True,True,True
INTC,2026-01-23 15:39:15.986000-05:00,SELL,45.11,45.11999999999999,45.1,True,True,True
INTC,2026-01-23 15:40:27.325000-05:00,BUY,45.16,45.17,45.18,True,True,True
INTC,2026-01-23 15:40:37.441000-05:00,BUY,45.16,45.17,45.18,True,True,True
INTC,2026-01-23 15:42:09.534000-05:00,BUY,44.94,44.95,44.96,True,True,True
INTC,2026-01-23 15:42:19.666000-05:00,BUY,44.95,44.959999999999994,44.96,True,True,False
INTC,2026-01-23 15:42:29.791000-05:00,BUY,44.94,44.95,44.96,True,True,True
INTC,2026-01-23 15:42:39.908000-05:00,BUY,44.95,44.959999999999994,44.96,True,True,False
INTC,2026-01-23 15:43:51.308000-05:00,SELL,45.06,45.06999999999999,45.050000000000004,True,True,True
INTC,2026-01-23 15:44:42.434000-05:00,SELL,45.02000000000001,45.03,45.010000000000005,True,True,True
INTC,2026-01-23 15:44:52.553000-05:00,SELL,44.99,45.01,45.010000000000005,False,False,False
INTC,2026-01-23 15:45:02.668000-05:00,SELL,45.01,45.02,45.010000000000005,False,False,True
INTC,2026-01-23 15:46:14.040000-05:00,BUY,44.96000000000001,44.97,44.98,True,True,True
INTC,2026-01-23 15:46:24.165000-05:00,BUY,44.92,44.92999999999999,44.98,True,True,True
INTC,2026-01-23 15:46:34.290000-05:00,BUY,44.94,44.95,44.98,True,True,True
INTC,2026-01-23 15:47:25.397000-05:00,SELL,44.95,44.959999999999994,44.940000000000005,True,True,True
INTC,2026-01-23 15:47:35.513000-05:00,SELL,44.95,44.959999999999994,44.940000000000005,True,True,True
PLUG,2026-01-23 09:31:36.888000-05:00,SELL,2.58,2.59,2.5700000000000003,True,True,True
PLUG,2026-01-23 09:31:39.211000-05:00,SELL,2.58,2.59,2.5700000000000003,True,True,True
PLUG,2026-01-23 09:32:39.156000-05:00,SELL,2.58,2.59,2.5700000000000003,True,True,True
PLUG,2026-01-23 09:32:43.138000-05:00,BUY,2.58,2.59,2.5999999999999996,True,True,True
PLUG,2026-01-23 09:32:45.119000-05:00,BUY,2.58,2.59,2.5999999999999996,True,True,True
PLUG,2026-01-23 09:33:48.785000-05:00,BUY,2.6000000000000005,2.63,2.6399999999999997,True,True,True
PLUG,2026-01-23 09:33:58.671000-05:00,SELL,2.6000000000000005,2.63,2.5900000000000003,True,True,True
PLUG,2026-01-23 09:34:01.178000-05:00,BUY,2.6,2.61,2.6399999999999997,True,True,True
PLUG,2026-01-23 09:34:16.007000-05:00,BUY,2.58,2.59,2.5999999999999996,True,True,True
PLUG,2026-01-23 09:34:22.582000-05:00,SELL,2.58,2.59,2.5700000000000003,True,True,True
PLUG,2026-01-23 09:34:24.506000-05:00,SELL,2.58,2.59,2.5700000000000003,True,True,True
PLUG,2026-01-23 09:34:27.863000-05:00,BUY,2.58,2.59,2.5999999999999996,True,True,True
PLUG,2026-01-23 09:34:44.841000-05:00,SELL,2.5700000000000003,2.58,2.56,True,True,True
PLUG,2026-01-23 09:35:02.085000-05:00,SELL,2.58,2.59,2.5700000000000003,True,True,True
PLUG,2026-01-23 09:35:33.975000-05:00,SELL,2.58,2.59,2.5700000000000003,True,True,True
PLUG,2026-01-23 09:35:35.507000-05:00,SELL,2.58,2.59,2.5700000000000003,True,True,True
PLUG,2026-01-23 09:35:41.457000-05:00,SELL,2.56,2.57,2.5500000000000003,True,True,True
PLUG,2026-01-23 09:35:50.208000-05:00,BUY,2.56,2.57,2.5799999999999996,True,True,True
PLUG,2026-01-23 09:36:02.748000-05:00,BUY,2.55,2.5699999999999994,2.5799999999999996,True,True,True
PLUG,2026-01-23 09:36:21.652000-05:00,SELL,2.55,2.5599999999999996,2.54,True,True,True
PLUG,2026-01-23 09:36:23.249000-05:00,BUY,2.55,2.5599999999999996,2.57,True,True,True
PLUG,2026-01-23 09:36:33.373000-05:00,SELL,2.55,2.5599999999999996,2.54,True,True,True
PLUG,2026-01-23 09:36:41-05:00,BUY,2.55,2.5599999999999996,2.57,True,True,True
PLUG,2026-01-23 09:37:10.194000-05:00,BUY,2.55,2.5599999999999996,2.57,True,True,True
PLUG,2026-01-23 09:37:17.219000-05:00,BUY,2.55,2.5599999999999996,2.57,True,True,True
PLUG,2026-01-23 09:37:42.179000-05:00,BUY,2.5300000000000002,2.54,2.55,True,True,True
PLUG,2026-01-23 09:37:45.207000-05:00,BUY,2.5300000000000002,2.54,2.55,True,True,True
PLUG,2026-01-23 09:38:18.458000-05:00,SELL,2.54,2.55,2.5300000000000002,True,True,True
PLUG,2026-01-23 09:38:19.959000-05:00,BUY,2.54,2.55,2.5599999999999996,True,True,True
PLUG,2026-01-23 09:38:41.422000-05:00,SELL,2.5300000000000002,2.54,2.52,True,True,True
PLUG,2026-01-23 09:38:43.312000-05:00,BUY,2.5300000000000002,2.54,2.55,True,True,True
PLUG,2026-01-23 09:41:04.276000-05:00,BUY,2.5,2.51,2.5199999999999996,True,True,True
PLUG,2026-01-23 09:41:06.874000-05:00,BUY,2.5,2.5199999999999996,2.5199999999999996,True,True,False
PLUG,2026-01-23 09:41:08.436000-05:00,BUY,2.5,2.5199999999999996,2.5199999999999996,True,True,False
PLUG,2026-01-23 09:41:34.498000-05:00,BUY,2.51,2.5199999999999996,2.53,True,True,True
PLUG,2026-01-23 09:41:54.814000-05:00,SELL,2.51,2.5199999999999996,2.5,True,True,True
PLUG,2026-01-23 09:42:07.674000-05:00,BUY,2.51,2.5199999999999996,2.53,True,True,True
PLUG,2026-01-23 09:42:30.555000-05:00,SELL,2.51,2.5199999999999996,2.5,True,True,True
PLUG,2026-01-23 09:42:44.386000-05:00,BUY,2.51,2.5199999999999996,2.53,True,True,True
PLUG,2026-01-23 09:42:48.894000-05:00,BUY,2.51,2.5199999999999996,2.53,True,True,True
PLUG,2026-01-23 09:43:09.598000-05:00,BUY,2.51,2.5199999999999996,2.53,True,True,True
PLUG,2026-01-23 09:43:19.182000-05:00,SELL,2.51,2.5299999999999994,2.5,True,True,True
PLUG,2026-01-23 09:43:20.690000-05:00,BUY,2.51,2.5299999999999994,2.5399999999999996,True,True,True
PLUG,2026-01-23 09:43:34.602000-05:00,BUY,2.51,2.5199999999999996,2.53,True,True,True
PLUG,2026-01-23 09:43:38.311000-05:00,BUY,2.51,2.5199999999999996,2.53,True,True,True
PLUG,2026-01-23 09:43:50.332000-05:00,BUY,2.51,2.5199999999999996,2.53,True,True,True
PLUG,2026-01-23 09:44:21.142000-05:00,SELL,2.51,2.5199999999999996,2.5,True,True,True
PLUG,2026-01-23 09:44:23.597000-05:00,BUY,2.51,2.5199999999999996,2.53,True,True,True
PLUG,2026-01-23 09:44:34.114000-05:00,SELL,2.51,2.5199999999999996,2.5,True,True,True
PLUG,2026-01-23 09:44:35.606000-05:00,SELL,2.51,2.5199999999999996,2.5,True,True,True
PLUG,2026-01-23 09:44:37.089000-05:00,SELL,2.51,2.5199999999999996,2.5,True,True,True
PLUG,2026-01-23 09:45:32.215000-05:00,BUY,2.5,2.51,2.5199999999999996,True,True,True
PLUG,2026-01-23 09:45:33.723000-05:00,BUY,2.5,2.51,2.5199999999999996,True,True,True
PLUG,2026-01-23 09:45:57.698000-05:00,SELL,2.5,2.51,2.49,True,True,True
PLUG,2026-01-23 09:46:00.125000-05:00,SELL,2.49,2.5,2.49,True,False,True
PLUG,2026-01-23 09:46:08.321000-05:00,SELL,2.4800000000000004,2.5,2.47,True,True,True
PLUG,2026-01-23 09:46:11.269000-05:00,SELL,2.4800000000000004,2.5,2.47,True,True,True
PLUG,2026-01-23 09:46:16.249000-05:00,BUY,2.49,2.5,2.51,True,True,True
PLUG,2026-01-23 09:47:06.767000-05:00,BUY,2.49,2.51,2.5199999999999996,True,True,True
PLUG,2026-01-23 09:47:08.199000-05:00,BUY,2.49,2.5,2.5199999999999996,True,True,True
PLUG,2026-01-23 09:47:16.216000-05:00,SELL,2.49,2.5,2.4800000000000004,True,True,True
PLUG,2026-01-23 09:48:41.348000-05:00,SELL,2.49,2.5,2.4800000000000004,True,True,True
PLUG,2026-01-23 09:48:42.742000-05:00,BUY,2.49,2.5,2.51,True,True,True
PLUG,2026-01-23 09:48:46.188000-05:00,SELL,2.49,2.5,2.4800000000000004,True,True,True
PLUG,2026-01-23 09:48:55.527000-05:00,SELL,2.49,2.5,2.4800000000000004,True,True,True
PLUG,2026-01-23 09:49:01.613000-05:00,SELL,2.49,2.5,2.4800000000000004,True,True,True
PLUG,2026-01-23 09:49:09.737000-05:00,SELL,2.49,2.5,2.4800000000000004,True,True,True
PLUG,2026-01-23 09:49:17.702000-05:00,BUY,2.49,2.5,2.51,True,True,True
PLUG,2026-01-23 09:49:25.788000-05:00,BUY,2.4800000000000004,2.5,2.51,True,True,True
PLUG,2026-01-23 09:49:36.422000-05:00,BUY,2.5,2.51,2.5199999999999996,True,True,True
PLUG,2026-01-23 09:49:37.937000-05:00,BUY,2.5,2.51,2.5199999999999996,True,True,True
PLUG,2026-01-23 09:49:39.381000-05:00,BUY,2.5,2.51,2.5199999999999996,True,True,True
PLUG,2026-01-23 09:49:49.216000-05:00,BUY,2.5,2.51,2.5199999999999996,True,True,True
PLUG,2026-01-23 09:49:50.670000-05:00,BUY,2.5,2.51,2.5199999999999996,True,True,True
PLUG,2026-01-23 09:49:52.057000-05:00,BUY,2.5,2.51,2.5199999999999996,True,True,True
PLUG,2026-01-23 09:49:53.554000-05:00,BUY,2.5,2.51,2.5199999999999996,True,True,True
PLUG,2026-01-23 09:49:58.881000-05:00,SELL,2.5,2.51,2.49,True,True,True
PLUG,2026-01-23 09:50:00.446000-05:00,SELL,2.5,2.51,2.49,True,True,True
PLUG,2026-01-23 09:50:11.568000-05:00,SELL,2.5,2.51,2.49,True,True,True
PLUG,2026-01-23 09:50:15.048000-05:00,SELL,2.5,2.51,2.49,True,True,True
PLUG,2026-01-23 09:50:21.566000-05:00,BUY,2.49,2.5,2.51,True,True,True
PLUG,2026-01-23 09:50:23.076000-05:00,BUY,2.5,2.51,2.51,True,True,False
PLUG,2026-01-23 09:50:31.057000-05:00,SELL,2.5,2.51,2.49,True,True,True
PLUG,2026-01-23 09:50:45.208000-05:00,BUY,2.51,2.5199999999999996,2.53,True,True,True
PLUG,2026-01-23 09:50:46.660000-05:00,SELL,2.51,2.5199999999999996,2.5,True,True,True
PLUG,2026-01-23 09:50:48.197000-05:00,BUY,2.51,2.5199999999999996,2.53,True,True,True
PLUG,2026-01-23 09:50:53.130000-05:00,SELL,2.51,2.5199999999999996,2.5,True,True,True
PLUG,2026-01-23 09:50:54.569000-05:00,SELL,2.51,2.54,2.5,True,True,True
PLUG,2026-01-23 09:50:56.292000-05:00,BUY,2.51,2.5199999999999996,2.53,True,True,True
PLUG,2026-01-23 09:50:59.808000-05:00,SELL,2.51,2.54,2.5,True,True,True
PLUG,2026-01-23 09:51:01.328000-05:00,BUY,2.51,2.5199999999999996,2.55,True,True,True
PLUG,2026-01-23 09:51:11.373000-05:00,SELL,2.52,2.53,2.5100000000000002,True,True,True
PLUG,2026-01-23 09:51:15.209000-05:00,SELL,2.52,2.53,2.5100000000000002,True,True,True
PLUG,2026-01-23 09:51:28.213000-05:00,BUY,2.52,2.53,2.5399999999999996,True,True,True
PLUG,2026-01-23 09:51:29.674000-05:00,BUY,2.52,2.53,2.5399999999999996,True,True,True
PLUG,2026-01-23 09:51:37.723000-05:00,BUY,2.5200000000000005,2.54,2.55,True,True,True
PLUG,2026-01-23 09:51:39.179000-05:00,BUY,2.5200000000000005,2.54,2.55,True,True,True
PLUG,2026-01-23 09:51:48.913000-05:00,BUY,2.52,2.53,2.5399999999999996,True,True,True
PLUG,2026-01-23 09:52:00.914000-05:00,SELL,2.52,2.53,2.5100000000000002,True,True,True
PLUG,2026-01-23 09:52:02.749000-05:00,BUY,2.52,2.53,2.5399999999999996,True,True,True
PLUG,2026-01-23 09:52:16.736000-05:00,SELL,2.51,2.5199999999999996,2.5,True,True,True
PLUG,2026-01-23 09:52:24.501000-05:00,SELL,2.51,2.5199999999999996,2.5,True,True,True
PLUG,2026-01-23 09:52:33.902000-05:00,SELL,2.51,2.5199999999999996,2.5,True,True,True
PLUG,2026-01-23 09:52:36.713000-05:00,SELL,2.51,2.5199999999999996,2.5,True,True,True
PLUG,2026-01-23 09:52:39.381000-05:00,BUY,2.51,2.5199999999999996,2.53,True,True,True
PLUG,2026-01-23 09:52:51.874000-05:00,BUY,2.51,2.5199999999999996,2.53,True,True,True
PLUG,2026-01-23 09:53:02.763000-05:00,BUY,2.51,2.5199999999999996,2.53,True,True,True
PLUG,2026-01-23 09:53:06.698000-05:00,BUY,2.51,2.5199999999999996,2.53,True,True,True
PLUG,2026-01-23 09:53:08.402000-05:00,SELL,2.51,2.5199999999999996,2.5,True,True,True
PLUG,2026-01-23 09:53:09.930000-05:00,BUY,2.51,2.5199999999999996,2.53,True,True,True
PLUG,2026-01-23 09:53:17.763000-05:00,BUY,2.51,2.5199999999999996,2.53,True,True,True
PLUG,2026-01-23 09:53:20.951000-05:00,BUY,2.51,2.5199999999999996,2.53,True,True,True
PLUG,2026-01-23 09:53:30.672000-05:00,BUY,2.51,2.5199999999999996,2.53,True,True,True
PLUG,2026-01-23 09:53:34.043000-05:00,BUY,2.52,2.53,2.53,True,True,False
PLUG,2026-01-23 09:53:39.018000-05:00,SELL,2.52,2.53,2.5100000000000002,True,True,True
PLUG,2026-01-23 09:53:40.500000-05:00,SELL,2.52,2.53,2.5100000000000002,True,True,True
PLUG,2026-01-23 09:53:41.919000-05:00,BUY,2.52,2.53,2.5399999999999996,True,True,True
PLUG,2026-01-23 09:53:48.735000-05:00,SELL,2.52,2.53,2.5100000000000002,True,True,True
PLUG,2026-01-23 09:53:51.196000-05:00,SELL,2.52,2.53,2.5100000000000002,True,True,True
PLUG,2026-01-23 09:53:58.607000-05:00,SELL,2.52,2.53,2.5100000000000002,True,True,True
PLUG,2026-01-23 09:54:00.113000-05:00,SELL,2.52,2.53,2.5100000000000002,True,True,True
PLUG,2026-01-23 09:54:06.699000-05:00,SELL,2.52,2.53,2.5100000000000002,True,True,True
PLUG,2026-01-23 09:54:18.572000-05:00,BUY,2.52,2.53,2.5399999999999996,True,True,True
PLUG,2026-01-23 09:54:20.041000-05:00,BUY,2.52,2.53,2.5399999999999996,True,True,True
PLUG,2026-01-23 09:54:24.997000-05:00,BUY,2.52,2.53,2.5399999999999996,True,True,True
PLUG,2026-01-23 09:54:26.409000-05:00,BUY,2.52,2.53,2.5399999999999996,True,True,True
PLUG,2026-01-23 09:54:31.367000-05:00,BUY,2.52,2.53,2.5399999999999996,True,True,True
PLUG,2026-01-23 09:54:52.335000-05:00,BUY,2.52,2.53,2.5399999999999996,True,True,True
PLUG,2026-01-23 09:54:53.770000-05:00,BUY,2.52,2.53,2.5399999999999996,True,True,True
PLUG,2026-01-23 09:54:55.181000-05:00,BUY,2.52,2.53,2.5399999999999996,True,True,True
PLUG,2026-01-23 09:54:56.700000-05:00,BUY,2.52,2.53,2.5399999999999996,True,True,True
PLUG,2026-01-23 09:55:00.219000-05:00,SELL,2.51,2.5199999999999996,2.5,True,True,True
PLUG,2026-01-23 09:55:04.966000-05:00,SELL,2.51,2.5199999999999996,2.5,True,True,True
PLUG,2026-01-23 09:55:06.365000-05:00,SELL,2.51,2.5199999999999996,2.5,True,True,True
PLUG,2026-01-23 09:55:14.728000-05:00,SELL,2.51,2.5199999999999996,2.5,True,True,True
PLUG,2026-01-23 09:55:18.253000-05:00,SELL,2.51,2.5199999999999996,2.5,True,True,True
PLUG,2026-01-23 09:55:27.194000-05:00,SELL,2.51,2.5199999999999996,2.5,True,True,True
PLUG,2026-01-23 09:55:28.666000-05:00,BUY,2.51,2.5199999999999996,2.53,True,True,True
PLUG,2026-01-23 09:55:30.100000-05:00,SELL,2.51,2.5199999999999996,2.5,True,True,True
PLUG,2026-01-23 09:55:31.504000-05:00,BUY,2.51,2.5199999999999996,2.53,True,True,True
PLUG,2026-01-23 09:55:34.807000-05:00,SELL,2.51,2.5199999999999996,2.5,True,True,True
PLUG,2026-01-23 09:55:41.212000-05:00,BUY,2.51,2.5199999999999996,2.53,True,True,True
PLUG,2026-01-23 09:55:50.578000-05:00,SELL,2.51,2.5199999999999996,2.5,True,True,True
PLUG,2026-01-23 09:55:52.076000-05:00,SELL,2.51,2.5199999999999996,2.5,True,True,True
PLUG,2026-01-23 09:55:54.621000-05:00,SELL,2.51,2.5199999999999996,2.5,True,True,True
PLUG,2026-01-23 09:56:03.220000-05:00,SELL,2.51,2.5199999999999996,2.5,True,True,True
PLUG,2026-01-23 09:56:04.627000-05:00,SELL,2.51,2.5199999999999996,2.5,True,True,True
PLUG,2026-01-23 09:56:06.033000-05:00,BUY,2.51,2.5199999999999996,2.53,True,True,True
PLUG,2026-01-23 09:56:24.154000-05:00,BUY,2.51,2.5199999999999996,2.53,True,True,True
PLUG,2026-01-23 09:56:34.400000-05:00,BUY,2.51,2.5199999999999996,2.53,True,True,True
PLUG,2026-01-23 09:56:44.675000-05:00,SELL,2.51,2.5199999999999996,2.5,True,True,True
PLUG,2026-01-23 09:57:26.106000-05:00,BUY,2.5,2.51,2.5199999999999996,True,True,True
PLUG,2026-01-23 09:57:36.340000-05:00,BUY,2.5,2.51,2.5199999999999996,True,True,True
PLUG,2026-01-23 09:57:46.545000-05:00,BUY,2.5,2.51,2.5199999999999996,True,True,True
PLUG,2026-01-23 09:58:17.826000-05:00,SELL,2.5,2.51,2.49,True,True,True
PLUG,2026-01-23 09:58:28.088000-05:00,SELL,2.5,2.51,2.49,True,True,True
PLUG,2026-01-23 09:58:38.322000-05:00,SELL,2.5,2.51,2.49,True,True,True
PLUG,2026-01-23 09:58:48.568000-05:00,BUY,2.5,2.51,2.5199999999999996,True,True,True
PLUG,2026-01-23 10:00:52.902000-05:00,SELL,2.5,2.51,2.49,True,True,True
PLUG,2026-01-23 10:01:03.131000-05:00,SELL,2.5,2.51,2.49,True,True,True
PLUG,2026-01-23 10:01:13.367000-05:00,SELL,2.5,2.51,2.49,True,True,True
PLUG,2026-01-23 10:01:23.613000-05:00,BUY,2.5,2.51,2.5199999999999996,True,True,True
PLUG,2026-01-23 10:02:42.456000-05:00,BUY,2.5,2.51,2.5199999999999996,True,True,True
PLUG,2026-01-23 10:02:52.712000-05:00,BUY,2.52,2.53,2.5199999999999996,False,False,False
PLUG,2026-01-23 10:03:02.947000-05:00,SELL,2.52,2.53,2.49,True,True,True
PLUG,2026-01-23 10:03:13.164000-05:00,BUY,2.52,2.53,2.5199999999999996,False,False,False
PLUG,2026-01-23 10:04:04.879000-05:00,BUY,2.51,2.5199999999999996,2.53,True,True,True
PLUG,2026-01-23 10:04:15.141000-05:00,SELL,2.51,2.5199999999999996,2.5,True,True,True
PLUG,2026-01-23 10:04:25.384000-05:00,BUY,2.51,2.5199999999999996,2.53,True,True,True
PLUG,2026-01-23 10:05:37.685000-05:00,SELL,2.5,2.51,2.49,True,True,True
PLUG,2026-01-23 10:05:47.948000-05:00,BUY,2.5,2.51,2.5199999999999996,True,True,True
PLUG,2026-01-23 10:06:46.107000-05:00,BUY,2.5,2.51,2.5199999999999996,True,True,True
PLUG,2026-01-23 10:06:56.336000-05:00,BUY,2.5,2.51,2.5199999999999996,True,True,True
PLUG,2026-01-23 10:07:06.606000-05:00,SELL,2.5,2.51,2.49,True,True,True
PLUG,2026-01-23 10:07:16.837000-05:00,BUY,2.5,2.51,2.5199999999999996,True,True,True
PLUG,2026-01-23 10:08:08.635000-05:00,BUY,2.51,2.5199999999999996,2.53,True,True,True
PLUG,2026-01-23 10:08:18.866000-05:00,BUY,2.51,2.5199999999999996,2.53,True,True,True
PLUG,2026-01-23 10:08:29.112000-05:00,BUY,2.51,2.5199999999999996,2.53,True,True,True
PLUG,2026-01-23 10:08:39.358000-05:00,BUY,2.51,2.5199999999999996,2.53,True,True,True
PLUG,2026-01-23 10:09:51.512000-05:00,BUY,2.51,2.5199999999999996,2.53,True,True,True
PLUG,2026-01-23 10:10:01.690000-05:00,BUY,2.51,2.5199999999999996,2.53,True,True,True
PLUG,2026-01-23 10:10:11.874000-05:00,BUY,2.52,2.53,2.53,True,True,False
PLUG,2026-01-23 10:11:13.571000-05:00,BUY,2.52,2.53,2.5399999999999996,True,True,True
PLUG,2026-01-23 10:11:23.720000-05:00,BUY,2.52,2.53,2.5399999999999996,True,True,True
PLUG,2026-01-23 10:12:15.097000-05:00,BUY,2.5300000000000002,2.54,2.55,True,True,True
PLUG,2026-01-23 10:12:25.307000-05:00,BUY,2.54,2.55,2.55,True,True,False
PLUG,2026-01-23 10:13:26.862000-05:00,BUY,2.54,2.55,2.5599999999999996,True,True,True
PLUG,2026-01-23 10:13:37.019000-05:00,BUY,2.54,2.55,2.5599999999999996,True,True,True
PLUG,2026-01-23 10:14:07.977000-05:00,SELL,2.5300000000000002,2.54,2.52,True,True,True
PLUG,2026-01-23 10:14:18.118000-05:00,SELL,2.5300000000000002,2.54,2.52,True,True,True
PLUG,2026-01-23 10:14:28.276000-05:00,SELL,2.5300000000000002,2.54,2.52,True,True,True
PLUG,2026-01-23 10:14:38.425000-05:00,BUY,2.54,2.55,2.55,True,True,False
PLUG,2026-01-23 10:15:39.820000-05:00,BUY,2.5300000000000002,2.54,2.55,True,True,True
PLUG,2026-01-23 10:15:49.964000-05:00,BUY,2.5300000000000002,2.54,2.55,True,True,True
PLUG,2026-01-23 10:16:00.107000-05:00,BUY,2.5300000000000002,2.54,2.55,True,True,True
PLUG,2026-01-23 10:16:41.235000-05:00,BUY,2.5300000000000002,2.54,2.55,True,True,True
PLUG,2026-01-23 10:17:43.273000-05:00,BUY,2.5300000000000002,2.54,2.55,True,True,True
PLUG,2026-01-23 10:17:53.416000-05:00,BUY,2.5300000000000002,2.54,2.55,True,True,True
PLUG,2026-01-23 10:18:03.628000-05:00,BUY,2.5300000000000002,2.54,2.55,True,True,True
PLUG,2026-01-23 10:19:05.031000-05:00,SELL,2.52,2.53,2.5100000000000002,True,True,True
PLUG,2026-01-23 10:19:15.172000-05:00,SELL,2.52,2.53,2.5100000000000002,True,True,True
PLUG,2026-01-23 10:19:25.324000-05:00,SELL,2.52,2.53,2.5100000000000002,True,True,True
PLUG,2026-01-23 10:19:35.470000-05:00,BUY,2.52,2.53,2.5399999999999996,True,True,True
PLUG,2026-01-23 10:20:06.436000-05:00,BUY,2.5300000000000002,2.54,2.55,True,True,True
PLUG,2026-01-23 10:20:16.585000-05:00,BUY,2.54,2.55,2.55,True,True,False
PLUG,2026-01-23 10:20:26.733000-05:00,BUY,2.54,2.55,2.55,True,True,False
PLUG,2026-01-23 10:20:36.886000-05:00,BUY,2.54,2.55,2.55,True,True,False
PLUG,2026-01-23 10:20:47.542000-05:00,BUY,2.54,2.55,2.5599999999999996,True,True,True
PLUG,2026-01-23 10:20:57.681000-05:00,BUY,2.54,2.55,2.5599999999999996,True,True,True
PLUG,2026-01-23 10:22:09.235000-05:00,SELL,2.55,2.5599999999999996,2.54,True,True,True
PLUG,2026-01-23 10:22:19.382000-05:00,SELL,2.55,2.5599999999999996,2.54,True,True,True
PLUG,2026-01-23 10:22:29.533000-05:00,BUY,2.55,2.5599999999999996,2.57,True,True,True
PLUG,2026-01-23 10:23:10.632000-05:00,SELL,2.56,2.57,2.5500000000000003,True,True,True
PLUG,2026-01-23 10:23:20.777000-05:00,SELL,2.56,2.57,2.5500000000000003,True,True,True
PLUG,2026-01-23 10:23:30.925000-05:00,SELL,2.56,2.57,2.5500000000000003,True,True,True
PLUG,2026-01-23 10:23:41.078000-05:00,BUY,2.56,2.57,2.5799999999999996,True,True,True
PLUG,2026-01-23 10:24:32.360000-05:00,BUY,2.56,2.57,2.5799999999999996,True,True,True
PLUG,2026-01-23 10:24:42.494000-05:00,BUY,2.5700000000000003,2.58,2.5799999999999996,False,True,False
PLUG,2026-01-23 10:24:52.630000-05:00,BUY,2.56,2.57,2.5799999999999996,True,True,True
PLUG,2026-01-23 10:25:02.781000-05:00,BUY,2.56,2.57,2.5799999999999996,True,True,True
PLUG,2026-01-23 10:25:34.781000-05:00,SELL,2.56,2.57,2.5500000000000003,True,True,True
PLUG,2026-01-23 10:25:44.943000-05:00,BUY,2.56,2.57,2.5799999999999996,True,True,True
PLUG,2026-01-23 10:25:55.097000-05:00,BUY,2.56,2.57,2.5799999999999996,True,True,True
PLUG,2026-01-23 10:26:15.918000-05:00,SELL,2.56,2.57,2.5500000000000003,True,True,True
PLUG,2026-01-23 10:26:26.070000-05:00,BUY,2.56,2.57,2.5799999999999996,True,True,True
PLUG,2026-01-23 10:26:36.209000-05:00,BUY,2.56,2.57,2.5799999999999996,True,True,True
PLUG,2026-01-23 10:27:17.311000-05:00,BUY,2.56,2.57,2.5799999999999996,True,True,True
PLUG,2026-01-23 10:27:27.482000-05:00,BUY,2.56,2.57,2.5799999999999996,True,True,True
PLUG,2026-01-23 10:28:39.043000-05:00,SELL,2.55,2.5599999999999996,2.54,True,True,True
PLUG,2026-01-23 10:28:49.196000-05:00,SELL,2.55,2.5599999999999996,2.54,True,True,True
PLUG,2026-01-23 10:29:00.366000-05:00,BUY,2.55,2.5599999999999996,2.57,True,True,True
PLUG,2026-01-23 10:30:01.767000-05:00,BUY,2.55,2.5599999999999996,2.57,True,True,True
PLUG,2026-01-23 10:30:11.919000-05:00,BUY,2.55,2.5599999999999996,2.57,True,True,True
PLUG,2026-01-23 10:30:22.063000-05:00,BUY,2.55,2.5599999999999996,2.57,True,True,True
PLUG,2026-01-23 10:30:32.213000-05:00,BUY,2.55,2.5599999999999996,2.57,True,True,True
PLUG,2026-01-23 10:31:13.937000-05:00,SELL,2.56,2.57,2.5500000000000003,True,True,True
PLUG,2026-01-23 10:31:24.090000-05:00,SELL,2.56,2.57,2.5500000000000003,True,True,True
PLUG,2026-01-23 10:31:34.248000-05:00,SELL,2.56,2.57,2.5500000000000003,True,True,True
PLUG,2026-01-23 10:31:44.391000-05:00,BUY,2.56,2.57,2.5799999999999996,True,True,True
PLUG,2026-01-23 10:32:30.475000-05:00,BUY,2.56,2.57,2.5799999999999996,True,True,True
PLUG,2026-01-23 10:33:01.442000-05:00,SELL,2.55,2.5599999999999996,2.54,True,True,True
PLUG,2026-01-23 10:33:11.595000-05:00,BUY,2.55,2.5599999999999996,2.57,True,True,True
PLUG,2026-01-23 10:33:52.698000-05:00,SELL,2.55,2.5599999999999996,2.54,True,True,True
PLUG,2026-01-23 10:34:02.843000-05:00,SELL,2.55,2.5599999999999996,2.54,True,True,True
PLUG,2026-01-23 10:34:12.993000-05:00,SELL,2.55,2.5599999999999996,2.54,True,True,True
PLUG,2026-01-23 10:34:23.156000-05:00,BUY,2.55,2.5599999999999996,2.57,True,True,True
PLUG,2026-01-23 10:34:43.964000-05:00,SELL,2.55,2.5599999999999996,2.54,True,True,True
PLUG,2026-01-23 10:34:54.117000-05:00,BUY,2.55,2.5599999999999996,2.57,True,True,True
PLUG,2026-01-23 10:35:56.832000-05:00,SELL,2.54,2.55,2.5300000000000002,True,True,True
PLUG,2026-01-23 10:36:06.974000-05:00,BUY,2.54,2.55,2.5599999999999996,True,True,True
PLUG,2026-01-23 10:36:58.238000-05:00,SELL,2.54,2.55,2.5300000000000002,True,True,True
PLUG,2026-01-23 10:37:08.384000-05:00,BUY,2.54,2.55,2.5599999999999996,True,True,True
PLUG,2026-01-23 10:37:29.934000-05:00,SELL,2.54,2.55,2.5300000000000002,True,True,True
PLUG,2026-01-23 10:37:40.075000-05:00,BUY,2.54,2.55,2.5599999999999996,True,True,True
PLUG,2026-01-23 10:38:51.639000-05:00,BUY,2.55,2.5599999999999996,2.57,True,True,True
PLUG,2026-01-23 10:39:01.790000-05:00,BUY,2.55,2.5599999999999996,2.57,True,True,True
PLUG,2026-01-23 10:39:11.949000-05:00,BUY,2.55,2.5599999999999996,2.57,True,True,True
PLUG,2026-01-23 10:39:22.100000-05:00,BUY,2.55,2.5599999999999996,2.57,True,True,True
PLUG,2026-01-23 10:40:03.210000-05:00,BUY,2.55,2.5599999999999996,2.57,True,True,True
PLUG,2026-01-23 10:40:13.364000-05:00,BUY,2.55,2.5599999999999996,2.57,True,True,True
PLUG,2026-01-23 10:40:23.520000-05:00,BUY,2.55,2.5599999999999996,2.57,True,True,True
PLUG,2026-01-23 10:41:24.953000-05:00,SELL,2.5700000000000003,2.58,2.56,True,True,True
PLUG,2026-01-23 10:41:35.106000-05:00,SELL,2.58,2.59,2.56,True,True,True
PLUG,2026-01-23 10:41:45.253000-05:00,BUY,2.58,2.59,2.59,True,True,False
PLUG,2026-01-23 10:41:55.403000-05:00,BUY,2.5700000000000003,2.58,2.59,True,True,True
PLUG,2026-01-23 10:42:56.807000-05:00,SELL,2.56,2.57,2.5500000000000003,True,True,True
PLUG,2026-01-23 10:43:06.958000-05:00,SELL,2.56,2.57,2.5500000000000003,True,True,True
PLUG,2026-01-23 10:43:17.111000-05:00,SELL,2.56,2.57,2.5500000000000003,True,True,True
PLUG,2026-01-23 10:43:27.253000-05:00,BUY,2.56,2.57,2.5799999999999996,True,True,True
PLUG,2026-01-23 10:44:18.527000-05:00,SELL,2.55,2.5599999999999996,2.54,True,True,True
PLUG,2026-01-23 10:44:28.670000-05:00,BUY,2.55,2.5599999999999996,2.57,True,True,True
PLUG,2026-01-23 10:45:00.664000-05:00,SELL,2.55,2.5599999999999996,2.54,True,True,True
PLUG,2026-01-23 10:45:10.815000-05:00,SELL,2.55,2.5599999999999996,2.54,True,True,True
PLUG,2026-01-23 10:45:25.970000-05:00,BUY,2.55,2.5599999999999996,2.57,True,True,True
PLUG,2026-01-23 10:45:57.168000-05:00,BUY,2.55,2.5599999999999996,2.57,True,True,True
PLUG,2026-01-23 10:46:07.315000-05:00,BUY,2.55,2.5599999999999996,2.57,True,True,True
PLUG,2026-01-23 10:46:17.480000-05:00,BUY,2.55,2.5599999999999996,2.57,True,True,True
PLUG,2026-01-23 10:46:27.672000-05:00,BUY,2.55,2.5599999999999996,2.57,True,True,True
PLUG,2026-01-23 10:46:38.347000-05:00,BUY,2.55,2.5599999999999996,2.57,True,True,True
PLUG,2026-01-23 10:46:48.494000-05:00,BUY,2.55,2.5599999999999996,2.57,True,True,True
PLUG,2026-01-23 10:46:58.636000-05:00,BUY,2.55,2.5599999999999996,2.57,True,True,True
PLUG,2026-01-23 10:47:08.788000-05:00,BUY,2.55,2.5599999999999996,2.57,True,True,True
PLUG,2026-01-23 10:47:49.900000-05:00,BUY,2.55,2.5599999999999996,2.57,True,True,True
PLUG,2026-01-23 10:48:00.048000-05:00,BUY,2.55,2.5599999999999996,2.57,True,True,True
PLUG,2026-01-23 10:48:10.198000-05:00,BUY,2.55,2.5599999999999996,2.57,True,True,True
PLUG,2026-01-23 10:49:11.617000-05:00,SELL,2.56,2.57,2.5500000000000003,True,True,True
PLUG,2026-01-23 10:49:21.773000-05:00,SELL,2.56,2.57,2.5500000000000003,True,True,True
PLUG,2026-01-23 10:49:32.549000-05:00,BUY,2.56,2.57,2.5799999999999996,True,True,True
PLUG,2026-01-23 10:49:42.692000-05:00,BUY,2.56,2.57,2.5799999999999996,True,True,True
PLUG,2026-01-23 10:50:54.835000-05:00,SELL,2.56,2.57,2.5500000000000003,True,True,True
PLUG,2026-01-23 10:51:04.979000-05:00,SELL,2.56,2.57,2.5500000000000003,True,True,True
PLUG,2026-01-23 10:51:15.122000-05:00,BUY,2.56,2.57,2.5799999999999996,True,True,True
PLUG,2026-01-23 10:51:25.271000-05:00,BUY,2.56,2.57,2.5799999999999996,True,True,True
PLUG,2026-01-23 10:52:16.489000-05:00,SELL,2.56,2.57,2.5500000000000003,True,True,True
PLUG,2026-01-23 10:52:26.626000-05:00,BUY,2.55,2.5599999999999996,2.5799999999999996,True,True,True
PLUG,2026-01-23 10:53:38.157000-05:00,SELL,2.55,2.5599999999999996,2.54,True,True,True
PLUG,2026-01-23 10:53:48.293000-05:00,BUY,2.55,2.5599999999999996,2.57,True,True,True
PLUG,2026-01-23 10:54:19.477000-05:00,SELL,2.55,2.5599999999999996,2.54,True,True,True
PLUG,2026-01-23 10:54:29.623000-05:00,SELL,2.55,2.5599999999999996,2.54,True,True,True
PLUG,2026-01-23 10:54:39.769000-05:00,BUY,2.55,2.5599999999999996,2.57,True,True,True
PLUG,2026-01-23 10:55:10.695000-05:00,BUY,2.55,2.5599999999999996,2.57,True,True,True
PLUG,2026-01-23 10:55:20.849000-05:00,BUY,2.55,2.5599999999999996,2.57,True,True,True
PLUG,2026-01-23 10:55:30.986000-05:00,BUY,2.55,2.5599999999999996,2.57,True,True,True
PLUG,2026-01-23 10:55:41.123000-05:00,BUY,2.55,2.5599999999999996,2.57,True,True,True
PLUG,2026-01-23 10:56:01.924000-05:00,BUY,2.55,2.5599999999999996,2.57,True,True,True
PLUG,2026-01-23 10:56:12.071000-05:00,BUY,2.55,2.5599999999999996,2.57,True,True,True
PLUG,2026-01-23 10:56:26.857000-05:00,BUY,2.55,2.5599999999999996,2.57,True,True,True
PLUG,2026-01-23 10:56:31.872000-05:00,BUY,2.55,2.5599999999999996,2.57,True,True,True
PLUG,2026-01-23 10:56:33.027000-05:00,BUY,2.55,2.5599999999999996,2.57,True,True,True
PLUG,2026-01-23 10:56:40.284000-05:00,BUY,2.55,2.5599999999999996,2.57,True,True,True
PLUG,2026-01-23 10:56:41.434000-05:00,BUY,2.55,2.5599999999999996,2.57,True,True,True
PLUG,2026-01-23 10:56:42.541000-05:00,BUY,2.55,2.5599999999999996,2.57,True,True,True
PLUG,2026-01-23 10:56:48.685000-05:00,BUY,2.55,2.5599999999999996,2.57,True,True,True
PLUG,2026-01-23 10:56:53.674000-05:00,BUY,2.55,2.5599999999999996,2.57,True,True,True
PLUG,2026-01-23 10:57:00.979000-05:00,BUY,2.55,2.5599999999999996,2.57,True,True,True
PLUG,2026-01-23 10:57:07.065000-05:00,BUY,2.55,2.5599999999999996,2.57,True,True,True
PLUG,2026-01-23 10:57:14.184000-05:00,BUY,2.55,2.5599999999999996,2.57,True,True,True
PLUG,2026-01-23 10:57:15.280000-05:00,BUY,2.55,2.5599999999999996,2.57,True,True,True
PLUG,2026-01-23 10:57:22.494000-05:00,BUY,2.55,2.5599999999999996,2.57,True,True,True
PLUG,2026-01-23 10:57:27.484000-05:00,BUY,2.55,2.5599999999999996,2.57,True,True,True
PLUG,2026-01-23 10:57:33.538000-05:00,BUY,2.55,2.5599999999999996,2.57,True,True,True
PLUG,2026-01-23 10:57:38.549000-05:00,BUY,2.55,2.5599999999999996,2.57,True,True,True
PLUG,2026-01-23 10:57:41.280000-05:00,BUY,2.55,2.5599999999999996,2.57,True,True,True
PLUG,2026-01-23 10:57:48.481000-05:00,BUY,2.55,2.5599999999999996,2.57,True,True,True
PLUG,2026-01-23 10:57:49.577000-05:00,BUY,2.55,2.5599999999999996,2.57,True,True,True
PLUG,2026-01-23 10:57:52.341000-05:00,BUY,2.55,2.5599999999999996,2.57,True,True,True
PLUG,2026-01-23 10:57:58.412000-05:00,BUY,2.55,2.5599999999999996,2.57,True,True,True
PLUG,2026-01-23 10:58:04.535000-05:00,SELL,2.55,2.5599999999999996,2.54,True,True,True
PLUG,2026-01-23 10:58:05.685000-05:00,SELL,2.55,2.5599999999999996,2.54,True,True,True
PLUG,2026-01-23 10:58:06.769000-05:00,BUY,2.55,2.5599999999999996,2.57,True,True,True
PLUG,2026-01-23 10:58:14.050000-05:00,BUY,2.55,2.5599999999999996,2.57,True,True,True
PLUG,2026-01-23 10:58:21.213000-05:00,BUY,2.55,2.5599999999999996,2.57,True,True,True
PLUG,2026-01-23 10:58:22.343000-05:00,BUY,2.55,2.5599999999999996,2.57,True,True,True
PLUG,2026-01-23 10:58:23.451000-05:00,BUY,2.55,2.5599999999999996,2.57,True,True,True
PLUG,2026-01-23 10:58:30.797000-05:00,BUY,2.55,2.5599999999999996,2.57,True,True,True
PLUG,2026-01-23 10:58:39.016000-05:00,BUY,2.55,2.5599999999999996,2.57,True,True,True
PLUG,2026-01-23 10:58:40.124000-05:00,BUY,2.55,2.5599999999999996,2.57,True,True,True
PLUG,2026-01-23 10:58:46.218000-05:00,BUY,2.55,2.5599999999999996,2.57,True,True,True
PLUG,2026-01-23 10:58:50.118000-05:00,BUY,2.55,2.5599999999999996,2.57,True,True,True
PLUG,2026-01-23 10:58:55.222000-05:00,BUY,2.55,2.5599999999999996,2.57,True,True,True
PLUG,2026-01-23 10:59:05.250000-05:00,BUY,2.55,2.5599999999999996,2.57,True,True,True
PLUG,2026-01-23 10:59:09.181000-05:00,BUY,2.55,2.5599999999999996,2.57,True,True,True
PLUG,2026-01-23 10:59:13.055000-05:00,BUY,2.55,2.5599999999999996,2.57,True,True,True
PLUG,2026-01-23 10:59:14.151000-05:00,BUY,2.55,2.5599999999999996,2.57,True,True,True
PLUG,2026-01-23 10:59:18.154000-05:00,BUY,2.55,2.5599999999999996,2.57,True,True,True
PLUG,2026-01-23 10:59:19.245000-05:00,BUY,2.55,2.5599999999999996,2.57,True,True,True
PLUG,2026-01-23 10:59:25.375000-05:00,BUY,2.55,2.5599999999999996,2.57,True,True,True
PLUG,2026-01-23 10:59:26.516000-05:00,BUY,2.55,2.5599999999999996,2.57,True,True,True
PLUG,2026-01-23 10:59:33.696000-05:00,BUY,2.55,2.5599999999999996,2.57,True,True,True
PLUG,2026-01-23 10:59:38.685000-05:00,SELL,2.55,2.5599999999999996,2.54,True,True,True
PLUG,2026-01-23 10:59:39.781000-05:00,BUY,2.55,2.5599999999999996,2.57,True,True,True
PLUG,2026-01-23 10:59:42.546000-05:00,BUY,2.55,2.5599999999999996,2.57,True,True,True
PLUG,2026-01-23 10:59:45.226000-05:00,BUY,2.55,2.5599999999999996,2.57,True,True,True
PLUG,2026-01-23 10:59:50.128000-05:00,BUY,2.55,2.5599999999999996,2.57,True,True,True
PLUG,2026-01-23 10:59:55.107000-05:00,BUY,2.55,2.5599999999999996,2.57,True,True,True
PLUG,2026-01-23 10:59:56.351000-05:00,BUY,2.55,2.5599999999999996,2.57,True,True,True
PLUG,2026-01-23 11:00:02.639000-05:00,BUY,2.55,2.5599999999999996,2.57,True,True,True
PLUG,2026-01-23 11:00:03.845000-05:00,BUY,2.55,2.5599999999999996,2.57,True,True,True
PLUG,2026-01-23 11:00:09.219000-05:00,BUY,2.55,2.5599999999999996,2.57,True,True,True
PLUG,2026-01-23 11:00:16.704000-05:00,SELL,2.55,2.5599999999999996,2.54,True,True,True
PLUG,2026-01-23 11:00:17.801000-05:00,BUY,2.55,2.5599999999999996,2.57,True,True,True
PLUG,2026-01-23 11:00:24.301000-05:00,BUY,2.55,2.5599999999999996,2.57,True,True,True
PLUG,2026-01-23 11:00:29.191000-05:00,SELL,2.56,2.57,2.5500000000000003,True,True,True
PLUG,2026-01-23 11:00:30.348000-05:00,SELL,2.56,2.57,2.5500000000000003,True,True,True
PLUG,2026-01-23 11:00:31.464000-05:00,BUY,2.56,2.57,2.5799999999999996,True,True,True
PLUG,2026-01-23 11:00:35.481000-05:00,SELL,2.56,2.57,2.5500000000000003,True,True,True
PLUG,2026-01-23 11:00:36.571000-05:00,SELL,2.56,2.57,2.5500000000000003,True,True,True
PLUG,2026-01-23 11:00:37.669000-05:00,BUY,2.56,2.57,2.5799999999999996,True,True,True
PLUG,2026-01-23 11:00:38.776000-05:00,BUY,2.56,2.57,2.5799999999999996,True,True,True
PLUG,2026-01-23 11:00:45.838000-05:00,SELL,2.56,2.57,2.5500000000000003,True,True,True
PLUG,2026-01-23 11:00:46.923000-05:00,BUY,2.56,2.57,2.5799999999999996,True,True,True
PLUG,2026-01-23 11:00:53.092000-05:00,SELL,2.56,2.57,2.5500000000000003,True,True,True
PLUG,2026-01-23 11:00:54.242000-05:00,SELL,2.56,2.57,2.5500000000000003,True,True,True
PLUG,2026-01-23 11:00:55.339000-05:00,BUY,2.56,2.57,2.5799999999999996,True,True,True
PLUG,2026-01-23 11:00:58.635000-05:00,SELL,2.56,2.57,2.5500000000000003,True,True,True
PLUG,2026-01-23 11:01:00.195000-05:00,SELL,2.56,2.57,2.5500000000000003,True,True,True
PLUG,2026-01-23 11:01:01.366000-05:00,BUY,2.56,2.57,2.5799999999999996,True,True,True
PLUG,2026-01-23 11:01:05.234000-05:00,BUY,2.56,2.57,2.5799999999999996,True,True,True
PLUG,2026-01-23 11:01:09.087000-05:00,BUY,2.56,2.57,2.5799999999999996,True,True,True
PLUG,2026-01-23 11:01:10.240000-05:00,BUY,2.56,2.57,2.5799999999999996,True,True,True
PLUG,2026-01-23 11:01:19.077000-05:00,BUY,2.56,2.57,2.5799999999999996,True,True,True
PLUG,2026-01-23 11:01:24.036000-05:00,SELL,2.56,2.57,2.5500000000000003,True,True,True
PLUG,2026-01-23 11:01:25.146000-05:00,SELL,2.56,2.57,2.5500000000000003,True,True,True
PLUG,2026-01-23 11:01:26.287000-05:00,SELL,2.56,2.57,2.5500000000000003,True,True,True
PLUG,2026-01-23 11:01:31.248000-05:00,BUY,2.56,2.57,2.5799999999999996,True,True,True
PLUG,2026-01-23 11:01:38.573000-05:00,BUY,2.56,2.57,2.5799999999999996,True,True,True
PLUG,2026-01-23 11:01:46.952000-05:00,SELL,2.56,2.57,2.5500000000000003,True,True,True
PLUG,2026-01-23 11:01:48.083000-05:00,SELL,2.56,2.57,2.5500000000000003,True,True,True
PLUG,2026-01-23 11:01:49.217000-05:00,BUY,2.56,2.57,2.5799999999999996,True,True,True
PLUG,2026-01-23 11:02:30.298000-05:00,BUY,2.55,2.5599999999999996,2.57,True,True,True
PLUG,2026-01-23 11:02:40.456000-05:00,BUY,2.55,2.5599999999999996,2.57,True,True,True
PLUG,2026-01-23 11:02:50.595000-05:00,BUY,2.55,2.5599999999999996,2.57,True,True,True
PLUG,2026-01-23 11:04:02.120000-05:00,BUY,2.55,2.5599999999999996,2.57,True,True,True
PLUG,2026-01-23 11:04:12.276000-05:00,BUY,2.55,2.5599999999999996,2.57,True,True,True
PLUG,2026-01-23 11:04:22.428000-05:00,BUY,2.55,2.5599999999999996,2.57,True,True,True
PLUG,2026-01-23 11:04:32.581000-05:00,BUY,2.55,2.5599999999999996,2.57,True,True,True
PLUG,2026-01-23 11:05:23.824000-05:00,SELL,2.55,2.5599999999999996,2.54,True,True,True
PLUG,2026-01-23 11:05:33.960000-05:00,BUY,2.55,2.5599999999999996,2.57,True,True,True
PLUG,2026-01-23 11:05:44.111000-05:00,BUY,2.55,2.5599999999999996,2.57,True,True,True
PLUG,2026-01-23 11:06:25.182000-05:00,SELL,2.55,2.5599999999999996,2.54,True,True,True
PLUG,2026-01-23 11:06:35.320000-05:00,SELL,2.55,2.5599999999999996,2.54,True,True,True
PLUG,2026-01-23 11:06:45.470000-05:00,SELL,2.55,2.5599999999999996,2.54,True,True,True
PLUG,2026-01-23 11:06:55.617000-05:00,BUY,2.55,2.5599999999999996,2.57,True,True,True
PLUG,2026-01-23 11:07:16.409000-05:00,SELL,2.55,2.5599999999999996,2.54,True,True,True
PLUG,2026-01-23 11:07:26.555000-05:00,BUY,2.54,2.55,2.57,True,True,True
PLUG,2026-01-23 11:07:47.361000-05:00,SELL,2.54,2.55,2.5300000000000002,True,True,True
PLUG,2026-01-23 11:07:57.519000-05:00,BUY,2.54,2.55,2.5599999999999996,True,True,True
PLUG,2026-01-23 11:08:38.609000-05:00,SELL,2.54,2.55,2.5300000000000002,True,True,True
PLUG,2026-01-23 11:08:48.756000-05:00,BUY,2.54,2.55,2.5599999999999996,True,True,True
PLUG,2026-01-23 11:09:09.582000-05:00,SELL,2.54,2.55,2.5300000000000002,True,True,True
PLUG,2026-01-23 11:09:19.723000-05:00,BUY,2.54,2.55,2.5599999999999996,True,True,True
PLUG,2026-01-23 11:09:40.519000-05:00,SELL,2.54,2.55,2.5300000000000002,True,True,True
PLUG,2026-01-23 11:09:50.673000-05:00,BUY,2.54,2.55,2.5599999999999996,True,True,True
PLUG,2026-01-23 11:10:21.644000-05:00,BUY,2.5300000000000002,2.54,2.55,True,True,True
PLUG,2026-01-23 11:10:31.790000-05:00,BUY,2.5300000000000002,2.54,2.55,True,True,True
PLUG,2026-01-23 11:10:41.931000-05:00,SELL,2.5300000000000002,2.54,2.52,True,True,True
PLUG,2026-01-23 11:10:52.074000-05:00,BUY,2.5300000000000002,2.54,2.55,True,True,True
PLUG,2026-01-23 11:11:23.045000-05:00,BUY,2.54,2.55,2.5599999999999996,True,True,True
PLUG,2026-01-23 11:11:33.275000-05:00,BUY,2.54,2.55,2.5599999999999996,True,True,True
PLUG,2026-01-23 11:11:43.527000-05:00,BUY,2.54,2.55,2.5599999999999996,True,True,True
PLUG,2026-01-23 11:11:53.714000-05:00,BUY,2.54,2.55,2.5599999999999996,True,True,True
PLUG,2026-01-23 11:12:55.221000-05:00,SELL,2.5300000000000002,2.54,2.52,True,True,True
PLUG,2026-01-23 11:13:05.397000-05:00,SELL,2.5300000000000002,2.54,2.52,True,True,True
PLUG,2026-01-23 11:13:16.142000-05:00,BUY,2.5300000000000002,2.54,2.55,True,True,True
PLUG,2026-01-23 11:13:26.266000-05:00,BUY,2.5300000000000002,2.54,2.55,True,True,True
PLUG,2026-01-23 11:13:57.168000-05:00,BUY,2.5300000000000002,2.54,2.55,True,True,True
PLUG,2026-01-23 11:14:07.310000-05:00,BUY,2.5300000000000002,2.54,2.55,True,True,True
PLUG,2026-01-23 11:15:08.683000-05:00,SELL,2.54,2.55,2.5300000000000002,True,True,True
PLUG,2026-01-23 11:15:18.833000-05:00,SELL,2.5300000000000002,2.54,2.5300000000000002,True,False,True
PLUG,2026-01-23 11:15:28.974000-05:00,SELL,2.5300000000000002,2.54,2.5300000000000002,True,False,True
PLUG,2026-01-23 11:15:39.116000-05:00,BUY,2.5300000000000002,2.54,2.5599999999999996,True,True,True
PLUG,2026-01-23 11:17:21.606000-05:00,BUY,2.54,2.55,2.5599999999999996,True,True,True
PLUG,2026-01-23 11:17:31.746000-05:00,BUY,2.54,2.55,2.5599999999999996,True,True,True
PLUG,2026-01-23 11:18:12.837000-05:00,SELL,2.54,2.55,2.5300000000000002,True,True,True
PLUG,2026-01-23 11:18:22.975000-05:00,SELL,2.54,2.55,2.5300000000000002,True,True,True
PLUG,2026-01-23 11:18:33.116000-05:00,SELL,2.54,2.55,2.5300000000000002,True,True,True
PLUG,2026-01-23 11:18:43.260000-05:00,BUY,2.54,2.55,2.5599999999999996,True,True,True
PLUG,2026-01-23 11:19:14.211000-05:00,BUY,2.5300000000000002,2.54,2.55,True,True,True
PLUG,2026-01-23 11:19:24.342000-05:00,BUY,2.5300000000000002,2.54,2.55,True,True,True
PLUG,2026-01-23 11:19:34.486000-05:00,BUY,2.5300000000000002,2.54,2.55,True,True,True
PLUG,2026-01-23 11:19:44.624000-05:00,BUY,2.5300000000000002,2.54,2.55,True,True,True
PLUG,2026-01-23 11:19:55.292000-05:00,SELL,2.5300000000000002,2.54,2.52,True,True,True
PLUG,2026-01-23 11:20:05.433000-05:00,BUY,2.5300000000000002,2.54,2.55,True,True,True
PLUG,2026-01-23 11:20:15.581000-05:00,BUY,2.5300000000000002,2.54,2.55,True,True,True
PLUG,2026-01-23 11:21:06.816000-05:00,BUY,2.5300000000000002,2.54,2.55,True,True,True
PLUG,2026-01-23 11:21:16.960000-05:00,BUY,2.5300000000000002,2.54,2.55,True,True,True
PLUG,2026-01-23 11:21:27.103000-05:00,BUY,2.5300000000000002,2.54,2.55,True,True,True
PLUG,2026-01-23 11:21:37.254000-05:00,BUY,2.5300000000000002,2.54,2.55,True,True,True
PLUG,2026-01-23 11:22:18.355000-05:00,BUY,2.5300000000000002,2.54,2.55,True,True,True
PLUG,2026-01-23 11:22:28.500000-05:00,BUY,2.54,2.55,2.55,True,True,False
PLUG,2026-01-23 11:23:09.593000-05:00,SELL,2.5300000000000002,2.54,2.52,True,True,True
PLUG,2026-01-23 11:23:19.745000-05:00,SELL,2.5300000000000002,2.54,2.52,True,True,True
PLUG,2026-01-23 11:23:29.894000-05:00,BUY,2.5300000000000002,2.54,2.55,True,True,True
PLUG,2026-01-23 11:23:40.038000-05:00,BUY,2.5300000000000002,2.54,2.55,True,True,True
PLUG,2026-01-23 11:24:10.999000-05:00,SELL,2.5300000000000002,2.54,2.52,True,True,True
PLUG,2026-01-23 11:24:21.146000-05:00,SELL,2.5300000000000002,2.54,2.52,True,True,True
PLUG,2026-01-23 11:24:31.296000-05:00,SELL,2.5300000000000002,2.54,2.52,True,True,True
PLUG,2026-01-23 11:24:41.438000-05:00,BUY,2.5300000000000002,2.54,2.55,True,True,True
PLUG,2026-01-23 11:25:32.684000-05:00,SELL,2.5300000000000002,2.54,2.52,True,True,True
PLUG,2026-01-23 11:25:42.831000-05:00,BUY,2.5300000000000002,2.54,2.55,True,True,True
PLUG,2026-01-23 11:26:44.199000-05:00,BUY,2.5300000000000002,2.54,2.55,True,True,True
PLUG,2026-01-23 11:26:54.352000-05:00,BUY,2.5300000000000002,2.54,2.55,True,True,True
PLUG,2026-01-23 11:27:15.147000-05:00,SELL,2.5300000000000002,2.54,2.52,True,True,True
PLUG,2026-01-23 11:27:25.293000-05:00,SELL,2.5300000000000002,2.54,2.52,True,True,True
PLUG,2026-01-23 11:27:35.441000-05:00,SELL,2.5300000000000002,2.54,2.52,True,True,True
PLUG,2026-01-23 11:27:45.582000-05:00,BUY,2.5300000000000002,2.54,2.55,True,True,True
PLUG,2026-01-23 11:28:26.679000-05:00,SELL,2.5300000000000002,2.54,2.52,True,True,True
PLUG,2026-01-23 11:28:36.822000-05:00,BUY,2.5300000000000002,2.54,2.55,True,True,True
PLUG,2026-01-23 11:29:28.065000-05:00,BUY,2.5300000000000002,2.54,2.55,True,True,True
PLUG,2026-01-23 11:29:38.207000-05:00,BUY,2.5300000000000002,2.54,2.55,True,True,True
PLUG,2026-01-23 11:29:48.354000-05:00,SELL,2.5300000000000002,2.54,2.52,True,True,True
PLUG,2026-01-23 11:29:58.494000-05:00,BUY,2.5300000000000002,2.54,2.55,True,True,True
PLUG,2026-01-23 11:30:39.598000-05:00,SELL,2.5300000000000002,2.54,2.52,True,True,True
PLUG,2026-01-23 11:30:49.760000-05:00,BUY,2.5300000000000002,2.54,2.55,True,True,True
PLUG,2026-01-23 11:31:20.711000-05:00,BUY,2.5300000000000002,2.54,2.55,True,True,True
PLUG,2026-01-23 11:31:30.871000-05:00,BUY,2.5300000000000002,2.54,2.55,True,True,True
PLUG,2026-01-23 11:31:41.012000-05:00,BUY,2.5300000000000002,2.54,2.55,True,True,True
PLUG,2026-01-23 11:32:42.617000-05:00,SELL,2.5300000000000002,2.54,2.52,True,True,True
PLUG,2026-01-23 11:32:53.017000-05:00,BUY,2.5300000000000002,2.54,2.55,True,True,True
PLUG,2026-01-23 11:33:23.986000-05:00,BUY,2.54,2.55,2.5599999999999996,True,True,True
PLUG,2026-01-23 11:33:34.123000-05:00,BUY,2.54,2.55,2.5599999999999996,True,True,True
PLUG,2026-01-23 11:33:44.269000-05:00,BUY,2.54,2.55,2.5599999999999996,True,True,True
PLUG,2026-01-23 11:33:54.417000-05:00,BUY,2.54,2.55,2.5599999999999996,True,True,True
PLUG,2026-01-23 11:34:55.774000-05:00,BUY,2.54,2.55,2.5599999999999996,True,True,True
PLUG,2026-01-23 11:35:26.720000-05:00,BUY,2.54,2.55,2.5599999999999996,True,True,True
PLUG,2026-01-23 11:36:17.975000-05:00,BUY,2.54,2.55,2.5599999999999996,True,True,True
PLUG,2026-01-23 11:36:28.119000-05:00,BUY,2.54,2.55,2.5599999999999996,True,True,True
PLUG,2026-01-23 11:36:38.255000-05:00,BUY,2.54,2.55,2.5599999999999996,True,True,True
PLUG,2026-01-23 11:37:39.651000-05:00,SELL,2.5300000000000002,2.54,2.52,True,True,True
PLUG,2026-01-23 11:37:49.794000-05:00,SELL,2.5300000000000002,2.54,2.52,True,True,True
PLUG,2026-01-23 11:37:59.949000-05:00,BUY,2.5300000000000002,2.54,2.55,True,True,True
PLUG,2026-01-23 11:40:33.554000-05:00,BUY,2.5300000000000002,2.54,2.55,True,True,True
PLUG,2026-01-23 11:41:24.763000-05:00,BUY,2.54,2.55,2.5599999999999996,True,True,True
PLUG,2026-01-23 11:41:34.895000-05:00,BUY,2.54,2.55,2.5599999999999996,True,True,True
PLUG,2026-01-23 11:41:45.032000-05:00,BUY,2.54,2.55,2.5599999999999996,True,True,True
PLUG,2026-01-23 11:41:55.179000-05:00,BUY,2.54,2.55,2.5599999999999996,True,True,True
PLUG,2026-01-23 11:45:00.729000-05:00,SELL,2.54,2.55,2.5300000000000002,True,True,True
PLUG,2026-01-23 11:45:10.882000-05:00,BUY,2.54,2.55,2.5599999999999996,True,True,True
PLUG,2026-01-23 11:45:41.819000-05:00,SELL,2.5300000000000002,2.54,2.52,True,True,True
PLUG,2026-01-23 11:45:51.961000-05:00,SELL,2.5300000000000002,2.54,2.52,True,True,True
PLUG,2026-01-23 11:46:02.092000-05:00,SELL,2.5300000000000002,2.54,2.52,True,True,True
PLUG,2026-01-23 11:46:12.227000-05:00,BUY,2.5300000000000002,2.54,2.55,True,True,True
PLUG,2026-01-23 11:46:53.277000-05:00,BUY,2.54,2.55,2.5599999999999996,True,True,True
PLUG,2026-01-23 11:47:04.430000-05:00,BUY,2.54,2.55,2.5599999999999996,True,True,True
PLUG,2026-01-23 11:47:14.569000-05:00,SELL,2.54,2.55,2.5300000000000002,True,True,True
PLUG,2026-01-23 11:47:24.704000-05:00,BUY,2.54,2.55,2.5599999999999996,True,True,True
PLUG,2026-01-23 11:49:09.157000-05:00,BUY,2.54,2.55,2.5599999999999996,True,True,True
PLUG,2026-01-23 11:49:19.288000-05:00,BUY,2.54,2.55,2.5599999999999996,True,True,True
PLUG,2026-01-23 11:49:29.411000-05:00,BUY,2.54,2.55,2.5599999999999996,True,True,True
PLUG,2026-01-23 11:49:39.567000-05:00,BUY,2.54,2.55,2.5599999999999996,True,True,True
PLUG,2026-01-23 11:50:10.494000-05:00,BUY,2.54,2.55,2.5599999999999996,True,True,True
PLUG,2026-01-23 11:50:20.622000-05:00,BUY,2.54,2.55,2.5599999999999996,True,True,True
PLUG,2026-01-23 11:50:51.555000-05:00,BUY,2.54,2.55,2.5599999999999996,True,True,True
PLUG,2026-01-23 11:51:01.705000-05:00,BUY,2.54,2.55,2.5599999999999996,True,True,True
PLUG,2026-01-23 11:51:32.625000-05:00,SELL,2.54,2.55,2.5300000000000002,True,True,True
PLUG,2026-01-23 11:51:42.758000-05:00,BUY,2.54,2.55,2.5599999999999996,True,True,True
PLUG,2026-01-23 11:51:52.909000-05:00,BUY,2.54,2.55,2.5599999999999996,True,True,True
PLUG,2026-01-23 11:53:14.410000-05:00,SELL,2.5300000000000002,2.54,2.52,True,True,True
PLUG,2026-01-23 11:53:24.529000-05:00,SELL,2.5300000000000002,2.54,2.52,True,True,True
PLUG,2026-01-23 11:53:34.652000-05:00,BUY,2.5300000000000002,2.54,2.55,True,True,True
PLUG,2026-01-23 11:54:15.650000-05:00,SELL,2.52,2.53,2.5100000000000002,True,True,True
PLUG,2026-01-23 11:54:25.777000-05:00,BUY,2.52,2.53,2.5399999999999996,True,True,True
PLUG,2026-01-23 11:54:46.514000-05:00,SELL,2.52,2.53,2.5100000000000002,True,True,True
PLUG,2026-01-23 11:54:56.635000-05:00,BUY,2.52,2.53,2.5399999999999996,True,True,True
PLUG,2026-01-23 11:55:17.389000-05:00,BUY,2.52,2.53,2.5399999999999996,True,True,True
PLUG,2026-01-23 11:55:27.501000-05:00,BUY,2.52,2.53,2.5399999999999996,True,True,True
PLUG,2026-01-23 11:55:37.618000-05:00,BUY,2.52,2.53,2.5399999999999996,True,True,True
PLUG,2026-01-23 11:56:48.954000-05:00,SELL,2.5300000000000002,2.54,2.52,True,True,True
PLUG,2026-01-23 11:56:59.077000-05:00,SELL,2.5300000000000002,2.54,2.52,True,True,True
PLUG,2026-01-23 11:57:09.189000-05:00,SELL,2.5300000000000002,2.54,2.52,True,True,True
PLUG,2026-01-23 11:57:19.309000-05:00,BUY,2.5300000000000002,2.54,2.55,True,True,True
PLUG,2026-01-23 11:58:20.572000-05:00,SELL,2.5300000000000002,2.54,2.52,True,True,True
PLUG,2026-01-23 11:58:30.689000-05:00,BUY,2.5300000000000002,2.54,2.55,True,True,True
PLUG,2026-01-23 11:59:21.778000-05:00,SELL,2.5300000000000002,2.54,2.52,True,True,True
PLUG,2026-01-23 11:59:31.889000-05:00,BUY,2.5300000000000002,2.54,2.55,True,True,True
PLUG,2026-01-23 12:00:43.509000-05:00,BUY,2.52,2.53,2.5399999999999996,True,True,True
PLUG,2026-01-23 12:00:53.622000-05:00,SELL,2.52,2.53,2.5100000000000002,True,True,True
PLUG,2026-01-23 12:01:03.939000-05:00,BUY,2.52,2.53,2.5399999999999996,True,True,True
PLUG,2026-01-23 12:01:34.805000-05:00,BUY,2.52,2.53,2.5399999999999996,True,True,True
PLUG,2026-01-23 12:01:44.918000-05:00,BUY,2.52,2.53,2.5399999999999996,True,True,True
PLUG,2026-01-23 12:01:55.046000-05:00,BUY,2.52,2.53,2.5399999999999996,True,True,True
PLUG,2026-01-23 12:02:05.171000-05:00,BUY,2.52,2.53,2.5399999999999996,True,True,True
PLUG,2026-01-23 12:02:25.919000-05:00,SELL,2.51,2.5199999999999996,2.5,True,True,True
PLUG,2026-01-23 12:02:36.031000-05:00,SELL,2.51,2.5199999999999996,2.5,True,True,True
PLUG,2026-01-23 12:02:46.149000-05:00,SELL,2.51,2.5199999999999996,2.5,True,True,True
PLUG,2026-01-23 12:02:56.263000-05:00,BUY,2.51,2.5199999999999996,2.53,True,True,True
PLUG,2026-01-23 12:03:17.024000-05:00,BUY,2.51,2.5199999999999996,2.53,True,True,True
PLUG,2026-01-23 12:03:27.143000-05:00,BUY,2.51,2.5199999999999996,2.53,True,True,True
PLUG,2026-01-23 12:03:37.255000-05:00,BUY,2.51,2.5199999999999996,2.53,True,True,True
PLUG,2026-01-23 12:03:47.370000-05:00,BUY,2.52,2.53,2.53,True,True,False
PLUG,2026-01-23 12:03:57.998000-05:00,SELL,2.52,2.53,2.5100000000000002,True,True,True
PLUG,2026-01-23 12:04:08.111000-05:00,SELL,2.52,2.53,2.5100000000000002,True,True,True
PLUG,2026-01-23 12:04:18.229000-05:00,BUY,2.52,2.53,2.5399999999999996,True,True,True
PLUG,2026-01-23 12:05:09.346000-05:00,SELL,2.52,2.53,2.5100000000000002,True,True,True
PLUG,2026-01-23 12:05:19.461000-05:00,SELL,2.52,2.53,2.5100000000000002,True,True,True
PLUG,2026-01-23 12:05:29.580000-05:00,SELL,2.52,2.53,2.5100000000000002,True,True,True
PLUG,2026-01-23 12:05:39.690000-05:00,BUY,2.52,2.53,2.5399999999999996,True,True,True
PLUG,2026-01-23 12:06:40.918000-05:00,BUY,2.52,2.53,2.5399999999999996,True,True,True
PLUG,2026-01-23 12:06:51.028000-05:00,SELL,2.52,2.53,2.5100000000000002,True,True,True
PLUG,2026-01-23 12:07:01.149000-05:00,BUY,2.52,2.53,2.5399999999999996,True,True,True
PLUG,2026-01-23 12:07:52.281000-05:00,SELL,2.52,2.53,2.5100000000000002,True,True,True
PLUG,2026-01-23 12:08:02.392000-05:00,BUY,2.52,2.53,2.5399999999999996,True,True,True
PLUG,2026-01-23 12:08:53.495000-05:00,BUY,2.52,2.53,2.5399999999999996,True,True,True
PLUG,2026-01-23 12:09:03.626000-05:00,BUY,2.52,2.53,2.5399999999999996,True,True,True
PLUG,2026-01-23 12:09:24.369000-05:00,SELL,2.52,2.53,2.5100000000000002,True,True,True
PLUG,2026-01-23 12:09:34.485000-05:00,SELL,2.52,2.53,2.5100000000000002,True,True,True
PLUG,2026-01-23 12:09:44.592000-05:00,SELL,2.52,2.53,2.5100000000000002,True,True,True
PLUG,2026-01-23 12:09:54.714000-05:00,BUY,2.52,2.53,2.5399999999999996,True,True,True
PLUG,2026-01-23 12:10:25.588000-05:00,BUY,2.52,2.53,2.5399999999999996,True,True,True
PLUG,2026-01-23 12:10:35.710000-05:00,BUY,2.52,2.53,2.5399999999999996,True,True,True
PLUG,2026-01-23 12:10:45.823000-05:00,BUY,2.52,2.53,2.5399999999999996,True,True,True
PLUG,2026-01-23 12:11:36.922000-05:00,BUY,2.52,2.53,2.5399999999999996,True,True,True
PLUG,2026-01-23 12:11:47.044000-05:00,BUY,2.52,2.53,2.5399999999999996,True,True,True
PLUG,2026-01-23 12:11:57.161000-05:00,BUY,2.52,2.53,2.5399999999999996,True,True,True
PLUG,2026-01-23 12:12:38.171000-05:00,BUY,2.52,2.53,2.5399999999999996,True,True,True
PLUG,2026-01-23 12:12:48.286000-05:00,BUY,2.52,2.53,2.5399999999999996,True,True,True
PLUG,2026-01-23 12:13:49.555000-05:00,BUY,2.52,2.53,2.5399999999999996,True,True,True
PLUG,2026-01-23 12:13:59.694000-05:00,BUY,2.52,2.53,2.5399999999999996,True,True,True
PLUG,2026-01-23 12:14:09.809000-05:00,BUY,2.52,2.53,2.5399999999999996,True,True,True
PLUG,2026-01-23 12:14:19.929000-05:00,BUY,2.52,2.53,2.5399999999999996,True,True,True
PLUG,2026-01-23 12:15:21.134000-05:00,BUY,2.52,2.53,2.5399999999999996,True,True,True
PLUG,2026-01-23 12:15:31.256000-05:00,BUY,2.52,2.53,2.5399999999999996,True,True,True
PLUG,2026-01-23 12:15:52.002000-05:00,BUY,2.52,2.53,2.5399999999999996,True,True,True
PLUG,2026-01-23 12:16:02.111000-05:00,BUY,2.52,2.53,2.5399999999999996,True,True,True
PLUG,2026-01-23 12:17:03.332000-05:00,BUY,2.52,2.53,2.5399999999999996,True,True,True
PLUG,2026-01-23 12:17:13.465000-05:00,BUY,2.52,2.53,2.5399999999999996,True,True,True
PLUG,2026-01-23 12:17:34.224000-05:00,BUY,2.52,2.53,2.5399999999999996,True,True,True
PLUG,2026-01-23 12:17:44.360000-05:00,BUY,2.5300000000000002,2.54,2.5399999999999996,False,True,False
PLUG,2026-01-23 12:17:54.485000-05:00,BUY,2.5300000000000002,2.54,2.5399999999999996,False,True,False
PLUG,2026-01-23 12:18:25.373000-05:00,SELL,2.5300000000000002,2.54,2.52,True,True,True
PLUG,2026-01-23 12:18:35.508000-05:00,SELL,2.5300000000000002,2.54,2.52,True,True,True
PLUG,2026-01-23 12:18:45.625000-05:00,BUY,2.5300000000000002,2.54,2.55,True,True,True
PLUG,2026-01-23 12:18:56.255000-05:00,SELL,2.5300000000000002,2.54,2.52,True,True,True
PLUG,2026-01-23 12:19:06.376000-05:00,SELL,2.5300000000000002,2.54,2.52,True,True,True
PLUG,2026-01-23 12:19:16.492000-05:00,BUY,2.5300000000000002,2.54,2.55,True,True,True
PLUG,2026-01-23 12:19:57.500000-05:00,SELL,2.5300000000000002,2.54,2.52,True,True,True
PLUG,2026-01-23 12:20:07.618000-05:00,BUY,2.5300000000000002,2.54,2.55,True,True,True
PLUG,2026-01-23 12:20:48.603000-05:00,SELL,2.5300000000000002,2.54,2.52,True,True,True
PLUG,2026-01-23 12:20:58.721000-05:00,BUY,2.5300000000000002,2.54,2.55,True,True,True
PLUG,2026-01-23 12:21:39.715000-05:00,BUY,2.5300000000000002,2.54,2.55,True,True,True
PLUG,2026-01-23 12:21:49.835000-05:00,BUY,2.5300000000000002,2.54,2.55,True,True,True
PLUG,2026-01-23 12:21:59.960000-05:00,BUY,2.5300000000000002,2.54,2.55,True,True,True
PLUG,2026-01-23 12:22:10.077000-05:00,BUY,2.5300000000000002,2.54,2.55,True,True,True
PLUG,2026-01-23 12:22:30.825000-05:00,BUY,2.5300000000000002,2.54,2.55,True,True,True
PLUG,2026-01-23 12:22:40.942000-05:00,BUY,2.54,2.55,2.55,True,True,False
PLUG,2026-01-23 12:22:51.054000-05:00,BUY,2.54,2.55,2.55,True,True,False
PLUG,2026-01-23 12:23:21.926000-05:00,BUY,2.54,2.55,2.5599999999999996,True,True,True
PLUG,2026-01-23 12:23:32.035000-05:00,BUY,2.54,2.55,2.5599999999999996,True,True,True
PLUG,2026-01-23 12:23:42.152000-05:00,BUY,2.54,2.55,2.5599999999999996,True,True,True
PLUG,2026-01-23 12:25:03.624000-05:00,BUY,2.54,2.55,2.5599999999999996,True,True,True
PLUG,2026-01-23 12:25:13.749000-05:00,BUY,2.54,2.55,2.5599999999999996,True,True,True
PLUG,2026-01-23 12:25:54.712000-05:00,BUY,2.54,2.55,2.5599999999999996,True,True,True
PLUG,2026-01-23 12:26:04.850000-05:00,BUY,2.54,2.55,2.5599999999999996,True,True,True
PLUG,2026-01-23 12:27:06.057000-05:00,SELL,2.55,2.5599999999999996,2.54,True,True,True
PLUG,2026-01-23 12:27:16.165000-05:00,SELL,2.55,2.5599999999999996,2.54,True,True,True
PLUG,2026-01-23 12:27:26.281000-05:00,SELL,2.54,2.55,2.54,True,False,True
PLUG,2026-01-23 12:27:36.396000-05:00,BUY,2.54,2.55,2.57,True,True,True
PLUG,2026-01-23 12:28:37.612000-05:00,BUY,2.55,2.5599999999999996,2.57,True,True,True
PLUG,2026-01-23 12:28:47.719000-05:00,BUY,2.55,2.5599999999999996,2.57,True,True,True
PLUG,2026-01-23 12:28:57.824000-05:00,BUY,2.55,2.5599999999999996,2.57,True,True,True
PLUG,2026-01-23 12:29:07.955000-05:00,BUY,2.55,2.5599999999999996,2.57,True,True,True
PLUG,2026-01-23 12:30:09.156000-05:00,SELL,2.56,2.57,2.5500000000000003,True,True,True
PLUG,2026-01-23 12:30:19.274000-05:00,SELL,2.56,2.57,2.5500000000000003,True,True,True
PLUG,2026-01-23 12:30:29.379000-05:00,SELL,2.56,2.57,2.5500000000000003,True,True,True
PLUG,2026-01-23 12:30:39.494000-05:00,BUY,2.55,2.5599999999999996,2.5799999999999996,True,True,True
PLUG,2026-01-23 12:31:20.460000-05:00,BUY,2.55,2.5599999999999996,2.57,True,True,True
PLUG,2026-01-23 12:31:30.584000-05:00,BUY,2.55,2.5599999999999996,2.57,True,True,True
PLUG,2026-01-23 12:34:34.925000-05:00,SELL,2.54,2.55,2.5300000000000002,True,True,True
PLUG,2026-01-23 12:34:45.034000-05:00,SELL,2.54,2.55,2.5300000000000002,True,True,True
PLUG,2026-01-23 12:34:55.148000-05:00,SELL,2.54,2.55,2.5300000000000002,True,True,True
PLUG,2026-01-23 12:35:05.264000-05:00,BUY,2.54,2.55,2.5599999999999996,True,True,True
PLUG,2026-01-23 12:35:26.029000-05:00,SELL,2.54,2.55,2.5300000000000002,True,True,True
PLUG,2026-01-23 12:35:36.144000-05:00,SELL,2.54,2.55,2.5300000000000002,True,True,True
PLUG,2026-01-23 12:35:46.256000-05:00,BUY,2.54,2.55,2.5599999999999996,True,True,True
PLUG,2026-01-23 12:36:27.213000-05:00,BUY,2.5300000000000002,2.54,2.55,True,True,True
PLUG,2026-01-23 12:36:37.324000-05:00,SELL,2.5300000000000002,2.54,2.52,True,True,True
PLUG,2026-01-23 12:36:47.438000-05:00,BUY,2.5300000000000002,2.54,2.55,True,True,True
PLUG,2026-01-23 12:37:48.607000-05:00,SELL,2.5300000000000002,2.54,2.52,True,True,True
PLUG,2026-01-23 12:37:58.721000-05:00,BUY,2.5300000000000002,2.54,2.55,True,True,True
PLUG,2026-01-23 12:38:19.476000-05:00,SELL,2.5300000000000002,2.54,2.52,True,True,True
PLUG,2026-01-23 12:38:29.587000-05:00,SELL,2.5300000000000002,2.54,2.52,True,True,True
PLUG,2026-01-23 12:38:39.694000-05:00,BUY,2.5300000000000002,2.54,2.55,True,True,True
PLUG,2026-01-23 12:39:20.657000-05:00,BUY,2.52,2.53,2.5399999999999996,True,True,True
PLUG,2026-01-23 12:39:30.768000-05:00,BUY,2.51,2.5199999999999996,2.5399999999999996,True,True,True
PLUG,2026-01-23 12:39:40.888000-05:00,BUY,2.51,2.5199999999999996,2.5399999999999996,True,True,True
PLUG,2026-01-23 12:40:52.187000-05:00,BUY,2.51,2.5199999999999996,2.53,True,True,True
PLUG,2026-01-23 12:41:02.292000-05:00,BUY,2.51,2.5199999999999996,2.53,True,True,True
PLUG,2026-01-23 12:41:12.405000-05:00,BUY,2.51,2.5199999999999996,2.53,True,True,True
PLUG,2026-01-23 12:41:22.522000-05:00,BUY,2.51,2.5199999999999996,2.53,True,True,True
PLUG,2026-01-23 12:41:53.364000-05:00,SELL,2.52,2.53,2.5100000000000002,True,True,True
PLUG,2026-01-23 12:42:03.479000-05:00,BUY,2.52,2.53,2.5399999999999996,True,True,True
PLUG,2026-01-23 12:42:13.589000-05:00,BUY,2.52,2.53,2.5399999999999996,True,True,True
PLUG,2026-01-23 12:43:04.697000-05:00,BUY,2.52,2.53,2.5399999999999996,True,True,True
PLUG,2026-01-23 12:43:14.811000-05:00,BUY,2.52,2.53,2.5399999999999996,True,True,True
PLUG,2026-01-23 12:43:24.917000-05:00,BUY,2.52,2.53,2.5399999999999996,True,True,True
PLUG,2026-01-23 12:43:35.570000-05:00,BUY,2.52,2.53,2.5399999999999996,True,True,True
PLUG,2026-01-23 12:43:45.698000-05:00,BUY,2.52,2.53,2.5399999999999996,True,True,True
PLUG,2026-01-23 12:44:57.089000-05:00,BUY,2.51,2.5199999999999996,2.53,True,True,True
PLUG,2026-01-23 12:45:07.219000-05:00,BUY,2.51,2.5199999999999996,2.53,True,True,True
PLUG,2026-01-23 12:45:17.339000-05:00,BUY,2.51,2.5199999999999996,2.53,True,True,True
PLUG,2026-01-23 12:45:27.445000-05:00,BUY,2.51,2.5199999999999996,2.53,True,True,True
PLUG,2026-01-23 12:46:28.688000-05:00,SELL,2.52,2.53,2.5100000000000002,True,True,True
PLUG,2026-01-23 12:46:38.796000-05:00,SELL,2.51,2.5199999999999996,2.5100000000000002,False,False,True
PLUG,2026-01-23 12:46:48.914000-05:00,BUY,2.51,2.5199999999999996,2.5399999999999996,True,True,True
PLUG,2026-01-23 12:46:59.024000-05:00,BUY,2.51,2.5199999999999996,2.5399999999999996,True,True,True
PLUG,2026-01-23 12:48:00.273000-05:00,BUY,2.51,2.5199999999999996,2.53,True,True,True
PLUG,2026-01-23 12:48:10.389000-05:00,BUY,2.51,2.5199999999999996,2.53,True,True,True
PLUG,2026-01-23 12:48:20.506000-05:00,BUY,2.5200000000000005,2.54,2.53,False,False,False
PLUG,2026-01-23 12:48:30.617000-05:00,BUY,2.52,2.53,2.53,True,True,False
PLUG,2026-01-23 12:49:01.552000-05:00,SELL,2.52,2.53,2.5100000000000002,True,True,True
PLUG,2026-01-23 12:49:11.680000-05:00,SELL,2.52,2.53,2.5100000000000002,True,True,True
PLUG,2026-01-23 12:49:21.796000-05:00,BUY,2.52,2.53,2.5399999999999996,True,True,True
PLUG,2026-01-23 12:49:31.926000-05:00,BUY,2.52,2.53,2.5399999999999996,True,True,True
PLUG,2026-01-23 12:50:23.049000-05:00,SELL,2.52,2.53,2.5100000000000002,True,True,True
PLUG,2026-01-23 12:50:33.178000-05:00,SELL,2.52,2.53,2.5100000000000002,True,True,True
PLUG,2026-01-23 12:50:43.309000-05:00,SELL,2.52,2.53,2.5100000000000002,True,True,True
PLUG,2026-01-23 12:50:53.436000-05:00,BUY,2.52,2.53,2.5399999999999996,True,True,True
PLUG,2026-01-23 12:51:04.075000-05:00,SELL,2.52,2.53,2.5100000000000002,True,True,True
PLUG,2026-01-23 12:51:14.224000-05:00,SELL,2.52,2.53,2.5100000000000002,True,True,True
PLUG,2026-01-23 12:51:24.345000-05:00,SELL,2.52,2.53,2.5100000000000002,True,True,True
PLUG,2026-01-23 12:51:34.477000-05:00,BUY,2.52,2.53,2.5399999999999996,True,True,True
PLUG,2026-01-23 12:52:25.597000-05:00,BUY,2.51,2.5299999999999994,2.5399999999999996,True,True,True
PLUG,2026-01-23 12:52:35.728000-05:00,BUY,2.51,2.5199999999999996,2.5399999999999996,True,True,True
PLUG,2026-01-23 12:52:45.859000-05:00,BUY,2.51,2.5199999999999996,2.5399999999999996,True,True,True
PLUG,2026-01-23 12:53:57.282000-05:00,BUY,2.52,2.53,2.5399999999999996,True,True,True
PLUG,2026-01-23 12:54:07.422000-05:00,BUY,2.52,2.53,2.5399999999999996,True,True,True
PLUG,2026-01-23 12:54:17.561000-05:00,BUY,2.52,2.53,2.5399999999999996,True,True,True
PLUG,2026-01-23 12:54:27.680000-05:00,BUY,2.52,2.53,2.5399999999999996,True,True,True
PLUG,2026-01-23 12:55:39.082000-05:00,SELL,2.52,2.53,2.5100000000000002,True,True,True
PLUG,2026-01-23 12:55:49.193000-05:00,SELL,2.52,2.53,2.5100000000000002,True,True,True
PLUG,2026-01-23 12:55:59.314000-05:00,BUY,2.52,2.53,2.5399999999999996,True,True,True
PLUG,2026-01-23 12:57:20.718000-05:00,SELL,2.51,2.5199999999999996,2.5,True,True,True
PLUG,2026-01-23 12:57:30.835000-05:00,SELL,2.51,2.5199999999999996,2.5,True,True,True
PLUG,2026-01-23 12:57:40.946000-05:00,SELL,2.51,2.5199999999999996,2.5,True,True,True
PLUG,2026-01-23 12:57:51.063000-05:00,BUY,2.51,2.5199999999999996,2.53,True,True,True
PLUG,2026-01-23 12:58:32.043000-05:00,SELL,2.51,2.5199999999999996,2.5,True,True,True
PLUG,2026-01-23 12:58:42.155000-05:00,BUY,2.51,2.5199999999999996,2.53,True,True,True
PLUG,2026-01-23 12:59:02.899000-05:00,SELL,2.51,2.5199999999999996,2.5,True,True,True
PLUG,2026-01-23 12:59:13.018000-05:00,BUY,2.51,2.5199999999999996,2.53,True,True,True
PLUG,2026-01-23 12:59:53.986000-05:00,BUY,2.51,2.5199999999999996,2.53,True,True,True
PLUG,2026-01-23 13:00:04.101000-05:00,BUY,2.51,2.5199999999999996,2.53,True,True,True
PLUG,2026-01-23 13:00:14.216000-05:00,BUY,2.51,2.5199999999999996,2.53,True,True,True
PLUG,2026-01-23 13:01:45.745000-05:00,BUY,2.51,2.5199999999999996,2.53,True,True,True
PLUG,2026-01-23 13:01:55.861000-05:00,BUY,2.51,2.5199999999999996,2.53,True,True,True
PLUG,2026-01-23 13:02:05.974000-05:00,BUY,2.51,2.5199999999999996,2.53,True,True,True
PLUG,2026-01-23 13:03:07.162000-05:00,BUY,2.5,2.51,2.5199999999999996,True,True,True
PLUG,2026-01-23 13:03:17.279000-05:00,BUY,2.5,2.51,2.5199999999999996,True,True,True
PLUG,2026-01-23 13:04:18.461000-05:00,SELL,2.51,2.5199999999999996,2.5,True,True,True
PLUG,2026-01-23 13:04:28.569000-05:00,SELL,2.51,2.5199999999999996,2.5,True,True,True
PLUG,2026-01-23 13:04:38.676000-05:00,SELL,2.51,2.5199999999999996,2.5,True,True,True
PLUG,2026-01-23 13:04:48.793000-05:00,BUY,2.51,2.5199999999999996,2.53,True,True,True
PLUG,2026-01-23 13:05:19.531000-05:00,SELL,2.51,2.5199999999999996,2.5,True,True,True
PLUG,2026-01-23 13:05:20.553000-05:00,SELL,2.51,2.5199999999999996,2.5,True,True,True
PLUG,2026-01-23 13:05:21.550000-05:00,SELL,2.51,2.5199999999999996,2.5,True,True,True
PLUG,2026-01-23 13:05:22.570000-05:00,BUY,2.51,2.5199999999999996,2.53,True,True,True
PLUG,2026-01-23 13:05:26.087000-05:00,SELL,2.51,2.5199999999999996,2.5,True,True,True
PLUG,2026-01-23 13:05:27.057000-05:00,SELL,2.51,2.5199999999999996,2.5,True,True,True
PLUG,2026-01-23 13:05:28.059000-05:00,SELL,2.51,2.5199999999999996,2.5,True,True,True
PLUG,2026-01-23 13:05:32.553000-05:00,SELL,2.51,2.5199999999999996,2.5,True,True,True
PLUG,2026-01-23 13:05:33.554000-05:00,SELL,2.51,2.5199999999999996,2.5,True,True,True
PLUG,2026-01-23 13:05:38.124000-05:00,SELL,2.51,2.5199999999999996,2.5,True,True,True
PLUG,2026-01-23 13:05:39.129000-05:00,SELL,2.51,2.5199999999999996,2.5,True,True,True
PLUG,2026-01-23 13:05:45.633000-05:00,SELL,2.51,2.5199999999999996,2.5,True,True,True
PLUG,2026-01-23 13:05:46.607000-05:00,SELL,2.51,2.5199999999999996,2.5,True,True,True
PLUG,2026-01-23 13:05:53.077000-05:00,SELL,2.51,2.5199999999999996,2.5,True,True,True
PLUG,2026-01-23 13:05:54.039000-05:00,SELL,2.51,2.5199999999999996,2.5,True,True,True
PLUG,2026-01-23 13:05:55.043000-05:00,BUY,2.51,2.5199999999999996,2.53,True,True,True
PLUG,2026-01-23 13:06:00.554000-05:00,SELL,2.51,2.5199999999999996,2.5,True,True,True
PLUG,2026-01-23 13:06:05.079000-05:00,SELL,2.51,2.5199999999999996,2.5,True,True,True
PLUG,2026-01-23 13:06:06.068000-05:00,SELL,2.51,2.5199999999999996,2.5,True,True,True
PLUG,2026-01-23 13:06:11.633000-05:00,SELL,2.51,2.5199999999999996,2.5,True,True,True
PLUG,2026-01-23 13:06:16.128000-05:00,BUY,2.51,2.5199999999999996,2.53,True,True,True
PLUG,2026-01-23 13:06:17.164000-05:00,SELL,2.51,2.5199999999999996,2.5,True,True,True
PLUG,2026-01-23 13:06:21.667000-05:00,SELL,2.51,2.5199999999999996,2.5,True,True,True
PLUG,2026-01-23 13:06:26.129000-05:00,SELL,2.51,2.5199999999999996,2.5,True,True,True
PLUG,2026-01-23 13:06:27.137000-05:00,BUY,2.51,2.5199999999999996,2.53,True,True,True
PLUG,2026-01-23 13:06:31.637000-05:00,SELL,2.51,2.5199999999999996,2.5,True,True,True
PLUG,2026-01-23 13:06:32.647000-05:00,SELL,2.51,2.5199999999999996,2.5,True,True,True
PLUG,2026-01-23 13:06:36.208000-05:00,SELL,2.51,2.5199999999999996,2.5,True,True,True
PLUG,2026-01-23 13:06:37.198000-05:00,SELL,2.51,2.5199999999999996,2.5,True,True,True
PLUG,2026-01-23 13:06:40.765000-05:00,SELL,2.51,2.5199999999999996,2.5,True,True,True
PLUG,2026-01-23 13:06:44.277000-05:00,SELL,2.51,2.5199999999999996,2.5,True,True,True
PLUG,2026-01-23 13:06:48.753000-05:00,BUY,2.51,2.5199999999999996,2.53,True,True,True
PLUG,2026-01-23 13:06:49.752000-05:00,SELL,2.51,2.5199999999999996,2.5,True,True,True
PLUG,2026-01-23 13:06:52.253000-05:00,SELL,2.51,2.5199999999999996,2.5,True,True,True
PLUG,2026-01-23 13:06:57.784000-05:00,BUY,2.51,2.5199999999999996,2.53,True,True,True
PLUG,2026-01-23 13:06:58.808000-05:00,BUY,2.51,2.5199999999999996,2.53,True,True,True
PLUG,2026-01-23 13:06:59.810000-05:00,SELL,2.51,2.5199999999999996,2.5,True,True,True
PLUG,2026-01-23 13:07:00.832000-05:00,BUY,2.51,2.5199999999999996,2.53,True,True,True
PLUG,2026-01-23 13:07:04.473000-05:00,SELL,2.51,2.5199999999999996,2.5,True,True,True
PLUG,2026-01-23 13:07:05.488000-05:00,SELL,2.51,2.5199999999999996,2.5,True,True,True
PLUG,2026-01-23 13:07:10.034000-05:00,SELL,2.51,2.5199999999999996,2.5,True,True,True
PLUG,2026-01-23 13:07:12.566000-05:00,BUY,2.51,2.5199999999999996,2.53,True,True,True
PLUG,2026-01-23 13:07:13.573000-05:00,BUY,2.51,2.5199999999999996,2.53,True,True,True
PLUG,2026-01-23 13:07:14.567000-05:00,SELL,2.51,2.5199999999999996,2.5,True,True,True
PLUG,2026-01-23 13:07:18.156000-05:00,SELL,2.51,2.5199999999999996,2.5,True,True,True
PLUG,2026-01-23 13:07:19.155000-05:00,SELL,2.51,2.5199999999999996,2.5,True,True,True
PLUG,2026-01-23 13:07:22.764000-05:00,BUY,2.51,2.5199999999999996,2.53,True,True,True
PLUG,2026-01-23 13:07:23.758000-05:00,BUY,2.51,2.5199999999999996,2.53,True,True,True
PLUG,2026-01-23 13:07:27.329000-05:00,BUY,2.51,2.5199999999999996,2.53,True,True,True
PLUG,2026-01-23 13:07:28.363000-05:00,SELL,2.51,2.5199999999999996,2.5,True,True,True
PLUG,2026-01-23 13:07:30.943000-05:00,BUY,2.51,2.5199999999999996,2.53,True,True,True
PLUG,2026-01-23 13:07:31.937000-05:00,SELL,2.51,2.5199999999999996,2.5,True,True,True
PLUG,2026-01-23 13:07:32.958000-05:00,BUY,2.51,2.5199999999999996,2.53,True,True,True
PLUG,2026-01-23 13:07:35.444000-05:00,SELL,2.51,2.5199999999999996,2.5,True,True,True
PLUG,2026-01-23 13:07:38.968000-05:00,BUY,2.51,2.5199999999999996,2.53,True,True,True
PLUG,2026-01-23 13:07:39.975000-05:00,SELL,2.51,2.5199999999999996,2.5,True,True,True
PLUG,2026-01-23 13:07:41.016000-05:00,SELL,2.51,2.5199999999999996,2.5,True,True,True
PLUG,2026-01-23 13:07:42.550000-05:00,BUY,2.51,2.5199999999999996,2.53,True,True,True
PLUG,2026-01-23 13:07:43.574000-05:00,SELL,2.51,2.5199999999999996,2.5,True,True,True
PLUG,2026-01-23 13:07:48.117000-05:00,SELL,2.51,2.5199999999999996,2.5,True,True,True
PLUG,2026-01-23 13:07:49.171000-05:00,SELL,2.51,2.5199999999999996,2.5,True,True,True
PLUG,2026-01-23 13:07:50.681000-05:00,SELL,2.51,2.5199999999999996,2.5,True,True,True
PLUG,2026-01-23 13:07:54.231000-05:00,SELL,2.51,2.5199999999999996,2.5,True,True,True
PLUG,2026-01-23 13:07:55.234000-05:00,SELL,2.51,2.5199999999999996,2.5,True,True,True
PLUG,2026-01-23 13:07:56.226000-05:00,SELL,2.51,2.5199999999999996,2.5,True,True,True
PLUG,2026-01-23 13:08:01.174000-05:00,SELL,2.51,2.5199999999999996,2.5,True,True,True
PLUG,2026-01-23 13:08:02.183000-05:00,SELL,2.51,2.5199999999999996,2.5,True,True,True
PLUG,2026-01-23 13:08:03.181000-05:00,SELL,2.51,2.5199999999999996,2.5,True,True,True
PLUG,2026-01-23 13:08:04.252000-05:00,BUY,2.51,2.5199999999999996,2.53,True,True,True
PLUG,2026-01-23 13:08:08.870000-05:00,BUY,2.51,2.5199999999999996,2.53,True,True,True
PLUG,2026-01-23 13:08:09.895000-05:00,SELL,2.51,2.5199999999999996,2.5,True,True,True
PLUG,2026-01-23 13:08:13.394000-05:00,BUY,2.51,2.5199999999999996,2.53,True,True,True
PLUG,2026-01-23 13:08:14.401000-05:00,SELL,2.51,2.5199999999999996,2.5,True,True,True
PLUG,2026-01-23 13:08:16.928000-05:00,BUY,2.51,2.5199999999999996,2.53,True,True,True
PLUG,2026-01-23 13:08:17.961000-05:00,SELL,2.51,2.5199999999999996,2.5,True,True,True
PLUG,2026-01-23 13:08:31.198000-05:00,BUY,2.51,2.5199999999999996,2.53,True,True,True
PLUG,2026-01-23 13:08:41.319000-05:00,SELL,2.51,2.5199999999999996,2.5,True,True,True
PLUG,2026-01-23 13:08:51.435000-05:00,BUY,2.51,2.5199999999999996,2.53,True,True,True
PLUG,2026-01-23 13:09:12.184000-05:00,BUY,2.51,2.5199999999999996,2.53,True,True,True
PLUG,2026-01-23 13:09:22.312000-05:00,BUY,2.51,2.5199999999999996,2.53,True,True,True
PLUG,2026-01-23 13:09:32.434000-05:00,BUY,2.52,2.53,2.53,True,True,False
PLUG,2026-01-23 13:09:42.556000-05:00,BUY,2.52,2.53,2.53,True,True,False
PLUG,2026-01-23 13:10:03.307000-05:00,SELL,2.52,2.53,2.5100000000000002,True,True,True
PLUG,2026-01-23 13:10:13.428000-05:00,BUY,2.52,2.53,2.5399999999999996,True,True,True
PLUG,2026-01-23 13:10:23.554000-05:00,BUY,2.52,2.53,2.5399999999999996,True,True,True
PLUG,2026-01-23 13:11:04.572000-05:00,BUY,2.51,2.5199999999999996,2.53,True,True,True
PLUG,2026-01-23 13:11:14.693000-05:00,BUY,2.51,2.5199999999999996,2.53,True,True,True
PLUG,2026-01-23 13:11:24.814000-05:00,BUY,2.51,2.5199999999999996,2.53,True,True,True
PLUG,2026-01-23 13:12:36.169000-05:00,SELL,2.51,2.5199999999999996,2.5,True,True,True
PLUG,2026-01-23 13:12:46.284000-05:00,SELL,2.51,2.5199999999999996,2.5,True,True,True
PLUG,2026-01-23 13:12:56.405000-05:00,SELL,2.51,2.5199999999999996,2.5,True,True,True
PLUG,2026-01-23 13:13:06.523000-05:00,BUY,2.51,2.5199999999999996,2.53,True,True,True
PLUG,2026-01-23 13:13:57.648000-05:00,BUY,2.51,2.5199999999999996,2.53,True,True,True
PLUG,2026-01-23 13:14:07.771000-05:00,BUY,2.51,2.5199999999999996,2.53,True,True,True
PLUG,2026-01-23 13:14:17.891000-05:00,BUY,2.51,2.5199999999999996,2.53,True,True,True
PLUG,2026-01-23 13:14:28.011000-05:00,BUY,2.51,2.5199999999999996,2.53,True,True,True
PLUG,2026-01-23 13:15:09.017000-05:00,BUY,2.51,2.5199999999999996,2.53,True,True,True
PLUG,2026-01-23 13:15:19.137000-05:00,BUY,2.51,2.5199999999999996,2.53,True,True,True
PLUG,2026-01-23 13:16:20.387000-05:00,BUY,2.51,2.5199999999999996,2.53,True,True,True
PLUG,2026-01-23 13:16:30.503000-05:00,BUY,2.51,2.5199999999999996,2.53,True,True,True
PLUG,2026-01-23 13:16:40.617000-05:00,BUY,2.51,2.5199999999999996,2.53,True,True,True
PLUG,2026-01-23 13:17:11.469000-05:00,BUY,2.51,2.5199999999999996,2.53,True,True,True
PLUG,2026-01-23 13:17:21.586000-05:00,BUY,2.51,2.5199999999999996,2.53,True,True,True
PLUG,2026-01-23 13:18:43.064000-05:00,BUY,2.51,2.5199999999999996,2.53,True,True,True
PLUG,2026-01-23 13:18:53.201000-05:00,BUY,2.51,2.5199999999999996,2.53,True,True,True
PLUG,2026-01-23 13:19:03.308000-05:00,BUY,2.51,2.5199999999999996,2.53,True,True,True
PLUG,2026-01-23 13:19:13.427000-05:00,BUY,2.51,2.5199999999999996,2.53,True,True,True
PLUG,2026-01-23 13:20:14.650000-05:00,BUY,2.51,2.5199999999999996,2.53,True,True,True
PLUG,2026-01-23 13:20:24.769000-05:00,BUY,2.51,2.5199999999999996,2.53,True,True,True
PLUG,2026-01-23 13:21:26.005000-05:00,SELL,2.5,2.51,2.49,True,True,True
PLUG,2026-01-23 13:21:36.124000-05:00,SELL,2.51,2.5199999999999996,2.49,True,True,True
PLUG,2026-01-23 13:21:46.251000-05:00,BUY,2.51,2.5199999999999996,2.5199999999999996,True,True,False
PLUG,2026-01-23 13:22:47.487000-05:00,BUY,2.5,2.51,2.5199999999999996,True,True,True
PLUG,2026-01-23 13:22:57.602000-05:00,BUY,2.5,2.51,2.5199999999999996,True,True,True
PLUG,2026-01-23 13:23:07.718000-05:00,BUY,2.5,2.51,2.5199999999999996,True,True,True
PLUG,2026-01-23 13:23:17.834000-05:00,BUY,2.5,2.51,2.5199999999999996,True,True,True
PLUG,2026-01-23 13:23:48.707000-05:00,BUY,2.5,2.51,2.5199999999999996,True,True,True
PLUG,2026-01-23 13:23:58.829000-05:00,BUY,2.5,2.51,2.5199999999999996,True,True,True
PLUG,2026-01-23 13:24:49.952000-05:00,SELL,2.49,2.5,2.4800000000000004,True,True,True
PLUG,2026-01-23 13:25:00.076000-05:00,SELL,2.49,2.5,2.4800000000000004,True,True,True
PLUG,2026-01-23 13:25:10.208000-05:00,SELL,2.49,2.5,2.4800000000000004,True,True,True
PLUG,2026-01-23 13:25:20.326000-05:00,BUY,2.49,2.5,2.51,True,True,True
PLUG,2026-01-23 13:26:21.571000-05:00,BUY,2.49,2.5,2.51,True,True,True
PLUG,2026-01-23 13:26:31.692000-05:00,BUY,2.49,2.5,2.51,True,True,True
PLUG,2026-01-23 13:26:41.815000-05:00,BUY,2.49,2.5,2.51,True,True,True
PLUG,2026-01-23 13:26:51.942000-05:00,BUY,2.49,2.5,2.51,True,True,True
PLUG,2026-01-23 13:27:32.923000-05:00,BUY,2.49,2.5,2.51,True,True,True
PLUG,2026-01-23 13:27:43.030000-05:00,BUY,2.49,2.5,2.51,True,True,True
PLUG,2026-01-23 13:27:53.156000-05:00,BUY,2.49,2.5,2.51,True,True,True
PLUG,2026-01-23 13:28:03.298000-05:00,BUY,2.49,2.5,2.51,True,True,True
PLUG,2026-01-23 13:29:04.477000-05:00,BUY,2.49,2.5,2.51,True,True,True
PLUG,2026-01-23 13:29:14.584000-05:00,BUY,2.49,2.5,2.51,True,True,True
PLUG,2026-01-23 13:30:15.783000-05:00,SELL,2.49,2.5,2.4800000000000004,True,True,True
PLUG,2026-01-23 13:30:25.893000-05:00,SELL,2.49,2.5,2.4800000000000004,True,True,True
PLUG,2026-01-23 13:30:36.006000-05:00,BUY,2.49,2.5,2.51,True,True,True
PLUG,2026-01-23 13:30:46.113000-05:00,BUY,2.49,2.5,2.51,True,True,True
PLUG,2026-01-23 13:31:37.207000-05:00,BUY,2.49,2.5,2.51,True,True,True
PLUG,2026-01-23 13:31:47.322000-05:00,BUY,2.49,2.5,2.51,True,True,True
PLUG,2026-01-23 13:31:57.957000-05:00,SELL,2.49,2.5,2.4800000000000004,True,True,True
PLUG,2026-01-23 13:32:08.076000-05:00,SELL,2.49,2.5,2.4800000000000004,True,True,True
PLUG,2026-01-23 13:32:18.193000-05:00,SELL,2.49,2.5,2.4800000000000004,True,True,True
PLUG,2026-01-23 13:32:38.960000-05:00,BUY,2.49,2.5,2.51,True,True,True
PLUG,2026-01-23 13:32:49.080000-05:00,SELL,2.49,2.5,2.4800000000000004,True,True,True
PLUG,2026-01-23 13:32:59.548000-05:00,BUY,2.49,2.5,2.51,True,True,True
PLUG,2026-01-23 13:33:30.429000-05:00,BUY,2.49,2.5,2.51,True,True,True
PLUG,2026-01-23 13:33:40.544000-05:00,SELL,2.49,2.5,2.4800000000000004,True,True,True
PLUG,2026-01-23 13:33:50.656000-05:00,BUY,2.49,2.5,2.51,True,True,True
PLUG,2026-01-23 13:34:01.309000-05:00,BUY,2.47,2.48,2.4899999999999998,True,True,True
PLUG,2026-01-23 13:34:11.424000-05:00,BUY,2.47,2.48,2.4899999999999998,True,True,True
PLUG,2026-01-23 13:34:21.557000-05:00,BUY,2.47,2.48,2.4899999999999998,True,True,True
PLUG,2026-01-23 13:34:31.669000-05:00,BUY,2.47,2.48,2.4899999999999998,True,True,True
PLUG,2026-01-23 13:35:12.687000-05:00,BUY,2.47,2.48,2.4899999999999998,True,True,True
PLUG,2026-01-23 13:35:22.810000-05:00,BUY,2.47,2.48,2.4899999999999998,True,True,True
PLUG,2026-01-23 13:35:32.929000-05:00,BUY,2.47,2.48,2.4899999999999998,True,True,True
PLUG,2026-01-23 13:35:53.688000-05:00,BUY,2.47,2.48,2.4899999999999998,True,True,True
PLUG,2026-01-23 13:36:03.820000-05:00,BUY,2.4800000000000004,2.49,2.4899999999999998,False,True,False
PLUG,2026-01-23 13:36:13.932000-05:00,BUY,2.4800000000000004,2.49,2.4899999999999998,False,True,False
PLUG,2026-01-23 13:36:24.050000-05:00,BUY,2.4800000000000004,2.49,2.4899999999999998,False,True,False
PLUG,2026-01-23 13:41:11.001000-05:00,SELL,2.47,2.48,2.4600000000000004,True,True,True
PLUG,2026-01-23 13:41:21.120000-05:00,SELL,2.47,2.48,2.4600000000000004,True,True,True
PLUG,2026-01-23 13:41:31.240000-05:00,SELL,2.47,2.48,2.4600000000000004,True,True,True
PLUG,2026-01-23 13:41:41.362000-05:00,BUY,2.47,2.48,2.4899999999999998,True,True,True
PLUG,2026-01-23 13:42:32.470000-05:00,BUY,2.47,2.48,2.4899999999999998,True,True,True
PLUG,2026-01-23 13:42:42.584000-05:00,SELL,2.46,2.4699999999999998,2.4600000000000004,False,False,True
PLUG,2026-01-23 13:42:52.703000-05:00,BUY,2.46,2.4699999999999998,2.4899999999999998,True,True,True
PLUG,2026-01-23 13:43:53.900000-05:00,BUY,2.46,2.4699999999999998,2.48,True,True,True
PLUG,2026-01-23 13:44:04.021000-05:00,BUY,2.46,2.4699999999999998,2.48,True,True,True
PLUG,2026-01-23 13:44:14.138000-05:00,SELL,2.46,2.4699999999999998,2.45,True,True,True
PLUG,2026-01-23 13:44:24.261000-05:00,BUY,2.46,2.4699999999999998,2.48,True,True,True
PLUG,2026-01-23 13:45:15.346000-05:00,BUY,2.46,2.4699999999999998,2.48,True,True,True
PLUG,2026-01-23 13:45:25.458000-05:00,BUY,2.46,2.4699999999999998,2.48,True,True,True
PLUG,2026-01-23 13:46:36.804000-05:00,BUY,2.47,2.48,2.4899999999999998,True,True,True
PLUG,2026-01-23 13:46:46.923000-05:00,BUY,2.47,2.48,2.4899999999999998,True,True,True
PLUG,2026-01-23 13:46:57.037000-05:00,BUY,2.47,2.48,2.4899999999999998,True,True,True
PLUG,2026-01-23 13:47:07.157000-05:00,BUY,2.47,2.48,2.4899999999999998,True,True,True
PLUG,2026-01-23 13:47:58.257000-05:00,BUY,2.47,2.48,2.4899999999999998,True,True,True
PLUG,2026-01-23 13:48:08.374000-05:00,BUY,2.47,2.48,2.4899999999999998,True,True,True
PLUG,2026-01-23 13:49:19.716000-05:00,SELL,2.47,2.48,2.4600000000000004,True,True,True
PLUG,2026-01-23 13:49:29.836000-05:00,SELL,2.46,2.4699999999999998,2.4600000000000004,False,False,True
PLUG,2026-01-23 13:49:39.951000-05:00,BUY,2.46,2.4699999999999998,2.4899999999999998,True,True,True
PLUG,2026-01-23 13:50:21.126000-05:00,BUY,2.46,2.4699999999999998,2.48,True,True,True
PLUG,2026-01-23 13:50:31.243000-05:00,BUY,2.46,2.4699999999999998,2.48,True,True,True
PLUG,2026-01-23 13:50:41.351000-05:00,BUY,2.46,2.4699999999999998,2.48,True,True,True
PLUG,2026-01-23 13:50:51.477000-05:00,BUY,2.46,2.4699999999999998,2.48,True,True,True
PLUG,2026-01-23 13:51:52.682000-05:00,BUY,2.46,2.4699999999999998,2.48,True,True,True
PLUG,2026-01-23 13:52:02.809000-05:00,BUY,2.46,2.4699999999999998,2.48,True,True,True
PLUG,2026-01-23 13:52:43.788000-05:00,BUY,2.46,2.4699999999999998,2.48,True,True,True
PLUG,2026-01-23 13:52:53.907000-05:00,BUY,2.46,2.4699999999999998,2.48,True,True,True
PLUG,2026-01-23 13:53:24.777000-05:00,BUY,2.46,2.4699999999999998,2.48,True,True,True
PLUG,2026-01-23 13:53:34.898000-05:00,BUY,2.46,2.4699999999999998,2.48,True,True,True
PLUG,2026-01-23 13:54:36.140000-05:00,SELL,2.46,2.4699999999999998,2.45,True,True,True
PLUG,2026-01-23 13:54:46.260000-05:00,SELL,2.46,2.4699999999999998,2.45,True,True,True
PLUG,2026-01-23 13:54:56.382000-05:00,SELL,2.46,2.4699999999999998,2.45,True,True,True
PLUG,2026-01-23 13:55:06.506000-05:00,BUY,2.46,2.4699999999999998,2.48,True,True,True
PLUG,2026-01-23 13:55:47.519000-05:00,SELL,2.46,2.4699999999999998,2.45,True,True,True
PLUG,2026-01-23 13:55:57.644000-05:00,BUY,2.46,2.4699999999999998,2.48,True,True,True
PLUG,2026-01-23 13:56:48.743000-05:00,BUY,2.46,2.4699999999999998,2.48,True,True,True
PLUG,2026-01-23 13:56:58.865000-05:00,BUY,2.46,2.4699999999999998,2.48,True,True,True
PLUG,2026-01-23 13:57:08.988000-05:00,BUY,2.46,2.4699999999999998,2.48,True,True,True
PLUG,2026-01-23 13:57:49.979000-05:00,BUY,2.46,2.4699999999999998,2.48,True,True,True
PLUG,2026-01-23 13:58:00.101000-05:00,BUY,2.46,2.4699999999999998,2.48,True,True,True
PLUG,2026-01-23 13:58:10.209000-05:00,BUY,2.46,2.4699999999999998,2.48,True,True,True
PLUG,2026-01-23 13:58:20.331000-05:00,BUY,2.46,2.4699999999999998,2.48,True,True,True
PLUG,2026-01-23 13:59:11.419000-05:00,BUY,2.46,2.4699999999999998,2.48,True,True,True
PLUG,2026-01-23 13:59:21.540000-05:00,BUY,2.47,2.48,2.48,True,True,False
PLUG,2026-01-23 13:59:31.661000-05:00,BUY,2.47,2.48,2.48,True,True,False
PLUG,2026-01-23 14:00:12.645000-05:00,SELL,2.47,2.48,2.4600000000000004,True,True,True
PLUG,2026-01-23 14:00:22.765000-05:00,SELL,2.47,2.48,2.4600000000000004,True,True,True
PLUG,2026-01-23 14:00:32.886000-05:00,SELL,2.47,2.48,2.4600000000000004,True,True,True
PLUG,2026-01-23 14:00:43.004000-05:00,BUY,2.47,2.48,2.4899999999999998,True,True,True
PLUG,2026-01-23 14:02:04.757000-05:00,BUY,2.45,2.46,2.4699999999999998,True,True,True
PLUG,2026-01-23 14:02:14.856000-05:00,BUY,2.45,2.46,2.4699999999999998,True,True,True
PLUG,2026-01-23 14:02:24.955000-05:00,BUY,2.45,2.46,2.4699999999999998,True,True,True
PLUG,2026-01-23 14:02:35.061000-05:00,BUY,2.45,2.46,2.4699999999999998,True,True,True
PLUG,2026-01-23 14:08:22.533000-05:00,BUY,2.47,2.48,2.4899999999999998,True,True,True
PLUG,2026-01-23 14:08:32.639000-05:00,BUY,2.47,2.48,2.4899999999999998,True,True,True
PLUG,2026-01-23 14:08:42.751000-05:00,BUY,2.4800000000000004,2.49,2.4899999999999998,False,True,False
PLUG,2026-01-23 14:08:52.865000-05:00,BUY,2.4800000000000004,2.49,2.4899999999999998,False,True,False
PLUG,2026-01-23 14:09:33.832000-05:00,SELL,2.4800000000000004,2.49,2.47,True,True,True
PLUG,2026-01-23 14:09:43.940000-05:00,SELL,2.4800000000000004,2.49,2.47,True,True,True
PLUG,2026-01-23 14:09:54.055000-05:00,BUY,2.4800000000000004,2.49,2.5,True,True,True
PLUG,2026-01-23 14:10:04.163000-05:00,BUY,2.4800000000000004,2.49,2.5,True,True,True
PLUG,2026-01-23 14:11:05.380000-05:00,BUY,2.4800000000000004,2.49,2.5,True,True,True
PLUG,2026-01-23 14:11:15.493000-05:00,BUY,2.4800000000000004,2.49,2.5,True,True,True
PLUG,2026-01-23 14:11:25.607000-05:00,BUY,2.4800000000000004,2.49,2.5,True,True,True
PLUG,2026-01-23 14:11:35.721000-05:00,BUY,2.4800000000000004,2.49,2.5,True,True,True
PLUG,2026-01-23 14:12:16.684000-05:00,SELL,2.49,2.5,2.4800000000000004,True,True,True
PLUG,2026-01-23 14:12:26.793000-05:00,BUY,2.49,2.5,2.51,True,True,True
PLUG,2026-01-23 14:12:36.894000-05:00,BUY,2.49,2.5,2.51,True,True,True
PLUG,2026-01-23 14:13:27.963000-05:00,BUY,2.49,2.5,2.51,True,True,True
PLUG,2026-01-23 14:13:38.081000-05:00,BUY,2.49,2.5,2.51,True,True,True
PLUG,2026-01-23 14:14:19.054000-05:00,BUY,2.49,2.5,2.51,True,True,True
PLUG,2026-01-23 14:14:29.166000-05:00,BUY,2.49,2.5,2.51,True,True,True
PLUG,2026-01-23 14:14:49.891000-05:00,BUY,2.49,2.5,2.51,True,True,True
PLUG,2026-01-23 14:15:00.004000-05:00,BUY,2.49,2.5,2.51,True,True,True
PLUG,2026-01-23 14:16:11.288000-05:00,SELL,2.4800000000000004,2.49,2.47,True,True,True
PLUG,2026-01-23 14:16:21.426000-05:00,SELL,2.4800000000000004,2.49,2.47,True,True,True
PLUG,2026-01-23 14:16:31.539000-05:00,SELL,2.4800000000000004,2.49,2.47,True,True,True
PLUG,2026-01-23 14:16:41.649000-05:00,BUY,2.4800000000000004,2.49,2.5,True,True,True
PLUG,2026-01-23 14:17:32.714000-05:00,BUY,2.4800000000000004,2.49,2.5,True,True,True
PLUG,2026-01-23 14:17:42.822000-05:00,SELL,2.4800000000000004,2.49,2.47,True,True,True
PLUG,2026-01-23 14:17:52.939000-05:00,BUY,2.4800000000000004,2.49,2.5,True,True,True
PLUG,2026-01-23 14:18:33.900000-05:00,SELL,2.4800000000000004,2.49,2.47,True,True,True
PLUG,2026-01-23 14:18:44.026000-05:00,BUY,2.4800000000000004,2.49,2.5,True,True,True
PLUG,2026-01-23 14:19:35.106000-05:00,BUY,2.4800000000000004,2.49,2.5,True,True,True
PLUG,2026-01-23 14:19:45.212000-05:00,BUY,2.4800000000000004,2.49,2.5,True,True,True
PLUG,2026-01-23 14:19:55.326000-05:00,BUY,2.4800000000000004,2.49,2.5,True,True,True
PLUG,2026-01-23 14:20:05.435000-05:00,BUY,2.4800000000000004,2.49,2.5,True,True,True
PLUG,2026-01-23 14:21:06.639000-05:00,BUY,2.4800000000000004,2.49,2.5,True,True,True
PLUG,2026-01-23 14:21:16.748000-05:00,BUY,2.49,2.5,2.5,True,True,False
PLUG,2026-01-23 14:21:26.854000-05:00,BUY,2.49,2.5,2.5,True,True,False
PLUG,2026-01-23 14:21:36.960000-05:00,BUY,2.49,2.5,2.5,True,True,False
PLUG,2026-01-23 14:22:07.820000-05:00,SELL,2.49,2.5,2.4800000000000004,True,True,True
PLUG,2026-01-23 14:22:17.938000-05:00,BUY,2.49,2.5,2.51,True,True,True
PLUG,2026-01-23 14:22:28.056000-05:00,BUY,2.49,2.5,2.51,True,True,True
PLUG,2026-01-23 14:23:29.279000-05:00,BUY,2.49,2.5,2.51,True,True,True
PLUG,2026-01-23 14:23:39.393000-05:00,BUY,2.49,2.5,2.51,True,True,True
PLUG,2026-01-23 14:24:00.155000-05:00,SELL,2.49,2.5,2.4800000000000004,True,True,True
PLUG,2026-01-23 14:24:10.268000-05:00,SELL,2.4800000000000004,2.49,2.4800000000000004,True,False,True
PLUG,2026-01-23 14:24:20.381000-05:00,BUY,2.4800000000000004,2.49,2.51,True,True,True
PLUG,2026-01-23 14:24:31.014000-05:00,BUY,2.4800000000000004,2.49,2.5,True,True,True
PLUG,2026-01-23 14:25:32.217000-05:00,SELL,2.4800000000000004,2.49,2.47,True,True,True
PLUG,2026-01-23 14:25:42.330000-05:00,BUY,2.4800000000000004,2.49,2.5,True,True,True
PLUG,2026-01-23 14:26:33.475000-05:00,SELL,2.4800000000000004,2.49,2.47,True,True,True
PLUG,2026-01-23 14:26:43.595000-05:00,SELL,2.4800000000000004,2.49,2.47,True,True,True
PLUG,2026-01-23 14:26:53.713000-05:00,BUY,2.4800000000000004,2.49,2.5,True,True,True
PLUG,2026-01-23 14:27:34.715000-05:00,BUY,2.4800000000000004,2.49,2.5,True,True,True
PLUG,2026-01-23 14:27:44.836000-05:00,BUY,2.4800000000000004,2.49,2.5,True,True,True
PLUG,2026-01-23 14:28:25.816000-05:00,BUY,2.4800000000000004,2.49,2.5,True,True,True
PLUG,2026-01-23 14:29:06.775000-05:00,SELL,2.4800000000000004,2.49,2.47,True,True,True
PLUG,2026-01-23 14:29:16.922000-05:00,SELL,2.4800000000000004,2.49,2.47,True,True,True
PLUG,2026-01-23 14:29:27.041000-05:00,SELL,2.4800000000000004,2.49,2.47,True,True,True
PLUG,2026-01-23 14:29:37.164000-05:00,BUY,2.4800000000000004,2.49,2.5,True,True,True
PLUG,2026-01-23 14:30:18.203000-05:00,SELL,2.4800000000000004,2.49,2.47,True,True,True
PLUG,2026-01-23 14:30:28.318000-05:00,BUY,2.4800000000000004,2.49,2.5,True,True,True
PLUG,2026-01-23 14:31:09.301000-05:00,SELL,2.4800000000000004,2.49,2.47,True,True,True
PLUG,2026-01-23 14:31:19.411000-05:00,BUY,2.4800000000000004,2.49,2.5,True,True,True
PLUG,2026-01-23 14:32:20.635000-05:00,BUY,2.47,2.48,2.4899999999999998,True,True,True
PLUG,2026-01-23 14:32:30.933000-05:00,BUY,2.47,2.48,2.4899999999999998,True,True,True
PLUG,2026-01-23 14:32:41.056000-05:00,BUY,2.47,2.48,2.4899999999999998,True,True,True
PLUG,2026-01-23 14:32:51.173000-05:00,BUY,2.47,2.48,2.4899999999999998,True,True,True
PLUG,2026-01-23 14:33:52.605000-05:00,SELL,2.47,2.48,2.4600000000000004,True,True,True
PLUG,2026-01-23 14:34:02.708000-05:00,BUY,2.47,2.48,2.4899999999999998,True,True,True
PLUG,2026-01-23 14:34:12.823000-05:00,BUY,2.47,2.48,2.4899999999999998,True,True,True
PLUG,2026-01-23 14:35:24.147000-05:00,BUY,2.47,2.48,2.4899999999999998,True,True,True
PLUG,2026-01-23 14:35:34.291000-05:00,BUY,2.47,2.48,2.4899999999999998,True,True,True
PLUG,2026-01-23 14:36:35.730000-05:00,SELL,2.47,2.48,2.4600000000000004,True,True,True
PLUG,2026-01-23 14:36:45.849000-05:00,BUY,2.47,2.48,2.4899999999999998,True,True,True
PLUG,2026-01-23 14:37:36.975000-05:00,BUY,2.47,2.48,2.4899999999999998,True,True,True
PLUG,2026-01-23 14:37:47.089000-05:00,BUY,2.47,2.48,2.4899999999999998,True,True,True
PLUG,2026-01-23 14:37:57.205000-05:00,BUY,2.47,2.48,2.4899999999999998,True,True,True
PLUG,2026-01-23 14:38:07.330000-05:00,BUY,2.47,2.48,2.4899999999999998,True,True,True
PLUG,2026-01-23 14:39:10.486000-05:00,SELL,2.47,2.48,2.4600000000000004,True,True,True
PLUG,2026-01-23 14:39:20.604000-05:00,SELL,2.47,2.48,2.4600000000000004,True,True,True
PLUG,2026-01-23 14:39:30.723000-05:00,BUY,2.47,2.48,2.4899999999999998,True,True,True
PLUG,2026-01-23 14:40:34.333000-05:00,BUY,2.47,2.48,2.4899999999999998,True,True,True
PLUG,2026-01-23 14:40:44.452000-05:00,BUY,2.47,2.48,2.4899999999999998,True,True,True
PLUG,2026-01-23 14:41:36.631000-05:00,SELL,2.47,2.48,2.4600000000000004,True,True,True
PLUG,2026-01-23 14:41:46.751000-05:00,SELL,2.47,2.48,2.4600000000000004,True,True,True
PLUG,2026-01-23 14:41:56.868000-05:00,SELL,2.47,2.48,2.4600000000000004,True,True,True
PLUG,2026-01-23 14:42:06.995000-05:00,BUY,2.47,2.48,2.4899999999999998,True,True,True
PLUG,2026-01-23 14:42:17.649000-05:00,SELL,2.47,2.48,2.4600000000000004,True,True,True
PLUG,2026-01-23 14:42:27.762000-05:00,SELL,2.47,2.48,2.4600000000000004,True,True,True
PLUG,2026-01-23 14:42:37.896000-05:00,SELL,2.47,2.48,2.4600000000000004,True,True,True
PLUG,2026-01-23 14:42:48.006000-05:00,BUY,2.47,2.48,2.4899999999999998,True,True,True
PLUG,2026-01-23 14:43:08.761000-05:00,BUY,2.47,2.48,2.4899999999999998,True,True,True
PLUG,2026-01-23 14:43:18.887000-05:00,BUY,2.47,2.48,2.4899999999999998,True,True,True
PLUG,2026-01-23 14:43:29.002000-05:00,BUY,2.47,2.48,2.4899999999999998,True,True,True
PLUG,2026-01-23 14:44:41.690000-05:00,SELL,2.47,2.48,2.4600000000000004,True,True,True
PLUG,2026-01-23 14:44:51.802000-05:00,SELL,2.47,2.48,2.4600000000000004,True,True,True
PLUG,2026-01-23 14:45:01.916000-05:00,SELL,2.47,2.48,2.4600000000000004,True,True,True
PLUG,2026-01-23 14:45:12.045000-05:00,BUY,2.47,2.48,2.4899999999999998,True,True,True
PLUG,2026-01-23 14:45:43.053000-05:00,SELL,2.47,2.48,2.4600000000000004,True,True,True
PLUG,2026-01-23 14:45:53.171000-05:00,BUY,2.47,2.48,2.4899999999999998,True,True,True
PLUG,2026-01-23 14:47:02.675000-05:00,SELL,2.47,2.48,2.4600000000000004,True,True,True
PLUG,2026-01-23 14:47:12.792000-05:00,BUY,2.47,2.48,2.4899999999999998,True,True,True
PLUG,2026-01-23 14:47:43.644000-05:00,SELL,2.47,2.48,2.4600000000000004,True,True,True
PLUG,2026-01-23 14:47:53.761000-05:00,BUY,2.47,2.48,2.4899999999999998,True,True,True
PLUG,2026-01-23 14:48:34.741000-05:00,BUY,2.46,2.4699999999999998,2.48,True,True,True
PLUG,2026-01-23 14:48:44.860000-05:00,BUY,2.46,2.4699999999999998,2.48,True,True,True
PLUG,2026-01-23 14:48:54.970000-05:00,BUY,2.46,2.4699999999999998,2.48,True,True,True
PLUG,2026-01-23 14:49:05.089000-05:00,BUY,2.46,2.4699999999999998,2.48,True,True,True
PLUG,2026-01-23 14:49:35.932000-05:00,BUY,2.46,2.4699999999999998,2.48,True,True,True
PLUG,2026-01-23 14:49:46.052000-05:00,BUY,2.46,2.4699999999999998,2.48,True,True,True
PLUG,2026-01-23 14:50:27.033000-05:00,SELL,2.46,2.4699999999999998,2.45,True,True,True
PLUG,2026-01-23 14:50:37.150000-05:00,SELL,2.46,2.4699999999999998,2.45,True,True,True
PLUG,2026-01-23 14:50:47.261000-05:00,BUY,2.46,2.4699999999999998,2.48,True,True,True
PLUG,2026-01-23 14:51:48.469000-05:00,BUY,2.47,2.48,2.4899999999999998,True,True,True
PLUG,2026-01-23 14:51:58.580000-05:00,BUY,2.47,2.48,2.4899999999999998,True,True,True
PLUG,2026-01-23 14:52:08.699000-05:00,BUY,2.47,2.48,2.4899999999999998,True,True,True
PLUG,2026-01-23 14:52:18.815000-05:00,BUY,2.47,2.48,2.4899999999999998,True,True,True
PLUG,2026-01-23 14:54:01.566000-05:00,SELL,2.47,2.48,2.4600000000000004,True,True,True
PLUG,2026-01-23 14:54:11.688000-05:00,SELL,2.47,2.48,2.4600000000000004,True,True,True
PLUG,2026-01-23 14:54:21.800000-05:00,BUY,2.47,2.48,2.4899999999999998,True,True,True
PLUG,2026-01-23 14:55:23.038000-05:00,SELL,2.47,2.48,2.4600000000000004,True,True,True
PLUG,2026-01-23 14:55:33.159000-05:00,SELL,2.47,2.48,2.4600000000000004,True,True,True
PLUG,2026-01-23 14:55:43.281000-05:00,SELL,2.47,2.48,2.4600000000000004,True,True,True
PLUG,2026-01-23 14:55:53.400000-05:00,BUY,2.47,2.48,2.4899999999999998,True,True,True
PLUG,2026-01-23 14:56:34.398000-05:00,SELL,2.47,2.48,2.4600000000000004,True,True,True
PLUG,2026-01-23 14:56:44.521000-05:00,BUY,2.47,2.48,2.4899999999999998,True,True,True
PLUG,2026-01-23 14:57:45.764000-05:00,BUY,2.47,2.48,2.4899999999999998,True,True,True
PLUG,2026-01-23 14:57:55.879000-05:00,BUY,2.47,2.48,2.4899999999999998,True,True,True
PLUG,2026-01-23 14:58:05.999000-05:00,SELL,2.47,2.48,2.4600000000000004,True,True,True
PLUG,2026-01-23 14:58:16.120000-05:00,BUY,2.47,2.48,2.4899999999999998,True,True,True
PLUG,2026-01-23 14:58:47.008000-05:00,SELL,2.47,2.48,2.4600000000000004,True,True,True
PLUG,2026-01-23 14:58:57.141000-05:00,SELL,2.47,2.48,2.4600000000000004,True,True,True
PLUG,2026-01-23 14:59:07.274000-05:00,BUY,2.47,2.48,2.4899999999999998,True,True,True
PLUG,2026-01-23 14:59:38.164000-05:00,SELL,2.47,2.48,2.4600000000000004,True,True,True
PLUG,2026-01-23 14:59:48.280000-05:00,BUY,2.47,2.48,2.4899999999999998,True,True,True
PLUG,2026-01-23 14:59:58.906000-05:00,SELL,2.46,2.4699999999999998,2.45,True,True,True
PLUG,2026-01-23 15:00:19.658000-05:00,BUY,2.45,2.46,2.4699999999999998,True,True,True
PLUG,2026-01-23 15:00:29.780000-05:00,BUY,2.45,2.46,2.4699999999999998,True,True,True
PLUG,2026-01-23 15:00:40.180000-05:00,BUY,2.45,2.46,2.4699999999999998,True,True,True
PLUG,2026-01-23 15:01:41.608000-05:00,BUY,2.45,2.46,2.4699999999999998,True,True,True
PLUG,2026-01-23 15:01:51.730000-05:00,BUY,2.45,2.46,2.4699999999999998,True,True,True
PLUG,2026-01-23 15:02:01.851000-05:00,BUY,2.46,2.4699999999999998,2.4699999999999998,True,True,False
PLUG,2026-01-23 15:02:11.948000-05:00,BUY,2.46,2.4699999999999998,2.4699999999999998,True,True,False
PLUG,2026-01-23 15:03:23.222000-05:00,SELL,2.46,2.4699999999999998,2.45,True,True,True
PLUG,2026-01-23 15:03:33.336000-05:00,SELL,2.46,2.4699999999999998,2.45,True,True,True
PLUG,2026-01-23 15:03:43.442000-05:00,BUY,2.46,2.4699999999999998,2.48,True,True,True
PLUG,2026-01-23 15:03:53.551000-05:00,BUY,2.46,2.4699999999999998,2.48,True,True,True
PLUG,2026-01-23 15:06:47.490000-05:00,SELL,2.46,2.4699999999999998,2.45,True,True,True
PLUG,2026-01-23 15:06:57.599000-05:00,BUY,2.46,2.4699999999999998,2.48,True,True,True
PLUG,2026-01-23 15:07:48.677000-05:00,SELL,2.46,2.4699999999999998,2.45,True,True,True
PLUG,2026-01-23 15:07:58.791000-05:00,SELL,2.45,2.46,2.45,True,False,True
PLUG,2026-01-23 15:08:08.906000-05:00,SELL,2.45,2.46,2.45,True,False,True
PLUG,2026-01-23 15:08:19.016000-05:00,BUY,2.45,2.46,2.48,True,True,True
PLUG,2026-01-23 15:08:59.977000-05:00,BUY,2.45,2.46,2.4699999999999998,True,True,True
PLUG,2026-01-23 15:09:10.091000-05:00,BUY,2.45,2.46,2.4699999999999998,True,True,True
PLUG,2026-01-23 15:09:20.205000-05:00,BUY,2.45,2.46,2.4699999999999998,True,True,True
PLUG,2026-01-23 15:09:30.312000-05:00,BUY,2.45,2.46,2.4699999999999998,True,True,True
PLUG,2026-01-23 15:10:11.284000-05:00,SELL,2.45,2.46,2.4400000000000004,True,True,True
PLUG,2026-01-23 15:10:21.394000-05:00,BUY,2.45,2.46,2.4699999999999998,True,True,True
PLUG,2026-01-23 15:10:31.516000-05:00,BUY,2.45,2.46,2.4699999999999998,True,True,True
PLUG,2026-01-23 15:11:12.476000-05:00,BUY,2.45,2.46,2.4699999999999998,True,True,True
PLUG,2026-01-23 15:11:22.576000-05:00,BUY,2.45,2.46,2.4699999999999998,True,True,True
PLUG,2026-01-23 15:11:32.688000-05:00,BUY,2.45,2.46,2.4699999999999998,True,True,True
PLUG,2026-01-23 15:12:03.523000-05:00,SELL,2.46,2.4699999999999998,2.45,True,True,True
PLUG,2026-01-23 15:12:13.631000-05:00,BUY,2.46,2.4699999999999998,2.48,True,True,True
PLUG,2026-01-23 15:12:23.746000-05:00,BUY,2.46,2.4699999999999998,2.48,True,True,True
PLUG,2026-01-23 15:12:34.363000-05:00,BUY,2.46,2.4699999999999998,2.48,True,True,True
PLUG,2026-01-23 15:12:44.473000-05:00,BUY,2.46,2.4699999999999998,2.48,True,True,True
PLUG,2026-01-23 15:12:54.578000-05:00,BUY,2.46,2.4699999999999998,2.48,True,True,True
PLUG,2026-01-23 15:13:04.703000-05:00,BUY,2.46,2.4699999999999998,2.48,True,True,True
PLUG,2026-01-23 15:13:45.682000-05:00,BUY,2.46,2.4699999999999998,2.48,True,True,True
PLUG,2026-01-23 15:13:55.797000-05:00,BUY,2.46,2.4699999999999998,2.48,True,True,True
PLUG,2026-01-23 15:14:46.877000-05:00,BUY,2.46,2.4699999999999998,2.48,True,True,True
PLUG,2026-01-23 15:14:56.992000-05:00,BUY,2.46,2.4699999999999998,2.48,True,True,True
PLUG,2026-01-23 15:15:07.098000-05:00,BUY,2.46,2.4699999999999998,2.48,True,True,True
PLUG,2026-01-23 15:15:17.204000-05:00,BUY,2.46,2.4699999999999998,2.48,True,True,True
PLUG,2026-01-23 15:16:08.298000-05:00,SELL,2.46,2.4699999999999998,2.45,True,True,True
PLUG,2026-01-23 15:16:18.417000-05:00,SELL,2.46,2.4699999999999998,2.45,True,True,True
PLUG,2026-01-23 15:16:28.529000-05:00,BUY,2.46,2.4699999999999998,2.48,True,True,True
PLUG,2026-01-23 15:16:38.642000-05:00,BUY,2.46,2.4699999999999998,2.48,True,True,True
PLUG,2026-01-23 15:17:09.479000-05:00,BUY,2.46,2.4699999999999998,2.48,True,True,True
PLUG,2026-01-23 15:17:19.590000-05:00,BUY,2.46,2.4699999999999998,2.48,True,True,True
PLUG,2026-01-23 15:17:29.709000-05:00,BUY,2.47,2.48,2.48,True,True,False
PLUG,2026-01-23 15:17:39.821000-05:00,BUY,2.47,2.48,2.48,True,True,False
PLUG,2026-01-23 15:17:50.449000-05:00,SELL,2.47,2.48,2.4600000000000004,True,True,True
PLUG,2026-01-23 15:18:00.565000-05:00,SELL,2.47,2.48,2.4600000000000004,True,True,True
PLUG,2026-01-23 15:18:10.680000-05:00,BUY,2.47,2.48,2.4899999999999998,True,True,True
PLUG,2026-01-23 15:18:21.323000-05:00,BUY,2.47,2.48,2.4899999999999998,True,True,True
PLUG,2026-01-23 15:19:02.275000-05:00,BUY,2.47,2.48,2.4899999999999998,True,True,True
PLUG,2026-01-23 15:19:12.388000-05:00,BUY,2.47,2.48,2.4899999999999998,True,True,True
PLUG,2026-01-23 15:19:43.230000-05:00,BUY,2.47,2.48,2.4899999999999998,True,True,True
PLUG,2026-01-23 15:20:24.192000-05:00,BUY,2.46,2.4699999999999998,2.48,True,True,True
PLUG,2026-01-23 15:20:34.298000-05:00,BUY,2.46,2.4699999999999998,2.48,True,True,True
PLUG,2026-01-23 15:20:44.414000-05:00,BUY,2.46,2.4699999999999998,2.48,True,True,True
PLUG,2026-01-23 15:20:54.526000-05:00,BUY,2.46,2.4699999999999998,2.48,True,True,True
PLUG,2026-01-23 15:21:25.390000-05:00,SELL,2.46,2.4699999999999998,2.45,True,True,True
PLUG,2026-01-23 15:21:35.495000-05:00,BUY,2.46,2.4699999999999998,2.48,True,True,True
PLUG,2026-01-23 15:21:45.606000-05:00,BUY,2.46,2.4699999999999998,2.48,True,True,True
PLUG,2026-01-23 15:22:56.939000-05:00,SELL,2.47,2.48,2.4600000000000004,True,True,True
PLUG,2026-01-23 15:23:07.051000-05:00,SELL,2.47,2.48,2.4600000000000004,True,True,True
PLUG,2026-01-23 15:23:17.168000-05:00,SELL,2.47,2.48,2.4600000000000004,True,True,True
PLUG,2026-01-23 15:23:27.283000-05:00,BUY,2.47,2.48,2.4899999999999998,True,True,True
PLUG,2026-01-23 15:24:28.452000-05:00,BUY,2.47,2.48,2.4899999999999998,True,True,True
PLUG,2026-01-23 15:24:38.581000-05:00,BUY,2.47,2.48,2.4899999999999998,True,True,True
PLUG,2026-01-23 15:24:48.687000-05:00,BUY,2.47,2.48,2.4899999999999998,True,True,True
PLUG,2026-01-23 15:25:59.981000-05:00,SELL,2.47,2.48,2.4600000000000004,True,True,True
PLUG,2026-01-23 15:26:10.102000-05:00,SELL,2.47,2.48,2.4600000000000004,True,True,True
PLUG,2026-01-23 15:26:20.220000-05:00,SELL,2.47,2.48,2.4600000000000004,True,True,True
PLUG,2026-01-23 15:26:30.333000-05:00,BUY,2.47,2.48,2.4899999999999998,True,True,True
PLUG,2026-01-23 15:27:11.305000-05:00,SELL,2.47,2.48,2.4600000000000004,True,True,True
PLUG,2026-01-23 15:27:21.418000-05:00,BUY,2.47,2.48,2.4899999999999998,True,True,True
PLUG,2026-01-23 15:27:32.043000-05:00,SELL,2.47,2.48,2.4600000000000004,True,True,True
PLUG,2026-01-23 15:28:13.006000-05:00,BUY,2.47,2.48,2.4899999999999998,True,True,True
PLUG,2026-01-23 15:28:23.122000-05:00,SELL,2.47,2.48,2.4600000000000004,True,True,True
PLUG,2026-01-23 15:28:33.232000-05:00,BUY,2.47,2.48,2.4899999999999998,True,True,True
PLUG,2026-01-23 15:29:44.536000-05:00,BUY,2.47,2.48,2.4899999999999998,True,True,True
PLUG,2026-01-23 15:29:54.658000-05:00,BUY,2.47,2.48,2.4899999999999998,True,True,True
PLUG,2026-01-23 15:30:04.770000-05:00,BUY,2.46,2.4699999999999998,2.4899999999999998,True,True,True
PLUG,2026-01-23 15:30:14.884000-05:00,BUY,2.46,2.4699999999999998,2.4899999999999998,True,True,True
PLUG,2026-01-23 15:31:16.308000-05:00,SELL,2.46,2.4699999999999998,2.45,True,True,True
PLUG,2026-01-23 15:31:26.415000-05:00,SELL,2.46,2.4699999999999998,2.45,True,True,True
PLUG,2026-01-23 15:31:36.527000-05:00,SELL,2.46,2.4699999999999998,2.45,True,True,True
PLUG,2026-01-23 15:31:46.633000-05:00,BUY,2.46,2.4699999999999998,2.48,True,True,True
PLUG,2026-01-23 15:32:07.370000-05:00,SELL,2.46,2.4699999999999998,2.45,True,True,True
PLUG,2026-01-23 15:32:17.484000-05:00,BUY,2.46,2.4699999999999998,2.48,True,True,True
PLUG,2026-01-23 15:32:58.478000-05:00,SELL,2.46,2.4699999999999998,2.45,True,True,True
PLUG,2026-01-23 15:33:08.599000-05:00,BUY,2.46,2.4699999999999998,2.48,True,True,True
PLUG,2026-01-23 15:33:49.589000-05:00,BUY,2.46,2.4699999999999998,2.48,True,True,True
PLUG,2026-01-23 15:33:59.723000-05:00,BUY,2.46,2.4699999999999998,2.48,True,True,True
PLUG,2026-01-23 15:34:09.847000-05:00,BUY,2.46,2.4699999999999998,2.48,True,True,True
PLUG,2026-01-23 15:34:19.968000-05:00,BUY,2.46,2.4699999999999998,2.48,True,True,True
PLUG,2026-01-23 15:35:21.183000-05:00,SELL,2.46,2.4699999999999998,2.45,True,True,True
PLUG,2026-01-23 15:35:31.310000-05:00,SELL,2.46,2.4699999999999998,2.45,True,True,True
PLUG,2026-01-23 15:35:41.430000-05:00,SELL,2.46,2.4699999999999998,2.45,True,True,True
PLUG,2026-01-23 15:35:51.548000-05:00,BUY,2.46,2.4699999999999998,2.48,True,True,True
PLUG,2026-01-23 15:36:22.422000-05:00,SELL,2.46,2.4699999999999998,2.45,True,True,True
PLUG,2026-01-23 15:36:32.544000-05:00,BUY,2.46,2.4699999999999998,2.48,True,True,True
PLUG,2026-01-23 15:36:43.179000-05:00,SELL,2.46,2.4699999999999998,2.45,True,True,True
PLUG,2026-01-23 15:38:04.638000-05:00,SELL,2.46,2.4699999999999998,2.45,True,True,True
PLUG,2026-01-23 15:38:14.762000-05:00,SELL,2.46,2.4699999999999998,2.45,True,True,True
PLUG,2026-01-23 15:38:24.872000-05:00,BUY,2.46,2.4699999999999998,2.48,True,True,True
PLUG,2026-01-23 15:39:26.111000-05:00,BUY,2.46,2.4699999999999998,2.48,True,True,True
PLUG,2026-01-23 15:39:36.226000-05:00,SELL,2.46,2.4699999999999998,2.45,True,True,True
PLUG,2026-01-23 15:39:46.348000-05:00,BUY,2.46,2.4699999999999998,2.48,True,True,True
PLUG,2026-01-23 15:40:47.564000-05:00,SELL,2.46,2.4699999999999998,2.45,True,True,True
PLUG,2026-01-23 15:40:57.684000-05:00,BUY,2.46,2.4699999999999998,2.48,True,True,True
PLUG,2026-01-23 15:41:28.553000-05:00,SELL,2.46,2.4699999999999998,2.45,True,True,True
PLUG,2026-01-23 15:41:38.669000-05:00,BUY,2.46,2.4699999999999998,2.48,True,True,True
PLUG,2026-01-23 15:42:50.045000-05:00,BUY,2.46,2.4699999999999998,2.48,True,True,True
PLUG,2026-01-23 15:43:00.171000-05:00,SELL,2.46,2.4699999999999998,2.45,True,True,True
PLUG,2026-01-23 15:43:10.311000-05:00,BUY,2.46,2.4699999999999998,2.48,True,True,True
PLUG,2026-01-23 15:44:01.428000-05:00,SELL,2.46,2.4699999999999998,2.45,True,True,True
PLUG,2026-01-23 15:44:11.553000-05:00,SELL,2.46,2.4699999999999998,2.45,True,True,True
PLUG,2026-01-23 15:44:21.685000-05:00,BUY,2.46,2.4699999999999998,2.48,True,True,True
PLUG,2026-01-23 15:45:12.794000-05:00,BUY,2.47,2.48,2.4899999999999998,True,True,True
PLUG,2026-01-23 15:45:22.930000-05:00,SELL,2.47,2.48,2.4600000000000004,True,True,True
PLUG,2026-01-23 15:45:33.052000-05:00,BUY,2.47,2.48,2.4899999999999998,True,True,True
PLUG,2026-01-23 15:46:44.408000-05:00,SELL,2.47,2.48,2.4600000000000004,True,True,True
PLUG,2026-01-23 15:46:54.526000-05:00,BUY,2.47,2.48,2.4899999999999998,True,True,True
PLUG,2026-01-23 15:47:45.636000-05:00,SELL,2.47,2.48,2.4600000000000004,True,True,True
PLUG,2026-01-23 15:47:55.756000-05:00,BUY,2.47,2.48,2.4899999999999998,True,True,True
PLUG,2026-01-23 15:48:46.879000-05:00,SELL,2.47,2.48,2.4600000000000004,True,True,True
PLUG,2026-01-23 15:48:57.010000-05:00,SELL,2.47,2.48,2.4600000000000004,True,True,True
