action_id,date,symbol,timestamp,side,hold_minutes,score,paper_only,execution_mode,execution_assumption,entry_price,stop_price,target_price,context
2026-04-08|IONQ|2026-04-08T09:30:00-04:00|long|8,2026-04-08,IONQ,2026-04-08T09:30:00-04:00,long,8,0.626862645149231,True,shadow,entry_next_bar_open_time_exit_at_selected_hold,30.9,30.75,46.35,"{'pressure_k': 0.0, 'spread': 0.07000000000000028, 'depth_imb_k': -0.685635128911761, 'micro_off': -0.011666666666666714, 'spread_mean_10s': 0.058648648648649174, 'depth_imb_k_mean_10s': 0.03377175873494847, 'depth_imb_k_mean_60s': -0.07788022746166759, 'dist_vwap_bps': None, 'hl_range_pct': None, 'oc_change_pct': None, 'volume_rel_20': None, 'atr_pct': None, 'position_in_range': None, 'rsi': None, 'bb_position': None, 'ret_3': None, 'ret_10': None, 'session_bucket': 0.0}"
2026-04-08|IONQ|2026-04-08T09:31:00-04:00|long|8,2026-04-08,IONQ,2026-04-08T09:31:00-04:00,long,8,0.6975959539413452,True,shadow,entry_next_bar_open_time_exit_at_selected_hold,30.67,30.52,46.01,"{'pressure_k': 0.0, 'spread': 0.03999999999999915, 'depth_imb_k': 0.6594953240514004, 'micro_off': 0.0, 'spread_mean_10s': 0.038205128205127524, 'depth_imb_k_mean_10s': 0.5474835268967699, 'depth_imb_k_mean_60s': 0.16351889999112057, 'dist_vwap_bps': None, 'hl_range_pct': None, 'oc_change_pct': None, 'volume_rel_20': None, 'atr_pct': None, 'position_in_range': None, 'rsi': None, 'bb_position': None, 'ret_3': None, 'ret_10': None, 'session_bucket': 0.0}"
2026-04-08|IONQ|2026-04-08T09:32:00-04:00|long|8,2026-04-08,IONQ,2026-04-08T09:32:00-04:00,long,8,0.6752418875694275,True,shadow,entry_next_bar_open_time_exit_at_selected_hold,30.545,30.39,45.82,"{'pressure_k': 0.0, 'spread': 0.03999999999999915, 'depth_imb_k': 0.529797628484074, 'micro_off': -0.014285714285716011, 'spread_mean_10s': 0.02825000000000024, 'depth_imb_k_mean_10s': 0.23950843029422292, 'depth_imb_k_mean_60s': 0.12131054016525214, 'dist_vwap_bps': None, 'hl_range_pct': None, 'oc_change_pct': None, 'volume_rel_20': None, 'atr_pct': None, 'position_in_range': None, 'rsi': None, 'bb_position': None, 'ret_3': None, 'ret_10': None, 'session_bucket': 0.0}"
2026-04-08|IONQ|2026-04-08T09:33:00-04:00|long|3,2026-04-08,IONQ,2026-04-08T09:33:00-04:00,long,3,0.7077792286872864,True,shadow,entry_next_bar_open_time_exit_at_selected_hold,30.53,30.38,45.8,"{'pressure_k': 0.0, 'spread': 0.019999999999999574, 'depth_imb_k': 0.19792127739799012, 'micro_off': -3.552713678800501e-15, 'spread_mean_10s': 0.021282051282049415, 'depth_imb_k_mean_10s': 0.0033287285607752457, 'depth_imb_k_mean_60s': 0.2268152490929972, 'dist_vwap_bps': None, 'hl_range_pct': None, 'oc_change_pct': None, 'volume_rel_20': None, 'atr_pct': None, 'position_in_range': None, 'rsi': None, 'bb_position': None, 'ret_3': None, 'ret_10': None, 'session_bucket': 0.0}"
2026-04-08|IONQ|2026-04-08T09:34:00-04:00|long|3,2026-04-08,IONQ,2026-04-08T09:34:00-04:00,long,3,0.5801426768302917,True,shadow,entry_next_bar_open_time_exit_at_selected_hold,30.4001,30.25,45.6,"{'pressure_k': 0.0, 'spread': 0.020000000000003126, 'depth_imb_k': -0.24100877914049912, 'micro_off': -0.002500000000001279, 'spread_mean_10s': 0.01647058823529126, 'depth_imb_k_mean_10s': -0.35644858093014437, 'depth_imb_k_mean_60s': -0.062278837136015876, 'dist_vwap_bps': None, 'hl_range_pct': None, 'oc_change_pct': None, 'volume_rel_20': None, 'atr_pct': None, 'position_in_range': None, 'rsi': None, 'bb_position': None, 'ret_3': None, 'ret_10': None, 'session_bucket': 0.0}"
2026-04-08|IONQ|2026-04-08T09:35:00-04:00|long|5,2026-04-08,IONQ,2026-04-08T09:35:00-04:00,long,5,0.5185611844062805,True,shadow,entry_next_bar_open_time_exit_at_selected_hold,30.42,30.27,45.63,"{'pressure_k': 0.0, 'spread': 0.019999999999999574, 'depth_imb_k': -0.07807720504588316, 'micro_off': 0.0, 'spread_mean_10s': 0.02153846153845871, 'depth_imb_k_mean_10s': 0.1565435692983479, 'depth_imb_k_mean_60s': 0.008195111819215244, 'dist_vwap_bps': None, 'hl_range_pct': None, 'oc_change_pct': None, 'volume_rel_20': None, 'atr_pct': None, 'position_in_range': None, 'rsi': None, 'bb_position': None, 'ret_3': None, 'ret_10': None, 'session_bucket': 0.0}"
2026-04-08|IONQ|2026-04-08T09:36:00-04:00|long|3,2026-04-08,IONQ,2026-04-08T09:36:00-04:00,long,3,0.4673211872577667,True,shadow,entry_next_bar_open_time_exit_at_selected_hold,30.55,30.4,45.83,"{'pressure_k': 0.0, 'spread': 0.019999999999999574, 'depth_imb_k': -0.36249773856409256, 'micro_off': -0.005000000000002558, 'spread_mean_10s': 0.014782608695649234, 'depth_imb_k_mean_10s': -0.2504545019462469, 'depth_imb_k_mean_60s': -0.22804605298241928, 'dist_vwap_bps': None, 'hl_range_pct': None, 'oc_change_pct': None, 'volume_rel_20': None, 'atr_pct': None, 'position_in_range': None, 'rsi': None, 'bb_position': None, 'ret_3': None, 'ret_10': None, 'session_bucket': 0.0}"
2026-04-08|IONQ|2026-04-08T09:37:00-04:00|long|3,2026-04-08,IONQ,2026-04-08T09:37:00-04:00,long,3,0.598892331123352,True,shadow,entry_next_bar_open_time_exit_at_selected_hold,30.375,30.22,45.56,"{'pressure_k': 0.0, 'spread': 0.019999999999999574, 'depth_imb_k': 0.45920882548421366, 'micro_off': 0.0033333333333338544, 'spread_mean_10s': 0.020250000000003255, 'depth_imb_k_mean_10s': -0.1013202432835433, 'depth_imb_k_mean_60s': -0.08812203286633112, 'dist_vwap_bps': None, 'hl_range_pct': None, 'oc_change_pct': None, 'volume_rel_20': None, 'atr_pct': None, 'position_in_range': None, 'rsi': None, 'bb_position': None, 'ret_3': None, 'ret_10': None, 'session_bucket': 0.0}"
2026-04-08|IONQ|2026-04-08T09:38:00-04:00|long|3,2026-04-08,IONQ,2026-04-08T09:38:00-04:00,long,3,0.5181971192359924,True,shadow,entry_next_bar_open_time_exit_at_selected_hold,30.41,30.26,45.62,"{'pressure_k': 0.0, 'spread': 0.019999999999999574, 'depth_imb_k': 0.02600577906201378, 'micro_off': -0.004999999999999005, 'spread_mean_10s': 0.022499999999998722, 'depth_imb_k_mean_10s': -0.17063566322590223, 'depth_imb_k_mean_60s': 0.1772754811739963, 'dist_vwap_bps': None, 'hl_range_pct': None, 'oc_change_pct': None, 'volume_rel_20': None, 'atr_pct': None, 'position_in_range': None, 'rsi': None, 'bb_position': None, 'ret_3': None, 'ret_10': None, 'session_bucket': 0.0}"
2026-04-08|IONQ|2026-04-08T09:39:00-04:00|long|12,2026-04-08,IONQ,2026-04-08T09:39:00-04:00,long,12,0.48458755016326904,True,shadow,entry_next_bar_open_time_exit_at_selected_hold,30.2401,30.09,45.36,"{'pressure_k': 0.0, 'spread': 0.019999999999999574, 'depth_imb_k': 0.44152843023445043, 'micro_off': -3.552713678800501e-15, 'spread_mean_10s': 0.020999999999997243, 'depth_imb_k_mean_10s': 0.44582063886656725, 'depth_imb_k_mean_60s': 0.33963314129888195, 'dist_vwap_bps': None, 'hl_range_pct': None, 'oc_change_pct': None, 'volume_rel_20': None, 'atr_pct': None, 'position_in_range': None, 'rsi': None, 'bb_position': None, 'ret_3': None, 'ret_10': None, 'session_bucket': 0.0}"
2026-04-08|IONQ|2026-04-08T09:40:00-04:00|long|8,2026-04-08,IONQ,2026-04-08T09:40:00-04:00,long,8,0.5258362889289856,True,shadow,entry_next_bar_open_time_exit_at_selected_hold,30.26,30.11,45.39,"{'pressure_k': 0.0, 'spread': 0.030000000000001137, 'depth_imb_k': 0.30647767612891735, 'micro_off': -0.005000000000002558, 'spread_mean_10s': 0.024102564102564044, 'depth_imb_k_mean_10s': 0.3469785023482636, 'depth_imb_k_mean_60s': 0.3095153725613954, 'dist_vwap_bps': None, 'hl_range_pct': None, 'oc_change_pct': None, 'volume_rel_20': None, 'atr_pct': None, 'position_in_range': None, 'rsi': None, 'bb_position': None, 'ret_3': None, 'ret_10': None, 'session_bucket': 0.0}"
2026-04-08|IONQ|2026-04-08T09:41:00-04:00|long|12,2026-04-08,IONQ,2026-04-08T09:41:00-04:00,long,12,0.670758843421936,True,shadow,entry_next_bar_open_time_exit_at_selected_hold,30.18,30.03,45.27,"{'pressure_k': 0.0, 'spread': 0.019999999999999574, 'depth_imb_k': 0.4785868800679487, 'micro_off': -0.006666666666667709, 'spread_mean_10s': 0.018749999999998223, 'depth_imb_k_mean_10s': 0.43860974779236556, 'depth_imb_k_mean_60s': 0.4258448441998913, 'dist_vwap_bps': None, 'hl_range_pct': None, 'oc_change_pct': None, 'volume_rel_20': None, 'atr_pct': None, 'position_in_range': None, 'rsi': None, 'bb_position': None, 'ret_3': None, 'ret_10': None, 'session_bucket': 0.0}"
2026-04-08|IONQ|2026-04-08T09:42:00-04:00|long|8,2026-04-08,IONQ,2026-04-08T09:42:00-04:00,long,8,0.6164987087249756,True,shadow,entry_next_bar_open_time_exit_at_selected_hold,30.12,29.97,45.18,"{'pressure_k': 0.0, 'spread': 0.019999999999999574, 'depth_imb_k': 0.660876553793399, 'micro_off': 0.009230769230768487, 'spread_mean_10s': 0.020256410256407138, 'depth_imb_k_mean_10s': 0.44676802012040256, 'depth_imb_k_mean_60s': 0.3366049894948157, 'dist_vwap_bps': None, 'hl_range_pct': None, 'oc_change_pct': None, 'volume_rel_20': None, 'atr_pct': None, 'position_in_range': None, 'rsi': None, 'bb_position': None, 'ret_3': None, 'ret_10': None, 'session_bucket': 0.0}"
2026-04-08|IONQ|2026-04-08T09:43:00-04:00|long|8,2026-04-08,IONQ,2026-04-08T09:43:00-04:00,long,8,0.49045923352241516,True,shadow,entry_next_bar_open_time_exit_at_selected_hold,30.07,29.92,45.11,"{'pressure_k': 0.0, 'spread': 0.019999999999999574, 'depth_imb_k': -0.39216380949626556, 'micro_off': 3.552713678800501e-15, 'spread_mean_10s': 0.022564102564100626, 'depth_imb_k_mean_10s': -0.2229727584222762, 'depth_imb_k_mean_60s': 0.10135420107915516, 'dist_vwap_bps': None, 'hl_range_pct': None, 'oc_change_pct': None, 'volume_rel_20': None, 'atr_pct': None, 'position_in_range': None, 'rsi': None, 'bb_position': None, 'ret_3': None, 'ret_10': None, 'session_bucket': 0.0}"
2026-04-08|IONQ|2026-04-08T09:44:00-04:00|long|12,2026-04-08,IONQ,2026-04-08T09:44:00-04:00,long,12,0.6659100651741028,True,shadow,entry_next_bar_open_time_exit_at_selected_hold,30.02,29.87,45.03,"{'pressure_k': 0.0, 'spread': 0.00999999999999801, 'depth_imb_k': 0.07225527487889723, 'micro_off': 0.0, 'spread_mean_10s': 0.017647058823526737, 'depth_imb_k_mean_10s': -0.07245901500516372, 'depth_imb_k_mean_60s': -0.1335513962138236, 'dist_vwap_bps': None, 'hl_range_pct': None, 'oc_change_pct': None, 'volume_rel_20': None, 'atr_pct': None, 'position_in_range': None, 'rsi': None, 'bb_position': None, 'ret_3': None, 'ret_10': None, 'session_bucket': 0.0}"
2026-04-08|IONQ|2026-04-08T09:45:00-04:00|long|8,2026-04-08,IONQ,2026-04-08T09:45:00-04:00,long,8,0.5460760593414307,True,shadow,entry_next_bar_open_time_exit_at_selected_hold,29.915,29.77,44.87,"{'pressure_k': 0.0, 'spread': 0.019999999999999574, 'depth_imb_k': 0.1877922806255823, 'micro_off': 0.0, 'spread_mean_10s': 0.02076923076922937, 'depth_imb_k_mean_10s': 0.16343993639058524, 'depth_imb_k_mean_60s': 0.07925530156852933, 'dist_vwap_bps': None, 'hl_range_pct': None, 'oc_change_pct': None, 'volume_rel_20': None, 'atr_pct': None, 'position_in_range': None, 'rsi': None, 'bb_position': None, 'ret_3': None, 'ret_10': None, 'session_bucket': 0.0}"
2026-04-08|IONQ|2026-04-08T09:46:00-04:00|long|12,2026-04-08,IONQ,2026-04-08T09:46:00-04:00,long,12,0.7388629913330078,True,shadow,entry_next_bar_open_time_exit_at_selected_hold,30.045,29.89,45.07,"{'pressure_k': 0.0, 'spread': 0.05000000000000071, 'depth_imb_k': -0.8235196238300971, 'micro_off': 0.02450495049504653, 'spread_mean_10s': 0.018974358974362122, 'depth_imb_k_mean_10s': -0.7351376156359806, 'depth_imb_k_mean_60s': -0.5237280460153855, 'dist_vwap_bps': None, 'hl_range_pct': None, 'oc_change_pct': None, 'volume_rel_20': None, 'atr_pct': None, 'position_in_range': None, 'rsi': None, 'bb_position': None, 'ret_3': None, 'ret_10': None, 'session_bucket': 0.0}"
2026-04-08|IONQ|2026-04-08T09:47:00-04:00|long|3,2026-04-08,IONQ,2026-04-08T09:47:00-04:00,long,3,0.49791210889816284,True,shadow,entry_next_bar_open_time_exit_at_selected_hold,30.1,29.95,45.15,"{'pressure_k': 0.0, 'spread': 0.030000000000001137, 'depth_imb_k': -0.14365698198554416, 'micro_off': -0.0016666666666687036, 'spread_mean_10s': 0.019473684210531042, 'depth_imb_k_mean_10s': -0.09303930998751603, 'depth_imb_k_mean_60s': -0.5012415361854697, 'dist_vwap_bps': None, 'hl_range_pct': None, 'oc_change_pct': None, 'volume_rel_20': None, 'atr_pct': None, 'position_in_range': None, 'rsi': None, 'bb_position': None, 'ret_3': None, 'ret_10': None, 'session_bucket': 0.0}"
2026-04-08|IONQ|2026-04-08T09:48:00-04:00|long|12,2026-04-08,IONQ,2026-04-08T09:48:00-04:00,long,12,0.41746631264686584,True,shadow,entry_next_bar_open_time_exit_at_selected_hold,30.12,29.97,45.18,"{'pressure_k': 0.0, 'spread': 0.019999999999999574, 'depth_imb_k': -0.2744717056274967, 'micro_off': 0.003333333333337407, 'spread_mean_10s': 0.024871794871800672, 'depth_imb_k_mean_10s': -0.2700660406613828, 'depth_imb_k_mean_60s': -0.17399297781031137, 'dist_vwap_bps': None, 'hl_range_pct': None, 'oc_change_pct': None, 'volume_rel_20': None, 'atr_pct': None, 'position_in_range': None, 'rsi': None, 'bb_position': None, 'ret_3': None, 'ret_10': None, 'session_bucket': 0.0}"
2026-04-08|IONQ|2026-04-08T09:49:00-04:00|long|8,2026-04-08,IONQ,2026-04-08T09:49:00-04:00,long,8,0.5739943385124207,True,shadow,entry_next_bar_open_time_exit_at_selected_hold,30.11,29.96,45.16,"{'pressure_k': 0.0, 'spread': 0.019999999999999574, 'depth_imb_k': 0.1783700928212552, 'micro_off': 3.552713678800501e-15, 'spread_mean_10s': 0.025641025641030744, 'depth_imb_k_mean_10s': -0.20061769202560725, 'depth_imb_k_mean_60s': -0.06899875009524954, 'dist_vwap_bps': None, 'hl_range_pct': None, 'oc_change_pct': None, 'volume_rel_20': None, 'atr_pct': None, 'position_in_range': None, 'rsi': None, 'bb_position': None, 'ret_3': None, 'ret_10': None, 'session_bucket': 0.0}"
2026-04-08|IONQ|2026-04-08T09:50:00-04:00|long|8,2026-04-08,IONQ,2026-04-08T09:50:00-04:00,long,8,0.5339843034744263,True,shadow,entry_next_bar_open_time_exit_at_selected_hold,29.945,29.8,44.92,"{'pressure_k': 0.0, 'spread': 0.019999999999999574, 'depth_imb_k': -0.05577967181291516, 'micro_off': 0.005555555555556424, 'spread_mean_10s': 0.0237500000000054, 'depth_imb_k_mean_10s': -0.060052564565721764, 'depth_imb_k_mean_60s': 0.24142751677717544, 'dist_vwap_bps': None, 'hl_range_pct': None, 'oc_change_pct': None, 'volume_rel_20': None, 'atr_pct': None, 'position_in_range': None, 'rsi': None, 'bb_position': None, 'ret_3': None, 'ret_10': None, 'session_bucket': 0.0}"
2026-04-08|IONQ|2026-04-08T09:51:00-04:00|long|8,2026-04-08,IONQ,2026-04-08T09:51:00-04:00,long,8,0.5602779984474182,True,shadow,entry_next_bar_open_time_exit_at_selected_hold,29.74,29.59,44.61,"{'pressure_k': 0.0, 'spread': 0.019999999999999574, 'depth_imb_k': -0.0013257646487657318, 'micro_off': -3.552713678800501e-15, 'spread_mean_10s': 0.016250000000001562, 'depth_imb_k_mean_10s': 0.10439320124626299, 'depth_imb_k_mean_60s': 0.03443807806219492, 'dist_vwap_bps': None, 'hl_range_pct': None, 'oc_change_pct': None, 'volume_rel_20': None, 'atr_pct': None, 'position_in_range': None, 'rsi': None, 'bb_position': None, 'ret_3': None, 'ret_10': None, 'session_bucket': 0.0}"
2026-04-08|IONQ|2026-04-08T09:52:00-04:00|long|8,2026-04-08,IONQ,2026-04-08T09:52:00-04:00,long,8,0.5750875473022461,True,shadow,entry_next_bar_open_time_exit_at_selected_hold,29.66,29.51,44.49,"{'pressure_k': 0.0, 'spread': 0.020000000000003126, 'depth_imb_k': 0.6482856497333769, 'micro_off': 0.0033333333333338544, 'spread_mean_10s': 0.016410256410259703, 'depth_imb_k_mean_10s': 0.3528401316502094, 'depth_imb_k_mean_60s': 0.34894734248605236, 'dist_vwap_bps': None, 'hl_range_pct': None, 'oc_change_pct': None, 'volume_rel_20': None, 'atr_pct': None, 'position_in_range': None, 'rsi': None, 'bb_position': None, 'ret_3': None, 'ret_10': None, 'session_bucket': 0.0}"
2026-04-08|IONQ|2026-04-08T09:53:00-04:00|long|12,2026-04-08,IONQ,2026-04-08T09:53:00-04:00,long,12,0.5600777268409729,True,shadow,entry_next_bar_open_time_exit_at_selected_hold,29.66,29.51,44.49,"{'pressure_k': 0.0, 'spread': 0.010000000000001563, 'depth_imb_k': 0.2374669829119724, 'micro_off': -0.0016666666666687036, 'spread_mean_10s': 0.013249999999995765, 'depth_imb_k_mean_10s': 0.5105414790287028, 'depth_imb_k_mean_60s': 0.5668902223842643, 'dist_vwap_bps': None, 'hl_range_pct': None, 'oc_change_pct': None, 'volume_rel_20': None, 'atr_pct': None, 'position_in_range': None, 'rsi': None, 'bb_position': None, 'ret_3': None, 'ret_10': None, 'session_bucket': 0.0}"
2026-04-08|IONQ|2026-04-08T09:54:00-04:00|long|12,2026-04-08,IONQ,2026-04-08T09:54:00-04:00,long,12,0.6198471188545227,True,shadow,entry_next_bar_open_time_exit_at_selected_hold,29.645,29.5,44.47,"{'pressure_k': 0.0, 'spread': 0.019999999999999574, 'depth_imb_k': -0.06278718812158393, 'micro_off': 0.004999999999999005, 'spread_mean_10s': 0.022564102564109734, 'depth_imb_k_mean_10s': 0.01596759953035769, 'depth_imb_k_mean_60s': -0.20199484416716848, 'dist_vwap_bps': None, 'hl_range_pct': None, 'oc_change_pct': None, 'volume_rel_20': None, 'atr_pct': None, 'position_in_range': None, 'rsi': None, 'bb_position': None, 'ret_3': None, 'ret_10': None, 'session_bucket': 0.0}"
2026-04-08|IONQ|2026-04-08T09:55:00-04:00|long|8,2026-04-08,IONQ,2026-04-08T09:55:00-04:00,long,8,0.4998997747898102,True,shadow,entry_next_bar_open_time_exit_at_selected_hold,29.6395,29.49,44.46,"{'pressure_k': 0.0, 'spread': 0.019999999999999574, 'depth_imb_k': -0.35482588130025966, 'micro_off': -0.005000000000002558, 'spread_mean_10s': 0.016500000000003467, 'depth_imb_k_mean_10s': -0.40119745084581704, 'depth_imb_k_mean_60s': -0.4683409276758377, 'dist_vwap_bps': None, 'hl_range_pct': None, 'oc_change_pct': None, 'volume_rel_20': None, 'atr_pct': None, 'position_in_range': None, 'rsi': None, 'bb_position': None, 'ret_3': None, 'ret_10': None, 'session_bucket': 0.0}"
2026-04-08|IONQ|2026-04-08T09:56:00-04:00|long|8,2026-04-08,IONQ,2026-04-08T09:56:00-04:00,long,8,0.7372631430625916,True,shadow,entry_next_bar_open_time_exit_at_selected_hold,29.545,29.4,44.32,"{'pressure_k': 0.0, 'spread': 0.019999999999999574, 'depth_imb_k': 0.33852501846880123, 'micro_off': 0.0033333333333338544, 'spread_mean_10s': 0.016923076923081207, 'depth_imb_k_mean_10s': -0.06503870350520066, 'depth_imb_k_mean_60s': -0.4141366334919123, 'dist_vwap_bps': None, 'hl_range_pct': None, 'oc_change_pct': None, 'volume_rel_20': None, 'atr_pct': None, 'position_in_range': None, 'rsi': None, 'bb_position': None, 'ret_3': None, 'ret_10': None, 'session_bucket': 0.0}"
2026-04-08|IONQ|2026-04-08T09:57:00-04:00|long|8,2026-04-08,IONQ,2026-04-08T09:57:00-04:00,long,8,0.48005226254463196,True,shadow,entry_next_bar_open_time_exit_at_selected_hold,29.515,29.37,44.27,"{'pressure_k': 0.0, 'spread': 0.019999999999999574, 'depth_imb_k': 0.3931631481317905, 'micro_off': 0.005000000000002558, 'spread_mean_10s': 0.01948717948718217, 'depth_imb_k_mean_10s': 0.2782745466084226, 'depth_imb_k_mean_60s': 0.06915100387772949, 'dist_vwap_bps': None, 'hl_range_pct': None, 'oc_change_pct': None, 'volume_rel_20': None, 'atr_pct': None, 'position_in_range': None, 'rsi': None, 'bb_position': None, 'ret_3': None, 'ret_10': None, 'session_bucket': 0.0}"
2026-04-08|IONQ|2026-04-08T09:58:00-04:00|long|8,2026-04-08,IONQ,2026-04-08T09:58:00-04:00,long,8,0.5992652773857117,True,shadow,entry_next_bar_open_time_exit_at_selected_hold,29.345,29.2,44.02,"{'pressure_k': 0.0, 'spread': 0.019999999999999574, 'depth_imb_k': 0.051346117061973985, 'micro_off': 0.006666666666664156, 'spread_mean_10s': 0.016250000000003696, 'depth_imb_k_mean_10s': -0.08996491871046856, 'depth_imb_k_mean_60s': 0.15847077942154444, 'dist_vwap_bps': None, 'hl_range_pct': None, 'oc_change_pct': None, 'volume_rel_20': None, 'atr_pct': None, 'position_in_range': None, 'rsi': None, 'bb_position': None, 'ret_3': None, 'ret_10': None, 'session_bucket': 0.0}"
2026-04-08|IONQ|2026-04-08T09:59:00-04:00|long|12,2026-04-08,IONQ,2026-04-08T09:59:00-04:00,long,12,0.5730112195014954,True,shadow,entry_next_bar_open_time_exit_at_selected_hold,29.43,29.28,44.14,"{'pressure_k': 0.0, 'spread': 0.00999999999999801, 'depth_imb_k': -0.2929705999533929, 'micro_off': 0.0016666666666651508, 'spread_mean_10s': 0.02300000000000324, 'depth_imb_k_mean_10s': -0.20777638067490506, 'depth_imb_k_mean_60s': 0.018513728181622627, 'dist_vwap_bps': None, 'hl_range_pct': None, 'oc_change_pct': None, 'volume_rel_20': None, 'atr_pct': None, 'position_in_range': None, 'rsi': None, 'bb_position': None, 'ret_3': None, 'ret_10': None, 'session_bucket': 0.0}"
2026-04-08|IONQ|2026-04-08T10:00:00-04:00|long|8,2026-04-08,IONQ,2026-04-08T10:00:00-04:00,long,8,0.47907090187072754,True,shadow,entry_next_bar_open_time_exit_at_selected_hold,29.3,29.15,43.95,"{'pressure_k': 0.0, 'spread': 0.019999999999999574, 'depth_imb_k': 0.17872426074857137, 'micro_off': -3.552713678800501e-15, 'spread_mean_10s': 0.016000000000002502, 'depth_imb_k_mean_10s': 0.18991752207771243, 'depth_imb_k_mean_60s': 0.19635090870588312, 'dist_vwap_bps': None, 'hl_range_pct': None, 'oc_change_pct': None, 'volume_rel_20': None, 'atr_pct': None, 'position_in_range': None, 'rsi': None, 'bb_position': None, 'ret_3': None, 'ret_10': None, 'session_bucket': 0.0}"
2026-04-08|IONQ|2026-04-08T10:01:00-04:00|long|12,2026-04-08,IONQ,2026-04-08T10:01:00-04:00,long,12,0.41049453616142273,True,shadow,entry_next_bar_open_time_exit_at_selected_hold,29.32,29.17,43.98,"{'pressure_k': 0.0, 'spread': 0.00999999999999801, 'depth_imb_k': -0.25558883303027063, 'micro_off': 0.0, 'spread_mean_10s': 0.015294117647058288, 'depth_imb_k_mean_10s': -0.15167763567491352, 'depth_imb_k_mean_60s': -0.10697428102208038, 'dist_vwap_bps': None, 'hl_range_pct': None, 'oc_change_pct': None, 'volume_rel_20': None, 'atr_pct': None, 'position_in_range': None, 'rsi': None, 'bb_position': None, 'ret_3': None, 'ret_10': None, 'session_bucket': 1.0}"
2026-04-08|IONQ|2026-04-08T10:02:00-04:00|long|8,2026-04-08,IONQ,2026-04-08T10:02:00-04:00,long,8,0.38177040219306946,True,shadow,entry_next_bar_open_time_exit_at_selected_hold,29.3,29.15,43.95,"{'pressure_k': 0.0, 'spread': 0.019999999999999574, 'depth_imb_k': -0.20086691638864476, 'micro_off': 3.552713678800501e-15, 'spread_mean_10s': 0.020000000000005968, 'depth_imb_k_mean_10s': -0.04229741223408112, 'depth_imb_k_mean_60s': -0.05873127855254012, 'dist_vwap_bps': None, 'hl_range_pct': None, 'oc_change_pct': None, 'volume_rel_20': None, 'atr_pct': None, 'position_in_range': None, 'rsi': None, 'bb_position': None, 'ret_3': None, 'ret_10': None, 'session_bucket': 1.0}"
2026-04-08|IONQ|2026-04-08T10:03:00-04:00|long|12,2026-04-08,IONQ,2026-04-08T10:03:00-04:00,long,12,0.4370604455471039,True,shadow,entry_next_bar_open_time_exit_at_selected_hold,29.28,29.13,43.92,"{'pressure_k': 0.0, 'spread': 0.019999999999999574, 'depth_imb_k': -0.21017347652030247, 'micro_off': -0.0020000000000024443, 'spread_mean_10s': 0.016500000000002048, 'depth_imb_k_mean_10s': -0.01667711730247774, 'depth_imb_k_mean_60s': -0.03148500164592198, 'dist_vwap_bps': None, 'hl_range_pct': None, 'oc_change_pct': None, 'volume_rel_20': None, 'atr_pct': None, 'position_in_range': None, 'rsi': None, 'bb_position': None, 'ret_3': None, 'ret_10': None, 'session_bucket': 1.0}"
2026-04-08|IONQ|2026-04-08T10:04:00-04:00|long|12,2026-04-08,IONQ,2026-04-08T10:04:00-04:00,long,12,0.46738919615745544,True,shadow,entry_next_bar_open_time_exit_at_selected_hold,29.17,29.02,43.76,"{'pressure_k': 0.0, 'spread': 0.010000000000001563, 'depth_imb_k': -0.0006940078545359537, 'micro_off': -0.0024999999999977263, 'spread_mean_10s': 0.017000000000004435, 'depth_imb_k_mean_10s': 0.12316868117619251, 'depth_imb_k_mean_60s': 0.04622975140686319, 'dist_vwap_bps': None, 'hl_range_pct': None, 'oc_change_pct': None, 'volume_rel_20': None, 'atr_pct': None, 'position_in_range': None, 'rsi': None, 'bb_position': None, 'ret_3': None, 'ret_10': None, 'session_bucket': 1.0}"
2026-04-08|IONQ|2026-04-08T10:05:00-04:00|long|12,2026-04-08,IONQ,2026-04-08T10:05:00-04:00,long,12,0.3928315043449402,True,shadow,entry_next_bar_open_time_exit_at_selected_hold,29.26,29.11,43.89,"{'pressure_k': 0.0, 'spread': 0.020000000000003126, 'depth_imb_k': -0.025307592277683304, 'micro_off': 0.006666666666667709, 'spread_mean_10s': 0.013035714285711058, 'depth_imb_k_mean_10s': -0.04857842210185938, 'depth_imb_k_mean_60s': -0.059381908823530366, 'dist_vwap_bps': None, 'hl_range_pct': None, 'oc_change_pct': None, 'volume_rel_20': None, 'atr_pct': None, 'position_in_range': None, 'rsi': None, 'bb_position': None, 'ret_3': None, 'ret_10': None, 'session_bucket': 1.0}"
2026-04-08|IONQ|2026-04-08T10:06:00-04:00|long|12,2026-04-08,IONQ,2026-04-08T10:06:00-04:00,long,12,0.41657155752182007,True,shadow,entry_next_bar_open_time_exit_at_selected_hold,29.32,29.17,43.98,"{'pressure_k': 0.0, 'spread': 0.019999999999999574, 'depth_imb_k': -0.19128789416837882, 'micro_off': -0.0033333333333338544, 'spread_mean_10s': 0.016666666666670455, 'depth_imb_k_mean_10s': -0.0819620108168897, 'depth_imb_k_mean_60s': 0.005244793346804071, 'dist_vwap_bps': None, 'hl_range_pct': None, 'oc_change_pct': None, 'volume_rel_20': None, 'atr_pct': None, 'position_in_range': None, 'rsi': None, 'bb_position': None, 'ret_3': None, 'ret_10': None, 'session_bucket': 1.0}"
2026-04-08|IONQ|2026-04-08T10:07:00-04:00|long|12,2026-04-08,IONQ,2026-04-08T10:07:00-04:00,long,12,0.4385429918766022,True,shadow,entry_next_bar_open_time_exit_at_selected_hold,29.27,29.12,43.91,"{'pressure_k': 0.0, 'spread': 0.00999999999999801, 'depth_imb_k': 0.32294033662450483, 'micro_off': -0.002500000000001279, 'spread_mean_10s': 0.013846153846152185, 'depth_imb_k_mean_10s': 0.19827715881062055, 'depth_imb_k_mean_60s': 0.03412063950128967, 'dist_vwap_bps': None, 'hl_range_pct': None, 'oc_change_pct': None, 'volume_rel_20': None, 'atr_pct': None, 'position_in_range': None, 'rsi': None, 'bb_position': None, 'ret_3': None, 'ret_10': None, 'session_bucket': 1.0}"
2026-04-08|IONQ|2026-04-08T10:08:00-04:00|long|12,2026-04-08,IONQ,2026-04-08T10:08:00-04:00,long,12,0.4376547038555145,True,shadow,entry_next_bar_open_time_exit_at_selected_hold,29.27,29.12,43.91,"{'pressure_k': 0.0, 'spread': 0.0, 'depth_imb_k': 0.169284580337898, 'micro_off': 0.0, 'spread_mean_10s': 0.016944444444445612, 'depth_imb_k_mean_10s': 0.15001618382428658, 'depth_imb_k_mean_60s': 0.02383295151734124, 'dist_vwap_bps': None, 'hl_range_pct': None, 'oc_change_pct': None, 'volume_rel_20': None, 'atr_pct': None, 'position_in_range': None, 'rsi': None, 'bb_position': None, 'ret_3': None, 'ret_10': None, 'session_bucket': 1.0}"
2026-04-08|IONQ|2026-04-08T10:09:00-04:00|long|12,2026-04-08,IONQ,2026-04-08T10:09:00-04:00,long,12,0.43462109565734863,True,shadow,entry_next_bar_open_time_exit_at_selected_hold,29.2218,29.08,43.83,"{'pressure_k': 0.0, 'spread': 0.010000000000001563, 'depth_imb_k': -0.2688507627090357, 'micro_off': -0.002500000000001279, 'spread_mean_10s': 0.018461538461543532, 'depth_imb_k_mean_10s': -0.08899508746965341, 'depth_imb_k_mean_60s': 0.053791019639016335, 'dist_vwap_bps': None, 'hl_range_pct': None, 'oc_change_pct': None, 'volume_rel_20': None, 'atr_pct': None, 'position_in_range': None, 'rsi': None, 'bb_position': None, 'ret_3': None, 'ret_10': None, 'session_bucket': 1.0}"
2026-04-08|IONQ|2026-04-08T10:10:00-04:00|long|12,2026-04-08,IONQ,2026-04-08T10:10:00-04:00,long,12,0.48729461431503296,True,shadow,entry_next_bar_open_time_exit_at_selected_hold,29.14,28.99,43.71,"{'pressure_k': 0.0, 'spread': 0.0, 'depth_imb_k': -0.09135514990228284, 'micro_off': 0.0, 'spread_mean_10s': 0.0164179104477662, 'depth_imb_k_mean_10s': 0.1890971488288413, 'depth_imb_k_mean_60s': 0.09954037870588721, 'dist_vwap_bps': None, 'hl_range_pct': None, 'oc_change_pct': None, 'volume_rel_20': None, 'atr_pct': None, 'position_in_range': None, 'rsi': None, 'bb_position': None, 'ret_3': None, 'ret_10': None, 'session_bucket': 1.0}"
2026-04-08|IONQ|2026-04-08T10:11:00-04:00|long|5,2026-04-08,IONQ,2026-04-08T10:11:00-04:00,long,5,0.4595031142234802,True,shadow,entry_next_bar_open_time_exit_at_selected_hold,29.065,28.92,43.6,"{'pressure_k': 0.0, 'spread': 0.019999999999999574, 'depth_imb_k': 0.6750213410682602, 'micro_off': -0.005555555555556424, 'spread_mean_10s': 0.01925000000000878, 'depth_imb_k_mean_10s': 0.27830397120261663, 'depth_imb_k_mean_60s': 0.1496790579433314, 'dist_vwap_bps': None, 'hl_range_pct': None, 'oc_change_pct': None, 'volume_rel_20': None, 'atr_pct': None, 'position_in_range': None, 'rsi': None, 'bb_position': None, 'ret_3': None, 'ret_10': None, 'session_bucket': 1.0}"
2026-04-08|IONQ|2026-04-08T10:12:00-04:00|long|5,2026-04-08,IONQ,2026-04-08T10:12:00-04:00,long,5,0.4625917971134186,True,shadow,entry_next_bar_open_time_exit_at_selected_hold,29.17,29.02,43.76,"{'pressure_k': 0.0, 'spread': 0.010000000000001563, 'depth_imb_k': -0.7717003974319779, 'micro_off': -0.002500000000001279, 'spread_mean_10s': 0.018461538461543532, 'depth_imb_k_mean_10s': -0.17344401430519824, 'depth_imb_k_mean_60s': 0.03151187659400611, 'dist_vwap_bps': None, 'hl_range_pct': None, 'oc_change_pct': None, 'volume_rel_20': None, 'atr_pct': None, 'position_in_range': None, 'rsi': None, 'bb_position': None, 'ret_3': None, 'ret_10': None, 'session_bucket': 1.0}"
2026-04-08|IONQ|2026-04-08T10:13:00-04:00|long|12,2026-04-08,IONQ,2026-04-08T10:13:00-04:00,long,12,0.4063591957092285,True,shadow,entry_next_bar_open_time_exit_at_selected_hold,29.1301,28.98,43.7,"{'pressure_k': 0.0, 'spread': 0.010000000000001563, 'depth_imb_k': -0.13122631092010625, 'micro_off': -0.0024999999999977263, 'spread_mean_10s': 0.01743589743589907, 'depth_imb_k_mean_10s': 0.007259169137394285, 'depth_imb_k_mean_60s': -0.10082875815349936, 'dist_vwap_bps': None, 'hl_range_pct': None, 'oc_change_pct': None, 'volume_rel_20': None, 'atr_pct': None, 'position_in_range': None, 'rsi': None, 'bb_position': None, 'ret_3': None, 'ret_10': None, 'session_bucket': 1.0}"
2026-04-08|IONQ|2026-04-08T10:14:00-04:00|short|12,2026-04-08,IONQ,2026-04-08T10:14:00-04:00,short,12,0.36994272470474243,True,shadow,entry_next_bar_open_time_exit_at_selected_hold,29.19,29.34,14.6,"{'pressure_k': 0.0, 'spread': 0.019999999999999574, 'depth_imb_k': -0.22297856945647723, 'micro_off': -0.004999999999999005, 'spread_mean_10s': 0.018717948717954284, 'depth_imb_k_mean_10s': -0.2578106870985674, 'depth_imb_k_mean_60s': -0.31501504758479865, 'dist_vwap_bps': None, 'hl_range_pct': None, 'oc_change_pct': None, 'volume_rel_20': None, 'atr_pct': None, 'position_in_range': None, 'rsi': None, 'bb_position': None, 'ret_3': None, 'ret_10': None, 'session_bucket': 1.0}"
2026-04-08|IONQ|2026-04-08T10:15:00-04:00|short|5,2026-04-08,IONQ,2026-04-08T10:15:00-04:00,short,5,0.42526891827583313,True,shadow,entry_next_bar_open_time_exit_at_selected_hold,29.2003,29.35,14.6,"{'pressure_k': 0.0, 'spread': 0.010000000000001563, 'depth_imb_k': -0.11174008978163281, 'micro_off': -0.0016666666666651508, 'spread_mean_10s': 0.015128205128205945, 'depth_imb_k_mean_10s': 0.10157219380366346, 'depth_imb_k_mean_60s': 0.003041857186209579, 'dist_vwap_bps': None, 'hl_range_pct': None, 'oc_change_pct': None, 'volume_rel_20': None, 'atr_pct': None, 'position_in_range': None, 'rsi': None, 'bb_position': None, 'ret_3': None, 'ret_10': None, 'session_bucket': 1.0}"
2026-04-08|IONQ|2026-04-08T10:16:00-04:00|short|5,2026-04-08,IONQ,2026-04-08T10:16:00-04:00,short,5,0.3734106123447418,True,shadow,entry_next_bar_open_time_exit_at_selected_hold,29.195,29.34,14.6,"{'pressure_k': 0.0, 'spread': 0.00999999999999801, 'depth_imb_k': 0.1420202827841099, 'micro_off': 0.0, 'spread_mean_10s': 0.01051282051281095, 'depth_imb_k_mean_10s': -0.05613020577540139, 'depth_imb_k_mean_60s': -0.10891802278109736, 'dist_vwap_bps': None, 'hl_range_pct': None, 'oc_change_pct': None, 'volume_rel_20': None, 'atr_pct': None, 'position_in_range': None, 'rsi': None, 'bb_position': None, 'ret_3': None, 'ret_10': None, 'session_bucket': 1.0}"
2026-04-08|IONQ|2026-04-08T10:17:00-04:00|short|3,2026-04-08,IONQ,2026-04-08T10:17:00-04:00,short,3,0.38584405183792114,True,shadow,entry_next_bar_open_time_exit_at_selected_hold,29.2,29.35,14.6,"{'pressure_k': 0.0, 'spread': 0.019999999999999574, 'depth_imb_k': 0.11468773077328832, 'micro_off': 0.0033333333333303017, 'spread_mean_10s': 0.019743589743571786, 'depth_imb_k_mean_10s': 0.09267669183646267, 'depth_imb_k_mean_60s': -0.04925347915954097, 'dist_vwap_bps': None, 'hl_range_pct': None, 'oc_change_pct': None, 'volume_rel_20': None, 'atr_pct': None, 'position_in_range': None, 'rsi': None, 'bb_position': None, 'ret_3': None, 'ret_10': None, 'session_bucket': 1.0}"
2026-04-08|IONQ|2026-04-08T10:18:00-04:00|long|8,2026-04-08,IONQ,2026-04-08T10:18:00-04:00,long,8,0.3710003197193146,True,shadow,entry_next_bar_open_time_exit_at_selected_hold,29.15,29.0,43.72,"{'pressure_k': 0.0, 'spread': 0.019999999999999574, 'depth_imb_k': 0.3326679869633696, 'micro_off': 0.0033333333333338544, 'spread_mean_10s': 0.02199999999997999, 'depth_imb_k_mean_10s': 0.10612741953092675, 'depth_imb_k_mean_60s': -0.027117146869949815, 'dist_vwap_bps': None, 'hl_range_pct': None, 'oc_change_pct': None, 'volume_rel_20': None, 'atr_pct': None, 'position_in_range': None, 'rsi': None, 'bb_position': None, 'ret_3': None, 'ret_10': None, 'session_bucket': 1.0}"
2026-04-08|IONQ|2026-04-08T10:19:00-04:00|long|12,2026-04-08,IONQ,2026-04-08T10:19:00-04:00,long,12,0.35456520318984985,True,shadow,entry_next_bar_open_time_exit_at_selected_hold,29.11,28.96,43.66,"{'pressure_k': 0.0, 'spread': 0.019999999999999574, 'depth_imb_k': -0.05344021979809665, 'micro_off': -0.0033333333333303017, 'spread_mean_10s': 0.017499999999984084, 'depth_imb_k_mean_10s': -0.06743147118657973, 'depth_imb_k_mean_60s': 0.04516523563624629, 'dist_vwap_bps': None, 'hl_range_pct': None, 'oc_change_pct': None, 'volume_rel_20': None, 'atr_pct': None, 'position_in_range': None, 'rsi': None, 'bb_position': None, 'ret_3': None, 'ret_10': None, 'session_bucket': 1.0}"
2026-04-08|IONQ|2026-04-08T10:20:00-04:00|long|8,2026-04-08,IONQ,2026-04-08T10:20:00-04:00,long,8,0.37191706895828247,True,shadow,entry_next_bar_open_time_exit_at_selected_hold,29.11,28.96,43.66,"{'pressure_k': 0.0, 'spread': 0.019999999999999574, 'depth_imb_k': 0.1868692291174576, 'micro_off': -0.0014285714285691142, 'spread_mean_10s': 0.01524999999998613, 'depth_imb_k_mean_10s': 0.18207651242728176, 'depth_imb_k_mean_60s': 0.09316236045391187, 'dist_vwap_bps': None, 'hl_range_pct': None, 'oc_change_pct': None, 'volume_rel_20': None, 'atr_pct': None, 'position_in_range': None, 'rsi': None, 'bb_position': None, 'ret_3': None, 'ret_10': None, 'session_bucket': 1.0}"
2026-04-08|IONQ|2026-04-08T10:21:00-04:00|short|12,2026-04-08,IONQ,2026-04-08T10:21:00-04:00,short,12,0.38522037863731384,True,shadow,entry_next_bar_open_time_exit_at_selected_hold,29.0872,29.23,14.54,"{'pressure_k': 0.0, 'spread': 0.019999999999999574, 'depth_imb_k': -0.1436290401807643, 'micro_off': -0.007142857142856229, 'spread_mean_10s': 0.012564102564091137, 'depth_imb_k_mean_10s': -0.016833760289991246, 'depth_imb_k_mean_60s': 0.12225763727923529, 'dist_vwap_bps': None, 'hl_range_pct': None, 'oc_change_pct': None, 'volume_rel_20': None, 'atr_pct': None, 'position_in_range': None, 'rsi': None, 'bb_position': None, 'ret_3': None, 'ret_10': None, 'session_bucket': 1.0}"
2026-04-08|IONQ|2026-04-08T10:22:00-04:00|short|12,2026-04-08,IONQ,2026-04-08T10:22:00-04:00,short,12,0.3793708384037018,True,shadow,entry_next_bar_open_time_exit_at_selected_hold,29.16,29.31,14.58,"{'pressure_k': 0.0, 'spread': 0.019999999999999574, 'depth_imb_k': -0.13120403383408172, 'micro_off': 0.0033333333333338544, 'spread_mean_10s': 0.019249999999982493, 'depth_imb_k_mean_10s': -0.10042777506239738, 'depth_imb_k_mean_60s': -0.1110384569658099, 'dist_vwap_bps': None, 'hl_range_pct': None, 'oc_change_pct': None, 'volume_rel_20': None, 'atr_pct': None, 'position_in_range': None, 'rsi': None, 'bb_position': None, 'ret_3': None, 'ret_10': None, 'session_bucket': 1.0}"
2026-04-08|IONQ|2026-04-08T10:23:00-04:00|long|8,2026-04-08,IONQ,2026-04-08T10:23:00-04:00,long,8,0.3597537577152252,True,shadow,entry_next_bar_open_time_exit_at_selected_hold,29.05,28.9,43.58,"{'pressure_k': 0.0, 'spread': 0.019999999999999574, 'depth_imb_k': 0.26922887760734016, 'micro_off': -0.0019999999999988916, 'spread_mean_10s': 0.017749999999983855, 'depth_imb_k_mean_10s': 0.14192217451820746, 'depth_imb_k_mean_60s': -0.054370978181460757, 'dist_vwap_bps': None, 'hl_range_pct': None, 'oc_change_pct': None, 'volume_rel_20': None, 'atr_pct': None, 'position_in_range': None, 'rsi': None, 'bb_position': None, 'ret_3': None, 'ret_10': None, 'session_bucket': 1.0}"
2026-04-08|IONQ|2026-04-08T10:24:00-04:00|short|12,2026-04-08,IONQ,2026-04-08T10:24:00-04:00,short,12,0.38222745060920715,True,shadow,entry_next_bar_open_time_exit_at_selected_hold,29.1393,29.28,14.57,"{'pressure_k': 0.0, 'spread': 0.019999999999999574, 'depth_imb_k': 0.1659203730990973, 'micro_off': 0.0033333333333303017, 'spread_mean_10s': 0.02024999999998158, 'depth_imb_k_mean_10s': 0.04220360482113783, 'depth_imb_k_mean_60s': 0.05809713760517121, 'dist_vwap_bps': None, 'hl_range_pct': None, 'oc_change_pct': None, 'volume_rel_20': None, 'atr_pct': None, 'position_in_range': None, 'rsi': None, 'bb_position': None, 'ret_3': None, 'ret_10': None, 'session_bucket': 1.0}"
2026-04-08|IONQ|2026-04-08T10:25:00-04:00|short|12,2026-04-08,IONQ,2026-04-08T10:25:00-04:00,short,12,0.4433083236217499,True,shadow,entry_next_bar_open_time_exit_at_selected_hold,29.06,29.21,14.53,"{'pressure_k': 0.0, 'spread': 0.019999999999999574, 'depth_imb_k': -0.07383372929591417, 'micro_off': 0.003333333333337407, 'spread_mean_10s': 0.014749999999986585, 'depth_imb_k_mean_10s': 0.3644032762821389, 'depth_imb_k_mean_60s': 0.0677285021425143, 'dist_vwap_bps': None, 'hl_range_pct': None, 'oc_change_pct': None, 'volume_rel_20': None, 'atr_pct': None, 'position_in_range': None, 'rsi': None, 'bb_position': None, 'ret_3': None, 'ret_10': None, 'session_bucket': 1.0}"
2026-04-08|IONQ|2026-04-08T10:26:00-04:00|short|12,2026-04-08,IONQ,2026-04-08T10:26:00-04:00,short,12,0.37915825843811035,True,shadow,entry_next_bar_open_time_exit_at_selected_hold,29.15,29.3,14.57,"{'pressure_k': 0.0, 'spread': 0.00999999999999801, 'depth_imb_k': 0.023741579145570943, 'micro_off': -0.0016666666666651508, 'spread_mean_10s': 0.015897435897421437, 'depth_imb_k_mean_10s': -0.04526914090655655, 'depth_imb_k_mean_60s': -0.06993405848925378, 'dist_vwap_bps': None, 'hl_range_pct': None, 'oc_change_pct': None, 'volume_rel_20': None, 'atr_pct': None, 'position_in_range': None, 'rsi': None, 'bb_position': None, 'ret_3': None, 'ret_10': None, 'session_bucket': 1.0}"
2026-04-08|IONQ|2026-04-08T10:27:00-04:00|short|8,2026-04-08,IONQ,2026-04-08T10:27:00-04:00,short,8,0.38221168518066406,True,shadow,entry_next_bar_open_time_exit_at_selected_hold,29.17,29.32,14.59,"{'pressure_k': 0.0, 'spread': 0.020000000000003126, 'depth_imb_k': -0.1439546638076275, 'micro_off': -0.008181818181817846, 'spread_mean_10s': 0.015072463768102234, 'depth_imb_k_mean_10s': 0.04424161389727939, 'depth_imb_k_mean_60s': -0.020032902916314158, 'dist_vwap_bps': None, 'hl_range_pct': None, 'oc_change_pct': None, 'volume_rel_20': None, 'atr_pct': None, 'position_in_range': None, 'rsi': None, 'bb_position': None, 'ret_3': None, 'ret_10': None, 'session_bucket': 1.0}"
2026-04-08|IONQ|2026-04-08T10:28:00-04:00|short|12,2026-04-08,IONQ,2026-04-08T10:28:00-04:00,short,12,0.4009321928024292,True,shadow,entry_next_bar_open_time_exit_at_selected_hold,29.19,29.34,14.6,"{'pressure_k': 0.0, 'spread': 0.019999999999999574, 'depth_imb_k': -0.5584026178557656, 'micro_off': -0.00600000000000378, 'spread_mean_10s': 0.016999999999984538, 'depth_imb_k_mean_10s': -0.5553808685553608, 'depth_imb_k_mean_60s': -0.1890236831897106, 'dist_vwap_bps': None, 'hl_range_pct': None, 'oc_change_pct': None, 'volume_rel_20': None, 'atr_pct': None, 'position_in_range': None, 'rsi': None, 'bb_position': None, 'ret_3': None, 'ret_10': None, 'session_bucket': 1.0}"
2026-04-08|IONQ|2026-04-08T10:29:00-04:00|short|5,2026-04-08,IONQ,2026-04-08T10:29:00-04:00,short,5,0.4422374665737152,True,shadow,entry_next_bar_open_time_exit_at_selected_hold,29.1999,29.35,14.6,"{'pressure_k': 0.0, 'spread': 0.00999999999999801, 'depth_imb_k': -0.482023450246422, 'micro_off': 0.0, 'spread_mean_10s': 0.01512820512819137, 'depth_imb_k_mean_10s': -0.4356508117691896, 'depth_imb_k_mean_60s': -0.0874364507523456, 'dist_vwap_bps': None, 'hl_range_pct': None, 'oc_change_pct': None, 'volume_rel_20': None, 'atr_pct': None, 'position_in_range': None, 'rsi': None, 'bb_position': None, 'ret_3': None, 'ret_10': None, 'session_bucket': 1.0}"
2026-04-08|IONQ|2026-04-08T10:30:00-04:00|short|5,2026-04-08,IONQ,2026-04-08T10:30:00-04:00,short,5,0.43911710381507874,True,shadow,entry_next_bar_open_time_exit_at_selected_hold,29.1788,29.32,14.59,"{'pressure_k': 0.0, 'spread': 0.019999999999999574, 'depth_imb_k': 0.23225533568823806, 'micro_off': 0.004999999999999005, 'spread_mean_10s': 0.020256410256391834, 'depth_imb_k_mean_10s': 0.11195910939627013, 'depth_imb_k_mean_60s': -0.3212246990911691, 'dist_vwap_bps': None, 'hl_range_pct': None, 'oc_change_pct': None, 'volume_rel_20': None, 'atr_pct': None, 'position_in_range': None, 'rsi': None, 'bb_position': None, 'ret_3': None, 'ret_10': None, 'session_bucket': 1.0}"
2026-04-08|IONQ|2026-04-08T10:31:00-04:00|long|12,2026-04-08,IONQ,2026-04-08T10:31:00-04:00,long,12,0.44616231322288513,True,shadow,entry_next_bar_open_time_exit_at_selected_hold,29.11,28.96,43.66,"{'pressure_k': 0.0, 'spread': 0.019999999999999574, 'depth_imb_k': -0.0006681828491561893, 'micro_off': -0.007500000000003837, 'spread_mean_10s': 0.019130434782591296, 'depth_imb_k_mean_10s': 0.2386367215198111, 'depth_imb_k_mean_60s': 0.08153613180248646, 'dist_vwap_bps': None, 'hl_range_pct': None, 'oc_change_pct': None, 'volume_rel_20': None, 'atr_pct': None, 'position_in_range': None, 'rsi': None, 'bb_position': None, 'ret_3': None, 'ret_10': None, 'session_bucket': 1.0}"
2026-04-08|IONQ|2026-04-08T10:32:00-04:00|long|8,2026-04-08,IONQ,2026-04-08T10:32:00-04:00,long,8,0.4872486889362335,True,shadow,entry_next_bar_open_time_exit_at_selected_hold,28.98,28.84,43.47,"{'pressure_k': 0.0, 'spread': 0.010000000000001563, 'depth_imb_k': 0.8262658437852545, 'micro_off': 0.004870129870127471, 'spread_mean_10s': 0.01815789473682559, 'depth_imb_k_mean_10s': 0.7376290893436327, 'depth_imb_k_mean_60s': 0.42536966740870963, 'dist_vwap_bps': None, 'hl_range_pct': None, 'oc_change_pct': None, 'volume_rel_20': None, 'atr_pct': None, 'position_in_range': None, 'rsi': None, 'bb_position': None, 'ret_3': None, 'ret_10': None, 'session_bucket': 1.0}"
2026-04-08|IONQ|2026-04-08T10:33:00-04:00|long|12,2026-04-08,IONQ,2026-04-08T10:33:00-04:00,long,12,0.422927588224411,True,shadow,entry_next_bar_open_time_exit_at_selected_hold,28.99,28.85,43.48,"{'pressure_k': 0.0, 'spread': 0.00999999999999801, 'depth_imb_k': -0.07473500603783712, 'micro_off': 0.0, 'spread_mean_10s': 0.013846153846141252, 'depth_imb_k_mean_10s': -0.0392502847893005, 'depth_imb_k_mean_60s': -0.09367296245666144, 'dist_vwap_bps': None, 'hl_range_pct': None, 'oc_change_pct': None, 'volume_rel_20': None, 'atr_pct': None, 'position_in_range': None, 'rsi': None, 'bb_position': None, 'ret_3': None, 'ret_10': None, 'session_bucket': 1.0}"
2026-04-08|IONQ|2026-04-08T10:34:00-04:00|long|8,2026-04-08,IONQ,2026-04-08T10:34:00-04:00,long,8,0.4284366965293884,True,shadow,entry_next_bar_open_time_exit_at_selected_hold,29.03,28.88,43.55,"{'pressure_k': 0.0, 'spread': 0.010000000000001563, 'depth_imb_k': -0.000786527749345458, 'micro_off': -0.002500000000001279, 'spread_mean_10s': 0.01052631578946411, 'depth_imb_k_mean_10s': 0.0200882054825341, 'depth_imb_k_mean_60s': 0.030870250204639155, 'dist_vwap_bps': None, 'hl_range_pct': None, 'oc_change_pct': None, 'volume_rel_20': None, 'atr_pct': None, 'position_in_range': None, 'rsi': None, 'bb_position': None, 'ret_3': None, 'ret_10': None, 'session_bucket': 1.0}"
2026-04-08|IONQ|2026-04-08T10:35:00-04:00|long|12,2026-04-08,IONQ,2026-04-08T10:35:00-04:00,long,12,0.3646995425224304,True,shadow,entry_next_bar_open_time_exit_at_selected_hold,28.995,28.85,43.49,"{'pressure_k': 0.0, 'spread': 0.019999999999999574, 'depth_imb_k': 0.2951757177632122, 'micro_off': 0.005384615384613767, 'spread_mean_10s': 0.012249999999988858, 'depth_imb_k_mean_10s': 0.1659617694753889, 'depth_imb_k_mean_60s': 0.022638767595829064, 'dist_vwap_bps': None, 'hl_range_pct': None, 'oc_change_pct': None, 'volume_rel_20': None, 'atr_pct': None, 'position_in_range': None, 'rsi': None, 'bb_position': None, 'ret_3': None, 'ret_10': None, 'session_bucket': 1.0}"
2026-04-08|IONQ|2026-04-08T10:36:00-04:00|long|8,2026-04-08,IONQ,2026-04-08T10:36:00-04:00,long,8,0.40961363911628723,True,shadow,entry_next_bar_open_time_exit_at_selected_hold,29.0,28.86,43.5,"{'pressure_k': 0.0, 'spread': 0.019999999999999574, 'depth_imb_k': -0.15855991090235577, 'micro_off': -0.0049999999999954525, 'spread_mean_10s': 0.014102564102551276, 'depth_imb_k_mean_10s': -0.07774794257654022, 'depth_imb_k_mean_60s': -0.005885527550537005, 'dist_vwap_bps': None, 'hl_range_pct': None, 'oc_change_pct': None, 'volume_rel_20': None, 'atr_pct': None, 'position_in_range': None, 'rsi': None, 'bb_position': None, 'ret_3': None, 'ret_10': None, 'session_bucket': 1.0}"
2026-04-08|IONQ|2026-04-08T10:37:00-04:00|short|8,2026-04-08,IONQ,2026-04-08T10:37:00-04:00,short,8,0.3765047490596771,True,shadow,entry_next_bar_open_time_exit_at_selected_hold,29.08,29.23,14.54,"{'pressure_k': 0.0, 'spread': 0.019999999999999574, 'depth_imb_k': -0.19300566107613354, 'micro_off': -0.007777777777775441, 'spread_mean_10s': 0.0143589743589613, 'depth_imb_k_mean_10s': -0.07356179230918085, 'depth_imb_k_mean_60s': -0.11381553208967306, 'dist_vwap_bps': None, 'hl_range_pct': None, 'oc_change_pct': None, 'volume_rel_20': None, 'atr_pct': None, 'position_in_range': None, 'rsi': None, 'bb_position': None, 'ret_3': None, 'ret_10': None, 'session_bucket': 1.0}"
2026-04-08|IONQ|2026-04-08T10:38:00-04:00|long|8,2026-04-08,IONQ,2026-04-08T10:38:00-04:00,long,8,0.40281933546066284,True,shadow,entry_next_bar_open_time_exit_at_selected_hold,29.0,28.86,43.5,"{'pressure_k': 0.0, 'spread': 0.010000000000001563, 'depth_imb_k': 0.029770334178141247, 'micro_off': -0.0007142857142845571, 'spread_mean_10s': 0.016315789473669372, 'depth_imb_k_mean_10s': -0.07738271898778998, 'depth_imb_k_mean_60s': -0.21002672737833591, 'dist_vwap_bps': None, 'hl_range_pct': None, 'oc_change_pct': None, 'volume_rel_20': None, 'atr_pct': None, 'position_in_range': None, 'rsi': None, 'bb_position': None, 'ret_3': None, 'ret_10': None, 'session_bucket': 1.0}"
2026-04-08|IONQ|2026-04-08T10:39:00-04:00|short|8,2026-04-08,IONQ,2026-04-08T10:39:00-04:00,short,8,0.3623761832714081,True,shadow,entry_next_bar_open_time_exit_at_selected_hold,29.035,29.18,14.52,"{'pressure_k': 0.0, 'spread': 0.00999999999999801, 'depth_imb_k': 0.27538056745086625, 'micro_off': -0.0010000000000012221, 'spread_mean_10s': 0.014999999999986358, 'depth_imb_k_mean_10s': 0.05166309296012015, 'depth_imb_k_mean_60s': 0.11448494367756079, 'dist_vwap_bps': None, 'hl_range_pct': None, 'oc_change_pct': None, 'volume_rel_20': None, 'atr_pct': None, 'position_in_range': None, 'rsi': None, 'bb_position': None, 'ret_3': None, 'ret_10': None, 'session_bucket': 1.0}"
2026-04-08|IONQ|2026-04-08T10:40:00-04:00|long|12,2026-04-08,IONQ,2026-04-08T10:40:00-04:00,long,12,0.36691316962242126,True,shadow,entry_next_bar_open_time_exit_at_selected_hold,29.025,28.88,43.54,"{'pressure_k': 0.0, 'spread': 0.00999999999999801, 'depth_imb_k': -0.0985964983410705, 'micro_off': 0.0016666666666651508, 'spread_mean_10s': 0.014102564102551276, 'depth_imb_k_mean_10s': 0.027169604480485433, 'depth_imb_k_mean_60s': 0.07335778692800683, 'dist_vwap_bps': None, 'hl_range_pct': None, 'oc_change_pct': None, 'volume_rel_20': None, 'atr_pct': None, 'position_in_range': None, 'rsi': None, 'bb_position': None, 'ret_3': None, 'ret_10': None, 'session_bucket': 1.0}"
2026-04-08|IONQ|2026-04-08T10:41:00-04:00|long|12,2026-04-08,IONQ,2026-04-08T10:41:00-04:00,long,12,0.407991498708725,True,shadow,entry_next_bar_open_time_exit_at_selected_hold,28.98,28.84,43.47,"{'pressure_k': 0.0, 'spread': 0.019999999999999574, 'depth_imb_k': 0.3070233640312464, 'micro_off': 0.005555555555552871, 'spread_mean_10s': 0.014102564102551276, 'depth_imb_k_mean_10s': 0.029001557080566894, 'depth_imb_k_mean_60s': 0.055844895200125366, 'dist_vwap_bps': None, 'hl_range_pct': None, 'oc_change_pct': None, 'volume_rel_20': None, 'atr_pct': None, 'position_in_range': None, 'rsi': None, 'bb_position': None, 'ret_3': None, 'ret_10': None, 'session_bucket': 1.0}"
2026-04-08|IONQ|2026-04-08T10:42:00-04:00|short|12,2026-04-08,IONQ,2026-04-08T10:42:00-04:00,short,12,0.37170568108558655,True,shadow,entry_next_bar_open_time_exit_at_selected_hold,29.07,29.22,14.54,"{'pressure_k': 0.0, 'spread': 0.00999999999999801, 'depth_imb_k': 0.11059414396614362, 'micro_off': 0.0011538461538478373, 'spread_mean_10s': 0.009999999999990905, 'depth_imb_k_mean_10s': 0.006732290163291506, 'depth_imb_k_mean_60s': 0.01244398969418913, 'dist_vwap_bps': None, 'hl_range_pct': None, 'oc_change_pct': None, 'volume_rel_20': None, 'atr_pct': None, 'position_in_range': None, 'rsi': None, 'bb_position': None, 'ret_3': None, 'ret_10': None, 'session_bucket': 1.0}"
2026-04-08|IONQ|2026-04-08T10:43:00-04:00|long|8,2026-04-08,IONQ,2026-04-08T10:43:00-04:00,long,8,0.3488752543926239,True,shadow,entry_next_bar_open_time_exit_at_selected_hold,29.025,28.88,43.54,"{'pressure_k': 0.0, 'spread': 0.010000000000001563, 'depth_imb_k': 0.2526227270847406, 'micro_off': 0.0010000000000012221, 'spread_mean_10s': 0.01424999999998704, 'depth_imb_k_mean_10s': 0.13233809030302116, 'depth_imb_k_mean_60s': -0.035421672168661086, 'dist_vwap_bps': None, 'hl_range_pct': None, 'oc_change_pct': None, 'volume_rel_20': None, 'atr_pct': None, 'position_in_range': None, 'rsi': None, 'bb_position': None, 'ret_3': None, 'ret_10': None, 'session_bucket': 1.0}"
2026-04-08|IONQ|2026-04-08T10:44:00-04:00|long|8,2026-04-08,IONQ,2026-04-08T10:44:00-04:00,long,8,0.38894620537757874,True,shadow,entry_next_bar_open_time_exit_at_selected_hold,28.925,28.78,43.39,"{'pressure_k': 0.0, 'spread': 0.00999999999999801, 'depth_imb_k': 0.3241112932563832, 'micro_off': 0.0016666666666651508, 'spread_mean_10s': 0.01522388059700108, 'depth_imb_k_mean_10s': 0.17281732347901485, 'depth_imb_k_mean_60s': 0.12477287183790253, 'dist_vwap_bps': None, 'hl_range_pct': None, 'oc_change_pct': None, 'volume_rel_20': None, 'atr_pct': None, 'position_in_range': None, 'rsi': None, 'bb_position': None, 'ret_3': None, 'ret_10': None, 'session_bucket': 1.0}"
2026-04-08|IONQ|2026-04-08T10:45:00-04:00|long|12,2026-04-08,IONQ,2026-04-08T10:45:00-04:00,long,12,0.38290801644325256,True,shadow,entry_next_bar_open_time_exit_at_selected_hold,28.95,28.81,43.42,"{'pressure_k': 0.0, 'spread': 0.010000000000001563, 'depth_imb_k': 0.03511314784775462, 'micro_off': -0.0016666666666651508, 'spread_mean_10s': 0.01512820512819137, 'depth_imb_k_mean_10s': -0.07396103626825934, 'depth_imb_k_mean_60s': -0.053517323470594375, 'dist_vwap_bps': None, 'hl_range_pct': None, 'oc_change_pct': None, 'volume_rel_20': None, 'atr_pct': None, 'position_in_range': None, 'rsi': None, 'bb_position': None, 'ret_3': None, 'ret_10': None, 'session_bucket': 1.0}"
2026-04-08|IONQ|2026-04-08T10:46:00-04:00|long|8,2026-04-08,IONQ,2026-04-08T10:46:00-04:00,long,8,0.3769548833370209,True,shadow,entry_next_bar_open_time_exit_at_selected_hold,28.91,28.77,43.37,"{'pressure_k': 0.0, 'spread': 0.020000000000003126, 'depth_imb_k': 0.3778552795205281, 'micro_off': 0.0, 'spread_mean_10s': 0.01615384615383146, 'depth_imb_k_mean_10s': 0.23907503178586403, 'depth_imb_k_mean_60s': -0.013758559569423357, 'dist_vwap_bps': None, 'hl_range_pct': None, 'oc_change_pct': None, 'volume_rel_20': None, 'atr_pct': None, 'position_in_range': None, 'rsi': None, 'bb_position': None, 'ret_3': None, 'ret_10': None, 'session_bucket': 1.0}"
2026-04-08|IONQ|2026-04-08T10:47:00-04:00|long|12,2026-04-08,IONQ,2026-04-08T10:47:00-04:00,long,12,0.3720863163471222,True,shadow,entry_next_bar_open_time_exit_at_selected_hold,28.92,28.78,43.38,"{'pressure_k': 0.0, 'spread': 0.010000000000001563, 'depth_imb_k': -0.16045506414467997, 'micro_off': -0.0009999999999976694, 'spread_mean_10s': 0.01136986301368829, 'depth_imb_k_mean_10s': 0.046193796063268185, 'depth_imb_k_mean_60s': 0.05597950213101627, 'dist_vwap_bps': None, 'hl_range_pct': None, 'oc_change_pct': None, 'volume_rel_20': None, 'atr_pct': None, 'position_in_range': None, 'rsi': None, 'bb_position': None, 'ret_3': None, 'ret_10': None, 'session_bucket': 1.0}"
2026-04-08|IONQ|2026-04-08T10:48:00-04:00|short|12,2026-04-08,IONQ,2026-04-08T10:48:00-04:00,short,12,0.4304608702659607,True,shadow,entry_next_bar_open_time_exit_at_selected_hold,29.04,29.19,14.52,"{'pressure_k': 0.0, 'spread': 0.019999999999999574, 'depth_imb_k': -0.7203955143223639, 'micro_off': -0.007999999999999119, 'spread_mean_10s': 0.017948717948701624, 'depth_imb_k_mean_10s': -0.621226871747372, 'depth_imb_k_mean_60s': -0.20420288464434394, 'dist_vwap_bps': None, 'hl_range_pct': None, 'oc_change_pct': None, 'volume_rel_20': None, 'atr_pct': None, 'position_in_range': None, 'rsi': None, 'bb_position': None, 'ret_3': None, 'ret_10': None, 'session_bucket': 1.0}"
2026-04-08|IONQ|2026-04-08T10:49:00-04:00|short|12,2026-04-08,IONQ,2026-04-08T10:49:00-04:00,short,12,0.4403392970561981,True,shadow,entry_next_bar_open_time_exit_at_selected_hold,29.07,29.22,14.54,"{'pressure_k': 0.0, 'spread': 0.010000000000001563, 'depth_imb_k': 0.01632250803295992, 'micro_off': 3.552713678800501e-15, 'spread_mean_10s': 0.01615384615383146, 'depth_imb_k_mean_10s': 0.0284957173355914, 'depth_imb_k_mean_60s': -0.30227880552462044, 'dist_vwap_bps': None, 'hl_range_pct': None, 'oc_change_pct': None, 'volume_rel_20': None, 'atr_pct': None, 'position_in_range': None, 'rsi': None, 'bb_position': None, 'ret_3': None, 'ret_10': None, 'session_bucket': 1.0}"
2026-04-08|IONQ|2026-04-08T10:50:00-04:00|short|12,2026-04-08,IONQ,2026-04-08T10:50:00-04:00,short,12,0.3870709240436554,True,shadow,entry_next_bar_open_time_exit_at_selected_hold,29.09,29.24,14.54,"{'pressure_k': 0.0, 'spread': 0.00999999999999801, 'depth_imb_k': -0.017617293162951218, 'micro_off': -0.0030000000000001137, 'spread_mean_10s': 0.015641025641011417, 'depth_imb_k_mean_10s': -0.001853768778327473, 'depth_imb_k_mean_60s': -0.017236535772259705, 'dist_vwap_bps': None, 'hl_range_pct': None, 'oc_change_pct': None, 'volume_rel_20': None, 'atr_pct': None, 'position_in_range': None, 'rsi': None, 'bb_position': None, 'ret_3': None, 'ret_10': None, 'session_bucket': 1.0}"
2026-04-08|IONQ|2026-04-08T10:51:00-04:00|short|12,2026-04-08,IONQ,2026-04-08T10:51:00-04:00,short,12,0.3629150986671448,True,shadow,entry_next_bar_open_time_exit_at_selected_hold,29.055,29.2,14.53,"{'pressure_k': 0.0, 'spread': 0.00999999999999801, 'depth_imb_k': 0.048593206090935245, 'micro_off': -0.0016666666666651508, 'spread_mean_10s': 0.017638888888872845, 'depth_imb_k_mean_10s': 0.06480917422001159, 'depth_imb_k_mean_60s': 0.06756821085441388, 'dist_vwap_bps': None, 'hl_range_pct': None, 'oc_change_pct': None, 'volume_rel_20': None, 'atr_pct': None, 'position_in_range': None, 'rsi': None, 'bb_position': None, 'ret_3': None, 'ret_10': None, 'session_bucket': 1.0}"
2026-04-08|IONQ|2026-04-08T10:52:00-04:00|long|12,2026-04-08,IONQ,2026-04-08T10:52:00-04:00,long,12,0.3883660137653351,True,shadow,entry_next_bar_open_time_exit_at_selected_hold,29.02,28.87,43.53,"{'pressure_k': 0.0, 'spread': 0.010000000000001563, 'depth_imb_k': -0.09491803065562475, 'micro_off': -0.0016666666666651508, 'spread_mean_10s': 0.01236842105262033, 'depth_imb_k_mean_10s': -0.023613557383544197, 'depth_imb_k_mean_60s': 0.025358201234408385, 'dist_vwap_bps': None, 'hl_range_pct': None, 'oc_change_pct': None, 'volume_rel_20': None, 'atr_pct': None, 'position_in_range': None, 'rsi': None, 'bb_position': None, 'ret_3': None, 'ret_10': None, 'session_bucket': 1.0}"
2026-04-08|IONQ|2026-04-08T10:53:00-04:00|long|12,2026-04-08,IONQ,2026-04-08T10:53:00-04:00,long,12,0.3512803316116333,True,shadow,entry_next_bar_open_time_exit_at_selected_hold,28.99,28.85,43.48,"{'pressure_k': 0.0, 'spread': 0.019999999999999574, 'depth_imb_k': -0.18250086225817577, 'micro_off': 0.0033333333333303017, 'spread_mean_10s': 0.01897435897434172, 'depth_imb_k_mean_10s': -0.15540910690092147, 'depth_imb_k_mean_60s': -0.0362133195807929, 'dist_vwap_bps': None, 'hl_range_pct': None, 'oc_change_pct': None, 'volume_rel_20': None, 'atr_pct': None, 'position_in_range': None, 'rsi': None, 'bb_position': None, 'ret_3': None, 'ret_10': None, 'session_bucket': 1.0}"
2026-04-08|IONQ|2026-04-08T10:54:00-04:00|long|12,2026-04-08,IONQ,2026-04-08T10:54:00-04:00,long,12,0.3937910497188568,True,shadow,entry_next_bar_open_time_exit_at_selected_hold,29.0,28.86,43.5,"{'pressure_k': 0.0, 'spread': 0.019999999999999574, 'depth_imb_k': -0.31096850861556746, 'micro_off': -0.007142857142856229, 'spread_mean_10s': 0.0182499999999834, 'depth_imb_k_mean_10s': -0.22843912412097786, 'depth_imb_k_mean_60s': -0.14181093937338682, 'dist_vwap_bps': None, 'hl_range_pct': None, 'oc_change_pct': None, 'volume_rel_20': None, 'atr_pct': None, 'position_in_range': None, 'rsi': None, 'bb_position': None, 'ret_3': None, 'ret_10': None, 'session_bucket': 1.0}"
2026-04-08|IONQ|2026-04-08T10:55:00-04:00|long|8,2026-04-08,IONQ,2026-04-08T10:55:00-04:00,long,8,0.3821007013320923,True,shadow,entry_next_bar_open_time_exit_at_selected_hold,28.87,28.73,43.3,"{'pressure_k': 0.0, 'spread': 0.00999999999999801, 'depth_imb_k': 0.32400145782433215, 'micro_off': -0.0016666666666651508, 'spread_mean_10s': 0.012391304347814817, 'depth_imb_k_mean_10s': 0.09969376409550164, 'depth_imb_k_mean_60s': 0.11845858495742305, 'dist_vwap_bps': None, 'hl_range_pct': None, 'oc_change_pct': None, 'volume_rel_20': None, 'atr_pct': None, 'position_in_range': None, 'rsi': None, 'bb_position': None, 'ret_3': None, 'ret_10': None, 'session_bucket': 1.0}"
2026-04-08|IONQ|2026-04-08T10:56:00-04:00|short|12,2026-04-08,IONQ,2026-04-08T10:56:00-04:00,short,12,0.41424283385276794,True,shadow,entry_next_bar_open_time_exit_at_selected_hold,28.76,28.9,14.38,"{'pressure_k': 0.0, 'spread': 0.019999999999999574, 'depth_imb_k': 0.03636785102574339, 'micro_off': 0.0033333333333338544, 'spread_mean_10s': 0.008749999999992042, 'depth_imb_k_mean_10s': 0.048356338775497096, 'depth_imb_k_mean_60s': 0.23395100998536592, 'dist_vwap_bps': None, 'hl_range_pct': None, 'oc_change_pct': None, 'volume_rel_20': None, 'atr_pct': None, 'position_in_range': None, 'rsi': None, 'bb_position': None, 'ret_3': None, 'ret_10': None, 'session_bucket': 1.0}"
2026-04-08|IONQ|2026-04-08T10:57:00-04:00|long|8,2026-04-08,IONQ,2026-04-08T10:57:00-04:00,long,8,0.377774178981781,True,shadow,entry_next_bar_open_time_exit_at_selected_hold,28.82,28.68,43.23,"{'pressure_k': 0.0, 'spread': 0.029999999999997584, 'depth_imb_k': -0.03652665299369846, 'micro_off': 0.002500000000001279, 'spread_mean_10s': 0.01897435897434172, 'depth_imb_k_mean_10s': -0.019795443353330285, 'depth_imb_k_mean_60s': -0.04399401636419816, 'dist_vwap_bps': None, 'hl_range_pct': None, 'oc_change_pct': None, 'volume_rel_20': None, 'atr_pct': None, 'position_in_range': None, 'rsi': None, 'bb_position': None, 'ret_3': None, 'ret_10': None, 'session_bucket': 1.0}"
2026-04-08|IONQ|2026-04-08T10:58:00-04:00|long|12,2026-04-08,IONQ,2026-04-08T10:58:00-04:00,long,12,0.3995707333087921,True,shadow,entry_next_bar_open_time_exit_at_selected_hold,28.8,28.66,43.2,"{'pressure_k': 0.0, 'spread': 0.019999999999999574, 'depth_imb_k': -0.0006111026235746726, 'micro_off': 0.005555555555559977, 'spread_mean_10s': 0.016052631578932768, 'depth_imb_k_mean_10s': -0.04808276986211137, 'depth_imb_k_mean_60s': 0.019895495227983676, 'dist_vwap_bps': None, 'hl_range_pct': None, 'oc_change_pct': None, 'volume_rel_20': None, 'atr_pct': None, 'position_in_range': None, 'rsi': None, 'bb_position': None, 'ret_3': None, 'ret_10': None, 'session_bucket': 1.0}"
2026-04-08|IONQ|2026-04-08T10:59:00-04:00|long|12,2026-04-08,IONQ,2026-04-08T10:59:00-04:00,long,12,0.39496415853500366,True,shadow,entry_next_bar_open_time_exit_at_selected_hold,28.8,28.66,43.2,"{'pressure_k': 0.0, 'spread': 0.019999999999999574, 'depth_imb_k': -0.022777619117454094, 'micro_off': 0.005000000000002558, 'spread_mean_10s': 0.014102564102551276, 'depth_imb_k_mean_10s': -0.07075728614346861, 'depth_imb_k_mean_60s': -0.1005937606855513, 'dist_vwap_bps': None, 'hl_range_pct': None, 'oc_change_pct': None, 'volume_rel_20': None, 'atr_pct': None, 'position_in_range': None, 'rsi': None, 'bb_position': None, 'ret_3': None, 'ret_10': None, 'session_bucket': 1.0}"
2026-04-08|IONQ|2026-04-08T11:00:00-04:00|short|12,2026-04-08,IONQ,2026-04-08T11:00:00-04:00,short,12,0.3408738374710083,True,shadow,entry_next_bar_open_time_exit_at_selected_hold,28.83,28.97,14.41,"{'pressure_k': 0.0, 'spread': 0.010000000000001563, 'depth_imb_k': -0.20058238291676778, 'micro_off': -0.0030000000000001137, 'spread_mean_10s': 0.011794871794861068, 'depth_imb_k_mean_10s': -0.006514197911177469, 'depth_imb_k_mean_60s': -0.03925101802916486, 'dist_vwap_bps': None, 'hl_range_pct': None, 'oc_change_pct': None, 'volume_rel_20': None, 'atr_pct': None, 'position_in_range': None, 'rsi': None, 'bb_position': None, 'ret_3': None, 'ret_10': None, 'session_bucket': 1.0}"
2026-04-08|IONQ|2026-04-08T11:01:00-04:00|long|8,2026-04-08,IONQ,2026-04-08T11:01:00-04:00,long,8,0.38211575150489807,True,shadow,entry_next_bar_open_time_exit_at_selected_hold,28.8839,28.74,43.33,"{'pressure_k': 0.0, 'spread': 0.00999999999999801, 'depth_imb_k': -0.1278467224520378, 'micro_off': -0.0010000000000012221, 'spread_mean_10s': 0.014736842105249755, 'depth_imb_k_mean_10s': -0.08621849916512253, 'depth_imb_k_mean_60s': -0.12343644259143118, 'dist_vwap_bps': None, 'hl_range_pct': None, 'oc_change_pct': None, 'volume_rel_20': None, 'atr_pct': None, 'position_in_range': None, 'rsi': None, 'bb_position': None, 'ret_3': None, 'ret_10': None, 'session_bucket': 1.0}"
2026-04-08|IONQ|2026-04-08T11:02:00-04:00|long|8,2026-04-08,IONQ,2026-04-08T11:02:00-04:00,long,8,0.3579758405685425,True,shadow,entry_next_bar_open_time_exit_at_selected_hold,28.95,28.81,43.42,"{'pressure_k': 0.0, 'spread': 0.019999999999999574, 'depth_imb_k': 0.25746601292623134, 'micro_off': 0.006363636363634129, 'spread_mean_10s': 0.012307692307681114, 'depth_imb_k_mean_10s': -0.01676491626513191, 'depth_imb_k_mean_60s': -0.11891257431186779, 'dist_vwap_bps': None, 'hl_range_pct': None, 'oc_change_pct': None, 'volume_rel_20': None, 'atr_pct': None, 'position_in_range': None, 'rsi': None, 'bb_position': None, 'ret_3': None, 'ret_10': None, 'session_bucket': 1.0}"
2026-04-08|IONQ|2026-04-08T11:03:00-04:00|short|8,2026-04-08,IONQ,2026-04-08T11:03:00-04:00,short,8,0.347998708486557,True,shadow,entry_next_bar_open_time_exit_at_selected_hold,28.96,29.1,14.48,"{'pressure_k': 0.0, 'spread': 0.019999999999999574, 'depth_imb_k': 0.128363593846565, 'micro_off': 0.004545454545453964, 'spread_mean_10s': 0.015384615384601393, 'depth_imb_k_mean_10s': 0.050031018153752334, 'depth_imb_k_mean_60s': -0.0020421034984961926, 'dist_vwap_bps': None, 'hl_range_pct': None, 'oc_change_pct': None, 'volume_rel_20': None, 'atr_pct': None, 'position_in_range': None, 'rsi': None, 'bb_position': None, 'ret_3': None, 'ret_10': None, 'session_bucket': 1.0}"
2026-04-08|IONQ|2026-04-08T11:04:00-04:00|long|8,2026-04-08,IONQ,2026-04-08T11:04:00-04:00,long,8,0.35712501406669617,True,shadow,entry_next_bar_open_time_exit_at_selected_hold,28.94,28.8,43.41,"{'pressure_k': 0.0, 'spread': 0.00999999999999801, 'depth_imb_k': -0.267279619324139, 'micro_off': 0.0016666666666651508, 'spread_mean_10s': 0.012307692307681114, 'depth_imb_k_mean_10s': -0.12939650983232243, 'depth_imb_k_mean_60s': -0.03293866394622513, 'dist_vwap_bps': None, 'hl_range_pct': None, 'oc_change_pct': None, 'volume_rel_20': None, 'atr_pct': None, 'position_in_range': None, 'rsi': None, 'bb_position': None, 'ret_3': None, 'ret_10': None, 'session_bucket': 1.0}"
2026-04-08|IONQ|2026-04-08T11:05:00-04:00|long|8,2026-04-08,IONQ,2026-04-08T11:05:00-04:00,long,8,0.38929298520088196,True,shadow,entry_next_bar_open_time_exit_at_selected_hold,28.8997,28.76,43.35,"{'pressure_k': 0.0, 'spread': 0.00999999999999801, 'depth_imb_k': 0.029732974713077582, 'micro_off': 0.0016666666666687036, 'spread_mean_10s': 0.01052631578946411, 'depth_imb_k_mean_10s': 0.0386534085145335, 'depth_imb_k_mean_60s': -0.016916082241538812, 'dist_vwap_bps': None, 'hl_range_pct': None, 'oc_change_pct': None, 'volume_rel_20': None, 'atr_pct': None, 'position_in_range': None, 'rsi': None, 'bb_position': None, 'ret_3': None, 'ret_10': None, 'session_bucket': 1.0}"
2026-04-08|IONQ|2026-04-08T11:06:00-04:00|short|12,2026-04-08,IONQ,2026-04-08T11:06:00-04:00,short,12,0.3770693838596344,True,shadow,entry_next_bar_open_time_exit_at_selected_hold,28.97,29.11,14.48,"{'pressure_k': 0.0, 'spread': 0.010000000000001563, 'depth_imb_k': -0.14377117668344352, 'micro_off': -0.0024999999999977263, 'spread_mean_10s': 0.015641025641011417, 'depth_imb_k_mean_10s': -0.15249790955393486, 'depth_imb_k_mean_60s': -0.009235596329264585, 'dist_vwap_bps': None, 'hl_range_pct': None, 'oc_change_pct': None, 'volume_rel_20': None, 'atr_pct': None, 'position_in_range': None, 'rsi': None, 'bb_position': None, 'ret_3': None, 'ret_10': None, 'session_bucket': 1.0}"
2026-04-08|IONQ|2026-04-08T11:07:00-04:00|short|8,2026-04-08,IONQ,2026-04-08T11:07:00-04:00,short,8,0.3735271394252777,True,shadow,entry_next_bar_open_time_exit_at_selected_hold,29.01,29.16,14.51,"{'pressure_k': 0.0, 'spread': 0.010000000000001563, 'depth_imb_k': -0.30303249039564334, 'micro_off': 3.552713678800501e-15, 'spread_mean_10s': 0.014736842105249755, 'depth_imb_k_mean_10s': -0.09795584270134097, 'depth_imb_k_mean_60s': 0.00010193237103526788, 'dist_vwap_bps': None, 'hl_range_pct': None, 'oc_change_pct': None, 'volume_rel_20': None, 'atr_pct': None, 'position_in_range': None, 'rsi': None, 'bb_position': None, 'ret_3': None, 'ret_10': None, 'session_bucket': 1.0}"
2026-04-08|IONQ|2026-04-08T11:08:00-04:00|long|8,2026-04-08,IONQ,2026-04-08T11:08:00-04:00,long,8,0.3624558746814728,True,shadow,entry_next_bar_open_time_exit_at_selected_hold,28.945,28.8,43.42,"{'pressure_k': 0.0, 'spread': 0.00999999999999801, 'depth_imb_k': 0.05399378082105726, 'micro_off': 0.0010000000000012221, 'spread_mean_10s': 0.011739130434771932, 'depth_imb_k_mean_10s': -0.00010479389631288056, 'depth_imb_k_mean_60s': 0.027839194770675448, 'dist_vwap_bps': None, 'hl_range_pct': None, 'oc_change_pct': None, 'volume_rel_20': None, 'atr_pct': None, 'position_in_range': None, 'rsi': None, 'bb_position': None, 'ret_3': None, 'ret_10': None, 'session_bucket': 1.0}"
2026-04-08|IONQ|2026-04-08T11:09:00-04:00|long|8,2026-04-08,IONQ,2026-04-08T11:09:00-04:00,long,8,0.3900565803050995,True,shadow,entry_next_bar_open_time_exit_at_selected_hold,28.87,28.73,43.3,"{'pressure_k': 0.0, 'spread': 0.019999999999999574, 'depth_imb_k': -0.090173003561424, 'micro_off': -0.005000000000002558, 'spread_mean_10s': 0.015526315789459563, 'depth_imb_k_mean_10s': 0.16636426769781976, 'depth_imb_k_mean_60s': 0.1777953589654004, 'dist_vwap_bps': None, 'hl_range_pct': None, 'oc_change_pct': None, 'volume_rel_20': None, 'atr_pct': None, 'position_in_range': None, 'rsi': None, 'bb_position': None, 'ret_3': None, 'ret_10': None, 'session_bucket': 1.0}"
2026-04-08|IONQ|2026-04-08T11:10:00-04:00|long|8,2026-04-08,IONQ,2026-04-08T11:10:00-04:00,long,8,0.380304217338562,True,shadow,entry_next_bar_open_time_exit_at_selected_hold,28.89,28.75,43.34,"{'pressure_k': 0.0, 'spread': 0.020000000000003126, 'depth_imb_k': -0.10065117566176916, 'micro_off': -0.0033333333333338544, 'spread_mean_10s': 0.0189473684210354, 'depth_imb_k_mean_10s': 0.058311228114522794, 'depth_imb_k_mean_60s': -0.08636133789596574, 'dist_vwap_bps': None, 'hl_range_pct': None, 'oc_change_pct': None, 'volume_rel_20': None, 'atr_pct': None, 'position_in_range': None, 'rsi': None, 'bb_position': None, 'ret_3': None, 'ret_10': None, 'session_bucket': 1.0}"
2026-04-08|IONQ|2026-04-08T11:11:00-04:00|short|8,2026-04-08,IONQ,2026-04-08T11:11:00-04:00,short,8,0.3435367941856384,True,shadow,entry_next_bar_open_time_exit_at_selected_hold,28.93,29.07,14.46,"{'pressure_k': 0.0, 'spread': 0.019999999999999574, 'depth_imb_k': 0.1146900278499691, 'micro_off': 0.006000000000000227, 'spread_mean_10s': 0.019210526315772, 'depth_imb_k_mean_10s': 0.029760477123040897, 'depth_imb_k_mean_60s': 0.03928334824862327, 'dist_vwap_bps': None, 'hl_range_pct': None, 'oc_change_pct': None, 'volume_rel_20': None, 'atr_pct': None, 'position_in_range': None, 'rsi': None, 'bb_position': None, 'ret_3': None, 'ret_10': None, 'session_bucket': 1.0}"
2026-04-08|IONQ|2026-04-08T11:12:00-04:00|long|8,2026-04-08,IONQ,2026-04-08T11:12:00-04:00,long,8,0.37172240018844604,True,shadow,entry_next_bar_open_time_exit_at_selected_hold,28.96,28.82,43.44,"{'pressure_k': 0.0, 'spread': 0.010000000000001563, 'depth_imb_k': -0.000654756337105977, 'micro_off': 0.0, 'spread_mean_10s': 0.016521739130419755, 'depth_imb_k_mean_10s': 0.007293152384033009, 'depth_imb_k_mean_60s': -0.0162011271856135, 'dist_vwap_bps': None, 'hl_range_pct': None, 'oc_change_pct': None, 'volume_rel_20': None, 'atr_pct': None, 'position_in_range': None, 'rsi': None, 'bb_position': None, 'ret_3': None, 'ret_10': None, 'session_bucket': 1.0}"
2026-04-08|IONQ|2026-04-08T11:13:00-04:00|long|8,2026-04-08,IONQ,2026-04-08T11:13:00-04:00,long,8,0.35422220826148987,True,shadow,entry_next_bar_open_time_exit_at_selected_hold,28.935,28.79,43.4,"{'pressure_k': 0.0, 'spread': 0.019999999999999574, 'depth_imb_k': 0.08624547597951614, 'micro_off': 0.007777777777775441, 'spread_mean_10s': 0.018717948717931695, 'depth_imb_k_mean_10s': -0.1178980141687179, 'depth_imb_k_mean_60s': 0.028020085724287356, 'dist_vwap_bps': None, 'hl_range_pct': None, 'oc_change_pct': None, 'volume_rel_20': None, 'atr_pct': None, 'position_in_range': None, 'rsi': None, 'bb_position': None, 'ret_3': None, 'ret_10': None, 'session_bucket': 1.0}"
2026-04-08|IONQ|2026-04-08T11:14:00-04:00|long|12,2026-04-08,IONQ,2026-04-08T11:14:00-04:00,long,12,0.3483000099658966,True,shadow,entry_next_bar_open_time_exit_at_selected_hold,28.98,28.84,43.47,"{'pressure_k': 0.0, 'spread': 0.019999999999999574, 'depth_imb_k': 0.042821234290001876, 'micro_off': 0.007500000000000284, 'spread_mean_10s': 0.018684210526298796, 'depth_imb_k_mean_10s': 0.037529399957027317, 'depth_imb_k_mean_60s': -0.024094358715670252, 'dist_vwap_bps': None, 'hl_range_pct': None, 'oc_change_pct': None, 'volume_rel_20': None, 'atr_pct': None, 'position_in_range': None, 'rsi': None, 'bb_position': None, 'ret_3': None, 'ret_10': None, 'session_bucket': 1.0}"
2026-04-08|IONQ|2026-04-08T11:15:00-04:00|short|12,2026-04-08,IONQ,2026-04-08T11:15:00-04:00,short,12,0.33947139978408813,True,shadow,entry_next_bar_open_time_exit_at_selected_hold,28.96,29.1,14.48,"{'pressure_k': 0.0, 'spread': 0.00999999999999801, 'depth_imb_k': 0.15562293958637954, 'micro_off': -0.002500000000001279, 'spread_mean_10s': 0.01615384615383146, 'depth_imb_k_mean_10s': 0.21901901429237078, 'depth_imb_k_mean_60s': 0.1167199121793043, 'dist_vwap_bps': None, 'hl_range_pct': None, 'oc_change_pct': None, 'volume_rel_20': None, 'atr_pct': None, 'position_in_range': None, 'rsi': None, 'bb_position': None, 'ret_3': None, 'ret_10': None, 'session_bucket': 1.0}"
2026-04-08|IONQ|2026-04-08T11:16:00-04:00|short|12,2026-04-08,IONQ,2026-04-08T11:16:00-04:00,short,12,0.39691784977912903,True,shadow,entry_next_bar_open_time_exit_at_selected_hold,29.04,29.19,14.52,"{'pressure_k': 0.0, 'spread': 0.019999999999999574, 'depth_imb_k': -0.18105346355783888, 'micro_off': -0.004000000000001336, 'spread_mean_10s': 0.014736842105249755, 'depth_imb_k_mean_10s': -0.12681466597628083, 'depth_imb_k_mean_60s': -0.00744844639594299, 'dist_vwap_bps': None, 'hl_range_pct': None, 'oc_change_pct': None, 'volume_rel_20': None, 'atr_pct': None, 'position_in_range': None, 'rsi': None, 'bb_position': None, 'ret_3': None, 'ret_10': None, 'session_bucket': 1.0}"
2026-04-08|IONQ|2026-04-08T11:17:00-04:00|short|12,2026-04-08,IONQ,2026-04-08T11:17:00-04:00,short,12,0.3386194109916687,True,shadow,entry_next_bar_open_time_exit_at_selected_hold,28.9791,29.12,14.49,"{'pressure_k': 0.0, 'spread': 0.019999999999999574, 'depth_imb_k': -0.16057547599652064, 'micro_off': -0.007500000000000284, 'spread_mean_10s': 0.017894736842088987, 'depth_imb_k_mean_10s': -0.06296232512818689, 'depth_imb_k_mean_60s': -0.1292217969526388, 'dist_vwap_bps': None, 'hl_range_pct': None, 'oc_change_pct': None, 'volume_rel_20': None, 'atr_pct': None, 'position_in_range': None, 'rsi': None, 'bb_position': None, 'ret_3': None, 'ret_10': None, 'session_bucket': 1.0}"
2026-04-08|IONQ|2026-04-08T11:18:00-04:00|long|12,2026-04-08,IONQ,2026-04-08T11:18:00-04:00,long,12,0.3554324507713318,True,shadow,entry_next_bar_open_time_exit_at_selected_hold,29.0,28.86,43.5,"{'pressure_k': 0.0, 'spread': 0.010000000000001563, 'depth_imb_k': -0.1842658843228716, 'micro_off': -0.002500000000001279, 'spread_mean_10s': 0.016315789473669372, 'depth_imb_k_mean_10s': 0.0830918731715269, 'depth_imb_k_mean_60s': 0.00655734419483298, 'dist_vwap_bps': None, 'hl_range_pct': None, 'oc_change_pct': None, 'volume_rel_20': None, 'atr_pct': None, 'position_in_range': None, 'rsi': None, 'bb_position': None, 'ret_3': None, 'ret_10': None, 'session_bucket': 1.0}"
2026-04-08|IONQ|2026-04-08T11:19:00-04:00|long|12,2026-04-08,IONQ,2026-04-08T11:19:00-04:00,long,12,0.35541996359825134,True,shadow,entry_next_bar_open_time_exit_at_selected_hold,29.09,28.94,43.63,"{'pressure_k': 0.0, 'spread': 0.010000000000001563, 'depth_imb_k': 0.018203985810359476, 'micro_off': 0.0, 'spread_mean_10s': 0.011842105263147124, 'depth_imb_k_mean_10s': -0.1193970375953592, 'depth_imb_k_mean_60s': -0.10432174058558032, 'dist_vwap_bps': None, 'hl_range_pct': None, 'oc_change_pct': None, 'volume_rel_20': None, 'atr_pct': None, 'position_in_range': None, 'rsi': None, 'bb_position': None, 'ret_3': None, 'ret_10': None, 'session_bucket': 1.0}"
2026-04-08|IONQ|2026-04-08T11:20:00-04:00|short|8,2026-04-08,IONQ,2026-04-08T11:20:00-04:00,short,8,0.33990103006362915,True,shadow,entry_next_bar_open_time_exit_at_selected_hold,29.075,29.22,14.54,"{'pressure_k': 0.0, 'spread': 0.019999999999999574, 'depth_imb_k': 0.05957141732316095, 'micro_off': 0.0019999999999988916, 'spread_mean_10s': 0.018478260869548412, 'depth_imb_k_mean_10s': -0.14276540593085355, 'depth_imb_k_mean_60s': -0.1178565564020763, 'dist_vwap_bps': None, 'hl_range_pct': None, 'oc_change_pct': None, 'volume_rel_20': None, 'atr_pct': None, 'position_in_range': None, 'rsi': None, 'bb_position': None, 'ret_3': None, 'ret_10': None, 'session_bucket': 1.0}"
2026-04-08|IONQ|2026-04-08T11:21:00-04:00|long|8,2026-04-08,IONQ,2026-04-08T11:21:00-04:00,long,8,0.3305720090866089,True,shadow,entry_next_bar_open_time_exit_at_selected_hold,29.03,28.88,43.55,"{'pressure_k': 0.0, 'spread': 0.010000000000001563, 'depth_imb_k': -0.02190551596727369, 'micro_off': 0.0, 'spread_mean_10s': 0.011578947368410522, 'depth_imb_k_mean_10s': 0.03419595809688982, 'depth_imb_k_mean_60s': -0.07416900913998134, 'dist_vwap_bps': None, 'hl_range_pct': None, 'oc_change_pct': None, 'volume_rel_20': None, 'atr_pct': None, 'position_in_range': None, 'rsi': None, 'bb_position': None, 'ret_3': None, 'ret_10': None, 'session_bucket': 1.0}"
2026-04-08|IONQ|2026-04-08T11:22:00-04:00|short|8,2026-04-08,IONQ,2026-04-08T11:22:00-04:00,short,8,0.3676128089427948,True,shadow,entry_next_bar_open_time_exit_at_selected_hold,29.13,29.28,14.56,"{'pressure_k': 0.0, 'spread': 0.019999999999999574, 'depth_imb_k': -0.1771574014221073, 'micro_off': -0.007142857142856229, 'spread_mean_10s': 0.016399999999985083, 'depth_imb_k_mean_10s': -0.22958386546566886, 'depth_imb_k_mean_60s': -0.11553095900073783, 'dist_vwap_bps': None, 'hl_range_pct': None, 'oc_change_pct': None, 'volume_rel_20': None, 'atr_pct': None, 'position_in_range': None, 'rsi': None, 'bb_position': None, 'ret_3': None, 'ret_10': None, 'session_bucket': 1.0}"
2026-04-08|IONQ|2026-04-08T11:23:00-04:00|short|12,2026-04-08,IONQ,2026-04-08T11:23:00-04:00,short,12,0.3516882658004761,True,shadow,entry_next_bar_open_time_exit_at_selected_hold,29.17,29.32,14.59,"{'pressure_k': 0.0, 'spread': 0.010000000000001563, 'depth_imb_k': -0.037676190476190474, 'micro_off': -0.0009999999999976694, 'spread_mean_10s': 0.012105263157883727, 'depth_imb_k_mean_10s': -0.06408077608782112, 'depth_imb_k_mean_60s': -0.1493421328425299, 'dist_vwap_bps': None, 'hl_range_pct': None, 'oc_change_pct': None, 'volume_rel_20': None, 'atr_pct': None, 'position_in_range': None, 'rsi': None, 'bb_position': None, 'ret_3': None, 'ret_10': None, 'session_bucket': 1.0}"
2026-04-08|IONQ|2026-04-08T11:24:00-04:00|long|8,2026-04-08,IONQ,2026-04-08T11:24:00-04:00,long,8,0.3495079278945923,True,shadow,entry_next_bar_open_time_exit_at_selected_hold,29.1211,28.98,43.68,"{'pressure_k': 0.0, 'spread': 0.00999999999999801, 'depth_imb_k': -0.05940174105068975, 'micro_off': -0.0016666666666651508, 'spread_mean_10s': 0.011842105263147124, 'depth_imb_k_mean_10s': -0.24181509512509305, 'depth_imb_k_mean_60s': -0.08034967501420646, 'dist_vwap_bps': None, 'hl_range_pct': None, 'oc_change_pct': None, 'volume_rel_20': None, 'atr_pct': None, 'position_in_range': None, 'rsi': None, 'bb_position': None, 'ret_3': None, 'ret_10': None, 'session_bucket': 1.0}"
2026-04-08|IONQ|2026-04-08T11:25:00-04:00|long|8,2026-04-08,IONQ,2026-04-08T11:25:00-04:00,long,8,0.3423927128314972,True,shadow,entry_next_bar_open_time_exit_at_selected_hold,29.09,28.94,43.63,"{'pressure_k': 0.0, 'spread': 0.020000000000003126, 'depth_imb_k': -0.06517882879886472, 'micro_off': 0.0027272727272737995, 'spread_mean_10s': 0.013684210526303343, 'depth_imb_k_mean_10s': -0.05588959434105783, 'depth_imb_k_mean_60s': 0.000806921401641805, 'dist_vwap_bps': None, 'hl_range_pct': None, 'oc_change_pct': None, 'volume_rel_20': None, 'atr_pct': None, 'position_in_range': None, 'rsi': None, 'bb_position': None, 'ret_3': None, 'ret_10': None, 'session_bucket': 1.0}"
2026-04-08|IONQ|2026-04-08T11:26:00-04:00|short|12,2026-04-08,IONQ,2026-04-08T11:26:00-04:00,short,12,0.33195728063583374,True,shadow,entry_next_bar_open_time_exit_at_selected_hold,29.12,29.27,14.56,"{'pressure_k': 0.0, 'spread': 0.010000000000001563, 'depth_imb_k': -0.04550837421756048, 'micro_off': -0.002500000000001279, 'spread_mean_10s': 0.0118749999999892, 'depth_imb_k_mean_10s': -0.03727512889442686, 'depth_imb_k_mean_60s': 0.04118323986733824, 'dist_vwap_bps': None, 'hl_range_pct': None, 'oc_change_pct': None, 'volume_rel_20': None, 'atr_pct': None, 'position_in_range': None, 'rsi': None, 'bb_position': None, 'ret_3': None, 'ret_10': None, 'session_bucket': 1.0}"
2026-04-08|IONQ|2026-04-08T11:27:00-04:00|long|8,2026-04-08,IONQ,2026-04-08T11:27:00-04:00,long,8,0.34417593479156494,True,shadow,entry_next_bar_open_time_exit_at_selected_hold,29.1101,28.96,43.67,"{'pressure_k': 0.0, 'spread': 0.019999999999999574, 'depth_imb_k': -0.0006940197486411643, 'micro_off': 0.0, 'spread_mean_10s': 0.013684210526303343, 'depth_imb_k_mean_10s': -0.05578559374103595, 'depth_imb_k_mean_60s': 0.03413263952067128, 'dist_vwap_bps': None, 'hl_range_pct': None, 'oc_change_pct': None, 'volume_rel_20': None, 'atr_pct': None, 'position_in_range': None, 'rsi': None, 'bb_position': None, 'ret_3': None, 'ret_10': None, 'session_bucket': 1.0}"
2026-04-08|IONQ|2026-04-08T11:28:00-04:00|short|8,2026-04-08,IONQ,2026-04-08T11:28:00-04:00,short,8,0.36179131269454956,True,shadow,entry_next_bar_open_time_exit_at_selected_hold,29.18,29.33,14.59,"{'pressure_k': 0.0, 'spread': 0.010000000000001563, 'depth_imb_k': -0.25050500724498026, 'micro_off': -0.003571428571429891, 'spread_mean_10s': 0.015789473684196167, 'depth_imb_k_mean_10s': -0.17149812603561992, 'depth_imb_k_mean_60s': -0.023561467750561085, 'dist_vwap_bps': None, 'hl_range_pct': None, 'oc_change_pct': None, 'volume_rel_20': None, 'atr_pct': None, 'position_in_range': None, 'rsi': None, 'bb_position': None, 'ret_3': None, 'ret_10': None, 'session_bucket': 1.0}"
2026-04-08|IONQ|2026-04-08T11:29:00-04:00|short|8,2026-04-08,IONQ,2026-04-08T11:29:00-04:00,short,8,0.34451305866241455,True,shadow,entry_next_bar_open_time_exit_at_selected_hold,29.16,29.31,14.58,"{'pressure_k': 0.0, 'spread': 0.010000000000001563, 'depth_imb_k': -0.25064615309234783, 'micro_off': -0.0007142857142881098, 'spread_mean_10s': 0.015526315789459563, 'depth_imb_k_mean_10s': -0.13146715553153854, 'depth_imb_k_mean_60s': -0.12838764894372626, 'dist_vwap_bps': None, 'hl_range_pct': None, 'oc_change_pct': None, 'volume_rel_20': None, 'atr_pct': None, 'position_in_range': None, 'rsi': None, 'bb_position': None, 'ret_3': None, 'ret_10': None, 'session_bucket': 1.0}"
2026-04-08|IONQ|2026-04-08T11:30:00-04:00|long|8,2026-04-08,IONQ,2026-04-08T11:30:00-04:00,long,8,0.3235187232494354,True,shadow,entry_next_bar_open_time_exit_at_selected_hold,29.125,28.98,43.69,"{'pressure_k': 0.0, 'spread': 0.00999999999999801, 'depth_imb_k': -0.15835817749269732, 'micro_off': 0.0, 'spread_mean_10s': 0.009999999999990905, 'depth_imb_k_mean_10s': -0.17248497518721856, 'depth_imb_k_mean_60s': -0.21101611939656545, 'dist_vwap_bps': None, 'hl_range_pct': None, 'oc_change_pct': None, 'volume_rel_20': None, 'atr_pct': None, 'position_in_range': None, 'rsi': None, 'bb_position': None, 'ret_3': None, 'ret_10': None, 'session_bucket': 1.0}"
2026-04-08|IONQ|2026-04-08T11:31:00-04:00|long|12,2026-04-08,IONQ,2026-04-08T11:31:00-04:00,long,12,0.3632035255432129,True,shadow,entry_next_bar_open_time_exit_at_selected_hold,29.02,28.87,43.53,"{'pressure_k': 0.0, 'spread': 0.010000000000001563, 'depth_imb_k': 0.022708333333333334, 'micro_off': 0.0, 'spread_mean_10s': 0.009999999999990905, 'depth_imb_k_mean_10s': 0.05471009779536249, 'depth_imb_k_mean_60s': 0.03589638117687914, 'dist_vwap_bps': None, 'hl_range_pct': None, 'oc_change_pct': None, 'volume_rel_20': None, 'atr_pct': None, 'position_in_range': None, 'rsi': None, 'bb_position': None, 'ret_3': None, 'ret_10': None, 'session_bucket': 1.0}"
2026-04-08|IONQ|2026-04-08T11:32:00-04:00|long|8,2026-04-08,IONQ,2026-04-08T11:32:00-04:00,long,8,0.37197795510292053,True,shadow,entry_next_bar_open_time_exit_at_selected_hold,29.09,28.94,43.63,"{'pressure_k': 0.0, 'spread': 0.010000000000001563, 'depth_imb_k': 0.060639857466523575, 'micro_off': 0.0, 'spread_mean_10s': 0.01615384615383146, 'depth_imb_k_mean_10s': -0.08665620724843556, 'depth_imb_k_mean_60s': -0.08399115127263103, 'dist_vwap_bps': None, 'hl_range_pct': None, 'oc_change_pct': None, 'volume_rel_20': None, 'atr_pct': None, 'position_in_range': None, 'rsi': None, 'bb_position': None, 'ret_3': None, 'ret_10': None, 'session_bucket': 1.0}"
2026-04-08|IONQ|2026-04-08T11:33:00-04:00|long|12,2026-04-08,IONQ,2026-04-08T11:33:00-04:00,long,12,0.36687278747558594,True,shadow,entry_next_bar_open_time_exit_at_selected_hold,29.05,28.9,43.58,"{'pressure_k': 0.0, 'spread': 0.010000000000001563, 'depth_imb_k': -0.13696582701442198, 'micro_off': -0.0016666666666687036, 'spread_mean_10s': 0.01710526315787918, 'depth_imb_k_mean_10s': -0.04099113845120129, 'depth_imb_k_mean_60s': -0.1060871226369896, 'dist_vwap_bps': None, 'hl_range_pct': None, 'oc_change_pct': None, 'volume_rel_20': None, 'atr_pct': None, 'position_in_range': None, 'rsi': None, 'bb_position': None, 'ret_3': None, 'ret_10': None, 'session_bucket': 1.0}"
2026-04-08|IONQ|2026-04-08T11:34:00-04:00|long|8,2026-04-08,IONQ,2026-04-08T11:34:00-04:00,long,8,0.3317939043045044,True,shadow,entry_next_bar_open_time_exit_at_selected_hold,29.075,28.93,43.61,"{'pressure_k': 0.0, 'spread': 0.019999999999999574, 'depth_imb_k': -0.08407637833653488, 'micro_off': 0.0, 'spread_mean_10s': 0.01679999999998472, 'depth_imb_k_mean_10s': -0.1405303664083317, 'depth_imb_k_mean_60s': -0.056323973718524434, 'dist_vwap_bps': None, 'hl_range_pct': None, 'oc_change_pct': None, 'volume_rel_20': None, 'atr_pct': None, 'position_in_range': None, 'rsi': None, 'bb_position': None, 'ret_3': None, 'ret_10': None, 'session_bucket': 1.0}"
2026-04-08|IONQ|2026-04-08T11:35:00-04:00|long|8,2026-04-08,IONQ,2026-04-08T11:35:00-04:00,long,8,0.40753406286239624,True,shadow,entry_next_bar_open_time_exit_at_selected_hold,29.0,28.86,43.5,"{'pressure_k': 0.0, 'spread': 0.010000000000001563, 'depth_imb_k': 0.02170698255319475, 'micro_off': -0.0016666666666687036, 'spread_mean_10s': 0.016842105263142577, 'depth_imb_k_mean_10s': 0.03325476014695022, 'depth_imb_k_mean_60s': -0.027142560661340714, 'dist_vwap_bps': None, 'hl_range_pct': None, 'oc_change_pct': None, 'volume_rel_20': None, 'atr_pct': None, 'position_in_range': None, 'rsi': None, 'bb_position': None, 'ret_3': None, 'ret_10': None, 'session_bucket': 1.0}"
2026-04-08|IONQ|2026-04-08T11:36:00-04:00|short|8,2026-04-08,IONQ,2026-04-08T11:36:00-04:00,short,8,0.36945661902427673,True,shadow,entry_next_bar_open_time_exit_at_selected_hold,29.125,29.27,14.56,"{'pressure_k': 0.0, 'spread': 0.019999999999999574, 'depth_imb_k': -0.15620518141039333, 'micro_off': -0.00600000000000378, 'spread_mean_10s': 0.0143589743589613, 'depth_imb_k_mean_10s': -0.10926715166071214, 'depth_imb_k_mean_60s': -0.038712635164403125, 'dist_vwap_bps': None, 'hl_range_pct': None, 'oc_change_pct': None, 'volume_rel_20': None, 'atr_pct': None, 'position_in_range': None, 'rsi': None, 'bb_position': None, 'ret_3': None, 'ret_10': None, 'session_bucket': 1.0}"
2026-04-08|IONQ|2026-04-08T11:37:00-04:00|long|8,2026-04-08,IONQ,2026-04-08T11:37:00-04:00,long,8,0.346345990896225,True,shadow,entry_next_bar_open_time_exit_at_selected_hold,29.12,28.97,43.68,"{'pressure_k': 0.0, 'spread': 0.019999999999999574, 'depth_imb_k': -0.3442640541671585, 'micro_off': -0.007777777777775441, 'spread_mean_10s': 0.013684210526303343, 'depth_imb_k_mean_10s': -0.07846861800414211, 'depth_imb_k_mean_60s': -0.0740725746994588, 'dist_vwap_bps': None, 'hl_range_pct': None, 'oc_change_pct': None, 'volume_rel_20': None, 'atr_pct': None, 'position_in_range': None, 'rsi': None, 'bb_position': None, 'ret_3': None, 'ret_10': None, 'session_bucket': 1.0}"
2026-04-08|IONQ|2026-04-08T11:38:00-04:00|short|12,2026-04-08,IONQ,2026-04-08T11:38:00-04:00,short,12,0.34078365564346313,True,shadow,entry_next_bar_open_time_exit_at_selected_hold,29.08,29.23,14.54,"{'pressure_k': 0.0, 'spread': 0.00999999999999801, 'depth_imb_k': -0.2947601933826455, 'micro_off': 0.0, 'spread_mean_10s': 0.012105263157883727, 'depth_imb_k_mean_10s': -0.181316439176874, 'depth_imb_k_mean_60s': -0.037397252865091324, 'dist_vwap_bps': None, 'hl_range_pct': None, 'oc_change_pct': None, 'volume_rel_20': None, 'atr_pct': None, 'position_in_range': None, 'rsi': None, 'bb_position': None, 'ret_3': None, 'ret_10': None, 'session_bucket': 1.0}"
2026-04-08|IONQ|2026-04-08T11:39:00-04:00|long|8,2026-04-08,IONQ,2026-04-08T11:39:00-04:00,long,8,0.3401200473308563,True,shadow,entry_next_bar_open_time_exit_at_selected_hold,29.08,28.93,43.62,"{'pressure_k': 0.0, 'spread': 0.019999999999999574, 'depth_imb_k': -0.000654688295628137, 'micro_off': -0.0033333333333303017, 'spread_mean_10s': 0.015789473684196167, 'depth_imb_k_mean_10s': -0.051976155525183365, 'depth_imb_k_mean_60s': -0.07173403763167222, 'dist_vwap_bps': None, 'hl_range_pct': None, 'oc_change_pct': None, 'volume_rel_20': None, 'atr_pct': None, 'position_in_range': None, 'rsi': None, 'bb_position': None, 'ret_3': None, 'ret_10': None, 'session_bucket': 1.0}"
2026-04-08|IONQ|2026-04-08T11:40:00-04:00|long|12,2026-04-08,IONQ,2026-04-08T11:40:00-04:00,long,12,0.40362390875816345,True,shadow,entry_next_bar_open_time_exit_at_selected_hold,29.05,28.9,43.58,"{'pressure_k': 0.0, 'spread': 0.019999999999999574, 'depth_imb_k': -0.2863596968411735, 'micro_off': -0.007777777777775441, 'spread_mean_10s': 0.016842105263142577, 'depth_imb_k_mean_10s': -0.0963791575409935, 'depth_imb_k_mean_60s': -0.10319500529196929, 'dist_vwap_bps': None, 'hl_range_pct': None, 'oc_change_pct': None, 'volume_rel_20': None, 'atr_pct': None, 'position_in_range': None, 'rsi': None, 'bb_position': None, 'ret_3': None, 'ret_10': None, 'session_bucket': 1.0}"
2026-04-08|IONQ|2026-04-08T11:41:00-04:00|long|8,2026-04-08,IONQ,2026-04-08T11:41:00-04:00,long,8,0.35603517293930054,True,shadow,entry_next_bar_open_time_exit_at_selected_hold,29.09,28.94,43.63,"{'pressure_k': 0.0, 'spread': 0.019999999999999574, 'depth_imb_k': 0.032681761136039336, 'micro_off': 0.0033333333333338544, 'spread_mean_10s': 0.019473684210508605, 'depth_imb_k_mean_10s': -0.030377530283022668, 'depth_imb_k_mean_60s': -0.021904615357644923, 'dist_vwap_bps': None, 'hl_range_pct': None, 'oc_change_pct': None, 'volume_rel_20': None, 'atr_pct': None, 'position_in_range': None, 'rsi': None, 'bb_position': None, 'ret_3': None, 'ret_10': None, 'session_bucket': 1.0}"
2026-04-08|IONQ|2026-04-08T11:42:00-04:00|long|12,2026-04-08,IONQ,2026-04-08T11:42:00-04:00,long,12,0.3403770625591278,True,shadow,entry_next_bar_open_time_exit_at_selected_hold,29.135,28.99,43.7,"{'pressure_k': 0.0, 'spread': 0.00999999999999801, 'depth_imb_k': -0.000614035666888952, 'micro_off': 0.002142857142857224, 'spread_mean_10s': 0.013157894736830138, 'depth_imb_k_mean_10s': 0.07361030099332161, 'depth_imb_k_mean_60s': 0.11838319558779806, 'dist_vwap_bps': None, 'hl_range_pct': None, 'oc_change_pct': None, 'volume_rel_20': None, 'atr_pct': None, 'position_in_range': None, 'rsi': None, 'bb_position': None, 'ret_3': None, 'ret_10': None, 'session_bucket': 1.0}"
2026-04-08|IONQ|2026-04-08T11:43:00-04:00|short|8,2026-04-08,IONQ,2026-04-08T11:43:00-04:00,short,8,0.34750035405158997,True,shadow,entry_next_bar_open_time_exit_at_selected_hold,29.08,29.23,14.54,"{'pressure_k': 0.0, 'spread': 0.019999999999999574, 'depth_imb_k': 0.058222249192575064, 'micro_off': 0.0033333333333338544, 'spread_mean_10s': 0.016315789473669372, 'depth_imb_k_mean_10s': -0.029551649218059372, 'depth_imb_k_mean_60s': 0.07368379656639484, 'dist_vwap_bps': None, 'hl_range_pct': None, 'oc_change_pct': None, 'volume_rel_20': None, 'atr_pct': None, 'position_in_range': None, 'rsi': None, 'bb_position': None, 'ret_3': None, 'ret_10': None, 'session_bucket': 1.0}"
2026-04-08|IONQ|2026-04-08T11:44:00-04:00|long|8,2026-04-08,IONQ,2026-04-08T11:44:00-04:00,long,8,0.3605705201625824,True,shadow,entry_next_bar_open_time_exit_at_selected_hold,29.075,28.93,43.61,"{'pressure_k': 0.0, 'spread': 0.019999999999999574, 'depth_imb_k': 0.22738604741007237, 'micro_off': 0.006000000000000227, 'spread_mean_10s': 0.014999999999986358, 'depth_imb_k_mean_10s': -0.0403681465855237, 'depth_imb_k_mean_60s': -0.05642873821541631, 'dist_vwap_bps': None, 'hl_range_pct': None, 'oc_change_pct': None, 'volume_rel_20': None, 'atr_pct': None, 'position_in_range': None, 'rsi': None, 'bb_position': None, 'ret_3': None, 'ret_10': None, 'session_bucket': 1.0}"
2026-04-08|IONQ|2026-04-08T11:45:00-04:00|short|12,2026-04-08,IONQ,2026-04-08T11:45:00-04:00,short,12,0.3348132073879242,True,shadow,entry_next_bar_open_time_exit_at_selected_hold,29.1,29.25,14.55,"{'pressure_k': 0.0, 'spread': 0.00999999999999801, 'depth_imb_k': 0.08507954272138696, 'micro_off': 0.0, 'spread_mean_10s': 0.018421052631562195, 'depth_imb_k_mean_10s': 0.19250727212369007, 'depth_imb_k_mean_60s': 0.0014450868864403937, 'dist_vwap_bps': None, 'hl_range_pct': None, 'oc_change_pct': None, 'volume_rel_20': None, 'atr_pct': None, 'position_in_range': None, 'rsi': None, 'bb_position': None, 'ret_3': None, 'ret_10': None, 'session_bucket': 1.0}"
2026-04-08|IONQ|2026-04-08T11:46:00-04:00|short|8,2026-04-08,IONQ,2026-04-08T11:46:00-04:00,short,8,0.3410816788673401,True,shadow,entry_next_bar_open_time_exit_at_selected_hold,29.16,29.31,14.58,"{'pressure_k': 0.0, 'spread': 0.010000000000001563, 'depth_imb_k': 0.10291847777876342, 'micro_off': 0.002142857142857224, 'spread_mean_10s': 0.01736842105261578, 'depth_imb_k_mean_10s': 0.07599987921218904, 'depth_imb_k_mean_60s': 0.01263236612365817, 'dist_vwap_bps': None, 'hl_range_pct': None, 'oc_change_pct': None, 'volume_rel_20': None, 'atr_pct': None, 'position_in_range': None, 'rsi': None, 'bb_position': None, 'ret_3': None, 'ret_10': None, 'session_bucket': 1.0}"
2026-04-08|IONQ|2026-04-08T11:47:00-04:00|short|8,2026-04-08,IONQ,2026-04-08T11:47:00-04:00,short,8,0.3620719015598297,True,shadow,entry_next_bar_open_time_exit_at_selected_hold,29.1977,29.34,14.6,"{'pressure_k': 0.0, 'spread': 0.019999999999999574, 'depth_imb_k': -0.2163621708758732, 'micro_off': -0.008461538461535412, 'spread_mean_10s': 0.01599999999998545, 'depth_imb_k_mean_10s': -0.25410385311341843, 'depth_imb_k_mean_60s': -0.055655170066617875, 'dist_vwap_bps': None, 'hl_range_pct': None, 'oc_change_pct': None, 'volume_rel_20': None, 'atr_pct': None, 'position_in_range': None, 'rsi': None, 'bb_position': None, 'ret_3': None, 'ret_10': None, 'session_bucket': 1.0}"
2026-04-08|IONQ|2026-04-08T11:48:00-04:00|long|8,2026-04-08,IONQ,2026-04-08T11:48:00-04:00,long,8,0.35324543714523315,True,shadow,entry_next_bar_open_time_exit_at_selected_hold,29.181,29.04,43.77,"{'pressure_k': 0.0, 'spread': 0.019999999999999574, 'depth_imb_k': 0.14221384694451922, 'micro_off': -0.0033333333333303017, 'spread_mean_10s': 0.01236842105262033, 'depth_imb_k_mean_10s': 0.037066332066868164, 'depth_imb_k_mean_60s': 0.02916614431183819, 'dist_vwap_bps': None, 'hl_range_pct': None, 'oc_change_pct': None, 'volume_rel_20': None, 'atr_pct': None, 'position_in_range': None, 'rsi': None, 'bb_position': None, 'ret_3': None, 'ret_10': None, 'session_bucket': 1.0}"
2026-04-08|IONQ|2026-04-08T11:49:00-04:00|short|8,2026-04-08,IONQ,2026-04-08T11:49:00-04:00,short,8,0.35399630665779114,True,shadow,entry_next_bar_open_time_exit_at_selected_hold,29.22,29.37,14.61,"{'pressure_k': 0.0, 'spread': 0.00999999999999801, 'depth_imb_k': -0.14341123170691958, 'micro_off': 0.0, 'spread_mean_10s': 0.011052631578937317, 'depth_imb_k_mean_10s': -0.024787772307972415, 'depth_imb_k_mean_60s': 0.0213306885995334, 'dist_vwap_bps': None, 'hl_range_pct': None, 'oc_change_pct': None, 'volume_rel_20': None, 'atr_pct': None, 'position_in_range': None, 'rsi': None, 'bb_position': None, 'ret_3': None, 'ret_10': None, 'session_bucket': 1.0}"
2026-04-08|IONQ|2026-04-08T11:50:00-04:00|long|8,2026-04-08,IONQ,2026-04-08T11:50:00-04:00,long,8,0.3782661259174347,True,shadow,entry_next_bar_open_time_exit_at_selected_hold,29.18,29.03,43.77,"{'pressure_k': 0.0, 'spread': 0.010000000000001563, 'depth_imb_k': 0.09034605655040064, 'micro_off': -0.0016666666666687036, 'spread_mean_10s': 0.014736842105249755, 'depth_imb_k_mean_10s': 0.02424039141024387, 'depth_imb_k_mean_60s': -0.035742102785591395, 'dist_vwap_bps': None, 'hl_range_pct': None, 'oc_change_pct': None, 'volume_rel_20': None, 'atr_pct': None, 'position_in_range': None, 'rsi': None, 'bb_position': None, 'ret_3': None, 'ret_10': None, 'session_bucket': 1.0}"
2026-04-08|IONQ|2026-04-08T11:51:00-04:00|short|8,2026-04-08,IONQ,2026-04-08T11:51:00-04:00,short,8,0.3853525221347809,True,shadow,entry_next_bar_open_time_exit_at_selected_hold,29.2301,29.38,14.62,"{'pressure_k': 0.0, 'spread': 0.019999999999999574, 'depth_imb_k': -0.12334175331649337, 'micro_off': -0.008000000000002672, 'spread_mean_10s': 0.014090909090896275, 'depth_imb_k_mean_10s': -0.095525770952091, 'depth_imb_k_mean_60s': 0.05896093508067879, 'dist_vwap_bps': None, 'hl_range_pct': None, 'oc_change_pct': None, 'volume_rel_20': None, 'atr_pct': None, 'position_in_range': None, 'rsi': None, 'bb_position': None, 'ret_3': None, 'ret_10': None, 'session_bucket': 1.0}"
2026-04-08|IONQ|2026-04-08T11:52:00-04:00|short|12,2026-04-08,IONQ,2026-04-08T11:52:00-04:00,short,12,0.3318028450012207,True,shadow,entry_next_bar_open_time_exit_at_selected_hold,29.23,29.38,14.62,"{'pressure_k': 0.0, 'spread': 0.019999999999999574, 'depth_imb_k': 0.0660683728181922, 'micro_off': 0.0, 'spread_mean_10s': 0.013199999999987994, 'depth_imb_k_mean_10s': -0.02860757555127975, 'depth_imb_k_mean_60s': 0.013659876359543797, 'dist_vwap_bps': None, 'hl_range_pct': None, 'oc_change_pct': None, 'volume_rel_20': None, 'atr_pct': None, 'position_in_range': None, 'rsi': None, 'bb_position': None, 'ret_3': None, 'ret_10': None, 'session_bucket': 1.0}"
2026-04-08|IONQ|2026-04-08T11:53:00-04:00|long|12,2026-04-08,IONQ,2026-04-08T11:53:00-04:00,long,12,0.36382001638412476,True,shadow,entry_next_bar_open_time_exit_at_selected_hold,29.27,29.12,43.91,"{'pressure_k': 0.0, 'spread': 0.00999999999999801, 'depth_imb_k': 0.10587277235281714, 'micro_off': 0.0024999999999977263, 'spread_mean_10s': 0.01236842105262033, 'depth_imb_k_mean_10s': -0.22015521214541872, 'depth_imb_k_mean_60s': -0.15644844083304035, 'dist_vwap_bps': None, 'hl_range_pct': None, 'oc_change_pct': None, 'volume_rel_20': None, 'atr_pct': None, 'position_in_range': None, 'rsi': None, 'bb_position': None, 'ret_3': None, 'ret_10': None, 'session_bucket': 1.0}"
2026-04-08|IONQ|2026-04-08T11:54:00-04:00|short|12,2026-04-08,IONQ,2026-04-08T11:54:00-04:00,short,12,0.3400326371192932,True,shadow,entry_next_bar_open_time_exit_at_selected_hold,29.28,29.43,14.64,"{'pressure_k': 0.0, 'spread': 0.019999999999999574, 'depth_imb_k': 0.35549300342878326, 'micro_off': 0.005999999999996675, 'spread_mean_10s': 0.014736842105249755, 'depth_imb_k_mean_10s': 0.19871641627817008, 'depth_imb_k_mean_60s': -0.023673714389727075, 'dist_vwap_bps': None, 'hl_range_pct': None, 'oc_change_pct': None, 'volume_rel_20': None, 'atr_pct': None, 'position_in_range': None, 'rsi': None, 'bb_position': None, 'ret_3': None, 'ret_10': None, 'session_bucket': 1.0}"
2026-04-08|IONQ|2026-04-08T11:55:00-04:00|short|12,2026-04-08,IONQ,2026-04-08T11:55:00-04:00,short,12,0.43163982033729553,True,shadow,entry_next_bar_open_time_exit_at_selected_hold,29.34,29.49,14.67,"{'pressure_k': 0.0, 'spread': 0.010000000000001563, 'depth_imb_k': -0.216747407393763, 'micro_off': -0.0016666666666651508, 'spread_mean_10s': 0.010789473684200713, 'depth_imb_k_mean_10s': -0.2945406708205936, 'depth_imb_k_mean_60s': -0.09739116260474702, 'dist_vwap_bps': None, 'hl_range_pct': None, 'oc_change_pct': None, 'volume_rel_20': None, 'atr_pct': None, 'position_in_range': None, 'rsi': None, 'bb_position': None, 'ret_3': None, 'ret_10': None, 'session_bucket': 1.0}"
2026-04-08|IONQ|2026-04-08T11:56:00-04:00|short|12,2026-04-08,IONQ,2026-04-08T11:56:00-04:00,short,12,0.3267885744571686,True,shadow,entry_next_bar_open_time_exit_at_selected_hold,29.32,29.47,14.66,"{'pressure_k': 0.0, 'spread': 0.010000000000001563, 'depth_imb_k': -0.09577492243465831, 'micro_off': -0.0007142857142845571, 'spread_mean_10s': 0.009999999999990905, 'depth_imb_k_mean_10s': 0.021586093099488692, 'depth_imb_k_mean_60s': -0.12395429810438481, 'dist_vwap_bps': None, 'hl_range_pct': None, 'oc_change_pct': None, 'volume_rel_20': None, 'atr_pct': None, 'position_in_range': None, 'rsi': None, 'bb_position': None, 'ret_3': None, 'ret_10': None, 'session_bucket': 1.0}"
2026-04-08|IONQ|2026-04-08T11:57:00-04:00|short|12,2026-04-08,IONQ,2026-04-08T11:57:00-04:00,short,12,0.3613230884075165,True,shadow,entry_next_bar_open_time_exit_at_selected_hold,29.35,29.5,14.68,"{'pressure_k': 0.0, 'spread': 0.00999999999999801, 'depth_imb_k': -0.2063546139086086, 'micro_off': -0.00416666666666643, 'spread_mean_10s': 0.012631578947356933, 'depth_imb_k_mean_10s': -0.18454573972582908, 'depth_imb_k_mean_60s': -0.16783937429527465, 'dist_vwap_bps': None, 'hl_range_pct': None, 'oc_change_pct': None, 'volume_rel_20': None, 'atr_pct': None, 'position_in_range': None, 'rsi': None, 'bb_position': None, 'ret_3': None, 'ret_10': None, 'session_bucket': 1.0}"
2026-04-08|IONQ|2026-04-08T11:58:00-04:00|short|12,2026-04-08,IONQ,2026-04-08T11:58:00-04:00,short,12,0.35806742310523987,True,shadow,entry_next_bar_open_time_exit_at_selected_hold,29.3901,29.54,14.7,"{'pressure_k': 0.0, 'spread': 0.010000000000001563, 'depth_imb_k': 0.25366199537674883, 'micro_off': 0.0030000000000001137, 'spread_mean_10s': 0.012105263157883727, 'depth_imb_k_mean_10s': 0.09193429322168879, 'depth_imb_k_mean_60s': -0.03464439454464389, 'dist_vwap_bps': None, 'hl_range_pct': None, 'oc_change_pct': None, 'volume_rel_20': None, 'atr_pct': None, 'position_in_range': None, 'rsi': None, 'bb_position': None, 'ret_3': None, 'ret_10': None, 'session_bucket': 1.0}"
2026-04-08|IONQ|2026-04-08T11:59:00-04:00|short|8,2026-04-08,IONQ,2026-04-08T11:59:00-04:00,short,8,0.32841357588768005,True,shadow,entry_next_bar_open_time_exit_at_selected_hold,29.375,29.52,14.69,"{'pressure_k': 0.0, 'spread': 0.019999999999999574, 'depth_imb_k': 0.12435207442546463, 'micro_off': 0.0074999999999967315, 'spread_mean_10s': 0.01736842105261578, 'depth_imb_k_mean_10s': 0.0920428059024576, 'depth_imb_k_mean_60s': 0.10965044064095016, 'dist_vwap_bps': None, 'hl_range_pct': None, 'oc_change_pct': None, 'volume_rel_20': None, 'atr_pct': None, 'position_in_range': None, 'rsi': None, 'bb_position': None, 'ret_3': None, 'ret_10': None, 'session_bucket': 1.0}"
2026-04-08|IONQ|2026-04-08T12:00:00-04:00|long|8,2026-04-08,IONQ,2026-04-08T12:00:00-04:00,long,8,0.3294426202774048,True,shadow,entry_next_bar_open_time_exit_at_selected_hold,29.4297,29.28,44.14,"{'pressure_k': 0.0, 'spread': 0.00999999999999801, 'depth_imb_k': 0.17795782127143073, 'micro_off': 0.0, 'spread_mean_10s': 0.01131578947367392, 'depth_imb_k_mean_10s': -0.009771541800411773, 'depth_imb_k_mean_60s': -0.03561678821063397, 'dist_vwap_bps': None, 'hl_range_pct': None, 'oc_change_pct': None, 'volume_rel_20': None, 'atr_pct': None, 'position_in_range': None, 'rsi': None, 'bb_position': None, 'ret_3': None, 'ret_10': None, 'session_bucket': 1.0}"
2026-04-08|IONQ|2026-04-08T12:01:00-04:00|short|8,2026-04-08,IONQ,2026-04-08T12:01:00-04:00,short,8,0.3359645903110504,True,shadow,entry_next_bar_open_time_exit_at_selected_hold,29.46,29.61,14.73,"{'pressure_k': 0.0, 'spread': 0.019999999999999574, 'depth_imb_k': 0.11476908410653539, 'micro_off': 0.007999999999995566, 'spread_mean_10s': 0.018421052631562195, 'depth_imb_k_mean_10s': 0.04623358472396807, 'depth_imb_k_mean_60s': 0.046110462789628166, 'dist_vwap_bps': None, 'hl_range_pct': None, 'oc_change_pct': None, 'volume_rel_20': None, 'atr_pct': None, 'position_in_range': None, 'rsi': None, 'bb_position': None, 'ret_3': None, 'ret_10': None, 'session_bucket': 1.0}"
2026-04-08|IONQ|2026-04-08T12:02:00-04:00|short|8,2026-04-08,IONQ,2026-04-08T12:02:00-04:00,short,8,0.36319124698638916,True,shadow,entry_next_bar_open_time_exit_at_selected_hold,29.5025,29.65,14.75,"{'pressure_k': 0.0, 'spread': 0.020000000000003126, 'depth_imb_k': -0.0005720540979554363, 'micro_off': 0.0033333333333338544, 'spread_mean_10s': 0.013157894736830138, 'depth_imb_k_mean_10s': -0.05466461490886924, 'depth_imb_k_mean_60s': 0.023493881457888503, 'dist_vwap_bps': None, 'hl_range_pct': None, 'oc_change_pct': None, 'volume_rel_20': None, 'atr_pct': None, 'position_in_range': None, 'rsi': None, 'bb_position': None, 'ret_3': None, 'ret_10': None, 'session_bucket': 1.0}"
2026-04-08|IONQ|2026-04-08T12:03:00-04:00|short|8,2026-04-08,IONQ,2026-04-08T12:03:00-04:00,short,8,0.35192421078681946,True,shadow,entry_next_bar_open_time_exit_at_selected_hold,29.53,29.68,14.77,"{'pressure_k': 0.0, 'spread': 0.010000000000001563, 'depth_imb_k': 0.15560330683490173, 'micro_off': -0.0016666666666651508, 'spread_mean_10s': 0.013421052631566741, 'depth_imb_k_mean_10s': -0.0011715062246980181, 'depth_imb_k_mean_60s': 0.008543157508297265, 'dist_vwap_bps': None, 'hl_range_pct': None, 'oc_change_pct': None, 'volume_rel_20': None, 'atr_pct': None, 'position_in_range': None, 'rsi': None, 'bb_position': None, 'ret_3': None, 'ret_10': None, 'session_bucket': 1.0}"
2026-04-08|IONQ|2026-04-08T12:04:00-04:00|short|12,2026-04-08,IONQ,2026-04-08T12:04:00-04:00,short,12,0.3643123507499695,True,shadow,entry_next_bar_open_time_exit_at_selected_hold,29.49,29.64,14.74,"{'pressure_k': 0.0, 'spread': 0.019999999999999574, 'depth_imb_k': -0.513841887285744, 'micro_off': 0.004999999999999005, 'spread_mean_10s': 0.016578947368405973, 'depth_imb_k_mean_10s': -0.047427703061633734, 'depth_imb_k_mean_60s': -0.07200822288498848, 'dist_vwap_bps': None, 'hl_range_pct': None, 'oc_change_pct': None, 'volume_rel_20': None, 'atr_pct': None, 'position_in_range': None, 'rsi': None, 'bb_position': None, 'ret_3': None, 'ret_10': None, 'session_bucket': 1.0}"
2026-04-08|IONQ|2026-04-08T12:05:00-04:00|short|12,2026-04-08,IONQ,2026-04-08T12:05:00-04:00,short,12,0.4056940972805023,True,shadow,entry_next_bar_open_time_exit_at_selected_hold,29.5,29.65,14.75,"{'pressure_k': 0.0, 'spread': 0.019999999999999574, 'depth_imb_k': 0.09035791964214197, 'micro_off': 0.005000000000002558, 'spread_mean_10s': 0.010465116279060249, 'depth_imb_k_mean_10s': -0.07362743452004684, 'depth_imb_k_mean_60s': -0.3252362615200007, 'dist_vwap_bps': None, 'hl_range_pct': None, 'oc_change_pct': None, 'volume_rel_20': None, 'atr_pct': None, 'position_in_range': None, 'rsi': None, 'bb_position': None, 'ret_3': None, 'ret_10': None, 'session_bucket': 1.0}"
2026-04-08|IONQ|2026-04-08T12:06:00-04:00|short|12,2026-04-08,IONQ,2026-04-08T12:06:00-04:00,short,12,0.37751320004463196,True,shadow,entry_next_bar_open_time_exit_at_selected_hold,29.555,29.7,14.78,"{'pressure_k': 0.0, 'spread': 0.019999999999999574, 'depth_imb_k': -0.0005701361434988817, 'micro_off': -0.007777777777778994, 'spread_mean_10s': 0.013421052631566741, 'depth_imb_k_mean_10s': -0.05898503279518021, 'depth_imb_k_mean_60s': -0.03905466852852947, 'dist_vwap_bps': None, 'hl_range_pct': None, 'oc_change_pct': None, 'volume_rel_20': None, 'atr_pct': None, 'position_in_range': None, 'rsi': None, 'bb_position': None, 'ret_3': None, 'ret_10': None, 'session_bucket': 1.0}"
2026-04-08|IONQ|2026-04-08T12:07:00-04:00|short|12,2026-04-08,IONQ,2026-04-08T12:07:00-04:00,short,12,0.33573275804519653,True,shadow,entry_next_bar_open_time_exit_at_selected_hold,29.53,29.68,14.77,"{'pressure_k': 0.0, 'spread': 0.019999999999999574, 'depth_imb_k': 0.08141387561136741, 'micro_off': 0.002307692307692122, 'spread_mean_10s': 0.013421052631566741, 'depth_imb_k_mean_10s': -0.011119009425828464, 'depth_imb_k_mean_60s': -0.00619998535145069, 'dist_vwap_bps': None, 'hl_range_pct': None, 'oc_change_pct': None, 'volume_rel_20': None, 'atr_pct': None, 'position_in_range': None, 'rsi': None, 'bb_position': None, 'ret_3': None, 'ret_10': None, 'session_bucket': 1.0}"
2026-04-08|IONQ|2026-04-08T12:08:00-04:00|long|12,2026-04-08,IONQ,2026-04-08T12:08:00-04:00,long,12,0.36038610339164734,True,shadow,entry_next_bar_open_time_exit_at_selected_hold,29.469,29.32,44.2,"{'pressure_k': 0.0, 'spread': 0.010000000000001563, 'depth_imb_k': 0.058275461040039875, 'micro_off': 0.0033333333333303017, 'spread_mean_10s': 0.009999999999990905, 'depth_imb_k_mean_10s': 0.11233148144725406, 'depth_imb_k_mean_60s': 0.10689289971562331, 'dist_vwap_bps': None, 'hl_range_pct': None, 'oc_change_pct': None, 'volume_rel_20': None, 'atr_pct': None, 'position_in_range': None, 'rsi': None, 'bb_position': None, 'ret_3': None, 'ret_10': None, 'session_bucket': 1.0}"
2026-04-08|IONQ|2026-04-08T12:09:00-04:00|long|12,2026-04-08,IONQ,2026-04-08T12:09:00-04:00,long,12,0.3631698191165924,True,shadow,entry_next_bar_open_time_exit_at_selected_hold,29.475,29.33,44.21,"{'pressure_k': 0.0, 'spread': 0.010000000000001563, 'depth_imb_k': -0.3771176361762296, 'micro_off': -0.0016666666666687036, 'spread_mean_10s': 0.01526315789472296, 'depth_imb_k_mean_10s': -0.28706454278139854, 'depth_imb_k_mean_60s': -0.2113394467282617, 'dist_vwap_bps': None, 'hl_range_pct': None, 'oc_change_pct': None, 'volume_rel_20': None, 'atr_pct': None, 'position_in_range': None, 'rsi': None, 'bb_position': None, 'ret_3': None, 'ret_10': None, 'session_bucket': 1.0}"
2026-04-08|IONQ|2026-04-08T12:10:00-04:00|long|12,2026-04-08,IONQ,2026-04-08T12:10:00-04:00,long,12,0.34911617636680603,True,shadow,entry_next_bar_open_time_exit_at_selected_hold,29.47,29.32,44.2,"{'pressure_k': 0.0, 'spread': 0.010000000000001563, 'depth_imb_k': -0.42080193478934097, 'micro_off': 0.0, 'spread_mean_10s': 0.013684210526303343, 'depth_imb_k_mean_10s': -0.4073728865263858, 'depth_imb_k_mean_60s': -0.2976998390233884, 'dist_vwap_bps': None, 'hl_range_pct': None, 'oc_change_pct': None, 'volume_rel_20': None, 'atr_pct': None, 'position_in_range': None, 'rsi': None, 'bb_position': None, 'ret_3': None, 'ret_10': None, 'session_bucket': 1.0}"
2026-04-08|IONQ|2026-04-08T12:11:00-04:00|long|12,2026-04-08,IONQ,2026-04-08T12:11:00-04:00,long,12,0.3684861660003662,True,shadow,entry_next_bar_open_time_exit_at_selected_hold,29.48,29.33,44.22,"{'pressure_k': 0.0, 'spread': 0.019999999999999574, 'depth_imb_k': -0.25770238908511267, 'micro_off': 0.005000000000002558, 'spread_mean_10s': 0.011578947368410522, 'depth_imb_k_mean_10s': -0.4044462075559487, 'depth_imb_k_mean_60s': -0.25281933435825876, 'dist_vwap_bps': None, 'hl_range_pct': None, 'oc_change_pct': None, 'volume_rel_20': None, 'atr_pct': None, 'position_in_range': None, 'rsi': None, 'bb_position': None, 'ret_3': None, 'ret_10': None, 'session_bucket': 1.0}"
2026-04-08|IONQ|2026-04-08T12:12:00-04:00|long|12,2026-04-08,IONQ,2026-04-08T12:12:00-04:00,long,12,0.3709416687488556,True,shadow,entry_next_bar_open_time_exit_at_selected_hold,29.43,29.28,44.14,"{'pressure_k': 0.0, 'spread': 0.00999999999999801, 'depth_imb_k': -0.022706163964630637, 'micro_off': 0.0030000000000001137, 'spread_mean_10s': 0.012894736842093536, 'depth_imb_k_mean_10s': 0.019418297041484397, 'depth_imb_k_mean_60s': -0.3309002776236213, 'dist_vwap_bps': None, 'hl_range_pct': None, 'oc_change_pct': None, 'volume_rel_20': None, 'atr_pct': None, 'position_in_range': None, 'rsi': None, 'bb_position': None, 'ret_3': None, 'ret_10': None, 'session_bucket': 1.0}"
2026-04-08|IONQ|2026-04-08T12:13:00-04:00|long|12,2026-04-08,IONQ,2026-04-08T12:13:00-04:00,long,12,0.3729611933231354,True,shadow,entry_next_bar_open_time_exit_at_selected_hold,29.44,29.29,44.16,"{'pressure_k': 0.0, 'spread': 0.010000000000001563, 'depth_imb_k': -0.05511801295949694, 'micro_off': -0.0016666666666687036, 'spread_mean_10s': 0.013421052631566741, 'depth_imb_k_mean_10s': -0.14057025785839833, 'depth_imb_k_mean_60s': -0.03356953676112197, 'dist_vwap_bps': None, 'hl_range_pct': None, 'oc_change_pct': None, 'volume_rel_20': None, 'atr_pct': None, 'position_in_range': None, 'rsi': None, 'bb_position': None, 'ret_3': None, 'ret_10': None, 'session_bucket': 1.0}"
2026-04-08|IONQ|2026-04-08T12:14:00-04:00|long|12,2026-04-08,IONQ,2026-04-08T12:14:00-04:00,long,12,0.3572833240032196,True,shadow,entry_next_bar_open_time_exit_at_selected_hold,29.4,29.25,44.1,"{'pressure_k': 0.0, 'spread': 0.010000000000001563, 'depth_imb_k': -0.039408888751485065, 'micro_off': -0.0016666666666687036, 'spread_mean_10s': 0.010789473684200713, 'depth_imb_k_mean_10s': -0.02175827703250003, 'depth_imb_k_mean_60s': -0.0585626847766829, 'dist_vwap_bps': None, 'hl_range_pct': None, 'oc_change_pct': None, 'volume_rel_20': None, 'atr_pct': None, 'position_in_range': None, 'rsi': None, 'bb_position': None, 'ret_3': None, 'ret_10': None, 'session_bucket': 1.0}"
2026-04-08|IONQ|2026-04-08T12:15:00-04:00|long|8,2026-04-08,IONQ,2026-04-08T12:15:00-04:00,long,8,0.33932745456695557,True,shadow,entry_next_bar_open_time_exit_at_selected_hold,29.38,29.23,44.07,"{'pressure_k': 0.0, 'spread': 0.019999999999999574, 'depth_imb_k': -0.1824088110633295, 'micro_off': -0.003333333333337407, 'spread_mean_10s': 0.018285714285697655, 'depth_imb_k_mean_10s': -0.23833542597310173, 'depth_imb_k_mean_60s': -0.16221071549953703, 'dist_vwap_bps': None, 'hl_range_pct': None, 'oc_change_pct': None, 'volume_rel_20': None, 'atr_pct': None, 'position_in_range': None, 'rsi': None, 'bb_position': None, 'ret_3': None, 'ret_10': None, 'session_bucket': 1.0}"
2026-04-08|IONQ|2026-04-08T12:16:00-04:00|long|8,2026-04-08,IONQ,2026-04-08T12:16:00-04:00,long,8,0.3933923542499542,True,shadow,entry_next_bar_open_time_exit_at_selected_hold,29.35,29.2,44.03,"{'pressure_k': 0.0, 'spread': 0.020000000000003126, 'depth_imb_k': -0.07211839807213666, 'micro_off': 0.0019999999999988916, 'spread_mean_10s': 0.015897435897421437, 'depth_imb_k_mean_10s': -0.1309451840610715, 'depth_imb_k_mean_60s': -0.07998216478136487, 'dist_vwap_bps': None, 'hl_range_pct': None, 'oc_change_pct': None, 'volume_rel_20': None, 'atr_pct': None, 'position_in_range': None, 'rsi': None, 'bb_position': None, 'ret_3': None, 'ret_10': None, 'session_bucket': 1.0}"
2026-04-08|IONQ|2026-04-08T12:17:00-04:00|long|8,2026-04-08,IONQ,2026-04-08T12:17:00-04:00,long,8,0.3343076705932617,True,shadow,entry_next_bar_open_time_exit_at_selected_hold,29.255,29.11,43.88,"{'pressure_k': 0.0, 'spread': 0.019999999999999574, 'depth_imb_k': 0.3437869524039027, 'micro_off': 0.001428571428572667, 'spread_mean_10s': 0.016052631578932768, 'depth_imb_k_mean_10s': 0.20962738734492273, 'depth_imb_k_mean_60s': 0.01730069295227885, 'dist_vwap_bps': None, 'hl_range_pct': None, 'oc_change_pct': None, 'volume_rel_20': None, 'atr_pct': None, 'position_in_range': None, 'rsi': None, 'bb_position': None, 'ret_3': None, 'ret_10': None, 'session_bucket': 1.0}"
2026-04-08|IONQ|2026-04-08T12:18:00-04:00|long|8,2026-04-08,IONQ,2026-04-08T12:18:00-04:00,long,8,0.36360201239585876,True,shadow,entry_next_bar_open_time_exit_at_selected_hold,29.3063,29.16,43.96,"{'pressure_k': 0.0, 'spread': 0.00999999999999801, 'depth_imb_k': -0.26365062072763407, 'micro_off': -0.0016666666666651508, 'spread_mean_10s': 0.011842105263147124, 'depth_imb_k_mean_10s': -0.09883433145827332, 'depth_imb_k_mean_60s': -0.05076631000365884, 'dist_vwap_bps': None, 'hl_range_pct': None, 'oc_change_pct': None, 'volume_rel_20': None, 'atr_pct': None, 'position_in_range': None, 'rsi': None, 'bb_position': None, 'ret_3': None, 'ret_10': None, 'session_bucket': 1.0}"
2026-04-08|IONQ|2026-04-08T12:19:00-04:00|long|8,2026-04-08,IONQ,2026-04-08T12:19:00-04:00,long,8,0.35445499420166016,True,shadow,entry_next_bar_open_time_exit_at_selected_hold,29.27,29.12,43.91,"{'pressure_k': 0.0, 'spread': 0.019999999999999574, 'depth_imb_k': 0.1548921502380211, 'micro_off': 0.005999999999996675, 'spread_mean_10s': 0.01710526315787918, 'depth_imb_k_mean_10s': 0.11058443772072069, 'depth_imb_k_mean_60s': 0.026383203917816397, 'dist_vwap_bps': None, 'hl_range_pct': None, 'oc_change_pct': None, 'volume_rel_20': None, 'atr_pct': None, 'position_in_range': None, 'rsi': None, 'bb_position': None, 'ret_3': None, 'ret_10': None, 'session_bucket': 1.0}"
2026-04-08|IONQ|2026-04-08T12:20:00-04:00|long|8,2026-04-08,IONQ,2026-04-08T12:20:00-04:00,long,8,0.39655801653862,True,shadow,entry_next_bar_open_time_exit_at_selected_hold,29.24,29.09,43.86,"{'pressure_k': 0.0, 'spread': 0.019999999999999574, 'depth_imb_k': 0.021562174610292386, 'micro_off': -0.0033333333333338544, 'spread_mean_10s': 0.01736842105261578, 'depth_imb_k_mean_10s': 0.05581753778160179, 'depth_imb_k_mean_60s': 0.0729959158512641, 'dist_vwap_bps': None, 'hl_range_pct': None, 'oc_change_pct': None, 'volume_rel_20': None, 'atr_pct': None, 'position_in_range': None, 'rsi': None, 'bb_position': None, 'ret_3': None, 'ret_10': None, 'session_bucket': 1.0}"
2026-04-08|IONQ|2026-04-08T12:21:00-04:00|long|12,2026-04-08,IONQ,2026-04-08T12:21:00-04:00,long,12,0.3514459729194641,True,shadow,entry_next_bar_open_time_exit_at_selected_hold,29.25,29.1,43.88,"{'pressure_k': 0.0, 'spread': 0.019999999999999574, 'depth_imb_k': 0.4732918360738315, 'micro_off': -0.0019999999999988916, 'spread_mean_10s': 0.017894736842088987, 'depth_imb_k_mean_10s': 0.24008275514096877, 'depth_imb_k_mean_60s': -0.02147286649262434, 'dist_vwap_bps': None, 'hl_range_pct': None, 'oc_change_pct': None, 'volume_rel_20': None, 'atr_pct': None, 'position_in_range': None, 'rsi': None, 'bb_position': None, 'ret_3': None, 'ret_10': None, 'session_bucket': 1.0}"
2026-04-08|IONQ|2026-04-08T12:22:00-04:00|long|8,2026-04-08,IONQ,2026-04-08T12:22:00-04:00,long,8,0.3850756585597992,True,shadow,entry_next_bar_open_time_exit_at_selected_hold,29.12,28.97,43.68,"{'pressure_k': 0.0, 'spread': 0.010000000000001563, 'depth_imb_k': -0.08059242161954222, 'micro_off': -0.0016666666666687036, 'spread_mean_10s': 0.013947368421039946, 'depth_imb_k_mean_10s': 0.25355772476008626, 'depth_imb_k_mean_60s': 0.20763033852414492, 'dist_vwap_bps': None, 'hl_range_pct': None, 'oc_change_pct': None, 'volume_rel_20': None, 'atr_pct': None, 'position_in_range': None, 'rsi': None, 'bb_position': None, 'ret_3': None, 'ret_10': None, 'session_bucket': 1.0}"
2026-04-08|IONQ|2026-04-08T12:23:00-04:00|long|8,2026-04-08,IONQ,2026-04-08T12:23:00-04:00,long,8,0.36970025300979614,True,shadow,entry_next_bar_open_time_exit_at_selected_hold,29.13,28.98,43.7,"{'pressure_k': 0.0, 'spread': 0.019999999999999574, 'depth_imb_k': 0.16614000137390947, 'micro_off': -0.0016666666666651508, 'spread_mean_10s': 0.01964285714283928, 'depth_imb_k_mean_10s': 0.2535148805114399, 'depth_imb_k_mean_60s': 0.0012686324333578518, 'dist_vwap_bps': None, 'hl_range_pct': None, 'oc_change_pct': None, 'volume_rel_20': None, 'atr_pct': None, 'position_in_range': None, 'rsi': None, 'bb_position': None, 'ret_3': None, 'ret_10': None, 'session_bucket': 1.0}"
2026-04-08|IONQ|2026-04-08T12:24:00-04:00|long|8,2026-04-08,IONQ,2026-04-08T12:24:00-04:00,long,8,0.3617860972881317,True,shadow,entry_next_bar_open_time_exit_at_selected_hold,29.15,29.0,43.72,"{'pressure_k': 0.0, 'spread': 0.010000000000001563, 'depth_imb_k': 0.0871386274462605, 'micro_off': 0.0, 'spread_mean_10s': 0.013913043478248215, 'depth_imb_k_mean_10s': -0.020237729654357023, 'depth_imb_k_mean_60s': 0.08106410210774301, 'dist_vwap_bps': None, 'hl_range_pct': None, 'oc_change_pct': None, 'volume_rel_20': None, 'atr_pct': None, 'position_in_range': None, 'rsi': None, 'bb_position': None, 'ret_3': None, 'ret_10': None, 'session_bucket': 1.0}"
2026-04-08|IONQ|2026-04-08T12:25:00-04:00|long|8,2026-04-08,IONQ,2026-04-08T12:25:00-04:00,long,8,0.38228631019592285,True,shadow,entry_next_bar_open_time_exit_at_selected_hold,29.04,28.89,43.56,"{'pressure_k': 0.0, 'spread': 0.019999999999999574, 'depth_imb_k': -0.12786445941546246, 'micro_off': -0.006363636363634129, 'spread_mean_10s': 0.011052631578937317, 'depth_imb_k_mean_10s': -0.013866365351598114, 'depth_imb_k_mean_60s': 0.05227458528685859, 'dist_vwap_bps': None, 'hl_range_pct': None, 'oc_change_pct': None, 'volume_rel_20': None, 'atr_pct': None, 'position_in_range': None, 'rsi': None, 'bb_position': None, 'ret_3': None, 'ret_10': None, 'session_bucket': 1.0}"
2026-04-08|IONQ|2026-04-08T12:26:00-04:00|short|12,2026-04-08,IONQ,2026-04-08T12:26:00-04:00,short,12,0.3954299986362457,True,shadow,entry_next_bar_open_time_exit_at_selected_hold,29.07,29.22,14.54,"{'pressure_k': 0.0, 'spread': 0.019999999999999574, 'depth_imb_k': -0.05508236088702113, 'micro_off': 0.0, 'spread_mean_10s': 0.012631578947356933, 'depth_imb_k_mean_10s': -0.19772577318895246, 'depth_imb_k_mean_60s': 0.16883485435431092, 'dist_vwap_bps': None, 'hl_range_pct': None, 'oc_change_pct': None, 'volume_rel_20': None, 'atr_pct': None, 'position_in_range': None, 'rsi': None, 'bb_position': None, 'ret_3': None, 'ret_10': None, 'session_bucket': 1.0}"
2026-04-08|IONQ|2026-04-08T12:27:00-04:00|short|12,2026-04-08,IONQ,2026-04-08T12:27:00-04:00,short,12,0.33742204308509827,True,shadow,entry_next_bar_open_time_exit_at_selected_hold,29.1,29.25,14.55,"{'pressure_k': 0.0, 'spread': 0.019999999999999574, 'depth_imb_k': 0.1797515422969661, 'micro_off': 0.0033333333333303017, 'spread_mean_10s': 0.011538461538451044, 'depth_imb_k_mean_10s': -0.10135390148330387, 'depth_imb_k_mean_60s': -0.008710857216943969, 'dist_vwap_bps': None, 'hl_range_pct': None, 'oc_change_pct': None, 'volume_rel_20': None, 'atr_pct': None, 'position_in_range': None, 'rsi': None, 'bb_position': None, 'ret_3': None, 'ret_10': None, 'session_bucket': 1.0}"
2026-04-08|IONQ|2026-04-08T12:28:00-04:00|short|12,2026-04-08,IONQ,2026-04-08T12:28:00-04:00,short,12,0.39967212080955505,True,shadow,entry_next_bar_open_time_exit_at_selected_hold,29.125,29.27,14.56,"{'pressure_k': 0.0, 'spread': 0.00999999999999801, 'depth_imb_k': 0.2692561397770327, 'micro_off': -0.0016666666666651508, 'spread_mean_10s': 0.012318840579698941, 'depth_imb_k_mean_10s': 0.35597755348645194, 'depth_imb_k_mean_60s': 0.10715322142493476, 'dist_vwap_bps': None, 'hl_range_pct': None, 'oc_change_pct': None, 'volume_rel_20': None, 'atr_pct': None, 'position_in_range': None, 'rsi': None, 'bb_position': None, 'ret_3': None, 'ret_10': None, 'session_bucket': 1.0}"
2026-04-08|IONQ|2026-04-08T12:29:00-04:00|short|12,2026-04-08,IONQ,2026-04-08T12:29:00-04:00,short,12,0.35260260105133057,True,shadow,entry_next_bar_open_time_exit_at_selected_hold,29.15,29.3,14.57,"{'pressure_k': 0.0, 'spread': 0.00999999999999801, 'depth_imb_k': 0.11057613751484188, 'micro_off': -0.0016666666666651508, 'spread_mean_10s': 0.009999999999990905, 'depth_imb_k_mean_10s': 0.0774171148593364, 'depth_imb_k_mean_60s': 0.1256765873768598, 'dist_vwap_bps': None, 'hl_range_pct': None, 'oc_change_pct': None, 'volume_rel_20': None, 'atr_pct': None, 'position_in_range': None, 'rsi': None, 'bb_position': None, 'ret_3': None, 'ret_10': None, 'session_bucket': 1.0}"
2026-04-08|IONQ|2026-04-08T12:30:00-04:00|short|8,2026-04-08,IONQ,2026-04-08T12:30:00-04:00,short,8,0.3693954348564148,True,shadow,entry_next_bar_open_time_exit_at_selected_hold,29.13,29.28,14.56,"{'pressure_k': 0.0, 'spread': 0.019999999999999574, 'depth_imb_k': -0.0422289320416136, 'micro_off': 3.552713678800501e-15, 'spread_mean_10s': 0.01999999999998181, 'depth_imb_k_mean_10s': 0.061551115883189234, 'depth_imb_k_mean_60s': 0.07111461246670604, 'dist_vwap_bps': None, 'hl_range_pct': None, 'oc_change_pct': None, 'volume_rel_20': None, 'atr_pct': None, 'position_in_range': None, 'rsi': None, 'bb_position': None, 'ret_3': None, 'ret_10': None, 'session_bucket': 1.0}"
2026-04-08|IONQ|2026-04-08T12:31:00-04:00|long|8,2026-04-08,IONQ,2026-04-08T12:31:00-04:00,long,8,0.3327935039997101,True,shadow,entry_next_bar_open_time_exit_at_selected_hold,29.11,28.96,43.66,"{'pressure_k': 0.0, 'spread': 0.019999999999999574, 'depth_imb_k': -0.184263849060837, 'micro_off': -0.004285714285714448, 'spread_mean_10s': 0.016578947368405973, 'depth_imb_k_mean_10s': -0.003019435036166167, 'depth_imb_k_mean_60s': 0.056663359499199865, 'dist_vwap_bps': None, 'hl_range_pct': None, 'oc_change_pct': None, 'volume_rel_20': None, 'atr_pct': None, 'position_in_range': None, 'rsi': None, 'bb_position': None, 'ret_3': None, 'ret_10': None, 'session_bucket': 2.0}"
2026-04-08|IONQ|2026-04-08T12:32:00-04:00|long|12,2026-04-08,IONQ,2026-04-08T12:32:00-04:00,long,12,0.29645809531211853,True,shadow,entry_next_bar_open_time_exit_at_selected_hold,29.105,28.96,43.66,"{'pressure_k': 0.0, 'spread': 0.019999999999999574, 'depth_imb_k': -0.0948970398553308, 'micro_off': 0.004999999999999005, 'spread_mean_10s': 0.010263157894727508, 'depth_imb_k_mean_10s': -0.05000411600768997, 'depth_imb_k_mean_60s': -0.03971348036825481, 'dist_vwap_bps': None, 'hl_range_pct': None, 'oc_change_pct': None, 'volume_rel_20': None, 'atr_pct': None, 'position_in_range': None, 'rsi': None, 'bb_position': None, 'ret_3': None, 'ret_10': None, 'session_bucket': 2.0}"
2026-04-08|IONQ|2026-04-08T12:33:00-04:00|short|12,2026-04-08,IONQ,2026-04-08T12:33:00-04:00,short,12,0.3224545419216156,True,shadow,entry_next_bar_open_time_exit_at_selected_hold,29.135,29.28,14.57,"{'pressure_k': 0.0, 'spread': 0.019999999999999574, 'depth_imb_k': 0.16297997703100814, 'micro_off': 0.005555555555552871, 'spread_mean_10s': 0.016052631578932768, 'depth_imb_k_mean_10s': 0.10493666416024146, 'depth_imb_k_mean_60s': 0.10403628347285615, 'dist_vwap_bps': None, 'hl_range_pct': None, 'oc_change_pct': None, 'volume_rel_20': None, 'atr_pct': None, 'position_in_range': None, 'rsi': None, 'bb_position': None, 'ret_3': None, 'ret_10': None, 'session_bucket': 2.0}"
2026-04-08|IONQ|2026-04-08T12:34:00-04:00|short|12,2026-04-08,IONQ,2026-04-08T12:34:00-04:00,short,12,0.34080567955970764,True,shadow,entry_next_bar_open_time_exit_at_selected_hold,29.1,29.25,14.55,"{'pressure_k': 0.0, 'spread': 0.00999999999999801, 'depth_imb_k': 0.02272327777689001, 'micro_off': -0.0016666666666687036, 'spread_mean_10s': 0.016052631578932768, 'depth_imb_k_mean_10s': -0.1105443408164439, 'depth_imb_k_mean_60s': 0.18646845546683796, 'dist_vwap_bps': None, 'hl_range_pct': None, 'oc_change_pct': None, 'volume_rel_20': None, 'atr_pct': None, 'position_in_range': None, 'rsi': None, 'bb_position': None, 'ret_3': None, 'ret_10': None, 'session_bucket': 2.0}"
2026-04-08|IONQ|2026-04-08T12:35:00-04:00|short|12,2026-04-08,IONQ,2026-04-08T12:35:00-04:00,short,12,0.41211292147636414,True,shadow,entry_next_bar_open_time_exit_at_selected_hold,29.18,29.33,14.59,"{'pressure_k': 0.0, 'spread': 0.019999999999999574, 'depth_imb_k': 0.10145799518665696, 'micro_off': 0.005999999999996675, 'spread_mean_10s': 0.014999999999986358, 'depth_imb_k_mean_10s': -0.43764471619580325, 'depth_imb_k_mean_60s': -0.22137418540286727, 'dist_vwap_bps': None, 'hl_range_pct': None, 'oc_change_pct': None, 'volume_rel_20': None, 'atr_pct': None, 'position_in_range': None, 'rsi': None, 'bb_position': None, 'ret_3': None, 'ret_10': None, 'session_bucket': 2.0}"
2026-04-08|IONQ|2026-04-08T12:36:00-04:00|short|12,2026-04-08,IONQ,2026-04-08T12:36:00-04:00,short,12,0.3922945261001587,True,shadow,entry_next_bar_open_time_exit_at_selected_hold,29.175,29.32,14.59,"{'pressure_k': 0.0, 'spread': 0.00999999999999801, 'depth_imb_k': -0.11165950705298114, 'micro_off': -0.0030000000000001137, 'spread_mean_10s': 0.01589285714284269, 'depth_imb_k_mean_10s': -0.05826975652822698, 'depth_imb_k_mean_60s': -0.0004671188380379695, 'dist_vwap_bps': None, 'hl_range_pct': None, 'oc_change_pct': None, 'volume_rel_20': None, 'atr_pct': None, 'position_in_range': None, 'rsi': None, 'bb_position': None, 'ret_3': None, 'ret_10': None, 'session_bucket': 2.0}"
2026-04-08|IONQ|2026-04-08T12:37:00-04:00|short|12,2026-04-08,IONQ,2026-04-08T12:37:00-04:00,short,12,0.4026685953140259,True,shadow,entry_next_bar_open_time_exit_at_selected_hold,29.18,29.33,14.59,"{'pressure_k': 0.0, 'spread': 0.010000000000001563, 'depth_imb_k': 0.10155425199437869, 'micro_off': 0.0035714285714263383, 'spread_mean_10s': 0.009999999999990905, 'depth_imb_k_mean_10s': 0.08686988144044287, 'depth_imb_k_mean_60s': 0.08431127872755755, 'dist_vwap_bps': None, 'hl_range_pct': None, 'oc_change_pct': None, 'volume_rel_20': None, 'atr_pct': None, 'position_in_range': None, 'rsi': None, 'bb_position': None, 'ret_3': None, 'ret_10': None, 'session_bucket': 2.0}"
2026-04-08|IONQ|2026-04-08T12:38:00-04:00|short|12,2026-04-08,IONQ,2026-04-08T12:38:00-04:00,short,12,0.3898281753063202,True,shadow,entry_next_bar_open_time_exit_at_selected_hold,29.1318,29.28,14.57,"{'pressure_k': 0.0, 'spread': 0.010000000000001563, 'depth_imb_k': 0.02261316560372283, 'micro_off': 3.552713678800501e-15, 'spread_mean_10s': 0.01236842105262033, 'depth_imb_k_mean_10s': 0.20941056964088184, 'depth_imb_k_mean_60s': 0.13312970935196045, 'dist_vwap_bps': None, 'hl_range_pct': None, 'oc_change_pct': None, 'volume_rel_20': None, 'atr_pct': None, 'position_in_range': None, 'rsi': None, 'bb_position': None, 'ret_3': None, 'ret_10': None, 'session_bucket': 2.0}"
2026-04-08|IONQ|2026-04-08T12:39:00-04:00|short|12,2026-04-08,IONQ,2026-04-08T12:39:00-04:00,short,12,0.3794901371002197,True,shadow,entry_next_bar_open_time_exit_at_selected_hold,29.2,29.35,14.6,"{'pressure_k': 0.0, 'spread': 0.010000000000001563, 'depth_imb_k': -0.2005573151419174, 'micro_off': -3.552713678800501e-15, 'spread_mean_10s': 0.010645161290312899, 'depth_imb_k_mean_10s': -0.07561762005903186, 'depth_imb_k_mean_60s': 0.012407752045210904, 'dist_vwap_bps': None, 'hl_range_pct': None, 'oc_change_pct': None, 'volume_rel_20': None, 'atr_pct': None, 'position_in_range': None, 'rsi': None, 'bb_position': None, 'ret_3': None, 'ret_10': None, 'session_bucket': 2.0}"
2026-04-08|IONQ|2026-04-08T12:40:00-04:00|short|12,2026-04-08,IONQ,2026-04-08T12:40:00-04:00,short,12,0.33626312017440796,True,shadow,entry_next_bar_open_time_exit_at_selected_hold,29.185,29.33,14.59,"{'pressure_k': 0.0, 'spread': 0.010000000000001563, 'depth_imb_k': -0.08532173488882566, 'micro_off': 0.0016666666666651508, 'spread_mean_10s': 0.01131578947367392, 'depth_imb_k_mean_10s': -0.03639852029927301, 'depth_imb_k_mean_60s': 0.010126320771813996, 'dist_vwap_bps': None, 'hl_range_pct': None, 'oc_change_pct': None, 'volume_rel_20': None, 'atr_pct': None, 'position_in_range': None, 'rsi': None, 'bb_position': None, 'ret_3': None, 'ret_10': None, 'session_bucket': 2.0}"
2026-04-08|IONQ|2026-04-08T12:41:00-04:00|short|12,2026-04-08,IONQ,2026-04-08T12:41:00-04:00,short,12,0.34050628542900085,True,shadow,entry_next_bar_open_time_exit_at_selected_hold,29.19,29.34,14.6,"{'pressure_k': 0.0, 'spread': 0.00999999999999801, 'depth_imb_k': -0.09867200731202452, 'micro_off': -0.0016666666666687036, 'spread_mean_10s': 0.012499999999988631, 'depth_imb_k_mean_10s': -0.0909577413436706, 'depth_imb_k_mean_60s': -0.0966185784344631, 'dist_vwap_bps': None, 'hl_range_pct': None, 'oc_change_pct': None, 'volume_rel_20': None, 'atr_pct': None, 'position_in_range': None, 'rsi': None, 'bb_position': None, 'ret_3': None, 'ret_10': None, 'session_bucket': 2.0}"
2026-04-08|IONQ|2026-04-08T12:42:00-04:00|short|12,2026-04-08,IONQ,2026-04-08T12:42:00-04:00,short,12,0.31991392374038696,True,shadow,entry_next_bar_open_time_exit_at_selected_hold,29.165,29.31,14.58,"{'pressure_k': 0.0, 'spread': 0.020000000000003126, 'depth_imb_k': -0.09140078245553876, 'micro_off': 0.0027272727272737995, 'spread_mean_10s': 0.013783783783771247, 'depth_imb_k_mean_10s': -0.1284490355335861, 'depth_imb_k_mean_60s': -0.09337151227969612, 'dist_vwap_bps': None, 'hl_range_pct': None, 'oc_change_pct': None, 'volume_rel_20': None, 'atr_pct': None, 'position_in_range': None, 'rsi': None, 'bb_position': None, 'ret_3': None, 'ret_10': None, 'session_bucket': 2.0}"
2026-04-08|IONQ|2026-04-08T12:43:00-04:00|long|8,2026-04-08,IONQ,2026-04-08T12:43:00-04:00,long,8,0.34457266330718994,True,shadow,entry_next_bar_open_time_exit_at_selected_hold,29.16,29.01,43.74,"{'pressure_k': 0.0, 'spread': 0.010000000000001563, 'depth_imb_k': -0.02288575413246759, 'micro_off': -0.0016666666666687036, 'spread_mean_10s': 0.012727272727261152, 'depth_imb_k_mean_10s': 0.0056999093150814206, 'depth_imb_k_mean_60s': -0.06179425034769751, 'dist_vwap_bps': None, 'hl_range_pct': None, 'oc_change_pct': None, 'volume_rel_20': None, 'atr_pct': None, 'position_in_range': None, 'rsi': None, 'bb_position': None, 'ret_3': None, 'ret_10': None, 'session_bucket': 2.0}"
2026-04-08|IONQ|2026-04-08T12:44:00-04:00|long|12,2026-04-08,IONQ,2026-04-08T12:44:00-04:00,long,12,0.3250651955604553,True,shadow,entry_next_bar_open_time_exit_at_selected_hold,29.19,29.04,43.79,"{'pressure_k': 0.0, 'spread': 0.00999999999999801, 'depth_imb_k': -0.0006643426090172524, 'micro_off': -0.0016666666666687036, 'spread_mean_10s': 0.009999999999990905, 'depth_imb_k_mean_10s': 0.09187063483794215, 'depth_imb_k_mean_60s': -0.0014110248908292483, 'dist_vwap_bps': None, 'hl_range_pct': None, 'oc_change_pct': None, 'volume_rel_20': None, 'atr_pct': None, 'position_in_range': None, 'rsi': None, 'bb_position': None, 'ret_3': None, 'ret_10': None, 'session_bucket': 2.0}"
2026-04-08|IONQ|2026-04-08T12:45:00-04:00|short|12,2026-04-08,IONQ,2026-04-08T12:45:00-04:00,short,12,0.3412245512008667,True,shadow,entry_next_bar_open_time_exit_at_selected_hold,29.185,29.33,14.59,"{'pressure_k': 0.0, 'spread': 0.010000000000001563, 'depth_imb_k': 0.3544731983948884, 'micro_off': 0.004545454545453964, 'spread_mean_10s': 0.012105263157883727, 'depth_imb_k_mean_10s': 0.24025161192135233, 'depth_imb_k_mean_60s': 0.25239895578081156, 'dist_vwap_bps': None, 'hl_range_pct': None, 'oc_change_pct': None, 'volume_rel_20': None, 'atr_pct': None, 'position_in_range': None, 'rsi': None, 'bb_position': None, 'ret_3': None, 'ret_10': None, 'session_bucket': 2.0}"
2026-04-08|IONQ|2026-04-08T12:46:00-04:00|short|12,2026-04-08,IONQ,2026-04-08T12:46:00-04:00,short,12,0.32935547828674316,True,shadow,entry_next_bar_open_time_exit_at_selected_hold,29.19,29.34,14.6,"{'pressure_k': 0.0, 'spread': 0.019999999999999574, 'depth_imb_k': -0.053173458348359175, 'micro_off': 3.552713678800501e-15, 'spread_mean_10s': 0.01888888888887171, 'depth_imb_k_mean_10s': -0.06772562722325877, 'depth_imb_k_mean_60s': 0.030330502633326577, 'dist_vwap_bps': None, 'hl_range_pct': None, 'oc_change_pct': None, 'volume_rel_20': None, 'atr_pct': None, 'position_in_range': None, 'rsi': None, 'bb_position': None, 'ret_3': None, 'ret_10': None, 'session_bucket': 2.0}"
2026-04-08|IONQ|2026-04-08T12:47:00-04:00|short|12,2026-04-08,IONQ,2026-04-08T12:47:00-04:00,short,12,0.38744527101516724,True,shadow,entry_next_bar_open_time_exit_at_selected_hold,29.165,29.31,14.58,"{'pressure_k': 0.0, 'spread': 0.010000000000001563, 'depth_imb_k': 0.11060518018232565, 'micro_off': 0.0, 'spread_mean_10s': 0.009999999999990905, 'depth_imb_k_mean_10s': 0.3326709199198916, 'depth_imb_k_mean_60s': 0.20137666834646423, 'dist_vwap_bps': None, 'hl_range_pct': None, 'oc_change_pct': None, 'volume_rel_20': None, 'atr_pct': None, 'position_in_range': None, 'rsi': None, 'bb_position': None, 'ret_3': None, 'ret_10': None, 'session_bucket': 2.0}"
2026-04-08|IONQ|2026-04-08T12:48:00-04:00|short|12,2026-04-08,IONQ,2026-04-08T12:48:00-04:00,short,12,0.43934714794158936,True,shadow,entry_next_bar_open_time_exit_at_selected_hold,29.3,29.45,14.65,"{'pressure_k': 0.0, 'spread': 0.010000000000001563, 'depth_imb_k': -0.2706651784478862, 'micro_off': -0.0016666666666687036, 'spread_mean_10s': 0.009999999999990905, 'depth_imb_k_mean_10s': -0.14283436552952516, 'depth_imb_k_mean_60s': -0.005273090765951356, 'dist_vwap_bps': None, 'hl_range_pct': None, 'oc_change_pct': None, 'volume_rel_20': None, 'atr_pct': None, 'position_in_range': None, 'rsi': None, 'bb_position': None, 'ret_3': None, 'ret_10': None, 'session_bucket': 2.0}"
2026-04-08|IONQ|2026-04-08T12:49:00-04:00|short|12,2026-04-08,IONQ,2026-04-08T12:49:00-04:00,short,12,0.44471466541290283,True,shadow,entry_next_bar_open_time_exit_at_selected_hold,29.3106,29.46,14.66,"{'pressure_k': 0.0, 'spread': 0.019999999999999574, 'depth_imb_k': -0.07757919323937748, 'micro_off': -0.007500000000003837, 'spread_mean_10s': 0.014999999999986358, 'depth_imb_k_mean_10s': 0.008262462452265888, 'depth_imb_k_mean_60s': 0.016531075013783553, 'dist_vwap_bps': None, 'hl_range_pct': None, 'oc_change_pct': None, 'volume_rel_20': None, 'atr_pct': None, 'position_in_range': None, 'rsi': None, 'bb_position': None, 'ret_3': None, 'ret_10': None, 'session_bucket': 2.0}"
2026-04-08|IONQ|2026-04-08T12:50:00-04:00|short|12,2026-04-08,IONQ,2026-04-08T12:50:00-04:00,short,12,0.4188079237937927,True,shadow,entry_next_bar_open_time_exit_at_selected_hold,29.33,29.48,14.66,"{'pressure_k': 0.0, 'spread': 0.010000000000001563, 'depth_imb_k': -0.07994502224001905, 'micro_off': -0.0016666666666687036, 'spread_mean_10s': 0.010789473684200713, 'depth_imb_k_mean_10s': -0.117106168971382, 'depth_imb_k_mean_60s': -0.030972937086532645, 'dist_vwap_bps': None, 'hl_range_pct': None, 'oc_change_pct': None, 'volume_rel_20': None, 'atr_pct': None, 'position_in_range': None, 'rsi': None, 'bb_position': None, 'ret_3': None, 'ret_10': None, 'session_bucket': 2.0}"
2026-04-08|IONQ|2026-04-08T12:51:00-04:00|short|12,2026-04-08,IONQ,2026-04-08T12:51:00-04:00,short,12,0.38638418912887573,True,shadow,entry_next_bar_open_time_exit_at_selected_hold,29.34,29.49,14.67,"{'pressure_k': 0.0, 'spread': 0.020000000000003126, 'depth_imb_k': -0.0005886635787647359, 'micro_off': 0.006666666666667709, 'spread_mean_10s': 0.01052631578946411, 'depth_imb_k_mean_10s': -0.18843545345700213, 'depth_imb_k_mean_60s': -0.1471373122037825, 'dist_vwap_bps': None, 'hl_range_pct': None, 'oc_change_pct': None, 'volume_rel_20': None, 'atr_pct': None, 'position_in_range': None, 'rsi': None, 'bb_position': None, 'ret_3': None, 'ret_10': None, 'session_bucket': 2.0}"
2026-04-08|IONQ|2026-04-08T12:52:00-04:00|short|8,2026-04-08,IONQ,2026-04-08T12:52:00-04:00,short,8,0.3229150176048279,True,shadow,entry_next_bar_open_time_exit_at_selected_hold,29.335,29.48,14.67,"{'pressure_k': 0.0, 'spread': 0.010000000000001563, 'depth_imb_k': -0.045987697361285426, 'micro_off': 0.0007142857142845571, 'spread_mean_10s': 0.010810810810800979, 'depth_imb_k_mean_10s': 0.036320916062719165, 'depth_imb_k_mean_60s': 0.019427038619993297, 'dist_vwap_bps': None, 'hl_range_pct': None, 'oc_change_pct': None, 'volume_rel_20': None, 'atr_pct': None, 'position_in_range': None, 'rsi': None, 'bb_position': None, 'ret_3': None, 'ret_10': None, 'session_bucket': 2.0}"
2026-04-08|IONQ|2026-04-08T12:53:00-04:00|long|12,2026-04-08,IONQ,2026-04-08T12:53:00-04:00,long,12,0.3151439130306244,True,shadow,entry_next_bar_open_time_exit_at_selected_hold,29.315,29.17,43.97,"{'pressure_k': 0.0, 'spread': 0.019999999999999574, 'depth_imb_k': 0.19944862976307456, 'micro_off': 0.005999999999996675, 'spread_mean_10s': 0.01637931034481269, 'depth_imb_k_mean_10s': 0.1791196467956097, 'depth_imb_k_mean_60s': -0.012205878461674343, 'dist_vwap_bps': None, 'hl_range_pct': None, 'oc_change_pct': None, 'volume_rel_20': None, 'atr_pct': None, 'position_in_range': None, 'rsi': None, 'bb_position': None, 'ret_3': None, 'ret_10': None, 'session_bucket': 2.0}"
2026-04-08|IONQ|2026-04-08T12:54:00-04:00|short|12,2026-04-08,IONQ,2026-04-08T12:54:00-04:00,short,12,0.33356475830078125,True,shadow,entry_next_bar_open_time_exit_at_selected_hold,29.3512,29.5,14.68,"{'pressure_k': 0.0, 'spread': 0.00999999999999801, 'depth_imb_k': 0.23020672935163647, 'micro_off': 0.0016666666666651508, 'spread_mean_10s': 0.015526315789459563, 'depth_imb_k_mean_10s': 0.07984715313482052, 'depth_imb_k_mean_60s': 0.09533945116884356, 'dist_vwap_bps': None, 'hl_range_pct': None, 'oc_change_pct': None, 'volume_rel_20': None, 'atr_pct': None, 'position_in_range': None, 'rsi': None, 'bb_position': None, 'ret_3': None, 'ret_10': None, 'session_bucket': 2.0}"
2026-04-08|IONQ|2026-04-08T12:55:00-04:00|short|12,2026-04-08,IONQ,2026-04-08T12:55:00-04:00,short,12,0.3650563657283783,True,shadow,entry_next_bar_open_time_exit_at_selected_hold,29.3864,29.53,14.69,"{'pressure_k': 0.0, 'spread': 0.00999999999999801, 'depth_imb_k': 0.05214786168701734, 'micro_off': 0.0, 'spread_mean_10s': 0.01131578947367392, 'depth_imb_k_mean_10s': 0.03231172746435325, 'depth_imb_k_mean_60s': 0.015913855687640237, 'dist_vwap_bps': None, 'hl_range_pct': None, 'oc_change_pct': None, 'volume_rel_20': None, 'atr_pct': None, 'position_in_range': None, 'rsi': None, 'bb_position': None, 'ret_3': None, 'ret_10': None, 'session_bucket': 2.0}"
2026-04-08|IONQ|2026-04-08T12:56:00-04:00|short|8,2026-04-08,IONQ,2026-04-08T12:56:00-04:00,short,8,0.3841734230518341,True,shadow,entry_next_bar_open_time_exit_at_selected_hold,29.4299,29.58,14.71,"{'pressure_k': 0.0, 'spread': 0.00999999999999801, 'depth_imb_k': -0.12788959314034373, 'micro_off': 0.0024999999999977263, 'spread_mean_10s': 0.01131578947367392, 'depth_imb_k_mean_10s': 0.029477922968549376, 'depth_imb_k_mean_60s': 0.1328083031354618, 'dist_vwap_bps': None, 'hl_range_pct': None, 'oc_change_pct': None, 'volume_rel_20': None, 'atr_pct': None, 'position_in_range': None, 'rsi': None, 'bb_position': None, 'ret_3': None, 'ret_10': None, 'session_bucket': 2.0}"
2026-04-08|IONQ|2026-04-08T12:57:00-04:00|short|12,2026-04-08,IONQ,2026-04-08T12:57:00-04:00,short,12,0.3541554808616638,True,shadow,entry_next_bar_open_time_exit_at_selected_hold,29.415,29.56,14.71,"{'pressure_k': 0.0, 'spread': 0.010000000000001563, 'depth_imb_k': 0.20636204814332781, 'micro_off': 0.0033333333333338544, 'spread_mean_10s': 0.010263157894727508, 'depth_imb_k_mean_10s': 0.0666727774925113, 'depth_imb_k_mean_60s': 0.06566847451458004, 'dist_vwap_bps': None, 'hl_range_pct': None, 'oc_change_pct': None, 'volume_rel_20': None, 'atr_pct': None, 'position_in_range': None, 'rsi': None, 'bb_position': None, 'ret_3': None, 'ret_10': None, 'session_bucket': 2.0}"
2026-04-08|IONQ|2026-04-08T12:58:00-04:00|short|12,2026-04-08,IONQ,2026-04-08T12:58:00-04:00,short,12,0.3439576327800751,True,shadow,entry_next_bar_open_time_exit_at_selected_hold,29.395,29.54,14.7,"{'pressure_k': 0.0, 'spread': 0.00999999999999801, 'depth_imb_k': 0.019807410595888555, 'micro_off': -0.0016666666666651508, 'spread_mean_10s': 0.009999999999990905, 'depth_imb_k_mean_10s': 0.08029251349589565, 'depth_imb_k_mean_60s': 0.052508437647155216, 'dist_vwap_bps': None, 'hl_range_pct': None, 'oc_change_pct': None, 'volume_rel_20': None, 'atr_pct': None, 'position_in_range': None, 'rsi': None, 'bb_position': None, 'ret_3': None, 'ret_10': None, 'session_bucket': 2.0}"
2026-04-08|IONQ|2026-04-08T12:59:00-04:00|long|8,2026-04-08,IONQ,2026-04-08T12:59:00-04:00,long,8,0.32774657011032104,True,shadow,entry_next_bar_open_time_exit_at_selected_hold,29.3601,29.21,44.04,"{'pressure_k': 0.0, 'spread': 0.010000000000001563, 'depth_imb_k': 0.01979564884965594, 'micro_off': -0.002500000000001279, 'spread_mean_10s': 0.011578947368410522, 'depth_imb_k_mean_10s': 0.13810585790207597, 'depth_imb_k_mean_60s': 0.038072469125374216, 'dist_vwap_bps': None, 'hl_range_pct': None, 'oc_change_pct': None, 'volume_rel_20': None, 'atr_pct': None, 'position_in_range': None, 'rsi': None, 'bb_position': None, 'ret_3': None, 'ret_10': None, 'session_bucket': 2.0}"
2026-04-08|IONQ|2026-04-08T13:00:00-04:00|long|12,2026-04-08,IONQ,2026-04-08T13:00:00-04:00,long,12,0.3328522741794586,True,shadow,entry_next_bar_open_time_exit_at_selected_hold,29.37,29.22,44.05,"{'pressure_k': 0.0, 'spread': 0.010000000000001563, 'depth_imb_k': -0.0008936043460376448, 'micro_off': 0.0016666666666651508, 'spread_mean_10s': 0.011052631578937317, 'depth_imb_k_mean_10s': -0.029157825288836505, 'depth_imb_k_mean_60s': -0.07814887067918103, 'dist_vwap_bps': None, 'hl_range_pct': None, 'oc_change_pct': None, 'volume_rel_20': None, 'atr_pct': None, 'position_in_range': None, 'rsi': None, 'bb_position': None, 'ret_3': None, 'ret_10': None, 'session_bucket': 2.0}"
2026-04-08|IONQ|2026-04-08T13:01:00-04:00|long|12,2026-04-08,IONQ,2026-04-08T13:01:00-04:00,long,12,0.3294743597507477,True,shadow,entry_next_bar_open_time_exit_at_selected_hold,29.3699,29.22,44.05,"{'pressure_k': 0.0, 'spread': 0.010000000000001563, 'depth_imb_k': 0.20783395423097392, 'micro_off': 0.002999999999996561, 'spread_mean_10s': 0.013555555555543226, 'depth_imb_k_mean_10s': 0.08643278580347871, 'depth_imb_k_mean_60s': -0.03357720794008542, 'dist_vwap_bps': None, 'hl_range_pct': None, 'oc_change_pct': None, 'volume_rel_20': None, 'atr_pct': None, 'position_in_range': None, 'rsi': None, 'bb_position': None, 'ret_3': None, 'ret_10': None, 'session_bucket': 2.0}"
2026-04-08|IONQ|2026-04-08T13:02:00-04:00|short|12,2026-04-08,IONQ,2026-04-08T13:02:00-04:00,short,12,0.32942619919776917,True,shadow,entry_next_bar_open_time_exit_at_selected_hold,29.285,29.43,14.64,"{'pressure_k': 0.0, 'spread': 0.00999999999999801, 'depth_imb_k': 0.06611113957049104, 'micro_off': 0.0030000000000001137, 'spread_mean_10s': 0.012631578947356933, 'depth_imb_k_mean_10s': -0.03831600175578244, 'depth_imb_k_mean_60s': 0.09112250501956184, 'dist_vwap_bps': None, 'hl_range_pct': None, 'oc_change_pct': None, 'volume_rel_20': None, 'atr_pct': None, 'position_in_range': None, 'rsi': None, 'bb_position': None, 'ret_3': None, 'ret_10': None, 'session_bucket': 2.0}"
2026-04-08|IONQ|2026-04-08T13:03:00-04:00|short|12,2026-04-08,IONQ,2026-04-08T13:03:00-04:00,short,12,0.3335533142089844,True,shadow,entry_next_bar_open_time_exit_at_selected_hold,29.245,29.39,14.62,"{'pressure_k': 0.0, 'spread': 0.010000000000001563, 'depth_imb_k': 0.020649010477299185, 'micro_off': 0.002500000000001279, 'spread_mean_10s': 0.017894736842088987, 'depth_imb_k_mean_10s': 0.1438976877648411, 'depth_imb_k_mean_60s': -0.12952834585964804, 'dist_vwap_bps': None, 'hl_range_pct': None, 'oc_change_pct': None, 'volume_rel_20': None, 'atr_pct': None, 'position_in_range': None, 'rsi': None, 'bb_position': None, 'ret_3': None, 'ret_10': None, 'session_bucket': 2.0}"
2026-04-08|IONQ|2026-04-08T13:04:00-04:00|short|12,2026-04-08,IONQ,2026-04-08T13:04:00-04:00,short,12,0.32264095544815063,True,shadow,entry_next_bar_open_time_exit_at_selected_hold,29.21,29.36,14.61,"{'pressure_k': 0.0, 'spread': 0.010000000000001563, 'depth_imb_k': -0.05318362859768955, 'micro_off': 0.002500000000001279, 'spread_mean_10s': 0.01526315789472296, 'depth_imb_k_mean_10s': 0.07194986279133193, 'depth_imb_k_mean_60s': 0.11469449094652534, 'dist_vwap_bps': None, 'hl_range_pct': None, 'oc_change_pct': None, 'volume_rel_20': None, 'atr_pct': None, 'position_in_range': None, 'rsi': None, 'bb_position': None, 'ret_3': None, 'ret_10': None, 'session_bucket': 2.0}"
2026-04-08|IONQ|2026-04-08T13:05:00-04:00|short|12,2026-04-08,IONQ,2026-04-08T13:05:00-04:00,short,12,0.3948836326599121,True,shadow,entry_next_bar_open_time_exit_at_selected_hold,29.135,29.28,14.57,"{'pressure_k': 0.0, 'spread': 0.00999999999999801, 'depth_imb_k': -0.4052376206890918, 'micro_off': 0.0, 'spread_mean_10s': 0.009999999999990905, 'depth_imb_k_mean_10s': -0.3931124992414262, 'depth_imb_k_mean_60s': 0.0765289315031335, 'dist_vwap_bps': None, 'hl_range_pct': None, 'oc_change_pct': None, 'volume_rel_20': None, 'atr_pct': None, 'position_in_range': None, 'rsi': None, 'bb_position': None, 'ret_3': None, 'ret_10': None, 'session_bucket': 2.0}"
2026-04-08|IONQ|2026-04-08T13:06:00-04:00|short|8,2026-04-08,IONQ,2026-04-08T13:06:00-04:00,short,8,0.32908910512924194,True,shadow,entry_next_bar_open_time_exit_at_selected_hold,29.18,29.33,14.59,"{'pressure_k': 0.0, 'spread': 0.019999999999999574, 'depth_imb_k': -0.09871060075657298, 'micro_off': -0.004999999999999005, 'spread_mean_10s': 0.013333333333321207, 'depth_imb_k_mean_10s': -0.033093421502679424, 'depth_imb_k_mean_60s': 0.04507209781977015, 'dist_vwap_bps': None, 'hl_range_pct': None, 'oc_change_pct': None, 'volume_rel_20': None, 'atr_pct': None, 'position_in_range': None, 'rsi': None, 'bb_position': None, 'ret_3': None, 'ret_10': None, 'session_bucket': 2.0}"
2026-04-08|IONQ|2026-04-08T13:07:00-04:00|long|12,2026-04-08,IONQ,2026-04-08T13:07:00-04:00,long,12,0.3297615647315979,True,shadow,entry_next_bar_open_time_exit_at_selected_hold,29.14,28.99,43.71,"{'pressure_k': 0.0, 'spread': 0.019999999999999574, 'depth_imb_k': 0.15949526900460406, 'micro_off': 0.006923076923079918, 'spread_mean_10s': 0.011666666666656056, 'depth_imb_k_mean_10s': 0.12432338093631283, 'depth_imb_k_mean_60s': 0.09712556984538014, 'dist_vwap_bps': None, 'hl_range_pct': None, 'oc_change_pct': None, 'volume_rel_20': None, 'atr_pct': None, 'position_in_range': None, 'rsi': None, 'bb_position': None, 'ret_3': None, 'ret_10': None, 'session_bucket': 2.0}"
2026-04-08|IONQ|2026-04-08T13:08:00-04:00|short|12,2026-04-08,IONQ,2026-04-08T13:08:00-04:00,short,12,0.37311267852783203,True,shadow,entry_next_bar_open_time_exit_at_selected_hold,29.1164,29.26,14.56,"{'pressure_k': 0.0, 'spread': 0.010000000000001563, 'depth_imb_k': 0.5830419298842141, 'micro_off': -3.552713678800501e-15, 'spread_mean_10s': 0.0110666666666566, 'depth_imb_k_mean_10s': 0.4538865618538936, 'depth_imb_k_mean_60s': 0.1053480760768686, 'dist_vwap_bps': None, 'hl_range_pct': None, 'oc_change_pct': None, 'volume_rel_20': None, 'atr_pct': None, 'position_in_range': None, 'rsi': None, 'bb_position': None, 'ret_3': None, 'ret_10': None, 'session_bucket': 2.0}"
2026-04-08|IONQ|2026-04-08T13:09:00-04:00|short|8,2026-04-08,IONQ,2026-04-08T13:09:00-04:00,short,8,0.32504868507385254,True,shadow,entry_next_bar_open_time_exit_at_selected_hold,29.1301,29.28,14.57,"{'pressure_k': 0.0, 'spread': 0.010000000000001563, 'depth_imb_k': 0.1366952963032767, 'micro_off': 0.0016666666666687036, 'spread_mean_10s': 0.009999999999990905, 'depth_imb_k_mean_10s': 0.03552004879955665, 'depth_imb_k_mean_60s': 0.13806214773078007, 'dist_vwap_bps': None, 'hl_range_pct': None, 'oc_change_pct': None, 'volume_rel_20': None, 'atr_pct': None, 'position_in_range': None, 'rsi': None, 'bb_position': None, 'ret_3': None, 'ret_10': None, 'session_bucket': 2.0}"
2026-04-08|IONQ|2026-04-08T13:10:00-04:00|short|8,2026-04-08,IONQ,2026-04-08T13:10:00-04:00,short,8,0.36989718675613403,True,shadow,entry_next_bar_open_time_exit_at_selected_hold,29.21,29.36,14.61,"{'pressure_k': 0.0, 'spread': 0.010000000000001563, 'depth_imb_k': -0.023863934961421165, 'micro_off': 0.0, 'spread_mean_10s': 0.010789473684200713, 'depth_imb_k_mean_10s': 0.05049241390421786, 'depth_imb_k_mean_60s': 0.012703339980838438, 'dist_vwap_bps': None, 'hl_range_pct': None, 'oc_change_pct': None, 'volume_rel_20': None, 'atr_pct': None, 'position_in_range': None, 'rsi': None, 'bb_position': None, 'ret_3': None, 'ret_10': None, 'session_bucket': 2.0}"
2026-04-08|IONQ|2026-04-08T13:11:00-04:00|short|8,2026-04-08,IONQ,2026-04-08T13:11:00-04:00,short,8,0.34660574793815613,True,shadow,entry_next_bar_open_time_exit_at_selected_hold,29.185,29.33,14.59,"{'pressure_k': 0.0, 'spread': 0.010000000000001563, 'depth_imb_k': -0.042260358070871765, 'micro_off': 0.0016666666666651508, 'spread_mean_10s': 0.01052631578946411, 'depth_imb_k_mean_10s': -0.008229697341637109, 'depth_imb_k_mean_60s': 0.06780519950996289, 'dist_vwap_bps': None, 'hl_range_pct': None, 'oc_change_pct': None, 'volume_rel_20': None, 'atr_pct': None, 'position_in_range': None, 'rsi': None, 'bb_position': None, 'ret_3': None, 'ret_10': None, 'session_bucket': 2.0}"
2026-04-08|IONQ|2026-04-08T13:12:00-04:00|short|12,2026-04-08,IONQ,2026-04-08T13:12:00-04:00,short,12,0.32599371671676636,True,shadow,entry_next_bar_open_time_exit_at_selected_hold,29.1787,29.32,14.59,"{'pressure_k': 0.0, 'spread': 0.00999999999999801, 'depth_imb_k': -0.0005467379330042026, 'micro_off': 0.0, 'spread_mean_10s': 0.016842105263142577, 'depth_imb_k_mean_10s': 0.02323608322600541, 'depth_imb_k_mean_60s': -0.006113238166361715, 'dist_vwap_bps': None, 'hl_range_pct': None, 'oc_change_pct': None, 'volume_rel_20': None, 'atr_pct': None, 'position_in_range': None, 'rsi': None, 'bb_position': None, 'ret_3': None, 'ret_10': None, 'session_bucket': 2.0}"
2026-04-08|IONQ|2026-04-08T13:13:00-04:00|long|8,2026-04-08,IONQ,2026-04-08T13:13:00-04:00,long,8,0.3309476673603058,True,shadow,entry_next_bar_open_time_exit_at_selected_hold,29.195,29.05,43.79,"{'pressure_k': 0.0, 'spread': 0.00999999999999801, 'depth_imb_k': 0.06333044219794316, 'micro_off': 0.0, 'spread_mean_10s': 0.009999999999990905, 'depth_imb_k_mean_10s': -0.07183528357592495, 'depth_imb_k_mean_60s': -0.06883828849396528, 'dist_vwap_bps': None, 'hl_range_pct': None, 'oc_change_pct': None, 'volume_rel_20': None, 'atr_pct': None, 'position_in_range': None, 'rsi': None, 'bb_position': None, 'ret_3': None, 'ret_10': None, 'session_bucket': 2.0}"
2026-04-08|IONQ|2026-04-08T13:14:00-04:00|short|12,2026-04-08,IONQ,2026-04-08T13:14:00-04:00,short,12,0.33560219407081604,True,shadow,entry_next_bar_open_time_exit_at_selected_hold,29.225,29.37,14.61,"{'pressure_k': 0.0, 'spread': 0.010000000000001563, 'depth_imb_k': -0.2313735294891702, 'micro_off': -0.0016666666666687036, 'spread_mean_10s': 0.013684210526303343, 'depth_imb_k_mean_10s': -0.202260797442398, 'depth_imb_k_mean_60s': -0.13966938141612437, 'dist_vwap_bps': None, 'hl_range_pct': None, 'oc_change_pct': None, 'volume_rel_20': None, 'atr_pct': None, 'position_in_range': None, 'rsi': None, 'bb_position': None, 'ret_3': None, 'ret_10': None, 'session_bucket': 2.0}"
2026-04-08|IONQ|2026-04-08T13:15:00-04:00|long|12,2026-04-08,IONQ,2026-04-08T13:15:00-04:00,long,12,0.3129621744155884,True,shadow,entry_next_bar_open_time_exit_at_selected_hold,29.19,29.04,43.79,"{'pressure_k': 0.0, 'spread': 0.00999999999999801, 'depth_imb_k': 0.15204579895605322, 'micro_off': -0.0012499999999988631, 'spread_mean_10s': 0.011052631578937317, 'depth_imb_k_mean_10s': -0.014901335752956345, 'depth_imb_k_mean_60s': -0.0725190592297551, 'dist_vwap_bps': None, 'hl_range_pct': None, 'oc_change_pct': None, 'volume_rel_20': None, 'atr_pct': None, 'position_in_range': None, 'rsi': None, 'bb_position': None, 'ret_3': None, 'ret_10': None, 'session_bucket': 2.0}"
2026-04-08|IONQ|2026-04-08T13:16:00-04:00|long|12,2026-04-08,IONQ,2026-04-08T13:16:00-04:00,long,12,0.3020315170288086,True,shadow,entry_next_bar_open_time_exit_at_selected_hold,29.19,29.04,43.79,"{'pressure_k': 0.0, 'spread': 0.00999999999999801, 'depth_imb_k': 0.12442008193796125, 'micro_off': 0.0030000000000001137, 'spread_mean_10s': 0.009736842105254303, 'depth_imb_k_mean_10s': 0.016916963370635443, 'depth_imb_k_mean_60s': 0.026185749621962788, 'dist_vwap_bps': None, 'hl_range_pct': None, 'oc_change_pct': None, 'volume_rel_20': None, 'atr_pct': None, 'position_in_range': None, 'rsi': None, 'bb_position': None, 'ret_3': None, 'ret_10': None, 'session_bucket': 2.0}"
2026-04-08|IONQ|2026-04-08T13:17:00-04:00|long|12,2026-04-08,IONQ,2026-04-08T13:17:00-04:00,long,12,0.3148742914199829,True,shadow,entry_next_bar_open_time_exit_at_selected_hold,29.165,29.02,43.75,"{'pressure_k': 0.0, 'spread': 0.010000000000001563, 'depth_imb_k': -0.11680380150529404, 'micro_off': 0.0, 'spread_mean_10s': 0.009999999999990905, 'depth_imb_k_mean_10s': 0.08510347460354913, 'depth_imb_k_mean_60s': 0.0642858939975018, 'dist_vwap_bps': None, 'hl_range_pct': None, 'oc_change_pct': None, 'volume_rel_20': None, 'atr_pct': None, 'position_in_range': None, 'rsi': None, 'bb_position': None, 'ret_3': None, 'ret_10': None, 'session_bucket': 2.0}"
2026-04-08|IONQ|2026-04-08T13:18:00-04:00|long|8,2026-04-08,IONQ,2026-04-08T13:18:00-04:00,long,8,0.37737560272216797,True,shadow,entry_next_bar_open_time_exit_at_selected_hold,29.17,29.02,43.76,"{'pressure_k': 0.0, 'spread': 0.00999999999999801, 'depth_imb_k': -0.3253681982915942, 'micro_off': 0.0, 'spread_mean_10s': 0.01478260869563873, 'depth_imb_k_mean_10s': -0.11631403979515406, 'depth_imb_k_mean_60s': 0.04845245731386546, 'dist_vwap_bps': None, 'hl_range_pct': None, 'oc_change_pct': None, 'volume_rel_20': None, 'atr_pct': None, 'position_in_range': None, 'rsi': None, 'bb_position': None, 'ret_3': None, 'ret_10': None, 'session_bucket': 2.0}"
2026-04-08|IONQ|2026-04-08T13:19:00-04:00|short|12,2026-04-08,IONQ,2026-04-08T13:19:00-04:00,short,12,0.39407312870025635,True,shadow,entry_next_bar_open_time_exit_at_selected_hold,29.27,29.42,14.63,"{'pressure_k': 0.0, 'spread': 0.010000000000001563, 'depth_imb_k': 0.15484846412751957, 'micro_off': 0.003333333333337407, 'spread_mean_10s': 0.012857142857131163, 'depth_imb_k_mean_10s': 0.06920969251676845, 'depth_imb_k_mean_60s': -0.04214913679240448, 'dist_vwap_bps': None, 'hl_range_pct': None, 'oc_change_pct': None, 'volume_rel_20': None, 'atr_pct': None, 'position_in_range': None, 'rsi': None, 'bb_position': None, 'ret_3': None, 'ret_10': None, 'session_bucket': 2.0}"
2026-04-08|IONQ|2026-04-08T13:20:00-04:00|short|12,2026-04-08,IONQ,2026-04-08T13:20:00-04:00,short,12,0.3723812997341156,True,shadow,entry_next_bar_open_time_exit_at_selected_hold,29.265,29.41,14.63,"{'pressure_k': 0.0, 'spread': 0.019999999999999574, 'depth_imb_k': 0.03154240370309142, 'micro_off': -0.0027272727272773523, 'spread_mean_10s': 0.01236842105262033, 'depth_imb_k_mean_10s': -0.01837588241652922, 'depth_imb_k_mean_60s': 0.0008072410052785121, 'dist_vwap_bps': None, 'hl_range_pct': None, 'oc_change_pct': None, 'volume_rel_20': None, 'atr_pct': None, 'position_in_range': None, 'rsi': None, 'bb_position': None, 'ret_3': None, 'ret_10': None, 'session_bucket': 2.0}"
2026-04-08|IONQ|2026-04-08T13:21:00-04:00|short|8,2026-04-08,IONQ,2026-04-08T13:21:00-04:00,short,8,0.3332584798336029,True,shadow,entry_next_bar_open_time_exit_at_selected_hold,29.35,29.5,14.68,"{'pressure_k': 0.0, 'spread': 0.020000000000003126, 'depth_imb_k': -0.04622795672276392, 'micro_off': 0.004285714285714448, 'spread_mean_10s': 0.013157894736830138, 'depth_imb_k_mean_10s': -0.29127196122740134, 'depth_imb_k_mean_60s': -0.16141527461218833, 'dist_vwap_bps': None, 'hl_range_pct': None, 'oc_change_pct': None, 'volume_rel_20': None, 'atr_pct': None, 'position_in_range': None, 'rsi': None, 'bb_position': None, 'ret_3': None, 'ret_10': None, 'session_bucket': 2.0}"
2026-04-08|IONQ|2026-04-08T13:22:00-04:00|short|12,2026-04-08,IONQ,2026-04-08T13:22:00-04:00,short,12,0.450255423784256,True,shadow,entry_next_bar_open_time_exit_at_selected_hold,29.35,29.5,14.68,"{'pressure_k': 0.0, 'spread': 0.010000000000001563, 'depth_imb_k': 0.016323371417349214, 'micro_off': -0.0016666666666651508, 'spread_mean_10s': 0.016619718309844038, 'depth_imb_k_mean_10s': -0.08362954765602552, 'depth_imb_k_mean_60s': -0.014675049576033938, 'dist_vwap_bps': None, 'hl_range_pct': None, 'oc_change_pct': None, 'volume_rel_20': None, 'atr_pct': None, 'position_in_range': None, 'rsi': None, 'bb_position': None, 'ret_3': None, 'ret_10': None, 'session_bucket': 2.0}"
2026-04-08|IONQ|2026-04-08T13:23:00-04:00|short|12,2026-04-08,IONQ,2026-04-08T13:23:00-04:00,short,12,0.41214466094970703,True,shadow,entry_next_bar_open_time_exit_at_selected_hold,29.31,29.46,14.65,"{'pressure_k': 0.0, 'spread': 0.019999999999999574, 'depth_imb_k': -0.30278533632678317, 'micro_off': -0.008000000000002672, 'spread_mean_10s': 0.01421052631577655, 'depth_imb_k_mean_10s': 0.024810101200188228, 'depth_imb_k_mean_60s': -0.03561507327661885, 'dist_vwap_bps': None, 'hl_range_pct': None, 'oc_change_pct': None, 'volume_rel_20': None, 'atr_pct': None, 'position_in_range': None, 'rsi': None, 'bb_position': None, 'ret_3': None, 'ret_10': None, 'session_bucket': 2.0}"
2026-04-08|IONQ|2026-04-08T13:24:00-04:00|long|8,2026-04-08,IONQ,2026-04-08T13:24:00-04:00,long,8,0.4011416435241699,True,shadow,entry_next_bar_open_time_exit_at_selected_hold,29.215,29.07,43.82,"{'pressure_k': 0.0, 'spread': 0.00999999999999801, 'depth_imb_k': -0.23461518856452118, 'micro_off': -0.0030000000000001137, 'spread_mean_10s': 0.01421052631577655, 'depth_imb_k_mean_10s': 0.01070287576263689, 'depth_imb_k_mean_60s': 0.06780930231610235, 'dist_vwap_bps': None, 'hl_range_pct': None, 'oc_change_pct': None, 'volume_rel_20': None, 'atr_pct': None, 'position_in_range': None, 'rsi': None, 'bb_position': None, 'ret_3': None, 'ret_10': None, 'session_bucket': 2.0}"
2026-04-08|IONQ|2026-04-08T13:25:00-04:00|long|8,2026-04-08,IONQ,2026-04-08T13:25:00-04:00,long,8,0.3760877847671509,True,shadow,entry_next_bar_open_time_exit_at_selected_hold,29.21,29.06,43.81,"{'pressure_k': 0.0, 'spread': 0.00999999999999801, 'depth_imb_k': -0.0006127958396131106, 'micro_off': 0.0, 'spread_mean_10s': 0.017199999999984356, 'depth_imb_k_mean_10s': -0.05183844245148672, 'depth_imb_k_mean_60s': -0.029850586532848514, 'dist_vwap_bps': None, 'hl_range_pct': None, 'oc_change_pct': None, 'volume_rel_20': None, 'atr_pct': None, 'position_in_range': None, 'rsi': None, 'bb_position': None, 'ret_3': None, 'ret_10': None, 'session_bucket': 2.0}"
2026-04-08|IONQ|2026-04-08T13:26:00-04:00|long|8,2026-04-08,IONQ,2026-04-08T13:26:00-04:00,long,8,0.39393293857574463,True,shadow,entry_next_bar_open_time_exit_at_selected_hold,29.185,29.04,43.78,"{'pressure_k': 0.0, 'spread': 0.019999999999999574, 'depth_imb_k': 0.26259455689047634, 'micro_off': 0.007500000000000284, 'spread_mean_10s': 0.01421052631577655, 'depth_imb_k_mean_10s': 0.15282970595334172, 'depth_imb_k_mean_60s': -0.0038404650930141796, 'dist_vwap_bps': None, 'hl_range_pct': None, 'oc_change_pct': None, 'volume_rel_20': None, 'atr_pct': None, 'position_in_range': None, 'rsi': None, 'bb_position': None, 'ret_3': None, 'ret_10': None, 'session_bucket': 2.0}"
2026-04-08|IONQ|2026-04-08T13:27:00-04:00|long|12,2026-04-08,IONQ,2026-04-08T13:27:00-04:00,long,12,0.3925727307796478,True,shadow,entry_next_bar_open_time_exit_at_selected_hold,29.1201,28.97,43.68,"{'pressure_k': 0.0, 'spread': 0.019999999999999574, 'depth_imb_k': 0.5366690136046697, 'micro_off': -0.004545454545457517, 'spread_mean_10s': 0.014722222222208833, 'depth_imb_k_mean_10s': 0.5564535017180547, 'depth_imb_k_mean_60s': 0.28996352154104854, 'dist_vwap_bps': None, 'hl_range_pct': None, 'oc_change_pct': None, 'volume_rel_20': None, 'atr_pct': None, 'position_in_range': None, 'rsi': None, 'bb_position': None, 'ret_3': None, 'ret_10': None, 'session_bucket': 2.0}"
2026-04-08|IONQ|2026-04-08T13:28:00-04:00|short|8,2026-04-08,IONQ,2026-04-08T13:28:00-04:00,short,8,0.3722805380821228,True,shadow,entry_next_bar_open_time_exit_at_selected_hold,29.225,29.37,14.61,"{'pressure_k': 0.0, 'spread': 0.010000000000001563, 'depth_imb_k': -0.0006063070196086823, 'micro_off': 0.0016666666666687036, 'spread_mean_10s': 0.01236842105262033, 'depth_imb_k_mean_10s': 0.03210786066723496, 'depth_imb_k_mean_60s': 0.07015369761955981, 'dist_vwap_bps': None, 'hl_range_pct': None, 'oc_change_pct': None, 'volume_rel_20': None, 'atr_pct': None, 'position_in_range': None, 'rsi': None, 'bb_position': None, 'ret_3': None, 'ret_10': None, 'session_bucket': 2.0}"
2026-04-08|IONQ|2026-04-08T13:29:00-04:00|short|8,2026-04-08,IONQ,2026-04-08T13:29:00-04:00,short,8,0.368847131729126,True,shadow,entry_next_bar_open_time_exit_at_selected_hold,29.23,29.38,14.62,"{'pressure_k': 0.0, 'spread': 0.019999999999999574, 'depth_imb_k': -0.12573664070460974, 'micro_off': -0.005999999999996675, 'spread_mean_10s': 0.01815789473682559, 'depth_imb_k_mean_10s': -0.25615781826151734, 'depth_imb_k_mean_60s': -0.25397406709730524, 'dist_vwap_bps': None, 'hl_range_pct': None, 'oc_change_pct': None, 'volume_rel_20': None, 'atr_pct': None, 'position_in_range': None, 'rsi': None, 'bb_position': None, 'ret_3': None, 'ret_10': None, 'session_bucket': 2.0}"
2026-04-08|IONQ|2026-04-08T13:30:00-04:00|long|12,2026-04-08,IONQ,2026-04-08T13:30:00-04:00,long,12,0.35029399394989014,True,shadow,entry_next_bar_open_time_exit_at_selected_hold,29.27,29.12,43.91,"{'pressure_k': 0.0, 'spread': 0.019999999999999574, 'depth_imb_k': -0.07465821455458761, 'micro_off': -0.000909090909093635, 'spread_mean_10s': 0.014999999999986358, 'depth_imb_k_mean_10s': -0.0448647920214853, 'depth_imb_k_mean_60s': -0.27626564515568247, 'dist_vwap_bps': None, 'hl_range_pct': None, 'oc_change_pct': None, 'volume_rel_20': None, 'atr_pct': None, 'position_in_range': None, 'rsi': None, 'bb_position': None, 'ret_3': None, 'ret_10': None, 'session_bucket': 2.0}"
2026-04-08|IONQ|2026-04-08T13:31:00-04:00|short|8,2026-04-08,IONQ,2026-04-08T13:31:00-04:00,short,8,0.4163568615913391,True,shadow,entry_next_bar_open_time_exit_at_selected_hold,29.315,29.46,14.66,"{'pressure_k': 0.0, 'spread': 0.019999999999999574, 'depth_imb_k': -0.024988142489827503, 'micro_off': 0.005999999999996675, 'spread_mean_10s': 0.02184210526313803, 'depth_imb_k_mean_10s': -0.038162144003054344, 'depth_imb_k_mean_60s': -0.06203962627610439, 'dist_vwap_bps': None, 'hl_range_pct': None, 'oc_change_pct': None, 'volume_rel_20': None, 'atr_pct': None, 'position_in_range': None, 'rsi': None, 'bb_position': None, 'ret_3': None, 'ret_10': None, 'session_bucket': 2.0}"
2026-04-08|IONQ|2026-04-08T13:32:00-04:00|short|8,2026-04-08,IONQ,2026-04-08T13:32:00-04:00,short,8,0.3624889850616455,True,shadow,entry_next_bar_open_time_exit_at_selected_hold,29.295,29.44,14.65,"{'pressure_k': 0.0, 'spread': 0.010000000000001563, 'depth_imb_k': 0.06328838309793731, 'micro_off': 0.0033333333333338544, 'spread_mean_10s': 0.016578947368405973, 'depth_imb_k_mean_10s': -0.06446782797175836, 'depth_imb_k_mean_60s': 0.014135488929606968, 'dist_vwap_bps': None, 'hl_range_pct': None, 'oc_change_pct': None, 'volume_rel_20': None, 'atr_pct': None, 'position_in_range': None, 'rsi': None, 'bb_position': None, 'ret_3': None, 'ret_10': None, 'session_bucket': 2.0}"
2026-04-08|IONQ|2026-04-08T13:33:00-04:00|long|12,2026-04-08,IONQ,2026-04-08T13:33:00-04:00,long,12,0.3547365367412567,True,shadow,entry_next_bar_open_time_exit_at_selected_hold,29.3199,29.17,43.98,"{'pressure_k': 0.0, 'spread': 0.019999999999999574, 'depth_imb_k': -0.5866188956747391, 'micro_off': -0.0033333333333338544, 'spread_mean_10s': 0.016164383561629133, 'depth_imb_k_mean_10s': -0.10177321610592727, 'depth_imb_k_mean_60s': -0.0688417839606715, 'dist_vwap_bps': None, 'hl_range_pct': None, 'oc_change_pct': None, 'volume_rel_20': None, 'atr_pct': None, 'position_in_range': None, 'rsi': None, 'bb_position': None, 'ret_3': None, 'ret_10': None, 'session_bucket': 2.0}"
2026-04-08|IONQ|2026-04-08T13:34:00-04:00|long|12,2026-04-08,IONQ,2026-04-08T13:34:00-04:00,long,12,0.3923074007034302,True,shadow,entry_next_bar_open_time_exit_at_selected_hold,29.355,29.21,44.03,"{'pressure_k': 0.0, 'spread': 0.019999999999999574, 'depth_imb_k': 0.09366401810280542, 'micro_off': 0.007777777777775441, 'spread_mean_10s': 0.013333333333321207, 'depth_imb_k_mean_10s': -0.2706754441521816, 'depth_imb_k_mean_60s': -0.2285796003628422, 'dist_vwap_bps': None, 'hl_range_pct': None, 'oc_change_pct': None, 'volume_rel_20': None, 'atr_pct': None, 'position_in_range': None, 'rsi': None, 'bb_position': None, 'ret_3': None, 'ret_10': None, 'session_bucket': 2.0}"
2026-04-08|IONQ|2026-04-08T13:35:00-04:00|short|12,2026-04-08,IONQ,2026-04-08T13:35:00-04:00,short,12,0.36546066403388977,True,shadow,entry_next_bar_open_time_exit_at_selected_hold,29.345,29.49,14.67,"{'pressure_k': 0.0, 'spread': 0.020000000000003126, 'depth_imb_k': 0.19941101082540288, 'micro_off': 0.007142857142856229, 'spread_mean_10s': 0.016578947368405973, 'depth_imb_k_mean_10s': 0.08866263327163144, 'depth_imb_k_mean_60s': -0.2520111197645426, 'dist_vwap_bps': None, 'hl_range_pct': None, 'oc_change_pct': None, 'volume_rel_20': None, 'atr_pct': None, 'position_in_range': None, 'rsi': None, 'bb_position': None, 'ret_3': None, 'ret_10': None, 'session_bucket': 2.0}"
2026-04-08|IONQ|2026-04-08T13:36:00-04:00|short|12,2026-04-08,IONQ,2026-04-08T13:36:00-04:00,short,12,0.379571795463562,True,shadow,entry_next_bar_open_time_exit_at_selected_hold,29.465,29.61,14.73,"{'pressure_k': 0.0, 'spread': 0.00999999999999801, 'depth_imb_k': -0.13104160519327235, 'micro_off': 0.0, 'spread_mean_10s': 0.018421052631562195, 'depth_imb_k_mean_10s': 0.03812267938995044, 'depth_imb_k_mean_60s': -0.12102341346989458, 'dist_vwap_bps': None, 'hl_range_pct': None, 'oc_change_pct': None, 'volume_rel_20': None, 'atr_pct': None, 'position_in_range': None, 'rsi': None, 'bb_position': None, 'ret_3': None, 'ret_10': None, 'session_bucket': 2.0}"
2026-04-08|IONQ|2026-04-08T13:37:00-04:00|short|8,2026-04-08,IONQ,2026-04-08T13:37:00-04:00,short,8,0.4174116253852844,True,shadow,entry_next_bar_open_time_exit_at_selected_hold,29.4412,29.59,14.72,"{'pressure_k': 0.0, 'spread': 0.019999999999999574, 'depth_imb_k': -0.3096266851019703, 'micro_off': -0.005000000000002558, 'spread_mean_10s': 0.016052631578932768, 'depth_imb_k_mean_10s': -0.0039546444677009615, 'depth_imb_k_mean_60s': 0.03769928434617275, 'dist_vwap_bps': None, 'hl_range_pct': None, 'oc_change_pct': None, 'volume_rel_20': None, 'atr_pct': None, 'position_in_range': None, 'rsi': None, 'bb_position': None, 'ret_3': None, 'ret_10': None, 'session_bucket': 2.0}"
2026-04-08|IONQ|2026-04-08T13:38:00-04:00|short|8,2026-04-08,IONQ,2026-04-08T13:38:00-04:00,short,8,0.3661678433418274,True,shadow,entry_next_bar_open_time_exit_at_selected_hold,29.4592,29.61,14.73,"{'pressure_k': 0.0, 'spread': 0.010000000000001563, 'depth_imb_k': -0.25058555959129636, 'micro_off': -0.0016666666666651508, 'spread_mean_10s': 0.014473684210513153, 'depth_imb_k_mean_10s': -0.05137301225747885, 'depth_imb_k_mean_60s': -0.07197613048758235, 'dist_vwap_bps': None, 'hl_range_pct': None, 'oc_change_pct': None, 'volume_rel_20': None, 'atr_pct': None, 'position_in_range': None, 'rsi': None, 'bb_position': None, 'ret_3': None, 'ret_10': None, 'session_bucket': 2.0}"
2026-04-08|IONQ|2026-04-08T13:39:00-04:00|short|12,2026-04-08,IONQ,2026-04-08T13:39:00-04:00,short,12,0.37792399525642395,True,shadow,entry_next_bar_open_time_exit_at_selected_hold,29.55,29.7,14.78,"{'pressure_k': 0.0, 'spread': 0.019999999999999574, 'depth_imb_k': -0.04414522403535736, 'micro_off': -0.006666666666667709, 'spread_mean_10s': 0.016052631578932768, 'depth_imb_k_mean_10s': -0.0435816284411197, 'depth_imb_k_mean_60s': -0.06831453896359663, 'dist_vwap_bps': None, 'hl_range_pct': None, 'oc_change_pct': None, 'volume_rel_20': None, 'atr_pct': None, 'position_in_range': None, 'rsi': None, 'bb_position': None, 'ret_3': None, 'ret_10': None, 'session_bucket': 2.0}"
2026-04-08|IONQ|2026-04-08T13:40:00-04:00|short|12,2026-04-08,IONQ,2026-04-08T13:40:00-04:00,short,12,0.33470040559768677,True,shadow,entry_next_bar_open_time_exit_at_selected_hold,29.565,29.71,14.78,"{'pressure_k': 0.0, 'spread': 0.019999999999999574, 'depth_imb_k': -0.2458129430305041, 'micro_off': -0.004285714285714448, 'spread_mean_10s': 0.012105263157883727, 'depth_imb_k_mean_10s': -0.27455190361678505, 'depth_imb_k_mean_60s': -0.04526327322657655, 'dist_vwap_bps': None, 'hl_range_pct': None, 'oc_change_pct': None, 'volume_rel_20': None, 'atr_pct': None, 'position_in_range': None, 'rsi': None, 'bb_position': None, 'ret_3': None, 'ret_10': None, 'session_bucket': 2.0}"
2026-04-08|IONQ|2026-04-08T13:41:00-04:00|long|12,2026-04-08,IONQ,2026-04-08T13:41:00-04:00,long,12,0.38246995210647583,True,shadow,entry_next_bar_open_time_exit_at_selected_hold,29.475,29.33,44.21,"{'pressure_k': 0.0, 'spread': 0.019999999999999574, 'depth_imb_k': -0.17742343373574157, 'micro_off': -0.006363636363634129, 'spread_mean_10s': 0.017894736842088987, 'depth_imb_k_mean_10s': -0.03165712986322277, 'depth_imb_k_mean_60s': 0.01326564390803453, 'dist_vwap_bps': None, 'hl_range_pct': None, 'oc_change_pct': None, 'volume_rel_20': None, 'atr_pct': None, 'position_in_range': None, 'rsi': None, 'bb_position': None, 'ret_3': None, 'ret_10': None, 'session_bucket': 2.0}"
2026-04-08|IONQ|2026-04-08T13:42:00-04:00|long|8,2026-04-08,IONQ,2026-04-08T13:42:00-04:00,long,8,0.35004109144210815,True,shadow,entry_next_bar_open_time_exit_at_selected_hold,29.44,29.29,44.16,"{'pressure_k': 0.0, 'spread': 0.019999999999999574, 'depth_imb_k': -0.2766084472747706, 'micro_off': -0.007777777777778994, 'spread_mean_10s': 0.012432432432421125, 'depth_imb_k_mean_10s': -0.192933622096526, 'depth_imb_k_mean_60s': -0.1338635016010802, 'dist_vwap_bps': None, 'hl_range_pct': None, 'oc_change_pct': None, 'volume_rel_20': None, 'atr_pct': None, 'position_in_range': None, 'rsi': None, 'bb_position': None, 'ret_3': None, 'ret_10': None, 'session_bucket': 2.0}"
2026-04-08|IONQ|2026-04-08T13:43:00-04:00|long|8,2026-04-08,IONQ,2026-04-08T13:43:00-04:00,long,8,0.359566330909729,True,shadow,entry_next_bar_open_time_exit_at_selected_hold,29.48,29.33,44.22,"{'pressure_k': 0.0, 'spread': 0.019999999999999574, 'depth_imb_k': -0.14361882603848578, 'micro_off': 0.0033333333333338544, 'spread_mean_10s': 0.014999999999986358, 'depth_imb_k_mean_10s': -0.19790507947950992, 'depth_imb_k_mean_60s': -0.17641698937556763, 'dist_vwap_bps': None, 'hl_range_pct': None, 'oc_change_pct': None, 'volume_rel_20': None, 'atr_pct': None, 'position_in_range': None, 'rsi': None, 'bb_position': None, 'ret_3': None, 'ret_10': None, 'session_bucket': 2.0}"
2026-04-08|IONQ|2026-04-08T13:44:00-04:00|long|12,2026-04-08,IONQ,2026-04-08T13:44:00-04:00,long,12,0.3985025882720947,True,shadow,entry_next_bar_open_time_exit_at_selected_hold,29.48,29.33,44.22,"{'pressure_k': 0.0, 'spread': 0.010000000000001563, 'depth_imb_k': -0.021795158716980588, 'micro_off': 0.0, 'spread_mean_10s': 0.01710526315787918, 'depth_imb_k_mean_10s': -0.07370003038160851, 'depth_imb_k_mean_60s': -0.07428895517482337, 'dist_vwap_bps': None, 'hl_range_pct': None, 'oc_change_pct': None, 'volume_rel_20': None, 'atr_pct': None, 'position_in_range': None, 'rsi': None, 'bb_position': None, 'ret_3': None, 'ret_10': None, 'session_bucket': 2.0}"
2026-04-08|IONQ|2026-04-08T13:45:00-04:00|long|12,2026-04-08,IONQ,2026-04-08T13:45:00-04:00,long,12,0.31574130058288574,True,shadow,entry_next_bar_open_time_exit_at_selected_hold,29.44,29.29,44.16,"{'pressure_k': 0.0, 'spread': 0.00999999999999801, 'depth_imb_k': -0.18427181235964402, 'micro_off': 0.0, 'spread_mean_10s': 0.016578947368405973, 'depth_imb_k_mean_10s': -0.1031533676070742, 'depth_imb_k_mean_60s': -0.08885902660361181, 'dist_vwap_bps': None, 'hl_range_pct': None, 'oc_change_pct': None, 'volume_rel_20': None, 'atr_pct': None, 'position_in_range': None, 'rsi': None, 'bb_position': None, 'ret_3': None, 'ret_10': None, 'session_bucket': 2.0}"
2026-04-08|IONQ|2026-04-08T13:46:00-04:00|long|8,2026-04-08,IONQ,2026-04-08T13:46:00-04:00,long,8,0.2937447428703308,True,shadow,entry_next_bar_open_time_exit_at_selected_hold,29.375,29.23,44.06,"{'pressure_k': 0.0, 'spread': 0.00999999999999801, 'depth_imb_k': -0.26989737145250814, 'micro_off': 0.002500000000001279, 'spread_mean_10s': 0.011999999999989085, 'depth_imb_k_mean_10s': -0.2104520332648365, 'depth_imb_k_mean_60s': -0.15755860577655603, 'dist_vwap_bps': None, 'hl_range_pct': None, 'oc_change_pct': None, 'volume_rel_20': None, 'atr_pct': None, 'position_in_range': None, 'rsi': None, 'bb_position': None, 'ret_3': None, 'ret_10': None, 'session_bucket': 2.0}"
2026-04-08|IONQ|2026-04-08T13:47:00-04:00|long|8,2026-04-08,IONQ,2026-04-08T13:47:00-04:00,long,8,0.32091331481933594,True,shadow,entry_next_bar_open_time_exit_at_selected_hold,29.405,29.26,44.11,"{'pressure_k': 0.0, 'spread': 0.019999999999999574, 'depth_imb_k': -0.27653162924312596, 'micro_off': -0.0033333333333303017, 'spread_mean_10s': 0.015294117647044914, 'depth_imb_k_mean_10s': -0.27955911881853224, 'depth_imb_k_mean_60s': -0.24272014956313864, 'dist_vwap_bps': None, 'hl_range_pct': None, 'oc_change_pct': None, 'volume_rel_20': None, 'atr_pct': None, 'position_in_range': None, 'rsi': None, 'bb_position': None, 'ret_3': None, 'ret_10': None, 'session_bucket': 2.0}"
2026-04-08|IONQ|2026-04-08T13:48:00-04:00|short|12,2026-04-08,IONQ,2026-04-08T13:48:00-04:00,short,12,0.3276710510253906,True,shadow,entry_next_bar_open_time_exit_at_selected_hold,29.46,29.61,14.73,"{'pressure_k': 0.0, 'spread': 0.019999999999999574, 'depth_imb_k': -0.05714541799510877, 'micro_off': 0.0, 'spread_mean_10s': 0.01666666666665151, 'depth_imb_k_mean_10s': -0.12711577187273962, 'depth_imb_k_mean_60s': -0.0728150451393392, 'dist_vwap_bps': None, 'hl_range_pct': None, 'oc_change_pct': None, 'volume_rel_20': None, 'atr_pct': None, 'position_in_range': None, 'rsi': None, 'bb_position': None, 'ret_3': None, 'ret_10': None, 'session_bucket': 2.0}"
2026-04-08|IONQ|2026-04-08T13:49:00-04:00|long|8,2026-04-08,IONQ,2026-04-08T13:49:00-04:00,long,8,0.3291899561882019,True,shadow,entry_next_bar_open_time_exit_at_selected_hold,29.425,29.28,44.14,"{'pressure_k': 0.0, 'spread': 0.019999999999999574, 'depth_imb_k': -0.13494096935073896, 'micro_off': -0.0016666666666687036, 'spread_mean_10s': 0.01888888888887171, 'depth_imb_k_mean_10s': -0.12957613649070432, 'depth_imb_k_mean_60s': -0.0646225344088765, 'dist_vwap_bps': None, 'hl_range_pct': None, 'oc_change_pct': None, 'volume_rel_20': None, 'atr_pct': None, 'position_in_range': None, 'rsi': None, 'bb_position': None, 'ret_3': None, 'ret_10': None, 'session_bucket': 2.0}"
2026-04-08|IONQ|2026-04-08T13:50:00-04:00|short|12,2026-04-08,IONQ,2026-04-08T13:50:00-04:00,short,12,0.3500458002090454,True,shadow,entry_next_bar_open_time_exit_at_selected_hold,29.45,29.6,14.72,"{'pressure_k': 0.0, 'spread': 0.019999999999999574, 'depth_imb_k': 0.22654151357025967, 'micro_off': -3.552713678800501e-15, 'spread_mean_10s': 0.015526315789459563, 'depth_imb_k_mean_10s': 0.19841292964876725, 'depth_imb_k_mean_60s': 0.15376504164113916, 'dist_vwap_bps': None, 'hl_range_pct': None, 'oc_change_pct': None, 'volume_rel_20': None, 'atr_pct': None, 'position_in_range': None, 'rsi': None, 'bb_position': None, 'ret_3': None, 'ret_10': None, 'session_bucket': 2.0}"
2026-04-08|IONQ|2026-04-08T13:51:00-04:00|short|3,2026-04-08,IONQ,2026-04-08T13:51:00-04:00,short,3,0.36092671751976013,True,shadow,entry_next_bar_open_time_exit_at_selected_hold,29.5,29.65,14.75,"{'pressure_k': 0.0, 'spread': 0.019999999999999574, 'depth_imb_k': -0.359411992128618, 'micro_off': -0.007142857142856229, 'spread_mean_10s': 0.01052631578946411, 'depth_imb_k_mean_10s': 0.07743962509935823, 'depth_imb_k_mean_60s': 0.0655217195726814, 'dist_vwap_bps': None, 'hl_range_pct': None, 'oc_change_pct': None, 'volume_rel_20': None, 'atr_pct': None, 'position_in_range': None, 'rsi': None, 'bb_position': None, 'ret_3': None, 'ret_10': None, 'session_bucket': 2.0}"
2026-04-08|IONQ|2026-04-08T13:52:00-04:00|short|8,2026-04-08,IONQ,2026-04-08T13:52:00-04:00,short,8,0.34261608123779297,True,shadow,entry_next_bar_open_time_exit_at_selected_hold,29.55,29.7,14.78,"{'pressure_k': 0.0, 'spread': 0.010000000000001563, 'depth_imb_k': -0.13685279344005047, 'micro_off': -0.002500000000001279, 'spread_mean_10s': 0.010263157894727508, 'depth_imb_k_mean_10s': -0.08510158900824799, 'depth_imb_k_mean_60s': -0.3116589546147447, 'dist_vwap_bps': None, 'hl_range_pct': None, 'oc_change_pct': None, 'volume_rel_20': None, 'atr_pct': None, 'position_in_range': None, 'rsi': None, 'bb_position': None, 'ret_3': None, 'ret_10': None, 'session_bucket': 2.0}"
2026-04-08|IONQ|2026-04-08T13:53:00-04:00|short|12,2026-04-08,IONQ,2026-04-08T13:53:00-04:00,short,12,0.37020060420036316,True,shadow,entry_next_bar_open_time_exit_at_selected_hold,29.51,29.66,14.76,"{'pressure_k': 0.0, 'spread': 0.00999999999999801, 'depth_imb_k': 0.05833576952720121, 'micro_off': 0.0, 'spread_mean_10s': 0.013888888888876258, 'depth_imb_k_mean_10s': -0.022983650857737657, 'depth_imb_k_mean_60s': -0.031359034355840046, 'dist_vwap_bps': None, 'hl_range_pct': None, 'oc_change_pct': None, 'volume_rel_20': None, 'atr_pct': None, 'position_in_range': None, 'rsi': None, 'bb_position': None, 'ret_3': None, 'ret_10': None, 'session_bucket': 2.0}"
2026-04-08|IONQ|2026-04-08T13:54:00-04:00|short|8,2026-04-08,IONQ,2026-04-08T13:54:00-04:00,short,8,0.3801187574863434,True,shadow,entry_next_bar_open_time_exit_at_selected_hold,29.555,29.7,14.78,"{'pressure_k': 0.0, 'spread': 0.00999999999999801, 'depth_imb_k': -0.1377814336698818, 'micro_off': -0.0016666666666651508, 'spread_mean_10s': 0.016842105263142577, 'depth_imb_k_mean_10s': -0.12915833515666905, 'depth_imb_k_mean_60s': -0.0528850325623383, 'dist_vwap_bps': None, 'hl_range_pct': None, 'oc_change_pct': None, 'volume_rel_20': None, 'atr_pct': None, 'position_in_range': None, 'rsi': None, 'bb_position': None, 'ret_3': None, 'ret_10': None, 'session_bucket': 2.0}"
2026-04-08|IONQ|2026-04-08T13:55:00-04:00|short|12,2026-04-08,IONQ,2026-04-08T13:55:00-04:00,short,12,0.32974526286125183,True,shadow,entry_next_bar_open_time_exit_at_selected_hold,29.53,29.68,14.77,"{'pressure_k': 0.0, 'spread': 0.00999999999999801, 'depth_imb_k': 0.1493968764549033, 'micro_off': 0.002500000000001279, 'spread_mean_10s': 0.016486486486471493, 'depth_imb_k_mean_10s': 0.17085789416660804, 'depth_imb_k_mean_60s': 0.027214011877757193, 'dist_vwap_bps': None, 'hl_range_pct': None, 'oc_change_pct': None, 'volume_rel_20': None, 'atr_pct': None, 'position_in_range': None, 'rsi': None, 'bb_position': None, 'ret_3': None, 'ret_10': None, 'session_bucket': 2.0}"
2026-04-08|IONQ|2026-04-08T13:56:00-04:00|long|8,2026-04-08,IONQ,2026-04-08T13:56:00-04:00,long,8,0.33287137746810913,True,shadow,entry_next_bar_open_time_exit_at_selected_hold,29.52,29.37,44.28,"{'pressure_k': 0.0, 'spread': 0.00999999999999801, 'depth_imb_k': -0.2703179451877985, 'micro_off': -0.0016666666666687036, 'spread_mean_10s': 0.011578947368410522, 'depth_imb_k_mean_10s': -0.07803362027595397, 'depth_imb_k_mean_60s': 0.11961211685082869, 'dist_vwap_bps': None, 'hl_range_pct': None, 'oc_change_pct': None, 'volume_rel_20': None, 'atr_pct': None, 'position_in_range': None, 'rsi': None, 'bb_position': None, 'ret_3': None, 'ret_10': None, 'session_bucket': 2.0}"
2026-04-08|IONQ|2026-04-08T13:57:00-04:00|short|12,2026-04-08,IONQ,2026-04-08T13:57:00-04:00,short,12,0.34713074564933777,True,shadow,entry_next_bar_open_time_exit_at_selected_hold,29.54,29.69,14.77,"{'pressure_k': 0.0, 'spread': 0.00999999999999801, 'depth_imb_k': 0.03791879660078794, 'micro_off': 0.002500000000001279, 'spread_mean_10s': 0.012499999999988631, 'depth_imb_k_mean_10s': -0.09400678058611017, 'depth_imb_k_mean_60s': -0.1511244311498806, 'dist_vwap_bps': None, 'hl_range_pct': None, 'oc_change_pct': None, 'volume_rel_20': None, 'atr_pct': None, 'position_in_range': None, 'rsi': None, 'bb_position': None, 'ret_3': None, 'ret_10': None, 'session_bucket': 2.0}"
2026-04-08|IONQ|2026-04-08T13:58:00-04:00|long|12,2026-04-08,IONQ,2026-04-08T13:58:00-04:00,long,12,0.3368712365627289,True,shadow,entry_next_bar_open_time_exit_at_selected_hold,29.5,29.35,44.25,"{'pressure_k': 0.0, 'spread': 0.010000000000001563, 'depth_imb_k': -0.35222049262888017, 'micro_off': -0.0016666666666687036, 'spread_mean_10s': 0.01736842105261578, 'depth_imb_k_mean_10s': -0.14380491762985434, 'depth_imb_k_mean_60s': -0.10158512872548271, 'dist_vwap_bps': None, 'hl_range_pct': None, 'oc_change_pct': None, 'volume_rel_20': None, 'atr_pct': None, 'position_in_range': None, 'rsi': None, 'bb_position': None, 'ret_3': None, 'ret_10': None, 'session_bucket': 2.0}"
2026-04-08|IONQ|2026-04-08T13:59:00-04:00|long|12,2026-04-08,IONQ,2026-04-08T13:59:00-04:00,long,12,0.3065001368522644,True,shadow,entry_next_bar_open_time_exit_at_selected_hold,29.505,29.36,44.26,"{'pressure_k': 0.0, 'spread': 0.020000000000003126, 'depth_imb_k': -0.33443525039525285, 'micro_off': 0.0, 'spread_mean_10s': 0.017894736842088987, 'depth_imb_k_mean_10s': -0.3555664372701968, 'depth_imb_k_mean_60s': -0.11222954359613506, 'dist_vwap_bps': None, 'hl_range_pct': None, 'oc_change_pct': None, 'volume_rel_20': None, 'atr_pct': None, 'position_in_range': None, 'rsi': None, 'bb_position': None, 'ret_3': None, 'ret_10': None, 'session_bucket': 2.0}"
2026-04-08|IONQ|2026-04-08T14:00:00-04:00|short|12,2026-04-08,IONQ,2026-04-08T14:00:00-04:00,short,12,0.3378787040710449,True,shadow,entry_next_bar_open_time_exit_at_selected_hold,29.54,29.69,14.77,"{'pressure_k': 0.0, 'spread': 0.019999999999999574, 'depth_imb_k': -0.11212269415497285, 'micro_off': 0.0, 'spread_mean_10s': 0.015789473684196167, 'depth_imb_k_mean_10s': -0.10904672750189093, 'depth_imb_k_mean_60s': -0.2694217605670322, 'dist_vwap_bps': None, 'hl_range_pct': None, 'oc_change_pct': None, 'volume_rel_20': None, 'atr_pct': None, 'position_in_range': None, 'rsi': None, 'bb_position': None, 'ret_3': None, 'ret_10': None, 'session_bucket': 2.0}"
2026-04-08|IONQ|2026-04-08T14:01:00-04:00|short|12,2026-04-08,IONQ,2026-04-08T14:01:00-04:00,short,12,0.35610145330429077,True,shadow,entry_next_bar_open_time_exit_at_selected_hold,29.54,29.69,14.77,"{'pressure_k': 0.0, 'spread': 0.019999999999999574, 'depth_imb_k': 0.28958633643471804, 'micro_off': 0.007142857142856229, 'spread_mean_10s': 0.02078947368419162, 'depth_imb_k_mean_10s': 0.08296283419447024, 'depth_imb_k_mean_60s': -0.07697490801792795, 'dist_vwap_bps': None, 'hl_range_pct': None, 'oc_change_pct': None, 'volume_rel_20': None, 'atr_pct': None, 'position_in_range': None, 'rsi': None, 'bb_position': None, 'ret_3': None, 'ret_10': None, 'session_bucket': 2.0}"
2026-04-08|IONQ|2026-04-08T14:02:00-04:00|short|8,2026-04-08,IONQ,2026-04-08T14:02:00-04:00,short,8,0.3279527425765991,True,shadow,entry_next_bar_open_time_exit_at_selected_hold,29.61,29.76,14.8,"{'pressure_k': 0.0, 'spread': 0.020000000000003126, 'depth_imb_k': -0.09587145259532832, 'micro_off': 0.001428571428572667, 'spread_mean_10s': 0.017894736842088987, 'depth_imb_k_mean_10s': -0.06794294370565455, 'depth_imb_k_mean_60s': -0.022978998482426, 'dist_vwap_bps': None, 'hl_range_pct': None, 'oc_change_pct': None, 'volume_rel_20': None, 'atr_pct': None, 'position_in_range': None, 'rsi': None, 'bb_position': None, 'ret_3': None, 'ret_10': None, 'session_bucket': 2.0}"
2026-04-08|IONQ|2026-04-08T14:03:00-04:00|long|12,2026-04-08,IONQ,2026-04-08T14:03:00-04:00,long,12,0.3229561746120453,True,shadow,entry_next_bar_open_time_exit_at_selected_hold,29.6403,29.49,44.46,"{'pressure_k': 0.0, 'spread': 0.019999999999999574, 'depth_imb_k': -0.03760582299834432, 'micro_off': -0.0033333333333338544, 'spread_mean_10s': 0.018421052631562195, 'depth_imb_k_mean_10s': -0.03763995062915551, 'depth_imb_k_mean_60s': -0.0841426591160529, 'dist_vwap_bps': None, 'hl_range_pct': None, 'oc_change_pct': None, 'volume_rel_20': None, 'atr_pct': None, 'position_in_range': None, 'rsi': None, 'bb_position': None, 'ret_3': None, 'ret_10': None, 'session_bucket': 2.0}"
2026-04-08|IONQ|2026-04-08T14:04:00-04:00|short|8,2026-04-08,IONQ,2026-04-08T14:04:00-04:00,short,8,0.351814866065979,True,shadow,entry_next_bar_open_time_exit_at_selected_hold,29.67,29.82,14.84,"{'pressure_k': 0.0, 'spread': 0.019999999999999574, 'depth_imb_k': -0.3799012489108336, 'micro_off': -0.005000000000002558, 'spread_mean_10s': 0.019210526315772, 'depth_imb_k_mean_10s': -0.24952366138669085, 'depth_imb_k_mean_60s': -0.1361617626880772, 'dist_vwap_bps': None, 'hl_range_pct': None, 'oc_change_pct': None, 'volume_rel_20': None, 'atr_pct': None, 'position_in_range': None, 'rsi': None, 'bb_position': None, 'ret_3': None, 'ret_10': None, 'session_bucket': 2.0}"
2026-04-08|IONQ|2026-04-08T14:05:00-04:00|short|8,2026-04-08,IONQ,2026-04-08T14:05:00-04:00,short,8,0.3457888066768646,True,shadow,entry_next_bar_open_time_exit_at_selected_hold,29.724,29.87,14.86,"{'pressure_k': 0.0, 'spread': 0.019999999999999574, 'depth_imb_k': 0.042900089969498144, 'micro_off': 0.007142857142859782, 'spread_mean_10s': 0.0189473684210354, 'depth_imb_k_mean_10s': 0.07874663283873336, 'depth_imb_k_mean_60s': 0.03111858451249164, 'dist_vwap_bps': None, 'hl_range_pct': None, 'oc_change_pct': None, 'volume_rel_20': None, 'atr_pct': None, 'position_in_range': None, 'rsi': None, 'bb_position': None, 'ret_3': None, 'ret_10': None, 'session_bucket': 2.0}"
2026-04-08|IONQ|2026-04-08T14:06:00-04:00|short|12,2026-04-08,IONQ,2026-04-08T14:06:00-04:00,short,12,0.3465689718723297,True,shadow,entry_next_bar_open_time_exit_at_selected_hold,29.68,29.83,14.84,"{'pressure_k': 0.0, 'spread': 0.00999999999999801, 'depth_imb_k': -0.020982772256799974, 'micro_off': -0.0016666666666687036, 'spread_mean_10s': 0.015789473684196167, 'depth_imb_k_mean_10s': 0.02773403767898081, 'depth_imb_k_mean_60s': 0.019604306753443677, 'dist_vwap_bps': None, 'hl_range_pct': None, 'oc_change_pct': None, 'volume_rel_20': None, 'atr_pct': None, 'position_in_range': None, 'rsi': None, 'bb_position': None, 'ret_3': None, 'ret_10': None, 'session_bucket': 2.0}"
2026-04-08|IONQ|2026-04-08T14:07:00-04:00|long|12,2026-04-08,IONQ,2026-04-08T14:07:00-04:00,long,12,0.3212716579437256,True,shadow,entry_next_bar_open_time_exit_at_selected_hold,29.7,29.55,44.55,"{'pressure_k': 0.0, 'spread': 0.019999999999999574, 'depth_imb_k': -0.02847470940834323, 'micro_off': 0.0033333333333303017, 'spread_mean_10s': 0.015526315789459563, 'depth_imb_k_mean_10s': 0.02776672521691269, 'depth_imb_k_mean_60s': 0.05226307645707695, 'dist_vwap_bps': None, 'hl_range_pct': None, 'oc_change_pct': None, 'volume_rel_20': None, 'atr_pct': None, 'position_in_range': None, 'rsi': None, 'bb_position': None, 'ret_3': None, 'ret_10': None, 'session_bucket': 2.0}"
2026-04-08|IONQ|2026-04-08T14:08:00-04:00|long|8,2026-04-08,IONQ,2026-04-08T14:08:00-04:00,long,8,0.37236905097961426,True,shadow,entry_next_bar_open_time_exit_at_selected_hold,29.62,29.47,44.43,"{'pressure_k': 0.0, 'spread': 0.00999999999999801, 'depth_imb_k': -0.07474590891475291, 'micro_off': -0.0016666666666651508, 'spread_mean_10s': 0.016315789473669372, 'depth_imb_k_mean_10s': -0.07373528084306265, 'depth_imb_k_mean_60s': 0.028516909751051076, 'dist_vwap_bps': None, 'hl_range_pct': None, 'oc_change_pct': None, 'volume_rel_20': None, 'atr_pct': None, 'position_in_range': None, 'rsi': None, 'bb_position': None, 'ret_3': None, 'ret_10': None, 'session_bucket': 2.0}"
2026-04-08|IONQ|2026-04-08T14:09:00-04:00|long|8,2026-04-08,IONQ,2026-04-08T14:09:00-04:00,long,8,0.3667415976524353,True,shadow,entry_next_bar_open_time_exit_at_selected_hold,29.63,29.48,44.45,"{'pressure_k': 0.0, 'spread': 0.019999999999999574, 'depth_imb_k': -0.15849673202614378, 'micro_off': -0.006666666666667709, 'spread_mean_10s': 0.017631578947352386, 'depth_imb_k_mean_10s': -0.11534695722279689, 'depth_imb_k_mean_60s': -0.09474848658788103, 'dist_vwap_bps': None, 'hl_range_pct': None, 'oc_change_pct': None, 'volume_rel_20': None, 'atr_pct': None, 'position_in_range': None, 'rsi': None, 'bb_position': None, 'ret_3': None, 'ret_10': None, 'session_bucket': 2.0}"
2026-04-08|IONQ|2026-04-08T14:10:00-04:00|long|8,2026-04-08,IONQ,2026-04-08T14:10:00-04:00,long,8,0.3838314116001129,True,shadow,entry_next_bar_open_time_exit_at_selected_hold,29.59,29.44,44.38,"{'pressure_k': 0.0, 'spread': 0.019999999999999574, 'depth_imb_k': 0.19167831485875889, 'micro_off': 0.007500000000000284, 'spread_mean_10s': 0.012631578947356933, 'depth_imb_k_mean_10s': -0.03881203134559846, 'depth_imb_k_mean_60s': -0.13394615376083863, 'dist_vwap_bps': None, 'hl_range_pct': None, 'oc_change_pct': None, 'volume_rel_20': None, 'atr_pct': None, 'position_in_range': None, 'rsi': None, 'bb_position': None, 'ret_3': None, 'ret_10': None, 'session_bucket': 2.0}"
2026-04-08|IONQ|2026-04-08T14:11:00-04:00|long|8,2026-04-08,IONQ,2026-04-08T14:11:00-04:00,long,8,0.38801267743110657,True,shadow,entry_next_bar_open_time_exit_at_selected_hold,29.6,29.45,44.4,"{'pressure_k': 0.0, 'spread': 0.020000000000003126, 'depth_imb_k': -0.376624503968254, 'micro_off': 0.0027272727272737995, 'spread_mean_10s': 0.01999999999998181, 'depth_imb_k_mean_10s': -0.38469163622436864, 'depth_imb_k_mean_60s': -0.20198082877626128, 'dist_vwap_bps': None, 'hl_range_pct': None, 'oc_change_pct': None, 'volume_rel_20': None, 'atr_pct': None, 'position_in_range': None, 'rsi': None, 'bb_position': None, 'ret_3': None, 'ret_10': None, 'session_bucket': 2.0}"
2026-04-08|IONQ|2026-04-08T14:12:00-04:00|long|8,2026-04-08,IONQ,2026-04-08T14:12:00-04:00,long,8,0.3926537036895752,True,shadow,entry_next_bar_open_time_exit_at_selected_hold,29.48,29.33,44.22,"{'pressure_k': 0.0, 'spread': 0.019999999999999574, 'depth_imb_k': -0.10411075836505125, 'micro_off': -0.0020000000000024443, 'spread_mean_10s': 0.01562499999998579, 'depth_imb_k_mean_10s': -0.10962998711348604, 'depth_imb_k_mean_60s': -0.10818294229555647, 'dist_vwap_bps': None, 'hl_range_pct': None, 'oc_change_pct': None, 'volume_rel_20': None, 'atr_pct': None, 'position_in_range': None, 'rsi': None, 'bb_position': None, 'ret_3': None, 'ret_10': None, 'session_bucket': 2.0}"
2026-04-08|IONQ|2026-04-08T14:13:00-04:00|long|8,2026-04-08,IONQ,2026-04-08T14:13:00-04:00,long,8,0.31518131494522095,True,shadow,entry_next_bar_open_time_exit_at_selected_hold,29.5,29.35,44.25,"{'pressure_k': 0.0, 'spread': 0.019999999999999574, 'depth_imb_k': -0.3944578016151902, 'micro_off': 0.0033333333333303017, 'spread_mean_10s': 0.01999999999998181, 'depth_imb_k_mean_10s': -0.15748353795143763, 'depth_imb_k_mean_60s': -0.3351094641797168, 'dist_vwap_bps': None, 'hl_range_pct': None, 'oc_change_pct': None, 'volume_rel_20': None, 'atr_pct': None, 'position_in_range': None, 'rsi': None, 'bb_position': None, 'ret_3': None, 'ret_10': None, 'session_bucket': 2.0}"
2026-04-08|IONQ|2026-04-08T14:14:00-04:00|long|8,2026-04-08,IONQ,2026-04-08T14:14:00-04:00,long,8,0.3231307864189148,True,shadow,entry_next_bar_open_time_exit_at_selected_hold,29.525,29.38,44.29,"{'pressure_k': 0.0, 'spread': 0.00999999999999801, 'depth_imb_k': -0.14347415795586527, 'micro_off': 0.0035714285714263383, 'spread_mean_10s': 0.010263157894727508, 'depth_imb_k_mean_10s': -0.20494906918193728, 'depth_imb_k_mean_60s': -0.11286901527370477, 'dist_vwap_bps': None, 'hl_range_pct': None, 'oc_change_pct': None, 'volume_rel_20': None, 'atr_pct': None, 'position_in_range': None, 'rsi': None, 'bb_position': None, 'ret_3': None, 'ret_10': None, 'session_bucket': 2.0}"
2026-04-08|IONQ|2026-04-08T14:15:00-04:00|short|12,2026-04-08,IONQ,2026-04-08T14:15:00-04:00,short,12,0.3392883837223053,True,shadow,entry_next_bar_open_time_exit_at_selected_hold,29.54,29.69,14.77,"{'pressure_k': 0.0, 'spread': 0.019999999999999574, 'depth_imb_k': -0.03636407596803636, 'micro_off': -0.004999999999999005, 'spread_mean_10s': 0.017894736842088987, 'depth_imb_k_mean_10s': 0.008719386362492131, 'depth_imb_k_mean_60s': -0.03228344365906165, 'dist_vwap_bps': None, 'hl_range_pct': None, 'oc_change_pct': None, 'volume_rel_20': None, 'atr_pct': None, 'position_in_range': None, 'rsi': None, 'bb_position': None, 'ret_3': None, 'ret_10': None, 'session_bucket': 2.0}"
2026-04-08|IONQ|2026-04-08T14:16:00-04:00|short|12,2026-04-08,IONQ,2026-04-08T14:16:00-04:00,short,12,0.3525278866291046,True,shadow,entry_next_bar_open_time_exit_at_selected_hold,29.58,29.73,14.79,"{'pressure_k': 0.0, 'spread': 0.010000000000001563, 'depth_imb_k': -0.25062193141387307, 'micro_off': 0.0016666666666651508, 'spread_mean_10s': 0.017027027027011542, 'depth_imb_k_mean_10s': -0.2308948319382703, 'depth_imb_k_mean_60s': -0.15942804475633124, 'dist_vwap_bps': None, 'hl_range_pct': None, 'oc_change_pct': None, 'volume_rel_20': None, 'atr_pct': None, 'position_in_range': None, 'rsi': None, 'bb_position': None, 'ret_3': None, 'ret_10': None, 'session_bucket': 2.0}"
2026-04-08|IONQ|2026-04-08T14:17:00-04:00|long|8,2026-04-08,IONQ,2026-04-08T14:17:00-04:00,long,8,0.3910859525203705,True,shadow,entry_next_bar_open_time_exit_at_selected_hold,29.41,29.26,44.12,"{'pressure_k': 0.0, 'spread': 0.010000000000001563, 'depth_imb_k': 0.14748708905403704, 'micro_off': 0.0, 'spread_mean_10s': 0.015526315789459563, 'depth_imb_k_mean_10s': 0.05592383804116707, 'depth_imb_k_mean_60s': -0.04002498781110302, 'dist_vwap_bps': None, 'hl_range_pct': None, 'oc_change_pct': None, 'volume_rel_20': None, 'atr_pct': None, 'position_in_range': None, 'rsi': None, 'bb_position': None, 'ret_3': None, 'ret_10': None, 'session_bucket': 2.0}"
2026-04-08|IONQ|2026-04-08T14:18:00-04:00|long|8,2026-04-08,IONQ,2026-04-08T14:18:00-04:00,long,8,0.4059842526912689,True,shadow,entry_next_bar_open_time_exit_at_selected_hold,29.25,29.1,43.88,"{'pressure_k': 0.0, 'spread': 0.010000000000001563, 'depth_imb_k': 0.6057278197281203, 'micro_off': -0.0012499999999988631, 'spread_mean_10s': 0.017894736842088987, 'depth_imb_k_mean_10s': 0.3264171691631346, 'depth_imb_k_mean_60s': 0.14614179388830456, 'dist_vwap_bps': None, 'hl_range_pct': None, 'oc_change_pct': None, 'volume_rel_20': None, 'atr_pct': None, 'position_in_range': None, 'rsi': None, 'bb_position': None, 'ret_3': None, 'ret_10': None, 'session_bucket': 2.0}"
2026-04-08|IONQ|2026-04-08T14:19:00-04:00|long|12,2026-04-08,IONQ,2026-04-08T14:19:00-04:00,long,12,0.3677911162376404,True,shadow,entry_next_bar_open_time_exit_at_selected_hold,29.14,28.99,43.71,"{'pressure_k': 0.0, 'spread': 0.00999999999999801, 'depth_imb_k': -0.019395351848255325, 'micro_off': 0.0007142857142845571, 'spread_mean_10s': 0.017894736842088987, 'depth_imb_k_mean_10s': -0.22566172347951338, 'depth_imb_k_mean_60s': -0.06941641583183203, 'dist_vwap_bps': None, 'hl_range_pct': None, 'oc_change_pct': None, 'volume_rel_20': None, 'atr_pct': None, 'position_in_range': None, 'rsi': None, 'bb_position': None, 'ret_3': None, 'ret_10': None, 'session_bucket': 2.0}"
2026-04-08|IONQ|2026-04-08T14:20:00-04:00|long|12,2026-04-08,IONQ,2026-04-08T14:20:00-04:00,long,12,0.38380804657936096,True,shadow,entry_next_bar_open_time_exit_at_selected_hold,29.12,28.97,43.68,"{'pressure_k': 0.0, 'spread': 0.019999999999999574, 'depth_imb_k': -0.24598386417392995, 'micro_off': -0.0033333333333338544, 'spread_mean_10s': 0.014999999999986358, 'depth_imb_k_mean_10s': 0.030440862675522783, 'depth_imb_k_mean_60s': 0.07138171859102611, 'dist_vwap_bps': None, 'hl_range_pct': None, 'oc_change_pct': None, 'volume_rel_20': None, 'atr_pct': None, 'position_in_range': None, 'rsi': None, 'bb_position': None, 'ret_3': None, 'ret_10': None, 'session_bucket': 2.0}"
2026-04-08|IONQ|2026-04-08T14:21:00-04:00|long|8,2026-04-08,IONQ,2026-04-08T14:21:00-04:00,long,8,0.3540593087673187,True,shadow,entry_next_bar_open_time_exit_at_selected_hold,29.08,28.93,43.62,"{'pressure_k': 0.0, 'spread': 0.019999999999999574, 'depth_imb_k': -0.1309875481434394, 'micro_off': 0.004999999999999005, 'spread_mean_10s': 0.01999999999998181, 'depth_imb_k_mean_10s': 0.020068231224292122, 'depth_imb_k_mean_60s': 0.017931969757125188, 'dist_vwap_bps': None, 'hl_range_pct': None, 'oc_change_pct': None, 'volume_rel_20': None, 'atr_pct': None, 'position_in_range': None, 'rsi': None, 'bb_position': None, 'ret_3': None, 'ret_10': None, 'session_bucket': 2.0}"
2026-04-08|IONQ|2026-04-08T14:22:00-04:00|long|8,2026-04-08,IONQ,2026-04-08T14:22:00-04:00,long,8,0.3799646496772766,True,shadow,entry_next_bar_open_time_exit_at_selected_hold,29.01,28.86,43.52,"{'pressure_k': 0.0, 'spread': 0.019999999999999574, 'depth_imb_k': 0.2661000683825515, 'micro_off': 0.007777777777778994, 'spread_mean_10s': 0.016842105263142577, 'depth_imb_k_mean_10s': 0.4797585821632394, 'depth_imb_k_mean_60s': 0.3844184719879889, 'dist_vwap_bps': None, 'hl_range_pct': None, 'oc_change_pct': None, 'volume_rel_20': None, 'atr_pct': None, 'position_in_range': None, 'rsi': None, 'bb_position': None, 'ret_3': None, 'ret_10': None, 'session_bucket': 2.0}"
2026-04-08|IONQ|2026-04-08T14:23:00-04:00|long|8,2026-04-08,IONQ,2026-04-08T14:23:00-04:00,long,8,0.44142743945121765,True,shadow,entry_next_bar_open_time_exit_at_selected_hold,29.0,28.86,43.5,"{'pressure_k': 0.0, 'spread': 0.010000000000001563, 'depth_imb_k': -0.019390257387616513, 'micro_off': 0.003999999999997783, 'spread_mean_10s': 0.015492957746464782, 'depth_imb_k_mean_10s': 0.0160519399998815, 'depth_imb_k_mean_60s': 0.0380441784739689, 'dist_vwap_bps': None, 'hl_range_pct': None, 'oc_change_pct': None, 'volume_rel_20': None, 'atr_pct': None, 'position_in_range': None, 'rsi': None, 'bb_position': None, 'ret_3': None, 'ret_10': None, 'session_bucket': 2.0}"
2026-04-08|IONQ|2026-04-08T14:24:00-04:00|long|8,2026-04-08,IONQ,2026-04-08T14:24:00-04:00,long,8,0.41918236017227173,True,shadow,entry_next_bar_open_time_exit_at_selected_hold,28.96,28.82,43.44,"{'pressure_k': 0.0, 'spread': 0.00999999999999801, 'depth_imb_k': -0.35435320608822185, 'micro_off': -0.0016666666666651508, 'spread_mean_10s': 0.009999999999990905, 'depth_imb_k_mean_10s': -0.21714770545152437, 'depth_imb_k_mean_60s': 0.08481815075100309, 'dist_vwap_bps': None, 'hl_range_pct': None, 'oc_change_pct': None, 'volume_rel_20': None, 'atr_pct': None, 'position_in_range': None, 'rsi': None, 'bb_position': None, 'ret_3': None, 'ret_10': None, 'session_bucket': 2.0}"
2026-04-08|IONQ|2026-04-08T14:25:00-04:00|long|8,2026-04-08,IONQ,2026-04-08T14:25:00-04:00,long,8,0.40070033073425293,True,shadow,entry_next_bar_open_time_exit_at_selected_hold,28.9,28.76,43.35,"{'pressure_k': 0.0, 'spread': 0.010000000000001563, 'depth_imb_k': -0.000578283240165478, 'micro_off': -0.0007142857142881098, 'spread_mean_10s': 0.015774647887309597, 'depth_imb_k_mean_10s': -0.08712913144504326, 'depth_imb_k_mean_60s': -0.018556629654352317, 'dist_vwap_bps': None, 'hl_range_pct': None, 'oc_change_pct': None, 'volume_rel_20': None, 'atr_pct': None, 'position_in_range': None, 'rsi': None, 'bb_position': None, 'ret_3': None, 'ret_10': None, 'session_bucket': 2.0}"
2026-04-08|IONQ|2026-04-08T14:26:00-04:00|long|8,2026-04-08,IONQ,2026-04-08T14:26:00-04:00,long,8,0.4166194796562195,True,shadow,entry_next_bar_open_time_exit_at_selected_hold,28.925,28.78,43.39,"{'pressure_k': 0.0, 'spread': 0.019999999999999574, 'depth_imb_k': 0.03510666526791279, 'micro_off': -0.0009090909090900823, 'spread_mean_10s': 0.016486486486471493, 'depth_imb_k_mean_10s': 0.022566877497970258, 'depth_imb_k_mean_60s': 0.027641138762807233, 'dist_vwap_bps': None, 'hl_range_pct': None, 'oc_change_pct': None, 'volume_rel_20': None, 'atr_pct': None, 'position_in_range': None, 'rsi': None, 'bb_position': None, 'ret_3': None, 'ret_10': None, 'session_bucket': 2.0}"
2026-04-08|IONQ|2026-04-08T14:27:00-04:00|long|8,2026-04-08,IONQ,2026-04-08T14:27:00-04:00,long,8,0.40955761075019836,True,shadow,entry_next_bar_open_time_exit_at_selected_hold,28.905,28.76,43.36,"{'pressure_k': 0.0, 'spread': 0.010000000000001563, 'depth_imb_k': -0.111736066623959, 'micro_off': -0.0007142857142881098, 'spread_mean_10s': 0.01052631578946411, 'depth_imb_k_mean_10s': 0.013166934306199389, 'depth_imb_k_mean_60s': -0.008464693935611568, 'dist_vwap_bps': None, 'hl_range_pct': None, 'oc_change_pct': None, 'volume_rel_20': None, 'atr_pct': None, 'position_in_range': None, 'rsi': None, 'bb_position': None, 'ret_3': None, 'ret_10': None, 'session_bucket': 2.0}"
2026-04-08|IONQ|2026-04-08T14:28:00-04:00|long|8,2026-04-08,IONQ,2026-04-08T14:28:00-04:00,long,8,0.3893648087978363,True,shadow,entry_next_bar_open_time_exit_at_selected_hold,28.93,28.79,43.39,"{'pressure_k': 0.0, 'spread': 0.019999999999999574, 'depth_imb_k': 0.1797810119695321, 'micro_off': 0.007500000000000284, 'spread_mean_10s': 0.014999999999986358, 'depth_imb_k_mean_10s': 0.07763980495240885, 'depth_imb_k_mean_60s': 0.04941379434418903, 'dist_vwap_bps': None, 'hl_range_pct': None, 'oc_change_pct': None, 'volume_rel_20': None, 'atr_pct': None, 'position_in_range': None, 'rsi': None, 'bb_position': None, 'ret_3': None, 'ret_10': None, 'session_bucket': 2.0}"
2026-04-08|IONQ|2026-04-08T14:29:00-04:00|long|8,2026-04-08,IONQ,2026-04-08T14:29:00-04:00,long,8,0.40297600626945496,True,shadow,entry_next_bar_open_time_exit_at_selected_hold,28.895,28.75,43.34,"{'pressure_k': 0.0, 'spread': 0.019999999999999574, 'depth_imb_k': 0.3070323160382068, 'micro_off': 0.001428571428572667, 'spread_mean_10s': 0.013636363636351234, 'depth_imb_k_mean_10s': 0.2784961301200507, 'depth_imb_k_mean_60s': 0.16965163485772675, 'dist_vwap_bps': None, 'hl_range_pct': None, 'oc_change_pct': None, 'volume_rel_20': None, 'atr_pct': None, 'position_in_range': None, 'rsi': None, 'bb_position': None, 'ret_3': None, 'ret_10': None, 'session_bucket': 2.0}"
2026-04-08|IONQ|2026-04-08T14:30:00-04:00|short|12,2026-04-08,IONQ,2026-04-08T14:30:00-04:00,short,12,0.3582710325717926,True,shadow,entry_next_bar_open_time_exit_at_selected_hold,28.93,29.07,14.46,"{'pressure_k': 0.0, 'spread': 0.010000000000001563, 'depth_imb_k': -0.20806358023484003, 'micro_off': -0.0030000000000036664, 'spread_mean_10s': 0.01710526315787918, 'depth_imb_k_mean_10s': 0.11270959252408375, 'depth_imb_k_mean_60s': 0.20337382324992784, 'dist_vwap_bps': None, 'hl_range_pct': None, 'oc_change_pct': None, 'volume_rel_20': None, 'atr_pct': None, 'position_in_range': None, 'rsi': None, 'bb_position': None, 'ret_3': None, 'ret_10': None, 'session_bucket': 2.0}"
2026-04-08|IONQ|2026-04-08T14:31:00-04:00|short|12,2026-04-08,IONQ,2026-04-08T14:31:00-04:00,short,12,0.3375355899333954,True,shadow,entry_next_bar_open_time_exit_at_selected_hold,28.92,29.06,14.46,"{'pressure_k': 0.0, 'spread': 0.019999999999999574, 'depth_imb_k': 0.0740868811255219, 'micro_off': 0.000769230769229523, 'spread_mean_10s': 0.015789473684196167, 'depth_imb_k_mean_10s': 0.10453412942748448, 'depth_imb_k_mean_60s': 0.007285419431662531, 'dist_vwap_bps': None, 'hl_range_pct': None, 'oc_change_pct': None, 'volume_rel_20': None, 'atr_pct': None, 'position_in_range': None, 'rsi': None, 'bb_position': None, 'ret_3': None, 'ret_10': None, 'session_bucket': 2.0}"
2026-04-08|IONQ|2026-04-08T14:32:00-04:00|long|8,2026-04-08,IONQ,2026-04-08T14:32:00-04:00,long,8,0.40796178579330444,True,shadow,entry_next_bar_open_time_exit_at_selected_hold,28.875,28.73,43.31,"{'pressure_k': 0.0, 'spread': 0.00999999999999801, 'depth_imb_k': 0.05825783404191739, 'micro_off': 0.0, 'spread_mean_10s': 0.010263157894727508, 'depth_imb_k_mean_10s': -0.20460406659275887, 'depth_imb_k_mean_60s': 0.00937963330237633, 'dist_vwap_bps': None, 'hl_range_pct': None, 'oc_change_pct': None, 'volume_rel_20': None, 'atr_pct': None, 'position_in_range': None, 'rsi': None, 'bb_position': None, 'ret_3': None, 'ret_10': None, 'session_bucket': 2.0}"
2026-04-08|IONQ|2026-04-08T14:33:00-04:00|long|8,2026-04-08,IONQ,2026-04-08T14:33:00-04:00,long,8,0.3930577337741852,True,shadow,entry_next_bar_open_time_exit_at_selected_hold,28.87,28.73,43.3,"{'pressure_k': 0.0, 'spread': 0.010000000000001563, 'depth_imb_k': 0.12762195826188932, 'micro_off': -3.552713678800501e-15, 'spread_mean_10s': 0.01264705882351791, 'depth_imb_k_mean_10s': 0.09492028431041637, 'depth_imb_k_mean_60s': -0.03582039702375534, 'dist_vwap_bps': None, 'hl_range_pct': None, 'oc_change_pct': None, 'volume_rel_20': None, 'atr_pct': None, 'position_in_range': None, 'rsi': None, 'bb_position': None, 'ret_3': None, 'ret_10': None, 'session_bucket': 2.0}"
2026-04-08|IONQ|2026-04-08T14:34:00-04:00|long|8,2026-04-08,IONQ,2026-04-08T14:34:00-04:00,long,8,0.40384605526924133,True,shadow,entry_next_bar_open_time_exit_at_selected_hold,28.875,28.73,43.31,"{'pressure_k': 0.0, 'spread': 0.00999999999999801, 'depth_imb_k': 0.189945239823184, 'micro_off': 0.0, 'spread_mean_10s': 0.017631578947352386, 'depth_imb_k_mean_10s': 0.08447554488463395, 'depth_imb_k_mean_60s': 0.04300581109352412, 'dist_vwap_bps': None, 'hl_range_pct': None, 'oc_change_pct': None, 'volume_rel_20': None, 'atr_pct': None, 'position_in_range': None, 'rsi': None, 'bb_position': None, 'ret_3': None, 'ret_10': None, 'session_bucket': 2.0}"
2026-04-08|IONQ|2026-04-08T14:35:00-04:00|long|8,2026-04-08,IONQ,2026-04-08T14:35:00-04:00,long,8,0.35662174224853516,True,shadow,entry_next_bar_open_time_exit_at_selected_hold,28.875,28.73,43.31,"{'pressure_k': 0.0, 'spread': 0.010000000000001563, 'depth_imb_k': -0.05513069859073371, 'micro_off': 3.552713678800501e-15, 'spread_mean_10s': 0.009999999999990905, 'depth_imb_k_mean_10s': 0.038609652292148224, 'depth_imb_k_mean_60s': -0.04795914733343259, 'dist_vwap_bps': None, 'hl_range_pct': None, 'oc_change_pct': None, 'volume_rel_20': None, 'atr_pct': None, 'position_in_range': None, 'rsi': None, 'bb_position': None, 'ret_3': None, 'ret_10': None, 'session_bucket': 2.0}"
2026-04-08|IONQ|2026-04-08T14:36:00-04:00|short|12,2026-04-08,IONQ,2026-04-08T14:36:00-04:00,short,12,0.3600371181964874,True,shadow,entry_next_bar_open_time_exit_at_selected_hold,28.8716,29.02,14.44,"{'pressure_k': 0.0, 'spread': 0.00999999999999801, 'depth_imb_k': 0.09264809794530987, 'micro_off': -0.002142857142857224, 'spread_mean_10s': 0.012432432432421125, 'depth_imb_k_mean_10s': -0.03589114065777255, 'depth_imb_k_mean_60s': 0.027766990191913372, 'dist_vwap_bps': None, 'hl_range_pct': None, 'oc_change_pct': None, 'volume_rel_20': None, 'atr_pct': None, 'position_in_range': None, 'rsi': None, 'bb_position': None, 'ret_3': None, 'ret_10': None, 'session_bucket': 2.0}"
2026-04-08|IONQ|2026-04-08T14:37:00-04:00|long|12,2026-04-08,IONQ,2026-04-08T14:37:00-04:00,long,12,0.36027657985687256,True,shadow,entry_next_bar_open_time_exit_at_selected_hold,28.845,28.7,43.27,"{'pressure_k': 0.0, 'spread': 0.010000000000001563, 'depth_imb_k': 0.08425721923562762, 'micro_off': 0.0022727272727287584, 'spread_mean_10s': 0.011052631578937317, 'depth_imb_k_mean_10s': -0.008946441965732495, 'depth_imb_k_mean_60s': 0.03916206400253636, 'dist_vwap_bps': None, 'hl_range_pct': None, 'oc_change_pct': None, 'volume_rel_20': None, 'atr_pct': None, 'position_in_range': None, 'rsi': None, 'bb_position': None, 'ret_3': None, 'ret_10': None, 'session_bucket': 2.0}"
2026-04-08|IONQ|2026-04-08T14:38:00-04:00|long|12,2026-04-08,IONQ,2026-04-08T14:38:00-04:00,long,12,0.29871058464050293,True,shadow,entry_next_bar_open_time_exit_at_selected_hold,28.855,28.71,43.28,"{'pressure_k': 0.0, 'spread': 0.00999999999999801, 'depth_imb_k': 0.1738807571082031, 'micro_off': 0.002500000000001279, 'spread_mean_10s': 0.014999999999986358, 'depth_imb_k_mean_10s': 0.12131124943311988, 'depth_imb_k_mean_60s': 0.024873334260027732, 'dist_vwap_bps': None, 'hl_range_pct': None, 'oc_change_pct': None, 'volume_rel_20': None, 'atr_pct': None, 'position_in_range': None, 'rsi': None, 'bb_position': None, 'ret_3': None, 'ret_10': None, 'session_bucket': 2.0}"
2026-04-08|IONQ|2026-04-08T14:39:00-04:00|short|12,2026-04-08,IONQ,2026-04-08T14:39:00-04:00,short,12,0.33022570610046387,True,shadow,entry_next_bar_open_time_exit_at_selected_hold,28.82,28.96,14.41,"{'pressure_k': 0.0, 'spread': 0.00999999999999801, 'depth_imb_k': 0.10396577974334807, 'micro_off': 0.0010000000000012221, 'spread_mean_10s': 0.016315789473669372, 'depth_imb_k_mean_10s': 0.16287515953819676, 'depth_imb_k_mean_60s': 0.09596391714431007, 'dist_vwap_bps': None, 'hl_range_pct': None, 'oc_change_pct': None, 'volume_rel_20': None, 'atr_pct': None, 'position_in_range': None, 'rsi': None, 'bb_position': None, 'ret_3': None, 'ret_10': None, 'session_bucket': 2.0}"
2026-04-08|IONQ|2026-04-08T14:40:00-04:00|long|8,2026-04-08,IONQ,2026-04-08T14:40:00-04:00,long,8,0.354024738073349,True,shadow,entry_next_bar_open_time_exit_at_selected_hold,28.775,28.63,43.16,"{'pressure_k': 0.0, 'spread': 0.019999999999999574, 'depth_imb_k': 0.11622323020332634, 'micro_off': -0.0027272727272737995, 'spread_mean_10s': 0.01027027027026093, 'depth_imb_k_mean_10s': -0.013525386872061063, 'depth_imb_k_mean_60s': 0.07832438025830504, 'dist_vwap_bps': None, 'hl_range_pct': None, 'oc_change_pct': None, 'volume_rel_20': None, 'atr_pct': None, 'position_in_range': None, 'rsi': None, 'bb_position': None, 'ret_3': None, 'ret_10': None, 'session_bucket': 2.0}"
2026-04-08|IONQ|2026-04-08T14:41:00-04:00|short|12,2026-04-08,IONQ,2026-04-08T14:41:00-04:00,short,12,0.3245808184146881,True,shadow,entry_next_bar_open_time_exit_at_selected_hold,28.77,28.91,14.38,"{'pressure_k': 0.0, 'spread': 0.010000000000001563, 'depth_imb_k': -0.012724478815564143, 'micro_off': 0.0, 'spread_mean_10s': 0.009999999999990905, 'depth_imb_k_mean_10s': 0.18264231057553545, 'depth_imb_k_mean_60s': 0.10330430062323312, 'dist_vwap_bps': None, 'hl_range_pct': None, 'oc_change_pct': None, 'volume_rel_20': None, 'atr_pct': None, 'position_in_range': None, 'rsi': None, 'bb_position': None, 'ret_3': None, 'ret_10': None, 'session_bucket': 2.0}"
2026-04-08|IONQ|2026-04-08T14:42:00-04:00|short|12,2026-04-08,IONQ,2026-04-08T14:42:00-04:00,short,12,0.3818714916706085,True,shadow,entry_next_bar_open_time_exit_at_selected_hold,28.815,28.96,14.41,"{'pressure_k': 0.0, 'spread': 0.010000000000001563, 'depth_imb_k': 0.06833019178410077, 'micro_off': 3.552713678800501e-15, 'spread_mean_10s': 0.011842105263147124, 'depth_imb_k_mean_10s': -0.009870727362561794, 'depth_imb_k_mean_60s': 0.05970623250219491, 'dist_vwap_bps': None, 'hl_range_pct': None, 'oc_change_pct': None, 'volume_rel_20': None, 'atr_pct': None, 'position_in_range': None, 'rsi': None, 'bb_position': None, 'ret_3': None, 'ret_10': None, 'session_bucket': 2.0}"
2026-04-08|IONQ|2026-04-08T14:43:00-04:00|short|12,2026-04-08,IONQ,2026-04-08T14:43:00-04:00,short,12,0.3546234369277954,True,shadow,entry_next_bar_open_time_exit_at_selected_hold,28.76,28.9,14.38,"{'pressure_k': 0.0, 'spread': 0.019999999999999574, 'depth_imb_k': 0.27217975864232924, 'micro_off': 0.0028571428571382285, 'spread_mean_10s': 0.013421052631566741, 'depth_imb_k_mean_10s': 0.37803950089083793, 'depth_imb_k_mean_60s': 0.11747888943756152, 'dist_vwap_bps': None, 'hl_range_pct': None, 'oc_change_pct': None, 'volume_rel_20': None, 'atr_pct': None, 'position_in_range': None, 'rsi': None, 'bb_position': None, 'ret_3': None, 'ret_10': None, 'session_bucket': 2.0}"
2026-04-08|IONQ|2026-04-08T14:44:00-04:00|long|12,2026-04-08,IONQ,2026-04-08T14:44:00-04:00,long,12,0.372566819190979,True,shadow,entry_next_bar_open_time_exit_at_selected_hold,28.765,28.62,43.15,"{'pressure_k': 0.0, 'spread': 0.00999999999999801, 'depth_imb_k': -0.3048169556840077, 'micro_off': 0.0, 'spread_mean_10s': 0.01236842105262033, 'depth_imb_k_mean_10s': -0.03030785737899135, 'depth_imb_k_mean_60s': 0.05151197903642846, 'dist_vwap_bps': None, 'hl_range_pct': None, 'oc_change_pct': None, 'volume_rel_20': None, 'atr_pct': None, 'position_in_range': None, 'rsi': None, 'bb_position': None, 'ret_3': None, 'ret_10': None, 'session_bucket': 2.0}"
2026-04-08|IONQ|2026-04-08T14:45:00-04:00|long|12,2026-04-08,IONQ,2026-04-08T14:45:00-04:00,long,12,0.3535509407520294,True,shadow,entry_next_bar_open_time_exit_at_selected_hold,28.7407,28.6,43.11,"{'pressure_k': 0.0, 'spread': 0.010000000000001563, 'depth_imb_k': 0.02166550684295987, 'micro_off': 0.0016666666666687036, 'spread_mean_10s': 0.014736842105249755, 'depth_imb_k_mean_10s': 0.08336896982332052, 'depth_imb_k_mean_60s': 0.004199846087366106, 'dist_vwap_bps': None, 'hl_range_pct': None, 'oc_change_pct': None, 'volume_rel_20': None, 'atr_pct': None, 'position_in_range': None, 'rsi': None, 'bb_position': None, 'ret_3': None, 'ret_10': None, 'session_bucket': 2.0}"
2026-04-08|IONQ|2026-04-08T14:46:00-04:00|short|12,2026-04-08,IONQ,2026-04-08T14:46:00-04:00,short,12,0.3372851014137268,True,shadow,entry_next_bar_open_time_exit_at_selected_hold,28.78,28.92,14.39,"{'pressure_k': 0.0, 'spread': 0.00999999999999801, 'depth_imb_k': -0.018077209064202737, 'micro_off': -0.0010000000000012221, 'spread_mean_10s': 0.012894736842093536, 'depth_imb_k_mean_10s': -0.14810281917871299, 'depth_imb_k_mean_60s': -0.0852391930701322, 'dist_vwap_bps': None, 'hl_range_pct': None, 'oc_change_pct': None, 'volume_rel_20': None, 'atr_pct': None, 'position_in_range': None, 'rsi': None, 'bb_position': None, 'ret_3': None, 'ret_10': None, 'session_bucket': 2.0}"
2026-04-08|IONQ|2026-04-08T14:47:00-04:00|short|12,2026-04-08,IONQ,2026-04-08T14:47:00-04:00,short,12,0.366806298494339,True,shadow,entry_next_bar_open_time_exit_at_selected_hold,28.85,28.99,14.43,"{'pressure_k': 0.0, 'spread': 0.019999999999999574, 'depth_imb_k': 0.16926095487246567, 'micro_off': 0.0, 'spread_mean_10s': 0.013421052631566741, 'depth_imb_k_mean_10s': 0.059043446971157355, 'depth_imb_k_mean_60s': 0.048031145893619155, 'dist_vwap_bps': None, 'hl_range_pct': None, 'oc_change_pct': None, 'volume_rel_20': None, 'atr_pct': None, 'position_in_range': None, 'rsi': None, 'bb_position': None, 'ret_3': None, 'ret_10': None, 'session_bucket': 2.0}"
2026-04-08|IONQ|2026-04-08T14:48:00-04:00|short|12,2026-04-08,IONQ,2026-04-08T14:48:00-04:00,short,12,0.3837515711784363,True,shadow,entry_next_bar_open_time_exit_at_selected_hold,28.795,28.94,14.4,"{'pressure_k': 0.0, 'spread': 0.00999999999999801, 'depth_imb_k': 0.016914671360787444, 'micro_off': -0.002500000000001279, 'spread_mean_10s': 0.014736842105249755, 'depth_imb_k_mean_10s': 0.12563279746776565, 'depth_imb_k_mean_60s': 0.0960139049426059, 'dist_vwap_bps': None, 'hl_range_pct': None, 'oc_change_pct': None, 'volume_rel_20': None, 'atr_pct': None, 'position_in_range': None, 'rsi': None, 'bb_position': None, 'ret_3': None, 'ret_10': None, 'session_bucket': 2.0}"
2026-04-08|IONQ|2026-04-08T14:49:00-04:00|short|12,2026-04-08,IONQ,2026-04-08T14:49:00-04:00,short,12,0.3070560395717621,True,shadow,entry_next_bar_open_time_exit_at_selected_hold,28.82,28.96,14.41,"{'pressure_k': 0.0, 'spread': 0.019999999999999574, 'depth_imb_k': 0.2685911808669656, 'micro_off': 0.0073333333333316375, 'spread_mean_10s': 0.010317460317450934, 'depth_imb_k_mean_10s': 0.16913202505779304, 'depth_imb_k_mean_60s': 0.09568919409521791, 'dist_vwap_bps': None, 'hl_range_pct': None, 'oc_change_pct': None, 'volume_rel_20': None, 'atr_pct': None, 'position_in_range': None, 'rsi': None, 'bb_position': None, 'ret_3': None, 'ret_10': None, 'session_bucket': 2.0}"
2026-04-08|IONQ|2026-04-08T14:50:00-04:00|short|12,2026-04-08,IONQ,2026-04-08T14:50:00-04:00,short,12,0.35601675510406494,True,shadow,entry_next_bar_open_time_exit_at_selected_hold,28.85,28.99,14.43,"{'pressure_k': 0.0, 'spread': 0.010000000000001563, 'depth_imb_k': 0.20861151427189162, 'micro_off': -0.0016666666666651508, 'spread_mean_10s': 0.013421052631566741, 'depth_imb_k_mean_10s': 0.17355334231982206, 'depth_imb_k_mean_60s': 0.25029516632409976, 'dist_vwap_bps': None, 'hl_range_pct': None, 'oc_change_pct': None, 'volume_rel_20': None, 'atr_pct': None, 'position_in_range': None, 'rsi': None, 'bb_position': None, 'ret_3': None, 'ret_10': None, 'session_bucket': 2.0}"
2026-04-08|IONQ|2026-04-08T14:51:00-04:00|long|8,2026-04-08,IONQ,2026-04-08T14:51:00-04:00,long,8,0.3360998332500458,True,shadow,entry_next_bar_open_time_exit_at_selected_hold,28.83,28.69,43.24,"{'pressure_k': 0.0, 'spread': 0.019999999999999574, 'depth_imb_k': 0.32243965696659854, 'micro_off': 0.007500000000000284, 'spread_mean_10s': 0.01083333333332348, 'depth_imb_k_mean_10s': 0.08935871127909678, 'depth_imb_k_mean_60s': 0.17712339927823795, 'dist_vwap_bps': None, 'hl_range_pct': None, 'oc_change_pct': None, 'volume_rel_20': None, 'atr_pct': None, 'position_in_range': None, 'rsi': None, 'bb_position': None, 'ret_3': None, 'ret_10': None, 'session_bucket': 2.0}"
2026-04-08|IONQ|2026-04-08T14:52:00-04:00|long|8,2026-04-08,IONQ,2026-04-08T14:52:00-04:00,long,8,0.34834080934524536,True,shadow,entry_next_bar_open_time_exit_at_selected_hold,28.85,28.71,43.28,"{'pressure_k': 0.0, 'spread': 0.020000000000003126, 'depth_imb_k': -0.12561304162543607, 'micro_off': 0.004285714285714448, 'spread_mean_10s': 0.01526315789472296, 'depth_imb_k_mean_10s': 0.05745983354326032, 'depth_imb_k_mean_60s': 0.08665529978537734, 'dist_vwap_bps': None, 'hl_range_pct': None, 'oc_change_pct': None, 'volume_rel_20': None, 'atr_pct': None, 'position_in_range': None, 'rsi': None, 'bb_position': None, 'ret_3': None, 'ret_10': None, 'session_bucket': 2.0}"
2026-04-08|IONQ|2026-04-08T14:53:00-04:00|long|8,2026-04-08,IONQ,2026-04-08T14:53:00-04:00,long,8,0.3861106038093567,True,shadow,entry_next_bar_open_time_exit_at_selected_hold,28.8106,28.67,43.22,"{'pressure_k': 0.0, 'spread': 0.00999999999999801, 'depth_imb_k': 0.19235685849596415, 'micro_off': -0.0016666666666651508, 'spread_mean_10s': 0.015945945945931444, 'depth_imb_k_mean_10s': 0.11245263433870237, 'depth_imb_k_mean_60s': 0.037854702345015694, 'dist_vwap_bps': None, 'hl_range_pct': None, 'oc_change_pct': None, 'volume_rel_20': None, 'atr_pct': None, 'position_in_range': None, 'rsi': None, 'bb_position': None, 'ret_3': None, 'ret_10': None, 'session_bucket': 2.0}"
2026-04-08|IONQ|2026-04-08T14:54:00-04:00|long|8,2026-04-08,IONQ,2026-04-08T14:54:00-04:00,long,8,0.3264562487602234,True,shadow,entry_next_bar_open_time_exit_at_selected_hold,28.83,28.69,43.24,"{'pressure_k': 0.0, 'spread': 0.019999999999999574, 'depth_imb_k': -0.0007587637209772877, 'micro_off': -0.005999999999996675, 'spread_mean_10s': 0.013684210526303343, 'depth_imb_k_mean_10s': 0.0014019922433291005, 'depth_imb_k_mean_60s': 0.09361211215070497, 'dist_vwap_bps': None, 'hl_range_pct': None, 'oc_change_pct': None, 'volume_rel_20': None, 'atr_pct': None, 'position_in_range': None, 'rsi': None, 'bb_position': None, 'ret_3': None, 'ret_10': None, 'session_bucket': 2.0}"
2026-04-08|IONQ|2026-04-08T14:55:00-04:00|long|12,2026-04-08,IONQ,2026-04-08T14:55:00-04:00,long,12,0.4052495062351227,True,shadow,entry_next_bar_open_time_exit_at_selected_hold,28.75,28.61,43.12,"{'pressure_k': 0.0, 'spread': 0.019999999999999574, 'depth_imb_k': -0.0363625077591558, 'micro_off': -0.007500000000003837, 'spread_mean_10s': 0.013421052631566741, 'depth_imb_k_mean_10s': 0.04515738073005076, 'depth_imb_k_mean_60s': 0.18296118742005, 'dist_vwap_bps': None, 'hl_range_pct': None, 'oc_change_pct': None, 'volume_rel_20': None, 'atr_pct': None, 'position_in_range': None, 'rsi': None, 'bb_position': None, 'ret_3': None, 'ret_10': None, 'session_bucket': 2.0}"
2026-04-08|IONQ|2026-04-08T14:56:00-04:00|long|8,2026-04-08,IONQ,2026-04-08T14:56:00-04:00,long,8,0.3628472089767456,True,shadow,entry_next_bar_open_time_exit_at_selected_hold,28.7169,28.57,43.08,"{'pressure_k': 0.0, 'spread': 0.019999999999999574, 'depth_imb_k': -0.10693138279345175, 'micro_off': -0.005555555555556424, 'spread_mean_10s': 0.013157894736830138, 'depth_imb_k_mean_10s': -0.05480494011518251, 'depth_imb_k_mean_60s': 0.06349464225399919, 'dist_vwap_bps': None, 'hl_range_pct': None, 'oc_change_pct': None, 'volume_rel_20': None, 'atr_pct': None, 'position_in_range': None, 'rsi': None, 'bb_position': None, 'ret_3': None, 'ret_10': None, 'session_bucket': 2.0}"
2026-04-08|IONQ|2026-04-08T14:57:00-04:00|long|8,2026-04-08,IONQ,2026-04-08T14:57:00-04:00,long,8,0.3563368320465088,True,shadow,entry_next_bar_open_time_exit_at_selected_hold,28.71,28.57,43.06,"{'pressure_k': 0.0, 'spread': 0.00999999999999801, 'depth_imb_k': -0.05051138094616355, 'micro_off': 0.0, 'spread_mean_10s': 0.012105263157883727, 'depth_imb_k_mean_10s': -0.1682092758722553, 'depth_imb_k_mean_60s': -0.08420611715034758, 'dist_vwap_bps': None, 'hl_range_pct': None, 'oc_change_pct': None, 'volume_rel_20': None, 'atr_pct': None, 'position_in_range': None, 'rsi': None, 'bb_position': None, 'ret_3': None, 'ret_10': None, 'session_bucket': 2.0}"
2026-04-08|IONQ|2026-04-08T14:58:00-04:00|long|8,2026-04-08,IONQ,2026-04-08T14:58:00-04:00,long,8,0.3596958518028259,True,shadow,entry_next_bar_open_time_exit_at_selected_hold,28.695,28.55,43.04,"{'pressure_k': 0.0, 'spread': 0.019999999999999574, 'depth_imb_k': -0.061941237971280434, 'micro_off': 0.005000000000002558, 'spread_mean_10s': 0.014473684210513153, 'depth_imb_k_mean_10s': -0.061124957351272484, 'depth_imb_k_mean_60s': -0.11445885681963983, 'dist_vwap_bps': None, 'hl_range_pct': None, 'oc_change_pct': None, 'volume_rel_20': None, 'atr_pct': None, 'position_in_range': None, 'rsi': None, 'bb_position': None, 'ret_3': None, 'ret_10': None, 'session_bucket': 2.0}"
2026-04-08|IONQ|2026-04-08T14:59:00-04:00|long|12,2026-04-08,IONQ,2026-04-08T14:59:00-04:00,long,12,0.3569105267524719,True,shadow,entry_next_bar_open_time_exit_at_selected_hold,28.62,28.48,42.93,"{'pressure_k': 0.0, 'spread': 0.019999999999999574, 'depth_imb_k': 0.3678363863753403, 'micro_off': -3.552713678800501e-15, 'spread_mean_10s': 0.01999999999998181, 'depth_imb_k_mean_10s': 0.2857345275134487, 'depth_imb_k_mean_60s': 0.08392975366309972, 'dist_vwap_bps': None, 'hl_range_pct': None, 'oc_change_pct': None, 'volume_rel_20': None, 'atr_pct': None, 'position_in_range': None, 'rsi': None, 'bb_position': None, 'ret_3': None, 'ret_10': None, 'session_bucket': 2.0}"
2026-04-08|IONQ|2026-04-08T15:00:00-04:00|long|8,2026-04-08,IONQ,2026-04-08T15:00:00-04:00,long,8,0.3668772876262665,True,shadow,entry_next_bar_open_time_exit_at_selected_hold,28.57,28.43,42.86,"{'pressure_k': 0.0, 'spread': 0.010000000000001563, 'depth_imb_k': 0.2532179420848816, 'micro_off': 0.0016666666666687036, 'spread_mean_10s': 0.012631578947356933, 'depth_imb_k_mean_10s': 0.1669658797060205, 'depth_imb_k_mean_60s': 0.036160716141855904, 'dist_vwap_bps': None, 'hl_range_pct': None, 'oc_change_pct': None, 'volume_rel_20': None, 'atr_pct': None, 'position_in_range': None, 'rsi': None, 'bb_position': None, 'ret_3': None, 'ret_10': None, 'session_bucket': 2.0}"
2026-04-08|IONQ|2026-04-08T15:01:00-04:00|long|8,2026-04-08,IONQ,2026-04-08T15:01:00-04:00,long,8,0.3348175883293152,True,shadow,entry_next_bar_open_time_exit_at_selected_hold,28.64,28.5,42.96,"{'pressure_k': 0.0, 'spread': 0.019999999999999574, 'depth_imb_k': 0.04286972098248171, 'micro_off': 0.0033333333333338544, 'spread_mean_10s': 0.013947368421039946, 'depth_imb_k_mean_10s': -0.019618289493809914, 'depth_imb_k_mean_60s': 0.05269444469462771, 'dist_vwap_bps': None, 'hl_range_pct': None, 'oc_change_pct': None, 'volume_rel_20': None, 'atr_pct': None, 'position_in_range': None, 'rsi': None, 'bb_position': None, 'ret_3': None, 'ret_10': None, 'session_bucket': 2.0}"
2026-04-08|IONQ|2026-04-08T15:02:00-04:00|long|12,2026-04-08,IONQ,2026-04-08T15:02:00-04:00,long,12,0.3785252273082733,True,shadow,entry_next_bar_open_time_exit_at_selected_hold,28.59,28.45,42.88,"{'pressure_k': 0.0, 'spread': 0.019999999999999574, 'depth_imb_k': 0.3523937949705086, 'micro_off': 0.006363636363637681, 'spread_mean_10s': 0.017297297297281567, 'depth_imb_k_mean_10s': 0.11312821690954614, 'depth_imb_k_mean_60s': 0.032167753440429166, 'dist_vwap_bps': None, 'hl_range_pct': None, 'oc_change_pct': None, 'volume_rel_20': None, 'atr_pct': None, 'position_in_range': None, 'rsi': None, 'bb_position': None, 'ret_3': None, 'ret_10': None, 'session_bucket': 2.0}"
2026-04-08|IONQ|2026-04-08T15:03:00-04:00|long|8,2026-04-08,IONQ,2026-04-08T15:03:00-04:00,long,8,0.3865322768688202,True,shadow,entry_next_bar_open_time_exit_at_selected_hold,28.56,28.42,42.84,"{'pressure_k': 0.0, 'spread': 0.019999999999999574, 'depth_imb_k': 0.266196788648245, 'micro_off': 0.007142857142856229, 'spread_mean_10s': 0.016315789473669372, 'depth_imb_k_mean_10s': 0.19111944347874718, 'depth_imb_k_mean_60s': 0.09123154376155947, 'dist_vwap_bps': None, 'hl_range_pct': None, 'oc_change_pct': None, 'volume_rel_20': None, 'atr_pct': None, 'position_in_range': None, 'rsi': None, 'bb_position': None, 'ret_3': None, 'ret_10': None, 'session_bucket': 2.0}"
2026-04-08|IONQ|2026-04-08T15:04:00-04:00|long|8,2026-04-08,IONQ,2026-04-08T15:04:00-04:00,long,8,0.36970028281211853,True,shadow,entry_next_bar_open_time_exit_at_selected_hold,28.56,28.42,42.84,"{'pressure_k': 0.0, 'spread': 0.00999999999999801, 'depth_imb_k': 0.11937643565465852, 'micro_off': 0.0016666666666687036, 'spread_mean_10s': 0.010789473684200713, 'depth_imb_k_mean_10s': -0.08945732109926116, 'depth_imb_k_mean_60s': 0.09374622270823743, 'dist_vwap_bps': None, 'hl_range_pct': None, 'oc_change_pct': None, 'volume_rel_20': None, 'atr_pct': None, 'position_in_range': None, 'rsi': None, 'bb_position': None, 'ret_3': None, 'ret_10': None, 'session_bucket': 2.0}"
2026-04-08|IONQ|2026-04-08T15:05:00-04:00|long|12,2026-04-08,IONQ,2026-04-08T15:05:00-04:00,long,12,0.3954770565032959,True,shadow,entry_next_bar_open_time_exit_at_selected_hold,28.56,28.42,42.84,"{'pressure_k': 0.0, 'spread': 0.010000000000001563, 'depth_imb_k': -0.04214279984540104, 'micro_off': 0.0033333333333338544, 'spread_mean_10s': 0.01194444444443358, 'depth_imb_k_mean_10s': -0.014485286780083269, 'depth_imb_k_mean_60s': 0.01993049505893298, 'dist_vwap_bps': None, 'hl_range_pct': None, 'oc_change_pct': None, 'volume_rel_20': None, 'atr_pct': None, 'position_in_range': None, 'rsi': None, 'bb_position': None, 'ret_3': None, 'ret_10': None, 'session_bucket': 2.0}"
2026-04-08|IONQ|2026-04-08T15:06:00-04:00|long|12,2026-04-08,IONQ,2026-04-08T15:06:00-04:00,long,12,0.4198637902736664,True,shadow,entry_next_bar_open_time_exit_at_selected_hold,28.52,28.38,42.78,"{'pressure_k': 0.0, 'spread': 0.010000000000001563, 'depth_imb_k': 0.7938526506919035, 'micro_off': 0.0, 'spread_mean_10s': 0.009999999999990905, 'depth_imb_k_mean_10s': 0.7314384174906812, 'depth_imb_k_mean_60s': 0.43710282000328426, 'dist_vwap_bps': None, 'hl_range_pct': None, 'oc_change_pct': None, 'volume_rel_20': None, 'atr_pct': None, 'position_in_range': None, 'rsi': None, 'bb_position': None, 'ret_3': None, 'ret_10': None, 'session_bucket': 2.0}"
2026-04-08|IONQ|2026-04-08T15:07:00-04:00|long|8,2026-04-08,IONQ,2026-04-08T15:07:00-04:00,long,8,0.39806467294692993,True,shadow,entry_next_bar_open_time_exit_at_selected_hold,28.605,28.46,42.91,"{'pressure_k': 0.0, 'spread': 0.00999999999999801, 'depth_imb_k': 0.1846312231697131, 'micro_off': 0.002142857142857224, 'spread_mean_10s': 0.016052631578932768, 'depth_imb_k_mean_10s': 0.007572134813355397, 'depth_imb_k_mean_60s': 0.19680705801843854, 'dist_vwap_bps': None, 'hl_range_pct': None, 'oc_change_pct': None, 'volume_rel_20': None, 'atr_pct': None, 'position_in_range': None, 'rsi': None, 'bb_position': None, 'ret_3': None, 'ret_10': None, 'session_bucket': 2.0}"
2026-04-08|IONQ|2026-04-08T15:08:00-04:00|long|8,2026-04-08,IONQ,2026-04-08T15:08:00-04:00,long,8,0.38336390256881714,True,shadow,entry_next_bar_open_time_exit_at_selected_hold,28.64,28.5,42.96,"{'pressure_k': 0.0, 'spread': 0.00999999999999801, 'depth_imb_k': 0.14761963261585015, 'micro_off': 0.002500000000001279, 'spread_mean_10s': 0.009999999999990905, 'depth_imb_k_mean_10s': 0.05351031613259082, 'depth_imb_k_mean_60s': 0.06621901597715205, 'dist_vwap_bps': None, 'hl_range_pct': None, 'oc_change_pct': None, 'volume_rel_20': None, 'atr_pct': None, 'position_in_range': None, 'rsi': None, 'bb_position': None, 'ret_3': None, 'ret_10': None, 'session_bucket': 2.0}"
2026-04-08|IONQ|2026-04-08T15:09:00-04:00|long|8,2026-04-08,IONQ,2026-04-08T15:09:00-04:00,long,8,0.3626400828361511,True,shadow,entry_next_bar_open_time_exit_at_selected_hold,28.66,28.52,42.99,"{'pressure_k': 0.0, 'spread': 0.010000000000001563, 'depth_imb_k': -0.14341614171511174, 'micro_off': 0.0012499999999988631, 'spread_mean_10s': 0.01052631578946411, 'depth_imb_k_mean_10s': -0.10727477399367565, 'depth_imb_k_mean_60s': 0.09580921008889341, 'dist_vwap_bps': None, 'hl_range_pct': None, 'oc_change_pct': None, 'volume_rel_20': None, 'atr_pct': None, 'position_in_range': None, 'rsi': None, 'bb_position': None, 'ret_3': None, 'ret_10': None, 'session_bucket': 2.0}"
2026-04-08|IONQ|2026-04-08T15:10:00-04:00|long|8,2026-04-08,IONQ,2026-04-08T15:10:00-04:00,long,8,0.41237467527389526,True,shadow,entry_next_bar_open_time_exit_at_selected_hold,28.715,28.57,43.07,"{'pressure_k': 0.0, 'spread': 0.019999999999999574, 'depth_imb_k': 0.2975967940964459, 'micro_off': 0.005000000000002558, 'spread_mean_10s': 0.013947368421039946, 'depth_imb_k_mean_10s': 0.08960863279118089, 'depth_imb_k_mean_60s': 0.05085407491649293, 'dist_vwap_bps': None, 'hl_range_pct': None, 'oc_change_pct': None, 'volume_rel_20': None, 'atr_pct': None, 'position_in_range': None, 'rsi': None, 'bb_position': None, 'ret_3': None, 'ret_10': None, 'session_bucket': 2.0}"
2026-04-08|IONQ|2026-04-08T15:11:00-04:00|short|8,2026-04-08,IONQ,2026-04-08T15:11:00-04:00,short,8,0.35936394333839417,True,shadow,entry_next_bar_open_time_exit_at_selected_hold,28.75,28.89,14.38,"{'pressure_k': 0.0, 'spread': 0.020000000000003126, 'depth_imb_k': 0.3698879010436799, 'micro_off': 0.006666666666667709, 'spread_mean_10s': 0.016842105263142577, 'depth_imb_k_mean_10s': 0.31219036440896425, 'depth_imb_k_mean_60s': 0.17971409911345163, 'dist_vwap_bps': None, 'hl_range_pct': None, 'oc_change_pct': None, 'volume_rel_20': None, 'atr_pct': None, 'position_in_range': None, 'rsi': None, 'bb_position': None, 'ret_3': None, 'ret_10': None, 'session_bucket': 2.0}"
2026-04-08|IONQ|2026-04-08T15:12:00-04:00|short|12,2026-04-08,IONQ,2026-04-08T15:12:00-04:00,short,12,0.37280285358428955,True,shadow,entry_next_bar_open_time_exit_at_selected_hold,28.735,28.88,14.37,"{'pressure_k': 0.0, 'spread': 0.00999999999999801, 'depth_imb_k': 0.07621151271753682, 'micro_off': 0.0, 'spread_mean_10s': 0.009999999999990905, 'depth_imb_k_mean_10s': 0.08918257786116687, 'depth_imb_k_mean_60s': 0.18891199349330035, 'dist_vwap_bps': None, 'hl_range_pct': None, 'oc_change_pct': None, 'volume_rel_20': None, 'atr_pct': None, 'position_in_range': None, 'rsi': None, 'bb_position': None, 'ret_3': None, 'ret_10': None, 'session_bucket': 2.0}"
2026-04-08|IONQ|2026-04-08T15:13:00-04:00|short|8,2026-04-08,IONQ,2026-04-08T15:13:00-04:00,short,8,0.34066078066825867,True,shadow,entry_next_bar_open_time_exit_at_selected_hold,28.72,28.86,14.36,"{'pressure_k': 0.0, 'spread': 0.010000000000001563, 'depth_imb_k': 0.07635555377024376, 'micro_off': 0.0, 'spread_mean_10s': 0.011290322580634893, 'depth_imb_k_mean_10s': 0.06179643347677704, 'depth_imb_k_mean_60s': 0.09878623115170293, 'dist_vwap_bps': None, 'hl_range_pct': None, 'oc_change_pct': None, 'volume_rel_20': None, 'atr_pct': None, 'position_in_range': None, 'rsi': None, 'bb_position': None, 'ret_3': None, 'ret_10': None, 'session_bucket': 2.0}"
2026-04-08|IONQ|2026-04-08T15:14:00-04:00|long|12,2026-04-08,IONQ,2026-04-08T15:14:00-04:00,long,12,0.3257843852043152,True,shadow,entry_next_bar_open_time_exit_at_selected_hold,28.705,28.56,43.06,"{'pressure_k': 0.0, 'spread': 0.019999999999999574, 'depth_imb_k': -0.022825607405744717, 'micro_off': 0.0033333333333338544, 'spread_mean_10s': 0.012631578947356933, 'depth_imb_k_mean_10s': 0.105262722396961, 'depth_imb_k_mean_60s': 0.09574457876456785, 'dist_vwap_bps': None, 'hl_range_pct': None, 'oc_change_pct': None, 'volume_rel_20': None, 'atr_pct': None, 'position_in_range': None, 'rsi': None, 'bb_position': None, 'ret_3': None, 'ret_10': None, 'session_bucket': 2.0}"
2026-04-08|IONQ|2026-04-08T15:15:00-04:00|long|8,2026-04-08,IONQ,2026-04-08T15:15:00-04:00,long,8,0.3342073857784271,True,shadow,entry_next_bar_open_time_exit_at_selected_hold,28.715,28.57,43.07,"{'pressure_k': 0.0, 'spread': 0.019999999999999574, 'depth_imb_k': 0.2063162318753565, 'micro_off': 0.006363636363637681, 'spread_mean_10s': 0.010399999999990542, 'depth_imb_k_mean_10s': 0.11614243996736036, 'depth_imb_k_mean_60s': 0.13996697207658887, 'dist_vwap_bps': None, 'hl_range_pct': None, 'oc_change_pct': None, 'volume_rel_20': None, 'atr_pct': None, 'position_in_range': None, 'rsi': None, 'bb_position': None, 'ret_3': None, 'ret_10': None, 'session_bucket': 2.0}"
2026-04-08|IONQ|2026-04-08T15:16:00-04:00|long|12,2026-04-08,IONQ,2026-04-08T15:16:00-04:00,long,12,0.30773308873176575,True,shadow,entry_next_bar_open_time_exit_at_selected_hold,28.68,28.54,43.02,"{'pressure_k': 0.0, 'spread': 0.010000000000001563, 'depth_imb_k': -0.19199875397726007, 'micro_off': -0.002500000000001279, 'spread_mean_10s': 0.011052631578937317, 'depth_imb_k_mean_10s': 0.010264514000904288, 'depth_imb_k_mean_60s': 0.012886132562891919, 'dist_vwap_bps': None, 'hl_range_pct': None, 'oc_change_pct': None, 'volume_rel_20': None, 'atr_pct': None, 'position_in_range': None, 'rsi': None, 'bb_position': None, 'ret_3': None, 'ret_10': None, 'session_bucket': 2.0}"
2026-04-08|IONQ|2026-04-08T15:17:00-04:00|long|12,2026-04-08,IONQ,2026-04-08T15:17:00-04:00,long,12,0.3597584366798401,True,shadow,entry_next_bar_open_time_exit_at_selected_hold,28.65,28.51,42.97,"{'pressure_k': 0.0, 'spread': 0.019999999999999574, 'depth_imb_k': 0.2070207791352455, 'micro_off': 0.007500000000000284, 'spread_mean_10s': 0.012105263157883727, 'depth_imb_k_mean_10s': 0.02731931632549103, 'depth_imb_k_mean_60s': 0.029541038025176696, 'dist_vwap_bps': None, 'hl_range_pct': None, 'oc_change_pct': None, 'volume_rel_20': None, 'atr_pct': None, 'position_in_range': None, 'rsi': None, 'bb_position': None, 'ret_3': None, 'ret_10': None, 'session_bucket': 2.0}"
2026-04-08|IONQ|2026-04-08T15:18:00-04:00|long|12,2026-04-08,IONQ,2026-04-08T15:18:00-04:00,long,12,0.3146762549877167,True,shadow,entry_next_bar_open_time_exit_at_selected_hold,28.6481,28.5,42.97,"{'pressure_k': 0.0, 'spread': 0.00999999999999801, 'depth_imb_k': -0.15311200127805358, 'micro_off': -0.0030000000000001137, 'spread_mean_10s': 0.011891891891881076, 'depth_imb_k_mean_10s': -0.10211272540779824, 'depth_imb_k_mean_60s': 0.00940691633125214, 'dist_vwap_bps': None, 'hl_range_pct': None, 'oc_change_pct': None, 'volume_rel_20': None, 'atr_pct': None, 'position_in_range': None, 'rsi': None, 'bb_position': None, 'ret_3': None, 'ret_10': None, 'session_bucket': 2.0}"
2026-04-08|IONQ|2026-04-08T15:19:00-04:00|short|12,2026-04-08,IONQ,2026-04-08T15:19:00-04:00,short,12,0.3601280748844147,True,shadow,entry_next_bar_open_time_exit_at_selected_hold,28.72,28.86,14.36,"{'pressure_k': 0.0, 'spread': 0.010000000000001563, 'depth_imb_k': 0.11581214226151443, 'micro_off': 0.0016666666666651508, 'spread_mean_10s': 0.01236842105262033, 'depth_imb_k_mean_10s': 0.04239739713465509, 'depth_imb_k_mean_60s': 0.05246581630888895, 'dist_vwap_bps': None, 'hl_range_pct': None, 'oc_change_pct': None, 'volume_rel_20': None, 'atr_pct': None, 'position_in_range': None, 'rsi': None, 'bb_position': None, 'ret_3': None, 'ret_10': None, 'session_bucket': 2.0}"
2026-04-08|IONQ|2026-04-08T15:20:00-04:00|short|12,2026-04-08,IONQ,2026-04-08T15:20:00-04:00,short,12,0.3499034345149994,True,shadow,entry_next_bar_open_time_exit_at_selected_hold,28.7199,28.86,14.36,"{'pressure_k': 0.0, 'spread': 0.019999999999999574, 'depth_imb_k': -0.039150292656139084, 'micro_off': -0.007777777777775441, 'spread_mean_10s': 0.015526315789459563, 'depth_imb_k_mean_10s': -0.07431013091002563, 'depth_imb_k_mean_60s': -0.042334067406381744, 'dist_vwap_bps': None, 'hl_range_pct': None, 'oc_change_pct': None, 'volume_rel_20': None, 'atr_pct': None, 'position_in_range': None, 'rsi': None, 'bb_position': None, 'ret_3': None, 'ret_10': None, 'session_bucket': 2.0}"
2026-04-08|IONQ|2026-04-08T15:21:00-04:00|short|12,2026-04-08,IONQ,2026-04-08T15:21:00-04:00,short,12,0.3575810492038727,True,shadow,entry_next_bar_open_time_exit_at_selected_hold,28.68,28.82,14.34,"{'pressure_k': 0.0, 'spread': 0.010000000000001563, 'depth_imb_k': 0.06609721374822046, 'micro_off': -0.0007142857142881098, 'spread_mean_10s': 0.010789473684200713, 'depth_imb_k_mean_10s': 0.1161522592168422, 'depth_imb_k_mean_60s': 0.016930838244883173, 'dist_vwap_bps': None, 'hl_range_pct': None, 'oc_change_pct': None, 'volume_rel_20': None, 'atr_pct': None, 'position_in_range': None, 'rsi': None, 'bb_position': None, 'ret_3': None, 'ret_10': None, 'session_bucket': 2.0}"
2026-04-08|IONQ|2026-04-08T15:22:00-04:00|short|3,2026-04-08,IONQ,2026-04-08T15:22:00-04:00,short,3,0.37222376465797424,True,shadow,entry_next_bar_open_time_exit_at_selected_hold,28.68,28.82,14.34,"{'pressure_k': 0.0, 'spread': 0.00999999999999801, 'depth_imb_k': -0.05512619746527272, 'micro_off': 0.0016666666666651508, 'spread_mean_10s': 0.011111111111101005, 'depth_imb_k_mean_10s': -0.02709642915070434, 'depth_imb_k_mean_60s': 0.2737364420576429, 'dist_vwap_bps': None, 'hl_range_pct': None, 'oc_change_pct': None, 'volume_rel_20': None, 'atr_pct': None, 'position_in_range': None, 'rsi': None, 'bb_position': None, 'ret_3': None, 'ret_10': None, 'session_bucket': 2.0}"
2026-04-08|IONQ|2026-04-08T15:23:00-04:00|short|8,2026-04-08,IONQ,2026-04-08T15:23:00-04:00,short,8,0.3923614025115967,True,shadow,entry_next_bar_open_time_exit_at_selected_hold,28.74,28.88,14.37,"{'pressure_k': 0.0, 'spread': 0.00999999999999801, 'depth_imb_k': 0.03519118076571734, 'micro_off': 0.0010000000000012221, 'spread_mean_10s': 0.010540540540530954, 'depth_imb_k_mean_10s': 0.004456153171911164, 'depth_imb_k_mean_60s': 0.01634924842427244, 'dist_vwap_bps': None, 'hl_range_pct': None, 'oc_change_pct': None, 'volume_rel_20': None, 'atr_pct': None, 'position_in_range': None, 'rsi': None, 'bb_position': None, 'ret_3': None, 'ret_10': None, 'session_bucket': 2.0}"
2026-04-08|IONQ|2026-04-08T15:24:00-04:00|short|8,2026-04-08,IONQ,2026-04-08T15:24:00-04:00,short,8,0.3600250482559204,True,shadow,entry_next_bar_open_time_exit_at_selected_hold,28.73,28.87,14.37,"{'pressure_k': 0.0, 'spread': 0.019999999999999574, 'depth_imb_k': -0.20050114846523281, 'micro_off': -0.006363636363634129, 'spread_mean_10s': 0.011351351351341027, 'depth_imb_k_mean_10s': -0.13941812272467488, 'depth_imb_k_mean_60s': 0.0004955050950906831, 'dist_vwap_bps': None, 'hl_range_pct': None, 'oc_change_pct': None, 'volume_rel_20': None, 'atr_pct': None, 'position_in_range': None, 'rsi': None, 'bb_position': None, 'ret_3': None, 'ret_10': None, 'session_bucket': 2.0}"
2026-04-08|IONQ|2026-04-08T15:25:00-04:00|short|8,2026-04-08,IONQ,2026-04-08T15:25:00-04:00,short,8,0.3580625057220459,True,shadow,entry_next_bar_open_time_exit_at_selected_hold,28.745,28.89,14.37,"{'pressure_k': 0.0, 'spread': 0.010000000000001563, 'depth_imb_k': 0.3327672842169731, 'micro_off': 0.0016666666666687036, 'spread_mean_10s': 0.012631578947356933, 'depth_imb_k_mean_10s': 0.321924556388811, 'depth_imb_k_mean_60s': 0.18681938055244096, 'dist_vwap_bps': None, 'hl_range_pct': None, 'oc_change_pct': None, 'volume_rel_20': None, 'atr_pct': None, 'position_in_range': None, 'rsi': None, 'bb_position': None, 'ret_3': None, 'ret_10': None, 'session_bucket': 2.0}"
2026-04-08|IONQ|2026-04-08T15:26:00-04:00|short|8,2026-04-08,IONQ,2026-04-08T15:26:00-04:00,short,8,0.3543701767921448,True,shadow,entry_next_bar_open_time_exit_at_selected_hold,28.715,28.86,14.36,"{'pressure_k': 0.0, 'spread': 0.00999999999999801, 'depth_imb_k': 0.09756030926426795, 'micro_off': 0.0010000000000012221, 'spread_mean_10s': 0.011666666666656056, 'depth_imb_k_mean_10s': -0.05688083221943956, 'depth_imb_k_mean_60s': 0.1303457362892011, 'dist_vwap_bps': None, 'hl_range_pct': None, 'oc_change_pct': None, 'volume_rel_20': None, 'atr_pct': None, 'position_in_range': None, 'rsi': None, 'bb_position': None, 'ret_3': None, 'ret_10': None, 'session_bucket': 2.0}"
2026-04-08|IONQ|2026-04-08T15:27:00-04:00|long|12,2026-04-08,IONQ,2026-04-08T15:27:00-04:00,long,12,0.30885085463523865,True,shadow,entry_next_bar_open_time_exit_at_selected_hold,28.7,28.56,43.05,"{'pressure_k': 0.0, 'spread': 0.010000000000001563, 'depth_imb_k': 0.05826661930653843, 'micro_off': 0.0, 'spread_mean_10s': 0.009999999999990905, 'depth_imb_k_mean_10s': 0.0030751105154997057, 'depth_imb_k_mean_60s': -0.013814439266401532, 'dist_vwap_bps': None, 'hl_range_pct': None, 'oc_change_pct': None, 'volume_rel_20': None, 'atr_pct': None, 'position_in_range': None, 'rsi': None, 'bb_position': None, 'ret_3': None, 'ret_10': None, 'session_bucket': 2.0}"
2026-04-08|IONQ|2026-04-08T15:28:00-04:00|short|12,2026-04-08,IONQ,2026-04-08T15:28:00-04:00,short,12,0.3085190951824188,True,shadow,entry_next_bar_open_time_exit_at_selected_hold,28.71,28.85,14.36,"{'pressure_k': 0.0, 'spread': 0.00999999999999801, 'depth_imb_k': -0.1384881396228454, 'micro_off': -0.002500000000001279, 'spread_mean_10s': 0.009999999999990905, 'depth_imb_k_mean_10s': -0.09025772300209293, 'depth_imb_k_mean_60s': -0.06526255581604903, 'dist_vwap_bps': None, 'hl_range_pct': None, 'oc_change_pct': None, 'volume_rel_20': None, 'atr_pct': None, 'position_in_range': None, 'rsi': None, 'bb_position': None, 'ret_3': None, 'ret_10': None, 'session_bucket': 2.0}"
2026-04-08|IONQ|2026-04-08T15:29:00-04:00|short|12,2026-04-08,IONQ,2026-04-08T15:29:00-04:00,short,12,0.32845303416252136,True,shadow,entry_next_bar_open_time_exit_at_selected_hold,28.72,28.86,14.36,"{'pressure_k': 0.0, 'spread': 0.010000000000001563, 'depth_imb_k': 0.09035664096623496, 'micro_off': 0.0, 'spread_mean_10s': 0.013333333333321207, 'depth_imb_k_mean_10s': 0.12675863860241698, 'depth_imb_k_mean_60s': 0.06551084580535883, 'dist_vwap_bps': None, 'hl_range_pct': None, 'oc_change_pct': None, 'volume_rel_20': None, 'atr_pct': None, 'position_in_range': None, 'rsi': None, 'bb_position': None, 'ret_3': None, 'ret_10': None, 'session_bucket': 2.0}"
2026-04-08|IONQ|2026-04-08T15:30:00-04:00|short|8,2026-04-08,IONQ,2026-04-08T15:30:00-04:00,short,8,0.3302501142024994,True,shadow,entry_next_bar_open_time_exit_at_selected_hold,28.79,28.93,14.39,"{'pressure_k': 0.0, 'spread': 0.00999999999999801, 'depth_imb_k': -0.4077899692568915, 'micro_off': -0.0010000000000012221, 'spread_mean_10s': 0.011081081081071004, 'depth_imb_k_mean_10s': -0.08798397763403629, 'depth_imb_k_mean_60s': -0.09115623958086463, 'dist_vwap_bps': None, 'hl_range_pct': None, 'oc_change_pct': None, 'volume_rel_20': None, 'atr_pct': None, 'position_in_range': None, 'rsi': None, 'bb_position': None, 'ret_3': None, 'ret_10': None, 'session_bucket': 2.0}"
2026-04-08|IONQ|2026-04-08T15:31:00-04:00|short|8,2026-04-08,IONQ,2026-04-08T15:31:00-04:00,short,8,0.3243274390697479,True,shadow,entry_next_bar_open_time_exit_at_selected_hold,28.8,28.94,14.4,"{'pressure_k': 0.0, 'spread': 0.010000000000001563, 'depth_imb_k': -0.11168700886139442, 'micro_off': 0.0016666666666651508, 'spread_mean_10s': 0.009999999999990905, 'depth_imb_k_mean_10s': -0.01961130337973905, 'depth_imb_k_mean_60s': -0.001507798683982264, 'dist_vwap_bps': None, 'hl_range_pct': None, 'oc_change_pct': None, 'volume_rel_20': None, 'atr_pct': None, 'position_in_range': None, 'rsi': None, 'bb_position': None, 'ret_3': None, 'ret_10': None, 'session_bucket': 3.0}"
2026-04-08|IONQ|2026-04-08T15:32:00-04:00|short|8,2026-04-08,IONQ,2026-04-08T15:32:00-04:00,short,8,0.3559071719646454,True,shadow,entry_next_bar_open_time_exit_at_selected_hold,28.865,29.01,14.43,"{'pressure_k': 0.0, 'spread': 0.010000000000001563, 'depth_imb_k': 0.023788397346516246, 'micro_off': -0.0016666666666687036, 'spread_mean_10s': 0.009999999999990905, 'depth_imb_k_mean_10s': 0.0780580283818245, 'depth_imb_k_mean_60s': 0.058994732050590415, 'dist_vwap_bps': None, 'hl_range_pct': None, 'oc_change_pct': None, 'volume_rel_20': None, 'atr_pct': None, 'position_in_range': None, 'rsi': None, 'bb_position': None, 'ret_3': None, 'ret_10': None, 'session_bucket': 3.0}"
2026-04-08|IONQ|2026-04-08T15:33:00-04:00|short|8,2026-04-08,IONQ,2026-04-08T15:33:00-04:00,short,8,0.3698694407939911,True,shadow,entry_next_bar_open_time_exit_at_selected_hold,28.9299,29.07,14.46,"{'pressure_k': 0.0, 'spread': 0.00999999999999801, 'depth_imb_k': -0.02189201118140356, 'micro_off': 0.0, 'spread_mean_10s': 0.015833333333318933, 'depth_imb_k_mean_10s': 0.07180952258560719, 'depth_imb_k_mean_60s': -0.020729302624630463, 'dist_vwap_bps': None, 'hl_range_pct': None, 'oc_change_pct': None, 'volume_rel_20': None, 'atr_pct': None, 'position_in_range': None, 'rsi': None, 'bb_position': None, 'ret_3': None, 'ret_10': None, 'session_bucket': 3.0}"
2026-04-08|IONQ|2026-04-08T15:34:00-04:00|short|12,2026-04-08,IONQ,2026-04-08T15:34:00-04:00,short,12,0.41886278986930847,True,shadow,entry_next_bar_open_time_exit_at_selected_hold,28.99,29.13,14.49,"{'pressure_k': 0.0, 'spread': 0.019999999999999574, 'depth_imb_k': -0.5513777934189689, 'micro_off': -0.00794871794872165, 'spread_mean_10s': 0.012894736842093536, 'depth_imb_k_mean_10s': -0.2568308855980161, 'depth_imb_k_mean_60s': -0.012595517648520115, 'dist_vwap_bps': None, 'hl_range_pct': None, 'oc_change_pct': None, 'volume_rel_20': None, 'atr_pct': None, 'position_in_range': None, 'rsi': None, 'bb_position': None, 'ret_3': None, 'ret_10': None, 'session_bucket': 3.0}"
2026-04-08|IONQ|2026-04-08T15:35:00-04:00|short|8,2026-04-08,IONQ,2026-04-08T15:35:00-04:00,short,8,0.345240980386734,True,shadow,entry_next_bar_open_time_exit_at_selected_hold,28.9936,29.14,14.5,"{'pressure_k': 0.0, 'spread': 0.00999999999999801, 'depth_imb_k': -0.1730096810256654, 'micro_off': -0.0009999999999976694, 'spread_mean_10s': 0.009999999999990905, 'depth_imb_k_mean_10s': -0.18041923928308878, 'depth_imb_k_mean_60s': -0.13916276386874568, 'dist_vwap_bps': None, 'hl_range_pct': None, 'oc_change_pct': None, 'volume_rel_20': None, 'atr_pct': None, 'position_in_range': None, 'rsi': None, 'bb_position': None, 'ret_3': None, 'ret_10': None, 'session_bucket': 3.0}"
2026-04-08|IONQ|2026-04-08T15:36:00-04:00|short|8,2026-04-08,IONQ,2026-04-08T15:36:00-04:00,short,8,0.3283308446407318,True,shadow,entry_next_bar_open_time_exit_at_selected_hold,29.02,29.17,14.51,"{'pressure_k': 0.0, 'spread': 0.00999999999999801, 'depth_imb_k': 0.022599775605064914, 'micro_off': 0.0, 'spread_mean_10s': 0.012105263157883727, 'depth_imb_k_mean_10s': -0.014021749908226267, 'depth_imb_k_mean_60s': -0.020429080664330683, 'dist_vwap_bps': None, 'hl_range_pct': None, 'oc_change_pct': None, 'volume_rel_20': None, 'atr_pct': None, 'position_in_range': None, 'rsi': None, 'bb_position': None, 'ret_3': None, 'ret_10': None, 'session_bucket': 3.0}"
2026-04-08|IONQ|2026-04-08T15:37:00-04:00|long|12,2026-04-08,IONQ,2026-04-08T15:37:00-04:00,long,12,0.317222535610199,True,shadow,entry_next_bar_open_time_exit_at_selected_hold,28.92,28.78,43.38,"{'pressure_k': 0.0, 'spread': 0.010000000000001563, 'depth_imb_k': 0.10149654101369476, 'micro_off': -0.0009999999999976694, 'spread_mean_10s': 0.012631578947356933, 'depth_imb_k_mean_10s': 0.09284613866360528, 'depth_imb_k_mean_60s': -0.018374952796712626, 'dist_vwap_bps': None, 'hl_range_pct': None, 'oc_change_pct': None, 'volume_rel_20': None, 'atr_pct': None, 'position_in_range': None, 'rsi': None, 'bb_position': None, 'ret_3': None, 'ret_10': None, 'session_bucket': 3.0}"
2026-04-08|IONQ|2026-04-08T15:38:00-04:00|long|8,2026-04-08,IONQ,2026-04-08T15:38:00-04:00,long,8,0.328865110874176,True,shadow,entry_next_bar_open_time_exit_at_selected_hold,28.88,28.74,43.32,"{'pressure_k': 0.0, 'spread': 0.00999999999999801, 'depth_imb_k': -0.09145109400175293, 'micro_off': -0.0031818181818188407, 'spread_mean_10s': 0.012608695652162445, 'depth_imb_k_mean_10s': 0.07080714169869705, 'depth_imb_k_mean_60s': 0.03733887028561879, 'dist_vwap_bps': None, 'hl_range_pct': None, 'oc_change_pct': None, 'volume_rel_20': None, 'atr_pct': None, 'position_in_range': None, 'rsi': None, 'bb_position': None, 'ret_3': None, 'ret_10': None, 'session_bucket': 3.0}"
2026-04-08|IONQ|2026-04-08T15:39:00-04:00|long|12,2026-04-08,IONQ,2026-04-08T15:39:00-04:00,long,12,0.3242044150829315,True,shadow,entry_next_bar_open_time_exit_at_selected_hold,28.89,28.75,43.34,"{'pressure_k': 0.0, 'spread': 0.00999999999999801, 'depth_imb_k': -0.298783449079695, 'micro_off': 0.0, 'spread_mean_10s': 0.01179104477610868, 'depth_imb_k_mean_10s': -0.2715555056231093, 'depth_imb_k_mean_60s': -0.07938949231350304, 'dist_vwap_bps': None, 'hl_range_pct': None, 'oc_change_pct': None, 'volume_rel_20': None, 'atr_pct': None, 'position_in_range': None, 'rsi': None, 'bb_position': None, 'ret_3': None, 'ret_10': None, 'session_bucket': 3.0}"
2026-04-08|IONQ|2026-04-08T15:40:00-04:00|long|12,2026-04-08,IONQ,2026-04-08T15:40:00-04:00,long,12,0.3314324915409088,True,shadow,entry_next_bar_open_time_exit_at_selected_hold,28.845,28.7,43.27,"{'pressure_k': 0.0, 'spread': 0.010000000000001563, 'depth_imb_k': 0.17017444466053896, 'micro_off': 0.002500000000001279, 'spread_mean_10s': 0.013684210526303343, 'depth_imb_k_mean_10s': 0.07223061746773403, 'depth_imb_k_mean_60s': -0.008734426900398416, 'dist_vwap_bps': None, 'hl_range_pct': None, 'oc_change_pct': None, 'volume_rel_20': None, 'atr_pct': None, 'position_in_range': None, 'rsi': None, 'bb_position': None, 'ret_3': None, 'ret_10': None, 'session_bucket': 3.0}"
2026-04-08|IONQ|2026-04-08T15:41:00-04:00|long|12,2026-04-08,IONQ,2026-04-08T15:41:00-04:00,long,12,0.341194212436676,True,shadow,entry_next_bar_open_time_exit_at_selected_hold,28.78,28.64,43.17,"{'pressure_k': 0.0, 'spread': 0.00999999999999801, 'depth_imb_k': 0.31852224251251304, 'micro_off': 0.0030000000000001137, 'spread_mean_10s': 0.018421052631562195, 'depth_imb_k_mean_10s': 0.17735008451984413, 'depth_imb_k_mean_60s': 0.14312147412115422, 'dist_vwap_bps': None, 'hl_range_pct': None, 'oc_change_pct': None, 'volume_rel_20': None, 'atr_pct': None, 'position_in_range': None, 'rsi': None, 'bb_position': None, 'ret_3': None, 'ret_10': None, 'session_bucket': 3.0}"
2026-04-08|IONQ|2026-04-08T15:42:00-04:00|long|12,2026-04-08,IONQ,2026-04-08T15:42:00-04:00,long,12,0.3069462478160858,True,shadow,entry_next_bar_open_time_exit_at_selected_hold,28.795,28.65,43.19,"{'pressure_k': 0.0, 'spread': 0.00999999999999801, 'depth_imb_k': 0.24084854582914092, 'micro_off': 0.003750000000000142, 'spread_mean_10s': 0.009999999999990905, 'depth_imb_k_mean_10s': 0.07215990835294867, 'depth_imb_k_mean_60s': 0.08725346731729902, 'dist_vwap_bps': None, 'hl_range_pct': None, 'oc_change_pct': None, 'volume_rel_20': None, 'atr_pct': None, 'position_in_range': None, 'rsi': None, 'bb_position': None, 'ret_3': None, 'ret_10': None, 'session_bucket': 3.0}"
2026-04-08|IONQ|2026-04-08T15:43:00-04:00|long|12,2026-04-08,IONQ,2026-04-08T15:43:00-04:00,long,12,0.36586442589759827,True,shadow,entry_next_bar_open_time_exit_at_selected_hold,28.7701,28.63,43.16,"{'pressure_k': 0.0, 'spread': 0.019999999999999574, 'depth_imb_k': 0.04104293945623534, 'micro_off': 0.0033333333333338544, 'spread_mean_10s': 0.01131578947367392, 'depth_imb_k_mean_10s': 0.1377860828298391, 'depth_imb_k_mean_60s': 0.06709989588790702, 'dist_vwap_bps': None, 'hl_range_pct': None, 'oc_change_pct': None, 'volume_rel_20': None, 'atr_pct': None, 'position_in_range': None, 'rsi': None, 'bb_position': None, 'ret_3': None, 'ret_10': None, 'session_bucket': 3.0}"
2026-04-08|IONQ|2026-04-08T15:44:00-04:00|long|8,2026-04-08,IONQ,2026-04-08T15:44:00-04:00,long,8,0.3042488992214203,True,shadow,entry_next_bar_open_time_exit_at_selected_hold,28.795,28.65,43.19,"{'pressure_k': 0.0, 'spread': 0.010000000000001563, 'depth_imb_k': -0.255317120993437, 'micro_off': 0.0024999999999977263, 'spread_mean_10s': 0.01052631578946411, 'depth_imb_k_mean_10s': -0.10174919509959661, 'depth_imb_k_mean_60s': 0.03891434929843106, 'dist_vwap_bps': None, 'hl_range_pct': None, 'oc_change_pct': None, 'volume_rel_20': None, 'atr_pct': None, 'position_in_range': None, 'rsi': None, 'bb_position': None, 'ret_3': None, 'ret_10': None, 'session_bucket': 3.0}"
2026-04-08|ONON|2026-04-08T09:30:00-04:00|long|12,2026-04-08,ONON,2026-04-08T09:30:00-04:00,long,12,0.16652879118919373,True,shadow,entry_next_bar_open_time_exit_at_selected_hold,34.74,34.57,52.11,"{'pressure_k': 0.0, 'spread': 0.0, 'depth_imb_k': 0.4134480435114419, 'micro_off': 5.697857142857146, 'spread_mean_10s': 0.0, 'depth_imb_k_mean_10s': 0.41142311837540846, 'depth_imb_k_mean_60s': 0.3694339328004817, 'dist_vwap_bps': None, 'hl_range_pct': None, 'oc_change_pct': None, 'volume_rel_20': None, 'atr_pct': None, 'position_in_range': None, 'rsi': None, 'bb_position': None, 'ret_3': None, 'ret_10': None, 'session_bucket': 0.0}"
2026-04-08|ONON|2026-04-08T09:31:00-04:00|long|12,2026-04-08,ONON,2026-04-08T09:31:00-04:00,long,12,0.13515333831310272,True,shadow,entry_next_bar_open_time_exit_at_selected_hold,34.77,34.6,52.16,"{'pressure_k': 0.0, 'spread': 0.0, 'depth_imb_k': 0.4134480435114419, 'micro_off': 5.697857142857146, 'spread_mean_10s': 0.0, 'depth_imb_k_mean_10s': 0.41344804351143694, 'depth_imb_k_mean_60s': 0.41344804351143694, 'dist_vwap_bps': None, 'hl_range_pct': None, 'oc_change_pct': None, 'volume_rel_20': None, 'atr_pct': None, 'position_in_range': None, 'rsi': None, 'bb_position': None, 'ret_3': None, 'ret_10': None, 'session_bucket': 0.0}"
2026-04-08|ONON|2026-04-08T09:32:00-04:00|long|8,2026-04-08,ONON,2026-04-08T09:32:00-04:00,long,8,0.6432300806045532,True,shadow,entry_next_bar_open_time_exit_at_selected_hold,34.85,34.68,52.28,"{'pressure_k': 0.0, 'spread': 0.0, 'depth_imb_k': 0.011930762568971496, 'micro_off': -2.9724999999999966, 'spread_mean_10s': 0.0, 'depth_imb_k_mean_10s': 0.031641867720827575, 'depth_imb_k_mean_60s': 0.34529879440308436, 'dist_vwap_bps': None, 'hl_range_pct': None, 'oc_change_pct': None, 'volume_rel_20': None, 'atr_pct': None, 'position_in_range': None, 'rsi': None, 'bb_position': None, 'ret_3': None, 'ret_10': None, 'session_bucket': 0.0}"
2026-04-08|ONON|2026-04-08T09:33:00-04:00|long|3,2026-04-08,ONON,2026-04-08T09:33:00-04:00,long,3,0.7029284238815308,True,shadow,entry_next_bar_open_time_exit_at_selected_hold,35.47,35.29,53.2,"{'pressure_k': 0.0, 'spread': 0.060000000000002274, 'depth_imb_k': -0.469269083445544, 'micro_off': 0.0, 'spread_mean_10s': 0.11897435897435972, 'depth_imb_k_mean_10s': -0.18542891831405903, 'depth_imb_k_mean_60s': -0.009724808097781206, 'dist_vwap_bps': None, 'hl_range_pct': None, 'oc_change_pct': None, 'volume_rel_20': None, 'atr_pct': None, 'position_in_range': None, 'rsi': None, 'bb_position': None, 'ret_3': None, 'ret_10': None, 'session_bucket': 0.0}"
2026-04-08|ONON|2026-04-08T09:34:00-04:00|long|3,2026-04-08,ONON,2026-04-08T09:34:00-04:00,long,3,0.7942224144935608,True,shadow,entry_next_bar_open_time_exit_at_selected_hold,35.36,35.18,53.04,"{'pressure_k': 0.0, 'spread': 0.10999999999999943, 'depth_imb_k': 0.04796195197106206, 'micro_off': 0.0, 'spread_mean_10s': 0.1438235294117689, 'depth_imb_k_mean_10s': -0.10954003517256983, 'depth_imb_k_mean_60s': -0.14181582783417712, 'dist_vwap_bps': None, 'hl_range_pct': None, 'oc_change_pct': None, 'volume_rel_20': None, 'atr_pct': None, 'position_in_range': None, 'rsi': None, 'bb_position': None, 'ret_3': None, 'ret_10': None, 'session_bucket': 0.0}"
2026-04-08|ONON|2026-04-08T09:35:00-04:00|long|8,2026-04-08,ONON,2026-04-08T09:35:00-04:00,long,8,0.6133605241775513,True,shadow,entry_next_bar_open_time_exit_at_selected_hold,35.23,35.05,52.84,"{'pressure_k': 0.0, 'spread': 0.10999999999999943, 'depth_imb_k': -0.5260063709151733, 'micro_off': -0.045000000000001705, 'spread_mean_10s': 0.10102564102564096, 'depth_imb_k_mean_10s': -0.3530535091506379, 'depth_imb_k_mean_60s': 0.11976448018917508, 'dist_vwap_bps': None, 'hl_range_pct': None, 'oc_change_pct': None, 'volume_rel_20': None, 'atr_pct': None, 'position_in_range': None, 'rsi': None, 'bb_position': None, 'ret_3': None, 'ret_10': None, 'session_bucket': 0.0}"
2026-04-08|ONON|2026-04-08T09:36:00-04:00|long|12,2026-04-08,ONON,2026-04-08T09:36:00-04:00,long,12,0.683079719543457,True,shadow,entry_next_bar_open_time_exit_at_selected_hold,35.24,35.06,52.86,"{'pressure_k': 0.0, 'spread': 0.05999999999999517, 'depth_imb_k': -0.6543744988577741, 'micro_off': 0.014999999999993463, 'spread_mean_10s': 0.060434782608693206, 'depth_imb_k_mean_10s': -0.5260377059095681, 'depth_imb_k_mean_60s': -0.24520245232154708, 'dist_vwap_bps': None, 'hl_range_pct': None, 'oc_change_pct': None, 'volume_rel_20': None, 'atr_pct': None, 'position_in_range': None, 'rsi': None, 'bb_position': None, 'ret_3': None, 'ret_10': None, 'session_bucket': 0.0}"
2026-04-08|ONON|2026-04-08T09:37:00-04:00|long|3,2026-04-08,ONON,2026-04-08T09:37:00-04:00,long,3,0.6769755482673645,True,shadow,entry_next_bar_open_time_exit_at_selected_hold,35.03,34.85,52.55,"{'pressure_k': 0.0, 'spread': 0.13000000000000256, 'depth_imb_k': -0.46637290096466305, 'micro_off': 0.0, 'spread_mean_10s': 0.1019999999999996, 'depth_imb_k_mean_10s': 0.010532018036958846, 'depth_imb_k_mean_60s': -0.08554549805932755, 'dist_vwap_bps': None, 'hl_range_pct': None, 'oc_change_pct': None, 'volume_rel_20': None, 'atr_pct': None, 'position_in_range': None, 'rsi': None, 'bb_position': None, 'ret_3': None, 'ret_10': None, 'session_bucket': 0.0}"
2026-04-08|ONON|2026-04-08T09:38:00-04:00|long|8,2026-04-08,ONON,2026-04-08T09:38:00-04:00,long,8,0.7198385000228882,True,shadow,entry_next_bar_open_time_exit_at_selected_hold,34.98,34.81,52.47,"{'pressure_k': 0.0, 'spread': 0.05000000000000426, 'depth_imb_k': -0.8397324068477376, 'micro_off': -7.105427357601002e-15, 'spread_mean_10s': 0.04900000000000944, 'depth_imb_k_mean_10s': -0.8160068701377327, 'depth_imb_k_mean_60s': -0.6748181410484146, 'dist_vwap_bps': None, 'hl_range_pct': None, 'oc_change_pct': None, 'volume_rel_20': None, 'atr_pct': None, 'position_in_range': None, 'rsi': None, 'bb_position': None, 'ret_3': None, 'ret_10': None, 'session_bucket': 0.0}"
2026-04-08|ONON|2026-04-08T09:39:00-04:00|long|12,2026-04-08,ONON,2026-04-08T09:39:00-04:00,long,12,0.6154875755310059,True,shadow,entry_next_bar_open_time_exit_at_selected_hold,34.89,34.72,52.34,"{'pressure_k': 0.0, 'spread': 0.07000000000000028, 'depth_imb_k': 0.4118537094503247, 'micro_off': 7.105427357601002e-15, 'spread_mean_10s': 0.055000000000008244, 'depth_imb_k_mean_10s': -0.6399708851824748, 'depth_imb_k_mean_60s': -0.7970402906821504, 'dist_vwap_bps': None, 'hl_range_pct': None, 'oc_change_pct': None, 'volume_rel_20': None, 'atr_pct': None, 'position_in_range': None, 'rsi': None, 'bb_position': None, 'ret_3': None, 'ret_10': None, 'session_bucket': 0.0}"
2026-04-08|ONON|2026-04-08T09:40:00-04:00|long|12,2026-04-08,ONON,2026-04-08T09:40:00-04:00,long,12,0.7644134163856506,True,shadow,entry_next_bar_open_time_exit_at_selected_hold,35.05,34.87,52.57,"{'pressure_k': 0.0, 'spread': 0.05999999999999517, 'depth_imb_k': -0.807562497165845, 'micro_off': 7.105427357601002e-15, 'spread_mean_10s': 0.060512820512820864, 'depth_imb_k_mean_10s': -0.748672627255846, 'depth_imb_k_mean_60s': -0.588756422402179, 'dist_vwap_bps': None, 'hl_range_pct': None, 'oc_change_pct': None, 'volume_rel_20': None, 'atr_pct': None, 'position_in_range': None, 'rsi': None, 'bb_position': None, 'ret_3': None, 'ret_10': None, 'session_bucket': 0.0}"
2026-04-08|ONON|2026-04-08T09:41:00-04:00|long|8,2026-04-08,ONON,2026-04-08T09:41:00-04:00,long,8,0.5702084302902222,True,shadow,entry_next_bar_open_time_exit_at_selected_hold,35.005,34.83,52.51,"{'pressure_k': 0.0, 'spread': 0.07000000000000028, 'depth_imb_k': -0.5611049897686132, 'micro_off': 0.02099999999999369, 'spread_mean_10s': 0.06300000000000168, 'depth_imb_k_mean_10s': -0.5526440401103919, 'depth_imb_k_mean_60s': -0.647049563065574, 'dist_vwap_bps': None, 'hl_range_pct': None, 'oc_change_pct': None, 'volume_rel_20': None, 'atr_pct': None, 'position_in_range': None, 'rsi': None, 'bb_position': None, 'ret_3': None, 'ret_10': None, 'session_bucket': 0.0}"
2026-04-08|ONON|2026-04-08T09:42:00-04:00|long|8,2026-04-08,ONON,2026-04-08T09:42:00-04:00,long,8,0.639940619468689,True,shadow,entry_next_bar_open_time_exit_at_selected_hold,34.8899,34.72,52.33,"{'pressure_k': 0.0, 'spread': 0.0799999999999983, 'depth_imb_k': 0.29860483790023085, 'micro_off': -0.013333333333335418, 'spread_mean_10s': 0.06899999999999125, 'depth_imb_k_mean_10s': 0.44878512888577404, 'depth_imb_k_mean_60s': -0.18195037252358662, 'dist_vwap_bps': None, 'hl_range_pct': None, 'oc_change_pct': None, 'volume_rel_20': None, 'atr_pct': None, 'position_in_range': None, 'rsi': None, 'bb_position': None, 'ret_3': None, 'ret_10': None, 'session_bucket': 0.0}"
2026-04-08|ONON|2026-04-08T09:43:00-04:00|long|12,2026-04-08,ONON,2026-04-08T09:43:00-04:00,long,12,0.644630491733551,True,shadow,entry_next_bar_open_time_exit_at_selected_hold,34.805,34.63,52.21,"{'pressure_k': 0.0, 'spread': 0.09000000000000341, 'depth_imb_k': 0.08092015590999306, 'micro_off': 0.0, 'spread_mean_10s': 0.06410256410256994, 'depth_imb_k_mean_10s': 0.07666874276339924, 'depth_imb_k_mean_60s': 0.44888899114155, 'dist_vwap_bps': None, 'hl_range_pct': None, 'oc_change_pct': None, 'volume_rel_20': None, 'atr_pct': None, 'position_in_range': None, 'rsi': None, 'bb_position': None, 'ret_3': None, 'ret_10': None, 'session_bucket': 0.0}"
2026-04-08|ONON|2026-04-08T09:44:00-04:00|long|12,2026-04-08,ONON,2026-04-08T09:44:00-04:00,long,12,0.6011004447937012,True,shadow,entry_next_bar_open_time_exit_at_selected_hold,35.02,34.84,52.53,"{'pressure_k': 0.0, 'spread': 0.07000000000000028, 'depth_imb_k': -0.2379490019382284, 'micro_off': 0.0, 'spread_mean_10s': 0.04823529411764499, 'depth_imb_k_mean_10s': -0.027577062536731572, 'depth_imb_k_mean_60s': 0.1208150854344259, 'dist_vwap_bps': None, 'hl_range_pct': None, 'oc_change_pct': None, 'volume_rel_20': None, 'atr_pct': None, 'position_in_range': None, 'rsi': None, 'bb_position': None, 'ret_3': None, 'ret_10': None, 'session_bucket': 0.0}"
2026-04-08|ONON|2026-04-08T09:45:00-04:00|long|12,2026-04-08,ONON,2026-04-08T09:45:00-04:00,long,12,0.45435652136802673,True,shadow,entry_next_bar_open_time_exit_at_selected_hold,35.11,34.93,52.66,"{'pressure_k': 0.0, 'spread': 0.020000000000003126, 'depth_imb_k': -0.2367092217618145, 'micro_off': -0.008181818181817846, 'spread_mean_10s': 0.020000000000010232, 'depth_imb_k_mean_10s': -0.20509229472457435, 'depth_imb_k_mean_60s': -0.3103973705878524, 'dist_vwap_bps': None, 'hl_range_pct': None, 'oc_change_pct': None, 'volume_rel_20': None, 'atr_pct': None, 'position_in_range': None, 'rsi': None, 'bb_position': None, 'ret_3': None, 'ret_10': None, 'session_bucket': 0.0}"
2026-04-08|ONON|2026-04-08T09:46:00-04:00|long|3,2026-04-08,ONON,2026-04-08T09:46:00-04:00,long,3,0.5160901546478271,True,shadow,entry_next_bar_open_time_exit_at_selected_hold,35.035,34.86,52.55,"{'pressure_k': 0.0, 'spread': 0.030000000000001137, 'depth_imb_k': -0.12153479188778946, 'micro_off': 0.0, 'spread_mean_10s': 0.03974358974360898, 'depth_imb_k_mean_10s': 0.5004013476034382, 'depth_imb_k_mean_60s': 0.15582056556721902, 'dist_vwap_bps': None, 'hl_range_pct': None, 'oc_change_pct': None, 'volume_rel_20': None, 'atr_pct': None, 'position_in_range': None, 'rsi': None, 'bb_position': None, 'ret_3': None, 'ret_10': None, 'session_bucket': 0.0}"
2026-04-08|ONON|2026-04-08T09:47:00-04:00|long|12,2026-04-08,ONON,2026-04-08T09:47:00-04:00,long,12,0.4870094954967499,True,shadow,entry_next_bar_open_time_exit_at_selected_hold,35.15,34.97,52.72,"{'pressure_k': 0.0, 'spread': 0.07000000000000028, 'depth_imb_k': -0.6409983355814816, 'micro_off': 7.105427357601002e-15, 'spread_mean_10s': 0.06578947368420754, 'depth_imb_k_mean_10s': -0.659870829532227, 'depth_imb_k_mean_60s': -0.4028499560909085, 'dist_vwap_bps': None, 'hl_range_pct': None, 'oc_change_pct': None, 'volume_rel_20': None, 'atr_pct': None, 'position_in_range': None, 'rsi': None, 'bb_position': None, 'ret_3': None, 'ret_10': None, 'session_bucket': 0.0}"
2026-04-08|ONON|2026-04-08T09:48:00-04:00|long|12,2026-04-08,ONON,2026-04-08T09:48:00-04:00,long,12,0.4248267114162445,True,shadow,entry_next_bar_open_time_exit_at_selected_hold,35.18,35.0,52.77,"{'pressure_k': 0.0, 'spread': 0.05000000000000426, 'depth_imb_k': -0.5488637276158356, 'micro_off': -0.021153846153843858, 'spread_mean_10s': 0.05000000000001137, 'depth_imb_k_mean_10s': -0.5589530809272222, 'depth_imb_k_mean_60s': -0.5629263732472644, 'dist_vwap_bps': None, 'hl_range_pct': None, 'oc_change_pct': None, 'volume_rel_20': None, 'atr_pct': None, 'position_in_range': None, 'rsi': None, 'bb_position': None, 'ret_3': None, 'ret_10': None, 'session_bucket': 0.0}"
2026-04-08|ONON|2026-04-08T09:49:00-04:00|long|3,2026-04-08,ONON,2026-04-08T09:49:00-04:00,long,3,0.4730943441390991,True,shadow,entry_next_bar_open_time_exit_at_selected_hold,35.22,35.04,52.83,"{'pressure_k': 0.0, 'spread': 0.03999999999999915, 'depth_imb_k': -0.37712720101090025, 'micro_off': 0.0, 'spread_mean_10s': 0.045128205128220925, 'depth_imb_k_mean_10s': 0.04980453082876506, 'depth_imb_k_mean_60s': -0.12456660726409989, 'dist_vwap_bps': None, 'hl_range_pct': None, 'oc_change_pct': None, 'volume_rel_20': None, 'atr_pct': None, 'position_in_range': None, 'rsi': None, 'bb_position': None, 'ret_3': None, 'ret_10': None, 'session_bucket': 0.0}"
2026-04-08|ONON|2026-04-08T09:50:00-04:00|long|5,2026-04-08,ONON,2026-04-08T09:50:00-04:00,long,5,0.5924149751663208,True,shadow,entry_next_bar_open_time_exit_at_selected_hold,35.17,34.99,52.76,"{'pressure_k': 0.0, 'spread': 0.030000000000001137, 'depth_imb_k': 0.5093137006437224, 'micro_off': 0.0, 'spread_mean_10s': 0.0410000000000025, 'depth_imb_k_mean_10s': -0.05685165730392185, 'depth_imb_k_mean_60s': -0.18012158491716962, 'dist_vwap_bps': None, 'hl_range_pct': None, 'oc_change_pct': None, 'volume_rel_20': None, 'atr_pct': None, 'position_in_range': None, 'rsi': None, 'bb_position': None, 'ret_3': None, 'ret_10': None, 'session_bucket': 0.0}"
2026-04-08|ONON|2026-04-08T09:51:00-04:00|long|12,2026-04-08,ONON,2026-04-08T09:51:00-04:00,long,12,0.5723684430122375,True,shadow,entry_next_bar_open_time_exit_at_selected_hold,35.065,34.89,52.6,"{'pressure_k': 0.0, 'spread': 0.030000000000001137, 'depth_imb_k': 0.6748746911995556, 'micro_off': 0.005000000000002558, 'spread_mean_10s': 0.03849999999999056, 'depth_imb_k_mean_10s': 0.4303480731439763, 'depth_imb_k_mean_60s': 0.42991778659441665, 'dist_vwap_bps': None, 'hl_range_pct': None, 'oc_change_pct': None, 'volume_rel_20': None, 'atr_pct': None, 'position_in_range': None, 'rsi': None, 'bb_position': None, 'ret_3': None, 'ret_10': None, 'session_bucket': 0.0}"
2026-04-08|ONON|2026-04-08T09:52:00-04:00|long|12,2026-04-08,ONON,2026-04-08T09:52:00-04:00,long,12,0.5303374528884888,True,shadow,entry_next_bar_open_time_exit_at_selected_hold,35.135,34.96,52.7,"{'pressure_k': 0.0, 'spread': 0.06999999999999318, 'depth_imb_k': -0.04567837082127038, 'micro_off': -0.011666666666663161, 'spread_mean_10s': 0.06923076923076311, 'depth_imb_k_mean_10s': -0.13429529638359292, 'depth_imb_k_mean_60s': 0.12339331377248922, 'dist_vwap_bps': None, 'hl_range_pct': None, 'oc_change_pct': None, 'volume_rel_20': None, 'atr_pct': None, 'position_in_range': None, 'rsi': None, 'bb_position': None, 'ret_3': None, 'ret_10': None, 'session_bucket': 0.0}"
2026-04-08|ONON|2026-04-08T09:53:00-04:00|long|12,2026-04-08,ONON,2026-04-08T09:53:00-04:00,long,12,0.495220422744751,True,shadow,entry_next_bar_open_time_exit_at_selected_hold,35.05,34.87,52.57,"{'pressure_k': 0.0, 'spread': 0.04000000000000625, 'depth_imb_k': 0.27105520421493395, 'micro_off': 0.0, 'spread_mean_10s': 0.04150000000001626, 'depth_imb_k_mean_10s': 0.16514299587732068, 'depth_imb_k_mean_60s': -0.05413422564441547, 'dist_vwap_bps': None, 'hl_range_pct': None, 'oc_change_pct': None, 'volume_rel_20': None, 'atr_pct': None, 'position_in_range': None, 'rsi': None, 'bb_position': None, 'ret_3': None, 'ret_10': None, 'session_bucket': 0.0}"
2026-04-08|ONON|2026-04-08T09:54:00-04:00|long|12,2026-04-08,ONON,2026-04-08T09:54:00-04:00,long,12,0.48391708731651306,True,shadow,entry_next_bar_open_time_exit_at_selected_hold,35.06,34.88,52.59,"{'pressure_k': 0.0, 'spread': 0.04999999999999716, 'depth_imb_k': 0.2955548695786387, 'micro_off': 0.0, 'spread_mean_10s': 0.04256410256411778, 'depth_imb_k_mean_10s': 0.23295621610989115, 'depth_imb_k_mean_60s': 0.33151542449150684, 'dist_vwap_bps': None, 'hl_range_pct': None, 'oc_change_pct': None, 'volume_rel_20': None, 'atr_pct': None, 'position_in_range': None, 'rsi': None, 'bb_position': None, 'ret_3': None, 'ret_10': None, 'session_bucket': 0.0}"
2026-04-08|ONON|2026-04-08T09:55:00-04:00|long|3,2026-04-08,ONON,2026-04-08T09:55:00-04:00,long,3,0.5383602976799011,True,shadow,entry_next_bar_open_time_exit_at_selected_hold,35.1,34.92,52.65,"{'pressure_k': 0.0, 'spread': 0.03999999999999915, 'depth_imb_k': -0.0010515707838583885, 'micro_off': 7.105427357601002e-15, 'spread_mean_10s': 0.0377500000000083, 'depth_imb_k_mean_10s': 0.021295260309022977, 'depth_imb_k_mean_60s': 0.09654554080913094, 'dist_vwap_bps': None, 'hl_range_pct': None, 'oc_change_pct': None, 'volume_rel_20': None, 'atr_pct': None, 'position_in_range': None, 'rsi': None, 'bb_position': None, 'ret_3': None, 'ret_10': None, 'session_bucket': 0.0}"
2026-04-08|ONON|2026-04-08T09:56:00-04:00|long|5,2026-04-08,ONON,2026-04-08T09:56:00-04:00,long,5,0.52540522813797,True,shadow,entry_next_bar_open_time_exit_at_selected_hold,35.09,34.91,52.64,"{'pressure_k': 0.0, 'spread': 0.01999999999999602, 'depth_imb_k': 0.5866949633334034, 'micro_off': 0.0, 'spread_mean_10s': 0.023333333333312112, 'depth_imb_k_mean_10s': 0.5016595939341707, 'depth_imb_k_mean_60s': -0.005925380035439244, 'dist_vwap_bps': None, 'hl_range_pct': None, 'oc_change_pct': None, 'volume_rel_20': None, 'atr_pct': None, 'position_in_range': None, 'rsi': None, 'bb_position': None, 'ret_3': None, 'ret_10': None, 'session_bucket': 0.0}"
2026-04-08|ONON|2026-04-08T09:57:00-04:00|short|8,2026-04-08,ONON,2026-04-08T09:57:00-04:00,short,8,0.5162935256958008,True,shadow,entry_next_bar_open_time_exit_at_selected_hold,35.16,35.34,17.58,"{'pressure_k': 0.0, 'spread': 0.04999999999999716, 'depth_imb_k': 0.5500792096744039, 'micro_off': 0.01666666666666572, 'spread_mean_10s': 0.04076923076924908, 'depth_imb_k_mean_10s': 0.4908713379483848, 'depth_imb_k_mean_60s': 0.41922424825701476, 'dist_vwap_bps': None, 'hl_range_pct': None, 'oc_change_pct': None, 'volume_rel_20': None, 'atr_pct': None, 'position_in_range': None, 'rsi': None, 'bb_position': None, 'ret_3': None, 'ret_10': None, 'session_bucket': 0.0}"
2026-04-08|ONON|2026-04-08T09:58:00-04:00|long|12,2026-04-08,ONON,2026-04-08T09:58:00-04:00,long,12,0.546001136302948,True,shadow,entry_next_bar_open_time_exit_at_selected_hold,35.09,34.91,52.64,"{'pressure_k': 0.0, 'spread': 0.030000000000001137, 'depth_imb_k': 0.03339882121807466, 'micro_off': -0.0030000000000001137, 'spread_mean_10s': 0.03649999999998954, 'depth_imb_k_mean_10s': 0.23040663621504648, 'depth_imb_k_mean_60s': 0.056655345135726884, 'dist_vwap_bps': None, 'hl_range_pct': None, 'oc_change_pct': None, 'volume_rel_20': None, 'atr_pct': None, 'position_in_range': None, 'rsi': None, 'bb_position': None, 'ret_3': None, 'ret_10': None, 'session_bucket': 0.0}"
2026-04-08|ONON|2026-04-08T09:59:00-04:00|long|12,2026-04-08,ONON,2026-04-08T09:59:00-04:00,long,12,0.44011086225509644,True,shadow,entry_next_bar_open_time_exit_at_selected_hold,35.1075,34.93,52.66,"{'pressure_k': 0.0, 'spread': 0.03999999999999915, 'depth_imb_k': 0.2395104895104895, 'micro_off': 7.105427357601002e-15, 'spread_mean_10s': 0.0385000000000133, 'depth_imb_k_mean_10s': 0.15159728848081003, 'depth_imb_k_mean_60s': 0.05806410429340373, 'dist_vwap_bps': None, 'hl_range_pct': None, 'oc_change_pct': None, 'volume_rel_20': None, 'atr_pct': None, 'position_in_range': None, 'rsi': None, 'bb_position': None, 'ret_3': None, 'ret_10': None, 'session_bucket': 0.0}"
2026-04-08|ONON|2026-04-08T10:00:00-04:00|long|12,2026-04-08,ONON,2026-04-08T10:00:00-04:00,long,12,0.5255640745162964,True,shadow,entry_next_bar_open_time_exit_at_selected_hold,35.03,34.85,52.55,"{'pressure_k': 0.0, 'spread': 0.030000000000001137, 'depth_imb_k': 0.6218360470713207, 'micro_off': 0.0, 'spread_mean_10s': 0.03199999999997942, 'depth_imb_k_mean_10s': 0.3067881773012104, 'depth_imb_k_mean_60s': 0.07664804320065965, 'dist_vwap_bps': None, 'hl_range_pct': None, 'oc_change_pct': None, 'volume_rel_20': None, 'atr_pct': None, 'position_in_range': None, 'rsi': None, 'bb_position': None, 'ret_3': None, 'ret_10': None, 'session_bucket': 0.0}"
2026-04-08|ONON|2026-04-08T10:01:00-04:00|long|12,2026-04-08,ONON,2026-04-08T10:01:00-04:00,long,12,0.5340810418128967,True,shadow,entry_next_bar_open_time_exit_at_selected_hold,35.0,34.83,52.5,"{'pressure_k': 0.0, 'spread': 0.020000000000003126, 'depth_imb_k': 0.08472611184140696, 'micro_off': -0.003333333333337407, 'spread_mean_10s': 0.017941176470571918, 'depth_imb_k_mean_10s': 0.21454867182622184, 'depth_imb_k_mean_60s': 0.14773822622228167, 'dist_vwap_bps': None, 'hl_range_pct': None, 'oc_change_pct': None, 'volume_rel_20': None, 'atr_pct': None, 'position_in_range': None, 'rsi': None, 'bb_position': None, 'ret_3': None, 'ret_10': None, 'session_bucket': 1.0}"
2026-04-08|ONON|2026-04-08T10:02:00-04:00|long|12,2026-04-08,ONON,2026-04-08T10:02:00-04:00,long,12,0.4908566176891327,True,shadow,entry_next_bar_open_time_exit_at_selected_hold,35.005,34.83,52.51,"{'pressure_k': 0.0, 'spread': 0.04000000000000625, 'depth_imb_k': 0.22061672330020007, 'micro_off': -0.006666666666667709, 'spread_mean_10s': 0.03950000000000955, 'depth_imb_k_mean_10s': 0.23295675730577142, 'depth_imb_k_mean_60s': 0.13772983385050158, 'dist_vwap_bps': None, 'hl_range_pct': None, 'oc_change_pct': None, 'volume_rel_20': None, 'atr_pct': None, 'position_in_range': None, 'rsi': None, 'bb_position': None, 'ret_3': None, 'ret_10': None, 'session_bucket': 1.0}"
2026-04-08|ONON|2026-04-08T10:03:00-04:00|long|8,2026-04-08,ONON,2026-04-08T10:03:00-04:00,long,8,0.46266046166419983,True,shadow,entry_next_bar_open_time_exit_at_selected_hold,35.06,34.88,52.59,"{'pressure_k': 0.0, 'spread': 0.04999999999999716, 'depth_imb_k': 0.048505893006110475, 'micro_off': -0.01666666666666572, 'spread_mean_10s': 0.0415000000000191, 'depth_imb_k_mean_10s': -0.025021084036329605, 'depth_imb_k_mean_60s': 0.09345456509747463, 'dist_vwap_bps': None, 'hl_range_pct': None, 'oc_change_pct': None, 'volume_rel_20': None, 'atr_pct': None, 'position_in_range': None, 'rsi': None, 'bb_position': None, 'ret_3': None, 'ret_10': None, 'session_bucket': 1.0}"
2026-04-08|ONON|2026-04-08T10:04:00-04:00|long|12,2026-04-08,ONON,2026-04-08T10:04:00-04:00,long,12,0.5205748081207275,True,shadow,entry_next_bar_open_time_exit_at_selected_hold,34.96,34.79,52.44,"{'pressure_k': 0.0, 'spread': 0.04999999999999716, 'depth_imb_k': 0.2958281829419036, 'micro_off': 0.0, 'spread_mean_10s': 0.04900000000001228, 'depth_imb_k_mean_10s': 0.18001229025568916, 'depth_imb_k_mean_60s': 0.2438045364533888, 'dist_vwap_bps': None, 'hl_range_pct': None, 'oc_change_pct': None, 'volume_rel_20': None, 'atr_pct': None, 'position_in_range': None, 'rsi': None, 'bb_position': None, 'ret_3': None, 'ret_10': None, 'session_bucket': 1.0}"
2026-04-08|ONON|2026-04-08T10:05:00-04:00|long|12,2026-04-08,ONON,2026-04-08T10:05:00-04:00,long,12,0.5000184774398804,True,shadow,entry_next_bar_open_time_exit_at_selected_hold,34.965,34.79,52.45,"{'pressure_k': 0.0, 'spread': 0.03999999999999915, 'depth_imb_k': 0.07011273588759089, 'micro_off': 0.0, 'spread_mean_10s': 0.040000000000020464, 'depth_imb_k_mean_10s': -0.008338292473244786, 'depth_imb_k_mean_60s': 0.22793550062357384, 'dist_vwap_bps': None, 'hl_range_pct': None, 'oc_change_pct': None, 'volume_rel_20': None, 'atr_pct': None, 'position_in_range': None, 'rsi': None, 'bb_position': None, 'ret_3': None, 'ret_10': None, 'session_bucket': 1.0}"
2026-04-08|ONON|2026-04-08T10:06:00-04:00|long|12,2026-04-08,ONON,2026-04-08T10:06:00-04:00,long,12,0.3944162130355835,True,shadow,entry_next_bar_open_time_exit_at_selected_hold,35.05,34.87,52.57,"{'pressure_k': 0.0, 'spread': 0.04999999999999716, 'depth_imb_k': -0.20178349035527204, 'micro_off': 0.0, 'spread_mean_10s': 0.05000000000001137, 'depth_imb_k_mean_10s': -0.12027019650465448, 'depth_imb_k_mean_60s': -0.07780922613765989, 'dist_vwap_bps': None, 'hl_range_pct': None, 'oc_change_pct': None, 'volume_rel_20': None, 'atr_pct': None, 'position_in_range': None, 'rsi': None, 'bb_position': None, 'ret_3': None, 'ret_10': None, 'session_bucket': 1.0}"
2026-04-08|ONON|2026-04-08T10:07:00-04:00|long|12,2026-04-08,ONON,2026-04-08T10:07:00-04:00,long,12,0.4430289566516876,True,shadow,entry_next_bar_open_time_exit_at_selected_hold,35.155,34.98,52.73,"{'pressure_k': 0.0, 'spread': 0.030000000000001137, 'depth_imb_k': -0.27058530200087266, 'micro_off': 0.0, 'spread_mean_10s': 0.036153846153845336, 'depth_imb_k_mean_10s': -0.32333131326697256, 'depth_imb_k_mean_60s': -0.1955928946490887, 'dist_vwap_bps': None, 'hl_range_pct': None, 'oc_change_pct': None, 'volume_rel_20': None, 'atr_pct': None, 'position_in_range': None, 'rsi': None, 'bb_position': None, 'ret_3': None, 'ret_10': None, 'session_bucket': 1.0}"
2026-04-08|ONON|2026-04-08T10:08:00-04:00|long|12,2026-04-08,ONON,2026-04-08T10:08:00-04:00,long,12,0.4598349928855896,True,shadow,entry_next_bar_open_time_exit_at_selected_hold,35.0644,34.89,52.6,"{'pressure_k': 0.0, 'spread': 0.03999999999999915, 'depth_imb_k': 0.08198787302342171, 'micro_off': 0.0, 'spread_mean_10s': 0.042777777777783084, 'depth_imb_k_mean_10s': 0.13733620665595156, 'depth_imb_k_mean_60s': 0.03741981815398842, 'dist_vwap_bps': None, 'hl_range_pct': None, 'oc_change_pct': None, 'volume_rel_20': None, 'atr_pct': None, 'position_in_range': None, 'rsi': None, 'bb_position': None, 'ret_3': None, 'ret_10': None, 'session_bucket': 1.0}"
2026-04-08|ONON|2026-04-08T10:09:00-04:00|long|12,2026-04-08,ONON,2026-04-08T10:09:00-04:00,long,12,0.4429686367511749,True,shadow,entry_next_bar_open_time_exit_at_selected_hold,35.09,34.91,52.64,"{'pressure_k': 0.0, 'spread': 0.05999999999999517, 'depth_imb_k': 0.0936772757804178, 'micro_off': 0.023333333333326323, 'spread_mean_10s': 0.056666666666670515, 'depth_imb_k_mean_10s': 0.21075461714644733, 'depth_imb_k_mean_60s': 0.10684316641178147, 'dist_vwap_bps': None, 'hl_range_pct': None, 'oc_change_pct': None, 'volume_rel_20': None, 'atr_pct': None, 'position_in_range': None, 'rsi': None, 'bb_position': None, 'ret_3': None, 'ret_10': None, 'session_bucket': 1.0}"
2026-04-08|ONON|2026-04-08T10:10:00-04:00|long|12,2026-04-08,ONON,2026-04-08T10:10:00-04:00,long,12,0.4593803286552429,True,shadow,entry_next_bar_open_time_exit_at_selected_hold,35.045,34.87,52.57,"{'pressure_k': 0.0, 'spread': 0.03999999999999915, 'depth_imb_k': -0.04124392968696564, 'micro_off': 0.0, 'spread_mean_10s': 0.029552238805968724, 'depth_imb_k_mean_10s': -0.08328004544098505, 'depth_imb_k_mean_60s': -0.1295597973415434, 'dist_vwap_bps': None, 'hl_range_pct': None, 'oc_change_pct': None, 'volume_rel_20': None, 'atr_pct': None, 'position_in_range': None, 'rsi': None, 'bb_position': None, 'ret_3': None, 'ret_10': None, 'session_bucket': 1.0}"
2026-04-08|ONON|2026-04-08T10:11:00-04:00|long|12,2026-04-08,ONON,2026-04-08T10:11:00-04:00,long,12,0.5197648406028748,True,shadow,entry_next_bar_open_time_exit_at_selected_hold,35.04,34.86,52.56,"{'pressure_k': 0.0, 'spread': 0.02999999999999403, 'depth_imb_k': 0.19887481251200181, 'micro_off': 0.0, 'spread_mean_10s': 0.021499999999980444, 'depth_imb_k_mean_10s': -0.10114037444151691, 'depth_imb_k_mean_60s': 0.12140709642968635, 'dist_vwap_bps': None, 'hl_range_pct': None, 'oc_change_pct': None, 'volume_rel_20': None, 'atr_pct': None, 'position_in_range': None, 'rsi': None, 'bb_position': None, 'ret_3': None, 'ret_10': None, 'session_bucket': 1.0}"
2026-04-08|ONON|2026-04-08T10:12:00-04:00|long|12,2026-04-08,ONON,2026-04-08T10:12:00-04:00,long,12,0.49683359265327454,True,shadow,entry_next_bar_open_time_exit_at_selected_hold,35.02,34.84,52.53,"{'pressure_k': 0.0, 'spread': 0.030000000000001137, 'depth_imb_k': -0.583939002449096, 'micro_off': 0.0, 'spread_mean_10s': 0.03230769230766292, 'depth_imb_k_mean_10s': -0.5383981897105377, 'depth_imb_k_mean_60s': -0.15626277475841865, 'dist_vwap_bps': None, 'hl_range_pct': None, 'oc_change_pct': None, 'volume_rel_20': None, 'atr_pct': None, 'position_in_range': None, 'rsi': None, 'bb_position': None, 'ret_3': None, 'ret_10': None, 'session_bucket': 1.0}"
2026-04-08|ONON|2026-04-08T10:13:00-04:00|long|12,2026-04-08,ONON,2026-04-08T10:13:00-04:00,long,12,0.4625793397426605,True,shadow,entry_next_bar_open_time_exit_at_selected_hold,35.015,34.84,52.52,"{'pressure_k': 0.0, 'spread': 0.030000000000001137, 'depth_imb_k': -0.12310789442521089, 'micro_off': 0.01071428571428612, 'spread_mean_10s': 0.029999999999972715, 'depth_imb_k_mean_10s': -0.2339999238072442, 'depth_imb_k_mean_60s': -0.41835549993421156, 'dist_vwap_bps': None, 'hl_range_pct': None, 'oc_change_pct': None, 'volume_rel_20': None, 'atr_pct': None, 'position_in_range': None, 'rsi': None, 'bb_position': None, 'ret_3': None, 'ret_10': None, 'session_bucket': 1.0}"
2026-04-08|ONON|2026-04-08T10:14:00-04:00|long|12,2026-04-08,ONON,2026-04-08T10:14:00-04:00,long,12,0.4279715120792389,True,shadow,entry_next_bar_open_time_exit_at_selected_hold,35.05,34.87,52.57,"{'pressure_k': 0.0, 'spread': 0.03999999999999915, 'depth_imb_k': -0.028013019266663525, 'micro_off': 0.01199999999999335, 'spread_mean_10s': 0.03999999999996362, 'depth_imb_k_mean_10s': -0.18761280506436043, 'depth_imb_k_mean_60s': -0.14317113309482601, 'dist_vwap_bps': None, 'hl_range_pct': None, 'oc_change_pct': None, 'volume_rel_20': None, 'atr_pct': None, 'position_in_range': None, 'rsi': None, 'bb_position': None, 'ret_3': None, 'ret_10': None, 'session_bucket': 1.0}"
2026-04-08|ONON|2026-04-08T10:15:00-04:00|short|12,2026-04-08,ONON,2026-04-08T10:15:00-04:00,short,12,0.3996918499469757,True,shadow,entry_next_bar_open_time_exit_at_selected_hold,35.065,35.24,17.53,"{'pressure_k': 0.0, 'spread': 0.05000000000000426, 'depth_imb_k': -0.035529201207579825, 'micro_off': 0.0, 'spread_mean_10s': 0.049999999999954525, 'depth_imb_k_mean_10s': -0.06511665335648623, 'depth_imb_k_mean_60s': -0.2299059909702456, 'dist_vwap_bps': None, 'hl_range_pct': None, 'oc_change_pct': None, 'volume_rel_20': None, 'atr_pct': None, 'position_in_range': None, 'rsi': None, 'bb_position': None, 'ret_3': None, 'ret_10': None, 'session_bucket': 1.0}"
2026-04-08|ONON|2026-04-08T10:16:00-04:00|long|12,2026-04-08,ONON,2026-04-08T10:16:00-04:00,long,12,0.3292301595211029,True,shadow,entry_next_bar_open_time_exit_at_selected_hold,35.025,34.85,52.54,"{'pressure_k': 0.0, 'spread': 0.030000000000001137, 'depth_imb_k': -0.536993373209898, 'micro_off': -0.014268292682928063, 'spread_mean_10s': 0.03666666666663332, 'depth_imb_k_mean_10s': -0.4544407937968461, 'depth_imb_k_mean_60s': -0.145451506702786, 'dist_vwap_bps': None, 'hl_range_pct': None, 'oc_change_pct': None, 'volume_rel_20': None, 'atr_pct': None, 'position_in_range': None, 'rsi': None, 'bb_position': None, 'ret_3': None, 'ret_10': None, 'session_bucket': 1.0}"
2026-04-08|ONON|2026-04-08T10:17:00-04:00|long|12,2026-04-08,ONON,2026-04-08T10:17:00-04:00,long,12,0.37027016282081604,True,shadow,entry_next_bar_open_time_exit_at_selected_hold,34.995,34.82,52.49,"{'pressure_k': 0.0, 'spread': 0.05000000000000426, 'depth_imb_k': -0.29736048664374504, 'micro_off': 0.008333333333325754, 'spread_mean_10s': 0.049999999999954525, 'depth_imb_k_mean_10s': -0.2997450907103955, 'depth_imb_k_mean_60s': -0.2514502987407929, 'dist_vwap_bps': None, 'hl_range_pct': None, 'oc_change_pct': None, 'volume_rel_20': None, 'atr_pct': None, 'position_in_range': None, 'rsi': None, 'bb_position': None, 'ret_3': None, 'ret_10': None, 'session_bucket': 1.0}"
2026-04-08|ONON|2026-04-08T10:18:00-04:00|long|12,2026-04-08,ONON,2026-04-08T10:18:00-04:00,long,12,0.3878228962421417,True,shadow,entry_next_bar_open_time_exit_at_selected_hold,34.925,34.75,52.39,"{'pressure_k': 0.0, 'spread': 0.030000000000001137, 'depth_imb_k': -0.11212702992246253, 'micro_off': 0.0, 'spread_mean_10s': 0.028249999999974306, 'depth_imb_k_mean_10s': -0.06890785564041195, 'depth_imb_k_mean_60s': -0.06651949130584385, 'dist_vwap_bps': None, 'hl_range_pct': None, 'oc_change_pct': None, 'volume_rel_20': None, 'atr_pct': None, 'position_in_range': None, 'rsi': None, 'bb_position': None, 'ret_3': None, 'ret_10': None, 'session_bucket': 1.0}"
2026-04-08|ONON|2026-04-08T10:19:00-04:00|short|5,2026-04-08,ONON,2026-04-08T10:19:00-04:00,short,5,0.41885605454444885,True,shadow,entry_next_bar_open_time_exit_at_selected_hold,34.89,35.06,17.45,"{'pressure_k': 0.0, 'spread': 0.01999999999999602, 'depth_imb_k': 0.2291018941147935, 'micro_off': 0.006666666666667709, 'spread_mean_10s': 0.01999999999998181, 'depth_imb_k_mean_10s': 0.1626190918046781, 'depth_imb_k_mean_60s': 0.17246664581084376, 'dist_vwap_bps': None, 'hl_range_pct': None, 'oc_change_pct': None, 'volume_rel_20': None, 'atr_pct': None, 'position_in_range': None, 'rsi': None, 'bb_position': None, 'ret_3': None, 'ret_10': None, 'session_bucket': 1.0}"
2026-04-08|ONON|2026-04-08T10:20:00-04:00|long|12,2026-04-08,ONON,2026-04-08T10:20:00-04:00,long,12,0.42277565598487854,True,shadow,entry_next_bar_open_time_exit_at_selected_hold,34.92,34.75,52.38,"{'pressure_k': 0.0, 'spread': 0.020000000000003126, 'depth_imb_k': 0.3146853146853147, 'micro_off': 0.006000000000000227, 'spread_mean_10s': 0.028999999999973623, 'depth_imb_k_mean_10s': 0.06808531907420275, 'depth_imb_k_mean_60s': -0.043726855689565504, 'dist_vwap_bps': None, 'hl_range_pct': None, 'oc_change_pct': None, 'volume_rel_20': None, 'atr_pct': None, 'position_in_range': None, 'rsi': None, 'bb_position': None, 'ret_3': None, 'ret_10': None, 'session_bucket': 1.0}"
2026-04-08|ONON|2026-04-08T10:21:00-04:00|long|12,2026-04-08,ONON,2026-04-08T10:21:00-04:00,long,12,0.42206501960754395,True,shadow,entry_next_bar_open_time_exit_at_selected_hold,34.925,34.75,52.39,"{'pressure_k': 0.0, 'spread': 0.03999999999999915, 'depth_imb_k': 0.061000170066504954, 'micro_off': 0.006666666666667709, 'spread_mean_10s': 0.03589743589740325, 'depth_imb_k_mean_10s': 0.00037951205820700826, 'depth_imb_k_mean_60s': 0.07670248721223939, 'dist_vwap_bps': None, 'hl_range_pct': None, 'oc_change_pct': None, 'volume_rel_20': None, 'atr_pct': None, 'position_in_range': None, 'rsi': None, 'bb_position': None, 'ret_3': None, 'ret_10': None, 'session_bucket': 1.0}"
2026-04-08|ONON|2026-04-08T10:22:00-04:00|short|8,2026-04-08,ONON,2026-04-08T10:22:00-04:00,short,8,0.41276565194129944,True,shadow,entry_next_bar_open_time_exit_at_selected_hold,34.96,35.13,17.48,"{'pressure_k': 0.0, 'spread': 0.02999999999999403, 'depth_imb_k': -0.3825110979680351, 'micro_off': 0.0, 'spread_mean_10s': 0.02674999999997567, 'depth_imb_k_mean_10s': -0.3185441175953912, 'depth_imb_k_mean_60s': -0.1124379692167454, 'dist_vwap_bps': None, 'hl_range_pct': None, 'oc_change_pct': None, 'volume_rel_20': None, 'atr_pct': None, 'position_in_range': None, 'rsi': None, 'bb_position': None, 'ret_3': None, 'ret_10': None, 'session_bucket': 1.0}"
2026-04-08|ONON|2026-04-08T10:23:00-04:00|short|12,2026-04-08,ONON,2026-04-08T10:23:00-04:00,short,12,0.3846834897994995,True,shadow,entry_next_bar_open_time_exit_at_selected_hold,34.95,35.12,17.48,"{'pressure_k': 0.0, 'spread': 0.01999999999999602, 'depth_imb_k': -0.16366949535793143, 'micro_off': -0.003333333333337407, 'spread_mean_10s': 0.024249999999977945, 'depth_imb_k_mean_10s': -0.10498400209239236, 'depth_imb_k_mean_60s': -0.2623907498197261, 'dist_vwap_bps': None, 'hl_range_pct': None, 'oc_change_pct': None, 'volume_rel_20': None, 'atr_pct': None, 'position_in_range': None, 'rsi': None, 'bb_position': None, 'ret_3': None, 'ret_10': None, 'session_bucket': 1.0}"
2026-04-08|ONON|2026-04-08T10:24:00-04:00|short|12,2026-04-08,ONON,2026-04-08T10:24:00-04:00,short,12,0.3497587740421295,True,shadow,entry_next_bar_open_time_exit_at_selected_hold,34.965,35.14,17.48,"{'pressure_k': 0.0, 'spread': 0.02999999999999403, 'depth_imb_k': -0.20089789965828342, 'micro_off': 0.0, 'spread_mean_10s': 0.029999999999972715, 'depth_imb_k_mean_10s': -0.22020800737900856, 'depth_imb_k_mean_60s': -0.1530075499037579, 'dist_vwap_bps': None, 'hl_range_pct': None, 'oc_change_pct': None, 'volume_rel_20': None, 'atr_pct': None, 'position_in_range': None, 'rsi': None, 'bb_position': None, 'ret_3': None, 'ret_10': None, 'session_bucket': 1.0}"
2026-04-08|ONON|2026-04-08T10:25:00-04:00|long|12,2026-04-08,ONON,2026-04-08T10:25:00-04:00,long,12,0.3495100736618042,True,shadow,entry_next_bar_open_time_exit_at_selected_hold,34.98,34.81,52.47,"{'pressure_k': 0.0, 'spread': 0.03999999999999915, 'depth_imb_k': -0.2693069583170582, 'micro_off': -0.009999999999990905, 'spread_mean_10s': 0.03999999999996362, 'depth_imb_k_mean_10s': -0.27210831652235895, 'depth_imb_k_mean_60s': -0.18903908399289868, 'dist_vwap_bps': None, 'hl_range_pct': None, 'oc_change_pct': None, 'volume_rel_20': None, 'atr_pct': None, 'position_in_range': None, 'rsi': None, 'bb_position': None, 'ret_3': None, 'ret_10': None, 'session_bucket': 1.0}"
2026-04-08|ONON|2026-04-08T10:26:00-04:00|short|12,2026-04-08,ONON,2026-04-08T10:26:00-04:00,short,12,0.41767793893814087,True,shadow,entry_next_bar_open_time_exit_at_selected_hold,35.055,35.23,17.53,"{'pressure_k': 0.0, 'spread': 0.030000000000001137, 'depth_imb_k': 0.05774861774157011, 'micro_off': -0.005000000000002558, 'spread_mean_10s': 0.029999999999972715, 'depth_imb_k_mean_10s': 0.060089734641895834, 'depth_imb_k_mean_60s': -0.13195690515038733, 'dist_vwap_bps': None, 'hl_range_pct': None, 'oc_change_pct': None, 'volume_rel_20': None, 'atr_pct': None, 'position_in_range': None, 'rsi': None, 'bb_position': None, 'ret_3': None, 'ret_10': None, 'session_bucket': 1.0}"
2026-04-08|ONON|2026-04-08T10:27:00-04:00|short|12,2026-04-08,ONON,2026-04-08T10:27:00-04:00,short,12,0.381865531206131,True,shadow,entry_next_bar_open_time_exit_at_selected_hold,35.07,35.25,17.54,"{'pressure_k': 0.0, 'spread': 0.03999999999999915, 'depth_imb_k': -0.11224446697077209, 'micro_off': 0.0, 'spread_mean_10s': 0.044782608695611445, 'depth_imb_k_mean_10s': -0.15778803148771287, 'depth_imb_k_mean_60s': -0.048173841098964804, 'dist_vwap_bps': None, 'hl_range_pct': None, 'oc_change_pct': None, 'volume_rel_20': None, 'atr_pct': None, 'position_in_range': None, 'rsi': None, 'bb_position': None, 'ret_3': None, 'ret_10': None, 'session_bucket': 1.0}"
2026-04-08|ONON|2026-04-08T10:28:00-04:00|short|3,2026-04-08,ONON,2026-04-08T10:28:00-04:00,short,3,0.4927620589733124,True,shadow,entry_next_bar_open_time_exit_at_selected_hold,34.8,34.97,17.4,"{'pressure_k': 0.0, 'spread': 0.03999999999999915, 'depth_imb_k': 0.10711489372537286, 'micro_off': 0.010000000000005116, 'spread_mean_10s': 0.0364999999999668, 'depth_imb_k_mean_10s': 0.34190330939458563, 'depth_imb_k_mean_60s': 0.25427290046933587, 'dist_vwap_bps': None, 'hl_range_pct': None, 'oc_change_pct': None, 'volume_rel_20': None, 'atr_pct': None, 'position_in_range': None, 'rsi': None, 'bb_position': None, 'ret_3': None, 'ret_10': None, 'session_bucket': 1.0}"
2026-04-08|ONON|2026-04-08T10:29:00-04:00|short|3,2026-04-08,ONON,2026-04-08T10:29:00-04:00,short,3,0.5123791694641113,True,shadow,entry_next_bar_open_time_exit_at_selected_hold,34.785,34.96,17.39,"{'pressure_k': 0.0, 'spread': 0.030000000000001137, 'depth_imb_k': 0.43909071424744145, 'micro_off': 0.0, 'spread_mean_10s': 0.024102564102542183, 'depth_imb_k_mean_10s': 0.3675438004884083, 'depth_imb_k_mean_60s': 0.31720333405746837, 'dist_vwap_bps': None, 'hl_range_pct': None, 'oc_change_pct': None, 'volume_rel_20': None, 'atr_pct': None, 'position_in_range': None, 'rsi': None, 'bb_position': None, 'ret_3': None, 'ret_10': None, 'session_bucket': 1.0}"
2026-04-08|ONON|2026-04-08T10:30:00-04:00|short|3,2026-04-08,ONON,2026-04-08T10:30:00-04:00,short,3,0.483046293258667,True,shadow,entry_next_bar_open_time_exit_at_selected_hold,34.74,34.91,17.37,"{'pressure_k': 0.0, 'spread': 0.00999999999999801, 'depth_imb_k': 0.2289783135377888, 'micro_off': 0.0029999999999930083, 'spread_mean_10s': 0.025641025641002322, 'depth_imb_k_mean_10s': 0.20204312110226907, 'depth_imb_k_mean_60s': 0.20983878950959717, 'dist_vwap_bps': None, 'hl_range_pct': None, 'oc_change_pct': None, 'volume_rel_20': None, 'atr_pct': None, 'position_in_range': None, 'rsi': None, 'bb_position': None, 'ret_3': None, 'ret_10': None, 'session_bucket': 1.0}"
2026-04-08|ONON|2026-04-08T10:31:00-04:00|long|12,2026-04-08,ONON,2026-04-08T10:31:00-04:00,long,12,0.4775838851928711,True,shadow,entry_next_bar_open_time_exit_at_selected_hold,34.74,34.57,52.11,"{'pressure_k': 0.0, 'spread': 0.030000000000001137, 'depth_imb_k': 0.12394449790023651, 'micro_off': -0.005000000000002558, 'spread_mean_10s': 0.034347826086925284, 'depth_imb_k_mean_10s': -0.05113957987642414, 'depth_imb_k_mean_60s': 0.10026512847336701, 'dist_vwap_bps': None, 'hl_range_pct': None, 'oc_change_pct': None, 'volume_rel_20': None, 'atr_pct': None, 'position_in_range': None, 'rsi': None, 'bb_position': None, 'ret_3': None, 'ret_10': None, 'session_bucket': 1.0}"
2026-04-08|ONON|2026-04-08T10:32:00-04:00|short|3,2026-04-08,ONON,2026-04-08T10:32:00-04:00,short,3,0.4516489505767822,True,shadow,entry_next_bar_open_time_exit_at_selected_hold,34.75,34.92,17.38,"{'pressure_k': 0.0, 'spread': 0.04000000000000625, 'depth_imb_k': -0.001607408473681685, 'micro_off': -0.006666666666667709, 'spread_mean_10s': 0.03499999999996817, 'depth_imb_k_mean_10s': 0.031937354986579326, 'depth_imb_k_mean_60s': 0.10067867653194748, 'dist_vwap_bps': None, 'hl_range_pct': None, 'oc_change_pct': None, 'volume_rel_20': None, 'atr_pct': None, 'position_in_range': None, 'rsi': None, 'bb_position': None, 'ret_3': None, 'ret_10': None, 'session_bucket': 1.0}"
2026-04-08|ONON|2026-04-08T10:33:00-04:00|long|12,2026-04-08,ONON,2026-04-08T10:33:00-04:00,long,12,0.4235888421535492,True,shadow,entry_next_bar_open_time_exit_at_selected_hold,34.765,34.59,52.15,"{'pressure_k': 0.0, 'spread': 0.030000000000001137, 'depth_imb_k': 0.06658203320749674, 'micro_off': -0.005000000000002558, 'spread_mean_10s': 0.03025641025638274, 'depth_imb_k_mean_10s': -0.05648513016576136, 'depth_imb_k_mean_60s': 0.07468003489902711, 'dist_vwap_bps': None, 'hl_range_pct': None, 'oc_change_pct': None, 'volume_rel_20': None, 'atr_pct': None, 'position_in_range': None, 'rsi': None, 'bb_position': None, 'ret_3': None, 'ret_10': None, 'session_bucket': 1.0}"
2026-04-08|ONON|2026-04-08T10:34:00-04:00|short|12,2026-04-08,ONON,2026-04-08T10:34:00-04:00,short,12,0.42506250739097595,True,shadow,entry_next_bar_open_time_exit_at_selected_hold,34.75,34.92,17.38,"{'pressure_k': 0.0, 'spread': 0.030000000000001137, 'depth_imb_k': -0.12958305367271225, 'micro_off': 0.0030000000000001137, 'spread_mean_10s': 0.026052631578923673, 'depth_imb_k_mean_10s': -0.15206649232059613, 'depth_imb_k_mean_60s': 0.04208467631937186, 'dist_vwap_bps': None, 'hl_range_pct': None, 'oc_change_pct': None, 'volume_rel_20': None, 'atr_pct': None, 'position_in_range': None, 'rsi': None, 'bb_position': None, 'ret_3': None, 'ret_10': None, 'session_bucket': 1.0}"
2026-04-08|ONON|2026-04-08T10:35:00-04:00|short|12,2026-04-08,ONON,2026-04-08T10:35:00-04:00,short,12,0.4533761143684387,True,shadow,entry_next_bar_open_time_exit_at_selected_hold,34.68,34.85,17.34,"{'pressure_k': 0.0, 'spread': 0.03999999999999915, 'depth_imb_k': 0.3127012492897084, 'micro_off': 0.0, 'spread_mean_10s': 0.038249999999965215, 'depth_imb_k_mean_10s': 0.37723780187603106, 'depth_imb_k_mean_60s': 0.10318212522977104, 'dist_vwap_bps': None, 'hl_range_pct': None, 'oc_change_pct': None, 'volume_rel_20': None, 'atr_pct': None, 'position_in_range': None, 'rsi': None, 'bb_position': None, 'ret_3': None, 'ret_10': None, 'session_bucket': 1.0}"
2026-04-08|ONON|2026-04-08T10:36:00-04:00|short|12,2026-04-08,ONON,2026-04-08T10:36:00-04:00,short,12,0.4170858860015869,True,shadow,entry_next_bar_open_time_exit_at_selected_hold,34.71,34.88,17.36,"{'pressure_k': 0.0, 'spread': 0.03999999999999915, 'depth_imb_k': 0.06982341022924787, 'micro_off': 0.0, 'spread_mean_10s': 0.040256410256373644, 'depth_imb_k_mean_10s': 0.04651916203211506, 'depth_imb_k_mean_60s': 0.21518367614693837, 'dist_vwap_bps': None, 'hl_range_pct': None, 'oc_change_pct': None, 'volume_rel_20': None, 'atr_pct': None, 'position_in_range': None, 'rsi': None, 'bb_position': None, 'ret_3': None, 'ret_10': None, 'session_bucket': 1.0}"
2026-04-08|ONON|2026-04-08T10:37:00-04:00|short|8,2026-04-08,ONON,2026-04-08T10:37:00-04:00,short,8,0.4046564996242523,True,shadow,entry_next_bar_open_time_exit_at_selected_hold,34.77,34.94,17.39,"{'pressure_k': 0.0, 'spread': 0.04999999999999716, 'depth_imb_k': -0.27852318224884626, 'micro_off': 0.0, 'spread_mean_10s': 0.04333333333329392, 'depth_imb_k_mean_10s': -0.0486647439301497, 'depth_imb_k_mean_60s': -0.12169090722097112, 'dist_vwap_bps': None, 'hl_range_pct': None, 'oc_change_pct': None, 'volume_rel_20': None, 'atr_pct': None, 'position_in_range': None, 'rsi': None, 'bb_position': None, 'ret_3': None, 'ret_10': None, 'session_bucket': 1.0}"
2026-04-08|ONON|2026-04-08T10:38:00-04:00|short|3,2026-04-08,ONON,2026-04-08T10:38:00-04:00,short,3,0.4480486214160919,True,shadow,entry_next_bar_open_time_exit_at_selected_hold,34.68,34.85,17.34,"{'pressure_k': 0.0, 'spread': 0.03999999999999915, 'depth_imb_k': 0.31463819907586554, 'micro_off': 0.014285714285712459, 'spread_mean_10s': 0.04157894736838324, 'depth_imb_k_mean_10s': 0.2735076404852242, 'depth_imb_k_mean_60s': -0.005128537711448038, 'dist_vwap_bps': None, 'hl_range_pct': None, 'oc_change_pct': None, 'volume_rel_20': None, 'atr_pct': None, 'position_in_range': None, 'rsi': None, 'bb_position': None, 'ret_3': None, 'ret_10': None, 'session_bucket': 1.0}"
2026-04-08|ONON|2026-04-08T10:39:00-04:00|short|8,2026-04-08,ONON,2026-04-08T10:39:00-04:00,short,8,0.44224753975868225,True,shadow,entry_next_bar_open_time_exit_at_selected_hold,34.695,34.87,17.35,"{'pressure_k': 0.0, 'spread': 0.030000000000001137, 'depth_imb_k': -0.0011353806228373703, 'micro_off': 0.009000000000000341, 'spread_mean_10s': 0.02949999999997317, 'depth_imb_k_mean_10s': 0.14948716724235514, 'depth_imb_k_mean_60s': 0.1821033959671829, 'dist_vwap_bps': None, 'hl_range_pct': None, 'oc_change_pct': None, 'volume_rel_20': None, 'atr_pct': None, 'position_in_range': None, 'rsi': None, 'bb_position': None, 'ret_3': None, 'ret_10': None, 'session_bucket': 1.0}"
2026-04-08|ONON|2026-04-08T10:40:00-04:00|short|12,2026-04-08,ONON,2026-04-08T10:40:00-04:00,short,12,0.41609060764312744,True,shadow,entry_next_bar_open_time_exit_at_selected_hold,34.75,34.92,17.38,"{'pressure_k': 0.0, 'spread': 0.030000000000001137, 'depth_imb_k': -0.041340782122905026, 'micro_off': 0.005000000000002558, 'spread_mean_10s': 0.031282051282022834, 'depth_imb_k_mean_10s': 0.030287158151212388, 'depth_imb_k_mean_60s': 0.13043935907634124, 'dist_vwap_bps': None, 'hl_range_pct': None, 'oc_change_pct': None, 'volume_rel_20': None, 'atr_pct': None, 'position_in_range': None, 'rsi': None, 'bb_position': None, 'ret_3': None, 'ret_10': None, 'session_bucket': 1.0}"
2026-04-08|ONON|2026-04-08T10:41:00-04:00|long|12,2026-04-08,ONON,2026-04-08T10:41:00-04:00,long,12,0.4470492899417877,True,shadow,entry_next_bar_open_time_exit_at_selected_hold,34.66,34.49,51.99,"{'pressure_k': 0.0, 'spread': 0.03999999999999915, 'depth_imb_k': 0.2712888251698123, 'micro_off': 0.0, 'spread_mean_10s': 0.03999999999996362, 'depth_imb_k_mean_10s': 0.1541479273899904, 'depth_imb_k_mean_60s': 0.1109629813399783, 'dist_vwap_bps': None, 'hl_range_pct': None, 'oc_change_pct': None, 'volume_rel_20': None, 'atr_pct': None, 'position_in_range': None, 'rsi': None, 'bb_position': None, 'ret_3': None, 'ret_10': None, 'session_bucket': 1.0}"
2026-04-08|ONON|2026-04-08T10:42:00-04:00|long|12,2026-04-08,ONON,2026-04-08T10:42:00-04:00,long,12,0.4509142339229584,True,shadow,entry_next_bar_open_time_exit_at_selected_hold,34.62,34.45,51.93,"{'pressure_k': 0.0, 'spread': 0.020000000000003126, 'depth_imb_k': 0.37704707551469785, 'micro_off': 0.005384615384620872, 'spread_mean_10s': 0.013684210526303343, 'depth_imb_k_mean_10s': 0.42826464294082417, 'depth_imb_k_mean_60s': 0.4263465167389417, 'dist_vwap_bps': None, 'hl_range_pct': None, 'oc_change_pct': None, 'volume_rel_20': None, 'atr_pct': None, 'position_in_range': None, 'rsi': None, 'bb_position': None, 'ret_3': None, 'ret_10': None, 'session_bucket': 1.0}"
2026-04-08|ONON|2026-04-08T10:43:00-04:00|long|12,2026-04-08,ONON,2026-04-08T10:43:00-04:00,long,12,0.45672938227653503,True,shadow,entry_next_bar_open_time_exit_at_selected_hold,34.655,34.48,51.98,"{'pressure_k': 0.0, 'spread': 0.030000000000001137, 'depth_imb_k': 0.04251875642987981, 'micro_off': 0.0, 'spread_mean_10s': 0.02774999999997476, 'depth_imb_k_mean_10s': 0.005450850101617988, 'depth_imb_k_mean_60s': -0.009905961869112802, 'dist_vwap_bps': None, 'hl_range_pct': None, 'oc_change_pct': None, 'volume_rel_20': None, 'atr_pct': None, 'position_in_range': None, 'rsi': None, 'bb_position': None, 'ret_3': None, 'ret_10': None, 'session_bucket': 1.0}"
2026-04-08|ONON|2026-04-08T10:44:00-04:00|long|8,2026-04-08,ONON,2026-04-08T10:44:00-04:00,long,8,0.4114421606063843,True,shadow,entry_next_bar_open_time_exit_at_selected_hold,34.645,34.47,51.97,"{'pressure_k': 0.0, 'spread': 0.02999999999999403, 'depth_imb_k': -0.02226016879399507, 'micro_off': 0.006428571428578778, 'spread_mean_10s': 0.029402985074600124, 'depth_imb_k_mean_10s': 0.00796756781063898, 'depth_imb_k_mean_60s': 0.018268161209861012, 'dist_vwap_bps': None, 'hl_range_pct': None, 'oc_change_pct': None, 'volume_rel_20': None, 'atr_pct': None, 'position_in_range': None, 'rsi': None, 'bb_position': None, 'ret_3': None, 'ret_10': None, 'session_bucket': 1.0}"
2026-04-08|ONON|2026-04-08T10:45:00-04:00|short|8,2026-04-08,ONON,2026-04-08T10:45:00-04:00,short,8,0.36322617530822754,True,shadow,entry_next_bar_open_time_exit_at_selected_hold,34.635,34.81,17.32,"{'pressure_k': 0.0, 'spread': 0.03999999999999915, 'depth_imb_k': -0.000979149144499818, 'micro_off': -7.105427357601002e-15, 'spread_mean_10s': 0.023589743589722136, 'depth_imb_k_mean_10s': -0.0009754817589020184, 'depth_imb_k_mean_60s': 0.017088097558147528, 'dist_vwap_bps': None, 'hl_range_pct': None, 'oc_change_pct': None, 'volume_rel_20': None, 'atr_pct': None, 'position_in_range': None, 'rsi': None, 'bb_position': None, 'ret_3': None, 'ret_10': None, 'session_bucket': 1.0}"
2026-04-08|ONON|2026-04-08T10:46:00-04:00|short|3,2026-04-08,ONON,2026-04-08T10:46:00-04:00,short,3,0.41987335681915283,True,shadow,entry_next_bar_open_time_exit_at_selected_hold,34.5,34.67,17.25,"{'pressure_k': 0.0, 'spread': 0.0, 'depth_imb_k': 0.14088609694406434, 'micro_off': 0.0, 'spread_mean_10s': 0.009999999999990905, 'depth_imb_k_mean_10s': 0.20038420520324962, 'depth_imb_k_mean_60s': 0.063244268550527, 'dist_vwap_bps': None, 'hl_range_pct': None, 'oc_change_pct': None, 'volume_rel_20': None, 'atr_pct': None, 'position_in_range': None, 'rsi': None, 'bb_position': None, 'ret_3': None, 'ret_10': None, 'session_bucket': 1.0}"
2026-04-08|ONON|2026-04-08T10:47:00-04:00|long|12,2026-04-08,ONON,2026-04-08T10:47:00-04:00,long,12,0.406330943107605,True,shadow,entry_next_bar_open_time_exit_at_selected_hold,34.49,34.32,51.73,"{'pressure_k': 0.0, 'spread': 0.060000000000002274, 'depth_imb_k': 0.4515812893997987, 'micro_off': 0.0, 'spread_mean_10s': 0.03726027397256885, 'depth_imb_k_mean_10s': 0.07836201801060799, 'depth_imb_k_mean_60s': 0.2750150160555305, 'dist_vwap_bps': None, 'hl_range_pct': None, 'oc_change_pct': None, 'volume_rel_20': None, 'atr_pct': None, 'position_in_range': None, 'rsi': None, 'bb_position': None, 'ret_3': None, 'ret_10': None, 'session_bucket': 1.0}"
2026-04-08|ONON|2026-04-08T10:48:00-04:00|short|8,2026-04-08,ONON,2026-04-08T10:48:00-04:00,short,8,0.4129776954650879,True,shadow,entry_next_bar_open_time_exit_at_selected_hold,34.545,34.72,17.27,"{'pressure_k': 0.0, 'spread': 0.060000000000002274, 'depth_imb_k': -0.27934923276021445, 'micro_off': 0.015000000000000568, 'spread_mean_10s': 0.05999999999994543, 'depth_imb_k_mean_10s': -0.28835166120254396, 'depth_imb_k_mean_60s': -0.04869030146631633, 'dist_vwap_bps': None, 'hl_range_pct': None, 'oc_change_pct': None, 'volume_rel_20': None, 'atr_pct': None, 'position_in_range': None, 'rsi': None, 'bb_position': None, 'ret_3': None, 'ret_10': None, 'session_bucket': 1.0}"
2026-04-08|ONON|2026-04-08T10:49:00-04:00|short|3,2026-04-08,ONON,2026-04-08T10:49:00-04:00,short,3,0.4093579947948456,True,shadow,entry_next_bar_open_time_exit_at_selected_hold,34.58,34.75,17.29,"{'pressure_k': 0.0, 'spread': 0.04999999999999716, 'depth_imb_k': -0.47139776837789105, 'micro_off': 0.0, 'spread_mean_10s': 0.04435897435893402, 'depth_imb_k_mean_10s': -0.35654012166452786, 'depth_imb_k_mean_60s': -0.38285357653472335, 'dist_vwap_bps': None, 'hl_range_pct': None, 'oc_change_pct': None, 'volume_rel_20': None, 'atr_pct': None, 'position_in_range': None, 'rsi': None, 'bb_position': None, 'ret_3': None, 'ret_10': None, 'session_bucket': 1.0}"
2026-04-08|ONON|2026-04-08T10:50:00-04:00|short|8,2026-04-08,ONON,2026-04-08T10:50:00-04:00,short,8,0.43704232573509216,True,shadow,entry_next_bar_open_time_exit_at_selected_hold,34.58,34.75,17.29,"{'pressure_k': 0.0, 'spread': 0.03999999999999915, 'depth_imb_k': -0.3218905932360007, 'micro_off': -0.006666666666667709, 'spread_mean_10s': 0.027435897435872485, 'depth_imb_k_mean_10s': -0.28311591610863784, 'depth_imb_k_mean_60s': -0.42581325840856377, 'dist_vwap_bps': None, 'hl_range_pct': None, 'oc_change_pct': None, 'volume_rel_20': None, 'atr_pct': None, 'position_in_range': None, 'rsi': None, 'bb_position': None, 'ret_3': None, 'ret_10': None, 'session_bucket': 1.0}"
2026-04-08|ONON|2026-04-08T10:51:00-04:00|long|12,2026-04-08,ONON,2026-04-08T10:51:00-04:00,long,12,0.39972811937332153,True,shadow,entry_next_bar_open_time_exit_at_selected_hold,34.525,34.35,51.79,"{'pressure_k': 0.0, 'spread': 0.020000000000003126, 'depth_imb_k': 0.03330235904199515, 'micro_off': 7.105427357601002e-15, 'spread_mean_10s': 0.018749999999982947, 'depth_imb_k_mean_10s': -0.015106224600317988, 'depth_imb_k_mean_60s': -0.14660921968051827, 'dist_vwap_bps': None, 'hl_range_pct': None, 'oc_change_pct': None, 'volume_rel_20': None, 'atr_pct': None, 'position_in_range': None, 'rsi': None, 'bb_position': None, 'ret_3': None, 'ret_10': None, 'session_bucket': 1.0}"
2026-04-08|ONON|2026-04-08T10:52:00-04:00|short|3,2026-04-08,ONON,2026-04-08T10:52:00-04:00,short,3,0.41751933097839355,True,shadow,entry_next_bar_open_time_exit_at_selected_hold,34.45,34.62,17.23,"{'pressure_k': 0.0, 'spread': 0.03999999999999915, 'depth_imb_k': 0.30938966666333095, 'micro_off': 0.014285714285712459, 'spread_mean_10s': 0.03473684210523156, 'depth_imb_k_mean_10s': 0.3961622151376585, 'depth_imb_k_mean_60s': 0.14491075218120786, 'dist_vwap_bps': None, 'hl_range_pct': None, 'oc_change_pct': None, 'volume_rel_20': None, 'atr_pct': None, 'position_in_range': None, 'rsi': None, 'bb_position': None, 'ret_3': None, 'ret_10': None, 'session_bucket': 1.0}"
2026-04-08|ONON|2026-04-08T10:53:00-04:00|long|12,2026-04-08,ONON,2026-04-08T10:53:00-04:00,long,12,0.4165615439414978,True,shadow,entry_next_bar_open_time_exit_at_selected_hold,34.41,34.24,51.61,"{'pressure_k': 0.0, 'spread': 0.030000000000001137, 'depth_imb_k': 0.5254287576227993, 'micro_off': 0.012499999999995737, 'spread_mean_10s': 0.029999999999972715, 'depth_imb_k_mean_10s': 0.4673824050545928, 'depth_imb_k_mean_60s': 0.2810456330107366, 'dist_vwap_bps': None, 'hl_range_pct': None, 'oc_change_pct': None, 'volume_rel_20': None, 'atr_pct': None, 'position_in_range': None, 'rsi': None, 'bb_position': None, 'ret_3': None, 'ret_10': None, 'session_bucket': 1.0}"
2026-04-08|ONON|2026-04-08T10:54:00-04:00|long|12,2026-04-08,ONON,2026-04-08T10:54:00-04:00,long,12,0.3932764232158661,True,shadow,entry_next_bar_open_time_exit_at_selected_hold,34.43,34.26,51.64,"{'pressure_k': 0.0, 'spread': 0.04000000000000625, 'depth_imb_k': 0.20926819199926613, 'micro_off': -0.006666666666667709, 'spread_mean_10s': 0.03899999999996453, 'depth_imb_k_mean_10s': 0.21021870181435318, 'depth_imb_k_mean_60s': 0.3315971225607057, 'dist_vwap_bps': None, 'hl_range_pct': None, 'oc_change_pct': None, 'volume_rel_20': None, 'atr_pct': None, 'position_in_range': None, 'rsi': None, 'bb_position': None, 'ret_3': None, 'ret_10': None, 'session_bucket': 1.0}"
2026-04-08|ONON|2026-04-08T10:55:00-04:00|long|12,2026-04-08,ONON,2026-04-08T10:55:00-04:00,long,12,0.4654538631439209,True,shadow,entry_next_bar_open_time_exit_at_selected_hold,34.365,34.19,51.55,"{'pressure_k': 0.0, 'spread': 0.030000000000001137, 'depth_imb_k': 0.2481112668620633, 'micro_off': 0.0, 'spread_mean_10s': 0.024888888888866253, 'depth_imb_k_mean_10s': 0.2308731728028925, 'depth_imb_k_mean_60s': 0.28525804500044877, 'dist_vwap_bps': None, 'hl_range_pct': None, 'oc_change_pct': None, 'volume_rel_20': None, 'atr_pct': None, 'position_in_range': None, 'rsi': None, 'bb_position': None, 'ret_3': None, 'ret_10': None, 'session_bucket': 1.0}"
2026-04-08|ONON|2026-04-08T10:56:00-04:00|long|12,2026-04-08,ONON,2026-04-08T10:56:00-04:00,long,12,0.4550347328186035,True,shadow,entry_next_bar_open_time_exit_at_selected_hold,34.35,34.18,51.53,"{'pressure_k': 0.0, 'spread': 0.04999999999999716, 'depth_imb_k': -0.0016215953779676652, 'micro_off': 0.0, 'spread_mean_10s': 0.03899999999996453, 'depth_imb_k_mean_10s': 0.011410976134635575, 'depth_imb_k_mean_60s': 0.08542301739677782, 'dist_vwap_bps': None, 'hl_range_pct': None, 'oc_change_pct': None, 'volume_rel_20': None, 'atr_pct': None, 'position_in_range': None, 'rsi': None, 'bb_position': None, 'ret_3': None, 'ret_10': None, 'session_bucket': 1.0}"
2026-04-08|ONON|2026-04-08T10:57:00-04:00|short|5,2026-04-08,ONON,2026-04-08T10:57:00-04:00,short,5,0.44968855381011963,True,shadow,entry_next_bar_open_time_exit_at_selected_hold,34.515,34.69,17.26,"{'pressure_k': 0.0, 'spread': 0.04999999999999716, 'depth_imb_k': -0.5407813038021082, 'micro_off': 0.0, 'spread_mean_10s': 0.05461538461533786, 'depth_imb_k_mean_10s': -0.3928810879049259, 'depth_imb_k_mean_60s': -0.21159814936628651, 'dist_vwap_bps': None, 'hl_range_pct': None, 'oc_change_pct': None, 'volume_rel_20': None, 'atr_pct': None, 'position_in_range': None, 'rsi': None, 'bb_position': None, 'ret_3': None, 'ret_10': None, 'session_bucket': 1.0}"
2026-04-08|ONON|2026-04-08T10:58:00-04:00|short|12,2026-04-08,ONON,2026-04-08T10:58:00-04:00,short,12,0.38779982924461365,True,shadow,entry_next_bar_open_time_exit_at_selected_hold,34.53,34.7,17.27,"{'pressure_k': 0.0, 'spread': 0.03999999999999915, 'depth_imb_k': -0.5451175668206504, 'micro_off': -7.105427357601002e-15, 'spread_mean_10s': 0.03605263157891458, 'depth_imb_k_mean_10s': -0.39572878882765994, 'depth_imb_k_mean_60s': -0.396022439840627, 'dist_vwap_bps': None, 'hl_range_pct': None, 'oc_change_pct': None, 'volume_rel_20': None, 'atr_pct': None, 'position_in_range': None, 'rsi': None, 'bb_position': None, 'ret_3': None, 'ret_10': None, 'session_bucket': 1.0}"
2026-04-08|ONON|2026-04-08T10:59:00-04:00|short|12,2026-04-08,ONON,2026-04-08T10:59:00-04:00,short,12,0.43744325637817383,True,shadow,entry_next_bar_open_time_exit_at_selected_hold,34.56,34.73,17.28,"{'pressure_k': 0.0, 'spread': 0.03999999999999915, 'depth_imb_k': -0.3035690253815304, 'micro_off': -7.105427357601002e-15, 'spread_mean_10s': 0.04256410256406385, 'depth_imb_k_mean_10s': -0.1972384566288631, 'depth_imb_k_mean_60s': -0.2965258586641156, 'dist_vwap_bps': None, 'hl_range_pct': None, 'oc_change_pct': None, 'volume_rel_20': None, 'atr_pct': None, 'position_in_range': None, 'rsi': None, 'bb_position': None, 'ret_3': None, 'ret_10': None, 'session_bucket': 1.0}"
2026-04-08|ONON|2026-04-08T11:00:00-04:00|short|5,2026-04-08,ONON,2026-04-08T11:00:00-04:00,short,5,0.4252415895462036,True,shadow,entry_next_bar_open_time_exit_at_selected_hold,34.56,34.73,17.28,"{'pressure_k': 0.0, 'spread': 0.04999999999999716, 'depth_imb_k': -0.44565060221606945, 'micro_off': 0.0, 'spread_mean_10s': 0.0420512820512438, 'depth_imb_k_mean_10s': -0.5315833076233623, 'depth_imb_k_mean_60s': -0.4998203305522601, 'dist_vwap_bps': None, 'hl_range_pct': None, 'oc_change_pct': None, 'volume_rel_20': None, 'atr_pct': None, 'position_in_range': None, 'rsi': None, 'bb_position': None, 'ret_3': None, 'ret_10': None, 'session_bucket': 1.0}"
2026-04-08|ONON|2026-04-08T11:01:00-04:00|short|3,2026-04-08,ONON,2026-04-08T11:01:00-04:00,short,3,0.47928011417388916,True,shadow,entry_next_bar_open_time_exit_at_selected_hold,34.51,34.68,17.25,"{'pressure_k': 0.0, 'spread': 0.05000000000000426, 'depth_imb_k': 0.10209352078239609, 'micro_off': -7.105427357601002e-15, 'spread_mean_10s': 0.049999999999954525, 'depth_imb_k_mean_10s': 0.10301563683737258, 'depth_imb_k_mean_60s': -0.09210070712200086, 'dist_vwap_bps': None, 'hl_range_pct': None, 'oc_change_pct': None, 'volume_rel_20': None, 'atr_pct': None, 'position_in_range': None, 'rsi': None, 'bb_position': None, 'ret_3': None, 'ret_10': None, 'session_bucket': 1.0}"
2026-04-08|ONON|2026-04-08T11:02:00-04:00|short|5,2026-04-08,ONON,2026-04-08T11:02:00-04:00,short,5,0.4419163763523102,True,shadow,entry_next_bar_open_time_exit_at_selected_hold,34.57,34.74,17.29,"{'pressure_k': 0.0, 'spread': 0.030000000000001137, 'depth_imb_k': -0.6869774549276993, 'micro_off': -0.0016666666666651508, 'spread_mean_10s': 0.026153846153822366, 'depth_imb_k_mean_10s': -0.695584913307489, 'depth_imb_k_mean_60s': -0.6351749824376187, 'dist_vwap_bps': None, 'hl_range_pct': None, 'oc_change_pct': None, 'volume_rel_20': None, 'atr_pct': None, 'position_in_range': None, 'rsi': None, 'bb_position': None, 'ret_3': None, 'ret_10': None, 'session_bucket': 1.0}"
2026-04-08|ONON|2026-04-08T11:03:00-04:00|long|12,2026-04-08,ONON,2026-04-08T11:03:00-04:00,long,12,0.36993110179901123,True,shadow,entry_next_bar_open_time_exit_at_selected_hold,34.6,34.43,51.9,"{'pressure_k': 0.0, 'spread': 0.030000000000001137, 'depth_imb_k': -0.7815057846778172, 'micro_off': 0.005000000000002558, 'spread_mean_10s': 0.029999999999972715, 'depth_imb_k_mean_10s': -0.7808597615406062, 'depth_imb_k_mean_60s': -0.7777820053721815, 'dist_vwap_bps': None, 'hl_range_pct': None, 'oc_change_pct': None, 'volume_rel_20': None, 'atr_pct': None, 'position_in_range': None, 'rsi': None, 'bb_position': None, 'ret_3': None, 'ret_10': None, 'session_bucket': 1.0}"
2026-04-08|ONON|2026-04-08T11:04:00-04:00|long|8,2026-04-08,ONON,2026-04-08T11:04:00-04:00,long,8,0.3662372827529907,True,shadow,entry_next_bar_open_time_exit_at_selected_hold,34.565,34.39,51.85,"{'pressure_k': 0.0, 'spread': 0.05000000000000426, 'depth_imb_k': -0.8049863374193262, 'micro_off': 0.0, 'spread_mean_10s': 0.049999999999954525, 'depth_imb_k_mean_10s': -0.8220637146237197, 'depth_imb_k_mean_60s': -0.6366276296005187, 'dist_vwap_bps': None, 'hl_range_pct': None, 'oc_change_pct': None, 'volume_rel_20': None, 'atr_pct': None, 'position_in_range': None, 'rsi': None, 'bb_position': None, 'ret_3': None, 'ret_10': None, 'session_bucket': 1.0}"
2026-04-08|ONON|2026-04-08T11:05:00-04:00|long|8,2026-04-08,ONON,2026-04-08T11:05:00-04:00,long,8,0.3608817458152771,True,shadow,entry_next_bar_open_time_exit_at_selected_hold,34.57,34.4,51.86,"{'pressure_k': 0.0, 'spread': 0.030000000000001137, 'depth_imb_k': -0.8188235294117647, 'micro_off': 0.0, 'spread_mean_10s': 0.029999999999972715, 'depth_imb_k_mean_10s': -0.8182624252780155, 'depth_imb_k_mean_60s': -0.7238739707236393, 'dist_vwap_bps': None, 'hl_range_pct': None, 'oc_change_pct': None, 'volume_rel_20': None, 'atr_pct': None, 'position_in_range': None, 'rsi': None, 'bb_position': None, 'ret_3': None, 'ret_10': None, 'session_bucket': 1.0}"
2026-04-08|ONON|2026-04-08T11:06:00-04:00|long|12,2026-04-08,ONON,2026-04-08T11:06:00-04:00,long,12,0.4410307705402374,True,shadow,entry_next_bar_open_time_exit_at_selected_hold,34.545,34.37,51.82,"{'pressure_k': 0.0, 'spread': 0.030000000000001137, 'depth_imb_k': 0.14172029846301473, 'micro_off': 0.0, 'spread_mean_10s': 0.029999999999972715, 'depth_imb_k_mean_10s': 0.11681761560482347, 'depth_imb_k_mean_60s': -0.21127270836415207, 'dist_vwap_bps': None, 'hl_range_pct': None, 'oc_change_pct': None, 'volume_rel_20': None, 'atr_pct': None, 'position_in_range': None, 'rsi': None, 'bb_position': None, 'ret_3': None, 'ret_10': None, 'session_bucket': 1.0}"
2026-04-08|ONON|2026-04-08T11:07:00-04:00|long|8,2026-04-08,ONON,2026-04-08T11:07:00-04:00,long,8,0.361729234457016,True,shadow,entry_next_bar_open_time_exit_at_selected_hold,34.57,34.4,51.86,"{'pressure_k': 0.0, 'spread': 0.020000000000003126, 'depth_imb_k': -0.2787548788127018, 'micro_off': 0.0, 'spread_mean_10s': 0.01999999999998181, 'depth_imb_k_mean_10s': -0.18104599178426675, 'depth_imb_k_mean_60s': -0.16460086007709118, 'dist_vwap_bps': None, 'hl_range_pct': None, 'oc_change_pct': None, 'volume_rel_20': None, 'atr_pct': None, 'position_in_range': None, 'rsi': None, 'bb_position': None, 'ret_3': None, 'ret_10': None, 'session_bucket': 1.0}"
2026-04-08|ONON|2026-04-08T11:08:00-04:00|long|12,2026-04-08,ONON,2026-04-08T11:08:00-04:00,long,12,0.41168221831321716,True,shadow,entry_next_bar_open_time_exit_at_selected_hold,34.57,34.4,51.86,"{'pressure_k': 0.0, 'spread': 0.020000000000003126, 'depth_imb_k': -0.0332577263774934, 'micro_off': 0.0, 'spread_mean_10s': 0.01999999999998181, 'depth_imb_k_mean_10s': -0.03328494879883187, 'depth_imb_k_mean_60s': -0.07403778041998908, 'dist_vwap_bps': None, 'hl_range_pct': None, 'oc_change_pct': None, 'volume_rel_20': None, 'atr_pct': None, 'position_in_range': None, 'rsi': None, 'bb_position': None, 'ret_3': None, 'ret_10': None, 'session_bucket': 1.0}"
2026-04-08|ONON|2026-04-08T11:09:00-04:00|long|12,2026-04-08,ONON,2026-04-08T11:09:00-04:00,long,12,0.3920474946498871,True,shadow,entry_next_bar_open_time_exit_at_selected_hold,34.54,34.37,51.81,"{'pressure_k': 0.0, 'spread': 0.030000000000001137, 'depth_imb_k': 0.09569033944996964, 'micro_off': 0.007500000000000284, 'spread_mean_10s': 0.029999999999972715, 'depth_imb_k_mean_10s': 0.1036879783451863, 'depth_imb_k_mean_60s': -0.10591439278566583, 'dist_vwap_bps': None, 'hl_range_pct': None, 'oc_change_pct': None, 'volume_rel_20': None, 'atr_pct': None, 'position_in_range': None, 'rsi': None, 'bb_position': None, 'ret_3': None, 'ret_10': None, 'session_bucket': 1.0}"
2026-04-08|ONON|2026-04-08T11:10:00-04:00|long|12,2026-04-08,ONON,2026-04-08T11:10:00-04:00,long,12,0.36955875158309937,True,shadow,entry_next_bar_open_time_exit_at_selected_hold,34.5,34.33,51.75,"{'pressure_k': 0.0, 'spread': 0.030000000000001137, 'depth_imb_k': -0.0010477039679001338, 'micro_off': 0.0, 'spread_mean_10s': 0.02947368421049951, 'depth_imb_k_mean_10s': 0.10062225362869533, 'depth_imb_k_mean_60s': 0.19781851024933095, 'dist_vwap_bps': None, 'hl_range_pct': None, 'oc_change_pct': None, 'volume_rel_20': None, 'atr_pct': None, 'position_in_range': None, 'rsi': None, 'bb_position': None, 'ret_3': None, 'ret_10': None, 'session_bucket': 1.0}"
2026-04-08|ONON|2026-04-08T11:11:00-04:00|long|12,2026-04-08,ONON,2026-04-08T11:11:00-04:00,long,12,0.41227561235427856,True,shadow,entry_next_bar_open_time_exit_at_selected_hold,34.53,34.36,51.8,"{'pressure_k': 0.0, 'spread': 0.03999999999999915, 'depth_imb_k': 0.04643817667747052, 'micro_off': 0.0, 'spread_mean_10s': 0.04368421052627606, 'depth_imb_k_mean_10s': 0.07344388752925636, 'depth_imb_k_mean_60s': -0.194991426517109, 'dist_vwap_bps': None, 'hl_range_pct': None, 'oc_change_pct': None, 'volume_rel_20': None, 'atr_pct': None, 'position_in_range': None, 'rsi': None, 'bb_position': None, 'ret_3': None, 'ret_10': None, 'session_bucket': 1.0}"
2026-04-08|ONON|2026-04-08T11:12:00-04:00|short|12,2026-04-08,ONON,2026-04-08T11:12:00-04:00,short,12,0.39887866377830505,True,shadow,entry_next_bar_open_time_exit_at_selected_hold,34.58,34.75,17.29,"{'pressure_k': 0.0, 'spread': 0.05000000000000426, 'depth_imb_k': -0.8177145593797491, 'micro_off': 0.00833333333333286, 'spread_mean_10s': 0.04260869565213516, 'depth_imb_k_mean_10s': -0.5906558331771101, 'depth_imb_k_mean_60s': -0.25992180670174647, 'dist_vwap_bps': None, 'hl_range_pct': None, 'oc_change_pct': None, 'volume_rel_20': None, 'atr_pct': None, 'position_in_range': None, 'rsi': None, 'bb_position': None, 'ret_3': None, 'ret_10': None, 'session_bucket': 1.0}"
2026-04-08|ONON|2026-04-08T11:13:00-04:00|long|12,2026-04-08,ONON,2026-04-08T11:13:00-04:00,long,12,0.4212873578071594,True,shadow,entry_next_bar_open_time_exit_at_selected_hold,34.515,34.34,51.77,"{'pressure_k': 0.0, 'spread': 0.03999999999999915, 'depth_imb_k': 0.0751226036558181, 'micro_off': -7.105427357601002e-15, 'spread_mean_10s': 0.04846153846149438, 'depth_imb_k_mean_10s': -0.08330226152833557, 'depth_imb_k_mean_60s': -0.23202865448652774, 'dist_vwap_bps': None, 'hl_range_pct': None, 'oc_change_pct': None, 'volume_rel_20': None, 'atr_pct': None, 'position_in_range': None, 'rsi': None, 'bb_position': None, 'ret_3': None, 'ret_10': None, 'session_bucket': 1.0}"
2026-04-08|ONON|2026-04-08T11:14:00-04:00|long|12,2026-04-08,ONON,2026-04-08T11:14:00-04:00,long,12,0.4232949912548065,True,shadow,entry_next_bar_open_time_exit_at_selected_hold,34.53,34.36,51.8,"{'pressure_k': 0.0, 'spread': 0.03999999999999915, 'depth_imb_k': -0.7854275640968713, 'micro_off': 0.0, 'spread_mean_10s': 0.04499999999995907, 'depth_imb_k_mean_10s': -0.8029103704030293, 'depth_imb_k_mean_60s': -0.21622736804554568, 'dist_vwap_bps': None, 'hl_range_pct': None, 'oc_change_pct': None, 'volume_rel_20': None, 'atr_pct': None, 'position_in_range': None, 'rsi': None, 'bb_position': None, 'ret_3': None, 'ret_10': None, 'session_bucket': 1.0}"
2026-04-08|ONON|2026-04-08T11:15:00-04:00|long|12,2026-04-08,ONON,2026-04-08T11:15:00-04:00,long,12,0.41671010851860046,True,shadow,entry_next_bar_open_time_exit_at_selected_hold,34.49,34.32,51.73,"{'pressure_k': 0.0, 'spread': 0.04999999999999716, 'depth_imb_k': 0.14013103843471897, 'micro_off': 0.0, 'spread_mean_10s': 0.0387179487179135, 'depth_imb_k_mean_10s': -0.1463234622209105, 'depth_imb_k_mean_60s': -0.12806469436739026, 'dist_vwap_bps': None, 'hl_range_pct': None, 'oc_change_pct': None, 'volume_rel_20': None, 'atr_pct': None, 'position_in_range': None, 'rsi': None, 'bb_position': None, 'ret_3': None, 'ret_10': None, 'session_bucket': 1.0}"
2026-04-08|ONON|2026-04-08T11:16:00-04:00|long|8,2026-04-08,ONON,2026-04-08T11:16:00-04:00,long,8,0.4574296176433563,True,shadow,entry_next_bar_open_time_exit_at_selected_hold,34.54,34.37,51.81,"{'pressure_k': 0.0, 'spread': 0.03999999999999915, 'depth_imb_k': 0.14669722707787827, 'micro_off': 0.0, 'spread_mean_10s': 0.05184210526311075, 'depth_imb_k_mean_10s': -0.12331644491622515, 'depth_imb_k_mean_60s': 0.12515686555289812, 'dist_vwap_bps': None, 'hl_range_pct': None, 'oc_change_pct': None, 'volume_rel_20': None, 'atr_pct': None, 'position_in_range': None, 'rsi': None, 'bb_position': None, 'ret_3': None, 'ret_10': None, 'session_bucket': 1.0}"
2026-04-08|ONON|2026-04-08T11:17:00-04:00|long|12,2026-04-08,ONON,2026-04-08T11:17:00-04:00,long,12,0.3966928720474243,True,shadow,entry_next_bar_open_time_exit_at_selected_hold,34.6,34.43,51.9,"{'pressure_k': 0.0, 'spread': 0.030000000000001137, 'depth_imb_k': -0.8188957005727192, 'micro_off': 0.0, 'spread_mean_10s': 0.03894736842101721, 'depth_imb_k_mean_10s': -0.7814738555996069, 'depth_imb_k_mean_60s': -0.31008149177827304, 'dist_vwap_bps': None, 'hl_range_pct': None, 'oc_change_pct': None, 'volume_rel_20': None, 'atr_pct': None, 'position_in_range': None, 'rsi': None, 'bb_position': None, 'ret_3': None, 'ret_10': None, 'session_bucket': 1.0}"
2026-04-08|ONON|2026-04-08T11:18:00-04:00|long|12,2026-04-08,ONON,2026-04-08T11:18:00-04:00,long,12,0.40688538551330566,True,shadow,entry_next_bar_open_time_exit_at_selected_hold,34.55,34.38,51.82,"{'pressure_k': 0.0, 'spread': 0.03999999999999915, 'depth_imb_k': 0.03578893212000386, 'micro_off': 0.0, 'spread_mean_10s': 0.03999999999996362, 'depth_imb_k_mean_10s': -0.2824675688616301, 'depth_imb_k_mean_60s': -0.46830041198193395, 'dist_vwap_bps': None, 'hl_range_pct': None, 'oc_change_pct': None, 'volume_rel_20': None, 'atr_pct': None, 'position_in_range': None, 'rsi': None, 'bb_position': None, 'ret_3': None, 'ret_10': None, 'session_bucket': 1.0}"
2026-04-08|ONON|2026-04-08T11:19:00-04:00|long|8,2026-04-08,ONON,2026-04-08T11:19:00-04:00,long,8,0.4335012435913086,True,shadow,entry_next_bar_open_time_exit_at_selected_hold,34.605,34.43,51.91,"{'pressure_k': 0.0, 'spread': 0.02999999999999403, 'depth_imb_k': -0.7237470948494206, 'micro_off': -7.105427357601002e-15, 'spread_mean_10s': 0.031052631578919125, 'depth_imb_k_mean_10s': -0.7401485728336482, 'depth_imb_k_mean_60s': -0.5838638456118508, 'dist_vwap_bps': None, 'hl_range_pct': None, 'oc_change_pct': None, 'volume_rel_20': None, 'atr_pct': None, 'position_in_range': None, 'rsi': None, 'bb_position': None, 'ret_3': None, 'ret_10': None, 'session_bucket': 1.0}"
2026-04-08|ONON|2026-04-08T11:20:00-04:00|long|12,2026-04-08,ONON,2026-04-08T11:20:00-04:00,long,12,0.3458790183067322,True,shadow,entry_next_bar_open_time_exit_at_selected_hold,34.61,34.44,51.91,"{'pressure_k': 0.0, 'spread': 0.030000000000001137, 'depth_imb_k': -0.7625206749778932, 'micro_off': 0.0, 'spread_mean_10s': 0.029999999999972715, 'depth_imb_k_mean_10s': -0.763437460810604, 'depth_imb_k_mean_60s': -0.7158433069654162, 'dist_vwap_bps': None, 'hl_range_pct': None, 'oc_change_pct': None, 'volume_rel_20': None, 'atr_pct': None, 'position_in_range': None, 'rsi': None, 'bb_position': None, 'ret_3': None, 'ret_10': None, 'session_bucket': 1.0}"
2026-04-08|ONON|2026-04-08T11:21:00-04:00|long|12,2026-04-08,ONON,2026-04-08T11:21:00-04:00,long,12,0.4181343913078308,True,shadow,entry_next_bar_open_time_exit_at_selected_hold,34.55,34.38,51.82,"{'pressure_k': 0.0, 'spread': 0.01999999999999602, 'depth_imb_k': 0.1189114070642733, 'micro_off': 0.0, 'spread_mean_10s': 0.02473684210524066, 'depth_imb_k_mean_10s': -0.40563830588381444, 'depth_imb_k_mean_60s': -0.13929697854986556, 'dist_vwap_bps': None, 'hl_range_pct': None, 'oc_change_pct': None, 'volume_rel_20': None, 'atr_pct': None, 'position_in_range': None, 'rsi': None, 'bb_position': None, 'ret_3': None, 'ret_10': None, 'session_bucket': 1.0}"
2026-04-08|ONON|2026-04-08T11:22:00-04:00|long|12,2026-04-08,ONON,2026-04-08T11:22:00-04:00,long,12,0.4439734220504761,True,shadow,entry_next_bar_open_time_exit_at_selected_hold,34.545,34.37,51.82,"{'pressure_k': 0.0, 'spread': 0.030000000000001137, 'depth_imb_k': 0.11854159669218564, 'micro_off': 0.0, 'spread_mean_10s': 0.03619999999996708, 'depth_imb_k_mean_10s': 0.3682936134473039, 'depth_imb_k_mean_60s': -0.3551657811589877, 'dist_vwap_bps': None, 'hl_range_pct': None, 'oc_change_pct': None, 'volume_rel_20': None, 'atr_pct': None, 'position_in_range': None, 'rsi': None, 'bb_position': None, 'ret_3': None, 'ret_10': None, 'session_bucket': 1.0}"
2026-04-08|ONON|2026-04-08T11:23:00-04:00|long|12,2026-04-08,ONON,2026-04-08T11:23:00-04:00,long,12,0.4284132421016693,True,shadow,entry_next_bar_open_time_exit_at_selected_hold,34.515,34.34,51.77,"{'pressure_k': 0.0, 'spread': 0.05000000000000426, 'depth_imb_k': 0.03882673468204742, 'micro_off': 0.008333333333339965, 'spread_mean_10s': 0.04052631578943683, 'depth_imb_k_mean_10s': 0.2780310121015107, 'depth_imb_k_mean_60s': -0.07010194754553617, 'dist_vwap_bps': None, 'hl_range_pct': None, 'oc_change_pct': None, 'volume_rel_20': None, 'atr_pct': None, 'position_in_range': None, 'rsi': None, 'bb_position': None, 'ret_3': None, 'ret_10': None, 'session_bucket': 1.0}"
2026-04-08|ONON|2026-04-08T11:24:00-04:00|long|12,2026-04-08,ONON,2026-04-08T11:24:00-04:00,long,12,0.3896903395652771,True,shadow,entry_next_bar_open_time_exit_at_selected_hold,34.595,34.42,51.89,"{'pressure_k': 0.0, 'spread': 0.04999999999999716, 'depth_imb_k': -0.7742840280140801, 'micro_off': 0.015000000000000568, 'spread_mean_10s': 0.04421052631574927, 'depth_imb_k_mean_10s': -0.7740139547106297, 'depth_imb_k_mean_60s': -0.7015736829454897, 'dist_vwap_bps': None, 'hl_range_pct': None, 'oc_change_pct': None, 'volume_rel_20': None, 'atr_pct': None, 'position_in_range': None, 'rsi': None, 'bb_position': None, 'ret_3': None, 'ret_10': None, 'session_bucket': 1.0}"
2026-04-08|ONON|2026-04-08T11:25:00-04:00|long|12,2026-04-08,ONON,2026-04-08T11:25:00-04:00,long,12,0.3643742501735687,True,shadow,entry_next_bar_open_time_exit_at_selected_hold,34.595,34.42,51.89,"{'pressure_k': 0.0, 'spread': 0.030000000000001137, 'depth_imb_k': -0.7644828714815622, 'micro_off': -0.0049999999999954525, 'spread_mean_10s': 0.029999999999972715, 'depth_imb_k_mean_10s': -0.7684472219019355, 'depth_imb_k_mean_60s': -0.7741172223867763, 'dist_vwap_bps': None, 'hl_range_pct': None, 'oc_change_pct': None, 'volume_rel_20': None, 'atr_pct': None, 'position_in_range': None, 'rsi': None, 'bb_position': None, 'ret_3': None, 'ret_10': None, 'session_bucket': 1.0}"
2026-04-08|ONON|2026-04-08T11:26:00-04:00|long|8,2026-04-08,ONON,2026-04-08T11:26:00-04:00,long,8,0.4412490129470825,True,shadow,entry_next_bar_open_time_exit_at_selected_hold,34.56,34.39,51.84,"{'pressure_k': 0.0, 'spread': 0.020000000000003126, 'depth_imb_k': -0.7820849344229763, 'micro_off': 0.0, 'spread_mean_10s': 0.01937499999998238, 'depth_imb_k_mean_10s': -0.7033832428572566, 'depth_imb_k_mean_60s': -0.33295651633698736, 'dist_vwap_bps': None, 'hl_range_pct': None, 'oc_change_pct': None, 'volume_rel_20': None, 'atr_pct': None, 'position_in_range': None, 'rsi': None, 'bb_position': None, 'ret_3': None, 'ret_10': None, 'session_bucket': 1.0}"
2026-04-08|ONON|2026-04-08T11:27:00-04:00|long|8,2026-04-08,ONON,2026-04-08T11:27:00-04:00,long,8,0.39909955859184265,True,shadow,entry_next_bar_open_time_exit_at_selected_hold,34.55,34.38,51.82,"{'pressure_k': 0.0, 'spread': 0.030000000000001137, 'depth_imb_k': -0.7819233531975489, 'micro_off': 0.0, 'spread_mean_10s': 0.03684210526312439, 'depth_imb_k_mean_10s': -0.6441570937961507, 'depth_imb_k_mean_60s': -0.6076354794689894, 'dist_vwap_bps': None, 'hl_range_pct': None, 'oc_change_pct': None, 'volume_rel_20': None, 'atr_pct': None, 'position_in_range': None, 'rsi': None, 'bb_position': None, 'ret_3': None, 'ret_10': None, 'session_bucket': 1.0}"
2026-04-08|ONON|2026-04-08T11:28:00-04:00|long|8,2026-04-08,ONON,2026-04-08T11:28:00-04:00,long,8,0.46424490213394165,True,shadow,entry_next_bar_open_time_exit_at_selected_hold,34.56,34.39,51.84,"{'pressure_k': 0.0, 'spread': 0.01999999999999602, 'depth_imb_k': -0.835248439057663, 'micro_off': -0.005000000000002558, 'spread_mean_10s': 0.02105263157892822, 'depth_imb_k_mean_10s': -0.6754953704129619, 'depth_imb_k_mean_60s': -0.4137639390667426, 'dist_vwap_bps': None, 'hl_range_pct': None, 'oc_change_pct': None, 'volume_rel_20': None, 'atr_pct': None, 'position_in_range': None, 'rsi': None, 'bb_position': None, 'ret_3': None, 'ret_10': None, 'session_bucket': 1.0}"
2026-04-08|ONON|2026-04-08T11:29:00-04:00|long|12,2026-04-08,ONON,2026-04-08T11:29:00-04:00,long,12,0.4152670204639435,True,shadow,entry_next_bar_open_time_exit_at_selected_hold,34.515,34.34,51.77,"{'pressure_k': 0.0, 'spread': 0.030000000000001137, 'depth_imb_k': -0.28674843326645844, 'micro_off': 0.0, 'spread_mean_10s': 0.029999999999972715, 'depth_imb_k_mean_10s': -0.26221502039769756, 'depth_imb_k_mean_60s': -0.31117866745540923, 'dist_vwap_bps': None, 'hl_range_pct': None, 'oc_change_pct': None, 'volume_rel_20': None, 'atr_pct': None, 'position_in_range': None, 'rsi': None, 'bb_position': None, 'ret_3': None, 'ret_10': None, 'session_bucket': 1.0}"
2026-04-08|ONON|2026-04-08T11:30:00-04:00|long|8,2026-04-08,ONON,2026-04-08T11:30:00-04:00,long,8,0.43205752968788147,True,shadow,entry_next_bar_open_time_exit_at_selected_hold,34.495,34.32,51.74,"{'pressure_k': 0.0, 'spread': 0.03999999999999915, 'depth_imb_k': 0.171454569088782, 'micro_off': 0.006666666666674814, 'spread_mean_10s': 0.026842105263133482, 'depth_imb_k_mean_10s': -0.032712449419274266, 'depth_imb_k_mean_60s': -0.1958298040759621, 'dist_vwap_bps': None, 'hl_range_pct': None, 'oc_change_pct': None, 'volume_rel_20': None, 'atr_pct': None, 'position_in_range': None, 'rsi': None, 'bb_position': None, 'ret_3': None, 'ret_10': None, 'session_bucket': 1.0}"
2026-04-08|ONON|2026-04-08T11:31:00-04:00|long|12,2026-04-08,ONON,2026-04-08T11:31:00-04:00,long,12,0.42587992548942566,True,shadow,entry_next_bar_open_time_exit_at_selected_hold,34.48,34.31,51.72,"{'pressure_k': 0.0, 'spread': 0.00999999999999801, 'depth_imb_k': 0.06551374329742525, 'micro_off': -7.105427357601002e-15, 'spread_mean_10s': 0.0189473684210354, 'depth_imb_k_mean_10s': 0.01108945256613113, 'depth_imb_k_mean_60s': 0.057903284979484375, 'dist_vwap_bps': None, 'hl_range_pct': None, 'oc_change_pct': None, 'volume_rel_20': None, 'atr_pct': None, 'position_in_range': None, 'rsi': None, 'bb_position': None, 'ret_3': None, 'ret_10': None, 'session_bucket': 1.0}"
2026-04-08|ONON|2026-04-08T11:32:00-04:00|short|12,2026-04-08,ONON,2026-04-08T11:32:00-04:00,short,12,0.36350223422050476,True,shadow,entry_next_bar_open_time_exit_at_selected_hold,34.505,34.68,17.25,"{'pressure_k': 0.0, 'spread': 0.030000000000001137, 'depth_imb_k': -0.7403716209148686, 'micro_off': 0.0, 'spread_mean_10s': 0.03743589743586339, 'depth_imb_k_mean_10s': -0.7482302675646749, 'depth_imb_k_mean_60s': -0.24700674735924438, 'dist_vwap_bps': None, 'hl_range_pct': None, 'oc_change_pct': None, 'volume_rel_20': None, 'atr_pct': None, 'position_in_range': None, 'rsi': None, 'bb_position': None, 'ret_3': None, 'ret_10': None, 'session_bucket': 1.0}"
2026-04-08|ONON|2026-04-08T11:33:00-04:00|long|12,2026-04-08,ONON,2026-04-08T11:33:00-04:00,long,12,0.38288047909736633,True,shadow,entry_next_bar_open_time_exit_at_selected_hold,34.49,34.32,51.73,"{'pressure_k': 0.0, 'spread': 0.00999999999999801, 'depth_imb_k': 0.07030328123382673, 'micro_off': -7.105427357601002e-15, 'spread_mean_10s': 0.01526315789472296, 'depth_imb_k_mean_10s': -0.45552998913668535, 'depth_imb_k_mean_60s': -0.5353988986572351, 'dist_vwap_bps': None, 'hl_range_pct': None, 'oc_change_pct': None, 'volume_rel_20': None, 'atr_pct': None, 'position_in_range': None, 'rsi': None, 'bb_position': None, 'ret_3': None, 'ret_10': None, 'session_bucket': 1.0}"
2026-04-08|ONON|2026-04-08T11:34:00-04:00|long|12,2026-04-08,ONON,2026-04-08T11:34:00-04:00,long,12,0.38435909152030945,True,shadow,entry_next_bar_open_time_exit_at_selected_hold,34.5025,34.33,51.75,"{'pressure_k': 0.0, 'spread': 0.01999999999999602, 'depth_imb_k': 0.08976577114602637, 'micro_off': 0.0, 'spread_mean_10s': 0.027894736842079892, 'depth_imb_k_mean_10s': -0.7000460908436109, 'depth_imb_k_mean_60s': -0.0463644160932399, 'dist_vwap_bps': None, 'hl_range_pct': None, 'oc_change_pct': None, 'volume_rel_20': None, 'atr_pct': None, 'position_in_range': None, 'rsi': None, 'bb_position': None, 'ret_3': None, 'ret_10': None, 'session_bucket': 1.0}"
2026-04-08|ONON|2026-04-08T11:35:00-04:00|long|12,2026-04-08,ONON,2026-04-08T11:35:00-04:00,long,12,0.4126574397087097,True,shadow,entry_next_bar_open_time_exit_at_selected_hold,34.495,34.32,51.74,"{'pressure_k': 0.0, 'spread': 0.030000000000001137, 'depth_imb_k': 0.03318634950155483, 'micro_off': -0.0049999999999954525, 'spread_mean_10s': 0.03499999999996817, 'depth_imb_k_mean_10s': -0.3868894867555953, 'depth_imb_k_mean_60s': -0.5284414575842273, 'dist_vwap_bps': None, 'hl_range_pct': None, 'oc_change_pct': None, 'volume_rel_20': None, 'atr_pct': None, 'position_in_range': None, 'rsi': None, 'bb_position': None, 'ret_3': None, 'ret_10': None, 'session_bucket': 1.0}"
2026-04-08|ONON|2026-04-08T11:36:00-04:00|long|12,2026-04-08,ONON,2026-04-08T11:36:00-04:00,long,12,0.3937408924102783,True,shadow,entry_next_bar_open_time_exit_at_selected_hold,34.56,34.39,51.84,"{'pressure_k': 0.0, 'spread': 0.03999999999999915, 'depth_imb_k': -0.8315859108093049, 'micro_off': 0.006666666666667709, 'spread_mean_10s': 0.04657894736837869, 'depth_imb_k_mean_10s': -0.8205936945328774, 'depth_imb_k_mean_60s': -0.5067593542603929, 'dist_vwap_bps': None, 'hl_range_pct': None, 'oc_change_pct': None, 'volume_rel_20': None, 'atr_pct': None, 'position_in_range': None, 'rsi': None, 'bb_position': None, 'ret_3': None, 'ret_10': None, 'session_bucket': 1.0}"
2026-04-08|ONON|2026-04-08T11:37:00-04:00|long|12,2026-04-08,ONON,2026-04-08T11:37:00-04:00,long,12,0.4079286754131317,True,shadow,entry_next_bar_open_time_exit_at_selected_hold,34.555,34.38,51.83,"{'pressure_k': 0.0, 'spread': 0.04999999999999716, 'depth_imb_k': -0.11283128913285874, 'micro_off': 0.0, 'spread_mean_10s': 0.049999999999954525, 'depth_imb_k_mean_10s': -0.15506529075652284, 'depth_imb_k_mean_60s': -0.5700310420125677, 'dist_vwap_bps': None, 'hl_range_pct': None, 'oc_change_pct': None, 'volume_rel_20': None, 'atr_pct': None, 'position_in_range': None, 'rsi': None, 'bb_position': None, 'ret_3': None, 'ret_10': None, 'session_bucket': 1.0}"
2026-04-08|ONON|2026-04-08T11:38:00-04:00|long|8,2026-04-08,ONON,2026-04-08T11:38:00-04:00,long,8,0.45811760425567627,True,shadow,entry_next_bar_open_time_exit_at_selected_hold,34.53,34.36,51.8,"{'pressure_k': 0.0, 'spread': 0.03999999999999915, 'depth_imb_k': -0.7493837852241689, 'micro_off': -0.010000000000005116, 'spread_mean_10s': 0.033157894736811945, 'depth_imb_k_mean_10s': -0.702114513751631, 'depth_imb_k_mean_60s': -0.47645383193003, 'dist_vwap_bps': None, 'hl_range_pct': None, 'oc_change_pct': None, 'volume_rel_20': None, 'atr_pct': None, 'position_in_range': None, 'rsi': None, 'bb_position': None, 'ret_3': None, 'ret_10': None, 'session_bucket': 1.0}"
2026-04-08|ONON|2026-04-08T11:39:00-04:00|long|12,2026-04-08,ONON,2026-04-08T11:39:00-04:00,long,12,0.4411037564277649,True,shadow,entry_next_bar_open_time_exit_at_selected_hold,34.5,34.33,51.75,"{'pressure_k': 0.0, 'spread': 0.01999999999999602, 'depth_imb_k': -0.06403976567946616, 'micro_off': 0.0, 'spread_mean_10s': 0.0284210526315531, 'depth_imb_k_mean_10s': -0.2250457496950874, 'depth_imb_k_mean_60s': -0.14041071126388444, 'dist_vwap_bps': None, 'hl_range_pct': None, 'oc_change_pct': None, 'volume_rel_20': None, 'atr_pct': None, 'position_in_range': None, 'rsi': None, 'bb_position': None, 'ret_3': None, 'ret_10': None, 'session_bucket': 1.0}"
2026-04-08|ONON|2026-04-08T11:40:00-04:00|long|12,2026-04-08,ONON,2026-04-08T11:40:00-04:00,long,12,0.47576695680618286,True,shadow,entry_next_bar_open_time_exit_at_selected_hold,34.485,34.31,51.73,"{'pressure_k': 0.0, 'spread': 0.030000000000001137, 'depth_imb_k': -0.026656058769731802, 'micro_off': 0.0, 'spread_mean_10s': 0.029999999999972715, 'depth_imb_k_mean_10s': -0.005076398263458702, 'depth_imb_k_mean_60s': -0.13394969257544856, 'dist_vwap_bps': None, 'hl_range_pct': None, 'oc_change_pct': None, 'volume_rel_20': None, 'atr_pct': None, 'position_in_range': None, 'rsi': None, 'bb_position': None, 'ret_3': None, 'ret_10': None, 'session_bucket': 1.0}"
2026-04-08|ONON|2026-04-08T11:41:00-04:00|long|12,2026-04-08,ONON,2026-04-08T11:41:00-04:00,long,12,0.4217997193336487,True,shadow,entry_next_bar_open_time_exit_at_selected_hold,34.51,34.34,51.77,"{'pressure_k': 0.0, 'spread': 0.020000000000003126, 'depth_imb_k': 0.10254744605790468, 'micro_off': -7.105427357601002e-15, 'spread_mean_10s': 0.01999999999998181, 'depth_imb_k_mean_10s': 0.08200520814593322, 'depth_imb_k_mean_60s': -0.11339266143638844, 'dist_vwap_bps': None, 'hl_range_pct': None, 'oc_change_pct': None, 'volume_rel_20': None, 'atr_pct': None, 'position_in_range': None, 'rsi': None, 'bb_position': None, 'ret_3': None, 'ret_10': None, 'session_bucket': 1.0}"
2026-04-08|ONON|2026-04-08T11:42:00-04:00|long|12,2026-04-08,ONON,2026-04-08T11:42:00-04:00,long,12,0.3521670699119568,True,shadow,entry_next_bar_open_time_exit_at_selected_hold,34.51,34.34,51.77,"{'pressure_k': 0.0, 'spread': 0.020000000000003126, 'depth_imb_k': 0.24908570807835753, 'micro_off': 0.003333333333337407, 'spread_mean_10s': 0.01999999999998181, 'depth_imb_k_mean_10s': -0.32528954823998757, 'depth_imb_k_mean_60s': -0.1200562388729383, 'dist_vwap_bps': None, 'hl_range_pct': None, 'oc_change_pct': None, 'volume_rel_20': None, 'atr_pct': None, 'position_in_range': None, 'rsi': None, 'bb_position': None, 'ret_3': None, 'ret_10': None, 'session_bucket': 1.0}"
2026-04-08|ONON|2026-04-08T11:43:00-04:00|long|12,2026-04-08,ONON,2026-04-08T11:43:00-04:00,long,12,0.3588160276412964,True,shadow,entry_next_bar_open_time_exit_at_selected_hold,34.49,34.32,51.73,"{'pressure_k': 0.0, 'spread': 0.020000000000003126, 'depth_imb_k': 0.18647323734357868, 'micro_off': 7.105427357601002e-15, 'spread_mean_10s': 0.024210526315767453, 'depth_imb_k_mean_10s': 0.12464764484045525, 'depth_imb_k_mean_60s': 0.15520319023825047, 'dist_vwap_bps': None, 'hl_range_pct': None, 'oc_change_pct': None, 'volume_rel_20': None, 'atr_pct': None, 'position_in_range': None, 'rsi': None, 'bb_position': None, 'ret_3': None, 'ret_10': None, 'session_bucket': 1.0}"
2026-04-08|ONON|2026-04-08T11:44:00-04:00|short|12,2026-04-08,ONON,2026-04-08T11:44:00-04:00,short,12,0.3559795320034027,True,shadow,entry_next_bar_open_time_exit_at_selected_hold,34.5,34.67,17.25,"{'pressure_k': 0.0, 'spread': 0.020000000000003126, 'depth_imb_k': 0.24200941866023085, 'micro_off': 0.003333333333337407, 'spread_mean_10s': 0.01999999999998181, 'depth_imb_k_mean_10s': 0.30968858565093843, 'depth_imb_k_mean_60s': 0.18679091908961346, 'dist_vwap_bps': None, 'hl_range_pct': None, 'oc_change_pct': None, 'volume_rel_20': None, 'atr_pct': None, 'position_in_range': None, 'rsi': None, 'bb_position': None, 'ret_3': None, 'ret_10': None, 'session_bucket': 1.0}"
2026-04-08|ONON|2026-04-08T11:45:00-04:00|long|12,2026-04-08,ONON,2026-04-08T11:45:00-04:00,long,12,0.34799790382385254,True,shadow,entry_next_bar_open_time_exit_at_selected_hold,34.515,34.34,51.77,"{'pressure_k': 0.0, 'spread': 0.030000000000001137, 'depth_imb_k': 0.15689546143707192, 'micro_off': -0.005000000000002558, 'spread_mean_10s': 0.029999999999972715, 'depth_imb_k_mean_10s': -0.6233345119049342, 'depth_imb_k_mean_60s': -0.286470208525206, 'dist_vwap_bps': None, 'hl_range_pct': None, 'oc_change_pct': None, 'volume_rel_20': None, 'atr_pct': None, 'position_in_range': None, 'rsi': None, 'bb_position': None, 'ret_3': None, 'ret_10': None, 'session_bucket': 1.0}"
2026-04-08|ONON|2026-04-08T11:46:00-04:00|short|12,2026-04-08,ONON,2026-04-08T11:46:00-04:00,short,12,0.3987978398799896,True,shadow,entry_next_bar_open_time_exit_at_selected_hold,34.55,34.72,17.27,"{'pressure_k': 0.0, 'spread': 0.020000000000003126, 'depth_imb_k': 0.16580902453928537, 'micro_off': 0.0, 'spread_mean_10s': 0.027105263157870086, 'depth_imb_k_mean_10s': -0.05853609770889833, 'depth_imb_k_mean_60s': 0.1145109344305706, 'dist_vwap_bps': None, 'hl_range_pct': None, 'oc_change_pct': None, 'volume_rel_20': None, 'atr_pct': None, 'position_in_range': None, 'rsi': None, 'bb_position': None, 'ret_3': None, 'ret_10': None, 'session_bucket': 1.0}"
2026-04-08|ONON|2026-04-08T11:47:00-04:00|short|12,2026-04-08,ONON,2026-04-08T11:47:00-04:00,short,12,0.3997434973716736,True,shadow,entry_next_bar_open_time_exit_at_selected_hold,34.53,34.7,17.27,"{'pressure_k': 0.0, 'spread': 0.01999999999999602, 'depth_imb_k': 0.161708434384263, 'micro_off': 0.0, 'spread_mean_10s': 0.031052631578919125, 'depth_imb_k_mean_10s': 0.023945826400617272, 'depth_imb_k_mean_60s': 0.09555605930148146, 'dist_vwap_bps': None, 'hl_range_pct': None, 'oc_change_pct': None, 'volume_rel_20': None, 'atr_pct': None, 'position_in_range': None, 'rsi': None, 'bb_position': None, 'ret_3': None, 'ret_10': None, 'session_bucket': 1.0}"
2026-04-08|ONON|2026-04-08T11:48:00-04:00|long|8,2026-04-08,ONON,2026-04-08T11:48:00-04:00,long,8,0.42454540729522705,True,shadow,entry_next_bar_open_time_exit_at_selected_hold,34.56,34.39,51.84,"{'pressure_k': 0.0, 'spread': 0.020000000000003126, 'depth_imb_k': -0.7135923205354278, 'micro_off': 0.0, 'spread_mean_10s': 0.023157894736821043, 'depth_imb_k_mean_10s': -0.46804496868209133, 'depth_imb_k_mean_60s': -0.19585071732780154, 'dist_vwap_bps': None, 'hl_range_pct': None, 'oc_change_pct': None, 'volume_rel_20': None, 'atr_pct': None, 'position_in_range': None, 'rsi': None, 'bb_position': None, 'ret_3': None, 'ret_10': None, 'session_bucket': 1.0}"
2026-04-08|ONON|2026-04-08T11:49:00-04:00|long|12,2026-04-08,ONON,2026-04-08T11:49:00-04:00,long,12,0.3880065381526947,True,shadow,entry_next_bar_open_time_exit_at_selected_hold,34.54,34.37,51.81,"{'pressure_k': 0.0, 'spread': 0.01999999999999602, 'depth_imb_k': 0.1325166285344686, 'micro_off': 0.0033333333333303017, 'spread_mean_10s': 0.01999999999998181, 'depth_imb_k_mean_10s': 0.21790748629009135, 'depth_imb_k_mean_60s': 0.22417836969437505, 'dist_vwap_bps': None, 'hl_range_pct': None, 'oc_change_pct': None, 'volume_rel_20': None, 'atr_pct': None, 'position_in_range': None, 'rsi': None, 'bb_position': None, 'ret_3': None, 'ret_10': None, 'session_bucket': 1.0}"
2026-04-08|ONON|2026-04-08T11:50:00-04:00|long|12,2026-04-08,ONON,2026-04-08T11:50:00-04:00,long,12,0.3605382442474365,True,shadow,entry_next_bar_open_time_exit_at_selected_hold,34.52,34.35,51.78,"{'pressure_k': 0.0, 'spread': 0.020000000000003126, 'depth_imb_k': 0.07072274820218324, 'micro_off': 7.105427357601002e-15, 'spread_mean_10s': 0.01999999999998181, 'depth_imb_k_mean_10s': 0.0706830989523185, 'depth_imb_k_mean_60s': 0.03339027059145768, 'dist_vwap_bps': None, 'hl_range_pct': None, 'oc_change_pct': None, 'volume_rel_20': None, 'atr_pct': None, 'position_in_range': None, 'rsi': None, 'bb_position': None, 'ret_3': None, 'ret_10': None, 'session_bucket': 1.0}"
2026-04-08|ONON|2026-04-08T11:51:00-04:00|short|8,2026-04-08,ONON,2026-04-08T11:51:00-04:00,short,8,0.4138500392436981,True,shadow,entry_next_bar_open_time_exit_at_selected_hold,34.54,34.71,17.27,"{'pressure_k': 0.0, 'spread': 0.030000000000001137, 'depth_imb_k': -0.031344278397530345, 'micro_off': -0.005000000000002558, 'spread_mean_10s': 0.029999999999972715, 'depth_imb_k_mean_10s': -0.04331778244428744, 'depth_imb_k_mean_60s': 0.12112020183670576, 'dist_vwap_bps': None, 'hl_range_pct': None, 'oc_change_pct': None, 'volume_rel_20': None, 'atr_pct': None, 'position_in_range': None, 'rsi': None, 'bb_position': None, 'ret_3': None, 'ret_10': None, 'session_bucket': 1.0}"
2026-04-08|ONON|2026-04-08T11:52:00-04:00|short|12,2026-04-08,ONON,2026-04-08T11:52:00-04:00,short,12,0.4211931824684143,True,shadow,entry_next_bar_open_time_exit_at_selected_hold,34.6,34.77,17.3,"{'pressure_k': 0.0, 'spread': 0.01999999999999602, 'depth_imb_k': -0.7020438896839013, 'micro_off': 0.0, 'spread_mean_10s': 0.022399999999979627, 'depth_imb_k_mean_10s': -0.6971396183300204, 'depth_imb_k_mean_60s': -0.3442738146952507, 'dist_vwap_bps': None, 'hl_range_pct': None, 'oc_change_pct': None, 'volume_rel_20': None, 'atr_pct': None, 'position_in_range': None, 'rsi': None, 'bb_position': None, 'ret_3': None, 'ret_10': None, 'session_bucket': 1.0}"
2026-04-08|ONON|2026-04-08T11:53:00-04:00|long|8,2026-04-08,ONON,2026-04-08T11:53:00-04:00,long,8,0.37885022163391113,True,shadow,entry_next_bar_open_time_exit_at_selected_hold,34.655,34.48,51.98,"{'pressure_k': 0.0, 'spread': 0.030000000000001137, 'depth_imb_k': -0.6883615717523092, 'micro_off': 0.0049999999999954525, 'spread_mean_10s': 0.0286842105262897, 'depth_imb_k_mean_10s': -0.6837930506092945, 'depth_imb_k_mean_60s': -0.6893094674292035, 'dist_vwap_bps': None, 'hl_range_pct': None, 'oc_change_pct': None, 'volume_rel_20': None, 'atr_pct': None, 'position_in_range': None, 'rsi': None, 'bb_position': None, 'ret_3': None, 'ret_10': None, 'session_bucket': 1.0}"
2026-04-08|ONON|2026-04-08T11:54:00-04:00|short|8,2026-04-08,ONON,2026-04-08T11:54:00-04:00,short,8,0.5007151365280151,True,shadow,entry_next_bar_open_time_exit_at_selected_hold,34.59,34.76,17.3,"{'pressure_k': 0.0, 'spread': 0.020000000000003126, 'depth_imb_k': 0.4670883527000936, 'micro_off': 0.0, 'spread_mean_10s': 0.025526315789450468, 'depth_imb_k_mean_10s': -0.4752790538435109, 'depth_imb_k_mean_60s': -0.6579052956972251, 'dist_vwap_bps': None, 'hl_range_pct': None, 'oc_change_pct': None, 'volume_rel_20': None, 'atr_pct': None, 'position_in_range': None, 'rsi': None, 'bb_position': None, 'ret_3': None, 'ret_10': None, 'session_bucket': 1.0}"
2026-04-08|ONON|2026-04-08T11:55:00-04:00|long|8,2026-04-08,ONON,2026-04-08T11:55:00-04:00,long,8,0.4287605583667755,True,shadow,entry_next_bar_open_time_exit_at_selected_hold,34.59,34.42,51.89,"{'pressure_k': 0.0, 'spread': 0.03999999999999915, 'depth_imb_k': -0.7107284126092178, 'micro_off': 0.0, 'spread_mean_10s': 0.03736842105259759, 'depth_imb_k_mean_10s': -0.7210092368911415, 'depth_imb_k_mean_60s': -0.5300396633155618, 'dist_vwap_bps': None, 'hl_range_pct': None, 'oc_change_pct': None, 'volume_rel_20': None, 'atr_pct': None, 'position_in_range': None, 'rsi': None, 'bb_position': None, 'ret_3': None, 'ret_10': None, 'session_bucket': 1.0}"
2026-04-08|ONON|2026-04-08T11:56:00-04:00|long|8,2026-04-08,ONON,2026-04-08T11:56:00-04:00,long,8,0.434999018907547,True,shadow,entry_next_bar_open_time_exit_at_selected_hold,34.62,34.45,51.93,"{'pressure_k': 0.0, 'spread': 0.04999999999999716, 'depth_imb_k': -0.7330037534731814, 'micro_off': 0.0, 'spread_mean_10s': 0.03684210526312439, 'depth_imb_k_mean_10s': -0.7503689943417301, 'depth_imb_k_mean_60s': -0.6638649024959288, 'dist_vwap_bps': None, 'hl_range_pct': None, 'oc_change_pct': None, 'volume_rel_20': None, 'atr_pct': None, 'position_in_range': None, 'rsi': None, 'bb_position': None, 'ret_3': None, 'ret_10': None, 'session_bucket': 1.0}"
2026-04-08|ONON|2026-04-08T11:57:00-04:00|long|12,2026-04-08,ONON,2026-04-08T11:57:00-04:00,long,12,0.2949361503124237,True,shadow,entry_next_bar_open_time_exit_at_selected_hold,34.63,34.46,51.95,"{'pressure_k': 0.0, 'spread': 0.020000000000003126, 'depth_imb_k': -0.7923604490377268, 'micro_off': 7.105427357601002e-15, 'spread_mean_10s': 0.019473684210508605, 'depth_imb_k_mean_10s': -0.7928824276255478, 'depth_imb_k_mean_60s': -0.7571634356054865, 'dist_vwap_bps': None, 'hl_range_pct': None, 'oc_change_pct': None, 'volume_rel_20': None, 'atr_pct': None, 'position_in_range': None, 'rsi': None, 'bb_position': None, 'ret_3': None, 'ret_10': None, 'session_bucket': 1.0}"
2026-04-08|ONON|2026-04-08T11:58:00-04:00|long|8,2026-04-08,ONON,2026-04-08T11:58:00-04:00,long,8,0.30981412529945374,True,shadow,entry_next_bar_open_time_exit_at_selected_hold,34.6,34.43,51.9,"{'pressure_k': 0.0, 'spread': 0.03999999999999915, 'depth_imb_k': -0.725773581995836, 'micro_off': -7.105427357601002e-15, 'spread_mean_10s': 0.03526315789470477, 'depth_imb_k_mean_10s': -0.7414819828934349, 'depth_imb_k_mean_60s': -0.7571757611990713, 'dist_vwap_bps': None, 'hl_range_pct': None, 'oc_change_pct': None, 'volume_rel_20': None, 'atr_pct': None, 'position_in_range': None, 'rsi': None, 'bb_position': None, 'ret_3': None, 'ret_10': None, 'session_bucket': 1.0}"
2026-04-08|ONON|2026-04-08T11:59:00-04:00|long|8,2026-04-08,ONON,2026-04-08T11:59:00-04:00,long,8,0.39165976643562317,True,shadow,entry_next_bar_open_time_exit_at_selected_hold,34.605,34.43,51.91,"{'pressure_k': 0.0, 'spread': 0.01999999999999602, 'depth_imb_k': -0.706537538487002, 'micro_off': -0.0033333333333303017, 'spread_mean_10s': 0.027368421052606687, 'depth_imb_k_mean_10s': -0.6676195410246022, 'depth_imb_k_mean_60s': -0.6688758045288091, 'dist_vwap_bps': None, 'hl_range_pct': None, 'oc_change_pct': None, 'volume_rel_20': None, 'atr_pct': None, 'position_in_range': None, 'rsi': None, 'bb_position': None, 'ret_3': None, 'ret_10': None, 'session_bucket': 1.0}"
2026-04-08|ONON|2026-04-08T12:00:00-04:00|long|8,2026-04-08,ONON,2026-04-08T12:00:00-04:00,long,8,0.34805944561958313,True,shadow,entry_next_bar_open_time_exit_at_selected_hold,34.63,34.46,51.95,"{'pressure_k': 0.0, 'spread': 0.030000000000001137, 'depth_imb_k': -0.7148778264832255, 'micro_off': 0.005000000000002558, 'spread_mean_10s': 0.024473684210504058, 'depth_imb_k_mean_10s': -0.708156294436082, 'depth_imb_k_mean_60s': -0.7065514277283401, 'dist_vwap_bps': None, 'hl_range_pct': None, 'oc_change_pct': None, 'volume_rel_20': None, 'atr_pct': None, 'position_in_range': None, 'rsi': None, 'bb_position': None, 'ret_3': None, 'ret_10': None, 'session_bucket': 1.0}"
2026-04-08|ONON|2026-04-08T12:01:00-04:00|long|8,2026-04-08,ONON,2026-04-08T12:01:00-04:00,long,8,0.29685333371162415,True,shadow,entry_next_bar_open_time_exit_at_selected_hold,34.62,34.45,51.93,"{'pressure_k': 0.0, 'spread': 0.020000000000003126, 'depth_imb_k': -0.7298582930057941, 'micro_off': 0.0033333333333303017, 'spread_mean_10s': 0.01999999999998181, 'depth_imb_k_mean_10s': -0.7370961269817168, 'depth_imb_k_mean_60s': -0.7330274356170752, 'dist_vwap_bps': None, 'hl_range_pct': None, 'oc_change_pct': None, 'volume_rel_20': None, 'atr_pct': None, 'position_in_range': None, 'rsi': None, 'bb_position': None, 'ret_3': None, 'ret_10': None, 'session_bucket': 1.0}"
2026-04-08|ONON|2026-04-08T12:02:00-04:00|long|12,2026-04-08,ONON,2026-04-08T12:02:00-04:00,long,12,0.4018684923648834,True,shadow,entry_next_bar_open_time_exit_at_selected_hold,34.65,34.48,51.97,"{'pressure_k': 0.0, 'spread': 0.030000000000001137, 'depth_imb_k': -0.27092371846173285, 'micro_off': 0.0, 'spread_mean_10s': 0.020526315789455015, 'depth_imb_k_mean_10s': 0.19000823281579104, 'depth_imb_k_mean_60s': 0.1727453737432394, 'dist_vwap_bps': None, 'hl_range_pct': None, 'oc_change_pct': None, 'volume_rel_20': None, 'atr_pct': None, 'position_in_range': None, 'rsi': None, 'bb_position': None, 'ret_3': None, 'ret_10': None, 'session_bucket': 1.0}"
2026-04-08|ONON|2026-04-08T12:03:00-04:00|long|8,2026-04-08,ONON,2026-04-08T12:03:00-04:00,long,8,0.3936251103878021,True,shadow,entry_next_bar_open_time_exit_at_selected_hold,34.65,34.48,51.97,"{'pressure_k': 0.0, 'spread': 0.030000000000001137, 'depth_imb_k': -0.719855430135804, 'micro_off': 0.0, 'spread_mean_10s': 0.026315789473660277, 'depth_imb_k_mean_10s': -0.7151772543061748, 'depth_imb_k_mean_60s': -0.5330685040229016, 'dist_vwap_bps': None, 'hl_range_pct': None, 'oc_change_pct': None, 'volume_rel_20': None, 'atr_pct': None, 'position_in_range': None, 'rsi': None, 'bb_position': None, 'ret_3': None, 'ret_10': None, 'session_bucket': 1.0}"
2026-04-08|ONON|2026-04-08T12:04:00-04:00|long|8,2026-04-08,ONON,2026-04-08T12:04:00-04:00,long,8,0.407009482383728,True,shadow,entry_next_bar_open_time_exit_at_selected_hold,34.65,34.48,51.97,"{'pressure_k': 0.0, 'spread': 0.03999999999999915, 'depth_imb_k': -0.7897292885597228, 'micro_off': -0.006666666666674814, 'spread_mean_10s': 0.037631578947334196, 'depth_imb_k_mean_10s': -0.7778329802829974, 'depth_imb_k_mean_60s': -0.024678213635339907, 'dist_vwap_bps': None, 'hl_range_pct': None, 'oc_change_pct': None, 'volume_rel_20': None, 'atr_pct': None, 'position_in_range': None, 'rsi': None, 'bb_position': None, 'ret_3': None, 'ret_10': None, 'session_bucket': 1.0}"
2026-04-08|ONON|2026-04-08T12:05:00-04:00|long|8,2026-04-08,ONON,2026-04-08T12:05:00-04:00,long,8,0.3765328526496887,True,shadow,entry_next_bar_open_time_exit_at_selected_hold,34.67,34.5,52.01,"{'pressure_k': 0.0, 'spread': 0.01999999999999602, 'depth_imb_k': -0.6924754634678298, 'micro_off': 0.0, 'spread_mean_10s': 0.02116279069765517, 'depth_imb_k_mean_10s': -0.5733217539166215, 'depth_imb_k_mean_60s': -0.46652516689233936, 'dist_vwap_bps': None, 'hl_range_pct': None, 'oc_change_pct': None, 'volume_rel_20': None, 'atr_pct': None, 'position_in_range': None, 'rsi': None, 'bb_position': None, 'ret_3': None, 'ret_10': None, 'session_bucket': 1.0}"
2026-04-08|ONON|2026-04-08T12:06:00-04:00|long|12,2026-04-08,ONON,2026-04-08T12:06:00-04:00,long,12,0.3869593143463135,True,shadow,entry_next_bar_open_time_exit_at_selected_hold,34.66,34.49,51.99,"{'pressure_k': 0.0, 'spread': 0.020000000000003126, 'depth_imb_k': -0.665709723941008, 'micro_off': 0.003333333333337407, 'spread_mean_10s': 0.01999999999998181, 'depth_imb_k_mean_10s': -0.669251207697734, 'depth_imb_k_mean_60s': -0.43374196566423406, 'dist_vwap_bps': None, 'hl_range_pct': None, 'oc_change_pct': None, 'volume_rel_20': None, 'atr_pct': None, 'position_in_range': None, 'rsi': None, 'bb_position': None, 'ret_3': None, 'ret_10': None, 'session_bucket': 1.0}"
2026-04-08|ONON|2026-04-08T12:07:00-04:00|long|12,2026-04-08,ONON,2026-04-08T12:07:00-04:00,long,12,0.44596466422080994,True,shadow,entry_next_bar_open_time_exit_at_selected_hold,34.62,34.45,51.93,"{'pressure_k': 0.0, 'spread': 0.01999999999999602, 'depth_imb_k': -0.8234959732524658, 'micro_off': 0.0, 'spread_mean_10s': 0.021315789473664824, 'depth_imb_k_mean_10s': -0.09562045479852761, 'depth_imb_k_mean_60s': -0.09503032831746433, 'dist_vwap_bps': None, 'hl_range_pct': None, 'oc_change_pct': None, 'volume_rel_20': None, 'atr_pct': None, 'position_in_range': None, 'rsi': None, 'bb_position': None, 'ret_3': None, 'ret_10': None, 'session_bucket': 1.0}"
2026-04-08|ONON|2026-04-08T12:08:00-04:00|long|12,2026-04-08,ONON,2026-04-08T12:08:00-04:00,long,12,0.41917940974235535,True,shadow,entry_next_bar_open_time_exit_at_selected_hold,34.64,34.47,51.96,"{'pressure_k': 0.0, 'spread': 0.00999999999999801, 'depth_imb_k': 0.03585026737967915, 'micro_off': 7.105427357601002e-15, 'spread_mean_10s': 0.018309859154912924, 'depth_imb_k_mean_10s': 0.1068510191812557, 'depth_imb_k_mean_60s': -0.40203980630689623, 'dist_vwap_bps': None, 'hl_range_pct': None, 'oc_change_pct': None, 'volume_rel_20': None, 'atr_pct': None, 'position_in_range': None, 'rsi': None, 'bb_position': None, 'ret_3': None, 'ret_10': None, 'session_bucket': 1.0}"
2026-04-08|ONON|2026-04-08T12:09:00-04:00|long|12,2026-04-08,ONON,2026-04-08T12:09:00-04:00,long,12,0.4547441005706787,True,shadow,entry_next_bar_open_time_exit_at_selected_hold,34.6351,34.46,51.95,"{'pressure_k': 0.0, 'spread': 0.00999999999999801, 'depth_imb_k': 0.036382692019763435, 'micro_off': -7.105427357601002e-15, 'spread_mean_10s': 0.009999999999990905, 'depth_imb_k_mean_10s': 0.031148801986714, 'depth_imb_k_mean_60s': -0.027360015927548248, 'dist_vwap_bps': None, 'hl_range_pct': None, 'oc_change_pct': None, 'volume_rel_20': None, 'atr_pct': None, 'position_in_range': None, 'rsi': None, 'bb_position': None, 'ret_3': None, 'ret_10': None, 'session_bucket': 1.0}"
2026-04-08|ONON|2026-04-08T12:10:00-04:00|long|8,2026-04-08,ONON,2026-04-08T12:10:00-04:00,long,8,0.414394348859787,True,shadow,entry_next_bar_open_time_exit_at_selected_hold,34.695,34.52,52.04,"{'pressure_k': 0.0, 'spread': 0.03999999999999915, 'depth_imb_k': -0.6677083333333333, 'micro_off': 0.0, 'spread_mean_10s': 0.02773333333330811, 'depth_imb_k_mean_10s': -0.29772847187454315, 'depth_imb_k_mean_60s': -0.4754833177246663, 'dist_vwap_bps': None, 'hl_range_pct': None, 'oc_change_pct': None, 'volume_rel_20': None, 'atr_pct': None, 'position_in_range': None, 'rsi': None, 'bb_position': None, 'ret_3': None, 'ret_10': None, 'session_bucket': 1.0}"
2026-04-08|ONON|2026-04-08T12:11:00-04:00|long|12,2026-04-08,ONON,2026-04-08T12:11:00-04:00,long,12,0.42238298058509827,True,shadow,entry_next_bar_open_time_exit_at_selected_hold,34.72,34.55,52.08,"{'pressure_k': 0.0, 'spread': 0.00999999999999801, 'depth_imb_k': -0.7506851666656686, 'micro_off': 0.0, 'spread_mean_10s': 0.018421052631562195, 'depth_imb_k_mean_10s': -0.7221661407352976, 'depth_imb_k_mean_60s': -0.5678084457103453, 'dist_vwap_bps': None, 'hl_range_pct': None, 'oc_change_pct': None, 'volume_rel_20': None, 'atr_pct': None, 'position_in_range': None, 'rsi': None, 'bb_position': None, 'ret_3': None, 'ret_10': None, 'session_bucket': 1.0}"
2026-04-08|ONON|2026-04-08T12:12:00-04:00|long|12,2026-04-08,ONON,2026-04-08T12:12:00-04:00,long,12,0.4292989671230316,True,shadow,entry_next_bar_open_time_exit_at_selected_hold,34.69,34.52,52.03,"{'pressure_k': 0.0, 'spread': 0.030000000000001137, 'depth_imb_k': 0.42777329136246023, 'micro_off': 0.0049999999999954525, 'spread_mean_10s': 0.028157894736816496, 'depth_imb_k_mean_10s': 0.371408759878561, 'depth_imb_k_mean_60s': -0.3864412075088281, 'dist_vwap_bps': None, 'hl_range_pct': None, 'oc_change_pct': None, 'volume_rel_20': None, 'atr_pct': None, 'position_in_range': None, 'rsi': None, 'bb_position': None, 'ret_3': None, 'ret_10': None, 'session_bucket': 1.0}"
2026-04-08|ONON|2026-04-08T12:13:00-04:00|long|12,2026-04-08,ONON,2026-04-08T12:13:00-04:00,long,12,0.447541743516922,True,shadow,entry_next_bar_open_time_exit_at_selected_hold,34.71,34.54,52.06,"{'pressure_k': 0.0, 'spread': 0.01999999999999602, 'depth_imb_k': -0.7411519381886825, 'micro_off': 0.0, 'spread_mean_10s': 0.01999999999998181, 'depth_imb_k_mean_10s': -0.6990338473562923, 'depth_imb_k_mean_60s': -0.3736357659870093, 'dist_vwap_bps': None, 'hl_range_pct': None, 'oc_change_pct': None, 'volume_rel_20': None, 'atr_pct': None, 'position_in_range': None, 'rsi': None, 'bb_position': None, 'ret_3': None, 'ret_10': None, 'session_bucket': 1.0}"
2026-04-08|ONON|2026-04-08T12:14:00-04:00|long|12,2026-04-08,ONON,2026-04-08T12:14:00-04:00,long,12,0.41901376843452454,True,shadow,entry_next_bar_open_time_exit_at_selected_hold,34.69,34.52,52.03,"{'pressure_k': 0.0, 'spread': 0.020000000000003126, 'depth_imb_k': 0.0960554945974596, 'micro_off': 0.005000000000002558, 'spread_mean_10s': 0.020263157894718414, 'depth_imb_k_mean_10s': -0.7161367223785466, 'depth_imb_k_mean_60s': -0.39330949569682166, 'dist_vwap_bps': None, 'hl_range_pct': None, 'oc_change_pct': None, 'volume_rel_20': None, 'atr_pct': None, 'position_in_range': None, 'rsi': None, 'bb_position': None, 'ret_3': None, 'ret_10': None, 'session_bucket': 1.0}"
2026-04-08|ONON|2026-04-08T12:15:00-04:00|long|12,2026-04-08,ONON,2026-04-08T12:15:00-04:00,long,12,0.43676963448524475,True,shadow,entry_next_bar_open_time_exit_at_selected_hold,34.68,34.51,52.02,"{'pressure_k': 0.0, 'spread': 0.01999999999999602, 'depth_imb_k': -0.09772953465226814, 'micro_off': 0.0, 'spread_mean_10s': 0.01999999999998181, 'depth_imb_k_mean_10s': -0.5905882546488231, 'depth_imb_k_mean_60s': -0.431178550903821, 'dist_vwap_bps': None, 'hl_range_pct': None, 'oc_change_pct': None, 'volume_rel_20': None, 'atr_pct': None, 'position_in_range': None, 'rsi': None, 'bb_position': None, 'ret_3': None, 'ret_10': None, 'session_bucket': 1.0}"
2026-04-08|ONON|2026-04-08T12:16:00-04:00|long|12,2026-04-08,ONON,2026-04-08T12:16:00-04:00,long,12,0.4509030282497406,True,shadow,entry_next_bar_open_time_exit_at_selected_hold,34.69,34.52,52.03,"{'pressure_k': 0.0, 'spread': 0.020000000000003126, 'depth_imb_k': 0.2718376191599605, 'micro_off': -0.0033333333333303017, 'spread_mean_10s': 0.019743589743571786, 'depth_imb_k_mean_10s': 0.28398606586977576, 'depth_imb_k_mean_60s': -0.11112419348344624, 'dist_vwap_bps': None, 'hl_range_pct': None, 'oc_change_pct': None, 'volume_rel_20': None, 'atr_pct': None, 'position_in_range': None, 'rsi': None, 'bb_position': None, 'ret_3': None, 'ret_10': None, 'session_bucket': 1.0}"
2026-04-08|ONON|2026-04-08T12:17:00-04:00|long|12,2026-04-08,ONON,2026-04-08T12:17:00-04:00,long,12,0.46029582619667053,True,shadow,entry_next_bar_open_time_exit_at_selected_hold,34.67,34.5,52.01,"{'pressure_k': 0.0, 'spread': 0.030000000000001137, 'depth_imb_k': -0.7452601484832692, 'micro_off': -0.0049999999999954525, 'spread_mean_10s': 0.026315789473660277, 'depth_imb_k_mean_10s': -0.40768143230884324, 'depth_imb_k_mean_60s': -0.03696317072963705, 'dist_vwap_bps': None, 'hl_range_pct': None, 'oc_change_pct': None, 'volume_rel_20': None, 'atr_pct': None, 'position_in_range': None, 'rsi': None, 'bb_position': None, 'ret_3': None, 'ret_10': None, 'session_bucket': 1.0}"
2026-04-08|ONON|2026-04-08T12:18:00-04:00|long|12,2026-04-08,ONON,2026-04-08T12:18:00-04:00,long,12,0.4398958384990692,True,shadow,entry_next_bar_open_time_exit_at_selected_hold,34.61,34.44,51.91,"{'pressure_k': 0.0, 'spread': 0.020000000000003126, 'depth_imb_k': 0.11014582686937635, 'micro_off': -7.105427357601002e-15, 'spread_mean_10s': 0.02184210526313803, 'depth_imb_k_mean_10s': 0.004283776787719705, 'depth_imb_k_mean_60s': -0.24565395003882126, 'dist_vwap_bps': None, 'hl_range_pct': None, 'oc_change_pct': None, 'volume_rel_20': None, 'atr_pct': None, 'position_in_range': None, 'rsi': None, 'bb_position': None, 'ret_3': None, 'ret_10': None, 'session_bucket': 1.0}"
2026-04-08|ONON|2026-04-08T12:19:00-04:00|long|12,2026-04-08,ONON,2026-04-08T12:19:00-04:00,long,12,0.40883100032806396,True,shadow,entry_next_bar_open_time_exit_at_selected_hold,34.62,34.45,51.93,"{'pressure_k': 0.0, 'spread': 0.020000000000003126, 'depth_imb_k': 0.061376272655065345, 'micro_off': -7.105427357601002e-15, 'spread_mean_10s': 0.01999999999998181, 'depth_imb_k_mean_10s': 0.06137627265525225, 'depth_imb_k_mean_60s': -0.09474279293552945, 'dist_vwap_bps': None, 'hl_range_pct': None, 'oc_change_pct': None, 'volume_rel_20': None, 'atr_pct': None, 'position_in_range': None, 'rsi': None, 'bb_position': None, 'ret_3': None, 'ret_10': None, 'session_bucket': 1.0}"
2026-04-08|ONON|2026-04-08T12:20:00-04:00|long|8,2026-04-08,ONON,2026-04-08T12:20:00-04:00,long,8,0.3627120852470398,True,shadow,entry_next_bar_open_time_exit_at_selected_hold,34.62,34.45,51.93,"{'pressure_k': 0.0, 'spread': 0.00999999999999801, 'depth_imb_k': 0.08475919276959266, 'micro_off': 0.0025000000000048317, 'spread_mean_10s': 0.012894736842093536, 'depth_imb_k_mean_10s': 0.16916304437307572, 'depth_imb_k_mean_60s': 0.1262142522636122, 'dist_vwap_bps': None, 'hl_range_pct': None, 'oc_change_pct': None, 'volume_rel_20': None, 'atr_pct': None, 'position_in_range': None, 'rsi': None, 'bb_position': None, 'ret_3': None, 'ret_10': None, 'session_bucket': 1.0}"
2026-04-08|ONON|2026-04-08T12:21:00-04:00|long|12,2026-04-08,ONON,2026-04-08T12:21:00-04:00,long,12,0.3725447356700897,True,shadow,entry_next_bar_open_time_exit_at_selected_hold,34.63,34.46,51.95,"{'pressure_k': 0.0, 'spread': 0.020000000000003126, 'depth_imb_k': 0.26222729000380085, 'micro_off': 7.105427357601002e-15, 'spread_mean_10s': 0.01999999999998181, 'depth_imb_k_mean_10s': 0.2709046396740201, 'depth_imb_k_mean_60s': -0.18667785875093684, 'dist_vwap_bps': None, 'hl_range_pct': None, 'oc_change_pct': None, 'volume_rel_20': None, 'atr_pct': None, 'position_in_range': None, 'rsi': None, 'bb_position': None, 'ret_3': None, 'ret_10': None, 'session_bucket': 1.0}"
2026-04-08|ONON|2026-04-08T12:22:00-04:00|long|8,2026-04-08,ONON,2026-04-08T12:22:00-04:00,long,8,0.3943046033382416,True,shadow,entry_next_bar_open_time_exit_at_selected_hold,34.61,34.44,51.91,"{'pressure_k': 0.0, 'spread': 0.030000000000001137, 'depth_imb_k': 0.2341918981619178, 'micro_off': 0.0, 'spread_mean_10s': 0.032631578947338744, 'depth_imb_k_mean_10s': 0.16356868380157003, 'depth_imb_k_mean_60s': 0.10699993466156164, 'dist_vwap_bps': None, 'hl_range_pct': None, 'oc_change_pct': None, 'volume_rel_20': None, 'atr_pct': None, 'position_in_range': None, 'rsi': None, 'bb_position': None, 'ret_3': None, 'ret_10': None, 'session_bucket': 1.0}"
2026-04-08|ONON|2026-04-08T12:23:00-04:00|long|12,2026-04-08,ONON,2026-04-08T12:23:00-04:00,long,12,0.4292793571949005,True,shadow,entry_next_bar_open_time_exit_at_selected_hold,34.595,34.42,51.89,"{'pressure_k': 0.0, 'spread': 0.020000000000003126, 'depth_imb_k': 0.1988798294961711, 'micro_off': 0.0, 'spread_mean_10s': 0.025925925925902347, 'depth_imb_k_mean_10s': -0.10168339518690185, 'depth_imb_k_mean_60s': 0.0228408317987889, 'dist_vwap_bps': None, 'hl_range_pct': None, 'oc_change_pct': None, 'volume_rel_20': None, 'atr_pct': None, 'position_in_range': None, 'rsi': None, 'bb_position': None, 'ret_3': None, 'ret_10': None, 'session_bucket': 1.0}"
2026-04-08|ONON|2026-04-08T12:24:00-04:00|long|12,2026-04-08,ONON,2026-04-08T12:24:00-04:00,long,12,0.4133763313293457,True,shadow,entry_next_bar_open_time_exit_at_selected_hold,34.6,34.43,51.9,"{'pressure_k': 0.0, 'spread': 0.00999999999999801, 'depth_imb_k': 0.07039288331148928, 'micro_off': -7.105427357601002e-15, 'spread_mean_10s': 0.01347826086955296, 'depth_imb_k_mean_10s': 0.1394221578931019, 'depth_imb_k_mean_60s': -0.2491836493709569, 'dist_vwap_bps': None, 'hl_range_pct': None, 'oc_change_pct': None, 'volume_rel_20': None, 'atr_pct': None, 'position_in_range': None, 'rsi': None, 'bb_position': None, 'ret_3': None, 'ret_10': None, 'session_bucket': 1.0}"
2026-04-08|ONON|2026-04-08T12:25:00-04:00|long|12,2026-04-08,ONON,2026-04-08T12:25:00-04:00,long,12,0.462922066450119,True,shadow,entry_next_bar_open_time_exit_at_selected_hold,34.585,34.41,51.88,"{'pressure_k': 0.0, 'spread': 0.020000000000003126, 'depth_imb_k': 0.05760088446655611, 'micro_off': -0.005000000000002558, 'spread_mean_10s': 0.01999999999998181, 'depth_imb_k_mean_10s': 0.0742875743086475, 'depth_imb_k_mean_60s': 0.11980861101764342, 'dist_vwap_bps': None, 'hl_range_pct': None, 'oc_change_pct': None, 'volume_rel_20': None, 'atr_pct': None, 'position_in_range': None, 'rsi': None, 'bb_position': None, 'ret_3': None, 'ret_10': None, 'session_bucket': 1.0}"
2026-04-08|ONON|2026-04-08T12:26:00-04:00|long|12,2026-04-08,ONON,2026-04-08T12:26:00-04:00,long,12,0.39692407846450806,True,shadow,entry_next_bar_open_time_exit_at_selected_hold,34.62,34.45,51.93,"{'pressure_k': 0.0, 'spread': 0.020000000000003126, 'depth_imb_k': -0.7531085066230041, 'micro_off': -0.003333333333337407, 'spread_mean_10s': 0.01999999999998181, 'depth_imb_k_mean_10s': -0.7097103275635307, 'depth_imb_k_mean_60s': -0.20491238562692066, 'dist_vwap_bps': None, 'hl_range_pct': None, 'oc_change_pct': None, 'volume_rel_20': None, 'atr_pct': None, 'position_in_range': None, 'rsi': None, 'bb_position': None, 'ret_3': None, 'ret_10': None, 'session_bucket': 1.0}"
2026-04-08|ONON|2026-04-08T12:27:00-04:00|long|12,2026-04-08,ONON,2026-04-08T12:27:00-04:00,long,12,0.4062276780605316,True,shadow,entry_next_bar_open_time_exit_at_selected_hold,34.62,34.45,51.93,"{'pressure_k': 0.0, 'spread': 0.020000000000003126, 'depth_imb_k': -0.6802166086214937, 'micro_off': -7.105427357601002e-15, 'spread_mean_10s': 0.01999999999998181, 'depth_imb_k_mean_10s': -0.6906282186598849, 'depth_imb_k_mean_60s': -0.7003510171839452, 'dist_vwap_bps': None, 'hl_range_pct': None, 'oc_change_pct': None, 'volume_rel_20': None, 'atr_pct': None, 'position_in_range': None, 'rsi': None, 'bb_position': None, 'ret_3': None, 'ret_10': None, 'session_bucket': 1.0}"
2026-04-08|ONON|2026-04-08T12:28:00-04:00|long|12,2026-04-08,ONON,2026-04-08T12:28:00-04:00,long,12,0.41010990738868713,True,shadow,entry_next_bar_open_time_exit_at_selected_hold,34.63,34.46,51.95,"{'pressure_k': 0.0, 'spread': 0.020000000000003126, 'depth_imb_k': -0.6634251613491525, 'micro_off': 7.105427357601002e-15, 'spread_mean_10s': 0.01027777777776843, 'depth_imb_k_mean_10s': -0.056900840487009594, 'depth_imb_k_mean_60s': -0.32888932866563314, 'dist_vwap_bps': None, 'hl_range_pct': None, 'oc_change_pct': None, 'volume_rel_20': None, 'atr_pct': None, 'position_in_range': None, 'rsi': None, 'bb_position': None, 'ret_3': None, 'ret_10': None, 'session_bucket': 1.0}"
2026-04-08|ONON|2026-04-08T12:29:00-04:00|long|12,2026-04-08,ONON,2026-04-08T12:29:00-04:00,long,12,0.39092814922332764,True,shadow,entry_next_bar_open_time_exit_at_selected_hold,34.6,34.43,51.9,"{'pressure_k': 0.0, 'spread': 0.00999999999999801, 'depth_imb_k': 0.1888839147353559, 'micro_off': -7.105427357601002e-15, 'spread_mean_10s': 0.0189473684210354, 'depth_imb_k_mean_10s': 0.11056753349605156, 'depth_imb_k_mean_60s': 0.04501306086570749, 'dist_vwap_bps': None, 'hl_range_pct': None, 'oc_change_pct': None, 'volume_rel_20': None, 'atr_pct': None, 'position_in_range': None, 'rsi': None, 'bb_position': None, 'ret_3': None, 'ret_10': None, 'session_bucket': 1.0}"
2026-04-08|ONON|2026-04-08T12:30:00-04:00|long|12,2026-04-08,ONON,2026-04-08T12:30:00-04:00,long,12,0.5000337958335876,True,shadow,entry_next_bar_open_time_exit_at_selected_hold,34.57,34.4,51.86,"{'pressure_k': 0.0, 'spread': 0.030000000000001137, 'depth_imb_k': 0.49815292240041964, 'micro_off': 0.00999999999999801, 'spread_mean_10s': 0.01710526315787918, 'depth_imb_k_mean_10s': 0.15733770657011278, 'depth_imb_k_mean_60s': 0.08952722140708147, 'dist_vwap_bps': None, 'hl_range_pct': None, 'oc_change_pct': None, 'volume_rel_20': None, 'atr_pct': None, 'position_in_range': None, 'rsi': None, 'bb_position': None, 'ret_3': None, 'ret_10': None, 'session_bucket': 1.0}"
2026-04-08|ONON|2026-04-08T12:31:00-04:00|long|12,2026-04-08,ONON,2026-04-08T12:31:00-04:00,long,12,0.38063251972198486,True,shadow,entry_next_bar_open_time_exit_at_selected_hold,34.6,34.43,51.9,"{'pressure_k': 0.0, 'spread': 0.01999999999999602, 'depth_imb_k': 0.16038333892680015, 'micro_off': 0.0, 'spread_mean_10s': 0.022368421052611234, 'depth_imb_k_mean_10s': 0.0633644233808139, 'depth_imb_k_mean_60s': 0.04545367913025247, 'dist_vwap_bps': None, 'hl_range_pct': None, 'oc_change_pct': None, 'volume_rel_20': None, 'atr_pct': None, 'position_in_range': None, 'rsi': None, 'bb_position': None, 'ret_3': None, 'ret_10': None, 'session_bucket': 2.0}"
2026-04-08|ONON|2026-04-08T12:32:00-04:00|short|12,2026-04-08,ONON,2026-04-08T12:32:00-04:00,short,12,0.3482034504413605,True,shadow,entry_next_bar_open_time_exit_at_selected_hold,34.56,34.73,17.28,"{'pressure_k': 0.0, 'spread': 0.020000000000003126, 'depth_imb_k': 0.14913537370667823, 'micro_off': 0.0, 'spread_mean_10s': 0.01999999999998181, 'depth_imb_k_mean_10s': 0.10284525890299272, 'depth_imb_k_mean_60s': 0.11229785137450163, 'dist_vwap_bps': None, 'hl_range_pct': None, 'oc_change_pct': None, 'volume_rel_20': None, 'atr_pct': None, 'position_in_range': None, 'rsi': None, 'bb_position': None, 'ret_3': None, 'ret_10': None, 'session_bucket': 2.0}"
2026-04-08|ONON|2026-04-08T12:33:00-04:00|long|8,2026-04-08,ONON,2026-04-08T12:33:00-04:00,long,8,0.38103145360946655,True,shadow,entry_next_bar_open_time_exit_at_selected_hold,34.57,34.4,51.86,"{'pressure_k': 0.0, 'spread': 0.01999999999999602, 'depth_imb_k': 0.44602863861904235, 'micro_off': 0.0, 'spread_mean_10s': 0.019736842105245206, 'depth_imb_k_mean_10s': -0.4001449983452403, 'depth_imb_k_mean_60s': 0.030553306105004754, 'dist_vwap_bps': None, 'hl_range_pct': None, 'oc_change_pct': None, 'volume_rel_20': None, 'atr_pct': None, 'position_in_range': None, 'rsi': None, 'bb_position': None, 'ret_3': None, 'ret_10': None, 'session_bucket': 2.0}"
2026-04-08|ONON|2026-04-08T12:34:00-04:00|short|12,2026-04-08,ONON,2026-04-08T12:34:00-04:00,short,12,0.37949860095977783,True,shadow,entry_next_bar_open_time_exit_at_selected_hold,34.57,34.74,17.29,"{'pressure_k': 0.0, 'spread': 0.020000000000003126, 'depth_imb_k': 0.34700962203634994, 'micro_off': 0.0, 'spread_mean_10s': 0.01999999999998181, 'depth_imb_k_mean_10s': 0.34095303470619337, 'depth_imb_k_mean_60s': 0.26261088849044595, 'dist_vwap_bps': None, 'hl_range_pct': None, 'oc_change_pct': None, 'volume_rel_20': None, 'atr_pct': None, 'position_in_range': None, 'rsi': None, 'bb_position': None, 'ret_3': None, 'ret_10': None, 'session_bucket': 2.0}"
2026-04-08|ONON|2026-04-08T12:35:00-04:00|short|3,2026-04-08,ONON,2026-04-08T12:35:00-04:00,short,3,0.33756890892982483,True,shadow,entry_next_bar_open_time_exit_at_selected_hold,34.57,34.74,17.29,"{'pressure_k': 0.0, 'spread': 0.01999999999999602, 'depth_imb_k': 0.4410454490397427, 'micro_off': 0.0, 'spread_mean_10s': 0.026052631578923673, 'depth_imb_k_mean_10s': 0.28578911863532513, 'depth_imb_k_mean_60s': 0.3469573946957875, 'dist_vwap_bps': None, 'hl_range_pct': None, 'oc_change_pct': None, 'volume_rel_20': None, 'atr_pct': None, 'position_in_range': None, 'rsi': None, 'bb_position': None, 'ret_3': None, 'ret_10': None, 'session_bucket': 2.0}"
2026-04-08|ONON|2026-04-08T12:36:00-04:00|short|12,2026-04-08,ONON,2026-04-08T12:36:00-04:00,short,12,0.3085289001464844,True,shadow,entry_next_bar_open_time_exit_at_selected_hold,34.57,34.74,17.29,"{'pressure_k': 0.0, 'spread': 0.01999999999999602, 'depth_imb_k': 0.4460163262290843, 'micro_off': 0.0, 'spread_mean_10s': 0.01999999999998181, 'depth_imb_k_mean_10s': 0.44601582096769293, 'depth_imb_k_mean_60s': 0.43449699730578617, 'dist_vwap_bps': None, 'hl_range_pct': None, 'oc_change_pct': None, 'volume_rel_20': None, 'atr_pct': None, 'position_in_range': None, 'rsi': None, 'bb_position': None, 'ret_3': None, 'ret_10': None, 'session_bucket': 2.0}"
2026-04-08|ONON|2026-04-08T12:37:00-04:00|long|8,2026-04-08,ONON,2026-04-08T12:37:00-04:00,long,8,0.4382995367050171,True,shadow,entry_next_bar_open_time_exit_at_selected_hold,34.6,34.43,51.9,"{'pressure_k': 0.0, 'spread': 0.030000000000001137, 'depth_imb_k': -0.7560802671363951, 'micro_off': 0.0, 'spread_mean_10s': 0.025263157894713867, 'depth_imb_k_mean_10s': -0.4550252730397293, 'depth_imb_k_mean_60s': 0.18691912691756202, 'dist_vwap_bps': None, 'hl_range_pct': None, 'oc_change_pct': None, 'volume_rel_20': None, 'atr_pct': None, 'position_in_range': None, 'rsi': None, 'bb_position': None, 'ret_3': None, 'ret_10': None, 'session_bucket': 2.0}"
2026-04-08|ONON|2026-04-08T12:38:00-04:00|long|12,2026-04-08,ONON,2026-04-08T12:38:00-04:00,long,12,0.42744413018226624,True,shadow,entry_next_bar_open_time_exit_at_selected_hold,34.59,34.42,51.89,"{'pressure_k': 0.0, 'spread': 0.020000000000003126, 'depth_imb_k': -0.5591279461893217, 'micro_off': 0.0, 'spread_mean_10s': 0.0189473684210354, 'depth_imb_k_mean_10s': -0.49378872468990886, 'depth_imb_k_mean_60s': -0.25631687057669306, 'dist_vwap_bps': None, 'hl_range_pct': None, 'oc_change_pct': None, 'volume_rel_20': None, 'atr_pct': None, 'position_in_range': None, 'rsi': None, 'bb_position': None, 'ret_3': None, 'ret_10': None, 'session_bucket': 2.0}"
2026-04-08|ONON|2026-04-08T12:39:00-04:00|long|8,2026-04-08,ONON,2026-04-08T12:39:00-04:00,long,8,0.4827229082584381,True,shadow,entry_next_bar_open_time_exit_at_selected_hold,34.6,34.43,51.9,"{'pressure_k': 0.0, 'spread': 0.01999999999999602, 'depth_imb_k': -0.7428001989122476, 'micro_off': -0.003333333333337407, 'spread_mean_10s': 0.019354838709659816, 'depth_imb_k_mean_10s': -0.7474995474300569, 'depth_imb_k_mean_60s': -0.2762752670161133, 'dist_vwap_bps': None, 'hl_range_pct': None, 'oc_change_pct': None, 'volume_rel_20': None, 'atr_pct': None, 'position_in_range': None, 'rsi': None, 'bb_position': None, 'ret_3': None, 'ret_10': None, 'session_bucket': 2.0}"
2026-04-08|ONON|2026-04-08T12:40:00-04:00|long|8,2026-04-08,ONON,2026-04-08T12:40:00-04:00,long,8,0.4354405999183655,True,shadow,entry_next_bar_open_time_exit_at_selected_hold,34.59,34.42,51.89,"{'pressure_k': 0.0, 'spread': 0.01999999999999602, 'depth_imb_k': -0.6894996928063619, 'micro_off': 0.0, 'spread_mean_10s': 0.01999999999998181, 'depth_imb_k_mean_10s': 0.30795728361164565, 'depth_imb_k_mean_60s': 0.02352221723646109, 'dist_vwap_bps': None, 'hl_range_pct': None, 'oc_change_pct': None, 'volume_rel_20': None, 'atr_pct': None, 'position_in_range': None, 'rsi': None, 'bb_position': None, 'ret_3': None, 'ret_10': None, 'session_bucket': 2.0}"
2026-04-08|ONON|2026-04-08T12:41:00-04:00|long|12,2026-04-08,ONON,2026-04-08T12:41:00-04:00,long,12,0.4268186390399933,True,shadow,entry_next_bar_open_time_exit_at_selected_hold,34.6,34.43,51.9,"{'pressure_k': 0.0, 'spread': 0.020000000000003126, 'depth_imb_k': -0.6224242105816213, 'micro_off': 0.0033333333333303017, 'spread_mean_10s': 0.01999999999998181, 'depth_imb_k_mean_10s': -0.6184673543093467, 'depth_imb_k_mean_60s': -0.3193961412198914, 'dist_vwap_bps': None, 'hl_range_pct': None, 'oc_change_pct': None, 'volume_rel_20': None, 'atr_pct': None, 'position_in_range': None, 'rsi': None, 'bb_position': None, 'ret_3': None, 'ret_10': None, 'session_bucket': 2.0}"
2026-04-08|ONON|2026-04-08T12:42:00-04:00|long|12,2026-04-08,ONON,2026-04-08T12:42:00-04:00,long,12,0.4130709767341614,True,shadow,entry_next_bar_open_time_exit_at_selected_hold,34.6,34.43,51.9,"{'pressure_k': 0.0, 'spread': 0.01999999999999602, 'depth_imb_k': 0.364734435852571, 'micro_off': 0.006000000000000227, 'spread_mean_10s': 0.025753424657510824, 'depth_imb_k_mean_10s': -0.05905818821642467, 'depth_imb_k_mean_60s': -0.5552993966132613, 'dist_vwap_bps': None, 'hl_range_pct': None, 'oc_change_pct': None, 'volume_rel_20': None, 'atr_pct': None, 'position_in_range': None, 'rsi': None, 'bb_position': None, 'ret_3': None, 'ret_10': None, 'session_bucket': 2.0}"
2026-04-08|ONON|2026-04-08T12:43:00-04:00|long|12,2026-04-08,ONON,2026-04-08T12:43:00-04:00,long,12,0.40796297788619995,True,shadow,entry_next_bar_open_time_exit_at_selected_hold,34.61,34.44,51.91,"{'pressure_k': 0.0, 'spread': 0.00999999999999801, 'depth_imb_k': -0.7884709550002448, 'micro_off': 7.105427357601002e-15, 'spread_mean_10s': 0.0187878787878617, 'depth_imb_k_mean_10s': -0.8033836596166635, 'depth_imb_k_mean_60s': -0.7202702358186224, 'dist_vwap_bps': None, 'hl_range_pct': None, 'oc_change_pct': None, 'volume_rel_20': None, 'atr_pct': None, 'position_in_range': None, 'rsi': None, 'bb_position': None, 'ret_3': None, 'ret_10': None, 'session_bucket': 2.0}"
2026-04-08|ONON|2026-04-08T12:44:00-04:00|long|12,2026-04-08,ONON,2026-04-08T12:44:00-04:00,long,12,0.3713974952697754,True,shadow,entry_next_bar_open_time_exit_at_selected_hold,34.62,34.45,51.93,"{'pressure_k': 0.0, 'spread': 0.030000000000001137, 'depth_imb_k': -0.777316844082655, 'micro_off': 0.0, 'spread_mean_10s': 0.02368421052629425, 'depth_imb_k_mean_10s': -0.8008798840925776, 'depth_imb_k_mean_60s': -0.8213723222252679, 'dist_vwap_bps': None, 'hl_range_pct': None, 'oc_change_pct': None, 'volume_rel_20': None, 'atr_pct': None, 'position_in_range': None, 'rsi': None, 'bb_position': None, 'ret_3': None, 'ret_10': None, 'session_bucket': 2.0}"
2026-04-08|ONON|2026-04-08T12:45:00-04:00|long|12,2026-04-08,ONON,2026-04-08T12:45:00-04:00,long,12,0.4480602741241455,True,shadow,entry_next_bar_open_time_exit_at_selected_hold,34.61,34.44,51.91,"{'pressure_k': 0.0, 'spread': 0.01999999999999602, 'depth_imb_k': 0.22482007681694446, 'micro_off': 0.0, 'spread_mean_10s': 0.01999999999998181, 'depth_imb_k_mean_10s': 0.09820764025102778, 'depth_imb_k_mean_60s': -0.31197480773744046, 'dist_vwap_bps': None, 'hl_range_pct': None, 'oc_change_pct': None, 'volume_rel_20': None, 'atr_pct': None, 'position_in_range': None, 'rsi': None, 'bb_position': None, 'ret_3': None, 'ret_10': None, 'session_bucket': 2.0}"
2026-04-08|ONON|2026-04-08T12:46:00-04:00|long|12,2026-04-08,ONON,2026-04-08T12:46:00-04:00,long,12,0.42629382014274597,True,shadow,entry_next_bar_open_time_exit_at_selected_hold,34.62,34.45,51.93,"{'pressure_k': 0.0, 'spread': 0.00999999999999801, 'depth_imb_k': -0.806920682623162, 'micro_off': 7.105427357601002e-15, 'spread_mean_10s': 0.011666666666656056, 'depth_imb_k_mean_10s': -0.7958292226516177, 'depth_imb_k_mean_60s': -0.45933875054659923, 'dist_vwap_bps': None, 'hl_range_pct': None, 'oc_change_pct': None, 'volume_rel_20': None, 'atr_pct': None, 'position_in_range': None, 'rsi': None, 'bb_position': None, 'ret_3': None, 'ret_10': None, 'session_bucket': 2.0}"
2026-04-08|ONON|2026-04-08T12:47:00-04:00|long|12,2026-04-08,ONON,2026-04-08T12:47:00-04:00,long,12,0.45281660556793213,True,shadow,entry_next_bar_open_time_exit_at_selected_hold,34.6,34.43,51.9,"{'pressure_k': 0.0, 'spread': 0.01999999999999602, 'depth_imb_k': 0.23434458488817864, 'micro_off': -0.0033333333333303017, 'spread_mean_10s': 0.01624999999998522, 'depth_imb_k_mean_10s': -0.4429327612324556, 'depth_imb_k_mean_60s': -0.20749005418004987, 'dist_vwap_bps': None, 'hl_range_pct': None, 'oc_change_pct': None, 'volume_rel_20': None, 'atr_pct': None, 'position_in_range': None, 'rsi': None, 'bb_position': None, 'ret_3': None, 'ret_10': None, 'session_bucket': 2.0}"
2026-04-08|ONON|2026-04-08T12:48:00-04:00|long|12,2026-04-08,ONON,2026-04-08T12:48:00-04:00,long,12,0.4251309335231781,True,shadow,entry_next_bar_open_time_exit_at_selected_hold,34.6,34.43,51.9,"{'pressure_k': 0.0, 'spread': 0.01999999999999602, 'depth_imb_k': 0.1025646135145368, 'micro_off': 0.0, 'spread_mean_10s': 0.01999999999998181, 'depth_imb_k_mean_10s': 0.16348928330365342, 'depth_imb_k_mean_60s': 0.1115259785671267, 'dist_vwap_bps': None, 'hl_range_pct': None, 'oc_change_pct': None, 'volume_rel_20': None, 'atr_pct': None, 'position_in_range': None, 'rsi': None, 'bb_position': None, 'ret_3': None, 'ret_10': None, 'session_bucket': 2.0}"
2026-04-08|ONON|2026-04-08T12:49:00-04:00|long|12,2026-04-08,ONON,2026-04-08T12:49:00-04:00,long,12,0.439408540725708,True,shadow,entry_next_bar_open_time_exit_at_selected_hold,34.5,34.33,51.75,"{'pressure_k': 0.0, 'spread': 0.030000000000001137, 'depth_imb_k': 0.4042204377908764, 'micro_off': 0.0, 'spread_mean_10s': 0.033684210526285153, 'depth_imb_k_mean_10s': 0.30544756772137827, 'depth_imb_k_mean_60s': 0.23951143783541304, 'dist_vwap_bps': None, 'hl_range_pct': None, 'oc_change_pct': None, 'volume_rel_20': None, 'atr_pct': None, 'position_in_range': None, 'rsi': None, 'bb_position': None, 'ret_3': None, 'ret_10': None, 'session_bucket': 2.0}"
2026-04-08|ONON|2026-04-08T12:50:00-04:00|long|12,2026-04-08,ONON,2026-04-08T12:50:00-04:00,long,12,0.40804576873779297,True,shadow,entry_next_bar_open_time_exit_at_selected_hold,34.53,34.36,51.8,"{'pressure_k': 0.0, 'spread': 0.01999999999999602, 'depth_imb_k': -0.06772593007317027, 'micro_off': 0.0, 'spread_mean_10s': 0.021315789473664824, 'depth_imb_k_mean_10s': -0.10732715048054256, 'depth_imb_k_mean_60s': -0.14266066165309169, 'dist_vwap_bps': None, 'hl_range_pct': None, 'oc_change_pct': None, 'volume_rel_20': None, 'atr_pct': None, 'position_in_range': None, 'rsi': None, 'bb_position': None, 'ret_3': None, 'ret_10': None, 'session_bucket': 2.0}"
2026-04-08|ONON|2026-04-08T12:51:00-04:00|short|12,2026-04-08,ONON,2026-04-08T12:51:00-04:00,short,12,0.31857335567474365,True,shadow,entry_next_bar_open_time_exit_at_selected_hold,34.525,34.7,17.26,"{'pressure_k': 0.0, 'spread': 0.01999999999999602, 'depth_imb_k': -0.15511462961107214, 'micro_off': 0.0, 'spread_mean_10s': 0.02078947368419162, 'depth_imb_k_mean_10s': -0.13186160788721904, 'depth_imb_k_mean_60s': -0.10928427275004833, 'dist_vwap_bps': None, 'hl_range_pct': None, 'oc_change_pct': None, 'volume_rel_20': None, 'atr_pct': None, 'position_in_range': None, 'rsi': None, 'bb_position': None, 'ret_3': None, 'ret_10': None, 'session_bucket': 2.0}"
2026-04-08|ONON|2026-04-08T12:52:00-04:00|long|8,2026-04-08,ONON,2026-04-08T12:52:00-04:00,long,8,0.35933563113212585,True,shadow,entry_next_bar_open_time_exit_at_selected_hold,34.53,34.36,51.8,"{'pressure_k': 0.0, 'spread': 0.020000000000003126, 'depth_imb_k': 0.13240236412098738, 'micro_off': 7.105427357601002e-15, 'spread_mean_10s': 0.020810810810791884, 'depth_imb_k_mean_10s': 0.07831418392487575, 'depth_imb_k_mean_60s': 0.0019529644460965566, 'dist_vwap_bps': None, 'hl_range_pct': None, 'oc_change_pct': None, 'volume_rel_20': None, 'atr_pct': None, 'position_in_range': None, 'rsi': None, 'bb_position': None, 'ret_3': None, 'ret_10': None, 'session_bucket': 2.0}"
2026-04-08|ONON|2026-04-08T12:53:00-04:00|short|8,2026-04-08,ONON,2026-04-08T12:53:00-04:00,short,8,0.335024356842041,True,shadow,entry_next_bar_open_time_exit_at_selected_hold,34.525,34.7,17.26,"{'pressure_k': 0.0, 'spread': 0.01999999999999602, 'depth_imb_k': -0.0016168836694749383, 'micro_off': 0.0, 'spread_mean_10s': 0.01999999999998181, 'depth_imb_k_mean_10s': 0.031906873969562405, 'depth_imb_k_mean_60s': 0.10972699568303626, 'dist_vwap_bps': None, 'hl_range_pct': None, 'oc_change_pct': None, 'volume_rel_20': None, 'atr_pct': None, 'position_in_range': None, 'rsi': None, 'bb_position': None, 'ret_3': None, 'ret_10': None, 'session_bucket': 2.0}"
2026-04-08|ONON|2026-04-08T12:54:00-04:00|short|12,2026-04-08,ONON,2026-04-08T12:54:00-04:00,short,12,0.3508358299732208,True,shadow,entry_next_bar_open_time_exit_at_selected_hold,34.54,34.71,17.27,"{'pressure_k': 0.0, 'spread': 0.01999999999999602, 'depth_imb_k': -0.0380376517003302, 'micro_off': 0.0, 'spread_mean_10s': 0.01999999999998181, 'depth_imb_k_mean_10s': -0.025419377046283012, 'depth_imb_k_mean_60s': 0.026385448203913867, 'dist_vwap_bps': None, 'hl_range_pct': None, 'oc_change_pct': None, 'volume_rel_20': None, 'atr_pct': None, 'position_in_range': None, 'rsi': None, 'bb_position': None, 'ret_3': None, 'ret_10': None, 'session_bucket': 2.0}"
2026-04-08|ONON|2026-04-08T12:55:00-04:00|short|12,2026-04-08,ONON,2026-04-08T12:55:00-04:00,short,12,0.3909006118774414,True,shadow,entry_next_bar_open_time_exit_at_selected_hold,34.55,34.72,17.27,"{'pressure_k': 0.0, 'spread': 0.00999999999999801, 'depth_imb_k': 0.06600023157975993, 'micro_off': 0.0, 'spread_mean_10s': 0.009999999999990905, 'depth_imb_k_mean_10s': 0.06324588541409819, 'depth_imb_k_mean_60s': 0.09443919857308611, 'dist_vwap_bps': None, 'hl_range_pct': None, 'oc_change_pct': None, 'volume_rel_20': None, 'atr_pct': None, 'position_in_range': None, 'rsi': None, 'bb_position': None, 'ret_3': None, 'ret_10': None, 'session_bucket': 2.0}"
2026-04-08|ONON|2026-04-08T12:56:00-04:00|short|12,2026-04-08,ONON,2026-04-08T12:56:00-04:00,short,12,0.3695787787437439,True,shadow,entry_next_bar_open_time_exit_at_selected_hold,34.55,34.72,17.27,"{'pressure_k': 0.0, 'spread': 0.020000000000003126, 'depth_imb_k': 0.1866448421490518, 'micro_off': 0.0, 'spread_mean_10s': 0.01999999999998181, 'depth_imb_k_mean_10s': 0.2001433895197567, 'depth_imb_k_mean_60s': 0.1435073614233244, 'dist_vwap_bps': None, 'hl_range_pct': None, 'oc_change_pct': None, 'volume_rel_20': None, 'atr_pct': None, 'position_in_range': None, 'rsi': None, 'bb_position': None, 'ret_3': None, 'ret_10': None, 'session_bucket': 2.0}"
2026-04-08|ONON|2026-04-08T12:57:00-04:00|short|12,2026-04-08,ONON,2026-04-08T12:57:00-04:00,short,12,0.32706525921821594,True,shadow,entry_next_bar_open_time_exit_at_selected_hold,34.55,34.72,17.27,"{'pressure_k': 0.0, 'spread': 0.020000000000003126, 'depth_imb_k': 0.2492446856625961, 'micro_off': 0.007142857142859782, 'spread_mean_10s': 0.01999999999998181, 'depth_imb_k_mean_10s': 0.22029968815829643, 'depth_imb_k_mean_60s': 0.2300005996835478, 'dist_vwap_bps': None, 'hl_range_pct': None, 'oc_change_pct': None, 'volume_rel_20': None, 'atr_pct': None, 'position_in_range': None, 'rsi': None, 'bb_position': None, 'ret_3': None, 'ret_10': None, 'session_bucket': 2.0}"
2026-04-08|ONON|2026-04-08T12:58:00-04:00|long|8,2026-04-08,ONON,2026-04-08T12:58:00-04:00,long,8,0.30668768286705017,True,shadow,entry_next_bar_open_time_exit_at_selected_hold,34.54,34.37,51.81,"{'pressure_k': 0.0, 'spread': 0.02999999999999403, 'depth_imb_k': -0.06753274329450144, 'micro_off': -0.007499999999993179, 'spread_mean_10s': 0.029999999999972715, 'depth_imb_k_mean_10s': -0.007015018486838112, 'depth_imb_k_mean_60s': 0.1144126302923667, 'dist_vwap_bps': None, 'hl_range_pct': None, 'oc_change_pct': None, 'volume_rel_20': None, 'atr_pct': None, 'position_in_range': None, 'rsi': None, 'bb_position': None, 'ret_3': None, 'ret_10': None, 'session_bucket': 2.0}"
2026-04-08|ONON|2026-04-08T12:59:00-04:00|long|8,2026-04-08,ONON,2026-04-08T12:59:00-04:00,long,8,0.39530783891677856,True,shadow,entry_next_bar_open_time_exit_at_selected_hold,34.52,34.35,51.78,"{'pressure_k': 0.0, 'spread': 0.02999999999999403, 'depth_imb_k': 0.12410529268579598, 'micro_off': 0.0, 'spread_mean_10s': 0.02973684210523611, 'depth_imb_k_mean_10s': 0.1277986032536271, 'depth_imb_k_mean_60s': 0.11959806743820146, 'dist_vwap_bps': None, 'hl_range_pct': None, 'oc_change_pct': None, 'volume_rel_20': None, 'atr_pct': None, 'position_in_range': None, 'rsi': None, 'bb_position': None, 'ret_3': None, 'ret_10': None, 'session_bucket': 2.0}"
2026-04-08|ONON|2026-04-08T13:00:00-04:00|long|8,2026-04-08,ONON,2026-04-08T13:00:00-04:00,long,8,0.3416827917098999,True,shadow,entry_next_bar_open_time_exit_at_selected_hold,34.5206,34.35,51.78,"{'pressure_k': 0.0, 'spread': 0.02999999999999403, 'depth_imb_k': -0.0010038997644696707, 'micro_off': -0.0049999999999954525, 'spread_mean_10s': 0.033684210526285153, 'depth_imb_k_mean_10s': -0.03712496674923291, 'depth_imb_k_mean_60s': 0.0029787645916523648, 'dist_vwap_bps': None, 'hl_range_pct': None, 'oc_change_pct': None, 'volume_rel_20': None, 'atr_pct': None, 'position_in_range': None, 'rsi': None, 'bb_position': None, 'ret_3': None, 'ret_10': None, 'session_bucket': 2.0}"
2026-04-08|ONON|2026-04-08T13:01:00-04:00|short|12,2026-04-08,ONON,2026-04-08T13:01:00-04:00,short,12,0.3800063133239746,True,shadow,entry_next_bar_open_time_exit_at_selected_hold,34.55,34.72,17.27,"{'pressure_k': 0.0, 'spread': 0.030000000000001137, 'depth_imb_k': -0.7388868928683235, 'micro_off': 0.0, 'spread_mean_10s': 0.029555555555528676, 'depth_imb_k_mean_10s': -0.3804157325701251, 'depth_imb_k_mean_60s': -0.3329845469673614, 'dist_vwap_bps': None, 'hl_range_pct': None, 'oc_change_pct': None, 'volume_rel_20': None, 'atr_pct': None, 'position_in_range': None, 'rsi': None, 'bb_position': None, 'ret_3': None, 'ret_10': None, 'session_bucket': 2.0}"
2026-04-08|ONON|2026-04-08T13:02:00-04:00|long|12,2026-04-08,ONON,2026-04-08T13:02:00-04:00,long,12,0.3588191866874695,True,shadow,entry_next_bar_open_time_exit_at_selected_hold,34.53,34.36,51.8,"{'pressure_k': 0.0, 'spread': 0.020000000000003126, 'depth_imb_k': 0.2405020284989108, 'micro_off': 7.105427357601002e-15, 'spread_mean_10s': 0.019736842105245206, 'depth_imb_k_mean_10s': 0.1912255682364766, 'depth_imb_k_mean_60s': -0.09028305075606965, 'dist_vwap_bps': None, 'hl_range_pct': None, 'oc_change_pct': None, 'volume_rel_20': None, 'atr_pct': None, 'position_in_range': None, 'rsi': None, 'bb_position': None, 'ret_3': None, 'ret_10': None, 'session_bucket': 2.0}"
2026-04-08|ONON|2026-04-08T13:03:00-04:00|long|12,2026-04-08,ONON,2026-04-08T13:03:00-04:00,long,12,0.3759884536266327,True,shadow,entry_next_bar_open_time_exit_at_selected_hold,34.51,34.34,51.77,"{'pressure_k': 0.0, 'spread': 0.020000000000003126, 'depth_imb_k': 0.12407979209866259, 'micro_off': 7.105427357601002e-15, 'spread_mean_10s': 0.0284210526315531, 'depth_imb_k_mean_10s': 0.1076558222673013, 'depth_imb_k_mean_60s': 0.11989220395763828, 'dist_vwap_bps': None, 'hl_range_pct': None, 'oc_change_pct': None, 'volume_rel_20': None, 'atr_pct': None, 'position_in_range': None, 'rsi': None, 'bb_position': None, 'ret_3': None, 'ret_10': None, 'session_bucket': 2.0}"
2026-04-08|ONON|2026-04-08T13:04:00-04:00|long|12,2026-04-08,ONON,2026-04-08T13:04:00-04:00,long,12,0.3793811798095703,True,shadow,entry_next_bar_open_time_exit_at_selected_hold,34.515,34.34,51.77,"{'pressure_k': 0.0, 'spread': 0.030000000000001137, 'depth_imb_k': 0.4451736379070844, 'micro_off': 0.00999999999999801, 'spread_mean_10s': 0.027894736842079892, 'depth_imb_k_mean_10s': 0.37474127591461803, 'depth_imb_k_mean_60s': 0.2295052005163196, 'dist_vwap_bps': None, 'hl_range_pct': None, 'oc_change_pct': None, 'volume_rel_20': None, 'atr_pct': None, 'position_in_range': None, 'rsi': None, 'bb_position': None, 'ret_3': None, 'ret_10': None, 'session_bucket': 2.0}"
2026-04-08|ONON|2026-04-08T13:05:00-04:00|long|8,2026-04-08,ONON,2026-04-08T13:05:00-04:00,long,8,0.3748606741428375,True,shadow,entry_next_bar_open_time_exit_at_selected_hold,34.47,34.3,51.7,"{'pressure_k': 0.0, 'spread': 0.030000000000001137, 'depth_imb_k': 0.14180318526117278, 'micro_off': -0.005000000000002558, 'spread_mean_10s': 0.022432432432412032, 'depth_imb_k_mean_10s': 0.1519642937636171, 'depth_imb_k_mean_60s': 0.21413837257975737, 'dist_vwap_bps': None, 'hl_range_pct': None, 'oc_change_pct': None, 'volume_rel_20': None, 'atr_pct': None, 'position_in_range': None, 'rsi': None, 'bb_position': None, 'ret_3': None, 'ret_10': None, 'session_bucket': 2.0}"
2026-04-08|ONON|2026-04-08T13:06:00-04:00|long|8,2026-04-08,ONON,2026-04-08T13:06:00-04:00,long,8,0.39862731099128723,True,shadow,entry_next_bar_open_time_exit_at_selected_hold,34.47,34.3,51.7,"{'pressure_k': 0.0, 'spread': 0.01999999999999602, 'depth_imb_k': 0.3116656993615786, 'micro_off': 0.003333333333337407, 'spread_mean_10s': 0.01999999999998181, 'depth_imb_k_mean_10s': 0.31167752594865306, 'depth_imb_k_mean_60s': 0.2852534547917662, 'dist_vwap_bps': None, 'hl_range_pct': None, 'oc_change_pct': None, 'volume_rel_20': None, 'atr_pct': None, 'position_in_range': None, 'rsi': None, 'bb_position': None, 'ret_3': None, 'ret_10': None, 'session_bucket': 2.0}"
2026-04-08|ONON|2026-04-08T13:07:00-04:00|long|8,2026-04-08,ONON,2026-04-08T13:07:00-04:00,long,8,0.39412808418273926,True,shadow,entry_next_bar_open_time_exit_at_selected_hold,34.4525,34.28,51.68,"{'pressure_k': 0.0, 'spread': 0.030000000000001137, 'depth_imb_k': 0.031269607889043934, 'micro_off': 0.005000000000002558, 'spread_mean_10s': 0.02042253521124903, 'depth_imb_k_mean_10s': 0.327713863623705, 'depth_imb_k_mean_60s': 0.3294858802473953, 'dist_vwap_bps': None, 'hl_range_pct': None, 'oc_change_pct': None, 'volume_rel_20': None, 'atr_pct': None, 'position_in_range': None, 'rsi': None, 'bb_position': None, 'ret_3': None, 'ret_10': None, 'session_bucket': 2.0}"
2026-04-08|ONON|2026-04-08T13:08:00-04:00|long|8,2026-04-08,ONON,2026-04-08T13:08:00-04:00,long,8,0.3544604778289795,True,shadow,entry_next_bar_open_time_exit_at_selected_hold,34.46,34.29,51.69,"{'pressure_k': 0.0, 'spread': 0.030000000000001137, 'depth_imb_k': 0.12396289545986236, 'micro_off': -0.005000000000002558, 'spread_mean_10s': 0.032631578947338744, 'depth_imb_k_mean_10s': 0.11789873194983987, 'depth_imb_k_mean_60s': 0.12103062180952637, 'dist_vwap_bps': None, 'hl_range_pct': None, 'oc_change_pct': None, 'volume_rel_20': None, 'atr_pct': None, 'position_in_range': None, 'rsi': None, 'bb_position': None, 'ret_3': None, 'ret_10': None, 'session_bucket': 2.0}"
2026-04-08|ONON|2026-04-08T13:09:00-04:00|long|8,2026-04-08,ONON,2026-04-08T13:09:00-04:00,long,8,0.42007875442504883,True,shadow,entry_next_bar_open_time_exit_at_selected_hold,34.44,34.27,51.66,"{'pressure_k': 0.0, 'spread': 0.03999999999999915, 'depth_imb_k': 0.19896473633128436, 'micro_off': -0.006666666666667709, 'spread_mean_10s': 0.03357142857139804, 'depth_imb_k_mean_10s': 0.2393637446764712, 'depth_imb_k_mean_60s': 0.1363232666404541, 'dist_vwap_bps': None, 'hl_range_pct': None, 'oc_change_pct': None, 'volume_rel_20': None, 'atr_pct': None, 'position_in_range': None, 'rsi': None, 'bb_position': None, 'ret_3': None, 'ret_10': None, 'session_bucket': 2.0}"
2026-04-08|ONON|2026-04-08T13:10:00-04:00|long|8,2026-04-08,ONON,2026-04-08T13:10:00-04:00,long,8,0.3601871728897095,True,shadow,entry_next_bar_open_time_exit_at_selected_hold,34.44,34.27,51.66,"{'pressure_k': 0.0, 'spread': 0.030000000000001137, 'depth_imb_k': 0.2546382565016609, 'micro_off': -0.0049999999999954525, 'spread_mean_10s': 0.0286842105262897, 'depth_imb_k_mean_10s': 0.23482203900008053, 'depth_imb_k_mean_60s': 0.26404272373230925, 'dist_vwap_bps': None, 'hl_range_pct': None, 'oc_change_pct': None, 'volume_rel_20': None, 'atr_pct': None, 'position_in_range': None, 'rsi': None, 'bb_position': None, 'ret_3': None, 'ret_10': None, 'session_bucket': 2.0}"
2026-04-08|ONON|2026-04-08T13:11:00-04:00|short|12,2026-04-08,ONON,2026-04-08T13:11:00-04:00,short,12,0.30661696195602417,True,shadow,entry_next_bar_open_time_exit_at_selected_hold,34.45,34.62,17.23,"{'pressure_k': 0.0, 'spread': 0.03999999999999915, 'depth_imb_k': 0.33233548540833574, 'micro_off': -0.006666666666667709, 'spread_mean_10s': 0.03999999999996362, 'depth_imb_k_mean_10s': 0.32773253261113594, 'depth_imb_k_mean_60s': 0.26800903126423137, 'dist_vwap_bps': None, 'hl_range_pct': None, 'oc_change_pct': None, 'volume_rel_20': None, 'atr_pct': None, 'position_in_range': None, 'rsi': None, 'bb_position': None, 'ret_3': None, 'ret_10': None, 'session_bucket': 2.0}"
2026-04-08|ONON|2026-04-08T13:12:00-04:00|long|8,2026-04-08,ONON,2026-04-08T13:12:00-04:00,long,8,0.32468679547309875,True,shadow,entry_next_bar_open_time_exit_at_selected_hold,34.43,34.26,51.64,"{'pressure_k': 0.0, 'spread': 0.030000000000001137, 'depth_imb_k': 0.13232091524144138, 'micro_off': -0.005000000000002558, 'spread_mean_10s': 0.0286842105262897, 'depth_imb_k_mean_10s': 0.18741978091432093, 'depth_imb_k_mean_60s': 0.24632904441640693, 'dist_vwap_bps': None, 'hl_range_pct': None, 'oc_change_pct': None, 'volume_rel_20': None, 'atr_pct': None, 'position_in_range': None, 'rsi': None, 'bb_position': None, 'ret_3': None, 'ret_10': None, 'session_bucket': 2.0}"
2026-04-08|ONON|2026-04-08T13:13:00-04:00|long|8,2026-04-08,ONON,2026-04-08T13:13:00-04:00,long,8,0.34956735372543335,True,shadow,entry_next_bar_open_time_exit_at_selected_hold,34.43,34.26,51.64,"{'pressure_k': 0.0, 'spread': 0.030000000000001137, 'depth_imb_k': 0.1989210275137984, 'micro_off': -0.005000000000002558, 'spread_mean_10s': 0.029999999999972715, 'depth_imb_k_mean_10s': 0.2586328847836931, 'depth_imb_k_mean_60s': 0.19664218675991477, 'dist_vwap_bps': None, 'hl_range_pct': None, 'oc_change_pct': None, 'volume_rel_20': None, 'atr_pct': None, 'position_in_range': None, 'rsi': None, 'bb_position': None, 'ret_3': None, 'ret_10': None, 'session_bucket': 2.0}"
2026-04-08|ONON|2026-04-08T13:14:00-04:00|long|8,2026-04-08,ONON,2026-04-08T13:14:00-04:00,long,8,0.3348383605480194,True,shadow,entry_next_bar_open_time_exit_at_selected_hold,34.445,34.27,51.67,"{'pressure_k': 0.0, 'spread': 0.03999999999999915, 'depth_imb_k': 0.19890037557594764, 'micro_off': 0.0, 'spread_mean_10s': 0.0284210526315531, 'depth_imb_k_mean_10s': 0.14759201712566114, 'depth_imb_k_mean_60s': 0.08219066168666642, 'dist_vwap_bps': None, 'hl_range_pct': None, 'oc_change_pct': None, 'volume_rel_20': None, 'atr_pct': None, 'position_in_range': None, 'rsi': None, 'bb_position': None, 'ret_3': None, 'ret_10': None, 'session_bucket': 2.0}"
2026-04-08|ONON|2026-04-08T13:15:00-04:00|long|12,2026-04-08,ONON,2026-04-08T13:15:00-04:00,long,12,0.3426220118999481,True,shadow,entry_next_bar_open_time_exit_at_selected_hold,34.445,34.27,51.67,"{'pressure_k': 0.0, 'spread': 0.030000000000001137, 'depth_imb_k': -0.05226763697513101, 'micro_off': 0.005000000000002558, 'spread_mean_10s': 0.029999999999972715, 'depth_imb_k_mean_10s': -0.03872423552613327, 'depth_imb_k_mean_60s': 0.06355109801937675, 'dist_vwap_bps': None, 'hl_range_pct': None, 'oc_change_pct': None, 'volume_rel_20': None, 'atr_pct': None, 'position_in_range': None, 'rsi': None, 'bb_position': None, 'ret_3': None, 'ret_10': None, 'session_bucket': 2.0}"
2026-04-08|ONON|2026-04-08T13:16:00-04:00|short|12,2026-04-08,ONON,2026-04-08T13:16:00-04:00,short,12,0.33832889795303345,True,shadow,entry_next_bar_open_time_exit_at_selected_hold,34.45,34.62,17.23,"{'pressure_k': 0.0, 'spread': 0.030000000000001137, 'depth_imb_k': 0.022058459514699747, 'micro_off': 0.0, 'spread_mean_10s': 0.024210526315767453, 'depth_imb_k_mean_10s': 0.023764441845407037, 'depth_imb_k_mean_60s': 0.10867269718302702, 'dist_vwap_bps': None, 'hl_range_pct': None, 'oc_change_pct': None, 'volume_rel_20': None, 'atr_pct': None, 'position_in_range': None, 'rsi': None, 'bb_position': None, 'ret_3': None, 'ret_10': None, 'session_bucket': 2.0}"
2026-04-08|ONON|2026-04-08T13:17:00-04:00|short|12,2026-04-08,ONON,2026-04-08T13:17:00-04:00,short,12,0.3991053104400635,True,shadow,entry_next_bar_open_time_exit_at_selected_hold,34.43,34.6,17.21,"{'pressure_k': 0.0, 'spread': 0.030000000000001137, 'depth_imb_k': 0.06751544250532733, 'micro_off': 0.0, 'spread_mean_10s': 0.029999999999972715, 'depth_imb_k_mean_10s': 0.05702882956570408, 'depth_imb_k_mean_60s': -0.0012491257529138862, 'dist_vwap_bps': None, 'hl_range_pct': None, 'oc_change_pct': None, 'volume_rel_20': None, 'atr_pct': None, 'position_in_range': None, 'rsi': None, 'bb_position': None, 'ret_3': None, 'ret_10': None, 'session_bucket': 2.0}"
2026-04-08|ONON|2026-04-08T13:18:00-04:00|long|12,2026-04-08,ONON,2026-04-08T13:18:00-04:00,long,12,0.3554578721523285,True,shadow,entry_next_bar_open_time_exit_at_selected_hold,34.42,34.25,51.63,"{'pressure_k': 0.0, 'spread': 0.020000000000003126, 'depth_imb_k': -0.0008987499205650323, 'micro_off': 0.0, 'spread_mean_10s': 0.01999999999998181, 'depth_imb_k_mean_10s': -0.0008987499204522464, 'depth_imb_k_mean_60s': 0.10505013239005859, 'dist_vwap_bps': None, 'hl_range_pct': None, 'oc_change_pct': None, 'volume_rel_20': None, 'atr_pct': None, 'position_in_range': None, 'rsi': None, 'bb_position': None, 'ret_3': None, 'ret_10': None, 'session_bucket': 2.0}"
2026-04-08|ONON|2026-04-08T13:19:00-04:00|long|12,2026-04-08,ONON,2026-04-08T13:19:00-04:00,long,12,0.4177405536174774,True,shadow,entry_next_bar_open_time_exit_at_selected_hold,34.35,34.18,51.53,"{'pressure_k': 0.0, 'spread': 0.020000000000003126, 'depth_imb_k': 0.54524627720504, 'micro_off': -7.105427357601002e-15, 'spread_mean_10s': 0.02839999999997417, 'depth_imb_k_mean_10s': 0.23273448424679372, 'depth_imb_k_mean_60s': 0.1723771981540481, 'dist_vwap_bps': None, 'hl_range_pct': None, 'oc_change_pct': None, 'volume_rel_20': None, 'atr_pct': None, 'position_in_range': None, 'rsi': None, 'bb_position': None, 'ret_3': None, 'ret_10': None, 'session_bucket': 2.0}"
2026-04-08|ONON|2026-04-08T13:20:00-04:00|long|8,2026-04-08,ONON,2026-04-08T13:20:00-04:00,long,8,0.3759203255176544,True,shadow,entry_next_bar_open_time_exit_at_selected_hold,34.36,34.19,51.54,"{'pressure_k': 0.0, 'spread': 0.03999999999999915, 'depth_imb_k': 0.14771137026239067, 'micro_off': -0.006666666666660603, 'spread_mean_10s': 0.02947368421049951, 'depth_imb_k_mean_10s': 0.23995373663784017, 'depth_imb_k_mean_60s': 0.19113815033282752, 'dist_vwap_bps': None, 'hl_range_pct': None, 'oc_change_pct': None, 'volume_rel_20': None, 'atr_pct': None, 'position_in_range': None, 'rsi': None, 'bb_position': None, 'ret_3': None, 'ret_10': None, 'session_bucket': 2.0}"
2026-04-08|ONON|2026-04-08T13:21:00-04:00|short|12,2026-04-08,ONON,2026-04-08T13:21:00-04:00,short,12,0.3370858430862427,True,shadow,entry_next_bar_open_time_exit_at_selected_hold,34.4,34.57,17.2,"{'pressure_k': 0.0, 'spread': 0.030000000000001137, 'depth_imb_k': 0.1756730185598386, 'micro_off': 0.0, 'spread_mean_10s': 0.029999999999972715, 'depth_imb_k_mean_10s': 0.23633692572789905, 'depth_imb_k_mean_60s': 0.053646685724250145, 'dist_vwap_bps': None, 'hl_range_pct': None, 'oc_change_pct': None, 'volume_rel_20': None, 'atr_pct': None, 'position_in_range': None, 'rsi': None, 'bb_position': None, 'ret_3': None, 'ret_10': None, 'session_bucket': 2.0}"
2026-04-08|ONON|2026-04-08T13:22:00-04:00|short|12,2026-04-08,ONON,2026-04-08T13:22:00-04:00,short,12,0.37525999546051025,True,shadow,entry_next_bar_open_time_exit_at_selected_hold,34.39,34.56,17.2,"{'pressure_k': 0.0, 'spread': 0.030000000000001137, 'depth_imb_k': -0.10491908476547616, 'micro_off': -0.0049999999999954525, 'spread_mean_10s': 0.030563380281662344, 'depth_imb_k_mean_10s': 0.08008194178748941, 'depth_imb_k_mean_60s': 0.09591794114643903, 'dist_vwap_bps': None, 'hl_range_pct': None, 'oc_change_pct': None, 'volume_rel_20': None, 'atr_pct': None, 'position_in_range': None, 'rsi': None, 'bb_position': None, 'ret_3': None, 'ret_10': None, 'session_bucket': 2.0}"
2026-04-08|ONON|2026-04-08T13:23:00-04:00|long|12,2026-04-08,ONON,2026-04-08T13:23:00-04:00,long,12,0.3948376178741455,True,shadow,entry_next_bar_open_time_exit_at_selected_hold,34.35,34.18,51.53,"{'pressure_k': 0.0, 'spread': 0.01999999999999602, 'depth_imb_k': -0.06776965300541149, 'micro_off': 0.0, 'spread_mean_10s': 0.032631578947338744, 'depth_imb_k_mean_10s': -0.01470483456638536, 'depth_imb_k_mean_60s': -0.021212430631829905, 'dist_vwap_bps': None, 'hl_range_pct': None, 'oc_change_pct': None, 'volume_rel_20': None, 'atr_pct': None, 'position_in_range': None, 'rsi': None, 'bb_position': None, 'ret_3': None, 'ret_10': None, 'session_bucket': 2.0}"
2026-04-08|ONON|2026-04-08T13:24:00-04:00|long|12,2026-04-08,ONON,2026-04-08T13:24:00-04:00,long,12,0.3669200837612152,True,shadow,entry_next_bar_open_time_exit_at_selected_hold,34.3,34.13,51.45,"{'pressure_k': 0.0, 'spread': 0.03999999999999915, 'depth_imb_k': 0.2205568840432862, 'micro_off': 0.0, 'spread_mean_10s': 0.033684210526285153, 'depth_imb_k_mean_10s': 0.0967166906658397, 'depth_imb_k_mean_60s': 0.014261872429931698, 'dist_vwap_bps': None, 'hl_range_pct': None, 'oc_change_pct': None, 'volume_rel_20': None, 'atr_pct': None, 'position_in_range': None, 'rsi': None, 'bb_position': None, 'ret_3': None, 'ret_10': None, 'session_bucket': 2.0}"
2026-04-08|ONON|2026-04-08T13:25:00-04:00|long|8,2026-04-08,ONON,2026-04-08T13:25:00-04:00,long,8,0.3427093029022217,True,shadow,entry_next_bar_open_time_exit_at_selected_hold,34.325,34.15,51.49,"{'pressure_k': 0.0, 'spread': 0.04000000000000625, 'depth_imb_k': 0.09554379599778176, 'micro_off': -0.006666666666667709, 'spread_mean_10s': 0.031578947368392334, 'depth_imb_k_mean_10s': 0.06557792682600082, 'depth_imb_k_mean_60s': 0.1465140663245086, 'dist_vwap_bps': None, 'hl_range_pct': None, 'oc_change_pct': None, 'volume_rel_20': None, 'atr_pct': None, 'position_in_range': None, 'rsi': None, 'bb_position': None, 'ret_3': None, 'ret_10': None, 'session_bucket': 2.0}"
2026-04-08|ONON|2026-04-08T13:26:00-04:00|short|12,2026-04-08,ONON,2026-04-08T13:26:00-04:00,short,12,0.37540897727012634,True,shadow,entry_next_bar_open_time_exit_at_selected_hold,34.3,34.47,17.15,"{'pressure_k': 0.0, 'spread': 0.01999999999999602, 'depth_imb_k': 0.12392823624816633, 'micro_off': 0.003333333333337407, 'spread_mean_10s': 0.024999999999977263, 'depth_imb_k_mean_10s': 0.12485152261928976, 'depth_imb_k_mean_60s': 0.2127584247884641, 'dist_vwap_bps': None, 'hl_range_pct': None, 'oc_change_pct': None, 'volume_rel_20': None, 'atr_pct': None, 'position_in_range': None, 'rsi': None, 'bb_position': None, 'ret_3': None, 'ret_10': None, 'session_bucket': 2.0}"
2026-04-08|ONON|2026-04-08T13:27:00-04:00|short|12,2026-04-08,ONON,2026-04-08T13:27:00-04:00,short,12,0.38266807794570923,True,shadow,entry_next_bar_open_time_exit_at_selected_hold,34.25,34.42,17.12,"{'pressure_k': 0.0, 'spread': 0.030000000000001137, 'depth_imb_k': 0.2293517456461927, 'micro_off': -0.007500000000000284, 'spread_mean_10s': 0.029999999999972715, 'depth_imb_k_mean_10s': 0.17728747318144794, 'depth_imb_k_mean_60s': 0.09922765461736487, 'dist_vwap_bps': None, 'hl_range_pct': None, 'oc_change_pct': None, 'volume_rel_20': None, 'atr_pct': None, 'position_in_range': None, 'rsi': None, 'bb_position': None, 'ret_3': None, 'ret_10': None, 'session_bucket': 2.0}"
2026-04-08|ONON|2026-04-08T13:28:00-04:00|short|12,2026-04-08,ONON,2026-04-08T13:28:00-04:00,short,12,0.3619440495967865,True,shadow,entry_next_bar_open_time_exit_at_selected_hold,34.27,34.44,17.14,"{'pressure_k': 0.0, 'spread': 0.020000000000003126, 'depth_imb_k': 0.02165043713128154, 'micro_off': -0.003333333333337407, 'spread_mean_10s': 0.01999999999998181, 'depth_imb_k_mean_10s': 0.11373212954674129, 'depth_imb_k_mean_60s': 0.03716702289813938, 'dist_vwap_bps': None, 'hl_range_pct': None, 'oc_change_pct': None, 'volume_rel_20': None, 'atr_pct': None, 'position_in_range': None, 'rsi': None, 'bb_position': None, 'ret_3': None, 'ret_10': None, 'session_bucket': 2.0}"
2026-04-08|ONON|2026-04-08T13:29:00-04:00|long|8,2026-04-08,ONON,2026-04-08T13:29:00-04:00,long,8,0.3767945468425751,True,shadow,entry_next_bar_open_time_exit_at_selected_hold,34.27,34.1,51.41,"{'pressure_k': 0.0, 'spread': 0.020000000000003126, 'depth_imb_k': 0.19923429785346608, 'micro_off': 7.105427357601002e-15, 'spread_mean_10s': 0.024999999999977263, 'depth_imb_k_mean_10s': 0.023773813557382756, 'depth_imb_k_mean_60s': -0.11450584435491062, 'dist_vwap_bps': None, 'hl_range_pct': None, 'oc_change_pct': None, 'volume_rel_20': None, 'atr_pct': None, 'position_in_range': None, 'rsi': None, 'bb_position': None, 'ret_3': None, 'ret_10': None, 'session_bucket': 2.0}"
2026-04-08|ONON|2026-04-08T13:30:00-04:00|long|8,2026-04-08,ONON,2026-04-08T13:30:00-04:00,long,8,0.3535178601741791,True,shadow,entry_next_bar_open_time_exit_at_selected_hold,34.28,34.11,51.42,"{'pressure_k': 0.0, 'spread': 0.020000000000003126, 'depth_imb_k': 0.3325419374927023, 'micro_off': 7.105427357601002e-15, 'spread_mean_10s': 0.01999999999998181, 'depth_imb_k_mean_10s': 0.18721375582471841, 'depth_imb_k_mean_60s': -0.004699189656607645, 'dist_vwap_bps': None, 'hl_range_pct': None, 'oc_change_pct': None, 'volume_rel_20': None, 'atr_pct': None, 'position_in_range': None, 'rsi': None, 'bb_position': None, 'ret_3': None, 'ret_10': None, 'session_bucket': 2.0}"
2026-04-08|ONON|2026-04-08T13:31:00-04:00|long|8,2026-04-08,ONON,2026-04-08T13:31:00-04:00,long,8,0.43445688486099243,True,shadow,entry_next_bar_open_time_exit_at_selected_hold,34.25,34.08,51.38,"{'pressure_k': 0.0, 'spread': 0.020000000000003126, 'depth_imb_k': -0.6730723740036069, 'micro_off': 0.001999999999995339, 'spread_mean_10s': 0.019999999999987795, 'depth_imb_k_mean_10s': -0.5001983234299731, 'depth_imb_k_mean_60s': 0.144197056480339, 'dist_vwap_bps': None, 'hl_range_pct': None, 'oc_change_pct': None, 'volume_rel_20': None, 'atr_pct': None, 'position_in_range': None, 'rsi': None, 'bb_position': None, 'ret_3': None, 'ret_10': None, 'session_bucket': 2.0}"
2026-04-08|ONON|2026-04-08T13:32:00-04:00|short|3,2026-04-08,ONON,2026-04-08T13:32:00-04:00,short,3,0.418826699256897,True,shadow,entry_next_bar_open_time_exit_at_selected_hold,34.19,34.36,17.09,"{'pressure_k': 0.0, 'spread': 0.020000000000003126, 'depth_imb_k': 0.18746785869694213, 'micro_off': 0.0, 'spread_mean_10s': 0.025789473684342642, 'depth_imb_k_mean_10s': 0.328014721966802, 'depth_imb_k_mean_60s': 0.3533787069090936, 'dist_vwap_bps': None, 'hl_range_pct': None, 'oc_change_pct': None, 'volume_rel_20': None, 'atr_pct': None, 'position_in_range': None, 'rsi': None, 'bb_position': None, 'ret_3': None, 'ret_10': None, 'session_bucket': 2.0}"
2026-04-08|ONON|2026-04-08T13:33:00-04:00|short|8,2026-04-08,ONON,2026-04-08T13:33:00-04:00,short,8,0.36000630259513855,True,shadow,entry_next_bar_open_time_exit_at_selected_hold,34.15,34.32,17.07,"{'pressure_k': 0.0, 'spread': 0.02999999999999403, 'depth_imb_k': 0.131867165593583, 'micro_off': 7.105427357601002e-15, 'spread_mean_10s': 0.021917808219214213, 'depth_imb_k_mean_10s': 0.024803106737997276, 'depth_imb_k_mean_60s': -0.07298874775316684, 'dist_vwap_bps': None, 'hl_range_pct': None, 'oc_change_pct': None, 'volume_rel_20': None, 'atr_pct': None, 'position_in_range': None, 'rsi': None, 'bb_position': None, 'ret_3': None, 'ret_10': None, 'session_bucket': 2.0}"
2026-04-08|ONON|2026-04-08T13:34:00-04:00|short|8,2026-04-08,ONON,2026-04-08T13:34:00-04:00,short,8,0.3385300934314728,True,shadow,entry_next_bar_open_time_exit_at_selected_hold,34.169,34.34,17.08,"{'pressure_k': 0.0, 'spread': 0.030000000000001137, 'depth_imb_k': 0.03107208610678374, 'micro_off': 0.0, 'spread_mean_10s': 0.029444444444632407, 'depth_imb_k_mean_10s': 0.02751154041470727, 'depth_imb_k_mean_60s': -0.007098284876799383, 'dist_vwap_bps': None, 'hl_range_pct': None, 'oc_change_pct': None, 'volume_rel_20': None, 'atr_pct': None, 'position_in_range': None, 'rsi': None, 'bb_position': None, 'ret_3': None, 'ret_10': None, 'session_bucket': 2.0}"
2026-04-08|ONON|2026-04-08T13:35:00-04:00|short|8,2026-04-08,ONON,2026-04-08T13:35:00-04:00,short,8,0.4376932382583618,True,shadow,entry_next_bar_open_time_exit_at_selected_hold,34.205,34.38,17.1,"{'pressure_k': 0.0, 'spread': 0.02999999999999403, 'depth_imb_k': 0.03586045605145196, 'micro_off': 0.0, 'spread_mean_10s': 0.029473684210714918, 'depth_imb_k_mean_10s': -0.22521540970063525, 'depth_imb_k_mean_60s': -0.2859557066683648, 'dist_vwap_bps': None, 'hl_range_pct': None, 'oc_change_pct': None, 'volume_rel_20': None, 'atr_pct': None, 'position_in_range': None, 'rsi': None, 'bb_position': None, 'ret_3': None, 'ret_10': None, 'session_bucket': 2.0}"
2026-04-08|ONON|2026-04-08T13:36:00-04:00|short|12,2026-04-08,ONON,2026-04-08T13:36:00-04:00,short,12,0.39297914505004883,True,shadow,entry_next_bar_open_time_exit_at_selected_hold,34.19,34.36,17.09,"{'pressure_k': 0.0, 'spread': 0.030000000000001137, 'depth_imb_k': 0.29639525691699603, 'micro_off': 0.0, 'spread_mean_10s': 0.03000000000020009, 'depth_imb_k_mean_10s': 0.27906277122259016, 'depth_imb_k_mean_60s': 0.2574617345240646, 'dist_vwap_bps': None, 'hl_range_pct': None, 'oc_change_pct': None, 'volume_rel_20': None, 'atr_pct': None, 'position_in_range': None, 'rsi': None, 'bb_position': None, 'ret_3': None, 'ret_10': None, 'session_bucket': 2.0}"
2026-04-08|ONON|2026-04-08T13:37:00-04:00|long|12,2026-04-08,ONON,2026-04-08T13:37:00-04:00,long,12,0.37295839190483093,True,shadow,entry_next_bar_open_time_exit_at_selected_hold,34.17,34.0,51.26,"{'pressure_k': 0.0, 'spread': 0.030000000000001137, 'depth_imb_k': 0.21101617468302766, 'micro_off': 0.005000000000002558, 'spread_mean_10s': 0.028421052631744572, 'depth_imb_k_mean_10s': 0.18612773619849432, 'depth_imb_k_mean_60s': -0.0237429099836319, 'dist_vwap_bps': None, 'hl_range_pct': None, 'oc_change_pct': None, 'volume_rel_20': None, 'atr_pct': None, 'position_in_range': None, 'rsi': None, 'bb_position': None, 'ret_3': None, 'ret_10': None, 'session_bucket': 2.0}"
2026-04-08|ONON|2026-04-08T13:38:00-04:00|short|12,2026-04-08,ONON,2026-04-08T13:38:00-04:00,short,12,0.41688597202301025,True,shadow,entry_next_bar_open_time_exit_at_selected_hold,34.2156,34.39,17.11,"{'pressure_k': 0.0, 'spread': 0.01999999999999602, 'depth_imb_k': 0.1323751522533496, 'micro_off': 0.0, 'spread_mean_10s': 0.01921052631583782, 'depth_imb_k_mean_10s': 0.20568992215701082, 'depth_imb_k_mean_60s': -0.19775209128150892, 'dist_vwap_bps': None, 'hl_range_pct': None, 'oc_change_pct': None, 'volume_rel_20': None, 'atr_pct': None, 'position_in_range': None, 'rsi': None, 'bb_position': None, 'ret_3': None, 'ret_10': None, 'session_bucket': 2.0}"
2026-04-08|ONON|2026-04-08T13:39:00-04:00|short|8,2026-04-08,ONON,2026-04-08T13:39:00-04:00,short,8,0.414980411529541,True,shadow,entry_next_bar_open_time_exit_at_selected_hold,34.23,34.4,17.11,"{'pressure_k': 0.0, 'spread': 0.030000000000001137, 'depth_imb_k': -0.6851396750885913, 'micro_off': 0.0, 'spread_mean_10s': 0.02421052631598286, 'depth_imb_k_mean_10s': -0.4377839435285894, 'depth_imb_k_mean_60s': 0.05511899777611688, 'dist_vwap_bps': None, 'hl_range_pct': None, 'oc_change_pct': None, 'volume_rel_20': None, 'atr_pct': None, 'position_in_range': None, 'rsi': None, 'bb_position': None, 'ret_3': None, 'ret_10': None, 'session_bucket': 2.0}"
2026-04-08|ONON|2026-04-08T13:40:00-04:00|long|12,2026-04-08,ONON,2026-04-08T13:40:00-04:00,long,12,0.40474721789360046,True,shadow,entry_next_bar_open_time_exit_at_selected_hold,34.215,34.04,51.32,"{'pressure_k': 0.0, 'spread': 0.00999999999999801, 'depth_imb_k': 0.13239134671603975, 'micro_off': 0.0, 'spread_mean_10s': 0.015263157894830664, 'depth_imb_k_mean_10s': -0.1728881518204042, 'depth_imb_k_mean_60s': -0.4288018781034759, 'dist_vwap_bps': None, 'hl_range_pct': None, 'oc_change_pct': None, 'volume_rel_20': None, 'atr_pct': None, 'position_in_range': None, 'rsi': None, 'bb_position': None, 'ret_3': None, 'ret_10': None, 'session_bucket': 2.0}"
2026-04-08|ONON|2026-04-08T13:41:00-04:00|long|12,2026-04-08,ONON,2026-04-08T13:41:00-04:00,long,12,0.41980355978012085,True,shadow,entry_next_bar_open_time_exit_at_selected_hold,34.135,33.96,51.2,"{'pressure_k': 0.0, 'spread': 0.030000000000001137, 'depth_imb_k': 0.2707849883972153, 'micro_off': 0.0, 'spread_mean_10s': 0.03315789473696752, 'depth_imb_k_mean_10s': 0.26086216080294006, 'depth_imb_k_mean_60s': 0.05670621779782792, 'dist_vwap_bps': None, 'hl_range_pct': None, 'oc_change_pct': None, 'volume_rel_20': None, 'atr_pct': None, 'position_in_range': None, 'rsi': None, 'bb_position': None, 'ret_3': None, 'ret_10': None, 'session_bucket': 2.0}"
2026-04-08|ONON|2026-04-08T13:42:00-04:00|long|12,2026-04-08,ONON,2026-04-08T13:42:00-04:00,long,12,0.44965657591819763,True,shadow,entry_next_bar_open_time_exit_at_selected_hold,34.1785,34.01,51.27,"{'pressure_k': 0.0, 'spread': 0.030000000000001137, 'depth_imb_k': 0.12374294263517656, 'micro_off': 0.007500000000000284, 'spread_mean_10s': 0.017567567567619187, 'depth_imb_k_mean_10s': 0.026122844351177902, 'depth_imb_k_mean_60s': 0.05473729757365315, 'dist_vwap_bps': None, 'hl_range_pct': None, 'oc_change_pct': None, 'volume_rel_20': None, 'atr_pct': None, 'position_in_range': None, 'rsi': None, 'bb_position': None, 'ret_3': None, 'ret_10': None, 'session_bucket': 2.0}"
2026-04-08|ONON|2026-04-08T13:43:00-04:00|long|12,2026-04-08,ONON,2026-04-08T13:43:00-04:00,long,12,0.3768289089202881,True,shadow,entry_next_bar_open_time_exit_at_selected_hold,34.175,34.0,51.26,"{'pressure_k': 0.0, 'spread': 0.01999999999999602, 'depth_imb_k': 0.2248666509322634, 'micro_off': 0.0, 'spread_mean_10s': 0.022368421052665087, 'depth_imb_k_mean_10s': -0.5050577986390683, 'depth_imb_k_mean_60s': -0.5695093165823063, 'dist_vwap_bps': None, 'hl_range_pct': None, 'oc_change_pct': None, 'volume_rel_20': None, 'atr_pct': None, 'position_in_range': None, 'rsi': None, 'bb_position': None, 'ret_3': None, 'ret_10': None, 'session_bucket': 2.0}"
2026-04-08|ONON|2026-04-08T13:44:00-04:00|short|8,2026-04-08,ONON,2026-04-08T13:44:00-04:00,short,8,0.35373663902282715,True,shadow,entry_next_bar_open_time_exit_at_selected_hold,34.17,34.34,17.09,"{'pressure_k': 0.0, 'spread': 0.01999999999999602, 'depth_imb_k': 0.3540419585701607, 'micro_off': 0.0, 'spread_mean_10s': 0.01999999999998181, 'depth_imb_k_mean_10s': 0.35457224493072653, 'depth_imb_k_mean_60s': 0.19844986402383155, 'dist_vwap_bps': None, 'hl_range_pct': None, 'oc_change_pct': None, 'volume_rel_20': None, 'atr_pct': None, 'position_in_range': None, 'rsi': None, 'bb_position': None, 'ret_3': None, 'ret_10': None, 'session_bucket': 2.0}"
2026-04-08|ONON|2026-04-08T13:45:00-04:00|long|12,2026-04-08,ONON,2026-04-08T13:45:00-04:00,long,12,0.40278878808021545,True,shadow,entry_next_bar_open_time_exit_at_selected_hold,34.2,34.03,51.3,"{'pressure_k': 0.0, 'spread': 0.020000000000003126, 'depth_imb_k': 0.1657323909334633, 'micro_off': 0.0, 'spread_mean_10s': 0.01999999999998181, 'depth_imb_k_mean_10s': 0.1693910470420585, 'depth_imb_k_mean_60s': -0.015354566259695501, 'dist_vwap_bps': None, 'hl_range_pct': None, 'oc_change_pct': None, 'volume_rel_20': None, 'atr_pct': None, 'position_in_range': None, 'rsi': None, 'bb_position': None, 'ret_3': None, 'ret_10': None, 'session_bucket': 2.0}"
2026-04-08|ONON|2026-04-08T13:46:00-04:00|long|12,2026-04-08,ONON,2026-04-08T13:46:00-04:00,long,12,0.36588233709335327,True,shadow,entry_next_bar_open_time_exit_at_selected_hold,34.18,34.01,51.27,"{'pressure_k': 0.0, 'spread': 0.020000000000003126, 'depth_imb_k': 0.11009184259891784, 'micro_off': 0.0, 'spread_mean_10s': 0.01999999999998181, 'depth_imb_k_mean_10s': 0.09083973334218172, 'depth_imb_k_mean_60s': 0.13498674999362015, 'dist_vwap_bps': None, 'hl_range_pct': None, 'oc_change_pct': None, 'volume_rel_20': None, 'atr_pct': None, 'position_in_range': None, 'rsi': None, 'bb_position': None, 'ret_3': None, 'ret_10': None, 'session_bucket': 2.0}"
2026-04-08|ONON|2026-04-08T13:47:00-04:00|long|12,2026-04-08,ONON,2026-04-08T13:47:00-04:00,long,12,0.3601541519165039,True,shadow,entry_next_bar_open_time_exit_at_selected_hold,34.19,34.02,51.28,"{'pressure_k': 0.0, 'spread': 0.01999999999999602, 'depth_imb_k': 0.16047168119034355, 'micro_off': 0.0, 'spread_mean_10s': 0.01999999999998181, 'depth_imb_k_mean_10s': 0.17926846655351636, 'depth_imb_k_mean_60s': -0.018183213906173744, 'dist_vwap_bps': None, 'hl_range_pct': None, 'oc_change_pct': None, 'volume_rel_20': None, 'atr_pct': None, 'position_in_range': None, 'rsi': None, 'bb_position': None, 'ret_3': None, 'ret_10': None, 'session_bucket': 2.0}"
2026-04-08|ONON|2026-04-08T13:48:00-04:00|long|8,2026-04-08,ONON,2026-04-08T13:48:00-04:00,long,8,0.41063448786735535,True,shadow,entry_next_bar_open_time_exit_at_selected_hold,34.18,34.01,51.27,"{'pressure_k': 0.0, 'spread': 0.020000000000003126, 'depth_imb_k': -0.6665963571877771, 'micro_off': 0.0, 'spread_mean_10s': 0.01666666666673993, 'depth_imb_k_mean_10s': -0.09843400033365571, 'depth_imb_k_mean_60s': 0.14659030494921818, 'dist_vwap_bps': None, 'hl_range_pct': None, 'oc_change_pct': None, 'volume_rel_20': None, 'atr_pct': None, 'position_in_range': None, 'rsi': None, 'bb_position': None, 'ret_3': None, 'ret_10': None, 'session_bucket': 2.0}"
2026-04-08|ONON|2026-04-08T13:49:00-04:00|long|12,2026-04-08,ONON,2026-04-08T13:49:00-04:00,long,12,0.3495871424674988,True,shadow,entry_next_bar_open_time_exit_at_selected_hold,34.18,34.01,51.27,"{'pressure_k': 0.0, 'spread': 0.020000000000003126, 'depth_imb_k': 0.04984046536918673, 'micro_off': 0.007500000000000284, 'spread_mean_10s': 0.02055555555554949, 'depth_imb_k_mean_10s': 0.051512827842265727, 'depth_imb_k_mean_60s': -0.008449269768646009, 'dist_vwap_bps': None, 'hl_range_pct': None, 'oc_change_pct': None, 'volume_rel_20': None, 'atr_pct': None, 'position_in_range': None, 'rsi': None, 'bb_position': None, 'ret_3': None, 'ret_10': None, 'session_bucket': 2.0}"
2026-04-08|ONON|2026-04-08T13:50:00-04:00|long|12,2026-04-08,ONON,2026-04-08T13:50:00-04:00,long,12,0.35610896348953247,True,shadow,entry_next_bar_open_time_exit_at_selected_hold,34.15,33.98,51.22,"{'pressure_k': 0.0, 'spread': 0.01999999999999602, 'depth_imb_k': 0.13507681857231335, 'micro_off': 0.003333333333337407, 'spread_mean_10s': 0.018684210526328713, 'depth_imb_k_mean_10s': 0.10266336723517318, 'depth_imb_k_mean_60s': 0.14672913487826414, 'dist_vwap_bps': None, 'hl_range_pct': None, 'oc_change_pct': None, 'volume_rel_20': None, 'atr_pct': None, 'position_in_range': None, 'rsi': None, 'bb_position': None, 'ret_3': None, 'ret_10': None, 'session_bucket': 2.0}"
2026-04-08|ONON|2026-04-08T13:51:00-04:00|short|8,2026-04-08,ONON,2026-04-08T13:51:00-04:00,short,8,0.33518049120903015,True,shadow,entry_next_bar_open_time_exit_at_selected_hold,34.175,34.35,17.09,"{'pressure_k': 0.0, 'spread': 0.010000000000005116, 'depth_imb_k': -0.05960025479022845, 'micro_off': 0.0, 'spread_mean_10s': 0.010000000000218279, 'depth_imb_k_mean_10s': -0.03973098700398144, 'depth_imb_k_mean_60s': 0.06804852354615483, 'dist_vwap_bps': None, 'hl_range_pct': None, 'oc_change_pct': None, 'volume_rel_20': None, 'atr_pct': None, 'position_in_range': None, 'rsi': None, 'bb_position': None, 'ret_3': None, 'ret_10': None, 'session_bucket': 2.0}"
2026-04-08|ONON|2026-04-08T13:52:00-04:00|short|12,2026-04-08,ONON,2026-04-08T13:52:00-04:00,short,12,0.4365301728248596,True,shadow,entry_next_bar_open_time_exit_at_selected_hold,34.205,34.38,17.1,"{'pressure_k': 0.0, 'spread': 0.00999999999999801, 'depth_imb_k': -0.10217305643525343, 'micro_off': 0.0, 'spread_mean_10s': 0.012368421052793852, 'depth_imb_k_mean_10s': -0.030640020369398707, 'depth_imb_k_mean_60s': -0.05577774216961795, 'dist_vwap_bps': None, 'hl_range_pct': None, 'oc_change_pct': None, 'volume_rel_20': None, 'atr_pct': None, 'position_in_range': None, 'rsi': None, 'bb_position': None, 'ret_3': None, 'ret_10': None, 'session_bucket': 2.0}"
2026-04-08|ONON|2026-04-08T13:53:00-04:00|short|8,2026-04-08,ONON,2026-04-08T13:53:00-04:00,short,8,0.45461586117744446,True,shadow,entry_next_bar_open_time_exit_at_selected_hold,34.24,34.41,17.12,"{'pressure_k': 0.0, 'spread': 0.010000000000005116, 'depth_imb_k': 0.399431689518397, 'micro_off': 0.0, 'spread_mean_10s': 0.010000000000218279, 'depth_imb_k_mean_10s': 0.30076686744059267, 'depth_imb_k_mean_60s': 0.17487108384967495, 'dist_vwap_bps': None, 'hl_range_pct': None, 'oc_change_pct': None, 'volume_rel_20': None, 'atr_pct': None, 'position_in_range': None, 'rsi': None, 'bb_position': None, 'ret_3': None, 'ret_10': None, 'session_bucket': 2.0}"
2026-04-08|ONON|2026-04-08T13:54:00-04:00|short|12,2026-04-08,ONON,2026-04-08T13:54:00-04:00,short,12,0.38646507263183594,True,shadow,entry_next_bar_open_time_exit_at_selected_hold,34.265,34.44,17.13,"{'pressure_k': 0.0, 'spread': 0.030000000000001137, 'depth_imb_k': 0.36504817038002263, 'micro_off': -0.007500000000000284, 'spread_mean_10s': 0.03000000000020009, 'depth_imb_k_mean_10s': 0.365322920812368, 'depth_imb_k_mean_60s': 0.3164445081896537, 'dist_vwap_bps': None, 'hl_range_pct': None, 'oc_change_pct': None, 'volume_rel_20': None, 'atr_pct': None, 'position_in_range': None, 'rsi': None, 'bb_position': None, 'ret_3': None, 'ret_10': None, 'session_bucket': 2.0}"
2026-04-08|ONON|2026-04-08T13:55:00-04:00|short|8,2026-04-08,ONON,2026-04-08T13:55:00-04:00,short,8,0.39311909675598145,True,shadow,entry_next_bar_open_time_exit_at_selected_hold,34.3,34.47,17.15,"{'pressure_k': 0.0, 'spread': 0.020000000000003126, 'depth_imb_k': 0.13245187633676841, 'micro_off': 0.003333333333337407, 'spread_mean_10s': 0.01999999999998181, 'depth_imb_k_mean_10s': 0.15148421994964903, 'depth_imb_k_mean_60s': -0.13428641146847334, 'dist_vwap_bps': None, 'hl_range_pct': None, 'oc_change_pct': None, 'volume_rel_20': None, 'atr_pct': None, 'position_in_range': None, 'rsi': None, 'bb_position': None, 'ret_3': None, 'ret_10': None, 'session_bucket': 2.0}"
2026-04-08|ONON|2026-04-08T13:56:00-04:00|long|12,2026-04-08,ONON,2026-04-08T13:56:00-04:00,long,12,0.4266030788421631,True,shadow,entry_next_bar_open_time_exit_at_selected_hold,34.33,34.16,51.49,"{'pressure_k': 0.0, 'spread': 0.020000000000003126, 'depth_imb_k': 0.31179839216293237, 'micro_off': 0.006666666666667709, 'spread_mean_10s': 0.01999999999998181, 'depth_imb_k_mean_10s': 0.19368090621236134, 'depth_imb_k_mean_60s': -0.2995387238174307, 'dist_vwap_bps': None, 'hl_range_pct': None, 'oc_change_pct': None, 'volume_rel_20': None, 'atr_pct': None, 'position_in_range': None, 'rsi': None, 'bb_position': None, 'ret_3': None, 'ret_10': None, 'session_bucket': 2.0}"
2026-04-08|ONON|2026-04-08T13:57:00-04:00|long|12,2026-04-08,ONON,2026-04-08T13:57:00-04:00,long,12,0.4606614410877228,True,shadow,entry_next_bar_open_time_exit_at_selected_hold,34.32,34.15,51.48,"{'pressure_k': 0.0, 'spread': 0.01999999999999602, 'depth_imb_k': 0.16576544489055822, 'micro_off': 0.0, 'spread_mean_10s': 0.017777777777862665, 'depth_imb_k_mean_10s': -0.04936730488877098, 'depth_imb_k_mean_60s': -0.12119464720411253, 'dist_vwap_bps': None, 'hl_range_pct': None, 'oc_change_pct': None, 'volume_rel_20': None, 'atr_pct': None, 'position_in_range': None, 'rsi': None, 'bb_position': None, 'ret_3': None, 'ret_10': None, 'session_bucket': 2.0}"
2026-04-08|ONON|2026-04-08T13:58:00-04:00|long|12,2026-04-08,ONON,2026-04-08T13:58:00-04:00,long,12,0.3727630078792572,True,shadow,entry_next_bar_open_time_exit_at_selected_hold,34.32,34.15,51.48,"{'pressure_k': 0.0, 'spread': 0.01999999999999602, 'depth_imb_k': 0.05794331650711757, 'micro_off': 0.0, 'spread_mean_10s': 0.01999999999998181, 'depth_imb_k_mean_10s': 0.044462079436877834, 'depth_imb_k_mean_60s': -0.02102036820457417, 'dist_vwap_bps': None, 'hl_range_pct': None, 'oc_change_pct': None, 'volume_rel_20': None, 'atr_pct': None, 'position_in_range': None, 'rsi': None, 'bb_position': None, 'ret_3': None, 'ret_10': None, 'session_bucket': 2.0}"
2026-04-08|ONON|2026-04-08T13:59:00-04:00|long|12,2026-04-08,ONON,2026-04-08T13:59:00-04:00,long,12,0.34820663928985596,True,shadow,entry_next_bar_open_time_exit_at_selected_hold,34.31,34.14,51.47,"{'pressure_k': 0.0, 'spread': 0.01999999999999602, 'depth_imb_k': -0.7421386670790553, 'micro_off': 0.005000000000002558, 'spread_mean_10s': 0.01999999999998181, 'depth_imb_k_mean_10s': -0.7382128444245322, 'depth_imb_k_mean_60s': -0.5453817907862467, 'dist_vwap_bps': None, 'hl_range_pct': None, 'oc_change_pct': None, 'volume_rel_20': None, 'atr_pct': None, 'position_in_range': None, 'rsi': None, 'bb_position': None, 'ret_3': None, 'ret_10': None, 'session_bucket': 2.0}"
2026-04-08|ONON|2026-04-08T14:00:00-04:00|short|5,2026-04-08,ONON,2026-04-08T14:00:00-04:00,short,5,0.4009067714214325,True,shadow,entry_next_bar_open_time_exit_at_selected_hold,34.36,34.53,17.18,"{'pressure_k': 0.0, 'spread': 0.01999999999999602, 'depth_imb_k': -0.6397509008851415, 'micro_off': 0.0, 'spread_mean_10s': 0.027631578947516812, 'depth_imb_k_mean_10s': -0.66150004218992, 'depth_imb_k_mean_60s': -0.6697532953587597, 'dist_vwap_bps': None, 'hl_range_pct': None, 'oc_change_pct': None, 'volume_rel_20': None, 'atr_pct': None, 'position_in_range': None, 'rsi': None, 'bb_position': None, 'ret_3': None, 'ret_10': None, 'session_bucket': 2.0}"
2026-04-08|ONON|2026-04-08T14:01:00-04:00|short|12,2026-04-08,ONON,2026-04-08T14:01:00-04:00,short,12,0.3420429229736328,True,shadow,entry_next_bar_open_time_exit_at_selected_hold,34.37,34.54,17.18,"{'pressure_k': 0.0, 'spread': 0.030000000000001137, 'depth_imb_k': -0.6732830488289003, 'micro_off': 0.006428571428571672, 'spread_mean_10s': 0.03000000000020009, 'depth_imb_k_mean_10s': -0.6732830488290347, 'depth_imb_k_mean_60s': -0.6270599501173043, 'dist_vwap_bps': None, 'hl_range_pct': None, 'oc_change_pct': None, 'volume_rel_20': None, 'atr_pct': None, 'position_in_range': None, 'rsi': None, 'bb_position': None, 'ret_3': None, 'ret_10': None, 'session_bucket': 2.0}"
2026-04-08|ONON|2026-04-08T14:02:00-04:00|short|12,2026-04-08,ONON,2026-04-08T14:02:00-04:00,short,12,0.33665502071380615,True,shadow,entry_next_bar_open_time_exit_at_selected_hold,34.37,34.54,17.18,"{'pressure_k': 0.0, 'spread': 0.030000000000001137, 'depth_imb_k': -0.6354259115181656, 'micro_off': 0.00999999999999801, 'spread_mean_10s': 0.02500000000009095, 'depth_imb_k_mean_10s': -0.5804886603181761, 'depth_imb_k_mean_60s': -0.6212855227647378, 'dist_vwap_bps': None, 'hl_range_pct': None, 'oc_change_pct': None, 'volume_rel_20': None, 'atr_pct': None, 'position_in_range': None, 'rsi': None, 'bb_position': None, 'ret_3': None, 'ret_10': None, 'session_bucket': 2.0}"
2026-04-08|ONON|2026-04-08T14:03:00-04:00|long|8,2026-04-08,ONON,2026-04-08T14:03:00-04:00,long,8,0.2959723472595215,True,shadow,entry_next_bar_open_time_exit_at_selected_hold,34.39,34.22,51.59,"{'pressure_k': 0.0, 'spread': 0.030000000000001137, 'depth_imb_k': -0.7058051301149854, 'micro_off': -0.005000000000002558, 'spread_mean_10s': 0.024736842105348364, 'depth_imb_k_mean_10s': -0.6286630945688605, 'depth_imb_k_mean_60s': -0.6154553262937212, 'dist_vwap_bps': None, 'hl_range_pct': None, 'oc_change_pct': None, 'volume_rel_20': None, 'atr_pct': None, 'position_in_range': None, 'rsi': None, 'bb_position': None, 'ret_3': None, 'ret_10': None, 'session_bucket': 2.0}"
2026-04-08|ONON|2026-04-08T14:04:00-04:00|short|12,2026-04-08,ONON,2026-04-08T14:04:00-04:00,short,12,0.2630252242088318,True,shadow,entry_next_bar_open_time_exit_at_selected_hold,34.39,34.56,17.2,"{'pressure_k': 0.0, 'spread': 0.01999999999999602, 'depth_imb_k': -0.7239523428742519, 'micro_off': 0.0, 'spread_mean_10s': 0.01999999999998181, 'depth_imb_k_mean_10s': -0.6913033770105789, 'depth_imb_k_mean_60s': -0.6778558860251153, 'dist_vwap_bps': None, 'hl_range_pct': None, 'oc_change_pct': None, 'volume_rel_20': None, 'atr_pct': None, 'position_in_range': None, 'rsi': None, 'bb_position': None, 'ret_3': None, 'ret_10': None, 'session_bucket': 2.0}"
2026-04-08|ONON|2026-04-08T14:05:00-04:00|short|12,2026-04-08,ONON,2026-04-08T14:05:00-04:00,short,12,0.24661682546138763,True,shadow,entry_next_bar_open_time_exit_at_selected_hold,34.39,34.56,17.2,"{'pressure_k': 0.0, 'spread': 0.01999999999999602, 'depth_imb_k': -0.6515705392532457, 'micro_off': 0.0, 'spread_mean_10s': 0.01999999999998181, 'depth_imb_k_mean_10s': -0.6438046122257938, 'depth_imb_k_mean_60s': -0.6667163007123735, 'dist_vwap_bps': None, 'hl_range_pct': None, 'oc_change_pct': None, 'volume_rel_20': None, 'atr_pct': None, 'position_in_range': None, 'rsi': None, 'bb_position': None, 'ret_3': None, 'ret_10': None, 'session_bucket': 2.0}"
2026-04-08|ONON|2026-04-08T14:06:00-04:00|long|12,2026-04-08,ONON,2026-04-08T14:06:00-04:00,long,12,0.3357577621936798,True,shadow,entry_next_bar_open_time_exit_at_selected_hold,34.35,34.18,51.53,"{'pressure_k': 0.0, 'spread': 0.00999999999999801, 'depth_imb_k': 0.1991714361772927, 'micro_off': -7.105427357601002e-15, 'spread_mean_10s': 0.01947368421052057, 'depth_imb_k_mean_10s': 0.2550936100422309, 'depth_imb_k_mean_60s': -0.015966358914031135, 'dist_vwap_bps': None, 'hl_range_pct': None, 'oc_change_pct': None, 'volume_rel_20': None, 'atr_pct': None, 'position_in_range': None, 'rsi': None, 'bb_position': None, 'ret_3': None, 'ret_10': None, 'session_bucket': 2.0}"
2026-04-08|ONON|2026-04-08T14:07:00-04:00|long|8,2026-04-08,ONON,2026-04-08T14:07:00-04:00,long,8,0.40876099467277527,True,shadow,entry_next_bar_open_time_exit_at_selected_hold,34.35,34.18,51.53,"{'pressure_k': 0.0, 'spread': 0.01999999999999602, 'depth_imb_k': 0.2987760454611686, 'micro_off': 0.0, 'spread_mean_10s': 0.01999999999998181, 'depth_imb_k_mean_10s': 0.2823262200066605, 'depth_imb_k_mean_60s': -0.051500950553886975, 'dist_vwap_bps': None, 'hl_range_pct': None, 'oc_change_pct': None, 'volume_rel_20': None, 'atr_pct': None, 'position_in_range': None, 'rsi': None, 'bb_position': None, 'ret_3': None, 'ret_10': None, 'session_bucket': 2.0}"
2026-04-08|ONON|2026-04-08T14:08:00-04:00|long|12,2026-04-08,ONON,2026-04-08T14:08:00-04:00,long,12,0.3846594989299774,True,shadow,entry_next_bar_open_time_exit_at_selected_hold,34.3,34.13,51.45,"{'pressure_k': 0.0, 'spread': 0.04000000000000625, 'depth_imb_k': 0.08559260808395756, 'micro_off': 0.0, 'spread_mean_10s': 0.03999999999996362, 'depth_imb_k_mean_10s': 0.11940490479827004, 'depth_imb_k_mean_60s': 0.21960870599661278, 'dist_vwap_bps': None, 'hl_range_pct': None, 'oc_change_pct': None, 'volume_rel_20': None, 'atr_pct': None, 'position_in_range': None, 'rsi': None, 'bb_position': None, 'ret_3': None, 'ret_10': None, 'session_bucket': 2.0}"
2026-04-08|ONON|2026-04-08T14:09:00-04:00|long|12,2026-04-08,ONON,2026-04-08T14:09:00-04:00,long,12,0.4018113613128662,True,shadow,entry_next_bar_open_time_exit_at_selected_hold,34.28,34.11,51.42,"{'pressure_k': 0.0, 'spread': 0.01999999999999602, 'depth_imb_k': 0.34307027291432945, 'micro_off': -0.0033333333333303017, 'spread_mean_10s': 0.01999999999998181, 'depth_imb_k_mean_10s': 0.3430702729147015, 'depth_imb_k_mean_60s': 0.2218517065910573, 'dist_vwap_bps': None, 'hl_range_pct': None, 'oc_change_pct': None, 'volume_rel_20': None, 'atr_pct': None, 'position_in_range': None, 'rsi': None, 'bb_position': None, 'ret_3': None, 'ret_10': None, 'session_bucket': 2.0}"
2026-04-08|ONON|2026-04-08T14:10:00-04:00|long|12,2026-04-08,ONON,2026-04-08T14:10:00-04:00,long,12,0.38828539848327637,True,shadow,entry_next_bar_open_time_exit_at_selected_hold,34.3,34.13,51.45,"{'pressure_k': 0.0, 'spread': 0.01999999999999602, 'depth_imb_k': 0.1043969540653402, 'micro_off': 0.0, 'spread_mean_10s': 0.01999999999998181, 'depth_imb_k_mean_10s': 0.15675291315813555, 'depth_imb_k_mean_60s': 0.18290424163727595, 'dist_vwap_bps': None, 'hl_range_pct': None, 'oc_change_pct': None, 'volume_rel_20': None, 'atr_pct': None, 'position_in_range': None, 'rsi': None, 'bb_position': None, 'ret_3': None, 'ret_10': None, 'session_bucket': 2.0}"
2026-04-08|ONON|2026-04-08T14:11:00-04:00|short|3,2026-04-08,ONON,2026-04-08T14:11:00-04:00,short,3,0.4205009937286377,True,shadow,entry_next_bar_open_time_exit_at_selected_hold,34.15,34.32,17.07,"{'pressure_k': 0.0, 'spread': 0.01999999999999602, 'depth_imb_k': 0.24320187156122286, 'micro_off': -0.0049999999999954525, 'spread_mean_10s': 0.022368421052760823, 'depth_imb_k_mean_10s': 0.24671863022967955, 'depth_imb_k_mean_60s': 0.2744627750665854, 'dist_vwap_bps': None, 'hl_range_pct': None, 'oc_change_pct': None, 'volume_rel_20': None, 'atr_pct': None, 'position_in_range': None, 'rsi': None, 'bb_position': None, 'ret_3': None, 'ret_10': None, 'session_bucket': 2.0}"
2026-04-08|ONON|2026-04-08T14:12:00-04:00|long|8,2026-04-08,ONON,2026-04-08T14:12:00-04:00,long,8,0.42802301049232483,True,shadow,entry_next_bar_open_time_exit_at_selected_hold,34.13,33.96,51.2,"{'pressure_k': 0.0, 'spread': 0.00999999999999801, 'depth_imb_k': 0.3425350001013028, 'micro_off': -0.0016666666666722563, 'spread_mean_10s': 0.015312500000092655, 'depth_imb_k_mean_10s': 0.2593874036590478, 'depth_imb_k_mean_60s': 0.21372268794704397, 'dist_vwap_bps': None, 'hl_range_pct': None, 'oc_change_pct': None, 'volume_rel_20': None, 'atr_pct': None, 'position_in_range': None, 'rsi': None, 'bb_position': None, 'ret_3': None, 'ret_10': None, 'session_bucket': 2.0}"
2026-04-08|ONON|2026-04-08T14:13:00-04:00|long|8,2026-04-08,ONON,2026-04-08T14:13:00-04:00,long,8,0.3726774752140045,True,shadow,entry_next_bar_open_time_exit_at_selected_hold,34.14,33.97,51.21,"{'pressure_k': 0.0, 'spread': 0.01999999999999602, 'depth_imb_k': 0.34247990640715925, 'micro_off': -0.003333333333337407, 'spread_mean_10s': 0.01999999999998181, 'depth_imb_k_mean_10s': 0.3551723779935051, 'depth_imb_k_mean_60s': 0.36415217659298926, 'dist_vwap_bps': None, 'hl_range_pct': None, 'oc_change_pct': None, 'volume_rel_20': None, 'atr_pct': None, 'position_in_range': None, 'rsi': None, 'bb_position': None, 'ret_3': None, 'ret_10': None, 'session_bucket': 2.0}"
2026-04-08|ONON|2026-04-08T14:14:00-04:00|long|8,2026-04-08,ONON,2026-04-08T14:14:00-04:00,long,8,0.35495665669441223,True,shadow,entry_next_bar_open_time_exit_at_selected_hold,34.14,33.97,51.21,"{'pressure_k': 0.0, 'spread': 0.01999999999999602, 'depth_imb_k': 0.3427350773467239, 'micro_off': 0.005000000000002558, 'spread_mean_10s': 0.01999999999998181, 'depth_imb_k_mean_10s': 0.36998360481155895, 'depth_imb_k_mean_60s': 0.3603569975826277, 'dist_vwap_bps': None, 'hl_range_pct': None, 'oc_change_pct': None, 'volume_rel_20': None, 'atr_pct': None, 'position_in_range': None, 'rsi': None, 'bb_position': None, 'ret_3': None, 'ret_10': None, 'session_bucket': 2.0}"
2026-04-08|ONON|2026-04-08T14:15:00-04:00|long|8,2026-04-08,ONON,2026-04-08T14:15:00-04:00,long,8,0.37386825680732727,True,shadow,entry_next_bar_open_time_exit_at_selected_hold,34.15,33.98,51.22,"{'pressure_k': 0.0, 'spread': 0.01999999999999602, 'depth_imb_k': 0.3832505202840271, 'micro_off': 0.0, 'spread_mean_10s': 0.018157894736867474, 'depth_imb_k_mean_10s': 0.3479766073367883, 'depth_imb_k_mean_60s': 0.2513899843752276, 'dist_vwap_bps': None, 'hl_range_pct': None, 'oc_change_pct': None, 'volume_rel_20': None, 'atr_pct': None, 'position_in_range': None, 'rsi': None, 'bb_position': None, 'ret_3': None, 'ret_10': None, 'session_bucket': 2.0}"
2026-04-08|ONON|2026-04-08T14:16:00-04:00|long|8,2026-04-08,ONON,2026-04-08T14:16:00-04:00,long,8,0.41603851318359375,True,shadow,entry_next_bar_open_time_exit_at_selected_hold,34.16,33.99,51.24,"{'pressure_k': 0.0, 'spread': 0.00999999999999801, 'depth_imb_k': 0.3317689695405333, 'micro_off': 0.0, 'spread_mean_10s': 0.010526315789679518, 'depth_imb_k_mean_10s': 0.3120059793379225, 'depth_imb_k_mean_60s': 0.32155140082479833, 'dist_vwap_bps': None, 'hl_range_pct': None, 'oc_change_pct': None, 'volume_rel_20': None, 'atr_pct': None, 'position_in_range': None, 'rsi': None, 'bb_position': None, 'ret_3': None, 'ret_10': None, 'session_bucket': 2.0}"
2026-04-08|ONON|2026-04-08T14:17:00-04:00|long|12,2026-04-08,ONON,2026-04-08T14:17:00-04:00,long,12,0.4081267714500427,True,shadow,entry_next_bar_open_time_exit_at_selected_hold,34.12,33.95,51.18,"{'pressure_k': 0.0, 'spread': 0.00999999999999801, 'depth_imb_k': 0.26779083285364397, 'micro_off': 7.105427357601002e-15, 'spread_mean_10s': 0.015526315789561283, 'depth_imb_k_mean_10s': 0.40185379020376305, 'depth_imb_k_mean_60s': 0.3829730266608821, 'dist_vwap_bps': None, 'hl_range_pct': None, 'oc_change_pct': None, 'volume_rel_20': None, 'atr_pct': None, 'position_in_range': None, 'rsi': None, 'bb_position': None, 'ret_3': None, 'ret_10': None, 'session_bucket': 2.0}"
2026-04-08|ONON|2026-04-08T14:18:00-04:00|long|12,2026-04-08,ONON,2026-04-08T14:18:00-04:00,long,12,0.3668084442615509,True,shadow,entry_next_bar_open_time_exit_at_selected_hold,34.02,33.85,51.03,"{'pressure_k': 0.0, 'spread': 0.01999999999999602, 'depth_imb_k': 0.5543644859813084, 'micro_off': 0.0, 'spread_mean_10s': 0.01736842105267562, 'depth_imb_k_mean_10s': 0.48053128468023043, 'depth_imb_k_mean_60s': 0.41144966873209343, 'dist_vwap_bps': None, 'hl_range_pct': None, 'oc_change_pct': None, 'volume_rel_20': None, 'atr_pct': None, 'position_in_range': None, 'rsi': None, 'bb_position': None, 'ret_3': None, 'ret_10': None, 'session_bucket': 2.0}"
2026-04-08|ONON|2026-04-08T14:19:00-04:00|long|12,2026-04-08,ONON,2026-04-08T14:19:00-04:00,long,12,0.46796318888664246,True,shadow,entry_next_bar_open_time_exit_at_selected_hold,33.9401,33.77,50.91,"{'pressure_k': 0.0, 'spread': 0.030000000000001137, 'depth_imb_k': -0.05994833833191755, 'micro_off': 0.005000000000002558, 'spread_mean_10s': 0.021578947368437327, 'depth_imb_k_mean_10s': -0.01670872432908398, 'depth_imb_k_mean_60s': 0.1481753404034202, 'dist_vwap_bps': None, 'hl_range_pct': None, 'oc_change_pct': None, 'volume_rel_20': None, 'atr_pct': None, 'position_in_range': None, 'rsi': None, 'bb_position': None, 'ret_3': None, 'ret_10': None, 'session_bucket': 2.0}"
2026-04-08|ONON|2026-04-08T14:20:00-04:00|long|12,2026-04-08,ONON,2026-04-08T14:20:00-04:00,long,12,0.49430733919143677,True,shadow,entry_next_bar_open_time_exit_at_selected_hold,33.955,33.79,50.93,"{'pressure_k': 0.0, 'spread': 0.030000000000001137, 'depth_imb_k': 0.04676554118018302, 'micro_off': 0.0, 'spread_mean_10s': 0.030526315789661328, 'depth_imb_k_mean_10s': 0.25486453985590024, 'depth_imb_k_mean_60s': 0.1286782498449562, 'dist_vwap_bps': None, 'hl_range_pct': None, 'oc_change_pct': None, 'volume_rel_20': None, 'atr_pct': None, 'position_in_range': None, 'rsi': None, 'bb_position': None, 'ret_3': None, 'ret_10': None, 'session_bucket': 2.0}"
2026-04-08|ONON|2026-04-08T14:21:00-04:00|long|8,2026-04-08,ONON,2026-04-08T14:21:00-04:00,long,8,0.4535655975341797,True,shadow,entry_next_bar_open_time_exit_at_selected_hold,33.965,33.8,50.95,"{'pressure_k': 0.0, 'spread': 0.03999999999999915, 'depth_imb_k': 0.22287315946492156, 'micro_off': 7.105427357601002e-15, 'spread_mean_10s': 0.02894736842120581, 'depth_imb_k_mean_10s': 0.19028339401074845, 'depth_imb_k_mean_60s': 0.14019011839039308, 'dist_vwap_bps': None, 'hl_range_pct': None, 'oc_change_pct': None, 'volume_rel_20': None, 'atr_pct': None, 'position_in_range': None, 'rsi': None, 'bb_position': None, 'ret_3': None, 'ret_10': None, 'session_bucket': 2.0}"
2026-04-08|ONON|2026-04-08T14:22:00-04:00|long|12,2026-04-08,ONON,2026-04-08T14:22:00-04:00,long,12,0.4488827586174011,True,shadow,entry_next_bar_open_time_exit_at_selected_hold,33.96,33.79,50.94,"{'pressure_k': 0.0, 'spread': 0.01999999999999602, 'depth_imb_k': 0.14125507038892865, 'micro_off': 0.0, 'spread_mean_10s': 0.02421052631586319, 'depth_imb_k_mean_10s': 0.14555079581352975, 'depth_imb_k_mean_60s': 0.19042016630447328, 'dist_vwap_bps': None, 'hl_range_pct': None, 'oc_change_pct': None, 'volume_rel_20': None, 'atr_pct': None, 'position_in_range': None, 'rsi': None, 'bb_position': None, 'ret_3': None, 'ret_10': None, 'session_bucket': 2.0}"
2026-04-08|ONON|2026-04-08T14:23:00-04:00|short|12,2026-04-08,ONON,2026-04-08T14:23:00-04:00,short,12,0.3428209125995636,True,shadow,entry_next_bar_open_time_exit_at_selected_hold,33.97,34.14,16.98,"{'pressure_k': 0.0, 'spread': 0.030000000000001137, 'depth_imb_k': -0.053405770706264385, 'micro_off': 0.009000000000000341, 'spread_mean_10s': 0.03000000000020009, 'depth_imb_k_mean_10s': -0.13795586245450978, 'depth_imb_k_mean_60s': 0.007138580772519276, 'dist_vwap_bps': None, 'hl_range_pct': None, 'oc_change_pct': None, 'volume_rel_20': None, 'atr_pct': None, 'position_in_range': None, 'rsi': None, 'bb_position': None, 'ret_3': None, 'ret_10': None, 'session_bucket': 2.0}"
2026-04-08|ONON|2026-04-08T14:24:00-04:00|long|12,2026-04-08,ONON,2026-04-08T14:24:00-04:00,long,12,0.3637707829475403,True,shadow,entry_next_bar_open_time_exit_at_selected_hold,33.96,33.79,50.94,"{'pressure_k': 0.0, 'spread': 0.020000000000003126, 'depth_imb_k': 0.04014293783923177, 'micro_off': -0.003333333333337407, 'spread_mean_10s': 0.01999999999998181, 'depth_imb_k_mean_10s': 0.02204727903783446, 'depth_imb_k_mean_60s': 0.1681403807229314, 'dist_vwap_bps': None, 'hl_range_pct': None, 'oc_change_pct': None, 'volume_rel_20': None, 'atr_pct': None, 'position_in_range': None, 'rsi': None, 'bb_position': None, 'ret_3': None, 'ret_10': None, 'session_bucket': 2.0}"
2026-04-08|ONON|2026-04-08T14:25:00-04:00|long|8,2026-04-08,ONON,2026-04-08T14:25:00-04:00,long,8,0.3796597421169281,True,shadow,entry_next_bar_open_time_exit_at_selected_hold,33.94,33.77,50.91,"{'pressure_k': 0.0, 'spread': 0.020000000000003126, 'depth_imb_k': 0.33236888400710835, 'micro_off': 0.0, 'spread_mean_10s': 0.01999999999998181, 'depth_imb_k_mean_10s': 0.2814079833496577, 'depth_imb_k_mean_60s': 0.1861019683463447, 'dist_vwap_bps': None, 'hl_range_pct': None, 'oc_change_pct': None, 'volume_rel_20': None, 'atr_pct': None, 'position_in_range': None, 'rsi': None, 'bb_position': None, 'ret_3': None, 'ret_10': None, 'session_bucket': 2.0}"
2026-04-08|ONON|2026-04-08T14:26:00-04:00|long|8,2026-04-08,ONON,2026-04-08T14:26:00-04:00,long,8,0.4232689440250397,True,shadow,entry_next_bar_open_time_exit_at_selected_hold,33.99,33.82,50.98,"{'pressure_k': 0.0, 'spread': 0.020000000000003126, 'depth_imb_k': -0.7174666758179478, 'micro_off': 0.005000000000002558, 'spread_mean_10s': 0.022432432432565663, 'depth_imb_k_mean_10s': -0.718650764748049, 'depth_imb_k_mean_60s': -0.41345519546748083, 'dist_vwap_bps': None, 'hl_range_pct': None, 'oc_change_pct': None, 'volume_rel_20': None, 'atr_pct': None, 'position_in_range': None, 'rsi': None, 'bb_position': None, 'ret_3': None, 'ret_10': None, 'session_bucket': 2.0}"
2026-04-08|ONON|2026-04-08T14:27:00-04:00|long|8,2026-04-08,ONON,2026-04-08T14:27:00-04:00,long,8,0.37390533089637756,True,shadow,entry_next_bar_open_time_exit_at_selected_hold,33.99,33.82,50.98,"{'pressure_k': 0.0, 'spread': 0.030000000000001137, 'depth_imb_k': -0.0312839995005975, 'micro_off': -0.007500000000000284, 'spread_mean_10s': 0.03000000000020009, 'depth_imb_k_mean_10s': 0.0236080850782185, 'depth_imb_k_mean_60s': -0.261644429493274, 'dist_vwap_bps': None, 'hl_range_pct': None, 'oc_change_pct': None, 'volume_rel_20': None, 'atr_pct': None, 'position_in_range': None, 'rsi': None, 'bb_position': None, 'ret_3': None, 'ret_10': None, 'session_bucket': 2.0}"
2026-04-08|ONON|2026-04-08T14:28:00-04:00|long|12,2026-04-08,ONON,2026-04-08T14:28:00-04:00,long,12,0.4188900589942932,True,shadow,entry_next_bar_open_time_exit_at_selected_hold,33.98,33.81,50.97,"{'pressure_k': 0.0, 'spread': 0.020000000000003126, 'depth_imb_k': 0.271923018612159, 'micro_off': 0.0042857142857215536, 'spread_mean_10s': 0.01999999999998181, 'depth_imb_k_mean_10s': 0.23548343036073724, 'depth_imb_k_mean_60s': 0.15776957112253714, 'dist_vwap_bps': None, 'hl_range_pct': None, 'oc_change_pct': None, 'volume_rel_20': None, 'atr_pct': None, 'position_in_range': None, 'rsi': None, 'bb_position': None, 'ret_3': None, 'ret_10': None, 'session_bucket': 2.0}"
2026-04-08|ONON|2026-04-08T14:29:00-04:00|long|8,2026-04-08,ONON,2026-04-08T14:29:00-04:00,long,8,0.41232773661613464,True,shadow,entry_next_bar_open_time_exit_at_selected_hold,33.91,33.74,50.86,"{'pressure_k': 0.0, 'spread': 0.020000000000003126, 'depth_imb_k': -0.24433217254101952, 'micro_off': -0.0020000000000024443, 'spread_mean_10s': 0.026818181818167763, 'depth_imb_k_mean_10s': 0.06561980511140643, 'depth_imb_k_mean_60s': 0.1153818017783152, 'dist_vwap_bps': None, 'hl_range_pct': None, 'oc_change_pct': None, 'volume_rel_20': None, 'atr_pct': None, 'position_in_range': None, 'rsi': None, 'bb_position': None, 'ret_3': None, 'ret_10': None, 'session_bucket': 2.0}"
2026-04-08|ONON|2026-04-08T14:30:00-04:00|long|12,2026-04-08,ONON,2026-04-08T14:30:00-04:00,long,12,0.45213329792022705,True,shadow,entry_next_bar_open_time_exit_at_selected_hold,33.93,33.76,50.89,"{'pressure_k': 0.0, 'spread': 0.020000000000003126, 'depth_imb_k': -0.6794499070309792, 'micro_off': 0.0, 'spread_mean_10s': 0.01999999999998181, 'depth_imb_k_mean_10s': -0.5936497469395267, 'depth_imb_k_mean_60s': -0.1690821127163872, 'dist_vwap_bps': None, 'hl_range_pct': None, 'oc_change_pct': None, 'volume_rel_20': None, 'atr_pct': None, 'position_in_range': None, 'rsi': None, 'bb_position': None, 'ret_3': None, 'ret_10': None, 'session_bucket': 2.0}"
2026-04-08|ONON|2026-04-08T14:31:00-04:00|long|12,2026-04-08,ONON,2026-04-08T14:31:00-04:00,long,12,0.4506983160972595,True,shadow,entry_next_bar_open_time_exit_at_selected_hold,33.93,33.76,50.89,"{'pressure_k': 0.0, 'spread': 0.01999999999999602, 'depth_imb_k': -0.04624947253498014, 'micro_off': 0.0, 'spread_mean_10s': 0.01999999999998181, 'depth_imb_k_mean_10s': -0.01323402862635703, 'depth_imb_k_mean_60s': -0.22768734481582392, 'dist_vwap_bps': None, 'hl_range_pct': None, 'oc_change_pct': None, 'volume_rel_20': None, 'atr_pct': None, 'position_in_range': None, 'rsi': None, 'bb_position': None, 'ret_3': None, 'ret_10': None, 'session_bucket': 2.0}"
2026-04-08|ONON|2026-04-08T14:32:00-04:00|long|12,2026-04-08,ONON,2026-04-08T14:32:00-04:00,long,12,0.39503493905067444,True,shadow,entry_next_bar_open_time_exit_at_selected_hold,33.93,33.76,50.89,"{'pressure_k': 0.0, 'spread': 0.01999999999999602, 'depth_imb_k': 0.13553555162621228, 'micro_off': -0.0020000000000024443, 'spread_mean_10s': 0.01657894736848376, 'depth_imb_k_mean_10s': 0.13328202341649317, 'depth_imb_k_mean_60s': -0.020394370427440866, 'dist_vwap_bps': None, 'hl_range_pct': None, 'oc_change_pct': None, 'volume_rel_20': None, 'atr_pct': None, 'position_in_range': None, 'rsi': None, 'bb_position': None, 'ret_3': None, 'ret_10': None, 'session_bucket': 2.0}"
2026-04-08|ONON|2026-04-08T14:33:00-04:00|short|12,2026-04-08,ONON,2026-04-08T14:33:00-04:00,short,12,0.3254384696483612,True,shadow,entry_next_bar_open_time_exit_at_selected_hold,33.94,34.11,16.97,"{'pressure_k': 0.0, 'spread': 0.01999999999999602, 'depth_imb_k': 0.12644663982889573, 'micro_off': -0.005000000000002558, 'spread_mean_10s': 0.01999999999998181, 'depth_imb_k_mean_10s': 0.1220209700979788, 'depth_imb_k_mean_60s': 0.1609092758773678, 'dist_vwap_bps': None, 'hl_range_pct': None, 'oc_change_pct': None, 'volume_rel_20': None, 'atr_pct': None, 'position_in_range': None, 'rsi': None, 'bb_position': None, 'ret_3': None, 'ret_10': None, 'session_bucket': 2.0}"
2026-04-08|ONON|2026-04-08T14:34:00-04:00|short|12,2026-04-08,ONON,2026-04-08T14:34:00-04:00,short,12,0.33090898394584656,True,shadow,entry_next_bar_open_time_exit_at_selected_hold,33.93,34.1,16.96,"{'pressure_k': 0.0, 'spread': 0.01999999999999602, 'depth_imb_k': 0.22151850355438585, 'micro_off': 0.0, 'spread_mean_10s': 0.01999999999998181, 'depth_imb_k_mean_10s': 0.19877966257579255, 'depth_imb_k_mean_60s': 0.11647706608011228, 'dist_vwap_bps': None, 'hl_range_pct': None, 'oc_change_pct': None, 'volume_rel_20': None, 'atr_pct': None, 'position_in_range': None, 'rsi': None, 'bb_position': None, 'ret_3': None, 'ret_10': None, 'session_bucket': 2.0}"
2026-04-08|ONON|2026-04-08T14:35:00-04:00|long|8,2026-04-08,ONON,2026-04-08T14:35:00-04:00,long,8,0.3674551844596863,True,shadow,entry_next_bar_open_time_exit_at_selected_hold,33.89,33.72,50.84,"{'pressure_k': 0.0, 'spread': 0.01999999999999602, 'depth_imb_k': -0.28632244467860907, 'micro_off': 0.0, 'spread_mean_10s': 0.018421052631598094, 'depth_imb_k_mean_10s': 0.013380896264008794, 'depth_imb_k_mean_60s': 0.06525058740787618, 'dist_vwap_bps': None, 'hl_range_pct': None, 'oc_change_pct': None, 'volume_rel_20': None, 'atr_pct': None, 'position_in_range': None, 'rsi': None, 'bb_position': None, 'ret_3': None, 'ret_10': None, 'session_bucket': 2.0}"
2026-04-08|ONON|2026-04-08T14:36:00-04:00|short|12,2026-04-08,ONON,2026-04-08T14:36:00-04:00,short,12,0.3087650239467621,True,shadow,entry_next_bar_open_time_exit_at_selected_hold,33.89,34.06,16.95,"{'pressure_k': 0.0, 'spread': 0.02999999999999403, 'depth_imb_k': 0.15293116168208387, 'micro_off': 0.005000000000002558, 'spread_mean_10s': 0.020540540540534148, 'depth_imb_k_mean_10s': 0.10150119502149874, 'depth_imb_k_mean_60s': -0.07851705635978112, 'dist_vwap_bps': None, 'hl_range_pct': None, 'oc_change_pct': None, 'volume_rel_20': None, 'atr_pct': None, 'position_in_range': None, 'rsi': None, 'bb_position': None, 'ret_3': None, 'ret_10': None, 'session_bucket': 2.0}"
2026-04-08|ONON|2026-04-08T14:37:00-04:00|long|12,2026-04-08,ONON,2026-04-08T14:37:00-04:00,long,12,0.32832396030426025,True,shadow,entry_next_bar_open_time_exit_at_selected_hold,33.885,33.72,50.83,"{'pressure_k': 0.0, 'spread': 0.020000000000003126, 'depth_imb_k': 0.290498873749123, 'micro_off': 0.006000000000007333, 'spread_mean_10s': 0.01999999999998181, 'depth_imb_k_mean_10s': 0.29962171620572436, 'depth_imb_k_mean_60s': 0.20107814705156915, 'dist_vwap_bps': None, 'hl_range_pct': None, 'oc_change_pct': None, 'volume_rel_20': None, 'atr_pct': None, 'position_in_range': None, 'rsi': None, 'bb_position': None, 'ret_3': None, 'ret_10': None, 'session_bucket': 2.0}"
2026-04-08|ONON|2026-04-08T14:38:00-04:00|long|8,2026-04-08,ONON,2026-04-08T14:38:00-04:00,long,8,0.3777139484882355,True,shadow,entry_next_bar_open_time_exit_at_selected_hold,33.88,33.71,50.82,"{'pressure_k': 0.0, 'spread': 0.00999999999999801, 'depth_imb_k': 0.025012298028531426, 'micro_off': -7.105427357601002e-15, 'spread_mean_10s': 0.015526315789561283, 'depth_imb_k_mean_10s': 0.009445954497670371, 'depth_imb_k_mean_60s': 0.14609799784607827, 'dist_vwap_bps': None, 'hl_range_pct': None, 'oc_change_pct': None, 'volume_rel_20': None, 'atr_pct': None, 'position_in_range': None, 'rsi': None, 'bb_position': None, 'ret_3': None, 'ret_10': None, 'session_bucket': 2.0}"
2026-04-08|ONON|2026-04-08T14:39:00-04:00|long|8,2026-04-08,ONON,2026-04-08T14:39:00-04:00,long,8,0.3504173159599304,True,shadow,entry_next_bar_open_time_exit_at_selected_hold,33.86,33.69,50.79,"{'pressure_k': 0.0, 'spread': 0.00999999999999801, 'depth_imb_k': 0.22394392512099132, 'micro_off': 7.105427357601002e-15, 'spread_mean_10s': 0.010000000000218279, 'depth_imb_k_mean_10s': 0.17953045112007635, 'depth_imb_k_mean_60s': 0.13398085822985145, 'dist_vwap_bps': None, 'hl_range_pct': None, 'oc_change_pct': None, 'volume_rel_20': None, 'atr_pct': None, 'position_in_range': None, 'rsi': None, 'bb_position': None, 'ret_3': None, 'ret_10': None, 'session_bucket': 2.0}"
2026-04-08|ONON|2026-04-08T14:40:00-04:00|long|12,2026-04-08,ONON,2026-04-08T14:40:00-04:00,long,12,0.36095130443573,True,shadow,entry_next_bar_open_time_exit_at_selected_hold,33.86,33.69,50.79,"{'pressure_k': 0.0, 'spread': 0.030000000000001137, 'depth_imb_k': 0.19920051150070653, 'micro_off': 0.00999999999999801, 'spread_mean_10s': 0.0221621621622772, 'depth_imb_k_mean_10s': 0.1863681055625863, 'depth_imb_k_mean_60s': 0.15194303794625755, 'dist_vwap_bps': None, 'hl_range_pct': None, 'oc_change_pct': None, 'volume_rel_20': None, 'atr_pct': None, 'position_in_range': None, 'rsi': None, 'bb_position': None, 'ret_3': None, 'ret_10': None, 'session_bucket': 2.0}"
2026-04-08|ONON|2026-04-08T14:41:00-04:00|long|8,2026-04-08,ONON,2026-04-08T14:41:00-04:00,long,8,0.3815050721168518,True,shadow,entry_next_bar_open_time_exit_at_selected_hold,33.85,33.68,50.78,"{'pressure_k': 0.0, 'spread': 0.00999999999999801, 'depth_imb_k': 0.020690868865647628, 'micro_off': -7.105427357601002e-15, 'spread_mean_10s': 0.015263157894830664, 'depth_imb_k_mean_10s': 0.12873779442929445, 'depth_imb_k_mean_60s': 0.1820162460096105, 'dist_vwap_bps': None, 'hl_range_pct': None, 'oc_change_pct': None, 'volume_rel_20': None, 'atr_pct': None, 'position_in_range': None, 'rsi': None, 'bb_position': None, 'ret_3': None, 'ret_10': None, 'session_bucket': 2.0}"
2026-04-08|ONON|2026-04-08T14:42:00-04:00|long|8,2026-04-08,ONON,2026-04-08T14:42:00-04:00,long,8,0.3461587131023407,True,shadow,entry_next_bar_open_time_exit_at_selected_hold,33.81,33.64,50.72,"{'pressure_k': 0.0, 'spread': 0.01999999999999602, 'depth_imb_k': -0.09498278872815116, 'micro_off': 0.0033333333333303017, 'spread_mean_10s': 0.01999999999998181, 'depth_imb_k_mean_10s': -0.043012845257539754, 'depth_imb_k_mean_60s': -0.10421763200070694, 'dist_vwap_bps': None, 'hl_range_pct': None, 'oc_change_pct': None, 'volume_rel_20': None, 'atr_pct': None, 'position_in_range': None, 'rsi': None, 'bb_position': None, 'ret_3': None, 'ret_10': None, 'session_bucket': 2.0}"
2026-04-08|ONON|2026-04-08T14:43:00-04:00|long|8,2026-04-08,ONON,2026-04-08T14:43:00-04:00,long,8,0.39329370856285095,True,shadow,entry_next_bar_open_time_exit_at_selected_hold,33.78,33.61,50.67,"{'pressure_k': 0.0, 'spread': 0.020000000000003126, 'depth_imb_k': -0.4880702598043558, 'micro_off': 0.003333333333337407, 'spread_mean_10s': 0.012105263158099134, 'depth_imb_k_mean_10s': -0.5426727746056187, 'depth_imb_k_mean_60s': -0.12173802194372708, 'dist_vwap_bps': None, 'hl_range_pct': None, 'oc_change_pct': None, 'volume_rel_20': None, 'atr_pct': None, 'position_in_range': None, 'rsi': None, 'bb_position': None, 'ret_3': None, 'ret_10': None, 'session_bucket': 2.0}"
2026-04-08|ONON|2026-04-08T14:44:00-04:00|long|12,2026-04-08,ONON,2026-04-08T14:44:00-04:00,long,12,0.36869025230407715,True,shadow,entry_next_bar_open_time_exit_at_selected_hold,33.79,33.62,50.69,"{'pressure_k': 0.0, 'spread': 0.01999999999999602, 'depth_imb_k': 0.26232803078696854, 'micro_off': 0.0, 'spread_mean_10s': 0.01999999999998181, 'depth_imb_k_mean_10s': 0.2554771279658264, 'depth_imb_k_mean_60s': 0.05199231057985005, 'dist_vwap_bps': None, 'hl_range_pct': None, 'oc_change_pct': None, 'volume_rel_20': None, 'atr_pct': None, 'position_in_range': None, 'rsi': None, 'bb_position': None, 'ret_3': None, 'ret_10': None, 'session_bucket': 2.0}"
2026-04-08|ONON|2026-04-08T14:45:00-04:00|long|12,2026-04-08,ONON,2026-04-08T14:45:00-04:00,long,12,0.34927526116371155,True,shadow,entry_next_bar_open_time_exit_at_selected_hold,33.77,33.6,50.66,"{'pressure_k': 0.0, 'spread': 0.01999999999999602, 'depth_imb_k': -0.031153849603961285, 'micro_off': 0.0, 'spread_mean_10s': 0.01999999999998181, 'depth_imb_k_mean_10s': -0.06613377420609667, 'depth_imb_k_mean_60s': 0.14112815722998157, 'dist_vwap_bps': None, 'hl_range_pct': None, 'oc_change_pct': None, 'volume_rel_20': None, 'atr_pct': None, 'position_in_range': None, 'rsi': None, 'bb_position': None, 'ret_3': None, 'ret_10': None, 'session_bucket': 2.0}"
2026-04-08|ONON|2026-04-08T14:46:00-04:00|long|8,2026-04-08,ONON,2026-04-08T14:46:00-04:00,long,8,0.37532681226730347,True,shadow,entry_next_bar_open_time_exit_at_selected_hold,33.76,33.59,50.64,"{'pressure_k': 0.0, 'spread': 0.030000000000001137, 'depth_imb_k': 0.0754986973153865, 'micro_off': 0.0, 'spread_mean_10s': 0.022631578947407673, 'depth_imb_k_mean_10s': 0.1186028931529587, 'depth_imb_k_mean_60s': 0.09553056155935938, 'dist_vwap_bps': None, 'hl_range_pct': None, 'oc_change_pct': None, 'volume_rel_20': None, 'atr_pct': None, 'position_in_range': None, 'rsi': None, 'bb_position': None, 'ret_3': None, 'ret_10': None, 'session_bucket': 2.0}"
2026-04-08|ONON|2026-04-08T14:47:00-04:00|long|12,2026-04-08,ONON,2026-04-08T14:47:00-04:00,long,12,0.3676081597805023,True,shadow,entry_next_bar_open_time_exit_at_selected_hold,33.76,33.59,50.64,"{'pressure_k': 0.0, 'spread': 0.020000000000003126, 'depth_imb_k': 0.18044915202846112, 'micro_off': 0.007500000000000284, 'spread_mean_10s': 0.017894736842136855, 'depth_imb_k_mean_10s': 0.21446375908080403, 'depth_imb_k_mean_60s': 0.033253192054575366, 'dist_vwap_bps': None, 'hl_range_pct': None, 'oc_change_pct': None, 'volume_rel_20': None, 'atr_pct': None, 'position_in_range': None, 'rsi': None, 'bb_position': None, 'ret_3': None, 'ret_10': None, 'session_bucket': 2.0}"
2026-04-08|ONON|2026-04-08T14:48:00-04:00|long|12,2026-04-08,ONON,2026-04-08T14:48:00-04:00,long,12,0.377475768327713,True,shadow,entry_next_bar_open_time_exit_at_selected_hold,33.69,33.52,50.53,"{'pressure_k': 0.0, 'spread': 0.020000000000003126, 'depth_imb_k': 0.051751617238038686, 'micro_off': 0.0, 'spread_mean_10s': 0.02421052631586319, 'depth_imb_k_mean_10s': 0.017849595107571458, 'depth_imb_k_mean_60s': 0.16971823038292097, 'dist_vwap_bps': None, 'hl_range_pct': None, 'oc_change_pct': None, 'volume_rel_20': None, 'atr_pct': None, 'position_in_range': None, 'rsi': None, 'bb_position': None, 'ret_3': None, 'ret_10': None, 'session_bucket': 2.0}"
2026-04-08|ONON|2026-04-08T14:49:00-04:00|long|8,2026-04-08,ONON,2026-04-08T14:49:00-04:00,long,8,0.39559099078178406,True,shadow,entry_next_bar_open_time_exit_at_selected_hold,33.67,33.5,50.51,"{'pressure_k': 0.0, 'spread': 0.01999999999999602, 'depth_imb_k': -0.001570658403022456, 'micro_off': 0.0, 'spread_mean_10s': 0.0287301587303311, 'depth_imb_k_mean_10s': -0.16562417433612162, 'depth_imb_k_mean_60s': -0.11218468360849813, 'dist_vwap_bps': None, 'hl_range_pct': None, 'oc_change_pct': None, 'volume_rel_20': None, 'atr_pct': None, 'position_in_range': None, 'rsi': None, 'bb_position': None, 'ret_3': None, 'ret_10': None, 'session_bucket': 2.0}"
2026-04-08|ONON|2026-04-08T14:50:00-04:00|long|12,2026-04-08,ONON,2026-04-08T14:50:00-04:00,long,12,0.3656386733055115,True,shadow,entry_next_bar_open_time_exit_at_selected_hold,33.71,33.54,50.56,"{'pressure_k': 0.0, 'spread': 0.01999999999999602, 'depth_imb_k': -0.0009005477449224999, 'micro_off': -0.005000000000002558, 'spread_mean_10s': 0.027027027027162222, 'depth_imb_k_mean_10s': 0.21608146780245324, 'depth_imb_k_mean_60s': 0.17111603657591537, 'dist_vwap_bps': None, 'hl_range_pct': None, 'oc_change_pct': None, 'volume_rel_20': None, 'atr_pct': None, 'position_in_range': None, 'rsi': None, 'bb_position': None, 'ret_3': None, 'ret_10': None, 'session_bucket': 2.0}"
2026-04-08|ONON|2026-04-08T14:51:00-04:00|short|12,2026-04-08,ONON,2026-04-08T14:51:00-04:00,short,12,0.38796016573905945,True,shadow,entry_next_bar_open_time_exit_at_selected_hold,33.71,33.88,16.86,"{'pressure_k': 0.0, 'spread': 0.00999999999999801, 'depth_imb_k': -0.3079655426548587, 'micro_off': 0.0, 'spread_mean_10s': 0.016250000000070486, 'depth_imb_k_mean_10s': -0.16199150305885723, 'depth_imb_k_mean_60s': -0.056098564142615714, 'dist_vwap_bps': None, 'hl_range_pct': None, 'oc_change_pct': None, 'volume_rel_20': None, 'atr_pct': None, 'position_in_range': None, 'rsi': None, 'bb_position': None, 'ret_3': None, 'ret_10': None, 'session_bucket': 2.0}"
2026-04-08|ONON|2026-04-08T14:52:00-04:00|short|12,2026-04-08,ONON,2026-04-08T14:52:00-04:00,short,12,0.33885470032691956,True,shadow,entry_next_bar_open_time_exit_at_selected_hold,33.68,33.85,16.84,"{'pressure_k': 0.0, 'spread': 0.01999999999999602, 'depth_imb_k': -0.17142153739211036, 'micro_off': 0.0, 'spread_mean_10s': 0.01999999999998181, 'depth_imb_k_mean_10s': -0.1441503029067893, 'depth_imb_k_mean_60s': -0.08276992942676234, 'dist_vwap_bps': None, 'hl_range_pct': None, 'oc_change_pct': None, 'volume_rel_20': None, 'atr_pct': None, 'position_in_range': None, 'rsi': None, 'bb_position': None, 'ret_3': None, 'ret_10': None, 'session_bucket': 2.0}"
2026-04-08|ONON|2026-04-08T14:53:00-04:00|short|12,2026-04-08,ONON,2026-04-08T14:53:00-04:00,short,12,0.32001668214797974,True,shadow,entry_next_bar_open_time_exit_at_selected_hold,33.68,33.85,16.84,"{'pressure_k': 0.0, 'spread': 0.01999999999999602, 'depth_imb_k': -0.0645399703104766, 'micro_off': 0.0033333333333303017, 'spread_mean_10s': 0.01999999999998181, 'depth_imb_k_mean_10s': -0.03498530775971774, 'depth_imb_k_mean_60s': -0.12629682900299194, 'dist_vwap_bps': None, 'hl_range_pct': None, 'oc_change_pct': None, 'volume_rel_20': None, 'atr_pct': None, 'position_in_range': None, 'rsi': None, 'bb_position': None, 'ret_3': None, 'ret_10': None, 'session_bucket': 2.0}"
2026-04-08|ONON|2026-04-08T14:54:00-04:00|short|12,2026-04-08,ONON,2026-04-08T14:54:00-04:00,short,12,0.34503084421157837,True,shadow,entry_next_bar_open_time_exit_at_selected_hold,33.68,33.85,16.84,"{'pressure_k': 0.0, 'spread': 0.00999999999999801, 'depth_imb_k': 0.10149177765120761, 'micro_off': 0.0, 'spread_mean_10s': 0.010000000000218279, 'depth_imb_k_mean_10s': 0.15516179652082715, 'depth_imb_k_mean_60s': -0.026713768546703216, 'dist_vwap_bps': None, 'hl_range_pct': None, 'oc_change_pct': None, 'volume_rel_20': None, 'atr_pct': None, 'position_in_range': None, 'rsi': None, 'bb_position': None, 'ret_3': None, 'ret_10': None, 'session_bucket': 2.0}"
2026-04-08|ONON|2026-04-08T14:55:00-04:00|short|8,2026-04-08,ONON,2026-04-08T14:55:00-04:00,short,8,0.3430148661136627,True,shadow,entry_next_bar_open_time_exit_at_selected_hold,33.68,33.85,16.84,"{'pressure_k': 0.0, 'spread': 0.01999999999999602, 'depth_imb_k': -0.1183466051969824, 'micro_off': 0.0, 'spread_mean_10s': 0.01999999999998181, 'depth_imb_k_mean_10s': -0.13731892991867617, 'depth_imb_k_mean_60s': 0.0023917877858063243, 'dist_vwap_bps': None, 'hl_range_pct': None, 'oc_change_pct': None, 'volume_rel_20': None, 'atr_pct': None, 'position_in_range': None, 'rsi': None, 'bb_position': None, 'ret_3': None, 'ret_10': None, 'session_bucket': 2.0}"
2026-04-08|ONON|2026-04-08T14:56:00-04:00|long|12,2026-04-08,ONON,2026-04-08T14:56:00-04:00,long,12,0.34369972348213196,True,shadow,entry_next_bar_open_time_exit_at_selected_hold,33.66,33.49,50.49,"{'pressure_k': 0.0, 'spread': 0.00999999999999801, 'depth_imb_k': 0.25961271134387226, 'micro_off': 0.0, 'spread_mean_10s': 0.010540540540746038, 'depth_imb_k_mean_10s': 0.15865767032033004, 'depth_imb_k_mean_60s': -0.034246551803018326, 'dist_vwap_bps': None, 'hl_range_pct': None, 'oc_change_pct': None, 'volume_rel_20': None, 'atr_pct': None, 'position_in_range': None, 'rsi': None, 'bb_position': None, 'ret_3': None, 'ret_10': None, 'session_bucket': 2.0}"
2026-04-08|ONON|2026-04-08T14:57:00-04:00|long|12,2026-04-08,ONON,2026-04-08T14:57:00-04:00,long,12,0.3026455342769623,True,shadow,entry_next_bar_open_time_exit_at_selected_hold,33.64,33.47,50.46,"{'pressure_k': 0.0, 'spread': 0.00999999999999801, 'depth_imb_k': 0.1423208886775147, 'micro_off': 7.105427357601002e-15, 'spread_mean_10s': 0.010000000000218279, 'depth_imb_k_mean_10s': 0.09595584867958296, 'depth_imb_k_mean_60s': 0.07446652233598375, 'dist_vwap_bps': None, 'hl_range_pct': None, 'oc_change_pct': None, 'volume_rel_20': None, 'atr_pct': None, 'position_in_range': None, 'rsi': None, 'bb_position': None, 'ret_3': None, 'ret_10': None, 'session_bucket': 2.0}"
2026-04-08|ONON|2026-04-08T14:58:00-04:00|long|12,2026-04-08,ONON,2026-04-08T14:58:00-04:00,long,12,0.30745330452919006,True,shadow,entry_next_bar_open_time_exit_at_selected_hold,33.63,33.46,50.45,"{'pressure_k': 0.0, 'spread': 0.020000000000003126, 'depth_imb_k': -0.053338341628321906, 'micro_off': 7.105427357601002e-15, 'spread_mean_10s': 0.01999999999998181, 'depth_imb_k_mean_10s': -0.026667610256122555, 'depth_imb_k_mean_60s': 0.11374839049660831, 'dist_vwap_bps': None, 'hl_range_pct': None, 'oc_change_pct': None, 'volume_rel_20': None, 'atr_pct': None, 'position_in_range': None, 'rsi': None, 'bb_position': None, 'ret_3': None, 'ret_10': None, 'session_bucket': 2.0}"
2026-04-08|ONON|2026-04-08T14:59:00-04:00|long|8,2026-04-08,ONON,2026-04-08T14:59:00-04:00,long,8,0.3490966558456421,True,shadow,entry_next_bar_open_time_exit_at_selected_hold,33.63,33.46,50.45,"{'pressure_k': 0.0, 'spread': 0.020000000000003126, 'depth_imb_k': 0.2910876366903132, 'micro_off': 7.105427357601002e-15, 'spread_mean_10s': 0.012162162162329312, 'depth_imb_k_mean_10s': 0.27036709811002496, 'depth_imb_k_mean_60s': 0.21085024540197705, 'dist_vwap_bps': None, 'hl_range_pct': None, 'oc_change_pct': None, 'volume_rel_20': None, 'atr_pct': None, 'position_in_range': None, 'rsi': None, 'bb_position': None, 'ret_3': None, 'ret_10': None, 'session_bucket': 2.0}"
2026-04-08|ONON|2026-04-08T15:00:00-04:00|short|12,2026-04-08,ONON,2026-04-08T15:00:00-04:00,short,12,0.35496798157691956,True,shadow,entry_next_bar_open_time_exit_at_selected_hold,33.65,33.82,16.82,"{'pressure_k': 0.0, 'spread': 0.010000000000005116, 'depth_imb_k': 0.2214403996280994, 'micro_off': 0.0, 'spread_mean_10s': 0.017631578947406235, 'depth_imb_k_mean_10s': 0.17845155623011746, 'depth_imb_k_mean_60s': 0.23060843813738544, 'dist_vwap_bps': None, 'hl_range_pct': None, 'oc_change_pct': None, 'volume_rel_20': None, 'atr_pct': None, 'position_in_range': None, 'rsi': None, 'bb_position': None, 'ret_3': None, 'ret_10': None, 'session_bucket': 2.0}"
2026-04-08|ONON|2026-04-08T15:01:00-04:00|long|8,2026-04-08,ONON,2026-04-08T15:01:00-04:00,long,8,0.3721511662006378,True,shadow,entry_next_bar_open_time_exit_at_selected_hold,33.67,33.5,50.51,"{'pressure_k': 0.0, 'spread': 0.020000000000003126, 'depth_imb_k': 0.3014833392058919, 'micro_off': 0.0033333333333303017, 'spread_mean_10s': 0.015263157894830664, 'depth_imb_k_mean_10s': 0.26759099807752235, 'depth_imb_k_mean_60s': 0.16980613595647956, 'dist_vwap_bps': None, 'hl_range_pct': None, 'oc_change_pct': None, 'volume_rel_20': None, 'atr_pct': None, 'position_in_range': None, 'rsi': None, 'bb_position': None, 'ret_3': None, 'ret_10': None, 'session_bucket': 2.0}"
2026-04-08|ONON|2026-04-08T15:02:00-04:00|long|8,2026-04-08,ONON,2026-04-08T15:02:00-04:00,long,8,0.37458038330078125,True,shadow,entry_next_bar_open_time_exit_at_selected_hold,33.65,33.48,50.47,"{'pressure_k': 0.0, 'spread': 0.01999999999999602, 'depth_imb_k': 0.19917821069250943, 'micro_off': 0.0, 'spread_mean_10s': 0.019459459459478634, 'depth_imb_k_mean_10s': 0.11158662743916982, 'depth_imb_k_mean_60s': 0.21009750488692303, 'dist_vwap_bps': None, 'hl_range_pct': None, 'oc_change_pct': None, 'volume_rel_20': None, 'atr_pct': None, 'position_in_range': None, 'rsi': None, 'bb_position': None, 'ret_3': None, 'ret_10': None, 'session_bucket': 2.0}"
2026-04-08|ONON|2026-04-08T15:03:00-04:00|long|12,2026-04-08,ONON,2026-04-08T15:03:00-04:00,long,12,0.3928408920764923,True,shadow,entry_next_bar_open_time_exit_at_selected_hold,33.6301,33.46,50.45,"{'pressure_k': 0.0, 'spread': 0.01999999999999602, 'depth_imb_k': 0.02046419240768973, 'micro_off': -0.003333333333337407, 'spread_mean_10s': 0.01999999999998181, 'depth_imb_k_mean_10s': 0.0047919917293065255, 'depth_imb_k_mean_60s': 0.11339327180464157, 'dist_vwap_bps': None, 'hl_range_pct': None, 'oc_change_pct': None, 'volume_rel_20': None, 'atr_pct': None, 'position_in_range': None, 'rsi': None, 'bb_position': None, 'ret_3': None, 'ret_10': None, 'session_bucket': 2.0}"
2026-04-08|ONON|2026-04-08T15:04:00-04:00|long|12,2026-04-08,ONON,2026-04-08T15:04:00-04:00,long,12,0.40312767028808594,True,shadow,entry_next_bar_open_time_exit_at_selected_hold,33.64,33.47,50.46,"{'pressure_k': 0.0, 'spread': 0.01999999999999602, 'depth_imb_k': 0.14206148413752934, 'micro_off': -0.005000000000002558, 'spread_mean_10s': 0.01973684210525119, 'depth_imb_k_mean_10s': 0.16970120153294038, 'depth_imb_k_mean_60s': 0.06909241192617628, 'dist_vwap_bps': None, 'hl_range_pct': None, 'oc_change_pct': None, 'volume_rel_20': None, 'atr_pct': None, 'position_in_range': None, 'rsi': None, 'bb_position': None, 'ret_3': None, 'ret_10': None, 'session_bucket': 2.0}"
2026-04-08|ONON|2026-04-08T15:05:00-04:00|long|8,2026-04-08,ONON,2026-04-08T15:05:00-04:00,long,8,0.3346234858036041,True,shadow,entry_next_bar_open_time_exit_at_selected_hold,33.615,33.45,50.42,"{'pressure_k': 0.0, 'spread': 0.030000000000001137, 'depth_imb_k': 0.02035829587896436, 'micro_off': -0.007500000000000284, 'spread_mean_10s': 0.03000000000020009, 'depth_imb_k_mean_10s': 0.020248017883608957, 'depth_imb_k_mean_60s': 0.051547938077900785, 'dist_vwap_bps': None, 'hl_range_pct': None, 'oc_change_pct': None, 'volume_rel_20': None, 'atr_pct': None, 'position_in_range': None, 'rsi': None, 'bb_position': None, 'ret_3': None, 'ret_10': None, 'session_bucket': 2.0}"
2026-04-08|ONON|2026-04-08T15:06:00-04:00|long|8,2026-04-08,ONON,2026-04-08T15:06:00-04:00,long,8,0.42913100123405457,True,shadow,entry_next_bar_open_time_exit_at_selected_hold,33.615,33.45,50.42,"{'pressure_k': 0.0, 'spread': 0.00999999999999801, 'depth_imb_k': 0.26461461856559043, 'micro_off': 7.105427357601002e-15, 'spread_mean_10s': 0.01809523809526495, 'depth_imb_k_mean_10s': 0.23482824514589343, 'depth_imb_k_mean_60s': 0.25021141168310024, 'dist_vwap_bps': None, 'hl_range_pct': None, 'oc_change_pct': None, 'volume_rel_20': None, 'atr_pct': None, 'position_in_range': None, 'rsi': None, 'bb_position': None, 'ret_3': None, 'ret_10': None, 'session_bucket': 2.0}"
2026-04-08|ONON|2026-04-08T15:07:00-04:00|short|12,2026-04-08,ONON,2026-04-08T15:07:00-04:00,short,12,0.3662589192390442,True,shadow,entry_next_bar_open_time_exit_at_selected_hold,33.64,33.81,16.82,"{'pressure_k': 0.0, 'spread': 0.01999999999999602, 'depth_imb_k': -0.11833822912295426, 'micro_off': 0.0033333333333303017, 'spread_mean_10s': 0.01999999999998181, 'depth_imb_k_mean_10s': -0.041800786620306576, 'depth_imb_k_mean_60s': 0.1023663093192267, 'dist_vwap_bps': None, 'hl_range_pct': None, 'oc_change_pct': None, 'volume_rel_20': None, 'atr_pct': None, 'position_in_range': None, 'rsi': None, 'bb_position': None, 'ret_3': None, 'ret_10': None, 'session_bucket': 2.0}"
2026-04-08|ONON|2026-04-08T15:08:00-04:00|short|12,2026-04-08,ONON,2026-04-08T15:08:00-04:00,short,12,0.34599941968917847,True,shadow,entry_next_bar_open_time_exit_at_selected_hold,33.635,33.8,16.82,"{'pressure_k': 0.0, 'spread': 0.00999999999999801, 'depth_imb_k': 0.05804352389615842, 'micro_off': 0.0016666666666580454, 'spread_mean_10s': 0.010000000000218279, 'depth_imb_k_mean_10s': 0.20642426152509966, 'depth_imb_k_mean_60s': 0.08476688165815258, 'dist_vwap_bps': None, 'hl_range_pct': None, 'oc_change_pct': None, 'volume_rel_20': None, 'atr_pct': None, 'position_in_range': None, 'rsi': None, 'bb_position': None, 'ret_3': None, 'ret_10': None, 'session_bucket': 2.0}"
2026-04-08|ONON|2026-04-08T15:09:00-04:00|long|8,2026-04-08,ONON,2026-04-08T15:09:00-04:00,long,8,0.35244637727737427,True,shadow,entry_next_bar_open_time_exit_at_selected_hold,33.58,33.41,50.37,"{'pressure_k': 0.0, 'spread': 0.020000000000003126, 'depth_imb_k': 0.06591596260593992, 'micro_off': 0.007499999999993179, 'spread_mean_10s': 0.020526315789490917, 'depth_imb_k_mean_10s': 0.03978058253362274, 'depth_imb_k_mean_60s': 0.05365567870125118, 'dist_vwap_bps': None, 'hl_range_pct': None, 'oc_change_pct': None, 'volume_rel_20': None, 'atr_pct': None, 'position_in_range': None, 'rsi': None, 'bb_position': None, 'ret_3': None, 'ret_10': None, 'session_bucket': 2.0}"
2026-04-08|ONON|2026-04-08T15:10:00-04:00|long|8,2026-04-08,ONON,2026-04-08T15:10:00-04:00,long,8,0.39535489678382874,True,shadow,entry_next_bar_open_time_exit_at_selected_hold,33.59,33.42,50.39,"{'pressure_k': 0.0, 'spread': 0.020000000000003126, 'depth_imb_k': 0.3452426650471809, 'micro_off': 0.0, 'spread_mean_10s': 0.01421052631593212, 'depth_imb_k_mean_10s': 0.39311883426417854, 'depth_imb_k_mean_60s': 0.2738843554314552, 'dist_vwap_bps': None, 'hl_range_pct': None, 'oc_change_pct': None, 'volume_rel_20': None, 'atr_pct': None, 'position_in_range': None, 'rsi': None, 'bb_position': None, 'ret_3': None, 'ret_10': None, 'session_bucket': 2.0}"
2026-04-08|ONON|2026-04-08T15:11:00-04:00|long|8,2026-04-08,ONON,2026-04-08T15:11:00-04:00,long,8,0.3672434091567993,True,shadow,entry_next_bar_open_time_exit_at_selected_hold,33.632,33.46,50.45,"{'pressure_k': 0.0, 'spread': 0.020000000000003126, 'depth_imb_k': 0.2850021243449936, 'micro_off': 0.00846153846154607, 'spread_mean_10s': 0.018947368421059332, 'depth_imb_k_mean_10s': 0.25230589959499794, 'depth_imb_k_mean_60s': 0.13727337692654704, 'dist_vwap_bps': None, 'hl_range_pct': None, 'oc_change_pct': None, 'volume_rel_20': None, 'atr_pct': None, 'position_in_range': None, 'rsi': None, 'bb_position': None, 'ret_3': None, 'ret_10': None, 'session_bucket': 2.0}"
2026-04-08|ONON|2026-04-08T15:12:00-04:00|long|8,2026-04-08,ONON,2026-04-08T15:12:00-04:00,long,8,0.35869163274765015,True,shadow,entry_next_bar_open_time_exit_at_selected_hold,33.645,33.48,50.47,"{'pressure_k': 0.0, 'spread': 0.00999999999999801, 'depth_imb_k': 0.26762605575089715, 'micro_off': 7.105427357601002e-15, 'spread_mean_10s': 0.010000000000218279, 'depth_imb_k_mean_10s': 0.29823156138143914, 'depth_imb_k_mean_60s': 0.23428252005614922, 'dist_vwap_bps': None, 'hl_range_pct': None, 'oc_change_pct': None, 'volume_rel_20': None, 'atr_pct': None, 'position_in_range': None, 'rsi': None, 'bb_position': None, 'ret_3': None, 'ret_10': None, 'session_bucket': 2.0}"
2026-04-08|ONON|2026-04-08T15:13:00-04:00|long|12,2026-04-08,ONON,2026-04-08T15:13:00-04:00,long,12,0.35265636444091797,True,shadow,entry_next_bar_open_time_exit_at_selected_hold,33.6415,33.47,50.46,"{'pressure_k': 0.0, 'spread': 0.030000000000001137, 'depth_imb_k': 0.23727230266230734, 'micro_off': 0.0, 'spread_mean_10s': 0.029032258064695095, 'depth_imb_k_mean_10s': 0.21778911628579437, 'depth_imb_k_mean_60s': 0.21799920982524973, 'dist_vwap_bps': None, 'hl_range_pct': None, 'oc_change_pct': None, 'volume_rel_20': None, 'atr_pct': None, 'position_in_range': None, 'rsi': None, 'bb_position': None, 'ret_3': None, 'ret_10': None, 'session_bucket': 2.0}"
2026-04-08|ONON|2026-04-08T15:14:00-04:00|long|8,2026-04-08,ONON,2026-04-08T15:14:00-04:00,long,8,0.3381960988044739,True,shadow,entry_next_bar_open_time_exit_at_selected_hold,33.66,33.49,50.49,"{'pressure_k': 0.0, 'spread': 0.01999999999999602, 'depth_imb_k': 0.2540574573267419, 'micro_off': 0.0, 'spread_mean_10s': 0.020263157894724396, 'depth_imb_k_mean_10s': 0.21733989757388517, 'depth_imb_k_mean_60s': 0.2137951450245577, 'dist_vwap_bps': None, 'hl_range_pct': None, 'oc_change_pct': None, 'volume_rel_20': None, 'atr_pct': None, 'position_in_range': None, 'rsi': None, 'bb_position': None, 'ret_3': None, 'ret_10': None, 'session_bucket': 2.0}"
2026-04-08|ONON|2026-04-08T15:15:00-04:00|long|8,2026-04-08,ONON,2026-04-08T15:15:00-04:00,long,8,0.4553520679473877,True,shadow,entry_next_bar_open_time_exit_at_selected_hold,33.65,33.48,50.47,"{'pressure_k': 0.0, 'spread': 0.02999999999999403, 'depth_imb_k': 0.4054179638492635, 'micro_off': 0.012999999999998124, 'spread_mean_10s': 0.021836734693899452, 'depth_imb_k_mean_10s': 0.2162575854870701, 'depth_imb_k_mean_60s': 0.06618358484581637, 'dist_vwap_bps': None, 'hl_range_pct': None, 'oc_change_pct': None, 'volume_rel_20': None, 'atr_pct': None, 'position_in_range': None, 'rsi': None, 'bb_position': None, 'ret_3': None, 'ret_10': None, 'session_bucket': 2.0}"
2026-04-08|ONON|2026-04-08T15:16:00-04:00|long|12,2026-04-08,ONON,2026-04-08T15:16:00-04:00,long,12,0.4175858497619629,True,shadow,entry_next_bar_open_time_exit_at_selected_hold,33.655,33.49,50.48,"{'pressure_k': 0.0, 'spread': 0.00999999999999801, 'depth_imb_k': 0.24940252857337444, 'micro_off': 0.0, 'spread_mean_10s': 0.015789473684291903, 'depth_imb_k_mean_10s': 0.15971109400070896, 'depth_imb_k_mean_60s': 0.13756176649995464, 'dist_vwap_bps': None, 'hl_range_pct': None, 'oc_change_pct': None, 'volume_rel_20': None, 'atr_pct': None, 'position_in_range': None, 'rsi': None, 'bb_position': None, 'ret_3': None, 'ret_10': None, 'session_bucket': 2.0}"
2026-04-08|ONON|2026-04-08T15:17:00-04:00|long|12,2026-04-08,ONON,2026-04-08T15:17:00-04:00,long,12,0.4475805163383484,True,shadow,entry_next_bar_open_time_exit_at_selected_hold,33.615,33.45,50.42,"{'pressure_k': 0.0, 'spread': 0.00999999999999801, 'depth_imb_k': 0.29352664896875647, 'micro_off': 7.105427357601002e-15, 'spread_mean_10s': 0.018421052631598094, 'depth_imb_k_mean_10s': 0.21962463759705556, 'depth_imb_k_mean_60s': 0.20519332688194172, 'dist_vwap_bps': None, 'hl_range_pct': None, 'oc_change_pct': None, 'volume_rel_20': None, 'atr_pct': None, 'position_in_range': None, 'rsi': None, 'bb_position': None, 'ret_3': None, 'ret_10': None, 'session_bucket': 2.0}"
2026-04-08|ONON|2026-04-08T15:18:00-04:00|long|12,2026-04-08,ONON,2026-04-08T15:18:00-04:00,long,12,0.37763339281082153,True,shadow,entry_next_bar_open_time_exit_at_selected_hold,33.64,33.47,50.46,"{'pressure_k': 0.0, 'spread': 0.03999999999999915, 'depth_imb_k': 0.13415467206725018, 'micro_off': -7.105427357601002e-15, 'spread_mean_10s': 0.03999999999996362, 'depth_imb_k_mean_10s': 0.16111898918793363, 'depth_imb_k_mean_60s': 0.2267487592642843, 'dist_vwap_bps': None, 'hl_range_pct': None, 'oc_change_pct': None, 'volume_rel_20': None, 'atr_pct': None, 'position_in_range': None, 'rsi': None, 'bb_position': None, 'ret_3': None, 'ret_10': None, 'session_bucket': 2.0}"
2026-04-08|ONON|2026-04-08T15:19:00-04:00|long|12,2026-04-08,ONON,2026-04-08T15:19:00-04:00,long,12,0.3500651717185974,True,shadow,entry_next_bar_open_time_exit_at_selected_hold,33.62,33.45,50.43,"{'pressure_k': 0.0, 'spread': 0.020000000000003126, 'depth_imb_k': 0.4419444403780748, 'micro_off': 0.007142857142852677, 'spread_mean_10s': 0.01999999999998181, 'depth_imb_k_mean_10s': 0.44194444037839276, 'depth_imb_k_mean_60s': 0.36923536976918775, 'dist_vwap_bps': None, 'hl_range_pct': None, 'oc_change_pct': None, 'volume_rel_20': None, 'atr_pct': None, 'position_in_range': None, 'rsi': None, 'bb_position': None, 'ret_3': None, 'ret_10': None, 'session_bucket': 2.0}"
2026-04-08|ONON|2026-04-08T15:20:00-04:00|long|12,2026-04-08,ONON,2026-04-08T15:20:00-04:00,long,12,0.4055134654045105,True,shadow,entry_next_bar_open_time_exit_at_selected_hold,33.595,33.43,50.39,"{'pressure_k': 0.0, 'spread': 0.00999999999999801, 'depth_imb_k': 0.06064748157733268, 'micro_off': -0.0030000000000001137, 'spread_mean_10s': 0.02105263157904789, 'depth_imb_k_mean_10s': 0.1411142055229615, 'depth_imb_k_mean_60s': 0.2603648401236285, 'dist_vwap_bps': None, 'hl_range_pct': None, 'oc_change_pct': None, 'volume_rel_20': None, 'atr_pct': None, 'position_in_range': None, 'rsi': None, 'bb_position': None, 'ret_3': None, 'ret_10': None, 'session_bucket': 2.0}"
2026-04-08|ONON|2026-04-08T15:21:00-04:00|long|12,2026-04-08,ONON,2026-04-08T15:21:00-04:00,long,12,0.28561943769454956,True,shadow,entry_next_bar_open_time_exit_at_selected_hold,33.62,33.45,50.43,"{'pressure_k': 0.0, 'spread': 0.01999999999999602, 'depth_imb_k': 0.39929460086909935, 'micro_off': 0.005000000000002558, 'spread_mean_10s': 0.01999999999998181, 'depth_imb_k_mean_10s': 0.3890683652046535, 'depth_imb_k_mean_60s': 0.2949983049771916, 'dist_vwap_bps': None, 'hl_range_pct': None, 'oc_change_pct': None, 'volume_rel_20': None, 'atr_pct': None, 'position_in_range': None, 'rsi': None, 'bb_position': None, 'ret_3': None, 'ret_10': None, 'session_bucket': 2.0}"
2026-04-08|ONON|2026-04-08T15:22:00-04:00|long|8,2026-04-08,ONON,2026-04-08T15:22:00-04:00,long,8,0.32445085048675537,True,shadow,entry_next_bar_open_time_exit_at_selected_hold,33.6,33.43,50.4,"{'pressure_k': 0.0, 'spread': 0.00999999999999801, 'depth_imb_k': 0.06609805282819267, 'micro_off': -0.0016666666666580454, 'spread_mean_10s': 0.010000000000218279, 'depth_imb_k_mean_10s': 0.1338457872721306, 'depth_imb_k_mean_60s': 0.20172439853634247, 'dist_vwap_bps': None, 'hl_range_pct': None, 'oc_change_pct': None, 'volume_rel_20': None, 'atr_pct': None, 'position_in_range': None, 'rsi': None, 'bb_position': None, 'ret_3': None, 'ret_10': None, 'session_bucket': 2.0}"
2026-04-08|ONON|2026-04-08T15:23:00-04:00|long|8,2026-04-08,ONON,2026-04-08T15:23:00-04:00,long,8,0.3650951087474823,True,shadow,entry_next_bar_open_time_exit_at_selected_hold,33.61,33.44,50.41,"{'pressure_k': 0.0, 'spread': 0.01999999999999602, 'depth_imb_k': -0.6938829208664394, 'micro_off': 0.0, 'spread_mean_10s': 0.01999999999998181, 'depth_imb_k_mean_10s': -0.014593584380678737, 'depth_imb_k_mean_60s': 0.13622707495331104, 'dist_vwap_bps': None, 'hl_range_pct': None, 'oc_change_pct': None, 'volume_rel_20': None, 'atr_pct': None, 'position_in_range': None, 'rsi': None, 'bb_position': None, 'ret_3': None, 'ret_10': None, 'session_bucket': 2.0}"
2026-04-08|ONON|2026-04-08T15:24:00-04:00|long|8,2026-04-08,ONON,2026-04-08T15:24:00-04:00,long,8,0.35236528515815735,True,shadow,entry_next_bar_open_time_exit_at_selected_hold,33.63,33.46,50.45,"{'pressure_k': 0.0, 'spread': 0.010000000000005116, 'depth_imb_k': 0.19917231896129997, 'micro_off': -0.0024999999999977263, 'spread_mean_10s': 0.014324324324440346, 'depth_imb_k_mean_10s': 0.20667115690734184, 'depth_imb_k_mean_60s': 0.19581155121431948, 'dist_vwap_bps': None, 'hl_range_pct': None, 'oc_change_pct': None, 'volume_rel_20': None, 'atr_pct': None, 'position_in_range': None, 'rsi': None, 'bb_position': None, 'ret_3': None, 'ret_10': None, 'session_bucket': 2.0}"
2026-04-08|ONON|2026-04-08T15:25:00-04:00|long|8,2026-04-08,ONON,2026-04-08T15:25:00-04:00,long,8,0.35665497183799744,True,shadow,entry_next_bar_open_time_exit_at_selected_hold,33.65,33.48,50.47,"{'pressure_k': 0.0, 'spread': 0.01999999999999602, 'depth_imb_k': 0.13557306377285572, 'micro_off': 0.0, 'spread_mean_10s': 0.01999999999998181, 'depth_imb_k_mean_10s': 0.1539767761325828, 'depth_imb_k_mean_60s': 0.03122305809616169, 'dist_vwap_bps': None, 'hl_range_pct': None, 'oc_change_pct': None, 'volume_rel_20': None, 'atr_pct': None, 'position_in_range': None, 'rsi': None, 'bb_position': None, 'ret_3': None, 'ret_10': None, 'session_bucket': 2.0}"
2026-04-08|ONON|2026-04-08T15:26:00-04:00|short|12,2026-04-08,ONON,2026-04-08T15:26:00-04:00,short,12,0.2880282700061798,True,shadow,entry_next_bar_open_time_exit_at_selected_hold,33.64,33.81,16.82,"{'pressure_k': 0.0, 'spread': 0.01999999999999602, 'depth_imb_k': 0.20678163885865603, 'micro_off': 0.0, 'spread_mean_10s': 0.01999999999998181, 'depth_imb_k_mean_10s': 0.20076492183990788, 'depth_imb_k_mean_60s': 0.19467873371674121, 'dist_vwap_bps': None, 'hl_range_pct': None, 'oc_change_pct': None, 'volume_rel_20': None, 'atr_pct': None, 'position_in_range': None, 'rsi': None, 'bb_position': None, 'ret_3': None, 'ret_10': None, 'session_bucket': 2.0}"
2026-04-08|ONON|2026-04-08T15:27:00-04:00|short|12,2026-04-08,ONON,2026-04-08T15:27:00-04:00,short,12,0.31619876623153687,True,shadow,entry_next_bar_open_time_exit_at_selected_hold,33.63,33.8,16.82,"{'pressure_k': 0.0, 'spread': 0.010000000000005116, 'depth_imb_k': 0.11558810714359814, 'micro_off': 0.0, 'spread_mean_10s': 0.010000000000218279, 'depth_imb_k_mean_10s': 0.1431849912315384, 'depth_imb_k_mean_60s': 0.10083596883345892, 'dist_vwap_bps': None, 'hl_range_pct': None, 'oc_change_pct': None, 'volume_rel_20': None, 'atr_pct': None, 'position_in_range': None, 'rsi': None, 'bb_position': None, 'ret_3': None, 'ret_10': None, 'session_bucket': 2.0}"
2026-04-08|ONON|2026-04-08T15:28:00-04:00|long|12,2026-04-08,ONON,2026-04-08T15:28:00-04:00,long,12,0.35592716932296753,True,shadow,entry_next_bar_open_time_exit_at_selected_hold,33.64,33.47,50.46,"{'pressure_k': 0.0, 'spread': 0.01999999999999602, 'depth_imb_k': 0.23567161354850918, 'micro_off': 0.0, 'spread_mean_10s': 0.01999999999998181, 'depth_imb_k_mean_10s': 0.2613978715381132, 'depth_imb_k_mean_60s': 0.2420109405155149, 'dist_vwap_bps': None, 'hl_range_pct': None, 'oc_change_pct': None, 'volume_rel_20': None, 'atr_pct': None, 'position_in_range': None, 'rsi': None, 'bb_position': None, 'ret_3': None, 'ret_10': None, 'session_bucket': 2.0}"
2026-04-08|ONON|2026-04-08T15:29:00-04:00|long|8,2026-04-08,ONON,2026-04-08T15:29:00-04:00,long,8,0.41802743077278137,True,shadow,entry_next_bar_open_time_exit_at_selected_hold,33.68,33.51,50.52,"{'pressure_k': 0.0, 'spread': 0.00999999999999801, 'depth_imb_k': 0.3036262068520133, 'micro_off': 0.0, 'spread_mean_10s': 0.017777777777812136, 'depth_imb_k_mean_10s': -0.3471176864406213, 'depth_imb_k_mean_60s': 0.19542449601098136, 'dist_vwap_bps': None, 'hl_range_pct': None, 'oc_change_pct': None, 'volume_rel_20': None, 'atr_pct': None, 'position_in_range': None, 'rsi': None, 'bb_position': None, 'ret_3': None, 'ret_10': None, 'session_bucket': 2.0}"
2026-04-08|ONON|2026-04-08T15:30:00-04:00|short|12,2026-04-08,ONON,2026-04-08T15:30:00-04:00,short,12,0.40740954875946045,True,shadow,entry_next_bar_open_time_exit_at_selected_hold,33.7,33.87,16.85,"{'pressure_k': 0.0, 'spread': 0.020000000000003126, 'depth_imb_k': -0.6039769899126095, 'micro_off': 0.0, 'spread_mean_10s': 0.012702702702857071, 'depth_imb_k_mean_10s': -0.48605835840157235, 'depth_imb_k_mean_60s': -0.3228777765393573, 'dist_vwap_bps': None, 'hl_range_pct': None, 'oc_change_pct': None, 'volume_rel_20': None, 'atr_pct': None, 'position_in_range': None, 'rsi': None, 'bb_position': None, 'ret_3': None, 'ret_10': None, 'session_bucket': 2.0}"
2026-04-08|ONON|2026-04-08T15:31:00-04:00|short|12,2026-04-08,ONON,2026-04-08T15:31:00-04:00,short,12,0.3302515149116516,True,shadow,entry_next_bar_open_time_exit_at_selected_hold,33.675,33.84,16.84,"{'pressure_k': 0.0, 'spread': 0.030000000000001137, 'depth_imb_k': 0.12717551088802737, 'micro_off': 0.005000000000002558, 'spread_mean_10s': 0.03000000000020009, 'depth_imb_k_mean_10s': 0.10139329083949633, 'depth_imb_k_mean_60s': 0.05078693407455527, 'dist_vwap_bps': None, 'hl_range_pct': None, 'oc_change_pct': None, 'volume_rel_20': None, 'atr_pct': None, 'position_in_range': None, 'rsi': None, 'bb_position': None, 'ret_3': None, 'ret_10': None, 'session_bucket': 3.0}"
2026-04-08|ONON|2026-04-08T15:32:00-04:00|long|8,2026-04-08,ONON,2026-04-08T15:32:00-04:00,long,8,0.35926353931427,True,shadow,entry_next_bar_open_time_exit_at_selected_hold,33.675,33.51,50.51,"{'pressure_k': 0.0, 'spread': 0.00999999999999801, 'depth_imb_k': 0.04489217373696466, 'micro_off': -0.0009999999999976694, 'spread_mean_10s': 0.018333333333354556, 'depth_imb_k_mean_10s': 0.08358535855634525, 'depth_imb_k_mean_60s': 0.03078833343115739, 'dist_vwap_bps': None, 'hl_range_pct': None, 'oc_change_pct': None, 'volume_rel_20': None, 'atr_pct': None, 'position_in_range': None, 'rsi': None, 'bb_position': None, 'ret_3': None, 'ret_10': None, 'session_bucket': 3.0}"
2026-04-08|ONON|2026-04-08T15:33:00-04:00|short|8,2026-04-08,ONON,2026-04-08T15:33:00-04:00,short,8,0.3185884952545166,True,shadow,entry_next_bar_open_time_exit_at_selected_hold,33.67,33.84,16.84,"{'pressure_k': 0.0, 'spread': 0.020000000000003126, 'depth_imb_k': -0.11701282644582432, 'micro_off': 0.0033333333333303017, 'spread_mean_10s': 0.0197222222222106, 'depth_imb_k_mean_10s': -0.08637644076765759, 'depth_imb_k_mean_60s': 0.05280090801075943, 'dist_vwap_bps': None, 'hl_range_pct': None, 'oc_change_pct': None, 'volume_rel_20': None, 'atr_pct': None, 'position_in_range': None, 'rsi': None, 'bb_position': None, 'ret_3': None, 'ret_10': None, 'session_bucket': 3.0}"
2026-04-08|ONON|2026-04-08T15:34:00-04:00|short|12,2026-04-08,ONON,2026-04-08T15:34:00-04:00,short,12,0.3543289005756378,True,shadow,entry_next_bar_open_time_exit_at_selected_hold,33.69,33.86,16.84,"{'pressure_k': 0.0, 'spread': 0.00999999999999801, 'depth_imb_k': 0.2686873993535787, 'micro_off': 0.0, 'spread_mean_10s': 0.010000000000218279, 'depth_imb_k_mean_10s': 0.2083306909292476, 'depth_imb_k_mean_60s': -0.07663677683933759, 'dist_vwap_bps': None, 'hl_range_pct': None, 'oc_change_pct': None, 'volume_rel_20': None, 'atr_pct': None, 'position_in_range': None, 'rsi': None, 'bb_position': None, 'ret_3': None, 'ret_10': None, 'session_bucket': 3.0}"
2026-04-08|ONON|2026-04-08T15:35:00-04:00|short|5,2026-04-08,ONON,2026-04-08T15:35:00-04:00,short,5,0.3508036136627197,True,shadow,entry_next_bar_open_time_exit_at_selected_hold,33.76,33.93,16.88,"{'pressure_k': 0.0, 'spread': 0.020000000000003126, 'depth_imb_k': -0.6792720688172414, 'micro_off': -0.003333333333337407, 'spread_mean_10s': 0.01999999999998181, 'depth_imb_k_mean_10s': -0.6931658818019443, 'depth_imb_k_mean_60s': -0.5245766380387319, 'dist_vwap_bps': None, 'hl_range_pct': None, 'oc_change_pct': None, 'volume_rel_20': None, 'atr_pct': None, 'position_in_range': None, 'rsi': None, 'bb_position': None, 'ret_3': None, 'ret_10': None, 'session_bucket': 3.0}"
2026-04-08|ONON|2026-04-08T15:36:00-04:00|long|12,2026-04-08,ONON,2026-04-08T15:36:00-04:00,long,12,0.4003533720970154,True,shadow,entry_next_bar_open_time_exit_at_selected_hold,33.735,33.57,50.6,"{'pressure_k': 0.0, 'spread': 0.010000000000005116, 'depth_imb_k': 0.3016934660893069, 'micro_off': -0.0025000000000048317, 'spread_mean_10s': 0.010000000000218279, 'depth_imb_k_mean_10s': 0.3203686393421537, 'depth_imb_k_mean_60s': -0.42376917451101404, 'dist_vwap_bps': None, 'hl_range_pct': None, 'oc_change_pct': None, 'volume_rel_20': None, 'atr_pct': None, 'position_in_range': None, 'rsi': None, 'bb_position': None, 'ret_3': None, 'ret_10': None, 'session_bucket': 3.0}"
2026-04-08|ONON|2026-04-08T15:37:00-04:00|long|12,2026-04-08,ONON,2026-04-08T15:37:00-04:00,long,12,0.3736025094985962,True,shadow,entry_next_bar_open_time_exit_at_selected_hold,33.715,33.55,50.57,"{'pressure_k': 0.0, 'spread': 0.03999999999999915, 'depth_imb_k': 0.6898097632141138, 'micro_off': 7.105427357601002e-15, 'spread_mean_10s': 0.034210526315770325, 'depth_imb_k_mean_10s': 0.6981085700426296, 'depth_imb_k_mean_60s': 0.306439411327324, 'dist_vwap_bps': None, 'hl_range_pct': None, 'oc_change_pct': None, 'volume_rel_20': None, 'atr_pct': None, 'position_in_range': None, 'rsi': None, 'bb_position': None, 'ret_3': None, 'ret_10': None, 'session_bucket': 3.0}"
2026-04-08|ONON|2026-04-08T15:38:00-04:00|long|12,2026-04-08,ONON,2026-04-08T15:38:00-04:00,long,12,0.45752033591270447,True,shadow,entry_next_bar_open_time_exit_at_selected_hold,33.7,33.53,50.55,"{'pressure_k': 0.0, 'spread': 0.030000000000001137, 'depth_imb_k': 0.18824262508674286, 'micro_off': 0.007500000000000284, 'spread_mean_10s': 0.025652173913148665, 'depth_imb_k_mean_10s': 0.10907851604076274, 'depth_imb_k_mean_60s': 0.11385874947550663, 'dist_vwap_bps': None, 'hl_range_pct': None, 'oc_change_pct': None, 'volume_rel_20': None, 'atr_pct': None, 'position_in_range': None, 'rsi': None, 'bb_position': None, 'ret_3': None, 'ret_10': None, 'session_bucket': 3.0}"
2026-04-08|ONON|2026-04-08T15:39:00-04:00|long|12,2026-04-08,ONON,2026-04-08T15:39:00-04:00,long,12,0.39119765162467957,True,shadow,entry_next_bar_open_time_exit_at_selected_hold,33.76,33.59,50.64,"{'pressure_k': 0.0, 'spread': 0.020000000000003126, 'depth_imb_k': -0.8003451510377299, 'micro_off': -0.005000000000002558, 'spread_mean_10s': 0.02514285714295121, 'depth_imb_k_mean_10s': -0.7852935919617396, 'depth_imb_k_mean_60s': -0.4755014018869059, 'dist_vwap_bps': None, 'hl_range_pct': None, 'oc_change_pct': None, 'volume_rel_20': None, 'atr_pct': None, 'position_in_range': None, 'rsi': None, 'bb_position': None, 'ret_3': None, 'ret_10': None, 'session_bucket': 3.0}"
2026-04-08|ONON|2026-04-08T15:40:00-04:00|long|12,2026-04-08,ONON,2026-04-08T15:40:00-04:00,long,12,0.31068751215934753,True,shadow,entry_next_bar_open_time_exit_at_selected_hold,33.73,33.56,50.59,"{'pressure_k': 0.0, 'spread': 0.020000000000003126, 'depth_imb_k': -0.7319178082191781, 'micro_off': -7.105427357601002e-15, 'spread_mean_10s': 0.01999999999998181, 'depth_imb_k_mean_10s': -0.7343813677723933, 'depth_imb_k_mean_60s': -0.7772120395812091, 'dist_vwap_bps': None, 'hl_range_pct': None, 'oc_change_pct': None, 'volume_rel_20': None, 'atr_pct': None, 'position_in_range': None, 'rsi': None, 'bb_position': None, 'ret_3': None, 'ret_10': None, 'session_bucket': 3.0}"
2026-04-08|ONON|2026-04-08T15:41:00-04:00|long|12,2026-04-08,ONON,2026-04-08T15:41:00-04:00,long,12,0.31060466170310974,True,shadow,entry_next_bar_open_time_exit_at_selected_hold,33.78,33.61,50.67,"{'pressure_k': 0.0, 'spread': 0.010000000000005116, 'depth_imb_k': -0.7447736645664139, 'micro_off': 0.0, 'spread_mean_10s': 0.01973684210525119, 'depth_imb_k_mean_10s': -0.7424072816037504, 'depth_imb_k_mean_60s': -0.7483611348965675, 'dist_vwap_bps': None, 'hl_range_pct': None, 'oc_change_pct': None, 'volume_rel_20': None, 'atr_pct': None, 'position_in_range': None, 'rsi': None, 'bb_position': None, 'ret_3': None, 'ret_10': None, 'session_bucket': 3.0}"
2026-04-08|ONON|2026-04-08T15:42:00-04:00|long|12,2026-04-08,ONON,2026-04-08T15:42:00-04:00,long,12,0.3737957775592804,True,shadow,entry_next_bar_open_time_exit_at_selected_hold,33.82,33.65,50.73,"{'pressure_k': 0.0, 'spread': 0.01999999999999602, 'depth_imb_k': -0.15971596382734082, 'micro_off': -0.005000000000002558, 'spread_mean_10s': 0.025405405405505205, 'depth_imb_k_mean_10s': -0.13205562813053237, 'depth_imb_k_mean_60s': -0.6083418120420117, 'dist_vwap_bps': None, 'hl_range_pct': None, 'oc_change_pct': None, 'volume_rel_20': None, 'atr_pct': None, 'position_in_range': None, 'rsi': None, 'bb_position': None, 'ret_3': None, 'ret_10': None, 'session_bucket': 3.0}"
2026-04-08|ONON|2026-04-08T15:43:00-04:00|long|12,2026-04-08,ONON,2026-04-08T15:43:00-04:00,long,12,0.3822452425956726,True,shadow,entry_next_bar_open_time_exit_at_selected_hold,33.87,33.7,50.8,"{'pressure_k': 0.0, 'spread': 0.00999999999999801, 'depth_imb_k': 0.19804909722785866, 'micro_off': 7.105427357601002e-15, 'spread_mean_10s': 0.01947368421052057, 'depth_imb_k_mean_10s': 0.2761554879596492, 'depth_imb_k_mean_60s': 0.07762867571897095, 'dist_vwap_bps': None, 'hl_range_pct': None, 'oc_change_pct': None, 'volume_rel_20': None, 'atr_pct': None, 'position_in_range': None, 'rsi': None, 'bb_position': None, 'ret_3': None, 'ret_10': None, 'session_bucket': 3.0}"
2026-04-08|ONON|2026-04-08T15:44:00-04:00|long|12,2026-04-08,ONON,2026-04-08T15:44:00-04:00,long,12,0.34186893701553345,True,shadow,entry_next_bar_open_time_exit_at_selected_hold,33.81,33.64,50.72,"{'pressure_k': 0.0, 'spread': 0.020000000000003126, 'depth_imb_k': -0.06403959113824523, 'micro_off': 0.006666666666667709, 'spread_mean_10s': 0.01999999999998181, 'depth_imb_k_mean_10s': 0.11775749979010709, 'depth_imb_k_mean_60s': 0.016648285559089766, 'dist_vwap_bps': None, 'hl_range_pct': None, 'oc_change_pct': None, 'volume_rel_20': None, 'atr_pct': None, 'position_in_range': None, 'rsi': None, 'bb_position': None, 'ret_3': None, 'ret_10': None, 'session_bucket': 3.0}"
2026-04-08|PL|2026-04-08T09:30:00-04:00|long|8,2026-04-08,PL,2026-04-08T09:30:00-04:00,long,8,0.6602551937103271,True,shadow,entry_next_bar_open_time_exit_at_selected_hold,37.18,36.99,55.77,"{'pressure_k': 0.0, 'spread': 0.4099999999999966, 'depth_imb_k': -0.1948367737596358, 'micro_off': 0.14642857142857224, 'spread_mean_10s': 0.2813513513513497, 'depth_imb_k_mean_10s': -0.29441945953483906, 'depth_imb_k_mean_60s': -0.1596740417711414, 'dist_vwap_bps': None, 'hl_range_pct': None, 'oc_change_pct': None, 'volume_rel_20': None, 'atr_pct': None, 'position_in_range': None, 'rsi': None, 'bb_position': None, 'ret_3': None, 'ret_10': None, 'session_bucket': 0.0}"
2026-04-08|PL|2026-04-08T09:31:00-04:00|long|8,2026-04-08,PL,2026-04-08T09:31:00-04:00,long,8,0.6368110775947571,True,shadow,entry_next_bar_open_time_exit_at_selected_hold,37.08,36.89,55.62,"{'pressure_k': 0.0, 'spread': 0.17999999999999972, 'depth_imb_k': 0.19972558099648402, 'micro_off': 7.105427357601002e-15, 'spread_mean_10s': 0.16538461538461363, 'depth_imb_k_mean_10s': 0.23591126476771818, 'depth_imb_k_mean_60s': 0.1527372736138639, 'dist_vwap_bps': None, 'hl_range_pct': None, 'oc_change_pct': None, 'volume_rel_20': None, 'atr_pct': None, 'position_in_range': None, 'rsi': None, 'bb_position': None, 'ret_3': None, 'ret_10': None, 'session_bucket': 0.0}"
2026-04-08|PL|2026-04-08T09:32:00-04:00|long|8,2026-04-08,PL,2026-04-08T09:32:00-04:00,long,8,0.7323752641677856,True,shadow,entry_next_bar_open_time_exit_at_selected_hold,36.95,36.77,55.43,"{'pressure_k': 0.0, 'spread': 0.1599999999999966, 'depth_imb_k': 0.4049583626386403, 'micro_off': -0.0693333333333328, 'spread_mean_10s': 0.11825000000000116, 'depth_imb_k_mean_10s': 0.3065635514401478, 'depth_imb_k_mean_60s': 0.1704526491791096, 'dist_vwap_bps': None, 'hl_range_pct': None, 'oc_change_pct': None, 'volume_rel_20': None, 'atr_pct': None, 'position_in_range': None, 'rsi': None, 'bb_position': None, 'ret_3': None, 'ret_10': None, 'session_bucket': 0.0}"
2026-04-08|PL|2026-04-08T09:33:00-04:00|long|3,2026-04-08,PL,2026-04-08T09:33:00-04:00,long,3,0.5589987635612488,True,shadow,entry_next_bar_open_time_exit_at_selected_hold,36.61,36.43,54.91,"{'pressure_k': 0.0, 'spread': 0.14000000000000057, 'depth_imb_k': -0.3814143477150881, 'micro_off': 0.0, 'spread_mean_10s': 0.12282051282051408, 'depth_imb_k_mean_10s': -0.38230897700771477, 'depth_imb_k_mean_60s': -0.20360936560128787, 'dist_vwap_bps': None, 'hl_range_pct': None, 'oc_change_pct': None, 'volume_rel_20': None, 'atr_pct': None, 'position_in_range': None, 'rsi': None, 'bb_position': None, 'ret_3': None, 'ret_10': None, 'session_bucket': 0.0}"
2026-04-08|PL|2026-04-08T09:34:00-04:00|long|8,2026-04-08,PL,2026-04-08T09:34:00-04:00,long,8,0.5884844660758972,True,shadow,entry_next_bar_open_time_exit_at_selected_hold,36.64,36.46,54.96,"{'pressure_k': 0.0, 'spread': 0.09999999999999432, 'depth_imb_k': -0.3028829510169952, 'micro_off': 0.0, 'spread_mean_10s': 0.07647058823528476, 'depth_imb_k_mean_10s': -0.2374121844373588, 'depth_imb_k_mean_60s': -0.31633789296654496, 'dist_vwap_bps': None, 'hl_range_pct': None, 'oc_change_pct': None, 'volume_rel_20': None, 'atr_pct': None, 'position_in_range': None, 'rsi': None, 'bb_position': None, 'ret_3': None, 'ret_10': None, 'session_bucket': 0.0}"
2026-04-08|PL|2026-04-08T09:35:00-04:00|long|12,2026-04-08,PL,2026-04-08T09:35:00-04:00,long,12,0.6723097562789917,True,shadow,entry_next_bar_open_time_exit_at_selected_hold,36.7,36.52,55.05,"{'pressure_k': 0.0, 'spread': 0.0800000000000054, 'depth_imb_k': -0.35244128736392977, 'micro_off': -0.01999999999999602, 'spread_mean_10s': 0.08333333333333552, 'depth_imb_k_mean_10s': -0.33105491498904716, 'depth_imb_k_mean_60s': -0.15336963871791032, 'dist_vwap_bps': None, 'hl_range_pct': None, 'oc_change_pct': None, 'volume_rel_20': None, 'atr_pct': None, 'position_in_range': None, 'rsi': None, 'bb_position': None, 'ret_3': None, 'ret_10': None, 'session_bucket': 0.0}"
2026-04-08|PL|2026-04-08T09:36:00-04:00|long|3,2026-04-08,PL,2026-04-08T09:36:00-04:00,long,3,0.4664008319377899,True,shadow,entry_next_bar_open_time_exit_at_selected_hold,36.8578,36.67,55.29,"{'pressure_k': 0.0, 'spread': 0.10000000000000142, 'depth_imb_k': -0.2229280868278863, 'micro_off': -0.016666666666658614, 'spread_mean_10s': 0.09434782608696957, 'depth_imb_k_mean_10s': 0.07535624332753003, 'depth_imb_k_mean_60s': -0.024773985975908963, 'dist_vwap_bps': None, 'hl_range_pct': None, 'oc_change_pct': None, 'volume_rel_20': None, 'atr_pct': None, 'position_in_range': None, 'rsi': None, 'bb_position': None, 'ret_3': None, 'ret_10': None, 'session_bucket': 0.0}"
2026-04-08|PL|2026-04-08T09:37:00-04:00|long|8,2026-04-08,PL,2026-04-08T09:37:00-04:00,long,8,0.5430184602737427,True,shadow,entry_next_bar_open_time_exit_at_selected_hold,36.765,36.58,55.15,"{'pressure_k': 0.0, 'spread': 0.09000000000000341, 'depth_imb_k': -0.23123310291236987, 'micro_off': 0.0, 'spread_mean_10s': 0.09275000000000944, 'depth_imb_k_mean_10s': -0.1093051324778859, 'depth_imb_k_mean_60s': -0.20870042127783545, 'dist_vwap_bps': None, 'hl_range_pct': None, 'oc_change_pct': None, 'volume_rel_20': None, 'atr_pct': None, 'position_in_range': None, 'rsi': None, 'bb_position': None, 'ret_3': None, 'ret_10': None, 'session_bucket': 0.0}"
2026-04-08|PL|2026-04-08T09:38:00-04:00|long|12,2026-04-08,PL,2026-04-08T09:38:00-04:00,long,12,0.4953957200050354,True,shadow,entry_next_bar_open_time_exit_at_selected_hold,36.84,36.66,55.26,"{'pressure_k': 0.0, 'spread': 0.09000000000000341, 'depth_imb_k': -0.21697948478552923, 'micro_off': 0.0, 'spread_mean_10s': 0.1252500000000026, 'depth_imb_k_mean_10s': -0.20072109402947058, 'depth_imb_k_mean_60s': -0.15617313785067743, 'dist_vwap_bps': None, 'hl_range_pct': None, 'oc_change_pct': None, 'volume_rel_20': None, 'atr_pct': None, 'position_in_range': None, 'rsi': None, 'bb_position': None, 'ret_3': None, 'ret_10': None, 'session_bucket': 0.0}"
2026-04-08|PL|2026-04-08T09:39:00-04:00|long|8,2026-04-08,PL,2026-04-08T09:39:00-04:00,long,8,0.5371160507202148,True,shadow,entry_next_bar_open_time_exit_at_selected_hold,36.48,36.3,54.72,"{'pressure_k': 0.0, 'spread': 0.060000000000002274, 'depth_imb_k': 0.6158376591908281, 'micro_off': 0.0, 'spread_mean_10s': 0.06474999999999653, 'depth_imb_k_mean_10s': 0.3329237668554649, 'depth_imb_k_mean_60s': -0.0890770886612589, 'dist_vwap_bps': None, 'hl_range_pct': None, 'oc_change_pct': None, 'volume_rel_20': None, 'atr_pct': None, 'position_in_range': None, 'rsi': None, 'bb_position': None, 'ret_3': None, 'ret_10': None, 'session_bucket': 0.0}"
2026-04-08|PL|2026-04-08T09:40:00-04:00|long|8,2026-04-08,PL,2026-04-08T09:40:00-04:00,long,8,0.5772072672843933,True,shadow,entry_next_bar_open_time_exit_at_selected_hold,36.55,36.37,54.82,"{'pressure_k': 0.0, 'spread': 0.03999999999999915, 'depth_imb_k': 0.3471826054456554, 'micro_off': 0.016363636363635692, 'spread_mean_10s': 0.060769230769232345, 'depth_imb_k_mean_10s': 0.1782936039290964, 'depth_imb_k_mean_60s': 0.06288405726779085, 'dist_vwap_bps': None, 'hl_range_pct': None, 'oc_change_pct': None, 'volume_rel_20': None, 'atr_pct': None, 'position_in_range': None, 'rsi': None, 'bb_position': None, 'ret_3': None, 'ret_10': None, 'session_bucket': 0.0}"
2026-04-08|PL|2026-04-08T09:41:00-04:00|long|8,2026-04-08,PL,2026-04-08T09:41:00-04:00,long,8,0.4976632595062256,True,shadow,entry_next_bar_open_time_exit_at_selected_hold,36.35,36.17,54.53,"{'pressure_k': 0.0, 'spread': 0.0899999999999963, 'depth_imb_k': 0.18886464989671614, 'micro_off': 0.015000000000000568, 'spread_mean_10s': 0.09349999999999596, 'depth_imb_k_mean_10s': 0.05844722666566184, 'depth_imb_k_mean_60s': -0.11330219147808832, 'dist_vwap_bps': None, 'hl_range_pct': None, 'oc_change_pct': None, 'volume_rel_20': None, 'atr_pct': None, 'position_in_range': None, 'rsi': None, 'bb_position': None, 'ret_3': None, 'ret_10': None, 'session_bucket': 0.0}"
2026-04-08|PL|2026-04-08T09:42:00-04:00|long|8,2026-04-08,PL,2026-04-08T09:42:00-04:00,long,8,0.6186918020248413,True,shadow,entry_next_bar_open_time_exit_at_selected_hold,36.335,36.15,54.5,"{'pressure_k': 0.0, 'spread': 0.0, 'depth_imb_k': -0.0026535367511845076, 'micro_off': 0.0, 'spread_mean_10s': 0.07000000000001308, 'depth_imb_k_mean_10s': 0.2558334822336537, 'depth_imb_k_mean_60s': -0.1454555423736797, 'dist_vwap_bps': None, 'hl_range_pct': None, 'oc_change_pct': None, 'volume_rel_20': None, 'atr_pct': None, 'position_in_range': None, 'rsi': None, 'bb_position': None, 'ret_3': None, 'ret_10': None, 'session_bucket': 0.0}"
2026-04-08|PL|2026-04-08T09:43:00-04:00|long|8,2026-04-08,PL,2026-04-08T09:43:00-04:00,long,8,0.5588839650154114,True,shadow,entry_next_bar_open_time_exit_at_selected_hold,36.389,36.21,54.58,"{'pressure_k': 0.0, 'spread': 0.05999999999999517, 'depth_imb_k': 0.35044521685585345, 'micro_off': -7.105427357601002e-15, 'spread_mean_10s': 0.10615384615384872, 'depth_imb_k_mean_10s': 0.28536867682196254, 'depth_imb_k_mean_60s': 0.21453809170178922, 'dist_vwap_bps': None, 'hl_range_pct': None, 'oc_change_pct': None, 'volume_rel_20': None, 'atr_pct': None, 'position_in_range': None, 'rsi': None, 'bb_position': None, 'ret_3': None, 'ret_10': None, 'session_bucket': 0.0}"
2026-04-08|PL|2026-04-08T09:44:00-04:00|long|3,2026-04-08,PL,2026-04-08T09:44:00-04:00,long,3,0.5081570744514465,True,shadow,entry_next_bar_open_time_exit_at_selected_hold,36.5042,36.32,54.76,"{'pressure_k': 0.0, 'spread': 0.10000000000000142, 'depth_imb_k': 0.5509756408621349, 'micro_off': 0.01666666666666572, 'spread_mean_10s': 0.05764705882353466, 'depth_imb_k_mean_10s': -0.09859585460611321, 'depth_imb_k_mean_60s': -0.38050613395496685, 'dist_vwap_bps': None, 'hl_range_pct': None, 'oc_change_pct': None, 'volume_rel_20': None, 'atr_pct': None, 'position_in_range': None, 'rsi': None, 'bb_position': None, 'ret_3': None, 'ret_10': None, 'session_bucket': 0.0}"
2026-04-08|PL|2026-04-08T09:45:00-04:00|long|8,2026-04-08,PL,2026-04-08T09:45:00-04:00,long,8,0.5639500617980957,True,shadow,entry_next_bar_open_time_exit_at_selected_hold,36.334,36.15,54.5,"{'pressure_k': 0.0, 'spread': 0.05999999999999517, 'depth_imb_k': 0.034395661540747344, 'micro_off': 0.0, 'spread_mean_10s': 0.06897435897435308, 'depth_imb_k_mean_10s': -0.14155862493242885, 'depth_imb_k_mean_60s': -0.04221524522470885, 'dist_vwap_bps': None, 'hl_range_pct': None, 'oc_change_pct': None, 'volume_rel_20': None, 'atr_pct': None, 'position_in_range': None, 'rsi': None, 'bb_position': None, 'ret_3': None, 'ret_10': None, 'session_bucket': 0.0}"
2026-04-08|PL|2026-04-08T09:46:00-04:00|long|8,2026-04-08,PL,2026-04-08T09:46:00-04:00,long,8,0.5354853272438049,True,shadow,entry_next_bar_open_time_exit_at_selected_hold,36.03,35.85,54.05,"{'pressure_k': 0.0, 'spread': 0.04999999999999716, 'depth_imb_k': 0.13405834175811132, 'micro_off': 0.0, 'spread_mean_10s': 0.05282051282052162, 'depth_imb_k_mean_10s': 0.1313557262862661, 'depth_imb_k_mean_60s': 0.12964059230600622, 'dist_vwap_bps': None, 'hl_range_pct': None, 'oc_change_pct': None, 'volume_rel_20': None, 'atr_pct': None, 'position_in_range': None, 'rsi': None, 'bb_position': None, 'ret_3': None, 'ret_10': None, 'session_bucket': 0.0}"
2026-04-08|PL|2026-04-08T09:47:00-04:00|long|12,2026-04-08,PL,2026-04-08T09:47:00-04:00,long,12,0.5931130647659302,True,shadow,entry_next_bar_open_time_exit_at_selected_hold,36.055,35.87,54.08,"{'pressure_k': 0.0, 'spread': 0.04999999999999716, 'depth_imb_k': -0.6384181664302856, 'micro_off': 0.0, 'spread_mean_10s': 0.05921052631578723, 'depth_imb_k_mean_10s': -0.7352460929364639, 'depth_imb_k_mean_60s': -0.4953885203184089, 'dist_vwap_bps': None, 'hl_range_pct': None, 'oc_change_pct': None, 'volume_rel_20': None, 'atr_pct': None, 'position_in_range': None, 'rsi': None, 'bb_position': None, 'ret_3': None, 'ret_10': None, 'session_bucket': 0.0}"
2026-04-08|PL|2026-04-08T09:48:00-04:00|long|12,2026-04-08,PL,2026-04-08T09:48:00-04:00,long,12,0.6226510405540466,True,shadow,entry_next_bar_open_time_exit_at_selected_hold,36.14,35.96,54.21,"{'pressure_k': 0.0, 'spread': 0.060000000000002274, 'depth_imb_k': -0.7437349888272742, 'micro_off': 0.0, 'spread_mean_10s': 0.061794871794836, 'depth_imb_k_mean_10s': -0.7302898753126448, 'depth_imb_k_mean_60s': -0.696612277940164, 'dist_vwap_bps': None, 'hl_range_pct': None, 'oc_change_pct': None, 'volume_rel_20': None, 'atr_pct': None, 'position_in_range': None, 'rsi': None, 'bb_position': None, 'ret_3': None, 'ret_10': None, 'session_bucket': 0.0}"
2026-04-08|PL|2026-04-08T09:49:00-04:00|long|12,2026-04-08,PL,2026-04-08T09:49:00-04:00,long,12,0.5443241596221924,True,shadow,entry_next_bar_open_time_exit_at_selected_hold,36.335,36.15,54.5,"{'pressure_k': 0.0, 'spread': 0.07000000000000028, 'depth_imb_k': -0.4276135425268373, 'micro_off': -0.006999999999997897, 'spread_mean_10s': 0.06025641025638752, 'depth_imb_k_mean_10s': -0.46156798206374106, 'depth_imb_k_mean_60s': -0.3112169285096612, 'dist_vwap_bps': None, 'hl_range_pct': None, 'oc_change_pct': None, 'volume_rel_20': None, 'atr_pct': None, 'position_in_range': None, 'rsi': None, 'bb_position': None, 'ret_3': None, 'ret_10': None, 'session_bucket': 0.0}"
2026-04-08|PL|2026-04-08T09:50:00-04:00|long|3,2026-04-08,PL,2026-04-08T09:50:00-04:00,long,3,0.45818397402763367,True,shadow,entry_next_bar_open_time_exit_at_selected_hold,36.22,36.04,54.33,"{'pressure_k': 0.0, 'spread': 0.05000000000000426, 'depth_imb_k': -0.2992748846407383, 'micro_off': -7.105427357601002e-15, 'spread_mean_10s': 0.05124999999995907, 'depth_imb_k_mean_10s': -0.11629328142867053, 'depth_imb_k_mean_60s': -0.17035522967894917, 'dist_vwap_bps': None, 'hl_range_pct': None, 'oc_change_pct': None, 'volume_rel_20': None, 'atr_pct': None, 'position_in_range': None, 'rsi': None, 'bb_position': None, 'ret_3': None, 'ret_10': None, 'session_bucket': 0.0}"
2026-04-08|PL|2026-04-08T09:51:00-04:00|long|8,2026-04-08,PL,2026-04-08T09:51:00-04:00,long,8,0.5431299209594727,True,shadow,entry_next_bar_open_time_exit_at_selected_hold,36.01,35.83,54.02,"{'pressure_k': 0.0, 'spread': 0.05000000000000426, 'depth_imb_k': 0.40205736269846637, 'micro_off': 7.105427357601002e-15, 'spread_mean_10s': 0.06700000000001297, 'depth_imb_k_mean_10s': 0.38138620244300653, 'depth_imb_k_mean_60s': 0.13400854295578615, 'dist_vwap_bps': None, 'hl_range_pct': None, 'oc_change_pct': None, 'volume_rel_20': None, 'atr_pct': None, 'position_in_range': None, 'rsi': None, 'bb_position': None, 'ret_3': None, 'ret_10': None, 'session_bucket': 0.0}"
2026-04-08|PL|2026-04-08T09:52:00-04:00|long|12,2026-04-08,PL,2026-04-08T09:52:00-04:00,long,12,0.582237184047699,True,shadow,entry_next_bar_open_time_exit_at_selected_hold,35.7608,35.58,53.64,"{'pressure_k': 0.0, 'spread': 0.03999999999999915, 'depth_imb_k': -0.20426478685719088, 'micro_off': 0.006666666666667709, 'spread_mean_10s': 0.041794871794839615, 'depth_imb_k_mean_10s': -0.55716375263075, 'depth_imb_k_mean_60s': -0.5472193090525973, 'dist_vwap_bps': None, 'hl_range_pct': None, 'oc_change_pct': None, 'volume_rel_20': None, 'atr_pct': None, 'position_in_range': None, 'rsi': None, 'bb_position': None, 'ret_3': None, 'ret_10': None, 'session_bucket': 0.0}"
2026-04-08|PL|2026-04-08T09:53:00-04:00|long|8,2026-04-08,PL,2026-04-08T09:53:00-04:00,long,8,0.65354984998703,True,shadow,entry_next_bar_open_time_exit_at_selected_hold,35.755,35.58,53.63,"{'pressure_k': 0.0, 'spread': 0.030000000000001137, 'depth_imb_k': -0.7139692995127213, 'micro_off': -0.014729729729729968, 'spread_mean_10s': 0.03499999999996817, 'depth_imb_k_mean_10s': -0.6482334683964381, 'depth_imb_k_mean_60s': -0.1452031771167775, 'dist_vwap_bps': None, 'hl_range_pct': None, 'oc_change_pct': None, 'volume_rel_20': None, 'atr_pct': None, 'position_in_range': None, 'rsi': None, 'bb_position': None, 'ret_3': None, 'ret_10': None, 'session_bucket': 0.0}"
2026-04-08|PL|2026-04-08T09:54:00-04:00|long|12,2026-04-08,PL,2026-04-08T09:54:00-04:00,long,12,0.4603745937347412,True,shadow,entry_next_bar_open_time_exit_at_selected_hold,35.67,35.49,53.51,"{'pressure_k': 0.0, 'spread': 0.07000000000000028, 'depth_imb_k': 0.5465084895475513, 'micro_off': 0.0, 'spread_mean_10s': 0.04974358974356782, 'depth_imb_k_mean_10s': 0.3882891897977801, 'depth_imb_k_mean_60s': 0.11328752367171643, 'dist_vwap_bps': None, 'hl_range_pct': None, 'oc_change_pct': None, 'volume_rel_20': None, 'atr_pct': None, 'position_in_range': None, 'rsi': None, 'bb_position': None, 'ret_3': None, 'ret_10': None, 'session_bucket': 0.0}"
2026-04-08|PL|2026-04-08T09:55:00-04:00|long|12,2026-04-08,PL,2026-04-08T09:55:00-04:00,long,12,0.5179531574249268,True,shadow,entry_next_bar_open_time_exit_at_selected_hold,35.59,35.41,53.39,"{'pressure_k': 0.0, 'spread': 0.060000000000002274, 'depth_imb_k': 0.8887018751246758, 'micro_off': 0.0, 'spread_mean_10s': 0.04449999999996521, 'depth_imb_k_mean_10s': 0.8555008034330485, 'depth_imb_k_mean_60s': 0.6531856252510452, 'dist_vwap_bps': None, 'hl_range_pct': None, 'oc_change_pct': None, 'volume_rel_20': None, 'atr_pct': None, 'position_in_range': None, 'rsi': None, 'bb_position': None, 'ret_3': None, 'ret_10': None, 'session_bucket': 0.0}"
2026-04-08|PL|2026-04-08T09:56:00-04:00|long|12,2026-04-08,PL,2026-04-08T09:56:00-04:00,long,12,0.54541015625,True,shadow,entry_next_bar_open_time_exit_at_selected_hold,35.6248,35.45,53.44,"{'pressure_k': 0.0, 'spread': 0.07000000000000028, 'depth_imb_k': 0.6931690429726051, 'micro_off': -7.105427357601002e-15, 'spread_mean_10s': 0.048461538461517704, 'depth_imb_k_mean_10s': 0.7199176609865666, 'depth_imb_k_mean_60s': 0.7046476321949104, 'dist_vwap_bps': None, 'hl_range_pct': None, 'oc_change_pct': None, 'volume_rel_20': None, 'atr_pct': None, 'position_in_range': None, 'rsi': None, 'bb_position': None, 'ret_3': None, 'ret_10': None, 'session_bucket': 0.0}"
2026-04-08|PL|2026-04-08T09:57:00-04:00|long|8,2026-04-08,PL,2026-04-08T09:57:00-04:00,long,8,0.4222560524940491,True,shadow,entry_next_bar_open_time_exit_at_selected_hold,35.76,35.58,53.64,"{'pressure_k': 0.0, 'spread': 0.05999999999999517, 'depth_imb_k': 0.5601853779378396, 'micro_off': -7.105427357601002e-15, 'spread_mean_10s': 0.0497435897435445, 'depth_imb_k_mean_10s': 0.5606932189511163, 'depth_imb_k_mean_60s': 0.6450340969326387, 'dist_vwap_bps': None, 'hl_range_pct': None, 'oc_change_pct': None, 'volume_rel_20': None, 'atr_pct': None, 'position_in_range': None, 'rsi': None, 'bb_position': None, 'ret_3': None, 'ret_10': None, 'session_bucket': 0.0}"
2026-04-08|PL|2026-04-08T09:58:00-04:00|long|3,2026-04-08,PL,2026-04-08T09:58:00-04:00,long,3,0.4432218372821808,True,shadow,entry_next_bar_open_time_exit_at_selected_hold,35.5,35.32,53.25,"{'pressure_k': 0.0, 'spread': 0.11999999999999744, 'depth_imb_k': 0.7077549295006409, 'micro_off': 7.105427357601002e-15, 'spread_mean_10s': 0.05799999999995862, 'depth_imb_k_mean_10s': 0.9034516250935644, 'depth_imb_k_mean_60s': 0.7800125197912837, 'dist_vwap_bps': None, 'hl_range_pct': None, 'oc_change_pct': None, 'volume_rel_20': None, 'atr_pct': None, 'position_in_range': None, 'rsi': None, 'bb_position': None, 'ret_3': None, 'ret_10': None, 'session_bucket': 0.0}"
2026-04-08|PL|2026-04-08T09:59:00-04:00|long|8,2026-04-08,PL,2026-04-08T09:59:00-04:00,long,8,0.5332927703857422,True,shadow,entry_next_bar_open_time_exit_at_selected_hold,35.6284,35.45,53.44,"{'pressure_k': 0.0, 'spread': 0.060000000000002274, 'depth_imb_k': -0.37996322110154207, 'micro_off': 0.0, 'spread_mean_10s': 0.05349999999995134, 'depth_imb_k_mean_10s': -0.3970242274571146, 'depth_imb_k_mean_60s': -0.3338772973944375, 'dist_vwap_bps': None, 'hl_range_pct': None, 'oc_change_pct': None, 'volume_rel_20': None, 'atr_pct': None, 'position_in_range': None, 'rsi': None, 'bb_position': None, 'ret_3': None, 'ret_10': None, 'session_bucket': 0.0}"
2026-04-08|PL|2026-04-08T10:00:00-04:00|long|8,2026-04-08,PL,2026-04-08T10:00:00-04:00,long,8,0.5491421222686768,True,shadow,entry_next_bar_open_time_exit_at_selected_hold,35.7,35.52,53.55,"{'pressure_k': 0.0, 'spread': 0.05000000000000426, 'depth_imb_k': 0.22195887024129715, 'micro_off': 0.0, 'spread_mean_10s': 0.05124999999995339, 'depth_imb_k_mean_10s': 0.25031105951935106, 'depth_imb_k_mean_60s': -0.030701239139151265, 'dist_vwap_bps': None, 'hl_range_pct': None, 'oc_change_pct': None, 'volume_rel_20': None, 'atr_pct': None, 'position_in_range': None, 'rsi': None, 'bb_position': None, 'ret_3': None, 'ret_10': None, 'session_bucket': 0.0}"
2026-04-08|PL|2026-04-08T10:01:00-04:00|long|12,2026-04-08,PL,2026-04-08T10:01:00-04:00,long,12,0.5814594030380249,True,shadow,entry_next_bar_open_time_exit_at_selected_hold,35.92,35.74,53.88,"{'pressure_k': 0.0, 'spread': 0.04999999999999716, 'depth_imb_k': 0.07553435709987295, 'micro_off': 0.0, 'spread_mean_10s': 0.04999999999996456, 'depth_imb_k_mean_10s': 0.047088600369803064, 'depth_imb_k_mean_60s': 0.1114133835043717, 'dist_vwap_bps': None, 'hl_range_pct': None, 'oc_change_pct': None, 'volume_rel_20': None, 'atr_pct': None, 'position_in_range': None, 'rsi': None, 'bb_position': None, 'ret_3': None, 'ret_10': None, 'session_bucket': 1.0}"
2026-04-08|PL|2026-04-08T10:02:00-04:00|long|12,2026-04-08,PL,2026-04-08T10:02:00-04:00,long,12,0.6321655511856079,True,shadow,entry_next_bar_open_time_exit_at_selected_hold,35.99,35.81,53.98,"{'pressure_k': 0.0, 'spread': 0.030000000000001137, 'depth_imb_k': 0.2639108677986399, 'micro_off': 0.0, 'spread_mean_10s': 0.056999999999982266, 'depth_imb_k_mean_10s': 0.29630666944836737, 'depth_imb_k_mean_60s': 0.17051662424582617, 'dist_vwap_bps': None, 'hl_range_pct': None, 'oc_change_pct': None, 'volume_rel_20': None, 'atr_pct': None, 'position_in_range': None, 'rsi': None, 'bb_position': None, 'ret_3': None, 'ret_10': None, 'session_bucket': 1.0}"
2026-04-08|PL|2026-04-08T10:03:00-04:00|long|12,2026-04-08,PL,2026-04-08T10:03:00-04:00,long,12,0.461281955242157,True,shadow,entry_next_bar_open_time_exit_at_selected_hold,36.0,35.82,54.0,"{'pressure_k': 0.0, 'spread': 0.05999999999999517, 'depth_imb_k': 0.5701967222503269, 'micro_off': -7.105427357601002e-15, 'spread_mean_10s': 0.054749999999967255, 'depth_imb_k_mean_10s': 0.5425640163386823, 'depth_imb_k_mean_60s': 0.07747675060274647, 'dist_vwap_bps': None, 'hl_range_pct': None, 'oc_change_pct': None, 'volume_rel_20': None, 'atr_pct': None, 'position_in_range': None, 'rsi': None, 'bb_position': None, 'ret_3': None, 'ret_10': None, 'session_bucket': 1.0}"
2026-04-08|PL|2026-04-08T10:04:00-04:00|short|5,2026-04-08,PL,2026-04-08T10:04:00-04:00,short,5,0.4554501175880432,True,shadow,entry_next_bar_open_time_exit_at_selected_hold,35.97,36.15,17.98,"{'pressure_k': 0.0, 'spread': 0.060000000000002274, 'depth_imb_k': 0.34876559470175267, 'micro_off': 0.0, 'spread_mean_10s': 0.05774999999998158, 'depth_imb_k_mean_10s': 0.3577382054238427, 'depth_imb_k_mean_60s': 0.3965399929032134, 'dist_vwap_bps': None, 'hl_range_pct': None, 'oc_change_pct': None, 'volume_rel_20': None, 'atr_pct': None, 'position_in_range': None, 'rsi': None, 'bb_position': None, 'ret_3': None, 'ret_10': None, 'session_bucket': 1.0}"
2026-04-08|PL|2026-04-08T10:05:00-04:00|long|12,2026-04-08,PL,2026-04-08T10:05:00-04:00,long,12,0.5049411654472351,True,shadow,entry_next_bar_open_time_exit_at_selected_hold,36.0,35.82,54.0,"{'pressure_k': 0.0, 'spread': 0.09000000000000341, 'depth_imb_k': -0.5233403064731929, 'micro_off': -0.038333333333333997, 'spread_mean_10s': 0.08535714285717891, 'depth_imb_k_mean_10s': -0.5038635301794437, 'depth_imb_k_mean_60s': -0.39147736564036073, 'dist_vwap_bps': None, 'hl_range_pct': None, 'oc_change_pct': None, 'volume_rel_20': None, 'atr_pct': None, 'position_in_range': None, 'rsi': None, 'bb_position': None, 'ret_3': None, 'ret_10': None, 'session_bucket': 1.0}"
2026-04-08|PL|2026-04-08T10:06:00-04:00|long|12,2026-04-08,PL,2026-04-08T10:06:00-04:00,long,12,0.44908374547958374,True,shadow,entry_next_bar_open_time_exit_at_selected_hold,35.97,35.79,53.95,"{'pressure_k': 0.0, 'spread': 0.0899999999999963, 'depth_imb_k': -0.2784544414696381, 'micro_off': 0.015000000000007674, 'spread_mean_10s': 0.08384615384618253, 'depth_imb_k_mean_10s': -0.29218098902582124, 'depth_imb_k_mean_60s': -0.2889252684687918, 'dist_vwap_bps': None, 'hl_range_pct': None, 'oc_change_pct': None, 'volume_rel_20': None, 'atr_pct': None, 'position_in_range': None, 'rsi': None, 'bb_position': None, 'ret_3': None, 'ret_10': None, 'session_bucket': 1.0}"
2026-04-08|PL|2026-04-08T10:07:00-04:00|long|8,2026-04-08,PL,2026-04-08T10:07:00-04:00,long,8,0.5079879760742188,True,shadow,entry_next_bar_open_time_exit_at_selected_hold,35.58,35.4,53.37,"{'pressure_k': 0.0, 'spread': 0.0799999999999983, 'depth_imb_k': 0.05614831866115034, 'micro_off': -0.013333333333328312, 'spread_mean_10s': 0.06923076923079663, 'depth_imb_k_mean_10s': 0.0962091347374231, 'depth_imb_k_mean_60s': -0.034190159078520826, 'dist_vwap_bps': None, 'hl_range_pct': None, 'oc_change_pct': None, 'volume_rel_20': None, 'atr_pct': None, 'position_in_range': None, 'rsi': None, 'bb_position': None, 'ret_3': None, 'ret_10': None, 'session_bucket': 1.0}"
2026-04-08|PL|2026-04-08T10:08:00-04:00|long|12,2026-04-08,PL,2026-04-08T10:08:00-04:00,long,12,0.4382484257221222,True,shadow,entry_next_bar_open_time_exit_at_selected_hold,35.6301,35.45,53.45,"{'pressure_k': 0.0, 'spread': 0.09000000000000341, 'depth_imb_k': -0.35347898592572885, 'micro_off': -0.015000000000000568, 'spread_mean_10s': 0.07138888888889028, 'depth_imb_k_mean_10s': -0.03641550094007259, 'depth_imb_k_mean_60s': 0.06358284284771719, 'dist_vwap_bps': None, 'hl_range_pct': None, 'oc_change_pct': None, 'volume_rel_20': None, 'atr_pct': None, 'position_in_range': None, 'rsi': None, 'bb_position': None, 'ret_3': None, 'ret_10': None, 'session_bucket': 1.0}"
2026-04-08|PL|2026-04-08T10:09:00-04:00|long|12,2026-04-08,PL,2026-04-08T10:09:00-04:00,long,12,0.4394872784614563,True,shadow,entry_next_bar_open_time_exit_at_selected_hold,35.79,35.61,53.69,"{'pressure_k': 0.0, 'spread': 0.060000000000002274, 'depth_imb_k': -0.12669695934020997, 'micro_off': 0.0, 'spread_mean_10s': 0.058717948717947784, 'depth_imb_k_mean_10s': -0.08248133731158465, 'depth_imb_k_mean_60s': -0.002057930633270582, 'dist_vwap_bps': None, 'hl_range_pct': None, 'oc_change_pct': None, 'volume_rel_20': None, 'atr_pct': None, 'position_in_range': None, 'rsi': None, 'bb_position': None, 'ret_3': None, 'ret_10': None, 'session_bucket': 1.0}"
2026-04-08|PL|2026-04-08T10:10:00-04:00|long|12,2026-04-08,PL,2026-04-08T10:10:00-04:00,long,12,0.4608844816684723,True,shadow,entry_next_bar_open_time_exit_at_selected_hold,35.7,35.52,53.55,"{'pressure_k': 0.0, 'spread': 0.05000000000000426, 'depth_imb_k': -0.029647160068846816, 'micro_off': -0.01666666666666572, 'spread_mean_10s': 0.06671641791046344, 'depth_imb_k_mean_10s': -0.0012789849774533972, 'depth_imb_k_mean_60s': -0.10925253382292922, 'dist_vwap_bps': None, 'hl_range_pct': None, 'oc_change_pct': None, 'volume_rel_20': None, 'atr_pct': None, 'position_in_range': None, 'rsi': None, 'bb_position': None, 'ret_3': None, 'ret_10': None, 'session_bucket': 1.0}"
2026-04-08|PL|2026-04-08T10:11:00-04:00|long|12,2026-04-08,PL,2026-04-08T10:11:00-04:00,long,12,0.4188278019428253,True,shadow,entry_next_bar_open_time_exit_at_selected_hold,35.96,35.78,53.94,"{'pressure_k': 0.0, 'spread': 0.07000000000000028, 'depth_imb_k': -0.30468060870833535, 'micro_off': 0.0, 'spread_mean_10s': 0.05074999999999079, 'depth_imb_k_mean_10s': 0.014848580541186962, 'depth_imb_k_mean_60s': 0.1005768166364132, 'dist_vwap_bps': None, 'hl_range_pct': None, 'oc_change_pct': None, 'volume_rel_20': None, 'atr_pct': None, 'position_in_range': None, 'rsi': None, 'bb_position': None, 'ret_3': None, 'ret_10': None, 'session_bucket': 1.0}"
2026-04-08|PL|2026-04-08T10:12:00-04:00|short|5,2026-04-08,PL,2026-04-08T10:12:00-04:00,short,5,0.5971572399139404,True,shadow,entry_next_bar_open_time_exit_at_selected_hold,36.2199,36.4,18.11,"{'pressure_k': 0.0, 'spread': 0.05999999999999517, 'depth_imb_k': -0.5835244102572977, 'micro_off': 0.0, 'spread_mean_10s': 0.06256410256409521, 'depth_imb_k_mean_10s': -0.3598464721492277, 'depth_imb_k_mean_60s': -0.4112975508785005, 'dist_vwap_bps': None, 'hl_range_pct': None, 'oc_change_pct': None, 'volume_rel_20': None, 'atr_pct': None, 'position_in_range': None, 'rsi': None, 'bb_position': None, 'ret_3': None, 'ret_10': None, 'session_bucket': 1.0}"
2026-04-08|PL|2026-04-08T10:13:00-04:00|short|3,2026-04-08,PL,2026-04-08T10:13:00-04:00,short,3,0.6494154930114746,True,shadow,entry_next_bar_open_time_exit_at_selected_hold,36.348,36.53,18.17,"{'pressure_k': 0.0, 'spread': 0.06999999999999318, 'depth_imb_k': -0.06699009264400736, 'micro_off': 0.023333333333333428, 'spread_mean_10s': 0.06641025641023973, 'depth_imb_k_mean_10s': -0.5782736582053503, 'depth_imb_k_mean_60s': -0.33801086750081816, 'dist_vwap_bps': None, 'hl_range_pct': None, 'oc_change_pct': None, 'volume_rel_20': None, 'atr_pct': None, 'position_in_range': None, 'rsi': None, 'bb_position': None, 'ret_3': None, 'ret_10': None, 'session_bucket': 1.0}"
2026-04-08|PL|2026-04-08T10:14:00-04:00|short|5,2026-04-08,PL,2026-04-08T10:14:00-04:00,short,5,0.5576004385948181,True,shadow,entry_next_bar_open_time_exit_at_selected_hold,36.37,36.55,18.18,"{'pressure_k': 0.0, 'spread': 0.04999999999999716, 'depth_imb_k': -0.44834405352574747, 'micro_off': 0.0, 'spread_mean_10s': 0.051794871794827606, 'depth_imb_k_mean_10s': -0.34032110196834214, 'depth_imb_k_mean_60s': -0.19796556648468377, 'dist_vwap_bps': None, 'hl_range_pct': None, 'oc_change_pct': None, 'volume_rel_20': None, 'atr_pct': None, 'position_in_range': None, 'rsi': None, 'bb_position': None, 'ret_3': None, 'ret_10': None, 'session_bucket': 1.0}"
2026-04-08|PL|2026-04-08T10:15:00-04:00|short|3,2026-04-08,PL,2026-04-08T10:15:00-04:00,short,3,0.401557058095932,True,shadow,entry_next_bar_open_time_exit_at_selected_hold,36.2201,36.4,18.11,"{'pressure_k': 0.0, 'spread': 0.060000000000002274, 'depth_imb_k': -0.17847883748360946, 'micro_off': -0.00999999999999801, 'spread_mean_10s': 0.059743589743547064, 'depth_imb_k_mean_10s': -0.14940642995686076, 'depth_imb_k_mean_60s': 0.027683847543295365, 'dist_vwap_bps': None, 'hl_range_pct': None, 'oc_change_pct': None, 'volume_rel_20': None, 'atr_pct': None, 'position_in_range': None, 'rsi': None, 'bb_position': None, 'ret_3': None, 'ret_10': None, 'session_bucket': 1.0}"
2026-04-08|PL|2026-04-08T10:16:00-04:00|long|8,2026-04-08,PL,2026-04-08T10:16:00-04:00,long,8,0.4347718060016632,True,shadow,entry_next_bar_open_time_exit_at_selected_hold,36.1609,35.98,54.24,"{'pressure_k': 0.0, 'spread': 0.0899999999999963, 'depth_imb_k': 0.32986487077023185, 'micro_off': 0.0, 'spread_mean_10s': 0.08717948717951866, 'depth_imb_k_mean_10s': 0.2995570345364648, 'depth_imb_k_mean_60s': -0.022354345837293378, 'dist_vwap_bps': None, 'hl_range_pct': None, 'oc_change_pct': None, 'volume_rel_20': None, 'atr_pct': None, 'position_in_range': None, 'rsi': None, 'bb_position': None, 'ret_3': None, 'ret_10': None, 'session_bucket': 1.0}"
2026-04-08|PL|2026-04-08T10:17:00-04:00|short|8,2026-04-08,PL,2026-04-08T10:17:00-04:00,short,8,0.400960773229599,True,shadow,entry_next_bar_open_time_exit_at_selected_hold,36.2767,36.46,18.14,"{'pressure_k': 0.0, 'spread': 0.0799999999999983, 'depth_imb_k': 0.5549338660876604, 'micro_off': 0.0, 'spread_mean_10s': 0.06076923076920174, 'depth_imb_k_mean_10s': 0.39016128779837145, 'depth_imb_k_mean_60s': 0.33231989261956774, 'dist_vwap_bps': None, 'hl_range_pct': None, 'oc_change_pct': None, 'volume_rel_20': None, 'atr_pct': None, 'position_in_range': None, 'rsi': None, 'bb_position': None, 'ret_3': None, 'ret_10': None, 'session_bucket': 1.0}"
2026-04-08|PL|2026-04-08T10:18:00-04:00|long|12,2026-04-08,PL,2026-04-08T10:18:00-04:00,long,12,0.40488818287849426,True,shadow,entry_next_bar_open_time_exit_at_selected_hold,36.265,36.08,54.4,"{'pressure_k': 0.0, 'spread': 0.07000000000000028, 'depth_imb_k': 0.43442010449126395, 'micro_off': -7.105427357601002e-15, 'spread_mean_10s': 0.06800000000000636, 'depth_imb_k_mean_10s': 0.4501027939295971, 'depth_imb_k_mean_60s': 0.3911154739578749, 'dist_vwap_bps': None, 'hl_range_pct': None, 'oc_change_pct': None, 'volume_rel_20': None, 'atr_pct': None, 'position_in_range': None, 'rsi': None, 'bb_position': None, 'ret_3': None, 'ret_10': None, 'session_bucket': 1.0}"
2026-04-08|PL|2026-04-08T10:19:00-04:00|long|5,2026-04-08,PL,2026-04-08T10:19:00-04:00,long,5,0.42370104789733887,True,shadow,entry_next_bar_open_time_exit_at_selected_hold,36.39,36.21,54.59,"{'pressure_k': 0.0, 'spread': 0.04999999999999716, 'depth_imb_k': -0.14212853346673263, 'micro_off': -0.01666666666666572, 'spread_mean_10s': 0.053749999999951115, 'depth_imb_k_mean_10s': 0.03029142384193708, 'depth_imb_k_mean_60s': -0.018708791036928574, 'dist_vwap_bps': None, 'hl_range_pct': None, 'oc_change_pct': None, 'volume_rel_20': None, 'atr_pct': None, 'position_in_range': None, 'rsi': None, 'bb_position': None, 'ret_3': None, 'ret_10': None, 'session_bucket': 1.0}"
2026-04-08|PL|2026-04-08T10:20:00-04:00|long|8,2026-04-08,PL,2026-04-08T10:20:00-04:00,long,8,0.43614432215690613,True,shadow,entry_next_bar_open_time_exit_at_selected_hold,36.23,36.05,54.34,"{'pressure_k': 0.0, 'spread': 0.0799999999999983, 'depth_imb_k': -0.4609815333764461, 'micro_off': 0.0, 'spread_mean_10s': 0.08850000000003319, 'depth_imb_k_mean_10s': -0.47527623546925846, 'depth_imb_k_mean_60s': 0.050435419446440234, 'dist_vwap_bps': None, 'hl_range_pct': None, 'oc_change_pct': None, 'volume_rel_20': None, 'atr_pct': None, 'position_in_range': None, 'rsi': None, 'bb_position': None, 'ret_3': None, 'ret_10': None, 'session_bucket': 1.0}"
2026-04-08|PL|2026-04-08T10:21:00-04:00|long|12,2026-04-08,PL,2026-04-08T10:21:00-04:00,long,12,0.45908305048942566,True,shadow,entry_next_bar_open_time_exit_at_selected_hold,36.19,36.01,54.28,"{'pressure_k': 0.0, 'spread': 0.0799999999999983, 'depth_imb_k': -0.5282945372763433, 'micro_off': -0.013333333333328312, 'spread_mean_10s': 0.06615384615385303, 'depth_imb_k_mean_10s': -0.5713852386420072, 'depth_imb_k_mean_60s': -0.3359492333353371, 'dist_vwap_bps': None, 'hl_range_pct': None, 'oc_change_pct': None, 'volume_rel_20': None, 'atr_pct': None, 'position_in_range': None, 'rsi': None, 'bb_position': None, 'ret_3': None, 'ret_10': None, 'session_bucket': 1.0}"
2026-04-08|PL|2026-04-08T10:22:00-04:00|long|5,2026-04-08,PL,2026-04-08T10:22:00-04:00,long,5,0.47702550888061523,True,shadow,entry_next_bar_open_time_exit_at_selected_hold,36.29,36.11,54.44,"{'pressure_k': 0.0, 'spread': 0.04999999999999716, 'depth_imb_k': -0.7031919165862995, 'micro_off': -0.02413793103448114, 'spread_mean_10s': 0.045999999999958165, 'depth_imb_k_mean_10s': -0.6602479204985116, 'depth_imb_k_mean_60s': -0.18299738626852508, 'dist_vwap_bps': None, 'hl_range_pct': None, 'oc_change_pct': None, 'volume_rel_20': None, 'atr_pct': None, 'position_in_range': None, 'rsi': None, 'bb_position': None, 'ret_3': None, 'ret_10': None, 'session_bucket': 1.0}"
2026-04-08|PL|2026-04-08T10:23:00-04:00|long|12,2026-04-08,PL,2026-04-08T10:23:00-04:00,long,12,0.4065774977207184,True,shadow,entry_next_bar_open_time_exit_at_selected_hold,36.2534,36.07,54.38,"{'pressure_k': 0.0, 'spread': 0.05000000000000426, 'depth_imb_k': -0.031971775519566724, 'micro_off': -7.105427357601002e-15, 'spread_mean_10s': 0.05049999999995407, 'depth_imb_k_mean_10s': -0.372252141077756, 'depth_imb_k_mean_60s': -0.40813957098420556, 'dist_vwap_bps': None, 'hl_range_pct': None, 'oc_change_pct': None, 'volume_rel_20': None, 'atr_pct': None, 'position_in_range': None, 'rsi': None, 'bb_position': None, 'ret_3': None, 'ret_10': None, 'session_bucket': 1.0}"
2026-04-08|PL|2026-04-08T10:24:00-04:00|short|8,2026-04-08,PL,2026-04-08T10:24:00-04:00,short,8,0.38204360008239746,True,shadow,entry_next_bar_open_time_exit_at_selected_hold,36.48,36.66,18.24,"{'pressure_k': 0.0, 'spread': 0.060000000000002274, 'depth_imb_k': -0.7256783728947759, 'micro_off': 0.0, 'spread_mean_10s': 0.045999999999958165, 'depth_imb_k_mean_10s': -0.7799893252800245, 'depth_imb_k_mean_60s': -0.6734990129048867, 'dist_vwap_bps': None, 'hl_range_pct': None, 'oc_change_pct': None, 'volume_rel_20': None, 'atr_pct': None, 'position_in_range': None, 'rsi': None, 'bb_position': None, 'ret_3': None, 'ret_10': None, 'session_bucket': 1.0}"
2026-04-08|PL|2026-04-08T10:25:00-04:00|short|3,2026-04-08,PL,2026-04-08T10:25:00-04:00,short,3,0.41580599546432495,True,shadow,entry_next_bar_open_time_exit_at_selected_hold,36.445,36.63,18.22,"{'pressure_k': 0.0, 'spread': 0.07000000000000028, 'depth_imb_k': -0.3983720069186943, 'micro_off': 0.011666666666670267, 'spread_mean_10s': 0.05549999999994952, 'depth_imb_k_mean_10s': -0.3527594256749012, 'depth_imb_k_mean_60s': -0.44936757033908714, 'dist_vwap_bps': None, 'hl_range_pct': None, 'oc_change_pct': None, 'volume_rel_20': None, 'atr_pct': None, 'position_in_range': None, 'rsi': None, 'bb_position': None, 'ret_3': None, 'ret_10': None, 'session_bucket': 1.0}"
2026-04-08|PL|2026-04-08T10:26:00-04:00|short|5,2026-04-08,PL,2026-04-08T10:26:00-04:00,short,5,0.47468411922454834,True,shadow,entry_next_bar_open_time_exit_at_selected_hold,36.6141,36.8,18.31,"{'pressure_k': 0.0, 'spread': 0.04999999999999716, 'depth_imb_k': -0.6289428195672297, 'micro_off': 0.0, 'spread_mean_10s': 0.05230769230764473, 'depth_imb_k_mean_10s': -0.6598422617189411, 'depth_imb_k_mean_60s': -0.5202656297301061, 'dist_vwap_bps': None, 'hl_range_pct': None, 'oc_change_pct': None, 'volume_rel_20': None, 'atr_pct': None, 'position_in_range': None, 'rsi': None, 'bb_position': None, 'ret_3': None, 'ret_10': None, 'session_bucket': 1.0}"
2026-04-08|PL|2026-04-08T10:27:00-04:00|short|5,2026-04-08,PL,2026-04-08T10:27:00-04:00,short,5,0.4058884084224701,True,shadow,entry_next_bar_open_time_exit_at_selected_hold,36.675,36.86,18.34,"{'pressure_k': 0.0, 'spread': 0.07000000000000028, 'depth_imb_k': -0.7435695412926909, 'micro_off': 0.011666666666663161, 'spread_mean_10s': 0.0746376811593524, 'depth_imb_k_mean_10s': -0.7082120797034659, 'depth_imb_k_mean_60s': -0.6446518190018324, 'dist_vwap_bps': None, 'hl_range_pct': None, 'oc_change_pct': None, 'volume_rel_20': None, 'atr_pct': None, 'position_in_range': None, 'rsi': None, 'bb_position': None, 'ret_3': None, 'ret_10': None, 'session_bucket': 1.0}"
2026-04-08|PL|2026-04-08T10:28:00-04:00|short|3,2026-04-08,PL,2026-04-08T10:28:00-04:00,short,3,0.44914510846138,True,shadow,entry_next_bar_open_time_exit_at_selected_hold,36.62,36.8,18.31,"{'pressure_k': 0.0, 'spread': 0.020000000000003126, 'depth_imb_k': -0.35589571167345013, 'micro_off': -0.0033333333333303017, 'spread_mean_10s': 0.04674999999995748, 'depth_imb_k_mean_10s': -0.21417384797243813, 'depth_imb_k_mean_60s': -0.2945296825233688, 'dist_vwap_bps': None, 'hl_range_pct': None, 'oc_change_pct': None, 'volume_rel_20': None, 'atr_pct': None, 'position_in_range': None, 'rsi': None, 'bb_position': None, 'ret_3': None, 'ret_10': None, 'session_bucket': 1.0}"
2026-04-08|PL|2026-04-08T10:29:00-04:00|long|8,2026-04-08,PL,2026-04-08T10:29:00-04:00,long,8,0.4172949492931366,True,shadow,entry_next_bar_open_time_exit_at_selected_hold,36.615,36.43,54.92,"{'pressure_k': 0.0, 'spread': 0.060000000000002274, 'depth_imb_k': -0.3935218703705766, 'micro_off': 0.0, 'spread_mean_10s': 0.06384615384609578, 'depth_imb_k_mean_10s': -0.37546813072181534, 'depth_imb_k_mean_60s': -0.3829858842418953, 'dist_vwap_bps': None, 'hl_range_pct': None, 'oc_change_pct': None, 'volume_rel_20': None, 'atr_pct': None, 'position_in_range': None, 'rsi': None, 'bb_position': None, 'ret_3': None, 'ret_10': None, 'session_bucket': 1.0}"
2026-04-08|PL|2026-04-08T10:30:00-04:00|long|12,2026-04-08,PL,2026-04-08T10:30:00-04:00,long,12,0.42684295773506165,True,shadow,entry_next_bar_open_time_exit_at_selected_hold,36.59,36.41,54.89,"{'pressure_k': 0.0, 'spread': 0.05999999999999517, 'depth_imb_k': -0.02058365897402397, 'micro_off': 0.0, 'spread_mean_10s': 0.068205128205072, 'depth_imb_k_mean_10s': -0.009411834235408652, 'depth_imb_k_mean_60s': -0.20378451948591225, 'dist_vwap_bps': None, 'hl_range_pct': None, 'oc_change_pct': None, 'volume_rel_20': None, 'atr_pct': None, 'position_in_range': None, 'rsi': None, 'bb_position': None, 'ret_3': None, 'ret_10': None, 'session_bucket': 1.0}"
2026-04-08|PL|2026-04-08T10:31:00-04:00|short|3,2026-04-08,PL,2026-04-08T10:31:00-04:00,short,3,0.41088804602622986,True,shadow,entry_next_bar_open_time_exit_at_selected_hold,36.4143,36.6,18.21,"{'pressure_k': 0.0, 'spread': 0.04999999999999716, 'depth_imb_k': 0.4517585210067244, 'micro_off': 0.0, 'spread_mean_10s': 0.07630434782601755, 'depth_imb_k_mean_10s': 0.43637865247897323, 'depth_imb_k_mean_60s': 0.1926945023609199, 'dist_vwap_bps': None, 'hl_range_pct': None, 'oc_change_pct': None, 'volume_rel_20': None, 'atr_pct': None, 'position_in_range': None, 'rsi': None, 'bb_position': None, 'ret_3': None, 'ret_10': None, 'session_bucket': 1.0}"
2026-04-08|PL|2026-04-08T10:32:00-04:00|short|3,2026-04-08,PL,2026-04-08T10:32:00-04:00,short,3,0.3866361677646637,True,shadow,entry_next_bar_open_time_exit_at_selected_hold,36.35,36.53,18.18,"{'pressure_k': 0.0, 'spread': 0.030000000000001137, 'depth_imb_k': 0.5408795997031292, 'micro_off': 0.005000000000002558, 'spread_mean_10s': 0.04973684210521792, 'depth_imb_k_mean_10s': 0.29371187260631204, 'depth_imb_k_mean_60s': 0.23013541211999702, 'dist_vwap_bps': None, 'hl_range_pct': None, 'oc_change_pct': None, 'volume_rel_20': None, 'atr_pct': None, 'position_in_range': None, 'rsi': None, 'bb_position': None, 'ret_3': None, 'ret_10': None, 'session_bucket': 1.0}"
2026-04-08|PL|2026-04-08T10:33:00-04:00|long|12,2026-04-08,PL,2026-04-08T10:33:00-04:00,long,12,0.40710699558258057,True,shadow,entry_next_bar_open_time_exit_at_selected_hold,36.325,36.14,54.49,"{'pressure_k': 0.0, 'spread': 0.0799999999999983, 'depth_imb_k': 0.5621500559910415, 'micro_off': -0.013333333333335418, 'spread_mean_10s': 0.060256410256355454, 'depth_imb_k_mean_10s': 0.5837307041984169, 'depth_imb_k_mean_60s': 0.5219061096706775, 'dist_vwap_bps': None, 'hl_range_pct': None, 'oc_change_pct': None, 'volume_rel_20': None, 'atr_pct': None, 'position_in_range': None, 'rsi': None, 'bb_position': None, 'ret_3': None, 'ret_10': None, 'session_bucket': 1.0}"
2026-04-08|PL|2026-04-08T10:34:00-04:00|long|8,2026-04-08,PL,2026-04-08T10:34:00-04:00,long,8,0.5426135659217834,True,shadow,entry_next_bar_open_time_exit_at_selected_hold,36.56,36.38,54.84,"{'pressure_k': 0.0, 'spread': 0.07000000000000028, 'depth_imb_k': -0.652569594975166, 'micro_off': 0.011666666666670267, 'spread_mean_10s': 0.07447368421045858, 'depth_imb_k_mean_10s': -0.5742997452741927, 'depth_imb_k_mean_60s': 0.0897658647437329, 'dist_vwap_bps': None, 'hl_range_pct': None, 'oc_change_pct': None, 'volume_rel_20': None, 'atr_pct': None, 'position_in_range': None, 'rsi': None, 'bb_position': None, 'ret_3': None, 'ret_10': None, 'session_bucket': 1.0}"
2026-04-08|PL|2026-04-08T10:35:00-04:00|long|8,2026-04-08,PL,2026-04-08T10:35:00-04:00,long,8,0.4811234176158905,True,shadow,entry_next_bar_open_time_exit_at_selected_hold,36.54,36.36,54.81,"{'pressure_k': 0.0, 'spread': 0.03999999999999915, 'depth_imb_k': -0.1584693360835853, 'micro_off': -7.105427357601002e-15, 'spread_mean_10s': 0.04949999999995498, 'depth_imb_k_mean_10s': -0.2236702964213805, 'depth_imb_k_mean_60s': -0.21863696517998663, 'dist_vwap_bps': None, 'hl_range_pct': None, 'oc_change_pct': None, 'volume_rel_20': None, 'atr_pct': None, 'position_in_range': None, 'rsi': None, 'bb_position': None, 'ret_3': None, 'ret_10': None, 'session_bucket': 1.0}"
2026-04-08|PL|2026-04-08T10:36:00-04:00|short|8,2026-04-08,PL,2026-04-08T10:36:00-04:00,short,8,0.41870051622390747,True,shadow,entry_next_bar_open_time_exit_at_selected_hold,36.5,36.68,18.25,"{'pressure_k': 0.0, 'spread': 0.03999999999999915, 'depth_imb_k': 0.050085993939474854, 'micro_off': 7.105427357601002e-15, 'spread_mean_10s': 0.04564102564098413, 'depth_imb_k_mean_10s': -0.09689026298160687, 'depth_imb_k_mean_60s': -0.19320337426456413, 'dist_vwap_bps': None, 'hl_range_pct': None, 'oc_change_pct': None, 'volume_rel_20': None, 'atr_pct': None, 'position_in_range': None, 'rsi': None, 'bb_position': None, 'ret_3': None, 'ret_10': None, 'session_bucket': 1.0}"
2026-04-08|PL|2026-04-08T10:37:00-04:00|long|12,2026-04-08,PL,2026-04-08T10:37:00-04:00,long,12,0.4280954897403717,True,shadow,entry_next_bar_open_time_exit_at_selected_hold,36.41,36.23,54.61,"{'pressure_k': 0.0, 'spread': 0.060000000000002274, 'depth_imb_k': 0.570574480642647, 'micro_off': 0.0, 'spread_mean_10s': 0.05538461538456501, 'depth_imb_k_mean_10s': 0.5820700856907869, 'depth_imb_k_mean_60s': 0.25373143390119973, 'dist_vwap_bps': None, 'hl_range_pct': None, 'oc_change_pct': None, 'volume_rel_20': None, 'atr_pct': None, 'position_in_range': None, 'rsi': None, 'bb_position': None, 'ret_3': None, 'ret_10': None, 'session_bucket': 1.0}"
2026-04-08|PL|2026-04-08T10:38:00-04:00|long|12,2026-04-08,PL,2026-04-08T10:38:00-04:00,long,12,0.37237104773521423,True,shadow,entry_next_bar_open_time_exit_at_selected_hold,36.42,36.24,54.63,"{'pressure_k': 0.0, 'spread': 0.04999999999999716, 'depth_imb_k': 0.05313241012263223, 'micro_off': 0.00833333333333286, 'spread_mean_10s': 0.052631578947320554, 'depth_imb_k_mean_10s': 0.09230250224981032, 'depth_imb_k_mean_60s': 0.10342314694859649, 'dist_vwap_bps': None, 'hl_range_pct': None, 'oc_change_pct': None, 'volume_rel_20': None, 'atr_pct': None, 'position_in_range': None, 'rsi': None, 'bb_position': None, 'ret_3': None, 'ret_10': None, 'session_bucket': 1.0}"
2026-04-08|PL|2026-04-08T10:39:00-04:00|short|5,2026-04-08,PL,2026-04-08T10:39:00-04:00,short,5,0.47573745250701904,True,shadow,entry_next_bar_open_time_exit_at_selected_hold,36.575,36.76,18.29,"{'pressure_k': 0.0, 'spread': 0.03999999999999915, 'depth_imb_k': 0.21371482168903586, 'micro_off': -0.017142857142857792, 'spread_mean_10s': 0.045499999999958615, 'depth_imb_k_mean_10s': 0.2281393223654419, 'depth_imb_k_mean_60s': 0.267404847082093, 'dist_vwap_bps': None, 'hl_range_pct': None, 'oc_change_pct': None, 'volume_rel_20': None, 'atr_pct': None, 'position_in_range': None, 'rsi': None, 'bb_position': None, 'ret_3': None, 'ret_10': None, 'session_bucket': 1.0}"
2026-04-08|PL|2026-04-08T10:40:00-04:00|short|12,2026-04-08,PL,2026-04-08T10:40:00-04:00,short,12,0.46556293964385986,True,shadow,entry_next_bar_open_time_exit_at_selected_hold,36.57,36.75,18.29,"{'pressure_k': 0.0, 'spread': 0.0800000000000054, 'depth_imb_k': 0.6315972705751288, 'micro_off': 0.013333333333335418, 'spread_mean_10s': 0.06615384615379181, 'depth_imb_k_mean_10s': 0.5320227316785892, 'depth_imb_k_mean_60s': 0.23843514198962684, 'dist_vwap_bps': None, 'hl_range_pct': None, 'oc_change_pct': None, 'volume_rel_20': None, 'atr_pct': None, 'position_in_range': None, 'rsi': None, 'bb_position': None, 'ret_3': None, 'ret_10': None, 'session_bucket': 1.0}"
2026-04-08|PL|2026-04-08T10:41:00-04:00|long|8,2026-04-08,PL,2026-04-08T10:41:00-04:00,long,8,0.48169928789138794,True,shadow,entry_next_bar_open_time_exit_at_selected_hold,36.35,36.17,54.53,"{'pressure_k': 0.0, 'spread': 0.07000000000000028, 'depth_imb_k': -0.6110999572957833, 'micro_off': -0.011666666666670267, 'spread_mean_10s': 0.056410256410205105, 'depth_imb_k_mean_10s': -0.3933896925216144, 'depth_imb_k_mean_60s': 0.1549656313677909, 'dist_vwap_bps': None, 'hl_range_pct': None, 'oc_change_pct': None, 'volume_rel_20': None, 'atr_pct': None, 'position_in_range': None, 'rsi': None, 'bb_position': None, 'ret_3': None, 'ret_10': None, 'session_bucket': 1.0}"
2026-04-08|PL|2026-04-08T10:42:00-04:00|long|8,2026-04-08,PL,2026-04-08T10:42:00-04:00,long,8,0.4680700898170471,True,shadow,entry_next_bar_open_time_exit_at_selected_hold,36.58,36.4,54.87,"{'pressure_k': 0.0, 'spread': 0.05000000000000426, 'depth_imb_k': -0.10442322707908111, 'micro_off': -0.00833333333333286, 'spread_mean_10s': 0.05184210526311075, 'depth_imb_k_mean_10s': -0.1831535539075222, 'depth_imb_k_mean_60s': -0.3332275083500368, 'dist_vwap_bps': None, 'hl_range_pct': None, 'oc_change_pct': None, 'volume_rel_20': None, 'atr_pct': None, 'position_in_range': None, 'rsi': None, 'bb_position': None, 'ret_3': None, 'ret_10': None, 'session_bucket': 1.0}"
2026-04-08|PL|2026-04-08T10:43:00-04:00|short|8,2026-04-08,PL,2026-04-08T10:43:00-04:00,short,8,0.42690491676330566,True,shadow,entry_next_bar_open_time_exit_at_selected_hold,36.45,36.63,18.23,"{'pressure_k': 0.0, 'spread': 0.04999999999999716, 'depth_imb_k': -0.18038674479040562, 'micro_off': 0.00833333333333286, 'spread_mean_10s': 0.04124999999996248, 'depth_imb_k_mean_10s': -0.07946625082811351, 'depth_imb_k_mean_60s': 0.039875444156420234, 'dist_vwap_bps': None, 'hl_range_pct': None, 'oc_change_pct': None, 'volume_rel_20': None, 'atr_pct': None, 'position_in_range': None, 'rsi': None, 'bb_position': None, 'ret_3': None, 'ret_10': None, 'session_bucket': 1.0}"
2026-04-08|PL|2026-04-08T10:44:00-04:00|long|8,2026-04-08,PL,2026-04-08T10:44:00-04:00,long,8,0.4857148230075836,True,shadow,entry_next_bar_open_time_exit_at_selected_hold,36.455,36.27,54.68,"{'pressure_k': 0.0, 'spread': 0.05999999999999517, 'depth_imb_k': -0.10150117993237603, 'micro_off': 0.00999999999999801, 'spread_mean_10s': 0.05955223880591599, 'depth_imb_k_mean_10s': -0.07094259180977174, 'depth_imb_k_mean_60s': -0.00831898096913336, 'dist_vwap_bps': None, 'hl_range_pct': None, 'oc_change_pct': None, 'volume_rel_20': None, 'atr_pct': None, 'position_in_range': None, 'rsi': None, 'bb_position': None, 'ret_3': None, 'ret_10': None, 'session_bucket': 1.0}"
2026-04-08|PL|2026-04-08T10:45:00-04:00|long|8,2026-04-08,PL,2026-04-08T10:45:00-04:00,long,8,0.411617636680603,True,shadow,entry_next_bar_open_time_exit_at_selected_hold,36.3599,36.18,54.54,"{'pressure_k': 0.0, 'spread': 0.04999999999999716, 'depth_imb_k': 0.34636445458230564, 'micro_off': 0.0, 'spread_mean_10s': 0.046153846153804176, 'depth_imb_k_mean_10s': 0.1511115974651136, 'depth_imb_k_mean_60s': 0.052808304112761044, 'dist_vwap_bps': None, 'hl_range_pct': None, 'oc_change_pct': None, 'volume_rel_20': None, 'atr_pct': None, 'position_in_range': None, 'rsi': None, 'bb_position': None, 'ret_3': None, 'ret_10': None, 'session_bucket': 1.0}"
2026-04-08|PL|2026-04-08T10:46:00-04:00|short|3,2026-04-08,PL,2026-04-08T10:46:00-04:00,short,3,0.46658721566200256,True,shadow,entry_next_bar_open_time_exit_at_selected_hold,36.48,36.66,18.24,"{'pressure_k': 0.0, 'spread': 0.060000000000002274, 'depth_imb_k': -0.2925559797559018, 'micro_off': 0.0, 'spread_mean_10s': 0.051794871794824685, 'depth_imb_k_mean_10s': -0.2227025453706568, 'depth_imb_k_mean_60s': 0.16357275410960775, 'dist_vwap_bps': None, 'hl_range_pct': None, 'oc_change_pct': None, 'volume_rel_20': None, 'atr_pct': None, 'position_in_range': None, 'rsi': None, 'bb_position': None, 'ret_3': None, 'ret_10': None, 'session_bucket': 1.0}"
2026-04-08|PL|2026-04-08T10:47:00-04:00|short|3,2026-04-08,PL,2026-04-08T10:47:00-04:00,short,3,0.5123433470726013,True,shadow,entry_next_bar_open_time_exit_at_selected_hold,36.37,36.55,18.18,"{'pressure_k': 0.0, 'spread': 0.030000000000001137, 'depth_imb_k': -0.05879090681988501, 'micro_off': -0.005000000000002558, 'spread_mean_10s': 0.03986301369859388, 'depth_imb_k_mean_10s': 0.07865071074760704, 'depth_imb_k_mean_60s': 0.1670340365679246, 'dist_vwap_bps': None, 'hl_range_pct': None, 'oc_change_pct': None, 'volume_rel_20': None, 'atr_pct': None, 'position_in_range': None, 'rsi': None, 'bb_position': None, 'ret_3': None, 'ret_10': None, 'session_bucket': 1.0}"
2026-04-08|PL|2026-04-08T10:48:00-04:00|short|12,2026-04-08,PL,2026-04-08T10:48:00-04:00,short,12,0.5179007053375244,True,shadow,entry_next_bar_open_time_exit_at_selected_hold,36.52,36.7,18.26,"{'pressure_k': 0.0, 'spread': 0.04999999999999716, 'depth_imb_k': -0.5038739279044707, 'micro_off': -0.00833333333333286, 'spread_mean_10s': 0.04769230769226432, 'depth_imb_k_mean_10s': -0.49968936822163773, 'depth_imb_k_mean_60s': -0.019098692187791737, 'dist_vwap_bps': None, 'hl_range_pct': None, 'oc_change_pct': None, 'volume_rel_20': None, 'atr_pct': None, 'position_in_range': None, 'rsi': None, 'bb_position': None, 'ret_3': None, 'ret_10': None, 'session_bucket': 1.0}"
2026-04-08|PL|2026-04-08T10:49:00-04:00|short|12,2026-04-08,PL,2026-04-08T10:49:00-04:00,short,12,0.4861554801464081,True,shadow,entry_next_bar_open_time_exit_at_selected_hold,36.55,36.73,18.27,"{'pressure_k': 0.0, 'spread': 0.0800000000000054, 'depth_imb_k': -0.17607680584904647, 'micro_off': -0.013333333333328312, 'spread_mean_10s': 0.05666666666661513, 'depth_imb_k_mean_10s': -0.3692581672154493, 'depth_imb_k_mean_60s': -0.25553687443443995, 'dist_vwap_bps': None, 'hl_range_pct': None, 'oc_change_pct': None, 'volume_rel_20': None, 'atr_pct': None, 'position_in_range': None, 'rsi': None, 'bb_position': None, 'ret_3': None, 'ret_10': None, 'session_bucket': 1.0}"
2026-04-08|PL|2026-04-08T10:50:00-04:00|short|5,2026-04-08,PL,2026-04-08T10:50:00-04:00,short,5,0.4475179612636566,True,shadow,entry_next_bar_open_time_exit_at_selected_hold,36.54,36.72,18.27,"{'pressure_k': 0.0, 'spread': 0.04999999999999716, 'depth_imb_k': -0.033169178418961845, 'micro_off': 0.0, 'spread_mean_10s': 0.049999999999954525, 'depth_imb_k_mean_10s': -0.25620011142388405, 'depth_imb_k_mean_60s': -0.222794217668783, 'dist_vwap_bps': None, 'hl_range_pct': None, 'oc_change_pct': None, 'volume_rel_20': None, 'atr_pct': None, 'position_in_range': None, 'rsi': None, 'bb_position': None, 'ret_3': None, 'ret_10': None, 'session_bucket': 1.0}"
2026-04-08|PL|2026-04-08T10:51:00-04:00|short|3,2026-04-08,PL,2026-04-08T10:51:00-04:00,short,3,0.4248998761177063,True,shadow,entry_next_bar_open_time_exit_at_selected_hold,36.52,36.7,18.26,"{'pressure_k': 0.0, 'spread': 0.05999999999999517, 'depth_imb_k': -0.13483280204218995, 'micro_off': -0.00999999999999801, 'spread_mean_10s': 0.04788732394361842, 'depth_imb_k_mean_10s': -0.2451657638966391, 'depth_imb_k_mean_60s': -0.3734312989104993, 'dist_vwap_bps': None, 'hl_range_pct': None, 'oc_change_pct': None, 'volume_rel_20': None, 'atr_pct': None, 'position_in_range': None, 'rsi': None, 'bb_position': None, 'ret_3': None, 'ret_10': None, 'session_bucket': 1.0}"
2026-04-08|PL|2026-04-08T10:52:00-04:00|long|12,2026-04-08,PL,2026-04-08T10:52:00-04:00,long,12,0.44106730818748474,True,shadow,entry_next_bar_open_time_exit_at_selected_hold,36.37,36.19,54.55,"{'pressure_k': 0.0, 'spread': 0.03999999999999915, 'depth_imb_k': -0.22582416776192357, 'micro_off': -0.014285714285705353, 'spread_mean_10s': 0.04526315789469568, 'depth_imb_k_mean_10s': -0.3991827095203402, 'depth_imb_k_mean_60s': -0.5211973487921808, 'dist_vwap_bps': None, 'hl_range_pct': None, 'oc_change_pct': None, 'volume_rel_20': None, 'atr_pct': None, 'position_in_range': None, 'rsi': None, 'bb_position': None, 'ret_3': None, 'ret_10': None, 'session_bucket': 1.0}"
2026-04-08|PL|2026-04-08T10:53:00-04:00|short|5,2026-04-08,PL,2026-04-08T10:53:00-04:00,short,5,0.3755492568016052,True,shadow,entry_next_bar_open_time_exit_at_selected_hold,36.34,36.52,18.17,"{'pressure_k': 0.0, 'spread': 0.10000000000000142, 'depth_imb_k': 0.01727394052325435, 'micro_off': 7.105427357601002e-15, 'spread_mean_10s': 0.06205128205122561, 'depth_imb_k_mean_10s': -0.031027240906382758, 'depth_imb_k_mean_60s': -0.03445743398499015, 'dist_vwap_bps': None, 'hl_range_pct': None, 'oc_change_pct': None, 'volume_rel_20': None, 'atr_pct': None, 'position_in_range': None, 'rsi': None, 'bb_position': None, 'ret_3': None, 'ret_10': None, 'session_bucket': 1.0}"
2026-04-08|PL|2026-04-08T10:54:00-04:00|long|12,2026-04-08,PL,2026-04-08T10:54:00-04:00,long,12,0.4304896295070648,True,shadow,entry_next_bar_open_time_exit_at_selected_hold,36.43,36.25,54.64,"{'pressure_k': 0.0, 'spread': 0.05000000000000426, 'depth_imb_k': -0.23370486211875302, 'micro_off': -0.021428571428565135, 'spread_mean_10s': 0.05099999999995362, 'depth_imb_k_mean_10s': -0.1860198880738892, 'depth_imb_k_mean_60s': -0.14591492552566115, 'dist_vwap_bps': None, 'hl_range_pct': None, 'oc_change_pct': None, 'volume_rel_20': None, 'atr_pct': None, 'position_in_range': None, 'rsi': None, 'bb_position': None, 'ret_3': None, 'ret_10': None, 'session_bucket': 1.0}"
2026-04-08|PL|2026-04-08T10:55:00-04:00|short|3,2026-04-08,PL,2026-04-08T10:55:00-04:00,short,3,0.5125093460083008,True,shadow,entry_next_bar_open_time_exit_at_selected_hold,36.1,36.28,18.05,"{'pressure_k': 0.0, 'spread': 0.060000000000002274, 'depth_imb_k': 0.21441506700470844, 'micro_off': 0.015000000000000568, 'spread_mean_10s': 0.05543478260864523, 'depth_imb_k_mean_10s': 0.10744858589094974, 'depth_imb_k_mean_60s': 0.08444957573163853, 'dist_vwap_bps': None, 'hl_range_pct': None, 'oc_change_pct': None, 'volume_rel_20': None, 'atr_pct': None, 'position_in_range': None, 'rsi': None, 'bb_position': None, 'ret_3': None, 'ret_10': None, 'session_bucket': 1.0}"
2026-04-08|PL|2026-04-08T10:56:00-04:00|long|8,2026-04-08,PL,2026-04-08T10:56:00-04:00,long,8,0.49481433629989624,True,shadow,entry_next_bar_open_time_exit_at_selected_hold,35.96,35.78,53.94,"{'pressure_k': 0.0, 'spread': 0.060000000000002274, 'depth_imb_k': -0.7557662346177914, 'micro_off': 0.0, 'spread_mean_10s': 0.057749999999947475, 'depth_imb_k_mean_10s': -0.6216927989142448, 'depth_imb_k_mean_60s': -0.19490541469048284, 'dist_vwap_bps': None, 'hl_range_pct': None, 'oc_change_pct': None, 'volume_rel_20': None, 'atr_pct': None, 'position_in_range': None, 'rsi': None, 'bb_position': None, 'ret_3': None, 'ret_10': None, 'session_bucket': 1.0}"
2026-04-08|PL|2026-04-08T10:57:00-04:00|long|5,2026-04-08,PL,2026-04-08T10:57:00-04:00,long,5,0.4305344820022583,True,shadow,entry_next_bar_open_time_exit_at_selected_hold,35.975,35.8,53.96,"{'pressure_k': 0.0, 'spread': 0.030000000000001137, 'depth_imb_k': -0.5439197259310584, 'micro_off': -0.007500000000000284, 'spread_mean_10s': 0.06589743589737597, 'depth_imb_k_mean_10s': -0.5274063677786438, 'depth_imb_k_mean_60s': 0.01319520917981468, 'dist_vwap_bps': None, 'hl_range_pct': None, 'oc_change_pct': None, 'volume_rel_20': None, 'atr_pct': None, 'position_in_range': None, 'rsi': None, 'bb_position': None, 'ret_3': None, 'ret_10': None, 'session_bucket': 1.0}"
2026-04-08|PL|2026-04-08T10:58:00-04:00|long|8,2026-04-08,PL,2026-04-08T10:58:00-04:00,long,8,0.5012693405151367,True,shadow,entry_next_bar_open_time_exit_at_selected_hold,36.02,35.84,54.03,"{'pressure_k': 0.0, 'spread': 0.05999999999999517, 'depth_imb_k': -0.6482007775407113, 'micro_off': -0.00999999999999801, 'spread_mean_10s': 0.053684210526266964, 'depth_imb_k_mean_10s': -0.5326076376543429, 'depth_imb_k_mean_60s': -0.5793118457061274, 'dist_vwap_bps': None, 'hl_range_pct': None, 'oc_change_pct': None, 'volume_rel_20': None, 'atr_pct': None, 'position_in_range': None, 'rsi': None, 'bb_position': None, 'ret_3': None, 'ret_10': None, 'session_bucket': 1.0}"
2026-04-08|PL|2026-04-08T10:59:00-04:00|short|3,2026-04-08,PL,2026-04-08T10:59:00-04:00,short,3,0.4323824942111969,True,shadow,entry_next_bar_open_time_exit_at_selected_hold,36.03,36.21,18.02,"{'pressure_k': 0.0, 'spread': 0.060000000000002274, 'depth_imb_k': -0.541230331323056, 'micro_off': 0.00999999999999801, 'spread_mean_10s': 0.05999999999994543, 'depth_imb_k_mean_10s': -0.5567143575734369, 'depth_imb_k_mean_60s': -0.3836749430808005, 'dist_vwap_bps': None, 'hl_range_pct': None, 'oc_change_pct': None, 'volume_rel_20': None, 'atr_pct': None, 'position_in_range': None, 'rsi': None, 'bb_position': None, 'ret_3': None, 'ret_10': None, 'session_bucket': 1.0}"
2026-04-08|PL|2026-04-08T11:00:00-04:00|long|12,2026-04-08,PL,2026-04-08T11:00:00-04:00,long,12,0.49679121375083923,True,shadow,entry_next_bar_open_time_exit_at_selected_hold,36.09,35.91,54.14,"{'pressure_k': 0.0, 'spread': 0.060000000000002274, 'depth_imb_k': 0.04517580351915195, 'micro_off': 0.00999999999999801, 'spread_mean_10s': 0.07794871794864705, 'depth_imb_k_mean_10s': 0.007522434480617262, 'depth_imb_k_mean_60s': 0.03124665578722499, 'dist_vwap_bps': None, 'hl_range_pct': None, 'oc_change_pct': None, 'volume_rel_20': None, 'atr_pct': None, 'position_in_range': None, 'rsi': None, 'bb_position': None, 'ret_3': None, 'ret_10': None, 'session_bucket': 1.0}"
2026-04-08|PL|2026-04-08T11:01:00-04:00|short|8,2026-04-08,PL,2026-04-08T11:01:00-04:00,short,8,0.4511057734489441,True,shadow,entry_next_bar_open_time_exit_at_selected_hold,36.275,36.46,18.14,"{'pressure_k': 0.0, 'spread': 0.05999999999999517, 'depth_imb_k': -0.21655838190837273, 'micro_off': 7.105427357601002e-15, 'spread_mean_10s': 0.05499999999994998, 'depth_imb_k_mean_10s': -0.25335550678957325, 'depth_imb_k_mean_60s': 0.04149222768707037, 'dist_vwap_bps': None, 'hl_range_pct': None, 'oc_change_pct': None, 'volume_rel_20': None, 'atr_pct': None, 'position_in_range': None, 'rsi': None, 'bb_position': None, 'ret_3': None, 'ret_10': None, 'session_bucket': 1.0}"
2026-04-08|PL|2026-04-08T11:02:00-04:00|short|3,2026-04-08,PL,2026-04-08T11:02:00-04:00,short,3,0.4871840476989746,True,shadow,entry_next_bar_open_time_exit_at_selected_hold,36.425,36.61,18.21,"{'pressure_k': 0.0, 'spread': 0.05000000000000426, 'depth_imb_k': 0.19195464633987125, 'micro_off': -0.00833333333333286, 'spread_mean_10s': 0.04769230769226432, 'depth_imb_k_mean_10s': 0.15395691848785203, 'depth_imb_k_mean_60s': -0.017110434036468024, 'dist_vwap_bps': None, 'hl_range_pct': None, 'oc_change_pct': None, 'volume_rel_20': None, 'atr_pct': None, 'position_in_range': None, 'rsi': None, 'bb_position': None, 'ret_3': None, 'ret_10': None, 'session_bucket': 1.0}"
2026-04-08|PL|2026-04-08T11:03:00-04:00|short|5,2026-04-08,PL,2026-04-08T11:03:00-04:00,short,5,0.41136452555656433,True,shadow,entry_next_bar_open_time_exit_at_selected_hold,36.46,36.64,18.23,"{'pressure_k': 0.0, 'spread': 0.03999999999999915, 'depth_imb_k': 0.09088043356359327, 'micro_off': -0.006666666666667709, 'spread_mean_10s': 0.040263157894700224, 'depth_imb_k_mean_10s': 0.015319786230149571, 'depth_imb_k_mean_60s': -0.16319030496524628, 'dist_vwap_bps': None, 'hl_range_pct': None, 'oc_change_pct': None, 'volume_rel_20': None, 'atr_pct': None, 'position_in_range': None, 'rsi': None, 'bb_position': None, 'ret_3': None, 'ret_10': None, 'session_bucket': 1.0}"
2026-04-08|PL|2026-04-08T11:04:00-04:00|short|5,2026-04-08,PL,2026-04-08T11:04:00-04:00,short,5,0.43337878584861755,True,shadow,entry_next_bar_open_time_exit_at_selected_hold,36.35,36.53,18.18,"{'pressure_k': 0.0, 'spread': 0.03999999999999915, 'depth_imb_k': 0.09936481926861714, 'micro_off': 0.0, 'spread_mean_10s': 0.05051282051277457, 'depth_imb_k_mean_10s': -0.14220908272106778, 'depth_imb_k_mean_60s': -0.0809747631027607, 'dist_vwap_bps': None, 'hl_range_pct': None, 'oc_change_pct': None, 'volume_rel_20': None, 'atr_pct': None, 'position_in_range': None, 'rsi': None, 'bb_position': None, 'ret_3': None, 'ret_10': None, 'session_bucket': 1.0}"
2026-04-08|PL|2026-04-08T11:05:00-04:00|short|3,2026-04-08,PL,2026-04-08T11:05:00-04:00,short,3,0.4512411057949066,True,shadow,entry_next_bar_open_time_exit_at_selected_hold,36.3002,36.48,18.15,"{'pressure_k': 0.0, 'spread': 0.04999999999999716, 'depth_imb_k': -0.2002842970690936, 'micro_off': 0.0, 'spread_mean_10s': 0.05319999999995161, 'depth_imb_k_mean_10s': -0.041709448604797215, 'depth_imb_k_mean_60s': 0.011211051443116276, 'dist_vwap_bps': None, 'hl_range_pct': None, 'oc_change_pct': None, 'volume_rel_20': None, 'atr_pct': None, 'position_in_range': None, 'rsi': None, 'bb_position': None, 'ret_3': None, 'ret_10': None, 'session_bucket': 1.0}"
2026-04-08|PL|2026-04-08T11:06:00-04:00|short|12,2026-04-08,PL,2026-04-08T11:06:00-04:00,short,12,0.4336784780025482,True,shadow,entry_next_bar_open_time_exit_at_selected_hold,36.4,36.58,18.2,"{'pressure_k': 0.0, 'spread': 0.03999999999999915, 'depth_imb_k': 0.07949667691176077, 'micro_off': 7.105427357601002e-15, 'spread_mean_10s': 0.04717948717944427, 'depth_imb_k_mean_10s': -0.0017867769965318869, 'depth_imb_k_mean_60s': 0.05735050701191015, 'dist_vwap_bps': None, 'hl_range_pct': None, 'oc_change_pct': None, 'volume_rel_20': None, 'atr_pct': None, 'position_in_range': None, 'rsi': None, 'bb_position': None, 'ret_3': None, 'ret_10': None, 'session_bucket': 1.0}"
2026-04-08|PL|2026-04-08T11:07:00-04:00|short|12,2026-04-08,PL,2026-04-08T11:07:00-04:00,short,12,0.4530748426914215,True,shadow,entry_next_bar_open_time_exit_at_selected_hold,36.5201,36.7,18.26,"{'pressure_k': 0.0, 'spread': 0.03999999999999915, 'depth_imb_k': 0.2719399207992661, 'micro_off': -7.105427357601002e-15, 'spread_mean_10s': 0.04184210526311984, 'depth_imb_k_mean_10s': 0.10914125201950235, 'depth_imb_k_mean_60s': -0.2309732350910226, 'dist_vwap_bps': None, 'hl_range_pct': None, 'oc_change_pct': None, 'volume_rel_20': None, 'atr_pct': None, 'position_in_range': None, 'rsi': None, 'bb_position': None, 'ret_3': None, 'ret_10': None, 'session_bucket': 1.0}"
2026-04-08|PL|2026-04-08T11:08:00-04:00|short|5,2026-04-08,PL,2026-04-08T11:08:00-04:00,short,5,0.478655070066452,True,shadow,entry_next_bar_open_time_exit_at_selected_hold,36.45,36.63,18.23,"{'pressure_k': 0.0, 'spread': 0.05000000000000426, 'depth_imb_k': -0.3854418667291836, 'micro_off': 0.0, 'spread_mean_10s': 0.05391304347821184, 'depth_imb_k_mean_10s': 0.12404144978220104, 'depth_imb_k_mean_60s': 0.15721872397411432, 'dist_vwap_bps': None, 'hl_range_pct': None, 'oc_change_pct': None, 'volume_rel_20': None, 'atr_pct': None, 'position_in_range': None, 'rsi': None, 'bb_position': None, 'ret_3': None, 'ret_10': None, 'session_bucket': 1.0}"
2026-04-08|PL|2026-04-08T11:09:00-04:00|short|3,2026-04-08,PL,2026-04-08T11:09:00-04:00,short,3,0.4418286383152008,True,shadow,entry_next_bar_open_time_exit_at_selected_hold,36.31,36.49,18.16,"{'pressure_k': 0.0, 'spread': 0.060000000000002274, 'depth_imb_k': 0.5235587199757796, 'micro_off': 0.0, 'spread_mean_10s': 0.05815789473678921, 'depth_imb_k_mean_10s': 0.4057748957644064, 'depth_imb_k_mean_60s': 0.06189057656524568, 'dist_vwap_bps': None, 'hl_range_pct': None, 'oc_change_pct': None, 'volume_rel_20': None, 'atr_pct': None, 'position_in_range': None, 'rsi': None, 'bb_position': None, 'ret_3': None, 'ret_10': None, 'session_bucket': 1.0}"
2026-04-08|PL|2026-04-08T11:10:00-04:00|short|12,2026-04-08,PL,2026-04-08T11:10:00-04:00,short,12,0.40874189138412476,True,shadow,entry_next_bar_open_time_exit_at_selected_hold,36.3301,36.51,18.17,"{'pressure_k': 0.0, 'spread': 0.05000000000000426, 'depth_imb_k': -0.0896473174672547, 'micro_off': 0.00833333333333286, 'spread_mean_10s': 0.051052631578900935, 'depth_imb_k_mean_10s': -0.01705156028046866, 'depth_imb_k_mean_60s': 0.31620041268507004, 'dist_vwap_bps': None, 'hl_range_pct': None, 'oc_change_pct': None, 'volume_rel_20': None, 'atr_pct': None, 'position_in_range': None, 'rsi': None, 'bb_position': None, 'ret_3': None, 'ret_10': None, 'session_bucket': 1.0}"
2026-04-08|PL|2026-04-08T11:11:00-04:00|short|8,2026-04-08,PL,2026-04-08T11:11:00-04:00,short,8,0.4639740288257599,True,shadow,entry_next_bar_open_time_exit_at_selected_hold,36.52,36.7,18.26,"{'pressure_k': 0.0, 'spread': 0.04999999999999716, 'depth_imb_k': -0.34903179536218026, 'micro_off': 0.0, 'spread_mean_10s': 0.05447368421047677, 'depth_imb_k_mean_10s': -0.41640673414336726, 'depth_imb_k_mean_60s': -0.2770169597572845, 'dist_vwap_bps': None, 'hl_range_pct': None, 'oc_change_pct': None, 'volume_rel_20': None, 'atr_pct': None, 'position_in_range': None, 'rsi': None, 'bb_position': None, 'ret_3': None, 'ret_10': None, 'session_bucket': 1.0}"
2026-04-08|PL|2026-04-08T11:12:00-04:00|short|8,2026-04-08,PL,2026-04-08T11:12:00-04:00,short,8,0.44918400049209595,True,shadow,entry_next_bar_open_time_exit_at_selected_hold,36.65,36.83,18.32,"{'pressure_k': 0.0, 'spread': 0.04999999999999716, 'depth_imb_k': -0.4856663827437725, 'micro_off': -0.01666666666666572, 'spread_mean_10s': 0.045869565217349584, 'depth_imb_k_mean_10s': -0.46824655365826795, 'depth_imb_k_mean_60s': -0.39612485460496505, 'dist_vwap_bps': None, 'hl_range_pct': None, 'oc_change_pct': None, 'volume_rel_20': None, 'atr_pct': None, 'position_in_range': None, 'rsi': None, 'bb_position': None, 'ret_3': None, 'ret_10': None, 'session_bucket': 1.0}"
2026-04-08|PL|2026-04-08T11:13:00-04:00|short|12,2026-04-08,PL,2026-04-08T11:13:00-04:00,short,12,0.41815292835235596,True,shadow,entry_next_bar_open_time_exit_at_selected_hold,36.67,36.85,18.34,"{'pressure_k': 0.0, 'spread': 0.060000000000002274, 'depth_imb_k': -0.18285717754025627, 'micro_off': 0.00999999999999801, 'spread_mean_10s': 0.06256410256404567, 'depth_imb_k_mean_10s': -0.26610008232242205, 'depth_imb_k_mean_60s': -0.2826992710538148, 'dist_vwap_bps': None, 'hl_range_pct': None, 'oc_change_pct': None, 'volume_rel_20': None, 'atr_pct': None, 'position_in_range': None, 'rsi': None, 'bb_position': None, 'ret_3': None, 'ret_10': None, 'session_bucket': 1.0}"
2026-04-08|PL|2026-04-08T11:14:00-04:00|short|12,2026-04-08,PL,2026-04-08T11:14:00-04:00,short,12,0.43406376242637634,True,shadow,entry_next_bar_open_time_exit_at_selected_hold,36.74,36.92,18.37,"{'pressure_k': 0.0, 'spread': 0.030000000000001137, 'depth_imb_k': -0.26964578272413986, 'micro_off': 0.0, 'spread_mean_10s': 0.030789473684182524, 'depth_imb_k_mean_10s': -0.2657708286850194, 'depth_imb_k_mean_60s': -0.16685093991313152, 'dist_vwap_bps': None, 'hl_range_pct': None, 'oc_change_pct': None, 'volume_rel_20': None, 'atr_pct': None, 'position_in_range': None, 'rsi': None, 'bb_position': None, 'ret_3': None, 'ret_10': None, 'session_bucket': 1.0}"
2026-04-08|PL|2026-04-08T11:15:00-04:00|short|12,2026-04-08,PL,2026-04-08T11:15:00-04:00,short,12,0.4337269961833954,True,shadow,entry_next_bar_open_time_exit_at_selected_hold,36.825,37.01,18.41,"{'pressure_k': 0.0, 'spread': 0.05000000000000426, 'depth_imb_k': -0.5162831796672441, 'micro_off': 0.0, 'spread_mean_10s': 0.04076923076919369, 'depth_imb_k_mean_10s': -0.36999817673637525, 'depth_imb_k_mean_60s': -0.2132552009889786, 'dist_vwap_bps': None, 'hl_range_pct': None, 'oc_change_pct': None, 'volume_rel_20': None, 'atr_pct': None, 'position_in_range': None, 'rsi': None, 'bb_position': None, 'ret_3': None, 'ret_10': None, 'session_bucket': 1.0}"
2026-04-08|PL|2026-04-08T11:16:00-04:00|short|12,2026-04-08,PL,2026-04-08T11:16:00-04:00,short,12,0.4409991502761841,True,shadow,entry_next_bar_open_time_exit_at_selected_hold,36.8,36.98,18.4,"{'pressure_k': 0.0, 'spread': 0.03999999999999915, 'depth_imb_k': -0.5961827700595853, 'micro_off': -0.006666666666674814, 'spread_mean_10s': 0.05289473684205716, 'depth_imb_k_mean_10s': -0.5332630832113433, 'depth_imb_k_mean_60s': -0.5300639703776814, 'dist_vwap_bps': None, 'hl_range_pct': None, 'oc_change_pct': None, 'volume_rel_20': None, 'atr_pct': None, 'position_in_range': None, 'rsi': None, 'bb_position': None, 'ret_3': None, 'ret_10': None, 'session_bucket': 1.0}"
2026-04-08|PL|2026-04-08T11:17:00-04:00|short|8,2026-04-08,PL,2026-04-08T11:17:00-04:00,short,8,0.4572528004646301,True,shadow,entry_next_bar_open_time_exit_at_selected_hold,36.6562,36.84,18.33,"{'pressure_k': 0.0, 'spread': 0.04999999999999716, 'depth_imb_k': 0.6740476228860695, 'micro_off': 0.00833333333333286, 'spread_mean_10s': 0.049999999999954525, 'depth_imb_k_mean_10s': 0.0804907231926647, 'depth_imb_k_mean_60s': -0.4788526332156898, 'dist_vwap_bps': None, 'hl_range_pct': None, 'oc_change_pct': None, 'volume_rel_20': None, 'atr_pct': None, 'position_in_range': None, 'rsi': None, 'bb_position': None, 'ret_3': None, 'ret_10': None, 'session_bucket': 1.0}"
2026-04-08|PL|2026-04-08T11:18:00-04:00|short|5,2026-04-08,PL,2026-04-08T11:18:00-04:00,short,5,0.41954943537712097,True,shadow,entry_next_bar_open_time_exit_at_selected_hold,36.675,36.86,18.34,"{'pressure_k': 0.0, 'spread': 0.03999999999999915, 'depth_imb_k': -0.5000925299234008, 'micro_off': 0.0, 'spread_mean_10s': 0.04605263157890548, 'depth_imb_k_mean_10s': -0.4599555324981805, 'depth_imb_k_mean_60s': -0.12274814211326956, 'dist_vwap_bps': None, 'hl_range_pct': None, 'oc_change_pct': None, 'volume_rel_20': None, 'atr_pct': None, 'position_in_range': None, 'rsi': None, 'bb_position': None, 'ret_3': None, 'ret_10': None, 'session_bucket': 1.0}"
2026-04-08|PL|2026-04-08T11:19:00-04:00|long|8,2026-04-08,PL,2026-04-08T11:19:00-04:00,long,8,0.40967825055122375,True,shadow,entry_next_bar_open_time_exit_at_selected_hold,36.725,36.54,55.09,"{'pressure_k': 0.0, 'spread': 0.04999999999999716, 'depth_imb_k': -0.5074856921810373, 'micro_off': 0.0, 'spread_mean_10s': 0.04973684210521792, 'depth_imb_k_mean_10s': -0.46772011271647634, 'depth_imb_k_mean_60s': -0.49069226644374303, 'dist_vwap_bps': None, 'hl_range_pct': None, 'oc_change_pct': None, 'volume_rel_20': None, 'atr_pct': None, 'position_in_range': None, 'rsi': None, 'bb_position': None, 'ret_3': None, 'ret_10': None, 'session_bucket': 1.0}"
2026-04-08|PL|2026-04-08T11:20:00-04:00|long|8,2026-04-08,PL,2026-04-08T11:20:00-04:00,long,8,0.4570154547691345,True,shadow,entry_next_bar_open_time_exit_at_selected_hold,36.6201,36.44,54.93,"{'pressure_k': 0.0, 'spread': 0.05999999999999517, 'depth_imb_k': -0.3263719346438893, 'micro_off': -0.00999999999999801, 'spread_mean_10s': 0.0597826086955978, 'depth_imb_k_mean_10s': -0.3532112854747993, 'depth_imb_k_mean_60s': -0.40441559993732457, 'dist_vwap_bps': None, 'hl_range_pct': None, 'oc_change_pct': None, 'volume_rel_20': None, 'atr_pct': None, 'position_in_range': None, 'rsi': None, 'bb_position': None, 'ret_3': None, 'ret_10': None, 'session_bucket': 1.0}"
2026-04-08|PL|2026-04-08T11:21:00-04:00|short|5,2026-04-08,PL,2026-04-08T11:21:00-04:00,short,5,0.3872344195842743,True,shadow,entry_next_bar_open_time_exit_at_selected_hold,36.6501,36.83,18.33,"{'pressure_k': 0.0, 'spread': 0.060000000000002274, 'depth_imb_k': -0.42761677088999905, 'micro_off': -0.010000000000005116, 'spread_mean_10s': 0.05999999999994543, 'depth_imb_k_mean_10s': -0.42761733338365476, 'depth_imb_k_mean_60s': -0.36960918744336396, 'dist_vwap_bps': None, 'hl_range_pct': None, 'oc_change_pct': None, 'volume_rel_20': None, 'atr_pct': None, 'position_in_range': None, 'rsi': None, 'bb_position': None, 'ret_3': None, 'ret_10': None, 'session_bucket': 1.0}"
2026-04-08|PL|2026-04-08T11:22:00-04:00|short|5,2026-04-08,PL,2026-04-08T11:22:00-04:00,short,5,0.4794093072414398,True,shadow,entry_next_bar_open_time_exit_at_selected_hold,36.82,37.0,18.41,"{'pressure_k': 0.0, 'spread': 0.03999999999999915, 'depth_imb_k': -0.542188344088955, 'micro_off': 0.0, 'spread_mean_10s': 0.04439999999995962, 'depth_imb_k_mean_10s': -0.5272460249265533, 'depth_imb_k_mean_60s': -0.47600261655290677, 'dist_vwap_bps': None, 'hl_range_pct': None, 'oc_change_pct': None, 'volume_rel_20': None, 'atr_pct': None, 'position_in_range': None, 'rsi': None, 'bb_position': None, 'ret_3': None, 'ret_10': None, 'session_bucket': 1.0}"
2026-04-08|PL|2026-04-08T11:23:00-04:00|long|8,2026-04-08,PL,2026-04-08T11:23:00-04:00,long,8,0.42150819301605225,True,shadow,entry_next_bar_open_time_exit_at_selected_hold,36.96,36.78,55.44,"{'pressure_k': 0.0, 'spread': 0.03999999999999915, 'depth_imb_k': 0.02370611094978901, 'micro_off': 0.0, 'spread_mean_10s': 0.031052631578919125, 'depth_imb_k_mean_10s': -0.2984341024584027, 'depth_imb_k_mean_60s': -0.5265553773748255, 'dist_vwap_bps': None, 'hl_range_pct': None, 'oc_change_pct': None, 'volume_rel_20': None, 'atr_pct': None, 'position_in_range': None, 'rsi': None, 'bb_position': None, 'ret_3': None, 'ret_10': None, 'session_bucket': 1.0}"
2026-04-08|PL|2026-04-08T11:24:00-04:00|short|3,2026-04-08,PL,2026-04-08T11:24:00-04:00,short,3,0.3917161822319031,True,shadow,entry_next_bar_open_time_exit_at_selected_hold,36.9,37.08,18.45,"{'pressure_k': 0.0, 'spread': 0.030000000000001137, 'depth_imb_k': -0.2916048397407337, 'micro_off': 0.0, 'spread_mean_10s': 0.031578947368392334, 'depth_imb_k_mean_10s': -0.4609299953283665, 'depth_imb_k_mean_60s': -0.3666555814964034, 'dist_vwap_bps': None, 'hl_range_pct': None, 'oc_change_pct': None, 'volume_rel_20': None, 'atr_pct': None, 'position_in_range': None, 'rsi': None, 'bb_position': None, 'ret_3': None, 'ret_10': None, 'session_bucket': 1.0}"
2026-04-08|PL|2026-04-08T11:25:00-04:00|short|5,2026-04-08,PL,2026-04-08T11:25:00-04:00,short,5,0.4294790029525757,True,shadow,entry_next_bar_open_time_exit_at_selected_hold,36.77,36.95,18.39,"{'pressure_k': 0.0, 'spread': 0.02999999999999403, 'depth_imb_k': 0.22446095797401366, 'micro_off': 0.0, 'spread_mean_10s': 0.032631578947338744, 'depth_imb_k_mean_10s': 0.12044429272205698, 'depth_imb_k_mean_60s': 0.0560905533289824, 'dist_vwap_bps': None, 'hl_range_pct': None, 'oc_change_pct': None, 'volume_rel_20': None, 'atr_pct': None, 'position_in_range': None, 'rsi': None, 'bb_position': None, 'ret_3': None, 'ret_10': None, 'session_bucket': 1.0}"
2026-04-08|PL|2026-04-08T11:26:00-04:00|short|5,2026-04-08,PL,2026-04-08T11:26:00-04:00,short,5,0.4812079668045044,True,shadow,entry_next_bar_open_time_exit_at_selected_hold,36.84,37.02,18.42,"{'pressure_k': 0.0, 'spread': 0.04000000000000625, 'depth_imb_k': -0.4545715096057679, 'micro_off': -0.006666666666667709, 'spread_mean_10s': 0.04968749999995481, 'depth_imb_k_mean_10s': -0.42475455458767897, 'depth_imb_k_mean_60s': -0.01574870391858251, 'dist_vwap_bps': None, 'hl_range_pct': None, 'oc_change_pct': None, 'volume_rel_20': None, 'atr_pct': None, 'position_in_range': None, 'rsi': None, 'bb_position': None, 'ret_3': None, 'ret_10': None, 'session_bucket': 1.0}"
2026-04-08|PL|2026-04-08T11:27:00-04:00|long|12,2026-04-08,PL,2026-04-08T11:27:00-04:00,long,12,0.39242586493492126,True,shadow,entry_next_bar_open_time_exit_at_selected_hold,36.7101,36.53,55.07,"{'pressure_k': 0.0, 'spread': 0.060000000000002274, 'depth_imb_k': 0.4495707755000724, 'micro_off': 0.00999999999999801, 'spread_mean_10s': 0.053684210526266964, 'depth_imb_k_mean_10s': 0.33884383409634355, 'depth_imb_k_mean_60s': -0.02334105342828252, 'dist_vwap_bps': None, 'hl_range_pct': None, 'oc_change_pct': None, 'volume_rel_20': None, 'atr_pct': None, 'position_in_range': None, 'rsi': None, 'bb_position': None, 'ret_3': None, 'ret_10': None, 'session_bucket': 1.0}"
2026-04-08|PL|2026-04-08T11:28:00-04:00|short|12,2026-04-08,PL,2026-04-08T11:28:00-04:00,short,12,0.47337305545806885,True,shadow,entry_next_bar_open_time_exit_at_selected_hold,36.8301,37.01,18.42,"{'pressure_k': 0.0, 'spread': 0.060000000000002274, 'depth_imb_k': -0.1334234559944669, 'micro_off': 0.010000000000005116, 'spread_mean_10s': 0.059736842105208826, 'depth_imb_k_mean_10s': 0.04545078797813355, 'depth_imb_k_mean_60s': 0.280409944946312, 'dist_vwap_bps': None, 'hl_range_pct': None, 'oc_change_pct': None, 'volume_rel_20': None, 'atr_pct': None, 'position_in_range': None, 'rsi': None, 'bb_position': None, 'ret_3': None, 'ret_10': None, 'session_bucket': 1.0}"
2026-04-08|PL|2026-04-08T11:29:00-04:00|long|12,2026-04-08,PL,2026-04-08T11:29:00-04:00,long,12,0.40473127365112305,True,shadow,entry_next_bar_open_time_exit_at_selected_hold,36.79,36.61,55.19,"{'pressure_k': 0.0, 'spread': 0.04999999999999716, 'depth_imb_k': 0.2542889205512615, 'micro_off': 0.0, 'spread_mean_10s': 0.049999999999954525, 'depth_imb_k_mean_10s': 0.2060634761052681, 'depth_imb_k_mean_60s': 0.2874401654108333, 'dist_vwap_bps': None, 'hl_range_pct': None, 'oc_change_pct': None, 'volume_rel_20': None, 'atr_pct': None, 'position_in_range': None, 'rsi': None, 'bb_position': None, 'ret_3': None, 'ret_10': None, 'session_bucket': 1.0}"
2026-04-08|PL|2026-04-08T11:30:00-04:00|short|5,2026-04-08,PL,2026-04-08T11:30:00-04:00,short,5,0.4520012438297272,True,shadow,entry_next_bar_open_time_exit_at_selected_hold,36.69,36.87,18.34,"{'pressure_k': 0.0, 'spread': 0.04000000000000625, 'depth_imb_k': -0.2628472235706214, 'micro_off': -0.006666666666667709, 'spread_mean_10s': 0.07421052631572198, 'depth_imb_k_mean_10s': -0.26494939392384703, 'depth_imb_k_mean_60s': -0.05742086850311648, 'dist_vwap_bps': None, 'hl_range_pct': None, 'oc_change_pct': None, 'volume_rel_20': None, 'atr_pct': None, 'position_in_range': None, 'rsi': None, 'bb_position': None, 'ret_3': None, 'ret_10': None, 'session_bucket': 1.0}"
2026-04-08|PL|2026-04-08T11:31:00-04:00|short|3,2026-04-08,PL,2026-04-08T11:31:00-04:00,short,3,0.41065138578414917,True,shadow,entry_next_bar_open_time_exit_at_selected_hold,36.65,36.83,18.32,"{'pressure_k': 0.0, 'spread': 0.05000000000000426, 'depth_imb_k': 0.11734745214537265, 'micro_off': 0.0, 'spread_mean_10s': 0.053733333333284464, 'depth_imb_k_mean_10s': 0.2944028097725883, 'depth_imb_k_mean_60s': -0.051369303052194365, 'dist_vwap_bps': None, 'hl_range_pct': None, 'oc_change_pct': None, 'volume_rel_20': None, 'atr_pct': None, 'position_in_range': None, 'rsi': None, 'bb_position': None, 'ret_3': None, 'ret_10': None, 'session_bucket': 1.0}"
2026-04-08|PL|2026-04-08T11:32:00-04:00|long|12,2026-04-08,PL,2026-04-08T11:32:00-04:00,long,12,0.41467925906181335,True,shadow,entry_next_bar_open_time_exit_at_selected_hold,36.64,36.46,54.96,"{'pressure_k': 0.0, 'spread': 0.060000000000002274, 'depth_imb_k': 0.12214137987471917, 'micro_off': 0.0, 'spread_mean_10s': 0.05666666666661513, 'depth_imb_k_mean_10s': 0.2488964692717486, 'depth_imb_k_mean_60s': 0.4872672731417821, 'dist_vwap_bps': None, 'hl_range_pct': None, 'oc_change_pct': None, 'volume_rel_20': None, 'atr_pct': None, 'position_in_range': None, 'rsi': None, 'bb_position': None, 'ret_3': None, 'ret_10': None, 'session_bucket': 1.0}"
2026-04-08|PL|2026-04-08T11:33:00-04:00|long|8,2026-04-08,PL,2026-04-08T11:33:00-04:00,long,8,0.40193477272987366,True,shadow,entry_next_bar_open_time_exit_at_selected_hold,36.66,36.48,54.99,"{'pressure_k': 0.0, 'spread': 0.030000000000001137, 'depth_imb_k': -0.22623797542305932, 'micro_off': 0.0, 'spread_mean_10s': 0.03947368421049041, 'depth_imb_k_mean_10s': -0.21718886930558542, 'depth_imb_k_mean_60s': -0.18660772642413362, 'dist_vwap_bps': None, 'hl_range_pct': None, 'oc_change_pct': None, 'volume_rel_20': None, 'atr_pct': None, 'position_in_range': None, 'rsi': None, 'bb_position': None, 'ret_3': None, 'ret_10': None, 'session_bucket': 1.0}"
2026-04-08|PL|2026-04-08T11:34:00-04:00|short|12,2026-04-08,PL,2026-04-08T11:34:00-04:00,short,12,0.4359673261642456,True,shadow,entry_next_bar_open_time_exit_at_selected_hold,36.79,36.97,18.39,"{'pressure_k': 0.0, 'spread': 0.05999999999999517, 'depth_imb_k': -0.1775373409379119, 'micro_off': 7.105427357601002e-15, 'spread_mean_10s': 0.04399999999998423, 'depth_imb_k_mean_10s': -0.23741600056240106, 'depth_imb_k_mean_60s': -0.2188524878468877, 'dist_vwap_bps': None, 'hl_range_pct': None, 'oc_change_pct': None, 'volume_rel_20': None, 'atr_pct': None, 'position_in_range': None, 'rsi': None, 'bb_position': None, 'ret_3': None, 'ret_10': None, 'session_bucket': 1.0}"
2026-04-08|PL|2026-04-08T11:35:00-04:00|long|8,2026-04-08,PL,2026-04-08T11:35:00-04:00,long,8,0.4092119634151459,True,shadow,entry_next_bar_open_time_exit_at_selected_hold,36.67,36.49,55.01,"{'pressure_k': 0.0, 'spread': 0.04999999999999716, 'depth_imb_k': 0.11781984708981463, 'micro_off': 0.0, 'spread_mean_10s': 0.05526315789481822, 'depth_imb_k_mean_10s': 0.1281182915855712, 'depth_imb_k_mean_60s': -0.2497256108601136, 'dist_vwap_bps': None, 'hl_range_pct': None, 'oc_change_pct': None, 'volume_rel_20': None, 'atr_pct': None, 'position_in_range': None, 'rsi': None, 'bb_position': None, 'ret_3': None, 'ret_10': None, 'session_bucket': 1.0}"
2026-04-08|PL|2026-04-08T11:36:00-04:00|short|12,2026-04-08,PL,2026-04-08T11:36:00-04:00,short,12,0.4551510214805603,True,shadow,entry_next_bar_open_time_exit_at_selected_hold,36.825,37.01,18.41,"{'pressure_k': 0.0, 'spread': 0.04000000000000625, 'depth_imb_k': -0.6779067301434077, 'micro_off': 0.0, 'spread_mean_10s': 0.04526315789483928, 'depth_imb_k_mean_10s': -0.43574323588993474, 'depth_imb_k_mean_60s': -0.08015433825377977, 'dist_vwap_bps': None, 'hl_range_pct': None, 'oc_change_pct': None, 'volume_rel_20': None, 'atr_pct': None, 'position_in_range': None, 'rsi': None, 'bb_position': None, 'ret_3': None, 'ret_10': None, 'session_bucket': 1.0}"
2026-04-08|PL|2026-04-08T11:37:00-04:00|short|12,2026-04-08,PL,2026-04-08T11:37:00-04:00,short,12,0.43230998516082764,True,shadow,entry_next_bar_open_time_exit_at_selected_hold,36.86,37.04,18.43,"{'pressure_k': 0.0, 'spread': 0.03999999999999915, 'depth_imb_k': -0.13176134750845012, 'micro_off': 0.0, 'spread_mean_10s': 0.04631578947373782, 'depth_imb_k_mean_10s': -0.099739216797939, 'depth_imb_k_mean_60s': -0.46498016301039535, 'dist_vwap_bps': None, 'hl_range_pct': None, 'oc_change_pct': None, 'volume_rel_20': None, 'atr_pct': None, 'position_in_range': None, 'rsi': None, 'bb_position': None, 'ret_3': None, 'ret_10': None, 'session_bucket': 1.0}"
2026-04-08|PL|2026-04-08T11:38:00-04:00|short|5,2026-04-08,PL,2026-04-08T11:38:00-04:00,short,5,0.4428940415382385,True,shadow,entry_next_bar_open_time_exit_at_selected_hold,36.84,37.02,18.42,"{'pressure_k': 0.0, 'spread': 0.03999999999999915, 'depth_imb_k': -0.4763563990556246, 'micro_off': -0.006666666666667709, 'spread_mean_10s': 0.048533333333386205, 'depth_imb_k_mean_10s': -0.20517617004828936, 'depth_imb_k_mean_60s': -0.27800087785057304, 'dist_vwap_bps': None, 'hl_range_pct': None, 'oc_change_pct': None, 'volume_rel_20': None, 'atr_pct': None, 'position_in_range': None, 'rsi': None, 'bb_position': None, 'ret_3': None, 'ret_10': None, 'session_bucket': 1.0}"
2026-04-08|PL|2026-04-08T11:39:00-04:00|short|3,2026-04-08,PL,2026-04-08T11:39:00-04:00,short,3,0.40699610114097595,True,shadow,entry_next_bar_open_time_exit_at_selected_hold,36.875,37.06,18.44,"{'pressure_k': 0.0, 'spread': 0.030000000000001137, 'depth_imb_k': -0.6469623763757827, 'micro_off': 0.0, 'spread_mean_10s': 0.032105263158033075, 'depth_imb_k_mean_10s': -0.5558669406051482, 'depth_imb_k_mean_60s': -0.5115446651962509, 'dist_vwap_bps': None, 'hl_range_pct': None, 'oc_change_pct': None, 'volume_rel_20': None, 'atr_pct': None, 'position_in_range': None, 'rsi': None, 'bb_position': None, 'ret_3': None, 'ret_10': None, 'session_bucket': 1.0}"
2026-04-08|PL|2026-04-08T11:40:00-04:00|long|12,2026-04-08,PL,2026-04-08T11:40:00-04:00,long,12,0.4369722604751587,True,shadow,entry_next_bar_open_time_exit_at_selected_hold,36.83,36.65,55.24,"{'pressure_k': 0.0, 'spread': 0.03999999999999915, 'depth_imb_k': -0.5631196200210503, 'micro_off': -0.006666666666667709, 'spread_mean_10s': 0.04052631578944879, 'depth_imb_k_mean_10s': 0.026981055924747317, 'depth_imb_k_mean_60s': 0.15555674577097708, 'dist_vwap_bps': None, 'hl_range_pct': None, 'oc_change_pct': None, 'volume_rel_20': None, 'atr_pct': None, 'position_in_range': None, 'rsi': None, 'bb_position': None, 'ret_3': None, 'ret_10': None, 'session_bucket': 1.0}"
2026-04-08|PL|2026-04-08T11:41:00-04:00|long|12,2026-04-08,PL,2026-04-08T11:41:00-04:00,long,12,0.40724465250968933,True,shadow,entry_next_bar_open_time_exit_at_selected_hold,36.85,36.67,55.28,"{'pressure_k': 0.0, 'spread': 0.05000000000000426, 'depth_imb_k': -0.7075081367397732, 'micro_off': -0.024019607843136725, 'spread_mean_10s': 0.0500000000001819, 'depth_imb_k_mean_10s': -0.3723673953606378, 'depth_imb_k_mean_60s': -0.05551014566189176, 'dist_vwap_bps': None, 'hl_range_pct': None, 'oc_change_pct': None, 'volume_rel_20': None, 'atr_pct': None, 'position_in_range': None, 'rsi': None, 'bb_position': None, 'ret_3': None, 'ret_10': None, 'session_bucket': 1.0}"
2026-04-08|PL|2026-04-08T11:42:00-04:00|short|3,2026-04-08,PL,2026-04-08T11:42:00-04:00,short,3,0.3881204128265381,True,shadow,entry_next_bar_open_time_exit_at_selected_hold,36.96,37.14,18.48,"{'pressure_k': 0.0, 'spread': 0.030000000000001137, 'depth_imb_k': 0.22973002852278507, 'micro_off': 0.0, 'spread_mean_10s': 0.04210526315794021, 'depth_imb_k_mean_10s': -0.20286117669928372, 'depth_imb_k_mean_60s': -0.06297701275933944, 'dist_vwap_bps': None, 'hl_range_pct': None, 'oc_change_pct': None, 'volume_rel_20': None, 'atr_pct': None, 'position_in_range': None, 'rsi': None, 'bb_position': None, 'ret_3': None, 'ret_10': None, 'session_bucket': 1.0}"
2026-04-08|PL|2026-04-08T11:43:00-04:00|short|3,2026-04-08,PL,2026-04-08T11:43:00-04:00,short,3,0.36702796816825867,True,shadow,entry_next_bar_open_time_exit_at_selected_hold,36.9,37.08,18.45,"{'pressure_k': 0.0, 'spread': 0.03999999999999915, 'depth_imb_k': 0.3345477170336054, 'micro_off': -7.105427357601002e-15, 'spread_mean_10s': 0.042894736842120106, 'depth_imb_k_mean_10s': 0.351037833506014, 'depth_imb_k_mean_60s': 0.13584202321804914, 'dist_vwap_bps': None, 'hl_range_pct': None, 'oc_change_pct': None, 'volume_rel_20': None, 'atr_pct': None, 'position_in_range': None, 'rsi': None, 'bb_position': None, 'ret_3': None, 'ret_10': None, 'session_bucket': 1.0}"
2026-04-08|PL|2026-04-08T11:44:00-04:00|long|8,2026-04-08,PL,2026-04-08T11:44:00-04:00,long,8,0.43256381154060364,True,shadow,entry_next_bar_open_time_exit_at_selected_hold,36.87,36.69,55.3,"{'pressure_k': 0.0, 'spread': 0.02999999999999403, 'depth_imb_k': -0.18344399704896758, 'micro_off': -7.105427357601002e-15, 'spread_mean_10s': 0.036578947368537375, 'depth_imb_k_mean_10s': 0.30326126241353496, 'depth_imb_k_mean_60s': 0.4210192758086584, 'dist_vwap_bps': None, 'hl_range_pct': None, 'oc_change_pct': None, 'volume_rel_20': None, 'atr_pct': None, 'position_in_range': None, 'rsi': None, 'bb_position': None, 'ret_3': None, 'ret_10': None, 'session_bucket': 1.0}"
2026-04-08|PL|2026-04-08T11:45:00-04:00|short|12,2026-04-08,PL,2026-04-08T11:45:00-04:00,short,12,0.391175776720047,True,shadow,entry_next_bar_open_time_exit_at_selected_hold,36.905,37.09,18.45,"{'pressure_k': 0.0, 'spread': 0.04999999999999716, 'depth_imb_k': -0.24384081154167697, 'micro_off': -0.00833333333333286, 'spread_mean_10s': 0.0500000000001819, 'depth_imb_k_mean_10s': -0.23177640953838963, 'depth_imb_k_mean_60s': -0.22949740404936148, 'dist_vwap_bps': None, 'hl_range_pct': None, 'oc_change_pct': None, 'volume_rel_20': None, 'atr_pct': None, 'position_in_range': None, 'rsi': None, 'bb_position': None, 'ret_3': None, 'ret_10': None, 'session_bucket': 1.0}"
2026-04-08|PL|2026-04-08T11:46:00-04:00|short|8,2026-04-08,PL,2026-04-08T11:46:00-04:00,short,8,0.4481511116027832,True,shadow,entry_next_bar_open_time_exit_at_selected_hold,36.915,37.1,18.46,"{'pressure_k': 0.0, 'spread': 0.030000000000001137, 'depth_imb_k': -0.22319743169323614, 'micro_off': -0.005000000000002558, 'spread_mean_10s': 0.036315789473722986, 'depth_imb_k_mean_10s': -0.21677311410627753, 'depth_imb_k_mean_60s': -0.12307706694681884, 'dist_vwap_bps': None, 'hl_range_pct': None, 'oc_change_pct': None, 'volume_rel_20': None, 'atr_pct': None, 'position_in_range': None, 'rsi': None, 'bb_position': None, 'ret_3': None, 'ret_10': None, 'session_bucket': 1.0}"
2026-04-08|PL|2026-04-08T11:47:00-04:00|short|12,2026-04-08,PL,2026-04-08T11:47:00-04:00,short,12,0.41303592920303345,True,shadow,entry_next_bar_open_time_exit_at_selected_hold,36.9433,37.13,18.47,"{'pressure_k': 0.0, 'spread': 0.03999999999999915, 'depth_imb_k': -0.1495898728783467, 'micro_off': 0.0, 'spread_mean_10s': 0.03999999999996362, 'depth_imb_k_mean_10s': -0.10300025503495722, 'depth_imb_k_mean_60s': -0.1859984012970094, 'dist_vwap_bps': None, 'hl_range_pct': None, 'oc_change_pct': None, 'volume_rel_20': None, 'atr_pct': None, 'position_in_range': None, 'rsi': None, 'bb_position': None, 'ret_3': None, 'ret_10': None, 'session_bucket': 1.0}"
2026-04-08|PL|2026-04-08T11:48:00-04:00|short|8,2026-04-08,PL,2026-04-08T11:48:00-04:00,short,8,0.4328251779079437,True,shadow,entry_next_bar_open_time_exit_at_selected_hold,36.93,37.11,18.46,"{'pressure_k': 0.0, 'spread': 0.030000000000001137, 'depth_imb_k': -0.18418504660627544, 'micro_off': 0.0, 'spread_mean_10s': 0.040256410256461095, 'depth_imb_k_mean_10s': -0.237300851502007, 'depth_imb_k_mean_60s': -0.32668436851552196, 'dist_vwap_bps': None, 'hl_range_pct': None, 'oc_change_pct': None, 'volume_rel_20': None, 'atr_pct': None, 'position_in_range': None, 'rsi': None, 'bb_position': None, 'ret_3': None, 'ret_10': None, 'session_bucket': 1.0}"
2026-04-08|PL|2026-04-08T11:49:00-04:00|short|12,2026-04-08,PL,2026-04-08T11:49:00-04:00,short,12,0.43118590116500854,True,shadow,entry_next_bar_open_time_exit_at_selected_hold,37.0,37.19,18.5,"{'pressure_k': 0.0, 'spread': 0.00999999999999801, 'depth_imb_k': 0.10670819703675197, 'micro_off': -7.105427357601002e-15, 'spread_mean_10s': 0.039736842105388574, 'depth_imb_k_mean_10s': 0.09336802724943769, 'depth_imb_k_mean_60s': -0.15435509025268926, 'dist_vwap_bps': None, 'hl_range_pct': None, 'oc_change_pct': None, 'volume_rel_20': None, 'atr_pct': None, 'position_in_range': None, 'rsi': None, 'bb_position': None, 'ret_3': None, 'ret_10': None, 'session_bucket': 1.0}"
2026-04-08|PL|2026-04-08T11:50:00-04:00|short|8,2026-04-08,PL,2026-04-08T11:50:00-04:00,short,8,0.4471892714500427,True,shadow,entry_next_bar_open_time_exit_at_selected_hold,36.85,37.03,18.43,"{'pressure_k': 0.0, 'spread': 0.04999999999999716, 'depth_imb_k': 0.6813694164614313, 'micro_off': -0.00833333333333286, 'spread_mean_10s': 0.04684210526331873, 'depth_imb_k_mean_10s': 0.35431637756892087, 'depth_imb_k_mean_60s': 0.4260393029647419, 'dist_vwap_bps': None, 'hl_range_pct': None, 'oc_change_pct': None, 'volume_rel_20': None, 'atr_pct': None, 'position_in_range': None, 'rsi': None, 'bb_position': None, 'ret_3': None, 'ret_10': None, 'session_bucket': 1.0}"
2026-04-08|PL|2026-04-08T11:51:00-04:00|long|8,2026-04-08,PL,2026-04-08T11:51:00-04:00,long,8,0.43658486008644104,True,shadow,entry_next_bar_open_time_exit_at_selected_hold,36.91,36.73,55.36,"{'pressure_k': 0.0, 'spread': 0.03999999999999915, 'depth_imb_k': -0.3175627824887561, 'micro_off': -0.01846153846154408, 'spread_mean_10s': 0.04090909090907437, 'depth_imb_k_mean_10s': -0.2958746322870783, 'depth_imb_k_mean_60s': 0.25981877813660387, 'dist_vwap_bps': None, 'hl_range_pct': None, 'oc_change_pct': None, 'volume_rel_20': None, 'atr_pct': None, 'position_in_range': None, 'rsi': None, 'bb_position': None, 'ret_3': None, 'ret_10': None, 'session_bucket': 1.0}"
2026-04-08|PL|2026-04-08T11:52:00-04:00|short|8,2026-04-08,PL,2026-04-08T11:52:00-04:00,short,8,0.47441259026527405,True,shadow,entry_next_bar_open_time_exit_at_selected_hold,37.06,37.25,18.53,"{'pressure_k': 0.0, 'spread': 0.03999999999999915, 'depth_imb_k': 0.4844183197948583, 'micro_off': -7.105427357601002e-15, 'spread_mean_10s': 0.03280000000007931, 'depth_imb_k_mean_10s': 0.4845747768233559, 'depth_imb_k_mean_60s': 0.31376335235608727, 'dist_vwap_bps': None, 'hl_range_pct': None, 'oc_change_pct': None, 'volume_rel_20': None, 'atr_pct': None, 'position_in_range': None, 'rsi': None, 'bb_position': None, 'ret_3': None, 'ret_10': None, 'session_bucket': 1.0}"
2026-04-08|PL|2026-04-08T11:53:00-04:00|long|8,2026-04-08,PL,2026-04-08T11:53:00-04:00,long,8,0.43509405851364136,True,shadow,entry_next_bar_open_time_exit_at_selected_hold,37.045,36.86,55.57,"{'pressure_k': 0.0, 'spread': 0.030000000000001137, 'depth_imb_k': -0.1750126432906271, 'micro_off': 0.0049999999999954525, 'spread_mean_10s': 0.03421052631589, 'depth_imb_k_mean_10s': -0.07377897834159117, 'depth_imb_k_mean_60s': 0.09496298382107016, 'dist_vwap_bps': None, 'hl_range_pct': None, 'oc_change_pct': None, 'volume_rel_20': None, 'atr_pct': None, 'position_in_range': None, 'rsi': None, 'bb_position': None, 'ret_3': None, 'ret_10': None, 'session_bucket': 1.0}"
2026-04-08|PL|2026-04-08T11:54:00-04:00|long|8,2026-04-08,PL,2026-04-08T11:54:00-04:00,long,8,0.42302799224853516,True,shadow,entry_next_bar_open_time_exit_at_selected_hold,37.019,36.83,55.53,"{'pressure_k': 0.0, 'spread': 0.030000000000001137, 'depth_imb_k': 0.1458865304135919, 'micro_off': 0.0, 'spread_mean_10s': 0.03105263157909863, 'depth_imb_k_mean_10s': -0.18697830963785572, 'depth_imb_k_mean_60s': -0.20658540620386712, 'dist_vwap_bps': None, 'hl_range_pct': None, 'oc_change_pct': None, 'volume_rel_20': None, 'atr_pct': None, 'position_in_range': None, 'rsi': None, 'bb_position': None, 'ret_3': None, 'ret_10': None, 'session_bucket': 1.0}"
2026-04-08|PL|2026-04-08T11:55:00-04:00|short|8,2026-04-08,PL,2026-04-08T11:55:00-04:00,short,8,0.47652122378349304,True,shadow,entry_next_bar_open_time_exit_at_selected_hold,37.0899,37.28,18.54,"{'pressure_k': 0.0, 'spread': 0.04000000000000625, 'depth_imb_k': -0.27576216216216226, 'micro_off': 0.0, 'spread_mean_10s': 0.037368421052621524, 'depth_imb_k_mean_10s': -0.1694062912784279, 'depth_imb_k_mean_60s': -0.028293035462810253, 'dist_vwap_bps': None, 'hl_range_pct': None, 'oc_change_pct': None, 'volume_rel_20': None, 'atr_pct': None, 'position_in_range': None, 'rsi': None, 'bb_position': None, 'ret_3': None, 'ret_10': None, 'session_bucket': 1.0}"
2026-04-08|PL|2026-04-08T11:56:00-04:00|short|8,2026-04-08,PL,2026-04-08T11:56:00-04:00,short,8,0.4056152403354645,True,shadow,entry_next_bar_open_time_exit_at_selected_hold,37.05,37.24,18.52,"{'pressure_k': 0.0, 'spread': 0.03999999999999915, 'depth_imb_k': -0.12248888352043243, 'micro_off': -0.006666666666667709, 'spread_mean_10s': 0.03973684210524497, 'depth_imb_k_mean_10s': -0.1457532333825288, 'depth_imb_k_mean_60s': -0.23557263559560182, 'dist_vwap_bps': None, 'hl_range_pct': None, 'oc_change_pct': None, 'volume_rel_20': None, 'atr_pct': None, 'position_in_range': None, 'rsi': None, 'bb_position': None, 'ret_3': None, 'ret_10': None, 'session_bucket': 1.0}"
2026-04-08|PL|2026-04-08T11:57:00-04:00|short|8,2026-04-08,PL,2026-04-08T11:57:00-04:00,short,8,0.42325344681739807,True,shadow,entry_next_bar_open_time_exit_at_selected_hold,37.0898,37.28,18.54,"{'pressure_k': 0.0, 'spread': 0.030000000000001137, 'depth_imb_k': -0.28184634329930164, 'micro_off': 0.0, 'spread_mean_10s': 0.03315789473696752, 'depth_imb_k_mean_10s': -0.26830295234343504, 'depth_imb_k_mean_60s': -0.1437746157626678, 'dist_vwap_bps': None, 'hl_range_pct': None, 'oc_change_pct': None, 'volume_rel_20': None, 'atr_pct': None, 'position_in_range': None, 'rsi': None, 'bb_position': None, 'ret_3': None, 'ret_10': None, 'session_bucket': 1.0}"
2026-04-08|PL|2026-04-08T11:58:00-04:00|long|8,2026-04-08,PL,2026-04-08T11:58:00-04:00,long,8,0.37724819779396057,True,shadow,entry_next_bar_open_time_exit_at_selected_hold,37.05,36.86,55.57,"{'pressure_k': 0.0, 'spread': 0.04000000000000625, 'depth_imb_k': -0.2514541827272041, 'micro_off': 0.0, 'spread_mean_10s': 0.03526315789481247, 'depth_imb_k_mean_10s': -0.16139289415028352, 'depth_imb_k_mean_60s': -0.1676682821348755, 'dist_vwap_bps': None, 'hl_range_pct': None, 'oc_change_pct': None, 'volume_rel_20': None, 'atr_pct': None, 'position_in_range': None, 'rsi': None, 'bb_position': None, 'ret_3': None, 'ret_10': None, 'session_bucket': 1.0}"
2026-04-08|PL|2026-04-08T11:59:00-04:00|short|12,2026-04-08,PL,2026-04-08T11:59:00-04:00,short,12,0.3837147057056427,True,shadow,entry_next_bar_open_time_exit_at_selected_hold,37.055,37.24,18.53,"{'pressure_k': 0.0, 'spread': 0.030000000000001137, 'depth_imb_k': -0.34254854056834255, 'micro_off': -0.005000000000002558, 'spread_mean_10s': 0.031842105263218685, 'depth_imb_k_mean_10s': -0.04923999395039477, 'depth_imb_k_mean_60s': -0.17950803535925836, 'dist_vwap_bps': None, 'hl_range_pct': None, 'oc_change_pct': None, 'volume_rel_20': None, 'atr_pct': None, 'position_in_range': None, 'rsi': None, 'bb_position': None, 'ret_3': None, 'ret_10': None, 'session_bucket': 1.0}"
2026-04-08|PL|2026-04-08T12:00:00-04:00|long|8,2026-04-08,PL,2026-04-08T12:00:00-04:00,long,8,0.4006974697113037,True,shadow,entry_next_bar_open_time_exit_at_selected_hold,37.04,36.85,55.56,"{'pressure_k': 0.0, 'spread': 0.030000000000001137, 'depth_imb_k': 0.1616186314733192, 'micro_off': 0.012499999999995737, 'spread_mean_10s': 0.03000000000020009, 'depth_imb_k_mean_10s': 0.14370956705487228, 'depth_imb_k_mean_60s': 0.04984927936997706, 'dist_vwap_bps': None, 'hl_range_pct': None, 'oc_change_pct': None, 'volume_rel_20': None, 'atr_pct': None, 'position_in_range': None, 'rsi': None, 'bb_position': None, 'ret_3': None, 'ret_10': None, 'session_bucket': 1.0}"
2026-04-08|PL|2026-04-08T12:01:00-04:00|short|12,2026-04-08,PL,2026-04-08T12:01:00-04:00,short,12,0.38048839569091797,True,shadow,entry_next_bar_open_time_exit_at_selected_hold,37.04,37.23,18.52,"{'pressure_k': 0.0, 'spread': 0.02999999999999403, 'depth_imb_k': -0.44931970469109817, 'micro_off': 0.0, 'spread_mean_10s': 0.03842105263159187, 'depth_imb_k_mean_10s': -0.4985455135563131, 'depth_imb_k_mean_60s': -0.14351205459308508, 'dist_vwap_bps': None, 'hl_range_pct': None, 'oc_change_pct': None, 'volume_rel_20': None, 'atr_pct': None, 'position_in_range': None, 'rsi': None, 'bb_position': None, 'ret_3': None, 'ret_10': None, 'session_bucket': 1.0}"
2026-04-08|PL|2026-04-08T12:02:00-04:00|short|3,2026-04-08,PL,2026-04-08T12:02:00-04:00,short,3,0.3935999274253845,True,shadow,entry_next_bar_open_time_exit_at_selected_hold,36.93,37.11,18.46,"{'pressure_k': 0.0, 'spread': 0.030000000000001137, 'depth_imb_k': -0.15552597149218444, 'micro_off': -0.00999999999999801, 'spread_mean_10s': 0.03184210526331442, 'depth_imb_k_mean_10s': -0.05402556224691436, 'depth_imb_k_mean_60s': -0.15545505457448838, 'dist_vwap_bps': None, 'hl_range_pct': None, 'oc_change_pct': None, 'volume_rel_20': None, 'atr_pct': None, 'position_in_range': None, 'rsi': None, 'bb_position': None, 'ret_3': None, 'ret_10': None, 'session_bucket': 1.0}"
2026-04-08|PL|2026-04-08T12:03:00-04:00|short|3,2026-04-08,PL,2026-04-08T12:03:00-04:00,short,3,0.42186883091926575,True,shadow,entry_next_bar_open_time_exit_at_selected_hold,36.99,37.17,18.5,"{'pressure_k': 0.0, 'spread': 0.03999999999999915, 'depth_imb_k': -0.5346357161910608, 'micro_off': -0.006666666666660603, 'spread_mean_10s': 0.041052631578922, 'depth_imb_k_mean_10s': -0.5565959437965136, 'depth_imb_k_mean_60s': -0.27693720105163555, 'dist_vwap_bps': None, 'hl_range_pct': None, 'oc_change_pct': None, 'volume_rel_20': None, 'atr_pct': None, 'position_in_range': None, 'rsi': None, 'bb_position': None, 'ret_3': None, 'ret_10': None, 'session_bucket': 1.0}"
2026-04-08|PL|2026-04-08T12:04:00-04:00|short|12,2026-04-08,PL,2026-04-08T12:04:00-04:00,short,12,0.4202058017253876,True,shadow,entry_next_bar_open_time_exit_at_selected_hold,36.9,37.08,18.45,"{'pressure_k': 0.0, 'spread': 0.03999999999999915, 'depth_imb_k': 0.06945093135260824, 'micro_off': -7.105427357601002e-15, 'spread_mean_10s': 0.039210526315879464, 'depth_imb_k_mean_10s': 0.11295010039796245, 'depth_imb_k_mean_60s': 0.10960951877524747, 'dist_vwap_bps': None, 'hl_range_pct': None, 'oc_change_pct': None, 'volume_rel_20': None, 'atr_pct': None, 'position_in_range': None, 'rsi': None, 'bb_position': None, 'ret_3': None, 'ret_10': None, 'session_bucket': 1.0}"
2026-04-08|PL|2026-04-08T12:05:00-04:00|short|12,2026-04-08,PL,2026-04-08T12:05:00-04:00,short,12,0.4017326235771179,True,shadow,entry_next_bar_open_time_exit_at_selected_hold,36.98,37.16,18.49,"{'pressure_k': 0.0, 'spread': 0.030000000000001137, 'depth_imb_k': 0.018448281284397898, 'micro_off': 0.0, 'spread_mean_10s': 0.036744186046541664, 'depth_imb_k_mean_10s': -0.12957045003757992, 'depth_imb_k_mean_60s': -0.14366512958187444, 'dist_vwap_bps': None, 'hl_range_pct': None, 'oc_change_pct': None, 'volume_rel_20': None, 'atr_pct': None, 'position_in_range': None, 'rsi': None, 'bb_position': None, 'ret_3': None, 'ret_10': None, 'session_bucket': 1.0}"
2026-04-08|PL|2026-04-08T12:06:00-04:00|short|12,2026-04-08,PL,2026-04-08T12:06:00-04:00,short,12,0.5027550458908081,True,shadow,entry_next_bar_open_time_exit_at_selected_hold,37.1092,37.29,18.55,"{'pressure_k': 0.0, 'spread': 0.030000000000001137, 'depth_imb_k': -0.5409055792848073, 'micro_off': 0.007500000000000284, 'spread_mean_10s': 0.04236842105267083, 'depth_imb_k_mean_10s': -0.5356104687141636, 'depth_imb_k_mean_60s': -0.11810090412390363, 'dist_vwap_bps': None, 'hl_range_pct': None, 'oc_change_pct': None, 'volume_rel_20': None, 'atr_pct': None, 'position_in_range': None, 'rsi': None, 'bb_position': None, 'ret_3': None, 'ret_10': None, 'session_bucket': 1.0}"
2026-04-08|PL|2026-04-08T12:07:00-04:00|short|12,2026-04-08,PL,2026-04-08T12:07:00-04:00,short,12,0.4297671616077423,True,shadow,entry_next_bar_open_time_exit_at_selected_hold,37.01,37.2,18.5,"{'pressure_k': 0.0, 'spread': 0.04999999999999716, 'depth_imb_k': -0.46613474200590876, 'micro_off': 0.00833333333333286, 'spread_mean_10s': 0.04921052631595414, 'depth_imb_k_mean_10s': -0.42804447359046544, 'depth_imb_k_mean_60s': -0.4915079102969132, 'dist_vwap_bps': None, 'hl_range_pct': None, 'oc_change_pct': None, 'volume_rel_20': None, 'atr_pct': None, 'position_in_range': None, 'rsi': None, 'bb_position': None, 'ret_3': None, 'ret_10': None, 'session_bucket': 1.0}"
2026-04-08|PL|2026-04-08T12:08:00-04:00|short|12,2026-04-08,PL,2026-04-08T12:08:00-04:00,short,12,0.40570342540740967,True,shadow,entry_next_bar_open_time_exit_at_selected_hold,36.995,37.18,18.5,"{'pressure_k': 0.0, 'spread': 0.04000000000000625, 'depth_imb_k': 0.2752491991479259, 'micro_off': 0.006666666666667709, 'spread_mean_10s': 0.04323943661980388, 'depth_imb_k_mean_10s': 0.15250405943323797, 'depth_imb_k_mean_60s': 0.1848918989205238, 'dist_vwap_bps': None, 'hl_range_pct': None, 'oc_change_pct': None, 'volume_rel_20': None, 'atr_pct': None, 'position_in_range': None, 'rsi': None, 'bb_position': None, 'ret_3': None, 'ret_10': None, 'session_bucket': 1.0}"
2026-04-08|PL|2026-04-08T12:09:00-04:00|short|3,2026-04-08,PL,2026-04-08T12:09:00-04:00,short,3,0.40593814849853516,True,shadow,entry_next_bar_open_time_exit_at_selected_hold,37.0,37.19,18.5,"{'pressure_k': 0.0, 'spread': 0.04000000000000625, 'depth_imb_k': 0.35672839877337503, 'micro_off': 0.006666666666667709, 'spread_mean_10s': 0.031052631579122567, 'depth_imb_k_mean_10s': 0.3984044553169856, 'depth_imb_k_mean_60s': 0.013006874535057219, 'dist_vwap_bps': None, 'hl_range_pct': None, 'oc_change_pct': None, 'volume_rel_20': None, 'atr_pct': None, 'position_in_range': None, 'rsi': None, 'bb_position': None, 'ret_3': None, 'ret_10': None, 'session_bucket': 1.0}"
2026-04-08|PL|2026-04-08T12:10:00-04:00|short|12,2026-04-08,PL,2026-04-08T12:10:00-04:00,short,12,0.4228796064853668,True,shadow,entry_next_bar_open_time_exit_at_selected_hold,36.94,37.12,18.47,"{'pressure_k': 0.0, 'spread': 0.05999999999999517, 'depth_imb_k': 0.17938773877018352, 'micro_off': 0.0, 'spread_mean_10s': 0.05413333333329622, 'depth_imb_k_mean_10s': 0.180607743473538, 'depth_imb_k_mean_60s': 0.203821299559444, 'dist_vwap_bps': None, 'hl_range_pct': None, 'oc_change_pct': None, 'volume_rel_20': None, 'atr_pct': None, 'position_in_range': None, 'rsi': None, 'bb_position': None, 'ret_3': None, 'ret_10': None, 'session_bucket': 1.0}"
2026-04-08|PL|2026-04-08T12:11:00-04:00|short|5,2026-04-08,PL,2026-04-08T12:11:00-04:00,short,5,0.41095253825187683,True,shadow,entry_next_bar_open_time_exit_at_selected_hold,36.9799,37.16,18.49,"{'pressure_k': 0.0, 'spread': 0.03999999999999915, 'depth_imb_k': -0.5032925974935782, 'micro_off': 0.010000000000005116, 'spread_mean_10s': 0.03394736842115938, 'depth_imb_k_mean_10s': -0.4741427381739676, 'depth_imb_k_mean_60s': -0.04592889216511038, 'dist_vwap_bps': None, 'hl_range_pct': None, 'oc_change_pct': None, 'volume_rel_20': None, 'atr_pct': None, 'position_in_range': None, 'rsi': None, 'bb_position': None, 'ret_3': None, 'ret_10': None, 'session_bucket': 1.0}"
2026-04-08|PL|2026-04-08T12:12:00-04:00|short|8,2026-04-08,PL,2026-04-08T12:12:00-04:00,short,8,0.3730630576610565,True,shadow,entry_next_bar_open_time_exit_at_selected_hold,36.93,37.11,18.46,"{'pressure_k': 0.0, 'spread': 0.04000000000000625, 'depth_imb_k': -0.11467703702961274, 'micro_off': 0.0, 'spread_mean_10s': 0.03973684210528087, 'depth_imb_k_mean_10s': -0.1109203707740945, 'depth_imb_k_mean_60s': -0.32157596483280954, 'dist_vwap_bps': None, 'hl_range_pct': None, 'oc_change_pct': None, 'volume_rel_20': None, 'atr_pct': None, 'position_in_range': None, 'rsi': None, 'bb_position': None, 'ret_3': None, 'ret_10': None, 'session_bucket': 1.0}"
2026-04-08|PL|2026-04-08T12:13:00-04:00|short|3,2026-04-08,PL,2026-04-08T12:13:00-04:00,short,3,0.4712200164794922,True,shadow,entry_next_bar_open_time_exit_at_selected_hold,36.97,37.15,18.48,"{'pressure_k': 0.0, 'spread': 0.03999999999999915, 'depth_imb_k': -0.5875755224564037, 'micro_off': 0.006666666666667709, 'spread_mean_10s': 0.035000000000081855, 'depth_imb_k_mean_10s': -0.3308794416718205, 'depth_imb_k_mean_60s': -0.24429911752961658, 'dist_vwap_bps': None, 'hl_range_pct': None, 'oc_change_pct': None, 'volume_rel_20': None, 'atr_pct': None, 'position_in_range': None, 'rsi': None, 'bb_position': None, 'ret_3': None, 'ret_10': None, 'session_bucket': 1.0}"
2026-04-08|PL|2026-04-08T12:14:00-04:00|short|3,2026-04-08,PL,2026-04-08T12:14:00-04:00,short,3,0.39600929617881775,True,shadow,entry_next_bar_open_time_exit_at_selected_hold,36.89,37.07,18.45,"{'pressure_k': 0.0, 'spread': 0.03999999999999915, 'depth_imb_k': 0.48378725166761766, 'micro_off': 0.00999999999999801, 'spread_mean_10s': 0.040000000000035424, 'depth_imb_k_mean_10s': 0.18229020119285547, 'depth_imb_k_mean_60s': -0.21450586928489476, 'dist_vwap_bps': None, 'hl_range_pct': None, 'oc_change_pct': None, 'volume_rel_20': None, 'atr_pct': None, 'position_in_range': None, 'rsi': None, 'bb_position': None, 'ret_3': None, 'ret_10': None, 'session_bucket': 1.0}"
2026-04-08|PL|2026-04-08T12:15:00-04:00|short|3,2026-04-08,PL,2026-04-08T12:15:00-04:00,short,3,0.42209532856941223,True,shadow,entry_next_bar_open_time_exit_at_selected_hold,36.93,37.11,18.46,"{'pressure_k': 0.0, 'spread': 0.03999999999999915, 'depth_imb_k': 0.3886461850898529, 'micro_off': 0.013333333333335418, 'spread_mean_10s': 0.038142857142884165, 'depth_imb_k_mean_10s': 0.3974495136850952, 'depth_imb_k_mean_60s': 0.09566788115066996, 'dist_vwap_bps': None, 'hl_range_pct': None, 'oc_change_pct': None, 'volume_rel_20': None, 'atr_pct': None, 'position_in_range': None, 'rsi': None, 'bb_position': None, 'ret_3': None, 'ret_10': None, 'session_bucket': 1.0}"
2026-04-08|PL|2026-04-08T12:16:00-04:00|short|12,2026-04-08,PL,2026-04-08T12:16:00-04:00,short,12,0.44477349519729614,True,shadow,entry_next_bar_open_time_exit_at_selected_hold,37.0301,37.22,18.52,"{'pressure_k': 0.0, 'spread': 0.060000000000002274, 'depth_imb_k': 0.08715190805952557, 'micro_off': 0.0, 'spread_mean_10s': 0.05256410256417719, 'depth_imb_k_mean_10s': -0.37557203524844834, 'depth_imb_k_mean_60s': 0.11574914836575823, 'dist_vwap_bps': None, 'hl_range_pct': None, 'oc_change_pct': None, 'volume_rel_20': None, 'atr_pct': None, 'position_in_range': None, 'rsi': None, 'bb_position': None, 'ret_3': None, 'ret_10': None, 'session_bucket': 1.0}"
2026-04-08|PL|2026-04-08T12:17:00-04:00|short|12,2026-04-08,PL,2026-04-08T12:17:00-04:00,short,12,0.41657915711402893,True,shadow,entry_next_bar_open_time_exit_at_selected_hold,37.01,37.2,18.5,"{'pressure_k': 0.0, 'spread': 0.04999999999999716, 'depth_imb_k': 0.11247279087031468, 'micro_off': 0.00833333333333286, 'spread_mean_10s': 0.04131578947371245, 'depth_imb_k_mean_10s': 0.04301322059912213, 'depth_imb_k_mean_60s': -0.08100826285118456, 'dist_vwap_bps': None, 'hl_range_pct': None, 'oc_change_pct': None, 'volume_rel_20': None, 'atr_pct': None, 'position_in_range': None, 'rsi': None, 'bb_position': None, 'ret_3': None, 'ret_10': None, 'session_bucket': 1.0}"
2026-04-08|PL|2026-04-08T12:18:00-04:00|short|12,2026-04-08,PL,2026-04-08T12:18:00-04:00,short,12,0.4559430480003357,True,shadow,entry_next_bar_open_time_exit_at_selected_hold,37.0,37.19,18.5,"{'pressure_k': 0.0, 'spread': 0.04999999999999716, 'depth_imb_k': -0.5197211379561568, 'micro_off': 0.0, 'spread_mean_10s': 0.042105263157928244, 'depth_imb_k_mean_10s': -0.21434929356194898, 'depth_imb_k_mean_60s': -0.02031147462606383, 'dist_vwap_bps': None, 'hl_range_pct': None, 'oc_change_pct': None, 'volume_rel_20': None, 'atr_pct': None, 'position_in_range': None, 'rsi': None, 'bb_position': None, 'ret_3': None, 'ret_10': None, 'session_bucket': 1.0}"
2026-04-08|PL|2026-04-08T12:19:00-04:00|short|8,2026-04-08,PL,2026-04-08T12:19:00-04:00,short,8,0.48255300521850586,True,shadow,entry_next_bar_open_time_exit_at_selected_hold,37.08,37.27,18.54,"{'pressure_k': 0.0, 'spread': 0.04999999999999716, 'depth_imb_k': -0.027214343559899806, 'micro_off': 0.0, 'spread_mean_10s': 0.04894736842121156, 'depth_imb_k_mean_10s': -0.05696164790680613, 'depth_imb_k_mean_60s': -0.26329835323069783, 'dist_vwap_bps': None, 'hl_range_pct': None, 'oc_change_pct': None, 'volume_rel_20': None, 'atr_pct': None, 'position_in_range': None, 'rsi': None, 'bb_position': None, 'ret_3': None, 'ret_10': None, 'session_bucket': 1.0}"
2026-04-08|PL|2026-04-08T12:20:00-04:00|short|3,2026-04-08,PL,2026-04-08T12:20:00-04:00,short,3,0.4425179362297058,True,shadow,entry_next_bar_open_time_exit_at_selected_hold,36.97,37.15,18.48,"{'pressure_k': 0.0, 'spread': 0.03999999999999915, 'depth_imb_k': -0.004490709763755212, 'micro_off': 0.006666666666660603, 'spread_mean_10s': 0.040000000000071326, 'depth_imb_k_mean_10s': 0.05477404402342089, 'depth_imb_k_mean_60s': -0.015716389052131026, 'dist_vwap_bps': None, 'hl_range_pct': None, 'oc_change_pct': None, 'volume_rel_20': None, 'atr_pct': None, 'position_in_range': None, 'rsi': None, 'bb_position': None, 'ret_3': None, 'ret_10': None, 'session_bucket': 1.0}"
2026-04-08|PL|2026-04-08T12:21:00-04:00|long|8,2026-04-08,PL,2026-04-08T12:21:00-04:00,long,8,0.40495923161506653,True,shadow,entry_next_bar_open_time_exit_at_selected_hold,36.95,36.77,55.43,"{'pressure_k': 0.0, 'spread': 0.03999999999999915, 'depth_imb_k': -0.1106843234105193, 'micro_off': -0.009999999999990905, 'spread_mean_10s': 0.03815789473684929, 'depth_imb_k_mean_10s': 0.04026814881851686, 'depth_imb_k_mean_60s': 0.09484540689620818, 'dist_vwap_bps': None, 'hl_range_pct': None, 'oc_change_pct': None, 'volume_rel_20': None, 'atr_pct': None, 'position_in_range': None, 'rsi': None, 'bb_position': None, 'ret_3': None, 'ret_10': None, 'session_bucket': 1.0}"
2026-04-08|PL|2026-04-08T12:22:00-04:00|short|3,2026-04-08,PL,2026-04-08T12:22:00-04:00,short,3,0.48357754945755005,True,shadow,entry_next_bar_open_time_exit_at_selected_hold,36.81,36.99,18.41,"{'pressure_k': 0.0, 'spread': 0.03999999999999915, 'depth_imb_k': 0.3958214000657308, 'micro_off': 0.006666666666667709, 'spread_mean_10s': 0.04578947368416888, 'depth_imb_k_mean_10s': 0.41217049798854677, 'depth_imb_k_mean_60s': 0.28338226633527724, 'dist_vwap_bps': None, 'hl_range_pct': None, 'oc_change_pct': None, 'volume_rel_20': None, 'atr_pct': None, 'position_in_range': None, 'rsi': None, 'bb_position': None, 'ret_3': None, 'ret_10': None, 'session_bucket': 1.0}"
2026-04-08|PL|2026-04-08T12:23:00-04:00|short|8,2026-04-08,PL,2026-04-08T12:23:00-04:00,short,8,0.44984349608421326,True,shadow,entry_next_bar_open_time_exit_at_selected_hold,36.765,36.95,18.38,"{'pressure_k': 0.0, 'spread': 0.05999999999999517, 'depth_imb_k': 0.4590117688823524, 'micro_off': -0.00999999999999801, 'spread_mean_10s': 0.05592592592601822, 'depth_imb_k_mean_10s': 0.45075487905175277, 'depth_imb_k_mean_60s': 0.2865910397713329, 'dist_vwap_bps': None, 'hl_range_pct': None, 'oc_change_pct': None, 'volume_rel_20': None, 'atr_pct': None, 'position_in_range': None, 'rsi': None, 'bb_position': None, 'ret_3': None, 'ret_10': None, 'session_bucket': 1.0}"
2026-04-08|PL|2026-04-08T12:24:00-04:00|short|3,2026-04-08,PL,2026-04-08T12:24:00-04:00,short,3,0.41339170932769775,True,shadow,entry_next_bar_open_time_exit_at_selected_hold,36.846059,37.03,18.42,"{'pressure_k': 0.0, 'spread': 0.03999999999999915, 'depth_imb_k': -0.07890997296743535, 'micro_off': 0.0, 'spread_mean_10s': 0.04888888888902632, 'depth_imb_k_mean_10s': 0.3311363560889125, 'depth_imb_k_mean_60s': 0.3704773292633162, 'dist_vwap_bps': None, 'hl_range_pct': None, 'oc_change_pct': None, 'volume_rel_20': None, 'atr_pct': None, 'position_in_range': None, 'rsi': None, 'bb_position': None, 'ret_3': None, 'ret_10': None, 'session_bucket': 1.0}"
2026-04-08|PL|2026-04-08T12:25:00-04:00|short|3,2026-04-08,PL,2026-04-08T12:25:00-04:00,short,3,0.4924895465373993,True,shadow,entry_next_bar_open_time_exit_at_selected_hold,36.38,36.56,18.19,"{'pressure_k': 0.0, 'spread': 0.05000000000000426, 'depth_imb_k': 0.41677728272091485, 'micro_off': -7.105427357601002e-15, 'spread_mean_10s': 0.03868421052632249, 'depth_imb_k_mean_10s': 0.665442368239969, 'depth_imb_k_mean_60s': 0.4619536453564776, 'dist_vwap_bps': None, 'hl_range_pct': None, 'oc_change_pct': None, 'volume_rel_20': None, 'atr_pct': None, 'position_in_range': None, 'rsi': None, 'bb_position': None, 'ret_3': None, 'ret_10': None, 'session_bucket': 1.0}"
2026-04-08|PL|2026-04-08T12:26:00-04:00|long|8,2026-04-08,PL,2026-04-08T12:26:00-04:00,long,8,0.4634874165058136,True,shadow,entry_next_bar_open_time_exit_at_selected_hold,36.415,36.23,54.62,"{'pressure_k': 0.0, 'spread': 0.030000000000001137, 'depth_imb_k': 0.07198409577489405, 'micro_off': 0.00999999999999801, 'spread_mean_10s': 0.04342105263176085, 'depth_imb_k_mean_10s': -0.29153828706998147, 'depth_imb_k_mean_60s': -0.18044386236847998, 'dist_vwap_bps': None, 'hl_range_pct': None, 'oc_change_pct': None, 'volume_rel_20': None, 'atr_pct': None, 'position_in_range': None, 'rsi': None, 'bb_position': None, 'ret_3': None, 'ret_10': None, 'session_bucket': 1.0}"
2026-04-08|PL|2026-04-08T12:27:00-04:00|short|3,2026-04-08,PL,2026-04-08T12:27:00-04:00,short,3,0.39545387029647827,True,shadow,entry_next_bar_open_time_exit_at_selected_hold,36.385,36.57,18.19,"{'pressure_k': 0.0, 'spread': 0.04999999999999716, 'depth_imb_k': -0.518853981355223, 'micro_off': 0.0, 'spread_mean_10s': 0.04884615384622311, 'depth_imb_k_mean_10s': -0.4922800892143711, 'depth_imb_k_mean_60s': -0.38122621364289544, 'dist_vwap_bps': None, 'hl_range_pct': None, 'oc_change_pct': None, 'volume_rel_20': None, 'atr_pct': None, 'position_in_range': None, 'rsi': None, 'bb_position': None, 'ret_3': None, 'ret_10': None, 'session_bucket': 1.0}"
2026-04-08|PL|2026-04-08T12:28:00-04:00|short|8,2026-04-08,PL,2026-04-08T12:28:00-04:00,short,8,0.4235607981681824,True,shadow,entry_next_bar_open_time_exit_at_selected_hold,36.38,36.56,18.19,"{'pressure_k': 0.0, 'spread': 0.03999999999999915, 'depth_imb_k': -0.19881944553852293, 'micro_off': 7.105427357601002e-15, 'spread_mean_10s': 0.039166666666662624, 'depth_imb_k_mean_10s': -0.4687203647591913, 'depth_imb_k_mean_60s': -0.506510867805553, 'dist_vwap_bps': None, 'hl_range_pct': None, 'oc_change_pct': None, 'volume_rel_20': None, 'atr_pct': None, 'position_in_range': None, 'rsi': None, 'bb_position': None, 'ret_3': None, 'ret_10': None, 'session_bucket': 1.0}"
2026-04-08|PL|2026-04-08T12:29:00-04:00|short|8,2026-04-08,PL,2026-04-08T12:29:00-04:00,short,8,0.4956519603729248,True,shadow,entry_next_bar_open_time_exit_at_selected_hold,36.305,36.49,18.15,"{'pressure_k': 0.0, 'spread': 0.030000000000001137, 'depth_imb_k': 0.4542584326130015, 'micro_off': 0.0, 'spread_mean_10s': 0.03105263157909863, 'depth_imb_k_mean_10s': 0.45154021742588446, 'depth_imb_k_mean_60s': 0.3358234577993962, 'dist_vwap_bps': None, 'hl_range_pct': None, 'oc_change_pct': None, 'volume_rel_20': None, 'atr_pct': None, 'position_in_range': None, 'rsi': None, 'bb_position': None, 'ret_3': None, 'ret_10': None, 'session_bucket': 1.0}"
2026-04-08|PL|2026-04-08T12:30:00-04:00|long|12,2026-04-08,PL,2026-04-08T12:30:00-04:00,long,12,0.43736860156059265,True,shadow,entry_next_bar_open_time_exit_at_selected_hold,36.2,36.02,54.3,"{'pressure_k': 0.0, 'spread': 0.030000000000001137, 'depth_imb_k': -0.43232895211349737, 'micro_off': -0.014423076923080203, 'spread_mean_10s': 0.03184210526331442, 'depth_imb_k_mean_10s': -0.47495517058982123, 'depth_imb_k_mean_60s': 0.06908194344319274, 'dist_vwap_bps': None, 'hl_range_pct': None, 'oc_change_pct': None, 'volume_rel_20': None, 'atr_pct': None, 'position_in_range': None, 'rsi': None, 'bb_position': None, 'ret_3': None, 'ret_10': None, 'session_bucket': 1.0}"
2026-04-08|PL|2026-04-08T12:31:00-04:00|long|12,2026-04-08,PL,2026-04-08T12:31:00-04:00,long,12,0.42533010244369507,True,shadow,entry_next_bar_open_time_exit_at_selected_hold,36.27,36.09,54.41,"{'pressure_k': 0.0, 'spread': 0.04999999999999716, 'depth_imb_k': -0.6111600124538267, 'micro_off': -0.00833333333333286, 'spread_mean_10s': 0.0500000000001819, 'depth_imb_k_mean_10s': -0.6015624563537202, 'depth_imb_k_mean_60s': -0.4516592645815326, 'dist_vwap_bps': None, 'hl_range_pct': None, 'oc_change_pct': None, 'volume_rel_20': None, 'atr_pct': None, 'position_in_range': None, 'rsi': None, 'bb_position': None, 'ret_3': None, 'ret_10': None, 'session_bucket': 2.0}"
2026-04-08|PL|2026-04-08T12:32:00-04:00|short|5,2026-04-08,PL,2026-04-08T12:32:00-04:00,short,5,0.39751341938972473,True,shadow,entry_next_bar_open_time_exit_at_selected_hold,36.48,36.66,18.24,"{'pressure_k': 0.0, 'spread': 0.03999999999999915, 'depth_imb_k': -0.28102808334778134, 'micro_off': -0.006666666666667709, 'spread_mean_10s': 0.04054054054056512, 'depth_imb_k_mean_10s': -0.41402086211689026, 'depth_imb_k_mean_60s': -0.5492233549313766, 'dist_vwap_bps': None, 'hl_range_pct': None, 'oc_change_pct': None, 'volume_rel_20': None, 'atr_pct': None, 'position_in_range': None, 'rsi': None, 'bb_position': None, 'ret_3': None, 'ret_10': None, 'session_bucket': 2.0}"
2026-04-08|PL|2026-04-08T12:33:00-04:00|short|5,2026-04-08,PL,2026-04-08T12:33:00-04:00,short,5,0.4359058141708374,True,shadow,entry_next_bar_open_time_exit_at_selected_hold,36.495,36.68,18.25,"{'pressure_k': 0.0, 'spread': 0.07000000000000028, 'depth_imb_k': -0.5240150243746504, 'micro_off': -0.011666666666663161, 'spread_mean_10s': 0.06105263157891577, 'depth_imb_k_mean_10s': -0.5037415241683064, 'depth_imb_k_mean_60s': -0.36465775775014014, 'dist_vwap_bps': None, 'hl_range_pct': None, 'oc_change_pct': None, 'volume_rel_20': None, 'atr_pct': None, 'position_in_range': None, 'rsi': None, 'bb_position': None, 'ret_3': None, 'ret_10': None, 'session_bucket': 2.0}"
2026-04-08|PL|2026-04-08T12:34:00-04:00|long|8,2026-04-08,PL,2026-04-08T12:34:00-04:00,long,8,0.3839702606201172,True,shadow,entry_next_bar_open_time_exit_at_selected_hold,36.46,36.28,54.69,"{'pressure_k': 0.0, 'spread': 0.03999999999999915, 'depth_imb_k': -0.5227363362809109, 'micro_off': -7.105427357601002e-15, 'spread_mean_10s': 0.04394736842110242, 'depth_imb_k_mean_10s': -0.5803484847906475, 'depth_imb_k_mean_60s': -0.553606490699177, 'dist_vwap_bps': None, 'hl_range_pct': None, 'oc_change_pct': None, 'volume_rel_20': None, 'atr_pct': None, 'position_in_range': None, 'rsi': None, 'bb_position': None, 'ret_3': None, 'ret_10': None, 'session_bucket': 2.0}"
2026-04-08|PL|2026-04-08T12:35:00-04:00|long|12,2026-04-08,PL,2026-04-08T12:35:00-04:00,long,12,0.38210538029670715,True,shadow,entry_next_bar_open_time_exit_at_selected_hold,36.43,36.25,54.64,"{'pressure_k': 0.0, 'spread': 0.030000000000001137, 'depth_imb_k': -0.24517927157636166, 'micro_off': 0.0, 'spread_mean_10s': 0.03999999999999952, 'depth_imb_k_mean_10s': -0.4079760677660536, 'depth_imb_k_mean_60s': -0.4196014104181693, 'dist_vwap_bps': None, 'hl_range_pct': None, 'oc_change_pct': None, 'volume_rel_20': None, 'atr_pct': None, 'position_in_range': None, 'rsi': None, 'bb_position': None, 'ret_3': None, 'ret_10': None, 'session_bucket': 2.0}"
2026-04-08|PL|2026-04-08T12:36:00-04:00|short|5,2026-04-08,PL,2026-04-08T12:36:00-04:00,short,5,0.4605679512023926,True,shadow,entry_next_bar_open_time_exit_at_selected_hold,36.4499,36.63,18.22,"{'pressure_k': 0.0, 'spread': 0.04000000000000625, 'depth_imb_k': -0.5342725291976236, 'micro_off': 0.0, 'spread_mean_10s': 0.0451851851853462, 'depth_imb_k_mean_10s': -0.3454775565391578, 'depth_imb_k_mean_60s': -0.36497057559523594, 'dist_vwap_bps': None, 'hl_range_pct': None, 'oc_change_pct': None, 'volume_rel_20': None, 'atr_pct': None, 'position_in_range': None, 'rsi': None, 'bb_position': None, 'ret_3': None, 'ret_10': None, 'session_bucket': 2.0}"
2026-04-08|PL|2026-04-08T12:37:00-04:00|long|8,2026-04-08,PL,2026-04-08T12:37:00-04:00,long,8,0.41666379570961,True,shadow,entry_next_bar_open_time_exit_at_selected_hold,36.51,36.33,54.77,"{'pressure_k': 0.0, 'spread': 0.05000000000000426, 'depth_imb_k': -0.7601476014760148, 'micro_off': -0.008333333333325754, 'spread_mean_10s': 0.04921052631594217, 'depth_imb_k_mean_10s': -0.5837070196907078, 'depth_imb_k_mean_60s': -0.5310514526101192, 'dist_vwap_bps': None, 'hl_range_pct': None, 'oc_change_pct': None, 'volume_rel_20': None, 'atr_pct': None, 'position_in_range': None, 'rsi': None, 'bb_position': None, 'ret_3': None, 'ret_10': None, 'session_bucket': 2.0}"
2026-04-08|PL|2026-04-08T12:38:00-04:00|long|8,2026-04-08,PL,2026-04-08T12:38:00-04:00,long,8,0.41400647163391113,True,shadow,entry_next_bar_open_time_exit_at_selected_hold,36.445,36.26,54.67,"{'pressure_k': 0.0, 'spread': 0.04999999999999716, 'depth_imb_k': -0.18813618376844776, 'micro_off': -0.00833333333333286, 'spread_mean_10s': 0.04315789473686269, 'depth_imb_k_mean_10s': -0.15708629656170925, 'depth_imb_k_mean_60s': -0.5010972178332793, 'dist_vwap_bps': None, 'hl_range_pct': None, 'oc_change_pct': None, 'volume_rel_20': None, 'atr_pct': None, 'position_in_range': None, 'rsi': None, 'bb_position': None, 'ret_3': None, 'ret_10': None, 'session_bucket': 2.0}"
2026-04-08|PL|2026-04-08T12:39:00-04:00|long|8,2026-04-08,PL,2026-04-08T12:39:00-04:00,long,8,0.3902985155582428,True,shadow,entry_next_bar_open_time_exit_at_selected_hold,36.5899,36.41,54.88,"{'pressure_k': 0.0, 'spread': 0.05000000000000426, 'depth_imb_k': -0.6982596791088893, 'micro_off': -0.00833333333333286, 'spread_mean_10s': 0.058064516129023455, 'depth_imb_k_mean_10s': -0.7266589688229766, 'depth_imb_k_mean_60s': -0.40659383824318013, 'dist_vwap_bps': None, 'hl_range_pct': None, 'oc_change_pct': None, 'volume_rel_20': None, 'atr_pct': None, 'position_in_range': None, 'rsi': None, 'bb_position': None, 'ret_3': None, 'ret_10': None, 'session_bucket': 2.0}"
2026-04-08|PL|2026-04-08T12:40:00-04:00|long|8,2026-04-08,PL,2026-04-08T12:40:00-04:00,long,8,0.38006842136383057,True,shadow,entry_next_bar_open_time_exit_at_selected_hold,36.62,36.44,54.93,"{'pressure_k': 0.0, 'spread': 0.04999999999999716, 'depth_imb_k': -0.3604903434717243, 'micro_off': -0.00833333333333286, 'spread_mean_10s': 0.04342105263167708, 'depth_imb_k_mean_10s': -0.5147142707492572, 'depth_imb_k_mean_60s': -0.5918926376212351, 'dist_vwap_bps': None, 'hl_range_pct': None, 'oc_change_pct': None, 'volume_rel_20': None, 'atr_pct': None, 'position_in_range': None, 'rsi': None, 'bb_position': None, 'ret_3': None, 'ret_10': None, 'session_bucket': 2.0}"
2026-04-08|PL|2026-04-08T12:41:00-04:00|short|3,2026-04-08,PL,2026-04-08T12:41:00-04:00,short,3,0.345441073179245,True,shadow,entry_next_bar_open_time_exit_at_selected_hold,36.6,36.78,18.3,"{'pressure_k': 0.0, 'spread': 0.04999999999999716, 'depth_imb_k': -0.34930971852325876, 'micro_off': 0.00833333333333286, 'spread_mean_10s': 0.05388888888897883, 'depth_imb_k_mean_10s': -0.409246947765698, 'depth_imb_k_mean_60s': -0.39725649727479745, 'dist_vwap_bps': None, 'hl_range_pct': None, 'oc_change_pct': None, 'volume_rel_20': None, 'atr_pct': None, 'position_in_range': None, 'rsi': None, 'bb_position': None, 'ret_3': None, 'ret_10': None, 'session_bucket': 2.0}"
2026-04-08|PL|2026-04-08T12:42:00-04:00|long|12,2026-04-08,PL,2026-04-08T12:42:00-04:00,long,12,0.4061838388442993,True,shadow,entry_next_bar_open_time_exit_at_selected_hold,36.52,36.34,54.78,"{'pressure_k': 0.0, 'spread': 0.030000000000001137, 'depth_imb_k': -0.2719492085533651, 'micro_off': 0.0, 'spread_mean_10s': 0.04297297297308752, 'depth_imb_k_mean_10s': -0.24214441204416337, 'depth_imb_k_mean_60s': -0.3946694416516475, 'dist_vwap_bps': None, 'hl_range_pct': None, 'oc_change_pct': None, 'volume_rel_20': None, 'atr_pct': None, 'position_in_range': None, 'rsi': None, 'bb_position': None, 'ret_3': None, 'ret_10': None, 'session_bucket': 2.0}"
2026-04-08|PL|2026-04-08T12:43:00-04:00|long|8,2026-04-08,PL,2026-04-08T12:43:00-04:00,long,8,0.43191224336624146,True,shadow,entry_next_bar_open_time_exit_at_selected_hold,36.490723,36.31,54.74,"{'pressure_k': 0.0, 'spread': 0.04999999999999716, 'depth_imb_k': 0.1142185509029395, 'micro_off': -0.00833333333333286, 'spread_mean_10s': 0.03757575757584742, 'depth_imb_k_mean_10s': -0.01683690637380344, 'depth_imb_k_mean_60s': -0.19551588152670768, 'dist_vwap_bps': None, 'hl_range_pct': None, 'oc_change_pct': None, 'volume_rel_20': None, 'atr_pct': None, 'position_in_range': None, 'rsi': None, 'bb_position': None, 'ret_3': None, 'ret_10': None, 'session_bucket': 2.0}"
2026-04-08|PL|2026-04-08T12:44:00-04:00|long|12,2026-04-08,PL,2026-04-08T12:44:00-04:00,long,12,0.4022745192050934,True,shadow,entry_next_bar_open_time_exit_at_selected_hold,36.55,36.37,54.82,"{'pressure_k': 0.0, 'spread': 0.03999999999999915, 'depth_imb_k': -0.5627538752610315, 'micro_off': -7.105427357601002e-15, 'spread_mean_10s': 0.03999999999996362, 'depth_imb_k_mean_10s': -0.5502136635934796, 'depth_imb_k_mean_60s': -0.35419552626817835, 'dist_vwap_bps': None, 'hl_range_pct': None, 'oc_change_pct': None, 'volume_rel_20': None, 'atr_pct': None, 'position_in_range': None, 'rsi': None, 'bb_position': None, 'ret_3': None, 'ret_10': None, 'session_bucket': 2.0}"
2026-04-08|PL|2026-04-08T12:45:00-04:00|long|12,2026-04-08,PL,2026-04-08T12:45:00-04:00,long,12,0.3563052713871002,True,shadow,entry_next_bar_open_time_exit_at_selected_hold,36.6032,36.42,54.9,"{'pressure_k': 0.0, 'spread': 0.030000000000001137, 'depth_imb_k': -0.7421927910301753, 'micro_off': -0.0049999999999954525, 'spread_mean_10s': 0.032105263158068977, 'depth_imb_k_mean_10s': -0.7005702160296383, 'depth_imb_k_mean_60s': -0.5908988576520198, 'dist_vwap_bps': None, 'hl_range_pct': None, 'oc_change_pct': None, 'volume_rel_20': None, 'atr_pct': None, 'position_in_range': None, 'rsi': None, 'bb_position': None, 'ret_3': None, 'ret_10': None, 'session_bucket': 2.0}"
2026-04-08|PL|2026-04-08T12:46:00-04:00|short|5,2026-04-08,PL,2026-04-08T12:46:00-04:00,short,5,0.4449683725833893,True,shadow,entry_next_bar_open_time_exit_at_selected_hold,36.685,36.87,18.34,"{'pressure_k': 0.0, 'spread': 0.030000000000001137, 'depth_imb_k': -0.43736886123868357, 'micro_off': -0.005000000000002558, 'spread_mean_10s': 0.038888888888878786, 'depth_imb_k_mean_10s': -0.3498825231699559, 'depth_imb_k_mean_60s': -0.19587819378427718, 'dist_vwap_bps': None, 'hl_range_pct': None, 'oc_change_pct': None, 'volume_rel_20': None, 'atr_pct': None, 'position_in_range': None, 'rsi': None, 'bb_position': None, 'ret_3': None, 'ret_10': None, 'session_bucket': 2.0}"
2026-04-08|PL|2026-04-08T12:47:00-04:00|short|5,2026-04-08,PL,2026-04-08T12:47:00-04:00,short,5,0.4039934575557709,True,shadow,entry_next_bar_open_time_exit_at_selected_hold,36.7729,36.96,18.39,"{'pressure_k': 0.0, 'spread': 0.05000000000000426, 'depth_imb_k': -0.26254434445683805, 'micro_off': -0.008333333333325754, 'spread_mean_10s': 0.0500000000001819, 'depth_imb_k_mean_10s': -0.26253927082883877, 'depth_imb_k_mean_60s': -0.40855227713676756, 'dist_vwap_bps': None, 'hl_range_pct': None, 'oc_change_pct': None, 'volume_rel_20': None, 'atr_pct': None, 'position_in_range': None, 'rsi': None, 'bb_position': None, 'ret_3': None, 'ret_10': None, 'session_bucket': 2.0}"
2026-04-08|PL|2026-04-08T12:48:00-04:00|short|5,2026-04-08,PL,2026-04-08T12:48:00-04:00,short,5,0.40444567799568176,True,shadow,entry_next_bar_open_time_exit_at_selected_hold,36.86,37.04,18.43,"{'pressure_k': 0.0, 'spread': 0.04999999999999716, 'depth_imb_k': -0.19071889549428836, 'micro_off': 0.0, 'spread_mean_10s': 0.05368421052641057, 'depth_imb_k_mean_10s': -0.13139487086889284, 'depth_imb_k_mean_60s': -0.4402464253457386, 'dist_vwap_bps': None, 'hl_range_pct': None, 'oc_change_pct': None, 'volume_rel_20': None, 'atr_pct': None, 'position_in_range': None, 'rsi': None, 'bb_position': None, 'ret_3': None, 'ret_10': None, 'session_bucket': 2.0}"
2026-04-08|PL|2026-04-08T12:49:00-04:00|short|5,2026-04-08,PL,2026-04-08T12:49:00-04:00,short,5,0.4058341383934021,True,shadow,entry_next_bar_open_time_exit_at_selected_hold,36.765,36.95,18.38,"{'pressure_k': 0.0, 'spread': 0.04999999999999716, 'depth_imb_k': -0.08237708350783148, 'micro_off': 0.015000000000000568, 'spread_mean_10s': 0.04947368421069673, 'depth_imb_k_mean_10s': -0.08052249142239912, 'depth_imb_k_mean_60s': -0.22929221498862337, 'dist_vwap_bps': None, 'hl_range_pct': None, 'oc_change_pct': None, 'volume_rel_20': None, 'atr_pct': None, 'position_in_range': None, 'rsi': None, 'bb_position': None, 'ret_3': None, 'ret_10': None, 'session_bucket': 2.0}"
2026-04-08|PL|2026-04-08T12:50:00-04:00|short|12,2026-04-08,PL,2026-04-08T12:50:00-04:00,short,12,0.3504193127155304,True,shadow,entry_next_bar_open_time_exit_at_selected_hold,36.8,36.98,18.4,"{'pressure_k': 0.0, 'spread': 0.03999999999999915, 'depth_imb_k': -0.08146785667008061, 'micro_off': 0.0, 'spread_mean_10s': 0.039210526315771765, 'depth_imb_k_mean_10s': -0.0951700256008687, 'depth_imb_k_mean_60s': 0.09703955355203951, 'dist_vwap_bps': None, 'hl_range_pct': None, 'oc_change_pct': None, 'volume_rel_20': None, 'atr_pct': None, 'position_in_range': None, 'rsi': None, 'bb_position': None, 'ret_3': None, 'ret_10': None, 'session_bucket': 2.0}"
2026-04-08|PL|2026-04-08T12:51:00-04:00|short|8,2026-04-08,PL,2026-04-08T12:51:00-04:00,short,8,0.3770621120929718,True,shadow,entry_next_bar_open_time_exit_at_selected_hold,36.84,37.02,18.42,"{'pressure_k': 0.0, 'spread': 0.03999999999999915, 'depth_imb_k': -0.36866508589658065, 'micro_off': 7.105427357601002e-15, 'spread_mean_10s': 0.04078947368419138, 'depth_imb_k_mean_10s': -0.28388249191484166, 'depth_imb_k_mean_60s': -0.2528965524009868, 'dist_vwap_bps': None, 'hl_range_pct': None, 'oc_change_pct': None, 'volume_rel_20': None, 'atr_pct': None, 'position_in_range': None, 'rsi': None, 'bb_position': None, 'ret_3': None, 'ret_10': None, 'session_bucket': 2.0}"
2026-04-08|PL|2026-04-08T12:52:00-04:00|long|12,2026-04-08,PL,2026-04-08T12:52:00-04:00,long,12,0.43410587310791016,True,shadow,entry_next_bar_open_time_exit_at_selected_hold,36.77,36.59,55.16,"{'pressure_k': 0.0, 'spread': 0.03999999999999915, 'depth_imb_k': -0.09901054129211667, 'micro_off': -0.006666666666667709, 'spread_mean_10s': 0.04027027027023979, 'depth_imb_k_mean_10s': -0.0748177055399808, 'depth_imb_k_mean_60s': -0.20640783711614014, 'dist_vwap_bps': None, 'hl_range_pct': None, 'oc_change_pct': None, 'volume_rel_20': None, 'atr_pct': None, 'position_in_range': None, 'rsi': None, 'bb_position': None, 'ret_3': None, 'ret_10': None, 'session_bucket': 2.0}"
2026-04-08|PL|2026-04-08T12:53:00-04:00|long|12,2026-04-08,PL,2026-04-08T12:53:00-04:00,long,12,0.39996591210365295,True,shadow,entry_next_bar_open_time_exit_at_selected_hold,36.75,36.57,55.12,"{'pressure_k': 0.0, 'spread': 0.030000000000001137, 'depth_imb_k': -0.3223523799427542, 'micro_off': 0.0, 'spread_mean_10s': 0.02620689655184143, 'depth_imb_k_mean_10s': -0.28927413384967776, 'depth_imb_k_mean_60s': -0.18318730119754095, 'dist_vwap_bps': None, 'hl_range_pct': None, 'oc_change_pct': None, 'volume_rel_20': None, 'atr_pct': None, 'position_in_range': None, 'rsi': None, 'bb_position': None, 'ret_3': None, 'ret_10': None, 'session_bucket': 2.0}"
2026-04-08|PL|2026-04-08T12:54:00-04:00|short|3,2026-04-08,PL,2026-04-08T12:54:00-04:00,short,3,0.385915070772171,True,shadow,entry_next_bar_open_time_exit_at_selected_hold,36.68,36.86,18.34,"{'pressure_k': 0.0, 'spread': 0.03999999999999915, 'depth_imb_k': -0.15571014334917027, 'micro_off': 0.006666666666667709, 'spread_mean_10s': 0.0473684210525885, 'depth_imb_k_mean_10s': -0.22138454068121255, 'depth_imb_k_mean_60s': -0.1005424007518482, 'dist_vwap_bps': None, 'hl_range_pct': None, 'oc_change_pct': None, 'volume_rel_20': None, 'atr_pct': None, 'position_in_range': None, 'rsi': None, 'bb_position': None, 'ret_3': None, 'ret_10': None, 'session_bucket': 2.0}"
2026-04-08|PL|2026-04-08T12:55:00-04:00|short|8,2026-04-08,PL,2026-04-08T12:55:00-04:00,short,8,0.4642743766307831,True,shadow,entry_next_bar_open_time_exit_at_selected_hold,36.55,36.73,18.27,"{'pressure_k': 0.0, 'spread': 0.03999999999999915, 'depth_imb_k': 0.49575702472182537, 'micro_off': -0.006666666666660603, 'spread_mean_10s': 0.03999999999996362, 'depth_imb_k_mean_10s': 0.5101595759955624, 'depth_imb_k_mean_60s': 0.29722464256822906, 'dist_vwap_bps': None, 'hl_range_pct': None, 'oc_change_pct': None, 'volume_rel_20': None, 'atr_pct': None, 'position_in_range': None, 'rsi': None, 'bb_position': None, 'ret_3': None, 'ret_10': None, 'session_bucket': 2.0}"
2026-04-08|PL|2026-04-08T12:56:00-04:00|short|8,2026-04-08,PL,2026-04-08T12:56:00-04:00,short,8,0.4259302318096161,True,shadow,entry_next_bar_open_time_exit_at_selected_hold,36.465,36.65,18.23,"{'pressure_k': 0.0, 'spread': 0.030000000000001137, 'depth_imb_k': 0.4250672624573218, 'micro_off': 0.0, 'spread_mean_10s': 0.038421052631627775, 'depth_imb_k_mean_10s': 0.25262732924698195, 'depth_imb_k_mean_60s': 0.39572315399737695, 'dist_vwap_bps': None, 'hl_range_pct': None, 'oc_change_pct': None, 'volume_rel_20': None, 'atr_pct': None, 'position_in_range': None, 'rsi': None, 'bb_position': None, 'ret_3': None, 'ret_10': None, 'session_bucket': 2.0}"
2026-04-08|PL|2026-04-08T12:57:00-04:00|short|12,2026-04-08,PL,2026-04-08T12:57:00-04:00,short,12,0.3953990638256073,True,shadow,entry_next_bar_open_time_exit_at_selected_hold,36.51,36.69,18.25,"{'pressure_k': 0.0, 'spread': 0.03999999999999915, 'depth_imb_k': 0.21078112407844074, 'micro_off': -0.006666666666674814, 'spread_mean_10s': 0.03999999999996362, 'depth_imb_k_mean_10s': 0.21693164123419256, 'depth_imb_k_mean_60s': 0.24787497714903017, 'dist_vwap_bps': None, 'hl_range_pct': None, 'oc_change_pct': None, 'volume_rel_20': None, 'atr_pct': None, 'position_in_range': None, 'rsi': None, 'bb_position': None, 'ret_3': None, 'ret_10': None, 'session_bucket': 2.0}"
2026-04-08|PL|2026-04-08T12:58:00-04:00|short|12,2026-04-08,PL,2026-04-08T12:58:00-04:00,short,12,0.3997676372528076,True,shadow,entry_next_bar_open_time_exit_at_selected_hold,36.545,36.73,18.27,"{'pressure_k': 0.0, 'spread': 0.04999999999999716, 'depth_imb_k': 0.35471578470597126, 'micro_off': -0.00833333333333286, 'spread_mean_10s': 0.044736842105354106, 'depth_imb_k_mean_10s': 0.4777831665254732, 'depth_imb_k_mean_60s': 0.3785450930915503, 'dist_vwap_bps': None, 'hl_range_pct': None, 'oc_change_pct': None, 'volume_rel_20': None, 'atr_pct': None, 'position_in_range': None, 'rsi': None, 'bb_position': None, 'ret_3': None, 'ret_10': None, 'session_bucket': 2.0}"
2026-04-08|PL|2026-04-08T12:59:00-04:00|long|8,2026-04-08,PL,2026-04-08T12:59:00-04:00,long,8,0.34718266129493713,True,shadow,entry_next_bar_open_time_exit_at_selected_hold,36.565,36.38,54.85,"{'pressure_k': 0.0, 'spread': 0.05000000000000426, 'depth_imb_k': -0.38662462532601505, 'micro_off': -0.00833333333333286, 'spread_mean_10s': 0.04947368421069673, 'depth_imb_k_mean_10s': -0.38562839884738614, 'depth_imb_k_mean_60s': -0.03455360522072616, 'dist_vwap_bps': None, 'hl_range_pct': None, 'oc_change_pct': None, 'volume_rel_20': None, 'atr_pct': None, 'position_in_range': None, 'rsi': None, 'bb_position': None, 'ret_3': None, 'ret_10': None, 'session_bucket': 2.0}"
2026-04-08|PL|2026-04-08T13:00:00-04:00|short|12,2026-04-08,PL,2026-04-08T13:00:00-04:00,short,12,0.40980637073516846,True,shadow,entry_next_bar_open_time_exit_at_selected_hold,36.62,36.8,18.31,"{'pressure_k': 0.0, 'spread': 0.03999999999999915, 'depth_imb_k': -0.15686501504978004, 'micro_off': -7.105427357601002e-15, 'spread_mean_10s': 0.04763157894749862, 'depth_imb_k_mean_10s': -0.22035375368855775, 'depth_imb_k_mean_60s': -0.2663962119522774, 'dist_vwap_bps': None, 'hl_range_pct': None, 'oc_change_pct': None, 'volume_rel_20': None, 'atr_pct': None, 'position_in_range': None, 'rsi': None, 'bb_position': None, 'ret_3': None, 'ret_10': None, 'session_bucket': 2.0}"
2026-04-08|PL|2026-04-08T13:01:00-04:00|short|12,2026-04-08,PL,2026-04-08T13:01:00-04:00,short,12,0.43691548705101013,True,shadow,entry_next_bar_open_time_exit_at_selected_hold,36.575,36.76,18.29,"{'pressure_k': 0.0, 'spread': 0.05000000000000426, 'depth_imb_k': 0.2211606819910947, 'micro_off': 0.00833333333333286, 'spread_mean_10s': 0.06333333333346268, 'depth_imb_k_mean_10s': 0.19778376814404813, 'depth_imb_k_mean_60s': -0.052168030388503456, 'dist_vwap_bps': None, 'hl_range_pct': None, 'oc_change_pct': None, 'volume_rel_20': None, 'atr_pct': None, 'position_in_range': None, 'rsi': None, 'bb_position': None, 'ret_3': None, 'ret_10': None, 'session_bucket': 2.0}"
2026-04-08|PL|2026-04-08T13:02:00-04:00|short|8,2026-04-08,PL,2026-04-08T13:02:00-04:00,short,8,0.40532994270324707,True,shadow,entry_next_bar_open_time_exit_at_selected_hold,36.54,36.72,18.27,"{'pressure_k': 0.0, 'spread': 0.03999999999999915, 'depth_imb_k': 0.6353021793973639, 'micro_off': 0.0, 'spread_mean_10s': 0.04394736842110242, 'depth_imb_k_mean_10s': 0.5702792902932646, 'depth_imb_k_mean_60s': 0.5163977405954576, 'dist_vwap_bps': None, 'hl_range_pct': None, 'oc_change_pct': None, 'volume_rel_20': None, 'atr_pct': None, 'position_in_range': None, 'rsi': None, 'bb_position': None, 'ret_3': None, 'ret_10': None, 'session_bucket': 2.0}"
2026-04-08|PL|2026-04-08T13:03:00-04:00|short|12,2026-04-08,PL,2026-04-08T13:03:00-04:00,short,12,0.4274735748767853,True,shadow,entry_next_bar_open_time_exit_at_selected_hold,36.54,36.72,18.27,"{'pressure_k': 0.0, 'spread': 0.0799999999999983, 'depth_imb_k': -0.3317751871726031, 'micro_off': 0.0, 'spread_mean_10s': 0.04421052631574927, 'depth_imb_k_mean_10s': -0.21242045820999442, 'depth_imb_k_mean_60s': 0.15674120725781857, 'dist_vwap_bps': None, 'hl_range_pct': None, 'oc_change_pct': None, 'volume_rel_20': None, 'atr_pct': None, 'position_in_range': None, 'rsi': None, 'bb_position': None, 'ret_3': None, 'ret_10': None, 'session_bucket': 2.0}"
2026-04-08|PL|2026-04-08T13:04:00-04:00|short|12,2026-04-08,PL,2026-04-08T13:04:00-04:00,short,12,0.32810163497924805,True,shadow,entry_next_bar_open_time_exit_at_selected_hold,36.53,36.71,18.27,"{'pressure_k': 0.0, 'spread': 0.03999999999999915, 'depth_imb_k': -0.09973516949152543, 'micro_off': -7.105427357601002e-15, 'spread_mean_10s': 0.03999999999996362, 'depth_imb_k_mean_10s': -0.07190699633491404, 'depth_imb_k_mean_60s': -0.10185919899357018, 'dist_vwap_bps': None, 'hl_range_pct': None, 'oc_change_pct': None, 'volume_rel_20': None, 'atr_pct': None, 'position_in_range': None, 'rsi': None, 'bb_position': None, 'ret_3': None, 'ret_10': None, 'session_bucket': 2.0}"
2026-04-08|PL|2026-04-08T13:05:00-04:00|short|12,2026-04-08,PL,2026-04-08T13:05:00-04:00,short,12,0.3863506019115448,True,shadow,entry_next_bar_open_time_exit_at_selected_hold,36.44,36.62,18.22,"{'pressure_k': 0.0, 'spread': 0.030000000000001137, 'depth_imb_k': 0.3942748061619677, 'micro_off': 0.0, 'spread_mean_10s': 0.03351351351363052, 'depth_imb_k_mean_10s': 0.4171954961240182, 'depth_imb_k_mean_60s': 0.37155206642671446, 'dist_vwap_bps': None, 'hl_range_pct': None, 'oc_change_pct': None, 'volume_rel_20': None, 'atr_pct': None, 'position_in_range': None, 'rsi': None, 'bb_position': None, 'ret_3': None, 'ret_10': None, 'session_bucket': 2.0}"
2026-04-08|PL|2026-04-08T13:06:00-04:00|long|8,2026-04-08,PL,2026-04-08T13:06:00-04:00,long,8,0.43307414650917053,True,shadow,entry_next_bar_open_time_exit_at_selected_hold,36.5,36.32,54.75,"{'pressure_k': 0.0, 'spread': 0.04000000000000625, 'depth_imb_k': 0.14514798107602597, 'micro_off': -0.006666666666667709, 'spread_mean_10s': 0.06552631578956368, 'depth_imb_k_mean_10s': 0.09705775265406134, 'depth_imb_k_mean_60s': 0.12267145265419598, 'dist_vwap_bps': None, 'hl_range_pct': None, 'oc_change_pct': None, 'volume_rel_20': None, 'atr_pct': None, 'position_in_range': None, 'rsi': None, 'bb_position': None, 'ret_3': None, 'ret_10': None, 'session_bucket': 2.0}"
2026-04-08|PL|2026-04-08T13:07:00-04:00|long|8,2026-04-08,PL,2026-04-08T13:07:00-04:00,long,8,0.39792880415916443,True,shadow,entry_next_bar_open_time_exit_at_selected_hold,36.46,36.28,54.69,"{'pressure_k': 0.0, 'spread': 0.04999999999999716, 'depth_imb_k': -0.315683743513904, 'micro_off': 0.0, 'spread_mean_10s': 0.0500000000001819, 'depth_imb_k_mean_10s': -0.055643663473726214, 'depth_imb_k_mean_60s': 0.09845001052592481, 'dist_vwap_bps': None, 'hl_range_pct': None, 'oc_change_pct': None, 'volume_rel_20': None, 'atr_pct': None, 'position_in_range': None, 'rsi': None, 'bb_position': None, 'ret_3': None, 'ret_10': None, 'session_bucket': 2.0}"
2026-04-08|PL|2026-04-08T13:08:00-04:00|short|12,2026-04-08,PL,2026-04-08T13:08:00-04:00,short,12,0.40093716979026794,True,shadow,entry_next_bar_open_time_exit_at_selected_hold,36.385,36.57,18.19,"{'pressure_k': 0.0, 'spread': 0.03999999999999915, 'depth_imb_k': 0.5703605091184571, 'micro_off': -7.105427357601002e-15, 'spread_mean_10s': 0.03394736842102774, 'depth_imb_k_mean_10s': 0.21709655068559042, 'depth_imb_k_mean_60s': -0.09056486775934162, 'dist_vwap_bps': None, 'hl_range_pct': None, 'oc_change_pct': None, 'volume_rel_20': None, 'atr_pct': None, 'position_in_range': None, 'rsi': None, 'bb_position': None, 'ret_3': None, 'ret_10': None, 'session_bucket': 2.0}"
2026-04-08|PL|2026-04-08T13:09:00-04:00|short|5,2026-04-08,PL,2026-04-08T13:09:00-04:00,short,5,0.3838716745376587,True,shadow,entry_next_bar_open_time_exit_at_selected_hold,36.479,36.66,18.24,"{'pressure_k': 0.0, 'spread': 0.04999999999999716, 'depth_imb_k': -0.28617264231572165, 'micro_off': -0.00833333333333286, 'spread_mean_10s': 0.047142857142976675, 'depth_imb_k_mean_10s': -0.29701822068893435, 'depth_imb_k_mean_60s': 0.2546413759759276, 'dist_vwap_bps': None, 'hl_range_pct': None, 'oc_change_pct': None, 'volume_rel_20': None, 'atr_pct': None, 'position_in_range': None, 'rsi': None, 'bb_position': None, 'ret_3': None, 'ret_10': None, 'session_bucket': 2.0}"
2026-04-08|PL|2026-04-08T13:10:00-04:00|short|12,2026-04-08,PL,2026-04-08T13:10:00-04:00,short,12,0.44258424639701843,True,shadow,entry_next_bar_open_time_exit_at_selected_hold,36.5,36.68,18.25,"{'pressure_k': 0.0, 'spread': 0.03999999999999915, 'depth_imb_k': -0.2760516430756984, 'micro_off': -0.006666666666667709, 'spread_mean_10s': 0.03894736842104114, 'depth_imb_k_mean_10s': -0.270903507635347, 'depth_imb_k_mean_60s': -0.2158656861628131, 'dist_vwap_bps': None, 'hl_range_pct': None, 'oc_change_pct': None, 'volume_rel_20': None, 'atr_pct': None, 'position_in_range': None, 'rsi': None, 'bb_position': None, 'ret_3': None, 'ret_10': None, 'session_bucket': 2.0}"
2026-04-08|PL|2026-04-08T13:11:00-04:00|short|12,2026-04-08,PL,2026-04-08T13:11:00-04:00,short,12,0.3888433575630188,True,shadow,entry_next_bar_open_time_exit_at_selected_hold,36.4522,36.63,18.23,"{'pressure_k': 0.0, 'spread': 0.05000000000000426, 'depth_imb_k': 0.36824392265987005, 'micro_off': -0.008333333333339965, 'spread_mean_10s': 0.04157894736844307, 'depth_imb_k_mean_10s': 0.051079603896979325, 'depth_imb_k_mean_60s': 0.0013967831675749665, 'dist_vwap_bps': None, 'hl_range_pct': None, 'oc_change_pct': None, 'volume_rel_20': None, 'atr_pct': None, 'position_in_range': None, 'rsi': None, 'bb_position': None, 'ret_3': None, 'ret_10': None, 'session_bucket': 2.0}"
2026-04-08|PL|2026-04-08T13:12:00-04:00|short|8,2026-04-08,PL,2026-04-08T13:12:00-04:00,short,8,0.4080429673194885,True,shadow,entry_next_bar_open_time_exit_at_selected_hold,36.4301,36.61,18.22,"{'pressure_k': 0.0, 'spread': 0.04999999999999716, 'depth_imb_k': -0.20440251572327045, 'micro_off': -0.00833333333333286, 'spread_mean_10s': 0.04342105263168904, 'depth_imb_k_mean_10s': -0.23924039534684102, 'depth_imb_k_mean_60s': -0.2029358102461702, 'dist_vwap_bps': None, 'hl_range_pct': None, 'oc_change_pct': None, 'volume_rel_20': None, 'atr_pct': None, 'position_in_range': None, 'rsi': None, 'bb_position': None, 'ret_3': None, 'ret_10': None, 'session_bucket': 2.0}"
2026-04-08|PL|2026-04-08T13:13:00-04:00|short|12,2026-04-08,PL,2026-04-08T13:13:00-04:00,short,12,0.36064478754997253,True,shadow,entry_next_bar_open_time_exit_at_selected_hold,36.4112,36.59,18.21,"{'pressure_k': 0.0, 'spread': 0.04000000000000625, 'depth_imb_k': -0.679082549485191, 'micro_off': -0.006666666666667709, 'spread_mean_10s': 0.033684210526285153, 'depth_imb_k_mean_10s': -0.5893646878879927, 'depth_imb_k_mean_60s': -0.31192967789018167, 'dist_vwap_bps': None, 'hl_range_pct': None, 'oc_change_pct': None, 'volume_rel_20': None, 'atr_pct': None, 'position_in_range': None, 'rsi': None, 'bb_position': None, 'ret_3': None, 'ret_10': None, 'session_bucket': 2.0}"
2026-04-08|PL|2026-04-08T13:14:00-04:00|short|5,2026-04-08,PL,2026-04-08T13:14:00-04:00,short,5,0.3845064342021942,True,shadow,entry_next_bar_open_time_exit_at_selected_hold,36.46,36.64,18.23,"{'pressure_k': 0.0, 'spread': 0.030000000000001137, 'depth_imb_k': -0.6047762744938122, 'micro_off': 0.0, 'spread_mean_10s': 0.022631578947407673, 'depth_imb_k_mean_10s': -0.671864033903914, 'depth_imb_k_mean_60s': -0.658775898043944, 'dist_vwap_bps': None, 'hl_range_pct': None, 'oc_change_pct': None, 'volume_rel_20': None, 'atr_pct': None, 'position_in_range': None, 'rsi': None, 'bb_position': None, 'ret_3': None, 'ret_10': None, 'session_bucket': 2.0}"
2026-04-08|PL|2026-04-08T13:15:00-04:00|long|12,2026-04-08,PL,2026-04-08T13:15:00-04:00,long,12,0.40742477774620056,True,shadow,entry_next_bar_open_time_exit_at_selected_hold,36.385,36.2,54.58,"{'pressure_k': 0.0, 'spread': 0.04999999999999716, 'depth_imb_k': -0.3541977653418366, 'micro_off': -0.00833333333333286, 'spread_mean_10s': 0.039736842105256936, 'depth_imb_k_mean_10s': -0.28889478213692965, 'depth_imb_k_mean_60s': -0.32834704056346176, 'dist_vwap_bps': None, 'hl_range_pct': None, 'oc_change_pct': None, 'volume_rel_20': None, 'atr_pct': None, 'position_in_range': None, 'rsi': None, 'bb_position': None, 'ret_3': None, 'ret_10': None, 'session_bucket': 2.0}"
2026-04-08|PL|2026-04-08T13:16:00-04:00|long|12,2026-04-08,PL,2026-04-08T13:16:00-04:00,long,12,0.42300713062286377,True,shadow,entry_next_bar_open_time_exit_at_selected_hold,36.39,36.21,54.59,"{'pressure_k': 0.0, 'spread': 0.03999999999999915, 'depth_imb_k': -0.2689781074359969, 'micro_off': 0.0, 'spread_mean_10s': 0.032105263158045044, 'depth_imb_k_mean_10s': -0.24520380000757014, 'depth_imb_k_mean_60s': 0.0395268790936491, 'dist_vwap_bps': None, 'hl_range_pct': None, 'oc_change_pct': None, 'volume_rel_20': None, 'atr_pct': None, 'position_in_range': None, 'rsi': None, 'bb_position': None, 'ret_3': None, 'ret_10': None, 'session_bucket': 2.0}"
2026-04-08|PL|2026-04-08T13:17:00-04:00|long|8,2026-04-08,PL,2026-04-08T13:17:00-04:00,long,8,0.4179350733757019,True,shadow,entry_next_bar_open_time_exit_at_selected_hold,36.3,36.12,54.45,"{'pressure_k': 0.0, 'spread': 0.03999999999999915, 'depth_imb_k': -0.02366592333817487, 'micro_off': 0.0, 'spread_mean_10s': 0.024210526315767453, 'depth_imb_k_mean_10s': -0.016155135313750322, 'depth_imb_k_mean_60s': 0.1684673084703042, 'dist_vwap_bps': None, 'hl_range_pct': None, 'oc_change_pct': None, 'volume_rel_20': None, 'atr_pct': None, 'position_in_range': None, 'rsi': None, 'bb_position': None, 'ret_3': None, 'ret_10': None, 'session_bucket': 2.0}"
2026-04-08|PL|2026-04-08T13:18:00-04:00|long|8,2026-04-08,PL,2026-04-08T13:18:00-04:00,long,8,0.4082263708114624,True,shadow,entry_next_bar_open_time_exit_at_selected_hold,36.38,36.2,54.57,"{'pressure_k': 0.0, 'spread': 0.03999999999999915, 'depth_imb_k': -0.49213960069171514, 'micro_off': 7.105427357601002e-15, 'spread_mean_10s': 0.040434782608668764, 'depth_imb_k_mean_10s': -0.2507615826773121, 'depth_imb_k_mean_60s': -0.0693296610076967, 'dist_vwap_bps': None, 'hl_range_pct': None, 'oc_change_pct': None, 'volume_rel_20': None, 'atr_pct': None, 'position_in_range': None, 'rsi': None, 'bb_position': None, 'ret_3': None, 'ret_10': None, 'session_bucket': 2.0}"
2026-04-08|PL|2026-04-08T13:19:00-04:00|short|12,2026-04-08,PL,2026-04-08T13:19:00-04:00,short,12,0.37690699100494385,True,shadow,entry_next_bar_open_time_exit_at_selected_hold,36.425,36.61,18.21,"{'pressure_k': 0.0, 'spread': 0.04000000000000625, 'depth_imb_k': -0.687291844612624, 'micro_off': 0.0, 'spread_mean_10s': 0.03880000000001019, 'depth_imb_k_mean_10s': -0.539535825367202, 'depth_imb_k_mean_60s': -0.4119683388428849, 'dist_vwap_bps': None, 'hl_range_pct': None, 'oc_change_pct': None, 'volume_rel_20': None, 'atr_pct': None, 'position_in_range': None, 'rsi': None, 'bb_position': None, 'ret_3': None, 'ret_10': None, 'session_bucket': 2.0}"
2026-04-08|PL|2026-04-08T13:20:00-04:00|short|12,2026-04-08,PL,2026-04-08T13:20:00-04:00,short,12,0.3839823007583618,True,shadow,entry_next_bar_open_time_exit_at_selected_hold,36.47,36.65,18.23,"{'pressure_k': 0.0, 'spread': 0.020000000000003126, 'depth_imb_k': -0.0040855481229604374, 'micro_off': 0.0, 'spread_mean_10s': 0.03315789473694358, 'depth_imb_k_mean_10s': -0.18142411969986488, 'depth_imb_k_mean_60s': -0.32921056225449485, 'dist_vwap_bps': None, 'hl_range_pct': None, 'oc_change_pct': None, 'volume_rel_20': None, 'atr_pct': None, 'position_in_range': None, 'rsi': None, 'bb_position': None, 'ret_3': None, 'ret_10': None, 'session_bucket': 2.0}"
2026-04-08|PL|2026-04-08T13:21:00-04:00|short|12,2026-04-08,PL,2026-04-08T13:21:00-04:00,short,12,0.42219987511634827,True,shadow,entry_next_bar_open_time_exit_at_selected_hold,36.43,36.61,18.21,"{'pressure_k': 0.0, 'spread': 0.04000000000000625, 'depth_imb_k': -0.005135237050495355, 'micro_off': 0.006666666666667709, 'spread_mean_10s': 0.033421052631662236, 'depth_imb_k_mean_10s': 0.0038736329568468805, 'depth_imb_k_mean_60s': -0.1763720308280406, 'dist_vwap_bps': None, 'hl_range_pct': None, 'oc_change_pct': None, 'volume_rel_20': None, 'atr_pct': None, 'position_in_range': None, 'rsi': None, 'bb_position': None, 'ret_3': None, 'ret_10': None, 'session_bucket': 2.0}"
2026-04-08|PL|2026-04-08T13:22:00-04:00|short|12,2026-04-08,PL,2026-04-08T13:22:00-04:00,short,12,0.3668164908885956,True,shadow,entry_next_bar_open_time_exit_at_selected_hold,36.465,36.65,18.23,"{'pressure_k': 0.0, 'spread': 0.04999999999999716, 'depth_imb_k': -0.030631897097068952, 'micro_off': 0.00833333333333286, 'spread_mean_10s': 0.04958333333350614, 'depth_imb_k_mean_10s': -0.03251422832535253, 'depth_imb_k_mean_60s': 0.051750247044797124, 'dist_vwap_bps': None, 'hl_range_pct': None, 'oc_change_pct': None, 'volume_rel_20': None, 'atr_pct': None, 'position_in_range': None, 'rsi': None, 'bb_position': None, 'ret_3': None, 'ret_10': None, 'session_bucket': 2.0}"
2026-04-08|PL|2026-04-08T13:23:00-04:00|short|3,2026-04-08,PL,2026-04-08T13:23:00-04:00,short,3,0.481454998254776,True,shadow,entry_next_bar_open_time_exit_at_selected_hold,36.45,36.63,18.23,"{'pressure_k': 0.0, 'spread': 0.05000000000000426, 'depth_imb_k': 0.1604785549427578, 'micro_off': 0.0, 'spread_mean_10s': 0.056666666666739425, 'depth_imb_k_mean_10s': 0.12650867744555094, 'depth_imb_k_mean_60s': -0.09498846872304964, 'dist_vwap_bps': None, 'hl_range_pct': None, 'oc_change_pct': None, 'volume_rel_20': None, 'atr_pct': None, 'position_in_range': None, 'rsi': None, 'bb_position': None, 'ret_3': None, 'ret_10': None, 'session_bucket': 2.0}"
2026-04-08|PL|2026-04-08T13:24:00-04:00|short|3,2026-04-08,PL,2026-04-08T13:24:00-04:00,short,3,0.45318248867988586,True,shadow,entry_next_bar_open_time_exit_at_selected_hold,36.405,36.59,18.2,"{'pressure_k': 0.0, 'spread': 0.03999999999999915, 'depth_imb_k': -0.4105855558582265, 'micro_off': 0.006666666666660603, 'spread_mean_10s': 0.048684210526468964, 'depth_imb_k_mean_10s': 0.16334208322508093, 'depth_imb_k_mean_60s': 0.04057149056721495, 'dist_vwap_bps': None, 'hl_range_pct': None, 'oc_change_pct': None, 'volume_rel_20': None, 'atr_pct': None, 'position_in_range': None, 'rsi': None, 'bb_position': None, 'ret_3': None, 'ret_10': None, 'session_bucket': 2.0}"
2026-04-08|PL|2026-04-08T13:25:00-04:00|short|12,2026-04-08,PL,2026-04-08T13:25:00-04:00,short,12,0.38266411423683167,True,shadow,entry_next_bar_open_time_exit_at_selected_hold,36.38,36.56,18.19,"{'pressure_k': 0.0, 'spread': 0.03999999999999915, 'depth_imb_k': -0.6482220597843313, 'micro_off': -0.006666666666674814, 'spread_mean_10s': 0.037368421052657426, 'depth_imb_k_mean_10s': -0.5332601931918122, 'depth_imb_k_mean_60s': -0.14321559338035908, 'dist_vwap_bps': None, 'hl_range_pct': None, 'oc_change_pct': None, 'volume_rel_20': None, 'atr_pct': None, 'position_in_range': None, 'rsi': None, 'bb_position': None, 'ret_3': None, 'ret_10': None, 'session_bucket': 2.0}"
2026-04-08|PL|2026-04-08T13:26:00-04:00|short|3,2026-04-08,PL,2026-04-08T13:26:00-04:00,short,3,0.4011519253253937,True,shadow,entry_next_bar_open_time_exit_at_selected_hold,36.33,36.51,18.16,"{'pressure_k': 0.0, 'spread': 0.04000000000000625, 'depth_imb_k': 0.30231668700821723, 'micro_off': 0.0, 'spread_mean_10s': 0.03894736842104114, 'depth_imb_k_mean_10s': 0.27626166390861107, 'depth_imb_k_mean_60s': 0.10964199008423081, 'dist_vwap_bps': None, 'hl_range_pct': None, 'oc_change_pct': None, 'volume_rel_20': None, 'atr_pct': None, 'position_in_range': None, 'rsi': None, 'bb_position': None, 'ret_3': None, 'ret_10': None, 'session_bucket': 2.0}"
2026-04-08|PL|2026-04-08T13:27:00-04:00|short|8,2026-04-08,PL,2026-04-08T13:27:00-04:00,short,8,0.4515637755393982,True,shadow,entry_next_bar_open_time_exit_at_selected_hold,36.27,36.45,18.14,"{'pressure_k': 0.0, 'spread': 0.020000000000003126, 'depth_imb_k': 0.46952719902666656, 'micro_off': 7.105427357601002e-15, 'spread_mean_10s': 0.02422535211271167, 'depth_imb_k_mean_10s': 0.44308673814776084, 'depth_imb_k_mean_60s': 0.33395987658564585, 'dist_vwap_bps': None, 'hl_range_pct': None, 'oc_change_pct': None, 'volume_rel_20': None, 'atr_pct': None, 'position_in_range': None, 'rsi': None, 'bb_position': None, 'ret_3': None, 'ret_10': None, 'session_bucket': 2.0}"
2026-04-08|PL|2026-04-08T13:28:00-04:00|short|12,2026-04-08,PL,2026-04-08T13:28:00-04:00,short,12,0.5315184593200684,True,shadow,entry_next_bar_open_time_exit_at_selected_hold,36.45,36.63,18.23,"{'pressure_k': 0.0, 'spread': 0.04999999999999716, 'depth_imb_k': -0.5019245814426537, 'micro_off': 0.0, 'spread_mean_10s': 0.05394736842114119, 'depth_imb_k_mean_10s': -0.19297227346554505, 'depth_imb_k_mean_60s': 0.2082005388157553, 'dist_vwap_bps': None, 'hl_range_pct': None, 'oc_change_pct': None, 'volume_rel_20': None, 'atr_pct': None, 'position_in_range': None, 'rsi': None, 'bb_position': None, 'ret_3': None, 'ret_10': None, 'session_bucket': 2.0}"
2026-04-08|PL|2026-04-08T13:29:00-04:00|short|8,2026-04-08,PL,2026-04-08T13:29:00-04:00,short,8,0.569953203201294,True,shadow,entry_next_bar_open_time_exit_at_selected_hold,36.52,36.7,18.26,"{'pressure_k': 0.0, 'spread': 0.04000000000000625, 'depth_imb_k': 0.7359192765236853, 'micro_off': 0.0, 'spread_mean_10s': 0.0423684210526469, 'depth_imb_k_mean_10s': 0.6596120078948173, 'depth_imb_k_mean_60s': 0.5162928427871449, 'dist_vwap_bps': None, 'hl_range_pct': None, 'oc_change_pct': None, 'volume_rel_20': None, 'atr_pct': None, 'position_in_range': None, 'rsi': None, 'bb_position': None, 'ret_3': None, 'ret_10': None, 'session_bucket': 2.0}"
2026-04-08|PL|2026-04-08T13:30:00-04:00|short|12,2026-04-08,PL,2026-04-08T13:30:00-04:00,short,12,0.41310110688209534,True,shadow,entry_next_bar_open_time_exit_at_selected_hold,36.55,36.73,18.27,"{'pressure_k': 0.0, 'spread': 0.05000000000000426, 'depth_imb_k': 0.6275815286335024, 'micro_off': 0.0, 'spread_mean_10s': 0.047368421052756036, 'depth_imb_k_mean_10s': 0.2683195472439509, 'depth_imb_k_mean_60s': 0.5362690207529829, 'dist_vwap_bps': None, 'hl_range_pct': None, 'oc_change_pct': None, 'volume_rel_20': None, 'atr_pct': None, 'position_in_range': None, 'rsi': None, 'bb_position': None, 'ret_3': None, 'ret_10': None, 'session_bucket': 2.0}"
2026-04-08|PL|2026-04-08T13:31:00-04:00|short|8,2026-04-08,PL,2026-04-08T13:31:00-04:00,short,8,0.5114507079124451,True,shadow,entry_next_bar_open_time_exit_at_selected_hold,36.57,36.75,18.29,"{'pressure_k': 0.0, 'spread': 0.03999999999999915, 'depth_imb_k': 0.5421289074686466, 'micro_off': 0.006666666666667709, 'spread_mean_10s': 0.040263157894706206, 'depth_imb_k_mean_10s': 0.5756389485784319, 'depth_imb_k_mean_60s': 0.527864495945847, 'dist_vwap_bps': None, 'hl_range_pct': None, 'oc_change_pct': None, 'volume_rel_20': None, 'atr_pct': None, 'position_in_range': None, 'rsi': None, 'bb_position': None, 'ret_3': None, 'ret_10': None, 'session_bucket': 2.0}"
2026-04-08|PL|2026-04-08T13:32:00-04:00|short|8,2026-04-08,PL,2026-04-08T13:32:00-04:00,short,8,0.454803466796875,True,shadow,entry_next_bar_open_time_exit_at_selected_hold,36.55,36.73,18.27,"{'pressure_k': 0.0, 'spread': 0.05000000000000426, 'depth_imb_k': 0.3589580723172402, 'micro_off': 0.00833333333333286, 'spread_mean_10s': 0.0500000000001819, 'depth_imb_k_mean_10s': 0.3554783004129412, 'depth_imb_k_mean_60s': 0.32234360909162013, 'dist_vwap_bps': None, 'hl_range_pct': None, 'oc_change_pct': None, 'volume_rel_20': None, 'atr_pct': None, 'position_in_range': None, 'rsi': None, 'bb_position': None, 'ret_3': None, 'ret_10': None, 'session_bucket': 2.0}"
2026-04-08|PL|2026-04-08T13:33:00-04:00|short|8,2026-04-08,PL,2026-04-08T13:33:00-04:00,short,8,0.4540061056613922,True,shadow,entry_next_bar_open_time_exit_at_selected_hold,36.49,36.67,18.25,"{'pressure_k': 0.0, 'spread': 0.04999999999999716, 'depth_imb_k': 0.7598107753876719, 'micro_off': 0.0, 'spread_mean_10s': 0.04319444444459148, 'depth_imb_k_mean_10s': 0.7212853765154377, 'depth_imb_k_mean_60s': 0.6013310983466518, 'dist_vwap_bps': None, 'hl_range_pct': None, 'oc_change_pct': None, 'volume_rel_20': None, 'atr_pct': None, 'position_in_range': None, 'rsi': None, 'bb_position': None, 'ret_3': None, 'ret_10': None, 'session_bucket': 2.0}"
2026-04-08|PL|2026-04-08T13:34:00-04:00|short|12,2026-04-08,PL,2026-04-08T13:34:00-04:00,short,12,0.5371001958847046,True,shadow,entry_next_bar_open_time_exit_at_selected_hold,36.61,36.79,18.3,"{'pressure_k': 0.0, 'spread': 0.05000000000000426, 'depth_imb_k': 0.13896039875116395, 'micro_off': 0.00833333333333286, 'spread_mean_10s': 0.050563380281858715, 'depth_imb_k_mean_10s': 0.4466280756004649, 'depth_imb_k_mean_60s': 0.5651794852240661, 'dist_vwap_bps': None, 'hl_range_pct': None, 'oc_change_pct': None, 'volume_rel_20': None, 'atr_pct': None, 'position_in_range': None, 'rsi': None, 'bb_position': None, 'ret_3': None, 'ret_10': None, 'session_bucket': 2.0}"
2026-04-08|PL|2026-04-08T13:35:00-04:00|short|12,2026-04-08,PL,2026-04-08T13:35:00-04:00,short,12,0.4280627965927124,True,shadow,entry_next_bar_open_time_exit_at_selected_hold,36.585,36.77,18.29,"{'pressure_k': 0.0, 'spread': 0.03999999999999915, 'depth_imb_k': 0.2771871523719673, 'micro_off': 0.006666666666667709, 'spread_mean_10s': 0.03999999999996362, 'depth_imb_k_mean_10s': 0.27494098334952805, 'depth_imb_k_mean_60s': 0.1839325669289066, 'dist_vwap_bps': None, 'hl_range_pct': None, 'oc_change_pct': None, 'volume_rel_20': None, 'atr_pct': None, 'position_in_range': None, 'rsi': None, 'bb_position': None, 'ret_3': None, 'ret_10': None, 'session_bucket': 2.0}"
2026-04-08|PL|2026-04-08T13:36:00-04:00|short|8,2026-04-08,PL,2026-04-08T13:36:00-04:00,short,8,0.4248480498790741,True,shadow,entry_next_bar_open_time_exit_at_selected_hold,36.6449,36.83,18.32,"{'pressure_k': 0.0, 'spread': 0.04999999999999716, 'depth_imb_k': 0.29173955584546507, 'micro_off': 0.00833333333333286, 'spread_mean_10s': 0.04710526315801345, 'depth_imb_k_mean_10s': 0.169222996016886, 'depth_imb_k_mean_60s': 0.2959439231650564, 'dist_vwap_bps': None, 'hl_range_pct': None, 'oc_change_pct': None, 'volume_rel_20': None, 'atr_pct': None, 'position_in_range': None, 'rsi': None, 'bb_position': None, 'ret_3': None, 'ret_10': None, 'session_bucket': 2.0}"
2026-04-08|PL|2026-04-08T13:37:00-04:00|short|12,2026-04-08,PL,2026-04-08T13:37:00-04:00,short,12,0.5151980519294739,True,shadow,entry_next_bar_open_time_exit_at_selected_hold,36.62,36.8,18.31,"{'pressure_k': 0.0, 'spread': 0.05999999999999517, 'depth_imb_k': 0.658019045030806, 'micro_off': 0.00999999999999801, 'spread_mean_10s': 0.057631578947465595, 'depth_imb_k_mean_10s': 0.6209643845462253, 'depth_imb_k_mean_60s': 0.36657440227096605, 'dist_vwap_bps': None, 'hl_range_pct': None, 'oc_change_pct': None, 'volume_rel_20': None, 'atr_pct': None, 'position_in_range': None, 'rsi': None, 'bb_position': None, 'ret_3': None, 'ret_10': None, 'session_bucket': 2.0}"
2026-04-08|PL|2026-04-08T13:38:00-04:00|short|12,2026-04-08,PL,2026-04-08T13:38:00-04:00,short,12,0.44676053524017334,True,shadow,entry_next_bar_open_time_exit_at_selected_hold,36.63,36.81,18.32,"{'pressure_k': 0.0, 'spread': 0.03999999999999915, 'depth_imb_k': 0.6865988339391212, 'micro_off': 7.105427357601002e-15, 'spread_mean_10s': 0.03500000000010579, 'depth_imb_k_mean_10s': 0.665754612911793, 'depth_imb_k_mean_60s': 0.4932315202123128, 'dist_vwap_bps': None, 'hl_range_pct': None, 'oc_change_pct': None, 'volume_rel_20': None, 'atr_pct': None, 'position_in_range': None, 'rsi': None, 'bb_position': None, 'ret_3': None, 'ret_10': None, 'session_bucket': 2.0}"
2026-04-08|PL|2026-04-08T13:39:00-04:00|short|12,2026-04-08,PL,2026-04-08T13:39:00-04:00,short,12,0.43401625752449036,True,shadow,entry_next_bar_open_time_exit_at_selected_hold,36.64,36.82,18.32,"{'pressure_k': 0.0, 'spread': 0.020000000000003126, 'depth_imb_k': 0.23683138091745023, 'micro_off': 7.105427357601002e-15, 'spread_mean_10s': 0.028684210526343554, 'depth_imb_k_mean_10s': 0.3071081408941992, 'depth_imb_k_mean_60s': 0.4972358254104116, 'dist_vwap_bps': None, 'hl_range_pct': None, 'oc_change_pct': None, 'volume_rel_20': None, 'atr_pct': None, 'position_in_range': None, 'rsi': None, 'bb_position': None, 'ret_3': None, 'ret_10': None, 'session_bucket': 2.0}"
2026-04-08|PL|2026-04-08T13:40:00-04:00|long|8,2026-04-08,PL,2026-04-08T13:40:00-04:00,long,8,0.4961816072463989,True,shadow,entry_next_bar_open_time_exit_at_selected_hold,36.58,36.4,54.87,"{'pressure_k': 0.0, 'spread': 0.030000000000001137, 'depth_imb_k': -0.580748149843256, 'micro_off': 0.0, 'spread_mean_10s': 0.03763157894743591, 'depth_imb_k_mean_10s': -0.48688993516717155, 'depth_imb_k_mean_60s': 0.1764392802669795, 'dist_vwap_bps': None, 'hl_range_pct': None, 'oc_change_pct': None, 'volume_rel_20': None, 'atr_pct': None, 'position_in_range': None, 'rsi': None, 'bb_position': None, 'ret_3': None, 'ret_10': None, 'session_bucket': 2.0}"
2026-04-08|PL|2026-04-08T13:41:00-04:00|short|12,2026-04-08,PL,2026-04-08T13:41:00-04:00,short,12,0.43330657482147217,True,shadow,entry_next_bar_open_time_exit_at_selected_hold,36.52,36.7,18.26,"{'pressure_k': 0.0, 'spread': 0.030000000000001137, 'depth_imb_k': 0.3668967469064952, 'micro_off': 0.0, 'spread_mean_10s': 0.04578947368439625, 'depth_imb_k_mean_10s': 0.36137121666125066, 'depth_imb_k_mean_60s': 0.40221425726240767, 'dist_vwap_bps': None, 'hl_range_pct': None, 'oc_change_pct': None, 'volume_rel_20': None, 'atr_pct': None, 'position_in_range': None, 'rsi': None, 'bb_position': None, 'ret_3': None, 'ret_10': None, 'session_bucket': 2.0}"
2026-04-08|PL|2026-04-08T13:42:00-04:00|long|12,2026-04-08,PL,2026-04-08T13:42:00-04:00,long,12,0.4313545525074005,True,shadow,entry_next_bar_open_time_exit_at_selected_hold,36.53,36.35,54.8,"{'pressure_k': 0.0, 'spread': 0.030000000000001137, 'depth_imb_k': 0.15723603966696717, 'micro_off': 0.0, 'spread_mean_10s': 0.04972972972986886, 'depth_imb_k_mean_10s': 0.1245225217095705, 'depth_imb_k_mean_60s': 0.303425002129071, 'dist_vwap_bps': None, 'hl_range_pct': None, 'oc_change_pct': None, 'volume_rel_20': None, 'atr_pct': None, 'position_in_range': None, 'rsi': None, 'bb_position': None, 'ret_3': None, 'ret_10': None, 'session_bucket': 2.0}"
2026-04-08|PL|2026-04-08T13:43:00-04:00|long|12,2026-04-08,PL,2026-04-08T13:43:00-04:00,long,12,0.42116987705230713,True,shadow,entry_next_bar_open_time_exit_at_selected_hold,36.54,36.36,54.81,"{'pressure_k': 0.0, 'spread': 0.03999999999999915, 'depth_imb_k': 0.3645231789037963, 'micro_off': 0.0, 'spread_mean_10s': 0.038947368421065075, 'depth_imb_k_mean_10s': 0.32993221624997204, 'depth_imb_k_mean_60s': 0.31191034774977905, 'dist_vwap_bps': None, 'hl_range_pct': None, 'oc_change_pct': None, 'volume_rel_20': None, 'atr_pct': None, 'position_in_range': None, 'rsi': None, 'bb_position': None, 'ret_3': None, 'ret_10': None, 'session_bucket': 2.0}"
2026-04-08|PL|2026-04-08T13:44:00-04:00|short|8,2026-04-08,PL,2026-04-08T13:44:00-04:00,short,8,0.44379717111587524,True,shadow,entry_next_bar_open_time_exit_at_selected_hold,36.3922,36.57,18.2,"{'pressure_k': 0.0, 'spread': 0.03999999999999915, 'depth_imb_k': 0.6982304359505982, 'micro_off': 0.0, 'spread_mean_10s': 0.039210526315759796, 'depth_imb_k_mean_10s': 0.7289430131753235, 'depth_imb_k_mean_60s': 0.5263836894028726, 'dist_vwap_bps': None, 'hl_range_pct': None, 'oc_change_pct': None, 'volume_rel_20': None, 'atr_pct': None, 'position_in_range': None, 'rsi': None, 'bb_position': None, 'ret_3': None, 'ret_10': None, 'session_bucket': 2.0}"
2026-04-08|PL|2026-04-08T13:45:00-04:00|short|8,2026-04-08,PL,2026-04-08T13:45:00-04:00,short,8,0.5017688274383545,True,shadow,entry_next_bar_open_time_exit_at_selected_hold,36.325,36.51,18.16,"{'pressure_k': 0.0, 'spread': 0.07000000000000028, 'depth_imb_k': 0.6691229934560099, 'micro_off': 0.011666666666670267, 'spread_mean_10s': 0.07263157894749384, 'depth_imb_k_mean_10s': 0.6317254685490489, 'depth_imb_k_mean_60s': 0.654699775781868, 'dist_vwap_bps': None, 'hl_range_pct': None, 'oc_change_pct': None, 'volume_rel_20': None, 'atr_pct': None, 'position_in_range': None, 'rsi': None, 'bb_position': None, 'ret_3': None, 'ret_10': None, 'session_bucket': 2.0}"
2026-04-08|PL|2026-04-08T13:46:00-04:00|short|12,2026-04-08,PL,2026-04-08T13:46:00-04:00,short,12,0.4134473204612732,True,shadow,entry_next_bar_open_time_exit_at_selected_hold,36.385,36.57,18.19,"{'pressure_k': 0.0, 'spread': 0.04999999999999716, 'depth_imb_k': 0.3811119595034077, 'micro_off': 0.00833333333333286, 'spread_mean_10s': 0.0500000000001819, 'depth_imb_k_mean_10s': 0.31760852313191207, 'depth_imb_k_mean_60s': 0.6031731590841019, 'dist_vwap_bps': None, 'hl_range_pct': None, 'oc_change_pct': None, 'volume_rel_20': None, 'atr_pct': None, 'position_in_range': None, 'rsi': None, 'bb_position': None, 'ret_3': None, 'ret_10': None, 'session_bucket': 2.0}"
2026-04-08|PL|2026-04-08T13:47:00-04:00|short|3,2026-04-08,PL,2026-04-08T13:47:00-04:00,short,3,0.4840761423110962,True,shadow,entry_next_bar_open_time_exit_at_selected_hold,36.29,36.47,18.14,"{'pressure_k': 0.0, 'spread': 0.03999999999999915, 'depth_imb_k': 0.1750026191723416, 'micro_off': -0.006666666666674814, 'spread_mean_10s': 0.043582089552280615, 'depth_imb_k_mean_10s': 0.19872159457880306, 'depth_imb_k_mean_60s': 0.18518772394228, 'dist_vwap_bps': None, 'hl_range_pct': None, 'oc_change_pct': None, 'volume_rel_20': None, 'atr_pct': None, 'position_in_range': None, 'rsi': None, 'bb_position': None, 'ret_3': None, 'ret_10': None, 'session_bucket': 2.0}"
2026-04-08|PL|2026-04-08T13:48:00-04:00|long|12,2026-04-08,PL,2026-04-08T13:48:00-04:00,long,12,0.4320656359195709,True,shadow,entry_next_bar_open_time_exit_at_selected_hold,36.34,36.16,54.51,"{'pressure_k': 0.0, 'spread': 0.03999999999999915, 'depth_imb_k': -0.16431543530629716, 'micro_off': 0.0, 'spread_mean_10s': 0.048333333333478855, 'depth_imb_k_mean_10s': -0.14465024750524613, 'depth_imb_k_mean_60s': 0.14929629496645203, 'dist_vwap_bps': None, 'hl_range_pct': None, 'oc_change_pct': None, 'volume_rel_20': None, 'atr_pct': None, 'position_in_range': None, 'rsi': None, 'bb_position': None, 'ret_3': None, 'ret_10': None, 'session_bucket': 2.0}"
2026-04-08|PL|2026-04-08T13:49:00-04:00|long|12,2026-04-08,PL,2026-04-08T13:49:00-04:00,long,12,0.3716447055339813,True,shadow,entry_next_bar_open_time_exit_at_selected_hold,36.37,36.19,54.55,"{'pressure_k': 0.0, 'spread': 0.03999999999999915, 'depth_imb_k': -0.2985351164358402, 'micro_off': 7.105427357601002e-15, 'spread_mean_10s': 0.03305555555568339, 'depth_imb_k_mean_10s': -0.312695004393365, 'depth_imb_k_mean_60s': -0.31598543093938264, 'dist_vwap_bps': None, 'hl_range_pct': None, 'oc_change_pct': None, 'volume_rel_20': None, 'atr_pct': None, 'position_in_range': None, 'rsi': None, 'bb_position': None, 'ret_3': None, 'ret_10': None, 'session_bucket': 2.0}"
2026-04-08|PL|2026-04-08T13:50:00-04:00|long|12,2026-04-08,PL,2026-04-08T13:50:00-04:00,long,12,0.4914175570011139,True,shadow,entry_next_bar_open_time_exit_at_selected_hold,36.58,36.4,54.87,"{'pressure_k': 0.0, 'spread': 0.03999999999999915, 'depth_imb_k': -0.19191915876269705, 'micro_off': 0.006666666666667709, 'spread_mean_10s': 0.048947368421163685, 'depth_imb_k_mean_10s': -0.5232163403560733, 'depth_imb_k_mean_60s': -0.39346574839530957, 'dist_vwap_bps': None, 'hl_range_pct': None, 'oc_change_pct': None, 'volume_rel_20': None, 'atr_pct': None, 'position_in_range': None, 'rsi': None, 'bb_position': None, 'ret_3': None, 'ret_10': None, 'session_bucket': 2.0}"
2026-04-08|PL|2026-04-08T13:51:00-04:00|short|5,2026-04-08,PL,2026-04-08T13:51:00-04:00,short,5,0.43276527523994446,True,shadow,entry_next_bar_open_time_exit_at_selected_hold,36.6,36.78,18.3,"{'pressure_k': 0.0, 'spread': 0.03999999999999915, 'depth_imb_k': -0.5199418877921634, 'micro_off': 0.0, 'spread_mean_10s': 0.04105263157893396, 'depth_imb_k_mean_10s': -0.5219137462432675, 'depth_imb_k_mean_60s': -0.2748347532153439, 'dist_vwap_bps': None, 'hl_range_pct': None, 'oc_change_pct': None, 'volume_rel_20': None, 'atr_pct': None, 'position_in_range': None, 'rsi': None, 'bb_position': None, 'ret_3': None, 'ret_10': None, 'session_bucket': 2.0}"
2026-04-08|PL|2026-04-08T13:52:00-04:00|short|5,2026-04-08,PL,2026-04-08T13:52:00-04:00,short,5,0.4561227262020111,True,shadow,entry_next_bar_open_time_exit_at_selected_hold,36.63,36.81,18.32,"{'pressure_k': 0.0, 'spread': 0.05999999999999517, 'depth_imb_k': -0.5515953605470948, 'micro_off': -0.02927710843373177, 'spread_mean_10s': 0.04789473684207367, 'depth_imb_k_mean_10s': -0.5337582736602288, 'depth_imb_k_mean_60s': -0.35380519055289267, 'dist_vwap_bps': None, 'hl_range_pct': None, 'oc_change_pct': None, 'volume_rel_20': None, 'atr_pct': None, 'position_in_range': None, 'rsi': None, 'bb_position': None, 'ret_3': None, 'ret_10': None, 'session_bucket': 2.0}"
2026-04-08|PL|2026-04-08T13:53:00-04:00|short|5,2026-04-08,PL,2026-04-08T13:53:00-04:00,short,5,0.39563918113708496,True,shadow,entry_next_bar_open_time_exit_at_selected_hold,36.64,36.82,18.32,"{'pressure_k': 0.0, 'spread': 0.01999999999999602, 'depth_imb_k': -0.7456232981917196, 'micro_off': -0.009759036144579625, 'spread_mean_10s': 0.023888888888955587, 'depth_imb_k_mean_10s': -0.716157779534885, 'depth_imb_k_mean_60s': -0.6220807237995732, 'dist_vwap_bps': None, 'hl_range_pct': None, 'oc_change_pct': None, 'volume_rel_20': None, 'atr_pct': None, 'position_in_range': None, 'rsi': None, 'bb_position': None, 'ret_3': None, 'ret_10': None, 'session_bucket': 2.0}"
2026-04-08|PL|2026-04-08T13:54:00-04:00|short|5,2026-04-08,PL,2026-04-08T13:54:00-04:00,short,5,0.3431057929992676,True,shadow,entry_next_bar_open_time_exit_at_selected_hold,36.615,36.8,18.31,"{'pressure_k': 0.0, 'spread': 0.03999999999999915, 'depth_imb_k': -0.5676171100356545, 'micro_off': -7.105427357601002e-15, 'spread_mean_10s': 0.03999999999996362, 'depth_imb_k_mean_10s': -0.4837468574077512, 'depth_imb_k_mean_60s': -0.16285626694179775, 'dist_vwap_bps': None, 'hl_range_pct': None, 'oc_change_pct': None, 'volume_rel_20': None, 'atr_pct': None, 'position_in_range': None, 'rsi': None, 'bb_position': None, 'ret_3': None, 'ret_10': None, 'session_bucket': 2.0}"
2026-04-08|PL|2026-04-08T13:55:00-04:00|long|8,2026-04-08,PL,2026-04-08T13:55:00-04:00,long,8,0.3333720564842224,True,shadow,entry_next_bar_open_time_exit_at_selected_hold,36.646,36.46,54.97,"{'pressure_k': 0.0, 'spread': 0.03999999999999915, 'depth_imb_k': -0.581691142094106, 'micro_off': 7.105427357601002e-15, 'spread_mean_10s': 0.03999999999996362, 'depth_imb_k_mean_10s': -0.5891596829216994, 'depth_imb_k_mean_60s': -0.6156108476469118, 'dist_vwap_bps': None, 'hl_range_pct': None, 'oc_change_pct': None, 'volume_rel_20': None, 'atr_pct': None, 'position_in_range': None, 'rsi': None, 'bb_position': None, 'ret_3': None, 'ret_10': None, 'session_bucket': 2.0}"
2026-04-08|PL|2026-04-08T13:56:00-04:00|short|5,2026-04-08,PL,2026-04-08T13:56:00-04:00,short,5,0.402774453163147,True,shadow,entry_next_bar_open_time_exit_at_selected_hold,36.65,36.83,18.32,"{'pressure_k': 0.0, 'spread': 0.03999999999999915, 'depth_imb_k': -0.5528339399117654, 'micro_off': -0.01951807228915925, 'spread_mean_10s': 0.03631578947373495, 'depth_imb_k_mean_10s': -0.5670468105925849, 'depth_imb_k_mean_60s': -0.5186124788166145, 'dist_vwap_bps': None, 'hl_range_pct': None, 'oc_change_pct': None, 'volume_rel_20': None, 'atr_pct': None, 'position_in_range': None, 'rsi': None, 'bb_position': None, 'ret_3': None, 'ret_10': None, 'session_bucket': 2.0}"
2026-04-08|PL|2026-04-08T13:57:00-04:00|long|8,2026-04-08,PL,2026-04-08T13:57:00-04:00,long,8,0.35027259588241577,True,shadow,entry_next_bar_open_time_exit_at_selected_hold,36.63,36.45,54.95,"{'pressure_k': 0.0, 'spread': 0.030000000000001137, 'depth_imb_k': -0.6864867668159109, 'micro_off': -0.005000000000002558, 'spread_mean_10s': 0.024444444444523268, 'depth_imb_k_mean_10s': -0.6678173426663407, 'depth_imb_k_mean_60s': -0.6091316967491097, 'dist_vwap_bps': None, 'hl_range_pct': None, 'oc_change_pct': None, 'volume_rel_20': None, 'atr_pct': None, 'position_in_range': None, 'rsi': None, 'bb_position': None, 'ret_3': None, 'ret_10': None, 'session_bucket': 2.0}"
2026-04-08|PL|2026-04-08T13:58:00-04:00|long|8,2026-04-08,PL,2026-04-08T13:58:00-04:00,long,8,0.3894730806350708,True,shadow,entry_next_bar_open_time_exit_at_selected_hold,36.5496,36.37,54.82,"{'pressure_k': 0.0, 'spread': 0.04999999999999716, 'depth_imb_k': -0.1120958435880677, 'micro_off': -0.00833333333333286, 'spread_mean_10s': 0.043684210526359825, 'depth_imb_k_mean_10s': 0.19968973586370148, 'depth_imb_k_mean_60s': -0.15053443867521207, 'dist_vwap_bps': None, 'hl_range_pct': None, 'oc_change_pct': None, 'volume_rel_20': None, 'atr_pct': None, 'position_in_range': None, 'rsi': None, 'bb_position': None, 'ret_3': None, 'ret_10': None, 'session_bucket': 2.0}"
2026-04-08|PL|2026-04-08T13:59:00-04:00|long|8,2026-04-08,PL,2026-04-08T13:59:00-04:00,long,8,0.3444133400917053,True,shadow,entry_next_bar_open_time_exit_at_selected_hold,36.56,36.38,54.84,"{'pressure_k': 0.0, 'spread': 0.09000000000000341, 'depth_imb_k': -0.12584871159993252, 'micro_off': -0.015000000000000568, 'spread_mean_10s': 0.08236842105275412, 'depth_imb_k_mean_10s': -0.15574807845510613, 'depth_imb_k_mean_60s': 0.06753574471665957, 'dist_vwap_bps': None, 'hl_range_pct': None, 'oc_change_pct': None, 'volume_rel_20': None, 'atr_pct': None, 'position_in_range': None, 'rsi': None, 'bb_position': None, 'ret_3': None, 'ret_10': None, 'session_bucket': 2.0}"
2026-04-08|PL|2026-04-08T14:00:00-04:00|long|8,2026-04-08,PL,2026-04-08T14:00:00-04:00,long,8,0.33722665905952454,True,shadow,entry_next_bar_open_time_exit_at_selected_hold,36.57,36.39,54.86,"{'pressure_k': 0.0, 'spread': 0.07000000000000028, 'depth_imb_k': 0.05096246908269706, 'micro_off': 0.0, 'spread_mean_10s': 0.07684210526313588, 'depth_imb_k_mean_10s': 0.08578670383181625, 'depth_imb_k_mean_60s': -0.11941905311113844, 'dist_vwap_bps': None, 'hl_range_pct': None, 'oc_change_pct': None, 'volume_rel_20': None, 'atr_pct': None, 'position_in_range': None, 'rsi': None, 'bb_position': None, 'ret_3': None, 'ret_10': None, 'session_bucket': 2.0}"
2026-04-08|PL|2026-04-08T14:01:00-04:00|short|12,2026-04-08,PL,2026-04-08T14:01:00-04:00,short,12,0.41746214032173157,True,shadow,entry_next_bar_open_time_exit_at_selected_hold,36.485,36.67,18.24,"{'pressure_k': 0.0, 'spread': 0.07000000000000028, 'depth_imb_k': 0.5911773577976839, 'micro_off': -0.011666666666670267, 'spread_mean_10s': 0.06394736842109619, 'depth_imb_k_mean_10s': 0.635687045812981, 'depth_imb_k_mean_60s': 0.23345873273907122, 'dist_vwap_bps': None, 'hl_range_pct': None, 'oc_change_pct': None, 'volume_rel_20': None, 'atr_pct': None, 'position_in_range': None, 'rsi': None, 'bb_position': None, 'ret_3': None, 'ret_10': None, 'session_bucket': 2.0}"
2026-04-08|PL|2026-04-08T14:02:00-04:00|short|8,2026-04-08,PL,2026-04-08T14:02:00-04:00,short,8,0.4506153166294098,True,shadow,entry_next_bar_open_time_exit_at_selected_hold,36.425,36.61,18.21,"{'pressure_k': 0.0, 'spread': 0.05000000000000426, 'depth_imb_k': 0.6461703618661379, 'micro_off': 0.0, 'spread_mean_10s': 0.036052631579040234, 'depth_imb_k_mean_10s': 0.5191377202982398, 'depth_imb_k_mean_60s': 0.47340448004950103, 'dist_vwap_bps': None, 'hl_range_pct': None, 'oc_change_pct': None, 'volume_rel_20': None, 'atr_pct': None, 'position_in_range': None, 'rsi': None, 'bb_position': None, 'ret_3': None, 'ret_10': None, 'session_bucket': 2.0}"
2026-04-08|PL|2026-04-08T14:03:00-04:00|long|12,2026-04-08,PL,2026-04-08T14:03:00-04:00,long,12,0.3950236737728119,True,shadow,entry_next_bar_open_time_exit_at_selected_hold,36.435,36.25,54.65,"{'pressure_k': 0.0, 'spread': 0.030000000000001137, 'depth_imb_k': 0.15809905342645442, 'micro_off': 0.0049999999999954525, 'spread_mean_10s': 0.03000000000020009, 'depth_imb_k_mean_10s': 0.11869323044944442, 'depth_imb_k_mean_60s': 0.33177573996766996, 'dist_vwap_bps': None, 'hl_range_pct': None, 'oc_change_pct': None, 'volume_rel_20': None, 'atr_pct': None, 'position_in_range': None, 'rsi': None, 'bb_position': None, 'ret_3': None, 'ret_10': None, 'session_bucket': 2.0}"
2026-04-08|PL|2026-04-08T14:04:00-04:00|long|8,2026-04-08,PL,2026-04-08T14:04:00-04:00,long,8,0.38284847140312195,True,shadow,entry_next_bar_open_time_exit_at_selected_hold,36.42,36.24,54.63,"{'pressure_k': 0.0, 'spread': 0.04999999999999716, 'depth_imb_k': 0.15122291660057735, 'micro_off': 0.0, 'spread_mean_10s': 0.05105263157910438, 'depth_imb_k_mean_10s': 0.14365227423440716, 'depth_imb_k_mean_60s': 0.26028000354795805, 'dist_vwap_bps': None, 'hl_range_pct': None, 'oc_change_pct': None, 'volume_rel_20': None, 'atr_pct': None, 'position_in_range': None, 'rsi': None, 'bb_position': None, 'ret_3': None, 'ret_10': None, 'session_bucket': 2.0}"
2026-04-08|PL|2026-04-08T14:05:00-04:00|long|8,2026-04-08,PL,2026-04-08T14:05:00-04:00,long,8,0.4341813623905182,True,shadow,entry_next_bar_open_time_exit_at_selected_hold,36.4558,36.27,54.68,"{'pressure_k': 0.0, 'spread': 0.030000000000001137, 'depth_imb_k': 0.24591156874621442, 'micro_off': -0.009000000000000341, 'spread_mean_10s': 0.033684210526440723, 'depth_imb_k_mean_10s': 0.2906589038421101, 'depth_imb_k_mean_60s': -0.12301585641056162, 'dist_vwap_bps': None, 'hl_range_pct': None, 'oc_change_pct': None, 'volume_rel_20': None, 'atr_pct': None, 'position_in_range': None, 'rsi': None, 'bb_position': None, 'ret_3': None, 'ret_10': None, 'session_bucket': 2.0}"
2026-04-08|PL|2026-04-08T14:06:00-04:00|short|8,2026-04-08,PL,2026-04-08T14:06:00-04:00,short,8,0.4094257652759552,True,shadow,entry_next_bar_open_time_exit_at_selected_hold,36.37,36.55,18.18,"{'pressure_k': 0.0, 'spread': 0.03999999999999915, 'depth_imb_k': 0.6514346909259525, 'micro_off': -0.01200000000000756, 'spread_mean_10s': 0.02947368421049951, 'depth_imb_k_mean_10s': 0.5213795309664898, 'depth_imb_k_mean_60s': 0.4792906132055254, 'dist_vwap_bps': None, 'hl_range_pct': None, 'oc_change_pct': None, 'volume_rel_20': None, 'atr_pct': None, 'position_in_range': None, 'rsi': None, 'bb_position': None, 'ret_3': None, 'ret_10': None, 'session_bucket': 2.0}"
2026-04-08|PL|2026-04-08T14:07:00-04:00|short|12,2026-04-08,PL,2026-04-08T14:07:00-04:00,short,12,0.3913944363594055,True,shadow,entry_next_bar_open_time_exit_at_selected_hold,36.425,36.61,18.21,"{'pressure_k': 0.0, 'spread': 0.04000000000000625, 'depth_imb_k': 0.07930999528945971, 'micro_off': 0.0, 'spread_mean_10s': 0.052368421052709606, 'depth_imb_k_mean_10s': 0.20508115985924297, 'depth_imb_k_mean_60s': 0.22887787804928342, 'dist_vwap_bps': None, 'hl_range_pct': None, 'oc_change_pct': None, 'volume_rel_20': None, 'atr_pct': None, 'position_in_range': None, 'rsi': None, 'bb_position': None, 'ret_3': None, 'ret_10': None, 'session_bucket': 2.0}"
2026-04-08|PL|2026-04-08T14:08:00-04:00|long|12,2026-04-08,PL,2026-04-08T14:08:00-04:00,long,12,0.39984557032585144,True,shadow,entry_next_bar_open_time_exit_at_selected_hold,36.38,36.2,54.57,"{'pressure_k': 0.0, 'spread': 0.04999999999999716, 'depth_imb_k': 0.05091025523739823, 'micro_off': 0.0, 'spread_mean_10s': 0.04815789473698379, 'depth_imb_k_mean_10s': -0.022086015436020477, 'depth_imb_k_mean_60s': -0.004119886730594372, 'dist_vwap_bps': None, 'hl_range_pct': None, 'oc_change_pct': None, 'volume_rel_20': None, 'atr_pct': None, 'position_in_range': None, 'rsi': None, 'bb_position': None, 'ret_3': None, 'ret_10': None, 'session_bucket': 2.0}"
2026-04-08|PL|2026-04-08T14:09:00-04:00|short|12,2026-04-08,PL,2026-04-08T14:09:00-04:00,short,12,0.4357903301715851,True,shadow,entry_next_bar_open_time_exit_at_selected_hold,36.45,36.63,18.23,"{'pressure_k': 0.0, 'spread': 0.04999999999999716, 'depth_imb_k': -0.09986221028829848, 'micro_off': 0.005000000000002558, 'spread_mean_10s': 0.05297297297308457, 'depth_imb_k_mean_10s': -0.14693046018298964, 'depth_imb_k_mean_60s': 0.023058293371625332, 'dist_vwap_bps': None, 'hl_range_pct': None, 'oc_change_pct': None, 'volume_rel_20': None, 'atr_pct': None, 'position_in_range': None, 'rsi': None, 'bb_position': None, 'ret_3': None, 'ret_10': None, 'session_bucket': 2.0}"
2026-04-08|PL|2026-04-08T14:10:00-04:00|short|12,2026-04-08,PL,2026-04-08T14:10:00-04:00,short,12,0.35202261805534363,True,shadow,entry_next_bar_open_time_exit_at_selected_hold,36.41,36.59,18.2,"{'pressure_k': 0.0, 'spread': 0.030000000000001137, 'depth_imb_k': 0.14140829597951998, 'micro_off': -0.0049999999999954525, 'spread_mean_10s': 0.03000000000020009, 'depth_imb_k_mean_10s': 0.037265954159824775, 'depth_imb_k_mean_60s': -0.005695225170657952, 'dist_vwap_bps': None, 'hl_range_pct': None, 'oc_change_pct': None, 'volume_rel_20': None, 'atr_pct': None, 'position_in_range': None, 'rsi': None, 'bb_position': None, 'ret_3': None, 'ret_10': None, 'session_bucket': 2.0}"
2026-04-08|PL|2026-04-08T14:11:00-04:00|short|12,2026-04-08,PL,2026-04-08T14:11:00-04:00,short,12,0.48977404832839966,True,shadow,entry_next_bar_open_time_exit_at_selected_hold,36.49,36.67,18.25,"{'pressure_k': 0.0, 'spread': 0.020000000000003126, 'depth_imb_k': -0.25332877531834885, 'micro_off': -0.0033333333333303017, 'spread_mean_10s': 0.018947368421202936, 'depth_imb_k_mean_10s': -0.19535178016526275, 'depth_imb_k_mean_60s': -0.027121819776732132, 'dist_vwap_bps': None, 'hl_range_pct': None, 'oc_change_pct': None, 'volume_rel_20': None, 'atr_pct': None, 'position_in_range': None, 'rsi': None, 'bb_position': None, 'ret_3': None, 'ret_10': None, 'session_bucket': 2.0}"
2026-04-08|PL|2026-04-08T14:12:00-04:00|short|12,2026-04-08,PL,2026-04-08T14:12:00-04:00,short,12,0.376027911901474,True,shadow,entry_next_bar_open_time_exit_at_selected_hold,36.44,36.62,18.22,"{'pressure_k': 0.0, 'spread': 0.030000000000001137, 'depth_imb_k': 0.032979720074571076, 'micro_off': -0.005000000000002558, 'spread_mean_10s': 0.03000000000020009, 'depth_imb_k_mean_10s': -0.12862190773391546, 'depth_imb_k_mean_60s': -0.17355683293674673, 'dist_vwap_bps': None, 'hl_range_pct': None, 'oc_change_pct': None, 'volume_rel_20': None, 'atr_pct': None, 'position_in_range': None, 'rsi': None, 'bb_position': None, 'ret_3': None, 'ret_10': None, 'session_bucket': 2.0}"
2026-04-08|PL|2026-04-08T14:13:00-04:00|short|8,2026-04-08,PL,2026-04-08T14:13:00-04:00,short,8,0.38698339462280273,True,shadow,entry_next_bar_open_time_exit_at_selected_hold,36.5,36.68,18.25,"{'pressure_k': 0.0, 'spread': 0.030000000000001137, 'depth_imb_k': -0.035257145883723806, 'micro_off': 0.007500000000000284, 'spread_mean_10s': 0.03000000000020009, 'depth_imb_k_mean_10s': -0.09136922808007651, 'depth_imb_k_mean_60s': -0.12465029991264193, 'dist_vwap_bps': None, 'hl_range_pct': None, 'oc_change_pct': None, 'volume_rel_20': None, 'atr_pct': None, 'position_in_range': None, 'rsi': None, 'bb_position': None, 'ret_3': None, 'ret_10': None, 'session_bucket': 2.0}"
2026-04-08|PL|2026-04-08T14:14:00-04:00|short|8,2026-04-08,PL,2026-04-08T14:14:00-04:00,short,8,0.36975109577178955,True,shadow,entry_next_bar_open_time_exit_at_selected_hold,36.54,36.72,18.27,"{'pressure_k': 0.0, 'spread': 0.03999999999999915, 'depth_imb_k': -0.0352698376299798, 'micro_off': 0.006666666666667709, 'spread_mean_10s': 0.03999999999996362, 'depth_imb_k_mean_10s': -0.1546626197595479, 'depth_imb_k_mean_60s': -0.17991632404230423, 'dist_vwap_bps': None, 'hl_range_pct': None, 'oc_change_pct': None, 'volume_rel_20': None, 'atr_pct': None, 'position_in_range': None, 'rsi': None, 'bb_position': None, 'ret_3': None, 'ret_10': None, 'session_bucket': 2.0}"
2026-04-08|PL|2026-04-08T14:15:00-04:00|short|12,2026-04-08,PL,2026-04-08T14:15:00-04:00,short,12,0.4308767318725586,True,shadow,entry_next_bar_open_time_exit_at_selected_hold,36.57,36.75,18.29,"{'pressure_k': 0.0, 'spread': 0.04000000000000625, 'depth_imb_k': 0.3100612166711499, 'micro_off': 0.0, 'spread_mean_10s': 0.03999999999996362, 'depth_imb_k_mean_10s': 0.26784475830708, 'depth_imb_k_mean_60s': -0.0682356340988745, 'dist_vwap_bps': None, 'hl_range_pct': None, 'oc_change_pct': None, 'volume_rel_20': None, 'atr_pct': None, 'position_in_range': None, 'rsi': None, 'bb_position': None, 'ret_3': None, 'ret_10': None, 'session_bucket': 2.0}"
2026-04-08|PL|2026-04-08T14:16:00-04:00|short|12,2026-04-08,PL,2026-04-08T14:16:00-04:00,short,12,0.41385406255722046,True,shadow,entry_next_bar_open_time_exit_at_selected_hold,36.58,36.76,18.29,"{'pressure_k': 0.0, 'spread': 0.01999999999999602, 'depth_imb_k': 0.367107015586192, 'micro_off': 0.005000000000002558, 'spread_mean_10s': 0.01999999999998181, 'depth_imb_k_mean_10s': 0.34170518814639045, 'depth_imb_k_mean_60s': -0.09201799480395183, 'dist_vwap_bps': None, 'hl_range_pct': None, 'oc_change_pct': None, 'volume_rel_20': None, 'atr_pct': None, 'position_in_range': None, 'rsi': None, 'bb_position': None, 'ret_3': None, 'ret_10': None, 'session_bucket': 2.0}"
2026-04-08|PL|2026-04-08T14:17:00-04:00|short|5,2026-04-08,PL,2026-04-08T14:17:00-04:00,short,5,0.37496647238731384,True,shadow,entry_next_bar_open_time_exit_at_selected_hold,36.55,36.73,18.27,"{'pressure_k': 0.0, 'spread': 0.03999999999999915, 'depth_imb_k': -0.7311721372966192, 'micro_off': 0.006666666666667709, 'spread_mean_10s': 0.03868421052629856, 'depth_imb_k_mean_10s': -0.7163782864570294, 'depth_imb_k_mean_60s': -0.6449391548712227, 'dist_vwap_bps': None, 'hl_range_pct': None, 'oc_change_pct': None, 'volume_rel_20': None, 'atr_pct': None, 'position_in_range': None, 'rsi': None, 'bb_position': None, 'ret_3': None, 'ret_10': None, 'session_bucket': 2.0}"
2026-04-08|PL|2026-04-08T14:18:00-04:00|long|8,2026-04-08,PL,2026-04-08T14:18:00-04:00,long,8,0.45261016488075256,True,shadow,entry_next_bar_open_time_exit_at_selected_hold,36.42,36.24,54.63,"{'pressure_k': 0.0, 'spread': 0.060000000000002274, 'depth_imb_k': -0.0046658809473837165, 'micro_off': 0.0, 'spread_mean_10s': 0.05157894736848184, 'depth_imb_k_mean_10s': 0.20240909908697127, 'depth_imb_k_mean_60s': -0.23472001202931198, 'dist_vwap_bps': None, 'hl_range_pct': None, 'oc_change_pct': None, 'volume_rel_20': None, 'atr_pct': None, 'position_in_range': None, 'rsi': None, 'bb_position': None, 'ret_3': None, 'ret_10': None, 'session_bucket': 2.0}"
2026-04-08|PL|2026-04-08T14:19:00-04:00|long|12,2026-04-08,PL,2026-04-08T14:19:00-04:00,long,12,0.44516947865486145,True,shadow,entry_next_bar_open_time_exit_at_selected_hold,36.505,36.32,54.76,"{'pressure_k': 0.0, 'spread': 0.04999999999999716, 'depth_imb_k': -0.27107333995599914, 'micro_off': 0.0, 'spread_mean_10s': 0.04289473684213207, 'depth_imb_k_mean_10s': 0.12568820751619714, 'depth_imb_k_mean_60s': 0.38226992642819146, 'dist_vwap_bps': None, 'hl_range_pct': None, 'oc_change_pct': None, 'volume_rel_20': None, 'atr_pct': None, 'position_in_range': None, 'rsi': None, 'bb_position': None, 'ret_3': None, 'ret_10': None, 'session_bucket': 2.0}"
2026-04-08|PL|2026-04-08T14:20:00-04:00|long|8,2026-04-08,PL,2026-04-08T14:20:00-04:00,long,8,0.42152121663093567,True,shadow,entry_next_bar_open_time_exit_at_selected_hold,36.52,36.34,54.78,"{'pressure_k': 0.0, 'spread': 0.05000000000000426, 'depth_imb_k': -0.2553179105652923, 'micro_off': 0.008333333333339965, 'spread_mean_10s': 0.04789473684219334, 'depth_imb_k_mean_10s': 0.17110929765110422, 'depth_imb_k_mean_60s': -0.30117996007763675, 'dist_vwap_bps': None, 'hl_range_pct': None, 'oc_change_pct': None, 'volume_rel_20': None, 'atr_pct': None, 'position_in_range': None, 'rsi': None, 'bb_position': None, 'ret_3': None, 'ret_10': None, 'session_bucket': 2.0}"
2026-04-08|PL|2026-04-08T14:21:00-04:00|short|3,2026-04-08,PL,2026-04-08T14:21:00-04:00,short,3,0.48532766103744507,True,shadow,entry_next_bar_open_time_exit_at_selected_hold,36.51,36.69,18.25,"{'pressure_k': 0.0, 'spread': 0.02999999999999403, 'depth_imb_k': -0.6185002676922741, 'micro_off': 0.0, 'spread_mean_10s': 0.0468421052632948, 'depth_imb_k_mean_10s': -0.5794623727298657, 'depth_imb_k_mean_60s': -0.28788225168799464, 'dist_vwap_bps': None, 'hl_range_pct': None, 'oc_change_pct': None, 'volume_rel_20': None, 'atr_pct': None, 'position_in_range': None, 'rsi': None, 'bb_position': None, 'ret_3': None, 'ret_10': None, 'session_bucket': 2.0}"
2026-04-08|PL|2026-04-08T14:22:00-04:00|long|8,2026-04-08,PL,2026-04-08T14:22:00-04:00,long,8,0.46514180302619934,True,shadow,entry_next_bar_open_time_exit_at_selected_hold,36.375,36.19,54.56,"{'pressure_k': 0.0, 'spread': 0.030000000000001137, 'depth_imb_k': -0.048600662991703236, 'micro_off': -0.007500000000000284, 'spread_mean_10s': 0.04473684210537804, 'depth_imb_k_mean_10s': 0.09133199026384893, 'depth_imb_k_mean_60s': 0.11869897128834087, 'dist_vwap_bps': None, 'hl_range_pct': None, 'oc_change_pct': None, 'volume_rel_20': None, 'atr_pct': None, 'position_in_range': None, 'rsi': None, 'bb_position': None, 'ret_3': None, 'ret_10': None, 'session_bucket': 2.0}"
2026-04-08|PL|2026-04-08T14:23:00-04:00|short|12,2026-04-08,PL,2026-04-08T14:23:00-04:00,short,12,0.4253197908401489,True,shadow,entry_next_bar_open_time_exit_at_selected_hold,36.45,36.63,18.23,"{'pressure_k': 0.0, 'spread': 0.04999999999999716, 'depth_imb_k': -0.08732153055396916, 'micro_off': 0.00833333333333286, 'spread_mean_10s': 0.056142857142893784, 'depth_imb_k_mean_10s': -0.09919244047806777, 'depth_imb_k_mean_60s': -0.04171817848235193, 'dist_vwap_bps': None, 'hl_range_pct': None, 'oc_change_pct': None, 'volume_rel_20': None, 'atr_pct': None, 'position_in_range': None, 'rsi': None, 'bb_position': None, 'ret_3': None, 'ret_10': None, 'session_bucket': 2.0}"
2026-04-08|PL|2026-04-08T14:24:00-04:00|short|5,2026-04-08,PL,2026-04-08T14:24:00-04:00,short,5,0.41936731338500977,True,shadow,entry_next_bar_open_time_exit_at_selected_hold,36.5933,36.78,18.3,"{'pressure_k': 0.0, 'spread': 0.02999999999999403, 'depth_imb_k': -0.6385734111089799, 'micro_off': 0.0049999999999954525, 'spread_mean_10s': 0.04052631578949666, 'depth_imb_k_mean_10s': -0.6474603118093862, 'depth_imb_k_mean_60s': -0.4663081885999782, 'dist_vwap_bps': None, 'hl_range_pct': None, 'oc_change_pct': None, 'volume_rel_20': None, 'atr_pct': None, 'position_in_range': None, 'rsi': None, 'bb_position': None, 'ret_3': None, 'ret_10': None, 'session_bucket': 2.0}"
2026-04-08|PL|2026-04-08T14:25:00-04:00|short|12,2026-04-08,PL,2026-04-08T14:25:00-04:00,short,12,0.43267783522605896,True,shadow,entry_next_bar_open_time_exit_at_selected_hold,36.55,36.73,18.27,"{'pressure_k': 0.0, 'spread': 0.04999999999999716, 'depth_imb_k': -0.6884355890516055, 'micro_off': 0.00833333333333286, 'spread_mean_10s': 0.053188405797207954, 'depth_imb_k_mean_10s': -0.1724808385282207, 'depth_imb_k_mean_60s': -0.31839477409787226, 'dist_vwap_bps': None, 'hl_range_pct': None, 'oc_change_pct': None, 'volume_rel_20': None, 'atr_pct': None, 'position_in_range': None, 'rsi': None, 'bb_position': None, 'ret_3': None, 'ret_10': None, 'session_bucket': 2.0}"
2026-04-08|PL|2026-04-08T14:26:00-04:00|short|12,2026-04-08,PL,2026-04-08T14:26:00-04:00,short,12,0.3963332176208496,True,shadow,entry_next_bar_open_time_exit_at_selected_hold,36.54,36.72,18.27,"{'pressure_k': 0.0, 'spread': 0.05000000000000426, 'depth_imb_k': -0.7433238121679553, 'micro_off': 0.00833333333333286, 'spread_mean_10s': 0.050540540540672786, 'depth_imb_k_mean_10s': -0.4703118359809958, 'depth_imb_k_mean_60s': -0.2862025589076691, 'dist_vwap_bps': None, 'hl_range_pct': None, 'oc_change_pct': None, 'volume_rel_20': None, 'atr_pct': None, 'position_in_range': None, 'rsi': None, 'bb_position': None, 'ret_3': None, 'ret_10': None, 'session_bucket': 2.0}"
2026-04-08|PL|2026-04-08T14:27:00-04:00|long|8,2026-04-08,PL,2026-04-08T14:27:00-04:00,long,8,0.42291608452796936,True,shadow,entry_next_bar_open_time_exit_at_selected_hold,36.495,36.31,54.74,"{'pressure_k': 0.0, 'spread': 0.03999999999999915, 'depth_imb_k': -0.005030067551227691, 'micro_off': -7.105427357601002e-15, 'spread_mean_10s': 0.04210526315790431, 'depth_imb_k_mean_10s': 0.06593093360764837, 'depth_imb_k_mean_60s': -0.1872356970665093, 'dist_vwap_bps': None, 'hl_range_pct': None, 'oc_change_pct': None, 'volume_rel_20': None, 'atr_pct': None, 'position_in_range': None, 'rsi': None, 'bb_position': None, 'ret_3': None, 'ret_10': None, 'session_bucket': 2.0}"
2026-04-08|PL|2026-04-08T14:28:00-04:00|long|12,2026-04-08,PL,2026-04-08T14:28:00-04:00,long,12,0.3990746736526489,True,shadow,entry_next_bar_open_time_exit_at_selected_hold,36.48,36.3,54.72,"{'pressure_k': 0.0, 'spread': 0.03999999999999915, 'depth_imb_k': 0.0864640723290039, 'micro_off': 0.006666666666660603, 'spread_mean_10s': 0.04315789473680285, 'depth_imb_k_mean_10s': 0.14799676350015178, 'depth_imb_k_mean_60s': -0.11700410530020033, 'dist_vwap_bps': None, 'hl_range_pct': None, 'oc_change_pct': None, 'volume_rel_20': None, 'atr_pct': None, 'position_in_range': None, 'rsi': None, 'bb_position': None, 'ret_3': None, 'ret_10': None, 'session_bucket': 2.0}"
2026-04-08|PL|2026-04-08T14:29:00-04:00|long|8,2026-04-08,PL,2026-04-08T14:29:00-04:00,long,8,0.4000261723995209,True,shadow,entry_next_bar_open_time_exit_at_selected_hold,36.37,36.19,54.55,"{'pressure_k': 0.0, 'spread': 0.03999999999999915, 'depth_imb_k': 0.07261423949588716, 'micro_off': 7.105427357601002e-15, 'spread_mean_10s': 0.04136363636365042, 'depth_imb_k_mean_10s': 0.29344852075331057, 'depth_imb_k_mean_60s': 0.21460975270039614, 'dist_vwap_bps': None, 'hl_range_pct': None, 'oc_change_pct': None, 'volume_rel_20': None, 'atr_pct': None, 'position_in_range': None, 'rsi': None, 'bb_position': None, 'ret_3': None, 'ret_10': None, 'session_bucket': 2.0}"
2026-04-08|PL|2026-04-08T14:30:00-04:00|long|8,2026-04-08,PL,2026-04-08T14:30:00-04:00,long,8,0.4300176799297333,True,shadow,entry_next_bar_open_time_exit_at_selected_hold,36.4,36.22,54.6,"{'pressure_k': 0.0, 'spread': 0.01999999999999602, 'depth_imb_k': 0.23238938516752677, 'micro_off': 0.0, 'spread_mean_10s': 0.028421052631612934, 'depth_imb_k_mean_10s': 0.13455728708643283, 'depth_imb_k_mean_60s': 0.17787530354714465, 'dist_vwap_bps': None, 'hl_range_pct': None, 'oc_change_pct': None, 'volume_rel_20': None, 'atr_pct': None, 'position_in_range': None, 'rsi': None, 'bb_position': None, 'ret_3': None, 'ret_10': None, 'session_bucket': 2.0}"
2026-04-08|PL|2026-04-08T14:31:00-04:00|short|3,2026-04-08,PL,2026-04-08T14:31:00-04:00,short,3,0.37915360927581787,True,shadow,entry_next_bar_open_time_exit_at_selected_hold,36.435,36.62,18.22,"{'pressure_k': 0.0, 'spread': 0.03999999999999915, 'depth_imb_k': 0.05145949241673653, 'micro_off': 0.006666666666667709, 'spread_mean_10s': 0.039736842105233004, 'depth_imb_k_mean_10s': 0.06563382633808751, 'depth_imb_k_mean_60s': 0.09415882364680783, 'dist_vwap_bps': None, 'hl_range_pct': None, 'oc_change_pct': None, 'volume_rel_20': None, 'atr_pct': None, 'position_in_range': None, 'rsi': None, 'bb_position': None, 'ret_3': None, 'ret_10': None, 'session_bucket': 2.0}"
2026-04-08|PL|2026-04-08T14:32:00-04:00|long|12,2026-04-08,PL,2026-04-08T14:32:00-04:00,long,12,0.40444302558898926,True,shadow,entry_next_bar_open_time_exit_at_selected_hold,36.3801,36.2,54.57,"{'pressure_k': 0.0, 'spread': 0.03999999999999915, 'depth_imb_k': 0.21141700961566795, 'micro_off': -7.105427357601002e-15, 'spread_mean_10s': 0.037368421052789064, 'depth_imb_k_mean_10s': 0.1289459985442399, 'depth_imb_k_mean_60s': 0.07591548842689615, 'dist_vwap_bps': None, 'hl_range_pct': None, 'oc_change_pct': None, 'volume_rel_20': None, 'atr_pct': None, 'position_in_range': None, 'rsi': None, 'bb_position': None, 'ret_3': None, 'ret_10': None, 'session_bucket': 2.0}"
2026-04-08|PL|2026-04-08T14:33:00-04:00|long|12,2026-04-08,PL,2026-04-08T14:33:00-04:00,long,12,0.3656896948814392,True,shadow,entry_next_bar_open_time_exit_at_selected_hold,36.4199,36.24,54.63,"{'pressure_k': 0.0, 'spread': 0.03999999999999915, 'depth_imb_k': -0.03975280282162569, 'micro_off': -7.105427357601002e-15, 'spread_mean_10s': 0.030441176470764518, 'depth_imb_k_mean_10s': 0.0559595960853585, 'depth_imb_k_mean_60s': 0.031278878309231345, 'dist_vwap_bps': None, 'hl_range_pct': None, 'oc_change_pct': None, 'volume_rel_20': None, 'atr_pct': None, 'position_in_range': None, 'rsi': None, 'bb_position': None, 'ret_3': None, 'ret_10': None, 'session_bucket': 2.0}"
2026-04-08|PL|2026-04-08T14:34:00-04:00|long|12,2026-04-08,PL,2026-04-08T14:34:00-04:00,long,12,0.391360342502594,True,shadow,entry_next_bar_open_time_exit_at_selected_hold,36.405,36.22,54.61,"{'pressure_k': 0.0, 'spread': 0.03999999999999915, 'depth_imb_k': 0.348093206139273, 'micro_off': -7.105427357601002e-15, 'spread_mean_10s': 0.03999999999996362, 'depth_imb_k_mean_10s': 0.30181815373941245, 'depth_imb_k_mean_60s': 0.09606475149281225, 'dist_vwap_bps': None, 'hl_range_pct': None, 'oc_change_pct': None, 'volume_rel_20': None, 'atr_pct': None, 'position_in_range': None, 'rsi': None, 'bb_position': None, 'ret_3': None, 'ret_10': None, 'session_bucket': 2.0}"
2026-04-08|PL|2026-04-08T14:35:00-04:00|long|12,2026-04-08,PL,2026-04-08T14:35:00-04:00,long,12,0.3300379514694214,True,shadow,entry_next_bar_open_time_exit_at_selected_hold,36.38,36.2,54.57,"{'pressure_k': 0.0, 'spread': 0.05000000000000426, 'depth_imb_k': 0.1090398469616183, 'micro_off': 0.008333333333339965, 'spread_mean_10s': 0.0500000000001819, 'depth_imb_k_mean_10s': 0.15578626485995828, 'depth_imb_k_mean_60s': 0.24766647382368287, 'dist_vwap_bps': None, 'hl_range_pct': None, 'oc_change_pct': None, 'volume_rel_20': None, 'atr_pct': None, 'position_in_range': None, 'rsi': None, 'bb_position': None, 'ret_3': None, 'ret_10': None, 'session_bucket': 2.0}"
2026-04-08|PL|2026-04-08T14:36:00-04:00|short|12,2026-04-08,PL,2026-04-08T14:36:00-04:00,short,12,0.36604100465774536,True,shadow,entry_next_bar_open_time_exit_at_selected_hold,36.32,36.5,18.16,"{'pressure_k': 0.0, 'spread': 0.03999999999999915, 'depth_imb_k': 0.16765795009307982, 'micro_off': 0.0, 'spread_mean_10s': 0.03999999999996362, 'depth_imb_k_mean_10s': 0.11755016787913986, 'depth_imb_k_mean_60s': 0.19102151419261368, 'dist_vwap_bps': None, 'hl_range_pct': None, 'oc_change_pct': None, 'volume_rel_20': None, 'atr_pct': None, 'position_in_range': None, 'rsi': None, 'bb_position': None, 'ret_3': None, 'ret_10': None, 'session_bucket': 2.0}"
2026-04-08|PL|2026-04-08T14:37:00-04:00|long|12,2026-04-08,PL,2026-04-08T14:37:00-04:00,long,12,0.46803009510040283,True,shadow,entry_next_bar_open_time_exit_at_selected_hold,36.31,36.13,54.47,"{'pressure_k': 0.0, 'spread': 0.01999999999999602, 'depth_imb_k': 0.4574123084951728, 'micro_off': 0.0033333333333303017, 'spread_mean_10s': 0.02947368421061918, 'depth_imb_k_mean_10s': 0.31867191593861016, 'depth_imb_k_mean_60s': 0.3166094772120727, 'dist_vwap_bps': None, 'hl_range_pct': None, 'oc_change_pct': None, 'volume_rel_20': None, 'atr_pct': None, 'position_in_range': None, 'rsi': None, 'bb_position': None, 'ret_3': None, 'ret_10': None, 'session_bucket': 2.0}"
2026-04-08|PL|2026-04-08T14:38:00-04:00|short|3,2026-04-08,PL,2026-04-08T14:38:00-04:00,short,3,0.40481191873550415,True,shadow,entry_next_bar_open_time_exit_at_selected_hold,36.2338,36.41,18.12,"{'pressure_k': 0.0, 'spread': 0.03999999999999915, 'depth_imb_k': 0.51742276658774, 'micro_off': -0.014999999999993463, 'spread_mean_10s': 0.031052631578883227, 'depth_imb_k_mean_10s': 0.5197581234205556, 'depth_imb_k_mean_60s': 0.6114397896138698, 'dist_vwap_bps': None, 'hl_range_pct': None, 'oc_change_pct': None, 'volume_rel_20': None, 'atr_pct': None, 'position_in_range': None, 'rsi': None, 'bb_position': None, 'ret_3': None, 'ret_10': None, 'session_bucket': 2.0}"
2026-04-08|PL|2026-04-08T14:39:00-04:00|long|12,2026-04-08,PL,2026-04-08T14:39:00-04:00,long,12,0.4460684061050415,True,shadow,entry_next_bar_open_time_exit_at_selected_hold,36.18,36.0,54.27,"{'pressure_k': 0.0, 'spread': 0.04999999999999716, 'depth_imb_k': 0.3825207174480645, 'micro_off': 0.0, 'spread_mean_10s': 0.04815789473698379, 'depth_imb_k_mean_10s': 0.3586785784225891, 'depth_imb_k_mean_60s': 0.4051492659025127, 'dist_vwap_bps': None, 'hl_range_pct': None, 'oc_change_pct': None, 'volume_rel_20': None, 'atr_pct': None, 'position_in_range': None, 'rsi': None, 'bb_position': None, 'ret_3': None, 'ret_10': None, 'session_bucket': 2.0}"
2026-04-08|PL|2026-04-08T14:40:00-04:00|long|12,2026-04-08,PL,2026-04-08T14:40:00-04:00,long,12,0.4658510684967041,True,shadow,entry_next_bar_open_time_exit_at_selected_hold,36.17,35.99,54.26,"{'pressure_k': 0.0, 'spread': 0.03999999999999915, 'depth_imb_k': 0.31424794815249424, 'micro_off': 0.006666666666667709, 'spread_mean_10s': 0.035945945945821074, 'depth_imb_k_mean_10s': 0.16810321730393274, 'depth_imb_k_mean_60s': 0.25077141168483674, 'dist_vwap_bps': None, 'hl_range_pct': None, 'oc_change_pct': None, 'volume_rel_20': None, 'atr_pct': None, 'position_in_range': None, 'rsi': None, 'bb_position': None, 'ret_3': None, 'ret_10': None, 'session_bucket': 2.0}"
2026-04-08|PL|2026-04-08T14:41:00-04:00|long|12,2026-04-08,PL,2026-04-08T14:41:00-04:00,long,12,0.42500045895576477,True,shadow,entry_next_bar_open_time_exit_at_selected_hold,36.0801,35.9,54.12,"{'pressure_k': 0.0, 'spread': 0.03999999999999915, 'depth_imb_k': -0.4090995270377601, 'micro_off': 7.105427357601002e-15, 'spread_mean_10s': 0.03999999999996362, 'depth_imb_k_mean_10s': -0.4071890304273853, 'depth_imb_k_mean_60s': -0.242162961280692, 'dist_vwap_bps': None, 'hl_range_pct': None, 'oc_change_pct': None, 'volume_rel_20': None, 'atr_pct': None, 'position_in_range': None, 'rsi': None, 'bb_position': None, 'ret_3': None, 'ret_10': None, 'session_bucket': 2.0}"
2026-04-08|PL|2026-04-08T14:42:00-04:00|long|8,2026-04-08,PL,2026-04-08T14:42:00-04:00,long,8,0.49633291363716125,True,shadow,entry_next_bar_open_time_exit_at_selected_hold,36.135,35.95,54.2,"{'pressure_k': 0.0, 'spread': 0.030000000000001137, 'depth_imb_k': 0.32085848935557815, 'micro_off': -0.0049999999999954525, 'spread_mean_10s': 0.041842105263161726, 'depth_imb_k_mean_10s': 0.1252821886683394, 'depth_imb_k_mean_60s': 0.07424377315292507, 'dist_vwap_bps': None, 'hl_range_pct': None, 'oc_change_pct': None, 'volume_rel_20': None, 'atr_pct': None, 'position_in_range': None, 'rsi': None, 'bb_position': None, 'ret_3': None, 'ret_10': None, 'session_bucket': 2.0}"
2026-04-08|PL|2026-04-08T14:43:00-04:00|short|8,2026-04-08,PL,2026-04-08T14:43:00-04:00,short,8,0.4002051055431366,True,shadow,entry_next_bar_open_time_exit_at_selected_hold,36.08,36.26,18.04,"{'pressure_k': 0.0, 'spread': 0.03999999999999915, 'depth_imb_k': 0.592107091226555, 'micro_off': 0.0, 'spread_mean_10s': 0.03210526315790144, 'depth_imb_k_mean_10s': 0.590441690837607, 'depth_imb_k_mean_60s': 0.4573759239123885, 'dist_vwap_bps': None, 'hl_range_pct': None, 'oc_change_pct': None, 'volume_rel_20': None, 'atr_pct': None, 'position_in_range': None, 'rsi': None, 'bb_position': None, 'ret_3': None, 'ret_10': None, 'session_bucket': 2.0}"
2026-04-08|PL|2026-04-08T14:44:00-04:00|long|12,2026-04-08,PL,2026-04-08T14:44:00-04:00,long,12,0.44224637746810913,True,shadow,entry_next_bar_open_time_exit_at_selected_hold,36.14,35.96,54.21,"{'pressure_k': 0.0, 'spread': 0.02999999999999403, 'depth_imb_k': 0.40381905973436194, 'micro_off': 7.105427357601002e-15, 'spread_mean_10s': 0.023513513513707212, 'depth_imb_k_mean_10s': 0.2766691003256145, 'depth_imb_k_mean_60s': 0.5803738516645396, 'dist_vwap_bps': None, 'hl_range_pct': None, 'oc_change_pct': None, 'volume_rel_20': None, 'atr_pct': None, 'position_in_range': None, 'rsi': None, 'bb_position': None, 'ret_3': None, 'ret_10': None, 'session_bucket': 2.0}"
2026-04-08|PL|2026-04-08T14:45:00-04:00|long|12,2026-04-08,PL,2026-04-08T14:45:00-04:00,long,12,0.42202356457710266,True,shadow,entry_next_bar_open_time_exit_at_selected_hold,36.1501,35.97,54.23,"{'pressure_k': 0.0, 'spread': 0.03999999999999915, 'depth_imb_k': 0.03205125031561125, 'micro_off': -7.105427357601002e-15, 'spread_mean_10s': 0.03999999999996362, 'depth_imb_k_mean_10s': 0.024575142120224165, 'depth_imb_k_mean_60s': 0.22500526247504485, 'dist_vwap_bps': None, 'hl_range_pct': None, 'oc_change_pct': None, 'volume_rel_20': None, 'atr_pct': None, 'position_in_range': None, 'rsi': None, 'bb_position': None, 'ret_3': None, 'ret_10': None, 'session_bucket': 2.0}"
2026-04-08|PL|2026-04-08T14:46:00-04:00|short|8,2026-04-08,PL,2026-04-08T14:46:00-04:00,short,8,0.42139142751693726,True,shadow,entry_next_bar_open_time_exit_at_selected_hold,36.16,36.34,18.08,"{'pressure_k': 0.0, 'spread': 0.04000000000000625, 'depth_imb_k': 0.5767798211141301, 'micro_off': 0.0, 'spread_mean_10s': 0.03999999999996362, 'depth_imb_k_mean_10s': 0.6186346198757843, 'depth_imb_k_mean_60s': 0.3400974186375935, 'dist_vwap_bps': None, 'hl_range_pct': None, 'oc_change_pct': None, 'volume_rel_20': None, 'atr_pct': None, 'position_in_range': None, 'rsi': None, 'bb_position': None, 'ret_3': None, 'ret_10': None, 'session_bucket': 2.0}"
2026-04-08|PL|2026-04-08T14:47:00-04:00|long|8,2026-04-08,PL,2026-04-08T14:47:00-04:00,long,8,0.41172030568122864,True,shadow,entry_next_bar_open_time_exit_at_selected_hold,36.135,35.95,54.2,"{'pressure_k': 0.0, 'spread': 0.030000000000001137, 'depth_imb_k': 0.6011897763290547, 'micro_off': -0.0049999999999954525, 'spread_mean_10s': 0.02999999999974534, 'depth_imb_k_mean_10s': 0.3558912833897777, 'depth_imb_k_mean_60s': 0.40854412095438064, 'dist_vwap_bps': None, 'hl_range_pct': None, 'oc_change_pct': None, 'volume_rel_20': None, 'atr_pct': None, 'position_in_range': None, 'rsi': None, 'bb_position': None, 'ret_3': None, 'ret_10': None, 'session_bucket': 2.0}"
2026-04-08|PL|2026-04-08T14:48:00-04:00|short|3,2026-04-08,PL,2026-04-08T14:48:00-04:00,short,3,0.3918673098087311,True,shadow,entry_next_bar_open_time_exit_at_selected_hold,36.1157,36.3,18.06,"{'pressure_k': 0.0, 'spread': 0.03999999999999915, 'depth_imb_k': 0.07301677364445548, 'micro_off': -0.006666666666660603, 'spread_mean_10s': 0.03894736842099328, 'depth_imb_k_mean_10s': 0.4315891873650822, 'depth_imb_k_mean_60s': 0.31441251326774344, 'dist_vwap_bps': None, 'hl_range_pct': None, 'oc_change_pct': None, 'volume_rel_20': None, 'atr_pct': None, 'position_in_range': None, 'rsi': None, 'bb_position': None, 'ret_3': None, 'ret_10': None, 'session_bucket': 2.0}"
2026-04-08|PL|2026-04-08T14:49:00-04:00|long|8,2026-04-08,PL,2026-04-08T14:49:00-04:00,long,8,0.32665783166885376,True,shadow,entry_next_bar_open_time_exit_at_selected_hold,36.135,35.95,54.2,"{'pressure_k': 0.0, 'spread': 0.04999999999999716, 'depth_imb_k': 0.4017052857260658, 'micro_off': 0.005000000000002558, 'spread_mean_10s': 0.0500000000001819, 'depth_imb_k_mean_10s': 0.42247628969105444, 'depth_imb_k_mean_60s': 0.3917922306101768, 'dist_vwap_bps': None, 'hl_range_pct': None, 'oc_change_pct': None, 'volume_rel_20': None, 'atr_pct': None, 'position_in_range': None, 'rsi': None, 'bb_position': None, 'ret_3': None, 'ret_10': None, 'session_bucket': 2.0}"
2026-04-08|PL|2026-04-08T14:50:00-04:00|short|3,2026-04-08,PL,2026-04-08T14:50:00-04:00,short,3,0.3876535892486572,True,shadow,entry_next_bar_open_time_exit_at_selected_hold,35.97,36.15,17.98,"{'pressure_k': 0.0, 'spread': 0.03999999999999915, 'depth_imb_k': 0.17882570780074064, 'micro_off': -0.006666666666660603, 'spread_mean_10s': 0.03729729729720192, 'depth_imb_k_mean_10s': 0.44120545066510425, 'depth_imb_k_mean_60s': 0.5412575282199609, 'dist_vwap_bps': None, 'hl_range_pct': None, 'oc_change_pct': None, 'volume_rel_20': None, 'atr_pct': None, 'position_in_range': None, 'rsi': None, 'bb_position': None, 'ret_3': None, 'ret_10': None, 'session_bucket': 2.0}"
2026-04-08|PL|2026-04-08T14:51:00-04:00|long|12,2026-04-08,PL,2026-04-08T14:51:00-04:00,long,12,0.447109580039978,True,shadow,entry_next_bar_open_time_exit_at_selected_hold,35.9301,35.75,53.9,"{'pressure_k': 0.0, 'spread': 0.030000000000001137, 'depth_imb_k': -0.19551639083386377, 'micro_off': 0.0, 'spread_mean_10s': 0.03333333333315144, 'depth_imb_k_mean_10s': -0.2574732797156116, 'depth_imb_k_mean_60s': -0.058017131124668, 'dist_vwap_bps': None, 'hl_range_pct': None, 'oc_change_pct': None, 'volume_rel_20': None, 'atr_pct': None, 'position_in_range': None, 'rsi': None, 'bb_position': None, 'ret_3': None, 'ret_10': None, 'session_bucket': 2.0}"
2026-04-08|PL|2026-04-08T14:52:00-04:00|long|12,2026-04-08,PL,2026-04-08T14:52:00-04:00,long,12,0.5306311249732971,True,shadow,entry_next_bar_open_time_exit_at_selected_hold,35.9611,35.78,53.94,"{'pressure_k': 0.0, 'spread': 0.03999999999999915, 'depth_imb_k': -0.34042286889276296, 'micro_off': -0.0040000000000048885, 'spread_mean_10s': 0.03999999999996362, 'depth_imb_k_mean_10s': -0.3625492261022301, 'depth_imb_k_mean_60s': -0.3392165904385597, 'dist_vwap_bps': None, 'hl_range_pct': None, 'oc_change_pct': None, 'volume_rel_20': None, 'atr_pct': None, 'position_in_range': None, 'rsi': None, 'bb_position': None, 'ret_3': None, 'ret_10': None, 'session_bucket': 2.0}"
2026-04-08|PL|2026-04-08T14:53:00-04:00|long|8,2026-04-08,PL,2026-04-08T14:53:00-04:00,long,8,0.42457136511802673,True,shadow,entry_next_bar_open_time_exit_at_selected_hold,35.98,35.8,53.97,"{'pressure_k': 0.0, 'spread': 0.030000000000001137, 'depth_imb_k': -0.5962161078241841, 'micro_off': -0.005000000000002558, 'spread_mean_10s': 0.03736842105253776, 'depth_imb_k_mean_10s': -0.35175808802695857, 'depth_imb_k_mean_60s': -0.39182949456286004, 'dist_vwap_bps': None, 'hl_range_pct': None, 'oc_change_pct': None, 'volume_rel_20': None, 'atr_pct': None, 'position_in_range': None, 'rsi': None, 'bb_position': None, 'ret_3': None, 'ret_10': None, 'session_bucket': 2.0}"
2026-04-08|PL|2026-04-08T14:54:00-04:00|long|12,2026-04-08,PL,2026-04-08T14:54:00-04:00,long,12,0.39683759212493896,True,shadow,entry_next_bar_open_time_exit_at_selected_hold,35.88,35.7,53.82,"{'pressure_k': 0.0, 'spread': 0.02999999999999403, 'depth_imb_k': -0.3108146404202908, 'micro_off': 0.009000000000007446, 'spread_mean_10s': 0.03894736842099328, 'depth_imb_k_mean_10s': -0.28985092855151906, 'depth_imb_k_mean_60s': -0.3270727647309976, 'dist_vwap_bps': None, 'hl_range_pct': None, 'oc_change_pct': None, 'volume_rel_20': None, 'atr_pct': None, 'position_in_range': None, 'rsi': None, 'bb_position': None, 'ret_3': None, 'ret_10': None, 'session_bucket': 2.0}"
2026-04-08|PL|2026-04-08T14:55:00-04:00|long|12,2026-04-08,PL,2026-04-08T14:55:00-04:00,long,12,0.38821569085121155,True,shadow,entry_next_bar_open_time_exit_at_selected_hold,35.89,35.71,53.84,"{'pressure_k': 0.0, 'spread': 0.05000000000000426, 'depth_imb_k': -0.6104376984134443, 'micro_off': 7.105427357601002e-15, 'spread_mean_10s': 0.04342105263161724, 'depth_imb_k_mean_10s': -0.5111157741432635, 'depth_imb_k_mean_60s': -0.3659376077150928, 'dist_vwap_bps': None, 'hl_range_pct': None, 'oc_change_pct': None, 'volume_rel_20': None, 'atr_pct': None, 'position_in_range': None, 'rsi': None, 'bb_position': None, 'ret_3': None, 'ret_10': None, 'session_bucket': 2.0}"
2026-04-08|PL|2026-04-08T14:56:00-04:00|short|3,2026-04-08,PL,2026-04-08T14:56:00-04:00,short,3,0.397532194852829,True,shadow,entry_next_bar_open_time_exit_at_selected_hold,35.855,36.03,17.93,"{'pressure_k': 0.0, 'spread': 0.0899999999999963, 'depth_imb_k': 0.462031905961377, 'micro_off': -7.105427357601002e-15, 'spread_mean_10s': 0.03864864864853361, 'depth_imb_k_mean_10s': 0.25554582043481344, 'depth_imb_k_mean_60s': 0.1773211485127685, 'dist_vwap_bps': None, 'hl_range_pct': None, 'oc_change_pct': None, 'volume_rel_20': None, 'atr_pct': None, 'position_in_range': None, 'rsi': None, 'bb_position': None, 'ret_3': None, 'ret_10': None, 'session_bucket': 2.0}"
2026-04-08|PL|2026-04-08T14:57:00-04:00|long|8,2026-04-08,PL,2026-04-08T14:57:00-04:00,long,8,0.450600802898407,True,shadow,entry_next_bar_open_time_exit_at_selected_hold,35.81,35.63,53.72,"{'pressure_k': 0.0, 'spread': 0.020000000000003126, 'depth_imb_k': -0.34905314713207714, 'micro_off': -0.0033333333333303017, 'spread_mean_10s': 0.03473684210520763, 'depth_imb_k_mean_10s': -0.07071801726964336, 'depth_imb_k_mean_60s': 0.40825737936490164, 'dist_vwap_bps': None, 'hl_range_pct': None, 'oc_change_pct': None, 'volume_rel_20': None, 'atr_pct': None, 'position_in_range': None, 'rsi': None, 'bb_position': None, 'ret_3': None, 'ret_10': None, 'session_bucket': 2.0}"
2026-04-08|PL|2026-04-08T14:58:00-04:00|long|12,2026-04-08,PL,2026-04-08T14:58:00-04:00,long,12,0.42130064964294434,True,shadow,entry_next_bar_open_time_exit_at_selected_hold,35.82,35.64,53.73,"{'pressure_k': 0.0, 'spread': 0.03999999999999915, 'depth_imb_k': -0.388577002797205, 'micro_off': -0.006666666666660603, 'spread_mean_10s': 0.03789473684202293, 'depth_imb_k_mean_10s': -0.39275685735097604, 'depth_imb_k_mean_60s': -0.45649371329520455, 'dist_vwap_bps': None, 'hl_range_pct': None, 'oc_change_pct': None, 'volume_rel_20': None, 'atr_pct': None, 'position_in_range': None, 'rsi': None, 'bb_position': None, 'ret_3': None, 'ret_10': None, 'session_bucket': 2.0}"
2026-04-08|PL|2026-04-08T14:59:00-04:00|long|12,2026-04-08,PL,2026-04-08T14:59:00-04:00,long,12,0.4865235686302185,True,shadow,entry_next_bar_open_time_exit_at_selected_hold,35.73,35.55,53.59,"{'pressure_k': 0.0, 'spread': 0.030000000000001137, 'depth_imb_k': -0.3800040751749929, 'micro_off': -0.005000000000002558, 'spread_mean_10s': 0.03351351351333555, 'depth_imb_k_mean_10s': -0.35675235032089697, 'depth_imb_k_mean_60s': -0.4775199908616611, 'dist_vwap_bps': None, 'hl_range_pct': None, 'oc_change_pct': None, 'volume_rel_20': None, 'atr_pct': None, 'position_in_range': None, 'rsi': None, 'bb_position': None, 'ret_3': None, 'ret_10': None, 'session_bucket': 2.0}"
2026-04-08|PL|2026-04-08T15:00:00-04:00|long|12,2026-04-08,PL,2026-04-08T15:00:00-04:00,long,12,0.4045166075229645,True,shadow,entry_next_bar_open_time_exit_at_selected_hold,35.771,35.59,53.66,"{'pressure_k': 0.0, 'spread': 0.030000000000001137, 'depth_imb_k': -0.3982494160503926, 'micro_off': 0.00999999999999801, 'spread_mean_10s': 0.031052631578715687, 'depth_imb_k_mean_10s': -0.39569941687985094, 'depth_imb_k_mean_60s': -0.370611016862771, 'dist_vwap_bps': None, 'hl_range_pct': None, 'oc_change_pct': None, 'volume_rel_20': None, 'atr_pct': None, 'position_in_range': None, 'rsi': None, 'bb_position': None, 'ret_3': None, 'ret_10': None, 'session_bucket': 2.0}"
2026-04-08|PL|2026-04-08T15:01:00-04:00|long|12,2026-04-08,PL,2026-04-08T15:01:00-04:00,long,12,0.42260870337486267,True,shadow,entry_next_bar_open_time_exit_at_selected_hold,35.8599,35.68,53.79,"{'pressure_k': 0.0, 'spread': 0.03999999999999915, 'depth_imb_k': -0.8535761453896092, 'micro_off': 0.0, 'spread_mean_10s': 0.036315789473567416, 'depth_imb_k_mean_10s': -0.5552445562324297, 'depth_imb_k_mean_60s': -0.4116360053317659, 'dist_vwap_bps': None, 'hl_range_pct': None, 'oc_change_pct': None, 'volume_rel_20': None, 'atr_pct': None, 'position_in_range': None, 'rsi': None, 'bb_position': None, 'ret_3': None, 'ret_10': None, 'session_bucket': 2.0}"
2026-04-08|PL|2026-04-08T15:02:00-04:00|long|8,2026-04-08,PL,2026-04-08T15:02:00-04:00,long,8,0.3625602126121521,True,shadow,entry_next_bar_open_time_exit_at_selected_hold,35.82,35.64,53.73,"{'pressure_k': 0.0, 'spread': 0.020000000000003126, 'depth_imb_k': -0.2822429415550397, 'micro_off': 0.0, 'spread_mean_10s': 0.024864864864965155, 'depth_imb_k_mean_10s': -0.3385279774949742, 'depth_imb_k_mean_60s': -0.3818654905966848, 'dist_vwap_bps': None, 'hl_range_pct': None, 'oc_change_pct': None, 'volume_rel_20': None, 'atr_pct': None, 'position_in_range': None, 'rsi': None, 'bb_position': None, 'ret_3': None, 'ret_10': None, 'session_bucket': 2.0}"
2026-04-08|PL|2026-04-08T15:03:00-04:00|long|8,2026-04-08,PL,2026-04-08T15:03:00-04:00,long,8,0.38636624813079834,True,shadow,entry_next_bar_open_time_exit_at_selected_hold,35.76,35.58,53.64,"{'pressure_k': 0.0, 'spread': 0.03999999999999915, 'depth_imb_k': -0.3449769097291293, 'micro_off': 0.006666666666660603, 'spread_mean_10s': 0.0397368421051971, 'depth_imb_k_mean_10s': -0.3622237688024071, 'depth_imb_k_mean_60s': -0.3344295506002319, 'dist_vwap_bps': None, 'hl_range_pct': None, 'oc_change_pct': None, 'volume_rel_20': None, 'atr_pct': None, 'position_in_range': None, 'rsi': None, 'bb_position': None, 'ret_3': None, 'ret_10': None, 'session_bucket': 2.0}"
2026-04-08|PL|2026-04-08T15:04:00-04:00|short|3,2026-04-08,PL,2026-04-08T15:04:00-04:00,short,3,0.3874855637550354,True,shadow,entry_next_bar_open_time_exit_at_selected_hold,35.75,35.93,17.88,"{'pressure_k': 0.0, 'spread': 0.030000000000001137, 'depth_imb_k': -0.5371436079358823, 'micro_off': 0.005000000000002558, 'spread_mean_10s': 0.039210526315735864, 'depth_imb_k_mean_10s': -0.5331822477245695, 'depth_imb_k_mean_60s': -0.29816500009647523, 'dist_vwap_bps': None, 'hl_range_pct': None, 'oc_change_pct': None, 'volume_rel_20': None, 'atr_pct': None, 'position_in_range': None, 'rsi': None, 'bb_position': None, 'ret_3': None, 'ret_10': None, 'session_bucket': 2.0}"
2026-04-08|PL|2026-04-08T15:05:00-04:00|short|3,2026-04-08,PL,2026-04-08T15:05:00-04:00,short,3,0.460150808095932,True,shadow,entry_next_bar_open_time_exit_at_selected_hold,35.66,35.84,17.83,"{'pressure_k': 0.0, 'spread': 0.030000000000001137, 'depth_imb_k': -0.3947252456704712, 'micro_off': 0.005000000000002558, 'spread_mean_10s': 0.032499999999875705, 'depth_imb_k_mean_10s': -0.4048602063617308, 'depth_imb_k_mean_60s': -0.22162288908010455, 'dist_vwap_bps': None, 'hl_range_pct': None, 'oc_change_pct': None, 'volume_rel_20': None, 'atr_pct': None, 'position_in_range': None, 'rsi': None, 'bb_position': None, 'ret_3': None, 'ret_10': None, 'session_bucket': 2.0}"
2026-04-08|PL|2026-04-08T15:06:00-04:00|long|8,2026-04-08,PL,2026-04-08T15:06:00-04:00,long,8,0.4282565414905548,True,shadow,entry_next_bar_open_time_exit_at_selected_hold,35.65,35.47,53.47,"{'pressure_k': 0.0, 'spread': 0.030000000000001137, 'depth_imb_k': -0.6511174272061956, 'micro_off': 0.0, 'spread_mean_10s': 0.02904761904743022, 'depth_imb_k_mean_10s': -0.6497958958414183, 'depth_imb_k_mean_60s': -0.5955972355869097, 'dist_vwap_bps': None, 'hl_range_pct': None, 'oc_change_pct': None, 'volume_rel_20': None, 'atr_pct': None, 'position_in_range': None, 'rsi': None, 'bb_position': None, 'ret_3': None, 'ret_10': None, 'session_bucket': 2.0}"
2026-04-08|PL|2026-04-08T15:07:00-04:00|short|5,2026-04-08,PL,2026-04-08T15:07:00-04:00,short,5,0.4065329134464264,True,shadow,entry_next_bar_open_time_exit_at_selected_hold,35.7299,35.91,17.86,"{'pressure_k': 0.0, 'spread': 0.02999999999999403, 'depth_imb_k': -0.5842905252629508, 'micro_off': 0.0049999999999954525, 'spread_mean_10s': 0.03842105263155597, 'depth_imb_k_mean_10s': -0.6475980534059281, 'depth_imb_k_mean_60s': -0.6804928591628193, 'dist_vwap_bps': None, 'hl_range_pct': None, 'oc_change_pct': None, 'volume_rel_20': None, 'atr_pct': None, 'position_in_range': None, 'rsi': None, 'bb_position': None, 'ret_3': None, 'ret_10': None, 'session_bucket': 2.0}"
2026-04-08|PL|2026-04-08T15:08:00-04:00|short|5,2026-04-08,PL,2026-04-08T15:08:00-04:00,short,5,0.3970189094543457,True,shadow,entry_next_bar_open_time_exit_at_selected_hold,35.8,35.98,17.9,"{'pressure_k': 0.0, 'spread': 0.04999999999999716, 'depth_imb_k': -0.5909630153434188, 'micro_off': 0.0, 'spread_mean_10s': 0.04447368421058759, 'depth_imb_k_mean_10s': -0.5897853881666426, 'depth_imb_k_mean_60s': -0.6743506468034062, 'dist_vwap_bps': None, 'hl_range_pct': None, 'oc_change_pct': None, 'volume_rel_20': None, 'atr_pct': None, 'position_in_range': None, 'rsi': None, 'bb_position': None, 'ret_3': None, 'ret_10': None, 'session_bucket': 2.0}"
2026-04-08|PL|2026-04-08T15:09:00-04:00|short|5,2026-04-08,PL,2026-04-08T15:09:00-04:00,short,5,0.37298697233200073,True,shadow,entry_next_bar_open_time_exit_at_selected_hold,35.85,36.03,17.93,"{'pressure_k': 0.0, 'spread': 0.05000000000000426, 'depth_imb_k': -0.6714026729626038, 'micro_off': -7.105427357601002e-15, 'spread_mean_10s': 0.05210526315812259, 'depth_imb_k_mean_10s': -0.6359930479332099, 'depth_imb_k_mean_60s': -0.6416318511281149, 'dist_vwap_bps': None, 'hl_range_pct': None, 'oc_change_pct': None, 'volume_rel_20': None, 'atr_pct': None, 'position_in_range': None, 'rsi': None, 'bb_position': None, 'ret_3': None, 'ret_10': None, 'session_bucket': 2.0}"
2026-04-08|PL|2026-04-08T15:10:00-04:00|long|8,2026-04-08,PL,2026-04-08T15:10:00-04:00,long,8,0.3738040328025818,True,shadow,entry_next_bar_open_time_exit_at_selected_hold,35.96,35.78,53.94,"{'pressure_k': 0.0, 'spread': 0.030000000000001137, 'depth_imb_k': -0.5538998812854107, 'micro_off': -0.00999999999999801, 'spread_mean_10s': 0.045263157894815345, 'depth_imb_k_mean_10s': -0.568436992186267, 'depth_imb_k_mean_60s': -0.6335248911381076, 'dist_vwap_bps': None, 'hl_range_pct': None, 'oc_change_pct': None, 'volume_rel_20': None, 'atr_pct': None, 'position_in_range': None, 'rsi': None, 'bb_position': None, 'ret_3': None, 'ret_10': None, 'session_bucket': 2.0}"
2026-04-08|PL|2026-04-08T15:11:00-04:00|short|3,2026-04-08,PL,2026-04-08T15:11:00-04:00,short,3,0.3943418264389038,True,shadow,entry_next_bar_open_time_exit_at_selected_hold,36.09,36.27,18.05,"{'pressure_k': 0.0, 'spread': 0.030000000000001137, 'depth_imb_k': -0.02872491467148915, 'micro_off': 0.0, 'spread_mean_10s': 0.03763157894742395, 'depth_imb_k_mean_10s': -0.008927522395233131, 'depth_imb_k_mean_60s': -0.2733146000231247, 'dist_vwap_bps': None, 'hl_range_pct': None, 'oc_change_pct': None, 'volume_rel_20': None, 'atr_pct': None, 'position_in_range': None, 'rsi': None, 'bb_position': None, 'ret_3': None, 'ret_10': None, 'session_bucket': 2.0}"
2026-04-08|PL|2026-04-08T15:12:00-04:00|short|8,2026-04-08,PL,2026-04-08T15:12:00-04:00,short,8,0.4096635580062866,True,shadow,entry_next_bar_open_time_exit_at_selected_hold,36.1193,36.3,18.06,"{'pressure_k': 0.0, 'spread': 0.030000000000001137, 'depth_imb_k': 0.2681116886197678, 'micro_off': 0.0, 'spread_mean_10s': 0.03289473684188986, 'depth_imb_k_mean_10s': 0.29905819765386504, 'depth_imb_k_mean_60s': 0.04595131272677261, 'dist_vwap_bps': None, 'hl_range_pct': None, 'oc_change_pct': None, 'volume_rel_20': None, 'atr_pct': None, 'position_in_range': None, 'rsi': None, 'bb_position': None, 'ret_3': None, 'ret_10': None, 'session_bucket': 2.0}"
2026-04-08|PL|2026-04-08T15:13:00-04:00|short|12,2026-04-08,PL,2026-04-08T15:13:00-04:00,short,12,0.49492186307907104,True,shadow,entry_next_bar_open_time_exit_at_selected_hold,36.11,36.29,18.05,"{'pressure_k': 0.0, 'spread': 0.030000000000001137, 'depth_imb_k': -0.12145242070116861, 'micro_off': -0.012000000000000455, 'spread_mean_10s': 0.0377419354837853, 'depth_imb_k_mean_10s': -0.11124326738958658, 'depth_imb_k_mean_60s': 0.2367048850205112, 'dist_vwap_bps': None, 'hl_range_pct': None, 'oc_change_pct': None, 'volume_rel_20': None, 'atr_pct': None, 'position_in_range': None, 'rsi': None, 'bb_position': None, 'ret_3': None, 'ret_10': None, 'session_bucket': 2.0}"
2026-04-08|PL|2026-04-08T15:14:00-04:00|short|12,2026-04-08,PL,2026-04-08T15:14:00-04:00,short,12,0.43903517723083496,True,shadow,entry_next_bar_open_time_exit_at_selected_hold,36.07,36.25,18.04,"{'pressure_k': 0.0, 'spread': 0.03999999999999915, 'depth_imb_k': -0.35042846600635547, 'micro_off': 0.008571428571428896, 'spread_mean_10s': 0.038684210526250686, 'depth_imb_k_mean_10s': 0.14852699407114606, 'depth_imb_k_mean_60s': 0.25671624741184174, 'dist_vwap_bps': None, 'hl_range_pct': None, 'oc_change_pct': None, 'volume_rel_20': None, 'atr_pct': None, 'position_in_range': None, 'rsi': None, 'bb_position': None, 'ret_3': None, 'ret_10': None, 'session_bucket': 2.0}"
2026-04-08|PL|2026-04-08T15:15:00-04:00|short|12,2026-04-08,PL,2026-04-08T15:15:00-04:00,short,12,0.4389983117580414,True,shadow,entry_next_bar_open_time_exit_at_selected_hold,36.07,36.25,18.04,"{'pressure_k': 0.0, 'spread': 0.030000000000001137, 'depth_imb_k': -0.09458632447082366, 'micro_off': 0.0049999999999954525, 'spread_mean_10s': 0.04204081632653878, 'depth_imb_k_mean_10s': -0.11588364370182179, 'depth_imb_k_mean_60s': -0.0656293793335514, 'dist_vwap_bps': None, 'hl_range_pct': None, 'oc_change_pct': None, 'volume_rel_20': None, 'atr_pct': None, 'position_in_range': None, 'rsi': None, 'bb_position': None, 'ret_3': None, 'ret_10': None, 'session_bucket': 2.0}"
2026-04-08|PL|2026-04-08T15:16:00-04:00|short|3,2026-04-08,PL,2026-04-08T15:16:00-04:00,short,3,0.3772719204425812,True,shadow,entry_next_bar_open_time_exit_at_selected_hold,36.03,36.21,18.02,"{'pressure_k': 0.0, 'spread': 0.03999999999999915, 'depth_imb_k': -0.291368927349964, 'micro_off': 0.006666666666667709, 'spread_mean_10s': 0.030526315789230513, 'depth_imb_k_mean_10s': -0.32970787493676607, 'depth_imb_k_mean_60s': -0.012912817608598257, 'dist_vwap_bps': None, 'hl_range_pct': None, 'oc_change_pct': None, 'volume_rel_20': None, 'atr_pct': None, 'position_in_range': None, 'rsi': None, 'bb_position': None, 'ret_3': None, 'ret_10': None, 'session_bucket': 2.0}"
2026-04-08|PL|2026-04-08T15:17:00-04:00|short|3,2026-04-08,PL,2026-04-08T15:17:00-04:00,short,3,0.4233078062534332,True,shadow,entry_next_bar_open_time_exit_at_selected_hold,36.06,36.24,18.03,"{'pressure_k': 0.0, 'spread': 0.030000000000001137, 'depth_imb_k': -0.3047196094116349, 'micro_off': 0.0, 'spread_mean_10s': 0.034210526315626724, 'depth_imb_k_mean_10s': 0.0710503304733385, 'depth_imb_k_mean_60s': 0.18881106449816393, 'dist_vwap_bps': None, 'hl_range_pct': None, 'oc_change_pct': None, 'volume_rel_20': None, 'atr_pct': None, 'position_in_range': None, 'rsi': None, 'bb_position': None, 'ret_3': None, 'ret_10': None, 'session_bucket': 2.0}"
2026-04-08|PL|2026-04-08T15:18:00-04:00|long|12,2026-04-08,PL,2026-04-08T15:18:00-04:00,long,12,0.3377053141593933,True,shadow,entry_next_bar_open_time_exit_at_selected_hold,36.025,35.84,54.04,"{'pressure_k': 0.0, 'spread': 0.030000000000001137, 'depth_imb_k': 0.06537968258477427, 'micro_off': 0.005000000000002558, 'spread_mean_10s': 0.02999999999974534, 'depth_imb_k_mean_10s': 0.06034424873991697, 'depth_imb_k_mean_60s': 0.14129999908243868, 'dist_vwap_bps': None, 'hl_range_pct': None, 'oc_change_pct': None, 'volume_rel_20': None, 'atr_pct': None, 'position_in_range': None, 'rsi': None, 'bb_position': None, 'ret_3': None, 'ret_10': None, 'session_bucket': 2.0}"
2026-04-08|PL|2026-04-08T15:19:00-04:00|short|12,2026-04-08,PL,2026-04-08T15:19:00-04:00,short,12,0.39068344235420227,True,shadow,entry_next_bar_open_time_exit_at_selected_hold,36.06,36.24,18.03,"{'pressure_k': 0.0, 'spread': 0.030000000000001137, 'depth_imb_k': -0.7167599218916312, 'micro_off': 0.0, 'spread_mean_10s': 0.03236842105247648, 'depth_imb_k_mean_10s': -0.6400617947735411, 'depth_imb_k_mean_60s': -0.1566175758271129, 'dist_vwap_bps': None, 'hl_range_pct': None, 'oc_change_pct': None, 'volume_rel_20': None, 'atr_pct': None, 'position_in_range': None, 'rsi': None, 'bb_position': None, 'ret_3': None, 'ret_10': None, 'session_bucket': 2.0}"
2026-04-08|PL|2026-04-08T15:20:00-04:00|short|5,2026-04-08,PL,2026-04-08T15:20:00-04:00,short,5,0.3801434636116028,True,shadow,entry_next_bar_open_time_exit_at_selected_hold,36.06,36.24,18.03,"{'pressure_k': 0.0, 'spread': 0.01999999999999602, 'depth_imb_k': -0.4293638310688709, 'micro_off': 0.0, 'spread_mean_10s': 0.024736842105324428, 'depth_imb_k_mean_10s': -0.3012010320446854, 'depth_imb_k_mean_60s': -0.16872269964694706, 'dist_vwap_bps': None, 'hl_range_pct': None, 'oc_change_pct': None, 'volume_rel_20': None, 'atr_pct': None, 'position_in_range': None, 'rsi': None, 'bb_position': None, 'ret_3': None, 'ret_10': None, 'session_bucket': 2.0}"
2026-04-08|PL|2026-04-08T15:21:00-04:00|short|12,2026-04-08,PL,2026-04-08T15:21:00-04:00,short,12,0.4037432372570038,True,shadow,entry_next_bar_open_time_exit_at_selected_hold,36.04,36.22,18.02,"{'pressure_k': 0.0, 'spread': 0.02999999999999403, 'depth_imb_k': -0.38248380686833205, 'micro_off': 0.0, 'spread_mean_10s': 0.035263157894597066, 'depth_imb_k_mean_10s': -0.23400947906152156, 'depth_imb_k_mean_60s': -0.39342550061910586, 'dist_vwap_bps': None, 'hl_range_pct': None, 'oc_change_pct': None, 'volume_rel_20': None, 'atr_pct': None, 'position_in_range': None, 'rsi': None, 'bb_position': None, 'ret_3': None, 'ret_10': None, 'session_bucket': 2.0}"
2026-04-08|PL|2026-04-08T15:22:00-04:00|short|5,2026-04-08,PL,2026-04-08T15:22:00-04:00,short,5,0.38975629210472107,True,shadow,entry_next_bar_open_time_exit_at_selected_hold,35.96,36.14,17.98,"{'pressure_k': 0.0, 'spread': 0.03999999999999915, 'depth_imb_k': -0.2737325611862404, 'micro_off': -0.006666666666667709, 'spread_mean_10s': 0.036756756756649585, 'depth_imb_k_mean_10s': -0.31788703303963967, 'depth_imb_k_mean_60s': -0.2379109924597659, 'dist_vwap_bps': None, 'hl_range_pct': None, 'oc_change_pct': None, 'volume_rel_20': None, 'atr_pct': None, 'position_in_range': None, 'rsi': None, 'bb_position': None, 'ret_3': None, 'ret_10': None, 'session_bucket': 2.0}"
2026-04-08|PL|2026-04-08T15:23:00-04:00|long|12,2026-04-08,PL,2026-04-08T15:23:00-04:00,long,12,0.3534606993198395,True,shadow,entry_next_bar_open_time_exit_at_selected_hold,36.03,35.85,54.05,"{'pressure_k': 0.0, 'spread': 0.03999999999999915, 'depth_imb_k': -0.2814791840629846, 'micro_off': 0.0, 'spread_mean_10s': 0.03405405405388789, 'depth_imb_k_mean_10s': -0.5865540256802863, 'depth_imb_k_mean_60s': -0.41373924852989313, 'dist_vwap_bps': None, 'hl_range_pct': None, 'oc_change_pct': None, 'volume_rel_20': None, 'atr_pct': None, 'position_in_range': None, 'rsi': None, 'bb_position': None, 'ret_3': None, 'ret_10': None, 'session_bucket': 2.0}"
2026-04-08|PL|2026-04-08T15:24:00-04:00|long|8,2026-04-08,PL,2026-04-08T15:24:00-04:00,long,8,0.34630754590034485,True,shadow,entry_next_bar_open_time_exit_at_selected_hold,36.07,35.89,54.11,"{'pressure_k': 0.0, 'spread': 0.04999999999999716, 'depth_imb_k': -0.3828175582369321, 'micro_off': 0.00833333333333286, 'spread_mean_10s': 0.03702702702692575, 'depth_imb_k_mean_10s': -0.3767227886824863, 'depth_imb_k_mean_60s': -0.34332488206448075, 'dist_vwap_bps': None, 'hl_range_pct': None, 'oc_change_pct': None, 'volume_rel_20': None, 'atr_pct': None, 'position_in_range': None, 'rsi': None, 'bb_position': None, 'ret_3': None, 'ret_10': None, 'session_bucket': 2.0}"
2026-04-08|PL|2026-04-08T15:25:00-04:00|short|12,2026-04-08,PL,2026-04-08T15:25:00-04:00,short,12,0.3235916793346405,True,shadow,entry_next_bar_open_time_exit_at_selected_hold,36.05,36.23,18.02,"{'pressure_k': 0.0, 'spread': 0.02999999999999403, 'depth_imb_k': 0.04533670653813274, 'micro_off': 0.0, 'spread_mean_10s': 0.02999999999974534, 'depth_imb_k_mean_10s': 0.09099287748976119, 'depth_imb_k_mean_60s': -0.19383117044147216, 'dist_vwap_bps': None, 'hl_range_pct': None, 'oc_change_pct': None, 'volume_rel_20': None, 'atr_pct': None, 'position_in_range': None, 'rsi': None, 'bb_position': None, 'ret_3': None, 'ret_10': None, 'session_bucket': 2.0}"
2026-04-08|PL|2026-04-08T15:26:00-04:00|long|12,2026-04-08,PL,2026-04-08T15:26:00-04:00,long,12,0.4138832092285156,True,shadow,entry_next_bar_open_time_exit_at_selected_hold,35.99,35.81,53.98,"{'pressure_k': 0.0, 'spread': 0.010000000000005116, 'depth_imb_k': 0.3139670384551357, 'micro_off': -0.0016666666666651508, 'spread_mean_10s': 0.019629629630058102, 'depth_imb_k_mean_10s': 0.022876022790721134, 'depth_imb_k_mean_60s': 0.019867221456390985, 'dist_vwap_bps': None, 'hl_range_pct': None, 'oc_change_pct': None, 'volume_rel_20': None, 'atr_pct': None, 'position_in_range': None, 'rsi': None, 'bb_position': None, 'ret_3': None, 'ret_10': None, 'session_bucket': 2.0}"
2026-04-08|PL|2026-04-08T15:27:00-04:00|long|8,2026-04-08,PL,2026-04-08T15:27:00-04:00,long,8,0.3927463889122009,True,shadow,entry_next_bar_open_time_exit_at_selected_hold,35.95,35.77,53.93,"{'pressure_k': 0.0, 'spread': 0.01999999999999602, 'depth_imb_k': -0.14659110469658249, 'micro_off': 0.0, 'spread_mean_10s': 0.020000000000436557, 'depth_imb_k_mean_10s': -0.33294053920358363, 'depth_imb_k_mean_60s': -0.22493227651117667, 'dist_vwap_bps': None, 'hl_range_pct': None, 'oc_change_pct': None, 'volume_rel_20': None, 'atr_pct': None, 'position_in_range': None, 'rsi': None, 'bb_position': None, 'ret_3': None, 'ret_10': None, 'session_bucket': 2.0}"
2026-04-08|PL|2026-04-08T15:28:00-04:00|long|12,2026-04-08,PL,2026-04-08T15:28:00-04:00,long,12,0.44550997018814087,True,shadow,entry_next_bar_open_time_exit_at_selected_hold,35.94,35.76,53.91,"{'pressure_k': 0.0, 'spread': 0.020000000000003126, 'depth_imb_k': -0.5171618113642918, 'micro_off': -0.008571428571428896, 'spread_mean_10s': 0.026842105263121516, 'depth_imb_k_mean_10s': -0.4725226437690014, 'depth_imb_k_mean_60s': -0.31321463439310954, 'dist_vwap_bps': None, 'hl_range_pct': None, 'oc_change_pct': None, 'volume_rel_20': None, 'atr_pct': None, 'position_in_range': None, 'rsi': None, 'bb_position': None, 'ret_3': None, 'ret_10': None, 'session_bucket': 2.0}"
2026-04-08|PL|2026-04-08T15:29:00-04:00|long|8,2026-04-08,PL,2026-04-08T15:29:00-04:00,long,8,0.35252299904823303,True,shadow,entry_next_bar_open_time_exit_at_selected_hold,35.99,35.81,53.98,"{'pressure_k': 0.0, 'spread': 0.030000000000001137, 'depth_imb_k': -0.34012559707101814, 'micro_off': 0.0, 'spread_mean_10s': 0.02684210526309758, 'depth_imb_k_mean_10s': -0.4114347245726525, 'depth_imb_k_mean_60s': -0.43186802125214163, 'dist_vwap_bps': None, 'hl_range_pct': None, 'oc_change_pct': None, 'volume_rel_20': None, 'atr_pct': None, 'position_in_range': None, 'rsi': None, 'bb_position': None, 'ret_3': None, 'ret_10': None, 'session_bucket': 2.0}"
2026-04-08|PL|2026-04-08T15:30:00-04:00|short|5,2026-04-08,PL,2026-04-08T15:30:00-04:00,short,5,0.3343779146671295,True,shadow,entry_next_bar_open_time_exit_at_selected_hold,36.03,36.21,18.02,"{'pressure_k': 0.0, 'spread': 0.030000000000001137, 'depth_imb_k': -0.5047177717525265, 'micro_off': -0.007500000000000284, 'spread_mean_10s': 0.02999999999974534, 'depth_imb_k_mean_10s': -0.49333147001753613, 'depth_imb_k_mean_60s': -0.6256272608936563, 'dist_vwap_bps': None, 'hl_range_pct': None, 'oc_change_pct': None, 'volume_rel_20': None, 'atr_pct': None, 'position_in_range': None, 'rsi': None, 'bb_position': None, 'ret_3': None, 'ret_10': None, 'session_bucket': 2.0}"
2026-04-08|PL|2026-04-08T15:31:00-04:00|long|8,2026-04-08,PL,2026-04-08T15:31:00-04:00,long,8,0.3620884418487549,True,shadow,entry_next_bar_open_time_exit_at_selected_hold,36.04,35.86,54.06,"{'pressure_k': 0.0, 'spread': 0.030000000000001137, 'depth_imb_k': -0.6360529384919629, 'micro_off': -0.01071428571428612, 'spread_mean_10s': 0.02999999999974534, 'depth_imb_k_mean_10s': -0.5943813340735514, 'depth_imb_k_mean_60s': -0.44760351790813374, 'dist_vwap_bps': None, 'hl_range_pct': None, 'oc_change_pct': None, 'volume_rel_20': None, 'atr_pct': None, 'position_in_range': None, 'rsi': None, 'bb_position': None, 'ret_3': None, 'ret_10': None, 'session_bucket': 3.0}"
2026-04-08|PL|2026-04-08T15:32:00-04:00|long|8,2026-04-08,PL,2026-04-08T15:32:00-04:00,long,8,0.35218241810798645,True,shadow,entry_next_bar_open_time_exit_at_selected_hold,36.09,35.91,54.14,"{'pressure_k': 0.0, 'spread': 0.020000000000003126, 'depth_imb_k': -0.4386105690081879, 'micro_off': -0.007777777777782546, 'spread_mean_10s': 0.021111111111470866, 'depth_imb_k_mean_10s': -0.44238652379549925, 'depth_imb_k_mean_60s': -0.3414026135444108, 'dist_vwap_bps': None, 'hl_range_pct': None, 'oc_change_pct': None, 'volume_rel_20': None, 'atr_pct': None, 'position_in_range': None, 'rsi': None, 'bb_position': None, 'ret_3': None, 'ret_10': None, 'session_bucket': 3.0}"
2026-04-08|PL|2026-04-08T15:33:00-04:00|long|12,2026-04-08,PL,2026-04-08T15:33:00-04:00,long,12,0.3185199499130249,True,shadow,entry_next_bar_open_time_exit_at_selected_hold,36.09,35.91,54.14,"{'pressure_k': 0.0, 'spread': 0.01999999999999602, 'depth_imb_k': -0.39572742251200516, 'micro_off': 0.0, 'spread_mean_10s': 0.019444444444868876, 'depth_imb_k_mean_10s': -0.3548415711584817, 'depth_imb_k_mean_60s': -0.32679287925293465, 'dist_vwap_bps': None, 'hl_range_pct': None, 'oc_change_pct': None, 'volume_rel_20': None, 'atr_pct': None, 'position_in_range': None, 'rsi': None, 'bb_position': None, 'ret_3': None, 'ret_10': None, 'session_bucket': 3.0}"
2026-04-08|PL|2026-04-08T15:34:00-04:00|long|8,2026-04-08,PL,2026-04-08T15:34:00-04:00,long,8,0.31573644280433655,True,shadow,entry_next_bar_open_time_exit_at_selected_hold,36.15,35.97,54.22,"{'pressure_k': 0.0, 'spread': 0.01999999999999602, 'depth_imb_k': -0.6091163772686056, 'micro_off': -0.006000000000000227, 'spread_mean_10s': 0.021052631579311167, 'depth_imb_k_mean_10s': -0.5643327977238761, 'depth_imb_k_mean_60s': -0.44656804288295643, 'dist_vwap_bps': None, 'hl_range_pct': None, 'oc_change_pct': None, 'volume_rel_20': None, 'atr_pct': None, 'position_in_range': None, 'rsi': None, 'bb_position': None, 'ret_3': None, 'ret_10': None, 'session_bucket': 3.0}"
2026-04-08|PL|2026-04-08T15:35:00-04:00|short|3,2026-04-08,PL,2026-04-08T15:35:00-04:00,short,3,0.3457626700401306,True,shadow,entry_next_bar_open_time_exit_at_selected_hold,36.1463,36.33,18.07,"{'pressure_k': 0.0, 'spread': 0.030000000000001137, 'depth_imb_k': -0.4340110119493041, 'micro_off': 0.0, 'spread_mean_10s': 0.025263157894809603, 'depth_imb_k_mean_10s': -0.22369951536836052, 'depth_imb_k_mean_60s': -0.33833782918084615, 'dist_vwap_bps': None, 'hl_range_pct': None, 'oc_change_pct': None, 'volume_rel_20': None, 'atr_pct': None, 'position_in_range': None, 'rsi': None, 'bb_position': None, 'ret_3': None, 'ret_10': None, 'session_bucket': 3.0}"
2026-04-08|PL|2026-04-08T15:36:00-04:00|short|12,2026-04-08,PL,2026-04-08T15:36:00-04:00,short,12,0.3311561942100525,True,shadow,entry_next_bar_open_time_exit_at_selected_hold,36.205,36.39,18.1,"{'pressure_k': 0.0, 'spread': 0.030000000000001137, 'depth_imb_k': -0.069951001496607, 'micro_off': 0.005000000000002558, 'spread_mean_10s': 0.02999999999974534, 'depth_imb_k_mean_10s': -0.3367363794604659, 'depth_imb_k_mean_60s': -0.35523057639604116, 'dist_vwap_bps': None, 'hl_range_pct': None, 'oc_change_pct': None, 'volume_rel_20': None, 'atr_pct': None, 'position_in_range': None, 'rsi': None, 'bb_position': None, 'ret_3': None, 'ret_10': None, 'session_bucket': 3.0}"
2026-04-08|PL|2026-04-08T15:37:00-04:00|short|12,2026-04-08,PL,2026-04-08T15:37:00-04:00,short,12,0.3998492956161499,True,shadow,entry_next_bar_open_time_exit_at_selected_hold,36.175,36.36,18.09,"{'pressure_k': 0.0, 'spread': 0.00999999999999801, 'depth_imb_k': -0.08708389311837587, 'micro_off': 0.0, 'spread_mean_10s': 0.010526315789703452, 'depth_imb_k_mean_10s': -0.008113229266679187, 'depth_imb_k_mean_60s': -0.2225774022781684, 'dist_vwap_bps': None, 'hl_range_pct': None, 'oc_change_pct': None, 'volume_rel_20': None, 'atr_pct': None, 'position_in_range': None, 'rsi': None, 'bb_position': None, 'ret_3': None, 'ret_10': None, 'session_bucket': 3.0}"
2026-04-08|PL|2026-04-08T15:38:00-04:00|short|3,2026-04-08,PL,2026-04-08T15:38:00-04:00,short,3,0.41308069229125977,True,shadow,entry_next_bar_open_time_exit_at_selected_hold,36.0999,36.28,18.05,"{'pressure_k': 0.0, 'spread': 0.00999999999999801, 'depth_imb_k': 0.38547367677695, 'micro_off': 0.0, 'spread_mean_10s': 0.024347826087013465, 'depth_imb_k_mean_10s': 0.20099659112577722, 'depth_imb_k_mean_60s': 0.05976802784336138, 'dist_vwap_bps': None, 'hl_range_pct': None, 'oc_change_pct': None, 'volume_rel_20': None, 'atr_pct': None, 'position_in_range': None, 'rsi': None, 'bb_position': None, 'ret_3': None, 'ret_10': None, 'session_bucket': 3.0}"
2026-04-08|PL|2026-04-08T15:39:00-04:00|short|5,2026-04-08,PL,2026-04-08T15:39:00-04:00,short,5,0.40678295493125916,True,shadow,entry_next_bar_open_time_exit_at_selected_hold,36.19,36.37,18.09,"{'pressure_k': 0.0, 'spread': 0.030000000000001137, 'depth_imb_k': -0.7265329333883325, 'micro_off': 0.0, 'spread_mean_10s': 0.025142857142938218, 'depth_imb_k_mean_10s': -0.48580492525998126, 'depth_imb_k_mean_60s': -0.2506103549251945, 'dist_vwap_bps': None, 'hl_range_pct': None, 'oc_change_pct': None, 'volume_rel_20': None, 'atr_pct': None, 'position_in_range': None, 'rsi': None, 'bb_position': None, 'ret_3': None, 'ret_10': None, 'session_bucket': 3.0}"
2026-04-08|PL|2026-04-08T15:40:00-04:00|short|5,2026-04-08,PL,2026-04-08T15:40:00-04:00,short,5,0.39065316319465637,True,shadow,entry_next_bar_open_time_exit_at_selected_hold,36.125,36.31,18.06,"{'pressure_k': 0.0, 'spread': 0.030000000000001137, 'depth_imb_k': -0.6986536448452005, 'micro_off': 0.0, 'spread_mean_10s': 0.023421052631779037, 'depth_imb_k_mean_10s': -0.689359049722019, 'depth_imb_k_mean_60s': -0.2159035998277261, 'dist_vwap_bps': None, 'hl_range_pct': None, 'oc_change_pct': None, 'volume_rel_20': None, 'atr_pct': None, 'position_in_range': None, 'rsi': None, 'bb_position': None, 'ret_3': None, 'ret_10': None, 'session_bucket': 3.0}"
2026-04-08|PL|2026-04-08T15:41:00-04:00|long|12,2026-04-08,PL,2026-04-08T15:41:00-04:00,long,12,0.35244330763816833,True,shadow,entry_next_bar_open_time_exit_at_selected_hold,36.06,35.88,54.09,"{'pressure_k': 0.0, 'spread': 0.020000000000003126, 'depth_imb_k': -0.4970875731181681, 'micro_off': 0.0, 'spread_mean_10s': 0.02157894736874847, 'depth_imb_k_mean_10s': -0.5236245440800256, 'depth_imb_k_mean_60s': -0.5390540730939263, 'dist_vwap_bps': None, 'hl_range_pct': None, 'oc_change_pct': None, 'volume_rel_20': None, 'atr_pct': None, 'position_in_range': None, 'rsi': None, 'bb_position': None, 'ret_3': None, 'ret_10': None, 'session_bucket': 3.0}"
2026-04-08|PL|2026-04-08T15:42:00-04:00|long|12,2026-04-08,PL,2026-04-08T15:42:00-04:00,long,12,0.3980867862701416,True,shadow,entry_next_bar_open_time_exit_at_selected_hold,36.09,35.91,54.14,"{'pressure_k': 0.0, 'spread': 0.020000000000003126, 'depth_imb_k': 0.0870591001066304, 'micro_off': 0.0, 'spread_mean_10s': 0.013783783784084654, 'depth_imb_k_mean_10s': -0.09136492929200038, 'depth_imb_k_mean_60s': -0.44601960259381235, 'dist_vwap_bps': None, 'hl_range_pct': None, 'oc_change_pct': None, 'volume_rel_20': None, 'atr_pct': None, 'position_in_range': None, 'rsi': None, 'bb_position': None, 'ret_3': None, 'ret_10': None, 'session_bucket': 3.0}"
2026-04-08|PL|2026-04-08T15:43:00-04:00|short|3,2026-04-08,PL,2026-04-08T15:43:00-04:00,short,3,0.41571879386901855,True,shadow,entry_next_bar_open_time_exit_at_selected_hold,36.115,36.3,18.06,"{'pressure_k': 0.0, 'spread': 0.00999999999999801, 'depth_imb_k': 0.1751176250855169, 'micro_off': 7.105427357601002e-15, 'spread_mean_10s': 0.025000000000067014, 'depth_imb_k_mean_10s': 0.3031038008250442, 'depth_imb_k_mean_60s': -0.001549198266672847, 'dist_vwap_bps': None, 'hl_range_pct': None, 'oc_change_pct': None, 'volume_rel_20': None, 'atr_pct': None, 'position_in_range': None, 'rsi': None, 'bb_position': None, 'ret_3': None, 'ret_10': None, 'session_bucket': 3.0}"
2026-04-08|PL|2026-04-08T15:44:00-04:00|short|3,2026-04-08,PL,2026-04-08T15:44:00-04:00,short,3,0.4194500744342804,True,shadow,entry_next_bar_open_time_exit_at_selected_hold,36.15,36.33,18.07,"{'pressure_k': 0.0, 'spread': 0.01999999999999602, 'depth_imb_k': -0.19036064098806496, 'micro_off': -0.006000000000000227, 'spread_mean_10s': 0.01972972973016039, 'depth_imb_k_mean_10s': -0.1593830577546976, 'depth_imb_k_mean_60s': 0.07564328556866988, 'dist_vwap_bps': None, 'hl_range_pct': None, 'oc_change_pct': None, 'volume_rel_20': None, 'atr_pct': None, 'position_in_range': None, 'rsi': None, 'bb_position': None, 'ret_3': None, 'ret_10': None, 'session_bucket': 3.0}"
2026-04-08|PL|2026-04-08T15:45:00-04:00|short|8,2026-04-08,PL,2026-04-08T15:45:00-04:00,short,8,0.39975807070732117,True,shadow,entry_next_bar_open_time_exit_at_selected_hold,36.2,36.38,18.1,"{'pressure_k': 0.0, 'spread': 0.020000000000003126, 'depth_imb_k': 0.16783103168155972, 'micro_off': 0.0, 'spread_mean_10s': 0.02215686274538551, 'depth_imb_k_mean_10s': 0.020888510215948317, 'depth_imb_k_mean_60s': -0.023755173177027866, 'dist_vwap_bps': None, 'hl_range_pct': None, 'oc_change_pct': None, 'volume_rel_20': None, 'atr_pct': None, 'position_in_range': None, 'rsi': None, 'bb_position': None, 'ret_3': None, 'ret_10': None, 'session_bucket': 3.0}"
