tree
version=v4
num_class=1
num_tree_per_iteration=1
label_index=0
max_feature_idx=4
objective=binary sigmoid:1
feature_names=returns range_pct volume_ratio returns_5 returns_10
feature_infos=[-0.11247963049976506:0.15823376623376628] [0:0.05419412710080114] [0.0078591385097786983:4.8966678651136606] [-0.11527460809423684:0.15502130697271066] [-0.11693789042294989:0.17444478784935313]
tree_sizes=3393 3447 3469 3475 3491 3477 3497 3511 3515 3523 3524 3540 3510 3532 3547 3531 3536 3529 3536 3555 3552 3549 3557 3547 3550 3550 3538 3546 3552 3540 3530 3543 3562 3548 3540 3573 3538 3556 3578 3557 3530 3546 3524 3539 3534 3543 3541 3556 3540 3559 3539 3556 3557 3550 3529 3534 3560 3532 3564 3526 3539 3550 3564 3547 3518 3527 3516 3549 3576 3514 3531 3569 3560 3538 3532 3541 3535 3544 3538 3555 3527 3514 3497 3563 3529 3537 3527 3515 3524 3512 3530 3506 3530 3541 3527 3516 3550 3527 3576 3541 3488 3548 3511 3557 3484 3554 3527 3570 3523 3462 3524 3506 3546 3526 3496 3563 3545 3536 3528 3547 3556 3500 3452 3527 3503 3566 3508 3521 3547 3545 3500 3542 3524 3555 3543 3507 3545 3527 3521 3534 3522 3518 3473 3489 3491 3527 3541 3540 3534 3498 3490 3496 3506 3528 3524 3585 3494 3522 3519 3525 3543 3530 3550 3520 3485 3541 3534 3508 3510 3511 3534 3553 3514 3507 3541 3543 3515 3505 3523 3498 3518 3510 3539 3524 3502 3510 3519 3537 3557 3534 3508 3511 3511 3523 3523 3506 3541 3508 3517 3492

Tree=0
num_leaves=31
num_cat=0
split_feature=1 1 1 1 2 1 1 4 2 4 3 2 2 3 2 0 0 1 4 3 2 0 0 3 1 4 0 2 2 4
split_gain=3134.67 806.071 342.318 236.666 139.907 125.233 85.2837 74.2327 71.8422 62.9062 72.3404 55.2149 66.965 50.5034 48.9698 46.1615 42.0965 39.908 35.8141 58.7898 39.8354 35.6613 32.9074 32.1109 31.2065 54.0906 33.0398 32.9942 30.0811 28.9207
threshold=0.004482170560911815 0.0020447720588171888 0.0061176626780651425 0.00090583905922923358 0.85795901312624123 0.0095356782504780226 0.002888433374126731 0.014046758246105242 0.56042162447900623 0.001964571998386178 -0.0047037676980598566 0.85158925055392065 0.71698067976949797 -0.01335466952210118 0.88363639245138659 -0.0055684417603187866 -0.004194376370928842 0.00051486429304699712 0.00015094865607145905 -0.0050342660976505629 0.74206127436356062 0.0056292144424607846 0.0023466463057292279 0.0024764714389029501 0.005268957745367479 -0.01971381338445027 -0.0035137435184973138 0.84162965215330232 1.9737253054541604 -0.011829427218029652
decision_type=2 2 2 2 2 2 2 2 2 2 2 2 2 2 2 2 2 2 2 2 2 2 2 2 2 2 2 2 2 2
left_child=1 3 4 17 24 7 -3 13 -7 10 -10 12 -9 16 -5 -11 -4 -1 -8 20 -20 -15 -21 -16 25 -2 29 -27 -13 -26
right_child=2 6 5 14 -6 8 18 11 9 15 -12 28 -14 21 23 -17 -18 -19 19 22 -22 -23 -24 -25 26 27 -28 -29 -30 -31
leaf_value=-4.2979710151111057 -3.5005789859749252 -4.2204437756692661 -3.6403268513208982 -4.271461887277491 -4.1216366602598349 -3.0977763152718181 -4.196378227802712 -3.8228211225374062 -3.7624007219319404 -3.279037517088216 -4.1222961516253669 -3.8326856777382989 -3.2299459415962755 -3.9661026851729586 -4.2529766261413613 -3.6969029767377806 -3.9671345973648497 -4.2813329728846297 -3.5811395201155438 -4.1388920322114071 -4.040112838476329 -4.1293441304870857 -4.2104838814189867 -4.216600099625003 -3.6757105819327958 -4.057394442535097 -3.8316378333553711 -3.689124916942335 -4.306184327381132 -4.2166726227804423
leaf_weight=681.81993988808244 0.49652104452252466 246.67441336903721 2.0274609318003063 397.43751163780689 39.556176546961069 0.41376753710210223 92.435667788609862 1.034418842755257 5.2410554699599734 0.82753507420420636 1.9033306706696738 3.3791015530005102 0.88270407915115345 21.612457687966533 556.3104536337778 3.2825557943433523 1.9171229219064105 764.54586280602962 0.68961256183683817 59.77561686001718 1.5033553848043082 3.9583761049434534 21.943471717648208 68.092344355769455 0.3172217784449457 9.8476673830300552 6.427189076319336 0.64823580812662918 0.3723907833918928 1.1171723501756785
leaf_count=49435 36 17885 147 28816 2868 30 6702 75 380 60 138 245 64 1567 40335 238 139 55433 50 4334 109 287 1591 4937 23 714 466 47 27 81
internal_value=-4.25548 -4.26523 -3.98746 -4.27616 -4.06821 -3.88678 -4.20146 -3.93386 -3.74483 -3.76862 -3.85828 -3.76813 -3.54984 -3.96568 -4.25774 -3.61277 -3.79916 -4.28918 -4.17491 -4.15126 -3.89578 -3.99137 -4.15812 -4.24901 -3.95613 -4.01053 -3.88006 -4.03465 -3.87969 -4.09704
internal_weight=2996.49 2891.23 105.262 2468.21 58.4102 46.8523 423.022 35.184 11.6682 11.2545 7.14439 5.66862 1.91712 29.5154 1021.84 4.11009 3.94458 1446.37 176.348 83.9121 2.19297 25.5708 81.7191 624.403 18.854 10.9924 7.86158 10.4959 3.75149 1.43439
internal_count=217259 209627 7632 178956 4235 3397 30671 2551 846 816 518 411 139 2140 74088 298 286 104868 12786 6084 159 1854 5925 45272 1367 797 570 761 272 104
is_linear=0
shrinkage=1


Tree=1
num_leaves=31
num_cat=0
split_feature=1 1 1 1 1 4 2 4 2 1 0 3 0 2 4 2 0 4 3 2 2 0 2 2 1 0 2 2 0 0
split_gain=2237.09 523.006 284.138 158.035 55.4436 53.8764 46.9 37.4373 34.68 31.5911 30.88 27.1497 26.5335 25.9701 34.148 36.475 25.8769 37.5336 24.6654 24.4507 23.5164 23.4698 22.5893 20.6193 20.0339 18.3144 18.2609 27.1818 21.8959 17.2408
threshold=0.003607147159957485 0.0010285714285713868 0.005268957745367479 0.0020713887701186992 0.00051486429304699712 0.014046758246105242 1.4318313546786254 0.0089546815055087121 0.88363639245138659 0.0095356782504780226 -0.0012260741933558526 0.001296364226766489 -0.0020976709852252302 0.85158925055392065 -0.0063762165677795904 1.1614133538748133 0.0018536320536591824 0.00022360734567605792 0.013009805624824901 2.1769660155008816 0.36216049067078748 0.0021976696440473291 0.72070290787387636 2.5960215928036812 0.0049665919907213871 0.0030817576072852408 0.80610741212284609 0.72070290787387636 0.0021976696440473291 0.00081824910150718477
decision_type=2 2 2 2 2 2 2 2 2 2 2 2 2 2 2 2 2 2 2 2 2 2 2 2 2 2 2 2 2 2
left_child=1 4 6 8 -1 9 7 21 -3 19 -5 -10 -9 -6 15 -15 17 -12 23 20 -4 24 -23 -11 -2 -14 27 -7 -29 -13
right_child=2 3 5 10 13 26 -8 12 11 18 16 29 25 14 -16 -17 -18 -19 -20 -21 -22 22 -24 -25 -26 -27 -28 28 -30 -31
leaf_value=-0.042119907869970309 0.11163125153364961 -0.012068661399636631 -0.013787700146635357 0.018337270895928948 -0.033193286509200233 0.28466108652147526 0.039499240180837003 0.025067444781263784 0.0018380298882169869 0.29441016434067252 0.036351784578920139 0.043027714923410058 0.25732244844423219 0.043404203460152675 -0.016701973585398409 0.71486853109489423 0.02098021186366995 0.080634067555052202 -0.051138782531971794 0.047829810776741574 0.1976988725311358 0.1574505357936957 0.031187717228639736 0.018810728697354222 0.20641179926612163 0.11076945875671369 0.26405904874832348 0.65470515673827157 0.33031688042827384 0.0083949331580247654
leaf_weight=654.21361429616809 53.869007311761379 318.40616124495864 1.343533164821564 108.56148902140558 380.01773681677878 3.2742531485855606 23.2615388603881 1.976190889254213 381.54544402845204 13.452214742079372 93.006155744194984 78.933120883069932 9.0868233554065174 0.53132289275526901 551.57494582887739 0.32655486091971397 57.858888489194214 98.562944088131189 0.58373631350696165 3.037367087788879 60.730700776912272 4.5612406535074141 15.857866141945122 0.71472604572773057 6.2189160641282788 2.7851875983178624 11.895402880385516 1.2033381815999749 0.91633447259664524 65.968671674840152
leaf_count=49435 3513 23432 71 7486 28205 142 1543 123 27585 599 6479 5623 579 39 40768 24 3997 6758 29 172 3409 292 1043 33 377 181 558 42 32 4690
internal_value=-0.000139054 -0.012111 0.155357 0.0127546 -0.0309614 0.218636 0.103089 0.118766 0.000957172 0.201312 0.0405964 0.00883547 0.194704 -0.0231325 -0.0162117 0.299 0.0502845 0.0591352 0.267382 0.186344 0.193121 0.105703 0.0593924 0.280506 0.121441 0.222941 0.298661 0.374971 0.514472 0.0272606
internal_weight=3004.28 2789.51 214.768 1202.84 1586.66 97.1516 117.617 94.3552 844.853 79.8623 357.989 526.447 13.8482 932.451 552.433 0.857878 249.428 191.569 14.7507 65.1116 62.0742 80.507 20.4191 14.1669 60.0879 11.872 17.2893 5.39393 2.11967 144.902
internal_count=217259 204521 12738 86050 118471 5087 7651 6108 61330 4313 24720 37898 883 69036 40831 63 17234 13237 661 3652 3480 5225 1335 632 3890 760 774 216 74 10313
is_linear=0
shrinkage=0.05


Tree=2
num_leaves=31
num_cat=0
split_feature=1 1 1 1 1 1 2 2 0 0 2 2 2 1 4 4 0 2 4 3 2 4 1 1 4 3 3 4 4 3
split_gain=1783.08 345.044 320.637 56.3137 55.0593 37.1015 31.0715 29.3516 27.0055 43.9358 25.1823 23.3909 25.1492 29.2197 22.0748 21.2523 26.7164 20.7676 20.4986 20.4485 20.4319 19.2059 49.9372 18.7207 16.6428 14.9186 19.865 16.0331 27.0822 13.6225
threshold=0.0027707562818700768 0.0010285714285713868 0.005268957745367479 0.0017701662768096866 0.00051486429304699712 0.0041264509327124518 1.3630040559730869 0.88037964582396333 -0.0017062441234900747 0.0023466463057292279 0.85158925055392065 0.36216049067078748 0.7314768603638564 0.0061176626780651425 -0.0063762165677795904 -0.0038695313738674737 0.0030817576072852408 0.95727610611834801 -0.01971381338445027 -0.0023513051381148782 0.71698067976949797 0.0051831436545213281 0.0010776290799406334 0.0035081014974155207 -0.006727181012526561 0.0011109196965845005 0.001326158826527313 0.0066320622130331417 0.007554381552405399 0.0022772081661529557
decision_type=2 2 2 2 2 2 2 2 2 2 2 2 2 2 2 2 2 2 2 2 2 2 2 2 2 2 2 2 2 2
left_child=1 4 5 7 -1 8 15 -3 29 23 -6 -4 18 17 19 24 -17 -14 -13 -12 -20 -9 -23 -10 -7 27 -27 -5 -29 -2
right_child=2 3 11 25 10 6 -8 21 9 -11 14 12 13 -15 -16 16 -18 -19 20 -21 -22 22 -24 -25 -26 26 -28 28 -30 -31
leaf_value=-0.041733504695978065 0.019808094893781582 -0.015260494323653284 -0.020643334957473794 0.012867780959249354 -0.032596208191272846 0.10575362338828807 0.040153323264708655 0.003863709576011422 0.070469863757726264 0.01606584801666245 0.02114711714507337 0.10752551137782446 0.17847670690504899 0.17598374617295923 -0.016133633641033363 0.16084004860896228 0.0533778032959982 0.084762338446574492 0.22206022183191021 0.43820768210709143 0.39555212591983552 0.43894925174645061 0.03860435568888225 0.11490182289123577 0.00669516044861163 0.10594443209388212 0.030085960845824301 0.28110812856002182 0.01916847995583713 0.1024404099358029
leaf_weight=627.92504362296313 49.569091086275876 258.26155714411288 1.6365795014426101 239.75311261042953 367.93887986149639 14.036476290784778 17.035376125946641 416.79524710029364 81.216788246296346 30.66845347546041 0.69191309809684753 3.4572353363037136 8.7065705191344041 69.925751212984324 542.68569993693382 29.509239165112376 7.193622305057942 18.416339311748743 15.904890048317613 0.51092885620891937 1.8997275233268727 0.81682452466339128 16.787722028791904 33.478929817676544 6.0754348821938029 9.2540300944820029 128.02491957135499 1.5066076042130578 2.8599836612120271 5.5456631900742641
leaf_count=49435 3215 19243 80 16727 28205 774 1059 29819 5200 2039 36 130 384 2829 40768 1623 427 972 628 27 64 56 1159 2002 349 642 8725 102 194 346
internal_value=-0.000216203 -0.0151673 0.0989006 0.0065838 -0.0303399 0.0690855 0.0993818 -0.00191176 0.0579253 0.069225 -0.0224937 0.16709 0.169687 0.158897 -0.0156594 0.117141 0.139778 0.114845 0.218938 0.198301 0.240572 0.0060244 0.0571798 0.0834393 0.0758299 0.0220127 0.0351996 0.0145971 0.109546 0.0281226
internal_weight=3008.09 2613.81 394.276 1074.06 1539.75 274.329 73.8501 692.661 200.479 145.364 911.827 119.947 118.311 97.0487 543.889 56.8148 36.7029 27.1229 21.2619 1.20284 17.8046 434.4 17.6045 114.696 20.1119 381.399 137.279 244.12 4.36659 55.1148
internal_count=217259 195138 22121 76667 118471 17034 4232 50277 12802 9241 69036 5087 5007 4185 40831 3173 2050 1356 822 63 692 31034 1215 7202 1123 26390 9367 17023 296 3561
is_linear=0
shrinkage=0.05


Tree=3
num_leaves=31
num_cat=0
split_feature=1 1 1 1 1 1 2 2 2 4 3 4 1 0 2 3 4 4 3 0 2 2 2 3 2 3 3 4 4 2
split_gain=1475.89 323.662 206.16 54.6025 49.4436 34.3555 29.4132 26.7627 24.3848 22.5065 21.6572 36.322 41.9501 21.3697 19.4498 18.3128 19.5039 16.4404 16.4067 15.0725 13.9877 13.7837 13.4221 12.8301 12.8217 12.5219 15.0257 12.3471 12.3358 17.2286
threshold=0.0027707562818700768 0.0010285714285713868 0.004482170560911815 0.00051486429304699712 0.0017701662768096866 0.0061176626780651425 0.85795901312624123 0.88037964582396333 0.85158925055392065 0.00011727043237519387 0.0043807807489943959 -0.0054412534842611096 0.003607147159957485 0.0023466463057292279 0.42183852834101526 -0.0050342660976505629 0.0066320622130331417 -0.0063762165677795904 0.001296364226766489 0.00069671179368480118 0.54038694474353488 1.4922611930960608 1.082084480294645 0.00097158977015421321 0.26703597801559081 0.0011109196965845005 0.001326158826527313 0.019000313049943655 0.0066320622130331417 0.79952926445815864
decision_type=2 2 2 2 2 2 2 2 2 2 2 2 2 2 2 2 2 2 2 2 2 2 2 2 2 2 2 2 2 2
left_child=1 3 9 -1 7 6 24 -3 -5 10 -2 12 -12 15 -7 16 -11 -10 -9 -20 23 -19 -13 -16 -4 28 -27 -17 -6 -30
right_child=2 4 5 8 25 14 -8 18 17 13 11 22 -14 -15 20 27 -18 21 19 -21 -22 -23 -24 -25 -26 26 -28 -29 29 -31
leaf_value=-0.041336578418023254 0.035116199835820643 -0.014720062062225573 -0.051132117625976907 -0.031991714445465079 0.012068668649827117 -0.02266425027933857 0.079139008307357761 -0.00019349611969796593 0.15132135667732274 0.24372691517164879 0.03857411153321838 0.0045416277961430841 0.609590476320511 0.030261383716657132 0.32146558478455511 0.073077686007642279 -0.051426044843953224 -0.01213931360624425 0.038966725340966457 0.0031100690831401133 0.14326257767614273 -0.034345159388604961 0.2276379199162217 0.1267399938868837 0.14245929275714017 0.090572391641800809 0.027738332465069293 0.1746094909425441 0.19416030334410245 0.0058236546264591625
leaf_weight=602.89285663980991 118.08400175068527 254.45513283088803 0.877337328158318 356.44101199042052 242.76650466118008 1.7207984775304783 56.081286003813148 319.66279271245003 1.4796367520466436 3.0510950479656453 0.55928053520619847 2.7075856458395715 0.75699550658464432 26.521448689512908 2.1401496417820449 86.285791900940239 0.6854626853018998 451.55312684364617 60.736180631443858 56.638612418435514 95.145385196432471 82.678082121536136 0.8977094618603586 1.3987885303795335 34.039847731590271 10.254625837318597 131.81497891247272 3.1019725129008284 2.2447241563349953 2.645226739346981
leaf_count=49435 7303 19243 42 28205 16727 67 2868 22986 63 136 35 164 43 1712 60 4858 27 34463 4102 3946 3227 6305 55 43 1325 642 8725 156 138 158
internal_value=-0.000271107 -0.0146415 0.0850219 -0.0297128 0.0061982 0.123821 0.101569 -0.00182881 -0.0218577 0.0544176 0.0393994 0.142166 0.366968 0.0698575 0.143987 0.0811344 0.189582 -0.0151149 0.00567683 0.0216643 0.146893 -0.0155759 0.060092 0.244499 0.137595 0.0204406 0.0322737 0.0766011 0.0136524 0.0922793
internal_weight=3010.32 2576.26 434.055 1495.04 1081.22 191.404 90.9985 691.493 892.152 242.651 123.006 4.92157 1.31628 119.646 100.405 93.1243 3.73656 535.711 437.038 117.375 98.6843 534.231 3.6053 3.53894 34.9172 389.726 142.07 89.3878 247.656 4.88995
internal_count=217259 195138 22121 118471 76667 7632 4235 50277 69036 14489 7600 297 78 6889 3397 5177 163 40831 31034 8048 3330 40768 219 103 1367 26390 9367 5014 17023 296
is_linear=0
shrinkage=0.05


Tree=4
num_leaves=31
num_cat=0
split_feature=1 1 1 1 1 2 1 2 0 0 3 3 0 2 4 3 4 2 4 2 3 2 4 2 1 0 1 0 4 4
split_gain=1239.78 305.088 143.667 57.3544 39.1486 33.9129 21.6884 20.4093 20.0187 22.5662 17.6064 15.2875 24.2149 14.8185 16.6486 14.255 59.0503 13.6279 13.2868 12.879 12.7152 15.8421 15.2733 12.2712 12.1331 11.2913 11.2199 10.6156 11.8854 10.4921
threshold=0.0027707562818700768 0.00090583905922923358 0.004482170560911815 0.0017701662768096866 0.00049390678825223921 0.88696898271053526 0.0061176626780651425 1.2508553875755759 -0.0017062441234900747 0.0023466463057292279 0.0025486233052799405 0.0022772081661529557 -0.0035137435184973138 0.92049683423019102 -0.005711779016173201 -0.01335466952210118 -0.010349860933211661 0.42183852834101526 -0.001929242926722585 1.4788482156788245 -0.009891647969271054 0.78316460428705148 0.0005932801406505207 0.89663700302169047 0.0031603808871875599 -0.0010567169349007253 0.00072870599611555588 0.00086051482639970544 -0.00067660737988445286 0.0066320622130331417
decision_type=2 2 2 2 2 2 2 2 2 2 2 2 2 2 2 2 2 2 2 2 2 2 2 2 2 2 2 2 2 2
left_child=1 4 8 5 -1 -3 7 15 11 20 -7 -2 -13 -6 26 16 -4 -8 -9 -16 21 -10 -22 -12 -14 29 -15 28 -27 -5
right_child=2 3 6 25 13 10 17 18 9 -11 23 12 24 14 19 -17 -18 -19 -20 -21 22 -23 -24 -25 -26 27 -28 -29 -30 -31
leaf_value=-0.041603201139831694 0.017783723560068587 -0.016612888846053678 0.10806749023581182 0.0027449157925164319 -0.031040038701433011 0.00080144530805844889 -0.022004257819561258 0.011158998079137556 0.058004948223856656 0.024283420005611449 0.20754526118894892 0.41381710791354681 0.18653519088402615 0.35548712307875813 -0.013067958548216949 0.09567972607735549 0.62180154047128966 0.12125748056604729 0.081576647190992099 -0.037251484917969264 0.047257621043527542 0.26930444430150902 0.080163788063703098 0.027850445767521333 0.03558458283186771 0.017686228779827628 0.032656558983939807 0.01411062766380902 0.046007814816669795 0.084594874573651446
leaf_weight=539.09174542687833 62.622871133498847 327.45679178647697 3.4435990154743195 109.33493988309056 364.96024207212031 485.28205172345042 1.6847232561558474 12.054427804425361 1.8346842043101781 39.933971000835299 0.9677039235830297 0.53773352131247421 1.6844442654401044 0.49109644163399824 304.60468100942671 69.010643613524735 0.66782919317483802 113.12818573974073 15.077580180019138 67.198623551055789 67.741668026894331 1.7174496520310638 73.548989722505212 52.140466787852347 6.3477373905479908 66.475435325875878 0.59550285711884499 134.0492985714227 83.669534396380186 4.0607272209599605
leaf_count=46023 3734 25365 120 7422 29664 35000 67 599 99 2480 63 26 94 20 23782 2752 21 3330 743 5349 3901 96 3741 3452 318 4517 30 8779 5421 251
internal_value=-0.000310915 -0.0141254 0.074193 0.00329435 -0.0313609 -0.00392459 0.104318 0.0873262 0.0488817 0.0575611 0.00379261 0.0263549 0.0889872 -0.0238777 -0.0168677 0.101068 0.191515 0.119155 0.0502909 -0.0174388 0.0667359 0.160168 0.064387 0.0311247 0.0672407 0.0190153 0.178562 0.0243378 0.0334687 0.00567598
internal_weight=3011.42 2540.38 471.037 1263.44 1276.94 865.847 215.067 100.254 255.97 184.777 538.39 71.1928 8.56992 737.85 372.89 73.1221 4.11143 114.813 27.132 371.803 144.843 3.55213 141.291 53.1082 8.03218 397.59 1.0866 284.194 150.145 113.396
internal_count=217259 195138 22121 90270 104868 63880 7632 4235 14489 10317 38515 4172 438 58845 29181 2893 141 3397 1342 29131 7837 195 7642 3515 412 26390 50 18717 9938 7673
is_linear=0
shrinkage=0.05


Tree=5
num_leaves=31
num_cat=0
split_feature=1 1 1 1 2 1 3 4 2 4 2 3 2 2 4 0 4 2 2 0 4 4 2 2 0 2 2 1 3 4
split_gain=1079.26 199.282 190.622 38.9192 32.621 25.294 21.8256 18.2225 17.1687 17.3252 22.536 17.2514 21.9924 14.4322 16.2533 14.4279 14.845 13.3922 21.7148 38.1046 15.4302 11.2682 10.4558 9.63131 9.16825 13.2926 13.2019 9.0257 8.3557 10.9807
threshold=0.0020713887701186992 0.004482170560911815 0.00090583905922923358 0.00049390678825223921 0.88363639245138659 0.0029485330554263997 0.0024764714389029501 -0.0022166198816187528 2.2805298981407822 0.014046758246105242 1.9737253054541604 -0.01335466952210118 1.5986319217513072 0.85158925055392065 -0.0077478248304083111 0.0018536320536591824 0.019000313049943655 0.51943708244645481 0.72451577167450965 -4.672788021514717e-05 0.011546940387684558 -0.010349860933211661 1.5335328733241667 0.76664641607694095 -0.00036363771294645181 1.1224470609439463 0.89006896750112585 0.0015737101905529116 -0.0053981126619084266 -0.0031634321111306258
decision_type=2 2 2 2 2 2 2 2 2 2 2 2 2 2 2 2 2 2 2 2 2 2 2 2 2 2 2 2 2 2
left_child=2 5 3 -1 27 7 28 -2 9 11 -11 12 -3 -5 -15 16 -9 -7 19 -19 -20 -10 -16 -13 25 -8 -26 -4 29 -6
right_child=1 8 4 13 6 17 24 15 21 10 -12 23 -14 14 22 -17 -18 18 20 -21 -22 -23 -24 -25 26 -27 -28 -29 -30 -31
leaf_value=-0.041205630911451137 0.0058319761434674645 0.10344031631953388 -0.01799256183257773 -0.031846208058760567 0.03778398480207816 -0.0019824094991124394 0.025861531341526689 0.037817112231699042 0.12327360405521529 0.11675422549842776 0.36114457218145457 0.10185449175747928 0.22724069917024511 0.42054866839031768 -0.014647281859032028 0.0022166886338975613 0.24957017540169144 0.031441529793284746 0.039326387407803767 0.14199738911907611 0.099786511277944051 -0.012668091203660284 -0.03795038429702953 0.073327514898653051 0.20698356324922984 0.14931466124161491 0.021173757660739274 -0.00049303445257142657 0.0012404722123644043 0.26069840521541526
leaf_weight=517.62392590753734 90.937247331254184 21.83090224862099 275.58379887603223 290.51268716994673 3.9535181215032935 13.254055308178065 5.2148786019533855 163.52060118224472 1.9977445900440214 37.182764569297433 0.96784928813576598 38.696458487771451 4.2926921136677256 0.21172607317566772 374.97395496349782 32.051021901890635 0.83188997395336528 15.146557796746494 167.77674921043217 16.055430764332414 11.261282421648501 6.4331499431282264 55.225611816160381 125.70001425035298 0.96943112649023433 3.747229996137321 68.770552196539938 100.57361865136772 565.79506916180253 0.64218605868518253
leaf_count=46023 5877 560 21751 24551 277 691 322 9951 59 901 27 1189 106 8 29732 2019 46 767 9146 809 520 247 4554 4543 57 233 4431 7370 40447 45
internal_value=-0.000340591 0.0517321 -0.0175449 -0.0307456 -0.00159788 0.0341489 0.00519158 0.0243366 0.0896152 0.0921986 0.122954 0.08604 0.123783 -0.0232353 -0.0174232 0.0329044 0.0388889 0.0467644 0.0498375 0.0883296 0.0431293 0.019544 -0.0176387 0.0800423 0.0298743 0.0774797 0.0237566 -0.0133137 0.00178588 0.0689332
internal_weight=3011.73 747.936 2263.8 1238.55 1025.25 510.835 649.093 287.341 237.102 228.671 38.1506 190.52 26.1236 720.924 430.411 196.404 164.352 223.494 210.24 31.202 179.038 8.43089 430.2 164.396 78.7021 8.96211 69.74 376.157 570.391 4.5957
internal_count=217259 37458 179801 104868 74933 29826 45812 17893 7632 7326 928 6398 666 58845 34294 12016 9997 11933 11242 1576 9666 306 34286 5732 5043 555 4488 29121 40769 322
is_linear=0
shrinkage=0.05


Tree=6
num_leaves=31
num_cat=0
split_feature=1 1 1 1 2 4 4 3 3 0 4 2 3 2 0 2 1 0 2 3 4 2 4 1 2 1 0 3 1 0
split_gain=941.563 176.95 157.233 38.6352 29.3257 19.3197 17.1178 16.9407 16.5042 15.2278 16.7414 14.0787 12.8388 21.4861 12.6395 12.5878 15.6511 12.4789 12.0927 12.0345 11.9965 22.8146 11.6528 14.0413 12.1526 10.5273 16.3241 10.2479 8.74704 8.50927
threshold=0.0020447720588171888 0.00090583905922923358 0.0041264509327124518 0.00049390678825223921 0.88363639245138659 0.014046758246105242 0.00027372887283461106 -0.01335466952210118 0.0024764714389029501 0.0018536320536591824 0.0012955065695822168 0.92049683423019102 0.0043807807489943959 0.63086875204769444 -0.0012260741933558526 0.76664641607694095 0.0056485277306448922 -0.0013975087281578034 0.36216049067078748 0.0053056359932970318 -0.014204142243387006 1.1268574283003734 -0.005711779016173201 0.00068681318681323208 1.5335328733241667 0.0030133310858226655 -0.0031018881020380968 0.0010594584748017113 0.0037121740626717237 -0.00036363771294645181
decision_type=2 2 2 2 2 2 2 2 2 2 2 2 2 2 2 2 2 2 2 2 2 2 2 2 2 2 2 2 2 2
left_child=1 3 6 -1 -3 7 12 20 -6 10 27 -5 25 19 -12 18 -17 -15 -9 -14 -4 -22 23 -13 -24 -2 -27 -8 -11 -10
right_child=2 4 5 11 8 -7 9 15 29 28 14 22 13 17 -16 16 -18 -19 -20 -21 21 -23 24 -25 -26 26 -28 -29 -30 -31
leaf_value=-0.040797222501305914 0.010670253612175596 -0.013026680662850412 0.086628708191882786 -0.029826782838303048 0.0016856604266731893 0.10484195072212339 0.058340725683082122 -0.015026956918275217 0.07051338602842866 0.0075545676884606981 0.014164359841990399 0.33619564562857618 0.43083361297632533 0.25290828733127146 0.04683101611743546 0.0429248557295345 0.073722948477621855 0.022338373071457772 0.092613251402024976 0.11651323560036767 0.084715134753592464 0.26052000383030088 -0.012417678811357085 0.0061198567201750098 -0.03834208358418692 -0.037727313488213954 0.039036235714579953 0.11885266131161767 0.058867530255743997 0.020010063678763276
leaf_weight=497.18492918740958 161.00463438499719 366.74295635707676 23.705503769218925 344.27981790341437 564.79591914732009 46.598734987899661 20.585608926601711 2.7613654676824799 9.4709190502762777 48.765155364759266 39.142832978628576 0.51455653272569069 0.62251807004213222 0.65758144855499256 121.6074132155627 83.867212539538741 81.181436408311129 5.4539370220154524 47.361238341778517 0.5961533859372139 4.3705535754561415 3.1940444223582745 306.11258091498166 0.86185715533792973 53.038229266181588 7.5920686759054652 78.897879220545292 10.599111371673642 10.009915780276058 69.878959792666137
leaf_count=46023 10192 28816 550 29664 40335 1068 1157 122 543 2886 2132 15 33 31 6357 3616 2384 295 1403 29 102 74 24584 35 4547 439 4333 574 526 4394
internal_value=-0.000362675 -0.0171579 0.0461775 -0.0301242 -0.00174033 0.0753179 0.0292858 0.0697352 0.00468553 0.0385617 0.0453807 -0.0225953 0.0201598 0.0853731 0.0388767 0.0647378 0.0580733 0.047147 0.0866831 0.277073 0.104123 0.158946 -0.0156896 0.129515 -0.0162461 0.0182283 0.0322979 0.0789076 0.0162936 0.026038
internal_weight=3011.46 2212.88 798.575 1201.99 1010.89 293.04 505.535 246.441 644.146 250.71 191.935 704.807 254.825 7.33019 160.75 215.171 165.049 6.11152 50.1226 1.21867 31.2701 7.5646 360.527 1.37641 359.151 247.495 86.4899 31.1847 58.7751 79.3499
internal_count=217259 178956 38303 104868 74088 9319 28984 8251 45272 13632 10220 58845 15352 388 8489 7525 6000 326 1525 62 726 176 29181 50 29131 14964 4772 1731 3412 4937
is_linear=0
shrinkage=0.05


Tree=7
num_leaves=31
num_cat=0
split_feature=1 1 1 2 1 1 3 0 2 1 2 0 4 3 3 1 3 2 2 4 0 2 0 4 2 4 4 3 2 4
split_gain=825.633 168.102 124.613 39.6216 28.8405 22.5095 20.259 17.4838 14.7713 14.5134 14.0755 13.4372 29.2011 24.5445 11.0816 9.91498 9.88137 9.44145 11.7445 16.1267 9.06016 9.37426 8.69434 8.23271 7.87588 7.74095 7.46473 8.22882 6.98357 6.49087
threshold=0.0020447720588171888 0.00080407746761104639 0.003607147159957485 0.88363639245138659 0.00049390678825223921 0.005268957745367479 0.0012688419928289509 -0.0012260741933558526 1.4318313546786254 0.0010682912410720305 1.7825038478759392 0.00086051482639970544 0.0003832093863461728 0.001949077479730388 -0.0064138170379786632 0.0014381165925992868 -0.0058651521522701247 2.2805298981407822 1.5986319217513072 -0.01971381338445027 0.0030817576072852408 0.37807795433189034 0.00011665037789931888 -0.010349860933211661 0.32306602887409641 -0.0084185540980666867 0.0056686612295405734 -0.0028162811433086184 0.71332971537503342 -0.0084185540980666867
decision_type=2 2 2 2 2 2 2 2 2 2 2 2 2 2 2 2 2 2 2 2 2 2 2 2 2 2 2 2 2 2
left_child=1 4 7 9 -1 8 15 29 20 -3 22 12 14 -14 -9 -5 -17 18 24 -20 21 -4 -8 -19 -7 -6 -11 -28 -22 -2
right_child=2 3 5 6 25 17 10 11 -10 26 -12 -13 13 -15 -16 16 -18 23 19 -21 28 -23 -24 -25 -26 -27 27 -29 -30 -31
leaf_value=-0.040377816024983998 -0.02827022663949362 -0.028048704510014767 -0.021529318094548944 -0.0062492709566263835 0.19521424485446462 -0.051418846069257777 0.039075452932935767 0.075872623457030566 0.017997550286277562 -0.010871240890613568 -0.024130855608341304 0.020190288619647036 0.090370719052137477 0.033678014825229897 0.013454436442572501 0.10603745140613766 0.0068768564942604153 0.098177310048032623 0.2081671321740747 0.091995893163128464 0.077542712745359302 0.06318766807033882 0.014554838307904558 -0.014505041620338719 0.07227484875038151 -0.023666939507163101 0.28448936872606118 0.019391530812125107 0.0071767264346222744 0.011791463369401159
leaf_weight=477.72644950076938 11.071776859462259 152.99358090758324 3.3521918486803761 365.62571726832539 0.40424402337521215 1.2965862397104491 50.059554549865425 7.886604204773902 30.41783388890326 256.38417164888233 18.769134580157697 163.79741678014398 39.242498513311148 37.179106205701828 72.286317210644484 2.5505956783890715 167.51165976654738 2.3234527818858624 3.4443395249545601 22.51626862026751 4.6519274115562466 126.11885713227093 130.10763814114034 5.3611801099032155 172.21287412568927 538.29060573596507 0.29829127248376686 15.696955568157133 14.569541210308669 116.48682620469481
leaf_count=46023 678 13109 141 27236 18 56 3225 450 1543 20125 1272 9272 1993 1873 4322 168 11809 54 64 580 182 5100 8744 174 4159 46018 21 1188 685 6977
internal_value=-0.000378526 -0.0165893 0.0419143 -0.00358177 -0.0314341 0.062725 0.00344992 0.0239694 0.0497443 -0.0157256 0.0170752 0.0302022 0.0406747 0.0627897 0.0195945 -0.00161005 0.00836407 0.0739483 0.0760435 0.107409 0.0562387 0.0609942 0.0213679 0.0195645 0.0713505 -0.0235027 -0.00880377 0.0243353 0.0242065 0.00831421
internal_weight=3010.63 2176.42 834.216 1160 1016.42 386.265 734.624 447.951 179.11 425.373 198.936 320.392 156.595 76.4216 80.1729 535.688 170.062 207.155 199.47 25.9606 148.693 129.471 180.167 7.68463 173.509 538.695 272.379 15.9952 19.2215 127.559
internal_count=217259 178956 38303 86897 92059 12738 52454 25565 7651 34443 13241 17910 8638 3866 4772 39213 11977 5087 4859 644 6108 5241 11969 228 4215 46036 21334 1209 867 7655
is_linear=0
shrinkage=0.05


Tree=8
num_leaves=31
num_cat=0
split_feature=1 1 1 2 1 3 1 0 1 1 2 0 4 3 2 0 3 1 4 0 3 2 2 2 1 4 3 4 4 2
split_gain=726.935 159.767 99.5281 36.3334 28.6444 18.013 17.2124 14.8467 13.8066 12.1596 11.7933 11.4501 20.8384 17.4946 10.8557 9.58281 9.36998 9.0648 8.07255 10.4153 8.98308 8.03691 7.29497 8.26449 10.7756 7.12391 6.78918 6.76195 12.7145 8.9615
threshold=0.0020447720588171888 0.00080407746761104639 0.003607147159957485 0.88363639245138659 0.00049390678825223921 0.002339959602796871 0.005268957745367479 -0.0011899092128491715 0.0010682912410720305 0.00085730252525442524 1.4318313546786254 0.00086051482639970544 0.0003832093863461728 0.001949077479730388 1.321579098741529 -0.00036363771294645181 -0.0064138170379786632 0.0013244202781700204 0.0089546815055087121 -0.0020976709852252302 -0.0039933823194118192 1.0141719936035785 2.2805298981407822 1.5986319217513072 0.0077728933725198209 0.00099974381780743049 -0.0058651521522701247 -0.0023224757669887959 -0.0018008418196633345 1.4209356808876568
decision_type=2 2 2 2 2 2 2 2 2 2 2 2 2 2 2 2 2 2 2 2 2 2 2 2 2 2 2 2 2 2
left_child=1 4 7 8 -1 17 10 27 -3 14 18 12 16 -14 -7 -11 -9 21 20 -20 -4 -5 23 25 -25 -8 -19 -2 29 -29
right_child=2 3 6 5 -6 9 22 11 -10 15 -12 -13 13 -15 -16 -17 -18 26 19 -21 -22 -23 -24 24 -26 -27 -28 28 -30 -31
leaf_value=-0.039947300886535607 -0.0042897774171260341 -0.027405873300161206 0.065202615527777175 -0.016979762956103397 -0.022860286835765492 0.21148449952539769 0.054584746543053744 0.069805395301360804 -0.0084406838738716756 0.062816138577173636 0.016797468507600243 0.01880176274543768 0.077897427807895728 0.030963377330680483 -0.050622791079839982 0.014748089656414368 0.013606811348230842 0.081895848506589097 -0.0067839761310957833 0.087442867798055879 0.036702786932070852 -0.00038334633887682516 0.018176369303171989 0.060460312736166026 0.12188186076701464 0.074307119671659497 0.0064124781485324278 0.12304583444138394 0.011714877812075305 -0.002368218126817501
leaf_weight=459.20232419483364 60.152210340835154 148.85934053640813 39.857426568865776 99.371803112328053 526.47693971451372 1.5259508509188884 101.81426827888936 8.2777751702815277 270.07145253848284 11.86254055611789 30.947316279634833 167.01323231682181 41.842721665278077 37.78386889025569 0.53302673716098059 82.330956961028278 71.326112473383546 3.0128602981567374 3.3538029324263361 23.354147741571069 90.267804086208344 274.30438392050564 7.8278396539390078 13.760665750131011 14.842975687235594 83.204654412344098 264.20719215739518 4.6001634728163472 65.447873508557677 2.0632483791559935
leaf_count=46023 3731 13109 1563 7423 46036 121 2443 438 21334 633 1543 9272 1949 1844 44 5110 4206 181 123 760 3662 20511 228 369 275 1772 18431 279 3718 128
internal_value=-0.000389617 -0.0160312 0.038217 -0.00342156 -0.0308207 0.00326069 0.0561411 0.0222192 -0.0151796 0.0234292 0.0450053 0.027948 0.0375412 0.0556266 0.14363 0.0208017 0.0194507 0.000231707 0.0505715 0.0756105 0.0454323 -0.00479684 0.0655838 0.0673209 0.0923331 0.0634541 0.00726354 0.00808854 0.018414 0.0842128
internal_weight=3009.5 2141.76 867.738 1156.08 985.679 737.149 409.231 458.507 418.931 96.2525 187.78 326.244 159.23 79.6266 2.05898 94.1935 79.6039 640.896 156.833 26.708 130.125 373.676 221.45 213.623 28.6036 185.019 267.22 132.263 72.1113 6.66341
internal_count=217259 178956 38303 86897 92059 52454 12738 25565 34443 5908 7651 17709 8437 3793 165 5743 4644 46546 6108 883 5225 27934 5087 4859 644 4215 18612 7856 4125 407
is_linear=0
shrinkage=0.05


Tree=9
num_leaves=31
num_cat=0
split_feature=1 1 1 2 1 0 1 0 3 4 2 3 0 2 2 1 3 2 2 2 1 3 4 0 4 2 0 2 1 1
split_gain=643.114 123.738 110.338 34.3465 28.407 14.8501 13.8685 14.4081 13.8204 13.6765 11.2909 10.9786 10.5103 10.1636 9.90607 9.31667 9.29947 8.92889 12.2761 7.65352 7.42733 6.91964 12.2723 21.5146 6.55335 15.2499 6.53476 6.23673 6.16617 7.68627
threshold=0.0017701662768096866 0.00080407746761104639 0.003607147159957485 0.88696898271053526 0.00049390678825223921 -0.0010567169349007253 0.0026631804666368188 0.00108631591576025 0.0012688419928289509 0.014046758246105242 1.7825038478759392 -0.01335466952210118 0.00081824910150718477 1.0732695933620915 0.89006896750112585 0.0010682912410720305 -0.0064138170379786632 0.74206127436356062 0.51943708244645481 0.51139994996639848 0.0049665919907213871 0.00084894132742152639 -0.0030787323841446885 -0.0016332728877958556 -0.005711779016173201 1.1084368783620235 -0.00058846988893312957 1.7535840715920619 0.0014381165925992868 0.0016737279066903728
decision_type=2 2 2 2 2 2 2 2 2 2 2 2 2 2 2 2 2 2 2 2 2 2 2 2 2 2 2 2 2 2
left_child=1 4 5 15 -1 21 10 13 28 11 16 -4 -10 -8 -14 -3 -7 18 -13 -9 -19 -2 23 -23 25 -6 -17 -24 -5 -30
right_child=2 3 9 8 24 6 7 19 12 -11 -12 17 14 -15 -16 26 -18 20 -20 -21 -22 22 27 -25 -26 -27 -28 -29 29 -31
leaf_value=-0.039505582174918945 0.00099781520060614713 -0.02701493375155626 0.071648185803761075 -0.0055634738125308952 -0.050823047260663959 0.085716332957494312 0.066261361284857032 -0.051006531315281468 0.023184447846495908 0.072233017161874316 -0.021281991020519142 0.020148056032257746 0.28381823593471739 0.025558855734796156 -0.0049209098524934797 -0.023944001834239684 0.01772148303682047 0.030585711029298454 0.070919083716793285 0.023951974365186701 0.047565286426415401 -0.010870437926829922 0.014408330248230551 0.28649728219418524 -0.022584494471148932 0.21925720073600777 -0.0050916413366227835 0.16630575965121927 0.015822096638089044 -0.015143664379019787
leaf_weight=441.56849086750299 148.51684241369367 146.48216491006315 40.011116834357381 360.11978522315621 1.2162115275859826 5.1241384344175449 44.272037502378225 3.5743473041802636 111.49228567630053 62.4036172516644 18.581991526298225 15.243893839418886 0.29864557646214862 23.466764220967889 55.61571301613003 65.576270596124232 269.67200935725123 120.91169469431043 54.374948974698782 72.016015393659472 137.81198004074395 1.248941748403013 32.116414117626846 1.1857188278809179 512.71729299426079 0.9165491685271262 153.71128664538264 0.69029040914028783 80.388109589926898 26.694280259311199
leaf_count=46023 9206 13233 764 27069 94 302 2028 188 7253 1212 1109 510 16 1100 3740 5335 16190 5137 1473 3717 3642 73 1750 73 45921 21 12491 37 5672 1880
internal_value=-0.000396666 -0.0173419 0.0311461 -0.00504799 -0.0302009 0.0176489 0.0226666 0.0354144 0.00198565 0.0505875 0.0164387 0.0469204 0.0143123 0.0521608 -0.00337872 -0.0172513 0.0189894 0.0439072 0.0598021 0.0204075 0.0396301 0.00572418 0.0256424 0.133952 -0.0222207 0.0652433 -0.0107293 0.0176044 -0.00243119 0.00810273
internal_weight=3008.02 1956.8 1051.22 1000.38 956.419 620.466 436.707 143.329 634.609 430.757 293.378 368.354 167.407 67.7388 55.9144 365.77 274.796 328.343 69.6188 75.5904 258.724 183.758 35.2414 2.43466 514.85 2.13276 219.288 32.8067 467.202 107.082
internal_count=217259 168748 48511 76689 92059 35773 24634 7033 45630 12738 17601 11526 11009 3128 3756 31059 16492 10762 1983 3905 8779 11139 1933 146 46036 115 17826 1787 34621 7552
is_linear=0
shrinkage=0.05


Tree=10
num_leaves=31
num_cat=0
split_feature=1 1 1 2 1 4 3 0 0 0 1 1 2 2 4 2 1 2 1 3 4 3 4 2 4 3 1 1 2 0
split_gain=572.939 117.74 90.8357 31.6349 28.1174 12.9528 21.0842 16.6375 12.8155 12.0453 12.4066 10.9775 10.7967 11.3439 10.0039 9.90773 8.88604 8.71987 8.28278 16.9172 12.3659 7.54174 13.1894 7.30116 6.56559 9.09003 10.7327 6.31275 6.28069 6.13898
threshold=0.0017701662768096866 0.00080407746761104639 0.003607147159957485 0.88696898271053526 0.00049390678825223921 -0.00024733938399912331 -0.0024208740507860589 -0.00070636006312485556 -0.0010567169349007253 0.00086051482639970544 0.0026631804666368188 0.0061176626780651425 0.91720221974186489 0.91369805050857511 0.00053657480581736927 1.9737253054541604 0.0010682912410720305 1.7825038478759392 0.0030133310858226655 -1.0000000180025095e-35 0.019000313049943655 -0.01335466952210118 -0.014204142243387006 0.22869835620335524 0.0070555599005127654 0.0049302171441208973 0.0024831739352366659 0.00084286461641908605 0.42183852834101526 -0.00058846988893312957
decision_type=2 2 2 2 2 2 2 2 2 2 2 2 2 2 2 2 2 2 2 2 2 2 2 2 2 2 2 2 2 2
left_child=1 4 8 16 -1 27 7 -7 24 10 17 12 13 23 -12 -8 -3 -10 20 -20 -11 22 -14 -4 -2 26 -26 -5 -13 -18
right_child=2 3 11 5 -6 6 15 -9 9 18 14 28 21 -15 -16 -17 29 -19 19 -21 -22 -23 -24 -25 25 -27 -28 -29 -30 -31
leaf_value=-0.03905261553546624 0.0032294979757228983 -0.026369344631315867 -0.051335800857524941 -0.037476133690529476 -0.02158803360403401 0.25606461311984868 0.0088788574461386317 0.045451666282170497 0.024425456069806169 0.0069659057237245877 0.027824724822097309 -0.029248910047564539 0.026006300470340346 0.22812703405137813 0.067690615487623534 -0.028885187478046054 -0.023298497409587629 -0.030831277842605503 0.077386733781369815 0.01209601906807291 0.26100634314844878 0.028924013127197046 0.23648402477579858 0.050866990198660755 0.17937920899891341 -0.020489848131620532 0.036387239100673353 -0.0043569565835708864 0.056411334026373078 -0.0048617665648324274
leaf_weight=424.78290164284408 175.61029354669154 142.66323747485876 1.7739525120705355 15.212826849892734 503.78499138634652 1.4667287888005374 332.91530599445105 2.5996794421225777 154.62722166068852 172.80987560469657 31.052842862904072 2.1658394467085591 1.9289118330925705 0.89390286058187385 31.904247744008899 18.324285924434662 64.062503457069397 7.4853212879970661 14.005500128492711 34.021394982933998 0.48035886324942012 147.46474893949926 1.2119669541716565 116.99913723953068 1.9528975374996642 3.2680083783343434 4.000418184325099 265.3584070391953 178.51366778276861 152.95001008175313
leaf_count=46023 10688 13233 74 1263 46036 103 23376 188 8983 10096 1531 67 60 32 1227 1335 5335 455 668 1653 21 5711 31 3433 100 159 192 19365 3330 12491
internal_value=-0.000400901 -0.0167706 0.0287047 -0.00482549 -0.0295774 0.00187783 0.00821924 0.121418 0.0164607 0.021045 0.0291897 0.0458433 0.039465 0.050676 0.0480272 0.00690869 -0.0166764 0.0218741 0.0127623 0.031136 0.0076701 0.0305569 0.107223 0.0493405 0.00538893 0.0465131 0.0832936 -0.00615271 0.0553845 -0.0103043
internal_weight=3006.29 1924.12 1082.17 995.553 928.568 635.877 355.306 4.06641 631.218 446.387 225.07 450.952 270.273 119.667 62.9571 351.24 359.676 162.113 221.317 48.0269 173.29 150.606 3.14088 118.773 184.832 9.22132 5.95332 280.571 180.68 217.013
internal_count=217259 168748 48511 76689 92059 45630 25002 291 35773 24634 12196 12738 9341 3539 2758 24711 31059 9438 12438 2321 10117 5802 91 3507 11139 451 292 20628 3397 17826
is_linear=0
shrinkage=0.05


Tree=11
num_leaves=31
num_cat=0
split_feature=1 1 1 2 1 1 3 2 4 4 4 3 0 0 0 3 4 1 2 2 1 0 1 4 3 0 4 2 2 4
split_gain=514.686 106.307 84.9888 28.9519 18.3676 15.2155 12.0093 11.2966 9.92957 9.4459 10.8658 10.0711 8.51661 8.31745 9.44073 7.99638 7.9178 7.43092 7.299 6.72523 6.70972 6.64911 22.693 6.87266 6.47825 6.33588 6.16387 15.4567 6.08569 13.1583
threshold=0.0014381165925992868 0.003607147159957485 0.00051486429304699712 0.88696898271053526 0.00075971265496871333 0.0020713887701186992 0.0012688419928289509 1.3140246281704966 0.014046758246105242 0.00065600118084618863 0.00074171435427994325 -0.0019502567449325434 -0.0010870397291000697 -0.0012260741933558526 0.0018536320536591824 -0.0050342660976505629 0.00022360734567605792 0.0049665919907213871 0.91720221974186489 0.39534047045370468 0.0011320823620770341 0.0021976696440473291 0.0020193616060681335 -0.00074493464360397821 0.003779854001347172 0.0056292144424607846 -0.0042911671054871028 1.0252507473640409 1.5335328733241667 -0.0026263371166451162
decision_type=2 2 2 2 2 2 2 2 2 2 2 2 2 2 2 2 2 2 2 2 2 2 2 2 2 2 2 2 2 2
left_child=2 5 26 9 28 12 -6 -8 17 15 11 -11 -2 -7 16 19 -15 18 24 -4 -12 23 -23 -14 -3 -19 27 -1 -5 -30
right_child=1 8 3 4 6 13 7 -9 -10 10 20 -13 21 14 -16 -17 -18 25 -20 -21 -22 22 -24 -25 -26 -27 -28 -29 29 -31
leaf_value=-0.00061589325642801755 -0.0095640568905023503 0.034904519959237712 0.29424979433890813 -0.014919793750163274 -0.0051429397685866804 0.0075249422233504412 0.023233126691371189 -0.008654902985540747 0.059201568903443684 0.36621545109431219 -0.020778519643739432 0.036677432737101993 -0.0014213474658539198 0.017089520284929882 0.0064047515042783779 -0.027877012530948694 0.034325376642890072 0.047394249482178782 0.022050703820903406 0.034431994431535877 0.0019950263298019583 -0.0056847969847701862 0.42609784911854753 0.013692647720658117 0.07124669724686962 0.020518589529166249 -0.038120486302688557 0.50143137117724013 0.12862990686852832 -0.046818362024107239
leaf_weight=1.0031928298994888 78.934886620379984 54.290251621976495 0.29000314511358682 189.23359159007668 388.71483818627894 128.3609878057614 83.742939154617488 41.555566318333149 69.32786737382412 0.23993732035160054 132.72947005461901 6.8787748133763662 117.62673350796103 119.01454255729914 72.352860864251852 297.66462244000286 151.38669485412538 206.54446566477418 99.480375600978732 1.7642676457762716 42.763816447928548 1.1092176930978883 0.41934133693575848 208.60749659966677 15.840197935700415 24.534374469891191 441.78897416498512 0.18096461705863465 1.1127644935622836 26.964761626906693
leaf_count=112 5593 1870 26 16721 29794 7486 5520 2857 1212 22 12635 645 8384 6479 3997 27632 6758 4548 4086 154 3543 76 26 14033 492 530 49309 14 92 2613
internal_value=-0.000403107 0.02254 -0.0190696 -0.0122277 -0.00595608 0.0122649 -0.000803843 0.0126574 0.0417301 -0.0217369 -0.0127727 0.0477846 0.00517986 0.0183811 0.0224467 -0.0271986 0.0267392 0.0387072 0.0307595 0.0711107 -0.0152291 0.00873063 0.112769 0.00824316 0.043113 0.0445408 -0.0378151 0.0761077 -0.0181428 -0.039865
internal_weight=3004.46 1347.83 1656.63 1213.66 731.324 877.813 514.013 125.299 470.018 482.331 182.612 7.11871 406.698 471.115 342.754 299.719 270.401 400.69 169.611 2.05427 175.493 327.763 1.52856 326.234 70.1304 231.079 442.973 1.18416 217.311 28.0775
internal_count=217259 65570 151689 102254 57597 52832 38171 8377 12738 44657 16845 667 28112 24720 17234 27812 13237 11526 6448 180 16178 22519 102 22417 2362 5078 49435 126 19426 2705
is_linear=0
shrinkage=0.05


Tree=12
num_leaves=31
num_cat=0
split_feature=1 1 1 2 1 1 4 2 2 1 3 3 2 2 1 4 4 3 0 0 3 3 3 2 3 0 4 1 2 4
split_gain=463.402 91.3767 82.2395 27.206 17.0047 15.7743 11.1304 9.90822 15.1567 14.1446 16.0027 10.3535 9.40994 9.35578 9.2936 9.06412 9.56839 9.57196 9.059 10.5513 8.86034 8.76279 8.53252 7.67871 7.16302 8.15267 6.71252 6.2665 5.92018 12.0859
threshold=0.0014381165925992868 0.002888433374126731 0.00051486429304699712 0.88696898271053526 0.00075971265496871333 0.005268957745367479 0.0051831436545213281 1.7825038478759392 1.6793156189121439 0.0015737101905529116 0.0022154381309056341 0.0043807807489943959 0.94704036489577492 0.37807795433189034 0.0027168967661850107 0.00065600118084618863 0.00074171435427994325 0.0024054874094718852 0.0023466463057292279 -2.7503496474956531e-05 -0.00022788931101352936 0.00097158977015421321 -0.0058651521522701247 1.4662852754074944 -0.0047037676980598566 -0.00038248181421796085 0.0054214519975603901 0.0011320823620770341 1.5335328733241667 -0.001842030055391408
decision_type=2 2 2 2 2 2 2 2 2 2 2 2 2 2 2 2 2 2 2 2 2 2 2 2 2 2 2 2 2 2
left_child=2 7 22 15 28 13 23 8 21 10 -10 -9 -8 -3 26 24 17 -17 19 -15 -11 -2 -1 -6 25 -4 -13 -18 -5 -30
right_child=1 5 3 4 6 -7 12 11 9 20 -12 14 -14 18 -16 16 27 -19 -20 -21 -22 -23 -24 -25 -26 -27 -28 -29 29 -31
leaf_value=0.40442144544634195 0.0045439333893891182 -0.025957222318882395 0.14680544458360517 -0.014387385527865993 0.001119459943931918 0.043772992419991018 0.13234986269397361 -0.018514420033070488 0.11459066469873772 -0.0071496399457824421 0.46985180582178238 0.15419406302715538 0.02433208097901042 0.025445534919629271 0.3065805824362644 0.032519021909484275 -0.020155926687269905 0.34586478114375258 0.013090174898429141 0.04452780630908712 0.075394825064494464 0.016381617049811319 -0.037434272798996852 -0.014347010116119089 -0.027347714214493335 -0.02101353072214136 -0.050922044098998233 0.0018914888036710949 0.0615970642696438 -0.0505028051093174
leaf_weight=0.10928678140044112 406.40591585077345 7.8715103417634955 1.2662544529885056 186.49553750455379 399.45377945154905 269.4979658909142 2.454269469715654 44.881033081561327 1.8144535273313516 5.7265821462497106 0.38408371992409218 0.73133364412933521 11.296120887622235 185.99034981895238 0.41947348602116097 7.2204367350786915 130.05696796625853 0.25223521143198002 71.395564202219248 118.65612026304007 7.520206124521791 254.06278564967215 426.73645451571792 100.42559383716434 288.91108782496303 1.6890188362449396 0.87738551758229733 42.847120296210051 2.6678835311904576 24.346444578841329
leaf_count=5 26434 332 105 16721 29694 5087 136 2869 125 370 23 42 667 7553 22 645 12635 22 3075 4371 429 14788 49430 7674 27565 142 50 3543 235 2470
internal_value=-0.000402938 0.0209499 -0.0184733 -0.0117655 -0.0056968 0.0345006 -0.000767 0.00870034 0.0102425 0.0592039 0.176655 -0.0135209 0.0436119 0.0279917 0.0969787 -0.0211099 -0.0122983 0.0430958 0.0291209 0.0328778 0.0397109 0.00909754 -0.0373211 -0.00198775 -0.0265555 0.0508923 0.042325 -0.0146924 -0.0175562 -0.039432
internal_weight=3002.46 1376.23 1626.23 1199.38 727.14 653.412 513.63 722.823 675.914 15.4453 2.19854 46.9092 13.7504 383.914 2.02819 472.243 180.377 7.47267 376.042 304.646 13.2468 660.469 426.846 499.879 291.866 2.95527 1.60872 172.904 213.51 27.0143
internal_count=217259 65570 151689 102254 57597 20418 38171 45152 42169 947 148 2983 803 15331 114 44657 16845 667 14999 11924 799 41222 49435 37368 27812 247 92 16178 19426 2705
is_linear=0
shrinkage=0.05


Tree=13
num_leaves=31
num_cat=0
split_feature=1 1 1 2 1 4 1 4 4 3 3 2 2 2 2 4 2 2 2 2 0 0 3 0 3 2 2 0 4 1
split_gain=417.602 79.4535 77.8919 25.7927 14.6203 13.0494 12.3998 9.57019 9.14798 10.9071 8.8381 9.07663 8.14541 8.07393 7.95713 10.0413 7.93017 7.74747 10.8524 10.6686 9.40066 12.4121 8.46247 7.60264 6.80179 30.3304 6.67962 6.23819 6.21472 6.06582
threshold=0.0014381165925992868 0.00051486429304699712 0.0029485330554263997 0.92049683423019102 0.0007849198348256264 0.00063583107984277476 0.004482170560911815 -0.00077083556441853707 0.00074171435427994325 0.0017746207053299658 0.0012688419928289509 1.4209356808876568 0.51943708244645481 0.87059338070546655 1.5335328733241667 -0.001842030055391408 0.84808276657135551 0.97086660811875136 1.7825038478759392 1.6793156189121439 0.00092551414392449971 -0.0010288193509869756 0.0057299358542175502 -0.00043037086184610768 0.0018611128150965996 0.37807795433189034 2.2805298981407822 -0.00051389623808134599 0.019000313049943655 0.00090583905922923358
decision_type=2 2 2 2 2 2 2 2 2 2 2 2 2 2 2 2 2 2 2 2 2 2 2 2 2 2 2 2 2 2
left_child=1 -1 7 5 14 29 12 24 9 -7 -6 -12 -4 16 23 -16 -14 20 19 -19 21 -9 -20 -5 -2 -26 -8 -27 -22 -3
right_child=2 3 6 4 10 8 26 17 -10 -11 11 -13 13 -15 15 -17 -18 18 22 -21 28 -23 -24 -25 25 27 -28 -29 -30 -31
leaf_value=-0.036815789162109515 -0.0005136868166208191 -0.032344888080187567 -0.010445057236179119 -0.036068860683778431 -0.0038487138838683823 0.018836688541912755 0.039378298174879436 -0.010952610404186144 -0.012248694821946397 0.18943624256447625 0.02023020871536961 -0.012266541890178255 0.033954941991628622 0.020293624212113417 0.043905558507151728 -0.050481770126128478 0.086104260052880688 0.020140429714780281 -0.014654568367126123 0.071506059814204562 -0.013142690372370813 0.021970959311927548 0.16011725642097424 -0.007603210326630902 0.46916077464668249 0.073363785355038735 0.0004291880825710747 0.0061802223671144838 0.1754525769299965 -0.018392065531541744
leaf_weight=411.47572355158627 278.42594587150961 173.48430974408984 15.916912965476511 27.574590223841369 342.73866570089012 9.3629489066079241 355.74771760217845 40.088178724981844 189.23149885982275 1.0410771900787938 86.554810773581266 28.58331464137882 82.440379951149225 182.33499299176037 3.1656502764672068 25.640286858193576 7.9971252214163533 213.14427276700735 27.61759800743312 10.612146656028925 55.648687485605478 100.12631481140852 0.71043622773140569 157.0619582561776 0.38454321492463606 4.4244779041037008 11.359175346791742 15.771869381889697 0.44027329422533412 141.36874845251441
leaf_count=49435 18369 17662 691 2492 26217 828 7326 2526 17596 80 5548 2006 3057 7873 268 2714 312 12146 1705 573 3406 6005 38 14195 23 253 306 946 15 12648
internal_value=-0.000401613 -0.0178849 0.0195 -0.0113159 -0.00486033 -0.0197393 0.0320762 0.00846516 -0.00973902 0.0359077 0.00017756 0.0121628 0.0243231 0.0263519 -0.0156676 -0.040109 0.0385664 0.0130854 0.0188853 0.0225766 0.00563757 0.0125579 -0.0102715 -0.0118544 0.00153662 0.0292739 0.0381731 0.0208983 -0.0116623 -0.0260801
internal_weight=3000.47 1597.28 1403.19 1185.81 671.319 514.489 655.796 747.395 199.636 10.404 457.877 115.138 288.689 272.772 213.442 28.8059 90.4375 448.388 252.084 223.756 196.303 140.214 28.328 184.637 299.007 20.5809 367.107 20.1963 56.089 314.853
internal_count=217259 151689 65570 102254 53440 48814 19565 46005 18504 908 33771 7554 11933 11242 19669 2982 3369 26414 14462 12719 11952 8531 1743 16687 19591 1222 7632 1199 3421 30310
is_linear=0
shrinkage=0.05


Tree=14
num_leaves=31
num_cat=0
split_feature=1 1 1 2 2 1 3 1 3 4 4 3 1 3 4 3 0 0 3 4 2 4 2 2 0 4 3 4 3 0
split_gain=378.145 76.9434 68.6092 21.3301 11.8186 11.6762 12.7344 10.7219 9.23228 8.97521 7.53918 7.24461 9.297 6.89943 16.8293 6.75532 6.72124 9.30418 13.0765 8.48334 7.37982 7.32849 6.57882 6.29224 6.03283 9.56274 5.95501 5.84759 5.74035 5.63866
threshold=0.0013244202781700204 0.002888433374126731 0.00051486429304699712 0.83506846355636355 0.36216049067078748 0.00075971265496871333 0.00018141275528060777 0.0047069043026143854 0.00020666884018549772 0.0005932801406505207 -0.00077083556441853707 -0.0050342660976505629 0.0010597354923538899 -0.0016844360325722338 0.0010248876195312342 0.0079645486916594139 0.00086051482639970544 0.00081824910150718477 0.0002302507056995973 0.019000313049943655 0.78649621542192405 -0.00072175952352926387 0.37807795433189034 1.1361684907136829 0.0025466717849672586 -0.0024959417497272258 -0.0058651521522701247 0.0013883907396196051 0.0039527278394465579 0.0042099359340894713
decision_type=2 2 2 2 2 2 2 2 2 2 2 2 2 2 2 2 2 2 2 2 2 2 2 2 2 2 2 2 2 2
left_child=2 10 26 9 -3 -5 23 29 -8 11 15 12 -4 14 -11 24 17 20 -19 21 -12 -18 -9 -7 -2 -26 -1 -24 -13 -6
right_child=1 4 3 5 7 6 8 22 -10 13 16 28 -14 -15 -16 -17 19 18 -20 -21 -22 -23 27 -25 25 -27 -28 -29 -30 -31
leaf_value=0.27844340582850652 0.00025375148050019728 -0.028511419736883811 -0.050609498950054281 -0.016210470118164785 0.024376158110649776 -0.017842073270392309 0.090326268615116168 0.17229754352035098 0.004704225892486715 0.21681056973123702 0.00090795611600822486 -0.029659622257475256 0.19612661429150802 -0.014072062638452712 -0.013559397082421869 0.21120606040077339 0.13130786815002823 0.19710805065008508 0.034424154133244789 0.18638554498794857 0.018377450826620099 0.0017691691362666793 0.030106733788924051 -0.001973023172729078 0.2304512481657878 -0.050916172980615529 -0.036417839817322682 0.043205027964127424 0.13271307424807338 -0.037752551865344305
leaf_weight=0.15022723749279876 329.17066592164338 8.7299904385581595 0.72193293645977863 231.48364791367203 334.32141275797039 132.62643621396273 3.1921730684116474 0.88582571595907111 229.13402243889868 1.1217606235295527 82.081617340445518 211.09730609506369 0.81029874831438065 138.51899957284331 2.7032748199999332 0.38143859896808763 1.0982405655086029 1.6130721876397718 5.2730954382568598 0.62947926297783752 229.43614610563964 187.06654243823141 193.90315582789481 118.08143813628703 0.71089493948966265 0.52498245984315761 396.69402965065092 152.00827661901712 0.54572511278092761 3.6923359520733348
leaf_count=5 22147 361 62 21917 13224 10742 257 16 16888 96 5321 21520 61 13487 253 21 72 102 316 20 13503 11262 3870 9234 42 30 49430 2790 53 157
internal_value=-0.000398932 0.0169786 -0.0185423 -0.011957 0.0292976 -0.00697748 -0.00255277 0.0300346 0.00588068 -0.0219649 0.00678307 -0.0284567 0.0798734 -0.0122428 0.0540008 0.000910511 0.0106131 0.0150452 0.0725326 0.00313826 0.0137744 0.00252523 0.0362112 -0.0103679 0.000667735 0.110931 -0.0362986 0.0358627 -0.0292409 0.0236975
internal_weight=2998.41 1531.53 1466.88 1070.04 693.541 714.518 483.034 684.811 232.326 355.519 837.986 213.175 1.53223 142.344 3.82504 330.788 507.198 318.404 6.88617 188.794 311.518 188.165 346.797 250.708 330.407 1.23588 396.844 345.911 211.643 338.014
internal_count=217259 73254 144005 94570 20418 59038 37121 20057 17145 35532 52836 21696 123 13836 349 22240 30596 19242 418 11354 18824 11334 6676 19976 22219 72 49435 6660 21573 13381
is_linear=0
shrinkage=0.05


Tree=15
num_leaves=31
num_cat=0
split_feature=1 1 1 2 3 1 0 0 4 4 3 4 0 2 3 2 4 2 1 4 3 3 4 4 3 1 2 4 1 3
split_gain=342.179 66.3673 66.2405 20.2867 11.8149 10.716 10.0584 9.48738 9.10668 9.08528 11.8277 17.555 8.20015 7.87321 9.23058 13.3371 24.0959 8.09472 7.79559 7.509 7.56459 7.23054 7.89192 7.09118 8.74701 7.77673 6.95199 6.97763 6.62216 6.16175
threshold=0.0013244202781700204 0.0027707562818700768 0.00051486429304699712 0.77979435906100714 0.0018161670352141448 0.005268957745367479 0.00063752341404199619 0.00056027799258662203 -0.0063762165677795904 0.00015094865607145905 -0.0001616337010919566 0.00020481452523457569 -0.00058846988893312957 0.66196614276460553 -0.0064138170379786632 0.72451577167450965 -0.0063762165677795904 1.1178728910785738 0.00084286461641908605 0.00045715491429376703 -0.0050342660976505629 -0.0016844360325722338 0.0010248876195312342 0.005948845490630795 0.0032026155008847428 0.0023243785867566005 2.5960215928036812 -0.00077083556441853707 0.0010597354923538899 0.0039527278394465579
decision_type=2 2 2 2 2 2 2 2 2 2 2 2 2 2 2 2 2 2 2 2 2 2 2 2 2 2 2 2 2 2
left_child=2 13 -1 19 8 9 7 -6 12 -3 11 -11 -5 23 15 16 -15 -17 -10 20 28 22 -21 -2 25 -25 27 -16 -4 -22
right_child=1 5 3 4 6 -7 -8 -9 18 10 -12 -13 -14 14 26 17 -18 -19 -20 21 29 -23 -24 24 -26 -27 -28 -29 -30 -31
leaf_value=-0.035771934284486127 -0.011796772585084115 0.014470458700219263 -0.050580732894084601 -0.050981187718331072 0.014615014864506688 0.033951881336212152 -0.015259843072845742 0.082689211507060836 -0.015845818451140314 0.34084913411001366 0.022254422115010348 0.046042142351956077 0.10348974215725729 -0.050793338240269825 0.0011969669685993191 -0.0026029277182059766 0.48733650402402473 0.093434019398980717 -0.0051074561085358528 0.1398867040587273 -0.031769425004346111 -0.015847466734082459 -0.0060805971859758954 0.037648029065893186 -0.0086129706620589139 0.1685735117751993 -0.04337241189709997 0.011576261331528125 0.16378928539149662 0.13975701660548601
leaf_weight=382.91794230462983 91.063553323969245 220.02094875462353 0.58732992224395164 1.1723800376057623 57.361256833188236 298.32230811566114 28.156823204830289 5.6196845658123484 312.77380404062569 0.50963218882679839 173.26487328205258 55.200072236359119 3.2156629208475342 0.37675999104976654 260.71869680378586 5.1735377358272654 0.46447403263300557 3.8099959958344698 367.70029098633677 1.5740656005218618 157.59633920248598 118.25317232403904 2.2491415664553642 3.9485864015296084 7.0847241887822747 1.5912773106247184 6.7433836739510289 427.31974909827113 0.93180793151259422 0.52532363776117463
leaf_count=49435 6323 8960 53 77 4195 5087 1945 401 30057 19 6218 1837 169 25 17629 299 28 218 28947 123 16548 11738 214 232 408 65 450 25456 58 45
internal_value=-0.000394543 0.015866 -0.0179528 -0.0115019 -0.00732964 0.0266066 0.00958279 0.0206892 -0.00958025 0.0217262 0.0286982 0.048739 0.0622188 0.00593561 0.00782862 0.055954 0.246327 0.0381272 -0.0100432 -0.0229944 -0.0301327 -0.0136595 0.0540161 -0.00692821 0.0281897 0.0752552 0.00714809 0.00764323 0.0809094 -0.0311996
internal_weight=2996.25 1555.61 1440.64 1057.72 776 747.318 91.1378 62.9809 684.862 448.996 228.975 55.7097 4.38804 808.295 704.607 9.82477 0.841234 8.98353 680.474 281.717 159.641 122.076 3.82321 103.688 12.6246 5.53986 694.782 688.038 1.51914 158.122
internal_count=217259 73254 144005 94570 65791 22121 6541 4596 59250 17034 8074 1856 246 51133 44105 570 53 517 59004 28779 16704 12075 337 7028 705 297 43535 43085 111 16593
is_linear=0
shrinkage=0.05


Tree=16
num_leaves=31
num_cat=0
split_feature=1 1 1 2 1 3 2 1 4 2 2 3 3 0 3 2 3 4 2 3 3 2 0 0 4 3 4 0 1 4
split_gain=309.769 63.8472 57.307 19.109 11.137 10.2899 9.54713 8.86142 7.2482 7.15812 8.63394 7.35729 9.1232 6.66765 6.65372 6.57508 6.52479 8.88049 6.44872 8.56512 6.86792 6.43664 6.38214 10.3488 6.2264 12.5459 15.8558 6.34832 6.04976 6.81727
threshold=0.0013244202781700204 0.00051486429304699712 0.0027707562818700768 0.77979435906100714 0.00076586692257452863 0.00015676099520256506 0.36216049067078748 0.004482170560911815 0.00045715491429376703 0.88363639245138659 1.7825038478759392 -0.0019023985269147612 0.00037580238892320766 0.00063752341404199619 -0.0050342660976505629 0.56042162447900623 -0.001399843632242048 0.0011031858163470523 1.6793156189121439 0.0028869806273098546 0.0011109196965845005 1.0141719936035785 0.0023466463057292279 -0.0017062441234900747 0.0056686612295405734 -0.0017666288222576985 0.0070555599005127654 0.0013428346361127332 0.00027455066689268314 -0.0042911671054871028
decision_type=2 2 2 2 2 2 2 2 2 2 2 2 2 2 2 2 2 2 2 2 2 2 2 2 2 2 2 2 2 2
left_child=1 28 9 8 -5 21 -4 22 14 24 18 -12 -13 -7 -3 -9 17 -10 20 -20 -11 -6 23 -8 -2 26 -26 -27 -1 -30
right_child=2 3 6 4 5 13 7 15 16 10 11 12 -14 -15 -16 -17 -18 -19 19 -21 -22 -23 -24 -25 25 27 -28 -29 29 -31
leaf_value=-0.04524418201925276 -0.0037399878065362963 0.070353922294260726 -0.025128711470637166 -0.015575919436408479 -0.019583475170552641 0.0097659572350564765 0.0084000751769147865 0.056072788823850264 0.10988493751831258 0.0051912014142868074 -0.046333795321207336 0.030391938797242075 -0.019548767677089383 -0.007870513516411104 -0.030586224814876762 0.028808417777797919 -0.015712394084325419 -0.017544649155076628 0.023881201163750927 0.11185884071661785 0.017699496498653617 -0.0035139855035416288 0.0036909228049027847 0.028469516990141726 0.30626646045511402 0.021668086096702076 0.026636301893744559 -0.040776608517427322 0.09960301297359539 -0.031643246838095183
leaf_weight=107.17273289244622 241.28555130027235 1.6501543857157219 9.5087755192071182 254.58851421158761 101.5893577542156 176.09919683076441 92.194436374120414 23.500136323273182 2.4904846446588627 297.21044930163771 11.30631493963301 14.787477292120455 23.96584737021476 77.033727835863829 153.36260908190161 374.66067138127983 114.94838854949921 3.0313497008755803 15.374807991087438 3.373504636809229 173.98151046596467 161.18969866633415 53.740388294681907 211.79066536016762 0.83906710799783768 24.768063409253958 1.2807301944121716 4.8704876927658907 0.9931688099168231 261.50062271486968
leaf_count=14465 16772 111 395 25077 8965 13338 4106 362 192 18892 775 1017 1507 5724 16593 7148 11590 293 901 154 9369 12687 2443 7667 40 1388 52 266 99 34871
internal_value=-0.000390034 -0.0173722 0.0148407 -0.0110596 -0.00701863 -0.00279584 0.0246598 0.0252862 -0.0223619 0.005597 0.00893304 -0.010846 -0.000492414 0.0043988 -0.0295117 0.0304176 -0.013162 0.0399293 0.010954 0.0397116 0.00980973 -0.00972639 0.0195747 0.0223827 -0.00100071 0.0198111 0.137321 0.0114066 -0.0352338 -0.0311467
internal_weight=2994.09 1415.65 1578.44 1045.98 770.5 515.912 765.395 755.886 275.483 813.044 540 50.0596 38.7533 253.133 155.013 398.161 120.47 5.52183 489.94 18.7483 471.192 262.779 357.725 303.985 273.044 31.7583 2.1198 29.6386 369.667 262.494
internal_count=217259 144005 73254 94570 65791 40714 22121 21726 28779 51133 32615 3299 2524 19062 16704 7510 12075 485 29316 1055 28261 21652 14216 11773 18518 1746 92 1654 49435 34970
is_linear=0
shrinkage=0.05


Tree=17
num_leaves=31
num_cat=0
split_feature=1 1 1 2 2 1 2 4 1 4 1 2 2 3 3 3 4 1 2 2 2 2 4 2 3 1 4 1 3 1
split_gain=283.083 74.0387 40.4074 16.4608 12.5954 9.85498 11.5392 10.135 17.0357 9.85447 8.63862 7.82652 7.84253 7.79016 7.12201 6.75054 6.70819 6.4522 6.03341 5.80451 6.90327 5.55494 6.10569 10.6406 5.29194 5.21338 5.02837 5.06459 6.0387 4.9563
threshold=0.0010285714285713868 0.0027707562818700768 0.00049390678825223921 0.85158925055392065 1.4922611930960608 0.0017701662768096866 0.6783480397728886 0.0054214519975603901 0.0010519463705288997 -0.0032483517798970736 0.0095356782504780226 2.0982060614081832 0.36216049067078748 8.5973985374132602e-05 -0.01335466952210118 -0.0044223831027156981 -0.0072103739624060905 0.000722333161459298 1.7825038478759392 0.47686712789713726 0.44636897921142388 1.4110545640612127 -0.01971381338445027 0.77661458594976129 0.0057299358542175502 0.00027455066689268314 0.00053657480581736927 0.00071573572354727223 0.0029821023538564311 0.001036357973487045
decision_type=2 2 2 2 2 2 2 2 2 2 2 2 2 2 2 2 2 2 2 2 2 2 2 2 2 2 2 2 2 2
left_child=2 5 25 26 16 6 19 15 -9 13 11 12 -3 -6 -14 -8 -5 -18 -7 20 -2 22 -12 -24 -20 -1 -4 28 -28 -21
right_child=1 10 3 4 9 18 7 8 -10 -11 21 -13 14 -15 -16 -17 17 -19 24 29 -22 -23 23 -25 -26 -27 27 -29 -30 -31
leaf_value=-0.044993574978751394 -0.010857314589246022 -0.023840018800941859 -0.030265784625829219 0.14187480565083954 0.038073028686100491 0.0099856988287952871 0.041427939018684114 0.25778265000964173 0.024717910129297853 -0.03274100131841548 -0.00086012833605073774 -0.0056897640023915799 0.046176648272951183 0.32499922277055748 0.021777215410500997 -0.00051404697774258242 -0.0131204569018785 -0.0003260663760618703 -0.016724315797165629 0.076387912887256409 0.054557275190220023 0.059858495052955242 0.081502079838111585 0.021327227126484358 0.1463601858683079 -0.031406040307059388 -0.0082055920854203646 -0.026413005261061225 0.083369497715969201 -0.026914198831895764
leaf_weight=102.49953128769994 17.611566712148491 9.0931484745815379 156.11855390947312 0.76981199532747169 2.2342511974275108 438.11393917351961 9.7630650810897333 0.80865506548434751 25.776142177172005 64.64767803484574 12.015252981334923 25.942332057282329 31.356458077207208 0.26457570120692242 647.32236919831485 552.64059479814023 173.75506921298802 227.6331789419055 27.852019884623591 1.1820880006998766 5.231119802221655 23.022412177175283 10.822223171591757 22.873709864914417 0.50647252798080344 226.80769221717492 49.684303930029273 58.14891313854605 1.8679132843390096 65.479397703893483
leaf_count=14465 1534 392 17980 23 160 24602 687 38 1515 6411 157 896 501 13 19486 40126 17149 19004 1763 120 465 286 113 290 25 31558 5389 6116 203 5792
internal_value=-0.000383983 0.0110456 -0.02108 -0.0145598 -0.00892881 0.00294447 -0.000901818 0.00164005 0.0318073 -0.0289751 0.0229 0.0212696 0.0222865 0.0684528 0.0229045 0.000214046 -0.00558177 -0.00586457 0.00853897 -0.0176288 0.00412304 0.0398294 0.0297418 0.0406538 -0.0138117 -0.0356353 -0.0245012 -0.0162975 -0.00488751 -0.0250824
internal_weight=2991.84 1927.41 1064.43 735.124 469.305 1144.97 678.493 588.988 26.5848 67.1465 782.448 713.714 687.772 2.49883 678.679 562.404 402.158 401.388 466.472 89.5042 22.8427 68.7336 45.7112 33.6959 28.3585 329.307 265.82 109.701 51.5522 66.6615
internal_count=217259 98788 118471 72448 42760 76667 50277 42366 1553 6584 22121 21275 20379 173 19987 40813 36176 36153 26390 7911 1999 846 560 403 1788 46023 29688 11708 5592 5912
is_linear=0
shrinkage=0.05


Tree=18
num_leaves=31
num_cat=0
split_feature=1 1 1 2 2 2 2 1 4 4 3 4 3 4 1 0 0 0 0 4 2 1 4 4 2 3 2 3 1 0
split_gain=258.347 64.5983 39.1891 15.5912 11.8932 9.38268 9.74948 9.72606 11.6503 8.80855 8.61759 9.82972 8.33793 8.63495 7.53333 10.7441 9.95569 6.6197 6.15772 10.8343 6.11105 5.78201 5.63988 10.6039 18.2693 6.44214 5.67451 5.3906 5.26783 5.22112
threshold=0.0010285714285713868 0.0027707562818700768 0.00049390678825223921 0.85158925055392065 1.4922611930960608 1.0178777780262387 1.7825038478759392 0.0015737101905529116 0.0054214519975603901 -0.0032483517798970736 -0.0064138170379786632 -0.0022701771253394449 -0.0019023985269147612 -0.0026979608225390357 0.0041264509327124518 -0.0031018881020380968 0.0023466463057292279 0.00059596848035414773 -8.2927590302650498e-05 -0.0072103739624060905 0.36216049067078748 0.0021922700897379905 0.0014814204858066839 0.0018413191509043527 1.1268574283003734 -0.01335466952210118 0.4089569168275678 -0.0025635016305796117 0.00027455066689268314 0.0034974138146374183
decision_type=2 2 2 2 2 2 2 2 2 2 2 2 2 2 2 2 2 2 2 2 2 2 2 2 2 2 2 2 2 2
left_child=2 5 28 -4 18 7 10 8 -2 27 21 -12 -8 -14 15 -3 20 -10 -5 -20 -17 -7 25 24 -24 -16 -27 -6 -1 -25
right_child=1 14 3 4 9 6 12 -9 17 -11 11 -13 13 -15 22 16 -18 -19 19 -21 -22 -23 23 29 -26 26 -28 -29 -30 -31
leaf_value=-0.044734340458834121 -0.010971775805752662 -0.028616734540494539 -0.023860097288473416 -0.012479624342284078 -0.050999206024598703 0.1371568798774625 -0.046802011713325133 0.0044237463914726747 0.059373070632680928 -0.0321442959799874 -0.0051721489417303453 0.012525346940944398 0.072198121755590886 -0.0072687539142060531 0.036032162460717984 -0.039148514244892699 -0.0046917343569635025 -0.015602395503342421 0.22396607487829734 -0.00047821951854980877 0.021886423639885459 0.029991535350518763 0.19281136288998715 0.03583913106051563 -0.0047428975142237836 -0.05210438940299892 0.017561799823510898 0.10587273619880154 -0.030798654891291147 0.019167746730490671
leaf_weight=98.051497961394489 258.42107137013227 13.26738765183836 259.51819059066474 171.92107934504747 0.7696423111483458 2.125146114267408 12.793147318065165 304.55496036633849 9.525834199972449 62.607586078345776 97.574093522503972 400.56726673524827 3.6604019068181506 51.713735801167786 53.317638952285051 4.1657132646068922 44.109403811395168 4.2608616650104514 0.53895176388323207 227.51063475105911 264.33289445564151 3.0870215306058526 2.6448481548577538 129.1269105412066 2.0990553442388773 2.9644853156059972 208.71679483354092 1.8984344247728575 219.8937308518216 73.807069966569543
leaf_count=14465 21512 597 29688 15673 54 106 931 18402 655 6411 6529 24310 256 3505 717 200 2039 296 13 20490 9966 165 54 2416 54 99 4640 119 31558 1339
internal_value=-0.000377187 0.0103797 -0.0204613 -0.0140411 -0.00856393 0.00278442 0.0073248 -0.00171468 -0.00858256 -0.0283526 0.00972803 0.00905883 -0.0104209 -0.00201575 0.0213014 0.0154525 0.0173229 0.0362014 -0.0053344 5.22118e-05 0.0209395 0.0736858 0.0253337 0.0315032 0.105399 0.0204987 0.0165862 0.0606209 -0.0350963 0.0297758
internal_weight=2989.55 1946.84 1042.71 724.765 465.246 1148.28 571.521 576.763 272.208 65.2757 503.354 498.141 68.1673 55.3741 798.552 325.875 312.608 13.7867 399.971 228.05 268.499 5.21217 472.677 207.678 4.7439 264.999 211.681 2.66808 317.945 202.934
internal_count=217259 98788 118471 72448 42760 76667 35802 40865 22463 6584 31110 30839 4692 3761 22121 12802 12205 951 36176 20503 10166 271 9319 3863 108 5456 4739 173 46023 3755
is_linear=0
shrinkage=0.05


Tree=19
num_leaves=31
num_cat=0
split_feature=1 1 1 2 2 3 2 0 4 4 3 1 1 1 2 1 1 3 0 2 4 4 3 4 4 4 3 3 1 0
split_gain=235.751 56.4763 37.9528 15.2199 11.6474 8.70489 8.35073 11.6271 10.1623 8.10757 8.87125 7.61343 9.51288 6.87239 6.62336 6.47297 6.36019 6.93351 6.30364 6.22127 6.1671 5.95083 5.62775 7.70491 6.54167 5.25794 4.98799 19.4206 10.2383 8.06524
threshold=0.0010285714285713868 0.0027707562818700768 0.00047308217632690256 0.85158925055392065 1.4922611930960608 0.0011109196965845005 0.6783480397728886 0.00012183033467949579 -0.0030787323841446885 -0.0026263371166451162 0.00040165673929903894 0.0021922700897379905 0.0023243785867566005 0.0095356782504780226 2.0982060614081832 0.0020713887701186992 0.000722333161459298 0.00018141275528060777 0.0021976696440473291 0.36216049067078748 0.0066320622130331417 0.00015094865607145905 -0.0047037676980598566 -0.0010720148296721741 -0.011829427218029652 -0.005711779016173201 0.00034779493695957791 0.00037580238892320766 0.00057850300672858401 0.0013428346361127332
decision_type=2 2 2 2 2 2 2 2 2 2 2 2 2 2 2 2 2 2 2 2 2 2 2 2 2 2 2 2 2 2
left_child=2 5 -1 26 16 15 11 8 -8 10 -6 18 -13 14 19 22 25 -18 -7 -3 -9 -21 24 -24 -2 -5 -4 28 -28 -29
right_child=1 13 3 4 9 6 7 20 -10 -11 -12 12 -14 -15 -16 -17 17 -19 -20 21 -22 -23 23 -25 -26 -27 27 29 -30 -31
leaf_value=-0.035160293434609066 0.12779264528440501 -0.022645892338907927 -0.029091651633460482 0.10653252299797122 0.018577753691938845 -0.022916565610275389 0.10485160777261689 0.0024955337758488191 0.02213578586678042 -0.033011710497677878 0.31349755476849372 0.094504300938831595 -0.0017885699465694249 0.034540020543786847 -0.0062634410657249513 0.0077819954365882836 -0.0080574380617186633 0.0094437181937735131 0.16086136055405234 0.015211623371435661 0.028043390255889224 0.024390189263192155 -0.010593461897037807 0.0012712449324843505 0.015410810104884883 -0.012931878315293955 -0.050404466432975692 -0.019005172150749372 0.19641607705072031 0.21104993341085412
leaf_weight=289.89428759692237 1.3992766132578278 8.727609799243508 157.00892367167398 0.92582258023321529 4.2996264756657174 39.602417786605656 3.8518063994124523 214.4059022590518 103.23993459995836 60.068744654767215 0.27106138598173846 3.4339406229555598 10.134355943650005 72.441542010754347 26.247447295114398 177.84858475811779 118.70534606091678 108.15567553788424 0.47216337453573842 351.0619991607964 26.546431977301836 355.32617730274796 248.23046651016921 304.91333714593202 17.359453587792814 178.33781051728874 0.5672240150161082 101.78376243449748 1.6203924287110565 0.38240380026399989
leaf_count=43472 88 392 18812 19 324 3101 229 12742 5759 6420 10 167 488 846 896 9785 10354 8667 29 10596 1352 9391 19175 22621 1131 18355 72 11734 189 43
internal_value=-0.000370451 0.0097589 -0.0198482 -0.0137852 -0.00841355 0.00263308 0.00857253 0.0114028 0.0251109 -0.0281271 0.0360678 -0.00979072 0.0225818 0.0198411 0.0184048 -0.00054904 -0.00527592 0.000286214 -0.0207513 0.0193102 0.00531022 0.0198286 -0.0031398 -0.0040532 0.0237937 -0.0123149 -0.0234604 -0.0149878 0.132418 -0.0181441
internal_weight=2987.26 1965.24 1022.02 732.127 470.764 1151.44 401.687 348.044 107.092 64.6394 4.57069 53.6429 13.5683 813.805 741.363 749.751 406.125 226.861 40.0746 715.116 240.952 706.388 571.903 553.144 18.7587 179.264 261.363 104.354 2.18762 102.166
internal_count=217259 98788 118471 74999 44149 76667 23867 20082 5988 6754 334 3785 655 22121 21275 52800 37395 19021 3130 20379 14094 19987 43015 41796 1219 18374 30850 12038 261 11777
is_linear=0
shrinkage=0.05


Tree=20
num_leaves=31
num_cat=0
split_feature=1 1 1 2 1 2 2 4 3 4 3 4 0 4 1 4 1 3 0 3 2 4 4 3 2 1 1 4 3 3
split_gain=215.19 49.6754 36.7104 14.39 12.7877 10.9814 8.60876 7.57359 7.79546 7.48452 7.1822 7.12722 7.08422 8.27816 13.1692 6.75456 5.84218 6.24716 5.73312 5.69271 14.8008 15.5014 10.5507 8.00656 6.04911 5.4963 4.97496 4.95574 4.80908 15.7084
threshold=0.0010285714285713868 0.0020713887701186992 0.00047308217632690256 0.85158925055392065 0.003607147159957485 1.4922611930960608 1.0178777780262387 -0.011829427218029652 -0.0021666830290552603 -0.0026263371166451162 0.00050489036505818607 -0.0046243256775092547 -0.002229494556617861 0.0070555599005127654 0.0031603808871875599 -0.0010463621019375367 0.000722333161459298 0.00018141275528060777 0.0019563990954873938 -0.0029088281452529503 0.96725689877712873 -0.001929242926722585 0.0051831436545213281 -0.00029399823606818248 0.94704036489577492 0.0033200904581885088 0.00027455066689268314 -0.0031634321111306258 0.00034779493695957791 0.00037580238892320766
decision_type=2 2 2 2 2 2 2 2 2 2 2 2 2 2 2 2 2 2 2 2 2 2 2 2 2 2 2 2 2 2
left_child=2 6 26 28 12 16 19 -8 15 10 -7 -10 13 25 -15 -9 -5 -18 27 20 22 -22 -2 -21 -25 -3 -1 -14 -4 -30
right_child=1 4 3 5 -6 9 7 8 11 -11 -12 -13 18 14 -16 -17 17 -19 -20 23 21 -23 -24 24 -26 -27 -28 -29 29 -31
leaf_value=-0.044247779332290835 -0.00071324317857669132 -0.023777563122573165 -0.028460243723031936 -0.011847433903773215 0.021131831469044505 0.016722715360036475 0.17322173154165954 -0.020068886890190058 0.060109796426683876 -0.03242049956340861 0.2662365735862568 0.0065351802576458125 0.0050261310892904323 0.23330502600469047 -0.051306657835359787 0.027275100768087701 -0.0077166179187393991 0.0088872272307207716 -0.0010598372901088596 -0.016234807356577615 0.043881705365271494 0.25981260938835321 0.2188417375213946 0.0024487482250755751 -0.018021896959836567 0.017391329045268491 -0.030002710301466024 0.017578313868980466 0.10921609558488519 -0.017558570412224805
leaf_weight=90.617442068643868 37.017218675464392 31.220259142108262 152.58132524136454 177.09974310128018 594.26262358762324 4.4157873988151541 0.66879720613360305 47.279279316775501 6.3141622692346564 58.15490881446749 0.30856184847652901 368.75241509545594 105.19306174479425 0.87821379862725624 0.75658463127911091 8.9616764383390528 117.7751158522442 109.15513673238456 69.954161963425577 142.41413375735283 3.170139436610043 1.1264998856931914 0.55539432261139055 197.59683929476887 44.152297903783619 10.95093655772507 189.39117777487263 311.44630015548319 2.5044316682033232 100.37100869882852
leaf_count=14465 2867 1660 18812 18374 12738 326 35 3347 438 6420 8 23829 5414 35 31 570 10354 8667 3447 11705 220 69 26 15486 2738 532 29007 13601 261 11777
internal_value=-0.000363267 0.00918215 -0.0192439 -0.0132865 0.0160949 -0.00806652 0.000121056 0.00509483 0.00483413 -0.0275038 0.0330192 0.0074371 0.0104515 -0.00880739 0.101587 -0.0125249 -0.0050415 0.000269955 0.0121853 -0.00492211 0.0125852 0.100495 0.00253219 -0.00683019 -0.00128995 -0.0130869 -0.0346128 0.0144091 -0.0228271 -0.0144723
internal_weight=2985.05 1982.67 1002.37 722.366 1124.66 466.909 858.009 431.976 431.308 62.8793 4.72435 375.067 530.4 43.806 1.6348 56.241 404.03 226.93 486.594 426.033 41.8693 4.29664 37.5726 384.163 241.749 42.1712 280.009 416.639 255.457 102.875
internal_count=217259 98788 118471 74999 37458 44149 61330 28219 28184 6754 334 24267 24720 2258 66 3917 37395 19021 22462 33111 3182 289 2893 29929 18224 2192 43472 19015 30850 12038
is_linear=0
shrinkage=0.05


Tree=21
num_leaves=31
num_cat=0
split_feature=1 1 1 2 2 2 3 0 2 3 4 4 2 2 1 2 1 0 0 1 0 4 4 3 4 1 3 0 1 1
split_gain=196.373 44.0873 35.4645 13.1208 9.92507 8.10517 7.54226 10.1403 9.72798 7.1381 9.973 6.87193 5.92113 5.78854 7.60128 13.6456 5.71557 6.51038 10.9848 5.5154 5.48401 7.66596 5.10601 5.06587 5.03336 5.13543 8.46498 5.02254 4.86057 4.8312
threshold=0.0010285714285713868 0.0027707562818700768 0.00049390678825223921 0.85158925055392065 1.4922611930960608 0.66196614276460553 0.0010855407472648573 0.00012183033467949579 1.0564430534938141 -0.0064138170379786632 -0.0072103739624060905 -0.0026263371166451162 0.36216049067078748 0.56643537869609428 0.0026631804666368188 0.49412933901584216 0.0061176626780651425 -0.0017062441234900747 0.0010291889427778147 0.00027455066689268314 -8.2927590302650498e-05 -0.005711779016173201 0.0066320622130331417 0.00050489036505818607 0.00053657480581736927 0.000722333161459298 0.0029821023538564311 0.0013900608095775981 0.0024831739352366659 0.002828239093393145
decision_type=2 2 2 2 2 2 2 2 2 2 2 2 2 2 2 2 2 2 2 2 2 2 2 2 2 2 2 2 2 2
left_child=2 5 19 24 20 13 9 8 -8 10 -7 23 -3 14 28 -16 17 29 -19 -1 -5 -22 -9 -6 27 26 -26 -4 -2 -14
right_child=1 12 3 4 11 6 7 22 -10 -11 -12 -13 16 -15 15 -17 -18 18 -20 -21 21 -23 -24 -25 25 -27 -28 -29 -30 -31
leaf_value=-0.043962918978359071 0.00065316132284814197 -0.023237934751047507 -0.028382287592604846 -0.011502105541920479 0.015834747465225184 -0.003155152421417401 0.010061374334084616 0.0014604354156484197 0.039909992123719436 -2.7751883632228741e-05 0.0899501556453986 -0.031465590364377315 -0.051001056568285547 -0.020082117773544569 -0.016599963953243504 0.21521133445907148 0.024142521848884994 0.027794608491659923 0.011290683018163068 -0.028871816115962019 0.11333672483784572 -0.00032142791662209468 0.024162316447730224 0.20729379041729146 -0.0061786553782762852 -0.024433139699680601 0.098483941731649427 0.24347325595676006 -0.05104843396253083 0.0081941523630457685
leaf_weight=86.74257670622319 71.039128214120865 8.8886902015656215 140.79834340466186 167.67104469239712 4.4728445522487155 6.2668395871296525 67.999833824113011 220.52725940663368 45.603341716341674 642.41760747972876 5.3159684026613814 55.269960661418736 3.5177319291979066 63.598920721560717 1.4541824255138629 1.1267161061987279 248.30349182337523 179.67407179623842 229.73971672356129 200.46509211091325 1.4934148835018266 224.85108989756554 27.902236081659794 0.37441641464829434 47.446131100878119 51.894134129397571 2.0138940243050447 0.17010292550548811 4.8566789254546157 171.04332518577576
leaf_count=14465 5508 395 17961 15673 324 332 3958 13049 2264 44632 261 6252 187 4895 79 58 3354 5375 7232 31558 47 20456 1379 8 5532 5962 214 19 252 5578
internal_value=-0.000356099 0.00864252 -0.0186456 -0.0125489 -0.00753578 0.00231467 0.00387883 0.00966888 0.0220434 0.000673656 0.0395758 -0.0264593 0.0173546 -0.00887122 0.000214291 0.0845995 0.0177882 0.0150863 0.0185335 -0.0334296 -0.00464851 0.000428485 0.00401019 0.0306236 -0.021944 -0.0134455 -0.00191704 -0.0280542 -0.0026553 0.00700126
internal_weight=2982.94 1999.28 983.663 696.455 454.133 1158.11 1016.03 362.033 113.603 654 11.5828 60.1172 841.167 142.076 78.4767 2.5809 832.278 583.975 409.414 287.208 394.016 226.345 248.429 4.84726 242.323 101.354 49.46 140.968 75.8958 174.561
internal_count=217259 98788 118471 72448 42760 76667 65875 20650 6222 45225 593 6584 22121 10792 5897 137 21726 18372 12607 46023 36176 20503 14428 332 29688 11708 5746 17980 5760 5765
is_linear=0
shrinkage=0.05


Tree=22
num_leaves=31
num_cat=0
split_feature=1 1 1 2 2 1 2 2 0 3 2 4 0 3 3 0 1 0 3 3 0 2 3 3 1 0 2 2 4 4
split_gain=179.212 39.6848 34.2634 15.5658 10.2193 9.89154 7.58883 7.47847 10.3811 9.85838 12.2879 17.1446 7.40389 7.20329 11.2649 6.9784 6.30044 6.12463 5.57417 5.21736 5.44281 5.13246 4.74547 11.2163 9.14974 5.79059 4.16912 6.63446 4.46117 4.11622
threshold=0.0010285714285713868 0.0020713887701186992 0.000405365625342985 0.85158925055392065 1.4922611930960608 0.0041264509327124518 2.5960215928036812 0.6783480397728886 0.0021976696440473291 0.001296364226766489 0.68631237630519693 0.0019230845958038147 -0.0031018881020380968 -0.0010442594053898799 -0.0010913887625477734 0.0023466463057292279 0.000722333161459298 0.00083898635741241911 0.0022154381309056341 -0.0047037676980598566 -0.0013528118791243935 0.86406419560910808 0.00034779493695957791 0.00037580238892320766 0.00057850300672858401 0.0013428346361127332 0.47686712789713726 0.44636897921142388 -0.00065365762886582235 0.0014814204858066839
decision_type=2 2 2 2 2 2 2 2 2 2 2 2 2 2 2 2 2 2 2 2 2 2 2 2 2 2 2 2 2 2
left_child=2 7 -1 22 16 6 12 8 26 19 11 -11 -3 14 -6 -14 21 -12 -18 20 -9 -5 -4 24 -24 -25 27 -2 -28 -7
right_child=1 5 3 4 13 29 -8 9 -10 10 17 -13 15 -15 -16 -17 18 -19 -20 -21 -22 -23 23 25 -26 -27 28 -29 -30 -31
leaf_value=-0.036868402524652136 -0.010114837493704544 -0.025748043345382055 -0.028243622406703126 0.031361805599182287 -0.0017940296806894529 0.015401938798797921 -0.051069208072935635 -0.033811868429039146 0.19259211152322805 -0.050639139321074361 0.01587187289295745 0.2979267590225243 0.012967622959347856 -0.034467248605654061 0.23508558134332508 -0.0059770028259114386 -0.0018144725528161808 -0.00085371131118783272 0.027229602686180267 -0.0029097283914558173 0.042452429560909381 -0.013054036325306235 -0.050379489178675324 -0.018339306172033481 0.13637237873021638 0.15423752547401781 -0.032912958569566608 0.046732335810795965 -0.0091278206514937271 0.024457734045607877
leaf_weight=193.53373734839261 22.209474305622283 13.732504464685915 164.85407914221287 6.7239060606807461 11.253753809724001 283.44119718763977 5.0325896572321644 2.9191027954220763 0.61573364678770204 0.59789321850985178 142.16372444853187 0.86048848461359739 574.56320769526064 52.863028183113784 0.52532382449135084 53.102410139515996 208.00296693760902 88.999349599704146 17.945013306103647 502.06644355878234 11.782327618449925 198.99363339273259 0.94580289721488897 107.57429654756561 2.1395614771172404 0.48827542457729478 33.957393169403076 6.6750510334968558 47.000381878577173 225.16766161285341
leaf_count=32401 1871 620 22070 807 1165 5456 263 174 36 49 8199 64 24796 6343 62 2460 17792 5536 1229 37015 717 22703 130 13535 189 45 3079 547 4043 3863
internal_value=-0.000348019 0.00814027 -0.0180558 -0.0133415 -0.00804806 0.0141946 0.0100904 7.38887e-06 -0.0121383 0.00179763 0.0103452 0.155025 0.0105703 -0.0265885 0.00877034 0.0113649 -0.00527162 0.00943241 0.000492237 -0.00205003 0.0273095 -0.0116023 -0.0228603 -0.0148757 0.0791245 -0.0175595 -0.0132859 0.00302222 -0.0191044 0.0194111
internal_weight=2980.73 2014.89 965.843 772.31 496.308 1155.04 646.431 859.847 110.458 749.389 232.621 1.45838 641.398 64.6421 11.7791 627.666 431.666 231.163 225.948 516.768 14.7014 205.718 276.002 111.148 3.08536 108.063 109.842 28.8845 80.9578 508.609
internal_count=217259 98788 118471 86070 50101 37458 28139 61330 9576 51754 13848 113 27876 7570 1227 27256 42531 13735 19021 37906 891 23510 35969 13899 319 13580 9540 2418 7122 9319
is_linear=0
shrinkage=0.05


Tree=23
num_leaves=31
num_cat=0
split_feature=1 1 1 2 2 3 3 1 2 3 0 0 3 0 4 1 4 2 1 4 3 4 1 2 1 1 0 0 2 2
split_gain=163.757 43.281 27.0986 9.89666 9.03133 9.9308 10.416 8.91979 8.81842 8.69977 8.02235 7.79314 8.84039 5.92982 6.6914 8.91693 5.55485 5.20649 5.07001 5.03707 6.42616 18.7661 5.0263 6.01027 4.59146 4.41257 7.62199 4.31149 4.27046 5.1662
threshold=0.00090583905922923358 0.0020713887701186992 0.00038449688834479563 0.92049683423019102 1.4922611930960608 -0.0010442594053898799 -0.0010913887625477734 0.003607147159957485 0.66196614276460553 0.0024764714389029501 0.0021976696440473291 -0.0001059291773836679 0.0039527278394465579 -0.002229494556617861 0.0070555599005127654 0.0031603808871875599 -0.0030787323841446885 2.5960215928036812 0.003235062695043318 0.00063583107984277476 -0.0016844360325722338 0.0010248876195312342 0.00038966051746484827 0.76328980585766559 0.00086421487030101873 0.0010776290799406334 -0.00038248181421796085 0.0019563990954873938 2.4086379413156425 1.0178777780262387
decision_type=2 2 2 2 2 2 2 2 2 2 2 2 2 2 2 2 2 2 2 2 2 2 2 2 2 2 2 2 2 2
left_child=2 8 -1 19 11 6 -6 13 10 28 -2 16 -13 14 18 -16 -5 27 -3 22 21 -21 23 -4 -22 26 -11 -15 29 -10
right_child=1 7 3 4 5 -7 -8 -9 9 25 -12 12 -14 17 15 -17 -18 -19 -20 20 24 -23 -24 -25 -26 -27 -28 -29 -30 -31
leaf_value=-0.037655795707624187 -0.014798910390211443 -0.025622705593308533 0.12878249100816661 0.034023708782300703 0.0059685909229196359 -0.039360525919848781 0.23636076699342562 0.017394071076715253 -0.005361009179541785 0.14393520690604811 0.14958663782279791 1.6251812623746151e-06 0.14911578303671899 0.012482959161741247 0.1737561886833715 -0.051261585849811747 -0.018367487712649736 -0.050997257682266109 0.010878857326639825 0.32844191239687892 -0.011720917039919109 -0.050414153134110511 -0.027588555113945271 -0.05030030969007683 -0.050449329418491479 0.0096203433030054575 0.026486446449437567 -0.0009218019149396196 -0.032252991226961618 0.0029683269374536731
leaf_weight=166.20605344232172 115.99462647223845 27.603757760487497 1.1167996590957034 5.3057841556146732 7.9491179683245718 40.340775284916162 0.52284275833517124 623.74782082810998 331.11748870415613 1.5379813369363553 0.74696775712072749 174.10613533295691 0.99967760872095723 428.86206276435405 1.1086304131895293 0.73029767163097847 108.93344530463219 3.4534017872065297 14.515835329890249 0.52748068561777361 102.07352020405233 0.85940836602821946 182.08090007584542 0.80711956694722164 8.2732839495874924 109.71854506526142 13.566055018454787 69.740699070505798 10.862333372235296 425.24285983107984
leaf_count=28965 10828 1502 188 486 893 5417 52 12738 26885 90 37 18264 70 18870 35 31 11643 194 690 42 12784 107 24861 136 960 6057 879 3398 848 29309
internal_value=-0.000340359 0.00676439 -0.0196854 -0.0149737 -0.00913115 -0.0290254 0.0201871 0.013309 -0.000824603 0.000866559 -0.0137471 -0.00577498 0.000852917 0.00864243 -0.00896691 0.0843944 -0.0159342 0.0101843 -0.013043 -0.0216542 -0.0132803 0.0936776 -0.0267391 0.053654 -0.0146246 0.0131083 0.0384458 0.010608 -0.00112511 -0.000678068
internal_weight=2978.65 2178.55 800.102 633.896 338.158 48.8127 8.47196 1169.76 1008.79 892.045 116.742 289.345 175.106 546.015 43.9585 1.83893 114.239 502.056 42.1196 295.739 111.734 1.38689 184.005 1.92392 110.347 124.823 15.104 498.603 767.223 756.36
internal_count=217259 112391 104868 75903 36825 6362 945 37458 74933 64068 10865 30463 18334 24720 2258 66 12129 22462 2192 39078 13893 149 25185 324 13744 7026 969 22268 57042 56194
is_linear=0
shrinkage=0.05


Tree=24
num_leaves=31
num_cat=0
split_feature=1 1 1 2 2 2 2 3 3 4 4 3 1 2 4 3 3 4 4 3 0 4 1 3 3 0 2 1 4 1
split_gain=149.945 32.062 30.9331 11.4378 8.8137 6.54883 8.96763 9.8192 16.3011 8.01527 6.33515 5.3968 5.17105 5.13598 4.77947 9.33795 14.3707 7.67363 6.90559 5.35778 4.74887 6.37615 4.72342 4.6691 4.60818 5.37688 5.13402 4.53806 8.94368 9.08644
threshold=0.0010285714285713868 0.00047308217632690256 0.0027707562818700768 0.85158925055392065 1.4922611930960608 1.0368906049988886 1.4209356808876568 -0.00072968304712034404 0.0003891239855502438 -0.014204142243387006 -0.0026263371166451162 0.0010855407472648573 0.00027455066689268314 0.36216049067078748 0.00015094865607145905 -0.0001616337010919566 -0.0003225586788037082 0.019000313049943655 -0.00056644787620280235 -0.01335466952210118 -9.9902595032230743e-05 -0.0072103739624060905 0.00069776389706587699 0.0039527278394465579 0.0022154381309056341 0.001692248873467417 0.5848633075377232 0.0015737101905529116 0.00065600118084618863 0.001036357973487045
decision_type=2 2 2 2 2 2 2 2 2 2 2 2 2 2 2 2 2 2 2 2 2 2 2 2 2 2 2 2 2 2
left_child=1 12 5 24 20 27 9 -8 -9 -7 22 -11 -1 -4 18 16 -16 -17 19 -15 -5 -22 -6 -20 25 26 -3 28 -2 -30
right_child=2 3 13 4 10 6 7 8 -10 11 -12 -13 -14 14 15 17 -18 -19 23 -21 21 -23 -24 -25 -26 -27 -28 -29 29 -31
leaf_value=-0.043141026526063088 -0.014144000995559271 -0.034744863091740331 -0.023376984853358006 -0.01068547293069484 0.11552098011170164 0.18966780289817353 -0.017850953104723483 0.03724259392033407 -0.0045769582505223519 0.0054200863182622336 -0.030260454914571955 0.017983263097131854 -0.027519491219870337 0.026578346321653137 0.027717871749647734 0.011030655439329729 0.12078770950198321 0.031711743843763483 -0.019812442114562165 0.010350042051338148 0.14738498071372716 -9.0725618140622831e-06 0.0013544111698154376 0.039480818408291991 0.0065470088084507386 0.27240199333109688 -0.017652639326930959 0.0023214471767086246 0.1027797302881357 0.0020240511935508648
leaf_weight=77.154240642674267 159.09954364039004 60.732086500618607 8.928339774720369 161.7955229957588 1.1956404708325852 0.62277211993932624 69.856487383134663 30.665731644257903 97.044060601852834 227.59926255326718 52.06213952600956 136.89967053662986 169.03942868020386 59.656504144892097 97.984376430511475 277.42885164357722 4.3309439383447161 53.503388464450836 25.931504333391789 344.93453308194876 0.73604878969490428 233.34091168595478 3.7396448636427522 3.807712458074092 14.915477714966981 0.15480093657970329 158.83943038107827 324.79224994312972 2.2810776457190505 117.57160996925086
leaf_count=14465 14041 8097 395 15720 82 29 4761 2034 5605 14771 6420 7047 29007 747 2198 7183 118 671 746 9962 13 21662 252 101 1753 14 20986 19110 192 9077
internal_value=-0.000332347 -0.0169319 0.0072543 -0.0113874 -0.00674528 0.00192093 0.00580167 -0.00277932 0.00546477 0.0104448 -0.0251281 0.0101386 -0.0324151 0.0143518 0.0147401 0.0184558 0.0316575 0.0143743 0.0110336 0.0127429 -0.00409853 0.000454404 0.0290128 -0.0122207 -0.0203469 -0.0221726 -0.0223802 -0.00169591 -0.00637344 0.00394167
internal_weight=2976.64 933.705 2042.94 687.512 452.87 1166.43 562.688 197.566 127.71 365.122 56.9974 364.499 246.194 876.506 867.578 433.248 102.315 330.932 434.33 404.591 395.872 234.077 4.93529 29.7392 234.642 219.726 219.572 603.744 278.952 119.853
internal_count=217259 118471 98788 74999 44149 76667 34247 12400 7639 21847 6754 21818 43472 22121 21726 10170 2316 7854 11556 10709 37395 21675 334 847 30850 29097 29083 42420 23310 9269
is_linear=0
shrinkage=0.05


Tree=25
num_leaves=31
num_cat=0
split_feature=1 1 1 2 2 3 2 3 3 0 1 1 0 4 0 4 1 4 3 4 2 1 4 1 0 0 1 2 2 2
split_gain=137.81 34.4769 25.5711 8.9552 8.17145 9.37155 7.75734 7.61407 7.48412 6.909 8.46034 6.90046 6.35925 5.33527 5.32362 5.56119 6.59225 4.86959 5.41745 11.906 4.7949 4.6585 5.06084 4.60652 4.59011 7.06283 4.57318 4.28368 4.31444 4.02501
threshold=0.00090583905922923358 0.0020713887701186992 0.00038449688834479563 0.92049683423019102 1.4922611930960608 -0.0010442594053898799 0.66196614276460553 -0.0010665659759567789 0.0027944669972962415 -0.00043037086184610768 0.000722333161459298 0.003607147159957485 0.0021976696440473291 -0.0034399272966532109 -0.002229494556617861 0.0070555599005127654 0.0031603808871875599 0.00063583107984277476 -0.0016844360325722338 0.0010248876195312342 2.5960215928036812 0.00038966051746484827 -0.001842030055391408 0.003235062695043318 0.0018536320536591824 0.0014996371778599473 0.00086421487030101873 2.2805298981407822 1.0178777780262387 0.47686712789713726
decision_type=2 2 2 2 2 2 2 2 2 2 2 2 2 2 2 2 2 2 2 2 2 2 2 2 2 2 2 2 2 2
left_child=2 6 -1 17 9 7 12 -6 27 13 -11 14 29 -5 15 23 -17 21 19 -19 -16 22 -4 -3 25 -10 -20 28 -8 -2
right_child=1 11 3 4 5 -7 8 -9 24 10 -12 -13 -14 -15 20 16 -18 18 26 -21 -22 -23 -24 -25 -26 -27 -28 -29 -30 -31
leaf_value=-0.036694159992182222 0.00059450293705242113 -0.025150766610222187 0.36466034756617671 0.059978464138462285 0.0099815303508908725 -0.03857479598080369 -0.0045580626235236753 0.25654121327865215 0.011743652138586773 -0.0090403795727928386 0.010312554848439758 0.015314785214899247 0.12206449304554751 -0.027881323732100102 0.0095269445405187295 0.1383019159191077 -0.051218216587979107 0.23110756761344375 -0.010573163810876265 -0.050384976899715439 -0.05095651345095506 -0.026482228161741301 0.030285633856256738 0.0095018090798160496 -0.051003374468473056 0.064031858298673999 -0.050421941682409266 -0.027300873132608212 0.0029508933427756612 -0.020096407397599082
leaf_weight=154.68082205206156 33.206916147843003 27.116166639141738 0.12048652349039901 1.8063585814088572 8.2421679948456568 37.756688468623906 338.35404618876055 0.32548665534704824 90.021504541859031 155.60608724597842 88.641768320463598 641.34447085671127 0.86461654957383771 39.77546931616962 507.23817435838282 1.3130351677536958 0.70531434472650278 0.70901374518871196 99.161079584620893 0.7989039639942348 3.2980777034535995 173.77359769912437 1.8611143468879152 14.838690401054917 2.6663850210607043 6.9573218636214724 7.7636269545182577 14.986175224184988 440.13660099264234 80.443286439403892
leaf_count=28965 3020 1502 19 160 919 5417 27568 26 4917 18549 7678 12738 37 4076 22268 35 31 42 12784 107 194 24861 305 690 146 388 960 1192 29857 7808
internal_value=-0.000324116 0.00604207 -0.0185179 -0.0139563 -0.00838151 -0.0278619 -0.000771351 0.0193484 0.000799553 -0.00522432 -0.00201687 0.0117831 -0.0130231 -0.0240646 0.00769841 -0.00899474 0.0720739 -0.0204721 -0.0121393 0.0819711 0.00913622 -0.025613 0.0506165 -0.0128948 0.0137154 0.0154948 -0.0134665 -0.000822429 -0.000312711 -0.0140508
internal_weight=2974.51 2203.49 771.023 616.342 332.154 46.3243 1007.64 8.56765 893.122 285.83 244.248 1195.85 114.515 41.5818 554.509 43.9732 2.01835 284.188 108.433 1.50792 510.536 175.755 1.9816 41.9549 99.6452 96.9788 106.925 793.477 778.491 113.65
internal_count=217259 112391 104868 75903 36825 6362 74933 945 64068 30463 26227 37458 10865 4236 24720 2258 66 39078 13893 149 22462 25185 324 2192 5451 5305 13744 58617 57425 10828
is_linear=0
shrinkage=0.05


Tree=26
num_leaves=31
num_cat=0
split_feature=1 1 1 2 2 2 3 3 3 1 0 0 4 2 0 4 2 0 2 3 4 4 1 1 2 4 4 2 2 2
split_gain=126.112 30.636 24.8437 9.78877 7.09847 6.87733 12.4184 7.10527 6.6547 6.11808 6.66141 6.26266 5.90426 20.2679 6.32371 5.83849 5.42198 12.5739 5.40341 5.35695 8.45461 4.46813 4.43341 6.34174 4.032 3.97916 3.96645 3.95223 3.74875 3.50388
threshold=0.00090583905922923358 0.0020713887701186992 0.000405365625342985 0.85158925055392065 0.66196614276460553 1.5335328733241667 -0.0010442594053898799 -0.0010913887625477734 0.0027944669972962415 0.0041264509327124518 -0.0031018881020380968 0.0023466463057292279 0.0014183521178218197 1.5203244504906723 -0.0010288193509869756 0.00063583107984277476 0.47686712789713726 0.0021976696440473291 0.37807795433189034 -0.0016844360325722338 0.0010248876195312342 0.00074171435427994325 0.0010776290799406334 0.0010285714285713868 2.4086379413156425 0.00022360734567605792 -0.0060112714880743981 0.44636897921142388 1.0178777780262387 0.77979435906100714
decision_type=2 2 2 2 2 2 2 2 2 2 2 2 2 2 2 2 2 2 2 2 2 2 2 2 2 2 2 2 2 2
left_child=2 4 -1 15 16 12 7 -7 24 10 -3 18 14 -14 -5 -4 17 27 -12 20 -17 -21 23 -10 28 -24 -8 -2 -6 -11
right_child=1 9 3 5 8 6 26 -9 22 29 11 -13 13 -15 -16 19 -18 -19 -20 21 -22 -23 25 -25 -26 -27 -28 -29 -30 -31
leaf_value=-0.034849024221881193 -0.009087903156781308 -0.0262469051278275 -0.028297494254869299 0.12757421394853621 -0.0043499314081583687 0.014851715307948991 0.17878408690387249 0.19182182413953897 0.010520110283686539 0.02171740447941041 -0.026255447513518621 -0.007542551916212805 0.0054564365930219001 0.39381155497359038 -0.0096389854742756353 0.18818842047038886 -0.019675611203533377 0.25662515088240806 0.010707230066789253 0.030076052773659746 -0.050356473414355132 -0.016210006094546228 0.04279367658145633 0.086657165200127645 -0.031570592003646418 0.0058462885875013434 -0.043808249554915316 0.031372827749443909 0.0026399628765554264 0.012604387383513427
leaf_weight=168.66750319674611 25.299727524165064 13.998519698157905 129.31271730922163 0.84232062241062422 336.85541538381949 6.8621024852618575 0.20145334303379314 0.61828347109258075 6.5191255593672377 143.94928177632391 10.055667261593042 54.973795730620623 66.068609760142863 0.33768027508631249 269.09938791487366 0.83529169112443813 79.360565870534629 0.48644748516380687 590.80567245930433 5.5898283091373733 0.66889218566939235 77.534514007158577 8.0004354100674373 4.7117197718471289 10.493296786211429 81.748534485697746 30.562397369649261 7.9264683257788411 445.49659133981913 394.67911517433822
leaf_count=32401 2339 632 19666 88 27568 764 1 44 438 2145 501 2505 6541 44 29551 39 7827 18 24501 696 96 10335 465 232 867 4316 4602 681 30182 7174
internal_value=-0.000315574 0.0057054 -0.0179313 -0.0130828 -0.000736104 -0.00820962 -0.0283011 0.029479 0.00075708 0.0110725 0.00788228 0.00861075 -0.00592513 0.00743125 -0.00921083 -0.0216154 -0.0125395 0.0042592 0.0100886 -0.0114052 0.0821104 -0.0130974 0.0128459 0.0424622 -0.000782603 0.00913987 -0.0423506 0.000564442 -0.000369659 0.0150399
internal_weight=2972.56 2215.36 757.201 588.533 1006.9 374.592 38.2442 7.48039 893.825 1208.46 669.834 655.835 336.348 66.4063 269.942 213.941 113.073 33.7126 600.861 84.6285 1.50418 83.1243 100.98 11.2308 792.845 89.749 30.7639 33.2262 782.352 538.628
internal_count=217259 112391 104868 72467 74933 41635 5411 808 64068 37458 28139 27507 36224 6585 29639 30832 10865 3038 25002 11166 135 11031 5451 670 58617 4781 4603 3020 57750 9319
is_linear=0
shrinkage=0.05


Tree=27
num_leaves=31
num_cat=0
split_feature=1 1 1 2 3 2 3 2 2 1 1 1 1 3 0 4 0 4 3 2 2 0 2 2 1 3 4 1 4 3
split_gain=115.387 27.257 24.0069 8.71152 6.64437 6.49856 6.04012 6.81352 8.2598 5.88293 11.5128 5.56366 5.33763 5.41211 5.31843 6.60433 5.28484 5.13935 8.49913 24.2159 5.02047 8.78555 4.93506 4.89182 4.05782 3.94972 3.63011 3.37482 3.76613 3.30002
threshold=0.00090583905922923358 0.0020713887701186992 0.00038449688834479563 0.5848633075377232 0.0024764714389029501 0.66196614276460553 0.00018141275528060777 1.7825038478759392 1.7268680393389968 0.000722333161459298 0.000630914826498431 0.003607147159957485 0.0010776290799406334 -0.00040864203610607713 0.00068061316712897401 0.001964571998386178 -0.00085854310017813285 -0.0077478248304083111 -0.0071885548372976329 1.4922611930960608 0.47686712789713726 0.0021976696440473291 2.5960215928036812 1.5060121267749829 0.00094796850354325233 -0.003655689453122057 0.002140125149860395 0.00094086441720064179 0.0012955065695822168 -0.008236769578310486
decision_type=2 2 2 2 2 2 2 2 2 2 2 2 2 2 2 2 2 2 2 2 2 2 2 2 2 2 2 2 2 2
left_child=2 5 -1 4 -4 20 12 8 -8 10 -6 17 13 -7 15 23 -14 -3 19 -19 21 25 -20 -5 -9 -2 -17 28 -22 -29
right_child=1 11 3 14 9 6 7 24 -10 -11 -12 -13 16 -15 -16 26 -18 18 22 -21 27 -23 -24 -25 -26 -27 -28 29 -30 -31
leaf_value=-0.035679434988449339 0.051358524370532115 -0.010178221244273936 -0.034419109912939588 -0.010433756034947776 -0.01115064043517569 -0.0065712826761198471 0.0055357453308019109 0.068892482346314607 0.064277650645715029 -0.0504055059839323 0.22088586499250884 0.013537788985254843 -0.0094233756996568024 -0.033347658473042011 -0.034804443133292493 0.033847225007604641 0.0037013363504274444 0.039222162434205954 0.0077499719761212954 0.43290137970349685 0.057527896719419096 0.19098517570568191 -0.0509098959490005 -0.029677796219232711 -0.023030423972306077 -0.0053141271217893304 0.00027586494219437489 0.16837514755771099 -0.050401695934999706 -0.022049773325303647
leaf_weight=144.10811331309378 3.4277834687381974 41.458869023248553 59.646238097455353 416.03953690594062 1.2735510789789257 68.124487375840545 416.82473373645917 1.2562894579023147 6.0714703211560836 1.2283647116273639 0.92128924839198578 657.1627658624202 113.80564828682691 26.101899935863912 22.279217557515949 9.4891606210730952 235.23959379084408 7.1503234738484016 510.55722322873771 0.41319377720355976 2.7799629159271713 0.61673552356660266 3.6108641382306805 35.870327312964946 27.065691974945366 29.820951071102172 53.180098732002079 0.22821891121566196 1.1396030592732129 73.699392184149474
leaf_count=28965 265 1954 9056 51820 166 6122 27343 127 344 157 101 12738 8315 2363 2381 1126 17509 271 22253 20 375 18 222 5189 1945 2755 5907 17 145 7290
internal_value=-0.000307382 0.00538911 -0.0173543 -0.0129525 -0.0305312 -0.000703343 0.000716693 0.00478906 0.0063791 0.0372115 0.0862472 0.0104124 -0.00342868 -0.0139887 -0.0108874 -0.00985185 -0.000577955 0.0067656 0.00811202 0.0607288 -0.0120737 0.00399702 0.00733802 -0.0119613 -0.018953 0.000528549 0.00535912 -0.0190648 0.0261477 -0.0214619
internal_weight=2970.59 2226.56 744.036 599.928 63.0694 1006.2 894.49 451.218 422.896 3.42321 2.19484 1220.35 443.272 94.2264 536.858 514.579 349.045 563.19 521.732 7.56352 111.713 33.8655 514.168 451.91 28.322 33.2487 62.6693 77.8472 3.91957 73.9276
internal_count=217259 112391 104868 75903 9480 74933 64068 29759 27687 424 267 37458 34309 8485 66423 64042 25824 24720 22766 291 10865 3038 22475 57009 2072 3020 7033 7827 520 7307
is_linear=0
shrinkage=0.05


Tree=28
num_leaves=31
num_cat=0
split_feature=1 1 1 2 2 3 0 1 2 2 4 4 1 1 4 3 2 2 2 1 3 3 0 4 1 4 4 4 1 4
split_gain=105.5 24.287 23.1711 9.29461 7.11514 8.52896 7.1466 6.50077 5.96914 5.61082 5.59027 5.41265 5.15795 4.89568 4.892 4.69221 4.55278 4.40412 4.47081 7.92644 4.39577 4.12326 4.08426 4.04713 3.99398 5.49915 4.1883 3.92959 3.8182 3.59312
threshold=0.00090583905922923358 0.0020447720588171888 0.000405365625342985 0.92049683423019102 1.4922611930960608 -0.0010442594053898799 -0.00043037086184610768 0.000722333161459298 0.66196614276460553 0.36216049067078748 0.014046758246105242 0.00063583107984277476 0.00086421487030101873 0.00047308217632690256 -0.0034399272966532109 0.0027944669972962415 2.5960215928036812 0.47686712789713726 0.44636897921142388 0.0011047820962736174 -0.0016844360325722338 -0.0041984807775662372 -0.00016556013585061755 0.0035585276408338644 0.0010776290799406334 0.0023865516883969655 0.00022360734567605792 0.00097345419898842167 0.0095356782504780226 -0.00079440168574429471
decision_type=2 2 2 2 2 2 2 2 2 2 2 2 2 2 2 2 2 2 2 2 2 2 2 2 2 2 2 2 2 2
left_child=2 8 -1 11 6 13 14 -8 17 -3 16 -4 20 -6 -5 21 28 18 27 -20 -13 22 -10 -7 25 -17 -26 -2 -11 -23
right_child=1 9 3 4 5 23 7 -9 15 10 -12 12 -14 -15 -16 24 -18 -19 19 -21 -22 29 -24 -25 26 -27 -28 -29 -30 -31
leaf_value=-0.03375846997763135 0.0091506533020158636 -0.022086034625803969 -0.024937321357991312 0.055910646430887036 0.18382794947562672 -0.039734318311944038 -0.006563689776063141 0.010664648801300344 0.034129201307519404 0.0086473164011144632 0.020697863626800955 0.075758613032991654 -0.050405725820161777 0.010182192983274142 -0.026825656696401939 -0.018813881104422243 -0.022080175110619372 -0.018545429529200266 -0.050491413109102892 0.063929860070177313 -0.0084046302581242231 -0.0057617589953516566 -0.01276313927520932 0.073684259499903634 0.041374879062642755 0.058673632644268753 0.0036935969070062561 -0.031034106184012301 0.021682307086931703 0.0013420147676077314
leaf_weight=157.68779935361817 15.054347134660931 13.702471799217163 157.44025405915454 1.8746878914535035 0.42701867874711652 32.506891627795994 144.56343386601657 88.136578490957618 15.88312288420275 1049.5127856414765 112.76483248919249 1.5777789228595782 7.3784369891509405 8.2094281911849958 38.035024150274694 3.1140165654942384 11.646539947018026 75.057437915820628 2.012486541643737 6.1054412620142102 92.86673401016742 285.00659541785717 6.5619951975531867 0.80603850446641345 8.1192740136757475 8.6493063932284695 80.381365364417434 10.209412638098 59.356771737337112 474.13438461534679
leaf_count=32401 1416 645 23863 159 66 5106 17257 7678 1023 35023 1570 135 973 866 4057 192 440 7737 218 458 12195 22532 427 112 452 478 4213 913 625 34029
internal_value=-0.000299244 0.00509036 -0.016783 -0.0121181 -0.00634088 -0.0255107 -0.00339101 -3.83493e-05 -0.000755472 0.00973282 0.0100863 -0.0191274 -0.010144 0.0187679 -0.0229393 0.000605786 0.00901844 -0.0118255 0.00328395 0.0355641 -0.00699861 -0.000700521 0.0204199 -0.03699 0.0107888 0.0381609 0.00715057 -0.00708853 0.00934507 -0.00132498
internal_weight=2968.78 2237.27 731.51 573.822 314.559 41.9494 272.61 232.7 990.289 1246.98 1233.28 259.263 101.823 8.63645 39.9097 881.85 1120.52 108.439 33.3817 8.11793 94.4445 781.586 22.4451 33.3129 100.264 11.7633 88.5006 25.2638 1108.87 759.141
internal_count=217259 112391 104868 72467 35301 6150 29151 24935 74088 38303 37658 37166 13303 932 4216 63346 36088 10742 3005 676 12330 58011 1450 5218 5335 670 4665 2329 35648 56561
is_linear=0
shrinkage=0.05


Tree=29
num_leaves=31
num_cat=0
split_feature=1 1 1 2 3 2 0 4 2 2 2 4 2 2 2 3 1 1 2 0 4 4 2 3 0 1 4 2 4 0
split_gain=96.4584 22.4143 21.6561 8.24351 6.17761 5.46226 5.21458 5.91176 5.04402 11.6646 4.83979 4.91828 4.50946 4.49492 9.01186 22.5533 4.08952 6.43888 7.62641 5.89786 5.11977 4.86872 4.01107 3.88648 3.70908 3.5818 3.57268 3.46162 6.62708 5.49659
threshold=0.00090583905922923358 0.00038449688834479563 0.0020713887701186992 0.5848633075377232 0.0024764714389029501 0.80286514383608842 0.00068061316712897401 0.001964571998386178 0.51139994996639848 0.49412933901584216 0.36216049067078748 0.014046758246105242 1.5060121267749829 1.7825038478759392 1.7268680393389968 0.0041574419235193014 0.0017098283744817805 0.0018110461603872516 0.73501746646327015 0.0021976696440473291 -0.0044468879863159274 -0.0034399272966532109 2.5960215928036812 0.0001300012769559489 -0.0017062441234900747 0.0049665919907213871 -0.010349860933211661 0.70172751240425102 -0.0042911671054871028 -0.00083681698517462644
decision_type=2 2 2 2 2 2 2 2 2 2 2 2 2 2 2 2 2 2 2 2 2 2 2 2 2 2 2 2 2 2
left_child=1 27 5 4 -3 16 7 12 9 -6 -4 22 -5 14 23 -16 20 18 -18 -19 24 -22 25 -7 -2 -12 -24 -1 -29 -30
right_child=2 3 10 6 8 13 -8 -9 -10 -11 11 -13 -14 -15 15 -17 17 19 -20 -21 21 -23 26 -25 -26 -27 -28 28 29 -31
leaf_value=-0.045165303711313831 0.15244212496125376 -0.03353490538289796 -0.020910785311855404 -0.0095356363458207975 0.042421643000990987 -0.0021344193831076335 -0.034150304566732584 0.0054235444496866479 -0.050446577208689281 0.43698118549482312 0.0069831955292676403 0.019417694874539877 -0.028494443689576234 -0.012282486217946469 0.029287476713477107 0.33257904072450917 0.0099680419981635193 -0.0093329007141267628 0.088773450129879153 0.12378857458816335 0.027219692012977276 -0.010594868588880611 0.035664466482732499 0.005283970473265274 -0.043345587582226904 0.013212529813908778 -0.035040942451539367 0.3228597138096877 0.26498118246184338 -0.029624865838581971
leaf_weight=49.333066749852151 0.24620099226012726 56.564640241209418 13.180894692428408 406.98140402091667 2.1532995305024087 339.66836141934618 21.410396086517721 62.595470501575619 1.1642543929629026 0.20516739366576064 774.67051734402776 114.49100768566132 33.983834723941982 55.975974631495774 10.600249409675595 0.65057484712451774 10.720936774276195 36.19402461219579 4.3019980536773792 0.85160490125417609 9.0058205639943463 155.26931790262461 2.2249472318217149 367.65453893505037 13.846188305877147 328.65997219830751 9.0685713235288841 0.13397382292896409 0.15862085158005257 84.90583311393857
leaf_count=10714 22 9056 630 51820 257 25373 2381 7033 141 26 29961 1564 5189 4279 659 22 858 2488 322 25 949 15744 34 22827 1365 4873 396 21 34 18196
internal_value=-0.000290419 -0.0162227 0.00481116 -0.0119911 -0.029534 -0.000645969 -0.00998314 -0.0089556 0.0347084 0.0767451 0.00922583 0.00954901 -0.0109967 0.00136464 0.00242773 0.0468252 -0.00740409 0.00492415 0.0325349 -0.0062727 -0.0110029 -0.00852182 0.00853533 0.00172153 -0.0399251 0.00883879 -0.0211112 -0.0346252 -0.0285221 -0.0290755
internal_weight=2966.87 719.59 2247.28 585.058 60.0874 1004.99 524.971 503.561 3.52272 2.35847 1242.3 1229.12 440.965 774.55 718.574 11.2508 230.436 52.0686 15.0229 37.0456 178.368 164.275 1114.62 707.323 14.0924 1103.33 11.2935 134.531 85.1984 85.0645
internal_count=217259 104868 112391 75903 9480 74933 66423 64042 424 283 37458 36828 57009 53160 48881 681 21773 3693 1180 2513 18080 16693 35264 48200 1387 34834 430 28965 18251 18230
is_linear=0
shrinkage=0.05


Tree=30
num_leaves=31
num_cat=0
split_feature=1 1 1 2 3 2 0 4 4 4 0 3 3 3 3 4 4 4 1 1 2 2 2 4 0 3 2 1 3 4
split_gain=88.1576 21.5731 19.3517 7.85387 5.68094 5.09926 4.96653 5.41416 4.75855 7.35914 8.07071 6.62582 6.4247 12.1388 6.08731 6.01333 5.35911 8.05818 4.68841 7.68381 4.444 4.41996 4.09711 4.0108 8.7182 3.9302 3.92096 6.85861 3.70933 3.68727
threshold=0.00090583905922923358 0.00038449688834479563 0.0020447720588171888 0.5848633075377232 0.0024764714389029501 0.66196614276460553 0.00068061316712897401 0.001964571998386178 0.00027372887283461106 0.00032892409051976662 -0.0014497821924953078 0.0018611128150965996 -0.0001616337010919566 -0.00030920156059305309 -0.01335466952210118 0.0089546815055087121 -2.8638124337065914e-05 -0.00010190044564761801 0.000722333161459298 0.000630914826498431 0.60119237387647095 0.96725689877712873 0.47686712789713726 -0.014204142243387006 -0.00097312668937610247 0.0027944669972962415 0.44636897921142388 0.0011047820962736174 -0.0041984807775662372 0.00097345419898842167
decision_type=2 2 2 2 2 2 2 2 2 2 2 2 2 2 2 2 2 2 2 2 2 2 2 2 2 2 2 2 2 2
left_child=1 -1 5 4 -3 22 7 20 14 10 -10 -12 13 -11 23 -14 17 -16 19 -6 -5 -18 26 -4 -25 28 29 -28 -7 -2
right_child=2 3 8 6 18 25 -8 -9 9 12 11 -13 15 -15 16 -17 21 -19 -20 -21 -22 -23 -24 24 -26 -27 27 -29 -30 -31
leaf_value=-0.03407509351195994 0.0091161953621414285 -0.032958778181547507 0.012822642504480803 0.035080391423164901 -0.01241277154963381 0.019204106843911301 -0.033576904264443333 0.0051243217165379898 0.20593124425781767 0.01726576674113816 -0.0046486222905572699 0.17743008833946192 0.0043322622218157974 0.085167680126932918 0.004354647782803347 0.01583736380262547 -0.040265844217770082 0.072053737471617113 -0.050398428199643665 0.16391309861617737 -0.011121770336397432 0.0015294919720107564 -0.017660652586385935 0.062959274990187677 -0.020013887169432292 0.0097883476999052928 -0.050462392316129347 0.057737496372041001 -0.0012516257606171725 -0.030254068178109307
leaf_weight=130.01403139065951 15.060383492615076 54.722838137764484 50.13990570884198 5.2682512933388344 1.3150565358810125 22.829270844813436 20.705252414569259 62.929231449496001 0.9675099998712543 138.46671964414418 2.1217800192534919 0.65354425646364678 311.64006419107318 6.9103620341047636 531.94345002248883 178.69609839934856 12.213359227404 4.4321570368483654 1.1870340481400488 1.1653832327574489 430.96614022366703 13.12167545314878 73.06486913561821 12.127680696547033 4.284234106540679 101.87102103885263 1.8947985032573322 6.4510059291496873 758.01277164369822 9.8281324738636595
leaf_count=28965 1416 9056 614 825 166 1450 2381 7033 27 3680 76 21 10524 210 18585 3324 398 158 157 101 56184 487 7737 136 63 5335 218 458 56561 913
internal_value=-0.000282351 -0.0156719 0.00454766 -0.0115342 -0.0289213 -0.000694385 -0.00958134 -0.00858601 0.00863724 0.0116737 0.0815787 0.038228 0.0112621 0.0204934 0.00554673 0.00852513 0.00385264 0.00491406 0.0313222 0.0704303 -0.0105638 -0.0186189 -0.0110403 0.0198452 0.0412996 0.0005515 0.00351448 0.0331722 -0.000653567 -0.00643058
internal_weight=2965 708.273 2256.73 578.259 58.3903 989.012 519.869 499.164 1267.72 639.456 3.74283 2.77532 635.713 145.377 628.262 490.336 561.711 536.376 3.66747 2.48044 436.234 25.335 106.299 66.5518 16.4119 882.713 33.2343 8.3458 780.842 24.8885
internal_count=217259 104868 112391 75903 9480 74088 66423 64042 38303 17862 124 97 17738 3890 20441 13848 19628 18743 424 267 57009 885 10742 813 199 63346 3005 676 58011 2329
is_linear=0
shrinkage=0.05


Tree=31
num_leaves=31
num_cat=0
split_feature=1 1 1 2 2 3 3 2 4 1 1 2 0 1 2 2 2 4 2 2 2 4 4 4 0 0 0 2 3 0
split_gain=80.5307 20.7245 17.3291 7.46931 5.51972 5.25317 5.22759 5.13091 5.78857 5.03912 4.91831 4.69242 4.49319 5.66463 4.07621 5.89588 3.8222 4.02872 4.83409 3.81237 3.60489 4.73348 4.29552 22.3466 5.32687 3.44713 13.6008 5.50365 2.96198 2.73752
threshold=0.00090583905922923358 0.00038449688834479563 0.0025692870980749383 0.5848633075377232 2.2805298981407822 0.0024764714389029501 -0.01335466952210118 0.80610741212284609 -0.0023224757669887959 0.0017098283744817805 0.00089908428074783771 0.36216049067078748 0.00068061316712897401 0.00066384126514475964 0.51139994996639848 0.49412933901584216 0.74206127436356062 0.011546940387684558 0.77331692293408028 2.4086379413156425 0.70172751240425102 -0.0042911671054871028 0.0020509558051901027 0.0020941035205677143 0.00040057738397258907 -5.6344377546702067e-05 1.1135299456288552e-05 0.72451577167450965 0.0046378874756184416 -0.00014414284557162646
decision_type=2 2 2 2 2 2 2 2 2 2 2 2 2 2 2 2 2 2 2 2 2 2 2 2 2 2 2 2 2 2
left_child=1 20 4 5 6 -3 -2 9 -9 -8 12 29 13 -5 15 -7 25 18 -18 -14 -1 -22 24 -24 -23 27 -27 -13 -6 -4
right_child=2 3 11 10 28 14 7 8 -10 -11 -12 16 19 -15 -16 -17 17 -19 -20 -21 21 22 23 -25 -26 26 -28 -29 -30 -31
leaf_value=-0.044733542363897122 0.17125780034933105 -0.032374116139103647 -0.051365656073781352 -0.012773946060232381 -0.028961919346099669 0.035066583704457664 -0.010336736084772683 -0.0056037295037405527 0.0044350852849502726 0.0029018372654524903 -0.050525790941238741 0.0051559668660656303 -0.034711340875050456 -0.0019906432283958841 -0.05045936697214768 0.26490424845337562 -0.013835548743022409 0.016819985319398045 0.0073422922856691275 0.17266012139880593 0.23042602352500807 -0.031275570910513514 0.64282098171727764 -0.0010951731294173356 0.074974517156949763 0.1526135649571744 0.019215116040738903 0.045295118711337845 0.14074417869202643 0.0018359782851092117
leaf_weight=45.606975896283984 0.44952942337840696 52.970393944531679 4.9688494950532913 257.84600989287719 18.429860034026209 2.3367379317060113 177.92834114655852 177.0459827487357 760.07225289894268 120.60263635683805 7.0977391968481234 93.146291106007993 19.042749705724422 230.80617784755304 1.1421699919737873 0.31686311401426781 28.109684690833092 109.02400410734117 650.7897514263168 0.22424442879855533 0.17800579033791919 76.533663040027022 0.14429001696407739 2.0354581689462066 1.198118530679493 1.944887738674878 108.85727246105671 9.4019298013299686 0.26075264532118936 4.7098654089495522
leaf_count=10714 22 9056 234 37190 1481 257 18301 12188 47874 6950 756 2110 2259 26181 141 26 692 1588 18157 37 21 17466 32 459 273 45 2321 191 14 223
internal_value=-0.000274139 -0.0151304 0.00429916 -0.0110893 0.000374213 -0.0283025 0.000781996 0.000719976 0.00253849 -0.00498852 -0.00919206 0.00917078 -0.00861445 -0.00768064 0.0285177 0.0625112 0.00950569 0.00789818 0.00646543 -0.0322978 -0.0335127 -0.027123 -0.0276967 0.0415293 -0.0296379 0.0154424 0.0215566 0.00883605 -0.0265944 -0.0254766
internal_weight=2963.22 697.48 2265.74 571.783 1254.79 56.7662 1236.1 1235.65 937.118 298.531 515.017 1010.95 507.919 488.652 3.79577 2.6536 1001.27 787.923 678.899 19.267 125.697 80.0895 79.9115 2.17975 77.7318 213.35 110.802 102.548 18.6906 9.67871
internal_count=217259 104868 112391 75903 86830 9480 85335 85313 60062 25251 66423 25561 65667 63371 424 283 25104 20437 18849 2296 28965 18251 18230 491 17739 4667 2366 2301 1495 457
is_linear=0
shrinkage=0.05


Tree=32
num_leaves=31
num_cat=0
split_feature=1 1 1 2 2 3 4 1 1 0 0 0 2 0 2 3 4 2 3 4 0 3 0 2 0 0 3 3 0 4
split_gain=73.8931 19.0014 16.922 8.94028 4.85443 6.76093 4.96558 11.1477 4.80084 6.14498 7.67884 6.64874 4.90132 4.77421 4.74486 9.78898 14.9331 4.63246 4.60211 4.06345 4.66531 3.98078 3.90727 8.0353 5.35145 3.65551 7.21017 14.4834 3.98847 3.64499
threshold=0.00080407746761104639 0.0017701662768096866 0.00038449688834479563 0.80910412059699277 0.5848633075377232 0.0024764714389029501 0.0024415447333068223 0.000630914826498431 0.003607147159957485 -0.0010567169349007253 0.00086051482639970544 0.00083898635741241911 1.0486923204751146 0.00047850855493569716 0.81245751531660593 0.00068178367228566305 -0.001605500904822865 0.34453880725394309 0.0043807807489943959 0.0051831436545213281 0.00092551414392449971 -0.0041984807775662372 -0.00014414284557162646 0.59589369960895633 -0.00013174145742567142 0.00050251723540917237 -0.0047037676980598566 -0.0053981126619084266 0.00059596848035414773 0.00045715491429376703
decision_type=2 2 2 2 2 2 2 2 2 2 2 2 2 2 2 2 2 2 2 2 2 2 2 2 2 2 2 2 2 2
left_child=2 3 -1 25 5 -4 7 -7 9 -3 11 -11 -12 22 15 16 -5 -8 -15 21 -21 -16 23 -6 -24 29 27 -27 -28 -2
right_child=1 8 4 14 13 6 17 -9 -10 10 12 -13 -14 18 19 -17 -18 -19 -20 20 -22 -23 24 -25 -26 26 28 -29 -30 -31
leaf_value=-0.032949607388809969 -0.021735908077514653 -0.0027135675655126173 -0.032172856329919834 -0.050479742817613207 0.11256883915874612 -0.050437926234872033 0.11323419045390047 0.26740971185554319 0.010209003590979496 0.012140989674345197 -0.0055731587834173023 0.078268963922220977 0.0079298953049185324 -0.027002291327318663 0.028152137886007428 -0.050586771848371653 0.23903477223608829 -0.050571338865553442 0.22555964724083186 0.027897529786718264 -0.017243355087561536 -0.00087757798677463048 0.049927987696193908 -0.015924422337019406 -0.0052513020614076865 -0.05097449075987745 0.028604742055954716 0.39755303343274928 -0.0077340374266109263 -0.0062723607916776117
leaf_weight=121.64436785737053 87.029710267670453 214.99973115418106 44.138154281768948 0.7052606688812374 1.227424404118209 0.49154000356793337 0.6104167005978528 0.62869067676365376 688.44931613467634 276.31029559578747 133.55535048432648 3.8541180510073891 135.26796365808696 42.676166379824281 12.020166635978965 1.1831602440215645 1.2088105687871569 1.4734785859473047 0.18113427236676116 25.282639981713146 7.3987580835819236 673.01902111899108 4.4853432159870854 139.17543625226244 215.7494462034665 0.38941976521164179 8.8510452369227988 0.33465675683691998 51.410204874817282 67.79310679063201
leaf_count=28965 10251 11139 7827 78 182 64 59 54 12738 12037 6248 159 6190 5310 763 110 128 150 21 1229 393 50317 633 19113 29681 25 1002 28 5307 7058
internal_value=-0.000266204 0.00359995 -0.0164003 -0.00195288 -0.011935 -0.0270819 0.0430476 0.127943 0.00718079 0.00445198 0.00725822 0.0130507 0.00122138 -0.0101578 0.000720022 0.0624733 0.13236 -0.00258926 -0.0259349 0.000453534 0.0176781 -0.000368203 -0.00828294 -0.0148011 -0.00412751 -0.0108806 -0.000512144 0.156328 -0.00239667 -0.0149648
internal_weight=2961.54 2389.06 572.482 936.626 450.837 47.3423 3.20413 1.12023 1452.44 763.987 548.988 280.164 268.823 403.495 720.818 3.09723 1.91407 2.0839 42.8573 717.721 32.6814 685.039 360.638 140.403 220.235 215.808 60.9853 0.724077 60.2613 154.823
internal_count=217259 125200 92059 76689 63094 8154 327 118 48511 35773 24634 12196 12438 54940 53018 316 206 209 5331 52702 1622 51080 49609 19295 30314 23671 6362 53 6309 17309
is_linear=0
shrinkage=0.05


Tree=33
num_leaves=31
num_cat=0
split_feature=1 1 1 2 3 0 2 2 4 3 0 2 3 2 3 1 0 0 0 2 2 4 2 0 4 4 0 4 2 0
split_gain=67.6323 17.0293 16.2516 8.41252 4.87701 5.29623 6.59465 4.91335 5.79929 4.86666 4.75659 4.32414 7.72726 4.78891 4.56921 4.25721 5.4949 6.78481 5.41374 4.40796 3.87924 3.78714 3.73506 4.01926 4.06036 4.07759 3.54018 3.33684 4.25767 3.67681
threshold=0.00080407746761104639 0.0017701662768096866 0.00038449688834479563 0.6783480397728886 0.0027944669972962415 0.00094799808881906877 0.74206127436356062 1.0141719936035785 0.007554381552405399 -0.0022266563940597224 0.00069671179368480118 0.5848633075377232 0.0024764714389029501 0.51139994996639848 0.0053056359932970318 0.003607147159957485 -0.0010567169349007253 0.00086051482639970544 0.00083898635741241911 1.0486923204751146 1.0290418766691805 -0.005711779016173201 0.70172751240425102 -0.00083681698517462644 -0.0042911671054871028 0.0020509558051901027 -0.0020976709852252302 -0.0084185540980666867 1.7825038478759392 -0.0011899092128491715
decision_type=2 2 2 2 2 2 2 2 2 2 2 2 2 2 2 2 2 2 2 2 2 2 2 2 2 2 2 2 2 2
left_child=2 3 22 26 7 6 -6 9 -9 -5 11 12 -4 -14 21 16 27 18 -18 -19 -7 -13 -1 -24 -25 -26 -2 29 -29 -3
right_child=1 15 10 4 5 20 -8 8 -10 -11 -12 14 13 -15 -16 -17 17 19 -20 -21 -22 -23 23 24 25 -27 -28 28 -30 -31
leaf_value=-0.044278448110686285 0.19217947266713462 -0.033006129020813783 -0.03099060925621186 0.010640210822206522 0.083418846786446399 0.022232105943524028 0.01475402501842508 0.0016963216845728186 0.10987595284230484 -0.0085682297932968571 -0.045443703494804859 0.055953108867391965 0.093777636079393462 -0.05049322689899001 0.25522439902801913 0.0096125121388756021 0.011398708706485627 -0.005323397144305058 0.06893716735083133 0.0074752199115938143 -0.025526740475150779 -0.0095021777889757603 0.19684773125458221 0.19807022408339625 -0.028941599940179322 0.039843870029208132 -0.015353770713119311 0.0012036077219378819 -0.026883433228024979 0.049733920924192321
leaf_weight=42.225240304833278 0.20588075881823797 13.903658838942645 41.46015543397516 37.539467699360102 3.7289498844183973 6.1575469309464124 56.152625452261418 436.73199534742162 1.2423896198160935 271.20684987865388 10.077085193712263 2.2224732190370551 2.0765619208104904 0.79557130392640818 0.16352698672562738 694.45238429494202 279.50349809415638 132.84889476839453 4.148777891881763 136.29360136017203 13.738395201042293 388.84485543938354 0.20231919037178059 0.20108681917190452 72.885135168675333 2.2201455426402381 108.2150234025903 184.49449051450938 14.55737971048802 1.4862284036353219
leaf_count=10714 19 761 7612 3285 305 397 2856 31725 62 24650 1388 83 188 93 17 12738 12037 6248 159 6190 733 53713 36 19 17707 489 12657 9427 881 70
internal_value=-0.000258934 0.00340546 -0.0158474 -0.00186454 -0.0001467 0.011604 0.0190299 -0.00140211 0.00200319 -0.00623274 -0.0114824 -0.0106967 -0.0254963 0.0538151 -0.00901969 0.00677624 0.00420903 0.0068445 0.0122403 0.00115781 -0.010746 -0.00913019 -0.0323693 -0.0257096 -0.0263075 -0.0269083 -0.0149597 -0.00258477 -0.000850499 -0.0250158
internal_weight=2959.98 2396.61 563.374 934.919 826.498 79.7775 59.8816 746.721 437.974 308.746 445.64 435.563 44.3323 2.87213 391.231 1461.69 767.237 552.795 283.652 269.142 19.8959 391.067 117.734 75.5087 75.3064 75.1053 108.421 214.442 199.052 15.3899
internal_count=217259 125200 92059 76689 64013 4291 3161 59722 31787 27935 63094 61706 7893 281 53813 48511 35773 24634 12196 12438 1130 53796 28965 18251 18215 18196 12676 11139 10308 831
is_linear=0
shrinkage=0.05


Tree=34
num_leaves=31
num_cat=0
split_feature=1 1 1 2 2 3 3 4 3 3 2 2 1 2 4 3 0 1 2 2 3 1 0 2 4 4 1 0 4 3
split_gain=62.3245 19.8086 11.452 10.9213 4.80841 5.02955 9.22008 16.7889 4.47813 4.63756 7.44101 4.1317 4.37695 5.07201 4.19232 4.13047 6.14832 4.10398 9.69697 4.97913 4.09635 8.82876 10.7922 4.73019 11.4224 3.86589 3.73704 3.61744 3.65328 14.0517
threshold=0.00066384126514475964 0.0017701662768096866 0.00027455066689268314 0.6783480397728886 1.5060121267749829 -0.0014680660999146775 -0.0015714600805944998 -0.0015297224196015866 0.0027944669972962415 0.003779854001347172 0.72790943845145673 2.5960215928036812 0.0095356782504780226 1.4110545640612127 -0.01971381338445027 -0.01335466952210118 -0.0055684417603187866 0.00068082948508530795 0.72790943845145673 1.0141719936035785 0.00016953079527437523 0.00053453280038740175 0.00043019244852726685 1.033075883797695 -0.0037597030781724157 -0.0032483517798970736 0.0010682912410720305 -0.002229494556617861 -0.00072175952352926387 -0.0010442594053898799
decision_type=2 2 2 2 2 2 2 2 2 2 2 2 2 2 2 2 2 2 2 2 2 2 2 2 2 2 2 2 2 2
left_child=2 3 -1 27 20 6 -6 -8 17 10 -10 12 15 14 -14 -3 -17 18 -5 -19 23 -22 -23 -4 -25 -7 -11 -2 -29 -30
right_child=1 11 4 8 5 25 7 -9 9 26 -12 -13 13 -15 -16 16 -18 19 -20 -21 21 22 -24 24 -26 -27 -28 28 29 -31
leaf_value=-0.04003198699310951 0.19454715903204392 0.021121240082978804 -0.024305086388621406 0.18917935118222265 -0.0093395464744726077 0.15153655475954453 -0.050422258878989004 0.72986056471769956 0.11090761182855993 0.032347887197055857 0.016113575356726081 -0.020504213256858233 -0.01334497180817981 0.035701155804527054 0.017319172577322593 -0.018451845833511005 0.0059623557136026057 -0.0066414545602981254 0.014203008914925878 0.0010749213004854475 -0.018583608038989879 0.016458547810210035 -0.034817236388832926 0.14107877032492372 -0.010171399651398738 -0.047679765920411066 -0.011071408610479408 -0.027080148943721068 0.043892360871947082 -0.017789065565897717
leaf_weight=54.149731948506087 0.20373049611225624 43.586151381023228 123.0872225901112 0.83461948065087455 1.2139863995835183 0.2466282793320741 0.14916590135544538 0.12817416619509714 2.1657903883606187 5.9886893494985989 46.898853695951402 14.136649284511803 15.035766340792177 26.735073488205671 43.089598566293716 26.308870736509562 1301.5746259093285 360.77302445378155 15.434767130296676 497.13224068284035 80.4522884064354 51.584083740599453 12.810174762271343 1.2780836527235795 53.490384202916175 19.339120214339346 28.729455318301916 49.265007402282208 10.592430346179752 71.96275347750634
leaf_count=14465 15 580 22267 118 145 19 20 20 173 364 2598 554 157 240 403 388 46189 34757 1867 38343 15468 6416 1574 82 8101 3875 1465 6498 1224 8874
internal_value=-0.000250856 0.00261014 -0.0186598 -0.00249793 -0.0152934 -0.0384314 0.0500829 0.31019 -0.000639914 0.0104026 0.0202979 0.0063965 0.00665762 0.0176772 0.00938703 0.00597578 0.00547865 -0.00169825 0.0231793 -0.00217003 -0.0137821 -0.00753977 0.00625808 -0.0188659 -0.00664181 -0.0451712 -0.00358182 -0.0159796 -0.016305 -0.00987489
internal_weight=2958.38 2560.45 397.929 1089.98 343.779 21.0771 1.49133 0.27734 957.957 83.7828 49.0646 1470.47 1456.33 84.8604 58.1254 1371.47 1327.88 874.175 16.2694 857.905 322.702 144.847 64.3943 177.856 54.7685 19.5857 34.7181 132.024 131.82 82.5552
internal_count=217259 144807 72452 96296 57987 4079 185 40 79685 4600 2771 48511 47957 800 560 47157 46577 75085 1985 73100 53908 23458 7990 30450 8183 3894 1829 16611 16596 10098
is_linear=0
shrinkage=0.05


Tree=35
num_leaves=31
num_cat=0
split_feature=1 1 1 2 1 0 0 4 4 4 4 0 4 0 2 3 1 2 0 3 0 4 3 3 1 0 2 4 1 1
split_gain=57.2729 17.9839 11.1375 9.67168 5.05502 6.85463 6.77255 14.5574 4.77016 6.1433 5.49201 6.23419 5.21656 4.86634 4.67157 4.55672 7.3178 19.0188 4.29219 4.12559 7.31833 4.18507 4.99348 3.85068 8.12472 9.86946 4.48305 9.23178 3.76488 4.63137
threshold=0.00066384126514475964 0.0014381165925992868 0.00027455066689268314 0.76328980585766559 0.003607147159957485 -0.0010870397291000697 -0.00094620659539756946 0.0012394102977167922 -0.0063762165677795904 -0.0077478248304083111 -0.00011827880845804993 0.00063752341404199619 -0.00052335539989739599 3.2840101199749234e-05 1.5060121267749829 -0.0014680660999146775 0.00047308217632690256 1.7825038478759392 0.00086051482639970544 -0.0064138170379786632 -0.0003228462122910058 -0.0044468879863159274 -0.0050342660976505629 0.00016953079527437523 0.00053453280038740175 0.00043019244852726685 1.033075883797695 -0.0037597030781724157 0.0015086295975348847 0.0015247593739911665
decision_type=2 2 2 2 2 2 2 2 2 2 2 2 2 2 2 2 2 2 2 2 2 2 2 2 2 2 2 2 2 2
left_child=2 3 -1 19 5 28 7 -7 9 -5 12 -12 -10 -11 23 16 17 -16 -8 20 -2 -21 -23 26 -25 -26 -4 -28 -3 -30
right_child=1 4 14 8 -6 6 18 -9 10 13 11 -13 -14 -15 15 -17 -18 -19 -20 21 -22 22 -24 24 25 -27 27 -29 29 -31
leaf_value=-0.039612839286783212 0.30008738578125271 -0.038052435220708399 -0.023665900995528868 -0.015524864834364003 0.0086523498287172408 0.0037829684153643929 0.0079395745935106326 0.070851772450525444 -0.0034773408371464236 0.046081399135722879 0.0064662345744699633 -0.0082044214080526905 -0.021491562020292686 0.17108272067541841 -0.050372002655846237 -0.044931836359440876 -0.011424251435447612 0.72825820046777823 0.00027502523184690678 -0.050438650272097457 -0.050707246981861936 0.14168424717105574 -0.01361880571537645 -0.017990542765668773 0.015378076104909655 -0.034258802192610259 0.11852656300312428 -0.0097627497666730005 0.085610650993665174 -0.0034959815534315883
leaf_weight=52.040207436773926 0.28470921888947487 7.8903123810887328 120.16636086348444 2.6625174614600837 704.16778291761875 23.735164101235569 399.7069941572845 12.274760716594754 244.08827502746135 2.5512097598984833 280.76451693242416 97.581564480438828 48.108470903709531 1.1205873321741817 0.20146059617400425 18.732556564267725 1.2772536603733895 0.12841684697195888 336.38443360384554 7.8852858836762598 0.31117796059697767 0.51932281255721946 154.88011586666107 78.987157065421343 52.425530453678221 12.379052327014504 1.4404558637179423 52.956844227854162 1.4671641532331694 239.76987624634057
leaf_count=14465 16 595 22267 145 12738 1404 20196 563 22358 148 23289 7397 4475 60 31 3894 136 18 16869 1009 26 38 20276 15468 6416 1574 82 8101 111 13094
internal_value=-0.000244076 0.00247128 -0.0180772 -0.00352496 0.00539315 0.00314584 0.00547272 0.0266448 -0.000886238 0.0423 -0.0012942 0.00268244 -0.00644328 0.0842303 -0.0147683 -0.038 0.0427974 0.252738 0.00443697 -0.0144237 0.116899 -0.014903 -0.0130998 -0.013284 -0.0072251 0.00589638 -0.0182748 -0.00636561 -0.00406568 -0.00295405
internal_weight=2956.89 2566.15 390.735 840.758 1725.4 1021.23 772.101 36.0099 676.877 6.33431 670.543 378.346 292.197 3.6718 338.695 20.3397 1.60713 0.329877 736.091 163.881 0.595887 163.285 155.399 318.355 143.792 64.8046 174.564 54.3973 249.127 241.237
internal_count=217259 144807 72452 79237 65570 52832 39032 1967 57872 353 57519 30686 26833 208 57987 4079 185 49 37065 21365 42 21323 20314 53908 23458 7990 30450 8183 13800 13205
is_linear=0
shrinkage=0.05


Tree=36
num_leaves=31
num_cat=0
split_feature=1 1 1 2 2 3 4 0 4 3 3 2 3 2 3 1 2 2 2 4 1 2 3 3 1 0 2 0 3 4
split_gain=52.6017 16.196 10.816 9.53313 6.27982 13.1007 18.7269 4.77495 4.73076 15.8353 7.00555 4.53059 4.16075 4.60808 6.72893 4.12839 12.1309 3.7461 3.73816 3.65446 3.6176 4.3384 3.71667 3.6146 7.47304 9.03361 4.24314 7.8259 3.49659 3.45504
threshold=0.00066384126514475964 0.0017701662768096866 0.00027455066689268314 0.80910412059699277 0.81245751531660593 4.9754866789264447e-05 -0.001605500904822865 -0.0025709280698543164 0.0005564367378300129 -0.003655689453122057 0.0036195732215053016 1.5060121267749829 -0.0014680660999146775 1.7535840715920619 -0.0015714600805944998 0.00066970745746614934 0.86102517427814085 2.5960215928036812 0.22869835620335524 0.0051831436545213281 0.0095356782504780226 1.4110545640612127 -0.01335466952210118 0.00016953079527437523 0.00053453280038740175 0.00043019244852726685 1.033075883797695 -0.00011562711572371541 -4.9998750062452128e-05 -0.0032483517798970736
decision_type=2 2 2 2 2 2 2 2 2 2 2 2 2 2 2 2 2 2 2 2 2 2 2 2 2 2 2 2 2 2
left_child=2 3 -1 7 5 6 -5 -2 10 -10 -9 23 13 -13 -15 16 -6 18 -3 -17 22 -22 -20 26 -25 -26 28 -28 -4 -14
right_child=1 17 11 4 15 -7 -8 8 9 -11 -12 12 29 14 -16 19 -18 -19 20 -21 21 -23 -24 24 25 -27 27 -29 -30 -31
leaf_value=-0.039181817706887619 0.26335420230755585 -0.039842496478540823 -0.018908681958979486 -0.05043990931835142 0.30111251112899001 -0.025843664624464475 0.27317562753128749 -0.01854162231415581 0.23261488712342798 -0.0049230331811996458 0.076513617393858493 -0.050466843844842138 0.13185327910289846 0.02668694118907803 0.32560186693564924 -0.00097737801572635283 0.021261297242348379 -0.020056330035950871 0.0197479694689363 0.015672414362342204 0.0083659890636734076 0.032386812399281949 0.0050208907164586824 -0.017405990561651034 0.014384274426860461 -0.033691012819735133 -0.026505278513687211 0.011642782024286489 -0.041102785427824369 -0.047408097764539747
leaf_weight=50.033105553360656 0.1587311401963224 4.4382802210748187 95.596426954492927 0.70049836300313506 0.42673801071941753 2.0241560698486865 1.2355193067342032 136.43725827988237 0.70596141321584482 114.07902530534193 1.9662757455371309 0.80364649626426643 0.27295175660401838 0.64644182426854968 0.26564170885831118 789.2378440075554 4.1836451580747962 13.951012965291737 44.259387539699674 34.393058308400214 58.888535141944885 27.610483303666115 1336.8794845575467 77.593930959235877 53.223917423281819 11.968777970876543 25.131014636717737 28.909219263587147 21.791723330272362 17.644983610603958
leaf_count=14465 8 233 18042 85 57 207 122 17843 58 12587 171 100 19 64 21 62979 487 554 564 1692 560 240 46360 15468 6416 1574 3797 4386 4225 3875
internal_value=-0.000237583 0.00233967 -0.0175023 -0.00230295 0.000282328 0.0630955 0.156084 -0.0107951 -0.010967 -0.00346211 -0.0171912 -0.0142532 -0.0375548 0.0368283 0.113745 -1.80087e-05 0.0471644 0.00573112 0.00597551 -0.000282118 0.00611407 0.0160334 0.00549283 -0.0127972 -0.00692118 0.00555809 -0.0176915 -0.00609769 -0.0230288 -0.0446773
internal_weight=2955.46 2571.58 383.882 1085.55 832.201 3.96017 1.93602 253.347 253.189 114.785 138.404 333.849 19.6337 1.71573 0.912084 828.241 4.61038 1486.03 1472.08 823.631 1467.64 86.499 1381.14 314.215 142.787 65.1927 171.428 54.0402 117.388 17.9179
internal_count=217259 144807 72452 96296 65629 414 207 30667 30659 12645 18014 57987 4079 185 85 65215 544 48511 47957 64671 47724 800 46924 53908 23458 7990 30450 8183 22267 3894
is_linear=0
shrinkage=0.05


Tree=37
num_leaves=31
num_cat=0
split_feature=1 1 1 2 2 2 3 1 0 0 3 3 4 0 4 3 2 4 0 0 1 4 0 1 2 3 2 3 4 2
split_gain=48.4829 13.6544 11.2586 6.13569 6.29843 5.34545 13.3802 5.39912 4.67831 4.21089 9.71159 16.1857 5.9143 4.95176 15.1692 4.04751 3.99876 4.3555 7.30721 28.1559 5.72346 4.91377 19.1958 3.85137 4.97161 25.545 3.64159 3.63111 11.5912 6.17292
threshold=0.00080407746761104639 0.00038449688834479563 0.0020713887701186992 1.0178777780262387 1.7825038478759392 1.7268680393389968 0.0041574419235193014 0.00084987223197117393 0.00069671179368480118 -0.00043037086184610768 0.001734335575684365 0.0022772081661529557 0.004444814761232708 -0.00042037408891287814 -0.0012708811288795194 0.0022772081661529557 0.70172751240425102 -0.00034135321466971508 0.00040057738397258907 0.00045896712672299783 0.00034360436278051864 0.0020509558051901027 -0.0002646280508021292 0.00090583905922923358 0.9919059937975182 0.0022154381309056341 0.36216049067078748 -0.0029088281452529503 -0.0027680970915568421 0.9746423604514014
decision_type=2 2 2 2 2 2 2 2 2 2 2 2 2 2 2 2 2 2 2 2 2 2 2 2 2 2 2 2 2 2
left_child=1 16 3 23 5 7 -7 -5 9 10 12 -12 -3 14 -11 -15 -1 18 20 -20 -18 -19 -23 24 -2 -26 -4 28 -25 -29
right_child=2 8 26 4 -6 6 -8 -9 -10 13 11 -13 -14 15 -16 -17 17 21 19 -21 -22 22 -24 27 25 -27 -28 29 -30 -31
leaf_value=-0.04336994539398123 -0.020884239738752995 -0.027418230620909784 -0.020430654116420768 0.027229574587788064 -0.012763439578223576 0.022189157481146967 0.22077911752959373 0.0024982891709924284 -0.04500215398955467 0.28109507469147188 0.25575342442701521 -0.050535133567679427 0.29058030578356908 -0.0088095921492029345 -0.0031078155418719383 0.018916042710276089 0.0091592679438799573 -0.034710221812010715 0.91809699983974302 -0.050218958505639871 -0.050218166321683883 0.56507584696673507 -4.9926892547491024e-05 -0.0079515446458626859 -0.0082917499677391798 0.39029330295365239 0.0061868935246139666 -0.0025162167887228543 0.046162185794306504 -0.021107380065565961
leaf_weight=36.744955293135718 54.173112960997969 50.074692861642689 12.978663532994686 23.127593285404146 59.362589053809643 11.627477747388181 0.91491989232599813 481.82601691363379 9.3024194780737144 0.60339404549449716 0.81660046614706405 0.91422581486403942 0.14664358319714565 350.87355163320899 2.1160439918749026 13.676384734455494 14.321940618101513 45.233273874036968 0.10326915420591731 0.27493630954995751 5.6631854840088627 0.16251958720386062 1.9926898782141496 29.232889049686491 3.5473653674125663 0.45335224550217379 1293.9222458805889 384.37079421430826 14.960187094751744 50.517875425517559
leaf_count=10714 7336 7250 630 2079 4835 740 22 31356 1388 91 111 101 20 52300 316 1517 3909 12353 23 66 1409 37 454 2349 320 28 36828 34062 1155 3460
internal_value=-0.000231186 -0.0138828 0.0027744 -0.000918511 0.00266239 0.00443191 0.0366755 0.00363102 -0.00993094 -0.00915271 -0.0224764 0.0939712 -0.0264897 -0.007268 0.0599517 -0.00776944 -0.0300886 -0.0228855 -0.00354619 0.21418 -0.00766652 -0.0311958 0.042565 -0.00476337 -0.016912 0.036875 0.00592256 -0.00328819 0.010367 -0.00467582
internal_weight=2954.04 533.021 2421.02 1114.11 576.859 517.496 12.5424 504.954 428.524 419.222 51.9522 1.73083 50.2213 367.269 2.71944 364.55 104.497 67.7518 20.3633 0.378205 19.9851 47.3885 2.15521 537.256 58.1738 4.00072 1306.9 479.082 44.1931 434.889
internal_count=217259 92059 125200 87742 39032 34197 762 33435 63094 61706 7482 212 7270 54224 407 53817 28965 18251 5407 89 5318 12844 491 48710 7684 348 37458 41026 3504 37522
is_linear=0
shrinkage=0.05


Tree=38
num_leaves=31
num_cat=0
split_feature=1 1 1 2 0 2 2 2 4 4 4 0 0 3 1 0 0 4 0 1 3 4 4 3 1 4 0 2 0 1
split_gain=44.7676 13.4269 10.287 8.13129 6.32893 4.4316 4.2535 7.13017 7.00631 12.8176 6.51275 5.12386 4.61556 3.94117 3.90767 6.21822 5.90259 11.7535 3.89564 3.87313 10.2373 3.82509 4.2804 3.61113 6.01691 5.28791 7.73084 4.80558 4.34835 3.46896
threshold=0.00066384126514475964 0.0014381165925992868 0.00027455066689268314 0.76328980585766559 -0.0025709280698543164 1.5060121267749829 1.4425120102715814 1.1361684907136829 -0.0048036800152118633 -0.0052040190464203709 0.00045715491429376703 0.00086051482639970544 -0.0012654610948439891 -0.0014680660999146775 0.003607147159957485 -0.0010870397291000697 -0.00094620659539756946 0.0012394102977167922 0.00086051482639970544 0.00047308217632690256 -0.0015714600805944998 -0.011829427218029652 -0.0044468879863159274 -0.00061996923456641973 0.00049390678825223921 -0.0042911671054871028 -8.8150950476595366e-05 0.70172751240425102 0.00046791420268121891 0.0015086295975348847
decision_type=2 2 2 2 2 2 2 2 2 2 2 2 2 2 2 2 2 2 2 2 2 2 2 2 2 2 2 2 2 2
left_child=2 3 -1 4 -2 23 7 10 9 -8 -5 -10 -9 19 15 29 17 -17 -18 20 -7 -6 -23 25 27 26 -4 -25 -26 -3
right_child=1 14 5 6 21 13 8 12 11 -11 -12 -13 -14 -15 -16 16 18 -19 -20 -21 -22 22 -24 24 28 -27 -28 -29 -30 -31
leaf_value=-0.038387228109494638 0.33837086536665967 -0.037522230370873946 -0.050878134142818381 -0.0089497684098736735 0.20947187781447363 -0.050533005321568285 0.023773603802697382 0.079255234674397865 -0.0073826764978239109 0.34039514421684236 0.004238940314217155 -0.03991784307463335 0.0080979221334483466 -0.04434464517073583 0.0074359476578291896 0.0033773653119987118 0.0071660294402543876 0.062154629929730233 -0.00010062508214943708 -0.011585161356913296 0.41025447415119842 -0.05043068243693441 -0.0119960813129562 -0.035818153154969973 0.00098476645989200424 -0.024803533950932394 0.1304226533683108 -0.011532955620928223 -0.028632953728602792 -0.0031918756349978285
leaf_weight=46.704384098295122 0.12784391827881236 7.5887632998637846 1.0468167802318933 205.42967568058521 0.19199194852262635 0.27170787448994815 1.91838641371578 2.3071519574150434 92.491830485872924 0.38355095311999221 171.95943021262065 13.922910090535877 186.11896928958595 16.930967982392758 716.86573490686715 23.907134551554918 404.84222272317857 13.202100666239856 338.77771710883826 1.2819176977500317 0.21665017865598457 7.6091319285333148 150.97220822516829 27.798814726760611 121.63215699419379 64.681261174147949 1.3414846127852786 76.232642012415454 13.798413633368908 242.40043167490512
leaf_count=14465 4 595 131 19877 17 36 92 160 8541 29 13943 1088 14142 3894 12738 1404 20196 563 16869 136 13 1023 20321 6906 16223 11485 116 17091 1956 13205
internal_value=-0.000226583 0.00211044 -0.0164441 -0.00311167 -0.0132871 -0.013293 -0.000714622 0.00102579 -0.00977259 0.0765294 -0.00294026 -0.0116395 0.0089692 -0.0369225 0.0046009 0.00262912 0.00482669 0.0242882 0.00385549 0.0340626 0.153886 -0.0135702 -0.0138403 -0.0118514 -0.00897929 -0.0221058 0.0509567 -0.0180223 -0.00203285 -0.00423402
internal_weight=2952.95 2581.02 371.937 833.433 158.901 325.233 674.532 565.815 108.717 2.30194 377.389 106.415 188.426 18.7012 1747.58 1030.72 780.729 37.1092 743.62 1.77028 0.488358 158.773 158.581 306.532 239.462 67.0696 2.3883 104.031 135.431 249.989
internal_count=217259 144807 72452 79237 21365 57987 57872 48122 9750 121 33820 9629 14302 4079 65570 52832 39032 1967 37065 185 49 21361 21344 53908 42176 11732 247 23997 18179 13800
is_linear=0
shrinkage=0.05


Tree=39
num_leaves=31
num_cat=0
split_feature=1 1 1 2 0 2 4 2 3 0 0 0 3 2 0 2 1 4 3 3 3 1 0 4 4 0 2 3 2 4
split_gain=41.0548 12.0926 9.94866 7.46923 6.53229 4.27385 4.12611 5.44718 4.8915 9.54779 4.76857 4.67754 3.78341 4.06226 5.93205 3.73257 3.58984 3.42124 13.3265 4.30254 3.41114 5.59458 4.80941 4.7466 7.11485 4.04655 3.53426 3.36678 14.6932 30.0023
threshold=0.00066384126514475964 0.0014381165925992868 0.00027455066689268314 0.76328980585766559 -0.0031018881020380968 1.5060121267749829 -0.0063762165677795904 1.6793156189121439 -0.00060134460732297324 0.00063752341404199619 -0.00058846988893312957 0.00054769509347618605 -0.0010442594053898799 1.7535840715920619 -0.00027260952661128929 2.5960215928036812 0.005268957745367479 0.00045715491429376703 -0.001399843632242048 0.0039527278394465579 -0.00061996923456641973 0.00049390678825223921 -0.00050309421860617032 -0.0042911671054871028 -0.0044468879863159274 0.00046791420268121891 1.4922611930960608 -0.00086604769411952043 0.86102517427814085 -0.00044261310350468536
decision_type=2 2 2 2 2 2 2 2 2 2 2 2 2 2 2 2 2 2 2 2 2 2 2 2 2 2 2 2 2 2
left_child=2 3 27 4 -2 20 7 10 11 -10 -5 -8 13 -7 -15 16 -3 19 -19 -6 23 22 -22 24 -4 -23 -25 28 -1 -30
right_child=1 15 5 6 17 12 8 -9 9 -11 -12 -13 -14 14 -16 -17 -18 18 -20 -21 21 25 -24 26 -26 -27 -28 -29 29 -31
leaf_value=-0.050156668803952434 0.35117827412788416 0.0033259284475337619 0.014189439529760079 -0.050885366741418282 -0.021076516755591215 -0.050429600690950233 -0.0098416235935675465 0.17914297790218547 0.0059872802164739969 -0.010546315614224431 0.050737925511435703 0.016409931100565565 -0.046876421871519969 -0.050591995858047051 0.13909010990915369 -0.020013732803440529 0.0087185775293759215 0.070685381460715471 -0.011202393927300915 0.11147413673506762 0.086804250227957985 0.00093459803739534455 -0.018568524921800066 -0.024865876656896699 0.26925683422634061 -0.028000250112306668 0.1750615947106465 -0.041759611455771811 0.029226471695509154 0.74970136937062026
leaf_weight=2.4592877298127855 0.12317384965717693 1337.9786384482868 2.1758348541334276 1.5669402992352841 81.938841606955975 1.3725149258971243 187.76298242947087 0.62504462618380774 344.09454885823652 117.01242845505476 4.3841482396237543 18.654531656298786 14.945709875319151 0.67773712682537723 1.0519716248381881 15.578799445182083 401.13403266575187 5.3550290907733133 68.815180465579033 0.61681959126144548 1.0945900133810926 121.75009422563016 101.10036355047487 62.89407775667496 0.31268821656703849 13.414555641356854 0.22183124581351776 41.68004485219717 0.6296740414109081 0.18753036973066617
leaf_count=800 2 59906 211 108 12222 196 17391 15 29305 9147 230 1676 3700 80 103 707 4957 496 8593 52 250 16223 23747 11447 36 1956 38 13424 184 57
internal_value=-0.000220062 0.00199844 -0.0158942 -0.00297045 -0.0127979 -0.0128092 -0.000683803 0.038728 -0.00107207 0.00179165 0.0239802 -0.0074692 -0.0364466 0.0138015 0.0647686 0.00435151 0.00456977 -0.013084 -0.00529016 -0.0200862 -0.011401 -0.0086118 -0.0174399 -0.0214927 0.0462392 -0.00193707 -0.0241632 -0.0379232 0.0108791 0.19456
internal_weight=2951.61 2585.64 365.969 830.95 156.849 321.012 674.101 6.57613 667.524 461.107 5.95109 206.418 18.0479 3.10222 1.72971 1754.69 1739.11 156.726 74.1702 82.5557 302.964 237.36 102.195 65.6044 2.48852 135.165 63.1159 44.9565 3.27649 0.817204
internal_count=217259 144807 72452 79237 21365 57987 57872 353 57519 38452 338 19067 4079 379 183 65570 64863 21363 9089 12274 53908 42176 23997 11732 247 18179 11485 14465 1041 241
is_linear=0
shrinkage=0.05


Tree=40
num_leaves=31
num_cat=0
split_feature=1 1 2 4 2 3 1 0 2 2 1 2 2 3 2 0 4 0 1 4 4 4 3 3 3 0 3 0 0 2
split_gain=37.7283 15.9361 6.39635 6.24446 6.15948 6.5701 7.21616 6.15475 5.87623 9.2537 5.30023 16.8113 20.9036 7.52388 5.13492 4.9065 4.87697 7.13055 4.46401 4.24733 4.16174 4.11445 5.01973 4.01616 6.86868 3.96626 3.76459 8.93486 3.66727 13.4971
threshold=0.00051486429304699712 0.0013244202781700204 0.64887683701933641 4.9581546408550288e-05 0.92692418108980479 -0.0047037676980598566 0.0012556301218339843 -0.00085854310017813285 0.9506960261385915 0.94026633012808103 0.0013366750208855585 1.086337543049992 1.0649699665622498 -0.0031136088318373108 0.39534047045370468 0.001692248873467417 -0.0049928137596895175 -4.672788021514717e-05 0.0029485330554263997 0.00010103508346359648 -0.0010190001066049945 -0.0072103739624060905 -0.0064138170379786632 0.0016574216265015098 0.0018611128150965996 0.0013428346361127332 0.0034657630665670962 0.00028587377678013231 0.0003563421479308993 0.66616044830232346
decision_type=2 2 2 2 2 2 2 2 2 2 2 2 2 2 2 2 2 2 2 2 2 2 2 2 2 2 2 2 2 2
left_child=2 3 16 4 5 6 -2 23 9 -6 11 12 13 -3 25 -7 17 -1 21 -16 -10 -12 -23 -5 -25 -9 -18 -28 -4 -30
right_child=1 10 28 7 8 15 -8 14 20 -11 18 -13 -14 -15 19 -17 26 -19 -20 -21 -22 22 -24 24 -26 -27 27 -29 29 -31
leaf_value=-0.050260934859367147 0.019811098791858578 0.26438808355588594 -0.018651476641198435 -0.040165771044270403 -0.0072889651666100189 -0.017846851882461563 0.22373975160922119 -0.044176755530924448 7.671219228482698e-06 0.074695392666858706 -0.014255605617961015 -0.030670472977323511 0.5348038847501182 0.057291976727155469 0.03622141110280918 0.25693007666507717 -0.040109493564164565 0.57305702530245328 0.0061738217180495837 0.00083980714717330504 -0.013311085993642084 0.039556290729512722 0.0016022501084280315 0.23287358634061928 -0.0050033299049421906 0.16623488811900067 -0.050282818390389818 0.60552250938291918 0.39587894784881095 0.0036612803549739997
leaf_weight=0.10719107091426849 2.1126315998844798 0.47613899037241925 139.16903358371928 14.358654136303814 8.0925979274325055 159.84555199369788 0.54589178459718812 8.0151513963937724 137.99003942077979 5.9890789664350441 40.824973211623728 4.96319380402565 0.25614864192903031 5.558177375700323 8.6483113327994925 0.16262699197977681 44.683450145414099 0.080219173105432584 923.10275783389807 441.23721951548941 102.0133734815754 8.7988451747223717 879.86855491856113 0.35264521092176382 2.1759910341352224 0.23040419863537032 0.16290680365636845 0.076245308155193925 0.22416504076681931 10.200072569539769
leaf_count=24 174 41 34150 1304 798 23241 33 1125 12474 592 2305 324 17 469 995 17 13003 19 19565 43521 10090 375 50158 30 157 19 34 19 53 2133
internal_value=-0.000214284 0.00128867 -0.0214855 -0.00420838 -0.0086753 -0.0162723 0.0616851 -0.000289391 -0.00381164 0.0275798 0.00391877 0.038129 0.0924119 0.0736329 0.00080332 -0.0175676 -0.0379887 0.216544 0.00371096 0.00151996 -0.00565346 0.00126503 0.00197804 -0.0299333 0.0281711 -0.0382973 -0.0390506 0.158798 -0.0165089 0.0120956
internal_weight=2950.32 2755.62 194.703 891.77 416.752 162.667 2.65852 475.018 254.085 14.0817 1863.85 11.2537 6.29047 6.03432 458.131 160.008 45.11 0.18741 1852.6 449.886 240.003 929.492 888.667 16.8873 2.52864 8.24556 44.9226 0.239152 149.593 10.4242
internal_count=217259 167824 49435 94570 47419 23465 207 47151 23954 1390 73254 851 527 510 45660 23258 13099 43 72403 44516 22564 52838 50533 1491 187 1144 13056 53 36336 2186
is_linear=0
shrinkage=0.05


Tree=41
num_leaves=31
num_cat=0
split_feature=1 1 1 2 0 2 0 4 4 4 3 3 4 4 2 0 0 2 2 4 3 0 0 3 2 1 4 4 0 1
split_gain=34.8263 9.89255 9.56723 6.06171 4.35008 4.11912 3.72126 5.02082 3.61471 5.71946 5.32097 9.41115 5.25436 6.10222 11.1158 5.14984 5.55777 4.59517 4.40476 4.25145 3.36639 3.8324 3.78249 3.33375 3.00567 4.6215 4.07648 17.8979 3.97887 5.24171
threshold=0.00066384126514475964 0.0020447720588171888 0.00023750954286246465 0.6783480397728886 -0.0031018881020380968 2.5960215928036812 -0.00051389623808134599 -0.011829427218029652 0.00027372887283461106 0.00032892409051976662 -0.0001616337010919566 -0.00030920156059305309 -2.8638124337065914e-05 -0.00010190044564761801 1.3378390509537839 -0.00092429339795108134 0.0011840657582481431 0.96725689877712873 0.99527263819259493 0.019000313049943655 0.0024764714389029501 -0.00036363771294645181 0.0014996371778599473 -0.01335466952210118 0.5848633075377232 0.0006420145540456608 0.002560554994997966 0.0027442533558837971 0.00046791420268121891 0.00051486429304699712
decision_type=2 2 2 2 2 2 2 2 2 2 2 2 2 2 2 2 2 2 2 2 2 2 2 2 2 2 2 2 2 2
left_child=2 3 -1 4 -2 20 -6 -8 12 15 11 -11 13 23 -15 -10 -17 -14 -19 -12 22 -22 -5 -3 -4 28 -27 -28 29 -26
right_child=1 8 24 5 6 -7 7 -9 9 10 19 -13 17 14 -16 16 -18 18 -20 -21 21 -23 -24 -25 25 26 27 -29 -30 -31
leaf_value=-0.040848721861621917 0.24512935803276958 0.012773517809703996 -0.025442731276771293 -0.00050440428406783812 -0.024265382861581246 -0.037142335493015197 0.15347646542381421 -0.007101945908630264 0.13660306810843817 0.012242833900957182 0.0028434747679353615 0.068449628350041897 -0.041124374476924068 0.022071522610866159 0.2127429749390406 -0.051945836524646065 0.092407195031702583 0.1031153935428927 -0.0073887074072917953 0.016522975891639601 0.026549002765886971 0.003792340085292013 -0.022716311094924186 0.0013337585823014744 -0.013999321760603176 -0.038351344729637547 0.52269584965039551 -0.014522768523154608 -0.035306174298613088 0.0005326232869659603
leaf_weight=32.258677265141159 0.16559348627924819 71.854255146346986 38.30703574907966 931.7007652381435 40.023367149755359 7.469536793883889 0.48905830085277457 104.89863120671362 1.5825995262712238 148.37515664845705 456.72975490801036 7.8409716561436644 12.828289174474778 4.0299706868827334 0.94329882040619839 1.2881181892007583 1.3823645366355775 0.96687497943639655 13.396490517072378 64.864970730617642 21.83175590634346 121.26470471173525 19.569228899199516 560.18183625862002 133.69740785053 20.613872043555606 0.17447486985474725 1.3917827717959879 13.315730549395083 115.79999680072069
leaf_count=11077 2 804 9069 78643 4721 764 33 13385 39 3680 13135 210 402 126 32 42 43 34 458 713 1008 6681 1267 18585 31600 2785 20 164 2229 15508
internal_value=-0.00020905 0.00180267 -0.0148838 -0.00140528 -0.0109943 -0.000138353 -0.011286 -0.00635677 0.00477506 0.00733175 0.00696906 0.015064 0.0021496 0.00306841 0.0582369 0.065133 0.0227779 -0.019375 4.99149e-05 0.00454464 0.000114216 0.00726425 -0.000961341 0.00263431 -0.012293 -0.0105255 -0.0324428 0.0453212 -0.00867583 -0.00725457
internal_weight=2949.24 2593.68 355.559 1247.41 145.577 1101.84 145.411 105.388 1346.26 682.064 677.811 156.216 664.201 637.009 4.97327 4.25308 2.67048 27.1917 14.3634 521.595 1094.37 143.096 951.27 632.036 323.3 284.993 22.1801 1.56626 262.813 249.497
internal_count=217259 144807 72452 106504 18141 88363 18139 13418 38303 17862 17738 3890 20441 19547 158 124 85 894 492 13848 87599 7689 79910 19389 61375 52306 2969 184 49337 47108
is_linear=0
shrinkage=0.05


Tree=42
num_leaves=31
num_cat=0
split_feature=1 1 2 3 2 0 4 2 3 1 1 2 2 4 3 0 2 3 2 4 2 2 4 4 1 4 0 0 2 0
split_gain=32.1637 13.3259 6.23856 5.88952 5.84197 7.43757 7.67334 5.38793 4.89004 5.47971 4.53066 13.6228 8.81223 5.81867 4.38707 7.04976 3.76546 8.91127 12.4787 7.05709 3.69116 3.6742 3.66401 9.96971 3.48736 3.88057 3.46939 8.88456 15.3585 10.836
threshold=0.00051486429304699712 0.0013244202781700204 0.64887683701933641 0.00015676099520256506 0.92692418108980479 -0.00039148888667300813 0.0022816262228618771 0.9506960261385915 -0.0047037676980598566 0.0010597354923538899 0.0013366750208855585 1.086337543049992 1.0649699665622498 0.0032723226962060319 -0.0033586357530174245 -1.0000000180025095e-35 1.4662852754074944 0.00020666884018549772 1.7535840715920619 -0.0038695313738674737 0.4089569168275678 2.5960215928036812 -0.0036444953256142827 -0.0033391057645187345 0.0029485330554263997 -0.0072103739624060905 0.0003563421479308993 0.00044052054859633488 0.66616044830232346 0.00043019244852726685
decision_type=2 2 2 2 2 2 2 2 2 2 2 2 2 2 2 2 2 2 2 2 2 2 2 2 2 2 2 2 2 2
left_child=2 3 14 4 8 6 -6 -7 9 -2 11 12 13 -3 15 -1 22 18 -18 -19 -10 24 -5 -24 25 -12 -4 28 -28 -30
right_child=1 10 26 16 5 7 -8 -9 20 -11 21 -13 -14 -15 -16 -17 17 19 -20 -21 -22 -23 23 -25 -26 -27 27 -29 29 -31
leaf_value=-0.050257801769240731 -0.050629061432682601 0.043055912194275764 -0.017486159315415965 -0.050746328915965158 -0.015410198733873124 0.038856711554045076 0.088987787302502841 0.0010804686194533257 -0.050324491107963935 0.094061005159020189 -0.013782661073116619 -0.030027791082725908 0.29933982519476143 0.16721729788894379 -0.038291387492267064 0.5460733216004281 0.28077453980927819 0.19849590898922925 -0.050473968325953571 -0.018513981274127931 -0.014605275476211288 -0.020591789589512792 0.16643624977903193 0.0018031811936974067 0.0057324551665474954 0.002078302464970907 0.51088140444432451 -0.039346628341148548 0.018210025160391607 0.2692086378252363
leaf_weight=0.12122698547318578 0.95957704121246878 5.3342669988051039 134.25377605995163 3.2963539864867917 103.69555644132197 10.068741963244973 1.7905038772150863 150.90686377254315 7.5644899546168736 2.0573020968586206 40.318572693038732 4.8154103010892868 0.42772318236529816 1.1463981280103324 42.090375697240233 0.083835054654627039 0.60361842904239782 0.37776538729667564 0.53747751517221332 45.189594698604196 164.88848935626447 15.889964564703403 0.9217342552728941 392.98168257763609 921.3602697821334 885.90251338109374 0.17818487389012982 4.5881391582079232 5.1113541896920651 0.46949661569669832
leaf_count=28 108 433 34150 342 9725 1003 149 14761 1346 110 2304 324 17 77 13055 16 68 7 70 4742 23694 759 103 38342 19267 50073 28 1015 1053 90
internal_value=-0.000202778 0.00115603 -0.0202766 -0.00389787 -0.00798391 -0.00331886 -0.0136382 0.00344331 -0.0150681 0.0480395 0.00354349 0.0345287 0.0795271 0.0650195 -0.0371674 0.193539 0.000169961 -0.0132589 0.12475 -0.0167149 -0.0161721 0.00334855 0.00174912 0.00218842 0.00355445 0.00138787 -0.0153361 0.0125613 0.0539156 0.0393256
internal_weight=2947.93 2761.03 186.896 885.84 441.932 266.462 105.486 160.976 175.47 3.01688 1875.2 11.7238 6.90839 6.48067 42.2954 0.205062 443.908 46.7085 1.1411 45.5674 172.453 1863.47 397.2 393.903 1847.58 926.221 144.601 10.3472 5.75904 5.58085
internal_count=217259 167824 49435 94570 50896 25638 9874 15764 25258 218 73254 851 527 510 13099 44 43674 4887 138 4749 25040 72403 38787 38445 71644 52377 36336 2186 1171 1143
is_linear=0
shrinkage=0.05


Tree=43
num_leaves=31
num_cat=0
split_feature=1 1 4 2 0 4 1 4 4 2 1 2 0 3 0 2 2 2 2 0 3 3 2 0 0 1 1 3 1 0
split_gain=29.7162 11.4028 6.40518 8.44016 22.0213 10.5711 6.10129 23.065 17.2206 9.77315 6.42064 5.71235 5.65124 5.30171 6.38168 13.3482 5.77704 5.00596 4.7946 4.4733 6.01547 5.13285 3.55051 3.19984 6.16243 3.15076 3.04627 2.7291 10.1962 2.6298
threshold=0.00084286461641908605 0.0003208030935465211 -0.00034135321466971508 0.86102517427814085 0.00040057738397258907 -0.0035390798218613013 0.00084987223197117393 -0.0040004886835539035 0.004444814761232708 1.6569826716253035 0.0025692870980749383 1.0290418766691805 0.00069671179368480118 0.0022772081661529557 0.0003251878700035738 1.0025453380445375 0.5848633075377232 0.60119237387647095 2.2805298981407822 -0.00063290831107487555 0.0030906884402587269 -0.0064138170379786632 0.36216049067078748 0.0021976696440473291 -0.001563592523343593 0.0007914419294462676 0.0056485277306448922 -0.0013078678418224075 0.00027455066689268314 -0.00014414284557162646
decision_type=2 2 2 2 2 2 2 2 2 2 2 2 2 2 2 2 2 2 2 2 2 2 2 2 2 2 2 2 2 2
left_child=1 2 3 27 5 -5 7 -2 9 11 18 -9 13 16 25 -16 -3 -18 19 20 -8 -21 29 24 -24 -15 -25 28 -1 -12
right_child=6 12 -4 4 -6 -7 10 8 -10 -11 22 -13 -14 14 15 -17 17 -19 -20 21 -22 -23 23 26 -26 -27 -28 -29 -30 -31
leaf_value=-0.050153788603145316 0.49716715602142164 -0.026217602339422677 -0.0427091338217154 0.61211004304737504 0.65147651529342654 0.016813770872921987 -0.0061840890711647089 -0.036733621476319804 0.51957682024537177 0.30865425191243329 -0.051362179481449 0.053692564162436708 -0.042086463927777706 -0.014239889000123124 0.12600313745600639 -0.029244590354063855 0.040747583727697406 -0.0073139103728017676 -0.025825608986635541 0.043375339070481973 0.023420100807371343 0.0015415929383607468 0.0022327016131712916 -0.0046352240642418665 0.011097245792514553 0.048575499722921585 0.0057206900615844342 -0.044568511001055966 0.29251866652851871 0.0009233784950333177
leaf_weight=0.84793015499599345 0.27390612335875619 41.625775339547545 40.322969161439687 0.075412184465676435 0.14249613694846619 6.7184359745588145 340.57134887762368 3.6423330330289891 0.17537946766242374 0.27850144449621428 4.8313541291281581 3.3554012202657759 12.050998023711143 9.6365255180280673 3.3988364466931662 2.3362691153306514 5.4907995671965173 408.2072187026497 18.139817525632679 7.3904325328767291 18.069876199122518 933.40409535402432 378.71247811801732 139.67986650019884 406.49269334133714 2.5178944235667577 144.44805025681853 8.9640293107368052 0.29178035608492792 4.7884941305965167
leaf_count=306 36 9538 13914 11 33 2082 24498 473 18 36 234 288 1835 1111 387 218 990 63320 1584 330 839 66396 8514 4240 10616 221 1734 3152 82 223
internal_value=-0.000197783 -0.0107666 -0.0318479 -0.0061463 0.036324 0.0234216 0.00218753 0.0465502 0.0299865 0.0181859 0.00204453 0.00662557 -0.00827454 -0.00741348 0.0192865 0.062761 -0.00846251 -0.00667602 -0.000297444 5.89228e-05 -0.0046925 0.00187022 0.00490445 0.00517649 0.00682179 -0.00122713 0.000629629 -0.0353027 0.0375747 -0.0253359
internal_weight=2946.88 542.627 57.3631 17.0401 6.93634 6.79385 2404.25 7.72552 7.45162 7.27624 2396.53 6.99773 485.264 473.213 17.8895 5.73511 455.324 413.698 1317.58 1299.44 358.641 940.795 1078.95 1069.33 785.205 12.1544 284.128 10.1037 1.13971 9.61985
internal_count=217259 97200 19580 5666 2126 2093 120059 851 815 797 119208 761 77620 75785 1937 605 73848 64310 93647 92063 25337 66726 25561 25104 19130 1332 5974 3540 388 457
is_linear=0
shrinkage=0.05


Tree=44
num_leaves=31
num_cat=0
split_feature=1 1 2 4 0 2 2 0 3 0 2 1 0 2 3 4 4 3 4 0 0 3 2 1 0 3 4 4 2 4
split_gain=27.7843 11.1214 5.96878 5.40571 5.67575 5.38855 9.68539 8.38559 4.72923 4.95289 4.62836 4.13836 11.1287 8.72314 9.11121 3.84937 3.78363 3.67622 5.19167 3.66309 3.39636 3.37169 5.56898 3.35603 8.74726 7.99171 4.09858 3.19201 3.19034 3.13718
threshold=0.00051486429304699712 0.0013244202781700204 0.64887683701933641 4.9581546408550288e-05 -0.00085854310017813285 0.93685744750170541 0.9506960261385915 0.00053457309961979515 -0.0047037676980598566 -0.00038248181421796085 0.39534047045370468 0.0013479462966731867 -0.0013975087281578034 1.321579098741529 0.0010855407472648573 -0.0010190001066049945 0.00010103508346359648 0.0016574216265015098 0.0029518482619737001 0.001692248873467417 0.0013428346361127332 -0.0033586357530174245 0.39534047045370468 0.0014381165925992868 -0.00015906231013612657 0.001734335575684365 0.0027442533558837971 0.0032723226962060319 0.17261285200530097 -0.0017174605629384774
decision_type=2 2 2 2 2 2 2 2 2 2 2 2 2 2 2 2 2 2 2 2 2 2 2 2 2 2 2 2 2 2
left_child=2 3 21 5 17 8 7 -7 9 -2 20 12 -3 14 -14 -8 -12 27 -19 -10 -6 22 -1 24 25 -13 -26 -5 -25 -4
right_child=1 11 29 4 10 6 15 -9 19 -11 16 23 13 -15 -16 -17 -18 18 -20 -21 -22 -23 -24 28 26 -27 -28 -29 -30 -31
leaf_value=-0.050429832565795189 0.10982640707434009 0.36066230559947388 0.015497923087349534 -0.046583416272731909 -0.04365212703675686 0.030264712662723778 0.0004418149696898009 0.17879947886895009 -0.016290872191279032 -0.017628280218562383 0.034085301309532641 0.02056870163195779 0.010926651415218794 -0.040138868620350363 0.085229366731731385 -0.012472459481017707 0.0010920806060410271 0.089871703106284159 -0.051066100631392788 0.19668373728005262 0.13915595154965152 -0.037493079659600019 0.42269787241566414 -0.0509710449766764 -0.030883843711422262 -0.051107872532987889 0.0032692952861450965 0.043797085197984142 0.0034830857957753405 -0.016237147962339157
leaf_weight=0.1511456361040463 1.5422949166968467 0.24309564987197774 8.2740021538920683 12.50684622814879 7.4204381129238746 7.4231806988827866 136.80006711604074 1.089691861066967 159.90933359717019 1.5070383865386237 8.8650411567650718 30.879236089065671 12.167896771803504 4.7091456232592455 6.2424068311229339 99.795254527358338 439.07193670840934 1.4209165237843984 1.2097186665050683 0.20215320494025846 0.26308383932337154 39.468864724272862 0.1056836536154151 2.6938405772671095 32.788034203462303 4.4492168123833826 11.99913838226348 1.059683225583284 1779.2659012591466 132.45223447075114
leaf_count=25 83 19 1806 1195 1125 695 12474 93 23840 127 995 2467 947 331 392 10090 43521 102 85 17 19 13055 19 163 2520 254 754 109 65407 34530
internal_value=-0.000193583 0.00104678 -0.0192028 -0.00359414 5.10479e-05 -0.00780671 -0.00312007 0.0492779 -0.0148472 0.0468359 0.00108503 0.00321307 0.0241261 0.0205875 0.0361206 -0.00500539 0.00174504 -0.0290345 0.0250603 -0.016022 -0.0373928 -0.036318 0.144259 0.00295068 -0.00706025 0.0115419 -0.0217337 -0.0395238 0.00340077 -0.0143713
internal_weight=2945.98 2765.52 180.452 880.087 471.818 408.269 245.108 8.51287 163.161 3.04933 455.62 1885.44 23.3625 23.1194 18.4103 236.595 447.937 16.1972 2.63064 160.111 7.68352 39.7257 0.256829 1862.08 80.1156 35.3285 44.7872 13.5665 1781.96 140.726
internal_count=217259 167824 49435 94570 47151 47419 23352 788 24067 210 45660 73254 1689 1670 1339 22564 44516 1491 187 23857 1144 13099 44 71565 5995 2721 3274 1304 65570 36336
is_linear=0
shrinkage=0.05


Tree=45
num_leaves=31
num_cat=0
split_feature=1 1 1 3 2 0 4 4 3 1 3 4 4 2 2 4 0 2 1 2 0 3 4 2 3 0 0 1 2 0
split_gain=25.5667 10.0422 5.99399 5.08239 5.09383 6.6913 6.52057 4.4441 3.79472 4.25183 3.61267 8.73562 8.12325 7.73468 3.70059 6.93748 4.50941 3.60241 3.58653 8.86481 6.51713 10.5871 3.48925 3.53007 3.95085 3.42121 3.77501 3.40524 7.1948 4.34586
threshold=0.00051486429304699712 0.0013244202781700204 0.00023750954286246465 0.00015676099520256506 0.92692418108980479 -0.00039148888667300813 0.0022816262228618771 -0.00086712190572740811 -0.0047037676980598566 0.0010597354923538899 0.00050489036505818607 0.00049819491308755748 0.0005564367378300129 1.3378390509537839 1.4662852754074944 -0.001929242926722585 -0.00063290831107487555 0.4089569168275678 0.0013479462966731867 1.321579098741529 0.0008817060928276722 0.0010855407472648573 -0.0042911671054871028 0.64887683701933641 0.0034657630665670962 -8.8150950476595366e-05 7.717170826904153e-05 0.00050463104117278855 0.66196614276460553 0.0003563421479308993
decision_type=2 2 2 2 2 2 2 2 2 2 2 2 2 2 2 2 2 2 2 2 2 2 2 2 2 2 2 2 2 2
left_child=2 3 -1 4 8 6 -6 -7 9 -2 11 13 -13 -5 16 -16 -12 -10 19 20 21 -3 25 24 -24 -4 -27 29 -29 -25
right_child=1 18 22 10 5 7 -8 -9 17 -11 14 12 -14 -15 15 -17 -18 -19 -20 -21 -22 -23 23 27 -26 26 -28 28 -30 -31
leaf_value=-0.039609086693081497 -0.050638423377895606 0.023417239375556016 -0.050566596005817838 -0.014285106182783358 -0.014594898465448284 0.012094983618960553 0.07782172528577247 -0.00453468588961836 -0.050300389763006409 0.074863584436283062 -0.023134887493172558 0.13654497107096944 0.021748010169841556 0.043019523607514903 0.13027883679412552 -0.019731298951137073 0.0014177332003400564 -0.013532772747078146 0.0027946090686832219 -0.039919201514583169 -0.023261976451287612 0.11200317998669727 -0.033339836633655411 -0.012244566865365287 0.18158835806152304 0.26417674684309639 0.041813720249780341 0.31596109965646618 -0.0502930327281573 0.024568480132801052
leaf_weight=28.50490211811848 0.94465258484706227 10.790238803252583 0.38987505179829895 38.675561392912641 101.38451585220173 77.272486812435091 1.9452670253813256 83.682947828434408 6.9511492748279116 2.3629656778648496 19.954339758493006 1.603697774466126 39.431549673434347 6.9460284947417668 0.78701039124280114 37.249461438739672 297.72847398626618 160.13371326564811 1867.0474944752641 4.6240885071456423 3.6264466326683751 4.9064035690389565 26.740192761877555 104.03960295743309 0.21554110152646799 0.31673552375286707 0.48030361160635948 0.13651193771511216 7.5551330007147044 8.686355989193542
leaf_count=11077 108 828 52 4549 9725 7274 149 8490 1346 110 1832 177 4177 755 39 3882 28263 23694 71565 336 244 281 8318 26694 37 26 23 24 1345 1839
internal_value=-0.00018802 0.000990225 -0.0186075 -0.00343188 -0.00727163 -0.00292555 -0.0128551 0.00344899 -0.0140126 0.0390203 0.000341053 0.00949567 0.0262344 -0.0055603 -0.00188911 -0.0166274 -0.00012447 -0.0150624 0.00304122 0.0222683 0.03715 0.0511071 -0.0145778 -0.0152655 -0.0316212 0.0708078 0.130179 -0.0116042 -0.0437927 -0.00940785
internal_weight=2945.11 2768.05 177.065 877.054 434.678 264.285 103.33 160.955 170.392 3.30762 442.376 86.6568 41.0352 45.6216 355.719 38.0365 317.683 167.085 1890.99 23.9472 19.3231 15.6966 148.56 147.373 26.9557 1.18691 0.797039 120.418 7.69164 112.726
internal_count=217259 167824 49435 94570 50896 25638 9874 15764 25258 218 43674 9658 4354 5304 34016 3921 30095 25040 73254 1689 1353 1109 38358 38257 8355 101 49 29902 1369 28533
is_linear=0
shrinkage=0.05


Tree=46
num_leaves=31
num_cat=0
split_feature=1 1 1 2 2 2 0 4 3 0 0 3 4 0 1 3 3 1 2 0 2 1 2 0 3 2 2 2 1 1
split_gain=23.531 9.25586 5.82357 4.73633 6.34258 6.98783 8.98586 5.81597 7.27246 10.4004 5.24416 4.8974 4.45005 4.04917 3.52345 8.98871 3.21811 5.12886 3.4971 3.66684 24.902 3.33521 5.41132 3.77793 3.122 3.0038 3.05957 6.4276 4.96603 3.61869
threshold=0.00051486429304699712 0.0014381165925992868 0.00023750954286246465 1.0141719936035785 1.4209356808876568 1.4110545640612127 0.0010291889427778147 0.00053657480581736927 -0.0023513051381148782 -0.00070636006312485556 0.0010291889427778147 0.00199614667989001 -0.0042911671054871028 -0.00044004242715400815 0.00054047326974703382 0.0013842474003111784 -0.0033586357530174245 0.00047982002565663187 0.64887683701933641 0.00050251723540917237 0.29742616521594717 0.00050463104117278855 0.66196614276460553 0.0003563421479308993 -0.00048657225790005304 0.17261285200530097 1.7825038478759392 1.6569826716253035 0.0015737101905529116 0.0095356782504780226
decision_type=2 2 2 2 2 2 2 2 2 2 2 2 2 2 2 2 2 2 2 2 2 2 2 2 2 2 2 2 2 2
left_child=2 3 -1 7 5 13 -7 14 9 -9 12 -10 -6 -5 15 -2 17 -4 19 24 -21 23 -23 -20 -18 -3 27 -27 -29 -28
right_child=1 25 16 4 10 6 -8 8 11 -11 -12 -13 -14 -15 -16 -17 18 -19 21 20 -22 22 -24 -25 -26 26 29 28 -30 -31
leaf_value=-0.039180934600399897 0.0092704543654764139 -0.050925679706164129 -0.050477204687927782 -0.006477687678125961 0.044928139956458911 0.04804422965655801 0.35973964205880954 0.25066383800188519 -0.0058576140921161876 0.0282409822100563 -0.050660543896063087 0.01129061848331463 -0.0084097341925912054 0.0061134004271843701 -0.012502211257912005 0.28971598168788043 -0.0049342970961682789 0.23494520466635654 -0.011489634930430353 0.69662539086518627 -0.050187007284233837 0.22720565877916285 -0.050279170365845206 0.022379677067731234 -0.044839392024682359 0.0031567557449420844 -0.0076721209616905459 0.074554962764007485 0.016444762538551153 0.016494964430687174
leaf_weight=27.403587106382474 10.069690452888604 2.5717291152104726 0.30130275152623553 83.703918328043073 4.048185132443904 4.5572678870521477 0.24358638375997532 0.66337593691423569 165.78163973754272 2.5300109572708598 7.1580285870004436 55.599524137098342 114.98299572709948 269.24088438833132 259.58726785471663 0.29406371898949224 6.632598966592929 0.32953134691342711 103.28869197214954 0.13387264194898207 0.67159792315214872 0.18009551987051864 7.1942575904540718 8.9466080621350539 18.777577547123656 1607.2168502612039 110.46416315622628 3.9700147612020364 49.742704448290169 18.015981275588274
leaf_count=11077 1713 163 48 6983 225 373 16 47 18899 198 589 4691 11869 22066 34539 46 2109 12 26720 33 202 23 1345 1841 6025 58740 4704 186 1614 163
internal_value=-0.000182562 0.000937196 -0.0180258 -0.0029739 0.000542674 0.00394232 0.0638591 -0.00641517 -0.000470211 0.0744458 -0.0090953 -0.00155086 -0.00659574 0.00312731 -0.0113608 0.0172279 -0.0140675 0.09862 -0.0145549 -0.031094 0.0739364 -0.01093 -0.0435025 -0.00878981 -0.0344233 0.00307274 0.00315035 0.00372537 0.0207398 -0.00428332
internal_weight=2944.3 2770.44 173.86 978.46 483.935 357.746 4.80085 494.526 224.575 3.19339 126.189 221.381 119.031 352.945 269.951 10.3638 146.456 0.630834 145.825 26.2156 0.805471 119.61 7.37435 112.235 25.4102 1791.98 1789.41 1660.93 53.7127 128.48
internal_count=217259 167824 49435 102254 42121 29438 389 60133 23835 245 12683 23590 12094 29049 36298 1759 38358 60 38298 8369 235 29929 1368 28561 8134 65570 65407 60540 1800 4867
is_linear=0
shrinkage=0.05


Tree=47
num_leaves=31
num_cat=0
split_feature=1 1 1 2 2 4 3 3 1 0 1 2 1 2 0 0 2 0 4 4 4 1 3 2 2 1 3 4 2 0
split_gain=21.8097 8.02759 5.91327 5.34724 5.64208 4.97483 8.32364 6.39611 3.8216 4.04084 4.0929 3.42186 3.00679 5.3025 6.8839 35.3987 3.56163 4.15282 4.03548 3.20097 17.8827 2.88723 8.68141 3.07636 2.78251 2.75874 4.00943 2.77101 2.6138 2.82514
threshold=0.00066384126514475964 0.00023750954286246465 0.002888433374126731 0.80610741212284609 2.5960215928036812 -0.0023224757669887959 -0.0020504837583394382 -0.0011970373326316561 0.00092697263326448314 -0.0013528118791243935 0.0013366750208855585 0.77331692293408028 0.0006420145540456608 0.46733296760612802 0.00011665037789931888 0.00027756819646584946 0.5848633075377232 0.00046791420268121891 0.0013883907396196051 0.002560554994997966 0.0026192207510761238 0.000722333161459298 0.0029821023538564311 0.76328980585766559 0.22869835620335524 0.00058886789008820775 -7.2778518607041751e-05 -0.0049928137596895175 0.74206127436356062 -0.00014414284557162646
decision_type=2 2 2 2 2 2 2 2 2 2 2 2 2 2 2 2 2 2 2 2 2 2 2 2 2 2 2 2 2 2
left_child=1 -1 3 8 5 6 -5 -7 21 10 -10 -11 16 14 -14 -16 25 18 -18 -15 -21 22 -2 -23 -4 27 -27 -3 29 -26
right_child=2 12 24 4 -6 7 -8 -9 9 11 -12 -13 13 19 15 -17 17 -19 -20 20 -22 23 -24 -25 28 26 -28 -29 -30 -31
leaf_value=-0.038740797031444632 -0.0076008188845298093 0.12346944985463407 -0.051041021887124054 -0.014576808448084233 -0.039017891325774039 0.012304601149927062 0.0046713022386114531 0.0012118675995037983 0.068658976811343905 0.00081180056691404706 -0.024096815306905939 -0.014897519739797428 -0.050352549012081672 -0.038276879787942045 0.78044565822802259 -0.050440895373955845 -0.0078803594971370988 -0.034485060702995986 0.010041982427536084 0.50307249679867405 -0.020640256988789095 -0.027930624788298136 0.14083954908000751 0.0039456195961981933 0.0033578950824498695 -0.050230195227501932 0.04290220680376914 -0.032750012187751774 0.0031940040643516718 0.014874554504128
leaf_weight=26.355837631737813 17.552980561042208 0.28702144860290602 2.2541604777798048 117.03756673401222 8.6992240766994637 152.84949570242316 107.99178467970341 867.42030145577155 1.2386817228980387 245.06962565984577 29.828867021948099 40.375827072653919 0.56651777238585299 20.534108442487199 0.18054770608432591 0.44200908532366157 200.16295437538065 12.635918358340858 37.254127544350922 0.18054865580052037 1.6769814165309069 42.447091742651537 1.0435351482592512 9.211670774035154 100.55868007615209 1.8035660109017042 3.216802450362592 25.791844113497064 755.5446040648967 113.19169498980045
leaf_count=11077 3008 39 125 7754 924 10949 7798 59033 127 20650 1893 3147 110 2989 32 71 40881 2229 6227 12 201 7562 80 1464 1897 418 529 7637 16348 2048
internal_value=-0.000177707 -0.0122673 0.00135454 -0.000476001 0.00110921 0.00138953 -0.00533962 0.0028737 -0.00561566 -0.00327407 -0.0203986 -0.00141026 -0.00997762 -0.0271272 0.075762 0.190525 -0.00853926 -0.00655462 -0.00506809 -0.032591 0.0302637 -0.016165 0.000728846 -0.0222465 0.00444599 -0.0244968 0.00944442 -0.0310307 0.00457503 0.00945655
internal_weight=2943.4 331.089 2612.32 1640.77 1254 1245.3 225.029 1020.27 386.768 316.513 31.0675 285.445 304.733 23.5807 1.18907 0.622557 281.152 250.053 237.417 22.3916 1.85753 70.2553 18.5965 51.6588 971.549 31.0992 5.02037 26.0789 969.295 213.75
internal_count=217259 72452 144807 124389 86458 85534 15552 69982 37931 25817 2020 23797 61375 3415 213 103 57960 49337 47108 3202 213 12114 3088 9026 20418 8623 947 7676 20293 3945
is_linear=0
shrinkage=0.05


Tree=48
num_leaves=31
num_cat=0
split_feature=1 1 1 4 3 0 1 4 2 2 4 0 2 2 1 4 0 3 1 3 2 0 2 3 1 2 1 2 4 4
split_gain=20.2601 7.79217 5.40763 4.20975 6.37211 6.85349 10.1036 9.19916 5.71712 16.1803 15.7701 4.86831 4.56156 3.79279 8.3491 3.34416 2.88998 2.8688 7.37489 4.80608 3.06304 3.1884 10.8457 3.27735 3.15651 4.31938 3.84672 2.74835 2.78329 2.81741
threshold=0.00051486429304699712 0.0014381165925992868 0.00023750954286246465 4.9581546408550288e-05 -0.0021068910234733891 0.00044971725719478167 0.0014241537378338724 0.002140125149860395 0.80910412059699277 0.81245751531660593 -0.001605500904822865 0.0013900608095775981 0.39534047045370468 0.17261285200530097 0.0011047820962736174 -0.00026319375109551396 -0.00046883923624424501 -0.0026429864807377963 0.00047308217632690256 -0.0034991864455691242 0.64887683701933641 0.00050251723540917237 0.29742616521594717 -0.00048657225790005304 0.00050463104117278855 0.66196614276460553 0.00049390678825223921 2.5960215928036812 -0.010349860933211661 0.0040232583596687696
decision_type=2 2 2 2 2 2 2 2 2 2 2 2 2 2 2 2 2 2 2 2 2 2 2 2 2 2 2 2 2 2
left_child=2 3 -1 8 5 6 -5 -7 13 10 -10 12 -6 14 -2 -15 -11 18 -4 -20 21 23 -23 -19 26 -26 -22 -3 -29 -30
right_child=1 27 17 4 11 7 -8 -9 9 16 -12 -13 -14 15 -16 -17 -18 20 19 -21 24 22 -24 -25 25 -27 -28 28 29 -31
leaf_value=-0.038288696209661827 -0.050649428707928157 0.0029768843794635868 -0.050372729293563623 0.012322445942336016 -0.037687896439404955 0.24589822527708197 0.32812533757206985 -0.050639547315078019 -0.050354609402264966 -0.010765077653901658 0.26043655745410133 -0.050745230397673827 0.00066270191829867866 -0.014064493884273617 0.32079712487305545 -0.042052266608344879 -0.00088364347589079979 -0.0023460905477001252 0.071601509900536361 0.36221112244573711 -0.011074973702640588 0.33523133589485343 -0.050175426028383999 -0.044452970400745778 0.17310655143956477 -0.050263966638748561 0.025000294592129314 0.031740431309553598 -0.04508455954406404 0.0046387830353126795
leaf_weight=25.359062398085371 0.35704510239884157 1785.2163507435471 0.68043146445415803 6.339923790190368 7.8746344335377207 0.84253398794680812 0.26380977127701033 0.3792618322186172 0.6403728718869387 107.97215252602473 1.1256326790899027 4.7563710471149525 504.91798033798113 90.958985411794856 0.26250767288729548 12.091960208490489 235.12792327115312 6.2743128284346374 0.34481751173734665 0.2421983890235424 102.21368241775781 0.25912221800535817 0.61764388321898878 17.539880657335743 0.22357843164354463 6.7654403916094452 7.9652772040572009 2.319820934906601 8.2248745039105398 4.3585030063986769
leaf_count=11077 66 64863 137 511 1224 67 17 33 97 10251 134 373 48653 15238 11 2060 23519 2061 13 39 27074 33 201 6025 23 1338 1414 34 539 134
internal_value=-0.000173289 0.000849197 -0.017008 -0.00275356 0.000283848 0.0450651 0.0249383 0.153849 -0.00631129 -0.00321629 0.14774 -0.00039326 7.37758e-05 -0.016607 0.106734 -0.0173486 -0.00399329 -0.0132375 0.0616524 0.191505 -0.0139066 -0.0299115 0.0637289 -0.0333591 -0.0105339 -0.0431184 -0.00846695 0.00279838 -0.0185842 -0.0278619
internal_weight=2942.52 2774.03 168.485 973.911 525.375 7.82553 6.60373 1.2218 448.537 344.866 1.76601 517.549 512.793 103.67 0.619553 103.051 343.1 143.126 1.26745 0.587016 141.859 24.691 0.876766 23.8142 117.168 6.98902 110.179 1800.12 14.9032 12.5834
internal_count=217259 167824 49435 102254 50878 628 528 100 51376 34001 231 50250 49877 17375 77 17298 33770 38358 189 52 38169 8320 234 8086 29849 1361 28488 65570 707 673
is_linear=0
shrinkage=0.05


Tree=49
num_leaves=31
num_cat=0
split_feature=1 1 3 1 2 4 1 0 0 3 3 4 1 1 0 3 0 3 2 4 0 2 1 4 1 1 1 4 1 0
split_gain=18.6325 7.23391 6.21655 5.26165 7.51333 23.1819 5.22896 4.82292 4.81791 6.73294 4.40578 5.66874 10.5918 6.31221 4.38882 4.7113 8.63676 6.31881 4.31178 7.09143 4.99256 3.80374 3.76462 12.6301 4.16018 3.23435 3.06417 4.05938 2.9686 2.73273
threshold=0.00051486429304699712 0.0010776290799406334 0.00016953079527437523 0.0010865319627061303 0.68236454867819951 -0.0027680970915568421 0.00023750954286246465 4.7195354427542753e-05 -0.000646136628681515 -0.0010665659759567789 -0.0001616337010919566 -0.0033391057645187345 0.00087794722536515288 0.00071573572354727223 0.00069671179368480118 0.0022154381309056341 -0.0003228462122910058 0.00063303850979834497 0.96725689877712873 0.0051831436545213281 0.0013428346361127332 2.5960215928036812 0.00052962154439025486 -0.00045998431337146423 0.00066384126514475964 0.0041264509327124518 0.005268957745367479 -0.0010720148296721741 0.0049665919907213871 0.0003563421479308993
decision_type=2 2 2 2 2 2 2 2 2 2 2 2 2 2 2 2 2 2 2 2 2 2 2 2 2 2 2 2 2 2
left_child=6 2 10 4 5 -3 -1 -7 -6 -10 22 12 -12 -13 15 17 -17 -4 20 -20 -16 26 23 -2 -24 -23 27 -5 -27 -8
right_child=1 3 14 21 8 7 29 -9 9 -11 11 13 -14 -15 18 16 -18 -19 19 -21 -22 25 24 -25 -26 28 -28 -29 -30 -31
leaf_value=-0.037824681564228406 -0.025569595636508825 0.61033079066098406 0.01167002351431764 -0.0019724300527402022 -0.050631921060848878 -0.050398455213811824 -0.014934303166246068 0.17086798251841101 0.14451129585423231 0.017911284818533345 -0.050690191943334774 -0.0045412305887034656 0.27197230113584897 -0.037214794946665915 -0.046307179767736191 0.074312115383009039 0.0094038462573234043 -0.0056856214508194357 -0.0075694610703208702 0.14858430587235769 0.090164849706853512 -0.044474049848728804 -0.019204959839788545 0.11339601001393225 -0.003504780015271115 0.071980759204624073 0.0060314528214567373 0.0030862092813185946 -0.012385152237378608 0.0095149252156097892
leaf_weight=24.410796235199086 4.0365851244423538 0.22700235014781356 81.11786933732219 622.45903524709865 1.8105073450133193 0.54126096749678143 128.75563282542862 0.45187969505786896 1.2811563280411045 5.8260433599352845 0.56127561721950658 26.189012992894277 0.46509093558415771 33.936723018996418 12.012764151906591 5.9840358174405983 35.699071551440284 148.36126510985196 23.212986372644085 0.75056631769984861 0.70975038874894458 8.0917924456298369 54.471956509398296 2.7482715328223994 187.1808571354486 1.2167689185589532 416.5241977237165 1092.8742772820406 7.2883614711463451 12.542272493476046
leaf_count=11077 648 32 9721 33897 156 71 35582 55 110 428 70 3928 55 4033 1548 475 2895 16915 2054 42 62 718 8617 431 22626 50 4957 53089 141 2776
internal_value=-0.000168715 0.000803504 -0.00396885 0.00216858 0.0381051 0.154473 -0.0164558 0.0502779 0.0221833 0.0407324 -0.00897177 -0.0209942 0.0955221 -0.0229831 0.00106236 0.00325826 0.0187221 0.000449372 -0.0151684 -0.00267854 -0.0386938 0.001999 -0.0060125 0.0307198 -0.00704382 -0.0218449 0.00218463 0.00125053 -0.000315517 -0.0127641
internal_weight=2941.74 2776.03 617.438 2158.59 10.1379 1.22014 165.709 0.993141 8.91771 7.1072 309.59 61.1521 1.02637 60.1257 307.848 271.162 41.6831 229.479 36.6861 23.9636 12.7225 2148.45 248.438 6.78486 241.653 16.5969 2131.86 1715.33 8.50513 141.298
internal_count=217259 167824 74120 93704 852 158 49435 126 694 538 40408 8086 125 7961 33712 30006 3370 26636 3706 2096 1610 92852 32322 1079 31243 909 91943 86986 191 38358
is_linear=0
shrinkage=0.05


Tree=50
num_leaves=31
num_cat=0
split_feature=1 1 1 2 1 2 4 3 4 4 3 0 4 1 2 3 3 4 3 2 2 4 4 4 0 3 3 2 2 2
split_gain=17.1481 6.1844 5.45009 4.84178 5.06963 18.296 18.7238 3.72456 13.2488 14.4977 34.3198 8.29561 5.7303 18.254 41.9217 6.42493 4.26725 3.46588 3.39157 3.38973 7.52946 4.76767 2.76183 4.71985 14.0233 3.9356 32.0189 2.69715 2.64565 2.60598
threshold=0.00053453280038740175 0.0017701662768096866 0.00023750954286246465 0.6783480397728886 0.00055889914535254507 0.63086875204769444 0.00092333415082468406 -8.6974348779911268e-05 -0.00061005446254103191 -0.00058696077740327801 -0.00040864203610607713 -0.000675829674866124 -0.001331878632670813 0.00028239502358948302 0.86406419560910808 0.001734335575684365 0.00016953079527437523 -0.0042911671054871028 0.00036129859506206513 0.47686712789713726 0.42183852834101526 -0.00065365762886582235 -0.0004216111543280387 -0.00044261310350468536 5.6563952690935622e-05 0.00021983971510586289 0.00026671613674666977 2.9469878765436408 0.22869835620335524 1.5203244504906723
decision_type=2 2 2 2 2 2 2 2 2 2 2 2 2 2 2 2 2 2 2 2 2 2 2 2 2 2 2 2 2 2
left_child=2 3 22 4 5 -2 -7 8 17 10 -10 -11 13 14 -9 -15 -14 -4 -18 20 -6 -21 23 25 -25 29 -27 -5 -3 -1
right_child=1 28 7 27 19 6 -8 12 9 11 -12 -13 16 15 -16 -17 18 -19 -20 21 -22 -23 -24 24 -26 26 -28 -29 -30 -31
leaf_value=-0.039591035132117702 -0.018633740701382701 -0.038185684406446326 0.052831051775446114 -0.00057351385252427231 -0.017314081637254498 0.37208907962299265 -0.050382852635480292 -0.050145293802881234 -0.050199040853594779 0.27095083845755591 0.67810728466499914 0.011699879980097444 -0.040438199489954509 0.0049398495910354919 1.6135979487803227 0.38805686377717641 0.0066241750710627663 -0.02859272319114621 -0.020230292617307216 -0.031808569934730482 0.028909023007675429 -0.0090189431885463502 -0.047267753961958148 -0.050118391546329959 0.95948195033565542 0.89871147957423236 -0.050109896672202885 -0.05041576714127393 0.0030120781623151367 0.10915917915553691
leaf_weight=4.748821003944613 3.1590945105999699 3.9067650455981484 1.3619542766828079 1053.6387656987645 22.493536799913272 0.71027962816879131 0.41578930616378784 0.1023342336993659 0.39359428058378398 0.31133218295872112 0.27461088704876502 34.722439202014357 20.481750722043216 2.7164498425554489 0.060097381239756942 0.11402591341175128 14.954746530624105 32.347512966254726 54.99018819257617 35.063152533723041 14.48274481971748 66.427066711941734 17.609765202505514 0.11258150695357727 0.049524995381943882 0.10539375955704589 0.56870098295621574 2.7212613963056347 1551.5148229640909 0.31390276597812761
leaf_count=2165 617 233 106 94612 3263 133 56 40 107 75 77 9168 5680 670 14 18 3983 8232 13623 5790 1887 9157 8395 50 23 48 269 363 48278 127
internal_value=-0.000164622 0.000828423 -0.0148441 -0.00186987 -0.0105127 0.0430492 0.216096 -0.011595 -0.00282213 0.0184041 0.249111 0.0140037 -0.0181133 0.0499544 0.565416 0.0203737 -0.0203662 -0.025303 -0.0144886 -0.0121703 0.000790428 -0.0168924 -0.0373488 -0.00773843 0.258324 -0.0152566 0.098237 -0.000701911 0.0029086 -0.0303681
internal_weight=2940.87 2754.53 186.34 1199.11 142.752 4.28516 1.12607 162.831 69.4114 35.702 0.668205 35.0338 93.4196 2.99291 0.162432 2.83048 90.4267 33.7095 69.9449 138.467 36.9763 101.49 23.5087 5.89893 0.162107 5.73682 0.674095 1056.36 1555.42 5.06272
internal_count=217259 164389 52870 115878 20903 806 189 41793 17765 9427 184 9243 24028 742 54 688 23286 8338 17606 20097 5150 14947 11077 2682 73 2609 317 94975 48511 2292
is_linear=0
shrinkage=0.05


Tree=51
num_leaves=31
num_cat=0
split_feature=1 1 2 2 0 0 2 3 2 0 2 0 3 0 3 3 4 4 0 4 3 4 3 2 4 0 1 3 4 1
split_gain=15.9336 6.58538 5.32071 5.17037 9.93235 7.54074 4.88081 4.72919 4.65429 8.38003 5.27941 11.3698 5.01405 3.65596 3.64872 9.67537 12.5423 8.34972 12.7824 8.17269 4.19917 3.449 7.01663 12.5123 11.3278 5.28695 4.41046 4.94607 3.98112 3.9742
threshold=0.00049390678825223921 0.0010285714285713868 0.70172751240425102 0.75274595213787932 0.00059596848035414773 -0.00055091152749991979 2.0982060614081832 -0.0013699966399274841 0.5848633075377232 0.0013428346361127332 0.60119237387647095 -6.5089335181345285e-05 0.0024764714389029501 0.00068061316712897401 -8.6974348779911268e-05 -0.00011156392980204986 4.9581546408550288e-05 -0.0013943821469734605 3.9088288775190889e-05 -0.00061005446254103191 0.00019533725199882837 0.00023863111016553254 1.0000000180025095e-35 1.5335328733241667 0.0054214519975603901 -0.00090143434118378208 0.0010776290799406334 -0.0064138170379786632 0.019000313049943655 0.0010865319627061303
decision_type=2 2 2 2 2 2 2 2 2 2 2 2 2 2 2 2 2 2 2 2 2 2 2 2 2 2 2 2 2 2
left_child=2 6 -1 4 5 -4 8 -7 9 12 11 -10 -2 -12 15 19 -17 18 -16 -5 -19 26 23 25 -25 -23 27 -3 29 -24
right_child=1 21 3 14 -6 7 -8 -9 10 -11 13 -13 -14 -15 17 16 -18 20 -20 -21 -22 22 28 24 -26 -27 -28 -29 -30 -31
leaf_value=-0.032182121331367178 -0.027583661791903687 0.25558776195040628 0.4538521377105913 -0.03279782907012626 0.58373524217998474 0.17455249594008859 -0.043814729173474176 0.0074034180567452692 0.12274924077862957 0.21570726276242602 -0.0016727578330337921 -0.01855344435024767 0.028820943688455437 -0.018272439275877652 -0.05029584575116889 0.25105451744742935 -0.05017241862667652 -0.046998009571861586 0.26268120791560218 0.013610898532883293 -0.016376946485207513 -0.00097137830214363136 0.018467081415743197 0.037165005064242439 0.16185930806341367 0.013988964932699025 0.0004078613368547736 -0.020961915728344646 0.01333246341447453 -3.9949506170812243e-06
leaf_weight=38.958633212256245 37.474469221895561 0.16259517334401863 0.099197702948003008 17.196698317769915 0.078875616192818465 0.44485508208162805 7.6423735525459042 8.6825314352754486 2.5996355265378952 0.37518186704255541 478.8703986806795 3.1469621455762526 4.4029560117050996 35.638267915695906 0.66751910536549874 0.82987599167972692 0.59213563380762935 15.795431254431604 0.63807955151423812 21.158523919060826 38.449502534233034 97.581897149793804 30.254025398287922 15.18711922504008 2.0695385327562681 149.58069186890498 1058.1846827017143 28.69557689782232 67.446344716474414 777.52372052054852
leaf_count=15245 7862 7 29 4716 24 115 1243 2654 414 33 57982 514 460 3940 155 259 187 5207 131 6176 11125 3326 2090 713 39 6805 49950 2745 727 32386
internal_value=-0.000164887 0.000669089 -0.0164088 -0.0105358 0.0250385 0.0202623 -0.00412562 0.01555 -0.00358639 -0.0195457 -0.00229025 0.0453688 -0.0216533 -0.00282256 -0.0140084 -0.00244845 0.125622 -0.022286 0.102664 -0.00719662 -0.0252934 0.00189679 0.00381867 0.0109564 0.0521192 0.00808249 -0.000118086 -0.0194038 0.00166223 0.00068781
internal_weight=2940.43 2796.84 143.592 104.633 9.30546 9.22658 570.15 9.12739 562.508 42.2526 520.255 5.7466 41.8774 514.509 95.3278 39.7772 1.42201 55.5505 1.3056 38.3552 54.2449 2226.69 1139.64 264.419 17.2567 247.163 1087.04 28.8582 875.224 807.778
internal_count=217259 171236 46023 30778 2822 2798 72448 2769 71205 8355 62850 928 8322 61922 27956 11338 446 16618 286 10892 16332 98788 46086 10883 752 10131 52702 2752 35203 34476
is_linear=0
shrinkage=0.05


Tree=52
num_leaves=31
num_cat=0
split_feature=1 1 2 0 2 3 3 3 4 4 2 0 0 0 1 3 1 3 1 0 0 4 4 4 3 2 0 0 1 2
split_gain=14.8424 7.30909 5.43712 6.46324 4.75004 5.28755 5.06504 4.35281 4.92612 3.84388 3.81228 7.0247 5.76233 3.46388 3.15291 3.2921 12.8209 42.4917 9.07463 6.32401 3.53162 5.23015 4.4848 3.09406 6.22542 10.5479 10.4708 4.67693 4.06357 4.37704
threshold=0.000405365625342985 0.0010285714285713868 0.5848633075377232 0.0013428346361127332 1.4922611930960608 -0.0010442594053898799 -0.0010913887625477734 0.0024764714389029501 0.0024415447333068223 0.0035585276408338644 0.92049683423019102 0.00063752341404199619 -0.0001059291773836679 -0.00019245372222248533 0.00023750954286246465 -0.0013078678418224075 0.00028986465450081767 -0.0013699966399274841 0.00028239502358948302 -0.00083681698517462644 0.00040057738397258907 0.0005564367378300129 0.0020509558051901027 0.00023863111016553254 1.0000000180025095e-35 1.5335328733241667 0.0025466717849672586 -0.00090143434118378208 0.0010776290799406334 0.44636897921142388
decision_type=2 2 2 2 2 2 2 2 2 2 2 2 2 2 2 2 2 2 2 2 2 2 2 2 2 2 2 2 2 2
left_child=14 2 3 7 10 6 -6 13 -9 -7 11 -4 -12 -2 -1 16 17 18 -16 -17 22 -22 -21 28 25 27 -27 -25 29 -3
right_child=1 23 4 -5 5 9 -8 8 -10 -11 12 -13 -14 -15 15 19 -18 -19 -20 20 21 -23 -24 24 -26 26 -28 -29 -30 -31
leaf_value=-0.036665781485594469 -0.046905078266776347 0.11410152158285432 -0.0045634656908056454 0.16547524560376961 0.0025101251848980415 -0.030642880038699079 0.1313888776214289 0.088003438012597524 -0.016849497308730612 0.052103541422508504 -0.0066312538562440853 -0.042648001195361517 0.0070741620463131184 -0.016925685183898472 -0.050177323899955356 0.32833340696401137 -0.0084136205357454221 1.4455830656780366 0.53359528568569525 -0.023184805974755932 0.11185631325737365 -0.050224416928383288 0.042931963482781943 -0.00092362409510904321 0.0015764086831321412 0.03963361425155356 0.23922965770624663 0.013115357935652844 0.00038731887499921126 -0.021711791948413425
leaf_weight=22.318838389939629 14.97979907481931 0.60622496018186467 191.11062924447469 0.46188771678134699 10.314083204371853 35.009215232916176 0.82320730946957965 1.8017592257820059 2.9611251128371805 1.4621113445609797 125.34727382077836 12.926942927762864 197.58069249778055 27.004947295645252 0.29886790318414569 0.13206948677543451 2.3901182801928371 0.066855029435827773 0.085647872649133205 57.451152287540026 1.2297159425215789 0.83616366353817273 2.6846908265724769 97.498028623405844 876.4292440530844 17.395305428653959 0.68287232145666976 151.51548261893913 1058.5823344928212 27.7130968850106
leaf_count=11077 3507 78 31131 33 1165 6170 62 182 330 173 14297 1993 20751 6276 104 32 655 20 24 19196 251 236 806 3326 35203 738 14 6805 49950 2674
internal_value=-0.000161234 0.000461023 -0.00433284 -0.0206443 -0.00299261 -0.0181176 0.0120361 -0.0224832 0.0228155 -0.0273256 -0.00162615 -0.00697634 0.00175429 -0.0276221 -0.0204461 -0.0148918 0.0377407 0.282139 0.0798534 -0.017291 -0.0180249 0.0462542 -0.0202331 0.00179743 0.003613 0.0102958 0.047173 0.00761858 -0.000112725 -0.0188045
internal_weight=2939.7 2852.21 621.784 47.2095 574.574 47.6086 11.1373 46.7476 4.76288 36.4713 526.966 204.038 322.928 41.9847 87.4941 65.1753 2.84149 0.451371 0.384516 62.3338 62.2017 2.06588 60.1358 2230.42 1143.52 267.092 18.0782 249.014 1086.9 28.3193
internal_count=217259 184858 86070 10328 75742 7570 1227 10295 512 6343 68172 33124 35048 9783 32401 21324 803 148 128 20521 20489 487 20002 98788 46086 10883 752 10131 52702 2752
is_linear=0
shrinkage=0.05


Tree=53
num_leaves=31
num_cat=0
split_feature=1 1 2 0 2 3 0 3 4 4 2 0 0 0 0 0 2 3 1 4 4 4 2 2 4 3 2 1 2 4
split_gain=13.7819 6.62174 5.06089 5.16979 4.39513 4.92947 4.72802 4.02909 4.04466 3.49029 3.46553 6.70197 5.18942 3.43073 3.16277 4.26406 32.9399 6.50925 4.94867 4.93096 34.5478 4.13841 3.44563 2.94164 2.73939 5.5377 10.4947 3.71444 3.65922 3.65353
threshold=0.000405365625342985 0.0010285714285713868 0.5848633075377232 0.0013428346361127332 1.4922611930960608 -0.0010442594053898799 -0.00051389623808134599 0.0024764714389029501 0.0024415447333068223 0.0035585276408338644 0.92049683423019102 0.00063752341404199619 -0.0001059291773836679 -0.00019245372222248533 -3.2823476622811924e-05 -4.672788021514717e-05 1.5817172982314118 -0.0011173535225041384 0.00028239502358948302 0.0020509558051901027 0.0020941035205677143 -0.00079440168574429471 0.94704036489577492 2.5960215928036812 0.00023863111016553254 1.0000000180025095e-35 1.5335328733241667 0.0010776290799406334 0.44636897921142388 0.019000313049943655
decision_type=2 2 2 2 2 2 2 2 2 2 2 2 2 2 2 2 2 2 2 2 2 2 2 2 2 2 2 2 2 2
left_child=14 2 3 7 10 6 -6 13 -9 -7 11 -4 -12 -2 15 18 17 -17 -1 22 -21 -19 -20 24 27 26 -26 28 -3 -27
right_child=1 23 4 -5 5 9 -8 8 -10 -11 12 -13 -14 -15 -16 16 -18 21 19 20 -22 -23 -24 -25 25 29 -28 -29 -30 -31
leaf_value=-0.037897193153112074 -0.046735248121384534 0.096791465290777465 -0.0043553624715319816 0.13359642577632308 -0.036472444778929539 -0.030021251948573975 0.033227396697489676 0.076589302867939454 -0.016279396513419718 0.046969558567214631 -0.0063418443161181509 -0.042300146516342174 0.0066729879812189759 -0.016358287557270295 -0.028066051150375283 0.36807926583157213 0.94897765792171274 0.19116851880454711 0.013613237183975641 1.0323833464296555 0.011616997128789152 -0.050135707572303061 -0.027295240955510586 -0.019155393619760902 0.0071845893259651298 0.00069652709967081843 0.046548856889758891 0.00053151804654753853 -0.020913361628287733 0.012846296255448511
leaf_weight=12.268215756281277 14.299716838635502 0.67686455091461795 190.25246475171298 0.54110702592879434 3.5525303487665951 33.973966558463871 7.7212495473213476 1.9622165232431132 2.9128345798235387 1.5387233716901381 124.53535893303342 12.395083396695552 198.94986496865749 26.556189593859017 49.771485545788892 0.11952406726777542 0.10005688341334451 0.20719406218267966 12.544553739251574 0.092357796151189997 0.80869865487329662 1.2474400677019719 8.729078487493096 16.77536089764908 250.76861561974511 802.7835520291701 18.1579873804003 1050.9164624828845 26.97795332595706 67.042607254348695
leaf_count=5736 3507 78 31131 33 405 6170 822 182 330 173 14297 1993 20751 6276 18881 37 30 74 4239 17 222 498 2667 957 10131 34067 702 49486 2657 710
internal_value=-0.000158564 0.000435464 -0.00413986 -0.0200458 -0.00285521 -0.017541 0.011264 -0.0218637 0.0211004 -0.0266853 -0.00154928 -0.00667628 0.00166254 -0.0269903 -0.0198927 -0.00862926 0.0692944 0.0133799 -0.012417 0.00167998 0.116245 -0.015765 -0.00317249 0.00170354 0.00186135 0.00357173 0.00984247 5.55328e-05 -0.0180325 0.00163298
internal_weight=2939.18 2853.29 619.191 46.2721 572.919 46.7865 11.2738 45.731 4.87505 35.5127 526.133 202.648 323.485 40.8559 85.8886 36.1171 1.67422 1.57416 34.4429 22.1747 0.901056 1.45463 21.2736 2234.1 2217.32 1138.75 268.927 1078.57 27.6548 869.826
internal_count=217259 184858 86070 10328 75742 7570 1227 10295 512 6343 68172 33124 35048 9783 32401 13520 639 609 12881 7145 239 572 6906 98788 97831 45610 10833 52221 2735 34777
is_linear=0
shrinkage=0.05


Tree=54
num_leaves=31
num_cat=0
split_feature=1 1 2 2 3 0 0 3 4 3 4 0 3 0 2 0 0 4 3 4 2 3 0 0 4 2 0 2 2 3
split_gain=12.8103 6.34656 4.02393 4.93279 11.6559 18.9693 12.2487 4.4416 4.39091 5.80026 10.9553 5.01603 4.45223 13.853 4.02246 4.4834 5.95803 7.52453 5.93415 8.13939 4.27698 4.65397 4.16763 4.06138 3.20224 2.85417 8.28714 3.51873 2.6957 2.71995
threshold=0.00038449688834479563 0.0010285714285713868 0.70172751240425102 0.74934455284873447 -0.0013699966399274841 -8.2927590302650498e-05 0.00059596848035414773 0.00020666884018549772 -6.5034305665012657e-05 0.00021983971510586289 -0.00010190044564761801 -0.00083681698517462644 0.0016177544758340103 -2.249906651335953e-05 0.5848633075377232 -0.00019245372222248533 -8.2927590302650498e-05 0.00076308523343393564 0.0034657630665670962 0.0016865028565792308 1.4922611930960608 -0.0010442594053898799 -0.00051389623808134599 0.0013428346361127332 -0.0038695313738674737 0.60119237387647095 -6.5089335181345285e-05 0.92049683423019102 2.5960215928036812 -0.009891647969271054
decision_type=2 2 2 2 2 2 2 2 2 2 2 2 2 2 2 2 2 2 2 2 2 2 2 2 2 2 2 2 2 2
left_child=2 14 -1 4 5 -4 7 -6 9 11 -11 -5 -10 -14 15 18 17 -17 -2 -20 25 22 -22 -18 -23 26 -16 -27 -3 -30
right_child=1 28 3 8 6 -7 -8 -9 12 10 -12 -13 13 -15 20 16 23 -19 19 -21 21 24 -24 -25 -26 27 -28 -29 29 -31
leaf_value=-0.038778469492606563 -0.046819374793667573 0.0017645741257525432 0.85601149444014712 0.26980485427249018 -0.031776081314337366 -0.050357211882701959 0.68251015634297196 0.0726551579536618 -0.035759207417814035 0.035925111345188422 0.4004202900093019 -0.014863522461100648 0.43806969021499348 -0.050160592212277456 0.088288529296765728 -0.007775379782089184 -0.018623982877286616 0.13144446469887042 0.31597178513524071 -0.050519588995691214 -0.035941602582765735 0.08000634865530587 0.02990686082972115 0.1113995685572379 -0.028597554425414257 -0.0073184332511848152 -0.022195842996717282 0.0010925786016674911 0.031611725867040516 -0.026761185073106472
leaf_weight=22.049602716579102 14.639184752712023 2220.925931412261 0.1103459126316011 0.15616984572262183 2.7166118962923056 0.12105962936766435 0.068234027596190461 1.6285265774931756 24.328127923770811 2.8955839530099188 0.22194961889181186 16.982249216875061 0.20480580860748887 0.49996176105923851 3.2452892160508782 2.356866033049303 26.834700096864257 1.6500208869110791 0.27201080508530218 0.34194348566234112 3.4279291494749478 0.69235395174473424 8.0359872223343682 0.61432746984064479 34.518895668676123 199.88959615444764 3.5580452093854538 329.01607137150131 2.3230993263423469 14.156727216672151
leaf_count=10714 3700 97831 27 25 986 27 14 597 9353 900 87 6011 59 165 500 653 6043 328 14 40 405 19 835 33 6523 33397 656 36360 33 924
internal_value=-0.000155602 0.000367551 -0.0209885 -0.0131328 0.0359391 0.381845 0.0178023 0.00736399 -0.0181656 -0.000858185 0.061875 -0.0122695 -0.0321702 0.0917194 -0.00406933 -0.018187 -0.00739996 0.0495548 -0.0404326 0.111853 -0.00293705 -0.0174533 0.0102169 -0.015714 -0.0264621 -0.00167228 0.0305068 -0.0020862 0.00161507 -0.0185326
internal_weight=2938.48 2866.5 71.9832 49.9336 4.64478 0.231406 4.41337 4.34514 45.2888 20.256 3.11753 17.1384 25.0329 0.704768 629.093 46.7091 31.4559 4.00689 15.2531 0.613954 582.384 46.6752 11.4639 27.449 35.2112 535.709 6.80333 528.906 2237.41 16.4798
internal_count=217259 188294 28965 18251 1651 54 1597 1583 16600 7023 987 6036 9577 224 89506 10811 7057 981 3754 54 78695 7782 1240 6076 6542 70913 1156 69757 98788 957
is_linear=0
shrinkage=0.05


Tree=55
num_leaves=31
num_cat=0
split_feature=1 1 2 2 0 2 0 0 2 4 3 4 3 1 2 0 0 4 3 4 2 4 1 2 1 0 1 4 4 2
split_gain=11.9101 5.75491 3.88301 4.27393 5.821 13.4627 15.7662 6.11268 4.50183 4.16712 4.92481 7.2933 3.79717 8.48544 3.74512 4.33133 5.20649 5.68101 5.16666 7.63276 3.95693 4.35267 3.80461 3.7184 3.54991 2.9592 2.81308 7.78546 2.88352 2.60206
threshold=0.00038449688834479563 0.0010285714285713868 0.70172751240425102 0.74934455284873447 -5.6344377546702067e-05 0.72451577167450965 -9.9902595032230743e-05 0.00059596848035414773 0.70572545860242986 -6.5034305665012657e-05 0.00021983971510586289 -0.00065365762886582235 0.0016177544758340103 0.0003487025954183862 0.5848633075377232 -0.00019245372222248533 -8.2927590302650498e-05 0.00076308523343393564 0.0034657630665670962 0.0016491255624533354 1.4922611930960608 -0.0026263371166451162 0.00038966051746484827 1.5648366012972323 0.00034360436278051864 0.00044971725719478167 0.00099641370636736025 -0.0072103739624060905 0.005948845490630795 0.34453880725394309
decision_type=2 2 2 2 2 2 2 2 2 2 2 2 2 2 2 2 2 2 2 2 2 2 2 2 2 2 2 2 2 2
left_child=2 14 -1 4 5 -4 -7 8 -6 10 24 -12 -11 -14 15 18 17 -17 -2 -20 26 23 -18 -22 -5 -23 28 -28 -16 -3
right_child=1 29 3 9 7 6 -8 -9 -10 12 11 -13 13 -15 20 16 22 -19 19 -21 21 25 -24 -25 -26 -27 27 -29 -30 -31
leaf_value=-0.038327819661435253 -0.046646496652499814 -0.016918675928456927 -0.050188007078702218 0.0018399486997138469 0.19348205734356622 0.078361336382492763 0.46972637307895826 0.30778449293172244 -0.050177446616420207 -0.035233378026947551 0.15073357752516459 -0.0023147371713157011 -0.050198928124068024 0.28826211647748362 -0.00043369956455638039 -0.0074453067428233563 0.2038253373708655 0.10932556331740713 0.28478811058273473 -0.051083035587685524 -0.051814300384831702 -0.029652118361800057 -0.016783232329961727 0.051153910639093303 -0.050182311024147698 0.0021702477176954956 0.20639339274915916 -0.019596536492274594 -0.050802061764024659 0.0016892112756921015
leaf_weight=21.214668031898327 13.975547563983124 18.947489889338613 0.89433777937665615 12.4904953831574 0.20521044917404641 0.77769888052716862 0.38460102258250084 0.13955040695145715 2.4866753109963611 23.478334185085263 1.2404819307848813 2.0897037922404698 0.49625291803385962 0.29541972163133323 502.58217998826876 2.3387590360362109 0.19687057984993117 1.8779568218160418 0.29703048057854253 0.39289660449139774 1.1393929910846043 31.403020853642374 26.830876079387963 3.804049662547186 4.4467339341063044 9.5202405347954464 0.38617897219956177 29.0142952054739 2.8576519237831226 2221.7576410770416
leaf_count=10714 3700 1280 304 4595 76 235 117 15 904 9353 298 689 149 75 67924 653 68 328 13 41 75 5818 6008 272 1441 1617 14 2735 240 97508
internal_value=-0.000152386 0.000347295 -0.0204347 -0.0127545 0.0316269 0.0956482 0.207863 -0.0148755 -0.0316026 -0.0176255 -0.000889129 0.0546952 -0.0316017 0.0761008 -0.00388857 -0.0176362 -0.0071144 0.0445598 -0.0400526 0.0935177 -0.0028017 -0.0168957 -0.0151763 0.0274212 -0.0118181 -0.0222491 -0.00159303 -0.0166281 -0.000718472 0.00153186
internal_weight=2937.96 2867.32 70.6402 49.4255 4.88807 2.05664 1.1623 2.83144 2.69189 44.5374 20.2674 3.33019 24.27 0.791673 626.617 45.9099 31.2445 4.21672 14.6655 0.689927 580.707 45.8667 27.0277 4.94344 16.9372 40.9233 534.84 29.4005 505.44 2240.71
internal_count=217259 188294 28965 18251 1651 656 352 995 980 16600 7023 987 9577 224 89506 10811 7057 981 3754 54 78695 7782 6076 347 6036 7435 70913 2749 68164 98788
is_linear=0
shrinkage=0.05


Tree=56
num_leaves=31
num_cat=0
split_feature=1 1 1 2 2 3 0 4 4 0 2 2 3 3 3 4 3 4 4 0 0 4 2 4 3 3 4 4 2 2
split_gain=11.1016 4.65159 4.17736 5.41251 7.33172 4.70397 10.5857 7.09125 4.27917 4.07713 4.30125 5.45253 3.94061 3.93977 9.07156 6.96094 3.42373 12.2114 8.83037 23.5014 6.97589 4.0806 6.60687 5.90073 4.09108 3.45341 3.23952 2.93896 4.20523 15.4135
threshold=0.00053453280038740175 0.00023750954286246465 0.0029485330554263997 1.0368906049988886 1.4209356808876568 -0.0022266563940597224 0.001692248873467417 -0.0049928137596895175 -0.014204142243387006 0.0018536320536591824 0.67433778513739673 0.65315561471276451 0.0010855407472648573 0.00034779493695957791 0.00037580238892320766 0.0034536465685796052 -8.6974348779911268e-05 -0.00061005446254103191 -0.00058696077740327801 -6.5089335181345285e-05 0.00034063920690352584 -0.001331878632670813 0.78316460428705148 -0.0021162155019367464 0.00016953079527437523 0.00036129859506206513 -0.0042911671054871028 -0.0004216111543280387 0.72790943845145673 0.73501746646327015
decision_type=2 2 2 2 2 2 2 2 2 2 2 2 2 2 2 2 2 2 2 2 2 2 2 2 2 2 2 2 2 2
left_child=1 27 3 9 8 6 -6 -7 -5 13 11 -11 -10 15 -15 -2 17 26 19 -19 -20 22 -18 -24 -23 -26 -3 28 -1 -30
right_child=2 16 -4 4 5 7 -8 -9 12 10 -12 -13 -14 14 -16 -17 21 18 20 -21 -22 24 23 -25 25 -27 -28 -29 29 -31
leaf_value=-0.050090227695587547 -0.0073415426863267441 0.051603569933661976 0.003275493749724326 0.11359980634292884 -0.024203633696210262 0.072178614511059197 0.26749181256669818 -0.0032165881783649641 0.0020387191290669703 -0.0056228913736192368 -0.035325732276008125 0.1307267560801704 0.01062547854788165 0.063348631024636753 -0.00015427026083004427 0.018323363150891624 -0.050219121236150882 0.46875825506019225 0.0091646906826383205 -0.050316050523906253 0.098333839829428352 -0.03915821030191545 -0.050644329629115109 0.1423466845007417 0.0094570977635192247 -0.018344097786288677 -0.02697492310971927 -0.046676893095207943 0.87499951820174704 0.022340477801183197
leaf_weight=2.533224425744268 466.24150547455065 1.3713883741293127 965.75502717169002 0.90851828642189403 35.530347127467394 3.1616260632872573 0.31377579551190038 229.765770673519 387.02073404146358 6.5668666157871511 19.073887718841434 0.82536833640187968 204.05957009363919 5.702023781836032 410.29735962953418 28.006736226379871 1.3092700531706207 0.38531886087730527 31.99137194850482 0.50234735920093854 2.3548093645367763 18.131280741887167 0.53175132302567396 1.552245103055611 14.245447051245717 51.743742375634611 30.102599855163135 14.637018013163468 0.054039813810959791 2.7589915709104389
leaf_count=1521 48190 106 19565 35 2386 160 16 17797 28699 329 979 44 10668 525 33434 1562 395 86 8750 98 493 5680 84 263 3983 13623 8232 8395 17 1144
internal_value=-0.000148524 -0.0123907 0.000623269 -0.00080173 0.00206047 -0.00478805 -0.0216502 -0.00219322 0.0051698 -0.00343185 -0.0227773 0.00960101 0.00500314 -0.00286937 0.000716152 -0.00588723 -0.00944963 -0.00091673 0.0193023 0.175004 0.0152782 -0.0159539 0.0378032 0.0931032 -0.0181223 -0.0123425 -0.0235511 -0.0350883 -0.00336082 0.0387205
internal_weight=2937.43 174.205 2763.23 1797.47 860.76 268.772 35.8441 232.927 591.989 936.714 26.4661 7.39223 591.08 910.248 415.999 494.248 154.222 66.7078 35.2338 0.887666 34.3462 87.5137 3.39327 2.084 84.1205 65.9892 31.474 19.9833 5.34626 2.81303
internal_count=217259 52870 164389 144824 59761 20359 2402 17957 39402 85063 1352 373 39367 83711 33959 49752 41793 17765 9427 184 9243 24028 742 347 23286 17606 8338 11077 2682 1161
is_linear=0
shrinkage=0.05


Tree=57
num_leaves=31
num_cat=0
split_feature=1 4 2 2 4 1 1 0 3 0 0 2 3 2 1 2 2 3 0 4 4 0 1 3 3 2 4 2 2 0
split_gain=10.3871 6.84159 6.15517 11.3399 9.26069 5.89024 5.74313 5.295 5.08687 4.70155 4.70899 4.50663 4.48835 2.81158 2.64707 3.22691 3.68778 2.75354 4.63849 2.59412 4.20473 4.94973 2.50821 2.41437 9.37747 2.26885 2.25192 2.16607 9.10082 14.7907
threshold=0.0003208030935465211 -8.418251052877411e-05 0.86102517427814085 0.86406419560910808 -0.0042911671054871028 0.00090583905922923358 0.00089908428074783771 0.00068061316712897401 0.00063303850979834497 -0.00043037086184610768 -0.00042037408891287814 2.4086379413156425 0.001734335575684365 2.5960215928036812 0.0095356782504780226 1.4110545640612127 0.77331692293408028 -0.01335466952210118 -0.0055684417603187866 -0.010349860933211661 0.0036655287885360992 0.00094799808881906877 0.00086421487030101873 -0.0013078678418224075 -0.0013390003577793406 0.72451577167450965 -0.0036444953256142827 2.2805298981407822 2.4086379413156425 -2.249906651335953e-05
decision_type=2 2 2 2 2 2 2 2 2 2 2 2 2 2 2 2 2 2 2 2 2 2 2 2 2 2 2 2 2 2
left_child=1 2 23 -4 -5 6 7 9 -6 12 -11 22 -2 14 17 16 -16 26 -19 -15 -21 -22 -9 24 25 -1 -7 -3 29 -29
right_child=5 27 3 4 8 13 -8 11 -10 10 -12 -13 -14 19 15 -17 -18 18 -20 20 21 -23 -24 -25 -26 -27 -28 28 -30 -31
leaf_value=-0.050195750947938579 -0.01826638104437692 -0.045614896213124617 0.65839928179811358 0.54702448219288002 0.0087989092100971399 0.0098265446952311777 -0.050485389274021776 -0.043202953981275972 0.18808886943892364 0.059444805703574466 -0.001565972044821689 0.21013377579992054 0.042086695362077375 0.029156410970000886 0.020794706161734341 0.023055755451899446 -0.0051069979392900002 -0.019387369004591672 0.0010663069581736916 -0.04578018448030808 0.16874360546214828 -0.004980734113608911 0.0028972985394831712 -0.038761224562632111 0.54950991334742005 0.11177926601352946 0.051083164008933125 1.2636486332327599 -0.050116650816494746 -0.050096590664986777
leaf_weight=0.72462959389667936 63.849428927525878 22.238412737497132 0.070568377268499627 0.083237564191221192 8.4727513571269775 44.688754267990589 6.7423170714173457 13.897477725869981 0.41499820398166853 3.1867148214951149 419.29481842066161 0.19200782221741874 3.2367066713049999 2.3866724669933346 20.238721575587988 30.328918274492025 42.808895129710436 28.073389988392591 2194.4883824628778 9.7547735287807864 0.45437207352369924 4.2000695099122822 3.7457642266526809 8.8058118894696253 0.083334713242947056 0.30812880827579647 3.5719168409705153 0.038058332167565823 0.33246790606062859 0.049018600257112577
leaf_count=325 10198 11277 28 2 3096 554 853 2256 83 495 70623 38 356 34 159 240 401 391 109571 846 25 141 469 4478 15 67 29 19 164 26
internal_value=-0.000145586 -0.024946 -0.00278742 0.0270532 0.0220868 0.000210953 -0.00464236 -0.0040332 0.0171705 -0.0030583 -0.00110578 -0.0307936 -0.0153545 0.00125896 0.00140378 0.00965435 0.00320763 0.00106452 0.000807955 -0.0191258 -0.0271231 0.0119784 -0.0334156 -0.0299803 0.0392999 -0.00186967 0.0128801 -0.0434915 0.0690618 0.524096
internal_weight=2936.76 41.6214 18.9635 9.04156 8.97099 2895.14 514.145 507.403 8.88775 489.568 422.482 17.8352 67.0861 2380.99 2364.2 93.3765 63.0476 2270.82 2222.56 16.7959 14.4092 4.65444 17.6432 9.92191 1.11609 1.03276 48.2607 22.658 0.419545 0.0870769
internal_count=217259 19580 8094 3209 3181 197679 85288 84435 3179 81672 71118 2763 10554 112391 111345 800 560 110545 109962 1046 1012 166 2725 4885 407 392 583 11486 209 45
is_linear=0
shrinkage=0.05


Tree=58
num_leaves=31
num_cat=0
split_feature=1 1 4 4 1 1 2 3 3 0 0 1 1 3 4 1 4 4 1 2 3 4 0 0 0 2 1 4 1 3
split_gain=9.78154 4.40144 3.48146 3.51684 5.62406 7.78501 3.93605 5.05078 4.71016 2.88717 3.61739 15.1049 26.646 13.7581 9.53397 4.5512 3.55394 11.0179 4.25074 2.49225 2.90153 13.2577 5.73642 2.59402 4.73737 6.74743 3.92664 2.80246 3.52701 3.38977
threshold=0.000405365625342985 0.0020447720588171888 0.0089546815055087121 0.0056686612295405734 0.0010198305172430205 0.0010441010935633738 0.89339825664244399 0.00030921260849936521 0.0057299358542175502 -3.2823476622811924e-05 -4.672788021514717e-05 0.0002648195421650035 0.00023750954286246465 -0.00088656206084414258 -0.00079440168574429471 0.00028239502358948302 -0.00061005446254103191 -0.00038132745184871192 0.00029677479033495029 0.36216049067078748 0.0030906884402587269 0.0026806830037835465 0.0027745153502499735 0.0018536320536591824 -0.00023118356869300524 0.60119237387647095 0.0061176626780651425 0.010040602447829118 0.0021922700897379905 0.0069654535601975107
decision_type=2 2 2 2 2 2 2 2 2 2 2 2 2 2 2 2 2 2 2 2 2 2 2 2 2 2 2 2 2 2
left_child=9 2 3 6 -5 -6 7 -2 -8 10 15 12 14 -14 -12 -1 18 -18 -17 20 -3 -22 -23 24 26 -26 -21 28 -25 -29
right_child=1 19 -4 4 5 -7 8 -9 -10 -11 11 -13 13 -15 -16 16 17 -19 -20 23 21 22 -24 27 25 -27 -28 29 -30 -31
leaf_value=-0.036487687527846847 -0.010268665405974015 -0.038401835731636524 -0.031055774914857566 -0.040013322484965169 0.16003339201996217 0.014648699272053917 -0.0001539213072327489 0.00025190581030992161 0.068485848154721848 -0.025773948426763744 0.53158435968695927 -0.050205001681683306 1.2863676093211642 0.40618979643683001 -0.050107265881699725 0.086737017073127476 0.12624635349464342 -0.00024964199929820646 -0.041667841479814567 -0.00093758182999695728 0.25951080898456574 -0.038303343906222614 0.13729343215913711 -0.042389325337023526 0.028966645027172035 0.00615932740758059 0.0079633632601495991 -0.0078282493337231609 -0.0028145036537735352 0.012632151628902025
leaf_weight=10.995864137657916 257.5122473873198 7.8784936009906215 9.9528863248415274 4.6552154629025599 0.94193716999143262 41.019294945523143 934.90463021188043 204.82302850647829 2.5060311295092097 45.065419853315689 0.085944246267899871 1.1002236061030997 0.074661582708358765 0.10952910676132888 0.39051210379693557 0.72403626912273367 1.9836856767069537 13.019508158555256 5.8692794574890286 491.88767131557688 0.48239058535546053 3.8018342684954405 0.52993144281208504 5.7518937159329644 35.990048337727785 327.71759416582063 165.6256953291595 29.260629544965923 265.68164014071226 65.688769256696105
leaf_count=5736 37644 428 530 436 38 2091 80525 25180 111 18881 31 344 3 39 222 188 605 4412 1940 16288 21 174 22 287 987 10110 1713 470 6964 839
internal_value=-0.000142 0.000339204 -0.00158532 -0.00138253 0.0121277 0.0179123 -0.00183246 -0.00560786 2.95771e-05 -0.0174504 -0.00653144 0.0632722 0.252254 0.762969 0.0548196 -0.0103027 0.00302935 0.0164753 -0.0275672 0.00234072 -0.0197146 0.0108677 -0.0168215 0.00254246 0.00383735 0.00841619 0.00130454 -0.00106678 -0.00365313 0.00632685
internal_weight=2936.03 2856.61 1456.32 1446.36 46.6164 41.9612 1399.75 462.335 937.411 79.4187 34.3532 1.76087 0.660647 0.184191 0.476456 32.5924 21.5965 15.0032 6.59332 1400.3 12.6926 4.81416 4.33177 1387.6 1021.22 363.708 657.513 366.383 271.434 94.9494
internal_count=217259 184858 146555 146025 2565 2129 143460 62824 80636 32401 13520 639 295 42 253 12881 7145 5017 2128 38303 645 217 196 37658 29098 11097 18001 8560 7251 1309
is_linear=0
shrinkage=0.05


Tree=59
num_leaves=31
num_cat=0
split_feature=1 4 2 1 1 0 2 4 0 0 3 0 2 2 1 1 4 1 4 1 2 4 3 0 3 3 2 4 3 3
split_gain=9.24709 6.54596 5.42525 4.94954 5.5323 5.00683 4.91493 4.59155 4.61929 4.3628 4.01503 4.00826 3.51263 2.61017 2.48269 2.80982 9.77809 2.4416 2.38694 2.20198 2.78087 3.38749 2.38169 4.36192 2.19023 4.62586 1.96963 1.94387 1.93487 9.72407
threshold=0.0003208030935465211 -8.418251052877411e-05 0.86102517427814085 0.00090583905922923358 0.00089908428074783771 0.00068061316712897401 0.86406419560910808 -0.0042911671054871028 0.00040057738397258907 -0.00043037086184610768 0.001734335575684365 -0.00042037408891287814 2.4086379413156425 2.5960215928036812 0.0041264509327124518 0.0049665919907213871 0.0040232583596687696 0.00086421487030101873 -0.010349860933211661 0.0095356782504780226 1.4110545640612127 -0.01971381338445027 -0.01335466952210118 -0.0055684417603187866 -0.0013078678418224075 -0.0013390003577793406 0.72451577167450965 -0.0036444953256142827 0.00020666884018549772 0.00026671613674666977
decision_type=2 2 2 2 2 2 2 2 2 2 2 2 2 2 2 2 2 2 2 2 2 2 2 2 2 2 2 2 2 2
left_child=1 2 24 4 5 9 -4 -8 -9 10 -2 -11 17 19 -15 16 -16 -7 -17 22 21 -21 27 -24 25 26 -1 -5 -26 -30
right_child=3 -3 6 13 -6 12 7 8 -10 11 -12 -13 -14 14 15 18 -18 -19 -20 20 -22 -23 23 -25 28 -27 -28 -29 29 -31
leaf_value=-0.050197232863238607 -0.017579759828160426 -0.04303987748536868 0.32690003228359865 0.009040818145261708 -0.050461151831946306 -0.042855595742102438 0.30721061357168028 0.0078117231597240062 0.17413788532258859 0.053426236708440912 0.038469268553846699 -0.001317477164638797 0.16135012280606853 -0.038300253055805498 -0.051265015687354032 0.029437193489031455 0.23313339085110507 0.0028259868930433727 -0.031943422499163272 -0.016997039361281399 0.021048933590347929 0.0095284018473428597 -0.018953592862347948 0.0009835583490903502 -0.050105841993778238 0.30329989565431187 0.096878378236384066 0.046748179796544609 0.25351252732523266 -0.050107686409794898
leaf_weight=0.69257761945482321 62.526358070084825 21.223411303013563 0.13257246254943211 45.15918090287596 6.4035465775523326 13.28779667068739 0.13732253573834796 8.5856414518784696 0.43877324112691063 3.3707130581606171 3.3672253026161334 417.18121890386101 0.2361989023629566 8.1506333518773335 0.70834368094801703 2.3700627684593201 0.52715460769832134 3.7506891549564889 4.7747115008533001 16.152052830904722 30.972081191837788 47.235465712845325 27.780955442227423 2197.5557466221508 6.6720770347164962 0.141186214517801 0.33908995962701738 3.6977268345654002 0.32920049421954889 1.3255899207433683
leaf_count=325 10198 11486 28 554 853 2256 2 3139 40 495 356 70623 38 855 30 30 20 469 111 157 240 403 391 109571 3645 15 67 29 119 714
internal_value=-0.00013926 -0.0240101 -0.0025204 0.000190681 -0.00427952 -0.00369243 0.0246388 0.020265 0.0158986 -0.00275304 -0.0147156 -0.000878708 -0.0301451 0.00114677 -0.0186523 0.0004572 0.0700803 -0.0327997 -0.0115823 0.00128495 0.00876933 0.00276934 0.000974417 0.000734664 -0.0290923 0.034878 -0.00185621 0.0118947 -0.0381027 0.0102939
internal_weight=2935.23 40.0174 18.794 2895.21 510.124 503.72 9.29431 9.16174 9.02441 486.446 65.8936 420.552 17.2747 2385.08 16.5309 8.38027 1.2355 17.0385 7.14477 2368.55 94.3596 63.3875 2274.19 2225.34 9.49972 1.17285 1.03167 48.8569 8.32687 1.65479
internal_count=217259 19580 8094 197679 85288 84435 3209 3181 3179 81672 10554 71118 2763 112391 1046 191 50 2725 141 111345 800 560 110545 109962 4885 407 392 583 4478 833
is_linear=0
shrinkage=0.05


Tree=60
num_leaves=31
num_cat=0
split_feature=1 1 1 2 0 0 2 4 1 2 1 4 2 4 4 4 4 2 4 3 1 0 2 0 0 3 3 1 3 3
split_gain=8.63232 4.76879 3.47631 5.01242 7.51477 67.7976 3.17208 3.06217 5.631 2.9947 2.91245 6.11366 4.72056 3.10281 5.64927 5.49739 2.89711 3.59053 5.33994 5.85655 2.67709 2.65069 5.27459 6.30339 4.23347 9.42439 3.88913 2.34669 6.94148 2.19573
threshold=0.00066384126514475964 0.00023750954286246465 0.0006420145540456608 0.46733296760612802 0.00018484094852999625 0.00011665037789931888 0.34453880725394309 0.0020509558051901027 0.00065724613867885128 2.5960215928036812 0.00068082948508530795 0.0020509558051901027 0.86406419560910808 2.9151544804650879e-05 -2.8638124337065914e-05 6.5044881243037103e-05 -0.0004216111543280387 0.72790943845145673 -0.00044261310350468536 0.00021983971510586289 0.0041264509327124518 0.00044052054859633488 0.29742616521594717 0.00054769509347618605 0.0004208055850163373 0.0007343877047568671 0.00086941774540016958 0.0049665919907213871 0.0027944669972962415 0.0030906884402587269
decision_type=2 2 2 2 2 2 2 2 2 2 2 2 2 2 2 2 2 2 2 2 2 2 2 2 2 2 2 2 2 2
left_child=1 16 21 4 5 -4 29 -5 -9 10 11 12 -8 14 -12 -15 17 -1 19 -19 -11 24 23 -23 26 -26 -3 28 -22 -2
right_child=6 2 3 7 -6 -7 9 8 -10 20 13 -13 -14 15 -16 -17 -18 18 -20 -21 27 22 -24 -25 25 -27 -28 -29 -30 -31
leaf_value=-0.050083807448424639 -0.028340259022930688 -0.0073323675564744674 -0.050546882970619406 -0.039244285469829353 -0.050510112131927111 1.3287310459742727 0.070310396961641514 -0.027688513671375811 0.12300866213686804 -0.039147809531683647 -0.00045210509109244539 -0.050472225258437003 0.013118175699249963 0.042481859740425398 -0.025648201007217455 0.0022995844678969481 -0.046134019901288847 -0.0090363056361478806 0.35714758274002745 0.1962081572349722 -0.051263465723198148 0.28564596423886135 -0.027961970516293982 -0.050331486032694418 0.11884389989372351 -0.05038143257229815 0.0094735241455567304 -0.011143649530993102 0.17715943458695013 0.0073669946198796398
leaf_weight=2.1985753577901077 15.445397713454442 195.18540316901635 0.49330260604620224 17.874669468030337 0.60934949386864901 0.10873237112537026 5.3807273262646111 2.1931230768095697 0.86414292431436468 8.7928802985698002 1178.4999313598964 2.6084790010936549 10.950745658716185 8.565206071129067 22.674745282158256 1368.357767221285 12.664676697575485 2.431638287147508 0.12274519156198938 0.40553235076367844 0.67530487664043704 0.297164954594339 17.896324804169126 0.26329271937720478 2.068730559549294 1.366001682472415 41.796167923952453 7.0681631546467543 0.6553643774241209 5.9692242867313317
leaf_count=1521 1592 45799 110 2834 94 9 909 271 97 1037 69095 304 1286 684 1363 68002 8395 1028 39 94 29 50 3452 50 352 209 8048 141 21 344
internal_value=-0.000134894 -0.00818853 -0.00659786 -0.0256124 0.0732739 0.198562 0.000778259 -0.0313352 0.0149064 0.000935253 0.00107294 0.0206082 0.0319613 0.000929425 -0.000927735 0.00254954 -0.0332686 -0.0016825 0.0342692 0.0203004 -0.0198643 -0.00497141 -0.0232318 0.12781 -0.00356956 0.0515426 -0.00436833 0.0003239 0.0612365 -0.018387
internal_weight=2934.48 298.84 281.016 22.1433 1.21138 0.602035 2635.64 20.9319 3.05727 2614.23 2597.04 18.94 16.3315 2578.1 1201.17 1376.92 17.8232 5.15849 2.95992 2.83717 17.1917 258.873 18.4568 0.560458 240.416 3.43473 236.982 8.39883 1.33067 21.4146
internal_count=217259 72452 61375 3415 213 119 144807 3202 368 142871 141643 2499 2195 139144 70458 68686 11077 2682 1161 1122 1228 57960 3552 100 54408 561 53847 191 50 1936
is_linear=0
shrinkage=0.05


Tree=61
num_leaves=31
num_cat=0
split_feature=1 4 2 3 2 0 4 1 0 0 3 3 4 0 4 3 2 1 2 4 4 1 3 1 1 0 1 4 4 3
split_gain=8.11195 6.30487 4.84531 4.5849 25.5926 5.33892 5.21121 4.32266 4.36602 2.84474 6.4228 11.8551 5.77826 3.75726 9.97846 2.60272 2.43985 2.38223 2.21447 2.46821 7.5536 5.20653 2.06817 3.97123 6.56827 2.05175 1.98941 5.46134 2.20554 1.95151
threshold=0.0003208030935465211 -8.418251052877411e-05 0.86102517427814085 -0.00084595457248048944 0.89006896750112585 0.00040057738397258907 -0.00044261310350468536 0.00080407746761104639 0.00069671179368480118 -0.00043037086184610768 0.001734335575684365 0.0022772081661529557 0.0046081204878948298 -0.00042037408891287814 -0.0012708811288795194 0.00069868004027406904 2.5960215928036812 0.0041264509327124518 0.34453880725394309 2.9151544804650879e-05 -2.8638124337065914e-05 0.00082996675822327216 -0.0013078678418224075 0.00027455066689268314 0.00028986465450081767 0.00026198274867028642 0.0049665919907213871 0.0040232583596687696 -0.010349860933211661 0.0030906884402587269
decision_type=2 2 2 2 2 2 2 2 2 2 2 2 2 2 2 2 2 2 2 2 2 2 2 2 2 2 2 2 2 2
left_child=1 2 22 4 -4 15 -6 8 9 10 12 -12 -2 14 -11 -5 18 -18 29 20 -20 -21 23 -1 -25 -15 27 -19 -28 -9
right_child=7 -3 3 5 6 -7 -8 16 -10 13 11 -13 -14 25 -16 -17 17 26 19 21 -22 -23 -24 24 -26 -27 28 -29 -30 -31
leaf_value=-0.05024971529526373 -0.021365098436408013 -0.042545939804314363 0.8171352431962664 -0.0083345666344929563 -0.0082719740482860068 0.17871599866042065 0.20418189378500717 -0.025818588230763679 -0.043346544006939158 0.20798625069751742 0.18833368063581413 -0.050771568356009378 0.2952097591659601 -0.00043695085609204119 -0.0023202566684501062 0.15963210960118979 -0.037932387963285637 -0.051172366411466302 6.0115310348767514e-05 0.031802810286700546 -0.03042867003022795 0.002345061486358936 -0.03742812084560445 0.29718991279985951 -0.050388960821483211 -0.0088625828828150614 0.028091645533781098 0.14574847518773668 -0.031001703823627019 0.0086310345701043258
leaf_weight=0.65092143614310749 41.427455291152 19.852285224362276 0.11528460984118272 7.1685807950561848 1.1557287871837614 0.42788742179982353 0.38471484975889314 13.880595848895611 7.1568038070108733 0.77375911921262774 1.0465817982330912 1.0272133466787634 0.14464314933866163 245.88659435638692 2.0808165892958632 0.23829954164102662 7.9466894769575473 0.65736757963895598 1124.2123620740604 15.175317866262047 20.688696341356263 1297.7750252773985 7.8811221827054414 0.2871642989339307 0.25806920137256384 102.32011535426136 2.4058334603905678 0.75817891955375671 4.5942536424845457 5.8407641146332017
leaf_count=320 7441 11486 29 2723 316 31 43 1291 1430 94 111 103 17 46531 324 67 925 30 61143 1651 1145 58524 4478 34 53 16428 30 20 111 330
internal_value=-0.000133324 -0.0229573 -0.00201356 0.022966 0.0985637 0.00698981 0.0447869 0.000169494 -0.00464294 -0.00394116 -0.0159797 0.0698976 -0.0202636 -0.00244447 0.0546853 -0.00293062 0.000944952 -0.0182993 0.00107204 0.00120594 -0.000490826 0.00268554 -0.0281302 0.0331311 0.132674 -0.00291281 0.000239851 0.0543001 -0.0106921 -0.0156158
internal_weight=2934.22 38.4201 18.5678 9.4905 1.65573 7.83477 1.54044 2895.8 401.864 394.707 43.6459 2.0738 41.5721 351.061 2.85458 7.40688 2493.94 16.3623 2477.57 2457.85 1144.9 1312.95 9.07728 1.19615 0.545234 348.207 8.41563 1.41555 7.00009 19.7214
internal_count=217259 19580 8094 3209 388 2821 359 197679 72479 71049 7672 214 7458 63377 418 2790 125200 1116 124084 122463 62288 60175 4885 407 87 62959 191 50 141 1621
is_linear=0
shrinkage=0.05


Tree=62
num_leaves=31
num_cat=0
split_feature=1 2 1 1 4 4 2 2 2 3 3 2 0 0 1 1 3 0 2 2 0 0 0 1 0 0 2 3 4 4
split_gain=7.63729 4.14983 3.31263 4.17269 4.37961 18.3818 6.68653 3.74081 3.2053 3.20312 6.36156 20.4322 4.24478 11.3941 7.66766 3.04417 3.80588 3.44933 6.22058 4.49887 2.8147 3.71876 7.42738 3.37356 2.78392 5.81075 4.39841 2.51106 18.6904 11.8422
threshold=0.00051486429304699712 0.64887683701933641 0.00050463104117278855 0.00049390678825223921 0.00078515526593980766 0.00072017311968375363 0.70172751240425102 0.66196614276460553 0.34453880725394309 -0.00048657225790005304 -0.00050371583231212369 0.54038694474353488 0.00050251723540917237 0.00051322401142950291 0.00050463104117278855 0.002888433374126731 -0.01335466952210118 -0.00063290831107487555 0.68236454867819951 2.2805298981407822 0.0027745153502499735 -0.001563592523343593 -0.0012654610948439891 0.0056485277306448922 0.00010774894499288036 6.1222537608873764e-05 0.65315561471276451 0.0012688419928289509 -0.00069898646981264567 -0.0038695313738674737
decision_type=2 2 2 2 2 2 2 2 2 2 2 2 2 2 2 2 2 2 2 2 2 2 2 2 2 2 2 2 2 2
left_child=1 9 3 24 5 -5 -6 -4 27 10 -1 -12 -11 -14 -15 16 -10 18 -18 -19 21 -17 -23 -22 25 -3 -26 -2 29 -29
right_child=8 2 7 4 6 -7 -8 -9 15 12 11 -13 13 14 -16 20 17 19 -20 -21 23 22 -24 -25 26 -27 -28 28 -30 -31
leaf_value=-0.0067288326027869511 -0.032194212932113712 -0.0071297464220107937 0.14497957441737472 0.037786392729480645 0.3056763292956996 0.58619880026873716 -0.050304624154917404 -0.050241134605442134 0.13122050536230237 -0.044716479271019682 -0.050101923258455611 1.3773927838633364 0.69681190276380334 -0.05022241968407766 0.40120325179309291 0.00065145599386602247 -0.021332147824664097 0.00083970193076170923 -0.0024185730179060384 -0.02823804319247622 -0.0097501933975832084 0.03180488705204737 0.005696668744063463 0.0027503951983080411 0.22688046237255138 0.040485214336193419 -0.020609252903476503 -0.051649285444074926 -0.021909666775280518 0.33006059143318034
leaf_weight=6.9001282455865294 13.341415686532857 60.267820242792368 0.25564793590456147 5.564230948686598 0.14044100651517544 0.15711096394807089 2.1723511286545545 6.1146448717918247 0.54708078037947316 18.526104072341699 0.088164311600851586 0.035026006517000496 0.066921400837599232 0.64151933963876218 0.11022820929065347 367.34471814986318 49.237163976067677 1340.4330713069066 371.37438300717622 13.435487104346974 87.649654172360897 29.423378468491137 367.24873486626893 140.46665235236287 0.18043852830305596 7.1697022867156184 35.397358395392075 0.29439350590109825 8.5691205603070522 0.65588197391480285
leaf_count=2984 1688 20086 24 995 24 28 374 1346 21 9743 50 17 18 275 12 7279 4600 113637 25486 1579 2359 710 8128 1613 59 2609 10791 14 657 53
internal_value=-0.000130254 -0.0113677 -0.00734242 -0.00533097 0.0293747 0.0528461 -0.0286882 -0.0424067 0.000448882 -0.0292925 -0.000370543 0.35577 -0.0397929 0.0716247 0.0159698 0.000602921 -0.000636931 -0.000677583 -0.00463261 0.000551141 0.00282114 0.00427636 0.00763326 -0.00205273 -0.00803766 -0.0020675 -0.0193541 -0.0181965 0.0014212 0.211808
internal_weight=2933.81 143.788 117.42 111.049 8.03413 5.72134 2.31279 6.37029 2790.02 26.3681 7.02332 0.12319 19.3448 0.818669 0.751748 2767.16 1775.03 1774.48 420.612 1353.87 992.133 764.017 396.672 228.116 103.015 67.4375 35.5778 22.8608 9.5194 0.950275
internal_count=217259 49435 36336 34966 1421 1023 398 1370 167824 13099 3051 67 10048 305 287 165412 145323 145302 30086 115216 20089 16117 8838 3972 33545 22695 10850 2412 724 67
is_linear=0
shrinkage=0.05


Tree=63
num_leaves=31
num_cat=0
split_feature=1 4 2 4 2 4 1 4 4 3 1 1 3 0 0 4 0 1 3 3 4 0 3 4 0 2 2 2 1 1
split_gain=7.26274 6.07367 4.33238 4.0629 6.85187 4.0663 3.85726 3.43686 6.43588 9.16842 6.61088 5.71552 5.42841 11.1691 4.886 4.52015 5.94463 25.4057 4.82151 7.0301 3.86019 3.46931 3.16188 16.4219 3.90963 2.32419 2.33744 5.16242 4.09954 2.71791
threshold=0.0003208030935465211 -8.418251052877411e-05 0.86102517427814085 -0.0022166198816187528 0.95408289985046635 -0.0042911671054871028 0.0014381165925992868 -0.00010190044564761801 -8.418251052877411e-05 0.0010381517680652099 0.0003531683110917755 0.00091994435725056411 -0.0021068910234733891 0.00083898635741241911 0.0013900608095775981 -0.00052335539989739599 -0.00040044148885970404 0.00041172762686012655 -0.0015714600805944998 -0.0013078678418224075 -0.0063762165677795904 0.0013900608095775981 -0.0010442594053898799 -0.00044261310350468536 0.00040057738397258907 0.17261285200530097 1.7825038478759392 1.6569826716253035 0.0015737101905529116 0.0026147193884928995
decision_type=2 2 2 2 2 2 2 2 2 2 2 2 2 2 2 2 2 2 2 2 2 2 2 2 2 2 2 2 2 2
left_child=1 2 -1 4 -4 -6 7 15 9 10 -9 -11 13 -10 -14 18 17 -17 20 -20 -2 -18 23 -5 -24 -8 27 -27 -29 -28
right_child=6 -3 3 22 5 -7 25 8 12 11 -12 -13 14 -15 -16 16 21 -19 19 -21 -22 -23 24 -25 -26 26 29 28 -30 -31
leaf_value=-0.027247645091406692 0.021093677549992779 -0.04210408692900984 0.59640581284876137 -0.050381283552407924 0.28871857733645734 -0.050285302703417335 -0.050764166984975156 0.42574668096789514 0.025571483764534216 0.4927814896130544 0.021683951499708198 0.13231397380796939 -0.00034541500834829575 0.28039890345254337 -0.050785797478318885 0.69299472234740023 -0.023763428481921645 0.0035517014284783353 0.024504503041905379 -0.0023023739956247622 -0.014947447560448884 0.17395768811260304 -0.0048832296258553348 0.37780265805170088 0.13665331031025213 0.0015813393829567743 -0.015967316333015531 0.063642918121283518 0.013071135202116736 -0.00014398563693704066
leaf_weight=8.7199296137550864 8.0456993991974723 18.76692380500026 0.077272897586225464 0.6428337509278208 0.14318804442882538 0.23141914396546781 2.1216221204958847 0.1050633470294996 8.5105107910931075 0.18410397530533362 2.7731292495736852 0.27308258041739464 589.02588550478686 0.45288048684597093 4.8405124000273636 0.13454597210511821 65.65101742814295 19.430024788482115 27.307478708680719 234.3278376259841 96.984773152507842 0.22261098772287269 7.7273287590360251 0.34362116060219605 0.52079126005992282 1649.9574043219909 38.732140477746725 4.3414680920541278 52.072658469900489 90.659911170136184
leaf_count=4885 518 11486 15 160 1 59 163 36 690 31 421 20 69238 33 388 39 10469 2488 3515 32746 11457 20 2921 19 34 58740 2671 186 1614 2196
internal_value=-0.000128388 -0.0220885 -0.00168092 0.0213347 0.167722 0.0792939 0.00015348 -0.00225121 0.000209587 0.0694729 0.0364335 0.27747 -0.000173638 0.0384468 -0.000756547 -0.00555057 -0.0159076 0.00829302 -0.00313723 0.000495521 -0.0121866 -0.0230953 0.0141715 0.0987721 0.00405347 0.00153812 0.00159857 0.00208987 0.016963 -0.00488053
internal_weight=2933.33 37.1733 18.4064 9.68646 0.45188 0.374607 2896.15 1058.27 606.165 3.33538 2.87819 0.457187 602.83 8.96339 593.866 452.104 85.4382 19.5646 366.666 261.635 105.03 65.8736 9.23457 0.986455 8.24812 1837.89 1835.76 1706.37 56.4141 129.392
internal_count=217259 19580 8094 3209 75 60 197679 132109 70857 508 457 51 70349 723 69626 61252 13016 2527 48236 36261 11975 10489 3134 179 2955 65570 65407 60540 1800 4867
is_linear=0
shrinkage=0.05


Tree=64
num_leaves=31
num_cat=0
split_feature=1 1 1 4 2 2 0 0 3 3 0 4 3 4 4 2 2 3 3 1 3 2 2 2 1 1 2 2 1 2
split_gain=6.80149 4.0452 6.48098 21.7484 11.2907 10.4111 5.10722 4.1318 5.79511 6.31921 4.57197 17.8063 4.04415 3.44639 3.42538 4.25778 9.32568 13.2974 24.782 4.54952 3.027 2.59399 12.0401 2.39115 6.76105 9.41377 2.14722 5.38835 3.27547 2.87331
threshold=0.00027455066689268314 0.00084286461641908605 0.00084987223197117393 -0.0042911671054871028 1.0214854113899843 1.0732695933620915 0.00069671179368480118 -0.00043037086184610768 0.001734335575684365 0.0025486233052799405 -0.00042037408891287814 0.0024415447333068223 -0.0021068910234733891 0.0046081204878948298 -0.00024733938399912331 0.86102517427814085 0.98510136411759774 -0.00086604769411952043 -0.0011438371627436326 0.00019978523100136546 0.0022772081661529557 1.5203244504906723 1.5648366012972323 2.2805298981407822 0.00023750954286246465 0.00024970347715989942 1.7825038478759392 1.6569826716253035 0.0077728933725198209 1.4425120102715814
decision_type=2 2 2 2 2 2 2 2 2 2 2 2 2 2 2 2 2 2 2 2 2 2 2 2 2 2 2 2 2 2
left_child=14 6 3 -3 12 -6 7 8 13 -10 11 -9 -5 -2 15 -1 17 18 -17 -19 -12 -18 -23 -16 -25 -26 27 29 -29 -4
right_child=1 2 26 4 5 -7 -8 10 9 -11 20 -13 -14 -15 23 16 21 19 -20 -21 -22 22 -24 24 25 -27 -28 28 -30 -31
leaf_value=-0.039088247897124777 -0.021677391060270276 0.47509520644134356 0.0012268887188294612 0.16624325080474306 0.27797658692537203 0.053244392957982827 -0.040077458597638865 0.030612452984406503 0.10414127336960087 -0.050807215120742891 -0.0031547221489765876 0.56955993053323961 -0.050447393168673464 0.17664900456803334 -0.046371932436022063 -0.050469944527585991 -0.050213677785288569 0.1957996605791732 0.82326808807171103 -0.0028982240862398569 0.018174503140971285 0.69165024651820006 -0.00082192878569989445 -0.050119719823969115 0.88957895580427404 -0.050120340625171747 -0.0048927784497756702 0.010802113088093881 0.044401241461474228 -0.0054540465271711372
leaf_weight=4.5322584005771223 48.843678399221972 0.28523981571197499 2044.2292204455007 0.23074469785206053 0.60843384731560979 3.3687372864224017 9.7326893606223148 3.0840634943451728 1.9384938830044114 0.99612934398464847 371.16966885211878 0.16127125313505519 3.2213516666088244 0.22003660444170137 13.462081160396334 0.15403391700237989 2.3224154890049253 0.40652623923961051 0.17152444063685823 0.98878633033018559 17.414649498765357 0.067402467597275861 0.91370696621015668 0.27649413747713047 0.05317372502759099 0.0534339101286605 157.88645253609866 63.136349970009178 8.1952136233448964 174.68624187773094
leaf_count=3021 8634 24 100663 35 47 286 1857 427 188 94 69675 20 459 22 9578 32 892 168 29 263 1818 25 256 159 16 26 7666 2830 68 7981
internal_value=-0.000126021 8.99288e-05 0.000891154 0.0466477 0.0301978 0.0876243 -0.00424838 -0.00346269 -0.0167057 0.0515455 -0.00170526 0.0573945 -0.0359634 -0.020788 -0.0269737 -0.00394894 0.0277485 0.122129 0.40987 0.0549927 -0.00219884 -0.0214162 0.0467511 -0.0428666 0.0803084 0.418583 0.000746967 0.00113576 0.0146623 0.000700926
internal_weight=2932.81 2909.41 2455.85 7.71451 7.42927 3.97717 453.561 443.828 51.9983 2.93462 391.83 3.24533 3.4521 49.0637 23.4018 9.55665 5.0244 1.72087 0.325558 1.39531 388.584 3.30352 0.981109 13.8452 0.383102 0.106608 2448.13 2290.25 71.3316 2218.92
internal_count=217259 202794 120059 851 827 333 82735 80878 8938 282 71940 447 494 8656 14465 4686 1665 492 61 431 71493 1173 281 9779 201 42 119208 111542 2898 108644
is_linear=0
shrinkage=0.05


Tree=65
num_leaves=31
num_cat=0
split_feature=1 2 2 3 3 0 1 3 1 4 3 2 2 3 4 3 3 0 1 3 1 2 1 0 0 0 0 0 0 2
split_gain=6.42994 3.22001 4.6616 6.74085 44.5956 8.11246 3.80619 4.4168 41.6203 5.39261 3.54822 4.39061 3.07448 3.26359 12.9808 5.79935 7.573 4.26407 2.94206 5.27843 3.27049 3.03429 2.85996 2.78147 4.4257 5.1965 2.75209 2.64541 8.13793 15.2732
threshold=0.00038449688834479563 0.70172751240425102 0.74206127436356062 0.00020666884018549772 0.0002437426846623181 0.00059596848035414773 0.0003531683110917755 0.0016177544758340103 0.0003487025954183862 -6.5034305665012657e-05 -0.0016464762583627277 0.73868395492970884 0.34453880725394309 0.0012688419928289509 -0.00069898646981264567 0.0036195732215053016 0.0018611128150965996 0.0027745153502499735 0.0025692870980749383 -0.01335466952210118 0.0025260983556171478 2.0982060614081832 0.00065121229361131633 0.0021976696440473291 -0.001563592523343593 -0.0012654610948439891 0.00011665037789931888 -0.00023118356869300524 -0.00023649460640079442 0.5848633075377232
decision_type=2 2 2 2 2 2 2 2 2 2 2 2 2 2 2 2 2 2 2 2 2 2 2 2 2 2 2 2 2 2
left_child=1 27 3 10 -5 -6 7 9 -9 -4 -3 -12 13 -2 15 16 -15 22 19 -14 21 -21 -16 24 -20 -26 -22 28 -1 -30
right_child=12 2 6 4 5 -7 -8 8 -10 -11 11 -13 18 14 17 -17 -18 -19 23 20 26 -23 -24 -25 25 -27 -28 -29 29 -31
leaf_value=-0.0051430969662178989 -0.03309027062218111 0.1903102938336006 0.010552658029533181 1.3483667307378548 0.032470791576729482 0.53790342436672967 -0.044180786004076912 -0.050209467047077905 1.1764770958796469 -0.030383210415512681 -0.050182333976951578 0.19299089542404019 0.17031953192943805 0.26744804541516259 0.056180564304248629 0.31091098167395426 -0.051603530727353047 0.10962636797739639 2.0276928659702438e-05 -0.00046333357717264612 -0.040678139525725986 -0.016648452087504869 -0.037063518627924529 -0.001793545705842405 0.025246266975786791 0.0056750972719308646 -0.0022774514570784716 -0.043073472335342984 -0.05007997458225695 1.2244417934583534
leaf_weight=2.221776162157767 14.070681206882002 0.2071449224604297 17.094770222203802 0.071504954248666652 1.2090185910928992 0.084969582501798757 8.3352132956497353 0.45600505499169131 0.081507385242730379 15.197096967487598 1.908316188608296 0.20562478550709773 0.44988260231912036 0.31437542825006015 0.92880965094081513 0.41316307336091995 0.45542249572463334 0.62045668717473823 392.23060018662363 1680.5627011150355 9.4828920587897318 29.46550929103978 7.1747579288203269 295.59053071588278 37.12004292756319 393.06699434388429 9.1849713083356601 14.217200596118344 0.058652157778854241 0.03922644630074501
leaf_count=1266 2116 24 5871 30 463 9 2886 160 13 7942 776 77 14 32 137 14 22 24 8525 155994 437 3400 560 5985 1030 9606 398 9392 40 16
internal_value=-0.000124982 -0.0161367 -0.0091833 0.044681 0.13283 0.06566 -0.0140072 -0.00634631 0.135803 -0.00871245 -0.00717692 -0.0265287 0.000217366 -0.0176118 0.0043719 0.159798 0.078693 -0.0167036 0.000367517 -0.000924883 -0.000969448 -0.000742219 -0.0263761 0.00236638 0.00386153 0.00736386 -0.0217842 -0.0349956 0.0145135 0.460705
internal_weight=2932.52 61.388 44.8512 3.68658 1.36549 1.29399 41.1646 32.8294 0.537512 32.2919 2.32109 2.11394 2871.13 23.9777 9.90699 1.18296 0.769798 8.72402 2847.15 1729.15 1728.7 1710.03 8.10357 1118.01 822.418 430.187 18.6679 16.5369 2.31965 0.0978786
internal_count=217259 28965 18251 1379 502 472 16872 13986 173 13813 877 853 188294 2905 789 68 54 721 185389 160243 160229 159394 697 25146 19161 10636 835 10714 1322 56
is_linear=0
shrinkage=0.05


Tree=66
num_leaves=31
num_cat=0
split_feature=1 1 1 0 0 2 2 4 2 2 2 1 3 3 4 3 1 2 3 3 2 4 0 1 3 1 2 2 0 4
split_gain=6.22046 3.57649 5.385 4.36989 3.65891 3.77144 3.29093 3.23879 3.63172 7.43504 7.33882 17.0186 7.48139 4.09451 3.44497 2.74498 2.30227 2.0898 3.4924 9.62834 1.82803 2.06097 4.32545 4.71066 3.72738 1.93043 2.39218 3.30192 2.12046 4.41131
threshold=0.00027455066689268314 0.00090583905922923358 0.00089908428074783771 0.00068061316712897401 -0.00043037086184610768 0.92049683423019102 2.4086379413156425 -0.00024733938399912331 0.86102517427814085 0.94026633012808103 0.92367666917443292 0.00019978523100136546 -0.00086604769411952043 -0.0011173535225041384 -0.00044261310350468536 0.001734335575684365 0.00086421487030101873 2.2805298981407822 0.0002437426846623181 0.00025618855503917187 2.5960215928036812 0.0036655287885360992 0.0021976696440473291 0.003607147159957485 -0.009891647969271054 0.0095356782504780226 1.4110545640612127 0.77331692293408028 -0.0055684417603187866 0.00076308523343393564
decision_type=2 2 2 2 2 2 2 2 2 2 2 2 2 2 2 2 2 2 2 2 2 2 2 2 2 2 2 2 2 2
left_child=7 2 3 4 15 -6 16 8 -1 10 12 -12 -10 14 -11 -2 -5 -9 -19 -20 25 24 23 -23 -22 28 27 -27 29 -3
right_child=1 20 -4 6 5 -7 -8 17 9 13 11 -13 -14 -15 -16 -17 -18 18 19 -21 21 22 -24 -25 -26 26 -28 -29 -30 -31
leaf_value=-0.038431345061338225 -0.0161125164224163 -0.0022921411221053958 -0.050440090608733903 -0.042125288702398761 -0.0059946695857280123 0.0034682630057535219 0.15262848032501097 -0.046125105841892965 0.29098560371818388 -0.05020105081163595 0.80170680927915772 -0.050217628570449147 0.00064793007972384288 -0.034878734500109115 0.19869927063560391 0.027518674897498169 0.0026269522587065585 -0.050134099637187103 0.7246046127609973 -0.050124086327869403 0.025035698247924905 0.028072094506132864 -0.012814490102002946 0.26446496306282097 -0.044723248795088981 0.018840161770244154 0.019230207922719969 -0.0054868576954284175 0.00091123481658304079 -0.043947807607689383
leaf_weight=4.278181961388329 59.867366057122126 30.878874961286783 6.0905212427023789 12.147326745674944 186.16338234930299 242.37993224791717 0.24632629216648716 12.624736478552219 0.29232277371920634 0.21954654040746391 0.11736274429131288 0.11712612141855061 0.92073222994804371 3.256629093899392 0.37901488551869977 3.8358006976777679 3.7644788329489538 0.2574733212823056 0.064303367282263935 0.10656853276304901 2.4989772010594598 0.63431628560647269 3.75670998217538 0.3155954759567976 8.1927066077478212 20.636014692485332 31.56769272685051 43.042062353342772 2245.6443054873962 8.0028253495693189
leaf_count=3021 10273 403 853 2278 40349 35784 38 9578 35 77 33 40 232 1240 8 359 469 136 6 59 33 56 102 8 847 159 240 401 110052 90
internal_value=-0.000125114 7.79979e-05 -0.00370429 -0.00314441 -0.00230455 -0.000642527 -0.0287301 -0.0262358 -0.00415909 0.0234914 0.120112 0.376174 0.0706137 -0.0127876 0.107405 -0.0134853 -0.0315376 -0.04244 0.0661725 0.241426 0.000890453 -0.0162817 0.0112884 0.10661 -0.0284184 0.00100157 0.00797593 0.00239675 0.000710792 -0.0108659
internal_weight=2932.3 2909.67 514.495 508.405 492.246 428.543 16.1581 22.634 9.58092 5.30273 1.44754 0.234489 1.21306 3.85519 0.598561 63.7032 15.9118 13.0531 0.428345 0.170872 2395.17 15.3983 4.70662 0.949912 10.6917 2379.77 95.2458 63.6781 2284.53 38.8817
internal_count=217259 202794 90403 89550 86765 76133 2785 14465 4686 1665 340 73 267 1325 85 10632 2747 9779 201 65 112391 1046 166 64 880 111345 800 560 110545 493
is_linear=0
shrinkage=0.05


Tree=67
num_leaves=31
num_cat=0
split_feature=1 1 0 4 2 2 4 2 0 3 1 4 3 2 2 2 2 4 4 4 4 1 2 3 3 1 3 0 1 1
split_gain=5.8568 3.27048 3.84607 3.10415 3.2716 5.54088 5.36503 4.06791 2.31723 4.59113 7.51757 3.27294 2.69388 7.81516 6.30908 2.26575 6.84335 1.93196 7.21186 7.18425 12.6632 4.74837 8.52594 9.76476 4.95181 13.6824 6.46737 4.60348 4.13425 2.04427
threshold=0.00027455066689268314 0.00080407746761104639 0.00069671179368480118 -0.00024733938399912331 0.86102517427814085 0.98510136411759774 -0.00026319375109551396 0.86406419560910808 -0.00043037086184610768 0.001734335575684365 0.00076586692257452863 0.0046081204878948298 -0.0013078678418224075 1.7268680393389968 1.5335328733241667 1.5203244504906723 1.5490621958663622 2.9151544804650879e-05 -2.8638124337065914e-05 -0.00010190044564761801 -8.418251052877411e-05 0.00082996675822327216 1.1313746152594522 4.9754866789264447e-05 -0.0030072046909129786 0.0016386899886367855 -0.0025635016305796117 -0.00025195581622727831 0.00084286461641908605 0.000836447987361285
decision_type=2 2 2 2 2 2 2 2 2 2 2 2 2 2 2 2 2 2 2 2 2 2 2 2 2 2 2 2 2 2
left_child=3 2 8 4 -1 6 7 -6 9 11 -11 -2 13 -10 -14 -7 -17 18 19 28 -21 22 27 -24 25 -23 -26 -19 -3 -20
right_child=1 17 -4 -5 5 15 -8 -9 12 10 -12 -13 14 -15 -16 16 -18 21 29 20 -22 24 23 -25 26 -27 -28 -29 -30 -31
leaf_value=-0.037971184561161858 -0.019776664037268993 -0.02477314902157219 -0.042502377242199407 -0.042153431190886437 0.33720685880542656 -0.050206960641654225 0.43377858024019061 0.046979181700697044 0.0056492742946625228 0.0031682753796057374 0.21007872614987724 0.17145355159654033 -0.0019592830658007976 0.11239310364317541 -0.034726204252486043 0.41937726269260911 -0.0036916659626381196 0.058087878145727412 0.087530222648005682 0.10984937444931574 0.0072815565492945879 0.10097783621811385 -0.050527708489298398 0.11572450013840607 -0.032244788165072966 0.0089264045608440819 0.0013550950407685463 -0.017371750902079479 -0.0003048875378513637 -0.032268284971003258
leaf_weight=4.1176151175750437 39.296871940954588 17.536366547923535 6.4105344880372277 12.522270073590333 0.12844452727586109 2.1667114722076808 0.10303576209116716 2.0115767179522663 29.159283386310566 1.8560498639708378 0.5749811092391609 0.22503198031335969 312.98383966297843 1.8218512865714718 15.413918294711037 0.1064490834251044 0.93650179705582559 2.7626821317244312 0.36251856060698884 4.0197855681180945 11.970812464365734 4.2763509964570394 1.1179351392202068 4.2066247209440917 14.490103125572203 72.072214816696942 1231.7420774449129 7.5299608355853698 1109.6871280234773 20.118797279894352
leaf_count=3021 7516 2474 1452 9779 11 892 24 457 4965 175 42 17 59005 169 4253 20 261 342 59 242 811 251 116 365 509 1390 57732 852 58937 1120
internal_value=-0.000121807 7.29276e-05 -0.00407946 -0.0257687 -0.00433008 0.021074 0.0813663 0.0643987 -0.00346572 -0.0145856 0.0521062 -0.0186878 -0.00216762 0.0119264 -0.00349726 -0.0210611 0.039489 0.000749657 -0.000740307 -0.000213454 0.0330655 0.00204533 0.0294542 0.0808185 0.00172168 0.0140823 0.000964425 0.00288262 -0.000685544 -0.0301479
internal_weight=2931.73 2909.64 407.742 22.0926 9.57033 5.45272 2.24306 2.14002 401.332 41.9529 2.43103 39.5219 359.379 30.9811 328.398 3.20966 1.04295 2501.89 1163.7 1143.21 15.9906 1338.2 15.6172 5.32456 1322.58 76.3486 1246.23 10.2926 1127.22 20.4813
internal_count=217259 202794 77594 14465 4686 1665 492 468 76142 7750 217 7533 68392 5134 63258 1173 281 125200 63643 62464 1053 61557 1675 481 59882 1641 58241 1194 61411 1179
is_linear=0
shrinkage=0.05


Tree=68
num_leaves=31
num_cat=0
split_feature=1 1 2 0 0 3 4 2 2 3 4 0 0 4 3 4 4 3 4 4 0 2 1 2 0 0 0 1 4 3
split_gain=5.46301 3.05317 4.01468 3.83065 16.2524 29.0234 2.99134 3.09942 12.6776 3.11309 6.16292 2.97094 2.57824 18.1042 7.10052 4.79238 5.6936 3.41622 3.00432 2.44693 2.05139 1.93726 2.56022 1.93003 1.87407 3.71919 6.56647 3.55705 2.5649 3.3692
threshold=0.00027455066689268314 0.0017701662768096866 0.6783480397728886 -0.00049211452994812877 -0.00047983753887109731 -0.00048657225790005304 -0.00024733938399912331 0.72790943845145673 0.7314768603638564 -0.00086604769411952043 -0.00044261310350468536 -0.0031018881020380968 0.00094799808881906877 -0.0031634321111306258 0.00052023614391683026 0.0034536465685796052 0.0036655287885360992 0.0079645486916594139 -0.00089018495109138829 0.0031040181161879903 -4.672788021514717e-05 2.2805298981407822 0.00023750954286246465 0.22869835620335524 0.0018536320536591824 -0.00023118356869300524 -0.00017128734686144839 0.0061176626780651425 0.010040602447829118 0.0079645486916594139
decision_type=2 2 2 2 2 2 2 2 2 2 2 2 2 2 2 2 2 2 2 2 2 2 2 2 2 2 2 2 2 2
left_child=6 2 3 11 5 -5 7 -1 -9 10 -10 -2 15 14 -14 17 -17 -4 -15 -6 -11 -8 -23 -3 25 27 -27 -25 29 -26
right_child=1 23 12 4 19 -7 21 8 9 20 -12 -13 13 18 -16 16 -18 -19 -20 -21 -22 22 -24 24 28 26 -28 -29 -30 -31
leaf_value=-0.050073914146904867 0.1557806584980557 -0.036183207307876622 -0.0010369281764186097 0.59759179628147707 -0.0037043199511753106 -0.050327473994445628 -0.045753644920942096 0.69972313419627186 -0.0039609630229674418 -0.050221816581711015 0.19978552345415371 -0.025693174505088359 0.12370000125320309 -0.035125905734391602 -0.050731924809624213 0.045882454684894082 0.0065172488281654492 0.21026476820622167 -0.0091907792647897349 -0.023406645565081149 0.013814559942613864 -0.050103609215302193 0.19008240447762736 -0.0014919818566879986 -0.0021307982453656902 0.043364786510456908 0.0051289565077637508 0.0067737780908470949 0.0055550629352730729 -0.021006540977662358
leaf_weight=2.6667981673381309 0.22711454937234421 3.3831600802950552 963.10915091587231 0.3086732723750174 109.31475229759235 0.39277341973502089 11.561347846931309 0.066637292387895175 1.0685366590041665 2.11123777879402 0.56866948236711312 32.334574635722674 3.4403002520557484 12.848923583747817 0.70255720615386952 10.336527216015382 82.486195790581405 0.19132267776876588 85.269125063787214 18.413382792845368 3.068139456911013 0.24122182314749885 0.20543904846999794 574.82506158249453 252.93273160187528 11.511713825631885 456.78394372807816 168.25346563663334 96.682958874851465 26.078010465949774
leaf_count=2361 3 233 111099 60 22837 80 9578 17 298 924 25 4990 272 1013 52 766 4985 10 5841 2275 1061 159 42 21108 7097 386 16109 1735 1325 518
internal_value=-0.000119226 6.65635e-05 -0.00171167 -0.00911004 -0.00522651 0.234791 -0.0251964 -0.00431152 0.0134184 0.00670927 0.0668086 -0.0244274 -0.000683448 -0.00826412 0.0941194 5.05639e-05 0.0109009 -0.000994961 -0.0125871 -0.00654462 -0.0122882 -0.0418062 0.0603685 0.00154171 0.00162213 0.00257898 0.00606888 0.000379614 -0.0014631 -0.00389504
internal_weight=2931.38 2909.83 1319.38 160.991 128.43 0.701447 21.558 9.55002 6.88322 6.81658 1.63721 32.5617 1158.38 102.261 4.14286 1056.12 92.8227 963.3 98.118 127.728 5.17938 12.008 0.446661 1590.45 1587.07 1211.37 468.296 743.079 375.694 279.011
internal_count=217259 202794 154283 30245 25252 140 14465 4686 2325 2308 323 4993 124038 7178 324 116860 5751 111109 6854 25112 1985 9779 201 48511 48278 39338 16495 22843 8940 7615
is_linear=0
shrinkage=0.05


Tree=69
num_leaves=31
num_cat=0
split_feature=1 2 2 4 0 0 1 0 3 1 3 4 4 4 3 3 2 1 4 3 4 2 3 2 2 3 1 2 2 2
split_gain=5.20593 3.35894 8.19357 10.2572 10.9092 7.1292 6.06533 5.73376 5.15018 8.82001 4.02109 14.4746 13.8457 6.80029 4.47239 4.00656 3.72625 3.29907 9.33641 21.8031 22.6117 6.36428 4.2026 2.41089 6.30906 2.74939 2.35504 4.30877 4.34277 3.97045
threshold=0.00053453280038740175 0.71698067976949797 0.74206127436356062 0.0020509558051901027 0.00059596848035414773 -5.0171838578527688e-05 0.00047308217632690256 -7.5252977041473365e-05 0.0030906884402587269 0.00050463104117278855 -8.6974348779911268e-05 -0.00061005446254103191 -0.00058696077740327801 -0.001331878632670813 0.0015822774438950529 0.00016953079527437523 0.7598123612692852 0.00054047326974703382 -0.00084107350490236754 0.00036129859506206513 -0.00096536523365048355 0.4345950987534733 4.9754866789264447e-05 1.4662852754074944 1.5060121267749829 0.0009105746561184348 0.003607147159957485 1.0368906049988886 2.5960215928036812 1.0995297947815661
decision_type=2 2 2 2 2 2 2 2 2 2 2 2 2 2 2 2 2 2 2 2 2 2 2 2 2 2 2 2 2 2
left_child=1 8 3 4 7 -5 -7 -3 -1 -10 11 16 -13 14 -12 -15 -4 18 19 20 22 -20 -2 25 -25 -23 27 -19 29 -29
right_child=17 2 10 5 -6 6 -8 -9 9 -11 13 12 -14 15 -16 -17 -18 26 21 -21 -22 23 -24 24 -26 -27 -28 28 -30 -31
leaf_value=-0.023931882453681205 -0.0067591879489959901 0.087935009885460741 0.082834460741401938 0.53787772246904031 0.64650791310265032 -0.050412384109856739 0.43079828194987152 -0.018013633164799876 -0.050290679480213235 0.35172627763392117 0.048452986898208872 0.21587806203919133 0.020514337684938426 -0.042987853259296972 0.35816894551501544 -0.012492272999849251 -0.030428409002561742 -0.0028201769458395531 0.35031094304948379 0.795768102873737 0.71726620655020812 -0.050377455276720731 0.2696753201003223 0.44528538539296714 -0.050194744644330561 0.045716577954369585 0.0026592294023039136 0.0096899552224494409 -0.036662766187118272 0.00074064229447931128
leaf_weight=38.107769894006196 1.1465394878759978 2.1689589496236295 0.75094346143305557 0.16992053855210543 0.071693518664687761 0.17701720667537291 0.1039271461777389 3.1052212393842629 0.30431112856604059 0.24731203494593501 2.493470525834709 0.93879053287673997 26.711878748959862 13.913988718297331 0.12227684864774335 47.67427111719735 22.009277015458792 1041.4197863521986 0.12483846489339967 0.11818512459285546 0.13027618918567885 2.6206580842845151 0.15622502146288741 0.10086786234751333 0.17696034000255167 1.0396619013044981 769.9463405283168 146.629461416509 7.2714840814005575 800.82090800860897
leaf_count=17742 184 565 207 24 6 35 18 977 85 17 415 160 7555 5332 12 13905 5815 88052 33 19 22 375 24 13 50 123 12738 9371 1080 52305
internal_value=-0.000116995 -0.00891341 -0.00479652 0.0531999 0.0338844 0.282223 0.127597 0.0255568 -0.0217362 0.129948 -0.00772974 0.00283942 0.0271473 -0.0160283 0.0629311 -0.0193818 -0.0266914 0.000387842 0.0386775 0.143029 0.0891971 -0.00116356 0.0263903 -0.0123052 0.129693 -0.0230833 0.000310127 -0.000595963 0.00183023 0.00212566
internal_weight=2930.77 159.071 120.412 5.79674 5.34587 0.450865 0.280944 5.27418 38.6594 0.551623 114.615 50.4109 27.6507 64.204 2.61575 61.5883 22.7602 2771.7 5.61421 1.55123 1.43304 4.06299 1.30276 3.93815 0.277828 3.66032 2766.09 1996.14 954.722 947.45
internal_count=217259 52870 35026 1625 1548 77 53 1542 17844 102 33401 13737 7715 19664 427 19237 6022 164389 843 249 230 594 208 561 63 498 163546 150808 62756 61676
is_linear=0
shrinkage=0.05


Tree=70
num_leaves=31
num_cat=0
split_feature=1 2 2 4 3 3 2 1 2 3 3 2 0 4 4 2 2 4 1 4 3 3 0 0 0 4 4 1 3 0
split_gain=4.96209 2.90441 13.2795 27.1682 4.74072 9.04402 2.76009 2.75365 4.20756 3.7369 3.69096 3.63922 4.36546 3.33689 3.27057 7.081 3.30993 3.11628 2.84467 5.73825 5.47675 18.3597 5.38193 3.57705 16.4974 2.34024 6.97837 2.04137 8.22227 14.517
threshold=0.00027455066689268314 0.83167310300835229 0.83506846355636355 0.00027372887283461106 -0.00037778313642816691 -0.00039398164263898522 0.89006896750112585 0.00066384126514475964 1.5060121267749829 -0.00061996923456641973 -0.0010442594053898799 1.7535840715920619 -0.00027260952661128929 -0.0022166198816187528 -0.0037597030781724157 1.1084368783620235 1.4922611930960608 -0.0010971279669385046 0.00068082948508530795 0.0010506360060005273 -0.00061996923456641973 -0.00058355772531282202 0.00040057738397258907 -0.0003228462122910058 -0.00033768085333046866 -0.00079440168574429471 -0.00084107350490236754 0.00069215043900816922 0.002339959602796871 0.00037464012937915575
decision_type=2 2 2 2 2 2 2 2 2 2 2 2 2 2 2 2 2 2 2 2 2 2 2 2 2 2 2 2 2 2
left_child=1 -1 3 -3 5 6 -4 8 9 14 11 -10 -13 -11 15 -2 -16 -15 19 20 22 -22 -9 24 -21 26 -6 28 -20 -30
right_child=7 2 4 -5 25 -7 -8 18 10 13 -12 12 -14 17 16 -17 -18 -19 27 23 21 -23 -24 -25 -26 -27 -28 -29 29 -31
leaf_value=-0.044836222953907851 -0.026409255103680269 -0.050071120351441248 0.12689172596193848 2.0513807368171215 -0.0052913999275878551 0.5573912761591201 0.0043055838926439665 -0.019581133296458057 -0.050386725023078976 -0.050411830086836029 -0.04549565700537761 -0.050537224709754469 0.11856624678257646 0.022482604795464819 -0.019165743486538971 0.11994903898277301 0.1739380750804376 -0.0011617791444308279 -0.032007581277887852 -0.050462262196128739 0.6057334453072899 0.05195997010712642 0.15528419221144235 -0.039900831238213107 0.48941686062479922 -0.04298476373010978 0.42101269929009066 0.00049708284441449398 -0.050577488065805379 0.37432950255249847
leaf_weight=9.4958689449122193 2.0685806473484258 0.043497571256010725 0.55927528033498752 0.023793187690898776 1.0270238309167323 0.082254180102608099 2.565575223066844 4.7155436577741066 1.1644659326411777 3.2494346286403006 10.683484612149185 0.56455208780243982 1.1780123231001196 15.111852710600941 49.820215055136941 1.3762402199208734 0.2229029443114986 179.00918316526804 10.845923957647752 0.60978806857019663 0.1524194856174298 8.3040602430701238 0.48530248482711602 4.7114387864712617 0.18425890873186279 6.8968830242520198 0.10589436278678288 2614.3092317965347 0.46733152121305543 0.35274318838492036
leaf_count=8463 351 32 137 20 225 29 850 647 196 666 3700 80 103 3250 11288 55 38 38260 1622 83 24 1155 68 568 12 4682 27 140553 45 30
internal_value=-0.000116292 -0.0244508 -0.00732649 0.692977 -0.0115202 0.0398682 0.0262456 5.76707e-05 -0.00480709 -0.00333912 -0.0319034 0.0180487 0.0637805 -0.00016226 -0.0150617 0.0320623 -0.0183056 0.000678879 0.000544028 0.0197386 0.0371104 0.0619412 -0.00326406 -0.0233553 0.0748169 -0.0320447 0.0345554 0.000403957 -0.0204651 0.13219
internal_weight=2930.39 20.8001 11.3042 0.0672908 11.2369 3.2071 3.12485 2909.59 264.449 250.858 13.5905 2.90703 1.74256 197.37 53.4879 3.44482 50.0431 194.121 2645.14 19.1628 13.6573 8.45648 5.20085 5.50549 0.794047 8.0298 1.13292 2625.98 11.666 0.820075
internal_count=217259 14465 6002 52 5950 1016 987 202794 57987 53908 4079 379 183 42176 11732 406 11326 41510 144807 2557 1894 1179 715 663 95 4934 252 142250 1697 75
is_linear=0
shrinkage=0.05


Tree=71
num_leaves=31
num_cat=0
split_feature=1 4 2 2 3 3 1 1 4 2 2 0 0 2 0 2 1 0 2 1 0 1 1 4 0 3 2 2 0 0
split_gain=4.70481 2.83625 2.72655 5.36165 2.5989 6.82414 2.58677 6.30871 3.73787 3.55995 3.49118 1.97619 5.7626 7.84592 5.5877 5.46806 4.12959 6.00247 4.59872 3.77296 5.33122 3.35743 3.14703 11.7189 5.04097 1.92581 1.9038 2.34314 1.43657 17.6263
threshold=0.00027455066689268314 -0.00024733938399912331 0.72790943845145673 0.7314768603638564 -0.00037778313642816691 -0.000441323788024861 0.0010115772202926147 0.00099641370636736025 0.0054214519975603901 2.0982060614081832 0.5848633075377232 0.00086051482639970544 -0.00060229409027467973 0.56643537869609428 -0.00056337230944236694 0.4345950987534733 0.0061176626780651425 -0.0015057489717635872 1.4209356808876568 0.0015086295975348847 0.0013428346361127332 0.0013866095502036847 0.0017098283744817805 -0.0036444953256142827 0.0008817060928276722 0.00021983971510586289 2.2805298981407822 2.4086379413156425 -0.00022544248010009091 -0.00023118356869300524
decision_type=2 2 2 2 2 2 2 2 2 2 2 2 2 2 2 2 2 2 2 2 2 2 2 2 2 2 2 2 2 2
left_child=1 2 -1 -4 5 -5 7 8 9 10 -2 12 16 15 -15 -14 18 -18 -8 20 21 -13 23 -21 -24 -6 28 -28 29 -3
right_child=6 26 3 4 25 -7 11 -9 -10 -11 -12 19 13 14 -16 -17 17 -19 -20 22 -22 -23 24 -25 -26 -27 27 -29 -30 -31
leaf_value=-0.050065792930087144 -0.014586294212502758 -0.0501006032839044 0.32768882168308999 0.014028159920365596 -0.050170142932022571 0.25453473687793932 -0.00068233852112065997 -0.032894810538745878 -0.042040185143873775 -0.036500249572580933 -6.4787996015532449e-05 6.6760637837671577e-06 -0.00090013086123626662 0.032352669635979568 0.0030864542067213382 0.036595328386551794 0.0039360711077910246 0.045453855602907614 -0.011475396319210922 0.1229468858085182 -0.04574870855151203 -0.024567332587618285 -0.051906872390121254 0.0068626817946384686 -0.00052036420804261845 0.026766128898199779 0.17914504057574826 -0.050106102125224622 -0.050079873970601901 0.90782366906340894
leaf_weight=2.3720607822178881 44.742605182924308 0.60076457017567009 0.13194061233662058 2.936094495817088 2.3431805807631467 0.32787672709673632 572.46382038900629 16.935426901327446 5.7612802456133059 7.2092104840558013 552.26329047267791 51.261295268777758 13.939902432495726 16.760348272975534 606.27543716691434 32.145403985632583 156.35094067919999 9.218971321359275 119.25266192760319 2.3024878371506921 9.9559803260490281 19.07020222581923 4.8090399457141748 38.989007398486137 630.04032287653536 1.2458364227786658 0.21447372267721299 0.23205497715389356 9.9833115399815107 0.052193983341566219
leaf_count=2361 12789 496 17 860 1103 109 27458 1712 586 1641 85562 4046 1078 1018 33439 1959 1606 91 6205 169 760 1348 182 2545 18600 236 45 156 9046 36
internal_value=-0.000115898 -0.0240206 -0.00375026 0.0119784 0.00589999 0.0381878 5.20228e-05 -0.0027928 -0.00195705 -0.00157485 -0.0011531 0.000833268 0.00186888 0.00534628 0.00387375 0.0252537 -0.000845271 0.00624779 -0.00254307 -0.0012565 -0.0115041 -0.0066565 -3.9666e-05 0.0133357 -0.000909622 -0.0234637 -0.0411344 0.0600063 -0.0453804 0.0264707
internal_weight=2930.19 20.4398 9.35699 6.98493 6.85299 3.26397 2909.75 626.912 609.976 604.215 597.006 2282.84 1526.41 669.121 623.036 46.0853 857.286 165.57 691.716 756.428 80.2875 70.3315 676.141 41.2915 634.849 3.58902 11.0828 0.446529 10.6363 0.652959
internal_count=217259 14465 4686 2325 2308 969 202794 102290 100578 99992 98351 100504 72854 37494 34457 3037 35360 1697 33663 27650 6154 5394 21496 2714 18782 1339 9779 201 9578 532
is_linear=0
shrinkage=0.05


Tree=72
num_leaves=31
num_cat=0
split_feature=1 4 0 0 1 4 3 1 4 4 4 2 0 0 3 4 4 0 3 1 1 2 3 1 3 1 1 3 4 3
split_gain=4.42256 5.17518 3.63323 16.2029 33.1326 6.77609 3.56222 3.8349 3.36422 2.42292 7.35153 11.5196 45.0837 14.645 5.03847 6.60257 4.96689 4.16939 9.52192 8.27345 5.3498 3.83573 3.31307 8.52981 5.02882 3.05572 7.24368 19.4881 3.2991 3.04667
threshold=0.0003208030935465211 -8.418251052877411e-05 -0.00018559762435038649 -0.00017128734686144839 0.00028986465450081767 -0.002166785417211325 -0.0010442594053898799 0.00023750954286246465 -0.0041351214656141768 -0.00011827880845804993 -8.418251052877411e-05 1.3807657768730535 0.0013428346361127332 -0.0010288193509869756 0.00034779493695957791 -0.00010190044564761801 -0.00052335539989739599 -0.00087923799389472135 -0.0014680660999146775 0.0012008466324341892 0.0067721926761230332 0.22869835620335524 -0.0001616337010919566 0.0004638378504435985 0.0001300012769559489 0.00053453280038740175 0.00054047326974703382 0.00058218941384657896 -0.00074493464360397821 -0.0026429864807377963
decision_type=2 2 2 2 2 2 2 2 2 2 2 2 2 2 2 2 2 2 2 2 2 2 2 2 2 2 2 2 2 2
left_child=1 2 -1 4 5 -4 7 -5 -8 16 11 14 13 -13 -11 -16 25 -18 19 -19 -20 -12 23 -23 -24 29 27 -27 -28 -2
right_child=9 -3 3 6 -6 -7 8 -9 -10 10 21 12 -14 -15 15 -17 17 18 20 -21 -22 22 24 -25 -26 26 28 -29 -30 -31
leaf_value=-0.05027178749601946 0.062765910263511207 -0.040112225571662295 0.44559373497280275 -0.050268757785580924 1.2622922525989975 -0.050122882312509998 0.20022470227119893 0.10078061691286211 -0.012554363653262932 -0.0071608615241334607 -0.050680295551782439 0.33557112050841548 0.8006305209558392 -0.014085404864510523 -0.00026775089422979213 0.12967316641992105 -0.031686376539585864 -0.022023423912992619 -0.012986013133055811 0.07345106250133579 0.10913457863570181 0.056668084057616877 -0.01244319335606975 0.0042970988349246694 0.00080028570124321147 0.051997333868400886 -0.00085681784961512831 0.66215035648571297 0.01125278156089961 -0.017484225925406407
leaf_weight=2.990419412963095 1.2239484961610276 14.920557041419668 0.099778646836057305 0.5723801314015885 0.076193618588149548 0.22302458051126528 0.18872778076911245 1.5804657642147502 11.838124109723134 6.8169631006894615 3.5707448753528288 0.38362641632556904 0.23471370059996832 1.3650250142673019 1.9755517611047253 1.9352645466569811 20.35897776670754 3.512805605074389 94.261364309117198 6.4089229726232588 0.90542241185903449 7.9546049819327882 76.37844469526317 344.26941560546402 1165.4214212541701 1.952243076404556 1063.6815587548772 0.14027017960324872 59.384026432177052 35.090699865017086
leaf_count=1365 187 11486 7 310 28 129 5 272 5978 796 490 14 9 156 198 154 1175 504 12574 346 11 2405 8537 19951 71700 278 63178 13 5269 9734
internal_value=-0.00011321 -0.018458 -6.81699e-05 0.0102297 0.324466 0.103103 0.00138757 0.0606209 -0.00921539 9.25095e-05 0.00138513 0.0392595 0.14996 0.0626237 0.018793 0.0640334 -0.00152492 -0.0109766 -0.00696449 0.0396482 -0.0118242 0.00108378 0.00119974 0.00547984 -1.42709e-05 -0.000504072 -4.33312e-05 0.0928985 -0.000216502 -0.0147795
internal_weight=2929.72 32.4897 17.5691 14.5787 0.398997 0.322803 14.1797 2.15285 12.0269 2897.23 1610.31 12.7111 1.98337 1.74865 10.7278 3.91082 1286.92 125.447 105.089 9.92173 95.1668 1597.59 1594.02 352.224 1241.8 1161.47 1125.16 2.09251 1123.07 36.3146
internal_count=217259 19580 8094 6729 164 136 6565 582 5983 197679 104410 1327 179 170 1148 352 93269 14610 13435 850 12585 103083 102593 22356 80237 78659 68738 291 68447 9921
is_linear=0
shrinkage=0.05


Tree=73
num_leaves=31
num_cat=0
split_feature=1 2 3 3 4 3 0 0 2 2 3 4 3 2 0 0 0 1 1 4 4 0 3 3 3 1 4 1 1 4
split_gain=4.16349 2.42862 3.11877 10.59 2.88669 9.45405 3.68259 2.34905 2.48117 9.60176 9.30415 6.10626 5.75438 4.14135 9.33441 4.05455 3.61364 4.43514 6.99219 2.30773 4.86166 16.2801 9.9555 4.00531 6.68183 3.88168 3.47816 4.90366 6.0202 3.31965
threshold=0.000405365625342985 0.34453880725394309 0.0012688419928289509 0.0013842474003111784 -0.00069898646981264567 0.0036195732215053016 0.0027745153502499735 -3.2823476622811924e-05 0.72451577167450965 0.73501746646327015 0.00020666884018549772 -0.0016798534141859165 0.00032273559070294949 0.94704036489577492 -0.00050309421860617032 -3.8429396193140335e-05 -0.00023118356869300524 0.00033161064760749316 0.00033694871280006545 2.9151544804650879e-05 0.00010103508346359648 -0.00027260952661128929 0.003779854001347172 -0.0012797088971001622 -0.0013078678418224075 0.00041172762686012655 -2.8638124337065914e-05 0.00082314205079962711 0.000722333161459298 -0.00010190044564761801
decision_type=2 2 2 2 2 2 2 2 2 2 2 2 2 2 2 2 2 2 2 2 2 2 2 2 2 2 2 2 2 2
left_child=7 2 -2 -4 5 -5 -6 8 16 10 11 -10 -12 14 -11 -15 17 -1 -19 26 21 -21 -23 24 -22 -25 29 28 -28 -3
right_child=1 19 3 4 6 -7 -8 -9 9 13 12 -13 -14 15 -16 -17 -18 18 -20 20 23 22 -24 25 -26 -27 27 -29 -30 -31
leaf_value=-0.050156593435088409 -0.031908952590012918 -0.0012132118331788292 0.30997910752250801 -0.051270820251490101 -0.02441564312679553 0.22531802218313196 0.098147689692879361 -0.020777057006033477 0.34426207548670962 0.31090747242319761 0.59124114893464952 -0.050279075050299465 0.18918522923182879 -0.025846117998281307 0.016113342080892337 0.1046558336562728 -0.050125154086060941 0.50144941971711254 0.04930231923510859 -0.031960674375635399 0.0073828739978639719 0.052405426881566575 0.38488676128024729 0.079735696664293823 0.090288597505447266 0.00029020674617028132 -0.0048592222465461757 -0.031534948267780485 0.12366971342968139 0.017895714798215567
leaf_weight=1.2725246654008517 13.161333981435748 1265.6039528399706 0.27733260416425665 0.72344642272218951 7.4933784508611989 0.53923066332936287 0.66746594384312619 37.275506839097943 0.12600590952206403 0.27676400757627462 0.15545552736148238 0.44232441467466088 0.20816490589641035 11.775813993648629 9.0233422039309534 0.62686401850077622 5.3150814870605263 0.090646455995738395 1.507629709667526 7.934448481420989 163.62964208913036 13.571415447164323 0.2289463337510832 1.5392922258470196 2.4669792717322698 1335.4449687867891 4.3996951186563846 19.44266203395091 1.1489904308691619 23.143570038839243
leaf_count=981 2050 87161 37 45 658 14 24 18881 9 73 13 118 39 4587 3327 130 3626 38 579 728 5742 1454 8 418 158 82070 827 1117 170 2177
internal_value=-0.000113909 0.000176876 -0.0160543 0.00545608 -0.00350598 0.0668474 -0.0143913 -0.0123328 -0.00211993 0.00641151 0.163563 0.0371956 0.361073 -0.000336819 0.0248862 -0.0192502 -0.0257102 0.0194924 0.0749459 0.000307604 0.00163091 0.0251092 0.0579213 0.00129141 0.00861425 0.000381674 -0.00122831 -0.0197031 0.0217558 -0.00087005
internal_weight=2929.51 2861.42 22.8622 9.70085 9.42352 1.26268 8.16084 68.0961 30.8206 22.6347 0.931951 0.56833 0.36362 21.7028 9.30011 12.4027 8.18588 2.8708 1.59828 2838.55 1524.82 21.7348 13.8004 1503.08 166.097 1336.98 1313.74 24.9913 5.54869 1288.75
internal_count=217259 184858 2828 778 741 59 682 32401 13520 8296 179 127 52 8117 3400 4717 5224 1598 617 182030 90578 2190 1462 88388 5900 82488 91452 2114 997 89338
is_linear=0
shrinkage=0.05


Tree=74
num_leaves=31
num_cat=0
split_feature=1 2 3 2 0 2 1 2 2 3 0 3 1 2 1 0 4 0 3 3 1 3 2 0 0 3 3 2 0 3
split_gain=3.96089 2.79174 3.24958 3.68381 7.28269 2.78121 2.37886 3.51974 4.1846 6.03966 9.84398 6.00519 5.11009 11.4142 4.64037 2.94677 4.31424 4.05892 2.81191 2.528 6.44657 3.49941 2.22477 3.97599 8.84958 8.47662 5.6356 2.86979 3.46867 2.23837
threshold=0.00027455066689268314 0.83167310300835229 -0.00086604769411952043 0.83506846355636355 -9.9902595032230743e-05 0.89006896750112585 0.003607147159957485 1.0368906049988886 1.4209356808876568 0.0043807807489943959 0.0011840657582481431 -0.0071885548372976329 0.00031251972979327299 1.082084480294645 0.0034079706170707614 -0.002229494556617861 0.0070555599005127654 -0.0025709280698543164 -0.0041984807775662372 -0.0029088281452529503 0.0029485330554263997 -0.0025635016305796117 0.79617975823889076 -0.001563592523343593 -0.0012260741933558526 -0.0031136088318373108 -0.0013699966399274841 0.45707358164256534 -0.002229494556617861 -0.01335466952210118
decision_type=2 2 2 2 2 2 2 2 2 2 2 2 2 2 2 2 2 2 2 2 2 2 2 2 2 2 2 2 2 2
left_child=1 -1 5 4 -4 -3 7 15 12 11 -11 -10 13 -9 -14 16 18 -18 -2 20 -17 -21 23 27 25 -25 -26 -8 -29 -24
right_child=6 2 3 -5 -6 -7 22 8 9 10 -12 -13 14 -15 -16 19 17 -19 -20 21 -22 -23 29 24 26 -27 -28 28 -30 -31
leaf_value=-0.044256787941015271 0.003842136203101882 0.16178274994120923 0.55450425077470411 -0.022719416901174294 -0.050367802908002274 0.018688248459118609 -0.032942104894150885 0.31789162880567107 0.073481325245693216 -0.02348343785627224 0.050752293378986846 -0.0059201737227542817 0.0038534563812371173 0.026389969411575887 -0.024551367516940065 -0.0016974585890473085 -0.00888018409438141 0.13837220142089354 -0.038125831869979865 -0.023739771936542153 0.027003603294940223 -0.0027419771688485949 0.010152449747701771 0.12426969179179481 -0.0039514242513717128 0.017191495902342657 0.016927918405344158 0.005397326711646569 -0.024638371857865549 -0.00036086055920629299
leaf_weight=8.4402528673526849 5.3908617859706327 0.46213525696657498 0.082641361863352358 8.9219813724630495 0.12508028722368081 1.2803446706384418 6.9963829796761265 0.40737316873855833 2.4010020811110726 7.0351763374637839 12.226627431693485 289.78916168399155 675.70453022641595 1.9118899760069323 14.69095156341791 87.231851983582601 1.1568312272429464 0.78590296767651935 15.372527850558981 20.253163756919093 25.221436051651835 977.66733235842548 56.398546796292067 3.3117053639143705 53.371895050629973 4.1824643099680534 81.92752168700099 60.264958729967475 11.436422219499944 494.84644750412554
leaf_count=8463 269 46 17 5684 29 226 163 154 98 239 477 24214 48574 652 479 5952 35 19 757 1734 736 105667 522 45 781 65 1165 778 181 9038
internal_value=-0.000111909 -0.0226809 -0.00593113 -0.0178732 0.190279 0.0566393 3.78729e-05 -0.000821729 0.00133366 -0.00348 0.0236385 -0.00526771 0.00349793 0.0775916 0.00324903 -0.00273189 -0.0205629 0.0506885 -0.0272296 -0.00236727 0.00473972 -0.00316814 0.00241537 0.00664782 0.0116211 0.0645098 0.00869159 -0.00237593 0.000606611 0.000714769
internal_weight=2929.3 19.3124 10.8722 9.1297 0.207722 1.74248 2909.98 2137.25 1004.17 311.452 19.2618 292.19 692.715 2.31926 690.395 1133.08 22.7061 1.94273 20.7634 1110.37 112.453 997.92 772.736 221.491 142.794 7.49417 135.299 78.6978 71.7014 551.245
internal_count=217259 14465 6002 5730 46 272 202794 190056 74887 25028 716 24312 49859 806 49053 115169 1080 54 1026 114089 6688 107401 12738 3178 2056 110 1946 1122 959 9560
is_linear=0
shrinkage=0.05


Tree=75
num_leaves=31
num_cat=0
split_feature=1 4 0 0 4 2 4 3 1 3 1 4 3 3 3 3 3 2 2 2 2 0 0 0 3 2 0 1 1 4
split_gain=3.78846 4.88485 3.45359 8.25786 6.70726 18.9276 3.71776 2.83937 3.0129 3.00248 2.06404 2.91037 4.16285 17.424 21.7313 4.20424 3.87648 10.8285 3.12835 2.71849 2.82619 2.09616 4.31143 9.84676 11.789 4.75207 4.09672 3.31157 2.83527 2.50846
threshold=0.0003208030935465211 -8.418251052877411e-05 -0.00018559762435038649 -0.00017128734686144839 -0.00050305254498272934 0.92367666917443292 -0.002166785417211325 -0.0010442594053898799 0.00023750954286246465 0.00020666884018549772 0.003607147159957485 -0.0084185540980666867 -0.0011697350550594619 -0.001499358233589043 -0.001399843632242048 -0.0044223831027156981 -0.0071885548372976329 1.4788482156788245 1.0290418766691805 2.5960215928036812 1.0368906049988886 0.0027745153502499735 -0.0017062441234900747 -0.0012260741933558526 -0.0038118670989882859 1.8136954891686397 -0.0018761141711735594 0.0037121740626717237 0.0037121740626717237 -0.014204142243387006
decision_type=2 2 2 2 2 2 2 2 2 2 2 2 2 2 2 2 2 2 2 2 2 2 2 2 2 2 2 2 2 2
left_child=1 2 -1 4 6 -6 -4 8 -5 -9 11 12 13 15 -15 -2 17 18 -13 20 -18 22 26 24 -24 -25 27 -12 -23 -30
right_child=10 -3 3 7 5 -7 -8 9 -10 -11 21 16 -14 14 -16 -17 19 -19 -20 -21 -22 28 23 25 -26 -27 -28 -29 29 -31
leaf_value=-0.050267621086280939 -0.0012659720454856547 -0.039431223467973509 0.26075281186204552 -0.050277722989486899 -0.050293388190653966 0.88733788397356794 -0.050329634541335613 -0.022206996764605351 0.084980906996690253 0.037176044210344983 0.032146331574172134 0.03095914456101927 -0.046325642763379943 0.51529423384172202 0.026792000987362636 -0.037637718308284378 -0.0022640890303632774 0.17803113831802136 -0.024820061585676005 -0.030567616657415361 0.0014493120863730911 -0.051617167052931283 0.078494151706514137 0.0037026480357171525 0.012329504511422769 0.041994384385349769 -0.03045541671261924 0.00016808652929429938 0.016272920147573238 -0.0029024242450326129
leaf_weight=2.8257670168532085 27.720065982080992 13.955967330548445 0.15572077059186995 0.53862801007926586 0.10868125158594999 0.10663149412721395 0.25061849318444729 8.8059718930162472 1.7473068829858673 2.8071599294780745 8.3281486257910711 7.7878342526964826 7.8091832152567795 0.35307393316179514 0.64094849117100139 11.137239739065992 1082.4771968144923 1.0873715579509724 3.7117136586457491 7.5482499939389518 972.9076888411073 2.8284641271457067 10.496211547404529 210.43107769545168 18.774358052760363 8.4268419304862601 10.680561456829308 290.3010665262118 18.688102599233389 195.21411407738924
leaf_count=1365 1259 11486 7 310 46 29 82 4940 272 1043 252 286 359 19 36 621 109590 34 126 1270 71341 97 178 3625 327 203 207 4515 218 3116
internal_value=-0.000109166 -0.0174105 0.000306135 0.0101479 0.188439 0.414059 0.068886 0.00217365 0.0531103 -0.00785276 7.77543e-05 -0.000728093 -0.0129442 -0.00640289 0.200307 -0.0116908 -0.000447572 0.027216 0.0129553 -0.00061636 -0.000506366 0.00228781 0.00391009 0.00881963 0.0360557 0.00517702 -2.834e-05 0.00105989 -0.00188474 -0.00122712
internal_weight=2928.65 31.3025 17.3465 14.5207 0.621652 0.215313 0.406339 13.8991 2.28593 11.6131 2897.35 2123.18 47.6605 39.8513 0.994022 38.8573 2075.52 12.5869 11.4995 2062.93 2055.38 774.169 557.438 248.128 29.2706 218.858 309.31 298.629 216.731 213.902
internal_count=217259 19580 8094 6729 164 75 89 6565 582 5983 197679 184941 2294 1935 55 1880 182647 446 412 182201 180931 12738 9307 4333 505 3828 4974 4767 3431 3334
is_linear=0
shrinkage=0.05


Tree=76
num_leaves=31
num_cat=0
split_feature=1 1 2 0 0 4 4 1 4 2 0 4 4 4 1 4 4 1 4 0 3 3 3 3 0 0 4 1 3 0
split_gain=3.56312 3.24868 4.23118 4.54035 18.2855 6.50142 2.94169 4.59768 8.54538 2.62901 4.50212 3.36215 5.79427 4.82632 3.2244 4.59556 37.8549 2.53753 5.20184 3.65374 5.22853 4.90134 9.03198 4.59907 2.48549 4.10807 3.72308 1.85689 6.75759 8.38194
threshold=0.00066384126514475964 0.0006420145540456608 0.46733296760612802 0.00018484094852999625 0.00016498627993088991 0.0046081204878948298 0.0020509558051901027 0.00065724613867885128 0.0026192207510761238 0.5848633075377232 0.00046791420268121891 0.0013883907396196051 0.0014814204858066839 0.00094623813414174151 0.00058886789008820775 0.0014183521178218197 0.0010766531887117516 0.00068082948508530795 0.0020509558051901027 -0.00043037086184610768 0.00082894864365257181 0.00048966130062833024 0.00043127460295333547 0.0011360981514670911 0.00026852279287747921 0.00027756819646584946 -0.0049928137596895175 0.00069215043900816922 0.002339959602796871 0.00037464012937915575
decision_type=2 2 2 2 2 2 2 2 2 2 2 2 2 2 2 2 2 2 2 2 2 2 2 2 2 2 2 2 2 2
left_child=1 9 3 4 5 -3 -4 -8 -9 14 11 13 -13 -11 24 16 -16 18 19 20 -2 22 -21 -23 26 -26 -1 28 -19 -30
right_child=17 2 6 -5 -6 -7 7 8 -10 10 -12 12 -14 -15 15 -17 -18 27 -20 21 -22 23 -24 -25 25 -27 -28 -29 29 -31
leaf_value=0.1624271076136545 -0.050321764972280025 -0.050810762289687977 -0.038437184301376104 -0.050466230960723772 0.65211645327742618 0.35358562039793695 -0.026603796617294281 0.24805650674609661 -0.05050630519525498 -0.00073814829086002822 -0.032853147753353691 0.078776205005854735 0.007182922018120032 -0.028008672292451044 -0.0088864018483688061 -0.050427879846238116 0.56641614051032796 -0.031331589473375519 -0.050432214371809329 0.04910595848342119 0.23226957397467346 -0.050430592425387812 0.35560866238582478 0.051742975345251491 0.25064036109963211 -0.0029434105010881359 -0.038293687210920281 0.00041392131676233911 -0.050542498792501382 0.24865551285675586
leaf_weight=0.23422887513880652 2.2056306051090426 0.52547666092869139 16.668497464037504 0.53393635130487382 0.14201814495027065 0.12257074052467942 2.0947396839037533 0.50195488776080299 0.45864772563800216 168.68703508470207 11.438788365514482 3.0986048019840373 32.140690804691985 17.950934979191516 2.419247651356272 1.4708871156908569 0.32426146115176369 10.469709342112761 2.4051173254847518 9.9985777938272768 0.17680296557955433 2.5439051848370573 0.24627600563690144 1.9422613498754797 0.16600788931827892 4.2105175378965214 16.884763625741471 2617.2604950300884 0.44006784865632731 0.50009005842730403
leaf_count=45 376 110 2834 94 4 5 271 45 52 43214 2352 681 5854 4326 655 233 59 1622 314 1275 23 325 31 213 62 1679 9877 140553 45 30
internal_value=-0.00010766 -0.00547079 -0.0243618 0.0621646 0.138282 0.0256762 -0.0301701 0.0149314 0.105505 -0.00393575 -0.00226361 -0.000686585 0.0134781 -0.00336104 -0.0191103 0.0208796 0.0591099 0.000459548 0.0184212 0.0280978 -0.0293504 0.0373888 0.056474 -0.0061951 -0.0269507 0.00667539 -0.0355473 0.000326178 -0.0198008 0.108607
internal_weight=2928.26 280.074 21.0478 1.324 0.790066 0.648047 19.7238 3.05534 0.960603 259.026 233.316 221.877 35.2393 186.638 25.7099 4.2144 2.74351 2648.19 19.5186 17.1135 2.38243 14.731 10.2449 4.48617 21.4955 4.37653 17.119 2628.67 11.4099 0.940158
internal_count=217259 72452 3415 213 119 115 3202 368 97 69037 56427 54075 6535 47540 12610 947 714 144807 2557 2243 399 1844 1306 538 11663 1741 9922 142250 1697 75
is_linear=0
shrinkage=0.05


Tree=77
num_leaves=31
num_cat=0
split_feature=1 4 0 0 4 0 0 3 4 4 2 0 0 4 3 1 1 0 0 0 0 2 2 0 0 4 4 2 3 0
split_gain=3.42386 4.62806 3.23384 5.5591 4.55896 2.54771 7.56661 2.47621 2.01571 6.04983 7.86178 13.7728 9.42121 4.43807 4.26737 4.10912 4.05785 9.14486 14.0271 7.17939 19.0976 4.6412 3.57002 3.14491 7.03483 2.98936 2.6786 12.9718 13.32 11.7187
threshold=0.0003208030935465211 -8.418251052877411e-05 -0.00018559762435038649 -0.00017128734686144839 -0.00013542107525399413 -9.9902595032230743e-05 -8.2927590302650498e-05 -0.00025300264951250146 -0.00011827880845804993 -8.418251052877411e-05 1.3807657768730535 0.0013428346361127332 -0.0010288193509869756 -0.00052335539989739599 0.00015676099520256506 0.00035937044057736894 0.00090583905922923358 -0.000675829674866124 -0.00027260952661128929 -0.00083681698517462644 -0.00085854310017813285 2.9469878765436408 0.22869835620335524 0.0010291889427778147 0.0012192862667789186 -0.00010190044564761801 -0.00074493464360397821 0.54038694474353488 -0.0006533683681092527 -0.0055684417603187866
decision_type=2 2 2 2 2 2 2 2 2 2 2 2 2 2 2 2 2 2 2 2 2 2 2 2 2 2 2 2 2 2
left_child=1 2 -1 4 7 -5 -7 -4 13 10 14 12 -12 26 15 -10 19 -18 -19 20 -15 -21 -11 -24 -25 -16 -2 28 -28 -29
right_child=8 -3 3 5 -6 6 -8 -9 9 22 11 -13 -14 16 25 -17 17 18 -20 21 -22 -23 23 24 -26 -27 27 29 -30 -31
leaf_value=-0.050255397028281162 -0.001045703568032784 -0.03890482808055655 0.15716231926045246 -0.050195084508245863 0.45861427042761832 0.14137160239106936 -0.0012004879076448192 -0.05040441429123417 0.22256269812498461 -0.050660364426700577 0.23952262062584384 0.35296130663057679 -0.013608496856132005 -0.050454262328403568 0.012189075151842942 -0.017761577946002041 -0.02871507656887062 0.064801612549944168 -0.0034483142724471131 -0.025060856265180564 0.6582757344438025 0.23177215920023531 0.0024831325808261713 -0.018347887158591477 -1.4534139762033752e-05 0.090752354767053803 0.24065015515094534 0.35115023502781695 0.027514403783648774 0.0030889728157716574
leaf_weight=2.6722701660473858 1092.6049785042414 13.31102469016332 0.47022942698094994 1.9826316856197088 0.097996984783095153 1.0180173623375584 10.83994885481661 0.20690942922374234 0.18333093752153029 3.3416631406871593 0.50544392690062534 0.49229155108332623 1.3476821839576578 0.29158072732388973 2.3807360682403669 5.9668696445878595 24.464769903803244 9.0835117422975582 43.974854201078415 45.545893852249719 0.1410227355081578 0.17658311186823894 1138.0532161151059 60.223355308407918 398.97075785743073 2.4639693206408992 1.1874819442164155 0.24274764209985633 1.9155170732410614 63.918066152371466
leaf_count=1365 71361 11486 93 1103 11 311 5151 60 61 490 14 9 156 50 261 638 1538 744 2957 9259 19 43 87016 3250 12327 188 184 2 343 6769
internal_value=-0.000106494 -0.0167442 0.000318554 0.00956525 0.139867 0.00226776 0.0110395 0.0937373 6.92101e-05 0.00124529 0.034777 0.117883 0.0554335 -0.00140959 0.0170489 -0.0105978 -0.0104133 -0.00342505 0.00823597 -0.0221508 0.180582 -0.024069 0.000965818 0.00107383 -0.00241896 0.0521456 -0.000449522 0.0092346 0.109079 0.00440584
internal_weight=2928.08 30.599 17.288 14.6157 0.775136 13.8406 11.858 0.677139 2897.48 1613.93 13.3403 2.34542 1.85313 1283.55 10.9949 6.1502 123.678 77.5231 53.0584 46.1551 0.432603 45.7225 1600.59 1597.25 459.194 4.84471 1159.87 67.2638 3.103 64.1608
internal_count=217259 19580 8094 6729 164 6565 5462 153 197679 104410 1327 179 170 93269 1148 699 14610 5239 3701 9371 69 9302 103083 102593 15577 449 78659 7298 527 6771
is_linear=0
shrinkage=0.05


Tree=78
num_leaves=31
num_cat=0
split_feature=1 0 0 4 4 1 3 3 0 4 0 4 4 2 2 4 4 4 4 2 3 3 0 2 1 2 3 3 3 4
split_gain=3.21169 2.85393 4.16784 13.1695 43.5748 63.7574 7.61065 4.24791 3.9495 5.26453 11.9667 5.38766 10.3854 3.85715 9.08081 9.38597 4.58414 2.72967 8.03176 3.50413 2.40566 7.0159 2.81154 2.03663 2.17398 1.84089 2.89317 12.651 2.47417 2.1187
threshold=0.00047308217632690256 0.00010774894499288036 6.5783102185412736e-05 -0.0018008418196633345 -0.0022701771253394449 0.00038449688834479563 -0.001499358233589043 0.0016953271266587635 0.00039231225408808973 0.0039023963768216601 0.00053457309961979515 0.0005564367378300129 -6.5034305665012657e-05 0.72451577167450965 0.75274595213787932 0.0005564367378300129 -0.00061005446254103191 -0.0015297224196015866 -0.0015676073257369081 0.4345950987534733 -0.00048657225790005304 -0.00071017487714947192 -0.00034637487216326862 2.5960215928036812 0.0041264509327124518 0.34453880725394309 0.0012688419928289509 0.0013543497399474138 0.0024764714389029501 -0.01971381338445027
decision_type=2 2 2 2 2 2 2 2 2 2 2 2 2 2 2 2 2 2 2 2 2 2 2 2 2 2 2 2 2 2
left_child=1 2 13 4 -4 -6 -5 -8 17 11 -11 12 -10 20 15 -15 -16 18 19 -3 21 -1 -22 25 -25 26 29 -28 -29 -2
right_child=23 8 3 6 5 -7 7 -9 9 10 -12 -13 -14 14 16 -17 -18 -19 -20 -21 22 -23 -24 24 -26 -27 27 28 -30 -31
leaf_value=-0.035978654315903448 0.090324351625553537 0.20731429405258092 -0.050584877678478302 0.44858629644962394 -0.050279040913895338 2.0945220378624856 0.0021528177313885678 0.26405695476688829 -0.0099839776255952143 0.92804567527093751 -0.050235064628486092 -0.050223071867208674 0.17530500744557434 0.027770833595736146 -0.031150149089498921 0.21179441241591512 0.0043980295607936922 -0.031852657314870761 0.48116886331365527 -0.018130014279779907 0.029293110198801344 0.098169909731248284 -0.050110042972703765 -0.037140332749185864 -0.00019826608067857287 0.00042882347970705175 0.36407174667365522 -0.050622545017001946 0.011112515215296749 -0.033975373595797824
leaf_weight=3.5181075694272295 0.35307899955660005 0.19379991455934931 0.28229353192728013 0.10023866826668371 0.068671109969727584 0.069938269443809986 5.7358408959116778 0.15911624033469696 2.3822653114330024 0.051111220032907911 0.08048511651577428 2.2623530827695504 1.1079761123983183 2.5397644325857978 12.694142586202355 0.95286435668822367 31.757875648501798 27.312160623841919 0.094023671757898053 1.5581607176573014 1.2587661516154174 1.3481466034427274 9.7495089256553893 7.52212371432688 8.4632012676447612 2784.8784504028736 0.24102942179888387 2.0971417662221921 7.1776880754623562 11.802267666091213
leaf_count=1739 17 107 65 32 30 17 2836 56 564 18 32 794 332 690 4026 245 11932 11377 26 512 638 736 6668 1167 191 169876 24 269 448 1795
internal_value=-0.000105329 -0.00867998 -0.00286508 0.0355488 0.305901 1.03193 0.0165682 0.00922211 -0.0203348 0.0170316 0.329723 0.00987849 0.048836 -0.00672704 0.000346032 0.0779764 -0.00575345 -0.0278754 0.0309695 0.00680838 -0.0280893 0.00118585 -0.0410305 0.000214497 -0.0175819 0.00031586 -0.0142006 0.00644729 -0.00284647 -0.0303648
internal_weight=2927.81 105.278 70.2353 6.4161 0.420903 0.138609 5.9952 5.89496 35.0423 5.88419 0.131596 5.75259 3.49024 63.8192 47.9446 3.49263 44.452 29.1581 1.84598 1.75196 15.8745 4.86625 11.0083 2822.53 15.9853 2806.55 21.6712 9.51586 9.27483 12.1553
internal_count=217259 43472 29710 3036 112 47 2924 2892 13762 1740 50 1690 896 26674 16893 935 15958 12022 645 619 9781 2475 7306 173787 1358 172429 2553 741 717 1812
is_linear=0
shrinkage=0.05


Tree=79
num_leaves=31
num_cat=0
split_feature=1 2 1 1 4 2 4 3 0 2 3 0 0 3 2 4 4 3 0 0 2 2 3 3 4 0 0 4 4 3
split_gain=3.08116 2.46239 3.4317 3.51184 3.95316 14.4975 8.87687 3.30957 4.26757 5.45517 3.70312 9.20695 24.6321 3.77934 3.29496 2.82616 8.55416 2.69551 2.16671 4.74079 3.82822 1.99343 1.9944 13.1969 2.56186 10.384 3.92445 1.92226 4.07823 3.70446
threshold=0.00051486429304699712 0.64887683701933641 0.00050463104117278855 0.00049390678825223921 0.00078515526593980766 0.67033530464292912 0.00023863111016553254 -0.00048657225790005304 0.00050251723540917237 0.29742616521594717 -0.00071017487714947192 -0.0002119405931778062 -0.00027260952661128929 -0.0006533683681092527 0.66196614276460553 -0.0015676073257369081 -0.0016425959492014639 0.00099399585960902059 0.00010774894499288036 6.1222537608873764e-05 0.65315561471276451 0.34453880725394309 0.0012688419928289509 0.001326158826527313 0.0012670256572696605 -0.0010870397291000697 0.0027745153502499735 2.9151544804650879e-05 -2.8638124337065914e-05 0.00077185740628726862
decision_type=2 2 2 2 2 2 2 2 2 2 2 2 2 2 2 2 2 2 2 2 2 2 2 2 2 2 2 2 2 2
left_child=1 7 3 18 6 -6 -5 10 -9 17 15 12 -12 -13 -4 16 -1 -10 19 -3 -20 22 -2 -24 25 -25 -26 28 -23 -29
right_child=21 2 14 4 5 -7 -8 8 9 -11 11 13 -14 -15 -16 -17 -18 -19 20 -21 -22 27 23 24 26 -27 -28 29 -30 -31
leaf_value=0.0066276726987898162 -0.029141452906227786 -0.0047962629932722378 0.12342024392039244 0.015503938282455715 0.69755035687572919 -0.050289835280383201 0.15886762131736365 -0.042837502389024895 0.43257340905180969 -0.050131408782451259 -0.050145405966404093 0.18253293856394692 0.66203022563594738 -0.050145665611335814 -0.050223935977375567 -0.050131553500307735 0.50720392580819873 0.13223303476995121 0.20416453967781731 0.037856669269654822 -0.017207347086336377 -0.0006795170735544526 0.37006546693538639 0.23371083441364188 -0.035095831266453117 -0.021452417451620725 0.088934635582058025 0.0048197954917911859 -0.021767602449660136 -0.00033421073969003761
leaf_weight=1.7508392493473364 11.473582483362408 56.704277366341557 0.28718796605244179 4.3708782957401109 0.066827719565481281 2.1423986324807629 1.433985144132748 13.766209598630663 0.10350531782023686 0.40042805601842701 0.28684901329688728 0.21491897624218825 0.2105193476891144 0.92840493854601192 5.6063409481430426 2.5709346606163312 0.089718104281927835 0.2684902903274633 0.19650559203000995 7.3602982335723928 31.707320601912215 1258.3752684065839 0.23729046294465561 0.52392521966248784 6.2547972344327718 1.6684380881488303 0.71018010191619385 553.81564589531627 23.351953918347135 941.04845273541287
leaf_count=753 1688 20086 24 785 7 391 238 9743 28 241 138 121 79 519 1346 1384 57 36 59 2609 10791 81643 15 19 527 140 23 36934 1797 45038
internal_value=-0.000108947 -0.00761962 -0.00464601 -0.00254232 0.0292553 -0.0276681 0.0509193 -0.0234873 -0.0364207 0.0779403 0.00758152 0.0717138 0.251295 -0.00640736 -0.0417624 -0.0162701 0.0310283 0.215801 -0.00519767 0.000104079 -0.0158438 0.000241333 -0.0151545 0.00192773 -0.00761168 0.0395258 -0.0224491 0.000357044 -0.00106372 0.00157524
internal_weight=2927.93 130.467 109.876 103.982 8.01409 2.20923 5.80486 20.5908 14.5386 0.772424 6.05218 1.64069 0.497368 1.14332 5.89353 4.41149 1.84056 0.371996 95.9684 64.0646 31.9038 2797.46 20.8682 9.39463 9.15734 2.19236 6.96498 2776.59 1281.73 1494.86
internal_count=217259 49435 36336 34966 1421 398 1023 13099 10048 305 3051 857 217 640 1370 2194 810 64 33545 22695 10850 167824 2412 724 709 159 550 165412 83440 81972
is_linear=0
shrinkage=0.05


Tree=80
num_leaves=31
num_cat=0
split_feature=1 2 2 2 3 1 4 4 3 1 0 4 4 3 2 0 2 1 4 2 3 2 2 1 1 1 3 2 2 2
split_gain=2.97386 2.65738 2.93277 4.69744 6.07454 4.72234 16.5371 2.74545 2.73096 1.96804 2.61036 2.6712 4.3916 5.62234 4.38846 7.66989 3.65937 3.38135 2.21468 1.88113 1.79991 1.79763 4.0979 3.55812 2.54511 2.31933 2.2942 1.67679 10.4029 0.900757
threshold=0.00027455066689268314 0.83167310300835229 0.94026633012808103 0.93685744750170541 0.00021983971510586289 7.2314338125082565e-05 0.00036523458041470841 -0.0013943821469734605 -0.0011173535225041384 0.0014381165925992868 0.0014399258539493644 -0.0023224757669887959 -0.0019735242698642459 -0.0023513051381148782 0.9746423604514014 0.0010566705318586502 1.4662852754074944 0.00092697263326448314 -0.0023224757669887959 0.17261285200530097 -0.0011438371627436326 1.7825038478759392 1.6569826716253035 0.0015737101905529116 0.0015086295975348847 0.0014520536074665075 -0.0019502567449325434 1.5203244504906723 1.5335328733241667 1.5817172982314118
decision_type=2 2 2 2 2 2 2 2 2 2 2 2 2 2 2 2 2 2 2 2 2 2 2 2 2 2 2 2 2 2
left_child=1 -1 3 5 -5 6 -3 -7 20 10 11 14 13 -13 17 -16 -14 -2 -12 -11 29 22 25 -24 -23 -21 -26 -10 -29 -4
right_child=9 2 8 4 -6 7 -8 -9 27 19 18 12 16 -15 15 -17 -18 -19 -20 21 -22 24 23 -25 26 -27 -28 28 -30 -31
leaf_value=-0.043446228191750876 -0.035267996303128768 -0.05018320889667667 -0.050400845023397804 -0.050142253957016415 0.63004591272505295 0.10554550486209563 1.1327606005574449 -0.012845122800134588 -0.05012564337472375 -0.050655398832182889 0.071174329130253164 0.07724742555931724 -0.00023234543386102373 0.010214544340948695 -0.0013274265377978111 0.16613564028403316 -0.010946140604541464 -0.009673562043611637 -0.050754064231572874 0.023449162490826219 0.20112099095895603 -0.050666195933764646 0.056615738666261461 0.010880678459754729 -0.012116595821282708 0.00086177764898291991 0.0017726228075020331 0.55609010457683716 -0.019730618638993419 0.078891579556379016
leaf_weight=7.3783966612536487 19.919128263834864 0.098326789622659727 0.24066610145382583 0.059541118564084061 0.073152126395143569 0.6017621748615064 0.042233987944200635 2.6292676283628675 4.4585601507569663 1.7609077966772009 0.40965630509890605 3.5214972768444595 812.6160862626275 28.001758700003847 62.052958884392865 0.69135783216915925 88.367238384787925 36.643852436216548 4.0979964372236273 11.44366127764806 0.18856118817348022 2.9372260551899663 4.6186613682657471 53.666718800552189 48.383304158225656 1653.729208397679 77.123654289636761 0.082457959826569893 1.6084839585237203 0.30597981170285493
leaf_count=8463 4188 58 76 38 8 47 13 1331 3402 163 34 396 106719 3743 5279 51 12101 4350 363 785 6 242 186 1614 1520 57955 3105 31 977 15
internal_value=-0.000107336 -0.0205011 -0.00420513 0.0330311 0.324837 0.0215467 0.305253 0.0092045 -0.0231582 1.71816e-05 -0.00170532 -0.0015426 -0.000641321 0.0177029 -0.00858703 0.000517791 -0.00128314 -0.0186869 -0.0396732 0.000998759 0.067917 0.00104788 0.00147315 0.0145048 -0.00465843 0.00101701 -0.00358171 -0.0340467 0.008349 0.0219694
internal_weight=2927.75 17.7674 10.389 3.50428 0.132693 3.37159 0.140561 3.23103 6.88471 2909.98 1056.32 1051.81 932.507 31.5233 119.307 62.7443 900.983 56.563 4.50765 1853.66 0.735207 1851.9 1723.46 58.2854 128.444 1665.17 125.507 6.1495 1.69094 0.546646
internal_count=217259 14465 6002 1495 46 1449 71 1378 4507 202794 137224 136827 122959 4139 13868 5330 118820 8538 397 65570 97 65407 60540 1800 4867 58740 4625 4410 1008 91
is_linear=0
shrinkage=0.05


Tree=81
num_leaves=31
num_cat=0
split_feature=1 2 3 3 1 3 2 3 4 4 4 1 0 0 1 2 2 2 2 3 0 0 1 2 4 2 3 0 2 0
split_gain=2.80565 2.52245 2.65781 4.8076 17.8615 2.65505 2.60633 3.71708 2.16177 4.2539 1.90178 1.85203 4.04764 3.08146 3.00803 2.49015 2.55104 2.41613 2.9199 4.87275 2.6925 7.4144 2.80415 2.17961 2.09188 5.10376 1.98121 4.73938 1.77092 1.62089
threshold=0.00027455066689268314 0.83167310300835229 -0.00037778313642816691 -0.000441323788024861 0.000174928570845709 -0.00086604769411952043 0.83506846355636355 0.00020666884018549772 -0.00079440168574429471 -0.00081659012931206687 -0.00044261310350468536 0.0041264509327124518 -0.0031018881020380968 0.0023466463057292279 0.0026147193884928995 2.5960215928036812 1.0368906049988886 0.62622309929079156 0.61639400686830614 0.0079645486916594139 -0.00037370770875100318 0.0018536320536591824 0.0049665919907213871 0.63572194656837 0.0006768182851123462 1.0692741409584077 0.0069654535601975107 0.0027745153502499735 2.2805298981407822 0.0042099359340894713
decision_type=2 2 2 2 2 2 2 2 2 2 2 2 2 2 2 2 2 2 2 2 2 2 2 2 2 2 2 2 2 2
left_child=1 -1 3 5 -5 10 7 -4 9 -8 -3 12 14 15 -2 16 -14 18 20 -20 22 -22 -13 -19 -16 -26 -15 -28 -10 -25
right_child=11 2 6 4 -6 -7 8 -9 28 -11 -12 17 13 26 24 -17 -18 23 19 -21 21 -23 -24 29 25 -27 27 -29 -30 -31
leaf_value=-0.04313985608034366 0.067510197266029998 -0.0021406423981396995 0.31474510856066651 0.63874216699970054 -0.050222863265062846 -0.050177781938737426 -0.0029007867595854595 -0.050494170126847815 -0.050096537232550115 0.28640269212225178 0.09901760608231909 -0.028384833276093414 -0.0016665334466035254 -0.014792151260012718 -0.042212118444329441 -0.029565433931070764 0.0017626623071079922 -0.033649188543789205 0.015407086898475149 0.11466739487085537 0.046228231496953889 -0.00048610222846441229 0.0059387954484856004 0.0028902775833320299 -0.034000196091287793 0.097361083968792964 -0.035663011508114323 0.0436708998059206 0.049156466569371331 -0.0037991048067741989
leaf_weight=7.0671494595007998 0.81468146969564159 0.96478891652077436 0.1359352031722646 0.14496810425771389 0.26795339322416112 1.1455243097734638 0.96768048498779535 0.14288031216710806 5.0435323162237182 0.14626964170020051 0.89621909195557281 7.9591000080108669 1166.2227040459984 54.72240115783643 11.006047118920831 7.1802134173922232 1013.7968351739692 4.4312887601554385 4.2333323061466208 1.7465041317045686 13.707909205928443 22.332041404210031 23.579177601728588 453.44447059370577 2.7879270929843183 1.0063303671777246 3.1293881754390886 4.7248618309386075 0.49338275886839245 113.15507095679641
leaf_count=8463 39 209 19 37 110 608 236 22 4443 16 63 154 115546 2303 486 1293 73396 53 53 18 178 299 275 6839 88 33 115 176 239 1450
internal_value=-0.000104616 -0.0201131 -0.00438868 0.0316823 0.191658 0.00971097 -0.0221879 0.127577 -0.0284663 0.0350868 0.0465749 1.51349e-05 -0.000657715 -0.000481639 -0.0260264 -0.000168642 -7.18194e-05 0.00237985 0.010909 0.0443976 0.00794562 0.0172818 -0.00272322 0.00128116 -0.0311751 0.000840045 -0.0114216 0.0120617 -0.0412523 0.00155435
internal_weight=2927.4 17.4163 10.3491 3.41945 0.412921 3.00653 6.92968 0.278816 6.65087 1.11395 1.86101 2909.98 2265.39 2249.78 15.615 2187.2 2180.02 644.589 73.5581 5.97984 67.5782 36.04 31.5383 571.031 14.8003 3.79426 62.5767 7.85425 5.53692 566.6
internal_count=217259 14465 6002 1027 147 880 4975 41 4934 252 272 202794 193475 192829 646 190235 188942 9319 977 71 906 477 429 8342 607 121 2594 291 4682 8289
is_linear=0
shrinkage=0.05


Tree=82
num_leaves=31
num_cat=0
split_feature=1 1 4 4 3 3 0 2 0 3 3 2 1 1 3 2 4 2 1 4 2 2 4 4 4 0 0 0 0 2
split_gain=2.67362 3.20085 3.91675 7.23209 3.81499 10.6723 2.51239 3.70768 3.5638 7.8212 3.60189 3.28702 4.61944 12.6575 4.17305 2.50117 5.20885 8.90946 2.26274 4.73669 3.48043 10.8691 9.57973 9.34298 5.82858 9.59444 4.7706 1.78664 7.26117 1.75574
threshold=0.00066384126514475964 0.0006420145540456608 0.002560554994997966 0.0026192207510761238 0.002339959602796871 0.0026317604929309017 0.00044052054859633488 0.34453880725394309 0.0004208055850163373 0.0007343877047568671 0.00086941774540016958 0.29742616521594717 0.00032545432537728645 0.00030399164442267617 0.0034657630665670962 0.46733296760612802 -0.00026319375109551396 0.42183852834101526 0.00068082948508530795 0.0020509558051901027 0.86406419560910808 0.80910412059699277 -0.0028407938036316134 -0.0013632637632950415 0.0018413191509043527 0.00024228395470615729 -2.249906651335953e-05 0.00063752341404199619 0.00065038860052046854 1.4006196998005913
decision_type=2 2 2 2 2 2 2 2 2 2 2 2 2 2 2 2 2 2 2 2 2 2 2 2 2 2 2 2 2 2
left_child=1 6 15 -4 -5 -6 7 -1 10 -10 -9 12 13 -8 -14 16 17 -3 19 20 21 22 -2 -23 26 -26 -22 29 -29 -17
right_child=18 2 3 4 5 -7 11 8 9 -11 -12 -13 14 -15 -16 27 -18 -19 -20 -21 24 23 -24 -25 25 -27 -28 28 -30 -31
leaf_value=-0.050147781939661122 0.3055415632281625 -0.050300938089961555 0.25731304455384402 -0.050415619375253864 0.36705029471415512 -0.050592737416355366 -0.050097542890078166 -0.0047528526941575458 0.10461806140472002 -0.05037389554281483 0.011709304376247384 -0.026247690230414657 -0.050559717515682862 0.99756845106573955 0.24007310850371516 -0.043856760314571579 -0.051669975019448991 0.39655027733801201 0.00025876909525007226 -0.050412028135596268 -0.031854668618253749 -0.050345832684656394 0.0046691503604013923 0.26513419140894884 0.43596281623466143 -0.050478556077566232 0.033809119180139201 0.42671453538739429 -0.050267863582198535 0.010557891522300029
leaf_weight=3.919069070427212 0.28105246659833927 0.22308236337266862 0.32377009186893646 1.2339301796164361 0.23741955985315133 0.43000353057868779 0.072922746941915473 189.96830637217499 2.2578645314206365 1.2727690265746785 40.271272640035022 16.619485881295986 0.46586428233422339 0.047680005664005876 0.16806913958862424 15.186033679172402 0.60979453264736239 0.22311365674249828 2631.4077451940393 2.2915350960101923 5.1978862953837988 0.3116155075840652 4.5091962441802087 0.95058498159050919 0.20554747548885721 0.19999818014912307 5.9122796796727863 0.10482051107101042 0.33411650185007602 1.6427692733705033
leaf_count=2888 61 71 12 173 15 44 64 53411 356 212 8314 3702 81 4 5 2516 84 27 142250 314 624 47 726 113 21 23 628 20 78 375
internal_value=-0.00010157 -0.00478857 -0.0237724 0.0388701 0.00167276 0.0979736 -0.00325917 -0.00191753 -0.00110897 0.0487445 -0.00187345 -0.0216137 0.0804544 0.364095 0.0264932 -0.0313793 0.0433209 0.17314 0.000385666 0.0171996 0.0260186 0.0567161 0.0223219 0.187248 0.00988454 0.19607 0.00308834 -0.0359476 0.0636381 -0.038545
internal_weight=2926.88 275.612 20.5489 2.22512 1.90135 0.667423 255.063 237.689 233.77 3.53063 230.24 17.374 0.754536 0.120603 0.633933 18.3237 1.05599 0.446196 2651.27 19.8597 17.5682 6.05245 4.79025 1.2622 11.5157 0.405546 11.1102 17.2677 0.438937 16.8288
internal_count=217259 72452 3415 244 232 59 69037 65181 62293 568 61725 3856 154 68 86 3171 182 98 144807 2557 2243 947 787 160 1296 44 1252 2989 98 2891
is_linear=0
shrinkage=0.05


Tree=83
num_leaves=31
num_cat=0
split_feature=1 4 1 1 0 0 1 2 0 0 3 0 4 1 0 0 3 0 0 0 0 0 0 3 3 0 2 0 1 3
split_gain=2.58973 2.50044 2.32381 3.51244 3.1754 5.51449 1.83097 3.20194 3.68247 10.9594 11.6784 2.56401 2.45746 2.41408 4.00546 6.57873 2.38707 10.1564 2.28624 1.73103 4.3741 1.6736 5.38752 3.6482 9.88431 3.03976 13.4748 5.88967 2.89927 2.48775
threshold=0.00023750954286246465 -0.0004216111543280387 0.00019978523100136546 0.00012387956022745888 6.1222537608873764e-05 5.6563952690935622e-05 0.0017701662768096866 0.6783480397728886 -0.00049211452994812877 -0.00047983753887109731 -0.00048657225790005304 -0.0031018881020380968 0.0032723226962060319 0.0017294895297443541 0.00066579534557775777 0.00049077749540760174 -0.0044223831027156981 -0.00019245372222248533 -0.002229494556617861 -0.00022544248010009091 -0.00023118356869300524 0.0013428346361127332 0.0012192862667789186 0.0022154381309056341 0.0018611128150965996 0.0010291889427778147 2.0302233049225218 -0.00023118356869300524 0.0049665919907213871 -0.0039933823194118192
decision_type=2 2 2 2 2 2 2 2 2 2 2 2 2 2 2 2 2 2 2 2 2 2 2 2 2 2 2 2 2 2
left_child=1 2 3 -1 5 -5 7 8 11 10 -10 -2 -11 16 15 -15 17 -9 -18 20 -3 22 25 24 -24 27 -27 -8 -25 -23
right_child=6 19 -4 4 -6 -7 21 13 9 12 -12 -13 -14 14 -16 -17 18 -19 -20 -21 -22 29 23 28 -26 26 -28 -29 -30 -31
leaf_value=-0.050158699238044217 0.13781914163214182 -0.050109918593538118 -0.050177922497324383 0.074985844877452412 -0.050274936236618342 0.46476835617749251 -6.6807676071161754e-05 0.054579469813963277 0.31429702489212324 -0.0027882717347300461 -0.050312150323999855 -0.0246955683564304 -0.023486898162369804 -0.011141609426186588 -0.044730626057590296 0.10839353701985453 0.15165164665598929 -0.041816800688881578 -0.00042764177874891185 -0.050069150717113924 0.26664619839364884 0.008559086749993226 0.026472809547687656 -0.0051060434568052614 0.16563269912673084 -0.014383480965956263 0.18821943335513691 0.0086033639208476214 0.07957334532557922 -0.0024893815306202636
leaf_weight=0.95817585292388718 0.24461209401488559 0.36334426098619588 1.3150353238743262 1.5531637649692132 0.46420649020001281 0.096370615530758985 748.04953140532598 8.0491367680951935 0.54805338400183246 108.19251841085497 0.36647307610837643 31.088238192896824 16.530796720529906 13.839886375702919 8.1309272726066393 1.2554547581821669 0.24718272546306153 4.1368746554944655 1122.3499005665653 6.3447512092243397 0.15568796475417901 57.437553424853832 17.210482914000757 11.77168178418651 1.378204533830284 46.26940624974668 0.83549067052081127 265.35575009509921 1.1057680789381255 451.07101903250441
leaf_count=840 3 410 876 695 264 7 22963 481 61 24046 81 5013 2076 886 504 75 22 247 124176 7959 26 988 677 413 52 1697 51 8947 13 12710
internal_value=-0.000100249 -0.0240428 0.00544131 0.029251 0.065248 0.0977581 -7.8549e-06 -0.00139022 -0.00809159 -0.00426714 0.168189 -0.0234268 -0.00553166 -0.000481834 -0.016439 -0.00120007 -0.000155229 0.0218551 -0.000394156 -0.0428874 0.0449037 0.00112791 0.00223126 0.0226201 0.0367904 0.00162631 -0.01079 0.00220344 0.00216525 -0.00124142
internal_weight=2926.72 11.2507 4.38695 3.07192 2.11374 1.64953 2915.46 1314.98 156.971 125.638 0.914526 31.3329 124.723 1158.01 23.2263 15.0953 1134.78 12.186 1122.6 6.86378 0.519032 1600.48 1091.98 31.4661 18.5887 1060.51 47.1049 1013.41 12.8774 508.509
internal_count=217259 11077 2682 1806 966 702 206182 157671 31280 26264 142 5016 26122 126391 1465 961 124926 728 124198 8395 436 48511 34813 1155 729 33658 1748 31910 426 13698
is_linear=0
shrinkage=0.05


Tree=84
num_leaves=31
num_cat=0
split_feature=1 1 0 1 4 1 0 4 4 4 0 0 2 3 3 3 2 3 3 3 3 4 0 0 3 0 4 1 2 3
split_gain=2.45001 3.48902 8.38101 4.27213 4.24014 10.8955 5.28837 5.11429 3.17102 6.80273 4.75655 3.50697 3.15362 1.91256 12.1305 2.87738 1.85055 2.63461 7.9929 2.42213 5.17614 1.94538 1.83538 1.64182 7.52107 6.80351 1.58941 9.53056 16.1523 25.0969
threshold=0.00038449688834479563 0.0003531683110917755 0.00059596848035414773 0.00032545432537728645 0.0020509558051901027 0.0003487025954183862 -0.00083681698517462644 0.0020941035205677143 -0.0004216111543280387 -0.00044261310350468536 -9.4811894431112695e-05 0.00026852279287747921 1.3067280424144256 0.00019533725199882837 0.00021983971510586289 -0.0010442594053898799 0.34453880725394309 0.0012688419928289509 0.001326158826527313 0.0024764714389029501 0.0046378874756184416 -0.01971381338445027 -0.0055684417603187866 -0.00023118356869300524 0.0010163886461613816 -0.00023649460640079442 2.9151544804650879e-05 0.00038966051746484827 0.76328980585766559 0.00034779493695957791
decision_type=2 2 2 2 2 2 2 2 2 2 2 2 2 2 2 2 2 2 2 2 2 2 2 2 2 2 2 2 2 2
left_child=1 3 23 8 6 7 -5 -6 9 11 -11 -1 -8 15 -15 -10 17 21 -19 -20 -21 -2 -23 24 25 -3 27 28 29 -18
right_child=16 2 -4 4 5 -7 12 -9 13 10 -12 -13 -14 14 -16 -17 26 18 19 20 -22 22 -24 -25 -26 -27 -28 -29 -30 -31
leaf_value=-0.012323906514037059 0.08198489861936939 -0.050198361049918497 0.3931912999796745 0.32923368335818831 0.28691680735134911 0.45557200097207817 -9.9955704077766563e-05 -0.050191615952264679 0.042266103429423926 0.4922053982457249 0.10670053330882037 0.081409461816924739 0.090977655432741222 0.21544255623921635 -0.025209345300659238 -0.050103458079518486 0.19916092334388694 0.24362182849579803 -0.050606736129852614 0.057976701658993463 -0.027079721649164747 0.079399288252867281 -0.037225816329951339 -0.050163577674379914 0.4005779056168936 0.31848867029300371 0.0013003212715963183 -0.0012055982824605645 0.0051292859644917928 1.1543468349537933
leaf_weight=10.251036829431539 0.37489152047783036 1.7239778402727095 0.11243048659525889 0.1310356305912127 0.14724817499518472 0.19733830203767866 8.9895267232786811 0.47688303363975137 0.92884382625925255 0.092190509778447449 0.60586264007724722 1.1055071399314318 1.0628118738532073 0.56048940622713228 7.9663287712610327 9.1332492670917471 0.40058393287472316 0.33840565942227741 2.1297243830049393 3.1725210840813816 4.100621601799503 0.34775561466812988 11.274865191429855 8.649883583420884 0.1108158139977603 0.13492161361500521 1536.356019377592 1314.5521378391422 0.90398746333085001 0.08301948313601315
leaf_count=4841 17 646 31 12 16 36 3609 158 235 45 105 306 436 337 6629 7933 97 17 310 224 238 10 2089 3539 26 25 92299 92695 273 25
internal_value=-9.81051e-05 -0.0108145 -0.0362356 -0.00426389 0.0224582 0.131733 0.0136433 0.0293407 -0.0138605 0.00611289 0.157613 -0.0031994 0.00952948 -0.0268128 -0.00939068 -0.0415767 9.72046e-05 -0.0144358 0.00488162 -0.00371055 0.0100216 -0.0301203 -0.0337363 -0.040782 0.000416563 -0.0234385 0.000207968 -0.00106735 0.129902 0.363136
internal_weight=2926.41 52.3804 10.732 41.6484 11.0048 0.82147 10.1834 0.624131 30.6435 12.0546 0.698053 11.3565 10.0523 18.5889 8.52682 10.0621 2874.03 21.7388 9.74127 9.40287 7.27314 11.9975 11.6226 10.6196 1.96972 1.8589 2852.3 1315.94 1.38759 0.483603
internal_count=217259 28965 4267 24698 4267 210 4057 174 20431 5297 150 5147 4045 15134 6966 8168 188294 2905 789 772 462 2116 2099 4236 697 671 185389 93090 395 122
is_linear=0
shrinkage=0.05


Tree=85
num_leaves=31
num_cat=0
split_feature=1 3 4 4 3 3 0 4 2 3 4 4 3 0 3 3 0 3 3 4 3 1 4 4 3 2 2 0 1 0
split_gain=2.39836 2.54307 10.282 8.13294 12.8085 22.1651 5.87641 18.9023 5.44971 3.83139 5.61744 13.8583 4.67818 4.66813 5.29643 3.77059 3.60108 2.75921 5.22884 3.00286 2.52722 2.46996 5.2617 9.21465 13.4575 5.74282 3.49402 2.37808 9.29449 2.04631
threshold=0.00053453280038740175 -8.6974348779911268e-05 -0.00061005446254103191 -0.00058696077740327801 -0.000441323788024861 -0.00037778313642816691 0.00034063920690352584 0.0021869091595756456 0.83822268376128084 0.00016953079527437523 -0.0018008418196633345 -0.0019735242698642459 0.00036129859506206513 0.00019180665893681062 0.00034779493695957791 0.0005350454788656257 -0.00041025553968948575 -0.0026429864807377963 -0.0027278654635334849 -0.0048036800152118633 0.00021983971510586289 0.00054047326974703382 -0.00084107350490236754 -0.00091343094814744219 0.00059792604451391906 0.42183852834101526 1.0564430534938141 -0.00021875524528297549 0.00049390678825223921 0.00010774894499288036
decision_type=2 2 2 2 2 2 2 2 2 2 2 2 2 2 2 2 2 2 2 2 2 2 2 2 2 2 2 2 2 2
left_child=1 2 17 4 -4 -6 8 -8 -5 10 11 -3 13 14 -11 -14 -17 18 19 -1 -15 22 23 24 26 -24 -2 28 -12 -27
right_child=21 9 3 6 5 -7 7 -9 -10 12 27 -13 15 20 -16 16 -18 -19 -20 -21 -22 -23 25 -25 -26 29 -28 -29 -30 -31
leaf_value=0.10323787235786086 -0.050381666700684662 -0.050708354017976499 -0.050300538491491312 -0.017741760298328545 0.7399285190048086 0.11869136472405672 0.054054925159732183 0.64406122652040376 0.024335706093160728 0.02570395997022324 -0.050161678329469321 0.46562447173025084 -0.04067163547716493 0.036303291033023266 0.16940468109812365 0.080374281814436233 -0.0095484651056930835 -0.024188273457042116 0.36094225862218499 -0.050326067566838106 -0.050243434711550974 0.00016429119647588569 0.31950803351367724 0.40341031250043208 0.44643975313899614 0.022150428044363651 0.09961685443737818 -0.046607818689955727 0.15911817032579906 -0.050421883571211856
leaf_weight=0.57281253644032393 0.93109618837479524 0.39595205991645344 0.5219849226414226 12.319359933928352 0.18967002315912396 0.59086447826120891 2.3949114148563235 0.14390750700840715 20.500290818046778 10.471312803274483 2.0445183759147816 0.19344371452462183 10.489813820080597 1.1549275669967745 0.68304477483616288 1.1470617728482455 37.889626424002927 28.424752602761146 0.12155108922161417 0.71659571127383959 3.128033465880435 2771.3001650860533 0.1352221763227125 0.22011952847242344 0.20082215126603831 2.0680291572352876 0.66587813408114016 14.072677793650652 0.71643946249969293 1.8316490348661316
leaf_count=35 148 107 118 5604 21 91 546 30 5818 4130 882 34 4143 338 282 319 12108 9576 31 180 962 163546 30 16 9 307 76 7351 164 257
internal_value=-9.74456e-05 -0.00627996 0.000993738 0.0187306 0.141431 0.269652 0.0142106 0.0874982 0.00854128 -0.0121508 -0.0329713 0.118756 -0.00656676 0.0174661 0.0345036 -0.0140578 -0.00690616 -0.0208006 0.0474467 0.0178939 -0.0269056 0.000233976 0.0321393 0.0980596 0.0606729 -0.000828494 0.0121621 -0.0382838 0.00414424 -0.0119362
internal_weight=2926.24 148.884 66.4967 36.661 1.30252 0.780535 35.3585 2.53882 32.8197 82.3869 17.423 0.589396 64.9638 15.4373 11.1544 49.5265 39.0367 29.8357 1.41096 1.28941 4.28296 2777.35 6.05282 2.01792 1.7978 4.0349 1.59697 16.8336 2.76096 3.89968
internal_count=217259 52870 22050 12228 230 112 11998 576 11422 30820 8538 141 22282 5712 4412 16570 12427 9822 246 215 1300 164389 843 249 233 594 224 8397 1046 564
is_linear=0
shrinkage=0.05


Tree=86
num_leaves=31
num_cat=0
split_feature=1 4 1 1 0 0 1 4 3 3 1 3 3 2 2 0 0 2 2 3 0 3 4 3 3 4 2 0 0 0
split_gain=2.3077 2.3209 2.06464 2.93317 2.52953 2.34874 1.67998 2.64684 3.98856 12.7021 14.5326 3.99168 3.35736 7.7963 2.93123 2.57588 2.47358 1.83512 3.49735 4.43986 6.57367 3.67374 8.99351 5.50119 2.01648 2.61553 3.88246 3.09035 1.53678 2.67221
threshold=0.00023750954286246465 -0.0004216111543280387 0.00019978523100136546 0.00012387956022745888 6.1222537608873764e-05 5.6563952690935622e-05 0.003607147159957485 -0.0084185540980666867 -0.0011697350550594619 -0.001499358233589043 0.0029485330554263997 -0.0044223831027156981 -0.0071885548372976329 1.4788482156788245 0.6783480397728886 -0.0031018881020380968 0.0034974138146374183 0.79617975823889076 0.78959709659327248 -0.0020004109893387851 0.00027756819646584946 8.5973985374132602e-05 -0.0052040190464203709 -0.0001616337010919566 -0.01335466952210118 -0.0084185540980666867 1.1268574283003734 0.0027745153502499735 -0.00022544248010009091 -0.00023118356869300524
decision_type=2 2 2 2 2 2 2 2 2 2 2 2 2 2 2 2 2 2 2 2 2 2 2 2 2 2 2 2 2 2
left_child=1 2 3 -1 5 -5 7 8 9 11 -11 -2 13 14 -9 -14 -17 18 21 -20 -21 23 -23 -8 25 27 -27 -19 29 -3
right_child=6 28 -4 4 -6 -7 17 12 -10 10 -12 -13 15 -15 -16 16 -18 24 19 20 -22 22 -24 -25 -26 26 -28 -29 -30 -31
leaf_value=-0.050151775507132595 -0.0011532664896583588 -0.050105459684534628 -0.050171372957073114 0.065169575682820599 -0.050287683177463488 0.26994742469386551 0.00078355100483541067 -0.025738243231130459 -0.045962156320851266 0.29738119341131924 -0.051844023614855787 -0.037085588103352281 -0.039361782862669517 0.14156975486565412 0.028687669003390731 -0.00049091533417888289 -0.05116131367063631 0.0016972529339714792 0.10923871068876545 -0.058290073367241124 0.077594016101940444 0.046166356484709188 0.0053861628004169236 -0.054794908293026336 -0.0005888568042660573 0.0043607599371186159 0.078333223174413727 0.048602355351214474 -0.050067009290133739 0.17513552029585877
leaf_weight=0.90605431588483076 27.640137239824977 0.3405168422323186 1.2366704293235669 1.6785056326480119 0.44806152099044982 0.1527705774642526 107.02595346374437 3.5674535972066215 7.4739451522473237 0.71684150840155669 0.50973293371498585 10.729283786378803 4.2838238887488833 1.2897078786045302 8.0703071905300003 2070.8410393827944 2.4113600056152782 46.002819444984198 1.8163916878402231 1.6913134045898908 1.8786929138004778 15.87470214627683 91.139269541017711 4.6455508479848495 496.74786168895662 3.9501568451523772 3.2195309773087502 3.8018347620964041 5.8182812612212711 0.21470656554447476
leaf_count=840 1259 410 876 695 264 7 1558 134 359 38 17 621 231 34 278 190354 119 427 28 22 27 228 1239 76 9038 34 23 38 7959 26
internal_value=-9.72497e-05 -0.0231718 0.00466069 0.0259482 0.0561986 0.0822528 -1.18036e-05 -0.00073583 -0.0124612 -0.00613773 0.152252 -0.0112011 -0.000471815 0.02493 0.0120039 -0.000629878 -0.000549849 0.00197797 0.00579584 0.045598 0.0132181 0.00481548 0.0114356 -0.00152852 0.000433006 0.00934242 0.0375779 0.00527775 -0.0424826 0.0369959
internal_weight=2926.12 10.7956 4.42206 3.18539 2.27934 1.83128 2915.33 2137.53 47.0699 39.596 1.22657 38.3694 2090.46 12.9275 11.6378 2077.54 2073.25 777.794 224.072 5.3864 3.57001 218.685 107.014 111.672 553.722 56.9743 7.16969 49.8047 6.3735 0.555223
internal_count=217259 11077 2682 1806 966 702 206182 193444 2294 1935 55 1880 191150 446 412 190704 190473 12738 3178 77 49 3101 1467 1634 9560 522 57 465 8395 436
is_linear=0
shrinkage=0.05


Tree=87
num_leaves=31
num_cat=0
split_feature=1 1 4 2 2 0 3 3 1 1 3 3 0 2 3 0 2 2 1 4 2 4 3 3 0 0 0 3 4 0
split_gain=2.17278 3.09046 3.52811 5.92658 11.7365 3.91335 2.45905 12.2277 12.0584 5.3585 2.95645 5.65643 3.15305 2.29477 4.43973 5.77639 2.04217 6.34254 1.97437 4.47467 4.33839 6.81415 10.9669 4.88075 7.67224 2.99942 8.67511 2.75256 2.18608 1.94581
threshold=0.00066384126514475964 0.0006420145540456608 0.002560554994997966 0.86406419560910808 0.80610741212284609 0.00012183033467949579 0.0018611128150965996 0.0018161670352141448 0.00060009666719527271 0.00036699397080849937 0.00016953079527437523 0.00025618855503917187 -0.00023649460640079442 0.46733296760612802 0.0001300012769559489 0.00016498627993088991 0.4089569168275678 0.39534047045370468 0.00068082948508530795 0.0010506360060005273 1.1817427378919063 0.0006768182851123462 0.00044532406018416021 -0.0012246661895195519 -0.00029736336443114681 -0.0003228462122910058 -0.00033768085333046866 -0.0023513051381148782 -0.0054412534842611096 0.00053457309961979515
decision_type=2 2 2 2 2 2 2 2 2 2 2 2 2 2 2 2 2 2 2 2 2 2 2 2 2 2 2 2 2 2
left_child=1 6 13 4 5 -4 7 10 9 -9 12 -12 -1 14 15 -3 17 29 19 20 23 28 -23 27 -25 26 -21 -2 -22 -8
right_child=18 2 3 -5 -6 -7 16 8 -10 -11 11 -13 -14 -15 -16 -17 -18 -19 -20 25 21 22 -24 24 -26 -27 -28 -29 -30 -31
leaf_value=-0.019908200477929919 0.11284045020107597 -0.050345203155516285 0.14292762454811056 -0.050846522752303003 0.46801519582036921 -0.050594905540515926 -0.050378708988739113 0.42597764140559813 0.58275917394328725 0.037171663731871647 0.037211707135662145 -0.00015584223211795875 -0.0026839080516484304 -0.035410773507701769 -0.051730806255098752 0.29502442169575493 -0.031762637178032405 0.39766971652554628 0.00022248697076527018 -0.050478384737513718 0.083006442214231702 0.44089790176570798 -0.050516578773484214 -0.024898928167344823 0.087111147641242281 -0.03946958447386608 0.28128772167780497 -0.050570931707671685 -0.050462606887742414 0.10037800581413295
leaf_weight=36.204891252302332 0.30549274734221388 0.20885796984658245 0.50778037961572342 1.0792941723484544 0.19269470195285965 0.53802116774022579 0.64965949242468812 0.10488772887037967 0.15791035932488739 0.57126576476730406 11.371245324000482 92.57496616372373 99.838876271853223 16.667104291031137 0.60657211730722338 0.2880267349537462 10.700621309399137 0.11139698620536365 2632.6707291854545 0.58470078581012785 0.33914396166801486 0.2034878828562795 0.25683070765808225 1.963469739188439 6.9056214664597091 4.5269346700515589 0.2971877367235719 1.6471617583883915 3.2162271875422439 0.31919941212981939
leaf_count=9066 39 68 45 106 20 73 207 31 17 103 3246 24025 30561 2989 75 39 1723 20 142250 83 2 21 28 309 861 568 12 236 398 38
internal_value=-9.47577e-05 -0.00434481 -0.0232201 0.0348006 0.109438 0.0433684 -0.00284376 -0.00175264 0.18936 0.0974849 -0.00241684 0.003932 -0.00726775 -0.0307876 0.0390423 0.149854 -0.0251483 0.0403708 0.000342105 0.0158963 0.0300885 -0.0142952 0.166718 0.0465583 0.062314 -0.0230356 0.0613235 -0.0250052 -0.0377311 -0.000710533
internal_weight=2925.61 272.693 20.0884 2.31779 1.2385 1.0458 252.605 240.824 0.834064 0.676153 239.99 103.946 136.044 17.7706 1.10346 0.496885 11.7809 1.08026 2652.92 20.2463 14.8374 4.01569 0.460319 10.8217 8.86909 5.40882 0.881889 1.95265 3.55537 0.968859
internal_count=217259 72452 3415 244 138 118 69037 67049 151 134 66898 27271 39627 3171 182 107 1988 265 144807 2557 1894 449 49 1445 1170 663 95 275 400 245
is_linear=0
shrinkage=0.05


Tree=88
num_leaves=31
num_cat=0
split_feature=1 2 2 2 2 1 4 0 4 3 3 2 3 3 0 1 1 0 1 1 1 1 1 2 3 4 0 2 3 3
split_gain=2.18303 2.26245 2.24629 2.30398 3.3711 1.78097 1.72085 3.30957 1.71722 3.85218 2.19309 1.61927 2.13305 4.35576 7.63307 2.42877 1.90377 7.79037 1.82105 2.86307 1.8099 3.96109 1.51032 2.85608 7.96146 17.0827 9.31773 6.60832 11.1998 3.05887
threshold=0.00027455066689268314 0.83167310300835229 0.98510136411759774 1.5203244504906723 1.5335328733241667 0.00023750954286246465 -0.00024733938399912331 -0.00022544248010009091 -0.00044261310350468536 -0.00036360611368868584 0.00021983971510586289 0.34453880725394309 0.0024764714389029501 0.0046378874756184416 -0.0010870397291000697 0.002828239093393145 0.00032545432537728645 0.00050251723540917237 0.0011047820962736174 0.001791124272628825 0.0042965750736341278 0.005268957745367479 0.0061176626780651425 1.4209356808876568 -0.0020004109893387851 0.008152865070594208 -0.004194376370928842 1.3907483709178752 -0.0064138170379786632 -0.0041984807775662372
decision_type=2 2 2 2 2 2 2 2 2 2 2 2 2 2 2 2 2 2 2 2 2 2 2 2 2 2 2 2 2 2
left_child=1 -1 6 -4 -5 -6 8 -8 10 -10 -3 12 16 14 -14 -16 17 -2 -18 -20 -15 -22 23 27 25 -25 -26 29 -29 -13
right_child=11 2 3 4 5 -7 7 -9 9 -11 -12 22 13 20 15 -17 18 -19 19 -21 21 -23 -24 24 26 -27 -28 28 -30 -31
leaf_value=-0.042179424155908474 -0.050073451069713684 -0.016920996108682241 -0.050140741981176601 0.22229269378907551 -0.050120810345734707 0.048953025005641165 0.15339231687523355 -0.050213461538904373 0.16833303418337242 -0.050169047996894582 0.094706167303358138 0.0060153417805971221 0.22115969352893866 -0.051070765505835038 -0.0075387110928790664 0.10267946225325118 -0.050254139653743271 0.48195429445218896 0.02388744973279645 -0.034190354639543043 0.1178908355648271 -0.052411599526358432 0.0033281017456826879 -0.019697447885234611 0.27606755043636139 0.29709187398605669 -0.00077611663484958467 0.17936094498758326 0.016069519734353343 -0.00057113499484126736
leaf_weight=6.1842650107573744 0.26081569580128672 1.3770789499394602 3.4448728237184696 0.18230495986063067 0.95840453437995143 0.86121259070932865 0.23444453364936624 1.3423538644565249 0.64945476176217198 0.29258874210063357 0.64660678210202593 193.82295099715702 0.54762428719550404 2.6328336126171052 2.2108270401367913 0.64583921246230591 5.3488462135428554 0.093463340541347861 3.2855669641867262 5.992148497607559 0.58965142816305138 0.81111954059451818 324.12450767122209 81.92913652327843 0.3042450025677671 0.42777789011597533 298.56209590181243 1.0788602959364642 39.370608352357522 1947.219695173786
leaf_count=8463 207 390 2986 31 769 225 50 1316 49 139 47 6203 25 193 186 25 1890 4 399 438 23 24 3357 4239 7 8 22707 31 2409 160419
internal_value=-9.34731e-05 -0.0184121 -0.00369803 -0.0253508 0.0173074 -0.00322983 0.0222651 -0.0199406 0.0447047 0.100469 0.018746 8.36651e-06 -0.0133774 0.00851069 0.0501602 0.0173796 -0.0242447 0.0902823 -0.0270188 -0.013623 -0.0266408 0.0192768 0.000112318 -0.000294404 -0.00428734 -0.018052 -0.000494291 0.000403374 0.0204248 2.51214e-05
internal_weight=2925.43 16.1736 9.98932 5.44679 2.00192 1.81962 4.54253 1.5768 2.96573 0.942044 2.02369 2909.26 22.4187 7.4379 3.40429 2.85667 14.9808 0.354279 14.6266 9.27772 4.0336 1.40077 2886.84 2562.72 381.223 82.3569 298.866 2181.49 40.4495 2141.04
internal_count=217259 14465 6002 4011 1025 994 1991 1366 625 188 437 202794 3414 476 236 211 2938 211 2727 837 240 47 199380 196023 26961 4247 22714 169062 2440 166622
is_linear=0
shrinkage=0.05


Tree=89
num_leaves=31
num_cat=0
split_feature=1 1 3 3 4 4 1 1 1 0 1 2 2 2 0 2 2 2 0 0 4 0 4 4 4 4 0 4 3 2
split_gain=2.03706 1.99513 5.59945 18.8689 9.49422 5.80441 10.6968 20.2369 4.00313 3.37934 7.39368 6.13702 3.19509 4.28243 1.93272 2.61228 5.03108 3.88519 4.14137 3.72049 3.82946 3.43237 4.51623 3.3776 3.59555 1.99514 3.60456 7.49239 5.67437 3.21685
threshold=0.000405365625342985 0.00044071644048924899 0.0016953271266587635 0.0017746207053299658 0.0039023963768216601 -0.0015676073257369081 0.00042397531084492911 0.00042932274337232105 0.0004543115917836614 9.6607541631210672e-05 0.00043505549594970508 1.2916093286955441 2.0302233049225218 2.5960215928036812 -3.2823476622811924e-05 0.94704036489577492 0.72451577167450965 0.72790943845145673 -0.00050309421860617032 -0.00023118356869300524 -0.00044261310350468536 -9.9902595032230743e-05 0.0026192207510761238 8.4288073874283511e-05 6.5044881243037103e-05 1.0000000180025095e-35 0.00050251723540917237 0.0005564367378300129 0.00055206604720670082 1.07745781467137
decision_type=2 2 2 2 2 2 2 2 2 2 2 2 2 2 2 2 2 2 2 2 2 2 2 2 2 2 2 2 2 2
left_child=14 2 5 -4 -5 6 -2 -8 12 11 -11 -7 -3 -14 15 16 19 -18 -19 20 -1 22 -17 24 -23 29 -27 28 -28 -16
right_child=1 8 3 4 -6 9 7 -9 -10 10 -12 -13 13 -15 25 21 17 18 -20 -21 -22 23 -24 -25 -26 26 27 -29 -30 -31
leaf_value=-0.050184776767408415 -0.050311715631858323 -0.038652988928175445 0.68233221789658316 -0.050242307551236404 0.50654321745769515 0.0057114231222810431 0.50429525664268737 0.031496726636740371 0.00010340452382347859 -0.050188703411699231 0.096645363128430861 0.13162631630799429 0.35216743689060498 -0.051435610096769127 -0.017933282393248508 -0.043543915672575123 0.18284758877907153 0.1794672074760546 0.021395584680054338 -0.050127219733648712 0.073816433983296861 0.037627541211669446 0.1958036388381782 -0.05015273638869247 0.29775786109685221 -0.034525099473640249 -0.050277490729905019 -0.050396128106026762 0.4069003843501755 0.03282846587036678
leaf_weight=1.015402865392389 0.69320884090848689 8.6629005469148943 0.1364488594699641 0.51938958163373172 0.089801547233946621 8.0487182089127582 0.35979051096364856 0.610117023345083 2836.0138068144443 5.3377570519223818 1.0213768969988448 1.0999549366533745 0.12383255851455111 0.14005995425395668 12.095257290260635 7.5129934067372233 0.42320889269467343 0.43299351830501009 9.6275358512648364 4.1723415676387994 1.6095963543048153 2.5725813495228058 0.20239660219522182 1.1841025140602139 0.14007103577023361 16.029943757486766 0.098819583887233331 0.47651311624213122 0.2167184934951365 4.2064524754532604
leaf_count=653 199 2525 29 131 25 2326 69 157 177175 1570 283 324 25 20 6134 3179 54 79 3446 3626 945 809 36 686 7 10733 38 269 25 1682
internal_value=-9.12851e-05 0.000102926 0.0167357 0.150872 0.0318341 0.0109109 0.0996808 0.206883 -1.8224e-06 0.00139084 -0.0266048 0.0208503 -0.0334321 0.137957 -0.00905654 0.000394302 0.0127183 0.0344417 0.0281988 -0.0207862 0.0258503 -0.0179462 -0.0372651 0.0203044 0.0510597 -0.0173003 -0.0293803 0.0747427 0.263722 -0.00483485
internal_weight=2924.87 2862.86 17.9166 0.74564 0.609191 17.1709 1.66312 0.969908 2844.94 15.5078 6.35913 9.14867 8.92679 0.263893 62.0169 28.8932 17.2811 10.4837 10.0605 6.79734 2.625 11.6121 7.71539 3.89675 2.71265 33.1237 16.822 0.792051 0.315538 16.3017
internal_count=217259 184858 5113 185 156 4928 425 226 179745 4503 1853 2650 2570 45 32401 13520 8803 3579 3525 5224 1598 4717 3215 1502 816 18881 11065 332 63 7816
is_linear=0
shrinkage=0.05


Tree=90
num_leaves=31
num_cat=0
split_feature=1 2 2 3 3 2 3 3 0 0 4 0 4 1 1 4 4 2 2 4 0 3 1 0 2 0 3 2 1 4
split_gain=1.99364 2.1566 2.06147 2.81184 1.83744 1.52177 2.01388 6.09842 8.90424 3.53037 1.59632 2.41332 1.56427 1.72285 4.6783 1.50747 6.17694 5.58245 5.86356 3.4061 4.05159 7.91963 3.00893 2.88707 2.79323 5.65011 2.07715 1.89413 1.6505 1.42422
threshold=0.00027455066689268314 0.72790943845145673 0.7314768603638564 0.00025618855503917187 -0.00086604769411952043 0.34453880725394309 0.0030906884402587269 0.0041574419235193014 -0.0010870397291000697 0.00053457309961979515 -0.0018852204562507799 0.0034974138146374183 -0.01971381338445027 0.0021016602980519173 0.0020713887701186992 -0.00011827880845804993 -8.418251052877411e-05 0.81907146867228309 0.83822268376128084 -0.00052335539989739599 -0.00087923799389472135 -0.0014680660999146775 0.0003208030935465211 0.0010291889427778147 0.47686712789713726 -0.0023838248343276964 0.0057299358542175502 0.63572194656837 0.0047069043026143854 -0.00044261310350468536
decision_type=2 2 2 2 2 2 2 2 2 2 2 2 2 2 2 2 2 2 2 2 2 2 2 2 2 2 2 2 2 2
left_child=1 -1 3 -3 29 6 12 8 -8 -10 -9 -12 -2 14 -14 19 17 28 -19 24 26 -22 -18 -24 25 -7 -21 -26 -17 -4
right_child=5 2 4 -5 -6 15 7 10 9 -11 11 -13 13 -15 -16 16 22 18 -20 20 21 -23 23 -25 27 -27 -28 -29 -30 -31
leaf_value=-0.050047273414996096 0.075938200556791902 -0.050315229939206833 -0.0080312101041173905 0.27178672373795787 -0.019867970357963616 -0.042307881928834661 0.28396633656431219 0.080088969741536717 -0.050897468970085125 0.11467832455336623 -0.038573957600441244 0.10422250744571115 -0.018377396656204963 -0.050838033610492273 0.24811910388168751 -0.05045357563297187 -0.039341601918507371 0.25992682111120963 0.04316928120561847 -0.032525133924548442 0.036496714844131833 -0.009756181248130066 0.0023004855491051855 -0.0024065474060359993 -0.0077763399135738044 0.023121624216396811 0.090857711063572655 -0.0001347859918726173 0.054608478786099361 0.074209304383543076
leaf_weight=3.908414341392926 0.39248267095536071 0.12219732545781781 1.0875384200480769 0.15207939315587282 9.4111378746456449 3.7804692382924285 0.44313654117286194 0.37199771683663119 0.70799500285647698 0.59039099374786019 3.9573727636598051 0.31979305576533068 10.640136418340258 4.5823001158423731 0.16727051418274719 2.1355493021546859 4.6471461112378156 0.32104852085467328 11.068785161012782 18.708425256772902 10.265690151019951 93.983694768801797 1135.5250409170985 456.81628543342231 87.98850071313791 25.935077120026108 0.34744724631309409 1034.851959513966 0.4531424045562743 1.0203494245652098
leaf_count=6869 17 40 298 22 7152 79 12 7 61 31 263 10 2660 341 12 417 2827 35 950 1158 839 13184 85903 15460 7745 2709 8 68061 5 84
internal_value=-9.04161e-05 -0.0178589 -0.00719139 0.128282 -0.0104171 5.49171e-06 -0.0130434 0.0106369 0.0904414 0.0243917 -0.019257 -0.0278974 -0.0226322 -0.025146 -0.0142527 0.000105716 0.00112253 0.0342153 0.0492791 -0.00117817 -0.00907653 -0.00520155 0.000832869 0.000950116 -0.000333168 0.0147976 -0.0302755 -0.000733597 -0.0320628 0.0317783
internal_weight=2924.7 15.7017 11.7933 0.274277 11.519 2909 22.1729 6.39069 1.74152 1.29839 4.64916 4.27717 15.7822 15.3897 10.8074 2886.83 1610.97 13.9785 11.3898 1275.86 123.305 104.249 1596.99 1592.34 1152.56 29.7155 19.0559 1122.84 2.58869 2.10789
internal_count=217259 14465 7596 62 7534 202794 3414 384 104 92 280 273 3030 3013 2672 199380 105597 1407 985 93783 15189 14023 104190 101363 78594 2788 1166 75806 422 382
is_linear=0
shrinkage=0.05


Tree=91
num_leaves=31
num_cat=0
split_feature=1 1 2 4 0 3 0 0 0 3 2 2 0 4 4 3 2 3 2 2 0 4 4 1 3 2 2 3 3 0
split_gain=1.91761 5.70563 14.8862 14.8403 7.53015 15.9847 11.2176 4.73121 3.43508 4.02421 4.58019 7.16837 3.91604 7.80141 8.25963 2.45457 3.40712 2.37479 5.83718 5.40474 2.32872 5.54026 2.4305 1.85632 5.88686 1.41775 4.58524 2.69675 13.5615 8.36431
threshold=0.00084286461641908605 0.00084987223197117393 1.0214854113899843 -0.0038695313738674737 -0.00050309421860617032 -0.0011438371627436326 0.00020327856641044753 0.00069671179368480118 -0.00043037086184610768 0.001734335575684365 0.69800542922437958 1.0446572270350234 -0.00042037408891287814 0.0024415447333068223 -0.0012708811288795194 -0.0021068910234733891 0.79617975823889076 -0.0013078678418224075 1.082084480294645 1.5335328733241667 -0.00083681698517462644 -0.0009925517729875153 0.0046081204878948298 0.000836447987361285 0.00199614667989001 1.7825038478759392 1.6569826716253035 0.00077185740628726862 -0.00039398164263898522 -0.0023838248343276964
decision_type=2 2 2 2 2 2 2 2 2 2 2 2 2 2 2 2 2 2 2 2 2 2 2 2 2 2 2 2 2 2
left_child=7 2 15 -4 5 -5 -6 8 9 20 -11 -12 13 14 -10 16 -2 18 -14 -19 21 -1 -22 -9 -25 26 -3 28 -28 -29
right_child=1 25 3 4 6 -7 -8 23 12 10 11 -13 17 -15 -16 -17 -18 19 -20 -21 22 -23 -24 24 -26 -27 27 29 -30 -31
leaf_value=-0.050369210521770319 0.25721872665002782 0.00023139657885846304 0.43724136566296129 -0.050554749293214019 -0.050706560221215016 0.42361033542313831 0.12760564265974433 -0.044445700321650572 0.14742553442602499 -0.050749276881220023 0.13574736230117218 -0.050883232285323488 -0.0043440948303166459 0.30504348552025445 -0.026587413620788217 -0.050432242937960642 -0.050646165086753826 -0.0011020125625336246 0.038583100874492453 -0.030125503471334521 -0.022944993560667499 0.075890735417456098 0.12283834087288677 -0.05036639769155863 0.35364802295433995 -0.0042976264841639864 0.0065660376168847198 0.18202841137587544 0.077570658251282509 -0.0012351141189802309
leaf_weight=1.551420305069769 0.16245473618619177 2235.3562077229144 0.30694712232798327 0.30720211612060666 1.6028408952988686 0.42176424479112018 1.9612973048351703 8.458160864975067 1.0097387991554576 1.0201065041183022 1.607449096743949 0.75672261777799565 21.6911107506603 0.28090971545316268 2.1004902483255128 3.0902421624632535 0.20113377459347248 340.07213182651321 12.472799072507767 16.834459744393826 42.007423678413033 1.9747599829861417 0.28786292573204164 0.33288904116489071 0.12365558953024447 155.55693371756934 31.662495454307646 0.63492328114807506 8.5381467593833786 32.111457865219563
leaf_count=328 23 108644 12 29 126 39 135 1921 106 123 119 52 4544 20 335 467 20 74058 1380 5445 8311 366 22 56 14 7666 1282 10 472 1134
internal_value=-8.79e-05 0.000459944 0.0424756 0.101377 0.0773639 0.223787 0.0474162 -0.00308011 -0.00235546 -0.0148122 0.0378021 0.0760108 -0.000801586 0.0526974 0.0299061 -0.035974 0.0869107 -0.0012655 0.0113281 -0.00247098 -0.0186982 0.0203399 -0.0219528 -0.0391448 0.0590613 0.000322603 0.000633961 0.01297 0.0216466 0.0023182
internal_weight=2924.5 2471.91 8.05388 4.60005 4.2931 0.728966 3.56414 452.582 443.667 49.2057 3.38428 2.36417 394.462 3.39114 3.11023 3.45383 0.363589 391.071 34.1639 356.907 45.8215 3.52618 42.2953 8.91471 0.456545 2463.86 2308.3 72.947 40.2006 32.7464
internal_count=217259 120059 851 341 329 68 261 97200 95209 9321 294 171 85888 461 441 510 43 85427 5924 79503 9027 694 8333 1991 70 119208 111542 2898 1754 1144
is_linear=0
shrinkage=0.05


Tree=92
num_leaves=31
num_cat=0
split_feature=1 2 4 2 0 2 4 1 2 0 3 1 0 0 2 4 3 2 3 3 4 0 0 0 2 1 0 1 1 3
split_gain=1.81218 2.10577 1.91546 2.16155 1.96413 2.49321 2.12346 1.83143 2.039 1.70738 1.67081 1.42544 2.5034 2.89036 5.38116 2.21911 4.17906 5.15721 2.33646 7.62282 4.15339 2.04209 1.75997 3.05573 4.67183 8.74238 5.01962 2.83812 3.01819 9.12168
threshold=0.00027455066689268314 0.72790943845145673 -0.00024733938399912331 0.7314768603638564 -4.672788021514717e-05 0.88696898271053526 -0.0022166198816187528 7.2314338125082565e-05 2.2805298981407822 -0.00020399848623858793 0.0002437426846623181 0.0020713887701186992 -0.0018761141711735594 -0.002229494556617861 1.2988924194034019 -0.011829427218029652 -0.0058651521522701247 1.0178777780262387 0.0001300012769559489 -3.573082311425501e-05 -0.001929242926722585 -0.0031018881020380968 0.0018536320536591824 -0.00023118356869300524 0.60119237387647095 0.0037121740626717237 0.00029369869507922536 0.0021922700897379905 0.0022566579747665609 0.0014794929861078334
decision_type=2 2 2 2 2 2 2 2 2 2 2 2 2 2 2 2 2 2 2 2 2 2 2 2 2 2 2 2 2 2
left_child=1 -1 3 -3 6 -6 -5 9 -9 -4 -10 12 13 14 21 16 17 -14 19 -17 -20 -2 23 -13 25 -25 -26 -24 29 -29
right_child=11 2 7 4 5 -7 -8 8 10 -11 -12 22 15 -15 -16 18 -18 -19 20 -21 -22 -23 27 24 26 -27 -28 28 -30 -31
leaf_value=-0.050044521917753285 0.090693914386289237 0.1617988156544129 0.1662542973505344 0.084232405397838828 -0.05034474565339038 0.045823864063630509 -0.050262517699779033 -0.05012178506228937 -0.050130734734898111 -0.05005797538688176 0.15342829219198295 0.00017212125120447949 0.034027424382238665 -0.050770738957599738 0.17309657395957465 -0.0015246104769131069 -0.02214133829807502 0.21951160542141224 0.017490127058350003 -0.020225542082757432 7.5467538608247467e-05 -0.050818573111696685 -0.040388507204977143 0.0039641231518455248 0.015373466544477792 0.051522429881086497 0.00056115260017425446 0.15428579664457576 -0.0017309357300703176 -0.023168986674774083
leaf_weight=3.707382818509358 0.31716278288513433 0.22809390549082209 0.21765358204720542 0.34274934668792445 0.84818084322614584 3.2810411906684749 2.0414244680432603 4.0945242964371573 0.17584385914960865 0.15704568097134952 0.23622751794755459 666.78288601804525 1.168862138874829 5.0978251448832443 0.44617001432925452 653.64346085721627 1.4313206204678852 0.55159675329923619 35.900335689773783 59.447402718593366 739.58433454768965 1.2992846274282783 4.7077748673036686 25.951893305871636 73.503327501472086 15.395615659654139 257.80188314709812 1.2155888755805784 363.00529333110899 1.7913182801567016
leaf_count=6869 7 17 21 39 424 778 1067 4855 129 204 62 17967 55 379 32 78387 83 14 3284 9228 73775 92 248 916 1996 219 7729 59 8235 89
internal_value=-8.75306e-05 -0.0172332 -0.00676725 0.0105047 0.0052065 0.0260699 -0.0309275 -0.0306213 -0.0394524 0.0755925 0.0665632 2.82441e-06 -0.00107071 -0.0305642 0.0193771 -0.000929143 0.0409813 0.0934956 -0.00101788 -0.00308363 0.000881663 -0.0230524 0.00114391 0.00219882 0.00582516 0.0216723 0.00384741 -0.00181386 -0.0013177 0.0485699
internal_weight=2924.37 15.3302 11.6228 6.74149 6.5134 4.12922 2.38417 4.88129 4.5066 0.374699 0.412071 2909.04 1498.89 7.16044 2.06262 1491.73 3.15178 1.72046 1488.58 713.091 775.485 1.61645 1410.16 1039.44 372.653 41.3475 331.305 370.72 366.012 3.00691
internal_count=217259 14465 7596 2325 2308 1202 1106 5271 5046 225 191 202794 165336 510 131 164826 152 69 164674 87615 77059 99 37458 28827 10860 1135 9725 8631 8383 148
is_linear=0
shrinkage=0.05


Tree=93
num_leaves=31
num_cat=0
split_feature=2 3 4 4 0 0 1 1 1 3 1 2 2 3 2 4 0 3 4 4 4 1 3 2 3 2 4 0 1 1
split_gain=1.76881 2.02335 3.57514 6.37331 4.28809 2.66147 1.86522 1.51485 3.71989 2.47412 3.71479 2.37161 5.23993 2.50928 1.63427 2.04972 4.41348 3.52542 1.87806 1.52465 3.73567 3.45481 3.38807 6.62581 6.40412 2.08254 1.44004 1.40525 1.07513 4.58351
threshold=0.34453880725394309 0.0024764714389029501 0.0047709974741092518 0.004444814761232708 -0.0010870397291000697 0.0034974138146374183 0.00055322937678937512 0.00051486429304699712 0.00050463104117278855 -0.0033586357530174245 0.00047982002565663187 0.70172751240425102 0.75274595213787932 -0.00048657225790005304 2.5960215928036812 0.0036655287885360992 0.00063752341404199619 -0.009891647969271054 0.0047709974741092518 2.9151544804650879e-05 -2.8638124337065914e-05 0.00082314205079962711 0.00077185740628726862 1.6569826716253035 0.0011109196965845005 0.47686712789713726 -0.01971381338445027 -0.0055684417603187866 0.0013244202781700204 0.001791124272628825
decision_type=2 2 2 2 2 2 2 2 2 2 2 2 2 2 2 2 2 2 2 2 2 2 2 2 2 2 2 2 2 2
left_child=1 26 3 4 -3 -4 -6 8 9 10 -2 13 -13 -11 19 17 -17 -16 -18 20 25 -22 23 -21 -24 -9 -1 -28 -29 -30
right_child=7 2 5 -5 6 -7 -8 14 -10 11 -12 12 -14 -15 15 16 18 -19 -20 22 21 -23 24 -25 -26 -27 27 28 29 -31
leaf_value=0.066261763313958985 -0.050576505749107874 0.11759560409595855 -0.037466565265486737 0.25642832303319463 0.10339759950282512 0.11992248073195917 -0.02816894784404296 0.012088328741037073 -0.042457579064409862 0.0082695219040119349 0.20783142916830905 0.035098422868669071 -0.0044300246462288806 -0.030069722938842636 0.022835299001293424 0.15470952147085099 0.058818101903592906 -0.044504309740505503 -0.022455276993183147 0.0032865675827824037 0.019366889503718197 -0.030387985531560913 -0.013285739894500088 0.028531650278458654 0.00092744748804373029 -0.00088297503701127331 0.069308365710001416 -0.04340406351775028 0.047536223124140117 -0.041086369725403762
leaf_weight=0.42423488944768983 0.2381818006397215 0.87116412771865803 3.6511941583012235 0.31870216559036624 0.30823225984931868 0.28993287403136481 2.1376472120173275 31.749829390086234 6.429504857514984 5.9752403572492794 0.33426074380986392 9.3138794206315634 83.966396567673655 14.934953863557892 2.5636984650045624 0.4825434593949457 0.90601069573312987 8.0356771262595412 3.2991863945499063 528.91513987700455 4.3015094214351874 18.469203738495708 87.417801157338545 27.334361599758267 848.5492727663368 1218.0183625295758 0.36791530530899841 7.1370327156328113 2.034679408185184 5.1564394691959023
leaf_count=17 43 28 258 16 44 8 149 2594 1665 2945 5 2908 29168 9999 33 20 51 1128 98 34815 678 1106 7109 1904 37458 78418 10 3938 232 414
internal_value=-8.5112e-05 -0.0139889 0.00710007 0.042859 0.0223393 -0.0258881 -0.0115888 2.36611e-05 -0.00544841 -0.003375 0.100313 -0.00389479 -0.000483175 -0.019114 0.000262209 -0.0160409 0.0114895 -0.0282167 -0.00494491 0.000352354 -0.000919117 -0.020989 0.00143664 0.00452712 -0.000400041 -0.000553445 -0.0245567 -0.0271784 -0.0296559 -0.0160112
internal_weight=2923.93 22.6972 7.57687 3.63575 3.31704 3.94113 2.44588 2901.24 121.192 114.763 0.572443 114.19 93.2803 20.9102 2780.04 15.2871 4.68774 10.5994 4.2052 2764.76 1272.54 22.7707 1492.22 556.25 935.967 1249.77 15.1203 14.6961 14.3282 7.19112
internal_count=217259 5114 503 237 221 266 193 212145 46733 45068 48 45020 32076 12944 165412 1330 169 1161 149 164082 82796 1784 81286 36719 44567 81012 4611 4594 4584 646
is_linear=0
shrinkage=0.05


Tree=94
num_leaves=31
num_cat=0
split_feature=2 3 3 0 2 0 4 1 4 2 2 4 1 1 2 0 0 4 3 0 2 4 4 3 3 0 3 1 2 4
split_gain=1.63844 1.9278 4.64842 4.90242 2.96688 1.59738 1.64631 1.44458 3.39473 3.69189 6.70268 2.77752 2.5827 4.91238 4.79912 12.6824 4.69514 3.73772 22.2451 3.76751 2.33033 4.29726 12.5991 1.92223 13.2645 1.65468 1.64416 1.33924 2.79194 2.58021
threshold=0.34453880725394309 0.0030906884402587269 0.0041574419235193014 -0.0010870397291000697 0.26703597801559081 0.0034974138146374183 -0.0018852204562507799 0.00032545432537728645 -0.001842030055391408 0.4345950987534733 0.42183852834101526 -0.0018852204562507799 0.0003531683110917755 0.00038449688834479563 0.39534047045370468 -0.00021875524528297549 0.00059596848035414773 0.00053657480581736927 -0.00056827801778330789 -0.00079713033080913698 0.88696898271053526 0.00022360734567605792 0.00020481452523457569 0.00019533725199882837 0.00021983971510586289 -0.00023118356869300524 -0.00088656206084414258 0.0095356782504780226 2.0982060614081832 -0.01971381338445027
decision_type=2 2 2 2 2 2 2 2 2 2 2 2 2 2 2 2 2 2 2 2 2 2 2 2 2 2 2 2 2 2
left_child=1 -1 3 -3 -5 6 -4 8 9 10 -2 26 14 16 15 -9 25 19 -19 -16 23 22 -22 -10 -25 -14 -11 28 -15 -29
right_child=7 2 5 4 -6 -7 -8 12 20 11 -12 -13 13 27 17 -17 -18 18 -20 -21 21 -23 -24 24 -26 -27 -28 29 -30 -31
leaf_value=-0.022926846542886205 -0.050159669014535224 0.19262354967247353 0.068188208144595613 0.097277925548897082 -0.051219410409480019 0.080220253439769157 -0.037753034536350538 0.95557196277144085 -0.050164349978838507 -0.050417863315556713 0.63491075061083757 0.21785814488310307 0.0017468146138211592 0.00018841504511571969 0.227305138049329 -0.050081503896888917 0.21275530170035781 0.6936769495277546 0.037878512540539838 -0.0061652943411141491 0.0093516702498686322 -0.050090076894120317 0.69811224325523857 0.22847398055274618 -0.038520580017107162 -0.050153389209719727 0.055982669179330091 -0.0075467910399420858 -0.010826426920750462 0.010644469731222002
leaf_weight=15.89745680842316 0.070148292550586855 0.60196343064308178 0.40663484390824978 0.65462513695820101 0.69184001235407777 0.37648227531462897 3.7347282390110199 0.049713299493305385 6.7068770786572731 0.62741895567160078 0.072714101173914969 0.18242575082695101 1.9127393553499121 2694.6112816460081 0.17728755855932732 0.08487556700128962 0.18739455996546972 0.13443771190941367 3.390352189890109 6.81883067684248 10.247127072681902 3.5313946902460875 0.066829425166361811 0.52459137045661908 4.1077486798458267 7.7914883536286625 0.8617603188904468 26.49511481076479 58.784425453632139 73.753182768821716
leaf_count=4718 68 12 7 46 58 10 263 18 6207 250 22 33 675 180121 9 57 30 48 1249 2714 4412 3259 73 184 3795 3442 211 232 4424 612
internal_value=-8.26239e-05 -0.0135643 0.00945354 0.074007 0.0209771 -0.0183867 -0.0273508 2.12995e-05 -0.0114903 0.0545625 0.298527 0.0337122 0.000129435 3.80059e-05 0.0246999 0.321378 -0.0351367 0.0209047 0.0628911 -0.000248956 -0.0162492 -0.002485 0.0138145 -0.0330555 -0.00828466 -0.0399237 0.0111541 0.000159933 -4.67495e-05 0.00583661
internal_weight=2923.55 22.3637 6.46627 1.94843 1.34647 4.51785 4.14136 2901.19 26.999 1.81447 0.142862 1.67161 2874.19 2863.54 10.6555 0.134589 9.89162 10.5209 3.52479 6.99612 25.1846 13.8454 10.314 11.3392 4.63234 9.70423 1.48918 2853.64 2753.4 100.248
internal_count=217259 5114 396 116 104 280 270 212145 18514 584 90 494 193631 189536 4095 75 4147 4020 1297 2723 17930 7744 4485 10186 3979 4117 461 185389 184545 844
is_linear=0
shrinkage=0.05


Tree=95
num_leaves=31
num_cat=0
split_feature=1 2 4 2 1 1 2 1 2 2 2 1 2 3 4 4 0 1 2 3 1 4 4 3 4 2 2 2 3 4
split_gain=1.57884 1.97208 1.78977 1.70488 1.9551 2.41537 1.54127 1.83912 1.44122 3.29589 1.39957 1.25396 2.44861 7.36258 11.8576 6.99465 10.8792 9.12834 5.90056 8.47052 4.99851 4.35124 3.28044 2.32288 5.82197 2.96076 2.05556 1.89427 2.77885 4.40469
threshold=0.00027455066689268314 0.72790943845145673 -0.00024733938399912331 0.98510136411759774 0.00015742747950166171 0.00019978523100136546 2.2805298981407822 7.2314338125082565e-05 1.5203244504906723 1.5335328733241667 2.4086379413156425 0.0061176626780651425 1.4209356808876568 -0.0020004109893387851 0.008152865070594208 0.00097345419898842167 -0.0035137435184973138 0.0013987644247581007 1.3907483709178752 -0.0058651521522701247 0.00061269879286287242 -0.00028248386939910825 -0.0084185540980666867 -0.0041984807775662372 -0.0044468879863159274 1.1614133538748133 0.42183852834101526 0.54038694474353488 0.00097158977015421321 0.014046758246105242
decision_type=2 2 2 2 2 2 2 2 2 2 2 2 2 2 2 2 2 2 2 2 2 2 2 2 2 2 2 2 2 2
left_child=1 -1 3 4 -3 -6 7 -4 -5 -10 -8 12 18 14 20 17 -17 -15 23 22 -14 -21 -20 24 -2 -25 -13 28 -28 -30
right_child=11 2 6 8 5 -7 10 -9 9 -11 -12 26 13 15 -16 16 -18 -19 19 21 -22 -23 -24 25 -26 -27 27 -29 29 -31
leaf_value=-0.050042264802119221 -0.0013795652626706781 -0.050401841042158994 0.062902528240754305 -0.050224815808531845 0.10123024859120951 0.01347804020620632 0.13309355976306256 -0.050118874185632024 0.2156030969675613 -0.014814351731740264 -0.050102206937513438 -0.038156786375593318 0.13181035614041661 -0.005187524790797469 0.21094815088004043 0.2110904120816911 -0.0084150521833488787 0.020368312303548214 0.20514843621952134 -0.0070752078142577004 -0.020089120629044221 0.027188793895153246 0.063436433474578321 -0.0015877296590723962 0.016437120711399109 0.00323944913874673 0.040711752698188525 0.0025331183976556246 -0.056616937579402775 0.038788150290882256
leaf_weight=3.3622588407306457 126.71803648781497 0.62357161927502547 0.3972703478357279 1.6325890942825938 1.2457732235197911 2.1162725806352682 0.25942800781922404 3.8303849658987019 0.18602997902780749 0.9363560535130091 0.17430507627432235 3.0170774571597567 0.54528683691751112 69.262545049190521 0.5642801970243444 0.56649664416909118 158.22160317836097 70.51789823663421 0.77434426639229059 14.785775680327786 79.814744737464935 24.818385315709747 0.86406598985195049 1564.435680934519 71.850099207367748 398.5880878707394 7.813691593706606 310.43200711347163 2.3494425565004349 2.4940603971481323
leaf_count=6869 4269 256 215 892 225 671 45 4855 10 271 156 67 57 9880 8 10 9204 3620 19 998 4182 1399 24 137278 2186 26263 60 3227 25 18
internal_value=-8.17344e-05 -0.016391 -0.00646778 0.0100057 0.0309121 0.0459938 -0.0302893 -0.0394983 -0.0202395 0.0233762 0.0594724 1.05716e-06 -0.000367883 -0.00407737 -0.0174546 -0.000451594 -0.00763194 0.00770515 0.000271167 0.0190056 -0.0190584 0.0143967 0.130412 -8.628e-05 0.00506724 -0.000607581 0.00292257 0.00330618 0.0222665 -0.00749009
internal_weight=2923.2 14.7642 11.402 6.74059 3.98562 3.36205 4.66139 4.22766 2.75498 1.12239 0.433733 2908.43 2582.33 379.493 80.9243 298.569 158.788 139.78 2202.83 41.2426 80.36 39.6042 1.63841 2161.59 198.568 1963.02 326.106 323.089 12.6572 4.8435
internal_count=217259 14465 7596 2325 1152 896 5271 5070 1173 281 201 202794 199397 26961 4247 22714 9214 13500 172436 2440 4239 2397 43 169996 6455 163541 3397 3330 103 43
is_linear=0
shrinkage=0.05


Tree=96
num_leaves=31
num_cat=0
split_feature=1 4 1 1 0 2 2 3 3 3 4 4 1 0 0 4 4 3 0 2 1 0 4 0 0 2 3 2 4 2
split_gain=1.50396 2.08232 1.81015 2.1743 1.86507 1.23164 1.21949 1.67924 6.11643 1.99575 2.87988 1.38686 1.44223 3.69261 2.00068 1.24145 10.2939 7.61553 8.09471 6.45092 2.91582 2.54566 2.53414 4.08925 8.77387 2.36837 2.18656 2.16381 5.13327 1.81889
threshold=0.00023750954286246465 -0.0004216111543280387 0.00019978523100136546 0.00012387956022745888 6.1222537608873764e-05 0.72790943845145673 0.34453880725394309 0.0012688419928289509 0.001326158826527313 0.0024764714389029501 0.0047709974741092518 -0.01971381338445027 0.00032545432537728645 0.00050251723540917237 -0.0003158033247315783 -0.00010190044564761801 -8.418251052877411e-05 0.00037580238892320766 0.00034846623781392699 1.0103655737663886 0.0003208030935465211 0.0010291889427778147 -0.00052335539989739599 -0.00087923799389472135 -0.00083681698517462644 2.2805298981407822 0.0062730539899076296 0.47686712789713726 -0.00096536523365048355 0.63572194656837
decision_type=2 2 2 2 2 2 2 2 2 2 2 2 2 2 2 2 2 2 2 2 2 2 2 2 2 2 2 2 2 2
left_child=1 2 3 -1 5 -5 7 11 -9 -10 -11 -2 13 -13 -14 22 17 19 -19 -17 25 -22 27 26 -25 -18 -24 28 -8 -29
right_child=6 -3 -4 4 -6 -7 15 8 9 10 -12 12 14 -15 -16 16 20 18 -20 -21 21 -23 23 24 -26 -27 -28 29 -30 -31
leaf_value=-0.050154699105431147 0.062174264114272182 -0.041435094136189114 -0.05018070097943627 -0.050039632598501721 -0.050289910133396322 0.081063722922696285 0.0064015450152988783 0.19275223037734215 -0.050502151164717228 0.037059399514682512 -0.024586921519667085 -0.050055144484102448 -0.0062954865633922975 0.24865953702514088 -0.050440659057333206 -0.051702215341828131 -0.041336822326276293 0.039066652571047085 0.19672908755675325 0.070332141215792759 0.0021163258592784345 -0.002305333422387383 -0.030743137318720595 0.11669448505134208 -0.0055887177846068968 0.099891830576861129 0.099735655777761181 -0.0076163805128831742 0.078551356610447987 -0.00011272012628923724
leaf_weight=0.73297219639061983 0.43924348056316276 5.1439193110563775 1.0680829082848502 0.19897156092338297 0.4000069937610532 1.7975025704363359 27.895776232326174 0.40787493693642218 1.9210612385650145 3.8286417692434043 3.7502575896214694 0.28144868029630998 4.384757189312948 0.16359129612101242 6.1894719742122106 1.9559925217472471 5.7117668185092034 1.6510755179624541 1.6060024574398992 2.4261384981800802 1138.8669634496327 455.78907878691098 19.514560387353416 1.4869026250671584 108.99083646500367 0.31312899343902234 0.32645798102021117 87.594725436036242 2.7042540187248951 1035.1153109305596
leaf_count=840 17 8395 876 338 264 364 2352 22 359 218 262 334 802 6 1551 277 4651 129 74 209 85903 15460 1224 117 15190 74 7 7855 491 68598
internal_value=-7.99633e-05 -0.0201102 0.00602266 0.0252049 0.0482539 0.0679978 -1.5737e-05 -0.0119171 0.00315719 -0.00498295 0.00655503 -0.0249513 -0.0284243 0.0597487 -0.0321352 7.21925e-05 0.000997685 0.0589008 0.116807 0.0158613 0.000721343 0.000852515 -0.0010874 -0.0076964 -0.00394293 -0.0339968 -0.0285963 -0.000340615 0.0127777 -0.000698162
internal_weight=2922.66 9.34146 4.19754 3.12945 2.39648 1.99647 2913.32 21.3663 9.90784 9.49996 7.5789 11.4585 11.0193 0.44504 10.5742 2891.95 1608.32 7.63921 3.25708 4.38213 1600.68 1594.66 1283.63 130.319 110.478 6.0249 19.841 1153.31 30.6 1122.71
internal_count=217259 11077 2682 1806 966 702 206182 3571 861 839 480 2710 2693 340 2353 202611 106777 689 203 486 106088 101363 95834 16538 15307 4725 1231 79296 2843 76453
is_linear=0
shrinkage=0.05


Tree=97
num_leaves=31
num_cat=0
split_feature=1 1 0 2 0 2 2 1 1 4 0 0 3 1 2 2 3 2 0 4 4 2 0 2 0 1 4 4 0 2
split_gain=1.48721 5.35431 4.09918 3.44675 3.1739 2.96404 5.2824 5.04816 2.18636 3.87172 2.04191 6.73189 3.06769 1.44135 5.51712 30.0488 5.56616 5.27957 5.5143 7.57193 4.7904 4.65607 2.90737 4.65001 2.49619 2.38404 7.17353 16.7402 16.456 3.38723
threshold=0.00090583905922923358 0.00089908428074783771 0.00068061316712897401 2.4086379413156425 -0.00043037086184610768 0.92049683423019102 0.9032157915751321 0.000722333161459298 0.00086421487030101873 -0.00077083556441853707 -0.00055091152749991979 -0.00056337230944236694 0.0018161670352141448 0.00095569139337155326 0.97086660811875136 0.96725689877712873 -0.0014326315817526079 1.4318313546786254 -0.00025195581622727831 0.00022360734567605792 -0.0023224757669887959 1.4544051139667935 0.00068061316712897401 1.1614133538748133 -0.00079713033080913698 0.0010115772202926147 -0.0037597030781724157 -0.0040004886835539035 -0.00024535606503339741 0.61639400686830614
decision_type=2 2 2 2 2 2 2 2 2 2 2 2 2 2 2 2 2 2 2 2 2 2 2 2 2 2 2 2 2 2
left_child=1 2 4 8 10 6 -6 -7 -4 -10 11 -1 -12 14 15 16 -2 22 21 -20 -18 -19 24 -24 -16 26 27 29 -29 -15
right_child=13 -3 3 -5 5 7 -8 -9 9 -11 12 -13 -14 25 17 -17 20 18 19 -21 -22 -23 23 -25 -26 -27 -28 28 -30 -31
leaf_value=-0.0097743228704996795 -0.036885771937772614 -0.05042543568894068 -0.041496491020292139 0.16260038047085645 -0.0024727190328495676 -0.0013540577157324686 -0.040533539542062159 0.013676995278444903 0.12104850634280512 -0.019155156582602115 -0.026447613894123645 0.078254645949002916 0.046085468409663433 0.21281277087686112 0.037070282529561717 0.46175650761076359 0.11564334011453459 0.20366939990611727 0.1464606433174232 0.0161803105141047 0.022871272551866044 -0.050581378798455659 0.082092804786588147 -0.02654609501123617 -0.025643427137159204 0.00050296999210798152 -0.013763255008402571 0.66349655865229462 0.098652931525637644 -0.0069992238736055886
leaf_weight=31.958435602311511 3.7014442028012189 5.7686275811865917 11.262360321561568 0.23479632684029716 174.91927769893664 158.7586388248601 9.6174570622679294 86.182388277957216 0.58225627802312407 3.191018166951836 25.122257416893266 2.3301862931693895 1.5475351467903227 0.18995470763184208 1.7104696007445515 0.39028070122003455 1.5052846281323677 0.1966442717239264 1.775979307712986 2.9979929830878973 18.405290216905989 2.1360692630987614 1.8823326826095574 2.0661009671166539 21.92591193690896 2293.629621009808 55.665715737268329 0.20990268071182072 0.33432758413255115 2.2654722165316343
leaf_count=5537 561 853 2419 38 47814 32383 1800 8077 75 394 4934 411 133 38 147 31 232 17 176 313 2334 234 139 145 1624 100504 5634 23 32 207
internal_value=-7.80034e-05 -0.00252688 -0.0019805 -0.0274919 -0.00118616 0.000329218 -0.00445633 0.00393461 -0.0304604 0.00247976 -0.0118627 -0.00379205 -0.0222388 0.000441509 0.0081809 0.0266105 0.019418 -0.00457012 0.0338589 0.0646463 0.0298851 -0.0291484 -0.0144706 0.0252452 -0.0211051 0.000248398 -0.00970455 0.0656143 0.316506 0.0100057
internal_weight=2922.46 511.475 505.707 15.2704 490.436 429.478 184.537 244.941 15.0356 3.77327 60.9584 34.2886 26.6698 2410.99 58.6938 24.0023 23.612 34.6915 7.10669 4.77397 19.9106 2.33271 27.5848 3.94843 23.6364 2352.29 58.6654 2.99966 0.54423 2.45543
internal_count=217259 104868 104015 2926 101089 90074 49614 40460 2888 469 11015 5948 5067 112391 5953 3158 3127 2795 740 489 2566 251 2055 284 1771 106438 5934 300 55 245
is_linear=0
shrinkage=0.05


Tree=98
num_leaves=31
num_cat=0
split_feature=1 4 1 1 0 0 0 1 0 4 0 1 4 2 2 3 2 1 2 2 2 2 2 2 4 0 0 1 3 1
split_gain=1.37542 1.98409 1.67379 1.9381 1.60329 1.23266 1.43793 1.19061 2.79958 4.74252 3.71969 7.07996 6.62771 4.65849 4.46912 4.16987 3.10081 4.11613 3.09029 2.65763 1.67809 1.75929 2.21882 3.85766 3.57963 2.08169 4.2669 3.47008 1.03988 5.39619e-05
threshold=0.00023750954286246465 -0.0004216111543280387 0.00019978523100136546 0.00012387956022745888 6.1222537608873764e-05 -0.00022544248010009091 -0.00023118356869300524 0.0029485330554263997 0.00086051482639970544 0.019000313049943655 -0.00060229409027467973 0.0027707562818700768 0.00069784627065094817 0.65761401194942759 0.46733296760612802 -0.0064138170379786632 0.98510136411759774 0.0024013732880255006 1.3461156294184053 2.2805298981407822 0.22869835620335524 0.74206127436356062 0.77331692293408028 0.77979435906100714 0.0025020967292997969 -0.00014414284557162646 0.0025466717849672586 0.005268957745367479 -0.00088656206084414258 0.0041264509327124518
decision_type=2 2 2 2 2 2 2 2 2 2 2 2 2 2 2 2 2 2 2 2 2 2 2 2 2 2 2 2 2 2
left_child=1 2 3 -1 28 6 -3 8 10 16 13 15 -13 14 -2 -12 17 -10 -15 -18 29 25 24 -24 -23 27 -27 -22 -5 -9
right_child=7 5 -4 4 -6 -7 -8 20 9 -11 11 12 -14 18 -16 -17 19 -19 -20 -21 21 22 23 -25 -26 26 -28 -29 -30 -31
leaf_value=-0.050145556526979863 0.005141204475977032 -0.050124542665934614 -0.050169380601870012 -0.050472975284493141 -0.050273232879380861 -0.050062076421437354 0.10827015805221084 -0.050568990611125436 -0.0061170064011275152 0.10780697197763155 0.037523913719530892 -0.0009105830415254174 0.060848904871957377 0.00049690382976946227 -0.028410335864842186 0.0009345013771784364 -0.00052779151037797914 -0.026550119288049331 -0.0098717523716803507 -0.039461372421018992 -0.007961324046316413 -0.026976940839651992 0.036430596255396248 0.00055652949229255183 0.0048232652141068991 0.018179913940468456 -0.00090689957965628387 0.010494842975873364 0.072606124467587851 -0.051172714835132985
leaf_weight=0.69346851165755685 14.099039958848151 0.2907354574999772 1.0106385454419067 0.18857914593536484 0.37853973821620446 4.3517969615932071 0.28251493448624376 0.62684989185072371 102.885546999285 0.93275688122957845 7.8423685829620799 7.8680058680474785 9.6991219501942378 306.30269711383153 33.52637508083717 1096.3630026032042 209.60458097147057 32.410948489326984 93.888028922665399 4.4767565783113232 57.670500176027417 18.633761147968471 7.5719268862158051 726.32027852255851 16.853478342294693 67.397219887003303 51.774667779915035 45.610297659412026 1.9076393255672881 0.90374823845922947
leaf_count=840 1434 410 876 103 264 7959 26 67 7844 21 305 263 217 21289 3449 132047 11150 1452 6677 469 1368 369 131 14921 235 1191 772 456 599 55
internal_value=-7.80773e-05 -0.0194823 0.00585811 0.0237304 0.0444317 -0.0409834 0.0279371 -1.74394e-05 -0.000744516 -0.00478602 0.000157493 0.00169539 0.0331879 -0.00369492 -0.0184777 0.00119437 -0.00508662 -0.0110119 -0.00193567 -0.00134195 0.0013878 0.00146853 0.000336213 0.00092666 -0.0118745 0.00538479 0.00988758 0.000189187 0.0615337 -0.0509255
internal_weight=2922.37 9.10391 4.17887 3.16823 2.47476 4.92505 0.57325 2913.26 1919.9 350.311 1569.59 1121.77 17.5671 447.816 47.6254 1104.21 349.378 135.296 400.191 214.081 993.363 991.832 769.379 733.892 35.4872 222.453 119.172 103.281 2.09622 1.5306
internal_count=217259 11077 2682 1806 966 8395 436 206182 186617 20936 165681 132832 480 32849 4883 132352 20915 9296 27966 11619 19565 19443 15656 15052 604 3787 1963 1824 702 122
is_linear=0
shrinkage=0.05


Tree=99
num_leaves=31
num_cat=0
split_feature=1 1 0 0 2 2 2 1 1 4 0 0 3 0 0 4 2 2 0 0 0 1 0 2 2 1 1 1 0 3
split_gain=1.36936 5.1102 3.81254 2.8687 2.82394 2.66459 4.9966 4.46541 2.11192 3.14601 1.94302 5.65861 2.7744 1.31229 4.63178 8.50242 6.60248 12.0906 8.90857 3.80081 3.25867 3.25579 15.1311 2.9522 2.93478 10.4917 2.92625 2.32371 4.90019 9.18759
threshold=0.00090583905922923358 0.00089908428074783771 0.00068061316712897401 -0.00043037086184610768 2.4086379413156425 0.92049683423019102 0.9032157915751321 0.000722333161459298 0.00086421487030101873 -0.00077083556441853707 -0.00055091152749991979 -0.00056337230944236694 0.0018161670352141448 0.00086051482639970544 0.00052372744102480173 0.019000313049943655 0.69418942701583874 0.6783480397728886 0.00057134231361688503 0.0008817060928276722 0.00051322401142950291 0.00091278054711174726 0.00047850855493569716 0.7598123612692852 1.6371547559179547 0.0015737101905529116 0.001791124272628825 0.0030133310858226655 0.0010001210410848229 0.0033284407825776578
decision_type=2 2 2 2 2 2 2 2 2 2 2 2 2 2 2 2 2 2 2 2 2 2 2 2 2 2 2 2 2 2
left_child=1 2 3 10 8 6 -5 -7 -4 -10 11 -1 -12 14 20 16 17 -16 -18 24 21 22 -2 26 -15 -26 -22 -21 29 -29
right_child=13 -3 4 5 -6 7 -8 -9 9 -11 12 -13 -14 19 15 -17 18 -19 -20 27 23 -23 -24 -25 25 -27 -28 28 -30 -31
leaf_value=-0.0092638304740899867 0.022570682977257516 -0.050404837346200139 -0.04110321213393351 -0.002376096403928313 0.13225740744741987 -0.0013167217333298858 -0.040092577589881738 0.012757398259444445 0.10198206588991826 -0.018545797465552783 -0.025826337040604431 0.068627152847455034 0.041749741430196601 -0.037177493872284299 0.020096823293698916 0.13503833803191057 0.032574817952813279 0.13812766743291571 -0.0007622167837598525 -0.0038762345037248514 0.11079749784854356 0.00024032502521973917 0.47560910080409169 -0.051240616133706098 -0.050625658376500099 0.31730367169749724 -0.051711025110629784 0.067294713267511061 0.00083211637281632169 -0.037490558423187853
leaf_weight=31.565986099711154 6.1534762440714976 5.4907372423913321 10.802622778894142 174.53343022119952 0.2737220008857556 158.62221071787644 9.2463637449836806 87.417915273690596 0.65459872642532024 3.1310595674440274 24.493575905711626 2.5176934153423636 1.6192962277564209 10.663464149460193 24.907775104977194 1.3169710841029871 23.264368182281032 2.3767260275781146 144.58314768783748 344.41150942631066 0.61986961727961787 1439.26396269002 0.1899976199492811 5.2366510285064578 0.67760591581463891 0.27134685218334198 0.5008244551718235 7.0544857881031913 397.00977271748707 2.9737075790762901
leaf_count=5537 653 853 2419 47814 38 32383 1800 8077 75 394 4934 411 133 644 1779 19 1321 183 8298 19749 69 71364 16 301 61 14 20 152 7697 51
internal_value=-7.5876e-05 -0.00242875 -0.00190699 -0.00115031 -0.0268558 0.000281385 -0.0042737 0.00368381 -0.0298413 0.00229533 -0.011373 -0.00351018 -0.0216358 0.000422091 0.00121567 0.00842116 0.00756661 0.0303784 0.00385844 -0.00129225 0.000240775 0.000397856 0.0361399 -0.0354782 -0.0296791 0.0545813 0.0381744 -0.000853574 0.00170402 0.0362222
internal_weight=2921.84 510.369 504.878 490.016 14.862 429.82 183.78 246.04 14.5883 3.78566 60.1966 34.0837 26.1129 2411.48 1648.41 196.449 195.132 27.2845 167.848 763.062 1451.96 1445.61 6.34347 6.35735 11.6124 0.948953 1.12069 751.449 407.038 10.0282
internal_count=217259 104868 104015 101089 2926 90074 49614 40460 2888 469 11015 5948 5067 112391 84023 11600 11581 1962 9619 28368 72423 72033 669 390 719 75 89 27649 7900 203
is_linear=0
shrinkage=0.05


Tree=100
num_leaves=31
num_cat=0
split_feature=2 3 3 4 1 1 0 2 4 0 4 4 1 1 0 2 2 2 2 3 4 4 2 2 0 4 1 4 1 1
split_gain=1.32366 1.71907 3.83507 4.02236 3.80333 2.51089 1.96762 1.21448 1.69424 4.55054 2.91618 1.75532 1.86995 1.24549 2.42218 4.17877 11.5768 3.15595 2.13807 4.03989 2.72473 2.49177 4.24699 3.22996 1.74256 3.4988 3.40234 1.14667 1.57762 3.76544
threshold=0.34453880725394309 0.0030906884402587269 0.0046378874756184416 0.0046081204878948298 0.0021922700897379905 0.0010776290799406334 0.0034974138146374183 2.5960215928036812 0.0036655287885360992 0.00056027799258662203 -0.010349860933211661 0.0047709974741092518 0.0095356782504780226 0.0095356782504780226 -0.0055684417603187866 0.94704036489577492 1.0025453380445375 0.64454103904403126 1.9737253054541604 0.00956645831309 -0.010349860933211661 -0.01971381338445027 0.77661458594976129 1.227010792688551 0.0034974138146374183 -0.006727181012526561 0.0061176626780651425 -0.01971381338445027 0.0021016602980519173 0.0020713887701186992
decision_type=2 2 2 2 2 2 2 2 2 2 2 2 2 2 2 2 2 2 2 2 2 2 2 2 2 2 2 2 2 2
left_child=1 27 3 4 5 -3 -4 13 10 -10 -9 -11 -13 14 15 17 -17 -2 21 20 -20 23 -23 -15 26 -26 -16 -1 29 -29
right_child=7 2 6 -5 -6 -7 -8 8 9 11 -12 12 -14 18 24 16 -18 -19 19 -21 -22 22 -24 -25 25 -27 -28 28 -30 -31
leaf_value=0.055658186867631555 0.0064616462161329914 0.094848456258722513 -0.036294238106514547 -0.051057686498426506 0.16560966219970308 -0.051582994000327897 0.087241680830903723 0.021792216045650133 0.1581434550280772 0.055233697292686713 -0.038835753289287345 -0.051829818318554599 0.025851356726069242 -0.025838013672869167 -4.2245878502607655e-05 0.11163049910838184 -0.010905699982719926 -0.051092104519939556 0.034011429818310186 0.077728024586577349 -0.027294934465719595 0.030504945269442332 0.00078300346109650256 0.012461945848254344 0.014148275900071809 -0.0091549331804127998 0.0086266323462897126 -0.01807478920134235 -0.050748013620762547 0.20235806281380825
leaf_weight=0.46543099358677942 3.2040545102208844 0.6539283792953936 3.3177034014370297 0.69007446957402852 0.90116749890148629 0.53004061616957188 0.35701086930930603 2.5940258144401005 0.47428200975991686 0.93580752983689297 8.4255976225831528 2.0429866020567715 1.2479230090975764 14.164240151643755 2502.5522008861299 2.0923480130732086 24.469134023413062 9.2825589161366207 4.2287873178720474 2.8577945083379745 3.1717663705348951 15.993654526770113 48.362766146659851 9.0041602998971921 18.948377722874284 107.43500807508826 118.54749597422779 10.470229668426324 4.0204952126368889 0.19738496746867973
leaf_count=17 36 46 231 54 21 35 9 34 20 51 1499 82 18 135 205835 25 315 104 30 19 27 111 406 70 276 1790 1262 4348 341 12
internal_value=-7.51737e-05 -0.0124058 0.00921316 0.0535784 0.0882077 0.0292939 -0.0242923 1.66816e-05 -0.0138429 0.0112882 -0.0245639 -0.00519056 -0.0223729 9.22217e-05 -0.000102412 -0.0124678 -0.00125306 -0.0363239 0.00563872 0.0272349 0.00773644 0.00310754 0.00816941 -0.0109531 7.33288e-05 -0.00566114 0.000349831 -0.0216076 -0.024056 -0.0139961
internal_weight=2921.64 21.6035 6.44993 2.77521 2.08514 1.18397 3.67471 2900.03 15.7206 4.701 11.0196 4.22672 3.29091 2884.31 2786.53 39.0481 26.5615 12.4866 97.7832 10.2583 7.40055 87.5248 64.3564 23.1684 2747.48 126.383 2621.1 15.1535 14.6881 10.6676
internal_count=217259 5114 396 156 102 81 240 212145 1704 171 1533 151 100 210441 209643 480 340 140 798 76 57 722 517 205 209163 2066 207097 4718 4701 4360
is_linear=0
shrinkage=0.05


Tree=101
num_leaves=31
num_cat=0
split_feature=1 2 0 1 2 0 0 4 0 0 1 3 1 4 0 4 4 4 4 2 0 0 4 2 4 0 1 0 2 2
split_gain=1.26318 3.20424 4.50006 8.45527 3.92495 15.7178 16.7558 10.457 2.99571 4.44468 6.39768 3.22979 2.74987 6.60889 14.9306 3.29375 2.76638 3.13662 2.30997 2.23859 1.23589 4.17231 8.04465 9.71616 17.0791 6.75613 2.86705 5.09674 3.64416 17.6265
threshold=0.0010285714285713868 0.5848633075377232 0.0013428346361127332 0.00093395098625217077 0.59589369960895633 -6.5089335181345285e-05 -8.2927590302650498e-05 -0.00063391198146045536 -0.00019245372222248533 -8.2927590302650498e-05 0.00058886789008820775 0.0034657630665670962 0.00099641370636736025 -0.0041351214656141768 3.9088288775190889e-05 -0.00056644787620280235 0.005948845490630795 0.0034536465685796052 0.0016491255624533354 0.46733296760612802 0.00086051482639970544 0.00053457309961979515 -0.010349860933211661 0.69418942701583874 -0.0072103739624060905 0.00057134231361688503 0.0015086295975348847 0.0013428346361127332 0.4345950987534733 0.39534047045370468
decision_type=2 2 2 2 2 2 2 2 2 2 2 2 2 2 2 2 2 2 2 2 2 2 2 2 2 2 2 2 2 2
left_child=1 2 8 -4 5 6 7 -3 11 10 -10 -1 16 14 -14 -15 17 -6 -13 -11 21 -2 -23 24 -24 -25 27 28 29 -22
right_child=20 4 3 -5 12 -7 -8 -9 9 19 -12 18 13 15 -16 -17 -18 -19 -20 -21 26 22 23 25 -26 -27 -28 -29 -30 -31
leaf_value=-0.042421356391366176 0.00037923301028857542 -0.050311704695693807 -0.05137103969702022 0.33697706088173102 -0.0011140123121723086 -0.05026750650729625 0.66236452056290918 0.17455953645919675 -0.026314394268754544 -0.00053683763378901722 0.092683117901198583 0.11512534431023472 -0.051118086425233501 -0.045215809837975629 0.27724696739857085 -0.0095717445744767787 -0.050740180047155484 0.018249312065750894 -0.051072828916327084 -0.029294902099182115 -0.050385599472557469 -0.054145273184963871 0.21660057150336406 0.03705952869512958 0.030157188147648624 0.0018093836125986013 -0.00013788745667578424 -0.045283625780995887 -0.0070895589661941621 0.37786866966985194
leaf_weight=12.840257024567105 1356.4885148627218 0.77493093066732477 0.30778115324210276 0.25735863763839006 537.20219202333828 2.2860899928200515 0.14029157726326946 1.5531681143911553 2.0985798072069874 12.839571599353809 2.4459858996560797 0.57996267545968372 0.80599872511811799 9.4350087100174331 0.6068089553155005 20.70230085845105 2.7381477017188436 21.761472936050268 0.32692411512834951 14.30782895197626 0.76551931095309445 4.9356282372027627 1.3013622085563863 15.263531433418391 21.884051644708961 124.20031437696889 676.34344452060759 9.1839655558578652 66.448847295250744 0.350183364469558
leaf_count=4947 62312 153 32 12 93952 638 30 255 1562 5688 473 13 71 1039 38 1931 266 2152 45 5174 111 107 60 771 1406 6612 21496 754 5120 39
internal_value=-7.29841e-05 -0.00202811 -0.0147438 0.125479 -0.0010499 0.0441984 0.131688 0.0997089 -0.0164878 -0.00803233 0.0377327 -0.0359805 -0.00141253 -0.015776 0.0899166 -0.0207307 -0.000605752 -0.000360163 0.0552125 -0.0156936 0.000479949 0.00129876 0.00874173 0.01065 0.040622 0.00566731 -0.00117713 -0.0103354 -0.00558489 0.0840297
internal_weight=2921.18 644.011 46.0042 0.56514 598.006 4.75448 2.46839 2.3281 45.4391 31.692 4.54457 13.7471 593.252 31.5501 1.41281 30.1373 561.702 558.964 0.906887 27.1474 2277.17 1524.07 167.585 162.649 23.1854 139.464 753.092 76.7485 67.5645 1.1157
internal_count=217259 118471 17946 44 100525 1076 438 408 17902 12897 2035 5005 99449 3079 109 2970 96370 96104 58 10862 98788 71268 8956 8849 1466 7383 27520 6024 5270 150
is_linear=0
shrinkage=0.05


Tree=102
num_leaves=31
num_cat=0
split_feature=1 4 1 1 0 0 0 2 4 0 3 4 1 1 1 1 0 4 3 2 2 4 0 2 3 2 0 4 2 2
split_gain=1.23547 1.90711 1.55716 1.73121 1.39421 1.19363 1.24759 1.05747 1.53636 3.55464 2.7252 1.54549 1.76909 1.27349 10.0164 1.09643 2.01808 4.17476 2.62285 2.00279 2.59171 4.0628 1.87874 1.61572 4.59573 4.18365 1.47022 6.97805 5.15898 0.966422
threshold=0.00023750954286246465 -0.0004216111543280387 0.00019978523100136546 0.00012387956022745888 6.1222537608873764e-05 -0.00022544248010009091 -0.00023118356869300524 2.5960215928036812 0.0036655287885360992 0.00056027799258662203 -0.009891647969271054 0.0047709974741092518 0.0095356782504780226 0.00047308217632690256 0.00046865205472345679 0.0095356782504780226 -0.0055684417603187866 0.00076308523343393564 -0.0064138170379786632 1.4110545640612127 1.2988924194034019 -0.01971381338445027 0.0042099359340894713 1.4209356808876568 -0.0020004109893387851 1.3907483709178752 0.0056292144424607846 -0.00061005446254103191 2.0302233049225218 0.72790943845145673
decision_type=2 2 2 2 2 2 2 2 2 2 2 2 2 2 2 2 2 2 2 2 2 2 2 2 2 2 2 2 2 2
left_child=1 2 3 -1 29 6 -3 15 10 -10 -9 -11 -13 14 -12 16 17 18 -2 20 21 -17 -22 25 -25 -18 27 -21 -28 -5
right_child=7 5 -4 4 -6 -7 -8 8 9 11 13 12 -14 -15 -16 19 23 -19 -20 26 22 -23 -24 24 -26 -27 28 -29 -30 -31
leaf_value=-0.050137642465927106 -0.011569707449976941 -0.050119918103523335 -0.050158864307960051 -0.050039280104860674 -0.050257740596015059 -0.050058896541656975 0.098229841225019585 0.020413675402980294 0.1309123330979943 0.049821227686026912 -0.05044594015590971 -0.05173869709249343 0.024026511901436703 -0.043912279347099945 0.5352243908287132 -0.019394762497237022 0.00023846968699529184 -0.043757482228407335 0.021794947225329847 0.010129311861602567 -0.047581236344226466 0.011137060405263178 0.0079558807481518185 -0.012823265271925 -2.6797526782200026e-05 0.015702929654152032 -0.024566198890031362 0.085493667220034916 0.048823008646472758 0.066693348365836055
leaf_weight=0.6499590374878611 23.394677162636071 0.27164422522764653 0.95280407057725813 0.1946570939326201 0.35727521177614097 4.1051396109833131 0.29631823016097758 2.6381319854408494 0.5432621540967365 0.98485553497448552 0.5222810881678005 1.9465236249379814 1.2751994878053665 7.3882965785451233 0.084865825832821429 14.476997800171373 2311.1344249791 7.9451490687206379 7.8724751630798009 18.445857226848602 4.541294138878583 44.04658691957593 2.2910094670951366 90.40842339140363 313.34019331313903 44.578194057161454 7.1180662699043733 3.6850395500659969 3.6086421087384224 1.9890938064781947
leaf_count=840 290 410 876 338 264 7959 26 33 19 51 209 82 18 1156 6 141 174650 90 115 136 39 358 22 4167 22004 2492 55 24 25 364
internal_value=-7.3609e-05 -0.018762 0.00593273 0.0226813 0.0413073 -0.0406596 0.0272773 -1.703e-05 -0.0130916 0.0105508 -0.0236522 -0.00499344 -0.0217499 -0.038192 0.0314179 5.24001e-05 -0.000129823 -0.0113931 -0.00316912 0.00524501 0.000182358 0.00358439 -0.0289585 3.0229e-05 -0.00289222 0.000531111 0.0153149 0.0226783 0.000123144 0.0562879
internal_weight=2921.09 8.81689 4.14379 3.19099 2.54103 4.6731 0.567962 2912.27 15.3834 4.74984 10.6336 4.20658 3.22172 7.99544 0.607147 2896.89 2798.67 39.2123 31.2672 98.2135 65.3559 58.5236 6.8323 2759.46 403.749 2355.71 32.8576 22.1309 10.7267 2.18375
internal_count=217259 11077 2682 1806 966 8395 436 206182 1574 170 1404 151 100 1371 215 204608 203808 495 405 800 560 499 61 203313 26171 177142 240 160 80 702
is_linear=0
shrinkage=0.05


Tree=103
num_leaves=31
num_cat=0
split_feature=2 3 4 0 3 1 1 4 0 0 3 4 1 1 0 0 0 1 2 0 0 1 3 0 3 0 0 0 1 3
split_gain=1.20923 1.60759 5.11739 2.25846 1.65755 1.49135 2.55394 1.15205 1.48895 8.68219 18.5882 1.67026 1.07082 2.63317 3.95241 4.43911 10.5107 4.59015 2.22577 4.96602 8.56551 1.8878 1.81106 9.01035 2.2026 1.24964 2.26773 5.36826 6.74135 5.63457
threshold=0.34453880725394309 0.0012688419928289509 -0.00069898646981264567 0.0027745153502499735 0.0018611128150965996 0.00065121229361131633 0.00064654352769614738 -0.01971381338445027 -0.0003158033247315783 -0.00033768085333046866 -0.0013078678418224075 0.002140125149860395 0.0017701662768096866 0.0017294895297443541 0.00066579534557775777 0.00049077749540760174 0.00053457309961979515 0.001749021762429313 0.6783480397728886 -0.00049211452994812877 -0.00047983753887109731 0.0017098283744817805 -0.0044223831027156981 -0.00019245372222248533 -0.0033586357530174245 0.0018536320536591824 -0.00023118356869300524 -0.00017128734686144839 0.0023611463919433881 -0.0031136088318373108
decision_type=2 2 2 2 2 2 2 2 2 2 2 2 2 2 2 2 2 2 2 2 2 2 2 2 2 2 2 2 2 2
left_child=1 7 4 5 -3 6 -4 -1 9 11 -11 -9 13 18 15 17 -17 -15 19 21 -21 -2 23 -20 -24 26 -14 28 -28 -29
right_child=12 2 3 -5 -6 -7 -8 8 -10 10 -12 -13 25 14 -16 16 -18 -19 22 20 -22 -23 24 -25 -26 -27 27 29 -30 -31
leaf_value=0.050260163551234541 -0.027626892128476129 0.15758410336509168 -0.0048900150701792567 0.060877324722921233 0.049665902760662094 -0.034183399578133454 0.19428730832990299 -0.025856174534206716 -0.043042957462756812 1.3897088549704077 -0.050237014055945599 0.085919414133231189 -6.9554325953586447e-05 -0.037994720437262847 -0.044905046299142271 0.28030912354761317 -0.0057453432815159564 0.017079943292263717 0.047814853280476688 0.14016848819237565 -0.0034390591375207608 0.087144640940146706 -0.017520299271136099 -0.042619031082431348 7.5669434010087523e-05 -0.0016444051879458328 0.0828715785579512 0.016179238266528471 0.0071267118733530678 0.0011028238179114692
leaf_weight=0.48959044646471639 26.34152775301482 0.47635611772420716 1.0063136576354716 0.88178406096994866 1.4060369189828632 5.9493307264056057 0.19158334238454688 3.8209127096197335 6.6011799946427372 0.034717482951236889 0.063233298191334053 0.36625487176934246 743.87575176195242 7.7837742194533401 8.4617161196656507 0.45277234353124995 1.1044363016262648 7.3609494930133224 8.5910340119153243 1.0478955162980117 113.84227174433181 0.36322538089007039 18.07562066684477 4.0541398159693918 1105.3321923937765 374.20338898245245 4.8438563197851163 73.587417889386415 7.4639905262738466 392.66296588862315
leaf_count=17 4537 39 325 24 40 560 2 837 3156 8 42 64 22612 529 573 25 61 503 481 150 26937 38 1530 247 128719 8867 211 2054 170 13901
internal_value=-7.13175e-05 -0.0119447 0.00277578 -0.0146203 0.0769756 -0.0239347 0.026965 -0.0247702 -0.0281445 -0.00519361 0.460135 -0.0160791 1.58551e-05 -0.00104788 -0.0170651 -0.00296055 0.0774276 -0.0112262 -0.000732412 -0.00664367 -0.00212924 -0.0260658 4.35288e-06 0.0188211 -0.00020745 0.00088383 0.00165776 0.00434271 0.0369367 0.00348231
internal_weight=2920.74 21.2873 9.9114 8.02901 1.88239 7.14723 1.1979 11.3759 10.8863 4.28512 0.0979508 4.18717 2899.45 1302.81 25.1636 16.7019 1.55721 15.1447 1277.65 141.595 114.89 26.7048 1136.05 12.6452 1123.41 1596.64 1222.43 478.558 12.3078 466.25
internal_count=217259 5114 990 911 79 887 327 4124 4107 951 50 901 212145 164330 1691 1118 86 1032 162639 31662 27087 4575 130977 728 130249 47815 38948 16336 381 15955
is_linear=0
shrinkage=0.05


Tree=104
num_leaves=31
num_cat=0
split_feature=2 3 3 4 1 1 3 4 1 1 0 4 4 1 3 3 4 2 2 2 3 2 4 1 3 4 1 1 0 4
split_gain=1.13719 1.52337 3.31303 3.27151 2.74742 2.08031 1.9289 2.92601 6.98457 1.05543 3.44527 3.05279 5.03181 6.81247 4.296 4.10855 2.30946 1.89106 1.57087 2.36331 4.33162 2.57928 2.30328 1.58074 1.09322 0.929158 1.57365 2.89925 1.79992 0.916062
threshold=0.34453880725394309 0.0030906884402587269 0.0046378874756184416 0.0046081204878948298 0.0021922700897379905 0.0010776290799406334 0.00956645831309 0.014046758246105242 0.0042965750736341278 0.0047069043026143854 0.0042099359340894713 -0.0092932796566774205 -0.006727181012526561 0.003607147159957485 -0.0071885548372976329 0.00956645831309 -0.011829427218029652 0.37807795433189034 2.2805298981407822 1.6569826716253035 0.0030906884402587269 1.2508553875755759 -0.010349860933211661 0.0095356782504780226 0.00956645831309 -0.01971381338445027 0.0021016602980519173 0.0020713887701186992 -0.0028107774044613394 -0.01971381338445027
decision_type=2 2 2 2 2 2 2 2 2 2 2 2 2 2 2 2 2 2 2 2 2 2 2 2 2 2 2 2 2 2
left_child=1 25 3 4 5 -3 -4 8 -8 10 11 15 13 -13 -14 16 -2 -11 19 21 -21 -19 29 -24 -12 -1 27 28 -27 -20
right_child=9 2 6 -5 -6 -7 7 -9 -10 17 24 12 14 -15 -16 -17 -18 18 22 20 -22 -23 23 -25 -26 26 -28 -29 -30 -31
leaf_value=0.045517231663596752 -0.003304529279927667 0.081084961728214888 -0.051519752691743637 -0.051008689206495407 0.13711633142886559 -0.051559761814493815 -0.05071732223193412 -0.05180414933812786 0.2734123715962824 0.052732288208809666 -0.051667716143770706 0.003351529322464593 0.02477983344767179 0.039319682244799328 -0.00063448694996510622 0.1235202471595916 -0.022172786950430276 0.0029996884403504709 -0.010953353583267151 0.022414960421810248 -0.00553891263523347 -0.0063029235353434139 -0.043946528466549728 -0.0027861254331738774 0.01292884676287593 0.10848632405490044 -0.050711279339533656 0.16003629982827913 -0.020525497278350853 0.032081331934371946
leaf_weight=0.51293600257486183 34.627485392149538 0.71289627836085834 2.2661638344870885 0.6433498702244832 1.0270272158086298 0.50496215606108308 0.36280336230993249 0.63905767677351832 0.30671276431530714 1.8321425355970848 4.2638100050389758 45.392815235652961 16.754066719207913 18.542121874168515 2214.4207270236657 0.56292732246220012 30.503963326336816 364.54643073305488 2.1874583661556244 36.328329855576158 22.405055940151215 93.655472477898002 6.092961769551037 3.7795701771974564 0.77385420957580198 0.27800356037914475 3.7557575027458379 0.2367435749620207 9.8256651077826955 2.8447819035500279
leaf_count=17 1099 46 168 54 21 35 32 29 11 24 156 2416 432 486 199579 9 1257 4352 22 451 279 1295 175 49 27 3 341 12 4345 37
internal_value=-7.07129e-05 -0.0116441 0.00856816 0.0483947 0.0768822 0.0260863 -0.02361 0.0247237 0.0977701 1.33961e-05 -0.000439675 -0.000351535 -4.73408e-05 0.0137829 -0.000443649 -0.0109789 -0.0121414 0.00202192 0.00184723 0.00230865 0.0117514 0.00109825 -0.0141559 -0.0281888 -0.0417448 -0.0205859 -0.0229913 -0.012923 -0.0169757 0.0133746
internal_weight=2920.59 21.0721 6.46297 2.88824 2.24489 1.21786 3.57474 1.30857 0.669516 2899.51 2365.84 2360.8 2295.11 63.9349 2231.17 65.6944 65.1314 533.672 531.84 516.935 58.7334 458.202 14.9048 9.87253 5.03766 14.6091 14.0962 10.3404 10.1037 5.03224
internal_count=217259 5114 396 156 102 81 240 72 43 212145 205461 205278 202913 2902 200011 2365 2356 6684 6660 6377 730 5647 283 224 183 4718 4701 4360 4348 59
is_linear=0
shrinkage=0.05


Tree=105
num_leaves=31
num_cat=0
split_feature=1 4 1 1 0 0 0 4 4 2 2 0 2 1 4 0 3 2 3 1 3 4 2 3 0 2 1 1 1 1
split_gain=1.12864 1.82156 1.447 1.54943 1.2183 1.14676 1.09105 1.04735 4.59032 4.57813 12.4087 5.67994 2.86144 2.75087 2.51767 3.84686 7.676 5.44864 4.68315 2.47975 2.45269 2.38031 9.00649 8.74597 7.13849 2.17836 1.9593 16.2791 3.73698 1.52326
threshold=0.00023750954286246465 -0.0004216111543280387 0.00019978523100136546 0.00012387956022745888 6.1222537608873764e-05 -0.00022544248010009091 -0.00023118356869300524 -0.00011827880845804993 -8.418251052877411e-05 0.81907146867228309 0.83167310300835229 0.0012568901915842592 0.22869835620335524 0.0003208030935465211 -0.00052335539989739599 -0.00087923799389472135 -0.0010442594053898799 0.59589369960895633 -0.0003225586788037082 0.0003531683110917755 0.0069654535601975107 -0.00074493464360397821 0.54038694474353488 -0.0006533683681092527 -0.0055684417603187866 2.2805298981407822 0.00042397531084492911 0.00042932274337232105 0.00029677479033495029 0.0047069043026143854
decision_type=2 2 2 2 2 2 2 2 2 2 2 2 2 2 2 2 2 2 2 2 2 2 2 2 2 2 2 2 2 2
left_child=1 2 3 -1 -5 6 -3 14 9 29 -11 -12 -10 25 21 20 17 -17 -18 -15 -16 26 23 -23 -24 -14 28 -28 -2 -9
right_child=7 5 -4 4 -6 -7 -8 8 12 10 11 -13 13 19 15 16 18 -19 -20 -21 -22 22 24 -25 -26 -27 27 -29 -30 -31
leaf_value=-0.050131635380139039 0.028328405393014396 -0.050114597209617522 -0.050151317353581304 0.051420543415702402 -0.050245790008664207 -0.050056138514798745 0.089347547035129468 -0.050463706970539091 -0.050679111846576287 0.41981309537738842 0.020430154477628658 0.11790257950706987 -0.041023131526455869 0.02947906010926063 -0.031540711998838962 0.11725279899759754 -0.029389070234732056 0.017277180944712055 -0.003270538998113766 0.00064830019084738226 0.11275527522349116 0.17776037436330286 0.23717540735613932 0.019686256177430039 0.0032294835571882556 0.091565277164293968 0.20257540112526806 -0.000883400548348897 -0.035102890412735184 0.048383186660614946
leaf_weight=0.61256623471854288 3.0312829403555943 0.25651987770106643 0.90400427268468764 2.2711891335493424 0.33860519930021826 3.8843722939636773 0.30937425675801922 2.1030027494416568 2.7188846450881092 0.21253720484673877 10.399192713201044 1.7454417324624945 5.5174943899037308 7.4932559339795253 17.827236836019441 1.485809320583942 23.567630043457029 16.464750500977971 63.149258351593744 1595.9043128629564 0.29943850636482139 1.5020812367729379 0.32772595435380836 2.096146713156485 64.665198578994023 0.328211344545707 0.98404082586057384 1079.2818078358541 9.9227520706481283 0.47841590642929066
leaf_count=840 948 410 876 702 264 7959 26 466 555 25 946 43 4784 2860 1176 239 3967 1512 9105 99733 5 201 2 395 7293 74 204 67816 3828 5
internal_value=-6.87295e-05 -0.0181801 0.00574994 0.0214325 0.0382299 -0.0403684 0.0261293 -1.53776e-05 0.000827299 0.0284161 0.0410673 0.034439 0.000571624 0.000658214 -0.00108259 -0.00789129 -0.00420841 0.0255524 -0.0103689 0.000783037 -0.0291571 -0.00036297 0.00867225 0.0856743 0.00440915 -0.0335789 -0.00092986 -0.000698065 -0.0202598 -0.0321444
internal_weight=2920.08 8.57663 4.12636 3.22236 2.60979 4.45027 0.565894 2911.51 1626.9 14.9386 12.3572 12.1446 1611.96 1609.24 1284.61 122.794 104.667 17.9506 86.7169 1603.4 18.1267 1161.81 68.5912 3.59823 64.9929 5.84571 1093.22 1080.27 12.954 2.58142
internal_count=217259 11077 2682 1806 966 8395 436 206182 109491 1485 1014 989 108006 107451 96691 16004 14823 1751 13072 102593 1181 80687 7891 596 7295 4858 72796 68020 4776 471
is_linear=0
shrinkage=0.05


Tree=106
num_leaves=31
num_cat=0
split_feature=1 1 0 0 2 3 2 2 1 4 0 0 3 1 2 2 0 0 2 0 1 2 1 4 4 3 2 2 2 3
split_gain=1.06716 4.89679 3.54209 2.58411 2.51629 8.90866 4.79388 2.48274 2.0408 2.6306 1.86913 4.86314 2.49006 1.22094 6.98084 15.0942 9.93917 6.38119 3.14862 4.26419 5.98437 3.40964 2.70074 5.08796 12.597 12.0924 3.47504 3.15238 15.3384 6.29151
threshold=0.00090583905922923358 0.00089908428074783771 0.00068061316712897401 -0.00043037086184610768 1.5335328733241667 -0.0010442594053898799 1.5203244504906723 2.4086379413156425 0.00086421487030101873 -0.00077083556441853707 -0.00055091152749991979 -0.00056337230944236694 0.0018161670352141448 0.00096406273243792261 0.97086660811875136 0.96725689877712873 0.0013428346361127332 0.00068061316712897401 1.4318313546786254 -0.00025195581622727831 0.00094796850354325233 1.4544051139667935 0.0010115772202926147 -0.0037597030781724157 -0.0040004886835539035 -0.0013078678418224075 1.1614133538748133 1.1664517135800196 1.1817427378919063 -0.0025635016305796117
decision_type=2 2 2 2 2 2 2 2 2 2 2 2 2 2 2 2 2 2 2 2 2 2 2 2 2 2 2 2 2 2
left_child=1 2 3 10 6 -6 -5 8 -4 -10 11 -1 -12 14 15 16 17 -2 -16 21 -21 -20 23 24 26 -26 -15 29 -29 -25
right_child=13 -3 7 4 5 -7 -8 -9 9 -11 12 -13 -14 22 18 -17 -18 -19 19 20 -22 -23 -24 27 25 -27 -28 28 -30 -31
leaf_value=-0.0085666808451976655 0.026190622761485871 -0.05038493741523542 -0.040646360239102286 0.0010039948176268946 0.041298076504929539 -0.033407662655068789 0.094679468816242257 0.11626089537426774 0.088433348315860028 -0.01788497494697501 -0.025105660262996477 0.061739864242811464 0.037649167055753295 -0.051020152821806497 -0.013852412515700165 0.26910832716203098 0.32535567885869149 -0.050433791496160854 0.13887995875860018 0.071946609116522578 -0.050609163556526927 -0.050538206526064125 0.00042897329863447839 0.098112868690244909 0.49821905693481866 0.069196562970253089 0.081838556805562901 0.2291191646232337 -0.0078868702442514253 -0.028787519366710521
leaf_weight=31.044428209774196 24.131981814978655 5.2082335380837312 10.313288736375393 404.78961988045194 5.2085475281346616 17.066834812023444 1.370387500966898 0.2999128042720266 0.71793606318533454 3.0684263433795431 23.800140269348052 2.6712404348363625 1.6931743536842976 1.4335925979539759 31.195690770633519 0.62459642626345058 0.26483968459069629 3.0618582346942267 0.26370980963110957 4.4876962401904148 1.2802266075741497 2.3974746586754918 2295.1880235113204 1.0097412352915842 0.27327335579320788 0.41167369391769071 0.74948627967387427 0.71475066803395648 15.202521521598099 29.864983835956085
leaf_count=5537 3135 853 2419 83680 542 5598 254 38 75 394 4934 411 133 165 2347 32 11 420 19 431 131 279 100504 135 26 23 43 54 1333 3303
internal_value=-6.78027e-05 -0.00215246 -0.00165209 -0.000930398 0.000422687 -0.0159396 0.00132006 -0.0260924 -0.0291204 0.00227415 -0.0107213 -0.0029964 -0.0209377 0.000370506 0.00698985 0.0260604 0.0205319 0.0175632 -0.00652602 0.0205886 0.0447446 -0.0317678 0.000179371 -0.0113567 0.0532879 0.240364 -0.00540761 -0.015319 0.00275567 -0.0246373
internal_weight=2919.81 507.252 502.044 487.644 428.435 22.2754 406.16 14.3996 14.0997 3.78636 59.209 33.7157 25.4933 2412.56 67.7081 28.0833 27.4587 27.1938 39.6248 8.42911 5.76792 2.66118 2344.85 49.66 2.86803 0.684947 2.18308 46.792 15.9173 30.8747
internal_count=217259 104868 104015 101089 90074 6140 83934 2926 2888 469 11015 5948 5067 112391 6805 3598 3566 3555 3207 860 562 298 105586 5082 257 49 208 4825 1387 3438
is_linear=0
shrinkage=0.05


Tree=107
num_leaves=31
num_cat=0
split_feature=1 4 1 1 0 0 4 4 0 2 0 2 1 2 3 4 1 1 3 4 4 3 3 4 0 4 4 4 3 3
split_gain=1.04865 1.729 1.33886 1.38844 1.09804 1.06127 0.982966 3.62918 12.7428 8.57502 17.0258 12.6408 2.95493 2.60275 2.43293 2.20385 5.68705 6.13292 6.24965 2.55603 5.7953 6.86962 5.31423 2.16638 3.61354 2.15856 1.66665 7.33986 1.60283 1.11299
threshold=0.00023750954286246465 -0.0004216111543280387 0.00019978523100136546 0.00012387956022745888 -0.00022544248010009091 6.1222537608873764e-05 2.9151544804650879e-05 0.00010103508346359648 -0.00027260952661128929 1.2447947612931811 -0.00023649460640079442 1.2916093286955441 0.0003208030935465211 0.22869835620335524 -0.0012797088971001622 -2.8638124337065914e-05 0.00082314205079962711 0.00081620649580321162 -0.0003225586788037082 -0.00010190044564761801 -8.418251052877411e-05 0.0027128541023933033 0.00037580238892320766 -0.00052335539989739599 -0.00087923799389472135 -0.00074493464360397821 0.00022360734567605792 0.00020481452523457569 -0.0031136088318373108 0.0013842474003111784
decision_type=2 2 2 2 2 2 2 2 2 2 2 2 2 2 2 2 2 2 2 2 2 2 2 2 2 2 2 2 2 2
left_child=1 2 3 -1 -3 -5 15 8 28 10 -10 -11 26 -14 -15 19 17 18 -17 23 22 -22 -21 25 -25 -2 27 -9 -8 -30
right_child=6 4 -4 5 -6 -7 7 12 9 11 -12 -13 13 14 -16 16 -18 -19 -20 20 21 -23 -24 24 -26 -27 -28 -29 29 -31
leaf_value=-0.050124770154137965 -0.00090605932841740012 0.024795625786458664 -0.050148622354152995 0.046678064567533907 -0.050053603995553878 -0.050232643113835018 0.060636079905861444 -0.050065708314663865 0.3609347607725677 0.34181361314111847 0.013929858049731604 0.07521355796944508 -0.050706763204596363 0.0063302242594521236 2.8965352971474387e-05 0.086429074554048399 -0.030186703985462943 0.386348075769886 -0.016711254002156326 0.012810572308810967 -0.0094495694256375232 0.11413796776859722 0.093007042821840413 -0.027406352867277807 -0.0037279232557273045 0.0082092040298203644 -0.050093214316450467 0.41103198747490233 -0.043372449797102391 0.024599355758687172
leaf_weight=0.58130578363488927 1092.6927020995645 0.56508077244507138 0.86097319150576357 2.3649936615838674 3.6871320723439549 0.32082654850091774 0.44224129430949677 0.42304499153396946 0.36460521159461201 0.50850249512586643 11.593638856225876 3.5393891985877417 2.4627629223978138 172.53652659454383 1365.740424449672 2.1886937356903244 18.292872725753114 0.11446003173477937 4.4648445739876479 4.5580211124324723 16.898729546141116 1.2045549531467248 3.7778499780979473 18.880169197975192 109.92110672179842 69.052492375165457 4.1073773266689386 0.1084264752571471 6.7844101580558371 0.66091588744893659
leaf_count=840 72796 436 876 702 7959 264 20 398 61 37 1610 373 461 5997 89569 450 1138 16 1128 499 2163 45 204 1244 15542 7891 3692 69 740 39
internal_value=-6.79502e-05 -0.0177296 0.00532035 0.0199379 -0.0401068 0.0351019 -1.71106e-05 0.000832518 0.02017 0.0458024 0.02451 0.108704 0.000533533 0.000653501 0.000735728 -0.00101059 -0.0156988 0.0234597 0.0172169 -0.00073109 0.0146585 -0.00122631 0.0491559 -0.00104637 -0.0071988 -0.000364261 -0.0393126 0.0440037 -0.0318454 -0.0373386
internal_weight=2919.7 8.38031 4.1281 3.26713 4.25221 2.68582 2911.32 1569.27 23.8937 16.0061 11.9582 4.04789 1545.38 1540.74 1538.28 1342.05 25.0609 6.768 6.65354 1316.99 26.4392 18.1033 8.33587 1290.55 128.801 1161.75 4.63885 0.531471 7.88757 7.44533
internal_count=217259 11077 2682 1806 8395 966 206182 103066 2880 2081 1671 410 100186 96027 95566 103116 2732 1594 1578 100384 2911 2208 703 97473 16786 80687 4159 467 799 779
is_linear=0
shrinkage=0.05


Tree=108
num_leaves=31
num_cat=0
split_feature=1 0 0 1 1 2 0 3 3 2 2 3 2 3 3 2 1 0 3 3 0 1 3 0 4 4 4 1 0 0
split_gain=0.995729 4.74276 6.01621 8.95377 3.97585 7.42988 5.2165 7.28899 7.54894 3.93432 14.2687 3.75101 3.43493 3.02964 2.64678 3.61299 2.61395 2.44966 2.20813 3.55317 16.8716 2.12354 2.06501 4.6152 3.29917 2.04855 6.22418 1.99629 2.86208 5.79092
threshold=0.0013244202781700204 -0.00090143434118378208 -0.001000549577486076 0.0012111927893857304 0.0013479462966731867 1.321579098741529 0.0008817060928276722 0.0010855407472648573 0.0034657630665670962 1.5648366012972323 1.5203244504906723 -0.0013390003577793406 0.37807795433189034 0.0049302171441208973 0.003779854001347172 0.6783480397728886 0.000722333161459298 0.00013239891868910283 0.00055206604720670082 0.00075335950477251068 0.0013428346361127332 0.00065121229361131633 0.0030906884402587269 0.00079832119587386352 0.0025020967292997969 -0.0031634321111306258 -0.0038695313738674737 0.0013608975527161023 -0.00043037086184610768 -0.00060229409027467973
decision_type=2 2 2 2 2 2 2 2 2 2 2 2 2 2 2 2 2 2 2 2 2 2 2 2 2 2 2 2 2 2
left_child=1 2 3 9 5 6 7 11 -9 10 -1 -2 18 22 15 -8 17 -15 -3 20 -20 -21 24 -24 -14 26 -5 28 29 -6
right_child=4 12 -4 25 27 -7 14 8 -10 -11 -12 -13 13 16 -16 -17 -18 -19 19 21 -22 -23 23 -25 -26 -27 -28 -29 -30 -31
leaf_value=0.02469428674580959 0.059558540729419435 -0.050242404946454794 -0.04375591825416289 -0.050692952277762382 -0.017146695773143851 -0.039075723065240112 0.14513484488734377 0.11494799810895395 -0.051423073043362161 -0.050592104681638585 0.45113184294089947 -0.0007693838784002178 0.00053663335552641507 -0.050605050924862262 0.12331465868703127 -0.050833823948906433 -0.051133185217767642 0.21237125145082808 0.03307113490959742 0.017136742812354399 1.0227792160755391 -0.050544943959035651 0.020481298377327949 -0.031297154678566481 -0.0090835243130814331 -0.050607600424749835 0.16647472590572923 0.00044664249906536724 -0.037869245988909228 0.13328069698957209
leaf_weight=12.496609601192176 4.0771164684556487 5.6509179979620949 14.679899148846742 1.1620583243202416 2.980470926035196 4.3000555927865198 0.25554730277508486 4.8146933959797016 0.7943044751882552 1.6541758474195365 0.19928948348388154 7.0011770478449789 764.92329432914266 0.16582028404809435 0.28676850395277131 2.9536646334454417 4.3303971155546606 0.19004962325561792 0.58252833914593782 2.0939229290088406 0.046498076291754842 2.5954342006007209 27.20120074316219 5.11246267207025 100.87378937950416 8.0588674943428469 0.46075858222320576 1931.0479678011034 7.7350868787616474 0.81465834984555829
leaf_count=1406 305 3685 1586 114 241 336 28 245 36 175 18 523 122378 17 16 200 269 23 288 850 2 481 1747 388 9765 765 48 70702 566 56
internal_value=-6.73949e-05 -0.00139438 -0.0185361 -0.00313048 0.000575148 0.0205982 0.0333117 0.0449464 0.0913878 0.021938 0.0313881 0.021433 -0.000668168 -0.000330255 -0.0222239 -0.035229 -0.0404282 0.0898354 -0.0284792 -0.00535518 0.106231 -0.0203233 -0.000121027 0.0122892 -0.000584209 -0.0402867 0.0109664 0.000322787 -0.0204202 0.0151439
internal_weight=2919.54 952.478 38.7117 24.0318 1967.06 24.4833 20.1833 16.6873 5.609 14.3501 12.6959 11.0783 913.766 902.797 3.49598 3.20921 4.68627 0.35587 10.9693 5.31838 0.629026 4.68936 898.111 32.3137 865.797 9.68168 1.62282 1942.58 11.5302 3.79513
internal_count=217259 144005 4112 2526 73254 1689 1353 1109 281 1599 1424 828 139893 134587 244 228 309 40 5306 1621 290 1331 134278 2135 132143 927 162 71565 863 297
is_linear=0
shrinkage=0.05


Tree=109
num_leaves=31
num_cat=0
split_feature=3 4 2 1 0 2 2 0 1 2 4 0 4 2 2 4 4 4 1 1 2 3 4 4 4 1 3 2 2 3
split_gain=0.981312 1.72163 5.9052 8.38407 6.67611 5.6529 2.58006 2.54288 2.94181 10.5348 3.042 3.42707 2.05191 2.03972 2.02151 1.54406 5.7737 4.72506 4.64516 5.3647 4.21907 4.03784 6.83764 9.05261 3.71381 4.08345 11.5481 3.71195 4.65524 3.63421
threshold=-0.01335466952210118 -0.014204142243387006 1.1268574283003734 0.0061176626780651425 -0.0010288193509869756 1.232680136844605 1.3907483709178752 0.0014399258539493644 0.0039742893044935985 0.81907146867228309 -0.01971381338445027 -0.004194376370928842 -0.0077478248304083111 0.91369805050857511 0.621338700479379 -0.0092932796566774205 -0.006727181012526561 -0.0072103739624060905 0.002828239093393145 0.0067721926761230332 2.4086379413156425 0.0021002139686240322 -0.01971381338445027 -0.014204142243387006 -0.0040004886835539035 0.0039742893044935985 0.0041574419235193014 1.8136954891686397 0.73501746646327015 -0.0024946555484380846
decision_type=2 2 2 2 2 2 2 2 2 2 2 2 2 2 2 2 2 2 2 2 2 2 2 2 2 2 2 2 2 2
left_child=1 7 3 4 -3 -4 -7 8 9 -1 11 -10 -5 14 -9 20 17 18 29 -20 21 -2 -23 -24 25 26 -18 28 -19 -17
right_child=15 2 5 12 -6 6 -8 13 10 -11 -12 -13 -14 -15 -16 16 24 27 19 -21 -22 22 23 -25 -26 -27 -28 -29 -30 -31
leaf_value=-0.051880200024856507 -0.0090625829133667637 0.096466311263305543 0.12201925129041302 -0.011351562855238593 -0.0096913706584903156 -0.016997985158979136 0.044556223525274254 0.0456769434988624 0.012122877441740513 0.19119841255657744 -0.026824425272975558 -0.021266205596319029 -0.06024856374514645 0.057802340160169163 -0.011368090272646398 0.00045875332399047903 -0.0046527046118863338 -0.003970162735409774 0.022180134123192835 -0.021044845786097239 0.077481086873738045 -0.033153607445547836 0.095467056758244767 0.0033722150747489787 0.00013636360400949362 -0.019850862426817883 0.11298039421865713 -0.052112235413896271 0.051426430796363359 -0.043684789914692698
leaf_weight=0.97812402248382457 128.32200235594064 2.8538819369859985 1.9396199285984028 4.2693884121254086 3.078711722977463 2.3610922470688802 6.1019238252192736 2.3914103796705586 23.90644256025552 0.81890360824763775 13.108330306131391 11.326179372146731 4.3129495084285718 3.0529459863901138 4.429879542440176 15.205767905747054 138.95568616270612 5.0306149481039091 40.763587528839707 8.7123951967805606 1.5254265647381533 4.6897950898855916 4.3270198488607994 6.9610229264944783 2407.1365515297512 47.387978829443455 2.1181770209223023 1.2164513301104296 15.40797875728458 6.7243069778196505
leaf_count=34 3214 34 17 39 40 20 46 30 201 18 138 124 34 30 44 932 9219 237 1077 107 33 69 62 130 199266 946 71 49 571 427
internal_value=-6.72117e-05 0.0052286 0.0162764 -0.0043298 0.0413759 0.0450286 0.0273832 0.00064145 -0.00392608 0.0588905 -0.00626122 0.00138934 -0.0359242 0.0238338 0.00863078 -0.00022589 4.58875e-05 0.0122826 0.00607815 0.0145685 -0.00523681 -0.00611124 0.0175918 0.0386747 -0.00039284 -0.00715211 -0.00288648 0.0327412 0.0377915 -0.0130768
internal_weight=2919.41 84.9298 24.9176 14.5149 5.93259 10.4026 8.46302 60.0122 50.138 1.79703 48.341 35.2326 8.58234 9.87424 6.82129 2834.48 2688.66 93.0611 71.4061 49.476 145.825 144.3 15.9778 11.288 2595.6 188.462 141.074 21.655 20.4386 21.9301
internal_count=217259 849 230 147 74 83 66 619 515 52 463 325 73 104 74 216410 212902 3400 2543 1184 3508 3475 261 192 209502 10236 9290 857 808 1359
is_linear=0
shrinkage=0.05


Tree=110
num_leaves=31
num_cat=0
split_feature=2 4 3 3 3 3 3 1 2 1 0 2 2 0 4 0 0 3 4 4 2 3 3 4 0 4 4 0 3 4
split_gain=1.00579 1.54605 2.92533 3.66014 3.40393 7.73247 2.49954 1.61544 1.04647 2.74842 3.42374 4.43344 4.21412 3.55431 6.75832 5.58015 2.54827 4.53201 13.7392 3.33675 2.37827 4.98262 10.1951 6.00406 2.90133 5.53449 4.70075 2.29866 2.09718 5.73865
threshold=2.5960215928036812 0.0036655287885360992 0.0043807807489943959 0.0039527278394465579 0.0028869806273098546 0.0016953271266587635 -0.009891647969271054 0.0095356782504780226 1.0368906049988886 0.0029485330554263997 0.0018536320536591824 0.67433778513739673 0.65315561471276451 -0.0019809674069558576 0.010040602447829118 -0.0017869309056413594 -0.0031018881020380968 0.0053056359932970318 0.014046758246105242 0.008152865070594208 1.0486923204751146 -0.000441323788024861 1.0000000180025095e-35 -0.002435478838113236 -0.0020976709852252302 -0.010349860933211661 -0.014204142243387006 0.0025466717849672586 -0.0030072046909129786 -0.0084185540980666867
decision_type=2 2 2 2 2 2 2 2 2 2 2 2 2 2 2 2 2 2 2 2 2 2 2 2 2 2 2 2 2 2
left_child=8 6 3 4 5 -3 -2 -4 9 10 13 12 -12 14 -1 -15 17 18 19 -10 21 23 -23 -18 25 -22 -26 -13 29 -11
right_child=1 2 7 -5 -6 -7 -8 -9 16 28 11 27 -14 15 -16 -17 20 -19 -20 -21 24 22 -24 -25 26 -27 -28 -29 -30 -31
leaf_value=-0.028798892776119953 0.017659411476504804 -0.051525303521833522 -0.051794840944070768 0.19419413371921795 -0.051933483920390794 0.30091109385618453 -0.037938623805285968 0.022547191228690321 -0.0049954510279782462 -0.0030653672458804131 -0.0021346004599398596 -0.041216392883926145 0.11299742683166279 0.036040772765523491 0.16501501978211638 -0.0019380048675702926 0.032702137477789148 -0.056866458189103741 0.13239663081477213 -0.0593055834432097 -0.027394873498884316 0.11372814684110627 0.015499719369435528 -0.034468552175694202 0.032723423123667342 0.018181029258536187 0.00041434128717917745 0.011315777201581129 -0.00026508131519979901 0.01451251492030046
leaf_weight=17.707352518656993 2.7285744845867148 0.34492540732025989 1.6718514892272651 0.40395592944696534 0.71645043836906552 0.28358608414418995 7.8013849242997813 1.2981339544057846 105.51029294170439 87.329441384645179 6.1059161246521425 15.34383408771828 0.91373199503868807 9.7705251686566026 0.46151206362992425 956.49203937365382 5.3278539297170928 4.2368096038699141 1.8114202879369248 2.9060406163334838 7.6717511890456072 3.0402690294431549 20.141086612595245 8.8576180375530367 11.371117850765584 50.564638164360076 1130.920458174136 2.4093886860646299 355.95137692824937 99.147016253788024
leaf_count=1025 33 21 61 13 37 21 1500 18 1719 1399 338 843 44 592 17 119654 277 46 15 30 191 336 1290 612 193 1898 76392 139 6722 1783
internal_value=-6.63153e-05 -0.0128739 0.0109084 0.0622098 0.0225687 0.107495 -0.0235318 -0.0193011 9.37569e-07 -0.000885173 -0.00242793 -0.0207864 0.0128519 -0.00196595 -0.0238758 -0.00155398 0.00101762 -0.00611999 -0.00416946 -0.0064512 0.00167761 0.0140999 0.0283825 -0.00924023 0.00129096 0.0121771 0.000735967 -0.034087 0.00198519 0.00628056
internal_weight=2919.24 15.2489 4.7189 1.74892 1.34496 0.628511 10.53 2.96999 2903.99 1551.63 1009.2 24.7729 7.01965 984.431 18.1689 966.263 1352.36 114.465 110.228 108.416 1237.89 37.3668 23.1814 14.1855 1200.53 58.2364 1142.29 17.7532 542.428 186.476
internal_count=217259 1704 171 92 79 42 1533 79 215555 132556 122652 1364 382 121288 1042 120246 82999 1810 1764 1749 81189 2515 1626 889 78674 2089 76585 982 9904 3182
is_linear=0
shrinkage=0.05


Tree=111
num_leaves=31
num_cat=0
split_feature=2 2 4 3 0 4 0 1 1 4 4 3 4 4 0 3 4 4 3 0 2 0 4 4 4 1 1 3 4 1
split_gain=0.963265 4.26141 4.23538 12.4485 18.7161 15.5776 7.06714 6.17406 7.55182 3.00545 6.67188 1.9282 6.68612 9.06723 21.1434 6.50877 5.59875 8.38497 8.44443 5.37668 6.28538 4.90067 6.11222 3.61447 3.61254 3.38909 2.34971 3.54783 3.64539 2.24857
threshold=1.7825038478759392 1.7268680393389968 -0.00065365762886582235 -0.0011438371627436326 -0.0013528118791243935 -0.00077083556441853707 -0.0020976709852252302 0.0077728933725198209 0.0016737279066903728 0.00076308523343393564 0.0014505353506093501 -0.0020004109893387851 -0.00065365762886582235 -0.00072175952352926387 0.00041026976216251848 -0.0071885548372976329 6.5044881243037103e-05 0.0005564367378300129 -0.00042504977265550575 -0.0035137435184973138 1.8838968307611406 0.0017671311163905969 -0.0016425959492014639 -0.00069898646981264567 -0.002435478838113236 0.001036357973487045 0.0047069043026143854 -0.0044223831027156981 -0.0048036800152118633 0.0010198305172430205
decision_type=2 2 2 2 2 2 2 2 2 2 2 2 2 2 2 2 2 2 2 2 2 2 2 2 2 2 2 2 2 2
left_child=1 -1 3 7 -5 -6 -4 8 -3 -8 -11 15 13 21 23 19 -14 18 -18 -2 -21 24 -23 -15 -13 -19 29 -28 -29 -17
right_child=11 2 6 4 5 -7 9 -9 -10 10 -12 12 16 14 -16 26 17 25 -20 20 -22 22 -24 -25 -26 -27 27 28 -30 -31
leaf_value=-6.2581316818282291e-05 -0.0016139292419577085 0.077562560472007464 0.12848177101349983 0.5323798390066744 0.05152156250020129 0.42108550697142777 -0.03978923941727254 0.090551824776971074 -0.035642231768428616 0.089059266269202117 -0.006355177952594375 0.039658814740729714 -0.044980163040723435 0.21071691901384204 0.58717641631364981 0.027279638805428077 -0.050874123275226849 -0.042373383122615002 0.080718844416368812 -0.012967647938059471 0.1390536609117119 0.019808692640936064 0.24988166434227646 -0.050567404427068877 -0.0026698970111572909 -0.0040638042443804272 -0.031393798908885391 0.1017283974901351 -0.016210852588407883 -0.04261130258399607
leaf_weight=2720.1711919370719 21.171576592139903 1.9470760741969551 1.0715902857482458 0.25704712979495559 2.8359303337056199 0.31701756233814959 4.3939688615500954 1.9786083474755276 6.0531495427712798 2.1362942676350931 12.868770159198901 7.7076867155265125 8.5409615702810679 0.19143566326238215 0.23475000215694308 1.2293287427164674 1.5840115164173765 6.3033836316317311 5.2921891667647278 1.208712121471762 1.5541981682181356 0.6882607052102685 0.49722165055572876 0.42891832487657566 14.56705487414729 68.621560890926048 4.5235709641128778 1.2874631881713869 1.3341290540993203 18.018917457433417
leaf_count=204461 238 148 15 12 201 18 434 15 230 154 469 518 1422 31 17 103 160 1532 851 24 43 21 21 68 1680 2929 91 25 29 1299
internal_value=-6.54592e-05 0.000156853 0.0177856 0.0396516 0.122126 0.0886799 0.00348405 0.0114682 -0.00809072 -0.00342075 0.00722912 -0.00377642 -0.000195238 0.0230782 0.183006 -0.0119351 -0.00645922 -0.0024372 0.0504049 0.00694702 0.0725477 0.017249 0.116307 0.0300626 0.011977 -0.00728676 -0.0290581 -0.00457203 0.0417091 -0.0381476
internal_weight=2919.02 2754.03 33.8595 13.3888 3.41 3.15295 20.4706 9.97883 8.00023 19.399 15.0051 164.985 114.657 24.3153 0.855104 50.3279 90.3421 81.8011 6.8762 23.9345 2.76291 23.4602 1.18548 0.620354 22.2747 74.9249 26.3934 7.14516 2.62159 19.2482
internal_count=217259 206157 1696 624 231 219 1072 393 378 1057 623 11102 9250 2356 116 1852 6894 5472 1011 305 67 2240 42 99 2198 4461 1547 145 54 1402
is_linear=0
shrinkage=0.05


Tree=112
num_leaves=31
num_cat=0
split_feature=1 4 1 1 0 0 0 4 4 2 2 3 0 1 2 2 1 1 4 0 0 4 1 3 3 4 2 3 0 2
split_gain=0.954818 1.64713 1.24555 1.26118 1.06326 0.948834 0.941772 0.912574 6.74821 4.41388 7.82797 5.73138 3.68948 3.54646 2.57863 2.48717 2.44966 2.17954 1.88969 3.38503 7.29302 31.2122 6.47628 2.17185 1.88193 1.86376 7.41577 6.09096 5.57655 1.86114
threshold=0.00023750954286246465 -0.0004216111543280387 0.00019978523100136546 0.00012387956022745888 -0.00022544248010009091 -0.00023118356869300524 6.1222537608873764e-05 -0.00010190044564761801 -8.418251052877411e-05 1.3907483709178752 1.5060121267749829 0.00043127460295333547 -0.00017731823895678064 0.0022248008598809944 0.22869835620335524 1.0103655737663886 0.0003208030935465211 0.0003531683110917755 -0.00052335539989739599 -0.00087923799389472135 -0.00083681698517462644 -0.00020991930424135716 0.0013118064789098803 0.0069654535601975107 -0.0071885548372976329 -0.00074493464360397821 0.54038694474353488 -0.0006533683681092527 -0.0055684417603187866 2.2805298981407822
decision_type=2 2 2 2 2 2 2 2 2 2 2 2 2 2 2 2 2 2 2 2 2 2 2 2 2 2 2 2 2 2
left_child=1 2 3 -1 5 -3 -5 18 9 11 -11 15 -13 -12 -10 -9 29 -18 25 23 21 -21 -22 24 -20 -2 27 -27 -28 -16
right_child=7 4 -4 6 -6 -7 -8 8 14 10 13 12 -14 -15 16 -17 17 -19 19 20 22 -23 -24 -25 -26 26 28 -29 -30 -31
leaf_value=-0.050122324257220977 -0.00088313960278307748 -0.050113258233078967 -0.05014157520864413 0.043051494099331476 -0.050050788999626089 0.079818280985955545 -0.050221865807185295 -0.051708592893081606 -0.050655949283468699 0.25320330131329138 -0.051214937066479053 -0.0019798933254828897 0.11556748179473952 0.13030503210118846 -0.040348410195043809 0.028132344823698231 0.027255209464108456 0.00059809285731848838 0.082690336957934929 -0.012797627113508084 -0.013751914981944648 0.51934402008852476 0.012226458342080526 0.10294265709994398 -0.031291089683519367 0.14365525160464671 0.19723666303092327 0.018016562861724272 0.0024882278928747034 0.0785668068176191
leaf_weight=0.551772183433059 1091.9680542789283 0.24806290784908924 0.81580308884440444 2.4422801561595411 3.492568399422451 0.3240655816043726 0.30435138149186958 2.0245883886527722 2.4564025271974961 0.65029395488090802 0.57548577769193776 0.98060681702918406 2.0909363378887065 0.50539205782115459 5.1376628718571729 1.8822907888097686 7.7049419293180099 1597.0150797899114 0.36972560733557358 1.2847298136912284 71.564823394583073 0.35079679382033546 36.088629749137908 0.31761768832802673 17.647551664849743 1.7540927051741166 0.36965903639793296 2.1434925409848793 65.520782641426194 0.35155034088529635
leaf_count=840 72796 410 876 702 7959 26 264 302 555 29 57 40 114 4 4784 157 2860 99733 9 90 13565 27 1860 5 1230 201 2 395 7293 74
internal_value=-6.64439e-05 -0.0171262 0.00517644 0.0188584 -0.0397005 0.0234827 0.032716 -1.85078e-05 0.000770988 0.044664 0.116128 0.0269355 0.0780398 0.0336594 0.000533933 -0.0132421 0.000612024 0.000726085 -0.00101129 -0.00678648 -0.00345117 0.101339 -0.00504319 -0.0266673 -0.0289521 -0.000376857 0.0075449 0.0745598 0.00358081 -0.0327326
internal_weight=2918.93 8.1789 4.11421 3.2984 4.0647 0.572128 2.74663 2910.76 1621.38 8.70959 1.73117 6.97842 3.07154 1.08088 1612.67 3.90688 1610.21 1604.72 1289.38 127.624 109.289 1.63553 107.653 18.3349 18.0173 1161.76 69.788 3.89759 65.8904 5.48921
internal_count=217259 11077 2682 1806 8395 436 966 206182 108709 703 90 613 154 61 108006 459 107451 102593 97473 16786 15542 117 15425 1244 1239 80687 7891 596 7295 4858
is_linear=0
shrinkage=0.05


Tree=113
num_leaves=31
num_cat=0
split_feature=1 1 0 3 1 4 4 2 2 2 0 0 0 3 1 4 1 4 3 3 1 0 0 4 2 2 3 4 4 4
split_gain=0.905991 2.7867 2.64749 6.8811 2.32043 4.14058 6.01425 15.4715 12.1535 4.82944 4.25877 2.21429 4.31343 8.68035 15.837 11.1933 3.54271 7.81938 3.42562 3.25924 4.44631 2.99677 5.90286 2.19893 2.07308 6.07601 2.63986 1.10903 3.84623 3.46798
threshold=0.00053453280038740175 0.00052962154439025486 0.00044052054859633488 4.9754866789264447e-05 0.00054047326974703382 -0.00084107350490236754 -0.0013943821469734605 1.0606706014816532 0.80910412059699277 0.42183852834101526 0.00022956060786483159 9.6607541631210672e-05 7.717170826904153e-05 -0.0010913887625477734 0.00042932274337232105 0.0012394102977167922 0.00052474131895377388 -0.00017347724274968665 0.00036129859506206513 0.0030906884402587269 0.00050463104117278855 0.00034063920690352584 0.00044052054859633488 -0.0015297224196015866 1.4662852754074944 1.4922611930960608 0.0009105746561184348 2.9151544804650879e-05 -2.8638124337065914e-05 0.00010103508346359648
decision_type=2 2 2 2 2 2 2 2 2 2 2 2 2 2 2 2 2 2 2 2 2 2 2 2 2 2 2 2 2 2
left_child=1 11 -3 -4 5 6 10 8 -8 -7 -2 12 16 14 -14 -15 18 -18 -1 21 -21 23 -23 -13 26 -26 -11 28 -6 -29
right_child=4 2 3 -5 27 9 7 -9 -10 24 -12 19 13 15 -16 -17 17 -19 -20 20 -22 22 -24 -25 25 -27 -28 29 -30 -31
leaf_value=0.0038974819832446939 -0.050473832285439335 -0.0503687178820637 0.43594561151096101 -0.050287091601217519 -0.00065892823187557281 0.27501476162903093 0.10088657393442735 -0.051394067804972188 0.52481994010604704 -0.050354934753643492 0.21107452923353867 0.022192914285095545 0.52140655183089191 -0.029213115065955742 0.028806824063096099 0.22024843015070297 0.14747735276907833 -0.019028363246904833 -0.020094862286642895 -0.05036232321772343 0.2194619509821179 0.031146252400084957 -0.033445324554221938 -0.024504478815496666 0.41863485709868392 -0.050269251203556402 0.0443159983187002 0.021278130072988906 -0.021857355805827934 0.00070042031776325136
leaf_weight=59.573867018145393 0.83991381106898211 4.6965096034109584 0.1028202692978083 0.24890619958750904 1250.3792624668567 0.15368990972638075 0.32946074649225898 0.48584534274414182 0.34725684253498912 2.4385155903873974 0.191040248144418 2.7429737000784327 0.26188877009553868 2.3787350748752938 0.43282990460284054 0.55448398465523485 1.2635001592570918 1.5954676889814425 19.829786420188611 0.26918036874849249 0.35276671836618334 9.1478180466365284 5.7670336352311997 31.145993242491389 0.10653391666710366 0.19654024485498667 1.0549017472658304 20.762308654026128 21.770324186771177 1479.2409656961099
leaf_count=24264 121 777 19 49 80811 30 42 31 32 378 23 792 43 1069 32 186 236 247 7763 79 17 2306 1775 13216 8 55 123 1738 1744 79253
internal_value=-6.57272e-05 -0.00398496 -0.0404597 0.0918534 0.000132279 0.0308266 0.0859104 0.163876 0.318427 0.000238876 -0.00200779 -0.0026242 0.00222775 0.0555834 0.214503 0.0179441 -0.000125333 0.0545576 -0.00209422 -0.0110558 0.102681 -0.0125052 0.00617103 -0.0207248 -0.0108846 0.114556 -0.0217673 6.42539e-05 -0.0010217 0.000985247
internal_weight=2918.66 140.365 5.04824 0.351726 2778.3 6.1437 2.19352 1.16256 0.676718 3.95018 1.03095 135.316 85.8906 3.62794 0.694719 2.93322 82.2626 2.85897 79.4037 49.4258 0.621947 48.8038 14.9149 33.889 3.79649 0.303074 3.49342 2772.15 1272.15 1500
internal_count=217259 52870 845 68 164389 843 249 105 74 594 144 52025 33840 1330 75 1255 32510 483 32027 18185 96 18089 4081 14008 564 63 501 163546 82555 80991
is_linear=0
shrinkage=0.05


Tree=114
num_leaves=31
num_cat=0
split_feature=2 2 4 3 3 4 0 1 1 1 2 3 3 4 4 0 4 4 3 0 0 3 3 1 2 0 1 0 0 0
split_gain=0.896329 3.71043 3.56215 9.22028 8.59855 7.47047 5.78807 5.25454 6.55873 2.9338 2.96395 1.76504 6.0287 5.92299 6.5533 14.3947 5.26618 7.17781 7.04012 4.6492 3.8958 5.33697 4.77932 3.22142 2.75621 2.48559 2.27909 3.45968 6.95961 2.18282
threshold=1.7825038478759392 1.7268680393389968 -0.00065365762886582235 -0.0011438371627436326 -0.00086604769411952043 -0.00077083556441853707 -0.0020976709852252302 0.0077728933725198209 0.0016737279066903728 0.0095356782504780226 1.7535840715920619 -0.0020004109893387851 -0.0071885548372976329 -0.00065365762886582235 -0.00074493464360397821 0.00041026976216251848 6.5044881243037103e-05 0.0005564367378300129 -0.00042504977265550575 -0.004194376370928842 0.0017671311163905969 0.00026671613674666977 0.0021002139686240322 0.001036357973487045 2.1769660155008816 -0.0018761141711735594 0.0047069043026143854 -0.0035137435184973138 -0.0025709280698543164 -0.0012260741933558526
decision_type=2 2 2 2 2 2 2 2 2 2 2 2 2 2 2 2 2 2 2 2 2 2 2 2 2 2 2 2 2 2
left_child=1 -1 3 7 -5 -6 -4 8 -3 10 -8 12 19 14 20 24 -15 18 -18 -2 21 -13 -22 -19 -16 -21 29 -28 -29 -14
right_child=11 2 6 4 5 -7 9 -9 -10 -11 -12 13 26 16 15 -17 17 23 -20 25 22 -23 -24 -25 -26 -27 27 28 -30 -31
leaf_value=-5.8371513223843958e-05 -0.0035514925316339724 0.067958496955267816 0.110931497323425 0.27279206473394152 0.03666072873771125 0.24681659737848696 0.013650163776550176 0.081271729977905161 -0.034993289889608953 0.1055730877466006 -0.026114876432712347 0.0199180425564775 -0.05094204105744024 -0.044636591804894481 -0.050583162595544774 0.3373568294819636 -0.050832779272881205 -0.042019383437065544 0.070452021048748453 0.078224558785374321 0.014942151691420456 -0.05115713999481887 0.20646338126681024 -0.0039354734810026631 0.1429798516966409 -0.0092925008175440103 -0.031293227670507497 0.11023433231125393 -0.053389193672163021 -0.015511509674293445
leaf_weight=2719.705950479387 19.951450305990878 2.1032145572826249 1.1759744659066225 0.61716566770337555 2.7359860386932278 0.50017347640823429 9.1143279892567115 2.0930628255009651 5.8497504349797964 0.59944251179695029 9.6449065792839974 19.07565714995145 11.566578967496756 8.1147478487109748 0.63803943316452094 0.51279836753383279 1.5123602968815246 6.0428954550006884 5.7285659318440585 3.0216647414490581 0.74806608026847132 3.0656475053401655 0.57698589190840721 68.451346313580871 0.25839078187709674 1.1090913657098997 4.4502009386196733 1.5310605317354204 1.1291746450588096 6.9646945982240149
leaf_count=204461 213 148 15 38 175 18 510 15 230 4 543 1914 822 1422 91 25 160 1532 851 68 28 235 14 2929 49 24 85 34 26 580
internal_value=-6.59823e-05 0.000148129 0.0164582 0.0360052 0.101759 0.0691419 0.00322743 0.010784 -0.007767 -0.00331523 -0.00679471 -0.00365185 -0.0115201 -0.000241616 0.0213499 0.126074 -0.00621937 -0.00240528 0.0451201 0.00644479 0.0150609 0.0100771 0.0983389 -0.0070248 0.00521025 0.0547266 -0.0283924 -0.00432764 0.040782 -0.037626
internal_weight=2918.59 2754.14 34.434 13.8994 3.85333 3.23616 20.5347 10.046 7.95296 19.3587 18.7592 164.449 49.7239 114.726 24.8756 1.40923 89.8499 81.7352 7.24093 24.0822 23.4664 22.1413 1.32505 74.4942 0.89643 4.13076 25.6417 7.11044 2.66024 18.5313
internal_count=217259 206157 1696 624 231 193 1072 393 378 1057 1053 11102 1852 9250 2356 165 6894 5472 1011 305 2191 2149 42 4461 140 92 1547 145 60 1402
is_linear=0
shrinkage=0.05


Tree=115
num_leaves=31
num_cat=0
split_feature=1 1 2 4 3 3 0 1 3 2 2 0 3 1 2 3 2 3 0 3 4 1 3 1 1 0 0 4 0 0
split_gain=0.890037 4.91835 11.6453 13.1463 5.32792 10.2164 3.77367 3.28065 4.74861 3.81817 29.251 3.84466 2.75143 8.39324 7.28308 4.24052 4.73033 3.90655 3.64838 2.26871 3.16011 1.82372 4.64793 1.09708 4.13475 3.41905 9.08562 2.89853 1.13926 3.6898
threshold=0.00084286461641908605 0.00084987223197117393 1.0214854113899843 -0.0042911671054871028 -0.0011438371627436326 -0.00074830391795710483 0.00069671179368480118 0.00082996675822327216 0.0039527278394465579 0.72451577167450965 0.71332971537503342 -0.00085854310017813285 0.00016953079527437523 0.00080407746761104639 0.9919059937975182 -4.9998750062452128e-05 1.0446572270350234 0.00018141275528060777 -0.00023649460640079442 -0.0021068910234733891 -0.0028407938036316134 0.000836447987361285 0.0022154381309056341 0.00090583905922923358 0.00089908428074783771 -0.00037370770875100318 -0.00036363771294645181 -0.0030787323841446885 0.00086051482639970544 0.00052372744102480173
decision_type=2 2 2 2 2 2 2 2 2 2 2 2 2 2 2 2 2 2 2 2 2 2 2 2 2 2 2 2 2 2
left_child=6 2 19 -4 -5 -6 7 12 9 10 -9 -11 15 17 -15 18 -17 -14 -1 20 -2 -8 -23 24 25 27 -27 -3 29 -25
right_child=1 23 3 4 5 -7 21 8 -10 11 -12 -13 13 14 -16 16 -18 -19 -20 -21 -22 22 -24 28 -26 26 -28 -29 -30 -31
leaf_value=-0.011479717544092967 -0.050596231530471408 0.060832548008634579 0.38429553663875837 -0.050689346674156012 0.3299278570558502 0.061566877842852613 -0.043285629233164605 -0.017768514244956821 0.22965973028278228 0.15543966678123369 0.80064213925913963 -0.045794929260300814 0.068444369016842185 -4.9926212982664067e-05 0.073766385038394833 -0.035804014948645088 0.0024761671146999622 -5.7626536764782816e-05 0.0033153815160802411 -0.050418001128111026 0.23656602292547971 -0.050331651944499602 0.29371692849132053 0.00019269574702458162 -0.05037243777492019 0.27650895582229201 0.0028247170977448426 -0.03251746478638412 -0.0012682378434545232 0.007443967594112629
leaf_weight=62.895842258556513 0.21314736874774098 0.89843647717498143 0.34351908415555943 0.83488520141690958 0.39393150014802847 3.5563930715434253 7.1236147647869066 1.5383611938450457 0.17810750938952047 0.24283779633697022 0.11751938518136729 10.506008242024107 2.1047423838899695 5.9487897566286829 7.6243208227679133 20.719612961751409 13.218873724952571 186.58992226199189 123.45897803481785 2.8870699509279785 0.17402496701106462 0.30454833095427591 0.14485812559723854 1451.8451651000651 4.9621404194040215 0.30578475375659664 36.525902388966642 11.169993130373767 762.04276299569756 199.54648358910345
leaf_count=13427 23 124 8 71 27 235 1921 356 11 30 23 1151 580 790 554 7356 3312 38253 29366 467 20 59 11 72423 853 37 4204 1599 28368 11600
internal_value=-6.57432e-05 0.000303502 0.0384914 0.0855218 0.0640735 0.0883282 -0.00213058 -0.0015216 -0.0266804 -0.0303609 0.0403149 -0.0412486 -0.000772431 0.00343815 0.0414144 -0.00463848 -0.0208941 0.00070646 -0.00167805 -0.0351765 0.0784765 -0.0371227 0.0605662 0.000173444 -0.0068841 -0.00247112 0.0050969 -0.025568 0.000330952 0.00106891
internal_weight=2918.42 2475.7 8.40297 5.12873 4.78521 3.95032 442.717 435.144 12.5828 12.4047 1.65588 10.7488 422.561 202.268 13.5731 220.293 33.9385 188.695 186.355 3.27424 0.387172 7.57302 0.449406 2467.3 53.8623 48.9001 36.8317 12.0684 2413.43 1651.39
internal_count=217259 120059 851 341 333 262 97200 95209 1571 1560 379 1181 93638 40177 1344 53461 10668 38833 42793 510 43 1991 70 119208 6817 5964 4241 1723 112391 84023
is_linear=0
shrinkage=0.05


Tree=116
num_leaves=31
num_cat=0
split_feature=1 4 1 1 0 1 3 1 3 2 4 0 3 4 1 1 1 2 3 3 3 2 3 0 1 1 4 3 0 1
split_gain=0.873366 1.55692 1.15449 1.14319 1.02384 0.901461 0.835022 2.27608 1.50331 0.833743 1.39516 2.84502 2.32216 1.24839 1.61008 1.24408 6.28568 0.945614 5.11894 4.10714 22.1461 1.19273 3.79385 9.02297 1.63148 1.22347 3.31361 1.43254 0.667019 0.543493
threshold=0.00023750954286246465 -0.0004216111543280387 0.00019978523100136546 0.00012387956022745888 -0.00022544248010009091 7.2314338125082565e-05 0.00021983971510586289 0.0001899648151542288 -0.00037778313642816691 2.5960215928036812 0.0036655287885360992 0.00056027799258662203 -0.009891647969271054 0.0047709974741092518 0.0095356782504780226 0.00047308217632690256 0.00046865205472345679 2.4086379413156425 -0.008236769578310486 -0.00046974026646479089 -0.00030920156059305309 2.0982060614081832 -0.0018116137412499398 -0.0017062441234900747 0.0095356782504780226 0.004482170560911815 -0.0092932796566774205 0.013009805624824901 -0.00023118356869300524 0.0034079706170707614
decision_type=2 2 2 2 2 2 2 2 2 2 2 2 2 2 2 2 2 2 2 2 2 2 2 2 2 2 2 2 2 2
left_child=1 2 3 -1 5 28 8 -8 -5 17 12 -12 -11 -13 -15 16 -14 21 -19 29 -21 25 24 -24 -23 26 -2 -27 -3 -20
right_child=9 4 -4 6 -6 -7 7 -9 -10 10 11 13 15 14 -16 -17 -18 18 19 20 -22 22 23 -25 -26 27 -28 -29 -30 -31
leaf_value=-0.050118836608089773 -0.012099973782790248 -0.050093524743115819 -0.050135520523839183 0.042112321746002171 -0.050049519511117316 -0.050270389712045831 -0.050999548041518121 0.13879056535946704 -0.050217044575809326 0.016723810264590785 0.11198479824546631 0.042611778565432641 -0.05043971811456447 -0.051547374100167825 0.021549973684392324 -0.0432194312740945 0.3508448748612859 0.11304247333397054 -0.050690230336231427 0.44394412370886505 0.0071670818955283907 -0.038988326328438815 0.15078547804888109 -0.0031763771070790732 0.0015566251412816011 0.0031047736819350847 -9.6883788743507032e-05 -0.0050594200261244275 0.11752482501719093 -0.0095214827197636978
leaf_weight=0.52522327484621234 59.01987751876004 0.07817840130883269 0.77536904714361288 1.4628108283795889 3.2971984805626553 0.24241893966973294 0.23465496118296858 0.4834069833450485 0.63106046273605887 2.7607520930469027 0.60306928586214681 1.0574115226045249 0.47464258753461663 1.7654600809328258 1.3140281178057194 6.7309028819436207 0.12284218426793814 1.1773958299309004 2.687330204294994 0.30318860849365492 6.7817211151123047 10.755739355459808 0.98745942022651689 26.218598882085644 3.2250831648707381 492.62947662221268 2230.3634888134256 60.308306287974119 0.24646345747169141 1.1425029393285511
leaf_count=840 2311 158 876 463 7959 275 65 22 416 33 19 51 209 82 18 1156 6 15 260 33 472 478 40 1908 24 6591 191877 566 3 33
internal_value=-6.62531e-05 -0.0165881 0.00482436 0.017594 -0.0393763 0.0226834 0.0302416 0.0767692 0.0142857 -2.09705e-05 -0.0118465 0.0105286 -0.0223585 -0.00426149 -0.0203565 -0.0370816 0.0320639 3.95909e-05 0.0139926 0.00330784 0.0258583 -1.89216e-05 -0.00846662 0.00241176 -0.0296355 0.00010349 -0.000406321 0.00221431 0.0771599 -0.0384089
internal_weight=2918.41 7.97678 4.11253 3.33716 3.86426 0.567061 2.81193 0.718062 2.09387 2910.43 14.8291 4.73997 10.0891 4.1369 3.07949 7.32839 0.597485 2895.6 12.0921 10.9147 7.08491 2883.51 41.1869 27.2061 13.9808 2842.32 2289.38 552.938 0.324642 3.82983
internal_count=217259 11077 2682 1806 8395 436 966 87 879 206182 1574 170 1404 151 100 1371 215 204608 813 798 505 203795 2450 1948 502 201345 194188 7157 161 293
is_linear=0
shrinkage=0.05


Tree=117
num_leaves=31
num_cat=0
split_feature=2 3 3 3 0 0 4 0 0 4 1 1 1 2 3 4 4 0 0 2 4 0 3 0 0 3 3 0 3 2
split_gain=0.842581 1.48442 4.77746 1.8305 2.20606 4.81945 0.976375 1.41557 6.60499 1.50837 1.182 3.78235 0.833913 1.87161 5.88008 9.07732 5.19664 7.83156 7.79794 4.64894 7.07596 6.24322 2.95965 2.59198 2.23274 1.15492 11.7668 12.8814 6.03678 6.21128
threshold=0.34453880725394309 0.0012688419928289509 0.001326158826527313 0.0024764714389029501 -0.0013069562606573546 -0.0010870397291000697 -0.01971381338445027 -0.0003158033247315783 -0.0003228462122910058 0.002140125149860395 0.00032545432537728645 0.0003208030935465211 0.0061176626780651425 1.4209356808876568 -0.0022266563940597224 0.008152865070594208 0.00097345419898842167 -0.0035137435184973138 0.0034974138146374183 1.3907483709178752 -0.014204142243387006 -0.0010288193509869756 -0.0071885548372976329 -0.0055684417603187866 0.0027745153502499735 -0.0041984807775662372 -0.0016095145993073043 0.0042099359340894713 0.0001300012769559489 1.1614133538748133
decision_type=2 2 2 2 2 2 2 2 2 2 2 2 2 2 2 2 2 2 2 2 2 2 2 2 2 2 2 2 2 2
left_child=1 6 -3 -4 -5 -6 -1 8 9 -8 11 -9 13 19 15 22 18 -18 -16 23 -21 -22 -15 -2 -25 -14 27 -27 29 -28
right_child=12 2 3 4 5 -7 7 10 -10 -11 -12 -13 25 14 16 -17 17 -19 -20 20 21 -23 -24 24 -26 26 28 -29 -30 -31
leaf_value=0.043498481860502175 -0.053524297881270659 0.15949758909589332 -0.050465647307694594 -0.05156798410848943 0.13882405833048328 0.002937598137005705 -0.024992785016121007 -0.050072106695848856 0.3592010162308687 0.078930255122154624 -0.050393563117176424 0.21387196082461879 -0.0010636099521076239 0.0036463601240488783 0.0051463232696541353 0.16571848691908353 0.16020952638644867 -0.0076602588933850331 0.14380632765484322 0.24591302142599894 0.054590484498423068 0.0055308953018765247 -0.023204673113691787 0.00031917087078151842 -0.0080356138075953817 0.05637845424073043 -0.047712856292575247 -0.035066191132365407 0.0033546310212816269 0.021673226654674665
leaf_weight=0.52347481809556384 2.26464701257646 0.47002114803763007 1.7175940623128534 1.3257678487570945 0.74398763850331118 5.3066516441031153 3.6688743776176125 0.52209196300828153 0.12138765631243487 0.38588240958051745 5.2370183256571181 0.1834133043885231 139.60899318195879 12.514277434907852 149.08821126705152 0.67612870037555595 0.69786951318383117 156.62180251503014 1.0208955481648434 0.33380583114921947 7.9957726197317234 34.318201538844733 57.037932426901534 2064.3874256404524 83.188908981945133 18.958700621500615 11.805236537009479 4.8328108862042418 148.04937322065234 4.4378155488520852
leaf_count=17 42 24 463 76 15 412 864 1570 20 67 1551 35 1391 350 15152 8 10 9319 28 6 339 2176 3372 175984 2002 209 138 59 1512 48
internal_value=-6.46278e-05 -0.0102394 0.00405611 -0.00397784 0.00684683 0.0196462 -0.0230867 -0.0265314 -0.0042228 -0.0151027 -0.0422089 0.0185466 6.31929e-06 -0.000296545 -0.00354755 -0.0166011 -0.00056563 -0.00691559 0.00608935 0.000263443 0.0166103 0.0148013 -0.0183735 -6.08395e-05 -4.46159e-06 0.00238173 0.0049391 0.0378031 0.000179992 -0.0287557
internal_weight=2918.04 20.2062 9.56402 9.094 7.37641 6.05064 10.6421 10.1187 4.17614 4.05476 5.94252 0.705505 2897.84 2570.15 377.657 70.2283 307.429 157.32 150.109 2192.49 42.6478 42.314 69.5522 2149.84 2147.58 327.693 188.084 23.7915 164.292 16.2431
internal_count=217259 5114 990 966 503 427 4124 4107 951 931 3156 1605 212145 208788 28239 3730 24509 9329 15180 180549 2521 2515 3722 178028 177986 3357 1966 268 1698 186
is_linear=0
shrinkage=0.05


Tree=118
num_leaves=31
num_cat=0
split_feature=1 1 4 0 0 4 3 3 4 0 0 1 3 0 2 2 4 4 4 0 0 4 2 4 2 0 2 2 0 3
split_gain=0.822203 2.74441 5.20726 10.3781 6.34504 3.50141 3.26975 10.1396 2.92283 8.02771 41.0051 4.74234 2.48793 7.46096 2.81772 2.19065 2.18293 11.1015 2.16436 1.01969 3.29795 7.35388 8.31579 11.6493 6.69088 2.80242 2.94747 7.77879 2.79375 9.38534
threshold=0.0010285714285713868 0.00099641370636736025 -0.0041351214656141768 3.9088288775190889e-05 0.00015883700144803117 0.0054214519975603901 0.0025486233052799405 0.0027128541023933033 0.0046081204878948298 0.0003563421479308993 0.00044052054859633488 0.00077245641138821779 0.0033284407825776578 0.00052372744102480173 0.5848633075377232 1.3907483709178752 -0.00056644787620280235 -0.00022830178967042644 0.002140125149860395 0.00086051482639970544 0.00053457309961979515 -0.010349860933211661 0.69418942701583874 -0.0072103739624060905 1.8479159047482787 0.0008817060928276722 1.6371547559179547 1.8136954891686397 0.00045896712672299783 -0.01335466952210118
decision_type=2 2 2 2 2 2 2 2 2 2 2 2 2 2 2 2 2 2 2 2 2 2 2 2 2 2 2 2 2 2
left_child=1 5 3 -3 -5 8 16 18 12 11 -11 -10 14 -14 -1 -9 -4 -18 -8 20 28 -22 23 -23 -24 26 -21 -28 -2 -30
right_child=19 2 6 4 -6 -7 7 15 9 10 -12 -13 13 -15 -16 -17 17 -19 -20 25 21 22 24 -25 -26 -27 27 -29 29 -31
leaf_value=-0.014268528823328115 0.00068235259198769584 -0.051059585388276721 -0.045200450086967187 0.35404971618807513 0.068897448704700687 -0.041301605534180975 0.32664871618385821 -0.030194666512313437 0.057345523688059924 0.56426773242543737 -0.011801995444555667 -0.050845960741669638 0.00044167044106546965 0.11875997269484213 -0.00031800042863840898 0.1121590124477117 0.11362581274853974 -0.02722109963490087 0.12734988966710786 -0.035319320324304578 -0.053986771235249503 0.16739990659913742 0.0024949027214720455 0.027311730469445246 0.056206337864803738 -0.00076716576435381526 0.25375774383658983 -0.0511008752394621 0.25659523549107771 -0.015424964471178646
leaf_weight=38.754959573197993 1319.3379929652438 0.83335277461446711 9.4633371680975014 0.36685319826938212 0.41664604377001524 5.3120808522216967 0.2649193843826646 2.2638481110334401 1.8161243837384962 0.40636947704479087 1.2879849148157516 2.2899760231375694 5.7786972397734635 1.7316541112377306 548.10144787652825 0.30689221573993553 1.5234611562918932 17.12898246827535 0.28042664052918553 9.4022145951166713 4.7016843119636169 1.588126649614426 135.5038832644932 22.637038392946124 6.0573423062451175 741.5610329399351 0.32767109666019756 0.57895711832679808 0.31980523280799289 37.398628859547898
leaf_count=17164 60316 87 1147 12 30 598 19 146 224 34 147 188 434 158 96096 23 187 1756 21 559 107 60 6985 1406 398 26902 18 41 4 1992
internal_value=-6.38783e-05 -0.00164996 -0.0157254 0.0717688 0.202413 -0.000886332 -0.0202549 0.0283408 -0.000528617 0.0347923 0.126361 -0.00299297 -0.000873315 0.0277222 -0.00123927 -0.0132006 -0.0256408 -0.0157173 0.224166 0.000380289 0.00112223 0.00767684 0.00942562 0.0364955 0.00479319 -0.00112708 -0.0270172 0.0590803 0.000298766 -0.0131186
internal_weight=2917.74 638.328 32.8487 1.61685 0.783499 605.479 31.2319 3.11609 600.167 5.80045 1.69435 4.1061 594.367 7.51035 586.856 2.57074 28.1158 18.6524 0.545346 2279.41 1527.54 170.488 165.786 24.2252 141.561 751.87 10.3088 0.906628 1357.06 37.7184
internal_count=217259 118471 3428 129 42 115043 3299 209 114445 593 181 412 113852 592 113260 169 3090 1943 40 98788 71268 8956 8849 1466 7383 27520 618 59 62312 1996
is_linear=0
shrinkage=0.05


Tree=119
num_leaves=31
num_cat=0
split_feature=2 4 3 3 3 3 4 1 1 1 2 0 3 4 4 1 0 4 2 0 4 0 1 1 2 1 0 0 1 0
split_gain=0.802834 1.32218 2.32792 2.60954 2.72058 6.99329 2.24786 1.47095 0.957325 4.5774 0.8486 2.46803 4.32693 11.1861 3.18081 2.42132 3.15161 6.98724 3.35388 3.2207 12.1198 4.60041 2.19763 3.20287 10.7327 3.52598 3.17889 20.6953 2.04337 1.91544
threshold=2.5960215928036812 0.0036655287885360992 0.0043807807489943959 0.0039527278394465579 0.0028869806273098546 0.0017746207053299658 -0.010349860933211661 0.0095356782504780226 0.00047308217632690256 0.00046865205472345679 1.0368906049988886 -0.0031018881020380968 0.0053056359932970318 0.014046758246105242 0.008152865070594208 0.003235062695043318 0.0018536320536591824 -0.010349860933211661 0.73868395492970884 -0.0019809674069558576 0.0070555599005127654 -0.0017869309056413594 0.00057366213469421722 0.0006420145540456608 1.086337543049992 0.0007849198348256264 -0.00011562711572371541 -5.9668837972981496e-05 0.00051486429304699712 0.0025466717849672586
decision_type=2 2 2 2 2 2 2 2 2 2 2 2 2 2 2 2 2 2 2 2 2 2 2 2 2 2 2 2 2 2
left_child=10 6 3 4 5 -3 -2 -4 9 -8 15 12 13 14 -12 16 19 -18 -19 20 -1 -21 26 24 -24 -25 28 -28 -13 -17
right_child=1 2 7 -5 -6 -7 8 -9 -10 -11 11 22 -14 -15 -16 29 17 18 -20 21 -22 -23 23 25 -26 -27 27 -29 -30 -31
leaf_value=-0.031204929058229643 0.016090521281118667 -0.051554407900813039 -0.051681559761564369 0.15360098693209712 -0.051984637278139283 0.26209441160737151 -0.050359777270655964 0.019926748545166489 -0.042901643768769607 0.25348188771361346 -0.005011307879557639 -0.037481940586377792 -0.056582050679330823 0.11304736556764386 -0.058913658291378047 0.0039273580001153397 0.18387820703372207 -0.00011391442100159694 -0.033128173221598674 0.029908956261244915 0.083160381550295898 -0.0015821985639101457 0.09268398809840199 -0.0102153600206141 0.0052340999738122174 0.0022946169196456571 0.099806331174401644 -0.012127038186489823 -0.0041550302484432543 -0.0033594210803580028
leaf_weight=22.412767685789735 2.7806206429377189 0.40302107017487176 1.5419835606589913 0.4807640486396848 0.69302093191072345 0.31790479877963662 0.54841949342517082 1.3406786508858204 6.4709117640741169 0.16015334636904299 105.34922532411292 11.76094252310577 4.0963441953063002 1.9958131983876217 2.8099215887486926 364.61179696093313 0.42538535315543313 12.708183262584496 19.492394265485927 11.734168644907184 2.5836246311664572 994.69938006032316 4.1921605216339257 59.386144446092658 21.517228537006304 1093.0040485849604 4.6307341488718512 38.146661853432306 7.5531540346564716 119.82330020330846
leaf_count=1276 34 23 61 13 37 19 338 18 1155 6 1719 3949 46 15 30 6252 23 649 1013 656 71 120742 509 7449 3012 53361 1343 10454 1112 1874
internal_value=-6.48387e-05 -0.0117053 0.00991888 0.0529701 0.018754 0.0867545 -0.0220774 -0.0183777 -0.0368599 0.0183153 -5.7427e-06 0.000908322 -0.00612368 -0.00424728 -0.00641166 -0.000805262 -0.00213933 -0.0174394 -0.0200989 -0.00165536 -0.0193841 -0.00121504 0.00155614 0.00203934 0.0194936 0.00164994 -0.00761193 -1.00389e-05 -0.0244488 0.002125
internal_weight=2917.67 14.7375 4.77737 1.89471 1.41395 0.720926 9.96011 2.88266 7.17948 0.708573 2902.93 1354.44 114.251 110.155 108.159 1548.49 1064.06 32.626 32.2006 1031.43 24.9964 1006.43 1240.19 1178.1 25.7094 1152.39 62.0915 42.7774 19.3141 484.435
internal_count=217259 1704 171 92 79 42 1533 79 1499 344 215555 82999 1810 1764 1749 132556 124430 1685 1662 122745 1347 121398 81189 64331 3521 60810 16858 11797 5061 8126
is_linear=0
shrinkage=0.05


Tree=120
num_leaves=31
num_cat=0
split_feature=1 4 1 1 0 1 4 4 3 3 3 2 3 2 1 1 4 4 0 0 2 0 0 0 3 2 1 2 3 3
split_gain=0.790242 1.48805 1.0861 1.04121 0.987741 0.816766 0.789336 5.83292 3.5705 4.58291 4.24194 5.09861 3.91121 2.41703 2.22391 2.05273 1.69265 3.23561 3.10119 16.6396 3.35604 2.92538 5.49631 4.77733 1.72961 7.11618 10.7486 8.7202 4.01766 2.60041
threshold=0.00023750954286246465 -0.0004216111543280387 0.00019978523100136546 0.00012387956022745888 -0.00022544248010009091 7.2314338125082565e-05 -0.00010190044564761801 -8.418251052877411e-05 -0.00050371583231212369 -0.0047037676980598566 -0.0003225586788037082 1.3807657768730535 0.00037580238892320766 0.22869835620335524 0.0003208030935465211 0.0003531683110917755 -0.00052335539989739599 -0.00045998431337146423 0.00072927406503497949 0.00078018521977896171 1.2388704002777742 7.11528541214035e-05 -0.00087923799389472135 0.00083898635741241911 0.001734335575684365 1.7268680393389968 0.0021618058436400343 0.73868395492970884 0.0016177544758340103 0.0015822774438950529
decision_type=2 2 2 2 2 2 2 2 2 2 2 2 2 2 2 2 2 2 2 2 2 2 2 2 2 2 2 2 2 2
left_child=1 2 3 -1 5 -3 16 8 9 -8 11 -10 -12 -9 -15 -16 24 18 20 -20 -18 22 -19 -23 28 27 -27 -26 29 -2
right_child=6 4 -4 -5 -6 -7 7 13 10 -11 12 -13 -14 14 15 -17 17 21 19 -21 -22 23 -24 -25 25 26 -28 -29 -30 -31
leaf_value=-0.050113439620218192 -0.00083273860350948454 0.073443449614845113 -0.050134229402921428 0.028601916017078732 -0.050047202286031427 -0.050248931375372619 0.11218007325443191 -0.050630841328860893 0.073063113159063317 -0.051776994314153592 -0.019883972329945501 0.36577448087906528 0.070749116177593468 -0.032025176270627044 0.026258776799663808 0.00054167955982068708 -0.050705549866094969 -0.021483737026631713 0.31561216278601983 -0.02211668494082027 0.0052444377689654827 -0.023777757590672619 0.013508353866290873 0.0082862234217268207 0.025763003496827992 0.22892444133539397 0.011103526337725662 -0.0063872656786600288 -0.042829863504773108 0.050915038927859091
leaf_weight=0.49311262354604002 1052.7685802219203 0.32447607748326879 0.73688023511203926 2.8375780084606959 3.1147028019768177 0.22670714609557763 0.56072270497679744 2.3091273733589324 0.39924519657506596 1.7766273466986602 1.626649259851545 0.23712953575886786 4.4380765126261394 5.2190423214051398 7.7972632565652011 1598.135618379747 10.709586039243733 15.153204683971124 0.40843665617285241 3.4065201987978071 3.5748462979681781 31.736005458194995 43.2568178451329 18.324563133297488 30.913120533339679 0.88866524258628432 1.5615709926933048 66.379610914038494 5.6930688198190174 2.433326826314441
leaf_count=840 76702 161 876 966 7959 275 6 555 49 165 271 8 204 4858 2860 99733 1673 1056 32 202 436 4964 7384 1039 1144 49 44 2289 321 138
internal_value=-6.41748e-05 -0.0160262 0.00479541 0.016948 -0.0391292 0.0225675 -2.17509e-05 0.000711763 0.0407664 -0.0124442 0.0593263 0.182135 0.04644 0.000487381 0.000560644 0.000666543 -0.000946331 -0.00643683 -0.0260075 0.0140412 -0.0367034 -0.00317126 0.00443042 -0.0120408 -0.00034758 0.00594735 0.090104 0.00382794 -0.000939416 -0.000713407
internal_weight=2917.44 7.73346 4.06757 3.33069 3.66589 0.551183 2909.71 1622.5 9.03845 2.33735 6.7011 0.636375 6.06473 1613.46 1611.15 1605.93 1287.21 126.57 18.0994 3.81496 14.2844 108.471 58.41 50.0606 1160.64 99.743 2.45024 97.2927 1060.89 1055.2
internal_count=217259 11077 2682 1806 8395 436 206182 108709 703 171 532 57 475 108006 107451 102593 97473 16786 2343 234 2109 14443 8440 6003 80687 3526 93 3433 77161 76840
is_linear=0
shrinkage=0.05


Tree=121
num_leaves=31
num_cat=0
split_feature=2 2 4 4 0 2 3 0 4 4 4 4 4 0 4 0 0 4 1 0 4 3 3 3 3 2 4 3 3 0
split_gain=0.801899 3.19006 2.98629 6.98643 7.48323 5.17687 5.13475 4.71093 3.46972 2.82715 5.55427 1.50497 5.90682 5.26509 8.24238 16.2163 5.11757 13.3014 13.8228 5.03672 4.15147 3.80958 5.46897 2.76705 8.16196 12.9092 5.14657 2.83644 4.92019 3.32879
threshold=1.7825038478759392 1.7268680393389968 -0.00065365762886582235 -0.0029153941490066555 -0.004194376370928842 1.7535840715920619 -0.00039398164263898522 -0.0020976709852252302 -0.0026263371166451162 0.00076308523343393564 0.0014505353506093501 0.0011556095118984146 0.0018413191509043527 0.00041026976216251848 0.0010248876195312342 -0.00066087965962752227 0.00071215330050844472 -0.0010720148296721741 0.0025260983556171478 0.00092551414392449971 -0.0036444953256142827 0.00048966130062833024 0.0002302507056995973 0.00086941774540016958 0.00055206604720670082 2.0302233049225218 0.0023865516883969655 0.001734335575684365 0.0018611128150965996 -0.0011204104758168463
decision_type=2 2 2 2 2 2 2 2 2 2 2 2 2 2 2 2 2 2 2 2 2 2 2 2 2 2 2 2 2 2
left_child=1 -1 3 5 -5 -3 -7 -4 -6 -9 -11 13 -13 14 21 -16 17 -15 -19 -18 -21 22 -2 24 26 -26 -14 29 -29 -25
right_child=11 2 7 4 8 6 -8 9 -10 10 -12 12 23 16 15 -17 19 18 -20 20 -22 -23 -24 27 25 -27 -28 28 -30 -31
leaf_value=-5.4294439044092632e-05 -0.0059471391801854418 -0.033408372770336058 0.095729518808668132 0.34246062483939915 0.16810376121843623 0.020714283893959583 0.17821411970362705 -0.039341656965137341 0.048002104354911021 0.07817743712473349 -0.0060256896505767694 -0.045935253000649441 0.087357068113743969 -0.050816249837420092 0.43980166375872198 -0.050531149865348783 -0.050883204754265589 0.092257252330023742 0.44771179620573298 0.11156766859750247 0.012816236882518839 -0.050884231171613663 0.081019222292928739 0.12530458010560788 -0.001952141207492576 0.27272243378309396 -0.037834384810221035 0.11149843198259964 -0.0053567718322013822 -0.050946387767205115
leaf_weight=2718.5517303020461 71.45362105750246 4.4853329393081349 1.2822114657610679 0.24895055592059989 0.68330708518624206 3.3580808164551859 0.6117603052407502 4.2339232114609358 5.0145720751024792 2.3135909676784641 12.758045874768866 9.4103086610411975 1.084593440638854 1.6131478894967584 0.30420511396368966 0.37832545509445381 2.8059537381050168 3.14986315116403 0.2995147481560706 1.2160880332812656 8.5255418919259665 4.5525357802689532 1.8546924368711177 0.28293232433497895 0.95951455726753898 0.7718668298330158 3.3770085686119273 0.91892635857220639 45.651823999360204 5.0402883197821202
leaf_count=204461 5112 134 15 2 32 117 13 434 326 154 469 917 104 138 14 88 249 442 6 43 507 599 391 12 66 68 165 71 1633 477
internal_value=-6.33169e-05 0.00013878 0.0151398 0.0326044 0.074129 0.00339873 0.0449853 0.00292263 0.0624051 -0.00324129 0.00690002 -0.00346375 -0.00918663 0.000553562 -0.00498652 0.168011 0.0252631 0.0676974 0.123122 0.00814225 0.0251438 -0.00650303 -0.0037469 -0.00323321 0.0283566 0.1205 -0.00740096 -0.00700311 -0.003051 -0.0415785
internal_weight=2917.19 2753.54 34.9898 14.402 5.94683 8.45517 3.96984 20.5878 5.69788 19.3056 15.0716 163.651 67.4973 96.1535 78.5434 0.682531 17.6101 5.06253 3.44938 12.5476 9.74163 77.8608 73.3083 58.087 6.19298 1.73138 4.4616 51.894 46.5708 5.32322
internal_count=217259 206157 1696 624 360 264 130 1072 358 1057 623 11102 3513 7589 6204 102 1385 586 448 799 550 6102 5503 2596 403 134 269 2193 1704 489
is_linear=0
shrinkage=0.05


Tree=122
num_leaves=31
num_cat=0
split_feature=3 1 2 2 2 2 2 2 0 2 4 1 0 2 2 3 2 2 2 2 3 4 4 3 3 2 0 1 4 1
split_gain=0.815867 1.54806 7.9299 4.45647 5.307 3.6155 7.63539 7.73223 2.5686 2.05193 2.70312 1.30036 3.87359 3.3138 12.11 3.48969 2.65312 2.54563 3.51204 3.34172 2.99053 2.44473 2.15446 7.84552 3.02294 1.90595 1.89199 4.41393 8.94491 2.41801
threshold=-0.01335466952210118 0.0056485277306448922 0.67433778513739673 0.54038694474353488 0.85795901312624123 0.83167310300835229 0.98149784482880065 1.1513805891304885 0.0013900608095775981 0.95727610611834801 -0.0084185540980666867 0.0095356782504780226 -0.0055684417603187866 0.94704036489577492 0.9746423604514014 -0.0064138170379786632 0.59589369960895633 0.77331692293408028 2.0302233049225218 0.69418942701583874 0.00956645831309 0.0010766531887117516 -0.01971381338445027 -0.0071885548372976329 -0.008236769578310486 0.62622309929079156 0.0034974138146374183 0.0067721926761230332 0.0032723226962060319 0.0037121740626717237
decision_type=2 2 2 2 2 2 2 2 2 2 2 2 2 2 2 2 2 2 2 2 2 2 2 2 2 2 2 2 2 2
left_child=1 2 8 -3 -5 -4 -7 -8 -1 -6 -11 12 13 16 -15 -16 -2 19 22 25 -20 -21 23 -19 -24 -13 27 -14 -29 -28
right_child=11 3 5 4 9 6 7 -9 -10 10 -12 17 26 14 15 -17 -18 18 20 21 -22 -23 24 -25 -26 -27 29 28 -30 -31
leaf_value=-0.044601608142499881 0.0041042872137384548 0.049416188835650521 0.086782200648574517 -0.026850774408686606 0.033640700783368609 -0.0542812439188122 0.12890629151803495 0.0018957810820920342 0.043334873381237135 -0.0020815961778493791 0.037087477127973049 0.023374613688844852 -0.00020967496842952784 0.17693472350533734 -0.033916326364359532 0.012810476114912478 -0.05563975743458021 0.08808916718638414 -0.00094770050334441139 0.089074133559744501 0.061819099695630091 0.022754077914530667 -0.041078936627216248 -0.054356484715012303 -0.0019513708871576531 -0.021146757914187582 -0.051154630075453691 -0.0050250982172193965 0.034560884825087054 -0.0051234171167716192
leaf_weight=4.650464604143056 2.4351157245691883 4.5362821370363227 3.4167505502700788 15.983564540743826 6.0348906666040412 2.1541529688984156 2.1728664003312588 2.6716915592551231 1.0109444060362873 37.712610434740775 4.9872240796685281 6.6887979879975337 2552.6847589735407 0.86271621659398334 9.9706635391339713 6.6678231116384223 7.844456747174263 2.4103902652859688 3.5409438405185929 2.7335349991917601 4.0892567597329617 2.8262911885976791 5.7271145954728118 1.6138311773538578 35.750148739665747 3.7525055557489395 2.9212265352252862 29.954768234863877 27.253948405385017 122.05785454716533
leaf_count=92 34 43 38 148 55 34 31 44 19 310 35 43 212673 11 164 97 98 23 39 26 36 17 49 23 305 29 148 374 246 1975
internal_value=-6.36866e-05 0.00475333 0.018731 0.00150855 -0.00184943 0.0446206 0.0240374 0.0588621 -0.028899 0.00635028 0.00249324 -0.00020884 -0.000378333 -0.0189547 -0.00571994 -0.0151907 -0.0414871 0.00656434 0.00129904 0.0240478 0.0326909 0.0553609 -0.00396511 0.0309643 -0.00735404 0.00737405 -0.000189635 9.81499e-05 0.0138335 -0.00619934
internal_weight=2917.12 85.3314 16.0769 69.2546 64.7183 10.4155 6.99871 4.84456 5.66141 48.7347 42.6998 2831.79 2762.65 27.7808 17.5012 16.6385 10.2796 69.1328 53.1317 16.0011 7.6302 5.55983 45.5015 4.02422 41.4773 10.4413 2734.87 2609.89 57.2087 124.979
internal_count=217259 849 258 591 548 147 109 75 111 400 345 216410 215820 404 272 261 132 590 475 115 75 43 400 46 354 72 215416 213293 620 2123
is_linear=0
shrinkage=0.05


Tree=123
num_leaves=31
num_cat=0
split_feature=2 0 0 0 1 1 1 0 1 0 4 4 3 0 1 0 4 4 4 3 2 2 3 1 3 4 2 1 0 1
split_gain=0.768969 3.2257 4.55699 4.90334 20.2564 43.0579 3.98894 2.91614 2.52828 5.78377 5.89982 13.7842 3.2511 3.13059 13.0394 15.6301 3.22938 5.42136 3.172 2.32804 2.313 2.86216 2.61231 3.46533 2.86959 13.3431 7.50239 4.54005 3.76298 6.14253
threshold=0.6783480397728886 -0.00056337230944236694 -0.00070636006312485556 -0.00072359225353257884 0.0010865319627061303 0.00099641370636736025 0.0056485277306448922 -0.0019809674069558576 0.0034079706170707614 0.0018536320536591824 0.010040602447829118 0.0089546815055087121 0.0026317604929309017 -0.00044909232215967204 0.0017294895297443541 -0.00046883923624424501 -0.0016425959492014639 0.0020941035205677143 -0.011829427218029652 -0.0041984807775662372 0.74206127436356062 0.74934455284873447 0.0069654535601975107 0.0061176626780651425 0.0014794929861078334 -0.0034399272966532109 0.72070290787387636 0.0018325015259458442 -0.00011136256484184369 0.00058886789008820775
decision_type=2 2 2 2 2 2 2 2 2 2 2 2 2 2 2 2 2 2 2 2 2 2 2 2 2 2 2 2 2 2
left_child=1 2 3 6 5 -5 7 -1 13 10 11 -10 -12 14 19 -16 18 -18 -15 -3 22 -22 24 -24 28 26 -26 -27 -2 -30
right_child=20 8 -4 4 -6 -7 -8 -9 9 -11 12 -13 -14 16 15 -17 17 -19 -20 -21 21 -23 23 -25 25 27 -28 -29 29 -31
leaf_value=-0.026098007992842533 -0.0057121671140071481 0.12532959490962728 -0.038557215463014716 -0.050250437260938169 -0.0090908244966323784 1.1710085961602992 0.010502075269346274 -0.0059320279055127866 0.026168543397651102 -0.0040719643402446172 0.040566797392650629 0.18447800976239331 -0.03218035870538926 0.045247537790613954 0.061098100060666051 0.36879367774694999 0.0080854801624542245 -0.011846653925247313 -0.018208089559319025 -0.020970054551609295 -0.018703735615060009 1.2537852252401076e-05 -0.036019706996647048 0.01479875834064619 0.055048676120066337 0.030429698328245255 0.20318414284189001 -0.0056804230023350276 0.049274574314894459 0.0056465290852968
leaf_weight=26.001563101584907 55.611352365842322 0.28326597867999215 11.68978104033158 0.17509323303238389 1.1598282656632362 0.12278545717708766 25.18105395976454 57.729291630166699 25.783233964350078 41.505335483234376 2.0524121895432454 1.4524814728647459 6.1017084680497646 2.0643383851274839 3.1091804327443247 0.47589509561657894 85.1075758212246 56.937606516687083 42.819542290177196 6.789978286411495 20.607499085803283 2326.4161043025379 8.1122124469839019 5.719957821071147 2.2864439925178881 15.413521174137712 1.3649651287123559 19.997911613434553 9.4510099343024176 55.125089136417955
leaf_count=861 5146 22 1570 58 76 19 260 4446 403 638 23 17 68 93 134 20 21976 5562 5812 1454 1724 157505 158 42 55 1513 41 595 3032 3936
internal_value=-6.2487e-05 -0.00210915 -0.00887168 -0.00572754 0.0853673 0.453152 -0.00694678 -0.0121943 0.000898068 0.00859036 0.0234408 0.0346112 -0.0138697 -0.00209554 0.0242616 0.101943 -0.00359837 9.58533e-05 -0.0152896 -0.0151111 0.000259559 -0.000151796 0.00583759 -0.015005 0.00764793 0.0194209 0.110424 0.0100372 0.00382152 0.0120317
internal_weight=2916.65 396.542 122.059 110.37 1.45771 0.297879 108.912 83.7309 274.483 76.8952 35.3898 27.2357 8.15412 197.587 10.6583 3.58508 186.929 142.045 44.8839 7.07324 2520.11 2347.02 173.082 13.8322 159.25 39.0628 3.65141 35.4114 120.187 64.5761
internal_count=217259 43512 7290 5720 153 77 5567 5307 36222 1149 511 420 91 35073 1630 154 33443 27538 5905 1476 173747 159229 14518 200 14318 2204 96 2108 12114 6968
is_linear=0
shrinkage=0.05


Tree=124
num_leaves=31
num_cat=0
split_feature=2 1 0 3 0 1 4 4 0 3 2 3 3 3 4 2 3 3 1 1 1 2 4 3 3 2 2 1 4 4
split_gain=0.758094 1.15147 2.00534 6.02595 4.12849 1.98974 1.37703 1.76122 1.30307 0.929671 0.824725 4.36067 3.64536 21.1931 2.70235 1.11328 3.29094 7.53351 7.45544 2.61273 1.58505 1.03135 6.64993 4.65378 1.14731 2.80828 1.58093 0.548885 0.528066 0.000352774
threshold=2.5960215928036812 0.0041264509327124518 -0.00012051459831519117 0.0018161670352141448 -0.00012668323154396696 0.0049665919907213871 -0.010349860933211661 0.014046758246105242 0.0021976696440473291 -0.00063831585538676172 2.4086379413156425 -0.008236769578310486 -0.00046974026646479089 -0.00034929899307184481 0.004444814761232708 2.0982060614081832 -0.0018116137412499398 -0.0015352551417971425 0.0026147193884928995 0.0010776290799406334 0.0095356782504780226 2.0302233049225218 0.0089546815055087121 0.0021002139686240322 -0.01335466952210118 1.5986319217513072 1.7825038478759392 0.0034079706170707614 -0.0092932796566774205 0.007554381552405399
decision_type=2 2 2 2 2 2 2 2 2 2 2 2 2 2 2 2 2 2 2 2 2 2 2 2 2 2 2 2 2 2
left_child=10 2 3 4 9 8 -7 29 -3 -2 15 -12 27 -14 -15 21 20 18 -18 -19 28 24 23 -23 25 -1 -26 -13 -17 -8
right_child=1 5 -4 -5 -6 6 7 -9 -10 -11 11 12 13 14 -16 16 17 19 -20 -21 -22 22 -24 -25 26 -27 -28 -29 -30 -31
leaf_value=0.0020222198565845264 -0.050404726063039133 0.11079743155514968 -0.050443121805964067 0.34222394243377618 0.22321504263215416 0.017428301173196225 -0.051799563143422267 0.01704540542627617 0.012750291085587402 0.01780433526609845 0.10095240303779054 -0.050651491124666985 0.4238012965094643 0.029480837647028354 -0.034434555785672331 -0.055021310052700959 0.024730364174408423 -0.039877450144252674 0.29148785762689877 0.0031476709330173257 0.0021659488972651259 0.018847644030227258 0.11554000574802117 -0.051671712957740992 1.952491772929447e-05 0.028752033623170553 -0.007312258991527109 -0.0086625644063716145 -0.030500546778707911 -0.053015559113062383
leaf_weight=66.742994819767773 1.5614660962019122 0.60455587506294051 3.8042080742015969 0.12715065258089442 0.17521264520473678 2.7240285351872444 1.7847235947847369 1.3963953237980602 0.77110832370817661 0.73456571868155185 1.2622627150267351 2.5508651790441941 0.31592016178183158 4.345757366187172 2.669682483188808 3.1927266097627571 0.66311280685477203 4.1936222571821444 0.43293372541666031 22.247601084876806 3.1996839866042128 9.838144866487708 1.4349508713930834 3.0694590014172709 2680.6052529505687 11.522703750059007 75.598421300121117 1.1200558487325905 7.0304951972793779 0.89583183079957951
leaf_count=705 345 27 922 12 10 30 66 24 23 224 15 263 27 438 74 57 59 999 11 1003 24 702 17 138 205409 81 5078 33 422 21
internal_value=-6.42879e-05 -0.0114373 -0.0273168 0.00654145 -0.0107301 0.000996923 -0.0100961 -0.0284867 0.0558385 -0.0285827 -7.15211e-06 0.0129312 0.00283277 0.0231982 0.00515823 -6.20641e-05 -0.00824656 0.00164835 0.130098 -0.00367619 -0.0285461 5.56125e-05 0.0134297 0.00207797 -1.2061e-05 0.00595753 -0.000181575 -0.03784 -0.0381584 -0.0522059
internal_weight=2916.62 14.5792 6.4026 2.5984 2.47124 8.17664 6.80098 4.07695 1.37566 2.29603 2902.04 12.2645 11.0023 7.33136 7.01544 2889.77 40.9602 27.5373 1.09605 26.4412 13.4229 2848.81 14.3426 12.9076 2834.47 78.2657 2756.2 3.67092 10.2232 2.68056
internal_count=217259 1704 1513 591 579 191 141 111 50 569 215555 850 835 539 512 214705 2575 2072 70 2002 503 212130 857 840 211273 786 210487 296 479 87
is_linear=0
shrinkage=0.05


Tree=125
num_leaves=31
num_cat=0
split_feature=1 4 1 0 1 0 0 0 4 4 0 2 0 2 1 2 1 4 1 3 3 1 4 2 2 1 4 0 4 4
split_gain=0.746603 1.41262 1.00461 0.949036 0.943069 0.761012 0.878785 0.740809 0.729001 2.82211 10.818 6.10148 9.98988 6.48181 2.4259 2.16841 1.92914 1.76893 5.29716 3.90299 35.3557 8.18587 1.8166 4.2596 9.49887 5.52645 1.66836 7.17263 1.57864 8.65882
threshold=0.00023750954286246465 -0.0004216111543280387 0.00019978523100136546 -0.00022544248010009091 0.00012387956022745888 6.1222537608873764e-05 5.6563952690935622e-05 -0.00023118356869300524 2.9151544804650879e-05 0.00010103508346359648 -0.00027260952661128929 1.2447947612931811 -0.00023649460640079442 1.2916093286955441 0.0003208030935465211 0.22869835620335524 0.0003531683110917755 -2.8638124337065914e-05 0.00082314205079962711 -0.0003225586788037082 -0.00039398164263898522 0.00081620649580321162 -0.00010190044564761801 1.2638169980252449 1.4425120102715814 0.00048649842757059338 0.00022360734567605792 0.00013884060517443955 -0.006727181012526561 -0.0072103739624060905
decision_type=2 2 2 2 2 2 2 2 2 2 2 2 2 2 2 2 2 2 2 2 2 2 2 2 2 2 2 2 2 2
left_child=1 2 4 7 -1 6 -6 -3 17 10 -10 12 -12 -13 26 -16 -17 22 19 20 -19 -21 28 25 -25 -24 27 -11 29 -2
right_child=8 3 -4 -5 5 -7 -8 -9 9 14 11 13 -14 -15 15 16 -18 18 -20 21 -22 -23 23 24 -26 -27 -28 -29 -30 -31
leaf_value=-0.050108569583073186 -0.00012175368370906756 -0.050100930952418313 -0.050127590636446187 -0.050044977014418512 0.025151823452413909 -0.050214366977455474 0.12180207777926451 0.068817793507542774 -0.031524003176499664 -0.050086259216506529 0.23495797961939013 0.22712682635041903 0.01212503295105888 0.063430589605307813 -0.05060759020755097 0.0266014099494725 0.00049025387292814596 -0.0023481705786629692 -0.028933048682646751 -0.015376660844105872 0.55452780260917545 0.43655594920490864 0.070332585919221119 0.1035523526003122 -0.012399594505512038 -0.0092763682167879922 -0.050083465318096813 0.40412938623864714 -0.0019016417112112168 0.032156639244911266
leaf_weight=0.46965116940555196 292.04522597591858 0.21717349886603188 0.70148400611651585 2.9743427211069493 2.3525762846402367 0.29260812725988206 0.26131247985176731 0.32990448258351568 7.7531940505432457 0.41301141495932725 0.52512665523682223 0.71625477209454302 11.920214992162069 3.8836684646084905 2.0692593649146138 7.1065582236624314 1533.4411171131651 2.0661297645710879 17.363958645029925 4.2953536923741922 0.3306366451142847 0.10259075718931843 2.4842563598940677 3.5310970386490217 3.5339609637740068 17.801667480613105 3.5874971957236994 0.11008042600587942 971.25927029229933 22.367909919819795
leaf_count=840 6823 410 876 7959 695 264 7 26 799 363 61 37 1610 373 461 2508 93058 389 1138 1128 67 10 880 245 310 1476 3692 104 89793 857
internal_value=-6.29796e-05 -0.0157149 0.00431859 -0.0389128 0.0156312 0.0262539 0.034814 0.0216106 -2.20885e-05 0.000708072 0.0174417 0.0397142 0.0215274 0.0889198 0.000439784 0.000542001 0.000610705 -0.000880212 -0.0142871 0.0231406 0.0744735 -0.00483444 -0.000633534 0.0121174 0.0455529 0.00047271 -0.0379201 0.0454997 -0.000904793 0.00217459
internal_weight=2916.31 7.59905 4.07763 3.52142 3.37615 2.9065 2.61389 0.547078 2908.71 1571.53 24.7985 17.0453 12.4453 4.59992 1546.73 1542.62 1540.55 1337.18 24.1587 6.79471 2.39677 4.39794 1313.02 27.351 7.06506 20.2859 4.11059 0.523092 1285.67 314.413
internal_count=217259 11077 2682 8395 1806 966 702 436 206182 103066 2880 2081 1671 410 100186 96027 95566 103116 2732 1594 456 1138 100384 2911 555 2356 4159 467 97473 7680
is_linear=0
shrinkage=0.05


Tree=126
num_leaves=31
num_cat=0
split_feature=1 1 4 4 3 3 2 0 3 2 0 3 3 2 3 3 1 3 3 2 2 3 0 0 3 2 2 2 1 0
split_gain=0.770178 3.16479 3.05245 5.07214 2.73161 8.76345 8.64076 11.215 2.68019 5.74656 3.14732 2.6571 5.67609 2.22552 3.71047 4.10968 2.06875 4.15709 14.2722 25.691 4.19993 4.86861 3.54282 1.79898 6.69033 1.85102 1.64125 9.67964 14.0664 2.56883
threshold=0.00066384126514475964 0.0006420145540456608 0.002560554994997966 0.0026192207510761238 0.0018611128150965996 0.0018161670352141448 0.79287082811021892 0.00026198274867028642 0.00016953079527437523 0.94366281088716819 0.00046791420268121891 0.002339959602796871 0.0025486233052799405 0.46733296760612802 0.0001300012769559489 -0.000441323788024861 0.00068082948508530795 0.0012399746395882485 0.0011360981514670911 1.095128561679017 1.1461702615675662 0.00018141275528060777 0.00062332405295628679 0.00063752341404199619 -1.0000000180025095e-35 1.4006196998005913 0.78649621542192405 0.76328980585766559 0.00055322937678937512 0.00024988052168029023
decision_type=2 2 2 2 2 2 2 2 2 2 2 2 2 2 2 2 2 2 2 2 2 2 2 2 2 2 2 2 2 2
left_child=1 4 13 -4 5 8 -7 -8 10 -10 -1 -5 -13 14 15 -3 17 18 20 -20 21 -2 -22 25 -25 -15 27 29 -29 -6
right_child=16 2 3 11 26 6 7 -9 9 -11 -12 12 -14 23 -16 -17 -18 -19 19 -21 22 -23 -24 24 -26 -27 -28 28 -30 -31
leaf_value=-0.0039693673726636089 0.057540902066241885 -0.050323245339594341 0.19000354140897116 -0.050421297888957856 -0.050449320185890816 -0.050427476739300862 0.39534086540929159 -0.050480192661184857 0.017264013112845453 -0.0066693044723883828 -0.050282144458404676 0.21555724095489637 -0.050582871162565317 -0.04316310723126169 -0.051757550196325386 0.23575646391247523 6.9968260122291333e-05 -0.035889816439932047 -0.050448248720460477 0.74715307295856881 -0.02993082409877261 -0.011237146694506551 0.17446595471756271 0.40115500103903107 -0.050301878068947696 0.01465007618602128 -0.042405967841600556 -0.050392082218309542 0.61375770358811865 0.023418608040953397
leaf_weight=125.65749763062922 7.8681664944160818 0.19696010637562722 0.41288512013852541 1.1808749994961543 3.0202376135421201 0.35849942619097308 0.44812504097353667 0.20586907281540334 51.310836212011054 49.062886608036933 3.7787432818149673 0.35906948801130045 0.4532008261885494 13.757374165230425 0.55563791410531849 0.34619149530772719 2634.5619118751492 3.2217436528881072 0.21800156414974381 0.1880478672683239 4.5831614601192987 3.8233363156905398 0.22228489513508964 0.11075276078190655 0.3168132249265917 1.5394425292033709 6.1846860557270702 0.16945240119821381 0.15055973897688091 1.9284768864308715
leaf_count=38599 1091 68 12 173 622 75 48 28 15861 11410 1028 11 48 2516 75 39 142250 366 30 21 529 489 31 26 72 375 932 33 20 381
internal_value=-6.30704e-05 -0.00265202 -0.0221764 0.0305001 -0.00110239 8.02484e-05 0.146857 0.255002 -0.000566418 0.00556536 -0.00532142 -0.00254142 0.0670661 -0.0297101 0.0390855 0.132017 0.000191959 0.016162 0.0260832 0.318933 0.0188751 0.0350492 -0.0204761 -0.0345174 0.0666394 -0.0373449 -0.0249363 -0.00442964 0.262078 -0.0216635
internal_weight=2916.19 261.505 19.2292 2.40603 242.276 230.822 1.01249 0.653994 229.81 100.374 129.436 1.99315 0.81227 16.8232 1.09879 0.543152 2654.69 20.1247 16.903 0.406049 16.4969 11.6915 4.80545 15.7244 0.427566 15.2968 11.4534 5.26873 0.320012 4.94871
internal_count=217259 72452 3415 244 69037 67049 151 76 66898 27271 39627 232 59 3171 182 107 144807 2557 2191 51 2140 1580 560 2989 98 2891 1988 1056 53 1003
is_linear=0
shrinkage=0.05


Tree=127
num_leaves=31
num_cat=0
split_feature=1 1 2 4 1 0 3 2 1 4 2 1 0 1 0 2 2 0 0 2 1 0 0 2 1 0 0 1 4 4
split_gain=0.760269 2.53134 4.33571 3.45578 5.17813 6.15278 13.2909 4.91374 2.87057 8.71268 10.6403 4.39941 2.47416 6.36347 4.84655 2.47349 5.15495 8.73783 3.49885 2.4724 1.9865 1.45946 15.8859 0.865102 1.4483 1.82744 22.0969 1.71911 1.27096 1.68706
threshold=0.00047308217632690256 0.00044071644048924899 2.0302233049225218 0.0020509558051901027 0.00034360436278051864 -2.249906651335953e-05 0.00099399585960902059 0.45707358164256534 0.00042397531084492911 -0.0012086225413102667 0.73868395492970884 0.00043505549594970508 0.00012183033467949579 0.00033161064760749316 7.11528541214035e-05 0.87714508791165013 0.88363639245138659 -3.2823476622811924e-05 -7.045191953641837e-05 2.1769660155008816 0.00046865205472345679 -0.00037370770875100318 -0.00038248181421796085 2.5960215928036812 0.0041264509327124518 -0.00058846988893312957 -0.000646136628681515 0.0049665919907213871 -0.010349860933211661 0.014046758246105242
decision_type=2 2 2 2 2 2 2 2 2 2 2 2 2 2 2 2 2 2 2 2 2 2 2 2 2 2 2 2 2 2
left_child=1 3 15 8 -5 6 -6 -7 12 10 -10 -11 14 -14 -1 21 17 -17 -18 -4 -21 22 -3 -2 25 26 -25 -26 -29 -30
right_child=23 2 19 4 5 7 -8 -9 9 11 -12 -13 13 -15 -16 16 18 -19 -20 20 -22 -23 -24 24 27 -27 -28 28 29 -31
leaf_value=-0.0061853643706598019 0.00014456990161292269 -0.050183462595788667 0.29279236861528884 -0.050290905255813478 -0.050374676412007727 0.28283363780907245 0.2618353030564175 -0.0170962755949512 0.30286273520445217 -0.028769694746840165 0.037012552634163733 0.054747313053584296 0.020111006676797556 -0.045647642302772212 0.048142654354616517 0.71915806268666016 -0.050183345899118374 -0.050178880486925037 0.0093703440137141922 -0.050829231632146879 0.16012643604696034 -0.050196666675696916 0.8228538081680894 -0.050331461766441758 0.050393683316318272 -0.050423691302172773 0.56691406482576989 0.016329181625868577 -0.052096487303701838 0.01592325574845949
leaf_weight=40.115214844379807 2808.4689325968502 0.57754116260912269 0.14460165344644238 1.0895355283864763 0.53066335205221571 0.15014328266261134 0.95314512308686972 1.5090561006218193 0.56510121462633822 4.6662617046385986 1.1269697537645695 2.3816328903776594 5.5693368904176195 10.839016013720537 4.573088431818177 0.064991850405931473 3.8997054493520427 0.085408120881765082 6.7098986948258208 0.22265574522316456 0.22372755932155997 7.957500307587912 0.057273151236586162 1.4036153670167548 1.4441448599100093 3.9425705297035165 0.16169959912076493 2.7614523470401764 2.5557027766481042 1.4170366805046799
leaf_count=21534 172429 226 19 815 136 69 132 433 132 1374 207 673 4650 4293 3066 20 1134 25 1774 59 13 2668 20 306 50 841 20 30 87 24
internal_value=-6.38911e-05 -0.00448718 -0.0202987 -0.000229897 0.0436399 0.0762013 0.150178 0.0100448 -0.00288868 0.0239133 0.125799 -0.000547529 -0.00672274 -0.0233278 -0.000625815 -0.0243727 -0.00839893 0.282272 -0.0125194 0.113109 0.0549019 -0.0443764 0.0285822 8.34588e-05 -0.0124568 -0.0322765 0.013431 0.000891225 -0.00972456 -0.0278345
internal_weight=2916.17 94.0125 19.9433 74.0692 4.23254 3.14301 1.48381 1.6592 69.8366 8.73997 1.69207 7.04789 61.0967 16.4084 44.6883 19.3523 10.76 0.1504 10.6096 0.590985 0.446383 8.59231 0.634814 2822.16 13.6862 5.50789 1.56531 8.17834 6.73419 3.97274
internal_count=217259 43472 5958 37514 1585 770 268 502 35929 2386 339 2047 33543 8943 24600 5867 2953 45 2908 91 72 2914 246 173787 1358 1167 326 191 141 111
is_linear=0
shrinkage=0.05


Tree=128
num_leaves=31
num_cat=0
split_feature=2 0 0 0 1 1 1 0 4 1 1 0 0 3 3 3 3 4 1 1 0 0 3 2 2 3 1 2 1 3
split_gain=0.720611 2.95074 4.31831 3.54834 8.05874 7.35134 3.64825 3.0841 2.43954 2.29115 5.80873 9.17498 13.5093 7.60043 3.10949 3.43736 5.27787 3.86334 3.232 5.04563 2.73005 6.00651 5.60156 2.04542 2.6267 2.36128 3.22202 2.79189 2.7052 10.2325
threshold=0.6783480397728886 -0.00056337230944236694 -0.00070636006312485556 -0.00072359225353257884 0.0010865319627061303 0.00099641370636736025 0.005268957745367479 -0.0019809674069558576 -0.014204142243387006 0.001791124272628825 0.001897588795775663 0.00028587377678013231 0.00015012197412755948 -0.0021068910234733891 0.0018161670352141448 0.00033501639206523498 0.00037580238892320766 -0.00030194032713132252 0.00079790744150480205 0.0007914419294462676 -0.00032996408954460982 -8.2927590302650498e-05 0.0039527278394465579 0.74206127436356062 0.74934455284873447 0.0069654535601975107 0.0061176626780651425 0.71698067976949797 0.0023611463919433881 -0.0064138170379786632
decision_type=2 2 2 2 2 2 2 2 2 2 2 2 2 2 2 2 2 2 2 2 2 2 2 2 2 2 2 2 2 2
left_child=1 2 3 6 5 -5 7 -1 -8 14 11 12 -11 -13 15 17 -17 -3 19 -16 22 -22 -12 25 -25 28 -27 -28 29 -2
right_child=23 9 -4 4 -6 -7 8 -9 -10 10 20 13 -14 -15 18 16 -18 -19 -20 -21 21 -23 -24 24 -26 26 27 -29 -30 -31
leaf_value=-0.028023859963858935 0.16856683085834653 -0.01829631840977267 -0.038029564874464926 -0.05023986885905371 -0.0086514140115265641 0.34828049843734227 -0.013432211511275313 -0.0060497081875624604 0.017620883506959933 0.085556759766321724 0.053755947009442778 0.14499306573790299 0.44679340110864818 -0.032858014302769148 0.0012958700005669416 0.098313726834375337 0.007684517330356893 0.0059988715578097327 -0.032511201644725422 0.30267572098509926 -0.040427295711289779 0.0039836977222031866 -0.033708961974030859 -0.018070150463000471 1.5382368042652659e-05 -0.035302783330647201 -0.022299399987108108 0.047294856691752166 0.014680989531347938 -0.00010843418927775956
leaf_weight=22.354037067154422 0.9081036273855706 35.818839637766359 11.266106100258183 0.16741089569404621 1.1485408269800244 0.37477293564006686 9.0794308129698056 55.892460037299315 20.845677430275828 1.8317397953942411 6.6048866938799602 0.76553024118766222 0.30140036717057217 2.7900878256186843 7.3912511932139777 1.6812667216436228 36.091028228052892 30.124734301221906 16.652362244261894 0.14153536083176721 8.1119591495953483 123.88846413278952 2.5324048241600394 20.251288052531891 2325.8604659553675 7.8706601720768941 2.7723200991749763 3.0011137649416924 68.659316094592214 90.903582212966285
leaf_count=820 39 10219 1570 58 76 19 95 4431 221 115 224 50 20 201 1224 451 8998 9237 1928 19 255 3221 60 1724 157505 158 25 17 1454 12825
internal_value=-6.41894e-05 -0.00204741 -0.00854864 -0.00552544 0.0663496 0.225229 -0.00664885 -0.0123274 0.00819922 0.000819002 0.00508068 0.0546167 0.136597 0.00543361 -0.00407327 -0.000308581 0.0117185 -0.00719765 -0.0202178 0.00695857 0.00308406 0.00125446 0.029515 0.000247319 -0.000140729 0.00547607 -0.0144927 0.0138767 0.00717392 0.00155992
internal_weight=2916.08 395.856 121.128 109.862 1.69072 0.542184 108.172 78.2465 29.9251 274.727 146.826 5.68876 2.13314 3.55562 127.901 103.716 37.7723 65.9436 24.1851 7.53279 141.138 132 9.13729 2520.23 2346.11 174.115 13.6441 5.77343 160.471 91.8117
internal_count=217259 43512 7290 5720 153 77 5567 5251 316 36222 4146 386 135 251 32076 28905 9449 19456 3171 1243 3760 3476 284 173747 159229 14518 200 42 14318 12864
is_linear=0
shrinkage=0.05


Tree=129
num_leaves=31
num_cat=0
split_feature=1 1 2 0 0 4 0 0 0 1 3 2 2 0 3 1 2 3 2 2 0 3 4 1 4 1 1 0 0 3
split_gain=0.712791 4.16111 9.36602 7.63686 11.4084 20.4694 10.1007 15.0054 3.57226 3.08331 3.65457 3.49726 11.0057 3.25304 2.21447 7.1294 5.81482 3.9381 4.55401 3.35922 3.23514 2.07253 2.93976 1.63215 3.49918 0.960482 3.98088 3.12985 6.23368 2.85385
threshold=0.00084286461641908605 0.00084987223197117393 1.0214854113899843 -0.00050309421860617032 -0.00077874399744948242 -0.0011801196424105485 0.00020327856641044753 0.00038325262671901067 0.00069671179368480118 0.00082996675822327216 0.0039527278394465579 0.72451577167450965 0.71332971537503342 -0.00085854310017813285 0.00016953079527437523 0.00080407746761104639 0.9919059937975182 -4.9998750062452128e-05 1.0446572270350234 1.0995297947815661 -0.00023649460640079442 -0.0021068910234733891 -0.0027680970915568421 0.000836447987361285 -1.0000000180025095e-35 0.00090583905922923358 0.00089908428074783771 -0.00037370770875100318 -0.00025834380068240343 -0.0017666288222576985
decision_type=2 2 2 2 2 2 2 2 2 2 2 2 2 2 2 2 2 2 2 2 2 2 2 2 2 2 2 2 2 2
left_child=8 2 21 4 -4 -6 -5 -8 9 14 11 12 -11 -13 17 19 -17 20 -19 -16 -1 22 -2 -10 -25 26 27 29 -29 -3
right_child=1 25 3 6 5 -7 7 -9 23 10 -12 13 -14 -15 15 16 -18 18 -20 -21 -22 -23 -24 24 -26 -27 -28 28 -30 -31
leaf_value=-0.01063323452063206 -0.050540472801700959 0.033287847750291831 -0.05191871937552528 -0.050873864251742278 0.52406790972636297 0.051839142730509304 0.26122324792797691 0.011250735132972887 -0.042948436084870846 -0.01658442288532733 0.17586557526673818 0.12655980214012982 0.33738056888835871 -0.045538090511984208 0.0049616005212882609 -0.00024527620467646236 0.064575776766779544 -0.035159803972656022 0.00279718710433202 -0.009560044832449259 0.0034044450461316687 -0.050395022812794094 0.21668481571241738 0.22777498323323619 -0.050501645669997153 0.00029034703023949541 -0.050357650800458287 0.070377195422333103 -0.0015444440104387576 -0.035278486854156174
leaf_weight=61.567374300429947 0.22925439104437828 1.7920214537298296 0.37732373690232635 1.7602860070765016 0.43423890229314566 0.48665392864495494 0.95849739294499192 1.6066755442880092 6.8042287599091642 1.4845245749456779 0.22007903130725104 0.28232465055771072 0.25772755499929179 10.017319993232375 131.80732253713359 5.9710135313216588 8.2261839939746988 19.831452646132675 13.136891003829076 57.066033005568897 123.11992909970286 2.7238101453986001 0.18676265841349993 0.17876726004760712 0.30691251717507828 2413.425497519318 4.714949946734122 3.3090116427047169 33.652292867074721 9.9088932699523848
leaf_count=13427 27 267 18 129 24 32 42 96 1921 356 11 30 23 1151 28306 790 554 7356 3312 10527 29366 467 16 25 45 112391 853 409 3832 1456
internal_value=-6.38788e-05 0.000265803 0.0346584 0.0732819 0.179637 0.274514 0.0413611 0.104655 -0.00191759 -0.0013332 -0.0260482 -0.0297384 0.0357768 -0.0408207 -0.000612892 0.0031426 0.0373135 -0.00411673 -0.0200351 0.000574043 -0.00127516 -0.0345192 0.0694251 -0.0366276 0.0519254 0.000143621 -0.00649055 -0.0022402 0.00489444 -0.0247774
internal_weight=2915.84 2475.57 8.7635 5.62368 1.29822 0.920893 4.32546 2.56517 440.278 432.988 12.262 12.0419 1.74225 10.2996 420.726 203.071 14.1972 217.656 32.9683 188.873 184.687 3.13983 0.416017 7.28991 0.48568 2466.8 53.3772 48.6622 36.9613 11.7009
internal_count=217259 120059 851 341 74 56 267 138 97200 95209 1571 1560 379 1181 93638 40177 1344 53461 10668 38833 42793 510 43 1991 70 119208 6817 5964 4241 1723
is_linear=0
shrinkage=0.05


Tree=130
num_leaves=31
num_cat=0
split_feature=2 1 3 4 4 1 1 4 0 0 1 1 2 2 3 4 1 1 4 4 1 3 2 0 1 0 3 0 3 2
split_gain=0.696766 3.89937 6.15146 6.07731 5.43787 7.29995 10.671 5.3105 8.86717 5.23018 4.02353 6.33742 2.90152 2.7421 4.98313 15.8099 8.69914 13.0764 5.66619 14.0857 5.00082 4.23734 2.46183 2.44477 2.36302 12.8862 2.2201 9.99408 3.67753 2.38773
threshold=1.4209356808876568 0.0077728933725198209 -0.0020004109893387851 0.008152865070594208 0.00097345419898842167 0.0013987644247581007 0.0014241537378338724 0.0031898133441865544 -0.0028107774044613394 0.00078018521977896171 0.00068082948508530795 0.00057366213469421722 1.4544051139667935 1.3907483709178752 -0.0011173535225041384 -0.0022166198816187528 0.001095477275504591 0.0013987644247581007 -0.00028248386939910825 -0.00017347724274968665 0.0012008466324341892 0.0079645486916594139 1.4544051139667935 -0.00085854310017813285 0.00049949038925904503 -0.00028147497249531023 -8.6974348779911268e-05 -0.0023838248343276964 0.00956645831309 1.9737253054541604
decision_type=2 2 2 2 2 2 2 2 2 2 2 2 2 2 2 2 2 2 2 2 2 2 2 2 2 2 2 2 2 2
left_child=13 2 3 10 5 23 -7 9 -9 -6 11 -2 -12 -1 15 -15 -17 -18 24 20 -20 -21 -3 -4 25 -16 27 -24 -28 -30
right_child=1 22 4 -5 7 6 -8 8 -10 -11 12 -13 -14 14 18 16 17 -19 19 21 -22 -23 26 -25 -26 -27 28 -29 29 -31
leaf_value=3.4157541953928395e-05 -0.052115536199519454 0.064231949706605812 -0.034601647128822931 0.11716329536918993 -0.0047808625890213546 0.13508490284724969 0.014552949729289666 0.11171258466281814 -0.00054456650469457554 -0.03130260903202426 -0.045675726109859649 0.18455091154249786 -0.014613488676713854 -0.0047966582473675905 0.73199965385381704 -0.050542958802758289 0.33340418669825317 0.093403478822176894 0.14912921094426354 0.014115686499179859 0.49247963093624669 -0.054619131156386364 0.0070665212666475566 -0.0018699652295215013 -0.043970675558599119 -0.050206622023720393 -0.031498685112718867 0.096164929671405025 -0.0065689923449017626 0.036102008355848446
leaf_weight=2404.5653913968417 0.51859303074888774 2.0516254976391783 6.2548168330686158 0.86084587872028251 43.133421850870945 1.882952996296807 74.095186491962522 1.7937510646879662 91.130057770758867 32.667104743697564 8.296298702247439 0.62229179078713059 80.134552941890433 9.3517885670298693 0.063805651618167758 0.82943281828192894 0.65070505719631899 4.4409955404698849 0.25041907862760027 22.869788797659574 0.1839480921626091 2.485962050035595 29.724987534806132 64.875940595244174 7.0025407604407519 0.30123082941281509 7.8006800673902044 3.520042195916175 7.6623503044247627 5.7299846969544888
leaf_count=185547 49 20 613 9 4003 134 3512 26 3481 1964 379 45 3949 346 9 91 43 147 35 1298 9 41 260 10450 461 97 85 29 65 62
internal_value=-6.43043e-05 -0.00184386 -0.00355533 -0.0150533 -0.000263123 0.00676315 0.0175401 -0.00638925 0.00162238 -0.0162107 -0.016324 0.0769734 -0.0175276 0.000271407 0.0120508 0.0356823 0.0996144 0.124075 0.00116572 0.0122131 0.294533 0.0073767 0.0104648 -0.0047482 -0.0375055 0.0865172 0.00843851 0.0165004 -0.00420804 0.011688
internal_weight=2915.75 462.755 406.266 90.4326 315.833 147.109 75.9781 168.724 92.9238 75.8005 89.5717 1.14088 88.4309 2453 48.4306 15.2729 5.92113 5.0917 33.1577 25.7901 0.434367 25.3558 56.4897 71.1308 7.36758 0.365036 54.438 33.245 21.193 13.3923
internal_count=217259 29135 28614 4431 24183 14709 3646 9474 3507 5967 4422 94 4328 188124 2577 627 281 190 1950 1383 44 1339 521 11063 567 106 501 289 212 127
is_linear=0
shrinkage=0.05


Tree=131
num_leaves=31
num_cat=0
split_feature=1 4 1 0 1 1 0 0 0 0 4 4 1 1 3 3 0 1 4 3 2 0 4 2 1 2 2 4 0 4
split_gain=0.691268 1.3639 0.942063 0.909694 0.864388 0.702982 0.701197 0.731715 0.678977 2.56386 2.5792 12.4347 2.52858 4.40219 11.8101 2.15228 7.96294 9.84345 4.06809 3.3775 3.22855 4.29617 2.38806 11.5377 2.20792 2.20672 2.05462 1.93186 5.78199 1.88846
threshold=0.00023750954286246465 -0.0004216111543280387 0.00019978523100136546 -0.00022544248010009091 0.00012387956022745888 7.2314338125082565e-05 6.1222537608873764e-05 5.6563952690935622e-05 -0.0017062441234900747 -0.0017869309056413594 0.0020509558051901027 0.0015776542375477434 0.0022896898657495577 0.0024403359147280746 -0.0021068910234733891 -0.0071885548372976329 -0.0012654610948439891 0.0047069043026143854 -0.01971381338445027 -0.0058651521522701247 1.6175639757506028 -0.00090143434118378208 -0.014204142243387006 1.1268574283003734 0.0041264509327124518 0.86102517427814085 0.36216049067078748 -0.0046243256775092547 -0.0018761141711735594 -0.002166785417211325
decision_type=2 2 2 2 2 2 2 2 2 2 2 2 2 2 2 2 2 2 2 2 2 2 2 2 2 2 2 2 2 2
left_child=1 2 4 5 -1 -3 7 -6 9 12 11 29 27 14 -14 16 17 24 19 -17 21 -18 23 -20 -10 -19 -15 28 -2 -11
right_child=8 3 -4 -5 6 -7 -8 -9 15 10 -12 -13 13 26 -16 18 20 25 22 -21 -22 -23 -24 -25 -26 -27 -28 -29 -30 -31
leaf_value=-0.050103896480783373 -0.018982562576431296 0.066678613033752068 -0.050121229306146875 -0.050042976907331754 0.023818700150676674 -0.050256778103943037 -0.050203384363596643 0.10989442791979427 0.025498557203474378 -0.0039830579296192227 -0.053028212497648192 0.22517580308155216 -0.026596602456509844 -0.05132169720703831 0.089972818910144192 0.060716922487335095 -0.038401841453570791 0.080847969098714445 0.0024708988487235836 -0.042523460287586176 0.064422223005606197 0.0049196835478102236 3.4631292236349494e-05 0.14122370045646443 -0.053876753425875404 0.15829411022288398 -0.00068551297453963919 -0.02600518686204464 0.13062871384340777 -0.042020603671231185
leaf_weight=0.4434031290438728 2.9548027559067127 0.32760140577738672 0.66509734564169765 2.8411447820253661 2.3827235609351201 0.21150545217096806 0.28184097154007748 0.27544131805188943 3.8648387151770276 8.3523366926237923 4.4842992302728808 0.54273891402408558 4.1133481743745506 2.0140479144174597 4.6057811877690238 0.87379492819309135 6.2846217341721049 2.0984658952802424 10.599505507387219 8.4838893543928844 2.0687498208135358 64.024629056220874 2379.9584690084303 1.7448432967066754 1.132911644876003 1.6375537011772392 376.00280913314782 16.073710225638933 0.82639924110844987 5.3551852370146671
leaf_count=840 198 161 876 7959 695 275 264 7 146 394 146 27 254 144 235 17 157 18 212 149 31 1142 193335 36 19 23 8117 1051 54 277
internal_value=-6.48855e-05 -0.0152977 0.00427855 -0.0387441 0.0149723 0.0208019 0.0247868 0.0327379 -2.5973e-05 -0.00187184 -0.0199566 -0.0095496 -0.00103855 -0.000145125 0.0349799 0.000290244 0.00830083 0.0533999 1.97007e-05 -0.0328832 0.00285879 0.00104737 0.000148403 0.0220833 0.00750542 0.114794 -0.000955299 -0.0184407 0.0137157 -0.0188434
internal_weight=2915.53 7.42876 4.04851 3.38025 3.38341 0.539107 2.94001 2.65816 2908.1 425.325 18.7346 14.2503 406.591 386.736 8.71913 2482.77 81.1118 8.73377 2401.66 9.35768 72.378 70.3093 2392.3 12.3443 4.99775 3.73602 378.017 19.8549 3.7812 13.7075
internal_count=217259 11077 2682 8395 1806 436 966 702 206182 10897 844 698 10053 8750 489 195285 1536 206 193749 166 1330 1299 193583 248 165 41 8261 1303 252 671
is_linear=0
shrinkage=0.05


Tree=132
num_leaves=31
num_cat=0
split_feature=2 4 4 3 0 1 4 1 1 2 0 3 4 4 3 3 2 2 0 2 2 3 4 2 3 3 2 2 4 2
split_gain=0.672147 1.01176 2.05881 1.99362 1.5159 3.8204 1.35613 0.812293 2.52919 0.758422 2.28107 4.17518 8.98608 2.99985 2.20861 4.02394 13.6032 5.93621 3.81074 2.82235 3.37588 2.66901 4.08243 4.89342 3.51432 9.2845 4.82219 2.77798 2.11691 2.06958
threshold=2.5960215928036812 0.0036655287885360992 0.0041560980703888592 -0.009891647969271054 0.0021976696440473291 0.0041264509327124518 0.014046758246105242 0.00047308217632690256 0.00046865205472345679 1.0368906049988886 -0.0031018881020380968 0.0053056359932970318 0.014046758246105242 0.008152865070594208 0.0079645486916594139 0.013009805624824901 0.83822268376128084 0.97086660811875136 -0.0007407918134507695 0.78316460428705148 0.72451577167450965 -0.0030072046909129786 -0.0084185540980666867 0.94026633012808103 -0.00071017487714947192 -0.0007876576434189263 1.033075883797695 1.0025453380445375 0.019000313049943655 1.0486923204751146
decision_type=2 2 2 2 2 2 2 2 2 2 2 2 2 2 2 2 2 2 2 2 2 2 2 2 2 2 2 2 2 2
left_child=9 3 -3 -2 5 -4 -6 8 -5 14 11 12 13 -11 21 16 18 -18 -16 20 -17 22 27 -24 25 -23 -26 -1 -21 -12
right_child=1 2 4 7 6 -7 -8 -9 -10 10 29 -13 -14 -15 15 19 17 -19 -20 28 -22 24 23 -25 26 -27 -28 -29 -30 -31
leaf_value=-0.0027133164359461883 0.01443864217575746 0.085009478932189159 -0.05099796184047635 -0.050304026364918611 -0.052055967889915601 0.14803623956081521 0.01295733804605765 -0.041977651414887643 0.15120832004342269 -0.0048064666509827431 0.012960953261627522 -0.056341433883937878 0.096383725846356613 -0.058275362173041495 0.021902446874492467 -0.0047277490723629575 0.070674986520239985 0.0061372917567234161 -0.014335498754861188 -0.04125724350706797 0.035860176184131835 -0.0049217638028724031 0.0036884903155049798 0.024825721268850933 -0.00035228334139847313 -0.044668997823550764 -0.039014076222321108 -0.037522352017047463 -0.0056352156617521312 0.0011108923676649957
leaf_weight=94.171216765476856 2.8363660220056763 0.72902095131575961 0.47988671483471979 0.48371890520502248 1.7600251934491098 0.48452674970030785 1.4737656228244305 5.7998450032901019 0.2296290984377265 104.74993161391467 38.008934668323491 3.9638101235032073 2.1804208979010573 2.6906153038144103 10.752655134128871 19.801115407608453 12.375720038078727 5.0036351680755606 22.301274792756885 7.0431594736874112 6.9112384580075732 278.31958367936022 139.33745237528638 34.078178206575103 876.00623707695922 15.510924232585237 8.1402497510716767 6.1031977571547023 10.226194931194186 1203.3351901601418
leaf_count=2028 33 37 41 338 64 5 24 1156 6 1719 2515 46 15 30 185 259 218 104 469 98 52 27451 5575 1207 91923 2140 616 143 88 78674
internal_value=-6.36971e-05 -0.010886 0.00744927 -0.0205488 -0.00601911 0.0489979 -0.0224268 -0.0357851 0.0145635 -1.0437e-05 0.000853155 -0.00592899 -0.00410612 -0.00614548 -0.000767257 0.00664288 0.0162823 0.0520941 -0.00254706 -0.00441058 0.00577349 -0.00124921 0.00319865 0.0078422 -0.00228261 -0.00701997 -0.000708239 -0.00483197 -0.0201634 0.00147373
internal_weight=2915.29 14.2768 4.92723 9.34956 4.1982 0.964413 3.23379 6.51319 0.713348 2901.01 1354.93 113.585 109.621 107.441 1546.08 94.415 50.4333 17.3794 33.0539 43.9817 26.7124 1451.67 273.69 173.416 1177.98 293.831 884.146 100.274 17.2694 1241.34
internal_count=217259 1704 171 1533 134 46 88 1500 344 215555 82999 1810 1764 1749 132556 1473 976 322 654 497 311 131083 8953 6782 122130 29591 92539 2171 186 81189
is_linear=0
shrinkage=0.05


Tree=133
num_leaves=31
num_cat=0
split_feature=1 1 2 1 4 3 4 3 3 2 2 0 0 1 0 3 3 3 0 0 0 0 4 0 0 2 2 1 1 4
split_gain=0.660475 2.41091 3.53113 3.00187 4.51115 5.64707 5.11517 8.19425 3.01262 2.41228 9.53245 3.32836 2.11707 3.28453 3.23561 2.71671 6.2814 3.38928 2.33457 1.6966 1.36583 6.30917 1.2331 0.766889 3.69978 2.35684 7.7276 2.05293 4.80014 6.18205
threshold=0.00047308217632690256 0.00044071644048924899 2.0302233049225218 0.00041749537567286384 0.0029518482619737001 0.001734335575684365 -0.0015676073257369081 -0.0011697350550594619 -9.9485595130843749e-05 0.87714508791165013 0.88037964582396333 -7.045191953641837e-05 0.00019180665893681062 0.00033161064760749316 0.00025635109863297872 0.00016953079527437523 0.0003891239855502438 -0.00025300264951250146 0.00059596848035414773 -0.00012668323154396696 -0.00037370770875100318 -0.00038248181421796085 -0.0012708811288795194 0.00086051482639970544 0.0008817060928276722 1.6371547559179547 1.7535840715920619 0.0015086295975348847 0.0013866095502036847 0.0011845342693515006
decision_type=2 2 2 2 2 2 2 2 2 2 2 2 2 2 2 2 2 2 2 2 2 2 2 2 2 2 2 2 2 2
left_child=1 3 9 12 6 -6 7 -5 -8 20 -11 -12 15 14 -14 17 -17 -1 -15 -4 21 -3 -21 -2 25 -25 -27 28 29 -26
right_child=23 2 19 4 5 -7 8 -9 -10 10 11 -13 13 18 -16 16 -18 -19 -20 22 -22 -23 -24 24 27 26 -28 -29 -30 -31
leaf_value=0.0027377842741210393 0.00057654116252126529 -0.050173384266530258 -0.05086683520723706 -0.050519733096279766 -0.050203261918843639 0.32406148281409242 0.037396309805580223 0.18049321763880974 -0.018194771703039552 0.50349846479695193 -0.050177239807238143 0.0083812182161519099 -0.050120847046277534 -0.050159699368977219 0.047302015198025328 0.052321091408815502 -0.0075868331578501499 -0.03174879511838527 0.075694356737240745 0.25195144028353894 -0.05018696403705826 0.33980269269619218 0.084464147763474579 -0.036752716396901926 0.015265156632047845 0.23448517639329297 -0.050944124301626204 6.1525264239981625e-05 -0.028198954447808629 -0.017036169316903726
leaf_weight=20.675382642846671 2058.0703048428404 0.54381807765457779 0.15362469526007771 0.59773447376210231 0.16248841898050237 0.26541987468954176 3.9946212238282879 1.0728349752025668 6.250552259210961 0.090287364553659155 3.7659386717714387 6.8227951132575946 1.30036525527248 7.0309807856101543 2.4732369819175801 7.0095132885617231 11.643892325984778 10.869997354020599 0.38885845342883829 0.16312478645704687 7.5533280869713106 0.12815455300733436 0.33676873001968388 10.406803892983588 29.559445888618939 0.34903549018781521 0.7396200984949246 670.75293580442667 22.160168329952285 29.691316127544269
leaf_count=9171 144682 226 31 124 48 33 1121 173 1902 18 1144 1791 1288 2889 1527 3726 6714 8692 106 7 2668 20 53 740 2826 18 64 21246 1668 2543
internal_value=-6.24185e-05 -0.00420154 -0.0198083 -6.19724e-05 0.0224369 0.181943 0.0167089 0.0978361 0.00348034 -0.0237585 -0.00808328 -0.0124454 -0.00458565 -0.0242485 0.0137306 -0.000201189 0.0149252 -0.0091457 -0.0435639 0.094458 -0.0441098 0.0242005 0.139118 7.44317e-05 -0.00127876 -0.0294302 0.0405678 -0.000848515 -0.00834643 -0.000921452
internal_weight=2915.02 93.2937 19.5578 73.7359 12.3437 0.427908 11.9157 1.67057 10.2452 18.9043 10.679 10.5887 61.3922 11.1934 3.7736 50.1988 18.6534 31.5454 7.41984 0.653518 8.2253 0.671973 0.499894 2821.73 763.659 11.4955 1.08866 752.164 81.4109 59.2508
internal_count=217259 43472 5958 37514 3401 81 3320 297 3023 5867 2953 2935 34113 5810 2815 28303 10440 17863 2995 91 2914 246 60 173787 29105 822 82 28283 7037 5369
is_linear=0
shrinkage=0.05


Tree=134
num_leaves=31
num_cat=0
split_feature=1 4 1 0 1 2 1 3 3 2 4 0 1 2 0 3 0 2 3 4 4 3 0 2 2 1 0 3 3 4
split_gain=0.664421 1.29144 0.866765 0.843484 0.788626 0.687575 3.55102 5.62792 5.20397 8.46509 5.07431 3.90727 3.78692 2.42516 2.37804 3.53588 3.26362 2.36277 4.45087 3.37629 17.9949 5.62523 2.17848 2.41443 3.93807 1.68598 4.15273 2.6034 0.667652 0.657441
threshold=0.00023750954286246465 -0.0004216111543280387 0.00019978523100136546 -0.00022544248010009091 0.00012387956022745888 1.4209356808876568 0.0077728933725198209 -0.0020004109893387851 -0.0018549464122279422 1.5817172982314118 0.008152865070594208 -0.0020976709852252302 0.00061269879286287242 2.2805298981407822 0.0056292144424607846 0.00956645831309 -0.0031018881020380968 1.3907483709178752 0.0079645486916594139 -0.00028248386939910825 -0.00017347724274968665 -0.0007876576434189263 -0.0055684417603187866 1.2988924194034019 0.92367666917443292 0.0038351013627134357 -0.0028107774044613394 0.013009805624824901 -0.00088656206084414258 -0.011829427218029652
decision_type=2 2 2 2 2 2 2 2 2 2 2 2 2 2 2 2 2 2 2 2 2 2 2 2 2 2 2 2 2 2
left_child=1 2 4 -3 -1 17 7 10 9 -9 12 -10 -7 14 16 -16 -8 22 19 21 -21 -19 23 24 -2 26 -24 -27 -6 -15
right_child=5 3 -4 -5 28 6 13 8 11 -11 -12 -13 -14 29 15 -17 -18 18 -20 20 -22 -23 25 -25 -26 27 -28 -29 -30 -31
leaf_value=-0.05010290178203728 -0.021075594547092874 0.018742821134111645 -0.05011725699225042 -0.050041778048965625 -0.050559822493842548 0.10604185914966863 0.013140269739789233 0.13338549585064632 0.033082923951620075 0.0032383108180575023 0.10073978888490981 -0.0020849107636643958 -0.016645664193069658 -0.030072134751262858 -0.037055877454497212 0.015539685632534378 0.050121233861697534 0.016184660899535502 -0.05428644837144754 0.25875995849371397 0.018949613070307913 -0.042456991065843649 -0.027149655203810547 -0.045621653381525018 0.0087626996702706728 0.0039996641829655039 -0.000194402979911287 -0.0079443950782591474 0.030315842822881401 -0.0028170290080317814
leaf_weight=0.42490146697673514 23.212693602778018 0.53374349707155522 0.63176997636037402 2.7016480368765761 0.28173313220031593 0.63351315713953127 25.680013604462143 1.8966414389433328 8.1107306503690761 3.6611889938358217 0.94461950659751792 301.26909680655808 87.590395554667339 3.6260071732103825 4.9004515558481208 9.184667840600012 7.7714876048266914 13.852794600534255 2.4665783960372201 0.80638202128466474 26.154761687037535 5.8024019270087583 14.401668459409846 4.4181464854627839 21.118200037628412 465.50149996206164 1818.274674776505 50.579315268434584 2.7080238171183737 5.6762280352413637
leaf_count=840 229 436 876 7959 150 57 207 121 230 239 9 22612 4362 34 50 74 68 633 43 52 1344 444 609 49 220 7381 166510 517 816 88
internal_value=-6.16824e-05 -0.0151461 0.00368233 -0.0386944 0.0136362 -2.3904e-05 -0.00179533 -0.00344121 -0.000301494 0.0476518 -0.0145305 -0.00116295 -0.0157647 0.00990631 0.0144751 -0.0027592 0.0217317 0.000309839 0.0111695 0.0146329 0.0261221 -0.00112692 8.75148e-05 -0.0103742 -0.00686133 0.00030465 -0.000406225 0.00282907 0.0226947 -0.0134411
internal_weight=2914.82 7.28182 4.04643 3.23539 3.41466 2907.53 460.945 404.106 314.938 5.55783 89.1685 309.38 88.2239 56.8389 47.5366 14.0851 33.4515 2446.59 49.0829 46.6163 26.9611 19.6552 2397.51 48.749 44.3309 2348.76 1832.68 516.081 2.98976 9.30224
internal_count=217259 11077 2682 8395 1806 206182 28151 27630 23202 360 4428 22842 4419 521 399 124 275 178031 2516 2473 1396 1077 175515 498 449 175017 167119 7898 966 122
is_linear=0
shrinkage=0.05


Tree=135
num_leaves=31
num_cat=0
split_feature=2 3 4 0 3 0 1 1 0 4 2 0 0 1 2 2 2 1 4 3 4 0 0 4 4 3 2 0 3 3
split_gain=0.644499 1.40186 3.85523 2.02127 1.93572 1.53676 1.06774 1.64734 1.00097 1.21809 0.989848 0.903163 4.67829 1.17905 0.711457 3.74058 3.0748 6.45193 3.41081 20.2425 7.99117 2.82951 12.0136 16.3908 5.87953 3.30705 2.45968 3.17957 2.10569 6.69792
threshold=0.34453880725394309 0.0012688419928289509 -0.00069898646981264567 0.0027745153502499735 0.0018161670352141448 -0.0011204104758168463 0.00065121229361131633 0.00064654352769614738 -0.0055684417603187866 -0.01971381338445027 0.26703597801559081 -0.0003158033247315783 -0.0003228462122910058 0.00032545432537728645 0.54038694474353488 0.51943708244645481 0.50260765782268979 0.0077728933725198209 0.0051831436545213281 0.0014794929861078334 0.0013883907396196051 0.00086051482639970544 0.00036571188941592064 0.0089546815055087121 -0.014204142243387006 0.00956645831309 0.55399626424720017 -0.0031018881020380968 0.00063303850979834497 0.00086941774540016958
decision_type=2 2 2 2 2 2 2 2 2 2 2 2 2 2 2 2 2 2 2 2 2 2 2 2 2 2 2 2 2 2
left_child=1 8 4 6 -3 -6 7 -4 -1 -10 -8 12 -11 -13 15 16 18 -18 20 -20 -2 22 25 -24 -23 -17 27 -16 -29 -30
right_child=14 2 3 -5 5 -7 10 -9 9 11 -12 13 -14 -15 26 21 17 -19 19 -21 -22 24 23 -25 -26 -27 -28 28 29 -31
leaf_value=0.053039833683550114 0.0073329166402130693 0.15335657125339192 -0.0077488628526686297 0.058200851331019487 0.10171515031587973 -0.0011234617343553704 -0.0070349967626747514 0.14072503942305614 0.052930256437992422 -0.022162949301759601 -0.05103905381746672 0.020273839640707877 0.25090741592956345 -0.050383408617777681 0.052650265812968194 0.0035217563733228523 -0.027716608064893219 0.16486637316579889 0.10405056568456457 -0.011569574698924272 -0.030242248351264739 0.11715844256217425 0.07013041698105596 0.38959577709738274 -0.023305383177302536 0.10033551121305001 -6.240695042581418e-05 -0.04563304587988827 0.18561596518395612 -0.019964400255449263
leaf_weight=0.42646132898516853 56.976897559972713 0.48330693945172276 0.99232190850307034 0.8994863312691449 0.59184315614402305 0.94063528343394831 2.2765319985337555 0.23014915431849658 0.47439842019230027 3.5339545824244856 2.913564880611375 0.6710058985409012 0.16413248522439783 4.9160576968861278 1.3654572498053301 14.966664818872236 14.306661724360307 0.44853970408439714 5.3355446702335056 13.031923647708025 18.82470226350415 0.84348895400762547 3.9910499730322035 0.44641563296318043 6.3801150924264212 0.93731861189007837 2743.207163812709 7.3740912315988663 0.42353554477449495 6.1392271654476644
leaf_count=12 8241 35 325 24 8 36 276 2 15 921 284 1605 20 1551 16 1926 1711 4 163 446 2213 9 351 5 259 12 195110 1117 97 465
internal_value=-6.06091e-05 -0.00911691 0.00488743 -0.01199 0.0661087 0.0385928 -0.0218357 0.0202037 -0.0219414 -0.0252178 -0.0317376 -0.0292106 -0.0100432 -0.0418975 4.35269e-07 0.00352421 -0.000639755 -0.0218623 0.00268558 0.0220168 -0.00199857 0.0199783 0.0295245 0.102269 -0.00690364 0.00922758 -0.000173919 -0.0201644 -0.0272984 -0.00669703
internal_weight=2914.51 19.5139 9.32784 7.31205 2.01579 1.53248 6.41257 1.22247 10.186 9.75955 5.1901 9.28515 3.69809 5.58706 2895 136.489 108.924 14.7552 94.1691 18.3675 75.8016 27.5651 20.3414 4.43747 7.2236 15.904 2758.51 15.3023 13.9369 6.56276
internal_count=217259 5114 990 911 79 44 887 327 4124 4112 560 4097 941 3156 212145 15340 12778 1715 11063 609 10454 2562 2294 356 268 1938 196805 1695 1679 562
is_linear=0
shrinkage=0.05


Tree=136
num_leaves=31
num_cat=0
split_feature=4 1 4 0 3 2 2 3 3 2 4 1 3 3 3 1 0 0 4 2 0 2 2 1 1 0 4 4 0 2
split_gain=0.652788 2.49802 2.33933 9.42226 4.32501 4.24666 2.03026 1.78192 6.14178 4.09259 1.71903 4.64563 3.46812 4.00978 16.4198 2.08231 1.53895 7.24038 1.50372 3.5837 9.57432 17.3198 4.97584 3.9969 11.9297 4.68955 1.72444 3.12869 2.9357 2.92877
threshold=2.9151544804650879e-05 0.0003208030935465211 0.00010103508346359648 -0.00027260952661128929 0.003779854001347172 0.96725689877712873 0.22869835620335524 0.00077185740628726862 0.00099399585960902059 0.62622309929079156 -2.8638124337065914e-05 0.00082314205079962711 0.0016177544758340103 -0.0003225586788037082 -0.00039398164263898522 0.00056427888920625776 -0.0013975087281578034 -0.0016332728877958556 -0.00010190044564761801 1.2916093286955441 0.00071215330050844472 1.4425120102715814 1.3461156294184053 0.00048649842757059338 0.00047982002565663187 -0.00057505379555294878 -0.00052335539989739599 -0.00045998431337146423 0.00072927406503497949 1.7268680393389968
decision_type=2 2 2 2 2 2 2 2 2 2 2 2 2 2 2 2 2 2 2 2 2 2 2 2 2 2 2 2 2 2
left_child=10 -2 3 16 5 -5 -4 9 -9 -8 18 12 13 14 -12 -15 17 -3 26 23 22 -22 -21 24 -20 -25 -1 28 -28 -29
right_child=1 2 6 4 -6 -7 7 8 -10 -11 11 -13 -14 15 -16 -17 -18 -19 19 20 21 -23 -24 25 -26 -27 27 29 -30 -31
leaf_value=-0.00027137479866145068 -0.030203965631955432 -0.051743106135789446 -0.050592533649967068 0.0016767230128899068 0.20048163412540757 0.053087271453418766 0.015373668356632409 -0.016187005077399164 0.00029207007698813507 0.0013681752885732338 -0.0025123438958378382 -0.028346275380047033 0.24275196508517755 0.019156900442568733 0.30063840360512079 -0.050411529812726688 -0.04228146433191856 0.19442334247018234 0.040523971119121212 0.10163053715381476 0.31060204865529906 0.019010824870107371 -0.025529552940579382 0.036447382107781361 0.73132171142117119 -0.022246775669493193 -0.036422223863949152 -0.0014749826551749877 0.012663012478451217 -0.041379154441501073
leaf_weight=1161.2942444001819 6.5409740795148528 1.1184468739666042 1.9407369504915539 6.6739481200929793 0.39271376468241115 10.089123904181177 57.923744804924354 60.341107462416403 897.96894051734125 524.23143449937925 2.0729809366312115 16.950536866788752 0.17024317092727859 2.1626057543035131 0.56935630446241958 2.1400156626477838 5.9511066250852336 0.407550973817706 2.7484650949190903 0.97821866653975931 0.81858730642125044 1.347634903155267 3.6024399307061685 4.5158853103639638 0.063952208380214759 13.811311995377757 14.030907419364668 104.6218882965477 3.8908452352334271 4.8095884401118374
leaf_count=82994 10228 52 461 939 9 860 6308 6137 43596 39525 430 1138 21 1150 80 340 705 26 1305 75 21 44 445 275 13 1236 2319 15468 235 824
internal_value=-5.98103e-05 0.000630911 0.000759619 0.0160464 0.0364615 0.032619 0.000515482 0.00057987 -0.000745554 0.00276171 -0.000870571 -0.0141133 0.0197938 0.0143283 0.0628089 -0.0154447 -0.0307948 0.014001 -0.000628498 0.0108585 0.042586 0.129199 0.00162601 0.000732435 0.0562322 -0.00778433 -0.000877079 -0.0064003 -0.0257657 -0.0032288
internal_weight=2914.18 1573.58 1567.04 24.6329 17.1558 16.7631 1542.41 1540.47 958.31 582.155 1340.6 24.0657 7.1152 6.94496 2.64234 4.30262 7.4771 1.526 1316.53 27.8865 6.74688 2.16622 4.58066 21.1396 2.81242 18.3272 1288.65 127.353 17.9218 109.431
internal_count=217259 108846 98618 2591 1808 1799 96027 95566 49733 45833 108413 3159 2021 2000 510 1490 783 78 105254 3414 585 65 520 2829 1318 1511 101840 18846 2554 16292
is_linear=0
shrinkage=0.05


Tree=137
num_leaves=31
num_cat=0
split_feature=0 1 4 2 4 2 1 1 4 3 0 3 3 4 4 4 3 1 2 1 0 1 1 3 3 4 4 4 2 2
split_gain=0.646842 3.46583 4.70466 8.60299 22.24 12.4505 4.52947 7.40189 5.02781 2.8258 2.06408 5.32208 10.008 13.6887 5.38286 4.9258 4.02001 8.20328 3.31301 2.82029 2.43116 2.12749 7.72686 3.24648 2.04109 8.22377 7.28662 3.99476 2.20386 2.53894
threshold=0.00094799808881906877 0.0015086295975348847 0.0011845342693515006 0.4345950987534733 -0.00030194032713132252 0.37807795433189034 0.0013244202781700204 0.0012440241797862244 -0.0031634321111306258 -0.0020004109893387851 0.00090323009124471121 -0.00095080064415636867 -0.0013078678418224075 -0.00069898646981264567 -0.000323252640313687 -0.0054412534842611096 0.0013543497399474138 0.0034079706170707614 1.7825038478759392 0.0015247593739911665 0.00086051482639970544 0.00089237955948541937 0.00088583700895069901 0.0022154381309056341 0.0025486233052799405 0.0028106324221044425 0.0027442533558837971 0.0034536465685796052 0.4089569168275678 0.54038694474353488
decision_type=2 2 2 2 2 2 2 2 2 2 2 2 2 2 2 2 2 2 2 2 2 2 2 2 2 2 2 2 2 2
left_child=10 2 3 4 -2 -6 7 -5 -8 -4 20 12 15 -14 18 -12 17 -16 -13 -17 24 22 23 -22 28 26 -26 -27 -1 -30
right_child=1 -3 9 6 5 -7 8 -9 -10 -11 11 14 13 -15 16 19 -18 -19 -20 -21 21 -23 -24 -25 25 27 -28 -29 29 -31
leaf_value=-0.015123779223388804 -0.050672432997766893 -0.00028456838352815017 0.13573905725634514 -0.0068999560218386841 0.16884892552653605 0.71417700450987276 0.067983751914400675 0.066754924048749123 -0.037228296528568898 -0.027269244072750016 0.12250399630541949 -0.051173087096124704 0.063458212645457507 0.5200739151145769 0.036970193433132285 0.094055268566486813 -0.0028949248052331823 0.32006841830854715 0.12378885129641103 -0.01841294482902096 -0.050352778541428792 -0.018635391329926265 0.49445506731363403 0.17423546652413183 0.014129633343938287 -0.023906756641577147 0.10567867642123391 0.00070311120378478741 0.0095236697231451742 -0.00041236579512746001
leaf_weight=24.570960408273095 0.6031083954294445 650.81029776879586 0.26809558752574858 12.562382772535789 0.22456918349780852 0.19603511982131749 1.2642833949066687 4.6823481363244346 11.14750823820941 31.965784143685596 1.1456664390861986 4.8686922555207337 0.43716238811612129 0.26280763442628341 5.6955357080005298 0.69117359025403891 9.307019838030099 0.26792751997709263 0.28648854698985804 2.8801914863288403 0.5941278104728579 22.968305368092842 0.091754405060783029 0.22067402509856038 94.059808515114128 18.077047512342688 2.2249079922912633 187.78413158749754 66.735240459282068 1757.1622601911949
leaf_count=7196 79 20364 20 1264 27 19 110 397 914 2692 40 355 34 22 462 69 584 5 24 106 156 1478 13 28 3944 934 103 5784 10074 159962
internal_value=-5.99108e-05 -0.00136788 -0.0125742 0.00144063 0.143948 0.423015 -0.00347856 0.0130991 -0.0265112 -0.0259135 0.000364358 0.0144118 0.0584725 0.234897 0.00272672 0.0322924 0.0176404 0.0496893 -0.0414499 0.00335326 0.000197411 -0.0156701 0.0594576 0.0104728 0.000373563 0.00418349 0.0162451 -0.00145793 -0.000249198 -4.88126e-05
internal_weight=2914.06 713.724 62.9141 30.6802 1.02371 0.420604 29.6565 17.2447 12.4118 32.2339 2200.33 25.8427 5.417 0.69997 20.4257 4.71703 15.2705 5.96346 5.15518 3.57137 2174.49 23.8749 0.906556 0.814802 2150.61 302.146 96.2847 205.861 1848.47 1823.9
internal_count=217259 25886 5522 2810 125 46 2685 1661 1024 2712 191373 1701 271 56 1430 215 1051 467 379 175 189672 1675 197 184 187997 10765 4047 6718 177232 170036
is_linear=0
shrinkage=0.05


Tree=138
num_leaves=31
num_cat=0
split_feature=2 0 0 2 2 3 1 1 0 4 0 0 0 1 3 2 4 0 1 4 4 4 2 2 3 4 1 4 2 4
split_gain=0.693512 2.7557 5.05827 4.14354 7.52899 8.87402 3.19899 2.97197 5.83823 5.45004 2.34885 2.56881 4.55463 2.27731 2.19139 4.98933 2.71637 2.13562 4.35092 3.4271 2.94581 4.37432 1.82466 2.40485 4.61554 3.1352 5.58198 4.25229 2.42627 16.6712
threshold=0.6783480397728886 -0.00049211452994812877 -0.00047983753887109731 0.49412933901584216 0.61145441476248574 -0.00061996923456641973 0.0056485277306448922 0.0034079706170707614 0.0018536320536591824 0.010040602447829118 -0.0012260741933558526 -0.0023838248343276964 -0.0031018881020380968 0.0010682912410720305 0.013009805624824901 0.53378966907463865 0.0023324180788263375 -0.0019809674069558576 0.0017098283744817805 0.010040602447829118 0.0070555599005127654 0.010040602447829118 0.74206127436356062 0.78316460428705148 0.013009805624824901 -0.0014609896787287078 0.0026631804666368188 0.0020941035205677143 0.78649621542192405 -0.011829427218029652
decision_type=2 2 2 2 2 2 2 2 2 2 2 2 2 2 2 2 2 2 2 2 2 2 2 2 2 2 2 2 2 2
left_child=1 6 3 -3 5 -5 17 14 9 -9 11 12 -8 -6 16 -16 -4 20 -19 -20 -1 -22 -2 24 25 26 -24 -27 29 -25
right_child=22 2 7 4 13 -7 10 8 -10 -11 -12 -13 -14 -15 15 -17 -18 18 19 -21 21 -23 23 28 -26 27 -28 -29 -30 -31
leaf_value=-0.031805966520386988 0.0051727750654731487 -0.051077998967545613 0.00016446124511930929 0.082607815595573161 0.12880306776527736 0.4482859893689396 0.014771847861649232 0.034244105774329694 -0.0040963055588988783 -0.012817210506207362 -0.038831576032754188 0.054816387868661581 -0.056777796596322067 -0.051702059113069937 -0.051669973632138502 0.14460512652279281 -0.013345182627280551 -0.024271131622347342 0.0054197887772473446 -0.036031239008281847 0.083809388592048964 -0.029224700080423882 0.023578811556520154 0.28137492779206436 0.041587002807306192 -0.025994912090982394 -0.015284396267707397 -0.0028806168649647382 0.000141711227090723 0.008457376342134941
leaf_weight=21.337856501224454 174.79123968073691 0.43939778383355488 136.42383393932687 0.37080169314867806 0.27841389586683363 0.30024185654474411 18.102385191712536 27.198623807635158 41.487378177698702 7.9501314852386704 2.4751821458339682 3.0967951538041225 2.5357930455356863 0.46923348214477301 0.56390945613384136 0.76035899855196476 51.162502575010876 26.614128803179483 44.336282640229911 5.6184132103808215 1.4591770130209618 2.0703073213808239 17.513910286157625 0.5959809422492971 4.7030594870448104 40.107813879396417 19.556913214735687 39.487486980709946 2213.0540545682306 9.155958946226745
leaf_count=777 14518 54 29004 26 34 42 183 399 638 88 21 31 30 21 26 19 4889 5002 2024 120 34 50 2037 12 35 5916 436 1835 148122 836
internal_value=-6.08522e-05 -0.00200861 0.000876608 0.0830865 0.12464 0.246221 -0.00805283 0.000301368 0.00860624 0.0235995 0.0075188 0.0123524 0.00598061 0.0155156 -0.0030677 0.0610259 -0.00352017 -0.0120764 -0.00794188 0.000757785 -0.0248069 0.0175064 0.000244616 -0.000122847 -0.0069764 -0.00893409 0.00307632 -0.0145278 0.000251369 0.0251365
internal_weight=2914.02 395.051 267.405 1.85809 1.41869 0.671044 127.646 265.547 76.6361 35.1488 26.2102 23.735 20.6382 0.747647 188.911 1.32427 187.586 101.436 76.5688 49.9547 24.8673 3.52948 2518.97 2344.18 121.369 116.666 37.0708 79.5953 2222.81 9.75194
internal_count=217259 43512 35240 177 123 68 8272 35063 1125 487 265 244 213 55 33938 45 33893 8007 7146 2144 861 84 173747 159229 10259 10224 2473 7751 148970 848
is_linear=0
shrinkage=0.05


Tree=139
num_leaves=31
num_cat=0
split_feature=4 1 4 0 2 2 0 2 1 3 1 4 3 3 2 3 0 4 4 0 2 2 1 2 3 2 3 3 4 4
split_gain=0.640128 2.31338 2.06022 8.34192 3.60882 7.06111 6.95583 1.90608 1.65103 9.16327 2.67399 1.63236 1.47788 1.45516 6.30474 5.65061 6.81817 6.64653 4.25813 5.00604 2.50699 10.2154 10.5557 8.61247 3.93789 3.7983 3.55716 2.15051 1.42123 3.43776
threshold=2.9151544804650879e-05 0.0003208030935465211 0.00010103508346359648 -0.00027260952661128929 1.2447947612931811 1.2570241664262449 -0.00023649460640079442 0.22869835620335524 0.0003531683110917755 -0.00056827801778330789 0.00038966051746484827 1.0000000180025095e-35 -0.0031136088318373108 0.0039527278394465579 0.69800542922437958 0.0053056359932970318 0.0017671311163905969 -0.0054412534842611096 -0.00017347724274968665 -0.00046883923624424501 0.85158925055392065 0.86102517427814085 0.0067721926761230332 0.83506846355636355 0.0032026155008847428 0.80286514383608842 0.0036195732215053016 0.0049302171441208973 0.00022360734567605792 0.00020481452523457569
decision_type=2 2 2 2 2 2 2 2 2 2 2 2 2 2 2 2 2 2 2 2 2 2 2 2 2 2 2 2 2 2
left_child=11 28 3 12 6 -6 -5 -4 9 -9 -10 13 -3 20 15 16 -15 -17 19 -16 23 22 -22 25 -25 -1 -23 -20 29 -2
right_child=1 2 7 4 5 -7 -8 8 10 -11 -12 -13 -14 14 18 17 -18 -19 27 -21 21 26 -24 24 -26 -27 -28 -29 -30 -31
leaf_value=-0.0044735954956297156 -0.015965285357613591 0.056798358960504461 -0.050554187450154546 0.17815171520644368 0.31789145551468589 0.055329094375790311 0.010870209663224585 0.21934949981193214 -0.03328527865448716 0.0082077325821235045 0.00059156551797364342 -0.029898393002337643 -0.036026242683615768 0.09645095196362613 0.025537824622644291 0.051920256156693038 -0.053569331755013695 -0.040042315351369394 0.12750140494719076 -0.01974663821737431 0.030656989532138038 -0.00011302223155443374 0.201470684363526 -0.036247329720257508 0.17750073236451291 0.011091599957831554 -0.052272518188798661 0.024417383013853433 -0.042497482411430434 0.21129371957084453
leaf_weight=320.89317815082904 1.2810534288219049 0.45764838997274626 1.824956320982891 0.65492974384688274 0.27088581398129363 4.679747199639678 12.149486503447402 0.5562524499837308 5.8472811859101048 6.7420434716041191 1527.1658250823966 4.8233057422767152 6.8021656079799895 4.9673093149904144 8.1881655519828147 4.1866090465337038 0.8936203522607683 3.7022332302294672 0.83356006350368206 23.963992933277044 13.409250734737721 881.31440529835527 0.96985938400030214 22.634701750779644 0.21754697058349748 44.647287954314379 3.2808831084985277 1.2872496880590913 4.8762002622170257 0.19125083218386851
leaf_count=35935 1912 20 461 58 13 341 1396 135 2476 2373 90582 833 763 133 159 55 20 92 26 593 1256 62743 10 2121 9 4291 107 30 8156 160
internal_value=-6.03017e-05 0.000623663 0.000745685 0.0149799 0.033443 0.0696958 0.0194264 0.000514793 0.0005753 0.0243003 0.000462351 -0.000863322 -0.0301747 -0.00075845 0.00778727 0.0363901 0.0735772 0.00876223 -0.00368772 -0.00821408 -0.00107723 0.000373067 0.0421782 -0.00443409 -0.0342125 -0.00257246 -0.000306477 0.0649334 -0.0294981 0.0135554
internal_weight=2913.71 1573.5 1567.15 25.0149 17.755 4.95063 12.8044 1542.14 1540.31 7.2983 1533.01 1340.21 7.25981 1335.39 48.0227 13.7498 5.86093 7.88884 34.273 32.1522 1287.37 898.974 14.3791 388.393 22.8522 365.54 884.595 2.12081 6.3485 1.4723
internal_count=217259 108846 98618 2591 1808 354 1454 96027 95566 2508 93058 108413 783 107580 1108 300 153 147 808 752 106472 64116 1266 42356 2130 40226 62850 56 10228 2072
is_linear=0
shrinkage=0.05


Tree=140
num_leaves=31
num_cat=0
split_feature=2 0 0 0 1 2 1 0 4 4 1 0 4 4 3 0 2 4 1 3 4 2 2 0 3 3 0 3 1 4
split_gain=0.612228 2.51964 4.55154 2.96572 5.70226 3.17682 3.01145 2.75687 2.14446 1.94302 1.77187 4.15949 4.28678 8.93566 2.6971 2.32803 4.04329 5.32725 4.88858 2.46238 3.31494 1.69881 2.30782 2.23805 2.69387 9.86026 5.74531 2.18208 2.95993 2.40189
threshold=0.6783480397728886 -0.00057505379555294878 -0.00070636006312485556 -0.00072359225353257884 0.0010865319627061303 0.621338700479379 0.005268957745367479 -0.0019809674069558576 -0.014204142243387006 0.0032723226962060319 0.0034079706170707614 0.0018536320536591824 0.010040602447829118 0.0089546815055087121 0.0026317604929309017 -3.2823476622811924e-05 0.63997229931136757 0.0066320622130331417 0.00057366213469421722 0.013009805624824901 0.0032723226962060319 0.74206127436356062 0.74934455284873447 -0.0012654610948439891 -0.0039933823194118192 -0.0064138170379786632 -0.0012260741933558526 0.0069654535601975107 0.0061176626780651425 -0.01971381338445027
decision_type=2 2 2 2 2 2 2 2 2 2 2 2 2 2 2 2 2 2 2 2 2 2 2 2 2 2 2 2 2 2
left_child=1 2 3 6 5 -5 7 -1 -8 -6 15 12 13 -12 -14 16 17 -3 -18 20 -17 27 23 -23 25 -25 -26 29 -29 -2
right_child=21 10 -4 4 9 -7 8 -9 -10 -11 11 -13 14 -15 -16 19 18 -19 -20 -21 -22 22 -24 24 26 -27 -28 28 -30 -31
leaf_value=-0.026720687437799085 -0.026987796022004681 0.0087363188025802764 -0.04095788365208184 0.081170910414206932 -0.051258777791173993 0.30332821403260252 -0.013211050830187535 -0.0055421779597311311 0.015871928521945852 0.090919909803863899 0.021053007290847164 -0.0038398726058794727 0.03434759636433634 0.13643809786711428 -0.030805977867359731 -0.001978063904750259 0.042752522108118148 0.076356843595097118 -0.032510308070153558 0.063103104272179814 -0.021002451929641897 -0.054047823117115257 1.6036274610072211e-05 -0.055918121439453988 0.29825115061426455 0.16606765143709823 -0.020281699215118146 -0.0347362830723979 0.01255684903634883 0.0076887267912943745
leaf_weight=21.291629292012658 5.1580705456435672 44.544204294266819 9.6229467505472694 0.37781381349486665 0.8050869700964538 0.28031271882355213 9.0341700213029998 55.214052302704658 21.241704161744565 0.3425350864417851 27.343630636576567 41.300516654737294 2.1801036354154331 1.7875987337902177 5.852447746321559 105.4096715530759 2.68595795672445 3.1164094133710014 10.967129019554703 1.2973998654633749 29.252144922756997 3.4022670753765878 2324.5644365870103 1.1047636321745815 0.14299025712535218 0.91418430977501586 14.165789574195504 7.6739984622690809 5.8157747536897659 156.70859763187764
leaf_count=820 61 10795 1399 56 63 21 95 4431 221 13 405 638 23 17 68 19605 992 147 1375 42 2286 110 157505 21 8 33 1552 158 42 14257
internal_value=-6.0003e-05 -0.001893 -0.00800018 -0.00507948 0.0584631 0.175793 -0.00615403 -0.0114362 0.00719371 -0.00882217 0.000725179 0.00708047 0.0192164 0.0281335 -0.0131227 -0.00180261 0.00628568 0.0131579 -0.0177039 -0.00545019 -0.00611067 0.000226587 -0.000128494 -0.0171568 -0.00946973 0.0445976 -0.0170985 0.00497356 -0.014347 0.00658372
internal_weight=2913.6 393.947 118.21 108.587 1.80575 0.658127 106.782 76.5057 30.2759 1.14762 275.737 78.4643 37.1638 29.1312 8.03255 197.273 61.3137 47.6606 13.6531 135.959 134.662 2519.65 2344.29 19.73 16.3277 2.01895 14.3088 175.356 13.4898 161.867
internal_count=217259 43512 7119 5720 153 77 5567 5251 316 76 36393 1151 513 422 91 35242 13309 10942 2367 21933 21891 173747 159229 1724 1614 54 1560 14518 200 14318
is_linear=0
shrinkage=0.05


Tree=141
num_leaves=31
num_cat=0
split_feature=2 0 3 4 4 4 3 2 3 2 2 4 2 1 3 3 1 2 3 1 2 4 3 4 4 0 2 4 2 2
split_gain=0.597894 2.04829 3.98279 7.50333 2.97907 4.29739 1.98519 3.51797 5.29886 7.66839 11.2062 4.46242 3.80377 3.02115 2.20321 3.68962 8.25862 4.92925 3.45614 8.87177 3.29471 3.03304 2.66783 2.51863 3.55535 2.2252 2.13211 3.04722 2.11055 1.86555
threshold=1.0368906049988886 -0.0031018881020380968 0.0053056359932970318 0.014046758246105242 0.008152865070594208 0.0022337417615662107 0.0079645486916594139 0.61145441476248574 0.013009805624824901 0.63572194656837 0.83822268376128084 0.019000313049943655 0.84484556124821697 0.0095356782504780226 -0.0030072046909129786 -0.0033586357530174245 0.0077728933725198209 0.96374739677584287 -0.0026429864807377963 0.0077728933725198209 0.9506960261385915 -0.00065365762886582235 -0.0027278654635334849 0.019000313049943655 -0.0048036800152118633 -0.00057505379555294878 0.4089569168275678 0.014046758246105242 0.49412933901584216 1.0486923204751146
decision_type=2 2 2 2 2 2 2 2 2 2 2 2 2 2 2 2 2 2 2 2 2 2 2 2 2 2 2 2 2 2
left_child=6 2 3 4 5 -2 14 13 9 -9 -11 -10 -13 26 15 23 17 -17 19 22 25 -22 -16 24 -1 -20 27 -8 -28 -3
right_child=1 29 -4 -5 -6 -7 7 8 11 10 -12 12 -14 -15 18 16 -18 -19 20 -21 21 -23 -24 -25 -26 -27 28 -29 -30 -31
leaf_value=-0.0031873158828072839 -0.0073526158620658274 0.012129337607477739 -0.05595768709906656 0.08498087516430064 -0.057844312620781851 0.030445843661108498 0.05021627802318919 0.11930944908954702 -0.025842267065785091 -0.0080915408231566673 0.046928800675273032 0.027837657720905157 -0.017217509467131433 0.054056803720272877 -0.015210824890006365 0.0052507159015326987 0.17294404349369258 0.064091867272120198 -0.0046219129706466912 0.15565929304202741 -0.01566308522400988 -0.0032761284972113317 -0.051772053185653227 -0.03100531568424951 0.0091208614214575035 0.0010801719849121141 -0.054501352509083001 -0.052906597018222624 -0.013576244621396991 0.00094862307016931003
leaf_weight=145.38880604921724 99.963576067937538 38.491150337358704 3.8029332906007758 2.3238648176193228 2.6831452455371609 8.131292035803197 2.4228728486341491 2.0077405497431746 13.02916091121733 18.809786510653794 18.217466210364364 13.027491211891176 7.3148317672312251 1.6507401093840588 20.458315789452179 20.127791363527656 0.86404528329148789 4.3238425807794547 228.38030711076863 0.70402813702821632 70.524810867267661 165.12598596299358 6.5988501412793985 6.0022935774177304 98.370769662047678 682.14071953757957 4.1419036663137403 1.0170812616124747 13.159253160934894 1214.1732123181573
leaf_count=4098 1688 2515 46 15 31 116 111 35 172 325 322 93 67 11 1420 1234 9 216 15147 7 5853 12877 468 44 3352 86358 84 40 213 80292
internal_value=-5.90114e-05 0.00070147 -0.00562811 -0.00393584 -0.0058011 -0.00450928 -0.000733662 0.0062762 0.0116326 0.024139 0.0189786 -0.00299631 0.0116364 -0.0110443 -0.00119227 0.00283543 0.0210241 0.0156557 -0.00213604 -0.0195682 -0.00171382 -0.00698326 -0.0241276 0.000991837 0.00177973 -0.000350046 -0.0162255 0.0197262 -0.0233737 0.00129218
internal_weight=2913.38 1369.57 116.905 113.102 110.778 108.095 1543.81 94.7983 72.4065 39.035 37.0273 33.3715 20.3423 22.3919 1449.01 275.078 25.3157 24.4516 1173.93 27.7612 1146.17 235.651 27.0572 249.762 243.76 910.521 20.7411 3.43995 17.3012 1252.66
internal_count=217259 84703 1896 1850 1835 1804 132556 1473 1014 682 647 332 160 459 131083 8953 1459 1450 122130 1895 120235 18730 1888 7494 7450 101505 448 151 297 82807
is_linear=0
shrinkage=0.05


Tree=142
num_leaves=31
num_cat=0
split_feature=4 4 2 2 0 1 1 0 1 0 1 1 3 3 2 2 1 3 3 4 1 3 0 2 2 2 1 3 2 2
split_gain=0.643573 7.5592 3.29693 16.8 25.9635 23.4054 7.12616 3.81531 3.75656 8.04377 5.60853 3.18124 4.25107 12.715 13.6088 5.99723 4.82505 9.60634 4.03968 3.1435 3.63896 8.17447 11.1561 6.80816 8.51011 6.0067 5.43332 4.45479 2.92432 7.71003
threshold=-0.006727181012526561 -0.0072103739624060905 0.73501746646327015 0.83822268376128084 -0.0014497821924953078 0.0023611463919433881 0.005268957745367479 -0.0016332728877958556 0.0024403359147280746 -0.00044909232215967204 0.001791124272628825 0.0035081014974155207 -0.0050342660976505629 -0.003655689453122057 1.1714192073901137 0.99904387047989174 0.0037121740626717237 -0.0064138170379786632 -0.008236769578310486 -0.0040004886835539035 0.0038351013627134357 0.0022154381309056341 -0.00029736336443114681 0.98510136411759774 0.99527263819259493 1.0103655737663886 0.0015405851235082682 0.0062730539899076296 1.3461156294184053 1.3720109612226907
decision_type=2 2 2 2 2 2 2 2 2 2 2 2 2 2 2 2 2 2 2 2 2 2 2 2 2 2 2 2 2 2
left_child=1 11 8 4 -4 -6 7 -5 9 10 -3 28 16 14 -14 -15 17 -13 -18 20 21 23 25 26 -25 -23 -2 -24 -1 -30
right_child=19 2 3 6 5 -7 -8 -9 -10 -11 -12 12 13 15 -16 -17 18 -19 -20 -21 -22 22 27 24 -26 -27 -28 -29 29 -31
leaf_value=-0.01406728970437122 -0.039552565904750828 0.038124590110425745 0.5019077818565062 -0.03837240012096961 0.27922134731641929 -0.052543559587451528 0.093285235309074441 0.021860463019815746 -0.038270093626338098 -0.050779480736278131 0.28080421020690788 0.011991478890425615 0.020425436360039212 0.01381318931685269 0.12985287432475998 -0.022611919035465246 0.0010837788338862724 0.17645258837161473 -0.017977656828897036 0.00016976465502488834 -0.01770794136454824 0.094955868933351895 -0.010811885013576106 0.1287245102380806 0.0037430683952428159 0.28569898811667993 -0.0072881611171762492 0.14823065091978438 0.18494735187420799 0.003880842622680548
leaf_weight=55.913676298456267 18.276713277897215 0.50287877934169933 0.45062928739935193 3.7632333184592452 0.90881437598727943 1.2808487787842748 2.7003616467118254 8.7235115878283924 3.2498873085714877 0.98207229329273371 0.45213679131120443 4.6846417183987796 8.0944002456963045 37.292845086194575 4.3779645506292573 16.213080103509128 119.20249752188101 1.0955665642395604 36.247807788196951 2409.8809079322964 52.551603457890451 1.3592024771496651 3.6910681584849945 1.3913370699156065 64.645134965307079 0.59273423440754403 45.613869342021644 0.4999258592724799 0.63509085215627958 7.9159913593903184
leaf_count=2925 2555 40 13 149 63 34 38 324 79 92 26 142 149 585 105 313 1455 39 683 199316 1072 49 162 86 3765 19 2535 16 30 400
internal_value=-5.81485e-05 0.00207738 0.0296652 0.0398731 0.156284 0.0851547 0.019635 0.00370759 -0.00541908 0.0496957 0.153017 -9.94185e-05 0.00268201 0.0133733 0.0588359 0.00277585 -0.00169304 0.043163 -0.00336096 -0.000316769 -0.00653286 -0.00221693 0.0541443 -0.00488168 0.00637633 0.152878 -0.0165178 0.00815962 -0.00990269 0.0173287
internal_weight=2913.19 314.688 23.0144 17.8274 2.64029 2.18966 15.1871 12.4867 5.18698 1.93709 0.955016 291.674 227.209 65.9783 12.4724 53.5059 161.231 5.78021 155.45 2598.5 188.622 136.07 6.14293 129.927 66.0365 1.95194 63.8906 4.19099 64.4648 8.55108
internal_count=217259 7684 858 621 110 97 511 473 237 158 66 6826 3471 1152 254 898 2319 181 2138 209575 10259 9187 246 8941 3851 68 5090 178 3355 430
is_linear=0
shrinkage=0.05


Tree=143
num_leaves=31
num_cat=0
split_feature=0 1 4 2 4 2 2 3 3 2 2 3 4 4 2 2 0 1 0 2 0 3 3 0 4 1 3 3 2 2
split_gain=0.631917 3.17461 4.37162 6.31605 11.7249 4.20495 24.2281 3.13977 2.35395 1.88437 5.89826 8.43305 8.65796 6.31042 5.83551 5.77982 3.87261 3.26427 7.18505 3.02785 1.76742 4.32268 6.17116 9.27188 4.95874 4.28963 3.38086 5.14358 3.22463 2.33776
threshold=0.00094799808881906877 0.0015086295975348847 0.0011845342693515006 0.4345950987534733 0.0005564367378300129 1.4425120102715814 1.3907483709178752 -0.0014326315817526079 -0.0020004109893387851 1.1614133538748133 1.2388704002777742 0.0015108421626605086 0.0031898133441865544 0.0019230845958038147 1.1513805891304885 1.2570241664262449 0.0042099359340894713 0.0016386899886367855 0.0013900608095775981 0.86406419560910808 0.00090323009124471121 -0.00095080064415636867 -0.0013078678418224075 0.00092551414392449971 -0.000323252640313687 0.004482170560911815 0.0013543497399474138 0.0010594584748017113 1.8136954891686397 0.69800542922437958
decision_type=2 2 2 2 2 2 2 2 2 2 2 2 2 2 2 2 2 2 2 2 2 2 2 2 2 2 2 2 2 2
left_child=20 2 3 4 7 6 -5 -2 -4 14 11 12 -11 -13 17 -12 -17 18 -3 -19 -1 22 25 -24 28 29 27 -26 -23 -22
right_child=1 9 8 5 -6 -7 -8 -9 -10 10 15 13 -14 -15 -16 16 -18 19 -20 -21 21 24 23 -25 26 -27 -28 -29 -30 -31
leaf_value=0.00020335189900279506 0.16575803869371775 -0.0023086550820816624 0.1128998613560865 -0.0042634577749877797 0.34474900831079303 -0.05066484698991567 0.28546587923925265 -0.051081692457827066 -0.026616240883958503 0.033436898839622524 -0.037426331911834421 -0.037868294615475022 0.13706329917682833 0.01734933226436074 -0.052539211355499008 0.0053365799554384299 -0.010992936348490294 0.0015428493127272263 0.080775158195259128 -0.0074191109718898182 -0.051815849067193248 -0.051141449487716789 0.041442360015812432 0.37001589105073679 0.02070072421722717 0.13751700990725865 -0.0027821079274366282 0.13010950636286012 0.11990284815660285 0.032365819205503264
leaf_weight=2173.6360271490557 0.23052458815800492 8.256515459623186 0.30530060076853516 24.77390672950424 0.37658084137365222 4.0503076197346664 0.74320916226133604 0.60523670921975525 31.125081249985669 13.414648341946302 10.029333900660275 6.9983662096783545 2.372068101540207 19.850658442825079 5.7354167038574806 153.21618187846616 47.583351329900324 206.3652510473039 3.799723870586603 173.47228820435703 1.141245543840341 4.6680877423205009 0.54032860114239412 0.35627502109855413 4.8853777130279878 0.77119240537285794 9.2835317970748275 1.3770336736924944 0.29283761093392957 2.9735242866445333
leaf_count=189672 22 598 20 2267 23 371 47 80 2692 470 323 234 76 557 188 5789 683 5713 276 5457 57 357 31 25 375 9 584 92 22 149
internal_value=-6.0109e-05 -0.00135335 -0.0121445 0.00124922 0.113104 -0.00333711 0.00417517 0.00872832 -0.025261 -0.000322283 0.0030468 0.0200078 0.0490075 0.00295651 -0.00246987 -0.000383209 0.00146698 -0.0017371 0.0238766 -0.00255009 0.000359211 0.0132458 0.0514266 0.172005 0.00247954 0.0292999 0.0163688 0.0447585 -0.0410449 0.00901774
internal_weight=2913.23 713.304 62.2101 30.7798 1.21234 29.5674 25.5171 0.835761 31.4304 651.094 253.465 42.6357 15.7867 26.849 397.629 210.829 200.8 391.894 12.0562 379.838 2199.93 26.2894 5.78257 0.896604 20.5069 4.88596 15.5459 6.26241 4.96093 4.11477
internal_count=217259 25886 5522 2810 125 2685 2314 102 2712 20364 8132 1337 546 791 12232 6795 6472 12044 874 11170 191373 1701 271 56 1430 215 1051 467 379 206
is_linear=0
shrinkage=0.05


Tree=144
num_leaves=31
num_cat=0
split_feature=2 1 3 4 1 1 4 0 0 4 1 1 2 4 2 3 0 4 0 2 0 2 2 4 2 4 3 3 2 2
split_gain=0.605171 3.42903 5.16931 4.75812 6.23701 8.32754 4.82316 6.58706 4.86619 4.27948 3.12087 4.98083 2.87164 2.39725 2.20989 2.23952 4.97217 4.91806 3.32041 2.79447 2.14906 2.06788 5.85516 9.80038 4.44081 3.3538 3.27374 3.17386 2.69338 2.33148
threshold=1.4209356808876568 0.0077728933725198209 -0.0020004109893387851 0.00097345419898842167 0.0013987644247581007 0.0014241537378338724 0.0031898133441865544 -0.0028107774044613394 0.00078018521977896171 0.008152865070594208 0.00068082948508530795 0.00057366213469421722 1.4544051139667935 0.0005564367378300129 2.2805298981407822 -8.6974348779911268e-05 -0.0023838248343276964 0.011546940387684558 -0.0055684417603187866 2.0302233049225218 -0.0055684417603187866 0.92367666917443292 0.9746423604514014 -0.0031634321111306258 0.70572545860242986 -0.0036444953256142827 -0.01335466952210118 -0.003655689453122057 0.59016012503720983 0.64454103904403126
decision_type=2 2 2 2 2 2 2 2 2 2 2 2 2 2 2 2 2 2 2 2 2 2 2 2 2 2 2 2 2 2
left_child=20 2 9 4 13 -6 8 -8 -5 10 11 -2 -12 -4 15 16 18 -17 -3 -19 21 24 23 -23 28 26 -24 -27 -1 -30
right_child=1 14 3 6 5 -7 7 -9 -10 -11 12 -13 -14 -15 -16 17 -18 19 -20 -21 -22 22 25 -25 -26 27 -28 -29 29 -31
leaf_value=-0.024425613827489992 -0.052280129155430823 0.024123522650884036 -0.0010408915215524377 -0.0046771357542377762 0.1134575807413649 0.013196493103734084 0.090267373110219984 -0.00053270042117894588 -0.030541002947640006 0.087643021306970201 -0.045237998528383228 0.14748502609129682 -0.013499464468474635 -0.028541769215881752 -0.012703568570743071 -0.033733140062200982 0.077727177195260358 0.0066977945734581368 -0.020373150844815353 0.064835644177013707 0.00046628124177245441 0.12789260239268893 -0.0006858890955741666 -0.018810981118669322 -0.042182133330864506 0.04951341484270165 -0.048109923796161289 -0.013402855216358301 0.055418215251783559 -0.0073150182803701008
leaf_weight=5.2417414828669298 0.54367608216125407 20.391103588044647 61.688946927315556 43.031393528392073 2.1294218304101369 75.561592682031915 2.0421502348035565 91.094004559330642 31.498159650145681 1.0224776118993748 7.8442072132602325 0.73236125102266669 77.92925811954774 9.092254394607151 9.1740713398903591 6.7009909041225937 3.5992573201656368 9.0701085403561574 5.2776559852063647 2.676932990550994 2401.8009225771893 2.1728633083403111 6.9911194220185306 2.3912551328539875 11.934207465499638 3.6270830519497395 7.5896108914166698 4.4807157143950427 3.0319378729909658 2.8954905122518539
leaf_count=52 49 156 9524 4003 134 3512 26 3481 1964 9 379 45 3949 1539 122 78 28 71 50 16 187608 24 62 19 122 32 104 46 28 27
internal_value=-6.05408e-05 -0.00172241 -0.00334001 -0.000355569 0.00616295 0.0159445 -0.00612788 0.00145823 -0.0156079 -0.0140528 -0.0152473 0.0623719 -0.016402 -0.00457354 0.00977084 0.0140919 0.0226918 0.000448012 0.0149747 0.0199463 0.000251954 -0.00997068 -0.000641573 0.0510309 -0.0209752 -0.0110362 -0.0253712 0.0147432 0.00168421 0.0247736
internal_weight=2913.26 461.1 404.21 316.138 148.472 77.691 167.666 93.1362 74.5296 88.072 87.0495 1.27604 85.7735 70.7812 56.8901 47.716 29.268 18.448 25.6688 11.747 2452.16 50.356 27.2526 4.56412 23.1034 22.6885 14.5807 8.1078 11.1692 5.92743
internal_count=217259 29135 28614 24183 14709 3646 9474 3507 5967 4431 4422 94 4328 11063 521 399 234 165 206 87 188124 516 287 43 229 244 166 78 107 55
is_linear=0
shrinkage=0.05


Tree=145
num_leaves=31
num_cat=0
split_feature=1 1 2 4 4 2 0 1 3 2 2 0 3 1 2 3 2 3 0 3 4 1 0 1 1 2 2 1 2 2
split_gain=0.595274 3.50135 7.631 5.4842 4.5139 4.563 3.38485 2.88096 2.86905 3.25551 6.79279 2.84752 2.00071 6.04505 4.62272 3.56022 4.30133 3.30831 2.99634 1.91782 3.11849 1.47437 2.7133 0.857212 3.8198 3.01441 4.2217 1.20407 6.35312 9.70529
threshold=0.00084286461641908605 0.00084987223197117393 1.0214854113899843 -0.0042911671054871028 0.0032723226962060319 1.6569826716253035 0.00069671179368480118 0.00082996675822327216 0.0039527278394465579 0.72451577167450965 0.71332971537503342 -0.00085854310017813285 0.00016953079527437523 0.00080407746761104639 0.9919059937975182 -4.9998750062452128e-05 1.0446572270350234 0.00018141275528060777 -0.00011136256484184369 -0.0021068910234733891 -0.0022166198816187528 0.000836447987361285 0.0008817060928276722 0.00090583905922923358 0.00089908428074783771 1.5648366012972323 0.92049683423019102 0.00096406273243792261 0.97086660811875136 0.96725689877712873
decision_type=2 2 2 2 2 2 2 2 2 2 2 2 2 2 2 2 2 2 2 2 2 2 2 2 2 2 2 2 2 2
left_child=6 2 19 -4 5 -5 7 12 9 10 -9 -11 15 17 -15 18 -17 -14 -1 20 -2 -8 -23 24 25 26 -3 28 29 -25
right_child=1 23 3 4 -6 -7 21 8 -10 11 -12 -13 13 14 -16 16 -18 -19 -20 -21 -22 22 -24 27 -26 -27 -28 -29 -30 -31
leaf_value=-0.0078644069275389476 -0.050523464444393928 -0.020489104030327211 0.21205307033421927 0.022480904322596744 0.21665335238830769 0.1980431255438625 -0.04263787277304934 -0.015723856581235637 0.13744583162669527 0.10698285263873633 0.22701767410349771 -0.045276126184418987 0.060969274387450846 -0.00014892708667149196 0.056871294998817191 -0.034458865446482002 0.0027714952908567021 -8.6677191636196167e-05 0.0049050932436227341 -0.050374370644358658 0.21892724526724097 -0.050437478341042966 0.18233983964581096 0.01981209696729554 -0.050342015920411279 -0.050366972738761707 0.011867922436007573 7.5042952074351585e-05 -0.0061970295034714839 0.19538038190409898
leaf_weight=87.720885189010005 0.25606491975486279 15.085121680167502 0.56284689530730236 4.7616615151055157 0.3711583986878394 0.40129929897375394 6.5094606915008617 1.4477171022444935 0.26446403143927533 0.31726415338925917 0.35983861424028862 9.5586130127776396 2.2454051827662616 5.9595126191852605 8.8079525905195606 18.958535331534222 13.131454841510275 186.24414948187041 96.449369845809997 2.5751502193743345 0.18493111990392241 0.30516486498527218 0.21226154360920191 27.706504569971006 4.4793149011093183 3.0306727770948774 30.386789177544415 2344.4949413338327 39.328272100072354 0.81016527302563091
leaf_count=20139 31 2840 8 285 12 36 1921 356 11 30 23 1151 580 790 554 7356 3312 38253 22654 467 12 48 22 3566 853 503 2621 105586 3207 32
internal_value=-5.96412e-05 0.000241248 0.0311765 0.0633573 0.0482342 0.0361268 -0.00175758 -0.00119696 -0.025407 -0.0290933 0.0325998 -0.0403848 -0.000507454 0.00305421 0.0338604 -0.00385496 -0.0192239 0.000640659 -0.00117706 -0.0338751 0.0624703 -0.0361807 0.0450537 0.000126895 -0.0061643 -0.00208439 0.00113361 0.000265068 0.00683169 0.0248
internal_weight=2912.93 2474.43 9.11311 6.09697 5.53412 5.16296 438.492 431.465 11.9479 11.6834 1.80756 9.87588 419.517 203.257 14.7675 216.26 32.09 188.49 184.17 3.01615 0.440996 7.02689 0.517426 2465.32 52.9819 48.5026 45.4719 2412.34 67.8449 28.5167
internal_count=217259 120059 851 341 333 321 97200 95209 1571 1560 379 1181 93638 40177 1344 53461 10668 38833 42793 510 43 1991 70 119208 6817 5964 5461 112391 6805 3598
is_linear=0
shrinkage=0.05


Tree=146
num_leaves=31
num_cat=0
split_feature=0 0 2 1 0 4 0 2 0 2 3 4 1 0 3 3 3 0 2 2 4 3 0 3 0 1 2 0 3 0
split_gain=0.577183 3.30348 2.22255 7.03928 1.75731 6.45924 5.7608 11.4809 28.9062 6.24053 7.84026 4.56992 4.37723 2.85997 9.77976 3.8746 4.4973 3.55528 5.26547 7.9324 3.40733 2.57388 2.15142 9.72464 4.31883 1.69031 1.66833 6.91055 11.5365 4.97999
threshold=0.00086051482639970544 0.0008817060928276722 1.6371547559179547 0.0016212335158498072 0.00053457309961979515 -0.010349860933211661 0.00057134231361688503 1.9281650958482908 0.00056027799258662203 0.69418942701583874 -0.003655689453122057 0.004444814761232708 0.002888433374126731 0.00044052054859633488 -0.01335466952210118 -0.00050371583231212369 -0.00013399595847507492 0.00034846623781392699 0.88037964582396333 1.3630040559730869 0.0006768182851123462 -0.0019023985269147612 0.00021744008254520611 -0.0050342660976505629 0.00016498627993088991 0.000836447987361285 0.44636897921142388 0.0013900608095775981 0.001296364226766489 0.0021976696440473291
decision_type=2 2 2 2 2 2 2 2 2 2 2 2 2 2 2 2 2 2 2 2 2 2 2 2 2 2 2 2 2 2
left_child=4 2 -2 -4 13 -6 7 12 -9 10 -8 -11 -7 17 -15 21 -17 22 20 -20 -19 -16 24 -24 -1 -3 27 28 -27 -29
right_child=1 25 3 -5 5 6 9 8 -10 11 -12 -13 -14 14 15 16 -18 18 19 -21 -22 -23 23 -25 -26 26 -28 29 -30 -31
leaf_value=-0.00018968056047367158 -0.03596498464391823 -0.050473550332616329 -0.050759507152570563 0.21612564282185051 -0.054080528965779966 0.014551116062238779 0.10401861303190559 -0.050611425972964121 0.582758647575504 -0.0043820629550703882 0.015566487545130653 0.018875566227884191 0.07785224368178191 0.19220984362179178 -0.0091590382725797569 0.041305902996374315 -0.0086236014037585507 -0.023860887371532087 0.028872197843712186 -0.017283252910844614 0.010280008416943117 -0.046247141391465546 0.075389474583433536 -0.0091201160308052587 0.01508996151808357 0.11486132053168077 -0.0010963658057735087 -0.051746283204177769 -0.029267739552339939 0.016220560511878392
leaf_weight=1578.0490006846303 9.892801730980862 1.7116457358861215 0.73720017971936502 0.37161466758698225 4.6250819554552427 26.63644234499953 2.7724088307004449 0.42003327643033017 0.31541698786895722 147.97659548259981 25.999718056227721 24.637794664959074 3.0429542530328026 0.59793857485055824 8.1554472184361675 4.8931068371311985 57.60404919613211 14.778609602391954 44.369599636571365 11.780500878376186 14.457297513712545 10.970957778452428 3.5060197256971142 117.09536779133487 47.642844311696535 3.5774992331862476 732.04746770579368 4.1390435490757209 2.2689542795997113 7.7254185120109469
leaf_count=132918 751 573 71 12 109 2341 93 55 23 11230 2737 896 57 6 458 590 5320 2168 3503 1135 1512 1156 108 14897 6685 228 26978 257 182 210
internal_value=-5.90369e-05 -0.00124102 -0.0284412 0.0386859 0.000360076 0.00442689 0.00559427 0.025877 0.221026 0.00253103 0.0240895 -0.00106243 0.0210412 -0.000142302 -0.009265 -0.0107409 -0.00471446 0.000267203 0.0102292 0.0191886 -0.00697805 -0.0304329 -0.000219896 -0.00666333 0.000258108 -0.000842808 -0.000729505 0.014434 0.0589262 -0.00749039
internal_weight=2912.8 762.472 11.0016 1.10881 2150.33 236.426 231.801 30.4148 0.73545 201.387 28.7721 172.614 29.6794 1913.9 82.2215 81.6236 62.4972 1831.68 85.386 56.1501 29.2359 19.1264 1746.29 120.601 1625.69 751.47 749.758 17.7109 5.84645 11.8645
internal_count=217259 29262 834 83 187997 17541 17432 2476 78 14956 2830 12126 2398 170456 7530 7524 5910 162926 8318 4638 3680 1614 154608 15005 139603 28428 27855 877 410 467
is_linear=0
shrinkage=0.05


Tree=147
num_leaves=31
num_cat=0
split_feature=2 0 0 1 3 4 1 1 0 2 1 0 4 1 0 0 2 1 0 4 0 4 1 1 1 2 0 4 1 1
split_gain=0.600948 2.20492 4.00434 3.28624 6.73369 5.17544 2.89682 3.55631 11.79 12.0884 2.32429 4.41565 4.17069 2.05639 3.33471 2.47167 2.03828 4.57281 2.50577 1.86362 8.72744 3.89441 1.70396 3.20274 1.58935 1.52975 2.21932 4.77285 4.95378 4.67097
threshold=0.6783480397728886 -0.00049211452994812877 -0.00047983753887109731 0.0014118873966346074 -0.00048657225790005304 -0.00063391198146045536 0.0017098283744817805 0.0018325015259458442 -0.00061735085836950299 0.65761401194942759 0.0034079706170707614 0.0018536320536591824 0.010040602447829118 0.0061176626780651425 -0.0019809674069558576 -0.0031018881020380968 0.32306602887409641 0.0016212335158498072 -0.0012260741933558526 -0.0016425959492014639 -0.00044004242715400815 0.0020941035205677143 0.0011789060033561471 0.00099641370636736025 0.0056485277306448922 0.74206127436356062 -0.002229494556617861 -0.01971381338445027 0.0077728933725198209 0.0056485277306448922
decision_type=2 2 2 2 2 2 2 2 2 2 2 2 2 2 2 2 2 2 2 2 2 2 2 2 2 2 2 2 2 2
left_child=1 6 3 4 5 -3 16 8 9 -8 19 12 -12 14 -9 -15 17 18 -1 20 -4 -21 23 -18 -13 26 29 -28 -29 -2
right_child=25 2 10 -5 -6 -7 7 13 -10 -11 11 24 -14 15 -16 -17 22 -19 -20 21 -22 -23 -24 -25 -26 -27 27 28 -30 -31
leaf_value=0.075375667232851273 0.045536490844059425 0.081501606361913947 0.12503137739912737 0.00095965458465485534 -0.050327360972539592 0.34268778333226985 -0.010624978926781469 -0.023194086806678327 0.40178917261280866 0.35735199995664035 0.028881173362465751 0.0058495883153866623 -0.012249746712912249 0.018983031305125866 -0.0011438531818037817 -0.018253501964703014 -0.035166961015752222 0.30256053807033728 -0.050309410247324861 0.0065182246698779816 -0.015348928069866387 -0.010369886769369598 -0.038600262652404592 0.017468961655918189 -0.013778567502366671 -0.00011370098390376907 -0.055566299267984731 0.0026073990777852915 0.056793316718530065 -0.005756063589056038
leaf_weight=0.71858940320089448 9.4507801057770866 0.37804873818822671 1.1360664335224999 0.93154909880831827 0.35887368327530489 0.38061896701401576 2.5024780915118763 26.762651714263484 0.22100925678387184 0.24504005350172509 28.738397874403745 20.980504689272493 7.8459028694778672 15.637653781101109 47.71910770307295 6.2326860418543211 6.6127268229829514 0.14146761433221389 0.88492396903166337 87.346896992436086 43.528658872208325 56.036432030618016 12.668511642143129 5.1335332943126559 20.284687627106905 2343.1716149304993 3.4227675683796397 150.51420213999518 4.3395852148532859 8.3689753562211973
leaf_count=54 211 35 162 30 85 27 243 864 18 19 399 430 88 145 1880 62 2107 15 341 22280 5864 5632 1711 813 208 159229 45 14147 39 76
internal_value=-5.97496e-05 -0.00187713 0.000684392 0.0703131 0.128124 0.212537 -0.00734692 -0.00344804 0.0504546 0.0221934 0.000147811 0.0074133 0.0200602 -0.00510873 -0.0090669 0.00837123 -0.0221498 0.0300557 0.00601439 -0.00286001 -0.0117783 -8.19116e-05 -0.025881 -0.0121632 -0.003799 0.000224066 0.00471845 0.00283503 0.00412589 0.0214472
internal_weight=2912.69 393.427 267.947 2.04909 1.11754 0.758668 125.48 99.3206 2.96853 2.74752 265.898 77.8495 36.5843 96.3521 74.4818 21.8703 26.1598 1.74498 1.60351 188.048 44.6647 143.383 24.4148 11.7463 41.2652 2519.27 176.096 158.277 154.854 17.8198
internal_count=217259 43512 35240 177 147 62 8272 3231 280 262 35063 1125 487 2951 2744 207 5041 410 395 33938 6026 27912 4631 2920 638 173747 14518 14231 14186 287
is_linear=0
shrinkage=0.05


Tree=148
num_leaves=31
num_cat=0
split_feature=1 1 0 0 1 4 3 4 2 4 3 4 1 4 4 3 4 2 3 3 4 0 3 1 2 2 2 1 3 4
split_gain=0.563215 2.70891 2.41583 6.34554 2.02863 3.46186 10.4469 2.6571 4.25164 4.04657 1.86056 9.78646 5.28744 7.6582 6.39094 2.92981 4.09641 5.49977 3.33566 3.82271 3.42619 2.74314 2.63679 4.39171 2.347 0.80965 3.6506 12.3293 18.4063 5.46288
threshold=0.00053453280038740175 0.00052962154439025486 0.00044052054859633488 0.00047850855493569716 0.00054047326974703382 0.00061446998817271681 0.00082894864365257181 -0.00084107350490236754 1.4662852754074944 -0.00091343094814744219 -8.6974348779911268e-05 -0.00061005446254103191 0.00051991952861157019 -0.00017347724274968665 -0.00058696077740327801 0.00016953079527437523 -0.0018008418196633345 1.0692741409584077 0.00036129859506206513 0.0005350454788656257 0.00040092394106272527 -0.00021875524528297549 -0.0026429864807377963 0.00047308217632690256 0.7598123612692852 1.0606706014816532 1.0732695933620915 0.00065724613867885128 0.0011864457052996882 -0.00072175952352926387
decision_type=2 2 2 2 2 2 2 2 2 2 2 2 2 2 2 2 2 2 2 2 2 2 2 2 2 2 2 2 2 2
left_child=1 10 -3 -4 5 6 7 9 -9 -2 11 22 14 -14 -13 16 17 -12 20 -20 -17 -18 23 -1 -24 -6 27 28 -27 -29
right_child=4 2 3 -5 25 -7 -8 8 -10 -11 15 12 13 -15 -16 18 21 -19 19 -21 -22 -23 24 -25 -26 26 -28 29 -30 -31
leaf_value=-0.05053531857299895 0.032192326322757862 -0.050352738847078554 0.39816910930358723 -0.050348364257800142 -0.00074146641288436795 -0.025666490364822398 0.28171073530140633 -0.050329002043511019 0.19252574249621798 0.21170720460630338 -0.050831253899225916 0.11921909258603308 0.23197343125202347 0.036657691413779982 0.012016407972246823 0.037811013181816594 0.014736017902154008 0.23021701941270903 -0.03883898795428789 -0.0019486350865805246 -0.011007944893966254 -0.04541305840393739 0.0016145177818520325 0.13293265582924993 -0.031513198709099327 0.078832908216367695 0.00048967720920299758 -0.015236442884689456 0.53707989331886496 0.024453557261110953
leaf_weight=0.58973117236019124 1.8100877351243982 4.4428189842146812 0.11145438847597677 0.26964239019434899 1524.772704781557 2.0181066162185743 0.44986536097712804 1.4634181448491284 0.20553129783365864 0.37979263486340631 0.34760760552307957 1.458141001145125 0.70817420806270126 1.7227676239563141 29.859965146810282 8.8556494710937823 2.3105562559285309 0.34867143584415317 8.8019364608408051 34.734100030764239 6.0488311948865876 10.552758671816262 7.6460823929228381 0.72985617187805474 17.777201429504203 1.5472074199933548 1204.9679803470499 13.720814570784567 0.25528932316228736 23.549610894639045
leaf_count=170 228 777 17 51 98415 278 36 253 32 16 113 221 110 245 11477 3272 1029 23 4091 12170 2371 7281 3799 69 5584 191 63105 720 28 1087
internal_value=-5.92108e-05 -0.003185 -0.0399896 0.0808237 9.54554e-05 0.0283757 0.053688 0.027105 -0.0204214 0.0633257 -0.00184498 0.00461922 0.0225215 0.0935564 0.0170077 -0.00727597 -0.028215 0.0899076 -0.00241761 -0.00940697 0.0179983 -0.0346089 -0.0179731 0.0509398 -0.02155 3.08344e-05 0.000977413 0.0160187 0.143735 0.009842
internal_weight=2912.46 137.316 4.82392 0.381097 2775.14 6.3268 4.3087 3.85883 1.66895 2.18988 132.492 60.4919 33.749 2.43094 31.3181 72.0001 13.5596 0.696279 58.4405 43.536 14.9045 12.8633 26.7429 1.31959 25.4233 2768.81 1244.04 39.0729 1.8025 37.2704
internal_count=217259 52870 845 68 164389 843 565 529 285 244 52025 21675 12053 355 11698 30350 8446 136 21904 16261 5643 8310 9622 239 9383 163546 65131 2026 219 1807
is_linear=0
shrinkage=0.05


Tree=149
num_leaves=31
num_cat=0
split_feature=4 4 1 3 3 4 2 1 3 3 2 2 2 2 4 1 3 0 2 3 0 1 0 2 0 0 1 1 2 1
split_gain=0.568176 6.47314 2.88117 3.80994 10.7786 10.277 5.36282 4.18426 6.91499 3.60143 2.87625 4.2106 3.75679 5.33119 2.87265 3.38104 7.92376 7.14225 6.70664 6.98555 5.52172 4.85761 2.85463 5.71818 8.19731 3.89953 4.5923 2.98074 2.73968 2.67438
threshold=-0.006727181012526561 -0.0072103739624060905 0.0035081014974155207 -0.0050342660976505629 -0.003655689453122057 -0.0092932796566774205 0.99904387047989174 0.0037121740626717237 -0.0064138170379786632 -0.008236769578310486 1.8136954891686397 1.6793156189121439 1.2508553875755759 0.73501746646327015 -0.0040004886835539035 0.0039742893044935985 0.0022154381309056341 -0.00029736336443114681 0.98510136411759774 -0.0021666830290552603 0.00076320096416349081 0.0015405851235082682 -0.0011541611988980514 1.5203244504906723 -0.0020976709852252302 -0.00050309421860617032 0.003235062695043318 0.0010682912410720305 1.0103655737663886 0.004482170560911815
decision_type=2 2 2 2 2 2 2 2 2 2 2 2 2 2 2 2 2 2 2 2 2 2 2 2 2 2 2 2 2 2
left_child=1 2 22 7 5 -5 -6 8 -4 -9 11 12 13 -3 15 16 18 28 21 -20 -19 -2 23 -1 -25 26 -24 -27 -18 -17
right_child=14 10 3 4 6 -7 -8 9 -10 -11 -12 -13 -14 -15 -16 29 17 20 19 -21 -22 -23 25 24 -26 27 -28 -29 -30 -31
leaf_value=-0.036172456676564317 -0.039074961165912747 -0.0056632039853300037 0.011306380537058609 0.021406615982334062 0.012883440967651566 0.11482803830901117 -0.021784307596310157 0.0009393507233981602 0.14196105501802989 -0.017191653698746253 -0.052122014313478182 0.15053889576896215 -0.016333760238775068 0.054455996395510714 0.00016115299594546379 -0.041364712508355599 0.081934895749117942 -0.051646554806024925 -0.0062238162168492574 0.027002131131843739 0.060105014460256526 -0.0081970725074129412 0.014027573960645365 0.12453404580921329 -0.050970832984771022 0.044551220225335621 0.13935818704204936 -0.015345132961952314 0.1964734894235636 -0.011822067648155854
leaf_weight=16.868863868527118 17.533413037832361 5.2086720724910398 4.7329829251393676 8.6441670106723887 37.754160960204899 4.4641197975724927 15.833776540122924 119.37359419860877 1.2883701259270299 35.543673258740455 1.0937649607658375 0.71223008073866267 4.0708269299939266 12.626988831907509 2409.7479531176577 9.5531853605061752 1.4887369591742756 1.8841846940194944 43.453119312296622 24.875099243363366 2.6742056387010962 46.560738195665181 10.731498066103082 1.4241263917647304 1.2486831895075727 2.2289263404672957 0.7843145504593857 30.499211043352261 0.80404799431562413 38.669225650839508
leaf_count=1003 2555 237 142 158 585 96 313 1455 39 683 49 17 126 429 199316 308 49 79 2552 1359 105 2574 591 84 76 94 24 1483 20 658
internal_value=-5.94199e-05 0.0019455 -9.86321e-05 0.00253307 0.0125813 0.0532219 0.00264007 -0.00163112 0.0392622 -0.00322056 0.0270674 0.0308967 0.0270069 0.036899 -0.000302684 -0.00626404 -0.0023132 0.0501192 -0.00502591 0.00587219 0.0139131 -0.0166439 -0.00949051 -0.0254063 0.0425417 -0.0024608 0.0225635 -0.0112659 0.122102 -0.0176747
internal_weight=2912.38 315.133 291.42 227.635 66.6962 13.1083 53.5879 160.939 6.02135 154.917 23.7125 22.6187 21.9065 17.8357 2597.24 187.496 139.274 6.85118 132.422 68.3282 4.55839 64.0942 63.7856 19.5417 2.67281 44.244 11.5158 32.7281 2.29278 48.2224
internal_count=217259 7684 6826 3471 1152 254 898 2319 181 2138 858 809 792 666 209575 10259 9293 253 9040 3911 184 5129 3355 1163 160 2192 615 1577 69 966
is_linear=0
shrinkage=0.05


Tree=150
num_leaves=31
num_cat=0
split_feature=2 2 4 4 2 4 0 1 4 3 4 0 4 4 4 4 0 1 1 4 3 0 3 3 4 4 3 3 0 1
split_gain=0.575133 2.70891 2.43045 5.6201 4.56261 4.06096 5.20231 4.03897 3.82362 4.65939 13.3464 4.36261 1.35274 5.43865 4.3213 11.0904 5.35323 4.36713 6.35453 3.8611 5.54711 2.48984 2.3069 7.08021 8.26748 4.6759 2.58912 3.94421 2.90704 1.1858
threshold=1.7825038478759392 1.7268680393389968 -0.00065365762886582235 -0.0029153941490066555 1.7535840715920619 -0.0027680970915568421 -0.004194376370928842 0.0061176626780651425 0.00076308523343393564 0.0003891239855502438 0.0014814204858066839 -0.002229494556617861 0.0011556095118984146 0.0018413191509043527 0.00011727043237519387 0.00013380485910163833 0.0034974138146374183 0.0007849198348256264 0.000836447987361285 -0.00058696077740327801 0.0017746207053299658 -0.0055684417603187866 0.00086941774540016958 0.00055206604720670082 0.0033588965699340449 0.0023865516883969655 0.001734335575684365 0.0018611128150965996 -0.0011204104758168463 0.00091994435725056411
decision_type=2 2 2 2 2 2 2 2 2 2 2 2 2 2 2 2 2 2 2 2 2 2 2 2 2 2 2 2 2 2
left_child=1 -1 3 4 -3 -5 -7 -6 29 10 -10 -11 14 -14 16 -16 19 -17 -19 20 -2 -21 23 25 -25 -15 28 -28 -24 -4
right_child=12 2 8 5 7 6 -8 -9 9 11 -12 -13 13 22 15 17 -18 18 -20 21 -22 -23 26 24 -26 -27 27 -29 -30 -31
leaf_value=-6.8564050941446864e-05 -0.0030943936507681555 -0.033016616198458623 0.018818892543303989 0.22856267528265706 0.010412870469781876 0.25205354874588348 0.044005526458032386 0.12245970899705715 0.23447925976162964 0.14986604257194555 -0.0036805507235761949 -0.0035200107445566169 -0.045403210119988602 0.077800770957902055 0.36033314869675892 -0.050163041137822086 0.17066288230535634 0.243824962190822 0.024720266189202329 0.12235442007188545 0.085470219073752962 -0.040386233667561805 0.10519145839534841 0.0019789598671798503 0.21149679310421954 -0.038493090662838618 0.09425934639647833 -0.0049557005529811309 -0.05089339275246494 -0.051438314348052863
leaf_weight=2715.4344096388813 69.22162407884025 4.3731882316060346 0.72357702652516565 0.35649128071963687 3.0074345702305436 0.31709077954292197 5.7344537993194544 1.0979023575782774 0.87324354115117175 0.48049269616604107 1.8025271515361962 13.161390678229504 8.6565066768089292 1.1642322867701285 0.24328869818418652 1.9290108053246502 0.43755250424146552 0.33993674302473564 12.472887248382902 0.24165497720241447 1.8143593075219531 8.5698284687096002 0.31888015754520882 0.94066960050258763 0.9426840286469087 3.3557144703809172 1.0245058845030133 45.03216187923681 4.6248094037146066 3.533170257229358
leaf_count=204461 4144 134 261 13 120 2 345 10 46 4 51 533 917 104 34 948 5 63 860 1 70 1464 12 95 39 165 71 1633 477 177
internal_value=-5.94239e-05 0.000110738 0.0138409 0.0292297 0.00252131 0.0645677 0.0549069 0.0403779 0.00270633 0.0137155 0.0740434 0.00188253 -0.00296091 -0.0084592 0.000851592 0.0254998 -0.00374898 0.019974 0.0305333 -0.00470473 -0.000832328 -0.0359231 -0.00288802 0.0253998 0.10685 -0.00853852 -0.00643967 -0.00274872 -0.0408255 -0.0394957
internal_weight=2912.23 2750.9 35.461 14.8866 8.47853 6.40804 6.05154 4.10534 20.5744 16.3177 2.67577 13.6419 161.33 66.0602 95.2701 14.9851 80.285 14.7418 12.8128 79.8475 71.036 8.81148 57.4037 6.4033 1.88335 4.51995 51.0004 46.0567 4.94369 4.25675
internal_count=217259 206157 1696 624 264 360 347 130 1072 634 97 537 11102 3513 7589 1905 5684 1871 923 5679 4214 1465 2596 403 134 269 2193 1704 489 438
is_linear=0
shrinkage=0.05


Tree=151
num_leaves=31
num_cat=0
split_feature=2 1 3 4 4 4 1 4 1 1 2 2 0 2 0 4 3 0 0 4 2 2 2 4 2 2 2 2 3 0
split_gain=0.579796 3.05065 4.78822 4.50347 3.69111 3.4425 4.72089 4.31936 3.03236 6.838 2.8351 2.06088 2.00629 2.0282 4.56751 6.65813 5.81291 5.6064 7.94987 2.55193 1.96519 5.28381 4.07284 3.2545 2.86247 2.88303 2.44312 1.91608 1.71863 6.45134
threshold=1.4209356808876568 0.0077728933725198209 -0.0020004109893387851 -0.0084185540980666867 0.008152865070594208 0.00097345419898842167 0.0013987644247581007 0.0031898133441865544 0.00061269879286287242 0.00055322937678937512 1.4544051139667935 1.4544051139667935 -0.0055684417603187866 1.3907483709178752 -0.0010288193509869756 -0.0020661938761129535 0.0012119149910971851 -0.00045825221882239692 -0.00039148888667300813 -0.0084185540980666867 0.92367666917443292 1.0178777780262387 0.70572545860242986 -0.0046243256775092547 1.0995297947815661 1.2638169980252449 0.59016012503720983 0.64454103904403126 -8.6974348779911268e-05 -0.0031018881020380968
decision_type=2 2 2 2 2 2 2 2 2 2 2 2 2 2 2 2 2 2 2 2 2 2 2 2 2 2 2 2 2 2
left_child=12 2 4 -4 8 6 -5 -7 9 -2 -10 -3 20 -14 15 19 -17 -16 -19 -15 22 23 26 -22 -23 -26 -1 -28 29 -13
right_child=1 11 3 5 -6 7 -8 -9 10 -11 -12 28 13 14 17 16 -18 18 -20 -21 21 24 -24 -25 25 -27 27 -29 -30 -31
leaf_value=-0.024201000888252538 -0.051088007919942807 0.05691164280820097 0.078590221116090486 -0.0046761041610215289 0.077847372051830274 -0.014856579676537203 0.013209337299315097 0.0013829064200835933 -0.044905388545083975 0.25970946013348589 -0.012787547157513355 0.0056180110205739263 0.00024526788933265138 0.04846764957949052 -0.042588002096354348 0.10554479692253008 -0.052278075802323458 0.14996894143238274 0.0063395584085292377 -0.023040429893753142 0.068770295794767622 -0.055736845303527231 -0.041313604095926951 0.0051662917576969372 0.014035008309243764 -0.029251702841312455 0.049219784590911739 -0.0070510624196065026 -0.0040023620859558559 0.069564913105388301
leaf_weight=5.2101290961727518 0.39633447444066305 2.1698884963989249 1.7959164213389147 70.125705194412149 1.0894396826624859 73.024795746387099 77.857299311086535 93.211794107104652 7.5378735996782771 0.31975810416042805 77.657862154068425 29.4556749984622 2353.7646337654369 1.9364720871672032 5.8097357540391377 4.1179828231688571 0.67974212393164624 0.99428704869932971 31.028503770547108 3.5076247826218605 3.5816210471093655 3.518876992166045 11.570441424846647 4.5869110487401503 8.402055209502576 7.0947204176336518 3.1835976913571358 2.882612831890583 21.032534331083298 4.5538963228464118
leaf_count=52 45 20 40 11060 9 5967 3609 3507 382 15 3980 255 185049 33 360 149 18 65 1778 156 37 42 122 38 91 79 28 27 212 34
internal_value=-5.91728e-05 -0.00168759 -0.00322137 -0.000361773 -0.0136083 -0.000813021 0.00473384 -0.00575081 -0.014768 0.0876929 -0.0156292 0.00911672 0.00024649 0.000452916 0.0106196 0.0402404 0.0831844 0.00260078 0.0107992 0.00239508 -0.00966343 -0.000578806 -0.0204728 0.0330545 -0.0150266 -0.00578248 0.000911658 0.0224803 0.00723253 0.0141805
internal_weight=2912.1 460.229 403.017 316.016 87.0013 314.22 147.983 166.237 85.9118 0.716093 85.1957 57.212 2451.87 2401.84 48.0743 10.2418 4.79772 37.8325 32.0228 5.4441 50.031 27.1842 22.8468 8.16853 19.0157 15.4968 11.2763 6.06621 55.0421 34.0096
internal_count=217259 29135 28614 24183 4431 24143 14669 9474 4422 60 4362 521 188124 187608 2559 356 167 2203 1843 189 516 287 229 75 212 170 107 55 501 289
is_linear=0
shrinkage=0.05


Tree=152
num_leaves=31
num_cat=0
split_feature=0 1 4 1 2 2 4 3 3 2 2 2 3 2 2 4 0 1 0 2 0 2 1 3 1 1 0 4 4 1
split_gain=0.565301 2.83676 3.97391 5.55894 5.32381 18.5695 3.40796 7.98929 1.97509 1.72659 5.5508 5.18042 7.14898 9.86127 5.41327 4.66258 3.54652 2.90042 5.89707 2.73916 1.57374 4.03072 6.03061 5.30528 4.62043 3.85245 2.08907 2.12736 10.7097 16.2494
threshold=0.00094799808881906877 0.0015086295975348847 0.0011845342693515006 0.0013866095502036847 1.4209356808876568 1.3907483709178752 -0.0031634321111306258 -0.00014697354750076161 -0.0020004109893387851 1.1614133538748133 1.1513805891304885 1.2388704002777742 0.0017746207053299658 1.227010792688551 1.2570241664262449 0.0019230845958038147 0.0042099359340894713 0.0016386899886367855 0.0013900608095775981 0.86406419560910808 0.00090323009124471121 0.56643537869609428 0.0031603808871875599 0.0014473459009684 0.0022248008598809944 0.0021299254526091871 0.00086051482639970544 0.0026806830037835465 0.0031040181161879903 0.0013866095502036847
decision_type=2 2 2 2 2 2 2 2 2 2 2 2 2 2 2 2 2 2 2 2 2 2 2 2 2 2 2 2 2 2
left_child=20 2 3 4 5 -2 7 -5 -4 10 17 12 13 -11 -13 -14 -16 18 -3 -19 26 -22 24 -24 25 -23 -1 -28 29 -29
right_child=1 9 8 6 -6 -7 -8 -9 -10 11 -12 14 15 -15 16 -17 -18 19 -20 -21 21 22 23 -25 -26 -27 27 28 -30 -31
leaf_value=0.00035128654100233855 0.015093171655390761 -0.0021909681132083448 0.094995637485802642 -0.050690651236305263 -0.05060165858391185 0.30819467497906805 -0.044119421467235825 0.25724954614969586 -0.025752970373154688 0.027095904285112278 -0.052411851513084806 -0.036827583079688656 -0.035994770466867117 0.13022388334341292 0.0051024457528756652 0.013780725896273603 -0.010576364117352199 0.0014289632287512197 0.071227138979622281 -0.0071069708094400139 -0.053024203458463939 0.013695596575862999 0.12495795739913665 -0.008758835629205609 -0.051639220069445248 0.15738956643702318 -0.024224171527380933 0.3712005534292393 -0.016238967520762659 -0.051227563303771609
leaf_weight=2149.9673381266039 18.952831373913806 8.2368197403848153 0.3425167457608066 0.59927540505304933 2.7719828228000543 0.55624700244516034 7.6428649844601733 0.32477762550115574 30.073377585940761 15.076928435824813 5.4662130214273921 9.6960251796990615 6.2113794703036573 2.7391741350293151 153.70345353032462 19.395999893546104 47.12599013466388 206.70195286604576 4.0947698652744284 172.34870051499456 2.1611945449330987 17.825426401788729 2.2351843230426307 1.1102305818349121 2.7880586911924174 0.47897842898964782 16.663783813062768 0.47412762345629644 5.6663683513179421 0.43791624624282122
leaf_count=187997 1764 598 20 53 287 24 654 28 2692 500 188 323 212 94 5789 531 683 5713 276 5457 175 1345 37 21 104 19 1278 49 324 24
internal_value=-5.83025e-05 -0.0012828 -0.0115687 0.00107612 0.0142374 0.0234501 -0.033154 0.0575413 -0.0243932 -0.000314516 -0.00237468 0.00290493 0.0186292 0.0429515 -0.000338388 0.00170708 0.00142331 -0.00167584 0.0221879 -0.0024522 0.000338058 0.0124263 0.0182145 0.0805819 0.00832254 0.0174557 0.000190104 -0.0147197 0.00935592 0.168372
internal_weight=2911.87 712.061 61.2639 30.848 22.2811 19.5091 8.56692 0.924053 30.4159 650.797 396.848 253.949 43.4235 17.8161 210.525 25.6074 200.829 391.382 12.3316 379.051 2199.81 26.5991 24.4379 3.34541 21.0925 18.3044 2173.21 23.2422 6.57841 0.912044
internal_count=217259 25886 5522 2810 2075 1788 735 81 2712 20364 12232 8132 1337 594 6795 743 6472 12044 874 11170 191373 1701 1526 58 1468 1364 189672 1675 397 73
is_linear=0
shrinkage=0.05


Tree=153
num_leaves=31
num_cat=0
split_feature=1 0 1 2 0 0 0 2 1 2 2 0 0 3 0 3 1 1 3 4 2 3 1 1 3 1 1 2 2 1
split_gain=0.563747 3.10336 3.02752 6.44954 4.40914 5.88885 8.20048 5.41074 2.67293 2.64272 2.54324 4.67555 15.8653 3.41574 2.54552 1.99048 2.55928 2.82929 1.78104 2.43928 1.5488 4.75194 2.63028 1.38717 2.1977 0.775936 3.66497 2.84433 3.80663 1.09537
threshold=0.00084286461641908605 0.00069671179368480118 0.00084987223197117393 1.0214854113899843 -0.00055091152749991979 0.00020327856641044753 0.00038325262671901067 1.1925621361293888 0.00082996675822327216 1.6569826716253035 0.72451577167450965 -9.4811894431112695e-05 0.00018484094852999625 0.0039527278394465579 -0.00085854310017813285 -0.0029088281452529503 0.00049949038925904503 0.00047982002565663187 -0.0021068910234733891 -0.002166785417211325 0.5848633075377232 0.0057299358542175502 0.00082314205079962711 0.000836447987361285 0.0022154381309056341 0.00090583905922923358 0.00089908428074783771 1.5648366012972323 0.92049683423019102 0.00095569139337155326
decision_type=2 2 2 2 2 2 2 2 2 2 2 2 2 2 2 2 2 2 2 2 2 2 2 2 2 2 2 2 2 2
left_child=1 8 3 18 7 9 -7 -5 15 -6 11 -10 -13 14 -12 16 17 -1 19 -2 22 -22 -17 -3 -25 26 27 28 -4 -27
right_child=2 23 25 4 5 6 -8 -9 10 -11 13 12 -14 -15 -16 20 -18 -19 -20 -21 21 -23 -24 24 -26 29 -28 -29 -30 -31
leaf_value=-0.050427830794492284 -0.050489547969223163 -0.042189434872110881 -0.019807623457119766 0.27719724592279155 -0.050961191306960613 0.17384287642129392 0.0078261877872057625 0.06397327828313433 -0.050458230642671992 0.10503866404622259 0.092545864846654516 0.37043284932763088 -0.050366718196015958 0.14674276325992119 -0.045019184040329452 -0.012189785390705456 -0.051466371270008505 0.13165094555973425 -0.05035581596098862 0.17909126786121837 0.00058958666893030916 0.28190747260656013 0.15122579133292102 -0.050309980447258942 0.15368886369702553 0.0069325122717016577 -0.050327197885530028 -0.050348587818104612 0.011087076774966826 8.6942376685055552e-05
leaf_weight=0.40910071385587699 0.24848711560480297 6.1612068845133754 14.750856682483571 0.45658672507852294 1.826568800956011 1.3236570497974756 1.698068208992481 0.85405157646164298 0.95461030851583928 0.31887775752693404 0.34911365422885587 0.35621430864557513 0.60346770274918526 0.25145660340786058 9.1475750448880699 30.927029740501897 3.6943138588103466 0.44589554215781391 2.4429612173116748 0.21650888351723585 383.62650914308324 0.15017103753052552 0.24821396300103415 0.29211821185890574 0.24090023105964065 59.924957851995714 4.2622611529077394 2.8578982548788181 30.765383051708341 2352.1020769666648
leaf_count=119 32 1921 2840 22 126 42 96 34 209 21 30 55 119 7 1151 14994 529 12 467 11 77899 13 72 59 11 5953 853 503 2621 106438
internal_value=-5.87799e-05 -0.0017125 0.000233895 0.0285774 0.0563476 0.0355723 0.0805493 0.138254 -0.00118799 -0.0277749 -0.024799 0.0278906 0.105825 -0.035146 -0.0399621 -0.00053159 -0.0334249 0.0445294 -0.033284 0.0564066 -0.000170965 0.000699666 -0.0108887 -0.0354949 0.0418883 0.00012596 -0.00587958 -0.00196329 0.00107475 0.000257015
internal_weight=2911.91 437.858 2474.05 9.38577 6.47781 5.16717 3.02173 1.31064 431.164 2.14545 11.6624 1.91429 0.959682 9.74815 9.49669 419.501 4.54931 0.854996 2.90796 0.464996 414.952 383.777 31.1752 6.69423 0.533018 2464.66 52.6364 48.3741 45.5162 2412.03
internal_count=217259 97200 120059 851 341 285 138 56 95209 147 1571 383 174 1188 1181 93638 660 131 510 43 92978 77912 15066 1991 70 119208 6817 5964 5461 112391
is_linear=0
shrinkage=0.05


Tree=154
num_leaves=31
num_cat=0
split_feature=1 1 4 4 4 2 0 3 2 2 0 0 3 0 0 2 2 2 3 0 0 3 4 3 0 4 4 2 1 1
split_gain=0.54731 5.77146 3.35375 2.2264 7.20309 13.9313 4.45644 3.10573 2.66517 1.27506 4.16115 8.22656 10.7292 1.24388 4.60634 2.93658 0.878012 3.87374 11.3586 6.80043 10.5749 4.10511 14.5792 13.9247 4.63916 5.54014 2.39642 1.72272 4.24585 5.47939
threshold=0.0010115772202926147 0.00099641370636736025 0.0054214519975603901 0.0034536465685796052 0.0036655287885360992 1.5203244504906723 -0.00037370770875100318 0.0057299358542175502 1.4922611930960608 1.1714192073901137 0.00033236027239613724 0.00063752341404199619 0.00071514191192922915 -0.00047983753887109731 -0.00050309421860617032 0.6783480397728886 0.54038694474353488 0.53378966907463865 0.013009805624824901 0.00086051482639970544 0.00044971725719478167 0.0014794929861078334 0.0047709974741092518 -0.00056827801778330789 -0.0013069562606573546 0.0012955065695822168 -0.00048080185863258457 0.66196614276460553 0.0017294895297443541 0.001897588795775663
decision_type=2 2 2 2 2 2 2 2 2 2 2 2 2 2 2 2 2 2 2 2 2 2 2 2 2 2 2 2 2 2
left_child=1 2 3 7 5 -5 -6 8 -1 13 -11 12 -12 14 15 -3 17 21 19 20 -19 22 26 -24 -23 -26 -2 28 -18 -30
right_child=16 9 -4 4 6 -7 -8 -9 -10 10 11 -13 -14 -15 -16 -17 27 18 -20 -21 -22 24 23 -25 25 -27 -28 -29 29 -31
leaf_value=-1.8005468288046054e-05 0.0079449647804454761 0.11789975012056204 -0.040963944319564363 0.051860180146537142 0.069364745702708647 0.49665358299715151 -0.0083421055028250046 0.19483674365017681 -0.013530030040885616 -0.05070810026763576 -0.050684005692910011 -0.050656082585390318 0.2784983623114542 -0.050647491451008442 0.2387426198767022 -0.05050241407739095 -0.02195876423637191 0.012471597437768147 0.23525450170408108 -0.055845256589548392 0.17532050913378988 -0.046468678425139458 0.01368301130655886 0.14870106909512984 0.02768697550286961 -0.015896129627413023 -0.012764341299262256 0.00045982724977252699 0.044430017916829739 -0.0033554000000061627
leaf_weight=532.9583828293471 44.462521319743246 0.29707558418158519 5.1027965439061509 4.8062307839281884 2.0797583140665727 0.18273446697276075 16.349462967285941 0.20263797673396666 39.176808546879329 2.8085778949316582 0.41779482481069885 1.1447098079370333 0.60741435852833092 8.1371005650144053 0.17286065383814175 2.0130930836312473 29.801853593438864 4.5425946009345335 0.66481231898069371 2.1503773937001824 1.2771646343171594 7.3753923156764349 4.2666748971678317 3.4566543707624069 10.423347785370423 24.26887128490489 20.368615971063264 2013.1286528219935 6.3071264261379829 122.809834853746
leaf_count=102625 2551 68 598 506 214 27 1786 10 9277 253 36 105 48 945 19 238 3976 212 5 75 39 265 93 123 478 1192 1413 86454 519 3109
internal_value=-5.8108e-05 -0.00138086 -0.000601353 -0.000255637 0.0148552 0.068152 0.0004272 -0.000873921 -0.000943238 -0.0314073 -0.0105284 0.0414771 0.144349 -0.0411949 -0.0102181 -0.0288468 0.000297147 0.00440229 0.0366972 0.0201349 0.0482093 0.00196939 0.00917449 0.0741117 -0.0104573 -0.0028015 0.00143852 6.41925e-05 -0.00494757 -0.00102117
internal_weight=2911.76 616.457 600.859 595.756 23.4182 4.98897 18.4292 572.338 572.135 15.5986 4.9785 2.16992 1.02521 10.6201 2.48303 2.31017 2295.3 123.257 8.63495 7.97014 5.81976 114.622 72.5545 7.72333 42.0676 34.6922 64.8311 2172.05 158.919 129.117
internal_count=217259 116755 115043 114445 2533 533 2000 111912 111902 1712 442 189 84 1270 325 306 100504 6446 331 326 251 6115 4180 216 1935 1670 3964 94058 7604 3628
is_linear=0
shrinkage=0.05


Tree=155
num_leaves=31
num_cat=0
split_feature=4 1 4 4 3 3 4 3 1 3 1 1 0 0 1 4 1 1 3 4 1 3 1 0 1 1 4 4 0 0
split_gain=0.545278 2.09267 1.85049 4.65552 8.91367 7.71445 4.34606 3.35722 9.48262 6.76021 3.19407 14.8785 2.23732 5.46823 3.91087 1.56992 3.46141 14.519 11.8613 3.24819 4.6322 11.7606 8.96221 2.92672 2.61347 9.38758 1.61151 2.92104 2.78522 2.77232
threshold=2.9151544804650879e-05 0.0003208030935465211 0.002140125149860395 0.0020063374547492079 0.0057299358542175502 -0.00097566309739072199 0.0022337417615662107 -0.0018549464122279422 0.0016212335158498072 -0.00061996923456641973 0.0016562311578702681 0.0016043371814647379 -0.0015057489717635872 -0.00083681698517462644 0.0023243785867566005 -6.5034305665012657e-05 0.0033200904581885088 0.0031603808871875599 0.0043807807489943959 -0.00010190044564761801 0.00048649842757059338 -0.001499358233589043 0.00047982002565663187 0.00083898635741241911 0.00082314205079962711 0.00085730252525442524 -0.00052335539989739599 -0.00045998431337146423 0.00072927406503497949 7.11528541214035e-05
decision_type=2 2 2 2 2 2 2 2 2 2 2 2 2 2 2 2 2 2 2 2 2 2 2 2 2 2 2 2 2 2
left_child=15 -2 3 7 5 -5 10 8 -3 -9 11 -4 14 -14 -8 19 17 18 23 26 21 -21 -23 -17 -22 -26 -1 28 -28 -29
right_child=1 2 6 4 -6 -7 12 9 -10 -11 -12 -13 13 -15 -16 16 -18 -19 -20 20 24 22 -24 -25 25 -27 27 29 -30 -31
leaf_value=-0.00020961516698501131 -0.028596218868263842 0.051452169744808478 -0.017643849524034465 0.080587191765536026 0.18259416995139743 0.0074631568425746961 -0.043623294004362587 -0.013572263404406579 0.0022773021810512432 0.0027156693496157755 -0.046337583391962381 0.26980109620500048 0.014615181810137762 -0.0005108994204090898 -0.0043690511044737037 -0.015581734611850792 -0.040871584298795949 0.40014927301171155 0.32852801597535064 0.77921110291339968 -0.032320194538347689 0.050060311918116884 0.60120182731574801 0.032815150822431638 0.22606915724207438 0.011796362615111602 -0.035886873574579523 0.0041785312286067326 0.011936025603907736 -0.011820957922323109
leaf_weight=1158.7734929602229 6.1252213123661923 12.679872818524016 12.110483967175242 4.1365033485926679 0.83184035681188007 28.167224668257404 6.7172339099925003 73.312321316334419 43.216906099813059 486.07781577011338 8.7188586285337788 0.46756551065482277 65.224732385831885 711.77381718339166 114.54332910827361 24.280197105377749 7.6801300430670372 0.22155041340738435 0.26218379102647205 0.060249605478020718 2.7494533050921737 1.9870458034201903 0.076605042675509938 3.5850725445197886 0.53697955433744837 10.632200234802438 13.540618102750161 59.414006573999359 3.9277145681990069 49.743431164737558
leaf_count=82994 10228 922 1254 183 18 2248 375 6387 1218 49419 330 29 2473 31719 2043 4413 159 11 8 10 397 794 6 283 35 457 2319 9843 235 6449
internal_value=-5.84954e-05 0.000572231 0.000686176 0.00273169 0.0209882 0.0168267 -0.000756217 0.00174851 0.0134323 0.000581012 -0.0230802 -0.00695862 -0.000226936 0.000758851 -0.00654354 -0.000800813 -0.0110964 -0.00302991 -0.00620562 -0.00051579 0.0218436 0.0906231 0.0705193 -0.00935512 0.0113483 0.0220979 -0.000794848 -0.00615041 -0.025134 -0.00311249
internal_weight=2911.57 1574.1 1567.98 648.422 33.1356 32.3037 919.556 615.287 55.8968 559.39 21.2969 12.578 898.259 776.999 121.261 1337.47 36.0291 28.349 28.1275 1301.44 16.0425 2.1239 2.06365 27.8653 13.9186 11.1692 1285.4 126.626 17.4683 109.157
internal_count=217259 108846 98618 60395 2449 2431 38223 57946 2140 55806 1613 1283 36610 34192 2418 108413 4874 4715 4704 103539 1699 810 800 4696 889 492 101840 18846 2554 16292
is_linear=0
shrinkage=0.05


Tree=156
num_leaves=31
num_cat=0
split_feature=0 1 1 0 4 3 3 2 0 2 0 3 1 2 1 4 0 2 3 4 4 1 2 2 0 4 3 3 2 2
split_gain=0.524384 2.66222 4.87652 8.97342 2.76403 3.77054 9.02876 12.5363 3.13552 2.22068 12.3202 9.75373 5.29279 4.06209 2.47459 2.18506 1.38012 3.70228 5.13539 6.84349 4.64858 3.13993 2.78396 2.6989 1.95299 1.96333 8.56569 16.28 3.44694 6.99951
threshold=0.00094799808881906877 0.0011605118437511084 0.0011693626973298282 0.0010566705318586502 0.0020063374547492079 0.00050489036505818607 0.00075335950477251068 1.1614133538748133 0.001692248873467417 0.44636897921142388 0.0010291889427778147 -0.000441323788024861 0.0013366750208855585 0.49412933901584216 0.0012321490875124052 -0.0038695313738674737 0.00090323009124471121 0.56643537869609428 -0.00095080064415636867 0.0020509558051901027 -0.000323252640313687 0.004482170560911815 1.8136954891686397 1.4006196998005913 0.00086051482639970544 0.0026806830037835465 0.0016177544758340103 0.0014137724193854508 1.6371547559179547 1.7535840715920619
decision_type=2 2 2 2 2 2 2 2 2 2 2 2 2 2 2 2 2 2 2 2 2 2 2 2 2 2 2 2 2 2
left_child=16 4 3 -3 5 15 7 -7 -8 10 11 -4 -12 -11 -15 -2 24 -18 19 21 22 -19 -20 -22 -1 28 27 -27 -26 -30
right_child=1 2 9 -5 -6 6 8 -9 -10 13 12 -13 -14 14 -16 -17 17 18 20 -21 23 -23 -24 -25 25 26 -28 -29 29 -31
leaf_value=0.00033804719760393063 0.069933914485589582 -0.050647009582046099 0.34104091005344445 0.26502813404832776 -0.050650871600396712 0.25958205285691865 -0.020460120916843613 -0.050639524523174551 0.17096540173182498 -0.036098774030790579 0.17699571753346402 0.03809974875549816 0.00070616997506029399 -0.033439138078597157 -0.00063750500827429934 -0.050581509155021354 -0.052903110064294483 0.022405605035925938 -0.05115705394297683 0.19491640956552531 0.029537500747151193 0.15933102736968657 0.099128393561084729 -0.021362967824128127 -0.030969691232418974 0.03342616390765428 -0.029758879185320969 0.42248793408907437 0.16629745634201742 -0.050630991507755164
leaf_weight=2150.1980568600484 0.41084489901550103 0.42808752506971259 0.50514278560876846 0.47481740941293538 5.334964903035142 0.7982969759032128 4.9617860859580105 0.55005351291038096 0.22355794190661971 8.3086184482090157 0.43846117798238893 0.56054344656877464 14.705713366856797 5.8000490949489167 663.53504607628565 4.4489723004007846 2.0566081029901424 4.0556984829017955 4.1126489503658457 0.80323408171534527 11.763868541398539 0.46688779443502415 0.33311422588303674 3.3446921664872216 14.813963495558715 1.7748872534139075 4.5786199741414748 0.31688468134962011 0.68544063443550729 0.81281194172333926
leaf_count=187997 36 37 14 37 623 67 530 53 14 298 44 40 619 497 22426 551 175 211 312 22 732 6 22 221 1153 119 255 23 34 91
internal_value=-5.90785e-05 -0.00123904 -0.00076445 0.115359 -0.0209495 -0.00704196 0.017765 0.133029 -0.0122071 -0.000915561 0.0173735 0.181696 0.00581019 -0.00135305 -0.000921744 -0.0403932 0.000322504 0.0115706 0.0169001 0.060427 0.00504506 0.0365411 -0.0398964 0.0182693 0.000183082 -0.0143151 0.00853818 0.0923655 -0.0236602 0.0486123
internal_weight=2911.6 711.485 694.756 0.902905 16.7285 11.3935 6.53369 1.34835 5.18534 693.854 16.2099 1.06569 15.1442 677.644 669.335 4.85982 2200.12 26.9368 24.8801 5.32582 19.5543 4.52259 4.44576 15.1086 2173.18 22.9826 6.67039 2.09177 16.3122 1.49825
internal_count=217259 25886 24012 74 1874 1251 664 120 544 23938 717 54 663 23221 22923 587 191373 1701 1526 239 1287 217 334 953 189672 1675 397 142 1278 125
is_linear=0
shrinkage=0.05


Tree=157
num_leaves=31
num_cat=0
split_feature=1 1 4 2 2 3 3 4 0 4 0 0 2 2 4 4 1 4 4 2 0 4 0 3 2 2 2 1 3 4
split_gain=0.525249 3.03526 2.76865 4.54625 10.6097 2.68673 6.55524 13.8922 4.88995 2.51863 2.24956 3.40452 2.49859 2.09264 3.16756 3.42114 1.82606 3.82779 3.59937 4.06601 3.49737 3.45997 1.65733 4.00485 1.79817 1.65601 3.77856 1.35811 5.7989 6.10014
threshold=0.00066384126514475964 0.0006420145540456608 0.002560554994997966 0.86406419560910808 0.83167310300835229 0.0018611128150965996 0.0016953271266587635 -0.0013011039673773703 0.00026198274867028642 0.0027442533558837971 -0.00039148888667300813 -0.00034637487216326862 1.1817427378919063 0.46733296760612802 -0.00026319375109551396 -0.00096536523365048355 0.00068082948508530795 0.0020509558051901027 0.0020063374547492079 1.1817427378919063 0.00062332405295628679 0.00072017311968375363 0.00063752341404199619 -1.0000000180025095e-35 1.4006196998005913 0.4089569168275678 0.39534047045370468 0.00069215043900816922 0.002339959602796871 -0.0063762165677795904
decision_type=2 2 2 2 2 2 2 2 2 2 2 2 2 2 2 2 2 2 2 2 2 2 2 2 2 2 2 2 2 2
left_child=1 5 13 4 9 6 10 -8 -9 -4 12 -12 -1 14 15 -3 17 18 19 21 -21 -2 24 -24 -15 26 -7 28 29 -18
right_child=16 2 3 -5 -6 25 7 8 -10 -11 11 -13 -14 22 -16 -17 27 -19 -20 20 -22 -23 23 -25 -26 -27 -28 -29 -30 -31
leaf_value=-0.0070489961438597124 0.048878698810755516 -0.050358592699323745 0.18410440988250051 -0.050969585312104396 0.40797271097521404 -0.0048349270487157425 0.48694070242019943 0.078826224924513064 -0.050368023897423536 -0.0059522954160942786 0.035048635939843351 -0.00035359077627145763 -0.050339047627630341 -0.042823840559878451 -0.051510656367290387 0.20362488323634956 0.29457698866503862 -0.050380727171748678 0.25635809262808462 -0.029907527485547036 0.17252064471621445 -0.0087104387196929901 0.26081429213179319 -0.050286924790656232 0.014066423806556504 -0.030818851347833118 0.25700548983930604 0.00010728552693019276 0.095450167794745772 -0.034598271397032726
leaf_weight=13.851606249954786 10.060241066792523 0.20152593159582466 0.21217122022062473 1.0467575592920182 0.21721935179084528 0.92841159900126402 0.185643894481473 2.6932335350720673 1.0059933199881923 0.97701856947969645 7.0304218608653164 199.43155687415856 4.389423108106711 13.159998810966494 0.53267367259832699 0.38758237130241469 0.14285381545778264 2.0150104488129719 0.16267459630034764 4.4371817014180115 0.22415212763007719 3.5209526724647722 0.16063335177022964 0.29058676183922294 1.552873800101225 10.169279849644225 0.16179346728313249 2621.8583647277555 1.0230210591107596 9.5227978043258172
leaf_count=3741 1317 66 13 106 12 245 11 416 205 113 1706 59982 988 2516 84 32 5 314 13 510 30 373 26 72 375 1723 20 140553 75 1617
internal_value=-5.93593e-05 -0.00221042 -0.0215907 0.0279284 0.0866503 -0.000696264 0.00047822 0.0648735 0.0436922 0.027957 -0.000635104 0.000851922 -0.0174661 -0.0290498 0.0368472 0.116741 0.000150306 0.0150446 0.0222074 0.0201194 -0.0201733 0.0339486 -0.0339246 0.0604644 -0.0368193 -0.0245404 0.0340239 3.4774e-05 -0.0177518 -0.0297332
internal_weight=2911.55 258.586 18.739 2.45317 1.40641 239.847 228.588 3.88487 3.69923 1.18919 224.703 206.462 18.241 16.2859 1.12178 0.589108 2652.97 20.4202 18.4052 18.2425 4.66133 13.5812 15.1641 0.45122 14.7129 11.2595 1.09021 2632.55 10.6887 9.66565
internal_count=217259 72452 3415 244 138 69037 67049 632 621 126 66417 61688 4729 3171 182 98 144807 2557 2243 2230 540 1690 2989 98 2891 1988 265 142250 1697 1622
is_linear=0
shrinkage=0.05


Tree=158
num_leaves=31
num_cat=0
split_feature=1 4 0 1 2 2 2 1 0 2 1 3 3 2 4 4 1 2 0 2 2 2 2 4 2 2 3 4 4 0
split_gain=0.50997 1.14612 0.902163 0.804966 0.75777 0.873242 0.936689 0.650965 0.517519 0.517178 2.79205 4.4661 4.23221 6.29561 3.20353 3.0502 2.70103 1.86874 1.82715 1.79855 4.70405 3.84872 2.77393 2.68467 2.23057 1.73093 4.29677 8.77129 4.84429 1.71595
threshold=0.00023750954286246465 -0.0004216111543280387 -0.00022544248010009091 0.00019978523100136546 0.72790943845145673 0.7314768603638564 0.86102517427814085 7.2314338125082565e-05 -0.00023118356869300524 1.4209356808876568 0.0077728933725198209 -0.0020004109893387851 -0.0018549464122279422 1.5817172982314118 0.008152865070594208 -0.014204142243387006 0.00061269879286287242 2.2805298981407822 -0.0055684417603187866 0.92367666917443292 1.0178777780262387 0.70572545860242986 1.1268574283003734 -0.0046243256775092547 0.59016012503720983 1.3907483709178752 -0.0011173535225041384 -0.0022166198816187528 -0.00061005446254103191 0.0056292144424607846
decision_type=2 2 2 2 2 2 2 2 2 2 2 2 2 2 2 2 2 2 2 2 2 2 2 2 2 2 2 2 2 2
left_child=1 3 7 4 -1 -6 -7 8 -3 18 11 14 13 -13 16 -14 -11 29 19 21 23 24 -22 -21 -2 -20 27 -27 -28 -12
right_child=9 2 -4 -5 5 6 -8 -9 -10 10 17 12 15 -15 -16 -17 -18 -19 25 20 22 -23 -24 -25 -26 26 28 -29 -30 -31
leaf_value=-0.050033056712918127 -0.023421852144224257 -0.050099292980110094 -0.050044886840059859 -0.050110151132564777 0.10782046253115125 -0.050745334454764805 0.026914736639616535 -0.05025516759251656 0.099331278098238801 0.079810323781358647 0.018622202970646231 0.10908810317844608 0.12443780059398751 0.0021701672905647339 0.069713920331904586 -0.0012864380621631704 -0.015116268769271047 -0.012097793445837252 0.0002653421505185165 0.061836269770778308 -0.046492387421911814 -0.04043342718148487 -0.0029457806969582275 0.0049436759001805861 0.021269014218668624 -0.002833278004358555 -0.042227762004926624 0.074587531016388917 0.008448569882578234 -0.0021839082423592937
leaf_weight=0.41570292565302303 5.1196923684328812 0.075085284537635744 2.4286043193278593 0.58864539336354926 0.26975581562146578 0.4693494219973221 2.2477826570975594 0.19411258425679989 0.25376297999173436 0.756105080479755 34.479384489357471 2.1815931639866895 0.48318282142281432 3.7322905096225441 1.1508727893233288 308.11940222427074 84.071177836158313 9.0624018404632789 2348.2444295801397 3.77535630017519 4.9720747508108643 11.212198797613381 13.826684329658745 4.6001558974385279 6.141027158126235 8.0591015011304972 5.6603249108302398 6.6996226431801906 28.262330605299212 13.906667802482842
leaf_count=1116 52 158 7959 876 6 218 466 275 3 57 275 121 6 239 9 22836 4362 122 175017 37 59 122 153 38 55 331 429 276 1462 124
internal_value=-5.88579e-05 -0.0135938 -0.0372174 0.00387609 0.0132157 0.0220184 0.0135 0.022353 0.0652121 -2.65046e-05 -0.00156865 -0.00304731 -0.000286677 0.0416115 -0.013146 -0.00108959 -0.0142701 0.00873959 0.000262151 -0.00923204 -0.000577693 -0.0196969 -0.0144634 0.0305887 0.000950287 0.000458803 0.00979077 0.0323114 -7.26883e-06 0.0126423
internal_weight=2911.46 6.9428 2.95157 3.99124 3.40259 2.98689 2.71713 0.522961 0.328848 2904.52 457.943 400.495 314.516 5.91388 85.9782 308.603 84.8273 57.4485 2446.57 49.6472 27.1743 22.4729 18.7988 8.37551 11.2607 2396.93 48.6814 14.7587 33.9227 48.3861
internal_count=217259 11077 8395 2682 1806 690 684 436 161 206182 28151 27630 23202 360 4428 22842 4419 521 178031 516 287 229 212 75 107 177515 2498 607 1891 399
is_linear=0
shrinkage=0.05


Tree=159
num_leaves=31
num_cat=0
split_feature=2 0 0 2 2 1 1 1 0 2 1 0 4 0 1 0 0 4 0 4 0 1 1 2 2 0 0 3 0 3
split_gain=0.498933 2.05212 3.24091 2.79745 5.78632 7.88594 2.65263 2.85369 10.7016 7.18168 1.99039 3.72718 3.55643 1.96663 1.83455 2.8886 2.05842 1.70719 7.09373 3.74609 1.56315 1.4948 3.61804 1.36817 2.17651 2.17584 3.73886 2.66492 2.04368 4.57408
threshold=0.6783480397728886 -0.00049211452994812877 -0.00047983753887109731 0.49412933901584216 0.5265349087647192 0.0010519463705288997 0.0017098283744817805 0.0018325015259458442 -0.00057505379555294878 0.65761401194942759 0.0034079706170707614 0.0018536320536591824 0.010040602447829118 -0.0031018881020380968 0.0056485277306448922 -0.0019809674069558576 -0.0012260741933558526 -0.0016425959492014639 -0.00044004242715400815 -0.0014609896787287078 0.0019563990954873938 0.0011789060033561471 0.00099641370636736025 0.74206127436356062 0.74934455284873447 -0.0012654610948439891 -0.0012260741933558526 -0.0030072046909129786 -0.002229494556617861 0.0025486233052799405
decision_type=2 2 2 2 2 2 2 2 2 2 2 2 2 2 2 2 2 2 2 2 2 2 2 2 2 2 2 2 2 2
left_child=1 6 3 -3 -5 -6 13 8 9 -8 17 12 -12 -1 15 -9 -16 18 -4 -19 -13 22 -15 28 25 -25 -27 -28 29 -2
right_child=23 2 10 4 5 -7 7 14 -10 -11 11 20 -14 21 16 -17 -18 19 -20 -21 -22 -23 -24 24 -26 26 27 -29 -30 -31
leaf_value=0.11252979650068458 0.0037805867861899992 -0.0510787165631739 0.10465019898529648 0.29486352714915637 0.18021047982204683 -0.052220106425368389 -0.012061297716401499 -0.023832432456967478 0.36327623728691 0.22596291446215211 0.026303703441416006 -0.054266530426920583 -0.011720373598005157 -0.035365260209863102 0.010710461677478314 -0.002048761254261356 -0.037853452071801783 0.057622708914470959 -0.014652819686773256 -0.0010444970743079002 -0.0015825622184549423 -0.034826180592486058 0.018887590761652331 -0.054016524260519762 2.0384035137791606e-05 0.21123378226244938 0.031103392074403859 -0.02152956697789575 0.00262824813617048 0.058509314548468139
leaf_weight=0.2711205398663904 12.591920488514008 0.44497480661084354 1.2834371692151751 0.28653373938868743 0.64854795971768886 0.83447158895432949 2.5946672013960788 22.581321105360985 0.24135702289640804 0.36099081393331278 29.517304311972111 1.4598586037755001 7.7677485775202504 6.6948550652159629 24.110404409933839 46.672116089379415 2.3990710452198973 2.7749060643836847 42.693966969047324 140.05213662153983 39.58904029475525 12.814359372248871 5.6804684243397787 3.2618664936162558 2323.0399631141772 0.18999646184966579 2.9450663733296176 13.113883829180839 158.75848542786844 5.4789986386895171
leaf_count=3 231 54 162 14 76 33 247 816 13 20 399 25 88 2352 244 1870 21 664 5864 27248 613 1820 866 110 157505 8 104 1502 14231 56
internal_value=-5.7285e-05 -0.00171721 0.00075143 0.0609875 0.0891679 0.0494255 -0.00702177 -0.00331864 0.0431511 0.0170099 0.000248317 0.00693824 0.018382 -0.0214149 -0.00487002 -0.00915172 0.00631549 -0.00255701 -0.0111711 9.5315e-05 -0.00345621 -0.0228566 -0.0104623 0.00020084 -0.00011929 -0.0167495 -0.00926836 -0.0118772 0.00444176 0.020374
internal_weight=2911.15 391.774 267.353 2.21453 1.76955 1.48302 124.421 98.9599 3.19702 2.95566 265.138 78.334 37.2851 25.4608 95.7629 69.2534 26.5095 186.804 43.9774 142.827 41.0489 25.1897 12.3753 2519.38 2342.55 19.5108 16.2489 16.059 176.829 18.0709
internal_count=217259 43512 35240 177 123 109 8272 3231 280 267 35063 1125 487 5041 2951 2686 265 33938 6026 27912 638 5038 3218 173747 159229 1724 1614 1606 14518 287
is_linear=0
shrinkage=0.05


Tree=160
num_leaves=31
num_cat=0
split_feature=0 0 2 1 0 4 0 2 0 2 4 4 1 0 3 3 3 0 4 4 4 0 3 0 3 1 1 0 3 4
split_gain=0.494908 2.91859 1.94889 5.11416 1.54009 6.12634 5.00369 7.3358 12.0842 5.44616 6.56729 4.33158 3.5076 2.62572 7.75546 3.70287 17.0361 3.18758 4.9952 26.883 1.9522 1.9408 8.26108 3.81069 1.89138 1.51271 1.33279 3.01309 6.02655 2.9078
threshold=0.00086051482639970544 0.0008817060928276722 1.6371547559179547 0.0016212335158498072 0.00053457309961979515 -0.010349860933211661 0.00057134231361688503 1.9281650958482908 0.00056027799258662203 0.69418942701583874 -0.0072103739624060905 0.019000313049943655 0.002888433374126731 0.00044052054859633488 -0.01335466952210118 -0.00027797642041604837 -0.00025300264951250146 0.00034846623781392699 -0.0029929971542170248 -0.0029153941490066555 -0.014204142243387006 0.00021744008254520611 -0.0050342660976505629 0.00016498627993088991 -0.0019023985269147612 0.000836447987361285 0.0030133310858226655 0.0010001210410848229 0.0033284407825776578 0.019000313049943655
decision_type=2 2 2 2 2 2 2 2 2 2 2 2 2 2 2 2 2 2 2 2 2 2 2 2 2 2 2 2 2 2
left_child=4 2 -2 -4 13 -6 7 12 -9 10 -8 -11 -7 17 -15 24 -17 21 20 -20 -19 23 -23 -1 -16 -3 29 28 -28 -27
right_child=1 25 3 -5 5 6 9 8 -10 11 -12 -13 -14 14 15 16 -18 18 19 -21 -22 22 -24 -25 -26 26 27 -29 -30 -31
leaf_value=-0.00018427706944837126 -0.034971281224754618 -0.050477752530348086 -0.050791987144006692 0.16361397815381876 -0.054040349395129653 0.01368412394941668 0.11600224627861422 -0.050583125844194013 0.3134740605132737 -0.0016110644021056948 0.016300623950510663 0.10711462199742224 0.068542093842484192 0.15866065301705212 -0.0090102101072924747 0.31887039141227091 -0.006113460539929459 0.087562303825867618 0.51727845186294852 0.011842640522867567 -0.032521867838213002 0.066672020123138845 -0.0087194730187832234 0.014065488544705133 -0.039587870674971118 -0.0032698435941585012 0.048399313080929922 0.00052100757809866018 -0.036318617140744872 0.076090553286777787
leaf_weight=1576.8158826426661 9.3201302279121574 1.5284339379068104 0.70646555244456866 0.45871456153690815 4.4416662021540096 26.981612121991937 1.756822451949122 0.39104765839874644 0.5464722637552768 171.54262555122841 27.593466175341746 0.92097383365034957 3.2666575051844111 0.68458231538534065 8.105416850739859 0.40604485536459733 58.846085996177862 0.35361514426767815 0.26397317668306541 77.652477541661938 7.8909477441920881 3.7511017119977614 115.95715865057718 48.355556586262537 13.447502798924686 338.62665604485665 8.2856505159288627 397.95952588925138 2.8115447983145705 1.1581902089528728
leaf_count=132918 751 573 71 12 109 2341 56 55 23 12114 2774 12 57 6 458 50 5502 9 22 7764 523 108 14897 6685 1514 19931 152 7697 51 24
internal_value=-5.64403e-05 -0.00115239 -0.0273495 0.0336165 0.000331405 0.00412939 0.00523828 0.0238778 0.161623 0.00235796 0.0222685 -0.00103046 0.0196085 -0.000140116 -0.008922 -0.0103418 -0.0038864 0.000250718 0.00963885 0.013555 -0.0273714 -0.000212862 -0.00635705 0.000239712 -0.0280885 -0.000786322 -0.000684899 0.0012376 0.0269355 -0.00299934
internal_weight=2910.83 760.855 10.4853 1.16518 2149.97 237.441 233 31.1858 0.93752 201.814 29.3503 172.464 30.2483 1912.53 81.4896 80.8051 59.2521 1831.04 86.161 77.9165 8.24456 1744.88 119.708 1625.17 21.5529 750.37 748.842 409.057 11.0972 339.785
internal_count=217259 29262 834 83 187997 17541 17432 2476 78 14956 2830 12126 2398 170456 7530 7524 5552 162926 8318 7786 532 154608 15005 139603 1972 28428 27855 7900 203 19955
is_linear=0
shrinkage=0.05


Tree=161
num_leaves=31
num_cat=0
split_feature=2 0 0 1 1 2 0 2 2 1 2 3 3 1 0 2 4 1 3 1 1 0 0 1 0 2 3 1 1 3
split_gain=0.494102 1.81842 2.70823 2.47544 2.49571 6.65409 9.69658 2.27835 5.50441 5.69804 1.78674 4.04138 2.22763 1.78572 3.42592 4.99476 3.07067 5.96854 3.31473 1.86353 1.61831 2.96833 2.13334 1.59626 2.85598 1.21602 2.07326 2.68637 2.13612 7.75352
threshold=0.6783480397728886 -0.00049211452994812877 -0.00047983753887109731 0.0017098283744817805 0.0018110461603872516 0.65761401194942759 -0.00081521450469990142 0.49412933901584216 0.51943708244645481 0.0010519463705288997 0.32306602887409641 -0.0039933823194118192 0.0039527278394465579 0.0037121740626717237 0.001692248873467417 0.39534047045370468 -0.011829427218029652 0.0024013732880255006 -0.0039933823194118192 0.0056485277306448922 0.0061176626780651425 -0.0019809674069558576 -0.0031018881020380968 0.0011789060033561471 -0.0014497821924953078 0.74206127436356062 0.0069654535601975107 0.0061176626780651425 0.0023611463919433881 -0.0064138170379786632
decision_type=2 2 2 2 2 2 2 2 2 2 2 2 2 2 2 2 2 2 2 2 2 2 2 2 2 2 2 2 2 2
left_child=1 3 7 10 5 6 -5 -3 -9 -10 11 -1 -13 16 15 -15 17 -4 -18 -16 21 -6 -22 24 -12 26 28 -28 29 -2
right_child=25 2 13 4 20 -7 -8 8 9 -11 23 12 -14 14 19 -17 18 -19 -20 -21 22 -23 -24 -25 -26 -27 27 -29 -30 -31
leaf_value=0.15720320752339276 0.13440497333218959 -0.051025860491974474 0.14729643524362993 -0.050549616573222524 -0.021779123153796976 0.25689528991620852 0.17680332175543445 0.27216768842870726 0.13504885041437384 -0.052089102208481279 0.16043384732558497 -0.050436278388854797 0.10672394021449071 0.10805743749272792 0.0087552166504337673 0.015392113755940049 -0.029681740731062525 -0.0021198100112372834 -0.0014673837141735086 -0.012627111889441637 0.017049416928041111 -0.00073159035879742553 -0.017629980166345521 -0.037547072875483797 -0.014903164301787196 -0.00010259689568131052 -0.034428657072459908 0.010526707760224747 0.012279024089018747 -0.00079719024719065697
leaf_weight=0.44890306654997392 1.0727638169191767 0.42362406349275206 1.0045621905010187 1.6270367992110555 25.640748239587992 0.32462669909000386 0.65890977671369833 0.30438757184310805 0.80517556554696035 0.82205377519130707 0.23714825825300323 1.0394145308382601 0.2879348886781371 1.5379765089601303 19.856960451230407 26.691716566681862 11.039641654147998 1.9970728210173545 182.49558627841907 20.930591141805053 15.933018173091115 48.317910668207332 6.1449284595437339 11.663011195603756 11.234171662821607 2341.6759908519671 7.5546948306728137 5.9327473938465118 70.89603755902499 92.042314010155678
leaf_count=24 39 54 50 166 866 16 50 9 80 34 53 369 17 47 358 285 596 64 33447 216 145 1926 62 1711 2867 159229 158 42 1454 12825
internal_value=-5.69574e-05 -0.00170955 0.000604703 -0.00672752 -0.00317112 0.0450654 0.0149834 0.0539846 0.0770145 0.0405093 -0.0208111 0.0275154 -0.0163443 0.000131269 0.00705028 0.0204406 -0.00229846 0.0478856 -0.00307679 -0.00221737 -0.00448233 -0.00802857 0.00739714 -0.0245216 -0.0112784 0.000199847 0.00418988 -0.0146541 0.00573951 0.000760452
internal_weight=2910.64 391.467 267.909 123.558 98.6472 2.61057 2.28595 2.35524 1.93162 1.62723 24.9106 1.77625 1.32735 265.554 69.0172 28.2297 196.537 3.00164 193.535 40.7876 96.0366 73.9587 22.0779 23.1343 11.4713 2519.17 177.499 13.4874 164.011 93.1151
internal_count=217259 43512 35240 8272 3231 232 216 177 123 114 5041 410 386 35063 906 332 34157 114 34043 574 2999 2792 207 4631 2920 173747 14518 200 14318 12864
is_linear=0
shrinkage=0.05


Tree=162
num_leaves=31
num_cat=0
split_feature=3 3 3 2 1 1 0 0 0 1 4 4 3 3 0 0 2 3 2 3 4 1 0 2 3 3 0 4 4 4
split_gain=0.502089 8.56123 11.123 17.8956 30.2792 31.6444 7.25891 15.7029 4.39481 8.18451 3.15995 7.10964 11.1472 3.03672 5.47193 11.0881 3.32169 15.6377 3.92648 3.03538 3.96351 3.1341 4.77118 3.70416 3.02728 3.46669 3.29844 2.68635 2.42856 10.3974
threshold=0.0001300012769559489 -3.573082311425501e-05 -4.9998750062452128e-05 0.77661458594976129 0.0010776290799406334 0.0021016602980519173 0.00015883700144803117 -1.1187951970303976e-05 -0.0025709280698543164 0.0047069043026143854 0.0089546815055087121 0.0062846387463160189 -0.0021068910234733891 0.00064817513355264211 -0.0025709280698543164 -0.0023838248343276964 0.60119237387647095 0.00063303850979834497 1.0564430534938141 0.00097158977015421321 0.019000313049943655 0.0011693626973298282 0.00020327856641044753 2.1769660155008816 -0.0031136088318373108 -0.0038118670989882859 0.00017055964974121987 -0.0023224757669887959 -0.014204142243387006 -0.01971381338445027
decision_type=2 2 2 2 2 2 2 2 2 2 2 2 2 2 2 2 2 2 2 2 2 2 2 2 2 2 2 2 2 2
left_child=1 2 10 4 -4 -6 7 -5 9 -3 11 27 -13 14 -2 -16 17 -17 -18 20 21 22 -15 -23 25 -12 -26 -1 29 -21
right_child=13 8 3 6 5 -7 -8 -9 -10 -11 24 12 -14 19 15 16 18 -19 -20 28 -22 23 -24 -25 26 -27 -28 -29 -30 -31
leaf_value=-0.0026489980824243716 -0.043940967989842483 0.16777011667099073 -0.050211031705861275 0.027908644282496765 0.78288241458206898 0.10228224901677291 -0.050984839450176657 0.40019519927425684 -0.019174353495747677 -0.021736606167539415 -0.0092906839150272962 -0.0066555513714798304 0.063980974529111376 -0.01343333357447197 0.1895793392365635 0.018169094919537148 -0.0016025714087023906 0.27595772550018949 0.01166490374783527 -0.026839422051726049 0.13163169854794901 -0.017642732297812706 0.01372461992318421 0.069736116775079265 -0.051607303213007542 0.058008686484143326 -0.0055317998193170539 0.0019074101626997547 0.00018763659698154946 0.06844209968791852
leaf_weight=597.25265760174807 5.4425881281495085 0.90990496519952957 0.50559897525817976 1.9040564264578277 0.359916404588148 0.32500823400914669 1.8299800032400524 0.3327458153071351 74.022629741935816 1.5240579508244989 16.083974190521989 11.298300694208594 11.045879067256463 33.755729059797886 0.82648892514407535 16.534924656058141 121.08844242252235 0.60998293169541185 103.37228673623758 5.440722222905606 0.50878392159938712 63.531977695878595 31.046694445212779 1.2364829855505366 8.7722150123445299 2.1719127520918837 6.9709265073761335 705.72903143686563 1079.8512936022307 6.0436226371675712
leaf_count=29825 132 31 253 261 34 12 178 109 12045 26 144 183 273 6309 29 4276 16109 110 10700 84 3 3454 4555 83 140 29 116 72709 54968 79
internal_value=-5.60424e-05 -0.000719182 0.000193055 0.0727806 0.243278 0.459926 0.0228686 0.0832898 -0.0170006 0.049108 -8.76834e-05 0.000298435 0.0282637 0.000594347 0.00564019 0.00675329 0.00612787 0.0273407 0.00450758 -0.000429661 -0.00764936 -0.00819627 -0.00042202 -0.0159746 -0.0151391 -0.00128404 -0.0312055 -0.000181128 0.000430878 0.0233024
internal_weight=2910.33 1441.04 1364.58 5.25731 1.19052 0.684925 4.06678 2.2368 76.4566 2.43396 1359.32 1325.33 22.3442 1469.29 247.875 242.432 241.606 17.1449 224.461 1221.42 130.08 129.571 64.8024 64.7685 33.999 18.2559 15.7431 1302.98 1091.34 11.4843
internal_count=217259 116368 104266 847 299 46 548 370 12102 57 103419 102990 456 100891 31356 31224 31195 4386 26809 69535 14404 14401 10864 3537 429 173 256 102534 55131 163
is_linear=0
shrinkage=0.05


Tree=163
num_leaves=31
num_cat=0
split_feature=1 1 4 4 0 0 1 2 3 2 2 0 0 2 0 0 2 1 1 2 3 4 0 4 1 3 3 3 3 4
split_gain=0.501215 5.42927 3.14086 2.20043 5.85144 15.2797 4.20408 2.02946 3.6732 2.22535 1.23509 3.77051 6.29006 7.91719 1.23639 3.40652 2.53966 0.87209 7.23012 13.9476 10.72 7.82591 20.092 3.82789 5.20778 5.75699 3.78044 8.46642 3.09666 2.66601
threshold=0.0010115772202926147 0.00099641370636736025 0.0054214519975603901 0.0046081204878948298 0.0003563421479308993 0.00044052054859633488 0.00077245641138821779 1.4922611930960608 -0.0007876576434189263 0.5848633075377232 1.1714192073901137 0.00033236027239613724 0.00063752341404199619 1.2638169980252449 -0.00047983753887109731 -0.00050309421860617032 0.6783480397728886 0.001151313989196806 0.0011320823620770341 2.0302233049225218 -0.00017403803690274608 0.0011301972287760533 -0.00077874399744948242 -0.0063762165677795904 0.0010198305172430205 -0.0044223831027156981 0.0016953271266587635 0.0018611128150965996 -0.00099922407572633465 0.0005564367378300129
decision_type=2 2 2 2 2 2 2 2 2 2 2 2 2 2 2 2 2 2 2 2 2 2 2 2 2 2 2 2 2 2
left_child=1 2 3 7 6 -6 -5 9 -9 -1 14 -12 13 -13 15 16 -3 18 23 21 -21 29 -23 24 -2 -26 28 -28 -25 -20
right_child=17 10 -4 4 5 -7 -8 8 -10 -11 11 12 -14 -15 -16 -17 -18 -19 19 20 -22 22 -24 26 25 -27 27 -29 -30 -31
leaf_value=-0.01125822316683495 0.25223903715690077 0.09870411448300484 -0.040499826513929943 0.049950798655052316 0.27621947180340251 -0.0095214703094941774 -0.05091210654796087 0.010912749305903966 -0.021821053797567342 0.0011079045077079107 -0.050672709355581547 0.28080086181424119 -0.050622701653310148 0.01586766704287404 -0.05061789992278104 0.17875412539226979 -0.05047736098021112 1.4287218859288676e-05 0.010615955085233851 0.49807305814596736 0.084878718648379745 0.32861510583967979 0.039211848386368833 0.0076582658509006269 0.13492584641258668 -0.050861342732890807 0.085651446918193999 0.0045436410775030432 -0.011123956251945155 -0.050790246869451765
leaf_weight=39.172092236847675 0.32289771735668127 0.33520592213608402 4.8869936043629414 1.9261990485683771 0.76017272239550937 1.2166491107782347 2.2282048147171736 12.525669932452727 27.139187940512784 510.51923888223246 2.675160482292994 0.45209960360080026 1.082514123059809 0.74946568685118109 7.7476962163345879 0.21796153020113607 1.9158166497945783 2135.0185486061964 10.613558958168147 0.27337954682298005 0.3686544478405257 0.65906014572828997 6.6621873166877768 30.87264696857892 0.76024840259924542 0.92344564176164534 3.6559873635415014 26.824520646361634 75.890547335031442 2.1207607779651871
leaf_count=17327 9 68 598 224 34 147 188 1743 7660 87122 253 26 105 58 945 19 238 86898 980 27 30 55 458 3064 25 84 263 1628 6835 148
internal_value=-5.87476e-05 -0.00132568 -0.000579101 -0.000251483 0.0295476 0.100358 -0.00414679 -0.00056149 -0.0114841 0.00022667 -0.0308611 -0.0103877 0.0367949 0.115551 -0.0407989 -0.00998696 -0.0282623 0.000281066 0.00384208 0.0314156 0.260818 0.0240718 0.065264 -0.000256328 0.0683033 0.0330283 -0.00125871 0.0142721 -0.00569271 0.000389428
internal_weight=2910.52 615.55 600.374 595.487 6.13123 1.97682 4.1544 589.356 39.6649 549.691 15.1759 4.95924 2.28408 1.20157 10.2167 2.46898 2.25102 2294.97 159.948 20.6976 0.642034 20.0556 7.32125 139.25 2.00659 1.68369 137.244 30.4805 106.763 12.7343
internal_count=217259 116755 115043 114445 593 181 412 113852 9403 104449 1712 442 189 84 1270 325 306 100504 13606 1698 57 1641 513 11908 118 109 11790 1891 9899 1128
is_linear=0
shrinkage=0.05


Tree=164
num_leaves=31
num_cat=0
split_feature=2 3 3 2 1 0 3 1 1 1 1 1 1 1 0 4 2 2 2 1 2 4 4 2 0 3 3 4 2 3
split_gain=0.495427 1.4067 2.52967 2.78974 3.79436 2.45676 2.08801 2.70002 10.2206 1.58474 0.981863 2.6656 1.43937 2.28129 1.55277 1.25745 0.598866 2.66705 2.74695 5.66338 2.86354 6.48188 3.39822 2.13162 3.00982 2.10881 10.5114 17.8213 5.10492 8.64719
threshold=0.34453880725394309 0.0030906884402587269 0.0046378874756184416 0.26703597801559081 0.0024013732880255006 -0.0011899092128491715 0.00956645831309 0.0047069043026143854 0.0041264509327124518 0.00055322937678937512 0.0021016602980519173 0.0020713887701186992 0.0013244202781700204 0.001791124272628825 -0.0025709280698543164 -0.01971381338445027 0.54038694474353488 0.51943708244645481 0.50260765782268979 0.0077728933725198209 0.49412933901584216 -0.00061005446254103191 -0.0035390798218613013 0.55399626424720017 -0.0031018881020380968 0.0011109196965845005 -0.00048657225790005304 0.0030241742757896044 0.53378966907463865 0.013009805624824901
decision_type=2 2 2 2 2 2 2 2 2 2 2 2 2 2 2 2 2 2 2 2 2 2 2 2 2 2 2 2 2 2
left_child=1 10 3 4 9 -5 -4 8 -8 -3 11 12 14 -14 -1 -12 17 18 20 -20 22 -22 -2 24 -18 26 -19 -28 -27 -30
right_child=16 2 6 5 -6 -7 7 -9 -10 -11 15 -13 13 -15 -16 -17 23 25 19 -21 21 -23 -24 -25 -26 28 27 -29 29 -31
leaf_value=0.082382748556648872 0.017699757747091656 0.1099013098274334 -0.051583505544003865 0.07335909131467859 0.19208206680706583 -0.05134953504976722 -0.050633168030584041 -0.05209486979609234 0.35865245276183511 -0.05088783060436728 0.027083812826794451 0.15534908045143064 0.044116715180326033 -0.050834437561658653 -0.033646943613376841 -0.050683595487175284 0.05128708047202795 0.0021116139070052721 -0.026724095344138488 0.1471365824200444 -0.022389111730614142 0.071192835645267794 -0.0054697663727891789 -6.4631093245941145e-05 -0.026316883469308463 -0.029627991031419994 0.039937641786856215 0.26562637720558496 0.0072743961252585204 0.19503077863599982
leaf_weight=0.30447387881576915 20.897788497299189 0.26424646311352196 1.9108153558918277 0.69663422554731369 0.6043858197517693 0.91183777736296157 0.41262223361991324 0.51825344190001488 0.24198917718604207 0.36480822693556547 0.61758421827107701 0.2420497518032797 2.0822445715311919 0.90862699039280403 5.4424014580799858 3.282881755847483 1.3776881601661433 12.690628957549054 13.767143474346081 0.4848935008049019 3.1748986046732171 4.4352988118989733 65.200819520636287 2740.4997770039627 13.420870034140533 6.2227492627716838 4.3796115056684384 1.092994231265038 3.2436496042573713 0.75619724392890919
leaf_count=3 999 13 168 9 18 74 46 18 8 42 17 12 243 92 4010 341 16 893 1711 4 313 535 9216 195110 1679 368 1050 55 191 5
internal_value=-5.93693e-05 -0.00814857 0.0120128 0.0460431 0.102614 0.00266216 -0.0193494 0.0331661 0.100667 0.0166547 -0.0174239 -0.00832561 -0.0128597 0.0152705 -0.0274996 -0.0383702 -6.76101e-06 0.00322787 -0.000357889 -0.0208089 0.00275247 0.0321514 0.000153923 -0.000166827 -0.0190923 0.0168657 0.0270897 0.0850124 -0.00130008 0.042771
internal_weight=2910.45 18.8059 5.92559 2.84191 1.23344 1.60847 3.08368 1.17286 0.654611 0.629055 12.8803 8.9798 8.73775 2.99087 5.74688 3.90047 2891.65 136.347 107.961 14.252 93.7088 7.6102 86.0986 2755.3 14.7986 28.3858 18.1632 5.47261 10.2226 3.99985
internal_count=217259 5114 396 156 73 83 240 72 54 55 4718 4360 4348 335 4013 358 212145 15340 12778 1715 11063 848 10215 196805 1695 2562 1998 1105 564 196
is_linear=0
shrinkage=0.05


Tree=165
num_leaves=31
num_cat=0
split_feature=1 1 0 4 1 0 3 3 3 4 2 4 0 0 4 4 3 3 3 4 0 0 3 3 2 4 2 2 1 4
split_gain=0.477112 2.57177 2.14155 5.3643 1.7738 2.94233 3.67441 13.4924 15.7443 4.47213 2.37135 2.64744 1.73731 3.20057 5.1992 14.6239 7.58873 2.826 4.80577 4.51397 2.74843 4.16823 6.77991 3.75925 3.49345 2.05718 0.709742 3.22492 9.12374 12.7909
threshold=0.00053453280038740175 0.00052962154439025486 0.00044052054859633488 0.00092333415082468406 0.00054047326974703382 0.00034063920690352584 0.00059792604451391906 0.00093027732103045946 0.00082894864365257181 0.00031337216352611558 0.80910412059699277 -0.00084107350490236754 9.6607541631210672e-05 7.717170826904153e-05 0.0012394102977167922 0.0017584860273698324 -0.0010913887625477734 0.00036129859506206513 0.00064817513355264211 -0.00065365762886582235 0.00034063920690352584 0.00044052054859633488 -9.9485595130843749e-05 0.0030906884402587269 0.29742616521594717 -0.0015297224196015866 1.0606706014816532 1.0732695933620915 0.00065724613867885128 -0.001331878632670813
decision_type=2 2 2 2 2 2 2 2 2 2 2 2 2 2 2 2 2 2 2 2 2 2 2 2 2 2 2 2 2 2
left_child=1 12 -3 -4 5 6 10 8 -8 -9 -2 -12 13 17 16 -16 -15 19 -19 -1 23 22 -22 25 -23 -14 -6 28 29 -28
right_child=4 2 3 -5 26 -7 7 9 -10 -11 11 -13 20 14 15 -17 -18 18 -20 -21 21 24 -24 -25 -26 -27 27 -29 -30 -31
leaf_value=-0.012492765182013442 -0.050353608747264827 -0.050334675407184351 -0.050424870412316747 0.3360485673537339 -0.00070188575544175057 -0.050664745718451525 0.0922248280793172 0.22200750989869628 0.63375106168055684 -0.050517961208905671 0.084234913498146324 -0.012921424757727252 0.022594945405159439 0.14089509556864138 0.41747778216611381 -0.050310274534324975 -0.028395412893794721 -0.050192333776450881 0.0015941598378218002 0.016029415158609631 0.094593826852646556 0.080854559502302067 0.001355067802561765 0.19768423882680486 -0.040415322214626646 -0.022824206886752206 0.40107128608718723 0.00044584122381173698 0.0092706428528777501 0.062851749319552605
leaf_weight=21.522982111047895 1.0341798550798551 4.2102526839589691 0.29384070588275779 0.12929476576391608 1522.3451103848638 1.0453688462730495 0.34877985389903177 0.18263581255450823 0.21818760223686695 0.85648676997516304 1.4795777215622363 1.3327670063590633 2.7255045082274583 0.93138780342997129 0.32061417000659265 0.34886924612510484 2.2885533739390658 6.7339676144838476 13.383726538326298 39.021945130240056 2.7554268172534639 0.67512267413985583 6.6677710802832726 0.20151832462579378 4.9342221614060691 29.232622457297115 0.33219678793102536 1205.223787936673 37.604864015709609 1.7635290061589319
leaf_count=7837 199 777 48 20 98415 148 37 10 13 98 136 202 792 74 94 93 1069 3265 4626 16782 579 113 1740 35 1710 13216 38 63105 1807 181
internal_value=-5.84552e-05 -0.00294572 -0.0395584 0.0676673 8.35027e-05 0.0261765 0.0409084 0.104428 0.300622 -0.00261898 0.014386 0.0381926 -0.00165807 0.00263152 0.0469327 0.173712 0.0205729 0.000495392 -0.0157403 0.00589013 -0.00934353 0.00830533 0.0286189 -0.0175932 -0.0258197 -0.0189507 2.22323e-05 0.000907714 0.0149292 0.116463
internal_weight=2910.15 136.378 4.63339 0.423135 2773.77 6.49798 5.45261 1.60609 0.566967 1.03912 3.84652 2.81234 131.744 84.552 3.88942 0.669483 3.21994 80.6626 20.1177 60.5449 47.1922 15.0325 9.4232 32.1596 5.60934 31.9581 2767.27 1244.92 39.7006 2.09573
internal_count=217259 52870 845 68 164389 843 695 158 50 108 537 338 52025 33840 1330 187 1143 32510 7891 24619 18185 4142 2319 14043 1823 14008 163546 65131 2026 219
is_linear=0
shrinkage=0.05


Tree=166
num_leaves=31
num_cat=0
split_feature=3 3 3 1 1 0 4 4 0 2 1 2 0 0 4 3 3 3 3 2 3 4 4 4 3 3 3 3 0 4
split_gain=0.493829 7.80024 8.72674 13.049 24.9903 10.1735 9.14703 5.55564 4.00546 4.11819 3.13012 3.61394 2.95893 8.95886 13.1395 4.14412 14.3985 3.7066 3.13153 2.91038 11.8967 3.57245 2.87054 6.30781 6.23051 2.85288 2.83881 3.76275 3.20092 2.82574
threshold=0.0001300012769559489 -3.573082311425501e-05 -4.9998750062452128e-05 0.0010776290799406334 0.0013244202781700204 0.00056027799258662203 -0.001929242926722585 0.00080730600376166539 -0.0018761141711735594 1.0905923805387252 0.0047069043026143854 0.86102517427814085 -0.0025709280698543164 -0.0023838248343276964 -0.0036444953256142827 0.0041574419235193014 0.0032026155008847428 0.00059792604451391906 0.00064817513355264211 0.60119237387647095 0.00047153526834553544 -0.0060112714880743981 0.0089546815055087121 0.0066320622130331417 -0.0021068910234733891 0.00071514191192922915 -0.0031136088318373108 -0.003655689453122057 0.00017055964974121987 -0.0024959417497272258
decision_type=2 2 2 2 2 2 2 2 2 2 2 2 2 2 2 2 2 2 2 2 2 2 2 2 2 2 2 2 2 2
left_child=1 2 22 6 5 -5 -4 -6 9 10 11 -3 17 14 -14 16 -16 -2 19 20 -15 -21 23 -1 -25 -20 27 -24 -28 -19
right_child=12 8 3 4 7 -7 -8 -9 -10 -11 -12 -13 13 18 15 -17 -18 29 25 21 -22 -23 26 24 -26 -27 28 -29 -30 -31
leaf_value=-0.00015813738179609781 -0.052845348427194405 0.10949195858607133 0.42841878571260344 0.482123988490467 0.10130356738569202 0.11917811200169026 -0.050354152643655128 -0.051545259247602462 -0.019190879281270175 0.1068649955358211 -0.054940106107391341 -0.051635402955003962 0.21436086283005476 -0.0059621029459883471 0.008511445272716427 -0.030106345759709885 0.23930981418256511 0.016984485887763624 -0.015916843528364321 0.049873390792933771 0.079407064316690937 0.0035399382685072922 -0.009373006976057462 -0.00032627192860044149 0.057781623381155736 8.7485041195534201e-05 -0.051077167044637363 0.061947522864112065 -0.0052110181346349078 -0.011677814062243988
leaf_weight=1307.8686378715138 4.6716319783590725 0.92884661536663704 0.10438605520175803 0.56273283949121866 1.6360068018548193 0.29392131697386503 2.2516029451871864 0.93383726757019747 70.996651081335585 1.2579856268130241 1.4071858553215859 0.55650311382487416 1.115563523955643 11.047975569192205 3.2164571145549408 2.0542524254415184 0.8554920395836233 10.463593301363288 28.550054724881193 4.240196968894451 6.4714207033102857 220.57887850179395 16.165889846161011 9.0553739555180091 9.4036281673907052 1127.6597217046619 8.4305916583689378 2.0882227979600421 6.9313489878550163 48.256626648362726
leaf_count=102637 123 39 17 35 73 20 662 40 11979 39 23 22 21 3079 100 41 20 167 3363 138 1307 26671 147 139 214 65145 140 26 116 716
internal_value=-5.88261e-05 -0.000716534 0.000146416 0.0614403 0.123722 0.357596 -0.0291413 0.0457609 -0.0163998 0.031343 -0.00150213 0.0491238 0.000586208 0.0010627 0.056532 0.0277918 0.0570008 -0.00998058 0.000775477 0.00594341 0.0255721 0.00441381 -0.000114206 0.000251506 0.0292758 -0.000307707 -0.0145434 -0.00121412 -0.0303822 -0.00657036
internal_weight=2910.06 1440.87 1365.73 5.78249 3.4265 0.856654 2.35599 2.56984 75.1472 4.15052 2.89254 1.48535 1469.18 1405.79 7.24177 6.1262 4.07195 63.3919 1398.55 242.338 17.5194 224.819 1359.94 1326.33 18.459 1156.21 33.6161 18.2541 15.3619 58.7202
internal_count=217259 116368 104266 847 168 55 679 113 12102 123 84 61 100891 99885 182 161 120 1006 99703 31195 4386 26809 103419 102990 353 68508 429 173 256 883
is_linear=0
shrinkage=0.05


Tree=167
num_leaves=31
num_cat=0
split_feature=2 3 3 3 1 1 0 0 0 0 2 0 0 1 3 0 4 2 4 1 0 2 4 4 3 2 1 2 4 3
split_gain=0.489638 1.32726 3.33414 1.68996 1.87043 5.72631 1.03973 6.29912 1.35951 3.36857 0.523877 3.56806 10.2687 4.98594 7.88332 2.7676 2.4311 2.42875 5.20915 10.6701 4.96973 2.75201 5.40613 18.3582 3.33565 2.26724 5.18819 2.83985 1.7109 1.34771
threshold=0.34453880725394309 0.0012688419928289509 0.001326158826527313 0.0024764714389029501 0.0047069043026143854 0.0039742893044935985 0.00051322401142950291 0.00050251723540917237 -0.0003158033247315783 -0.0003228462122910058 0.47686712789713726 -0.0019809674069558576 -0.0017869309056413594 0.0031603808871875599 -0.00072968304712034404 -0.0015057489717635872 -0.00093919311833573482 0.49412933901584216 -0.0035390798218613013 0.0010865319627061303 -0.00029736336443114681 0.50260765782268979 -0.00061005446254103191 -0.0005442461976049583 0.0032026155008847428 0.51943708244645481 0.0061176626780651425 0.54038694474353488 0.008152865070594208 -0.01335466952210118
decision_type=2 2 2 2 2 2 2 2 2 2 2 2 2 2 2 2 2 2 2 2 2 2 2 2 2 2 2 2 2 2
left_child=1 6 -3 -4 5 -5 7 8 9 -1 11 28 13 14 -13 -14 -17 18 19 -12 -21 22 24 -24 -19 26 -23 -27 29 -2
right_child=10 2 3 4 -6 -7 -8 -9 -10 -11 17 12 15 -15 -16 16 -18 21 -20 20 -22 25 23 -25 -26 27 -28 -29 -30 -31
leaf_value=-0.015252456680462219 -0.0029598248850489072 0.1240404784226919 -0.050455809591591599 0.00067360666353676643 -0.05195676722094629 0.14984383223101025 -0.050587146442030086 0.17631698962721751 -0.050245036243571198 0.19520689204639577 0.34716773924361066 0.084321867666392547 -0.05217102801730307 0.037883439870713527 0.42465425335452989 0.020111257100912307 -0.00051266083092607964 -0.036427205663567067 -0.037980221381342799 0.071657334294304709 -0.053265387634281791 -0.028707482929493142 0.60390210817674417 0.045277990378965439 0.1599337833652556 0.015619990641390495 0.088860377166176133 -0.00015669710587920115 0.024699598346347891 -0.05431862884734049
leaf_weight=3.9491621827255585 1.8019496826454995 0.55794020152825297 1.491494161899025 5.1361066015961114 1.0901153488084672 0.73548206267878402 2.2741653642879101 0.41918193968012918 2.7925946974282869 0.1997457544930511 0.25022945471573566 0.3698096857406199 2.0341626658337182 0.54139664396643639 0.31516584940254577 22.666358487047546 38.660824375561788 2.8751570195017853 10.703713509639782 1.5644461465999491 1.6211252892389887 12.953150126879335 0.15194990328745905 4.5814478826505356 0.23386927600949992 28.82200705797004 1.0116690024733532 2754.712191955754 1.253076000139117 4.3874984350550212
leaf_count=943 21 24 463 435 42 26 428 14 2719 20 42 24 111 10 16 2404 5762 305 1529 49 68 1707 13 522 8 2562 8 196805 22 157
internal_value=-5.99368e-05 -0.00813636 0.00565755 -0.00215614 0.00819172 0.0193588 -0.0210373 -0.0119076 -0.023274 -0.00512006 -7.85575e-06 0.0042028 0.00798038 0.151283 0.240913 0.00520672 0.00710988 -0.000115427 -0.020786 0.0327801 0.00808463 -1.12427e-05 0.0295663 0.0632107 -0.0216564 -9.41595e-05 -0.0201904 6.66205e-06 -0.0285798 -0.0393664
internal_weight=2910.16 18.646 9.01114 8.4532 6.9617 5.87159 9.63485 7.36068 6.9415 4.14891 2891.51 72.0302 64.5877 1.22637 0.684976 63.3613 61.3272 2819.48 14.1395 3.4358 3.18557 2805.34 7.84242 4.7334 3.10903 2797.5 13.9648 2783.53 7.44252 6.18945
internal_count=217259 5114 990 966 503 461 4124 3696 3682 963 212145 8527 8327 50 40 8277 8166 203618 1688 159 117 201930 848 535 313 201082 1715 199367 200 178
is_linear=0
shrinkage=0.05


Tree=168
num_leaves=31
num_cat=0
split_feature=2 0 1 0 1 2 0 2 2 1 1 1 4 1 0 1 3 4 3 4 1 0 4 2 4 2 2 0 4 3
split_gain=0.508619 1.69706 2.36919 2.17826 2.14988 4.39908 7.65393 1.81883 4.60365 4.41392 1.65487 3.78752 3.99118 1.54573 2.97737 2.27581 2.21286 1.79178 6.29521 2.98012 1.53041 3.04837 2.08996 1.21195 8.76194 1.09824 1.98225 2.06508 2.22241 3.42183
threshold=0.6783480397728886 -0.00049211452994812877 0.0017098283744817805 -0.00047983753887109731 0.0018110461603872516 0.65761401194942759 -0.00081521450469990142 0.49412933901584216 0.50260765782268979 0.0010519463705288997 0.0011789060033561471 0.00099641370636736025 0.0014505353506093501 0.0034079706170707614 0.0025466717849672586 0.0049665919907213871 -0.0058651521522701247 0.0023324180788263375 0.00956645831309 0.005948845490630795 0.005268957745367479 -0.0019809674069558576 -0.014204142243387006 0.4089569168275678 0.002140125149860395 0.74206127436356062 0.74934455284873447 -0.0012654610948439891 0.014046758246105242 -0.0039933823194118192
decision_type=2 2 2 2 2 2 2 2 2 2 2 2 2 2 2 2 2 2 2 2 2 2 2 2 2 2 2 2 2 2
left_child=1 2 10 7 5 6 -4 -3 -9 -10 11 -1 -13 17 16 -16 -15 18 -5 -19 21 -6 -22 24 -12 -2 27 -27 29 -29
right_child=25 3 4 13 20 -7 -8 8 9 -11 23 12 -14 14 15 -17 -18 19 -20 -21 22 -23 -24 -25 -26 26 -28 28 -30 -31
leaf_value=-0.034656329132102245 0.0039869810480593687 -0.050975270199365354 -0.050529042797399351 0.00025667792239399568 -0.025693384996163433 0.19108172538064822 0.14173468038789999 0.23415310526620348 0.10634624675339924 -0.051997758819578833 -0.050591406348541125 0.043555119719809007 -0.050423964477512885 -0.005345738157031355 0.014353014123972517 -0.014741051328152297 0.019889852727056512 -0.018995932502593488 0.36153258907387986 0.0065934173877851311 -0.015038305178913343 -0.0017976257571351878 0.013174010195388695 -0.040543868536710548 0.22239824526127092 -0.053664931015173868 4.5358638799779622e-05 0.046429838703549178 0.054043616677126906 -0.023887209487475122
leaf_weight=6.39116653329984 178.01063222916127 0.3993799317395309 1.5457036560401325 134.99990955913381 18.865221539745107 0.41227218508720387 0.7782826526090495 0.33913119928911362 0.95090843798243418 0.81931504653766751 1.4850630495930079 4.5936778148170561 1.4982000115560365 11.438168541062621 9.6390088086482155 22.207046799827367 36.115756916347891 33.933457807055674 0.12068686075508495 17.1169408626738 9.384305795188995 45.623244452988729 21.846483832690865 10.160720674786715 0.36646561976522196 3.0714935127180096 2321.7386866349916 1.9998093405738497 1.2889591306447972 12.829368634091223
leaf_count=2354 14518 54 166 29002 777 16 50 4 84 35 206 654 213 153 228 245 499 4015 3 918 98 1898 226 1561 53 110 157505 53 10 1551
internal_value=-5.9466e-05 -0.00173721 -0.00660106 0.000493523 -0.00313907 0.0405606 0.0138584 0.0468655 0.0653904 0.0330597 -0.020516 -0.00776745 0.0204425 5.5467e-05 0.00589654 -0.005935 0.0138199 -0.00243569 0.000579362 -0.010416 -0.00438828 -0.008788 0.0046967 -0.0337643 0.00344034 0.00020098 -8.69175e-05 -0.0160909 -0.00893075 -0.0144045
internal_weight=2909.97 391.031 122.951 268.08 98.4555 2.73626 2.32399 2.50873 2.10935 1.77022 24.4953 12.483 6.09188 265.571 79.4 31.8461 47.5539 186.171 135.121 51.0504 95.7193 64.4885 31.2308 12.0122 1.85153 2518.94 2340.93 19.1896 16.1181 14.8292
internal_count=217259 43512 8272 35240 3231 232 216 177 123 119 5041 3221 867 35063 1125 473 652 33938 29005 4933 2999 2675 324 1820 259 173747 159229 1724 1614 1604
is_linear=0
shrinkage=0.05


Tree=169
num_leaves=31
num_cat=0
split_feature=0 1 1 4 0 3 2 1 4 1 4 4 0 0 0 0 2 3 4 0 2 2 3 0 1 2 3 0 0 2
split_gain=0.496651 2.47653 3.46895 6.16378 2.90895 4.62694 2.43169 1.69509 5.58792 4.53638 1.3653 5.66769 6.77405 5.99603 5.6895 3.96431 4.42805 4.08228 3.95457 3.88916 3.301 2.90074 2.6129 2.5866 4.26625 6.10754 2.50842 8.47744 2.66801 2.34743
threshold=0.00094799808881906877 0.00093395098625217077 0.00096406273243792261 0.0005932801406505207 0.00097340592016104132 -0.0041984807775662372 1.8838968307611406 0.0010519463705288997 -0.0037597030781724157 0.0010682912410720305 -0.0092932796566774205 -0.0063762165677795904 0.00081824910150718477 0.00086051482639970544 0.00034846623781392699 -0.004194376370928842 1.7535840715920619 -0.0047037676980598566 -0.01971381338445027 -0.0055684417603187866 1.7535840715920619 0.68631237630519693 -0.0071885548372976329 -0.0031018881020380968 0.0047069043026143854 1.6569826716253035 0.0027128541023933033 -0.002229494556617861 0.00053457309961979515 1.9737253054541604
decision_type=2 2 2 2 2 2 2 2 2 2 2 2 2 2 2 2 2 2 2 2 2 2 2 2 2 2 2 2 2 2
left_child=10 -2 3 -3 5 -4 -7 8 -6 -9 15 12 14 -14 20 17 26 22 -19 -20 -12 -16 -1 -13 -25 -26 28 -28 -17 -18
right_child=1 2 4 -5 7 6 -8 9 -10 -11 11 23 13 -15 21 16 29 18 19 -21 -22 -23 -24 24 25 -27 27 -29 -30 -31
leaf_value=0.0038690206594365235 -0.050714340039489415 0.19619442011169266 0.10533288400940968 -0.050702056774471899 0.24400607161643101 -0.03737301805942321 0.10004346554537387 0.10932750698360594 -0.050583712455229184 -0.00072348010133711207 0.017969908716999515 -0.0072332911440856898 0.18691112817123159 0.025257467176277644 0.017127033445469047 -0.012289442924029429 0.076506702072126856 -0.024452190953440509 0.0034425012906409052 0.096310422064123755 -0.016083696144390536 -0.051740602411448101 -0.040229826463640539 4.7193952324086696e-05 0.0085930036055580274 0.06941064192016691 0.10875672497983563 -0.0200886826844986 -0.045820755242489526 -0.00039689505742779145
leaf_weight=56.436511521227658 2.5171498331583271 0.59075091057456919 0.63637747522443611 0.44186895655002445 0.16939806169830296 10.816995178232895 0.33181204600259739 0.93767172773368557 3.2368138008750966 691.03239517554175 71.928890037364908 113.17472786596045 1.0342538882978254 1.287996088620275 2.1705097015947095 82.442775145638734 2.1589515404775734 1.6587839201092718 1.7116785384714597 3.3024760438129301 7.8977548656985155 5.1736952769570053 3.5715602030977598 1752.8831058652722 73.446561015676707 4.3739055851474395 1.8219653181731699 4.2652764467056832 6.3923139395192257 1.8362700426951049
leaf_count=585 598 31 25 44 12 672 37 88 341 24038 2846 1849 32 52 109 2282 52 23 22 44 272 222 56 181653 873 73 22 78 175 53
internal_value=-5.82337e-05 -0.00120728 -0.00103131 0.0905448 -0.00116503 -0.0257982 -0.0332832 -0.000747553 -0.0359331 -0.000574353 0.000313139 0.000668683 0.0129715 0.0972527 0.0107262 -0.00405256 -0.0104043 0.00536982 0.0424692 0.0646082 0.0146008 -0.0313874 0.00124435 0.000102281 0.000555769 0.0120113 -0.0125746 0.0184759 -0.0147023 0.0411605
internal_weight=2909.68 710.711 708.194 1.03262 707.161 11.7852 11.1488 695.376 3.40621 691.97 2198.97 2033.37 89.4931 2.32225 87.1708 165.599 98.9176 66.681 6.67294 5.01415 79.8266 7.3442 60.0081 1943.88 1830.7 77.8205 94.9223 6.08724 88.8351 3.99522
internal_count=217259 25886 25288 75 25213 734 709 24479 353 24126 191373 187981 3533 84 3449 3392 2662 730 89 66 3118 331 641 184448 182599 946 2557 100 2457 105
is_linear=0
shrinkage=0.05


Tree=170
num_leaves=31
num_cat=0
split_feature=4 2 4 0 2 2 3 1 4 0 0 1 0 1 2 1 2 0 0 3 2 4 3 2 3 4 3 4 3 1
split_gain=0.514246 1.97156 1.92004 7.46462 3.4423 5.75698 4.91613 2.28532 1.49724 1.49531 5.72379 1.46787 7.25585 2.43211 1.39349 5.02757 27.5864 2.34811 1.27942 2.07764 3.02304 4.70108 1.8563 1.87144 1.33691 4.00644 9.66969 3.45934 2.0107 2.53688
threshold=2.9151544804650879e-05 0.22869835620335524 0.00010103508346359648 -0.00027260952661128929 1.2447947612931811 1.0692741409584077 -0.00037778313642816691 0.0003208030935465211 1.0000000180025095e-35 -0.0013975087281578034 -0.0016332728877958556 0.0003531683110917755 -0.00024535606503339741 0.00038966051746484827 1.1361684907136829 0.00049949038925904503 1.1664517135800196 -0.000646136628681515 0.0056292144424607846 0.00095032863838062653 0.80610741212284609 -0.0033391057645187345 -0.01335466952210118 1.1224470609439463 -0.003655689453122057 -0.0026263371166451162 -0.0039933823194118192 -0.0033391057645187345 -0.0033586357530174245 0.00064654352769614738
decision_type=2 2 2 2 2 2 2 2 2 2 2 2 2 2 2 2 2 2 2 2 2 2 2 2 2 2 2 2 2 2
left_child=8 -2 3 9 5 -5 -6 -4 18 10 -3 12 -9 -13 -10 16 -16 -17 24 22 -21 -22 -20 -24 25 27 -27 -1 29 -26
right_child=1 2 7 4 6 -7 -8 11 14 -11 -12 13 -14 -15 15 17 -18 -19 19 20 21 -23 23 -25 28 26 -28 -29 -30 -31
leaf_value=0.0014125280869444437 -0.05058500157073266 -0.05175212633260478 -0.033071991195111561 0.036694837279436475 -0.051302974349428598 -0.037193664353768065 0.082460397289992826 0.14761140268022307 -0.050500487364981854 -0.041677558295488693 0.15697395757852337 -0.032508779595574903 0.0031390587515533054 0.00051285941402473784 1.6618711717141961 0.098342964259700114 -0.050158710877564655 -0.050685319482921681 0.0048866098479349767 0.058337964044336048 -0.053828272749112407 0.062930996348833215 -0.048711130973239147 0.00040712743541162881 0.14027248233328937 0.0057915433420701653 0.071478583873962914 -0.023936773773120496 -0.0010829428935736254 -0.017152736705136677
leaf_weight=298.92545481550042 1.8823928696874634 1.0379681796766815 5.085917970576701 9.7136545265966578 0.80146896217775054 3.6181576142989789 4.8048800721880971 1.0048500690609214 2.8858396856739992 5.5695060775469782 0.48049814952537406 5.5964637090801252 6.4320911582908584 1527.7645438364416 0.029204144389950559 0.33323063841089595 0.12109223434526939 1.2780466713011263 3.9830514565110215 2.1765467897057524 2.6078469119966035 1.2878192402422426 7.2342246337793767 2.6494559049606323 0.25861002551391976 31.917833053150389 6.7954830417875192 14.093161188997327 934.58742178629473 24.531182696809992
leaf_count=8567 902 51 9011 1701 67 357 438 220 591 727 26 2476 2288 90582 13 19 81 129 37 25 41 22 93 32 46 1028 355 624 95260 1450
internal_value=-5.75265e-05 0.000554862 0.000616103 0.0140839 0.0304656 0.016642 0.0633379 0.000389364 -0.000779078 -0.0296862 0.0142964 0.000499814 0.0226596 0.000392337 -0.0291095 0.00593355 0.282506 -0.0198646 -0.000680161 -0.0132505 0.0111398 -0.0152303 -0.023931 -0.0355443 -0.000488994 0.00214789 0.0173218 0.000271216 -0.00145574 -0.0155105
internal_weight=2909.49 1573.79 1571.91 26.0261 18.9382 13.3318 5.60635 1545.88 1335.7 7.08797 1.51847 1540.8 7.43694 1533.36 4.64741 1.76157 0.150296 1.61128 1331.05 19.9389 6.07221 3.89567 13.8667 9.88368 1311.11 351.732 38.7133 313.019 959.377 24.7898
internal_count=217259 108846 107944 3367 2563 2058 505 104577 108413 804 77 95566 2508 93058 833 242 94 148 107580 250 88 63 162 125 107330 10574 1383 9191 96756 1496
is_linear=0
shrinkage=0.05


Tree=171
num_leaves=31
num_cat=0
split_feature=2 2 1 2 4 4 0 3 4 4 0 0 3 3 3 1 3 2 3 3 4 2 3 4 0 3 0 0 1 4
split_gain=0.491363 2.51624 2.2821 1.82599 3.14576 12.4304 14.1213 8.11219 2.1368 4.02807 3.81551 1.59141 6.41882 4.70551 6.96788 4.58089 2.8637 1.50982 3.3695 8.96023 2.89204 2.32642 6.57963 1.63535 1.36327 4.67551 4.94922 3.71685 12.2451 3.14525
threshold=1.7825038478759392 1.6569826716253035 0.00057366213469421722 1.4425120102715814 0.0034536465685796052 0.0037769461117356244 0.0012568901915842592 -0.00088656206084414258 -0.0049928137596895175 -0.0052040190464203709 -0.0010288193509869756 0.0011186878044042727 -0.0021068910234733891 -0.00061996923456641973 -0.0001616337010919566 0.0077728933725198209 0.0021560772662768683 1.1614133538748133 0.0017746207053299658 0.0011360981514670911 -0.0023782380512432639 1.1513805891304885 -0.0012246661895195519 0.00053657480581736927 -0.0012260741933558526 -0.0071885548372976329 -0.0035137435184973138 -0.0011541611988980514 0.0017098283744817805 0.00094623813414174151
decision_type=2 2 2 2 2 2 2 2 2 2 2 2 2 2 2 2 2 2 2 2 2 2 2 2 2 2 2 2 2 2
left_child=1 3 -3 17 8 6 -6 -7 9 -5 -10 13 -13 15 -15 -4 -14 21 19 -19 -20 23 -23 -1 25 26 -2 28 -26 -29
right_child=24 2 11 4 5 7 -8 -9 10 -11 -12 12 16 14 -16 -17 -18 18 20 -21 -22 22 -24 -25 27 -27 -28 29 -30 -31
leaf_value=-0.0016853890539723923 -0.0011230859079991557 -0.050332826435406701 -0.0086251448547190763 0.00050231034943490154 0.021014018269493877 0.089409365985370859 0.23534272453237573 -0.0065435611636608486 -0.02829902218704743 0.10456979558896587 -0.0065666907937962015 0.14325209003240721 -0.035305613379202509 0.097389717852842339 0.020148352140978206 0.039372715815606335 0.0052098125934163485 0.002249794724709583 0.030198090248279685 0.025828390335628466 -0.005063035230481891 0.026058039091342834 -0.030487778076724471 0.001258387800859931 -0.050625205147234648 -0.024532810517955615 0.076436193516269471 0.0092666360769669606 0.29926525624399353 -0.0077827509923639061
leaf_weight=977.95174960492295 20.768052045255903 1.5979876961646358 24.342484673368748 27.224593958817426 2.0750462443102147 2.344280361197888 1.2205668087117372 36.480812718393281 25.740843263920397 0.96271891612559457 93.771099723409861 0.74164834618568676 6.10785854328424 3.3521174571942565 22.634677933237981 6.2466701045632353 15.253165246162096 359.7244893952884 6.0461886944249263 45.374798318822286 152.10164008567517 7.0374211359303471 19.125577522063395 911.51017370666159 0.60139978537335881 25.43341892468743 2.282991610467433 46.781548193379422 0.42802547058090568 64.13650028729171
leaf_count=94761 238 737 1288 737 113 32 53 1147 1316 48 8634 15 247 231 1302 40 380 25047 175 2719 5376 351 1371 60037 60 1444 55 5564 28 3713
internal_value=-5.77144e-05 9.92604e-05 0.00882125 -0.000163105 -0.00488946 0.00716376 0.100393 -0.000749871 -0.00832679 0.00405667 -0.0112475 0.0100227 -0.00135427 0.0144674 0.030112 0.00117659 -0.00637495 0.000198817 0.00247449 0.00489081 -0.00371496 -0.000470296 -0.0152779 -0.000265259 -0.00274745 -0.00975105 0.00655844 0.000285816 0.094856 -0.000591886
internal_weight=2909.4 2748.97 80.2766 2668.69 189.82 42.1207 3.29561 38.8251 147.699 28.1873 119.512 78.6786 22.1027 56.576 25.9868 30.5892 21.361 2478.87 563.247 405.099 158.148 1915.62 26.163 1889.46 160.432 48.4845 23.051 111.947 1.02943 110.918
internal_count=217259 206157 4240 201917 12080 1345 166 1179 10735 785 9950 3503 642 2861 1533 1328 627 189837 33317 27766 5551 156520 1722 154798 11102 1737 293 9365 88 9277
is_linear=0
shrinkage=0.05


Tree=172
num_leaves=31
num_cat=0
split_feature=2 1 0 0 0 0 1 4 4 0 2 3 3 3 4 2 3 3 4 3 1 2 4 1 3 2 4 1 4 1
split_gain=0.469201 1.0638 1.90076 3.32365 8.22412 2.74974 1.57369 1.22679 1.62834 0.960662 0.824884 3.8952 3.40566 12.3907 2.41019 0.902653 2.84309 5.62464 6.29453 2.34933 1.36205 0.928103 5.47925 4.34318 0.785299 1.83325 1.31705 0.562829 0.561573 0.0124879
threshold=2.5960215928036812 0.0041264509327124518 -0.00012051459831519117 -0.000646136628681515 -0.00058846988893312957 -0.00012668323154396696 0.0049665919907213871 -0.010349860933211661 0.014046758246105242 0.0021976696440473291 2.4086379413156425 -0.008236769578310486 -0.00046974026646479089 -0.00034929899307184481 0.004444814761232708 2.0982060614081832 -0.0018116137412499398 -0.0015352551417971425 -0.0022166198816187528 0.00037580238892320766 0.0095356782504780226 2.0302233049225218 -0.0049928137596895175 0.0025260983556171478 -0.01335466952210118 1.5986319217513072 -0.0092932796566774205 0.0034079706170707614 -0.0092932796566774205 0.0077728933725198209
decision_type=2 2 2 2 2 2 2 2 2 2 2 2 2 2 2 2 2 2 2 2 2 2 2 2 2 2 2 2 2 2
left_child=10 2 3 -2 -5 -6 9 -8 -9 -3 15 -12 27 -14 -15 21 20 18 -18 -19 28 24 29 -24 25 -1 -26 -13 -17 -23
right_child=1 6 -4 4 5 -7 7 8 -10 -11 11 12 13 14 -16 16 17 19 -20 -21 -22 22 23 -25 26 -27 -28 -29 -30 -31
leaf_value=0.001641929303211651 -0.050337744348311231 0.0940872831672597 -0.050440295926863311 0.30336856447320637 -0.050327096944214313 0.14817902101159583 0.017744204466598742 -0.05200525722027316 0.015914212338675609 0.012179618159659289 0.094230766616162615 -0.050655927154000552 0.2731040321097622 0.027979089690777739 -0.033195055547686245 -0.054730430967839666 0.23848496727168894 0.019816974866999848 0.011660902165821073 -0.01308250614328001 0.00084878261380007822 -0.05269803035599633 -0.0024524558133618133 0.057838918812564734 -0.0049106122154085564 0.02276652768807854 8.3041127167700381e-05 -0.0072609947442635742 -0.028455945272186679 -0.060172756008320227
leaf_weight=66.860229568788782 1.2514408421702685 0.66363384481519438 3.3032116562389984 0.28052622871473432 0.74582709872629493 0.2277213016641324 2.7128983400762081 2.3390554925426841 1.4170948117971423 0.77725428808480501 1.3151995688676823 2.4401481631211932 0.46203930885530908 4.4238189506722847 2.5314685311168432 2.971991046331822 0.51773672131821513 7.6710877778241437 0.74740221071988588 18.54359316539194 3.2367010340094557 1.5984063078649335 6.1862735892791516 5.7758736591786146 139.0734999141423 12.134242312982677 2610.6320365738502 1.0769894709810612 6.4412142884684718 0.85911198705434788
leaf_count=705 307 27 922 20 253 11 30 87 24 23 15 263 27 438 74 57 29 935 41 1067 24 59 640 151 3415 81 207072 33 422 7
internal_value=-5.76266e-05 -0.00928264 -0.0255303 0.00731041 0.0648375 -0.00389482 0.00264897 -0.00787643 -0.0263811 0.0499041 -1.39192e-05 0.0129335 0.00315507 0.0223702 0.00571395 -6.89272e-05 -0.00751545 0.00151416 0.104485 -0.00345527 -0.0271308 3.61782e-05 0.012689 0.026659 -2.83211e-05 0.00488685 -0.000169526 -0.0373679 -0.0367515 -0.0553111
internal_weight=2909.22 13.7187 5.80873 2.50552 1.25407 0.973548 7.90994 6.46905 3.75615 1.44089 2895.5 12.2497 10.9345 7.41733 6.95529 2883.25 40.1297 27.4798 1.26514 26.2147 12.6499 2843.12 14.4197 11.9621 2828.7 78.9945 2749.71 3.51714 9.41321 2.45752
internal_count=217259 1704 1513 591 284 264 191 141 111 50 215555 850 835 539 512 214705 2575 2072 70 2002 503 212130 857 791 211273 786 210487 296 479 66
is_linear=0
shrinkage=0.05


Tree=173
num_leaves=31
num_cat=0
split_feature=2 1 3 3 2 2 0 4 4 4 4 1 1 2 2 0 2 2 2 2 2 4 2 2 3 3 4 0 4 3
split_gain=0.469583 2.33472 3.91335 3.77557 4.91119 13.0483 4.27354 2.81676 4.33266 4.08199 2.4498 2.27428 9.16826 2.82132 1.73124 1.72542 1.81794 4.28268 3.3103 2.67863 2.73159 2.19732 2.15419 1.67872 1.51621 8.27571 9.3128 9.82466 7.99089 5.22842
threshold=1.4209356808876568 0.0077728933725198209 -0.0020004109893387851 -0.0018549464122279422 1.5817172982314118 1.4922611930960608 -0.00039148888667300813 0.00097345419898842167 0.00031337216352611558 0.0031898133441865544 0.008152865070594208 0.00061269879286287242 0.00055889914535254507 1.4544051139667935 1.4544051139667935 -0.0055684417603187866 0.92367666917443292 1.0178777780262387 0.70572545860242986 1.0995297947815661 1.2638169980252449 -0.0046243256775092547 0.59016012503720983 0.64454103904403126 -0.0012797088971001622 -0.0014680660999146775 0.0010506360060005273 -0.00057505379555294878 0.0001715342933908959 -0.00071017487714947192
decision_type=2 2 2 2 2 2 2 2 2 2 2 2 2 2 2 2 2 2 2 2 2 2 2 2 2 2 2 2 2 2
left_child=15 2 10 4 5 -4 -6 8 -5 -9 11 12 -2 -13 -3 16 18 21 22 -19 -21 -18 -1 -24 25 -17 28 -28 -27 -26
right_child=1 14 3 7 6 -7 -8 9 -10 -11 -12 13 -14 -15 -16 24 17 19 -20 20 -22 -23 23 -25 29 26 27 -29 -30 -31
leaf_value=-0.024834691534702219 -0.053157877419291837 0.050513421529682856 -0.012883606840589876 -0.00048769453151435759 -0.032085367822404891 0.22109402811539214 0.085764160005376011 -0.014593945527415157 0.020692305964689028 0.0013053074560529462 0.056718957587737574 -0.044420467597467719 0.2976517604089845 -0.011474854849685474 0.006102634741211037 0.00092400225815250116 0.056404723519939838 -0.055179806124242385 -0.039471424652159297 0.014089300470933985 -0.028325084608028996 0.0054455921368086972 0.042944879292070609 -0.0087733056850491358 -0.0087203708935277551 0.020814943904400612 0.14856167573787524 0.032146894968686134 -0.050988285619764685 0.00052871104114638595
leaf_weight=5.1674781593028474 0.53313326858915289 2.2844881787896147 1.3004324161447578 114.25545499449072 2.618956023594365 1.0997926085256038 1.0891804598504675 71.153919535936438 30.615988352510612 93.31112442194717 1.2611002847552288 7.1126740803010753 0.28623955883085728 75.226916161598638 55.660261550918221 636.56012335539708 3.9398876130580902 3.2298539392650154 10.807494716718791 8.4004415199160558 6.9256118275225154 4.5680334120988864 3.3495167773216963 2.9517340399324894 169.50720872903912 33.418659839073371 2.7414344504941255 5.3476365423557564 4.3829704314121036 1549.8922560540304
leaf_count=52 46 20 66 11106 177 55 64 5955 3255 3505 9 382 14 3980 501 32205 37 42 122 91 79 38 28 27 18684 3534 129 294 379 132383
internal_value=-5.63339e-05 -0.00152628 -0.00288551 -0.000326641 0.0386005 0.0943259 0.00253024 -0.00109532 0.00398832 -0.00557332 -0.012447 -0.0134959 0.0693939 -0.0143208 0.00785354 0.000218208 -0.00903734 -0.000329997 -0.0196161 -0.013798 -0.00507712 0.029044 -0.000905471 0.0187182 0.00040834 0.00240236 0.022909 0.0716006 0.0124896 -0.000383111
internal_weight=2909 457.81 399.865 315.445 6.10836 2.40023 3.70814 309.336 144.871 164.465 84.4201 83.159 0.819373 82.3396 57.9447 2451.19 49.3401 27.0638 22.2762 18.5559 15.3261 8.50792 11.4687 6.30125 2401.85 682.451 45.8907 8.08907 37.8016 1719.4
internal_count=217259 29135 28614 24183 362 121 241 23821 14361 9460 4431 4422 60 4362 521 188124 516 287 229 212 170 75 107 55 187608 36541 4336 423 3913 151067
is_linear=0
shrinkage=0.05


Tree=174
num_leaves=31
num_cat=0
split_feature=3 1 4 4 1 3 0 2 3 3 2 1 1 4 4 1 4 4 0 1 3 4 2 3 4 4 3 3 3 3
split_gain=0.485374 2.8608 2.23968 4.56602 5.68375 5.00553 4.29463 2.23897 2.15588 4.26056 5.02259 3.17853 2.13125 5.63132 21.9782 8.81053 2.74791 3.04652 2.09899 1.75532 3.18062 5.75005 4.07742 2.10201 9.32155 3.25984 1.51508 4.57171 3.58149 1.34147
threshold=-0.003655689453122057 0.00098039215686279561 -0.01971381338445027 -0.014204142243387006 0.0061176626780651425 1.0000000180025095e-35 0.0034974138146374183 0.88037964582396333 -0.0025635016305796117 -0.0027278654635334849 1.7825038478759392 0.0012556301218339843 0.0019449702332073656 -0.001929242926722585 -0.0017575609276983537 0.0018535137194941448 -0.0025586635901827521 -0.0027680970915568421 -0.0023838248343276964 0.002828239093393145 -0.0064138170379786632 -0.0072103739624060905 1.3299319934804623 -0.0047037676980598566 -0.006727181012526561 -0.0084185540980666867 -0.0012797088971001622 -0.0014326315817526079 -0.00071017487714947192 0.0018611128150965996
decision_type=2 2 2 2 2 2 2 2 2 2 2 2 2 2 2 2 2 2 2 2 2 2 2 2 2 2 2 2 2 2
left_child=1 -1 18 4 5 -4 -6 -7 9 10 -5 -11 13 16 -15 -16 17 -3 29 20 21 -14 -22 25 -25 -21 27 -10 -28 -2
right_child=2 12 3 8 6 7 -8 -9 26 11 -12 -13 19 14 15 -17 -18 -19 -20 23 22 -23 -24 24 -26 -27 28 -29 -30 -31
leaf_value=-0.043317292208862414 0.043600149100203642 0.0051671054032196712 -0.05299943767444662 -0.00014488136525460862 0.10139139503481727 0.0077375598635714918 0.01216148070774322 0.090137143846714299 0.00063014542147194798 0.010886686124815095 -0.051551319080524786 -0.034153783975160487 -0.01858078248211292 0.38810270233934818 0.010171554576758154 0.18010682648142773 -0.050853707533457408 0.12063813959655788 -0.039505780464818598 -0.0043360028683626364 -0.0078235700510918445 0.043356438700361391 -0.050840270606536758 0.046002210582891105 -0.0018364009084630706 0.0064421372616520339 -0.006941875575246257 0.017630690803564952 0.00018163685738325914 -0.022545577460534774
leaf_weight=3.5321052638100801 1.522354915738106 27.392300590174276 2.7382935276254994 110.00773156617652 3.4810107983648777 2.355954242870212 2.2011791244149208 1.2681582085788248 250.29405661369674 4.8818442904012072 4.9660182755906126 19.820561135886237 7.6436403086408973 0.45535718882456411 6.4902971747796974 0.8643102878704666 2.1682506403885808 0.58337850030511518 6.8257308129686844 158.81352603901178 31.173858437919989 7.3509269873611611 6.6911075722891828 14.109033633954821 36.593340469058603 125.66319327591918 195.33186524717894 46.965464741435426 1825.1138751712533 1.5438426770269869
leaf_count=435 21 1932 74 6353 36 34 25 20 19398 639 391 1054 382 31 349 43 149 43 125 2515 1614 254 471 340 912 2371 21173 4219 151835 21
internal_value=-5.60239e-05 0.00149572 -0.000324853 -0.00022974 0.0304804 -0.00197889 0.0668253 0.036571 -0.000380262 -0.006413 -0.00236526 -0.0252526 0.00186729 0.0131755 0.051013 0.0301423 0.00337225 0.00757503 -0.0240689 0.000761231 -0.0077069 0.0117833 -0.015425 0.0020967 0.0114757 0.000425074 -1.67003e-05 0.00331614 -0.000507047 0.0102955
internal_weight=2908.84 429.525 2479.32 2469.43 12.0446 6.36241 5.68219 3.62411 2457.38 139.676 114.974 24.7024 425.993 37.9539 7.80996 7.35461 30.1439 27.9757 9.89193 388.039 52.8595 14.9946 37.865 335.179 50.7024 284.477 2317.71 297.26 2020.45 3.0662
internal_count=217259 11841 205418 205251 189 128 61 54 205062 8437 6744 1693 11406 2547 423 392 2124 1975 167 8859 2721 636 2085 6138 1252 4886 196625 23617 173008 42
is_linear=0
shrinkage=0.05


Tree=175
num_leaves=31
num_cat=0
split_feature=2 0 1 1 1 3 0 0 0 1 2 1 4 3 3 3 4 4 1 1 0 4 2 3 1 3 4 2 1 0
split_gain=0.471908 1.56904 2.21483 2.54595 3.48995 3.88985 1.89101 1.71568 3.3029 10.4273 4.15762 2.78981 3.11691 2.3156 1.61578 3.33223 3.97915 2.67599 1.50279 1.31728 2.74883 2.74064 0.982775 1.91527 2.48722 2.00132 9.17748 7.00262 4.96806 3.20317
threshold=0.6783480397728886 -0.00049211452994812877 0.0015247593739911665 0.0011789060033561471 0.00099641370636736025 0.0030906884402587269 -0.00047983753887109731 -0.0013975087281578034 -0.0010567169349007253 0.0047069043026143854 0.621338700479379 0.0056485277306448922 -0.0010720148296721741 -0.0017666288222576985 -0.00050371583231212369 -0.00097566309739072199 -1.0000000180025095e-35 0.007554381552405399 0.00027455066689268314 0.0037121740626717237 0.001692248873467417 -0.011829427218029652 0.74206127436356062 0.0069654535601975107 0.0061176626780651425 0.0014794929861078334 -0.0025586635901827521 0.72790943845145673 0.0018325015259458442 -0.00011136256484184369
decision_type=2 2 2 2 2 2 2 2 2 2 2 2 2 2 2 2 2 2 2 2 2 2 2 2 2 2 2 2 2 2
left_child=1 2 3 4 -1 -6 14 11 9 -9 -10 12 -4 -13 15 16 -3 -16 -8 21 -21 -20 23 25 -25 29 27 -27 -28 -2
right_child=22 6 7 -5 5 -7 18 8 10 -11 -12 13 -14 -15 17 -17 -18 -19 19 20 -22 -23 -24 24 -26 26 28 -29 -30 -31
leaf_value=-0.034066264807694861 -0.0067038595478843919 -0.051514297821515093 -0.032280756789697815 -0.043944988398390276 0.0081305173845100717 0.16251277100618178 -0.050034836270739215 0.005869244149667956 0.006897118688318226 0.12482386147746771 -0.038267004358848833 0.019838561104341908 -0.0039638999678706299 -0.011411274021530462 -0.050981892934752485 0.19994955594894687 0.13417912752138442 0.13695449108242094 0.044939012147337871 0.017993282109614921 -0.0021461087618162593 -0.0025373989951628234 -7.8016319878389896e-05 -0.033874251549860401 0.0094691107694820451 0.043555994583451683 0.026253769037016268 0.17706939057585547 -0.010971896511797511 0.0094494159465487466
leaf_weight=6.1633711430404237 56.629121156569454 0.63884185205097299 17.614248919882812 7.7735142620513207 5.7584181333659217 0.4391319453716277 1.4891942990216183 12.025813509011639 17.646704031853009 2.1755307316780081 7.1644150018692008 12.51824941718951 21.677818810916506 11.260321199428288 0.78384908484440419 0.39781852255691807 0.52605428360402573 0.24976258911192417 3.0888681304641059 29.003496968187392 40.746371190063655 191.13509754638653 2339.7898446469699 7.3761825471883622 6.0039679035544395 4.0736238780664271 16.226078500971198 1.2940699304454026 20.022560571320355 67.001718557148706
leaf_count=2354 5146 38 861 1290 841 26 5862 673 788 20 315 124 865 115 99 23 13 4 114 332 574 28181 159229 158 42 108 1500 27 569 6968
internal_value=-5.58171e-05 -0.00167362 -0.00636877 -0.0215246 -0.00742498 0.0190694 0.000467056 -0.00337949 0.00486233 0.0240921 -0.00614439 -0.00847749 -0.0166581 0.00504023 0.0429313 0.0750103 0.0323428 -0.00556882 5.174e-05 0.000334301 0.00622828 -0.00178235 0.000194893 0.00376966 -0.0144251 0.0052429 0.0147269 0.0757441 0.00569153 0.00205041
internal_weight=2908.69 390.277 122.218 20.1344 12.3609 6.19755 268.059 102.083 39.0125 14.2013 24.8111 63.0706 39.2921 23.7786 2.59633 1.56271 1.1649 1.03361 265.463 263.974 69.7499 194.224 2518.42 178.627 13.3802 165.247 41.6163 5.36769 36.2486 123.631
internal_count=217259 43512 8272 4511 3221 867 35240 3761 1796 693 1103 1965 1726 239 177 74 51 103 35063 29201 906 28295 173747 14518 200 14318 2204 135 2069 12114
is_linear=0
shrinkage=0.05


Tree=176
num_leaves=31
num_cat=0
split_feature=0 1 1 3 4 3 3 2 3 0 4 2 0 4 1 2 1 2 0 3 3 3 0 0 4 2 3 0 2 4
split_gain=0.46325 2.3885 3.84801 6.19217 2.6758 3.47003 6.87007 7.93196 2.66296 2.22979 1.87572 1.79965 8.95409 4.75252 4.09556 3.7016 2.27714 1.25223 2.485 4.00805 13.9189 17.932 4.55354 3.31679 3.24898 1.36401 3.80972 4.20055 7.45741 2.44305
threshold=0.00094799808881906877 0.0011605118437511084 0.0011693626973298282 4.9754866789264447e-05 0.0020063374547492079 0.00050489036505818607 0.00075335950477251068 1.1614133538748133 0.0021560772662768683 0.001692248873467417 -0.0038695313738674737 0.44636897921142388 0.0010291889427778147 0.00072017311968375363 0.0013366750208855585 0.49412933901584216 0.0012321490875124052 2.0982060614081832 1.0000000180025095e-35 -0.00071017487714947192 -0.000441323788024861 -0.00048657225790005304 -0.0016332728877958556 -0.00012668323154396696 -0.0021162155019367464 1.6371547559179547 0.0062730539899076296 0.00054769509347618605 2.0302233049225218 -0.01971381338445027
decision_type=2 2 2 2 2 2 2 2 2 2 2 2 2 2 2 2 2 2 2 2 2 2 2 2 2 2 2 2 2 2
left_child=17 4 3 -3 5 10 7 -7 -5 -8 -2 12 13 -4 -14 -13 -17 25 19 23 21 -21 -22 24 -19 -1 27 29 -29 -27
right_child=1 2 11 8 -6 6 9 -9 -10 -11 -12 15 14 -15 -16 16 -18 18 -20 20 22 -23 -24 -25 -26 26 -28 28 -30 -31
leaf_value=0.00015459006639903159 0.055088117490141787 0.29074900816271143 0.034258565909000914 -0.050696247762415818 -0.050615600205754299 0.19033491850611484 -0.019357155796243905 -0.05060119593446652 0.15144754213204481 0.1266300184169665 -0.050553164753439656 -0.035149191260631034 0.14384131812440182 0.22960104225772635 6.2080328727624835e-05 -0.032699828235094465 -0.00059264941830701045 -0.0052987231431042741 -0.030466701353135658 0.057925942167465917 0.099677958817545653 0.46296427250188821 -0.017139432652073815 0.10367804928817637 -0.051190718310416966 0.028457129596387194 0.10549927105395479 0.018445828897090844 0.14429932049151015 -0.00086104914074620084
leaf_weight=2027.6882984224358 0.46755279216449697 0.29224710725247749 0.55740994354710227 0.4783647102303803 4.9867189404576484 1.0176085412094833 4.7895657590925111 0.51421465922612686 0.24707282427698374 0.27667149365879584 4.1474378919447208 7.964649833738803 0.51240422273985942 0.70539426011964679 14.831023064441977 5.5687709357589474 662.60798627312761 19.220104386855386 9.6769662024598784 0.91947974968934432 0.97717998642474402 0.38881118030985795 5.7016040160087895 0.60867788197356176 4.8248157299822187 7.6332234237343064 0.9448538850992908 15.726538605536916 1.2722809201804928 102.78757169180608
leaf_count=178315 36 19 23 39 623 67 530 53 16 14 551 298 44 31 619 497 22426 815 1558 148 24 39 870 49 574 55 20 1076 87 7743
internal_value=-5.47784e-05 -0.0011652 -0.000722037 0.0964325 -0.0201439 -0.00659235 0.0166699 0.109456 0.0181508 -0.0113847 -0.0398505 -0.000864762 0.0153967 0.143376 0.00486369 -0.00126415 -0.00086024 0.000303833 -0.00821402 -0.00161678 0.0291657 0.178299 -4.77559e-05 -0.0115894 -0.0145073 0.000471016 0.00546938 0.00472763 0.0278654 0.00116567
internal_weight=2908.34 709.965 693.765 1.01768 16.1998 11.2131 6.59806 1.53182 0.725438 5.06624 4.61499 692.748 16.6062 1.2628 15.3434 676.141 668.177 2198.37 42.3176 32.6407 7.98707 1.30829 6.67878 24.6536 24.0449 2156.05 128.364 127.42 16.9988 110.421
internal_count=217259 25886 24012 74 1874 1251 664 120 55 544 587 23938 717 54 663 23221 22923 191373 4077 2519 1081 187 894 1438 1389 187296 8981 8961 1163 7798
is_linear=0
shrinkage=0.05


Tree=177
num_leaves=31
num_cat=0
split_feature=1 1 2 3 3 2 4 1 4 4 4 4 2 2 0 0 4 0 0 1 4 2 2 0 4 3 0 2 2 0
split_gain=0.464374 2.83896 2.64298 2.52326 5.70165 4.81665 13.9643 5.06019 2.35339 7.63841 3.63317 2.32298 4.38128 2.9469 2.28258 3.87787 1.80224 1.63712 4.00039 1.63202 3.51981 2.69744 17.8156 6.13634 3.60667 5.65157 3.77647 1.63181 6.51986 8.29925
threshold=0.00066384126514475964 0.0006420145540456608 0.46733296760612802 0.0018611128150965996 0.0018161670352141448 0.97801747615188772 0.0017996395285015956 0.00035937044057736894 0.0013883907396196051 0.0014814204858066839 0.00094623813414174151 0.0020509558051901027 1.3907483709178752 0.86406419560910808 0.00018484094852999625 0.00016498627993088991 0.0046081204878948298 0.00063752341404199619 0.00065038860052046854 0.00068082948508530795 0.0020509558051901027 0.86406419560910808 0.85795901312624123 1.0000000180025095e-35 0.0018413191509043527 0.001326158826527313 -2.249906651335953e-05 0.78649621542192405 0.76328980585766559 0.00010117792422570383
decision_type=2 2 2 2 2 2 2 2 2 2 2 2 2 2 2 2 2 2 2 2 2 2 2 2 2 2 2 2 2 2
left_child=1 3 14 4 8 7 -7 -6 10 -10 -1 17 13 -13 15 16 -3 -4 -19 20 21 22 23 -2 26 -26 -23 28 -5 -30
right_child=19 2 11 27 5 6 -8 -9 9 -11 -12 12 -14 -15 -16 -17 -18 18 -20 -21 -22 24 -24 -25 25 -27 -28 -29 29 -31
leaf_value=1.6317166207190046e-05 0.078982525560799363 -0.05097784115135974 -0.039008796941881398 -0.02043481623656478 0.27513331315989947 0.44841392460327623 -0.050969027923294864 -0.050607995403625122 0.083672149646453461 0.0041749544922300673 -0.023280983027311856 0.047727677790479206 0.26999141043614894 -0.050806883716753883 -0.05046410263217907 0.2128990706661556 0.11545678247072766 0.25614104897363815 -0.050308996060012004 3.1948544458649145e-05 -0.050367299116579882 -0.031868750724272393 0.56222460592727785 -0.018079673007977509 0.27353554933798735 -0.050848129426940961 0.025785353470978718 -0.042008657331153942 0.39126583521692182 -0.050608572044406275
leaf_weight=174.88375814044412 3.4580969425733263 0.42722389672417438 13.164670563011896 4.6725823163251317 0.1518088997399889 0.2999652624130249 0.26248437620233744 0.55543350370135158 3.3578478203562545 30.176163595857361 18.505334090281394 1.5147750861942766 0.15609444491565216 1.5204413321334866 0.46425383788300667 0.37070599943399429 0.26265305560082197 0.16301422775723118 0.30714274244382977 2629.9619401636301 1.9198833646660194 5.0312636400340152 0.16316419281065453 3.0774873533518985 0.30812200147193003 0.23798134480603039 6.5224342225119409 5.8751047445330187 0.22627828946860962 0.20034873142139986
leaf_count=53862 518 110 2738 1003 21 26 22 82 830 6856 5350 173 36 159 94 4 5 19 77 142250 314 624 14 415 24 20 628 932 25 28
internal_value=-5.48658e-05 -0.00208193 -0.0210344 -0.000627724 0.000498535 0.106158 0.215362 0.0193121 -9.26583e-05 0.0121352 -0.00221299 -0.0267467 0.0116541 -0.00163158 0.0419986 0.0824727 0.0123879 -0.0357346 0.0559443 0.000142067 0.0141202 0.0207063 0.0461615 0.0332777 0.00661371 0.132175 0.000678846 -0.0240464 -0.00335106 0.183757
internal_weight=2908.2 257.518 18.351 239.167 228.193 1.26969 0.56245 0.707242 226.923 33.534 193.389 16.8261 3.19131 3.03522 1.52484 1.06058 0.689877 13.6348 0.470157 2650.68 20.7184 18.7985 6.69875 6.53558 12.0998 0.546103 11.5537 10.9743 5.09921 0.426627
internal_count=217259 72452 3415 69037 67049 151 48 103 66898 7686 59212 3202 368 332 213 119 115 2834 96 144807 2557 2243 947 933 1296 44 1252 1988 1056 53
is_linear=0
shrinkage=0.05


Tree=178
num_leaves=31
num_cat=0
split_feature=1 1 0 2 0 0 2 3 3 2 0 3 4 1 2 2 2 3 0 0 3 2 0 3 3 1 1 4 4 0
split_gain=0.44006 3.89529 2.47444 3.11463 2.30244 4.66389 1.89054 9.54585 5.50174 2.99006 45.2346 1.73145 1.72032 1.04468 3.86709 7.35327 4.80744 4.77294 4.31821 4.151 5.74781 3.27257 2.67067 4.46698 2.54883 1.9088 1.45293 5.31794 6.81023 7.87373
threshold=0.00090583905922923358 0.00089908428074783771 0.00068061316712897401 2.4086379413156425 0.00076320096416349081 0.00079832119587386352 1.5335328733241667 -0.0010442594053898799 -0.0010913887625477734 1.5203244504906723 0.00049077749540760174 0.0002437426846623181 0.005948845490630795 0.00095569139337155326 0.97086660811875136 0.96725689877712873 1.4318313546786254 -0.0014326315817526079 0.00068061316712897401 -0.00025195581622727831 0.0014794929861078334 1.4544051139667935 0.00068061316712897401 0.002339959602796871 0.00075335950477251068 0.00091278054711174726 0.0010115772202926147 -0.0037597030781724157 -0.0040004886835539035 -0.00044909232215967204
decision_type=2 2 2 2 2 2 2 2 2 2 2 2 2 2 2 2 2 2 2 2 2 2 2 2 2 2 2 2 2 2
left_child=1 2 6 4 -4 -6 9 8 -8 12 -11 -9 -1 14 15 17 22 25 -19 21 -21 -18 24 -24 -16 -2 27 28 -15 -30
right_child=13 -3 3 -5 5 -7 7 11 -10 10 -12 -13 -14 26 16 -17 19 18 -20 20 -22 -23 23 -25 -26 -27 -28 -29 29 -31
leaf_value=0.00023171248977372447 0.058553342065063532 -0.050312627314465543 -0.0503471210042295 0.15376494184172709 0.063174780198433714 -0.031198342617861037 0.020014972251700569 -0.05024234245766826 0.16952485112023419 -0.019129678855109456 0.84836574217242688 -0.018500006342635 -0.050752613315183104 0.01000080057922503 -0.0088711038901621991 0.15752786265710653 0.13690722985360659 0.03407628941579649 -0.032871530955168586 0.082270871486516212 -0.05058404375230751 -0.050524775509526179 0.0050705529239195267 0.17266383910562444 -0.044263648398424373 -0.05053356257892886 0.0002520263086816939 -0.011780954412377385 0.34485397254715561 0.044948614859175562
leaf_weight=452.91536217602697 0.45895909448154926 4.038869365991558 5.5294212683656916 0.2448021041927867 1.7607241085643179 5.1045890000641521 6.6337459228234366 8.5679791391667113 0.67822828690987336 1.5171294462634239 0.16679215733893205 8.6164421090943488 1.6606045300504764 2.4457900085253645 15.563243055250501 0.95534589514136214 0.26633038930594954 18.321628533070911 2.7732125327456734 4.1370114552555597 1.0135785945458335 1.8545074865687636 3.5833099419251075 0.44721666071563948 7.5570041490718713 3.1759804139146581 2294.5899759310996 52.665711683337577 0.37749141687527299 0.52077549742534657
leaf_count=93515 74 853 1226 38 369 1293 793 3386 49 269 24 2813 240 245 1300 31 17 2206 360 387 102 234 258 26 471 487 100504 5634 16 39
internal_value=-5.51378e-05 -0.00140915 -0.00100883 -0.0228466 -0.0263347 -0.00699478 -0.000434699 -0.0139665 0.0338829 0.000291818 0.0667956 -0.0343264 4.54624e-05 0.000224254 0.00673328 0.021415 -0.00422191 0.0161568 0.0252751 0.0318849 0.0561265 -0.0269875 -0.0138919 0.0236663 -0.0204394 -0.0367599 5.78117e-05 -0.00789871 0.0532429 0.170982
internal_weight=2908.14 497.435 493.396 12.6395 12.3947 6.86531 480.756 24.4964 7.31197 456.26 1.68392 17.1844 454.576 2410.71 60.1073 25.6851 34.4222 24.7298 21.0948 7.27143 5.15059 2.12084 27.1508 4.03053 23.1202 3.63494 2350.6 56.0098 3.34406 0.898267
internal_count=217259 104868 104015 2926 2888 1662 101089 7041 842 94048 293 6199 93755 112391 5953 3158 2795 3127 2566 740 489 251 2055 284 1771 561 106438 5934 300 55
is_linear=0
shrinkage=0.05


Tree=179
num_leaves=31
num_cat=0
split_feature=2 0 3 4 4 4 2 3 3 1 4 3 4 3 0 4 1 4 0 0 0 3 2 1 2 1 2 0 2 4
split_gain=0.44155 1.72095 3.7702 6.41525 2.88931 3.53238 1.73542 4.17433 7.29189 10.3394 5.506 8.53798 4.60462 4.14402 2.46975 4.99331 4.59344 3.62122 4.64729 3.58461 3.58219 1.64781 3.34877 4.82858 7.67127 11.1135 6.14521 3.91045 2.78333 3.67647
threshold=1.0368906049988886 -0.0031018881020380968 0.0053056359932970318 0.014046758246105242 0.008152865070594208 0.0001715342933908959 1.0486923204751146 -0.000441323788024861 1.0000000180025095e-35 0.0021922700897379905 -0.002435478838113236 -0.0012246661895195519 0.0017584860273698324 -0.0032357672690411228 -0.0020976709852252302 -0.010349860933211661 0.004482170560911815 -0.01971381338445027 0.0015614044898484283 -0.0017062441234900747 -0.0023838248343276964 0.0079645486916594139 0.61145441476248574 0.0039742893044935985 0.7456361788446576 0.0037121740626717237 0.62622309929079156 -0.00018559762435038649 0.57904409516074751 0.005948845490630795
decision_type=2 2 2 2 2 2 2 2 2 2 2 2 2 2 2 2 2 2 2 2 2 2 2 2 2 2 2 2 2 2
left_child=21 2 3 4 5 -2 7 10 9 -9 11 -3 -10 -12 15 20 -17 18 -16 -19 -8 -1 28 24 -24 -26 -25 -28 29 -23
right_child=1 6 -4 -5 -6 -7 14 8 12 -11 13 -13 -14 -15 17 16 -18 19 -20 -21 -22 22 23 26 25 -27 27 -29 -30 -31
leaf_value=-0.0010581319436777767 -0.0076850707202665057 0.0017469020806809813 -0.055592911948951274 0.076797704007817602 -0.057726072019784136 0.01922815500127394 -0.045357094723934156 0.060440407631050047 -0.0114171619480734 0.33359659627863009 0.035718165941297571 0.16942478300518032 0.035517912480564413 -0.051172707766743701 0.084618627800903526 0.0077215504460081122 0.042193571947283771 -0.015700933175626614 -0.011432334927424155 0.00059772564816502893 0.038662503065537313 0.05077319520262185 -0.018416666152367714 0.080934708693106705 0.036726201344505736 0.17529215027807393 0.017156635043343017 -0.0098060666390223372 -0.044929823268377043 -0.011957631904892355
leaf_weight=1442.6526057994633 92.720285594463348 4.6466737825539894 3.6025120429694644 2.4258835539221755 2.5768494214862576 14.037900380790232 5.9053610069677234 3.1465142455126656 10.093405719642762 0.38929055631160725 1.7000185791403044 0.90743607096373935 10.835440196911803 7.1157259860483455 2.8577922144904724 38.859312957152724 12.86240934114903 34.785466901259497 2.2514529041945934 1116.8452636289512 1.6156981643289317 2.7782082462217721 4.4123073657974592 2.5152929350733748 8.4249142993357946 1.7471040189266194 22.502389885485172 33.418196665123105 4.8087779288180164 14.662654654996002
leaf_count=131083 1595 220 46 15 31 209 144 323 847 13 50 57 443 562 43 1730 214 1650 30 76434 47 50 129 23 246 32 214 370 75 334
internal_value=-5.60113e-05 0.000596719 -0.00524744 -0.0036246 -0.00540897 -0.00414618 0.00113401 0.0115389 0.0241024 0.0905148 -0.00985048 0.0291423 0.0128824 -0.0344168 0.000801712 0.0107588 0.0162942 0.000291756 0.0422926 0.000105418 -0.0273077 -0.000637548 0.00573128 0.0109059 0.0366427 0.0605257 0.0044825 0.0010437 -0.011251 -0.00196505
internal_weight=2908.1 1370.18 115.363 111.761 109.335 106.758 1254.82 38.8345 24.4647 3.5358 14.3699 5.55411 20.9288 8.81574 1215.98 59.2428 51.7217 1156.74 5.10925 1151.63 7.52106 1537.92 95.2698 73.0202 14.5843 10.172 58.4359 55.9206 22.2496 17.4409
internal_count=217259 84703 1896 1850 1835 1804 82807 2515 1626 336 889 277 1290 612 80292 2135 1944 78157 73 78084 191 132556 1473 1014 407 278 607 584 459 384
is_linear=0
shrinkage=0.05


Tree=180
num_leaves=31
num_cat=0
split_feature=0 1 1 4 0 3 2 1 3 1 4 4 0 0 3 0 0 2 2 3 1 1 0 4 0 2 4 0 1 2
split_gain=0.434374 2.27029 2.81417 4.20443 2.69077 3.99248 2.42884 1.53331 5.24818 3.7587 1.19755 5.10297 5.35688 5.20597 5.04567 5.52961 3.72247 2.79297 2.70371 2.60453 2.5672 8.92346 2.31584 7.88638 2.61444 4.04397 3.32971 2.31151 3.3826 4.97665
threshold=0.00094799808881906877 0.00093395098625217077 0.00096406273243792261 0.0005932801406505207 0.00097340592016104132 -0.0041984807775662372 1.1313746152594522 0.0010519463705288997 -0.0014680660999146775 0.0010682912410720305 -0.0092932796566774205 -0.0063762165677795904 0.00081824910150718477 0.00034846623781392699 -0.0028162811433086184 0.00086051482639970544 0.00018484094852999625 0.68631237630519693 1.7535840715920619 -0.0064138170379786632 0.0018110461603872516 0.001749021762429313 0.00010117792422570383 -0.011829427218029652 -0.004194376370928842 1.7535840715920619 -0.010349860933211661 -0.0031018881020380968 0.0047069043026143854 1.6569826716253035
decision_type=2 2 2 2 2 2 2 2 2 2 2 2 2 2 2 2 2 2 2 2 2 2 2 2 2 2 2 2 2 2
left_child=10 -2 3 -3 5 -4 -7 8 -6 -9 16 12 13 18 19 -16 22 -15 -12 -14 21 -18 24 -24 26 -26 -1 -13 -29 -30
right_child=1 2 4 -5 7 6 -8 9 -10 -11 11 27 14 17 15 -17 20 -19 -20 -21 -22 -23 23 -25 25 -27 -28 28 29 -31
leaf_value=0.0080649724544453513 -0.05067826734187432 0.15238634276821883 0.090432325884954382 -0.050619007211816273 0.2283426558509031 -0.051286211677935151 -0.0024319726271812979 0.09490759313796715 -0.050559281507225509 -0.00067996295824416738 0.016734203199920094 -0.0068821074843266857 0.085751985914049839 0.016046045711668618 0.26115482858655897 0.042135030611222792 -0.050917177128646976 -0.051657379018244458 -0.01458234813578442 -0.051757433541515935 -0.036524600637849895 0.27679235242281319 0.15272486494875598 -0.053371292321939857 -0.010717231878011886 0.041126912847859576 -0.03595816355269256 5.3021586238446499e-05 0.0074797947442766903 0.060682414896904617
leaf_weight=62.242855394724756 2.3045025191204322 0.70368381543084868 0.70200471393764097 0.40005686989752576 0.17856700997799668 6.6619492491008678 4.1159113141475245 1.0299658619333047 3.0442191782640284 690.35834556457121 73.14249395285151 112.24146429565735 0.71112674660980701 2.2033221042947835 0.62799887591972836 0.53257760382257402 0.69250273599754919 4.9356176133733243 7.609110336052253 0.66765664517879508 11.60538246668875 0.29674057522788644 0.9671066589653492 0.8925643516704429 79.175388468545862 3.9489994002506128 4.613578943302854 1752.1779475535586 74.50915144616738 4.6710856640711418
leaf_count=666 598 31 25 44 11 446 263 88 342 24038 2846 1849 13 109 17 27 57 222 272 27 297 8 21 33 2144 102 64 181653 873 73
internal_value=-5.58088e-05 -0.00113151 -0.000970053 0.0788059 -0.00109476 -0.0251041 -0.0326295 -0.000697953 -0.035106 -0.000537566 0.000291346 0.000623146 0.0122336 0.0101651 0.083828 0.160649 -0.00381295 -0.0307618 0.0137833 0.019165 -0.0299339 0.0473849 -0.00164631 0.0538073 -0.0023339 -0.00825427 0.00502706 8.29447e-05 0.000509823 0.0106184
internal_weight=2907.96 709.499 707.195 1.10374 706.091 11.4799 10.7779 694.611 3.22279 691.388 2198.46 2034.03 90.4299 87.8905 2.53936 1.16058 164.435 7.13894 80.7516 1.37878 12.5946 0.989243 151.84 1.85967 149.981 83.1244 66.8564 1943.6 1831.36 79.1802
internal_count=217259 25886 25288 75 25213 734 709 24479 353 24126 191373 187981 3533 3449 84 44 3392 331 3118 40 362 65 3030 54 2976 2246 730 184448 182599 946
is_linear=0
shrinkage=0.05


Tree=181
num_leaves=31
num_cat=0
split_feature=2 2 3 3 0 0 4 4 3 4 4 1 1 3 2 3 2 1 4 2 4 1 1 0 2 2 4 4 3 2
split_gain=0.452208 2.23655 6.52226 5.51496 4.61305 7.48712 11.0815 3.48051 2.77193 6.56689 4.92375 2.77041 2.24901 17.0972 27.1682 2.87095 2.30087 2.08079 9.71522 15.6718 10.9306 3.04829 12.3923 1.58921 1.72352 3.81737 6.17118 3.27002 3.10652 3.10441
threshold=1.4209356808876568 1.5203244504906723 0.0046378874756184416 0.0029821023538564311 0.00019180665893681062 0.0018536320536591824 0.005948845490630795 0.010040602447829118 -0.00088656206084414258 0.0015442822739069053 -0.0042911671054871028 0.00067550140637294008 0.00033694871280006545 0.0010163886461613816 1.6175639757506028 -0.0010442594053898799 1.7535840715920619 0.00072870599611555588 -0.001842030055391408 1.5335328733241667 -0.0029153941490066555 0.0007849198348256264 0.00079790744150480205 -0.0055684417603187866 0.92367666917443292 0.9746423604514014 -0.0046243256775092547 -0.0036444953256142827 -0.01335466952210118 0.70572545860242986
decision_type=2 2 2 2 2 2 2 2 2 2 2 2 2 2 2 2 2 2 2 2 2 2 2 2 2 2 2 2 2 2
left_child=23 2 3 8 -4 6 -6 -7 10 -10 -2 12 13 -3 -15 16 -14 18 20 -20 -13 -19 -23 24 29 26 -26 28 -27 -1
right_child=1 11 4 -5 5 7 -8 -9 9 -11 -12 17 15 14 -16 -17 -18 21 19 -21 -22 22 -24 -25 25 27 -28 -29 -30 -31
leaf_value=-0.0011265331552303716 0.0032595312237106095 0.0017031985013065008 -0.054494476747796242 -0.051824897056427656 0.21014038780642932 -0.019952937714008946 0.023646464198739666 0.041783031236330981 0.012593549508913669 -0.024642277854559011 -0.033816566656883977 0.0412443964610444 -0.050493033931630543 2.2825668324562431 -0.050101556838276266 -0.050164354010961892 0.035819905824249078 -0.050324554309032501 0.38528531211506767 -0.050232376980143378 0.41924026452777907 0.17576491926257554 0.00087538823224141452 0.00039614689443116075 0.091155793535344962 -6.862820921247404e-05 -0.019005216920063919 0.016325819857144864 -0.047252880321244306 -0.038713980262872337
leaf_weight=11.500186055433007 14.876797154545782 2.370799547185015 1.6493600290268648 8.1004567788913828 1.3358015362173312 4.5318765267729741 1.9731323122978208 4.6006622277200222 32.14152964160894 18.746933272341266 22.494530295953155 0.47684857295826077 1.1866783476434641 0.021434287831652798 0.029887130513088778 7.1480243900441556 2.2101350809680298 2.8714056021999559 0.22831002832390312 2.1683170756441541 0.31932940054684911 1.0160482205683354 326.65884493826889 2401.5807024801798 2.6718979626893997 6.9134436398744619 2.4252868331968811 7.9338511154055569 7.0411252835765481 10.516905901953576
leaf_count=107 496 1457 35 322 48 111 58 67 3077 1143 1538 17 187 12 33 3167 189 639 23 587 46 153 15730 187608 23 62 20 78 104 122
internal_value=-5.50483e-05 -0.0014987 -0.00769486 -0.0123411 0.0240786 0.034495 0.0989332 0.0111475 -0.00871731 -0.00112385 -0.0190573 0.000475221 -0.0221997 0.0212482 0.924133 -0.0321796 0.00566644 0.00135622 0.0415271 -0.00874363 0.19285 0.000968205 0.00141768 0.000214266 -0.00869956 -0.000229582 0.0387402 -0.00930452 -0.0238766 -0.0190809
internal_weight=2907.74 457.157 110.451 96.3602 14.0908 12.4415 3.30893 9.13254 88.2598 50.8885 37.3713 346.706 12.967 2.42212 0.0513214 10.5448 3.39681 333.739 3.19281 2.39663 0.796178 330.546 327.675 2450.58 49.0027 26.9856 5.09718 21.8884 13.9546 22.0171
internal_count=217259 29135 6895 6576 319 284 106 178 6254 4220 2034 22240 5045 1502 45 3543 376 17195 673 610 63 16522 15883 188124 516 287 43 244 166 229
is_linear=0
shrinkage=0.05


Tree=182
num_leaves=31
num_cat=0
split_feature=2 2 1 4 4 3 4 1 0 0 4 4 4 4 2 4 4 0 3 0 0 2 2 3 3 3 2 3 4 0
split_gain=0.441711 2.147 2.0684 3.19573 5.17523 2.541 4.18895 1.89171 10.1871 15.7992 2.44964 2.30522 9.71862 5.59219 1.6035 2.72013 10.2417 9.24723 7.01276 2.13378 4.26776 3.19057 1.41499 3.09578 7.80818 2.81951 2.12623 6.00263 1.4365 1.16667
threshold=1.7825038478759392 1.6569826716253035 0.00096406273243792261 -0.0026263371166451162 -0.0029153941490066555 0.0020485768727559477 0.0026192207510761238 0.0010597354923538899 0.00056027799258662203 0.00078018521977896171 -0.0022701771253394449 0.0015120623367113064 0.0014183521178218197 0.0029518482619737001 1.4425120102715814 0.0034536465685796052 0.0039023963768216601 0.00044971725719478167 -0.00088656206084414258 0.0003563421479308993 -0.00037370770875100318 1.4662852754074944 1.1614133538748133 0.0017746207053299658 0.0011360981514670911 0.0032026155008847428 1.1513805891304885 -0.0012246661895195519 0.00053657480581736927 -0.0012260741933558526
decision_type=2 2 2 2 2 2 2 2 2 2 2 2 2 2 2 2 2 2 2 2 2 2 2 2 2 2 2 2 2 2
left_child=1 14 3 4 -3 -5 -7 8 10 -10 -4 12 -9 -13 22 19 17 -17 -18 20 -16 -21 26 24 -24 -25 28 -28 -1 -2
right_child=29 2 7 5 -6 6 -8 11 9 -11 -12 13 -14 -15 15 16 18 -19 -20 21 -22 -23 23 25 -26 -27 27 -29 -30 -31
leaf_value=-0.0016014959666584732 -0.0091632715864308715 -0.016218048021683387 0.10554195484699876 -0.04122488967854944 0.20768440957405182 0.31159779089542061 -0.050463810629223164 0.013084534739893391 0.39759462208826007 -0.050665917049276005 -0.050738968476480677 -0.039035397843932854 0.18410707161538525 0.011244904288238251 -0.010525346824320256 -0.020552121911171339 0.078772950973227798 0.12710043068580582 -0.0078540012888006615 -0.045298303971289089 0.012235062008442453 -0.010723742199230044 0.0022037638492382996 -0.011538818662995463 0.023983116877350996 0.0020438208671813688 0.023918025515158117 -0.02979407527787431 0.0011577945713097419 0.00017444163192054319
leaf_weight=975.99503687173274 47.690286029828712 0.78375898930244148 0.31345665175467741 5.4714476161752819 0.38478041620692216 0.13808296725619573 0.18955403036670759 41.968542035669088 0.44604606693610538 0.3514493303373456 1.2532898895442477 7.4753027064725783 0.84746153093874355 21.250612195581198 66.889315548061859 1.618363054236396 2.5019966429099432 3.0756765871774405 35.270843013306148 7.9539709825330638 29.758922234948841 41.419706069849781 359.95313613844337 65.048177656506596 46.465124776237644 92.593487981008366 7.2296263743774061 18.542977026707376 912.85462872826974 112.0334401698783
leaf_count=94761 1737 43 17 1481 22 22 29 1589 33 33 108 306 32 525 3772 79 32 139 1095 458 3877 2628 25047 3022 2719 2529 351 1371 60037 9365
internal_value=-5.74618e-05 9.11085e-05 0.00811705 -0.0179254 0.0575093 -0.0331258 0.102127 0.0105722 0.0545761 0.20005 -0.0194721 0.00911804 0.0164696 -0.00183946 -0.000152253 -0.00459802 0.00653995 0.0761943 -0.00211601 -0.00783723 -0.0035172 -0.0162936 0.00018582 0.0023868 0.00469376 -0.00356083 -0.000462601 -0.014727 -0.000267969 -0.00261361
internal_weight=2907.77 2748.04 80.8738 6.96762 1.16854 5.79908 0.327637 73.9062 2.36424 0.797495 1.56675 71.5419 42.816 28.7259 2667.17 188.489 42.4669 4.69404 37.7728 146.022 96.6482 49.3737 2478.68 564.06 406.418 157.642 1914.62 25.7726 1888.85 159.724
internal_count=217259 206157 4240 1597 65 1532 51 2643 191 66 125 2452 1621 831 201917 12080 1345 218 1127 10735 7649 3086 189837 33317 27766 5551 156520 1722 154798 11102
is_linear=0
shrinkage=0.05


Tree=183
num_leaves=31
num_cat=0
split_feature=3 1 4 4 3 1 1 0 0 0 4 0 4 4 2 4 2 4 4 4 1 2 2 4 1 1 0 4 2 2
split_gain=0.452321 2.67154 2.03791 4.00987 4.95715 3.74788 3.38985 2.71083 2.04644 2.8186 7.47579 2.00545 1.88041 1.86203 7.81154 3.37175 7.57593 7.75419 3.13104 6.49303 5.36467 2.08486 5.9863 1.96584 1.37154 5.99279 1.33248 0.715498 0.553009 3.32084
threshold=-0.003655689453122057 0.00098039215686279561 -0.01971381338445027 -0.014204142243387006 0.0017746207053299658 0.0067721926761230332 0.005268957745367479 -0.0031018881020380968 -0.0011204104758168463 -0.00097312668937610247 0.0012394102977167922 -0.0023838248343276964 -0.0011523906719678176 0.0049768582619036392 1.2388704002777742 -0.0026263371166451162 0.36216049067078748 -0.0013632637632950415 -0.0033391057645187345 -0.0037597030781724157 0.0016911531550576442 0.84162965215330232 0.78959709659327248 0.011546940387684558 0.00098850642226032425 0.001036357973487045 -0.004194376370928842 -0.0084185540980666867 0.77331692293408028 0.84162965215330232
decision_type=2 2 2 2 2 2 2 2 2 2 2 2 2 2 2 2 2 2 2 2 2 2 2 2 2 2 2 2 2 2
left_child=1 27 11 4 5 7 -6 -4 24 10 -10 26 -11 15 21 18 -17 -18 19 -3 -20 22 -15 -23 -5 -26 -2 -1 -13 -30
right_child=2 13 3 8 6 -7 -8 -9 9 12 -12 28 -14 14 -16 16 17 -19 20 -21 -22 23 -24 -25 25 -27 -28 -29 29 -31
leaf_value=0.021255581416870291 -0.022458698410588125 0.00014110738828864783 0.048681686340604921 -0.050545694956758529 0.0025853488497751668 0.060770759490250938 0.085486068345374353 -0.045576422858266324 -0.0025043402490128024 -0.0029203141229693671 0.034657281213030904 -0.054614562960501468 0.00072694354502463943 -0.024818997045355881 0.06468581810086492 0.25020687696337551 0.037314278819621551 0.0016722477472335786 0.055243383560718257 0.043636831018982469 -0.035599947087323128 -0.055531555002527822 0.053690433741553294 -0.010930077087404434 0.13665138305897637 -0.003969278487653583 0.043428152302439578 -0.051068836144159746 0.058388902267306891 -0.053170233444103335
leaf_weight=0.38600598339689929 1.5514026097953322 295.93399439216591 0.96395115833729494 1.5672306509150065 1.7470693839713929 1.7083939537405965 4.1917202323675156 3.6552584008313698 37.089485466582119 454.63746790272126 21.308665930875577 3.0059146904386562 1586.9260366239141 11.216343631967908 3.0510298833250991 0.3319023207295676 20.536227907054126 59.39355915854685 1.8853207138599817 8.8363276021555048 11.777209373190997 6.0690668877214176 3.0988509040325871 4.1666409410536289 0.75927924318238993 353.81312085303944 1.5184147655963895 2.9970450327891731 0.88685665838420424 2.6918350616469979
leaf_count=18 22 8010 15 294 30 19 39 86 2886 41797 923 51 144564 126 23 27 739 1368 153 374 424 88 32 42 63 14535 20 417 15 59
internal_value=-5.73924e-05 0.00144022 -0.000317072 -0.000227398 0.028289 -0.00250433 0.0610984 -0.0259063 -0.000369816 0.000224546 0.0110554 -0.0232443 -8.52673e-05 0.00179144 -0.0107676 0.00266091 0.0118196 0.0108297 0.000352449 0.0014022 -0.0230643 -0.0201445 -0.00782384 -0.0373757 -0.00387444 -0.00366815 0.0101307 -0.0428166 -0.0388041 -0.0255241
internal_weight=2907.7 429.68 2478.02 2468.37 12.2664 6.3276 5.93879 4.61921 2456.1 2099.96 58.3982 9.65442 2041.56 426.296 27.6019 398.695 80.2617 79.9298 318.433 304.77 13.6625 24.5509 14.3152 10.2357 356.14 354.572 3.06982 3.38305 6.58461 3.57869
internal_count=217259 11841 205418 205251 189 120 69 101 205062 190170 3809 167 186361 11406 311 11095 2134 2107 8961 8384 577 288 158 130 14892 14598 42 435 125 74
is_linear=0
shrinkage=0.05


Tree=184
num_leaves=31
num_cat=0
split_feature=2 2 3 4 3 1 2 3 1 1 0 1 3 2 0 0 1 1 0 1 2 4 0 0 2 4 3 3 2 1
split_gain=0.449421 1.28247 2.66327 5.39856 4.86452 4.6159 2.81469 1.835 1.78615 1.8517 1.41745 1.04028 2.45447 0.515447 3.09253 8.00064 3.03793 2.73012 7.69879 4.42327 2.12006 4.88583 7.42013 9.1662 2.25494 4.40147 3.59483 2.35212 2.01339 4.59889
threshold=0.34453880725394309 0.29742616521594717 -0.0013699966399274841 -0.0020189592876319602 -0.0013390003577793406 0.0015086295975348847 0.22869835620335524 -0.0039933823194118192 0.0020193616060681335 0.0056485277306448922 -0.0055684417603187866 0.0010285714285713868 0.0024764714389029501 0.47686712789713726 -0.0019809674069558576 -0.0017869309056413594 0.0026631804666368188 0.0024403359147280746 0.0021976696440473291 0.0042965750736341278 0.49412933901584216 -0.0035390798218613013 3.9088288775190889e-05 -0.00072359225353257884 0.50260765782268979 -0.0011523906719678176 0.0030906884402587269 0.00056755606315639373 0.51943708244645481 0.0061176626780651425
decision_type=2 2 2 2 2 2 2 2 2 2 2 2 2 2 2 2 2 2 2 2 2 2 2 2 2 2 2 2 2 2
left_child=1 2 10 5 -5 -4 -6 8 -3 -10 -1 12 -9 14 -2 16 -16 18 -17 -19 21 22 23 -15 25 26 -22 -27 29 -26
right_child=13 7 3 4 6 -7 -8 11 9 -11 -12 -13 -14 20 15 17 -18 19 -20 -21 24 -23 -24 -25 28 27 -28 -29 -30 -31
leaf_value=0.053109137359706127 -0.027184166337628282 0.15165220003786573 -0.0504553413023121 0.29046335375490606 -0.050524519556784567 0.18188425521047108 0.016995005612753918 -0.050158450948172666 -0.050986249135064665 0.096809692767250655 -0.050613605801254916 -0.051100141797929911 0.068137039088108461 0.018448506012209664 0.03672565490338605 0.010026412781488706 0.18669905380372176 -0.028578532024615372 0.18715155970307581 0.015832750691874255 -0.052098529217599249 -0.037221289345898328 -0.053001045333510521 0.24579645059888247 -0.027822819665319295 0.08699484894444659 0.15099984170144132 0.022340206480318925 -5.6388110566660146e-07 0.080317800141853496
leaf_weight=0.37610953394323621 7.0886169419609351 0.24674229009542592 0.2907926878906435 0.14269017017068097 2.2585640049364883 0.80709100584499538 4.8753811639908236 1.167825982938665 0.60950170154683292 0.32489477656781673 2.6512190369030586 3.9011253544595093 0.70212417590664689 1.3247049459023399 0.56840025281417073 40.118059625958267 0.83182768151164055 12.651140982285144 0.62300963350571592 10.068642674013971 2.116946743728477 10.192193565828346 1.4898970683570949 0.6663709253771225 12.493914864247925 2.4515527552066469 0.24286972451955069 3.3005319826479536 2781.8831003926243 1.0671111568808545
leaf_count=9 200 27 159 5 1349 23 1316 1166 51 8 538 417 46 40 31 7748 19 404 16 109 221 1529 77 42 1707 349 7 271 199367 8
internal_value=-5.64722e-05 -0.00785577 0.00246475 0.0169939 0.00140045 0.120345 -0.00438127 -0.0247817 0.0319994 0.00040321 -0.0377273 -0.0364029 -0.00574116 -6.92564e-06 0.00417207 0.00759896 0.12582 0.00499049 0.012735 -0.00889695 -0.000113654 -0.0197542 0.031389 0.094537 -1.78652e-05 0.0263059 -0.0311959 0.0498962 -9.42521e-05 -0.0193133
internal_weight=2907.53 18.3541 11.4018 8.37452 7.27664 1.09788 7.13395 6.95221 1.18114 0.934396 3.02733 5.77108 1.86995 2889.18 71.9497 64.8611 1.40023 63.4609 40.7411 22.7198 2817.23 13.6732 3.48097 1.99108 2803.56 8.1119 2.35982 5.75208 2795.44 13.561
internal_count=217259 5114 3399 2852 2670 182 2665 1715 86 59 547 1629 1212 212145 8527 8327 50 8277 7764 513 203618 1688 159 82 201930 848 228 620 201082 1715
is_linear=0
shrinkage=0.05


Tree=185
num_leaves=31
num_cat=0
split_feature=4 4 2 2 0 1 1 0 1 0 1 1 3 3 0 1 3 2 3 3 3 3 4 1 2 1 3 3 2 0
split_gain=0.429383 5.21899 2.65912 10.4298 10.9096 14.7465 5.95718 3.29549 2.98355 5.25952 2.99863 2.62111 3.10409 7.83341 6.79831 2.92978 4.44831 5.28064 3.21324 8.99609 2.94115 2.47403 2.4213 3.33998 5.88938 6.56462 6.17574 6.09723 11.3748 10.5381
threshold=-0.006727181012526561 -0.0072103739624060905 0.73501746646327015 0.83822268376128084 -0.0014497821924953078 0.0023611463919433881 0.005268957745367479 -0.0016332728877958556 0.0024403359147280746 -0.00044909232215967204 0.001791124272628825 0.0035081014974155207 -0.0011697350550594619 -0.001499358233589043 -0.00085854310017813285 0.0037121740626717237 0.0053056359932970318 1.082084480294645 -0.0050342660976505629 -0.003655689453122057 -0.008236769578310486 -0.0023513051381148782 -0.0040004886835539035 0.0038351013627134357 0.98510136411759774 0.0015405851235082682 0.0034657630665670962 -0.0021666830290552603 0.99527263819259493 -0.00083681698517462644
decision_type=2 2 2 2 2 2 2 2 2 2 2 2 2 2 2 2 2 2 2 2 2 2 2 2 2 2 2 2 2 2
left_child=1 11 8 4 -4 -6 7 -5 9 10 -3 12 13 21 -15 16 17 -13 20 -20 -17 -1 23 24 25 -2 -27 28 -26 -29
right_child=22 2 3 6 5 -7 -8 -9 -10 -11 -12 15 -14 14 -16 18 -18 -19 19 -21 -22 -23 -24 -25 27 26 -28 29 -30 -31
leaf_value=-0.0053555850397113336 -0.038907001574873534 0.021189080687318423 0.28196160626790079 -0.038401515207920234 0.18660746185247168 -0.052621412686623098 0.079732666701033017 0.017119284151569519 -0.038008400885030595 -0.050751132028012319 0.18124270838483614 -0.009170187065328737 -0.034194449215197424 -0.051154295039019394 0.1472961562491063 0.00088325195400560394 0.14757276109620029 0.070208356113849305 0.046994057992044508 0.00092718274765058351 -0.015739449516388889 -0.050960330576957563 0.00015652391446488272 -0.0166782189107554 0.17304903467381605 -0.0069321831916531089 0.076577343769646783 0.073439667011775539 -0.0074940134062295178 0.006248991604632945
leaf_weight=47.255415525869466 17.162816936368472 0.53598153758503053 0.74222740344703231 3.7544789330568191 1.2611670736223488 1.3167133573442695 2.9568814355880013 9.2759022926911658 3.1963388277217746 0.92290122457780199 0.64455933589488268 5.8059984594583476 10.386431723542044 0.60586563777178559 1.5000011646188784 119.00564212491736 0.73235609196126539 3.2781396452337503 13.364857906475661 51.187565772794187 34.274627767503262 3.1736144707538179 2406.8156068291319 50.933098108973354 0.8917903071269383 46.363848027773201 2.3249104041606179 8.4208776308223623 40.152848007564899 19.007745894603431
leaf_count=2492 2589 40 13 149 63 34 38 324 79 92 26 169 544 33 60 1455 8 108 232 816 683 226 199316 1072 44 2607 71 435 2464 977
internal_value=-5.55615e-05 0.00168704 0.0237966 0.0324081 0.113049 0.0644157 0.0156612 0.00112193 -0.00757529 0.0386701 0.108576 -0.00018533 -0.0092181 -0.00428015 0.0902012 0.00231129 0.0290314 0.0194747 0.00110717 0.0104648 -0.00283371 -0.0082256 -0.000267449 -0.00577558 -0.00164153 -0.0123174 -0.00294457 0.0086256 -0.0035713 0.0268772
internal_weight=2907.25 315.178 24.6072 19.3074 3.32011 2.57788 15.9873 13.0304 5.29978 2.10344 1.18054 290.571 62.9213 52.5349 2.10587 227.649 9.81649 9.08414 217.833 64.5524 153.28 50.429 2592.07 185.258 134.325 65.8516 48.6888 68.4733 41.0446 27.4286
internal_count=217259 7684 858 621 110 97 511 473 237 158 66 6826 3355 2811 93 3471 285 277 3186 1048 2138 2718 209575 10259 9187 5267 2678 3920 2508 1412
is_linear=0
shrinkage=0.05


Tree=186
num_leaves=31
num_cat=0
split_feature=3 1 4 4 3 2 1 0 3 0 0 4 0 4 2 4 4 0 0 4 4 1 2 2 4 4 1 1 4 0
split_gain=0.427488 2.50778 1.88797 3.52083 4.15273 3.64836 3.28281 2.47905 2.11867 1.90118 2.48484 6.50745 1.89929 1.71424 6.9318 2.9511 5.9734 5.88597 4.47839 2.8965 5.60046 4.88976 1.98196 5.32436 1.93617 1.66959 1.36722 6.42107 3.61332 1.16815
threshold=-0.003655689453122057 0.00098039215686279561 -0.01971381338445027 -0.014204142243387006 0.0017746207053299658 0.87714508791165013 0.0067721926761230332 -0.0031018881020380968 0.0062730539899076296 -0.0011204104758168463 -0.00097312668937610247 0.0012394102977167922 -0.0023838248343276964 0.0049768582619036392 1.2388704002777742 -0.0026263371166451162 -0.0013632637632950415 0.00015883700144803117 0.0018536320536591824 -0.0033391057645187345 -0.0037597030781724157 0.0019941189060245688 0.84162965215330232 0.78959709659327248 0.011546940387684558 -0.0011523906719678176 0.0015086295975348847 0.0015247593739911665 0.0028777600058533808 -0.004194376370928842
decision_type=2 2 2 2 2 2 2 2 2 2 2 2 2 2 2 2 2 2 2 2 2 2 2 2 2 2 2 2 2 2
left_child=1 -1 12 4 6 8 7 -4 -6 26 11 -11 29 15 22 19 17 -17 -18 20 -3 -21 23 -15 -24 -12 28 -28 -5 -2
right_child=2 13 3 9 5 -7 -8 -9 -10 10 25 -13 -14 14 -16 16 18 -19 -20 21 -22 -23 24 -25 -26 -27 27 -29 -30 -31
leaf_value=-0.042469130532774048 -0.021695078814466792 0.00019482139819655561 0.044241573001675687 -0.020615515391347601 0.062082048376487731 0.11668639614890369 0.054925022113892157 -0.04481208830577868 -0.0071092488767683206 -0.0024628047888513691 -0.0027559126026836592 0.031868503000588265 -0.038190307583834848 -0.024035821428602201 0.059256788648978723 0.018738718511212425 0.0069570586972051629 0.079607072821314406 -0.043938446771639363 0.034896564250662045 0.039828071443658797 -0.038319151162835095 -0.055248387861182205 0.04906464175100244 -0.010473322172362151 0.00068524244477406694 0.11076204742392311 -0.003316423179045683 0.049710230773849153 0.039764016048615097
leaf_weight=3.2332839868759029 1.5205353908240797 295.54695636162069 1.0045446548610923 22.976221493488996 2.4913395438343287 1.7385726477950809 1.7919350266456602 3.5194622976705414 1.9901807121932504 37.055542978894664 453.04002649606991 21.996362925914582 6.3756150046829116 11.028758496046072 3.1606353837996712 16.08226151671261 55.10972242616117 5.27421148167923 4.6900089420378199 2.9153797535691401 9.1906071270350349 10.470835409360005 5.8027324490249139 3.2177163586020461 4.1348559390753508 1588.0888346435058 1.2381463535130013 328.92529687774368 1.984227172739337 1.57297046482563
leaf_count=435 22 8010 15 2284 27 22 19 86 20 2886 41797 923 125 126 23 591 1303 158 82 220 374 357 88 32 42 144564 93 12364 151 20
internal_value=-5.61265e-05 0.00139941 -0.000308689 -0.000223188 0.0262074 0.055206 -0.00235115 -0.0250379 0.0313552 -0.000358134 0.00021399 0.0103253 -0.0225921 0.00173188 -0.0103792 0.00256131 0.0110719 0.0337708 0.0029654 0.000390182 0.00139012 -0.0223735 -0.01948 -0.00752531 -0.0366183 -7.85413e-05 -0.00374164 -0.00288862 -0.015025 0.00955534
internal_weight=2907.17 429.858 2477.31 2467.84 12.536 6.22009 6.31594 4.52401 4.48152 2455.3 2100.18 59.0519 9.46912 426.625 27.3447 399.28 81.1562 21.3565 59.7997 318.124 304.738 13.3862 24.1841 14.2465 9.93759 2041.13 355.124 330.163 24.9604 3.09351
internal_count=217259 11841 205418 205251 189 69 120 101 47 205062 190170 3809 167 11406 311 11095 2134 749 1385 8961 8384 577 288 158 130 186361 14892 12457 2435 42
is_linear=0
shrinkage=0.05


Tree=187
num_leaves=31
num_cat=0
split_feature=4 4 3 3 1 0 4 1 1 0 4 2 0 1 3 4 4 4 0 0 0 0 1 1 0 3 2 2 4 3
split_gain=0.435893 4.99684 6.74089 6.04411 8.99991 22.6806 8.57202 5.6446 5.86328 5.56224 4.08634 2.6878 5.64714 2.06386 4.04018 3.86908 5.61046 3.88814 2.53307 3.74165 4.98183 4.03492 3.28215 4.26506 1.73078 1.64481 6.28867 5.40042 3.71105 3.0839
threshold=0.002140125149860395 0.0020063374547492079 0.0057299358542175502 -0.00097566309739072199 0.0017294895297443541 0.00020327856641044753 0.0020941035205677143 0.00075971265496871333 0.00065724613867885128 0.00021109833302668249 0.0021869091595756456 0.48558951278182411 -0.00051389623808134599 0.0067721926761230332 -0.009891647969271054 0.0070555599005127654 0.0031040181161879903 0.007554381552405399 -0.0015057489717635872 -0.00087923799389472135 -0.00058846988893312957 -0.001000549577486076 0.0023243785867566005 0.0024831739352366659 0.0056292144424607846 0.0030906884402587269 0.70172751240425102 0.68631237630519693 -0.00048080185863258457 0.0029821023538564311
decision_type=2 2 2 2 2 2 2 2 2 2 2 2 2 2 2 2 2 2 2 2 2 2 2 2 2 2 2 2 2 2
left_child=1 24 3 4 5 -3 -6 8 -5 -9 11 12 -2 18 -15 16 -16 -17 22 21 -21 -20 -12 -24 25 29 27 -27 -28 -1
right_child=10 2 -4 7 6 -7 -8 9 -10 -11 13 -13 -14 14 15 17 -18 -19 19 20 -22 -23 23 -25 -26 26 28 -29 -30 -31
leaf_value=-4.0056506142468477e-05 0.39827876538293644 0.054417579344621415 0.15032535313453721 0.018243445778541915 -0.030993796654235087 0.52723560213583254 0.14472421003559352 -0.03141634225870097 0.13223431101196714 0.018046448056977735 -0.0434533313837836 -0.03638675818654382 -0.050483154253131261 -0.036527577489303284 -0.038799602607185499 -0.057594253102523842 0.039777056424905949 0.005351472082116681 0.0039404635173544049 -0.019472838972428175 -0.00053719788967536181 0.033828872027898499 0.053100472115916814 -0.0090126952977445957 -0.014053316156321686 0.021547767735634993 -0.011751247139942843 0.11098744094016844 0.0099426192118642256 -0.035492567337904631
leaf_weight=1819.4255080074727 0.11114278389140964 0.95055946471984387 0.9556050430983295 3.6117683451448128 2.1975442180410028 0.34593920384941157 1.0144409574568274 10.098957508802416 1.6404526550322769 13.000329227943437 6.6048433296382418 10.160749629008931 0.18985050445917195 5.3624420687556258 2.6475650034844902 2.527080036699771 16.001697083935142 84.018425074405968 45.050091714860173 36.804282604105538 617.83245550363426 15.069079730630618 2.8672502385452381 76.560184715781361 21.569239809177816 23.532632352049408 38.571015772875398 1.8181416783481825 40.321683489695715 6.1547790512631755
leaf_count=172006 8 76 18 694 54 26 30 629 197 816 387 781 44 38 29 25 175 737 1668 1803 30725 618 120 1660 277 760 1043 55 1465 295
internal_value=-5.51858e-05 0.000362023 0.0194179 0.0156109 0.0693853 0.180578 0.0245032 0.00705968 0.0538468 -0.00357858 -0.000953689 -0.0320248 0.115224 -0.000597009 0.00580673 0.00796478 0.0286218 0.00351349 -0.00148111 -0.000505479 -0.00160178 0.0114321 -0.00958668 -0.00677047 3.1805e-05 0.000189232 0.00629787 0.0279623 -0.000663615 -0.000159581
internal_weight=2907.02 1985.21 33.8156 32.86 4.50848 1.2965 3.21199 28.3515 5.25222 23.0993 921.807 10.4617 0.300993 911.345 110.557 105.195 18.6493 86.5455 800.788 714.756 654.637 60.1192 86.0323 79.4274 1951.39 1929.82 104.243 25.3508 78.8927 1825.58
internal_count=217259 178441 2540 2522 186 102 84 2336 891 1445 38818 833 52 37985 1004 966 204 762 36981 34814 32528 2286 2167 1780 175901 175624 3323 815 2508 172301
is_linear=0
shrinkage=0.05


Tree=188
num_leaves=31
num_cat=0
split_feature=1 0 3 4 2 0 3 3 0 0 1 2 1 0 1 1 4 4 1 1 0 3 4 4 4 3 0 1 4 4
split_gain=0.436836 4.06935 8.34312 2.8471 4.72406 5.01487 15.3517 6.51817 4.29638 8.40653 15.4634 5.0487 4.66936 4.03201 4.92913 4.10311 2.24499 5.42665 2.06869 0.785992 14.5468 20.4325 5.80352 11.4471 4.32162 9.27255 7.82707 1.50535 1.95405 19.0217
threshold=0.00075971265496871333 0.00044052054859633488 0.0057299358542175502 -0.0012708811288795194 1.0995297947815661 -0.00066087965962752227 -0.00017403803690274608 -0.00061996923456641973 -0.0005374883170990995 -0.00052557217148785351 0.00062545542669983076 1.8838968307611406 0.00070346068014652768 0.00040057738397258907 0.00050463104117278855 0.00061911524042945255 -0.00091343094814744219 -0.00089018495109138829 0.00036699397080849937 0.00077891588765236907 -0.00079713033080913698 -0.00082630443245995655 0.0046081204878948298 0.0051831436545213281 -0.00011827880845804993 0.00036129859506206513 0.00058304149523669146 0.0007849198348256264 0.00053657480581736927 0.00065600118084618863
decision_type=2 2 2 2 2 2 2 2 2 2 2 2 2 2 2 2 2 2 2 2 2 2 2 2 2 2 2 2 2 2
left_child=1 3 16 8 5 6 -5 -7 11 10 -10 -1 -11 15 -15 -6 -3 -18 -19 20 21 -2 24 -24 26 -26 -22 28 -21 -30
right_child=19 2 -4 4 13 7 -8 -9 9 12 -12 -13 -14 14 -16 -17 17 18 -20 27 22 -23 23 -25 25 -27 -28 -29 29 -31
leaf_value=-0.05033376109661554 -0.050241708193021539 -0.050424511611523427 0.43050588951645424 0.17654929231819222 -0.0062452846063426907 -0.021315412200968751 -0.050444925801423804 0.0052383530961149045 0.66159275139591678 0.0061789482814575483 -0.050245168282204683 0.21444995282443269 0.047400370231137419 0.15725163643476792 0.0090616931647287385 -0.031002465008476993 0.28883177262561138 0.061906435430417517 -0.017556812712741881 -0.050405671128322505 -0.042917293989161054 0.93412650951926635 0.47700628580094107 -0.050479621023750545 0.085562583974971962 -0.013242411553390999 0.17330494353707249 0.00015679095199492416 0.501662240299108 -0.029707051267458168
leaf_weight=3.9895554847098529 0.1096242843195796 4.8821979719214132 0.10356981883523886 1.5376469529146564 47.961587312849588 27.232604201912181 1.4446425360074489 152.6880508504546 0.14047973723790974 42.973677270827466 0.16697387065505609 0.18853423203108821 8.1771423227037285 0.72235799778718446 2.5142982525285333 25.705964375054464 0.14727763237897207 0.84193507571763504 30.112216381821781 3.3313347059302023 6.5489805711549787 0.10155076766386884 0.18942126457113673 0.22505001921672374 3.6762825936893897 6.7060838797478937 0.44711635867133726 2531.4720909451426 0.18111318978481028 2.403294735471718
leaf_count=1040 27 1095 12 384 13402 7093 314 42001 40 9352 40 35 1267 130 323 3648 23 464 5424 521 1037 20 16 31 523 817 90 127765 23 302
internal_value=-5.55506e-05 -0.00170812 -0.0176132 0.000111441 -0.00208674 0.00228512 0.0665917 0.0012192 0.0103764 0.0143355 0.275003 -0.0383855 0.0127687 -0.0124844 0.0421348 -0.0148842 -0.018903 -0.0139548 -0.0153955 0.000171784 0.010582 0.423126 0.00568569 0.190591 0.00127574 0.0217434 -0.0290987 9.79183e-05 -0.025095 0.00753087
internal_weight=2906.92 351.531 36.0872 315.444 259.807 182.903 2.98229 179.921 55.6364 51.4583 0.307454 4.17809 51.1508 76.9042 3.23666 73.6676 35.9836 31.1014 30.9542 2555.39 18.0041 0.211175 17.7929 0.414471 17.3785 10.3824 6.9961 2537.39 5.91574 2.58441
internal_count=217259 86087 7018 79069 67295 49792 698 49094 11774 10699 80 1075 10619 17503 453 17050 7006 5911 5888 131172 2561 47 2514 47 2467 1340 1127 128611 846 325
is_linear=0
shrinkage=0.05


Tree=189
num_leaves=31
num_cat=0
split_feature=1 1 3 3 3 0 1 3 3 2 2 1 0 3 4 3 4 4 4 3 1 0 4 1 4 2 2 2 2 3
split_gain=0.442253 2.85885 2.17724 2.02929 3.17669 10.6594 2.12839 3.4155 1.59505 0.680684 7.32201 0.600357 6.65025 10.8255 28.0605 5.6669 5.10313 3.6166 36.0995 4.56073 2.71121 2.00798 5.49361 1.53987 2.68647 6.90955 0.633379 0.615122 3.0143 1.60698
threshold=0.00051486429304699712 0.00050463104117278855 0.0034657630665670962 0.0020485768727559477 0.00199614667989001 0.00040057738397258907 0.00049390678825223921 -0.00039398164263898522 -0.0026429864807377963 0.66196614276460553 0.65761401194942759 0.00052962154439025486 -0.00037370770875100318 -0.00088656206084414258 -0.0010971279669385046 0.001734335575684365 0.0013578870664454625 -0.00034135321466971508 -0.00028248386939910825 0.0030906884402587269 0.00053453280038740175 0.00044052054859633488 0.0011556095118984146 0.00054047326974703382 0.00061446998817271681 0.65315561471276451 0.93024697564893122 1.0606706014816532 1.086337543049992 -0.0030072046909129786
decision_type=2 2 2 2 2 2 2 2 2 2 2 2 2 2 2 2 2 2 2 2 2 2 2 2 2 2 2 2 2 2
left_child=1 3 9 4 6 -6 8 -8 -1 10 -3 12 13 14 -2 16 -15 -14 -19 -20 21 -13 -23 24 25 -22 -26 29 -29 -25
right_child=11 2 -4 -5 5 -7 7 -9 -10 -11 -12 20 17 15 -16 -17 -18 18 19 -21 23 22 -24 27 26 -27 -28 28 -30 -31
leaf_value=0.065426292416896667 -0.050264090712701631 -0.050299422135240482 0.10512697190776044 -0.050493743231367363 -0.05024602012366719 0.73169311499983736 -0.022283893223654073 0.045356232663841554 -0.0033002133854105938 -0.05021176312788761 0.3590244574744359 -0.050318160825406605 -0.038943373363127406 -0.050343773475865286 0.80414096550149494 0.35433724892416268 0.25128652536029189 0.66463499480334542 -0.0028251122822973936 0.269667225240803 0.20539203584214502 -0.050411167524031367 0.33672882210711297 0.0027210747231903179 -0.050408418363372801 0.021743658633408172 0.006733617572800216 0.010244431213223182 0.0001973983585853153 -0.0014403614880054442
leaf_weight=0.8516156291225333 0.21231555653503165 1.0520963667659078 0.26251201960258175 2.0486255582000004 0.13710011841612768 0.063896993378875777 2.7653889407520182 5.7404617319116351 97.498785550771572 4.864677783800289 0.12191365100443352 3.9860591788310549 4.3646520600887007 0.91292577132116892 0.17555446201004077 0.12289389013312746 0.16567259992007166 0.20976748981047322 9.4597583787399309 0.15608934266492802 0.58516692262492043 0.316751712351106 0.1289356934139505 285.70038629329065 1.0906595212873069 4.1058515848126262 0.87319827370811243 79.763380340533331 1165.3171526532969 1233.9253898027237
leaf_count=207 50 351 4 700 51 18 530 1122 45099 1344 9 777 805 178 37 9 22 29 1446 14 100 54 14 9200 161 465 117 4074 61057 89215
internal_value=-5.76733e-05 -0.00309082 -0.0358371 -0.00119962 -0.000256334 0.198332 -0.00062988 0.0233653 -0.00270511 -0.0419651 -0.00779368 6.77205e-05 0.00979285 0.106782 0.33645 0.0326403 -0.00401339 -0.00107032 0.0157533 0.00159812 1.24358e-05 -0.0390642 0.061587 7.49241e-05 0.0240976 0.0446523 -0.0250011 1.70997e-05 0.00084104 -0.000657982
internal_weight=2906.98 115.407 6.3012 109.106 107.057 0.200997 106.856 8.50585 98.3504 6.03869 1.17401 2791.57 15.7796 1.58936 0.38787 1.20149 1.0786 14.1903 9.82562 9.61585 2775.79 4.43175 0.445687 2771.36 6.65488 4.69102 1.96386 2764.71 1245.08 1519.63
internal_count=217259 49435 1708 47727 47027 69 46958 1652 45306 1704 360 167824 2590 296 87 209 200 2294 1489 1460 165234 845 68 164389 843 565 278 163546 65131 98415
is_linear=0
shrinkage=0.05


Tree=190
num_leaves=31
num_cat=0
split_feature=2 2 3 4 0 0 3 2 3 1 1 0 1 3 2 3 4 0 1 3 2 0 4 0 1 2 0 3 3 4
split_gain=0.44697 1.17847 2.41858 4.55141 3.65922 4.13294 3.63787 2.58922 1.65234 1.42278 1.64695 1.32003 1.00996 2.22672 0.50374 2.14 10.2534 6.75241 6.15528 6.12636 17.5978 4.00638 5.13504 6.68622 2.72513 1.89901 2.80257 2.02885 5.22973 1.66948
threshold=0.34453880725394309 0.29742616521594717 -0.0013699966399274841 -0.0020189592876319602 3.2840101199749234e-05 -0.00079713033080913698 -0.0013390003577793406 0.22869835620335524 -0.0039933823194118192 0.0018535137194941448 0.0056485277306448922 -0.0055684417603187866 0.0010285714285713868 0.0024764714389029501 0.54038694474353488 0.0019035412212616845 0.0047709974741092518 -0.0035137435184973138 0.0021299254526091871 0.0016953271266587635 0.51139994996639848 -0.00051389623808134599 -0.010349860933211661 0.00068061316712897401 0.004482170560911815 0.55399626424720017 -0.0031018881020380968 0.00063303850979834497 0.00086941774540016958 0.0070555599005127654
decision_type=2 2 2 2 2 2 2 2 2 2 2 2 2 2 2 2 2 2 2 2 2 2 2 2 2 2 2 2 2 2
left_child=1 2 11 4 5 -4 -5 -8 9 -3 -11 -1 13 -10 15 16 19 -18 -19 24 -21 29 -23 -24 -2 26 -16 -28 -29 -17
right_child=14 8 3 6 -6 -7 7 -9 12 10 -12 -13 -14 -15 25 21 17 18 -20 20 -22 22 23 -25 -26 -27 27 28 -30 -31
leaf_value=0.049234109654050895 -0.0050139037648361216 0.12709278221105516 0.04272715620685788 0.22840131351896079 -0.051334891956981848 0.25859820985072551 -0.050500415101088741 0.015121903847449781 -0.050150849622716202 -0.050932408424016397 0.085352461048123995 -0.050584398142483715 -0.051053722540450708 0.062502278723330515 0.048818832212553891 -0.052249972534188928 0.22886452597510543 0.11388330588919462 0.022073104453441534 0.020102813130652295 0.4376572832155855 0.1255656284722316 0.026069479874159168 -0.022678809641368414 0.017490566645500871 -6.1335611814266209e-05 -0.044727808607313208 0.15039526529851696 -0.018474827973154972 -0.011300276308457022
leaf_weight=0.3813568991608921 68.135343996313168 0.27970627124886938 0.42038198110094527 0.17144249798730005 0.27766164772037882 0.46918747210293055 2.1523264803472557 4.9837623941784841 1.1119636863513722 0.60647909273393452 0.34938617330044508 2.5186759200732931 3.7075090317521244 0.7244237721824901 1.4062131866812695 5.6032178413588536 0.5236794650554647 2.4196704894566192 7.4357676412910223 1.4103983061868337 0.30731248039955961 0.82354058977216738 12.63071584300633 15.874361887155827 16.761324753984809 2737.964084074425 6.6761510993928805 0.49739825901633583 5.8584720236758585 4.4782125561032444
leaf_count=9 12623 25 18 5 73 91 1349 1316 1166 53 8 538 417 46 16 296 5 185 114 214 56 12 907 640 173 195110 1117 97 465 115
internal_value=-5.88729e-05 -0.00787982 0.00195497 0.015442 0.107124 0.156584 0.000797573 -0.00467054 -0.0243809 0.0279063 -0.00111781 -0.0374582 -0.0360342 -0.0057111 -9.72335e-06 0.00295618 0.00694824 0.0539104 0.044614 0.0013207 0.0948067 -0.00686881 0.00247789 -0.00107824 -0.0005708 -0.000156708 -0.0182424 -0.0254786 -0.00525938 -0.03406
internal_weight=2906.96 18.1543 11.3748 8.47476 1.16723 0.889569 7.30753 7.13609 6.77947 1.23557 0.955865 2.90003 5.5439 1.83639 2888.81 136.404 96.9935 10.3791 9.85544 86.6144 1.71771 39.41 29.3286 28.5051 84.8967 2752.4 14.4382 13.032 6.35587 10.0814
internal_count=217259 5114 3399 2852 182 109 2670 2665 1715 86 61 547 1629 1212 212145 15340 13370 304 299 13066 270 1970 1559 1547 12796 196805 1695 1679 562 411
is_linear=0
shrinkage=0.05


Tree=191
num_leaves=31
num_cat=0
split_feature=0 0 4 2 4 2 2 4 3 0 1 4 1 2 1 1 2 2 3 3 3 3 1 4 1 1 4 0 2 0
split_gain=0.421138 2.37978 7.50937 14.6305 18.629 8.22286 6.83693 9.72383 6.61614 4.05203 4.48871 3.18527 5.54397 6.47842 3.85371 7.42458 3.86331 3.10129 3.03123 6.96843 8.40993 4.86645 3.02788 10.0911 2.51655 2.3559 3.41135 1.28525 1.27939 2.64519
threshold=0.0010291889427778147 0.0012192862667789186 0.0003832093863461728 1.2988924194034019 -0.00013542107525399413 1.4788482156788245 0.39534047045370468 -0.0027680970915568421 -0.0022865417969087361 0.0013428346361127332 0.0015086295975348847 0.007554381552405399 0.0030853748945325952 0.85479043137492583 0.0011693626973298282 0.0011605118437511084 2.1769660155008816 0.74206127436356062 -0.0058651521522701247 -0.0029088281452529503 -0.0038118670989882859 -0.001499358233589043 0.0017098283744817805 -0.0036444953256142827 0.0018750281709185746 0.00097232264749641441 -0.0020189592876319602 0.0011186878044042727 2.0982060614081832 1.0000000180025095e-35
decision_type=2 2 2 2 2 2 2 2 2 2 2 2 2 2 2 2 2 2 2 2 2 2 2 2 2 2 2 2 2 2
left_child=28 2 3 6 8 -6 7 -2 -5 18 25 14 13 -13 15 -4 -16 -8 -3 20 -20 -21 23 -12 -24 26 -11 -14 -1 -30
right_child=1 9 11 4 5 -7 17 -9 -10 10 22 12 27 -15 16 -17 -18 -19 19 21 -22 -23 24 -25 -26 -27 -28 -29 29 -31
leaf_value=0.00043748489702347847 -0.051240207069424386 -0.054152862454607577 -0.00057272460374851466 0.13630277007757188 0.37411433596468685 0.1400480837903412 -0.038452362489789581 0.30518064014788837 -0.0071486303898910366 0.24257206730410494 0.19135694775285217 -0.051737722757048035 -0.055511621344154327 0.10613017963095216 -0.033312333696593414 0.2425966406696515 0.080341629698694517 -0.00013891641055294507 0.022706977192646773 -0.051663159157235378 0.18853221491330119 0.015149182664857151 -0.021352029772103525 0.011559418369121532 -0.00070844718238506263 -0.044635124195010964 -0.0039866174741969044 -0.0035532712398224989 -0.0014321787294032935 -0.030930604597678043
leaf_weight=2194.3833683206722 0.35472177155315876 1.5950699164532114 3.9958232777098592 1.0515284854918716 0.58568509481847186 1.0441617169417439 7.1098974976848721 0.41551712260843743 3.4114391492621507 0.16581745632720413 0.82511476706713516 0.91893672430887674 2.0420881435275078 2.2193970786174759 38.787683407310396 0.34066384145990003 0.76240263180807133 20.541666902718134 1.9741777866147461 2.9151566158980122 1.247904042713343 41.88174997416354 15.217815011739729 14.396719287848097 494.00116646895185 8.2871003662003186 0.91126337321475037 2.8530246578156948 32.505016258946853 9.9187856270873436
leaf_count=189727 28 32 470 33 20 58 456 32 203 7 56 49 30 87 2168 22 84 1238 58 140 52 2221 939 895 13071 778 121 40 2519 1625
internal_value=-5.81341e-05 -0.00115792 -0.00890066 0.00917498 0.0794846 0.22416 -0.00589738 0.141036 0.0266502 -1.08216e-05 -0.00128118 -0.0209167 0.00802945 0.0599048 -0.0262153 0.0185301 -0.0311214 -0.00999025 0.0136572 0.0159097 0.0869307 0.0108014 -0.000668514 0.0213055 -0.00132537 -0.0355937 0.0339713 -0.0252287 0.000271218 -0.00832898
internal_weight=2906.66 669.854 86.4346 34.5146 6.09281 1.62985 28.4218 0.770239 4.46297 583.419 533.805 51.92 8.03345 3.13833 43.8866 4.33649 39.5501 27.6516 49.6141 48.019 3.22208 44.7969 524.441 15.2218 509.219 9.36418 1.07708 4.89511 2236.81 42.4238
internal_count=217259 23388 5018 2068 314 78 1754 60 236 18370 15867 2950 206 136 2744 492 2252 1694 2503 2471 110 2361 14961 951 14010 906 128 70 193871 4144
is_linear=0
shrinkage=0.05


Tree=192
num_leaves=31
num_cat=0
split_feature=2 0 0 0 1 3 0 1 1 3 4 2 2 1 3 3 2 4 1 1 0 1 2 2 2 2 0 2 0 3
split_gain=0.444006 1.11959 2.5633 11.7791 3.05865 3.01965 2.7137 2.81844 1.45016 1.05797 2.43039 0.908014 0.449102 2.03557 3.46673 3.36109 4.05296 2.61834 2.21275 2.27889 1.58805 1.82419 1.5481 1.46465 3.25327 2.95417 1.43625 3.26723 2.6085 1.40972
threshold=0.34453880725394309 -0.0013069562606573546 -0.00077874399744948242 -0.00081521450469990142 0.0039742893044935985 0.0033284407825776578 0.00059596848035414773 0.0047069043026143854 0.0011420165635599214 0.00055206604720670082 0.00031337216352611558 0.17261285200530097 1.4209356808876568 0.0077728933725198209 -0.0020004109893387851 -0.0018549464122279422 1.5817172982314118 0.00097345419898842167 0.0067721926761230332 0.0056485277306448922 -0.0055684417603187866 0.0067721926761230332 2.2805298981407822 0.92367666917443292 0.9746423604514014 0.77331692293408028 0.0056292144424607846 2.0302233049225218 0.0030817576072852408 -0.0012797088971001622
decision_type=2 2 2 2 2 2 2 2 2 2 2 2 2 2 2 2 2 2 2 2 2 2 2 2 2 2 2 2 2 2
left_child=1 8 3 5 9 -3 -6 -8 -1 11 -11 -4 20 14 18 16 -16 -17 19 -14 21 -2 26 25 -25 -23 28 -28 -15 -22
right_child=12 2 4 -5 6 -7 7 -9 -10 10 -12 -13 13 22 15 17 -18 -19 -20 -21 29 23 -24 24 -26 -27 27 -29 -30 -31
leaf_value=0.059017009152853663 -0.036284414075571501 -0.050591206629613 0.0083155563639434691 0.38736513441214199 0.1476393502036166 0.068560283514332923 0.08458038054739847 -0.051722605480359556 -0.051018564701296704 0.034500273603880159 -0.030988374941480469 -0.050361509504625271 -0.012884392525395605 0.011679507984396882 0.083984032114967883 0.0038195023271241808 0.0024010444801474745 -0.0054040799534178429 -0.039964267056041371 0.012245400429010437 0.0023671723705257757 -0.0010557179566102733 -0.011806549082682916 0.041739644154051347 -0.0058505500712721734 -0.042219135248204351 -0.018185229266759709 0.035034867576353414 0.057561083963850179 -0.00032602717118576045
leaf_weight=0.34208547072194351 5.3408263297751537 1.0667639188613982 0.79856215442850409 0.22745534744172147 0.48972085770219509 1.0602088180894496 0.71547014219686367 0.80708454363048077 2.4011145972181112 2.1557891559641575 4.1324076051314478 3.7812213740035077 66.047203627647832 31.805454481393099 2.5796390352770677 145.1446454843317 3.7143045046832412 163.74554935736523 6.4422075878828755 10.448873354122041 679.60804565308354 12.32829996570945 8.9835035447031242 4.4118525385856655 19.303105726838112 6.7424218878149977 9.958601411432026 4.059319779276847 3.4320833683013907 1704.5646843510331
leaf_count=19 82 204 520 28 19 32 26 38 258 339 1103 2528 4176 245 121 14361 241 9460 84 171 35639 103 122 34 203 78 91 33 30 146871
internal_value=-5.86472e-05 -0.007892 -0.00259729 0.0453731 -0.011366 0.00880093 0.0452584 0.0123281 -0.0372968 -0.0218503 -0.00853683 -0.0401302 -9.89553e-06 -0.00144918 -0.00272638 -0.000332971 0.0358387 -0.00107 -0.0118219 -0.00945182 0.000260152 -0.00873215 0.00728173 -0.00529287 0.00300297 -0.015609 0.0107632 -0.00277372 0.0161483 0.000441669
internal_weight=2906.64 17.9779 15.2347 2.35443 12.8803 2.12697 2.01228 1.52255 2.7432 10.868 6.2882 4.57978 2888.66 456.361 398.122 315.184 6.29394 308.89 82.9383 76.4961 2432.3 48.1265 58.239 42.7857 23.715 19.0707 49.2555 14.0179 35.2375 2384.17
internal_count=217259 5114 4837 264 4573 236 83 64 277 4490 1442 3048 212145 29135 28614 24183 362 23821 4431 4347 183010 500 521 418 237 181 399 124 275 182510
is_linear=0
shrinkage=0.05


Tree=193
num_leaves=31
num_cat=0
split_feature=2 0 0 0 1 1 1 2 1 2 2 4 4 1 1 1 0 3 1 4 2 4 2 2 1 0 2 1 0 1
split_gain=0.417263 1.47448 4.25276 2.3543 3.39108 2.49413 6.05458 3.01134 2.20614 1.65416 1.57852 4.71615 3.42838 2.63315 1.94255 4.31879 2.46333 2.34628 1.86956 1.89557 1.5508 4.16833 0.932115 1.80949 2.073 18.9566 16.5122 2.30812 2.97131 1.77471
threshold=0.6783480397728886 -0.00057505379555294878 -0.00070636006312485556 -0.00072359225353257884 0.0010865319627061303 0.0023243785867566005 0.0024403359147280746 0.32306602887409641 0.0030133310858226655 0.621338700479379 0.65761401194942759 0.019000313049943655 -0.011829427218029652 0.00055889914535254507 0.0061176626780651425 0.0037121740626717237 -3.8429396193140335e-05 -0.0047037676980598566 0.0095356782504780226 0.019000313049943655 0.67033530464292912 -0.0028407938036316134 0.74206127436356062 0.74934455284873447 0.00046865205472345679 -0.0002119405931778062 0.7456361788446576 0.001288674361197017 -0.0012654610948439891 0.00058886789008820775
decision_type=2 2 2 2 2 2 2 2 2 2 2 2 2 2 2 2 2 2 2 2 2 2 2 2 2 2 2 2 2 2
left_child=1 2 3 5 9 7 -7 -1 -6 -5 14 12 -12 -14 15 16 -3 -17 19 -16 -4 -22 29 24 25 26 -24 -26 -29 -2
right_child=22 10 20 4 8 6 -8 -9 -10 -11 11 -13 13 -15 18 17 -18 -19 -20 -21 21 -23 23 -25 27 -27 -28 28 -30 -31
leaf_value=0.035801307706650382 0.01940386026549977 0.0085591382531067153 -0.045239626101150072 0.061304308983986526 -0.051086841504727247 0.07202424956880786 -0.0026043204736814194 -0.022072436582848978 0.10687702330647475 0.20296147951446364 0.054483224295484335 0.14242227844761593 0.02577755307721551 -0.021704562153184337 -0.029675981299107299 -0.0044791982268675519 -0.0041892302126952836 0.023394804778831355 0.01326037303231053 0.016905601435068248 0.25257945579194807 -0.051292607218842372 -0.050282764922558044 3.7458853284049978e-05 -0.050332221903288232 -0.050262158962102704 0.94400575660735964 -0.053717667626825574 0.0034376213384978657 0.002081820571119144
leaf_weight=2.4582494115529725 16.265350895017036 54.408541526514455 8.2093242201444774 0.44032539804174931 0.78444620338268556 2.8264377999585113 70.694825331796892 26.241967745016154 0.3077461663633585 0.38738883612677455 1.8048728182911897 0.49943184154108067 3.2806244049425031 26.548224619938992 12.729447460267695 9.7032115641050023 124.82953387864836 34.013939409516752 5.097338378429412 2.6362981293350449 0.16385330958291888 0.36259383610740847 0.071399744396330789 2320.1394744127319 4.4899324252037358 0.75799264038505754 0.10057393458555453 2.9010577057488254 10.518869530409573 162.64424117316958
leaf_count=300 4700 11833 1337 56 71 143 1724 3400 5 21 24 6 1213 2309 147 151 20163 490 35 22 11 51 21 157505 821 333 29 103 417 9818
internal_value=-5.71039e-05 -0.00158244 -0.00639562 -0.00358475 0.0512707 -0.00461503 0.000264686 -0.0171154 -0.00657749 0.127603 0.000389233 -0.0100266 -0.0124334 -0.0164824 0.0017642 0.00311739 -0.000319404 0.017208 -0.0129794 -0.021684 -0.0399048 0.0432856 0.000178206 -8.786e-05 -0.015521 0.0572643 0.531199 -0.0193003 -0.00891794 0.00365663
internal_weight=2906.32 388.429 112.877 104.141 1.91991 102.221 73.5213 28.7002 1.09219 0.827714 275.551 32.1332 31.6337 29.8288 243.418 222.955 179.238 43.7172 20.4631 15.3657 8.73577 0.526447 2517.89 2338.98 18.8398 0.929966 0.171974 17.9099 13.4199 178.91
internal_count=217259 43512 7119 5720 153 5567 1867 3700 76 77 36393 3552 3546 3522 32841 32637 31996 641 204 169 1399 62 173747 159229 1724 383 50 1341 520 14518
is_linear=0
shrinkage=0.05


Tree=194
num_leaves=31
num_cat=0
split_feature=1 1 2 2 3 3 0 4 4 0 1 0 0 3 4 3 4 4 2 2 0 1 3 3 3 0 2 3 4 0
split_gain=0.450082 3.65121 3.02627 3.24195 2.39412 4.65724 6.77381 11.9876 3.42495 2.19823 2.60174 2.25938 1.80747 5.45872 1.90954 10.6812 1.61147 1.51225 1.49952 8.5298 1.50184 1.21147 2.61774 3.93672 6.82874 3.01644 5.62963 2.95274 2.6561 1.65091
threshold=0.00065724613867885128 0.0006420145540456608 0.4345950987534733 0.42183852834101526 0.0018611128150965996 0.0016953271266587635 -0.00027260952661128929 0.00036523458041470841 0.0012955065695822168 -0.00040044148885970404 0.00061911524042945255 -0.00034637487216326862 0.00063752341404199619 -1.0000000180025095e-35 -0.001605500904822865 0.00078972973842017524 0.0035585276408338644 0.0046081204878948298 0.78649621542192405 0.78316460428705148 0.00024988052168029023 0.00068082948508530795 0.0015447654636583377 -0.00061996923456641973 -0.00058355772531282202 0.00019180665893681062 0.9506960261385915 -0.00012178616013336362 -0.0034399272966532109 -0.0003228462122910058
decision_type=2 2 2 2 2 2 2 2 2 2 2 2 2 2 2 2 2 2 2 2 2 2 2 2 2 2 2 2 2 2
left_child=1 4 3 17 5 9 7 -7 -8 10 -1 -11 14 -14 15 -4 -16 -3 19 20 -6 22 23 25 -25 28 -27 -26 -2 -24
right_child=21 2 12 -5 18 6 8 -9 -10 11 -12 -13 13 -15 16 -17 -18 -19 -20 -21 -22 -23 29 24 27 26 -28 -29 -30 -31
leaf_value=-0.026122973397601897 0.039643927216017623 -0.050496851763682099 -0.016556801855207619 0.27733351146795715 -0.034606797766661299 0.42342838270624494 -0.050566593889671101 0.036798549406203467 0.054899897345139642 0.026054034455344616 0.028919780511873938 -0.00025371678840980074 0.34057197063165262 -0.050495152575751372 -0.050373534577598467 0.57892524119658573 0.035457473744731044 0.10854455172775197 -0.041603888816954364 0.45628977379841401 0.021319575113063288 2.9287044594110528e-05 0.053202464566643938 0.25682845897659606 0.06276290455750437 0.14025897190097011 -0.050550486325067201 0.012853282103260082 -0.050376709740727957 -0.050626728424987923
leaf_weight=14.3983695462739 1.0132382415467871 0.34873838475323182 1.4394774390384526 0.14968322531785816 3.1410171054230869 0.31390023404674128 1.1419716765449259 0.55488143849652261 2.361833829068928 8.5109679041488544 2.5230536412855136 198.671430143615 0.1277498712297529 0.29596684745047319 9.6215509432367945 0.07946150586940337 0.57981011737138111 0.26157602434977889 5.6099115949982661 0.098606994259171077 1.9429582245247727 2628.1604508696764 0.45512488373788107 0.32526411372237696 3.9563307006028543 0.78431507456116356 0.76225066545885056 11.808343836804838 4.28338518508827 2.4106875171128186
leaf_count=3902 73 109 321 9 654 17 190 40 385 2004 529 59982 17 66 1967 15 61 3 932 9 393 142250 30 35 497 115 86 1544 714 310
internal_value=-5.66771e-05 -0.0020753 -0.0279825 0.0688089 -0.000678106 0.00040892 0.0515146 0.176492 0.0205259 -0.000588224 -0.0179159 0.000826995 -0.0340399 0.0674109 -0.0377075 0.0145951 -0.0454952 0.0176671 -0.0236904 -0.00429981 -0.0132332 0.000135128 0.0109172 0.0165475 0.0300575 -0.0152179 0.0462154 0.0253787 -0.0331559 -0.0341374
internal_weight=2906.13 252.173 12.904 0.759998 239.269 228.476 4.37259 0.868782 3.50381 224.104 16.9214 207.182 12.144 0.423717 11.7203 1.51894 10.2014 0.610314 10.7925 5.18258 5.08398 2653.96 25.7989 22.9331 16.0899 6.84319 1.54657 15.7647 5.29662 2.86581
internal_count=217259 71605 2568 121 69037 67049 632 57 575 66417 4431 61986 2447 83 2364 336 2028 112 1988 1056 1047 145654 3404 3064 2076 988 201 2041 787 340
is_linear=0
shrinkage=0.05


Tree=195
num_leaves=31
num_cat=0
split_feature=2 0 0 0 1 3 0 1 1 3 4 2 2 0 0 1 3 2 3 3 0 3 3 1 3 4 2 0 3 3
split_gain=0.455111 1.06285 2.12115 6.75387 2.6901 2.65284 2.58463 2.45571 1.31566 1.00877 2.21584 0.8893 0.445231 2.02016 4.21192 6.40849 6.57251 2.89254 6.38131 9.95526 3.46908 7.2067 2.19717 2.15637 2.09491 1.95845 1.73433 2.52637 1.96321 4.1805
threshold=0.34453880725394309 -0.0013069562606573546 -0.00077874399744948242 -0.00081521450469990142 0.0039742893044935985 0.0033284407825776578 0.00053457309961979515 0.0047069043026143854 0.0011420165635599214 0.00055206604720670082 0.00031337216352611558 0.17261285200530097 0.54038694474353488 0.0013900608095775981 0.002065246769483942 0.002828239093393145 -0.008236769578310486 0.53378966907463865 -0.00048657225790005304 -0.00034929899307184481 0.0012979419340417577 0.0012688419928289509 0.00199614667989001 0.0010115772202926147 -0.0033586357530174245 0.0051831436545213281 0.55399626424720017 -0.0031018881020380968 0.00063303850979834497 0.00086941774540016958
decision_type=2 2 2 2 2 2 2 2 2 2 2 2 2 2 2 2 2 2 2 2 2 2 2 2 2 2 2 2 2 2
left_child=1 8 3 5 9 -3 -6 -8 -1 11 -11 -4 13 17 23 22 -17 20 24 -20 25 -22 -16 -15 -19 -2 27 -14 -29 -30
right_child=12 2 4 -5 6 -7 7 -9 -10 10 -12 -13 26 14 15 16 -18 18 19 -21 21 -23 -24 -25 -26 -27 -28 28 29 -31
leaf_value=0.053141921665510877 -0.0012974019304010504 -0.050570460561198682 0.0078398360774443298 0.2502911743800707 0.13859505773061609 0.060820352768613264 0.072559335187833571 -0.051675748095121245 -0.050970031416185224 0.031669305085663089 -0.030576577096331665 -0.050343488110543934 0.044782392814821874 0.076880714885814841 0.049268365844964961 0.071452701514096925 -0.021695851298199176 0.020655998232180582 0.39475234524627112 0.054022195735526635 0.14208991293705786 -0.053422894555270266 0.16583621106960411 -0.046020431913305036 -0.05398635499140543 0.016788252658331487 -5.5075800350304264e-05 -0.044302584411299091 0.12380650285591228 -0.017828111081153467
leaf_weight=0.34955900852219501 83.939925426595437 1.0332016470929382 0.80366860534558693 0.32929140668420842 0.5092850793153042 1.1073960383655501 0.77975365519523598 0.81196417938917875 2.3003343340242282 2.2191933607682586 4.0190832017906359 3.5921287248493172 1.4563380610197771 0.3745943680623921 0.98616983649117063 2.2608893271535626 11.661385570652781 1.8731421385891738 0.22402936506841786 4.9738832114308007 1.2491849466750857 0.7569288915110518 0.68506662966683507 7.5572629091329873 1.8869597055381744 18.217299151248881 2737.3393141198612 6.3844541125072265 0.5728783106751506 5.7519959834244219
leaf_count=19 13112 204 520 28 18 32 26 39 258 339 1103 2528 16 20 47 23 218 51 36 507 54 40 26 349 229 628 195110 1117 97 465
internal_value=-5.62312e-05 -0.00801438 -0.00292166 0.0394841 -0.011146 0.00705538 0.0405539 0.00918476 -0.0372362 -0.0213605 -0.00843334 -0.039706 -7.0331e-06 0.00277869 -0.0105525 0.00453642 -0.00656912 0.00555112 0.0328151 0.0687076 0.00320643 0.0683208 0.0970514 -0.0402162 -0.0168023 0.00192774 -0.000145379 -0.0175954 -0.0247432 -0.00499949
internal_weight=2906.01 17.8549 15.205 2.46989 12.7351 2.1406 2.101 1.59172 2.64989 10.6341 6.23828 4.3958 2888.15 136.647 23.5254 15.5935 13.9223 113.121 8.95801 5.19791 104.163 2.00611 1.67124 7.93186 3.7601 102.157 2751.5 14.1657 12.7093 6.32487
internal_count=217259 5114 4837 264 4573 236 83 65 277 4490 1442 3048 212145 15340 683 314 241 14657 823 543 13834 94 73 369 280 13740 196805 1695 1679 562
is_linear=0
shrinkage=0.05


Tree=196
num_leaves=31
num_cat=0
split_feature=1 1 2 3 3 4 1 1 4 0 4 2 2 0 0 4 2 4 2 0 1 4 1 1 1 4 0 2 1 2
split_gain=0.433757 2.6815 2.05763 1.8771 2.33267 3.8694 7.17997 6.41583 2.49629 2.89364 1.42989 0.67952 4.87674 0.486998 2.17729 6.84064 12.0068 12.0216 5.54927 3.57296 4.24059 2.95468 4.80424 3.66348 2.91487 3.90251 2.81395 2.45193 2.16857 1.19411
threshold=0.00051486429304699712 0.00050463104117278855 0.26703597801559081 0.0020485768727559477 0.0015822774438950529 0.0023865516883969655 0.00049949038925904503 0.00043505549594970508 0.0010506360060005273 0.0003563421479308993 0.0020509558051901027 0.66196614276460553 0.65761401194942759 0.0010291889427778147 0.0012192862667789186 0.0003832093863461728 1.2988924194034019 -0.00013542107525399413 0.39534047045370468 0.0013428346361127332 0.0015086295975348847 0.007554381552405399 0.0030853748945325952 0.0011693626973298282 0.0021016602980519173 0.005948845490630795 0.0013900608095775981 0.74206127436356062 0.00097232264749641441 2.0982060614081832
decision_type=2 2 2 2 2 2 2 2 2 2 2 2 2 2 2 2 2 2 2 2 2 2 2 2 2 2 2 2 2 2
left_child=1 3 -3 4 8 6 -6 -7 9 -1 -10 12 -4 29 15 16 18 -18 -15 24 28 23 -23 -17 27 -26 -22 -16 -21 -2
right_child=13 2 11 -5 5 7 -8 -9 10 -11 -12 -13 -14 14 19 21 17 -19 -20 20 26 22 -24 -25 25 -27 -28 -29 -30 -31
leaf_value=-0.0010497340944448789 0.00060466786594792538 0.10104704418130193 -0.050291225755067226 -0.050454064040055674 -0.024077143091916848 0.19384606830389578 0.38162331486447171 -0.050288617013044989 -0.028889056365808571 0.032212433493016994 0.0041349891276144975 -0.05020202043655389 0.23747458486675166 0.11961587406105384 -0.037012604535733115 0.017829923739431902 0.0245333759489882 0.17121859106931442 -0.0095732513917128788 0.030880474367069435 -0.022005870145453521 0.053619914626833722 -0.024567998407660795 -0.030445399472429913 0.037279062694563117 -0.0079255247410695336 -3.2477432864524583e-06 0.0072710268366071393 -0.044330861107265661 -0.0080981964779285927
leaf_weight=80.692584871525469 2081.3376939748414 0.2641769329784428 0.98871119582327061 1.9055789137419186 1.9060752873774616 0.80476554473716511 0.11567489872686554 0.40431458287639543 11.738792397074578 7.1151134842584716 4.5476159669306062 4.638608558307169 0.17298772651702166 0.85724697448313492 3.6342981125926626 4.3786321171210139 4.5752646457403898 2.0106121621793127 27.394573663477786 1.0903631684486734 14.958493981044738 3.3226255464833212 4.8070057984441519 38.348776156781241 17.80763332312927 6.5233961124904445 508.96983562689275 22.34093237738125 7.9190190084045753 40.175586642464623
leaf_count=37349 141279 19 334 700 619 161 16 101 5268 1918 1595 1346 9 58 339 458 236 78 1683 99 629 136 70 2252 557 144 14332 1443 778 3253
internal_value=-5.52233e-05 -0.00306058 -0.0354221 -0.00126387 -0.00039049 0.0414505 -0.000864899 0.112208 -0.00168913 0.00164552 -0.0196678 -0.0416376 -0.00744023 6.89512e-05 -0.00110737 -0.00854926 0.00851911 0.0693151 -0.00565326 -1.39503e-05 -0.0012163 -0.0202413 0.00738784 -0.0254982 0.0127236 0.0251593 -0.000631437 0.00107513 -0.0352284 0.00043986
internal_weight=2905.75 115.295 6.06448 109.231 107.325 3.23083 2.02175 1.20908 104.094 87.8077 16.2864 5.80031 1.1617 2790.45 668.939 85.6947 34.8377 6.58588 28.2518 583.244 532.938 50.857 8.12963 42.7274 50.3063 24.331 523.928 25.9752 9.00938 2121.51
internal_count=217259 49435 1708 47727 47027 897 635 262 46130 39267 6863 1689 343 167824 23292 4971 2055 314 1741 18321 15838 2916 206 2710 2483 701 14961 1782 877 144532
is_linear=0
shrinkage=0.05


Tree=197
num_leaves=31
num_cat=0
split_feature=2 2 3 4 1 3 2 3 4 1 0 1 3 0 1 4 4 3 1 4 4 3 3 2 2 4 2 0 2 4
split_gain=0.447026 1.01705 2.11359 3.38088 2.9119 2.84562 2.34537 1.37965 1.30329 1.46629 1.11541 0.967198 1.88533 0.434833 2.47893 2.18711 2.48145 4.15381 2.82 1.94964 9.26437 2.07817 1.55666 1.1182 1.28285 0.986099 3.64416 3.29012 2.87853 2.41512
threshold=0.34453880725394309 0.29742616521594717 -0.0013699966399274841 -0.0020189592876319602 0.0015086295975348847 -0.0013390003577793406 0.22869835620335524 -0.0039933823194118192 -0.0046243256775092547 0.0056485277306448922 -0.0055684417603187866 0.0010285714285713868 0.0024764714389029501 0.0027745153502499735 0.0056485277306448922 -0.01971381338445027 -0.0011242119794337977 0.0015822774438950529 0.0030133310858226655 -0.01971381338445027 -0.014204142243387006 -0.0041984807775662372 -0.0031136088318373108 0.77331692293408028 0.92692418108980479 0.014046758246105242 1.7020932132978399 0.0025466717849672586 1.3630040559730869 0.011546940387684558
decision_type=2 2 2 2 2 2 2 2 2 2 2 2 2 2 2 2 2 2 2 2 2 2 2 2 2 2 2 2 2 2
left_child=1 2 10 4 -4 -5 -7 8 9 -3 -1 12 -9 25 15 -15 18 -18 -17 23 21 -21 -22 -16 -25 29 27 28 -27 -2
right_child=13 7 3 5 -6 6 -8 11 -10 -11 -12 -13 -14 14 19 16 17 -19 -20 20 22 -23 -24 24 -26 26 -28 -29 -30 -31
leaf_value=0.0411328571262859 0.00015799604719061392 -0.050975494414674249 -0.050438018131340148 0.18792561094840998 0.12884870485109684 -0.050510862180859817 0.013083915314428395 -0.050139517611191314 0.11438935400898219 0.074735412597396259 -0.050563778957090279 -0.051060804430129648 0.055523923481236852 0.054172709216752934 -0.036226971560249822 0.064703448451361015 0.018701692424495125 -0.011606130401599949 -0.027438905542721683 0.094187986163178805 -0.013238822701989856 0.03595243042006166 0.002965273015201211 0.022880454193621797 -0.024686852848323129 0.0045977830935552818 0.076231653810151845 0.066688115652401153 -0.037019208084920055 -0.014600651397634066
leaf_weight=0.38696809276007149 2544.390957713942 0.63514759438112356 0.29338963553891495 0.1960756096523254 0.99299307400360703 2.0335444823504076 5.050605345844815 0.98999804938648484 0.29585542785935093 0.3654122706502676 2.3195756375280334 3.3905555526725948 0.73601937373314286 1.3621638920158137 4.8689771480858308 0.86334604304284113 14.677124393932898 49.207926853719982 21.739162150770426 2.91903380677104 17.201048243790865 3.2238807529211035 107.12745519913733 2.5403358973562717 3.2065821588039398 78.334314812673256 1.7797019146382798 2.0386073766276231 4.3877204339951268 28.024851891328581
leaf_count=9 206278 62 159 5 23 1349 1316 1166 17 7 538 417 46 19 55 43 390 1505 559 27 188 33 1242 29 39 986 23 33 58 638
internal_value=-5.47441e-05 -0.00797965 0.00106374 0.0132329 0.0879582 2.92898e-05 -0.00517132 -0.0238767 0.0221958 -0.00506489 -0.0374535 -0.0355503 -0.00508184 -6.21017e-06 -0.00209713 -0.00869066 -0.00968074 -0.00464313 -0.0239194 0.0020084 0.00368498 0.0636252 0.00072341 -0.0185971 -0.00366046 0.000173819 0.00542354 0.00393679 0.00239035 -2.79013e-06
internal_weight=2905.58 17.6861 11.2732 8.56661 1.28638 7.28023 7.08415 6.41299 1.29642 1.00056 2.70654 5.11657 1.72602 2887.89 228.937 87.8497 86.4876 63.8851 22.6025 141.087 130.471 6.14291 124.329 10.6159 5.74692 2658.96 86.5403 84.7606 82.722 2572.42
internal_count=217259 5114 3399 2852 182 2670 2665 1715 86 69 547 1629 1212 212145 4129 2516 2497 1895 602 1613 1490 60 1430 123 68 208016 1100 1077 1044 206916
is_linear=0
shrinkage=0.05


Tree=198
num_leaves=31
num_cat=0
split_feature=1 0 1 2 2 0 0 4 1 2 2 3 0 4 2 2 3 4 3 3 2 2 1 0 4 1 1 0 0 0
split_gain=0.419432 2.61937 2.5774 5.35736 4.3646 4.86695 4.04996 2.91716 2.498 2.36385 3.74019 2.97473 2.32962 1.96828 3.75152 7.09385 3.47997 4.05922 3.25367 1.6721 2.60292 1.54213 1.28478 1.93918 1.21687 0.596053 3.36895 2.75026 5.61925 3.1969
threshold=0.00084286461641908605 0.00069671179368480118 0.00084987223197117393 1.0214854113899843 1.0408184426653138 -0.00050309421860617032 0.00020327856641044753 -0.0011801196424105485 0.00082996675822327216 0.72451577167450965 0.71332971537503342 0.0039527278394465579 -0.00085854310017813285 -0.0023224757669887959 1.7268680393389968 1.8136954891686397 -0.0021068910234733891 -0.0010720148296721741 -0.0021068910234733891 -0.0021068910234733891 0.74934455284873447 0.55399626424720017 0.000836447987361285 0.0008817060928276722 -0.0020661938761129535 0.00090583905922923358 0.00089908428074783771 -0.00037370770875100318 -0.00036363771294645181 -0.0010870397291000697
decision_type=2 2 2 2 2 2 2 2 2 2 2 2 2 2 2 2 2 2 2 2 2 2 2 2 2 2 2 2 2 2
left_child=1 8 3 19 -5 7 -7 -6 13 10 21 12 -11 14 18 -16 24 -18 -1 20 -2 -10 -3 -24 -15 26 27 29 -29 -4
right_child=2 22 25 4 5 6 -8 -9 9 11 -12 -13 -14 16 15 -17 17 -19 -20 -21 -22 -23 23 -25 -26 -27 -28 28 -30 -31
leaf_value=0.010578503788087921 0.18295971615230655 -0.041248089912868352 0.15641466176179442 0.21566223409715649 0.15483259980307604 -0.050899694651594232 0.046955061928252904 0.024207249007110077 0.061337287991407731 0.082461981691120498 0.14052161559191195 0.12573621536288251 -0.044749592940948851 0.020079821168825843 0.12948322522900951 -0.050781547662856634 0.01352282452030933 -0.0010524906555032759 -0.029546989407236914 -0.050340695060478238 -0.050820974129892893 -0.050313752284024606 -0.050437186937024481 0.13916732705206089 -0.050517740712626096 0.00021183622673794195 -0.050297757997020923 0.18646649786814221 0.0028652476241818915 -0.027414451296500233
leaf_weight=6.933201040606952 0.21249361173249814 5.5409683402358487 0.2417667979025272 0.37427948880940665 1.2006098022684453 1.6267819800414143 3.020850969478488 0.66367586236447085 0.44821352371945866 0.37533960072323402 0.52124559227377165 0.28071838431060392 8.7442562336800602 0.70975964032550098 1.2261466849595302 0.98352462745970104 55.893742130014289 328.62982052058214 18.620768638058507 2.3000925087253545 0.27080080937594175 0.99763904104474932 0.28433115105144668 0.25651285267667845 4.3595013382437164 2408.8771659309277 3.835936300631146 0.42155827814713021 36.475821872474626 10.8677010225947
leaf_count=1233 20 1921 44 16 38 123 128 36 146 30 24 7 1151 135 32 106 12050 75619 3632 467 23 213 48 22 831 112391 853 37 4204 1679
internal_value=-5.31303e-05 -0.00148515 0.000198915 0.0259624 0.0496237 0.0400805 0.0127036 0.108331 -0.00102293 -0.0241489 0.0256945 -0.0345791 -0.0395139 -0.000393053 -0.0132556 0.0492474 0.000523575 0.00106615 -0.0186603 -0.0325764 0.0519671 -0.015702 -0.0340683 0.0394889 -0.0406332 9.76751e-05 -0.00520683 -0.00160388 0.00496292 -0.0234139
internal_weight=2905.2 434.806 2470.39 9.66959 6.8862 6.51192 4.64763 1.86429 428.724 11.3674 1.9671 9.40031 9.1196 417.356 27.7636 2.20967 389.593 384.524 25.554 2.78339 0.483294 1.44585 6.08181 0.540844 5.06926 2460.72 51.8428 48.0068 36.8974 11.1095
internal_count=217259 97200 120059 851 341 325 251 74 95209 1571 383 1188 1181 93638 5003 138 88635 87669 4865 510 43 359 1991 70 966 119208 6817 5964 4241 1723
is_linear=0
shrinkage=0.05


Tree=199
num_leaves=31
num_cat=0
split_feature=2 0 0 0 1 3 3 3 1 3 4 2 3 0 0 2 2 2 0 0 3 4 0 4 2 2 2 4 4 2
split_gain=0.413903 1.00411 1.84331 4.38363 2.46325 2.31859 2.03449 1.23842 1.19344 0.932733 1.88932 0.836378 0.424886 2.28101 2.99615 3.77998 2.34851 1.56844 4.90832 3.75193 1.06113 4.31065 7.86313 5.54474 4.65172 12.7104 4.28097 3.63315 1.34285 6.07044
threshold=0.34453880725394309 -0.0013069562606573546 -0.00077874399744948242 -0.00081521450469990142 0.0039742893044935985 0.0033284407825776578 0.00956645831309 0.0032026155008847428 0.0011420165635599214 0.00055206604720670082 0.00031337216352611558 0.17261285200530097 0.013009805624824901 -0.0031018881020380968 -0.0012260741933558526 0.91369805050857511 0.69800542922437958 0.84162965215330232 0.0030817576072852408 0.0025466717849672586 0.0079645486916594139 0.010040602447829118 -0.002229494556617861 0.0066320622130331417 1.1224470609439463 0.83822268376128084 1.232680136844605 0.0012670256572696605 0.008152865070594208 0.53378966907463865
decision_type=2 2 2 2 2 2 2 2 2 2 2 2 2 2 2 2 2 2 2 2 2 2 2 2 2 2 2 2 2 2
left_child=1 8 3 5 9 -3 7 -6 -1 11 -11 -4 20 16 15 -15 -14 19 -19 -16 28 22 23 -22 25 -23 -26 -24 -2 -30
right_child=12 2 4 -5 6 -7 -8 -9 -10 10 -12 -13 13 14 17 -17 -18 18 -20 -21 21 24 27 -25 26 -27 -28 -29 29 -31
leaf_value=0.048031470313309073 0.00018692583786022757 -0.050531581345191673 0.0065312850800880997 0.1839742858989718 0.041217393525595968 0.055333657029926576 0.11940696084186164 -0.051982361841706397 -0.050955910590921798 0.027373176228360004 -0.029957765856757319 -0.050321843947979797 0.012581215173905706 0.0012974164994890448 0.026146990990653814 0.088045716676931049 -0.044775978935604137 -0.040438148244397155 0.00099282025866720956 -0.014508205551846419 0.089185195415152504 -0.0018918146360497098 0.012979084394468796 -0.024384475493116856 -0.054227745285900311 0.065580982388694781 0.0076589487187749133 -0.022415978207684914 0.036235209132037392 -0.006978470275855346
leaf_weight=0.35454369195213375 2567.1302809055815 0.95724642674031279 0.80323274172405401 0.41868604641058738 1.0265224548056715 1.1250703218393026 0.56594535522162903 0.5460281311534344 2.1571143695618957 2.2955605214083334 3.8423935206701572 3.323627001947898 2.5257857926189882 3.170206492766737 11.764184871688487 2.0794658400118351 6.0822604037821293 9.8018974438309652 26.408948271302506 10.96383797097951 3.3949532294645897 15.346077492926272 9.6594486683607084 1.5725298002362249 3.3600929174572256 12.802805820479987 16.597828964702785 29.0652739291545 8.6015313747338933 147.23566243972164
leaf_count=19 206416 204 520 28 52 32 12 19 258 339 1103 2528 21 40 146 25 51 131 295 99 41 241 173 22 61 189 252 664 193 3085
internal_value=-5.22861e-05 -0.00773721 -0.00280875 0.0363496 -0.0107046 0.00666713 0.038113 0.00885615 -0.0369829 -0.020875 -0.00851631 -0.0392562 -5.93546e-06 -0.00377737 -0.000536197 0.0356596 -0.0279461 -0.00376015 -0.0102221 0.00653521 9.16028e-05 0.00537891 -0.00599012 0.053233 0.0157046 0.0287965 -0.00276022 -0.0135871 -8.66475e-05 -0.00459326
internal_weight=2904.98 17.416 14.9043 2.501 12.4033 2.08232 2.1385 1.57255 2.51166 10.2648 6.13795 4.12686 2887.56 72.7966 64.1885 5.24967 8.60805 58.9389 36.2108 22.728 2814.77 91.799 43.6922 4.96748 48.1068 28.1489 19.9579 38.7247 2722.97 155.837
internal_count=217259 5114 4837 264 4573 236 83 71 277 4490 1442 3048 212145 808 736 65 72 671 426 245 211337 1643 900 63 743 430 313 837 209694 3278
is_linear=0
shrinkage=0.05


end of trees

feature_importances:
volume_ratio=1321
range_pct=1232
returns_10=1173
returns=1168
returns_5=1106

parameters:
[boosting: gbdt]
[objective: binary]
[metric: binary_logloss]
[tree_learner: serial]
[device_type: cpu]
[data_sample_strategy: bagging]
[data: ]
[valid: ]
[num_iterations: 200]
[learning_rate: 0.05]
[num_leaves: 31]
[num_threads: 4]
[seed: 42]
[deterministic: 0]
[force_col_wise: 0]
[force_row_wise: 0]
[histogram_pool_size: -1]
[max_depth: 6]
[min_data_in_leaf: 20]
[min_sum_hessian_in_leaf: 0.001]
[bagging_fraction: 1]
[pos_bagging_fraction: 1]
[neg_bagging_fraction: 1]
[bagging_freq: 0]
[bagging_seed: 400]
[bagging_by_query: 0]
[feature_fraction: 1]
[feature_fraction_bynode: 1]
[feature_fraction_seed: 30056]
[extra_trees: 0]
[extra_seed: 12879]
[early_stopping_round: 0]
[early_stopping_min_delta: 0]
[first_metric_only: 0]
[max_delta_step: 0]
[lambda_l1: 0]
[lambda_l2: 0]
[linear_lambda: 0]
[min_gain_to_split: 0]
[drop_rate: 0.1]
[max_drop: 50]
[skip_drop: 0.5]
[xgboost_dart_mode: 0]
[uniform_drop: 0]
[drop_seed: 17869]
[top_rate: 0.2]
[other_rate: 0.1]
[min_data_per_group: 100]
[max_cat_threshold: 32]
[cat_l2: 10]
[cat_smooth: 10]
[max_cat_to_onehot: 4]
[top_k: 20]
[monotone_constraints: ]
[monotone_constraints_method: basic]
[monotone_penalty: 0]
[feature_contri: ]
[forcedsplits_filename: ]
[refit_decay_rate: 0.9]
[cegb_tradeoff: 1]
[cegb_penalty_split: 0]
[cegb_penalty_feature_lazy: ]
[cegb_penalty_feature_coupled: ]
[path_smooth: 0]
[interaction_constraints: ]
[verbosity: -1]
[saved_feature_importance_type: 0]
[use_quantized_grad: 0]
[num_grad_quant_bins: 4]
[quant_train_renew_leaf: 0]
[stochastic_rounding: 1]
[linear_tree: 0]
[max_bin: 255]
[max_bin_by_feature: ]
[min_data_in_bin: 3]
[bin_construct_sample_cnt: 200000]
[data_random_seed: 175]
[is_enable_sparse: 1]
[enable_bundle: 1]
[use_missing: 1]
[zero_as_missing: 0]
[feature_pre_filter: 1]
[pre_partition: 0]
[two_round: 0]
[header: 0]
[label_column: ]
[weight_column: ]
[group_column: ]
[ignore_column: ]
[categorical_feature: ]
[forcedbins_filename: ]
[precise_float_parser: 0]
[parser_config_file: ]
[objective_seed: 16083]
[num_class: 1]
[is_unbalance: 0]
[scale_pos_weight: 1]
[sigmoid: 1]
[boost_from_average: 1]
[reg_sqrt: 0]
[alpha: 0.9]
[fair_c: 1]
[poisson_max_delta_step: 0.7]
[tweedie_variance_power: 1.5]
[lambdarank_truncation_level: 30]
[lambdarank_norm: 1]
[label_gain: ]
[lambdarank_position_bias_regularization: 0]
[eval_at: ]
[multi_error_top_k: 1]
[auc_mu_weights: ]
[num_machines: 1]
[local_listen_port: 12400]
[time_out: 120]
[machine_list_filename: ]
[machines: ]
[gpu_platform_id: -1]
[gpu_device_id: -1]
[gpu_use_dp: 0]
[num_gpu: 1]

end of parameters

pandas_categorical:[]
