tree
version=v4
num_class=1
num_tree_per_iteration=1
label_index=0
max_feature_idx=29
objective=binary sigmoid:1
feature_names=returns returns_5 returns_10 returns_20 range_pct body_pct upper_wick lower_wick volume_ratio volume_ratio_20 volatility_5 volatility_20 time_since_open time_to_close price_position fvg_up fvg_down fvg_size_pct displacement_up displacement_down order_block_bull order_block_bear liquidity_grab_high liquidity_grab_low bos_up bos_down pressure_ratio distance_from_vwap volume_momentum pv_divergence
feature_infos=[-0.039866682341639967:0.032565934550586512] [-0.28637386309238871:0.24787022394531452] [-0.31054995750880182:0.24027784819753595] [-0.3240773703571852:0.25898525788214705] [0:0.047936195307161075] [0:0.041294931353024041] [0:0.019569587324110221] [0:0.029347348508986997] [0.006973727368629455:4.9119546137910026] [0.013868912333488576:18.657869981837813] [1.9528239970261056e-05:0.12879790198107297] [0.00019023831197980754:0.063498184168980412] [-128:127] [-128:127] [0:0.99999999983145116] [0:1] [0:1] [0:0.031626063141194413] [0:1] [0:1] [0:1] [0:1] [0:1] [0:1] [0:1] [0:1] [0:40510420] [-0.20361475157915235:0.26694084736246226] [-0.99700436956619665:491.50507328072155] [-491.35993731456591:1.0951168192300758]
tree_sizes=3388 3405 3416 3413 3415 3426 3443 3441 3429 3418 3437 3461 3438 3446 3470 3435 3427 3456 3447 3452 3438 3450 3476 3449 3433 3463 3461 3473 3459 3452 3443 3476 3436 3474 3465 3459 3481 3473 3480 3469 3461 3445 3446 3483 3471 3487 3487 3460 3492 3470 3463 3495 3496 3471 3484 3476 3468 3472 3471 3467 3459 3427 3461 3474 3437 3459 3443 3496 3474 3457 3486 3490 3469 3461 3478 3483 3476 3486 3457 3465 3469 3479 3463 3501 3474 3456 3462 3477 3509 3454 3438 3498 3475 3476 3475 3480 3440 3472 3455 3491 3480 3469 3457 3450 3464 3476 3507 3494 3483 3456 3437 3508 3516

Tree=0
num_leaves=31
num_cat=0
split_feature=4 4 11 1 11 13 27 26 8 5 5 26 26 5 17 26 12 7 29 29 29 11 13 9 9 3 12 29 16 26
split_gain=3258.29 925.472 352.748 409.07 245.812 408.889 293.924 252.105 231.424 179.254 160.903 158.529 156.148 170.065 239.778 205.175 199.646 195.083 148.884 150.645 144.041 141.965 140.311 143.903 245.366 227.525 129.821 219.598 121.86 116.334
threshold=0.0093275396690195786 0.0048232620422809262 0.014498573672060413 0.03446060900549789 0.0069883200610417178 85.500000000000014 -0.022189637022766006 0.43604734983107124 1.1685616957199929 0.0017886002825205363 0.0075531375652195991 0.58770733131742647 0.40722930230869098 0.0039329807924975363 6.8180999072584456e-06 0.091317810749363473 4.5000000000000009 0.0024556914448211182 -12.720223857289602 -7.5218846633166665 -0.020894643501224327 0.015895678653262947 -108.49999999999999 2.0999582691889533 1.1999987318434491 -0.011876020175668569 -11.499999999999998 -6.3439662053321637 1.0000000180025095e-35 0.50781939643967544
decision_type=2 2 2 2 2 2 2 2 2 2 2 2 2 2 2 2 2 2 2 2 2 2 2 2 2 2 2 2 2 2
left_child=1 -1 28 26 22 12 7 -7 11 -8 -11 -5 13 -6 15 -15 -17 -18 -14 21 -16 -20 23 24 -2 -26 27 -4 -3 -12
right_child=4 2 3 8 5 6 9 -9 -10 10 29 -13 18 14 20 16 17 -19 19 -21 -22 -23 -24 -25 25 -27 -28 -29 -30 -31
leaf_value=-5.3342103856678316 -5.3478954542400716 -5.1109091142984937 -4.9998426470216035 -2.3198360314394004 -5.0510268833772578 -3.5924986873991012 -1.8151594609726223 -0.30112974957228378 -1.2187235140573396 -4.6749933602843621 -2.6142306975450085 -4.8022991618435524 -5.2778014861196851 -1.5628211757392174 -4.9273316455177536 -4.4016268846148563 -3.9059623957635625 -0.80580632003907038 -4.4303016897550052 -4.5647766379985129 -3.2068433371082778 -1.8151594609726263 -4.9984249166459653 -5.1235947562548363 -0.95940353713764903 -4.0862040280731247 -4.9051967082165779 -1.983384984461547 -5.3196064088103192 -4.0501557016112049
leaf_weight=504.1991413384676 0.11888802051544223 33.546236455440521 0.14365635812282562 0.099073350429534801 0.33684939146041681 0.11393435299396504 0.099073350429534801 0.11888802051544189 0.1089806854724884 0.52013508975505807 0.23777604103088379 0.18328569829463959 0.71332812309265037 0.15851736068725564 0.47555208206176758 0.31703472137451172 0.10402701795101166 0.099073350429534912 0.10898068547248652 4.0223780274391201 0.1634710282087326 0.099073350429534912 2.4322507530450812 0.22291503846645355 0.11393435299396515 0.11888802051544189 5.0824628770351401 0.10402701795101155 8.8373428583145124 0.34675672650337219
leaf_count=101783 24 6772 29 20 68 23 20 24 22 105 48 37 144 32 96 64 21 20 22 812 33 20 491 45 23 24 1026 21 1784 70
internal_value=-5.29722 -5.31422 -5.10468 -4.73617 -4.44677 -4.30245 -3.53802 -1.9118 -3.17587 -3.85256 -4.03528 -3.93126 -4.46888 -4.04843 -3.79213 -3.13763 -3.61758 -2.39369 -4.60959 -4.49692 -4.48721 -3.185 -4.83241 -4.12971 -3.49978 -2.55607 -4.85072 -3.73293 -5.15442 -3.46605
internal_weight=563.346 552.304 48.1051 5.72149 11.0417 8.03485 1.43656 0.232822 0.39134 1.20374 1.10467 0.282359 6.59829 1.65452 1.31768 0.678652 0.520135 0.2031 4.94376 4.23043 0.639023 0.208054 3.00688 0.574625 0.35171 0.232822 5.33015 0.247683 42.3836 0.584533
internal_count=113723 111494 9711 1155 2229 1622 290 47 79 243 223 57 1332 334 266 137 105 41 998 854 129 42 607 116 71 47 1076 50 8556 118
is_linear=0
shrinkage=1


Tree=1
num_leaves=31
num_cat=0
split_feature=4 11 11 3 9 9 5 10 4 4 1 14 7 0 26 11 8 26 29 11 3 3 1 0 26 10 4 2 29 26
split_gain=1129.12 127.891 73.0751 61.7444 91.8436 51.033 89.7213 118.766 99.3803 167.181 102.531 156.127 127.013 56.997 47.5229 48.8634 52.9882 70.4151 68.06 52.6445 74.624 47.5208 61.254 44.8312 51.7782 44.8301 43.7551 66.542 63.3986 61.634
threshold=0.0044474886491270215 0.0039429844313947403 0.0025433339424973445 0.108796645291315 0.70137564451160694 0.9906917705978292 0.0033730965796513151 0.0044198572196562777 0.0087804540794300598 0.0070175368245315789 0.0068843121168522823 0.46011360914402333 0.0022676138978049948 0.00030778201080629497 0.35551726437810011 0.022863540282844905 0.99479571066119232 2.0532829412736455 0.012998860031806893 0.0052733321085543456 0.027810133673369604 -0.075423865271964902 -0.010186467260318377 -0.0034454092956999979 0.54796734882058684 0.0067157377612777841 0.0060594318977559578 -0.011584594810818133 -1.6294425216777269 2.8154543681870048
decision_type=2 2 2 2 2 2 2 2 2 2 2 2 2 2 2 2 2 2 2 2 2 2 2 2 2 2 2 2 2 2
left_child=2 -2 -1 21 -5 6 7 23 9 13 11 12 -11 14 -9 16 17 18 -16 -20 -21 22 -4 24 -3 -8 -7 -28 -29 -30
right_child=1 5 3 4 -6 26 25 8 -10 10 -12 -13 -14 -15 15 -17 -18 -19 19 20 -22 -23 -24 -25 -26 -27 27 28 29 -31
leaf_value=-0.047655689406938768 0.03910435273935723 1.5697162958717983 1.3001704594044423 -0.050241182997020267 1.5850229152235009 0.042985865521646661 0.087693496399843474 0.099989594129856404 0.0092845873703849089 0.17021445521897982 0.21328571092038728 2.6988710833191814 1.8270375293020054 0.2061866742900092 2.2333279180018546 -0.050362819473312108 -0.050309783839593815 0.17939491444340305 1.8002505730226965 0.35118254520725245 1.503347667808155 -0.0035269813342836162 0.17563702337588771 0.15837304061069565 0.23391275898984523 0.26209650046535299 0.096733073557490071 0.1431061772122299 0.23325107550353563 0.50406544013994647
leaf_weight=386.77334441291168 28.316559598781168 0.12345536798238743 0.14810298895463347 0.1958781466819336 0.15288050472736359 10.568646972067652 11.474113556556405 0.33268392365425903 0.80594380758702744 0.22356205014511932 0.18966620089486241 0.20005891425535083 0.2396969860419631 1.3645654860883949 0.13137035770341732 0.16284320270642627 0.13886652281507839 0.21768484823405743 0.16211440600454807 0.37361463252454996 0.22527407994493842 87.767742260824889 0.66407469240948458 6.2253602794371563 0.17591305449604988 5.4277012534439555 26.34320689830929 16.503698620479554 9.4064336991868931 2.7051607724279156
leaf_count=80957 4991 21 31 41 32 1630 1682 57 68 20 29 32 37 230 23 23 23 38 28 64 37 18371 139 1057 29 403 1422 851 1003 354
internal_value=-0.00345207 0.132224 -0.0382589 0.00261016 0.666587 0.160359 0.216606 0.325726 0.515412 0.618367 1.23845 1.53158 1.02748 0.448243 0.637587 0.764273 0.87049 0.985681 1.18237 1.00094 0.784573 -4.06362e-06 0.380699 0.187114 0.78478 0.1437 0.136157 0.154074 0.206862 0.293738
internal_weight=597.74 122.038 475.702 88.9287 0.348759 93.7216 28.1945 11.2927 4.76795 3.962 0.852984 0.663318 0.463259 3.10902 1.74445 1.41177 1.24892 1.11006 0.892373 0.761003 0.598889 88.5799 0.812178 6.52473 0.299368 16.9018 65.5271 54.9585 28.6153 12.1116
internal_count=113723 14152 99571 18614 73 9161 3901 1816 709 641 118 89 57 523 293 236 213 190 152 129 101 18541 170 1107 50 2085 5260 3630 2208 1357
is_linear=0
shrinkage=0.05


Tree=2
num_leaves=31
num_cat=0
split_feature=10 4 27 4 10 28 9 12 11 10 10 29 3 3 9 13 11 12 11 11 12 10 10 12 27 10 3 10 0 11
split_gain=904.627 101.225 69.2726 64.3958 61.3183 50.1192 64.065 48.1667 117.258 65.3771 103.653 104.703 46.3991 38.5872 48.9439 58.0822 34.3486 76.7525 34.2767 31.2014 35.4886 44.6762 71.7144 29.5511 30.6347 59.5907 100.713 90.2239 43.4456 26.5947
threshold=0.0033105579234247499 0.0047423444571508197 0.031562852735248892 0.004135476130689166 0.029266604039543811 0.59552610148610519 1.3654043688863735 73.500000000000014 0.0048011273933519765 0.0061305208644965364 0.0044198572196562777 -0.097286934080958662 -0.0090184538180472125 0.080262292855431197 0.58948488554817879 74.500000000000014 0.015895678653262947 46.500000000000007 0.0028113945094395952 0.0025433339424973445 121.50000000000001 0.0019819943092939094 0.0012615441237213622 8.5000000000000018 0.0094744195466826987 0.0029108661870822822 0.080262292855431197 0.0030859244740108808 0.0029018556071604786 0.0028543397402468799
decision_type=2 2 2 2 2 2 2 2 2 2 2 2 2 2 2 2 2 2 2 2 2 2 2 2 2 2 2 2 2 2
left_child=1 19 18 4 -2 6 -4 13 -9 10 -10 -12 -13 -5 15 -15 17 -16 -3 -1 -21 22 -22 -20 29 26 -26 28 -27 -25
right_child=3 2 5 7 -6 -7 -8 8 9 -11 11 12 -14 14 16 -17 -18 -19 23 20 21 -23 -24 24 25 27 -28 -29 -30 -31
leaf_value=-0.047660111984547497 0.021617604641432323 -0.039106010943680096 0.26199274768927994 0.10629713189581243 1.1183877027388871 0.10554436963813923 1.6418806732439961 0.086030669708611368 0.11868461146580347 0.2586127478961846 1.7172354047809777 1.1168804872989575 0.38203097875128333 0.28158313021829146 0.112855449491784 1.2597782482826905 0.15188250864877256 1.0260841576227604 -0.002630810329543929 -0.015027715182615706 -0.050242164011022605 -0.050241375081549737 1.5389424714632309 0.63095073265967505 0.012128750812235434 1.9499452629040961 1.2041862654870972 0.11833669155755339 0.70644575645231533 0.075571462151095281
leaf_weight=369.65325914695859 18.784144420176748 8.9378463127650374 0.16007403330877323 85.683333504479378 0.12830848805606265 0.30885314429178834 0.17726143170148134 5.4931134991347772 0.590853449422866 2.2167041995562613 0.31112440768629279 0.34248892217874494 0.57620358234271452 0.45139014627784391 0.60457143886014719 0.22860524663701653 11.930694573558865 0.37142886174842715 7.1745837023481753 72.396149455569685 0.12937039276584883 0.30116560030728579 0.15731352241709828 0.22018458554521103 1.600091177504509 0.14997870847582806 0.19925038004294027 0.29640800831839442 0.1321182930842042 10.249038033653049
leaf_count=81074 3907 1552 23 7265 14 22 20 862 76 143 39 28 47 46 47 14 486 28 976 15013 27 63 33 38 233 23 22 44 17 1541
internal_value=-0.00384612 -0.0357747 0.0537343 0.114216 0.0290585 0.565745 0.98709 0.129019 0.236388 0.440958 0.662968 0.924463 0.655983 0.118711 0.196995 0.610439 0.175212 0.460396 0.0423096 -0.0417615 -0.0118859 0.375038 0.821799 0.0786542 0.124049 0.286058 0.144131 0.727497 1.36756 0.087252
internal_weight=599.956 472.243 29.6057 127.713 18.9125 0.646189 0.337335 108.801 9.53049 4.03737 1.82067 1.22982 0.918693 99.27 13.5867 0.679995 12.9067 0.976 28.9595 442.637 72.984 0.58785 0.286684 20.0217 12.8471 2.37785 1.79934 0.578505 0.282097 10.4692
internal_count=113723 100721 4511 13002 3921 65 43 9081 1195 333 190 114 75 7886 621 60 561 75 4446 96210 15136 123 60 2894 1918 339 255 84 40 1579
is_linear=0
shrinkage=0.05


Tree=3
num_leaves=31
num_cat=0
split_feature=10 11 6 12 13 11 28 27 26 11 17 6 3 6 6 26 2 2 1 3 10 5 13 1 1 3 27 12 13 2
split_gain=756.259 90.6333 52.553 36.4231 35.5799 68.1717 39.5839 42.6434 34.7578 34.0922 33.4533 35.8944 32.2784 40.8768 29.8208 29.7041 60.4964 94.3242 144.403 28.9107 82.3162 27.7232 30.4318 38.3103 29.1015 25.0434 42.9022 48.4927 23.9147 33.1913
threshold=0.0033105579234247499 0.0026018329823150935 0.0013082905795575325 73.500000000000014 111.50000000000001 0.0030252536593145915 -0.46961948691125355 -0.0091893542573436866 1.6991009579615464 0.0058313859248463615 0.0050994008208104609 0.0017448979599103654 0.012659552260777683 0.0032931826187771137 0.0025049621308525934 1.2531566679372887 -0.0032596403866273628 0.0019060374883165412 -0.0020289326788762931 0.080262292855431197 0.0016415769809548129 0.010945203884720981 79.500000000000014 0.010250818062918063 -0.0041316703507735799 0.108796645291315 0.0085854642360355237 52.500000000000007 82.500000000000014 0.015209732738465856
decision_type=2 2 2 2 2 2 2 2 2 2 2 2 2 2 2 2 2 2 2 2 2 2 2 2 2 2 2 2 2 2
left_child=1 -1 9 4 10 -6 8 -8 -7 -2 25 -12 13 -13 19 16 -5 18 -18 -3 -21 24 23 -23 -11 -4 -27 -28 -16 -30
right_child=2 14 3 15 5 6 7 -9 -10 21 11 12 -14 -15 28 -17 17 -19 -20 20 -22 22 -24 -25 -26 26 27 -29 29 -31
leaf_value=-0.046643990935506988 0.020840618093698672 -0.0040805770208460377 0.089103951327320657 0.16770576122495673 1.1568036912643571 0.32510077353389821 0.58072510236482522 0.045117938204775478 1.2753622843878512 0.12697246119885236 -0.053257191672283127 1.0960278617908488 0.23506565754997971 0.32598112842439447 0.059728958744964013 0.093352530906781334 1.6390010316743415 0.20603138748010938 0.30082141349324737 0.95060150182920666 0.05705702449750534 0.22198098060661284 0.092933847117617527 0.68948660238330151 0.040818913827249649 -0.053325069385425888 0.17947586684748423 0.58948832130563578 0.18711302784572625 0.85002784544846421
leaf_weight=363.29346860246733 25.743529891129583 85.093651616480201 51.937091935891658 2.8818857539445162 0.20710610924288575 0.26582206739112813 0.45433906652033407 2.041134826373308 0.15083018038421869 16.882719273678958 0.59588120412081425 0.30520671326667059 1.2135037383995948 0.39587227068841457 5.415141840465366 2.4223924032412469 0.38454278651624918 0.96945971716195345 0.42375501478090771 0.29951459681615178 1.848271469119936 2.3222481678239997 3.6886476036161184 0.54013317497447122 23.370398815255612 1.1675963141024102 2.5339597743004565 1.0080172801390288 1.2627182910218833 0.22202044818550337
leaf_count=83071 4092 16515 3753 220 35 26 29 191 18 1281 33 26 47 20 727 234 33 82 33 28 160 99 80 37 2435 75 83 40 197 23
internal_value=-0.00403179 -0.0353145 0.0968081 0.127927 0.115709 0.280294 0.217958 0.142633 0.6691 0.0670568 0.10703 0.285636 0.391111 0.661212 0.0084063 0.235374 0.309206 0.538588 0.937452 0.000492251 0.181664 0.0924769 0.187865 0.3102 0.0769529 0.099115 0.209517 0.296162 0.108471 0.286242
internal_weight=599.341 457.435 141.906 69.3584 62.2764 3.11923 2.91213 2.49547 0.416652 72.5477 59.1571 2.51046 1.91458 0.701079 94.1413 7.08204 4.65964 1.77776 0.808298 87.2414 2.14779 46.8041 6.55103 2.86238 40.2531 56.6467 4.70957 3.54198 6.89988 1.48474
internal_count=113723 100721 13002 4978 4376 299 264 220 44 8024 4077 126 93 46 17650 602 368 148 66 16703 188 3932 216 136 3716 3951 198 123 947 220
is_linear=0
shrinkage=0.05


Tree=4
num_leaves=31
num_cat=0
split_feature=4 11 11 16 27 11 4 26 26 14 6 5 9 14 11 1 27 13 11 28 26 5 26 26 11 1 11 28 0 13
split_gain=659.042 58.0614 53.303 37.259 33.1303 28.6837 28.0065 24.7427 23.1246 19.3871 40.1123 33.9275 32.1254 33.9648 39.2851 27.3185 35.0584 90.8736 24.9304 25.6111 24.585 26.5893 28.7599 58.2256 23.595 22.9415 47.3147 91.3567 45.5094 69.5728
threshold=0.004312351768003474 0.0025433339424973445 0.0027375638199831089 1.0000000180025095e-35 -0.027741543416214678 0.0010610360031742423 0.010019692139968553 1.0759367617611637 0.84297656355358364 0.49999995000001396 0.001265184497703229 0.0086738635985323612 2.0999582691889533 0.91666651388890219 0.0099145437274916742 -0.027770268088046075 -0.027741543416214678 -112.49999999999999 0.019036765048283218 21.804407262949873 7.5464693124493376 0.001931714055345613 20.642350489746018 13.839147433950806 0.0062240632057847349 0.0040941305228097318 0.0062240632057847349 0.027651589201377228 -0.0034454092956999979 78.500000000000014
decision_type=2 2 2 2 2 2 2 2 2 2 2 2 2 2 2 2 2 2 2 2 2 2 2 2 2 2 2 2 2 2
left_child=1 -1 4 9 -2 -6 -5 8 -8 15 20 -12 13 14 -13 18 17 -17 19 -4 -11 -22 23 -23 -19 -18 27 -27 29 -28
right_child=2 -3 3 6 5 -7 7 -9 -10 10 11 12 -14 -15 -16 16 25 24 -20 -21 21 22 -24 -25 -26 26 28 -29 -30 -31
leaf_value=-0.047225736213915043 0.56470095732075565 -0.0016918167028479323 0.086964746878571364 -0.020897150035900633 0.71450378276820037 -0.029697810310318797 0.11042818827113227 -0.054743328235126634 0.43740178188256168 0.021531447643947293 0.095710222893638772 0.24278819571493226 0.11400397517746529 0.12929998255992878 0.79024070393752188 0.91217284001023791 0.11437072450829965 0.53384621290728496 -0.012490101780322678 0.35449922209584128 0.60463609138323715 0.1463117996096146 0.010875096905083639 1.0241676274462461 0.072562667234191289 1.2637350400136695 0.079450812030700479 0.1569484257818049 0.03975282853226942 0.81008395918358911
leaf_weight=335.13242586515844 0.2438909038901319 88.496552914846689 10.931082632392645 12.996952476445587 0.13066070945933361 14.296686101704834 6.6162347984500212 2.1905126278288662 0.5888677667826413 28.709139463491738 36.920972211752087 0.60664417222142153 2.3667926690541208 0.82363504450768221 0.71267127618193626 0.51637423876673016 36.9428098234348 0.34202505555003782 6.5672503211535505 0.97429001983255226 0.30519694462418501 1.0054089492186906 2.2370895780622959 0.23258598614484061 1.4630772629752753 0.30433475319296022 0.74358691181987546 0.48131702374666929 2.6139541347511113 0.57993730017915368
leaf_count=80674 39 18009 384 1782 16 2636 293 115 18 2739 2552 21 82 26 32 36 3375 35 114 54 39 88 180 24 78 34 42 54 120 32
internal_value=-0.00410123 -0.0377137 0.0779956 0.0864214 -0.0131889 -0.022958 0.0266461 0.0924128 0.137152 0.096236 0.0789071 0.111524 0.240987 0.381233 0.538513 0.116744 0.138173 0.327281 0.0657177 0.108859 0.0373143 0.157177 0.117879 0.311237 0.159965 0.127637 0.231399 0.58568 0.160709 0.399597
internal_weight=597.073 423.629 173.444 158.773 14.6712 14.4273 22.3926 9.39562 7.2051 136.38 73.9201 41.4307 4.50974 2.14295 1.31932 62.46 43.9874 2.32148 18.4726 11.9054 32.4894 3.78028 3.47508 1.23799 1.8051 41.6659 4.72313 0.785652 3.93748 1.32352
internal_count=113723 98683 15040 12349 2691 2652 2208 426 311 10141 5783 2713 161 79 53 4358 3806 149 552 438 3070 331 292 112 113 3657 282 88 194 74
is_linear=0
shrinkage=0.05


Tree=5
num_leaves=31
num_cat=0
split_feature=10 11 7 6 11 14 8 11 5 8 7 8 11 5 11 10 8 5 10 8 3 6 29 2 29 13 3 14 26 14
split_gain=563.991 84.3797 38.1859 38.0066 34.4791 36.6507 37.0972 32.2258 47.3445 30.5682 34.2681 24.6785 32.4361 39.4983 35.9239 32.0864 20.288 25.8762 21.1616 49.2799 19.1244 25.6809 18.0259 25.5735 26.5438 54.6537 19.6072 22.5282 25.9023 24.8544
threshold=0.0033105579234247499 0.0026359450181454827 0.001434748047149276 0.0013730675799508677 0.006399375507186114 0.06120534009785384 1.6444209336121813 0.017268951338354099 0.0075531375652195991 0.92610471782097836 0.0046410434177278732 0.83927380624086434 0.0029386465989062862 0.00067314305544532386 0.011923754659606958 0.002578010993446372 0.91027376037168284 1.6469424963243697e-05 0.0047519676268397548 0.89534646905760462 0.061002879553248797 0.0011729516565214409 0.50476840685754165 -0.010041800737735071 0.53983587224548968 61.500000000000007 0.080262292855431197 0.22915390266706853 5.0997413017806652 0.92656460033607979
decision_type=2 2 2 2 2 2 2 2 2 2 2 2 2 2 2 2 2 2 2 2 2 2 2 2 2 2 2 2 2 2
left_child=1 -1 -3 4 -2 6 7 -6 -9 10 11 -4 -13 14 15 -14 17 -7 19 -19 -11 -22 26 -24 25 -25 -5 -28 29 -29
right_child=3 2 9 22 5 16 -8 8 -10 20 -12 12 13 -15 -16 -17 -18 18 -20 -21 21 -23 23 24 -26 -27 27 28 -30 -31
leaf_value=-0.046305270361176931 0.009727163984923258 -0.01058250766213625 0.069535145474098711 0.077323355731013801 0.078392687392251303 0.85494415648594679 0.64322248572274066 0.75555990207074153 0.15385295594782586 -0.0049691961846619588 0.68597507372107713 0.82414598715703424 -0.050251474188846179 0.026218375245884964 0.98709702937441701 0.78065600524598655 0.024004504417342476 -0.02409574108777154 0.11291712460546495 0.84838156575305579 0.018393345875087244 0.50375405003892915 0.053146365947607882 -0.050849577622392131 0.17234840266216589 0.68691782140064328 -0.061686343901195206 0.17234136366206257 0.023095202069138135 0.40343410409463049
leaf_weight=333.47279194928706 32.46255053114146 72.924156775698066 7.0558362551964819 61.066556897480041 3.5281123281456521 0.11045930581167596 0.43180097918957461 0.49449428822845198 0.96469215024262667 11.842254980932919 0.27090325951576311 0.22869285196065936 0.32657761452719603 1.2709880634211002 0.24077138258144259 0.18034952925518155 20.345482900273055 5.3924626163207021 19.124459316022694 0.16685360623523582 0.69301477028056868 0.44917572196573019 3.7311868914403021 0.3787934803403894 5.7615260304883122 0.74422799795866013 1.16804008046165 7.1603887863457185 2.3703483943827441 1.3892553821206091
leaf_count=83491 4535 13890 1120 3664 238 18 29 25 33 1775 18 39 67 167 24 25 1264 733 1321 19 56 23 259 36 430 40 37 206 55 23
internal_value=-0.00410312 -0.034439 0.00700399 0.0739148 0.0499396 0.0757589 0.198624 0.160131 0.357762 0.0638551 0.131637 0.115495 0.259789 0.195854 0.484212 0.245361 0.0610088 0.0913735 0.0879565 0.00209021 0.0138762 0.209265 0.0976756 0.158562 0.215693 0.43807 0.0888402 0.147021 0.169345 0.209892
internal_weight=595.747 428.956 95.4827 166.792 83.0214 50.5588 5.4191 4.9873 1.45919 22.5586 9.57412 9.30322 2.24738 2.01869 0.747699 0.506927 45.1397 24.7942 24.6838 5.55932 12.9844 1.14219 83.7703 10.6157 6.88455 1.12302 73.1546 12.088 10.92 8.54964
internal_count=113660 100695 17204 12965 8215 3680 325 296 58 3314 1460 1442 322 283 116 92 3355 2091 2073 752 1854 79 4750 765 506 76 3985 321 284 229
is_linear=0
shrinkage=0.05


Tree=6
num_leaves=31
num_cat=0
split_feature=4 11 10 5 29 29 0 10 16 14 12 4 3 9 9 27 1 2 1 10 11 3 4 27 14 1 6 11 13 6
split_gain=521.306 49.2231 44.5447 44.0122 45.5635 46.5858 54.9445 30.122 21.4511 40.8973 24.9249 32.1764 23.6708 35.1508 51.7156 30.7318 70.5848 47.6577 47.1076 20.1099 39.1961 26.653 19.0463 18.7291 37.2596 33.8571 39.2351 28.1541 22.2752 28.1716
threshold=0.004135476130689166 0.0026018329823150935 0.0040421363791100957 0.00075578859037676155 0.48286350094194519 -2.5098896351946265 1.0000000180025095e-35 0.0033105579234247499 1.0000000180025095e-35 0.27027026296566475 -10.499999999999998 0.0065997982509336485 -0.0018604195746870962 1.4520432694910672 1.3523756646341385 -0.0026436223379649906 -0.0085075029516946798 -0.0062186767855300622 -0.004821502356688088 0.0035925450770980649 0.006399375507186114 -0.047758236858223453 0.0049070517770861567 0.0024553235272231524 0.078462375219736466 -0.012176023129679093 0.0010240383642104907 0.028308766175383748 25.500000000000004 0.0017027432730613459
decision_type=2 2 2 2 2 2 2 2 2 2 2 2 2 2 2 2 2 2 2 2 2 2 2 2 2 2 2 2 2 2
left_child=1 -1 3 4 5 6 -2 22 9 12 11 -11 19 14 15 16 -14 18 -18 -5 -21 -22 -6 -4 25 26 -25 28 -26 -30
right_child=2 -3 23 8 7 -7 -8 -9 -10 10 -12 -13 13 -15 -16 -17 17 -19 -20 20 21 -23 -24 24 27 -27 -28 -29 29 -31
leaf_value=-0.047260489240766416 -0.050422747588598264 -0.0034663673733751755 0.06067534184171948 0.0087481327118548013 -0.050390297847583899 0.036255101257759312 0.9959634993959382 0.87007536198346613 -0.046506315730436773 0.029136615796823001 -0.0041399919130588828 0.61468188429900117 0.019786759801410675 -0.021722346827325895 0.87630071346068572 0.080053350005396429 -0.050430130338017909 1.1674588234580328 0.96920473694415876 -0.050513458949917538 0.228767770001499 0.88992538545057975 0.40573734768617653 0.9058133057645974 0.044889368989610531 0.12740052014431177 0.13359159898189935 0.2108604323860227 0.061380708970040825 0.15775467928656781
leaf_weight=307.05089877918363 0.22332535008899856 81.110960142221302 75.99455675156787 5.7485744950827211 0.31029650592245139 5.157660338561981 0.28625748981721699 0.27145243855193246 11.808125219075007 0.62548732641152927 36.462406278820708 0.37543955352157354 0.70904826885089278 1.4273664352949706 0.32142251427285362 1.9138546918984487 0.26809864863753319 0.32835818920284532 0.19615760259330273 0.6216954570263622 0.3576129344291985 0.26567648723721504 0.87207864178344607 0.41760615911334753 23.372343002352864 0.82933038100600132 0.27137588290497661 4.5691235247068098 15.080527717247607 15.251860224641858
leaf_count=80955 33 16289 3841 775 47 642 30 24 2096 77 5030 34 77 102 20 258 35 36 28 72 27 21 47 27 1301 56 26 106 951 597
internal_value=-0.00408095 -0.0381092 0.0605596 0.0277034 0.145374 0.0813152 0.537383 0.395083 0.0140627 0.028476 0.00261713 0.24877 0.108158 0.189346 0.269965 0.212905 0.382224 0.706449 0.380386 0.0482055 0.230395 0.510586 0.286034 0.0771467 0.0980815 0.342607 0.601651 0.0917105 0.0815734 0.10984
internal_weight=592.499 388.162 204.337 68.5504 7.12107 5.66724 0.509583 1.45383 61.4293 49.6212 37.4633 1.00093 12.1579 5.16431 3.73694 3.41552 1.50166 0.792614 0.464256 6.99356 1.24498 0.623289 1.18238 135.787 59.7922 1.51831 0.688982 58.2739 53.7047 30.3324
internal_count=113660 97244 16416 9511 823 705 63 118 8688 6592 5141 111 1451 556 454 434 176 99 63 895 120 48 94 6905 3064 109 53 2955 2849 1548
is_linear=0
shrinkage=0.05


Tree=7
num_leaves=31
num_cat=0
split_feature=4 11 10 27 6 10 28 4 11 11 27 26 2 29 3 1 3 10 26 13 13 17 26 26 4 23 26 26 5 13
split_gain=460.628 43.7556 42.4457 29.1991 20.9888 20.4701 21.0401 16.3954 23.5996 19.0015 15.6736 15.6652 22.6805 17.3664 15.6157 25.1086 25.5301 21.1626 16.6382 17.7888 24.4774 22.148 15.1614 15.0807 14.9336 14.1779 17.6246 49.4727 27.4535 14.0718
threshold=0.0038744069234420931 0.0027019794545120562 0.0023041260302005501 -0.027741543416214678 0.0013730675799508677 0.0061305208644965364 -0.30309455974555044 0.0040299371695804694 0.0031733851460592384 0.013077665843754907 0.014361848404779765 0.3402350878216292 0.039542207403897835 0.51652285450605673 0.0078038163172684779 -0.0041316703507735799 0.01047768037185526 0.0035158383826559133 8.1196479398470931 65.500000000000014 81.500000000000014 0.0016377237290526804 177953.50000000003 0.51425068736808421 0.012523968633193166 1.0000000180025095e-35 2.1431804059069948 4.4554614040490135 0.0048159973383080489 110.50000000000001
decision_type=2 2 2 2 2 2 2 2 2 2 2 2 2 2 2 2 2 2 2 2 2 2 2 2 2 2 2 2 2 2
left_child=2 3 -1 -2 5 14 25 8 -6 23 29 12 -12 -13 24 16 17 -16 -17 -20 21 -21 -4 -10 -3 26 -7 28 -28 -9
right_child=1 4 22 -5 7 6 -8 10 9 -11 11 13 -14 -15 15 18 -18 -19 19 20 -22 -23 -24 -25 -26 -27 27 -29 -30 -31
leaf_value=-0.045730539086702868 0.36488473727065202 -0.0036114118707283277 0.0021940072726919797 -0.029536609362518625 0.79271699526884998 0.086390465938369243 0.052184840535590943 0.056422925403344572 0.4511631783202017 0.72957265056878118 -0.0011336559637923238 0.070994899458172459 0.28089836570112015 0.20324755361474828 0.84741057608145676 0.0050881408239114032 0.11066773615994217 0.16479898143385746 0.0042564434665175255 0.22685447894355504 -0.050444876148620435 0.81525429111353276 0.42965507854006924 -0.050266598341104397 0.22774553734264821 0.35880238629475908 0.27743330245519715 -0.050830263237113399 0.95300862360250549 0.13831381988738803
leaf_weight=313.72954605007544 0.48115282692015426 33.39626282081008 49.53325258102268 18.941045601619408 0.17791671585291513 5.5269277482293537 32.715044870041311 78.831351842265576 0.19942302303388715 0.12821380328387022 0.97933294856921138 16.68755439249799 2.6196805033832788 2.9159570960327974 0.22266454109922307 15.226744649000468 6.0325841912999749 0.2316890493966639 0.90462517598643788 0.35953893372789025 0.31211289158090949 0.28806728729978204 0.20830880431458254 0.60440713446587324 0.71236934512853523 0.70596341975033272 0.30274033918976762 0.5261271707713604 0.29880568291991949 5.6198535524308673
leaf_count=84298 39 4222 10690 4013 33 300 1409 4443 37 20 71 685 45 117 27 1804 498 22 96 27 42 18 37 117 26 26 21 43 21 413
internal_value=-0.00407706 0.0519843 -0.038927 -0.0197655 0.0587318 0.0419193 0.0693693 0.0738437 0.265027 0.164297 0.0718725 0.10827 0.204154 0.090667 0.0228494 0.0541384 0.13789 0.499326 0.0223504 0.163337 0.313286 0.488586 0.00398414 0.0741336 0.00122055 0.145748 0.123146 0.30329 0.613012 0.0618724
internal_weight=589.419 225.948 363.471 19.4222 206.526 97.7623 40.0756 108.764 1.10996 0.932044 107.654 23.2025 3.59901 19.6035 57.6867 23.578 6.48694 0.454354 17.0911 1.86434 0.959719 0.647606 49.7416 0.80383 34.1086 7.36056 6.6546 1.12767 0.601546 84.4512
internal_count=113660 18635 95025 4052 14583 8602 1820 5981 207 174 5774 918 116 802 6782 2534 547 49 1987 183 87 45 10727 154 4248 411 385 85 42 4856
is_linear=0
shrinkage=0.05


Tree=8
num_leaves=31
num_cat=0
split_feature=4 11 11 27 9 13 26 13 3 11 5 27 14 1 26 7 9 27 4 5 28 3 3 7 14 29 6 13 7 5
split_gain=412.683 48.6519 27.2308 22.1034 49.3232 16.2858 17.1272 23.783 82.198 16.7958 19.6609 14.4849 22.7518 20.6473 26.4946 19.4197 16.3567 14.7499 36.8401 18.3821 21.1433 38.7534 59.7961 16.8584 19.7506 16.7942 18.5211 18.0463 31.2733 17.5034
threshold=0.004135476130689166 0.0026018329823150935 0.0033633532883768206 -0.027741543416214678 2.0999582691889533 -112.49999999999999 0.93613219122403191 -127.49999999999999 -0.027895926211052715 0.028308766175383748 0.0063186356377243512 0.012215211292371254 0.51102815175099536 0.017823365085248805 0.90387054147708679 0.0017971106576576926 0.28352922008466802 0.0025711327914404981 0.015462719779266968 0.004184990107431669 4.8881058796770169 -0.036396310265482089 -0.02608074200127521 0.001082352049876358 0.34482757431628636 0.44434810595246871 0.00089272769536250581 56.500000000000007 0.0012910348878914857 0.002651253665619096
decision_type=2 2 2 2 2 2 2 2 2 2 2 2 2 2 2 2 2 2 2 2 2 2 2 2 2 2 2 2 2 2
left_child=1 -1 3 4 -2 6 7 8 -4 -8 -11 12 13 16 15 -15 -7 19 23 20 25 -22 -23 -19 -25 -18 -27 28 -28 -29
right_child=2 -3 5 -5 -6 11 9 -9 -10 10 -12 -13 -14 14 -16 -17 17 18 -20 -21 21 22 -24 24 -26 26 27 29 -30 -31
leaf_value=-0.046969313585813126 -0.05100025226110131 -0.0027421462430586314 1.1904987100195523 -0.0013937684843380379 0.76062572541043227 0.35275351156849838 -0.026389852978574598 0.047125748593051853 -0.051408811363585466 0.019474598148267776 0.46108605208848785 0.087481757600849683 0.025300902910857567 0.30269285063548884 0.49215834707560663 -0.056739216402831222 0.047374900289722306 0.015834718225285437 0.60243132580446612 0.028884165337933115 0.095713317999710834 1.0362494853466968 0.15640247046071801 0.068744664237683162 0.25211430397584716 -0.050768312710856828 0.66051191065528858 0.2030795107789346 0.16251035192489427 -0.052319152696303876
leaf_weight=280.73694276739843 0.4772684308700289 79.87283243611455 0.20114002795889974 30.040872599231079 0.30798101797699928 0.49496074346825381 15.03260505059734 19.35665264679119 0.39466384612024086 0.71181522309780187 0.39019267447292805 43.594049330800772 43.810348429251462 0.69787329109385543 0.64372300775721658 0.81425749650225043 18.4552441216074 3.5820701406337285 0.38167561683803874 31.572935538832098 1.9399502552114429 0.32192198419943452 0.48259599832817812 3.1844417876563966 2.7251307009719312 0.97242380864918132 0.49165101815015055 2.1561643858440225 0.87862773751839995 0.97383829671889532
leaf_count=80955 33 16289 11 5011 18 31 1314 1385 39 53 18 1774 2786 25 38 29 1367 251 10 1404 97 29 45 176 108 100 37 135 31 61
internal_value=-0.00401448 -0.0371733 0.0491089 0.00545146 0.267326 0.0560366 0.0257275 0.056703 0.367852 -0.0125775 0.175838 0.0629516 0.0536186 0.0711489 0.22351 0.109145 0.0663617 0.0642807 0.120791 0.0547014 0.0852621 0.216709 0.508467 0.101424 0.153303 0.0701856 0.147109 0.189866 0.341191 0.123617
internal_weight=585.697 360.61 225.087 30.8261 0.785249 194.261 36.0871 19.9525 0.595804 16.1346 1.10201 158.174 114.58 70.7695 2.15585 1.51213 68.6136 68.1187 9.87332 58.2454 26.6724 2.74447 0.804518 9.49164 5.90957 23.9279 5.47271 4.50028 1.37028 3.13
internal_count=113660 97244 16416 5062 51 11354 2820 1435 50 1385 71 8534 6760 3974 92 54 3882 3851 545 3306 1902 171 74 535 284 1731 364 264 68 196
is_linear=0
shrinkage=0.05


Tree=9
num_leaves=31
num_cat=0
split_feature=11 4 3 14 2 11 3 4 12 17 13 7 1 5 4 2 7 9 9 3 26 13 7 28 0 9 26 26 2 0
split_gain=374.215 61.1174 13.6867 21.2288 15.3158 14.4111 27.7985 18.3992 36.4137 21.0896 14.2442 33.7397 13.0759 19.8565 14.4421 16.8248 20.4506 16.5245 21.3596 38.716 29.762 13.4521 16.4268 17.2421 22.671 21.606 63.7844 21.7848 37.7047 20.0715
threshold=0.0026359450181454827 0.0038744069234420931 0.0044582269041873752 0.76981709820287425 -0.028719871518119222 0.0029821465565005819 0.0051221108081374927 0.0057809592439207833 88.500000000000014 0.001210991215840114 -127.49999999999999 0.001892021146355044 -0.0038508377987013873 0.00013049719431026548 0.010928120288850282 0.056261432277337049 0.0024556914448211182 1.4368723332326241 1.1562727510670607 0.010133302201536699 0.69489599608745878 -112.49999999999999 0.001434748047149276 6.3933209591164157 -0.0029259640748152582 2.8583158700194637 0.33314913754112646 2.2463197404979711 0.056261432277337049 -0.0034454092956999979
decision_type=2 2 2 2 2 2 2 2 2 2 2 2 2 2 2 2 2 2 2 2 2 2 2 2 2 2 2 2 2 2
left_child=-1 -2 3 10 -4 6 -6 -8 9 -9 11 -3 13 -7 15 17 -17 18 -15 -20 -21 -14 -23 24 25 26 -24 29 -29 -28
right_child=1 2 4 -5 5 12 7 8 -10 -11 -12 -13 21 14 -16 16 -18 -19 19 20 -22 22 23 -25 -26 -27 27 28 -30 -31
leaf_value=-0.045073620850066082 -0.0056027345978946876 0.034319208063958613 -0.067614266791510835 -0.013304912251070791 0.76408695390283998 0.44098458593326822 0.046384372037807729 -0.050785405456018819 0.88860953789853159 0.49927606010572267 0.043229393322263825 0.72777709933668222 -0.0009948636167684368 0.091546801565254493 0.010348516057896979 0.090392411583698651 0.47807709752184868 -0.019374129584997214 0.8030125209470953 0.06822301376340914 0.62681311301767784 0.033998260142185564 0.86438253303919843 0.034328922627081045 0.07989950796440845 0.015642911126793248 0.053138305223591066 0.045314922689173261 0.61213149574061898 0.43069270431158602
leaf_weight=283.87662698118947 70.47519918018952 0.5546320490539064 2.2972497218288472 18.596936149057001 0.18390000890940372 0.40466911485418933 2.0577956386841838 0.48227669112384308 0.21269601909443736 0.27283578272908926 96.982488174457103 0.25653442135080695 10.943038897123186 11.059855553321546 4.7396151586435726 0.70444541331380495 0.65780920442193747 2.6499319835565975 0.29272370971739192 1.2407274753786621 0.29519472457468499 35.497051822021604 0.38233792455867188 12.870256268419324 19.363087362609804 1.3046733494848011 2.3261616104282439 0.5183513034135101 0.67604069598019123 0.41478236299008209
leaf_count=84202 14617 46 55 1606 17 21 300 52 17 36 6723 16 1046 738 115 35 20 176 22 77 26 2160 25 277 1017 32 107 36 18 25
internal_value=-0.00396702 0.0350979 0.0476654 0.0356627 0.0601557 0.062835 0.167221 0.130943 0.310734 0.147962 0.0449746 0.253628 0.0596845 0.0939695 0.0874803 0.109111 0.277599 0.0943398 0.11772 0.276018 0.175581 0.0507183 0.058433 0.0813454 0.105564 0.193951 0.247831 0.18793 0.36614 0.110273
internal_weight=582.59 298.713 228.238 116.391 111.848 109.55 3.2095 3.0256 0.967808 0.755112 97.7937 0.811166 106.341 22.045 21.6403 16.9007 1.36225 15.5384 12.8885 1.82865 1.53592 84.2958 73.3527 37.8557 24.9854 5.62235 4.31767 3.93534 1.19439 2.74094
internal_count=113660 29458 14841 8391 6450 6395 422 405 105 88 6785 62 5973 1230 1209 1094 55 1039 863 125 103 4743 3697 1537 1260 243 211 186 54 132
is_linear=0
shrinkage=0.05


Tree=10
num_leaves=31
num_cat=0
split_feature=11 4 12 11 27 9 28 11 11 12 3 27 4 4 3 27 12 11 6 8 27 11 28 9 3 13 5 13 11 9
split_gain=344.504 40.0432 23.8101 58.6243 21.9553 27.6151 18.4802 18.3966 14.8903 26.9646 12.6561 37.335 29.6125 10.0174 14.687 9.60174 23.0776 18.6331 14.1218 19 21.5994 16.4129 15.7255 12.6048 14.9403 19.2149 28.2459 21.9314 32.5954 24.7237
threshold=0.0033633532883768206 0.0031388603709359485 102.50000000000001 0.0035026806968381104 -0.027741543416214678 2.2940539469893628 -0.62138017786241795 0.0025433339424973445 0.019036765048283218 2.5000000000000004 0.0028518152939295614 -0.0025905504803084346 0.0070175368245315789 0.0052914624617495356 -0.017491594265931682 0.012215211292371254 53.500000000000007 0.011923754659606958 0.0017448979599103654 1.3168829289817474 0.014361848404779765 0.006780291708571605 0.40932200020739368 2.699060928045323 -0.05264098230020154 -123.49999999999999 0.0014382080694200678 -112.49999999999999 0.0072218013950567069 0.54767195342039221
decision_type=2 2 2 2 2 2 2 2 2 2 2 2 2 2 2 2 2 2 2 2 2 2 2 2 2 2 2 2 2 2
left_child=4 8 15 -4 5 -1 -5 -6 -2 -10 11 13 -13 14 -8 23 17 -17 21 20 -20 -18 -22 24 25 26 -3 -27 -29 -30
right_child=1 2 3 6 7 -7 10 -9 9 -11 -12 12 -14 -15 -16 16 18 -19 19 -21 22 -23 -24 -25 -26 27 -28 28 29 -31
leaf_value=-0.05085588291881328 -0.018469295507002981 0.73756540906407164 0.74484058798995179 0.36726973072130104 -0.046197214729389827 0.38369863255183989 -0.05591671117231542 -0.012083035644685186 -0.051471513455475508 0.53891813652272613 -0.026595128962813144 0.1404091857238817 0.89147642452038856 0.0082894647569864682 0.40650600614831939 0.0023489612397019494 -0.052101150911469121 0.069662158009049041 0.4556843693130137 -0.052497787381206411 0.1175966300642512 0.11771147574543424 0.36047976000576298 0.00023338398504062436 0.033888148484970307 0.0013524236635478134 0.14668939881126153 0.39776008615026687 0.31187717745772137 0.066002216614521256
leaf_weight=0.78046392044052371 33.045528999064118 0.25376171292737371 0.37700436357408662 0.59264866029843677 264.60275914310478 0.68776325369253755 0.28416642872616649 46.457858056062832 0.45192516269162197 0.33808028511703014 2.0041953921318054 0.25994539866223965 0.26505382219329476 2.1887834565714002 0.43389613181352649 17.247393483296037 1.9254501792602221 25.452283706981689 0.78530232701450575 0.76450059609487642 3.1563122719526291 5.452112321741879 0.84479101886972774 21.248554144054651 119.49062310392037 8.6858613593503851 0.99649980291724205 0.86709137028083461 1.0981584987603117 14.822213429957626
leaf_count=81 7096 27 39 29 82762 19 12 8434 42 32 148 28 14 95 30 1367 157 712 33 35 81 223 26 796 10024 554 68 41 65 566
internal_value=-0.00469273 0.0374383 0.0449248 0.139968 -0.0401917 0.152703 0.102142 -0.0411022 -0.0133407 0.201184 0.0732374 0.13154 0.519597 0.0614534 0.223507 0.0421958 0.0601934 0.0424728 0.118721 0.178965 0.215935 0.0733925 0.168879 0.0362173 0.0414466 0.0752434 0.266618 0.0658505 0.0992219 0.0829622
internal_weight=575.861 263.332 229.497 6.40569 312.529 1.46823 6.02869 311.061 33.8355 0.790005 5.43604 3.43185 0.524999 2.90685 0.718063 223.091 55.6281 42.6997 12.9285 5.55091 4.78641 7.37756 4.0011 167.463 146.214 26.7236 1.25026 25.4733 16.7875 15.9204
internal_count=113636 22340 15170 395 91296 100 356 91196 7170 74 327 179 42 137 42 14775 2634 2079 555 175 140 380 107 12141 11345 1321 95 1226 672 631
is_linear=0
shrinkage=0.05


Tree=11
num_leaves=31
num_cat=0
split_feature=11 10 4 27 11 27 0 10 10 9 9 9 28 6 14 10 26 27 27 9 11 1 17 11 1 11 27 6 26 26
split_gain=313.148 38.8161 21.0649 16.5273 17.6719 14.4039 22.9727 17.957 11.3036 26.2261 72.4752 21.3111 20.8435 10.7492 13.6816 21.728 17.7013 14.7686 23.3643 57.7341 16.8346 26.9296 15.0746 12.5617 19.3719 14.6847 14.7565 13.8879 29.7102 13.7349
threshold=0.0033633532883768206 0.002578010993446372 0.0029904216793877566 0.014361848404779765 0.0080261351048473168 -0.01883392827664912 0.0027986268123012521 0.0019459010051144155 0.0026429625920667129 0.57832540214548234 0.53609908982680732 0.34045187213145284 1.6459566760491393 0.0012247933184713967 0.67553190680879194 0.0042818427341489032 2.9948770155669249 0.0065358869415206812 0.008200279176122172 1.0929048447528815 0.0074438059665512214 0.0075757162410690316 0.0050994008208104609 0.015895678653262947 -0.016456164137779724 0.019036765048283218 -0.0091893542573436866 0.001563882653797819 0.60113179061077482 8.1196479398470931
decision_type=2 2 2 2 2 2 2 2 2 2 2 2 2 2 2 2 2 2 2 2 2 2 2 2 2 2 2 2 2 2
left_child=2 3 -1 -2 -5 6 7 -4 9 10 11 -3 -11 14 15 -10 -16 -18 19 -19 -20 -22 -23 29 -25 26 -26 28 -27 -15
right_child=1 8 5 4 -6 -7 -8 -9 13 12 -12 -13 -14 23 16 -17 17 18 20 -21 21 22 -24 24 25 27 -28 -29 -30 -31
leaf_value=-0.046410977510899426 -0.018014990485173171 0.68500223640417501 0.33651214660025869 -0.031250588721928221 0.14201424973828014 -0.017961388734751262 0.46332091498911149 -0.051581498538011167 0.0014494195077211257 -0.014682585860778967 1.4750929395599226 -0.05045731510791035 0.59788768080888 0.067276740473393021 -0.019826198111426663 0.063016431899431222 -0.050716556141331963 -0.051653278532551264 -0.030968963526757039 1.1983095122223053 0.49520921646640742 0.046812477388631736 0.30047928872403418 -0.029711938120716465 0.14626719578104827 0.4718481587583952 -0.025876986870708975 0.059744128514126818 0.071487563675168037 -0.024306737908394032
leaf_weight=240.20296958321705 41.498801494482905 0.13599703693762366 0.38561941497027818 2.5100537920370689 3.557266743388027 58.06783633469604 0.38720817654393602 1.3126510926522312 21.293483773246408 1.3962736241519449 0.13107320014387369 0.35722555499523878 0.15420299675315607 79.93099026940763 23.652799512725323 43.824720904231071 2.2875213711522502 0.21829799050465215 2.4755374770611525 0.16015492472797632 0.45665410719811905 3.4025737876072526 0.70744736678898323 10.518294000998138 1.4631738993339229 0.66696577752009334 8.3454089849255997 16.916733463760465 1.5181389981880782 4.3148278216831377
leaf_count=77899 7641 25 29 388 223 13241 18 109 2800 214 15 61 20 4380 1960 2553 276 21 251 20 28 202 20 226 44 25 244 416 57 230
internal_value=-0.00459351 0.0342814 -0.0397847 -0.00674553 0.0703345 -0.0133246 0.115781 0.0365414 0.0429807 0.156418 0.430051 0.152332 0.0462407 0.0418702 0.0295448 0.0428842 0.00350738 0.0603568 0.0945966 0.47731 0.0740294 0.130948 0.0904755 0.0516846 0.0283918 0.0495313 -0.000197755 0.0750666 0.193691 0.0625861
internal_weight=572.251 271.895 300.356 47.5661 6.06732 60.1533 2.08548 1.69827 224.328 2.17477 0.624296 0.493223 1.55048 222.154 98.4792 65.1182 33.361 9.70819 7.42067 0.378453 7.04221 4.56668 4.11002 123.675 39.4287 28.9104 9.80858 19.1018 2.1851 84.2458
internal_count=113636 22340 91296 8252 611 13397 156 138 14088 335 101 86 234 13753 8131 5353 2778 818 542 41 501 250 222 5622 1012 786 288 498 82 4610
is_linear=0
shrinkage=0.05


Tree=12
num_leaves=31
num_cat=0
split_feature=11 10 11 0 12 11 9 8 27 3 11 3 27 10 1 12 3 14 1 1 12 12 1 9 5 27 9 11 14 9
split_gain=285.17 32.6905 19.2252 15.1569 14.6555 16.0383 15.9779 15.067 14.2814 18.734 12.3681 10.2735 20.4218 10.5346 10.3747 9.90063 9.36833 9.20864 13.7405 21.9347 23.0415 20.8669 20.5515 18.8197 17.1963 15.0986 23.9033 20.8056 49.9382 20.7819
threshold=0.0033633532883768206 0.002578010993446372 0.0020285769775197347 0.0059908101285491228 102.50000000000001 0.0035766477086728683 1.1402968124639064 0.538312754255312 0.014361848404779765 0.080262292855431197 0.0035766477086728683 0.0028518152939295614 -0.0028845666791410215 0.0049315557320468344 -0.0040298421871741404 2.5000000000000004 -0.043702500431848694 0.13074978667490658 0.0019072460862580639 -0.009522105727254912 66.500000000000014 75.500000000000014 -0.016456164137779724 1.7401335941273717 0.0040522542867102119 -0.0067472531415510226 4.207790643419302 0.0041571251598234724 0.075068460071177581 0.56688259332065571
decision_type=2 2 2 2 2 2 2 2 2 2 2 2 2 2 2 2 2 2 2 2 2 2 2 2 2 2 2 2 2 2
left_child=2 8 3 -1 10 6 -6 -7 15 -10 -3 12 13 14 -9 -2 -4 18 19 20 25 22 -22 24 -20 27 -27 28 -12 -29
right_child=1 4 16 -5 5 7 -8 11 9 -11 17 -13 -14 -15 -16 -17 -18 -19 23 -21 21 -23 -24 -25 -26 26 -28 29 -30 -31
leaf_value=-0.047766980839517213 -0.047499239490796041 -0.040562375689776553 0.47970744645256008 0.34006834969176331 0.5259112295525642 0.27828513611536976 0.080451000256530208 0.24221602514704293 0.011068820281394406 0.20355165454160892 -0.050472455041038616 -0.051600841602611094 0.28992145541694531 -0.054425121583002424 -0.051590776559334639 0.0027598383662257135 -0.018980466064816612 0.033958128242929222 0.62478708404968442 -0.0076112831999418373 0.61429163865611203 0.11109528222454478 0.15925318060565441 0.046274139921731766 0.16569145530428775 0.093570801677908724 0.39944361258535999 0.29592301846033647 0.8128276800322306 0.020943639970920261
leaf_weight=209.2942728435155 16.376625551842153 5.040784675627946 0.094289178960024311 0.25221964158117671 0.43301337910815973 0.85469003533944476 0.37617521220818162 0.83182195760309674 4.7134442194364956 1.7273852792568503 0.39887359365821495 1.656641326844692 1.0163102503865959 1.6387586407363413 0.47036156756803438 24.395893562119454 79.138871803414077 182.21225719852373 0.36981737334281095 10.288718364201484 0.52349147386848938 1.7248817691579459 0.4717362918891006 0.96478105010464787 0.45483256224542856 4.1303510321304229 0.75557043915614475 0.7155210529454078 0.28879940928891301 17.303907903376967
leaf_count=72116 3156 701 10 7 29 29 17 36 582 29 48 116 43 56 30 4485 19163 10851 33 931 17 44 28 29 14 294 21 43 18 660
internal_value=-0.00450143 0.0314402 -0.0393672 -0.0473002 0.0391302 0.108966 0.318826 0.0827134 -0.0064974 0.0626914 0.0368777 0.0529384 0.0967021 0.0299308 0.13609 -0.0174271 -0.018387 0.0386472 0.0609026 0.0542886 0.0784921 0.216288 0.398604 0.196187 0.371575 0.0626052 0.140872 0.0421636 0.312084 0.0318626
internal_weight=568.915 280.135 288.78 209.546 232.922 7.27777 0.809189 6.46858 47.2133 6.44083 225.644 5.61389 3.95725 2.94094 1.30218 40.7725 79.2332 220.604 38.3913 36.6019 26.3131 2.72011 0.995228 1.78943 0.82465 23.593 4.88592 18.7071 0.687673 18.0194
internal_count=113636 22340 91296 72123 14088 356 46 310 8252 611 13732 281 165 122 66 7641 19173 13031 2180 2104 1173 89 45 76 47 1084 315 769 66 703
is_linear=0
shrinkage=0.05


Tree=13
num_leaves=31
num_cat=0
split_feature=11 10 7 4 12 1 27 13 8 12 3 8 1 28 3 3 12 4 4 4 5 1 27 1 12 2 2 8 11 11
split_gain=260.679 27.8431 25.979 21.3008 15.9518 13.5096 31.9595 85.3356 21.4283 31.6538 29.253 26.3276 21.8056 13.7693 16.188 13.1736 12.2952 16.9391 14.1066 37.9249 11.2975 14.9332 11.6308 11.3365 10.9159 12.5669 17.4535 15.8105 15.0455 10.843
threshold=0.0033633532883768206 0.002578010993446372 0.001003004541650231 0.0029904216793877566 3.5000000000000004 0.00093876720135249541 -0.0023743048370188876 78.500000000000014 0.88381792937433723 10.500000000000002 -0.0085550805607012732 0.82090948279624654 -0.0026200933451042446 -0.82219457376509664 0.080262292855431197 0.032257535782076845 58.500000000000007 0.0065997982509336485 0.003450909327963882 0.0028816039008567793 2.7858854676127241e-05 0.0011276998229391643 -0.01883392827664912 -0.0085075029516946798 102.50000000000001 -0.012254666637703812 0.0052819729407126452 0.54355204414574654 0.0035766477086728683 0.0035766477086728683
decision_type=2 2 2 2 2 2 2 2 2 2 2 2 2 2 2 2 2 2 2 2 2 2 2 2 2 2 2 2 2 2
left_child=3 2 -2 15 -4 8 7 -7 9 10 -6 -11 -13 -8 16 -1 -15 18 19 -18 21 -5 23 -22 29 -26 27 -27 -29 -3
right_child=1 24 4 20 5 6 13 -9 -10 11 -12 12 -14 14 -16 -17 17 -19 -20 -21 22 -23 -24 -25 25 26 -28 28 -30 -31
leaf_value=-0.0462748654792575 -0.036373925330318704 -0.0401406188627913 -0.022018985806013851 -0.050359168876164075 0.99125845596755857 -0.050353673666851867 0.89274365147398849 1.2015641879412198 -0.050746918216421834 -0.019651986297809735 -0.050286976324597367 0.69687723544537594 -0.050748645608122478 -0.051346081201541584 0.21088871423014313 0.6165369334751416 -0.050292810334019326 0.66230398170253313 -0.050440766070496135 0.94726383508646406 -0.051487912168932615 0.67716916565644825 -0.018166711519613729 0.17685424880983278 -0.033869466676084529 0.44257423342449131 -0.00084530736071008116 0.38147060013650491 0.10513549943298771 0.035457446971977592
leaf_weight=219.65521034132689 28.334710688795894 4.8440628005191675 6.6813504176680025 0.14500437979586323 0.19185342034325004 0.315134230069816 0.053017027676105388 0.2396205416880548 3.7771576275117695 1.6209651650860908 0.10393646638840293 0.26737771462649107 0.1535340268164872 2.1739987232722346 1.6656730910763142 0.07499164971522887 0.26003068499267079 0.14024670049548138 0.73814369039610028 0.15037661464884877 0.84688879852183196 0.13733624597080052 55.366546649951488 1.517616677796467 1.5626938650384543 0.50310503831133147 1.9457851313054559 0.57586056645959649 3.4059877363033593 227.74955622991547
leaf_count=77880 5752 701 1000 31 21 51 9 38 550 258 20 30 22 272 27 19 55 12 102 33 71 20 13191 84 61 16 115 21 143 13031
internal_value=-0.00438882 0.0289892 -0.00626791 -0.0389338 0.039762 0.0745927 0.12971 0.490399 0.0228875 0.141865 0.625274 0.0718371 0.424169 0.0910932 0.0828059 -0.0460487 0.0211955 0.143562 0.0802194 0.31522 -0.0119858 0.303525 -0.0135289 0.0950695 0.0358574 0.0933082 0.124213 0.178469 0.145099 0.033883
internal_weight=565.198 287.454 46.8671 277.744 18.5324 11.8511 5.73624 0.554755 6.11482 2.33767 0.29579 2.04188 0.420912 5.18149 5.12847 219.73 3.4628 1.2888 1.14855 0.410407 58.0134 0.282341 57.7311 2.36451 240.587 7.99343 6.43074 4.48495 3.98185 232.594
internal_count=113636 22340 8252 91296 2500 1500 599 89 901 351 41 310 52 510 501 77899 474 202 190 88 13397 51 13346 155 14088 356 295 180 164 13732
is_linear=0
shrinkage=0.05


Tree=14
num_leaves=31
num_cat=0
split_feature=11 10 7 8 27 26 7 2 7 6 13 7 0 5 2 2 14 8 7 27 6 15 10 6 28 26 20 5 12 26
split_gain=241.749 31.6346 24.534 16.893 13.9898 13.1121 11.2697 40.0445 70.4951 11.0551 16.775 15.4773 34.5993 16.4729 9.99738 20.7825 19.945 26.1107 9.38973 9.03632 8.92362 20.8151 8.27115 8.20783 8.13869 8.11678 8.06345 7.65999 7.65926 7.56212
threshold=0.0026359450181454827 0.0033105579234247499 0.001434748047149276 0.89534646905760462 -0.013436258626689571 1.6233714461739179 0.0015178079332374172 -0.0039486972429502868 0.0014895475090512731 0.001037869895753679 51.500000000000007 0.0017153209278754232 -0.00052356020942407255 0.00013566680233344206 -0.0073099744414860746 -0.0040310970347228895 0.18612870611120216 0.83927380624086434 5.8574634152232866e-06 0.013193628774729392 0.0025049621308525934 1.0000000180025095e-35 0.0014807785221722252 0.00077237473127335571 0.25592879999173263 0.96806118239196481 1.0000000180025095e-35 0.0013624349447430594 56.500000000000007 1.0000000180025095e-35
decision_type=2 2 2 2 2 2 2 2 2 2 2 2 2 2 2 2 2 2 2 2 2 2 2 2 2 2 2 2 2 2
left_child=4 2 22 6 5 18 7 8 -4 -5 -11 12 -12 -13 -8 16 -16 -18 -1 -17 -6 -22 -2 29 -14 -23 -25 -21 -15 -24
right_child=1 -3 3 9 20 -7 14 -9 -10 10 11 13 24 28 15 19 17 -19 -20 27 21 25 23 26 -26 -27 -28 -29 -30 -31
leaf_value=0.45351765622008156 -0.050263154580384078 0.033238933020625853 0.11876497477791743 -0.028603037536149203 -0.045918374332560179 0.23403632784352874 -0.028772571723076582 0.009492215022065903 1.3887014433206168 -0.050801141894159477 0.83172788232451167 0.4040430249159444 -0.052937480680016705 -0.051252891783412517 0.64774102971933301 0.021805014184008278 0.020218901907839849 0.65268123068510731 -0.051362291241128781 0.19662326719918666 -0.012899138615370703 0.22964866316956059 0.11714230281685274 0.0081265829603419746 0.31185552276242312 0.75918263602715885 0.26025334980783538 0.030346402945131641 0.099894784184436175 -0.030944503766696493
leaf_weight=0.099244090728461187 14.01140710362233 229.56087035639212 0.29466476524248719 10.040025114780294 225.12451442587189 0.85815989482216526 2.2789270458742967 0.81439103814773506 0.17369451769627631 2.5148925969842812 0.2265811157412827 0.32896078983321819 0.34321008203551162 1.4944784911349418 0.28511050157248863 5.4330978489015234 0.69627042952924967 0.21314447140321136 1.277683454332873 1.7577347739133986 1.3392165657132853 0.17471210728399444 0.88919900543988006 29.683086537756029 0.27573695359751582 0.12353478535078466 0.3205440673045804 1.1430566925555465 1.9085146887227891 28.273829726502299
leaf_count=25 3271 12226 34 1348 83546 37 298 109 22 263 23 24 33 124 9 662 85 17 166 71 338 13 140 4736 33 27 25 45 115 5771
internal_value=-0.00430137 0.0228955 -6.82386e-05 0.0378299 -0.0438455 0.0806343 0.0805956 0.221349 0.58973 0.00515452 0.052942 0.109939 0.303095 0.0661768 0.0653041 0.0878046 0.28285 0.168453 -0.0149723 0.0598482 -0.0450725 0.0712279 -0.0157201 -0.00753992 0.109575 0.448983 0.0108202 0.131102 0.0335159 -0.0264292
internal_weight=561.958 332.961 103.401 30.2225 228.997 2.23509 13.0901 1.28275 0.468359 17.1324 7.09237 4.57748 0.845528 3.73195 11.8073 9.52841 1.19453 0.909415 1.37693 8.33389 226.762 1.63746 73.1781 59.1667 0.618947 0.298247 30.0036 2.90079 3.40299 29.163
internal_count=113636 29484 17258 3315 84152 228 1352 165 56 1963 615 352 89 263 1187 889 111 102 191 778 83924 378 13943 10672 66 40 4761 116 239 5911
is_linear=0
shrinkage=0.05


Tree=15
num_leaves=31
num_cat=0
split_feature=11 10 6 6 7 26 11 26 5 6 26 8 13 0 9 13 29 13 10 28 12 11 13 7 0 14 17 11 8 13
split_gain=251.846 30.7355 16.9802 14.2456 14.0464 23.184 19.1709 19.0031 35.1759 15.4673 18.4388 15.5473 12.5692 20.9201 30.9423 38.4118 17.9544 11.752 15.9314 24.5395 26.5189 11.1338 14.4396 22.9788 14.7559 12.8203 24.0264 10.332 10.2034 10.1492
threshold=0.0026018329823150935 0.0024864432881027735 0.0056066706535450907 0.0012247933184713967 0.003650128973050852 1.8699956212217255 0.017268951338354099 0.18331857488651238 0.00031092893775633426 0.00032055562998702179 4.6926913975524647 0.78790986819202391 111.50000000000001 0.0013666230185426559 1.1402968124639064 121.50000000000001 0.6302526597817768 122.50000000000001 0.0035925450770980649 0.071306971949495326 15.500000000000002 0.028308766175383748 80.500000000000014 0.0019416616939440313 -0.0087753446784708897 0.017241378715829318 0.00055077633273308241 0.017268951338354099 0.41212651363634856 1.0000000180025095e-35
decision_type=2 2 2 2 2 2 2 2 2 2 2 2 2 2 2 2 2 2 2 2 2 2 2 2 2 2 2 2 2 2
left_child=29 2 27 4 7 -6 9 8 -3 -7 11 -11 28 17 16 -16 -15 18 19 20 -14 22 24 -24 -10 26 -26 -2 -5 -1
right_child=1 3 -4 12 5 6 -8 -9 21 10 -12 -13 13 14 15 -17 -18 -19 -20 -21 -22 -23 23 -25 25 -27 -28 -29 -30 -31
leaf_value=0.032992095580388146 -0.014033453378810746 0.75764542644802191 0.45646663571033319 -0.027711331866065742 0.025186818682341294 0.07258319417957107 -0.056350350051498889 0.0055450722980206237 0.17722773220415736 0.35978509463702057 0.50806519135427131 0.074688200313370756 0.69129556929407221 0.059293590931956165 0.90048128917273607 0.17678082747864599 0.41235576829028214 -0.0561000805273442 0.0033153431071182623 -0.051879567393815433 0.093780245844720403 0.32258246253658734 0.084281401313878304 0.4649882985631229 0.61555109055965307 -0.034712760670301372 -0.050762282111421003 0.069269699677677529 0.041115065627046581 -0.046140186700206871
leaf_weight=4.1305773919448248 58.698134469101205 0.1856380463577797 0.19675817620009084 5.6077118795365086 13.483000491745772 1.5700054983608414 0.91637239325791586 99.105057704728097 1.2213210659101585 0.83275750651955638 0.62486026482656587 1.1231565894559024 0.40307274740189158 2.2204667180776605 0.31533084856346238 0.43807754339650273 0.42978557525202621 2.0404351092875004 1.7323310445062814 0.44829460373148322 0.34432127047330141 0.3988302946090706 2.1880192658863966 0.48403904447332013 0.22503263130783846 5.7891437979415059 0.33925448730587959 3.9742501911241552 135.49930923245847 212.87483646441251
leaf_count=1014 11791 30 10 316 428 64 32 9892 34 16 29 34 29 121 22 25 12 115 84 45 33 9 173 33 22 418 36 238 5957 82659
internal_value=-0.00253036 0.0242765 -0.00729498 0.0314172 0.0192083 0.0594541 0.150635 0.0124174 0.0752984 0.196331 0.271612 0.196072 0.0419115 0.101435 0.196928 0.479678 0.116549 0.0360173 0.100211 0.240594 0.416023 0.0633997 0.0533117 0.153246 0.018059 -0.012538 0.214958 -0.00875094 0.0383798 -0.0446339
internal_weight=557.84 340.835 62.8691 277.966 128.486 18.5502 5.06715 109.936 10.8313 4.15078 2.58077 1.95591 149.479 8.37212 3.40366 0.753408 2.65025 4.96845 2.92802 1.19569 0.747394 10.6456 10.2468 2.67206 7.57475 6.35343 0.564287 62.6724 141.107 217.005
internal_count=113721 30048 12039 18009 11250 603 175 10647 755 143 79 50 6759 486 180 47 133 306 191 107 62 725 716 206 510 476 58 12029 6273 83673
is_linear=0
shrinkage=0.05


Tree=16
num_leaves=31
num_cat=0
split_feature=11 4 16 4 7 8 14 7 14 26 13 6 5 3 26 8 28 11 3 5 26 3 8 29 0 4 26 7 0 14
split_gain=232.466 26.8342 18.4868 15.8092 13.384 14.0248 19.021 26.4283 13.924 13.7645 39.1337 38.9291 14.5937 14.5883 14.1229 13.5843 22.2222 21.7568 25.6314 75.0997 16.279 13.6218 13.1999 14.8378 45.1019 16.8191 13.0884 12.9153 14.6048 14.8124
threshold=0.0026018329823150935 0.0023414217644707751 1.0000000180025095e-35 0.010019692139968553 0.001026906253359549 0.91413299525074487 0.064516128598680597 0.0040443346279740106 0.11918777839759873 0.33314913754112646 117.50000000000001 0.00091467115584112346 0.010945203884720981 0.108796645291315 313718.04050000006 0.56930341639012993 -0.64344222079292812 0.0065554317904303475 -0.0076948289905836914 0.0024111974666028908 0.053935358781598323 -0.075423865271964902 1.0616790900357007 0.35815298860780753 -0.0018943577709421258 0.0055202364739772043 1.0759367617611637 0.0011124078448567071 0.00016474690833946423 0.9198160142191294
decision_type=2 2 2 2 2 2 2 2 2 2 2 2 2 2 2 2 2 2 2 2 2 2 2 2 2 2 2 2 2 2
left_child=-1 -2 4 -4 8 9 7 -7 15 10 13 -12 14 -6 27 16 -3 18 20 -20 -18 -19 -17 25 -25 -24 -5 -11 29 -29
right_child=1 2 3 26 5 6 -8 -9 -10 12 11 -13 -14 -15 -16 22 17 21 19 -21 -22 -23 23 24 -26 -27 -28 28 -30 -31
leaf_value=-0.044380445056181161 -0.026876723877155641 -0.057320067522985185 -0.030899376189861424 0.054182843381994431 0.063312290879069463 0.27317969508339845 0.019596123758596248 -0.086394160270633694 0.01053805467107719 0.13972746800468919 -0.051782199988098548 0.74192842642103374 0.17913139848426757 0.21666518613014923 0.18314980020472538 0.0059939215885311129 0.59469836258066333 0.29098030289838517 0.17409750800930007 1.6235014455435071 -0.050500209472002566 -0.050905896190869972 -0.026462774635700223 -0.050704079576114662 1.1936151740434073 0.15875837924352676 -0.056180164451188432 0.048867813395512986 0.0050228688380087698 0.30976283383898523
leaf_weight=207.58523093000986 25.521261404268444 0.82897133822552893 24.164083830313757 13.48952186945826 17.235696095274768 1.6624823785386973 72.679585712263361 0.7377994842827319 98.278815504629165 2.8552856945898375 0.23791993223130603 0.44053488969802856 1.9178881663829077 1.7041482720524062 1.6643091901205469 10.061598853208123 0.15446522599086165 0.56335802935063839 0.2225876643788095 0.14932893961668015 0.26633105636574328 0.60340270912274696 2.079541703220456 0.18387939129024744 0.12057653535157431 2.984834264498204 3.3545060581527641 33.990829838672653 29.23268976714462 0.55289157829247315
leaf_count=83673 5978 51 3084 326 785 61 4466 6 9646 237 26 25 35 19 66 780 10 6 34 20 35 61 337 20 21 125 117 1806 1821 44
internal_value=-0.0025058 0.0224772 0.0263838 -0.00497977 0.0309543 0.0401191 0.0241696 0.162654 0.0179806 0.0534494 0.0904761 0.463591 0.0431038 0.0771105 0.0392839 0.0581284 0.159691 0.2515 0.45363 0.75605 0.186338 0.11417 0.0397749 0.103083 0.442095 0.0827026 0.0322039 0.0356905 0.0310327 0.0530436
internal_weight=555.524 347.939 322.418 41.0081 281.41 164.912 75.0799 2.40028 116.498 89.8322 19.6183 0.678455 70.2139 18.9398 68.296 18.2189 2.78844 1.95947 0.792713 0.371917 0.420796 1.16676 15.4304 5.36883 0.304456 5.06438 16.844 66.6317 63.7764 34.5437
internal_count=113721 30048 24070 3527 20543 9397 4533 67 11146 4864 855 51 4009 804 3974 1500 217 166 99 54 45 67 1283 503 41 462 443 3908 3671 1850
is_linear=0
shrinkage=0.05


Tree=17
num_leaves=31
num_cat=0
split_feature=11 10 27 6 4 27 6 6 7 11 6 4 27 28 14 27 11 0 8 8 5 5 11 10 0 6 12 8 29 4
split_gain=214.694 24.917 19.7959 20.9042 13.0412 12.356 12.2688 11.2743 11.0545 13.4917 27.8412 23.5381 25.4455 27.8775 27.6151 12.4698 12.2581 13.6162 10.8385 10.0705 11.1883 34.7289 17.6659 72.14 13.3843 10.4076 9.82887 9.71695 9.60586 20.3522
threshold=0.0026018329823150935 0.0024864432881027735 0.031562852735248892 0.0019779398530117391 0.0028273087285769884 -0.013436258626689571 0.0021594366749233787 0.0012247933184713967 0.003650128973050852 0.017268951338354099 0.00053348982406116539 0.0079070921165569821 0.00089342618125091771 0.087737747529202284 0.51633986791507247 -0.027741543416214678 0.017268951338354099 0.0037616747168276285 1.2189692524380658 0.89534646905760462 0.0011476286129257747 0.001123868060685238 0.0027375638199831089 0.0023284348082402337 -0.0037973489043181432 0.0056066706535450907 105.50000000000001 0.66187658857220999 0.18568597028226233 0.0032372414072227114
decision_type=2 2 2 2 2 2 2 2 2 2 2 2 2 2 2 2 2 2 2 2 2 2 2 2 2 2 2 2 2 2
left_child=2 4 5 -4 6 -1 -2 8 9 -3 11 12 15 14 -14 -11 17 -10 -19 20 21 28 23 26 -24 -21 -22 -17 29 -6
right_child=1 7 3 -5 19 -7 -8 -9 16 10 -12 -13 13 -15 -16 27 -18 18 -20 25 22 -23 24 -25 -26 -27 -28 -29 -30 -31
leaf_value=0.085104436991135041 -0.039505407941291974 0.0030290174458328847 -0.050398305220355002 0.64723937043994617 0.43436582522891332 -0.046047352676179015 0.58654285623043634 0.036013180911698861 0.050668363414045584 0.30180115955038522 -0.022038169579683624 0.0423160650550157 0.53429445645147977 0.67295648352573711 0.0213511674197472 0.19092988724767304 -0.017612066799487645 0.10128308757497853 0.31051561678652329 -0.014844894854580366 -0.050246405031032018 0.77428159752443548 0.18201950201816045 1.5374910020211872 -0.028050434704772989 0.28272422194963526 0.53291693658516814 -0.05544753387573817 0.030368603731532381 0.063132500943258049
leaf_weight=1.8124145278707136 23.200263727689165 96.513921244069934 0.21691432595252891 0.21263863705098629 0.51507808896713214 196.38567073852755 0.078522223047911122 158.16547406185418 12.261878282763066 0.55965910153463605 7.2915153307840219 5.6365706999786198 0.42533936118707039 0.48285175254568447 0.68490664195269346 0.61583382496610406 4.9500540345907202 1.7755974554456764 0.95015323441475619 23.359629350481558 0.46093417331576247 0.18168436223641027 0.83141551073640485 0.094471230404451489 8.6154997320845705 0.2975864801555862 0.085685980506241322 1.1428740881383417 4.1310646715573967 1.3035522492136804
leaf_count=218 6028 10084 50 4 80 83401 19 6759 412 12 255 113 16 24 41 31 125 43 23 3728 108 21 67 19 1361 9 12 71 450 137
internal_value=-0.00249532 0.020816 -0.0441132 0.294948 -0.00765635 -0.044848 -0.0373937 0.0269856 0.0162733 0.0102344 0.0515311 0.107714 0.201954 0.355796 0.217862 0.096239 0.0506069 0.073138 0.174218 0.00970342 0.0400493 0.0933164 0.00767418 0.261666 -0.00956235 -0.0111017 0.0411679 0.0308246 0.072522 0.168274
internal_weight=553.24 354.612 198.628 0.429553 63.1554 198.198 23.2788 291.457 133.291 113.353 16.8396 9.54804 3.91146 1.5931 1.11025 2.31837 19.9377 14.9876 2.72575 39.8766 16.2194 6.13138 10.088 0.641091 9.44692 23.6572 0.54662 1.75871 5.9497 1.81863
internal_count=113721 30048 83673 54 12039 83619 6047 18009 11250 10647 563 308 195 81 57 114 603 478 66 5992 2255 688 1567 139 1428 3737 120 102 667 217
is_linear=0
shrinkage=0.05


Tree=18
num_leaves=31
num_cat=0
split_feature=11 10 27 11 4 27 26 7 12 4 11 12 7 11 10 13 13 10 2 4 17 13 12 7 4 3 2 28 0 3
split_gain=198.837 22.1483 15.197 12.4074 11.9836 11.2631 10.9166 10.1511 9.21523 11.5053 22.9211 21.8509 11.6248 16.5947 9.78601 9.07841 26.1367 33.9418 59.9921 24.2176 10.0198 8.93207 23.0728 22.8491 14.1776 26.0704 10.838 13.0296 13.0255 15.4091
threshold=0.0026018329823150935 0.0024864432881027735 0.031562852735248892 0.0017221815686436542 0.0028273087285769884 -0.013436258626689571 1.6233714461739179 0.001026906253359549 94.500000000000014 0.0052914624617495356 0.0033633532883768206 99.500000000000014 0.00023001095293010584 0.0038427883999207651 0.0054188425210178288 114.50000000000001 120.50000000000001 0.0027893366368255293 -0.0019661797823915697 0.0093275396690195786 0.0028840906510488409 19.500000000000004 108.50000000000001 0.0016097217653212766 0.0020477204115184984 -0.005244981347657311 0.029179126580998912 -0.28151931827824189 -0.00052356020942407255 0.046755184965249712
decision_type=2 2 2 2 2 2 2 2 2 2 2 2 2 2 2 2 2 2 2 2 2 2 2 2 2 2 2 2 2 2
left_child=2 4 5 -4 -2 6 -1 8 14 10 -10 -12 -13 -14 15 -3 17 18 -17 20 -19 -9 24 -24 25 -23 -26 28 -28 -30
right_child=1 7 3 -5 -6 -7 -8 21 9 -11 11 12 13 -15 -16 16 -18 19 -20 -21 -22 22 23 -25 26 -27 27 -29 29 -31
leaf_value=-0.011702345857310359 -0.036909660966478318 -0.0085609087714202305 0.60455536725102965 0.07011422393694372 0.0086271857738497212 -0.045850875067686987 0.23610354104770892 0.018978347819065031 -0.01302341303642237 0.01254432492857269 0.66836224595176341 0.063279061921433732 0.61783196483391178 0.10193174595265092 0.026506639317798671 1.2150229095847038 -0.03810386766043608 -0.002774019748081333 0.1055978685134666 0.55711313105615845 0.32300810834061638 0.77755841499819134 0.47579741557786825 0.10801900381142891 0.027563458923631247 -0.05029626148234069 0.053824170186760327 0.041880681790445323 0.00032915149264441779 0.23236563036679372
leaf_weight=1.2741272342391301 22.450973017374054 57.782465107738972 0.15217034053057332 0.37926032044924796 40.529340799897909 187.58841881668195 0.68249435839243222 68.50815437361598 1.3422361523844295 3.8323480118997395 0.27790063247084607 0.83994456194341161 0.298114656470716 0.32669355953112245 55.137697716709226 0.19747780775651336 3.6076269682962447 2.0303749716840693 0.31819641846232061 0.24596467986702908 0.26706046145409335 0.18118981691077352 0.56596729462034945 1.6638422748073933 72.995058642001823 0.20015260088257392 4.052257270552218 19.022038845345378 0.92304527899250555 3.1820041337050498
leaf_count=188 6047 6398 12 42 5992 83401 30 3289 268 222 29 42 15 30 2305 25 428 227 33 7 25 36 31 51 3908 42 99 394 41 64
internal_value=-0.0024712 0.0193332 -0.0438575 0.223147 -0.00760561 -0.0446061 0.0747355 0.0250304 0.0142885 0.0703992 0.142272 0.261885 0.184766 0.348083 0.0110429 -0.00218674 0.0530603 0.160572 0.530453 0.0855786 0.0350958 0.0329636 0.042285 0.201368 0.0387573 0.343048 0.037599 0.0645511 0.117416 0.180191
internal_weight=550.855 360.778 190.076 0.531431 62.9803 189.545 1.95662 297.798 126.504 6.91724 3.08489 1.74265 1.46475 0.624808 119.587 64.4492 6.6667 3.05907 0.515674 2.5434 2.29744 171.294 102.786 2.22981 100.556 0.381342 100.174 27.1793 8.15731 4.10505
internal_count=113721 30048 83673 54 12039 83619 218 18009 10054 606 384 116 87 45 9448 7143 745 317 58 259 252 7955 4666 82 4584 78 4506 598 204 105
is_linear=0
shrinkage=0.05


Tree=19
num_leaves=31
num_cat=0
split_feature=10 4 16 4 26 4 26 14 8 7 1 10 7 0 3 7 3 6 8 7 12 26 7 14 3 1 6 13 13 26
split_gain=179.703 24.558 12.5513 12.5726 11.1984 10.989 17.087 10.1018 12.1603 12.5831 17.9612 15.3609 28.6204 12.1695 11.8971 11.5442 10.149 19.277 9.93399 10.5652 12.5592 9.24176 16.5672 12.7098 13.9237 8.89916 8.80979 12.3483 13.6985 19.2004
threshold=0.0023284348082402337 0.0030478399039432585 1.0000000180025095e-35 0.010019692139968553 1.0759367617611637 0.002378833354285694 1.0000000180025095e-35 0.13074978667490658 1.1444797951298422 0.0031498762552230699 -0.009522105727254912 0.0029944386554392054 0.00085089507616983851 -0.0004355265208757305 0.046755184965249712 0.0046410434177278732 -0.029875946558481678 0.0025049621308525934 1.1503540857740202 0.0033652555844584857 14.500000000000002 0.16601235225856695 0.0026956985323347343 0.054054051132203081 -0.043702500431848694 -0.027770268088046075 0.0012247933184713967 111.50000000000001 121.50000000000001 0.23327837707284765
decision_type=2 2 2 2 2 2 2 2 2 2 2 2 2 2 2 2 2 2 2 2 2 2 2 2 2 2 2 2 2 2
left_child=1 -1 5 -4 -5 6 -2 8 21 10 11 12 -10 16 -12 25 17 -13 19 -3 -21 22 23 -7 -25 -9 -27 -28 29 -29
right_child=2 18 3 4 -6 7 -8 15 9 -11 14 13 -14 -15 -16 -17 -18 -19 -20 20 -22 -23 -24 24 -26 26 27 28 -30 -31
leaf_value=-0.045839411086127192 0.42893457713711713 0.0054321424539544826 -0.029656701383600315 0.045393905907287244 -0.056102074370457777 0.057413319654789213 -0.027266863945799209 -0.022597912094055133 0.75050060886852532 -0.020110196392106414 -0.028896261548702885 0.26771446765552986 0.13552063427029937 0.29657481957704035 0.32768728211137382 0.055150816398128834 -0.051529107451176628 0.018198800974481118 -0.033973794111716131 0.25394655172660718 -0.0039457211135389067 0.017510604920707308 -0.072167362034035232 0.41468660174048755 0.13747093372866398 0.0097716895696465297 0.025935763826596094 0.56963814307433713 0.010848223591588263 0.11401605623835245
leaf_weight=174.84692616062239 0.20857815863564511 26.383562436094511 22.692657127045095 14.530860034516083 3.3428843012079588 2.7653633521404144 12.879466858692465 11.948191041126845 0.31184705346822639 1.82748112641275 2.1355485161766388 1.5497598028741779 0.48098868527449667 0.99562277318909753 0.26268813759088505 25.146381395868957 0.85485584195703301 1.5465483823791144 17.919365493347868 0.96537679387256392 0.92389890016056597 20.492170781129971 1.2960534105077384 0.64082489209249605 1.5450864674057814 86.217276761075482 103.97635180898942 0.24108765972778012 3.794087648158893 5.6537195041310042
leaf_count=78686 36 5702 3183 325 118 102 3313 341 34 29 219 45 19 31 9 543 48 29 4675 40 71 1138 19 23 90 9160 5189 13 201 290
internal_value=-0.00244178 -0.0372732 0.0210787 -0.00495286 0.0264114 0.0247611 -0.0199966 0.0269015 0.0513099 0.0984522 0.125077 0.173093 0.377411 0.140347 0.0101617 0.023121 0.10098 0.143086 -0.00484846 0.0136112 0.127831 0.0337408 0.0869783 0.128637 0.21874 0.0193187 0.0218243 0.0309665 0.0849536 0.13265
internal_weight=548.376 221.039 327.336 40.5664 17.8737 286.77 13.088 273.682 36.7048 9.96534 8.13786 5.73962 0.792836 4.94679 2.39824 236.977 3.95116 3.09631 46.1922 28.2728 1.88928 26.7395 6.24733 4.95127 2.18591 211.831 199.883 113.665 9.68889 5.89481
internal_count=113721 89174 24547 3626 443 20921 3349 17572 1835 463 434 206 53 153 228 15737 122 74 10488 5813 111 1372 234 215 113 15194 14853 5693 504 303
is_linear=0
shrinkage=0.05


Tree=20
num_leaves=31
num_cat=0
split_feature=11 4 6 13 13 27 12 4 26 11 26 7 0 27 26 11 12 26 8 9 4 7 7 7 12 26 2 11 11 12
split_gain=166.668 19.4606 11.2239 14.7515 40.9181 13.0046 9.76638 16.5691 55.0199 10.539 11.4866 16.9602 38.3672 35.2516 18.1955 29.5867 11.1607 21.9563 15.9878 11.0075 12.1436 27.2117 10.3464 15.5233 8.79783 12.8526 12.4308 25.7163 9.32901 21.6228
threshold=0.0025433339424973445 0.0020308692120227308 0.0025049621308525934 110.50000000000001 116.50000000000001 0.031562852735248892 106.50000000000001 0.0025019890138015337 0.70235851186004761 0.0038427883999207651 1.6792541488696828 0.0028248587570621317 0.00053715967011840526 0.0070000575273865412 1.7374453899035098 0.0028113945094395952 78.500000000000014 0.053935358781598323 1.0254910466077429 0.63405067546990901 0.0055202364739772043 0.00099201805923835196 0.0016097217653212766 0.0015785583619513149 114.50000000000001 0.91442074688316966 -0.00022365239841673181 0.0035026806968381104 0.0026359450181454827 124.50000000000001
decision_type=2 2 2 2 2 2 2 2 2 2 2 2 2 2 2 2 2 2 2 2 2 2 2 2 2 2 2 2 2 2
left_child=2 -2 -1 5 -5 -4 9 8 -8 10 -3 14 -13 -14 15 -12 -11 -18 19 -19 21 -21 23 24 25 26 -9 -28 29 -26
right_child=1 6 3 4 -6 -7 7 22 -10 16 11 12 13 -15 -16 -17 17 18 -20 20 -22 -23 -24 -25 28 -27 27 -29 -30 -31
leaf_value=-0.045442650324811013 -0.038014279967463857 -0.019440217637037505 -0.050660973276611433 1.5318285740391233 -0.050182205709367246 0.26054713613030872 1.3319598606664238 0.12221774381171001 -0.050404628854940951 0.017828341632716783 0.85689904657679805 -0.05094634756193217 0.97156059517801363 0.13828719516557184 0.0062367937721359993 0.067948902512790732 0.36300739140338051 0.025858524489395962 -0.029627374968663078 0.5618753980840715 0.099239902125004692 0.040010634280577162 -0.017187082319241077 0.4307220865195488 -0.050461437973116599 0.012045206593677348 0.68777036173361938 0.082032261063643114 -0.0013159664578662608 0.83259868792630787
leaf_weight=170.12445521657355 16.33576055476442 37.391246750485152 1.2664105889853079 0.063211039174348005 0.11566062062047422 0.45676342025399197 0.10851330612786014 1.6679944207426163 0.21380361705087125 278.50391212617978 0.16533882706426339 0.60137426713481434 0.24455892783589661 0.26387101132422686 14.879429857246576 0.42248029541224241 0.58924544067121942 3.7847501775249821 4.1623813020996741 0.48831689311191429 3.8316004672087729 0.51138541917316616 3.7613216473255298 0.30836117966100651 0.1789617936592548 1.5699205040000377 0.33721186243928647 0.36473893048241735 3.9143745170440525 0.1131524967495352
leaf_count=82213 4362 5919 274 21 37 3 22 86 44 16215 33 54 27 20 2500 72 20 210 200 31 119 30 194 6 41 144 33 12 301 9
internal_value=-0.00334877 0.015356 -0.0440922 0.0766938 0.508881 0.0318313 0.0177888 0.0611382 0.414991 0.0162172 -0.00408114 0.0305628 0.219368 0.539098 0.0170157 0.289861 0.0199704 0.0645983 0.0508379 0.0897104 0.139731 0.294922 0.0518019 0.0824936 0.0693122 0.123002 0.196504 0.373024 0.0190251 0.291598
internal_weight=546.741 374.714 172.027 1.90205 0.178872 1.72317 358.378 12.5384 0.322317 345.84 53.9683 16.5771 1.1098 0.50843 15.4672 0.587819 291.872 13.3677 12.7784 8.61605 4.8313 0.999702 12.216 8.45472 8.14635 3.93987 2.36995 0.701951 4.20649 0.292114
internal_count=113252 30704 82548 335 58 277 26342 892 66 25450 8625 2706 101 47 2605 105 16825 610 590 390 180 61 826 632 626 275 131 45 351 50
is_linear=0
shrinkage=0.05


Tree=21
num_leaves=31
num_cat=0
split_feature=4 6 14 4 16 14 9 4 2 13 2 1 6 28 10 14 9 7 5 7 6 5 1 6 10 9 5 10 17 28
split_gain=146.153 14.9262 40.9627 14.2698 12.0165 17.0892 11.3385 8.64659 47.0818 90.6784 8.47875 9.45891 10.5707 9.02973 9.51239 11.5972 16.664 19.7796 8.80745 13.5038 8.64409 8.4411 14.8239 8.12838 8.12199 14.4903 8.11648 8.09847 6.80516 7.15862
threshold=0.0026794525200549645 0.0021594366749233787 0.7063491951373233 0.0060594318977559578 1.0000000180025095e-35 0.80952380085033571 1.2187422644598296 0.0028816039008567793 -0.0085972296153023989 82.500000000000014 0.029179126580998912 -0.016456164137779724 0.00035374751340454122 0.44779691653567338 0.0051478477139099517 0.70235190795010449 0.77489030820768867 0.001408668088114231 2.7858854676127241e-05 0.002116773312960877 0.00053348982406116539 0.005276948859748525 0.0019072460862580639 0.0032931826187771137 0.029266604039543811 2.5688103309946269 0.0032250031414308524 0.0051478477139099517 0.0022551545235142763 0.69672540032598518
decision_type=2 2 2 2 2 2 2 2 2 2 2 2 2 2 2 2 2 2 2 2 2 2 2 2 2 2 2 2 2 2
left_child=1 -1 -3 4 5 6 10 8 9 -8 11 20 -13 14 15 16 17 -12 19 -14 26 -6 -23 -7 -5 -26 -2 -22 -9 -30
right_child=3 2 -4 24 21 23 7 28 -10 -11 13 12 18 -15 -16 -17 -18 -19 -20 -21 27 22 -24 -25 25 -27 -28 -29 29 -31
leaf_value=-0.042696191602105714 0.32884995400887967 -0.050233800097908343 1.3626125763193337 0.026882526163824673 -0.041945376565629341 -0.024451453576859527 -0.050234864371549441 -0.020238966065291884 -0.050195495535519156 1.8450241214184286 -0.050526748558891769 -0.016895536962512045 0.021849136580324339 0.3188647478381319 -0.024488483364321578 0.41262001498308565 -0.051226341166723713 0.40044630228754019 0.02572567198484374 0.37099388280120238 0.14230310970316332 0.012904452823178257 0.53878503281424373 0.20903061452717842 0.044906273929403169 -0.027099326346182104 0.084853828806069842 -0.054150932198280426 0.36227416199656665 -0.050640659300028368
leaf_weight=167.49591571465135 0.65188916726037793 0.18647906824480642 0.070773016195744276 177.07217309507541 17.742053562426012 35.869432141887955 0.15703166066668928 25.444943313021216 0.8928738340036968 0.10551972279790789 0.38816702878102682 16.299705031095073 0.67173846135847159 0.40485210483893741 1.574937925674021 0.32248450350016344 1.0391065638978032 0.6507664518430829 62.240432468126528 0.47120480996090919 1.0047801034525039 0.63830333016812701 0.1696177707053721 0.3766809287481 10.927944805473091 19.373560050502419 0.71429333323612809 1.097690286580473 0.23935599206015368 0.1869499534368515
leaf_count=78648 33 56 12 6733 4720 6650 42 3439 338 22 50 3149 87 26 63 27 92 33 8371 26 40 63 19 13 134 223 27 76 13 27
internal_value=-0.00329121 -0.0421117 0.338457 0.0139951 0.00322693 0.00789808 0.0173657 -0.0109431 0.122881 0.711472 0.0261064 0.0225347 0.0190163 0.0939073 0.0709981 0.133645 0.0903518 0.231953 0.0282514 0.165792 0.103362 -0.0347479 0.12331 -0.022025 0.0227892 -0.0011312 0.201279 0.0397353 -0.0169197 0.181197
internal_weight=544.482 167.753 0.257252 376.728 169.355 150.805 114.559 27.0267 1.15543 0.262551 87.532 83.1517 79.6831 4.38031 3.97546 2.40052 2.07804 1.03893 63.3834 1.14294 3.46865 18.55 0.807921 36.2461 207.374 30.3015 1.36618 2.10247 25.8712 0.426306
internal_count=113252 78716 68 34536 27446 22644 15981 3881 402 64 12100 11809 11633 291 265 202 175 83 8484 113 176 4802 82 6663 7090 357 60 116 3479 40
is_linear=0
shrinkage=0.05


Tree=22
num_leaves=31
num_cat=0
split_feature=11 4 6 27 2 16 4 9 27 1 0 27 1 27 9 0 9 17 6 8 0 17 7 27 11 8 17 4 9 11
split_gain=146.701 16.0113 9.81861 10.5786 18.9669 8.18738 15.9252 12.5693 7.90165 7.18537 7.0973 7.00491 6.45694 12.4862 7.51251 6.26115 16.3378 7.80878 9.08474 10.7478 9.05167 12.1285 19.0419 15.5442 17.8862 14.7402 22.2145 34.5387 22.5772 14.8463
threshold=0.0025433339424973445 0.0020308692120227308 0.0021594366749233787 0.0032486135100042528 0.0049246095022306858 1.0000000180025095e-35 0.010019692139968553 0.66762255718923835 0.0039965308334876798 -0.0089461975807526035 -0.0059600659951829756 -0.027741543416214678 -0.013800699553239306 -0.0077671742346020383 1.1482217814454523 -0.0011668899210362628 2.5688103309946269 0.0050994008208104609 0.00026173671193226942 1.5917254164639159 0.0068691810142747318 0.00083713052422412825 0.003650128973050852 -0.027741543416214678 0.0052733321085543456 1.0210406329957427 0.0013735483311127169 0.0057809592439207833 1.1738862541786923 0.0028981805346128477
decision_type=2 2 2 2 2 2 2 2 2 2 2 2 2 2 2 2 2 2 2 2 2 2 2 2 2 2 2 2 2 2
left_child=2 -2 11 9 8 15 -7 -8 -5 -4 12 -1 13 14 -9 16 -3 18 -17 20 21 -20 23 -23 25 -25 27 -27 -28 -30
right_child=1 5 3 4 -6 6 7 10 -10 -11 -12 -13 -14 -15 -16 17 -18 -19 19 -21 -22 22 -24 24 -26 26 28 -29 29 -31
leaf_value=0.080067927479356232 -0.036976111502322939 0.035945138570323255 0.33516469284127265 0.87895443782096072 0.057046280003970488 -0.030726589309812209 0.18551448631028344 0.14122321929799128 0.30793744776086251 -0.050568877477486757 0.15017295195243807 -0.046223801424667504 -0.019493225404072494 0.19582773356020544 -0.0074024129116263687 -0.013800661449646852 -0.017083429367254887 0.057252828637406765 0.018916030932653507 -0.028521637848331338 -0.01376799529587578 0.39330058165615389 0.39189948148391873 0.032215756238425999 -0.013495206733694929 0.069015302028782297 -0.05084543873124564 0.6942489647214114 -0.050518725627796281 0.4111126137540142
leaf_weight=1.1058164488058526 15.080931045813484 95.070452292449772 0.12954996456392098 0.10750476061366476 0.82312127924524248 24.9507225304842 1.2305097933858657 1.0181265007704494 0.13881110621150583 1.7732490920461708 0.98134093871339878 154.86355724930763 8.0312518733553571 1.1610605074092788 5.1558820698410273 30.886823008302599 17.144215984037146 9.6303427151869965 129.39651239593513 12.762908030999823 18.472247943282127 0.33736577164381643 0.44482520315796215 2.9620962436310911 5.7647558667231351 0.41806659731082652 1.1166409079451116 0.46831154217943549 0.23813414527103294 0.64839039836078882
leaf_count=51 4362 5854 21 15 113 3350 21 22 27 468 36 81853 208 17 124 3441 390 213 10158 1002 418 21 9 326 429 73 125 21 35 49
internal_value=-0.00322482 0.0135196 -0.0436129 0.0464103 0.172234 0.0155873 -0.00504533 0.031407 0.557158 -0.0243066 0.0198072 -0.0453284 0.0114816 0.0453963 0.0171067 0.018281 0.0278434 0.0132561 0.0111783 0.0156371 0.0191537 0.0234426 0.0706835 0.0587304 0.0490137 0.110594 0.190941 0.399353 0.0987213 0.287111
internal_weight=542.314 383.372 158.942 2.97224 1.06944 368.291 42.5289 17.5782 0.246316 1.9028 16.3477 155.969 15.3663 7.33507 6.17401 325.762 112.215 213.547 203.917 173.03 160.267 141.795 12.3986 11.9538 11.6164 5.85164 2.88954 0.886378 2.00317 0.886525
internal_count=113252 30704 82548 644 155 26342 3778 428 42 489 407 81904 371 163 146 22564 6244 16320 16107 12666 11664 11246 1088 1079 1058 629 303 94 209 84
is_linear=0
shrinkage=0.05


Tree=23
num_leaves=31
num_cat=0
split_feature=10 7 6 6 1 3 9 26 5 13 1 26 5 6 27 27 3 9 1 6 27 1 13 13 9 16 14 7 10 26
split_gain=115.745 20.1215 8.47458 8.16225 9.23071 13.5878 15.0749 12.1639 10.1935 18.6569 13.3726 22.9741 24.4742 32.661 22.3884 52.3096 10.1731 10.8048 12.6914 10.3949 11.0677 10.0917 9.60315 9.25883 8.89785 8.82467 8.73517 11.4904 9.76145 28.3086
threshold=0.0023041260302005501 0.0013574693940866986 0.0013730675799508677 0.0012247933184713967 -0.0046832837554743401 -0.0085550805607012732 2.699060928045323 1.19762664988628 0.00034972779524697735 84.500000000000014 -0.0059143602657583108 0.51425068736808421 0.0030938569118559166 0.00012635037007905343 0.0016250645882358193 -0.0048292035746342662 -0.039852258507541087 0.96795087320933371 -0.016456164137779724 0.00045626679698044945 -0.039783729538338149 -0.011060356372895206 75.500000000000014 88.500000000000014 2.5688103309946269 1.0000000180025095e-35 0.15942028638941377 0.0031498762552230699 0.0027114438695576741 0.70235851186004761
decision_type=2 2 2 2 2 2 2 2 2 2 2 2 2 2 2 2 2 2 2 2 2 2 2 2 2 2 2 2 2 2
left_child=1 2 -1 4 5 16 8 -6 9 21 26 -12 -13 -14 15 -15 17 18 22 20 -19 -7 -2 -18 -5 -9 27 28 29 -10
right_child=3 -3 -4 24 7 6 -8 25 10 -11 11 12 13 14 -16 -17 23 19 -20 -21 -22 -23 -24 -25 -26 -27 -28 -29 -30 -31
leaf_value=-0.043671156766501275 0.087332983626619759 0.01041864807960915 -0.004498012617169464 0.026137650999460207 -0.022418896100348348 0.33678891979981573 0.2750973200183453 0.019091492405493168 0.061442248673077821 0.59379502422435704 -0.050823084897582874 0.0094786732737428166 -0.050806732277676847 0.259390437444386 0.20612965963201499 1.1925904410357926 -0.037529868635347852 0.18575609666437262 0.01547011332899852 -0.040983485169162691 0.019820265111886635 -0.050472961837072831 0.27905137473858799 0.054668231668059668 -0.0026167576660372032 -0.05138933621755503 -0.020982772559326453 0.31238206660659401 0.019073416542796165 0.73106426126711188
leaf_weight=154.5223252538126 1.6016132696531715 22.230194387142546 15.161047417903317 154.85728223156184 46.124336465029046 0.25486435880884528 0.73980009136721392 48.496861492516473 0.89157144865021798 0.23254441935569048 1.1607070259051355 0.82062043901532922 0.3615299481898544 0.32200744841247797 0.38381982315331697 0.28139077266678214 16.181057739537213 1.1713002230972049 2.9423129253555116 6.5497184833511701 7.0729549794923496 0.49488161446061596 1.1029913495294748 3.2739903839537865 32.560907476348802 4.8888630735455072 7.4714375566691151 0.40603475179523307 7.2492024361854419 0.19178479420952499
leaf_count=79697 31 4682 3953 7129 6156 6 35 5693 166 34 193 130 43 26 12 27 1447 32 191 216 210 96 19 379 843 786 516 9 470 25
internal_value=-0.0031354 -0.034311 -0.0401711 0.0140529 0.00578358 0.0210708 0.0533541 -0.00361184 0.0453606 0.202528 0.0374597 0.12872 0.224783 0.35578 0.504677 0.694582 0.00386573 0.0284976 0.0873366 0.00603852 0.0433956 0.0811706 0.16552 -0.0220143 0.021142 0.0126371 0.0187119 0.0526506 0.0399942 0.179984
internal_weight=540 191.914 169.683 348.086 160.668 61.1581 21.2622 99.5101 20.5224 0.98229 19.5401 3.33008 2.16937 1.34875 0.987218 0.603398 39.8959 20.4409 5.64692 14.794 8.24426 0.749746 2.7046 19.455 187.418 53.3857 16.21 8.73859 8.33256 1.08336
internal_count=113252 88332 83650 24920 16948 4313 1788 12635 1753 136 1617 431 238 108 65 53 2525 699 241 458 242 102 50 1826 7972 6479 1186 670 661 191
is_linear=0
shrinkage=0.05


Tree=24
num_leaves=31
num_cat=0
split_feature=11 4 10 27 12 7 10 28 12 11 11 26 10 7 8 13 26 10 12 10 26 13 2 8 1 14 11 4 29 8
split_gain=129.589 13.7387 9.11129 9.08942 6.84649 9.9149 11.2286 13.977 10.7118 6.99455 6.88599 10.4118 12.3258 9.75995 11.5423 20.0705 10.2146 23.6133 7.85441 14.2484 15.7002 12.2564 8.93043 10.5413 9.80411 18.9578 8.13829 7.01248 7.03052 6.39312
threshold=0.0025433339424973445 0.0020308692120227308 0.0012526947682379201 0.031562852735248892 106.50000000000001 0.0016097217653212766 0.0019459010051144155 -0.2657911768638575 114.50000000000001 0.0058313859248463615 0.0038427883999207651 1.6792541488696828 0.00128044407548926 0.0028248587570621317 0.79160790879370146 57.500000000000007 1.7374453899035098 0.0021323119785193172 78.500000000000014 0.003137588189873555 0.053935358781598323 35.500000000000007 0.0019597610516641851 1.0254910466077429 0.00069515131997459584 0.43243242074506766 0.0048011273933519765 0.0045856524491963094 0.70718796817284468 1.2056899580845126
decision_type=2 2 2 2 2 2 2 2 2 2 2 2 2 2 2 2 2 2 2 2 2 2 2 2 2 2 2 2 2 2
left_child=3 -2 -3 -1 10 6 7 -6 29 -10 11 12 -4 16 -15 -16 17 -13 -12 20 -20 -22 23 24 25 26 -21 -18 -29 -8
right_child=1 2 4 -5 5 -7 8 -9 9 -11 18 13 -14 14 15 -17 27 -19 19 22 21 -23 -24 -25 -26 -27 -28 28 -30 -31
leaf_value=-0.04399217239556074 -0.036205095864119401 -0.043651604209636971 0.321519824945387 0.12934101521741259 0.47106514930666404 -0.018590558812520523 0.13602204343642524 0.09338082300011491 -0.035709991621186925 0.1294634434075588 0.014596489345893363 0.63276352362180388 -0.020864953381340146 -0.051184535285469068 0.49134987963604049 0.041629963364234746 -0.024711047572115993 0.029553200092451666 0.54734069529560669 -0.051866704537094035 0.32195493489917215 0.033494791200177204 -0.022340825006490678 -0.019134177989414705 0.0033922106220411886 0.3285106378225644 0.13436356580245265 0.034026714874805096 0.28163928000143157 -0.0062343090814966657
leaf_weight=146.14470353804063 14.249329197686164 6.7743746754713348 0.26481317239813407 0.76026724267285217 0.38262439286336303 3.8689893276896319 3.8938645138405246 0.68084359564818331 3.2314632667694241 0.79952388070523728 288.48571163369343 0.21948710572906094 35.671216869493946 0.47270316351205 0.45983797172084451 0.53877169429324567 7.7516717084217799 0.62204145081341267 0.25010360311716695 0.8311736797913899 0.53476307890377928 1.1825349580030886 4.6805155887268475 2.5896148956380785 1.7157073668204246 1.0487011559307573 1.9940151036716995 6.414159803185612 0.30008143582381297 0.99073507264256466
leaf_count=82496 4362 1420 27 52 24 193 203 64 306 13 15482 30 5496 37 18 38 1618 69 10 49 33 108 174 92 70 38 31 631 23 45
internal_value=-0.00305859 0.0119877 0.0138109 -0.0430951 0.0148633 0.0493557 0.0756993 0.229268 0.0573814 -0.00294876 0.0135217 -0.00315809 -0.0183419 0.029362 0.152364 0.248716 0.0175393 0.186882 0.0164206 0.0519113 0.177224 0.123321 0.0327398 0.0642595 0.102895 0.146964 0.0795744 0.00768811 0.0450933 0.107168
internal_weight=537.804 390.899 376.65 146.905 369.876 13.848 9.97905 1.06347 8.91559 4.03099 356.028 52.7148 35.936 16.7788 1.47131 0.99861 15.3074 0.841529 303.313 14.8271 1.9674 1.7173 12.8597 8.17921 5.5896 3.87389 2.82519 14.4659 6.71424 4.8846
internal_count=113252 30704 26342 82548 24922 848 655 88 567 319 24074 7987 5523 2464 93 56 2371 99 16087 605 151 141 454 280 188 118 80 2272 654 248
is_linear=0
shrinkage=0.05


Tree=25
num_leaves=31
num_cat=0
split_feature=4 11 11 13 26 26 11 16 4 1 4 13 28 26 14 2 3 26 17 1 7 13 2 6 14 11 6 13 26 1
split_gain=118.04 19.7254 13.3851 11.0066 11.9011 11.8763 14.5117 8.55841 12.8152 7.11551 15.0133 29.3544 7.32885 6.95796 6.67975 10.5545 9.82523 12.6305 12.2554 11.2954 11.9558 10.6644 19.1728 9.9137 11.0337 9.50522 15.1975 8.54311 11.7461 18.0429
threshold=0.0026794525200549645 0.022863540282844905 0.0026682526865338283 9.5000000000000018 1.6233714461739179 2.0532829412736455 0.0025433339424973445 1.0000000180025095e-35 0.010019692139968553 -0.0089461975807526035 0.0031079129786355775 95.500000000000014 4.8881058796770169 1.1021928303474138 0.15942028638941377 -0.0069105737721628906 -0.047758236858223453 1.0374404354685185 0.0056377383047165382 0.00052361717524867656 0.0016097217653212766 -120.49999999999999 -0.024825055813339734 0.00041548883023383062 0.28682669176565945 0.015895678653262947 0.00051168343851266571 115.50000000000001 0.51425068736808421 -0.0055523196270000795
decision_type=2 2 2 2 2 2 2 2 2 2 2 2 2 2 2 2 2 2 2 2 2 2 2 2 2 2 2 2 2 2
left_child=1 -1 3 4 -2 6 -6 14 -9 10 11 -5 -12 -10 25 16 17 19 -19 21 -21 22 -16 24 -23 -4 -27 -18 29 -29
right_child=2 -3 7 9 5 -7 -8 8 13 -11 12 -13 -14 -15 15 -17 27 18 -20 20 -22 23 -24 -25 -26 26 -28 28 -30 -31
leaf_value=-0.043505498044526456 -0.019114214684256059 0.2179434173592231 0.044489176620645575 -0.050129548138834246 0.12414287297310014 0.074469025945263875 0.67900874842150061 -0.032882464087798283 0.038024481990203071 -0.037019737747599535 -0.050478692785639816 1.2523772778385622 0.37644800022789848 -0.041043177335409221 0.34194659800166338 0.019280796427252736 -0.020071257784956102 -0.042880292337019878 0.12948635904046601 0.30119643438485788 0.021739155840701411 0.19930682254817872 -0.051189356351791282 -0.0030430889245827751 -0.011394589517199365 0.10705061049893763 -0.027950392010564564 -0.051752427872483353 -0.0079888641759435115 0.33530248024890308
leaf_weight=143.6842115939362 2.5771745848469427 0.72506645135581393 40.369558293139562 0.099164678715171872 0.27764222910627712 1.5018109276425091 0.20472774468362331 22.938438036479056 14.86758414283395 26.623468496371061 0.71456740645226091 0.076724724494852126 0.11698043427895755 3.4230407099239519 0.73309630248695612 188.42394460807554 49.290129910688847 8.0863988434430194 1.1819785013794888 0.89078708784654625 0.6710351537913084 1.4568684403784602 0.53751701838336774 8.5548190323170257 1.0833780402317641 2.5493935039266935 11.436124767176805 0.4968175224494189 2.2378298840485513 0.76427757809869878
leaf_count=79084 433 35 2232 45 46 203 8 2872 301 12014 239 15 15 117 8 11539 3178 311 13 34 30 39 40 282 50 56 254 34 146 34
internal_value=-0.00354638 -0.0421928 0.0106839 -0.0202053 0.0517515 0.143796 0.359639 0.0134461 -0.0079903 -0.032084 0.0983524 0.518037 0.00958047 0.0232272 0.0162187 0.012937 -0.00279393 0.0243295 -0.0208987 0.0544276 0.181128 0.038425 0.175635 0.0227115 0.109446 0.0321824 -0.00334132 -0.0147121 0.0607829 0.182819
internal_weight=536.595 144.409 392.185 32.1923 4.56136 1.98418 0.48237 359.993 41.2291 27.6309 1.00744 0.175889 0.831548 18.2906 318.764 264.409 75.9849 23.1959 9.26838 13.9275 1.56182 12.3657 1.27061 11.0951 2.54025 54.3551 13.9855 52.7891 3.49892 1.2611
internal_count=113707 79119 34588 13018 690 257 54 21570 3290 12328 314 60 254 418 18280 15738 4199 807 324 483 64 419 48 371 89 2542 310 3392 214 68
is_linear=0
shrinkage=0.05


Tree=26
num_leaves=31
num_cat=0
split_feature=4 11 11 13 26 16 4 3 1 14 29 29 3 4 29 9 5 3 14 14 2 9 2 2 9 29 10 26 9 29
split_gain=110.41 16.1915 12.2321 9.85385 9.0528 7.58692 11.7932 7.14671 6.79666 17.9717 7.4633 23.6176 12.469 15.7668 24.5935 6.46324 7.06909 6.22854 15.2862 15.8111 14.6889 12.0676 13.0011 11.5187 9.41165 14.3617 13.1298 9.37343 9.91701 18.1229
threshold=0.0026794525200549645 0.022863540282844905 0.0026682526865338283 9.5000000000000018 1.6233714461739179 1.0000000180025095e-35 0.0093275396690195786 -0.015313455706768972 -0.0046832837554743401 0.47437113038022738 -0.41386624208110073 -0.45264978004414641 -0.017491594265931682 0.0049946059485616286 -1.3742138028025443 0.66762255718923835 0.0048159973383080489 0.0068243099374080138 0.66977764426043496 0.61747041964173899 -0.011033375531561014 0.35355620720283942 -0.033475816212166686 0.0035111395820377248 0.9906917705978292 0.69856188884906056 0.0061305208644965364 0.36253576735198317 0.55162255014229722 0.36327320704542243
decision_type=2 2 2 2 2 2 2 2 2 2 2 2 2 2 2 2 2 2 2 2 2 2 2 2 2 2 2 2 2 2
left_child=1 -1 3 4 -2 17 -7 -6 9 10 11 12 13 14 -5 -8 -17 18 19 23 -19 -21 -23 24 -4 -26 -27 -24 29 -29
right_child=2 -3 5 8 7 6 15 -9 -10 -11 -12 -13 -14 -15 -16 16 -18 20 -20 21 -22 22 27 -25 25 26 -28 28 -30 -31
leaf_value=-0.043207922777289562 -0.018444210593757501 0.17547981755764183 0.034269082818836429 0.940449515502219 0.58920253931356215 -0.03485618645288871 0.11050354387985838 0.10240922804381816 -0.043351864964921751 0.97902897625882401 -0.050155667044479137 0.74177413180588825 -0.022370883046172903 -0.051038723679538295 -0.050176736829320334 0.13620183338115444 0.0029032620852583162 -0.045751265482647213 -0.017127426750571446 0.48742347577455541 0.025869776912150429 0.22780007275351372 0.21626284200991544 -0.035300551560884873 -0.0003771405326917678 0.02305563296880956 0.28099042802668028 0.4017999647217172 -0.0095740784648773256 -0.050991165878511248
leaf_weight=137.59447642904706 2.538264065282422 0.8516425967682143 48.676839231746271 0.15104535687714815 0.078109463443979954 20.192420898471028 1.7610702002421046 2.1715620041359216 22.026932596927505 0.048579057911410817 2.3835483469301897 0.1257733319653197 1.7922402077820152 0.21380530809983611 0.10706100484822001 1.0534261651337171 17.813802876044065 7.5234594347421071 43.190494987182319 0.18586550303734739 147.74895014171489 1.2130706722382454 0.71932728867977846 11.162678907858206 55.394826593343168 1.1283418587408953 0.87673036754131306 0.44133851397782553 4.098908920539543 0.44262004224583507
leaf_count=79084 433 35 3307 28 11 2780 30 246 10367 14 1037 20 775 42 45 37 443 333 3453 22 7287 41 24 760 2588 55 29 37 297 47
internal_value=-0.00343682 -0.0418627 0.0100224 -0.0197976 0.0462817 0.0126169 -0.0076929 0.119311 -0.0315814 0.0221855 0.0124478 0.0748842 0.0378385 0.266504 0.529544 0.0188964 0.0103458 0.0151852 0.00849878 0.0174002 0.0223995 0.0898467 0.0791608 0.0130122 0.0180962 0.00438112 0.135839 0.0475397 0.0231828 0.175076
internal_weight=533.707 138.446 395.261 31.6369 4.78794 363.624 40.8207 2.24967 26.849 4.82205 4.77347 2.38993 2.26415 0.471912 0.258106 20.6283 18.8672 322.803 167.531 124.341 155.272 7.10113 6.91527 117.239 106.077 57.3999 2.00507 5.70219 4.98287 0.883959
internal_count=113707 79119 34588 13018 690 21570 3290 257 12328 1961 1947 910 890 115 73 510 480 18280 10660 7207 7620 468 446 6739 5979 2672 84 405 381 84
is_linear=0
shrinkage=0.05


Tree=27
num_leaves=31
num_cat=0
split_feature=4 11 11 27 26 16 10 2 1 7 9 27 4 10 17 7 27 14 2 3 26 17 27 1 9 1 11 6 26 26
split_gain=103.259 13.767 11.2237 7.55945 10.3423 6.73671 11.4974 8.82679 14.0011 8.41091 7.53946 16.4513 7.41881 7.93476 6.23353 5.97437 5.7688 5.72553 8.86811 8.55838 10.719 10.5312 8.18144 12.6407 13.5725 8.32685 7.86776 12.8373 7.72173 7.62231
threshold=0.0026794525200549645 0.022863540282844905 0.0026682526865338283 -0.013436258626689571 1.6233714461739179 1.0000000180025095e-35 0.0041550093100207516 -0.0012471048027822135 0.004417432897013295 0.00021346995437418194 1.5537568183040154 -0.027741543416214678 0.0082960012831205035 0.0054188425210178288 2.0503444621676424e-05 5.8574634152232866e-06 -0.0049450099706789541 0.15942028638941377 -0.0069105737721628906 -0.047758236858223453 1.0374404354685185 0.0056377383047165382 -0.027741543416214678 0.00052361717524867656 1.4368723332326241 -0.020301905259918269 0.015895678653262947 0.00051168343851266571 744070.50000000012 1.0634525084302078
decision_type=2 2 2 2 2 2 2 2 2 2 2 2 2 2 2 2 2 2 2 2 2 2 2 2 2 2 2 2 2 2
left_child=1 -1 3 4 15 17 14 8 9 -8 11 -11 -13 -14 -7 -2 -12 26 19 20 22 -22 25 -24 -25 -19 -4 -28 -21 -20
right_child=2 -3 5 -5 -6 6 7 -9 -10 10 16 12 13 -15 -16 -17 -18 18 29 28 21 -23 23 24 -26 -27 27 -29 -30 -31
leaf_value=-0.042899714665385245 0.26822809697542915 0.14669216048822933 0.039485236157212132 -0.027587079156360769 0.15903255655608386 0.26722502513717816 -0.041426263665903747 -0.021031202572630761 0.26782552857272807 0.2534921864007203 -0.032349615710511863 -0.050961313361885432 0.18527765969270263 0.035627964300933151 -0.050800554290977185 -0.055815830175607907 0.11329881649279649 0.047397149921456633 0.0053958277395582607 -0.016143494053367579 -0.041899309444586322 0.11418288606951894 0.0079391574414610869 0.04815376133081805 0.33748567686361497 0.2185244507861076 0.093004406572261653 -0.027307149130720916 0.20903774878426198 0.02542695383082377
leaf_weight=131.80078183929436 0.15653594653122427 0.96450901636853714 42.30268408707343 28.04313248640392 1.3441399501170961 0.15600223350338538 3.5321126738563189 12.30935673904605 0.62338392622768957 1.1342904148623327 3.5450799581594765 1.4883445152081547 1.2403309564106164 3.0986478109844029 12.513357528951017 1.5575875471113247 0.84116460336372245 1.5902003208175304 82.873808341566473 52.17209292226471 7.9325562319718284 1.2511774599552152 9.9385575081687438 1.1111367978155602 0.63809830229729403 1.2855088133364905 2.7586002834141246 11.296540678478776 0.38350466941483219 111.23642182955518
leaf_count=79084 16 35 2232 12834 27 11 150 546 35 27 137 142 38 64 2113 141 27 25 4519 3376 311 13 360 43 19 36 56 254 16 7020
internal_value=-0.00333413 -0.0415224 0.00939342 -0.0194466 0.0551984 0.0118358 -0.00740406 0.0105803 0.0356792 0.0259536 0.0469261 0.0792761 0.0453649 0.0784065 -0.0468846 -0.0262237 -0.00441813 0.0142193 0.0111978 -0.0032441 0.0216673 -0.0206349 0.0483431 0.029754 0.153698 0.123895 0.0287168 -0.00369362 -0.0145003 0.0168748
internal_weight=531.12 132.765 398.354 31.1014 3.05826 367.253 40.4821 27.8127 15.5034 14.88 11.3479 6.96161 5.82732 4.33898 12.6694 1.71412 4.38624 326.771 270.413 76.3028 23.7472 9.18373 14.5635 11.6878 1.74924 2.87571 56.3578 14.0551 52.5556 194.11
internal_count=113707 79119 34588 13018 184 21570 3290 1166 620 585 435 271 244 102 2124 157 164 18280 15738 4199 807 324 483 422 62 61 2542 310 3392 11539
is_linear=0
shrinkage=0.05


Tree=28
num_leaves=31
num_cat=0
split_feature=4 11 11 12 1 10 12 14 0 29 6 0 1 4 10 4 14 1 10 3 9 11 8 9 3 6 7 8 26 9
split_gain=96.6524 11.9765 10.14 7.73257 7.41427 5.50321 11.1079 22.3813 7.00356 11.2343 6.47574 22.9533 5.35403 10.0029 18.3341 23.983 18.5886 8.77774 5.34825 4.92075 6.91796 4.21149 7.93107 8.80878 12.2306 9.06641 10.3993 9.5608 9.22683 8.81116
threshold=0.0026794525200549645 0.022863540282844905 0.0026682526865338283 -6.4999999999999991 -0.0024582653014386634 0.0039435684893090123 94.500000000000014 0.47916665668402464 0.0034155111645887545 0.17483630155588684 0.0013730675799508677 0.00066047774645851384 -0.0046832837554743401 0.0033402927827358019 0.0018522646270115845 0.00326916091536503 0.26586971708389945 -0.008084748694633043 0.0011591617518372627 -0.008779980211728421 2.0429125480808428 0.011403685822341218 0.88775443966975465 0.48356370190942349 -0.10396278731773535 0.0028977758117847501 0.0025609287681636777 0.53237666226237768 0.17185803141554534 0.62648924608211887
decision_type=2 2 2 2 2 2 2 2 2 2 2 2 2 2 2 2 2 2 2 2 2 2 2 2 2 2 2 2 2 2
left_child=1 5 3 4 -2 8 10 -8 -1 -10 -7 -12 13 14 -5 16 -16 -18 -4 -6 -21 -20 23 24 -23 -25 27 -27 -29 -30
right_child=2 -3 18 12 19 6 7 -9 9 -11 11 -13 -14 -15 15 -17 17 -19 21 20 -22 22 -24 25 -26 26 -28 28 29 -31
leaf_value=-0.044788384152383655 -0.056867082703121366 0.12567124282876393 -0.051226653497043487 -0.050121193086111682 0.43923022416652008 -0.033385830697986223 -0.050708250251381516 0.89132944604812703 0.87292428615770623 -0.050398544380638635 -0.05039981927444414 0.74312758497329812 -0.038837103185523719 -0.034834055789100267 0.030611190682545277 1.0297667322751789 0.28872127013408627 0.88778277456795207 0.007359851139095196 -0.051376629361717878 0.13821188918698654 0.14919690074005831 0.00639347908992544 0.047363443523715611 -0.040541105219434652 -0.061123877145693076 -0.053989391880412699 0.15572676593179013 0.1627228287262843 0.010241742740061696
leaf_weight=122.47845145827159 1.1126997256651523 1.066605052910744 3.4103151527233413 0.89874220627826307 0.10169310425408218 2.9553560253698379 0.15526524162851263 0.10616060823667794 0.054158130660652115 0.084104968467727304 0.32932670833542932 0.12599499197676778 21.825457674567584 3.2240188121795654 0.59679304959718138 0.092597481445409358 0.14339417824521661 0.10660894762258977 222.58815949363634 0.67386616568547042 1.6826108406530691 0.96008287090808142 71.081022780854255 47.580755856120959 7.3631271217018348 2.3465878656134036 5.1941571133211246 1.738532694056629 1.0838990872725824 7.5240614754147828
leaf_count=78337 95 35 596 495 9 596 24 18 19 22 51 17 10733 1238 211 38 2 41 16607 128 28 23 2118 1541 349 42 82 21 16 175
internal_value=-0.00322084 -0.0411715 0.0088222 -0.0189108 0.0502193 -0.0425806 0.0177327 0.331837 -0.0443869 0.31127 -0.00634322 0.169182 -0.0280918 0.0182367 0.111321 0.265777 0.182234 0.544179 0.0110998 0.0986923 0.0839965 0.0116783 0.0183133 0.0297953 -0.0186548 0.0359549 0.00560784 0.0299957 0.0506617 0.0294419
internal_weight=528.685 127.355 401.329 30.4585 3.57087 126.289 3.6721 0.261426 122.617 0.138263 3.41068 0.455322 26.8876 5.06215 1.83814 0.939394 0.846796 0.250003 370.871 2.45817 2.35648 367.46 144.872 73.7912 8.32321 65.468 17.8872 12.6931 10.3465 8.60796
internal_count=113707 79119 34588 13018 260 79084 706 42 78378 41 664 68 12758 2025 787 292 254 43 21570 165 156 20974 4367 2249 372 1877 336 254 212 191
is_linear=0
shrinkage=0.05


Tree=29
num_leaves=31
num_cat=0
split_feature=11 10 27 11 3 11 8 8 9 0 14 14 8 11 11 8 14 0 13 13 8 9 2 6 0 6 3 27 13 28
split_gain=87.9203 10.1245 9.18504 6.66108 7.30859 14.3818 6.50053 7.78836 8.71855 8.16066 7.98649 7.63684 9.07491 11.7934 55.5948 6.5411 7.41267 8.49725 13.6204 22.1726 13.7476 23.216 15.544 9.21984 7.3507 6.69673 6.48661 11.509 10.6003 11.8816
threshold=0.0025433339424973445 0.0012526947682379201 -0.013436258626689571 0.011403685822341218 -0.061094202523917021 0.0077197096853630059 0.88775443966975465 0.57933668548808748 0.46176669164911771 -1.0000000180025095e-35 0.6393442518140261 0.87047614819592611 0.74781094609749454 0.013830089269777177 0.012496435957724058 0.95731611505279146 0.8993138844793882 0.00053715967011840526 -107.49999999999999 -108.49999999999999 1.5127713876952502 0.75138006361905296 0.011401735890672371 0.0035795049841966979 0.0013943841217774037 1.0000000180025095e-35 -0.013618684405123148 -0.016407274057746519 88.500000000000014 -0.7233855138242995
decision_type=2 2 2 2 2 2 2 2 2 2 2 2 2 2 2 2 2 2 2 2 2 2 2 2 2 2 2 2 2 2
left_child=2 -2 -1 4 5 -3 7 9 -9 10 -5 -10 -13 14 -14 -8 17 -17 19 20 21 -19 -22 -20 -18 -26 27 -6 -29 -30
right_child=1 3 -4 6 26 -7 15 8 11 -11 -12 12 13 -15 -16 16 24 18 23 -21 22 -23 -24 -25 25 -27 -28 28 29 -31
leaf_value=0.051102157247186746 -0.045294371818017959 0.18174483928538501 -0.04260476999901916 0.046840217834821687 0.024747784838322386 -0.025407543956911634 -0.029807205853282122 -0.044835444835529641 0.03410490552688291 -0.032250904288505994 -0.056587973134858506 0.018803927559797116 -0.063456781522928607 0.088998046451196744 0.66705900087184977 0.0081535118999616196 -0.0843545407335273 0.47360751533913109 -0.018989484304042487 0.4280789324257695 0.050018612756700602 0.0048517488890651951 0.4452350421111681 0.082485278351850433 0.098375089196410026 -0.014429553913779933 0.0090131369030292917 -0.027431320760010341 0.38562503939570314 0.02116662386787219
leaf_weight=2.6741592332255086 8.7061624644556996 1.6651330210734152 118.28064880822785 10.657598851714285 20.066414669621736 1.6864608339965341 10.458993948530404 3.0165134293492875 43.277803706703708 9.5367913874797505 2.262727156514301 3.1578607303090376 0.5601495807059107 4.2837794511578977 0.48677074443548918 32.280194198479876 3.2655866267159572 0.28595175570808296 6.0707028892356867 0.52103615924716162 0.49252649699337769 3.4628484377171844 0.5027375677600503 3.5459434660151601 1.5224376176483918 9.6876708811614645 161.12103998824023 53.218795628054067 0.22917149064596642 9.2384987182449532
leaf_count=213 2591 39 82643 314 964 63 357 193 1350 335 85 112 27 99 24 1022 67 30 199 21 29 168 20 53 36 242 16557 5061 28 765
internal_value=-0.00312287 0.00804241 -0.040533 0.00921338 0.00417694 0.0775095 0.0175512 0.0276297 0.0377951 0.00283166 0.0287269 0.0426102 0.0859731 0.125764 0.2762 0.00675361 0.0129574 0.0225638 0.0538213 0.118468 0.0844638 0.0406076 0.249654 0.0184273 -0.0183401 0.000890372 0.00316912 -0.00820927 -0.0187591 0.0299886
internal_weight=526.223 405.268 120.955 396.562 247.226 3.35159 149.337 77.24 54.7829 22.4571 12.9203 51.7664 8.48856 5.3307 1.04692 72.0966 61.6376 47.1619 14.8817 5.2651 4.74406 3.7488 0.995264 9.61665 14.4757 11.2101 243.874 82.7529 62.6865 9.46767
internal_count=113707 30851 82856 28260 23477 102 4783 2539 1805 734 399 1612 262 150 51 2244 1887 1542 520 268 247 198 49 252 345 278 23375 6818 5854 793
is_linear=0
shrinkage=0.05


Tree=30
num_leaves=31
num_cat=0
split_feature=4 4 11 2 29 28 26 8 4 9 9 8 9 15 9 16 4 26 14 8 4 12 28 8 12 27 26 4 8 8
split_gain=74.0961 11.0966 11.4128 8.78873 9.57811 31.8913 39.4906 47.4415 13.4524 9.95196 12.8627 8.11042 38.0156 22.5609 38.8295 7.98305 12.1216 8.10755 7.09451 7.08636 7.16735 6.4494 5.36901 5.0078 4.70425 4.59157 11.4683 6.28116 6.02917 5.95217
threshold=0.0020308692120227308 0.0033069606554663312 0.00080505790175241815 -0.033475816212166686 0.50476840685754165 -0.51425898393429825 1.1287133471881756 0.62885107346433222 0.0020625322275695033 0.56303276719560735 0.56688259332065571 0.67366911228394144 1.1738862541786923 1.0000000180025095e-35 0.6787401608706668 1.0000000180025095e-35 0.012523968633193166 0.18331857488651238 0.012499999765627006 0.66974271513603412 0.0031695721077653716 1.5000000000000002 -0.026831042198091012 0.96965345503225386 47.500000000000007 0.046647681322530998 0.18331857488651238 0.012523968633193166 0.94549168481126722 0.62885107346433222
decision_type=2 2 2 2 2 2 2 2 2 2 2 2 2 2 2 2 2 2 2 2 2 2 2 2 2 2 2 2 2 2
left_child=-1 3 -3 18 -5 9 7 -7 -9 -6 -11 12 13 19 -15 25 -17 21 -2 20 -12 -18 -20 24 -19 -4 -27 28 29 -28
right_child=1 2 15 4 5 6 -8 8 -10 10 11 -13 -14 14 -16 16 17 23 22 -21 -22 -23 -24 -25 -26 26 27 -29 -30 -31
leaf_value=-0.046166122699535669 0.33672400531362379 0.25293504754110469 0.0085645182236979856 -0.028815101801841943 -0.035683503854978177 1.5091649936633731 -0.050276389392132151 0.91328090497121828 -0.050217268057928734 0.79125480348038968 -0.050311867499036989 0.0010247672379878707 1.2081111926879533 1.6810964159922308 -0.050228505319577343 -0.030205611196210888 0.20152699822627157 -0.01434872461235286 -0.050688321026375674 0.41612145082372182 0.34878575740065532 0.051281854994656519 0.12410388627863939 -0.025654918382716455 0.12173948767190852 0.17466959567013074 -0.053265226001407977 0.089128141162220606 -0.065333321642885592 0.089758340348066762
leaf_weight=88.93119013227988 0.24823078629560713 0.47214764507952978 316.49968975235242 48.551142195472494 6.7176092993468028 0.12813824787735839 0.27297747146803886 0.05176623142324388 0.12068961502518505 0.059417922282591351 1.1077353669097645 2.878704268601723 0.079462838475592323 0.057757420698180684 0.073720948304980993 30.314011421636678 0.98151535354554509 1.1727059232071044 0.75010855635628115 0.10606766422279168 0.12521283607929934 2.6232136562466621 1.0603800427634265 5.3733621025457978 1.3850107658654449 1.4242539140395809 1.1362856966443344 2.3704459983855486 2.526225273264572 2.0217805898282677
leaf_count=64029 9 9 19812 20987 2069 19 89 3 51 21 327 993 14 24 21 4442 30 24 110 7 21 37 62 110 21 31 52 33 86 68
internal_value=-0.00461531 0.00396433 0.00726754 -0.0155355 -0.0190021 0.0214445 0.385085 0.780448 0.238997 0.00283133 0.0604791 0.0506745 0.142888 0.0853252 0.710329 0.0069522 -0.0136057 0.0300157 0.0860539 0.0239558 -0.00978126 0.0921914 0.0516852 0.00175644 0.0593434 0.00959147 0.043881 0.0207547 -0.00775814 0.0382979
internal_weight=519.621 430.69 368.301 62.3891 60.3304 11.7793 0.573572 0.300594 0.172456 11.2057 4.48808 4.42866 1.54996 1.47049 0.131478 367.829 41.8498 11.5358 2.05872 1.33902 1.23295 3.60473 1.81049 7.93108 2.55772 325.979 9.47899 8.05474 5.68429 3.15807
internal_count=113611 49582 24755 24827 24646 3659 162 73 54 3497 1428 1407 414 400 45 24746 4664 222 181 355 348 67 172 155 45 20082 270 239 206 120
is_linear=0
shrinkage=0.05


Tree=31
num_leaves=31
num_cat=0
split_feature=4 11 13 16 4 7 11 12 14 9 4 7 12 11 12 4 14 2 17 14 14 8 13 6 17 0 4 2 0 11
split_gain=70.0072 10.5997 16.7303 7.74425 11.5111 7.95751 7.23069 14.6456 7.45744 5.78727 5.92565 21.118 7.03486 5.67226 14.4329 17.001 16.0112 15.0372 8.89369 8.74072 12.0287 16.0858 8.33826 13.3795 14.0575 10.067 15.2355 7.38666 17.575 8.84409
threshold=0.0020308692120227308 0.0017340267050339343 1.0000000180025095e-35 1.0000000180025095e-35 0.012523968633193166 0.00026634206529063778 0.013830089269777177 1.0000000180025095e-35 0.043478260018919197 0.45700392419856867 0.0020625322275695033 0.0011444811184129157 123.50000000000001 0.005082828182304368 67.500000000000014 0.005405481931973064 0.088589510379380745 0.0020668986210754356 0.0010292147134002316 0.76595743322771082 0.76190472562365874 1.2320594527247504 104.50000000000001 0.0026157922186614301 0.0056377383047165382 0.0039855624573073871 0.0057809592439207833 -0.024825055813339734 3.0017609144531986e-05 0.0041571251598234724
decision_type=2 2 2 2 2 2 2 2 2 2 2 2 2 2 2 2 2 2 2 2 2 2 2 2 2 2 2 2 2 2
left_child=-1 2 -2 9 -5 -6 7 -7 -9 -3 11 12 -11 18 -15 17 -17 -16 19 20 27 -22 -20 24 25 26 -24 28 -12 -30
right_child=1 3 -4 4 5 6 -8 8 -10 10 13 -13 -14 14 15 16 -18 -19 22 -21 21 -23 23 -25 -26 -27 -28 -29 29 -31
leaf_value=-0.045976605948802082 0.1455641472396447 -0.01472588003060641 -0.050078803513855033 -0.029893467201890445 -0.067783158165333562 0.22140594639282882 0.0014473024027076057 0.12966673405054907 -0.018788258092997265 -0.050121451296209645 -0.011136888958422358 0.73828698095808842 0.38643811324537863 0.0099242390759780932 0.30144831965664609 0.25355933402479741 0.023742176230358986 0.059297996268697306 0.014386358027798677 -0.035741610066408934 -0.050449367935398226 0.51354978510972926 0.044733173757911124 0.40942742605684868 0.36843348383781921 -0.050838590889139106 0.45458893870130973 -0.0031819298864613692 0.37346815668103583 0.070498705236701875
leaf_weight=84.933980511268601 1.1780385260935897 26.954804669716395 15.090879240422508 32.502284961869009 1.8414594521746028 1.4477888597175459 4.8370619602501392 1.3101526349782946 2.3875156464055181 0.50498002534732123 1.8862801492214196 0.1266936018364504 0.1129142326535657 219.94514121627435 1.2413899246603279 0.80296705383807321 13.496718610636888 1.3258601538836954 10.910286326077765 19.732686401810497 0.24172336724586685 0.26504144945647568 0.99440441525075607 0.32326628547161806 0.35524214757606376 1.5542068957583977 0.29371739574708045 69.398977185017429 0.58462183643132437 0.40967054851353168
leaf_count=64029 93 3336 10943 5676 32 39 81 16 53 261 92 36 6 9851 39 12 270 53 1628 4405 56 21 244 8 14 169 5 12094 21 28
internal_value=-0.00447836 0.00367939 -0.0359122 0.00522852 -0.0145253 0.0277196 0.0453368 0.0865958 0.0338121 0.00758573 0.00933143 0.150231 0.0296556 0.00902624 0.0133425 0.0579167 0.036647 0.176389 -0.000530954 -0.00622544 0.00177652 0.244526 0.0359768 0.102881 0.0718899 0.034827 0.138188 7.45565e-05 0.0785301 0.248638
internal_weight=516.991 432.057 16.2689 415.788 44.3263 11.824 9.98252 5.14546 3.69767 371.462 344.507 0.744588 0.617894 343.762 236.812 16.8669 14.2997 2.56725 106.95 92.519 72.7863 0.506765 14.4311 3.52084 3.19757 2.84233 1.28812 72.2795 2.88057 0.994292
internal_count=113611 49582 11036 38546 5897 221 189 108 69 32649 29313 303 267 29010 10225 374 282 92 18785 16717 12312 77 2068 440 432 418 249 12235 141 49
is_linear=0
shrinkage=0.05


Tree=32
num_leaves=31
num_cat=0
split_feature=7 6 1 26 3 3 27 12 3 27 6 9 27 3 6 9 15 13 3 13 13 6 12 26 27 17 26 14 27 7
split_gain=34.1907 26.7992 18.9899 9.79711 13.3996 11.9007 22.1537 8.49535 8.82343 15.5335 8.3676 8.98028 8.14695 8.36965 12.4631 9.19237 7.25535 8.29725 10.3685 8.44059 7.21511 7.06839 6.95353 7.74773 21.8774 12.9722 5.98667 6.42744 5.93538 11.1025
threshold=0.001003004541650231 0.0011564263778471831 -0.0063178922079785314 6.764433552272398 0.020607948002596545 0.027810133673369604 0.01069367788368676 25.500000000000004 -0.075423865271964902 -0.0034249231368999461 0.00070157814820227718 2.2198436204200207 0.013193628774729392 -0.024544623698853716 0.0018733239418285933 1.0712972054425642 1.0000000180025095e-35 104.50000000000001 0.0098170612044386849 119.50000000000001 -107.49999999999999 0.0045298253033817541 -2.4999999999999996 3.8564229611230396 0.0089871992309323422 0.002491098445167299 0.86174756879214909 0.69834677237787468 0.024773921486016644 0.0015472592326838221
decision_type=2 2 2 2 2 2 2 2 2 2 2 2 2 2 2 2 2 2 2 2 2 2 2 2 2 2 2 2 2 2
left_child=1 2 -1 -2 12 6 -6 8 9 -4 20 28 -5 -14 15 -15 21 22 19 26 -7 -3 23 24 -18 -26 -19 -28 29 -12
right_child=3 16 7 4 5 10 -8 -9 -10 -11 11 -13 13 14 -16 -17 17 18 -20 -21 -22 -23 -24 -25 25 -27 27 -29 -30 -31
leaf_value=0.012563384054868272 0.0063934446934089855 -0.0084848606985195255 -0.050942542911431667 -0.0272673803404694 0.60102713805415942 0.0058771111959330909 0.054073593162730853 -0.042351895129385406 -0.017741488824629191 0.42091907274348161 0.25591531047242611 -0.04519870798173229 -0.051847768512616146 0.10389246471489821 -0.051694234565992252 0.46915607511991253 0.0023011689694573062 0.071568035401308377 -0.053355240099259932 0.023707359036849666 0.17303274478491704 0.033117073457464744 -0.0041426068122728029 -0.0020908661657890442 0.15455454691254791 0.49517143900180405 0.52153733596076013 0.23082389007326232 -0.013768316649328732 0.045367853938797845
leaf_weight=23.929137116298079 223.66122931044083 71.679175351280719 0.38842016295529902 6.7951121699297818 0.306197170750237 0.86876507382839951 0.46824271907098591 110.07574754429515 34.643639737158082 0.31655738619156082 0.96273211145307946 2.335271276300773 0.61338252155110229 0.31268443563021697 0.37743329722434282 0.38351435924414545 1.597749960143122 0.3631651280447834 0.68707946082577098 0.64333577302750189 2.5127620911225659 11.906130885239689 10.864866859279571 2.243416522629559 0.72288572695106246 0.45575886033475399 0.26115926587954164 0.69904824160039425 1.212881763000041 1.7907841596752403
leaf_count=3135 17802 8837 30 782 21 59 34 69227 11827 18 36 54 26 19 16 28 67 18 51 57 63 276 889 62 38 11 22 42 25 39
internal_value=-0.00432312 -0.0165127 -0.0287119 0.00931736 0.0438461 0.0817221 0.270327 -0.0355036 -0.014178 0.160938 0.0666378 0.03259 -0.00285128 0.0954941 0.179673 0.305105 0.0037174 0.0320159 0.113854 0.17227 0.130088 -0.00255896 0.0183435 0.0670125 0.12285 0.286264 0.244491 0.309893 0.0783892 0.118983
internal_weight=514.078 271.477 169.354 242.601 18.9398 10.4576 0.77444 145.424 35.3486 0.704978 9.6832 6.30167 8.48213 1.68701 1.07363 0.696199 102.124 18.5385 2.65379 1.96671 3.38153 83.5853 15.8847 5.01981 2.77639 1.17864 1.32337 0.960208 3.9664 2.75352
internal_count=113611 94607 84237 19004 1202 331 55 81102 11875 48 276 154 871 89 63 47 10370 1257 190 139 122 9113 1067 178 116 49 82 64 100 75
is_linear=0
shrinkage=0.05


Tree=33
num_leaves=31
num_cat=0
split_feature=4 4 7 2 16 4 7 4 5 29 29 8 24 5 5 7 27 14 13 2 27 27 13 27 6 13 8 14 2 13
split_gain=63.586 8.9169 12.831 7.78118 6.51048 9.95579 7.08914 5.86223 8.45086 5.85571 8.10763 12.2693 13.7362 14.7001 16.412 7.94384 6.00843 5.81064 4.4757 8.70978 38.6334 80.4523 243.543 17.0156 10.1021 5.4309 18.7526 4.42537 9.4685 12.7113
threshold=0.0020308692120227308 0.0033069606554663312 0.0028248587570621317 -0.033475816212166686 1.0000000180025095e-35 0.012523968633193166 0.00026634206529063778 0.0029091039691000564 0.00043132265110956469 0.48865285895902993 0.54562048302029298 0.74024076882999867 1.0000000180025095e-35 0.001079222011992297 0.00089095353662513191 0.0024556914448211182 0.013193628774729392 0.054054051132203081 105.50000000000001 0.0026272961542188156 0.0020583796172943315 0.0012610085263046026 115.50000000000001 -0.0030684982299079462 0.0021594366749233787 106.50000000000001 1.3614385788402414 0.13074978667490658 -0.012254666637703812 115.50000000000001
decision_type=2 2 2 2 2 2 2 2 2 2 2 2 2 2 2 2 2 2 2 2 2 2 2 2 2 2 2 2 2 2
left_child=-1 2 3 7 27 -6 -7 8 -2 18 11 12 13 14 16 -12 -11 -8 -5 25 21 23 -23 -21 -22 26 -20 -3 29 -29
right_child=1 4 -4 9 5 6 17 -9 -10 10 15 -13 -14 -15 -16 -17 -18 -19 19 20 24 22 -24 -25 -26 -27 -28 28 -30 -31
leaf_value=-0.045624609046184976 0.42418503011603337 0.023047981779435234 0.34456753679940816 -0.034614542384226975 -0.028749698035167429 -0.067405395431261991 0.096970078836178614 -0.050783267703606909 0.083133007489256644 -0.050359279557653271 -0.018784489041614783 -0.050730091294287551 0.60186377262714652 -0.05037352629608647 0.44161302471946151 0.41309354942066429 0.23274419726938325 0.016020187244867461 -0.050171312000836091 0.95242051653820592 -0.050171056230129268 4.6549741091194212 -0.050214684892549544 -0.050221379719107555 0.48792366154099165 -0.039303973623275784 1.1913227596276974 -0.014813323195752296 0.011135359358027192 0.10592413770843412
leaf_weight=78.332053466700017 0.21067020855843965 45.306942186201923 0.24775933346245338 38.236793648335151 28.612778878770769 1.7641166932880867 3.2063080314546806 0.6332171435933559 1.3178831271361557 0.42966257815714948 9.4203424917068297 1.2492741646710781 0.15306989836972196 0.84309414832387108 0.50072700739838183 0.1076923683285721 0.33241690415889025 7.1833620802499354 0.12451455544214596 0.049833744997158647 1.5190265984274445 0.042507368605583906 0.07790614734403789 0.28047014959156547 0.092536774813197442 4.3824473101412877 0.04024887946434319 62.449749658000655 222.14738906559069 2.2587968258885658
leaf_count=64029 33 2117 16 17721 4442 32 53 76 72 128 3004 433 33 284 36 8 5 137 62 7 717 29 33 128 10 1982 10 2646 15236 92
internal_value=-0.0041683 0.00332754 -0.0145129 -0.0159946 0.00621182 -0.0126458 0.0252665 0.0771432 0.130138 -0.019473 0.0100236 0.0750062 0.144542 0.111301 0.21924 -0.0139031 0.0731297 0.0410018 -0.0280473 0.00994482 0.095174 0.504386 1.61077 0.10105 -0.0192734 -0.0287089 0.253104 0.00852623 0.00623262 -0.0105987
internal_weight=511.554 433.222 60.2921 60.0443 372.929 40.7666 12.1538 2.16177 1.52855 57.8826 13.0363 3.50824 2.25897 2.1059 1.26281 9.52803 0.762079 10.3897 44.8463 6.60949 2.06228 0.450717 0.120414 0.330304 1.61156 4.54721 0.164763 332.163 286.856 64.7085
internal_count=113611 49582 24827 24811 24755 4664 222 181 105 24630 3931 919 486 453 169 3012 133 190 20699 2978 924 197 62 135 727 2054 72 20091 17974 2738
is_linear=0
shrinkage=0.05


Tree=34
num_leaves=31
num_cat=0
split_feature=4 10 27 11 12 11 27 12 12 10 0 3 13 8 2 4 14 29 11 8 5 5 4 5 28 27 27 13 28 26
split_gain=59.1585 12.1213 11.091 5.79846 6.79085 4.96221 6.51368 5.6606 8.17243 19.9199 22.9883 17.3474 18.8419 22.0183 14.9065 11.7644 7.78355 4.97505 10.8817 25.8934 5.68266 17.465 9.12831 16.8163 24.3126 14.5248 15.5281 10.6532 7.78157 4.94437
threshold=0.0020308692120227308 0.002578010993446372 0.014361848404779765 0.00078916908798891145 52.500000000000007 0.0017340267050339343 -0.027741543416214678 12.500000000000002 24.500000000000004 0.001763750744616087 -0.00401353532575541 -0.00027042737205355805 113.50000000000001 0.80607680048842434 -0.016217346576749964 0.0059098323608306538 0.99999999323179123 0.26911812136723801 0.001745921867631768 0.91413299525074487 0.0014858446772114506 0.0014701572508352891 0.0031695721077653716 0.0013191306943080572 -0.4530400002317006 -0.0047126909925859816 -0.006327690330397001 11.500000000000002 -0.79594481444816034 1.1416895735517223
decision_type=2 2 2 2 2 2 2 2 2 2 2 2 2 2 2 2 2 2 2 2 2 2 2 2 2 2 2 2 2 2
left_child=-1 2 5 -4 -5 6 -2 -7 9 10 -9 14 13 -13 -12 -14 -11 -10 19 -19 21 22 27 25 -25 26 -24 -20 -27 -15
right_child=1 -3 3 4 -6 7 -8 8 17 16 11 12 15 29 -16 -17 -18 18 20 -21 -22 -23 23 24 -26 28 -28 -29 -30 -31
leaf_value=-0.045412906508710965 0.13953747383375087 0.0069857642054043621 0.25118431731883717 -0.017087145002493906 0.075419360694965396 -0.035894346606963383 -0.050575643492141269 1.4652059461764972 -0.025155244337850907 -0.029889538102443564 0.73702334414228554 1.1810506539387191 -0.050228409839112892 0.40267091660100196 -0.05084884464732603 0.62294188106384407 0.39271603072812344 -0.05010341564830513 0.24917592109871955 1.9026751347531539 -0.023217725906968668 0.54318310882208298 0.091525518416826532 -0.050623552981184809 0.85037801009775205 0.36492739268713931 0.55575929224357157 -0.0503862557196234 -0.050760534904334645 0.13780681445064552
leaf_weight=74.85045777016785 0.46474835462868114 345.35236797761172 0.3174392879009228 3.6430269625270739 4.3561499187489972 19.575797003926709 14.746606889180837 0.032968184794299638 27.148735304828733 4.3584942247252911 0.063500086660497224 0.081184421433134313 0.52421118330676109 0.54564879694953561 1.1001448258757593 0.074072971940040588 0.11174862564075727 0.050369418924673393 0.32461655070073758 0.025604904280044138 7.2111976102460176 0.16822688817046572 0.66527651995420456 0.136124407639727 0.16639210144057859 0.12005194358062032 0.24700959865003902 3.4620815260568634 1.8095604202244424 0.26023364916909486
leaf_count=64029 3 18884 2 367 215 4259 10883 3 9048 1045 14 34 217 41 424 6 9 35 46 18 2030 33 50 26 25 8 27 1501 279 50
internal_value=-0.00433949 0.00269335 -0.0134563 0.0416065 0.0332896 -0.0189422 -0.0447672 -0.0131875 -0.00405777 0.045308 0.153037 0.136706 0.249958 0.396207 -0.00785467 0.0331161 -0.0193251 -0.0125584 0.0112132 0.608023 0.00804473 0.0397998 0.027582 0.0905506 0.444951 0.0528251 0.217221 -0.0247061 -0.0248983 0.317142
internal_weight=511.994 437.144 91.7912 8.31662 7.99918 83.4746 15.2114 68.2633 48.6875 7.15221 2.68196 2.649 1.48535 0.887067 1.16364 0.598284 4.47024 41.5352 14.3865 0.0759743 14.3105 7.09934 6.93111 3.14441 0.302517 2.8419 0.912286 3.7867 1.92961 0.805882
internal_count=113611 49582 30698 584 582 30114 10886 19228 14969 1843 789 786 348 125 438 223 1054 13126 4078 53 4025 1995 1962 415 51 364 77 1547 287 91
is_linear=0
shrinkage=0.05


Tree=35
num_leaves=31
num_cat=0
split_feature=11 4 1 6 8 24 8 0 17 11 7 13 14 13 13 6 3 12 17 4 4 8 13 4 28 14 0 8 7 12
split_gain=67.5186 13.5379 16.7055 9.53189 9.36447 8.16903 9.45563 37.5927 10.5084 7.8795 12.4298 9.47216 7.24985 8.93094 18.8465 8.50096 7.14336 8.87607 6.72669 9.10318 6.49267 6.0505 9.13178 7.91331 5.94296 5.88259 5.623 7.24596 12.2296 6.73943
threshold=0.0017340267050339343 0.0020308692120227308 0.050259247304550982 0.00029778167690935967 0.86887724242163322 1.0000000180025095e-35 0.57933668548808748 0.0013382753918629654 0.0034600856894943604 0.017268951338354099 0.00024223752286516389 85.500000000000014 0.039999999199977848 78.500000000000014 84.500000000000014 6.6443842537869891e-06 -0.05264098230020154 50.500000000000007 0.0050994008208104609 0.012523968633193166 0.0049946059485616286 2.7724445974305656 -107.49999999999999 0.0093275396690195786 -0.92519683165386479 0.054054051132203081 0.0027986268123012521 1.6444209336121813 0.0025609287681636777 113.50000000000001
decision_type=2 2 2 2 2 2 2 2 2 2 2 2 2 2 2 2 2 2 2 2 2 2 2 2 2 2 2 2 2 2
left_child=20 2 -2 4 9 21 7 -7 -9 16 -11 -12 13 -6 15 -15 17 -3 -8 -20 -1 -5 23 -23 -14 -24 -26 29 -29 -28
right_child=1 3 -4 5 12 6 18 8 -10 10 11 -13 24 14 -16 -17 -18 -19 19 -21 -22 22 25 -25 26 -27 27 28 -30 -31
leaf_value=-0.048631914319063746 -0.038853813668801765 0.023003626816157131 0.81073350541543565 0.014473425275545779 -0.012502443305854824 0.799074517258203 -0.023188854503234095 -0.051698312580786998 0.28839156895282669 0.21327128813332075 0.0003898391447657331 0.16714460494374792 0.29247634664092031 0.6274087943496689 0.033175912337146334 0.18349689921136525 -0.0050324786509178179 0.23648221743474732 0.1096662861175894 -0.022492459074102161 0.074672561582633537 0.43764673362793077 0.16967942219102353 0.090128313437274177 -0.045332356662758262 -0.019309678420345207 -0.029839898017236174 -0.0085032121279501379 0.22484380093636236 0.1655636915242131
leaf_weight=67.193117580143735 17.649440489942211 1.6737049471121275 0.058051081839947893 295.72501861187629 3.9681899135466656 0.17645218234974791 31.465556442853995 1.0418937043286858 0.29046024475246657 1.1071300269104529 4.7353880037553608 1.0383222140371797 0.142592380521818 0.22003302944358427 1.4413194239605216 0.21152898820582777 31.914710479206406 0.68668368970975269 2.4010254121385506 2.849193349480629 1.0848282406805072 0.30643309664446894 0.58568001992534746 0.35195784829556942 24.778095610323362 1.3865160188870502 11.412392236525189 1.637865514843724 0.85441040899604548 0.45901116251479912
leaf_count=62919 11810 64 10 23413 493 31 3032 131 8 24 129 6 5 21 205 24 5004 37 66 44 150 30 9 13 4312 82 1141 185 15 60
internal_value=-0.000407564 0.00676247 -0.0360686 0.00855604 -0.00627072 0.0123568 -0.00940556 0.113269 0.0224431 0.0109776 0.0598059 0.0303784 -0.0220018 0.0299723 0.119966 0.409827 0.00117519 0.0851088 -0.0144468 0.0379463 -0.0466728 0.015145 0.0906396 0.251873 -0.0297297 0.0368141 -0.0309035 -0.00601289 0.0714936 -0.0222846
internal_weight=508.847 440.569 17.7075 422.862 86.2814 336.58 38.2246 1.50881 1.33235 41.1559 6.88084 5.77371 45.1254 5.84107 1.87288 0.431562 34.2751 2.36039 36.7158 5.25022 68.2779 298.356 2.63059 0.658391 39.2844 1.9722 39.1418 14.3637 2.49228 11.8714
internal_count=113473 50404 11820 38584 11725 26859 3312 170 139 5264 159 135 6461 743 250 45 5105 101 3142 110 63069 23547 134 43 5718 91 5713 1401 200 1201
is_linear=0
shrinkage=0.05


Tree=36
num_leaves=31
num_cat=0
split_feature=11 4 6 24 1 27 11 7 13 4 12 12 27 14 11 27 27 0 7 6 11 5 28 12 29 11 26 1 11 28
split_gain=63.528 12.5142 8.55582 7.34632 7.31195 7.13983 6.00822 7.65745 11.0204 7.2316 7.01181 9.32877 11.0387 30.7423 7.80401 5.72842 29.9489 16.6677 17.6775 14.7101 21.3031 13.6647 13.4867 12.9152 10.183 28.1878 8.80976 11.5646 10.9257 16.6632
threshold=0.0017340267050339343 0.0020308692120227308 0.00029778167690935967 1.0000000180025095e-35 0.050259247304550982 0.031562852735248892 0.017268951338354099 0.00023881432307553094 85.500000000000014 0.0075661179913647106 15.500000000000002 19.500000000000004 -0.0029431500363016031 0.47437113038022738 0.005082828182304368 -0.0049450099706789541 -0.0047126909925859816 -0.00018809975184607878 0.00046839361374915843 0.0010936403114487115 0.005082828182304368 0.0030938569118559166 12.796694230648667 90.500000000000014 0.77437208611725294 0.0069883200610417178 3.1961830972708203 0.050259247304550982 0.0042707428181120504 -0.23866481461225189
decision_type=2 2 2 2 2 2 2 2 2 2 2 2 2 2 2 2 2 2 2 2 2 2 2 2 2 2 2 2 2 2
left_child=5 4 6 15 -2 -1 10 9 -9 -8 -3 12 13 14 -12 -4 17 18 -17 20 -20 22 -18 24 26 -26 -23 28 29 -28
right_child=1 2 3 -5 -6 -7 7 8 -10 -11 11 -13 -14 -15 -16 16 21 -19 19 -21 -22 23 -24 -25 25 -27 27 -29 -30 -31
leaf_value=-0.047935080986307346 -0.038401724642091989 -0.031253379252378172 0.005275271842494534 -0.0091228366587627428 0.34238369651987788 0.14782842075116623 0.17495509206744886 -0.015170726562576044 0.13300645835391423 0.011218049543026314 -0.05036619404794182 -0.0040967603807188103 -0.0014464448451810509 0.85588577170699753 0.29517262379068998 -0.050424874114513352 0.0035573167262343813 0.031984263251008248 1.1028209348344371 0.23846298649924785 0.37211938535808914 0.018338337905989075 0.089025798849858492 0.11112480153389576 0.40989056766894588 -0.006372536433191734 0.44992411815326805 0.19440753446869752 0.021815000465804011 0.032288714816945133
leaf_weight=64.686017788480967 16.981366132269617 28.111442184308544 112.59316314500757 37.990636701579206 0.12701322324573894 0.4691406786441793 1.4694991167634719 8.9698126048315299 1.4588811360299576 1.2462270334362981 0.38949396065436304 42.67591852566693 0.99404845433309563 0.16527418873738497 0.28150427527725697 0.19920132670085877 111.23501090961508 0.60051093716174253 0.17329452151898295 0.34412002330645919 0.23502962221391499 55.816413698485121 4.8154617332620537 5.1527562297414979 0.64706859644502301 1.0947705009020863 0.39886266156099737 1.5802689250558613 6.4722087515983731 0.59530493966303577
leaf_count=63052 11810 3320 7125 3312 10 17 33 245 11 18 113 7750 211 20 4 53 13173 96 32 27 11 2232 162 234 26 43 34 27 219 53
internal_value=-0.000428758 0.00635386 0.0080389 0.0115992 -0.0355748 -0.0465255 -0.00607353 0.0250326 0.00555794 0.0998174 -0.011704 0.000643955 0.111179 0.245053 0.0945979 0.0142064 0.0195168 0.238245 0.368401 0.47928 0.682232 0.0177091 0.00710379 0.0348606 0.0289606 0.148263 0.0257568 0.0715278 0.0455202 0.199845
internal_weight=507.97 442.815 425.706 339.944 17.1084 65.1552 85.7621 13.1444 10.4287 2.71573 72.6177 44.5062 1.83032 0.836272 0.670998 301.953 189.36 1.55216 0.951645 0.752444 0.408324 187.808 116.05 71.7577 66.6049 1.74184 64.8631 9.04665 7.46638 0.994168
internal_count=113473 50404 38584 26859 11820 63069 11725 307 256 51 11418 8098 348 137 117 23547 16422 219 123 70 43 16203 13335 2868 2634 69 2565 333 306 87
is_linear=0
shrinkage=0.05


Tree=37
num_leaves=31
num_cat=0
split_feature=11 4 6 8 8 26 26 7 29 28 11 24 8 0 17 14 13 12 17 3 3 14 28 0 12 8 26 10 12 10
split_gain=59.7492 11.5439 7.65219 8.46686 6.88295 10.0731 13.4379 13.1625 10.7128 9.34601 25.1567 6.50838 7.39658 12.7133 7.76216 6.48345 6.79783 10.0839 6.34992 6.13158 10.9806 29.3936 16.1784 8.66822 16.0505 19.411 9.36489 8.40888 8.39117 8.04254
threshold=0.0017340267050339343 0.0020308692120227308 0.00029778167690935967 0.86887724242163322 0.62443240520787269 0.70996436164716026 0.67291578104064276 0.00088922766539054402 -0.41386624208110073 1.3439342604298359 0.0089435406575683069 1.0000000180025095e-35 0.57933668548808748 0.0013382753918629654 0.0034600856894943604 0.039999999199977848 78.500000000000014 49.500000000000007 0.001210991215840114 -0.0085550805607012732 -0.0069731741824087057 0.085106381167955311 -0.67345400101047015 -0.0034454092956999979 -2.4999999999999996 0.68971632124520743 0.17757819537542724 0.0044198572196562777 62.500000000000007 0.0021323119785193172
decision_type=2 2 2 2 2 2 2 2 2 2 2 2 2 2 2 2 2 2 2 2 2 2 2 2 2 2 2 2 2 2
left_child=-1 -2 3 4 5 6 8 -8 9 10 -3 -4 13 -13 -15 16 -5 -18 -14 27 21 -21 -23 24 25 -22 -26 -6 -29 -28
right_child=1 2 11 15 19 -7 7 -9 -10 -11 -12 12 18 14 -16 -17 17 -19 -20 20 23 22 -24 -25 26 -27 29 28 -30 -31
leaf_value=-0.046368100146809955 -0.035058215964654048 -0.050875467043941518 0.013283976447240164 -0.011949114371495572 -0.056730691473166429 -0.045231235388569227 0.52241262085535745 0.055445552078645023 -0.027938328606908033 0.05389746472017265 0.73490440459096462 0.35155447360239883 -0.033203301741013908 -0.051606189044063847 0.21943740348374199 -0.028768085030457715 0.029413536906124416 0.27014869638919919 0.0089020299249630477 1.9733983203585563 0.53660493587002567 1.1151030450712696 0.087375020084771438 0.016055624346927925 0.59159803524945087 0.062226941379942571 0.28805993448249601 0.017958075829031313 0.22943693916100441 0.0086949507997548144
leaf_weight=62.188944597321097 16.521156623435672 0.2186072490876535 305.52890258934349 3.9072373585076994 4.013114340836184 10.282836011960169 0.26107292110100466 0.35761325492057949 5.5575944711454222 2.0818275413475931 0.19072181079536676 0.37155602779239316 19.206559460028075 0.98407556395977713 0.36106311902403831 37.983325277105905 1.4953549794154244 0.61345516308210779 16.775123673840426 0.024709618766792896 0.42353564035147462 0.042854546569287777 0.35975989256985486 9.3926048158900777 0.07785660214722101 0.43933324888348579 0.28550538676790926 4.0935928004328161 0.52976258751004923 2.6382560044294223
leaf_count=63069 11820 35 23547 493 763 1384 26 16 715 84 9 31 2157 131 8 5718 205 45 985 15 16 3 99 1667 8 29 14 172 26 183
internal_value=-0.00046142 0.00595379 0.00753504 -0.00587036 0.0103975 -0.0117631 0.0279427 0.252496 0.0106819 0.0968409 0.315249 0.0108654 -0.00873565 0.0926598 0.0211475 -0.0211296 0.0270975 0.0994437 -0.0135733 0.0292118 0.0500306 0.299499 0.196767 0.0419893 0.105021 0.295073 0.0503868 -0.00377545 0.0421902 0.0359749
internal_weight=507.208 445.019 428.498 85.2705 41.2712 18.9503 8.66744 0.618686 8.04875 2.49116 0.409329 343.227 37.6984 1.71669 1.34514 43.9994 6.01605 2.10881 35.9817 22.3209 13.6844 0.427324 0.402614 13.2571 3.86449 0.862869 3.00162 8.63647 4.62336 2.92376
internal_count=113473 50404 38584 11725 5264 2269 885 42 843 128 44 26859 3312 170 139 6461 743 250 3142 2995 2034 117 102 1917 250 45 205 961 198 197
is_linear=0
shrinkage=0.05


Tree=38
num_leaves=31
num_cat=0
split_feature=11 4 6 8 27 0 6 17 27 26 11 27 10 8 4 1 14 7 7 27 11 17 26 8 7 27 10 26 6 1
split_gain=56.1665 10.6384 7.03119 7.53923 6.55863 6.21996 6.03409 7.92213 7.20181 9.77895 13.4243 22.4687 14.6675 11.8836 11.6817 13.7265 5.93026 6.28352 7.837 6.17657 7.99055 12.9845 6.01232 9.40411 10.5375 5.99848 5.71859 5.55133 22.1775 5.94615
threshold=0.0017340267050339343 0.0020308692120227308 0.00029778167690935967 0.86887724242163322 0.031562852735248892 0.0012842050091442674 0.00019319938176200861 1.0000000180025095e-35 -0.0028845666791410215 0.40722930230869098 0.0029386465989062862 -0.0046003430064805798 0.0027114438695576741 0.63775110027518234 0.004312351768003474 -0.0070785652821865625 0.039999999199977848 0.00036469483823396801 0.00046839361374915843 0.014361848404779765 0.0018671817702328572 0.00060282500368153086 2.2098130749737739 1.3721418419859222 0.0025609287681636777 0.015801922758142749 0.029266604039543811 0.29833631563583524 7.7713664034430327e-05 0.050259247304550982
decision_type=2 2 2 2 2 2 2 2 2 2 2 2 2 2 2 2 2 2 2 2 2 2 2 2 2 2 2 2 2 2
left_child=4 -2 3 5 -1 6 7 8 9 -3 11 -11 -13 26 -15 -16 17 19 -19 20 21 -5 -18 -24 25 -25 -12 28 -10 -29
right_child=1 2 -4 16 -6 -7 -8 -9 27 10 13 12 -14 14 15 -17 22 18 -20 -21 -22 -23 23 24 -26 -27 -28 29 -30 -31
leaf_value=-0.04769573770537263 -0.034516317145722605 0.0031304494568783988 0.010225399217820313 1.032471711693093 0.13488158014652582 -0.017908801913383982 -0.033304132046159299 -0.023916214198106137 0.0024752962972241655 -0.050288662106457077 -0.051923075444369596 0.26225866746769222 0.78155743101667996 -0.050434761754614456 0.078216301693164236 0.32368311948895873 -0.039899192656746754 0.24210172943790315 0.024990347323286977 0.17424871809752854 -0.039323880703799476 -0.050088334774364224 -0.035671632467359146 -0.051019410262207777 0.19161289854610022 0.095637831689454722 0.096786539317906484 -0.016923353651458042 0.4060548781978246 0.13103962057766252
leaf_weight=58.905966666468885 15.955943301261867 2.9329925650963613 346.17005346581573 0.046165676554664414 0.49602227378636499 13.98998030181974 4.0733770745573556 4.9289488208014509 1.5412407839903624 0.30047919880598783 1.5730413212440908 0.31467129755765189 0.23944490973372012 0.55096109479200128 1.0933021251112225 1.1888085776008663 27.487740216427483 0.65147488890215743 1.1482275304151697 0.42235963116399933 3.8229159548645839 0.069244592799805105 5.618559073773211 1.6035876879468567 1.1601096511585636 1.2335768315242601 1.0975228436291218 6.8970866368617862 0.43689747829921532 0.75314573012292374
leaf_count=63052 11820 256 26859 20 17 1902 585 881 97 111 142 54 15 97 26 33 4329 31 41 15 590 46 940 374 37 38 6 1009 39 11
internal_value=-0.000490603 0.00557581 0.00705886 -0.00581054 -0.0461712 0.00930313 0.0229374 0.0325435 0.0472525 0.0786557 0.113495 0.297866 0.486658 0.0848661 0.156199 0.206086 -0.0204519 0.0249786 0.103583 -0.0074621 -0.0269494 0.38295 -0.0279948 0.00603498 0.0646577 0.012746 0.00919218 0.0169488 0.0916111 -0.00235678
internal_weight=506.704 447.302 431.346 85.1759 59.402 41.9119 27.9219 23.8485 18.9196 9.29122 6.35823 0.854595 0.554116 5.50364 2.83307 2.28211 43.264 6.16039 1.7997 4.36069 3.93833 0.11541 37.1036 9.61583 3.99727 2.83716 2.67056 9.62837 1.97814 7.65023
internal_count=113473 50404 38584 11725 63069 5264 3362 2777 1896 740 484 180 69 304 156 59 6461 743 72 671 656 66 5718 1389 449 412 148 1156 136 1020
is_linear=0
shrinkage=0.05


Tree=39
num_leaves=31
num_cat=0
split_feature=11 4 6 8 13 24 8 0 14 17 6 11 3 12 1 27 27 1 9 11 13 13 8 14 3 2 3 1 14 13
split_gain=52.8888 9.81637 6.4271 6.84913 6.06825 5.785 6.0888 7.19136 6.18457 5.87795 5.69129 5.92846 7.57664 7.30387 5.6713 9.77 5.61865 5.45614 5.1523 5.01223 8.05605 10.9953 9.721 7.98211 6.24715 8.15579 6.98628 10.029 11.4488 6.18467
threshold=0.0017340267050339343 0.0020308692120227308 0.00029778167690935967 0.86887724242163322 1.0000000180025095e-35 1.0000000180025095e-35 0.57933668548808748 0.0013382753918629654 0.85219595310351004 0.001210991215840114 0.00022436616558229187 0.017268951338354099 -0.05264098230020154 48.500000000000007 -0.016456164137779724 -0.0037406443216123557 -0.01883392827664912 0.050259247304550982 1.7401335941273717 0.0029386465989062862 112.50000000000001 116.50000000000001 0.73654913461189653 0.47437113038022738 0.022121629482737774 -0.014891018068550409 0.043048405419021045 -0.008084748694633043 0.99999998306518723 69.500000000000014
decision_type=2 2 2 2 2 2 2 2 2 2 2 2 2 2 2 2 2 2 2 2 2 2 2 2 2 2 2 2 2 2
left_child=4 17 3 10 -1 -4 7 -7 -9 -8 11 12 16 18 15 -5 -3 -2 -13 20 22 23 -14 -22 -21 -26 27 -27 -29 -24
right_child=1 2 5 14 -6 6 9 8 -10 -11 -12 13 19 -15 -16 -17 -18 -19 -20 24 21 -23 29 -25 25 26 -28 28 -30 -31
leaf_value=0.070128172700497371 -0.037051492806918232 0.15877286141351546 0.01187525319757321 -0.013073843747984842 -0.04830506088957396 0.23781541094133921 -0.032721252464258853 0.17799421691458467 -0.051842614864497275 0.0078172664019178478 -0.045510958559720316 0.11513828902696042 -0.051623725897775523 -0.037499369812964506 -0.028262780078482704 0.12025417289335319 -0.0067331991477647185 0.25260222637602719 0.0034352006129141862 -0.030299291558175429 -0.050268208460227282 0.021839432014413459 0.14815579739268611 0.4283966927812502 0.28328259241381798 0.28202531237976525 -0.037823415608202161 0.0071357491054519512 0.36449798493478697 -0.051293878281913431
leaf_weight=1.1030265482841048 15.253919776354447 1.3422318804077806 311.24788208457176 5.5412196182878688 55.610622791282367 0.51578255835920472 18.821911565959454 0.42274394910782553 0.95141591655556113 17.034791548619978 4.3669827494886695 3.8513929520267984 2.6852811642456826 1.5762389879673717 35.114730524364859 1.8270584875717748 0.82982894685119646 0.16433151252567846 1.4103310173377392 15.298393877339551 0.11034494033083297 0.67100343637866899 1.4444105957518329 0.41336193727329373 0.29376295162364829 0.4495388024952266 3.4180883888620883 3.3080330160446461 0.24040788481943298 0.53177392610814411
leaf_count=275 11810 28 23547 134 62794 31 2157 22 117 985 649 69 1127 44 6294 33 51 10 19 1738 47 225 381 42 6 27 235 331 24 221
internal_value=-0.000504265 0.0052408 0.0066345 -0.00571867 -0.0460016 0.00963344 -0.00885186 0.0786178 0.018864 -0.0134622 0.00853812 0.0147701 0.00548478 0.0569146 -0.0198944 0.0199865 0.0955418 -0.0339643 0.0851978 -0.00129205 0.0400069 0.155846 0.010318 0.327542 -0.0118037 0.0248966 0.0146615 0.0595338 0.0313471 0.0944856
internal_weight=505.851 449.137 433.719 84.7244 56.7136 348.995 37.7466 1.88994 1.37416 35.8567 42.2414 37.8744 31.0365 6.83796 42.483 7.36828 2.17206 15.4183 5.26172 28.8644 5.85618 1.19471 4.66147 0.523707 23.0082 7.70983 7.41607 3.99798 3.54844 1.97618
internal_count=113473 50404 38584 11725 63069 26859 3312 170 139 3142 5264 4615 4483 132 6461 167 79 11820 88 4404 2043 314 1729 89 2361 623 617 382 355 602
is_linear=0
shrinkage=0.05


Tree=40
num_leaves=31
num_cat=0
split_feature=11 12 1 2 6 11 9 12 3 12 11 12 8 6 12 28 6 12 9 8 6 3 11 20 3 27 6 8 8 13
split_gain=50.1949 9.51274 8.57812 12.7059 8.22616 9.22435 8.52954 6.56339 7.04796 5.56545 6.97558 5.48982 5.19037 5.01637 4.91518 6.81911 7.48416 31.5302 47.8385 21.6931 13.0673 7.07024 5.88617 10.3948 6.49284 5.68585 5.72287 5.82821 11.0152 8.24974
threshold=0.0023551833508936204 -10.499999999999998 -0.0077156295040982648 -0.0023963774602371551 0.00029778167690935967 0.017268951338354099 2.2940539469893628 15.500000000000002 0.108796645291315 20.500000000000004 0.005082828182304368 48.500000000000007 0.62885107346433222 7.141632868767313e-05 76.500000000000014 0.84377541705964798 0.00052343243621104927 79.500000000000014 0.55907962331521899 0.30446041504118665 0.000506585612968527 -0.031876622495939699 0.005082828182304368 1.0000000180025095e-35 -0.031876622495939699 -0.0077671742346020383 0.0017448979599103654 0.82090948279624654 1.0435383295334839 55.500000000000007
decision_type=2 2 2 2 2 2 2 2 2 2 2 2 2 2 2 2 2 2 2 2 2 2 2 2 2 2 2 2 2 2
left_child=1 -1 3 -3 5 7 11 -2 9 10 12 -7 -9 -11 -6 16 17 18 -16 -19 -21 -17 23 25 -24 -18 27 -27 29 -29
right_child=4 2 -4 -5 14 6 -8 8 -10 13 -12 -13 -14 -15 15 21 22 19 -20 20 -22 -23 24 -25 -26 26 -28 28 -30 -31
leaf_value=0.041601692716359606 -0.034639609017182417 0.046212560696473844 -0.043602320623662962 0.7917710731351979 0.0068432033023350051 0.071303196437323538 -0.055844969463629102 0.11417834291477627 0.2155347882242846 0.0033516812449328158 0.2324327687707872 -0.0092780290577753697 -0.050658716931208762 -0.035759248339733679 1.1776232368656785 0.16093451687262628 -0.05206157470691563 1.2180908640294223 -0.050316386910842316 0.0050030656225379814 0.40904488384905396 -0.04286416565618105 -0.013224374664454794 0.32221277912036539 0.071379928363195649 -0.0051099131845977336 -0.017917076969007489 0.1059148367378072 -0.011040459045377603 0.43003372140070406
leaf_weight=3.6364692781935437 27.941863590443972 1.5147522351471705 74.780482461792417 0.059386078268288567 303.7472994060372 7.6800096703227592 2.3675937741063526 0.87866261182352845 0.36564557254314323 24.242338472802658 0.51081593241542567 2.9162164514418691 1.0461563215940257 12.387953162484335 0.16269725287565906 0.46342578344047058 3.5322257535881354 0.039410392928403204 0.15476697764825076 2.551117585448083 0.21714588510803867 5.209795646951533 2.9249546248465768 0.26283646142110129 10.092260954435913 4.2254658215679317 6.9243133841082445 3.6914976642583501 2.5161410699365661 0.20735062041785557
leaf_count=992 4044 638 78088 32 19966 178 32 77 5 3574 10 95 205 2325 21 13 337 8 40 427 24 495 37 12 171 666 453 385 423 27
internal_value=-0.00105714 -0.0374079 -0.0411708 0.0743396 0.00574841 -0.00866877 0.0299552 -0.0161007 -0.00296372 -0.00500881 0.0681784 0.0491262 0.0245879 -0.0098752 0.00908701 0.0248726 0.0326012 0.106683 0.57899 0.0532794 0.0366966 -0.0262166 0.0258666 0.00971513 0.0523694 0.00582189 0.0174621 0.0404852 0.0705181 0.123152
internal_weight=507.251 79.9911 76.3546 1.57414 427.26 80.3373 12.9638 67.3734 39.4316 39.0659 2.43563 10.5962 1.92482 36.6303 346.923 43.1754 37.5022 3.12514 0.317464 2.80767 2.76826 5.67322 34.377 21.3598 13.0172 21.097 17.5648 10.6405 6.41499 3.89885
internal_count=113800 79750 78758 670 34050 10545 305 10240 6196 6191 292 273 282 5899 23505 3539 3031 520 61 459 451 508 2511 2303 208 2291 1954 1501 835 412
is_linear=0
shrinkage=0.05


Tree=41
num_leaves=31
num_cat=0
split_feature=11 10 6 11 7 14 27 13 7 2 26 27 14 26 7 1 10 14 27 6 6 9 7 27 26 29 10 14 3 4
split_gain=47.3786 11.1836 8.27163 8.441 8.31007 8.00093 7.78877 6.50864 6.37724 7.01118 7.34251 9.90295 15.954 5.87033 10.3796 9.10999 8.76977 8.50215 8.34678 7.79045 12.0722 16.5086 24.4661 9.04893 7.72092 15.3177 13.9392 23.0781 9.30147 9.15582
threshold=0.0017340267050339343 0.0011172322399795966 0.00029778167690935967 0.017268951338354099 0.00023592440589396049 0.23291000312164237 0.031562852735248892 -109.49999999999999 0.001003004541650231 -0.049115504231136524 0.63696159733399449 -0.0049450099706789541 0.33999998640001822 1.823299900762289 0.0040443346279740106 0.0051985053074474208 0.011799799312665381 0.1417910438943257 -0.039783729538338149 0.00094842040869066991 0.0022313889389277983 1.713863829841046 0.0010405827263267997 0.012215211292371254 2.111108277728194 -1.9942291706552644 0.0036714614966521703 0.51633986791507247 -0.0056269998127345998 0.0042480855272346574
decision_type=2 2 2 2 2 2 2 2 2 2 2 2 2 2 2 2 2 2 2 2 2 2 2 2 2 2 2 2 2 2
left_child=6 -2 3 -3 7 -6 -1 -5 -4 10 11 12 -10 17 19 16 -16 18 -11 23 21 22 -21 -15 26 -26 27 -24 -29 -27
right_child=1 2 8 4 5 -7 -8 -9 9 13 -12 -13 -14 14 15 -17 -18 -19 -20 20 -22 -23 24 -25 25 29 -28 28 -30 -31
leaf_value=-0.048361935464298525 -0.050711184592846285 -0.015331823977601224 0.001029055637090673 0.17649741732826699 0.056068671670198661 -0.032271227829761197 0.11034928144948355 0.024244240707324075 -0.027911140150464489 0.20622420266586761 -0.046293581213346341 0.13072763083459935 0.17670051553647831 -0.047956405419157438 0.2312996220453116 0.045764121539474206 0.064046775060903102 0.005981977459940821 0.034957198749411597 0.38283154713354772 0.0010916850720593804 -0.022432485189284129 0.60449462365748474 0.042257244818707081 0.26629266267579699 0.12222176177247655 0.052837579901316871 0.34247475931336663 -0.051233750135217054 0.006011919148592856
leaf_weight=51.771573242731392 9.1011797976098006 72.703893043682911 156.27049875201192 1.4810782852582636 4.6583649904932809 5.6985339201055467 0.78474281542003055 1.334317203843965 8.5202454859390837 0.73787007667124527 9.2382053518667799 1.5619743382558251 1.0726147554814804 7.416674967564175 1.5555127162951961 7.6167318171355873 1.5797016993165014 106.33396554022329 19.828141870209947 0.678683126927356 15.39672303968109 4.3128554765135041 0.37921550020109795 4.445941727492027 0.78394540224689357 2.2778106309706381 1.4024635925889013 0.25348532269708812 0.367526909802109 6.6235025245696306
leaf_count=63080 5374 15171 19934 28 82 168 15 21 156 17 248 28 24 951 31 127 23 5905 850 33 407 186 20 209 38 260 46 15 39 314
internal_value=-0.00105097 0.00415577 0.0052791 -0.00865942 0.0281686 0.00746262 -0.0459921 0.104339 0.00861654 0.0144752 -0.0133258 0.0139773 -0.00503272 0.0175905 0.0312196 0.0752922 0.147028 0.0116737 0.0411019 0.0205322 0.033199 0.0621429 0.0907144 -0.0141456 0.0743133 0.0544102 0.154543 0.297149 0.109471 0.0357496
internal_weight=506.188 453.632 444.53 85.8762 13.1723 10.3569 52.5563 2.8154 358.654 202.384 20.393 11.1548 9.59286 181.991 55.0908 10.7519 3.13521 126.9 20.566 44.3388 32.4762 17.0795 12.7666 11.8626 12.0879 9.68526 2.40269 1.00023 0.621012 8.90131
internal_count=113800 50705 45331 15470 299 250 63095 49 29861 9927 456 208 180 9471 2699 181 54 6772 867 2518 1358 951 765 1160 732 612 120 74 54 574
is_linear=0
shrinkage=0.05


Tree=42
num_leaves=31
num_cat=0
split_feature=4 16 1 9 17 14 3 3 1 9 7 26 3 0 8 14 3 1 1 13 7 14 9 17 7 13 7 4 6 9
split_gain=42.2094 8.26399 7.7513 7.05131 6.14745 9.38144 12.3574 9.36192 21.0927 13.4579 6.18251 10.1385 7.85892 7.79099 7.65673 6.81955 6.44381 5.71242 14.3878 39.5531 9.08477 5.17132 4.70163 8.72116 7.05073 5.16122 5.98824 5.62514 7.84196 5.10604
threshold=0.0023414217644707751 1.0000000180025095e-35 -0.016456164137779724 0.51567794755634389 0.0050994008208104609 0.74509803312828626 0.013816165201482869 0.015342524525997841 0.0018649111881178639 0.70137564451160694 0.0033652555844584857 5.7932276355870256 0.061002879553248797 -0.00018809975184607878 1.664708366223943 0.8749998906250166 0.061002879553248797 -0.0077156295040982648 -0.008084748694633043 82.500000000000014 0.0017153209278754232 0.97222219521603659 2.1581471025017023 0.0024340579758633124 0.00040602267006389182 -109.49999999999999 0.00079631208132991749 0.0056438217060396341 0.00098542095629976147 4.207790643419302
decision_type=2 2 2 2 2 2 2 2 2 2 2 2 2 2 2 2 2 2 2 2 2 2 2 2 2 2 2 2 2 2
left_child=17 4 3 -3 5 -2 -7 8 -8 -10 14 13 -13 15 16 -12 -9 18 20 -20 -1 -15 23 25 -25 -18 -27 28 -28 -24
right_child=1 2 -4 -5 -6 6 7 10 9 -11 11 12 -14 21 -16 -17 22 -19 19 -21 -22 -23 29 24 -26 26 27 -29 -30 -31
leaf_value=-0.026301935721238942 0.010869286741602856 0.26222392098534369 -0.026460529053801998 0.015561013168784965 0.040769095107227683 -0.026192647472603182 0.55661437640757272 -0.015389424452595796 0.37950804029694418 -0.051271764470173564 0.0046941519326750194 0.17743834912625589 0.01685172683668873 -0.058012903803999982 -0.065885811076792394 0.11669817665854734 -0.035279092225638249 -0.040859972146992399 -0.050157053553283926 1.4345082169123831 0.47938338469704606 0.065929938798026055 -0.028045506053586768 0.22178566766267604 0.050016678249990724 -0.032178125497998838 0.022673903749737698 0.026081654943055685 0.19339626266993609 0.065326357322202031
leaf_weight=1.7055548111093233 267.28079522587359 0.29833752801641722 35.79672341333935 10.049247251008635 12.974290038691832 46.20438810082851 0.24649676436092605 23.906868783698883 0.23217184789245926 0.82750887313159183 3.1950451678130767 1.8969024404650547 1.2732773949392138 4.1402184180915347 4.4501653119223183 2.3649885249324143 2.9802924434188744 64.163930921815336 0.13442324294010077 0.067330348654650152 0.093695652787573525 1.0563007565215228 6.674583229236303 1.0684727681800716 1.3551397500559685 2.1351389419287461 1.1904090619646015 3.993136596865952 1.5464857378974555 1.8756164126098154
leaf_count=439 22063 9 7018 335 243 8604 27 2226 43 178 44 44 23 88 278 35 183 71413 74 21 6 19 106 20 24 79 46 63 33 16
internal_value=-0.00103691 0.00457392 -0.0154427 0.0226727 0.00692497 0.00576912 -0.0063358 0.00747966 0.140017 0.0431104 0.00482053 0.0343572 0.11294 0.0111972 -0.00321736 0.0523356 0.00275114 -0.0382655 0.0449277 0.445314 3.15388e-05 -0.0328189 0.0217563 0.0393248 0.125743 0.0216434 0.0407797 0.0639259 0.119141 -0.00756297
internal_weight=505.178 439.013 46.1443 10.3476 392.869 379.894 112.614 66.4092 1.30618 1.05968 65.103 13.9267 3.17018 10.7566 51.1763 5.56003 46.7261 66.1649 2.001 0.201754 1.79925 5.19652 22.8193 14.2691 2.42361 11.8455 8.86517 6.73003 2.73689 8.5502
internal_count=113800 41847 7362 344 34485 34242 12179 3575 248 221 3327 253 67 186 3074 79 2796 71953 540 95 445 107 570 448 44 404 221 142 79 122
is_linear=0
shrinkage=0.05


Tree=43
num_leaves=31
num_cat=0
split_feature=11 10 16 10 3 27 14 3 12 17 7 0 2 3 12 28 9 20 28 7 8 28 0 8 7 14 11 8 3 3
split_gain=42.7706 10.2848 7.29725 8.15681 8.50471 7.09918 5.84383 12.2929 10.5123 7.49772 21.2943 11.6927 17.3175 43.8814 10.377 6.86142 9.94986 6.95908 7.38668 6.68738 9.19043 6.59035 6.28307 9.49309 8.83855 15.4047 9.12891 6.19183 9.29861 11.5167
threshold=0.0017340267050339343 0.0011172322399795966 1.0000000180025095e-35 0.0038493370428680693 0.020607948002596545 0.031562852735248892 0.66977764426043496 0.0084627496746991892 107.50000000000001 0.00025240940606726026 0.00594327611710744 0.0021289298461990998 0.016814662521401177 0.034632413022721256 -2.4999999999999996 9.5897365689782337 2.0999582691889533 1.0000000180025095e-35 0.40932200020739368 0.0023558061145495129 1.968192245753176 -0.38762215846355547 -0.00033104950937193605 0.68601258448463676 0.0046410434177278732 0.59090906404961896 0.0052733321085543456 0.62443240520787269 0.027810133673369604 -0.015313455706768972
decision_type=2 2 2 2 2 2 2 2 2 2 2 2 2 2 2 2 2 2 2 2 2 2 2 2 2 2 2 2 2 2
left_child=5 -2 6 -4 -5 -1 22 8 15 19 11 12 13 14 -11 17 -17 -8 -19 -9 21 -21 23 27 -24 26 -26 -3 29 -29
right_child=1 2 3 4 -6 -7 7 9 -10 10 -12 -13 -14 -15 -16 16 -18 18 -20 20 -22 -23 24 -25 25 -27 -28 28 -30 -31
leaf_value=-0.048194610578529806 -0.050702732281252917 0.026829007344001961 -0.044507529884824995 0.019418395207122633 -0.037387046811383946 0.10108303577304789 -0.031149998027515981 -0.010469949895041452 0.052209114267604384 0.69164803364227811 0.36397986928319603 0.016940624377934435 -0.051939455031002141 0.78121708961319913 0.049249539051665202 0.2743084893240425 -0.0076289924030247622 -0.051006272540459689 0.23270347454103876 0.075353157497011769 0.18674250308497281 0.0050178795136704944 -0.0014254505470762679 0.0096820909834885224 0.15958361884517491 0.22907143935759638 0.0069931475624793711 0.10153079964561303 0.13617411248434799 -0.019258074401625594
leaf_weight=47.619410913204774 8.5174099931027722 32.742412320105359 14.962739624432286 20.024329387932088 9.8203959953971189 0.8099978044629087 50.049152441206388 44.095672485767864 4.7343933118972918 0.067384190275333822 0.47512748092412849 25.047778775682673 0.73993309179786582 0.30027068720664818 0.9371958491392498 0.45851497352123149 0.98559253674466163 0.41216452163644035 0.51746273424942046 3.9600291706156048 0.81584671209566195 20.948100469948258 102.5596579775447 91.111061195319053 1.124219560995696 1.051423601573332 7.6500164410099387 3.8216917810495943 3.5929962249938399 4.0803238729713467
leaf_count=63080 5374 2643 4938 1030 379 15 8436 3971 763 17 6 1359 63 40 224 29 44 69 38 103 23 505 11511 8143 25 21 146 189 114 502
internal_value=-0.00102419 0.0037245 0.00476139 -0.0143786 0.000726585 -0.0456979 0.00689329 -0.000736653 -0.0191437 0.0100666 0.0321452 0.0263258 0.14129 0.250863 0.0923397 -0.0255877 0.0818883 -0.0286323 0.106916 0.00134904 0.021609 0.0162002 0.0116531 0.018909 0.00291463 0.0482162 0.0265442 0.0379127 0.0694835 0.0391597
internal_weight=504.033 455.603 447.086 44.8075 29.8447 48.4294 402.278 154.545 57.1573 97.3873 27.5677 27.0926 2.04478 1.30485 1.00458 52.4229 1.44411 50.9788 0.929627 69.8196 25.724 24.9081 247.734 135.348 112.385 9.82566 8.77424 44.2374 11.495 7.90202
internal_count=113800 50705 45331 6347 1409 63095 38984 15690 9379 6311 1709 1703 344 281 241 8616 73 8543 107 4602 631 608 23294 11591 11703 192 171 3448 805 691
is_linear=0
shrinkage=0.05


Tree=44
num_leaves=31
num_cat=0
split_feature=10 6 5 4 8 7 2 10 6 4 4 10 5 2 4 9 10 26 14 29 26 7 6 13 6 0 7 7 6 14
split_gain=38.3561 8.85312 6.66848 6.4931 6.10203 5.56851 6.99275 6.64078 6.56188 6.45514 17.389 6.43878 10.1841 48.9134 6.40851 6.36352 6.22374 5.67786 7.29456 5.42012 6.5981 6.35751 18.6181 35.7605 8.55139 5.73741 7.13274 14.6878 15.6975 6.27407
threshold=0.0012526947682379201 0.00030507569735110365 0.0048159973383080489 0.0049946059485616286 0.80607680048842434 0.001003004541650231 -0.049115504231136524 0.0040421363791100957 0.00035772842482233728 0.0024371261227167326 0.0023414217644707751 0.00128044407548926 0.00018050092128896826 0.0039151781625669695 0.0033402927827358019 1.0712972054425642 0.0057293068750676199 0.63696159733399449 0.36341744487418909 -9.4861661135693947 5.2452431391389958 6.5242211780437015e-05 0.00075626811270288472 -109.49999999999999 0.00067856800268488655 -0.006879782878604134 0.000390001096404198 0.00081357311164240089 0.0019779398530117391 0.96861766483633061
decision_type=2 2 2 2 2 2 2 2 2 2 2 2 2 2 2 2 2 2 2 2 2 2 2 2 2 2 2 2 2 2
left_child=3 2 -2 -1 -5 7 17 11 15 10 -10 12 13 -3 -14 16 -9 18 -7 25 21 22 23 -21 -25 -11 29 28 -28 -27
right_child=1 5 -4 4 -6 6 -8 8 9 19 -12 -13 14 -15 -16 -17 -18 -19 -20 20 -22 -23 -24 24 -26 26 27 -29 -30 -31
leaf_value=-0.049015942380296086 -0.021283279073930891 -0.050042197745214602 0.0063518099194791247 0.10585523744569876 -0.053176662478625285 -0.0076057668665918954 0.015343529040501472 0.047554655830339923 0.025962326304881569 -0.06494908148442706 0.45314780137254573 -0.011909310011916155 -0.05014102201939237 3.1817894985589281 0.24134748800581729 -0.051177612954866558 0.29279221134957711 -0.04535424883368306 0.11140197409501612 0.53480008617676134 -0.050452662933945285 -0.0050883011792787949 0.012981073675846985 -0.050969251125562103 0.19366557740240042 -0.011218600289791898 0.034052196729425693 0.015977495225931268 0.37951798014178606 0.10898800986097744
leaf_weight=43.503675518266391 56.039881125267129 0.048130720912012204 35.759014246868901 1.3499854070832946 1.0903514113742856 9.8870868021622318 185.30355495284311 0.47576597763690986 1.1977607365697611 1.1237177066504944 0.29736449592746783 78.30277388606919 0.43012313189683482 0.015470938989892602 0.33575297804782167 0.41204331698827434 0.56707941694185138 8.9468052703887206 1.4804234118200827 0.51121241785585891 5.6939122761832541 42.549278953461908 17.689033221220598 0.86932553281076475 0.60640980955213308 3.9954955657012743 0.55533309606835268 1.6251649796031413 0.8061608113348484 1.490430432371795
leaf_count=54316 22281 62 1676 22 142 174 9702 31 178 20 31 21513 414 15 39 32 16 245 33 30 248 1694 603 72 28 102 18 29 23 11
internal_value=-0.00101572 0.00336223 -0.0105184 -0.0445641 0.0347992 0.0068512 0.0122906 -0.000156608 0.00995774 0.0080202 0.110925 -0.0104414 0.128132 0.736092 0.0776448 0.11518 0.18091 -0.0155581 0.00789295 0.00603536 0.0010656 0.00577976 0.0292819 0.174402 0.0495562 0.0412096 0.0552894 0.117465 0.238608 0.0214394
internal_weight=502.959 457.015 91.7989 45.944 2.44034 365.216 205.618 159.598 80.4655 79.0106 1.49513 79.1323 0.829478 0.0636017 0.765876 1.45489 1.04285 20.3143 11.3675 77.5155 67.9192 62.2253 19.676 1.98695 1.47574 9.5963 8.47258 2.98666 1.36149 5.48593
internal_count=113800 59320 23957 54480 164 35363 10154 25209 3166 3087 209 22043 530 77 453 79 47 452 207 2878 2675 2427 733 130 100 203 183 70 41 113
is_linear=0
shrinkage=0.05


Tree=45
num_leaves=31
num_cat=0
split_feature=11 4 10 8 2 3 26 27 27 27 27 9 0 11 10 13 2 3 1 3 4 11 10 0 0 9 11 29 2 27
split_gain=38.3591 7.44031 7.42035 5.33826 4.76976 9.28116 8.71931 10.6367 6.70596 11.0561 6.60758 8.58473 6.49098 6.43713 13.6601 6.31147 6.00051 10.5328 9.33599 15.1057 11.8389 54.9228 18.7165 21.531 10.9989 13.168 21.6758 18.1213 13.0843 9.94413
threshold=0.0026359450181454827 0.0019099563179012342 0.0014186104921549635 0.25317131995943015 -0.0089099988835689304 -0.024544623698853716 0.96806118239196481 0.031562852735248892 0.0063306618450391676 0.0043998772885092052 -0.039783729538338149 0.92640140458661924 0.00032108373452000315 0.0039429844313947403 0.0049315557320468344 -126.49999999999999 -0.0016201411839995882 0.00094817361170149823 -0.00038374586165012035 0.0051221108081374927 0.0025225299468021258 0.013077665843754907 0.003376249333363121 0.0027986268123012521 0.0019211769066386764 0.90168530620656739 0.0099145437274916742 0.012998860031806893 -0.0039486972429502868 -0.0024282933592101306
decision_type=2 2 2 2 2 2 2 2 2 2 2 2 2 2 2 2 2 2 2 2 2 2 2 2 2 2 2 2 2 2
left_child=1 -1 3 -2 5 6 7 8 9 15 11 -8 -13 14 -12 -4 18 -18 -6 20 21 22 23 -20 25 28 27 -27 -22 -29
right_child=2 -3 4 -5 16 -7 10 -9 -10 -11 13 12 -14 -15 -16 -17 17 -19 19 -21 24 -23 -24 -25 -26 26 -28 29 -30 -31
leaf_value=-0.048727940016323551 0.24673901814864529 -0.017638786239777837 0.11572194096170202 -0.03941788004889904 0.0097357700749549844 -0.019747854368481251 0.15391662117138408 0.20027900075802824 -0.048035416654492596 0.21094199799106106 -0.050808321282980788 -0.0848673287648187 0.074353333585433681 -0.02864783096432047 0.49892260759784507 0.014839820493511485 -0.015590658089947926 0.011809748784428427 -0.050171314379157395 -0.016648344645941962 0.12561087647059554 1.8162270948510075 0.68590212385577964 1.1123470308870498 0.0044108553448337388 -0.050624846012773644 0.52953891844200518 0.083144796844388413 -0.020439617604813564 0.42233635992752855
leaf_weight=38.142666823929176 0.16545557044446368 38.842832082649693 1.5943792118923727 10.887448146473615 34.767347793327644 45.4265839853324 1.2403611629270046 0.79208552790805598 3.8490100265480569 0.74917674087919195 0.30036199919414031 1.2979338055010887 1.2629664717242119 23.682127323234454 0.18116149818524718 56.198671104037203 43.419817075249739 182.43749414628837 0.54532225592993455 5.482050310005433 3.8625583237735546 0.053556061815470457 0.13583280390594155 0.042967849178239703 4.236816684366203 0.75230381498113297 0.42809366574510921 0.36753517319448292 2.5431830964516839 0.52436546061653644
leaf_count=56801 35 27237 26 3317 3361 3375 16 39 144 27 37 36 28 1081 11 2038 4169 9782 250 538 291 7 37 7 354 100 15 26 187 32
internal_value=-0.000554038 -0.033042 0.00530023 -0.0351343 0.0063741 -0.00128474 0.00791693 0.0182052 0.0158937 0.0200969 -0.0153282 0.0459494 -0.00634402 -0.024968 0.156015 0.0176229 0.0101152 0.00654217 0.0251313 0.0533406 0.0817773 0.271158 0.156884 0.0347373 0.0701943 0.103069 0.212626 0.130113 0.0676265 0.282562
internal_weight=504.212 76.9855 427.227 11.0529 416.174 136.575 91.1482 63.1833 62.3912 58.5422 27.9649 3.80126 2.5609 24.1637 0.481523 57.7931 279.599 225.857 53.7419 18.9746 13.4925 0.777679 0.724123 0.58829 12.7149 8.47804 2.0723 1.6442 6.40574 0.891901
internal_count=113404 84038 29366 3352 26014 6858 3483 2274 2235 2091 1209 80 64 1129 48 2064 19156 13951 5205 1844 1306 301 294 257 1005 651 173 158 478 58
is_linear=0
shrinkage=0.05


Tree=46
num_leaves=31
num_cat=0
split_feature=11 12 1 12 13 5 0 10 5 13 0 0 14 1 2 6 10 13 29 2 15 8 10 29 10 7 12 11 28 9
split_gain=35.5541 7.8268 7.43932 10.2751 14.5053 9.0576 6.96324 6.84446 6.5449 5.85938 6.14793 14.0258 4.61165 11.4506 9.91796 8.38584 7.72538 11.4597 19.4797 7.7011 9.41236 6.75011 7.62251 11.3238 7.78116 6.49418 15.1349 11.1131 9.45787 23.6546
threshold=0.0026359450181454827 24.500000000000004 -0.0065612376651661948 58.500000000000007 83.500000000000014 0.0031574809369297632 0.0023097497670432426 0.0014186104921549635 0.00028727967664352066 116.50000000000001 -0.00056720878744048059 -0.00052356020942407255 0.66977764426043496 0.00037895521935988637 -0.0060606060606061395 0.0013730675799508677 0.0016673830188575704 78.500000000000014 0.0842378907397522 -0.005510468243852918 1.0000000180025095e-35 1.2761600419258852 0.0016933542763984714 0.065538674608096828 0.0026775983426782645 4.6549827738685507e-05 -5.4999999999999991 0.013830089269777177 -0.14045777633966886 0.90659692242327383
decision_type=2 2 2 2 2 2 2 2 2 2 2 2 2 2 2 2 2 2 2 2 2 2 2 2 2 2 2 2 2 2
left_child=1 9 3 4 5 8 -6 -2 -3 10 -1 -12 13 -9 -14 19 17 -15 -19 20 -16 22 23 -17 -24 26 27 -18 29 -28
right_child=7 2 -4 -5 6 -7 -8 12 -10 -11 11 -13 14 16 15 21 25 18 -20 -21 -22 -23 24 -25 -26 -27 28 -29 -30 -31
leaf_value=-0.037058464614576209 -0.034525561037661037 0.55440565175984369 -0.044154144368423583 -0.050109221763174894 0.004950826090385687 0.78681535821275461 0.44518508096815446 0.0037572375355150091 -0.050108846904163708 -0.050109567325024806 0.47204635085955293 0.035277964060760919 -0.034695003613614696 0.019315566170194715 0.30757788821327403 0.40141025631920302 0.10975267023591216 0.72998822824203902 0.095325131629995785 -0.011801791125729919 -0.053327920205941431 -0.0085677533446077685 -0.051681590804057202 0.051167084899059981 0.029453316679038579 0.019487693618397597 0.012412257876721124 0.37584787937794151 -0.052076872669574517 0.31877816442019768
leaf_weight=3.1480346424505106 10.702688917401245 0.082197797310072263 57.563905854942277 1.460872604686301 0.86974583851406351 0.11912757507525384 0.1001668501412496 205.02662056067493 0.098343717691022903 4.0371656286297357 0.18886181368725274 6.8698278807569295 19.266510518267751 0.69419382594060042 0.41642773407511313 0.33110833261161932 1.2253495532786471 0.19180629553738981 0.32706396118737757 58.129700948484242 0.31907857907935977 19.142370730172843 3.1840817718766621 0.76160040579270571 41.087362223304808 61.778381801326759 2.9348080689087515 0.57720309868454922 2.2220921199768773 0.80228615482337762
leaf_count=1609 3352 11 73634 1019 315 12 4 12788 68 3976 52 3338 1402 160 40 32 89 19 34 5527 23 584 313 36 1149 3280 281 10 211 36
internal_value=-0.000579348 -0.0324541 -0.0403291 0.040312 0.144357 0.448409 0.0504156 0.00495729 0.225117 0.000880596 0.0210492 0.0469641 0.00596722 0.00974234 -0.00133166 0.00387857 0.0270858 0.152179 0.329936 -0.00976751 0.151009 0.0163313 0.0268379 0.157296 0.0236179 0.0249037 0.0680112 0.19496 0.0296113 0.0781834
internal_weight=503.659 74.5383 60.2944 2.73045 1.26958 0.299669 0.969913 429.121 0.180542 14.2439 10.2067 7.05869 418.418 275.78 142.638 123.372 70.7532 1.21306 0.51887 58.8652 0.735506 64.5065 45.3642 1.09271 44.2714 69.5401 7.76174 1.80255 5.95919 3.73709
internal_count=113404 84038 75063 1429 410 91 319 29366 79 8975 4999 3390 26014 16908 9106 7704 4120 213 53 5590 63 2114 1530 68 1462 3907 627 99 528 317
is_linear=0
shrinkage=0.05


Tree=47
num_leaves=31
num_cat=0
split_feature=11 4 4 9 14 17 9 3 11 2 12 2 7 13 1 4 12 1 7 7 7 4 7 28 2 9 29 29 6 14
split_gain=33.315 7.50491 5.97881 6.81277 7.13186 6.79262 14.2671 11.4178 10.497 28.4975 7.04125 13.4699 6.49579 10.3409 14.4702 11.1382 19.5297 42.9005 9.05563 13.8034 9.14587 10.257 38.7302 9.12945 19.6055 13.2913 15.1597 14.4905 9.24247 7.84681
threshold=0.0017340267050339343 0.0049946059485616286 0.0060594318977559578 1.688195466679862 0.81395345051380741 0.0018192493305025533 1.2378677433927727 0.068268635994228902 0.0018795218615757475 0.0045865478354373511 67.500000000000014 0.0086417294463807543 0.001026906253359549 53.500000000000007 0.00093876720135249541 0.0022315395593517778 70.500000000000014 -0.00029629492261216446 0.0025609287681636777 0.001434748047149276 0.0011124078448567071 0.0029091039691000564 0.0010679729434361284 -0.039855314608030983 0.0029490234109433959 0.62648924608211887 -0.42740836437305446 -0.18353037188478896 0.00095965940932051148 0.5637292031102682
decision_type=2 2 2 2 2 2 2 2 2 2 2 2 2 2 2 2 2 2 2 2 2 2 2 2 2 2 2 2 2 2
left_child=1 -1 3 4 12 -6 8 10 9 -7 -8 -12 -2 -14 15 16 -15 -18 19 20 21 22 -16 29 25 -25 -27 -28 -26 -21
right_child=2 -3 -4 -5 5 6 7 -9 -10 -11 11 -13 13 14 18 -17 17 -19 -20 23 -22 -23 -24 24 28 26 27 -29 -30 -31
leaf_value=-0.047600470746464785 -0.0040917529466440146 0.070015609861624611 0.0085320522134402013 -0.028065650568343665 -0.029287225899881572 -0.050093356781413384 0.035646426726863176 0.60736667296939073 -0.032256115920500671 1.9516494299725169 -0.050491397926738124 0.69544264053417049 -0.0061503809647872705 0.089503267544152026 1.4151725118353045 0.0018852490291602247 -0.050084318445239209 1.8241595042892826 -0.0049858744312235234 -0.016785804388242166 -0.051634052967853172 0.053375915082801331 -0.050342185276966059 0.75259425332786334 -0.0515411533171517 -0.050643573785664746 0.69601793243354315 0.21363610919705622 0.17464365114106606 0.1247970310290812
leaf_weight=39.912002097757068 89.79402472282527 1.4039983798284073 248.44103259779513 23.85005386127159 28.722093363991007 0.061695108714047708 0.55471008754102502 0.15166106540709734 2.6884730565361679 0.02497856057016179 0.11056371516315266 0.13371303235180676 28.822208623634651 1.0513833615114005 0.068231896264477898 22.723819797567558 0.071416670165490359 0.053331787989009061 2.9503118774737223 1.3563518016599099 2.2046898269327357 0.93814274563919753 0.132879629265517 0.18649161147186555 0.64392770000267807 0.24036405893275514 0.26729490602156147 0.37284250068478286 1.5125426239101214 3.5139428184484132
leaf_count=63081 23334 153 7032 3263 7747 45 94 5 597 20 38 15 3295 407 29 2831 64 21 144 126 423 81 45 20 99 39 22 32 60 242
internal_value=-0.000588856 -0.0436036 0.00326087 -0.00288156 0.000290534 -0.0210478 0.0424698 0.209641 -0.0147959 0.526791 0.134146 0.35782 0.00470332 0.0164712 0.0335001 0.00965069 0.159685 0.751182 0.0731165 0.0932627 0.00780743 0.122839 0.446869 0.128569 0.193842 0.369144 0.287929 0.415059 0.107104 0.0853669
internal_weight=502.959 41.316 461.643 213.202 189.352 32.4479 3.72579 0.950648 2.77515 0.0866737 0.798987 0.244277 156.904 67.1102 38.288 23.9 1.17613 0.124748 14.388 11.4377 3.34394 1.13925 0.201112 8.09376 3.22346 1.06699 0.880501 0.640137 2.15647 4.87029
internal_count=113404 63234 50170 43138 39875 8561 814 152 662 65 147 53 31314 7980 4685 3323 492 85 1362 1218 578 155 74 640 272 113 93 54 159 368
is_linear=0
shrinkage=0.05


Tree=48
num_leaves=31
num_cat=0
split_feature=11 12 1 12 26 6 10 13 0 0 14 14 11 11 27 8 12 12 26 27 11 9 14 3 1 17 1 6 8 10
split_gain=31.4102 6.13477 8.92282 9.37601 7.60875 6.55437 5.98291 5.0405 5.8908 19.3896 4.63963 22.9611 5.98887 8.18708 4.85574 4.32945 3.99183 11.5107 5.10774 5.12308 7.89781 4.64774 4.3188 13.5482 10.0582 7.97456 6.57824 6.91614 8.32433 6.34301
threshold=0.0026682526865338283 24.500000000000004 -0.0065612376651661948 58.500000000000007 0.15328400061416986 0.00069383128366392102 0.0014186104921549635 116.50000000000001 -0.00056720878744048059 -0.00053841003377982195 0.73237480231970331 0.72733473904973056 0.0020966054728831043 0.0019760329650318083 0.0038104697081461944 0.25317131995943015 107.50000000000001 114.50000000000001 2.111108277728194 -0.0044956332590763105 0.0052733321085543456 0.49172370307536767 0.66977764426043496 0.0018911922641170252 -0.00084031755199095645 0.0056377383047165382 -0.0038508377987013873 0.0035795049841966979 0.95339365071893478 0.0016796564232101098
decision_type=2 2 2 2 2 2 2 2 2 2 2 2 2 2 2 2 2 2 2 2 2 2 2 2 2 2 2 2 2 2
left_child=1 7 3 4 -3 -6 15 8 -1 -10 11 12 13 14 -11 -2 22 18 19 20 -18 -19 24 25 26 -24 -8 -28 -29 -26
right_child=6 2 -4 -5 5 -7 16 -9 9 10 -12 -13 -14 -15 -16 -17 17 21 -20 -21 -22 -23 23 -25 29 -27 27 28 -30 -31
leaf_value=-0.039759447056391797 0.19991310935217566 -0.050619925559865109 -0.042998322699818237 -0.050109992198635427 0.24394358440944189 -0.050466713019888212 0.0057429898504019628 -0.050118131274095146 1.0865419312937872 -0.024083405678250892 -0.019220154598854722 0.7214321272222548 -0.050708432711229413 0.20352300738791285 0.11773980358282748 -0.038036100526626183 -0.054169799886319085 0.060968794550341487 -0.051578612812459637 0.11849669172643867 0.13495448195925763 -0.035561125014183487 -0.034031269667655871 0.0068551051089261877 0.10721013666876503 0.069041037751046197 -0.027550617159045374 0.15163398215905954 -0.051803351675224575 0.02051905339819235
leaf_weight=3.3621041791047892 0.19491509557701547 0.45681966695701648 54.892002719687298 1.435222224681638 0.9997204227838663 0.2331290659494698 157.58058674447238 4.0370516162365666 0.043985273281576975 1.5447834241786047 2.6690663107438013 0.12884477310581122 1.2150887054740449 0.94850743171991769 0.99052001966629166 9.9309725658968073 1.2973639355041089 1.6033477797172961 0.72760875697713334 4.5281471550697443 0.96084953844547261 5.6102230148389935 35.099580990849063 100.1931999635417 2.1674481732770792 1.9825552105903614 25.976419419515882 1.2139255302026861 0.85841417312622059 79.635183325619437
leaf_count=1631 35 210 73894 1037 150 75 7703 4040 30 1338 1439 19 436 105 72 3234 82 50 63 135 6 374 3445 5259 350 41 3276 36 34 4805
internal_value=-0.000629699 -0.0309623 -0.0383198 0.043863 0.123685 0.188271 0.004522 -0.00239039 0.0152819 0.0398224 0.0336811 0.0629281 0.0448717 0.0782083 0.0313256 -0.0334558 0.00543885 0.0310088 0.0743195 0.0878178 0.0263009 -0.0141056 0.00450835 -0.00270093 0.00820894 -0.0285206 0.00177192 -0.0205379 0.0673652 0.022816
internal_weight=502.518 72.9568 58.0169 3.12489 1.68967 1.23285 429.561 14.94 10.9029 7.5408 7.49681 4.82774 4.6989 3.48381 2.5353 10.1259 419.435 14.7275 7.51397 6.78636 2.25821 7.21357 404.707 137.275 267.432 37.0821 185.629 28.0488 2.07234 81.8026
internal_count=113404 84476 75366 1472 435 225 28928 9110 5070 3439 3409 1970 1951 1515 1410 3269 25659 710 286 223 88 424 24949 8745 16204 3486 11049 3346 70 5155
is_linear=0
shrinkage=0.05


Tree=49
num_leaves=31
num_cat=0
split_feature=11 10 13 6 4 8 2 7 12 10 7 5 26 17 28 2 27 5 6 9 7 10 10 10 11 27 10 11 13 3
split_gain=29.7365 8.0733 7.21762 6.92352 6.85338 5.73957 40.8089 5.57533 7.85032 30.6607 8.3146 27.2687 22.753 9.96842 5.67621 5.08168 20.1074 29.3885 5.03758 4.83486 4.3856 4.04452 7.50627 20.0327 4.63844 3.81589 3.78848 10.5315 6.66304 7.59638
threshold=0.0017340267050339343 0.002578010993446372 60.500000000000007 0.0056066706535450907 0.0049946059485616286 0.17562569469046893 -0.0043053670440190211 0.0010405827263267997 64.500000000000014 0.0025144057918720397 0.001160948505653341 0.00011349102776718477 0.18913328838417545 0.002295289663774396 -0.89638018736241665 0.024974306662908903 0.0029748331351282646 0.0022410557864587905 1.0000000180025095e-35 0.55907962331521899 0.00594327611710744 0.00154581219893532 0.0014186104921549635 0.001438782590654017 0.001745921867631768 0.046647681322530998 0.0027893366368255293 0.022863540282844905 114.50000000000001 0.0022529153496351085
decision_type=2 2 2 2 2 2 2 2 2 2 2 2 2 2 2 2 2 2 2 2 2 2 2 2 2 2 2 2 2 2
left_child=4 2 20 5 -1 6 -4 15 14 10 11 -10 -13 18 -9 25 17 -17 19 -12 -2 22 -16 -24 -23 -7 27 28 -3 -30
right_child=1 26 3 -5 -6 7 -8 8 9 -11 13 12 -14 -15 21 16 -18 -19 -20 -21 -22 24 23 -25 -26 -27 -28 -29 29 -31
leaf_value=-0.047363503833483811 -0.029297648366538215 0.0095821951030865323 2.3700191579316168 0.22038349389481326 0.063875051513105061 -0.022058912398507959 -0.050283270219056514 0.3406240463417442 1.86409853571767 0.97467988936271588 0.25790124725812674 1.2996239415632109 -0.050277952880254842 0.57849362899916279 -0.001224580336885219 1.3737605162708153 0.00035817491303829509 -0.050507109972689757 -0.050389158568214291 -0.050448569964523182 0.21545676890571258 0.26152088209668684 0.53468104291114427 0.057777022680664869 -0.013123710692220784 0.20609894103142096 0.0048942119615493001 0.26208033426227073 0.159280270395393 -0.051032441085468894
leaf_weight=36.558903907367494 35.943829631316476 13.672290029237045 0.020659873844124377 0.35893830261193116 1.4391366500640277 25.27791118394817 0.11093286221148346 0.12727990176063642 0.026117290370166191 0.09751107107149426 0.31688347458839405 0.037022662523668259 0.19902267336146906 0.079268079483881482 3.4989611826022182 0.070229047094470753 0.81705601955763996 0.074789599748328328 1.2258815937093457 0.21229434834094718 0.18396066781133313 0.15563318628119205 0.25504813896259282 1.6116313624661414 12.597292654274495 0.18459703016560425 363.5526077268878 0.47265784488990981 1.6144525425625045 0.58490666333818797
leaf_count=63081 14112 2287 14 9 153 11940 61 6 9 17 28 9 78 8 879 29 90 11 366 75 5 11 32 185 1897 6 17751 19 139 97
internal_value=-0.000627837 0.0028591 -0.0112196 0.00162167 -0.0431505 -4.91531e-05 0.329701 -0.000975073 0.0186336 0.107993 0.0676817 0.33107 0.161448 0.0300381 0.00788851 -0.0161427 0.096659 0.639231 0.0052668 0.134198 -0.0280514 0.0055511 0.0419707 0.122937 -0.00977202 -0.0204048 0.0059529 0.0295018 0.0225756 0.103349
internal_weight=501.378 463.38 83.4828 47.355 37.998 46.996 0.131593 46.8644 20.4398 2.194 2.09649 0.262163 0.236045 1.83433 18.2458 26.4246 0.962075 0.145019 1.75506 0.529178 36.1278 18.1186 5.36564 1.86668 12.7529 25.4625 379.897 16.3443 15.8716 2.19936
internal_count=113404 50170 29877 15760 63234 15751 75 15676 3600 590 573 96 87 477 3010 12076 130 40 469 103 14117 3004 1096 217 1908 11946 20293 2542 2523 236
is_linear=0
shrinkage=0.05


Tree=50
num_leaves=31
num_cat=0
split_feature=6 2 3 26 13 7 13 8 1 2 5 27 7 14 13 14 7 5 3 26 27 13 28 26 12 27 8 3 14 17
split_gain=11.0309 9.53313 11.2272 7.09418 6.32267 8.22317 11.6655 8.6646 6.24526 6.20162 6.30294 5.88424 6.09517 5.79317 5.40756 8.65684 4.89452 4.48111 4.45706 6.36075 4.37916 4.31591 13.9453 15.1572 7.63467 11.795 8.51222 6.02036 6.5303 6.18709
threshold=0.00039453223727576014 -0.06985492413203935 0.016144024891795908 3.9482669272069404 -107.49999999999999 1.654133164970857e-05 81.500000000000014 1.2603863080956579 -0.0063178922079785314 -0.017657749434802691 1.0000000180025095e-35 0.014361848404779765 0.0040443346279740106 0.5213647273890728 -109.49999999999999 0.70235190795010449 0.00594327611710744 0.00012492452612011403 0.002538339521555182 1.0000000180025095e-35 0.0065358869415206812 109.50000000000001 -0.79594481444816034 0.31182241184989384 12.500000000000002 -0.013436258626689571 1.0961826742561995 -0.00027042737205355805 0.85219595310351004 0.0010963071872160106
decision_type=2 2 2 2 2 2 2 2 2 2 2 2 2 2 2 2 2 2 2 2 2 2 2 2 2 2 2 2 2 2
left_child=1 -1 8 9 16 6 -6 13 14 -4 -11 12 17 -7 -3 18 -5 -12 -16 -20 -14 -2 23 -23 -24 26 -26 -27 29 -29
right_child=21 2 3 4 5 7 -8 -9 -10 10 11 -13 20 -15 15 -17 -18 -19 19 -21 -22 22 24 -25 25 27 -28 28 -30 -31
leaf_value=0.058598218472648546 -3.5952188149673031e-05 -0.049935101049017085 0.109986945019664 -0.051535481832523461 0.3850151892880096 0.31369055459209821 -0.051935136650743487 0.13226511830025939 -0.035929736294839913 0.33990681693805636 0.248143083430166 -0.052036271042397386 0.017235667337044323 -0.020588779534628399 -0.0051882074275313439 0.27127467672829625 0.22443742449720402 -0.012203490695544049 0.29439532260647255 0.036566062292701651 0.14489345793925346 0.74008997522487974 -0.020614352128436819 0.12978483622733672 0.34459434180876031 -0.0059124751864781024 0.049551679566219531 0.047440177890762901 -0.05213138356871231 0.16434894083035689
leaf_weight=4.1943678213283411 337.71873020956991 5.2320538016501841 1.1079181273235033 1.8222324381931683 0.45601859997259353 0.13634536694735322 0.22968672087881714 2.0169167930143885 63.211390670272522 0.12757169600809248 0.16690413525794667 6.9374812468886367 1.6156861926428967 2.6235609137802385 15.433767056092625 0.30678511271253128 0.17619847506284703 16.992430500918999 0.28740743227535759 1.4265312053612431 1.1499285250902174 0.12627486319979553 10.4388206996955 0.52346415183274075 0.5028415340930249 9.3804703537025542 0.47576033393852413 8.1331459007924369 1.3964733926113684 1.3146297769853834
leaf_count=81 43201 423 30 251 42 9 32 93 59535 30 39 427 29 257 1897 16 2 2072 41 144 19 18 1645 68 23 1775 24 1145 308 79
internal_value=-0.00271283 -0.0155127 -0.018072 0.00555516 0.048895 0.076735 0.238652 0.0534921 -0.0278529 -0.00595304 -0.0107123 -0.0123774 0.00143105 -0.00407465 -0.00534853 0.00801647 -0.0272034 -0.00967117 0.00330659 0.079801 0.0703151 0.00163386 0.0190973 0.248396 0.0143889 0.0316217 0.201155 0.0234186 0.0487905 0.0637077
internal_weight=495.662 125.651 121.457 35.5589 7.46096 5.46253 0.685705 4.77682 85.8979 28.0979 26.99 26.8624 19.9249 2.75991 22.6865 17.4545 1.99843 17.1593 17.1477 1.71394 2.76561 370.011 32.2919 0.649739 31.6421 21.2033 0.978602 20.2247 10.8442 9.44778
internal_count=113755 65469 65388 3332 686 433 74 359 62056 2646 2616 2586 2159 266 2521 2098 253 2111 2082 185 48 48286 5085 86 4999 3354 47 3307 1532 1224
is_linear=0
shrinkage=0.05


Tree=51
num_leaves=31
num_cat=0
split_feature=4 16 10 17 0 3 0 13 4 10 0 13 3 29 3 7 5 7 1 29 8 10 8 6 10 13 6 10 9 5
split_gain=22.5528 6.41765 9.84245 6.50711 6.77589 7.55665 6.22059 10.4646 6.40406 6.16573 6.94399 12.7825 10.2723 7.38639 6.19659 6.87794 6.85367 5.95873 6.16027 5.85933 5.27818 16.1786 7.47855 5.29112 5.23308 11.7828 27.4056 6.59728 59.3423 5.72592
threshold=0.0020308692120227308 1.0000000180025095e-35 0.0044198572196562777 0.0050994008208104609 -0.00022170491348809843 0.108796645291315 -0.00061342036852035024 -108.49999999999999 0.0020625322275695033 0.011799799312665381 -0.00050857801645227149 119.50000000000001 -0.017491594265931682 0.53394446034331866 -0.043702500431848694 4.6549827738685507e-05 0.00041198391657888613 0.00594327611710744 0.050259247304550982 0.5517233281269559 3.1397971001145195 0.029266604039543811 1.664708366223943 0.00026173671193226942 0.0019296805614595805 -126.49999999999999 0.00057593203579519019 0.0019459010051144155 1.3037081189812629 1.0000000180025095e-35
decision_type=2 2 2 2 2 2 2 2 2 2 2 2 2 2 2 2 2 2 2 2 2 2 2 2 2 2 2 2 2 2
left_child=24 3 -3 4 6 20 17 -8 -9 10 11 14 -13 -12 -10 -16 -17 -2 -19 -15 22 -22 23 -6 -1 26 -26 28 -27 -29
right_child=1 2 -4 -5 5 -7 7 8 9 -11 13 12 -14 19 15 16 -18 18 -20 -21 21 -23 -24 -25 25 27 -28 29 -30 -31
leaf_value=-0.047000367389490205 0.0078086660672426512 -0.045614898607692612 0.0011504540467089659 0.037951669645443664 -0.025411774229506301 0.03186114073764585 -0.024697140029941975 0.29666793352677157 0.46402009662443566 0.15802627878032544 -0.010614140750132702 0.76626394214053306 0.18824572721184643 0.31999166655946576 0.47337329989877053 0.1164548494379043 -0.052193399490311654 -0.053343984376009596 0.060950295645162994 0.067438925369713576 0.015409753314181766 0.56832246991947766 -0.046158912510816524 -0.0016536938652264189 -0.050074466744486491 -0.050066716878130246 2.0021337130504273 0.15142855352689738 3.3251657899873601 -0.025784877120230337
leaf_weight=32.902908289252082 154.78714493580628 18.287728142982814 29.240806352696382 12.594547187676651 27.451760439260397 13.334558672271667 4.9113563584978719 0.28298311081016336 0.097098298370838942 1.3206313410773862 5.7178299055667585 0.12209709302987903 0.20748267014278088 0.26206297823227975 0.095439789700321298 1.3407049781526441 1.0939783666399305 7.2619830522453395 1.407424848526716 1.857346386183053 0.7478323903051195 0.16073954105377197 11.805362129525745 160.16248165484285 0.048958050261717179 0.10771708656102319 0.024363804084714502 0.49323709338204924 0.014813462854363024 6.0083685754798353
leaf_count=59135 13153 7479 1096 224 6510 218 402 54 6 27 1091 6 38 8 22 84 263 117 16 122 113 4 2194 16470 36 139 17 204 14 4493
internal_value=-0.00261047 0.00054234 -0.0168436 0.00257252 0.00144282 -0.00458503 0.00856767 0.0370708 0.0615403 0.056048 0.0435712 0.108862 0.40238 0.0189385 0.0720409 0.0569979 0.040676 0.00554937 -0.034789 0.0986668 -0.00701102 0.113228 -0.00755884 -0.00512998 -0.0387999 0.00148674 0.631845 -0.00549063 0.357986 -0.0123408
internal_weight=494.152 454.551 47.5285 407.023 394.428 213.663 180.766 17.309 12.3977 12.1147 10.794 2.9568 0.32958 7.83724 2.62722 2.53012 2.43468 163.457 8.66941 2.11941 200.328 0.908572 199.42 187.614 39.6004 6.69746 0.0733219 6.62414 0.122531 6.50161
internal_count=113755 49717 8575 41142 40918 25509 15409 2123 1721 1667 1640 419 44 1221 375 369 347 13286 133 130 25291 117 25174 22980 64038 4903 53 4850 153 4697
is_linear=0
shrinkage=0.05


Tree=52
num_leaves=31
num_cat=0
split_feature=11 4 10 8 2 10 4 8 5 1 8 6 6 0 8 20 28 10 12 12 27 27 11 1 6 2 4 3 10 1
split_gain=23.6513 7.41329 4.60042 6.44799 4.89111 7.96562 17.273 20.3647 29.5566 18.2553 9.43837 6.83711 6.26314 4.60204 6.71972 4.58451 7.09872 4.50961 6.37852 15.7943 9.21964 8.71804 6.6553 11.1283 11.3222 13.9246 10.1951 11.6111 10.1752 8.22819
threshold=0.0016045567718588226 0.0049946059485616286 0.0040421363791100957 1.6444209336121813 -0.022038254152078877 0.0032498496331830216 0.0052914624617495356 0.79875171908242593 0.0019811668348562249 -0.0014623885359274912 1.4134533225221413 0.0039570849887573699 0.0019779398530117391 -0.0020892521776521185 0.9377427215696208 1.0000000180025095e-35 0.40932200020739368 0.0036714614966521703 12.500000000000002 24.500000000000004 -0.013436258626689571 -0.0087685375400487816 0.0043939624420513855 -0.0049661384447322347 0.00082601006054328096 0.0023910225085719086 0.003450909327963882 -0.018371264622126033 0.0030859244740108808 -0.0063178922079785314
decision_type=2 2 2 2 2 2 2 2 2 2 2 2 2 2 2 2 2 2 2 2 2 2 2 2 2 2 2 2 2 2
left_child=1 -1 3 4 5 10 7 -7 9 -9 11 -2 -12 14 -8 17 -17 18 -6 20 -20 -21 23 24 25 26 27 -23 -27 -29
right_child=2 -3 -4 -5 15 6 13 8 -10 -11 12 -13 -14 -15 -16 16 -18 -19 19 21 -22 22 -24 -25 -26 28 -28 29 -30 -31
leaf_value=-0.050063238576314673 -0.051284587522777383 0.070424303174583203 0.0044500793522169622 -0.040527269476180933 -0.02018498480025447 -0.050662670256684805 0.20624343387014954 0.684475184188861 -0.051053643514777425 0.21535086430986819 0.013147478713312184 0.1411938159033132 0.26877631950867298 -0.05148715165864659 0.0017312606292041865 -0.051026412574210693 0.17719165477156434 -0.029155700850893793 0.22203162763017181 -0.054349151090294749 0.039605784373699174 0.81338811302763325 0.017601070887452146 -0.02320322764317255 -0.025586928852327391 0.20203070438546417 -0.050458409396779327 0.15033000911254113 0.68255948427182223 -0.050255889379166932
leaf_weight=29.61303236492677 5.1192120091873203 1.3341507205041114 272.10982245148625 12.414130409597417 40.223586272535613 0.55643297068309028 0.56993113295175168 0.47441338072530892 0.38142507057636976 0.36841040430590521 0.49988036497961719 0.50706887058913697 0.46021456876769662 1.6565693398006258 1.3603545075748114 0.57487260660854989 0.8366129468777217 19.008233883359935 0.72341044922359543 8.210719587543279 16.260557017463725 0.057855691760778316 31.573405364179052 39.483692393230747 3.7857897348003462 0.58168101159390051 1.4866673788637852 1.934190336847678 0.13590430561453104 0.69495956425088534
leaf_count=58177 729 90 8876 3447 8590 70 21 24 36 26 37 15 10 80 50 141 59 1559 38 1569 3671 18 3130 20970 721 86 409 532 13 561
internal_value=-0.00255251 -0.044869 0.000281763 -0.0056898 -0.00325367 0.0276337 0.0728464 0.200147 0.314142 0.479414 -0.00921216 -0.0339375 0.135681 0.00964847 0.062115 -0.00548366 0.0842426 -0.00625515 -0.00325624 0.00323326 0.047376 -0.00529161 -0.000239854 -0.0119361 0.0393335 0.0895813 0.0546007 0.112728 0.293039 0.0973094
internal_weight=492.997 30.9472 462.05 189.94 177.526 11.9539 5.36754 1.78068 1.22425 0.842824 6.58638 5.62628 0.960095 3.58685 1.93029 165.572 1.41149 164.161 145.152 104.929 16.984 87.9449 79.7341 48.1607 8.67705 4.89126 4.17367 2.68701 0.717585 2.62915
internal_count=113755 58267 55488 46612 43165 1098 307 156 86 50 791 744 47 151 71 42067 200 41867 40308 31718 3709 28009 26440 23310 2340 1619 1520 1111 99 1093
is_linear=0
shrinkage=0.05


Tree=53
num_leaves=31
num_cat=0
split_feature=11 4 16 10 17 0 3 14 1 14 9 10 12 6 0 11 12 0 14 4 14 12 8 8 8 8 5 9 9 9
split_gain=22.442 6.93435 5.47298 9.04856 5.72384 6.34218 6.80797 5.57142 14.6831 10.6286 6.52522 6.81439 5.7676 5.61226 5.15917 6.87745 53.8256 6.71541 15.9838 7.19081 5.79931 5.32549 5.41881 5.17311 11.6196 22.3573 5.56777 6.30063 5.43499 6.31922
threshold=0.0016045567718588226 0.0049946059485616286 1.0000000180025095e-35 0.0044198572196562777 0.0050994008208104609 -0.00022170491348809843 0.108796645291315 0.43749994531248609 0.0094857024019292437 0.29166665451387591 0.58605151222652796 0.0073819076879511362 62.500000000000007 0.0035795049841966979 -0.00061342036852035024 0.001650769763166341 24.500000000000004 -0.0005977286312015491 0.46465873950604647 0.0079070921165569821 0.92656460033607979 4.5000000000000009 2.7724445974305656 1.1170124708781393 1.0571602119624499 1.0616790900357007 0.00041198391657888613 2.0429125480808428 0.57832540214548234 0.58605151222652796
decision_type=2 2 2 2 2 2 2 2 2 2 2 2 2 2 2 2 2 2 2 2 2 2 2 2 2 2 2 2 2 2
left_child=1 -1 4 -4 5 14 -7 8 10 -10 11 12 -5 -9 20 16 -16 18 -17 21 -2 22 -19 24 26 -26 28 -28 -23 -30
right_child=2 -3 3 7 -6 6 -8 13 9 -11 -12 -13 -14 -15 15 17 -18 19 -20 -21 -22 23 -24 -25 25 -27 27 -29 29 -31
leaf_value=-0.050060348954333936 0.0043067136829843889 0.065251065010420453 -0.045178460620924163 -0.053814365579154491 0.034766489197144645 -0.0070924053396402877 0.029414301835603479 -0.051594563385209291 0.047198129758225349 0.30642356342457167 -0.0075633486966545684 0.25066073326941274 0.14131768365812472 0.11055817610977797 3.1340198464608284 -0.050691078928402633 -0.050029629083253285 -0.041237586936251763 0.46120041893540203 0.11084120129047366 0.14383515136418673 -0.019930301485046154 0.25604154341417373 -0.050640218396510041 0.96110504917848805 0.10117949719264019 -0.019491318505345877 0.33461322560981033 0.33588849051786429 0.079747248227427958
leaf_weight=28.170372923515973 165.16090972247184 1.3670385492732737 16.936117897101212 0.82863189419732497 12.952387847704811 203.50135043426417 13.625713879708199 6.444821868906728 0.92458710726350435 0.69090757984668016 18.813879873137921 0.48410962708294381 0.69739437638781965 0.58178686629980791 0.015703188284535652 0.32022918754956009 0.085766278905794024 4.5762344996910604 0.29114653778378852 2.14441268518567 0.74809012928744678 1.3483963627659212 0.15860322432126839 1.6512354160076927 0.098489432362840357 0.32502599223516881 4.1793239816906862 0.12951352592790488 0.25683937556459557 3.854237755847862
leaf_count=58177 14368 90 6515 60 225 29231 219 284 30 19 675 13 24 16 25 93 158 617 40 30 32 476 5 630 8 110 1042 6 19 518
internal_value=-0.00247108 -0.0447236 0.000231303 -0.0160549 0.00205045 0.000997573 -0.00480144 0.000684375 0.0128507 0.158063 0.00158534 0.0872126 0.035361 -0.0381687 0.00779101 0.0321641 0.442727 0.0300094 0.19308 0.0246843 0.00493585 0.0135396 -0.0312796 0.0314583 0.0447595 0.301157 0.0336431 -0.00884777 0.0671787 0.0957497
internal_weight=491.363 29.5374 461.826 46.4022 415.424 402.471 217.127 29.4661 22.4395 1.61549 20.824 2.01014 1.52603 7.02661 185.344 19.4352 0.101469 19.3337 0.611376 18.7223 165.909 16.5779 4.73484 11.8431 10.1918 0.423515 9.76831 4.30884 5.45947 4.11108
internal_count=113755 58267 55488 7636 47852 47627 29450 1121 821 49 772 97 84 300 18177 3777 183 3594 133 3461 14400 3431 622 2809 2179 118 2061 1048 1013 537
is_linear=0
shrinkage=0.05


Tree=54
num_leaves=31
num_cat=0
split_feature=11 13 16 0 17 0 3 8 8 11 6 6 9 3 14 6 13 8 3 0 0 13 28 28 8 9 12 7 7 7
split_gain=21.3945 5.73013 4.87725 5.32838 5.00148 5.59569 6.02946 4.5922 6.58954 6.53854 4.89125 5.01386 10.474 7.62027 14.2746 6.69726 7.70565 13.1555 12.4213 9.66551 6.22504 7.30733 8.84958 12.569 9.20433 7.40335 5.60025 8.52469 7.91395 16.3673
threshold=0.0017340267050339343 1.0000000180025095e-35 1.0000000180025095e-35 -0.0087753446784708897 0.0050994008208104609 -0.00022170491348809843 0.108796645291315 3.1397971001145195 1.664708366223943 0.017268951338354099 0.00026173671193226942 0.00048090439623229398 2.372269785307918 -0.047758236858223453 0.3999999785714054 0.00098542095629976147 -122.49999999999999 0.64982553578129276 0.020607948002596545 9.6186216737696221e-05 0.00066047774645851384 109.50000000000001 -0.026831042198091012 0.056706107191899509 0.47141942296135575 1.1402968124639064 -10.499999999999998 0.00594327611710744 0.0015785583619513149 0.00094356378502813789
decision_type=2 2 2 2 2 2 2 2 2 2 2 2 2 2 2 2 2 2 2 2 2 2 2 2 2 2 2 2 2 2
left_child=1 -1 4 -4 5 -2 7 8 10 -9 -7 12 13 14 -12 16 17 18 19 -13 -17 26 24 -24 -23 -25 27 28 29 -22
right_child=2 -3 3 -5 -6 6 -8 9 -10 -11 11 15 -14 -15 -16 20 -18 -19 -20 -21 21 22 23 25 -26 -27 -28 -29 -30 -31
leaf_value=0.053554672138589665 0.0074128547478893476 -0.046808267665318301 0.0079645732231496385 -0.02791945987811624 0.032276336513088699 -0.02418911292109387 0.027423468147752109 0.020375259765504736 -0.045200371035574484 0.30876033217087673 0.27272396457619458 0.38377699448088615 0.15553846647325231 -0.00010846440404739221 -0.052330992328947071 -0.021260227280963176 -0.03375156503000664 -0.018131283541287672 0.67195454381959585 -0.050685209000977616 0.0028608503983947263 0.1703134912540917 0.28643063938954366 -0.0066825314668814504 -0.035857218772538266 0.12665169569867449 -0.0040883760320767635 0.18747603952976641 -0.024701147410505102 0.14649639137395584
leaf_weight=1.4923035325482512 185.2658765654196 30.269814707309706 15.999152285279704 29.272865655919304 13.246201746631412 28.271564985217992 13.877406634856014 0.6950919310329472 10.781950071686877 0.27404177747666836 0.74120411078911164 0.22713808354456277 1.411669349472503 12.188080095278563 0.62048351013800129 25.137384908972308 26.151698330184445 1.4665048909373579 0.13834050868172199 0.29334293451393023 6.0494901349302328 0.63970661762868974 0.72980108752380868 2.0361664314987138 3.5209265447338112 2.130288160580676 67.488558718294371 0.80587702337652523 5.8625655202195057 2.9507139855995774
leaf_count=273 16642 62862 293 6664 225 7464 219 67 1624 6 30 13 43 3245 55 2824 5593 290 26 66 235 28 33 174 293 99 4120 15 145 89
internal_value=-0.00240886 -0.0420928 0.000341563 -0.015238 0.00204935 0.00104776 -0.0044501 -0.00665496 -0.00718203 0.101922 -0.00501159 -0.00163542 0.025928 0.0124247 0.124605 -0.00446721 -0.0263107 0.065247 0.250843 0.138914 0.000796209 0.00680875 0.049458 0.0950186 -0.00415801 0.0614906 0.0021637 0.0290929 0.0205052 0.0499517
internal_weight=490.036 31.7621 458.274 45.272 413.002 399.756 214.49 200.613 199.643 0.969134 188.862 160.59 14.9614 13.5498 1.36169 145.629 28.277 2.12533 0.658822 0.520481 117.351 92.2141 9.05689 4.89626 4.16063 4.16645 83.1572 15.6686 14.8628 9.0002
internal_count=113755 63135 50620 6957 43663 43438 26796 26577 26504 73 24880 17416 3373 3330 85 14043 5988 395 105 79 8055 5231 627 306 321 273 4604 484 469 324
is_linear=0
shrinkage=0.05


Tree=55
num_leaves=31
num_cat=0
split_feature=11 12 5 3 28 13 7 26 3 9 28 28 16 5 1 6 8 1 5 12 7 7 5 28 3 13 11 13 26 26
split_gain=24.2884 6.99083 5.53582 6.91483 6.81187 8.86433 10.5272 8.85366 5.13771 4.93819 13.8149 6.0469 4.80893 5.05387 14.6464 4.79809 5.23288 4.78165 4.75957 4.68668 4.53486 4.27393 4.11904 8.3199 4.17837 11.4913 9.41871 12.7731 8.3318 13.9647
threshold=0.0025433339424973445 -10.499999999999998 0.00031092893775633426 -0.0057654919221354099 -0.21613713442885149 83.500000000000014 0.002116773312960877 1.0000000180025095e-35 0.0019630194662026788 0.82434181821762342 0.53300884764502365 0.57939452067298958 1.0000000180025095e-35 0.00052974285424781857 -0.011060356372895206 0.0035795049841966979 1.3614385788402414 -0.0055523196270000795 0.0075531375652195991 70.500000000000014 0.0046410434177278732 0.0016097217653212766 0.00032343279848107603 0.056706107191899509 -0.047758236858223453 -123.49999999999999 0.015895678653262947 -110.49999999999999 1.4824126558321431 0.38528670468741338
decision_type=2 2 2 2 2 2 2 2 2 2 2 2 2 2 2 2 2 2 2 2 2 2 2 2 2 2 2 2 2 2
left_child=1 -1 3 -2 5 7 8 -5 21 10 -6 -12 22 14 -14 18 -17 -3 -15 -13 -9 -7 23 -4 25 -24 27 -27 29 -29
right_child=2 17 12 4 9 6 -8 20 -10 -11 11 19 13 15 -16 16 -18 -19 -20 -21 -22 -23 24 -25 -26 26 -28 28 -30 -31
leaf_value=0.036594161566124266 -0.04951310584926339 0.01300265962727027 -0.051373227803557103 0.26117570181904132 -0.036254731148270498 -0.050551897025359296 0.23488965426275221 -0.030492011878265547 -0.052477677764961719 -0.055421339585214446 0.44357780790738366 -0.050707536911330287 1.0098787440858474 -0.033199469681992076 -0.050168452646100536 -0.00054339745029779074 0.14578153692424531 -0.040829741235026182 0.001821511993322842 0.24400327569497748 0.070432088539722965 0.26504330261116255 0.11562388037891227 0.25517166387430151 0.0044942887357240519 -0.026332038464563008 -0.0055016121349909727 0.03153880618982615 -0.0057725060329868304 0.1353932088866992
leaf_weight=3.5277193196234284 10.647413070371842 4.5183231417613561 0.40947660367237304 0.31705410755239594 2.4779073454556042 0.16564387519611068 1.0310637559741733 5.2831163918599486 0.84258395043434575 6.1562825668370351 0.20001337362918992 0.22871178865898401 0.047059565782546997 20.266638797533233 0.10594134096754615 1.6571010001935058 0.96787823271006335 47.393910424318165 18.610968693159521 0.32888713327702135 1.4101352579891679 0.3044506300939247 2.9468593993224195 0.48176698479801416 310.86380723706679 5.7419111703056869 27.685455059399828 7.095832187507769 3.7360764474724411 5.9518248768290505
leaf_count=1035 1357 2768 68 22 335 49 30 675 120 516 11 47 1 3460 54 51 25 78986 412 16 12 8 110 37 21846 375 722 156 130 209
internal_value=-0.00034391 -0.0315158 0.00362013 -0.0173345 0.000942578 0.0311439 0.115323 0.00300026 0.0214082 -0.0291373 0.0208739 0.207723 0.00513506 -0.0109597 0.275878 -0.0120172 0.0534093 -0.0361443 -0.0164347 0.123121 -0.00922931 0.153839 0.00697232 0.114331 0.00670947 0.0196637 0.0140318 0.0380397 0.060062 0.0789131
internal_weight=491.402 55.44 435.962 29.3933 18.7459 9.35405 2.34374 7.01031 1.31268 9.3918 3.23552 0.757612 406.569 41.6556 0.153001 41.5026 2.62498 51.9122 38.8776 0.557599 6.69325 0.470095 364.913 0.891244 364.022 53.158 50.2111 22.5256 16.7837 13.0477
internal_count=113643 82789 30854 3198 1841 916 207 709 177 925 409 74 27656 4003 55 3948 76 81754 3872 63 687 57 23653 105 23548 1702 1592 870 495 365
is_linear=0
shrinkage=0.05


Tree=56
num_leaves=31
num_cat=0
split_feature=10 11 27 26 5 3 29 13 6 26 11 10 8 11 6 14 1 1 5 0 3 13 2 27 14 8 26 14 2 13
split_gain=23.5574 7.02741 4.87437 5.0725 4.71124 6.70752 5.65384 6.15528 8.89445 7.18795 6.2465 4.74619 11.9436 4.74072 4.44363 4.27319 4.05428 4.04469 3.85277 7.82744 3.78234 10.2448 9.85773 11.2944 12.6436 11.5834 14.6657 15.8443 9.32752 8.81126
threshold=0.0012526947682379201 0.0027375638199831089 -0.013436258626689571 1.6233714461739179 0.00031092893775633426 -0.0039892022583926353 0.22583196228235744 83.500000000000014 0.0018298819743148296 1.0000000180025095e-35 0.0043939624420513855 0.0026775983426782645 0.67801597677693348 0.0074438059665512214 0.0016669945426353774 1.0000000180025095e-35 0.017823365085248805 -0.012176023129679093 0.00032343279848107603 0.00033381816466680395 -0.047758236858223453 -123.49999999999999 -0.0022836073650880644 -0.00086150338464837078 0.5824954735663187 1.1926056337591646 0.70235851186004761 0.15555555382715228 -0.012254666637703812 115.50000000000001
decision_type=2 2 2 2 2 2 2 2 2 2 2 2 2 2 2 2 2 2 2 2 2 2 2 2 2 2 2 2 2 2
left_child=-1 2 3 15 5 -3 11 9 10 -8 14 12 13 -7 -9 -2 -4 -11 19 -6 21 -20 23 -23 25 26 27 -25 29 -22
right_child=1 4 16 -5 18 6 7 8 -10 17 -12 -13 -14 -15 -16 -17 -18 -19 20 -21 28 22 -24 24 -26 -27 -28 -29 -30 -31
leaf_value=-0.043271676810726738 0.18985842684775434 -0.049148010133029503 -0.024149587335824816 0.10148364073155387 -0.051350369460449755 0.12297734739568944 0.22514018664721636 -0.050419567461492745 -0.004790897490895521 0.09064145311784115 0.32507727217627524 -0.048830449481709823 -0.024397952300389891 0.44176931509870232 0.21070484390499697 -0.055689150421254975 0.21102299941112368 -0.022924387474322558 0.099292684761129041 0.2419049078832794 -0.018801088094296911 0.0097206394076398746 -0.046433067847331068 0.022416001332578813 -0.016561670191015915 0.25675601676017962 -0.057986624042714499 0.28390625248038992 0.0074155703444689558 0.058534720644348504
leaf_weight=30.015624290303094 0.20371360180433784 9.7038741984870303 36.112352188356454 1.6760550331091506 0.41855684341862698 0.2757066390477142 0.35587202198803236 0.2946465843706394 1.0226988301146773 0.92170266993343997 0.52548629033844918 6.199434365844354 1.7404071186319923 0.20210681483149529 0.36443629290442914 1.360467095102649 0.18420000944752146 5.2487558641587366 3.5457079149782649 0.49861286755185574 59.01830414700089 45.42358756926842 6.473644323705229 1.1563930968986822 2.4041496047866531 1.2228557097259907 1.270164582529105 1.1608020421117542 267.73903920903103 3.9282796977786338
leaf_count=54616 12 1072 32862 34 54 28 14 75 44 10 23 325 278 20 6 177 9 490 125 25 3511 1310 342 25 104 27 39 22 17784 180
internal_value=-0.000352319 0.00244426 -0.0177107 0.0410481 0.00433653 -0.015927 0.00286885 0.0310522 0.10323 0.00664095 0.19649 -0.0263723 0.0363931 0.257821 0.0939678 -0.0237099 -0.0229561 -0.00596067 0.00571678 0.108076 0.00547811 0.0167419 0.0117903 0.0189508 0.0770666 0.123862 0.0785614 0.15341 0.00334387 -0.0139748
internal_weight=490.668 460.652 39.5368 3.24024 421.115 26.8551 17.1513 8.7336 2.20727 6.52633 1.18457 8.41765 2.21822 0.477813 0.659083 1.56418 36.2966 6.17046 394.26 0.91717 393.343 62.6573 59.1116 52.638 7.21437 4.81022 3.58736 2.3172 330.686 62.9466
internal_count=113643 59027 33094 223 25933 2385 1313 662 148 514 104 651 326 48 81 189 32871 500 23548 79 23469 1994 1869 1527 217 113 86 47 21475 3691
is_linear=0
shrinkage=0.05


Tree=57
num_leaves=31
num_cat=0
split_feature=10 11 8 8 14 13 10 8 3 27 26 7 13 8 3 26 2 3 13 28 28 11 9 9 9 2 3 3 26 27
split_gain=22.1516 6.42543 4.59347 8.84263 6.79435 8.49488 8.46698 5.19889 5.08198 4.42978 4.38211 4.01038 3.76591 5.79447 17.348 5.29819 3.74859 11.6078 10.2987 9.54343 12.176 9.34607 11.9771 7.64647 6.86216 6.33008 10.7851 8.79286 13.2331 11.971
threshold=0.0012526947682379201 0.0027375638199831089 1.664708366223943 1.6090466522396902 0.043478260018919197 -115.49999999999999 0.0040421363791100957 2.2073071335153425 0.080262292855431197 -0.013436258626689571 1.6233714461739179 0.0028248587570621317 64.500000000000014 2.3970880400158276 0.0098170612044386849 0.053935358781598323 -0.0071107170736917566 -0.047758236858223453 115.50000000000001 -0.12178531432041277 0.095823493696197817 0.015895678653262947 3.6688827328382514 0.31789494525426015 0.68991149245596384 -0.0026714938490824624 0.0016115029340553191 -0.0021328105798066681 1.8944210099695791 -0.0025905504803084346
decision_type=2 2 2 2 2 2 2 2 2 2 2 2 2 2 2 2 2 2 2 2 2 2 2 2 2 2 2 2 2 2
left_child=-1 9 3 16 -5 6 -6 -4 12 10 -2 -7 -9 14 -14 -15 17 21 -19 23 -21 22 -3 -20 -23 27 -27 28 29 -18
right_child=1 2 7 4 5 11 -8 8 -10 -11 -12 -13 13 15 -16 -17 25 18 19 20 -22 24 -24 -25 -26 26 -28 -29 -30 -31
leaf_value=-0.042913864969889526 -0.023110825968863324 0.029863308194645128 -0.031732643052024265 0.21710993327694711 0.051400848505679164 -0.019205079919666138 0.38244949187088267 -0.021466674131807001 0.19235728615945191 -0.022312883759189356 0.092799813303127712 0.10615238617096495 -0.052133610919789956 0.16342882324739436 0.36572935492870823 -0.026626932867697673 0.0011184292913275537 -0.018861753080516401 0.17227117213116533 0.22678495814296162 0.036318492228379677 0.054481164230318437 0.17634700315020901 -0.053596940252250175 -0.015958362242845407 -0.016607531744882553 0.010675486077450107 -0.0018803628278043856 0.13730198021814496 0.098469864502690463
leaf_weight=28.783866201090859 1.5349178804899559 23.370606861775745 17.654189194843642 0.6978460451355194 0.44132685882505018 2.4561144200852145 0.34346018545329571 4.8504609427181968 0.38755615428090173 35.504220070230076 1.7395067557226864 0.86189492791891087 0.51688363694120232 0.44388289027847383 0.47815649106632918 2.1087584942579269 10.449973050097467 76.707989569345955 0.43737755104666609 1.2319268786814057 2.6313248570077121 4.1282844935776692 1.4840623619966198 2.6150598942767829 21.280573284719139 45.358095719013363 179.84479606407695 13.427475598815361 3.5999650860321699 4.5252873913850662
leaf_count=54616 189 779 1098 28 38 149 10 288 8 32871 34 18 40 11 32 100 1052 5577 30 52 159 108 29 181 491 4487 9195 1300 270 403
internal_value=-0.000358985 0.00229741 0.0040859 0.00543347 0.0728803 0.0483483 0.196284 -0.0160918 0.0153372 -0.0171808 0.0384656 0.0133581 0.00716814 0.0463182 0.148666 0.00642217 0.00460557 -0.0021792 -0.0135932 0.0448454 0.0970551 0.0168103 0.0386098 -0.0212328 -0.00451375 0.00813734 0.00518042 0.0289452 0.0512281 0.0305365
internal_weight=489.896 461.112 422.333 395.893 4.80064 4.1028 0.784787 26.4399 8.7857 38.7786 3.27442 3.31801 8.39814 3.54768 0.99504 2.55264 391.093 133.887 83.6237 6.91569 3.86325 50.2635 24.8547 3.05244 25.4089 257.206 225.203 32.0027 18.5752 14.9753
internal_count=113643 59027 25933 24356 243 215 48 1577 479 33094 223 167 471 183 72 111 24113 7406 5999 422 211 1407 808 211 599 16707 13682 3025 1725 1455
is_linear=0
shrinkage=0.05


Tree=58
num_leaves=31
num_cat=0
split_feature=10 11 9 5 3 6 26 26 2 12 1 28 26 6 5 13 26 1 6 6 9 23 12 28 12 0 2 7 11 5
split_gain=20.8221 5.86416 4.35007 4.26914 6.28111 5.18706 4.03679 5.90226 10.0518 6.86697 6.35357 4.73846 3.89827 4.16216 4.05493 3.79517 7.81606 4.34356 3.63526 5.74616 10.8078 17.3468 8.66612 13.3014 8.7366 8.04093 6.79876 6.12758 5.86757 5.70497
threshold=0.0012526947682379201 0.0027375638199831089 0.58948488554817879 0.00031092893775633426 -0.0039892022583926353 0.0039570849887573699 2.3241427501652092 0.37783227543685494 0.046736312008477034 60.500000000000007 -0.011060356372895206 -0.64344222079292812 3.0587271459048595 0.0022313889389277983 4.8611279914924633e-05 9.5000000000000018 1.6233714461739179 -0.0089461975807526035 0.00039453223727576014 0.00053348982406116539 0.96286485112364695 1.0000000180025095e-35 -6.4999999999999991 -0.24944182965224201 94.500000000000014 -0.0013801092805818147 -0.0059203678029231223 0.0013842372883400929 0.0035026806968381104 0.0055648196309446554
decision_type=2 2 2 2 2 2 2 2 2 2 2 2 2 2 2 2 2 2 2 2 2 2 2 2 2 2 2 2 2 2
left_child=-1 2 -2 4 -3 6 7 8 9 -6 -11 -8 14 -14 -13 16 -4 -17 29 20 21 22 23 -20 26 -23 27 -24 -26 -5
right_child=1 3 15 18 5 -7 11 -9 -10 10 -12 12 13 -15 -16 17 -18 -19 19 -21 -22 25 24 -25 28 -27 -28 -29 -30 -31
leaf_value=-0.042543400868583658 -0.050236538955386378 -0.048757654352703593 -0.038225897499505682 -0.015234041290654711 -0.051025963627874815 -0.05591889289882998 0.18064206327188054 -0.027842256025454266 0.2750959299020056 0.34275340190938136 0.036617150441251696 0.2716265439821412 -0.052719170076635284 0.065617615951236982 0.053943043840675858 0.062369673847981068 0.086301157177137475 -0.021563108926544727 0.039031039981836088 0.005871608117210156 -0.0003595704650621223 0.46393709613984541 -0.003691628975022546 0.4701419788054268 0.30608595303002972 0.17196669835733214 -0.038546933552827622 0.17803421202934047 0.050349787018317396 0.01140302343128914
leaf_weight=27.612531446444336 7.6899530582886646 9.2739878979045915 2.2610911311639965 48.424282900523394 1.388241804146676 3.1382021605968466 0.63125671265879635 6.8879795662360266 0.45104193501174439 0.24903988093137741 0.53054696589242656 0.29981349536683299 1.5471286105457696 1.4297122880816457 0.746820506057702 1.6490566262509698 2.8463124523113947 23.616423786297673 0.47314735816325992 294.87724160123616 10.446684849914162 0.28990776021964837 1.0296166130574413 0.28772215894423414 0.41559042094741006 1.2637961662840096 3.731809886521662 0.84420563699677575 0.48726932099089026 34.36701218097005
leaf_count=54616 9020 1072 816 7161 169 54 49 705 8 2 52 6 164 44 60 343 384 22531 34 13757 589 15 142 22 30 59 560 38 31 1110
internal_value=-0.000367639 0.00215542 -0.0166436 0.00384496 -0.0155569 0.00224128 0.0151296 -0.00354976 0.0603427 0.0156608 0.134413 0.0532803 0.0332981 0.00411543 0.1163 -0.00813833 0.031172 -0.0160849 0.00514385 0.00760027 0.0340533 0.0747988 0.0423868 0.202055 0.0237209 0.226446 0.000472149 0.0781806 0.168066 -0.00417688
internal_weight=489.187 461.575 38.0628 423.512 26.5738 17.2998 14.1616 9.50685 2.61887 2.16783 0.779587 4.65473 4.02347 2.97684 1.04663 30.3729 5.1074 25.2655 396.938 314.147 19.2698 8.82307 7.26936 0.76087 6.50849 1.5537 5.60563 1.87382 0.90286 82.7913
internal_count=113643 59027 33094 25933 2385 1313 1259 936 231 223 54 323 274 208 66 24074 1200 22874 23548 15277 1520 931 857 56 801 74 740 180 61 8271
is_linear=0
shrinkage=0.05


Tree=59
num_leaves=31
num_cat=0
split_feature=10 11 27 3 27 8 8 2 8 7 2 6 29 6 9 2 3 11 12 12 1 14 9 27 9 9 25 2 8 10
split_gain=19.5702 5.40168 4.65359 4.63623 12.0295 4.46613 7.93845 6.69714 4.79862 5.99997 4.74455 4.46776 8.01429 6.46688 4.0599 3.58886 9.5359 9.07918 8.17229 11.9215 7.93977 9.0337 6.75111 6.36129 6.21948 8.61262 5.94136 5.76731 10.8368 18.0779
threshold=0.0012526947682379201 0.0025433339424973445 -0.013436258626689571 -0.023094374423501256 -0.0048292035746342662 1.664708366223943 1.5747866531833308 -0.040447309680105195 1.8876362382432701 0.0046410434177278732 0.075604685264723928 6.6443842537869891e-06 -0.95871461015342441 0.0025049621308525934 1.5357968005554439 -0.0071107170736917566 -0.047758236858223453 0.014498573672060413 18.500000000000004 12.500000000000002 -0.016456164137779724 0.025316455562669146 1.0786580588407049 -0.0049450099706789541 0.54767195342039221 0.49172370307536767 1.0000000180025095e-35 -0.003117798249538051 1.5127713876952502 0.0044198572196562777
decision_type=2 2 2 2 2 2 2 2 2 2 2 2 2 2 2 2 2 2 2 2 2 2 2 2 2 2 2 2 2 2
left_child=-1 2 14 4 -4 6 15 -8 9 -7 -10 12 -9 -13 -2 16 17 20 19 -18 21 -3 -23 26 25 -22 -24 28 -17 -30
right_child=1 5 3 -5 -6 8 7 11 10 -11 -12 13 -14 -15 -16 27 18 -19 -20 -21 24 22 23 -25 -26 -27 -28 -29 29 -31
leaf_value=-0.042160155485503725 -0.051714823630110519 -0.028628774564273637 -0.050116258403366844 -0.027621406531547599 0.83085102077551243 -0.054262495918458956 0.17197397623199001 -0.052247372083589205 -0.0081245752641841817 0.069929418378478297 0.08172114048611398 -0.014170717561674567 0.23491462508371208 0.089616697079981919 0.088001066972252295 0.022635302216948195 -0.0054935978123384355 -0.0040980745418575859 -0.027846785346053567 0.088955544467806277 -0.055585022989437516 0.17164230232435806 0.018513778907121272 0.16411246605409863 -0.011406640919623273 0.18400336320724789 0.13391073539654366 0.0043349177498019703 -0.050585159524339784 0.44588264111238857
leaf_weight=26.498652873560786 0.74309690078371504 2.0402798806317177 0.12304381563444622 25.040487225021931 0.056562407466123399 9.8112830485333706 1.0225474070757625 0.37964807695243508 14.288156054972202 1.0795357460156072 1.6378383170813329 4.4506293262820691 0.67488643917022073 2.2645493391901255 1.7315030933241358 30.500003594148442 35.56449818611145 28.946878592134453 44.946825387072749 3.6873861062340429 0.59341368271270667 1.8996127685531954 4.8417665199376634 1.3666684501804418 8.3319170970935357 1.0195647974032906 1.449295494938269 232.73058404901531 0.34074513474479218 0.39698562864214182
leaf_count=54616 118 39 81 30542 2 716 14 31 980 22 20 318 39 61 52 3023 2723 689 3428 165 47 29 80 30 423 27 34 15237 50 7
internal_value=-0.000372893 0.00202408 -0.0193857 -0.0258058 0.227322 0.00338946 0.0046903 0.0516852 -0.0163753 -0.0419522 0.00111521 0.0358543 0.131532 0.0208294 0.0460458 0.00365384 -0.00298756 0.0141931 -0.0132898 0.00337911 0.038771 0.0668798 0.0872687 0.0663386 0.00599094 0.095859 0.0450982 0.00704258 0.0272155 0.216573
internal_weight=488.459 461.96 27.6947 25.2201 0.179606 434.265 407.449 8.79226 26.8168 10.8908 15.926 7.76971 1.05453 6.71518 2.4746 398.656 134.688 50.4894 84.1987 39.2519 21.5425 11.5976 9.55734 7.65773 9.9449 1.61298 6.29106 263.968 31.2377 0.737731
internal_count=113643 59027 30795 30625 83 28232 26494 463 1738 738 1000 449 70 379 170 26031 7714 1398 6316 2888 709 212 173 144 497 74 114 18317 3080 57
is_linear=0
shrinkage=0.05


Tree=60
num_leaves=31
num_cat=0
split_feature=11 13 10 7 26 10 9 9 8 7 27 8 26 13 17 11 8 7 27 13 2 1 14 27 26 10 3 28 16 13
split_gain=18.3394 6.52384 5.7766 2.94371 5.87232 6.74165 6.08424 6.03981 10.9714 24.3019 7.40159 6.6292 6.96644 7.48435 9.44391 6.35445 6.31493 6.05898 5.86017 8.97802 10.1283 7.57665 6.55637 10.318 5.72133 8.28657 18.8571 7.33891 5.30129 5.03738
threshold=0.0017340267050339343 1.0000000180025095e-35 0.0011172322399795966 0.001003004541650231 4.1350802857737152 0.0038493370428680693 0.3906828636381981 0.54767195342039221 0.82816373824602807 0.00017904747306185604 -0.039783729538338149 1.1444797951298422 3.3496841683196794 98.500000000000014 0.0015742970068610901 0.0046659886522072763 0.3181131838457148 2.3475556804926434e-05 0.0010057101950394064 -109.49999999999999 0.0021207770338209867 0.0051985053074474208 0.63054323303819448 -0.012347485471026612 1.6233714461739179 0.0044198572196562777 0.023902257289039882 0.0068213178420387663 1.0000000180025095e-35 115.50000000000001
decision_type=2 2 2 2 2 2 2 2 2 2 2 2 2 2 2 2 2 2 2 2 2 2 2 2 2 2 2 2 2 2
left_child=1 -1 -2 4 5 28 -7 8 10 -10 -8 17 13 24 -15 -16 -12 18 22 20 -20 -22 29 -24 25 26 -13 -27 -4 -9
right_child=2 -3 3 -5 -6 6 7 11 9 -11 16 12 -14 14 15 -17 -18 -19 19 -21 21 -23 23 -25 -26 27 -28 -29 -30 -31
leaf_value=0.05428493878609069 -0.050277463751164021 -0.04801489210316004 -0.0058328681266081308 0.0061412481382338031 -0.02557000650309553 -0.044663844338640055 0.27206934043559383 -0.044928933415680813 0.55965745176473269 0.053107457953262271 0.17149229860343373 0.029082758920593994 0.13333978537600211 -0.051238035489633627 0.27689062780248824 0.085195285163520734 0.0089673457857988668 -0.011766124437665629 0.25480430109313251 0.016517885662247961 -0.055153271091367001 0.13709610018768945 0.2474077500823206 -0.010957179488016845 -0.04019939290113117 -0.061202016912736072 0.34924289041852491 0.027428709998940246 -0.050528411972774058 0.10592763551997249
leaf_weight=1.6666161527100509 5.2184725887491359 24.013067291176412 67.238177305145655 259.20318545793998 23.226964018831495 4.9257144943112499 0.30449380818754335 5.9175579766742903 0.32557488698512205 0.86811065988149494 0.64639660448301395 1.7753390073776381 1.4970829584635783 0.69266445911489372 0.75096561561804254 1.0188071816228328 7.9301796267391182 41.61698014655849 0.9576948820613328 6.6277794335037452 0.86348596448078785 1.2607913798419756 0.59442532854154695 1.1043446881812995 4.0744164525531223 2.8039866355247822 0.62072057789191593 13.982845574151723 7.3605222370242691 0.61045727727469046
leaf_count=267 5327 62822 19022 14552 3497 357 11 265 20 41 32 125 32 46 29 18 369 1871 27 247 32 34 17 60 175 94 28 362 3805 18
internal_value=-0.000244493 -0.0413756 0.00203179 0.00262676 -0.00193728 0.00117503 0.00954445 0.0123016 0.0489463 0.191268 0.0298171 0.00804683 0.0284901 0.022387 0.105279 0.166537 0.0212165 -0.00129604 0.022997 0.0493038 0.11981 0.0589497 -0.00805179 0.0794486 0.0136106 0.0250398 0.112023 0.0126243 -0.0102429 -0.0308218
internal_weight=489.698 25.6797 464.018 458.8 199.596 176.37 101.771 96.8451 10.0748 1.19369 8.88107 86.7703 27.2168 25.7197 2.46244 1.76977 8.57658 59.5535 17.9365 9.70975 3.08197 2.12428 8.22679 1.69877 23.2573 19.1829 2.39606 16.7868 74.5987 6.52802
internal_count=113602 63089 50513 45186 30634 27137 4310 3953 473 61 412 3480 909 877 93 47 401 2571 700 340 93 66 360 77 784 609 153 456 22827 283
is_linear=0
shrinkage=0.05


Tree=61
num_leaves=31
num_cat=0
split_feature=4 2 6 8 7 7 4 13 7 26 4 26 8 7 12 8 4 8 2 7 8 8 9 14 8 26 9 26 28 7
split_gain=17.8073 4.73747 4.50319 5.8294 7.36544 12.8481 12.369 7.36875 6.94831 6.07261 5.4396 7.50672 6.60536 4.73249 6.93577 8.10541 7.52813 8.85634 8.41698 9.05131 8.43309 7.81062 7.76727 8.46446 7.67904 6.84481 7.56274 6.70489 9.50062 7.40639
threshold=0.0020308692120227308 0.029179126580998912 0.0045298253033817541 1.1444797951298422 0.00093175035501714986 0.00031536503518807805 0.010019692139968553 -108.49999999999999 2.3475556804926434e-05 0.34785612909160529 0.010019692139968553 3.5896399096556926 0.69364920142416542 0.001003004541650231 45.500000000000007 0.91413299525074487 0.0087804540794300598 0.86887724242163322 0.029179126580998912 0.0010146837153698954 0.65379526852016723 0.88775443966975465 1.019369230654249 0.42857136734698387 0.53237666226237768 1.4002666253355718 0.55162255014229722 2.4506129436300945 -0.19854586703132301 0.0022676138978049948
decision_type=2 2 2 2 2 2 2 2 2 2 2 2 2 2 2 2 2 2 2 2 2 2 2 2 2 2 2 2 2 2
left_child=1 -1 13 10 5 8 -7 -6 -5 -9 12 -12 -4 -2 -15 16 17 18 19 -16 22 27 -20 -24 -21 -17 -27 28 29 -19
right_child=2 -3 3 4 7 6 -8 9 -10 -11 11 -13 -14 14 15 25 -18 21 20 24 -22 -23 23 -25 -26 26 -28 -29 -30 -31
leaf_value=-0.041408818459212009 -0.0054678324763302094 0.092457389485693819 0.083522210431701549 0.090090979561785162 0.11800715216369369 0.30055162044197314 0.058295115168052573 0.054439842446617141 -0.059086391145925302 -0.050227510217902317 -0.027990549289534556 0.07673016929246089 0.0023636550481997429 -0.0033839770897307431 0.22168777717545016 -0.015941739364589248 -0.0017821490687967689 0.35522148325307001 0.053754477906932822 -0.04342361844837668 0.013805241627650977 0.041776840628068142 0.27905738795025242 0.096756588345910041 0.021851615497205587 0.19696447239829451 0.016041419329146548 0.30870101034264885 -0.0074532945163841395 0.1103075236568662
leaf_weight=28.291944783733928 180.98390871906304 0.67672131047584017 3.9526699131820369 1.8772767132613792 1.3722756607457993 1.1215922543779018 0.99371197121217836 2.2286745747551322 1.3361398754641411 3.6640707303304225 13.176782609196378 1.966715802438556 6.855084698763676 118.4295355573995 0.51922905363608052 31.598456147155957 19.498461165465415 0.48697150722728155 3.3668837528675777 5.3738246959692324 4.4863571706227958 3.7774087451980449 1.0440213819965722 1.6322145047597585 27.886039026430808 0.59529446566012012 19.438293713668827 0.54812360659707327 0.94368783055688177 0.84316213359124959
leaf_count=63810 32813 124 72 41 29 32 15 27 31 78 179 32 153 7416 49 3157 288 37 65 533 108 240 16 40 2392 34 1677 28 70 16
internal_value=-0.000258935 -0.0382816 0.00213557 0.018494 0.0464066 0.0910543 0.186746 0.0136586 0.028063 -0.0106416 0.0049485 -0.0143903 0.0320454 0.000639468 0.00523602 0.0136011 0.0246359 0.0347543 0.0267059 0.0145389 0.0657383 0.0887921 0.104293 0.167874 0.011305 -0.00144609 0.0214175 0.151726 0.113886 0.199972
internal_weight=488.966 28.9687 459.997 38.545 12.5937 5.32872 2.1153 7.26502 3.21342 5.89275 25.9513 15.1435 10.8078 421.452 240.468 122.038 70.4064 50.9079 44.3086 33.7791 10.5295 6.59935 6.04312 2.67624 33.2599 51.632 20.0336 2.82195 2.27382 1.33013
internal_count=113602 63934 49668 689 253 119 47 134 72 105 436 211 225 48979 16166 8750 3882 3594 3203 2974 229 391 121 56 2925 4868 1711 151 123 53
is_linear=0
shrinkage=0.05


Tree=62
num_leaves=31
num_cat=0
split_feature=10 10 13 28 0 5 5 6 12 10 14 0 9 29 29 29 12 2 10 9 0 22 26 5 8 10 14 14 12 12
split_gain=15.8446 4.45657 5.34551 4.9813 4.40081 10.0021 8.64926 6.36593 6.4783 11.2667 8.6535 17.8297 5.20023 6.15284 5.5911 4.53848 4.2623 5.46163 8.45309 12.1052 7.27989 6.56196 6.36381 4.05005 4.03914 3.99014 3.81401 6.91759 3.77436 8.22573
threshold=0.0011172322399795966 0.002578010993446372 64.500000000000014 -0.85435584823372057 -0.00035880875493358717 0.00060965496229806995 0.00058735861097201556 0.0056066706535450907 64.500000000000014 0.0021119904978904197 0.2091875794580858 -0.0025535575975273793 0.60468330500057965 -0.32082233327538295 -0.31017654920834031 0.29515577805545823 54.500000000000007 0.0052819729407126452 0.0021935956430424895 0.54767195342039221 0.0010647839750025261 1.0000000180025095e-35 3.2706052448374296 0.00097008357179117273 1.0659745390102102 0.0011253184536425323 0.65714285074212009 0.59999996000004541 105.50000000000001 114.50000000000001
decision_type=2 2 2 2 2 2 2 2 2 2 2 2 2 2 2 2 2 2 2 2 2 2 2 2 2 2 2 2 2 2
left_child=-1 2 -2 -3 5 6 12 8 25 -10 -11 -12 -4 -14 -15 -13 -6 -18 21 20 -20 -19 -21 -23 26 -7 27 -16 -5 -30
right_child=1 3 4 28 16 7 -8 -9 9 10 11 15 13 14 24 -17 17 18 19 22 -22 23 -24 -25 -26 -27 -28 -29 29 -31
leaf_value=-0.045318986354979697 -0.022994366748126022 -0.052249489072774193 -0.050323078403568158 0.003343554655663872 -0.028797829862786114 0.22797293125103338 0.31180502256304998 0.21119066995076335 -0.050223313093923527 -0.050361872621203202 0.95747058657103834 -0.050739473839866267 -0.050819477368167582 0.5403522253794103 0.12063262750662312 0.32028227001091358 -0.022186292592726552 -0.053527457330778419 0.69932065859282111 -0.051587722389516227 0.21533022535259297 -0.050911803120243126 0.159763705360217 0.18892227263407002 -0.05047764438027761 -0.012899790326271679 -0.050871686858298099 0.37741472747066873 0.060121221336733935 -0.015127400235296452
leaf_weight=18.768908982543508 37.420942090044264 3.9282479158136985 0.72845444583800034 368.90393083740491 14.609190314426089 0.17391507461434841 0.40718800167087454 0.36063015460967918 0.59222476236754917 0.17582500580465421 0.099056479579303414 0.11938164982711896 0.52615072217304359 0.08410423673922296 1.0872601472947261 0.26624515693401918 4.9208979521063139 1.8860652698786 0.13296359262312751 0.5822112124005796 0.18691436655353755 0.2539285547682083 0.9173259278468322 0.57377549580996856 0.28321751076146018 15.065900825051356 0.19929520631558251 0.3456649858271702 8.7688023030059394 6.199332966702058
leaf_count=47431 25387 395 606 19126 8055 48 96 3 531 77 21 37 315 5 236 26 2861 483 16 79 26 68 52 30 144 6222 103 26 514 583
internal_value=-0.00027007 0.00152968 -0.00906078 0.00376898 0.0026358 0.0196505 0.0945545 0.00337766 -0.00116644 0.108133 0.250118 0.359121 0.0673702 0.101315 0.141347 0.205422 -0.0118696 0.0142892 0.0538843 0.137271 0.41651 -0.00202127 0.0777043 0.115344 0.123827 -0.010151 0.154072 0.182576 0.00434223 0.0289556
internal_weight=488.568 469.799 81.9987 387.8 44.5778 20.5145 3.66134 16.8532 16.4925 1.25273 0.660508 0.484683 3.25415 2.52569 1.99954 0.385627 24.0633 9.45408 4.53318 1.81942 0.319878 2.71377 1.49954 0.827704 1.91544 15.2398 1.63222 1.43293 383.872 14.9681
internal_count=113602 66171 45553 20618 20166 8496 1531 6965 6962 692 161 84 1435 829 514 63 11670 3615 754 173 42 581 131 98 509 6270 365 262 20223 1097
is_linear=0
shrinkage=0.05


Tree=63
num_leaves=31
num_cat=0
split_feature=11 13 10 12 7 11 2 2 0 23 26 26 26 14 5 12 11 5 7 7 11 1 26 28 26 1 0 11 2 23
split_gain=15.6924 6.1379 5.11834 3.26902 4.83102 4.70123 5.22604 5.32651 5.08562 3.43206 3.42554 3.98197 4.52513 3.46713 3.31792 3.31943 3.07479 13.5774 43.2408 2.76356 6.44552 6.56098 14.2264 5.79199 4.08798 9.64048 6.19898 5.0452 11.3877 9.45035
threshold=0.0017340267050339343 1.0000000180025095e-35 0.0011172322399795966 105.50000000000001 1.0000000180025095e-35 0.0025433339424973445 -0.012254666637703812 0.0052819729407126452 -0.0014411675324933844 1.0000000180025095e-35 2.7558617496154008 2.0268859101531107 0.91442074688316966 0.75757573684053992 0.0011596204134551237 122.50000000000001 0.0017583950775930805 0.00018050092128896826 0.00016301601361123826 0.0033652555844584857 0.017268951338354099 -0.010186467260318377 0.47847669965292544 6.3933209591164157 1.8699956212217255 -0.0027899065558332869 0.0045289445623771431 0.011923754659606958 -0.049115504231136524 1.0000000180025095e-35
decision_type=2 2 2 2 2 2 2 2 2 2 2 2 2 2 2 2 2 2 2 2 2 2 2 2 2 2 2 2 2 2
left_child=1 -1 -2 16 -5 -6 -7 9 -9 10 11 12 14 -14 -8 -16 17 18 -4 -18 24 -22 23 -23 25 26 27 -21 -29 -30
right_child=2 -3 3 4 5 6 7 8 -10 -11 -12 -13 13 -15 15 -17 19 -19 -20 20 21 22 -24 -25 -26 -27 -28 28 29 -31
leaf_value=0.051800362152913337 -0.050256337122673495 -0.047753091693944719 3.013338763462639 -0.051893144364182756 -0.050080698226361346 -0.042316037021757999 0.14151250138213328 0.081592014157179329 -0.052421650235329034 -0.018450130708234827 -0.051478202780880278 0.1867639401844291 -0.051597494612602268 0.092539883280584531 0.081655167713492405 -0.051975401404986632 -0.00059895314547939475 0.043987639510288327 -0.050270063291633242 0.0040280279169619638 -0.047493099361994917 0.13398720580573809 -0.028611144180815409 0.022606734757571176 0.03980395936448048 -0.020415368397746353 0.11292847943906209 -0.0076576106164516142 0.20921605644932018 0.018659017693166583
leaf_weight=1.6691082780598687 4.689602024445775 21.386137531721033 0.016319660237057998 1.9739664805529198 1.6367552810988879 1.7610593598801632 2.1598962417920049 1.0606927104527133 2.1285441690706639 1.094139181252104 0.5086669299053036 0.82334970607189539 1.1400062907487152 0.658034469524864 4.0512109693954699 0.52493687579408277 366.92313491218374 0.85826355995959602 0.03914373301086016 11.435231346695224 8.3563203788362461 2.3822559639811507 8.7707836618646962 2.288478147238493 16.996916512143798 14.885188961983657 2.1631732052192083 2.8688306929543614 1.6690244604833415 1.0663194609805942
leaf_count=267 5327 62822 10 547 1737 100 62 45 148 77 70 37 108 41 138 36 39909 499 39 369 114 28 180 17 349 407 26 39 30 24
internal_value=-0.000281502 -0.0405458 0.00171515 0.00224471 0.022267 0.0306096 0.0389104 0.0490199 -0.0078507 0.0655682 0.0748858 0.0817549 0.0716238 0.0011529 0.0904345 0.0663262 0.00135784 0.0929839 0.851172 0.00116748 0.0100605 -0.0127023 0.00892642 0.0794151 0.0197734 0.00978572 0.0331966 0.0230745 0.0619386 0.134931
internal_weight=487.985 23.0552 464.93 460.241 19.5213 17.5473 15.9105 14.1495 3.18924 10.9602 9.8661 9.35743 8.53408 1.79804 6.73604 4.57615 440.719 0.913727 0.0554634 439.806 72.8825 21.7978 13.4415 4.67073 51.0847 34.0878 19.2026 17.0394 5.60417 2.73534
internal_count=113602 63089 50513 45186 3146 2599 862 762 193 569 492 422 385 149 236 174 42040 548 49 41492 1583 339 225 45 1244 895 488 462 93 54
is_linear=0
shrinkage=0.05


Tree=64
num_leaves=31
num_cat=0
split_feature=4 2 0 6 11 13 0 8 14 3 4 11 9 9 26 10 26 13 26 10 9 27 3 11 0 9 28 11 4 11
split_gain=15.3186 4.2698 4.24323 3.91505 10.7707 6.59537 9.44105 4.96791 8.03519 11.4621 5.58252 7.0862 7.01393 5.24096 4.96938 4.66357 3.60094 9.15531 4.99002 8.16367 3.31625 6.87065 6.85493 12.1035 7.528 5.22083 5.71534 4.37202 4.02188 6.13443
threshold=0.0020308692120227308 0.029179126580998912 -0.00098901207212047783 0.0045298253033817541 0.0039429844313947403 -108.49999999999999 -0.0022051326253297427 1.2390196201337784 0.84505167418286209 0.080262292855431197 0.0079070921165569821 0.017268951338354099 4.207790643419302 0.62648924608211887 1.0140662614281248 0.0011172322399795966 0.29833631563583524 80.500000000000014 3.5896399096556926 0.011799799312665381 1.6626145775263257 -0.027741543416214678 -0.023094374423501256 0.0062240632057847349 -0.0087753446784708897 1.9091682523169953 -0.7425657136922782 0.010346188153007968 0.0079070921165569821 0.012496435957724058
decision_type=2 2 2 2 2 2 2 2 2 2 2 2 2 2 2 2 2 2 2 2 2 2 2 2 2 2 2 2 2 2
left_child=1 -1 -3 15 5 -5 -7 13 9 10 -9 12 14 -6 -12 -2 17 -15 -18 -20 21 22 23 -17 -25 -22 -27 -24 29 -26
right_child=3 2 -4 4 7 6 -8 8 -10 -11 11 -13 -14 16 -16 20 18 -19 19 -21 25 -23 27 24 28 26 -28 -29 -30 -31
leaf_value=-0.040650733279149087 -0.050321254850100396 0.19284057778186559 -0.05043750137063098 0.23564711710236744 0.056444445309121641 0.25851345898981765 0.0029411197379863043 -0.06605655463778419 -0.065208129520660268 0.1905651080408074 0.083960648001939392 -0.031996619819620188 0.16585450628475906 -0.028464133209818318 -0.052391865251191251 0.21716159244576017 -0.038962803551978384 0.084471177042968637 -0.055737985419929081 0.11346316970578432 -0.029011225775043545 0.0018663169817619324 -0.063906291866202475 0.12465698622219659 -0.024360384933265106 0.18464695768597311 -0.002079914442265345 0.045842327355221348 -0.016551433299389028 0.093837733689749014
leaf_weight=25.757243802509041 4.4809985028696238 0.39529741986189038 0.32793092250358213 0.77634713728912208 3.3217004667967585 0.47437915485352289 1.5166395305423053 1.20041936682537 1.5911256168037642 1.3578351493924854 1.9886211566627028 1.8338201157748697 1.6771117225289343 4.3982836781069663 1.0063774241134522 1.0403714072890569 12.134465292096136 3.0313678309321404 1.3379782624542707 1.5258856061846016 20.893802181642968 292.54544728179462 2.4004157192539419 2.0714708315208545 1.7317426447989399 0.41172482818364997 87.491592667065561 1.4590190812014041 4.2269614352844656 2.9982981535140425
leaf_count=63810 5846 23 101 13 45 8 73 33 28 14 28 22 25 57 29 29 225 30 31 28 1781 36479 183 20 85 15 4416 28 54 43
internal_value=-0.000304768 -0.0372864 0.0825318 0.00181986 0.0169402 0.112034 0.0638337 0.0097116 0.0384246 0.0566163 0.033015 0.0512948 0.083987 -0.00216996 0.0381436 0.000415475 -0.0108511 0.0176145 -0.0249519 0.0344135 0.000960328 0.00360751 0.0355871 0.0541359 0.0387568 -0.00654527 -0.00120532 -0.022417 0.0188908 0.0505635
internal_weight=487.405 26.4805 0.723228 460.924 39.1724 2.76737 1.99102 36.405 10.6553 9.06418 7.70635 6.50593 4.67211 25.7497 2.995 421.752 22.428 7.42965 14.9983 2.86386 417.271 308.474 15.9283 12.0688 11.0285 108.797 87.9033 3.85943 8.957 4.73004
internal_count=113602 63934 124 49668 689 94 81 595 179 151 137 104 82 416 57 48979 371 87 284 59 43133 36921 442 231 202 6212 4431 211 182 128
is_linear=0
shrinkage=0.05


Tree=65
num_leaves=31
num_cat=0
split_feature=4 7 27 26 26 24 28 10 9 0 2 0 27 27 10 11 27 0 27 26 0 5 10 11 2 3 12 13 26 9
split_gain=13.8963 4.01705 4.81186 7.44125 7.44605 6.4966 8.39419 5.56547 6.32183 5.27651 3.82706 3.80968 3.77349 7.63391 7.16682 5.01951 4.87887 4.44273 6.95786 10.5583 8.06915 9.39041 5.45673 5.07934 12.1699 4.88371 4.46182 4.42322 4.06074 3.6937
threshold=0.0020308692120227308 0.0031498762552230699 0.013193628774729392 0.18913328838417545 3.1961830972708203 1.0000000180025095e-35 2.010020668625792 0.0019997291696046775 0.92123858920564239 -0.0010961368709241843 0.029179126580998912 -0.00098901207212047783 0.0043998772885092052 0.0027939394970376624 0.0099352645436405658 0.028308766175383748 -3.2687846555211891e-05 -0.0002581228021917746 -0.0014892708444366348 0.62983372019277228 -0.00010590789546658111 0.0014538574547157551 0.0057293068750676199 0.0052733321085543456 -0.024825055813339734 0.034632413022721256 11.500000000000002 87.500000000000014 0.62983372019277228 1.2923100718722458
decision_type=2 2 2 2 2 2 2 2 2 2 2 2 2 2 2 2 2 2 2 2 2 2 2 2 2 2 2 2 2 2
left_child=10 29 7 -4 -5 6 -6 8 9 -3 -1 -12 13 15 28 16 17 25 19 20 -19 -22 -20 24 -21 27 -23 -9 -15 -2
right_child=1 2 3 4 5 -7 -8 12 -10 -11 11 -13 -14 14 -16 -17 -18 18 22 23 21 26 -24 -25 -26 -27 -28 -29 -30 -31
leaf_value=-0.040211025070007643 0.0026813175482332877 0.29083373972992055 0.10513586918112197 -0.0035885223721869503 0.047385996566647333 -0.015287037996647979 0.18528876905740141 0.016003214404766427 -0.01886904608318658 0.082428241596887941 0.17360586784819088 -0.050449372630293476 -0.023978158948365146 0.078837346340263251 0.15547847490878397 -0.065419973517907057 -0.048045179754350971 0.22648239664644187 0.02071448093921743 0.28885228639618049 -0.055328558844640809 0.15403174171980877 0.2080998446456187 -0.036350450593895356 -0.052483886202843603 -0.061734826079028686 0.047794235032868858 -0.059205349716354584 -0.056410413730898085 -0.0076134164106108669
leaf_weight=24.731281520944325 237.84734201291576 0.42954637663206074 2.9230363732203868 12.558468142058702 3.570649212691932 2.0446406179107726 1.5970729598775504 14.914571857487315 1.014524633035762 1.0367984709446312 0.42330612777732313 0.3438186472048973 12.313637008890508 1.211603515781462 1.6006070282310245 2.6609268211759618 3.8465566443046617 0.7023381566395982 0.66670694574713596 0.42605897691100836 1.6206091183703373 1.541537254117429 0.93106910679489374 6.6200756148900837 0.67459108598995932 3.13351722434163 2.7539339334471151 2.2499039656249797 1.0240830502007154 137.50176028159331
leaf_count=63724 35616 15 34 225 51 43 22 375 123 52 26 106 300 15 23 56 110 17 30 4 63 27 17 164 44 54 42 64 37 12108
internal_value=-0.000871361 0.00112271 0.011002 0.030674 0.0196651 0.0601553 0.0900045 0.00372791 0.0770879 0.143478 -0.0367994 0.0731863 0.000637583 0.00714505 0.0747103 0.00108081 0.00549566 0.0111793 0.0309379 0.0199098 0.0662498 0.0472275 0.129909 -0.0198142 0.0796465 -0.00433404 0.0859202 0.00614494 0.0168855 -0.00108996
internal_weight=484.915 459.416 84.0671 22.6939 19.7708 7.21236 5.16772 61.3732 2.48087 1.46634 25.4984 0.767125 58.8923 46.5787 3.83629 42.7424 40.0815 36.2349 15.9369 14.3391 6.61842 5.91608 1.59778 7.72073 1.10065 20.298 4.29547 17.1645 2.23569 375.349
internal_count=113587 49731 2007 375 341 116 73 1632 190 67 63856 132 1442 1142 75 1067 1011 901 408 361 149 132 47 212 48 493 69 439 52 47724
is_linear=0
shrinkage=0.05


Tree=66
num_leaves=31
num_cat=0
split_feature=4 7 27 26 26 24 3 5 27 27 27 1 12 3 3 6 26 0 4 4 26 27 3 29 29 26 1 5 3 3
split_gain=13.0398 3.55823 4.25746 6.42695 6.77351 5.81242 5.77049 7.18532 4.8629 7.66511 5.12152 6.16816 4.43201 6.10466 5.90753 5.68546 6.08983 9.2934 8.31877 15.8898 4.57508 4.5675 4.16167 4.03444 5.88221 5.77764 10.3217 3.78272 3.59347 3.13101
threshold=0.0020308692120227308 0.0031498762552230699 0.013193628774729392 0.2115319283717205 2.8737599214375957 1.0000000180025095e-35 0.061002879553248797 0.0019072361708658732 0.0043998772885092052 0.0027939394970376624 -3.2687846555211891e-05 -0.042524529256435774 -12.499999999999998 0.050556789077132049 0.019230769230769214 0.0056066706535450907 0.96806118239196481 0.0045289445623771431 0.0052914624617495356 0.0051909257832519545 3.1224573496693062 -0.039783729538338149 -0.019379729951041574 -0.11357512577463479 0.019487619919740354 0.52068974610391561 -0.0068047217157120509 0.010945203884720981 -0.05264098230020154 0.080262292855431197
decision_type=2 2 2 2 2 2 2 2 2 2 2 2 2 2 2 2 2 2 2 2 2 2 2 2 2 2 2 2 2 2
left_child=-1 -2 8 -4 29 6 7 -6 9 10 11 28 14 15 20 16 17 18 19 22 -13 -20 -14 -23 -25 26 -26 -10 -3 -5
right_child=1 2 3 4 5 -7 -8 -9 27 -11 -12 12 13 -15 -16 -17 -18 -19 21 -21 -22 23 -24 24 25 -27 -28 -29 -30 -31
leaf_value=-0.03633938377516651 -0.0010364865149599942 -0.011033926428854618 0.091861961938510373 -0.027461244546070459 0.055948578844771682 -0.017447662454978113 0.01866751106803342 0.19984315939663308 -0.0321931171262567 0.075689315845764243 -0.047961519135601365 -0.052426551302703676 0.12832851321835309 -0.047365508338774023 0.19482995167735906 0.14018394150276878 -0.021931770107504134 0.13019233848687892 0.12233930962674276 0.46152198824066021 0.099881331002016877 -0.03047025781540378 -0.051056193720192301 0.1667018323256983 -0.0049961497515215092 -0.054867764470150474 0.17199044756812143 0.070180970636018442 -0.091278929791410848 0.026281109060104415
leaf_weight=24.563080182182603 375.14664934834582 7.4647328965365887 3.4237755220383432 7.1350776033941674 1.9798746109008774 2.168129711644724 2.4151347912847996 1.5442066360265014 11.622665783506815 4.1388693867484099 4.2041468349343623 0.86292914964724321 0.77954243728891004 3.4829798808787009 0.80534657603129733 0.99858442205004294 6.7318753277068017 2.1973252664320162 0.81112629361451105 0.29142683325335372 1.1503049265593288 5.8637429357040718 0.55246174236528744 0.67049951991065171 2.8342011808417737 2.1722184733953327 1.1613291923422369 0.97827689722180444 1.715822428464884 4.3700016131624579
leaf_count=63856 47724 100 41 164 33 45 28 22 342 87 142 37 27 71 23 17 243 25 15 12 17 194 75 23 67 58 26 8 23 42
internal_value=-0.000845026 0.00105165 0.0103192 0.0286528 0.0176182 0.0526222 0.0782014 0.119001 0.00345092 0.0105894 0.00456851 0.0100152 0.0205658 0.0146601 0.0803806 0.0232792 0.0184284 0.0341029 0.0201539 0.127096 0.0345979 0.00730616 0.053927 -3.96472e-05 0.0260544 0.0107645 0.0464463 -0.0242453 -0.0260315 -0.00704816
internal_weight=484.236 459.673 84.5266 23.0362 19.6124 8.10735 5.93922 3.52408 61.4904 48.8895 44.7506 40.5464 31.3659 28.5473 2.81858 25.0643 24.0657 17.3339 15.1365 1.62343 2.01323 13.5131 1.332 12.702 6.83825 6.16775 3.99553 12.6009 9.18056 11.5051
internal_count=113587 49731 2007 375 334 128 83 55 1632 1282 1195 1053 930 853 77 782 765 522 497 114 54 383 102 368 174 151 93 350 123 206
is_linear=0
shrinkage=0.05


Tree=67
num_leaves=31
num_cat=0
split_feature=11 12 9 10 9 12 12 3 0 10 12 7 9 3 2 9 0 28 7 11 3 14 0 5 11 3 14 24 17 7
split_gain=12.6207 4.89584 3.67915 4.19947 4.48306 4.66321 8.28068 7.34977 7.04889 6.99499 6.36581 5.80233 4.46867 4.03559 3.43255 3.21019 4.36222 6.99621 6.46337 6.41944 12.5742 5.59066 8.53403 5.26549 4.12352 7.78573 5.18858 8.21896 5.21077 5.09598
threshold=0.0017340267050339343 -12.499999999999998 0.45700392419856867 0.002578010993446372 0.43366813532172793 11.500000000000002 14.500000000000002 -0.0060368241427312085 0.00026018721657854719 0.0028692241856563146 72.500000000000014 0.0016097217653212766 0.34045187213145284 0.108796645291315 -0.06985492413203935 1.688195466679862 0.00053715967011840526 -0.7425657136922782 0.00594327611710744 0.013077665843754907 -0.061094202523917021 0.59550561128643886 0.0006782873040039704 0.010945203884720981 0.0046659886522072763 -0.061094202523917021 0.82545843609041092 1.0000000180025095e-35 0.00016418076926790607 2.3475556804926434e-05
decision_type=2 2 2 2 2 2 2 2 2 2 2 2 2 2 2 2 2 2 2 2 2 2 2 2 2 2 2 2 2 2
left_child=1 -1 3 -2 5 -5 11 8 9 -8 14 -7 -12 -9 -11 24 17 -17 19 20 -18 -22 -23 -21 25 -4 27 -27 -29 -26
right_child=2 -3 15 4 -6 6 7 13 -10 10 12 -13 -14 -15 -16 16 18 -19 -20 23 21 22 -24 -25 29 26 -28 28 -30 -31
leaf_value=0.038094903575718431 -0.044909642454010322 -0.047341241380908665 0.18803005624842586 -0.031269672663852735 -0.055653688314349525 0.025745920601920658 0.22872551760506343 -0.038683363659361647 -0.021803748311619402 0.10258608672059943 0.012108427032321513 0.24658374498431912 0.17460821289429573 0.074119885131692986 -0.051697055280954578 0.13630005609393328 0.33301008226945267 -0.014881422871188626 0.057451112540111454 0.029954548315752762 -0.049359567903062208 0.25048557038493957 -0.0073441523833984411 -0.029096280736598798 0.031944641048240165 -0.0023592099392539282 -0.031398920853947271 -0.050489682671949809 0.13283349694712618 0.0062300219052738295
leaf_weight=1.8456000938313106 8.6701699760451429 18.334799170581391 0.52691450715064903 6.7244261917367174 3.7170913754962376 0.55144411337096133 0.69675574649591254 6.8015654552145817 2.4932478188129608 0.49287827312946308 0.6355258981056976 0.6457306151278317 1.2655491599871309 0.89749588444828976 1.3424019266967664 0.77406599518144403 0.25528142414987343 67.218689047382213 5.4289250141009679 19.922296521486718 10.007630904903637 0.32702099648304539 17.268748708767816 4.6576686170883468 21.505007595958887 77.782464460935444 15.279676244768778 0.49342571035958771 1.8076832300575914 185.10816253244411
leaf_count=852 5241 62353 3 709 339 39 60 782 185 2 23 6 43 8 160 31 4 3142 75 336 580 38 1338 62 1499 20164 5608 179 124 9602
internal_value=-0.000820815 -0.0395277 0.000865184 -0.0147373 -0.00477698 0.00361053 0.0184342 0.00808546 0.0454551 0.0832825 0.0561603 0.144861 0.120285 -0.0255337 -0.0102632 0.00213761 -0.00457281 -0.0131603 0.00551724 0.000140569 -0.0162919 -0.0195223 -0.00255233 0.018765 0.00492957 -0.00363944 -0.00469848 0.000395872 0.0935236 0.00890649
internal_weight=483.478 20.1804 463.298 34.9343 26.2641 22.547 15.8226 14.6254 6.92636 4.43311 3.73636 1.19717 1.90108 7.69906 1.83528 428.364 125.86 67.9928 57.8676 52.4386 27.8587 27.6034 17.5958 24.58 302.503 95.8902 95.3632 80.0836 2.30111 206.613
internal_count=113587 63205 50382 7597 2356 2017 1308 1263 473 288 228 45 66 790 162 42785 5606 3173 2433 2358 1960 1956 1376 398 37179 26078 26075 20467 303 11101
is_linear=0
shrinkage=0.05


Tree=68
num_leaves=31
num_cat=0
split_feature=11 4 9 3 1 1 6 27 1 14 2 8 14 7 5 13 13 14 9 4 28 0 0 4 1 3 0 9 11 11
split_gain=11.8989 5.28596 3.40553 3.84922 3.33446 5.42583 6.74635 5.95745 5.66613 5.08357 16.3412 4.84743 3.37845 4.6058 4.48386 3.23467 4.19059 4.3315 2.90247 5.52663 3.96426 4.59429 6.80844 9.87025 5.90285 5.51165 8.50875 4.52428 4.55521 4.44425
threshold=0.0017340267050339343 0.0049946059485616286 0.45700392419856867 -0.10396278731773535 -0.0029099422843016859 -0.00063204294677772835 0.0021594366749233787 -0.012347485471026612 -0.0006630006212109662 0.6086562906529005 -0.011033375531561014 0.28861491907823816 0.66977764426043496 0.00085948007418055539 0.0059061353870104001 55.500000000000007 61.500000000000007 0.58659829030552857 1.688195466679862 0.004312351768003474 -0.7425657136922782 0.00053715967011840526 0.0030073244670871797 0.0079070921165569821 0.03446060900549789 -0.029875946558481678 0.0012842050091442674 2.4601156930066561 0.0028981805346128477 0.022863540282844905
decision_type=2 2 2 2 2 2 2 2 2 2 2 2 2 2 2 2 2 2 2 2 2 2 2 2 2 2 2 2 2 2
left_child=1 -1 3 -2 -5 6 7 -6 9 -9 -11 -12 13 -7 15 -15 -17 -18 -4 -20 -21 -22 23 -23 25 -25 -27 29 -29 -24
right_child=2 -3 18 4 5 12 -8 8 -10 10 11 -13 -14 14 -16 16 17 -19 19 20 21 22 27 24 -26 26 -28 28 -30 -31
leaf_value=-0.047238001845036244 0.067066383474063032 0.045848917259098981 0.0046627743058250985 -0.038998418948911706 0.21176104027212556 -0.034449788627069683 0.20140639816497768 -0.050970417692516951 0.31869829671423927 0.97003034418460321 0.16582251915201607 -0.050694540778550429 -0.045655631616416399 -0.051285614855422247 0.19728387341087239 0.15787476261980912 -0.0387115643975319 0.099052443992169129 -0.046999915345232797 0.099835014846418338 -0.011974238207881887 0.00068944699627591162 -0.033484892487689509 0.031030726282596177 0.0064862723465767521 0.24694714717466743 0.083301043370353656 0.1153896393682675 0.0070273122690618127 0.032235358482708427
leaf_weight=17.683800415688896 1.3924784972332407 1.6689947848208238 303.47424920476624 11.864881100656929 0.36557036027079437 4.7023633041826596 0.5779496706672943 2.5131870861514476 0.13479067955631707 0.048986597219481953 0.43196984601672717 0.64373455691384152 7.0281489726621649 1.1336537362367378 0.39390056300908316 0.67205655129510011 1.4246339512465058 0.9517386708757839 7.1714132592314845 0.95180495688691635 61.935816054989118 8.635820927214807 14.584723129053602 1.5049348464235661 1.8937951177358625 1.2900327239185565 2.0671117375604808 1.0162667153636018 21.22037337673828 3.1232881639152756
leaf_count=63047 23 158 37179 1933 32 1478 25 1246 28 6 26 214 2155 165 8 22 165 71 2062 29 1890 391 555 28 24 15 37 56 480 39
internal_value=-0.000798481 -0.0392101 0.000806557 -0.0143585 -0.0178061 -0.00584541 0.0413874 0.019039 0.000364291 -0.0114306 0.0769233 0.0362521 -0.0195061 0.000301528 0.0360126 0.0208228 0.0476386 0.016463 0.00201872 -0.00438027 -0.00179498 -0.00261983 0.00785019 0.0361038 0.0813729 0.110542 0.146184 -0.00303667 0.0119797 -0.0218933
internal_weight=482.502 19.3528 463.15 34.28 32.8876 21.0227 4.71619 4.13824 3.77267 3.63788 1.12469 1.0757 16.3065 9.27835 4.57598 4.18208 3.04843 2.37637 428.87 125.395 118.224 117.272 55.3363 15.3917 6.75587 4.86208 3.35714 39.9447 22.2366 17.708
internal_count=113587 63205 50382 7597 7574 5641 1577 1552 1520 1492 246 240 4064 1909 431 423 258 236 42785 5606 3544 3515 1625 495 104 80 52 1130 536 594
is_linear=0
shrinkage=0.05


Tree=69
num_leaves=31
num_cat=0
split_feature=10 4 4 2 7 14 14 27 14 29 9 3 10 9 26 26 0 1 23 26 9 8 26 14 14 14 6 14 29 14
split_gain=11.6925 4.47116 4.02132 8.28075 3.03821 3.97374 5.75508 5.12054 5.64375 5.55997 5.38153 6.04519 5.38123 5.23681 4.87133 7.29517 3.96514 8.39456 7.54282 3.94431 3.10868 3.09356 3.46662 3.01067 9.5864 3.22795 4.52643 3.77659 5.59989 5.80008
threshold=0.0009953754588973233 0.0014272636637207815 0.001438569993574737 -0.0092687733885713584 0.0031498762552230699 0.98412697241119573 0.97619045165656637 0.013193628774729392 0.78229048645820642 -12.720223857289602 2.2940539469893628 0.025724312509740315 0.0019997291696046775 0.92123858920564239 0.19473483706899478 2.8737599214375957 0.0045289445623771431 -0.020301905259918269 1.0000000180025095e-35 0.3051257479947474 0.77489030820768867 0.59796778863666156 0.45807246792398287 0.04999999940972702 0.071428569727894839 0.09523809357520531 0.0056066706535450907 0.46011360914402333 -4.8469312935418261 0.29166665451387591
decision_type=2 2 2 2 2 2 2 2 2 2 2 2 2 2 2 2 2 2 2 2 2 2 2 2 2 2 2 2 2 2
left_child=-1 -2 3 -3 -4 6 7 8 12 -9 11 -11 13 20 -13 21 23 -18 -19 -10 -6 -16 -23 -14 -25 -26 27 28 29 -27
right_child=1 2 4 -5 5 -7 -8 9 19 10 -12 14 16 -15 15 -17 17 18 -20 -21 -22 22 -24 24 25 26 -28 -29 -30 -31
leaf_value=-0.050214746280366755 -0.042610575326458178 0.66143600593175489 -0.0010023225238788075 -0.050035679459089405 0.068584884532662024 -0.061816332444008276 0.12882387764487255 0.10170411868341352 0.070117546986671428 -0.027307104612564539 -0.026244405721530351 0.15577869805927083 -0.077575385180707404 -0.015893686718332769 -0.071119330181912119 0.095511987883355409 -0.029343402621573478 0.015847175420422476 0.14990762802373833 -0.053207484296822483 0.21445310817901789 0.10579535989907832 0.0043560447480076895 0.16461249477260659 -0.077808353298919719 0.019490331649443172 0.080543547370352797 -0.026281286954748975 -0.0039903701423509253 0.13394824834239055
leaf_weight=11.670337068324441 5.9520710014039642 0.069914555322611704 379.04831511632074 0.098538372592883117 0.74871825479203769 1.911615447490475 1.0252983975224186 2.4442510502412942 0.72422446683049102 2.9453258127905455 4.4857364483177653 1.0480862352997053 1.2505671894177783 0.85749318246962491 1.0079955658875386 3.9952520024962723 2.6864180397242308 2.0686375768855205 2.1291744243353605 6.1884513897239231 0.71316146041499451 1.0500686136074362 4.2553602978587151 0.87840073928236861 1.368463267572223 3.7672982963267634 1.6834598910063494 12.215113253507296 21.975515327299956 1.5673103509470818
leaf_count=40324 14354 5 56692 229 23 54 18 30 13 76 77 10 14 90 10 47 33 29 27 234 19 9 75 13 17 79 30 346 582 28
internal_value=-0.000777159 0.000449983 0.0010021 0.245253 0.000913439 0.00945743 0.0110974 0.00962637 0.00224662 0.0307667 0.0215379 0.0365245 0.00770058 0.082204 0.0530789 0.0426374 0.00435109 0.0396752 0.083844 -0.040287 0.139745 0.00917742 0.0244333 -0.00108841 0.00111274 -0.00226039 0.000248415 -0.00317152 0.00716489 0.0531181
internal_weight=481.831 470.16 464.208 0.168453 464.04 84.9914 83.0798 82.0545 60.8224 21.2321 18.7878 14.3021 53.9097 2.31937 11.3568 10.3087 51.5904 6.88423 4.19781 6.91268 1.46188 6.31342 5.30543 44.7061 43.4556 42.5772 41.2087 39.5252 27.3101 5.33461
internal_count=113587 73263 58909 234 58675 1983 1929 1911 1577 334 304 227 1330 132 151 141 1198 89 56 247 42 94 84 1109 1095 1082 1065 1035 689 107
is_linear=0
shrinkage=0.05


Tree=70
num_leaves=31
num_cat=0
split_feature=11 14 13 1 9 6 27 13 5 29 29 6 13 11 13 10 10 11 27 27 10 14 1 1 27 1 8 8 10 2
split_gain=9.98784 5.72321 4.38614 3.66641 7.65258 5.67158 5.51394 5.29655 6.57669 6.33784 9.39032 5.55668 5.3385 4.98974 4.87651 5.19805 5.6204 7.61297 10.0181 11.3348 10.202 8.84739 9.23605 16.938 9.26522 6.53498 8.73641 6.21661 8.36101 10.9801
threshold=0.0016045567718588226 1.0000000180025095e-35 1.0000000180025095e-35 -0.042524529256435774 0.97392766280600074 0.00015187066694876081 -0.027741543416214678 67.500000000000014 0.0018365720073641933 -0.35530883132566438 -0.097286934080958662 0.0014767474024340672 83.500000000000014 0.013830089269777177 -112.49999999999999 0.0051478477139099517 0.0031903389611494071 0.0080261351048473168 -0.014689585165645735 -0.00096450233666714295 0.0035925450770980649 0.054054051132203081 -5.0329221888756506e-05 0.00027032141235657561 0.0014985010818865509 0.007937112899421386 0.79520672944786386 0.68601258448463676 0.0036714614966521703 -0.019569915511940789
decision_type=2 2 2 2 2 2 2 2 2 2 2 2 2 2 2 2 2 2 2 2 2 2 2 2 2 2 2 2 2 2
left_child=2 -2 -1 4 -3 -6 7 8 -5 -9 -11 -10 -12 -7 15 16 -8 18 20 -20 -18 -21 -23 -24 -25 -26 -27 28 29 -19
right_child=1 3 -4 6 5 13 14 9 11 10 12 -13 -14 -15 -16 -17 17 27 19 21 -22 22 23 24 25 26 -28 -29 -30 -31
leaf_value=0.04417686432819707 -0.04389438402229022 0.070499765945023565 -0.050033190479250672 -0.031491594441591324 0.027118338490829303 -0.0021266374114928726 -0.021176756838437075 -0.060523716295342013 0.024707689726561125 0.16430533532952218 -0.065137866621428342 0.095268741398252449 0.061606365617620562 -0.056220494871536734 0.0018507899933145632 -0.032038758943558912 0.34446165275707158 0.39090410614552135 -0.053235855524053646 0.36368314121371881 0.079514903071317436 -0.051556391245435075 0.61634528182874437 0.28869556510471234 -0.023521860472303341 0.31888326471226192 0.04319242650599682 -0.027599431951859505 -0.0073389638810874474 0.065697903093387522
leaf_weight=1.3526492126693472 7.7243985555396639 2.1875607799738672 14.260064099638837 2.3632387239486006 3.9713890147395459 6.3432381500024375 23.579611006745836 3.2645212257048115 5.5274507779977267 1.0209997689817099 1.8695014084805728 5.63410714850761 1.4953505744924767 12.999724963679908 337.62390735969529 23.042302604648285 0.50100377784110506 0.33208835951518256 3.0901149073615661 0.23984046059195208 1.322267983923666 1.4984884699806555 0.14987031172495502 0.43822768668178502 1.6794552229112016 0.40396724757738389 0.99552973848767579 11.989026149502022 2.9827960659749806 1.1883409790461907
leaf_count=204 1725 26 58013 207 57 151 5753 82 178 20 70 89 54 183 44560 715 27 5 319 12 51 155 15 32 170 26 48 668 175 76
internal_value=-0.00253394 -0.00121446 -0.0418711 -0.000494228 -0.018917 -0.0273069 0.000592728 0.0254744 0.0442818 -0.00777445 0.0314884 0.0603253 -0.00881234 -0.0384812 -0.000689027 -0.0123664 -0.00337073 0.0122892 0.0459727 0.0231493 0.152318 0.0668167 0.0530329 0.0957718 0.0735897 0.0429737 0.122771 -0.00878562 0.0413027 0.136729
internal_weight=481.071 465.458 15.6127 457.734 25.5019 23.3144 432.232 21.1752 13.5248 7.65037 4.38585 11.1616 3.36485 19.343 411.057 73.4329 50.3906 26.811 10.3188 8.49549 1.82327 5.40538 5.16554 3.66705 3.51718 3.07895 1.3995 16.4923 4.50323 1.52043
internal_count=113866 55649 58217 53924 417 391 53507 700 474 226 144 267 124 334 52807 8247 7532 1779 855 777 78 458 446 291 276 244 74 924 256 81
is_linear=0
shrinkage=0.05


Tree=71
num_leaves=31
num_cat=0
split_feature=11 14 13 1 6 27 3 11 14 14 25 13 26 13 10 10 11 27 3 5 29 29 29 11 29 26 11 11 1 1
split_gain=9.48184 5.3535 4.1634 3.33927 4.93041 4.88587 6.07139 10.8324 6.95193 5.24283 5.17829 7.73555 5.00859 4.51342 4.82555 5.04823 6.4197 7.65066 14.0585 7.02893 6.7238 10.3031 8.61514 9.67086 17.9502 13.1065 4.2226 5.63088 4.85114 36.446
threshold=0.0016045567718588226 1.0000000180025095e-35 1.0000000180025095e-35 -0.042524529256435774 0.00015187066694876081 -0.027741543416214678 -0.023094374423501256 0.0060192834718774861 0.6393442518140261 0.68001429035337557 1.0000000180025095e-35 -115.49999999999999 2.6990903153658041 -112.49999999999999 0.0051478477139099517 0.0031903389611494071 0.0080261351048473168 -0.014689585165645735 0.0095070318232067137 0.0018837120985981334 -0.48179498469005694 -0.45264978004414641 -1.0000000180025095e-35 0.0058313859248463615 0.25316834485834844 0.29833631563583524 0.0092653004255151931 0.0095622047464181421 -0.00029629492261216446 -0.00057695224974421905
decision_type=2 2 2 2 2 2 2 2 2 2 2 2 2 2 2 2 2 2 2 2 2 2 2 2 2 2 2 2 2 2
left_child=2 -2 -1 4 -3 6 7 -5 -8 -10 11 -9 -11 14 15 26 17 19 -19 -17 -20 -22 -23 24 -24 -26 -7 -28 29 -29
right_child=1 3 -4 5 -6 13 8 10 9 12 -12 -13 -14 -15 -16 16 -18 18 20 -21 21 22 23 -25 25 -27 27 28 -30 -31
leaf_value=0.041623910299950745 -0.043170250770032198 0.027820201343724218 -0.050031627998502859 0.15605412942485061 -0.028768057592170077 -0.039537279713869687 -0.055383650144060964 0.11350426221504646 0.19275741054657339 -0.056289369285091574 0.066857316702800859 -0.021114662228493584 0.089531799298130571 0.0017556737479918563 -0.031240010446495804 0.23937321942688047 -0.0085041319001537986 -0.027035825928758431 -0.051273271286139413 0.050948953291799486 0.50642514007103256 -0.052651191540024449 0.50179915641088946 0.020083801585359034 0.42567935957439301 -0.051195635511438187 0.12947857533503326 -0.0027606268705366657 -0.050634822269234929 0.67343982305778183
leaf_weight=1.3635423953819543 7.4678289690345983 4.7373360968194929 13.565005329364793 1.8293340045493121 20.531618369510397 12.905564770073399 4.1793561465456142 1.2747563023585815 0.5006464158650491 1.2113303686492147 4.7804283886216581 6.5519645204185499 1.1459353346144778 338.10668853636889 22.464742051553912 0.83922479138709549 16.324004602152854 5.5684753206442128 0.56679471873212639 1.2064786476548759 0.17754954565316516 0.59943019226193528 0.44881202955730104 0.70235641289036732 0.2073670553509146 0.47214213560800999 0.81600123830139537 5.350780551234493 3.8438680241815737 0.20697650488000263
leaf_count=204 1725 65 58013 53 352 4352 248 31 8 65 72 189 34 44560 715 35 924 553 51 43 3 44 20 55 4 47 113 596 670 22
internal_value=-0.00243653 -0.00117733 -0.04166 -0.000491952 -0.0181591 0.000540779 0.0237908 0.0423531 -0.0142885 0.0458082 0.0258547 0.000811036 0.0145985 -0.000674547 -0.0119767 -0.00336244 0.0112752 0.0412028 0.0208357 0.128248 0.10481 0.138735 0.111871 0.165742 0.256411 0.0943332 -0.0205255 0.00348768 -0.00744753 0.0224218
internal_weight=479.946 465.018 14.9285 457.55 25.269 432.281 21.4738 14.4365 7.03727 2.85791 12.6071 7.82672 2.35727 410.807 72.7006 50.2358 27.1126 10.7886 8.74293 2.0457 3.17445 2.60766 2.43011 1.83068 1.12832 0.679509 23.1232 10.2176 9.40163 5.55776
internal_count=113866 55649 58217 53924 417 53507 700 345 355 107 292 220 99 52807 8247 7532 1779 855 777 78 224 173 170 126 71 51 5753 1401 1288 618
is_linear=0
shrinkage=0.05


Tree=72
num_leaves=31
num_cat=0
split_feature=10 14 14 4 9 6 4 3 7 1 1 6 7 7 6 0 1 2 11 11 3 26 5 3 2 29 5 7 9 4
split_gain=9.10509 5.12448 3.08239 6.73541 12.9391 8.88369 10.5704 4.4849 4.00657 3.54126 3.29636 5.23331 3.74874 6.60461 5.74742 9.71451 7.68926 6.44618 7.72231 6.43121 5.33279 5.16872 5.85625 5.16505 7.66804 12.8064 8.13018 5.65663 6.68858 5.14514
threshold=0.0011172322399795966 1.0000000180025095e-35 0.021276595405164096 0.0087804540794300598 1.9091682523169953 0.00027147415676393556 0.0075661179913647106 -0.047758236858223453 0.00021346995437418194 -0.013800699553239306 -0.042524529256435774 0.00015187066694876081 0.001434748047149276 0.0015178079332374172 0.00018698948737119631 -0.00401353532575541 0.004537942187957951 0.0041868115540389479 0.017268951338354099 0.0042707428181120504 -0.075423865271964902 6.2362858308252411 0.0012902787696109034 -0.029875946558481678 -0.024825055813339734 0.80939799683171676 0.0019072361708658732 0.0012698681459264703 1.5357968005554439 0.015462719779266968
decision_type=2 2 2 2 2 2 2 2 2 2 2 2 2 2 2 2 2 2 2 2 2 2 2 2 2 2 2 2 2 2
left_child=-1 -2 3 4 9 -6 -7 -5 -9 -3 11 -4 20 14 15 -14 -16 -18 19 -19 -12 -15 -23 29 25 26 27 28 -25 -22
right_child=1 2 10 7 5 6 -8 8 -10 -11 12 -13 13 21 16 -17 17 18 -20 -21 23 22 -24 24 -26 -27 -28 -29 -30 -31
leaf_value=-0.043489641642447868 -0.042573470412679379 0.065620447797543724 0.030883411014288771 -0.050351918738579741 0.36168400608078394 0.0029533173397389978 0.31616112247926431 -0.042521965688974775 0.068569840744373403 -0.018443544392477872 0.034366677694490262 -0.031529982874223143 0.29779243388154114 0.00020884715294310224 -0.013533834572164795 0.040892509678207331 0.24897243917550421 0.1177722449786224 0.17137217766073842 -0.056226836198979474 -0.032570932225037062 -0.016609196473102227 0.052668246950554533 -0.050866623054278443 -0.0049411740862558597 0.33823561430895532 -0.01278965668853854 0.35991779845077904 0.20441117450171023 0.086427071037056824
leaf_weight=13.0799877839745 7.3627309519797555 2.2355930322082709 4.1202907972037819 3.617038800381124 0.47443706837657362 0.81401333212852456 0.40261824429035187 1.2632713043130936 2.2700536013580859 2.8497343053168138 8.4391609873855469 18.168510108022019 0.56334247533231963 170.42375014707795 4.9510319395194511 1.0611592697532604 0.49623966799117658 0.82355337908666193 1.007405564188957 1.4952214740915222 23.25430907052942 4.3975357023882671 9.9590291189088003 0.46670476021245011 189.81683886086103 0.38245729712070886 2.7565941140055656 0.23770441883243609 0.56995927926618606 0.94528516754507919
leaf_count=47384 2383 82 57 50 35 56 9 25 34 901 302 315 20 8276 474 245 34 40 8 51 2193 267 284 73 50051 26 140 8 32 11
internal_value=-0.00234696 -0.00119121 -0.000526341 0.0226362 0.0583546 0.178167 0.106603 -0.011214 0.0288511 0.0185124 -0.00125232 -0.0199923 -0.000262644 0.00481783 0.043591 0.12998 0.0275952 0.080868 0.0557881 0.00557198 -0.00463344 0.00263598 0.031448 -0.00614023 -0.00342631 0.0617266 0.0354914 0.139928 0.0894855 -0.0279226
internal_weight=478.706 465.626 458.263 13.9268 6.7764 1.69107 1.21663 7.15036 3.53332 5.08533 444.336 22.2888 422.047 195.178 10.398 1.6245 8.77345 3.82242 3.32618 2.31877 226.869 184.78 14.3566 218.43 194.23 4.41342 4.03096 1.27437 1.03666 24.1996
internal_count=113866 66482 64099 1192 1083 100 65 109 59 983 62907 372 62535 9699 872 265 607 133 99 91 52836 8827 551 52534 50330 279 253 113 105 2204
is_linear=0
shrinkage=0.05


Tree=73
num_leaves=31
num_cat=0
split_feature=11 14 4 1 9 27 0 6 27 3 11 14 4 4 13 6 9 13 10 10 11 27 3 28 13 3 14 14 9 3
split_gain=8.66652 4.67785 4.00801 2.74722 6.75792 4.57348 6.18487 6.54595 4.25494 5.28703 8.77862 6.4243 4.70111 4.80111 4.26687 5.69116 4.75741 4.1329 4.47295 4.52018 5.55653 6.15405 11.29 5.05622 5.7348 6.21005 8.67668 16.8087 6.40295 5.9045
threshold=0.0016045567718588226 1.0000000180025095e-35 0.0049946059485616286 -0.042524529256435774 0.97392766280600074 -0.014689585165645735 -0.0045470780635303203 0.00018335166850020769 -0.027741543416214678 -0.023094374423501256 0.0060192834718774861 0.6393442518140261 0.0087804540794300598 0.0056438217060396341 67.500000000000014 0.00012051520249363382 0.63405067546990901 -112.49999999999999 0.0051478477139099517 0.0031903389611494071 0.0080261351048473168 -0.014689585165645735 0.0095070318232067137 0.50358154461954008 -126.49999999999999 0.036952122148543355 0.59999996000004541 0.71951218634739655 1.1824122010273499 0.025724312509740315
decision_type=2 2 2 2 2 2 2 2 2 2 2 2 2 2 2 2 2 2 2 2 2 2 2 2 2 2 2 2 2 2
left_child=2 -2 -1 4 -3 -6 -7 -8 9 10 -5 -11 13 -13 16 -16 -12 18 19 -10 21 -21 -23 24 -24 26 29 -28 -29 -26
right_child=1 3 -4 8 5 6 7 -9 17 11 14 12 -14 -15 15 -17 -18 -19 -20 20 -22 22 23 -25 25 -27 27 28 -30 -31
leaf_value=-0.050026784487488152 -0.041675458269207433 0.066727962937988383 0.040178237852312372 0.1374100641879635 -0.041724394448195458 0.08045641689158356 0.07536527657468077 -0.048054270231171668 -0.01984544511042215 -0.055258577158560418 0.13228198595006987 -0.050579897079098338 -0.036497306617243354 0.14135167073116742 0.066502620337549806 -0.06497700580477396 0.027749510149284791 0.0016352936883647718 -0.030383615960766663 0.11196217165066086 -0.0082930433951090236 -0.026213012341377545 -0.052950506508767883 -0.051248668443248518 -0.051075861026490671 -0.051259553904337653 0.59407715658837357 -0.050533072245088184 0.29564606878038019 0.17191268502562229
leaf_weight=12.530317426731925 6.9920924858161007 2.2137138214893666 1.3656296370900225 1.9621127377613472 14.437426168005917 2.0418445430696011 1.3899019602686129 4.7321201451122761 22.596689179510577 3.9904218448209567 1.2639930829172934 0.43256297055631909 1.1384595790877936 1.3204789534211157 1.2318966304883354 2.4798892266117036 7.8373343891871627 338.39627165261481 21.940479042823426 2.2252109213732174 16.215343238902278 5.4119463228271361 0.43364533595740873 0.54168597294483323 0.45206093299202688 0.35057492763735343 0.30936927336733777 0.25448473915457726 0.281132229603827 0.86471546499524266
leaf_count=58112 1725 26 105 53 216 35 18 122 5753 248 20 71 17 19 22 65 185 44560 715 78 924 553 27 51 49 21 14 32 8 22
internal_value=-0.00225402 -0.00108814 -0.0411619 -0.000466813 -0.016645 -0.024811 0.00509945 -0.0200339 0.000462644 0.0220623 0.0389225 -0.014136 0.0426153 0.0939926 0.0238408 -0.0213405 0.042267 -0.000677536 -0.0115663 -0.0032986 0.0103774 0.0375911 0.0189958 0.0891479 0.114963 0.143946 0.175603 0.30065 0.131168 0.0953588
internal_weight=477.634 463.738 13.8959 456.746 24.815 22.6013 8.16387 6.12202 431.931 21.6571 14.7752 6.88192 2.8915 1.75304 12.8131 3.71179 9.10133 410.274 71.8773 49.9369 27.3402 11.1248 8.89962 3.48767 2.94598 2.51234 2.16176 0.844986 0.535617 1.31678
internal_count=113866 55649 58217 53924 417 391 175 140 53507 700 345 355 107 90 292 87 205 52807 8247 7532 1779 855 777 224 173 146 125 54 40 71
is_linear=0
shrinkage=0.05


Tree=74
num_leaves=31
num_cat=0
split_feature=10 11 1 9 11 9 4 27 3 11 26 28 1 3 15 26 16 5 19 26 12 9 3 13 13 5 29 28 28 10
split_gain=8.30456 2.85599 2.87579 6.11478 3.64885 5.2181 4.20672 3.52861 4.60425 6.70872 4.59683 7.04464 5.83984 5.35732 4.29664 4.03128 3.97439 7.1235 6.68199 4.0571 4.66649 3.94751 3.63946 3.4822 3.65627 3.9541 6.66698 4.85168 7.56408 3.94306
threshold=0.0011172322399795966 0.0016271335597570096 -0.042524529256435774 0.97392766280600074 0.013830089269777177 1.2923100718722458 0.0065997982509336485 -0.027741543416214678 -0.023094374423501256 0.0060192834718774861 0.16601235225856695 0.14615839602434968 -0.0065612376651661948 -0.10396278731773535 1.0000000180025095e-35 0.053935358781598323 1.0000000180025095e-35 0.0086738635985323612 1.0000000180025095e-35 1.1157599022665872 -9.4999999999999982 0.70874726444716718 0.0058978788895010957 124.50000000000001 -112.49999999999999 1.6469424963243697e-05 0.32698043795305676 -0.59399407525729186 -0.56270045186643747 0.0051478477139099517
decision_type=2 2 2 2 2 2 2 2 2 2 2 2 2 2 2 2 2 2 2 2 2 2 2 2 2 2 2 2 2 2
left_child=-1 -2 3 -3 5 -5 -6 8 9 -4 15 12 13 -12 -10 -11 18 -18 23 20 -19 -22 -20 24 29 26 -26 -28 -29 -9
right_child=1 2 7 4 6 -7 -8 16 14 10 11 -13 -14 -15 -16 -17 17 19 22 -21 21 -23 -24 -25 25 -27 27 28 -30 -31
leaf_value=-0.042973409040545418 -0.03583633504671109 0.061552262941396346 0.11702470532590346 0.098123957274489748 0.028747386042073012 -0.01406664588688307 -0.049198476199730071 -0.0021068081390344892 -0.036887336982759339 0.017963190478130411 -0.015947816774850739 -0.056076389612327388 -0.052704277774476352 0.092043574027098549 0.055421705501409138 0.13343903084182529 -0.033161393821566403 0.09431186320700384 0.020401643582082282 -0.054653974922181631 0.094828263135765506 -0.0031811937345756882 0.12084640777924885 -0.036730883710937627 -0.020785565421745283 0.002500111121547949 -0.050430761682745288 0.46379093977657998 0.12247309090509273 -0.029571402254916564
leaf_weight=12.148623772052813 5.8417334576224667 2.2704392629675594 2.146438340307216 1.2095456426031903 1.9919218206778158 7.2413504482246935 13.214879478327928 44.43001004125108 5.1572432167013167 1.5112174535170191 1.6677762083709216 3.1843890560558066 1.5173547309241255 3.6880734884180133 1.6684319138294084 1.5119393756613133 23.181967174110468 1.97639366891235 1.8850275551085354 1.8862258987501253 1.1806594943627695 7.913082119775936 1.7290115648647768 6.2954845873609875 1.3355797019321465 298.51816714336746 0.29698472458403546 0.19129467356833618 1.0717544903309315 18.514298134949058
leaf_count=47384 18173 27 62 25 33 164 180 5848 303 24 22 99 66 58 55 22 6383 43 160 67 11 129 35 1063 306 32249 132 14 117 612
internal_value=-0.00216447 -0.00109652 -0.000653791 -0.0168279 -0.02435 0.00199078 -0.0389884 0.000315928 0.0197997 0.0350958 0.021652 0.00540149 0.0338845 0.0584158 -0.0143238 0.0757149 -0.00073102 -0.0165656 0.000797924 0.0131283 0.0246776 0.00954358 0.068456 0.000138227 0.000775263 0.00306413 0.0612112 0.13141 0.174167 -0.0101852
internal_weight=476.377 464.229 458.387 25.9281 23.6577 8.4509 15.2068 432.459 22.0529 15.2272 13.0808 10.0576 6.8732 5.35585 6.82568 3.02316 410.406 36.1383 374.268 12.9564 11.0701 9.09374 3.61404 370.654 364.358 301.414 2.89561 1.56003 1.26305 62.9443
internal_count=113866 66482 48309 429 402 189 213 47880 711 353 291 245 146 80 358 46 47169 6633 40536 250 183 140 195 40341 39278 32818 569 263 131 6460
is_linear=0
shrinkage=0.05


Tree=75
num_leaves=31
num_cat=0
split_feature=11 4 26 3 0 5 29 8 16 11 28 8 29 12 26 5 0 2 17 28 29 8 3 12 28 8 11 5 5 13
split_gain=9.5213 4.93088 6.29153 7.41409 10.4169 4.68318 4.63707 6.42163 5.75967 5.48629 20.6737 93.513 4.08869 4.08032 9.65422 3.98112 4.85824 3.90963 7.73879 5.67417 8.5053 11.4407 4.97012 4.60627 4.11244 5.2722 8.9105 3.98995 6.19521 9.37151
threshold=0.0016045567718588226 0.0060594318977559578 3.7586107705553511 0.043048405419021045 0.0042304164192983095 2.7858854676127241e-05 -1.8314093925077251 0.20842213108561838 1.0000000180025095e-35 0.0016383100826509415 0.27605491597669046 0.67801597677693348 0.63723304164381356 105.50000000000001 2.6441930920637291 0.00098133500852303954 0.001000620655478288 -0.022038254152078877 0.00051147660649720854 -0.12836806448413776 0.012998860031806893 0.92610471782097836 -0.017491594265931682 68.500000000000014 0.42215623570903443 0.89175561366197165 0.0065554317904303475 0.0034512765969553663 0.0030938569118559166 -122.49999999999999
decision_type=2 2 2 2 2 2 2 2 2 2 2 2 2 2 2 2 2 2 2 2 2 2 2 2 2 2 2 2 2 2
left_child=-1 2 5 -4 15 -2 7 -7 9 10 -8 -12 17 -10 -15 16 -5 18 19 22 23 -22 -11 24 -21 26 -26 28 -19 -30
right_child=1 -3 3 4 -6 6 8 -9 13 12 11 -13 -14 14 -16 -17 -18 27 -20 20 21 -23 -24 -25 25 -27 -28 -29 29 -31
leaf_value=-0.044805122071072075 0.05440352274098377 0.0042685360933810762 -0.045786398654101917 0.015976141116467234 0.23100021950424715 0.31296796892134404 -0.050135471621712391 -0.032572060458385975 -0.050464777524970889 -0.031276899171195638 3.0331577610883209 -0.050128690714386928 -0.021800441770683923 0.011531920793251306 0.60195814526966918 -0.038135416491941042 0.20938251648044834 0.00094892746273645594 0.21518562377731862 -0.051195149745790071 0.058629891381372139 0.4598579042299501 0.12610724169535695 0.19504196423885922 0.3221122129369528 -0.022345848651550652 0.039086734210899927 -0.025124097539459059 0.26364389239870767 0.033918182972822189
leaf_weight=12.350887711654648 3.503194377422914 257.17760079470463 18.571378477994589 2.3671468148531853 0.51756348926573981 0.13560888823121686 0.30493793121422541 15.850362278652026 8.2971165585040545 4.6133034254889926 0.032421407842775807 0.10182581418484915 18.032938003190793 0.74885165816522281 0.076288279393338598 3.4617309746390674 0.37631443349528115 97.686101534956833 0.549821085645818 1.4169185995997371 0.45198035711655382 0.29274333175271749 0.5628317804657853 0.39956016652286042 0.39634675797424301 1.1604849994182584 0.93208030157256871 13.015344098559579 0.47578812885330979 6.6335570941737378
leaf_count=58058 869 7128 6264 149 19 5 676 2739 4801 401 18 213 3678 451 15 295 20 24781 34 138 39 21 39 13 25 82 45 1678 42 791
internal_value=-0.0014847 -0.000316845 -0.00618483 -0.0294994 0.0154928 -0.00282785 -0.00399237 -0.0296408 -0.00136712 0.00102433 0.17748 0.694501 0.000495769 -0.0399193 0.0661198 -0.00248228 0.0425053 0.00362258 0.0324497 0.0226248 0.0603312 0.216349 -0.0141636 0.0333442 0.0168028 0.0555134 0.12353 0.000985776 0.00422856 0.0492924
internal_weight=470.493 458.142 200.965 25.2941 6.72276 175.67 172.167 15.986 156.181 147.059 0.439185 0.134247 146.62 9.12226 0.82514 6.20519 2.74346 128.587 10.7761 10.2262 5.05011 0.744724 5.17614 4.30539 3.90583 2.48891 1.32843 117.811 104.795 7.10935
internal_count=113527 55469 48341 6747 483 41594 40725 2744 37981 32714 907 231 31807 5267 466 464 169 28129 837 803 363 60 440 303 290 152 70 27292 25614 833
is_linear=0
shrinkage=0.05


Tree=76
num_leaves=31
num_cat=0
split_feature=10 4 14 16 9 0 9 3 1 8 17 1 8 3 6 8 8 10 29 8 12 5 2 6 2 5 5 2 8 1
split_gain=9.11567 4.47242 4.73762 4.42241 4.8704 8.77115 5.68316 8.2232 4.00823 3.9247 3.86342 7.26825 16.7926 7.01538 5.12013 9.89841 6.92081 10.8533 13.0683 7.58231 16.3308 7.52621 7.30238 9.66896 9.82804 6.92734 14.4494 57.9116 9.73591 15.1388
threshold=0.0012615441237213622 0.0060594318977559578 0.7063491951373233 1.0000000180025095e-35 1.688195466679862 -0.0053562978755808434 1.6386215109255524 0.023902257289039882 -0.020301905259918269 1.2531014811344405 0.00016418076926790607 0.0026186943033144924 0.84693500919176845 -0.05264098230020154 0.00094842040869066991 0.77030968850612402 0.57933668548808748 0.0044198572196562777 -0.28940889315291873 0.68971632124520743 4.5000000000000009 0.001123868060685238 -0.0065558506297344827 0.00037385886178251208 -0.012254666637703812 0.0006649749031173419 0.00069805432927510884 0.0025110666675284775 0.61590572471213834 -0.0065612376651661948
decision_type=2 2 2 2 2 2 2 2 2 2 2 2 2 2 2 2 2 2 2 2 2 2 2 2 2 2 2 2 2 2
left_child=-1 2 3 4 6 -6 10 -8 9 -5 14 13 -13 -12 15 16 22 21 -19 20 -20 25 23 -2 -25 -18 27 -27 29 -28
right_child=1 -3 -4 8 5 -7 7 -9 -10 -11 11 12 -14 -15 -16 -17 17 18 19 -21 -22 -23 -24 24 -26 26 28 -29 -30 -31
leaf_value=-0.039113816454578704 -0.020682093256194994 0.0041438779217720569 -0.018378214149730846 -0.050418692475835997 0.42466642710728331 -0.035179778029959939 0.012493222643926551 0.28508673222192071 -0.040512381516080262 0.20698374505561756 0.23495920555798927 0.026968531102851412 0.50977229037829852 -0.00081363201405638898 -0.0083193424283526662 -0.010764842372743624 0.022509818847939331 0.29937984668056017 0.35501986537957975 -0.01844844152029711 0.061683783288784204 -0.0071542023897141474 -0.029326298524714439 0.028711904139986401 0.21319865185530135 -0.050071899503303458 1.3292060405412454 3.9103469871351337 0.071598089107169444 0.25207458995701354
leaf_weight=15.550083654467015 2.7066572786570759 258.0628124877112 54.637791565226507 0.26634713879320671 0.10471250489354034 10.705959110768161 0.74940688598144223 0.43857222760561854 9.6331806708767527 0.33353015733882785 0.34483775810804207 0.56107041041832406 0.2652437484357506 3.7088398124615187 62.232963044589269 23.90690981032094 2.5110414661612577 0.81873568741139013 0.61298876721411888 1.3118524050805715 2.0998501653084531 6.4546051050856477 6.8893682562193153 1.6295563103049064 1.2960572458541717 0.034333022107602917 0.036235489358659834 0.012624585797311738 1.5313373999670146 0.32699263551330648
leaf_count=55055 538 7093 16445 43 3 1873 158 15 6960 8 17 46 26 1300 6881 9009 1336 29 27 73 81 1828 3522 138 188 61 8 8 615 143
internal_value=-0.00147046 -0.000181764 -0.00587241 -0.00104433 0.00142325 -0.0307257 0.00430797 0.113128 -0.0327035 0.0926964 0.00322428 0.0467932 0.181947 0.0192431 0.00136595 0.0129174 0.032943 0.0550002 0.117285 0.0802417 0.127966 0.0273421 0.00519791 0.0474278 0.11044 0.0773492 0.148275 1.01469 0.1268 0.359529
internal_weight=469.774 454.224 196.162 141.524 131.291 10.8107 120.48 1.18798 10.2331 0.599877 119.292 4.87999 0.826314 4.05368 114.412 52.1791 28.2722 15.7506 4.84343 4.02469 2.71284 10.9072 12.5216 5.63227 2.92561 4.45256 1.94152 0.0469576 1.89457 0.363228
internal_count=113527 58472 51379 34934 27923 1876 26047 173 7011 51 25874 1389 72 1317 24485 17604 8595 4209 210 181 108 3999 4386 864 326 2171 835 69 766 151
is_linear=0
shrinkage=0.05


Tree=77
num_leaves=31
num_cat=0
split_feature=11 4 26 27 0 5 27 9 29 16 13 27 26 8 17 17 1 11 11 29 5 4 12 26 17 9 9 7 11 18
split_gain=8.61171 4.25939 5.64609 5.39259 8.08665 4.21536 4.9579 3.54446 3.39956 5.17224 4.60199 5.21483 11.8647 4.85042 4.52285 13.5158 3.98678 6.18649 6.28554 6.06656 4.08432 4.03421 3.85542 6.79006 3.84586 8.90789 10.11 7.27887 7.428 7.72953
threshold=0.0016045567718588226 0.0060594318977559578 3.7586107705553511 0.013193628774729392 0.0042304164192983095 2.7858854676127241e-05 0.020568553262855144 0.43366813532172793 -1.8314093925077251 1.0000000180025095e-35 -109.49999999999999 0.0061240209054243492 0.17757819537542724 0.44322059289927956 0.0026753872310450546 0.0027356587142815013 -0.016456164137779724 0.0072218013950567069 0.005472438281268502 -1.1725374732651241 0.0044817556072112852 0.005405481931973064 105.50000000000001 2.0813393690663813 0.0010292147134002316 0.68991149245596384 0.70137564451160694 0.0020546991329583124 0.0030252536593145915 1.0000000180025095e-35
decision_type=2 2 2 2 2 2 2 2 2 2 2 2 2 2 2 2 2 2 2 2 2 2 2 2 2 2 2 2 2 2
left_child=-1 2 5 -4 -5 -2 8 -3 10 16 11 -7 -13 -14 -12 -16 17 18 19 -10 24 -20 -11 -24 -18 -26 -27 28 29 -28
right_child=1 7 3 4 -6 6 -8 -9 9 22 14 12 13 -15 15 -17 20 -19 21 -21 -22 -23 23 -25 25 26 27 -29 -30 -31
leaf_value=-0.044245711174344532 0.05070399166955733 0.040991791497249429 -0.044889630241251588 -0.0095540063670560057 0.17628090715195907 -0.01965679825097974 -0.04605084635544307 0.0029058419588105398 0.17038160984024647 -0.050424832136203135 -0.048379725715193667 0.4658574961048646 0.16857182026618492 -0.051935689288199673 0.86265259458623389 -0.050211392063316457 -0.00010805098935310519 -0.0082947774355390316 0.20779322873688397 -0.051417450288356065 -0.051083932865553294 0.059616871795866958 -0.050344854270383266 0.23901430645956442 -0.050955909558747917 0.41385310825628552 0.094115616254234979 0.50784403864619143 -0.024851663285809084 0.60625507097284126
leaf_weight=11.4821340891649 3.6093774649634716 6.2604149693506761 16.350279840160514 7.2036898545338763 0.63718153268564481 2.5224177760537709 6.7023408546810961 252.35269242536742 0.42951269913464774 7.317194459596065 9.8760346660419565 0.19305921849445429 0.42353237158386015 0.60652049689088017 0.054626492521493542 0.15733417239971459 125.74275796921575 3.397814710973762 1.1287741739070041 1.0923561285017052 3.7546983940410419 0.77454032376408566 0.52293585080769833 0.33110915675933938 1.886895260613527 0.21429502108367149 2.2464265000016899 0.089491689461283275 1.7793494405923409 0.076172624772880115
leaf_count=58058 869 169 6055 646 46 361 716 6959 9 4728 2072 11 11 82 6 83 29906 120 38 82 455 11 438 28 589 31 644 12 237 55
internal_value=-0.00147726 -0.000404425 -0.00590115 -0.0285418 0.0055477 -0.00277016 -0.00389675 0.00382781 -0.00218047 -4.10411e-06 -0.0259027 0.0214258 0.10615 0.0387316 -0.0434751 0.185052 0.00221254 0.0395073 0.0869274 0.0111803 0.000338601 0.147494 -0.0386913 0.0618383 0.00180091 0.0399467 0.0788787 0.0617525 0.0520202 0.110912
internal_weight=469.216 457.734 199.121 24.1912 7.84087 174.93 171.32 258.613 164.618 150.784 13.8335 3.74553 1.22311 1.03005 10.088 0.211961 142.613 6.823 3.42518 1.52187 135.79 1.90331 8.17124 0.854045 132.035 6.29263 4.40574 4.19144 4.10195 2.3226
internal_count=113527 55469 48341 6747 692 41594 40725 7128 40009 37383 2626 465 104 93 2161 89 32189 260 140 91 31929 49 5194 466 31474 1568 979 948 936 699
is_linear=0
shrinkage=0.05


Tree=78
num_leaves=31
num_cat=0
split_feature=10 11 12 4 7 8 4 1 4 6 11 28 7 8 2 26 14 10 10 13 28 10 6 14 28 7 9 14 7 24
split_gain=8.16202 3.96985 6.8232 8.98943 12.9272 5.93275 5.04315 10.6845 8.20457 6.95159 6.29141 4.5206 5.19845 4.43041 4.37826 6.51058 4.37787 5.67687 4.16494 4.6967 4.08002 5.41305 6.43059 3.98834 4.86661 3.67276 3.92974 3.42675 4.46308 3.40962
threshold=0.0012615441237213622 0.005082828182304368 67.500000000000014 0.004312351768003474 0.00056414577625844907 0.37475453219081462 0.0093275396690195786 0.0083911962123196879 0.010928120288850282 0.0056066706535450907 0.0042707428181120504 1.0518519996695994 0.0026956985323347343 1.1224985848076852 0.012953395423579881 0.12293933329521557 0.085106381167955311 0.0073819076879511362 0.00128044407548926 -116.49999999999999 0.12891024759482819 0.0047519676268397548 0.0021594366749233787 0.99999999002487583 0.33907192867960551 0.001892021146355044 1.3654043688863735 0.15942028638941377 0.0020546991329583124 1.0000000180025095e-35
decision_type=2 2 2 2 2 2 2 2 2 2 2 2 2 2 2 2 2 2 2 2 2 2 2 2 2 2 2 2 2 2
left_child=-1 6 5 4 -4 -3 14 9 10 27 -9 13 -13 16 18 -16 -5 20 -2 -20 21 -18 -23 29 -25 26 -26 28 -8 -7
right_child=1 2 3 11 -6 23 7 8 -10 -11 -12 12 -14 -15 15 -17 17 -19 19 -21 -22 22 -24 24 25 -27 -28 -29 -30 -31
leaf_value=-0.038253975080840615 0.096428150739757662 -0.035843336940377911 0.36274922450277103 0.096203299733264108 0.015324494415198578 0.0032017103356618394 -0.032966754376759784 0.22972222817579668 -0.013485073717061933 0.10151157393088416 0.066285522917266831 0.010937766776400376 0.1515733927828965 -0.029199021003160564 0.13733887234557482 -0.047356563150383113 -0.035381307355199211 -0.024921651835203465 -0.050671229890584368 -0.0056527902984189228 0.091928407482881003 -0.0031271479304275256 0.11451903091727011 -0.051568313269154391 0.13744556650849454 0.16331736174735109 -0.052700478576702514 -0.060441493969978902 0.11134244218610655 -0.015884799525162602
leaf_weight=14.57838489799178 0.96131843977491271 10.731724436074726 0.47817092691548413 1.9461041186004973 0.60842737799976021 251.72350382787408 1.5679270348045959 1.2151632877066738 1.1270372341386972 1.1919497919734565 1.142395196482539 1.2781208292581134 1.3523226883262394 4.6958214924670747 0.49854151345789333 11.115557474928208 2.7870264560915512 5.3670464865863314 6.1246921826095777 107.18934582370275 2.6550907851196826 2.4471531733870506 2.2109916210174561 0.727900384459644 0.49642583279637642 1.078300160821527 0.60031475906725973 3.7255876509007066 0.81389958923682559 25.796699845814146
leaf_count=55055 840 774 28 24 37 11311 80 22 34 20 19 27 15 93 28 1352 96 82 1730 40208 39 52 24 78 19 16 34 134 17 1239
internal_value=-0.00142871 -0.000245315 0.00282597 0.0274568 0.168213 0.000641146 -0.00736842 0.0254475 0.0974793 -0.00893931 0.150526 0.0212746 0.0832392 0.0139023 -0.0101795 -0.0394284 0.0255254 0.0166326 -0.00720686 -0.00808606 0.0387136 0.0197362 0.0527137 0.0020374 0.0603399 0.0977912 0.0333667 -0.0304954 0.0163455 0.00142754
internal_weight=468.233 453.655 316.981 25.8263 1.0866 291.155 136.673 10.784 3.4846 7.29936 2.35756 24.7397 2.63044 22.1092 125.889 11.6141 17.4134 15.4673 114.275 113.314 10.1003 7.44517 4.65814 280.423 2.90294 2.17504 1.09674 6.10741 2.38183 277.52
internal_count=113527 58472 13988 517 65 13471 44484 326 75 251 41 452 42 410 44158 1380 317 293 42778 41938 211 172 76 12697 147 69 53 231 97 12550
is_linear=0
shrinkage=0.05


Tree=79
num_leaves=31
num_cat=0
split_feature=10 4 26 3 14 10 5 27 0 14 26 8 27 8 17 12 7 7 26 6 26 3 6 12 9 14 1 5 5 26
split_gain=7.66049 3.64198 4.52053 7.32217 6.34323 6.34086 3.92594 4.65117 3.40058 5.79996 14.7777 8.39118 7.07259 5.70714 5.45903 6.00343 4.77304 4.49554 6.50207 4.37821 4.14808 5.22665 5.11373 5.04336 4.50835 4.04845 5.45182 4.9045 5.70093 3.90711
threshold=0.0012615441237213622 0.0060594318977559578 3.7586107705553511 0.043048405419021045 0.99434852506354521 0.0016547151260153531 2.7858854676127241e-05 0.020568553262855144 0.0053543102389167962 0.92656460033607979 0.5745686273723688 0.88381792937433723 0.020568553262855144 1.0390403404168451 0.003222852395361095 61.500000000000007 0.0040443346279740106 0.00095557402823713089 0.18331857488651238 0.0027363772066264871 0.84297656355358364 0.068268635994228902 0.0019779398530117391 46.500000000000007 2.372269785307918 0.91666651388890219 0.03446060900549789 0.0059061353870104001 0.0055648196309446554 20.642350489746018
decision_type=2 2 2 2 2 2 2 2 2 2 2 2 2 2 2 2 2 2 2 2 2 2 2 2 2 2 2 2 2 2
left_child=-1 2 6 -4 5 -5 -2 -8 9 -3 -11 12 -12 17 25 29 -13 -10 -19 20 21 23 24 -20 -22 26 27 28 -15 -16
right_child=1 8 3 4 -6 -7 7 -9 13 10 11 16 -14 14 15 -17 -18 18 19 -21 22 -23 -24 -25 -26 -27 -28 -29 -30 -31
leaf_value=-0.037731459274513351 0.04859322269092866 0.0050049251124132258 -0.044849457389453243 0.09215328859470534 0.16650139629174443 -0.028864252753702153 -0.0021464061390672946 -0.045623394397938673 -0.042256133076403975 0.30121459760018454 -6.2371295287885631e-05 -0.040399729661481386 0.17634500415177115 -0.025164865993431297 0.058017109687074367 -0.05307298050256079 0.060285663844347186 0.093741009587997137 -0.047562666361349842 -0.064308704803711786 -0.066393710410346404 0.12855653585377957 0.067679551606126584 0.055172799580932519 0.05878644472777711 -0.053454597906914696 0.088550327727123207 -0.035221733308729117 0.10788364579117869 -0.031317586123243937
leaf_weight=14.054614537526502 3.6527211118082041 191.34706034028204 15.854459633410444 1.4494797805673432 0.65094441850669671 4.2741808330174536 161.29933312971843 6.3954402004310387 14.211594673688525 0.53858051542192509 0.9300823631929237 3.3950240705162287 1.4602022394537923 1.6303343990584835 9.8013786383671668 1.7357249907217909 1.8017436923692001 1.5388733400031949 2.2187666390091199 3.3903256650082758 4.6989132438320667 1.1002814956009386 1.1728183301165698 2.5879558934830129 0.84925769735127676 4.0621900472324333 1.6563114784657962 6.3423863165080547 1.5906712375581264 1.3985702857607964
leaf_count=55055 954 5283 5615 63 39 315 43722 671 440 9 47 137 19 56 192 82 28 20 49 50 125 13 20 40 15 209 18 184 27 30
internal_value=-0.00137725 -0.000249425 -0.00543958 -0.0266533 0.0186029 0.00178265 -0.00268751 -0.0038045 0.00362283 0.00676187 0.0481354 0.0301702 0.107703 -0.00681541 0.00954874 0.0334523 -0.00549163 -0.0213503 -0.0044282 -0.0138593 -0.000314772 0.0302527 -0.0271802 0.00775046 -0.0472324 -0.0106849 0.00480025 -0.00970467 0.0405402 0.0468616
internal_weight=467.09 453.036 193.577 22.2291 6.37461 5.72366 171.347 167.695 259.459 199.473 8.12563 7.58705 2.39028 59.9864 28.2176 12.9357 5.19677 31.7688 17.5572 16.0183 12.628 5.907 6.72099 4.80672 5.54817 15.2819 11.2197 9.56339 3.22101 11.1999
internal_count=113527 58472 51379 6032 417 378 45347 44393 7093 5523 240 231 66 1570 798 304 165 772 332 312 262 102 160 89 140 494 285 267 83 222
is_linear=0
shrinkage=0.05


Tree=80
num_leaves=31
num_cat=0
split_feature=10 3 11 26 13 0 13 26 29 2 26 0 7 5 12 26 2 27 5 12 6 1 16 10 2 1 3 0 27 0
split_gain=6.5744 3.02351 8.0808 11.2462 8.37383 12.2304 7.28114 9.0108 6.23289 5.22333 11.9106 4.551 4.51606 4.14775 4.87662 5.1472 7.65319 4.79321 3.54352 3.52488 4.73289 3.51053 3.33251 5.04555 3.75473 5.30702 4.28546 3.64167 7.5035 6.4984
threshold=0.00094397441712854859 -0.061094202523917021 0.015895678653262947 1.4645787666498276 70.500000000000014 0.0023097497670432426 -122.49999999999999 1.0880391051557232 0.70718796817284468 -0.017657749434802691 0.47847669965292544 -0.0087753446784708897 8.0749354005151916e-05 0.004184990107431669 -9.4999999999999982 0.2916172263291073 -0.06985492413203935 -0.014689585165645735 0.004641351868599106 59.500000000000007 0.00088296532511519886 -1.0000000180025095e-35 1.0000000180025095e-35 0.0044198572196562777 0.009788730344640565 0.0094857024019292437 0.050556789077132049 -0.00022170491348809843 0.0018812304505053717 -0.00069574048888166608
decision_type=2 2 2 2 2 2 2 2 2 2 2 2 2 2 2 2 2 2 2 2 2 2 2 2 2 2 2 2 2 2
left_child=-1 2 3 4 5 11 7 18 12 -6 -11 -2 21 14 17 16 -16 -14 -4 -17 -21 -8 27 -24 25 26 -25 29 -29 -3
right_child=1 22 6 -5 9 -7 8 -9 -10 10 -12 -13 13 -15 15 19 -18 -19 -20 20 -22 -23 23 24 -26 -27 -28 28 -30 -31
leaf_value=-0.050044402268763645 0.063632907593510243 0.0013180461272169104 -0.051975949857030058 -0.074391798972253328 0.090005268695555585 0.14092312440140425 0.003136923441937656 0.19672580711824719 0.084429648764024826 0.04980501389580215 0.42425344167944568 -0.020072267377120132 0.084788853753208715 -0.04630055616760017 0.14612861414075617 -0.058208423267744794 -0.033623679922947465 -0.018062911723690869 0.081961747179375585 0.15924624160206424 -0.055654352310202097 0.10728260339989643 -0.042796996392855335 -0.0046694339943689446 -0.027606883789653865 0.14550313121655556 0.0788160497256509 -0.01600524679588863 0.0032696031951229675 0.030510957576258019
leaf_weight=6.7508007868746054 2.3346813097596142 145.45948784363281 1.0442053551087149 1.821952424768823 2.4950856920913798 2.1269695051014423 2.5071325880708177 0.97996392752975214 1.6731977893505234 0.43281853280495752 0.41695374727714807 5.3333031577058145 2.474430956877768 10.552435341291128 0.98664042213931713 6.6205927741248161 1.481014161137862 2.0891812061890986 0.93689021607860912 0.46564374037552603 0.56962937582284212 1.1947439745999933 11.968937719080712 11.950597728893625 9.3952603108482418 0.71815437427721995 1.7640483640134341 86.596972153594834 121.10336230089888 21.938104409593507
leaf_count=37157 24 16582 51 85 41 34 53 26 36 21 26 177 38 241 23 284 52 44 15 23 26 21 10163 565 384 15 38 23810 16957 6555
internal_value=-0.00106056 -0.000340799 0.0114608 0.0420227 0.0581646 0.0348394 -0.00215794 0.0727104 -0.00939923 0.126469 0.233534 0.00541356 -0.0148238 -0.0223879 -0.00520714 -0.0245513 0.0382465 0.0377042 0.0113652 -0.0447924 0.0410033 0.0367489 -0.00173488 -0.0163109 -0.00300685 0.0130069 0.0060689 -0.000343833 -0.0047667 0.00514389
internal_weight=466.183 459.432 48.5375 14.9618 13.1398 9.79495 33.5757 2.96106 30.6146 3.34486 0.849772 7.66798 28.9414 25.2396 14.6871 10.1235 2.46765 4.56361 1.9811 7.65587 1.03527 3.70188 410.895 35.797 23.8281 14.4328 13.7146 375.098 207.7 167.398
internal_count=113567 76410 1341 408 323 235 933 92 841 88 47 201 805 731 490 408 75 82 66 333 49 74 75069 11165 1002 618 603 63904 40767 23137
is_linear=0
shrinkage=0.05


Tree=81
num_leaves=31
num_cat=0
split_feature=4 14 0 2 6 8 4 2 0 27 6 26 6 8 14 11 1 4 10 14 1 1 11 1 27 13 11 8 4 26
split_gain=7.98663 4.92313 7.48576 9.785 8.26119 7.13767 6.30631 9.12457 8.16689 6.256 6.23416 5.94738 5.31041 6.74033 7.53418 5.14979 6.22066 5.4839 4.75781 4.73149 5.3204 5.42877 4.6954 7.38815 7.99732 6.6957 12.2177 7.57553 11.7532 15.8622
threshold=0.0014957270768172792 0.66977764426043496 -0.00046514254962554759 -0.0046028025478956945 0.0013082905795575325 0.82090948279624654 0.0070175368245315789 -0.0040310970347228895 0.0053543102389167962 -0.0059722467270728963 0.0056066706535450907 2.5441692285342676 1.0000000180025095e-35 1.6090466522396902 0.90909088154269868 0.0029821465565005819 0.0046543482583507921 0.010019692139968553 0.0099352645436405658 0.66666662222224904 0.0012631314696083145 0.00027032141235657561 0.010827538609578366 -0.0070785652821865625 0.015801922758142749 75.500000000000014 0.014498573672060413 1.1388138359780153 0.0040799184022194566 1.2389187031399023
decision_type=2 2 2 2 2 2 2 2 2 2 2 2 2 2 2 2 2 2 2 2 2 2 2 2 2 2 2 2 2 2
left_child=-1 19 -3 -4 12 6 7 -6 11 -7 15 -8 13 18 -15 16 -11 -17 -5 22 21 -21 -2 -24 25 27 -27 -25 29 -29
right_child=1 2 3 4 5 9 8 -9 -10 10 -12 -13 -14 14 -16 17 -18 -19 -20 20 -22 -23 23 24 -26 26 -28 28 -30 -31
leaf_value=-0.04575135066446108 -0.0015698565895607228 -0.027559326185794659 -0.038635998020279609 -0.015350542247852667 0.29313838355852745 -0.080142056529763028 0.18049702228006143 0.0040469227415768751 0.014952208566704773 0.12866141971107584 -0.063168045347929774 0.054029628199779772 -0.018958860239658704 0.30484330530633436 0.045511128946869671 -0.0044931604364219502 -0.013559550341658781 0.038258789718456601 0.072830984874916724 0.04398634318061706 -0.051040451994720737 0.24010479453262243 -0.0011277195201277563 0.0021158047580718958 -0.021561374999058469 0.098412548208101761 0.017613999451063983 -0.050358144675526996 0.042646044821140205 0.47540468394854862
leaf_weight=9.7722663563181396 193.03814976375725 35.371507649761043 15.258392823947359 6.2694086041738029 0.28492346010170866 1.9426147497724731 2.3608867619186644 6.4946743383770791 2.5038003623485565 2.101806188220507 2.5828790054656556 1.5334361454006282 38.617146863980452 0.41415525335469172 0.86504309400334023 20.449682694161311 1.2123561917687764 11.846167555078862 2.0233105400111526 0.78942646061477606 0.55288396874675516 0.63806901620409917 56.29089962982107 19.922370284621142 7.8373494410770936 8.8936023337300885 9.8720112028531712 0.23156261083204199 4.9995879959315062 0.37704164796741679
leaf_count=46159 39878 2893 1835 3249 14 58 31 562 48 443 42 20 12888 58 330 977 375 160 65 76 108 37 1263 1035 170 308 217 55 191 22
internal_value=-0.00102685 -6.74928e-05 -0.00740821 -0.00130363 0.00430838 0.01787 0.0497982 0.0161965 0.0854034 0.00738693 0.0118389 0.130699 -0.0106953 0.0226436 0.129473 0.0172794 0.0766355 0.0111883 0.00616455 0.0036128 0.0806451 0.131648 0.00310676 0.011433 0.0249953 0.0332326 0.0559069 0.0165665 0.0679005 0.275362
internal_weight=465.347 455.575 152.132 116.761 101.502 53.3132 13.1777 6.7796 6.39812 40.1355 38.1929 3.89432 48.1891 9.57192 1.2792 35.61 3.31416 32.2959 8.29272 303.443 1.98038 1.4275 301.463 108.424 52.1335 44.2962 18.7656 25.5306 5.60819 0.608604
internal_count=113567 67408 24048 21155 19320 2730 675 576 99 2055 1997 51 16590 3702 388 1955 818 1137 3314 43360 221 113 43139 3261 1998 1828 525 1303 268 77
is_linear=0
shrinkage=0.05


Tree=82
num_leaves=31
num_cat=0
split_feature=10 3 11 26 6 26 27 29 7 5 8 29 9 1 29 2 3 27 3 27 2 26 5 8 12 8 11 26 11 6
split_gain=6.07696 2.633 7.03631 9.96787 6.58701 7.84505 5.39779 4.23816 4.99606 5.72795 7.55666 5.13685 6.33557 3.78313 3.27481 3.25035 3.15758 7.79873 5.74325 5.71147 5.10031 5.55037 7.51715 8.86452 4.99172 5.95156 4.93096 4.79713 3.94391 7.17697
threshold=0.00094397441712854859 -0.061094202523917021 0.015895678653262947 1.4645787666498276 0.0017027432730613459 0.62288508209926208 -0.0067472531415510226 0.70718796817284468 0.00013004239390838104 0.0050393410222382669 1.5747866531833308 0.28448658534613197 0.47051130340635683 -0.00057695224974421905 -6.3439662053321637 -0.06985492413203935 -0.013618684405123148 -0.016407274057746519 -0.024544623698853716 -0.01883392827664912 -0.028719871518119222 0.26703197071943646 0.0014078340550720632 0.79875171908242593 44.500000000000007 0.6331614995150413 0.0028981805346128477 744070.50000000012 0.0042707428181120504 0.0045298253033817541
decision_type=2 2 2 2 2 2 2 2 2 2 2 2 2 2 2 2 2 2 2 2 2 2 2 2 2 2 2 2 2 2
left_child=-1 2 3 4 6 14 -2 8 13 10 11 12 -10 -4 -6 -16 17 18 20 26 21 24 23 -23 25 -3 -18 -19 29 -21
right_child=1 16 7 -5 5 -7 -8 -9 9 -11 -12 -13 -14 -15 15 -17 19 27 -20 28 -22 22 -24 -25 -26 -27 -28 -29 -30 -31
leaf_value=-0.050042565252802207 0.00029373932033900782 0.12500252784825544 0.0097189197733664918 -0.074099297836924538 0.13416901853164823 0.18297773585725879 0.14553000428913807 0.071984336105059762 0.14114620589750321 -0.046252804285963366 0.10643947550116335 -0.052205811594520604 -0.00057833764454830823 0.10788700238272902 -0.035051895989660624 0.0635153107861436 0.034358184956733553 -0.018320874817620566 -0.042096504972710933 -0.009024954270130647 0.053245036633546905 -0.0074161017693259645 -0.047120205052639447 0.25088022937116206 0.10004756653230261 -0.027602446188752117 -0.04983944952525244 0.13221242421329576 0.0059882185443459329 0.081914801031891402
leaf_weight=6.231298507511382 5.7362778279930344 0.81694106059149296 2.8780153149273247 1.7370170013164159 1.1197684928774831 1.6186940358020363 0.7200467090588053 1.8207227545790363 0.85014864406549406 9.3058898351155204 1.5816178887616832 4.6927078781882292 10.885397667530922 1.4892503244336719 1.1221846146509045 3.2840260677039628 2.1445183370087753 76.249562782162684 3.8760652446653685 84.681061091818265 8.9087112172564957 1.0143981305591294 6.2917466073995456 0.49389754672301922 2.2361400042427704 2.931599666539114 9.193313258176202 0.53294366819318284 207.95176624134183 2.2266180306905872
leaf_count=37157 175 22 64 85 9 29 35 38 18 206 25 220 334 28 16 59 91 8528 300 55013 355 58 210 25 51 81 445 18 9810 62
internal_value=-0.000997868 -0.000331162 0.0106421 0.0386905 0.0530952 0.0861725 0.0164913 -0.00219851 -0.00646156 -0.0144006 0.00205775 -0.00799152 0.0096885 0.0431945 0.0578159 0.038412 -0.0016398 -0.00919656 0.0141521 0.00091086 0.0237594 0.00470366 -0.0230873 0.0771641 0.0409246 0.00565563 -0.0339137 -0.017276 0.00224992 -0.00669503
internal_weight=464.622 458.391 48.8418 15.338 13.601 7.14467 6.45632 33.5038 31.683 27.3158 18.0099 16.4283 11.7355 4.36727 5.52598 4.40621 409.549 103.352 26.5695 306.197 22.6934 13.7847 7.80004 1.5083 5.98468 3.74854 11.3378 76.7825 294.859 86.9077
internal_count=113567 76410 1341 408 323 113 210 933 895 803 597 572 352 92 84 75 75069 9648 1102 65421 802 447 293 83 154 103 536 8546 64885 55075
is_linear=0
shrinkage=0.05


Tree=83
num_leaves=31
num_cat=0
split_feature=4 14 3 0 0 6 12 0 12 12 14 7 14 4 14 1 1 14 1 13 5 27 27 27 5 0 26 14 7 27
split_gain=7.35724 4.51637 7.81099 7.95509 7.44606 9.33257 12.2292 7.32506 6.26215 6.17979 18.7722 6.14291 4.60692 10.2014 24.4508 8.51983 13.7673 7.64335 5.08875 8.49195 6.94322 5.29056 9.53694 5.14179 4.93841 7.54721 6.00043 5.30855 5.8431 23.0289
threshold=0.0014957270768172792 0.66977764426043496 0.0022529153496351085 -0.003165259107525267 -0.0023314424221402221 0.0039570849887573699 47.500000000000007 -0.00058287602956086338 122.50000000000001 -14.499999999999998 0.7063491951373233 0.0013842372883400929 0.54999997250000066 0.0016185716042294092 0.55555546296300651 0.00013612387288179794 0.00019093078932946021 0.49999995000001396 0.0034021097053178917 -112.49999999999999 0.0040522542867102119 -0.0028845666791410215 -0.0048292035746342662 0.046647681322530998 0.00060229111541271489 -0.00053841003377982195 0.32574302004544509 0.6086562906529005 4.6549827738685507e-05 0.0078712531312789009
decision_type=2 2 2 2 2 2 2 2 2 2 2 2 2 2 2 2 2 2 2 2 2 2 2 2 2 2 2 2 2 2
left_child=-1 12 8 -4 5 6 -5 -6 9 10 -3 -8 17 14 -14 -15 -17 -2 19 -18 24 22 -20 -23 25 -21 -26 28 29 -28
right_child=1 2 3 4 7 -7 11 -9 -10 -11 -12 -13 13 15 -16 16 18 -19 21 20 -22 23 -24 -25 26 -27 27 -29 -30 -31
leaf_value=-0.045413193864021296 0.0030804661043530176 1.2387958238318457 -0.0368822854052831 -0.05371953717547609 -0.038840271428511111 0.30117971806108301 0.28449016889868067 0.0069725547671702793 0.10531915530121355 -0.030067971647355453 -0.050655138657876436 0.045467860732987843 1.6348061630893902 -0.01502576501812917 0.15449788536999226 0.44321981701354085 -0.050856571976480684 -0.031445982689206634 0.0093486811581020603 0.21822249639742211 0.20165659954597409 -0.0049642895852784691 0.16254525675001785 0.11201513743933489 0.22784010017520392 0.047592705394896656 -0.050374260781249569 -0.050940325462497604 0.031528935102308531 0.83681734385886475
leaf_weight=9.1267057341174205 237.91867571674811 0.038752287582609735 13.070739615708588 1.3505909088999031 9.7260065157170157 0.42239912226796139 0.57141196547308915 84.796608600088803 0.8888097364033446 39.441464286232076 0.10390962354722433 0.50758439127821475 0.029659169624209336 15.680886131420264 0.46902256454632152 0.20020490260503621 1.5462404685968021 17.187494676720235 2.9322793848841684 1.0588178032194266 0.98085819534026075 16.674210783428865 1.5544430647278229 0.99544757721014221 0.35271191777428601 1.6705333775971682 0.20946076605469022 1.8513994882232507 2.2289059158065356 0.11239063425455242
leaf_count=46159 34049 6 268 81 1189 10 28 11835 317 10240 54 20 21 2247 442 39 265 2743 124 71 35 1171 41 22 31 505 159 783 608 4
internal_value=-0.000965032 -7.26199e-05 -0.00714201 -0.000256106 0.00466028 0.0842587 0.0465457 0.00225859 -0.0259327 -0.0288798 0.299608 0.172049 0.00344092 0.0175586 0.242539 0.0152236 0.0298781 0.000754285 0.0273056 0.0568904 0.0765716 0.0139377 0.0624243 0.00162593 0.0601784 0.113786 0.0294067 0.0135077 0.0602856 0.259433
internal_weight=463.699 454.572 150.918 110.445 97.3746 2.85199 2.42959 94.5226 40.4729 39.5841 0.142662 1.079 303.654 48.5475 0.498682 48.0488 32.3679 255.106 32.1677 10.0113 8.46508 22.1564 4.48672 17.6697 7.48422 2.72935 4.75487 4.40216 2.55076 0.321851
internal_count=113567 67408 24048 13431 13163 139 129 13024 10617 10300 60 48 43360 6568 463 6105 3858 36792 3819 2461 2196 1358 165 1193 2161 576 1585 1554 771 163
is_linear=0
shrinkage=0.05


Tree=84
num_leaves=31
num_cat=0
split_feature=4 14 3 0 0 8 13 14 0 2 6 24 5 13 6 2 2 3 29 28 0 7 7 8 13 4 4 6 7 6
split_gain=6.95282 4.08988 7.28413 7.3197 6.17011 9.43817 8.32847 7.96899 6.75808 4.30153 4.19543 6.44287 8.03305 6.73667 5.96116 9.55786 10.2321 7.67928 6.60944 8.28745 5.66854 7.01318 39.935 19.4942 5.84777 5.64643 8.67982 16.065 5.4815 6.16824
threshold=0.0014957270768172792 0.66977764426043496 0.0022529153496351085 -0.003165259107525267 -0.0023314424221402221 1.5747866531833308 48.500000000000007 0.71951218634739655 -0.00058287602956086338 -0.0027364200688318467 0.001265184497703229 1.0000000180025095e-35 0.004184990107431669 110.50000000000001 1.0000000180025095e-35 -0.00057261112808380907 -0.00065484707273209526 0.068268635994228902 0.35307494448551879 -0.3656316276443986 0.0029018556071604786 0.0001175390059929533 0.00011062341073352003 1.0858894520849089 -123.49999999999999 0.0040299371695804694 0.0037402466794310622 0.0016669945426353774 0.0011956978790359687 0.0030721966205837594
decision_type=2 2 2 2 2 2 2 2 2 2 2 2 2 2 2 2 2 2 2 2 2 2 2 2 2 2 2 2 2 2
left_child=-1 -2 -3 -4 5 6 -5 -8 -6 -10 14 12 25 -13 15 16 -11 -17 -16 20 21 22 23 -20 -23 26 -12 -28 29 -14
right_child=1 2 3 4 8 -7 7 -9 9 10 11 13 28 -15 18 17 -18 -19 19 -21 -22 24 -24 -25 -26 -27 27 -29 -30 -31
leaf_value=-0.045146695284867429 0.0032280649557316836 -0.025258588558531747 -0.035840751003908829 -0.053924063635226109 -0.037945573015513913 0.2905371593854168 0.30591947345012116 0.043310116729782723 -0.051790115898663051 0.093022848262318603 0.034561968025510086 -0.018170332883868868 0.15007661485929402 0.078170954121432434 -0.027182883169050782 -0.013771068314221405 0.58192123652767846 0.10039744358387644 -0.050226432004039256 0.21642412865754759 -0.0448921049248606 0.38150896920435956 2.4404694109529843 1.1057502161342019 0.019242349630817033 0.0070883920859941664 0.56459623196636455 0.057280873810004899 0.026917639281673369 0.021386315320011052
leaf_weight=8.7315609604847833 304.38864411538816 39.593093946008594 12.785405248869209 1.2587163312127811 9.4642921555132471 0.43346849526278664 0.41908269748091675 0.92985198483802378 3.042621933760528 0.33655563184584025 2.2675467897061092 14.510147288267037 3.1763072141911826 2.0738536341232239 22.323012254630161 4.8653307778877197 0.15692004951415572 2.1123548049945384 0.23322522889793651 0.54711036055959894 2.4642948592518223 0.1156403515778951 0.020069295402208809 0.043231229501543567 3.0358325357738067 18.678566333139315 0.24256243227864605 0.43753633904270828 3.224951658397913 1.3172886893153188
leaf_count=46159 43360 10617 268 60 1189 13 25 41 431 113 504 693 54 71 6001 1858 9 37 254 76 247 32 6 36 789 496 24 40 38 26
internal_value=-0.000951784 -0.000102735 -0.00685688 -0.000264337 0.00438989 0.0744927 0.0385797 0.124897 0.0021384 0.00658976 0.00875115 0.0187881 0.0328663 -0.00612271 -0.00396443 0.0358307 0.248487 0.0207912 -0.0142942 0.0302477 0.0130194 0.0544089 0.28688 0.130541 0.0325354 0.0172376 0.0815509 0.238219 0.0766555 0.112351
internal_weight=463.229 454.498 150.109 110.516 97.7304 3.04112 2.60765 1.34893 94.6893 85.225 82.1823 45.9288 29.3448 16.584 36.2536 7.47116 0.493476 6.97769 28.7824 6.4594 5.91229 3.448 0.296526 0.276456 3.15147 21.6262 2.94765 0.680099 7.71855 4.4936
internal_count=113567 67408 24048 13431 13163 139 126 66 13024 11835 11404 1946 1182 764 9458 2017 122 1895 7441 1440 1364 1117 296 290 821 1064 568 64 118 80
is_linear=0
shrinkage=0.05


Tree=85
num_leaves=31
num_cat=0
split_feature=11 13 15 14 24 0 12 12 26 7 5 13 1 5 8 17 0 7 0 7 26 26 14 12 11 1 13 3 1 11
split_gain=4.82915 5.64856 4.30816 6.20683 4.85008 4.63898 3.93089 8.91038 14.9001 4.53264 4.32945 9.20634 4.9911 4.61544 4.06317 5.92181 12.0351 5.24648 5.22779 4.90227 5.65583 5.56963 11.0771 6.27656 5.00961 28.7995 4.26267 6.14066 4.62822 4.23179
threshold=0.0016045567718588226 1.0000000180025095e-35 1.0000000180025095e-35 0.091954021931568694 1.0000000180025095e-35 0.00016474690833946423 95.500000000000014 99.500000000000014 13.839147433950806 0.002116773312960877 0.0011009786127149318 -115.49999999999999 0.0072095388359717247 0.001079222011992297 1.2320594527247504 0.0016821020180950235 0.0031335549127704228 0.0040443346279740106 0.0029018556071604786 1.0000000180025095e-35 4.0408162629980566 1.5861939895805046 0.72733473904973056 77.500000000000014 0.0028543397402468799 0.0038948696612939762 88.500000000000014 0.032257535782076845 0.0088855244389035356 0.011923754659606958
decision_type=2 2 2 2 2 2 2 2 2 2 2 2 2 2 2 2 2 2 2 2 2 2 2 2 2 2 2 2 2 2
left_child=1 -1 4 -4 -2 -6 10 8 9 -8 11 12 -5 -13 17 -16 18 19 -17 20 21 23 -23 -12 25 -25 27 -18 -29 -24
right_child=2 -3 3 6 5 -7 7 -9 -10 -11 14 13 -14 -15 15 16 26 -19 -20 -21 -22 22 29 24 -26 -27 -28 28 -30 -31
leaf_value=0.054196577022198558 0.00055103844961011173 -0.0500354895267369 0.38165456351147353 0.089503030966991956 0.2251422023690664 -0.031049978531841417 -0.050328861765715216 0.033606029147711762 0.72233286328590951 0.32400446585366388 -0.0057019231032546785 -0.023980327296282154 0.35518377352032859 0.16048302755815469 -0.024117058261258657 0.11920245793249429 -0.033449033931509567 0.077293538979664178 0.3336228887435827 -0.019952752184620545 -0.057608157828902655 0.29459078984173193 -0.0518293096813255 -0.050093795599375317 0.10910085349327188 1.9874260677900666 0.081297832779589949 0.12307956299813283 0.020984291779212821 0.097967174764323206
leaf_weight=1.538257463267654 377.95288459656149 8.3846364687415171 0.11426191742066194 0.34338455575925797 0.17877292602497519 15.220074388736974 0.21261540238628995 3.6901624944148352 0.12902974394091871 0.1305045485496521 4.6763343949132814 1.5539592919667473 0.36432721849996597 0.43375906886649307 4.8368875018786666 1.0891028290789098 4.5450703888200206 1.8980809864588071 0.38466924303793337 24.488556232812698 1.7939392975677035 0.57156376211787607 0.72116126386390567 0.05915418523363758 0.29577191290445626 0.024536481447285041 2.7271324733737847 1.3844520205166189 5.6006154846400023 1.361765736248344
leaf_count=193 45337 57754 7 112 45 2889 131 804 10 1 491 882 11 18 927 112 350 28 40 2584 242 37 220 60 20 8 166 42 101 16
internal_value=0.00063067 -0.0338773 0.0013803 0.0134724 -0.000569635 -0.0280757 0.012808 0.0597739 0.264293 0.0920476 0.00950328 0.0714111 0.226274 0.0162732 0.0065477 0.0242665 0.0391432 -0.00360637 0.175168 -0.00812364 0.0223552 0.0409601 0.099608 0.0101677 0.205739 0.547268 0.0250823 0.011786 0.0412197 0.0461039
internal_weight=466.705 9.92289 456.783 63.4308 393.352 15.3988 63.3165 4.16231 0.47215 0.34312 59.1542 2.69543 0.707712 1.98772 56.4588 20.5679 15.731 35.8909 1.47377 33.9928 9.50423 7.71029 2.65449 5.0558 0.379463 0.0836907 14.2573 11.5301 6.98507 2.08293
internal_count=113638 57947 55691 7420 48271 2934 7413 946 142 132 6467 1023 123 900 5444 1738 811 3706 152 3678 1094 852 273 579 88 68 659 493 143 236
is_linear=0
shrinkage=0.05


Tree=86
num_leaves=31
num_cat=0
split_feature=10 9 27 12 28 28 19 9 6 7 7 9 13 7 13 9 9 7 6 28 28 14 9 27 2 6 3 7 1 1
split_gain=5.72258 3.31356 3.69123 10.1116 5.98124 5.98609 4.30275 4.24953 6.36192 4.09261 5.68491 10.5787 5.26306 4.02904 3.69113 3.0889 7.04843 14.1393 13.2383 4.11211 6.42369 9.44894 6.91704 6.85812 6.6203 6.32493 3.86867 3.60932 3.52613 5.74473
threshold=0.00094397441712854859 0.45700392419856867 -0.0039941003316887793 76.500000000000014 -0.50292094387565001 -0.491964764862662 1.0000000180025095e-35 0.29337738069540481 0.0030721966205837594 0.00082319012830415139 0.00084115316309597962 0.44835670979600684 120.50000000000001 0.0023558061145495129 87.500000000000014 0.56688259332065571 0.56303276719560735 0.0010972660589805186 0.001141417695400711 -0.53222878709616739 -0.46961948691125355 0.3999999785714054 0.49561315361399266 0.0094744195466826987 0.039542207403897835 0.00074812156442102373 -0.05264098230020154 0.0046410434177278732 -0.013800699553239306 -0.009522105727254912
decision_type=2 2 2 2 2 2 2 2 2 2 2 2 2 2 2 2 2 2 2 2 2 2 2 2 2 2 2 2 2 2
left_child=-1 2 3 6 -5 -6 7 8 14 -4 11 -11 -12 -14 -2 16 19 -18 -19 26 21 22 -21 25 28 -24 -3 -23 -22 -30
right_child=1 15 9 4 5 -7 -8 -9 -10 10 12 -13 13 -15 -16 -17 17 18 -20 20 24 27 23 -25 -26 -27 -28 -29 29 -31
leaf_value=-0.050190200490901685 -0.051343478298896884 0.068967729359121252 -0.049114539366730568 0.03349219986389064 0.62888402910075147 0.15919344848595837 0.1302339759128669 -0.044453108506301492 0.40872437576852533 -0.050485060679137009 -0.02059582959075636 0.84888165061844567 -0.050531261587413591 0.18105267345319742 0.076114380271881055 0.0010554142121122823 -0.051014811498007386 0.48459055391697503 0.065430220901433467 0.047857942324991382 -0.07805793216101635 -0.026060216800323027 -0.05080123314037846 0.52493930929758825 0.39478371182934785 0.24891326252860832 -0.029231495362971961 0.12982029728067132 0.091192172853890044 0.0041056448184146775
leaf_weight=5.4870782670986946 1.0787902628726449 1.1484385485528035 10.469341699710641 1.4086689056566686 0.073315064728376456 0.90768107479379878 0.47929648896388322 6.5187253026524559 0.10787707986310113 0.079711883088747437 8.2617166234049328 0.055434484413126484 0.27350064768688831 0.59946349333040416 1.1997176998629582 394.48031625431759 0.60983943956671172 0.37285024444281589 0.38071249553468078 0.87884863817453096 1.1061967388959626 1.7704372798252737 0.22497192199807592 0.17169593833386887 0.11167276045307417 0.80910458310972899 7.9178326106048171 0.469911828637123 2.1292799139337246 17.114828963385662
leaf_count=37003 310 36 7657 254 7 185 41 1120 3 48 1343 2 82 10 153 57352 247 35 12 118 39 432 120 4 6 45 2052 2 71 4849
internal_value=0.000570432 0.00117434 -0.0144752 0.00768171 0.0995047 0.194296 -0.0157003 -0.0235549 0.0335314 -0.0276915 -0.00349626 0.318418 -0.00825894 0.108497 0.0157677 0.00232205 0.0165103 0.127973 0.272824 0.0120213 0.0225604 0.0779252 0.15454 0.232298 0.0108582 0.183708 -0.0167924 0.00663562 0.0087514 0.0137414
internal_weight=466.697 461.21 31.5132 11.7741 2.38967 0.980996 9.38441 8.90511 2.38639 19.7392 9.26983 0.135146 9.13468 0.872964 2.27851 429.697 35.2166 1.3634 0.753563 33.8532 24.7869 4.32497 2.08462 1.20577 20.462 1.03408 9.06627 2.24035 20.3503 19.2441
internal_count=113638 76635 11215 2073 446 192 1627 1586 466 9142 1485 50 1435 92 463 65420 8068 294 47 7774 5686 721 287 169 4965 165 2088 434 4959 4920
is_linear=0
shrinkage=0.05


Tree=87
num_leaves=31
num_cat=0
split_feature=10 15 14 1 0 3 2 14 28 26 6 17 9 7 3 14 14 26 8 26 8 27 8 0 5 7 26 3 26 12
split_gain=5.42899 3.59758 4.50755 3.97737 8.82375 6.51182 17.532 4.67057 5.74572 10.5402 4.62406 4.55909 4.35535 4.31669 7.62716 6.70583 3.89872 7.14058 4.98417 8.16196 6.55158 7.57905 4.99807 4.82693 11.0288 5.25249 6.31466 4.18355 4.29575 4.85628
threshold=0.00094397441712854859 1.0000000180025095e-35 0.085106381167955311 0.0040941305228097318 0.0021289298461990998 0.023902257289039882 0.0075073742327513111 0.59090906404961896 1.386629050186724 9.7509007623727353 0.0026157922186614301 0.00089902071051102159 0.69752681674015571 1.0000000180025095e-35 -0.033783425348930203 0.54999997250000066 0.77777774897125596 1.0000000180025095e-35 0.90674046810972198 1.1157599022665872 0.87603522345972096 -0.0072044040483844407 2.2073071335153425 0.0053543102389167962 0.0050393410222382669 0.0014614328514210861 1.3231687044315865 0.0018911922641170252 6.0043561000355679 -10.499999999999998
decision_type=2 2 2 2 2 2 2 2 2 2 2 2 2 2 2 2 2 2 2 2 2 2 2 2 2 2 2 2 2 2
left_child=-1 16 -3 7 5 10 -7 8 9 13 -5 -8 -6 15 -15 -4 -2 -18 19 -19 23 -22 -20 24 25 -21 -27 -28 -29 -30
right_child=1 2 3 4 12 6 11 -9 -10 -11 -12 -13 -14 14 -16 -17 17 18 22 20 21 -23 -24 -25 -26 26 27 28 29 -31
leaf_value=-0.050182751313265508 0.0015061581778111823 0.29375323314325347 0.057654104668678013 -0.050345524847201353 -0.051290818556336507 0.46219837731532354 -0.051238371445264344 -0.020417103116590601 -0.029194040610553858 0.28312921737697372 0.10653212141748668 0.14285110550766814 0.018898173500565923 0.10047048194337008 -0.037225857544385052 0.32649487499801988 0.15762523565530748 -0.03826789067452948 -0.032183026125737056 -0.029095421503119685 0.58178630170468237 0.08211096155289889 0.055776702126135703 -0.057356119500773517 0.14916957117380511 0.17988040675966235 -0.051745535545112846 0.0037979002462735995 -0.054301822732111975 0.10962425682439753
leaf_weight=5.2202255734810015 331.43914335269073 0.14165354333090263 2.0084493660469911 0.90992700997594445 2.3771919210412298 0.38620138692203898 0.44154867136967346 16.061971651928616 3.7052168703667121 0.44438033628102847 0.97094107791781425 0.96120925573632121 31.45620211950154 1.4483213406056163 3.2905423933916609 0.26224013768660359 0.61543956304376379 9.6388746886659629 30.306518117628002 6.6223260051847452 0.078863219649065619 2.0122882412251775 1.7059159099662782 2.4797998040448865 1.4525270408485074 0.64218795007036433 1.7585728609992637 4.7237013235426275 0.55169194960035417 2.4952722652087687
leaf_count=37003 53350 17 373 855 462 23 55 6133 248 16 14 30 2063 39 865 64 11 1723 5516 3567 6 298 187 82 30 44 224 230 23 87
internal_value=0.000521208 0.00109488 0.012011 0.0113944 0.0219541 0.0955938 0.163887 -0.00315404 0.0216936 0.046989 0.0306378 0.0817572 0.0139666 0.0320185 0.00485776 0.0887023 -0.000690851 -0.0118791 -0.0134972 0.000309902 0.0166066 0.100955 -0.0274957 0.00809633 0.0169918 0.00555945 0.0281222 0.0178951 0.0336554 0.0799433
internal_weight=466.609 461.389 64.866 64.7243 37.5032 3.66983 1.78896 27.2211 11.1592 7.45393 1.88087 1.40276 33.8334 7.00955 4.73886 2.27069 396.523 65.084 64.4685 32.4561 22.8172 2.09115 32.0124 20.7261 18.2463 16.7938 10.1714 9.52924 7.77067 3.04696
internal_count=113638 76635 11257 11240 3502 977 108 7738 1605 1357 869 85 2525 1341 904 437 65378 12028 12017 6314 4591 304 5703 4287 4205 4175 608 564 340 110
is_linear=0
shrinkage=0.05


Tree=88
num_leaves=31
num_cat=0
split_feature=10 15 24 4 4 5 11 26 4 10 10 7 26 10 6 3 1 1 8 10 6 6 8 7 8 26 12 11 27 4
split_gain=5.15143 3.19208 4.32937 3.73338 8.46597 6.85313 3.47666 4.22126 6.41806 8.32826 6.6074 5.06332 4.54512 4.64449 3.78452 3.67055 3.61076 6.114 3.9388 3.41078 5.47076 3.3028 8.70514 6.22443 5.78057 6.4558 5.23632 5.82967 9.00984 6.28913
threshold=0.00094397441712854859 1.0000000180025095e-35 1.0000000180025095e-35 0.0068050514302568183 0.0065997982509336485 0.0059061353870104001 0.0032333353656489516 0.28528582988853818 0.0033761356833803937 0.0018522646270115845 0.001866822752003155 0.00059257773493204258 0.71773027996946437 0.0013285564809847083 0.00053348982406116539 -0.043702500431848694 0.00027032141235657561 0.0002941579502100334 0.91413299525074487 0.0057293068750676199 0.0020325203252032306 0.0013730675799508677 0.62007593904993963 0.0040443346279740106 1.0390403404168451 0.27294882578160445 53.500000000000007 0.012496435957724058 0.0048652919913522398 0.0052914624617495356
decision_type=2 2 2 2 2 2 2 2 2 2 2 2 2 2 2 2 2 2 2 2 2 2 2 2 2 2 2 2 2 2
left_child=-1 2 6 4 5 19 7 8 9 -2 -11 -12 -9 16 -13 -10 -14 -18 -19 -4 -21 23 -23 26 25 -24 -3 28 -28 -30
right_child=1 21 3 -5 -6 -7 -8 12 15 10 11 14 13 -15 -16 -17 17 18 -20 20 -22 22 24 -25 -26 -27 27 -29 29 -31
leaf_value=-0.050175522167198561 -0.027340079916073103 -0.020336915344697323 -0.042497857288755263 -0.053957982842630862 0.16744489058025466 0.35245653896930507 0.0022035149483695471 -0.04678271071968404 0.18115912895761152 0.35112704389240157 -0.0076388557179451772 0.021190353827346534 -0.050058881429053161 -0.017074960063327239 0.16861838442833138 -0.033195601717097449 0.28540090513095245 0.082244544692510024 -0.050703441406092981 -0.016391107290835493 0.20606558036109984 0.10308938087089986 0.088138379121854973 0.089460798588079204 0.030295314281407422 -0.037612167695631533 -0.014805910567751088 -0.054906364112349552 0.13187573674791533 0.031546944811514002
leaf_weight=4.9663297236766075 1.9942276149522493 19.916668906327686 5.7830176257266412 6.9278746132040396 0.6620467104949056 0.12189847615081806 332.1235999945784 11.039445834227079 0.2082812376320361 0.24544848878576919 1.055542870264617 0.6104979838128205 0.83344360194314804 23.838176457633381 1.5168726640840757 4.8545114511798602 0.29090656408516258 1.9508315311250046 0.77980015068169439 1.00388491054764 0.38136476650834072 3.0863825573469539 1.1883866110292745 1.8845515967113886 18.084170317146345 7.2303933039802359 5.254225682721879 2.2043538049329063 2.6838145788933616 3.7368812988279387
leaf_count=37003 4488 4101 3402 278 17 3 18668 11606 2 30 647 233 3712 15800 156 1425 49 2724 2066 61 11 90 33 27 651 315 4697 84 1050 209
internal_value=0.000475936 0.00102102 -0.000666745 -0.0271254 -0.00374918 -0.0192959 0.000365682 -0.012036 0.0161073 0.0539055 0.101165 0.0818892 -0.0196548 -0.00884065 0.126311 -0.0243771 0.0420781 0.0674927 0.0442779 -0.0256177 0.0448521 0.0112666 0.0236177 0.0010241 0.0143628 -0.0198613 -0.00390736 0.0196689 0.0337496 0.0734838
internal_weight=466.458 461.492 396.222 14.8801 7.95221 7.29017 381.342 49.218 10.4854 5.42259 3.42836 3.18291 38.7326 27.6932 2.12737 5.06279 3.85498 3.02154 2.73063 7.16827 1.38525 65.2698 29.5893 35.6805 26.503 8.41878 33.7959 13.8793 11.6749 6.4207
internal_count=113638 76635 65378 3772 3494 3477 61606 42938 6981 5554 1066 1036 35957 24351 389 1427 8551 4839 4790 3474 72 11257 1089 10168 999 348 10141 6040 5956 1259
is_linear=0
shrinkage=0.05


Tree=89
num_leaves=31
num_cat=0
split_feature=10 9 8 9 8 1 12 2 9 26 26 6 29 9 8 26 27 12 28 7 10 28 17 28 12 4 6 11 26 9
split_gain=4.88935 3.00923 3.41613 5.0308 15.0138 13.1262 18.4366 20.1204 6.97642 10.2327 9.59959 12.6696 4.91405 7.632 4.79378 6.28067 6.06343 6.66271 5.90773 5.71823 5.49993 4.95375 4.63397 4.47251 3.84309 3.77159 5.40563 5.3044 3.62865 3.81629
threshold=0.00094397441712854859 0.45700392419856867 0.49163766403838943 0.56688259332065571 1.0806793409506923 -0.009522105727254912 64.500000000000014 -0.0041199895404933689 0.56303276719560735 0.84297656355358364 1.5331318521417965 0.00085361440760008806 -4.3504735770790237 0.84521323878986221 0.67366911228394144 1.6991009579615464 -0.0035040163730768754 -6.4999999999999991 -0.020281863472123459 0.00025568463536302787 0.0054188425210178288 -0.59399407525729186 0.0022551545235142763 -0.33454221826991704 65.500000000000014 0.0079070921165569821 0.00093623235871185412 0.012496435957724058 1.7374453899035098 0.46176669164911771
decision_type=2 2 2 2 2 2 2 2 2 2 2 2 2 2 2 2 2 2 2 2 2 2 2 2 2 2 2 2 2 2
left_child=-1 -2 12 4 8 -6 -7 -8 14 -10 11 -11 13 -3 16 22 19 -18 28 -4 -20 -21 -16 -23 -9 26 -15 -28 -17 -30
right_child=1 2 3 -5 5 6 7 24 9 10 -12 -13 -14 25 15 18 17 -19 20 21 -22 23 -24 -25 -26 -27 27 -29 29 -31
leaf_value=-0.050168510267211634 -0.014112957182389098 0.16303186283730348 -0.053858705570192539 0.0014984460358623811 0.64499439420680138 -0.050823338738880557 1.0301974690570661 0.48664097372460757 -0.051438262070162194 0.54047425929585047 -0.050637016851182208 0.094541995134892948 -0.027206412236749456 -0.055014782639440353 -0.037312860520901867 0.23157526277957513 0.20740817483908552 -0.0094687155896368592 0.058119143713421723 -0.052376024169642925 0.27397045545047266 0.13518462809374643 0.059515987598998926 0.0058071559326199141 0.11510525762085591 -0.062390865411646561 0.004822070266375606 0.18635180801868884 0.22512541163143324 -0.014269880116858544
leaf_weight=4.7247626579919588 30.915472794040397 0.86825347445847256 0.772003591286193 373.27616350361495 0.14306052005849768 0.59120604940835508 0.092412956306361593 0.092324514291249216 0.51314265482505905 0.33639905945892679 0.22468155325623229 0.30252275313978316 19.752528603603423 0.99631108897301635 10.804933198865912 0.17323987033159971 0.37460315559292201 6.4800673105564837 0.8759210186835833 0.5246151996689149 0.44506102055311203 3.4808011458080723 1.3951634027544049 0.82663458979368476 0.28279468746040948 1.5284481104463337 0.82702309405431129 0.78381978813558817 0.17494582315703189 3.4383798667040537
leaf_count=37003 11215 28 222 55693 7 190 17 4 108 46 83 17 2746 53 2514 28 30 2146 174 68 3 163 73 126 88 30 34 10 20 699
internal_value=0.000436392 0.00095471 0.00203707 0.00313759 0.0220541 0.195465 0.134723 0.369351 0.0153622 0.1254 0.230475 0.32933 -0.0159943 0.028265 0.0102728 -0.00675133 0.0339226 0.00238346 0.0397997 0.0725002 0.130843 0.0926882 -0.0262398 0.110356 0.206548 -2.87359e-05 0.0365312 0.0931526 0.0080383 -0.00267912
internal_weight=466.018 461.293 430.377 405.621 32.3449 1.2018 1.05874 0.467532 31.1431 1.37675 0.863603 0.638922 24.7564 5.00386 29.7664 17.3076 12.4587 6.85467 5.10755 5.60405 1.32098 4.83205 12.2001 4.30744 0.375119 4.1356 2.60715 1.61084 3.78657 3.61333
internal_count=113638 76635 65420 62519 6826 306 299 109 6520 254 146 63 2901 155 6266 3511 2755 2176 924 579 177 357 2587 289 92 127 97 44 747 719
is_linear=0
shrinkage=0.05


Tree=90
num_leaves=31
num_cat=0
split_feature=11 16 10 2 13 10 13 3 7 9 9 9 26 3 13 13 8 2 6 14 29 26 0 9 13 26 8 9 9 10
split_gain=7.02873 4.10189 3.59472 4.85389 4.50875 5.46919 4.56944 4.50407 3.78259 3.37528 4.59181 3.39342 3.1464 5.10285 4.63148 4.29491 6.70507 6.20374 5.0668 7.56154 4.24032 3.94485 4.12323 5.50466 8.76539 6.32532 6.42778 7.08996 6.15636 4.08875
threshold=0.0017340267050339343 1.0000000180025095e-35 0.0044198572196562777 0.0019597610516641851 59.500000000000007 0.0047519676268397548 88.500000000000014 0.050556789077132049 0.00594327611710744 1.7401335941273717 2.5688103309946269 2.2198436204200207 1.0000000180025095e-35 -0.033783425348930203 -108.49999999999999 73.500000000000014 0.72910846928853268 -0.0043053670440190211 0.00084446698205241897 0.10923265819263349 -1.6294425216777269 0.79861391741187415 -0.0034454092956999979 2.0999582691889533 87.500000000000014 0.1038973485021381 1.6444209336121813 1.6386215109255524 2.0429125480808428 0.013958353447090148
decision_type=2 2 2 2 2 2 2 2 2 2 2 2 2 2 2 2 2 2 2 2 2 2 2 2 2 2 2 2 2 2
left_child=-1 12 -3 4 7 6 -6 8 9 -4 11 -11 13 -2 -15 17 -17 20 19 -19 -16 22 23 25 -25 -14 28 -28 29 -27
right_child=1 2 3 -5 5 -7 -8 -9 -10 10 -12 -13 21 14 15 16 -18 18 -20 -21 -22 -23 -24 24 -26 26 27 -29 -30 -31
leaf_value=-0.041519912341962888 -0.020259182873155254 -0.038134830660775075 -0.055002606384958186 -0.032559751485646667 0.042487557254215227 0.02358956074154956 0.26400139672436584 0.13013696987408135 0.10668205579456887 -0.012874220469926981 -0.052540948899558661 0.11964166399552843 0.14554574271765067 -0.022495233849681225 0.12554152191595788 0.095069399593511072 -0.034846236123865289 0.45999987355563432 0.098194848167925189 0.13750983508513373 -0.021651399771033825 0.0060565151332462311 -0.0079907402421508407 -0.053379500379929279 0.062253147479807251 -5.0542266677549343e-06 0.29579038795512425 0.0065974914088941759 0.1446872987676949 0.056874371962283503
leaf_weight=9.9253605589401541 4.3317415858909945 11.359392394835593 5.0066884676343779 10.052613349456804 0.46944386250106429 7.2126615428132936 0.46185795869678259 0.52613435033708889 0.551343949511648 0.87397055234760079 1.6694891918450592 1.0802174445707349 0.99270337930647912 2.0662506282387758 0.79268047690857057 1.819574046123307 2.1867262722662417 0.2901984943164283 1.3723335614195091 0.48647593247005716 1.2783755796408511 222.7369941243669 136.88925072232087 6.4551895805052464 2.1965735030826181 21.765276496182207 0.42790286365197872 0.41992339759599417 0.85456649214029212 3.6960404943674794
leaf_count=63236 141 5867 202 475 25 225 17 14 5 40 76 20 27 162 29 93 271 40 59 55 233 26102 15509 140 32 695 18 23 9 39
internal_value=0.000100004 0.00101733 -0.014423 -0.0047703 0.0108783 0.0383131 0.152342 -0.0121368 -0.0202894 -0.0284009 0.00835361 0.0603766 0.00249217 0.0252679 0.0444284 0.0612379 0.0241586 0.0964389 0.155952 0.258006 0.0346855 0.00165198 -0.00399608 0.01086 -0.0240218 0.0215783 0.0170479 0.152555 0.0126823 0.00825173
internal_weight=460.248 450.323 39.2638 27.9044 17.8518 8.14396 0.931302 9.70784 9.18171 8.63037 3.62368 1.95419 411.059 14.6244 10.2926 8.22636 4.0063 4.22006 2.14901 0.776674 2.07106 396.434 173.697 36.8082 8.65176 28.1564 27.1637 0.847826 26.3159 25.4613
internal_count=113879 50643 6966 1099 624 267 42 357 343 338 136 60 43677 1083 942 780 364 416 154 95 262 42594 16492 983 172 811 784 41 743 734
is_linear=0
shrinkage=0.05


Tree=91
num_leaves=31
num_cat=0
split_feature=10 10 5 4 27 27 1 7 8 3 4 0 10 3 5 10 0 26 26 8 2 1 12 28 4 10 3 29 28 8
split_gain=5.59443 2.57363 2.99869 2.25535 4.69333 6.76882 13.4623 4.83631 5.90007 4.61287 4.02231 3.84838 3.29222 2.53189 2.51984 5.45716 4.9249 4.37076 4.27969 3.99573 3.86687 4.53538 3.81618 3.60013 3.21797 2.79463 7.10087 5.90683 6.6436 4.65487
threshold=0.0010242814955113034 0.0010316678044999797 9.6943062209421788e-05 0.00235978205297149 -0.00082374268256735455 -0.0012182098393072273 0.0075757162410690316 0.00059257773493204258 0.77384989659035597 -0.10396278731773535 0.0021464345337466498 0.00016474690833946423 0.001866822752003155 -0.047758236858223453 0.00034301625629568636 0.0073819076879511362 0.00033381816466680395 4.1350802857737152 3.7586107705553511 0.65379526852016723 -0.00065484707273209526 -0.012176023129679093 53.500000000000007 0.22713664143274795 0.0082960012831205035 0.0017211058344485167 -0.00069749039115839034 -0.76755509840527003 0.75594840169269728 0.73654913461189653
decision_type=2 2 2 2 2 2 2 2 2 2 2 2 2 2 2 2 2 2 2 2 2 2 2 2 2 2 2 2 2 2
left_child=-1 2 -2 4 5 7 11 -3 9 -9 12 -7 -11 -13 15 16 17 -5 20 -19 21 -18 23 -22 -21 26 29 -28 -29 -16
right_child=1 3 -4 14 -6 6 -8 8 -10 10 -12 13 -14 -15 25 -17 18 19 -20 24 22 -23 -24 -25 -26 -27 27 28 -30 -31
leaf_value=-0.050176584128815198 0.32422447593809584 -0.04012629758426841 -0.050057862462231484 -0.025936304467362808 -0.040831936600547361 -0.050173175703987841 0.91156861655027088 0.39533235738037953 -0.050305083492141002 -0.050377150091463853 -0.051969216627360641 0.3642370739833698 0.13075800886078209 0.11076391213503489 0.051279082351195285 -0.058803224950855354 0.12713332614511028 0.14673799317690181 -0.05669895396372554 -0.053044591559474441 0.09103119208143115 -0.05093899787421291 0.0011237812480686278 0.24411373372688724 0.1044297013121383 0.0014476147369720969 -0.050969637151786741 0.055485893649456233 0.47704748683846998 -0.042472340474751909
leaf_weight=5.4714429913510676 0.13082569508696806 4.7666287836691463 0.090557705843821168 14.712184531497778 9.6315034125727816 0.34623773985367978 0.051855861267540493 0.11105825519189272 1.318895906973921 0.29954077053116712 0.55740228574722994 0.11847329162992537 1.543400691822171 0.58494138566311449 1.7829427768883785 5.3076534937135866 0.49360638577490989 0.71738429632387068 1.0089044418418778 0.9269687036576213 1.7067986600741276 1.2974350743315883 0.85701898658589915 0.49558480424457219 0.49908396601676941 388.72422546031885 1.3785507521824918 9.7934182973985973 0.094359485636233198 5.1437942621996626
leaf_count=42193 36 9095 410 1579 19128 850 3 3 1700 613 243 2 390 601 645 164 4 34 87 129 71 212 90 31 2 27785 1102 3267 24 3386
internal_value=8.0636e-05 0.000685663 0.171123 0.000602602 -0.0161091 0.00844321 0.125138 -0.00650874 0.0353268 0.0802974 0.0657215 0.0862866 0.101317 0.153455 0.00134531 -0.0131571 -0.00249129 -0.016218 0.0369963 0.0504872 0.0564851 -0.00186273 0.0906432 0.125478 0.0020676 0.00234403 0.0214975 0.0459907 0.0595089 -0.0183407
internal_weight=459.963 454.491 0.221383 454.27 19.3299 9.69843 1.10151 8.59693 3.8303 2.5114 2.40034 1.04965 1.84294 0.703415 434.94 28.0226 22.715 16.8556 5.85935 2.14344 4.85044 1.79104 3.0594 2.20238 1.42605 406.917 18.1931 11.2663 9.88778 6.92674
internal_count=113879 71686 446 71240 32628 13500 1456 12044 2949 1249 1246 1453 1003 603 38612 2403 2239 1744 495 165 408 216 192 102 131 36209 8424 4393 3291 4031
is_linear=0
shrinkage=0.05


Tree=92
num_leaves=31
num_cat=0
split_feature=10 16 10 2 10 8 26 12 14 2 6 28 8 26 0 7 14 27 2 26 0 2 12 2 4 2 27 4 8 4
split_gain=5.31367 4.00813 3.71284 4.45622 2.97202 3.98182 2.96323 5.88789 5.56092 4.79534 4.43113 4.16767 3.74991 3.4135 3.70364 5.11613 4.53046 5.26088 6.06102 4.86206 6.35466 4.53071 4.28097 3.82783 3.58251 4.62232 3.53189 3.77551 4.23284 3.35312
threshold=0.0010242814955113034 1.0000000180025095e-35 0.0044198572196562777 0.0019597610516641851 0.0047519676268397548 1.5127713876952502 1.0000000180025095e-35 60.500000000000007 0.78571427636054381 -0.0043053670440190211 0.00084446698205241897 1.6459566760491393 0.72522843214453814 0.79861391741187415 -0.0034454092956999979 0.0028248587570621317 0.66977764426043496 0.0061240209054243492 0.018884337244030085 0.12293933329521557 -0.0053562978755808434 -0.0085972296153023989 106.50000000000001 -0.0041199895404933689 0.0055202364739772043 0.002450937071778059 -0.016407274057746519 0.0087804540794300598 1.1990359247983151 0.0020477204115184984
decision_type=2 2 2 2 2 2 2 2 2 2 2 2 2 2 2 2 2 2 2 2 2 2 2 2 2 2 2 2 2 2
left_child=-1 6 -3 4 5 -4 7 8 12 11 -11 -9 -2 14 15 16 17 19 21 20 -8 -19 -16 -24 25 -25 27 28 -21 -15
right_child=1 2 3 -5 -6 -7 13 9 -10 10 -12 -13 -14 29 22 -17 -18 18 -20 26 -22 -23 23 24 -26 -27 -28 -29 -30 -31
leaf_value=-0.050169218528247711 0.032257058130252751 -0.038334988971284178 0.015785247366343878 -0.031783492081424052 0.0033589148821910764 0.17146467236143589 0.11720405757638029 -0.012894208551449552 0.15269940025242401 0.24692365892277457 0.064782484744305827 0.11666031079299793 -0.029553871453357406 -0.033222615802953735 -0.0098767190526016721 -0.026987168656392016 -0.04716671588657273 0.10258796835293763 0.15090456622024528 0.032578154749577606 -0.024629438651111533 -0.024637820399030088 -0.021194016159670204 0.10152946277594491 -0.021045257241548231 -0.050979986840029939 -0.0095430488708609998 -0.0036986525297488687 0.15271453124087209 0.0063002772559944062
leaf_weight=5.2053423635952631 4.1956947454964357 11.621752083578029 1.1529970047995508 9.8043034410220553 16.162252245703712 0.63801152794621874 2.3377658445388083 1.6128900023031754 0.60065999021753747 0.64985355940734624 0.68683645626151701 1.009174850390991 5.9101616829866543 5.5005878659503642 130.05240440931084 7.4521245224168515 2.3560043140314511 1.2334698298946023 1.6463715699501333 2.1545339531730963 1.1925930980651269 1.6172931545879683 2.5347554064937867 3.2178251629738948 1.2017261085566131 0.5875447365688159 12.917872304446055 3.0809325119480491 1.1114268144592641 220.16487885902461
leaf_count=42193 188 9567 70 475 537 17 29 238 7 89 42 40 390 14353 19509 115 39 23 26 55 36 49 781 1575 37 373 562 41 18 22405
internal_value=6.14986e-05 0.000636907 -0.0146079 -0.0046737 0.010131 0.071243 0.0020834 0.0241582 0.00489356 0.0762596 0.153333 0.0369685 -0.00389154 0.0012748 -0.00397252 0.0100477 0.0193565 0.0250991 0.0745225 0.0153486 0.0692912 0.0304103 -0.00775288 0.0288707 0.0542151 0.0779822 0.00546337 0.036006 0.0734613 0.00533691
internal_weight=459.61 454.405 39.3793 27.7576 17.9533 1.79101 415.025 14.6653 10.7065 3.95875 1.33669 2.62206 10.1059 400.36 174.695 37.1004 29.6483 27.2923 4.49713 22.7951 3.53036 2.85076 137.594 7.54185 5.0071 3.80537 19.2648 6.34689 3.26596 225.665
internal_count=113879 71686 10666 1099 624 87 61020 994 585 409 131 278 578 60026 23268 993 878 839 98 741 65 72 22275 2766 1985 1948 676 114 73 36758
is_linear=0
shrinkage=0.05


Tree=93
num_leaves=31
num_cat=0
split_feature=11 16 4 11 11 27 3 14 1 3 5 1 29 9 17 28 13 11 28 11 29 17 13 27 9 3 3 9 27 3
split_gain=6.10471 3.42913 3.17003 2.7743 4.56063 6.43548 6.97661 3.67317 7.88878 8.46298 3.39921 2.57058 4.40267 4.62087 5.42938 5.84114 3.11073 3.04709 3.31228 2.56709 5.5245 2.56514 2.50133 4.6295 7.32475 7.898 6.31496 5.19484 4.09272 3.79985
threshold=0.0017340267050339343 1.0000000180025095e-35 0.0062159790676260037 0.003427867508994451 0.0039429844313947403 -0.0048292035746342662 -0.0049045658253252964 0.43749994531248609 0.0094857024019292437 0.0092289069271711682 0.010945203884720981 -0.009522105727254912 0.26911812136723801 1.1824122010273499 0.0015969316107084595 0.087737747529202284 87.500000000000014 0.022863540282844905 -0.0066418668793471461 0.019036765048283218 0.47198282449871115 2.9998812334501393e-05 -112.49999999999999 -0.016407274057746519 0.9576154761892185 -0.036396310265482089 -0.031876622495939699 1.6626145775263257 -0.027741543416214678 -0.017491594265931682
decision_type=2 2 2 2 2 2 2 2 2 2 2 2 2 2 2 2 2 2 2 2 2 2 2 2 2 2 2 2 2 2
left_child=2 22 -1 -3 5 -5 -7 8 11 -10 -11 12 13 14 15 -6 17 18 -15 -13 -21 -8 23 24 -2 28 -27 29 -26 -25
right_child=1 3 -4 4 7 6 21 -9 9 10 -12 19 -14 16 -16 -17 -18 -19 -20 20 -22 -23 -24 27 25 26 -28 -29 -30 -31
leaf_value=-0.050068979377116976 -0.031905874139207417 -0.050498774672508989 0.05280902838382593 -0.050544546613698331 0.025258636286140609 0.24471941812283526 0.15648672029531213 -0.049477461794437377 0.2388132797949829 -0.051893980034278114 0.11119310960465563 -0.051105800147064839 -0.057128554802362855 0.047303583508551274 0.018969926056633623 0.2418520042789287 0.053508371640787228 0.070446978475050312 -0.058818472287317694 -0.05248964618311134 0.11472728376269266 -0.050552703956417977 0.003912590781637631 -0.026975932962255689 0.057396866337290992 0.23466896606963214 0.069265008324578645 -0.054810992407876749 -0.035354484833869368 0.0026204976727597236
leaf_weight=8.1989607831128488 4.0664134939433989 4.4671147566550635 0.82404413141193877 0.79599949365365352 0.59251705236966301 0.6604420481598936 0.22161811403930076 5.7540471431420874 0.64915380626916785 0.74660407518967964 0.55852327309548855 6.3724614808306814 2.8532589604728846 0.87867642974015225 3.829184811853338 0.65580055833561346 1.4130212410818783 0.68520477390848089 4.5057071893534166 1.2623602976091208 0.81144005805253971 0.46040265310148243 344.74648216466449 16.135516993090278 2.4555284701636992 0.8247949602082375 1.9211948644951915 6.4484239513403727 2.3065542872500373 33.07578265304619
leaf_count=63187 289 4077 49 197 39 53 2 419 6 44 5 1340 145 30 101 30 31 21 225 61 11 129 36207 1974 28 13 99 595 100 4372
internal_value=4.74562e-05 0.000863676 -0.0406734 -0.0134727 -0.00856561 0.0620985 0.128889 -0.0133525 -0.00530007 0.0912797 0.0178984 -0.0132107 -0.00106178 0.0116748 0.0484908 0.139045 -0.0133075 -0.0288625 -0.0415004 -0.0353809 0.0129393 0.0167234 0.00219206 -0.00663003 0.0221414 0.0514137 0.118946 -0.0126131 0.012472 -0.00708365
internal_weight=459.177 450.154 9.023 38.1735 33.7064 2.13846 1.34246 31.568 25.8139 1.95428 1.30513 23.8596 15.4134 12.5601 5.0775 1.24832 7.48261 6.06959 5.38438 8.44626 2.0738 0.682021 411.981 67.2342 11.5745 7.50807 2.74599 55.6597 4.76208 49.2113
internal_count=113879 50643 63236 6966 2889 381 184 2508 2089 55 49 2034 622 477 170 69 307 276 255 1412 72 131 43677 7470 529 240 112 6941 128 6346
is_linear=0
shrinkage=0.05


Tree=94
num_leaves=31
num_cat=0
split_feature=11 16 10 2 1 12 12 4 12 5 2 14 9 7 2 3 28 28 12 12 2 28 1 7 0 6 0 5 5 1
split_gain=5.77187 3.18246 3.12534 3.83635 4.63517 3.13685 3.74959 2.99502 2.37457 4.53509 5.11992 5.9143 6.85108 10.638 7.94939 5.0722 4.16259 4.97242 6.49994 6.74554 7.14388 5.73587 5.76658 5.58003 5.42825 4.71235 4.6902 3.91653 6.68587 3.76241
threshold=0.0017340267050339343 1.0000000180025095e-35 0.0044198572196562777 0.0019597610516641851 0.0075757162410690316 109.50000000000001 111.50000000000001 0.0062159790676260037 77.500000000000014 0.00084442472346587898 -0.010041800737735071 0.10204080903790431 0.63785392390927775 0.00020082305579448057 -0.0020153412407891494 -0.061094202523917021 0.47516796253235366 -0.059790004086017416 85.500000000000014 84.500000000000014 0.0008306865558424172 -0.053178997086167794 0.014509540846538571 0.0013574693940866986 -0.0018943577709421258 0.0019248370042599888 -0.0018483720079506009 0.0030938569118559166 0.0032250031414308524 -0.001732194491530761
decision_type=2 2 2 2 2 2 2 2 2 2 2 2 2 2 2 2 2 2 2 2 2 2 2 2 2 2 2 2 2 2
left_child=7 8 5 4 -4 -3 -7 -1 -2 -10 15 12 13 -12 -15 -11 17 24 19 20 23 -20 27 -19 -13 -18 -26 -23 -29 -28
right_child=1 2 3 -5 -6 6 -8 -9 9 10 11 16 -14 14 -16 -17 25 18 21 -21 -22 22 -24 -25 26 -27 29 28 -30 -31
leaf_value=-0.050065737815466971 0.00066079013527279293 -0.045344148543149061 0.0038123771181061993 -0.030388583937558885 0.12938351530463255 0.15481598202155211 -0.050377808325893586 0.050145244419520854 -0.019384299699544177 0.1074892389457931 -0.050516212625724283 -0.043269712555411864 0.05244086792887092 0.56456592338953582 0.15671382070517648 -0.036374612563430435 -0.052198210424362679 -0.050749064410474443 0.37471411191636911 0.29699387394823468 -0.018103820731048711 -0.037470824170917946 0.15848759847044333 0.1739988468216139 0.32428478658195953 0.036191895836748623 0.060312939984917338 0.26596791228865901 0.019085604821213499 0.0016046568828183474
leaf_weight=7.7995849524522765 361.98658125129441 9.3041179904830607 17.199767430429354 9.2962027978501265 0.76769730029627581 0.44817089917342023 0.44241140862141037 0.82441722782095883 9.2523869267752143 0.6845121532678603 0.22889428162306957 3.4939558378537177 2.3717501762585016 0.24295002581493463 0.23507039139803965 5.8383059373736605 3.6849294985877341 0.32679734974226748 0.11639035659027275 0.42661432137538202 1.0974315361963816 2.8413055407509091 0.67796014016494144 1.7828879861626772 0.13188272167462756 2.552309294405859 4.4616155235707966 0.30636629892978851 2.6145117982523516 7.0275605626666264
leaf_count=63187 34003 5492 606 475 18 41 334 49 3603 4 92 281 311 24 23 522 1142 110 18 40 142 787 15 33 19 95 503 13 200 1697
internal_value=3.21938e-05 0.000808977 -0.013145 -0.0043134 0.00917767 -0.0367633 0.0528826 -0.040486 0.00207647 0.012245 0.0193577 0.0270136 0.0931618 0.229783 0.364001 -0.0212774 0.0205573 0.029575 0.0565685 0.110209 0.0853627 0.0268402 0.0205532 0.139185 0.0113764 -0.0160285 0.0278062 0.00432424 0.0449807 0.024403
internal_weight=458.465 449.841 37.4584 27.2637 17.9675 10.1947 0.890582 8.624 412.383 50.3964 41.144 34.6212 3.07866 0.706915 0.47802 6.52282 31.5425 25.3053 10.1903 3.63373 3.20712 6.55653 6.44014 2.10969 15.115 6.23724 11.6211 5.76218 2.92088 11.4892
internal_count=113879 50643 6966 1099 624 5867 375 63236 43677 9674 6071 5545 450 139 47 526 5095 3858 1358 325 285 1033 1015 143 2500 1237 2219 1000 213 2200
is_linear=0
shrinkage=0.05


Tree=95
num_leaves=31
num_cat=0
split_feature=10 27 11 26 9 26 28 7 4 4 7 10 8 6 6 0 3 9 10 5 9 14 14 8 8 8 4 11 8 8
split_gain=3.59336 2.74212 7.55885 10.1383 6.20256 4.41744 3.06118 2.89892 2.22932 3.52455 3.88956 2.52998 3.33561 3.1794 7.38482 4.54786 4.30139 4.18639 4.69728 4.16789 5.09594 4.6641 9.63219 5.99611 4.66642 4.16093 4.47375 7.61572 4.07971 5.85216
threshold=0.00094397441712854859 0.046647681322530998 0.0077197096853630059 0.2115319283717205 2.372269785307918 2.8737599214375957 1.4296912764042431 0.0024556914448211182 0.0011981828963171807 0.0012087617963101921 0.0010535256896111722 0.0028270517088615165 1.7632471631890849 0.00041114711192775287 0.0011094680537357164 -0.0002581228021917746 0.108796645291315 1.2378677433927727 0.0027512159248932193 0.00060229111541271489 0.6453459660342109 0.26132644802824756 0.18612870611120216 1.3089028643454885 0.28861491907823816 0.84693500919176845 0.0027022850204744308 0.0031200219001913895 1.3721418419859222 1.2841839076978943
decision_type=2 2 2 2 2 2 2 2 2 2 2 2 2 2 2 2 2 2 2 2 2 2 2 2 2 2 2 2 2 2
left_child=-1 8 -3 -4 5 6 -5 -7 -2 10 -10 12 13 17 28 16 19 25 -19 20 -16 22 23 24 -21 26 -11 -28 29 -15
right_child=1 2 3 4 -6 7 -8 -9 9 11 -12 -13 -14 14 15 -17 -18 18 -20 21 -22 -23 -24 -25 -26 -27 27 -29 -30 -31
leaf_value=-0.050166569537267128 -0.050467303761511463 -0.045296468011373353 0.12725139575041777 -0.055524888671480026 -0.047203565074087281 0.031213022953501965 0.053698382291101313 0.12479518602159856 -0.050347961829924709 -0.038916180108209547 0.41462578268683314 -0.003289106680051437 -0.039657002640488007 0.032188821860650578 -0.050855209371866474 -0.017227907253584532 0.2865683553233736 0.020286440423937006 0.20382207553704812 0.20034083821304505 0.081797520346289551 -0.040146633338872167 0.11898072394093998 0.078292191386598667 -0.052483088518946452 -0.044651480158243523 0.08287796768300737 -0.023891605175189928 -0.030678878255855958 0.13028117523600821
leaf_weight=3.7174146244360591 2.3131465826445483 3.363676307766581 2.5752954193158066 1.4071344551630303 2.7856069558765739 1.5435518634039911 1.1790041401982305 1.7839888585731385 0.078093497722874328 4.0531917890693929 0.1060582873178646 350.32326993471361 3.8356523398542768 24.785961976565893 0.89885158867401216 20.124589781815303 0.14781235344707866 3.9409851837262968 0.38244557897269249 0.19150451582390626 3.721530217648251 4.4982569263665937 1.9760137772027517 1.4329307197476735 3.886080454562034 8.2679210466303612 3.2290510996899684 3.4594972072227392 2.3398612672317531 1.6198680611851148
leaf_count=37319 11001 254 28 44 52 25 14 15 215 7660 4 16907 3364 12448 307 4434 6 3355 54 4 603 899 179 191 712 9427 1475 671 1619 697
internal_value=-0.00120523 -0.00080977 0.0204839 0.0401089 0.0143117 0.0432881 -0.00573069 0.0813851 -0.00150926 -0.0012538 0.217444 -0.00134468 0.00599621 0.0079647 0.0136012 -0.00120745 0.0180372 -0.00788777 0.0365218 0.0156468 0.0559912 9.32545e-05 0.0242713 -0.00969057 -0.0406092 -0.017988 0.00253493 0.0276539 0.0325991 0.0382063
internal_weight=463.968 460.251 14.6383 11.2746 8.69929 5.91368 2.58614 3.32754 445.613 443.299 0.184152 443.115 92.792 88.9564 65.6233 36.8776 16.753 23.3331 4.32343 16.6052 4.62038 11.9848 7.48653 5.51052 4.07758 19.0097 10.7417 6.68855 28.7457 26.4058
internal_count=113983 76664 432 178 150 98 58 40 76232 65231 219 65012 48105 44741 22099 7335 2901 22642 3409 2895 910 1985 1086 907 716 19233 9806 2146 14764 13145
is_linear=0
shrinkage=0.05


Tree=96
num_leaves=31
num_cat=0
split_feature=10 9 26 10 9 4 11 11 5 26 26 7 4 7 26 5 9 28 6 26 28 1 11 9 6 3 3 26 11 5
split_gain=3.42245 1.84149 2.199 1.8016 1.6082 6.82984 5.32635 4.54397 4.39894 4.38577 5.66477 8.49125 7.91434 8.95161 6.22223 4.43323 4.18476 4.13486 5.09191 3.73594 3.6101 3.3684 6.33616 3.16224 2.95803 4.30533 5.99441 4.79499 2.80444 2.66035
threshold=0.00094397441712854859 0.26331759879205169 1.0000000180025095e-35 0.029266604039543811 2.5688103309946269 0.010019692139968553 0.019036765048283218 0.022863540282844905 0.0029673590504451447 20.642350489746018 0.44331563772616239 0.0001268193293396758 0.015462719779266968 0.0040443346279740106 8.8301604813866614 0.010945203884720981 2.4601156930066561 2.828914034501365 0.00178503756234385 1.0503355805808778 5.5418290234785141 -0.0031575613765518463 0.013830089269777177 3.6688827328382514 0.0015031580781788647 -0.005244981347657311 -0.0069731741824087057 0.076561300211550928 0.012496435957724058 0.0059061353870104001
decision_type=2 2 2 2 2 2 2 2 2 2 2 2 2 2 2 2 2 2 2 2 2 2 2 2 2 2 2 2 2 2
left_child=-1 2 -2 -4 16 7 9 24 -8 10 15 20 14 19 21 17 -3 -7 -19 -14 -12 22 -13 -9 25 26 27 -6 -20 -28
right_child=1 4 3 -5 5 6 8 23 -10 -11 11 12 13 -15 -16 -17 -18 18 28 -21 -22 -23 -24 -25 -26 -27 29 -29 -30 -31
leaf_value=-0.05015968518240297 0.09364253735391749 8.2402608102325468e-05 -0.051837849522155061 0.087999588708780302 0.094003695474669899 -0.056255544013410069 0.049144726662737226 -0.020592494444013468 -0.044780753116713756 -0.058153506424317908 0.19497161176589173 -0.052426771573300106 0.10397233646493689 0.17718510143671604 0.10436288217718265 -0.055179038327366328 0.043827490528402929 -0.0156303606108503 0.027430978281533576 -0.052376128756486465 0.073822295344571992 -0.058113990161166397 0.13971915748604555 0.057744179511347353 -0.050976981052223508 -0.042024499775282581 0.074102248925586228 -0.037463750489734708 0.11520272294278236 0.25929482220388828
leaf_weight=3.5365873998089219 0.31639614866435195 388.26004850942263 3.7624829050400876 0.245350882411003 0.91571734547324046 1.5098441713489643 1.5355774248018841 2.6835418501868835 6.6237056378740817 1.6863872567191709 1.1814576091710471 1.0338656543754035 0.62834519147872925 1.5583719909191132 1.0662592286244033 2.782144945114851 5.5451174966146928 2.7545172991231084 1.7015051981434228 0.97486517252400517 1.2823464432731269 3.3249666544143097 0.73340200353413809 2.4777154568582773 12.903206322778713 6.4827218066056984 0.52322452925727958 2.8590007494276506 1.9565805420279501 0.30812459118897095
leaf_count=37319 49 71252 2360 1 67 32 19 33 100 39 21 36 15 16 11 33 303 51 28 32 21 85 14 16 529 1063 67 351 16 4
internal_value=-0.0011613 -0.000784278 -0.0332591 -0.0432773 -0.000475842 -0.00799626 0.00782697 -0.025546 -0.027104 0.0196165 0.0254484 0.0493663 0.0275438 0.0918499 -0.00546905 -0.000880924 0.000698371 0.0181871 0.0357146 0.00890142 0.131917 -0.0284667 0.0273123 0.0170138 -0.0347016 -0.0157631 0.0211979 -0.00557077 0.074377 0.142741
internal_weight=463.153 459.617 4.32423 4.00783 455.293 61.4874 32.3341 29.1533 8.15928 24.1749 22.4885 11.7839 9.32008 3.16158 6.15849 10.7046 393.805 7.92245 6.4126 1.60321 2.4638 5.09223 1.76727 5.16126 23.992 11.0888 4.60607 3.77472 3.65809 0.831349
internal_count=113983 76664 2410 2361 74254 2699 569 2130 119 450 411 251 209 63 146 160 71555 127 95 47 42 135 50 49 2081 1552 489 418 44 71
is_linear=0
shrinkage=0.05


Tree=97
num_leaves=31
num_cat=0
split_feature=27 26 3 9 9 29 13 2 15 6 27 14 9 9 2 3 29 29 7 14 14 6 0 8 2 27 1 0 1 27
split_gain=2.56806 6.14365 5.46263 4.24479 5.315 3.58366 3.102 2.64169 5.95308 5.95635 5.30717 4.9124 5.07845 8.38234 6.84131 6.04542 5.5261 5.94729 7.51647 4.65496 9.07417 10.1603 9.18187 5.02856 5.59151 4.57519 5.27494 4.61937 4.52082 4.33734
threshold=0.046647681322530998 0.2115319283717205 0.025724312509740315 2.372269785307918 2.0429125480808428 -0.14753927257414653 73.500000000000014 0.002815498505926392 1.0000000180025095e-35 0.0020952461872315712 -0.016407274057746519 0.80952380085033571 0.98485837198539694 0.95194729862684124 0.0027498044629848772 0.043048405419021045 0.70718796817284468 0.72503350223921703 0.00014401094535036502 0.63054323303819448 0.64347824408317766 0.00052343243621104927 -0.0020370044906472956 1.4134533225221413 -0.002561160282769872 -0.016407274057746519 -0.012176023129679093 -0.0045470780635303203 0.011205929274653671 0.012215211292371254
decision_type=2 2 2 2 2 2 2 2 2 2 2 2 2 2 2 2 2 2 2 2 2 2 2 2 2 2 2 2 2 2
left_child=7 2 -2 4 5 6 -3 11 29 10 -10 12 13 -1 25 16 19 -18 -19 -14 22 23 -21 -22 -25 26 -15 -27 -24 -9
right_child=1 3 -4 -5 -6 -7 -8 8 9 -11 -12 -13 15 14 -16 -17 17 18 -20 20 21 -23 28 24 -26 27 -28 -29 -30 -31
leaf_value=0.0075795684938339825 -0.021342061548302531 -0.019579939505798286 0.11888409452772715 -0.046576231707096551 0.11020932123580829 -0.032063665141147238 0.082386492236756592 -0.016033779992848867 0.12504356571973277 0.041087587537366292 -0.0058694576901780066 -0.021395203064591774 -0.0076718036619291968 0.026222485220104036 0.49590608607738051 -0.067970512913026124 0.18105323811986071 0.14142195976928348 -0.028486142943538989 0.48699778829987528 0.044182237603791051 -0.029630421704985161 0.060527103641298256 0.27631448920427609 -0.050640152986659193 0.10706008934646452 0.17647828363679338 -0.0053098252102763404 0.40405433874271512 0.0009623533267043605
leaf_weight=114.42187769845987 0.97524281540245228 1.2417215625318916 2.4127690162276849 3.2397050785366437 1.3880914875189772 3.5059422011545394 1.867874468443915 107.37900578543122 0.79947011696640657 11.973237738362512 24.465160199029924 21.052306460638647 87.637989241487958 0.99911335634533349 0.090667344662506255 3.597603902075206 0.77265264789821175 0.95410369719320476 2.0483867694238143 0.18429612414911389 1.3617026532956518 4.7841238006221829 0.82018665219220366 0.59548926678689895 0.1675610688071173 1.3032502555288372 1.4062346833525223 3.0667039064283008 0.10843272507190704 57.712303270716802
leaf_count=46100 44 51 27 91 30 180 19 20491 21 243 6027 13500 19544 18 4 134 30 38 150 5 1012 1409 272 91 555 33 29 1583 1 2251
internal_value=-0.00111577 0.0194975 0.0785198 0.00171202 0.0212581 0.00259411 0.0416693 -0.00178943 -0.00601905 0.0120394 -0.00172687 0.00169822 0.00386552 0.0107995 0.0644591 -0.00429697 -0.00199323 0.0573414 0.0255057 -0.00433483 0.0321216 0.0107781 0.16462 0.101762 0.204517 0.0586854 0.114066 0.0282022 0.10064 -0.0100923
internal_weight=462.333 14.6313 3.38801 11.2433 8.00363 6.61554 3.1096 447.702 202.329 37.2379 25.2646 245.373 224.32 121.288 6.86597 103.033 99.4349 3.77514 3.00249 95.6598 8.02179 6.90888 1.11292 2.12475 0.76305 6.7753 2.40535 4.36995 0.928619 165.091
internal_count=113983 442 71 371 280 250 70 113541 29033 6291 6048 84508 71008 47767 1667 23241 23107 218 188 22889 3345 3067 278 1658 646 1663 47 1616 273 22742
is_linear=0
shrinkage=0.05


Tree=98
num_leaves=31
num_cat=0
split_feature=10 27 26 14 9 9 12 12 13 2 15 6 7 13 2 10 3 14 27 4 10 27 2 8 9 4 8 8 13 12
split_gain=3.25539 2.22522 5.36639 4.74227 3.90833 4.41839 3.53145 3.23892 2.75325 2.62874 5.4176 5.20721 5.23919 4.4728 4.46435 6.69143 6.85531 4.83167 4.49394 4.22191 6.36342 5.3108 7.22406 8.55007 6.47516 4.91004 4.43323 4.69354 4.08026 4.02629
threshold=0.00094397441712854859 0.046647681322530998 0.2115319283717205 0.76595743322771082 2.372269785307918 2.0429125480808428 58.500000000000007 -11.499999999999998 85.500000000000014 0.002815498505926392 1.0000000180025095e-35 0.0017448979599103654 0.0040443346279740106 80.500000000000014 0.0023387579529263037 0.0027893366368255293 0.0036816335414787166 0.80952380085033571 -0.0072044040483844407 0.0050905233584615005 0.0019819943092939094 0.0048652919913522398 0.0075073742327513111 0.94166528570488384 0.84977096943726449 0.0043752124897565286 1.4723792952442685 1.5917254164639159 -125.49999999999999 59.500000000000007
decision_type=2 2 2 2 2 2 2 2 2 2 2 2 2 2 2 2 2 2 2 2 2 2 2 2 2 2 2 2 2 2
left_child=-1 9 3 7 5 6 8 -3 -4 14 -11 12 13 19 17 16 28 -2 -17 20 -12 -22 23 24 -23 -24 -21 -28 -16 -27
right_child=1 2 4 -5 -6 -7 -8 -9 -10 10 11 -13 -14 -15 15 18 -18 -19 -20 26 21 22 25 -25 -26 29 27 -29 -30 -31
leaf_value=-0.050153534222798751 0.0032029142943118365 -0.026298424433377262 -0.041197087594230769 0.15957128423949613 -0.04574417928951939 0.098164085339888296 0.077551177350335954 0.090242880407316581 0.034962724586753098 -0.009516526385257856 -0.050367275812338033 0.03364879675592411 0.11146101903978867 -0.043425604301805781 0.44296091260286474 0.22903804508536366 -0.050299226748276804 -0.023067653538197258 -0.03387031757048628 -0.039805750774435773 -0.050303726799232208 0.18595161314634756 -0.050398231891591497 -0.050258770774823408 0.50142363336900519 0.01283861054158178 0.11426444119427799 -0.012733271157836304 0.11798976822722317 0.18077417560467299
leaf_weight=3.3543743091868228 218.21904263753095 1.163756294117775 3.5078886205446889 1.0827629935229195 3.1363434829108874 1.4779913661186581 1.2647244231775401 1.2224255409964819 1.7933518264908341 163.18586028626305 1.3523549904857706 15.591967535670845 0.93613646645098825 6.6063830602142835 0.10056020795309528 0.17476398113649372 0.65723963614436787 19.028638539668464 2.3236447789822705 5.8748561238171515 0.68105753477721043 0.41208518229541402 0.73449301857908755 0.2165001535176998 0.26872483757324517 0.62855882430449106 1.1489222181262451 1.9835808955831451 2.447297409969905 0.82584727925132029
leaf_count=37319 43844 35 205 16 91 30 7 17 31 18301 1776 367 12 1345 15 7 765 7140 219 384 338 59 239 88 11 40 41 119 1067 55
internal_value=-0.00107613 -0.000716724 0.0184563 0.0727853 0.00159949 0.0200588 0.0024774 0.0334049 -0.0154331 -0.00135017 -0.00558861 0.0116136 -0.00424148 -0.00946559 0.00214676 0.0458607 0.0936763 0.00109586 -0.0154798 0.00641557 0.0426716 0.0760702 0.103958 0.223437 0.310473 0.0549795 -0.0141917 0.0338462 0.130816 0.108197
internal_weight=461.402 458.048 14.6492 3.46894 11.1803 8.04396 6.56596 2.38618 5.30124 443.399 200.447 37.2615 21.6695 20.7334 242.951 5.70351 3.2051 237.248 2.49841 14.127 5.11962 3.76727 3.08621 0.89731 0.68081 2.1889 9.00736 3.1325 2.54786 1.45441
internal_count=113983 76664 432 68 364 273 243 52 236 76232 23175 4874 4507 4495 53057 2073 1847 50984 226 3150 2606 830 492 158 70 334 544 160 1082 95
is_linear=0
shrinkage=0.05


Tree=99
num_leaves=31
num_cat=0
split_feature=10 27 11 11 6 9 2 15 6 27 0 6 4 27 27 0 11 22 0 4 6 12 6 4 0 11 13 28 6 9
split_gain=3.09997 1.9997 6.233 7.07284 8.47773 4.45717 2.39096 4.86596 4.65476 4.50883 3.99448 5.39259 5.80943 3.99344 6.99243 5.17754 5.08023 4.60473 6.53073 4.25306 5.91148 4.04028 3.74189 5.6896 6.04438 5.08596 3.8174 8.49531 4.6924 5.4229
threshold=0.00094397441712854859 0.046647681322530998 0.0077197096853630059 0.010827538609578366 0.0028977758117847501 2.5688103309946269 0.002815498505926392 1.0000000180025095e-35 0.0020952461872315712 -0.016407274057746519 0.0068691810142747318 0.00048090439623229398 0.015462719779266968 0.012215211292371254 0.015801922758142749 -0.0087753446784708897 0.012496435957724058 1.0000000180025095e-35 -0.0024039264158213025 0.015462719779266968 0.0024032179115032709 -12.499999999999998 0.0056066706535450907 0.010928120288850282 0.0087196602326015792 0.013077665843754907 81.500000000000014 12.796694230648667 0.0012062576421566866 0.79576522375897973
decision_type=2 2 2 2 2 2 2 2 2 2 2 2 2 2 2 2 2 2 2 2 2 2 2 2 2 2 2 2 2 2
left_child=-1 6 -3 4 -4 -5 10 13 9 -9 -2 12 -12 19 15 -15 -16 -18 -19 22 -21 -17 23 24 26 -24 28 -28 29 -8
right_child=1 2 3 5 -6 -7 7 8 -10 -11 11 -13 -14 14 16 21 17 18 -20 20 -22 -23 25 -25 -26 -27 27 -29 -30 -31
leaf_value=-0.050147091422055423 0.0037931800820619668 -0.045061673053643177 0.011603413290718907 0.038979029368235392 0.24188081901489089 -0.036841550634606215 0.014411974292512016 0.11379539570189581 0.035864972882762865 -0.0054792051551836177 -0.0051672855672785329 -0.038942369465126747 0.12828399082139727 0.13915721653132448 -0.031683666979169953 -0.065335438050072345 -0.0073609577874897275 -0.022612131243174474 0.090311953099216621 0.07314028602590826 -0.019515773606274718 0.028049832297719748 -0.016904053362419492 -0.061439618265556842 0.17396333121968452 0.10113929062294585 -0.0078639423105622171 0.12154853145668781 -0.037601539667069077 -0.030173157043997364
leaf_weight=3.1911791820966746 226.13850618524157 3.1310709811514235 0.76461133710108586 7.2617206363938731 0.83743594586849213 2.6440816866233945 12.917642581247494 0.81923682021443056 12.454834280564681 24.127457495022099 3.8215320270974216 12.249965905910356 1.0367486495524643 0.98263915814459579 16.212343719860655 1.2518779273377774 17.977484037459366 2.1231812555342913 3.2253374552819869 3.1766139469109467 3.7578008687123656 15.48308009067841 2.2397725190967317 7.463623193325474 0.41698590712621708 1.5398270282894371 26.775495741392664 1.3311867949596479 30.701644160923024 14.448449779956716
leaf_count=37319 52662 254 28 96 14 40 4554 21 236 4617 122 263 10 9 987 57 314 23 47 37 40 781 42 139 7 25 4594 41 2264 4340
internal_value=-0.00103783 -0.000695141 0.0174865 0.0345047 0.131976 0.0187408 -0.0012964 -0.00535472 0.0109011 -0.00156229 0.00203083 -0.0212641 0.023311 -0.00910718 0.00151121 0.0276136 -0.0101856 0.0047563 0.0454849 -0.0149101 0.0229294 0.021064 -0.0175921 -0.0195523 -0.0159419 0.0311874 -0.0168608 -0.00173472 -0.0241824 -0.0091276
internal_weight=460.503 457.312 14.6389 11.5078 1.60205 9.9058 442.673 199.427 37.4015 24.9467 243.247 17.1082 4.85828 162.025 57.2559 17.7176 39.5383 23.326 5.34852 104.769 6.93441 16.735 97.8346 94.055 86.5914 3.7796 86.1744 28.1067 58.0677 27.3661
internal_count=113983 76664 432 178 42 136 76232 23175 4874 4638 53057 395 132 18301 2218 847 1371 384 70 16083 77 838 16006 15939 15800 67 15793 4635 11158 8894
is_linear=0
shrinkage=0.05


Tree=100
num_leaves=31
num_cat=0
split_feature=4 13 7 6 17 29 13 13 4 27 28 0 26 26 13 28 1 14 27 14 26 8 12 27 17 6 14 12 1 26
split_gain=2.73955 4.05853 4.75778 2.83989 5.79138 5.83521 5.12779 8.09123 7.60272 8.14547 3.94026 3.78423 3.78263 5.39788 3.61874 3.54732 2.85715 6.26995 3.59089 2.84914 5.32644 6.36057 5.30401 5.39075 4.88566 4.27651 4.52913 5.65256 7.13674 5.57416
threshold=0.0020308692120227308 105.50000000000001 0.00055825637954410581 0.0027363772066264871 0.00025240940606726026 -0.38947629060971356 57.500000000000007 43.500000000000007 0.0093275396690195786 0.031562852735248892 0.77657244900419165 0.00029497654962099234 0.11419903597873209 1.0000000180025095e-35 48.500000000000007 12.796694230648667 0.023529225711368857 0.55899651589667221 0.0089871992309323422 0.7063491951373233 6.764433552272398 0.9377427215696208 -10.499999999999998 0.0049959893091592279 0.00092691905608367883 0.0013082905795575325 0.87047614819592611 53.500000000000007 0.0034021097053178917 0.26166228643015199
decision_type=2 2 2 2 2 2 2 2 2 2 2 2 2 2 2 2 2 2 2 2 2 2 2 2 2 2 2 2 2 2
left_child=1 -1 -3 19 6 15 7 8 -5 10 -10 14 13 -8 -9 -6 17 -12 -18 -2 25 22 -22 -24 -25 -21 27 -27 -29 -28
right_child=3 2 -4 4 5 -7 12 11 9 -11 16 -13 -14 -15 -16 -17 18 -19 -20 20 21 -23 23 24 -26 26 29 28 -30 -31
leaf_value=-0.03757927031960271 0.0043450997202416049 -0.050057277279002915 0.10242130337066835 -0.029212889884546824 -0.035458465447860722 0.051103330080990661 -0.058791977904253445 0.16743485054701474 -0.031813289099289085 0.10522091154063329 0.016997545901653099 -0.0046068851469331078 -0.029793930519287332 0.057422933634220012 0.054254072973285154 0.038537424429644571 -0.068785097633301359 0.14269246811714528 0.040073303701656363 -0.02114250378418114 -0.034047694817715315 -0.0086957754967293358 -0.050916030489325609 0.097682777264239282 -0.016659258534621045 -0.031747717112726476 0.13391084737955491 0.085323460060955925 -0.016946058252131468 0.013619975495856088
leaf_weight=10.304551461671506 238.83932878411724 0.87941811234850265 1.2231593707801947 19.990339949457848 4.9573381263471674 7.6348321961413586 1.5006189510459069 1.0727187793527257 5.2767276332015198 2.2358709797263137 5.1818184595904295 1.4557776675792409 40.234471714677056 2.9900804806384258 2.067231944121886 2.4056326691061258 1.6167946262285116 1.2270682184025643 1.4254830218851564 46.867257536549005 1.6535374942322958 10.853364520960893 0.89626996967854378 5.8354777021668269 1.1122973830279077 14.411663458420664 1.0267344997264469 2.7772261360587427 4.4220797382877208 15.529661488049895
leaf_count=58434 31273 3987 1294 773 170 175 39 18 103 22 94 48 1038 38 55 39 26 24 26 10872 95 1697 365 403 110 992 14 256 432 418
internal_value=-0.00148728 -0.0246617 0.038646 -0.00084187 -0.00820178 0.0204758 -0.013187 -0.000540113 -0.00832117 0.0162979 0.00279836 0.0620271 -0.024936 0.0185884 0.0929206 -0.0112825 0.0221226 0.0410635 -0.0177786 0.00132345 -0.00552462 0.0174529 0.0473344 0.0644898 0.0793773 -0.0110237 0.00140153 -0.0136742 0.0225057 0.0210797
internal_weight=457.905 12.4071 2.10258 445.498 101.273 14.9978 86.275 41.5498 36.9541 16.9638 14.7279 4.59573 44.7252 4.4907 3.13995 7.36297 9.45116 6.40889 3.04228 344.225 105.386 20.3509 9.49758 7.84405 6.94778 85.0346 38.1674 21.611 7.19931 16.5564
internal_count=113330 63715 5281 49615 2688 384 2304 1189 1068 295 273 121 1115 77 73 209 170 118 52 46927 15654 2670 973 878 513 12984 2112 1680 688 432
is_linear=0
shrinkage=0.05


Tree=101
num_leaves=31
num_cat=0
split_feature=10 6 17 29 13 13 4 27 11 11 26 27 10 11 27 0 8 6 8 8 28 7 12 7 7 5 5 27 1 8
split_gain=2.80878 2.3448 5.23841 5.08093 4.73258 7.11179 6.96006 6.89471 4.58712 3.87982 3.59498 7.62602 3.86685 5.08745 4.48023 3.1727 2.99643 3.72849 4.98911 5.49927 2.79581 3.21281 3.74251 2.79135 6.11567 3.3141 4.2855 2.95099 2.72451 3.34293
threshold=0.00094397441712854859 0.0027363772066264871 0.00025240940606726026 -0.38947629060971356 57.500000000000007 43.500000000000007 0.0093275396690195786 0.031562852735248892 0.0052733321085543456 0.012496435957724058 0.2916172263291073 -0.011420007904043719 0.011799799312665381 0.022863540282844905 0.014361848404779765 0.00029497654962099234 0.63775110027518234 0.0035795049841966979 0.80986160121416917 1.0616790900357007 0.23597812602173798 0.0033652555844584857 51.500000000000007 0.0014895475090512731 0.001434748047149276 0.0013780719526606199 0.0012077523098183603 0.024773921486016644 -0.012176023129679093 1.0254910466077429
decision_type=2 2 2 2 2 2 2 2 2 2 2 2 2 2 2 2 2 2 2 2 2 2 2 2 2 2 2 2 2 2
left_child=-1 -2 4 9 5 6 23 8 -8 -4 11 -6 13 -13 -14 -7 -10 -18 -19 -20 21 -12 -23 24 25 26 27 -3 -5 -30
right_child=1 2 3 28 10 15 7 -9 16 -11 20 12 14 -15 -16 -17 17 18 19 -21 -22 22 -24 -25 -26 -27 -28 -29 29 -31
leaf_value=-0.050164930009775503 0.00080224458954158615 -0.020320128183196395 -0.046974012318355053 -0.023018489667153481 -0.058014000111567834 0.084391124072748028 0.073869845418635144 0.094712868330425623 -0.063914244846507859 0.025961657098735203 -0.029196651365205991 -0.039756614292745934 0.10350163580848958 0.10705280794056909 0.0024512545803417008 -0.0043889543095923947 -0.058305733169493994 0.1013151629313826 -0.055206503792716903 0.03415694335677328 -0.050283668342557319 0.090968805136073611 -0.024299470821871571 -0.054488197054862443 0.16373841268529937 -0.046844072028390651 0.14426753144566776 0.097387464713461824 0.022973649235312511 0.093706906049983385
leaf_weight=2.9373442969081216 353.46867233934609 4.9695548337185755 3.6796044135699049 1.1778691164799964 3.9446957572363308 3.2797756759100585 1.9587789514334897 2.3564009796828023 2.0360992401838294 3.6144123463891447 15.529753872891893 2.9976767733169241 2.4471139404922724 0.73474873229861248 1.9879920389503238 1.4517657337128183 2.0575709538534275 1.4468635348603109 2.8050877675414085 4.4569366592913866 13.421529363025909 1.3032049303874367 1.5319738555699585 6.7177681246539569 0.46285342238843519 6.2818605581996962 0.50604149402352039 0.59637529077008355 3.2391267086495628 3.4490651023807004
leaf_count=37082 73608 273 140 21 65 70 32 22 36 66 450 110 23 5 21 48 46 24 57 76 374 19 25 187 15 245 21 17 92 60
internal_value=-0.00142881 -0.00111343 -0.00785489 0.0192277 -0.0126692 -0.00053807 -0.00798532 0.0152904 0.00261197 -0.0108321 -0.0241053 -0.000925905 0.0266461 -0.0108564 0.0582068 0.057151 -0.00829041 0.00222889 0.0165309 -0.000361298 -0.0329378 -0.020261 0.0286842 -0.0283815 -0.0146979 -0.0213833 0.00495767 -0.00770806 0.0471015 0.0594504
internal_weight=456.849 453.911 100.443 15.1601 85.2824 41.3837 36.6522 17.1177 14.7613 7.29402 43.8987 12.1122 8.16753 3.73243 4.43511 4.73154 12.8026 10.7665 8.70889 7.26202 31.7865 18.3649 2.83518 19.5345 12.8167 12.3538 6.07197 5.56593 7.86606 6.68819
internal_count=113330 76248 2640 379 2261 1169 1051 293 271 206 1092 224 159 115 44 118 239 203 157 133 868 494 44 758 571 556 311 290 173 152
is_linear=0
shrinkage=0.05


Tree=102
num_leaves=31
num_cat=0
split_feature=10 6 17 29 11 8 10 29 26 26 27 8 0 29 9 27 11 2 14 1 14 26 26 11 11 5 0 11 7 14
split_gain=2.67696 2.16078 4.75113 4.43176 3.59684 3.48706 3.56096 4.1028 5.78627 6.6701 11.2911 4.9491 4.62292 4.60621 3.00691 10.3457 3.94447 3.15183 4.8889 5.9796 4.28451 3.50483 3.19346 3.21279 3.00404 3.27962 3.7517 3.0106 2.83217 2.77304
threshold=0.00094397441712854859 0.0027363772066264871 0.00025240940606726026 -0.38947629060971356 0.012496435957724058 0.52709307425001006 0.0099352645436405658 -6.3439662053321637 3.5093895004025546 0.29833631563583524 -0.0021763679960793525 0.58901507478149095 -0.0087753446784708897 -12.720223857289602 0.50798478883026588 -0.0065328489153954417 0.0083134105387008949 0.015209732738465856 0.2246875863942478 -0.0031575613765518463 0.1417910438943257 3.4296172668332892 2.3241427501652092 0.0052733321085543456 0.014498573672060413 0.0063186356377243512 -0.0011668899210362628 0.013077665843754907 0.0012299837822173172 0.7063491951373233
decision_type=2 2 2 2 2 2 2 2 2 2 2 2 2 2 2 2 2 2 2 2 2 2 2 2 2 2 2 2 2 2
left_child=-1 29 5 4 -4 -3 14 13 9 10 -9 -11 -13 24 15 -7 17 18 19 20 -16 22 23 -19 27 26 -26 28 -8 -2
right_child=1 2 3 -5 -6 6 7 8 -10 11 -12 12 -14 -15 16 -17 -18 21 -20 -21 -22 -23 -24 -25 25 -27 -28 -29 -30 -31
leaf_value=-0.050158059874415656 0.0036772663686113617 -0.045827007447278328 -0.046314721151076162 0.043476808740611578 0.024289818002085038 0.10326153317314497 0.065750056364604362 -0.026896686167886392 0.08186877939532286 0.11110363821082947 0.12174900337390582 0.085114660619634075 -0.061220460037581706 -0.047772405011150654 0.021558185878209443 -0.055312770472490551 -0.037727126111881601 -0.052790827429201596 -0.038389757494045801 0.15035676485213292 -0.066862566828524692 -0.052974798531512185 0.1237008011638128 0.065508115329893049 0.072211571552603923 -0.068365443597583841 -0.025348023234874145 0.11093794733341844 -0.052573942309104262 -0.0059611682449063385
leaf_weight=2.7944613854597256 246.69466227883822 7.0755986138829021 3.5487219891947452 8.084712937474249 3.6685836440883577 2.038593826116994 1.0858084643259633 2.5291407033801079 3.2918225140310815 0.56408032495528448 2.5815238207578641 0.60887520015239616 4.7510778722353288 5.980972150340679 5.4900117832003161 2.0760131882270789 20.086099467531312 0.91684465901926149 10.873245580616638 0.72159751765139457 1.8256247075041754 0.99824953463394184 1.1032066771294919 1.5345158120617268 1.599425796419381 1.819036587141454 2.5670275138691077 1.1840528994798658 0.94662173278629769 106.98848483289476
leaf_count=37082 49513 184 140 173 66 28 19 28 37 11 31 8 111 89 163 74 542 33 581 38 82 41 21 27 23 19 29 12 30 24095
internal_value=-0.00137074 -0.00106994 -0.0075772 0.0180531 -0.0104262 -0.0122324 -0.00915229 0.00449776 0.0236905 0.006335 0.048188 -0.0297715 -0.0445972 -0.0136124 -0.0176032 0.0232533 -0.0214634 -0.00754062 -0.0165324 0.0130375 -0.000507305 0.0298074 0.0530556 0.0212626 0.00859049 -0.0123517 0.0121033 0.0475615 0.0106396 0.000761658
internal_weight=456.029 453.234 99.5511 15.302 7.21731 84.2491 77.1735 29.5095 14.3265 11.0347 5.11066 5.92403 5.35995 15.1829 47.664 4.11461 43.5494 23.4633 18.9105 8.03723 7.31564 4.55282 3.55457 2.45136 9.20197 5.98549 4.16645 3.21648 2.03243 353.683
internal_count=113330 76248 2640 379 206 2261 2077 447 226 189 59 130 119 221 1630 102 1528 986 864 283 245 122 81 60 132 71 52 61 49 73608
is_linear=0
shrinkage=0.05


Tree=103
num_leaves=31
num_cat=0
split_feature=10 13 14 27 1 11 3 3 9 14 11 13 9 14 8 14 28 7 10 14 27 6 26 28 0 26 11 14 2 6
split_gain=2.55105 2.07614 5.71622 4.02276 4.72876 4.92673 7.28348 8.26569 5.07827 4.42628 3.57049 5.64102 4.96424 9.07732 8.2192 4.70954 4.3688 4.10853 4.2236 4.10684 3.92485 6.94933 3.53718 3.48716 3.26465 3.78792 3.21781 3.14988 5.9093 2.64986
threshold=0.00094397441712854859 -112.49999999999999 0.71951218634739655 -0.027741543416214678 0.0043042408899195833 0.0077197096853630059 0.0095070318232067137 0.027810133673369604 0.56688259332065571 0.71428570408163716 0.017268951338354099 -117.49999999999999 0.57058891381643451 0.085106381167955311 0.97402302885299052 0.22131147359582529 0.30679861973622841 0.00594327611710744 0.0051478477139099517 0.32727272132232405 -0.014689585165645735 0.0019248370042599888 0.36253576735198317 -0.47496204791174956 0.0021849388640183226 0.34785612909160529 0.0026682526865338283 0.04999999940972702 0.0070480498110772937 0.00056495180325362058
decision_type=2 2 2 2 2 2 2 2 2 2 2 2 2 2 2 2 2 2 2 2 2 2 2 2 2 2 2 2 2 2
left_child=-1 2 3 23 9 6 -6 -8 29 10 17 12 -12 -14 15 -15 -16 18 20 -17 21 26 -23 -2 25 -25 -5 28 -22 -7
right_child=1 -3 -4 4 5 8 7 -9 -10 -11 11 -13 13 14 16 19 -18 -19 -20 -21 27 22 -24 24 -26 -27 -28 -29 -30 -31
leaf_value=-0.05015142635542813 -0.060755172428276209 0.00045669391375902346 -0.035173259400468837 0.14536526162199323 -0.05094611869512753 0.20765298998894177 0.23602555045790902 0.013129042734890121 -0.02566495378859315 0.24469898732933448 -0.033320254077334376 -0.041861397908808301 -0.053244793752172698 0.070712354542476666 -0.052160373152315559 0.29678287263031294 0.09897590315898494 0.11351691125350104 -0.054421851119584419 0.13111669826914668 -0.020047730859252797 0.04155788752986965 0.17552200265269235 0.061090579587350868 0.15385718972206031 -0.052389335322707599 -0.051364462591569508 -0.02929461255863381 0.15654357541981834 0.033793921934388044
leaf_weight=2.6585166541190111 0.7778398964437655 379.52166371462226 15.986505698674589 0.23238691093865371 0.65396356163546387 0.38154952134937037 1.0191595625947227 0.70269535534316663 3.4798624432878569 0.1675970250798845 2.009602299600374 3.4657776036765409 1.4080659667379221 1.0760141843929889 1.0859748088987542 0.69569437135942258 0.85429405188187946 0.55706460727378626 8.2031796795781684 0.80924573307856917 1.5570452344109171 1.1742362214718016 0.8490132353035732 3.4693822819390325 0.69207434472627927 0.93315562137286168 1.9689955556823404 17.609170564850501 0.68090440727246448 0.51495708851143718
leaf_count=37082 38 68046 2396 9 87 25 32 37 170 18 99 151 50 28 51 14 27 11 304 29 438 25 27 70 13 60 274 3658 43 18
internal_value=-0.00131566 -0.00102876 -0.00874991 -0.00134284 -0.00584213 0.0331416 0.0911082 0.145061 0.00167303 -0.0117701 -0.0127417 0.0113601 0.0345943 0.0576124 0.0921372 0.150589 0.0143844 -0.0211139 -0.0234376 0.2077 -0.0128787 0.0308817 0.0977731 0.0378516 0.0529068 0.0370375 -0.0305969 -0.0221935 0.0336808 0.107788
internal_weight=455.196 452.537 73.0154 57.0289 51.1564 6.75219 2.37582 1.72185 4.37637 44.4043 44.2367 11.4047 7.93889 5.92929 4.52122 2.58095 1.94027 32.832 32.2749 1.50494 24.0718 4.22463 2.02325 5.87245 5.09461 4.40254 2.20138 19.8471 2.23795 0.896507
internal_count=113330 76248 8202 5806 5625 369 156 69 213 5256 5238 449 298 199 149 71 78 4789 4778 43 4474 335 52 181 143 130 283 4139 481 43
is_linear=0
shrinkage=0.05


Tree=104
num_leaves=31
num_cat=0
split_feature=10 6 8 17 9 8 10 9 3 9 3 3 27 11 27 1 14 27 26 10 5 27 8 26 10 28 11 26 26 28
split_gain=2.43051 2.02711 4.42843 3.74029 4.35168 4.60144 3.2858 3.8732 3.23311 4.10451 7.40368 3.94456 3.54058 3.18096 5.05317 3.39251 6.30787 4.27569 3.01681 4.10893 2.93953 3.85494 4.1339 3.15264 2.86511 2.74036 3.18152 3.42111 2.68536 2.64494
threshold=0.00094397441712854859 0.0027363772066264871 0.52709307425001006 0.00025240940606726026 0.9576154761892185 1.0254910466077429 0.0099352645436405658 0.97932409294322598 0.039557863108007234 0.50798478883026588 -0.05264098230020154 0.0020349398372780654 -0.010160791733030422 0.013830089269777177 -0.013436258626689571 0.017823365085248805 0.51102815175099536 0.046647681322530998 0.62983372019277228 0.0028270517088615165 0.0013052174349662572 0.017769278173423348 0.94549168481126722 0.42892516203719372 0.0049315557320468344 -0.24394049845821156 0.012496435957724058 1.3538197909865379 0.13880658165507809 12.796694230648667
decision_type=2 2 2 2 2 2 2 2 2 2 2 2 2 2 2 2 2 2 2 2 2 2 2 2 2 2 2 2 2 2
left_child=-1 -2 -3 6 -5 -6 8 -8 9 10 -4 12 -11 15 -15 16 28 29 -13 -20 -16 22 -22 -23 -12 -7 -27 -28 -9 -17
right_child=1 2 3 4 5 25 7 13 -10 11 24 18 -14 14 20 17 -18 -19 19 -21 21 23 -24 -25 -26 26 27 -29 -30 -31
leaf_value=-0.050145026037543367 0.00077614903146371299 -0.045313893545029203 0.17338062921976227 0.062783599118491906 -0.061861140970117669 0.099062123675904029 0.074055601570143806 0.080756243255466972 -0.03900992808449362 -0.0069613095667024963 -0.053589300236199434 -0.031775613357807875 -0.048888208711035809 -0.066600309301389965 -0.045314411714610273 -0.059732655920832482 0.14825459394414289 0.075809938160513859 -0.052460353556411869 0.042328982754211306 -0.0079713518805314063 0.02451386702047105 0.081440485440233468 -0.062030702260375492 0.055587881874110727 -0.028795019539058914 -0.027268345230439847 0.065101270698688027 -0.00024506650370886336 0.031861315968764729
leaf_weight=2.5291739686035717 353.22419855908083 7.1203968625632106 0.82778376364149187 4.0377899582963428 2.2398523922020095 0.94028074282686969 1.8597203046083475 1.3700106684118525 12.386807532864621 10.04825816710945 1.2240498927421861 3.206778744410256 10.093205169803701 3.6611857237294325 2.7333748769015047 2.9416862190701067 1.1708406824618576 1.1064032446593044 1.3862052110780494 6.5236213745665736 2.3052424932830018 1.9593590348958967 2.9432603251188993 2.2730397284030914 1.1804242213256655 3.2896885279624257 1.4734107614494858 3.1358764311298728 4.0418999716639519 1.0766405789181588
leaf_count=37082 73608 197 10 84 78 16 26 18 277 280 54 119 576 39 26 71 17 19 120 176 30 13 34 33 18 119 32 37 92 29
internal_value=-0.00126663 -0.000992993 -0.00733352 -0.0043759 0.0183463 0.00215106 -0.00887655 0.00421419 -0.0170986 -0.00922939 0.0444095 -0.014776 -0.0279715 -0.000494719 -0.0150761 0.0192777 0.0430259 -0.011227 0.00913229 0.0257171 0.000368142 0.0135386 0.0421691 -0.0219655 8.86055e-06 0.0183716 0.00876638 0.0355743 0.0202602 -0.0351916
internal_weight=454.31 451.781 98.5571 91.4367 15.1169 11.0791 76.3198 29.4427 46.8771 34.4903 3.23226 31.2581 20.1415 27.5829 15.8755 11.7075 6.58275 5.12473 11.1166 7.90983 12.2143 9.4809 5.2485 4.2324 2.40447 8.83926 7.89898 4.60929 5.41191 4.01833
internal_count=113330 76248 2640 2443 366 282 2077 447 1630 1353 82 1271 856 421 175 246 127 119 415 296 136 110 64 46 72 204 188 69 110 100
is_linear=0
shrinkage=0.05


Tree=105
num_leaves=31
num_cat=0
split_feature=2 12 26 29 12 7 8 5 5 8 8 8 7 4 7 12 7 2 10 7 2 14 17 12 13 2 29 4 10 8
split_gain=3.14614 4.95528 4.86127 4.3003 4.27503 6.5583 4.19468 5.70341 8.40041 7.97945 6.25117 4.8975 8.98483 13.7534 5.22309 13.476 7.39365 7.86424 6.18694 5.14817 4.77784 5.01146 7.31913 7.7104 5.13604 7.27212 5.69944 6.97615 8.75074 5.03347
threshold=-0.0089099988835689304 71.500000000000014 1.9983250706243345 0.7160758311372355 69.500000000000014 0.0022676138978049948 0.89534646905760462 0.0015552099533437001 0.0025699338327314406 0.8799504355073372 0.88381792937433723 0.75154922933729928 0.00079631208132991749 0.0093275396690195786 0.0012299837822173172 -9.4999999999999982 0.001026906253359549 -1.0000000180025095e-35 0.0044198572196562777 0.001892021146355044 -0.0085972296153023989 0.93333327111117537 0.0010400107711773436 84.500000000000014 61.500000000000007 0.0028827703243791748 -2.2748519876911093 0.0046618112256204174 0.0047519676268397548 0.48527283603041188
decision_type=2 2 2 2 2 2 2 2 2 2 2 2 2 2 2 2 2 2 2 2 2 2 2 2 2 2 2 2 2 2
left_child=1 2 4 6 -1 -6 7 11 9 -9 -11 -2 13 -13 15 -14 -17 18 -18 -16 -10 24 29 -24 25 -22 -27 28 -28 -23
right_child=3 -3 -4 -5 5 -7 -8 8 20 10 -12 12 14 -15 19 16 17 -19 -20 -21 21 22 23 -25 -26 26 27 -29 -30 -31
leaf_value=6.7796508505297751e-05 0.011100293986839949 -0.034553302791089494 -0.025952279534095381 -0.023339198023225437 -0.051160828360102495 0.17622582266586934 -0.0019132511958388308 -0.030418683513723028 0.13540188090497005 0.29473557010411827 0.038656947293784771 -0.038169904795121404 0.54593821580347557 0.67683732620681036 -0.01430905947396666 -0.016769323411845866 0.17248867209736896 0.048481189420242446 0.48147045075014028 0.058820166781894091 0.054710499109372694 0.29716846561104432 -0.053244683565493528 0.18177752230791611 -0.0085906281612516521 0.038478654271666808 -0.050336146151613449 -0.035263822603258464 0.19526104672707295 0.079015230324001373
leaf_weight=99.472501856005692 36.744875118722121 14.038675044925183 19.593860928420327 15.089010431296627 0.51157976036847574 0.83415964466985315 149.01170756091233 23.079640336927699 0.76812008765409601 0.28619370066735328 1.4245809485655625 3.9656692268472424 0.16607860437943678 0.068415775895118602 3.1849514685236491 1.2223169677163257 1.2849187951615024 1.4909882021529481 0.18538832350168366 9.8482594870947633 10.158502295475047 0.28538144622871131 2.1065220101227173 0.41827204104629334 31.048042431248177 6.6261471163015839 0.67339046741835662 9.7548903936985862 0.78607872081920505 3.5988229927315842
leaf_count=6186 24266 1845 1261 6424 81 16 51968 5516 39 53 201 9393 16 1 671 780 196 264 3 446 810 41 236 92 1710 150 210 431 38 322
internal_value=-4.328e-05 -0.00644114 -0.00316358 0.00270252 0.00126536 0.0897853 0.00402029 0.00994729 0.00213189 -0.0226955 0.0814961 0.0221772 0.0411817 -0.0260438 0.0567829 0.104226 0.0866907 0.129395 0.211448 0.0409494 0.0114258 0.00997095 0.0519644 -0.0143095 0.00541297 0.0209415 0.00171325 -0.0200101 0.081944 0.0950435
internal_weight=447.728 134.451 120.412 313.277 100.818 1.34574 298.188 149.176 91.0146 24.7904 1.71077 58.1619 21.417 4.03409 17.3829 4.34969 4.18361 2.9613 1.47031 13.0332 66.2242 65.456 6.409 2.52479 59.0471 27.999 17.8405 11.2144 1.45947 3.8842
internal_count=113666 9389 7544 104277 6283 97 97853 45885 9849 5770 254 36036 11770 9394 2376 1259 1243 463 199 1117 4079 4040 691 328 3349 1639 829 679 248 363
is_linear=0
shrinkage=0.05


Tree=106
num_leaves=31
num_cat=0
split_feature=13 9 13 1 3 27 9 2 3 26 8 1 29 13 13 29 14 9 3 14 7 7 26 26 2 14 26 29 14 13
split_gain=2.90247 7.36001 6.68332 5.59209 6.43676 6.87258 4.73039 4.37629 5.47034 4.93843 4.92027 4.91994 6.30562 7.19424 4.90638 4.85135 4.83487 12.8076 9.40833 7.84823 6.13301 4.79241 6.61848 4.53762 6.45994 5.9221 5.68558 5.48411 4.91005 4.37846
threshold=120.50000000000001 3.6688827328382514 109.50000000000001 -0.020301905259918269 0.00082871330409095112 0.0024028833174069304 0.39603506204010713 -0.0089099988835689304 -0.047758236858223453 2.408727457650722 0.89534646905760462 -1.0000000180025095e-35 0.40117703483321171 -113.49999999999999 94.500000000000014 0.92661421194525873 0.043478260018919197 0.56303276719560735 0.019230769230769214 0.036585365519037356 0.00084115316309597962 0.00030781464433226273 0.61552309297675512 7.5464693124493376 0.0028827703243791748 0.8749998906250166 0.15955552741450194 -0.8109353758115283 0.33333332828284273 1.0000000180025095e-35
decision_type=2 2 2 2 2 2 2 2 2 2 2 2 2 2 2 2 2 2 2 2 2 2 2 2 2 2 2 2 2 2
left_child=2 -2 6 -4 -5 -6 -1 8 9 11 14 -8 13 -13 23 16 17 18 -12 -19 -21 -15 -23 24 26 -26 -9 -28 -25 -10
right_child=1 -3 3 4 5 -7 7 10 29 -11 15 12 -14 21 -16 -17 -18 19 -20 20 -22 22 -24 28 25 -27 27 -29 -30 -31
leaf_value=-0.028312368787979394 -0.025870713783406038 0.36948304832258105 0.17532577533027774 -0.0031905992448144557 0.092085505926248687 0.014816341926434008 0.0041852836538384406 -0.064198429248092534 -0.0026700357698946336 -0.039628502244406318 0.13246881428069429 -0.051234297164430148 -0.00082529816172478572 0.23123901456606044 -0.050918921176676415 0.28617018446087183 -0.0054631891437697394 -0.0043326334562966999 0.63463891889524027 0.11537086805259891 0.57404679439597694 0.1957935162939925 -0.05119462072159179 0.36933709729779007 -0.0037414363313360483 0.033837453181655243 -0.053258311057221952 0.033814849928996159 0.043687762284682463 -0.027960770455115809
leaf_weight=15.111675380027007 13.836124307199494 0.11872919018424077 0.61151846125722187 12.205945997840901 5.1283730285904294 6.5571693290403346 41.284423067700118 1.683548178840282 30.473046731065551 5.6377555717481291 0.26279352446363091 0.54816222668159786 2.5005137322004884 1.0010998984798782 3.1892508869350413 0.14481714396606449 128.50325776698446 4.8985687032982241 0.14459074722253717 0.82698868225270405 0.079922141507267952 0.57693002792075254 0.51189603377133608 0.11749138508457591 72.895185461766232 12.245167848865092 1.8997406118578499 37.581939263487584 7.8153632305438805 39.035724684999877
leaf_count=10914 3848 24 4 3661 1058 1322 1049 1908 2287 182 141 35 98 14 2958 18 43789 3324 7 329 3 12 32 37 6945 1939 1399 20161 1849 4319
internal_value=-6.24831e-05 -0.022507 0.000660077 0.0260243 0.0222028 0.0487271 -0.000859593 0.000193724 -0.00769407 0.00456138 0.00371541 0.00992794 0.0560654 0.109989 0.0103736 -0.00306949 -0.00338042 0.0396984 0.310701 0.0206815 0.155792 0.152276 0.0796756 0.0118298 0.00952596 0.00166328 0.025788 0.0296251 0.0485109 -0.0168732
internal_weight=447.428 13.9549 433.473 24.503 23.8915 11.6855 408.97 393.858 121.57 52.0608 272.289 46.423 5.1386 2.63809 137.428 134.861 134.716 6.21286 0.407384 5.80548 0.906911 2.08993 1.08883 134.238 126.306 85.1404 41.1652 39.4817 7.93285 69.5088
internal_count=113666 3872 109794 6045 6041 2380 103749 92835 8028 1422 84807 1240 191 93 37196 47611 47593 3804 148 3656 332 58 44 34238 32352 8884 23468 21560 1886 6606
is_linear=0
shrinkage=0.05


Tree=107
num_leaves=31
num_cat=0
split_feature=13 13 9 1 9 9 10 14 27 6 12 24 0 14 10 27 9 9 5 5 9 6 10 6 5 4 11 14 25 12
split_gain=2.67239 5.92792 4.88557 4.56873 5.00293 4.37558 3.49617 2.96835 3.88834 4.48079 5.5239 4.31162 4.02558 3.67524 2.77458 2.95143 2.76782 6.71498 6.71591 5.19748 5.10552 4.89538 5.27509 7.12166 4.61774 5.1819 5.62703 5.37292 11.335 4.41834
threshold=120.50000000000001 109.50000000000001 3.6688827328382514 -0.020301905259918269 0.30945722392028147 0.39603506204010713 0.001167401930699092 0.18181817709563347 0.0039054468588679255 0.0020325203252032306 20.500000000000004 1.0000000180025095e-35 0.0029018556071604786 0.19819819641262795 0.0012615441237213622 0.031562852735248892 0.79576522375897973 0.79158022030093556 0.00048795562869720491 0.004641351868599106 0.81615524132836703 0.00076446601043601706 0.0041550093100207516 0.00074812156442102373 0.0048159973383080489 0.0072875998908600035 0.0072218013950567069 0.0076520852923019208 1.0000000180025095e-35 115.50000000000001
decision_type=2 2 2 2 2 2 2 2 2 2 2 2 2 2 2 2 2 2 2 2 2 2 2 2 2 2 2 2 2 2
left_child=1 5 6 -3 -5 -1 -2 -6 11 -10 -11 13 -13 -9 15 -7 17 21 -19 -20 -18 22 29 -24 25 27 -27 28 -23 -16
right_child=2 3 -4 4 7 14 -8 8 9 10 -12 12 -14 -15 16 -17 20 18 19 -21 -22 24 23 -25 -26 26 -28 -29 -30 -31
leaf_value=-0.027567210209009509 0.090871735621944713 0.15416309471755477 0.24691630207688539 0.1017731559049318 -0.026704837770950986 -0.04225985967712332 -0.030696215940586576 0.13049794384889488 -0.052282049553844738 -0.027152396454666883 0.12717997351461577 -0.05157416930456761 0.1479967500626039 0.018583170786426243 -0.0010930042448172156 0.081638927528079802 -0.047679143587636752 0.34098965831827927 -0.0514451341289398 0.13506125557158941 -0.00095608844731177216 0.3124470494216619 0.0356318950915092 0.2201257809186779 -0.035076090073996445 0.07446032095385266 0.0036913794627256129 -0.0067179684278114334 -0.05148625052860957 0.081358008368146995
leaf_weight=14.753381481714312 0.61979078059448234 0.65931816026568668 0.16706777645595217 1.7669683117783304 3.6747544101162957 5.9610404331469899 12.91909324476728 0.78694578113936664 3.1240648376442541 1.3545006589265542 1.0137053056387229 0.30909415144924501 1.3844879676471462 10.818817691160801 22.420108770689698 0.52281701730680641 5.9760227062215554 0.2537503620624183 0.60393969206779707 0.97919913299847394 270.37788487090438 0.40349107090150838 15.523419445700711 0.54130681976676065 9.3014628228265774 4.7702039962168765 6.8316006457898766 47.036666561056336 0.45546068361727521 1.7517812393125485
leaf_count=10914 976 4 24 308 1344 45719 2872 92 867 50 15 285 80 3000 11413 36 997 44 146 15 26565 38 784 12 263 73 118 5464 87 1061
internal_value=-7.76865e-05 0.000609806 -0.0218149 0.0242984 0.0207652 -0.00083383 -0.025131 0.014394 0.0224309 -0.0129614 0.0389092 0.037047 0.111573 0.0261717 0.000167942 -0.0322694 0.000711085 0.00738496 0.102188 0.0639123 -0.00196645 0.00578783 0.0196413 0.0418485 -0.0023143 0.00280748 0.0327888 -0.00445492 0.119471 0.00488237
internal_weight=447.062 433.356 13.706 24.8927 24.2333 408.464 13.5389 22.4664 18.7916 5.49227 2.36821 13.2993 1.69358 11.6058 393.71 6.48386 387.226 110.872 1.83689 1.58314 276.354 109.036 40.2366 16.0647 68.7989 59.4974 11.6018 47.8956 0.858952 24.1719
internal_count=113666 109794 3872 6045 6041 103749 3848 5733 4389 932 65 3457 365 3092 92835 45755 47080 19518 205 161 27562 19313 13270 796 6043 5780 191 5589 125 12474
is_linear=0
shrinkage=0.05


Tree=108
num_leaves=31
num_cat=0
split_feature=16 11 14 14 11 14 6 7 25 27 14 11 7 3 13 21 3 6 14 11 7 6 7 7 26 12 7 26 28 4
split_gain=2.6306 3.27473 3.60224 5.29078 5.46085 4.29592 3.13548 2.98652 5.14491 9.92547 7.12027 3.17181 3.28699 2.84766 2.80056 3.12898 2.49559 2.37911 4.82261 5.33629 8.53964 6.68841 6.4592 5.63133 5.40427 5.17155 8.45655 6.69322 6.16272 4.83167
threshold=1.0000000180025095e-35 0.003427867508994451 0.43749994531248609 0.3759398276749551 0.0046659886522072763 0.38513513279310313 0.0035795049841966979 1.0000000180025095e-35 1.0000000180025095e-35 -0.0061374143348444325 0.085106381167955311 0.0035026806968381104 0.0040443346279740106 0.080262292855431197 85.500000000000014 1.0000000180025095e-35 0.108796645291315 0.00057041482403596456 0.11572929378563157 0.006399375507186114 0.0002521432173474331 0.00052343243621104927 0.0014614328514210861 0.0015178079332374172 13.839147433950806 57.500000000000007 0.0014895475090512731 0.70235851186004761 1.9295350628527002 0.0043752124897565286
decision_type=2 2 2 2 2 2 2 2 2 2 2 2 2 2 2 2 2 2 2 2 2 2 2 2 2 2 2 2 2 2
left_child=17 -2 3 7 -5 -6 -4 8 9 10 -3 -9 14 -10 15 -13 -11 18 25 -20 21 29 -22 -24 -25 -1 27 28 -27 -21
right_child=1 2 6 4 5 -7 -8 11 13 16 -12 12 -14 -15 -16 -17 -18 -19 19 20 22 -23 23 24 -26 26 -28 -29 -30 -31
leaf_value=0.016532568002701881 -0.050315095443302087 0.43252451566474392 -0.055996298954762928 0.29365525354744415 0.15810799000075557 -0.053375902670622581 0.045609486533721405 0.10706615536461579 -0.037573814106875922 -0.050978124910843352 0.096581454153286228 -0.034447282761677279 0.035217270648312808 0.14936934047924921 0.020252620977953367 0.071640989325638726 0.13841472234611019 -0.0012311602688964409 -0.010016747087909532 -0.029052021192071717 -0.025744863192072694 0.2017642938410755 0.11917073147414968 0.005935043741838569 0.080984575336432857 -0.050616310700549151 0.29460978063363841 0.13452741985516978 0.15898883860891666 0.067877375253135599
leaf_weight=12.73491801850105 4.9929010598534651 0.30673651359393261 5.30057319941261 0.28479401272488647 0.44705368077848107 0.51878346438752487 0.8862385619431733 0.56005875104165426 1.6819992591335902 0.64439830864285508 0.32468012531171553 15.343749113169913 3.0117001425242043 0.2317790836095811 3.4089725061785421 0.72801492242433674 0.23823964409530163 297.15859448842457 42.972238547390589 1.655336379793878 12.226176220341584 0.76230547750310496 1.2984834637027258 26.434222822863379 2.6381225042568976 1.5581911908302575 0.41780587099492539 1.5617834399599813 0.4525197015282173 5.7569498824886978
leaf_count=2016 13472 18 449 29 11 52 19 41 265 140 37 1527 64 2 208 38 2 32756 55035 575 1530 35 47 1104 60 2754 8 975 214 183
internal_value=-8.7837e-05 -0.0125091 -0.00694381 0.000752693 0.101248 0.0445129 -0.0414416 -0.00399355 0.0395516 0.108421 0.25978 -0.0104686 -0.0133952 -0.014933 -0.0209106 -0.0296417 0.000142365 0.00109785 0.00736282 0.00295012 0.0139251 0.0607348 0.00494203 0.0172954 0.0127453 0.0320958 0.0817653 0.056873 -0.00344371 0.0462308
internal_weight=446.538 38.9107 33.9178 27.731 1.25063 0.965837 6.18681 26.4803 3.42783 1.51405 0.631417 23.0525 22.4924 1.91378 19.4807 16.0718 0.882638 407.628 110.469 93.7438 50.7716 8.17459 42.597 30.3708 29.0723 16.7252 3.9903 3.57249 2.01071 7.41229
internal_count=113666 16374 2902 2434 92 63 468 2342 464 197 55 1878 1837 267 1773 1565 142 97292 64536 58569 3534 793 2741 1211 1164 5967 3951 3943 2968 758
is_linear=0
shrinkage=0.05


Tree=109
num_leaves=31
num_cat=0
split_feature=2 12 26 0 9 8 14 14 29 4 8 0 14 12 14 6 3 29 26 8 17 11 4 6 6 12 5 5 27 14
split_gain=2.62402 4.3511 4.2412 4.00431 4.44865 5.15419 8.37802 3.99527 3.82078 3.76854 3.71259 3.91596 5.535 3.45629 5.15235 3.39214 4.84621 4.60203 4.60388 7.05291 6.3779 5.47667 5.1856 4.37966 4.03308 4.15721 4.10311 7.48399 3.86667 3.80659
threshold=-0.0089099988835689304 71.500000000000014 1.9179775515272015 -0.0045470780635303203 2.0429125480808428 1.1012510265488615 0.38513513279310313 0.0076520852923019208 0.7160758311372355 0.010019692139968553 0.63775110027518234 0.0029018556071604786 0.44614886532460085 69.500000000000014 0.14863897524615086 0.00057041482403596456 -0.023094374423501256 0.045735191679191163 0.47847669965292544 1.1926056337591646 2.0503444621676424e-05 0.013830089269777177 0.0087804540794300598 0.00029778167690935967 0.00088296532511519886 55.500000000000007 0.0017886002825205363 0.0019072361708658732 -0.016407274057746519 0.075068460071177581
decision_type=2 2 2 2 2 2 2 2 2 2 2 2 2 2 2 2 2 2 2 2 2 2 2 2 2 2 2 2 2 2
left_child=1 2 13 -4 7 6 -6 -5 -2 -8 -10 -12 -13 15 -15 17 24 18 23 21 22 -20 28 -1 25 -17 -26 -28 -21 -25
right_child=8 -3 3 4 5 -7 9 -9 10 -11 11 12 -14 14 -16 16 -18 -19 19 20 -22 -23 -24 29 26 -27 27 -29 -30 -31
leaf_value=-0.008459534938462349 0.0036255158753298877 -0.033055929973299737 -0.073321747706746196 0.18997375665157679 -0.0066084805652154802 -0.028781801378996209 0.076584637627881313 -0.037976634760515146 -0.04621023045298861 0.24152096682285906 -0.019183068499884035 0.19236376412918865 0.0083564996146795242 0.1489764602089429 -0.051038906118809547 -0.056955394874541612 -0.027452421222323688 -0.011709475723700527 -0.036771863673129589 0.15218221382667069 0.02087381669635769 0.081110871293854359 0.25268621819552994 0.10345575684020886 -0.017160292662910116 0.1572211379820142 0.13500693965333183 0.011506851415900753 -0.050480467205158523 -0.00054324824874018727
leaf_weight=9.0943613702365891 298.46775213789806 13.351906710973706 3.4146632472402443 0.19591327768285083 1.8338197862030932 2.8512802024488337 0.71699118614196755 10.20439152473409 7.771640679366099 0.66989839868620038 4.9962890092865564 0.58952815551310767 1.3322569493902845 0.91840677862637565 0.49578293987724464 3.9371697171809492 19.180734898600349 11.342468773280414 2.235845790833991 0.83821847510989789 1.180539851891808 1.7615269331727175 0.9494719321373849 1.9681564125567086 12.6761437288078 0.24040174941183057 1.2796519894618565 29.644883695873432 0.32724253122432889 1.591230286445352
leaf_count=603 97853 1845 116 8 65 149 32 926 4737 13 1594 8 85 38 59 305 1682 1327 250 11 86 38 13 93 636 33 39 811 74 137
internal_value=-9.80072e-05 -0.00598475 -0.00296129 -0.0240438 -0.0138286 0.0201781 0.0635221 -0.0336827 0.00240027 0.156253 -0.0224944 0.0041475 0.0648027 0.00124558 0.0788556 0.000128459 -0.00622246 0.0137195 0.0281795 0.0598211 0.113976 0.0151757 0.165944 0.00994319 0.00230038 -0.0446304 0.00679702 0.0166173 0.0952778 0.0569628
internal_weight=446.059 132.901 119.549 19.887 16.4723 6.07199 3.22071 10.4003 313.157 1.38689 14.6897 6.91807 1.92179 99.6622 1.41419 98.248 66.959 31.2891 19.9466 7.29285 3.29547 3.99737 2.11493 12.6537 47.7783 4.17757 43.6007 30.9245 1.16546 3.55939
internal_count=113666 9389 7544 1309 1193 259 110 934 104277 45 6424 1687 93 6235 97 6138 3506 2632 1305 472 184 288 98 833 1824 338 1486 850 85 230
is_linear=0
shrinkage=0.05


Tree=110
num_leaves=31
num_cat=0
split_feature=4 3 1 1 9 9 1 7 14 29 10 27 10 12 9 5 8 26 9 28 10 6 3 8 9 9 26 29 5 5
split_gain=2.69311 3.98223 3.8403 3.7843 3.46137 2.60115 2.21411 1.94778 3.8132 3.59044 3.41191 3.30062 2.9778 3.13159 2.93893 2.73169 2.68117 2.53138 2.23946 4.77228 11.4029 5.48777 4.70191 5.61183 4.12323 5.52617 3.78297 3.65649 3.24079 4.07084
threshold=0.0024808490796236625 -0.047758236858223453 -0.0016507391241871807 0.0075757162410690316 0.83692551918287716 0.59688327294398935 -0.00029629492261216446 0.0031498762552230699 0.12662448430621157 0.7340707274571282 0.0018056230299490095 -0.039783729538338149 0.001379022984352206 125.50000000000001 1.4670018654658816 0.0059061353870104001 1.1626956796404355 0.68740397471904668 1.1402968124639064 -0.046653732725626278 0.0099352645436405658 0.0035795049841966979 -0.047758236858223453 0.64190973200197843 1.0377052382472434 1.0252828451461131 0.14627216564260348 0.20877349549684701 0.0068257516586208164 0.0063186356377243512
decision_type=2 2 2 2 2 2 2 2 2 2 2 2 2 2 2 2 2 2 2 2 2 2 2 2 2 2 2 2 2 2
left_child=1 2 -1 -3 5 -5 -4 12 14 10 16 15 13 -2 -9 17 -10 -12 22 20 -20 28 23 -13 25 -24 -23 -25 29 -21
right_child=7 3 6 4 -6 -7 -8 8 9 -11 11 18 -14 -15 -16 -17 -18 -19 19 21 -22 26 24 27 -26 -27 -28 -29 -30 -31
leaf_value=-0.011494083755981356 -0.048045476571630545 -0.029589474253846466 0.24080625408000367 -0.050189614258049367 -0.051533022964861432 0.1122994546965021 0.061768464061997368 0.03797791709886144 0.085459779907193667 -0.052948435557311574 0.11759878376093436 0.12384903470328301 -0.00099929287629326033 0.13633561854754633 -0.055557747711844165 -0.012179439611448514 -0.050756592104572985 0.019928461839819056 0.013167629526465051 0.021310901187397577 0.14171980888413652 0.04406730279479585 -0.010666601090824783 0.049308622459510003 -0.065939589503407767 0.1222301378963921 -0.05463807341501347 -0.054661104449987667 -0.012096489362740277 0.14192940896979514
leaf_weight=0.82937303445942234 4.8932324515953942 19.872545249007093 0.33334443042986095 0.30655475031744517 0.73044386964465946 1.2529716354183618 0.35828587134892831 1.068609695881604 2.4161305178131438 2.2364872411126262 1.733443009201437 1.4225094281137014 332.74304978593864 0.24166199879255135 3.9220846588723361 1.1184986513108013 0.42475590186950274 1.0746783353388307 6.6979629065026511 19.331249498471159 2.3234215723350644 1.1923218648880709 18.842166593589361 2.0287390588782732 3.2506438608688759 0.81611359305679698 5.2227354873903096 1.4501050184480844 7.921522994991391 0.72577660391107102
leaf_count=111 5468 74227 17 238 342 142 49 10 87 75 26 13 31005 57 79 23 97 23 179 562 24 13 510 26 85 16 73 39 100 11
internal_value=-0.000797075 -0.0172047 0.0610579 -0.0225759 0.0382888 0.0803591 0.148059 0.000121368 0.00687643 0.00951433 0.0113055 0.0092722 -0.0015824 -0.039368 -0.0355298 0.0539 0.0650934 0.08022 0.00681188 0.0139078 0.0462757 0.00541772 -0.00426561 0.040182 -0.0137752 -0.00514939 -0.0362924 0.00597037 0.0149812 0.0256756
internal_weight=446.781 23.6835 1.521 22.1625 2.28997 1.55953 0.69163 423.098 85.22 80.2293 77.9928 75.1519 337.878 5.13489 4.99069 3.92662 2.84089 2.80812 71.2253 43.415 9.02138 34.3936 27.8103 4.90135 22.9089 19.6583 6.41506 3.47884 27.9785 20.057
internal_count=113727 75126 177 74949 722 380 66 38601 2071 1982 1907 1723 36530 5525 89 72 184 49 1651 962 203 759 689 78 611 526 86 65 673 573
is_linear=0
shrinkage=0.05


Tree=111
num_leaves=31
num_cat=0
split_feature=16 0 11 26 8 12 11 2 0 4 11 9 27 1 10 4 1 4 12 7 14 10 6 22 6 6 1 1 9 6
split_gain=2.6352 4.26203 3.5136 2.9548 4.10329 2.87048 3.49075 2.85452 3.65525 4.37281 4.00557 2.3163 3.61286 2.31558 2.29281 2.20699 4.48964 3.56505 2.40298 1.79595 3.79121 3.19632 2.82571 4.48897 3.69831 5.53628 6.17593 8.95503 4.5048 6.7866
threshold=1.0000000180025095e-35 -0.0087753446784708897 0.0058313859248463615 1.3231687044315865 0.78104296269810858 105.50000000000001 0.003427867508994451 -0.022038254152078877 -0.0053562978755808434 0.0093275396690195786 0.0038427883999207651 0.89682491577790235 -0.0096181124856258259 -0.012176023129679093 0.029266604039543811 0.0014957270768172792 0.0075757162410690316 0.0015206634773806116 82.500000000000014 0.0031498762552230699 0.09523809357520531 0.0018056230299490095 0.0013273489091512568 1.0000000180025095e-35 0.00084446698205241897 0.00083515054068475771 0.00016228936490061149 0.0018232967448377558 0.34698541997433868 0.00098542095629976147
decision_type=2 2 2 2 2 2 2 2 2 2 2 2 2 2 2 2 2 2 2 2 2 2 2 2 2 2 2 2 2 2
left_child=15 2 -2 4 -4 7 -7 8 14 10 -10 -6 -13 -14 -3 16 -1 18 -17 22 -21 -22 23 24 25 -19 -27 -28 29 -26
right_child=1 5 3 -5 11 6 -8 -9 9 -11 -12 12 13 -15 -16 17 -18 19 -20 20 21 -23 -24 -25 28 26 27 -29 -30 -31
leaf_value=-0.050271787507750021 -0.058579241890362246 -0.06168651652898112 0.099518150442733988 -0.053100985685378001 0.065330177537917519 -0.050121086190352618 0.10524554918655321 -0.043147959371899074 0.18889908614920503 0.12429057527547545 -0.05260744053388336 -0.026872755636499254 0.085199682968971971 0.0080144813174302248 0.053181229735097563 -0.050069695756923709 0.10371915313762464 -0.00059106735907216146 0.19428196093051259 -0.051324795142816307 0.06107319880921417 0.0073947985405778491 0.0032594029988328162 -0.045362229044667524 0.13060642901507488 -0.051209209654683209 0.49707869487843426 0.097466611100138434 -0.021976580512334261 -0.051854700550222135
leaf_weight=4.282646372299495 1.8297234615311015 2.1914461904671048 1.5348298074677575 1.4220142317935813 1.7233494417741884 0.62620343094385933 0.85535494529176503 15.451417012758613 0.203896377410277 1.0137804367113856 1.0869882646875337 4.9322476414963559 1.5332675483077762 2.653049745596948 0.541832492686808 0.13573363180694187 0.5321407149240257 102.40400707287336 0.38886776513027144 2.6582709131762376 2.8816724785938268 73.717365929624066 175.96712021036001 6.9449001107095674 1.2075146965362358 0.40988920946619944 0.1808022941222589 0.62419438525103033 35.039336187292065 0.88177451661613293
leaf_count=40881 76 123 20 48 20 3178 33 12569 24 11 220 90 14 36 5 489 139 31952 299 34 168 1665 10515 3723 97 98 22 66 6922 190
internal_value=-0.000767343 -0.0134338 0.00652588 0.0151589 0.0230015 -0.0276316 0.0395775 -0.0324914 0.000192173 0.0465732 -0.0144613 0.0121695 0.00212244 0.0362841 -0.0389157 0.000399207 -0.0332524 0.000800815 0.131059 0.000631217 0.00737702 0.00941419 -0.00102069 -0.00612017 -0.00418385 0.000667767 0.106776 0.18722 -0.0177238 0.0535996
internal_weight=445.856 37.5994 15.6285 13.7988 12.3767 21.9709 1.48156 20.4894 5.03794 2.30467 1.29088 10.8419 9.11856 4.18632 2.73328 408.256 4.81479 403.441 0.524601 402.917 79.2573 76.599 323.66 147.692 140.748 103.619 1.21489 0.804997 37.1286 2.08929
internal_count=113727 16467 304 228 180 16163 3211 12952 383 255 244 160 140 50 128 97260 41020 56240 788 55452 1867 1833 53585 43070 39347 32138 186 88 7209 287
is_linear=0
shrinkage=0.05


Tree=112
num_leaves=31
num_cat=0
split_feature=16 17 17 6 14 6 29 0 3 3 2 0 17 6 26 2 14 29 29 12 29 28 26 26 5 11 11 29 6 5
split_gain=2.44151 4.22124 3.60484 2.70315 2.33663 3.68465 6.82909 2.94727 3.89894 3.56248 2.73816 3.72145 2.45714 2.73362 2.61267 2.42073 2.08421 1.74717 7.85579 6.3525 4.11991 3.89226 6.71956 3.88234 3.28831 3.36873 6.49347 8.13292 5.07337 5.36886
threshold=1.0000000180025095e-35 0.0013575855867107307 0.0013735483311127169 3.7446171181475618e-05 0.0076520852923019208 6.1692218055169791e-05 -0.4954584292348847 -0.0087753446784708897 -0.0051253733438351573 -0.0053700967496943825 -0.022038254152078877 -0.0053562978755808434 0.0056377383047165382 0.0011884522063881616 0.18913328838417545 -0.0083024844856831193 1.0000000180025095e-35 0.07146483015510853 0.059227018085139922 19.500000000000004 0.16255750964680835 -0.059790004086017416 1.6602147052893019 744070.50000000012 1.6469424963243697e-05 0.012496435957724058 0.022863540282844905 0.43370229870598986 0.00026832311512938633 0.00069048141090886721
decision_type=2 2 2 2 2 2 2 2 2 2 2 2 2 2 2 2 2 2 2 2 2 2 2 2 2 2 2 2 2 2
left_child=17 -2 -3 16 -5 6 -6 12 9 10 11 -9 13 15 -14 -7 -4 18 -1 -20 -19 -21 -23 24 -22 -26 27 28 -27 -30
right_child=1 2 3 4 5 7 -8 8 -10 -11 -12 -13 14 -15 -16 -17 -18 20 19 21 23 22 -24 -25 25 26 -28 -29 29 -31
leaf_value=0.0021362257308919271 -0.040363530518315344 0.12958658589127445 0.029692676993004027 -0.042778695291466669 0.57838923452705904 0.031950461107901222 0.043701930994158256 -0.051233801821068507 -0.052023622401706195 0.150085423072116 -0.03724037869346844 0.098052759156749034 0.036974045518454769 0.00059264124896768315 -0.032044806258353979 0.12212204839478871 -0.056357715589408885 -0.025324112159215702 -0.051256981754959477 0.085319864223447062 0.056606690125239847 0.35305747978769131 -0.050715173540565296 0.069310608554423336 -0.0074025672912438794 -0.02796319845638652 -0.017713630939166145 -0.00010367549472194111 -0.031289342778824614 0.073972994638643985
leaf_weight=224.84113421749862 10.229926976990098 0.50609599964809859 0.86838178031757962 2.5408386296076086 0.07946118788458989 1.4274433003738523 0.24034423098055668 0.64201389404479403 4.0320773109742518 0.44503455168888795 2.1578125650048605 1.1935092892381365 2.6060057915747166 1.7744327597320078 2.893693013349548 1.5552230877801883 3.7101347771276778 19.013111146115989 0.73584361540997578 2.1508255250155353 2.3920475289996821 0.3651401557217463 0.14354902703053085 1.9554757678997692 107.63036687465865 1.8006350330397243 15.963189345668068 18.956447970558656 1.3664967042277556 10.670604840473969
leaf_count=47492 12239 74 420 541 28 19 43 55 975 13 668 62 27 39 53 23 1188 5796 137 552 1940 28 61 98 39500 109 378 741 94 334
internal_value=-0.000741558 -0.0130575 -0.00258463 -0.00514101 0.00225999 0.00826806 0.176554 0.00539423 -0.0164329 0.0158999 0.000945653 0.0458366 0.0234199 0.0497333 0.000659444 0.0789678 -0.040037 0.000372427 0.00327615 0.0787623 -0.0033146 0.114737 0.239115 -0.000711126 -0.00157349 -0.00246339 0.00843969 0.0211703 0.0503137 0.0620232
internal_weight=444.887 36.9024 26.6725 26.1664 21.5879 19.0471 0.319805 18.7272 8.47045 4.43837 3.99334 1.83552 10.2568 4.7571 5.4997 2.98267 4.57852 407.985 228.236 3.39536 179.748 2.65951 0.508689 160.735 158.78 156.388 48.7574 32.7942 13.8377 12.0371
internal_count=113727 16467 4228 4154 2546 2005 71 1934 1773 798 785 117 161 81 80 42 1608 97260 48270 778 48990 641 89 43194 43096 41156 1656 1278 537 428
is_linear=0
shrinkage=0.05


end of trees

feature_importances:
volatility_20=266
pressure_ratio=229
volatility_5=195
volume_ratio=193
distance_from_vwap=193
volume_ratio_20=191
range_pct=189
price_position=189
returns_20=186
upper_wick=183
lower_wick=180
time_to_close=171
returns_5=155
time_since_open=153
returns=134
returns_10=133
body_pct=125
volume_momentum=98
pv_divergence=93
fvg_size_pct=57
fvg_down=33
bos_up=13
fvg_up=11
liquidity_grab_low=5
order_block_bull=4
bos_down=4
liquidity_grab_high=3
displacement_down=2
displacement_up=1
order_block_bear=1

parameters:
[boosting: gbdt]
[objective: binary]
[metric: auc]
[tree_learner: serial]
[device_type: cpu]
[data_sample_strategy: bagging]
[data: ]
[valid: ]
[num_iterations: 500]
[learning_rate: 0.05]
[num_leaves: 31]
[num_threads: 0]
[seed: 0]
[deterministic: 0]
[force_col_wise: 0]
[force_row_wise: 0]
[histogram_pool_size: -1]
[max_depth: -1]
[min_data_in_leaf: 20]
[min_sum_hessian_in_leaf: 0.001]
[bagging_fraction: 0.8]
[pos_bagging_fraction: 1]
[neg_bagging_fraction: 1]
[bagging_freq: 5]
[bagging_seed: 3]
[bagging_by_query: 0]
[feature_fraction: 0.8]
[feature_fraction_bynode: 1]
[feature_fraction_seed: 2]
[extra_trees: 0]
[extra_seed: 6]
[early_stopping_round: 0]
[early_stopping_min_delta: 0]
[first_metric_only: 0]
[max_delta_step: 0]
[lambda_l1: 0]
[lambda_l2: 0]
[linear_lambda: 0]
[min_gain_to_split: 0]
[drop_rate: 0.1]
[max_drop: 50]
[skip_drop: 0.5]
[xgboost_dart_mode: 0]
[uniform_drop: 0]
[drop_seed: 4]
[top_rate: 0.2]
[other_rate: 0.1]
[min_data_per_group: 100]
[max_cat_threshold: 32]
[cat_l2: 10]
[cat_smooth: 10]
[max_cat_to_onehot: 4]
[top_k: 20]
[monotone_constraints: ]
[monotone_constraints_method: basic]
[monotone_penalty: 0]
[feature_contri: ]
[forcedsplits_filename: ]
[refit_decay_rate: 0.9]
[cegb_tradeoff: 1]
[cegb_penalty_split: 0]
[cegb_penalty_feature_lazy: ]
[cegb_penalty_feature_coupled: ]
[path_smooth: 0]
[interaction_constraints: ]
[verbosity: -1]
[saved_feature_importance_type: 0]
[use_quantized_grad: 0]
[num_grad_quant_bins: 4]
[quant_train_renew_leaf: 0]
[stochastic_rounding: 1]
[linear_tree: 0]
[max_bin: 255]
[max_bin_by_feature: ]
[min_data_in_bin: 3]
[bin_construct_sample_cnt: 200000]
[data_random_seed: 1]
[is_enable_sparse: 1]
[enable_bundle: 1]
[use_missing: 1]
[zero_as_missing: 0]
[feature_pre_filter: 1]
[pre_partition: 0]
[two_round: 0]
[header: 0]
[label_column: ]
[weight_column: ]
[group_column: ]
[ignore_column: ]
[categorical_feature: ]
[forcedbins_filename: ]
[precise_float_parser: 0]
[parser_config_file: ]
[objective_seed: 5]
[num_class: 1]
[is_unbalance: 0]
[scale_pos_weight: 1]
[sigmoid: 1]
[boost_from_average: 1]
[reg_sqrt: 0]
[alpha: 0.9]
[fair_c: 1]
[poisson_max_delta_step: 0.7]
[tweedie_variance_power: 1.5]
[lambdarank_truncation_level: 30]
[lambdarank_norm: 1]
[label_gain: ]
[lambdarank_position_bias_regularization: 0]
[eval_at: ]
[multi_error_top_k: 1]
[auc_mu_weights: ]
[num_machines: 1]
[local_listen_port: 12400]
[time_out: 120]
[machine_list_filename: ]
[machines: ]
[gpu_platform_id: -1]
[gpu_device_id: -1]
[gpu_use_dp: 0]
[num_gpu: 1]

end of parameters

pandas_categorical:[]
