tree
version=v4
num_class=1
num_tree_per_iteration=1
label_index=0
max_feature_idx=4
objective=binary sigmoid:1
feature_names=returns range_pct volume_ratio returns_5 returns_10
feature_infos=[-0.079948878159613712:0.073896464062860989] [0:0.038864688265722896] [0.018421130819740322:4.7764453727563732] [-0.1829352999941235:0.088446719797329543] [-0.18475626809952028:0.11002988013600601]
tree_sizes=3208 3498 3497 3498 3489 3513 3515 3510 3526 3519 3514 3503 3510 3512 3523 3509 3518 3516 3534 3397 3402 3519 3534 3543 3090 3059 3401 3414 3529 3542 3403 3101 3413 3448 3213 3504 3208 3191 3537 2796 2347 3069 2933 2681 3078 3493 3125 3420 2736 2798 2721 2340 3394 3433 3015 3326 3180 2414 3227 3195 3210 2942 2812 3519 2957 2288 3389 2622 3021 3420 3165 2738 3498 3147 3180 3331 3186 2956 3396 3527 3172 2191 3403 3421 3393 2435 2715 2775 3199 3316 3238 2436 3383 3178 3385 3421 3198 3097 3294 3433

Tree=0
num_leaves=29
num_cat=0
split_feature=1 1 4 1 2 0 0 0 4 2 2 1 1 0 1 4 1 2 1 3 3 3 3 4 2 4 3 3
split_gain=588.026 211.886 55.2149 45.1685 62.6655 35.8346 32.3136 30.0133 83.2517 29.2264 27.6216 22.1857 21.8913 21.8211 17.5454 16.266 16.5239 16.08 16.0681 15.3456 14.9413 14.5308 12.6788 10.5786 8.04843 1.63546 3.86054 1.02921
threshold=0.0033406565687884907 0.00078431372549012687 0.0051316645770196354 0.0049636373268024461 0.3677433169686774 -0.00031754840026687598 -0.00087344304758263369 -0.0048748851671392415 -0.0029505298038629553 0.91221701400822686 0.99379392019829071 0.00038441151144294732 0.0020796228111222737 -0.00037826993434064699 0.0024762549000852279 -0.0073721458643278273 0.0035559654954686721 1.1482847972694328 0.0041923438224826465 0.0064777089806857821 0.0012547915328845474 0.0001530900031212479 0.0052644939037848068 -0.0010235713876685091 0.84811579235858758 -0.0020359836445842934 9.1665694626819074e-05 -0.0012175928488984964
decision_type=2 2 2 2 2 2 2 2 2 2 2 2 2 2 2 2 2 2 2 2 2 2 2 2 2 2 2 2
left_child=1 11 9 6 -5 13 18 8 -6 12 -9 25 -3 -4 -7 16 -8 -17 19 -2 23 -20 -11 -13 -22 26 -1 -27
right_child=3 2 5 4 7 14 15 10 -10 22 -12 20 -14 -15 -16 17 -18 -19 21 -21 24 -23 -24 -25 -26 27 -28 -29
leaf_value=-4.2255874905258892 -4.1251326060998199 -4.1815115763867361 -3.9047618931764752 -2.5493757924740335 -3.8754651030929304 -4.1224958873871547 -3.6460737749923622 -3.7069962654847566 -3.0002979163271819 -4.1273169492231698 -3.9418310185455909 -4.1815055785766502 -4.0993749434264686 -3.2943210289249327 -3.959390046295753 -3.7726777850584412 -4.2163671934310445 -3.9389318783922196 -3.9943640490545973 -3.6161373710717282 -4.1968931820646409 -3.6545191366488678 -3.9020886389431255 -4.2214202312890468 -4.1120707640068987 -4.2084962081061761 -3.9790366505138568 -4.2511831001592792
leaf_weight=5.8509360291063777 12.626501845195889 221.06230841577053 10.140611926093696 0.40926236473024147 3.1225202642381191 24.767951998859644 0.65178821049630942 8.321668082848193 1.6673651896417165 373.71717046014965 12.58102824911475 86.884884245693684 38.031084189191461 0.62147247977554698 8.9886141587048751 13.960393996909263 2.3039955347776413 9.9738754071295244 5.2749371454119673 0.62147247977554876 20.675328351557255 1.6522073242813347 2.5162056498229495 281.61798053048551 24.373847499489784 5.8509360291063777 0.71241967193782318 163.03799981623888
leaf_count=386 833 14584 669 27 206 1634 43 549 110 24655 830 5732 2509 41 593 921 152 658 348 41 1364 109 166 18579 1608 386 47 10756
internal_value=-4.15821 -4.1741 -4.13607 -3.88255 -3.77705 -4.02841 -3.94106 -3.7966 -3.57082 -4.14361 -3.84834 -4.218 -4.16946 -3.86951 -4.07906 -3.86929 -4.09061 -3.84196 -4.03672 -4.10126 -4.20536 -3.91331 -4.12581 -4.21201 -4.151 -4.2478 -4.19883 -4.2497
internal_weight=1342.02 1268.85 679.845 73.167 26.1018 44.5187 47.0652 25.6926 4.78989 635.327 20.9027 589.004 259.093 10.7621 33.7566 26.8901 2.95578 23.9343 20.1751 13.248 413.552 6.92714 376.233 368.503 45.0492 175.452 6.56336 168.889
internal_count=88536 83709 44851 4827 1722 2937 3105 1695 316 41914 1379 38858 17093 710 2227 1774 195 1579 1331 874 27283 457 24821 24311 2972 11575 433 11142
is_linear=0
shrinkage=1


Tree=1
num_leaves=31
num_cat=0
split_feature=1 1 1 2 3 4 3 1 2 4 3 4 3 2 4 0 1 3 2 4 1 4 2 4 3 1 0 0 4 3
split_gain=354.319 115.086 97.7966 30.0226 28.4027 20.8589 27.9127 17.2975 16.1379 14.7058 14.1138 14.0154 12.1888 11.9889 16.54 14.037 11.8696 11.0394 9.9216 11.0008 9.49677 9.24082 8.8841 8.87964 7.79747 7.32753 5.99113 4.42098 1.20963 3.80119
threshold=0.0019239036757240633 0.00071243987199802092 0.0036910851193512587 0.91221701400822686 0.0007495201442402345 0.0028795238415787465 0.0057463771801898886 0.0003566480570210496 0.81929683280355825 0.0041671365807418601 0.0012547915328845474 0.0059081524902060431 0.0029663674333639816 0.56036874866285669 -0.0023468588006156361 0.001025766498548575 0.003991110946173485 -0.0012175928488984964 1.5776277239868219 -0.0014464890617279511 0.0011787490187382518 -0.012196555482038627 0.69925770873221593 -0.0011828087329588952 0.0013125975272045844 0.0023902592727851036 -0.0017834814857199952 0.0011154892558717935 -0.0020359836445842934 9.1665694626819074e-05
decision_type=2 2 2 2 2 2 2 2 2 2 2 2 2 2 2 2 2 2 2 2 2 2 2 2 2 2 2 2 2 2
left_child=1 7 4 9 21 16 8 28 -7 23 17 -8 -11 14 -6 -15 27 -9 19 -5 -20 25 -18 -3 -12 -2 -23 -4 29 -1
right_child=2 3 5 18 13 6 11 10 -10 12 24 -13 -14 15 -16 -17 22 -19 20 -21 -22 26 -24 -25 -26 -27 -28 -29 -30 -31
leaf_value=-0.079589219507773062 -0.10162129842164201 -0.0020809195489107455 0.095075835181710214 0.065924995822429749 0.53791708828485785 0.50584681438562451 -0.1027406680120152 -0.00091112007056826354 0.28700533396899836 -0.0062513436104349703 0.16283153073029819 0.19476236004643771 0.15299538878595073 0.16750784517260919 -0.082404074670046401 0.078688678414539512 0.06417272638072205 -0.063011300555122704 -0.054356534998563834 0.019683095242871203 0.025531577808245349 -0.018082051350768302 0.19696026366001251 -0.043609312320275956 -0.0048776788846972832 0.28758687104147024 0.038790983561244725 -0.064311224923172053 -0.093822805446841365 0.16234014084074155
leaf_weight=4.571960696950554 0.61171162128448431 77.428499192930758 5.0810381127521387 67.449632880277932 0.46903741545975197 4.6023390274494913 1.7947084661573161 31.810076378285885 12.581238895654677 11.524442507885398 3.0257696928456417 13.456380782648919 8.2451144857332093 34.166502959094942 5.1426546443253747 37.130436629988253 5.9656024975702158 285.98760911263525 29.635541468858719 216.83261509239674 29.886678114533424 23.938095038756728 32.419926894828677 153.68317495193332 33.093889158219099 2.3118374515324831 81.870611420832574 2.6467706635594368 131.50620823074132 0.75697214528918255
leaf_count=322 39 5225 309 4333 29 207 83 2174 590 720 200 620 512 2045 294 2216 241 19978 1917 13950 1911 1518 1608 10418 2176 142 5102 134 9481 42
internal_value=-0.000614111 -0.0258922 0.103243 0.00368767 0.0636665 0.196778 0.258223 -0.0617367 0.345618 -0.0226152 -0.050063 0.159753 0.0601643 0.110175 -0.0305563 0.121252 0.153559 -0.0567954 0.0228814 0.0306546 -0.0142439 0.0307699 0.176323 -0.0296962 0.00917144 0.206151 0.0259241 0.0404858 -0.0919301 -0.0452233
internal_weight=1349.63 1085.44 264.189 594.686 185.641 78.548 32.4347 490.752 17.1836 250.881 353.917 15.2511 19.7696 76.9086 5.61169 71.2969 46.1133 317.798 343.804 284.282 59.5222 108.732 38.3855 231.112 36.1197 2.92355 105.809 7.72781 136.835 5.32893
internal_count=88536 73359 15177 38986 11385 3792 1500 34373 797 16875 24528 703 1232 4584 323 4261 2292 22152 22111 18283 3828 6801 1849 15643 2376 181 6620 443 9845 364
is_linear=0
shrinkage=0.1


Tree=2
num_leaves=31
num_cat=0
split_feature=1 1 1 2 3 1 3 4 0 0 3 3 4 3 3 4 3 0 2 3 3 4 3 4 3 2 3 0 4 3
split_gain=261.682 101.62 53.0949 24.2547 18.8349 17.2443 12.6057 11.7038 10.4264 21.1183 15.4133 10.1208 9.51386 18.5415 19.1188 12.3928 10.2448 24.1755 12.0643 8.09546 28.9779 8.05422 7.93987 7.77407 7.72094 11.3176 6.30431 2.86737 1.2321 2.97356
threshold=0.0019239036757240633 0.00071243987199802092 0.0033406565687884907 0.91221701400822686 0.0007495201442402345 0.0003566480570210496 0.0012547915328845474 0.0041671365807418601 0.001025766498548575 0.00081053468820047059 0.00082183406889380095 -0.0012175928488984964 -0.0031255345927362339 -0.0055429375743777367 -0.0070382470852293757 -0.0029505298038629553 -0.011092317359267355 0.0027319697159591265 0.46515389144465508 -0.00093560385434066074 -0.00098042912768092605 0.0049035788281973644 0.0029663674333639816 -0.0011828087329588952 -0.0061818272494068007 0.70310895082560065 0.001491182301668226 0.0022905623117135403 -0.0020359836445842934 9.1665694626819074e-05
decision_type=2 2 2 2 2 2 2 2 2 2 2 2 2 2 2 2 2 2 2 2 2 2 2 2 2 2 2 2 2 2
left_child=1 5 4 7 24 28 11 23 9 -6 -10 -7 16 14 -14 -15 17 -4 -18 20 -5 -21 -9 -3 25 -2 -8 -26 29 -1
right_child=2 3 12 19 8 6 26 22 10 -11 -12 -13 13 15 -16 -17 18 -19 -20 21 -22 -23 -24 -25 27 -27 -28 -29 -30 -31
leaf_value=-0.07771761217252815 -0.10174522957269777 -0.0018768222049772897 0.14190317217554327 0.034861026705390367 0.09530276857185134 -0.00082077654098436132 0.068300348273632613 -0.0056622071727616798 0.67470077476109369 0.3266140028967347 0.039658709253214165 -0.060492316660280224 0.19791810542817664 0.61149818441628367 0.62178690239952283 0.13944750798039859 0.42088104773316515 0.76920687866577087 0.059440486608035616 0.0071250448597259255 0.3436764326149595 0.093610157372200187 0.11779112569657471 -0.041040377481722068 0.015030957844006654 0.19035237738058017 -0.020628373405852364 -0.10171761106170772 -0.092968051098054949 0.12387521846247129
leaf_weight=4.2315080668777219 1.7503689723089326 77.272377009503543 5.7271085726097217 90.820722579956055 35.976368930190802 31.781967946328223 11.768090378493069 11.45500911679119 0.38637787476181884 4.4333715979009858 35.33850497379899 269.00035404227674 2.9807505179196596 0.56041925493627687 1.6549708349630226 73.004174260422587 0.95252085104584949 0.6881758403033017 30.295189563184977 246.4188267076388 3.1437486363574854 11.260195437818764 9.5553223118185979 147.31344704329967 91.674486440606415 5.4773990120738745 24.711259147152305 2.1530914148315778 120.03133651334792 0.88466117531061161
leaf_count=322 105 5225 246 5626 1865 2174 742 720 23 238 2017 19978 97 27 63 2898 37 28 1431 15612 197 676 512 10418 5644 328 1634 130 9481 42
internal_value=-0.000893579 -0.0240237 0.0827424 0.00322516 0.0483228 -0.0592179 -0.0474543 -0.0208886 0.0858849 0.12068 0.0465269 -0.0541872 0.13538 0.155267 0.349241 0.143044 0.0940898 0.209195 0.0704582 0.0200668 0.045193 0.0109043 0.0504833 -0.0275655 0.0200236 0.119614 0.00805967 0.0123519 -0.0909195 -0.0428592
internal_weight=1352.7 1059.65 293.053 597.24 177.19 462.409 337.262 245.596 76.1346 40.4097 35.7249 300.782 115.863 78.2003 4.63572 73.5646 37.663 6.41528 31.2477 351.643 93.9645 257.679 21.0103 224.586 101.055 7.22777 36.4793 93.8276 125.148 5.11617
internal_count=88536 73359 15177 38986 10350 34373 24528 16875 4143 2103 2040 22152 4827 3085 160 2925 1742 274 1468 22111 5823 16288 1232 15643 6207 433 2376 5774 9845 364
is_linear=0
shrinkage=0.1


Tree=3
num_leaves=31
num_cat=0
split_feature=1 1 3 1 4 4 2 1 3 2 4 2 4 4 3 1 0 0 0 2 2 2 3 4 4 0 3 3 2 0
split_gain=208.456 91.7363 25.9215 21.1023 15.2771 14.572 13.0743 11.7764 11.0332 9.28959 9.27191 8.85729 8.75832 6.4093 9.03134 12.5721 8.74806 9.28787 8.80163 8.59279 6.2192 5.83045 4.96757 2.17035 4.38289 7.83679 1.61162 4.49662 0.857052 0.462362
threshold=0.00078431372549012687 0.0033406565687884907 0.002864928666852951 0.0003688666032741769 -0.0040669748415071974 -0.0052965145340385092 0.96246828155923658 0.0022398670633565145 0.0012547915328845474 1.5614798552718321 0.0041671365807418601 2.3864127297570206 -0.00059060931216903245 -0.0012894570529707881 0.0033336806922291688 0.0046345948389212846 -0.00076787586078758119 0.00073984693873563334 -0.0027396092013938218 1.7180818829521038 0.83223922640011938 0.84811579235858758 -0.0011154562114126796 -0.0020359836445842934 -0.0022427510184453987 -8.3096413104333231e-05 -0.0012175928488984964 -0.0012734587151339569 0.81003389586856522 0.00064548713536438662
decision_type=2 2 2 2 2 2 2 2 2 2 2 2 2 2 2 2 2 2 2 2 2 2 2 2 2 2 2 2 2 2
left_child=3 2 6 23 5 -4 7 -2 12 -8 -6 21 20 16 15 -15 18 -18 -3 -16 -5 -10 -14 24 28 -26 27 -25 -1 -28
right_child=1 13 4 8 10 -7 9 -9 11 -11 -12 -13 22 14 19 -17 17 -19 -20 -21 -22 -23 -24 26 25 -27 29 -29 -30 -31
leaf_value=-0.10148033508948717 -0.01564137199406376 0.085806553029390012 0.13384065816817992 -0.051480667607077646 0.023844027422981667 0.79133336014814448 0.029543868036164697 0.043305490211089419 -0.038498256570612351 -0.01004096711819057 0.093238028448549101 0.53326130956476347 0.010491892814222243 0.10779043801340418 0.070001165194605197 0.21875955995489493 0.2500426975866043 0.090968435255193034 -0.024754296933386696 0.20433868638621033 -0.0047807346501849701 0.032665428527733666 -0.06228837230835297 -0.07353224249265955 0.39926820574613681 -0.10156422327587655 -0.094047495560173444 0.21588720721740567 0.0091707519922410979 -0.040832325081598994
leaf_weight=3.0928888432681565 247.9964994629845 19.068610627204183 0.84762568213045597 50.081174109131098 34.227970041334629 0.55964262224733718 278.79777847230434 39.256465535610914 20.628353286534548 75.295148274861276 44.012387913651764 0.31501374393701453 9.8277495997026545 23.729441599920392 34.009161289781332 17.918964684009552 4.8132293298840549 15.458973609842358 11.569016784429548 5.5366064589470616 66.22784816659987 26.053909003734589 204.98785859812051 3.608113351278007 0.59882615506649017 0.6532620396465052 112.03106350731105 0.6306518130004396 0.90476761758327473 1.6568661183118809
leaf_count=230 16911 770 44 3695 2049 29 16758 2201 1411 4670 2189 20 706 915 1142 477 191 583 531 218 4841 1620 16028 297 40 47 9657 52 71 143
internal_value=-0.0010882 0.0289852 0.0149486 -0.0522664 0.0687537 0.395312 0.00826659 -0.0075856 -0.0405562 0.0211265 0.0628801 0.00478519 -0.0469916 0.105594 0.123036 0.155534 0.0777771 0.128737 0.0440579 0.0888091 -0.0248891 0.00121902 -0.0589587 -0.088214 -0.0253014 0.137965 -0.0910147 -0.0304718 -0.0764373 -0.0932719
internal_weight=1354.4 853.098 720.994 501.298 79.6476 1.40727 641.346 287.253 378.122 354.093 78.2404 46.9973 331.125 132.104 81.1942 41.6484 50.9098 20.2722 30.6376 39.5458 116.309 46.6823 214.816 123.176 5.24974 1.25209 117.927 4.23877 3.99766 113.688
internal_count=88536 49678 44851 38858 4311 73 40540 19112 28321 21428 4238 3051 25270 4827 2752 1392 2075 774 1301 1360 8536 3031 16734 10537 388 87 10149 349 301 9800
is_linear=0
shrinkage=0.1


Tree=4
num_leaves=31
num_cat=0
split_feature=1 1 1 4 0 1 2 4 3 4 4 2 2 2 0 0 2 2 1 2 4 3 0 4 4 4 2 3 3 2
split_gain=173.11 63.3291 20.6039 18.8359 17.6593 13.0967 12.3968 12.2644 9.6822 8.29139 8.01875 6.54706 5.70249 5.52624 9.5183 5.34927 4.50861 8.75255 22.1419 6.02977 8.32119 5.13565 4.48348 4.16752 2.12612 3.27777 4.78556 1.61449 3.25219 0.825825
threshold=0.00078431372549012687 0.0033406565687884907 0.0003688666032741769 0.0041671365807418601 -0.00028912276883857885 0.00093673326845994701 0.91221701400822686 -0.010206261480286969 0.0012547915328845474 -0.0010235713876685091 -0.0011027095216489811 1.0201054356847383 0.59965041375762185 0.84811579235858758 0.00013684570710659208 -0.00024093164555605282 1.1771069841913551 1.134926944573639 0.0049636373268024461 1.3034871834196904 0.00070228512981140867 0.012133721506861874 -0.0048748851671392415 0.005611062988251537 -0.0020359836445842934 -0.0022427510184453987 0.49427472379623949 -0.0012175928488984964 -0.0012734587151339569 0.81003389586856522
decision_type=2 2 2 2 2 2 2 2 2 2 2 2 2 2 2 2 2 2 2 2 2 2 2 2 2 2 2 2 2 2
left_child=2 3 24 6 5 -5 7 -2 9 15 -8 -6 -11 23 -15 -4 17 21 -19 22 -21 -3 -18 -10 25 29 -27 28 -26 -1
right_child=1 16 8 4 11 -7 10 -9 13 12 -12 -13 -14 14 -16 -17 19 18 -20 20 -22 -23 -24 -25 27 26 -28 -29 -30 -31
leaf_value=-0.10133785550692637 0.1708893169518193 0.097609746867865957 -0.050514311439591432 0.53127355229991635 0.00055093147806755836 0.11690364064772807 0.036660783619272448 -0.013466685539129962 -0.044302585047768572 -0.094574376638081686 0.0073648314684809845 0.065349131946091085 -0.04790885102040443 0.11208632003879569 -0.010804801643584059 0.0030568901296882142 0.16545639325437159 0.051372384957706123 0.45611828343965038 0.032966683079448042 0.12401672225174781 0.0047523086557443289 -0.020881850261967809 0.21782241700979701 -0.07138112513440191 0.39683520923969917 -0.0084238645306288756 -0.092410613869260694 0.1555251148741526 0.008176279992401796
leaf_weight=2.8022960107773547 3.6642668172717086 81.292092810384929 29.461804589256644 0.78916740044951694 35.081008000299335 22.789095285348594 146.6152764018625 237.32483475375921 19.245449035428468 29.995537743903697 257.56607170868665 28.068388198502362 206.19548716489226 9.8204675968736428 17.594189080409706 50.741870096884668 1.4635298196226347 3.2403674069792023 2.3188123945146799 19.135558540001512 21.111403541639447 6.4269863739609709 10.969543710350989 0.62628032732754846 3.358184720389545 0.40048497263342042 1.0696156946942208 103.78250739350915 0.77799795940518279 0.91287847515195597
leaf_count=230 199 2527 2136 40 1826 1024 8536 16308 1368 2481 15491 1427 16887 586 1054 3766 28 124 69 766 711 185 417 43 297 20 67 9800 52 71
internal_value=-0.00118056 0.0251645 -0.049687 0.01317 0.0569249 0.130773 0.00728826 -0.0106635 -0.0380941 -0.0444019 0.0179918 0.0293522 -0.0538352 0.00411182 0.0332172 -0.0166218 0.0853096 0.0985177 0.220198 0.0619227 0.0807267 0.0908063 0.00105251 -0.0360414 -0.0869635 -0.024415 0.101977 -0.0899688 -0.028701 -0.0744285
internal_weight=1354.64 877.856 476.785 731.898 86.7277 23.5783 645.17 240.989 363.681 316.395 404.181 63.1494 236.191 47.2864 27.4147 80.2037 145.958 93.2783 5.55918 52.68 40.247 87.7191 12.4331 19.8717 113.104 5.18528 1.4701 107.919 4.13618 3.71517
internal_count=88536 49678 38858 44851 4317 1064 40534 16507 28321 25270 24027 3253 19368 3051 1640 5902 4827 2905 193 1922 1477 2712 445 1411 10537 388 87 10149 349 301
is_linear=0
shrinkage=0.1


Tree=5
num_leaves=31
num_cat=0
split_feature=1 1 1 2 4 2 0 3 2 1 1 3 2 4 0 3 4 4 4 3 0 4 0 0 4 0 0 3 1 2
split_gain=144.063 46.5996 20.1044 12.9686 10.6991 9.16674 12.1204 18.5295 8.48482 8.70646 7.81336 16.0945 9.1426 7.11697 8.91269 5.62783 14.1332 9.25086 4.75967 4.3071 4.08466 6.23578 2.31619 1.93171 1.18698 2.21996 13.2436 1.8116 2.823 0.582623
threshold=0.00078431372549012687 0.0024762549000852279 0.0003566480570210496 0.91221701400822686 0.0049035788281973644 0.83223922640011938 -0.00025907311931128158 -0.00089784156068045673 2.0890667281893225 0.0015593406221379045 0.0066366885827516568 -0.00054738873971627011 1.1578585320855985 0.0041671365807418601 -8.3096413104333231e-05 0.0040206933014801391 0.0051316645770196354 0.005611062988251537 -0.012196555482038627 -0.0032225785456705398 0.00020670885218621041 0.004510457347433273 0.00013057276897499029 0.0011154892558717935 -0.0020359836445842934 -0.00012470927233021453 -0.00019859001096239612 -0.0012175928488984964 0.0002664715382670304 0.98673547506338866
decision_type=2 2 2 2 2 2 2 2 2 2 2 2 2 2 2 2 2 2 2 2 2 2 2 2 2 2 2 2 2 2
left_child=2 3 24 13 10 20 19 -8 9 -5 12 -12 -3 18 -15 16 -6 -17 -2 -7 21 -4 -10 -22 25 26 -1 28 -26 -29
right_child=1 4 5 8 15 6 7 -9 22 -11 11 -13 -14 14 -16 17 -18 -19 -20 -21 23 -23 -24 -25 27 -27 -28 29 -30 -31
leaf_value=-0.10187126938280522 0.20281932081771653 0.057004628723104633 -0.047385679532649765 0.011770561291550899 0.39349516132398499 0.39625006062049972 0.083004699026540854 -0.022071525574176232 -0.081013959885892398 0.043822574662545299 0.18138860235330412 -0.030511510923459908 0.006643149803266777 0.092531360572475838 -0.012021723395305198 -0.10319442461515958 0.10576680073680773 0.079272728902128872 -0.017623140296738806 -0.067678912357470936 -0.084313470212291811 0.20719156446337986 -0.0099449644981466669 0.12664714672343272 -0.10118067503834949 -0.1014463471264898 0.47707861630734327 -0.09789858967123706 0.071472140069220327 -0.079435558798269454
leaf_weight=1.6682382896542551 0.98394816555082698 96.136275480501354 100.2848630072549 260.69618628174067 1.8086794801056374 0.20091175474226375 18.977127875201404 145.11400654353201 9.6748281726613659 125.56867069844157 10.818051198497416 5.360505321994423 57.672051980160177 14.342311562038956 18.894515141844749 2.9805797711014739 30.41576986759901 40.984928952530026 214.67175741586834 50.539722105488181 41.360795368440449 0.97149046044796605 8.7181044807657582 0.4386519817635407 2.0830669123679395 2.6023025419563046 0.51774217747151841 64.865806507878006 1.7364979265257714 23.206192263402045
leaf_count=120 52 3920 8415 15361 59 14 1384 11627 597 6953 287 135 2622 617 1021 108 894 1287 15231 4013 3460 65 534 35 187 212 32 6737 146 2411
internal_value=-0.00123241 0.0219503 -0.047118 0.00798275 0.0590313 -0.0361875 -0.0231277 -0.00991947 0.0190304 0.0221902 0.0450744 0.111179 0.0381211 -0.00997884 0.0330949 0.0901706 0.121916 0.0669026 -0.0166174 -0.0658419 -0.0557999 -0.0449432 -0.0473278 -0.0820996 -0.0875804 -0.0390403 0.0352511 -0.0901097 -0.0226871 -0.0930337
internal_weight=1354.29 899.727 454.567 653.55 246.177 357.888 214.832 164.091 404.658 386.265 169.987 16.1786 153.808 248.893 33.2368 76.19 32.2244 43.9655 215.656 50.7406 143.056 101.256 18.3929 41.7994 96.6798 4.78828 2.18598 91.8916 3.81956 88.072
internal_count=88536 49678 38858 40366 9312 29013 17038 13011 23445 22314 6964 422 6542 16921 1638 2348 953 1395 15283 4027 11975 8480 1131 3495 9845 364 152 9481 333 9148
is_linear=0
shrinkage=0.1


Tree=6
num_leaves=31
num_cat=0
split_feature=1 1 1 2 1 0 3 2 4 4 3 4 2 4 3 1 2 1 3 1 4 4 3 2 4 0 4 2 0 3
split_gain=120.213 38.8113 15.9326 11.7919 10.4112 10.7094 9.35998 9.27342 44.8788 8.89773 8.24529 7.3878 6.33066 6.17166 5.69689 5.444 5.44328 5.28364 5.07277 7.1389 3.60162 9.39054 4.5772 3.22424 1.21914 2.02673 2.66804 0.661681 3.66222 0.381549
threshold=0.00071243987199802092 0.0019239036757240633 0.0003566480570210496 0.82252117807023672 0.0036910851193512587 -0.0017834814857199952 0.0012547915328845474 0.8256804065713147 -0.0024636384604571622 -0.00099760771098389412 0.0036463832923699928 0.0077955803113927144 1.0855121634648375 0.00019782859797412569 -0.0012175928488984964 0.0020796228111222737 0.40160627849544622 0.00079606885185288048 0.0013696181458685566 0.00055377659354503112 0.0049035788281973644 0.0051316645770196354 0.0064777089806857821 1.2884372380247113 -0.00099760771098389412 -0.00012470927233021453 -0.0011300756837438473 0.98673547506338866 0.00064548713536438662 -0.0012175928488984964
decision_type=2 2 2 2 2 2 2 2 2 2 2 2 2 2 2 2 2 2 2 2 2 2 2 2 2 2 2 2 2 2
left_child=2 3 24 10 5 15 9 8 -5 12 17 -12 -4 -9 -11 -3 -7 -2 19 -8 22 -22 -6 -20 25 26 -1 -26 -29 -27
right_child=1 4 6 7 20 16 18 13 -10 14 11 -13 -14 -15 -16 -17 -18 -19 23 -21 21 -23 -24 -25 27 29 -28 28 -30 -31
leaf_value=-0.040166699113154153 -0.070529749490133381 0.13228623906361431 -0.031393213602376603 1.1947645613148816 0.056967784873892396 -0.077229098126310902 -0.0095805539320174427 0.020779279692074437 0.0078953209679884073 0.022735097548754107 0.1110485249066565 -0.10266260742247979 0.04012806404093755 -0.0031806096838097237 -0.059389751506230562 -0.032674885634668124 0.040957814741220816 -0.018606311057127789 0.0074208528645759927 0.20568750646815684 0.29946461145769987 0.076816993676749046 -0.053261451489422178 -0.08137601226508473 -0.097217570433746792 -0.051446888980899823 0.16080790623599397 -0.080700810184401672 0.3092859936041189 -0.10101952489098534
leaf_weight=4.8785441126674414 22.786918011493981 2.1353142447769633 45.775899195112288 0.38572828285396132 83.608689058572054 3.9765078155323854 3.2531277481466523 226.08405053056777 1.8304818738251913 8.8632190981879813 7.9705455591902119 2.0294161885976791 16.96168995089829 204.97342711593956 179.75422967225313 31.704348537139595 194.7205407647416 140.02865651901811 24.785474713891748 2.9263038681820035 1.9698468036949623 49.409780653193593 3.9448276516050091 4.8970624040812245 54.324811104685068 2.0116944490000597 0.76400341838598151 19.792542069219056 0.24375884793698688 6.8037827406078568
leaf_count=427 1896 124 3654 27 2452 200 193 13660 139 668 424 83 1291 12580 16539 1678 9383 10177 1726 167 42 1176 122 290 6174 187 83 2218 26 730
internal_value=-0.00125807 0.017225 -0.0493075 0.00162588 0.0426766 0.0297362 -0.0378609 0.010435 0.214468 -0.0446797 -0.02046 0.0676775 -0.0120568 0.00938604 -0.0555307 -0.0222657 0.0385925 -0.0258733 0.00993151 0.0923608 0.0643353 0.0853531 0.0520013 -0.00722897 -0.0863228 -0.0597528 -0.0129546 -0.0914888 -0.0759563 -0.089707
internal_weight=1353.6 977.559 376.036 606.089 371.47 232.537 287.217 433.274 2.21621 251.355 172.816 9.99996 62.7376 431.057 188.617 33.8397 198.697 162.816 35.862 6.17943 138.933 51.3796 87.5535 29.6825 88.8191 14.458 5.64255 74.3611 20.0363 8.81548
internal_count=88536 54163 34373 38986 15177 11385 24528 26406 166 22152 12580 507 4945 26240 17207 1802 9583 12073 2376 360 3792 1218 2574 2016 9845 1427 510 8418 2244 917
is_linear=0
shrinkage=0.1


Tree=7
num_leaves=31
num_cat=0
split_feature=1 1 1 2 3 4 4 0 2 3 4 0 0 2 2 2 2 2 3 3 0 2 3 3 4 0 4 2 2 3
split_gain=100.92 29.7675 15.4374 12.6761 8.12001 8.0845 7.19004 6.67107 5.82926 5.68815 8.49031 5.61135 9.37822 8.88196 5.16719 13.7137 7.53027 5.14392 5.07595 4.16805 5.55699 3.9348 3.91269 3.62229 1.25799 1.93522 3.03755 0.701421 3.26716 0.39621
threshold=0.00071243987199802092 0.0024762549000852279 0.0003566480570210496 0.91221701400822686 0.0012547915328845474 -0.00099760771098389412 0.0041671365807418601 2.7355495064718131e-05 1.1578585320855985 -0.0032225785456705398 -0.0011027095216489811 -0.0036520364852135052 0.00070679916760341144 1.2472268509793372 0.91529180799942722 0.9252537870582882 0.8256804065713147 1.0855121634648375 -0.0012175928488984964 0.001491182301668226 0.00015799868345378612 1.2747092031420098 -0.003103244116358594 0.0020747971162518035 -0.00099760771098389412 -0.00012470927233021453 -0.0010235713876685091 0.98673547506338866 0.99020595107885723 -0.0012175928488984964
decision_type=2 2 2 2 2 2 2 2 2 2 2 2 2 2 2 2 2 2 2 2 2 2 2 2 2 2 2 2 2 2
left_child=2 3 24 6 5 17 22 -8 14 21 -11 13 -13 -10 16 -16 -3 -4 -7 20 -6 -5 -2 -21 25 26 -1 -26 -29 -27
right_child=1 8 4 9 19 18 7 -9 11 10 -12 12 -14 -15 15 -17 -18 -19 -20 23 -22 -23 -24 -25 27 29 -28 28 -30 -31
leaf_value=-0.02699012854637018 0.026011340471623373 0.056888512796608316 -0.029180857463200767 -0.0024084876066814039 0.12193694129425466 0.019989331539024782 0.073186903199140951 -0.013341691564790134 0.27323114553548405 0.039577487270966688 0.0084480439360835758 -0.022142292772954094 0.044779969496435645 0.049132639724162895 0.26945476258291706 0.065473338089850092 -0.0031105445028320401 0.034656735573968832 -0.056828743365518811 -0.046902975669536981 -0.0099492604528901296 -0.089664815681201951 -0.022465452138587909 0.034137637665176634 -0.096765100352008804 -0.04882460599734971 0.3513091493204723 0.27297559869820692 -0.079044701185450691 -0.10092191563341671
leaf_weight=5.3657222641631961 18.019091783091426 76.794082425534725 44.396347849629819 14.060177296400072 6.2539329500868899 9.0613875752314907 17.602596703916788 18.042733082547784 2.0855454951524726 122.9760806420818 304.70711198635399 38.515812470577657 45.888677198439837 11.637901428155599 3.4738140627741805 64.349651386961341 28.749072767794132 17.636688814498484 169.60479669831693 14.647670761682095 6.5312019689008594 8.1717495722696167 219.09292279649526 8.8464354230090958 49.373561509884894 1.9130070228129614 0.22099410835653444 0.26749878656119364 18.345932133495808 6.1619686419144264
leaf_count=490 1197 2432 3654 741 356 668 715 973 37 6743 17771 1733 1582 313 107 2165 943 1291 16539 1016 386 449 16262 618 6174 187 20 32 2212 730
internal_value=-0.00127523 0.0151294 -0.0467512 0.00452338 -0.0354865 -0.0421339 -0.0124864 0.0293884 0.0433607 0.0148354 0.017399 0.0238841 0.0142417 0.0831888 0.0543847 0.075921 0.0405453 -0.0110311 -0.0529328 0.008616 0.0545637 -0.0344811 -0.0187815 -0.0163881 -0.0849644 -0.0572743 -0.0120257 -0.0905286 -0.0739857 -0.0885798
internal_weight=1352.79 994.167 358.627 722.672 276.978 240.699 272.757 35.6453 271.495 449.915 427.683 98.1279 84.4045 13.7234 173.367 67.8235 105.543 62.033 178.666 36.2792 12.7851 22.2319 237.112 23.4941 81.6487 13.6617 5.58672 67.987 18.6134 8.07498
internal_count=88536 54163 34373 44851 24528 22152 19147 1688 9312 25704 24514 3665 3315 350 5647 2272 3375 4945 17207 2376 742 1190 17459 1634 9845 1427 510 8418 2244 917
is_linear=0
shrinkage=0.1


Tree=8
num_leaves=31
num_cat=0
split_feature=1 1 1 2 0 0 2 3 0 4 4 4 4 3 2 1 3 0 1 2 4 3 1 2 4 0 0 2 0 3
split_gain=84.7852 23.8727 14.8718 8.18176 7.74336 9.44487 7.32493 6.55457 5.98035 7.2839 5.89462 5.81972 5.28867 6.63888 5.9224 5.23382 8.22416 5.18751 4.71972 3.31868 4.18002 3.22731 3.13909 2.7779 1.29078 1.83756 2.75188 0.741596 2.71329 0.410067
threshold=0.00071243987199802092 0.0018958671383343016 0.0003566480570210496 0.82252117807023672 0.00020670885218621041 -0.00025907311931128158 0.83532784927006765 0.0036463832923699928 -0.0014306842777335735 -0.0026621223795442179 0.0049035788281973644 0.0034095825054464295 0.013718327855209435 -0.0061818272494068007 0.5841621333124728 0.0041923438224826465 0.0052644939037848068 -0.00022685167713626384 0.00084195757270364498 0.97322932027176401 0.0020465745527800121 0.0021830067857768758 0.00057623858051408891 0.69925770873221593 -0.00099760771098389412 -0.00012470927233021453 -0.00013206285103678492 0.98673547506338866 0.00064548713536438662 -0.0012175928488984964
decision_type=2 2 2 2 2 2 2 2 2 2 2 2 2 2 2 2 2 2 2 2 2 2 2 2 2 2 2 2 2 2
left_child=2 3 24 7 5 22 -7 18 9 -5 15 -9 14 -14 -12 16 -3 -10 -2 21 -21 -6 -4 -17 25 26 -1 -26 -29 -27
right_child=1 10 4 8 19 6 -8 11 17 -11 12 -13 13 -15 -16 23 -18 -19 -20 20 -22 -23 -24 -25 27 29 -28 28 -30 -31
leaf_value=-0.026018011128858706 -0.057549141822835936 0.013087205122237081 -0.077893872315692114 0.19626807235248764 -0.084135818865441941 -0.03549886182193597 0.012807371349550829 -0.065851851733220029 -0.0076257972436593532 0.017038005679689095 -0.017857132792716373 0.1023256182059543 0.25588967593408096 0.0036046881413482191 0.072262258019062844 0.0013304053549478771 0.11850463472016337 0.014936775256745151 -0.014465052556924308 -0.048322958702679455 0.065342612567940467 0.044055540780638003 -0.031737414555600911 0.055758541450615318 -0.096284955717659215 -0.046213540644966966 0.32462161232268949 -0.077270584415094046 0.22118442294807875 -0.10083369731942025
leaf_weight=5.3042479055002332 32.047235187143087 209.68182008527219 30.161360682919621 3.6881887298077345 41.296975200995803 53.342166426591575 76.27798680588603 2.7953693298622948 166.66663639806211 5.886388764716683 8.0489865308627468 7.7965202750638127 1.0856575518846536 26.587955635040998 77.563480619341135 11.023649647831915 7.6713515734300008 262.23499076627195 123.06940503790975 32.142444469034672 3.5974500011652699 2.0619761440902939 28.808175323531032 62.780923010781407 44.886775430757552 1.823735208250582 0.23368571046739806 17.012728887610141 0.3101598396897306 5.5802096831612271
leaf_count=493 2753 10197 2875 200 4001 5055 6671 183 9798 332 250 316 16 647 2302 230 279 15832 9227 2862 273 150 2641 1601 6174 187 17 2218 26 730
internal_value=-0.00125534 0.0133475 -0.0442166 0.000760285 -0.0331811 -0.0221664 -0.00707194 -0.0181692 0.0079141 0.0860786 0.0321511 0.0579409 0.0515053 0.013502 0.0637895 0.0246206 0.0168079 0.0061692 -0.0233663 -0.0594429 -0.0368818 -0.0780396 -0.0553452 0.047629 -0.0835246 -0.0547912 -0.011222 -0.0895022 -0.0719269 -0.0873797
internal_weight=1351.47 1008.63 342.84 604.185 267.689 188.59 129.62 165.709 438.476 9.57458 404.444 10.5919 113.286 27.6736 85.6125 291.158 217.353 428.902 155.117 79.0988 35.7399 43.359 58.9695 73.8046 75.1515 12.9419 5.53793 62.2097 17.3229 7.40394
internal_count=88536 54163 34373 38641 24528 17242 11726 12479 26162 532 15522 499 3215 663 2552 12307 10476 25630 11980 7286 3135 4151 5516 1831 9845 1427 510 8418 2244 917
is_linear=0
shrinkage=0.1


Tree=9
num_leaves=31
num_cat=0
split_feature=1 1 3 1 3 4 3 4 3 3 4 1 0 4 4 2 3 4 1 4 2 4 4 3 4 3 3 2 2 2
split_gain=72.8659 24.2753 8.44159 7.98175 9.31878 24.8782 27.5108 6.98802 6.89895 8.06377 6.24206 6.20703 7.71915 8.91352 5.71286 14.2776 5.6001 5.48434 3.91575 2.28116 5.33167 4.84092 1.34872 2.40654 4.81258 0.8485 4.56157 0.785279 0.721316 4.24894e-05
threshold=0.00056598043158488469 0.0015593406221379045 -0.00095754956386101531 0.00035070508710457083 0.0021830067857768758 0.0021465422415475337 0.002444771691307968 -0.0063583292572979557 0.00032219139118749856 0.00048713160993330012 -0.0014152075273199947 0.0036910851193512587 -0.00089878685034633355 -0.010206261480286969 -0.0019004335783719959 0.84173968065089044 -0.0017347773705149725 -0.0043768749046647617 0.0016825936381744159 -0.0031255345927362339 0.62359253994644892 -0.0028745934265269053 -0.0020359836445842934 9.1665694626819074e-05 -0.0021898433293734971 -0.0012175928488984964 -0.0012734587151339569 0.98673547506338866 0.81003389586856522 0.82252117807023672
decision_type=2 2 2 2 2 2 2 2 2 2 2 2 2 2 2 2 2 2 2 2 2 2 2 2 2 2 2 2 2 2
left_child=3 2 7 22 14 6 -6 29 10 -10 -4 12 18 -14 15 -5 -16 -9 -3 20 -13 -21 23 28 -25 26 -24 -27 -1 -2
right_child=1 11 8 4 5 -7 -8 17 9 -11 -12 19 13 -15 16 -17 -18 -19 -20 21 -22 -23 25 24 -26 27 -28 -29 -30 -31
leaf_value=-0.10120847849640156 -0.1014343958196275 -0.06299840908082191 0.0085242824341063804 -0.084035718531788428 1.0206751456778338 -0.10153549107455168 0.05233091641578224 0.089615626568326445 0.053384067297491455 -0.0061775090915266017 -0.034194415750385947 -0.083116691411220175 0.14823925542912975 0.024516582608792019 0.097445514178589029 0.14216543898877843 -0.053153021012245782 0.014474652160225067 0.001765961945434589 0.22814508222647223 0.033587744204759129 0.046815659146775587 -0.10087814512823941 -0.10185013882321846 0.35939034383709823 -0.096061102064046083 0.1940450234695254 -0.070419374631913015 0.003526168987359172 -0.10203325487333617
leaf_weight=2.1143588833510876 2.0202641375362864 10.286665464751421 43.56921674311161 5.848250058013944 0.53468463104218178 1.7879353286698458 0.65011937078088522 10.450171789154409 25.192678080871701 232.55844832677394 159.15065333247185 4.2938791438937178 5.9676331030204883 240.34875892661512 2.5149635281413785 5.3366967299953103 135.65867826342583 137.76931260433048 100.97513502836227 1.4923192504793394 44.318680899217725 109.65986123122275 2.332813143730164 0.47732429020106792 0.43000683188438404 43.33960737567395 0.67653302568942209 16.486858326941729 0.95439555682241906 2.8647887809202075
leaf_count=226 146 594 2890 532 38 124 46 646 1940 15803 12205 108 224 11666 193 395 13540 8996 5111 29 1304 2351 276 29 13 6532 46 2288 89 156
internal_value=-0.00122123 0.00900542 -0.00444766 -0.0539973 -0.0413582 0.133958 0.48933 0.0158939 -0.0112112 -0.000355941 -0.0250132 0.024961 0.0176393 0.0275141 -0.0448475 0.0238921 -0.0504119 0.0197724 -0.0042218 0.0413479 0.0232794 0.0492502 -0.0828146 -0.0263327 0.116743 -0.0863886 -0.0345763 -0.0889948 -0.0686356 -0.101786
internal_weight=1350.06 1130.92 613.576 219.143 152.331 2.97274 1.1848 153.105 460.471 257.751 202.72 517.343 357.578 246.316 149.359 11.1849 138.174 148.219 111.262 159.765 48.6126 111.152 66.8119 3.97609 0.907331 62.8358 3.00935 59.8265 3.06875 4.88505
internal_count=88536 64169 42782 24367 14868 208 84 9944 32838 17743 15095 21387 17595 11890 14660 927 13733 9642 5705 3792 1412 2380 9499 357 42 9142 322 8820 315 302
is_linear=0
shrinkage=0.1


Tree=10
num_leaves=31
num_cat=0
split_feature=1 1 0 2 2 4 1 1 3 4 4 2 2 0 0 4 3 4 0 1 1 1 4 3 0 1 3 3 2 4
split_gain=62.4873 19.0889 8.2612 8.38592 10.5893 9.79697 7.73073 6.29014 6.28647 12.8251 10.4673 5.09981 10.8151 4.98337 6.05589 4.95647 4.69319 4.64986 5.27816 4.49301 4.4115 2.47917 1.30694 2.08892 3.36418 1.28942 0.842492 3.50386 0.827698 1.49154e-05
threshold=0.00056598043158488469 0.0015593406221379045 0.00064548713536438662 0.83870915715120387 1.5776277239868219 -0.00076341835664361913 0.00035070508710457083 0.00086036083070254615 0.0020747971162518035 0.0014381114657325835 0.00099969571580904603 2.0890667281893225 1.7180818829521038 0.00016365345048319216 -0.00018267514709263685 -0.0019004335783719959 0.0029663674333639816 -0.016345454625417862 0.0031111316081121614 0.0018731889678674379 0.0041923438224826465 0.00054475712421136774 -0.0020359836445842934 -0.00091556879712817441 -0.00011798397575318863 0.00061415630277904438 -0.0012175928488984964 -0.0012734587151339569 0.98673547506338866 -0.0022427510184453987
decision_type=2 2 2 2 2 2 2 2 2 2 2 2 2 2 2 2 2 2 2 2 2 2 2 2 2 2 2 2 2 2
left_child=6 2 3 5 -5 -2 22 25 13 10 -10 12 20 14 -8 -15 -9 -13 -19 -14 -3 -11 23 29 -25 -4 27 -24 -28 -1
right_child=1 11 7 4 -6 -7 8 16 9 21 -12 17 19 15 -16 -17 -18 18 -20 -21 -22 -23 26 24 -26 -27 28 -29 -30 -31
leaf_value=-0.10091581420036314 0.013888601645939051 0.0149666272859425 0.034741247505061107 0.01624138234066054 -0.036069085695530564 -0.036939757703547446 -0.062693569523808515 -0.028543655243523376 0.12931254078982404 -0.1016411764115862 0.65897660302267702 0.2613110811874429 0.1674096623439062 0.071256854756265822 -0.011437440244935657 -0.079051085701992485 0.049516802547063109 -0.059656643032404824 0.067859207966381285 0.064786897407467944 0.037566941682825275 0.18477546969289702 -0.10079391306596019 0.15912024439113154 -0.10137925188358898 -0.1014429738793456 -0.095540162160122288 0.14318803080334189 -0.06818880217884965 -0.10156104821597411
leaf_weight=1.3968761172145607 60.737573994323611 366.62858312390745 0.73521085921674867 307.82376283407211 44.262781761586666 100.94527153670788 36.534059807192534 75.236222267150879 1.2908086106181134 2.2684321636334066 0.52480103820562352 0.54654688388109463 5.1986233452335027 2.3178075356408945 62.45820237416774 41.024977171327919 8.5804294897243363 16.29781540948898 4.0533453393727532 23.788440878503025 112.98547419719398 0.34866090770810831 2.1124908919446175 1.1364678703248503 0.87934162234887381 12.791658937931059 39.418524861801416 0.8159752506762733 15.381292437668888 0.48184228874742974
leaf_count=168 4795 16953 64 20043 2989 8616 3840 4837 57 162 21 13 287 193 6168 4405 469 761 95 909 2369 22 276 57 93 969 6532 46 2288 39
internal_value=-0.00121097 0.00798843 -0.00405341 0.00100752 0.00966514 -0.0178456 -0.0515633 -0.0307645 -0.0390829 0.0781932 0.282412 0.0218863 0.0238757 -0.0427352 -0.030354 -0.0710132 -0.0205525 -0.0265291 -0.0342593 0.0831916 0.0202907 -0.0634835 -0.0812879 -0.0252188 0.0454845 -0.0940411 -0.0850705 -0.0328118 -0.0878631 -0.101081
internal_weight=1349 1140.61 611.113 513.769 352.087 161.683 208.391 97.3435 146.768 4.4327 1.81561 529.499 508.601 142.335 98.9923 43.3428 83.8167 20.8977 20.3512 28.9871 479.614 2.61709 61.6228 3.89453 2.01581 13.5269 57.7283 2.92847 54.7998 1.87872
internal_count=88536 64169 42782 36443 23032 13411 24367 6339 14868 262 78 21387 20518 14606 10008 4598 5306 869 856 1196 19322 184 9499 357 150 1033 9142 322 8820 207
is_linear=0
shrinkage=0.1


Tree=11
num_leaves=31
num_cat=0
split_feature=1 1 2 2 1 0 1 3 0 3 4 0 0 4 4 4 2 3 2 1 0 4 3 4 3 0 3 3 2 0
split_gain=53.3366 15.1636 7.6149 10.812 11.4185 8.27066 7.47402 6.122 5.04574 6.37902 16.0072 5.30393 4.52897 4.28898 9.03626 6.99918 6.04152 5.11561 4.3093 3.82809 3.55046 2.45263 2.19679 1.26987 1.82618 2.4919 0.834805 2.82875 0.869304 0.666363
threshold=0.00056598043158488469 0.0018958671383343016 1.102586376973731 1.1672996276248124 0.00058983796052174641 0.00045525535133483791 0.00035070508710457083 0.0057463771801898886 0.00021317984763014056 0.0014278879778549804 0.0014381114657325835 -0.00018267514709263685 0.00039922816066029215 1.0000000180025095e-35 5.2555514698848789e-05 -9.3815382480433293e-05 1.0768755746100187 0.0034847563560461707 0.5718917354285924 0.0011499242964485876 0.00084904811850439199 0.0012679761491807275 -0.0013337700405918194 -0.0020359836445842934 -0.00091556879712817441 -0.00011798397575318863 -0.0012175928488984964 -0.0012734587151339569 0.98673547506338866 0.0018658545848013743
decision_type=2 2 2 2 2 2 2 2 2 2 2 2 2 2 2 2 2 2 2 2 2 2 2 2 2 2 2 2 2 2
left_child=6 2 5 4 -4 12 23 -5 9 11 -11 -8 -2 15 16 17 -15 -3 -16 -7 22 -22 -10 24 -1 -26 27 -25 -28 -17
right_child=1 13 3 7 -6 19 8 -9 20 10 -12 -13 -14 14 18 29 -18 -19 -20 -21 21 -23 -24 26 25 -27 28 -29 -30 -31
leaf_value=-0.1009776710991997 -0.0044732399264317832 0.010557787787000497 0.3844032120456386 0.0012378594709000479 0.047595639622695182 -0.052925511774236801 -0.064984708592851506 0.28169058553620341 0.052971046177423819 0.22372408854303469 -0.075316527043793741 -0.016051850003159642 0.056536913637784618 0.10758850204786673 -0.018557317263757176 -0.10517754822134273 0.63191226897008745 0.085925820567532105 0.033287140089908594 -0.01570217571487886 0.25449234255224068 -0.10116651230271345 -0.079758356126172991 -0.10071781513655101 0.12295069293956169 -0.10124836844416596 -0.09498177947361014 0.11142485043031701 -0.065880708476207264 -0.023024597910350764
leaf_weight=1.7015905026346447 313.16229367721826 180.00662021990865 1.0293436255305994 229.12754802685231 45.506280849687755 53.63146538566798 33.372164960484952 0.78100189380347629 1.296146832872181 3.3736673565581432 3.813261573202908 65.87942209886387 12.659167814999817 0.47566394507884879 17.279499791562557 5.4208787744864813 0.40847810544073582 9.4801146965473873 222.16707707755268 56.98265481274575 0.56018550228327413 0.29653069889172912 32.862011699937284 1.9128315527923407 1.3125662961974742 0.79663742706179519 35.86664967238903 0.93616859428584476 14.380514862015842 1.2072114665061233
leaf_count=207 22944 7326 86 14068 2685 4180 3757 34 106 213 290 6732 970 21 569 172 19 291 7093 3680 45 28 3697 276 57 93 6532 46 2288 31
internal_value=-0.00117536 0.00708929 -0.00189815 0.011088 0.0550456 -0.0101237 -0.0490618 0.00219056 -0.0367499 -0.0259173 0.0650583 -0.0325049 -0.00210281 0.0217692 0.0307241 0.0107952 0.349829 0.0143285 0.0295458 -0.03375 -0.0696789 0.13139 -0.0747219 -0.0796655 -0.0239058 0.0382716 -0.0836674 -0.0310087 -0.0866532 -0.0902146
internal_weight=1347.69 1149.33 712.88 276.444 46.5356 436.436 198.36 229.909 141.453 106.439 7.18693 99.2516 325.821 436.446 240.331 196.115 0.884142 189.487 239.447 110.614 35.0149 0.856716 34.1582 56.907 3.81079 2.1092 53.0962 2.849 50.2472 6.62809
internal_count=88536 64169 48647 16873 2771 31774 24367 14102 14868 10992 503 10489 23914 15522 7702 7820 40 7617 7662 7860 3876 73 3803 9499 357 150 9142 322 8820 203
is_linear=0
shrinkage=0.1


Tree=12
num_leaves=31
num_cat=0
split_feature=1 1 1 0 2 2 1 3 2 0 3 4 3 4 2 2 3 3 0 3 3 3 1 1 4 3 0 3 3 2
split_gain=45.5352 11.9825 7.52351 6.48888 6.23091 8.06017 5.85507 5.07691 13.4357 30.075 4.47825 10.887 4.11486 4.1099 4.0729 7.41922 4.25071 3.68914 3.48604 5.31841 4.89842 2.13438 1.98308 1.38639 1.23074 1.61132 2.44427 0.82467 2.35397 0.909523
threshold=0.00057623858051408891 0.0015593406221379045 0.00035070508710457083 0.00064548713536438662 1.6934012392583606 0.9350254117435236 0.00086036083070254615 -0.0015717183061920157 1.0201054356847383 7.597918269108829e-05 0.00120504968813151 0.00038563045239548016 5.8063582017653388e-05 -0.0015479876160990889 2.0890667281893225 1.7180818829521038 -0.011092317359267355 1.0000000180025095e-35 0.0031111316081121614 0.0074417980207680543 -0.0050999024153587915 0.00035018501446371092 0.00037956045762996027 0.00061415630277904438 -0.0020359836445842934 -0.00091556879712817441 -0.00019859001096239612 -0.0012175928488984964 -0.0012734587151339569 0.98673547506338866
decision_type=2 2 2 2 2 2 2 2 2 2 2 2 2 2 2 2 2 2 2 2 2 2 2 2 2 2 2 2 2 2
left_child=2 3 24 4 5 -2 23 8 22 -10 13 -12 -8 -9 15 17 -17 -3 20 -20 -16 -6 -4 -5 25 -1 -27 28 -26 -29
right_child=1 14 7 6 21 -7 12 10 9 -11 11 -13 -14 -15 18 16 -18 -19 19 -21 -22 -23 -24 -25 27 26 -28 29 -30 -31
leaf_value=-0.10088415061491185 -0.010356112024385855 0.0067897880733270369 0.18869192441409369 0.045875118210473541 -0.024465338965557422 0.015775726369318878 -0.05531569956622219 0.0079062754620850481 0.063778446463986838 0.96109622954561635 0.15659043028126762 -0.031013874843595399 -0.0043872800963534291 -0.052066497389258143 0.071616250103708118 0.25864119218318965 0.058660124540430861 0.024046526882629551 0.1595623072091423 -0.059370805968610968 -0.072739175003514497 -0.081100797391881418 -0.059567658001687673 -0.10127497363476726 -0.10064906225078565 -0.10358850060892451 0.11468765170107686 -0.094381778326481064 0.089613456558778073 -0.063502094668103679
leaf_weight=1.5410174117423596 215.36420503305271 236.16769337747246 0.34489603992551465 0.67884406447410484 20.759821931831542 261.17194560542703 21.616802382282913 12.829877069219945 1.8138928487896921 0.47038037702441204 3.8633108106441822 15.520093537401406 59.622158005833626 104.48473470890895 2.8460328783839985 1.1007924955338264 30.860425701364875 260.55655600503087 2.2648286037147036 2.1752972733229399 13.505070344544947 9.793251487426458 4.7960313698276877 11.268830813933162 1.731923745479435 0.82208866532892022 1.36458872957155 32.649578604381531 1.0412039719521988 13.474740984383969
leaf_count=207 17553 9832 31 56 1439 16077 1474 1148 122 27 244 1143 3832 12441 87 26 1170 9490 49 46 687 692 402 969 276 41 109 6532 46 2288
internal_value=-0.00113799 0.00646919 -0.0455926 -0.00329804 0.00115898 0.00396579 -0.0275515 -0.0337762 0.0467541 0.248555 -0.0381505 0.00637758 -0.0179388 -0.0455077 0.0171394 0.0188467 0.0655478 0.0158418 -0.0262752 0.052303 -0.047613 -0.0426188 -0.0429123 -0.0929142 -0.0779538 -0.0225667 0.032626 -0.0821763 -0.0292127 -0.0853606
internal_weight=1346.5 1149.75 196.748 600.276 507.089 476.536 93.1866 144.123 7.4252 2.28427 136.698 19.3834 81.239 117.315 549.477 528.685 31.9612 496.724 20.7912 4.44013 16.3511 30.5531 5.14093 11.9477 52.6251 3.72769 2.18668 48.8974 2.77313 46.1243
internal_count=88536 63479 25057 42092 35761 33630 6331 15558 582 149 14976 1387 5306 13589 21387 20518 1196 19322 869 95 774 2131 433 1025 9499 357 150 9142 322 8820
is_linear=0
shrinkage=0.1


Tree=13
num_leaves=31
num_cat=0
split_feature=1 1 3 1 0 0 2 0 1 2 0 4 3 3 4 2 2 4 3 2 3 2 0 2 4 0 2 4 3 3
split_gain=39.1231 10.6266 7.66543 9.0577 6.97728 8.29822 6.19426 5.91218 12.8431 24.6172 10.3603 5.46963 6.75422 6.14901 5.44299 23.5128 4.93141 4.29432 3.60025 3.9445 3.45712 2.38382 1.75798 1.60746 1.44736 2.41429 5.54529 2.09299 0.745473 4.91765
threshold=0.00071243987199802092 0.0003566480570210496 0.002864928666852951 0.0046345948389212846 0.00022039601395018596 -0.00025907311931128158 0.83532784927006765 -0.00016107189513464568 0.00099671505094295972 0.80663854315654437 -0.00018267514709263685 0.00091155234880180302 -0.0013968636878869398 0.0016648295828306516 -0.0068262865674329478 0.97643650312393293 0.40160627849544622 -0.0011027095216489811 0.00093175169916881473 0.23386109270902034 0.0030859807459965309 0.97643650312393293 -0.00031068314598942098 1.0523458230240126 -0.00034456405514332594 0.00064548713536438662 0.75977364670016112 -0.00036357214864896065 0.001014500233920024 0.0010361633553395146
decision_type=2 2 2 2 2 2 2 2 2 2 2 2 2 2 2 2 2 2 2 2 2 2 2 2 2 2 2 2 2 2
left_child=1 24 3 16 5 21 -7 8 9 -4 -10 12 -5 -13 15 -9 22 -18 23 -20 -16 -3 -2 -6 25 27 -27 -1 -26 -30
right_child=2 4 7 11 18 6 -8 14 10 -11 -12 13 -14 -15 20 -17 17 -19 19 -21 -22 -23 -24 -25 28 26 -28 -29 29 -31
leaf_value=-0.062416174582634813 -0.016869594827079139 -0.029760071506331622 0.0047533091998955349 0.038476024103159909 -0.083253494765526515 -0.028333872316029265 0.017650523693452821 -0.10427524283970313 0.041223399188117134 0.80303081226695072 0.40883479775047205 0.10163538455364439 -0.055114183820235745 -0.034647451683706289 0.068647913612374531 0.56562938633940785 0.011305917343412134 -0.0038075052172355296 0.44286761604223379 -0.022469180815334514 0.0088515634879333099 -0.073430826221656129 -0.089079865274649617 -0.043259950119741951 -0.093493645608675194 -0.10102269491598713 0.77985623464227105 0.18401097577335812 0.47255744097638896 -0.071537815156468509
leaf_weight=18.048026213888082 5.8751548379659653 29.489317716099322 0.92730435449629911 36.55660473741591 28.382506951224059 48.141302714589983 74.820533890742809 1.2626151628792279 42.409740213304758 0.66215264424681664 0.78075799439102311 19.239885836839679 9.7724071238189918 3.9988214671611777 10.504052990116177 0.89555628970265377 305.92186373379081 487.75453251739964 0.18381579965353267 20.244833908043802 121.56936046946794 21.695392014924437 7.9113256861455721 15.559167271479962 28.511354745365679 0.1929063037969162 0.11351968953385949 0.35136889107525604 0.17450895160436575 3.4533310737460852
leaf_count=3092 380 3302 48 786 3502 5193 6859 35 1201 30 29 255 208 59 494 24 16494 29416 19 1754 4112 2214 592 1685 5882 30 13 69 37 722
internal_value=-0.00110626 -0.0336832 0.00782002 0.00397091 -0.0248353 -0.0144368 -0.000353019 0.026678 0.0581423 0.337308 0.0478687 0.0385935 0.0187346 0.0781844 0.0161814 0.173709 0.000987969 0.00201795 -0.0529671 -0.0182821 0.0136073 -0.0482706 -0.0583072 -0.0690923 -0.0751893 -0.053074 0.225311 -0.0577102 -0.088061 -0.0453654
internal_weight=1345.4 289.362 1056.04 877.031 238.517 174.147 122.962 179.012 44.78 1.58946 43.1905 69.5677 46.329 23.2387 134.232 2.15817 807.463 793.676 64.3703 20.4286 132.073 51.1847 13.7865 43.9417 50.845 18.7058 0.306426 18.3994 32.1392 3.62784
internal_count=88536 34373 54163 48190 24528 17568 12052 5973 1308 78 1230 1308 994 314 4665 59 46882 45910 6960 1773 4606 5516 972 5187 9845 3204 43 3161 6641 759
is_linear=0
shrinkage=0.1


Tree=14
num_leaves=31
num_cat=0
split_feature=1 1 1 2 4 3 2 2 4 0 1 0 3 2 3 1 3 0 2 3 0 1 0 3 4 0 0 0 0 3
split_gain=33.9722 8.54865 8.27642 11.424 13.3349 6.81901 6.60562 9.20179 7.86799 7.85321 6.30819 4.53777 4.85921 14.0275 4.45697 3.65642 4.37814 2.95051 2.18803 2.16279 2.08082 2.07346 3.95135 2.32468 1.25712 1.65594 5.71014 0.886705 4.58216 0.534372
threshold=0.00056598043158488469 0.0012633636599241173 0.0012749939977685664 0.91848584878874429 0.0020465745527800121 0.0025959547863072534 1.5776277239868219 0.82252117807023672 0.0051316645770196354 -0.0002309625584308028 0.00035070508710457083 0.00021317984763014056 0.0020747971162518035 0.7804495290223753 -0.0016496606562445002 0.0033406565687884907 -5.3468689667046647e-05 0.00084904811850439199 1.134926944573639 0.012133721506861874 0.0011493826905649709 0.00080283140370662103 -0.00025907311931128158 -0.00022136276249345996 -0.0020359836445842934 -0.00012470927233021453 -0.00019859001096239612 2.7355495064718131e-05 4.713066204220518e-05 -0.0012455508442049676
decision_type=2 2 2 2 2 2 2 2 2 2 2 2 2 2 2 2 2 2 2 2 2 2 2 2 2 2 2 2 2 2
left_child=10 6 3 4 -3 -5 7 8 -2 -9 24 12 14 -14 -12 16 -4 18 -13 -17 -19 22 -8 -23 25 26 -1 29 -29 -26
right_child=1 2 15 5 -6 -7 21 9 -10 -11 11 17 13 -15 -16 19 -18 20 -20 -21 -22 23 -24 -25 27 -27 -28 28 -30 -31
leaf_value=-0.10209584951185668 -0.028162867790844051 0.50656052655001815 -0.0041845165808003454 -0.011699746666118817 -0.10160092554857408 0.44225931131969926 -0.10118975336018576 -0.013574840270750864 0.092550568912245834 0.019906729101177401 0.063463095178360074 -0.086964988408201688 -0.10278023325980597 0.34335762984890672 -0.029644677769532751 0.024616315322515424 0.015234041973851429 0.21313623551553476 -0.025490454568661915 -0.016753411566553366 -0.10299897507701411 -0.028373428198668796 0.025530519268211427 -0.087602513513215283 -0.034083981701682101 -0.10091566665442915 0.23411551918363022 0.1092285971194441 -0.077090462372506621 -0.095935311127545608
leaf_weight=1.1920448262244465 131.49783717887476 1.3160032713785756 215.70376737974584 3.3275293232873087 0.49658753629773844 0.36743074841797341 3.434990814421325 108.83893345622346 5.630688765551894 196.59001222345978 5.4486062903888515 21.464173882734038 1.487305581569671 1.3394739190116522 91.136920815333724 201.63592969626188 251.45745903346688 0.63360081985592742 7.9283954240381709 13.482133679091929 0.31010692426934838 12.290000444278121 8.6751465322449786 14.380408719182014 1.4920305185951317 1.3845955780707289 0.87664746120572123 1.4304531319066907 17.085951477754861 21.893451013136655
leaf_count=118 12038 102 11781 188 36 19 315 6995 269 13031 417 2875 92 55 10428 4543 12025 54 928 284 19 800 753 990 218 207 32 317 3774 4833
internal_value=-0.00108474 0.00506763 0.0122211 0.134316 0.339945 0.0334424 -0.005154 -0.0016862 -0.0232062 0.00797565 -0.0421626 -0.0309407 -0.02061 0.108623 -0.0243923 0.0112355 0.00626785 -0.0647946 -0.0703828 0.0220235 0.109253 -0.0447279 -0.0104132 -0.0603091 -0.0742654 -0.0162724 0.0403801 -0.0790448 -0.0626967 -0.0919891
internal_weight=1344.23 1169.12 687.787 5.50755 1.81259 3.69496 481.338 442.557 137.129 305.429 175.104 129.749 99.4123 2.82678 96.5855 682.279 467.161 30.3363 29.3926 215.118 0.943708 38.7805 12.1101 26.6704 45.3552 3.45329 2.06869 41.9019 18.5164 23.3855
internal_count=88536 64169 28978 345 138 207 35191 32333 12307 20026 24367 14868 10992 147 10845 28633 23806 3876 3803 4827 73 2858 1068 1790 9499 357 150 9142 4091 5051
is_linear=0
shrinkage=0.1


Tree=15
num_leaves=31
num_cat=0
split_feature=1 1 0 0 2 4 1 3 1 4 4 2 4 0 0 2 1 2 1 4 4 2 0 4 4 1 1 2 2 3
split_gain=28.8143 6.84137 6.80598 10.8953 10.2567 7.02439 5.96817 5.70539 5.13022 6.34337 27.3995 4.77922 4.30524 4.14618 4.72303 6.16745 3.26742 3.2225 3.24485 3.14845 2.80988 13.2224 2.5821 1.18219 2.55 4.06703 1.29349 1.12322 3.55049 0.276307
threshold=0.00056598043158488469 0.0012633636599241173 0.0004628341735429809 -0.0002309625584308028 0.85120291089080347 -0.0011300756837438473 0.00035070508710457083 0.0013696181458685566 0.0012749939977685664 0.0020465745527800121 0.0013814411252726091 1.1396114697869035 -0.00065326565368273293 0.00021317984763014056 -0.00025907311931128158 1.6300101777410512 0.0003566480570210496 0.30002186473863562 0.0053443694463241841 0.0049035788281973644 -0.0019004335783719959 1.134926944573639 0.0011154892558717935 -0.0011027095216489811 -0.0011300756837438473 0.00026085075394844981 0.00028898613418494194 0.98673547506338866 0.99020595107885723 0.001014500233920024
decision_type=2 2 2 2 2 2 2 2 2 2 2 2 2 2 2 2 2 2 2 2 2 2 2 2 2 2 2 2 2 2
left_child=6 2 3 5 -5 -2 23 12 9 10 -3 -9 -4 14 16 -16 -8 18 -10 -19 21 -15 -22 24 26 -26 -1 29 -29 -25
right_child=1 8 7 4 -6 -7 13 11 17 -11 -12 -13 -14 20 15 -17 -18 19 -20 -21 22 -23 -24 27 25 -27 -28 28 -30 -31
leaf_value=-0.015028832445133148 0.0086699076682171354 0.070016742042537564 -0.0061753548771660465 -0.015232090059184345 0.032596788683928637 -0.033097332756469089 0.2960472258070605 -0.027363077634081329 -0.088027668669939121 -0.10211366031499076 0.82178303428949429 0.050301546189542946 -0.059268043178047618 -0.10151456265454682 -0.013392352907131685 0.13315604700112149 -0.066212205097233509 0.0070382725897066862 0.073905636888487961 0.023269511034205409 -0.074246235578766237 0.49643756992406685 0.21530068512274397 -0.095774203670938474 -0.10113607625587438 0.66889711513864669 -0.10135634757098384 0.33728794076795232 -0.061564405427117323 -0.060803892350145286
leaf_weight=4.559649454196915 65.235100581310689 4.6494005825370541 22.022183128632605 66.299305658321828 138.49897902086377 105.19951734179631 0.25208515953272836 17.512447543442253 6.0320501858368507 1.2551199458539484 0.54125630296766747 14.470414249226449 49.836407491005957 1.4175274642184401 74.034154314082116 2.9876169594936064 20.216685467865318 527.18608855735511 1.5568049624562261 154.5395836494863 26.267481015063826 0.50033949594944704 0.31164259556680818 21.525877017527822 0.145393694518133 0.12984343757852912 2.8024262278340757 0.22814573394134541 10.263580169528721 2.5243607806041828
leaf_count=731 4251 242 1601 6084 9031 8139 46 1233 265 74 29 885 3967 132 7956 304 2686 24292 12 4064 3703 23 18 5491 24 19 432 31 2146 625
internal_value=-0.00104728 0.00449448 -0.00470179 0.00156837 0.0171132 -0.0171106 -0.0397627 -0.0273591 0.0108267 0.0996259 0.148407 0.00777572 -0.042997 -0.0288625 -0.0190545 -0.00770785 -0.0617508 0.00999632 -0.0548081 0.0107177 -0.0624163 0.0544812 -0.0708513 -0.0723212 -0.0367174 0.262128 -0.04789 -0.0801933 -0.0528912 -0.0921037
internal_weight=1343 1174.83 479.074 375.233 204.798 170.435 168.167 103.841 695.76 6.44578 5.19066 31.9829 71.8586 125.988 97.4905 77.0218 20.4688 689.315 7.58886 681.726 28.497 1.91787 26.5791 42.1793 7.63731 0.275237 7.36208 34.542 10.4917 24.0502
internal_count=88536 64169 35191 27505 15115 12390 24367 7686 28978 345 271 2118 5568 14868 10992 8260 2732 28633 277 28356 3876 155 3721 9499 1206 43 1163 8293 2177 6116
is_linear=0
shrinkage=0.1


Tree=16
num_leaves=31
num_cat=0
split_feature=1 1 1 0 0 2 3 0 4 3 4 0 0 2 1 3 4 1 3 3 3 4 4 3 0 3 3 2 2 4
split_gain=24.4078 5.84519 5.65608 4.12528 6.67289 6.97443 4.83635 3.78925 3.6618 6.44217 4.99842 3.277 6.27416 12.7245 5.49414 6.2473 5.17393 3.84451 2.7949 4.80445 1.96633 1.55739 1.77777 7.3076 1.69722 0.855093 3.08328 0.489708 1.84827e-05 2.1865e-05
threshold=0.00057623858051408891 0.0003566480570210496 0.0019730259340500407 -0.00025907311931128158 0.00010350194410513326 1.6300101777410512 -0.00091556879712817441 0.0017729677015484448 0.0041671365807418601 0.0015554746633477114 -0.00059060931216903245 -0.00089878685034633355 -0.00087344304758263369 1.0278327195556562 0.0081545892109362358 0.0064777089806857821 -0.010206261480286969 0.00202413063902048 0.00021051800882010421 0.00023405043795832195 -0.0024051601905482052 -0.00034456405514332594 -0.00036357214864896065 0.00011648532517938294 0.00064548713536438662 0.001014500233920024 0.0010361633553395146 1.3599278674854158 0.94520148710757268 0.0043248867080579742
decision_type=2 2 2 2 2 2 2 2 2 2 2 2 2 2 2 2 2 2 2 2 2 2 2 2 2 2 2 2 2 2
left_child=1 21 7 18 5 -5 -6 8 10 -10 -2 14 13 -13 17 -16 -14 -4 20 -20 -3 22 24 -24 -1 27 -27 -23 29 -9
right_child=2 3 11 4 6 -7 -8 28 9 -11 -12 12 16 -15 15 -17 -18 -19 19 -21 -22 25 23 -25 -26 26 -28 -29 -30 -31
leaf_value=-0.055124080956383027 0.0070529729757337666 0.11523000757343096 0.092425739495054865 -0.0032445534752135541 0.051895383862383397 0.16266826052555153 -0.056583257902418971 -0.10145409673050598 0.08628228556357373 0.0052248555303864731 -0.010432543218392062 0.57513289283433788 0.074689346829870065 -0.10266564532136402 0.03812155544709564 0.24665107383550364 0.015317980008392748 -0.0055920770132067716 0.54660647955951602 -0.019724604209982947 -0.094138766740350599 -0.095567668492965469 -0.10067106066277141 0.9041239964470057 0.15715081432692399 0.30328464397518129 -0.064847069063822024 -0.038283370240403861 -0.10216353556196822 -0.10236659476479748
leaf_weight=15.155289578950029 287.65404061367735 0.46230221167206842 4.1094754952937356 57.175455972552299 4.5470349960960439 2.6511456705629817 42.748963860794902 0.97817726153880291 12.738324246834962 42.578961696475744 378.72993651637807 0.58945841155946144 15.546507497318087 0.52247192058712244 9.976678377017377 1.6783586479723442 262.73694363888353 152.40055374801159 0.15449412260204454 4.9270349028520286 15.103953944053501 20.700879139825709 0.26528636133298178 0.099537907168269157 0.38625107915140766 0.24753904202952925 2.8123340499587357 1.6082747923210252 2.3844920489937067 0.35895788110792637
leaf_count=3092 18281 46 203 6094 400 228 5615 71 691 1836 27977 21 389 22 141 23 8456 5232 24 677 2128 5521 49 20 43 37 722 361 119 17
internal_value=-0.0010167 -0.0365411 0.00410294 -0.0259723 -0.0180836 0.00410768 -0.0461541 -0.0013514 -0.000832394 0.0238906 -0.00288467 0.0129435 0.0195821 0.25665 0.00191408 0.0681504 0.0186348 -0.00301843 -0.0668998 -0.0025064 -0.0879207 -0.0692576 -0.0447264 0.173475 -0.0498485 -0.0846387 -0.0350658 -0.091438 -0.101997 -0.101699
internal_weight=1342.03 169.046 1172.98 127.77 107.123 59.8266 47.296 725.423 721.701 55.3173 666.384 447.56 279.395 1.11193 168.165 11.655 278.283 156.51 20.6478 5.08153 15.5663 41.2754 15.9064 0.364824 15.5415 25.369 3.05987 22.3092 3.72163 1.33714
internal_count=88536 25057 63479 15212 12337 6322 6015 48992 48785 2527 46258 14487 8888 43 5599 164 8845 5435 2875 701 2174 9845 3204 69 3135 6641 759 5882 207 88
is_linear=0
shrinkage=0.1


Tree=17
num_leaves=31
num_cat=0
split_feature=1 1 0 0 0 4 3 1 0 0 1 4 2 3 4 2 1 1 1 1 4 2 4 3 2 1 0 0 4 2
split_gain=20.7802 8.46286 6.02165 11.8779 11.0072 4.51384 3.35859 4.81223 4.64387 5.80961 19.2913 5.23082 9.91099 4.26395 5.5389 3.2148 3.34631 3.13127 3.49627 3.1052 3.03601 3.02568 2.63214 2.0209 7.23736 8.84355 1.38678 3.78934 1.62426 3.34695e-05
threshold=0.00078431372549012687 0.00038441151144294732 -0.00028912276883857885 0.00013684570710659208 0.00012133259020274957 0.0019570099274975887 0.002864928666852951 0.0046345948389212846 0.00089708288029444205 0.00079089923252451133 0.0018268761113609401 -0.0068262865674329478 0.97643650312393293 0.0016648295828306516 0.00091155234880180302 0.40160627849544622 0.00084195757270364498 0.00074644400399417096 0.00074114738147271284 0.0081545892109362358 -0.0011027095216489811 0.63261050900240356 0.0059081524902060431 -0.0018743172456741617 0.84173968065089044 0.00035070508710457083 -0.00012470927233021453 -0.00024998958420124889 0.0015008620250258622 0.82252117807023672
decision_type=2 2 2 2 2 2 2 2 2 2 2 2 2 2 2 2 2 2 2 2 2 2 2 2 2 2 2 2 2 2
left_child=1 23 17 4 -4 -5 7 15 9 19 -11 12 -10 14 -9 16 -2 18 -3 -8 -17 -13 -15 24 -1 -26 27 -25 -28 -19
right_child=6 2 3 5 -6 -7 8 13 11 10 -12 21 -14 22 -16 20 -18 29 -20 -21 -22 -23 -24 26 25 -27 28 -29 -30 -31
leaf_value=-0.1007715128601125 0.14506376713850186 -0.040206008219567303 0.0082595655013261576 -0.043097359457146885 0.20404922471493273 0.019864796268621514 0.024359636783369516 0.015156623437022685 -0.10395025164439674 -0.063615944562073187 0.312357245655914 0.058728047031960787 0.31812116974063664 -0.10738851420498013 0.076197531692853426 0.0094623351998924035 -0.065420743851316868 -0.10100717634528583 0.12438040086031228 0.13004424078455443 -0.0035414506388232766 -0.0057345117119358352 0.033907505434072747 -0.10075443045908644 -0.10061347706737314 0.87502901721668569 -0.079822361222756488 0.0062494234808191723 -0.0044185714545098443 -0.10144430139001875
leaf_weight=0.79803821886889525 0.81106077507138152 44.435689480043948 111.37893088674173 82.645775133743882 2.9474104857072225 13.205836689099668 81.68113877531141 47.481382578611374 0.92019568942487184 2.5930764107033601 2.8809985090047121 7.9281960064545265 1.407032214105129 3.6114767827093592 21.640953570604324 299.01304976735264 10.988395520485936 2.4565152991563064 1.3292865529656399 2.8780961185693732 449.35098237777129 89.234534915536642 2.0764307752251625 5.4938100476283571 0.17019983194768429 0.20457923319190741 33.748158033704385 8.3239208764862251 3.1209008893929413 6.1041562659665942
leaf_count=139 75 5200 10578 9163 272 1246 2752 956 27 132 81 244 21 70 255 15427 791 255 110 33 26186 2601 27 1161 31 10 7900 1609 725 459
internal_value=-0.000970729 -0.0233732 -0.0161311 -0.00846009 0.0133072 -0.0344228 0.00594711 0.00321928 0.017965 0.03442 0.134258 0.00307411 0.151232 0.027419 0.0342674 0.000837707 -0.0509526 -0.045809 -0.0354254 0.0279568 0.00165428 -0.000474555 -0.0558069 -0.0603106 0.0694642 0.431957 -0.0633134 -0.0362944 -0.0734396 -0.101319
internal_weight=1340.86 316.363 264.504 210.178 114.326 95.8516 1024.5 834.974 189.523 90.0333 5.47407 99.49 2.32723 74.8102 69.1223 760.163 11.7995 54.3256 45.765 84.5592 748.364 97.1627 5.68791 51.8596 1.17282 0.374779 50.6868 13.8177 36.8691 8.56067
internal_count=88536 38858 27283 21259 10850 10409 49678 43787 5891 2998 213 2893 48 1308 1211 42479 866 6024 5310 2785 41613 2845 97 11575 180 41 11395 2770 8625 714
is_linear=0
shrinkage=0.1


Tree=18
num_leaves=31
num_cat=0
split_feature=1 1 1 0 4 2 4 3 4 1 0 0 4 1 3 3 3 1 3 2 4 0 0 0 0 2 3 2 3 2
split_gain=18.2739 4.71285 3.67657 8.64435 8.03933 11.2691 7.2481 3.64896 6.29446 6.20714 3.80839 7.72353 6.28961 3.33181 10.6342 13.9986 8.02879 5.8727 2.93768 2.87097 1.32475 1.62761 4.23916 1.13525 4.76613 0.829009 0.641059 5.64754e-05 2.03959e-05 1.26728e-05
threshold=0.00056598043158488469 0.00035070508710457083 0.00084195757270364498 0.00054691535400785984 0.0019995528747577267 0.86347233284079983 -0.00065326565368273293 0.0020747971162518035 0.0021465422415475337 0.00053644611852534296 0.00010350194410513326 7.597918269108829e-05 -0.0019004335783719959 0.00089788150897962061 -0.0010005193566438584 -0.0011400564232975083 0.0011785907251123942 0.00090388601812903897 0.002864928666852951 2.3864127297570206 -0.0020359836445842934 -0.00012470927233021453 -0.00019859001096239612 2.7355495064718131e-05 4.713066204220518e-05 1.3867251668695522 -0.0012455508442049676 0.90888075336000129 0.00097334131992365968 0.84811579235858758
decision_type=2 2 2 2 2 2 2 2 2 2 2 2 2 2 2 2 2 2 2 2 2 2 2 2 2 2 2 2 2 2
left_child=1 20 3 4 6 -6 -2 10 9 -9 11 -3 -12 14 15 -4 -16 27 -19 25 21 22 -1 26 -25 -5 -22 -15 -23 -10
right_child=2 7 13 19 5 -7 -8 8 29 -11 12 -13 -14 17 16 -17 -18 18 -20 -21 23 28 -24 24 -26 -27 -28 -29 -30 -31
leaf_value=-0.10160016835678409 0.014442730041548439 -0.022721035222550055 0.071491366398852965 -0.088237317825859252 -0.027424489788327785 0.11772000570246464 -0.028303422141973518 0.079354594765088576 -0.10101033142128786 0.45119987414525636 0.079396104819620505 0.10912292232153845 -0.064807230096375595 -0.10121072484902782 -0.023206788176438245 0.39412788662233333 0.090791926302117146 0.0023109751576610971 0.016252150692200019 0.23331584772842384 -0.019033541225353105 -0.10056116048258407 0.19925895018868484 0.13254135111266502 -0.069270558640265406 -0.028701289645164899 -0.094237813569750806 -0.10190284645101706 -0.10206485705410394 -0.10158092175855647
leaf_weight=0.90411265380680561 69.021963658276945 69.021796890068799 8.0771506363525969 15.446837312541907 9.4657658305950481 12.300145384855567 93.268968255724758 2.7079773261211808 0.93521116441115715 0.53812654223293055 3.3010249854996792 4.7488989867269984 36.124449325259775 1.8154394421726454 24.228782360441983 1.6134203551337112 8.2925154510885459 747.56662967242301 189.45462350547314 0.2987381680868556 1.2183763573411877 0.96206812164746114 0.97164661996066592 1.2875272319652129 12.845459179021416 2.756148516200482 16.266503016464416 3.3626628518104553 0.099535507149994373 0.66675463411957026
leaf_count=118 5332 8412 487 1519 880 792 8807 98 101 15 258 480 5456 156 1642 103 528 37740 5728 26 218 201 32 317 3774 240 4833 189 6 48
internal_value=-0.000938188 -0.0335126 0.00324964 -0.00901951 -0.00246981 0.0545982 -0.0101236 -0.0240043 0.0609516 0.140998 -0.0276429 -0.0142337 -0.0527333 0.00577422 0.0332599 0.125208 0.00586143 0.00454282 0.00512972 -0.0741764 -0.0659937 -0.0017548 0.0542454 -0.0719616 -0.0508853 -0.0792229 -0.0889975 -0.10166 -0.100702 -0.101248
internal_weight=1339.57 152.599 1186.97 202.559 184.057 21.7659 162.291 118.044 4.84807 3.2461 113.196 73.7707 39.4255 984.411 42.2119 9.69057 32.5213 942.199 937.021 18.5017 34.5552 2.93736 1.87576 31.6179 14.133 18.203 17.4849 5.1781 1.0616 1.60197
internal_count=88536 24367 64169 17596 15811 1672 14139 14868 262 113 14606 8892 5714 46573 2760 590 2170 43813 43468 1785 9499 357 150 9142 4091 1759 5051 345 207 149
is_linear=0
shrinkage=0.1


Tree=19
num_leaves=30
num_cat=0
split_feature=1 1 0 0 2 1 2 4 1 3 4 2 1 2 3 0 2 2 2 1 0 3 2 0 0 3 3 1 2
split_gain=15.5641 5.34895 7.40648 8.93104 9.28326 7.52886 21.2434 6.77648 5.07347 14.1353 10.3777 5.67061 5.25531 3.72766 5.90212 5.5043 4.65272 26.4339 3.48053 2.51753 2.45146 6.446 25.7267 6.40622 1.94676 0.5439 3.47095 5.47192e-05 4.16552e-05
threshold=0.00043932031561734079 0.00086036083070254615 0.00034992564824021249 -0.00015188555048900596 0.93202431492514537 0.000450871752716814 1.0979609921024396 0.004510457347433273 0.00089788150897962061 -0.0010005193566438584 -0.00016611752216516559 1.1257350282678817 0.00090388601812903897 0.7737558673727909 0.0021830067857768758 -4.6897938252410391e-05 0.84811579235858758 0.84489671621191909 1.2291163680478603 0.0033406565687884907 -0.00012470927233021453 0.0014278879778549804 0.62795451891548326 -0.00013206285103678492 0.00064548713536438662 0.00065379185319980337 0.00068600061749124485 0.0003566480570210496 0.90888075336000129
decision_type=2 2 2 2 2 2 2 2 2 2 2 2 2 2 2 2 2 2 2 2 2 2 2 2 2 2 2 2 2
left_child=13 2 3 7 -5 6 -4 -2 9 10 -3 -11 28 20 16 -16 17 -15 -18 -14 21 23 -23 -1 -7 27 -27 -22 -10
right_child=1 8 5 4 -6 24 -8 -9 12 11 -12 -13 19 14 15 -17 18 -19 -20 -21 25 22 -24 -25 -26 26 -28 -29 -30
leaf_value=-0.06744566730542928 -0.027032669358802344 0.22540153044940456 -0.10064484670278664 -0.013675421268719302 0.040225966832099766 -0.036593971037052662 1.4453470506252251 0.20219079967828685 -0.1010942243570407 -0.033394223423623706 -0.10188235732495443 0.076581728903507076 0.0016622265664286825 0.0044101337294254325 0.58961441650176127 0.058186853674979624 -0.064275001880885557 1.0162251584617075 0.0033240321473352974 0.013718511935188206 -0.10036545849438433 -0.10090517494155345 1.6223202960336405 0.31114138915869616 -0.083384916061737091 0.30085501126703723 -0.081346846939283401 -0.10074266007157212 -0.10171870282585414
leaf_weight=8.8721302216872555 102.40480408770964 5.8016127813607454 0.28455426078289647 59.438620971515775 69.095720778219402 44.854246976785362 0.12925425823777914 1.3061419706791628 1.6444742325693358 13.158502394333484 1.1630623843520904 7.2837835904210797 712.67847050447017 6.6579654901288441 0.2856837478466332 0.61333148973062535 27.390332983573899 0.26861858600750554 10.550521105062215 228.80551948770881 8.4753890815190989 0.34174985298886973 0.11605772585608065 0.47067367495037693 11.090255182236431 0.24917032849043508 5.1208542741369456 7.0406919254455707 3.047890979796648
leaf_count=1804 10039 309 51 6304 5439 4543 13 55 156 920 70 426 38641 1448 8 38 5153 60 1775 4827 2774 62 19 52 1173 64 1080 1044 189
internal_value=-0.000903458 0.00175033 -0.0102063 -0.00231476 0.0153001 -0.0427262 0.38225 -0.0241458 0.00529468 0.0477099 0.170747 0.00579127 0.00406608 -0.0447156 -0.0266346 0.227061 -0.031718 0.0436491 -0.0454772 0.00459222 -0.0716818 -0.0304208 0.335946 -0.0483731 -0.0458697 -0.0910431 -0.0636126 -0.100537 -0.1015
internal_weight=1338.64 1262.19 288.604 232.245 128.534 56.3583 0.413809 103.711 973.583 27.407 6.96468 20.4423 946.176 76.4532 45.7665 0.899015 44.8674 6.92658 37.9409 941.484 30.6867 9.80061 0.457808 9.3428 55.9445 20.8861 5.37002 15.5161 4.69237
internal_count=88536 73155 27617 21837 11743 5780 64 10094 45538 1725 379 1346 43813 15381 8482 46 8436 1508 6928 43468 6899 1937 81 1856 5716 4962 1144 3818 345
is_linear=0
shrinkage=0.1


Tree=20
num_leaves=30
num_cat=0
split_feature=1 2 3 2 1 0 0 4 2 2 2 3 0 4 1 3 3 3 1 3 2 1 4 4 3 3 4 1 2
split_gain=13.9005 3.9444 4.8878 8.11897 3.87211 7.7839 13.1563 4.92512 4.64292 4.04992 5.20198 3.86059 14.601 5.273 3.73504 8.88176 7.50355 5.5818 4.70817 2.45442 2.4454 1.74956 1.27359 4.98647 2.13164 0.000107795 0.00010338 3.72318e-05 3.0737e-05
threshold=0.000463730677451625 0.59965041375762185 -0.0018743172456741617 1.1578585320855985 0.00086036083070254615 0.00020670885218621041 -0.00014595263679595402 0.004510457347433273 0.42951492422304877 0.93202431492514537 0.93854194411361302 0.00047267191888200616 9.3842376111985551e-05 -0.0012090776730373507 0.00089788150897962061 -0.0010005193566438584 -0.0024051601905482052 0.00120504968813151 0.00090388601812903897 0.0013407288929513375 0.30002186473863562 0.0003688666032741769 -0.0011027095216489811 -0.0011300756837438473 9.1665694626819074e-05 0.0021830067857768758 0.0012444128687921776 0.00035070508710457083 0.90888075336000129
decision_type=2 2 2 2 2 2 2 2 2 2 2 2 2 2 2 2 2 2 2 2 2 2 2 2 2 2 2 2 2
left_child=1 22 3 21 5 6 7 -2 -8 19 -11 13 -13 -4 15 16 -6 -17 28 -7 -20 -3 23 24 -1 27 -27 -24 -16
right_child=4 2 11 -5 14 9 8 -9 -10 10 -12 12 -14 -15 18 17 -18 -19 20 -21 -22 -23 25 -25 -26 26 -28 -29 -30
leaf_value=-0.10095793199787684 -0.025411651851926887 0.1629706092816097 0.021191164027858964 0.46511392419916142 -0.10246560100132435 -0.074734118310210249 -0.10109568922779524 0.15485923571781146 0.03421055372195702 0.21691079112993228 -0.020278534320877159 0.082168391381760741 -0.089888201743949625 -0.063552509783510056 -0.10098904732692754 -0.02741160838435619 0.16735613883172273 0.088612439920102162 -0.049028004465322766 -0.010622335996385481 0.0046006325851460726 -0.1021881745262232 -0.10031080555679106 0.49874719478678353 0.055253619563003675 -0.10352009024865026 -0.10076660911157131 -0.10067214211055225 -0.10155264686282557
leaf_weight=3.2384275055956095 97.612605344504118 0.37737141316756495 8.9698894650209677 0.52638735226355482 1.2074036262929437 26.797913225833327 2.6122304247692218 1.5394340809434641 86.943971928209066 0.942792774643748 48.053948771674186 10.854828455252575 9.0396129796281439 40.470205397345126 1.4894526680000115 14.824561124667527 7.0405296329408902 5.7565976707264772 8.5805813353508693 7.6834759786725035 936.79716260544956 0.73058539675548673 5.6833300581201875 0.16641664551571267 1.1962281917221842 0.23341263597831208 0.32791707711294293 5.7232495346106589 2.7621258096769452
leaf_count=604 9651 60 1193 23 54 3625 272 53 7200 92 4268 1676 1643 8596 156 1020 325 326 388 725 43080 52 2071 25 118 23 70 958 189
internal_value=-0.000912967 -0.0394365 -0.0291798 0.141753 0.00178345 -0.00876636 0.00248115 -0.0226128 0.0302639 -0.0341921 -0.0157145 -0.033209 0.00398952 -0.0481775 0.00471819 0.0401782 0.127857 0.00504059 0.00364169 -0.0604481 0.00411388 -0.0118748 -0.0833682 -0.0386539 -0.0588206 -0.100559 -0.101912 -0.100492 -0.101355
internal_weight=1338.18 87.5379 70.9689 1.63434 1250.64 272.186 188.708 99.152 89.5562 83.4781 48.9967 69.3345 19.8944 49.4401 978.458 28.8291 8.24793 20.5812 949.629 34.4814 945.378 1.10796 16.569 4.60107 4.43466 11.9679 0.56133 11.4066 4.25158
internal_count=88536 17112 13243 135 71424 25886 17176 9704 7472 8710 4360 13108 3319 9789 45538 1725 379 1346 43813 4350 43468 112 3869 747 722 3122 93 3029 345
is_linear=0
shrinkage=0.1


Tree=21
num_leaves=31
num_cat=0
split_feature=1 1 2 2 4 0 0 2 4 0 0 0 0 3 2 1 2 1 4 1 3 0 1 0 4 0 1 3 3 3
split_gain=12.1249 3.85988 2.86319 3.77727 4.22358 6.98152 6.03831 3.23787 22.683 3.57074 3.09089 2.83972 4.14059 5.44521 4.85089 2.83307 2.66054 4.95567 2.65735 2.48621 2.33736 7.72077 2.3974 2.02939 1.70799 1.72756 3.88178 2.17787 0.959068 2.59371
threshold=0.00056598043158488469 0.0003566480570210496 2.0203856562933447 0.91529180799942722 0.0041671365807418601 -8.3096413104333231e-05 -0.0010570971735701094 0.91848584878874429 -0.0042242591287794387 -0.00021349460073699642 0.0021255856272306421 0.00021317984763014056 -0.00018267514709263685 0.00047267191888200616 0.59965041375762185 0.0043921420790251006 1.134926944573639 0.00055377659354503112 0.0030459120343203643 0.0058909735063260313 -0.00032139935342750942 -2.7127472170707098e-05 0.0014528058880792381 0.0011154892558717935 -0.00034456405514332594 0.00064548713536438662 0.00017271211579758392 9.1665694626819074e-05 0.001014500233920024 0.0010361633553395146
decision_type=2 2 2 2 2 2 2 2 2 2 2 2 2 2 2 2 2 2 2 2 2 2 2 2 2 2 2 2 2 2
left_child=1 24 3 4 6 -6 -2 8 -5 -9 20 12 13 -3 -14 18 23 -18 -12 -17 21 -4 -22 -13 25 27 -27 -1 -26 -30
right_child=2 11 10 7 5 -7 -8 9 -10 -11 15 16 14 -15 -16 19 17 -19 -20 -21 22 -23 -24 -25 28 26 -28 -29 29 -31
leaf_value=-0.059580174443763768 -0.039510960429190937 -0.070368609264811963 -0.037215237483445927 0.62115719862304164 0.043100695973610444 -0.011004266074868105 -0.0033239364143855346 -0.0012769346807932642 0.0056099328406471333 0.013210490944490384 0.25722762041474412 -0.080682332032171455 -0.073986383418082668 0.041970725609770526 0.012185387807300463 -0.1061901606137054 -0.023495630582488658 0.30694296076161121 0.051410123579553949 0.043447534168195523 -0.024921200386072789 0.15950710411339822 -0.10239826940964561 0.1535436958114515 -0.087849224984022548 0.57853549834169327 -0.10146306248242168 0.041936722535582879 0.27260413960856344 -0.056413117435015314
leaf_weight=9.6749023676384223 54.656220792327076 19.779570527840409 15.271711159497501 0.68844779394567002 45.491818082518876 50.130496063269675 294.95369235891849 288.04887311905622 4.5899763596244147 415.5755276279524 0.83172754570841734 14.947062301915139 7.4041863996535531 5.5185031360015264 55.501075256615877 1.8990957736968992 6.364342907909303 0.4887097356840967 2.552426315844059 2.6733850203454494 7.8446185621432951 2.2948367469944051 8.1362119596451503 0.37929639592766839 16.064807574963201 0.14699762337841171 0.19572601304389536 2.7038781666196892 0.26783102145418469 2.2729363043326885
leaf_count=2579 2528 3164 809 20 1127 1688 22369 13889 227 20161 31 2859 987 637 5929 36 872 59 63 50 620 141 410 15 5882 22 21 582 37 722
internal_value=-0.000874835 -0.0285326 0.00240323 0.00333122 -0.00388752 0.0147359 -0.00898123 0.007865 0.0858938 0.00727965 -0.023402 -0.0197405 -0.0116974 -0.045863 0.00204265 0.0326332 -0.0517261 6.88399e-05 0.101994 -0.0187017 -0.0366923 -0.0115161 -0.0643666 -0.0748857 -0.0595124 -0.0312743 0.190195 -0.037406 -0.0788201 -0.0217303
internal_weight=1337.35 141.71 1195.64 1154.14 445.232 95.6223 349.61 708.903 5.27842 703.624 41.504 110.383 88.2033 25.2981 62.9053 7.95663 22.1794 6.85305 3.38415 4.57248 33.5474 17.5665 15.9808 15.3264 31.3271 12.7215 0.342724 12.3788 18.6056 2.54077
internal_count=88536 24367 64169 62009 27712 2815 24897 34297 247 34050 2160 14522 10717 3801 6916 180 3805 931 94 86 1980 950 1030 2874 9845 3204 43 3161 6641 759
is_linear=0
shrinkage=0.1


Tree=22
num_leaves=31
num_cat=0
split_feature=1 2 3 0 4 4 4 3 1 3 4 1 3 3 4 2 2 1 3 1 0 2 1 4 4 2 3 3 4 1
split_gain=10.2521 3.38787 3.5481 5.85471 7.12359 5.29483 12.8172 3.6617 3.08741 5.78794 6.23723 5.42603 5.37178 16.5073 4.46993 2.66088 5.42921 3.28992 2.32013 5.73122 3.70604 1.8131 1.49428 0.000113034 0.000114382 5.61942e-05 4.21126e-05 3.96968e-05 3.5549e-05 9.94867e-06
threshold=0.0005034668479765098 0.42951492422304877 0.0012547915328845474 0.00015799868345378612 0.0020465745527800121 -0.0012090776730373507 -0.0012349254035221577 -0.0018743172456741617 0.0015593406221379045 -0.00095754956386101531 -0.0063583292572979557 0.00053196205383816534 0.00039119238698459574 0.00041831062417496684 -0.0012894570529707881 2.0890667281893225 1.7180818829521038 0.0018731889678674379 -0.0050999024153587915 0.0046345948389212846 0.0031111316081121614 1.6122917662929923 0.00047988249287966015 -0.0020359836445842934 -0.0021377867060201057 0.82252117807023672 9.1665694626819074e-05 0.0021830067857768758 0.0014381114657325835 0.0003566480570210496
decision_type=2 2 2 2 2 2 2 2 2 2 2 2 2 2 2 2 2 2 2 2 2 2 2 2 2 2 2 2 2 2
left_child=1 23 5 4 -4 6 -3 -7 9 10 25 -12 14 -14 -11 16 21 -18 19 -17 -20 -10 -5 24 26 -2 -1 29 -29 -25
right_child=8 2 3 22 -6 7 -8 -9 15 12 11 -13 13 -15 -16 18 17 -19 20 -21 -22 -23 -24 27 -26 -27 -28 28 -30 -31
leaf_value=-0.1007091286716191 -0.10128809013855643 0.0023184853551029782 0.13705566980126938 -0.10127349907395829 -0.1015901738225381 0.18159850944059502 0.52954464973103466 -0.047811811249675852 0.0066676688583721666 0.0045412853793529639 0.15641486755506262 0.013812091141810654 0.19249533188846749 -0.0023881701337261766 -0.028778466272499928 0.2891656033686098 0.10947912364640061 0.031397078307652683 -0.070961821004010939 -0.024173704449897741 0.029560524330970634 -0.026598113342265934 0.076723294009296686 -0.10031561738108559 -0.1035351990409176 -0.10200223450335888 -0.10218219897899944 -0.10268326052800095 -0.10069594168460316 -0.10059941158301661
leaf_weight=0.71625840873457491 1.8197062462568272 16.213622764684263 5.3754630486946535 3.1175852240994577 1.6301214632112531 0.70293051446787913 0.47460077819414337 68.163036092068069 523.05302191246301 53.653487934265286 2.7140207351185373 158.20772855565883 4.4227662822231641 251.61710482300259 161.31340031814761 0.76481126900762619 6.6062309872359029 29.459032259881496 12.758256713859739 2.4655583743005991 5.147333910688757 16.914081243798137 0.55570496153086413 2.6471924841171122 0.24203963810577966 2.79305325075984 0.26620085583999753 0.15387400798499573 0.21687245089560747 2.315951956436038
leaf_count=146 148 1984 400 466 168 64 66 14948 18675 3651 265 9986 373 18086 14604 32 287 909 687 55 95 647 48 1053 16 156 21 18 48 434
internal_value=-0.000836906 -0.0311793 -0.0264399 0.0279093 0.0815254 -0.0332238 0.0173124 -0.0454702 0.00169119 -0.00315417 0.0129307 0.0162172 -0.00880718 0.000978197 -0.0204622 0.00685602 0.00813467 0.0456997 -0.0279919 0.0500114 -0.0420646 0.00562564 -0.0743457 -0.100722 -0.101588 -0.101721 -0.101108 -0.100523 -0.101521 -0.100448
internal_weight=1336.5 102.791 96.2331 10.6789 7.00558 85.5542 16.6882 68.866 1233.71 636.541 165.535 160.922 471.007 256.04 214.967 597.168 576.032 36.0653 21.136 3.23037 17.9056 539.967 3.67329 6.55839 1.2245 4.61276 0.982459 5.33389 0.370746 4.96314
internal_count=88536 19880 18144 1082 568 17062 2050 15012 68656 47269 10555 10251 36714 18459 18255 21387 20518 1196 869 87 782 19322 514 1736 183 304 167 1553 66 1487
is_linear=0
shrinkage=0.1


Tree=23
num_leaves=31
num_cat=0
split_feature=1 1 0 0 0 4 1 0 2 1 1 1 4 1 2 4 4 2 1 0 0 0 0 0 3 3 4 4 3 1
split_gain=9.15322 3.84536 4.89546 7.15271 7.05685 3.67586 2.85389 3.6631 2.54296 3.38497 11.7934 2.39233 8.39083 6.79226 1.62055 3.85722 33.8719 3.56974 8.13011 2.75988 1.21326 1.69602 4.3828 0.630215 0.487636 4.80689 8.22654e-05 7.18624e-05 1.16133e-05 9.38655e-06
threshold=0.00038441151144294732 0.00078431372549012687 -0.00032634730464947687 0.00013684570710659208 0.00012133259020274957 0.001879024957416098 0.00074644400399417096 -0.00038707182183805861 2.0203856562933447 0.0012988229708354832 0.0014528058880792381 0.00081708668552281068 -0.0012597805717016739 0.00083016682050165958 0.7737558673727909 0.0019570099274975887 0.0020465745527800121 0.77731387875719382 0.00028898613418494194 -0.00016107189513464568 -0.00012470927233021453 -0.00024998958420124889 -0.00024093164555605282 0.00013057276897499029 0.001014500233920024 0.0010361633553395146 0.003874289498387196 -0.0020359836445842934 -0.0012175928488984964 0.00036433507923024235
decision_type=2 2 2 2 2 2 2 2 2 2 2 2 2 2 2 2 2 2 2 2 2 2 2 2 2 2 2 2 2 2
left_child=14 2 6 4 -4 -5 7 -2 11 23 -11 12 -3 -13 20 17 -17 18 -16 -19 21 27 -23 -10 28 -26 -8 -1 -22 -18
right_child=1 8 3 5 -6 -7 26 -9 9 10 -12 13 -14 -15 15 16 29 19 -20 -21 24 22 -24 -25 25 -27 -28 -29 -30 -31
leaf_value=-0.10168067391497702 -0.01250100427699378 0.13388194898936842 0.0072585498506211642 -0.035490529317479154 0.14982538333866696 0.02066574966447508 -0.10111683599774042 -0.088698897691569301 -0.10145806185267825 0.21649654375701954 -0.024456043530623431 -0.080658399741729836 -1.6934734242503367e-06 0.0042980700984702616 1.1836973293869908 1.9043194812566657 -0.10041955692724275 0.026661181735558665 -0.10045193919333043 -0.06020572197716513 -0.10069188071294 0.52044853362549959 -0.015238695867707092 -0.046377444101876185 0.43854876353621108 -0.1006388180899805 -0.10302265822075651 -0.10038947838764144 -0.10032138283293063 -0.10131607747360619
leaf_weight=0.56982695497572455 27.094258277444169 6.3629912864416864 116.90550066181459 71.499099157983437 3.5782240661792448 13.926790487021206 6.5212625493295482 8.224029718898235 4.8525342224165779 2.1999916974455145 26.493998810648918 9.5021910471841675 17.709980234038085 977.33371374476701 0.077829251764348295 0.099756189854814603 0.37204479472711682 4.6427839815151044 0.13450838951393962 17.233949169516556 0.94167260359972615 0.16008503758348558 3.3250783963594612 3.6320702312514186 0.18540732259862025 1.5278450322803108 0.23464110307395447 1.7697548541473223 8.3296748272841779 0.17021490447223186
leaf_count=91 3341 386 11462 9042 272 1367 643 1146 357 138 1102 671 1299 45456 20 24 110 1047 37 4818 215 22 739 269 25 471 10 634 3305 17
internal_value=-0.000800272 0.000645677 -0.0105523 -0.00420116 0.0114926 -0.0263355 -0.0416348 -0.030244 0.0032952 -0.0223898 -0.00598201 0.00423983 0.0353866 0.00348003 -0.0481962 -0.0307871 0.210838 -0.0378099 0.370234 -0.0417704 -0.0717382 -0.0348443 0.00936718 -0.0778793 -0.0913018 -0.0422882 -0.101183 -0.100704 -0.100359 -0.100701
internal_weight=1335.61 1296.07 247.984 205.91 120.484 85.4259 42.0742 35.3183 1048.09 37.1786 28.694 1010.91 24.073 986.836 39.5404 22.7311 0.642016 22.0891 0.212338 21.8767 16.8093 5.82475 3.48516 8.4846 10.9846 1.71325 6.7559 2.33958 9.27135 0.54226
internal_count=88536 76961 27283 22143 11734 10409 5140 4487 49678 1866 1240 47812 1685 46127 11575 6073 151 5922 57 5865 5502 1486 761 626 4016 496 653 725 3520 127
is_linear=0
shrinkage=0.1


Tree=24
num_leaves=27
num_cat=0
split_feature=1 1 3 3 2 4 4 0 3 1 2 1 0 2 4 1 2 3 3 1 1 0 0 1 4 2
split_gain=8.19306 3.24351 3.04028 7.83267 6.72993 5.48316 4.73782 3.19567 2.9294 3.60274 2.45943 4.07139 3.67884 3.64451 15.4832 3.44221 2.44871 1.54408 2.62933 6.80299 1.8155 0.933348 8.40416 1.03186 2.53311e-05 9.08503e-07
threshold=0.00038977948329209502 0.00071243987199802092 0.0012547915328845474 0.001491182301668226 1.1257350282678817 -0.00038339361259598354 9.6601295944576129e-05 -0.00062406032088541108 0.0023668788621210583 0.0003688666032741769 0.5718917354285924 0.0081545892109362358 -0.00099869852765543921 0.59474414457354641 0.0015008620250258622 0.00074644400399417096 1.2884372380247113 -0.00089784156068045673 -0.00091556879712817441 0.00022820846944693912 0.0002664715382670304 0.00064548713536438662 0.00066072359927205071 0.00019629593660074881 0.0020976962407652793 0.73894438164811194
decision_type=2 2 2 2 2 2 2 2 2 2 2 2 2 2 2 2 2 2 2 2 2 2 2 2 2 2
left_child=8 2 5 4 -4 7 -7 -2 17 24 11 12 -3 14 -12 -15 -5 18 20 -20 -1 23 -23 -19 -10 -26
right_child=1 10 3 16 -6 6 -8 -9 9 -11 13 -13 -14 15 -16 -17 -18 21 19 -21 -22 22 -24 -25 25 -27
leaf_value=-0.10057335674732973 -0.10093212818591653 -0.060658487591379852 0.13835850098721655 -0.0043789575497520036 -0.037190791626784681 -0.073915997746217196 -0.020317267439603909 0.0070707694095602323 -0.10229033923166478 0.33915300251740188 -0.041473436295414751 0.14786259836639745 -0.0063780844869038679 0.042200332909451778 0.19026851740387668 0.0024529588106401677 -0.10169330048662864 -0.10041884645649418 1.008119355104192 -0.10051868884729949 0.021797698246273384 0.91079149063580678 -0.10088089690092145 -0.051616977977807892 -0.10027633777173775 -0.10075417553048033
leaf_weight=1.7370084840804336 2.8494779986795029 15.912880013231186 7.4874039776623267 18.314319822005931 3.0829909946769476 22.294621021486819 63.362875300459564 71.063433058792725 0.16595615725964208 0.43202608078718185 6.624132570344953 1.5089431591331948 57.980521788820624 22.276625043246895 5.1048344066366553 993.64749487303197 3.0108228973112992 5.1163527893368146 0.090101437992415323 0.14351058925967664 4.0140938892727718 0.09852440853137423 0.49297576886601746 28.282136810477823 0.076344910776242614 0.083097921451553702
leaf_count=508 333 680 499 1332 189 3221 9071 7596 26 15 474 16 3704 1821 236 47232 211 2125 19 35 606 10 122 8405 34 16
internal_value=-0.000789599 0.00059989 -0.0114146 0.0167707 0.0871573 -0.0170484 -0.0342677 0.00290706 -0.0449494 0.149875 0.00268534 -0.0147468 -0.0180673 0.00396439 0.0593883 0.00332452 -0.0181184 -0.0486409 -0.00180314 0.32707 -0.0151621 -0.0568877 0.0676303 -0.059093 -0.101426 -0.100525
internal_weight=1335.25 1294.52 191.466 31.8955 10.5704 159.57 85.6575 73.9129 40.7321 0.757425 1103.06 75.4023 73.8934 1027.65 11.729 1015.92 21.3251 39.9747 5.98471 0.233612 5.7511 33.99 0.5915 33.3985 0.325399 0.159443
internal_count=88536 76615 22452 2231 688 20221 12292 7929 11921 91 54163 4400 4384 49763 710 49053 1543 11830 1168 54 1114 10662 132 10530 76 50
is_linear=0
shrinkage=0.1


Tree=25
num_leaves=27
num_cat=0
split_feature=1 1 2 2 2 0 1 3 3 3 3 4 3 0 2 1 2 2 3 2 4 0 1 3 2 1
split_gain=7.08509 2.92298 4.88216 10.8975 8.26011 7.44299 3.49116 4.65458 7.31962 2.95918 4.29843 2.69835 2.276 2.55562 2.04622 2.75004 2.09877 1.37213 2.70526 6.60519 2.36432 1.23054 1.6756 0.54559 2.47947e-05 2.23997e-06
threshold=0.00038977948329209502 0.0012633636599241173 1.3599278674854158 1.1257350282678817 1.1531412503337621 0.00045525535133483791 0.0012749939977685664 0.002307122479774049 -0.001189886024503428 0.001745329833825249 0.0013407288929513375 0.005611062988251537 0.0023668788621210583 -9.5706049261123902e-05 0.30002186473863562 0.0053443694463241841 0.46515389144465508 0.7737558673727909 -0.0007274643185949391 0.77731387875719382 0.0019570099274975887 -0.00012470927233021453 0.00032070120025893672 0.001014500233920024 0.91529180799942722 0.0003566480570210496
decision_type=2 2 2 2 2 2 2 2 2 2 2 2 2 2 2 2 2 2 2 2 2 2 2 2 2 2
left_child=12 2 3 5 -5 -2 7 8 -3 10 -4 -11 17 -14 15 -8 -16 21 19 -19 -20 22 -1 -23 25 -15
right_child=1 6 9 4 -6 -7 14 -9 -10 11 -12 -13 13 24 16 -17 -18 18 20 -21 -22 23 -24 -25 -26 -27
leaf_value=0.011890008552918271 -0.0026315768080795842 0.19874598607278604 -0.026927704355053851 0.091177075282511164 0.015187422209508517 -0.04084259601226136 -0.085284461265695596 0.26403875907379359 -0.032967383868842452 -0.090543564826428058 0.059825162741617588 0.20089736244222803 0.26038846161491563 -0.10021857795184591 0.040543319472252475 0.06313878607075829 0.0036896443136488115 0.81091352949358386 -0.055222505429795787 0.021745610831773669 0.10582710909256293 -0.10033412395071971 -0.100918010145885 -0.035441224755944842 -0.10228604348361631 -0.10096742393749834
leaf_weight=3.4184554152889168 307.4655398814939 1.991031030192971 73.668393962085247 17.081153044477105 88.0023303613998 61.10801487439312 5.2766811517067245 1.0879565663635729 4.3239316218532613 8.8675370505079592 6.1914012944325796 0.32948985463008362 0.50878365570679307 0.10106982360593875 15.800177052617071 1.6351973935961721 702.59287114813924 0.10892910463735361 17.633408995927319 4.0248249697033316 0.96125441649928589 8.3959335912950319 2.1416027079103515 1.5320135832298536 0.14985481463372707 0.066047514323145151
leaf_count=1032 28120 87 5726 1143 6063 5614 265 39 219 546 410 15 20 49 700 12 27656 5 5438 675 140 3601 483 456 14 8
internal_value=-0.000751206 0.000513766 -0.00490661 -0.000867697 0.0275394 -0.00896681 0.00467657 0.0730014 0.040089 -0.0263879 -0.0202019 -0.0801025 -0.042723 0.121532 0.0039792 -0.0501708 0.0045002 -0.0462721 -0.0306304 0.0425411 -0.046897 -0.0692262 -0.031561 -0.0903203 -0.101352 -0.100515
internal_weight=1334.46 1295.42 562.714 473.657 105.083 368.574 732.708 7.40292 6.31496 89.0568 79.8598 9.19703 39.0422 0.825756 725.305 6.91188 718.393 38.2164 22.7284 4.13375 18.5947 15.488 5.56006 9.92795 0.316972 0.167117
internal_count=88536 76615 47637 40940 7206 33734 28978 345 306 6697 6136 561 11921 91 28633 277 28356 11830 6258 680 5578 5572 1515 4057 71 57
is_linear=0
shrinkage=0.1


Tree=26
num_leaves=30
num_cat=0
split_feature=1 4 3 3 0 4 2 1 4 4 1 1 1 3 3 2 3 2 2 1 2 1 2 0 0 3 3 2 0
split_gain=6.24087 2.89541 4.54987 7.43961 33.4739 4.43073 5.61088 4.37691 2.25594 11.3997 10.5634 14.5889 7.24173 4.671 5.46931 6.11689 4.65989 9.94041 3.73918 3.30656 3.84637 2.14599 1.74275 1.25333 5.89275 4.12211e-05 3.2029e-05 3.40968e-05 3.55929e-06
threshold=0.00056598043158488469 0.0021465422415475337 0.00083877252460640161 0.00087513992618482039 -0.00017064396306371019 -0.00045811223069336377 2.9146519151751327 0.00054045557007821317 -0.0022924391454894884 -0.0021898433293734971 0.0023524458729084741 0.0029071704173617907 0.0013452284436664521 0.0019750095462217625 0.0021275615038592881 0.9252537870582882 -0.0050999024153587915 0.96246828155923658 0.92871899959430182 0.0066366885827516568 1.4279531138913031 0.00028264052349820471 1.4747234982470288 -0.00024998958420124889 -0.00028912276883857885 0.0019750095462217625 0.0012547915328845474 0.84489671621191909 0.00017293127028006341
decision_type=2 2 2 2 2 2 2 2 2 2 2 2 2 2 2 2 2 2 2 2 2 2 2 2 2 2 2 2 2
left_child=1 2 5 4 -4 6 -1 -5 13 10 12 -12 -10 19 -15 -16 17 -11 -18 20 -2 -7 -21 24 25 -3 28 -28 -25
right_child=8 23 3 7 -6 21 -8 -9 9 16 11 -13 -14 14 15 -17 18 -19 -20 22 -22 -23 -24 26 -26 -27 27 -29 -30
leaf_value=-0.0064068601967975092 -0.0071675427113399269 -0.10068320744871591 1.4887642207701328 -0.0068477032024196654 0.016835649390591598 -0.10024112180926029 0.63906111492064921 0.13279495892921797 0.12619585427338592 0.13254503564776243 0.6449587346801825 0.081294998165244436 -0.06770463977202458 0.31639756676067132 -0.027937934896155439 0.099338395133684865 -0.0064341113907130437 -0.029023435165266228 0.0067666433520861312 0.012637635124977604 -0.041928352213936676 -0.039271104208359948 0.086704173784174998 -0.10074846707610963 0.62843016404938379 -0.10242040641973649 -0.10081748643241749 -0.10144678709368871 -0.10048695189944734
leaf_weight=46.140782904927619 199.83735855715349 0.34738500264938921 0.18874875886831433 18.615827906178314 0.85151129390578961 6.5764794419519594 0.1350676566362371 2.5522982582915565 5.7005693614482862 8.1861047511920315 0.80285240430384774 1.0726864915341137 2.9090427430346608 0.71489403676241536 7.8428618209436518 7.2820408428087831 346.12991292309016 7.1199545869603744 564.56017214013264 9.9389658868312818 37.863983307033777 47.245702200918458 4.6692453138530245 1.7437985701253631 0.13714604941196729 0.22509843681473285 1.6729916993062945 1.7739126847591249 0.74184335104655463
leaf_count=7223 9562 78 36 2426 198 3367 16 237 359 161 37 28 152 31 249 168 22738 127 28562 165 1740 9808 90 297 22 22 290 162 185
internal_value=-0.000710772 -0.0216197 -0.0181277 0.02282 0.283908 -0.0272126 -0.0045229 0.00998939 0.0015274 0.00384307 0.107528 0.32258 0.0606801 -0.0065598 0.0461157 0.0333406 0.00266904 0.0573879 0.00174938 -0.00986673 -0.0127047 -0.046721 0.0363116 -0.0859205 0.0396773 -0.101366 -0.100944 -0.101141 -0.10067
internal_weight=1333.58 128.949 122.306 22.2084 1.04026 100.098 46.2759 21.1681 1204.63 936.481 10.4852 1.87554 8.60961 268.149 15.8398 15.1249 925.996 15.3061 910.69 252.31 237.701 53.8222 14.6082 6.64218 0.709629 0.572483 5.93255 3.4469 2.48564
internal_count=88536 24367 23311 2897 234 20414 7239 2663 64169 52164 576 65 511 12005 448 417 51588 288 51300 11557 11302 13175 255 1056 122 100 934 452 482
is_linear=0
shrinkage=0.1


Tree=27
num_leaves=30
num_cat=0
split_feature=1 2 1 1 2 2 2 0 1 2 3 2 1 4 4 0 1 1 0 3 3 3 0 0 3 0 4 3 3
split_gain=5.51563 2.79051 4.21702 4.16105 8.73532 2.94188 9.15318 9.04711 5.64291 4.50902 6.91633 5.26271 2.87862 1.53546 5.00248 20.7929 1.37145 4.06043 3.77585 1.14531 2.15294 9.44094 0.436607 15.0964 6.82674e-05 2.07981e-05 1.07246e-05 7.88785e-06 2.94409e-07
threshold=0.0003566480570210496 0.5718917354285924 0.00047133374364899606 0.00047988249287966015 0.51154251386867089 0.706971637566019 0.67591509260258797 0.00075698781409494497 0.0013452284436664521 0.80023435475267946 -0.0050999024153587915 0.813103847415931 0.0081545892109362358 -9.3815382480433293e-05 -0.00011355711213401064 8.2179465205278759e-05 0.00030178223011531543 0.0002664715382670304 -0.00043195907874654654 0.001014500233920024 0.0012822732995008137 0.0012547915328845474 -0.00014595263679595402 -0.00015188555048900596 0.0021830067857768758 0.0010552177957693367 0.0019570099274975887 0.0012547915328845474 0.00030976514173053365
decision_type=2 2 2 2 2 2 2 2 2 2 2 2 2 2 2 2 2 2 2 2 2 2 2 2 2 2 2 2 2
left_child=13 2 24 4 -4 6 8 -8 -3 10 -7 -11 -5 14 16 28 17 -1 -18 22 21 -21 23 -15 27 -22 -24 -2 -16
right_child=1 5 3 12 -6 9 7 -9 -10 11 -12 -13 -14 19 15 -17 18 -19 -20 20 25 -23 26 -25 -26 -27 -28 -29 -30
leaf_value=-0.05222399610009261 -0.10054454451194715 -0.026544988198835134 -0.10065777905506651 -0.01540833478034088 0.70016544869181629 0.071855215308307185 0.085403947389133386 -0.052337956230827577 0.024322762220066935 0.057347693921636411 -0.025799434148601655 0.0010227760159745368 0.11635541573063733 -0.10027229607452462 -0.10021185229397023 2.616458149173893 0.30302491344080112 0.10103970676528791 -0.1011262485863612 0.0077806824755752837 -0.10046343874532478 1.1349715003945682 -0.10020740184308381 1.4637036159304664 -0.10194454460280955 -0.10256343850694803 -0.10077081603811321 -0.10093445898014951 -0.10054676704139563
leaf_weight=5.9350756973726657 4.608336236793547 42.857008194085211 0.29977708752266963 85.623721238458529 0.2496348419226706 7.7881872411817303 27.149899753974751 5.7843924667686215 44.402757380157709 16.878628105390817 105.44912560936064 965.20615020114928 1.6907684355974186 1.7742891384987158 0.081273445161062052 0.036809902521781623 0.24548393953591574 2.4389405585825443 3.963821538956835 0.92175850772764467 1.133368724491447 0.080820556730031967 7.1691711405292144 0.063942335429600372 0.39979676250368346 0.049208840238861629 0.35456075286492694 0.58464514650404442 0.038766829180531204
leaf_count=2084 987 4688 54 6164 37 195 2173 258 1810 1219 7966 53009 16 844 43 20 48 698 1280 261 442 19 3914 32 35 10 136 80 14
internal_value=-0.000714568 0.000161554 -0.0164899 -0.0111306 0.26321 0.00144182 0.016293 0.0612117 -0.000660569 -0.000187859 -0.019083 0.00199081 -0.0128568 -0.0479335 -0.023996 0.537259 -0.030992 -0.00758579 -0.0775564 -0.0743442 -0.00915642 0.0986465 -0.0895595 -0.0458699 -0.100685 -0.100551 -0.100234 -0.100588 -0.10032
internal_weight=1333.26 1308.97 93.4567 87.8639 0.549412 1215.52 120.194 32.9343 87.2598 1095.32 113.237 982.085 87.3145 24.2873 12.7402 0.15685 12.5833 8.37402 4.20931 11.5471 2.18516 1.00258 9.36196 1.83823 5.59278 1.18258 7.52373 5.19298 0.12004
internal_count=88536 78691 7373 6271 91 71318 8929 2431 6498 62389 8161 54228 6180 9845 4187 77 4110 2782 1328 5658 732 280 4926 876 1102 452 4050 1067 57
is_linear=0
shrinkage=0.1


Tree=28
num_leaves=31
num_cat=0
split_feature=1 1 0 0 2 1 4 4 2 2 4 1 1 4 4 4 2 1 1 0 3 3 0 2 2 0 1 4 2 3
split_gain=5.14785 2.54261 4.73959 6.82898 5.62479 3.19962 3.09892 3.09142 2.08878 3.24503 3.26189 1.87595 5.88351 5.66415 1.58226 2.27546 9.71793 1.79869 4.69866 2.82431 0.834295 1.60548 2.17313 0.839812 12.0812 0.36446 0.00139274 6.11115e-05 1.90533e-05 6.25187e-07
threshold=0.0003566480570210496 0.00078431372549012687 -0.00028912276883857885 0.00013684570710659208 0.59965041375762185 0.00074644400399417096 0.001879024957416098 -0.0030370146227592372 2.0890667281893225 2.1651388065184469 -0.016345454625417862 0.00081708668552281068 0.00083016682050165958 -0.0012597805717016739 -0.00034456405514332594 -0.00036357214864896065 1.0014073403705717 0.00028898613418494194 0.0002664715382670304 -0.00043195907874654654 0.001014500233920024 0.0012822732995008137 3.7969227059009299e-05 1.3599278674854158 1.3781350875504272 -0.00014595263679595402 0.0049636373268024461 0.003874289498387196 1.1396114697869035 0.00027262280306028513
decision_type=2 2 2 2 2 2 2 2 2 2 2 2 2 2 2 2 2 2 2 2 2 2 2 2 2 2 2 2 2 2
left_child=14 2 5 4 -4 7 -5 -2 11 26 -11 13 -13 -3 15 17 29 18 -1 -19 23 22 -22 25 -25 -16 -10 -7 -23 -17
right_child=1 8 3 6 -6 27 -8 -9 9 10 -12 12 -14 -15 20 16 -18 19 -20 -21 21 28 -24 24 -26 -27 -28 -29 -30 -31
leaf_value=-0.040147829694368468 0.092271600318738073 0.10450593693531039 -0.05157355679472974 -0.032769465726433418 0.020193332072251328 -0.10102915703268972 0.018509888455603703 -0.033236356512147021 -0.10172048282286546 0.21723078029278062 -0.015602242684801893 -0.078934500960439927 0.0030806847928552036 -0.00033398937539957647 -0.053767580826701106 -0.10039097622377963 1.2393624662128835 0.20938473195630036 0.16407346819199747 -0.1012175154217321 -0.10074657461976358 -0.10042206208533987 0.17428430007687018 1.2198374692622931 -0.10035590180266368 -0.10032276158511746 -0.10626014552242631 -0.10274608622799349 -0.10156618448845765 -0.1007510997178731
leaf_weight=4.762535226182079 2.0683287964202455 7.2589495973661569 12.145620129536836 70.1309599383967 108.30296073667705 6.5586042623035601 14.165245843585579 38.366000575013459 3.6113502252846983 0.61643392220140114 25.175502217374738 8.8244876842945796 993.27466196613386 17.76477333670482 2.1478839756455255 0.11290436051786201 0.074630986666306853 0.31735328410286445 1.4756891416618598 3.7767884383210912 0.4770430137868964 0.97598321607802041 0.72226392128504813 0.075682207709179106 0.82403541775420308 7.7453497531823796 0.83138635009527195 0.21407567895948876 0.17106640571728349 0.084125825669616461
leaf_count=1580 207 388 1661 9559 10207 704 1397 5268 244 10 1324 676 45717 1303 1027 39 18 47 316 1192 125 431 163 21 340 4494 16 10 40 12
internal_value=-0.000716735 0.000120099 -0.00890748 -0.00232168 0.0129566 -0.0374712 -0.0241524 -0.0268163 0.00227123 -0.0236344 -0.0100375 0.00303379 0.00235846 0.0300783 -0.0468633 -0.0181278 0.267556 -0.0256391 0.00816194 -0.0771415 -0.0700542 -0.0160104 0.0648865 -0.0818032 0.0106958 -0.0902153 -0.10257 -0.101083 -0.100593 -0.100545
internal_weight=1333.05 1309.31 251.952 204.745 120.449 47.207 84.2962 40.4343 1057.36 30.2347 25.7919 1027.12 1002.1 25.0237 23.7433 10.604 0.271661 10.3324 6.23822 4.09414 13.1393 2.34636 1.19931 10.793 0.899718 9.89323 4.44274 6.77268 1.14705 0.19703
internal_count=88536 78691 29013 22824 11868 6189 10956 5475 49678 1594 1334 48084 46393 1691 9845 3204 69 3135 1896 1239 6641 759 288 5882 361 5521 260 714 471 51
is_linear=0
shrinkage=0.1


Tree=29
num_leaves=31
num_cat=0
split_feature=1 1 0 3 0 2 2 3 4 4 3 1 1 4 0 4 4 3 2 4 3 0 3 3 3 0 0 0 0 2
split_gain=4.57261 2.23205 3.06711 3.39159 3.33347 3.20146 3.18291 3.1556 2.01334 9.15574 5.46207 4.19065 4.15985 3.82316 1.83348 1.50222 1.4488 1.67875 6.83578 12.9937 2.67521 2.61771 2.62094 0.799231 1.36233 2.19207 0.733246 6.4567 0.348449 1.41841e-05
threshold=0.0003566480570210496 0.00071243987199802092 0.00022039601395018596 0.00093175169916881473 -0.00025907311931128158 0.79671714279810868 2.3864127297570206 -0.00089784156068045673 -0.0022924391454894884 -0.0021898433293734971 -0.001465129338868387 0.00081073283378251817 0.0010436198779002468 -0.0014464890617279511 -0.00051223597181343495 0.0020465745527800121 -0.00034456405514332594 9.1665694626819074e-05 1.0979609921024396 -0.00055133842650828535 0.00010772858110963403 0.00064548713536438662 -0.00089784156068045673 0.001014500233920024 0.0012822732995008137 9.3842376111985551e-05 0.00024784000551936197 0.0002569877148724809 -0.00014595263679595402 1.1396114697869035
decision_type=2 2 2 2 2 2 2 2 2 2 2 2 2 2 2 2 2 2 2 2 2 2 2 2 2 2 2 2 2 2
left_child=16 2 4 15 5 -2 -5 -6 11 10 -10 14 -13 -11 -3 -4 17 21 20 -20 -19 22 -1 26 25 -25 28 -28 -18 -26
right_child=1 8 3 6 7 -7 -8 -9 9 13 -12 12 -14 -15 -16 -17 23 18 19 -21 -22 -23 -24 24 29 -27 27 -29 -30 -31
leaf_value=0.017005658486045849 0.010059244517492669 0.014507756666291022 -0.057848340038245294 -0.00065819342532355638 0.038842618350517277 -0.050820480400687845 0.40244406555736945 -0.0027034917629818814 0.0016323788964505625 0.024334724547563004 0.15146400978320571 0.036110211400065977 -0.007763026896596548 0.00089226188906225967 -0.10190038615391786 0.051669271232428184 -0.054435397167541366 0.30609106874404574 -0.10119337911663329 1.1092348037262294 -0.0529782283896158 0.26771024970840518 -0.10052181517116748 0.16417841480721151 -0.10038213552747351 -0.10073303369512235 0.65449664694648346 -0.10027773190768166 -0.10030793269835248 -0.10141927345134567
leaf_weight=3.3002503274474284 13.51156908390112 1.7220194060355423 27.816554298857231 15.862855197861791 22.751083098584786 23.946484574349597 0.19833087315782982 93.066331047099084 3.8249860713258386 76.53612707555294 6.6858854144811612 23.875384812243283 227.88025661185384 764.23511544754729 6.3145282529294473 1.3115192436380301 2.179880303796379 0.23293491383083154 0.19155708700418472 0.16514340508729208 1.8996249029878525 0.2673070894088595 4.4641787769505781 0.74764504097402029 0.88343952782452084 0.53650422173086554 0.13119540479965586 0.83268378186039627 6.8889394355937821 0.15500010270625353
leaf_count=747 2090 127 4977 1759 1731 3426 14 10321 175 3975 308 1323 9492 38356 407 210 1082 11 48 28 511 27 1832 159 431 129 26 534 4240 40
internal_value=-0.000684943 8.93327e-05 -0.00967904 -0.0325741 -0.00292903 -0.0288604 0.0043195 0.00545779 0.0018342 0.0041858 0.0969391 -0.00587148 -0.00360228 0.00302625 -0.0769572 -0.0529172 -0.0450079 -0.0177364 0.0540157 0.459205 -0.0137579 -0.0399744 -0.0505671 -0.0682306 -0.0153699 0.0535012 -0.0804679 0.00245603 -0.0892815 -0.100537
internal_weight=1332.42 1309.54 198.465 45.1893 153.275 37.4581 16.0612 115.817 1111.07 851.282 10.5109 259.792 251.756 840.771 8.03655 29.1281 22.8763 10.521 2.48926 0.3567 2.13256 8.03174 7.76443 12.3553 2.32259 1.28415 10.0327 0.963879 9.06882 1.03844
internal_count=88536 78691 24528 6960 17568 5516 1773 12052 54163 42814 483 11349 10815 42331 534 5187 9845 3204 598 76 522 2606 2579 6641 759 288 5882 560 5322 471
is_linear=0
shrinkage=0.1


Tree=30
num_leaves=30
num_cat=0
split_feature=1 1 4 2 2 2 2 0 2 2 2 0 2 1 1 1 4 4 3 1 1 0 3 3 4 0 0 4 0
split_gain=4.06891 2.21534 6.4825 5.13464 7.57443 4.72954 6.6168 5.42791 3.78215 3.44718 14.0015 3.62375 2.65793 4.64532 2.4966 1.63409 1.4408 5.69526 15.3901 1.16458 2.81532 2.35941 0.966703 13.1562 18.9553 1.58473 7.85897e-06 4.17556e-06 2.03368e-08
threshold=0.0003566480570210496 0.0024762549000852279 -0.0068262865674329478 0.41558708203896527 0.3677433169686774 1.102586376973731 1.1071131530696554 0.00044677599020093167 1.1578585320855985 1.3034871834196904 1.3106085317791092 -0.0024803243214519539 1.134926944573639 0.0049636373268024461 0.0027224839620995692 0.0023902592727851036 -0.00053283860877101341 -0.00055133842650828535 0.00026109890583070344 0.00028898613418494194 0.00028264052349820471 -0.00043195907874654654 3.2716750571815119e-05 5.227254910644686e-05 0.00042080044556980228 3.7969227059009299e-05 0.00077427868910062714 -9.3815382480433293e-05 -2.0066045530675588e-05
decision_type=2 2 2 2 2 2 2 2 2 2 2 2 2 2 2 2 2 2 2 2 2 2 2 2 2 2 2 2 2
left_child=16 2 3 4 -2 7 -7 -4 12 11 -11 -10 14 -14 -3 -5 17 19 28 20 -1 -21 26 24 -24 -25 27 -18 -19
right_child=1 8 5 15 -6 6 -8 -9 9 10 -12 -13 13 -15 -16 -17 22 18 -20 21 -22 -23 23 25 -26 -27 -28 -29 -30
leaf_value=-0.019418113147447024 -0.10122041366763124 0.039925536199946751 -0.0016511623252419751 -0.08777178851836126 0.59412873515068254 0.12307538971331118 0.0058347550705882181 -0.024644161436624623 0.017573817928846245 0.36301951522962167 -0.0009897231215346984 -0.053384772554315632 0.02419016457884831 0.18993658656094115 0.0082532601071841037 0.017536599900041271 -0.10039571439151529 -0.10030182130051464 2.1667335813815178 0.17120933662626933 0.20851395673660736 -0.10126291327174308 -0.10016618807628314 -0.1005142181837418 3.2104709195560446 -0.014821824130727438 -0.10128504415218215 -0.10020407807576313 -0.10020836736330113
leaf_weight=4.7212200865615142 0.34539157757535832 28.631595567800105 430.54034964018501 13.886466627474872 0.28668159525841475 4.8775090477429321 368.7707657488063 134.81943265523296 10.015633642673491 1.0691835321485985 90.484446387737989 25.572790753096342 6.2191615942865592 2.3223672434687614 190.34800723008811 1.6484097074717272 2.0233137752511539 0.044687523157335818 0.044099874095991254 0.35890086134895716 0.61216021107975382 2.7753764576045796 0.040462515666148557 4.0758019288186897 0.030204402981325984 4.5866990797803737 0.08043717051623378 2.5955716419266528 0.048620451707395484
leaf_count=1441 31 1043 35713 734 16 277 22661 9884 212 35 2627 791 178 30 4396 63 1074 20 13 43 72 940 27 2120 19 2259 20 1771 26
internal_value=-0.000656561 6.03745e-05 -0.00244561 -0.0652298 0.21416 -0.00136465 0.00736518 -0.00713422 0.00680946 -0.0070048 0.00326126 -0.0334149 0.0145291 0.0692552 0.0123944 -0.0765975 -0.0432688 -0.0113225 0.627317 -0.0216859 0.00674371 -0.0700626 -0.0637341 -0.0440553 1.31486 -0.055141 -0.100305 -0.100288 -0.100253
internal_weight=1331.88 1309.84 955.175 16.1669 0.632073 939.008 373.648 565.36 354.663 127.142 91.5536 35.5884 227.521 8.54153 218.98 15.5349 22.0376 8.60507 0.137408 8.46766 5.33338 3.13428 13.4325 8.73317 0.0706669 8.6625 4.69932 4.61889 0.093308
internal_count=88536 78691 69379 844 47 68535 22938 45597 9312 3665 2662 1003 5647 208 5439 797 9845 2555 59 2496 1513 983 7290 4425 46 4379 2865 2845 46
is_linear=0
shrinkage=0.1


Tree=31
num_leaves=27
num_cat=0
split_feature=1 2 1 1 2 3 3 0 2 2 1 2 1 1 4 4 2 4 0 2 4 3 3 0 3 0
split_gain=4.05223 2.17683 3.8773 2.66043 7.98763 2.5268 6.91653 6.48044 11.6011 5.00682 4.452 4.19254 2.16406 1.13212 1.60271 5.45904 1.29872 3.7995 2.71994 0.000282285 6.39681e-05 8.54794e-05 4.90922e-05 9.15835e-06 4.68594e-06 8.219e-07
threshold=0.00035070508710457083 0.5718917354285924 0.00047133374364899606 0.0005081683466529155 0.49427472379623949 -0.00087556697975993403 5.8063582017653388e-05 -3.6739763531468121e-05 2.5689039239184415 0.71753814717337472 0.00036433507923024235 0.59474414457354641 0.0081545892109362358 0.00012195828543332384 -0.0027965977707712915 -0.0028745934265269053 0.49427472379623949 -0.0011027095216489811 2.7355495064718131e-05 1.6934012392583606 -0.0020359836445842934 9.1665694626819074e-05 0.0021830067857768758 0.00064548713536438662 0.0012547915328845474 -0.00012470927233021453
decision_type=2 2 2 2 2 2 2 2 2 2 2 2 2 2 2 2 2 2 2 2 2 2 2 2 2 2
left_child=13 2 22 4 -4 7 9 10 -9 -7 -3 -8 -5 19 15 25 17 -16 -18 20 21 -1 24 -22 -2 -15
right_child=1 5 3 12 -6 6 11 8 -10 -11 -12 -13 -14 14 16 -17 18 -19 -20 -21 23 -23 -24 -25 -26 -27
leaf_value=-0.1005448954439192 -0.10047816310945284 0.30105366737351297 -0.10080057823910733 -0.014948518866441621 0.30607994987595744 0.026527617339146915 0.072984097201759093 0.02517068535805287 0.51582793284519657 -0.023278267974984654 -0.0013117463345076021 0.0023064196016109283 0.094706255407939144 -0.10068316497388362 0.17297374462021578 0.72297726304482801 -0.088678902315920419 -0.10038264455848483 -0.0039677423806985836 -0.10612310476003627 -0.10037922865531333 -0.10317577560767842 -0.10172969331698767 -0.10106334625253646 -0.10079725912991377 -0.10031397075291029
leaf_weight=0.28719996172003526 4.110676215379498 0.48782961932010849 0.94857631297781952 82.859991747885942 0.98194136936217546 22.663296855869703 8.5096825050422904 118.9961201850092 0.4838421531021585 184.47729270986747 272.23977750306949 611.66884703678079 1.8397142998874176 0.12912245793268085 1.0134149390505629 0.12056539696641522 8.1446202490478736 1.0205010770587275 7.0897575782728373 0.097339909989386686 2.237147078732963 0.21666535083204508 0.35778151231352229 0.21444133663317178 0.51822569384239603 0.11312900681514293
leaf_count=94 1028 39 178 5943 134 2505 567 5729 22 14763 13451 34542 16 28 138 11 3894 671 3176 12 1352 16 36 65 84 42
internal_value=-0.000683549 9.26091e-06 -0.0148568 -0.00992109 0.106156 0.00112607 -0.00200802 0.00773709 0.0271576 -0.017829 -0.000770903 0.00327621 -0.0125668 -0.0446005 -0.0348654 0.173137 -0.0392357 0.0358194 -0.0492561 -0.100824 -0.10065 -0.101676 -0.100601 -0.100439 -0.100514 -0.100511
internal_weight=1331.83 1311.14 91.6169 86.6302 1.93052 1219.53 827.319 392.208 119.48 207.141 272.728 620.179 84.6997 20.6839 17.6311 0.362817 17.2683 2.03392 15.2344 3.05279 2.95545 0.503865 4.98668 2.45159 4.6289 0.242251
internal_count=88536 79037 7419 6271 312 71618 52377 19241 5751 17268 13490 35109 5959 9499 7960 81 7879 809 7070 1539 1527 110 1148 1417 1112 70
is_linear=0
shrinkage=0.1


Tree=32
num_leaves=30
num_cat=0
split_feature=1 4 3 1 0 0 3 1 4 4 3 1 3 2 2 0 3 4 3 1 1 0 0 0 1 2 3 3 1
split_gain=3.6937 2.80308 3.94931 3.20795 2.50863 5.62361 4.36222 2.31305 1.7668 5.86046 4.95784 6.40731 3.75529 3.77637 10.3685 6.72706 3.15694 6.16896 3.92253 2.80062 3.94513 2.70845 1.25653 5.54476 0.000533956 2.37333e-05 2.70357e-05 2.2794e-05 4.54686e-06
threshold=0.00056598043158488469 0.0021465422415475337 0.0020747971162518035 0.00053644611852534296 0.00010350194410513326 7.597918269108829e-05 -0.00091556879712817441 0.00048497687191122494 -0.0022924391454894884 -0.0021377867060201057 0.00091334394906728022 0.002615892541046366 0.0027600903962071714 0.9252537870582882 1.01642979234616 6.8453658964129374e-05 -0.0044099180830167719 -0.0019910429097096389 -0.0037143499144114407 0.00081073283378251817 0.0010436198779002468 -0.0003943217682645383 -0.00024998958420124889 -0.00027379062026827711 0.0023524458729084741 0.84489671621191909 0.0012547915328845474 0.0019750095462217625 0.00042773446742329596
decision_type=2 2 2 2 2 2 2 2 2 2 2 2 2 2 2 2 2 2 2 2 2 2 2 2 2 2 2 2 2
left_child=1 2 4 7 5 -1 -6 -4 12 10 11 -10 19 15 -15 -14 17 -11 -18 21 -21 -2 23 27 -12 28 -27 -3 -24
right_child=8 22 3 -5 6 -7 -8 -9 9 16 24 -13 13 14 -16 -17 18 -19 -20 20 -22 -23 25 -25 -26 26 -28 -29 -30
leaf_value=-0.015063373569927794 0.019198845411129244 -0.10073647321674656 0.087618789356304003 0.26066519007638939 0.051383009298562557 0.087192697518025358 -0.053844067224685335 -0.10436764278158811 0.053165274618147497 0.33746501619834973 -0.10241957322262647 0.24439011943484179 0.10501203814110971 0.28904806778403036 0.012403601022751279 -0.10439170236076185 -0.068681932547768873 0.03042535245904962 0.0016976661373905872 0.031813013553840204 -0.010449270299407355 -0.075229352712419456 -0.10047821876715089 0.59635919277091753 -0.10608656821060594 -0.10069356888704495 -0.10135249932026283 -0.10206064678056459 -0.10076338165722006
leaf_weight=71.600283374136779 4.147301514632999 0.34817142796237022 2.4613433281192552 0.81067099235951889 4.5420125874225041 5.8149910619831635 29.703546050877776 0.84229277819395054 14.148387046996509 0.6761793894693281 1.0302166575565923 1.9998909896239627 2.8560124887153489 2.0177364349365234 4.1234517432749271 3.3144969884306192 7.9896744876168659 20.287793828640133 895.67839772976004 24.624933477025479 214.39548606052995 11.351173804141579 0.80828787735663299 0.14333515311591316 0.64613115601241577 1.008553540450521 1.6274309741565955 0.20745211123721674 1.8140399721451101
leaf_count=14167 355 84 123 15 572 915 7484 35 735 22 50 55 78 41 72 100 293 402 50594 1316 9210 833 310 14 13 175 162 24 287
internal_value=-0.000644963 -0.0172485 -0.0138063 0.0824113 -0.0173516 -0.00738248 -0.0398877 0.0386701 0.00102642 0.00306026 0.0598552 0.0768476 -0.00615718 0.0477821 0.103297 -0.00746945 0.00196539 0.0403287 0.00107541 -0.00876635 -0.00609522 -0.0499609 -0.0841443 0.0418236 -0.103833 -0.100888 -0.1011 -0.101231 -0.100675
internal_weight=1331.02 121.732 115.775 4.11431 111.661 77.4153 34.2456 3.30364 1209.29 942.457 17.8246 16.1483 266.831 12.3117 6.14119 6.17051 924.632 20.964 903.668 254.519 239.02 15.4985 5.95727 0.698959 1.67635 5.25831 2.63598 0.555624 2.62233
internal_count=88536 24367 23311 173 23138 15082 8056 158 64169 52164 853 790 12005 291 113 178 51311 424 50887 11714 10526 1188 1056 122 63 934 337 108 597
is_linear=0
shrinkage=0.1


Tree=33
num_leaves=30
num_cat=0
split_feature=1 2 1 3 3 0 4 4 0 3 0 3 2 4 1 1 4 0 0 0 3 3 0 0 0 3 0 3 3
split_gain=3.29548 1.77271 3.45428 2.46212 5.22914 2.40936 2.14626 3.7871 3.26083 3.19862 4.80705 3.10039 1.77836 1.2073 1.58761 2.74133 3.79314 1.86255 1.66675 2.55496 1.05191 3.34784 1.22119 0.443266 3.32872 0.000885012 0.000198129 5.1008e-05 3.71105e-06
threshold=0.0003566480570210496 0.5718917354285924 0.00047133374364899606 -0.00067648345885507044 -0.00047297696774456494 -0.0016983976990540548 0.0049035788281973644 0.013718327855209435 -0.00049007215607632648 -0.00087556697975993403 -3.6739763531468121e-05 -5.3468689667046647e-05 1.8069767381912181 -0.00053283860877101341 0.00028898613418494194 0.0002664715382670304 -0.00055133842650828535 0.00064548713536438662 -0.00043195907874654654 -0.00045206594176255827 0.00036503368691487298 0.00037888627582038931 3.7969227059009299e-05 -0.00014595263679595402 -0.00015188555048900596 -0.0018743172456741617 0.00092010931777752891 0.0021830067857768758 0.0012547915328845474
decision_type=2 2 2 2 2 2 2 2 2 2 2 2 2 2 2 2 2 2 2 2 2 2 2 2 2 2 2 2 2
left_child=13 2 27 5 -5 -4 9 8 -8 10 -3 -11 -9 14 15 17 -17 -1 19 -16 23 -22 -23 24 -15 -20 -25 28 -2
right_child=1 6 3 4 -6 -7 7 12 -10 11 -12 -13 -14 20 18 16 -18 -19 25 -21 21 22 -24 26 -26 -27 -28 -29 -30
leaf_value=-0.046770103972149785 -0.10042743917389174 -0.0008951521914737755 -0.10560769978778857 0.13305772236959656 -0.0038096491009219505 -0.021186816087669879 0.043798490918366857 -0.012766048520104576 0.0093019649340917773 -0.016392193710625749 0.023537751441476972 -0.00083490530378998919 -0.10599348383305421 -0.10026929716155641 -0.1009134988250118 0.084153354455336879 0.64204942285833588 0.20551747632971989 -0.10706259490611612 0.37491577849565533 0.36535332574043466 -0.10055389179545303 -0.0018040238289507985 -0.1004205675024854 0.29909034578156651 -0.10067834982942499 -0.10443859319426035 -0.10174758689513096 -0.10073278803081019
leaf_weight=3.4718099778983764 3.5578155517578116 259.60281410603784 3.8686836790293482 2.9490826618857673 52.225958165130578 26.799136030720547 37.520713647361845 31.266470983624458 101.60402918839827 172.44814018055331 116.73339602979831 498.11680934682954 2.1894060969352713 1.4088016379391772 0.25982811790890992 1.5007375733694059 0.13263974338769902 0.31956266576889891 0.23980562668293748 0.19948049075901542 0.20888393005589012 2.1496675562812015 2.9999246453517117 5.0915190107771178 0.24501051870174695 2.2968223199713975 0.12575283861951891 0.33416417380794872 0.44815531373023976
leaf_count=1270 987 13265 150 277 3893 1951 766 568 2897 14780 5624 33376 42 945 40 239 11 28 35 4 49 1189 1456 3610 29 928 12 35 80
internal_value=-0.000616986 7.9925e-06 -0.013521 -0.00912033 0.00350585 -0.0318363 0.00100849 0.0113411 0.0186054 -0.000694837 0.00668354 -0.00483575 -0.018867 -0.0402539 -0.0111148 0.0211534 0.129458 -0.0255056 -0.069543 0.105742 -0.0603177 -0.0271071 -0.0430266 -0.0862172 -0.0411046 -0.101282 -0.100517 -0.100561 -0.100462
internal_weight=1330.32 1309.66 90.183 85.8429 55.175 30.6678 1219.48 172.581 139.125 1046.9 376.336 670.565 33.4559 20.6502 8.42069 5.42475 1.63338 3.79137 2.99594 0.459309 12.2296 5.35848 5.14959 6.87108 1.65381 2.53663 5.21727 4.34014 4.00597
internal_count=88536 78691 7373 6271 4170 2101 71318 4273 3663 67045 18889 48156 610 9845 2555 1548 250 1298 1007 44 7290 2694 2645 4596 974 963 3622 1102 1067
is_linear=0
shrinkage=0.1


Tree=34
num_leaves=28
num_cat=0
split_feature=1 4 1 2 0 1 4 2 0 4 3 4 3 0 3 0 4 4 0 0 0 3 3 2 2 3 0
split_gain=2.88378 1.98477 2.15838 1.8872 2.95789 4.52424 8.09494 6.1429 4.44611 6.21675 4.65699 2.46162 5.74708 5.87032 5.43363 5.13259 6.44045 2.31221 1.58775 1.40412 3.56441 0.860795 3.67646 9.25032e-05 8.21102e-05 4.67651e-05 1.47344e-06
threshold=0.0002664715382670304 -0.0021377867060201057 0.00017271211579758392 0.91529180799942722 -0.00018267514709263685 0.0010343293707714629 -0.004782507465037166 0.91848584878874429 -0.00016107189513464568 -0.00065326565368273293 -0.00085622419433822861 0.0062435132794443913 0.0057463771801898886 -0.0018828935967078462 0.00035018501446371092 -0.0010570971735701094 -0.010206261480286969 -0.008059991895520922 -0.00016653251868092853 0.00064548713536438662 0.00066072359927205071 0.001014500233920024 0.0010361633553395146 1.2960953335847982 1.1578585320855985 9.1665694626819074e-05 -0.00012470927233021453
decision_type=2 2 2 2 2 2 2 2 2 2 2 2 2 2 2 2 2 2 2 2 2 2 2 2 2 2 2
left_child=1 2 25 11 5 6 -5 -7 9 -6 -10 15 14 -14 -13 17 -17 -2 -4 21 -21 24 -23 -22 -3 26 -1
right_child=3 19 18 4 8 7 -8 -9 10 -11 -12 12 13 -15 -16 16 -18 -19 -20 20 23 22 -24 -25 -26 -27 -28
leaf_value=-0.10071169753661785 -0.081770110965537157 -0.10031849730247092 -0.10191001885676024 0.30569773989534688 -0.018302798830541495 0.16963411459827626 -0.027569470348761241 0.00076510765953187985 0.027454584612664847 0.15718728805094381 0.0018505994690348724 -0.019380824948302931 0.071405762471544065 -0.051580771153973262 0.0610889551056219 0.071033397620804253 -0.0056752039727902201 -0.026622711869947531 0.26610633683477758 0.4481311139319204 -0.10108616930140434 0.36760380278138144 -0.10060712367780132 -0.1051335869739551 -0.10129171171266656 -0.10264115916906696 -0.10024363796644196
leaf_weight=0.17612012708559632 8.9152349540963751 5.2103607118478958 0.15197932999581099 0.7352759693749239 3.581309208762832 2.1735154306516042 83.184178812196478 241.62187467887998 86.366516866371967 4.6262757881777343 400.25337103486527 12.058961204718797 4.9084174744784859 18.541883774101734 27.588876039953902 11.285567438229917 363.04014935571468 51.648210643266793 0.51276822912041098 0.17699012166121963 0.28180306177819148 0.21335147530771781 0.78385987901128829 0.070618267636746168 1.0399546502158044 0.16682674014009535 0.10880670836195327
leaf_count=46 288 3844 25 37 209 65 7057 10073 3655 370 23575 242 71 450 737 276 34004 2427 40 8 88 23 390 6 455 16 59
internal_value=-0.000577923 -0.0573309 0.0673486 -0.000195706 0.00274576 -0.00462293 -0.0246495 0.00227063 0.00762591 0.0806137 0.00639486 -0.00505423 0.0134037 -0.0258383 0.0366139 -0.00773229 -0.00336251 -0.0347407 0.181968 -0.0752306 0.0819855 -0.0867147 -0.000434285 -0.101897 -0.10048 -0.101311 -0.100533
internal_weight=1329.42 8.89344 1.1165 1320.53 822.542 327.715 83.9195 243.795 494.827 8.20758 486.62 497.987 63.0981 23.4503 39.6478 434.889 374.326 60.5634 0.664748 7.77694 0.529411 7.24753 0.997211 0.352421 6.25032 0.451754 0.284927
internal_count=88536 5000 186 83536 45041 17232 7094 10138 27809 579 27230 38495 1500 521 979 36995 34280 2715 65 4814 102 4712 413 94 4299 121 105
is_linear=0
shrinkage=0.1


Tree=35
num_leaves=31
num_cat=0
split_feature=1 0 4 0 3 0 3 0 1 2 0 3 4 4 2 4 3 0 0 0 3 2 1 1 3 2 0 0 1 3
split_gain=2.61692 1.57198 2.78366 15.0217 13.7494 1.92346 3.22174 2.0109 1.48268 3.50241 3.25122 3.25626 2.37416 2.09746 2.88298 2.40805 3.58146 3.13335 1.62687 9.7877 1.55858 1.232 1.02643 3.49377 17.25 1.10231 0.522439 4.56909 0.445522 0.00114467
threshold=0.00038441151144294732 6.1439955514219782e-05 0.0015008620250258622 -1.0000000180025095e-35 0.00051989483961623073 5.82428147373193e-05 0.00047267191888200616 -0.00012470927233021453 0.0036910851193512587 0.3473579573075673 0.0024721965781214776 0.002864928666852951 0.001916739916605015 0.013718327855209435 0.60459993204962614 0.0049035788281973644 0.0064777089806857821 -0.0017834814857199952 -0.00031754840026687598 -0.00043195907874654654 0.0089073951143514591 1.8069767381912181 0.00020976467523779917 0.00019629593660074881 0.001014500233920024 0.98673547506338866 0.00017831110183552659 0.00018482416125753523 0.00064782255617204694 -0.0018262563216388525
decision_type=2 2 2 2 2 2 2 2 2 2 2 2 2 2 2 2 2 2 2 2 2 2 2 2 2 2 2 2 2 2
left_child=1 2 5 -4 -5 7 -7 -1 9 18 11 -11 -12 15 20 16 -10 -17 19 -2 -15 -16 23 25 -25 -3 29 -28 -20 -24
right_child=8 22 3 4 -6 6 -8 -9 13 10 12 -13 -14 14 21 17 -18 -19 28 -21 -22 -23 26 24 -26 -27 27 -29 -30 -31
leaf_value=0.0045463067353547172 -0.074011428276534244 -0.10044588527797083 -0.10094581305431738 1.511757237921723 0.24671223885655547 -0.10032813906921008 0.55102257605548022 -0.064561193496624758 0.0083726714057494652 -0.0020785808513226504 0.0023764746883565037 0.015178941776622785 -0.07465620317579727 0.14687225455200698 -0.021859861989604996 -0.012572528119792016 -0.072116891164233823 0.044866837257899084 -0.042842907501566337 0.33937045159692397 0.0069500061679795781 -0.1054817880301484 -0.10982528032975994 -0.10051872400836395 2.1264941034339215 0.075030196713340061 0.42935955971728179 -0.075216054492402901 -0.10142569468252637 -0.1007986833162329
leaf_weight=8.8452951447689045 3.6158372291829437 1.092492279538418 0.89368072856450453 0.12372407160000765 0.28114711010130122 0.15178431227104638 0.15196855168323964 8.0357361048227212 116.89654131419957 946.3088537993608 6.5829385062679675 123.61844254960306 10.200472988188265 1.5009740814566639 23.889044389128689 12.66771052405238 5.8025715928524724 37.943672142922878 1.728908174787646 0.68057300942018617 1.6951395310461521 1.9021380729973305 0.14532837271690269 0.15460032544797275 0.044877391774207354 0.53246294351993118 0.18865795130841467 3.6824585843714885 5.2105180358048528 4.2155144149437538
leaf_count=2653 312 789 343 33 73 86 19 4051 2452 67004 222 4437 296 14 384 145 122 607 338 77 29 39 11 98 12 108 72 1494 483 1733
internal_value=-0.000552008 -0.0305061 -0.0131948 0.127981 0.633296 -0.0238626 0.225545 -0.0283504 0.000105469 -0.00134402 -0.000769723 -8.46621e-05 -0.0444418 0.00797241 -0.0169253 0.0121367 0.00456623 0.0304901 -0.0568893 -0.00852966 0.072661 -0.0280271 -0.0623237 0.00553911 0.400502 -0.0429461 -0.077364 -0.0506257 -0.0868302 -0.1011
internal_weight=1328.78 28.5397 18.4833 1.29855 0.404871 17.1848 0.303753 16.881 1300.24 1097.95 1086.71 1069.93 16.7834 202.298 28.9873 173.31 122.699 50.6114 11.2358 4.29641 3.19611 25.7912 10.0564 1.82443 0.199478 1.62496 8.23196 3.87112 6.93943 4.36084
internal_count=88536 11575 7258 449 106 6809 105 6704 76961 73169 71959 71441 518 3792 466 3326 2574 752 1210 389 43 423 4317 1007 110 897 3310 1566 821 1744
is_linear=0
shrinkage=0.1


Tree=36
num_leaves=28
num_cat=0
split_feature=1 4 1 2 0 4 3 4 0 3 2 2 0 4 0 4 0 1 4 0 0 3 3 2 2 3 0
split_gain=2.60319 1.75872 1.57903 1.50326 2.36695 4.33157 7.9165 4.08125 4.07608 5.23083 4.91957 2.11441 3.61071 6.23543 2.27017 5.53161 5.48392 2.06716 1.22142 1.15696 2.10436 0.622935 1.46469 9.38305e-05 4.99723e-05 3.51987e-05 1.13753e-06
threshold=0.0002664715382670304 -0.0021377867060201057 0.00017271211579758392 0.91529180799942722 -0.00019060743697085766 0.00056585777178674867 -0.001189886024503428 0.00048956038757119746 -0.00074931600189992442 0.002864928666852951 0.92188630539743066 0.90230706393040183 -0.00068344831172179033 0.0037452333257010921 -0.0010570971735701094 0.011042559104159301 -0.00021349460073699642 0.00092958401115493343 -0.0027328231214858163 0.00064548713536438662 0.00066072359927205071 0.001014500233920024 0.0010361633553395146 1.3187655137063226 1.1578585320855985 9.1665694626819074e-05 -0.00012470927233021453
decision_type=2 2 2 2 2 2 2 2 2 2 2 2 2 2 2 2 2 2 2 2 2 2 2 2 2 2 2
left_child=1 2 25 11 8 7 -7 -6 10 -10 -5 14 13 -13 15 -2 -16 -14 -4 21 -21 24 -23 -22 -3 26 -1
right_child=3 19 18 4 5 6 -8 -9 9 -11 -12 12 17 -15 16 -17 -18 -19 -20 20 23 22 -24 -25 -26 -27 -28
leaf_value=-0.10064693518713792 -0.029998995679756627 -0.10028786199476668 0.34628296369300932 0.11526025792304505 0.01469230198397967 0.092748450208269981 -0.0048670660356769351 0.098285785377445742 -0.02231554585895083 0.062291407407741584 0.0028892061116692009 -0.024308973109646879 -0.014951687007058788 0.2421126483610172 0.01744205387306275 0.050321465147440549 -0.0079750775236019089 -0.092009851465329667 0.063449339773737096 0.2870705352591833 -0.10099316321658465 0.13121449957133266 -0.10070998573807716 -0.10522516977041521 -0.10109912308025955 -0.10243821566636885 -0.10020522536540287
leaf_weight=0.16017909406218678 64.330402487888932 4.5414508712710795 0.21551662648562342 3.9798509869724503 222.2821411237237 8.5783697185106558 263.57991807186045 5.9980818422627626 127.70703194028465 7.7508299434557548 184.8999509701971 3.822054555173966 5.7256373234558842 1.1406378345564006 121.90717819938436 9.892898350954054 279.52559318987187 8.8811218142509443 0.5237462721997872 0.2408052209066226 0.26419243274722248 0.41478020069189347 0.79272235638927668 0.065349347656592727 0.91172343329526473 0.14587692427448928 0.091668741311877744
leaf_count=46 2755 3844 23 104 13709 278 13462 498 9173 204 7613 201 668 26 10211 145 24058 431 42 8 89 23 390 5 455 16 59
internal_value=-0.000549763 -0.0561491 0.0594646 -0.000197297 0.00241765 0.00673036 -0.00179025 0.0168887 -0.00423666 -0.0174744 0.00525696 -0.00455238 -0.0367668 0.036926 -0.00322701 -0.0192934 -0.000256398 -0.0618042 0.145904 -0.0743279 0.0623656 -0.0860328 -0.0210433 -0.101832 -0.100423 -0.101202 -0.100486
internal_weight=1328.37 8.36801 1.13699 1320 824.776 500.439 272.158 228.28 324.338 135.458 188.88 495.226 19.5695 4.96269 475.656 74.2233 401.433 14.6068 0.739263 7.23102 0.570347 6.66068 1.2075 0.329542 5.45317 0.397725 0.251848
internal_count=88536 5000 186 83536 45041 27947 13740 14207 17094 9377 7717 38495 1326 227 37169 2900 34269 1099 65 4814 102 4712 413 94 4299 121 105
is_linear=0
shrinkage=0.1


Tree=37
num_leaves=28
num_cat=0
split_feature=1 4 2 0 0 1 1 1 2 1 2 0 0 2 3 1 0 0 4 3 3 3 2 2 2 3 0
split_gain=2.29737 1.52687 1.4159 2.71778 4.49366 3.75769 5.50519 2.75518 1.64786 2.01918 4.95375 4.39997 1.52461 6.37638 2.36136 1.19395 1.02037 1.49038 0.733283 1.16268 0.616065 1.19216 0.273912 6.91756e-05 3.74403e-05 2.61039e-05 8.43227e-07
threshold=0.0002664715382670304 -0.0021377867060201057 2.0203856562933447 -2.7127472170707098e-05 -1.0200768414736492e-05 0.001948416854359364 0.0030619851542908133 0.0014528058880792381 0.91529180799942722 0.0024762549000852279 0.8256804065713147 -0.0011618837209692587 -0.0036520364852135052 1.7462974466824501 -0.0019717469620106338 0.00017271211579758392 0.00064548713536438662 0.00066072359927205071 -0.0027965977707712915 0.00024466494513120113 0.001014500233920024 0.0010361633553395146 2.5689039239184415 1.3187655137063226 1.1578585320855985 9.1665694626819074e-05 -0.00012470927233021453
decision_type=2 2 2 2 2 2 2 2 2 2 2 2 2 2 2 2 2 2 2 2 2 2 2 2 2 2 2
left_child=1 15 8 5 -5 22 -7 -6 9 11 -11 -2 13 -10 -14 25 20 -18 -17 -20 24 -22 -4 -19 -3 26 -1
right_child=2 16 3 4 7 6 -8 -9 12 10 -12 -13 14 -15 -16 18 17 23 19 -21 21 -23 -24 -25 -26 -27 -28
leaf_value=-0.10058541712158922 -0.051637123403805586 -0.10026074184587706 -0.10140182758693342 0.30864211692552418 0.044127314651862481 0.11749556918717266 -0.053921556818402216 -0.028312261644232586 0.011347674643791406 0.017791232633914144 -0.025466192096341867 -0.0052534477099320277 -0.01043380210607266 0.18112978228606602 0.0048269075235985058 0.25477071076860697 0.21908986153189058 -0.10089869277974917 -0.10233989226157195 0.18784244259364427 0.10522893537399214 -0.10064316557959274 -0.063465440748026777 -0.10471127039613004 -0.10099864622541853 -0.10220585303757089 -0.10018568319970099
leaf_weight=0.14502017549239099 21.776733084814623 4.1103297346271566 6.8539752521319333 0.47510900371708231 8.2283738228725287 2.7380043528974038 5.9340624082833529 14.5077349236235 24.841650584712628 99.314712974242866 36.09526991751045 335.99241888761753 120.5728851207532 2.4282510373741379 637.44071182538755 0.26343883550725877 0.28132105979602773 0.23926363483769819 0.25935672177001834 0.29527582414448261 0.46255391277372815 0.71773687732638791 2.6349588953889906 0.059405933599919081 0.8257404901087283 0.13227971107698977 0.082960662955883668
leaf_count=46 1382 3844 587 17 654 187 192 549 371 2432 943 33738 4982 50 37226 20 8 89 42 3 23 390 226 5 455 16 59
internal_value=-0.000520456 -0.0543731 -0.000199149 -0.0184065 0.00426466 -0.047382 0.000199433 -0.00209582 0.000390057 -0.00414025 0.00626041 -0.00807673 0.00323521 0.0264659 0.00239947 0.0505979 -0.0728444 0.0539194 0.117397 0.0521477 -0.0848649 -0.0199622 -0.0908674 -0.101657 -0.100384 -0.101088 -0.10044
internal_weight=1327.71 7.87468 1319.83 41.3722 23.2112 18.161 8.67207 22.7361 1278.46 493.179 135.41 357.769 785.283 27.2699 758.014 1.17833 6.69635 0.579991 0.818071 0.554633 6.11636 1.18029 9.48893 0.29867 4.93607 0.360261 0.227981
internal_count=88536 5000 83536 2412 1220 1192 379 1203 81124 38495 3375 35120 42629 421 42208 186 4814 102 65 45 4712 413 813 94 4299 121 105
is_linear=0
shrinkage=0.1


Tree=38
num_leaves=31
num_cat=0
split_feature=1 4 3 4 4 4 0 0 4 4 3 3 3 3 3 0 2 3 3 2 4 0 0 1 0 1 3 2 0 0
split_gain=2.19519 2.72217 3.25271 2.9402 11.3117 2.47099 5.37147 2.70489 1.43658 5.00897 6.05569 8.40734 3.01314 8.9238 2.89044 3.39676 4.77238 3.38962 6.60417 2.45148 2.39471 1.19629 5.7076 1.04636 0.00122513 0.000466754 2.63835e-05 1.85593e-05 1.68955e-05 3.14262e-06
threshold=0.00056598043158488469 0.0021465422415475337 0.00120504968813151 -0.00039968558074759958 -0.00023596921707574878 -0.0019004335783719959 7.597918269108829e-05 0.00010350194410513326 -0.0022924391454894884 -0.0012894570529707881 0.00091334394906728022 0.00085678653131515692 -0.0050999024153587915 -0.0070382470852293757 0.0018302536391336945 0.0024721965781214776 0.94885277594678163 0.0013988466881413866 0.0010610149670983173 0.86643434188125157 -0.0012597805717016739 -0.00024998958420124889 -0.00026646607627944791 0.0058909735063260313 -0.00046960531174128345 0.0033406565687884907 0.0018302536391336945 0.84489671621191909 0.00013684570710659208 0.00014305334560071883
decision_type=2 2 2 2 2 2 2 2 2 2 2 2 2 2 2 2 2 2 2 2 2 2 2 2 2 2 2 2 2 2
left_child=1 2 5 24 -5 6 -1 -7 14 10 11 -10 13 -11 17 16 -16 18 -2 -12 -14 22 26 -17 -4 -19 -3 29 -29 -23
right_child=8 21 3 4 -6 7 -8 -9 9 12 19 -13 20 -15 15 23 -18 25 -20 -21 -22 27 -24 -25 -26 -27 -28 28 -30 -31
leaf_value=-0.024061019092467526 -0.0088726106242267271 -0.10083001257187683 -0.11134317366302871 0.52985971952686828 0.030898293050762051 -0.011710193390040926 0.10926517564216086 -0.051507366408215842 0.02681758748241236 -0.028837610509169682 -0.10236470320942082 0.40555891158116231 -0.077509983172961747 0.12533925207327595 0.0050186165021888704 -0.10748741940351803 0.12166699497107658 -0.10231143635997744 0.14498362847016899 -0.010105184239123082 -0.00065146773337733084 -0.10073430160047432 0.60913220252396871 2.7118606448638544e-06 -0.10278552784863987 -0.10485110991651647 -0.10220326068877246 -0.1012867336961342 -0.10075691225201094 -0.10049504701160812
leaf_weight=8.4934271186357346 240.86757550737821 0.33995386460446753 0.19452291727066029 0.47154989058617403 12.458011899900153 59.00477771772421 4.6905805333517483 24.034941338206409 109.81077587697655 7.9349882118403912 4.6676737670786661 0.58924728073179622 4.0744046834297469 7.1251473575830442 8.2048601191490906 1.8031397182494395 6.1260420549660912 2.7628906988538797 2.8225878863595417 7.5204170318320394 803.83037176216021 1.4251195423421443 0.14056354970671225 1.819400545209646 1.1950343906064524 0.9804563745856284 0.23774987304932438 1.2830033400678078 1.1337456223554907 0.89301301504019637
leaf_count=913 11232 85 6 38 1197 13608 424 7013 6033 94 273 26 247 139 274 37 142 139 126 296 45056 318 9 31 112 24 28 146 191 279
internal_value=-0.000487437 -0.0136291 -0.0102266 0.0342406 0.0490958 -0.0168438 0.0233735 -0.0232291 0.000771404 0.00259614 0.0214542 0.0288391 -0.00021294 0.0441055 -0.00573 0.0330134 0.0548824 -0.00854117 -0.00709054 -0.0454378 -0.00103908 -0.0826019 0.0376537 -0.0535011 -0.103984 -0.102977 -0.101395 -0.100844 -0.101038 -0.100642
internal_weight=1326.94 115.996 110.543 14.3191 12.9296 96.2237 13.184 83.0397 1210.94 945.553 122.588 110.4 822.965 15.0601 265.387 17.9534 14.3309 247.434 243.69 12.1881 807.905 5.45315 0.718267 3.62254 1.38956 3.74335 0.577704 4.73488 2.41675 2.31813
internal_count=88536 24367 23311 1353 1235 21958 1337 20621 64169 52164 6628 6059 45536 233 12005 484 416 11521 11358 569 45303 1056 122 68 118 163 113 934 337 597
is_linear=0
shrinkage=0.1


Tree=39
num_leaves=24
num_cat=0
split_feature=1 1 0 0 0 2 3 3 3 2 0 1 3 0 1 4 2 3 4 2 0 4 3
split_gain=1.96023 1.4337 3.24647 2.93836 3.2553 2.90781 1.74373 7.50113 1.93973 1.28413 2.73714 2.46734 2.21692 1.18168 3.76605 2.61241 4.98384e-05 1.40793e-05 3.20173e-05 4.53098e-06 1.45576e-06 5.63383e-07 5.24289e-07
threshold=0.00012195828543332384 0.00057623858051408891 -0.00025907311931128158 0.00010350194410513326 7.8564273553460864e-05 0.7804495290223753 0.00021051800882010421 0.00022397072456115111 -0.0024051601905482052 2.0203856562933447 0.0021255856272306421 0.0081545892109362358 -0.00032139935342750942 0.00070679916760341144 0.0015593406221379045 -0.0068262865674329478 1.6934012392583606 3.2716750571815119e-05 -0.0015154141186783374 0.18235957317141954 0.00052611292807713827 -0.0010527204027195312 -0.001189886024503428
decision_type=2 2 2 2 2 2 2 2 2 2 2 2 2 2 2 2 2 2 2 2 2 2 2
left_child=16 2 6 4 -4 -5 8 -8 -2 13 12 -12 -11 15 -15 -3 17 20 -19 -20 21 -1 -22
right_child=1 9 3 5 -6 -7 7 -9 -10 10 11 -13 -14 14 -16 -17 -18 18 19 -21 22 -23 -24
leaf_value=-0.10029305394206962 0.13561969625684431 -0.018379981441408153 0.0018647600155037034 -0.072001591894181441 0.0831657824976825 -0.0094229176061559616 0.81719381691298398 -0.021783475183979606 -0.082711080034340259 -0.005695483906010693 0.058030821563042213 -0.10609729492707652 -0.059598819468531551 -0.023810624418097462 0.0020855688734638211 0.0046488347201552307 -0.10344405571918205 -0.10192284958690223 -0.1012676865784562 -0.10044042862528879 -0.100933900899361 -0.1001253904902254 -0.10043798206868454
leaf_weight=0.42407876712968562 0.42294343246612776 52.492080459371209 60.09778070365428 10.25071735595702 5.3645327606936908 26.93901196133811 0.10889106628019263 4.9950024015561212 10.742168268130627 16.441040257457647 6.7257501911371937 1.0603323988616464 14.23687136499211 73.188902440713719 241.33946786634624 800.14996057795361 0.061209290171973296 0.20324139797594398 0.072896073193987831 0.7216318310238421 0.036242850794224069 0.379991833033272 0.051768597593763843
leaf_count=261 67 1880 10830 3116 726 5319 14 845 2601 949 159 21 1021 5107 7610 46732 12 32 60 647 8 485 34
internal_value=-0.000474724 -0.000327188 -0.0108026 -0.00422494 0.00852725 -0.0266717 -0.0523056 -0.00388398 -0.0744405 0.000706085 -0.0172717 0.0356794 -0.0307107 0.00129854 -0.00394032 0.00323109 -0.100636 -0.100545 -0.100803 -0.100516 -0.100256 -0.100214 -0.100642
internal_weight=1326.51 1324.56 118.921 102.652 65.4623 37.1897 16.269 5.10389 11.1651 1205.63 38.464 7.78608 30.6779 1167.17 314.528 852.642 1.95106 1.88985 0.997769 0.794528 0.892082 0.804071 0.0880114
internal_count=88536 86997 23518 19991 11556 8435 3527 859 2668 63479 2150 180 1970 61329 12717 48612 1539 1527 739 707 788 746 42
is_linear=0
shrinkage=0.1


Tree=40
num_leaves=20
num_cat=0
split_feature=1 2 1 4 4 4 4 3 3 3 3 1 2 3 4 2 0 4 3
split_gain=1.77342 1.32991 1.7332 3.24296 34.5435 1.34739 2.51145 6.34189 2.46523 2.25221 1.89736 0.00562031 3.6918e-05 1.04556e-05 2.3696e-05 3.37529e-06 1.07841e-06 4.17714e-07 3.87753e-07
threshold=0.00012195828543332384 0.30002186473863562 0.0053443694463241841 0.0019995528747577267 0.002603577918311784 0.013718327855209435 0.0053671315012194807 -0.00023988279254072428 -0.00087556697975993403 -0.0061818272494068007 -0.0032225785456705398 0.0049636373268024461 1.6934012392583606 3.2716750571815119e-05 -0.0015154141186783374 0.18235957317141954 0.00052611292807713827 -0.0010527204027195312 -0.001189886024503428
decision_type=2 2 2 2 2 2 2 2 2 2 2 2 2 2 2 2 2 2 2
left_child=12 2 3 11 -5 6 8 -8 -3 -7 -11 -2 13 16 -15 -16 17 -1 -18
right_child=1 5 -4 4 -6 9 7 -9 -10 10 -12 -13 -14 14 15 -17 18 -19 -20
leaf_value=-0.10026522901999607 -0.10113498319660652 0.0052337382843579234 0.056181881134321446 1.2082480630905614 -0.068229615082862433 0.088491352857261563 -0.046132789585976351 0.021419318950314944 -0.0044610746038191889 -0.11751619980118833 -0.018806637100616263 -0.11343682589559836 -0.10311267567413321 -0.10173891248972938 -0.10114912623932762 -0.10039890779358816 -0.10084460534157402 -0.10011347122268295 -0.10039640219831088
leaf_weight=0.38382341020042066 4.9420807419519388 407.42309502669377 1.6832295209169377 0.22905936962342854 2.8468697038770188 1.8517325296998013 15.751226938329635 118.09685382340103 736.29462893385789 2.0708924457430831 32.628050526604056 0.40155684202909459 0.055553381040226557 0.18421598192071542 0.066032477276166901 0.65321579563897103 0.03282144942204468 0.34386968330363643 0.046860578178893775
leaf_count=261 790 21432 12 35 186 16 326 3050 60484 28 634 4 12 32 60 647 8 485 34
internal_value=-0.000443803 -0.000310236 -0.0364535 -0.054973 0.0268276 -3.23702e-05 0.000509239 0.0134698 -0.00100752 -0.0189634 -0.0246978 -0.102059 -0.100576 -0.100493 -0.100727 -0.100468 -0.100232 -0.100194 -0.100581
internal_weight=1325.99 1324.22 10.1028 8.41957 3.07593 1314.12 1277.57 133.848 1143.72 36.5507 34.6989 5.34364 1.76639 1.71084 0.903464 0.719248 0.807375 0.727693 0.079682
internal_count=88536 86997 1027 1015 221 85970 85292 3376 81916 678 662 794 1539 1527 739 707 788 746 42
is_linear=0
shrinkage=0.1


Tree=41
num_leaves=27
num_cat=0
split_feature=1 4 2 2 3 3 0 4 1 2 0 3 3 0 0 0 0 3 3 1 1 2 3 2 2 1
split_gain=1.6225 1.38111 1.19817 1.49615 1.91611 12.8308 2.83245 1.13115 2.0576 3.81064 2.80712 1.77464 1.74529 1.06965 1.16869 1.00026 1.76127 0.64081 1.03851 0.00721266 0.000280783 0.000147636 4.52884e-05 2.5386e-05 2.17301e-05 2.84369e-06
threshold=0.0002664715382670304 -0.0021377867060201057 0.30002186473863562 0.27059319776700175 0.0014599688908910615 0.00095075321028170745 -0.0024803243214519539 0.013718327855209435 0.003991110946173485 0.3677433169686774 -0.0017834814857199952 -0.0061818272494068007 -0.0032225785456705398 0.00064548713536438662 0.00066072359927205071 -0.00012470927233021453 -0.00016653251868092853 0.001014500233920024 0.0010361633553395146 0.0049636373268024461 0.0034494583801331397 1.5295936145048135 0.00060897219305788852 1.1578585320855985 1.2960953335847982 0.0002364695104190778
decision_type=2 2 2 2 2 2 2 2 2 2 2 2 2 2 2 2 2 2 2 2 2 2 2 2 2 2
left_child=1 15 3 4 5 -2 -6 8 10 -10 -4 -9 -13 17 -15 16 22 23 -19 20 -5 25 -1 -3 -16 -17
right_child=2 13 7 19 6 -7 -8 11 9 -11 -12 12 -14 14 24 21 -18 18 -20 -21 -22 -23 -24 -25 -26 -27
leaf_value=-0.10054859901177822 -0.030849137115933074 -0.10021609958525124 -0.025272062320469413 -0.10117687757025591 0.20816630757208593 0.51261376701437156 -0.10848944571340265 0.075310907158970639 0.17710929205734394 0.010132911229827637 0.00014911827765804763 -0.11588410375775454 -0.017218413365315096 0.20126922664309671 -0.10067154460510548 -0.10032617673909004 0.21126837620848524 0.096808429041002703 -0.10057472752640442 -0.11700010018517269 -0.10463598289480758 -0.10605292312445896 -0.10323052539173719 -0.10087225091562219 -0.1031251482275025 -0.10106509153311399
leaf_weight=0.16420096659567207 3.9705873505736218 3.425029259233269 45.257312680128962 1.7498734517139389 0.31595463398844037 0.48779549368191499 2.6662023764220066 1.9523372724652279 1.379673535004257 145.8720614798367 1080.5127332645934 1.8988611232489336 32.102649391628802 0.29035826260223974 0.18326547782635316 0.17202429159078725 0.55490248324349523 0.47524475865066029 0.60703803136129864 0.36023905873298634 0.27100425772368897 0.060757062630727887 0.10212470684200525 0.71225720667280246 0.044948435155674815 0.074698942480608821
leaf_count=63 467 3844 2137 243 7 56 134 16 18 2622 77164 28 634 8 88 90 11 23 390 3 7 3 5 455 6 14
internal_value=-0.000426395 -0.048909 -0.000173951 -0.0349711 -0.0128918 0.0286116 -0.0749403 8.7143e-05 0.000581169 0.0116974 -0.000872844 -0.0174049 -0.0227285 -0.0687992 0.0681781 0.0522095 0.109812 -0.0824082 -0.0139012 -0.103964 -0.101641 -0.101637 -0.101577 -0.100329 -0.101155 -0.10055
internal_weight=1325.66 6.86685 1318.8 9.82166 7.44054 4.45838 2.98216 1308.98 1273.02 147.252 1125.77 35.9538 34.0015 5.73814 0.518572 1.12871 0.821228 5.21957 1.08228 2.38112 2.02088 0.30748 0.266326 4.13729 0.228214 0.246723
internal_count=88536 5000 83536 917 664 523 141 82619 81941 2640 79301 678 662 4814 102 186 79 4712 413 253 250 107 68 4299 94 104
is_linear=0
shrinkage=0.1


Tree=42
num_leaves=25
num_cat=0
split_feature=1 1 0 3 4 3 1 2 0 1 0 1 3 4 0 4 3 3 3 3 3 4 0 0
split_gain=1.50744 1.18243 2.89182 2.98876 7.98489 3.56501 1.91218 4.99263 4.68763 2.22427 4.93229 1.62713 0.00101594 4.93904e-05 1.96777e-05 1.11414e-05 1.37676e-05 9.11927e-06 6.64318e-06 1.38043e-05 6.13529e-06 1.5486e-06 1.19075e-06 2.34166e-07
threshold=0.00012195828543332384 0.00071243987199802092 -0.00068344831172179033 -0.0012175928488984964 -0.0015832328196142551 0.00043164598579781282 0.00074644400399417096 0.64147736723395476 0.00034992564824021249 0.00078431372549012687 -0.0001563811320994257 0.00079606885185288048 0.0021830067857768758 0.0046897911774496101 0.00064548713536438662 -0.0024044897314848264 9.1665694626819074e-05 0.00065379185319980337 0.001014500233920024 0.0010361633553395146 3.2716750571815119e-05 -0.0010235713876685091 -0.00092062563396322339 -0.00016653251868092853
decision_type=2 2 2 2 2 2 2 2 2 2 2 2 2 2 2 2 2 2 2 2 2 2 2 2
left_child=14 2 12 4 -4 -5 7 13 -9 10 -8 -11 17 -3 15 16 23 -2 22 -20 -16 -22 -17 -1
right_child=1 6 3 5 -6 -7 9 8 -10 11 -12 -13 -14 -15 20 18 -18 -19 19 -21 21 -23 -24 -25
leaf_value=-0.1001582904580942 -0.10077536648255275 -0.10084771543637464 -0.026225849501303106 -0.022727374078402959 0.081902908054578449 0.0061652022028108548 -0.089714663404480616 0.066339273688746897 -0.052350844699514509 0.040157383213695635 0.0024202660935706195 0.00069172204785489342 -0.10742485019326847 -0.10262538759636619 -0.10056029472815681 -0.10079903578232474 -0.10220313569800449 -0.10126669326708347 -0.10173815952914683 -0.10022149436492665 -0.10220845806340662 -0.10155172203253496 -0.10015622037238779 -0.10049055679555451
leaf_weight=0.033829404739663005 2.5136061822413467 2.4881027578376265 14.427774799347391 101.41834984102752 12.967867962783201 73.769255172053818 8.7430432643741387 17.863032198976729 4.0893033626489332 10.55114607606083 17.321692750323564 1056.5130820735358 0.25523009593598533 0.1667686142027377 0.055104302358813473 0.029852316045434923 0.074229451711289585 0.44457687175599847 0.092301148222759366 0.17154461401514709 0.05606094840914011 0.09986730053788051 0.83086749922949732 0.05686254973988969
leaf_count=26 437 329 1177 19925 1185 10042 939 1345 388 690 1476 48988 14 8 30 15 11 54 7 186 3 37 1187 37
internal_value=-0.00039858 -0.000285011 -0.00725081 -0.00575785 0.0249575 -0.0105611 0.000997527 0.0285651 0.0442296 0.000376958 -0.0284851 0.00108196 -0.101371 -0.100959 -0.100572 -0.100426 -0.101193 -0.100849 -0.100313 -0.100752 -0.101467 -0.101788 -0.100179 -0.100367
internal_weight=1325.03 1323.53 205.797 202.583 27.3956 175.188 1117.74 24.6072 21.9523 1093.13 26.0647 1067.06 3.21341 2.65487 1.50052 1.28949 0.164921 2.95818 1.12457 0.263846 0.211033 0.155928 0.86072 0.090692
internal_count=88536 86997 32834 32329 2362 29967 54163 2070 1733 52093 2415 49678 505 337 1539 1469 74 491 1395 193 70 40 1202 63
is_linear=0
shrinkage=0.1


Tree=43
num_leaves=23
num_cat=0
split_feature=1 2 1 0 0 1 1 1 1 3 2 3 1 0 4 3 3 3 3 4 0 0
split_gain=1.36374 1.12272 3.42503 1.92867 4.24688 1.14453 4.87323 4.47164 3.02574 9.51777 2.15537 1.85831 0.0178153 1.45855e-05 8.26072e-06 1.01918e-05 4.92e-06 1.02096e-05 4.54358e-06 1.12996e-06 8.83077e-07 1.7364e-07
threshold=0.00012195828543332384 0.30002186473863562 0.0081545892109362358 0.00040892852940743746 0.00036715199994952213 0.0013337418278683204 0.0013104734860729496 0.0012988229708354832 0.0013452284436664521 -0.0024051601905482052 0.46515389144465508 0.00039119238698459574 0.0053443694463241841 0.00064548713536438662 -0.0024044897314848264 -1.0000000180025095e-35 0.001014500233920024 0.0010361633553395146 -1.0000000180025095e-35 -0.0010235713876685091 -0.00092062563396322339 -0.00016653251868092853
decision_type=2 2 2 2 2 2 2 2 2 2 2 2 2 2 2 2 2 2 2 2 2 2
left_child=13 2 3 4 -2 6 7 -3 9 -7 -10 -8 -5 14 15 21 20 -18 -15 -20 -16 -1
right_child=1 5 -4 12 -6 8 11 -9 10 -11 -12 -13 -14 18 16 -17 17 -19 19 -21 -22 -23
leaf_value=-0.10014321398038627 -0.024743399066167099 -0.0028128413834275288 0.38309906724108067 -0.10322431341675094 0.48123249172451915 0.48853589851171864 -0.10189443168298379 0.084734692400029205 0.039502367020707828 0.03478875395528766 0.0013106431622974357 -0.020923412499251979 -0.1212143871808106 -0.10050703132760096 -0.10072315702018193 -0.10199192407613655 -0.1015709551062442 -0.10020049484635261 -0.10199443149502035 -0.10140520259170649 -0.10014140348877837 -0.10044396609704116
leaf_weight=0.030614484683610499 6.2838460526254458 591.36934610272874 0.19289290904998857 2.3812095185858202 0.170384055469185 0.50813134154304851 6.6556772515177709 5.8923010956495991 15.103202786296604 5.1233815141022196 683.93244700599462 4.9367546066641808 0.71597424149513234 0.049885515472851694 0.027030807046685146 0.067297598929144331 0.083648021798580885 0.15525086229899898 0.050827070139348507 0.09048759375582438 0.75190558307804078 0.051474015286657959
leaf_count=26 768 58296 1 233 20 30 401 343 633 313 25666 288 5 30 15 11 7 186 3 37 1187 37
internal_value=-0.000373585 -0.00027078 -0.0340894 -0.0425146 -0.0113862 -1.98976e-05 -0.00319554 -0.00194914 0.00272395 0.0757304 0.0021358 -0.0674121 -0.107383 -0.100518 -0.100385 -0.10108 -0.100283 -0.10068 -0.101327 -0.101617 -0.100162 -0.100332
internal_weight=1324.62 1323.27 9.74431 9.55141 6.45423 1313.52 608.854 597.262 704.667 5.63151 699.036 11.5924 3.09718 1.35842 1.16722 0.149386 1.01784 0.238899 0.1912 0.141315 0.778936 0.0820885
internal_count=88536 86997 1027 1026 788 85970 59328 58639 26642 343 26299 689 238 1539 1469 74 1395 193 70 40 1202 63
is_linear=0
shrinkage=0.1


Tree=44
num_leaves=27
num_cat=0
split_feature=1 1 2 1 2 4 1 1 3 3 3 3 2 2 3 4 1 3 1 3 3 4 3 4 2 2
split_gain=1.24147 2.18073 9.88589 15.3706 25.283 5.89476 5.06499 2.60975 1.80115 1.93038 1.51469 1.93234 2.52222 1.43642 1.03347 5.77319 0.973985 7.03496 1.97447 0.631655 4.46039 6.09448e-05 5.71242e-05 2.70402e-05 3.81278e-06 7.90289e-07
threshold=0.00039372436640052795 0.00041788560966760758 1.2472268509793372 0.0004018753915766943 1.342512395281968 -0.0033104042100683402 0.00043932031561734079 0.000407727009324414 0.0023668788621210583 0.0025959547863072534 0.00051989483961623073 0.00047267191888200616 1.0979609921024396 1.3693408674920444 0.00062465060404648398 -0.00067665644879444365 0.000450871752716814 -0.0020832270112051128 0.00045503268143572525 0.00085678653131515692 0.00087513992618482039 -0.0019437484085475518 -0.0010005193566438584 0.0020976962407652793 1.6934012392583606 0.71052747948172468
decision_type=2 2 2 2 2 2 2 2 2 2 2 2 2 2 2 2 2 2 2 2 2 2 2 2 2 2
left_child=8 2 5 24 -5 -2 14 -7 10 -10 11 13 -13 -1 22 -16 17 -8 -18 21 -21 -12 -3 -11 -4 -25
right_child=1 6 3 4 -6 7 16 -9 9 23 19 12 -14 -15 15 -17 18 -19 -20 20 -22 -23 -24 25 -26 -27
leaf_value=-0.0084439292683549001 0.67969976511453201 -0.10143236215141412 -0.10074620469280625 1.3293001775339797 0.19732085253662901 0.037391205639630491 0.85914658264087773 -0.072347195088920097 0.24334301947767309 -0.10271164847604497 -0.10257503652667442 -0.1003769163122345 0.2764801089871029 -0.10168059433772408 0.58832292253294016 -0.061249171926737123 -0.10076666438595341 0.027233716371486017 0.00022814706448459339 0.44208648499304548 -0.060127678902954632 -0.10055082849787125 -0.1006493350524002 -0.1003244701107199 -0.10132443649804966 -0.10084616637189701
leaf_weight=18.49889802464169 0.12781736021861334 1.1632081263232974 0.50091722095385083 0.27966551738791168 0.67004670319147408 5.7317548153223452 0.10391966952010978 3.4846131982048973 0.50639724073698644 0.12239171485998668 0.15761369816027615 0.27412672090576862 0.50432103080675006 1.8144486952805881 0.14491957763675634 2.4491797656519338 1.9387195932213206 4.653470253921113 1268.6980834187707 0.18388409717590537 4.6203557780245319 2.6417534461652386 4.6808070749975723 0.058904708363115788 0.14764703786931932 0.057266032934421673
leaf_count=8620 8 122 85 38 88 887 6 606 27 17 11 162 54 567 19 308 346 686 72117 50 1336 1372 935 38 18 13
internal_value=-0.000350574 0.00011113 0.0445641 0.274388 0.530659 0.00525382 -0.000267755 -0.00409975 -0.0206561 0.132856 -0.0246414 -0.0108468 0.143772 -0.0167721 -0.0774886 -0.0249608 0.000243144 0.0454059 7.40506e-05 -0.0629065 -0.0409052 -0.100665 -0.100805 -0.101674 -0.100878 -0.100582
internal_weight=1324.22 1294.77 10.9425 1.59828 0.949712 9.34419 1283.83 9.21637 29.4404 0.74496 28.6954 21.0918 0.778448 20.3133 8.43811 2.5941 1275.39 4.75739 1270.64 7.60361 4.80424 2.79937 5.84402 0.238562 0.648564 0.116171
internal_count=88536 76269 1730 229 126 1501 74539 1493 12267 95 12172 9403 216 9187 1384 327 73155 692 72463 2769 1386 1383 1057 68 103 51
is_linear=0
shrinkage=0.1


Tree=45
num_leaves=31
num_cat=0
split_feature=2 0 0 0 0 1 4 0 1 4 1 4 3 2 2 1 2 3 2 2 4 3 3 4 2 3 1 4 0 2
split_gain=1.19798 3.03631 9.77212 6.82043 8.77696 5.74332 5.68049 5.28983 4.0641 3.53562 4.08064 3.38239 3.77341 2.20187 7.12879 7.35837 11.6485 4.80508 3.06969 4.78283 11.9678 4.68293 8.89182 4.57726 3.25386 2.81624 5.01337 3.40076 1.93327 0.912209
threshold=0.5718917354285924 -0.00012470927233021453 -0.00046032568058818052 -0.00038707182183805861 -0.0003943217682645383 0.0027819473465429266 -0.0015832328196142551 -0.0016983976990540548 0.0010040054534470151 0.0012444128687921776 0.00064782255617204694 0.0085626385370514164 0.00035018501446371092 0.706971637566019 0.69523349606170892 0.0025207866612528235 0.69925770873221593 -0.00011779834914354968 0.80023435475267946 0.813103847415931 -0.008059991895520922 -0.0050999024153587915 -0.0020263402818944671 -0.016345454625417862 0.82252117807023672 -0.00177841010170221 0.0016088748690427214 -0.0037931315628121904 -0.00097207981085350992 0.56036874866285669
decision_type=2 2 2 2 2 2 2 2 2 2 2 2 2 2 2 2 2 2 2 2 2 2 2 2 2 2 2 2 2 2
left_child=1 2 5 4 -4 28 -5 -7 9 -3 -11 12 -10 14 25 17 -17 -16 21 20 -20 23 -23 -15 -21 26 -2 -27 -1 -13
right_child=13 8 3 6 -6 7 -8 -9 11 10 -12 29 -14 18 15 16 -18 -19 19 24 -22 22 -24 -25 -26 27 -28 -29 -30 -31
leaf_value=-0.1017458713949744 0.10485579137327497 -0.093282648533864698 0.14445719264464704 0.14694861868868669 0.65036929172981395 -0.020625226541964546 -0.0079453565896449186 0.12677338292811424 -0.031491008357272358 0.096917313559886073 -0.071578186527093787 -0.10889970331890937 0.045060330140071984 -0.10951680871898972 0.11185206405803001 0.44976633038458075 0.070109852922863786 -0.026902827913767653 0.38461442375782867 -0.049763817923506329 0.03189662279350762 -0.10265233056611477 -0.011804842515891558 0.087222941751991842 0.00053241177806782804 -0.082822335317632806 0.0013261487106068371 0.001823927178140836 -0.033575786265955775 0.0060583554632059828
leaf_weight=6.975496350554752 7.2717903047159806 13.14677701922483 2.4345377964200456 3.4796445108368053 0.39914277431671408 6.7537952894344926 7.4088089332217342 3.8072827849537116 12.365160475950693 2.4985763646545811 3.3839233831968158 3.5416810400784007 13.435832437593488 1.4181943424046037 4.6837808909767764 1.2588861845433705 2.2570682410150766 5.3425612721766802 1.0196932936087275 13.036093358823562 16.992856475611916 12.216207717312498 91.239203594595892 7.1171694891527277 966.35701885365415 5.0268161515705279 13.10990371275693 85.072759652452078 10.30726130117546 0.8573617823421954
leaf_count=553 587 3309 286 308 52 171 1227 89 738 734 376 98 740 22 434 28 51 534 28 1047 1368 711 8517 173 56428 260 475 8101 1076 15
internal_value=-0.000363925 -0.0114498 0.00845165 0.07752 0.215718 -0.0255869 0.0415544 0.0325122 -0.0282533 -0.0644494 -1.01641e-05 -0.00544576 0.008373 0.000452135 0.0130888 0.0815673 0.206046 0.0379162 -0.000960563 0.000802058 0.051864 -0.0166587 -0.0225323 0.0545336 -0.00013705 0.00469499 0.0382635 -0.00289864 -0.0610899 -0.0864947
internal_weight=1324.22 90.7953 41.566 13.7221 2.83368 27.8438 10.8885 10.5611 49.2293 19.0293 5.8825 30.2 25.801 1233.42 124.024 13.5423 3.51595 10.0263 1109.4 997.406 18.0125 111.991 103.455 8.53536 979.393 110.481 20.3817 90.0996 17.2828 4.39904
internal_count=88536 9772 3762 1873 338 1889 1535 260 6010 4419 1110 1591 1478 78764 10470 1047 79 968 68294 58871 1396 9423 9228 195 57475 9423 1062 8361 1629 113
is_linear=0
shrinkage=0.1


Tree=46
num_leaves=27
num_cat=0
split_feature=1 2 0 0 1 0 1 2 3 2 3 3 0 3 2 3 3 4 0 4 3 3 0 3 2 4
split_gain=1.1835 1.03277 2.35745 5.79308 3.50048 5.10101 2.51388 1.11278 4.04157 6.48656 4.08062 3.89851 5.74864 4.34759 0.292771 7.48633e-06 1.44171e-05 8.40083e-06 5.47248e-06 4.42891e-06 1.85005e-06 3.45032e-07 3.1787e-07 2.99508e-07 1.00301e-08 1.14998e-08
threshold=0.00012195828543332384 2.0203856562933447 -2.7127472170707098e-05 -2.0066045530675588e-05 0.001948416854359364 -0.0007299856239901813 0.0014528058880792381 1.102586376973731 -0.003103244116358594 0.59965041375762185 -0.0020263402818944671 -0.0027655795202025653 -0.003062196365673064 -0.0025744921447404252 2.5689039239184415 3.2716750571815119e-05 0.00010772858110963403 -0.0021377867060201057 0.00092010931777752891 -0.0015154141186783374 0.001014500233920024 -0.0006407131844337054 0.00052611292807713827 -0.0026697837027625511 0.98673547506338866 -0.0025270838093742749
decision_type=2 2 2 2 2 2 2 2 2 2 2 2 2 2 2 2 2 2 2 2 2 2 2 2 2 2
left_child=15 7 4 -4 14 -6 -5 8 9 -2 -10 12 -9 -13 -3 21 17 -17 -19 -18 -21 22 23 -1 25 -23
right_child=1 2 3 6 5 -7 -8 11 10 -11 -12 13 -14 -15 -16 16 19 18 -20 20 -22 24 -24 -25 -26 -27
leaf_value=-0.10058907329061338 -0.048754818816333846 -0.10125550659777272 0.38549649361746147 0.041780115729808331 -0.025816861271076869 0.22299498105834209 -0.027262845119539799 0.027261499380339168 -0.03196172824250413 0.029382613782586865 -0.0025148667596134842 0.095155935854390417 -0.039845438965828928 0.0061252496717004168 -0.060234688186852993 -0.10318099668269975 -0.10106632339080342 -0.10038379558105832 -0.10213398780127228 -0.10013674538305013 -0.10054900910314016 -0.10016250776461968 -0.10051738598574687 -0.10017760599925096 -0.10012530793732799 -0.10005490507364104
leaf_weight=0.01885668869363144 12.393126870098056 6.0982711712131294 0.39295947900973516 8.3594329942716303 7.7186010479927063 0.92244834266602804 14.285940581932662 18.217436246573925 50.716252955666278 74.433436515973881 652.69722077532788 5.5564282890409222 42.653050736524165 426.12291577050928 2.43444069463294 0.029878826811909676 0.10224816843401641 0.038966375184827484 0.032991352491080761 0.22626896845758893 0.20976190277724527 0.010587234806735069 0.03596700300113298 0.28602757712360471 0.028845201974036172 0.16051876655546837
leaf_count=9 611 591 9 673 330 49 551 368 2843 2534 52205 237 1830 23936 230 1 30 44 2 468 203 8 16 337 38 383
internal_value=-0.000384165 -0.000294847 -0.0160753 0.00482965 -0.044119 0.000744273 -0.00177596 0.00019983 -0.00212543 0.0182297 -0.00463799 0.00393045 -0.0197615 0.00727122 -0.089552 -0.100449 -0.10068 -0.101771 -0.101186 -0.100474 -0.100335 -0.100175 -0.100236 -0.100203 -0.100071 -0.100062
internal_weight=1324.18 1323 40.2121 23.0383 17.1738 8.64105 22.6454 1282.79 790.24 86.8266 703.413 492.55 60.8705 431.679 8.53271 1.18092 0.640116 0.101837 0.0719577 0.538279 0.436031 0.540802 0.340851 0.304884 0.199951 0.171106
internal_count=88536 86997 2433 1233 1200 379 1224 84564 58193 3145 55048 26371 2198 24173 821 1539 748 47 46 701 671 791 362 346 429 391
is_linear=0
shrinkage=0.1


Tree=47
num_leaves=30
num_cat=0
split_feature=1 1 2 2 0 3 0 0 3 3 0 4 2 3 1 4 1 3 2 4 1 4 1 4 1 1 3 2 4
split_gain=1.11847 3.4066 2.97474 3.92121 5.80872 2.79233 2.51668 8.20004 1.01633 4.67018 1.69246 0.880098 4.91594 7.28403 10.9752 4.87053 14.8217 14.496 3.85765 4.66341 4.04414 1.83016 5.11745 2.70242 0.706093 0.00239078 4.25026e-05 2.9627e-05 8.60207e-06
threshold=0.00043932031561734079 0.00041788560966760758 0.7737558673727909 0.88571138582167974 -2.7127472170707098e-05 0.0021830067857768758 -5.7977363063066438e-05 -6.0692729626388158e-05 0.00062465060404648398 0.00065379185319980337 -0.00024093164555605282 -0.0031255345927362339 0.46515389144465508 -0.0061818272494068007 0.0023176382677980796 -0.0030370146227592372 0.00070204193138708197 -0.00023088348442951154 0.6189808244061149 -0.003414916373107368 0.00081708668552281068 -0.0011027095216489811 0.000450871752716814 -0.0010527204027195312 0.00020976467523779917 0.0053443694463241841 -0.0010005193566438584 1.1771069841913551 -0.00099760771098389412
decision_type=2 2 2 2 2 2 2 2 2 2 2 2 2 2 2 2 2 2 2 2 2 2 2 2 2 2 2 2 2
left_child=1 2 6 4 -4 -5 7 -1 26 -10 -11 12 13 25 -15 16 -13 -18 20 -20 -14 22 -17 -23 -8 -2 27 -3 -28
right_child=11 8 3 5 -6 -7 24 -9 9 10 -12 15 18 14 -16 21 17 -19 19 -21 -22 23 -24 -25 -26 -27 28 -29 -30
leaf_value=-0.01251732349269539 -0.10286724227316241 -0.10104148217378289 -0.011698099669106985 -0.014008354934972362 0.1787972600849638 0.15576853790716264 -0.011247009437101064 0.90104317296999603 0.47975853234184901 0.11157082314796077 -0.10142168690133709 0.69911808087606298 0.16004206494757686 0.026610076264451311 0.33728397739000004 0.20829464075940143 -0.035887005842316064 0.33659641317749944 9.9528068027281602e-05 -0.055131959085167728 -0.077080631552417261 -0.061419424246439286 0.0076397529010657945 -0.0008000288358977778 -0.10062103390921573 -0.11089530709636693 -0.10086148447819787 -0.10239513721237468 -0.10051360651772445
leaf_weight=6.2201573299098527 1.0128335286863146 0.85001580673269905 3.2020408639509697 20.07765495142667 3.2007805961475269 1.0178569983108889 1.0515223732945722 0.099828822741983347 0.17172326613217626 0.46270475583151061 1.9258038132684299 0.37476995354518194 0.76626456435769696 3.1153816631995133 1.7907320670783518 1.2781884481664736 4.5068000252358615 1.3601118540391324 163.56497431197204 16.863362438045442 11.722503840457646 7.4195154658518723 226.81587892479729 834.26520297228126 5.547720636415761 0.58532942458987225 0.9042096366174518 0.19966489868238568 3.3231244683265677
leaf_count=2389 60 110 908 5489 1170 34 1293 42 23 33 271 35 90 267 52 99 237 62 6551 865 642 548 12963 50676 2672 8 144 12 791
internal_value=-0.000363581 -0.015308 -0.00360797 0.0149874 0.0835308 -0.00581663 -0.0431878 0.00191304 -0.0756463 -0.0239464 -0.0601605 0.000201823 -0.0059 0.0796073 0.140006 0.00133269 0.0894121 0.0504649 -0.00878291 -0.00506257 -0.0625317 0.000818785 0.00876418 -0.00133439 -0.0863802 -0.105808 -0.100729 -0.101299 -0.100588
internal_weight=1323.7 48.2548 40.4176 27.4983 6.40282 21.0955 12.9192 6.31999 7.83725 2.56023 2.38851 1275.44 199.421 6.50428 4.90611 1076.02 6.24168 5.86691 192.917 180.428 12.4888 1069.78 228.094 841.685 6.59924 1.59816 5.27701 1.04968 4.22733
internal_count=88536 15381 13997 7601 2078 5523 6396 2431 1384 327 304 73155 8535 387 319 64620 334 299 8148 7416 732 64286 13062 51224 3965 68 1057 122 935
is_linear=0
shrinkage=0.1


Tree=48
num_leaves=24
num_cat=0
split_feature=2 1 4 4 3 0 3 3 4 4 3 0 2 3 3 2 2 1 0 2 0 1 1
split_gain=1.11314 2.60216 1.96569 9.37523 5.26573 2.52459 1.06242 3.24678 3.68533 3.91295 3.37488 8.19763 3.26619 2.70319 2.50437 6.28896 6.78772 5.8399 2.04051 6.03918 5.10762 0.96908 0.00408847
threshold=0.30002186473863562 0.0081545892109362358 0.0013217131674856388 0.0023583605490478114 0.00076864983784874507 -0.0024803243214519539 0.002864928666852951 0.0023668788621210583 0.0095526008061698215 0.0029580066481469385 0.002307122479774049 0.00066072359927205071 0.76702428562099012 0.0021275615038592881 0.0030859807459965309 1.0014073403705717 0.80663854315654437 0.0013337418278683204 0.00089708288029444205 0.41558708203896527 0.00081053468820047059 0.0053443694463241841 0.0049636373268024461
decision_type=2 2 2 2 2 2 2 2 2 2 2 2 2 2 2 2 2 2 2 2 2 2 2
left_child=1 2 21 4 -4 -5 7 10 9 -9 13 -12 -10 -2 15 16 -8 -17 20 -20 -16 22 -1
right_child=6 -3 3 5 -6 -7 14 8 12 -11 11 -13 -14 -15 18 17 -18 -19 19 -21 -22 -23 -24
leaf_value=-0.1010086257301933 -3.8981338323060869e-05 0.30576245412546421 -0.10111323072251566 0.17670306379453377 0.39690542170427684 -0.10595263966879503 0.017898262690862199 -0.0071919676245107882 0.25782344940887109 -0.069793519080523281 0.15688709785552812 -0.066010321122327228 -0.009123481130940846 -0.037460889109127385 0.0080719983386045909 0.11032405855564548 0.20234332913306641 -0.060666330888849977 0.21092996143551859 -0.0097389951490453215 0.11114327144628702 0.027467787709446641 -0.11217601790298355
leaf_weight=4.0129211765888577 1035.4543296702468 0.22008873522281724 0.29050553445995297 0.35330036282539401 0.78873688081512228 2.9923549081868259 4.0769587126269498 22.613169218413532 0.82339633256196876 17.879055581928696 4.2007672758190884 2.7172691707091872 1.0338205415755508 19.669695276737912 87.950920167146251 2.8029672454576922 3.9074962167069316 6.9497803384438157 1.2561892005614925 97.500798540830147 5.0857762098312369 0.66723462194204319 0.35700228065252293
leaf_count=1003 77701 1 79 8 75 221 189 1171 19 817 210 129 25 1016 2589 122 136 232 33 2598 153 5 4
internal_value=-0.000373229 -0.034156 -0.0420625 0.00656769 0.262851 -0.0761043 -0.000124288 -0.00136287 -0.0285155 -0.0348332 -0.000280148 0.0693374 0.109227 -0.000736603 0.00640402 0.0423541 0.108163 -0.0115232 0.00307934 -0.00693209 0.0137063 -0.0847818 -0.101921
internal_weight=1323.6 9.68214 9.46206 4.4249 1.07924 3.34566 1313.92 1104.39 42.3494 40.4922 1062.04 6.91804 1.85722 1055.12 209.531 17.7372 7.98445 9.75275 191.794 98.757 93.0367 5.03716 4.36992
internal_count=88536 1396 1395 383 154 229 87140 81088 2032 1988 79056 339 44 78717 6052 679 325 354 5373 2631 2742 1012 1007
is_linear=0
shrinkage=0.1


Tree=49
num_leaves=24
num_cat=0
split_feature=1 3 0 3 1 3 3 0 1 4 3 0 4 3 0 4 2 4 4 0 3 4 2
split_gain=1.04773 0.904402 4.62939 4.25886 8.63641 5.72768 4.01295 11.2521 3.94564 3.891 6.23233 7.07314 5.13675 5.83542 2.79198 2.28217 5.20642e-06 5.23006e-06 8.29568e-06 2.11416e-06 1.77196e-06 1.46599e-06 9.62905e-07
threshold=0.00012195828543332384 0.0010831532952296776 0.0010552177957693367 0.0011785907251123942 0.0027819473465429266 0.0015888603841940354 0.0015554746633477114 0.00099675367585738716 0.0016825936381744159 -0.00020364170403425194 -5.3468689667046647e-05 0.00059416721022265151 1.0000000180025095e-35 -0.00087556697975993403 0.0027319697159591265 -9.3815382480433293e-05 1.6934012392583606 -0.0024044897314848264 -0.0024636384604571622 0.00064548713536438662 0.001014500233920024 -0.0013820263632484118 0.64588146975666982
decision_type=2 2 2 2 2 2 2 2 2 2 2 2 2 2 2 2 2 2 2 2 2 2 2
left_child=16 9 6 4 -4 -5 7 -3 -8 10 14 -12 15 -14 -2 -11 17 18 22 20 -19 -21 -1
right_child=1 2 3 5 -6 -7 8 -9 -10 12 11 -13 13 -15 -16 -17 -18 19 -20 21 -22 -23 -24
leaf_value=-0.10020024557671239 -0.0026795463742483954 0.026150891407718271 0.25373877784088589 -0.078762987501969056 -0.10646840522567813 -0.0073025979766849353 -0.0093012244701165883 0.34620901640165425 0.017394015052574836 -0.018895604958186957 0.011737109402831479 0.079775699269038172 0.016994931173374764 -0.014495013878187782 0.047463090037975608 -0.070544507175743926 -0.10167053707353907 -0.1001228872867409 -0.10228500708054591 -0.1011980301285836 -0.100478629371821 -0.10042232957766356 -0.10086969580242343
leaf_weight=0.056125967501429841 442.83695016993443 71.569811087509152 1.6861621914431446 12.237298790132625 1.0997618641704319 134.42704684834462 111.25624887560843 1.1155621744692314 110.2161566815339 15.685153722675748 62.114291270234389 20.26384269684786 79.291535471449606 228.23801871802425 11.390097908675669 18.820129858271684 0.030753649596590438 0.59589697442424849 0.034122604498406761 0.03590591624379158 0.18302327139826957 0.075791352050146088 0.034811929916031659
leaf_count=59 28596 5080 91 545 23 4151 6879 68 2882 1862 5766 1150 3556 24087 192 2069 12 1193 6 4 191 62 12
internal_value=-0.000366418 -0.00028726 0.00339344 -0.0109385 0.111545 -0.0132651 0.0106749 0.0310631 0.00398371 -0.00214557 0.00316734 0.0284736 -0.0104808 -0.00637584 -0.00142218 -0.0470663 -0.100389 -0.10035 -0.100955 -0.100265 -0.100206 -0.100672 -0.100457
internal_weight=1323.29 1322.25 443.608 149.45 2.78592 146.664 294.158 72.6854 221.472 878.64 536.605 82.3781 342.035 307.53 454.227 34.5053 1.04643 1.01568 0.125061 0.890618 0.77892 0.111697 0.0909379
internal_count=88536 86997 19719 4810 114 4696 14909 5148 9761 67278 35704 6916 31574 27643 28788 3931 1539 1527 77 1450 1384 66 71
is_linear=0
shrinkage=0.1


Tree=50
num_leaves=24
num_cat=0
split_feature=2 1 4 0 0 0 0 3 2 2 2 1 1 3 3 4 3 0 3 1 2 3 1
split_gain=1.02468 3.04062 1.99043 2.96031 1.51058 3.89336 1.92117 1.25092 2.62388 7.29948 2.40834 2.23613 1.49011 1.4481 2.67855 2.76581 2.49695 2.21364 9.29347 4.10205 0.357009 0.849642 9.86011e-05
threshold=0.3473579573075673 0.0038429751434839771 -0.00099760771098389412 0.00041874100935146435 -0.00031754840026687598 -0.00033502996389062062 -0.00043195907874654654 0.012133721506861874 1.0894830948799104 1.172054006510693 1.5776277239868219 0.0032368305656642377 0.0081545892109362358 0.002864928666852951 0.0023668788621210583 0.0095526008061698215 0.002307122479774049 -0.0018828935967078462 0.0033336806922291688 0.0081545892109362358 0.23386109270902034 0.0013988466881413866 0.002615892541046366
decision_type=2 2 2 2 2 2 2 2 2 2 2 2 2 2 2 2 2 2 2 2 2 2 2
left_child=1 4 -3 -4 5 6 -1 13 11 -10 -11 -9 -13 14 16 -16 -2 18 -15 -19 21 -6 -22
right_child=7 2 3 -5 20 -7 -8 8 9 10 -12 12 -14 17 15 -17 -18 19 -20 -21 22 -23 -24
leaf_value=-0.069366464398462613 -0.00055613718709845766 -0.053588776677740424 0.17628559799239862 -0.0093259814719122962 -0.10080355318177299 0.44277123242355032 0.087150886952958306 0.075901663482244697 0.25878535971232963 -0.10507285416558465 0.048327294261191429 -0.093195741740738483 0.013519930201094014 0.27756472587312619 -0.032142257724881711 0.08661951167277028 0.057783672840082012 0.0074974752758977985 0.015639154265889334 -0.10877250581662511 -0.10098101739990775 0.0403672286118976 -0.10240005250982707
leaf_weight=3.1032000657141907 1049.353168270507 1.6025688908994196 1.6799663612619036 1.7589079570025203 1.1619764276692865 0.18196733211516303 1.0494325289182596 1.1104900985956181 1.0946379452943791 2.1445423401892185 1.957762451842427 7.454189461655913 1.5870391037315128 1.5601602438837279 39.018839390628273 2.0647247387096277 7.3880052366876034 178.9992454489402 10.283120569773017 3.0866711102426043 4.0562491033633705 0.67340223205974314 0.55688697285950173
leaf_count=396 78088 25 19 21 421 20 98 34 20 49 46 146 22 32 1975 44 339 5436 160 51 979 86 29
internal_value=-0.000358416 -0.0256523 0.0384554 0.0813494 -0.0556246 -0.00997304 -0.0298122 -5.21931e-05 -0.0284323 0.029355 -0.031865 -0.0580152 -0.0744636 0.00028502 -0.00112221 -0.0261737 -0.000148265 0.00825127 0.0501436 0.0055265 -0.0863109 -0.0490079 -0.101152
internal_weight=1322.93 15.8246 5.04144 3.43887 10.7831 4.3346 4.15263 1307.1 15.3487 5.19694 4.1023 10.1517 9.04123 1291.75 1097.82 41.0836 1056.74 193.929 11.8433 182.086 6.44851 1.83538 4.61314
internal_count=88536 2094 65 40 2029 514 494 86442 317 115 95 202 168 86125 80446 2019 78427 5679 192 5487 1515 507 1008
is_linear=0
shrinkage=0.1


Tree=51
num_leaves=20
num_cat=0
split_feature=1 4 2 2 2 2 4 3 3 1 1 2 2 4 4 0 3 4 2
split_gain=0.927303 0.834222 2.00556 1.4419 5.57706 1.67828 1.37224 5.1 1.71922 0.00520949 0.000506579 5.04699e-05 3.97536e-06 2.98856e-06 4.38313e-06 1.23752e-06 1.16119e-06 7.63322e-07 7.34413e-07
threshold=0.00012195828543332384 0.013718327855209435 0.18235957317141954 1.8069767381912181 1.5776277239868219 1.1993930044595966 0.0053671315012194807 -0.00023988279254072428 -0.00087556697975993403 0.0053443694463241841 0.0038429751434839771 2.0890667281893225 1.6934012392583606 -0.0024044897314848264 -0.0024636384604571622 0.00064548713536438662 0.001014500233920024 -0.0013820263632484118 0.64588146975666982
decision_type=2 2 2 2 2 2 2 2 2 2 2 2 2 2 2 2 2 2 2
left_child=12 2 9 4 5 -3 8 -8 -4 10 -2 -5 13 14 18 16 -15 -17 -1
right_child=1 3 6 11 -6 -7 7 -9 -10 -11 -12 -13 -14 15 -16 17 -18 -19 -20
leaf_value=-0.10016486625030097 -0.10094574803085665 -0.010716304914907075 0.0043347973410963617 -0.10514877290217738 0.18717431462259271 -0.080433932131785679 -0.044580642436762165 0.016532229207624143 -0.0037380796552567903 -0.11760459338722609 -0.10497110939531162 -0.10406521095542423 -0.10150984216902158 -0.10011130852288888 -0.10186375515497909 -0.10098301945783923 -0.10041658574745711 -0.10037628224582545 -0.1007864280047005
leaf_weight=0.047925709339324385 1.1670091205742199 29.070404324214906 411.80939918968943 0.87707077711820491 1.3663882669061411 3.9182504098862401 15.368010306905488 122.53781250989414 733.97659263972309 0.24798788130283345 0.42703518271446217 0.84303352516144514 0.027853609906742349 0.53167475038207967 0.028141910646809265 0.030036867829039693 0.16273595381062478 0.066957217146409675 0.031506453931797296
leaf_count=59 219 531 21641 19 28 89 328 3099 61006 2 12 23 12 1193 6 4 191 62 12
internal_value=-0.000342918 -0.000272795 0.000148078 -0.0152706 -0.0107971 -0.0189971 0.0002977 0.00972191 -0.00083659 -0.104122 -0.102024 -0.104618 -0.100333 -0.100297 -0.100791 -0.10023 -0.100183 -0.100564 -0.100411
internal_weight=1322.54 1321.61 1285.53 36.0751 34.355 32.9887 1283.69 137.906 1145.79 1.84203 1.59404 1.7201 0.926832 0.898979 0.107574 0.791405 0.694411 0.0969941 0.0794322
internal_count=88536 86997 86307 690 648 620 86074 3427 82647 233 231 42 1539 1527 77 1450 1384 66 71
is_linear=0
shrinkage=0.1


Tree=52
num_leaves=30
num_cat=0
split_feature=2 0 4 3 1 4 2 2 4 1 0 4 0 0 2 4 4 3 1 2 4 3 1 3 4 2 2 3 1
split_gain=0.851104 2.21245 4.61669 3.97131 6.94694 3.64704 2.91354 5.457 2.60598 3.19992 7.36824 3.54923 1.9252 3.2768 4.19409 10.6976 7.94729 3.54002 4.64035 3.81168 3.15868 5.74235 7.30004 4.27591 2.95754 6.16723 3.30371 1.03249 0.000654942
threshold=0.91529180799942722 0.0011884607920645831 -0.012196555482038627 0.0048755053635939358 0.003991110946173485 0.0053671315012194807 0.7495585759296467 0.6189808244061149 -0.016345454625417862 0.0019973569176901513 -0.0011944231328898101 -0.0055967232697615157 -0.00019859001096239612 -0.00074931600189992442 1.0564689788914985 -0.0014464890617279511 -0.00063020546159420199 0.002864928666852951 0.00098164398592570667 1.1396114697869035 0.00056585777178674867 -0.001189886024503428 0.0012749939977685664 0.00063771921272937082 0.00048956038757119746 1.01642979234616 2.9146519151751327 -0.0012734587151339569 0.0066366885827516568
decision_type=2 2 2 2 2 2 2 2 2 2 2 2 2 2 2 2 2 2 2 2 2 2 2 2 2 2 2 2 2
left_child=1 8 6 5 -5 -4 7 -3 27 11 -11 -10 13 14 15 -2 -16 19 -19 -15 24 22 -22 -23 26 -26 -14 28 -1
right_child=12 2 3 4 -6 -7 -8 -9 9 10 -12 -13 20 17 16 -17 -18 18 -20 -21 21 23 -24 -25 25 -27 -28 -29 -30
leaf_value=-0.10438536880962734 0.082116316266672595 -0.023894581491368163 -0.055169202114546657 0.093030563619107345 -0.055956311199250444 0.010212846641720185 -0.015763710333541837 0.25944469018308353 -0.074321584546711714 -0.013492450473279585 0.036432700950474399 -0.0039501523750738168 0.01107726871655104 -0.040016442331061795 -0.022324580050421951 -0.011455596216110813 0.027450400746484679 0.2303672287603078 0.016277704052595331 -0.0046729299788121495 0.26815265891753287 -0.032384934884806829 0.034735356819769726 0.0012407445374569765 -0.101974187980531 0.13135024864653544 0.16214148980272663 0.022417241920249933 -0.10738461678057012
leaf_weight=2.1810772251337771 21.48434121417813 1.1747964918613427 38.454937933711335 6.5947467785445024 5.9563771020621061 10.963844317011533 2.1073581222444773 1.613040631636977 7.345929551520384 54.295441559748724 64.892273016739637 294.33475157218345 228.06216821927228 56.387041232228512 91.409740874427371 28.326864525151905 49.419323943468044 1.1731900414451937 7.3878825260326266 66.500697921408573 1.6184874619357268 45.800017183457385 7.7829265743494034 216.96187317822478 1.4528771302429948 5.1428318533871789 1.4569486124673847 0.78336247242987056 1.0929076224565504
leaf_count=63 811 23 1652 212 120 245 36 23 564 1618 2029 35605 14548 4181 3965 1016 1944 21 180 4951 72 3843 206 9942 126 418 83 20 19
internal_value=-0.000315728 -0.00361254 -0.020521 -0.0279061 0.022326 -0.0406638 0.0729703 0.140045 -0.000951882 -0.000182969 0.0136895 -0.0056637 0.00163683 -0.00441191 0.00396354 0.0289034 -0.00485769 -0.0165588 0.045616 -0.0208903 0.00546984 -0.00187274 0.074919 -0.00462029 0.0139334 0.0799544 0.0120362 -0.0807112 -0.105387
internal_weight=1322.16 491.791 66.8651 61.9699 12.5511 49.4188 4.8952 2.78784 424.926 420.868 119.188 301.681 830.367 322.089 190.64 49.8112 140.829 131.449 8.56107 122.888 508.278 272.163 9.40141 262.762 236.115 6.59571 229.519 4.05735 3.27398
internal_count=88536 42229 2311 2229 332 1897 82 46 39918 39816 3647 36169 46307 17069 7736 1827 5909 9333 201 9132 29238 14063 278 13785 15175 544 14631 102 82
is_linear=0
shrinkage=0.1


Tree=53
num_leaves=30
num_cat=0
split_feature=1 1 3 4 2 3 1 4 1 3 2 0 0 3 3 0 0 4 4 2 0 0 3 4 3 0 3 4 0
split_gain=0.835724 1.27993 4.59506 7.57914 9.45477 5.14926 1.34554 1.06914 1.978 1.85469 3.84292 1.75664 1.96266 1.48592 0.951417 1.18199 2.9312 0.831219 3.48646 2.22824 0.645824 2.28709 0.000956258 1.30712e-05 1.15641e-05 8.01207e-06 5.1232e-06 4.1512e-06 1.09699e-06
threshold=0.0003566480570210496 0.00036433507923024235 8.0265411878222017e-05 7.8802206951111855e-05 0.94885277594678163 -0.0019717469620106338 0.0003688666032741769 -9.3815382480433293e-05 0.00030178223011531543 9.1665694626819074e-05 1.3034871834196904 -0.00043195907874654654 -0.00044291663885598348 -0.00089784156068045673 0.001014500233920024 9.3842376111985551e-05 3.7969227059009299e-05 -0.0022924391454894884 -0.0018180123921274769 1.3106085317791092 -0.00014595263679595402 -0.00015188555048900596 -0.0018743172456741617 -0.0019910429097096389 0.0016648295828306516 0.0010552177957693367 5.227254910644686e-05 0.0018406911534494255 0.00018482416125753523
decision_type=2 2 2 2 2 2 2 2 2 2 2 2 2 2 2 2 2 2 2 2 2 2 2 2 2 2 2 2 2
left_child=7 2 3 5 -5 -2 23 8 9 13 -11 12 -10 -1 20 16 -16 19 -19 -8 21 -9 -13 -3 -25 -17 -22 28 -4
right_child=1 6 27 4 -6 -7 17 14 11 10 -12 22 -14 -15 15 25 -18 18 -20 -21 26 -23 -24 24 -26 -27 -28 -29 -30
leaf_value=0.06034744443936392 0.57805169725347161 -0.10186039162941152 -0.1005968563027293 1.1877511844691735 -0.10085144269583786 -0.10069834652850949 -0.0002041362874442914 -0.10019869939690929 -0.10071362454502081 0.042358373200230941 0.38747943971287357 -0.10775214985139187 0.33474345129234467 -0.062999730074172297 -0.10065576782626731 -0.10051552091348351 0.22346458121936169 0.02439111611148587 -0.00022268500037147672 -0.022143194207778667 -0.10040923729657181 0.22323266789995533 -0.10066768960212387 -0.1004677032951781 -0.10170247119754912 -0.10205917491352329 -0.10015441773391093 -0.10118427015471397 -0.1002346688122091
leaf_weight=1.7146690806548579 0.14602123107761145 0.080759994918480404 0.47900177258998156 0.15519306989153847 0.089936594711616635 0.47650061635067575 212.74228077114094 0.80632232713105623 0.20312945416662842 1.7794918971922018 0.39409323706058774 0.20790472335647825 0.2110348469577733 2.2690670780721103 0.53136266583169323 0.60735352677875187 0.58753027829516213 61.174864428699948 970.56569788901834 59.170046876184642 1.2130957520857921 0.2999724649125699 2.2797522500040941 1.1698835020069953 0.08110600197687734 0.035594193555880338 2.2568581675732275 0.11799727962352335 0.10131178126903251
leaf_count=550 9 9 104 40 18 108 9976 844 47 598 31 36 2 1665 298 354 68 3229 62208 2586 1403 32 1258 329 8 12 2647 18 49
internal_value=-0.000326721 -5.37713e-05 0.0902991 0.243975 0.714971 0.058512 -0.000162193 -0.0234882 -0.00144718 0.030631 0.104932 -0.0695132 0.121171 -0.00990897 -0.0549918 0.00745034 0.0695397 -5.9563e-05 0.00123674 -0.00497823 -0.0790318 -0.0125001 -0.10126 -0.100627 -0.100548 -0.100601 -0.100244 -0.100644 -0.100534
internal_weight=1321.95 1306.55 1.56596 0.867652 0.24513 0.622522 1304.98 15.3972 9.05914 6.15732 2.17359 2.90182 0.414164 3.98374 6.33809 1.76184 1.11889 1303.65 1031.74 271.912 4.57625 1.10629 2.48766 1.33175 1.25099 0.642948 3.46995 0.698311 0.580314
internal_count=88536 78691 346 175 58 117 78345 9845 4187 2844 629 1343 49 2215 5658 732 366 77999 65437 12562 4926 876 1294 346 337 366 4050 171 153
is_linear=0
shrinkage=0.1


Tree=54
num_leaves=26
num_cat=0
split_feature=1 2 0 3 0 1 1 2 2 4 3 2 3 2 4 3 4 0 3 3 0 3 2 0 0
split_gain=0.823096 0.791558 2.39575 2.14233 2.32982 1.9459 1.88834 1.03921 3.2027 8.29089 3.09203 4.7258 3.61064 2.4935 0.596291 2.45073e-06 4.2045e-06 2.01575e-06 7.69995e-07 1.18156e-07 1.1726e-07 8.5013e-08 7.78329e-09 2.62072e-09 1.11158e-09
threshold=0.00012195828543332384 2.0203856562933447 0.0021255856272306421 0.0015219882755728167 0.0002855091854093717 0.0081545892109362358 0.0058909735063260313 1.102586376973731 1.1672996276248124 -0.0036666144364357884 -0.003103244116358594 0.59965041375762185 -0.0020263402818944671 1.1771069841913551 0.0049035788281973644 3.2716750571815119e-05 -0.0022427510184453987 0.00064548713536438662 0.001014500233920024 -0.0006407131844337054 0.00052611292807713827 -0.0026697837027625511 0.98673547506338866 0.00077427868910062714 0.00070679916760341144
decision_type=2 2 2 2 2 2 2 2 2 2 2 2 2 2 2 2 2 2 2 2 2 2 2 2 2
left_child=15 7 3 4 -3 6 -4 10 9 -9 11 -2 -12 -10 -5 19 -17 18 -18 20 21 -1 23 -21 -19
right_child=1 2 5 14 -6 -7 -8 8 13 -11 12 -13 -14 -15 -16 16 17 24 -20 22 -22 -23 -24 -25 -26
leaf_value=-0.10039018111715164 -0.044306286887006059 -0.031791348542149635 0.025001087525969551 -0.10180014428657891 0.037427601912076384 -0.10498403353277748 0.15003629653871817 -0.060090078146763974 -0.043146286158598363 0.031166796649234163 -0.030339385258550962 0.024452127865523546 -0.002324142415436898 0.0012974402300547742 -0.023239184414583492 -0.10140386501152068 -0.10012041881642456 -0.10081301681078628 -0.10043027017796786 -0.10003701979849192 -0.10037397096495138 -0.10012904519188276 -0.10010771178808552 -0.10010184718638832 -0.10083675511956031
leaf_weight=0.013273137650685385 11.486315137648488 19.592426742718096 5.3599438620731226 4.1780167126562437 6.4678982357727355 0.87642320990562428 1.5592237152159212 11.302842083387075 13.051781150919849 83.527535066532437 49.504107454034965 77.038463070290163 650.65265921194805 384.95077739440603 1.2567751435562966 0.043792129785288125 0.17616714233008679 0.038674650553730316 0.14722746262850706 0.10594594880967534 0.024895287118852139 0.20519412080466282 0.020585126389050856 0.0066259693703614167 0.040261853588162921
leaf_count=9 611 1428 130 282 486 21 29 392 695 4464 2843 2534 52205 20820 57 11 504 10 193 381 16 337 38 10 30
internal_value=-0.00031839 -0.000256109 -0.0142371 -0.0265222 -0.0146119 0.0353962 0.0531776 0.000172543 0.00377493 0.0202899 -0.00207853 0.0155305 -0.00430494 -0.000160012 -0.0836332 -0.100315 -0.100473 -0.100372 -0.100261 -0.100127 -0.100168 -0.100145 -0.100051 -0.100041 -0.100825
internal_weight=1321.63 1320.81 39.2907 31.4951 26.0603 7.79559 6.91917 1281.51 492.833 94.8304 788.682 88.5248 700.157 398.003 5.43479 0.822643 0.446123 0.402331 0.323395 0.37652 0.243363 0.218467 0.133157 0.112572 0.0789365
internal_count=88536 86997 2433 2253 1914 180 159 84564 26371 4856 58193 3145 55048 21515 339 1539 748 737 697 791 362 346 429 391 40
is_linear=0
shrinkage=0.1


Tree=55
num_leaves=29
num_cat=0
split_feature=1 4 0 0 1 3 3 3 0 1 0 0 3 4 1 3 4 1 4 1 0 0 0 3 3 2 0 1
split_gain=0.787634 2.63452 2.58881 3.73567 8.48179 3.3239 2.09898 2.415 2.36442 1.18693 5.3432 7.72369 7.18682 5.4529 1.46388 1.48155 2.53885 1.38328 7.26728 3.44442 1.13582 6.4286 5.61504e-05 5.00047e-05 3.04895e-05 1.09169e-05 9.29021e-06 3.72336e-06
threshold=0.00056598043158488469 0.0021465422415475337 -0.00024998958420124889 -0.00024093164555605282 0.00042222353894434862 0.0020747971162518035 0.00021051800882010421 0.00022397072456115111 -0.00055968721936472388 0.00057093919497576363 0.00027793711533685711 0.00033540487082461828 -0.0012175928488984964 -0.00023596921707574878 0.00057623858051408891 -0.0012175928488984964 -0.00085485916351490932 0.00065304429124729395 0.0019995528747577267 0.00071243987199802092 -0.00024998958420124889 -0.00025907311931128158 -0.00026646607627944791 0.0012822732995008137 0.00120504968813151 0.84489671621191909 0.00013684570710659208 0.00021928879946321261
decision_type=2 2 2 2 2 2 2 2 2 2 2 2 2 2 2 2 2 2 2 2 2 2 2 2 2 2 2 2
left_child=1 2 6 4 -4 -5 8 -8 -1 10 12 -12 -2 -13 15 16 -11 18 -16 -19 21 22 -3 -14 -17 27 -27 -22
right_child=9 20 3 5 -6 -7 7 -9 -10 14 11 13 23 -15 17 24 -18 19 -20 -21 25 -23 -24 -25 -26 26 -28 -29
leaf_value=0.055747992264598735 0.34714292622112142 -0.10125414698111278 0.48296073838934339 -0.0051099113344833082 -0.10078266150819966 0.090088399261880239 0.32548613035678692 -0.0051067081357175671 -0.090200494327810604 -0.10144816957328094 0.7820650046267098 0.63039324163781663 -0.10094474732228131 -0.10109191411016823 0.0023689554150043567 -0.10090475019665401 0.33393914793464985 -0.030915091981757726 0.11617777003230847 0.00070556357656867928 -0.10123935619209433 0.67930512942481291 -0.10380709027741375 -0.1024724590294796 -0.10170490861418365 -0.10115325973999195 -0.10073697046229849 -0.10060016607930555
leaf_weight=1.2787873295164889 0.44411119120195586 0.50127874244935811 0.5024467496550632 84.957341728506435 0.49328012694604695 3.8331388450897057 0.23344683930918009 4.1337647826876491 8.4100294402160198 0.32158204913139343 0.22616495215333987 0.13676581066101789 1.5884014489129175 0.39986863709054887 45.388123477110639 1.8851525080390268 0.22952448669821057 35.542951427283697 6.402149135246872 1119.1022077593952 0.095777469410676441 0.12761369766667474 0.10403285443317145 0.24765967018902291 0.63716437853872765 1.1358216754451862 1.0152808433340395 1.879232376348227
leaf_count=413 27 113 67 19349 75 155 18 818 2416 27 23 20 208 54 5026 253 19 3796 494 54163 106 4 5 13 46 146 191 491
internal_value=-0.000300359 -0.00845495 -0.00508734 0.00115992 0.193776 -0.00100014 -0.0449932 0.0125649 -0.0709374 0.000430673 0.0628068 0.29191 -0.0138362 0.0853332 0.000273742 -0.0686532 0.0798817 0.000449335 0.0164376 -0.000267802 -0.080424 0.034291 -0.101693 -0.101151 -0.101107 -0.100801 -0.100957 -0.100631
internal_weight=1321.25 108.701 103.842 89.7862 0.995727 88.7905 14.056 4.36721 9.68882 1212.55 3.04297 0.762799 2.28017 0.536634 1209.51 3.07342 0.551107 1206.44 51.7903 1154.65 4.85904 0.732925 0.605312 1.83606 2.52232 4.12611 2.1511 1.97501
internal_count=88536 24367 23311 19646 142 19504 3665 836 2829 64169 345 97 248 74 63824 345 46 63479 5520 57959 1056 122 118 221 299 934 337 597
is_linear=0
shrinkage=0.1


Tree=56
num_leaves=28
num_cat=0
split_feature=1 0 0 3 2 3 1 1 1 1 2 2 4 4 3 3 2 2 2 2 2 0 0 3 3 4 4
split_gain=0.776296 1.99788 2.55258 6.79713 3.93292 2.12152 1.46962 1.45158 1.13654 3.91681 2.57721 18.3 1.8605 1.8704 0.960197 4.32682 0.830635 1.64386 0.792605 7.58895 2.62317 0.585249 3.28174 0.00105453 3.29585e-05 1.84894e-06 5.99704e-07
threshold=0.00038977948329209502 6.1439955514219782e-05 2.7355495064718131e-05 -0.0010433402931718236 1.0564689788914985 0.0023668788621210583 0.00020976467523779917 0.00037956045762996027 0.00041788560966760758 0.00043932031561734079 1.6300101777410512 1.6934012392583606 -0.0033104042100683402 -0.0016207090053490523 0.00062465060404648398 0.00063771921272937082 0.60965774024003705 0.61427531371282174 0.706971637566019 0.67591509260258797 0.91529180799942722 0.00017831110183552659 0.00018482416125753523 -0.0018743172456741617 -0.0010005193566438584 -0.00039968558074759958 0.0027350265637153819
decision_type=2 2 2 2 2 2 2 2 2 2 2 2 2 2 2 2 2 2 2 2 2 2 2 2 2 2 2
left_child=1 2 5 -4 -5 7 16 -1 10 14 12 -12 -2 -14 24 -16 26 -18 19 -11 -20 23 -23 -8 -10 -13 -3
right_child=8 6 3 4 -6 -7 21 -9 9 18 11 25 13 -15 15 -17 17 -19 20 -21 -22 22 -24 -25 -26 -27 -28
leaf_value=-0.0082175290417884333 0.28644128664457041 -0.10024966563763126 0.5428118273240703 -0.10049513525628265 0.1729348933021724 0.17578433412846201 -0.1099276526895534 -0.10097045782366293 -0.10119648245489699 -0.002971225372816549 1.1457563755171585 -0.10151148691485712 -0.1019249253701749 0.026544690454536769 0.44665956696722003 -0.060380402198768002 0.3367430274157534 0.018762862852016719 -0.009597995839300667 0.048310221442186031 0.0018873127854874734 0.30934741809350302 -0.071466877828051209 -0.10080177391989918 -0.1005340427704224 -0.10108796969536155 -0.10085451511361464
leaf_weight=11.940898265565922 0.25575302168726821 0.28507919771072721 0.3002083906612828 1.068050005102122 1.0366009599529205 0.56837648083455938 0.13108872662996907 1.964916552067735 0.94049514294601966 166.87978063686751 0.16040869732387442 0.1638225840870291 1.2551227279473067 11.672942635137586 0.1811617151834074 2.3706203718320467 0.20991060239612125 0.72103028287529014 263.6399795942707 34.89122176123783 809.26388287753798 0.24376685288734767 3.1575393896637252 3.7159131934749894 3.7288322335807598 0.27801778283901513 0.017392492271028459
leaf_count=6138 11 539 36 690 194 29 11 359 122 12562 22 16 123 1867 12 315 10 434 17725 2220 40648 75 1577 1805 935 37 24
internal_value=-0.000301596 -0.0176286 0.00226765 0.097672 0.034177 -0.0135836 -0.0572231 -0.0213237 3.755e-05 -0.00026959 0.028597 0.230893 0.0193559 0.0140722 -0.0737104 -0.0243835 0.0436847 0.0904617 0.000146456 0.00589661 -0.000934922 -0.0743942 -0.0441745 -0.101113 -0.100667 -0.101245 -0.100284
internal_weight=1321.04 25.3608 16.8791 2.40486 2.10465 14.4742 8.48172 13.9058 1295.68 1281.9 13.7861 0.602249 13.1838 12.9281 7.22111 2.55178 1.23341 0.930941 1274.67 201.771 1072.9 7.24831 3.40131 3.847 4.66933 0.44184 0.302472
internal_count=88536 11921 7446 920 884 6526 4475 6497 76615 74539 2076 75 2001 1990 1384 327 1007 444 73155 14782 58373 3468 1652 1816 1057 53 563
is_linear=0
shrinkage=0.1


Tree=57
num_leaves=21
num_cat=0
split_feature=4 2 1 1 1 2 2 1 0 0 1 2 2 2 1 1 1 0 1 4
split_gain=0.747166 1.8208 1.40192 6.08939 1.43646 4.54256 2.28087 1.28958 2.43079 7.66429 6.55739 2.19516 11.9326 5.81427 1.26832 0.00321727 0.000359932 0.000270323 0.000107154 6.68672e-06
threshold=0.013718327855209435 0.18235957317141954 0.0026706140471029331 0.0029071704173617907 0.0049636373268024461 0.7737558673727909 1.4175041361266187 0.003991110946173485 -0.0017834814857199952 -0.001619318752705323 0.0020796228111222737 0.9977988942752628 0.91529180799942722 1.0484083741546333 0.0018497129442768194 0.0053443694463241841 0.0038429751434839771 -0.00023525490851827866 0.0025207866612528235 0.001879024957416098
decision_type=2 2 2 2 2 2 2 2 2 2 2 2 2 2 2 2 2 2 2 2
left_child=1 15 14 -4 6 -6 -5 8 10 -10 -3 12 -9 -13 -2 16 19 -16 -19 -1
right_child=2 7 3 4 5 -7 -8 11 9 -11 -12 13 -14 -15 17 -17 -18 18 -20 -21
leaf_value=-0.10065376645022837 0.051521012242989342 0.077942621910100568 0.20495414747408827 -0.055099729159783284 0.081814043193393526 -0.02953403096699991 0.10679220922823827 -4.329116691890245e-05 0.074818706729502291 -0.0009351710511001283 -0.038364846526037527 -0.083476309091280176 0.10060200561908089 0.0065297738968263536 -0.10527484277013842 -0.11475823040187516 -0.10440380969412347 -0.1027364341122002 -0.10442880304004905 -0.10117441525603316
leaf_weight=0.72639150056056567 0.64450540998950545 5.5380893516994538 1.2883619070053089 11.632528755813837 5.0375803448259857 13.435310447588561 0.94063490629196245 53.441179079934955 13.523900911881354 1072.9970231520056 38.87240311363712 7.9274130761623374 15.111019155010579 75.833644025027752 1.0254033179953701 0.21803901344537724 0.37904948368668545 1.2598966276273125 0.53215106204152096 0.37351509572181385
leaf_count=280 25 298 30 230 59 236 19 889 653 82021 1859 128 213 1437 24 2 12 53 14 54
internal_value=-0.00030007 9.69187e-05 -0.0145503 -0.00807485 -0.0169152 0.000830728 -0.0429881 0.00023381 -0.000929566 7.73572e-06 -0.023861 0.00887192 0.022142 -0.00198869 -0.0750306 -0.103418 -0.101746 -0.10398 -0.103239 -0.100831
internal_weight=1320.74 1284.94 35.7964 32.3344 31.0461 18.4729 12.5732 1283.24 1130.93 1086.52 44.4105 152.313 68.5522 83.7611 3.46196 1.697 1.47896 2.81745 1.79205 1.09991
internal_count=88536 87846 690 574 544 295 249 87498 84831 82674 2157 2667 1102 1565 116 348 346 91 67 334
is_linear=0
shrinkage=0.1


Tree=58
num_leaves=28
num_cat=0
split_feature=1 2 0 3 3 1 1 1 2 2 1 1 0 0 4 4 3 3 4 0 4 3 3 0 3 2 4
split_gain=0.714225 0.673099 1.91235 2.14925 8.79275 2.57224 1.93784 2.54974 1.7337 0.801237 6.72189 10.2591 5.77115 1.49104 2.90091 2.80343 1.572e-06 3.23347e-06 1.94933e-06 1.11427e-06 6.72692e-07 3.63142e-07 7.18827e-08 5.64871e-08 4.55451e-08 5.26103e-09 3.34149e-09
threshold=0.00012195828543332384 2.0203856562933447 0.0021255856272306421 -0.00032139935342750942 -0.00039101163781929399 0.0014528058880792381 0.0043921420790251006 0.0058909735063260313 2.5689039239184415 1.7180818829521038 0.0016420143172056038 0.0017634214669839394 -0.0014887270584347243 0.00070679916760341144 -0.0068262865674329478 -0.0059776300786387173 3.2716750571815119e-05 0.00010772858110963403 -0.0021377867060201057 0.00092010931777752891 -0.0015154141186783374 0.00099353916342603842 -0.0006407131844337054 0.00052611292807713827 -0.0026697837027625511 0.98673547506338866 -0.0025270838093742749
decision_type=2 2 2 2 2 2 2 2 2 2 2 2 2 2 2 2 2 2 2 2 2 2 2 2 2 2 2
left_child=16 9 3 4 -3 -5 8 -8 -4 13 12 -12 -11 14 -2 -15 22 18 -18 -20 -19 -22 23 24 -1 26 -24
right_child=1 2 6 5 -6 -7 7 -9 -10 10 11 -13 -14 15 -16 -17 17 20 19 -21 21 -23 25 -25 -26 -27 -28
leaf_value=-0.10031943211241943 -0.022160826221193215 -0.010241001486958541 0.04180557452952275 -0.01630619695893986 0.51592896965999402 -0.10188543299628697 -0.10606170451913084 0.049000087407664115 0.19607339553813852 0.31416335437401277 0.24519002689343519 0.025905755905770985 -0.036102699324774702 0.026958883643989157 0.0029011848944720002 -0.0094101983501338783 -0.10193298650384137 -0.10058581712228698 -0.100203044071365 -0.10124349663400188 -0.10009735552381094 -0.10033134626362537 -0.1001101685663687 -0.10030274950206433 -0.10011544470064976 -0.10009588299542171 -0.10003269700415916
leaf_weight=0.011649527645204216 48.737567356787622 16.05563872813946 2.7083246642723666 8.2281908605946246 0.32400324544869263 6.1277932915836564 1.8053857404738662 2.5699905138462782 0.99653878435492504 0.4802708243951227 2.2978122737258664 29.835952311754227 22.884887448162772 22.987728295149282 881.88678467678255 271.71223891721456 0.018603743985295296 0.060005843290127814 0.02155141370894853 0.019703835714608431 0.13184898460895056 0.1334616188032669 0.0059278593107592306 0.020402441157784779 0.18111141705594491 0.018268730491399765 0.091569707379675402
leaf_count=9 1792 999 64 811 33 410 36 50 30 23 85 888 1782 577 67779 11638 1 30 44 2 461 210 8 16 337 38 383
internal_value=-0.000289313 -0.000235209 -0.0132085 -0.0245893 0.000167088 -0.0528353 0.0300814 -0.0149821 0.0833007 0.000157953 0.0119102 0.0415863 -0.028903 -0.000374342 0.00158867 -0.00657327 -0.100271 -0.100408 -0.101083 -0.1007 -0.100283 -0.100215 -0.10011 -0.100145 -0.100128 -0.100047 -0.100037
internal_weight=1320.35 1319.64 38.8159 30.7356 16.3796 14.356 8.08024 4.37538 3.70486 1280.82 55.4989 32.1338 23.3652 1225.32 930.624 294.7 0.714105 0.385175 0.059859 0.0412552 0.325316 0.265311 0.32893 0.213163 0.192761 0.115766 0.0974976
internal_count=88536 86997 2433 2253 1032 1221 180 86 94 84564 2778 973 1805 81786 69571 12215 1539 748 47 46 701 671 791 362 346 429 391
is_linear=0
shrinkage=0.1


Tree=59
num_leaves=28
num_cat=0
split_feature=1 0 0 1 0 4 0 4 4 4 2 1 1 2 2 2 3 3 4 2 2 3 3 0 3 4 3
split_gain=0.686998 1.31765 3.931 5.21593 1.56606 4.87423 2.35405 1.42856 1.20196 1.45834 1.64286 1.07024 3.4762 3.1872 12.8134 3.05363 0.94169 2.48477 0.666198 1.51468 1.39621 0.000457191 7.12749e-05 7.89817e-05 2.45663e-05 1.56035e-05 7.27794e-06
threshold=0.00039372436640052795 4.713066204220518e-05 2.7355495064718131e-05 0.00038441151144294732 -8.3096413104333231e-05 0.0015008620250258622 -0.00024998958420124889 0.0019570099274975887 0.00072236039567508137 0.00070228512981140867 0.84489671621191909 0.00041788560966760758 0.00043932031561734079 0.67175724625267985 0.67968087825158674 1.2472268509793372 0.00062465060404648398 0.00063771921272937082 0.013718327855209435 0.18235957317141954 1.8069767381912181 0.0021830067857768758 0.0019750095462217625 0.00014939867118546338 -0.0010005193566438584 0.001916739916605015 0.0012547915328845474
decision_type=2 2 2 2 2 2 2 2 2 2 2 2 2 2 2 2 2 2 2 2 2 2 2 2 2 2 2
left_child=1 2 4 7 6 -6 -1 -4 9 10 -3 13 16 21 -15 -16 24 -18 19 -14 -20 26 25 -24 -13 -10 -2
right_child=11 8 3 -5 5 -7 -8 -9 22 -11 -12 12 18 14 15 -17 17 -19 20 -21 -22 -23 23 -25 -26 -27 -28
leaf_value=-0.069964761397342978 -0.10052080391500147 -0.10039542021390968 0.059777218601321791 0.83062121944627332 -0.10067401062186504 0.19554680176775174 0.035841220862395919 0.34425716557396185 -0.10048592377672368 0.19440739359794484 0.0023248851817785471 -0.10108402361518108 -0.1033023849588515 0.80661161440934925 0.0018236510397411723 0.12691628243077838 0.26401310449031551 -0.057769488518310264 -0.0090506375260532134 0.00065144549297270135 -0.1043995944873837 -0.10590829631832362 -0.10429342283065231 -0.10082724605694023 -0.10048366047671682 -0.10108637344742749 -0.10116648718317321
leaf_weight=2.8691088651394248 1.2268569384468708 2.360511900194977 1.1002673884213425 0.10729711176827539 4.1600176821084487 0.64109375261614321 7.8728316438500778 0.2102521156775764 1.9530562046711573 0.2949235337509889 4.5740552960778587 0.8536593394819646 1.4032403870951373 0.21899067785125126 7.6832140357000736 2.6158066854113713 0.26877884892746839 2.2390509543474764 33.712677850853652 1237.6082756252727 1.6090410808101285 0.18400050594937045 0.1164300338277825 0.15099481439392548 3.3809911188436663 0.55598507662216423 0.20353021030314256
leaf_count=1332 347 1910 357 13 2637 166 2577 13 1202 39 1677 122 170 20 1098 229 12 315 648 72295 42 9 19 79 935 246 27
internal_value=-0.000280701 -0.0160779 0.000900221 0.160299 -0.0136399 -0.0611196 0.00758107 0.105418 -0.0448572 -0.0233786 -0.0326409 4.87134e-05 -0.000231244 0.0296098 0.04969 0.0335954 -0.071845 -0.0232822 0.000147663 0.000533713 -0.0133942 -0.101216 -0.100784 -0.102336 -0.100605 -0.100619 -0.100613
internal_weight=1320.17 26.9668 16.9609 1.41782 15.5431 4.80111 10.7419 1.31052 10.006 7.22949 6.93457 1293.21 1281.08 12.1324 10.518 10.299 6.74248 2.50783 1274.33 1239.01 35.3217 1.61439 2.77647 0.267425 4.23465 2.50904 1.43039
internal_count=88536 12267 7095 383 6712 2803 3909 370 5172 3626 3587 76269 74539 1730 1347 1327 1384 327 73155 72465 690 383 1546 98 1057 1448 374
is_linear=0
shrinkage=0.1


Tree=60
num_leaves=28
num_cat=0
split_feature=1 4 0 0 3 1 2 2 2 3 1 3 3 4 4 3 3 2 3 4 3 4 3 1 4 4 2
split_gain=0.631917 1.2643 1.46943 0.885441 0.733462 0.707709 2.00448 2.54186 2.00447 1.33247 1.20819 1.24608 2.13277 0.671503 3.13821 1.92877 0.57555 0.760542 0.390211 0.576176 0.165507 3.02414e-05 2.0458e-05 7.78384e-06 1.44325e-06 7.42139e-07 2.29189e-07
threshold=0.0002664715382670304 -0.0021377867060201057 0.00064548713536438662 0.00066072359927205071 -0.00091556879712817441 0.00028898613418494194 1.3034871834196904 0.46515389144465508 1.3693408674920444 -0.0012175928488984964 0.00035070508710457083 3.2716750571815119e-05 5.227254910644686e-05 -0.0022924391454894884 -0.0011828087329588952 0.0027600903962071714 0.001014500233920024 0.61427531371282174 -0.00089784156068045673 -0.0021898433293734971 -0.0008184196338347215 -0.0020853775094415434 0.00053274928273505673 0.00026085075394844981 -0.0022427510184453987 -0.00041906820034248721 0.75279144302030687
decision_type=2 2 2 2 2 2 2 2 2 2 2 2 2 2 2 2 2 2 2 2 2 2 2 2 2 2 2
left_child=1 4 16 -4 23 6 7 20 -8 -9 11 21 -13 15 -15 -12 22 -18 -6 -20 -2 -7 -3 24 -1 -10 -5
right_child=5 2 3 26 18 10 8 9 25 -11 13 12 -14 14 -16 -17 17 -19 19 -21 -22 -23 -24 -25 -26 -27 -28
leaf_value=-0.10025461101220104 0.24926113457904353 -0.1001950004410422 0.23315145225067357 -0.10033729820142244 0.20759684089771135 -0.10119917630415527 0.32391581073673503 0.10562915145123386 -0.10060047150923229 -0.10047875554546369 -0.006430565185757452 0.27178257395767924 -0.030235480634898129 0.014059575206297815 -0.0012337598048937724 0.032281964904851863 0.081915773965084579 -0.10155386041410004 -0.1008629838456918 0.13669368329985185 0.14203520129420072 -0.1002874314099353 -0.10093524168047592 -0.10201237035403379 -0.10091663435429894 -0.10015421019676057 -0.10062683276307914
leaf_weight=0.11508188465086278 0.24920179380569607 2.404354434213019 0.2573301697266287 0.044692759423924144 0.28124123066663742 0.4450936789507981 0.43328282207949076 0.40869447239674661 0.080310530727729201 1.3489975976408453 256.91599915502593 0.25678463233634863 2.6142506957694422 158.38973196409643 877.7203582583461 13.548671011347322 0.45738344945129927 0.44651092897402123 0.15252463515207637 0.30882153345737595 0.34083384282712348 1.9916785974055518 0.44198286965547584 0.039375823922455311 0.04613038245588541 0.069527397688943893 0.070412907269201241
leaf_count=93 9 3719 8 64 2 100 18 23 21 847 12294 18 1672 9228 57222 293 248 165 66 8 67 1671 580 5 12 53 30
internal_value=-0.000273725 -0.0355245 -0.0594195 0.130028 0.0689214 -0.000137907 0.0489468 0.00773138 0.214886 -0.052555 -0.000247566 -0.047861 -0.00322307 -5.41424e-05 0.00110413 -0.0044913 -0.0782335 -0.00871561 0.114754 0.0581556 0.187322 -0.100454 -0.10031 -0.100752 -0.100444 -0.100393 -0.100514
internal_weight=1319.88 5.06584 4.12267 0.372436 0.943175 1314.81 2.93085 2.34773 0.583121 1.75769 1311.88 5.30781 2.87104 1306.57 1036.11 270.465 3.75023 0.903894 0.742587 0.461346 0.590036 2.43677 2.84634 0.200588 0.161212 0.149838 0.115106
internal_count=88536 5000 4814 102 186 83536 1038 946 92 870 82498 3461 1690 79037 66450 12587 4712 413 76 74 76 1771 4299 110 105 74 94
is_linear=0
shrinkage=0.1


Tree=61
num_leaves=26
num_cat=0
split_feature=1 0 3 2 2 3 3 0 2 3 4 4 2 0 2 2 0 0 0 2 4 0 2 1 4
split_gain=0.624271 2.91849 3.7028 7.23398 2.32884 5.95754 8.48963 5.1253 2.04128 1.71113 7.43419 2.95107 1.51121 4.83488 2.70802 1.65481 1.50217 2.85218 1.22994 0.797808 0.785121 0.687591 0.456076 0.00632923 0.000123348
threshold=0.0033406565687884907 0.0024721965781214776 0.0052644939037848068 1.134926944573639 0.46515389144465508 -0.0037143499144114407 0.0038160344170724563 -0.00099869852765543921 0.3473579573075673 -0.0055429375743777367 0.0019995528747577267 -0.0073721458643278273 0.57793668077390115 -0.0036520364852135052 0.59474414457354641 0.62359253994644892 -0.00031754840026687598 -0.00032634730464947687 0.00083086053705105922 1.8069767381912181 0.003626806417263873 -0.0018828935967078462 0.23386109270902034 0.0053443694463241841 0.0049035788281973644
decision_type=2 2 2 2 2 2 2 2 2 2 2 2 2 2 2 2 2 2 2 2 2 2 2 2 2
left_child=1 8 19 -4 5 23 7 -7 16 10 -10 -11 13 -6 -14 -16 17 -1 -15 24 -21 -8 -18 -2 -3
right_child=4 2 3 -5 12 6 21 -9 9 11 -12 -13 14 18 15 -17 22 -19 -20 20 -22 -23 -24 -25 -26
leaf_value=-0.021627903690891719 -0.10492248253993866 -0.10245653581632874 0.31724462198881503 -0.10374886441181413 0.15597383110773785 0.028562413340544174 0.029712327582318489 0.26140962658642253 0.014581733478312129 -0.046396494674830271 0.29615144975353874 -0.00029914509389421316 0.1305430814443041 -0.10788885906448101 -0.060322084084467625 0.0041220008533977334 -0.034624404988813424 0.35277471184873987 -0.026843027403543648 0.069334203805519509 -0.10322408405952739 -0.061716727783762207 -0.10100157446649022 -0.11677364276418029 -0.10348191827154203
leaf_weight=3.7308736094200872 0.88636601483449318 4.6384990243241173 0.7128666150383649 0.95487800985574722 1.1099349483847616 1.4078866569325326 1.3535448890179398 2.8771808575838786 16.179348004050556 14.078315931838004 0.99538428150117297 1025.2821917190158 1.6760371774435032 3.7729539871215803 4.057826714590191 220.74603738263249 1.4219852703608902 0.21520594297908235 3.7174993101507425 0.58092277031391837 0.48281629011034966 2.0967337423935533 3.8050478824297898 0.91670278832316399 1.5703454418107865
leaf_count=494 30 215 24 28 19 28 18 36 716 694 26 79917 30 89 72 4380 499 13 74 23 17 39 992 12 51
internal_value=-0.00025349 -0.00129133 -0.0581882 0.0762021 0.00430592 0.0527449 0.0909008 0.184906 -0.00081402 -0.000406219 0.0309005 -0.000923542 0.0023405 -0.0388038 0.00390292 0.00295875 -0.0477835 -0.00120924 -0.0676659 -0.0890065 -0.00898759 -0.0258491 -0.082944 -0.110948 -0.102716
internal_weight=1319.27 1074.65 8.94033 1.66774 244.619 9.53841 7.73535 4.28507 1065.71 1056.54 17.1747 1039.36 235.08 8.60039 226.48 224.804 9.17311 3.94608 7.49045 7.27258 1.06374 3.45028 5.22703 1.80307 6.20884
internal_count=88536 83709 358 52 4827 163 121 64 83351 81353 742 80611 4664 182 4482 4452 1998 507 163 306 40 57 1491 42 266
is_linear=0
shrinkage=0.1


Tree=62
num_leaves=25
num_cat=0
split_feature=4 2 0 0 0 2 4 1 2 2 4 2 2 2 0 4 0 2 2 3 1 0 0 3
split_gain=0.641985 3.32063 5.29238 12.7761 5.5887 2.19102 1.5052 4.89631 2.18862 7.20422 1.68238 1.4081 15.1131 1.37066 0.9654 4.01269 3.57927 5.99608 3.39435 1.72849 0.56641 0.371942 1.89633 0.000160467
threshold=-0.012196555482038627 1.5454722235168403 -0.00076787586078758119 -0.00036886427551574558 0.0019872394529505404 1.6718057608813586 -0.0073721458643278273 0.0023902592727851036 0.78724366725409822 0.813103847415931 -0.010206261480286969 1.0815989931656833 1.01642979234616 1.9226578170077342 0.0011493826905649709 -0.0068262865674329478 0.0011154892558717935 1.0523458230240126 0.97322932027176401 0.00120504968813151 0.0081545892109362358 -0.001123855002184315 -0.0012773219364909381 0.0018718838128071182
decision_type=2 2 2 2 2 2 2 2 2 2 2 2 2 2 2 2 2 2 2 2 2 2 2 2
left_child=1 2 11 -4 -5 -3 7 21 10 -10 -9 12 -1 -7 16 -16 19 -18 -17 -8 -13 22 -2 -23
right_child=6 5 3 4 -6 13 14 8 9 -11 -12 20 -14 -15 15 18 17 -19 -20 -21 -22 23 -24 -25
leaf_value=-0.064106196729914397 -0.10186372533002037 0.24046710996879361 0.3350610584204235 -0.05653272570340389 0.074759035322393141 -0.023314828477576603 -0.0017321191937259423 0.003065734719684477 0.26682280644454598 0.0010230555733708405 -0.10347893106812796 -0.10415215320743883 0.39352422294634826 0.11506006514218786 0.15532337536647586 -0.025152615892787944 0.18698181821224485 -0.012500495326843395 0.0020832291799746457 0.0074199655886439536 -0.02691828212432977 -0.10172153917593174 0.13716015157153294 -0.1040484966955415
leaf_weight=7.1626797076314741 1.5993561551440509 0.86950670741498415 1.3613228537142283 6.114078208804127 6.9023484289646149 1.1872454825788739 762.45585017470876 2.7671357002109289 1.0751170329749609 19.787478318437934 3.1912086037918952 3.8677481394261122 0.8024946767836808 1.8028661441057918 1.5231637337710697 71.019964272731158 2.749867281803744 3.3333331872709095 128.64826960582286 282.93926258965075 1.2585148699581621 5.7298262699041498 0.41884059458971012 0.31251615565270174
leaf_count=186 101 23 33 147 92 21 65540 77 29 619 126 116 19 34 39 2628 164 162 4160 13761 23 395 30 11
internal_value=-0.000250754 0.0138932 0.00168958 0.0435738 0.0130886 0.100747 -0.000594905 -0.0210846 -0.000545474 0.0147206 -0.0539981 -0.0443101 -0.0179997 0.0601173 -2.43552e-05 -0.0063708 0.00118998 0.0776741 -0.00760428 0.000744919 -0.085191 -0.0894272 -0.0522586 -0.101842
internal_weight=1318.88 31.3288 27.4692 14.3777 13.0164 3.85962 1287.55 34.8815 26.8209 20.8626 5.95834 13.0914 7.96517 2.99011 1252.67 201.191 1051.48 6.0832 199.668 1045.4 5.12626 8.06054 2.0182 6.04234
internal_count=88536 694 616 272 239 78 87842 1388 851 648 203 344 205 55 86454 6827 79627 326 6788 79301 139 537 131 406
is_linear=0
shrinkage=0.1


Tree=63
num_leaves=31
num_cat=0
split_feature=3 2 2 4 0 3 0 3 3 4 4 3 2 3 3 4 2 1 2 3 3 2 3 0 0 1 0 1 2 1
split_gain=0.645678 3.83971 6.62265 9.26382 9.79115 3.48406 14.4898 4.49942 3.10664 4.93451 6.95695 10.0124 7.93201 4.17989 6.41226 24.6627 4.91736 2.98447 3.12547 2.84062 2.33678 5.37154 3.73014 1.90815 5.60436 17.2315 2.41049 1.94342 1.94682 0.000138329
threshold=-0.00087556697975993403 0.61427531371282174 0.62795451891548326 0.0032238385838282428 0.0004266556231010688 -0.00098042912768092605 -0.0012773219364909381 -0.0010433402931718236 5.8063582017653388e-05 -0.0014152075273199947 -0.0022427510184453987 -2.5617345688289103e-05 0.50292733482529395 0.00014032587708101565 0.00012748632258907658 -0.00083369564634311322 1.121315115764417 0.00062329451964788769 1.5454722235168403 3.2716750571815119e-05 0.00022397072456115111 0.54052806616940019 0.00051989483961623073 0.00033540487082461828 0.00024784000551936197 0.0012633636599241173 -0.00084902771678313494 0.0033406565687884907 0.44228752381450875 0.0019239036757240633
decision_type=2 2 2 2 2 2 2 2 2 2 2 2 2 2 2 2 2 2 2 2 2 2 2 2 2 2 2 2 2 2
left_child=1 23 3 4 -3 7 -7 -4 9 10 11 -2 -12 14 16 -16 -10 19 -19 -11 21 -15 -22 24 26 -26 -1 29 -29 -25
right_child=8 2 5 -5 -6 6 -8 -9 13 17 12 -13 -14 20 15 -17 -18 18 -20 -21 22 -23 -24 27 25 -27 -28 28 -30 -31
leaf_value=-0.067553655635391549 -0.040223172128747299 -0.020196681825848991 0.0043044363131974532 0.56619803112127842 0.37723820443587563 0.30163293923533024 0.017629620903012979 -0.055777819614396533 -0.014978374165160721 -0.054535415259630154 0.29032886526728652 0.18886364417814583 0.035335978643870079 0.19128623999637345 0.77302262855196735 0.034701448912859881 0.09678318011150594 -0.019913001433362429 0.032636918094995075 0.081621432402270711 0.022858716826864509 -0.044982339734144436 -0.0015055487264562736 -0.10105334169705307 -0.10108213838228659 0.80846802342195723 -0.0012112005454461999 0.080653263902514594 -0.065775047201128145 -0.10204604291449026
leaf_weight=8.1669887184252747 25.809579150256472 2.4507091468549334 355.62354799491004 0.44574150629341591 0.82974275201559056 1.9748949287459279 19.882445759008988 12.916922538919605 11.297681759642733 32.109902379823325 1.2746996310452257 2.060103436902863 28.380490917857969 1.012631168487135 0.57147077069385011 2.1718996504569068 6.0423917227308257 107.04524289665278 12.656201822683213 1.609049758844775 70.66898327441595 19.339554942322138 567.02811248176295 3.7869837098987755 0.57016732252668489 0.32817983999848366 16.626178783866639 1.4577696202322843 2.4074912238866091 2.2304640002548695
leaf_count=537 1674 189 16548 11 38 85 1390 881 1546 9387 194 117 2003 230 46 298 518 8254 961 369 7569 2179 30919 480 82 14 1816 20 50 131
internal_value=-0.000257146 0.00292566 0.00576566 0.13845 0.0803287 0.00449924 0.0432904 0.00219862 -0.00179542 -0.012394 0.0125836 -0.0232893 0.0462966 0.00150146 0.0464417 0.188501 0.0239665 -0.0217593 -0.0143568 -0.0480381 0.000129896 -0.0332267 0.00119448 -0.0285385 -0.0141743 0.23119 -0.0230647 -0.0658804 -0.0105501 -0.101421
internal_weight=1318.78 429.698 394.124 3.72619 3.28045 390.398 21.8573 368.54 889.078 210.945 57.5249 27.8697 29.6552 678.133 20.0834 2.74337 17.3401 153.42 119.701 33.719 658.049 20.3522 637.697 35.5742 25.6915 0.898347 24.7932 9.88271 3.86526 6.01745
internal_count=88536 22272 19142 238 227 18904 1475 17429 66264 22959 3988 1791 2197 43305 2408 344 2064 18971 9215 9756 40897 2409 38488 3130 2449 96 2353 681 70 611
is_linear=0
shrinkage=0.1


Tree=64
num_leaves=26
num_cat=0
split_feature=2 0 0 1 0 0 0 0 4 2 3 2 1 4 1 0 3 3 2 4 4 3 1 0 3
split_gain=0.646863 1.8501 5.15305 3.56868 3.68718 7.56345 1.94371 7.55789 1.61897 0.99904 3.05269 0.675625 5.3183 5.48057 6.77066 1.1284 0.635911 7.36744 6.43125 4.32337 9.406 3.211 2.8096 0.000298461 0.000151253
threshold=2.0203856562933447 9.3842376111985551e-05 0.00013684570710659208 0.001948416854359364 -0.0007299856239901813 -0.00045206594176255827 0.0002855091854093717 0.00035832340481778418 -0.016345454625417862 2.5689039239184415 -0.0013037494570025674 1.968452595836758 0.0049636373268024461 -0.00041906820034248721 0.0018958671383343016 0.0021255856272306421 0.0003370510851323783 0.00051989483961623073 0.65886664334155987 0.0059081524902060431 0.0049035788281973644 -0.0055429375743777367 0.0058909735063260313 7.597918269108829e-05 -0.00093560385434066074
decision_type=2 2 2 2 2 2 2 2 2 2 2 2 2 2 2 2 2 2 2 2 2 2 2 2 2
left_child=11 3 -3 9 8 -6 24 -8 -5 23 -11 16 13 14 -13 -15 19 18 -18 20 -1 -21 -19 -2 -4
right_child=1 2 6 4 5 -7 7 -9 -10 10 -12 12 -14 15 -16 -17 17 22 -20 21 -22 -23 -24 -25 -26
leaf_value=-0.0019498839465090208 -0.10124263714892885 0.34158573691119809 -0.10346257455861302 0.10061714375682931 0.45013438977435744 -0.016124524087287633 0.33454645961943147 -0.0032326966938732177 -0.038965200527958571 0.125638168384238 -0.10126901238042266 0.25151004064016247 0.2234041184469068 -0.10269606807000098 -0.10291380847616372 0.038023295689918579 0.14605544571046133 0.0007549812256387998 0.027721433380669049 0.020256281921880604 0.11327233385058294 -0.067234660367991805 -0.033082935225230987 -0.10505430376228855 -0.10139489808099103
leaf_weight=654.89611842494196 6.264561146701455 0.4511149426689397 0.49898319283965964 0.95788706839084525 0.54274215269833803 0.96916040871292153 0.68789178156294184 17.890643954946427 6.2708511929959068 0.86821520724333856 1.8697960730060001 1.4140519794309514 1.1950123719871042 3.2635543166543353 0.87099304422736157 0.69038818776607502 5.2183643654716425 519.21738664314762 38.311540042668639 5.5911583080887821 7.1623628353117956 16.796763693331741 25.755071392282844 0.21239157766103733 1.2158115213969747
leaf_count=50919 658 38 19 14 24 34 58 882 316 61 200 88 17 195 35 13 827 29421 3539 50 184 398 414 12 120
internal_value=-0.000301815 -0.0130393 0.00730258 -0.0365407 0.0092344 0.151253 -0.000128438 0.00927397 -0.020469 -0.0799596 -0.0293174 8.31808e-05 0.0301424 -0.00687488 0.116414 -0.0781254 -9.23644e-05 0.00231803 0.0419073 -0.00216488 -0.000703373 -0.0453847 -0.000844178 -0.101368 -0.101997
internal_weight=1319.08 38.7001 20.7444 17.9556 8.74064 1.5119 20.2933 18.5785 7.22874 9.21496 2.73801 1280.38 7.434 6.23899 2.28505 3.95394 1272.95 588.502 43.5299 684.446 662.058 22.3879 544.972 6.47695 1.71479
internal_count=88536 2436 1117 1319 388 58 1079 940 330 931 261 86100 348 331 123 208 85752 34201 4366 51551 51103 448 29835 670 139
is_linear=0
shrinkage=0.1


Tree=65
num_leaves=20
num_cat=0
split_feature=2 4 3 3 4 1 3 1 2 1 0 4 3 2 4 2 4 1 1
split_gain=0.588251 5.183 2.14453 4.75798 2.65121 2.59005 0.609398 2.13763 3.01351 2.76169 2.69311 1.2777 6.92375 4.15629 1.35218 3.14683 0.975425 0.0113857 0.000746531
threshold=0.30002186473863562 0.01872390144043035 0.0014278879778549804 0.00076864983784874507 0.0013217131674856388 0.0053443694463241841 0.012133721506861874 0.0027224839620995692 0.91529180799942722 0.0081545892109362358 0.0031111316081121614 0.01872390144043035 0.0089073951143514591 0.92188630539743066 0.013718327855209435 1.5015609151797185 0.0053671315012194807 0.0053443694463241841 0.0036910851193512587
decision_type=2 2 2 2 2 2 2 2 2 2 2 2 2 2 2 2 2 2 2
left_child=1 2 3 5 -5 -1 11 -8 9 -9 -10 14 13 -13 16 -16 -2 18 -4
right_child=6 -3 17 4 -6 -7 7 8 10 -11 -12 12 -14 -15 15 -17 -18 -19 -20
leaf_value=-0.10161161867329914 -0.00083413939913488499 0.55260609100047986 -0.10174440024258612 -0.10069103788169385 0.22331605921394826 0.099414150306548932 0.13546087872601217 -0.10570394681419018 0.085037294119809093 0.074074347259699455 -0.036679712378389677 0.053688430172174541 0.23700422808737046 -0.084618536363946895 -0.051953763514040775 0.10692159317423118 0.0081227424247398029 -0.11740786666315327 -0.1058857996612711
leaf_weight=2.9978066882504177 1136.7661387849585 0.1516090892255314 1.5957418350590167 0.32304324781580351 1.1571920562346347 0.81521107256412495 0.8329106355085959 5.6319507956504804 3.121320553123951 1.0073065701872108 4.3529186695814133 5.8941006483510101 1.4582324624061591 3.4414314348250628 10.701874996535478 1.4110742388293136 136.14691552222939 0.71453417092561711 0.59852097928524006
leaf_count=984 83064 4 212 100 70 5 26 128 60 11 101 87 30 56 224 30 3323 6 15
internal_value=-0.000304941 -0.0267573 -0.0374664 0.000438962 0.152605 -0.0586329 -0.000136357 -0.020213 -0.0294002 -0.078428 0.0141506 9.52138e-05 0.0343572 0.00270323 -0.000192575 -0.0334459 0.000123861 -0.106444 -0.102874
internal_weight=1319.12 8.35366 8.20205 5.29325 1.48024 3.81302 1310.77 14.9464 14.1135 6.63926 7.47424 1295.82 10.7938 9.33553 1285.03 12.1129 1272.91 2.9088 2.19426
internal_count=88536 1396 1392 1159 170 989 87140 326 300 139 161 86814 173 143 86641 254 86387 233 227
is_linear=0
shrinkage=0.1


Tree=66
num_leaves=30
num_cat=0
split_feature=3 2 2 2 3 4 0 4 4 3 0 0 2 4 4 4 0 1 2 2 2 0 0 4 4 2 2 0 1
split_gain=0.597097 3.22544 5.47827 10.0068 18.1131 3.54134 3.25372 8.5321 3.52158 2.70172 1.97805 11.2943 1.89807 5.21904 9.3543 3.38436 2.51866 1.73861 3.79903 15.6076 6.81481 3.64124 5.40922 2.28426 1.28642 0.619556 3.00618 0.000918062 0.000276973
threshold=-0.00087556697975993403 0.61427531371282174 0.68774252032764382 0.683479385847934 -0.0022706784206766302 -0.0010235713876685091 -2.7127472170707098e-05 -0.00029112832617550483 0.0077955803113927144 -0.00083783386990710074 0.00034216304319256713 0.00048146050126063328 0.4751468508274293 -0.0036666144364357884 -0.0052965145340385092 0.01872390144043035 0.0002569877148724809 0.0014088977087015448 0.76334749171932492 0.75279144302030687 0.79671714279810868 -0.00061245763982925572 0.00013684570710659208 0.0021984474026713889 -0.0018593492284832422 1.3106085317791092 1.3781350875504272 -0.003062196365673064 0.0036910851193512587
decision_type=2 2 2 2 2 2 2 2 2 2 2 2 2 2 2 2 2 2 2 2 2 2 2 2 2 2 2 2 2
left_child=1 12 3 5 -5 -3 8 -8 -4 10 25 -12 13 14 -1 16 -14 21 19 -19 -20 23 -23 -11 -15 27 -27 -2 -13
right_child=9 2 6 4 -6 -7 7 -9 -10 17 11 28 15 24 -16 -17 -18 18 20 -21 -22 22 -24 -25 -26 26 -28 -29 -30
leaf_value=-0.030746857549091178 -0.10851761085489307 0.066587943304617994 -0.0021945784804779586 -0.10362506973202378 0.60726060034855323 -0.017309235969706665 0.0012177897216841971 0.064706385592299534 -0.08272242764073133 -0.023657341995093048 0.6135457973038736 -0.10154675414179315 -0.028592198432738775 -0.10183307479278317 0.25994576229930194 0.17483613038416868 -0.1033106500401908 0.013040013292438654 -0.073071542225309968 0.22407994977486834 0.0013090930837605238 0.0085237828113978297 -0.014216377761831035 -0.087756796538734333 -0.01597519978528501 0.27709021906161557 -0.10168073507437032 -0.10157871108855239 -0.10506710057012376
leaf_weight=2.6685473545803688 0.1988074630498885 13.563193737674741 249.2475133187545 0.62296332884579897 0.84403425973141455 7.9980771182745238 89.949613134784158 27.681326855730731 5.5515329670161 33.38148692176037 0.27961530722677697 0.70974623487563782 14.991516772570327 2.6229488366952864 1.8917322725174015 0.6842784620821466 6.4534915088879634 85.852294391486794 12.81021445058286 3.6534792259335509 320.4655144023709 210.60374536565723 207.82990689863436 6.6704302719663238 5.214257816456664 0.26385861972812552 1.0178094821167176 4.660473050622385 0.32621801272034645
leaf_count=159 3 835 12549 27 54 506 3909 1182 80 2806 25 58 1357 321 144 8 473 3184 505 143 11084 25992 21433 421 668 20 83 499 8
internal_value=-0.000289905 0.00276927 0.00532842 0.0526613 0.305382 0.0354666 0.00240171 0.0161581 -0.00394911 -0.00177001 -0.0617108 0.0495672 -0.0265423 0.00478295 0.0898406 -0.0440917 -0.0510774 -0.00126284 0.0033626 0.0216543 -0.0015499 -0.00552807 -0.00277092 -0.0343328 -0.04471 -0.08555 -0.0237027 -0.101863 -0.102655
internal_weight=1318.71 429.985 395.458 23.0283 1.467 21.5613 372.43 117.631 254.799 888.724 7.45653 1.31558 34.5268 12.3975 4.56028 22.1293 21.445 881.267 422.782 89.5058 333.276 458.486 418.434 40.0519 7.83721 6.14095 1.28167 4.85928 1.03596
internal_count=88536 22272 19142 1422 81 1341 17720 5091 12629 66264 696 91 3130 1292 303 1838 1830 65568 14916 3327 11589 50652 47425 3227 989 605 103 502 66
is_linear=0
shrinkage=0.1


Tree=67
num_leaves=23
num_cat=0
split_feature=2 4 3 3 1 1 2 0 0 1 1 4 0 2 3 2 1 0 4 2 1 1
split_gain=0.575782 2.68512 1.91536 3.6789 2.12695 2.06974 0.578673 1.64151 3.28588 3.07943 3.95095 2.12569 0.724658 4.07464 2.66306 2.25228 1.4272 2.65612 2.35316 0.313006 0.00851436 0.000573223
threshold=0.30002186473863562 0.01872390144043035 0.0014278879778549804 0.00076864983784874507 0.0053443694463241841 0.00064239140915911086 2.0203856562933447 -2.7127472170707098e-05 -2.0066045530675588e-05 0.001948416854359364 0.0030619851542908133 -0.0014464890617279511 -0.0036520364852135052 1.7462974466824501 -0.0082672039858890916 0.55399569530764714 0.0066366885827516568 0.0048130037622461383 -0.0089907630210451766 2.5689039239184415 0.0053443694463241841 0.0036910851193512587
decision_type=2 2 2 2 2 2 2 2 2 2 2 2 2 2 2 2 2 2 2 2 2 2
left_child=1 2 3 4 -1 -5 12 9 -9 19 -11 -10 13 15 -15 -2 17 -14 -18 -8 21 -4
right_child=6 -3 20 5 -6 -7 7 8 11 10 -12 -13 16 14 -16 -17 18 -19 -20 -21 -22 -23
leaf_value=-0.10168944224776671 0.11828039237367241 0.30143257650860911 -0.1015894574972761 -0.10160608689909578 0.078684685934771473 0.17891528492658315 -0.10099124833513862 0.25752170851426753 -0.10293615374013509 0.093758529748875108 -0.048554636101553132 0.0083319892963968911 -7.4933087176321184e-05 0.21835621484071127 0.028771699162776099 -0.00076342315415957925 0.025371472202381597 0.06842606256334241 -0.045794533886924872 -0.0552506434725945 -0.11570672958201958 -0.10537840839596013
leaf_weight=2.7251318275884828 1.6624851706437755 0.24175351997837413 1.4515679319665657 0.3292217767011606 0.86007284373044957 1.307916907710023 4.7909927956352467 0.50281926244497555 1.8734482964500809 3.0634072087705118 5.3712013093754649 20.553947625812725 1203.3218893892335 1.5242312215268614 1.4417643230408419 36.109621758572757 6.5460974965244558 5.6872444041073313 16.009531261399388 2.1753392430546228 0.66293117403984059 0.55079698003828514
leaf_count=984 25 4 212 115 5 55 592 9 86 187 192 1140 83619 20 30 524 93 105 288 230 6 15
internal_value=-0.0003129 -0.0268441 -0.0369057 -0.00170176 -0.0584186 0.122504 -0.000148336 -0.0122542 0.00470543 -0.0375051 0.00313279 -0.000962675 0.000216381 0.0133384 0.1262 0.00447612 -0.000217672 0.000247299 -0.0251407 -0.0867081 -0.105884 -0.102632
internal_weight=1318.76 8.12939 7.88764 5.22234 3.5852 1.63714 1310.63 38.3312 22.9302 15.4009 8.43461 22.4274 1272.3 40.7381 2.966 37.7721 1231.56 1209.01 22.5556 6.96633 2.6653 2.00236
internal_count=88536 1396 1392 1159 989 170 87140 2436 1235 1201 379 1226 84704 599 50 549 84105 83724 381 822 233 227
is_linear=0
shrinkage=0.1


Tree=68
num_leaves=26
num_cat=0
split_feature=1 4 4 3 4 0 2 3 1 3 4 3 4 3 3 3 3 4 0 4 3 3 3 3 2
split_gain=0.556268 0.505246 4.7212 15.8016 4.46 4.16386 3.68603 6.78523 3.27995 2.38727 5.94728 1.85769 9.54657 1.84875 1.77553 8.26229e-07 1.36943e-06 8.11607e-07 5.45316e-07 3.7149e-07 2.12583e-07 3.72827e-08 2.49053e-08 2.04495e-08 2.77893e-09
threshold=0.00012195828543332384 0.00056585777178674867 0.00054577252913201601 -0.0014303416947610834 0.0006225340165438854 -5.3197186875242324e-05 0.50292733482529395 0.00070152191308292544 0.0053443694463241841 0.0052644939037848068 -0.00011355711213401064 -0.0039085890926549563 0.0033137494808078709 0.0030859807459965309 -0.0037143499144114407 3.2716750571815119e-05 0.00010772858110963403 -0.0021377867060201057 0.00092010931777752891 -0.0015154141186783374 0.00099353916342603842 -0.0026697837027625511 -0.0006407131844337054 -0.00067648345885507044 0.98673547506338866
decision_type=2 2 2 2 2 2 2 2 2 2 2 2 2 2 2 2 2 2 2 2 2 2 2 2 2
left_child=15 2 9 -4 6 -5 7 -3 -8 13 -11 12 -6 -2 -13 21 17 -17 -19 -18 -21 -1 23 -23 -24
right_child=1 4 3 5 11 -7 8 -9 -10 10 -12 14 -14 -15 -16 16 19 18 -20 20 -22 22 24 -25 -26
leaf_value=-0.10028028641026959 0.0011285489731640288 -0.10073647467536762 1.0528787341602113 -0.10148751367544687 0.13855455508677256 0.15317207870372954 -0.090621563390460624 0.99644846163313106 0.26229177934952158 0.021886438432811271 0.27807068826045234 -0.11108507468256937 -0.019337208443200034 -0.033903752082798118 -0.0020318112008237857 -0.10146237713022772 -0.10049088839688246 -0.10016139208965623 -0.10097588496094874 -0.10008709226183284 -0.10028459361626492 -0.1000953027910416 -0.10002810322240528 -0.10025852806173485 -0.10007690877963155
leaf_weight=0.0096280409052269533 702.61494187121571 0.14787412922305421 0.17319995444268022 0.95485202720738094 5.5990755150560316 1.9599987325927926 9.0099610014294704 0.091081390302861109 0.27127760276198465 6.9194361977279186 1.0427356790751208 1.4969568462111045 12.115634273737667 15.39406027519726 559.88493837886199 0.014205311425030231 0.05039125720213633 0.016883661548490636 0.016019205097109079 0.10493858506015386 0.11338382399844704 0.1387625225179363 0.070478482179168078 0.0081249468566966243 0.013980712814372964
leaf_count=9 52275 37 11 116 132 207 953 14 5 141 25 38 159 497 32387 1 30 44 2 461 210 332 391 21 38
internal_value=-0.00029553 -0.000253303 0.00150617 0.124891 -0.00243258 0.0697502 -0.0703222 0.317472 -0.0803064 0.000981327 0.0554366 -0.00131649 0.0305675 0.000377459 -0.00232261 -0.100227 -0.100333 -0.100831 -0.100558 -0.100246 -0.10019 -0.100087 -0.100079 -0.100104 -0.100036
internal_weight=1318.23 1317.68 729.059 3.08805 588.617 2.91485 9.52019 0.238956 9.28124 725.971 7.96217 579.097 17.7147 718.009 561.382 0.556797 0.315822 0.0471082 0.0329029 0.268714 0.218322 0.240975 0.231347 0.146887 0.0844592
internal_count=88536 86997 53272 334 33725 323 1009 51 958 52938 166 32716 291 52772 32425 1539 748 47 46 701 671 791 782 353 429
is_linear=0
shrinkage=0.1


Tree=69
num_leaves=30
num_cat=0
split_feature=3 3 1 4 4 1 1 0 4 1 3 1 4 4 1 4 3 3 0 3 0 2 2 2 4 2 2 1 1
split_gain=0.528264 3.88751 6.06925 9.83778 7.51701 3.02254 8.71941 7.88019 5.92349 4.34199 4.0867 2.97283 2.93779 4.3891 4.02943 4.40407 3.80528 3.78614 6.1971 7.54191 5.51285 2.86955 6.4357 6.21927 2.77322 2.17496 2.60758 0.00389617 0.00138508
threshold=0.0010831532952296776 0.0013696181458685566 0.0027819473465429266 -0.0032186418260695122 0.0022474464387997055 0.00099671505094295972 0.00091644643958199007 -0.00084902771678313494 0.0041671365807418601 0.0016825936381744159 0.0015554746633477114 0.0053443694463241841 -0.00020364170403425194 1.0000000180025095e-35 0.0043921420790251006 0.0059081524902060431 -0.0012455508442049676 -5.3468689667046647e-05 -0.00052524553749055947 0.00010772858110963403 -0.00042140559923103943 0.7495585759296467 0.81003389586856522 0.65017022025629445 0.0037452333257010921 0.72503687165333075 0.73182479621330987 0.0041923438224826465 0.003991110946173485
decision_type=2 2 2 2 2 2 2 2 2 2 2 2 2 2 2 2 2 2 2 2 2 2 2 2 2 2 2 2 2
left_child=12 2 3 -2 -5 6 7 -3 -8 24 -11 28 17 25 16 -16 -15 21 19 -19 -20 23 -23 -1 -7 27 -27 -14 -4
right_child=1 5 11 4 -6 9 8 -9 -10 10 -12 -13 13 14 15 -17 -18 18 20 -21 -22 22 -24 -25 -26 26 -28 -29 -30
leaf_value=-0.0084999641049997091 0.38070466754439752 0.47923424239189311 -0.1038512253117173 0.0089207284400839512 0.098042570611812457 -0.010910970308246183 0.053684312202302888 -0.0011526457468638127 0.21478940689430479 -0.062217878099599166 0.0043584238388031972 0.084008419013428495 -0.1009363659353118 0.017649322857444607 0.062227363522894354 -0.016864047368072208 -0.014270212479687353 0.093937682566355193 0.16836024350093448 -0.070949414245604012 0.02897822094846314 -0.054197501716244524 -0.0010382287286548595 0.047294115776731545 -0.049199094528542472 0.28346400651119469 -0.035508100699254828 -0.10806266861012587 -0.10739538556629553
leaf_weight=45.056980584977282 0.82743214070796867 0.34362747971317631 2.7487908387556663 35.118717929755803 12.955351491036707 51.706412296975031 8.3678387771360558 54.419414969503123 3.138112212996929 9.5978326620534045 234.23710994725116 1.0128596387803552 4.4316651882072611 44.610267674128409 17.290341276675466 11.876157034188507 229.43845812782456 3.5718464631063389 2.9626670591533175 12.418983236857455 67.26051103152713 24.385195591967204 344.6594290544017 35.8942522026191 29.831071035237983 0.25875020210515032 26.955017281114124 0.92782341502606858 1.8413330242037771
leaf_count=4870 38 30 89 2806 805 3318 573 4144 133 352 6251 13 970 2178 197 122 25767 232 260 742 5846 2000 19522 2864 1326 31 3007 17 33
internal_value=-0.000294036 0.00250471 0.0275269 0.0388223 0.0329379 -0.000977614 0.0184884 0.00186169 0.0976238 -0.00494228 0.00173785 -0.0710563 -0.00172598 -0.00906075 -0.00531353 0.0300225 -0.00907428 0.00286725 0.0220648 -0.0341188 0.0348587 -0.00081078 -0.00455081 0.0162395 -0.024919 -0.0439426 -0.0324753 -0.10217 -0.105273
internal_weight=1318.14 446.146 54.5045 48.9015 48.0741 391.641 66.269 54.763 11.506 325.372 243.835 5.60298 871.998 335.788 303.215 29.1665 274.049 536.21 86.214 15.9908 70.2232 449.996 369.045 80.9512 81.5375 32.5733 27.2138 5.35949 4.59012
internal_count=88536 19911 3784 3649 3611 16127 4880 4174 706 11247 6603 135 68625 32289 28264 319 27945 36336 7080 974 6106 29256 21522 7734 4644 4025 3038 987 122
is_linear=0
shrinkage=0.1


Tree=70
num_leaves=28
num_cat=0
split_feature=4 4 2 3 3 1 2 2 0 3 1 0 0 3 2 2 4 4 3 4 3 2 2 4 1 4 3
split_gain=0.550265 2.56002 3.14508 4.39579 7.38668 2.52212 2.05209 3.84737 6.56023 4.73724 3.4239 3.08499 6.29069 2.66664 2.49981 10.197 2.45289 1.98333 1.4931 1.22604 4.8584 7.49436 3.5838 2.03491 4.87374 2.68559 1.06318
threshold=-0.0022924391454894884 -0.0021898433293734971 2.1651388065184469 -0.001465129338868387 -0.00020764428596975468 0.00073547556582373625 1.3781350875504272 1.3599278674854158 -0.0011618837209692587 -0.0037143499144114407 0.0066366885827516568 -0.00084902771678313494 -0.00078721119610036794 -0.0055429375743777367 1.3106085317791092 1.3034871834196904 -0.0027328231214858163 -0.012196555482038627 -0.0011154562114126796 -0.0011027095216489811 0.00091334394906728022 1.6718057608813586 2.5689039239184415 -0.00087754418143154423 0.0043921420790251006 -0.00076341835664361913 -0.011092317359267355
decision_type=2 2 2 2 2 2 2 2 2 2 2 2 2 2 2 2 2 2 2 2 2 2 2 2 2 2 2
left_child=6 2 3 5 -5 -2 7 14 9 -9 11 17 -13 26 15 -1 -16 -8 -10 20 22 -22 -3 24 -21 -25 -12
right_child=1 19 -4 4 -6 -7 10 8 18 -11 13 12 -14 -15 16 -17 -18 -19 -20 23 21 -23 -24 25 -26 -27 -28
leaf_value=-0.0015069012037859869 0.10082745998536256 0.011966799004836702 0.30439293762496411 0.14007677857769321 -0.032206444450456333 -0.078593281612159366 0.034636509722712538 0.13613503671671076 -0.10249445834053035 0.53336217397744989 0.046349447373488672 0.27127050491564714 -0.014983502773272657 0.19466379476666698 -0.086194059625040939 0.27881799247298167 0.074815619110918094 -0.066049248364209681 0.11876323817274202 -0.031894979163161655 -0.059969783619867656 0.36510868144788966 0.16997838203831453 0.037064885676974642 0.19821125759724953 -0.001257658342224373 -0.048064209146243597
leaf_weight=210.847437541408 0.97224341594846819 145.99105615364533 0.43970367545262057 6.1540765271056426 4.1783197112963517 4.0350333321839571 2.1493625491857555 0.8270395752042532 0.95271608140319586 0.47132028918713353 3.8576557189226151 0.80379021354019897 17.101384093402885 0.99751579947769542 5.903940326301381 1.3056598417460907 1.1267556294333179 21.792468830477446 0.44860777352005132 32.817043784205453 13.966699080585382 0.42745322128757912 1.449630734277888 18.704865108877129 0.94702477753162284 817.63632614582457 1.7265263535082338
leaf_count=10196 57 9596 14 285 174 164 58 29 44 21 57 46 836 21 254 50 50 1125 18 3104 715 21 78 1730 14 59744 35
internal_value=-0.000312313 0.000725534 0.0406999 0.0331413 0.0704071 -0.0437559 -0.00433497 -0.000264405 0.118386 0.280333 -0.0229849 -0.0335299 -0.00213313 0.044061 -0.00172581 0.00021831 -0.0603903 -0.0570102 -0.0316629 0.000114287 0.00810665 -0.0473465 0.0135204 -0.00137225 -0.0254409 -0.00040057 0.0171585
internal_weight=1318.03 1047.72 15.7794 15.3397 10.3324 5.00728 270.312 221.883 2.69968 1.29836 48.4287 41.847 17.9052 6.5817 219.184 212.153 7.0307 23.9418 1.40132 1031.94 161.835 14.3942 147.441 870.105 33.7641 836.341 5.58418
internal_count=88536 75696 694 680 459 221 12840 10662 112 50 2178 2065 882 113 10550 10246 304 1183 62 75002 10410 736 9674 64592 3118 61474 92
is_linear=0
shrinkage=0.1


Tree=71
num_leaves=24
num_cat=0
split_feature=2 4 3 3 1 4 2 0 3 3 1 1 1 4 2 2 4 1 3 2 2 1 1
split_gain=0.533152 1.74419 1.73559 2.82131 1.80885 1.65998 0.540106 1.5428 1.93539 4.6573 2.5953 1.38783 2.29332 1.32061 0.604406 3.93939 6.84278 2.67486 4.62873 3.42374 2.08666 0.00628763 0.000417187
threshold=0.30002186473863562 0.01872390144043035 0.0014278879778549804 0.00076864983784874507 0.0053443694463241841 0.0023583605490478114 2.0203856562933447 0.0021255856272306421 -0.00032139935342750942 -0.00037820971735735837 0.0014528058880792381 0.0043921420790251006 0.0058909735063260313 0.0030459120343203643 1.121315115764417 1.1672996276248124 -0.0036666144364357884 0.0025207866612528235 0.0057463771801898886 1.1116705912066887 1.1771069841913551 0.0053443694463241841 0.0036910851193512587
decision_type=2 2 2 2 2 2 2 2 2 2 2 2 2 2 2 2 2 2 2 2 2 2 2
left_child=1 2 3 4 -1 -5 14 8 9 -8 -10 13 -13 -9 17 16 -16 18 -2 -19 -17 22 -4
right_child=6 -3 21 5 -6 -7 7 11 10 -11 -12 12 -14 -15 15 20 -18 19 -20 -21 -22 -23 -24
leaf_value=-0.10151721820041754 -0.0038105313219697241 0.20610828127579681 -0.10147110548643701 0.1453144450687551 0.064115872477821786 -0.1033848739275227 -0.008605166253808201 0.16005601777681633 -0.013369125992500553 0.3040057434174126 -0.10183889484941178 -0.10557281599823774 0.044593739490339478 0.032519445374622917 -0.064634984646267976 -0.040925393440850132 0.036033234176892415 0.006524800677787216 -0.073487072129849687 0.11003159683917457 0.00052348393968406899 -0.11412921083046522 -0.10485317153595762
leaf_weight=2.4438181309960778 579.06736519857077 0.31024683266878117 1.3183997788873969 1.4453754342139289 0.90295685082674015 0.32957893276034145 15.559278953180183 1.1313670845702271 7.951376081240598 0.49162774696014899 5.6877949424088001 1.6550875548273323 2.6378780659288168 2.8753377962857485 7.5803534975275388 12.539155212434705 61.808136852123425 210.93474764283746 9.6939001437276584 3.2448396291583768 387.16157918532554 0.61093140020966519 0.50421325024217356
leaf_count=984 54314 4 212 141 5 29 1003 31 813 30 410 36 50 63 281 696 3199 4947 308 79 20880 6 15
internal_value=-0.000317209 -0.0262747 -0.0358171 -0.00277939 -0.0568296 0.0991352 -0.000161358 -0.0119108 -0.0225656 0.000969881 -0.0502627 0.0262043 -0.0133007 0.0685318 0.000189544 0.00304141 0.0250357 -0.00147656 -0.00495775 0.00809294 -0.000776824 -0.10535 -0.102407
internal_weight=1317.89 7.86552 7.55527 5.12173 3.34677 1.77495 1310.02 37.9897 29.6901 16.0509 13.6392 8.29967 4.29297 4.0067 1272.03 469.089 69.3885 802.941 588.761 214.18 399.701 2.43354 1.82261
internal_count=88536 1396 1392 1159 989 170 87140 2436 2256 1033 1223 180 86 94 84704 25056 3480 59648 54622 5026 21576 233 227
is_linear=0
shrinkage=0.1


Tree=72
num_leaves=31
num_cat=0
split_feature=3 0 0 4 1 3 2 3 0 3 3 4 0 3 3 2 1 2 1 2 4 4 4 2 0 0 3 4 1 1
split_gain=0.504248 3.24719 4.3995 8.3205 21.3902 4.36401 7.37323 7.52362 4.64034 5.11593 3.35466 6.28787 3.57878 3.00706 2.37617 2.41357 11.9023 3.56284 2.32774 2.17403 2.10767 1.87357 8.60791 8.50895 5.86912 14.9175 3.47598 2.03528 1.54547 0.000325645
threshold=0.0010831532952296776 0.001025766498548575 0.00079089923252451133 0.0037452333257010921 0.0022043385777021697 0.00120504968813151 1.3034871834196904 0.0011296523378975245 0.0015307948237734961 0.0057463771801898886 0.0016648295828306516 0.0095526008061698215 0.00061865477794598178 0.0057463771801898886 0.00082183406889380095 0.70310895082560065 0.0043921420790251006 0.69925770873221593 0.0043921420790251006 0.80663854315654437 -0.00022336595714883553 0.0059081524902060431 0.0049035788281973644 0.86643434188125157 0.00084904811850439199 0.0012293604152127104 -0.0055429375743777367 0.0017654939826883267 0.0027819473465429266 0.0016420143172056038
decision_type=2 2 2 2 2 2 2 2 2 2 2 2 2 2 2 2 2 2 2 2 2 2 2 2 2 2 2 2 2 2
left_child=14 2 10 4 -4 6 28 -8 9 -7 11 -2 -12 -5 21 16 17 -16 -10 29 -21 22 27 -24 26 -26 -23 -1 -3 -17
right_child=1 5 3 13 -6 8 7 -9 18 -11 12 -13 -14 -15 15 19 -18 -19 -20 20 -22 24 23 -25 25 -27 -28 -29 -30 -31
leaf_value=0.00081392639978464297 0.016995400139605769 0.053141057614882983 0.036595479464414014 0.0083485532818916592 0.31574088244064735 -0.053663072925846822 0.052602204639297025 0.54128062405840416 0.0097567618092016598 0.053481382034808324 0.0012341986748872335 0.20041940524556179 -0.047777172334645429 -0.10584457670948207 -0.0037520893189908603 -0.1009874645307401 0.72127440554543254 0.44154581345289945 -0.021574329847772907 0.017557670477932642 -0.037151169640712141 0.02004165348940902 -0.01390188867140606 0.17462526307621484 0.41585653192929883 -0.0091261438014623233 -0.084786070385610868 -0.017685559905647245 -0.10578003024149128 -0.10316493120858738
leaf_weight=720.25951624577283 78.553799759669346 1.924906928019481 15.87340094158572 8.8860528365767077 3.3190514240413895 36.58333230757853 0.63904242310672976 0.62140718288719654 68.169542355113663 5.0745710614137343 167.9688785658509 1.9144719336181868 16.348559354999452 3.1141696507111183 7.8573856854345614 3.1812821000494287 0.239869065582753 0.18388300074730057 36.361068541184068 9.1333087610546446 30.751389110693712 4.1840493679046675 4.1936719209770654 5.5787256751209497 0.95961034006904711 5.9300032667815685 12.96452346330625 64.823379538327572 0.89711874909698952 0.87592203449457873
leaf_count=59050 5582 90 1008 333 77 1787 22 30 2150 153 6963 31 884 77 1001 465 3 18 702 497 2450 39 124 119 31 110 344 4336 22 38
internal_value=-0.000302954 0.00243054 0.0085087 0.0440303 0.0848696 -0.0095412 0.0924354 0.293523 -0.012389 -0.0406112 0.00432414 0.0213594 -0.003113 -0.0212856 -0.00170325 -0.0223848 0.0271367 0.00643072 -0.00114179 -0.0317174 -0.0246232 -0.000384332 0.000447486 0.0937218 -0.0278895 0.050067 -0.0592093 -0.000713555 0.00262022 -0.101458
internal_weight=1317.37 446.249 295.978 31.1927 19.1925 150.271 4.08248 1.26045 146.189 41.6579 264.786 80.4683 184.317 12.0002 871.117 52.223 8.28114 8.04127 104.531 43.9419 39.8847 818.893 794.855 9.7724 24.0382 6.88961 17.1486 785.083 2.82203 4.0572
internal_count=88536 19911 14955 1495 1085 4956 164 52 4792 1940 13460 5613 7847 410 68625 4472 1022 1019 2852 3450 2947 64153 63629 243 524 141 383 63386 112 503
is_linear=0
shrinkage=0.1


Tree=73
num_leaves=27
num_cat=0
split_feature=1 0 1 1 4 1 1 1 2 0 1 4 0 2 4 2 3 4 0 3 4 2 3 4 3 2
split_gain=0.497282 0.486625 2.58737 5.85966 6.63479 3.37625 2.9888 4.49178 2.24662 2.18117 6.56189 3.89849 3.83211 2.22018 5.12835 4.09777 6.46049e-07 1.22945e-06 5.28928e-07 1.66047e-07 2.42044e-08 1.60561e-08 1.50424e-08 9.09905e-09 7.29176e-09 2.17936e-09
threshold=0.00012195828543332384 0.00070679916760341144 0.00091644643958199007 0.00098903935478437499 0.0013521934213002187 0.0013702752314374348 0.00061415630277904438 0.00059443377615951731 0.73894438164811194 0.00031924278435724324 0.00086036083070254615 0.00043873953006212668 0.00034992564824021249 1.253691746023315 0.0062435132794443913 1.2230476954019533 3.2716750571815119e-05 -0.0022427510184453987 0.00064548713536438662 0.00099353916342603842 -0.0019437484085475518 0.64588146975666982 -0.00085622419433822861 -0.0040669748415071974 -0.0012734587151339569 0.97322932027176401
decision_type=2 2 2 2 2 2 2 2 2 2 2 2 2 2 2 2 2 2 2 2 2 2 2 2 2 2
left_child=16 9 6 4 -4 -5 7 -3 -8 13 12 -12 -11 15 -15 -2 20 -18 19 -19 21 23 24 -1 -22 -24
right_child=1 2 3 5 -6 -7 8 -9 -10 10 11 -13 -14 14 -16 -17 17 18 -20 -21 22 -23 25 -25 -26 -27
leaf_value=-0.10018719073021987 0.00026704344820750405 0.018598890893413881 -7.3923134703928625e-05 -0.031563141228539197 0.22189979858108777 6.326844308050236e-05 0.034176728985971024 0.607290360072688 -0.10138459551883104 0.053205450139593317 0.045413596786914041 0.0072052205941102055 -0.029422611600289552 -0.0078188262180768475 -0.10785032880602492 0.04800996511207066 -0.10093093109490739 -0.10008046830351339 -0.10052930903736271 -0.10026000138320215 -0.10004908720629307 -0.10020124507782835 -0.1000227716447481 -0.10005624154243338 -0.10011402882928611 -0.10006406633554071
leaf_weight=0.007025720289675518 616.41842923929653 1.5807911373995001 2.9585409644059828 38.483298716018908 2.4713861346244812 274.71235573163722 1.4819119503954405 0.14118760335259128 6.9844884613994509 6.4616760856442843 51.395480855368078 55.585249088704586 42.726874719061016 191.69876964608557 5.2659047041088334 18.517582985019544 0.028509371360996738 0.1059403571562143 0.050344689920166275 0.10027869005716639 0.026596635678288294 0.022405869764043018 0.070480788283019957 0.021681823731341865 0.049408716411562636 0.015611075519700535
leaf_count=10 47924 243 233 2698 165 9286 249 21 649 920 2812 3053 5602 11875 111 1156 11 498 40 199 83 22 453 70 106 47
internal_value=-0.0003289 -0.000291107 -0.00362339 -0.00203716 0.100956 -0.00382276 -0.0532302 0.0668666 -0.0776567 0.000817825 0.0116618 0.0255612 -0.0185681 -0.00121787 -0.0104932 0.00165944 -0.100209 -0.100308 -0.100239 -0.100168 -0.100078 -0.100138 -0.100059 -0.100088 -0.100091 -0.10003
internal_weight=1317.38 1316.88 328.814 318.626 5.42993 313.196 10.1884 1.72198 8.4664 988.07 156.169 106.981 49.1886 831.901 196.965 634.936 0.498284 0.285073 0.256564 0.206219 0.213211 0.0511134 0.162097 0.0287075 0.0760054 0.0860919
internal_count=88536 86997 13544 12382 398 11984 1162 264 898 73453 12387 5865 6522 61066 11986 49080 1539 748 737 697 791 102 689 80 189 500
is_linear=0
shrinkage=0.1


Tree=74
num_leaves=28
num_cat=0
split_feature=4 4 4 2 0 0 3 3 2 2 2 1 1 1 0 2 2 3 3 3 4 4 3 4 1 0 1
split_gain=0.508117 1.89462 4.68473 7.73529 16.1193 9.73834 3.40593 4.55078 1.64004 1.61263 6.27127 3.45873 3.15505 2.52724 2.08355 1.90739 5.55362 1.57076 1.50739 6.09049 3.04922 1.75698 1.33018 0.522328 0.000382167 0.000395091 8.26377e-05
threshold=-0.0022924391454894884 -0.0018180123921274769 -0.0019437484085475518 1.1396114697869035 -0.00049007215607632648 -0.00057345590654339629 0.00043164598579781282 0.00029788281854958859 1.397303500991959 1.3106085317791092 1.3034871834196904 0.00092958401115493343 0.00096613206240767524 0.002615892541046366 -0.003062196365673064 1.2747092031420098 1.2230476954019533 0.00065379185319980337 -0.0070382470852293757 -0.0061818272494068007 0.0033137494808078709 0.0071862816305866559 -0.0012175928488984964 0.0023022702962353096 0.00056014819602027489 8.2179465205278759e-05 0.00084195757270364498
decision_type=2 2 2 2 2 2 2 2 2 2 2 2 2 2 2 2 2 2 2 2 2 2 2 2 2 2 2
left_child=9 2 6 5 -5 -4 7 -2 -8 10 15 24 -13 -12 -14 16 -1 -17 21 20 -20 23 -21 -3 25 -11 -26
right_child=1 18 3 4 -6 -7 8 -9 -10 11 13 12 14 -15 -16 17 -18 -19 19 22 -22 -23 -24 -25 26 -27 -28
leaf_value=-0.003872512345787608 0.0061322260032318629 -0.11184472273115492 0.16012121685696168 -0.061806431320101045 0.25830120004596918 -0.050734292548002463 -0.085405938953715899 0.23482725195850801 0.10872943936109741 -0.10245625787184305 0.093327160181941163 0.20818194547684882 0.019154546790935454 0.34429866118535601 -0.026541820888071416 -0.080879454803215386 0.074026597811469017 0.11363843604046975 0.20555545823042884 0.0088231707499429688 0.016185804637559545 0.010430946220024502 -0.0020016916315334587 -0.04823023555008446 -0.10166402394540719 -0.10664940445065207 -0.10262557630614173
leaf_weight=196.64536142597353 42.211543035024079 2.5154537688940746 3.0462114801339348 2.4443293975782581 4.4134635970694935 7.7960700170369828 5.4639925915980703 0.88841883570421387 0.47281004395335902 0.49465990683529426 1.0181124191731203 0.64365063142031331 13.510794360656289 0.66220735013484944 38.158862374257296 4.5081851731520137 9.5986192892305535 0.45724038593471039 2.1479108938947316 131.33304525873245 1.4074630327522752 3.7918944396078587 836.88142221407179 2.6509679742157459 2.1272105295211081 0.41175214946269989 1.54145070631057
leaf_count=9583 2109 45 161 115 186 579 257 42 21 34 37 29 331 13 1961 197 403 13 30 6845 17 33 65231 25 157 12 70
internal_value=-0.000317352 0.000679389 0.016983 0.0610824 0.144205 0.00850697 0.00106505 0.0108463 -0.0699449 -0.00418739 -0.000190725 -0.0191439 -0.011852 0.192234 -0.0145929 -0.0017216 -0.000247079 -0.0629673 -0.000430041 -5.36227e-05 0.13059 -0.0412627 -0.000533358 -0.0792032 -0.102522 -0.104361 -0.102068
internal_weight=1317.24 1047.46 66.7368 17.7001 6.85779 10.8423 49.0368 43.1 5.9368 269.778 212.89 56.8884 52.3133 1.68032 51.6697 211.209 206.244 4.96543 980.728 971.77 3.55537 8.95832 968.214 5.16642 4.57507 0.906412 3.66866
internal_count=88536 75696 3470 1041 301 740 2429 2151 278 12840 10246 2594 2321 50 2292 10196 9986 210 72226 72123 47 103 72076 70 273 46 227
is_linear=0
shrinkage=0.1


Tree=75
num_leaves=29
num_cat=0
split_feature=3 3 2 0 0 0 0 3 0 0 4 1 3 2 1 3 2 1 1 3 3 3 1 1 1 4 1 1
split_gain=0.521088 2.99424 5.85424 19.2928 5.64678 18.9704 6.92467 2.43313 2.0491 7.0569 11.6743 6.01791 3.88175 3.80789 3.22913 1.90495 4.01407 8.00813 3.97978 2.34019 5.3223 2.21677 9.33201e-05 2.25257e-05 1.38433e-05 6.02351e-06 5.3871e-06 3.79191e-06
threshold=5.8063582017653388e-05 0.00014032587708101565 0.44228752381450875 -0.00036886427551574558 0.00052611292807713827 0.00061865477794598178 9.2130974778115177e-06 5.227254910644686e-05 0.00047137848787337516 0.00034216304319256713 -0.0026621223795442179 0.0015446323430990604 -0.001610493234174448 0.71753814717337472 0.0016631755477130828 0.00022397072456115111 0.46515389144465508 0.0016088748690427214 0.00061415630277904438 0.00051989483961623073 0.00039119238698459574 0.0010831532952296776 0.0010850719782478676 0.00072367476372346229 0.0017634214669839394 -0.00036357214864896065 0.0016420143172056038 0.00049116732934325323
decision_type=2 2 2 2 2 2 2 2 2 2 2 2 2 2 2 2 2 2 2 2 2 2 2 2 2 2 2 2
left_child=7 2 3 -2 6 -6 -4 8 9 13 -11 12 -10 -1 -13 16 17 -3 -18 20 -17 -21 23 27 -24 -25 -5 -9
right_child=1 15 4 26 5 -7 -8 22 11 10 -12 14 -14 -15 -16 19 18 -19 -20 21 -22 -23 24 25 -26 -27 -28 -29
leaf_value=0.018497373928900718 1.395032423150278 -0.10075159526920062 0.052651498762648047 -0.10063003870166783 0.60560419202773519 0.044071758146394725 -0.084204217229433789 -0.10046218964347822 0.017562020083772265 -0.082131720170962749 0.092178970489164611 0.086630692804787968 -0.062630066357292388 -0.0055560603747307185 -0.003057456386405488 -0.0057461206373563556 0.050863963717411281 0.63925852137100403 -0.061962416718360613 -0.013129286631303753 0.048541572720470993 0.0023788719957345381 -0.10194210595858018 -0.10179953199195078 -0.10277506235620415 -0.10119583009995708 -0.10173999714875531 -0.10086126903207918
leaf_weight=78.048677836413844 0.13354251081182156 0.33138755943582765 10.20022966785473 0.18610543111572297 0.7056342966388901 4.0817542979784776 5.7991938404957173 0.41455346665315962 7.5329924346915496 4.8841181086900205 18.011037751581171 4.2409629218745968 30.378997206222266 419.91832858843554 75.125727771548554 40.981707555529283 3.9520339326045386 0.26173772336915135 14.963942571775986 116.15996586773326 32.2866038075299 446.34606161881311 0.45112981321290124 0.27691803500056267 0.35774612054228783 0.40993974357843399 0.057155012153089046 0.55932305497117341
leaf_count=8818 18 127 1124 84 54 237 887 166 537 264 1595 252 2766 28274 2381 4472 1170 6 1106 11008 3097 19911 28 18 15 38 4 79
internal_value=-0.000318518 0.00161716 0.038638 0.429278 0.0315568 0.126838 0.00304641 -0.00236248 -0.00197909 0.000709788 0.0549941 -0.013921 -0.0466962 -0.00178605 0.00173503 0.000421503 -0.0303579 0.225804 -0.0383901 0.00136599 0.0181764 -0.000823631 -0.10143 -0.101001 -0.102311 -0.101439 -0.100891 -0.100691
internal_weight=1317.06 676.447 21.1636 0.376803 20.7868 4.78739 15.9994 640.61 638.141 520.862 22.8952 117.279 37.912 497.967 79.3667 655.283 19.5091 0.593125 18.916 635.774 73.2683 562.506 2.46961 1.66073 0.808876 0.686858 0.24326 0.973877
internal_count=88536 43305 2408 106 2302 291 2011 45231 44887 38951 1859 5936 3303 37092 2633 40897 2409 133 2276 38488 7569 30919 344 301 43 56 88 245
is_linear=0
shrinkage=0.1


Tree=76
num_leaves=28
num_cat=0
split_feature=2 2 0 0 4 0 2 1 0 2 0 4 4 3 2 4 1 1 3 4 4 2 2 4 1 1 3
split_gain=0.586643 4.23829 6.33737 7.68236 16.0202 4.96672 3.19377 3.20361 6.07744 4.76222 4.29459 3.86778 3.19105 2.98521 2.18954 3.38244 2.00282 15.5949 2.06425 1.73441 1.46686 1.39648 4.01782 3.05092 0.713536 0.000616732 3.39033e-05
threshold=0.67175724625267985 0.706971637566019 0.0008712954366514315 0.00061865477794598178 -0.00036357214864896065 0.00024784000551936197 0.66321663078201054 0.0013702752314374348 -0.0011944231328898101 0.62359253994644892 0.00048146050126063328 0.0085626385370514164 -0.0010235713876685091 0.0048755053635939358 0.71052747948172468 0.0085626385370514164 0.00046753577671441348 0.00045503268143572525 -0.0055429375743777367 -0.016345454625417862 -0.0035376402081186416 0.80023435475267946 0.813103847415931 0.004510457347433273 0.00054045557007821317 0.0027224839620995692 0.0015888603841940354
decision_type=2 2 2 2 2 2 2 2 2 2 2 2 2 2 2 2 2 2 2 2 2 2 2 2 2 2 2
left_child=6 2 3 5 -5 -2 7 10 11 -10 12 -9 -1 19 15 25 17 26 -18 -4 -20 23 -23 -16 -12 -3 -8
right_child=1 14 13 4 -6 -7 16 8 9 -11 24 -13 -14 -15 21 -17 18 -19 20 -21 -22 22 -24 -25 -26 -27 -28
leaf_value=0.020978073064542933 0.050010125181406184 -0.10161029845008814 0.094843594437525186 0.63056762797439581 0.039104489110137225 -0.059982925044699681 -0.10048628394193038 -0.060710652370172785 0.010416190669588385 0.074146781630623868 0.016507041108016277 0.046771358716598155 -0.024005886139320091 0.10120906118122573 -0.020281985659159424 0.26461759491896503 0.14855678935363581 1.7129210539624857 0.056779411805914871 -0.10585118087241857 -0.10324246707017336 0.046819965117650443 -0.00020812984549473373 0.021980201216294001 -0.081711296074541515 -0.10505253889656861 -0.10349254136134417
leaf_weight=24.751206138560519 31.196367376127455 2.9206981425522827 0.4705892540514468 0.68193404446356032 1.3942006645011122 4.7273339804014531 0.29531255122128452 15.416235098615291 46.964871982927434 15.626192395575343 0.79669289457888126 4.2768733021803191 43.456527614573133 0.97195535691571411 82.356824769645755 0.27047493681311596 0.3824733942747115 0.055128260282799602 0.62581905815750349 5.0680827822579877 6.7660837331786752 18.511023332073819 976.59735866601841 21.551469727186486 10.331891825539058 0.63336263969540585 0.042972461320459843
leaf_count=2922 2272 326 5 46 102 469 163 704 2076 580 312 70 8416 27 8527 7 9 9 30 220 482 1396 57475 547 1323 16 5
internal_value=-0.00033887 0.000472981 0.0307263 0.0463449 0.233378 0.0355357 -0.00582499 -0.00274179 0.0110827 0.0263269 -0.01708 -0.0373681 -0.00768212 -0.0604334 -0.000748036 -0.0762804 -0.066834 0.153295 -0.0779734 -0.0887993 -0.0896946 -0.000485186 0.000666688 -0.0115164 -0.0746799 -0.102224 -0.100868
internal_weight=1317.14 1147.35 44.5105 37.9998 2.07613 35.9237 169.788 161.62 82.2842 62.5911 79.3363 19.6931 68.2077 6.51063 1102.84 3.82454 8.16779 0.393413 7.77438 5.53867 7.3919 1099.02 995.108 103.908 11.1286 3.55406 0.338285
internal_count=88536 71435 3141 2889 148 2741 17101 16403 3430 2656 12973 774 11338 252 68294 349 698 177 521 225 512 67945 58871 9074 1635 342 168
is_linear=0
shrinkage=0.1


Tree=77
num_leaves=26
num_cat=0
split_feature=2 2 0 0 1 0 2 1 1 0 0 0 1 3 2 4 4 3 1 1 4 2 2 3 1
split_gain=0.50356 3.20317 5.04509 3.98646 7.30748 3.94352 2.92794 2.7356 5.4768 8.19929 4.03525 2.99924 2.83846 2.54161 1.94351 2.55764 1.55023 1.53037 1.30983 11.9339 1.36346 1.14744 3.10032 2.64965 0.000454174
threshold=0.67175724625267985 0.706971637566019 0.0008712954366514315 0.00061865477794598178 0.00095918906109131012 0.00024784000551936197 0.66321663078201054 0.00098903935478437499 0.0010123902780181794 -0.00022685167713626384 -0.0011944231328898101 -0.0014887270584347243 0.00065806824187303076 0.0048755053635939358 0.71052747948172468 0.0085626385370514164 -0.016345454625417862 -0.0055429375743777367 0.00046753577671441348 0.000463730677451625 -0.0035376402081186416 0.80023435475267946 0.813103847415931 -0.0050999024153587915 0.0027224839620995692
decision_type=2 2 2 2 2 2 2 2 2 2 2 2 2 2 2 2 2 2 2 2 2 2 2 2 2
left_child=6 2 3 5 -5 -2 7 11 9 -9 -10 -1 -13 16 15 24 -4 -8 19 -19 -20 23 -23 -16 -3
right_child=1 14 13 4 -6 -7 17 8 10 -11 -12 12 -14 -15 21 -17 -18 18 20 -21 -22 22 -24 -25 -26
leaf_value=0.34432877332402123 0.042853971869334186 -0.10145702130452444 0.079537652480539539 0.50373217162593431 0.078348628410157592 -0.057354898307215185 0.11833177989998012 0.43372467843778861 -0.036922140671248403 -0.002956160625099851 0.013447295292214563 0.0008917334516027435 -0.044394896539546383 0.082645404684846741 0.040946358915134567 0.18546752489816665 -0.10533554769999741 -0.10290192731591655 0.048297766802800207 1.2618238539475766 -0.10294701232479736 0.040257140322331277 -0.00018735533926434348 -0.015514138384793803 -0.10455630604291773
leaf_weight=0.22442223978578013 32.679337772453437 2.6465464201246505 0.50310663878917683 0.49580407114990466 2.177129577845335 4.4634723440467488 0.4292561076581477 0.74514583405107249 19.607351918937638 1.0165980557212595 84.23390469502192 27.40044279210997 27.966163482400589 1.0655919766941222 9.1216732580214721 0.34235993027687062 4.6070978528150581 0.51314087386708607 0.66014711977913965 0.073218028992414474 6.1388831086223945 19.328640302541316 976.40750736479094 93.626665796844463 0.57567142136394966
leaf_count=27 2272 326 5 60 88 469 9 50 841 98 4407 7878 3102 27 187 7 220 175 30 2 482 1396 57475 8887 16
internal_value=-0.000350869 0.000399372 0.026256 0.0393002 0.157253 0.0308118 -0.0054471 -0.00254904 0.00690279 0.181742 0.00393652 -0.0205041 -0.0219829 -0.0578401 -0.000679699 -0.0743999 -0.0871345 -0.0652258 -0.0758946 0.06751 -0.088262 -0.000440477 0.000597729 -0.0105018 -0.102011
internal_weight=1317.05 1148.04 45.9915 39.8157 2.67293 37.1428 169.009 161.194 105.603 1.76174 103.841 55.591 55.3666 6.1758 1102.05 3.56458 5.1102 7.81465 7.38539 0.586359 6.79903 1098.48 995.736 102.748 3.22222
internal_count=88536 71435 3141 2889 148 2741 17101 16403 5396 148 5248 11007 10980 252 68294 349 225 698 689 177 512 67945 58871 9074 342
is_linear=0
shrinkage=0.1


Tree=78
num_leaves=30
num_cat=0
split_feature=2 2 0 4 1 2 3 3 0 1 1 3 0 4 4 2 3 3 4 2 3 1 3 3 0 4 0 1 1
split_gain=0.51084 1.74528 3.32441 4.06018 7.38558 2.43003 6.79839 9.5986 4.89539 2.00144 11.1241 2.43949 1.76854 5.54394 2.49312 1.39727 6.71609 8.02032 5.92972 5.50612 5.25068 9.87078 2.73108 5.07821 2.01025 1.95462 1.39785 0.00113784 0.000115
threshold=0.91529180799942722 0.90230706393040183 -0.00068344831172179033 0.0037452333257010921 0.0011314162231510123 0.89904099132316939 0.00120504968813151 0.0020265916422312906 0.00043668001581220755 0.00092958401115493343 0.00090388601812903897 0.0074417980207680543 0.0018658545848013743 -0.012196555482038627 -0.016345454625417862 1.0091261644360061 -0.003103244116358594 -0.0019717469620106338 0.00023128588007581555 1.012890083120735 -0.0070382470852293757 0.0029071704173617907 -0.0035316980550039729 -0.0082672039858890916 -0.0017834814857199952 -0.0031255345927362339 -0.00076787586078758119 0.0034494583801331397 0.00072367476372346229
decision_type=2 2 2 2 2 2 2 2 2 2 2 2 2 2 2 2 2 2 2 2 2 2 2 2 2 2 2 2 2
left_child=1 5 3 4 -3 12 8 -8 -7 10 -4 -11 14 -14 -1 16 20 24 -19 27 26 -22 23 -21 -18 -24 -2 28 -17
right_child=15 2 9 -5 -6 6 7 -9 -10 11 -12 -13 13 -15 -16 19 17 18 -20 22 21 -23 25 -25 -26 -27 -28 -29 -30
leaf_value=-0.079807274053418698 -0.055168776263334343 0.37593653106037983 -0.045908276199845749 0.18468679708169072 -0.071104400464145442 -0.10148328343770707 0.6813326614573455 0.09369405247381786 0.15529964328580453 -0.10309157506085592 0.59249647879314915 0.15457584848105843 0.078571283464297148 -0.039216833141540786 5.9580451264588443e-05 -0.10110312564905684 0.035106471558232953 0.031710608560498656 -0.011100707740821628 0.025006715548618594 0.015591505675838431 0.17966481276766325 -0.017061498460802335 -0.039799127526073237 -0.093079889355291767 0.0036333897024037887 0.051255170942577977 -0.10698057554636707 -0.10233942987172673
leaf_weight=3.9449408873915663 3.6867473609745502 0.41860554460436405 5.1502148094150462 1.3526622783392666 3.1545358765870333 2.0703100751270536 0.38277007068973024 1.0151613149791954 1.1575260136087306 7.6259646727703494 0.2882189406082033 0.38603501953184594 4.5914687905460587 30.806480088271201 423.02096123407682 0.93745475844479997 1.3893767958506931 60.759257027508283 69.201878553823917 17.130698719993234 7.6054729390889388 7.0801274348050356 49.71676892467076 41.105658937711269 10.240454804035833 556.44790191214997 1.8552742451429391 0.52998985536396492 3.8114330982789397
leaf_count=108 73 32 716 26 169 218 24 45 62 421 22 10 56 848 39472 143 42 4118 4238 358 322 114 2159 1639 479 32384 33 10 195
internal_value=-0.000349198 -0.00292711 -0.033156 0.0371283 -0.0187321 -0.00173759 0.0703818 0.254596 -0.00939902 -0.0588955 -0.0120749 -0.0906766 -0.00245912 -0.0239385 -0.000678347 0.00115559 0.00949488 0.00179474 0.00891438 -0.000859478 0.063395 0.0946935 -5.12301e-05 -0.020736 -0.0777659 0.00193602 -0.0195418 -0.102586 -0.102095
internal_weight=1316.86 485.366 18.3762 4.9258 3.57314 466.99 4.62577 1.39793 3.22784 13.4504 5.43843 8.012 462.364 35.3979 426.966 831.498 161.819 141.591 129.961 669.68 20.2276 14.6856 664.401 58.2364 11.6298 606.165 5.54202 5.27888 4.74889
internal_count=88536 42229 1396 227 201 40833 349 69 280 1169 738 431 40484 904 39580 46307 9419 8877 8356 36888 542 436 36540 1997 521 34543 106 348 338
is_linear=0
shrinkage=0.1


Tree=79
num_leaves=31
num_cat=0
split_feature=1 0 0 0 2 0 4 2 4 3 4 1 1 2 4 2 4 2 0 1 2 2 3 1 2 1 4 3 1 0
split_gain=0.521651 2.51556 1.86786 2.93928 3.33223 2.52906 7.67501 1.71118 1.57889 11.8567 3.55369 1.19641 6.49242 14.9705 39.7496 6.58826 5.22183 6.92378 3.19137 2.73038 3.70678 7.46777 3.44141 1.87699 4.5459 1.52889 0.000684782 6.00957e-05 1.89075e-05 2.67216e-07
threshold=0.00057623858051408891 -0.00025907311931128158 0.00010350194410513326 0.00013057276897499029 1.3867251668695522 7.8564273553460864e-05 -9.3815382480433293e-05 1.6300101777410512 -0.0012894570529707881 -0.0024051601905482052 -0.0012597805717016739 0.00065304429124729395 0.00064782255617204694 0.71753814717337472 -0.0012597805717016739 1.0682507775322858 0.001879024957416098 0.97643650312393293 0.00020670885218621041 0.00071243987199802092 0.79671714279810868 0.683479385847934 -0.001610493234174448 0.00074644400399417096 2.0890667281893225 0.00078431372549012687 -0.0030370146227592372 0.00021051800882010421 0.00056598043158488469 -0.0003943217682645383
decision_type=2 2 2 2 2 2 2 2 2 2 2 2 2 2 2 2 2 2 2 2 2 2 2 2 2 2 2 2 2 2
left_child=1 8 5 26 -5 7 -7 -3 27 -10 -11 12 16 14 -14 -15 18 -18 -2 20 21 -13 -22 24 -21 -25 -4 28 -1 -29
right_child=11 2 3 4 -6 6 -8 -9 9 10 -12 19 13 15 -16 -17 17 -19 -20 23 22 -23 -24 25 -26 -27 -28 29 -30 -31
leaf_value=-0.10070329113894252 0.0086716585026007983 -0.0014545447429403688 -0.10711251549247031 0.0025930712054056059 -0.10175870457583834 0.19617881818425653 -0.038847031790763639 0.072468571308566335 1.2221389780026268 0.37388088108499917 -0.043429827161664582 -0.048192706271098895 2.1177975887652778 -0.10151189333557448 0.14180623173221441 0.21854692410341078 -0.0057891919823438893 0.18689857622438111 -0.054535304229506698 0.021830045137383805 0.065254822867740814 0.13192423645400195 -0.060959307894502684 -0.024743231722012499 0.34265325692092574 0.00038160899880536017 -0.10105574661514782 -0.10196758380081977 -0.10142972393676485 -0.10212556009053345
leaf_weight=3.0048497660027351 30.911623938940465 54.826458494160761 0.19647456426173482 26.518098899865439 3.4592855330265584 2.6577420666071703 2.9116980164362749 3.3210606519132844 0.075567138381301358 0.20825093172606912 10.143600753137433 5.6933370085898769 0.13518594531342387 1.324497612193227 0.41226479061879162 1.2502381545491514 4.0495072049088767 3.4565769759938121 10.77182404254563 24.29924508230761 2.3922695196233716 3.8642167176585644 22.282228813739493 24.781448385328986 0.44983656867407162 1068.6729306356283 3.7399805328896027 0.21403261298837606 0.40680527314543713 0.21425767068285484
leaf_count=676 3153 11169 4 7259 688 280 498 327 18 33 3030 826 13 141 68 123 341 197 1484 2033 161 512 2297 2415 37 49678 996 21 39 19
internal_value=-0.000358292 -0.00688948 -0.00115777 -0.0201169 -0.00944876 0.00893337 0.0733075 0.00276753 -0.0461113 -0.025924 -0.0350347 0.000248331 0.0150394 0.154873 0.629752 0.053902 0.00616384 0.0829442 -0.00766227 -0.000423071 -0.0282424 0.0246304 -0.0487225 0.000428575 0.0276613 -0.000187807 -0.101358 -0.10093 -0.10079 -0.102047
internal_weight=1316.65 111.898 97.6308 33.9138 29.9774 63.717 5.56944 58.1475 14.2674 10.4274 10.3519 1204.75 52.3117 3.12219 0.547451 2.57474 49.1895 7.50608 41.6834 1152.44 34.2321 9.55755 24.6745 1118.2 24.7491 1093.45 3.93646 3.83995 3.41166 0.42829
internal_count=88536 25057 21221 8947 7947 12274 778 11496 3836 3081 3063 63479 5520 345 81 264 5175 538 4637 57959 3796 1338 2458 54163 2070 52093 1000 755 715 40
is_linear=0
shrinkage=0.1


Tree=80
num_leaves=28
num_cat=0
split_feature=2 2 0 0 1 3 3 0 0 1 4 2 4 1 1 1 4 2 0 2 3 2 1 3 1 1 0
split_gain=0.463005 1.50493 2.8851 3.85307 9.70813 3.76111 2.49964 1.77951 4.2659 6.84067 3.86456 3.64087 2.53848 2.52936 1.32908 3.02391 14.4181 5.29128 2.62835 12.6255 2.18764 1.99209 1.59693 6.36256 3.32603 1.07004 4.50103e-06
threshold=0.91529180799942722 0.90230706393040183 3.7969227059009299e-05 -3.6739763531468121e-05 0.00090388601812903897 -0.0070382470852293757 0.0074417980207680543 -0.0010570971735701094 -0.001025151606499519 0.0018731889678674379 0.011042559104159301 0.84489671621191909 -0.010206261480286969 0.0029071704173617907 0.0005081683466529155 0.0005190142759424187 -0.0025948344841735245 1.3106085317791092 -0.00066956325556849483 1.0523458230240126 -0.0026697837027625511 1.6718057608813586 0.00059928088380037565 -0.0012175928488984964 0.00062329451964788769 0.00060418723332551294 -0.00078721119610036794
decision_type=2 2 2 2 2 2 2 2 2 2 2 2 2 2 2 2 2 2 2 2 2 2 2 2 2 2 2
left_child=1 7 3 5 -5 -3 25 10 9 -9 13 -12 -10 -1 18 16 -16 -18 19 -2 -20 -22 23 -17 -24 -4 -21
right_child=14 2 6 4 -6 -7 -8 8 12 -11 11 -13 -14 -15 15 22 17 -19 20 26 21 -23 24 -25 -26 -27 -28
leaf_value=-0.046377701974901514 1.573104433013786 0.43468060887315185 0.016408566305178292 -0.10134884198157701 0.74719983145377444 -0.019709076124085623 0.1872380309051441 -0.027268858168621918 0.043489354953868291 0.29889009235782427 0.063794368630844658 -0.10945001653844916 -0.001483177063048211 -0.0054904085147907478 0.95120193003046227 0.13234862607372169 -0.040825080120748231 0.3469974740792644 0.26463626625543329 -0.10050302284470483 -0.014668665512906041 -0.10152532622829885 -0.058703674636527453 0.0036175615292754941 0.0014570060716147392 -0.10264283032765614 -0.10150397418663724
leaf_weight=30.375754491993575 0.059746523809734664 0.18579060211777765 0.85222423858794982 0.31560679123504165 0.23538704123347998 9.3287704586691671 0.34245575871318568 1.3413405725441401 12.978955733356996 1.2352047348394988 8.9104403434321267 1.4042496625334013 380.65560852966155 30.144481830997393 0.18982698768377337 4.6163107401225743 1.66155761713162 0.44629158766474564 0.26969563588499923 0.079123316318145953 35.239589803204581 2.8544946171023176 9.3030098124872875 22.813877472653985 754.49273504805751 6.6157220415771008 0.10394024720881134
leaf_count=2000 20 6 213 54 12 660 9 103 267 34 123 22 37505 779 11 235 245 66 15 30 7234 525 806 2668 34431 442 21
internal_value=-0.00040454 -0.00286067 -0.0313359 0.00405272 0.261155 -0.0108362 -0.0769425 -0.00177079 0.00083915 0.129093 -0.0163694 0.0402087 -3.38524e-07 -0.0260122 0.00102676 0.00190828 0.116462 0.041288 -0.017092 0.310881 -0.0191678 -0.0211771 0.00157562 0.0252821 0.000724251 -0.089057 -0.101071
internal_weight=1317.05 484.922 17.876 10.0656 0.550994 9.51456 7.8104 467.046 396.211 2.57655 70.8349 10.3147 393.635 60.5202 832.13 793.524 2.29768 2.10785 38.6066 0.24281 38.3638 38.0941 791.226 27.4302 763.796 7.46795 0.183064
internal_count=88536 42229 1396 732 66 666 664 40833 37909 137 2924 145 37772 2779 46307 38462 322 311 7845 71 7774 7759 38140 2903 35237 655 51
is_linear=0
shrinkage=0.1


Tree=81
num_leaves=19
num_cat=0
split_feature=4 2 2 2 1 1 2 4 2 3 0 3 2 3 1 4 1 3
split_gain=0.522331 1.37434 3.52573 2.37315 1.81693 1.23892 1.08895 0.885702 5.37606 3.70679 0.90273 3.01777 2.4925 0.00122777 0.000891431 0.00011844 5.31899e-05 1.75835e-06
threshold=0.013718327855209435 1.8069767381912181 1.5015609151797185 1.1993930044595966 0.0049636373268024461 0.0053443694463241841 0.18235957317141954 0.011042559104159301 1.6502663714561481 -0.00020764428596975468 0.0011493826905649709 0.0036463832923699928 0.44228752381450875 0.0045367557472046913 0.0053443694463241841 0.01872390144043035 0.0038429751434839771 0.00093175169916881473
decision_type=2 2 2 2 2 2 2 2 2 2 2 2 2 2 2 2 2 2
left_child=6 2 3 4 -2 -4 14 10 9 -9 11 -8 -12 -5 16 -3 17 -1
right_child=1 15 5 13 -6 -7 7 8 -10 -11 12 -13 -14 -15 -16 -17 -18 -19
leaf_value=-0.10040090726690394 -0.032455246813785629 -0.10529567498973039 0.1957263886829117 -0.10851809491544069 0.01846342768563506 0.047386569155441212 -0.00054995965875620707 -0.11127486343373297 0.19311389883908925 0.023244585884281892 0.068158830415088634 0.021536402145170816 -0.0083620351051823822 -0.10383549395863215 -0.10945229032420078 -0.10354554683084978 -0.10236211808445604 -0.10072170107599046
leaf_weight=0.34052931824771693 14.813691738061612 0.82295160274952539 0.99001689814031069 0.776358706876635 13.299269631505011 1.3054237291216848 1003.6265329497437 2.3699561338871762 1.6638520155102003 15.10063526337035 4.3553403426158175 65.927781985737965 188.0098675879708 2.0087149012833834 0.14464433863759041 0.72942364029586315 0.21598561853170395 0.34293975565378787
leaf_count=240 345 19 17 14 186 27 78667 38 28 278 168 1869 6450 59 2 23 12 94
internal_value=-0.000410125 -0.0125082 -0.00820718 -0.0170903 -0.00836738 0.111365 -8.22589e-05 9.4245e-07 0.0213544 0.00499648 -0.000322839 0.000811453 -0.00662953 -0.105141 -0.102166 -0.104473 -0.100994 -0.100562
internal_weight=1316.84 34.7459 33.1935 30.898 28.113 2.29544 1282.1 1281.05 19.1344 17.4706 1261.92 1069.55 192.365 2.78507 1.0441 1.55238 0.899455 0.683469
internal_count=88536 690 648 604 531 44 87846 87498 344 316 87154 80536 6618 73 348 42 346 334
is_linear=0
shrinkage=0.1


Tree=82
num_leaves=30
num_cat=0
split_feature=1 0 2 2 2 2 3 0 3 2 2 3 4 1 2 2 2 3 0 1 4 4 1 2 1 3 4 3 3
split_gain=0.47945 2.35411 1.5815 4.16093 3.84124 2.15019 4.90585 4.16338 1.52821 1.94223 7.30611 1.69802 7.66652 0.998119 5.69474 11.9534 6.20542 18.6476 4.97983 1.20153 4.5186 3.84529 3.091 5.15549 0.809485 0.0028245 5.88123e-05 2.35539e-05 1.72902e-05
threshold=0.00057623858051408891 -0.00025907311931128158 1.3867251668695522 1.6300101777410512 1.6502663714561481 0.83532784927006765 -0.00053273137839121565 5.82428147373193e-05 0.00021051800882010421 0.94885277594678163 0.92871899959430182 -0.0012455508442049676 0.0006225340165438854 0.00059928088380037565 0.85424380814693146 0.86347233284079983 0.4543668601212783 -0.0006407131844337054 0.00026357463986537161 0.00062329451964788769 -0.0042242591287794387 0.0028795238415787465 0.00063104339083375877 0.84173968065089044 0.00071243987199802092 -0.0017347773705149725 0.0019570099274975887 0.0012547915328845474 0.00085678653131515692
decision_type=2 2 2 2 2 2 2 2 2 2 2 2 2 2 2 2 2 2 2 2 2 2 2 2 2 2 2 2 2
left_child=1 8 5 25 -5 7 -7 -3 11 10 -10 12 -1 14 16 -16 17 -2 -17 20 -15 -22 23 -21 -24 -4 -13 -18 -11
right_child=13 2 3 4 -6 6 -8 -9 9 28 -12 26 -14 19 15 18 27 -19 -20 22 21 -23 24 -25 -26 -27 -28 -29 -30
leaf_value=-0.039320357978589598 1.180369501292923 0.012571354843309547 -0.10904331237520699 0.28290746363511166 -0.0037437744287288654 0.064527552816848716 -0.0031207634095340806 -0.058890817633472342 0.014786525144581257 -0.10066860314038584 0.86975502156998807 -0.1004038322289186 0.81219909653734534 0.48448578793734876 0.78426786144278537 0.087692851990868764 -0.10083990552312826 -0.1013421188033737 -0.065954097792570276 0.20432115725450442 -0.047024644194217473 0.1346913663610636 -0.012958459238665721 0.010073638326951143 0.00039468322524382457 -0.10110007684371569 -0.10256026310946985 -0.10146035633363847 -0.10138513005036541
leaf_weight=3.0710363504113043 0.15606677322648466 20.083526548653026 0.49515092931687821 0.51723114711057849 4.8602171322709182 14.887819034447601 38.294537537505676 13.723286267126239 3.3664787601919666 0.73033440943981964 0.10300901462323953 5.8456464276496254 0.10950275252980635 0.17075527878478425 0.22574313590302963 8.4492716379463655 3.8915064530447125 0.41630018112482758 2.8113013743422917 1.9653826635330904 14.739373269956561 1.264406042639165 47.319713748933282 4.4827934531494975 1118.1895439078216 4.6671718162251619 0.1292696878335845 0.72600378887727846 0.62494827179762069
leaf_count=504 20 5387 9 47 650 1580 7705 4947 661 184 20 2331 21 18 21 720 555 67 282 261 1631 76 5176 429 54163 896 34 60 81
internal_value=-0.000378672 -0.00665195 -0.00115087 -0.0377343 0.0238278 0.00328165 0.0158166 -0.0164375 -0.0450286 0.000515864 0.0401705 -0.0690298 -0.0100034 0.000201942 0.0244969 0.0637774 -0.0624392 0.248141 0.0493335 -0.000139053 -0.0272082 -0.0326679 0.000234537 0.0692796 -0.000147455 -0.101862 -0.10045 -0.100937 -0.100999
internal_weight=1316.32 111.509 97.5289 10.5398 5.37745 86.9892 53.1824 33.8068 13.9802 4.82477 3.46949 9.15546 3.18054 1204.81 16.6762 11.4863 5.18988 0.572367 11.2606 1188.13 16.1745 16.0038 1171.96 6.44818 1165.51 5.16232 5.97492 4.61751 1.35528
internal_count=88536 25057 21221 1602 697 19619 9285 10334 3836 946 681 2890 525 63479 1725 1023 702 87 1002 61754 1725 1707 60029 690 59339 905 2365 615 265
is_linear=0
shrinkage=0.1


Tree=83
num_leaves=30
num_cat=0
split_feature=3 3 4 0 0 1 3 4 4 3 4 3 4 3 2 2 2 3 3 3 2 0 1 1 1 1 1 4 1
split_gain=0.455903 2.20103 5.11119 4.49659 7.96827 7.81452 2.16245 1.76762 3.04928 4.00452 2.35928 3.9683 2.49079 1.53656 3.52552 5.05138 4.45548 2.00196 4.08459 1.95923 1.06125 1.74137 0.00917829 0.00611307 6.95238e-05 1.70908e-05 1.03175e-05 4.66928e-06 2.95258e-06
threshold=5.8063582017653388e-05 0.00014032587708101565 0.0015913931686354357 0.00052611292807713827 9.2130974778115177e-06 0.0016631755477130828 5.227254910644686e-05 0.0059081524902060431 0.0071862816305866559 -0.00020764428596975468 0.004510457347433273 -0.0015717183061920157 0.003874289498387196 0.00022397072456115111 0.6189808244061149 0.60965774024003705 0.97322932027176401 0.00051989483961623073 0.00039119238698459574 0.00063771921272937082 1.1993930044595966 -0.00035957932928992736 0.0049636373268024461 0.0043921420790251006 0.0010850719782478676 0.00072367476372346229 0.0017634214669839394 -0.00036357214864896065 0.00049116732934325323
decision_type=2 2 2 2 2 2 2 2 2 2 2 2 2 2 2 2 2 2 2 2 2 2 2 2 2 2 2 2 2
left_child=6 2 3 4 -2 -5 7 10 23 -10 12 -12 -1 14 15 -3 -16 18 -15 -19 22 -22 -4 -9 25 28 -26 -27 -8
right_child=1 13 20 5 -6 -7 24 8 9 -11 11 -13 -14 17 16 -17 -18 19 -20 -21 21 -23 -24 -25 26 27 -28 -29 -30
leaf_value=-0.0012389950104175456 0.079764780978734406 0.058848418265925087 -0.10195997354630144 0.23682678643192731 -0.080113234708755005 -0.039571582104045086 -0.10039721166797817 -0.10392341888010087 -0.025063455455793471 0.17789902411590783 -0.00931308833186709 0.11753128646007555 -0.070050884585977136 -0.0047200609041099673 -0.10162614056468429 0.72732708828958392 0.0022390381217929183 -0.027838747064436481 0.04243262494091854 0.00045803345170116074 0.20259365543479202 -0.10248673362052899 -0.11753202635352078 -0.11201376171206218 -0.1017695213192462 -0.10164187841772421 -0.10252598254397019 -0.10108221641517297 -0.10077550089543129
leaf_weight=603.24534708283318 9.2198595370791789 1.7774657483387297 2.3960317992023192 2.9385720679856595 4.7098027282081594 1.5690825106576083 0.35547233236138642 2.884749383141755 13.346795932855457 1.0484842797741265 5.5391314434818923 4.4460813357727584 5.3065767847874659 40.53447697071897 7.2418794745026416 0.12071808069595125 9.6114689869427803 25.638299554757396 33.598857799297548 536.39362544323376 0.32754409685730934 0.43632805725792412 0.44951390475034703 1.3810910806059835 0.41032041423022736 0.24978318670764565 0.32163631729781628 0.3697320141363889 0.49175384407863021
leaf_count=44072 1047 350 214 195 845 60 166 103 245 27 96 134 193 4472 1066 18 975 2752 3097 28167 17 26 4 17 28 18 15 38 79
internal_value=-0.000389473 0.00141916 0.032497 0.0538009 0.0257079 0.140614 -0.00230437 -0.00196276 -0.0322857 -0.0102806 -0.00104793 0.0471665 -0.00183904 0.000372978 -0.0278399 0.101361 -0.0423918 0.00120458 0.0166506 -0.000832785 -0.0763256 0.02833 -0.10442 -0.106543 -0.101306 -0.100909 -0.102102 -0.101308 -0.100617
internal_weight=1316.36 676.964 22.0467 18.4373 13.9297 4.50765 639.397 637.198 18.6611 14.3953 618.537 9.98521 608.552 654.917 18.7515 1.89818 16.8533 636.165 74.1333 562.032 3.60942 0.763872 2.84555 4.26584 2.1987 1.46674 0.731957 0.619515 0.847226
internal_count=88536 43305 2408 2147 1892 255 45231 44887 392 272 44495 230 44265 40897 2409 368 2041 38488 7569 30919 261 43 218 120 344 301 43 56 245
is_linear=0
shrinkage=0.1


Tree=84
num_leaves=30
num_cat=0
split_feature=2 2 2 0 4 4 0 4 0 0 4 0 3 4 2 4 4 0 0 4 0 0 0 1 1 1 1 3 1
split_gain=0.466091 2.66768 2.61209 4.02656 3.12786 10.0105 2.55417 6.38855 4.85095 5.82234 5.20069 4.72778 2.24745 2.24048 1.79436 4.80634 1.32222 1.16336 7.21124 2.2546 1.0078 4.3565 3.22015 0.382106 0.910207 0.0740423 0.000597694 0.000409866 0.000276267
threshold=0.67175724625267985 0.65886664334155987 0.706971637566019 0.0008712954366514315 -0.0073721458643278273 -0.0050314190209628787 0.0027319697159591265 0.006670074233105284 0.0016025327841333594 0.0015307948237734961 -0.012196555482038627 0.0037017330613896564 0.0048755053635939358 9.6601295944576129e-05 0.71052747948172468 0.0095526008061698215 -0.016345454625417862 -2.9714150114323875e-05 -7.8675387055915355e-05 0.0071862816305866559 -0.0002309625584308028 -0.00074931600189992442 -0.00022685167713626384 0.0022398670633565145 0.0029071704173617907 0.00089788150897962061 0.00046753577671441348 0.0036463832923699928 0.0035559654954686721
decision_type=2 2 2 2 2 2 2 2 2 2 2 2 2 2 2 2 2 2 2 2 2 2 2 2 2 2 2 2 2
left_child=1 6 3 4 28 -6 8 13 9 -1 -10 -9 16 -8 15 27 -5 18 19 -3 21 -16 -22 26 -25 -20 -19 -4 -2
right_child=2 17 14 12 5 -7 7 11 10 -11 -12 -13 -14 -15 20 -17 -18 23 25 -21 22 -23 -24 24 -26 -27 -28 -29 -30
leaf_value=-0.0019949091280239057 -0.1028643631252316 -0.080800005954192886 -0.10172024859608327 0.061246717897765895 0.29182477936136569 0.029859138517228646 0.034721173299490524 0.2993333833793998 0.18920248151444574 0.26746558486525585 -0.10398372052712974 0.039141598989178988 0.071920322511719634 -0.10760720624670564 0.0040799975434374896 0.41429943630791444 -0.10480540402926218 -0.1050070229277838 0.34501371510169299 0.084035654765445028 0.10784292163901155 -0.016805418714366679 0.0015034542405902597 0.04533979016311785 -0.10576651715154431 0.43040312883297616 -0.10125640614808894 -0.1046274522819573 -0.10556897083410853
leaf_weight=140.32657712809305 0.64113300293683895 4.5630610094449366 2.6088782761435141 0.54289420694112767 1.5168098583817471 38.08103884285083 3.184308281634002 1.4592921603471043 0.65868453681468953 0.8064846103079607 7.4268837504787353 1.3392369002103803 1.1279260263545436 1.6945902660954741 248.99290526285768 0.19085226953029621 4.1084832645792622 0.48522918023081585 0.2207900792127474 1.0142236687242983 2.8596484583831616 166.765332757961 678.80706516921055 0.67161267809569813 0.98076682165265083 0.18802790250629187 3.4166364081902429 0.5956663554534315 0.91909644193947315
leaf_count=15568 30 410 328 5 59 2780 50 24 10 32 310 21 27 39 10423 3 220 160 26 16 254 12900 44368 24 22 15 374 18 20
internal_value=-0.000377471 -0.00528975 0.000343418 0.0234464 0.0344217 0.0398938 -0.00187662 0.0543734 -0.00477073 -0.000455116 -0.0800995 0.174819 -0.0547159 -0.0147138 -0.000641659 -0.0732253 -0.0854243 -0.0516927 -0.0211091 -0.0508248 -0.000417088 -0.00429738 0.00194956 -0.0846542 -0.0443491 0.384287 -0.101723 -0.102261 -0.104458
internal_weight=1316.19 168.436 1147.76 46.9374 41.1581 39.5978 156.896 7.67743 149.219 141.133 8.08557 2.79853 5.7793 4.8789 1100.82 3.3954 4.65138 11.5403 5.9861 5.57728 1097.42 415.758 681.667 5.55425 1.65238 0.408818 3.90187 3.20454 1.56023
internal_count=88536 17101 71435 3141 2889 2839 16054 134 15920 15600 320 45 252 89 68294 349 225 1047 467 426 67945 23323 44622 580 46 41 534 346 50
is_linear=0
shrinkage=0.1


Tree=85
num_leaves=21
num_cat=0
split_feature=4 1 1 1 1 1 2 2 4 3 0 3 0 2 3 1 0 1 1 1
split_gain=0.462527 1.25325 4.20609 1.58823 1.27659 3.25828 2.28601 0.987032 0.671905 3.2908 2.7381 2.39742 1.38969 2.43425 1.27817 0.000517982 0.000199451 7.79578e-05 4.00247e-05 1.43979e-06
threshold=0.013718327855209435 0.0026706140471029331 0.0029071704173617907 0.0017634214669839394 0.0049636373268024461 0.0058909735063260313 0.81003389586856522 0.18235957317141954 0.0053671315012194807 -0.00023988279254072428 0.0016025327841333594 0.00093175169916881473 0.0014695638896677912 0.98673547506338866 0.012133721506861874 0.0053443694463241841 -1.0000000180025095e-35 0.0024762549000852279 0.0038429751434839771 0.0030619851542908133
decision_type=2 2 2 2 2 2 2 2 2 2 2 2 2 2 2 2 2 2 2 2
left_child=7 3 -3 -2 6 -6 -4 15 12 10 -10 -11 14 -14 -9 18 -5 -18 19 -1
right_child=1 2 4 16 5 -7 -8 8 9 11 -12 -13 13 -15 -16 -17 17 -19 -20 -21
leaf_value=-0.10047547539287088 0.087006695176296625 0.15682516715793668 -0.089075711267217653 -0.10465091762076117 0.071825324968361526 -0.023517172317244761 -0.00053604321908848416 0.00026742761817956438 -0.058656008046049063 0.061530401358885767 0.059860781049884806 0.0078391920144108753 -0.029866655198905745 0.00085892993484685653 0.1979458638374989 -0.10778247801697356 -0.10238836410079621 -0.10390530816384849 -0.10215095891855595 -0.10101778058367726
leaf_weight=0.57375967380175907 0.52431843802332823 1.5143179390579486 5.2096514496952313 1.0830130148679025 4.950911637395623 12.986223485320805 6.6237454954534769 1032.0707776796989 11.851951320189981 8.9465185321168956 2.3330773748457423 118.08695014898694 43.493832026579184 63.328293801518157 0.32719636522233386 0.12660939246416092 1.0432121702469879 0.50171279348433007 0.19850915810093284 0.053523611510172486
leaf_count=327 21 30 108 29 85 210 141 80619 293 260 35 2840 1423 2021 7 2 51 15 12 7
internal_value=-0.000369919 -0.0118065 -0.005751 -0.0719048 -0.0140207 0.00279875 -0.0395156 -6.25635e-05 1.31295e-05 0.00651941 -0.039163 0.0116205 -0.000793393 -0.0116513 0.000330078 -0.101827 -0.10361 -0.102881 -0.100913 -0.100522
internal_weight=1315.83 34.4371 31.2849 3.15226 29.7705 17.9371 11.8334 1281.39 1280.44 141.218 14.185 127.033 1139.22 106.822 1032.4 0.952402 2.62794 1.54492 0.825792 0.627283
internal_count=88536 690 574 116 544 295 249 87846 87498 3428 328 3100 84070 3444 80626 348 95 66 346 334
is_linear=0
shrinkage=0.1


Tree=86
num_leaves=24
num_cat=0
split_feature=2 2 4 0 3 1 3 3 2 2 2 1 1 4 3 2 4 2 2 1 1 1 1
split_gain=0.463813 2.08676 1.72998 2.17832 10.0546 1.44899 5.99445 0.530176 1.75369 4.09256 2.27745 2.15834 2.19438 0.89123 4.23108 3.5891 1.08874 2.23364 0.87367 0.0014035 0.000181341 5.24515e-05 1.52382e-05
threshold=2.0890667281893225 2.1651388065184469 -0.016345454625417862 -0.0024803243214519539 -0.0050999024153587915 0.00074644400399417096 -0.00079880431649298467 0.012133721506861874 1.0894830948799104 1.172054006510693 1.5776277239868219 0.0027224839620995692 0.0081545892109362358 0.01872390144043035 0.0089073951143514591 0.61427531371282174 0.013718327855209435 1.5015609151797185 0.18235957317141954 0.0049636373268024461 0.0058909735063260313 0.0027819473465429266 0.00070721357850074865
decision_type=2 2 2 2 2 2 2 2 2 2 2 2 2 2 2 2 2 2 2 2 2 2 2
left_child=7 5 -3 20 -5 6 -2 13 11 -10 -11 -9 -13 16 15 -15 18 -18 -1 21 -4 -7 -8
right_child=1 2 3 4 -6 19 22 8 9 10 -12 12 -14 14 -16 -17 17 -19 -20 -21 -22 -23 -24
leaf_value=-0.10165800009970741 0.66567291208104917 0.143557509626696 -0.10217605539434993 0.44790735350141936 -0.0073489100090845146 -0.10128338463646257 -0.10084522767264281 0.10094205773216272 0.17420171912421764 -0.10429093593599198 0.080776072944853547 -0.079847256904748254 0.042489742196121796 0.14182226878582849 0.16818301015910292 -0.026174966905246368 -0.048118959983169028 0.078805542335230572 0.0002724169803456342 -0.10639156774311465 -0.10405955430533903 -0.10238348120737902 -0.10204089036327564
leaf_weight=0.84145952720973483 0.13026429573073983 0.78977515548468247 1.3282767566852336 0.49517280049623025 23.903079323834376 2.2899422822520146 0.30416308165877382 0.966885169968008 1.4112733341753472 1.7582200672477486 1.0693935956805942 7.523271478712557 1.8211281634867189 1.5189720680937133 1.8114682920277125 7.8115153415128589 10.013564609456806 1.6093450225889672 1245.8951633517863 0.73710345663130272 0.83094753138720978 0.53458575624972571 0.16409430000931025
leaf_count=346 11 10 75 13 1618 222 57 30 20 49 22 175 23 17 30 125 226 27 85358 16 24 30 12
internal_value=-0.00034273 -0.0123295 -0.00229193 -0.00662925 0.00189071 -0.0783124 0.0656546 -4.86053e-05 -0.0190288 0.035118 -0.0342992 -0.0412882 -0.056005 0.000168933 0.0283268 0.00117442 -8.03865e-05 -0.0305446 0.000203621 -0.102506 -0.102901 -0.101492 -0.101264
internal_weight=1315.56 31.5074 27.3473 26.5575 24.3983 4.16015 0.598522 1284.05 14.5502 4.23889 2.82761 10.3113 9.3444 1269.5 11.142 9.33049 1258.36 11.6229 1246.74 3.56163 2.15922 2.82453 0.468257
internal_count=88536 2088 1740 1730 1631 348 80 86448 319 91 71 228 198 86129 172 142 85957 253 85704 268 99 252 69
is_linear=0
shrinkage=0.1


Tree=87
num_leaves=24
num_cat=0
split_feature=1 2 2 3 1 4 1 4 4 1 3 4 2 4 2 1 0 4 4 0 3 2 2
split_gain=0.443746 0.403616 1.88572 1.28807 3.53117 2.66569 1.24129 4.16467 0.506388 2.69976 2.05321 1.36669 4.80364 1.22973 1.21381 0.00103314 1.83726e-06 4.70418e-07 6.8384e-07 2.56691e-07 1.19098e-07 1.17441e-07 8.3467e-08
threshold=0.00012195828543332384 2.0890667281893225 2.1651388065184469 -0.0050999024153587915 0.0043921420790251006 -0.0015832328196142551 0.00074644400399417096 0.0010441893504370416 -0.016345454625417862 0.0046345948389212846 -0.0055429375743777367 -0.012196555482038627 1.0564689788914985 -0.0073721458643278273 1.1942927169050359 0.0049636373268024461 -0.0013281491532265985 -0.0024044897314848264 -0.0024636384604571622 0.00064548713536438662 0.00099353916342603842 1.2291163680478603 0.64588146975666982
decision_type=2 2 2 2 2 2 2 2 2 2 2 2 2 2 2 2 2 2 2 2 2 2 2
left_child=16 8 6 4 -4 -5 7 -3 9 14 -11 12 -10 -13 -2 -8 -1 18 22 20 -19 -21 -18
right_child=1 2 3 5 -6 -7 15 -9 11 10 -12 13 -14 -15 -16 -17 17 19 -20 21 -22 -23 -24
leaf_value=-0.10126432430530415 -0.10550622678618732 -0.1018118073993176 0.25027390521350867 -0.07949890710935989 -0.0062002803303503303 0.0060760459012229803 -0.10134857277926101 0.46478363444941179 0.073706017535313958 -0.013546909191918997 0.086728583673358006 -0.019238287861141148 -0.047160881931834292 0.00037664811619809524 0.038325323011774784 -0.10575762393846429 -0.10007373758807224 -0.10006865635597523 -0.10104282191163089 -0.10024515042639365 -0.10020679707663144 -0.10057842057031344 -0.10038920235183657
leaf_weight=0.015993164714018349 3.8257089629769352 0.49252014039666692 0.73516045231372773 4.449306864757097 1.9897913001477716 20.015183485083973 2.559161575743929 0.17611671728082001 9.2792932766024006 10.21953780669719 2.5518183642998311 32.822567158727907 5.0928781563416115 1219.097058354484 0.69302073679864395 0.67075262963771809 0.018029611484962516 0.24713096248160482 0.014445729342696723 0.034582906220748555 0.083498071500798687 0.015230291872285306 0.015682327051763423
leaf_count=8 106 63 21 339 50 1328 252 17 200 162 47 1349 135 82893 19 16 53 1194 6 61 199 6 12
internal_value=-0.000324171 -0.000290391 -0.0115492 -0.0022232 0.0629935 -0.0094873 -0.0765907 0.0474275 -1.77065e-05 -0.0170157 0.00648893 0.000214386 0.030876 -0.000137612 -0.0834473 -0.102264 -0.100212 -0.100173 -0.100467 -0.100135 -0.100104 -0.100347 -0.10022
internal_weight=1315.11 1314.67 31.088 27.1894 2.72495 24.4645 3.89855 0.668637 1283.58 17.2901 12.7714 1266.29 14.3722 1251.92 4.51873 3.22991 0.444593 0.4286 0.0481577 0.380442 0.330629 0.0498132 0.0337119
internal_count=88536 86997 2086 1738 71 1667 348 80 84911 334 209 84577 335 84242 125 268 1539 1531 71 1460 1393 67 65
is_linear=0
shrinkage=0.1


Tree=88
num_leaves=28
num_cat=0
split_feature=1 0 3 4 0 1 1 3 0 3 0 3 3 1 0 0 1 3 1 3 3 2 2 2 3 2 3
split_gain=0.434463 2.86395 2.04391 2.54924 13.806 1.8513 1.44234 4.21572 8.77206 11.727 7.9571 4.28493 7.26856 1.27969 4.0587 12.1 0.82064 10.9455 1.27921 0.000560558 0.000515692 0.000265207 0.000137074 6.54742e-05 6.23625e-05 4.35426e-05 6.3761e-06
threshold=0.00071243987199802092 -0.00068344831172179033 -0.0027655795202025653 -0.004567954708185439 -0.00016107189513464568 0.00065304429124729395 0.00074644400399417096 -0.00098042912768092605 -0.00069795364549513062 -0.00093560385434066074 -0.00083077597859299013 -0.0018262563216388525 -0.0020263402818944671 0.0007687285711243532 -8.76144481858354e-05 0.00011705718247823073 0.00077422829838676773 -0.0012734587151339569 0.00078431372549012687 0.0021830067857768758 0.0027600903962071714 1.205195004994853 0.90230706393040183 0.68774252032764382 -0.0023387106879432791 0.90888075336000129 0.00085678653131515692
decision_type=2 2 2 2 2 2 2 2 2 2 2 2 2 2 2 2 2 2 2 2 2 2 2 2 2 2 2
left_child=1 19 21 4 -4 -5 7 11 10 -10 -9 12 -2 14 20 -16 17 -15 -18 24 -8 23 -13 -3 25 -1 -26
right_child=6 2 3 5 -6 -7 13 8 9 -11 -12 22 -14 16 15 -17 18 -19 -20 -21 -22 -23 -24 -25 26 -27 -28
leaf_value=-0.10111440473932326 -0.019913209683269262 -0.10111563091258724 0.87999445662210773 0.0015939479448415913 -0.10410239817868272 -0.024936462506693471 -0.10104775058569937 -0.10130519910050584 0.7287158222788177 0.025899098615670049 0.70249501164286687 -0.10125030847222921 0.51161225433721824 0.46800720395865292 0.18197986447075307 -0.068589730764009607 -0.042927323281911844 -0.029205907615441562 0.00042849958100353184 -0.10588162714590557 -0.10658273408676924 -0.10492284559526464 -0.10242831871535768 -0.10239394069947386 -0.10073837016436199 -0.10325873052027101 -0.10120930589960507
leaf_weight=0.18942816849448796 1.2204917143099008 0.647241727332584 0.2037442164728418 160.5490952805776 0.47470303141744707 31.455212198430672 4.927713753306306 0.18378508085152134 0.24044607812539354 18.815414506534573 0.37333037145436421 1.5407794443890477 0.32599548762664188 0.52672049449756775 2.8177018689457309 6.0980054140090942 6.8489838092355049 2.7768643840681753 1067.3285344807664 0.25659425606136199 0.17428194032981981 0.3519876361824571 2.7521170009858906 1.0518133654259143 2.0405446380136705 0.18935685185715556 0.33464484447904386
leaf_count=29 87 93 19 29942 33 3628 584 18 12 1600 40 148 22 46 192 597 690 299 49678 14 7 19 143 63 472 12 49
internal_value=-0.000301586 -0.00462204 -0.00312568 -0.00206868 0.191431 -0.00275241 0.000463304 0.0239956 0.0462022 0.0347672 0.437332 -0.0505909 0.092131 -8.54384e-05 -0.0301052 0.0105998 0.000305109 0.0500693 0.000152062 -0.101411 -0.101237 -0.102425 -0.102006 -0.101907 -0.100995 -0.102186 -0.100805
internal_weight=1314.7 197.744 194.734 192.683 0.678447 192.004 1116.95 25.4524 19.613 19.0559 0.557115 5.83938 1.54649 1091.5 14.0177 8.91571 1077.48 3.30358 1074.18 3.01057 5.102 2.05104 4.2929 1.69906 2.75397 0.378785 2.37519
internal_count=88536 34373 33797 33622 52 33570 54163 2070 1670 1612 58 400 109 52093 1380 789 50713 345 50368 576 591 175 291 156 562 41 521
is_linear=0
shrinkage=0.1


Tree=89
num_leaves=29
num_cat=0
split_feature=1 0 4 3 4 2 2 0 0 2 0 1 0 1 4 4 1 2 2 0 1 2 1 3 1 4 3 3
split_gain=0.428998 1.95568 1.55792 2.81101 2.23511 1.34971 3.76966 3.38289 2.05303 7.97254 2.46897 0.692175 4.48342 3.33747 4.98907 3.40118 1.76288 3.60246 12.8638 4.08775 1.02612 3.84431 1.11484 0.00191856 4.60986e-05 2.98566e-05 2.51707e-05 1.1987e-05
threshold=0.00057623858051408891 -0.00025907311931128158 -0.0012894570529707881 -0.0024051601905482052 -0.0012597805717016739 1.3867251668695522 1.6300101777410512 0.00010350194410513326 0.00049248114442657098 1.3599278674854158 0.00035832340481778418 0.00065304429124729395 -0.00051223597181343495 0.00064782255617204694 0.0010670758927154857 0.001879024957416098 0.00071243987199802092 0.72833730780434303 0.683479385847934 -0.00050217411672109902 0.00074644400399417096 0.70310895082560065 0.00078431372549012687 -0.0017347773705149725 0.00064782255617204694 -0.004567954708185439 0.00021051800882010421 0.0013125975272045844
decision_type=2 2 2 2 2 2 2 2 2 2 2 2 2 2 2 2 2 2 2 2 2 2 2 2 2 2 2 2
left_child=1 2 25 -4 -5 8 23 -8 10 -10 -3 12 24 15 -15 -14 17 18 -13 -19 21 -18 -22 -7 27 -1 -27 -2
right_child=11 5 3 4 -6 6 7 -9 9 -11 -12 16 13 14 -16 -17 20 19 -20 -21 22 -23 -24 -25 -26 26 -28 -29
leaf_value=-0.10216068319317673 -0.10084739217798178 0.003550976223757512 0.31758931811806229 0.2483319303463179 -0.038870872531560713 -0.10790207885307097 0.070767969740349143 -0.10108100912018399 0.054802993277571301 1.0101341299918281 -0.076549845695038171 -0.042940393343325139 -0.0008197812607267567 0.040383328809410202 0.30185038952372345 0.070706484346699697 -0.074252569224914924 0.093850760230182032 0.2586992141100854 -0.053372381340923751 -0.021509277136919441 0.035436959571951067 0.00038548852114817531 -0.10100259948122917 -0.10214703823884264 -0.10073955082610082 -0.10164990460884656 -0.10163522819034231
leaf_weight=0.17980438767699558 2.7958390588173643 80.274963254940303 0.23753858410054718 0.27900041281827626 9.4146838995675335 0.44528940133750428 3.8971833007817622 1.6223568740097105 3.022465017791546 0.089955147937871405 4.0418056871767467 5.1838477984420015 38.796987015928607 2.7642392388079311 0.9915381500031798 8.0229009373579157 3.7222521413350504 2.0549188563600209 1.9440099962521342 22.937565896543674 23.773660380393267 22.562284873332828 1067.7513796448475 4.247262507924459 0.32996126683428872 2.8568283755448642 0.33985138662683301 0.20745615893974889
leaf_count=20 397 17610 18 33 3030 9 357 340 754 11 1244 826 4246 215 92 516 469 309 198 2463 2415 1601 49678 896 38 696 39 16
internal_value=-0.00031413 -0.0062642 -0.0422269 -0.0222765 -0.0306047 -0.00136279 -0.0357641 0.0202564 0.00265543 0.082414 -0.000288734 0.000234245 0.0113089 0.0187124 0.109412 0.0114367 -0.000284935 -0.0233827 0.039327 -0.0412675 0.00037878 0.0199034 -9.13844e-05 -0.101657 -0.101025 -0.100907 -0.100836 -0.100902
internal_weight=1314.79 110.949 13.3077 9.93122 9.69368 97.6413 10.2121 5.51954 87.4292 3.11242 84.3168 1203.84 53.9089 50.5757 3.75578 46.8199 1149.93 32.1203 7.12786 24.9925 1117.81 26.2845 1091.53 4.69255 3.33326 3.37648 3.19668 3.0033
internal_count=88536 25057 3836 3081 3063 21221 1602 697 19619 765 18854 63479 5520 5069 307 4762 57959 3796 1024 2772 54163 2070 52093 905 451 755 735 413
is_linear=0
shrinkage=0.1


Tree=90
num_leaves=28
num_cat=0
split_feature=1 1 2 2 3 1 4 1 0 3 3 2 3 0 0 0 0 0 1 0 3 0 4 4 3 3 0
split_gain=0.404046 0.906394 2.72691 6.56535 2.73507 1.13461 0.76892 1.43679 2.13445 1.18679 2.36896 0.903939 0.791354 0.753444 1.61406 0.599719 1.46207 0.395585 2.84273 2.03068 0.00156572 2.19186e-05 1.77359e-05 1.02807e-05 6.80055e-06 4.54729e-06 1.45207e-06
threshold=0.0003566480570210496 0.00036433507923024235 0.79671714279810868 0.84489671621191909 -0.00054738873971627011 0.0003688666032741769 -9.3815382480433293e-05 0.00030178223011531543 -0.00043195907874654654 9.1665694626819074e-05 0.00048713160993330012 0.99020595107885723 0.001014500233920024 3.7969227059009299e-05 9.3842376111985551e-05 -0.00014595263679595402 -0.00015188555048900596 0.00067657215205740872 0.00086036083070254615 0.00031924278435724324 -0.0018743172456741617 -0.00038707182183805861 -0.0019910429097096389 -0.0027965977707712915 0.0010361633553395146 5.227254910644686e-05 -4.6897938252410391e-05
decision_type=2 2 2 2 2 2 2 2 2 2 2 2 2 2 2 2 2 2 2 2 2 2 2 2 2 2 2
left_child=6 2 23 -4 -5 21 7 9 -9 11 -11 -1 15 24 -15 16 -8 19 -19 -7 -10 -3 -23 -2 -14 -17 -25
right_child=1 5 3 4 -6 17 12 8 20 10 -12 -13 13 14 -16 25 -18 18 -20 -21 -22 22 -24 26 -26 -27 -28
leaf_value=0.020213152205803348 -0.1019551001454268 -0.10228280533674541 0.5739820811651789 0.29510099477533691 -0.10065889937722834 -0.0010582724910204394 -0.10024377597213202 0.16910640175195424 -0.1102893857691708 0.14419418818888094 -0.10149198694532105 -0.10077540767330143 -0.10121395273540364 0.14739828454488813 -0.10044193922534549 -0.10042395419605335 0.14836499865817845 -0.063562835165234824 -0.001698400401218772 0.011732907964797409 -0.10074738206091643 -0.10208071489112502 -0.10045649876676628 -0.10079120474246157 -0.1002801078245925 -0.10014061638214633 -0.10045873764189134
leaf_weight=2.7278535962250303 0.064429156249389052 0.080377365578897186 0.29014294594526269 0.25179533404298116 0.56976675300393265 815.74058857819182 0.64754130189794523 0.33903736341744695 0.18932330115058049 1.6740425348652936 0.51264474730487553 0.79821585501485959 0.10190078336745489 0.70214226551615844 0.41992277460667538 0.85555078596553391 0.37271395605057411 7.5993463167105793 328.83665679738624 146.38668136863271 1.8753563508143993 0.072233592858537921 0.97064491803757746 0.25053898460464552 0.33222681022380129 1.676123462455507 0.27618264831835304
leaf_count=1735 7 6 20 31 142 52508 844 49 36 398 231 480 13 68 366 1403 32 1027 13109 11355 1258 8 332 49 285 2647 97
internal_value=-0.00031231 -0.000135582 0.0727741 0.165053 0.020635 -0.000231109 -0.0177035 0.0014257 -0.0634368 0.0287175 0.0865958 -0.0071757 -0.0480985 0.0113657 0.0546463 -0.0741513 -0.00942341 -0.000144211 -0.00309578 0.000887893 -0.101622 -0.100692 -0.100569 -0.100763 -0.100499 -0.100236 -0.100617
internal_weight=1314.61 1301.39 1.70286 1.11171 0.821562 1299.69 13.2246 8.11647 2.40372 5.71276 2.18669 3.52607 5.10812 1.55619 1.12207 3.55193 1.02026 1298.56 336.436 962.127 2.06468 1.12326 1.04288 0.591151 0.434128 2.53167 0.526722
internal_count=88536 78691 346 193 173 78345 9845 4187 1343 2844 629 2215 5658 732 434 4926 876 77999 14136 63863 1294 346 340 153 298 4050 146
is_linear=0
shrinkage=0.1


Tree=91
num_leaves=21
num_cat=0
split_feature=1 3 2 2 2 4 1 2 4 3 4 1 1 0 4 4 0 3 2 2
split_gain=0.39438 0.378302 1.50289 7.91361 2.38567 2.08485 2.16146 0.753206 0.677003 2.87385 0.946274 0.000279209 2.06316e-05 1.96695e-06 4.9844e-07 8.67911e-07 2.0319e-07 1.14249e-07 6.14523e-08 3.93306e-08
threshold=0.00012195828543332384 0.012133721506861874 1.0894830948799104 1.143896935356292 1.5776277239868219 0.0085626385370514164 0.0081545892109362358 0.18235957317141954 0.01872390144043035 0.0089073951143514591 0.013718327855209435 0.0053443694463241841 0.0038429751434839771 -0.0013281491532265985 -0.0024044897314848264 -0.0024636384604571622 0.00064548713536438662 0.00099353916342603842 0.89904099132316939 0.64588146975666982
decision_type=2 2 2 2 2 2 2 2 2 2 2 2 2 2 2 2 2 2 2 2
left_child=13 7 5 -4 -5 -3 -7 11 10 -10 -9 12 -2 -1 15 19 17 -16 -18 -15
right_child=1 2 3 4 -6 6 -8 8 9 -11 -12 -13 -14 14 16 -17 18 -19 -20 -21
leaf_value=-0.1013122227572493 -0.10043547900149957 0.10213343619281311 0.27388222066570311 -0.10637687039565587 0.045191347743244153 -0.077970616014882019 0.045264263380475407 1.981332024194045e-05 0.00052417567209761832 0.13028970088150613 -0.02890146293542491 -0.10631789887833108 -0.10178448001753421 -0.10006552819491604 -0.10006343260170854 -0.10111066735527648 -0.1002342223391666 -0.10020892202193268 -0.1004712959256235 -0.10030099209973416
leaf_weight=0.015757891138491686 0.47674514602840545 0.94968340825289388 1.0429036021232594 2.179505405947566 1.9835928585380314 7.2156379423104209 1.7729520983994005 1274.9535498432087 9.3565937392413598 2.0873955786228171 11.41439918335527 0.10549014061689377 0.14874491887167096 0.016072081540187355 0.21747172714458329 0.014856021392915864 0.028433202067390084 0.071793206214351812 0.017765403710654937 0.012698798644123599
leaf_count=8 218 20 14 55 46 187 21 85994 143 30 256 2 11 53 1194 6 56 199 11 12
internal_value=-0.000291843 -0.000261809 -0.0159755 0.0275499 -0.0341591 -0.0387755 -0.0536632 -7.85486e-05 -2.13907e-05 0.0241935 -0.000236815 -0.101559 -0.100756 -0.100218 -0.100172 -0.10049 -0.100131 -0.1001 -0.100325 -0.100169
internal_weight=1314.08 1313.69 15.1443 5.206 4.1631 9.93827 8.98859 1298.54 1297.81 11.444 1286.37 0.73098 0.62549 0.394848 0.37909 0.0436269 0.335464 0.289265 0.0461986 0.0287709
internal_count=88536 86997 343 115 101 228 208 86654 86423 173 86250 231 229 1539 1531 71 1460 1393 67 65
is_linear=0
shrinkage=0.1


Tree=92
num_leaves=30
num_cat=0
split_feature=2 2 4 4 4 3 3 1 4 1 0 1 3 2 0 0 1 4 4 2 2 1 2 1 4 0 1 1 0
split_gain=0.364409 3.09518 4.34723 8.63262 4.67556 2.15818 5.15364 20.1923 4.12176 2.97072 2.25853 2.06233 4.45547 3.3616 10.2666 3.54249 2.84307 5.01028 19.6208 6.15757 2.05338 6.20322 3.42601 1.51884 1.49569 1.95194 1.23136 1.9221 0.000800397
threshold=1.121315115764417 1.1626506513141204 -0.0036666144364357884 -0.0035376402081186416 -0.0017361109305029652 -0.0027655795202025653 -0.0025744921447404252 0.00097385288417429073 -0.0089907630210451766 0.0049636373268024461 -0.0014306842777335735 0.0025207866612528235 0.0057463771801898886 1.1116705912066887 0.00084904811850439199 0.00044677599020093167 0.0027224839620995692 -0.0063583292572979557 -0.008059991895520922 1.0894830948799104 1.1116705912066887 0.0046345948389212846 1.0979609921024396 0.0058909735063260313 0.0062435132794443913 -0.00057345590654339629 0.0041923438224826465 0.00092958401115493343 -0.0001563811320994257
decision_type=2 2 2 2 2 2 2 2 2 2 2 2 2 2 2 2 2 2 2 2 2 2 2 2 2 2 2 2 2
left_child=11 2 26 -4 -5 8 7 -7 9 -3 -8 12 13 15 -15 -1 17 18 -13 -19 22 -22 -18 -10 25 -14 27 -2 -26
right_child=1 5 3 4 -6 6 10 -9 23 -11 -12 16 24 14 -16 -17 20 19 -20 -21 21 -23 -24 -25 28 -27 -28 -29 -30
leaf_value=0.0017205077487565971 0.11395347663840544 0.093209815956754899 0.41512148764592649 0.092730937304312755 0.014641501554418894 0.59547115545735596 0.029945180282622011 0.023568865473077068 -0.044730665530887559 -0.0059855038617657869 -0.0019126455894935468 -0.041613066599526571 0.097746226856237559 -0.10240101559113204 0.19515297727594305 -0.0171034237640805 0.0034023787428523848 0.011102486608827762 0.53389030571996166 0.25144113553070641 0.18615565154940833 -0.10650004918778749 -0.0855090662092714 0.0086432885312388141 -0.10544563482337502 -0.067019045425528515 0.020199975902717084 -0.10262468727886619 -0.10300351647169355
leaf_weight=440.16348401974938 0.45306466240435739 4.5820498426910481 0.57882823422551055 9.1088353707455081 48.453428686734696 0.70960921607911487 23.720898658211809 4.7492258581332862 33.428311366587877 8.8510876446962339 359.67270762484986 1.5972662414424124 0.98776824492961202 8.4595526276534638 1.3437513336539257 129.35458362756071 186.38503284973558 20.772843637038026 0.94165688846260565 1.1236762180924404 2.045373553410172 1.1213484257459638 4.4370087860152116 6.3432556744664899 2.0807955414056778 2.642597050406037 1.5718169026076791 4.2887711422517896 3.7801801029127091
leaf_count=44572 16 199 23 314 2542 23 929 207 1658 169 21083 55 28 555 60 10393 4143 696 38 33 45 21 100 92 50 96 32 205 159
internal_value=-0.000270033 0.00183251 0.0223045 0.0308626 0.0269986 -0.00115244 0.00143213 0.097912 -0.020042 0.0278501 5.8426e-05 -0.0015893 -0.00466781 -0.00355439 -0.0616149 -0.00255497 0.00670954 0.0388552 0.171834 0.0234361 0.00266037 0.0825251 0.001335 -0.0362179 -0.0726279 -0.0221889 -0.0565053 -0.0819315 -0.103871
internal_weight=1313.75 506.512 64.4547 58.1411 57.5623 442.057 388.852 5.45884 53.2047 13.4331 383.394 807.237 588.813 579.321 9.8033 569.518 218.424 24.4354 2.53892 21.8965 193.989 3.16672 190.822 39.7716 9.49134 3.63037 6.31365 4.74184 5.86098
internal_count=88536 27492 3132 2879 2856 24360 22242 230 2118 368 22012 61044 55913 55580 615 54965 5131 822 93 729 4309 66 4243 1750 333 124 253 221 209
is_linear=0
shrinkage=0.1


Tree=93
num_leaves=28
num_cat=0
split_feature=4 2 1 1 1 4 0 0 0 2 4 2 1 1 0 2 1 1 3 2 0 0 4 1 2 2 3
split_gain=0.397378 3.49551 4.07087 6.09439 7.2378 3.41264 11.5595 4.60439 6.38813 3.02182 3.23486 2.94596 6.46593 2.59455 1.83353 1.40481 3.14456 3.31648 2.3343 1.29184 5.24751 1.42603 0.564252 0.000476409 2.84328e-05 0.000100795 4.54061e-06
threshold=-0.0031255345927362339 0.46515389144465508 0.0010697212786351829 0.0036910851193512587 0.0029834252137665605 -0.0030370146227592372 0.0013599977791773912 -0.00080731546792273113 -0.00012470927233021453 0.6189808244061149 -0.003414916373107368 0.52707729792884972 0.00083613971906953326 0.00081708668552281068 8.6743435372294022e-05 0.49427472379623949 0.0036910851193512587 0.0016825936381744159 -0.00059565865407329433 0.54697529823850943 0.00058239352557853963 -0.0021276964072985956 -0.0037931315628121904 0.0029834252137665605 0.3473579573075673 0.3677433169686774 -1.0000000180025095e-35
decision_type=2 2 2 2 2 2 2 2 2 2 2 2 2 2 2 2 2 2 2 2 2 2 2 2 2 2 2
left_child=1 2 24 4 -4 6 7 23 -9 11 13 12 -3 -11 -12 16 17 -7 -18 20 -17 -21 -13 -2 26 -26 -1
right_child=5 9 3 -5 -6 15 -8 8 -10 10 14 22 -14 -15 -16 19 18 -19 -20 21 -22 -23 -24 -25 25 -27 -28
leaf_value=-0.1005665678565054 -0.10208508229154772 0.40085303674503953 0.092465518007643244 -0.060092573384588059 0.40765534798090769 -0.014385669051261641 0.56049461729393535 0.21128720088499026 -0.022467346802253416 -0.067094733211621488 -0.072531595458823248 -0.10311898218176625 -0.030293297251057144 0.0027825787575684164 -0.0025090628838851433 0.05445160167015272 -0.068976937243262815 -0.090007098985393885 0.06465018772713968 -0.015855169653848693 -0.076841707017487326 0.0010677569483464142 -0.035079836620124615 -0.10596358788460435 -0.10357300912266848 -0.10117105645818142 -0.1013538138605922
leaf_weight=0.24780492584250169 1.314300298283342 0.39791979690198642 3.0333663797355261 1.6544143452774731 0.95885174092836667 23.97571264614999 0.45024802908301342 2.2127432406996372 2.4787584503501416 5.5004058885388067 10.119329805995223 6.420454065548256 2.7639531730674207 156.46901114773937 5.9313420028192914 14.538611286232483 1.6428820812143383 7.6498780817491925 6.399482287000863 52.402059698477387 3.8503709892465841 1000.4647445091105 1.5044751888053722 0.41724357055500139 0.24621934094466269 0.60151196652441286 0.10401772987097391
leaf_count=83 74 46 208 36 23 4788 14 116 132 361 602 395 192 6215 289 1874 28 454 92 1062 318 70897 129 11 11 72 14
internal_value=-0.000293435 -0.00444729 0.0657481 0.10129 0.168168 0.000434748 0.0706811 0.0363457 0.0877828 -0.00698855 -0.00383392 -0.0576423 0.0239662 0.000409578 -0.0466556 1.33207e-07 -0.0184795 -0.0326777 0.037353 0.000684422 0.0269608 0.000225489 -0.0902024 -0.10302 -0.101555 -0.101869 -0.100799
internal_weight=1313.75 195.953 6.84619 5.64663 3.99222 1117.8 6.87329 6.42305 4.6915 189.107 178.02 11.0868 3.16187 161.969 16.0507 1110.92 39.668 31.6256 8.04236 1071.26 18.389 1052.87 7.92493 1.73154 1.19955 0.847731 0.351823
internal_count=88536 8676 447 267 231 79860 347 333 248 8229 7467 762 238 6576 891 79513 5362 5242 120 74151 2192 71959 524 85 180 83 97
is_linear=0
shrinkage=0.1


Tree=94
num_leaves=30
num_cat=0
split_feature=1 2 2 1 0 0 0 0 3 3 1 3 3 1 1 2 2 2 0 2 3 1 2 4 1 2 0 1 3
split_gain=0.399311 2.27257 4.16619 10.922 7.93334 3.85895 5.67175 13.2754 3.43881 5.14704 3.23746 3.07289 4.72877 3.82494 2.26935 3.30092 4.02077 7.256 3.20744 3.1212 1.36023 1.02477 0.870693 1.89005 2.41456 1.06393 1.10824 0.578373 2.09494e-05
threshold=0.00062329451964788769 0.84173968065089044 0.84811579235858758 0.00042773446742329596 -2.7127472170707098e-05 5.82428147373193e-05 1.0000000180025095e-35 9.2130974778115177e-06 0.0020747971162518035 0.002307122479774049 0.00052334956997009683 0.0021275615038592881 0.0026813394286782093 0.00061415630277904438 0.00063104339083375877 0.9832330190372387 0.75279144302030687 0.84173968065089044 0.00034216304319256713 1.968452595836758 -2.5617345688289103e-05 0.00020976467523779917 0.23386109270902034 0.011042559104159301 0.00082367295992200496 0.30002186473863562 -0.00042140559923103943 0.00071243987199802092 -0.0010198004218768817
decision_type=2 2 2 2 2 2 2 2 2 2 2 2 2 2 2 2 2 2 2 2 2 2 2 2 2 2 2 2 2
left_child=1 5 3 4 -3 6 10 -8 21 -10 -1 13 -13 -4 15 16 18 -18 -2 20 -17 -7 23 24 -16 26 -24 -27 -5
right_child=14 2 11 28 -6 8 7 -9 9 -11 -12 12 -14 -15 22 19 17 -19 -20 -21 -22 -23 25 -25 -26 27 -28 -29 -30
leaf_value=0.0087427782508867468 -0.03514405940337971 0.083869221680360886 0.0015850880121960861 -0.10185055062960915 0.64040833994538482 0.066259456680496251 0.665824573596418 0.048894808171824622 0.25138237426607979 -0.10218082521198409 -0.058344287701878855 0.15374296738316443 -0.10309179853197466 -0.10144609979576164 0.21030922418078155 0.029512923892109307 0.487061976143423 0.074287650247453471 0.38589446703104135 0.35006973557310384 -0.10160489446163486 -0.080554379470091253 0.0062734646593962679 0.33666343417379907 -0.02398013505398507 -0.011060866928892866 -0.10705174395678924 0.0004630335292020013 -0.10074842842779148
leaf_weight=18.861603511370053 1.5122139309532934 0.49266576240916038 82.953534572858189 0.22969004744663823 0.53348768087744136 0.49114973372161586 0.39108720413969367 3.2258788354974968 0.83095341282023472 0.81614027999603422 11.627794095373245 2.8425294569751709 0.95863210520474229 3.7668105671182266 0.57703133928589512 1.5258912770077593 0.67999780899845053 1.1395106713753191 0.20552214037161309 0.22117727738805104 1.643275231355801 14.858445336860312 1.5863077080575751 0.22180364001542319 1.8506668606423771 45.327880767406896 1.8923737129080098 1111.6946312636137 0.69231007248163223
leaf_count=5692 149 58 13754 16 69 765 125 917 68 131 1561 102 54 393 57 140 75 121 37 23 145 4681 97 6 189 5110 203 53677 121
internal_value=-0.000294574 -0.0052718 0.00408111 0.14877 0.373209 -0.0221956 -0.00279679 0.115601 -0.0611223 0.0761907 -0.0168423 0.000967198 0.0889706 -0.00289021 0.000316148 0.0573812 0.124961 0.228552 0.015232 -0.0131266 -0.0384742 -0.0758567 -2.37244e-05 0.0572368 0.0317073 -0.000154454 -0.0553745 1.15696e-05 -0.101023
internal_weight=1313.65 143.573 92.4697 1.94815 1.02615 51.1031 34.1064 3.61697 16.9967 1.64709 30.4894 90.5215 3.80116 86.7203 1170.08 6.92759 3.53724 1.81951 1.71774 3.39034 3.16917 15.3496 1163.15 2.6495 2.4277 1160.5 3.47868 1157.02 0.922
internal_count=88536 28507 14567 264 127 13940 8295 1042 5645 199 7253 14303 156 14147 60029 690 382 196 186 308 285 5446 59339 252 246 59087 300 58787 137
is_linear=0
shrinkage=0.1


Tree=95
num_leaves=30
num_cat=0
split_feature=1 0 0 3 4 4 3 3 4 4 2 2 3 1 2 2 4 0 1 2 0 1 4 4 1 0 1 3 3
split_gain=0.444954 1.6704 1.98263 15.0927 1.29876 3.26146 2.34087 1.26622 4.82229 2.47927 1.12047 3.30507 0.716315 0.706081 4.36317 8.19849 14.2511 3.58054 3.36681 6.99528 3.26845 0.891885 4.39444 3.06611 0.686293 3.9868 1.37323 0.00146361 9.9107e-06
threshold=0.00057623858051408891 -0.00032634730464947687 -0.00031068314598942098 0.00047267191888200616 0.00076240819234707502 0.00074209398347002697 7.0545098536989328e-05 -0.0012455508442049676 0.00070228512981140867 -0.0010235713876685091 0.67968087825158674 0.67591509260258797 0.00078610172642046294 0.00059928088380037565 1.0729152818457401 1.1116705912066887 0.0003357544570060656 -0.00020613942299141372 0.00058983796052174641 0.4543668601212783 -0.00050217411672109902 0.00060890025024994924 0.0035171571777663506 -0.0030370146227592372 0.00065304429124729395 -0.00046032568058818052 0.00071243987199802092 0.0021275615038592881 0.00021051800882010421
decision_type=2 2 2 2 2 2 2 2 2 2 2 2 2 2 2 2 2 2 2 2 2 2 2 2 2 2 2 2 2
left_child=1 7 3 28 5 -4 -6 8 9 -1 11 -9 -5 14 18 16 -16 -17 20 -20 -2 22 23 -15 25 -23 -26 -12 -3
right_child=13 2 4 12 6 -7 -8 10 -10 -11 27 -13 -14 21 15 17 -18 -19 19 -21 -22 24 -24 -25 26 -27 -28 -29 -30
leaf_value=-0.10098125928432414 0.2731956353353594 -0.10043584856488788 0.00099112538336647098 1.1412128490341837 -0.10079617245697295 0.2367738211018946 -0.011604150501981797 -0.051874081607547362 0.56021440006406775 0.10928749271307905 -0.10059771172812021 0.37806913706575623 0.75357595307216041 0.28537772348504903 -0.10132274729267191 0.18094497299933615 0.72995059114344174 0.00037112941214830723 0.48200552471360258 0.0088820580337482784 -0.084350854677177692 -0.10096481789787737 0.44621220475443429 -0.067092068453111484 -0.020942749254044293 0.026118602098032184 0.00034263943575118242 -0.10873398149763752 -0.10158578770479787
leaf_weight=1.5043963412608723 0.2673874977044769 0.49181464150751608 73.248441221649045 0.080512690241448581 3.3677611465027466 0.59139838123701238 23.306499217873352 1.9554284244240974 0.1508987629204056 0.89398579426051594 4.0381096352211898 0.19679024411016133 0.11686685109270911 0.25771624478511501 0.36125071533024211 1.4166806563735006 0.48061098577454686 4.8829277520999312 0.34197666205000166 3.6261014082701877 5.8332447168068038 2.7072666141903055 0.18222617264837015 5.8261142348637796 31.154263876436744 27.998750140715856 1117.8024886263302 0.23389947565738101 0.088421487009327393
leaf_count=299 43 205 16203 20 1069 133 4785 741 13 110 1418 6 25 16 34 153 33 352 31 420 659 395 10 664 3796 2710 54163 11 19
internal_value=-0.000305458 -0.00638536 -0.00272196 0.156339 -0.00395252 0.00287956 -0.0228651 -0.0477374 0.0118941 -0.0226046 -0.0714005 -0.0125618 0.911696 0.000251753 0.0203615 0.0801478 0.373243 0.0409793 -0.0220434 0.0496568 -0.0686798 -4.00793e-05 -0.0376677 -0.0521611 0.000159789 0.014914 -0.000234519 -0.101043 -0.100611
internal_weight=1313.4 110.265 101.292 0.777616 100.514 73.8398 26.6743 8.97351 2.54928 2.39838 6.42423 2.15222 0.19738 1203.14 17.2102 7.14147 0.841862 6.29961 10.0687 3.96808 6.10063 1185.93 6.26606 6.08383 1179.66 30.706 1148.96 4.27201 0.580236
internal_count=88536 25057 22459 269 22190 16336 5854 2598 422 409 2176 747 45 63479 1725 572 67 505 1153 451 702 61754 690 680 61064 3105 57959 1429 224
is_linear=0
shrinkage=0.1


Tree=96
num_leaves=28
num_cat=0
split_feature=1 0 1 4 4 2 3 3 2 2 0 1 4 3 4 1 2 2 1 1 2 3 3 3 4 3 4
split_gain=0.423778 1.02514 1.5552 1.41981 3.62104 2.73982 1.34537 1.66176 1.33247 1.63661 1.24528 0.98258 4.70933 15.0229 8.65339 1.42175 0.64288 0.790479 0.554976 3.02524 2.42384 0.0013102 0.000350721 5.61541e-05 5.2979e-05 3.62906e-05 1.73377e-05
threshold=0.00037448951360316286 6.1439955514219782e-05 0.00020976467523779917 0.0015008620250258622 0.001529477337575136 1.0564689788914985 -0.0018743172456741617 -0.0020263402818944671 1.3599278674854158 1.3693408674920444 5.82428147373193e-05 0.00037956045762996027 -0.00029112832617550483 -0.00025665285887954686 -0.00015246867518370341 0.00038441151144294732 0.99020595107885723 0.60965774024003705 0.00041788560966760758 0.00043932031561734079 1.2472268509793372 -0.0018743172456741617 -0.001920200061394872 0.0016263651405720172 -0.0021898433293734971 -0.0012734587151339569 0.0015601682493480153
decision_type=2 2 2 2 2 2 2 2 2 2 2 2 2 2 2 2 2 2 2 2 2 2 2 2 2 2 2
left_child=1 3 16 6 -5 -6 7 -1 21 -10 -8 12 22 -14 -15 23 17 -3 20 -20 -17 -4 -2 26 -18 -24 -13
right_child=11 2 8 4 5 -7 10 -9 9 -11 -12 15 13 14 -16 18 24 -19 19 -21 -22 -23 25 -25 -26 -27 -28
leaf_value=-0.10092372782412928 -0.10687810074950801 -0.10020262363123092 -0.1099583990418514 0.56553053669437969 -0.10134609463527199 0.19950667615970819 -0.028581276696658581 0.20281944444238437 0.2549625301056786 -0.10028666735897165 0.16517649255519165 -0.10067892122111428 1.0825320779968357 0.90323197516945908 -0.10085847611623618 -0.0022973543362539311 -0.10474805989237067 0.14405513902614869 -0.070337310200286871 5.9983689350212009e-06 0.090428372288645309 -0.10075530147283318 -0.10235269808712449 -0.10296811230943335 -0.10087106509126637 -0.10063127514998205 -0.10190863993600703
leaf_weight=0.2602705668505223 0.12200342677533627 0.16521027808084798 0.16181844656239253 0.14672966003854426 0.64598462933281531 0.56961874335684115 9.8166248404959333 0.58487183735269255 0.24896592844743271 0.27066815746366046 0.34330146887805391 1.1379515340086062 0.16892046362045221 0.099369352217763662 0.6299450896331098 12.755949441634586 0.045167254167608917 0.66904509206869989 6.143408797463052 1270.2064085872262 3.6188077991246237 3.5129239969865016 0.16151527431793511 0.13229066412895907 0.16046648660994833 0.5065615241182968 0.12749719386920322
leaf_count=95 4 563 24 12 356 48 6208 31 10 222 100 309 38 13 159 2090 3 308 1384 73155 332 2770 14 12 133 118 25
internal_value=-0.000316776 -0.0157289 -0.0528248 -2.87536e-05 0.0962722 0.0396303 -0.01195 0.109279 -0.0799657 0.0699195 -0.0220342 -0.000107425 0.076131 0.232768 0.0359492 -0.000206886 0.0566476 0.095684 -9.78969e-05 -0.000332583 0.018195 -0.101161 -0.101948 -0.101008 -0.101723 -0.101047 -0.100803
internal_weight=1313.41 17.6017 5.23427 12.3674 1.36233 1.2156 11.0051 0.845142 4.19438 0.519634 10.1599 1295.81 1.68832 0.898235 0.729314 1294.12 1.03989 0.834255 1292.72 1276.35 16.3748 3.67474 0.79008 1.39774 0.205634 0.668077 1.26545
internal_count=88536 10883 4033 6850 416 404 6434 126 3026 232 6308 77653 346 210 172 77307 1007 871 76961 74539 2422 2794 136 346 136 132 334
is_linear=0
shrinkage=0.1


Tree=97
num_leaves=27
num_cat=0
split_feature=1 3 4 4 2 4 4 4 1 3 1 1 4 4 3 2 2 3 3 4 4 4 0 3 2 4
split_gain=0.394964 0.842847 1.21978 3.2427 2.95511 1.60419 1.18209 2.02585 0.934901 0.840461 0.701064 2.64064 2.51059 7.64807 7.9903 2.86459 8.2724 0.973462 2.88721 0.421332 3.38665 2.38541 0.338167 0.000583345 1.07828e-05 1.24964e-06
threshold=0.00039372436640052795 0.0023668788621210583 0.00045533452895540899 0.00042080044556980228 0.85120291089080347 0.00014990707446793652 0.0015008620250258622 0.001529477337575136 0.00020976467523779917 0.0025959547863072534 0.00041788560966760758 0.00043932031561734079 0.00035128451020594037 0.00036842506183365492 0.00071631922147419324 0.84173968065089044 0.84811579235858758 0.0016263651405720172 0.0018718838128071182 -0.0031255345927362339 -0.0035376402081186416 -0.0030370146227592372 8.2179465205278759e-05 0.0021830067857768758 0.91529180799942722 -0.0012090776730373507
decision_type=2 2 2 2 2 2 2 2 2 2 2 2 2 2 2 2 2 2 2 2 2 2 2 2 2 2
left_child=1 2 3 5 -5 -1 8 -8 -4 -3 12 17 15 -14 -15 23 -17 22 -19 20 -13 -21 -12 -2 25 -11
right_child=10 9 6 4 -6 -7 7 -9 -10 24 11 19 13 14 -16 16 -18 18 -20 21 -22 -23 -24 -25 -26 -27
leaf_value=0.00092872790731388642 -0.10084158602222187 0.15262742475329169 0.038106427143659895 0.38769331723689893 -0.10366081833564181 -0.10063421225328842 0.27138651817494946 -0.027099716805207244 -0.10064644754982166 -0.10136975160858593 -0.10085990967627455 0.00050655398741586248 0.59301320315111372 0.16262205494014398 -0.10280518705808156 0.52688063202900759 -0.0021904794616002749 0.33454006899171973 -0.10388556074419925 0.057360915835033388 -0.040672284237391582 0.00038790996943394537 -0.045812169053999596 -0.1069764517541254 -0.10222404783561863 -0.10025934024812032
leaf_weight=14.593851915244171 2.2932536388398135 0.55648875445331114 0.55639602309201919 0.38927810611494251 0.17853865968936589 1.7406974597906799 0.25350204543792676 2.2069499538083619 3.8166092053215834 0.013329846784472466 3.4188064612681037 171.8995960385073 0.27364988485351194 2.6484886093239766 1.9835749517660586 0.31441209418699134 4.9213150629075244 0.22780612565111358 0.44094731425866485 7.39985018223524 22.597501325886697 1068.3165465771744 1.6567713180847929 0.16622914001345623 0.11396217107539997 0.0422831011856033
leaf_count=6527 473 27 693 105 94 1450 38 912 2353 1 795 7211 6 455 224 8 561 29 33 334 1324 64286 527 3 12 55
internal_value=-0.000307696 -0.0128955 -0.016142 -0.00172798 0.233197 -0.00989437 -0.0517947 0.00365352 -0.0829923 0.0932359 -6.87301e-05 -0.000300528 0.0234029 0.0793073 0.0489589 -0.0122362 0.0295809 -0.0679485 0.045461 5.3985e-06 -0.00427778 0.000779827 -0.0828912 -0.101256 -0.101667 -0.100525
internal_weight=1313.02 24.4619 23.7358 16.9024 0.567817 16.3345 6.83346 2.46045 4.37301 0.726064 1288.56 1275.96 12.6009 4.90571 4.63206 7.69521 5.23573 5.74433 0.668753 1270.21 194.497 1075.72 5.07558 2.45948 0.169575 0.0556129
internal_count=88536 12267 12172 8176 199 7977 3996 950 3046 95 76269 74539 1730 685 679 1045 569 1384 62 73155 8535 64620 1322 476 68 56
is_linear=0
shrinkage=0.1


Tree=98
num_leaves=29
num_cat=0
split_feature=1 1 4 3 2 4 2 2 2 0 3 1 4 0 1 2 0 3 1 4 1 3 3 2 3 4 4 4
split_gain=0.380964 1.87797 10.6776 15.8665 14.6703 1.64184 1.88878 1.85208 3.1219 2.81452 1.55064 1.1357 1.3948 0.959807 0.727836 2.96104 13.3694 1.69132 0.411813 7.5327 1.62614 0.000374946 0.000351521 0.000275931 0.000260291 0.000116394 1.03236e-05 5.01397e-06
threshold=0.0004018753915766943 0.000407727009324414 0.00040166485650139366 0.00068600061749124485 0.84173968065089044 0.00045533452895540899 1.3693408674920444 0.84173968065089044 0.84811579235858758 -0.00012470927233021453 0.0023668788621210583 0.00037448951360316286 0.0015008620250258622 -9.5706049261123902e-05 0.00043932031561734079 1.2472268509793372 -9.5706049261123902e-05 0.0012822732995008137 0.000450871752716814 0.0012444128687921776 0.00045503268143572525 0.0021830067857768758 -0.0015008734652212639 1.2411377115904556 0.001491182301668226 -0.0012597805717016739 0.00084665518494797542 -0.0014464890617279511
decision_type=2 2 2 2 2 2 2 2 2 2 2 2 2 2 2 2 2 2 2 2 2 2 2 2 2 2 2 2
left_child=5 2 23 4 -4 6 7 9 -9 -1 11 12 -7 -12 15 17 -17 -3 19 -16 -20 -13 -8 27 -5 -24 -15 -2
right_child=1 14 3 24 -6 10 22 8 -10 -11 13 21 -14 26 18 16 -18 -19 20 -21 -22 -23 25 -25 -26 -27 -28 -29
leaf_value=0.035965312162726172 -0.10121487475676208 -0.073967423251529898 1.3071416971816929 -0.10142653719445141 0.31046168067380897 -0.071779226342825131 -0.1059610783022697 0.22071164545398392 0.024092698143038133 -0.080678705641081136 0.17033674560020637 -0.10100646525845347 0.042484887562000258 -0.1025694931622718 -0.018201338452657253 0.41088648195391225 -0.10248878166320008 0.050438860612689845 -0.10072258728657844 0.33808796816152248 1.4169010691908572e-05 -0.1064298046722546 -0.10278876056164035 -0.10380487929668894 -0.106002863274766 -0.1006869221174691 -0.10092279776683094 -0.10069620313934713
leaf_weight=4.1144788842393654 0.24914241698570549 6.9124935053114296 0.21277261234354206 0.36173062759917229 0.4827508048620075 2.662947067572528 0.17672102735377837 0.88119585397362143 9.6622493738032045 4.1602317777706093 0.49210415458583157 3.5187452762911566 1.7839701075081391 0.055545981398609778 4.5853332955448414 0.77627109788591075 1.4638825093861658 1.2980051654158158 1.6044727532716923 0.68160442711086933 1263.3483618692262 0.13226987072266627 0.3540929578593931 0.45394558482803404 0.18934324302244931 1.0294798567483656 0.12102263153064996 0.7398380312661168
leaf_count=1342 32 1674 38 50 37 2711 10 80 3293 3360 18 720 807 5 594 85 194 123 346 98 72117 5 59 26 9 484 65 154
internal_value=-0.000295098 -3.83547e-05 0.0834356 0.297802 0.615363 -0.0116004 0.00396687 0.0127332 0.0405256 -0.0226792 -0.0477875 -0.0598728 -0.0259399 0.0985716 -0.000213658 -0.0264961 0.075409 -0.0542999 2.57971e-06 0.0279067 -0.000113606 -0.101203 -0.101761 -0.101764 -0.102999 -0.101225 -0.101441 -0.100827
internal_weight=1312.51 1283.36 2.68952 1.2466 0.695523 29.1451 20.3784 18.8182 10.5434 8.27471 8.76661 8.09793 4.44692 0.668673 1280.67 10.4507 2.24015 8.2105 1270.22 5.26694 1264.95 3.65102 1.56029 1.44293 0.551074 1.38357 0.176569 0.98898
internal_count=88536 75577 346 134 75 12959 8628 8075 3373 4702 4331 4243 3518 88 75231 2076 279 1797 73155 692 72463 725 553 212 59 543 70 186
is_linear=0
shrinkage=0.1


Tree=99
num_leaves=30
num_cat=0
split_feature=1 2 2 0 1 1 2 2 4 4 4 1 2 4 2 2 4 1 1 3 1 3 3 1 2 1 4 3 1
split_gain=0.378604 1.62733 3.37371 14.4856 1.79115 1.93446 1.71114 3.56622 0.605137 0.47648 4.76567 5.18458 5.56321 1.95787 2.63577 5.15914 1.90088 3.00875 1.6146 1.2648 6.80125 2.81028 0.104451 0.000176177 0.000114071 3.95483e-05 6.69046e-05 3.78068e-05 2.84758e-07
threshold=0.000463730677451625 0.59965041375762185 0.60459993204962614 -0.00012470927233021453 0.00028898613418494194 0.00028264052349820471 1.6718057608813586 1.6300101777410512 -0.0021377867060201057 -0.0019437484085475518 -0.0018180123921274769 0.0046345948389212846 0.96246828155923658 -0.0021377867060201057 1.4064076447875602 1.3599278674854158 -0.0022924391454894884 0.00062329451964788769 0.00054045557007821317 -0.0012175928488984964 0.00063662101169208727 5.8063582017653388e-05 -0.0010433402931718236 0.0027819473465429266 1.6934012392583606 0.00029488688328498759 -0.0020359836445842934 0.002307122479774049 0.00038977948329209502
decision_type=2 2 2 2 2 2 2 2 2 2 2 2 2 2 2 2 2 2 2 2 2 2 2 2 2 2 2 2 2
left_child=1 4 3 -3 5 8 7 -4 -1 13 11 12 -11 16 15 -15 18 -18 -2 20 -12 -21 -7 -16 -8 26 -6 -27 -5
right_child=9 2 6 28 25 22 24 -9 -10 10 19 -13 -14 14 23 -17 17 -19 -20 21 -22 -23 -24 -25 -26 27 -28 -29 -30
leaf_value=0.048341748002236021 0.063456310948946285 1.8610774318383196 -0.0047064349954207153 -0.10029663985424848 -0.10528520817558447 0.22693394901298883 -0.10353060835647149 0.19328288026704921 -0.10038210242461004 -0.027555546290516167 0.092241161200212918 0.41661910905110711 0.088079720824304764 -0.023479441054392588 -0.10253391444413756 0.30487439090203267 -0.1022502917839274 0.038039805428049585 -0.0042800954352106863 -0.011807713843819111 0.0031013043507602022 0.0020285725386545764 0.13896003404305399 -0.10458602785724286 -0.1012712313785441 -0.10045214959519295 -0.10066746094644735 -0.10193184796882891 -0.10058840267793684
leaf_weight=0.42132351111285937 3.5672233559307633 0.050977687096747104 45.026198315496003 0.052858540890155292 0.04767901822924614 0.24787784554064274 0.26316065980063186 0.92851557870744628 0.78021511707538516 6.7070521098794478 9.1581564360531029 0.38183790072798629 10.957810141611843 19.999244671780623 3.7072833268903187 0.49024201836436887 1.6544662047526824 20.116603084374219 260.35578118934063 194.78996114092297 130.92509700683877 595.76753675672808 0.29626730462769035 0.47157140728086222 1.4811772324101182 3.3197718555238684 0.091759388538776299 0.18214685753628135 0.091111629386432469
leaf_count=140 251 21 12663 50 1 2 41 64 1840 457 661 7 432 1015 177 19 118 797 12097 16723 5792 32863 52 15 385 1729 66 39 19
internal_value=-0.000303914 -0.00856061 -0.00269941 0.412454 -0.0606702 0.0226095 -0.00439616 -0.000706058 -0.0482316 4.54968e-05 0.00115819 0.0520552 0.0441749 -0.00335567 -0.0303851 -0.0156231 -0.0010218 0.0273786 -0.00336456 0.000171206 0.00892896 -0.00138063 0.179035 -0.102765 -0.101612 -0.100595 -0.102246 -0.100529 -0.100481
internal_weight=1312.33 53.281 47.894 0.194948 5.38704 1.74568 47.6991 45.9547 1.20154 1259.05 948.687 18.0467 17.6649 310.362 24.6683 20.4895 285.694 21.7711 263.923 930.641 140.083 790.557 0.544145 4.17885 1.74434 3.64136 0.139438 3.50192 0.14397
internal_count=88536 17112 13243 90 3869 2034 13153 12727 1980 71424 56935 896 889 14489 1226 1034 13263 915 12348 56039 6453 49586 54 192 426 1835 67 1768 69
is_linear=0
shrinkage=0.1


end of trees

feature_importances:
returns_5=592
range_pct=568
volume_ratio=552
returns_10=507
returns=497

parameters:
[boosting: gbdt]
[objective: binary]
[metric: binary_logloss]
[tree_learner: serial]
[device_type: cpu]
[data_sample_strategy: bagging]
[data: ]
[valid: ]
[num_iterations: 100]
[learning_rate: 0.1]
[num_leaves: 31]
[num_threads: 4]
[seed: 42]
[deterministic: 0]
[force_col_wise: 0]
[force_row_wise: 0]
[histogram_pool_size: -1]
[max_depth: 5]
[min_data_in_leaf: 20]
[min_sum_hessian_in_leaf: 0.001]
[bagging_fraction: 1]
[pos_bagging_fraction: 1]
[neg_bagging_fraction: 1]
[bagging_freq: 0]
[bagging_seed: 400]
[bagging_by_query: 0]
[feature_fraction: 1]
[feature_fraction_bynode: 1]
[feature_fraction_seed: 30056]
[extra_trees: 0]
[extra_seed: 12879]
[early_stopping_round: 0]
[early_stopping_min_delta: 0]
[first_metric_only: 0]
[max_delta_step: 0]
[lambda_l1: 0]
[lambda_l2: 0]
[linear_lambda: 0]
[min_gain_to_split: 0]
[drop_rate: 0.1]
[max_drop: 50]
[skip_drop: 0.5]
[xgboost_dart_mode: 0]
[uniform_drop: 0]
[drop_seed: 17869]
[top_rate: 0.2]
[other_rate: 0.1]
[min_data_per_group: 100]
[max_cat_threshold: 32]
[cat_l2: 10]
[cat_smooth: 10]
[max_cat_to_onehot: 4]
[top_k: 20]
[monotone_constraints: ]
[monotone_constraints_method: basic]
[monotone_penalty: 0]
[feature_contri: ]
[forcedsplits_filename: ]
[refit_decay_rate: 0.9]
[cegb_tradeoff: 1]
[cegb_penalty_split: 0]
[cegb_penalty_feature_lazy: ]
[cegb_penalty_feature_coupled: ]
[path_smooth: 0]
[interaction_constraints: ]
[verbosity: -1]
[saved_feature_importance_type: 0]
[use_quantized_grad: 0]
[num_grad_quant_bins: 4]
[quant_train_renew_leaf: 0]
[stochastic_rounding: 1]
[linear_tree: 0]
[max_bin: 255]
[max_bin_by_feature: ]
[min_data_in_bin: 3]
[bin_construct_sample_cnt: 200000]
[data_random_seed: 175]
[is_enable_sparse: 1]
[enable_bundle: 1]
[use_missing: 1]
[zero_as_missing: 0]
[feature_pre_filter: 1]
[pre_partition: 0]
[two_round: 0]
[header: 0]
[label_column: ]
[weight_column: ]
[group_column: ]
[ignore_column: ]
[categorical_feature: ]
[forcedbins_filename: ]
[precise_float_parser: 0]
[parser_config_file: ]
[objective_seed: 16083]
[num_class: 1]
[is_unbalance: 0]
[scale_pos_weight: 1]
[sigmoid: 1]
[boost_from_average: 1]
[reg_sqrt: 0]
[alpha: 0.9]
[fair_c: 1]
[poisson_max_delta_step: 0.7]
[tweedie_variance_power: 1.5]
[lambdarank_truncation_level: 30]
[lambdarank_norm: 1]
[label_gain: ]
[lambdarank_position_bias_regularization: 0]
[eval_at: ]
[multi_error_top_k: 1]
[auc_mu_weights: ]
[num_machines: 1]
[local_listen_port: 12400]
[time_out: 120]
[machine_list_filename: ]
[machines: ]
[gpu_platform_id: -1]
[gpu_device_id: -1]
[gpu_use_dp: 0]
[num_gpu: 1]

end of parameters

pandas_categorical:[]
