tree
version=v4
num_class=1
num_tree_per_iteration=1
label_index=0
max_feature_idx=4
objective=binary sigmoid:1
feature_names=returns range_pct volume_ratio returns_5 returns_10
feature_infos=[-0.16409864045671241:0.079987351112047911] [0:0.038864688265722896] [0.018421130819740322:4.7764453727563732] [-0.1829352999941235:0.088446719797329543] [-0.18475626809952028:0.11002988013600601]
tree_sizes=3072 3194 3404 3289 3414 3522 3098 3323 2661 3172 2678 2524 2552 2605 2224 2536 3307 2896 3185 2887 3068 3533 2945 3042 2981 2844 2973 2283 3112 2395 2613 2775 3196 2967 3545 3411 3405 3193 3227 2761 2618 3269 2765 2853 3291 2993 3124 2291 2391 3077 3082 2294 2298 3231 2657 3574 3083 3301 2524 2821 2648 3436 3319 2947 3035 2744 3085 3072 3319 2518 3538 3282 2999 3204 2753 3307 3360 3082 3295 3300 3338 3099 3278 2972 3410 2648 2918 2841 3318 3517 3426 2858 2319 3094 3195 3397 3316 3109 2334 2607

Tree=0
num_leaves=27
num_cat=0
split_feature=4 0 2 3 3 4 2 1 3 3 1 4 1 4 0 3 1 3 1 1 0 2 3 0 0 0
split_gain=54.7 28.8868 14.7087 11.3267 10.6283 9.92637 9.93142 8.10448 7.38716 5.57772 8.53498 7.53273 5.5139 5.3002 8.99112 6.58628 3.98683 11.2574 6.76592 3.46099 6.81226 4.77625 3.29296 2.38118 2.60028 0.975733
threshold=-0.0056425917629556168 -0.00039378527302075245 1.7223060960100847 0.00026315625434159001 -0.0041937478941804765 -0.0039398167128151798 0.5607502916132695 0.0035735754701764467 0.0020771959195635685 0.00030085477716423897 0.00026748387845516484 -0.00079687409821110877 0.0013156531091989023 0.0039114212512501032 0.0017838062171121607 0.0019771274007315269 0.00089662664942624485 -0.0027086949358975927 0.0011643120711688846 0.0023594909267332111 -0.0019869903658644157 0.65253414107596031 -0.0015597255610607095 0.0003288075944165581 0.00010440714146253695 -0.00032628379847754457
decision_type=2 2 2 2 2 2 2 2 2 2 2 2 2 2 2 2 2 2 2 2 2 2 2 2 2 2
left_child=16 3 13 4 7 8 -7 -2 -5 10 -4 -11 -6 14 -3 -15 17 25 23 20 -20 -21 -19 24 -18 -1
right_child=1 2 9 5 12 6 -8 -9 -10 11 -12 -13 -14 15 -16 -17 18 22 19 21 -22 -23 -24 -25 -26 -27
leaf_value=-0.019482742962604396 0.0097591807278724681 0.006855736964369967 -0.086079608388465539 -0.0919042225335166 0.015644097529254612 -0.015339304417250026 0.011281976564996323 -0.030185227950199921 0.046605101835797927 -0.071043538285196939 0.0066045641946596723 -0.010288866750869591 0.023592184692555147 0.0246854748113077 -0.0089466928328281545 0.008542916238943904 -0.05870243603577012 0.14260639217452969 0.076875778969632283 -0.047211420181972115 -0.010363172891382727 -0.017728740453631472 0.035176376795472718 -0.0020912048577616874 -0.13625449880940552 -0.079110873607779394
leaf_weight=5.7499225437641144 158.4978649020195 13735.564970523119 10.249861925840376 16.749774366617206 2074.2220585048199 159.49785143136978 1154.4844481348991 74.748993068933487 4.9999326467514029 21.249713748693466 323.99563550949097 514.99306261539459 1506.9796997308731 359.49515730142593 369.74501922726631 851.2385331094265 24.499669969081882 6.2499158084392548 9.2498753964900953 62.249161452054977 276.99626863002777 468.49368900060654 5.2499292790889722 5.7499225437641135 5.2499292790889731 5.2499292790889758
leaf_count=23 634 54943 41 67 8297 638 4618 299 20 85 1296 2060 6028 1438 1479 3405 98 25 37 249 1108 1874 21 23 21 21
internal_value=0.00733841 0.00834335 0.00626786 0.0148664 0.0176415 0.00694146 0.00805055 -0.00304187 -0.060063 -0.00637666 0.00376234 -0.0126964 0.0189887 0.00698652 0.00644151 0.013336 -0.0171672 0.0243826 -0.0182638 -0.0164068 -0.0075441 -0.0211867 0.0935623 -0.061002 -0.0723881 -0.0479416
internal_weight=22211.7 21336.7 16186.5 5150.18 3814.45 1335.73 1313.98 233.247 21.7497 870.488 334.245 536.243 3581.2 15316 14105.3 1210.73 874.988 22.4997 852.489 816.989 286.246 530.743 11.4998 35.4995 29.7496 10.9999
internal_count=88848 85348 64747 20601 15258 5343 5256 933 87 3482 1337 2145 14325 61265 56422 4843 3500 90 3410 3268 1145 2123 46 142 119 44
is_linear=0
shrinkage=1


Tree=1
num_leaves=28
num_cat=0
split_feature=4 0 2 3 2 2 3 3 4 4 4 4 3 4 2 0 1 3 1 2 3 1 3 1 1 0 1
split_gain=44.3153 23.4 11.9151 9.17577 8.99914 9.93194 8.62718 10.0501 7.31902 4.93324 7.01974 6.64455 4.47688 4.38903 12.4889 7.81557 3.22985 9.14184 5.49556 3.24182 8.08163 4.00206 2.69575 2.40717 3.63525 2.87874 0.942093
threshold=-0.0056425917629556168 -0.00039378527302075245 1.7223060960100847 0.00026315625434159001 1.4759950369896779 0.5607502916132695 -0.0032671930266048306 -0.0028041770288634855 -0.0021542630575234196 0.00016453350553458093 -0.00031352169838055882 0.00023257607901561175 -0.0070854922834909231 0.00057092769669442333 0.56659695443393143 0.0019962234833329488 0.00089662664942624485 -0.0027086949358975927 0.0011643120711688846 2.0270898227349439 -0.0055556681806949162 0.0027274822118582239 -0.0015597255610607095 0.0010836019763279527 0.00098648732480161711 -6.0506568328011483e-05 0.00071023302122810695
decision_type=2 2 2 2 2 2 2 2 2 2 2 2 2 2 2 2 2 2 2 2 2 2 2 2 2 2 2
left_child=16 3 13 6 5 -5 12 -8 -6 10 -4 -11 -2 15 -15 -3 17 26 23 21 -21 -20 -19 24 -18 -25 -1
right_child=1 2 9 4 8 -7 7 -9 -10 11 -12 -13 -14 14 -16 -17 18 22 19 20 -22 -23 -24 25 -26 -27 -28
leaf_value=-0.080436186072265839 -0.035960057182958076 0.0015287373765828769 -0.011020536673889808 -0.021232098665226667 0.07850150761294826 0.0053172756082438197 0.033807982382649766 0.009665097046476244 -0.038079550514065856 -0.091365006091782774 0.024072958925970306 -0.016163260060673115 -0.00082052005494165576 -0.014533253696636049 -0.00071913721089635833 -0.021551327032838453 -0.096776681618063937 0.12238359483461921 -0.01496842999803414 0.054663939650820607 -0.058635272825961517 -0.029231158722818607 0.025061909843779092 -0.060850504171814236 -0.00892618608124429 -0.15424707181952541 -0.02182166583428348
leaf_weight=5.2450974583625811 39.993898540735245 8661.8978693336248 217.45978793501854 161.98612797260284 5.7482593804597846 1082.6841625571251 182.22864148020744 3203.9588144719601 85.247286587953568 11.999323740601538 77.246407210826874 563.7315629273653 387.9613526314497 738.23481412231922 5766.6313181966543 149.2470109462738 7.2394802868366268 6.2183313071727753 370.71754334867001 16.998729169368747 9.9989814609289152 419.19218495488167 5.2483762353658658 9.7416053563356382 13.482482895255087 4.9910393655300131 5.7461511045694351
leaf_count=21 160 34648 870 648 23 4331 729 12817 341 48 309 2255 1552 2953 23067 597 29 25 1483 68 40 1677 21 39 54 20 23
internal_value=-3.90283e-09 0.000904463 -0.000963503 0.0067757 -0.000357355 0.00186204 0.0092736 0.0109644 -0.030715 -0.0123444 -0.00182207 -0.0177306 -0.00410443 -0.000316705 -0.0022869 0.0011378 -0.0220593 0.0153741 -0.0230456 -0.0213728 0.012702 -0.0225374 0.0778389 -0.0615885 -0.0396179 -0.0924908 -0.0497929
internal_weight=22211.1 21336.3 16186.4 5149.81 1335.67 1244.67 3814.14 3386.19 90.9955 870.437 294.706 575.731 427.955 15316 6504.87 8811.14 874.82 22.458 852.362 816.907 26.9977 789.91 11.4667 35.4546 20.722 14.7326 10.9912
internal_count=88848 85348 64747 20601 5343 4979 15258 13546 364 3482 1179 2303 1712 61265 26020 35245 3500 90 3410 3268 108 3160 46 142 83 59 44
is_linear=0
shrinkage=0.1


Tree=2
num_leaves=30
num_cat=0
split_feature=4 0 2 2 3 2 3 0 3 4 2 1 2 4 0 1 2 2 0 1 2 1 3 1 0 3 1 0 3
split_gain=35.918 19.09 10.1922 7.55718 9.67674 8.46601 6.98974 14.3192 5.83247 5.18938 4.36167 6.79324 4.3782 3.99113 4.03716 3.48235 2.85101 5.52792 5.30339 3.58414 3.38396 3.33107 7.61022 4.63134 4.39683 4.14317 3.20059 1.82859 1.81475
threshold=-0.0056425917629556168 -0.0001820214682251575 1.3698498447754337 0.64815411606956808 -0.0005132036671519068 0.6439307317173576 -0.0011068988108564046 -0.00014577259586728839 -0.0070854922834909231 0.010985695010952925 0.89916308220283592 0.00063990226950537659 0.5607502916132695 -0.0038111174468801741 -0.0015484715455424956 0.0049749850173217832 1.0989042591187295 1.1173878577464089 -0.00018954779367807981 0.0016304574890131883 1.1448353050517099 0.00088930455145342226 -0.0025263559832358058 0.0011935928604774424 0.0003288075944165581 -0.0037796886774347223 0.0013509378121069526 -0.00025754843891379048 -0.0015597255610607095
decision_type=2 2 2 2 2 2 2 2 2 2 2 2 2 2 2 2 2 2 2 2 2 2 2 2 2 2 2 2 2
left_child=16 8 3 5 -5 -3 7 -4 13 -8 12 -12 -10 14 -2 -15 21 18 -18 26 -21 22 27 24 -23 -25 -19 -1 -24
right_child=1 2 6 4 -6 -7 9 -9 10 -11 11 -13 -14 15 -16 -17 17 19 -20 20 -22 23 28 25 -26 -27 -28 -29 -30
leaf_value=-0.0040618417960672148 -0.029997434908637717 -0.0043963737502727938 -0.10533879113726818 -0.0050287533058216774 0.0027175590415458983 -0.045384098001550861 -0.010319982687946178 0.021707262151936857 0.00090800686025500031 0.027014719829426204 -0.005485423473331876 0.0048639884549932719 0.0096769942404022515 -0.081462695589211612 0.083274445891566296 -0.008030807720497057 0.090624428291046819 -0.013878960622715639 -0.036076553772848276 -0.060960350817336806 -0.015724158637956009 -0.078179169224710132 0.11856948771633172 -0.014299719819681773 0.014705088025523975 -0.032239968219367768 0.052654150296941739 -0.088728335495577224 0.034008824480793058
leaf_weight=5.238353967666626 8.4932431727647764 2346.7038334459066 9.4992408752441388 2067.7013503909111 7327.6062551140785 51.498975098133087 1844.566454321146 134.24349421262741 728.12553516030312 37.996649041771889 782.19795309007168 3352.6612934321165 2611.4432497471571 17.48952087759972 4.9982590675353995 10.238796442747114 9.7453390806913358 14.955977499485018 4.9979282170534125 17.742406442761421 243.3839827477932 27.877819284796715 5.1589045822620392 260.86317148804665 6.2363650351762763 254.14044690132141 13.996900305151938 4.9722018688917178 4.9954670667648298
leaf_count=21 34 9387 38 8271 29311 206 7379 537 2913 152 3129 13413 10447 70 20 41 39 60 20 71 974 112 21 1044 25 1017 56 20 20
internal_value=-2.31174e-08 0.000814052 -0.00139184 -0.000266162 0.00101277 -0.00527654 -0.00794352 0.0133114 0.00487026 -0.00956644 0.00507714 0.00290617 0.00776509 -0.0326425 0.0119669 -0.0543477 -0.0198657 -0.0120605 0.0476731 -0.0150965 -0.0187978 -0.0240435 0.0156704 -0.0255164 -0.0611991 -0.0231528 0.0182856 -0.0452916 0.0769697
internal_weight=22209.8 21335.5 13819.8 11793.5 9395.31 2398.2 2026.31 143.743 7515.65 1882.56 7474.43 4134.86 3339.57 41.2198 13.4915 27.7283 874.305 304.823 14.7433 290.079 261.126 569.483 20.3649 549.118 34.1142 515.004 28.9529 10.2106 10.1544
internal_count=88848 85348 55281 47175 37582 9593 8106 575 30067 7531 29902 16542 13360 165 54 111 3500 1220 59 1161 1045 2280 82 2198 137 2061 116 41 41
is_linear=0
shrinkage=0.1


Tree=3
num_leaves=29
num_cat=0
split_feature=4 0 2 3 4 2 3 3 1 4 4 2 1 4 0 3 2 3 2 1 1 3 1 1 1 3 4 1
split_gain=29.1204 15.8804 8.45011 7.63195 8.21022 7.49807 6.71588 6.01549 5.89937 4.46361 7.91775 5.83082 4.28421 4.15968 3.61635 3.5738 2.35913 6.98099 4.47772 2.77128 2.62114 6.82593 3.66506 3.24893 2.87909 1.54813 0.762061 0.725444
threshold=-0.0056425917629556168 -0.00039378527302075245 1.7223060960100847 0.00026315625434159001 -0.0039398167128151798 1.4759950369896779 -0.0041937478941804765 0.0020771959195635685 0.0035735754701764467 0.0039114212512501032 0.00057092769669442333 0.18234334515318454 0.0013156531091989023 -0.0022066196942935874 0.00054023878571829453 0.012229627537501788 2.0270898227349439 -0.0055556681806949162 2.3972867590892029 0.0030671324790169582 0.00089662664942624485 -0.0027086949358975927 0.0011643120711688846 0.0027274822118582239 0.0011388066933422931 -0.0016309254606472476 -0.0090946610143688416 0.00071023302122810695
decision_type=2 2 2 2 2 2 2 2 2 2 2 2 2 2 2 2 2 2 2 2 2 2 2 2 2 2 2 2
left_child=16 3 9 6 7 -6 8 -5 -2 10 -3 -11 -8 14 -4 -15 20 18 26 -19 21 27 24 -24 -22 -23 -18 -1
right_child=1 2 13 4 5 -7 12 -9 -10 11 -12 -13 -14 15 -16 -17 17 19 -20 -21 22 25 23 -25 -26 -27 -28 -29
leaf_value=-0.067816764314105979 0.0023224969663777637 0.0010749290096939367 0.042375287271501333 -0.090685589941791406 0.0021239262657977934 -0.027747441100369336 0.0059710662202120722 0.034367724203497804 -0.031770756791962895 -0.094896499834875678 -0.003818122301468295 0.0060449973133612153 0.012978203502653699 -0.012554860610455047 -0.023804890708498314 0.051693788878492068 0.064552907824738701 -0.10199590512022715 -0.018820560205857456 -0.0003221781639956427 -0.038469691699737345 0.11125894583655348 -0.011526181660022694 -0.024382663608422471 -0.11497074080514391 0.036119291248450383 0.11741810512419448 -0.016225074045964041
leaf_weight=5.198169484734537 158.46263772249222 8810.9819142222404 26.491749912500381 16.721876770257953 1223.5473201572895 90.227653384208679 2073.7421449869871 4.9958610236644736 74.669646754860878 5.7498637437820426 5294.131259098649 1204.921526402235 1506.3677478432655 822.97043120861053 11.995607390999792 8.7497460544109327 5.9993251562118557 5.4901638031005842 5.999302238225936 5.2388855516910553 28.74015685915947 5.0835025906562805 370.48807209730148 418.69940766692162 5.935490369796752 5.9530171751975995 4.9988103955984142 5.7296276539564133
leaf_count=21 634 35245 106 67 4895 361 8297 20 299 23 21177 4820 6028 3293 48 35 24 22 24 21 116 21 1483 1677 24 24 20 23
internal_value=-6.08045e-08 0.000732666 -0.000806085 0.00557001 -0.000935684 7.24156e-05 0.00784847 -0.0619188 -0.00859719 -0.000261453 -0.0007616 0.00556559 0.00891939 -0.0103917 0.0217485 -0.011879 -0.0178954 0.0108074 0.0506732 -0.0523497 -0.0188363 0.0152573 -0.0197452 -0.0183471 -0.0515645 0.0707292 0.0885809 -0.0407664
internal_weight=22208.3 21334.7 16186 5148.73 1335.49 1313.77 3813.24 21.7177 233.132 15315.8 14105.1 1210.67 3580.11 870.208 38.4874 831.72 873.554 27.7265 16.9974 10.729 845.827 21.9643 823.863 789.187 34.6756 11.0365 10.9981 10.9278
internal_count=88848 85348 64747 20601 5343 5256 15258 87 933 61265 56422 4843 14325 3482 154 3328 3500 111 68 43 3389 89 3300 3160 140 45 44 44
is_linear=0
shrinkage=0.1


Tree=4
num_leaves=30
num_cat=0
split_feature=4 0 2 2 4 1 3 0 3 3 2 1 3 4 0 0 2 2 0 2 2 3 3 3 1 1 2 1 4
split_gain=23.6147 13.0759 7.31852 6.10907 10.211 6.80525 5.40724 11.6326 4.14116 4.04191 3.62968 5.91888 4.08038 3.18959 3.24619 3.16957 2.28278 4.50197 4.28027 3.27449 4.62691 3.70057 3.14742 5.03198 3.58535 3.06906 3.07223 2.65388 2.62917
threshold=-0.0056425917629556168 -0.0001820214682251575 1.3698498447754337 0.84185343473603969 0.0049319359295472162 0.0053715528138262919 -0.0011068988108564046 -0.00014577259586728839 -0.0070854922834909231 -0.0003587911999256565 0.90543701035729718 0.00056772752925746931 0.0032095231197010192 -0.0038111174468801741 -0.0010905800163472088 -0.0015484715455424956 1.0989042591187295 1.1173878577464089 -0.00018954779367807981 0.97645882187932576 0.95538229513737938 -0.003590387770983416 -0.0039730912402921028 -0.00023940627244439791 0.0021770533708642364 0.0016141269212459218 1.1448353050517099 0.0013509378121069526 -0.0090946610143688416
decision_type=2 2 2 2 2 2 2 2 2 2 2 2 2 2 2 2 2 2 2 2 2 2 2 2 2 2 2 2 2
left_child=16 8 3 5 -5 -3 7 -4 13 -8 12 -12 -10 15 -15 -2 19 18 -18 20 28 -22 24 -24 -21 27 -27 -19 -1
right_child=1 2 6 4 -6 -7 9 -9 10 -11 11 -13 -14 14 -16 -17 17 25 -20 22 21 -23 23 -25 -26 26 -28 -29 -30
leaf_value=-0.0089754929968566179 -0.02498511611299226 -0.0024214223593304507 -0.095120245069588522 0.00084025037265070181 0.017220367568950914 -0.050586028997906124 -0.020707215651309382 0.019538819341683184 0.0073924940848132548 -0.0064363210584552624 -0.0075103299528102817 0.0036771321789220122 -0.0085484195474068644 -0.030042584997128693 -0.1160101216115887 0.075434866067097747 0.083356765728993101 -0.0091539115439516587 -0.030544258235529576 0.027510836404101492 -0.01274706300911559 0.072849031029627587 -0.072378795008473509 -0.0016310296467616143 -0.033195779225770113 -0.055183091277885649 -0.012300650324055895 0.052684514771139057 -0.024698211791011102
leaf_weight=177.81657467782497 8.4745491296052915 5382.0742032974958 9.4727789908647519 5975.3498972803354 406.45672821998596 29.49589629471302 225.47401191294193 134.2163637727499 3234.2206304222345 1656.8190849274397 546.21418035030365 3523.6932283043861 168.96242348849773 22.152760207653046 5.4787438958883312 4.9961043298244467 9.7437356412410718 14.896351650357248 4.9883174598217002 12.714296430349348 9.9844216257333773 10.221594125032423 37.662573829293251 13.714200243353842 41.432003870606422 17.93574021756649 243.83885426819324 12.993781030178068 264.65060637891293
leaf_count=713 34 21529 38 23902 1626 118 902 537 12941 6629 2185 14100 676 89 22 20 39 60 20 51 40 41 151 55 166 72 977 52 1063
internal_value=-9.82046e-08 0.000659424 -0.00116616 -0.000212342 0.0018835 -0.00268394 -0.00671841 0.0119799 0.00401686 -0.00814579 0.00419096 0.00217569 0.00660105 -0.0276378 -0.0470881 0.0122595 -0.0161244 -0.00913634 0.0447895 -0.0198681 -0.0162426 0.0305533 -0.035764 -0.0534938 -0.018941 -0.011879 -0.0152388 0.0196561 -0.0183796
internal_weight=22206.1 21333.6 13819.4 11793.4 6381.81 5411.57 2025.98 143.689 7514.19 1882.29 7473.09 4069.91 3403.18 41.1022 27.6315 13.4707 872.593 304.397 14.7321 568.196 462.673 20.206 105.523 51.3768 54.1463 289.665 261.775 27.8901 442.467
internal_count=88848 85348 55281 47175 25528 21647 8106 575 30067 7531 29902 16285 13617 165 111 54 3500 1220 59 2280 1857 81 423 206 217 1161 1049 112 1776
is_linear=0
shrinkage=0.1


Tree=5
num_leaves=31
num_cat=0
split_feature=4 0 3 2 1 2 3 3 2 4 4 2 4 1 3 4 2 4 1 2 3 2 3 1 0 2 0 0 3 0
split_gain=19.1489 10.8158 6.10884 6.91991 6.82975 6.71472 6.1652 8.71141 5.99291 7.83772 6.98486 5.47282 4.69603 4.63696 4.289 4.26222 2.01283 7.00687 8.67335 5.8939 4.65951 3.629 3.76252 3.45958 3.80231 4.13177 3.68988 3.26768 2.90455 3.63024
threshold=-0.0056425917629556168 -0.00039378527302075245 0.00026315625434159001 0.44270556392040966 0.0020017474394378059 1.4520239029864619 -0.0014550185519664469 -0.0010151155540332189 1.5470397031416236 -0.0032409693817542213 -0.0045955128112299395 1.5304403272044369 0.010985695010952925 0.00071518246508244562 -0.00041368805668107184 -0.0028203862558675015 0.71178440426707523 -0.010377681253029512 0.0018120876666593119 0.62552135823833332 5.2002085145663741e-05 0.47593043213718894 -0.0070854922834909231 0.0066926180643305348 -0.0036152906144386039 1.2765230027419798 -0.00062506106730669797 0.00095405178493623854 0.00088531149163251232 0.0031326437170500214
decision_type=2 2 2 2 2 2 2 2 2 2 2 2 2 2 2 2 2 2 2 2 2 2 2 2 2 2 2 2 2 2
left_child=16 2 6 4 -4 -5 15 -8 11 10 -10 14 -11 -13 -3 -2 17 21 19 -19 -20 22 -1 24 25 -18 -26 -23 29 -25
right_child=1 8 3 5 -6 -7 7 -9 9 12 -12 13 -14 -15 -16 -17 23 18 20 -21 -22 27 -24 28 26 -27 -28 -29 -30 -31
leaf_value=0.0045492282573621088 0.0085769247261333389 -0.0029805923294867289 -0.011843038528106455 0.0026243065510925725 -0.078692590523762748 -0.02493268707129883 0.021270321454885336 0.0065403551342822072 -0.03369454360541263 -0.0088562758745734122 0.074946343072499436 -0.005827168265406555 0.033464494694457954 0.051944614126997558 0.0008431150186356467 -0.002129228410523681 0.055293207304502559 0.014023581461466395 -0.071188570583364461 -0.061528909856550698 -0.00091981887275556062 -0.024564681847813928 0.11767510793055896 -0.039242161002577991 -0.019464672191497841 -0.0075005801782381532 -0.0036919409149507921 0.035635538464971188 -0.1094375742549967 0.047314483113384376
leaf_weight=6.7192984074354172 593.49894559383392 4043.7584072500467 54.486341789364815 1163.8683343976736 21.240842923521996 95.692948698997498 525.94846312701702 1696.8204797804356 8.2426022589206713 1341.8172909170389 20.983444362878799 22.248749539256096 26.742016360163689 36.994109123945236 10684.427165836096 995.69476522505283 17.94094854593277 38.130647256970406 59.808259859681129 14.159622669219969 11.204461574554442 32.646982654929161 5.2272631376981717 41.641897454857826 318.85758398473263 25.192498221993446 277.31601651012897 12.45708818733692 4.9850938469171515 5.4835143238306037
leaf_count=27 2376 16176 218 4657 85 383 2105 6791 33 5370 84 89 107 148 42740 3986 72 154 240 57 45 131 21 167 1279 101 1114 50 20 22
internal_value=-1.65041e-07 0.000593491 0.00458632 -0.00123443 -0.0305938 0.000530713 0.00662526 0.0100257 -0.000676314 -0.00693504 0.0443064 -8.47069e-05 -0.00802932 0.0302483 -0.000206719 0.00186908 -0.0145271 -0.0239354 -0.0373427 -0.00643519 -0.0601015 0.00504181 0.0540479 -0.012073 -0.0100534 0.0186179 -0.0121278 -0.00793826 -0.0368491 -0.0291704
internal_weight=22204.2 21332.5 5147.25 1335.29 75.7272 1259.56 3811.96 2222.77 16185.2 1397.79 29.226 14787.4 1368.56 59.2429 14728.2 1589.19 871.771 180.354 123.303 52.2903 71.0127 57.0506 11.9466 691.418 639.307 43.1334 596.174 45.1041 52.1105 47.1254
internal_count=88848 85348 20601 5343 303 5040 15258 8896 64747 5594 117 59153 5477 237 58916 6362 3500 725 496 211 285 229 48 2775 2566 173 2393 181 209 189
is_linear=0
shrinkage=0.1


Tree=6
num_leaves=27
num_cat=0
split_feature=4 0 2 3 2 1 2 3 3 3 1 4 3 2 4 0 1 1 3 1 0 1 3 4 2 2
split_gain=15.6112 9.45302 5.11316 5.00357 5.68211 5.62579 5.52679 5.32739 8.0994 3.76308 6.65439 6.59435 3.63825 9.62529 6.97187 3.06478 2.46885 3.70204 7.15482 2.95062 3.61054 3.5326 3.46883 3.45245 3.03222 1.6777
threshold=-0.0053173504186962419 -0.00039378527302075245 1.7223060960100847 0.00026315625434159001 0.44270556392040966 0.0022098240982407684 1.4520239029864619 -0.0032671930266048306 -0.0028041770288634855 0.00031314608687771367 0.00026748387845516484 -0.00079687409821110877 0.0030915209018375083 0.75044638515352802 0.00057092769669442333 -0.00080951783583604875 0.00085945186666748215 0.00052102046539040728 -0.003590387770983416 0.0013386358910376578 -0.00090086025852159624 0.0015955973618633366 -0.003590387770983416 -0.0073928386550019534 0.55470541089742997 0.72970268578956576
decision_type=2 2 2 2 2 2 2 2 2 2 2 2 2 2 2 2 2 2 2 2 2 2 2 2 2 2
left_child=16 3 12 7 5 -5 -6 15 -9 10 -4 -11 14 -14 -3 -2 17 -1 -19 20 -18 23 -22 -21 -23 -20
right_child=1 2 9 4 6 -7 -8 8 -10 11 -12 -13 13 -15 -16 -17 19 18 25 21 22 24 -24 -25 -26 -27
leaf_value=-0.058048651527232681 -0.00014700012991265561 0.0011682474316154737 -0.079369264766205788 -0.011670367393475241 0.0025552693487830239 -0.074351512279320228 -0.022454261014301466 0.02824232397212055 0.0063209828385011758 -0.068679802324401448 0.0026566895033255699 -0.011082867509794366 -0.011445073004576438 0.011174689728993869 -0.0033592324981428995 -0.02144815569012265 0.029668803689545876 -0.063902881159674393 0.038063319765276264 -0.020409496575322511 -0.067277229438729366 -0.035968979202437044 -0.022211920776337421 0.025868688914695737 -0.011759858968601822 0.1076341189777093
leaf_weight=4.9138419479131725 315.65533690154552 8664.5080631822348 10.198412507772444 56.469342559576035 1162.0933689922094 19.183172613382339 95.632750526070595 177.96186694502831 3185.5453829616308 20.682189777493477 327.26804828643799 511.24077628552914 249.72101306915283 762.62949326634407 5599.1798850148916 85.933137401938438 8.6861473917961103 4.9535598605871245 6.3626965731382334 24.699699625372887 26.729576840996742 55.71270264685154 47.315363004803658 46.410022050142288 725.03332181274891 7.6144533604383469
leaf_count=20 1264 34660 41 226 4650 77 383 713 12752 83 1310 2047 999 3051 22398 344 35 20 26 99 108 224 191 186 2910 31
internal_value=-2.37276e-07 0.000562988 -0.000622408 0.0043168 -0.000947381 -0.0275644 0.000653639 0.00618107 0.00748083 -0.00808206 0.000177822 -0.0133223 -0.000197864 0.00559497 -0.000609005 -0.00470509 -0.0124843 0.0192904 0.0393653 -0.013295 -0.031325 -0.0115439 -0.0384801 0.00979413 -0.0134874 0.075964
internal_weight=22202.3 21243.9 16145.4 5098.47 1333.38 75.6525 1257.73 3765.1 3363.51 869.389 337.466 531.923 15276 1012.35 14263.7 401.588 958.431 23.8446 18.9307 934.587 82.7311 851.856 74.0449 71.1097 780.746 13.9771
internal_count=88848 84998 64589 20409 5336 303 5033 15073 13465 3481 1351 2130 61108 4050 57058 1608 3850 97 77 3753 334 3419 299 285 3134 57
is_linear=0
shrinkage=0.1


Tree=7
num_leaves=29
num_cat=0
split_feature=4 0 4 3 0 2 4 3 2 2 2 2 1 1 0 4 2 2 3 4 1 4 0 2 0 1 3 1
split_gain=12.6588 7.90627 5.17617 10.2387 15.5075 10.9982 8.15327 7.95201 7.22882 3.53897 3.90739 7.11013 5.34886 3.14241 4.70496 4.21066 2.25891 7.27678 3.50246 11.4696 2.65982 4.07314 4.18411 3.42218 3.04008 9.02769 3.31979 2.26685
threshold=-0.0053173504186962419 -0.0001820214682251575 0.00017910105425111847 -0.00049855781458812965 -0.00013165184669533533 0.69319147285260951 0.0025638846103429595 -0.0023023759970827169 1.4639439270749657 2.2714700213947157 0.94539921289827433 0.95874939873662501 0.00068871116319808758 0.001106795239328753 -0.00078897279716283453 -0.0013369599334928648 1.1080135280156782 1.1173878577464089 -0.002110464077581586 -0.0090946610143688416 0.0027274822118582239 -0.0090946610143688416 -0.00012400916452337538 0.67770315893638144 -0.0014876149521624857 0.0016867526136216976 0.0007939690157435787 0.0059201420549555017
decision_type=2 2 2 2 2 2 2 2 2 2 2 2 2 2 2 2 2 2 2 2 2 2 2 2 2 2 2 2
left_child=16 9 3 4 -3 -5 8 -8 -4 10 12 -12 -2 14 -11 -15 20 -18 27 -20 24 23 -23 -22 25 -1 -26 -19
right_child=1 2 6 5 -6 -7 7 -9 -10 13 11 -13 -14 15 -16 -17 17 18 19 -21 21 22 -24 -25 26 -27 -28 -29
leaf_value=0.13585599174930882 0.010485247120835532 -0.029934939622717361 -0.0033555738313613952 -0.0056176134139356891 -0.0013639126934645509 0.0074417989237679609 -0.046215996713012832 0.0032511323035281331 -0.014444535770382311 0.11915919043596471 -0.024073649378400841 0.0012866624165012042 0.0024462475009220611 0.027731616392332233 0.027470766759896112 -0.017533286531828694 0.085618287168853544 -0.0073712854668060036 -0.075274558849300996 0.048758724160997094 0.014974689480034898 -0.05442685303992028 -0.016205602068444919 -0.019970558016026846 -0.015164336835088109 -0.0014877822918524493 0.02775029140223367 -0.033370770794284466
leaf_weight=5.4534620344638816 1235.0699966400862 207.89133936166763 4785.1022171080112 829.48105557262897 2204.0613486021757 2897.5875952392817 32.994191959500313 2156.6435017436743 670.21568435430527 6.4948219507932654 114.19089964032173 3469.6243790537119 2509.1624967306852 46.694992229342461 40.469629496335983 36.704667747020721 8.722788527607916 236.33568915724754 9.7068953961133939 32.142406314611435 36.778183341026306 61.09037147462368 53.921898156404495 117.73014944791794 298.24605132639408 39.093400284647942 19.185583770275116 39.079817816615105
leaf_count=22 4942 832 19141 3318 8817 11592 132 8629 2683 26 457 13888 10045 187 162 147 35 949 39 129 148 246 217 473 1201 157 77 157
internal_value=-2.76861e-07 0.000506698 -0.000912425 0.00125007 -0.00382651 0.00453535 -0.00264894 0.00250575 -0.00471791 0.00312939 0.00283886 0.000478608 0.00509799 0.0194611 0.0401506 0.00781027 -0.0112478 -0.00448744 -0.00696478 0.0199894 -0.0147376 -0.0222587 -0.0365074 -0.0116524 -0.00913749 0.015326 -0.0125706 -0.0110605
internal_weight=22199.9 21242.4 13784 6139.02 2411.95 3727.07 7644.96 2189.64 5455.32 7458.41 7328.05 3583.82 3744.23 130.364 46.9645 83.3997 957.487 325.988 317.265 41.8493 631.499 269.521 115.012 154.508 361.978 44.5469 317.432 275.416
internal_count=88848 84998 55144 24559 9649 14910 30585 8761 21824 29854 29332 14345 14987 522 188 334 3850 1309 1274 168 2541 1084 463 621 1457 179 1278 1106
is_linear=0
shrinkage=0.1


Tree=8
num_leaves=23
num_cat=0
split_feature=4 0 3 4 3 2 3 4 0 1 3 1 0 3 4 1 1 3 1 3 2 0
split_gain=10.3485 7.32959 4.39069 6.10151 5.29689 5.04088 4.49852 4.33334 3.84646 21.0661 11.8246 4.67342 3.9749 8.15528 4.33718 2.77461 4.35364 4.9788 3.74261 2.80412 2.45213 1.87554
threshold=-0.0050440568913254205 -0.00039378527302075245 0.00026315625434159001 -0.0039398167128151798 0.0011497508756491694 0.5607502916132695 -0.0055556681806949162 -0.003562197382841636 0.0017838062171121607 0.0019778054960340992 -0.0022367925406990281 0.0012157485741215621 0.00160806738706909 -0.0017120363275678339 0.0078026262144615952 0.00046556289503152311 0.00088118478178873685 -0.0037796886774347223 0.00093500742170700131 -0.001157510310922538 1.5304403272044369 -0.00031715682519733995
decision_type=2 2 2 2 2 2 2 2 2 2 2 2 2 2 2 2 2 2 2 2 2 2
left_child=15 2 6 4 -4 -5 20 -8 12 11 -11 -10 14 -14 -3 -1 17 -17 -18 -19 -2 -20
right_child=1 8 3 5 -6 -7 7 -9 9 10 -12 -13 13 -15 -16 16 18 19 21 -21 -22 -23
leaf_value=-0.081053974543004545 -0.023827871319667075 -0.00057233102038454662 -0.10650254713056609 -0.017002723491637083 0.0023713280580801173 0.0019747160121558801 0.016654497236329748 0.0049648188215060032 0.022456387097078579 -0.053275929619882118 0.0002478741579745058 -0.07934750697442057 -0.05889601530224664 0.022343466019537076 0.014644564703965647 -0.053564799413927527 -0.093430085065876606 0.075891189686111693 -0.013264779648495456 -0.010650836736927634 0.029625160550189933 -0.0043492943775959537
leaf_weight=5.4242566078901282 72.755786463618279 14990.088305920362 10.180700883269312 159.29015442728996 7.9644780755043021 1153.9291754513979 351.02748633921146 3282.5110338330269 4.9965732842683783 43.977054744958878 671.93699131906033 46.235526666045189 13.497558474540709 146.20068025588989 189.67787198722363 5.4220098108053234 5.3964945524930945 15.096937060356144 630.6804161220789 4.9788135141134235 9.7299223542213422 377.01145814359188
leaf_count=22 292 59970 41 638 32 4618 1406 13144 20 176 2689 185 54 585 759 22 22 62 2536 20 39 1516
internal_value=-3.16555e-07 0.000479348 0.00380451 -0.00112296 -0.0587144 -0.000327199 0.0055699 0.00609413 -0.000562669 -0.00747293 -0.00303998 -0.0694188 -0.000217078 0.0154772 -0.000382189 -0.0097194 -0.00934684 0.0314642 -0.010374 0.0544286 -0.0175226 -0.0099292
internal_weight=22198 21154 5047.39 1331.36 18.1452 1313.22 3716.02 3633.54 16106.6 767.146 715.914 51.2321 15339.5 159.698 15179.8 1044.01 1038.59 25.4978 1013.09 20.0758 82.4857 1007.69
internal_count=88848 84648 20210 5329 73 5256 14881 14550 64438 3070 2865 205 61368 639 60729 4200 4178 104 4074 82 331 4052
is_linear=0
shrinkage=0.1


Tree=9
num_leaves=28
num_cat=0
split_feature=4 4 4 2 1 0 1 2 0 4 0 3 0 0 2 2 3 2 1 2 1 0 4 2 2 4 0
split_gain=8.51938 5.8416 11.8713 12.3844 9.41151 8.64494 7.49972 7.20915 7.05933 4.39252 3.80825 5.04723 4.87851 2.98237 2.73533 1.96965 6.00246 3.57914 2.39124 2.28731 3.79312 6.19738 1.98886 5.56471 3.68203 0.556896 0.463452
threshold=-0.0056425917629556168 0.00057092769669442333 0.00058812715168365959 0.56659695443393143 0.0035735754701764467 -0.00068548437998633405 0.00085945186666748215 1.5627579964421561 0.0019962234833329488 0.00038834735688753069 -7.5551526572015235e-05 0.00036964372301162568 0.00017442975854387036 0.0021469959577472557 2.2714700213947157 2.0270898227349439 -0.0055556681806949162 2.3972867590892029 0.0030671324790169582 1.7816324003568378 0.0038622095248641007 -0.0012725529112679321 -0.010377681253029512 0.4551086110316464 0.47593043213718894 -0.0090946610143688416 -0.0036152906144386039
decision_type=2 2 2 2 2 2 2 2 2 2 2 2 2 2 2 2 2 2 2 2 2 2 2 2 2 2 2
left_child=15 4 10 13 5 6 -2 -5 -7 14 11 -3 -12 -4 -6 19 17 25 -18 22 21 -21 24 -24 -1 -17 -22
right_child=1 2 3 7 9 8 -8 -9 -10 -11 12 -13 -14 -15 -16 16 18 -19 -20 20 26 -23 23 -25 -26 -27 -28
leaf_value=0.051958765901711626 0.025888246846078107 -0.043193339057521811 -0.01329994862548943 0.0011549751159194829 -0.021947952161063104 0.0012357494760108973 0.0060557209226401523 -0.0087161708216121608 -0.026824029494763119 0.063780611349264701 -0.087668129866842318 0.040553371807779265 -0.028297011529916705 0.021570433072333764 0.027537087542682998 0.066839959957864126 -0.088766948334321361 -0.008714645842208029 0.0060375693407637146 0.056812159000270958 -0.10796681596180127 -0.089335479391120409 -0.061286531096744958 -0.010933118183927075 -0.0049546127725201561 0.11205383762841579 -0.065289714350895478
leaf_weight=11.948807716369627 213.76295161247253 17.986372753977779 877.08881825208664 6730.5137632489204 232.87675946950912 10456.500157296658 1765.202717885375 831.23334835469723 90.434699982404709 6.4896710515022269 24.247189939022064 11.996156826615332 32.245160654187202 25.232849776744843 11.73301115632057 5.9989083409309414 5.4283858090639097 5.9895280748605719 5.2178229838609695 6.9664185643196106 5.2128282785415649 4.9725951403379458 22.859278187155724 550.24620394408703 233.58685421943665 4.9902555793523815 4.9711879789829236
leaf_count=48 856 72 3510 26929 933 41838 7071 3329 362 26 97 48 129 101 47 24 22 24 21 28 21 20 93 2219 940 20 20
internal_value=-3.4018e-07 0.000394985 -0.0016281 -0.00125147 0.00174886 0.00213313 0.00819798 6.98786e-05 0.000995151 -0.01742 -0.0384916 -0.00968587 -0.0537798 -0.0123248 -0.0195743 -0.00970948 0.0165644 0.0534757 -0.0423022 -0.0105728 -0.0423012 -0.00405828 -0.00971532 -0.0129415 -0.00218497 0.0873719 -0.0871346
internal_weight=22195.9 21327.5 8550.54 8464.07 12777 12525.9 1978.97 7561.75 10546.9 251.099 86.4749 29.9825 56.4924 902.322 244.61 868.389 27.6249 16.9787 10.6462 840.764 22.123 11.939 818.641 573.105 245.536 10.9892 10.184
internal_count=88848 85348 34215 33869 51133 50127 7927 30258 42200 1006 346 120 226 3611 980 3500 111 68 43 3389 89 48 3300 2312 988 44 41
is_linear=0
shrinkage=0.1


Tree=10
num_leaves=23
num_cat=0
split_feature=4 0 0 2 3 1 4 1 4 4 4 2 2 3 0 1 1 1 3 1 0 0
split_gain=6.93735 5.11209 4.9095 7.01714 8.06186 4.43887 16.5586 4.57794 4.27803 10.0144 8.05061 7.03818 6.09786 5.64809 5.64499 4.16424 2.22415 3.59539 3.97693 3.02551 2.27192 1.62553
threshold=-0.0050440568913254205 -5.6189309345644471e-05 -8.2947435588009974e-05 1.212962798147694 0.0021812888087052733 0.00056192466979151934 0.0015393484430434869 0.00068871116319808758 0.00017910105425111847 -0.00011530016880334502 0.0028293443001639056 2.5841790571076304 1.4639439270749657 -0.0023023759970827169 4.7486972842958337e-05 0.00039461119079923579 0.00046556289503152311 0.00088118478178873685 -0.0037796886774347223 0.00093500742170700131 -6.7548718057364163e-05 0.0037516558728288856
decision_type=2 2 2 2 2 2 2 2 2 2 2 2 2 2 2 2 2 2 2 2 2 2
left_child=16 2 5 4 -4 6 -2 -7 9 14 12 -11 -10 -12 -3 -5 -1 18 -18 -19 -20 -21
right_child=1 8 3 15 -6 7 -8 -9 10 11 13 -13 -14 -15 -16 -17 17 19 20 21 -22 -23
leaf_value=-0.072070437608998408 -2.2412117190962543e-05 -0.0091558905040959159 0.0198953317729368 0.027237750503448177 -0.049919655309788334 0.0093905960396687346 -0.03525110567995119 0.0018029460203872799 -0.0033346505827732556 0.010200461377663799 -0.040560274606914082 0.11272808757576436 -0.013645385759066481 0.003764574822994392 0.0008199958747489933 -0.025729914201485234 -0.046821673851496992 -0.083733047265395627 0.080820372340483365 -0.0075503944140173631 0.013106555102336853 -0.034391597930424893
leaf_weight=5.3842168450355521 1952.798000305891 678.91653260588646 403.97300045192242 18.989178374409676 17.246224790811539 921.00078557431698 143.20791395008564 5819.6730356067419 4322.9164651781321 860.89101994037628 29.214943379163742 6.7479151487350455 661.33400475978851 1798.5200099647045 3448.1128682941198 67.97457928955555 5.3731378614902523 5.3263618499040595 10.916484311223034 983.1511372178793 9.0732190459966624 23.092682749032974
leaf_count=22 7814 2716 1616 76 69 3686 573 23304 17293 3444 117 27 2649 7197 13795 272 22 22 45 3959 37 93
internal_value=-3.76706e-07 0.000392096 0.00213955 0.0116975 0.0170369 0.00158988 -0.00242938 0.00283967 -0.000990997 0.00123202 -0.00262095 0.0109979 -0.00470273 0.00305608 -0.000821086 -0.014164 -0.00796475 -0.00763188 0.0295556 -0.00856428 0.0500854 -0.00816638
internal_weight=22193.8 21151.5 9344.86 508.183 421.219 8836.68 2096.01 6740.67 11806.7 4994.67 6811.99 867.639 4984.25 1827.73 4127.03 86.9638 1042.32 1036.93 25.3628 1011.57 19.9897 1006.24
internal_count=88848 84648 37410 2033 1685 35377 8387 26990 47238 19982 27256 3471 19942 7314 16511 348 4200 4178 104 4074 82 4052
is_linear=0
shrinkage=0.1


Tree=11
num_leaves=22
num_cat=0
split_feature=3 1 2 2 0 4 4 2 4 1 3 0 2 4 1 1 2 3 1 2 1
split_gain=6.14065 10.6038 3.91757 5.28614 4.55076 3.54123 3.9172 9.69961 10.514 6.37335 5.60777 4.20341 3.69949 4.23171 4.52522 3.22588 3.06321 2.88569 4.4299 2.14909 1.14077
threshold=-0.0070854922834909231 0.0013627271413834243 2.0270898227349439 1.6143224399079572 -0.0030594646147519828 -0.0063837573714319298 0.00057092769669442333 0.56659695443393143 0.00058812715168365959 0.0059201420549555017 -0.0037796886774347223 -0.00068548437998633405 0.71178440426707523 -0.016319365878179722 0.0018120876666593119 0.0032383230344673005 0.50396646641120901 0.0020771959195635685 0.0033446661557002991 0.72620804509463011 0.0066926180643305348
decision_type=2 2 2 2 2 2 2 2 2 2 2 2 2 2 2 2 2 2 2 2 2
left_child=1 -1 3 15 -5 12 9 16 -9 11 -11 -7 13 -2 -15 -3 -8 19 -19 -14 -4
right_child=5 2 20 4 -6 6 7 8 -10 10 -12 -13 17 14 -16 -17 -18 18 -20 -21 -22
leaf_value=-0.1478800621319751 0.048988707379003925 0.0068998434281902906 0.071806986777678869 -0.028229391058533872 -0.13012821621538456 0.0056519263015122473 -0.0069605386388909762 -0.036494224625368686 0.00025645292334506984 -0.10531142764112428 -0.017664516461077449 0.00079359923574108537 0.052532479915083169 -0.0013583191500816331 -0.046534345529512855 -0.018971120580382705 -0.01928696864815211 -0.10844079505294926 -0.0105687511532719 -0.0026976154724326698 0.010567474548054151
leaf_weight=5.8966143131256095 7.2080785930156699 70.792155504226685 6.4732917249202711 11.842163905501367 6.9577808976173392 2135.5931938141584 608.00150272250175 78.657572567462921 7544.6319545358419 9.4630092829465848 31.934986263513565 10721.08173391223 7.1826973259448996 34.44690266251564 62.228569492697716 151.00807993113995 301.61795784533024 6.4531180411577251 16.321274653077126 368.42168436944485 5.7382633835077286
leaf_count=24 29 285 26 48 28 8559 2434 315 30192 38 128 42904 29 140 252 609 1207 26 66 1486 23
internal_value=-3.63031e-07 -0.0153167 -0.0122248 -0.0150292 -0.0659417 0.000180297 0.00037482 -0.00128737 -0.000122743 0.00147447 -0.0376994 0.0016006 -0.00811977 -0.0249264 -0.0304375 -0.0107139 -0.0110478 -0.00373718 -0.0383008 -0.00164145 0.0430303
internal_weight=22192 258.708 252.812 240.6 18.7999 21933.2 21431 8532.91 7623.29 12898.1 41.398 12856.7 502.262 103.884 96.6755 221.8 909.619 398.379 22.7744 375.604 12.2116
internal_count=88848 1043 1019 970 76 87805 85777 34148 30507 51629 166 51463 2028 421 392 894 3641 1607 92 1515 49
is_linear=0
shrinkage=0.1


Tree=12
num_leaves=22
num_cat=0
split_feature=3 1 2 4 0 1 0 2 0 0 1 2 3 0 4 0 2 2 1 2 1
split_gain=4.98769 8.82421 3.75006 5.73448 11.8521 6.42993 5.88348 5.85999 11.4557 6.12123 4.78058 10.9352 8.22738 7.55452 7.31304 6.24757 3.17929 4.6252 2.32439 1.802 0.929987
threshold=-0.0070854922834909231 0.0013627271413834243 1.3698498447754337 -1.0000000180025095e-35 -0.00058848538331923706 0.0040099366249021461 -0.00035117497323100538 1.4639439270749657 -0.0018775811986256883 -0.00073217180623358347 0.0011735700732171241 1.064816072828408 -0.0016309254606472476 -0.0014876149521624857 -0.0036864780444039176 0.00058641898758626809 2.0270898227349439 1.8487059570396334 0.0032383230344673005 0.68168451052071777 0.0066926180643305348
decision_type=2 2 2 2 2 2 2 2 2 2 2 2 2 2 2 2 2 2 2 2 2
left_child=1 -1 10 7 5 -5 -6 8 -4 -9 13 14 -13 19 -12 -15 17 18 -3 -2 -18
right_child=2 16 3 4 6 -7 -8 9 -10 -11 11 12 -14 15 -16 -17 20 -19 -20 -21 -22
leaf_value=-0.13604145853879054 0.036820854254848392 0.0034028500512107152 -0.074712309408853955 -0.026858639136795839 0.021196402036530657 -0.10223692318631156 -0.0056683974491350654 0.014217368901522432 -0.0048018635892877722 -0.00056766506203616328 -0.0088017620218923381 -0.0020538642315257338 0.013465391585519432 0.00016543476121890139 0.0021410176024573594 -0.0080535937337204086 0.064843835950653281 -0.10320401653202911 -0.018093734000522183 0.10122713773755126 0.0095100255438687435
leaf_weight=5.7748585045337668 9.9442586451768893 73.034296974539757 25.14795757830143 151.02677422761917 86.158898442983627 12.233192950487135 1514.2789238244295 441.02947314083576 344.90439388155937 767.04283039271832 736.91115808486938 457.37706208229065 1349.5156750679016 11456.198759794235 3566.4211115092039 1006.0671623200178 6.4525698423385602 5.6196351349353781 161.59270909428596 7.7138247042894355 5.7386624366044998
leaf_count=24 40 294 101 605 345 49 6064 1769 1381 3072 2964 1834 5402 45847 14276 4025 26 23 653 31 23
internal_value=-4.77588e-07 -0.0138177 0.000162197 -0.00292192 -0.00684036 -0.0325068 -0.00422214 0.00145731 -0.00955283 0.00482989 0.000716607 0.0030084 0.00953702 -0.000405467 0.000267154 -0.00049808 -0.0110216 -0.0135497 -0.0114023 0.0649563 0.0387971
internal_weight=22190.2 258.213 21932 3341.82 1763.7 163.26 1600.44 1578.12 370.052 1208.07 18590.1 6110.23 1806.89 12479.9 4303.33 12462.3 252.438 240.247 234.627 17.6581 12.1912
internal_count=88848 1043 87805 13386 7063 654 6409 6323 1482 4841 74419 24476 7236 49943 17240 49872 1019 970 947 71 49
is_linear=0
shrinkage=0.1


Tree=13
num_leaves=23
num_cat=0
split_feature=3 1 0 3 2 4 4 2 2 0 4 1 4 2 2 4 2 2 0 2 0 1
split_gain=4.05312 7.41557 3.34411 6.2168 5.14184 6.12605 5.12033 4.2015 3.84953 3.58934 3.55648 5.21008 6.77201 5.10502 4.71843 3.87662 2.58201 3.86517 3.933 3.05657 1.87709 0.760962
threshold=-0.0070854922834909231 0.0013627271413834243 0.0014748727060613922 9.3611144271976712e-05 0.93499277737148767 -0.0053173504186962419 -0.0063837573714319298 1.7512586452550114 0.91213627117057516 0.0037516558728288856 0.010985695010952925 0.0059201420549555017 0.0095804122675133847 0.66505057189249051 0.71532415360415091 0.0072263514544538285 2.0270898227349439 1.6143224399079572 -0.0024720928198455057 1.5470397031416236 -0.0019869903658644157 0.0066926180643305348
decision_type=2 2 2 2 2 2 2 2 2 2 2 2 2 2 2 2 2 2 2 2 2 2
left_child=1 -1 10 4 8 -6 9 -8 -4 -5 11 12 -2 20 -15 -13 17 19 -19 -3 -12 -18
right_child=2 16 3 6 5 -7 7 -9 -10 -11 13 15 -14 14 -16 -17 21 18 -20 -21 -22 -23
leaf_value=-0.12614963351651481 0.00051500974088574487 -0.010534419549982587 -0.0095147105352938952 -0.023924010741518151 0.011864322568606554 -0.045309023588042237 0.0030033230855393174 -0.015765857925096254 0.066760749770410119 -0.11319489475763 0.034514299757916249 -0.034216476753975454 -0.035130180370425819 0.093506348356511809 0.02045604622538243 0.057366872098915049 0.058672055061156192 -0.028569274496272414 -0.13317978095176297 0.060773504216321411 -0.028413528559476143 0.0085588806616552111
leaf_weight=5.6132276207208625 20505.13983336091 215.13756600022316 129.2878779321909 16.844105973839763 23.322033643722534 95.411116510629654 746.28163206577301 141.95088566839695 6.9735281616449347 6.1478542536497107 5.7190629690885535 62.383891925215721 53.437458634376526 9.7452757209539396 95.402303278446198 4.9917267709970465 6.419876500964163 13.674041211605074 4.8753617703914633 6.183950498700141 27.695668458938599 5.7387492656707764
leaf_count=24 82093 869 519 68 94 382 2987 569 28 25 23 251 214 39 382 20 26 56 20 25 111 23
internal_value=-4.98881e-07 -0.01247 0.000145993 -0.00506457 -0.0188665 -0.0340788 -0.00120227 3.76856e-06 -0.00561112 -0.0477943 0.00043864 0.000331373 0.000422358 0.016406 0.0272265 -0.0274312 -0.00993813 -0.0122169 -0.0560642 -0.008542 -0.0176432 0.0350191
internal_weight=22188.4 257.643 21930.7 1166.22 254.995 118.733 911.224 888.233 136.261 22.992 20764.5 20626 20558.6 138.562 105.148 67.3756 252.03 239.871 18.5494 221.322 33.4147 12.1586
internal_count=88848 1043 87805 4672 1023 476 3649 3556 547 93 83133 82578 82307 555 421 271 1019 970 76 894 134 49
is_linear=0
shrinkage=0.1


Tree=14
num_leaves=19
num_cat=0
split_feature=4 0 1 4 0 1 2 2 2 1 2 1 1 4 2 1 1 2
split_gain=3.35778 3.61787 4.51892 9.18039 5.38619 4.57505 3.49468 3.31018 5.91009 11.1064 4.6989 4.55486 4.64307 2.78096 2.4825 1.96531 3.04366 1.9454
threshold=-0.0050440568913254205 -0.0001820214682251575 1.0000000180025095e-35 -0.0025476111723293777 0.0006962552893275965 0.00017351102564982414 1.2011172566898654 0.92868868835168972 1.064816072828408 0.00065108425711493873 1.0902235049276479 0.0081590560830335866 0.00068871116319808758 0.001670265196749843 2.5841790571076304 0.00046556289503152311 0.00059149611415316094 2.3972867590892029
decision_type=2 2 2 2 2 2 2 2 2 2 2 2 2 2 2 2 2 2
left_child=14 7 3 -3 -5 13 -7 11 9 -9 -10 12 -2 -4 15 -1 -17 -18
right_child=1 2 5 4 -6 6 -8 8 10 -11 -12 -13 -14 -15 -16 16 17 -19
leaf_value=-0.065653623038359879 0.0091580618516212201 0.10956374168763112 0.0092143562739457913 -0.017699201984213399 -0.10458977495517936 0.00016873199074805267 -0.0035903565174908898 -0.025120883710064257 0.018087860608224468 -0.00075937361686644782 0.0013595432190388424 0.082206447065121466 0.001513878666978526 0.046430474752880348 -0.065084550414331629 0.078335084232334096 -0.0055177583040516079 0.053011180940247996
leaf_weight=5.3407550901174536 1196.7618310302496 5.4995922148227683 262.66832262277603 146.96765998005867 7.4980157613754264 10023.315481171012 3283.1788102835417 242.68867163360119 179.56360633671284 817.60038152337074 2588.5973453968763 7.4785882085561743 2364.4978332966566 21.740429386496544 6.9572986811399451 4.3813728243112555 1016.7107234150171 5.7108522355556479
leaf_count=22 4791 22 1051 588 30 40101 13144 971 719 3274 10369 30 9471 87 28 18 4109 23
internal_value=-5.83212e-07 0.000272106 -0.000687205 -0.0173967 -0.021917 -0.000490533 -0.000758767 0.0020554 1.30114e-05 -0.00633546 0.00244467 0.00424642 0.00408271 0.0120592 -0.00555043 -0.00514914 -0.00483443 -0.00519084
internal_weight=22187.2 21148.1 13750.9 159.965 154.466 13590.9 13306.5 7397.19 3828.45 1060.29 2768.16 3568.74 3561.26 284.409 1039.1 1032.14 1026.8 1022.42
internal_count=88848 84648 55023 640 618 54383 53245 29625 15333 4245 11088 14292 14262 1138 4200 4172 4150 4132
is_linear=0
shrinkage=0.1


Tree=15
num_leaves=22
num_cat=0
split_feature=3 1 0 1 4 3 1 1 4 1 1 3 2 1 2 2 1 1 2 2 4
split_gain=3.05334 6.31979 2.64152 15.6158 3.54914 8.16447 3.36359 3.92612 3.34894 3.18324 8.19176 6.63045 6.06835 9.73367 6.72595 5.14091 2.38247 7.55028 4.60015 4.33747 3.37892
threshold=-0.0070854922834909231 0.0016304574890131883 0.0017838062171121607 0.0020017474394378059 0.0049319359295472162 0.0074270470293166255 0.0012157485741215621 0.0015487594041481794 0.018955880438936926 0.0010907951230004003 0.0010758866433786091 -0.0028041770288634855 0.64815411606956808 0.0024843317791355549 1.3698498447754337 1.8133546189059204 0.0032383230344673005 0.0034605918155953667 0.54788412818459131 0.64815411606956808 -0.010377681253029512
decision_type=2 2 2 2 2 2 2 2 2 2 2 2 2 2 2 2 2 2 2 2 2
left_child=1 -1 9 6 5 -5 -4 -8 -6 10 11 -2 13 -11 -14 -12 18 -18 -3 -20 -19
right_child=2 16 3 4 8 -7 7 -9 -10 12 15 -13 14 -15 -16 -17 17 20 19 -21 -22
leaf_value=-0.09244921938900047 0.02006026498951392 -0.059526323269823669 0.018724438537298431 -0.0042195349787188868 0.011292505328269888 -0.069301352811749595 -0.11678901248523128 -0.049393734075781681 -0.020125421638649492 -0.00085708019706635062 -0.026337502735179874 -0.00055299815896275547 0.0047284667698320286 -0.02753190733533932 -0.0027480055867808249 0.050387870724015571 -0.1027005823951056 0.002861249993474156 0.098504021407433348 0.0087259617968023073 -0.025868514899207336
leaf_weight=9.1507111787796003 157.9341179728508 8.8976068049669248 5.4819042384624472 461.30931314826012 251.4938934892416 20.11618360877037 10.961667582392691 40.878494128584862 39.218189030885696 775.53766867518425 163.34711855649948 13044.654899060726 5218.8838245272636 166.09285299479961 1563.8125672191381 9.2262303382158262 9.1067380011081678 97.418722197413445 5.955560401082038 55.820897921919823 70.606649532914162
leaf_count=39 635 36 22 1850 1007 81 44 164 157 3107 654 52205 20906 668 6268 37 37 395 24 225 287
internal_value=-5.32072e-07 -0.010838 0.000126458 -0.00540903 -0.00167053 -0.00693895 -0.0557673 -0.0636446 0.0070541 0.000344068 -0.000589356 -0.000306415 0.00196035 -0.00556221 0.0030047 -0.0222356 -0.00782435 -0.0140179 0.00769866 0.017381 -0.00921141
internal_weight=22185.9 256.957 21928.9 829.46 772.138 481.425 57.3221 51.8402 290.712 21099.5 13375.2 13202.6 7724.33 941.631 6782.7 172.573 247.806 177.132 70.6741 61.7765 168.025
internal_count=88848 1043 87805 3325 3095 1931 230 208 1164 84480 53531 52840 30949 3775 27174 691 1004 719 285 249 682
is_linear=0
shrinkage=0.1


Tree=16
num_leaves=29
num_cat=0
split_feature=4 4 4 2 1 3 1 4 0 2 0 2 0 0 4 0 0 0 2 0 3 2 1 3 1 3 4 4
split_gain=2.61428 3.18079 7.84346 7.78089 5.85849 6.31612 8.73165 5.46906 5.08382 4.11787 3.12016 3.07565 4.44183 4.36741 2.51652 2.05337 4.75241 5.39843 6.38119 4.70313 5.27405 4.42152 8.87994 4.41915 4.13786 3.68258 3.5785 3.42088
threshold=-0.0050440568913254205 0.00057092769669442333 0.00058812715168365959 0.56659695443393143 0.0037110313760568034 0.0045207651185906758 0.0028501133027118209 0.00038834735688753069 -0.00068548437998633405 0.70482778278925096 -0.0036152906144386039 0.84824455045986424 -9.8877084703241619e-06 0.00042890449364774158 0.00064436764323982942 -0.00031715682519733995 -0.00073217180623358347 -0.00078897279716283453 0.86670998803235733 5.3597538747118818e-05 -0.0003587911999256565 1.3279082704317551 0.0035735754701764467 -0.0083546574870773643 0.0028501133027118209 -0.0037796886774347223 -0.0053173504186962419 -0.01231919007560439
decision_type=2 2 2 2 2 2 2 2 2 2 2 2 2 2 2 2 2 2 2 2 2 2 2 2 2 2 2 2
left_child=15 4 11 14 5 8 -7 10 -2 -5 -6 12 -3 -13 -4 16 17 25 -19 20 24 26 -23 -18 -17 -1 -21 -25
right_child=1 2 3 9 7 6 -8 -9 -10 -11 -12 13 -14 -15 -16 19 23 18 -20 21 -22 22 -24 27 -26 -27 -28 -29
leaf_value=0.00015958217288639305 0.0063617933460292089 0.026689413459785084 -0.04168160577829795 0.0061249893086906485 0.010008329819590541 -0.08176543412392541 0.038034751423862201 0.085145711266581256 0.00076353808462955946 -0.00080048547607775771 -0.024096899627843879 -0.065578309210614347 -0.042945456152524361 0.0011300648800035963 -0.0088497318467317173 0.0034732476562364108 -0.10509789500401434 0.13243400542820954 -0.0020664374679934504 -0.011873303510085968 0.090807222173674762 -0.0023391907665098188 0.13145966432428577 0.051664044648404218 0.070504170000446453 -0.017523270463458345 0.029703118877156095 -0.026412647762968828
leaf_weight=331.90509179234505 1920.1926665306091 17.731444731354713 23.983676448464394 987.58347952365875 32.137062594294548 19.990096494555477 8.7455598264932615 5.2322184443473807 10450.064038261771 6571.9888407588005 162.27454666793346 36.157362312078476 18.950129106640816 13.47084419429302 877.83400289714336 68.166219919919968 6.8159464150667182 6.2081638872623435 8.1687919050455076 261.51932722330093 9.6624745130538923 17.382371246814731 6.9409543275833121 5.9459500312805167 10.647800475358961 182.54978242516518 22.481335714459419 99.826222792267799
leaf_count=1343 7699 71 96 3952 129 80 35 21 41818 26306 651 145 76 54 3515 277 28 25 33 1059 39 70 28 24 43 737 90 404
internal_value=-6.238e-07 0.000239911 -0.00124906 -0.000943121 0.00125012 0.00152376 -0.0453048 -0.0157439 0.00163254 0.000104259 -0.0184592 -0.0312421 -0.00928477 -0.0474713 -0.00972289 -0.00489981 -0.00839767 -0.004426 0.0560127 0.000754428 0.0210779 -0.00507757 0.0358419 -0.0270528 0.0125291 -0.00611502 -0.00858214 -0.0220236
internal_weight=22184.6 21146.3 8547.7 8461.39 12598.6 12399 28.7357 199.644 12370.3 7559.57 194.412 86.3098 36.6816 49.6282 901.818 1038.22 641.42 528.832 14.377 396.8 88.4765 308.324 24.3233 112.588 78.814 514.455 284.001 105.772
internal_count=88848 84648 34215 33869 50433 49632 115 801 49517 30258 780 346 147 199 3611 4200 2594 2138 58 1606 359 1247 98 456 320 2080 1149 428
is_linear=0
shrinkage=0.1


Tree=17
num_leaves=25
num_cat=0
split_feature=2 4 4 0 3 4 2 0 3 4 1 1 0 1 3 1 2 3 3 3 1 2 2 0
split_gain=2.47861 4.06387 4.5036 5.69873 8.07127 5.74218 4.06289 9.31803 5.28445 3.65908 8.17726 7.50139 6.74483 8.22281 6.4343 6.53051 6.08509 8.32123 7.50083 4.682 4.42284 3.82781 3.51868 1.70387
threshold=1.3698498447754337 -0.016319365878179722 -0.0012496139194156373 -0.00054788230032920538 -0.0025263559832358058 -0.00098670709560166859 1.4639439270749657 -0.00083240766470260563 -0.00070482861829346255 -0.002365708691547785 0.00021003535348373457 0.0011735700732171241 0.00057475824394515051 0.00052898698363669538 -0.0010367786196341375 0.00042935116101498614 1.0570015874214953 -0.0021705760677414583 0.0017088488481704636 -0.0014550185519664469 0.00084723839944960994 0.2706817224825519 1.6335843181651211 -6.0506568328011483e-05
decision_type=2 2 2 2 2 2 2 2 2 2 2 2 2 2 2 2 2 2 2 2 2 2 2 2
left_child=9 22 6 5 -5 -4 7 -3 -8 10 21 12 19 -14 20 -16 18 -18 -13 -11 -12 -1 -2 -23
right_child=1 2 3 4 -6 -7 8 -9 -10 11 14 16 13 -15 15 -17 17 -19 -20 -21 -22 23 -24 -25
leaf_value=-0.014131616650854812 -0.10187792249003221 -0.036411658515687693 0.017032585316527349 -0.094528516891654465 -0.0020817315466957233 -0.020923406319189996 0.011615665118580691 0.0081266680561034692 -0.010189785745969408 -0.0080853879282076629 0.011153595723115172 0.0054451498591493964 -0.036083647862865435 -0.0052520421496331134 -0.058591743868285577 -0.0094005949821600876 -0.014791773646126933 0.012168114559257686 -0.0048768398641517823 0.00091231658835857479 -0.0024657042556733271 0.042164033649817551 0.0009303484788262368 0.099731819802755972
leaf_weight=6.7367488741874721 7.6523905992507917 75.869531363248825 45.649906158447266 9.4865355342626554 2108.9593251645565 314.15013898909092 566.52334840595722 123.33624908328056 138.26445639133453 613.82106360793114 283.92067024111748 2090.3553536683321 95.69062277674675 900.87727043032646 27.983140856027603 759.01204051077366 125.42024844884872 1313.169868811965 1061.5318493843079 9999.0650588721037 1488.7628738433123 9.698597997426992 5.8925567865371704 10.941671580076212
leaf_count=27 31 305 183 38 8447 1259 2276 494 554 2457 1140 8371 383 3604 112 3046 503 5258 4250 40011 5992 39 24 44
internal_value=-6.83631e-07 -0.00248699 -0.00226807 -0.00447195 -0.00249571 -0.0161077 0.00377374 -0.0088362 0.0073379 0.000448721 -0.00304357 0.00100642 -0.000346699 -0.0082125 -0.00362501 -0.0111497 0.00442851 0.00981768 0.00196878 0.000391913 -0.000284378 0.0513191 -0.0571525 0.0726815
internal_weight=22182.8 3395.78 3382.24 2478.25 2118.45 359.8 903.994 199.206 704.788 18787 2587.06 16199.9 11609.5 996.568 2559.68 786.995 4590.48 1438.59 3151.89 10612.9 1772.68 27.377 13.5449 20.6403
internal_count=88848 13611 13556 9927 8485 1442 3629 799 2830 75237 10400 64837 46455 3987 10290 3158 18382 5761 12621 42468 7132 110 55 83
is_linear=0
shrinkage=0.1


Tree=18
num_leaves=28
num_cat=0
split_feature=0 1 1 0 4 3 3 2 1 3 3 4 2 2 4 4 3 0 4 1 1 4 0 2 1 2 4
split_gain=2.22847 12.6283 3.99819 5.72824 3.05773 6.46444 6.20363 4.07385 3.0378 3.45241 3.20492 2.81302 8.45355 7.57193 2.73646 3.2903 3.25036 2.45729 5.28239 2.32245 6.79915 10.5441 10.0987 5.1287 8.77625 4.16643 1.68309
threshold=0.0017838062171121607 0.0019778054960340992 0.0066926180643305348 -0.0024720928198455057 0.0049319359295472162 0.0074270470293166255 0.0052169110818741657 1.1640069512778342 0.0012157485741215621 0.0015579013022657409 0.0036521821673244363 0.013640244990275054 1.7512586452550114 0.95874939873662501 -0.004814787544376308 -0.0018727492014428135 -0.011092317359267355 -0.0010905800163472088 0.0024425876524551975 0.0010907951230004003 0.00085945186666748215 0.0072263514544538285 -0.00083240766470260563 0.54788412818459131 0.0022808877128606118 1.3698498447754337 -0.00011530016880334502
decision_type=2 2 2 2 2 2 2 2 2 2 2 2 2 2 2 2 2 2 2 2 2 2 2 2 2 2 2
left_child=2 8 19 14 5 6 -3 -7 -2 26 -11 12 -6 -13 16 -16 -4 -5 -19 20 22 -22 -1 24 -21 -25 -10
right_child=1 4 3 17 11 7 -8 -9 9 10 -12 13 -14 -15 15 -17 -18 18 -20 23 21 -23 -24 25 -26 -27 -28
leaf_value=0.030693832611778771 0.01784643519557438 -0.0071948671859199441 0.0017551203391921325 -0.12035438598119444 0.021636047731022078 -0.099905413737102364 0.039993603259679031 -0.0081887853466788615 -0.064591863899893548 -0.014881727187349404 -0.092347354810196625 -0.053158067420054689 -0.027983817990181695 0.013459230823546648 0.089358023529109043 0.0011052779863535078 -0.055091918860456002 -0.08455791949094052 0.040128604359019958 -0.0007360980909745092 -0.0046535056707976254 -0.1131049201326127 0.0003033907183670257 0.0035708665282527664 -0.031793344747110062 -0.0022134169630563072 -0.12190223976518443
leaf_weight=110.48388586938381 5.4806628972291938 455.86440221965313 21.857674315571785 5.9342168569564846 175.80958835780621 11.8101764023304 29.672987446188927 8.2092650681734067 10.905339613556864 18.847604334354404 7.4524629563093177 26.721556141972542 42.66678886115551 47.200017482042313 4.9710547477006903 28.130881503224373 18.631778404116631 10.649348914623259 4.9897685796022406 382.35626538097858 2667.8148452043533 8.9950218945741636 10588.98184786737 5769.9190887510777 119.40126447379589 1587.9970718771219 9.6667347103357297
leaf_count=444 22 1830 89 24 704 48 119 33 44 76 30 107 171 189 20 113 76 43 20 1533 10682 36 42378 23127 482 6369 39
internal_value=-6.2113e-07 -0.0050209 0.000199499 -0.0202519 -0.00189939 -0.00660713 -0.00431101 -0.0622957 -0.0525986 -0.0608356 -0.0368326 0.00624031 0.0119457 -0.0106219 -0.00696823 0.0143586 -0.0244038 -0.0655654 -0.0447758 0.000291148 -0.000510478 -0.00501794 0.000617206 0.00165542 -0.00812667 0.00232249 -0.0915218
internal_weight=22181.4 850.308 21331.1 95.1647 797.955 505.557 485.537 20.0194 52.3528 46.8721 26.3001 292.398 218.476 73.9216 73.5914 33.1019 40.4895 21.5733 15.6391 21235.9 13376.3 2676.81 10699.5 7859.67 501.758 7357.92 20.5721
internal_count=88848 3412 85436 385 3201 2030 1949 81 211 189 106 1171 875 296 298 133 165 87 63 85051 53540 10718 42822 31511 2015 29496 83
is_linear=0
shrinkage=0.1


Tree=19
num_leaves=25
num_cat=0
split_feature=3 1 0 1 1 4 2 2 4 4 4 2 4 3 3 2 3 2 3 3 0 3 0 1
split_gain=1.98463 5.59902 2.21977 4.49153 5.36765 3.76463 2.24941 4.00357 3.48688 2.09492 6.3842 5.90171 5.34192 7.2553 12.5096 8.62547 5.37024 6.12174 4.65859 3.94056 2.61589 3.95399 3.78127 2.60246
threshold=-0.0070854922834909231 0.0013627271413834243 -0.0024720928198455057 0.0032383230344673005 0.0034605918155953667 -0.0039398167128151798 1.3787440156920019 1.5304403272044369 -0.0016320940996918385 0.00057092769669442333 0.00058812715168365959 0.56659695443393143 -0.00066890131469710113 -0.00068830220642229756 -0.00049855781458812965 0.34875881401126035 -0.0023681513053064314 1.5965389876970539 -0.0017553145436841608 0.0038206074934340477 -7.5551526572015235e-05 0.00036964372301162568 0.00017442975854387036 0.00055055684947207537
decision_type=2 2 2 2 2 2 2 2 2 2 2 2 2 2 2 2 2 2 2 2 2 2 2 2
left_child=1 -1 6 5 -5 -4 8 -8 -3 12 20 23 13 15 -15 -2 17 -14 -18 -13 21 -11 -22 -12
right_child=9 2 3 4 -6 -7 7 -9 -10 10 11 19 16 14 -16 -17 18 -19 -20 -21 22 -23 -24 -25
leaf_value=-0.11108918426571535 0.029873171287325251 0.02544126246026332 0.013682602832674102 -0.11376151756755509 -0.022271403699114428 -0.057764953013041791 -0.067620393968693224 0.005068632864818198 -0.046761807151677451 -0.034013025582375372 -0.01527695581538516 -0.00069701173700577421 -0.012414964949708554 -0.019639209028761317 -0.0019146237472632624 0.00098630722842031593 0.022099679967496927 -0.1105804702017798 0.0031057272630176276 0.0069077792409929038 -0.070937454821575888 0.040149442927549427 -0.018499865429415407 -0.0042369275321942389
leaf_weight=5.2370351254940024 105.91521443426609 54.660749942064285 58.974845975637436 7.0129411667585364 74.913592398166656 8.428760036826132 10.266798332333563 28.924140527844429 7.6209679692983618 17.970642134547237 347.62801431119442 6784.6999872773886 111.07704459130764 471.84044502675533 2551.0703836977482 4296.4291816800833 132.11181069910526 6.7380374670028678 5719.057346791029 757.43768589198589 24.036608472466469 11.982424750924109 32.13795667886734 553.49394474923611
leaf_count=24 425 222 238 29 305 34 42 118 31 72 1392 27158 445 1889 10219 17234 529 27 22889 3034 97 48 129 2218
internal_value=-7.07368e-07 -0.00875387 -0.006617 -0.0143721 -0.030103 0.00474815 0.00479567 -0.0139736 0.0166063 0.000101518 -0.00112346 -0.000847139 0.000881577 -0.000908964 -0.00468122 0.00168129 0.00310896 -0.0180292 0.00353459 6.67181e-05 -0.0282115 -0.00434507 -0.0409375 -0.00849587
internal_weight=22179.7 256.04 250.803 149.33 81.9265 67.4036 101.473 39.1909 62.2817 21923.6 8529.39 8443.26 13394.2 7425.26 3022.91 4402.34 5968.98 117.815 5851.17 7542.14 86.1276 29.9531 56.1746 901.122
internal_count=88848 1043 1019 606 334 272 413 160 253 87805 34148 33802 53657 29767 12108 17659 23890 472 23418 30192 346 120 226 3610
is_linear=0
shrinkage=0.1


Tree=20
num_leaves=27
num_cat=0
split_feature=0 1 1 1 3 3 2 4 0 0 0 3 0 3 3 3 1 1 2 3 4 4 2 1 1 2
split_gain=2.00376 12.1401 5.12051 10.7374 6.29418 7.04388 5.84358 5.00189 4.37449 4.53429 4.73796 4.42347 4.22841 8.6374 5.90789 3.42503 3.13904 6.1339 5.20622 4.44104 8.12361 4.62347 3.71649 2.89669 3.06896 2.8457
threshold=0.0006504651686178865 0.00052511748700701693 0.00086609015523160537 0.0010101862553028218 0.00034039172069100237 0.00069338258217011017 0.74372391142723837 -0.0028203862558675015 0.0012705467811210405 0.00090410223401904421 0.00068098951561423881 0.00077776415556674039 0.00063456264767713943 0.0014604322233544578 0.0019303758638233861 5.7685097487047983e-05 0.0029165180596128944 0.0030671324790169582 0.42991930444289783 0.0036521821673244363 0.0012745216512409787 0.00057092769669442333 1.4759950369896779 0.0015153295116996166 0.00098648732480161711 1.2696534225723564
decision_type=2 2 2 2 2 2 2 2 2 2 2 2 2 2 2 2 2 2 2 2 2 2 2 2 2 2
left_child=12 8 4 7 15 -6 -5 -4 9 10 -2 -11 16 23 -15 -3 19 22 -19 21 -21 -1 -18 24 -14 -16
right_child=1 2 3 6 5 -7 -8 -9 -10 11 -12 -13 13 14 25 -17 17 18 -20 20 -22 -23 -24 -25 -26 -27
leaf_value=0.0015772341232944201 0.016773029037934203 0.0194171737843685 0.055420779837898032 -0.009942790733681324 -0.041821936762273679 0.0098978576669753494 0.0012256850000090798 -0.025218238397680916 -0.13247927039877491 -0.035350889045534843 -0.065140381936770353 0.061134179837986559 0.012585094448040172 0.16545117825128586 0.072117809654045503 0.059161441038678611 -0.038103041878863403 -0.049080444038223342 -0.0011329177246852101 -0.028492169550745846 0.019536059565864728 -0.001903887483839471 0.01167460763327657 0.069438703449206482 -0.037090131829740879 -0.01717675678811844
leaf_weight=11413.930503875017 8.4914247542619687 72.193098977208138 7.9516723006963721 572.0180542320013 32.491970613598824 138.91792804002762 2588.2124144434929 235.6242468804121 4.9846457242965689 11.228991046547891 41.924628347158432 8.2373131066560727 37.986474931240082 5.497821211814883 12.491984307765962 30.990747570991516 80.893460631370544 23.324065744876862 778.8929780125618 40.934534341096878 252.14947380125523 5730.9900178909302 18.413194552063942 5.9932312965393058 18.490862742066383 4.9964084923267356
leaf_count=45717 34 289 32 2294 130 556 10372 943 20 45 168 33 152 22 50 124 325 95 3140 164 1010 22941 74 24 74 20
internal_value=-8.04171e-07 -0.00210681 -0.00129543 -0.00235515 0.0118406 9.40012e-05 -0.000795867 -0.0225857 -0.0419717 -0.0355159 -0.051344 0.00547749 0.000428199 0.0226207 0.0750316 0.0313542 0.000324789 -0.00542914 -0.00252697 0.00062226 0.012828 0.000413608 -0.0288734 0.00333592 -0.00367874 0.0466065
internal_weight=22178.3 3753.27 3678.4 3403.81 274.594 171.41 3160.23 243.576 74.867 69.8824 50.4161 19.4663 18425 85.4568 22.9862 103.184 18339.5 901.524 802.217 17438 293.084 17144.9 99.3067 62.4706 56.4773 17.4884
internal_count=88848 15040 14740 13641 1099 686 12666 975 300 280 202 78 73808 342 92 413 73466 3634 3235 69832 1174 68658 399 250 226 70
is_linear=0
shrinkage=0.1


Tree=21
num_leaves=31
num_cat=0
split_feature=2 4 0 1 0 3 3 0 3 4 2 1 0 4 4 2 2 3 0 1 2 0 0 0 4 4 1 3 0 2
split_gain=1.86955 3.09359 4.65958 10.7882 7.88494 3.49456 5.83707 5.11482 3.08535 4.33505 5.64375 3.43881 8.08106 3.38955 3.00261 10.2298 6.33535 6.84246 6.21318 4.76988 5.77471 4.87417 4.48508 5.84316 4.90347 3.97199 5.3612 4.19691 3.83127 2.892
threshold=1.305021810732381 -0.0016320940996918385 -0.00039378527302075245 0.00055055684947207537 -0.00045176045437944618 -0.0015950600453697448 0.00018742422338158263 0.00160806738706909 0.0045207651185906758 0.0059396194887574314 1.3279082704317551 0.0029165180596128944 0.00047403974041371205 0.0030702127862325406 -0.0014911347065912348 0.34875881401126035 1.1035777553025208 -0.0011322000986333511 0.0018790592310340417 1.0000000180025095e-35 0.23225938216737593 0.00045700706078555259 -0.00087666142925751911 -0.00013926599829922057 -0.0040845858333763965 -0.0013671648208388729 0.00017351102564982414 -0.0021705760677414583 -0.00028863661686079339 1.3698498447754337
decision_type=2 2 2 2 2 2 2 2 2 2 2 2 2 2 2 2 2 2 2 2 2 2 2 2 2 2 2 2 2 2
left_child=14 2 3 -2 -5 7 -7 -4 9 13 -11 12 -10 -3 15 22 17 -17 -18 20 28 -22 24 -24 -1 26 -21 -27 -16 -13
right_child=1 8 5 4 -6 6 -8 -9 11 10 -12 29 -14 -15 19 16 18 -19 -20 25 21 -23 23 -25 -26 27 -28 -29 -30 -31
leaf_value=0.032019126803638595 0.11559550347764025 -0.0046213696974581539 0.034184142943573283 -0.0013906377597892889 -0.073157781668221067 -0.0046906665575994341 0.038765020862381365 -0.037055836715518757 -0.048795724033805513 0.073892688923869437 -0.036483054398834737 0.040474814810270029 0.048764698304260508 0.007172418484904174 -0.1165050567884701 -0.00056639890092421172 0.0079232085158895231 -0.0099743612461649662 -0.042375879172598004 0.10870550189744239 0.0012205891101862841 -0.052269929278449728 0.065975243073306905 0.015864473622433563 -0.071118528916775225 -0.0087417890373258211 0.011093139199156637 0.0013931724812758844 -0.03451086957110347 -0.0063301388197791828
leaf_weight=9.5289568603038806 7.7343034595251074 2679.0292991101742 103.23231966793537 586.19325022399426 15.719542369246481 140.38059663772583 39.637996301054955 11.168546736240385 10.481679528951643 4.9857954978942862 65.385717660188675 15.213336110115049 44.687785848975182 268.07283653318882 6.9844416528940192 1718.9088346660137 635.37516623735428 1404.944733902812 25.545383349061012 5.7439849823713294 128.38494293391705 19.641354277729988 38.780633315443993 58.177394643425941 8.9291814863681775 421.54174952208996 275.51514935493469 13296.531736060977 30.956989005208015 99.81453400850296
leaf_count=39 31 10732 414 2359 63 562 159 45 42 20 262 61 179 1074 28 6912 2549 5632 103 23 514 79 156 234 36 1690 1103 53223 124 400
internal_value=-7.73166e-07 -0.00193108 0.00323206 -0.00175698 -0.00326491 0.0135628 0.00487777 0.0272292 -0.00339542 -0.00413429 -0.028663 0.00970428 0.0302291 -0.00354859 0.000435947 -0.00202137 -0.00291571 -0.0047976 0.00597909 0.00111158 -0.0147984 -0.00587698 0.0273063 0.0359074 -0.017874 0.00132292 0.0130866 0.00108174 -0.0496048 -0.000139817
internal_weight=22177.2 4091.74 904.067 609.647 601.913 294.419 180.019 114.401 3187.67 3017.47 70.3715 170.197 55.1695 2947.1 18085.5 3900.19 3784.77 3123.85 660.921 14185.3 185.968 148.026 115.416 96.958 18.4581 13999.3 281.259 13718.1 37.9414 115.028
internal_count=88848 16403 3633 2453 2422 1180 721 459 12770 12088 282 682 221 11806 72445 15661 15196 12544 2652 56784 745 593 465 390 75 56039 1126 54913 152 461
is_linear=0
shrinkage=0.1


Tree=22
num_leaves=26
num_cat=0
split_feature=4 4 1 4 1 0 2 1 2 3 3 3 2 2 0 1 2 3 4 3 1 4 2 4 2
split_gain=1.7663 3.40405 3.40247 7.38893 3.60796 9.8474 7.46923 4.06786 4.09131 2.8377 9.01332 4.92849 6.00773 4.55668 4.33705 3.8249 2.62537 2.48093 10.808 11.5235 6.512 5.99639 7.54972 4.02036 1.06034
threshold=-0.0039398167128151798 -0.0038111174468801741 0.00048209470158733144 -0.0050440568913254205 0.00068871116319808758 -4.6578139010378099e-05 0.72620804509463011 0.00085342012510482063 0.86359435112196503 -0.00089262650020016643 -0.00014535957048378287 -0.0028041770288634855 0.81324126361975491 0.95538229513737938 0.00087903507532349778 0.0019537138889233786 1.0989042591187295 -0.0028041770288634855 -0.0028203862558675015 -0.0031422369687127967 0.0024411158017341832 -0.0024236955683697432 0.51973865777747486 -0.0022569585515352926 0.46600417381635206
decision_type=2 2 2 2 2 2 2 2 2 2 2 2 2 2 2 2 2 2 2 2 2 2 2 2 2
left_child=2 9 3 -1 5 6 -4 8 -6 11 13 15 -13 -11 -12 -2 -9 18 19 -3 -20 22 -19 -23 -5
right_child=1 17 4 24 7 -7 -8 16 -10 10 14 12 -14 -15 -16 -17 -18 21 20 -21 -22 23 -24 -25 -26
leaf_value=-0.053500927043802909 -0.040597955730848116 0.01110816307782719 0.071694391423270873 0.11764410148632672 0.0046718742468986382 -0.12022351465933426 -0.071558077770071379 -0.0072442241107819154 0.065137850375766942 -0.017610490499855715 -0.0014322173987259745 0.11217382731716992 0.026827071235166491 -0.14467589332674732 0.12250564294911044 0.036635144710953686 0.0015726781549073533 0.020238986443563048 0.00782166231636185 0.06700849338400458 -0.015951291164361545 0.013359645421528669 -0.0094744231122032979 0.00022471586102509289 0.056786740103873724
leaf_weight=5.5450676828622845 13.222689479589464 129.83447681367397 8.3774239569902438 5.7101020067930204 33.575348541140556 9.6837728470563871 6.4360215514898291 941.07949793338776 16.784264415502548 6.4950626343488711 6.4952417463064176 11.985590368509291 26.446987017989159 4.9908804893493652 4.9947001188993454 12.449770167469977 526.75677421689034 93.07015959918499 288.69268029928207 51.506509631872177 191.76381988823414 236.00354923307896 1052.9441373944283 18485.720596551895 5.7418808788061142
leaf_count=23 53 521 34 23 136 39 26 3803 68 26 26 48 106 20 20 50 2124 373 1157 207 771 945 4217 74009 23
internal_value=-6.80653e-07 0.000244789 -0.0032454 0.0412516 -0.00373566 -0.0418069 0.00945526 -0.00312135 0.0248245 0.0199743 -0.0101787 0.0307815 0.0534433 -0.072823 0.0524438 -0.00314403 -0.00408014 0.000161101 0.00618433 0.0269856 -0.0016668 -3.95331e-05 -0.00706134 0.000390293 0.087131
internal_weight=22176.3 20616.6 1559.69 16.9971 1542.69 24.4972 14.8134 1518.2 50.3596 87.0809 22.9759 64.105 38.4326 11.4859 11.4899 25.6725 1467.84 20529.5 661.797 181.341 480.457 19867.7 1146.01 18721.7 11.452
internal_count=88848 82549 6299 69 6230 99 60 6131 204 349 92 257 154 46 46 103 5927 82200 2656 728 1928 79544 4590 74954 46
is_linear=0
shrinkage=0.1


Tree=23
num_leaves=27
num_cat=0
split_feature=0 1 2 1 0 2 2 4 2 3 4 0 1 0 2 0 2 2 1 0 1 4 3 3 2 1
split_gain=1.68535 10.2606 3.4328 3.10304 4.96142 2.90684 4.81957 3.18576 2.64482 4.018 7.17756 3.19767 2.94809 4.66028 2.61161 2.45264 6.22846 12.31 5.04175 3.46717 3.29413 2.38901 2.33535 4.56666 2.33323 2.17952
threshold=0.0017838062171121607 0.0020017474394378059 1.6761271446979205 0.0066926180643305348 -0.0036152906144386039 0.93195563643310764 0.56659695443393143 0.0017045701570537199 0.54162935639706189 0.0009421865415089049 0.0095804122675133847 0.0023136034531496823 0.0031563362367973548 0.0021469959577472557 0.68945756845579587 -0.0036152906144386039 0.88276288973744521 1.1784766190623934 0.0046503511491010393 -0.0027143377466134484 0.0053715528138262919 -0.016319365878179722 0.0027725737840987867 -0.0047715938886137557 0.89916308220283592 0.0032383230344673005
decision_type=2 2 2 2 2 2 2 2 2 2 2 2 2 2 2 2 2 2 2 2 2 2 2 2 2 2
left_child=3 2 5 15 14 6 -2 -7 9 11 -11 -3 13 -10 -5 16 18 -18 -1 25 -21 -16 23 -6 -14 -17
right_child=1 8 -4 4 22 7 -8 -9 12 10 -12 -13 24 -15 21 19 17 -19 -20 20 -22 -23 -24 -25 -26 -27
leaf_value=-0.084832147310057837 0.0054729611389680976 0.045257956198542164 -0.10473728582678717 0.06792692922800779 -0.011787368451620733 -0.03909624755014314 -0.092636024191099162 0.034112180169354564 0.0014852533092992645 0.081483909066988019 -0.044895024476263035 -0.041549325781629634 -0.01017473434872445 -0.023767540854727136 -0.040712366597442054 0.0065735008560092612 0.083575903157612083 0.00082137887362944558 0.0048503787871748685 0.00023508859992193596 0.028574400156328408 0.0047357197878673566 -0.0043238841217574748 -0.10223314994624662 0.0063372332266251599 -0.020688406701902987
leaf_weight=9.3933581560850161 7.3829730898141888 6.4548300653696087 8.3296142369508726 4.9601960480213156 9.2435360997915286 16.06204861402512 15.559971317648886 9.4362963140010816 152.18332751095295 17.983613625168804 5.9910474419593802 12.386418506503103 114.06467337906361 140.59219306707382 15.902402237057684 38.269510596990585 27.624733582139015 51.460359409451485 18.843467086553574 20919.078988030553 41.097389623522758 42.416174292564392 8.1827184557914716 14.094370901584627 342.65841479599476 125.4817174077034
leaf_count=38 30 26 34 20 38 65 63 38 610 72 24 50 460 564 65 154 111 208 76 83792 166 172 33 57 1376 506
internal_value=-5.30573e-07 -0.00436962 -0.045437 0.000173422 -0.0178785 -0.0352402 -0.0610648 -0.0120036 -0.00142706 0.022746 0.049903 -0.01181 -0.00280797 -0.0106413 -0.00173237 0.000254026 0.015333 0.0297279 -0.0249837 0.000177416 0.000290655 -0.00765714 -0.0502925 -0.0664099 0.00221344 -0.0143172
internal_weight=22175.1 849.085 56.7709 21326 94.7994 48.4413 22.9429 25.4983 792.315 42.8159 23.9747 18.8412 749.499 292.776 63.2788 21231.2 107.322 79.0851 28.2368 21123.9 20960.2 58.3186 31.5206 23.3379 456.723 163.751
internal_count=88848 3412 230 85436 385 196 93 103 3182 172 96 76 3010 1174 257 85051 433 319 114 84618 83958 237 128 95 1836 660
is_linear=0
shrinkage=0.1


Tree=24
num_leaves=26
num_cat=0
split_feature=2 1 1 3 1 2 0 4 2 3 4 3 3 1 1 1 1 4 4 1 4 1 0 4 0
split_gain=1.55136 9.68529 7.80046 10.5782 4.42979 3.9062 3.45233 2.95771 2.85321 10.1914 5.393 9.47591 4.41017 5.97697 3.97292 3.06212 5.18995 7.56 6.31061 3.41471 8.14273 3.98495 2.76127 2.4558 2.87709
threshold=0.30073310923073965 1.0000000180025095e-35 0.0023594909267332111 -0.0025263559832358058 0.00094888002588498245 0.18234334515318454 -0.001059338818435118 -0.0042416739088252933 0.40162842590645298 0.0010537241738654004 -0.0081670913535846195 -0.0019475263033816856 0.0014918502890041154 0.00022021660878437192 0.00039461119079923579 0.00022917008086568083 0.00021003535348373457 -0.0024867198882742576 -0.00073323650316253753 0.00055055684947207537 0.0015393484430434869 0.00058254500969899786 0.00054023878571829453 -0.0016694880766152107 -5.7899341783074203e-05
decision_type=2 2 2 2 2 2 2 2 2 2 2 2 2 2 2 2 2 2 2 2 2 2 2 2 2
left_child=1 22 3 7 -5 -4 -7 -3 9 10 -2 -12 14 -14 -11 16 17 -10 -18 20 -17 -21 23 -1 -25
right_child=8 2 5 4 -6 6 -8 -9 15 12 11 -13 13 -15 -16 19 18 -19 -20 21 -22 -23 -24 24 -26
leaf_value=0.032259152826119096 -0.087107085550140378 -0.00027879190385061238 -0.086593049767131919 0.018854341608732828 0.052125337602984684 0.050086660737268501 -0.034182988507083074 -0.093169192061709163 0.077569927820491602 -0.10970561741040244 0.048141319357927294 -0.0041085888344058177 0.074017647021265787 -0.03051017253011757 -0.038048240180084285 -0.0012112088356336015 -0.024806838266131961 -2.5967633423108392e-05 0.030198075656631285 0.0093025051751935341 -0.015634807785883578 0.00025079468677096745 -0.090612452190911574 -0.056658885683040165 -0.0098079700006335965
leaf_weight=7.6990665197372428 6.9040018171071997 5.2965973168611518 9.1274731457233411 180.71315707266331 51.399779170751572 6.8757200390100506 16.595108702778816 9.7150787562131864 12.859426349401472 12.737532451748846 39.47923232614994 287.30079524219036 5.981639936566352 64.0017971098423 19.70980229973793 4309.5767606198788 24.488632455468178 531.76653023064137 140.67856143414974 502.18616463243961 430.50045354664326 15437.323701396585 6.1968592256307593 21.451748624444008 33.696711450815201
leaf_count=31 29 22 37 724 206 28 67 39 52 51 159 1151 24 257 79 17247 98 2129 563 2010 1723 61876 25 86 135
internal_value=-6.28665e-07 0.00661615 0.0148954 0.0209604 0.026222 -0.0310833 -0.00949641 -0.0603945 -0.000106363 -0.00811361 0.000356007 0.00220387 -0.0357047 -0.0215759 -0.0661781 5.68989e-05 0.00651518 0.00180619 0.0220427 -0.000164771 -0.00252118 0.000535976 -0.0269258 -0.0206462 -0.0280321
internal_weight=22174.3 348.767 279.723 247.125 232.113 32.5983 23.4708 15.0117 21825.5 436.115 333.684 326.78 102.431 69.9834 32.4473 21389.4 709.793 544.626 165.167 20679.6 4740.08 15939.5 69.0444 62.8475 55.1485
internal_count=88848 1400 1123 991 930 132 95 61 87448 1750 1339 1310 411 281 130 85698 2842 2181 661 82856 18970 63886 277 252 221
is_linear=0
shrinkage=0.1


Tree=25
num_leaves=25
num_cat=0
split_feature=4 4 2 0 0 2 0 1 0 1 2 0 0 0 4 0 0 2 4 2 1 0 3 2
split_gain=1.55804 5.14881 10.2539 5.77003 5.30881 4.45284 3.72641 3.67742 4.37241 4.3333 6.93565 3.24799 13.2735 5.65012 7.27397 4.70476 3.19296 3.11708 2.88718 5.70632 4.32481 2.27178 2.41028 1.45762
threshold=-0.002365708691547785 -0.0022569585515352926 1.5797395262487191 0.00092871490126489331 0.00054023878571829453 0.86359435112196503 -0.00054788230032920538 0.00022917008086568083 -0.00058848538331923706 0.00032121642518779294 0.68945756845579587 -0.00083240766470260563 -0.00085134284909171843 -0.00078897279716283453 -0.0010375972569043321 -0.00087666142925751911 -0.00073217180623358347 0.80700489245771911 -0.0026852658908148581 2.2714700213947157 0.00039133917944540541 0.00016965126448376114 -0.00087160714466683043 0.84824455045986424
decision_type=2 2 2 2 2 2 2 2 2 2 2 2 2 2 2 2 2 2 2 2 2 2 2 2
left_child=7 2 3 4 -2 -5 -4 8 -1 10 -9 12 15 14 -13 -3 -15 -14 20 -20 -11 22 -10 -12
right_child=1 11 6 5 -6 -7 -8 9 21 18 23 13 17 16 -16 -17 -18 -19 19 -21 -22 -23 -24 -25
leaf_value=-0.03920605482617244 0.010248186160903104 0.0036442638250421483 0.1478494850481672 0.14448582175739769 -0.05790454961817483 0.027947512461040564 0.044226630792774557 0.015907200402324427 0.10162406392626633 0.048035210997683452 -0.056523270345235813 0.021729209394502059 0.083744888770483972 0.012743294320279125 -0.03445712861681121 -0.024306308199101012 -0.0002227455341996216 0.034988537291122827 -0.01130175261959083 0.083320677697589746 -0.0012141857625102882 0.005633531643935763 0.022160254461997465 -0.12730614896509113
leaf_weight=6.6356059610843685 133.82244734466076 1586.4183014631271 7.4654870182275772 5.2460559457540503 12.496922105550764 8.7426966279745084 6.4850194752216321 9.6949815750122088 10.591178908944135 17.95186185836792 4.9806299507617933 30.165757864713669 18.202601164579391 192.08984334766865 97.562123939394951 62.598431199789047 16839.218783602118 46.89143905043602 410.42544181644917 6.4738790094852439 2639.1495975404978 7.1793558001518241 5.9678992480039588 6.9955629855394363
leaf_count=27 536 6364 30 21 50 35 26 39 43 72 20 121 73 770 391 251 67411 188 1644 26 10629 29 24 28
internal_value=-6.28684e-07 0.000338959 0.0174494 0.0102935 0.00442736 0.0716517 0.0996795 -0.00206978 0.032556 -0.00240952 -0.0469693 0.000180976 0.00433159 -0.000233652 -0.0211875 0.00258323 -7.65064e-05 0.0486225 -0.00209539 -0.0098324 -0.000881448 0.0526157 0.0729853 -0.0978691
internal_weight=22173.5 19047.4 174.259 160.308 146.319 13.9888 13.9505 3126.05 30.374 3095.67 21.6712 18873.1 1714.11 17159 127.728 1649.02 17031.3 65.094 3074 416.899 2657.1 23.7384 16.5591 11.9762
internal_count=88848 76267 698 642 586 56 56 12581 123 12458 87 75569 6876 68693 512 6615 68181 261 12371 1670 10701 96 67 48
is_linear=0
shrinkage=0.1


Tree=26
num_leaves=26
num_cat=0
split_feature=2 4 4 2 3 1 4 3 3 0 1 4 2 2 2 3 4 1 4 1 0 2 2 0 2
split_gain=1.5907 2.6752 3.74281 6.31343 3.55161 6.33507 4.19636 2.66771 6.67104 7.47284 7.84079 5.96114 9.66212 6.18982 4.76548 3.30185 7.35719 5.66962 5.09265 3.8383 3.05121 2.41268 1.99392 1.31625 0.26838
threshold=1.305021810732381 -0.016319365878179722 -0.010377681253029512 1.4294140435807232 -0.0044629528621924477 0.0029165180596128944 -0.0016320940996918385 -0.0014889921441580964 -0.0011322000986333511 -0.00017016942437819702 0.00022021660878437192 -0.0014911347065912348 0.18234334515318454 0.5607502916132695 1.184271759905857 -0.0028041770288634855 -0.0045955128112299395 0.00044161267005013292 -0.0028203862558675015 0.0026767689791863912 -0.00073217180623358347 1.8133546189059204 1.6335843181651211 -0.000105189803321859 1.4520239029864619
decision_type=2 2 2 2 2 2 2 2 2 2 2 2 2 2 2 2 2 2 2 2 2 2 2 2 2
left_child=7 22 3 -3 5 -4 -6 15 9 10 -9 12 -10 -13 -11 17 19 23 -18 -17 -19 -5 24 -1 -2
right_child=1 2 4 21 6 -7 -8 8 11 14 -12 13 -14 -15 -16 16 18 20 -20 -21 -22 -23 -24 -25 -26
leaf_value=0.033056994027998714 -0.054176653917393063 0.10273581908941992 0.01005599885673971 0.034114446385504059 0.005454580062777329 -0.035369141597110583 -0.0029273927483076667 0.10134283460745717 0.089532105868721179 0.002886850108174824 0.016537466040802022 -0.0047382231006021947 -0.005774666173311422 0.0019693038296195917 -0.039466178402816098 -0.017097068269167553 0.00792295105750946 0.0061134045561831241 -0.0063897995535331722 -0.053282492817854625 -0.0041450570677880492 -0.03077681815456634 0.0032881845433685472 0.097336752172555246 -0.087083656923345187
leaf_weight=5.9137386381626129 5.0904370695352537 9.1273392736911756 49.480507493019104 12.553559094667436 735.58294324576855 80.894595056772232 3176.8135910481215 11.191452398896216 10.704920828342436 392.90533941984177 421.77404424548149 1567.9772328436375 1679.844684690237 11224.680038496852 28.493284210562706 131.45322459936142 323.09362468123436 561.12106508016586 1078.1923709660769 37.726696282625198 599.93639639019966 10.540460065007208 5.8811437338590613 6.9053226262330991 4.8300370723009109
leaf_count=24 21 37 199 51 2952 328 12728 45 43 1573 1692 6282 6736 44928 114 532 1295 2263 4318 153 2419 43 24 28 20
internal_value=-4.65438e-07 -0.00178121 -0.00162197 0.0323252 -0.00189253 -0.0181292 -0.00135147 0.000402406 0.000916198 0.00950296 0.0187295 0.000409666 -0.00517116 0.00114717 2.31082e-05 -0.00246908 -0.00546794 0.00154294 -0.00308972 -0.0251663 0.000812698 0.00449709 -0.0428476 0.067683 -0.0701983
internal_weight=22172.7 4090.79 4074.99 32.2214 4042.77 130.375 3912.4 18081.9 15337.6 854.364 432.965 14483.2 1690.55 12792.7 421.399 2744.34 1570.47 1173.88 1401.29 169.18 1161.06 23.094 15.8016 12.8191 9.92047
internal_count=88848 16403 16338 131 16207 527 15680 72445 61413 3424 1737 57989 6779 51210 1687 11032 6298 4734 5613 685 4682 94 65 52 41
is_linear=0
shrinkage=0.1


Tree=27
num_leaves=20
num_cat=0
split_feature=4 4 0 4 1 3 0 1 2 2 1 0 2 3 1 1 2 0 2
split_gain=1.56733 5.16761 3.69708 3.39924 12.9855 4.2483 3.38644 4.81032 3.1609 5.00892 2.93934 3.99164 2.63628 2.19503 2.1173 1.93826 7.97329 1.46532 1.13731
threshold=0.018955880438936926 0.010985695010952925 -0.0036152906144386039 0.0095804122675133847 0.0049749850173217832 0.0089286905554061286 -1.0000000180025095e-35 0.0027902733559997651 0.55470541089742997 0.32744375139444543 0.001708168206336213 0.0012705467811210405 1.0902235049276479 0.0052169110818741657 0.0037110313760568034 0.0066926180643305348 0.61157718792233184 0.0017838062171121607 0.85461109297507465
decision_type=2 2 2 2 2 2 2 2 2 2 2 2 2 2 2 2 2 2 2
left_child=1 3 -2 15 5 -5 13 -8 9 -3 -10 -12 -6 -4 -9 17 -17 -1 -15
right_child=2 8 6 4 12 -7 7 14 10 -11 11 -13 -14 18 -16 16 -18 -19 -20
leaf_value=0.00021126381470463302 0.048378869127622064 0.05200921756974955 -0.012583471553566311 -0.025544952571949189 0.13715067576000736 -0.098025655526006672 0.084560101108851121 -0.078027661755051922 -0.040813220122991316 -0.07055463272969173 0.041047822331828132 0.0084226370756471519 0.036648980207607249 -0.10098995745299173 -0.0091984348423864194 0.11127055246338953 -0.018358731529282125 -0.0045136662054878329 -0.04568202297001054
leaf_weight=21032.901101276278 8.6858079433441144 5.1590299159288397 8.9597366005182266 66.368096306920052 4.9804709553718549 9.2087381035089475 5.2404933124780646 4.985841676592826 7.2323909699916831 9.4279067069292051 73.738479658961296 76.310458436608315 5.4838377237319946 7.9693826586008072 43.13704426586628 4.955285668373107 111.78280012309551 677.50384570658207 6.9693470895290375
leaf_count=84267 35 21 36 266 20 37 21 20 29 38 296 306 22 32 173 20 456 2725 28
internal_value=-4.64063e-07 5.19871e-05 -0.0134783 -8.34821e-05 -0.0199208 -0.0343764 -0.0204323 -0.00642182 0.0173243 -0.0272069 0.0214543 0.0244556 0.0844826 -0.0517165 -0.0163296 -5.28463e-06 -0.0128562 6.38157e-05 -0.0751872
internal_weight=22171 22085.1 85.9477 21913.2 86.0411 75.5768 77.2618 53.3634 171.868 14.5869 157.281 150.049 10.4643 23.8985 48.1229 21827.1 116.738 21710.4 14.9387
internal_count=88848 88503 345 87813 345 303 310 214 690 59 631 602 42 96 193 87468 476 86992 60
is_linear=0
shrinkage=0.1


Tree=28
num_leaves=27
num_cat=0
split_feature=1 3 0 1 1 4 3 4 1 3 4 1 2 0 4 0 4 1 0 4 4 1 1 3 0 0
split_gain=1.3073 7.07706 6.59052 9.34316 6.66503 6.47355 5.96271 4.27959 3.69276 7.95216 5.62228 4.81655 7.282 4.51758 3.55018 3.26279 3.18083 8.45763 8.83573 5.48787 5.08544 4.65071 3.72973 2.1774 3.01909 1.74136
threshold=0.00055055684947207537 -0.0027086949358975927 0.00068098951561423881 0.00052511748700701693 0.00049360386047127682 -5.95363775064972e-05 0.0012522003021081531 -0.00079687409821110877 0.00058254500969899786 0.0010975927703829049 -0.00064645700989857102 0.00057260937377290213 0.75379396329892356 0.00042082797907261332 -0.00096192786729815117 0.00017442975854387036 0.0017386469876122803 0.0007728935202631213 0.00057475824394515051 0.00049435539061670763 0.0018940660110935428 0.0027274822118582239 0.00062117441562298996 -0.0029121203257060908 -0.000105189803321859 2.9734031009032161e-05
decision_type=2 2 2 2 2 2 2 2 2 2 2 2 2 2 2 2 2 2 2 2 2 2 2 2 2 2
left_child=1 23 4 7 6 -6 -3 -4 9 10 14 12 -11 -12 -2 -13 19 18 -18 22 -19 -21 -10 24 -1 -26
right_child=8 2 3 -5 5 -7 -8 -9 16 11 13 15 -14 -15 -16 -17 17 20 -20 21 -22 -23 -24 -25 25 -27
leaf_value=-0.0082797166871313686 0.0067124912971811106 0.0013553671632095458 -0.10596403169976217 0.069295276714083615 -0.017220232780733966 -0.0011865244565199046 -0.013375005812879356 -0.033234772773345765 -0.0085770351018904685 -0.055236977769715638 0.017181023335318027 -0.089634040519681046 0.027367695922758468 0.054977489386957713 -0.029287384196630468 -0.021304727089094345 0.02139897155969564 0.016400830849185363 -0.021626911607925511 -0.0054567887894322806 0.00010531962418774007 0.014035345854942802 0.0010018837188058662 0.10024425522593568 0.11338725991608978 0.031505880195916568
leaf_weight=9.0856032073497808 112.33028443157673 4439.8568229228258 9.4385979324579221 8.241667762398718 462.20931556820869 553.18532145023346 292.93001982569695 56.652554452419281 426.60571433603764 16.493637666106224 260.8351823836565 13.493133410811426 30.234627231955528 35.985883608460426 36.228490978479385 14.496238693594931 373.57168760895729 203.04588037729263 54.720345228910446 2625.8702517747879 3370.9320286810398 128.39031621813774 8618.4737292975187 6.613753378391265 4.9711651653051376 5.4389491528272629
leaf_count=37 450 17772 38 33 1850 2214 1173 228 1708 66 1044 54 121 144 145 58 1495 813 219 10514 13507 515 34581 27 20 22
internal_value=-4.30774e-07 -0.00128323 -0.00151617 -0.0311017 -0.00113358 -0.00848509 0.000443649 -0.0436214 0.000459239 0.00875013 0.0138147 -0.0214392 -0.00178921 0.0217634 -0.00206667 -0.054245 0.000186351 0.00262245 0.0159018 -0.000639961 0.0010311 -0.00454816 0.0005501 0.0506632 0.0338433 0.0706069
internal_weight=22170.3 5848.62 5822.51 74.3328 5748.18 1015.39 4732.79 66.0912 16321.7 520.097 445.38 74.7176 46.7283 296.821 148.559 27.9894 15801.6 4002.27 428.292 11799.3 3573.98 2754.26 9045.08 26.1095 19.4957 10.4101
internal_count=88848 23414 23308 299 23009 4064 18945 266 65434 2082 1783 299 187 1188 595 112 63352 16034 1714 47318 14320 11029 36289 106 79 42
is_linear=0
shrinkage=0.1


Tree=29
num_leaves=21
num_cat=0
split_feature=4 4 0 4 1 0 0 1 0 3 3 3 0 1 3 1 1 2 0 1
split_gain=1.27385 4.18482 2.99856 2.76684 10.7427 4.80723 2.74424 3.89569 2.73562 2.67992 4.76652 5.97375 3.74278 2.99544 1.78233 1.72097 1.61255 6.45378 1.25481 1.07251
threshold=0.018955880438936926 0.010985695010952925 -0.0036152906144386039 0.0095804122675133847 0.0044160882793589625 0.002758220688009128 -1.0000000180025095e-35 0.0027902733559997651 0.0031326437170500214 -0.0022367925406990281 0.0021812888087052733 0.0014918502890041154 -0.0027143377466134484 0.0042207339604929828 0.0052169110818741657 0.0037110313760568034 0.0066926180643305348 0.61157718792233184 0.0017838062171121607 0.0053715528138262919
decision_type=2 2 2 2 2 2 2 2 2 2 2 2 2 2 2 2 2 2 2 2
left_child=1 3 -2 16 5 -5 14 -8 -6 13 11 -11 -12 -3 -4 -9 18 -18 -1 -16
right_child=2 9 6 4 8 -7 7 15 -10 10 12 -13 -14 -15 19 -17 17 -19 -20 -21
leaf_value=0.00019497979092334916 0.043595560258855678 0.018705266507283665 -0.011335000002311616 -0.025434354529307909 0.1073770161915672 -0.11734950894778609 0.076180016508131082 -0.07040802307420814 0.017884709993542788 0.032663136225270631 -0.063948184560236571 0.15221968921949194 0.015479075761360601 -0.082773937459515889 -0.09285801743472416 -0.0082888592204702956 0.09978095523143353 -0.016700929163150077 -0.0041777015840017756 -0.039122673600722718
leaf_weight=21032.233825668693 8.6734312027692777 5.971901521086691 8.9602226912975311 66.06933157145977 6.9395831972360593 6.2263404279947272 5.2280744016170493 4.9741298705339423 6.7266978621482849 17.668696418404583 6.2148981988430014 5.474087342619895 130.6729911416769 5.6708748638629913 7.9519358277320862 43.138334482908249 4.9684059321880332 111.58234922587872 677.40515565872192 6.9700653105974197
leaf_count=84267 35 24 36 265 28 25 21 20 27 71 25 22 525 23 32 173 20 456 2725 28
internal_value=-3.8953e-07 4.68852e-05 -0.0121547 -7.49604e-05 -0.0179804 -0.0333504 -0.0184164 -0.00580256 0.0633279 0.0155991 0.0189691 0.0609425 0.011873 -0.0307225 -0.0465892 -0.0147111 -4.4402e-06 -0.0117355 5.85392e-05 -0.0677582
internal_weight=22169.7 22083.8 85.8962 21912.2 85.962 72.2957 77.2228 53.3405 13.6663 171.673 160.031 23.1428 136.888 11.6428 23.8822 48.1125 21826.2 116.551 21709.6 14.922
internal_count=88848 88503 345 87813 345 290 310 214 55 690 643 93 550 47 96 193 87468 476 86992 60
is_linear=0
shrinkage=0.1


Tree=30
num_leaves=23
num_cat=0
split_feature=0 3 3 4 2 0 2 0 3 3 3 2 3 0 2 1 4 3 4 2 4 2
split_gain=1.22814 6.10721 8.78985 5.35382 7.22866 3.5908 3.47584 3.24054 2.54839 3.51706 4.21753 3.90913 2.51325 3.95214 2.3323 2.19592 2.12727 5.79899 4.11637 2.0894 0.721213 2.05985
threshold=-0.0036152906144386039 0.0033324228907926083 0.001006594825782581 0.018955880438936926 0.88276288973744521 -0.0047840775196948951 0.83232157525283346 -0.0027143377466134484 -0.0083546574870773643 -0.0041937478941804765 -0.0047715938886137557 1.5470397031416236 -0.0083546574870773643 0.0013161329435269489 2.0270898227349439 0.0032383230344673005 0.018955880438936926 -0.00070482861829346255 0.010985695010952925 0.65253414107596031 -0.010377681253029512 1.1448353050517099
decision_type=2 2 2 2 2 2 2 2 2 2 2 2 2 2 2 2 2 2 2 2 2 2
left_child=1 2 5 4 -3 14 -7 8 20 10 -10 -11 13 15 -1 -9 18 -18 -14 -15 21 -2
right_child=7 3 -4 -5 -6 6 -8 12 9 11 -12 -13 16 19 -16 -17 17 -19 -20 -21 -22 -23
leaf_value=-0.014473712540480769 -0.0045956080227657781 -0.16491652941195492 0.12264609404847085 0.029502388426040346 -0.0014007538082479701 -0.024011962903273582 0.034628130944340745 -0.0065881536049602401 -0.024621317912549207 -0.015726066084518164 -0.095423849931809676 0.038199105331425787 5.3491427678143998e-05 -0.032439351457677817 0.033128246820371791 -0.039615734586533349 -0.11635531659552521 -0.0089340061457884729 0.016210965503173354 0.04291529390347984 -0.00066856469610823352 0.085794718476606621
leaf_weight=60.370050325989723 5.1723067164421099 5.9194120019674319 7.1891630142927161 5.6815485507249823 4.9764945358037949 12.099576652050017 61.414053827524185 35.491081446409225 39.753609105944633 86.440511390566826 10.671672478318213 15.918680027127264 21495.563611149788 4.8780879080295589 12.408438682556151 46.51445209980011 5.4381831586360923 66.20794390141964 158.84203411638737 14.976947844028471 8.0509301126003248 4.9185243844985962
leaf_count=247 21 24 29 23 20 49 248 145 161 348 43 64 86124 20 50 191 22 266 639 61 33 20
internal_value=-3.37586e-07 0.00846515 0.0146932 -0.049197 -0.0902339 0.00938814 0.0249766 -6.57788e-05 -0.0137813 -0.0179888 -0.0396055 -0.00733974 4.1622e-05 -0.0156295 -0.00635777 -0.0253218 0.000115094 -0.0170876 0.000172012 0.0244018 0.0216534 0.0394629
internal_weight=22168.9 170.059 153.481 16.5775 10.8959 146.292 73.5136 21998.8 170.926 152.784 50.4253 102.359 21827.9 101.861 72.7785 82.0055 21726.1 71.6461 21654.4 19.855 18.1418 10.0908
internal_count=88848 690 623 67 44 594 297 88158 690 616 204 412 87468 417 297 336 87051 288 86763 81 74 41
is_linear=0
shrinkage=0.1


Tree=31
num_leaves=24
num_cat=0
split_feature=2 3 4 4 1 4 4 0 3 3 0 0 4 2 2 2 3 4 0 1 1 0 2
split_gain=1.25726 2.56843 3.72018 2.4267 5.36169 2.42111 6.79551 6.23882 2.14483 5.43715 6.01115 6.46551 4.75147 7.90949 4.88218 4.50998 2.79171 5.97672 4.59133 3.95584 3.06241 2.62288 0.901333
threshold=1.305021810732381 0.012229627537501788 0.018955880438936926 0.013640244990275054 0.0081590560830335866 0.00015106881270576802 0.00021838926837136621 0.0031326437170500214 -0.0014889921441580964 -0.0011322000986333511 -0.00017016942437819702 -0.00024846273100542765 -0.0014911347065912348 0.18234334515318454 0.5607502916132695 0.76083876429258246 -0.0028041770288634855 -0.0045955128112299395 -0.00085134284909171843 0.00044161267005013292 0.0026767689791863912 -0.00073217180623358347 0.51973865777747486
decision_type=2 2 2 2 2 2 2 2 2 2 2 2 2 2 2 2 2 2 2 2 2 2 2
left_child=8 2 5 -3 -5 7 -7 -2 16 10 11 -10 13 -11 -14 -12 19 20 -19 22 -18 -21 -1
right_child=1 3 -4 4 -6 6 -8 -9 9 12 15 -13 14 -15 -16 -17 17 18 -20 21 -22 -23 -24
leaf_value=0.031236186367588237 0.00039667498294615 -0.025171729376598524 -0.080710705768057292 0.12082058186416925 -0.0022518178834711761 -0.038847782027741661 -0.0031650400154018023 0.092021588053172912 0.012511626038047799 0.081317851925032311 0.012210578487316767 0.051278054288592806 -0.0042079048416948364 -0.0051661887044465379 0.0017498728314414521 -0.0087452870026743634 -0.015553337651671434 -0.013853563352737601 0.00014017009273883504 0.0057809233529726896 -0.047955317208641442 -0.0037326571739338928 0.0844847176746817
leaf_weight=6.5927783101797086 2091.0747303962708 4.9751798063516626 5.9589425623416892 6.7194449007511139 7.480600118637085 54.904334589838982 1911.1213869452477 7.4579865783452979 384.09584701061249 10.641912207007406 177.2977469265461 48.44874107837677 1567.5612367391586 1679.6238333284855 11223.315975680947 244.07902865111828 131.39381997287273 297.71594345569611 1103.5240091234446 560.79956631362438 37.491986185312271 599.68213264644146 6.1388123035430908
leaf_count=27 8391 20 24 27 30 220 7661 30 1543 43 710 194 6282 6736 44928 977 532 1194 4419 2263 153 2419 25
internal_value=-3.85937e-07 -0.00158376 -0.00175576 0.0349288 0.0559859 -0.00164001 -0.00416154 0.000722301 0.000357805 0.000818499 0.00857267 0.0168538 0.000361253 -0.00462169 0.00101973 7.20659e-05 -0.00221744 -0.00497495 -0.00283302 0.00147296 -0.0227464 0.000864754 0.0569111
internal_weight=22168.1 4089.69 4070.52 19.1752 14.2 4064.56 1966.03 2098.53 18078.4 15335.1 853.921 432.545 14481.1 1690.27 12790.9 421.377 2743.34 1570.13 1401.24 1173.21 168.886 1160.48 12.7316
internal_count=88848 16403 16326 77 57 16302 7881 8421 72445 61413 3424 1737 57989 6779 51210 1687 11032 6298 5613 4734 685 4682 52
is_linear=0
shrinkage=0.1


Tree=32
num_leaves=28
num_cat=0
split_feature=1 1 3 2 2 0 4 0 3 4 3 2 0 1 1 3 1 4 2 4 0 0 2 2 1 3 4
split_gain=1.25564 6.36004 5.26806 5.97782 4.26651 4.10237 8.01007 3.89804 6.2788 4.39469 3.3284 2.61473 4.99195 11.3577 10.4976 4.21596 7.73268 4.00644 3.77598 4.18318 8.30046 8.05637 3.29143 4.398 4.23096 2.76457 2.25221
threshold=0.0010907951230004003 0.0010758866433786091 0.0045207651185906758 0.51973865777747486 1.7816324003568378 -0.00024846273100542765 -0.0020057768249968628 -0.00083240766470260563 -0.0027086949358975927 0.0039114212512501032 -0.0007943902836218818 0.64815411606956808 -0.00087666142925751911 0.0018329738540075352 0.0015784939472354481 0.0089286905554061286 0.0027274822118582239 0.0056487827513018738 1.3698498447754337 9.8167481454303221e-05 -0.00065509208642233741 0.0031326437170500214 1.1035777553025208 0.93499277737148767 0.0029165180596128944 0.0057425451640206191 0.0056487827513018738
decision_type=2 2 2 2 2 2 2 2 2 2 2 2 2 2 2 2 2 2 2 2 2 2 2 2 2 2 2
left_child=1 2 7 -4 5 6 -3 8 -1 -9 -7 12 13 14 -2 17 -17 -14 22 21 -21 -20 23 -13 -24 -15 -5
right_child=11 4 3 26 -6 10 -8 9 -10 -11 -12 18 15 25 -16 16 -18 -19 19 20 -22 -23 24 -25 -26 -27 -28
leaf_value=0.061497598193919784 0.01036767200717527 -0.064609024447199709 0.047085068686411789 -0.048899318972118924 0.044690939155333287 -0.0044865385780895875 0.013860430058446064 -0.00077366894383440086 0.006917208797954222 0.013625380996295282 -0.048293485566621129 0.0038003649604034248 -0.0090789504762220294 -0.012415676520900991 0.075766704542056473 0.020706819823823164 -0.10001300004182806 0.014546498572456285 0.0015915931435734705 -0.031842384783464982 -0.0034978954885394433 0.11792935562660814 0.0089094575851465154 -0.002929135625932569 -0.0037288569659194339 0.029823245886667439 -0.12385185894701381
leaf_weight=22.957870826125145 70.567404165863991 17.21880604326725 4.9750306606292751 10.482885628938677 9.7182763516902906 23.11764769256115 53.20457935333252 12684.58694010973 257.2239878475666 215.56520766019821 69.445135295391083 2603.4759073853493 679.33617027103901 155.48315921425819 37.633303448557854 8.9343583285808581 13.065754592418669 80.259491816163063 934.90815928578377 118.59207002818584 802.03259572386742 5.9906203001737586 1387.8948776572943 1548.9512329250574 327.36691077053547 17.210552781820297 6.4915977567434302
leaf_count=93 283 69 20 42 39 93 213 50787 1033 863 278 10448 2729 629 151 36 53 322 3759 476 3217 24 5563 6214 1318 70 26
internal_value=-3.37902e-07 -0.000610538 -0.00036113 -0.049311 -0.0196764 -0.0235144 -0.00532567 -0.000279613 0.0113895 -0.000533057 -0.0373527 0.000927971 -0.00372341 0.00771043 0.0331141 -0.00783258 -0.0509881 -0.00658267 0.00156737 -0.00235679 -0.00714915 0.00233231 0.00281231 0.00129011 0.00649737 -0.00820617 -0.0775636
internal_weight=22166.7 13375 13202.3 21.9495 172.704 162.986 70.4234 13180.3 280.182 12900.2 92.5628 8791.7 1062.49 280.894 108.201 781.596 22.0001 759.596 7729.21 1861.52 920.625 940.899 5867.69 4152.43 1715.26 172.694 16.9745
internal_count=88848 53556 52864 88 692 653 282 52776 1126 51650 371 35292 4273 1133 434 3140 89 3051 31019 7476 3693 3783 23543 16662 6881 699 68
is_linear=0
shrinkage=0.1


Tree=33
num_leaves=26
num_cat=0
split_feature=2 1 1 3 4 3 2 4 0 0 3 2 3 4 3 3 1 2 2 2 3 0 0 3 0
split_gain=1.25156 7.79182 6.06809 8.9131 3.9994 3.59974 3.32082 2.47486 2.13713 2.15956 2.56895 1.90618 7.82828 4.30564 7.11535 3.62397 3.63171 3.44196 3.42634 4.85714 3.65894 2.63594 3.74257 2.46 2.42574
threshold=0.30073310923073965 1.0000000180025095e-35 0.0023594909267332111 -0.0025263559832358058 0.0023821361260591982 -0.0031422369687127967 0.18234334515318454 -0.0042416739088252933 0.00054023878571829453 0.00036081660697417922 0.00098654561380751037 0.40162842590645298 0.0010537241738654004 -0.0081670913535846195 -0.0019475263033816856 0.0014604322233544578 0.00071518246508244562 0.34875881401126035 0.4857822325939693 0.5607502916132695 -0.00077770402068644262 0.0010609712533180551 0.0013632707614857911 -0.0004575082834066268 -0.00022614841007467798
decision_type=2 2 2 2 2 2 2 2 2 2 2 2 2 2 2 2 2 2 2 2 2 2 2 2 2
left_child=1 8 3 7 -5 -4 -7 -3 9 10 -1 12 13 -2 -15 17 -17 -14 21 20 -20 24 -23 -21 -13
right_child=11 2 5 4 -6 6 -8 -9 -10 -11 -12 18 15 14 -16 16 -18 -19 19 23 -22 22 -24 -25 -26
leaf_value=-0.01576687789632027 -0.078212338965534589 -0.00096107528573791264 0.040327941750523552 0.017945360066195737 0.054331402279034172 -0.10371973574852374 -0.022504997315328332 -0.085978844539278454 -0.080564278414825663 0.04128324566973348 -0.076270133672222837 0.00020851317022056053 -0.10256170428909768 0.04229269654850383 -0.003051460600353122 0.014339987183095766 -0.033927712716816355 -0.032810762361710738 0.0029270347298332214 -0.0013694393483047519 -0.011509758003772096 -0.063972849626180314 0.0060396549190602118 0.00095963414149474215 0.013762578153018519
leaf_weight=49.012193247675896 6.7608789652585974 5.2893707007169715 6.3376771211624137 196.20321080088615 35.705653324723244 6.8110010623931911 19.305163979530334 9.7087766081094724 6.1268862634897223 5.4801333993673316 8.190496012568472 204.05231696367264 11.689511224627497 39.347175195813179 287.20765781402588 22.682813078165054 49.839275628328323 17.920328915119171 243.50544998049736 6991.3610397279263 629.11982354521751 12.23102083802223 20.319597810506821 12906.930447503924 374.14416792988777
leaf_count=197 29 22 26 787 143 28 78 39 25 22 33 820 47 159 1151 91 201 72 979 28057 2521 49 82 51691 1499
internal_value=-3.29418e-07 0.00594795 0.0133724 0.0187157 0.0235475 -0.0272791 -0.0436855 -0.0559958 -0.0241947 -0.0186849 -0.02443 -9.52556e-05 -0.00664518 0.000776774 0.00241214 -0.0308673 -0.018831 -0.0603474 3.81366e-05 -0.000178932 -0.00748118 0.00742043 -0.0202678 0.000141303 0.00897919
internal_weight=22165.3 348.171 279.361 246.907 231.909 32.4538 26.1162 14.9981 68.8097 62.6828 57.2027 21817.1 435.448 333.316 326.555 102.132 72.5221 29.6098 21381.7 20770.9 872.625 610.747 32.5506 19898.3 578.196
internal_count=88848 1400 1123 991 930 132 106 61 277 252 230 87448 1750 1339 1310 411 292 119 85698 83248 3500 2450 131 79748 2319
is_linear=0
shrinkage=0.1


Tree=34
num_leaves=31
num_cat=0
split_feature=4 4 4 4 4 0 3 3 0 1 2 4 0 2 4 0 1 3 3 2 2 1 2 2 2 1 1 0 1 2
split_gain=1.22775 5.16542 3.79129 3.58149 6.5612 7.25967 4.64551 6.48554 4.51722 3.26872 3.26735 5.03226 5.92808 4.11079 6.79943 4.92735 3.64286 2.69493 9.01354 7.58239 6.7246 4.15547 4.24389 4.03452 2.47667 3.82353 6.36967 3.35731 4.06231 2.25261
threshold=0.00057092769669442333 0.00058812715168365959 -0.00044830317027644279 0.0018164121651289558 0.0018940660110935428 -0.00087666142925751911 -5.2895586162504664e-05 -0.0012098701286516465 0.00160806738706909 0.00060622462851489371 2.5841790571076304 0.00016453350553458093 -5.3145317028491228e-05 1.2429223929256763 2.8587159285886624e-05 2.9734031009032161e-05 0.00085945186666748215 -0.0007599706438358721 -0.0005132036671519068 0.46600417381635206 0.18234334515318454 0.00035143887026177538 1.5470397031416236 0.7470832565393225 0.84824455045986424 0.00090282347332310876 0.00061648975661198044 0.00042890449364774158 0.0013627271413834243 1.0989042591187295
decision_type=2 2 2 2 2 2 2 2 2 2 2 2 2 2 2 2 2 2 2 2 2 2 2 2 2 2 2 2 2 2
left_child=2 24 17 6 5 -5 7 -3 -8 -6 13 12 -12 15 -15 -4 -13 21 19 -19 -20 23 -23 -1 25 26 -2 29 -29 -26
right_child=1 3 10 4 9 -7 8 -9 -10 -11 11 16 -14 14 -16 -17 -18 18 20 -21 -22 22 -24 -25 27 -27 -28 28 -30 -31
leaf_value=0.025843576124521386 0.0072695329866880754 -0.012781320509779091 0.007203722763063497 -0.065921996011871389 -0.0076719595798747826 0.025285122888375818 -0.0053157552849389233 0.0071557135191184498 0.01822700353426503 0.0014934500251921759 0.011474113370588564 -0.049974212639234336 0.11913982499455843 0.0057394781604336101 -0.011413907600317403 0.00021007343145422634 0.05155610923264619 0.02976507475744429 0.072547370423288002 -0.015219219668864598 -0.00063413578904794122 -0.00089074536764881913 0.0084550229263006867 -0.0013720807850503562 -0.077567706277111681 0.051176218416645547 -0.097821026664990665 0.048206042477779362 -0.063614722625257539 -0.026908533733801844
leaf_weight=127.97556839883327 19.357204988598827 204.67706403136253 2156.9433460235596 9.2187387645244581 434.85716515779495 163.56871788203716 3054.7642440348864 804.4747769087553 83.733730509877205 3698.867438569665 10.233917430043221 9.2187763005495054 10.222025185823441 431.8662683069706 497.04930150508881 1890.2606184929609 5.7306221276521674 39.657525390386581 12.606095924973486 679.31111513078213 3183.0016282498837 3920.7894006967545 554.61680214107037 94.833017274737358 20.556752309203148 8.9520276039838773 8.2152994424104673 7.9722805172204954 5.4834199398756027 15.318174481391905
leaf_count=515 78 820 8638 37 1742 655 12231 3221 336 14827 41 37 41 1729 1991 7565 23 159 51 2720 12754 15757 2232 380 83 36 33 32 22 62
internal_value=-4.09523e-07 -0.000940471 0.000588841 -0.000692631 0.00132729 0.0204189 -0.00278992 0.00311207 -0.00468764 0.000529273 0.00277571 0.0330465 0.0652757 0.00256033 -0.00343905 0.00393731 -0.0110541 -0.000683633 -0.00262151 -0.0127379 -0.000345448 0.000931013 0.000267433 0.0142599 -0.0253453 -0.00560665 -0.0240425 -0.0399598 0.00263724 -0.0559368
internal_weight=22164.3 8540.02 13624.3 8454.16 4306.51 172.787 4147.65 1009.15 3138.5 4133.72 5011.52 35.4053 20.4559 4976.12 928.916 4047.2 14.9494 8612.79 3914.58 718.969 3195.61 4698.21 4475.41 222.809 85.8552 36.5245 27.5725 49.3306 13.4557 35.8749
internal_count=88848 34215 54633 33869 17261 692 16608 4041 12567 16569 20065 142 82 19923 3720 16203 60 34568 15684 2879 12805 18884 17989 895 346 147 111 199 54 145
is_linear=0
shrinkage=0.1


Tree=35
num_leaves=30
num_cat=0
split_feature=1 0 4 4 4 1 1 2 1 0 2 2 3 2 1 3 3 3 1 2 1 0 2 1 2 1 3 3 4
split_gain=1.16134 5.79466 9.06621 9.714 9.18081 7.01398 6.54679 6.36273 5.989 15.2512 5.59687 7.34015 5.94343 4.27627 3.017 6.32713 4.97926 4.3096 3.86262 5.95325 2.82059 2.63339 2.54002 9.20784 8.60313 8.18717 6.46147 5.92366 1.71277
threshold=0.00055055684947207537 0.00035262802122626452 0.0024425876524551975 0.0010960515133449091 0.0027524872741236943 0.00042935116101498614 0.00023681601005913705 0.36751290205720016 0.00049360386047127682 0.00034466737945981768 0.84185343473603969 0.66071841188512759 0.0021812888087052733 1.8133546189059204 0.00058254500969899786 0.0010975927703829049 0.0010288711398098729 0.00082982633211947665 0.00057260937377290213 0.75379396329892356 0.00046556289503152311 0.00017442975854387036 0.77108650420173508 0.00065632171211737849 0.65660541513226989 0.00062117441562298996 -0.0026184063078924509 -0.0004694756397522481 0.010985695010952925
decision_type=2 2 2 2 2 2 2 2 2 2 2 2 2 2 2 2 2 2 2 2 2 2 2 2 2 2 2 2 2
left_child=1 8 3 5 20 -3 -6 -5 10 13 11 -1 -12 -10 15 16 17 -2 19 -17 -4 -20 23 26 -25 27 -16 -24 -27
right_child=14 2 4 7 6 -7 -8 -9 9 -11 12 -13 -14 -15 22 18 -18 -19 21 -21 -22 -23 25 24 -26 28 -28 -29 -30
leaf_value=0.0030677441594153306 0.013258464945912077 -0.023359565004761731 0.063277647506790866 -0.11405455461533179 0.091433346640898416 0.004579631697855426 -0.022133735769605419 -0.033446119147068069 -0.010119753645133926 0.13424429180178776 0.0045575180381211 -0.0082641024408376396 0.081840194011359169 0.034359599329137978 -0.077262748606274134 -0.049756870132914327 0.086090866835063534 -0.031462538102315162 -0.080252156175727118 0.024949731022627188 0.16723499146347742 -0.018826931653947276 -0.032037458467515469 -0.0035803129327550138 0.0061775465803361436 -0.00017905452440234107 0.018217129875097649 -0.0066913322866033551 0.0096386092814877422
leaf_weight=1235.0510529130697 413.47616010904312 157.43776538968086 5.1991940140724164 10.903738483786581 6.7000309377908733 209.31596294045448 20.941748693585396 96.062531247735023 850.89251790940762 7.4976323395967475 2145.4257911592722 1064.1167737841606 9.9975161701440793 22.178021371364594 7.2145214080810538 16.484086856245995 8.9954016357660276 22.733097314834595 13.463838264346125 30.226310178637505 5.2407209724187851 14.491809800267218 126.10567787289619 2038.073683783412 1623.1166544854641 11074.630370393395 403.32281623780727 343.02610550820827 180.59618733823299
leaf_count=4950 1656 632 21 44 27 838 84 385 3406 30 8588 4259 40 89 29 66 36 91 54 121 21 58 505 8187 6509 44407 1615 1373 727
internal_value=-3.8139e-07 -0.00120961 -0.0113738 -0.0151474 0.0355686 -0.00741393 0.00539354 -0.041663 -0.00023456 -0.0077703 0.00125508 -0.00217694 0.00491598 -0.00898987 0.000432955 0.00792859 0.0124465 0.0109278 -0.0190099 -0.00141421 0.115463 -0.0484102 0.000186263 0.00233805 0.000745642 -0.000561026 0.0165392 -0.0135045 -2.15248e-05
internal_weight=22162.9 5846.96 511.802 473.72 38.0817 366.754 27.6418 106.966 5335.16 880.568 4454.59 2299.17 2155.42 873.071 16316 519.871 445.205 436.209 74.666 46.7104 10.4399 27.9556 15796.1 4071.73 3661.19 11724.4 410.537 469.132 11255.2
internal_count=88848 23414 2052 1899 153 1470 111 429 21362 3525 17837 9209 8628 3495 65434 2082 1783 1747 299 187 42 112 63352 16340 14696 47012 1644 1878 45134
is_linear=0
shrinkage=0.1


Tree=36
num_leaves=30
num_cat=0
split_feature=0 3 2 2 2 3 1 4 0 1 4 2 4 0 1 0 3 4 1 1 4 3 2 3 1 3 3 4 2
split_gain=1.03964 3.42468 5.52208 4.36472 7.5202 3.00117 7.35387 6.01579 5.98568 5.3188 3.98366 2.85091 2.6975 2.68028 1.98333 3.85347 2.46614 5.30963 2.38915 5.82937 11.1632 5.37451 4.76661 3.33766 2.39261 1.6528 3.73182 2.21869 1.50559
threshold=0.0014748727060613922 9.3611144271976712e-05 0.93499277737148767 1.3610522382878403 1.5627579964421561 0.0074270470293166255 0.0042207339604929828 0.0040621269963537774 0.0023136034531496823 0.0038622095248641007 0.00076621970538448558 1.1173878577464089 -0.016319365878179722 0.0037516558728288856 0.0066926180643305348 -0.0036152906144386039 0.0027725737840987867 -1.0000000180025095e-35 0.0013386358910376578 0.001291219038282941 -0.0038111174468801741 0.0052169110818741657 0.18234334515318454 0.0014285696400184735 0.0023594909267332111 -0.0044629528621924477 0.0033324228907926083 -0.0068642562654288577 0.83551948385418784
decision_type=2 2 2 2 2 2 2 2 2 2 2 2 2 2 2 2 2 2 2 2 2 2 2 2 2 2 2 2 2
left_child=14 2 12 11 -5 6 9 10 -8 -3 -7 -4 -2 -14 18 25 17 -17 19 21 -21 -1 24 -24 -20 27 -27 -16 -9
right_child=1 5 3 4 -6 7 8 28 -10 -11 -12 -13 13 -15 15 16 -18 -19 22 20 -22 -23 23 -25 -26 26 -28 -29 -30
leaf_value=-4.7950733632126396e-05 0.058257434031633075 0.00055265823558466683 -0.023423047421921479 0.064907549350832497 -0.039744418581047748 -0.021119168766394563 -0.032416546259298525 -0.027356441360727582 0.033821887135690308 -0.038552345910996516 -0.11780841208813758 -0.05779809927802132 0.0019693358431205964 -0.041448638045566741 8.0645461747247112e-05 -0.021924073046674313 0.0040092888369710747 -0.12251893538323284 -0.0094181427064430612 -0.071728262422533287 -0.0077333140519656928 -0.051358758497303307 0.0036102121214731091 -0.0020628613665650657 -0.099034657637741941 0.050999563308456342 -0.029420038417020251 -0.056541445011953212 4.571368973674782e-05
leaf_weight=15051.481891319156 7.6155859678983679 611.89416548609734 57.801321968436241 12.426073268055918 15.347089350223539 8.592904135584833 15.680026993155478 25.302866950631142 104.98670314252377 36.877799078822136 8.4528310745954496 41.412412494421005 129.56676670908928 15.970647588372229 29.353040769696236 13.475149527192119 7.9018640071153632 8.5930034816265106 5.2240723967552167 29.883765086531639 310.24778604507446 20.441394209861755 4064.0652233064175 1392.3672043383121 6.9327863305807114 14.982525646686556 9.3846119344234449 9.0551536828279477 96.603168442845345
leaf_count=60286 31 2456 233 50 62 36 63 102 422 148 34 167 523 65 121 56 32 35 21 120 1243 82 16323 5584 29 61 38 37 388
internal_value=-3.82451e-07 -0.00287756 -0.0125437 -0.0279624 0.00707823 0.000103401 0.00254601 -0.0134224 0.0252145 -0.00167017 -0.0690665 -0.0377714 0.000240696 -0.00279517 0.000162663 -0.0144285 -0.0439291 -0.0610942 0.000227472 -0.000409701 -0.0133559 -0.000117541 0.00202321 0.00216256 -0.0605244 -0.000344366 0.0200272 -0.0132686 -0.00564189
internal_weight=22161.9 1188.53 280.14 126.987 27.7732 908.39 769.439 138.952 120.667 648.772 17.0457 99.2137 153.153 145.537 20973.4 92.7453 29.97 22.0682 20880.6 15412.1 340.132 15071.9 5468.59 5456.43 12.1569 62.7753 24.3671 38.4082 121.906
internal_count=88848 4780 1131 512 112 3649 3089 560 485 2604 70 400 619 588 84068 380 123 91 83688 61731 1363 60368 21957 21907 50 257 99 158 490
is_linear=0
shrinkage=0.1


Tree=37
num_leaves=28
num_cat=0
split_feature=2 3 4 2 1 0 0 3 4 1 4 4 0 1 1 3 0 0 0 1 3 1 1 2 1 2 4
split_gain=0.997699 2.12944 3.69617 4.67519 5.37624 3.08914 11.264 3.92958 3.81032 2.88029 2.26539 3.93863 3.1696 1.78824 5.58828 7.60013 7.12086 5.62547 5.47654 4.47538 6.95726 6.40255 4.35984 4.03473 3.65676 2.11848 1.29398
threshold=1.305021810732381 0.0045207651185906758 0.0059396194887574314 1.3279082704317551 0.00145609912831229 0.00047403974041371205 0.00074524968478306708 0.0074270470293166255 0.0021661895716007522 0.0020838312991208921 0.0030702127862325406 0.0031563709476003514 0.001692494492558483 0.0011735700732171241 0.0012677290614719295 -0.0016713344172495368 -0.00051292573795080887 0.00042082797907261332 -0.0014876149521624857 0.00085945186666748215 0.001877942925487486 0.0008156019712323001 0.0012795841486764239 1.1264437449437061 0.001291219038282941 0.68168451052071777 -0.0014911347065912348
decision_type=2 2 2 2 2 2 2 2 2 2 2 2 2 2 2 2 2 2 2 2 2 2 2 2 2 2 2
left_child=13 2 10 -4 -5 7 -7 9 -8 -3 12 -12 -2 18 15 17 -17 -15 25 21 -21 -20 23 -16 -24 26 -1
right_child=1 5 3 4 -6 6 8 -9 -10 -11 11 -13 -14 14 22 16 -18 -19 19 20 -22 -23 24 -25 -26 -27 -28
leaf_value=0.06171844935882629 -0.0016123747887309516 -0.099813236905753139 0.068930329686868061 -0.10860034753017898 -0.021023731237200895 0.13821246504954474 0.070396846986013867 0.041621024850340582 0.0040036890043130919 -0.0030056185384014244 0.053649545880860183 0.0042176177447658773 -0.019008452854363877 -0.0042656464998190096 -0.014118562089267548 -0.0041881596935421216 0.022591279948256594 -0.069546347003132544 -3.2224432627415461e-05 -0.0058680565187534655 0.0096015566375133813 0.011745192734876463 0.024243506209222856 -0.081857632702308197 0.00071499722345178169 0.0979080574886394 -0.0097617620415974202
leaf_weight=5.1602175533771524 3471.1403869837523 7.4716005623340624 4.9632488489150992 7.9880696386098853 57.235440462827682 6.9824567437171927 9.2271210402250272 5.4356466382741919 136.77988091111183 5.2210171818733215 17.226161509752274 250.7249414473772 107.99603353440762 84.624363481998444 54.39628966152668 134.1257639080286 382.37075507640839 15.640153497457502 8822.4609484672546 2418.2735695540905 330.44925439357758 487.06978741288185 66.897274062037468 10.488396823406218 5248.5017626136541 7.08766284584999 4.9733821004629144
leaf_count=21 13925 30 20 32 230 28 37 22 549 21 69 1005 435 340 218 538 1531 63 35328 9689 1323 1951 268 42 21084 29 20
internal_value=-5.11437e-07 -0.00141123 -0.00188822 -0.0246299 -0.0317494 0.00950823 0.0141333 -0.0295241 0.0081995 -0.0599921 -0.00147332 0.00739552 -0.00213728 0.000318622 0.00173014 0.0107462 0.0156371 -0.0144487 -0.000382381 -0.000462862 -0.00400831 0.000583964 0.000696606 -0.0250684 0.00101112 0.0559698 0.0266373
internal_weight=22160.9 4088.39 3917.27 70.1868 65.2235 171.118 152.989 18.1283 146.007 12.6926 3847.09 267.951 3579.14 18072.5 5997.04 616.761 516.497 100.265 12075.5 12058.3 2748.72 9309.53 5380.28 64.8847 5315.4 17.2213 10.1336
internal_count=88848 16403 15716 282 262 687 614 73 586 51 15434 1074 14360 72445 24084 2472 2069 403 48361 48291 11012 37279 21612 260 21352 70 41
is_linear=0
shrinkage=0.1


Tree=38
num_leaves=28
num_cat=0
split_feature=4 4 4 3 1 4 1 1 4 0 1 0 1 0 1 0 4 4 2 0 4 2 2 4 2 0 1
split_gain=1.04663 4.17608 3.12718 4.56176 5.69592 8.00329 5.37533 8.41635 4.74758 4.6374 2.9725 7.35268 5.41109 4.5094 2.67552 7.35107 12.5538 5.06667 5.37572 4.96765 3.48704 2.55364 5.69547 4.41348 2.28298 2.90246 2.05973
threshold=0.00057092769669442333 0.00058812715168365959 -0.00031352169838055882 -0.0023681513053064314 0.0013627271413834243 9.8167481454303221e-05 0.0011388066933422931 0.0015629242035813176 0.00013215681982547969 0.00092871490126489331 0.00032733493495230799 0.00010440714146253695 0.00028960324452787287 -0.00014577259586728839 0.0027274822118582239 -0.0019869903658644157 -0.00066890131469710113 -0.0030565871112466776 2.2714700213947157 0.0025171205362676257 -0.0039398167128151798 0.56659695443393143 0.70482778278925096 0.0012233996818808992 1.5797395262487191 -0.00076945614752327296 0.0014270016804953771
decision_type=2 2 2 2 2 2 2 2 2 2 2 2 2 2 2 2 2 2 2 2 2 2 2 2 2 2 2
left_child=2 24 14 6 9 -6 8 -8 -4 -5 11 13 -13 -3 15 16 -1 20 -19 -17 -16 23 -23 -12 25 -2 -27
right_child=1 10 3 4 5 -7 7 -9 -10 -11 21 12 -14 -15 17 19 -18 18 -20 -21 -22 22 -24 -25 -26 26 -28
leaf_value=0.035111851354354046 0.051708111240146307 -0.018075232726225965 -0.017945963572056422 0.0013944574343855137 0.026300093569053815 0.0010066973531814131 -0.11517500897485203 -0.017342424730241696 0.10022533615124909 0.028105315402145822 -0.019763849765109143 -0.012910862335844604 -0.050008599011157388 0.0078391159573902754 -0.0037057659320964931 -0.00021376213435415187 -0.11123845481111497 -0.020628472854108248 0.052674848487041397 -0.093914791353224281 0.018777906258296714 0.007837218457868186 -0.00065478336868165404 -0.0014398900430279832 -0.085772669079165989 -0.018653657358109182 -0.077800201905493097
leaf_weight=98.406182870268822 5.47012174129486 91.540395572781563 7.4779295176267606 3754.6110687404871 241.47433365881443 259.57624019682407 10.484115183353422 54.527890115976334 6.2339550852775574 66.142856195569038 172.83768562972546 138.50581730902195 54.903403609991074 252.00589802861214 566.47927531599998 8211.7296591103077 6.2324506789445868 244.25015524029732 10.431627064943312 5.6618974208831778 78.54408073425293 903.18266533315182 6290.5238123089075 548.84568457305431 5.4013723731040946 68.290784940123558 6.4432964026927939
leaf_count=396 22 367 30 15031 969 1041 42 219 25 265 693 556 220 1009 2306 32922 25 981 42 23 316 3617 25202 2205 22 276 26
internal_value=-4.35355e-07 -0.000868509 0.000543643 0.00273698 0.00317153 0.0131965 -0.0211188 -0.0331193 0.0357793 0.00185686 -0.000645938 -0.00784605 -0.0234419 0.00093405 -0.000502999 5.70585e-05 0.026395 -0.00568338 -0.017626 -0.000278323 -0.000967944 -0.000157504 0.000411403 -0.00582834 -0.0228443 -0.0186064 -0.0237531
internal_weight=22160.2 8537.95 13622.3 4400.53 4321.8 501.051 78.7239 65.012 13.7119 3820.75 8452.35 536.956 193.409 343.546 9221.74 8322.03 104.639 899.705 254.682 8217.39 645.023 7915.39 7193.71 721.683 85.6056 80.2042 74.7341
internal_count=88848 34215 54633 17622 17306 2010 316 261 55 15296 33869 2152 776 1376 37011 33366 421 3645 1023 32945 2622 31717 28819 2898 346 324 302
is_linear=0
shrinkage=0.1


Tree=39
num_leaves=24
num_cat=0
split_feature=2 1 1 0 1 1 0 0 3 1 4 4 4 0 1 1 4 3 4 4 1 1 2
split_gain=1.06169 6.59003 4.81219 4.23906 6.33163 3.39715 1.62978 1.9814 2.00004 1.57601 4.45827 4.36738 4.43944 3.84969 3.64749 2.30017 7.37784 13.4984 5.95943 2.23091 2.2222 6.79485 6.34747
threshold=0.30073310923073965 1.0000000180025095e-35 0.0038622095248641007 -0.0018775811986256883 0.0023594909267332111 0.0046503511491010393 0.00054023878571829453 0.00036081660697417922 0.00098654561380751037 0.00022917008086568083 -0.0024867198882742576 -0.0019153469268644028 -0.0020518778484471807 -0.00035117497323100538 0.00021003535348373457 0.00055055684947207537 0.0015393484430434869 0.0025207877717026155 0.0018164121651289558 -0.0028997102282589666 0.00085945186666748215 0.00088118478178873685 0.32744375139444543
decision_type=2 2 2 2 2 2 2 2 2 2 2 2 2 2 2 2 2 2 2 2 2 2 2
left_child=1 6 3 -3 -5 -4 7 8 -1 10 13 12 -12 -2 -13 16 17 -11 -18 -15 22 -22 -17
right_child=9 2 5 4 -6 -7 -8 -9 -10 15 11 14 -14 19 -16 20 18 -19 -20 -21 21 -23 -24
leaf_value=-0.015381393644416971 -0.01853071349530868 0.09281291958925271 -0.10546544392555431 0.016966166784139956 -0.048590023034240933 0.00253291090839707 -0.07192833730829884 0.039993298724421922 -0.068949781782797898 -0.0011431153299361371 -0.012041739124404462 0.00057594052562152888 -0.12389204840663295 0.044902901368688089 0.017384114608952457 0.068281745185780049 -0.031298997975835567 0.13324220205971479 -0.0065475811831160052 0.12765353586754002 -0.016500973303249896 -6.8843606976566724e-05 0.0019259949084330279
leaf_weight=48.96432700753212 5.3867122530937221 6.8324337601661673 5.7319522053003293 244.65794843435287 15.676939249038695 5.9215120524168015 6.0313426256179801 5.4705759137868872 8.1266213208436948 4400.3309817910194 10.967121988534929 595.67838664352894 5.2459910064935675 7.3067461997270593 164.83420287072659 14.459583729505537 142.03110015392303 7.487147018313407 308.70492775738239 5.8793842643499348 257.48137670755386 11106.169596850872 4779.3666325062513
leaf_count=197 22 28 24 983 64 24 25 22 33 17616 44 2387 21 30 660 58 569 30 1237 24 1031 44578 19141
internal_value=-4.26971e-07 0.00548416 0.0123154 0.0150591 0.0130185 -0.0505879 -0.0222838 -0.0174977 -0.0230066 -8.77862e-05 0.00428188 0.0031241 -0.0482326 0.0527005 0.00421896 -0.000253145 -0.00216097 -0.000914848 -0.014347 0.0817995 0.000320538 -0.000441168 0.00212614
internal_weight=22158.7 347.414 278.821 267.167 260.335 11.6535 68.5929 62.5615 57.0909 21811.3 795.299 776.726 16.2131 18.5728 760.513 21016 4858.55 4407.82 450.736 13.1861 16157.5 11363.7 4793.83
internal_count=88848 1400 1123 1075 1047 48 277 252 230 87448 3188 3112 65 76 3047 84260 19452 17646 1806 54 64808 45609 19199
is_linear=0
shrinkage=0.1


Tree=40
num_leaves=23
num_cat=0
split_feature=0 3 3 4 2 0 4 0 3 3 0 2 3 3 3 2 4 3 4 0 3 1
split_gain=1.03348 4.75813 7.02418 4.35622 6.01511 2.98063 3.23226 2.59629 2.21069 2.11821 2.79065 2.51507 2.11569 2.99148 3.49839 3.05861 1.60135 3.65352 3.12735 1.33607 0.70031 2.23903
threshold=-0.0036152906144386039 0.0033324228907926083 0.001006594825782581 0.018955880438936926 0.88276288973744521 -0.0047840775196948951 -0.016319365878179722 -0.0027143377466134484 -0.0083546574870773643 -0.011092317359267355 0.0013161329435269489 0.5607502916132695 -0.0083546574870773643 -0.0041937478941804765 -0.0047715938886137557 1.5470397031416236 0.018955880438936926 -0.00070482861829346255 0.010985695010952925 0.0025171205362676257 -0.011092317359267355 0.0044160882793589625
decision_type=2 2 2 2 2 2 2 2 2 2 2 2 2 2 2 2 2 2 2 2 2 2
left_child=1 2 5 4 -3 8 -7 12 -1 10 11 -9 20 14 -14 -15 18 -18 -11 -12 -2 -22
right_child=7 3 -4 -5 -6 6 -8 9 -10 16 19 -13 13 15 -16 -17 17 -19 -20 -21 21 -23
leaf_value=0.013365082201788094 -0.006714142857757054 -0.14935397172777795 0.11037948991012742 0.027740450463910563 0.00030165530235922019 -0.036782588238746583 0.030135077242350428 0.029616323580813828 -0.021691609308367516 2.6824504997751067e-05 0.059493318801771271 -0.048093758319419422 -0.022533975442825788 -0.013793163438690477 -0.087227871011360758 0.033937350819840888 -0.09218770649029645 -0.0082515034430007007 0.01411720015890322 -0.0081857895511090652 -0.017051224958940084 0.071383392112693622
leaf_weight=32.861947119235992 6.3980198800563821 5.8380206078290957 7.1027466356754294 5.6659580767154685 4.9738426208496094 8.1142505258321744 65.359262481331825 4.8866365104913703 39.742736861109734 21541.910425677896 4.9466673880815488 28.195071935653687 39.664657026529312 86.31720469892025 10.590558633208273 15.898336127400396 5.6273244470357886 66.089598938822746 158.67879135906696 7.1085481494665146 4.9215763360261917 6.8445359468460083
leaf_count=135 26 24 29 23 20 33 264 20 162 86354 20 116 161 348 43 64 23 266 640 29 20 28
internal_value=-4.1769e-07 0.00777446 0.0132671 -0.0432858 -0.080507 0.00854516 0.0227448 -6.04082e-05 -0.00582444 3.569e-05 -0.0216049 -0.0366149 -0.0123476 -0.0161909 -0.0361673 -0.00636928 8.05538e-05 -0.0148376 0.000129856 0.0195853 0.0199134 0.0343926
internal_weight=22157.7 169.659 153.181 16.4778 10.8119 146.078 73.4735 21988.1 72.6047 21817.4 45.1369 33.0817 170.635 152.471 50.2552 102.216 21772.3 71.7169 21700.6 12.0552 18.1641 11.7661
internal_count=88848 690 623 67 44 594 297 88158 297 87468 185 136 690 616 204 412 87283 289 86994 49 74 48
is_linear=0
shrinkage=0.1


Tree=41
num_leaves=29
num_cat=0
split_feature=4 4 2 0 1 4 0 3 1 3 1 1 2 3 2 1 4 1 4 3 2 3 3 3 1 4 2 0
split_gain=0.914285 4.43359 8.01328 4.86848 4.46227 3.67872 3.0243 2.56676 10.1348 6.50903 6.7815 4.02681 3.59985 2.43786 5.52588 9.72171 7.30482 5.92405 5.58019 5.36219 8.44893 6.6843 7.80132 5.41324 4.61382 4.51213 4.06052 2.21543
threshold=-0.002365708691547785 -0.0022569585515352926 1.5797395262487191 0.00092871490126489331 0.00031517157201339465 -0.0023117372439577229 -0.00054788230032920538 -0.0039730912402921028 0.0015000825048752451 -0.0032671930266048306 0.0007728935202631213 0.0012476374437171377 1.0207606719899249 0.0019303758638233861 1.0093227188335143 0.0044160882793589625 -0.01231919007560439 0.0014121863360253026 -0.0081670913535846195 0.00066131047360273875 0.76083876429258246 -2.4327073010921293e-05 -0.00059016693502988982 -1.0000000180025095e-35 0.0016141269212459218 -0.0029726380670953008 0.7942599001645505 -0.00083240766470260563
decision_type=2 2 2 2 2 2 2 2 2 2 2 2 2 2 2 2 2 2 2 2 2 2 2 2 2 2 2 2
left_child=13 2 3 4 -2 -5 -4 8 11 10 -9 -3 -10 19 15 17 -17 -15 -16 21 24 22 -1 -23 -21 -20 -22 -11
right_child=1 7 6 5 -6 -7 -8 9 12 27 -12 -13 -14 14 18 16 -18 -19 25 20 26 23 -24 -25 -26 -27 -28 -29
leaf_value=-0.00078995413902856648 0.097376753086484802 0.039775436312005308 0.13325788201624009 0.11404591120967096 0.001178684260285447 0.011127602525668221 0.039459772141025987 0.076394546971592148 0.015664735542297244 0.0037230785236918858 -0.031514555802388898 0.13037841182548449 -0.017989244836647489 -0.040330253483105795 -0.042079656094664797 0.016519854312285125 -0.13263236791959337 0.030384781310588638 0.093401006269507592 -0.017615264258872172 -0.11666394712214585 0.11353142035840072 -0.020136598651383095 0.01468086040501459 0.043089397097819691 -0.0046915407021303826 -0.03427929227519471 -0.00018736797587993591
leaf_weight=2473.5347670614719 4.992402419447898 11.188210070133211 7.3281229287385941 7.4808284640312195 141.2387403100729 6.4827291816472989 6.4744705557823163 6.1957705318927756 85.349213391542435 1583.5988371521235 97.015706315636635 8.7354500591754896 50.644200131297112 15.192745164036749 5.5076333135366466 5.2600072771310797 8.7389425784349424 53.788937002420425 18.897187799215324 26.43899430334568 6.4665615707635871 5.7329166382551184 227.60736551880836 164.51140005886555 23.782894149422646 6.2370310574769929 79.934889942407608 17018.532308280468
leaf_count=9974 20 45 30 30 566 26 26 25 344 6361 389 35 205 61 23 22 36 217 76 106 26 23 914 661 96 25 321 68165
internal_value=-4.67427e-07 0.000259667 0.0161493 0.00984998 0.00446293 0.066265 0.0892594 0.000113084 0.0128905 6.57839e-06 -0.0250368 0.0795 0.00313193 -0.00158673 0.012792 -0.000608989 -0.0765895 0.0148103 0.0490831 -0.00212986 -0.0214858 -0.00120889 -0.00242017 0.0180096 0.0111318 0.0690594 -0.0404452 0.000145528
internal_weight=22156.9 19035.3 173.997 160.195 146.231 13.9636 13.8026 18861.3 155.917 18705.3 103.211 19.9237 135.993 3121.63 113.622 82.9806 13.9989 68.9817 30.6419 3008.01 136.623 2871.39 2701.14 170.244 50.2219 25.1342 86.4015 18602.1
internal_count=88848 76267 698 642 586 56 56 75569 629 74940 414 80 549 12581 460 336 58 278 124 12121 549 11572 10888 684 202 101 347 74526
is_linear=0
shrinkage=0.1


Tree=42
num_leaves=24
num_cat=0
split_feature=2 1 1 0 3 0 1 4 3 4 1 0 4 4 3 0 1 4 3 2 1 4 1
split_gain=0.873071 5.59222 4.05612 5.46019 4.40317 3.16105 3.32724 2.70074 1.99882 2.81566 1.25799 3.98602 4.3801 3.67031 3.03158 2.8508 1.65775 6.23681 11.8882 5.84783 1.71532 6.63461 2.8229
threshold=0.2706817224825519 1.0000000180025095e-35 0.0023594909267332111 0.0010322802162389124 -0.0025263559832358058 -0.0018775811986256883 0.0033446661557002991 0.0014800517869791865 0.00098654561380751037 0.00036975315724252505 0.00022917008086568083 0.00071125738377819669 -0.0024867198882742576 -0.0014911347065912348 0.00077776415556674039 -0.00046942856886306167 0.00055055684947207537 0.0015393484430434869 0.0025207877717026155 0.64815411606956808 0.00058719906098768121 0.0025030670471108967 0.00060141148528494346
decision_type=2 2 2 2 2 2 2 2 2 2 2 2 2 2 2 2 2 2 2 2 2 2 2
left_child=1 7 3 4 -3 -4 -7 8 9 -1 11 12 15 -14 -13 -2 17 18 -12 -19 21 -18 -22
right_child=10 2 5 -5 -6 6 -8 -9 -10 -11 16 14 13 -15 -16 -17 20 19 -20 -21 22 -23 -24
leaf_value=-0.021171557691127638 -0.0091408732823808451 -0.049900304928111594 0.028908358211361108 0.1026277580456173 0.019128497276748244 -0.089164749809436131 -0.00044768879377870196 -0.075554620179840937 -0.069228839318340521 0.03621395274686378 -0.00090525173082702426 -0.086192941114304589 -0.024292150701067425 0.0052349271769352437 0.0056092316348544087 0.074913326379747874 0.0079175639221910968 -0.030819733093283719 0.12342450452392793 -0.0057693574460803473 -0.010311564681490734 -0.040762617208779772 0.00024147350707065703
leaf_weight=31.982103914022446 5.6306486576795605 9.8040063828229886 7.661568999290469 7.4488838016986838 160.82808654010296 9.2090386152267474 7.8146347999572745 8.0419434756040555 5.612273082137107 11.670112550258635 4418.7108272314072 8.5772945582866651 44.64443364739418 738.06885433197021 6.1954764127731314 14.239036187529562 569.0359700024128 130.97187918424606 7.7040971964597693 323.03859540820122 257.73637574911118 29.445730805397034 15341.865224227309
leaf_count=129 23 40 32 30 646 38 32 33 23 47 17690 35 179 2957 25 59 2280 526 31 1294 1032 118 61549
internal_value=-4.31302e-07 0.00575945 0.013555 0.0188209 0.0151623 -0.0244331 -0.0484396 -0.0218235 -0.0130524 -0.00582995 -6.88455e-05 0.00378036 0.0047278 0.00355076 -0.0476925 0.0510941 -0.000218105 -0.00183374 -0.000688858 -0.0129958 0.000268679 0.00552246 6.71164e-05
internal_weight=22155.9 260.073 202.766 178.081 170.632 24.6852 17.0237 57.3064 49.2645 43.6522 21895.9 817.356 802.583 782.713 14.7728 19.8697 21078.5 4880.43 4426.41 454.01 16198.1 598.482 15599.6
internal_count=88848 1050 818 716 686 102 70 232 199 176 87798 3278 3218 3136 60 82 84520 19541 17721 1820 64979 2398 62581
is_linear=0
shrinkage=0.1


Tree=43
num_leaves=25
num_cat=0
split_feature=2 4 4 1 2 3 1 4 2 3 4 0 1 1 3 3 2 4 3 1 0 2 0 2
split_gain=0.872538 2.01448 2.83432 5.55722 3.76496 2.85853 3.76806 2.61519 1.60949 2.53583 8.1433 3.20432 2.54229 4.69333 1.76709 1.63533 5.13906 3.25154 2.68973 9.21668 1.73394 1.51603 0.924021 0.282981
threshold=1.305021810732381 -0.016319365878179722 -0.010377681253029512 0.0034605918155953667 1.5019612938853999 -0.0041937478941804765 0.0014711623117360053 -0.0016320940996918385 1.2977461288750927 -0.00022121995294493987 -0.00070939320913382387 -0.00046942856886306167 0.00053799786925200254 0.00071518246508244562 0.00042236690412877925 0.0074270470293166255 1.237046335080821 0.0042092301650493722 0.0052169110818741657 0.0010679019475708423 -0.0036152906144386039 1.6335843181651211 -5.6189309345644471e-05 1.4520239029864619
decision_type=2 2 2 2 2 2 2 2 2 2 2 2 2 2 2 2 2 2 2 2 2 2 2 2
left_child=8 21 3 -3 -5 6 -4 -7 15 10 11 -10 14 -14 -11 18 17 -17 20 -20 -1 23 -12 -2
right_child=1 2 5 4 -6 7 -8 -9 9 12 22 -13 13 -15 -16 16 -18 -19 19 -21 -22 -23 -24 -25
leaf_value=0.014024270485343847 -0.044832392237710253 -0.056948558779990659 0.051857110329539338 0.1011948099096099 0.021128686217456574 0.0045544251057316803 -0.018809868567653921 -0.0021309582034552041 0.039866239803541315 0.084665663180912232 0.074361875555087831 -0.034415535420555747 -0.083106810103541373 0.0044499801387643395 0.0015651883915905219 -0.038608004396229328 -0.081009784036476684 0.00014596200983800953 -0.096859151864194346 0.016472704758044087 0.00013108810024458736 0.0029326808762714009 0.12896231815018513 -0.078976923887373193
leaf_weight=90.295387655496597 4.9892600476741773 6.1773497313261023 7.9727184027433387 8.9292048364877719 17.159293368458748 717.42195230722427 140.79090258479118 3173.1046900600195 10.677330270409582 5.2462137639522535 6.734141543507576 12.732049241662027 7.4934804737567893 33.452788725495338 4.9954904466867447 25.143441990017891 9.4168758541345579 155.81908057630062 7.4650200605392447 185.21617309749126 17507.129528790712 5.8670604079961768 5.7425987124443036 4.7268291860818863
leaf_count=367 21 25 32 36 70 2882 571 12722 43 21 27 51 30 134 20 103 38 629 30 744 70185 24 23 20
internal_value=-4.16521e-07 -0.00131989 -0.00118254 0.0283381 0.0485326 -0.00141835 -0.0150226 -0.000898158 0.000298066 0.0138609 0.0342424 -0.000534627 -0.000427873 -0.0115736 0.0441326 0.000232386 -0.00898655 -0.00523862 0.000331041 0.0120819 0.000202376 -0.0372059 0.0994925 -0.0614435
internal_weight=22154.7 4087.14 4071.56 32.2658 26.0885 4039.29 148.764 3890.53 18067.6 87.0741 35.8861 23.4094 51.188 40.9463 10.2417 17980.5 190.379 180.963 17790.1 192.681 17597.4 15.5831 12.4767 9.71609
internal_count=88848 16403 16338 131 106 16207 603 15604 72445 349 144 94 205 164 41 72096 770 732 71326 774 70552 65 50 41
is_linear=0
shrinkage=0.1


Tree=44
num_leaves=29
num_cat=0
split_feature=4 4 2 0 0 2 0 3 3 3 4 3 2 0 4 4 0 0 3 3 0 3 1 3 1 1 2 0
split_gain=0.841249 3.56514 6.56345 3.9567 4.23313 3.58385 2.58967 2.11452 5.90189 5.70271 4.53415 6.87005 5.61355 4.455 3.60712 6.22632 5.67989 12.6648 5.67389 5.10199 4.85954 2.08605 8.18897 5.30248 5.5465 3.258 2.81654 1.69694
threshold=-0.002365708691547785 -0.0022569585515352926 1.5797395262487191 0.00092871490126489331 0.00054023878571829453 0.86359435112196503 -0.00054788230032920538 -0.0011322000986333511 -2.4327073010921293e-05 -1.0000000180025095e-35 -0.0040845858333763965 -5.8406097646401804e-05 0.57939086306067511 -0.0012308152774623824 -0.0027526132160313739 -0.0039398167128151798 0.00038643512325609036 0.0006962552893275965 -0.0013869197778036411 -0.0012098701286516465 0.0015359786672130007 -0.0039730912402921028 0.0015000825048752451 -0.0032671930266048306 0.0007728935202631213 0.0012476374437171377 1.0207606719899249 -0.00083240766470260563
decision_type=2 2 2 2 2 2 2 2 2 2 2 2 2 2 2 2 2 2 2 2 2 2 2 2 2 2 2 2
left_child=7 2 3 4 -2 -5 -4 14 10 -10 11 -9 -12 -11 15 18 19 -18 -1 -16 -17 22 25 24 -23 -3 -24 -25
right_child=1 21 6 5 -6 -7 -8 8 9 13 12 -13 -14 -15 16 20 17 -19 -20 -21 -22 23 26 27 -26 -27 -28 -29
leaf_value=-0.0038047669353693972 0.0091942454616851538 0.035903397230068537 0.12266513334487164 0.12552547526396604 -0.051680173076258121 0.020604031125288025 0.035306295434241346 0.0076177142022247181 0.10254017491806953 -0.02526595259835265 0.014558987309195186 -0.11217987974630597 -0.022589449454298784 0.005906390330211668 -0.019237949638379513 0.010898985699295748 0.089098421864098887 -0.025516529653916105 0.031471475376104834 0.051410608265792371 -0.044687255454318051 0.06943505554298289 0.013951505479602298 0.0032785599676810567 -0.028429838039913322 0.11752977293508803 -0.015828291651357986 -0.00014419373000495547
leaf_weight=1187.554664388299 133.70881673693657 11.180525377392771 7.1462878733873367 5.1974357813596717 12.49041163921356 8.7133064717054349 6.4616110026836378 129.57608805596828 5.7146106809377661 52.495995044708252 46.224522724747658 4.9706367552280417 338.98751996457577 361.96209402382374 231.03728266060352 648.86104683578014 17.228121772408485 21.891254380345345 47.415346696972847 10.695125877857206 16.118201315402985 6.1588444709777823 85.395418629050255 1583.2509094923735 97.002347901463509 8.6906396150588971 50.565052777528763 17017.205049976707
leaf_count=4812 536 45 30 21 50 35 26 523 23 213 186 20 1358 1457 927 2606 69 88 191 43 65 25 344 6361 389 35 205 68165
internal_value=-4.16781e-07 0.000249106 0.0145093 0.00884258 0.00399349 0.0598056 0.0811834 -0.00152224 -0.00548719 0.00332603 -0.0126118 0.00319196 -0.0181317 0.00195805 0.000186665 0.00175032 -0.0103914 0.0249597 -0.00245037 -0.0161122 0.00955165 0.000117753 0.0116399 2.17545e-05 -0.0225872 0.0716026 0.0028761 0.000147147
internal_weight=22153.9 19033.2 173.718 160.11 146.199 13.9107 13.6079 3120.73 939.931 420.173 519.759 134.547 385.212 414.458 2180.8 1899.95 280.852 39.1194 1234.97 241.732 664.979 18859.4 155.832 18703.6 103.161 19.8712 135.96 18600.5
internal_count=88848 76267 698 642 586 56 56 12581 3780 1693 2087 543 1544 1670 8801 7674 1127 157 5003 970 2671 75569 629 74940 414 80 549 74526
is_linear=0
shrinkage=0.1


Tree=45
num_leaves=26
num_cat=0
split_feature=0 1 1 0 4 4 1 3 3 3 0 1 1 2 3 0 4 0 3 1 1 3 0 0 0
split_gain=0.798461 6.02568 4.02173 3.86427 9.04656 8.02377 7.8713 7.45762 8.56924 5.9612 4.24317 6.07281 5.57521 3.74919 3.42499 3.39774 3.36767 3.33289 2.80813 2.64126 8.65572 5.69835 2.25023 9.53449 7.44201
threshold=0.0006504651686178865 0.00052511748700701693 0.00054638401397413903 0.00046541976803871071 0.0025638846103429595 0.00076621970538448558 0.00015744726305540985 0.0038206074934340477 0.0027725737840987867 0.0036521821673244363 0.00037803305954586813 0.0033446661557002991 0.0027902733559997651 1.1961587882782274 0.0010537241738654004 0.00098010705796158803 0.0054050733992547792 0.00068098951561423881 0.00035539058415845487 0.00086609015523160537 0.0010101862553028218 0.00034039172069100237 0.00011763667921826927 0.00016479755067677629 6.1459496995763821e-05
decision_type=2 2 2 2 2 2 2 2 2 2 2 2 2 2 2 2 2 2 2 2 2 2 2 2 2
left_child=3 13 -3 10 5 9 -7 8 -6 -5 22 12 -12 14 17 -16 -9 -2 -15 21 -21 -4 24 -24 -1
right_child=1 2 19 4 7 6 -8 16 -10 -11 11 -13 -14 18 15 -17 -18 -19 -20 20 -22 -23 23 -25 -26
leaf_value=0.0002644746868371644 0.013578577820592734 0.073789257249149018 0.027530784283968653 0.008735767378705751 0.026035052429054902 -0.12696914890903463 -0.0078948537847578302 0.1008378993115116 -0.031452594787859021 -0.093591007440621266 -0.0068357197208777608 -0.092861099393788032 0.094542044742000869 0.07284410644802447 -0.031482335888742947 0.063502871368773181 0.040246036264991403 -0.068678545389332102 -0.018288124530869809 -0.019834577984240657 -0.00025984739292829229 -0.0026400362382915455 0.013073969446985091 -0.00017795107258511324 -0.0093965394810635594
leaf_weight=12000.662137746811 5.73659823834896 7.221870243549346 100.11004287004471 749.21736711263657 142.33080215752125 5.6309921890497199 393.24053449928761 15.207829236984251 31.705465540289879 5.7367744594812384 840.37538236379623 8.1606311202049238 5.4599476158618918 5.4464605152606955 13.82548174262047 5.1758459806442252 23.11460043489933 34.849445164203644 8.9169936031103116 243.32112100720406 3154.689617022872 167.07268907129765 682.94958707690239 2648.0364356040955 854.08943553268909
leaf_count=48152 23 29 401 3001 570 23 1575 61 127 23 3366 33 22 22 56 21 93 142 36 975 12666 669 2736 10605 3421
internal_value=-2.64285e-07 -0.001331 -0.000761892 0.000270595 0.00538778 0.00189677 -0.00957586 0.0243558 0.0155621 0.0079582 -0.000139683 -0.00700961 -0.00618132 -0.029593 -0.0406477 -0.00560894 0.0642912 -0.057052 0.0162682 -0.000908787 -0.00166153 0.00866459 0.00022279 0.00253908 -0.000377418
internal_weight=22152.3 3746.37 3672.42 18405.9 1366.18 1153.83 398.872 212.359 174.036 754.954 17039.7 853.996 845.835 73.9508 59.5874 19.0013 38.3224 40.586 14.3635 3665.19 3398.01 267.183 16185.7 3330.99 12854.8
internal_count=88848 15040 14740 73808 5473 4622 1598 851 697 3024 68335 3421 3388 300 242 77 154 165 58 14711 13641 1070 64914 13341 51573
is_linear=0
shrinkage=0.1


Tree=46
num_leaves=27
num_cat=0
split_feature=3 0 1 1 3 1 2 4 3 2 4 1 1 2 2 3 2 4 4 4 0 2 3 0 3 1
split_gain=0.80739 4.32371 6.06811 7.27406 5.19563 3.66665 8.00268 10.8242 6.80348 6.60535 5.77699 4.12087 6.65512 6.88785 4.9918 3.99336 3.65023 3.40769 6.74665 6.33555 5.27513 4.85387 4.40333 3.98177 3.36303 2.78733
threshold=-0.00041368805668107184 -0.0017801256158638255 0.0017713960455321826 0.0029905544669035391 0.0033324228907926083 0.00075056786387694095 0.7470832565393225 0.0024425876524551975 -0.00093136731354925828 0.61157718792233184 0.00028764971596006999 0.00084723839944960994 0.00088118478178873685 1.0902235049276479 0.36751290205720016 -0.00060617824868841586 0.74372391142723837 0.00015106881270576802 -0.00011530016880334502 0.00026897687627780448 0.0023136034531496823 0.18234334515318454 -8.1410022787609102e-05 -0.00046942856886306167 -0.0016309254606472476 0.0025762711975570525
decision_type=2 2 2 2 2 2 2 2 2 2 2 2 2 2 2 2 2 2 2 2 2 2 2 2 2 2
left_child=5 2 -2 25 -5 6 8 10 16 -10 -8 14 13 -13 -7 -16 -1 18 21 23 -20 -3 -21 -19 -14 -4
right_child=1 17 3 4 -6 11 7 -9 9 -11 -12 12 24 -15 15 -17 -18 19 20 22 -22 -23 -24 -25 -26 -27
leaf_value=0.010870106347535439 0.085933414108298842 0.059763470907438769 -0.026521271003871579 0.013166523356901086 -0.027672997221539271 0.085838710161944137 -0.0095603443264815798 -0.13002412155941065 -0.016148908943991253 0.0073495929499006202 0.0092905938958780764 -0.0062401451098383076 -0.0018742258534910053 -0.050541719926822964 0.01194308646616012 -0.01319660912740357 0.091125914866866359 0.017368264860697941 0.009553931162547602 0.0077715714353322838 0.11030102083268212 0.00068548803237022027 -0.00053233446105063677 -0.014677375956893463 0.0034879098245602751 -0.066507520385312616
leaf_weight=475.03720557689667 5.9381821453571311 13.957508131861685 46.003809407353401 81.18068365752697 50.548150762915611 8.3978747576475126 1486.3111930936575 7.2413973212242118 252.23235350847244 227.5320437848568 182.53308807313442 113.05548548698425 2640.8752782940865 50.893545925617218 410.83086739480495 74.669800564646721 5.7356034219264975 42.635901108384132 1005.7575699687004 695.02199612557888 5.2241830676794043 3850.3067523092031 7863.5954272150993 428.04908806085587 2099.5405627340078 28.069481179118156
leaf_count=1910 24 57 185 329 205 34 5953 29 1011 911 731 453 10645 204 1648 299 23 171 4028 2784 21 15428 31516 1714 8422 113
internal_value=-3.13764e-07 0.00045517 -0.0137271 -0.0166027 -0.00250478 -0.000800542 -0.00385721 -0.00802785 0.00342033 -0.00500456 -0.00749849 0.000692398 -0.000184391 -0.0199924 0.00939882 0.00807661 0.0118276 0.000671139 0.00280163 -0.000479193 0.0100745 0.000898874 0.000142003 -0.0117746 0.000500676 -0.0416737
internal_weight=22151.2 14116.3 211.74 205.802 131.729 8034.89 2636.62 1676.09 960.537 479.764 1668.84 5398.26 4904.36 163.949 493.899 485.501 480.773 13904.5 4875.25 9029.3 1010.98 3864.26 8558.62 470.685 4740.42 74.0733
internal_count=88848 56575 856 832 534 32273 10568 6713 3855 1922 6684 21705 19724 657 1981 1947 1933 55719 19534 36185 4049 15485 34300 1885 19067 298
is_linear=0
shrinkage=0.1


Tree=47
num_leaves=20
num_cat=0
split_feature=4 2 4 2 1 2 3 1 2 3 3 4 3 1 1 2 3 3 3
split_gain=0.828825 4.20937 3.2867 7.38707 8.09219 8.00992 4.19886 3.06433 2.91231 6.9708 2.81644 2.56216 1.69828 3.83125 5.234 3.55457 1.21019 4.61617 4.34778
threshold=-0.010377681253029512 0.47593043213718894 -0.0073928386550019534 2.0942603129418562 0.0042207339604929828 1.1221220219548609 -0.0061857789154701184 0.0016141269212459218 0.55470541089742997 -0.0083546574870773643 -0.011092317359267355 -0.01231919007560439 -0.0070854922834909231 0.0059201420549555017 0.0066926180643305348 1.6143224399079572 -0.0028041770288634855 -0.0029121203257060908 -0.0023023759970827169
decision_type=2 2 2 2 2 2 2 2 2 2 2 2 2 2 2 2 2 2 2
left_child=1 11 3 4 6 -6 -2 -3 9 -9 -10 -1 13 15 -15 -4 17 -14 -18
right_child=2 7 12 -5 5 -7 -8 8 10 -11 -12 -13 16 14 -16 -17 18 -19 -20
leaf_value=0.11270726347451471 0.020816747788736979 -0.060258728864227319 -0.01826453158869577 0.099041869090487011 -0.015359225251736894 -0.10455050058839917 -0.013446193626728066 0.033139100187518901 -0.011822306846287062 -0.13357630739007834 0.013663991103721155 0.018930092717994774 0.0015121172889117733 0.097107434248797198 -0.018429978669320446 -0.099488783864381938 -0.0092791929225933545 0.026226541806054472 0.00017797744104201078
leaf_weight=5.6482621431350708 45.700320303440094 7.4591245055198661 55.141907766461372 5.9265080988407126 22.865431606769562 17.991658061742783 164.55306623876095 5.1609954386949539 58.234927341341972 4.8790016323328 169.75085151195526 6.0173209160566312 1000.2795771807432 6.5942942053079632 9.6716073602437955 5.9712944626808158 498.2456741631031 81.752219572663307 19978.227931797504
leaf_count=23 188 31 226 24 95 74 669 21 239 20 691 25 4027 27 40 25 2002 330 80071
internal_value=-2.40651e-07 0.00564396 -6.65364e-05 -0.0113079 -0.0139123 -0.0546351 -0.00599886 0.00285491 0.00483273 -0.0478773 0.00715397 0.0643353 6.7012e-05 -0.0147212 0.0284096 -0.0262009 0.000120091 0.0033794 -5.214e-05
internal_weight=22150.1 257.15 21892.9 257.037 251.11 40.8571 210.253 245.485 238.026 10.04 227.986 11.6656 21635.9 77.3791 16.2659 61.1132 21558.5 1082.03 20476.5
internal_count=88848 1050 87798 1050 1026 169 857 1002 971 41 930 48 86748 318 67 251 86430 4357 82073
is_linear=0
shrinkage=0.1


Tree=48
num_leaves=21
num_cat=0
split_feature=0 3 3 4 2 2 0 0 1 4 1 2 3 3 0 4 0 2 1 4
split_gain=0.866626 3.5544 5.33079 3.54011 5.18879 2.61173 2.68857 1.9614 1.83775 4.43321 3.01469 2.97204 2.97216 1.58128 2.89578 1.78199 5.68737 1.75876 1.72666 1.41858
threshold=-0.0036152906144386039 0.0033324228907926083 0.001006594825782581 0.018955880438936926 0.88276288973744521 2.5841790571076304 -0.0047840775196948951 -0.0027143377466134484 0.0032383230344673005 -0.0081670913535846195 0.0030671324790169582 2.1741640703997693 -0.0083546574870773643 -0.0083546574870773643 0.0013161329435269489 -0.016319365878179722 -0.00054788230032920538 0.65253414107596031 0.0027274822118582239 0.018955880438936926
decision_type=2 2 2 2 2 2 2 2 2 2 2 2 2 2 2 2 2 2 2 2
left_child=1 2 5 4 -3 6 -1 8 9 -2 -11 12 -10 14 18 16 -15 -16 -9 -17
right_child=7 3 -4 -5 -6 -7 -8 13 11 10 -12 -13 -14 15 17 19 -18 -19 -20 -21
leaf_value=-0.0036276528218703087 0.097156997839337192 -0.13623683371278822 0.097532441698026121 0.026662733598675353 0.0036709311854758995 -0.058534461094476326 0.024092901125500582 0.003484861143727631 0.020347775181190009 -0.025236120543926197 0.039370798756814401 0.059494344668397259 -0.025190979797029941 0.10038518476340018 -0.030564718230289112 0.00010074219871141149 -0.0023328244168198636 0.038696259690270934 -0.029555587967474924 -0.014020848090050953
leaf_weight=68.64442652463913 4.9227230101823798 5.7007864713668841 6.9355406910181037 5.6632779091596595 4.9547845870256424 5.7032039314508429 71.359603688120842 21.508683383464813 16.463975176215172 22.54505880177021 10.6268373131752 4.975050523877143 110.68303538858891 7.4111992120742824 4.8510587811470058 21610.49074652791 19.768661826848984 15.012181073427199 59.766520515084267 71.37032425403595
leaf_count=282 20 24 29 23 20 23 289 89 67 91 43 20 449 30 20 86652 81 61 247 288
internal_value=-3.924e-07 0.00713403 0.0118764 -0.037225 -0.0711805 0.00779925 0.0105014 -5.52342e-05 -0.0107481 0.00860264 -0.00453886 -0.0163275 -0.0192943 2.82179e-05 -0.0124467 8.63361e-05 0.0256755 0.0217811 -0.0208118 5.42581e-05
internal_weight=22149.4 168.962 152.643 16.3188 10.6556 145.707 140.004 21980.4 170.217 38.0946 33.1719 132.122 127.147 21810.2 101.138 21709 27.1799 19.8632 81.2752 21681.9
internal_count=88848 690 623 67 44 594 571 88158 690 154 134 536 516 87468 417 87051 111 81 336 86940
is_linear=0
shrinkage=0.1


Tree=49
num_leaves=27
num_cat=0
split_feature=4 4 0 3 2 2 3 0 4 0 2 2 0 1 3 2 2 4 0 1 3 0 3 4 3 1
split_gain=0.778759 5.70652 5.97297 3.26184 7.34703 6.02838 4.85641 2.91685 8.96502 7.74922 6.82066 6.80445 6.55329 4.08437 2.88857 6.79693 2.52593 10.9826 4.42632 4.33627 2.39355 8.51703 2.35307 2.26117 1.92295 1.90932
threshold=0.0018164121651289558 0.0018940660110935428 -0.00087666142925751911 0.00047776715136826914 2.923030032005447 2.5841790571076304 0.001877942925487486 0.00057475824394515051 0.002018724790049609 0.00042890449364774158 0.69710576968408799 0.85161926752704398 0.0018790592310340417 0.00060622462851489371 -0.0007943902836218818 0.87291733820052075 2.923030032005447 -0.000135346843279982 -0.00022614841007467798 0.00063990226950537659 0.00046574369213359118 0.00057475824394515051 -5.2895586162504664e-05 0.00078518229838919773 0.0013388229780980645 0.0024843317791355549
decision_type=2 2 2 2 2 2 2 2 2 2 2 2 2 2 2 2 2 2 2 2 2 2 2 2 2 2
left_child=3 2 -2 16 5 6 -5 9 12 13 -11 -10 -9 -3 15 -4 20 19 -19 -18 25 -22 -16 -6 -7 -1
right_child=1 7 14 4 23 24 -8 8 11 10 -12 -13 -14 -15 22 -17 17 18 -20 -21 21 -23 -24 -25 -26 -27
leaf_value=0.00067195322752692166 -0.059312652418118034 -0.0088742207933199934 0.05552659813059771 -0.0041295914645680066 -0.037207424356730738 0.078179645392923158 0.0043512738280880921 -0.029057589452468221 -0.012446502648371202 0.051550897237509219 0.010906202707215869 0.0026189941380226527 -0.13919259311009721 0.0025976409292626456 0.061976990987430161 -0.10751293600472625 -0.095941814833604436 0.022649049112921815 0.12913416972732181 0.0049964565432068274 0.031157208695724498 -0.067938724510858736 0.022494690463119082 -0.11323358443906038 0.0055529418027369199 -0.003738158014878137
leaf_weight=12083.687647759914 9.2154290676116926 371.83855664730072 4.9908577501773816 3707.9371201545 8.9442772418260557 12.172319829463961 825.52997696399689 59.882689043879509 405.74269451200962 51.355061307549477 210.60960794985294 1148.1284006386995 5.9384426176547995 1876.9250567108393 16.975474640727043 5.2432837039232254 4.9871279299259177 6.238371521234515 10.430150225758551 29.032239884138107 65.93019962310791 9.98692339658737 136.25569808483124 6.9533368349075309 5.2043708264827719 1068.5098038464785
leaf_count=48443 37 1491 20 14857 36 49 3316 240 1629 206 844 4605 24 7530 68 21 20 25 42 117 264 40 546 28 21 4329
internal_value=-4.32579e-07 0.00120711 0.0190174 -0.000291607 -0.00259699 -0.00235992 -0.00258525 0.000462515 -0.00284608 0.00259692 0.0188741 -0.00131487 -0.0389941 0.000700741 0.0234332 -0.0280039 0.000501241 0.0227819 0.089281 -0.00980076 0.000415866 0.0181211 0.0268687 -0.0704599 0.0564277 0.000313667
internal_weight=22148.6 4303.1 172.681 17845.5 4566.74 4550.84 4533.47 4130.42 1619.69 2510.73 261.965 1553.87 65.8211 2248.76 163.465 10.2341 13278.8 50.6879 16.6685 34.0194 13228.1 75.9171 153.231 15.8976 17.3767 13152.2
internal_count=88848 17261 692 71587 18307 18243 18173 16569 6498 10071 1050 6234 264 9021 655 41 53280 204 67 137 53076 304 614 64 70 52772
is_linear=0
shrinkage=0.1


Tree=50
num_leaves=27
num_cat=0
split_feature=3 4 3 4 1 3 1 3 4 0 0 1 0 0 4 4 3 1 0 3 2 3 2 0 0 2
split_gain=0.784691 5.71635 10.5865 6.25156 5.674 7.71709 4.96255 5.89646 8.47755 4.56953 6.43635 4.31899 10.1286 10.1192 4.08391 3.89002 3.7796 8.12396 3.71899 3.59185 3.39833 6.01334 3.58064 2.6599 5.95725 4.6019
threshold=0.0014285696400184735 0.0039114212512501032 0.00043749333175791 0.0037754627359576358 0.00041931926434851782 0.0014604322233544578 0.00066200345248832468 0.0019303758638233861 0.0054050733992547792 -0.00076945614752327296 0.00043895156026463328 0.00061648975661198044 0.00020869928936473328 -8.2947435588009974e-05 0.0043736337000656053 0.0026220154444025483 0.00088531149163251232 0.0013261416597334678 0.00087903507532349778 0.0019771274007315269 1.1902255872199758 -0.0010367786196341375 1.1264437449437061 0.0014197599427387966 0.0011542097735943726 1.1173878577464089
decision_type=2 2 2 2 2 2 2 2 2 2 2 2 2 2 2 2 2 2 2 2 2 2 2 2 2 2
left_child=1 3 20 23 5 -2 11 8 -8 -5 -11 13 -13 -6 15 -7 17 -4 -18 -9 22 -22 -3 24 -1 -25
right_child=4 2 16 9 6 14 7 19 -10 10 -12 12 -14 -15 -16 -17 18 -19 -20 -21 21 -23 -24 25 -26 -27
leaf_value=3.6894480834935429e-05 -0.1299416247389048 0.00049361620999915142 0.00095230065229898729 0.027682746894318089 -0.037013635008868985 -0.020122999488378153 -0.011411285678701767 0.023232596458028301 0.031063532207453011 -0.1094587452044439 0.00092531736213735053 0.068553011709228312 -0.0031267807728356761 0.014454756116041965 -0.091971941509014499 0.026041174285412073 0.029881739475994474 0.074371370330579986 -0.011951365321683985 8.2904754503266306e-05 0.016779093226243279 -0.063621123880287331 0.062743474405122346 -0.00028927606047277131 0.014956961093892142 -0.021936157633035625
leaf_weight=17100.173301950097 6.2285120189189902 200.41020858287811 22.956760466098785 6.4589487761259106 47.094804629683495 103.46369922161102 798.54486544430256 68.871364712715149 49.92820543050766 13.981385827064516 8.4899693280458433 38.211870834231377 40.720331624150276 202.2625058889389 6.7237655222415915 22.16341458261013 81.951547801494598 43.87645997107029 28.691355839371681 2498.1985120773315 16.287645637989044 21.691367715597153 9.6868938505649549 290.22440326213837 271.86579428613186 148.43692840635777
leaf_count=68580 25 806 92 26 189 416 3200 276 201 56 34 153 163 811 27 89 329 176 115 10030 66 87 39 1172 1091 599
internal_value=-4.44615e-07 0.000273981 0.0117282 7.49438e-07 -0.00129151 -0.0211617 -0.000556003 -0.00168474 -0.00891186 -0.0464471 -0.0677542 0.0111874 0.0315741 0.00473419 -0.0160425 -0.0119786 0.0303757 0.0491524 0.0190338 0.000703983 -0.0016125 -0.0291408 0.00336375 7.61956e-05 0.000270388 -0.00761428
internal_weight=22147.6 18265.2 425.552 17839.6 3882.41 138.579 3743.83 3415.54 848.473 28.9303 22.4714 328.29 78.9322 249.357 132.351 125.627 177.476 66.8332 110.643 2567.07 248.076 37.979 210.097 17810.7 17372 438.661
internal_count=88848 73268 1710 71558 15580 557 15023 13707 3401 116 90 1316 316 1000 532 505 712 268 444 10306 998 153 845 71442 69671 1771
is_linear=0
shrinkage=0.1


Tree=51
num_leaves=20
num_cat=0
split_feature=0 3 3 3 2 2 0 2 1 2 1 4 3 0 2 0 4 3 4
split_gain=0.730395 2.9564 4.34666 3.26111 2.13046 2.31662 1.54847 1.66305 8.24099 2.68864 1.60524 1.44958 1.34786 1.8612 1.86255 1.06685 1.02981 3.05771 2.40952
threshold=-0.0036152906144386039 0.0033324228907926083 0.001006594825782581 0.0064550349822616324 2.5841790571076304 2.0270898227349439 -0.0027143377466134484 0.61627221520503317 0.0038622095248641007 0.66936129372258979 0.0042207339604929828 0.018955880438936926 -0.011092317359267355 0.0013161329435269489 0.85461109297507465 0.0025171205362676257 0.018955880438936926 -0.00070482861829346255 0.010985695010952925
decision_type=2 2 2 2 2 2 2 2 2 2 2 2 2 2 2 2 2 2 2
left_child=1 2 4 -3 5 -1 7 8 -2 -9 -11 -5 13 14 -8 -15 18 -18 -14
right_child=6 3 -4 11 -6 -7 12 9 -10 10 -12 -13 16 15 -16 -17 17 -19 -20
leaf_value=0.0054850896343051694 0.038454384444137929 -0.094626734919606159 0.08914131795142273 -0.039539712937264548 -0.052734567203135886 0.049280823981550481 -0.052875161134916575 0.065667033937538588 -0.11995610937167711 -0.017418968356389834 0.0035820554045705834 0.03517864620193055 8.1717537465086611e-06 0.051738848722175851 -0.0050828443153615906 -0.0086415244521838817 -0.083271022782198112 -0.0059290259625623858 0.012385610847485811
leaf_weight=126.62164585292339 6.3316081911325437 5.7423072308301952 6.7787715643644324 5.0004095435142499 5.6945969611406317 13.351415306329725 16.835056453943253 4.9722217172384253 6.8229977041482925 91.455960929393768 60.455932125449181 5.4009620845317841 21533.401192486286 4.9736617952585203 15.814408674836157 7.1085716336965561 5.5406512022018424 66.027849391102791 158.43574130535126
leaf_count=517 26 24 29 21 23 54 70 20 28 370 246 22 86354 20 66 29 23 266 640
internal_value=-3.97894e-07 0.00655658 0.0108659 -0.0341367 0.00722328 0.00966257 -5.06951e-05 -0.00955655 -0.0437096 -0.00669284 -0.00906125 -0.000741847 2.34223e-05 -0.0173174 -0.029726 0.0162141 5.90639e-05 -0.0119166 9.85757e-05
internal_weight=22146.8 168.59 152.446 16.1437 145.668 139.973 21978.2 170.039 13.1546 156.884 151.912 10.4014 21808.1 44.7317 32.6495 12.0822 21763.4 71.5685 21691.8
internal_count=88848 690 623 67 594 571 88158 690 54 636 616 43 87468 185 136 49 87283 289 86994
is_linear=0
shrinkage=0.1


Tree=52
num_leaves=20
num_cat=0
split_feature=4 2 4 2 1 2 2 1 2 3 3 4 3 1 1 2 3 0 3
split_gain=0.741264 3.55999 2.53313 5.84058 6.64535 6.74357 4.0658 2.51958 2.19389 6.02368 2.17986 2.13151 1.31316 2.93226 4.24071 3.03272 1.06271 3.85417 3.50641
threshold=-0.010377681253029512 0.47593043213718894 -0.0073928386550019534 2.0942603129418562 0.0042207339604929828 1.1221220219548609 0.47593043213718894 0.0016141269212459218 0.55470541089742997 -0.0083546574870773643 -0.0070854922834909231 -0.016319365878179722 -0.0070854922834909231 0.0059201420549555017 0.0066926180643305348 1.6143224399079572 -0.0028041770288634855 0.00160806738706909 -0.0023023759970827169
decision_type=2 2 2 2 2 2 2 2 2 2 2 2 2 2 2 2 2 2 2
left_child=1 10 3 4 6 -6 -2 -3 9 -9 -1 -10 13 15 -15 -4 17 -14 -18
right_child=2 7 12 -5 5 -7 -8 8 11 -11 -12 -13 16 14 -16 -17 18 -19 -20
leaf_value=0.020577874478727429 -0.0755257046155388 -0.054725481805321476 -0.015772814044039036 0.088495376398172856 -0.013405190568195917 -0.095747489199168256 -0.0023641079891195877 0.033390369038141188 -0.0069146276556452729 -0.12271268695250158 0.10750353886770386 0.01350317020898832 0.0044196969418597949 0.086010013096386354 -0.017709362244272116 -0.091390862105284507 -0.0083469154526617153 -0.025026882904310169 0.00014591083376280453
leaf_weight=6.4796591401100159 7.8925190865993491 7.391826018691062 54.917482331395149 5.8885668516159049 22.759622901678085 17.665818378329277 202.12242782115936 5.1514333635568619 77.468264013528824 4.7524224519729596 5.2001375406980497 150.38127735257149 1035.2387908697128 6.6657745242118862 9.6471737176179868 5.870694324374198 498.26215966045856 46.442949146032333 19975.720102101564
leaf_count=27 34 31 226 24 95 74 823 21 319 20 21 611 4168 27 40 25 2002 189 80071
internal_value=-4.13069e-07 0.00534074 -6.30809e-05 -0.0099457 -0.0122603 -0.0493886 -0.00511358 0.00277086 0.00455844 -0.0415166 0.0592794 0.00656117 5.40194e-05 -0.0129733 0.0246723 -0.0230757 0.000100616 0.00315538 -6.07736e-05
internal_weight=22145.9 256.825 21889.1 256.329 250.44 40.4254 210.015 245.145 237.753 9.90386 11.6798 227.85 21632.8 77.1011 16.3129 60.7882 21555.7 1081.68 20474
internal_count=88848 1050 87798 1050 1026 169 857 1002 971 41 48 930 86748 318 67 251 86430 4357 82073
is_linear=0
shrinkage=0.1


Tree=53
num_leaves=28
num_cat=0
split_feature=4 4 1 4 3 1 2 0 0 2 0 0 2 4 0 1 0 1 1 0 2 1 3 2 0 0 0
split_gain=0.732812 6.89141 4.97256 3.87776 5.70281 4.13093 4.12303 3.72699 3.55924 3.47947 2.68281 5.35322 5.19002 2.61882 2.54696 6.82266 11.1012 3.54319 6.22284 3.47139 3.46081 2.47355 4.21485 4.00312 2.03366 7.013 3.84255
threshold=0.00017910105425111847 0.00026897687627780448 0.0027274822118582239 -0.00031352169838055882 -0.0032671930266048306 0.0020294434121690191 2.5841790571076304 -5.3145317028491228e-05 0.00048420613733479728 0.96228433094266275 -4.6578139010378099e-05 -8.2947435588009974e-05 0.99787797896205899 -0.00033320198585229383 -2.6961575629980136e-05 0.00025056875820919498 -0.00014577259586728839 0.00032121642518779294 0.00031517157201339465 0.00011763667921826927 0.56659695443393143 0.00049360386047127682 0.00043749333175791 0.7942599001645505 0.00010440714146253695 0.00034466737945981768 -5.7899341783074203e-05
decision_type=2 2 2 2 2 2 2 2 2 2 2 2 2 2 2 2 2 2 2 2 2 2 2 2 2 2 2
left_child=3 2 10 13 5 -5 8 -8 -6 -7 11 -2 -12 24 15 16 -3 18 -16 -19 -17 22 -15 -23 26 -26 -1
right_child=1 14 -4 4 6 9 7 -9 -10 -11 12 -13 -14 21 17 20 -18 19 -20 -21 -22 23 -24 -25 25 -27 -28
leaf_value=-0.00020678240090604363 -0.01050437389746371 -0.0046712958833471114 0.065358472082656285 -0.10701842115487332 0.0026101738529464703 0.037211767588501643 0.0056833903933672615 0.095879907516759844 0.013628327538309337 -0.060662931532297126 -0.033083090823718415 0.049837557832844909 -0.0040042357202220704 -0.013980574971101202 -0.006915648433627377 -0.0079966465795264629 0.049157819584130652 -0.0066595993458996297 -0.060807814114161932 0.00038944322088540801 0.0022127957493128249 -0.065095955852444765 0.076654836564671452 -0.0097589043911639993 0.0083424689971256412 -0.0017509433658656215 -0.0071057746749601221
leaf_weight=5190.1149545311928 155.19402469694614 75.397880747914314 7.9545936882495871 7.4739983528852489 2117.5276276767254 6.7279520183801633 8.9725907295942324 9.3603662401437742 340.30020616948605 7.8938924074172974 147.64769877493382 16.240526258945465 105.04716517031193 24.452430844306949 485.88406850397587 371.60268825292587 77.890819519758224 811.07518814504147 22.41419218480587 5038.901231482625 3117.6134979426861 20.715023428201675 6.4932982027530661 35.434581965208054 1079.0162188410759 1901.4402476251125 956.03571325540543
leaf_count=20866 622 303 32 30 8482 27 36 38 1364 32 591 65 421 98 1950 1494 312 3249 90 20199 12500 83 26 142 4324 7641 3831
internal_value=-5.56687e-07 -0.000610056 -0.0129748 0.000542378 0.00403679 -0.046541 0.00448812 0.0517356 0.0041357 -0.0156278 -0.0144439 -0.004788 -0.0209948 -0.000405118 -7.58369e-05 0.00203261 0.022681 -0.00128372 -0.00929211 -0.000587878 0.00112549 -0.0176632 0.00503732 -0.0301742 -0.000240424 0.00190318 -0.00127992
internal_weight=22144.8 10432.9 432.084 11712 2498.26 22.0958 2476.16 18.333 2457.83 14.6218 424.129 171.435 252.695 9213.7 10000.8 3642.5 153.289 6358.27 508.298 5849.98 3489.22 87.0953 30.9457 56.1496 9126.61 2980.46 6146.15
internal_count=88848 41828 1731 47020 10009 89 9920 74 9846 59 1699 687 1012 37011 40097 14609 615 25488 2040 23448 13994 349 124 225 36662 11965 24697
is_linear=0
shrinkage=0.1


Tree=54
num_leaves=23
num_cat=0
split_feature=2 2 0 0 0 3 0 1 3 1 1 1 0 1 3 2 1 1 1 3 3 1
split_gain=0.782623 9.03946 5.80765 3.90617 4.15683 2.94235 2.50748 5.1013 2.46033 5.37433 6.97091 5.17276 3.44891 4.409 3.1015 1.47512 3.34385 6.54063 4.48689 1.44937 5.18963 5.1283
threshold=0.50396646641120901 0.51212731364596176 -0.0012308152774623824 -0.00062506106730669797 0.00077968153348595426 0.0089286905554061286 -0.00092190686377557885 0.0027274822118582239 -0.00095159548720091791 0.00085945186666748215 0.00095703746245530007 1.0000000180025095e-35 0.0025171205362676257 0.0038622095248641007 0.0034856158624565485 0.5607502916132695 0.0007728935202631213 0.00062532981220405216 0.00080942400826334671 -0.0004575082834066268 -0.00044379672734640158 0.00075056786387694095
decision_type=2 2 2 2 2 2 2 2 2 2 2 2 2 2 2 2 2 2 2 2 2 2
left_child=5 2 -2 -4 -5 8 -7 -8 9 11 -11 -1 13 -10 -14 16 17 -3 -18 21 -21 -17
right_child=1 15 3 4 -6 6 7 -9 12 10 -12 -13 14 -15 -16 19 18 -19 -20 20 -22 -23
leaf_value=-0.024655909820436063 -0.13120915697833235 -0.0050346473241907261 0.056050054291722495 -0.040254144413457357 0.030679834614201415 0.018470318761339557 0.0013135471542000355 -0.12239147906598613 0.0004532538064747671 -0.05972800031651461 0.004072487380992619 0.027055964468525748 -0.0013051427492121121 -0.06202098540634611 0.098880341578578626 -0.0051939478315052414 -0.07153856366198981 0.030348621154490548 -0.010157461629522418 0.026519073532422693 0.0005929392879502034 0.00072798030130952641
leaf_weight=21.795185536146164 5.5600153952836981 263.71953216195107 5.4690247327089301 66.5650504976511 9.4320124238729459 5.7231063842773464 6.6539220213890058 6.6802963316440582 1152.0023420602083 19.230037733912468 156.47678785026073 171.98383954167366 5.7241396456956846 11.408213198184965 6.7148773372173309 2084.4703267365694 12.461203724145888 65.148188874125481 268.75369137525558 77.675547048449516 12820.593772992492 4899.5742599964142
leaf_count=89 23 1058 22 267 38 24 27 28 4628 78 635 694 23 47 27 8351 50 261 1081 311 51380 19706
internal_value=-4.84032e-07 -0.000164394 -0.0323252 -0.0255764 -0.0314505 0.00215574 -0.0368973 -0.0606613 0.00263735 0.00975541 -0.00291009 0.0212397 0.000400646 -0.000159358 0.0527774 -2.78156e-05 -0.00487129 0.00197472 -0.0128774 0.000120805 0.000749071 -0.00103949
internal_weight=22143.8 20579.4 87.0261 81.4661 75.9971 1564.39 19.0573 13.3342 1545.34 369.486 175.707 193.779 1175.85 1163.41 12.439 20492.4 610.083 328.868 281.215 19882.3 12898.3 6984.04
internal_count=88848 82548 350 327 305 6300 79 55 6221 1496 713 783 4725 4675 50 82198 2450 1319 1131 79748 51691 28057
is_linear=0
shrinkage=0.1


Tree=55
num_leaves=31
num_cat=0
split_feature=4 4 3 3 3 0 3 2 0 2 3 3 0 4 3 1 4 4 3 1 2 3 4 1 0 0 0 3 3 4
split_gain=0.75235 3.74531 5.42196 6.20319 6.8684 6.54485 5.97377 4.1739 3.88185 3.02439 4.28323 5.90922 3.25193 3.09018 4.72643 3.12017 2.08421 7.16551 8.71983 5.75338 3.56598 5.51328 6.98964 6.29513 5.1761 10.537 5.18643 3.2144 8.257 4.71033
threshold=0.00057092769669442333 0.0010485256788024257 0.0010975927703829049 0.00082982633211947665 0.0007939690157435787 0.00083732602694741598 0.0012522003021081531 0.82269558593606062 1.9367947115545018e-05 1.5627579964421561 -0.00067210036706460963 -0.001355054826502111 -0.0010000487750400076 0.0010960515133449091 -9.3970496239659238e-05 0.00041931926434851782 -0.00066890131469710113 -0.00073323650316253753 0.0020771959195635685 0.0026767689791863912 1.3873281859668349 -0.0007943902836218818 0.00038834735688753069 0.00064543018021738974 2.7133360786413266e-05 8.8727243958697261e-06 0.00011763667921826927 -0.00068830220642229756 -0.00049855781458812965 -0.00084557550282238203
decision_type=2 2 2 2 2 2 2 2 2 2 2 2 2 2 2 2 2 2 2 2 2 2 2 2 2 2 2 2 2 2
left_child=16 2 3 4 -2 -5 7 -4 -8 13 11 -11 -12 14 -3 -15 17 27 19 -19 24 23 -23 -22 25 -18 -26 29 -29 -1
right_child=1 9 6 5 -6 -7 8 -9 -10 10 12 -13 -14 15 -16 -17 20 18 -20 -21 21 22 -24 -25 26 -27 -28 28 -30 -31
leaf_value=0.00099878374661298373 -0.0032011946362987438 -0.016853319516500816 -0.0099487078739467303 0.0093308452567367906 -0.05008401919182795 0.075034105383626398 -0.027212320755544098 -0.061034822399444626 -0.0021648751613429426 -0.0037198015826853618 -0.043644374047550616 -0.096437582932946964 -0.0029960918553655629 -0.0069089282090182436 0.024619429156033091 0.001474258641403604 0.0048108719016810575 -0.012183201112258643 -0.14461450149030017 -0.12083248804056451 -0.071164857108693996 0.0041897751086563979 -0.02442837029223675 -0.013213374333949424 -0.0098189371614935388 0.04701906988898396 0.0017176283385389266 -0.01517045341692063 -0.00036519030820636477 0.019006531359909602
leaf_weight=4391.0342512875795 1402.2133918106556 35.698396608233452 25.408834487199783 164.88968010246754 31.960646763443947 16.696059763431549 87.008030638098717 43.15912601351738 214.19884227216244 15.706895604729654 20.328131571412086 12.223272696137427 618.65038149058819 485.08614179491997 119.35489527881145 5238.7841322720051 2724.4281185120344 251.19051520526409 5.2391079217195502 4.9702546447515479 22.71606981754303 504.69725894927979 102.71227231621742 107.2150737196207 486.51595735549927 60.458115950226784 1957.9681671559811 446.99364294111729 2395.215537533164 150.2248270213604
leaf_count=17680 5619 143 102 661 128 67 349 173 859 63 82 49 2486 1948 478 21008 10918 1006 21 20 91 2023 412 430 1947 242 7841 1791 9609 602
internal_value=-5.14728e-07 -0.000736785 -0.00454111 -0.00204123 -0.00424598 0.015372 -0.0154645 -0.0421041 -0.0094002 0.000417175 -0.00596476 -0.0442965 -0.00428926 0.00114115 0.015071 0.000763801 0.000460959 -0.000632239 -0.0169033 -0.0142913 0.00186162 -0.00464885 -0.000649521 -0.0233451 0.0027796 0.00572719 -0.000578448 -5.61876e-05 -0.00269361 0.00159448
internal_weight=22142.9 8531.37 1985.53 1615.76 1434.17 181.586 369.775 68.568 301.207 6545.83 666.909 27.9302 638.979 5878.92 155.053 5723.87 13611.6 7644.87 261.4 256.161 5966.71 737.341 607.41 129.931 5229.37 2784.89 2444.48 7383.47 2842.21 4541.26
internal_count=88848 34215 7958 6475 5747 728 1483 275 1208 26257 2680 112 2568 23577 621 22956 54633 30729 1047 1026 23904 2956 2435 521 20948 11160 9788 29682 11400 18282
is_linear=0
shrinkage=0.1


Tree=56
num_leaves=27
num_cat=0
split_feature=3 4 3 4 1 3 1 3 4 0 2 2 0 4 0 0 0 1 2 0 0 0 0 1 0 3
split_gain=0.70694 4.58012 8.47779 5.0807 4.18518 6.23631 4.0955 4.74904 8.86596 4.54315 4.15506 4.3592 3.77787 3.75806 3.71422 5.24657 3.66495 7.10744 5.05091 2.74639 5.31229 4.3199 2.57632 2.29534 9.2002 6.43336
threshold=0.0014285696400184735 0.0039114212512501032 0.00043749333175791 0.0037754627359576358 0.00041931926434851782 0.0014604322233544578 0.00066200345248832468 0.001877942925487486 0.010985695010952925 -8.2947435588009974e-05 0.2706817224825519 0.75379396329892356 0.00062200694940195433 0.0042092301650493722 -0.00076945614752327296 0.00043895156026463328 4.7486972842958337e-05 0.0035735754701764467 1.2310884345462558 -0.00043076590307505874 -0.00063921530720478781 -0.00035989506764422247 0.00085658430433122057 0.0018543353002469594 -0.0014256822048466786 -0.0010624189754768196
decision_type=2 2 2 2 2 2 2 2 2 2 2 2 2 2 2 2 2 2 2 2 2 2 2 2 2 2
left_child=1 3 19 23 5 -2 10 8 -8 -9 -6 -12 13 -7 -5 -16 17 -4 -18 20 -3 -21 -14 24 -1 -25
right_child=4 2 16 14 6 12 7 9 -10 -11 11 -13 22 -15 15 -17 18 -19 -20 21 -22 -23 -24 25 -26 -27
leaf_value=0.023829581763373221 -0.11661523720332188 0.0019639352130675215 0.002506776126804416 0.025005683144890059 0.094480856904099478 -0.014498940788316445 -0.009446606231873985 0.0078276279992450636 0.11023889256911368 -0.001916273663353109 -0.0071895839983064595 0.017151276174180378 0.091970996674494127 -0.092999570492260542 -0.098816718177781565 0.0008877373038104103 0.052253319309087887 0.11732542009895822 -0.0017023156405921828 -0.084513643325733245 0.067765784100978874 -0.0064267036153400001 -0.0079213828457870891 0.0010247510943789298 0.00027238888179869535 -0.0098896738631442938
leaf_weight=167.60643699765205 6.1650394946336737 92.365735247731209 72.434192940592766 6.4480686038732555 5.7304392307996741 115.41417829692364 771.60132133960724 628.18897724151611 6.239367648959159 2008.2768645435572 113.59877559542656 208.83312220871449 5.4086616039276105 6.4386427700519553 13.953927159309389 8.4881417304277402 76.487194433808327 5.8247722983360282 22.440014705061913 7.4805095940828314 14.148208722472189 133.87094546854496 4.9400468021631241 1534.9228673428297 15270.99762365222 833.21437087655067
leaf_count=676 25 373 291 26 23 464 3093 2528 26 8060 456 837 22 26 56 34 307 24 90 30 57 538 20 6208 61209 3349
internal_value=-5.1541e-07 0.000259975 0.0105189 1.54875e-05 -0.00122621 -0.018305 -0.000594775 -0.00162035 -0.00848656 0.000405399 0.0100756 0.00857554 -0.0137205 -0.0186469 -0.0418865 -0.061106 0.0272227 0.0110527 0.0400144 -0.0014217 0.0107044 -0.0105592 0.0442865 8.34705e-05 0.000528133 -0.00281542
internal_weight=22141.5 18260.7 425.052 17835.6 3880.84 138.367 3742.47 3414.31 777.841 2636.47 328.162 322.432 132.202 121.853 28.8901 22.4421 177.186 78.259 98.9272 247.865 106.514 141.351 10.3487 17806.7 15438.6 2368.14
internal_count=88848 73268 1710 71558 15580 557 15023 13707 3119 10588 1316 1293 532 490 116 90 712 315 397 998 430 568 42 71442 61885 9557
is_linear=0
shrinkage=0.1


Tree=57
num_leaves=29
num_cat=0
split_feature=1 0 3 4 3 0 3 3 0 0 2 0 0 1 4 0 4 0 4 4 0 2 3 3 0 2 2 0
split_gain=0.656165 8.31326 6.48628 6.40439 6.10089 7.06034 4.99978 7.14732 4.7554 7.06073 4.31847 3.51754 3.3557 3.26986 5.62913 5.31238 5.64271 5.19154 4.66372 3.82593 3.15218 1.82513 5.13087 7.81672 4.13735 2.34934 6.14943 5.50431
threshold=0.00037001496326699031 0.00036988077543109737 0.0012522003021081531 0.0026220154444025483 -0.00017712746473619309 0.00074524968478306708 -0.002110464077581586 -0.001355054826502111 -0.00015613696334842994 0.00010960405609050651 0.5607502916132695 -0.00021976492478831264 0.0006962552893275965 0.00039133917944540541 0.00028764971596006999 0.00026668800189655345 -0.00020708765498061996 -0.00034216514222901168 0.0026220154444025483 0.0021661895716007522 -0.00035117497323100538 0.34875881401126035 0.0026868528537014051 0.0014604322233544578 0.0021469959577472557 0.65660541513226989 0.70482778278925096 0.00090410223401904421
decision_type=2 2 2 2 2 2 2 2 2 2 2 2 2 2 2 2 2 2 2 2 2 2 2 2 2 2 2 2
left_child=1 2 6 4 5 -3 20 -8 11 -10 -6 -4 -5 14 15 17 -17 -2 19 -16 -1 22 23 -15 -24 27 -27 -23
right_child=13 3 8 12 10 -7 7 -9 9 -11 -12 -13 -14 21 18 16 -18 -19 -20 -21 -22 25 24 -25 -26 26 -28 -29
leaf_value=-0.0038281328194831217 -0.044346644558432957 0.025866869057284865 -0.03931995654011454 0.096498292314439946 -0.018422934163302547 -0.081466880859126678 -0.029235617033561284 0.0043540532502309914 0.015801131714433325 -0.039786905264210956 -0.063629461600895887 -0.13329707633925281 -0.011771998515120825 0.0066872295750554384 -0.025682666345386657 -0.010587519776622072 -0.11782916552024172 0.011986991678470246 0.054628465498532487 -0.10750254758326708 0.074044733300940566 -0.0014010510975208195 -0.039230093182009526 0.061568591883455349 0.044446054459957168 0.008465157927671654 -0.00016560138560050614 -0.016650177004538285
leaf_weight=7.6167749017477062 18.16454005241394 30.25040602684021 14.800409927964212 6.4476579129695875 37.324156552553177 7.6855038404464713 65.142292007803917 2299.6598878502846 47.295695602893829 44.208648800849915 48.707500830292702 5.44927954673767 5.1484138667583466 244.23405976593494 128.33253568410873 15.227294996380808 7.2387686371803275 164.59305386245251 6.9595396518707267 5.9814142882823935 16.36895452439785 2393.7832512110472 34.842465251684189 29.037792280316353 7.1158786416053763 872.57749064266682 15313.402832090855 262.68344034254551
leaf_count=31 73 122 60 26 152 32 262 9213 190 178 196 22 21 987 514 61 29 659 28 24 67 9611 143 117 29 3501 61441 1059
internal_value=-4.30874e-07 0.00148037 0.00278792 -0.0226381 -0.0292858 0.00412193 0.00388952 0.00342877 -0.0207592 -0.0110552 -0.044017 -0.0646096 0.0484285 -0.00020057 -0.00982827 0.000746901 -0.0451417 0.00638791 -0.0251905 -0.0293264 0.0493159 -2.64379e-05 0.00751979 0.0125189 -0.0250391 -0.000152685 0.000299678 -0.00290895
internal_weight=22140.3 2636.11 2500.54 135.564 123.968 37.9359 2388.79 2364.8 111.754 91.5043 86.0317 20.2497 11.5961 19504.2 346.497 205.224 22.4661 182.758 141.273 134.314 23.9857 19157.7 315.23 273.272 41.9583 18842.4 16186 2656.47
internal_count=88848 10572 10023 549 502 154 9573 9475 450 368 348 82 47 78276 1388 822 90 732 566 538 98 76888 1276 1104 172 75612 64942 10670
is_linear=0
shrinkage=0.1


Tree=58
num_leaves=22
num_cat=0
split_feature=2 2 0 0 0 4 4 2 0 2 0 3 3 3 3 0 0 2 0 1 0
split_gain=0.62953 7.24476 4.90143 3.15361 3.48863 2.39661 5.56862 3.75246 2.23494 7.78502 5.4528 2.2103 3.15831 2.82946 1.34216 4.73637 7.074 3.8977 2.06669 7.83407 2.96493
threshold=0.50396646641120901 0.51212731364596176 -0.0012308152774623824 -0.00062506106730669797 0.00077968153348595426 0.0049319359295472162 0.0047223389702929506 0.18234334515318454 -0.00028125889924868192 0.4551086110316464 0.00052956342221255348 -0.0061857789154701184 -0.011092317359267355 -0.00095159548720091791 0.0038206074934340477 -0.0021216054477248276 0.0011542097735943726 1.0014573006747509 0.0019962234833329488 0.0029165180596128944 0.0011542097735943726
decision_type=2 2 2 2 2 2 2 2 2 2 2 2 2 2 2 2 2 2 2 2 2
left_child=5 2 -2 -4 -5 6 11 -7 9 -9 -10 12 -1 -13 18 17 -17 -16 20 -20 -3
right_child=1 14 3 4 -6 7 -8 8 10 -11 -12 13 -14 -15 15 16 -18 -19 19 -21 -22
leaf_value=0.029443025027715133 -0.12060149152147431 -0.00032596939681604704 0.050543400103080519 -0.036173662892109403 0.028797336876563474 -0.091459768773737168 0.10133161420665965 -0.06077154900453418 0.042915798596347088 0.059416991285356636 -0.023537306064275083 0.010866323386392497 -0.056633939711076331 0.00048804367720297736 -0.050881676741414097 0.0146791464519394 -0.0037145692174615722 0.029918535251545426 -0.027769111438534635 0.002716608037925769 0.0055720444974708266
leaf_weight=6.1294309347867992 5.4699591845273963 18346.371747031808 5.4670276939868918 66.460920870304108 9.4381180554628354 5.8750370889902106 5.7225488424301139 21.674519076943401 21.059266969561577 7.1728251278400412 29.849735707044601 344.41063517332077 13.996173799037932 1107.2045785188675 26.48175036907196 410.35354189574718 426.29614385962486 7.7077882140874854 126.89933854341507 251.0646820217371 893.84638746082783
leaf_count=25 23 73578 22 267 38 25 23 89 85 29 121 1393 60 4450 108 1649 1715 31 512 1016 3589
internal_value=-4.81485e-07 -0.000147456 -0.0289708 -0.0228107 -0.0280945 0.00193423 0.00287691 -0.0143305 -0.00864901 -0.0308869 0.00395201 0.00249409 -0.0304184 0.0029504 -2.52983e-05 0.00381621 0.00530704 -0.0326658 -0.00019582 -0.0075188 -5.19643e-05
internal_weight=22139 20575.9 86.836 81.3661 75.899 1563.09 1477.46 85.6314 79.7563 28.8473 50.909 1471.74 20.1256 1451.62 20489 870.839 836.65 34.1895 19618.2 377.964 19240.2
internal_count=88848 82548 350 327 305 6300 5951 349 324 118 206 5928 85 5843 82198 3503 3364 139 78695 1528 77167
is_linear=0
shrinkage=0.1


Tree=59
num_leaves=25
num_cat=0
split_feature=0 2 2 1 3 3 0 2 2 0 1 0 4 1 1 4 3 1 2 2 3 4 2 4
split_gain=0.649225 2.24758 6.23538 4.05292 3.844 3.3991 3.07097 3.96442 2.40205 1.22787 1.47264 3.72405 3.87441 2.59698 5.83275 4.6595 1.18195 1.63482 3.21724 2.1731 1.1501 1.10301 4.89106 0.833246
threshold=-0.0036152906144386039 0.89250809879544601 0.92508569152605336 0.0081590560830335866 -0.0083546574870773643 -0.0055556681806949162 -0.0047840775196948951 1.2187902781674398 2.0270898227349439 -0.0027143377466134484 0.0032383230344673005 -0.0030594646147519828 -0.0030565871112466776 0.0042207339604929828 0.0046503511491010393 -2.7876507122381874e-05 -0.011092317359267355 0.0029905544669035391 0.66505057189249051 0.84824455045986424 -0.0027086949358975927 -0.016319365878179722 0.75044638515352802 0.018955880438936926
decision_type=2 2 2 2 2 2 2 2 2 2 2 2 2 2 2 2 2 2 2 2 2 2 2 2
left_child=1 3 -3 4 -1 -6 8 -8 -4 10 11 20 -13 15 -15 -12 17 19 -19 -11 -2 22 -18 -23
right_child=9 2 6 -5 5 -7 7 -9 -10 16 13 12 -14 14 -16 -17 21 18 -20 -21 -22 23 -24 -25
leaf_value=0.044791703079520816 0.019786860531459005 0.1113794768224044 -0.018391017032327667 0.051828796986806272 -0.1195328962059278 -0.027927909796453754 0.056612158516029944 0.0035616197411924458 0.030835973284334534 -0.096434197378730879 -0.044844579026028369 0.022158106149390157 -0.055143581716003975 0.039424496775041146 -0.021941517363863034 0.01470646641996206 0.079448573127875274 0.047577757120594442 -0.023350896846744282 -0.003973170848940678 0.082642586309428875 5.9369627526141273e-05 -0.0061809934696526667 -0.010764682353516351
leaf_weight=5.9495790153741828 5.1478250026702881 6.1173207759857169 47.437322497367859 7.7089546471834174 4.882926985621455 23.765228316187859 22.885136544704437 36.638077214360237 12.530679225921629 5.2261323481798154 46.090984985232353 14.583848983049391 11.673768803477289 24.253139048814774 42.861309051513672 18.37781585752964 9.3629404753446561 8.4925918281078321 25.89149335026741 4.9491060376167297 6.6994758844375593 21651.792739748955 23.196033641695976 71.354650780558586
leaf_count=24 21 25 197 32 20 99 93 149 51 22 188 59 47 99 175 74 38 35 108 20 27 86861 95 289
internal_value=-5.54672e-07 0.00619385 0.0129083 -0.0137412 -0.0283513 -0.0435415 0.00786705 0.0239582 -0.00810474 -4.78982e-05 -0.00852148 0.0087899 -0.0122091 -0.0135346 0.000234311 -0.0278686 1.80582e-05 -0.0162519 -0.00583209 -0.0514623 0.0553309 5.13818e-05 0.0184434 2.38156e-05
internal_weight=22137.9 167.915 125.609 42.3067 34.5977 28.6482 119.491 59.5232 59.968 21970 169.688 38.1049 26.2576 131.583 67.1144 64.4688 21800.3 44.5593 34.3841 10.1752 11.8473 21755.7 32.559 21723.1
internal_count=88848 690 515 175 143 119 490 242 248 88158 690 154 106 536 274 262 87468 185 143 42 48 87283 133 87150
is_linear=0
shrinkage=0.1


Tree=60
num_leaves=23
num_cat=0
split_feature=1 1 4 2 3 3 3 2 0 1 4 2 4 4 1 3 4 1 2 3 4 3
split_gain=0.616727 5.78554 8.73426 14.591 8.07112 8.10402 4.33684 4.05947 3.78186 8.00218 4.05318 2.71504 2.32742 9.06471 8.51263 6.50242 5.72271 4.62533 2.37391 1.76517 1.15217 1.0608
threshold=0.0013386358910376578 0.001291219038282941 -0.0038111174468801741 0.83551948385418784 -0.0019475263033816856 0.0042497111631251147 -0.0070854922834909231 1.0367334093196585 0.00095405178493623854 0.001024899413388212 0.0085636312539765242 0.18234334515318454 9.8167481454303221e-05 0.00015106881270576802 0.0018543353002469594 0.0010537241738654004 5.3515286462468843e-05 0.0019013083021056729 1.0488221154978421 -0.0018503593258644144 0.0034387702602776131 -0.0017553145436841608
decision_type=2 2 2 2 2 2 2 2 2 2 2 2 2 2 2 2 2 2 2 2 2 2
left_child=1 6 3 -3 7 -6 -1 -4 10 -10 -8 20 14 18 15 -13 -16 -15 -14 -5 21 -2
right_child=11 2 4 19 5 -7 8 -9 9 -11 -12 12 13 17 16 -17 -18 -19 -20 -21 -22 -23
leaf_value=-0.097364209840670124 -0.053581542289293675 0.03597689621178795 0.07384244078930674 -0.13150170504081604 -0.01598345113707476 0.089577188948366901 -0.00020992747928840744 -0.0043057252867177579 -0.01118163645487779 0.021747131677060234 -0.052386588212796417 0.011257243347337817 -0.02812539387999401 -0.0049241576079396719 -0.001776086931421195 -0.010938325655152801 0.064989605315717222 0.0027127278539398596 -0.085448433675755137 -0.064935287842180861 -0.082232444986235886 0.011036031119747061
leaf_weight=4.5786699503660193 5.3211603462696067 9.683446869254114 16.912548214197162 14.658436998724939 279.93246960639954 7.4667009264230719 14739.374925196171 10.951203510165213 111.69994965195656 217.50694862008095 14.903305515646933 1215.2170349955559 14.459405049681665 1372.2332959771156 2032.5989956110716 148.07333052158356 12.919534295797346 1879.0375944674015 14.438429459929464 5.4701741039752951 4.7826143354177466 4.8618517220020285
leaf_count=23 22 39 68 59 1122 30 59072 44 450 872 60 4881 58 5504 8218 594 52 7559 58 22 21 20
internal_value=-5.77813e-07 -0.000348454 -0.0131512 -0.0648877 -0.00825892 -0.013241 -5.56445e-05 0.0431281 -2.6106e-05 0.0105744 -0.000262631 0.000800267 0.000895457 -0.0010061 0.00272526 0.00884648 -0.00135439 -0.0005105 -0.0567661 -0.113412 -0.0417454 -0.0227301
internal_weight=22137.1 15433.1 345.075 29.8121 315.263 287.399 15088.1 27.8638 15083.5 329.207 14754.3 6703.94 6688.98 3280.17 3408.81 1363.29 2045.52 3251.27 28.8978 20.1286 14.9656 10.183
internal_count=88848 61861 1384 120 1264 1152 60477 112 60454 1322 59132 26987 26924 13179 13745 5475 8270 13063 116 81 63 42
is_linear=0
shrinkage=0.1


Tree=61
num_leaves=30
num_cat=0
split_feature=3 4 1 2 3 4 3 4 1 4 1 2 1 1 2 2 1 2 3 3 1 4 4 4 1 4 4 2 0
split_gain=0.703712 4.27132 5.24802 6.70736 9.28236 6.25364 6.06932 4.39261 3.80973 5.94216 5.95918 4.19421 6.90718 4.57852 3.26134 3.65738 7.30147 7.08326 3.44631 5.33981 3.99025 2.79173 7.90657 6.01136 5.78048 5.31617 4.80452 3.31971 2.36102
threshold=-0.00026970679010540616 0.0024425876524551975 0.0030671324790169582 0.85461109297507465 -0.0016309254606472476 0.0062846003068796072 -0.00029468904862228745 0.0043736337000656053 0.0013386358910376578 0.0023272896330756025 0.0013627271413834243 0.70822970717775868 0.001291219038282941 0.001291219038282941 1.2011172566898654 1.1448353050517099 0.00019629593660074881 1.1495128203489109 0.00020111316641546753 0.0001555893100831929 0.0031563362367973548 -0.00054315027355333878 -0.00018467037045011289 -0.0018319696946079154 0.0013156531091989023 -0.0011157885328484938 -0.00026045199292074045 1.3356107086784517 -0.00046942856886306167
decision_type=2 2 2 2 2 2 2 2 2 2 2 2 2 2 2 2 2 2 2 2 2 2 2 2 2 2 2 2 2
left_child=1 8 6 4 -4 -5 7 -3 11 10 -10 13 -13 -1 15 18 -17 -18 19 -2 -20 23 26 24 -16 -25 -23 -24 -11
right_child=14 2 3 5 -6 -7 -8 -9 9 28 -12 12 -14 -15 21 16 17 -19 20 -21 -22 22 27 25 -26 -27 -28 -29 -30
leaf_value=0.0021177395392699408 0.0024605539671758974 -0.026358269331805767 -0.057658007617079489 0.061250202407287006 0.0514371201779548 -0.005885950796888864 -0.11910574959317247 0.0034635746856801538 0.03048910504731326 0.12718159072016991 0.0016868463623058297 -0.0026456707094063077 -0.026379601848632684 0.047927415002384739 0.039003964574916637 -0.096449061065873962 0.044769129380842453 0.0066722154173644438 -0.00087780858919265549 0.017497805426300448 0.0098178396828901456 0.0096956850944752235 -0.0079051437146295273 -0.034426286180727461 -0.0086163442024452461 -0.0071036329094912032 0.047162709115942003 -0.00019923305102827272 0.033922146111773695
leaf_weight=1482.7337895929813 2304.1991153210402 160.01675693690777 25.818018078804016 30.004807889461517 11.174891218543051 25.808941870927811 5.9901964217424384 71.443852975964546 73.719096556305885 4.9675716012716293 2809.9319099038839 4124.4814331531525 126.37717226147652 22.143634155392647 42.67376634478569 6.4883612543344489 53.825943127274513 523.06252871453762 6435.8944466710091 263.1164213269949 368.79494509100914 146.04150082170963 814.81813982129097 112.03206245601177 63.304772451519966 195.4440039396286 44.701786682009697 1781.0177306681871 5.9856810569763166
leaf_count=5959 9233 642 105 121 45 105 24 287 296 20 11335 16530 508 89 171 26 216 2096 25800 1054 1496 585 3265 449 255 783 179 7150 24
internal_value=-5.91147e-07 -0.000683004 -0.0118444 0.00831922 -0.0247023 0.0302056 -0.0197253 -0.0171533 -0.000256878 0.0027024 0.00242316 -0.00174512 -0.00335128 0.00279181 0.000465261 0.00135794 0.00904035 0.0102268 0.000879732 0.00400168 -0.000298135 -0.00231188 -0.00117415 -0.00997986 0.0105587 -0.0170589 0.0184763 -0.00261807 0.0762176
internal_weight=22136 8980.6 330.257 92.8067 36.9929 55.8137 237.451 231.461 8650.34 2894.6 2883.65 5755.74 4250.86 1504.88 13155.4 9955.38 583.377 576.888 9372 2567.32 6804.69 3200.03 2786.58 413.455 105.979 307.476 190.743 2595.84 10.9533
internal_count=88848 36090 1329 376 150 226 953 929 34761 11675 11631 23086 17038 6048 52758 39921 2338 2312 37583 10287 27296 12837 11179 1658 426 1232 764 10415 44
is_linear=0
shrinkage=0.1


Tree=62
num_leaves=29
num_cat=0
split_feature=3 3 3 0 0 0 4 1 1 4 4 3 4 4 4 2 3 3 2 2 1 3 4 3 3 2 2 2
split_gain=0.699954 3.46652 3.5309 4.84238 4.49702 5.92109 5.50712 4.36269 2.94938 2.74728 4.8375 6.54167 3.51207 2.483 7.3171 7.20689 7.92253 5.88979 4.38599 4.57494 7.31106 3.68696 2.52962 3.63535 2.54503 1.2264 10.0038 3.55597
threshold=-0.0014550185519664469 -0.0011322000986333511 -0.0011832839499039125 0.00062200694940195433 -0.00039378527302075245 -0.00028125889924868192 0.00028764971596006999 0.00037580361637703136 0.0012038109688161378 -0.0027526132160313739 -0.0040845858333763965 -5.8406097646401804e-05 -0.0090946610143688416 -0.0028203862558675015 -0.0039398167128151798 0.67770315893638144 -0.0026184063078924509 -0.003590387770983416 2.923030032005447 0.70822970717775868 0.00028361345147383726 -0.0014889921441580964 -0.0090946610143688416 -0.0018012952784215994 -0.0022367925406990281 0.64815411606956808 0.6396943165816199 0.66071841188512759
decision_type=2 2 2 2 2 2 2 2 2 2 2 2 2 2 2 2 2 2 2 2 2 2 2 2 2 2 2 2
left_child=13 2 4 7 6 -6 -2 -4 -5 10 12 -12 -3 14 22 17 -17 -16 19 21 -21 -15 23 -1 -24 26 -11 -27
right_child=1 9 3 8 5 -7 -8 -9 -10 25 11 -13 -14 18 15 16 -18 -19 -20 20 -22 -23 24 -25 -26 27 -28 -29
leaf_value=0.0066915288246344367 0.01809172763916491 -0.021684144493818225 0.071758769433715022 0.030081057444163964 -0.03520199186625253 0.0009583857473763756 -0.018636040373066539 0.018618057845732061 -0.060490483280253998 -0.00041771992917547391 -0.024580862640096936 0.001105065107856674 0.0082393747618710791 0.0032053665788906527 -0.063882405165846409 0.030945554528699449 0.0039969411897103858 -0.0013482863518530777 0.082142179327567108 -0.09101061545685768 -0.0060949441229387006 0.052567701568679015 -0.0081643562550515296 -0.078565107457821137 0.005549906372206044 0.013759359068749642 -0.028948510495877697 0.00037540402584985256
leaf_weight=284.81235176324844 266.81018364429474 46.5799590498209 17.385077178478241 5.2364985942840603 50.880995512008667 411.5861840993166 48.20142450928688 138.72229969501495 11.47234210371971 2709.8631571680307 226.61480739712715 176.27905371785164 248.32434743642807 419.89231052994728 18.874850735068321 205.07751426100731 233.07816356420517 74.547609224915504 5.926835671067237 10.210189968347548 1458.6587284356356 15.696971803903578 715.8506572842598 5.0907765477895728 166.85597960650921 201.40346464514732 128.73391006886959 13832.704114586115
leaf_count=1166 1075 193 70 21 204 1650 194 557 46 10881 909 707 1004 1688 76 827 935 301 24 41 5856 63 2904 21 674 807 516 55438
internal_value=-4.97308e-07 0.000247925 0.00613067 0.0190597 0.00325683 -0.00302001 0.0124718 0.0245361 -0.0321056 -7.02416e-05 -0.00621899 -0.0133424 0.00351297 -0.00127339 0.0015016 0.0112336 0.0166102 -0.0139825 -0.00374886 -0.00401616 -0.0066852 0.0049842 -0.00291022 0.0051944 -0.00557198 0.00018405 -0.00171163 0.000567477
internal_weight=22135.4 18520.8 950.295 172.816 777.479 462.467 315.012 156.107 16.7088 17570.5 697.798 402.894 294.904 3614.57 1704.19 531.578 438.156 93.4225 1910.39 1904.46 1468.87 435.589 1172.61 289.903 882.707 16872.7 2838.6 14034.1
internal_count=88848 74272 3817 694 3123 1854 1269 627 67 70455 2813 1616 1197 14576 6904 2139 1762 377 7672 7648 5897 1751 4765 1187 3578 67642 11397 56245
is_linear=0
shrinkage=0.1


Tree=63
num_leaves=26
num_cat=0
split_feature=4 4 2 3 0 2 0 0 1 3 2 4 1 0 0 3 3 1 3 1 2 2 4 2 3
split_gain=0.614306 2.92614 5.32362 3.40165 3.35882 2.3886 2.32044 7.28519 5.32165 5.20078 4.65579 2.82785 2.50577 3.85137 2.46003 2.43132 2.00651 6.3169 4.21007 5.50259 2.75884 2.55685 1.88985 1.50559 1.30839
threshold=-0.002365708691547785 -0.0022569585515352926 1.5797395262487191 -0.003590387770983416 -0.00065509208642233741 1.974658357892932 -0.0019869903658644157 -0.0015484715455424956 0.0024411158017341832 -0.0051176797415536926 2.2714700213947157 -0.0024867198882742576 0.0012363187081990974 -0.001617022300350712 -0.0012308152774623824 0.0019303758638233861 -0.0039730912402921028 0.0015000825048752451 -0.0032671930266048306 0.0040099366249021461 0.66071841188512759 1.0207606719899249 -0.0044039291578579212 1.4520239029864619 -0.0014550185519664469
decision_type=2 2 2 2 2 2 2 2 2 2 2 2 2 2 2 2 2 2 2 2 2 2 2 2 2
left_child=6 2 3 -2 -5 -4 8 12 9 -1 15 23 -8 -14 -12 -9 17 20 19 -18 -3 -19 -11 -10 -20
right_child=1 16 5 4 -6 -7 7 10 11 22 14 -13 13 -15 -16 -17 18 21 24 -21 -22 -23 -24 -25 -26
leaf_value=0.12103940408116756 -0.071236679511495107 0.11986321241808705 0.10790271630408427 0.039854579647176654 0.0033030498343726376 0.021241088245112918 0.049475532193176158 -0.0020189940813467324 -0.0015635273460738509 -0.0023851788934973412 0.10369940248455736 -0.072943640864691017 -0.016459108147088727 -0.054271744830879799 0.025856663531308628 0.01367616372817112 -0.027794908346492571 0.014295171074475269 -0.0029276400704121037 0.049930479578250975 0.039107811413452806 -0.014128108698799309 0.046010723816061527 0.01280497043754298 0.00034312533414744821
leaf_weight=6.7101646661758414 5.2291844785213462 6.1528514921665218 8.0955067873001081 31.594860956072807 123.06802541017532 5.2384970635175696 4.8502648621797553 2421.129653647542 223.90141806006432 14.592220544815062 4.896794036030772 4.96117079257965 147.59277552366257 32.950134932994843 23.751528710126877 102.89282187819481 92.831147417426109 85.114342838525772 1316.2352213859558 10.09930147230625 13.539654865860937 50.383282527327538 18.049286887049675 108.1522811204195 17272.053850024939
leaf_count=27 21 25 34 127 494 22 20 9762 916 59 20 20 596 133 96 417 373 344 5279 41 55 205 73 442 69247
internal_value=-4.04575e-07 0.000212777 0.0131504 0.00808789 0.0107699 0.0738562 -0.00130229 -0.00231429 0.00605998 0.0408585 -0.000924184 0.00199672 -0.0214546 -0.0233601 0.0391621 -0.00137917 9.38617e-05 0.0114177 -1.58042e-07 -0.0201687 0.0643395 0.00372629 0.0243756 0.0031164 0.000111523
internal_weight=22134.1 19019.6 173.226 159.892 154.663 13.334 3114.43 2738.06 376.367 39.3517 2552.67 337.015 185.393 180.543 28.6483 2524.02 18846.4 155.19 18691.2 102.93 19.6925 135.498 32.6415 332.054 18588.3
internal_count=88848 76267 698 642 621 56 12581 11044 1537 159 10295 1378 749 729 116 10179 75569 629 74940 414 80 549 132 1358 74526
is_linear=0
shrinkage=0.1


Tree=64
num_leaves=27
num_cat=0
split_feature=4 1 2 2 2 2 2 3 3 3 3 3 4 0 2 3 0 3 2 4 4 3 0 0 2 1
split_gain=0.593121 12.0215 9.4318 6.69076 6.67211 11.6151 6.08462 3.1259 5.99399 5.3376 4.15751 3.8913 2.94247 3.61507 6.47185 4.37599 2.88208 2.27607 8.16439 6.1227 5.00348 2.55803 5.34024 2.11513 2.52633 1.37952
threshold=0.0059396194887574314 0.0015955973618633366 1.0169618803557692 0.96918413992019314 1.0902235049276479 1.1264437449437061 0.93866981403825966 -0.0023023759970827169 -0.0028041770288634855 0.0019771274007315269 0.0032095231197010192 0.0017894048833546619 0.0056487827513018738 -6.7548718057364163e-05 1.1221220219548609 0.0034856158624565485 -0.00022614841007467798 0.0064550349822616324 0.68945756845579587 0.0008502997723460749 0.0019325733381559964 0.0040172169993295545 -0.0021216054477248276 0.00018001260493294427 0.89916308220283592 0.0066926180643305348
decision_type=2 2 2 2 2 2 2 2 2 2 2 2 2 2 2 2 2 2 2 2 2 2 2 2 2 2
left_child=12 2 3 6 -4 -6 -2 8 16 11 -11 -9 17 14 15 -14 -3 21 20 -20 -19 25 -23 -15 -25 -1
right_child=1 7 4 -5 5 -7 -8 9 -10 10 -12 -13 13 23 -16 -17 -18 18 19 -21 -22 22 -24 24 -26 -27
leaf_value=1.4547676321606754e-05 -0.012007079250815178 0.011778020349665245 -0.15304527922593883 0.098248148594142909 0.09252213284929206 -0.071442325940482346 -0.12538012102977236 0.018343900845840973 -0.11518480120665092 -0.021733065059200949 0.003686827219217044 0.087770795831024734 -0.0068913304162327126 0.079445386809583365 0.084190366285014917 -0.1084728344995402 -0.05247233345320336 -0.016739339058379547 0.01377362403018656 -0.052916177738214033 0.10082646970005005 -0.071467975344710832 0.011597231575447061 -0.0054470711739691884 0.040064488126721025 -0.012475089403306589
leaf_weight=20730.036158904433 93.568508610129356 23.016218662261963 7.4729353636503211 5.2373705506324759 4.9871041327714911 32.31802561879158 4.9860982149839392 114.97110153734684 6.1563576161861411 74.564779713749886 469.24230761826038 8.6827611774206144 12.422593474388128 7.9757350236177436 5.225909858942031 6.4388856887817374 10.021454930305479 6.3597451746463767 19.939574286341667 44.467211022973061 8.403149485588072 7.9547491222620001 286.25722914934158 18.683155134320259 35.131428778171539 88.814423814415932
leaf_count=83181 376 94 30 21 20 130 20 465 25 300 1893 35 50 32 21 26 41 26 82 179 34 33 1150 75 141 368
internal_value=-2.66959e-07 -0.00258238 -0.0284393 -0.0118899 -0.0667996 -0.0495229 -0.0177429 0.0028539 -0.0245926 0.00446559 0.000201347 0.0232189 0.000103515 0.0185765 -0.0142847 -0.041569 -0.00771131 2.86565e-05 -0.0168953 -0.0322698 0.05018 9.21177e-05 0.00935136 0.0313866 0.0242639 -3.87338e-05
internal_weight=22133.3 855.225 148.57 103.792 44.7781 37.3051 98.5546 706.655 39.194 667.461 543.807 123.654 21278.1 85.8777 24.0874 18.8615 33.0377 21192.2 79.1697 64.4068 14.7629 21113.1 294.212 61.7903 53.8146 20818.9
internal_count=88848 3450 597 417 180 150 396 2853 160 2693 2193 500 85398 345 97 76 135 85053 321 261 60 84732 1183 248 216 83549
is_linear=0
shrinkage=0.1


Tree=65
num_leaves=24
num_cat=0
split_feature=2 1 1 0 0 4 0 4 2 2 3 3 0 2 3 4 0 3 3 3 1 4 1
split_gain=0.573461 4.09153 2.90951 3.67393 4.70858 1.95147 2.5623 2.33244 1.42002 5.80644 5.11585 6.56239 3.48236 2.48032 5.72861 8.45832 3.35869 2.40294 3.73659 1.58587 1.36237 3.77225 1.07345
threshold=0.2706817224825519 1.0000000180025095e-35 0.0038622095248641007 -0.0018775811986256883 -0.0011950849327636568 -0.0015592744649807753 -0.00028863661686079339 0.0014800517869791865 0.40162842590645298 0.38553009856100046 -0.0012650438164352738 -0.0015950600453697448 -0.00013926599829922057 0.41604643176962947 -0.00044379672734640158 6.0961582628915607e-05 -0.0005375077686448625 0.0012799158831090509 -0.00089262650020016643 0.0020771959195635685 0.00022917008086568083 0.00038834735688753069 0.00062117441562298996
decision_type=2 2 2 2 2 2 2 2 2 2 2 2 2 2 2 2 2 2 2 2 2 2 2
left_child=1 5 3 -3 -5 -1 -7 -8 9 10 11 -2 -12 14 15 -10 -16 18 -11 -19 21 -15 -22
right_child=8 2 -4 4 -6 6 7 -9 13 17 12 -13 -14 20 16 -17 -18 19 -20 -21 22 -23 -24
leaf_value=0.028223550475626958 0.0049630694542024375 0.093945204816050273 -0.044167242778910536 -0.06704780713613516 0.014783598663538032 -0.074289284085122295 -0.0051821477810812212 -0.071838901864188426 0.007591951137121339 -0.058547685365650963 0.0079105248683012854 0.069387042687121633 -0.012945762383125848 -0.00098759208991693807 -0.036704891752526884 -0.1285931523332226 0.042571354043099141 -0.09957478703319067 -0.00755475427773529 -0.033020251732663944 -0.0012877421621620511 0.014508832504864977 0.00031107400617130755
leaf_weight=7.5905835032463065 58.892222762107849 5.5772818177938452 9.0119588524103147 7.3178709447383872 179.7028913795948 9.0611545294523221 34.11401529610157 6.2042715400457373 22.213593661785129 19.737958639860153 122.87033474445343 21.614247784018517 229.75749285519123 455.68331064283848 5.9426515996456137 5.7388639599084845 53.069442570209503 7.1491888016462308 52.83770677447319 7.1717920750379562 5880.107319906354 239.72563782334328 14691.450839683414
leaf_count=31 242 23 38 30 727 37 138 26 90 80 496 87 925 1829 24 23 213 29 212 29 23556 962 59001
internal_value=-2.43036e-07 0.00468145 0.0113682 0.0139667 0.0115816 -0.018982 -0.0262384 -0.0154394 -5.5587e-05 -0.00521866 -0.00048572 0.0222595 -0.00567856 7.01489e-05 0.0169239 -0.0203679 0.0345881 -0.0288099 -0.021423 -0.066245 1.23084e-06 0.00435443 -0.000145926
internal_weight=22132.5 258.58 201.61 192.598 187.021 56.97 49.3794 40.3183 21874 520.031 433.134 80.5065 352.628 21353.9 86.9646 27.9525 59.0121 86.8966 72.5757 14.321 21267 695.409 20571.6
internal_count=88848 1050 818 780 757 232 201 164 87798 2100 1750 329 1421 85698 350 113 237 350 292 58 85348 2791 82557
is_linear=0
shrinkage=0.1


Tree=66
num_leaves=27
num_cat=0
split_feature=3 4 3 4 3 2 0 0 3 1 1 1 0 0 1 3 1 4 0 0 2 3 2 0 0 4
split_gain=0.580013 3.66836 6.55067 4.06505 3.20817 3.77955 2.97481 4.21989 2.95701 7.23851 6.23257 5.77285 4.96381 3.32055 6.01919 6.92982 5.27755 4.07159 3.36506 2.97863 2.79818 4.76263 3.06974 1.66292 4.62997 3.78076
threshold=0.0014285696400184735 0.0039114212512501032 0.00043749333175791 0.0037754627359576358 0.0013982211540880531 1.7223060960100847 -0.00076945614752327296 0.00043895156026463328 0.0016308726815620347 0.0038622095248641007 0.00045273363807659149 0.0032383230344673005 -0.00015613696334842994 -0.0014876149521624857 0.0020563293927461099 0.0023688241378225787 0.0029905544669035391 -0.0033365245871270761 -0.000109892865194805 0.0013632707614857911 1.184271759905857 -0.0026184063078924509 1.1264437449437061 0.0014197599427387966 0.0011542097735943726 0.0018940660110935428
decision_type=2 2 2 2 2 2 2 2 2 2 2 2 2 2 2 2 2 2 2 2 2 2 2 2 2 2
left_child=1 3 20 23 5 -4 -5 -8 9 10 12 -12 -2 14 15 -10 -16 19 -19 -15 22 -22 -3 24 -1 -25
right_child=8 2 4 6 -6 -7 7 -9 13 -11 11 -13 -14 17 16 -17 -18 18 -20 -21 21 -23 -24 25 -26 -27
leaf_value=2.5346288788776348e-05 -0.10755475048434382 0.00088919925572971857 0.030226710408346749 0.022306295539569091 -0.041156033644253076 -0.040316347929360508 -0.088833013563562033 0.00071661606730251068 -0.041720226396542992 0.10530281795929577 -0.0042308027538322072 -0.10323077018572382 -0.027571794404092149 0.038488864903384816 -0.053604697726352374 0.10963295503429536 -0.0085125871452221818 0.0067013112644373311 -0.0015559728927306497 -0.001099945798905337 0.041081390332738991 -0.044418622108740757 0.0601491889871862 -0.0025905069307760814 0.01318259219474221 -0.031270546737448689
leaf_weight=17090.968122825027 9.317936182022093 199.90767398476601 161.5569990426302 6.4468950927257564 7.2194457948207846 7.969731092453002 13.848524466156961 8.4873830229043943 4.9775930196046811 5.5643764883279792 451.34278585016727 5.9679498374462119 46.385775282979012 48.396745026111603 37.103850081562996 7.7120053619146347 86.386310011148453 613.09416584670544 2530.8534040600061 31.294308319687843 8.3170752078294736 30.068679943680763 9.1410509943962079 385.62301778793335 271.70551860332489 52.18425664305687
leaf_count=68580 38 806 651 26 29 32 56 34 20 23 1810 24 187 195 150 31 354 2462 10157 129 34 121 37 1561 1091 210
internal_value=-2.69141e-07 0.000235705 0.00942654 1.70433e-05 0.0241301 0.0269104 -0.0375334 -0.0548052 -0.00111087 -0.00813917 -0.00936961 -0.00552276 -0.0409511 -2.60665e-05 -0.0153216 0.0502635 -0.022061 0.000620079 5.42616e-05 0.0229425 -0.00107644 -0.0258933 0.00348045 7.77612e-05 0.000231242 -0.00600901
internal_weight=22131.8 18253.4 424.181 17829.3 176.746 169.527 28.7828 22.3359 3878.4 518.579 513.014 457.311 55.7037 3359.82 136.18 12.6896 123.49 3223.64 3143.95 79.6911 247.434 38.3858 209.049 17800.5 17362.7 437.807
internal_count=88848 73268 1710 71558 712 683 116 90 15580 2082 2059 1834 225 13498 555 51 504 12943 12619 324 998 155 843 71442 69671 1771
is_linear=0
shrinkage=0.1


Tree=67
num_leaves=27
num_cat=0
split_feature=4 4 2 1 0 0 0 0 3 1 3 3 3 4 0 0 2 3 1 3 2 1 2 3 2 0
split_gain=0.572515 2.33733 4.42719 3.31799 3.67299 2.21354 2.00072 5.95859 5.94356 4.2692 4.2612 3.43966 3.33547 2.29087 2.17915 5.46661 5.38775 1.60176 5.15617 3.42289 4.64213 2.6332 2.22297 1.59768 1.25012 1.13508
threshold=-0.002365708691547785 -0.0022569585515352926 1.5797395262487191 0.00031517157201339465 0.00092871490126489331 -0.00054788230032920538 -0.0019869903658644157 -0.001059338818435118 0.00067826883187316344 0.0024411158017341832 -0.0051176797415536926 -5.8406097646401804e-05 0.0009638554251846233 -0.0024867198882742576 -0.00092190686377557885 -0.00083240766470260563 1.2626167367532266 -0.0039730912402921028 0.0015000825048752451 -0.0032671930266048306 1.1124559672778449 0.0012476374437171377 1.0529005327569225 -0.0010151155540332189 0.46600417381635206 -0.00083240766470260563
decision_type=2 2 2 2 2 2 2 2 2 2 2 2 2 2 2 2 2 2 2 2 2 2 2 2 2 2
left_child=6 2 3 -2 -5 -4 9 8 11 10 -1 -8 -10 24 16 -16 -9 18 21 20 -19 -3 -20 -12 -11 -21
right_child=1 17 5 4 -6 -7 7 14 12 13 23 -13 -14 -15 15 -17 -18 19 22 25 -22 -23 -24 -25 -26 -27
leaf_value=0.10966648908313928 0.087700508614823841 0.026190431227249296 0.10760095743534502 -0.00020641651677789452 0.053851319208527287 0.025462159153684938 -0.011355191470306572 -0.00091160403575003704 -0.12395386211831919 0.043557820234696579 0.03130118278155606 0.031204795189540627 -0.038600054748963795 -0.065652819885117938 -0.025538840852627739 0.00033433923772669414 0.04634214652687315 -0.0043514658373474914 0.012577486776730562 0.0026798402693196917 -0.050810888010026881 0.10025732427722089 -0.01438214937226002 -0.030279321137100464 0.0020250365201122575 -0.00012213714169467165
leaf_weight=6.663406014442443 4.960116818547248 11.09900286793709 6.7358730733394623 141.00729902088642 13.799133837223051 6.3964188247919065 460.60662958025932 79.125404104590416 6.1898312419652965 7.4127305001020423 27.581762626767159 19.805973559617996 17.586098119616508 4.939690724015235 85.076291114091873 2034.6808863133192 34.714751124382019 72.297250643372536 88.807958856225014 1580.0893569290638 30.613109514117241 8.4575018584728223 46.651043757796288 4.9726906865835181 324.54453867673874 17005.871793612838
leaf_count=27 20 45 30 566 56 26 1860 319 25 31 112 80 71 20 343 8206 140 291 359 6361 123 35 190 20 1327 68165
internal_value=-2.83824e-07 0.000205532 0.0117794 0.00719174 0.00461218 0.0675932 -0.00125722 -0.00219673 -0.012016 0.00558158 0.0368078 -0.00960057 -0.0608211 0.00194657 1.97658e-05 -0.000704079 0.0134981 9.93379e-05 0.0102225 1.53707e-05 -0.0181719 0.0582218 0.00329279 0.0218948 0.00295248 0.000116074
internal_weight=22130.7 19016.8 172.899 159.767 154.806 13.1323 3113.9 2737.79 504.189 376.115 39.2179 480.413 23.7759 336.897 2233.6 2119.76 113.84 18843.9 155.016 18688.9 102.91 19.5565 135.459 32.5545 331.957 18586
internal_count=88848 76267 698 642 622 56 12581 11044 2036 1537 159 1940 96 1378 9008 8549 459 75569 629 74940 414 80 549 132 1358 74526
is_linear=0
shrinkage=0.1


Tree=68
num_leaves=29
num_cat=0
split_feature=1 0 4 4 3 0 0 0 0 1 0 0 0 0 1 4 2 0 3 1 4 0 0 2 0 2 1 2
split_gain=0.537178 6.78944 5.18639 5.5342 4.60566 4.449 8.86453 3.56045 5.66982 3.29297 3.03066 2.98424 2.68699 2.57156 2.54891 4.51013 4.57374 4.3437 4.0134 4.16961 3.15231 1.5419 10.4068 10.2134 8.05433 13.3254 3.52812 2.85175
threshold=0.00037001496326699031 0.00036988077543109737 0.0026220154444025483 0.00051336761915310458 0.0012522003021081531 -0.0002052895105776886 -0.00015613696334842994 -0.00015613696334842994 0.00010960405609050651 0.00017351102564982414 -0.00021976492478831264 0.00071125738377819669 0.0006962552893275965 -0.00032628379847754457 0.00039133917944540541 0.00028764971596006999 1.6143224399079572 0.00026668800189655345 -0.00037485357291461291 0.00038584605673906822 0.0026220154444025483 0.00011763667921826927 0.00015955042267878919 0.36751290205720016 3.7744905289627269e-05 1.6335843181651211 0.00086609015523160537 0.92868868835168972
decision_type=2 2 2 2 2 2 2 2 2 2 2 2 2 2 2 2 2 2 2 2 2 2 2 2 2 2 2 2
left_child=1 4 3 9 5 13 -7 10 -9 -3 -6 -5 -4 -1 15 16 17 -2 19 -17 -20 24 23 -23 27 -26 -24 -16
right_child=14 2 12 11 7 6 -8 8 -10 -11 -12 -13 -14 -15 21 18 -18 -19 20 -21 -22 22 26 -25 25 -27 -28 -29
leaf_value=0.0042298223716444342 0.0035306379744286867 0.010294257617532755 0.086553614667964116 -0.064759929693109397 -0.032012994194024064 -0.02085667802033328 0.0035805047668173678 0.015050961420576162 -0.034818976188082169 -0.031576308784208244 -0.11989203218283591 -0.00053672239187059381 -0.010425016520466034 0.021352457347955073 0.0017550318699213318 -0.030371157983548183 0.091224605366819256 -0.043398524955811008 -0.020405618987069982 -0.14098941676106511 0.051192235858971508 -0.078337551500172839 0.0030046600032413748 0.018944311503019173 -0.013232939200715882 0.043742752453180468 -0.0013713928961631482 -0.0016516746713410545
leaf_weight=157.45195125043392 177.5292571336031 39.612572878599167 6.4376684874296171 39.341661617159843 14.628845766186716 161.22979494929314 1871.392370775342 47.281832575798035 44.025217145681381 35.72134080529213 5.3630304038524619 8.8656294494867307 5.1366741210222244 198.02452865242958 4694.8912517428398 8.9839916527271253 5.4430930167436591 22.18811796605587 120.19409717619419 5.4897634685039511 6.4809277653694144 11.086083129048346 2855.7382070124149 406.9343545883894 789.39415444433689 43.300610855221748 5191.9489462226629 5155.4829256981611
leaf_count=634 711 161 26 160 60 646 7499 190 178 144 22 37 21 794 18871 36 22 89 482 22 26 45 11439 1631 3163 174 20852 20713
internal_value=-1.47389e-07 0.0013401 -0.0204938 -0.0264907 0.00252042 0.00344714 0.00164212 -0.0173638 -0.00899466 -0.00955965 -0.0555875 -0.0529489 0.0435147 0.0137683 -0.000181265 -0.00868389 0.000781846 -0.00168308 -0.0224424 -0.0723277 -0.0167425 -2.74931e-05 0.000980539 0.0163644 -0.000826299 -0.0102702 0.000181458 -2.79682e-05
internal_weight=22129.6 2634.51 135.116 123.541 2499.4 2388.1 2032.62 111.299 91.307 75.3339 19.9919 48.2073 11.5743 355.476 19495.1 346.309 205.16 199.717 141.149 14.4738 126.675 19148.8 8465.71 418.02 10683.1 832.695 8047.69 9850.37
internal_count=88848 10572 549 502 10023 9573 8145 450 368 305 82 197 47 1428 78276 1388 822 800 566 58 508 76888 33967 1676 42921 3337 32291 39584
is_linear=0
shrinkage=0.1


Tree=69
num_leaves=22
num_cat=0
split_feature=4 2 1 3 1 3 0 4 2 4 4 2 1 2 3 4 0 0 4 2 3
split_gain=0.540202 2.58441 2.07954 3.66794 3.37394 7.75327 2.85125 2.22093 2.04374 1.90776 1.84285 4.41189 5.57258 5.55956 3.78833 1.03567 4.3385 2.7033 1.37443 11.6036 0.928892
threshold=-0.010377681253029512 0.47593043213718894 0.0037110313760568034 -0.0061857789154701184 0.0049749850173217832 -0.0044629528621924477 -0.001059338818435118 -0.016319365878179722 0.68945756845579587 -0.01231919007560439 -0.0073928386550019534 2.0942603129418562 0.0042207339604929828 1.1221220219548609 -0.0061857789154701184 -0.0068642562654288577 0.0019962234833329488 -0.00073217180623358347 -0.0063837573714319298 1.1640069512778342 -0.0070854922834909231
decision_type=2 2 2 2 2 2 2 2 2 2 2 2 2 2 2 2 2 2 2 2 2
left_child=1 9 3 6 5 -4 -3 -5 -6 -1 11 12 14 -14 -2 16 17 -12 19 -17 -20
right_child=10 2 4 7 8 -7 -8 -9 -10 -11 15 -13 13 -15 -16 18 -18 -19 20 -21 -22
leaf_value=0.092437848422075669 0.021563633286724528 -0.058448517200521979 0.054842378639268288 -0.044269538026232666 0.043513302486775568 -0.027588356058849146 -0.0069084980193783721 0.015396968859693997 -0.0067556618084518103 0.011375346649945365 0.020434064702405382 0.077624661367538941 -0.012172912251518142 -0.087493676749879151 -0.011064254985909079 -0.035210477516391635 0.090782542688191858 -0.017020760017023694 -0.011838760916057936 0.04729273661123802 8.9367571169614901e-05
leaf_weight=5.6297261565923691 45.45013003051281 19.916484728455544 37.61573851108551 7.1283210217952719 8.9804047346115095 16.379065483808517 23.279838338494301 49.970809981226921 81.363280192017555 5.9947307854890806 45.771957039833069 5.8121113926172248 22.659043729305267 17.267625272274017 163.95101338624954 62.290868788957596 6.3176138252019873 33.281134113669395 65.486041218042374 23.470231354236603 21380.365574330091
leaf_count=23 188 81 153 29 37 67 96 203 336 25 188 24 95 74 669 255 26 136 271 95 85777
internal_value=-2.3672e-07 0.00456444 0.00237532 -0.0086852 0.0100609 0.0298374 -0.030672 0.00794813 -0.00175879 0.0506339 -5.37174e-05 -0.00850277 -0.0105105 -0.0447479 -0.00398243 4.60048e-05 0.0110385 0.00466569 2.42053e-06 -0.0126318 5.29444e-05
internal_weight=22128.4 256.258 244.634 100.295 144.338 53.9948 43.1963 57.0991 90.3437 11.6245 21872.1 255.14 249.328 39.9267 209.401 21617 85.3707 79.0531 21531.6 85.7611 21445.9
internal_count=88848 1050 1002 409 593 220 177 232 373 48 87798 1050 1026 169 857 86748 350 324 86398 350 86048
is_linear=0
shrinkage=0.1


Tree=70
num_leaves=31
num_cat=0
split_feature=1 1 0 4 4 3 1 3 2 4 0 3 0 4 2 0 2 4 0 1 1 2 3 3 1 4 0 0 0 4
split_gain=0.535276 5.25596 3.69627 5.59091 6.0482 4.03582 3.6747 3.47554 4.88121 3.44158 3.19332 3.02752 3.6174 2.60744 2.15608 5.43233 5.27477 9.37374 7.33993 5.26127 7.83246 4.73887 5.63847 5.13613 3.95779 2.93322 2.86272 5.81737 2.69523 1.77155
threshold=0.0010907951230004003 0.0010758866433786091 0.00015553833261305885 0.00068500017395667367 0.0026220154444025483 -0.002442065334442078 0.0010836019763279527 0.0045207651185906758 0.51973865777747486 0.00060593357469185271 0.00062200694940195433 -0.0031422369687127967 1.0000000180025095e-35 0.0024425876524551975 0.72970268578956576 -0.00094689497946165424 0.77108650420173508 0.00062549162834602001 -0.00071545089355534708 0.0017713960455321826 0.00145609912831229 0.71879526641038216 0.0033324228907926083 -0.0032671930266048306 0.0011465097183992587 -0.00031352169838055882 -0.001059338818435118 -0.0011950849327636568 -0.00045176045437944618 0.0040621269963537774
decision_type=2 2 2 2 2 2 2 2 2 2 2 2 2 2 2 2 2 2 2 2 2 2 2 2 2 2 2 2 2 2
left_child=1 7 3 5 -5 -3 9 11 -9 -4 -8 12 -1 -13 15 19 17 18 -16 20 -2 23 -23 -17 -19 -21 27 -18 -28 -10
right_child=14 2 6 4 -6 -7 10 8 29 -11 -12 13 -14 -15 16 21 26 24 -20 25 -22 22 -24 -25 -26 -27 28 -29 -30 -31
leaf_value=0.0060802869634353452 0.00066706784465070173 0.04520660767421255 -0.024340990964418351 0.060886471983591844 -0.036447103788814224 -0.029527086743206955 -0.040654394184470269 0.047172258641939087 -0.024661982765894534 -0.085569797556566185 0.019116520766164449 -0.0006088933633195782 0.050073001040431886 0.0051291505172096534 -0.00017877286158785347 -0.023516868939876777 -0.00045116423901852789 0.062082603602703818 0.040946568502284647 -0.010821605878756925 0.048672217635009542 -0.021838767387740557 -0.11684301444769185 -0.0021582596179190094 -0.0091748545011894455 0.010202703543755519 0.0062409392754075518 -0.017622249143723023 0.00068272636872213424 -0.091394492860334547
leaf_weight=72.352035656571388 71.539181008934975 8.1867516040801984 17.188381522893906 20.721392706036571 9.2268424034118635 61.574693933129311 18.695188477635384 4.952049225568774 6.4558898806571987 19.703321665525436 17.127232566475868 12220.565503045917 25.201597109436989 846.80598197877407 64.130197077989578 125.77056609094143 1307.0331649035215 8.2399210482835752 134.24450488388538 137.72826993465424 64.75009249150753 59.972798228263855 6.9734424948692313 1074.1082933992147 144.21837301552296 128.05996069312096 1108.1541824787855 232.3808508515358 4101.1121242344379 10.365125015377997
leaf_count=294 288 33 69 83 37 247 75 20 26 79 69 48982 103 3397 259 514 5288 33 540 562 261 241 28 4320 579 520 4455 935 16469 42
internal_value=-3.90298e-07 -0.000398859 -0.0177451 -0.00524187 0.0308987 -0.0207568 -0.0348903 -0.000172046 -0.0400922 -0.0570424 -0.012077 -0.000106023 0.0174452 -0.00023705 0.000606696 -0.00262753 0.00136698 0.0133219 0.0276516 0.00749947 0.023474 -0.00584174 -0.0317349 -0.00439706 -0.0053236 -0.000691841 0.000745494 -0.00304321 0.00186511 -0.0657826
internal_weight=22127.5 13359.1 172.424 99.7097 29.9482 69.7614 72.7141 13186.7 21.7731 36.8917 35.8224 13164.9 97.5536 13067.4 8768.42 1668.9 7099.51 350.833 198.375 402.078 136.289 1266.83 66.9462 1199.88 152.458 265.788 6748.68 1539.41 5209.27 16.821
internal_count=88848 53556 692 400 120 280 292 52864 88 148 144 52776 397 52379 35292 6734 28558 1411 799 1631 549 5103 269 4834 612 1082 27147 6223 20924 68
is_linear=0
shrinkage=0.1


Tree=71
num_leaves=29
num_cat=0
split_feature=1 0 2 1 1 4 1 2 4 2 2 3 3 2 1 3 3 3 2 1 3 0 1 1 1 0 3 4
split_gain=0.563548 5.76094 6.00398 5.77456 7.46954 4.52858 5.42909 7.98295 4.23924 3.62102 7.41588 8.61562 5.1739 4.96066 4.04338 7.95606 3.70672 4.50676 4.09524 3.83207 3.53273 3.41234 3.21285 2.7539 2.46556 2.15177 2.00967 1.15659
threshold=0.0021454720214327439 0.0017838062171121607 1.6761271446979205 0.0021132372158772284 0.0020017474394378059 0.0059396194887574314 0.0015955973618633366 1.0169618803557692 0.0078026262144615952 1.064816072828408 1.1544065450250831 -0.003590387770983416 0.0074270470293166255 1.0989042591187295 0.0025298774382564834 0.0042497111631251147 -0.003590387770983416 -0.0041937478941804765 1.0606555040425147 0.0022808877128606118 -0.0022367925406990281 -0.0021216054477248276 0.0018120876666593119 0.0023594909267332111 0.0025762711975570525 0.0019962234833329488 -0.0017120363275678339 -0.0013369599334928648
decision_type=2 2 2 2 2 2 2 2 2 2 2 2 2 2 2 2 2 2 2 2 2 2 2 2 2 2 2 2
left_child=1 5 3 4 -3 21 7 -7 -8 16 11 13 -13 -11 15 -12 17 23 20 -19 -18 26 -23 -2 -16 -4 -1 -20
right_child=9 2 25 -5 -6 6 8 -9 -10 10 14 12 -14 -15 24 -17 18 19 27 -21 -22 22 -24 -25 -26 -27 -28 -29
leaf_value=0.020189485571704347 0.02907079655050775 -0.029350825983899001 -0.053960681123325596 -0.11845444315222296 0.04060425148343369 -0.010607267017885053 -0.014478319486314254 -0.061363202231134652 0.021586371190901784 -0.047197982757932688 0.0059494413581395438 0.036165824632774762 -0.019772331981667265 0.010963954656308832 -0.029882719277190911 0.058313633324064251 -0.017982697112239321 -0.036006835831909466 -0.098621132156086921 0.040316939244905453 -0.0019087545804616695 0.00037210544477103165 -0.0055374628952608402 -0.0018011681930938711 -0.00086699503548588275 -0.13460467697150832 0.094210737361078822 -0.036745597714760048
leaf_weight=10.484168544411661 32.722370341420174 47.98394350707531 8.2619324624538404 4.9868564009666434 22.383752509951591 102.46463473141193 71.220859289169312 44.421956449747086 60.093742534518242 24.408077612519264 280.09606797993183 173.83978591859341 18.272943750023842 36.733972057700157 30.328948944807053 32.36852790415287 155.70451702177525 7.4550799280405036 4.9662073999643326 55.934373885393143 1122.0318028181791 17692.222566395998 970.4443624317646 247.02582868933678 850.95476022362709 5.5187374502420417 5.6415306329727164 7.7123702317476255
leaf_count=43 132 196 34 20 90 412 286 179 242 99 1126 701 74 149 122 130 631 30 20 226 4531 70948 3897 1009 3444 23 23 31
internal_value=-3.76068e-07 -0.00020334 -0.0255665 -0.0144677 -0.00709833 -8.4083e-05 -0.0127487 -0.0259571 0.00202603 0.00125449 0.00489726 0.0204399 0.0308452 -0.0122545 0.00159988 0.0113739 -0.00197229 0.0072653 -0.00442868 0.0313407 -0.00386752 0.000104543 6.48124e-05 0.00180995 -0.00186556 -0.0862561 0.0460856 -0.0609823
internal_weight=22126.7 19046.1 89.1352 75.3546 70.3677 18957 278.201 146.887 131.315 3080.56 1447 253.255 192.113 61.142 1193.75 312.465 1633.55 343.138 1290.41 63.3895 1277.74 18678.8 18662.7 279.748 881.284 13.7807 16.1257 12.6786
internal_count=88848 76393 363 306 286 76030 1119 591 528 12455 5845 1023 775 248 4822 1256 6610 1397 5213 256 5162 74911 74845 1141 3566 57 66 51
is_linear=0
shrinkage=0.1


Tree=72
num_leaves=26
num_cat=0
split_feature=4 4 0 3 3 1 3 1 2 1 0 3 0 3 2 0 4 0 2 0 4 1 1 2 2
split_gain=0.514381 4.83157 4.90574 2.54329 3.6317 2.29866 2.06307 3.68817 3.5797 5.85768 5.30963 2.47744 5.86866 4.81105 3.94622 1.97886 4.70319 5.38314 4.6615 2.81216 9.99014 2.46403 1.85463 4.62529 4.08884
threshold=0.0018164121651289558 0.0018940660110935428 -0.00087666142925751911 0.00043749333175791 -5.2895586162504664e-05 0.0018771458042533328 0.00034039172069100237 0.0081590560830335866 1.2557640565775567 0.0026767689791863912 5.6387850459915796e-05 0.00011711316310125676 0.001192255717265889 0.00027604809598469343 1.5797395262487191 0.00072830781844157599 0.002018724790049609 0.0018790592310340417 0.84824455045986424 0.00042890449364774158 0.0025638846103429595 0.00060622462851489371 0.00078814346657900042 0.72970268578956576 0.66505057189249051
decision_type=2 2 2 2 2 2 2 2 2 2 2 2 2 2 2 2 2 2 2 2 2 2 2 2 2
left_child=6 2 -2 4 -4 -5 11 8 9 -8 -10 22 14 -14 -13 19 17 -17 -18 21 -21 -3 23 -1 -24
right_child=1 15 3 5 -6 -7 7 -9 10 -11 -12 12 13 -15 -16 16 18 -19 -20 20 -22 -23 24 -25 -26
leaf_value=0.0029685709223906554 -0.053721444940008245 -0.0071156136193086875 0.025086005448095933 0.033219080133751293 -0.031756787184308397 -0.02012505210484454 -0.0012968120632968953 -0.068849918144115105 -0.018135268109432782 0.015932183881136035 -0.0026080974750174444 0.0019930692166956212 0.022540623840888712 0.10711065550979755 0.023827590916140576 -0.021181509069135532 -0.012054273858798373 -0.12401082475562974 0.0016887217896531812 -0.011708576408519914 0.01836266616492227 0.0018046528972545965 -0.0054600304964002163 -0.0034549285758139914 0.0022151614813763136
leaf_weight=1641.3555662781 9.1868707686662656 370.99162463843822 27.148299813270569 108.21183671057224 19.181042775511742 8.7296313196420652 3999.5672089755535 8.2118609696626645 302.28040306270123 207.57743822038174 811.36911307275295 1284.6933297812939 24.901046007871628 9.2165255099534971 88.474558398127556 41.135763496160507 327.63072487711906 5.8100395351648322 1000.5185442268848 163.60491806268692 340.20133320987225 1873.2496209442616 803.11483751237392 3535.702606856823 5113.4504441618919
leaf_count=6590 37 1491 109 434 77 35 16030 35 1213 840 3258 5147 100 37 355 165 1319 24 4018 656 1366 7530 3245 14163 20574
internal_value=-4.04318e-07 0.000981928 0.0173805 0.0213812 0.00155224 0.029237 -0.000237069 -0.00188459 -0.00178124 -0.000446746 -0.00682267 0.000465251 0.00441779 0.0453864 0.00339989 0.000296031 -0.00280095 -0.0339077 -0.00170143 0.00184573 0.0085974 0.000330059 -3.61498e-05 -0.0014184 0.00117333
internal_weight=22125.5 4295.6 172.458 163.271 46.3293 116.941 17829.9 5329.01 5320.79 4207.14 1113.65 12500.9 1407.29 34.1176 1373.17 4123.14 1375.1 46.9458 1328.15 2748.05 503.806 2244.24 11093.6 5177.06 5916.57
internal_count=88848 17261 692 655 186 469 71587 21376 21341 16870 4471 50211 5639 137 5502 16569 5526 189 5337 11043 2022 9021 44572 20753 23819
is_linear=0
shrinkage=0.1


Tree=73
num_leaves=28
num_cat=0
split_feature=1 0 2 4 3 3 1 3 2 2 1 3 1 3 0 4 4 3 1 0 1 2 2 1 1 2 2
split_gain=0.543324 5.63182 6.14358 6.0977 9.18143 8.37883 5.26043 6.37333 5.73062 4.36117 4.56917 4.42664 4.22251 6.24058 5.67553 4.77234 4.52687 14.0427 4.20633 3.10233 1.93761 5.32613 5.69357 4.37899 4.21154 10.6799 1.45012
threshold=0.00085945186666748215 -0.00083240766470260563 0.34875881401126035 -0.00044830317027644279 0.00067826883187316344 -0.00065531873082341752 0.00088118478178873685 -0.0012098701286516465 1.3279082704317551 1.5019612938853999 0.00086609015523160537 0.00064421708059714266 0.00080171733877902054 0.0022448803385971554 -0.00015613696334842994 0.0047223389702929506 0.0024425876524551975 0.00047776715136826914 0.00087302928380995394 -0.00078897279716283453 0.0010319621622354059 0.54162935639706189 0.59115235393616949 0.00093500742170700131 0.0010412829261255373 1.6545347044469458 1.3698498447754337
decision_type=2 2 2 2 2 2 2 2 2 2 2 2 2 2 2 2 2 2 2 2 2 2 2 2 2 2 2
left_child=1 2 -1 5 -5 -4 7 8 18 10 -9 -11 16 14 -14 -15 19 -18 -2 -3 21 23 -23 -8 25 -22 -26
right_child=6 12 3 4 -6 -7 20 9 -10 11 -12 -13 13 15 -16 -17 17 -19 -20 -21 24 22 -24 -25 26 -27 -28
leaf_value=-0.057263153480580781 -0.058638995531614779 -0.04420932478548753 0.025773330060659266 -0.029414827071338974 0.097362197994703886 0.10538283360281282 -0.046887272327173768 0.020440924089014777 -0.14520661656391748 -0.014418139788377219 -0.012888703069423593 -0.10085551531306912 -0.001463457213549768 -0.048075819510080275 0.016663553887300963 0.057391706299024514 -0.027373483353699275 0.017706651871837339 0.013745983800054182 -0.0006763628837805313 0.011786163312856184 0.031867946401973761 -0.0026750602934709142 -0.0083800873939001239 0.00086405585102618081 0.13884374475890124 -0.0022097605389787031
leaf_weight=8.755672872066496 25.442799806594849 16.398859843611717 47.148697271943092 27.977288082242012 7.1782241910696021 18.372346580028534 47.689798146486282 59.945224463939667 5.4952645450830451 15.932600736618044 131.0572472512722 9.4323097467422468 285.90182338654995 30.713067874312401 436.32564361393452 4.986998736858367 84.691125452518463 375.36396624147892 11.72876527905464 9339.3313041776419 79.1060541421175 49.147620886564255 1638.1078426241875 77.561940431594849 7343.0248607993126 7.2192576229572287 1940.3416296392679
leaf_count=36 102 66 192 113 29 74 192 240 22 64 525 38 1147 123 1748 20 340 1508 47 37434 317 197 6565 312 29552 29 7816
internal_value=-4.19628e-07 0.000512419 0.0230816 0.0300691 -0.00352887 0.0480961 -0.000479278 -0.0145676 -0.0498904 -0.00760208 -0.00242836 -0.0465611 0.00027884 0.00747035 0.00948777 -0.0333429 -0.000276454 0.00940789 -0.0357993 -0.000752668 -0.000152924 -0.00314582 -0.00166887 -0.0230418 0.000426033 0.0224118 0.000221589
internal_weight=22124.4 10683.1 109.432 100.677 35.1555 65.521 11441.2 259.034 42.6668 216.367 191.002 25.3649 10573.7 757.928 722.227 35.7001 9815.79 460.055 37.1716 9355.73 11182.2 1812.51 1687.26 125.252 9369.69 86.3253 9283.37
internal_count=88848 42830 444 408 142 266 46018 1038 171 867 765 102 42386 3038 2895 143 39348 1848 149 37500 44980 7266 6762 504 37714 346 37368
is_linear=0
shrinkage=0.1


Tree=74
num_leaves=24
num_cat=0
split_feature=2 1 1 0 3 4 2 4 0 0 3 1 3 3 4 4 1 3 0 1 2 4 1
split_gain=0.526384 3.34332 2.41041 4.78623 3.76988 2.38177 1.81139 1.59211 2.12117 4.87576 2.72968 1.10983 2.55084 5.91241 4.68466 2.6654 2.10474 6.80977 5.59175 3.3194 6.37387 3.24589 1.21818
threshold=0.2706817224825519 1.0000000180025095e-35 0.0023594909267332111 0.0010322802162389124 -0.00067210036706460963 -0.0033365245871270761 0.18234334515318454 -0.0015592744649807753 -9.8877084703241619e-06 3.7744905289627269e-05 0.00024987115544827804 0.00017351102564982414 -0.0017553145436841608 -0.0015950600453697448 -0.0014911347065912348 0.0014800517869791865 0.00021003535348373457 -9.3970496239659238e-05 -0.00019767911683143954 0.00022917008086568083 0.44270556392040966 -0.00033320198585229383 0.00023681601005913705
decision_type=2 2 2 2 2 2 2 2 2 2 2 2 2 2 2 2 2 2 2 2 2 2 2
left_child=1 7 3 4 -3 -4 -7 -1 10 -10 -9 12 14 -14 -2 -15 17 18 -13 20 -18 -19 -21
right_child=11 2 5 -5 -6 6 -8 8 9 -11 -12 16 13 15 -16 -17 19 21 -20 22 -22 -23 -24
leaf_value=0.025731107937832579 -0.0024680935912390787 -0.012732010527600521 0.040763474897961734 0.093453354070704542 0.020443706208574761 -0.079439816306979341 -0.0137813684852141 -0.023737576275566091 0.068497836448849658 -0.028580021449461143 -0.10411219375345736 0.040216746090422729 -0.10498719608074465 0.0020479649233540701 0.11907044885889484 0.026864094068966407 -0.068332912433191603 0.05502015127081409 -0.045571092691358291 -0.012140633766676075 0.018393038338941816 -0.00099836638402342449 -0.00013484558324037616
leaf_weight=7.5705988854169837 7.5844215452671051 47.587927967309952 5.2136710286140469 7.3718984276056281 122.22632279992104 6.2867280840873745 12.669461935758589 13.410894259810449 6.6857212483882931 22.876781791448593 6.1692361384630194 8.6628024578094465 4.9698548913002005 408.80377131700516 5.4504983872175199 48.405444234609604 8.9442340135574323 11.72587902843952 61.810988083481789 84.856692522764206 161.29905404150486 87.743976444005966 20965.300369784236
leaf_count=31 32 194 22 30 492 28 52 54 27 94 26 35 20 1643 22 196 36 47 248 340 647 352 84180
internal_value=-3.54677e-07 0.00448953 0.0105301 0.0145711 0.0111467 -0.0190937 -0.0355567 -0.0169572 -0.0235335 -0.00662533 -0.0490617 -5.33467e-05 0.00472648 0.00349608 0.0483528 0.00467529 -0.000159537 -0.011244 -0.0350259 -7.07667e-05 0.0138366 0.00560531 -0.000183243
internal_weight=22123.6 258.069 201.356 177.186 169.814 24.1699 18.9562 56.7132 49.1426 29.5625 19.5801 21865.6 475.214 462.179 13.0349 457.209 21390.3 169.944 70.4738 21220.4 170.243 99.4699 21050.2
internal_count=88848 1050 818 716 686 102 80 232 201 121 80 87798 1913 1859 54 1839 85885 682 283 85203 683 399 84520
is_linear=0
shrinkage=0.1


Tree=75
num_leaves=29
num_cat=0
split_feature=3 4 3 4 0 1 1 1 0 0 3 1 3 3 1 2 3 0 1 0 0 0 4 4 3 0 0 2
split_gain=0.509137 2.85814 5.11395 3.37892 3.17175 5.54987 4.22459 2.4992 7.25635 5.99408 6.76547 6.06097 5.06161 4.14934 3.88196 5.84975 3.53434 4.74649 3.82235 2.95663 2.40032 3.44316 2.1834 7.39211 3.53861 1.42815 3.61163 3.59352
threshold=0.0014285696400184735 0.0039114212512501032 0.00043749333175791 0.0037754627359576358 4.7486972842958337e-05 0.0035735754701764467 0.00090282347332310876 0.0021454720214327439 -0.0014256822048466786 -0.0015484715455424956 0.0023055854354779863 0.0012677290614719295 0.0029743991052567646 0.0016308726815620347 0.0029905544669035391 0.87933835173251385 0.0028704643408463686 0.00030077223272440007 0.0046503511491010393 -0.001617022300350712 -0.00076945614752327296 0.00043895156026463328 0.0062846003068796072 0.0066960498343043859 -0.0012650438164352738 0.0014197599427387966 0.0011542097735943726 1.1173878577464089
decision_type=2 2 2 2 2 2 2 2 2 2 2 2 2 2 2 2 2 2 2 2 2 2 2 2 2 2 2 2
left_child=1 3 22 25 5 -4 -6 9 14 10 -2 13 -13 -11 15 -9 18 -18 -10 -16 -5 -22 24 -24 -3 26 -1 -27
right_child=7 2 4 20 6 -7 -8 8 16 11 -12 12 -14 -15 19 -17 17 -19 -20 -21 21 -23 23 -25 -26 27 -28 -29
leaf_value=4.338595575785941e-05 -0.020882433965690766 0.028881703814248566 -0.0011955194338979758 0.019462604338177439 0.08289822555160703 0.10167123926242816 0.024632475429656644 -0.075201497013550667 0.01812956454914616 -0.0087016516531900016 0.13186161525073437 -0.014072328594255865 -0.00027757775811330178 0.0035789699031126875 -0.0014143659866229202 0.00041028929655355801 0.019480610943277243 -0.0018455123142574082 -0.029053570233081867 -0.062172749544993737 -0.080900474388402879 0.00016180293092737897 -0.085378735198018016 -0.0022218565720214015 -0.004084365392978192 0.0009148006719796385 0.011666841144017361 -0.01825031587065248
leaf_weight=17086.112947016954 4.9786409437656385 48.629644647240639 72.223868027329445 6.4362744092941311 14.614109262824057 5.6555443704128256 83.7980667501688 24.831890448927879 271.97814743220806 350.99155069887638 6.9448136240243912 676.73667812347412 438.23241059482098 1272.9609772264957 81.964271113276482 17.402736768126488 127.55217753350735 574.06434758007526 18.326353549957275 8.8764830231666547 13.70180504024029 8.4845196008682233 12.170509517192839 87.867741271853447 98.542041718959808 289.54457950592041 271.56927441060543 147.76434223353863
leaf_count=68580 20 196 291 26 59 24 338 101 1093 1410 28 2715 1760 5108 337 70 515 2313 74 36 56 34 49 357 396 1172 1091 599
internal_value=-3.52993e-07 0.000220743 0.00833997 2.78249e-05 0.0213527 0.00627459 0.0332849 -0.00104126 0.00292951 -0.00266516 0.0680833 -0.00297315 -0.00865038 0.000924709 -0.0189972 -0.0440457 0.00587118 0.00203153 0.015151 -0.00735136 -0.0343031 -0.0499005 -0.000939715 -0.0123386 0.00680855 8.30449e-05 0.00022524 -0.00556099
internal_weight=22123 18247.1 423.502 17823.6 176.292 77.8794 98.4122 3875.84 1125 2750.85 11.9235 2738.92 1114.97 1623.95 133.075 42.2346 991.921 701.617 290.305 90.8408 28.6226 22.1863 247.21 100.038 147.172 17795 17357.7 437.309
internal_count=88848 73268 1710 71558 712 315 397 15580 4539 11041 48 10993 4475 6518 544 171 3995 2828 1167 373 116 90 998 406 592 71442 69671 1771
is_linear=0
shrinkage=0.1


Tree=76
num_leaves=30
num_cat=0
split_feature=1 1 4 0 3 2 3 1 2 0 4 0 2 3 2 2 2 4 2 2 3 3 0 2 4 0 4 4 0
split_gain=0.503715 2.65102 5.17519 6.29409 4.93793 4.13516 3.66516 2.49679 3.9903 4.91935 4.22893 3.25171 3.90143 2.37389 2.21818 15.4565 5.1397 3.40753 5.35843 3.28847 2.99438 2.91769 5.20693 4.89325 2.65798 1.83922 1.74836 1.60216 1.40591
threshold=0.0046503511491010393 0.0038622095248641007 -0.010377681253029512 -0.0021216054477248276 -0.0070854922834909231 0.97316215383817262 0.0089286905554061286 0.0034605918155953667 1.7512586452550114 0.0023136034531496823 0.0056487827513018738 0.002758220688009128 0.71178440426707523 -0.0061857789154701184 0.93499277737148767 0.88910249019533227 0.95874939873662501 -0.0036864780444039176 0.9153388063725546 0.86997661778191759 -0.0023023759970827169 0.0032095231197010192 -0.0036152906144386039 1.064816072828408 0.013640244990275054 -0.0036152906144386039 -0.01231919007560439 0.0018940660110935428 -0.0012725529112679321
decision_type=2 2 2 2 2 2 2 2 2 2 2 2 2 2 2 2 2 2 2 2 2 2 2 2 2 2 2 2 2
left_child=1 7 3 13 5 -4 -6 11 10 -10 -9 25 -13 -3 15 19 28 18 -17 24 -21 22 -18 -23 -2 -1 -5 -19 -16
right_child=14 2 4 26 6 -7 -8 8 9 -11 -12 12 -14 -15 16 17 21 27 -20 20 -22 23 -24 -25 -26 -27 -28 -29 -30
leaf_value=-0.061807752760710079 0.010825900378703427 0.1079895011959229 -0.11117753943283737 -0.029145670325871217 -0.0060307386432201801 -0.019663503381785512 -0.045376256266173282 -0.0013419682225380893 0.074772982859819384 -0.020321840325302237 0.031876291515122508 0.043968928219849213 -0.037186712709560248 0.027604623035043199 -0.10973756645164064 -0.035967893015111767 0.011746656776057121 0.16175560859449911 0.11080311349858625 -0.00036342983480285756 -0.11082010899230613 0.069532761452041347 -0.021187982651492694 0.0055454235370583152 -0.022325104252294819 2.1459202404783945e-05 0.037924160445863823 0.092231921369069159 -0.036567857137876844
leaf_weight=4.8122176229953757 119.00289386510849 9.1624250710010511 9.020765349268915 13.781564295291899 260.45106306672096 10.908493831753729 26.043095797300339 181.6975341886282 18.517387479543689 7.7028313577175131 48.56895999610424 6.8926760256290427 42.133045703172684 6.132771208882331 4.8962896764278412 4.823875769972803 84.265588983893394 4.9474800974130622 5.1357422173023224 4.9024567902088165 4.9146459698677045 13.519709870219229 111.55203929543495 103.00838641822338 30.354887500405312 20963.427323266864 5.4133159965276745 10.043579846620558 5.6634585559368116
leaf_count=20 489 37 38 56 1054 46 106 736 75 31 196 28 170 25 20 20 349 20 21 20 20 55 458 415 124 84133 22 41 23
internal_value=-3.0832e-07 -7.3393e-05 -0.00882187 0.0279025 -0.0129555 -0.0610863 -0.00960735 6.68021e-05 0.00987354 0.0468365 0.00566459 -5.28756e-05 -0.0257768 0.0757583 0.00311528 0.0118744 -0.00187932 0.0850547 0.0397155 0.000403419 -0.0556603 0.000440423 -0.00701532 0.0129693 0.00408842 7.26938e-06 -0.0102307 0.115177 -0.0704948
internal_weight=22121.7 21614.7 340.913 34.4901 306.423 19.9293 286.494 21273.8 256.487 26.2202 230.266 21017.3 49.0257 15.2952 507.031 184.126 322.905 24.9507 9.95962 159.175 9.8171 312.346 195.818 116.528 149.358 20968.2 19.1949 14.9911 10.5597
internal_count=88848 86773 1384 140 1244 84 1160 85389 1038 106 932 84351 198 62 2075 755 1320 102 41 653 40 1277 807 470 613 84153 78 61 43
is_linear=0
shrinkage=0.1


Tree=77
num_leaves=27
num_cat=0
split_feature=1 0 3 3 2 3 1 3 0 4 0 0 1 0 0 0 3 4 3 2 3 3 0 2 2 0
split_gain=0.484013 5.74744 3.96262 5.0798 4.90664 4.67005 3.91381 3.79173 7.88745 4.73 2.53884 4.37798 1.96965 3.72057 8.83089 7.66119 6.91431 3.95503 2.37947 1.28789 3.24197 6.61907 3.68804 2.01206 4.36019 4.16629
threshold=0.00037001496326699031 0.00036988077543109737 -0.002110464077581586 -0.001355054826502111 0.81020517619211463 -0.0010624189754768196 0.00035143887026177538 -0.00017712746473619309 0.00074524968478306708 0.0026220154444025483 -0.00035117497323100538 -5.3145317028491228e-05 0.00039133917944540541 -0.00035117497323100538 -0.00029551873649275023 -0.0003781196005159248 -0.00022121995294493987 -0.0021542630575234196 -0.00037485357291461291 0.34875881401126035 0.0026868528537014051 0.0014604322233544578 0.0021469959577472557 0.65660541513226989 0.70482778278925096 0.00090410223401904421
decision_type=2 2 2 2 2 2 2 2 2 2 2 2 2 2 2 2 2 2 2 2 2 2 2 2 2 2
left_child=1 2 10 4 -4 -5 7 8 -3 -9 -1 -12 13 15 18 16 -2 -16 -15 20 21 -14 -22 25 -25 -21
right_child=12 6 3 5 -6 -7 -8 9 -10 -11 11 -13 19 14 17 -17 -18 -19 -20 23 22 -23 -24 24 -26 -27
leaf_value=-0.0046995608952864277 -0.065321935568916273 0.036601253230704886 -0.0065508324502183612 0.027714546768633882 -0.065190618689225557 0.0019359839245043425 -0.090740919117798441 -0.033759329008980807 -0.076804761177661718 0.039050083087826142 0.12287338296124069 0.018270737148409287 0.0049044110635935055 0.018716547257191095 0.05275326984681819 -0.13612731080169185 0.06402489187095825 -0.010562706560712259 0.10181739751779124 -0.0013836397906698387 -0.033267574292553607 0.055479137149580485 0.04603675333575423 0.007154885451771619 -0.00011620750983787711 -0.014665634250858196
leaf_weight=7.5903854221105602 9.6601874679327047 28.741723746061325 43.902855738997459 72.454128906130791 21.140095680952072 2337.2475430518389 7.1695226877927771 80.957799851894379 7.7964873611927024 10.027646288275717 7.2837793231010481 8.8782379329204524 243.5193595290184 5.4977073818445197 10.203939899802206 6.7358367741107932 7.2226587682962426 297.53839801251888 9.231243431568144 2391.5616945326328 34.37860880792141 28.954906895756721 7.0700699388980857 871.69995771348476 15302.396611690521 262.04619550704956
leaf_count=31 39 116 177 292 85 9371 29 330 33 41 30 37 987 22 41 27 29 1193 37 9611 143 117 29 3501 61441 1059
internal_value=-3.80411e-07 0.00127215 0.00235689 0.00196674 -0.0256098 0.00271109 -0.0188495 -0.0148076 0.0124028 -0.0257349 0.0430071 0.0654123 -0.000172325 -0.007649 -0.00484297 -0.0459604 -0.00998601 -0.00846331 0.0707993 -3.71427e-05 0.00631525 0.0102788 -0.0197403 -0.000143059 0.000275667 -0.00269525
internal_weight=22120.9 2633.19 2498.5 2474.74 65.043 2409.7 134.693 127.524 36.5382 90.9854 23.7524 16.162 19487.7 346.09 322.471 23.6187 16.8828 307.742 14.729 19141.6 313.923 272.474 41.4487 18827.7 16174.1 2653.61
internal_count=88848 10572 10023 9925 262 9663 549 520 149 371 98 67 78276 1388 1293 95 68 1234 59 76888 1276 1104 172 75612 64942 10670
is_linear=0
shrinkage=0.1


Tree=78
num_leaves=29
num_cat=0
split_feature=4 4 2 3 0 2 3 0 0 1 0 2 2 3 0 1 2 2 0 2 0 0 0 4 1 4 2 3
split_gain=0.486548 1.86975 3.6879 2.83809 2.85792 2.04398 1.55742 5.96408 6.31494 6.86953 5.11708 5.23286 4.66818 4.56175 6.03685 4.54082 3.0024 2.81766 2.80357 7.94743 6.97042 1.41517 4.92893 6.26007 2.84678 6.77714 3.91504 1.98695
threshold=-0.002365708691547785 -0.0022569585515352926 1.5797395262487191 -0.003590387770983416 -0.00065509208642233741 1.974658357892932 -0.0028041770288634855 -0.00078897279716283453 -0.0030594646147519828 0.00085945186666748215 -0.00033516264136818069 0.36751290205720016 0.49511203096870521 -0.0030340159717340827 -0.00085134284909171843 0.0023594909267332111 0.68168451052071777 0.76787877265842008 -0.00035117497323100538 0.49511203096870521 -0.00071545089355534708 -0.0019869903658644157 -0.001617022300350712 0.0016360682275319285 0.0033446661557002991 -0.00089062090087571588 1.3873281859668349 -0.0014550185519664469
decision_type=2 2 2 2 2 2 2 2 2 2 2 2 2 2 2 2 2 2 2 2 2 2 2 2 2 2 2 2
left_child=6 2 3 -2 -5 -4 13 8 17 -10 11 -9 -12 18 16 -16 -15 -8 20 -20 -1 24 23 -23 25 -3 -26 -24
right_child=1 21 5 4 -6 -7 7 10 9 -11 12 -13 -14 14 15 -17 -18 -19 19 -21 -22 22 27 -25 26 -27 -28 -29
leaf_value=0.0004403459838734105 -0.066064479152247432 0.02027743176011822 0.094545175899589481 0.035737821616305725 0.0019696940549946583 0.01315258069155827 -0.024882494912577401 0.086763729819503727 0.040656256024873244 -0.017424883627659545 0.01959536189714748 0.0084202550760296979 -0.0050681394997915599 -0.020084586896329571 0.012268553086580435 -0.064009730050672592 0.057513456649016942 0.058292715873278667 -0.047959216562604282 0.011793815874588708 -0.027206228841625005 0.029196300576719028 -0.0036016686959373153 -0.0097419016637471535 0.0077246356721423466 -0.03197430302396672 -0.03717333281715407 0.00033672430131731674
leaf_weight=596.76594826579094 5.2273905277252188 33.823407143354416 7.7302546352148038 31.48374530673027 122.89852891862392 5.1348323971033096 5.3030048906803158 8.7214045226573926 21.323020994663239 452.62916192412376 83.081146478652954 380.06942555308342 1005.9448197931051 5.6668699085712424 48.360961675643921 9.3060437142848951 41.510314598679543 17.557896435260773 24.020237386226654 303.58555689454079 107.64631788432598 125.27522574365139 1385.6086722612381 61.585877776145935 146.05241151154041 93.277016252279282 22.400176033377647 16967.345153257251
leaf_count=2429 21 136 34 127 494 22 23 36 87 1825 338 1528 4047 23 196 38 169 72 100 1233 437 504 5566 249 598 376 91 68049
internal_value=-3.81025e-07 0.000189375 0.0105539 0.00640242 0.00885615 0.062059 -0.00115958 -0.00285716 -0.0123357 -0.0148118 0.00032935 0.0101777 -0.00318658 0.00178896 0.0216629 -4.08955e-05 0.0481925 0.0389987 -0.00023006 0.00741269 -0.00378453 9.4467e-05 0.000203908 0.016363 -0.00677071 -0.0180693 0.00175428 3.93841e-05
internal_weight=22119.3 19007.8 172.475 159.61 154.382 12.8651 3111.49 1974.63 496.813 473.952 1477.82 388.791 1089.03 1136.86 104.844 57.667 47.1772 22.8609 1032.02 327.606 704.412 18835.4 18539.8 186.861 295.553 127.1 168.453 18353
internal_count=88848 76267 698 642 621 56 12581 7956 2007 1912 5949 1564 4385 4625 426 234 192 95 4199 1333 2866 75569 74368 753 1201 512 689 73615
is_linear=0
shrinkage=0.1


Tree=79
num_leaves=29
num_cat=0
split_feature=1 1 4 2 0 3 2 3 1 2 1 0 2 2 4 4 0 0 3 0 1 0 2 0 4 0 1 2
split_gain=0.499528 4.0556 7.18113 10.8551 6.88579 7.93183 4.95067 3.65201 3.31543 8.26695 4.75978 2.80433 2.18558 5.46925 3.42452 8.08841 6.62027 3.39927 6.00636 3.84473 3.15232 8.01629 9.14766 3.47578 4.74447 4.39212 3.1873 1.2014
threshold=0.0013386358910376578 0.001291219038282941 -0.0034352060543768599 0.83551948385418784 0.0012705467811210405 0.0042497111631251147 1.1264437449437061 -0.0070854922834909231 0.0012795841486764239 0.54162935639706189 0.0012677290614719295 -0.00016578913496656519 1.064816072828408 1.3698498447754337 0.00011397034429516674 0.0017386469876122803 0.0031326437170500214 0.0018790592310340417 0.00014297434012722213 0.0015359786672130007 0.00145609912831229 0.00098010705796158803 0.75730189049381191 0.0011542097735943726 0.0025030670471108967 0.0011220481943221563 0.0013627271413834243 1.2072556790058602
decision_type=2 2 2 2 2 2 2 2 2 2 2 2 2 2 2 2 2 2 2 2 2 2 2 2 2 2 2 2
left_child=1 7 3 11 5 -4 -6 -1 10 -10 -9 -3 20 17 16 -16 -15 19 -19 -14 21 26 -23 25 -25 -22 -2 -5
right_child=12 2 4 27 6 -7 -8 8 9 -11 -12 -13 13 14 15 -17 -18 18 -20 -21 23 22 -24 24 -26 -27 -28 -29
leaf_value=-0.091477365318910875 0.029691063699318794 0.066677223936501606 -0.0056810899750996116 -0.078910875488239565 -0.13509053708730626 0.10244060876474606 -0.0078131341437370216 -1.8787600303392049e-05 -0.084921225446081883 0.028709211578124255 -0.023615688872250302 -0.032410099544905674 0.0072438396847891093 0.0022872286941666648 -0.022281393498703814 0.00050524171233907067 0.10850890991812978 -0.044533998910956711 0.0025003465003005051 0.029448225614799425 -0.0034140854861031294 -0.077530899027014169 0.0020172120824216442 0.009995302346146831 -0.0063092156558395484 -0.045064557295329641 0.0075642369020303794 -0.1287067201175599
leaf_weight=4.3694549649953833 82.669823110103607 6.7065979391336441 290.41409619152546 16.226097151637081 6.9580975621938688 6.9472766518592826 5.44953553378582 14902.969308033586 6.9658920317888251 79.176237851381302 85.975527763366699 4.9750001430511457 1279.0627086162567 737.2403206974268 225.01639081537724 506.24609470367432 5.9145250767469397 32.940792888402939 154.46437837183475 83.043813809752464 2430.5725654959679 22.369371518492699 40.864535108208656 476.17184337973595 285.46845252811909 25.584785714745522 306.32404808700085 6.9077153354883185
leaf_count=23 332 27 1165 66 28 28 22 59763 28 318 345 20 5149 2982 906 2036 24 136 622 334 9805 90 164 1924 1150 103 1230 28
internal_value=-2.54491e-07 -0.00031333 -0.0110402 -0.054101 -0.00620054 -0.00315503 -0.0791892 -6.82076e-05 -4.1713e-05 0.0195205 -0.000154138 0.0244776 0.000721127 0.00271176 -0.00164803 -0.00650642 0.00313261 0.00686026 -0.00576703 0.00859758 -0.00091906 0.00689869 -0.0261234 -0.00201776 0.00388425 -0.00384794 0.0122667 -0.0937798
internal_weight=22118 15424 344.584 34.8154 309.769 297.361 12.4076 15079.5 15075.1 86.1421 14988.9 11.6816 6693.95 3023.93 1474.42 731.262 743.155 1549.51 187.405 1362.11 3670.03 452.228 63.2339 3217.8 761.64 2456.16 388.994 23.1338
internal_count=88848 61861 1384 141 1243 1193 50 60477 60454 346 60108 47 26987 12189 5948 2942 3006 6241 758 5483 14798 1816 254 12982 3074 9908 1562 94
is_linear=0
shrinkage=0.1


Tree=80
num_leaves=29
num_cat=0
split_feature=4 4 3 2 1 4 3 3 1 1 4 0 3 4 3 3 2 0 2 4 2 4 0 0 2 1 0 4
split_gain=0.501692 5.69948 7.04464 5.36206 5.77126 5.34767 2.64143 6.46982 6.67087 4.4486 3.70619 6.11982 3.52283 2.41579 4.52903 6.03594 9.9371 4.8553 4.78178 6.6166 5.44675 3.28277 5.03612 3.83408 2.99616 1.7476 1.87285 1.5154
threshold=-0.00066890131469710113 -0.00073323650316253753 0.0020771959195635685 1.6335843181651211 0.00026748387845516484 -0.00070939320913382387 -0.00068830220642229756 -0.00049855781458812965 0.0030671324790169582 0.0066926180643305348 -0.00084557550282238203 0.00071125738377819669 -0.00072245885940364063 6.0961582628915607e-05 -0.00028443717814241593 -0.00014535957048378287 0.62552135823833332 -0.0019869903658644157 0.81633478293559003 -4.9362361828397809e-05 0.32744375139444543 7.8909426440398902e-05 0.00048420613733479728 0.00014463992905522363 1.1737326810484399 0.0049749850173217832 -2.6961575629980136e-05 0.013640244990275054
decision_type=2 2 2 2 2 2 2 2 2 2 2 2 2 2 2 2 2 2 2 2 2 2 2 2 2 2 2 2
left_child=1 6 3 4 -3 -5 10 8 -8 -9 12 -12 -1 14 18 16 -16 -17 20 -20 -2 22 23 -15 -24 26 -23 -27
right_child=13 2 -4 5 -6 -7 7 9 -10 -11 11 -13 -14 21 15 17 -18 -19 19 -21 -22 25 24 -25 -26 27 -28 -29
leaf_value=0.00045788835581120503 -0.044580823524036819 -0.061166637258439086 -0.13023806562305948 -0.043784228465022702 -0.011551166244692143 0.068405982574765975 -0.012261642965157941 -0.00014610612068695423 -0.12672024493787923 -0.05763640061799255 0.021897776002273224 -0.063355838211697893 0.022597401128294246 -0.015544053170504994 -0.025836157108312437 -0.059707444765446573 0.026850785394399768 0.003919315125147857 -0.0026864833689871936 -0.027998981595919094 0.0083036388443922231 0.0013181238685252873 0.074047045225657374 -0.066175116075847515 -0.024210151451868417 0.015108467278295727 -0.0014170533187166335 -0.0026085929583194926
leaf_weight=4309.6659704595804 20.29089742898941 26.407283410429955 5.2144357264041892 5.974989295005801 208.94244202971458 14.705292850732802 441.51300448179245 2379.5736097693443 5.151381015777587 13.536243081092833 141.09361812472343 8.9543849229812604 73.090170904994011 52.102177277207375 41.934434220194817 12.077009260654448 244.61297571659088 1729.0490916073322 808.82122233510017 118.38252061605453 484.44037495553493 3980.8620517402887 8.2324781566858274 20.978451266884804 4.9811168164014807 135.54309044778347 6745.2210723161697 74.985444650053978
leaf_count=17387 82 106 21 24 837 59 1770 9551 21 58 566 36 293 209 168 49 980 6930 3242 475 1943 15980 33 84 20 552 27067 305
internal_value=-3.49927e-07 -0.000656364 -0.0151719 -0.0128284 -0.0171182 0.0359918 -0.000142012 -0.00253341 -0.0135817 -0.000471291 0.00135618 0.0168101 0.000827104 0.000345439 0.00265082 0.00569136 0.0191404 0.00347798 -0.00165471 -0.00591831 0.00617761 -0.000378118 -0.0198059 -0.0300782 0.0370071 -0.000224825 -0.000401924 0.00879806
internal_weight=22116.3 7633.82 261.244 256.03 235.35 20.6803 7372.58 2839.77 446.664 2393.11 4532.8 150.048 4382.76 14482.5 3459.61 2027.67 286.547 1741.13 1431.94 927.204 504.731 11022.9 86.2942 73.0806 13.2136 10936.6 10726.1 210.529
internal_count=88848 30729 1047 1026 943 83 29682 11400 1791 9609 18282 602 17680 58119 13869 8127 1148 6979 5742 3717 2025 44250 346 293 53 43904 43047 857
is_linear=0
shrinkage=0.1


Tree=81
num_leaves=27
num_cat=0
split_feature=2 2 0 0 0 2 2 3 0 1 0 0 0 3 1 0 0 1 1 4 2 0 3 3 3 1
split_gain=0.525583 5.91114 4.16104 2.52412 3.07088 1.88939 5.50863 3.07039 4.46903 3.56846 2.96863 5.81033 5.20202 4.71165 3.56992 3.26976 2.16352 5.97197 4.52143 1.84393 1.0441 3.57493 3.59527 0.955466 4.36718 3.56755
threshold=0.50396646641120901 0.51212731364596176 -0.0012308152774623824 -0.00062506106730669797 0.00072830781844157599 0.40162842590645298 0.38553009856100046 0.0032095231197010192 0.0019962234833329488 0.00044161267005013292 -0.00078897279716283453 -0.0002052895105776886 -0.00092190686377557885 -0.0021705760677414583 0.0013756545969626861 0.00072830781844157599 -0.00034216514222901168 0.00075605232828273824 0.00066200345248832468 -0.001141322342759876 0.55470541089742997 0.0025171205362676257 0.0014604322233544578 -0.0004575082834066268 -0.00044379672734640158 0.00075056786387694095
decision_type=2 2 2 2 2 2 2 2 2 2 2 2 2 2 2 2 2 2 2 2 2 2 2 2 2 2
left_child=5 2 -2 -4 -5 6 7 9 -9 -1 12 13 14 -12 -7 -13 18 -18 -8 -14 21 22 -3 25 -25 -22
right_child=1 20 3 4 -6 10 16 8 -10 -11 11 15 19 -15 -16 -17 17 -19 -20 -21 23 -23 -24 24 -26 -27
leaf_value=-0.0052166205258094359 -0.11186385831754889 -0.0018004043889373997 0.045123385877363656 -0.033691435235754845 0.023165425256163993 -0.021027559469361967 -0.10620094711955647 -0.035393654846971316 0.046991930798895298 0.0098193563579547609 -0.05702411546379707 0.012138535898786849 0.13099806537298012 -0.0063778559595744355 0.028149765347773033 -0.0093620695574329407 0.0060710215495111174 -0.05760328568689016 -0.014252477679905472 0.051533490702586185 -0.0043013000018915686 0.067325058845028027 -0.024815091548152687 0.024251133606662142 0.00045766681691474512 0.00062602294910890763
leaf_weight=284.32707162201405 5.3236022591590872 434.86263737082481 5.4508165121078482 64.610377356410027 11.136843279004095 21.499615758657455 9.1697344630956668 42.315276801586151 7.7976411134004584 354.80576415359974 20.665465950965881 431.22075293958187 4.921373650431633 165.27307017147541 47.099643707275391 84.610075578093529 41.977053865790367 22.692061528563499 12.831461071968077 7.1808844506740552 2097.615383297205 6.8504919111728659 80.431109264492989 77.606358289718628 12866.320948958397 4906.6172567456961
leaf_count=1154 23 1748 22 260 45 87 37 176 32 1438 84 1731 20 664 192 343 169 92 52 29 8409 28 324 311 51612 19766
internal_value=-3.42893e-07 -0.000134568 -0.0262176 -0.0206023 -0.025332 0.00177024 -0.00172639 0.00126148 -0.0225743 0.00313039 0.00523758 0.00314882 0.0234011 -0.0120068 0.0127372 0.00861186 -0.0254875 -0.016272 -0.0525751 0.0838477 -2.43236e-05 -0.00443867 -0.00539272 9.12221e-05 0.000600322 -0.000849603
internal_weight=22115.2 20556.8 86.5216 81.198 75.7472 1558.39 775.916 689.246 50.1129 639.133 782.471 701.769 80.7015 185.939 68.5993 515.831 86.6703 64.6691 22.0012 12.1023 20470.3 522.144 515.294 19948.2 12943.9 7004.23
internal_count=88848 82548 350 327 305 6300 3150 2800 208 2592 3150 2822 328 748 279 2074 350 261 89 49 82198 2100 2072 80098 51923 28175
is_linear=0
shrinkage=0.1


Tree=82
num_leaves=29
num_cat=0
split_feature=1 1 2 2 0 0 3 4 0 3 2 2 3 1 3 0 0 2 1 3 3 2 2 1 2 2 4 3
split_gain=0.438905 4.34085 3.57572 3.79211 4.50727 3.13344 2.70084 3.12202 3.48176 2.66117 4.14735 2.45773 2.02918 1.37897 5.68765 4.72269 4.47237 4.33976 5.02951 3.33625 2.99101 1.36425 3.56182 4.20547 3.53772 2.32761 9.54945 2.66233
threshold=0.0010907951230004003 0.0010758866433786091 1.8133546189059204 1.418569325701927 -0.00024846273100542765 -0.0003690577332720601 -0.0031422369687127967 -0.0060141569588132984 1.0000000180025095e-35 0.0045207651185906758 0.51973865777747486 0.75730189049381191 0.0030915209018375083 0.001106795239328753 -0.0010624189754768196 -0.00051292573795080887 -0.00090086025852159624 1.1035777553025208 0.0010987820306777513 -0.0017120363275678339 0.0028704643408463686 1.3698498447754337 1.064816072828408 0.0015629242035813176 0.94897842300334034 1.3787440156920019 0.0040621269963537774 0.0027725737840987867
decision_type=2 2 2 2 2 2 2 2 2 2 2 2 2 2 2 2 2 2 2 2 2 2 2 2 2 2 2 2
left_child=1 6 3 4 -3 -5 7 11 -9 12 -11 -1 -8 14 17 16 -16 19 -19 -2 -17 22 24 -24 -15 26 -23 -27
right_child=13 2 -4 5 -6 -7 9 8 -10 10 -12 -13 -14 21 15 20 -18 18 -20 -21 -22 25 23 -25 -26 27 -28 -29
leaf_value=-0.080403143299465296 -0.015658293959999747 0.0061964224154086069 0.04458204337178831 -0.1204671204289773 -0.029395930814761873 -0.032004517901677292 -0.00033850229447449651 0.010970369110348465 0.056973756411716092 0.045260099013294024 -0.059132879018141675 0.01740268538602685 0.012957151354950198 0.00099627350938404535 0.050083669849482204 0.034093198074767954 -0.038108059127488859 -0.04129031610559946 0.085849038492828711 -0.086685107623861529 -0.033683009110963578 -0.0049586555038649196 -0.0012423909012442428 0.0081914604347846833 -0.0055575785177802515 -0.0032487647485066546 -0.13693321518219753 0.0070775504058249346
leaf_weight=5.5962594896554929 15.187672883272169 61.853476241230965 9.182435676455496 6.2321210354566601 83.760222360491753 11.199848309159277 12946.94870993495 65.060176983475685 22.020371749997139 4.9295241981744793 16.69209235906601 4.7499138414859772 115.81583021581173 3708.3217539042234 7.7317521870136288 95.872787699103355 22.43631349503994 5.9864050596952421 6.4789339452981949 11.713821843266489 6.9856599122285834 35.540284633636475 766.9013254493475 1231.0979860126972 1058.7850439846516 1480.4605123400688 6.4828445613384238 300.32017531991005
leaf_count=25 62 248 37 25 337 45 51914 263 89 20 68 20 465 14950 31 384 90 24 26 47 28 143 3079 4965 4257 5972 26 1208
internal_value=-3.81941e-07 -0.000361211 -0.0161343 -0.0195537 -0.0142771 -0.0636309 -0.000155126 0.0164331 0.0226034 -0.000278643 -0.0353323 -0.0355006 -0.000220622 0.000549659 0.00940492 0.0192859 -0.0155055 -0.0239846 0.0247911 -0.0465858 0.0294902 0.000371899 0.00102614 0.00457042 -0.000459352 -0.00205622 -0.0253182 -0.00150728
internal_weight=22114.3 13354 172.228 163.046 145.614 17.432 13181.8 97.4267 87.0805 13084.4 21.6216 10.3462 13062.8 8760.3 172.393 133.027 30.1681 39.3668 12.4653 26.9015 102.858 8587.91 6765.11 1998 4767.11 1822.8 42.0231 1780.78
internal_count=88848 53556 692 655 585 70 52864 397 352 52467 88 45 52379 35292 692 533 121 159 50 109 412 34600 27251 8044 19207 7349 169 7180
is_linear=0
shrinkage=0.1


Tree=83
num_leaves=26
num_cat=0
split_feature=4 4 2 1 1 0 2 1 2 3 1 1 1 3 4 2 1 1 3 1 1 3 4 0 3
split_gain=0.443795 1.53811 3.08648 2.80832 3.38302 1.98535 1.48198 6.66929 4.63423 6.2426 2.75149 8.08644 7.43266 5.95516 4.43718 3.95523 2.80721 2.3577 1.26478 4.27255 6.69061 3.43499 4.1741 3.38793 1.62268
threshold=-0.002365708691547785 -0.0022569585515352926 1.5797395262487191 0.00031517157201339465 0.00045654885373643358 -0.00054788230032920538 0.83232157525283346 0.00031517157201339465 0.86359435112196503 -0.0028041770288634855 0.00065632171211737849 0.00050593191994597751 0.0004609036241725031 -0.002110464077581586 -0.0024867198882742576 0.67770315893638144 0.00093500742170700131 0.00049360386047127682 -0.0039730912402921028 0.0024411158017341832 0.0026242309259284706 -0.0037796886774347223 -0.0012241304895215797 0.00083732602694741598 -0.0023023759970827169
decision_type=2 2 2 2 2 2 2 2 2 2 2 2 2 2 2 2 2 2 2 2 2 2 2 2 2
left_child=6 2 3 -2 -5 -4 10 -8 9 -9 11 12 -1 -13 15 -12 -16 -10 19 23 -21 22 -20 -3 -23
right_child=1 18 5 4 -6 -7 7 8 17 -11 14 13 -14 -15 16 -17 -18 -19 21 20 -22 24 -24 -25 -26
leaf_value=0.0099266294624695012 0.080230752294998375 0.03662703835776053 0.096702847710508605 -0.057018850882695676 0.007072471290747704 0.017474661804247772 -0.085976518535704469 0.010105816310103608 0.025406366621691209 -0.039120936815386316 -0.0052567997998409282 -0.010020796012485178 -0.057140141830117244 0.058554496127787507 0.0025614926604847145 0.007717121209564335 -0.05024952556867273 -0.0016411095773820846 -0.11017070989836882 -0.097088335659963249 0.0032541330470116474 -0.0059551903680289571 -0.014045207624433143 -0.044170677492328718 0.00021397921534990034
leaf_weight=76.850348979234695 4.9155248552560797 56.884693056344986 6.3329219967126846 8.7287934571504575 145.82067537307739 6.3184878379106504 9.5877027511596662 39.524331286549568 32.813607335090637 73.978237628936768 472.30241420865059 17.088632225990295 21.050983190536499 48.904707089066505 15.670235157012938 467.63750341534615 28.140291333198547 1806.1941799074411 5.9587021619081524 7.2106321156024924 84.712179273366928 436.58066685497761 18.675563454627991 5.7106108218431464 18215.975330144167
leaf_count=315 20 231 30 35 587 26 39 160 132 298 1923 69 85 197 63 1889 113 7298 24 29 346 1756 75 23 73085
internal_value=-3.69812e-07 0.000180849 0.00959123 0.00581935 0.00345266 0.057134 -0.00110781 -0.00277737 -0.00236883 -0.021979 0.0017466 0.0137427 -0.00449423 0.0407973 -0.000251976 0.00119797 -0.03136 -0.0011585 9.48408e-05 0.0091049 -0.00461696 2.02998e-05 -0.0372967 0.0292558 6.9584e-05
internal_weight=22113.6 19003.8 172.116 159.465 154.549 12.6514 3109.74 1962.1 1952.51 113.503 1147.65 163.895 97.9013 65.9933 983.75 939.94 43.8105 1839.01 18831.7 154.518 91.9228 18677.2 24.6343 62.5953 18652.6
internal_count=88848 76267 698 642 622 56 12581 7927 7888 458 4654 666 400 266 3988 3812 176 7430 75569 629 375 74940 99 254 74841
is_linear=0
shrinkage=0.1


Tree=84
num_leaves=30
num_cat=0
split_feature=4 4 3 3 1 0 0 3 3 4 3 2 3 4 3 4 4 1 0 1 1 4 3 3 3 4 1 0 3
split_gain=0.448513 3.3234 4.46898 5.26062 4.87004 4.25619 3.89039 4.94292 4.38638 3.30053 8.31591 5.96875 5.93185 2.82509 8.61938 2.90618 2.12684 6.41876 4.61469 6.98562 3.14345 2.327 4.6063 4.49857 3.85643 3.01309 6.7503 2.17953 1.37385
threshold=0.00057092769669442333 0.00064436764323982942 -0.00038798036833942445 -0.00062148557071334254 0.0010836019763279527 -5.6189309345644471e-05 0.00066468733859414997 0.0002359264464627531 0.00040888447771247899 0.00066407165701742887 0.00014297434012722213 0.621059282533581 0.0010772898178756931 0.00068500017395667367 0.0012000898426595132 0.00070593980377808851 0.00047374782363207585 0.00023681601005913705 0.0018790592310340417 0.0020838312991208921 0.00022021660878437192 0.00045871284457832401 -0.00072245885940364063 0.00035539058415845487 -0.0011068988108564046 0.00044232750363981671 0.00025056875820919498 -0.000105189803321859 0.0045207651185906758
decision_type=2 2 2 2 2 2 2 2 2 2 2 2 2 2 2 2 2 2 2 2 2 2 2 2 2 2 2 2 2
left_child=16 2 3 4 -2 -5 8 -8 -4 10 11 -3 -12 14 -11 -15 21 20 19 -19 27 25 24 -24 -23 28 -27 -18 -1
right_child=1 9 6 5 -6 -7 7 -9 -10 13 12 -13 -14 15 -16 -17 17 18 -20 -21 -22 22 23 -25 -26 26 -28 -29 -30
leaf_value=0.00018055720715804178 -0.035255150702967621 0.14353052974435099 -0.032958094327448839 0.015595671266794293 0.03965694951995194 0.11144628258329575 0.091516922968705866 -0.0027135086423815055 -0.006686049029914618 -0.0059960897137433626 -0.028329970172510589 0.037201116954414033 0.046096252480340418 0.018075151683537096 -0.099088018119074972 -0.00037636213241643035 0.083166153911179264 0.0018622157302133229 -0.092406499590859975 0.067631551141901933 0.1116212436996831 -0.012222471958798001 0.015773058535025499 -0.034272758586589312 -0.11969715263544528 -0.0658950347253522 0.028086668914783664 0.019775436906803209 -0.015775399868109229
leaf_weight=12935.956542648375 22.378360018134117 6.481927126646041 123.63205410540104 10.228233903646471 14.175222635269163 8.4681346416473371 6.9746588766574851 27.576954945921898 130.76972568035126 74.859363362193108 36.184378549456596 28.454497665166855 15.210180193185804 86.291473776102066 11.470032349228857 7915.1001857817173 6.9720704555511501 372.14297880232334 4.9544518589973441 16.882077023386955 6.2284075617790213 6.2052890956401825 40.691780507564545 32.154176980257034 7.227111801505087 8.474548786878584 77.841744765639305 24.426016449928284 54.188796401023865
leaf_count=51989 90 26 497 41 57 34 28 111 526 300 145 114 61 346 46 31793 28 1491 20 68 25 25 163 129 29 34 312 98 222
internal_value=-2.76326e-07 -0.000569223 -0.0101948 0.0158634 -0.00620476 0.0590092 -0.0151773 0.016308 -0.0194535 -0.000163896 0.0192854 0.0569289 -0.00630359 -0.000371504 -0.0183646 -0.000177371 0.000356227 0.00726368 0.00349497 0.00471633 0.046725 0.000129732 -0.0162391 -0.00631715 -0.0700477 0.000237734 0.0188595 0.0338516 0.000113996
internal_weight=22112.6 8518.26 344.203 55.25 36.5536 18.6964 288.953 34.5516 254.402 8174.05 86.331 34.9364 51.3946 8087.72 86.3294 8001.39 13594.3 431.606 393.98 389.025 37.6265 13162.7 86.2784 72.846 13.4324 13076.5 86.3163 31.3981 12990.1
internal_count=88848 34215 1384 222 147 75 1162 139 1023 32831 346 140 206 32485 346 32139 54633 1730 1579 1559 151 52903 346 292 54 52557 346 126 52211
is_linear=0
shrinkage=0.1


Tree=85
num_leaves=23
num_cat=0
split_feature=2 3 4 4 1 0 0 1 2 0 3 2 3 4 2 2 3 4 0 0 0 0
split_gain=0.421577 3.13526 2.24306 7.14081 7.45075 4.45564 5.46896 3.79084 0.793039 3.27337 5.57877 3.55065 3.48905 5.96384 3.23782 1.16111 7.46983 4.02584 3.93188 0.930821 5.67039 5.55759
threshold=1.9289709199555782 0.012229627537501788 0.0013306070572540742 0.0017386469876122803 0.00077821158239764184 0.0023136034531496823 0.0017838062171121607 0.00084723839944960994 1.6335843181651211 0.0018790592310340417 0.0032095231197010192 1.7512586452550114 0.0052169110818741657 0.0051587874840919321 1.7816324003568378 1.5965389876970539 -0.0016713344172495368 0.0008693675393516288 -0.0024720928198455057 0.00011763667921826927 0.00016479755067677629 6.1459496995763821e-05
decision_type=2 2 2 2 2 2 2 2 2 2 2 2 2 2 2 2 2 2 2 2 2 2
left_child=8 2 5 4 -4 6 -2 -5 15 12 14 -12 13 -10 -11 19 18 -18 -17 21 -21 -1
right_child=1 -3 3 7 -6 -7 -8 -9 9 10 11 -13 -14 -15 -16 16 17 -19 -20 20 -22 -23
leaf_value=4.2225503767473656e-05 0.0005924170362503117 0.064586121591755835 -0.11782984257798182 0.041717460222919646 -0.020732676390522342 0.091334499051596393 -0.10105690467757147 -0.0080384169340073121 0.0052258318277462936 -0.02970705757112431 0.045467117054734996 -0.020636189477343334 0.073985158071293994 -0.059280032191672785 -0.10809132453896822 -0.044103606056014162 -0.031969976145946856 0.0021966161871685977 0.051857251790995984 0.0098698632334388529 8.6682570812350059e-05 -0.0085414320707507176
leaf_weight=11053.601303629577 543.84163397550583 6.948621302843093 11.670345738530157 16.885971531271935 24.480697095394135 5.3466510921716681 5.3449420779943457 164.33185651898384 787.55932608246803 14.251565739512445 13.400879278779028 20.642349928617477 7.1981187015771857 14.598361268639563 8.3617459684610349 5.1059457212686565 83.723762363195419 58.642197027802467 26.075220569968224 641.22317093610764 7789.2007474899292 809.53911371529102
leaf_count=44423 2193 28 47 68 99 22 22 662 3173 58 54 83 29 59 34 21 336 236 105 2572 31278 3246
internal_value=-2.64421e-07 -0.00228547 -0.00288744 -0.0114975 -0.0520778 0.000487566 -0.000396882 -0.00340214 8.3166e-05 0.00304722 -0.0201898 0.00538492 0.00467386 0.0040519 -0.0586913 -4.22502e-05 -0.00818702 -0.0178964 0.0361436 2.74025e-05 0.000830797 -0.000543522
internal_weight=22112 778.851 771.902 217.369 36.151 554.533 549.187 181.218 21333.1 866.012 56.6565 34.0432 809.356 802.158 22.6133 20467.1 173.547 142.366 31.1812 20293.6 8430.42 11863.1
internal_count=88848 3141 3113 876 146 2237 2215 730 85707 3490 229 137 3261 3232 92 82217 698 572 126 81519 33850 47669
is_linear=0
shrinkage=0.1


Tree=86
num_leaves=26
num_cat=0
split_feature=4 1 3 1 2 2 2 3 0 4 4 1 0 2 1 1 0 1 2 2 1 4 3 3 0
split_gain=0.420549 1.40369 2.97327 4.89827 2.76471 5.57664 2.98621 2.05723 1.6921 1.16076 2.43576 8.71235 2.76042 2.16235 2.12195 2.18217 3.50788 1.98829 5.31614 3.59623 1.6907 1.31655 7.38205 2.32857 0.422821
threshold=0.018955880438936926 0.0059201420549555017 0.00086687902988769061 0.0026767689791863912 1.1594375872387825 0.84824455045986424 1.4072597382801522 0.0064550349822616324 -0.0027143377466134484 0.010985695010952925 0.0095804122675133847 0.0049749850173217832 0.002758220688009128 1.0902235049276479 0.0059201420549555017 0.0023594909267332111 -0.00056240616573433033 0.0066926180643305348 1.5627579964421561 1.1737326810484399 0.0026767689791863912 0.0085636312539765242 0.0064550349822616324 0.0074270470293166255 0.002758220688009128
decision_type=2 2 2 2 2 2 2 2 2 2 2 2 2 2 2 2 2 2 2 2 2 2 2 2 2
left_child=9 2 -2 -4 5 8 -6 -5 -3 10 21 12 -12 -13 15 16 -11 19 -19 -16 -17 23 -23 -1 -7
right_child=1 4 3 7 6 24 -8 -9 -10 14 11 13 -14 -15 17 20 -18 18 -20 -21 -22 22 -24 -25 -26
leaf_value=4.5084403600383946e-05 -0.076544821626521986 0.029778356961783173 0.085865457393031253 0.022458643044035942 -0.087081719824153081 0.10425857033398814 0.0075361812851179703 -0.034226906417272683 -0.045652383420948704 -0.081646216411009151 -0.022532103057518699 0.11780992156913997 -0.087905233430314186 0.026078431052947756 0.010711178816438448 0.052734623256276675 0.0058305986830037692 -0.029999452778719307 0.089013191554860829 -0.10731480184024154 0.01524347005739931 -0.0049099702210823569 0.062203452737515798 -0.016527868794972495 0.063740987310400246
leaf_weight=21601.066984727979 7.4240916818380347 4.9200002998113614 4.9147080034017554 8.4087152630090696 5.2253969907760611 5.0654062628746015 9.223087549209593 26.832158222794533 7.5184862911701238 5.6214650422334698 67.843358442187309 4.8562794476747495 7.1388457566499701 5.4577769190073013 4.8997168838977831 13.750376924872397 24.842594593763351 13.472881600260736 5.2026247829198828 5.4567075818777084 96.049955561757088 63.523762300610542 22.087925553321838 85.11312347650528 5.2397270649671555
leaf_count=86776 31 20 20 34 21 21 37 109 31 23 274 20 29 22 20 56 101 55 21 22 392 256 89 347 21
internal_value=-3.42971e-07 -0.00703023 -0.0184071 -0.00765846 0.00752419 0.0292552 -0.0266831 -0.0207013 -0.015816 2.67126e-05 -3.71765e-05 -0.0169028 -0.0287561 0.0692694 0.00827514 0.0133685 -0.0103113 -0.0163331 0.0031551 -0.0514757 0.0199385 2.88988e-05 0.0124054 -1.99605e-05 0.0836571
internal_weight=22111.2 84.7718 47.5797 40.1556 37.1921 22.7436 14.4485 35.2409 12.4385 22026.4 21857.1 85.2963 74.9822 10.3141 169.296 140.264 30.4641 29.0319 18.6755 10.3564 109.8 21771.8 85.6117 21686.2 10.3051
internal_count=88848 345 194 163 151 93 58 143 51 88503 87813 345 303 42 690 572 124 118 76 42 448 87468 345 87123 42
is_linear=0
shrinkage=0.1


Tree=87
num_leaves=25
num_cat=0
split_feature=1 2 0 2 0 2 4 3 2 1 1 4 0 3 1 2 0 0 3 4 0 3 2 3
split_gain=0.464389 2.49335 2.21313 3.80996 3.47262 2.97007 2.7608 2.53784 2.26896 1.15954 2.18472 4.0696 5.01856 4.15144 2.03938 3.52085 2.62544 1.41355 5.63599 5.36378 3.21156 4.16406 3.57033 2.97473
threshold=0.0066926180643305348 0.59115235393616949 0.002758220688009128 1.064816072828408 -0.0024720928198455057 1.3279082704317551 -0.0012785927745144197 -0.0047715938886137557 0.97992886647705724 0.0046503511491010393 0.0038622095248641007 -0.010377681253029512 -0.0021216054477248276 -0.0070854922834909231 0.0034605918155953667 0.50396646641120901 0.002758220688009128 0.0037516558728288856 0.0014285696400184735 0.0043736337000656053 0.0025171205362676257 0.0089286905554061286 0.62552135823833332 -0.0026184063078924509
decision_type=2 2 2 2 2 2 2 2 2 2 2 2 2 2 2 2 2 2 2 2 2 2 2 2
left_child=9 -2 4 6 8 -5 -4 -6 -3 10 14 12 -12 -13 16 -16 -1 20 23 -20 21 -11 -22 -19
right_child=1 2 3 5 7 -7 -8 -9 -10 17 11 13 -14 -15 15 -17 -18 18 19 -21 22 -23 -24 -25
leaf_value=2.1715928807788091e-05 0.049601378026896341 -0.033332053787963604 -0.00052299125012960094 -0.049050032126090937 0.0058411225237404094 0.0068306204450928505 0.069013524140248847 -0.06931564515306389 0.0057928763703885408 1.1172310452508977e-05 0.067266604855640358 -0.056125836562130729 -0.0095270718701346239 -0.0086195067405179827 0.065785396511146843 0.0065263216300156836 -0.023170940908877849 -0.01652929973362657 0.065091481484047739 -0.008455007050829173 0.11394459135317361 0.048774887026170992 0.023635822055644354 -0.096021042201272999
leaf_weight=20959.107944518328 7.8940269500017157 21.613584339618683 10.137241512537004 14.205438151955603 5.9785980284214046 28.783845946192741 13.072603344917296 18.080149665474892 47.173887714743614 203.10137131810188 15.306018054485319 19.658940866589546 19.166128724813461 286.07002943754196 10.452712312340735 245.72817623615265 48.923104777932167 10.139148414134981 13.297048375010489 39.0016118735075 4.9062941968441001 19.163823962211609 40.635174334049225 8.7879157662391645
leaf_count=84153 33 90 43 58 26 116 53 75 197 832 62 84 78 1160 43 995 198 42 54 157 20 78 165 36
internal_value=-2.55716e-07 -0.00525457 -0.00797728 0.00599281 -0.0179379 -0.0116347 0.0386424 -0.0506392 -0.0065005 3.97176e-05 -5.13451e-05 -0.00800165 0.0245702 -0.0116743 7.58499e-05 0.00894421 -3.22947e-05 0.00584257 -0.0066781 0.0102443 0.00917256 0.00421561 0.033365 -0.0534377
internal_weight=22110.4 166.939 159.045 66.1991 92.8462 42.9893 23.2098 24.0587 68.7875 21943.4 21604.4 340.201 34.4721 305.729 21264.2 256.181 21008 339.032 71.2257 52.2987 267.807 222.265 45.5415 18.9271
internal_count=88848 691 658 270 388 174 96 101 287 88157 86773 1384 140 1244 85389 1038 84351 1384 289 211 1095 910 185 78
is_linear=0
shrinkage=0.1


Tree=88
num_leaves=29
num_cat=0
split_feature=1 1 2 2 0 4 3 0 0 0 4 0 4 0 0 3 1 2 3 0 2 2 2 3 0 4 3 2
split_gain=0.411871 3.49511 2.92698 3.31928 3.68999 2.71517 2.21004 2.72782 4.67012 3.94926 2.19136 4.35051 2.53094 1.36969 6.1584 7.71044 8.86419 3.86838 3.62097 3.34349 4.60934 3.36122 6.20131 3.19097 3.09841 2.56345 2.50062 2.17949
threshold=0.0010907951230004003 0.0010758866433786091 1.7816324003568378 1.418569325701927 -0.00024846273100542765 -0.0010118864270065029 -0.0031422369687127967 -0.00076945614752327296 -0.00087666142925751911 1.0000000180025095e-35 0.0059396194887574314 0.00037803305954586813 0.0039114212512501032 -0.00078897279716283453 -0.00073217180623358347 -0.00034374687658417219 0.0012795841486764239 0.68572958567179532 0.0089286905554061286 -0.00080951783583604875 0.77821913892953221 0.68945756845579587 0.68572958567179532 -0.0031422369687127967 -0.00045176045437944618 0.0022188642728535606 0.00064421708059714266 0.65253414107596031
decision_type=2 2 2 2 2 2 2 2 2 2 2 2 2 2 2 2 2 2 2 2 2 2 2 2 2 2 2 2
left_child=1 6 3 4 -3 -5 7 8 -1 -9 12 -12 -8 19 15 23 -17 18 -16 21 27 22 -2 -15 -19 -22 -23 -21
right_child=13 2 -4 5 -6 -7 10 9 -10 -11 11 -13 -14 14 17 16 -18 24 -20 20 25 26 -24 -25 -26 -27 -28 -29
leaf_value=0.013722467143536407 0.0059984159912862579 0.0056984647108778552 0.038949850787218084 -0.0036006894821204727 -0.026518980373499298 -0.088319927403361795 -0.00036845343675076438 -0.006867230095940916 0.13081600564424553 0.040763781408531569 -0.043854362191889276 0.022601895899415934 0.011367622136340683 0.006724884582749272 -0.0040514757831599602 -0.077898567332526175 0.016243478132516417 0.0089497136722986263 -0.04248984184181534 -0.036091828610450738 0.0023758630434412998 -0.00087789430494260236 0.096876467985308024 0.053366339039494039 0.0010813600709762921 -0.066548721689766929 -0.010000994736884899 -0.11742130587594229
leaf_weight=9.9262800812721235 369.59754501283169 61.843916177749634 9.6654014289379102 5.7182262986898449 83.616117745637894 11.17781703174114 12851.826528131962 57.034036301076412 5.1855052262544623 25.054392576217651 30.391795963048935 14.574761167168615 186.41919156908989 19.30364117026329 890.20467647910118 13.198441267013548 41.293482899665833 562.70112234354019 25.201075404882431 6.4609219133853895 32.321778044104576 1830.9426710605621 7.6644237488508216 61.084674134850502 4524.7152184247971 6.4774402529001227 359.42239451408386 6.7244219481945038
leaf_count=41 1504 248 39 23 337 45 51535 232 21 103 123 59 750 78 3592 53 166 2264 105 26 130 7400 31 246 18190 26 1454 27
internal_value=-3.38226e-07 -0.000349876 -0.0145118 -0.0176945 -0.0128214 -0.0596479 -0.000165044 0.0148581 0.0539023 0.00767034 -0.000276656 -0.0223143 -0.000200653 0.000532608 0.00134964 0.0224814 -0.00655858 0.000874827 -0.00510968 -0.00138169 -0.0264896 -0.000873356 0.00784469 0.0421663 0.00195165 -0.00913094 -0.00237493 -0.0775692
internal_weight=22109.7 13352.4 172.021 162.356 145.46 16.896 13180.4 97.2002 15.1118 82.0884 13083.2 44.9666 13038.2 8757.31 6137.7 134.88 54.4919 6002.82 915.406 2619.61 51.9846 2567.63 377.262 80.3883 5087.42 38.7992 2190.37 13.1853
internal_count=88848 53556 692 653 585 68 52864 397 62 335 52467 182 52285 35292 24694 543 219 24151 3697 10598 209 10389 1535 324 20454 156 8854 53
is_linear=0
shrinkage=0.1


Tree=89
num_leaves=31
num_cat=0
split_feature=4 3 2 1 4 0 4 3 3 3 0 2 2 1 3 1 1 0 0 0 3 1 1 0 4 3 1 3 4 4
split_gain=0.462271 1.83153 4.3272 6.1928 6.15646 4.8621 4.55043 3.76091 2.72702 5.94044 4.85416 4.84456 4.19364 4.04928 3.46989 1.01391 6.5073 5.38676 11.0823 5.84771 3.69286 5.5763 3.8469 2.20415 3.2884 4.61709 3.25526 2.74213 6.57983 4.61586
threshold=-0.0024236955683697432 0.0023055854354779863 1.0093227188335143 0.0044160882793589625 -0.01231919007560439 0.00018001260493294427 -0.0081670913535846195 0.0042497111631251147 0.00066131047360273875 0.0001555893100831929 -0.0011255014511656889 0.82269558593606062 1.5797395262487191 0.0029905544669035391 -0.0011322000986333511 0.0012157485741215621 0.0012476374437171377 -2.9589738285207275e-05 -0.00033516264136818069 8.2871783934290746e-05 0.0015232374107760906 0.0018771458042533328 0.0018543353002469594 0.0006504651686178865 -0.0020518778484471807 -0.0012374769922743332 0.001106795239328753 0.0026868528537014051 0.0059396194887574314 0.0019755226363774585
decision_type=2 2 2 2 2 2 2 2 2 2 2 2 2 2 2 2 2 2 2 2 2 2 2 2 2 2 2 2 2 2
left_child=1 8 3 5 -5 -3 -4 -8 9 14 13 -12 -11 -10 -1 23 17 18 -17 -19 22 -22 -18 27 26 -26 -25 28 -2 -29
right_child=15 2 6 4 -6 -7 7 -9 10 12 11 -13 -14 -15 -16 16 20 19 -20 -21 21 -23 -24 24 25 -27 -28 29 -30 -31
leaf_value=1.7454827703181049e-05 -3.2318134110703762e-05 0.051725519207473349 -0.036478811722227007 0.02588801883430461 -0.11658998133044905 -0.010156511814482495 0.10962828509205752 0.013594795127472099 -0.085084693745079973 0.017314458689793866 0.013143473189405362 -0.02521053149624862 0.10705158255468117 0.012778687138332957 -0.0089410426888135042 0.017433319277105515 0.0057017527150819147 -0.078110975508730668 0.099094009472574462 0.010374382532846402 -0.0091083452162070075 0.0014873883737689497 -0.0012049831533333254 -0.017530391242118745 0.030622127110799719 -0.0055091451682889063 -0.10527730765472879 0.034233039542929673 -0.049875838118364824 0.0023970393667537299
leaf_weight=2125.7628443166614 12287.182379722595 21.613203287124634 4.6772087365388897 4.9100470393896103 7.9320621192455274 30.776854366064072 11.150041610002519 6.4295324236154547 15.66014286875725 106.56834171712399 61.531437203288078 70.857961297035217 5.4752676784992209 5.7917062342166892 542.75008587539196 70.976690471172333 1867.4497768580914 7.9879761934280387 21.699833989143372 114.88226039707661 816.28889797627926 1268.5885733515024 1419.3518560379744 13.183416754007341 36.823211193084717 894.49330273270607 6.2238414436578742 61.776336893439293 26.542045101523399 173.30552241206169
leaf_count=8617 49254 88 20 21 34 124 45 26 64 429 248 285 22 24 2185 285 7506 32 87 461 3278 5118 5723 53 148 3594 25 248 107 697
internal_value=-2.73014e-07 -0.00114947 0.0131083 0.00011775 -0.062115 0.0153725 0.0511821 0.0745051 -0.00157456 -0.000857504 -0.0145348 -0.0073845 0.0216997 -0.0586629 -0.00180462 0.000181672 0.00131458 0.0183513 0.0365538 0.00462182 0.000630954 -0.00266114 0.00271919 -0.000287219 -0.00492954 -0.00408056 -0.0456705 6.44927e-05 -0.000139755 0.0107631
internal_weight=22108.6 3021.89 87.4889 65.2322 12.8421 52.3901 22.2568 17.5796 2934.4 2780.56 153.841 132.389 112.044 21.4518 2668.51 19086.8 5587.23 215.547 92.6765 122.87 5371.68 2084.88 3286.8 13499.5 950.724 931.317 19.4073 12548.8 12313.7 235.082
internal_count=88848 12232 358 267 55 212 91 71 11874 11253 621 533 451 88 10802 76616 22490 865 372 493 21625 8396 13229 54126 3820 3742 78 50306 49361 945
is_linear=0
shrinkage=0.1


Tree=90
num_leaves=30
num_cat=0
split_feature=3 3 4 3 3 1 3 0 0 2 4 4 4 4 0 2 4 2 0 3 1 4 2 0 2 4 2 3 1
split_gain=0.477262 2.50843 3.59009 4.44729 4.66847 4.07746 3.78303 2.19856 6.43179 5.74559 4.77767 7.70989 4.01894 3.59041 2.96639 4.15956 6.65643 4.55315 2.55851 5.90329 3.81976 1.88761 5.93139 7.14565 5.32782 3.7557 5.08643 2.42795 1.05881
threshold=-0.0014550185519664469 -0.0011322000986333511 -0.004814787544376308 -0.0013869197778036411 -0.0012944539201574232 0.0037110313760568034 -0.0011832839499039125 -0.00011766438071253436 -6.0506568328011483e-05 2.2714700213947157 -0.0044039291578579212 -0.0053173504186962419 -0.0028203862558675015 -0.0010118864270065029 -0.0012308152774623824 1.5304403272044369 -0.0020057768249968628 0.99019042448620198 -0.001059338818435118 -0.0051176797415536926 0.0012253865146655246 -0.0010633312065595477 2.2714700213947157 -8.7831013300121427e-05 1.0325790638652308 -0.00096192786729815117 0.86359435112196503 -0.0009941770853768015 0.0044160882793589625
decision_type=2 2 2 2 2 2 2 2 2 2 2 2 2 2 2 2 2 2 2 2 2 2 2 2 2 2 2 2 2
left_child=7 2 3 -2 -5 6 -4 14 10 13 11 -9 -12 -10 15 17 -17 -1 19 -16 -20 22 24 -24 -3 26 -23 -27 -7
right_child=1 21 5 4 -6 28 -8 8 9 -11 12 -13 -14 -15 18 16 -18 -19 20 -21 -22 25 23 -25 -26 27 -28 -29 -30
leaf_value=0.0067599841480508339 -0.034617237189985633 -0.0050007896155353157 0.0017607890828976532 0.10229210322807961 0.018774160872652771 -0.07527711952438608 0.018501327399945335 0.027347313084156138 0.0034734100653736871 0.088444411708889684 0.085746465849146095 -0.12212524235354012 0.027738786669073791 -0.0095219120671562688 0.034152375516754409 0.0051779732854532008 0.049344011303289595 -0.0092917541355937595 -0.0087483600992605704 -0.023405620908322634 0.001955273465826583 -0.004452449433359487 -0.0040543735020985563 -0.10376644490163014 0.0041259837941560462 0.010019221141443824 0.02328312050683699 2.9123420629961501e-06 -0.017589717117830972
leaf_weight=324.84733334183693 6.9029830992221823 1907.4664183557034 736.15002001821995 11.884052306413651 15.322008103132248 7.6703767478466016 165.30143143236637 11.196586027741434 772.21159745752811 7.3784571737051001 15.864953622221945 4.9882422536611548 48.323699727654457 293.3743389248848 20.124816238880157 173.25508408248425 42.493990823626518 387.51675136387348 748.44891992211342 155.51890425384045 601.23304106295109 111.50720344483852 16.618729338049892 12.663428217172621 962.2795402854681 246.22167773544788 162.44913034141064 14132.587136670947 5.4369078278541565
leaf_count=1320 28 7668 2961 48 62 31 665 46 3124 30 64 20 194 1181 82 707 171 1572 3013 626 2426 447 67 51 3864 988 651 56719 22
internal_value=-3.02154e-07 0.000204852 0.00521342 0.0370676 0.0552562 0.0040254 0.00483054 -0.00105261 0.00254836 0.000504496 0.0298334 -0.0187209 0.042076 -0.000104428 -0.00274539 0.00171228 0.0138769 -0.00197195 -0.00545774 -0.0168108 -0.00398029 -6.58597e-05 -0.00239732 -0.0471761 -0.00194041 0.000395417 0.011994 0.000174431 -0.0513484
internal_weight=22107.2 18500.5 948.668 34.109 27.2061 914.559 901.451 3606.78 1153.34 1072.96 80.3735 16.1848 64.1887 1065.59 2453.44 928.113 215.749 712.364 1525.33 175.644 1349.68 17551.8 2899.03 29.2822 2869.75 14652.8 273.956 14378.8 13.1073
internal_count=88848 74272 3817 138 110 3679 3626 14576 4659 4335 324 66 258 4305 9917 3770 878 2892 6147 708 5439 70455 11650 118 11532 58805 1098 57707 53
is_linear=0
shrinkage=0.1


Tree=91
num_leaves=25
num_cat=0
split_feature=3 3 4 0 3 0 4 2 1 1 1 3 4 4 2 1 1 3 2 4 4 4 2 4
split_gain=0.452869 2.66393 6.6279 4.52028 4.05193 9.03627 3.62127 2.9336 2.80364 6.67927 4.06347 2.61371 5.878 6.81649 6.46803 4.27701 3.61317 2.50946 8.49219 7.84289 2.15798 1.11139 4.7566 2.22149
threshold=-0.0023023759970827169 -0.0028041770288634855 0.0059396194887574314 -0.0030594646147519828 -0.0029121203257060908 -0.0016966862277502657 -0.0039398167128151798 1.2626167367532266 0.0007728935202631213 0.00072711940266448978 0.00080171733877902054 -0.0020524741564634237 0.00024766779493112795 0.00055073915787984273 2.1741640703997693 0.0035735754701764467 0.0025762711975570525 -0.0019475263033816856 0.4551086110316464 -0.0060141569588132984 -0.0026146536079550971 -0.0081670913535846195 1.2765230027419798 -0.0040845858333763965
decision_type=2 2 2 2 2 2 2 2 2 2 2 2 2 2 2 2 2 2 2 2 2 2 2 2
left_child=1 4 3 -3 8 7 -5 -6 9 -1 -10 12 14 -14 15 -2 -15 18 -13 -20 -7 22 -19 -23
right_child=11 2 -4 6 5 20 -8 -9 10 -11 -12 17 13 16 -16 -17 -18 21 19 -21 -22 23 -24 -25
leaf_value=0.0054395608267144915 0.0038736637353221494 0.072672465868850095 -0.10763748096174582 -0.023207409300064472 0.145256085460092 0.024302228511244424 -0.0028910926938869948 0.045223524395762611 -0.078011720259779843 0.098752268854490247 -0.0010396744812839517 0.096786551658372397 0.12959383955332815 0.0060640971625864504 0.1117208989195197 -0.065095465373780512 0.07520603058248608 -0.0045906558354239383 0.088347598792123838 -0.021034105275544418 -0.010156370245157984 0.0077715642938528395 -0.09683453698492045 -3.0360225367797127e-06
leaf_weight=42.621248871088028 284.99850803613663 7.1383794993162146 6.5426812022924414 113.23674435913563 6.8435516059398633 40.15043830871582 389.56595201790333 5.1287988871335983 6.8924835920333853 9.3545427918434125 1392.001867108047 6.8888153135776511 7.4750028550624839 27.449345529079437 5.4420431703329077 9.2843907326459867 10.429718360304831 69.754618555307388 6.8370575308799735 159.01873698830605 33.203761264681816 374.74289833009243 6.0771439522504798 19085.585102260113
leaf_count=174 1146 29 27 461 28 164 1565 21 28 38 5661 28 30 110 22 38 42 291 28 638 134 1517 25 76603
internal_value=-2.54885e-07 -0.00141496 -0.00762788 -0.00634473 0.000673888 0.0218516 -0.00746655 0.102403 -0.000571588 0.0222339 -0.00141892 0.000144551 0.00877235 0.0423236 0.00369541 0.00169774 0.0251018 -6.51163e-06 -0.0120064 -0.0165251 0.00870455 9.95947e-05 -0.0119831 0.000146678
internal_weight=22106.7 2052.68 516.484 509.941 1536.2 85.3266 502.803 11.9724 1450.87 51.9758 1398.89 20054 345.079 45.3541 299.725 294.283 37.8791 19708.9 172.745 165.856 73.3542 19536.2 75.8318 19460.3
internal_count=88848 8330 2082 2055 6248 347 2026 49 5901 212 5689 80518 1388 182 1206 1184 152 79130 694 666 298 78436 316 78120
is_linear=0
shrinkage=0.1


Tree=92
num_leaves=20
num_cat=0
split_feature=2 3 0 0 4 3 0 3 1 3 2 0 2 4 0 3 4 1 2
split_gain=0.42893 2.47281 1.8234 5.14241 3.95673 3.86141 3.65754 5.67165 3.81006 0.717329 2.4654 2.21568 2.07246 1.31269 2.64723 3.38593 1.95708 5.90285 1.29093
threshold=1.9289709199555782 0.012229627537501788 -0.0002052895105776886 -0.00068548437998633405 -0.0012241304895215797 -0.0023681513053064314 1.0000000180025095e-35 -0.0010825928119822523 0.00065632171211737849 -0.011092317359267355 0.54162935639706189 0.0031326437170500214 0.76427221233947573 -0.010377681253029512 0.0037516558728288856 0.0036521821673244363 -0.0073928386550019534 0.0042207339604929828 1.8867142745535441
decision_type=2 2 2 2 2 2 2 2 2 2 2 2 2 2 2 2 2 2 2
left_child=9 2 3 4 -2 -5 8 -8 -4 10 -1 12 -12 14 15 -11 17 -15 -18
right_child=1 -3 6 5 -6 -7 7 -9 -10 13 11 -13 -14 16 -16 -17 18 -19 -20
leaf_value=0.041073655953728361 0.002597688442596583 0.057300536649652178 -0.00086463495823340926 -0.051942302047649394 -0.028488912415236673 0.023814142568458332 0.048934373834102179 -0.0057890706275865005 -0.047143717094816261 0.0078502719597758116 -0.054779518338089944 0.048990855828898561 -0.011250224723287067 -0.0025055732780057782 -0.051678339595326001 0.073332178775289775 9.8431076523420718e-05 -0.047359836179744777 0.012590883573232681
leaf_weight=8.5416693538427335 130.79313024878502 6.8981105983257285 31.014584064483643 7.1549093276262274 59.601905733346939 112.8502285182476 19.966597959399223 368.08396990597248 41.718353986740112 168.84789188206196 14.064519345760344 4.8820710629224768 49.196171596646309 203.26145524531603 7.0252283364534369 8.2839149534702283 20746.242027968168 34.289055719971657 83.050296649336815
leaf_count=35 532 28 125 29 240 453 81 1485 168 689 59 20 205 834 30 35 83317 148 335
internal_value=-1.8085e-07 -0.0023064 -0.00283957 0.00308491 -0.00713377 0.0192974 -0.00683051 -0.00297335 -0.0274095 8.39551e-05 -0.00957041 -0.0159186 -0.0209279 0.000118793 0.00852494 0.0109127 4.53101e-05 -0.00898003 0.000148241
internal_weight=22105.8 778.082 771.184 310.4 190.395 120.005 460.784 388.051 72.7329 21327.7 76.6844 68.1428 63.2607 21251 184.157 177.132 21066.8 237.551 20829.3
internal_count=88848 3141 3113 1254 772 482 1859 1566 293 85707 319 284 264 85388 754 724 84634 982 83652
is_linear=0
shrinkage=0.1


Tree=93
num_leaves=27
num_cat=0
split_feature=4 4 3 1 2 4 2 0 1 3 2 3 4 3 0 2 0 1 4 0 0 2 3 4 3 4
split_gain=0.428115 4.65417 5.79806 4.51048 5.82865 1.94283 5.38534 4.83686 3.08855 2.03192 4.28489 3.14531 1.91999 4.37142 8.1427 7.92165 3.86817 7.28315 2.70021 4.10897 3.08858 2.44682 1.95179 1.33568 4.75294 2.34256
threshold=-0.00066890131469710113 -0.00073323650316253753 0.0020771959195635685 0.0026767689791863912 1.6335843181651211 -0.00075508034779636624 0.75379396329892356 -0.00071545089355534708 0.0010183291235188153 0.0017894048833546619 0.90543701035729718 0.00047776715136826914 6.0961582628915607e-05 -0.0027086949358975927 -0.0017801256158638255 1.0691780598773943 0.002758220688009128 0.0038622095248641007 7.8909426440398902e-05 0.00048420613733479728 0.00014463992905522363 1.1737326810484399 -0.0037796886774347223 9.8167481454303221e-05 -0.00059016693502988982 0.00026897687627780448
decision_type=2 2 2 2 2 2 2 2 2 2 2 2 2 2 2 2 2 2 2 2 2 2 2 2 2 2
left_child=1 5 3 4 -3 9 8 -8 -7 11 -11 -1 13 14 22 -16 17 -15 19 20 -14 -21 -2 24 -20 -25
right_child=12 2 -4 -5 -6 6 7 -9 -10 10 -12 -13 18 16 15 -17 -18 -19 23 21 -22 -23 -24 25 -26 -27
leaf_value=4.711867250119785e-06 0.013271897715806251 -0.014197621366818784 -0.11884573229293623 -0.10635763310178503 0.04250317635350153 -0.045464810977083221 -0.054923246900061701 0.039851765940421689 0.032787888864740537 -0.0034355525033219246 0.023201064132248428 -0.0076738460266805603 -0.014172174250162825 0.0030230353968532142 -0.016520200644059988 -0.10744915927944106 0.067707253753622118 -0.056198530620077493 0.062013488783436016 0.066993408252228923 -0.059611011314854301 -0.021874141671415853 0.100014390575387 -0.0052830302591800144 0.0011410418234747059 0.00014669364974320424
leaf_weight=6454.8851469755173 5.4166221469640732 231.36581681668758 5.1437660455703726 4.9281534701585761 19.671061560511589 18.434469684958461 5.961703121662139 55.654846638441086 6.9435835331678382 133.0012464672327 110.62367476522923 581.52245886623859 52.112500548362732 3371.8784582614899 32.737684801220894 13.545129150152205 9.1663584262132627 20.895017430186272 15.677983343601225 8.2055438905954343 20.981976956129074 4.9777387380599967 4.9778657406568509 863.28997509181499 70.533872470259666 9982.3586888760328
leaf_count=26008 22 927 21 20 79 74 24 223 28 540 448 2337 209 13518 132 55 37 85 63 33 84 20 20 3461 283 40097
internal_value=-2.54527e-07 -0.00060652 -0.0137269 -0.0116145 -0.00975459 -0.000141494 0.0147142 0.0306818 -0.0240544 -0.000319016 0.00865944 -0.000629881 0.000319201 0.0023747 -0.0251688 -0.0431315 0.00283358 0.00265831 -0.000326024 -0.0179475 -0.0272155 0.0334388 0.0548124 -0.00018695 0.0122109 -0.000285501
internal_weight=22104.9 7628.14 261.109 255.965 251.037 7367.03 86.9946 61.6165 25.3781 7280.03 243.625 7036.41 14476.8 3458.62 56.6773 46.2828 3401.94 3392.77 11018.1 86.2778 73.0945 13.1833 10.3945 10931.9 86.2119 10845.6
internal_count=88848 30729 1047 1026 1006 29682 349 247 102 29333 988 28345 58119 13869 229 187 13640 13603 44250 346 293 53 42 43904 346 43558
is_linear=0
shrinkage=0.1


Tree=94
num_leaves=28
num_cat=0
split_feature=3 0 1 1 3 2 4 1 2 4 2 2 1 1 3 4 0 1 2 0 0 3 1 0 3 0 2
split_gain=0.413357 2.58173 4.07164 4.70235 2.63834 2.28304 2.20688 4.71988 4.97436 7.34765 4.56801 8.68264 4.04277 2.718 4.13287 3.73594 3.662 3.19542 3.01023 2.1818 5.86619 5.15333 3.68097 2.39794 5.18743 1.81282 1.76342
threshold=-0.00041368805668107184 -0.0017801256158638255 0.0017713960455321826 0.0029905544669035391 0.0033324228907926083 1.3787440156920019 0.0024425876524551975 0.0016667921156526769 0.93866981403825966 0.0051587874840919321 1.2310884345462558 1.1035777553025208 0.0040099366249021461 0.0013386358910376578 -0.00042747973693646463 0.0023272896330756025 -0.0003781196005159248 0.0013627271413834243 0.70482778278925096 -0.00083240766470260563 -0.00085134284909171843 -0.0003587911999256565 0.001485883171810863 -0.00071545089355534708 -0.00031959710922691004 -0.00068548437998633405 1.3873281859668349
decision_type=2 2 2 2 2 2 2 2 2 2 2 2 2 2 2 2 2 2 2 2 2 2 2 2 2 2 2
left_child=6 2 -2 5 -5 -4 13 10 9 -9 11 -8 -10 14 18 17 -16 -15 -1 20 21 -3 -22 24 -21 -25 -12
right_child=1 19 3 4 -6 -7 7 8 12 -11 26 -13 -14 15 16 -17 -18 -19 -20 23 22 -23 -24 25 -26 -27 -28
leaf_value=0.0028954112129642561 0.071948050263995492 0.057609707654542874 -0.027932903804375221 0.0096363629380778158 -0.01972210123128966 -0.091438844130042121 -0.02736356802436913 -0.038907355571638096 0.034956480906596275 0.012904544288375586 -0.12813805835725575 0.097233896692948518 -0.012462475682276644 0.023105598053981203 0.018785797887090602 0.064461687514222973 -0.036756834689052671 0.0014912572213548068 -0.0027721209759346711 0.045143237117400453 0.06997941215677804 0.0023994879760950959 0.00020883724866056991 0.015760620765461596 -0.014584657458300726 0.00029091339911060433 -0.045825234458107371
leaf_weight=1265.5196565389633 5.7939611822366706 17.375647321343422 67.314087584614754 79.934374749660492 49.606180042028427 6.1806585043668738 86.204044684767723 56.144984677433968 53.662620097398758 53.407177835702896 5.4848677515983564 5.9808910042047492 27.038534432649612 70.18221689760685 14.944941312074659 9.6216556429862958 57.700539201498032 2690.7219833880663 3611.8239465355873 15.680209100246428 22.531287506222725 625.88620738685131 11.381343483924864 76.198223948478699 200.16572915017605 12912.579273700714 4.9529553204774857
leaf_count=5099 24 70 273 329 205 25 347 226 216 218 22 24 111 283 60 39 231 10884 14493 63 91 2521 46 306 804 51818 20
internal_value=-2.83034e-07 0.000325831 -0.0107103 -0.0130691 -0.00160615 -0.0332735 -0.000573718 -0.00909417 0.000229335 -0.0136488 -0.0263791 -0.0192798 0.019069 -0.000250496 -0.00165422 0.00225747 -0.0253304 0.00204069 -0.00130157 0.000491852 0.00602786 0.00389081 0.0465639 0.000207948 -0.0102457 0.000381666 -0.089079
internal_weight=22104 14090.6 208.829 203.035 129.541 73.4947 8013.39 292.876 190.253 109.552 102.623 92.1849 80.7012 7720.51 4949.99 2770.53 72.6455 2760.9 4877.34 13881.8 677.174 643.262 33.9126 13204.6 215.846 12988.8 10.4378
internal_count=88848 56575 856 832 534 298 32273 1184 771 444 413 371 327 31089 19883 11206 291 11167 19592 55719 2728 2591 137 52991 867 52124 42
is_linear=0
shrinkage=0.1


Tree=95
num_leaves=30
num_cat=0
split_feature=4 4 3 0 0 2 2 1 2 2 2 1 0 0 1 0 3 3 2 2 1 2 1 0 4 3 2 1 4
split_gain=0.450703 3.93122 4.0781 4.15714 4.15523 3.73311 3.09383 4.65069 2.78852 1.68032 3.62303 4.11532 1.74188 1.74181 6.38863 6.1082 1.48165 3.05308 5.22188 6.35661 4.98315 3.04119 4.39317 4.25179 2.82467 2.65345 2.75477 1.96708 1.78609
threshold=0.0018164121651289558 0.0018940660110935428 0.00057048141598725632 -0.0002052895105776886 -2.9589738285207275e-05 0.75379396329892356 0.69319147285260951 0.00049959862043185593 0.75730189049381191 0.30073310923073965 0.23225938216737593 0.0020563293927461099 -0.00065509208642233741 0.00057475824394515051 0.0013873217647221421 0.00045700706078555259 0.0042497111631251147 0.0020289659646983709 0.89916308220283592 1.2310884345462558 0.00053799786925200254 1.3519930665081781 0.0032383230344673005 -0.00069981876889407813 0.00076621970538448558 0.0014285696400184735 0.92868868835168972 0.0026767689791863912 0.0012506769847907553
decision_type=2 2 2 2 2 2 2 2 2 2 2 2 2 2 2 2 2 2 2 2 2 2 2 2 2 2 2 2 2
left_child=16 2 3 5 -5 -2 7 -4 -8 10 12 -12 -3 15 -15 -11 17 25 20 -20 -19 22 23 -18 -24 28 -27 -23 -1
right_child=1 9 6 4 -6 -7 8 -9 -10 13 11 -13 -14 14 -16 -17 21 18 19 -21 -22 27 24 -25 -26 26 -28 -29 -30
leaf_value=0.00014786275816880333 0.021835159685988724 0.045574624181976602 -0.02364328723595889 0.086128980382576367 -0.0012295130478212775 -0.073542505600221006 -0.052170760851314717 0.087886946499664331 0.023299481757865399 0.00021236022513893631 0.057436854622511996 -0.016965779963383193 -0.022647825718238129 -0.012526970552398382 0.0014746555559998419 0.018233174948384175 0.030002544731961185 0.040319951812474907 0.026852634916506152 -0.0014315154170305294 -0.0073576126028740453 0.079854352661820879 0.021147797430786777 -0.048310367770060675 -0.050642556070099369 0.00011672826674255759 -0.01241556495174017 -0.003480750773219945 -0.0038976447480853133
leaf_weight=15224.831730857491 5.960782170295718 4.4826326221227673 4.8845232725143459 6.47884577512741 34.116097986698151 13.172053456306456 5.1894380748271933 15.93949358165264 86.517101287841797 2250.3034678548574 26.694874241948128 10.303386867046354 22.667344748973846 456.13460157811642 1141.1246564090252 205.24453404545784 8.1667550057172758 23.984389424324036 195.20733077824116 134.0040113478899 254.90964616835117 5.4586738944053632 30.413555398583412 45.881089940667152 6.6854551136493674 336.44865468144417 366.42211286723614 5.8874015659093857 1175.5990277528763
leaf_count=61181 24 20 20 26 137 53 21 64 347 9053 108 43 94 1832 4594 825 33 97 784 540 1026 22 127 185 27 1353 1472 24 4716
internal_value=-2.09517e-07 0.000920048 0.0157204 -0.00539918 0.0127127 -0.0438279 0.0269301 0.0617262 0.0190288 0.000300783 0.0163589 0.036717 -0.0113839 4.66135e-05 -0.00252384 0.00171861 -0.000221788 -0.000152411 0.00681054 0.0153397 -0.00325743 -0.0122105 -0.018288 -0.0364771 0.00821076 -0.000399978 -0.00641663 0.0366123 -0.000142123
internal_weight=22103.1 4289.21 172.258 59.7278 40.5949 19.1328 112.531 20.824 91.7065 4116.96 64.1482 36.9983 27.15 4052.81 1597.26 2455.55 17813.9 17711.4 608.105 329.211 278.894 102.493 91.1469 54.0478 37.099 17103.3 702.871 11.3461 16400.4
internal_count=88848 17261 692 240 163 77 452 84 368 16569 265 151 114 16304 6426 9878 71587 71169 2447 1324 1123 418 372 218 154 68722 2825 46 65897
is_linear=0
shrinkage=0.1


Tree=96
num_leaves=29
num_cat=0
split_feature=1 1 3 2 0 0 2 3 2 0 1 3 3 4 1 4 3 3 3 3 3 1 4 4 0 1 2 3
split_gain=0.414194 4.25079 4.96371 4.62061 4.22194 5.67957 6.26704 6.09732 3.55854 4.08224 3.39726 5.22598 5.07458 4.3039 3.36558 3.30257 10.9411 2.60137 2.37827 4.42453 2.06265 1.48493 4.67848 6.42169 4.66131 3.40981 8.61701 1.11414
threshold=0.00085945186666748215 0.00088118478178873685 -0.0012098701286516465 1.3279082704317551 -0.00083240766470260563 -0.00090086025852159624 0.34875881401126035 0.0005103759264387665 1.6545347044469458 0.00077968153348595426 0.00080171733877902054 0.0022448803385971554 0.0020771959195635685 0.0031563709476003514 0.00087302928380995394 0.0024425876524551975 0.00047776715136826914 0.0010537241738654004 0.00011711316310125676 -0.0012944539201574232 0.00040888447771247899 0.0010319621622354059 0.00060593357469185271 0.0015393484430434869 0.00081660198414501572 0.0010412829261255373 1.6545347044469458 -0.0016309254606472476
decision_type=2 2 2 2 2 2 2 2 2 2 2 2 2 2 2 2 2 2 2 2 2 2 2 2 2 2 2 2
left_child=4 2 3 14 5 6 -1 -8 9 -4 15 12 -12 -13 -2 17 -17 -6 19 -7 -10 22 24 -24 -3 26 -23 -27
right_child=1 21 8 -5 10 18 7 -9 20 -11 11 13 -14 -15 -16 16 -18 -19 -20 -21 -22 25 23 -25 -26 27 -28 -29
leaf_value=-0.076902831482765444 -0.052126728080145728 0.002847274598789252 -0.0069777860133992111 -0.13021784059889502 -8.8623038236401128e-05 0.020818366156503211 0.0060379083697809626 0.095445931723238273 -0.018946588242280526 0.050597792863085578 0.0074784655026620614 -0.058526412275136636 0.074507269304129847 0.012655498256916087 0.012647890596388104 -0.024466463879826972 0.015352073506298358 -0.0055356054270145061 0.003824020863740109 0.11636275875692739 -0.088305964777239704 0.010623370474559794 -0.020374351975141872 -0.0011664933748159307 -0.027865538383286155 -0.0016568054747542801 0.12478427690542182 0.00084617711462540686
leaf_weight=7.9825140684843054 25.396814376115799 1038.6497617065907 185.64350190758705 5.457002416253089 8371.8504435867071 8.2020919770002401 66.51098844408989 8.6156227588653547 9.4398637115955371 13.189587026834486 710.40180879831314 21.706207439303398 11.477234020829199 13.955261588096617 11.724495977163313 84.570444837212563 374.96958895027637 979.34559932351112 5.6500101983547202 11.848228096961975 7.8556674420833579 79.055272743105888 293.85159255564213 426.95430982112885 51.884655565023422 2399.6308172941208 7.2152840346097937 6869.2060928493738
leaf_count=33 102 4167 744 22 33565 34 271 35 38 53 2849 87 46 56 47 340 1508 3935 23 48 32 317 1178 1713 208 9722 29 27646
internal_value=-1.75301e-07 -0.00041866 -0.013091 -0.0442986 0.000447629 0.020045 0.00734017 0.0162913 -0.00694296 -0.00315851 0.000245857 0.00669809 0.00854416 -0.0306711 -0.0316681 -0.000252355 0.00802416 -0.000659082 0.0611297 0.0772779 -0.0504498 -0.000125064 -0.00274578 -0.00899698 0.00138604 0.000382361 0.0201713 0.000198174
internal_weight=22102.2 11425.2 258.707 42.5783 10677.1 108.809 83.1091 75.1266 216.129 198.833 10568.3 757.541 721.879 35.6615 37.1213 9810.74 459.54 9351.2 25.7003 20.0503 17.2955 11166.4 1811.34 720.806 1090.53 9355.11 86.2706 9268.84
internal_count=88848 46018 1038 171 42830 444 339 306 867 797 42386 3038 2895 143 149 39348 1848 37500 105 82 70 44980 7266 2891 4375 37714 346 37368
is_linear=0
shrinkage=0.1


Tree=97
num_leaves=27
num_cat=0
split_feature=1 0 3 0 0 0 1 0 3 0 4 0 1 4 2 0 0 4 3 0 0 2 0 2 2 1
split_gain=0.413543 4.5242 3.81826 3.56185 7.22266 3.51786 3.22283 3.14734 3.0604 6.38386 3.69164 2.12795 1.57705 3.43107 3.68332 3.52587 3.38616 6.6118 5.36419 1.33233 7.35483 8.7818 5.55682 10.4155 2.36825 2.33459
threshold=0.00037001496326699031 0.00036988077543109737 0.0012522003021081531 -0.0002052895105776886 -0.00012400916452337538 -0.00046942856886306167 0.00035143887026177538 0.00010960405609050651 -0.00017712746473619309 0.00074524968478306708 0.0026220154444025483 -0.00021253737829490801 0.00039133917944540541 0.00028764971596006999 1.6143224399079572 0.00026668800189655345 1.0000000180025095e-35 0.00044232750363981671 0.0010537241738654004 0.00011763667921826927 0.00015955042267878919 0.66071841188512759 3.7744905289627269e-05 1.6335843181651211 0.92868868835168972 0.00086609015523160537
decision_type=2 2 2 2 2 2 2 2 2 2 2 2 2 2 2 2 2 2 2 2 2 2 2 2 2 2
left_child=1 2 3 11 -5 -4 8 -7 9 -3 -10 -1 13 14 15 -2 18 -18 -15 22 21 -21 24 -24 -14 -22
right_child=12 6 5 4 -6 7 -8 -9 10 -11 -12 -13 19 16 -16 -17 17 -19 -20 20 25 -23 23 -25 -26 -27
leaf_value=0.010190195725097488 0.0038908419076780446 0.033051184492872442 -0.0883576375754727 -0.013968305670919515 0.003684334392145848 0.0031359922358551347 -0.082252299629498621 -0.032019189061436408 -0.030005169090826261 -0.069751519596929545 0.034445939781322363 0.041699293316282401 0.0015084681637803998 -0.050257207439262624 0.08273583401285621 -0.038431210152190927 -0.074675008299843207 0.0066160336911180078 0.027875787281107085 -0.016939397623343257 0.002523950044241208 0.020672959808740857 -0.011250044755457491 0.039119666652694167 -0.0015980983636914557 -0.0010375369923737528
leaf_weight=331.87116518616676 177.41835805773735 28.737769290804863 6.3354697078466407 266.82879494130611 1764.6065236032009 60.682722017168999 7.1069384813308707 43.881675556302071 80.559295237064362 7.6481129229068747 9.9890358299016935 22.913120150566101 4688.6894470378757 50.325950399041176 5.4210515171289435 22.141531363129616 11.727435410022734 68.138490557670593 10.645616725087164 75.857333213090897 2854.1354247927666 341.68264803290367 788.72300171852112 43.306933879852295 5148.6284054964781 5182.8022593408823
leaf_count=1336 711 116 26 1070 7075 246 29 178 330 33 41 92 18871 202 22 89 47 274 43 305 11439 1371 3163 174 20713 20852
internal_value=-1.44017e-07 0.00117655 0.00213726 0.00298026 0.00136566 -0.0160013 -0.0167212 -0.0116173 -0.0130521 0.0114426 -0.0228951 0.0122252 -0.000159164 -0.00685195 0.0014045 -0.000804866 -0.0188687 -0.00532066 -0.0366152 -3.81373e-05 0.000899519 0.0138397 -0.000781144 -0.00862831 -0.000117438 0.000227244
internal_weight=22100.8 2631.16 2497.12 2386.22 2031.44 110.9 134.041 104.564 126.934 36.3859 90.5483 354.784 19469.6 345.818 204.981 199.56 140.837 79.8659 60.9716 19123.8 8454.48 417.54 10669.3 832.03 9837.32 8036.94
internal_count=88848 10572 10023 9573 8145 450 549 424 520 149 371 1428 78276 1388 822 800 566 321 245 76888 33967 1676 42921 3337 39584 32291
is_linear=0
shrinkage=0.1


Tree=98
num_leaves=20
num_cat=0
split_feature=2 3 1 1 4 0 0 4 3 1 1 2 0 4 2 1 2 2 1
split_gain=0.399097 2.01191 1.73706 2.05208 1.86529 0.586755 3.89942 4.44264 3.79264 3.64079 3.4169 6.07727 3.35266 5.20625 3.33222 2.25994 1.29205 4.16933 1.68567
threshold=1.9289709199555782 0.012229627537501788 0.0081590560830335866 0.0066926180643305348 0.0047223389702929506 0.00045700706078555259 0.00037803305954586813 0.0095804122675133847 -0.0014550185519664469 0.00044812906116958087 0.00035803014666414704 1.3433440730372004 0.00057475824394515051 0.0022704421361249287 1.3203382951061429 0.0016141269212459218 1.6335843181651211 1.6545347044469458 0.001792273812377925
decision_type=2 2 2 2 2 2 2 2 2 2 2 2 2 2 2 2 2 2 2
left_child=5 2 3 4 -2 6 16 8 -8 10 11 -7 13 -11 -12 -14 18 -18 -1
right_child=1 -3 -4 -5 -6 9 7 -9 -10 12 14 -13 15 -15 -16 -17 17 -19 -20
leaf_value=0.00038049365152186519 -0.0014214594556368112 0.051682202551048731 0.041482531373744774 -0.050414202453269434 -0.02289652097129638 -0.011873540804185165 0.017792044649372143 -0.090656011644737078 -0.0086973831237848204 0.0034800058338890038 -0.029153689583359989 0.10267242795078489 -0.002087910180855483 0.023723844616305622 -0.11422736556112648 0.0027031945759354433 0.030808264681932956 0.0019686390660884879 -0.0026681120524071397
leaf_weight=12997.831667974591 709.81214256584644 6.8620505034923545 8.7945743054151517 9.1016829162836057 42.890125691890717 81.650219962000847 58.751649409532547 6.3387810289859763 675.43144933879375 704.64431437849998 29.639163225889206 4.9103418290615073 2028.709475710988 154.98111188411713 5.4507957249879828 1912.7896213829517 55.752295330166817 496.98306162655354 2107.8484861254692
leaf_count=52160 2867 28 36 37 173 338 237 26 2709 2825 120 20 8142 624 22 7716 224 2006 8538
internal_value=-2.18711e-07 -0.0022257 -0.00270574 -0.00321586 -0.00264514 8.09296e-05 -0.000206489 -0.00729732 -0.00657762 0.00103839 -0.0160463 -0.00537566 0.00147128 0.00712975 -0.0423688 0.000237189 0.000128853 0.00487758 -4.49092e-05
internal_weight=22099.2 777.461 770.599 761.804 752.702 21321.7 16398.9 740.522 734.183 4922.78 121.651 86.5606 4801.12 859.625 35.09 3941.5 15658.4 552.735 15105.7
internal_count=88848 3141 3113 3077 3040 85707 65900 2972 2946 19807 500 358 19307 3449 142 15858 62928 2230 60698
is_linear=0
shrinkage=0.1


Tree=99
num_leaves=23
num_cat=0
split_feature=4 0 0 3 1 2 2 4 0 2 2 3 0 4 1 1 0 1 4 3 3 2
split_gain=0.391891 1.1351 2.72453 2.56125 2.47294 1.5251 1.35456 0.989383 1.92638 3.95622 7.94981 2.60128 2.53945 1.83468 6.82507 2.9729 2.44894 1.44449 1.12249 5.97073 1.9641 0.550283
threshold=0.018955880438936926 -0.0030594646147519828 -1.0000000180025095e-35 0.0052169110818741657 0.0027902733559997651 0.85461109297507465 0.59115235393616949 0.010985695010952925 0.0012705467811210405 0.72269016407542075 0.81020517619211463 0.0089286905554061286 0.0010609712533180551 0.0095804122675133847 0.0044160882793589625 0.0040099366249021461 0.0031326437170500214 0.0019537138889233786 0.0085636312539765242 0.0064550349822616324 0.0074270470293166255 0.81633478293559003
decision_type=2 2 2 2 2 2 2 2 2 2 2 2 2 2 2 2 2 2 2 2 2 2
left_child=7 21 3 -3 -4 -5 -6 13 12 11 -11 -10 17 18 15 -15 -16 -9 20 -20 -1 -2
right_child=1 2 4 5 6 -7 -8 8 9 10 -12 -13 -14 14 16 -17 -18 -19 19 -21 -22 -23
leaf_value=3.8755698714958515e-05 0.046359339397098069 0.0036127290729938023 0.067224014170258181 -0.098438696645409274 0.046355371134456466 -0.031000026389786075 -0.01145106451127725 -0.018474854969476234 -0.010907942185261062 0.11309221984602927 -0.0055146905246580931 -0.10895670593067253 0.079909920201993306 -0.02089285532331767 0.093272083992315014 -0.095364975783718109 0.0077754491176421974 0.018658871635567533 -0.0041075131820556337 0.05631801504764801 -0.01519688903833611 0.00025620725942132513
leaf_weight=21589.831347711384 5.3815593719482404 8.0422603040933609 5.1134048700332633 7.34731225669384 4.4773818105459204 6.1688710004091263 42.833981841802597 12.294736430048941 5.4204728305339795 6.2114136666059485 62.65183088183403 5.4029478132724762 6.1201363354921332 65.712151259183884 6.7428970485925657 5.8364386409521094 6.6587217897176743 70.799485877156258 63.474979504942894 22.027321025729179 84.946785420179367 4.9891303330659866
leaf_count=86776 22 33 21 30 20 25 173 50 22 25 254 22 25 266 28 24 27 292 256 89 347 21
internal_value=-2.25075e-07 -0.00680321 -0.0111463 -0.0410716 0.00115975 -0.0676593 -0.00598047 2.58426e-05 0.00765003 -0.00365 0.00518356 -0.0598529 0.0177433 -3.31054e-05 -0.0147005 -0.0269678 0.0507923 0.0131645 2.41547e-05 0.0114595 -2.09551e-05 0.02418
internal_weight=22098.5 84.3539 73.9832 21.5584 52.4248 13.5162 47.3114 22014.1 168.901 79.6867 68.8632 10.8234 89.2144 21845.2 84.9502 71.5486 13.4016 83.0942 21760.3 85.5023 21674.8 10.3707
internal_count=88848 345 302 88 214 55 193 88503 690 323 279 44 367 87813 345 290 55 342 87468 345 87123 43
is_linear=0
shrinkage=0.1


end of trees

feature_importances:
returns=524
returns_5=524
volume_ratio=513
range_pct=507
returns_10=463

parameters:
[boosting: gbdt]
[objective: binary]
[metric: binary_logloss]
[tree_learner: serial]
[device_type: cpu]
[data_sample_strategy: bagging]
[data: ]
[valid: ]
[num_iterations: 100]
[learning_rate: 0.1]
[num_leaves: 31]
[num_threads: 4]
[seed: 42]
[deterministic: 0]
[force_col_wise: 0]
[force_row_wise: 0]
[histogram_pool_size: -1]
[max_depth: 5]
[min_data_in_leaf: 20]
[min_sum_hessian_in_leaf: 0.001]
[bagging_fraction: 1]
[pos_bagging_fraction: 1]
[neg_bagging_fraction: 1]
[bagging_freq: 0]
[bagging_seed: 400]
[bagging_by_query: 0]
[feature_fraction: 1]
[feature_fraction_bynode: 1]
[feature_fraction_seed: 30056]
[extra_trees: 0]
[extra_seed: 12879]
[early_stopping_round: 0]
[early_stopping_min_delta: 0]
[first_metric_only: 0]
[max_delta_step: 0]
[lambda_l1: 0]
[lambda_l2: 0]
[linear_lambda: 0]
[min_gain_to_split: 0]
[drop_rate: 0.1]
[max_drop: 50]
[skip_drop: 0.5]
[xgboost_dart_mode: 0]
[uniform_drop: 0]
[drop_seed: 17869]
[top_rate: 0.2]
[other_rate: 0.1]
[min_data_per_group: 100]
[max_cat_threshold: 32]
[cat_l2: 10]
[cat_smooth: 10]
[max_cat_to_onehot: 4]
[top_k: 20]
[monotone_constraints: ]
[monotone_constraints_method: basic]
[monotone_penalty: 0]
[feature_contri: ]
[forcedsplits_filename: ]
[refit_decay_rate: 0.9]
[cegb_tradeoff: 1]
[cegb_penalty_split: 0]
[cegb_penalty_feature_lazy: ]
[cegb_penalty_feature_coupled: ]
[path_smooth: 0]
[interaction_constraints: ]
[verbosity: -1]
[saved_feature_importance_type: 0]
[use_quantized_grad: 0]
[num_grad_quant_bins: 4]
[quant_train_renew_leaf: 0]
[stochastic_rounding: 1]
[linear_tree: 0]
[max_bin: 255]
[max_bin_by_feature: ]
[min_data_in_bin: 3]
[bin_construct_sample_cnt: 200000]
[data_random_seed: 175]
[is_enable_sparse: 1]
[enable_bundle: 1]
[use_missing: 1]
[zero_as_missing: 0]
[feature_pre_filter: 1]
[pre_partition: 0]
[two_round: 0]
[header: 0]
[label_column: ]
[weight_column: ]
[group_column: ]
[ignore_column: ]
[categorical_feature: ]
[forcedbins_filename: ]
[precise_float_parser: 0]
[parser_config_file: ]
[objective_seed: 16083]
[num_class: 1]
[is_unbalance: 0]
[scale_pos_weight: 1]
[sigmoid: 1]
[boost_from_average: 1]
[reg_sqrt: 0]
[alpha: 0.9]
[fair_c: 1]
[poisson_max_delta_step: 0.7]
[tweedie_variance_power: 1.5]
[lambdarank_truncation_level: 30]
[lambdarank_norm: 1]
[label_gain: ]
[lambdarank_position_bias_regularization: 0]
[eval_at: ]
[multi_error_top_k: 1]
[auc_mu_weights: ]
[num_machines: 1]
[local_listen_port: 12400]
[time_out: 120]
[machine_list_filename: ]
[machines: ]
[gpu_platform_id: -1]
[gpu_device_id: -1]
[gpu_use_dp: 0]
[num_gpu: 1]

end of parameters

pandas_categorical:[]
